// 4.24.2 0x9d398189 D2 AY R1 FARGB8888 U565 N0 SExtFlashSection
// Generated by imageconverter. Please, do not edit!

#include <touchgfx/hal/Config.hpp>

LOCATION_PRAGMA("ExtFlashSection")
KEEP extern const unsigned char image_background_results2[] LOCATION_ATTRIBUTE("ExtFlashSection") = { // 144x153 ARGB8888 pixels.
    0x00, 0x00, 0x00, 0x00, 0x00, 0x00, 0x00, 0x00, 0x00, 0x00, 0x00, 0x00,
    0x10, 0x08, 0x00, 0x14, 0x38, 0x18, 0x00, 0x86, 0x48, 0x24, 0x00, 0xcb,
    0x50, 0x24, 0x00, 0xef, 0x48, 0x20, 0x08, 0xff, 0x48, 0x24, 0x00, 0xff,
    0x48, 0x24, 0x00, 0xff, 0x50, 0x24, 0x08, 0xff, 0x48, 0x24, 0x00, 0xff,
    0x48, 0x24, 0x00, 0xff, 0x50, 0x20, 0x08, 0xff, 0x50, 0x24, 0x08, 0xff,
    0x48, 0x24, 0x00, 0xff, 0x48, 0x20, 0x00, 0xff, 0x48, 0x24, 0x00, 0xff,
    0x50, 0x24, 0x00, 0xff, 0x48, 0x20, 0x00, 0xff, 0x48, 0x24, 0x00, 0xff,
    0x50, 0x20, 0x00, 0xff, 0x48, 0x24, 0x00, 0xff, 0x48, 0x24, 0x00, 0xff,
    0x50, 0x20, 0x00, 0xff, 0x48, 0x24, 0x00, 0xff, 0x50, 0x24, 0x00, 0xff,
    0x48, 0x20, 0x00, 0xff, 0x48, 0x24, 0x00, 0xff, 0x50, 0x24, 0x08, 0xff,
    0x48, 0x24, 0x00, 0xff, 0x48, 0x20, 0x08, 0xff, 0x48, 0x24, 0x00, 0xff,
    0x48, 0x24, 0x00, 0xff, 0x50, 0x24, 0x00, 0xff, 0x50, 0x24, 0x08, 0xff,
    0x48, 0x24, 0x08, 0xff, 0x48, 0x20, 0x00, 0xff, 0x50, 0x24, 0x00, 0xff,
    0x48, 0x24, 0x00, 0xff, 0x48, 0x24, 0x08, 0xff, 0x50, 0x24, 0x00, 0xff,
    0x48, 0x24, 0x00, 0xff, 0x48, 0x24, 0x00, 0xff, 0x50, 0x20, 0x00, 0xff,
    0x48, 0x24, 0x08, 0xff, 0x48, 0x24, 0x00, 0xff, 0x48, 0x24, 0x00, 0xff,
    0x50, 0x24, 0x00, 0xff, 0x48, 0x24, 0x00, 0xff, 0x48, 0x20, 0x08, 0xff,
    0x48, 0x24, 0x00, 0xff, 0x50, 0x20, 0x00, 0xff, 0x48, 0x24, 0x08, 0xff,
    0x48, 0x24, 0x00, 0xff, 0x48, 0x24, 0x00, 0xff, 0x48, 0x24, 0x08, 0xff,
    0x48, 0x24, 0x00, 0xff, 0x48, 0x24, 0x00, 0xff, 0x48, 0x20, 0x00, 0xff,
    0x48, 0x24, 0x00, 0xff, 0x50, 0x24, 0x00, 0xff, 0x50, 0x20, 0x00, 0xff,
    0x48, 0x24, 0x00, 0xff, 0x50, 0x20, 0x00, 0xff, 0x48, 0x24, 0x00, 0xff,
    0x48, 0x24, 0x08, 0xff, 0x50, 0x20, 0x00, 0xff, 0x48, 0x24, 0x00, 0xff,
    0x48, 0x24, 0x08, 0xff, 0x48, 0x20, 0x00, 0xff, 0x50, 0x24, 0x00, 0xff,
    0x50, 0x24, 0x08, 0xff, 0x48, 0x24, 0x00, 0xff, 0x48, 0x24, 0x00, 0xff,
    0x48, 0x24, 0x08, 0xff, 0x50, 0x24, 0x00, 0xff, 0x50, 0x24, 0x00, 0xff,
    0x48, 0x20, 0x00, 0xff, 0x48, 0x24, 0x00, 0xff, 0x48, 0x24, 0x00, 0xff,
    0x48, 0x20, 0x00, 0xff, 0x48, 0x24, 0x00, 0xff, 0x50, 0x24, 0x00, 0xff,
    0x48, 0x20, 0x00, 0xff, 0x48, 0x24, 0x08, 0xff, 0x50, 0x24, 0x00, 0xff,
    0x48, 0x24, 0x00, 0xff, 0x48, 0x24, 0x00, 0xff, 0x50, 0x24, 0x08, 0xff,
    0x48, 0x20, 0x00, 0xff, 0x48, 0x24, 0x00, 0xff, 0x48, 0x24, 0x00, 0xff,
    0x50, 0x24, 0x00, 0xff, 0x48, 0x24, 0x00, 0xff, 0x48, 0x24, 0x00, 0xff,
    0x48, 0x20, 0x08, 0xff, 0x50, 0x24, 0x00, 0xff, 0x48, 0x20, 0x00, 0xff,
    0x48, 0x24, 0x08, 0xff, 0x50, 0x24, 0x00, 0xff, 0x48, 0x20, 0x00, 0xff,
    0x48, 0x24, 0x08, 0xff, 0x50, 0x24, 0x00, 0xff, 0x48, 0x20, 0x00, 0xff,
    0x48, 0x24, 0x00, 0xff, 0x48, 0x24, 0x08, 0xff, 0x48, 0x24, 0x00, 0xff,
    0x50, 0x24, 0x08, 0xff, 0x48, 0x20, 0x08, 0xff, 0x48, 0x24, 0x00, 0xff,
    0x50, 0x24, 0x00, 0xff, 0x48, 0x20, 0x00, 0xff, 0x48, 0x24, 0x00, 0xff,
    0x48, 0x24, 0x00, 0xff, 0x48, 0x24, 0x08, 0xff, 0x48, 0x20, 0x00, 0xff,
    0x48, 0x24, 0x00, 0xff, 0x50, 0x24, 0x08, 0xff, 0x48, 0x20, 0x00, 0xff,
    0x48, 0x24, 0x00, 0xff, 0x50, 0x24, 0x00, 0xff, 0x48, 0x24, 0x00, 0xff,
    0x48, 0x20, 0x08, 0xff, 0x50, 0x24, 0x00, 0xff, 0x48, 0x24, 0x08, 0xff,
    0x50, 0x24, 0x08, 0xff, 0x48, 0x20, 0x00, 0xff, 0x48, 0x24, 0x00, 0xff,
    0x50, 0x24, 0x00, 0xff, 0x48, 0x20, 0x08, 0xff, 0x48, 0x24, 0x08, 0xff,
    0x48, 0x24, 0x00, 0xff, 0x48, 0x20, 0x00, 0xff, 0x48, 0x24, 0x00, 0xff,
    0x50, 0x24, 0x08, 0xff, 0x48, 0x20, 0x00, 0xff, 0x48, 0x24, 0x00, 0xff,
    0x48, 0x24, 0x00, 0xff, 0x48, 0x24, 0x00, 0xff, 0x48, 0x24, 0x00, 0xff,
    0x48, 0x20, 0x08, 0xff, 0x48, 0x24, 0x08, 0xff, 0x48, 0x24, 0x00, 0xff,
    0x48, 0x24, 0x00, 0xff, 0x50, 0x24, 0x08, 0xff, 0x48, 0x24, 0x00, 0xf3,
    0x48, 0x20, 0x00, 0xcb, 0x38, 0x18, 0x00, 0x7d, 0x10, 0x08, 0x00, 0x10,
    0x00, 0x00, 0x00, 0x00, 0x00, 0x00, 0x00, 0x00, 0x00, 0x00, 0x00, 0x00,
    0x00, 0x00, 0x00, 0x00, 0x00, 0x00, 0x00, 0x00, 0x38, 0x18, 0x00, 0x55,
    0x48, 0x24, 0x08, 0xef, 0x48, 0x24, 0x00, 0xff, 0x50, 0x24, 0x00, 0xff,
    0x48, 0x20, 0x08, 0xff, 0x50, 0x24, 0x00, 0xff, 0x48, 0x24, 0x00, 0xff,
    0x48, 0x24, 0x00, 0xff, 0x48, 0x24, 0x08, 0xff, 0x50, 0x20, 0x00, 0xff,
    0x48, 0x24, 0x08, 0xff, 0x48, 0x24, 0x00, 0xff, 0x48, 0x24, 0x00, 0xff,
    0x48, 0x20, 0x08, 0xff, 0x50, 0x24, 0x00, 0xff, 0x50, 0x24, 0x00, 0xff,
    0x48, 0x20, 0x08, 0xff, 0x48, 0x24, 0x08, 0xff, 0x48, 0x24, 0x08, 0xff,
    0x48, 0x24, 0x00, 0xff, 0x50, 0x24, 0x08, 0xff, 0x48, 0x20, 0x00, 0xff,
    0x48, 0x24, 0x08, 0xff, 0x48, 0x24, 0x08, 0xff, 0x48, 0x24, 0x00, 0xff,
    0x50, 0x24, 0x00, 0xff, 0x50, 0x24, 0x08, 0xff, 0x48, 0x20, 0x00, 0xff,
    0x48, 0x24, 0x00, 0xff, 0x50, 0x24, 0x00, 0xff, 0x50, 0x24, 0x08, 0xff,
    0x48, 0x24, 0x08, 0xff, 0x48, 0x20, 0x08, 0xff, 0x48, 0x24, 0x00, 0xff,
    0x48, 0x24, 0x00, 0xff, 0x50, 0x24, 0x00, 0xff, 0x48, 0x24, 0x00, 0xff,
    0x48, 0x24, 0x08, 0xff, 0x48, 0x20, 0x00, 0xff, 0x48, 0x24, 0x00, 0xff,
    0x48, 0x24, 0x00, 0xff, 0x48, 0x20, 0x08, 0xff, 0x50, 0x24, 0x08, 0xff,
    0x48, 0x24, 0x00, 0xff, 0x50, 0x24, 0x00, 0xff, 0x48, 0x20, 0x08, 0xff,
    0x48, 0x24, 0x08, 0xff, 0x48, 0x24, 0x00, 0xff, 0x48, 0x24, 0x00, 0xff,
    0x50, 0x24, 0x00, 0xff, 0x48, 0x24, 0x08, 0xff, 0x48, 0x24, 0x00, 0xff,
    0x50, 0x20, 0x00, 0xff, 0x50, 0x24, 0x00, 0xff, 0x50, 0x24, 0x08, 0xff,
    0x48, 0x20, 0x00, 0xff, 0x50, 0x24, 0x08, 0xff, 0x50, 0x24, 0x00, 0xff,
    0x50, 0x24, 0x08, 0xff, 0x48, 0x20, 0x08, 0xff, 0x48, 0x24, 0x08, 0xff,
    0x48, 0x24, 0x00, 0xff, 0x48, 0x24, 0x08, 0xff, 0x48, 0x24, 0x00, 0xff,
    0x48, 0x24, 0x00, 0xff, 0x48, 0x24, 0x08, 0xff, 0x50, 0x24, 0x00, 0xff,
    0x50, 0x20, 0x00, 0xff, 0x48, 0x24, 0x08, 0xff, 0x48, 0x24, 0x00, 0xff,
    0x48, 0x24, 0x08, 0xff, 0x48, 0x20, 0x08, 0xff, 0x50, 0x24, 0x00, 0xff,
    0x50, 0x24, 0x08, 0xff, 0x48, 0x24, 0x00, 0xff, 0x48, 0x20, 0x00, 0xff,
    0x48, 0x24, 0x08, 0xff, 0x50, 0x24, 0x08, 0xff, 0x50, 0x20, 0x00, 0xff,
    0x48, 0x24, 0x00, 0xff, 0x48, 0x24, 0x08, 0xff, 0x48, 0x24, 0x08, 0xff,
    0x48, 0x24, 0x08, 0xff, 0x48, 0x24, 0x00, 0xff, 0x50, 0x24, 0x00, 0xff,
    0x48, 0x20, 0x00, 0xff, 0x48, 0x24, 0x08, 0xff, 0x50, 0x24, 0x00, 0xff,
    0x48, 0x24, 0x08, 0xff, 0x50, 0x20, 0x00, 0xff, 0x48, 0x24, 0x00, 0xff,
    0x48, 0x20, 0x00, 0xff, 0x48, 0x24, 0x08, 0xff, 0x48, 0x24, 0x08, 0xff,
    0x50, 0x24, 0x00, 0xff, 0x48, 0x24, 0x00, 0xff, 0x48, 0x24, 0x00, 0xff,
    0x48, 0x20, 0x00, 0xff, 0x50, 0x24, 0x08, 0xff, 0x48, 0x24, 0x08, 0xff,
    0x48, 0x20, 0x00, 0xff, 0x48, 0x24, 0x00, 0xff, 0x48, 0x24, 0x08, 0xff,
    0x50, 0x24, 0x00, 0xff, 0x50, 0x24, 0x00, 0xff, 0x48, 0x24, 0x08, 0xff,
    0x48, 0x20, 0x00, 0xff, 0x48, 0x24, 0x00, 0xff, 0x50, 0x24, 0x00, 0xff,
    0x48, 0x20, 0x08, 0xff, 0x48, 0x24, 0x00, 0xff, 0x48, 0x24, 0x08, 0xff,
    0x50, 0x24, 0x08, 0xff, 0x50, 0x20, 0x00, 0xff, 0x48, 0x24, 0x00, 0xff,
    0x48, 0x24, 0x00, 0xff, 0x50, 0x20, 0x08, 0xff, 0x50, 0x24, 0x00, 0xff,
    0x48, 0x24, 0x00, 0xff, 0x48, 0x24, 0x08, 0xff, 0x48, 0x20, 0x08, 0xff,
    0x48, 0x24, 0x00, 0xff, 0x48, 0x24, 0x00, 0xff, 0x48, 0x20, 0x00, 0xff,
    0x48, 0x24, 0x00, 0xff, 0x50, 0x24, 0x00, 0xff, 0x48, 0x24, 0x00, 0xff,
    0x48, 0x24, 0x08, 0xff, 0x48, 0x24, 0x00, 0xff, 0x48, 0x24, 0x00, 0xff,
    0x50, 0x20, 0x08, 0xff, 0x48, 0x24, 0x00, 0xff, 0x50, 0x24, 0x08, 0xff,
    0x48, 0x24, 0x00, 0xff, 0x50, 0x24, 0x00, 0xff, 0x48, 0x24, 0x08, 0xff,
    0x48, 0x20, 0x08, 0xff, 0x50, 0x24, 0x00, 0xff, 0x50, 0x24, 0x00, 0xff,
    0x48, 0x24, 0x00, 0xff, 0x48, 0x20, 0x00, 0xff, 0x50, 0x24, 0x00, 0xff,
    0x50, 0x20, 0x00, 0xff, 0x48, 0x24, 0x00, 0xff, 0x50, 0x24, 0x08, 0xff,
    0x50, 0x24, 0x08, 0xff, 0x48, 0x24, 0x00, 0xff, 0x48, 0x24, 0x00, 0xef,
    0x38, 0x18, 0x00, 0x51, 0x00, 0x00, 0x00, 0x00, 0x00, 0x00, 0x00, 0x00,
    0x00, 0x00, 0x00, 0x00, 0x38, 0x18, 0x00, 0x5d, 0x50, 0x24, 0x08, 0xff,
    0x48, 0x24, 0x00, 0xff, 0x48, 0x24, 0x00, 0xff, 0x50, 0x24, 0x08, 0xff,
    0x48, 0x24, 0x08, 0xff, 0x48, 0x24, 0x00, 0xff, 0x50, 0x24, 0x00, 0xff,
    0x50, 0x20, 0x08, 0xff, 0x50, 0x20, 0x00, 0xff, 0x48, 0x24, 0x00, 0xff,
    0x48, 0x24, 0x00, 0xff, 0x50, 0x24, 0x00, 0xff, 0x48, 0x24, 0x00, 0xff,
    0x48, 0x24, 0x00, 0xff, 0x50, 0x24, 0x08, 0xff, 0x48, 0x24, 0x08, 0xff,
    0x48, 0x24, 0x00, 0xff, 0x50, 0x24, 0x00, 0xff, 0x50, 0x24, 0x00, 0xff,
    0x48, 0x24, 0x08, 0xff, 0x48, 0x24, 0x00, 0xff, 0x50, 0x24, 0x08, 0xff,
    0x50, 0x24, 0x00, 0xff, 0x48, 0x24, 0x00, 0xff, 0x50, 0x20, 0x08, 0xff,
    0x48, 0x24, 0x08, 0xff, 0x48, 0x24, 0x00, 0xff, 0x48, 0x20, 0x08, 0xff,
    0x50, 0x24, 0x00, 0xff, 0x48, 0x24, 0x00, 0xff, 0x48, 0x24, 0x00, 0xff,
    0x50, 0x20, 0x00, 0xff, 0x48, 0x24, 0x00, 0xff, 0x48, 0x20, 0x00, 0xff,
    0x50, 0x24, 0x00, 0xff, 0x48, 0x24, 0x08, 0xff, 0x48, 0x20, 0x08, 0xff,
    0x50, 0x24, 0x00, 0xff, 0x50, 0x24, 0x08, 0xff, 0x50, 0x20, 0x08, 0xff,
    0x48, 0x24, 0x08, 0xff, 0x50, 0x24, 0x00, 0xff, 0x48, 0x24, 0x00, 0xff,
    0x48, 0x24, 0x00, 0xff, 0x48, 0x20, 0x00, 0xff, 0x50, 0x24, 0x08, 0xff,
    0x48, 0x24, 0x00, 0xff, 0x50, 0x20, 0x00, 0xff, 0x50, 0x24, 0x08, 0xff,
    0x48, 0x24, 0x00, 0xff, 0x48, 0x24, 0x00, 0xff, 0x50, 0x24, 0x08, 0xff,
    0x48, 0x24, 0x00, 0xff, 0x48, 0x20, 0x08, 0xff, 0x48, 0x24, 0x00, 0xff,
    0x50, 0x24, 0x00, 0xff, 0x48, 0x20, 0x00, 0xff, 0x48, 0x24, 0x08, 0xff,
    0x48, 0x24, 0x00, 0xff, 0x48, 0x24, 0x00, 0xff, 0x48, 0x24, 0x00, 0xff,
    0x50, 0x24, 0x08, 0xff, 0x48, 0x24, 0x00, 0xff, 0x50, 0x24, 0x08, 0xff,
    0x50, 0x20, 0x08, 0xff, 0x50, 0x24, 0x00, 0xff, 0x48, 0x24, 0x00, 0xff,
    0x48, 0x24, 0x08, 0xff, 0x50, 0x24, 0x00, 0xff, 0x48, 0x24, 0x00, 0xff,
    0x48, 0x20, 0x00, 0xff, 0x48, 0x24, 0x00, 0xff, 0x50, 0x24, 0x00, 0xff,
    0x48, 0x20, 0x00, 0xff, 0x48, 0x20, 0x08, 0xff, 0x48, 0x24, 0x08, 0xff,
    0x48, 0x24, 0x00, 0xff, 0x50, 0x24, 0x00, 0xff, 0x48, 0x24, 0x08, 0xff,
    0x50, 0x24, 0x08, 0xff, 0x50, 0x20, 0x00, 0xff, 0x50, 0x24, 0x00, 0xff,
    0x48, 0x24, 0x00, 0xff, 0x50, 0x20, 0x00, 0xff, 0x48, 0x24, 0x08, 0xff,
    0x48, 0x24, 0x08, 0xff, 0x50, 0x20, 0x08, 0xff, 0x48, 0x24, 0x00, 0xff,
    0x48, 0x24, 0x00, 0xff, 0x50, 0x24, 0x08, 0xff, 0x50, 0x24, 0x08, 0xff,
    0x48, 0x24, 0x08, 0xff, 0x50, 0x20, 0x00, 0xff, 0x50, 0x24, 0x00, 0xff,
    0x50, 0x20, 0x00, 0xff, 0x48, 0x24, 0x00, 0xff, 0x48, 0x24, 0x08, 0xff,
    0x50, 0x24, 0x08, 0xff, 0x48, 0x24, 0x00, 0xff, 0x48, 0x24, 0x00, 0xff,
    0x50, 0x24, 0x00, 0xff, 0x50, 0x24, 0x00, 0xff, 0x48, 0x24, 0x08, 0xff,
    0x48, 0x24, 0x08, 0xff, 0x50, 0x20, 0x00, 0xff, 0x48, 0x20, 0x00, 0xff,
    0x48, 0x24, 0x00, 0xff, 0x50, 0x24, 0x00, 0xff, 0x50, 0x24, 0x00, 0xff,
    0x48, 0x24, 0x08, 0xff, 0x50, 0x24, 0x08, 0xff, 0x50, 0x24, 0x00, 0xff,
    0x48, 0x20, 0x00, 0xff, 0x48, 0x24, 0x00, 0xff, 0x50, 0x24, 0x08, 0xff,
    0x50, 0x24, 0x08, 0xff, 0x48, 0x24, 0x00, 0xff, 0x48, 0x24, 0x08, 0xff,
    0x48, 0x24, 0x00, 0xff, 0x50, 0x20, 0x08, 0xff, 0x48, 0x24, 0x00, 0xff,
    0x50, 0x24, 0x00, 0xff, 0x50, 0x20, 0x08, 0xff, 0x48, 0x24, 0x00, 0xff,
    0x48, 0x24, 0x00, 0xff, 0x48, 0x24, 0x08, 0xff, 0x50, 0x24, 0x08, 0xff,
    0x48, 0x20, 0x00, 0xff, 0x50, 0x24, 0x00, 0xff, 0x50, 0x24, 0x00, 0xff,
    0x50, 0x24, 0x00, 0xff, 0x48, 0x24, 0x08, 0xff, 0x48, 0x24, 0x00, 0xff,
    0x50, 0x20, 0x00, 0xff, 0x48, 0x24, 0x08, 0xff, 0x50, 0x24, 0x00, 0xff,
    0x50, 0x24, 0x00, 0xff, 0x48, 0x20, 0x08, 0xff, 0x48, 0x24, 0x08, 0xff,
    0x50, 0x24, 0x00, 0xff, 0x50, 0x24, 0x00, 0xff, 0x48, 0x24, 0x00, 0xff,
    0x48, 0x24, 0x08, 0xff, 0x48, 0x20, 0x08, 0xff, 0x48, 0x24, 0x00, 0xff,
    0x48, 0x20, 0x00, 0xff, 0x48, 0x24, 0x08, 0xff, 0x50, 0x24, 0x00, 0xff,
    0x48, 0x24, 0x00, 0xff, 0x38, 0x18, 0x00, 0x59, 0x00, 0x00, 0x00, 0x00,
    0x28, 0x10, 0x00, 0x1c, 0x48, 0x24, 0x00, 0xf3, 0x48, 0x24, 0x00, 0xff,
    0x50, 0x24, 0x00, 0xff, 0x50, 0x20, 0x00, 0xff, 0x48, 0x24, 0x08, 0xff,
    0x48, 0x24, 0x00, 0xff, 0x48, 0x20, 0x00, 0xff, 0x50, 0x24, 0x08, 0xff,
    0x48, 0x24, 0x08, 0xff, 0x48, 0x24, 0x00, 0xff, 0x48, 0x24, 0x00, 0xff,
    0x50, 0x24, 0x08, 0xff, 0x48, 0x20, 0x08, 0xff, 0x50, 0x20, 0x08, 0xff,
    0x50, 0x24, 0x00, 0xff, 0x48, 0x24, 0x00, 0xff, 0x48, 0x20, 0x08, 0xff,
    0x48, 0x24, 0x00, 0xff, 0x50, 0x24, 0x00, 0xff, 0x48, 0x20, 0x00, 0xff,
    0x50, 0x20, 0x00, 0xff, 0x48, 0x24, 0x00, 0xff, 0x48, 0x20, 0x00, 0xff,
    0x48, 0x24, 0x08, 0xff, 0x50, 0x24, 0x00, 0xff, 0x48, 0x20, 0x00, 0xff,
    0x48, 0x24, 0x00, 0xff, 0x48, 0x24, 0x08, 0xff, 0x50, 0x24, 0x00, 0xff,
    0x48, 0x24, 0x08, 0xff, 0x50, 0x24, 0x08, 0xff, 0x48, 0x20, 0x08, 0xff,
    0x48, 0x24, 0x00, 0xff, 0x50, 0x24, 0x00, 0xff, 0x50, 0x24, 0x08, 0xff,
    0x48, 0x24, 0x08, 0xff, 0x50, 0x20, 0x00, 0xff, 0x50, 0x24, 0x00, 0xff,
    0x48, 0x24, 0x00, 0xff, 0x48, 0x24, 0x00, 0xff, 0x48, 0x24, 0x00, 0xff,
    0x50, 0x24, 0x00, 0xff, 0x48, 0x24, 0x00, 0xff, 0x50, 0x20, 0x08, 0xff,
    0x50, 0x24, 0x08, 0xff, 0x48, 0x20, 0x08, 0xff, 0x48, 0x24, 0x00, 0xff,
    0x50, 0x24, 0x00, 0xff, 0x48, 0x20, 0x00, 0xff, 0x50, 0x24, 0x08, 0xff,
    0x48, 0x20, 0x08, 0xff, 0x50, 0x20, 0x00, 0xff, 0x50, 0x24, 0x00, 0xff,
    0x48, 0x20, 0x00, 0xff, 0x48, 0x24, 0x08, 0xff, 0x48, 0x24, 0x08, 0xff,
    0x48, 0x24, 0x08, 0xff, 0x50, 0x24, 0x00, 0xff, 0x48, 0x24, 0x00, 0xff,
    0x48, 0x24, 0x08, 0xff, 0x50, 0x20, 0x00, 0xff, 0x50, 0x24, 0x00, 0xff,
    0x48, 0x20, 0x00, 0xff, 0x50, 0x20, 0x00, 0xff, 0x48, 0x24, 0x00, 0xff,
    0x48, 0x24, 0x00, 0xff, 0x48, 0x20, 0x00, 0xff, 0x48, 0x24, 0x08, 0xff,
    0x48, 0x20, 0x08, 0xff, 0x48, 0x24, 0x00, 0xff, 0x50, 0x24, 0x00, 0xff,
    0x50, 0x20, 0x08, 0xff, 0x50, 0x24, 0x00, 0xff, 0x48, 0x24, 0x00, 0xff,
    0x48, 0x24, 0x08, 0xff, 0x48, 0x24, 0x00, 0xff, 0x50, 0x24, 0x00, 0xff,
    0x50, 0x24, 0x08, 0xff, 0x48, 0x24, 0x00, 0xff, 0x48, 0x20, 0x00, 0xff,
    0x48, 0x24, 0x00, 0xff, 0x48, 0x24, 0x08, 0xff, 0x48, 0x24, 0x00, 0xff,
    0x50, 0x20, 0x00, 0xff, 0x48, 0x24, 0x08, 0xff, 0x50, 0x24, 0x00, 0xff,
    0x48, 0x20, 0x00, 0xff, 0x48, 0x24, 0x00, 0xff, 0x50, 0x24, 0x00, 0xff,
    0x48, 0x20, 0x00, 0xff, 0x48, 0x24, 0x08, 0xff, 0x48, 0x24, 0x00, 0xff,
    0x50, 0x24, 0x00, 0xff, 0x48, 0x24, 0x08, 0xff, 0x48, 0x24, 0x00, 0xff,
    0x48, 0x24, 0x08, 0xff, 0x48, 0x24, 0x08, 0xff, 0x50, 0x20, 0x08, 0xff,
    0x50, 0x24, 0x00, 0xff, 0x48, 0x24, 0x00, 0xff, 0x50, 0x20, 0x00, 0xff,
    0x48, 0x24, 0x08, 0xff, 0x50, 0x24, 0x08, 0xff, 0x48, 0x20, 0x00, 0xff,
    0x48, 0x24, 0x00, 0xff, 0x48, 0x24, 0x08, 0xff, 0x50, 0x24, 0x00, 0xff,
    0x50, 0x24, 0x08, 0xff, 0x48, 0x24, 0x08, 0xff, 0x48, 0x24, 0x08, 0xff,
    0x48, 0x20, 0x00, 0xff, 0x48, 0x24, 0x00, 0xff, 0x48, 0x24, 0x00, 0xff,
    0x50, 0x24, 0x00, 0xff, 0x48, 0x24, 0x08, 0xff, 0x48, 0x24, 0x00, 0xff,
    0x48, 0x24, 0x00, 0xff, 0x48, 0x20, 0x00, 0xff, 0x48, 0x24, 0x00, 0xff,
    0x50, 0x24, 0x08, 0xff, 0x50, 0x24, 0x00, 0xff, 0x48, 0x24, 0x00, 0xff,
    0x48, 0x24, 0x00, 0xff, 0x50, 0x24, 0x08, 0xff, 0x50, 0x24, 0x08, 0xff,
    0x50, 0x20, 0x08, 0xff, 0x50, 0x20, 0x00, 0xff, 0x48, 0x24, 0x00, 0xff,
    0x50, 0x24, 0x08, 0xff, 0x48, 0x20, 0x08, 0xff, 0x48, 0x24, 0x00, 0xff,
    0x48, 0x20, 0x08, 0xff, 0x50, 0x24, 0x00, 0xff, 0x48, 0x24, 0x00, 0xff,
    0x48, 0x24, 0x08, 0xff, 0x48, 0x20, 0x00, 0xff, 0x48, 0x24, 0x08, 0xff,
    0x50, 0x20, 0x00, 0xff, 0x48, 0x24, 0x00, 0xff, 0x48, 0x24, 0x08, 0xff,
    0x48, 0x20, 0x08, 0xff, 0x48, 0x24, 0x08, 0xff, 0x50, 0x24, 0x08, 0xff,
    0x48, 0x24, 0x08, 0xff, 0x50, 0x24, 0x00, 0xff, 0x48, 0x24, 0x00, 0xff,
    0x48, 0x24, 0x00, 0xff, 0x50, 0x24, 0x00, 0xff, 0x48, 0x20, 0x08, 0xff,
    0x48, 0x24, 0x08, 0xff, 0x48, 0x24, 0x00, 0xf7, 0x28, 0x10, 0x00, 0x18,
    0x38, 0x18, 0x00, 0x86, 0x48, 0x24, 0x00, 0xff, 0x48, 0x24, 0x08, 0xff,
    0x48, 0x24, 0x08, 0xff, 0x48, 0x20, 0x08, 0xff, 0x50, 0x24, 0x00, 0xff,
    0x48, 0x20, 0x00, 0xff, 0x50, 0x24, 0x00, 0xff, 0x48, 0x24, 0x08, 0xff,
    0x48, 0x20, 0x00, 0xff, 0x48, 0x24, 0x08, 0xff, 0x50, 0x24, 0x00, 0xff,
    0x48, 0x20, 0x08, 0xff, 0x50, 0x24, 0x00, 0xff, 0x48, 0x24, 0x00, 0xff,
    0x48, 0x20, 0x08, 0xff, 0x50, 0x24, 0x00, 0xff, 0x50, 0x24, 0x00, 0xff,
    0x48, 0x20, 0x08, 0xff, 0x48, 0x24, 0x08, 0xff, 0x48, 0x24, 0x08, 0xff,
    0x48, 0x24, 0x08, 0xff, 0x50, 0x24, 0x08, 0xff, 0x48, 0x24, 0x00, 0xff,
    0x50, 0x20, 0x00, 0xff, 0x48, 0x24, 0x08, 0xff, 0x48, 0x24, 0x00, 0xff,
    0x50, 0x24, 0x00, 0xff, 0x50, 0x24, 0x00, 0xff, 0x48, 0x20, 0x00, 0xff,
    0x48, 0x24, 0x00, 0xff, 0x48, 0x24, 0x00, 0xff, 0x50, 0x20, 0x00, 0xff,
    0x48, 0x24, 0x08, 0xff, 0x48, 0x24, 0x08, 0xff, 0x48, 0x24, 0x00, 0xff,
    0x50, 0x20, 0x00, 0xff, 0x48, 0x24, 0x08, 0xff, 0x48, 0x24, 0x00, 0xff,
    0x48, 0x20, 0x08, 0xff, 0x50, 0x20, 0x08, 0xff, 0x48, 0x24, 0x00, 0xff,
    0x48, 0x24, 0x00, 0xff, 0x50, 0x20, 0x08, 0xff, 0x48, 0x24, 0x00, 0xff,
    0x48, 0x24, 0x00, 0xff, 0x50, 0x24, 0x00, 0xff, 0x50, 0x24, 0x08, 0xff,
    0x48, 0x24, 0x08, 0xff, 0x48, 0x24, 0x08, 0xff, 0x48, 0x24, 0x00, 0xff,
    0x48, 0x24, 0x00, 0xff, 0x48, 0x24, 0x08, 0xff, 0x48, 0x24, 0x08, 0xff,
    0x48, 0x24, 0x08, 0xff, 0x50, 0x24, 0x00, 0xff, 0x50, 0x24, 0x00, 0xff,
    0x48, 0x20, 0x00, 0xff, 0x48, 0x24, 0x08, 0xff, 0x50, 0x20, 0x00, 0xff,
    0x50, 0x20, 0x00, 0xff, 0x48, 0x24, 0x08, 0xff, 0x48, 0x24, 0x08, 0xff,
    0x50, 0x24, 0x08, 0xff, 0x48, 0x24, 0x08, 0xff, 0x48, 0x24, 0x00, 0xff,
    0x50, 0x20, 0x00, 0xff, 0x48, 0x24, 0x08, 0xff, 0x50, 0x24, 0x00, 0xff,
    0x50, 0x24, 0x00, 0xff, 0x48, 0x20, 0x00, 0xff, 0x48, 0x24, 0x08, 0xff,
    0x48, 0x24, 0x08, 0xff, 0x48, 0x24, 0x00, 0xff, 0x50, 0x24, 0x08, 0xff,
    0x48, 0x20, 0x08, 0xff, 0x50, 0x24, 0x00, 0xff, 0x50, 0x24, 0x00, 0xff,
    0x48, 0x20, 0x00, 0xff, 0x48, 0x20, 0x08, 0xff, 0x50, 0x24, 0x00, 0xff,
    0x48, 0x24, 0x00, 0xff, 0x50, 0x24, 0x00, 0xff, 0x48, 0x20, 0x08, 0xff,
    0x48, 0x24, 0x08, 0xff, 0x50, 0x24, 0x00, 0xff, 0x48, 0x24, 0x00, 0xff,
    0x48, 0x24, 0x00, 0xff, 0x50, 0x24, 0x08, 0xff, 0x48, 0x20, 0x00, 0xff,
    0x48, 0x24, 0x08, 0xff, 0x50, 0x24, 0x00, 0xff, 0x48, 0x20, 0x00, 0xff,
    0x48, 0x20, 0x00, 0xff, 0x48, 0x24, 0x00, 0xff, 0x48, 0x20, 0x08, 0xff,
    0x50, 0x24, 0x00, 0xff, 0x48, 0x24, 0x00, 0xff, 0x50, 0x24, 0x00, 0xff,
    0x48, 0x20, 0x00, 0xff, 0x48, 0x24, 0x00, 0xff, 0x48, 0x24, 0x08, 0xff,
    0x48, 0x20, 0x00, 0xff, 0x48, 0x24, 0x00, 0xff, 0x50, 0x24, 0x00, 0xff,
    0x50, 0x20, 0x00, 0xff, 0x50, 0x24, 0x00, 0xff, 0x48, 0x24, 0x08, 0xff,
    0x48, 0x24, 0x00, 0xff, 0x48, 0x20, 0x00, 0xff, 0x50, 0x20, 0x00, 0xff,
    0x50, 0x24, 0x00, 0xff, 0x48, 0x24, 0x00, 0xff, 0x48, 0x20, 0x08, 0xff,
    0x48, 0x20, 0x08, 0xff, 0x50, 0x24, 0x00, 0xff, 0x50, 0x20, 0x00, 0xff,
    0x48, 0x20, 0x08, 0xff, 0x50, 0x24, 0x08, 0xff, 0x50, 0x24, 0x00, 0xff,
    0x48, 0x20, 0x00, 0xff, 0x48, 0x20, 0x08, 0xff, 0x50, 0x24, 0x08, 0xff,
    0x48, 0x24, 0x00, 0xff, 0x48, 0x20, 0x00, 0xff, 0x48, 0x24, 0x00, 0xff,
    0x48, 0x24, 0x00, 0xff, 0x48, 0x24, 0x00, 0xff, 0x48, 0x24, 0x08, 0xff,
    0x48, 0x20, 0x00, 0xff, 0x48, 0x24, 0x00, 0xff, 0x50, 0x24, 0x08, 0xff,
    0x48, 0x24, 0x08, 0xff, 0x48, 0x20, 0x00, 0xff, 0x50, 0x24, 0x08, 0xff,
    0x50, 0x20, 0x00, 0xff, 0x48, 0x24, 0x00, 0xff, 0x48, 0x24, 0x00, 0xff,
    0x48, 0x24, 0x08, 0xff, 0x48, 0x24, 0x00, 0xff, 0x50, 0x24, 0x00, 0xff,
    0x50, 0x20, 0x00, 0xff, 0x48, 0x24, 0x00, 0xff, 0x48, 0x20, 0x00, 0xff,
    0x50, 0x20, 0x00, 0xff, 0x48, 0x24, 0x00, 0xff, 0x50, 0x24, 0x08, 0xff,
    0x50, 0x20, 0x08, 0xff, 0x48, 0x24, 0x00, 0xff, 0x50, 0x24, 0x00, 0xff,
    0x50, 0x20, 0x00, 0xff, 0x50, 0x24, 0x08, 0xff, 0x38, 0x18, 0x00, 0x86,
    0x48, 0x24, 0x00, 0xcf, 0x48, 0x20, 0x08, 0xff, 0x50, 0x24, 0x08, 0xff,
    0x50, 0x24, 0x00, 0xff, 0x48, 0x24, 0x00, 0xff, 0x48, 0x24, 0x00, 0xff,
    0x50, 0x24, 0x08, 0xff, 0x48, 0x24, 0x08, 0xff, 0x50, 0x24, 0x00, 0xff,
    0x48, 0x24, 0x00, 0xff, 0x50, 0x20, 0x00, 0xff, 0x48, 0x24, 0x08, 0xff,
    0x48, 0x24, 0x00, 0xff, 0x48, 0x24, 0x00, 0xff, 0x48, 0x24, 0x00, 0xff,
    0x48, 0x24, 0x00, 0xff, 0x48, 0x24, 0x08, 0xff, 0x48, 0x20, 0x00, 0xff,
    0x50, 0x24, 0x00, 0xff, 0x50, 0x24, 0x00, 0xff, 0x48, 0x20, 0x00, 0xff,
    0x48, 0x24, 0x00, 0xff, 0x48, 0x24, 0x00, 0xff, 0x50, 0x24, 0x08, 0xff,
    0x48, 0x24, 0x08, 0xff, 0x48, 0x24, 0x00, 0xff, 0x50, 0x20, 0x08, 0xff,
    0x48, 0x20, 0x08, 0xff, 0x48, 0x24, 0x08, 0xff, 0x50, 0x24, 0x08, 0xff,
    0x50, 0x20, 0x00, 0xff, 0x48, 0x24, 0x00, 0xff, 0x48, 0x24, 0x08, 0xff,
    0x50, 0x24, 0x00, 0xff, 0x50, 0x24, 0x00, 0xff, 0x48, 0x20, 0x00, 0xff,
    0x48, 0x24, 0x00, 0xff, 0x48, 0x24, 0x00, 0xff, 0x48, 0x24, 0x08, 0xff,
    0x50, 0x24, 0x00, 0xff, 0x48, 0x24, 0x00, 0xff, 0x50, 0x24, 0x08, 0xff,
    0x48, 0x20, 0x08, 0xff, 0x48, 0x24, 0x00, 0xff, 0x48, 0x24, 0x08, 0xff,
    0x48, 0x24, 0x00, 0xff, 0x48, 0x24, 0x00, 0xff, 0x48, 0x24, 0x00, 0xff,
    0x48, 0x20, 0x00, 0xff, 0x50, 0x20, 0x00, 0xff, 0x50, 0x24, 0x00, 0xff,
    0x48, 0x24, 0x00, 0xff, 0x50, 0x24, 0x00, 0xff, 0x48, 0x24, 0x00, 0xff,
    0x50, 0x20, 0x00, 0xff, 0x50, 0x24, 0x00, 0xff, 0x48, 0x24, 0x00, 0xff,
    0x50, 0x20, 0x00, 0xff, 0x48, 0x24, 0x00, 0xff, 0x48, 0x24, 0x08, 0xff,
    0x50, 0x24, 0x00, 0xff, 0x48, 0x24, 0x00, 0xff, 0x48, 0x24, 0x00, 0xff,
    0x48, 0x20, 0x00, 0xff, 0x48, 0x24, 0x00, 0xff, 0x50, 0x24, 0x08, 0xff,
    0x50, 0x24, 0x08, 0xff, 0x48, 0x24, 0x00, 0xff, 0x48, 0x24, 0x08, 0xff,
    0x50, 0x24, 0x00, 0xff, 0x50, 0x24, 0x00, 0xff, 0x48, 0x24, 0x08, 0xff,
    0x48, 0x24, 0x00, 0xff, 0x50, 0x20, 0x00, 0xff, 0x48, 0x24, 0x00, 0xff,
    0x50, 0x24, 0x00, 0xff, 0x48, 0x24, 0x00, 0xff, 0x48, 0x24, 0x08, 0xff,
    0x48, 0x24, 0x08, 0xff, 0x50, 0x24, 0x00, 0xff, 0x48, 0x24, 0x08, 0xff,
    0x50, 0x24, 0x08, 0xff, 0x48, 0x20, 0x00, 0xff, 0x50, 0x24, 0x00, 0xff,
    0x48, 0x24, 0x00, 0xff, 0x48, 0x24, 0x08, 0xff, 0x48, 0x24, 0x08, 0xff,
    0x50, 0x20, 0x08, 0xff, 0x50, 0x24, 0x00, 0xff, 0x48, 0x24, 0x00, 0xff,
    0x48, 0x24, 0x08, 0xff, 0x50, 0x24, 0x08, 0xff, 0x50, 0x24, 0x00, 0xff,
    0x48, 0x24, 0x08, 0xff, 0x50, 0x24, 0x08, 0xff, 0x50, 0x24, 0x00, 0xff,
    0x48, 0x20, 0x00, 0xff, 0x50, 0x24, 0x08, 0xff, 0x48, 0x20, 0x00, 0xff,
    0x48, 0x24, 0x08, 0xff, 0x48, 0x24, 0x08, 0xff, 0x50, 0x20, 0x08, 0xff,
    0x50, 0x24, 0x00, 0xff, 0x48, 0x20, 0x00, 0xff, 0x48, 0x24, 0x08, 0xff,
    0x48, 0x24, 0x08, 0xff, 0x48, 0x24, 0x08, 0xff, 0x48, 0x20, 0x00, 0xff,
    0x48, 0x24, 0x00, 0xff, 0x50, 0x24, 0x08, 0xff, 0x48, 0x24, 0x00, 0xff,
    0x48, 0x24, 0x08, 0xff, 0x50, 0x24, 0x08, 0xff, 0x50, 0x24, 0x00, 0xff,
    0x48, 0x24, 0x00, 0xff, 0x48, 0x24, 0x08, 0xff, 0x48, 0x24, 0x08, 0xff,
    0x50, 0x24, 0x00, 0xff, 0x48, 0x24, 0x00, 0xff, 0x48, 0x24, 0x08, 0xff,
    0x48, 0x24, 0x08, 0xff, 0x50, 0x24, 0x00, 0xff, 0x48, 0x24, 0x00, 0xff,
    0x50, 0x20, 0x08, 0xff, 0x48, 0x24, 0x08, 0xff, 0x48, 0x24, 0x00, 0xff,
    0x48, 0x24, 0x00, 0xff, 0x50, 0x24, 0x08, 0xff, 0x48, 0x24, 0x00, 0xff,
    0x50, 0x24, 0x00, 0xff, 0x50, 0x24, 0x00, 0xff, 0x48, 0x24, 0x00, 0xff,
    0x50, 0x24, 0x00, 0xff, 0x48, 0x24, 0x00, 0xff, 0x48, 0x24, 0x00, 0xff,
    0x48, 0x24, 0x08, 0xff, 0x50, 0x24, 0x08, 0xff, 0x50, 0x24, 0x00, 0xff,
    0x50, 0x20, 0x00, 0xff, 0x48, 0x24, 0x08, 0xff, 0x48, 0x24, 0x00, 0xff,
    0x50, 0x24, 0x00, 0xff, 0x50, 0x24, 0x00, 0xff, 0x48, 0x24, 0x08, 0xff,
    0x48, 0x24, 0x00, 0xff, 0x48, 0x24, 0x00, 0xff, 0x48, 0x20, 0x00, 0xff,
    0x50, 0x24, 0x08, 0xff, 0x48, 0x24, 0x08, 0xff, 0x48, 0x24, 0x00, 0xff,
    0x48, 0x24, 0x00, 0xff, 0x48, 0x20, 0x00, 0xff, 0x48, 0x24, 0x00, 0xcf,
    0x48, 0x24, 0x00, 0xf3, 0x50, 0x24, 0x00, 0xff, 0x48, 0x20, 0x00, 0xff,
    0x48, 0x24, 0x00, 0xff, 0x50, 0x20, 0x00, 0xff, 0x48, 0x24, 0x08, 0xff,
    0x48, 0x24, 0x00, 0xff, 0x50, 0x20, 0x00, 0xff, 0x48, 0x24, 0x08, 0xff,
    0x50, 0x20, 0x00, 0xff, 0x48, 0x24, 0x00, 0xff, 0x50, 0x24, 0x00, 0xff,
    0x50, 0x24, 0x08, 0xff, 0x48, 0x20, 0x00, 0xff, 0x50, 0x24, 0x08, 0xff,
    0x50, 0x24, 0x08, 0xff, 0x48, 0x24, 0x00, 0xff, 0x48, 0x24, 0x08, 0xff,
    0x48, 0x24, 0x00, 0xff, 0x50, 0x24, 0x00, 0xff, 0x50, 0x24, 0x08, 0xff,
    0x50, 0x24, 0x00, 0xff, 0x50, 0x20, 0x00, 0xff, 0x48, 0x20, 0x00, 0xff,
    0x48, 0x24, 0x00, 0xff, 0x50, 0x24, 0x00, 0xff, 0x48, 0x24, 0x00, 0xff,
    0x50, 0x24, 0x00, 0xff, 0x48, 0x20, 0x00, 0xff, 0x48, 0x24, 0x00, 0xff,
    0x48, 0x24, 0x08, 0xff, 0x50, 0x20, 0x08, 0xff, 0x48, 0x24, 0x00, 0xff,
    0x48, 0x24, 0x00, 0xff, 0x48, 0x20, 0x00, 0xff, 0x50, 0x24, 0x08, 0xff,
    0x48, 0x24, 0x08, 0xff, 0x50, 0x24, 0x08, 0xff, 0x50, 0x20, 0x00, 0xff,
    0x48, 0x24, 0x00, 0xff, 0x48, 0x24, 0x00, 0xff, 0x48, 0x20, 0x00, 0xff,
    0x50, 0x24, 0x00, 0xff, 0x50, 0x24, 0x00, 0xff, 0x50, 0x24, 0x00, 0xff,
    0x50, 0x20, 0x08, 0xff, 0x48, 0x20, 0x08, 0xff, 0x50, 0x24, 0x08, 0xff,
    0x48, 0x24, 0x00, 0xff, 0x48, 0x24, 0x00, 0xff, 0x48, 0x24, 0x08, 0xff,
    0x50, 0x20, 0x08, 0xff, 0x48, 0x20, 0x08, 0xff, 0x50, 0x24, 0x00, 0xff,
    0x48, 0x24, 0x00, 0xff, 0x48, 0x20, 0x08, 0xff, 0x48, 0x24, 0x08, 0xff,
    0x48, 0x24, 0x08, 0xff, 0x50, 0x24, 0x08, 0xff, 0x48, 0x24, 0x00, 0xff,
    0x48, 0x24, 0x08, 0xff, 0x48, 0x24, 0x00, 0xff, 0x50, 0x20, 0x08, 0xff,
    0x50, 0x24, 0x00, 0xff, 0x48, 0x24, 0x00, 0xff, 0x48, 0x20, 0x00, 0xff,
    0x48, 0x24, 0x08, 0xff, 0x50, 0x24, 0x00, 0xff, 0x48, 0x20, 0x00, 0xff,
    0x48, 0x20, 0x08, 0xff, 0x48, 0x24, 0x08, 0xff, 0x50, 0x24, 0x00, 0xff,
    0x50, 0x20, 0x00, 0xff, 0x48, 0x24, 0x00, 0xff, 0x48, 0x20, 0x08, 0xff,
    0x48, 0x24, 0x08, 0xff, 0x50, 0x24, 0x00, 0xff, 0x48, 0x20, 0x00, 0xff,
    0x48, 0x24, 0x08, 0xff, 0x48, 0x24, 0x00, 0xff, 0x50, 0x20, 0x00, 0xff,
    0x48, 0x20, 0x00, 0xff, 0x48, 0x24, 0x08, 0xff, 0x48, 0x24, 0x08, 0xff,
    0x50, 0x24, 0x00, 0xff, 0x50, 0x20, 0x00, 0xff, 0x50, 0x20, 0x00, 0xff,
    0x48, 0x24, 0x00, 0xff, 0x48, 0x24, 0x08, 0xff, 0x50, 0x24, 0x08, 0xff,
    0x50, 0x24, 0x00, 0xff, 0x48, 0x20, 0x00, 0xff, 0x48, 0x24, 0x00, 0xff,
    0x48, 0x24, 0x08, 0xff, 0x50, 0x24, 0x00, 0xff, 0x48, 0x24, 0x00, 0xff,
    0x48, 0x24, 0x08, 0xff, 0x48, 0x24, 0x00, 0xff, 0x50, 0x24, 0x08, 0xff,
    0x50, 0x24, 0x00, 0xff, 0x48, 0x24, 0x00, 0xff, 0x50, 0x24, 0x00, 0xff,
    0x48, 0x24, 0x08, 0xff, 0x50, 0x24, 0x08, 0xff, 0x48, 0x24, 0x00, 0xff,
    0x48, 0x24, 0x00, 0xff, 0x48, 0x20, 0x00, 0xff, 0x50, 0x24, 0x00, 0xff,
    0x50, 0x24, 0x08, 0xff, 0x48, 0x20, 0x00, 0xff, 0x50, 0x24, 0x08, 0xff,
    0x48, 0x24, 0x00, 0xff, 0x48, 0x24, 0x00, 0xff, 0x48, 0x20, 0x08, 0xff,
    0x50, 0x24, 0x00, 0xff, 0x48, 0x24, 0x00, 0xff, 0x48, 0x24, 0x00, 0xff,
    0x48, 0x24, 0x00, 0xff, 0x48, 0x20, 0x00, 0xff, 0x50, 0x24, 0x00, 0xff,
    0x50, 0x20, 0x00, 0xff, 0x48, 0x24, 0x00, 0xff, 0x48, 0x24, 0x00, 0xff,
    0x48, 0x24, 0x00, 0xff, 0x50, 0x24, 0x00, 0xff, 0x50, 0x20, 0x08, 0xff,
    0x50, 0x20, 0x08, 0xff, 0x48, 0x24, 0x00, 0xff, 0x50, 0x20, 0x08, 0xff,
    0x48, 0x24, 0x00, 0xff, 0x48, 0x24, 0x08, 0xff, 0x48, 0x20, 0x08, 0xff,
    0x48, 0x20, 0x00, 0xff, 0x50, 0x24, 0x00, 0xff, 0x50, 0x20, 0x08, 0xff,
    0x48, 0x24, 0x00, 0xff, 0x48, 0x24, 0x00, 0xff, 0x48, 0x24, 0x08, 0xff,
    0x48, 0x20, 0x00, 0xff, 0x50, 0x24, 0x00, 0xff, 0x50, 0x24, 0x08, 0xff,
    0x48, 0x20, 0x08, 0xff, 0x48, 0x24, 0x08, 0xff, 0x48, 0x24, 0x00, 0xff,
    0x50, 0x24, 0x08, 0xff, 0x50, 0x24, 0x08, 0xff, 0x48, 0x24, 0x00, 0xff,
    0x48, 0x24, 0x00, 0xff, 0x50, 0x24, 0x00, 0xff, 0x48, 0x20, 0x08, 0xff,
    0x48, 0x24, 0x08, 0xff, 0x48, 0x24, 0x08, 0xff, 0x48, 0x24, 0x00, 0xf3,
    0x48, 0x24, 0x00, 0xff, 0x50, 0x24, 0x08, 0xff, 0x50, 0x24, 0x00, 0xff,
    0x48, 0x24, 0x00, 0xff, 0x48, 0x24, 0x08, 0xff, 0x50, 0x24, 0x08, 0xff,
    0x48, 0x20, 0x00, 0xff, 0x48, 0x24, 0x00, 0xff, 0x48, 0x24, 0x00, 0xff,
    0x48, 0x24, 0x08, 0xff, 0x50, 0x24, 0x08, 0xff, 0x48, 0x24, 0x08, 0xff,
    0x48, 0x20, 0x00, 0xff, 0x50, 0x24, 0x00, 0xff, 0x48, 0x24, 0x08, 0xff,
    0x50, 0x20, 0x00, 0xff, 0x50, 0x20, 0x00, 0xff, 0x50, 0x24, 0x00, 0xff,
    0x48, 0x24, 0x08, 0xff, 0x48, 0x20, 0x08, 0xff, 0x48, 0x24, 0x00, 0xff,
    0x48, 0x24, 0x08, 0xff, 0x48, 0x24, 0x08, 0xff, 0x48, 0x24, 0x00, 0xff,
    0x50, 0x24, 0x08, 0xff, 0x48, 0x20, 0x08, 0xff, 0x50, 0x24, 0x00, 0xff,
    0x48, 0x24, 0x08, 0xff, 0x50, 0x24, 0x00, 0xff, 0x48, 0x24, 0x00, 0xff,
    0x48, 0x24, 0x00, 0xff, 0x48, 0x24, 0x00, 0xff, 0x50, 0x24, 0x08, 0xff,
    0x50, 0x24, 0x00, 0xff, 0x48, 0x24, 0x08, 0xff, 0x48, 0x20, 0x08, 0xff,
    0x50, 0x24, 0x00, 0xff, 0x48, 0x24, 0x00, 0xff, 0x48, 0x24, 0x00, 0xff,
    0x50, 0x20, 0x08, 0xff, 0x50, 0x24, 0x08, 0xff, 0x48, 0x24, 0x00, 0xff,
    0x48, 0x24, 0x08, 0xff, 0x48, 0x24, 0x08, 0xff, 0x48, 0x20, 0x00, 0xff,
    0x48, 0x24, 0x00, 0xff, 0x50, 0x24, 0x00, 0xff, 0x48, 0x24, 0x00, 0xff,
    0x50, 0x20, 0x08, 0xff, 0x50, 0x24, 0x08, 0xff, 0x48, 0x24, 0x00, 0xff,
    0x48, 0x24, 0x00, 0xff, 0x50, 0x24, 0x00, 0xff, 0x48, 0x24, 0x08, 0xff,
    0x48, 0x20, 0x08, 0xff, 0x48, 0x24, 0x00, 0xff, 0x50, 0x24, 0x00, 0xff,
    0x48, 0x24, 0x00, 0xff, 0x48, 0x24, 0x00, 0xff, 0x50, 0x20, 0x00, 0xff,
    0x50, 0x20, 0x00, 0xff, 0x50, 0x24, 0x08, 0xff, 0x48, 0x24, 0x00, 0xff,
    0x48, 0x24, 0x08, 0xff, 0x50, 0x24, 0x08, 0xff, 0x50, 0x24, 0x00, 0xff,
    0x48, 0x20, 0x00, 0xff, 0x48, 0x24, 0x08, 0xff, 0x50, 0x24, 0x00, 0xff,
    0x48, 0x24, 0x00, 0xff, 0x48, 0x24, 0x08, 0xff, 0x48, 0x20, 0x00, 0xff,
    0x48, 0x24, 0x08, 0xff, 0x50, 0x24, 0x08, 0xff, 0x48, 0x24, 0x00, 0xff,
    0x50, 0x20, 0x00, 0xff, 0x48, 0x24, 0x08, 0xff, 0x48, 0x24, 0x00, 0xff,
    0x50, 0x20, 0x00, 0xff, 0x50, 0x24, 0x00, 0xff, 0x48, 0x24, 0x00, 0xff,
    0x48, 0x24, 0x08, 0xff, 0x50, 0x24, 0x00, 0xff, 0x48, 0x24, 0x00, 0xff,
    0x48, 0x20, 0x08, 0xff, 0x48, 0x24, 0x00, 0xff, 0x48, 0x24, 0x00, 0xff,
    0x48, 0x24, 0x08, 0xff, 0x50, 0x20, 0x00, 0xff, 0x48, 0x20, 0x00, 0xff,
    0x48, 0x24, 0x00, 0xff, 0x48, 0x24, 0x00, 0xff, 0x48, 0x20, 0x08, 0xff,
    0x50, 0x24, 0x00, 0xff, 0x48, 0x20, 0x00, 0xff, 0x48, 0x20, 0x00, 0xff,
    0x50, 0x24, 0x00, 0xff, 0x48, 0x20, 0x08, 0xff, 0x48, 0x24, 0x00, 0xff,
    0x48, 0x24, 0x00, 0xff, 0x50, 0x20, 0x00, 0xff, 0x48, 0x24, 0x08, 0xff,
    0x48, 0x24, 0x00, 0xff, 0x48, 0x24, 0x00, 0xff, 0x50, 0x24, 0x00, 0xff,
    0x50, 0x20, 0x00, 0xff, 0x50, 0x24, 0x08, 0xff, 0x48, 0x24, 0x00, 0xff,
    0x50, 0x24, 0x00, 0xff, 0x48, 0x20, 0x08, 0xff, 0x48, 0x24, 0x00, 0xff,
    0x50, 0x20, 0x00, 0xff, 0x48, 0x20, 0x08, 0xff, 0x50, 0x24, 0x00, 0xff,
    0x48, 0x24, 0x08, 0xff, 0x50, 0x20, 0x00, 0xff, 0x50, 0x20, 0x00, 0xff,
    0x50, 0x24, 0x08, 0xff, 0x50, 0x24, 0x08, 0xff, 0x48, 0x24, 0x08, 0xff,
    0x48, 0x24, 0x00, 0xff, 0x48, 0x20, 0x08, 0xff, 0x50, 0x20, 0x08, 0xff,
    0x48, 0x24, 0x08, 0xff, 0x48, 0x24, 0x00, 0xff, 0x48, 0x24, 0x00, 0xff,
    0x48, 0x24, 0x00, 0xff, 0x50, 0x24, 0x08, 0xff, 0x48, 0x24, 0x00, 0xff,
    0x48, 0x20, 0x08, 0xff, 0x50, 0x24, 0x00, 0xff, 0x50, 0x24, 0x00, 0xff,
    0x48, 0x24, 0x08, 0xff, 0x48, 0x24, 0x08, 0xff, 0x48, 0x24, 0x08, 0xff,
    0x50, 0x20, 0x00, 0xff, 0x48, 0x24, 0x00, 0xff, 0x50, 0x20, 0x00, 0xff,
    0x48, 0x24, 0x08, 0xff, 0x48, 0x24, 0x08, 0xff, 0x48, 0x20, 0x00, 0xff,
    0x48, 0x24, 0x00, 0xff, 0x48, 0x24, 0x00, 0xff, 0x50, 0x20, 0x00, 0xff,
    0x48, 0x20, 0x00, 0xff, 0x48, 0x24, 0x08, 0xff, 0x50, 0x20, 0x08, 0xff,
    0x48, 0x24, 0x00, 0xff, 0x48, 0x24, 0x00, 0xff, 0x50, 0x20, 0x00, 0xff,
    0x50, 0x24, 0x00, 0xff, 0x50, 0x24, 0x00, 0xff, 0x50, 0x24, 0x08, 0xff,
    0x48, 0x24, 0x00, 0xff, 0x48, 0x20, 0x08, 0xff, 0x48, 0x24, 0x08, 0xff,
    0x50, 0x24, 0x08, 0xff, 0x48, 0x20, 0x00, 0xff, 0x48, 0x24, 0x00, 0xff,
    0x50, 0x24, 0x08, 0xff, 0x50, 0x24, 0x00, 0xff, 0x50, 0x24, 0x08, 0xff,
    0x48, 0x20, 0x00, 0xff, 0x48, 0x24, 0x00, 0xff, 0x48, 0x24, 0x00, 0xff,
    0x48, 0x20, 0x00, 0xff, 0x48, 0x24, 0x08, 0xff, 0x48, 0x24, 0x00, 0xff,
    0x48, 0x24, 0x00, 0xff, 0x48, 0x24, 0x00, 0xff, 0x48, 0x20, 0x08, 0xff,
    0x50, 0x24, 0x00, 0xff, 0x48, 0x24, 0x00, 0xff, 0x48, 0x20, 0x08, 0xff,
    0x48, 0x20, 0x00, 0xff, 0x50, 0x24, 0x00, 0xff, 0x48, 0x24, 0x08, 0xff,
    0x48, 0x24, 0x00, 0xff, 0x50, 0x24, 0x00, 0xff, 0x48, 0x20, 0x08, 0xff,
    0x48, 0x24, 0x00, 0xff, 0x48, 0x24, 0x08, 0xff, 0x50, 0x20, 0x08, 0xff,
    0x50, 0x24, 0x00, 0xff, 0x50, 0x24, 0x08, 0xff, 0x48, 0x20, 0x00, 0xff,
    0x48, 0x24, 0x08, 0xff, 0x50, 0x20, 0x00, 0xff, 0x48, 0x24, 0x00, 0xff,
    0x48, 0x24, 0x00, 0xff, 0x48, 0x24, 0x00, 0xff, 0x50, 0x20, 0x08, 0xff,
    0x48, 0x24, 0x00, 0xff, 0x48, 0x24, 0x08, 0xff, 0x50, 0x24, 0x08, 0xff,
    0x50, 0x20, 0x00, 0xff, 0x48, 0x24, 0x00, 0xff, 0x48, 0x24, 0x08, 0xff,
    0x48, 0x24, 0x00, 0xff, 0x48, 0x24, 0x08, 0xff, 0x48, 0x20, 0x00, 0xff,
    0x48, 0x24, 0x00, 0xff, 0x50, 0x24, 0x00, 0xff, 0x50, 0x24, 0x08, 0xff,
    0x48, 0x20, 0x00, 0xff, 0x48, 0x24, 0x00, 0xff, 0x48, 0x24, 0x00, 0xff,
    0x50, 0x24, 0x00, 0xff, 0x50, 0x24, 0x08, 0xff, 0x48, 0x24, 0x00, 0xff,
    0x50, 0x20, 0x00, 0xff, 0x48, 0x24, 0x08, 0xff, 0x48, 0x24, 0x08, 0xff,
    0x48, 0x24, 0x00, 0xff, 0x48, 0x24, 0x00, 0xff, 0x48, 0x24, 0x08, 0xff,
    0x50, 0x20, 0x00, 0xff, 0x48, 0x20, 0x00, 0xff, 0x48, 0x24, 0x08, 0xff,
    0x50, 0x24, 0x00, 0xff, 0x48, 0x20, 0x00, 0xff, 0x48, 0x24, 0x08, 0xff,
    0x50, 0x24, 0x00, 0xff, 0x50, 0x24, 0x00, 0xff, 0x50, 0x20, 0x00, 0xff,
    0x48, 0x24, 0x00, 0xff, 0x48, 0x24, 0x08, 0xff, 0x50, 0x24, 0x00, 0xff,
    0x48, 0x24, 0x00, 0xff, 0x48, 0x20, 0x00, 0xff, 0x50, 0x24, 0x08, 0xff,
    0x50, 0x24, 0x08, 0xff, 0x48, 0x24, 0x00, 0xff, 0x48, 0x24, 0x08, 0xff,
    0x50, 0x24, 0x08, 0xff, 0x48, 0x24, 0x00, 0xff, 0x50, 0x24, 0x00, 0xff,
    0x50, 0x24, 0x00, 0xff, 0x48, 0x24, 0x08, 0xff, 0x48, 0x24, 0x08, 0xff,
    0x50, 0x24, 0x00, 0xff, 0x48, 0x24, 0x00, 0xff, 0x48, 0x24, 0x00, 0xff,
    0x48, 0x20, 0x08, 0xff, 0x50, 0x24, 0x08, 0xff, 0x50, 0x24, 0x00, 0xff,
    0x48, 0x24, 0x08, 0xff, 0x48, 0x24, 0x00, 0xff, 0x50, 0x24, 0x08, 0xff,
    0x48, 0x24, 0x08, 0xff, 0x50, 0x24, 0x00, 0xff, 0x50, 0x20, 0x00, 0xff,
    0x48, 0x24, 0x08, 0xff, 0x48, 0x24, 0x08, 0xff, 0x50, 0x20, 0x00, 0xff,
    0x48, 0x24, 0x00, 0xff, 0x48, 0x20, 0x00, 0xff, 0x50, 0x20, 0x08, 0xff,
    0x48, 0x24, 0x08, 0xff, 0x48, 0x24, 0x00, 0xff, 0x48, 0x24, 0x08, 0xff,
    0x48, 0x24, 0x08, 0xff, 0x48, 0x24, 0x00, 0xff, 0x48, 0x24, 0x00, 0xff,
    0x50, 0x24, 0x08, 0xff, 0x48, 0x24, 0x00, 0xff, 0x48, 0x24, 0x00, 0xff,
    0x50, 0x24, 0x00, 0xff, 0x48, 0x24, 0x08, 0xff, 0x48, 0x24, 0x08, 0xff,
    0x48, 0x20, 0x00, 0xff, 0x48, 0x24, 0x00, 0xff, 0x48, 0x24, 0x00, 0xff,
    0x48, 0x24, 0x08, 0xff, 0x50, 0x24, 0x00, 0xff, 0x48, 0x24, 0x00, 0xff,
    0x50, 0x24, 0x00, 0xff, 0x50, 0x20, 0x08, 0xff, 0x48, 0x24, 0x00, 0xff,
    0x48, 0x24, 0x00, 0xff, 0x48, 0x24, 0x00, 0xff, 0x48, 0x24, 0x00, 0xff,
    0x50, 0x24, 0x00, 0xff, 0x48, 0x20, 0x08, 0xff, 0x48, 0x24, 0x00, 0xff,
    0x50, 0x24, 0x00, 0xff, 0x50, 0x24, 0x00, 0xff, 0x48, 0x24, 0x00, 0xff,
    0x48, 0x24, 0x00, 0xff, 0x50, 0x24, 0x08, 0xff, 0x48, 0x24, 0x08, 0xff,
    0x50, 0x20, 0x00, 0xff, 0x48, 0x24, 0x00, 0xff, 0x48, 0x24, 0x00, 0xff,
    0x50, 0x24, 0x00, 0xff, 0x50, 0x24, 0x08, 0xff, 0x48, 0x24, 0x08, 0xff,
    0x50, 0x24, 0x00, 0xff, 0x48, 0x24, 0x00, 0xff, 0x48, 0x24, 0x00, 0xff,
    0x50, 0x20, 0x08, 0xff, 0x48, 0x24, 0x08, 0xff, 0x48, 0x24, 0x00, 0xff,
    0x50, 0x24, 0x00, 0xff, 0x48, 0x20, 0x08, 0xff, 0x48, 0x20, 0x00, 0xff,
    0x48, 0x24, 0x00, 0xff, 0x50, 0x24, 0x00, 0xff, 0x48, 0x20, 0x00, 0xff,
    0x48, 0x24, 0x00, 0xff, 0x50, 0x24, 0x08, 0xff, 0x48, 0x20, 0x00, 0xff,
    0x48, 0x24, 0x00, 0xff, 0x48, 0x24, 0x08, 0xff, 0x48, 0x24, 0x00, 0xff,
    0x50, 0x20, 0x08, 0xff, 0x48, 0x24, 0x00, 0xff, 0x50, 0x24, 0x00, 0xff,
    0x50, 0x24, 0x08, 0xff, 0x50, 0x24, 0x00, 0xff, 0x50, 0x20, 0x00, 0xff,
    0x48, 0x24, 0x08, 0xff, 0x48, 0x24, 0x08, 0xff, 0x48, 0x24, 0x08, 0xff,
    0x48, 0x24, 0x00, 0xff, 0x50, 0x24, 0x00, 0xff, 0x50, 0x24, 0x00, 0xff,
    0x50, 0x24, 0x00, 0xff, 0x48, 0x24, 0x00, 0xff, 0x50, 0x20, 0x00, 0xff,
    0x50, 0x20, 0x00, 0xff, 0x48, 0x24, 0x00, 0xff, 0x48, 0x24, 0x00, 0xff,
    0x50, 0x24, 0x08, 0xff, 0x48, 0x20, 0x00, 0xff, 0x48, 0x24, 0x00, 0xff,
    0x48, 0x24, 0x08, 0xff, 0x48, 0x20, 0x00, 0xff, 0x48, 0x24, 0x00, 0xff,
    0x48, 0x24, 0x00, 0xff, 0x48, 0x24, 0x08, 0xff, 0x50, 0x24, 0x00, 0xff,
    0x50, 0x24, 0x00, 0xff, 0x50, 0x20, 0x08, 0xff, 0x48, 0x24, 0x00, 0xff,
    0x48, 0x24, 0x00, 0xff, 0x48, 0x24, 0x00, 0xff, 0x48, 0x20, 0x00, 0xff,
    0x48, 0x24, 0x00, 0xff, 0x50, 0x24, 0x00, 0xff, 0x50, 0x24, 0x00, 0xff,
    0x50, 0x20, 0x08, 0xff, 0x50, 0x24, 0x00, 0xff, 0x50, 0x24, 0x08, 0xff,
    0x48, 0x24, 0x00, 0xff, 0x48, 0x24, 0x08, 0xff, 0x48, 0x20, 0x00, 0xff,
    0x48, 0x24, 0x08, 0xff, 0x50, 0x24, 0x08, 0xff, 0x48, 0x24, 0x08, 0xff,
    0x48, 0x20, 0x00, 0xff, 0x50, 0x24, 0x00, 0xff, 0x48, 0x20, 0x08, 0xff,
    0x48, 0x24, 0x08, 0xff, 0x50, 0x24, 0x00, 0xff, 0x50, 0x20, 0x00, 0xff,
    0x48, 0x24, 0x08, 0xff, 0x48, 0x24, 0x00, 0xff, 0x50, 0x20, 0x00, 0xff,
    0x48, 0x24, 0x00, 0xff, 0x48, 0x24, 0x00, 0xff, 0x48, 0x24, 0x00, 0xff,
    0x48, 0x24, 0x08, 0xff, 0x50, 0x24, 0x00, 0xff, 0x48, 0x24, 0x00, 0xff,
    0x48, 0x20, 0x08, 0xff, 0x48, 0x24, 0x08, 0xff, 0x48, 0x24, 0x08, 0xff,
    0x50, 0x24, 0x00, 0xff, 0x48, 0x24, 0x00, 0xff, 0x48, 0x20, 0x00, 0xff,
    0x50, 0x24, 0x08, 0xff, 0x50, 0x24, 0x08, 0xff, 0x48, 0x24, 0x00, 0xff,
    0x48, 0x24, 0x00, 0xff, 0x48, 0x24, 0x08, 0xff, 0x48, 0x20, 0x00, 0xff,
    0x50, 0x20, 0x00, 0xff, 0x48, 0x24, 0x00, 0xff, 0x48, 0x20, 0x08, 0xff,
    0x48, 0x20, 0x08, 0xff, 0x50, 0x24, 0x00, 0xff, 0x50, 0x24, 0x00, 0xff,
    0x48, 0x20, 0x00, 0xff, 0x48, 0x24, 0x08, 0xff, 0x50, 0x24, 0x08, 0xff,
    0x50, 0x24, 0x00, 0xff, 0x48, 0x24, 0x00, 0xff, 0x48, 0x24, 0x00, 0xff,
    0x50, 0x20, 0x00, 0xff, 0x50, 0x24, 0x08, 0xff, 0x48, 0x24, 0x00, 0xff,
    0x50, 0x24, 0x08, 0xff, 0x48, 0x24, 0x00, 0xff, 0x48, 0x24, 0x00, 0xff,
    0x50, 0x24, 0x08, 0xff, 0x48, 0x20, 0x00, 0xff, 0x48, 0x24, 0x00, 0xff,
    0x50, 0x24, 0x08, 0xff, 0x50, 0x24, 0x08, 0xff, 0x48, 0x24, 0x00, 0xff,
    0x48, 0x24, 0x00, 0xff, 0x48, 0x24, 0x08, 0xff, 0x50, 0x20, 0x00, 0xff,
    0x48, 0x20, 0x00, 0xff, 0x50, 0x24, 0x00, 0xff, 0x50, 0x24, 0x08, 0xff,
    0x48, 0x24, 0x00, 0xff, 0x50, 0x24, 0x08, 0xff, 0x48, 0x24, 0x08, 0xff,
    0x48, 0x20, 0x00, 0xff, 0x48, 0x24, 0x00, 0xff, 0x50, 0x24, 0x00, 0xff,
    0x48, 0x24, 0x08, 0xff, 0x48, 0x24, 0x00, 0xff, 0x50, 0x20, 0x00, 0xff,
    0x50, 0x20, 0x00, 0xff, 0x48, 0x24, 0x00, 0xff, 0x50, 0x24, 0x00, 0xff,
    0x48, 0x24, 0x08, 0xff, 0x48, 0x24, 0x00, 0xff, 0x50, 0x20, 0x08, 0xff,
    0x50, 0x24, 0x08, 0xff, 0x48, 0x20, 0x08, 0xff, 0x50, 0x20, 0x08, 0xff,
    0x48, 0x24, 0x00, 0xff, 0x48, 0x24, 0x00, 0xff, 0x48, 0x20, 0x08, 0xff,
    0x48, 0x24, 0x00, 0xff, 0x50, 0x20, 0x00, 0xff, 0x48, 0x20, 0x08, 0xff,
    0x50, 0x24, 0x00, 0xff, 0x48, 0x24, 0x00, 0xff, 0x48, 0x24, 0x08, 0xff,
    0x48, 0x24, 0x00, 0xff, 0x50, 0x24, 0x00, 0xff, 0x50, 0x24, 0x08, 0xff,
    0x48, 0x20, 0x08, 0xff, 0x48, 0x20, 0x00, 0xff, 0x50, 0x24, 0x00, 0xff,
    0x48, 0x24, 0x08, 0xff, 0x50, 0x20, 0x00, 0xff, 0x48, 0x24, 0x00, 0xff,
    0x48, 0x24, 0x00, 0xff, 0x50, 0x20, 0x00, 0xff, 0x48, 0x24, 0x08, 0xff,
    0x48, 0x24, 0x08, 0xff, 0x48, 0x24, 0x00, 0xff, 0x48, 0x24, 0x00, 0xff,
    0x48, 0x24, 0x00, 0xff, 0x50, 0x20, 0x08, 0xff, 0x50, 0x24, 0x00, 0xff,
    0x48, 0x24, 0x00, 0xff, 0x48, 0x24, 0x00, 0xff, 0x50, 0x24, 0x08, 0xff,
    0x50, 0x20, 0x00, 0xff, 0x48, 0x20, 0x00, 0xff, 0x48, 0x24, 0x00, 0xff,
    0x48, 0x24, 0x00, 0xff, 0x50, 0x24, 0x08, 0xff, 0x48, 0x20, 0x08, 0xff,
    0x48, 0x24, 0x00, 0xff, 0x48, 0x24, 0x08, 0xff, 0x48, 0x24, 0x08, 0xff,
    0x50, 0x20, 0x00, 0xff, 0x50, 0x24, 0x00, 0xff, 0x50, 0x24, 0x00, 0xff,
    0x50, 0x20, 0x00, 0xff, 0x48, 0x24, 0x08, 0xff, 0x48, 0x24, 0x00, 0xff,
    0x48, 0x24, 0x08, 0xff, 0x48, 0x24, 0x08, 0xff, 0x48, 0x24, 0x08, 0xff,
    0x50, 0x24, 0x08, 0xff, 0x48, 0x24, 0x08, 0xff, 0x48, 0x24, 0x08, 0xff,
    0x50, 0x20, 0x00, 0xff, 0x50, 0x24, 0x00, 0xff, 0x48, 0x24, 0x00, 0xff,
    0x48, 0x20, 0x00, 0xff, 0x50, 0x24, 0x08, 0xff, 0x50, 0x24, 0x08, 0xff,
    0x50, 0x20, 0x00, 0xff, 0x48, 0x24, 0x00, 0xff, 0x48, 0x24, 0x08, 0xff,
    0x48, 0x20, 0x08, 0xff, 0x48, 0x24, 0x00, 0xff, 0x48, 0x24, 0x08, 0xff,
    0x50, 0x24, 0x08, 0xff, 0x50, 0x20, 0x00, 0xff, 0x48, 0x24, 0x00, 0xff,
    0x50, 0x24, 0x08, 0xff, 0x48, 0x24, 0x08, 0xff, 0x48, 0x20, 0x00, 0xff,
    0x48, 0x24, 0x00, 0xff, 0x48, 0x24, 0x00, 0xff, 0x48, 0x24, 0x00, 0xff,
    0x50, 0x20, 0x08, 0xff, 0x48, 0x24, 0x00, 0xff, 0x48, 0x24, 0x00, 0xff,
    0x50, 0x20, 0x00, 0xff, 0x50, 0x24, 0x00, 0xff, 0x50, 0x24, 0x00, 0xff,
    0x48, 0x20, 0x08, 0xff, 0x48, 0x24, 0x00, 0xff, 0x50, 0x24, 0x00, 0xff,
    0x48, 0x24, 0x00, 0xff, 0x48, 0x24, 0x08, 0xff, 0x50, 0x24, 0x00, 0xff,
    0x48, 0x20, 0x00, 0xff, 0x50, 0x24, 0x08, 0xff, 0x50, 0x24, 0x08, 0xff,
    0x48, 0x24, 0x00, 0xff, 0x50, 0x24, 0x08, 0xff, 0x50, 0x20, 0x08, 0xff,
    0x48, 0x24, 0x00, 0xff, 0x48, 0x24, 0x08, 0xff, 0x50, 0x20, 0x00, 0xff,
    0x50, 0x24, 0x00, 0xff, 0x48, 0x24, 0x00, 0xff, 0x48, 0x20, 0x00, 0xff,
    0x48, 0x24, 0x08, 0xff, 0x50, 0x24, 0x00, 0xff, 0x50, 0x20, 0x08, 0xff,
    0x48, 0x24, 0x08, 0xff, 0x48, 0x24, 0x00, 0xff, 0x48, 0x20, 0x00, 0xff,
    0x48, 0x20, 0x00, 0xff, 0x50, 0x24, 0x00, 0xff, 0x50, 0x24, 0x08, 0xff,
    0x48, 0x24, 0x00, 0xff, 0x50, 0x24, 0x00, 0xff, 0x48, 0x24, 0x08, 0xff,
    0x50, 0x24, 0x00, 0xff, 0x48, 0x20, 0x00, 0xff, 0x48, 0x24, 0x00, 0xff,
    0x50, 0x24, 0x08, 0xff, 0x50, 0x20, 0x00, 0xff, 0x48, 0x24, 0x00, 0xff,
    0x48, 0x24, 0x08, 0xff, 0x48, 0x20, 0x00, 0xff, 0x48, 0x24, 0x08, 0xff,
    0x48, 0x24, 0x08, 0xff, 0x48, 0x20, 0x00, 0xff, 0x48, 0x24, 0x00, 0xff,
    0x48, 0x20, 0x00, 0xff, 0x48, 0x20, 0x00, 0xff, 0x48, 0x24, 0x08, 0xff,
    0x48, 0x24, 0x00, 0xff, 0x50, 0x24, 0x00, 0xff, 0x50, 0x24, 0x08, 0xff,
    0x48, 0x24, 0x00, 0xff, 0x48, 0x20, 0x00, 0xff, 0x50, 0x24, 0x08, 0xff,
    0x48, 0x24, 0x00, 0xff, 0x50, 0x24, 0x00, 0xff, 0x50, 0x24, 0x00, 0xff,
    0x50, 0x24, 0x00, 0xff, 0x48, 0x20, 0x08, 0xff, 0x48, 0x24, 0x00, 0xff,
    0x48, 0x20, 0x00, 0xff, 0x48, 0x20, 0x00, 0xff, 0x50, 0x24, 0x00, 0xff,
    0x48, 0x24, 0x08, 0xff, 0x50, 0x20, 0x08, 0xff, 0x48, 0x24, 0x00, 0xff,
    0x50, 0x24, 0x00, 0xff, 0x50, 0x24, 0x08, 0xff, 0x48, 0x24, 0x08, 0xff,
    0x48, 0x24, 0x08, 0xff, 0x50, 0x24, 0x08, 0xff, 0x48, 0x20, 0x08, 0xff,
    0x48, 0x20, 0x00, 0xff, 0x48, 0x24, 0x00, 0xff, 0x48, 0x24, 0x00, 0xff,
    0x48, 0x24, 0x00, 0xff, 0x50, 0x24, 0x00, 0xff, 0x48, 0x24, 0x00, 0xff,
    0x50, 0x24, 0x08, 0xff, 0x50, 0x24, 0x00, 0xff, 0x50, 0x24, 0x00, 0xff,
    0x48, 0x24, 0x08, 0xff, 0x48, 0x24, 0x08, 0xff, 0x48, 0x24, 0x00, 0xff,
    0x48, 0x24, 0x00, 0xff, 0x50, 0x20, 0x08, 0xff, 0x50, 0x20, 0x00, 0xff,
    0x48, 0x24, 0x00, 0xff, 0x48, 0x20, 0x08, 0xff, 0x50, 0x24, 0x00, 0xff,
    0x48, 0x24, 0x00, 0xff, 0x48, 0x24, 0x08, 0xff, 0x48, 0x24, 0x00, 0xff,
    0x48, 0x20, 0x00, 0xff, 0x48, 0x24, 0x08, 0xff, 0x50, 0x24, 0x08, 0xff,
    0x50, 0x24, 0x00, 0xff, 0x48, 0x24, 0x08, 0xff, 0x50, 0x24, 0x00, 0xff,
    0x48, 0x24, 0x00, 0xff, 0x50, 0x20, 0x08, 0xff, 0x50, 0x24, 0x08, 0xff,
    0x48, 0x24, 0x00, 0xff, 0x48, 0x24, 0x08, 0xff, 0x48, 0x24, 0x08, 0xff,
    0x50, 0x24, 0x08, 0xff, 0x48, 0x20, 0x00, 0xff, 0x48, 0x24, 0x00, 0xff,
    0x50, 0x24, 0x08, 0xff, 0x48, 0x24, 0x08, 0xff, 0x50, 0x24, 0x08, 0xff,
    0x50, 0x20, 0x00, 0xff, 0x48, 0x24, 0x00, 0xff, 0x48, 0x24, 0x00, 0xff,
    0x50, 0x20, 0x08, 0xff, 0x48, 0x20, 0x00, 0xff, 0x48, 0x24, 0x00, 0xff,
    0x48, 0x24, 0x00, 0xff, 0x48, 0x24, 0x08, 0xff, 0x48, 0x20, 0x00, 0xff,
    0x48, 0x24, 0x00, 0xff, 0x48, 0x20, 0x08, 0xff, 0x48, 0x24, 0x08, 0xff,
    0x50, 0x20, 0x00, 0xff, 0x50, 0x20, 0x00, 0xff, 0x48, 0x24, 0x00, 0xff,
    0x48, 0x24, 0x00, 0xff, 0x50, 0x24, 0x00, 0xff, 0x48, 0x20, 0x00, 0xff,
    0x48, 0x24, 0x00, 0xff, 0x48, 0x24, 0x08, 0xff, 0x50, 0x24, 0x08, 0xff,
    0x50, 0x24, 0x00, 0xff, 0x48, 0x24, 0x00, 0xff, 0x48, 0x24, 0x00, 0xff,
    0x48, 0x24, 0x08, 0xff, 0x50, 0x20, 0x00, 0xff, 0x50, 0x24, 0x00, 0xff,
    0x48, 0x24, 0x00, 0xff, 0x48, 0x24, 0x08, 0xff, 0x50, 0x24, 0x00, 0xff,
    0x48, 0x20, 0x00, 0xff, 0x50, 0x24, 0x08, 0xff, 0x50, 0x24, 0x08, 0xff,
    0x48, 0x24, 0x00, 0xff, 0x48, 0x20, 0x00, 0xff, 0x48, 0x24, 0x08, 0xff,
    0x50, 0x24, 0x08, 0xff, 0x48, 0x24, 0x08, 0xff, 0x48, 0x20, 0x00, 0xff,
    0x48, 0x24, 0x00, 0xff, 0x50, 0x24, 0x00, 0xff, 0x50, 0x24, 0x08, 0xff,
    0x48, 0x24, 0x08, 0xff, 0x48, 0x20, 0x00, 0xff, 0x48, 0x24, 0x00, 0xff,
    0x50, 0x24, 0x00, 0xff, 0x48, 0x24, 0x08, 0xff, 0x48, 0x24, 0x08, 0xff,
    0x50, 0x20, 0x00, 0xff, 0x48, 0x20, 0x00, 0xff, 0x48, 0x24, 0x08, 0xff,
    0x48, 0x24, 0x00, 0xff, 0x48, 0x24, 0x00, 0xff, 0x48, 0x20, 0x08, 0xff,
    0x48, 0x24, 0x08, 0xff, 0x48, 0x24, 0x00, 0xff, 0x50, 0x24, 0x00, 0xff,
    0x50, 0x20, 0x00, 0xff, 0x48, 0x24, 0x00, 0xff, 0x48, 0x24, 0x08, 0xff,
    0x48, 0x24, 0x08, 0xff, 0x50, 0x24, 0x00, 0xff, 0x50, 0x24, 0x00, 0xff,
    0x50, 0x24, 0x00, 0xff, 0x48, 0x20, 0x08, 0xff, 0x48, 0x24, 0x00, 0xff,
    0x48, 0x24, 0x00, 0xff, 0x48, 0x24, 0x00, 0xff, 0x50, 0x24, 0x00, 0xff,
    0x50, 0x24, 0x08, 0xff, 0x48, 0x20, 0x00, 0xff, 0x48, 0x24, 0x00, 0xff,
    0x48, 0x24, 0x08, 0xff, 0x48, 0x20, 0x08, 0xff, 0x50, 0x24, 0x00, 0xff,
    0x48, 0x24, 0x00, 0xff, 0x48, 0x24, 0x08, 0xff, 0x48, 0x20, 0x08, 0xff,
    0x48, 0x24, 0x00, 0xff, 0x48, 0x24, 0x08, 0xff, 0x48, 0x24, 0x00, 0xff,
    0x50, 0x20, 0x00, 0xff, 0x50, 0x24, 0x08, 0xff, 0x50, 0x24, 0x00, 0xff,
    0x48, 0x24, 0x00, 0xff, 0x50, 0x24, 0x00, 0xff, 0x50, 0x24, 0x08, 0xff,
    0x48, 0x24, 0x00, 0xff, 0x50, 0x24, 0x08, 0xff, 0x50, 0x24, 0x08, 0xff,
    0x48, 0x20, 0x00, 0xff, 0x48, 0x24, 0x00, 0xff, 0x48, 0x24, 0x08, 0xff,
    0x48, 0x20, 0x00, 0xff, 0x48, 0x24, 0x00, 0xff, 0x48, 0x24, 0x00, 0xff,
    0x50, 0x20, 0x08, 0xff, 0x48, 0x20, 0x00, 0xff, 0x48, 0x24, 0x08, 0xff,
    0x48, 0x24, 0x08, 0xff, 0x48, 0x24, 0x00, 0xff, 0x50, 0x24, 0x08, 0xff,
    0x50, 0x24, 0x08, 0xff, 0x48, 0x24, 0x00, 0xff, 0x48, 0x24, 0x00, 0xff,
    0x50, 0x20, 0x00, 0xff, 0x48, 0x24, 0x00, 0xff, 0x48, 0x24, 0x08, 0xff,
    0x48, 0x20, 0x00, 0xff, 0x50, 0x20, 0x00, 0xff, 0x48, 0x24, 0x00, 0xff,
    0x48, 0x24, 0x00, 0xff, 0x48, 0x24, 0x00, 0xff, 0x48, 0x24, 0x00, 0xff,
    0x50, 0x24, 0x08, 0xff, 0x50, 0x24, 0x08, 0xff, 0x50, 0x24, 0x00, 0xff,
    0x48, 0x24, 0x08, 0xff, 0x48, 0x20, 0x00, 0xff, 0x50, 0x24, 0x00, 0xff,
    0x48, 0x20, 0x00, 0xff, 0x48, 0x24, 0x08, 0xff, 0x48, 0x24, 0x08, 0xff,
    0x50, 0x20, 0x00, 0xff, 0x50, 0x24, 0x00, 0xff, 0x48, 0x24, 0x08, 0xff,
    0x50, 0x24, 0x08, 0xff, 0x48, 0x24, 0x00, 0xff, 0x48, 0x24, 0x00, 0xff,
    0x50, 0x24, 0x08, 0xff, 0x48, 0x24, 0x08, 0xff, 0x48, 0x20, 0x00, 0xff,
    0x48, 0x24, 0x00, 0xff, 0x50, 0x24, 0x00, 0xff, 0x50, 0x24, 0x08, 0xff,
    0x50, 0x24, 0x00, 0xff, 0x48, 0x24, 0x00, 0xff, 0x48, 0x24, 0x08, 0xff,
    0x48, 0x20, 0x08, 0xff, 0x48, 0x24, 0x00, 0xff, 0x48, 0x24, 0x00, 0xff,
    0x50, 0x20, 0x00, 0xff, 0x48, 0x24, 0x00, 0xff, 0x48, 0x24, 0x00, 0xff,
    0x48, 0x24, 0x00, 0xff, 0x50, 0x20, 0x00, 0xff, 0x48, 0x24, 0x00, 0xff,
    0x48, 0x24, 0x00, 0xff, 0x50, 0x20, 0x08, 0xff, 0x48, 0x24, 0x00, 0xff,
    0x48, 0x24, 0x00, 0xff, 0x48, 0x24, 0x00, 0xff, 0x50, 0x24, 0x00, 0xff,
    0x48, 0x24, 0x08, 0xff, 0x48, 0x20, 0x00, 0xff, 0x50, 0x24, 0x08, 0xff,
    0x48, 0x24, 0x00, 0xff, 0x50, 0x24, 0x00, 0xff, 0x50, 0x24, 0x00, 0xff,
    0x48, 0x24, 0x08, 0xff, 0x48, 0x20, 0x00, 0xff, 0x48, 0x24, 0x08, 0xff,
    0x50, 0x24, 0x08, 0xff, 0x50, 0x24, 0x00, 0xff, 0x50, 0x24, 0x00, 0xff,
    0x48, 0x24, 0x00, 0xff, 0x48, 0x24, 0x00, 0xff, 0x50, 0x24, 0x08, 0xff,
    0x48, 0x20, 0x00, 0xff, 0x48, 0x24, 0x00, 0xff, 0x50, 0x24, 0x08, 0xff,
    0x50, 0x24, 0x00, 0xff, 0x48, 0x24, 0x00, 0xff, 0x48, 0x20, 0x00, 0xff,
    0x48, 0x24, 0x08, 0xff, 0x50, 0x24, 0x08, 0xff, 0x48, 0x20, 0x00, 0xff,
    0x48, 0x24, 0x00, 0xff, 0x48, 0x24, 0x08, 0xff, 0x48, 0x20, 0x08, 0xff,
    0x50, 0x24, 0x00, 0xff, 0x50, 0x24, 0x00, 0xff, 0x48, 0x20, 0x00, 0xff,
    0x48, 0x24, 0x00, 0xff, 0x48, 0x24, 0x00, 0xff, 0x48, 0x24, 0x00, 0xff,
    0x48, 0x20, 0x00, 0xff, 0x50, 0x24, 0x08, 0xff, 0x50, 0x24, 0x00, 0xff,
    0x48, 0x24, 0x00, 0xff, 0x50, 0x20, 0x00, 0xff, 0x50, 0x24, 0x08, 0xff,
    0x50, 0x24, 0x08, 0xff, 0x48, 0x20, 0x08, 0xff, 0x48, 0x20, 0x00, 0xff,
    0x48, 0x24, 0x00, 0xff, 0x48, 0x24, 0x08, 0xff, 0x48, 0x20, 0x08, 0xff,
    0x48, 0x24, 0x00, 0xff, 0x50, 0x24, 0x00, 0xff, 0x48, 0x20, 0x00, 0xff,
    0x48, 0x24, 0x08, 0xff, 0x50, 0x24, 0x00, 0xff, 0x50, 0x24, 0x00, 0xff,
    0x48, 0x24, 0x08, 0xff, 0x50, 0x24, 0x00, 0xff, 0x50, 0x24, 0x00, 0xff,
    0x50, 0x20, 0x00, 0xff, 0x48, 0x24, 0x00, 0xff, 0x48, 0x20, 0x08, 0xff,
    0x48, 0x24, 0x08, 0xff, 0x50, 0x24, 0x00, 0xff, 0x48, 0x24, 0x00, 0xff,
    0x50, 0x20, 0x00, 0xff, 0x48, 0x24, 0x08, 0xff, 0x48, 0x24, 0x08, 0xff,
    0x48, 0x20, 0x08, 0xff, 0x48, 0x24, 0x00, 0xff, 0x48, 0x24, 0x00, 0xff,
    0x50, 0x24, 0x00, 0xff, 0x50, 0x20, 0x08, 0xff, 0x48, 0x24, 0x08, 0xff,
    0x48, 0x24, 0x08, 0xff, 0x48, 0x24, 0x08, 0xff, 0x50, 0x20, 0x00, 0xff,
    0x50, 0x24, 0x00, 0xff, 0x48, 0x24, 0x00, 0xff, 0x48, 0x20, 0x08, 0xff,
    0x48, 0x24, 0x00, 0xff, 0x50, 0x24, 0x00, 0xff, 0x50, 0x24, 0x08, 0xff,
    0x50, 0x24, 0x00, 0xff, 0x48, 0x24, 0x00, 0xff, 0x50, 0x20, 0x08, 0xff,
    0x48, 0x24, 0x00, 0xff, 0x48, 0x24, 0x00, 0xff, 0x48, 0x20, 0x00, 0xff,
    0x50, 0x20, 0x08, 0xff, 0x48, 0x24, 0x08, 0xff, 0x48, 0x20, 0x00, 0xff,
    0x50, 0x24, 0x08, 0xff, 0x48, 0x24, 0x00, 0xff, 0x50, 0x24, 0x00, 0xff,
    0x50, 0x24, 0x08, 0xff, 0x48, 0x20, 0x00, 0xff, 0x48, 0x24, 0x00, 0xff,
    0x50, 0x24, 0x08, 0xff, 0x50, 0x24, 0x08, 0xff, 0x50, 0x24, 0x08, 0xff,
    0x48, 0x24, 0x00, 0xff, 0x48, 0x24, 0x08, 0xff, 0x48, 0x20, 0x00, 0xff,
    0x48, 0x24, 0x00, 0xff, 0x50, 0x24, 0x08, 0xff, 0x48, 0x24, 0x00, 0xff,
    0x48, 0x20, 0x00, 0xff, 0x50, 0x24, 0x08, 0xff, 0x48, 0x24, 0x08, 0xff,
    0x48, 0x24, 0x00, 0xff, 0x50, 0x24, 0x00, 0xff, 0x50, 0x24, 0x00, 0xff,
    0x48, 0x24, 0x08, 0xff, 0x48, 0x24, 0x00, 0xff, 0x50, 0x20, 0x08, 0xff,
    0x50, 0x24, 0x00, 0xff, 0x48, 0x20, 0x00, 0xff, 0x50, 0x24, 0x00, 0xff,
    0x48, 0x24, 0x00, 0xff, 0x48, 0x20, 0x00, 0xff, 0x48, 0x24, 0x08, 0xff,
    0x50, 0x20, 0x00, 0xff, 0x48, 0x24, 0x08, 0xff, 0x48, 0x24, 0x08, 0xff,
    0x48, 0x24, 0x00, 0xff, 0x48, 0x20, 0x00, 0xff, 0x48, 0x24, 0x00, 0xff,
    0x48, 0x24, 0x00, 0xff, 0x48, 0x20, 0x08, 0xff, 0x50, 0x24, 0x00, 0xff,
    0x48, 0x24, 0x00, 0xff, 0x48, 0x20, 0x08, 0xff, 0x48, 0x24, 0x00, 0xff,
    0x48, 0x24, 0x00, 0xff, 0x50, 0x24, 0x00, 0xff, 0x50, 0x24, 0x08, 0xff,
    0x50, 0x24, 0x00, 0xff, 0x48, 0x20, 0x08, 0xff, 0x48, 0x20, 0x00, 0xff,
    0x48, 0x24, 0x08, 0xff, 0x50, 0x24, 0x00, 0xff, 0x48, 0x24, 0x00, 0xff,
    0x50, 0x20, 0x00, 0xff, 0x50, 0x24, 0x00, 0xff, 0x48, 0x20, 0x08, 0xff,
    0x48, 0x24, 0x08, 0xff, 0x48, 0x24, 0x08, 0xff, 0x50, 0x24, 0x00, 0xff,
    0x48, 0x24, 0x00, 0xff, 0x50, 0x24, 0x08, 0xff, 0x50, 0x20, 0x00, 0xff,
    0x48, 0x24, 0x00, 0xff, 0x48, 0x24, 0x00, 0xff, 0x50, 0x24, 0x08, 0xff,
    0x50, 0x24, 0x08, 0xff, 0x48, 0x20, 0x00, 0xff, 0x48, 0x24, 0x00, 0xff,
    0x48, 0x24, 0x00, 0xff, 0x48, 0x24, 0x08, 0xff, 0x50, 0x24, 0x00, 0xff,
    0x48, 0x24, 0x00, 0xff, 0x48, 0x24, 0x08, 0xff, 0x50, 0x24, 0x08, 0xff,
    0x50, 0x20, 0x00, 0xff, 0x50, 0x24, 0x08, 0xff, 0x50, 0x24, 0x00, 0xff,
    0x48, 0x24, 0x00, 0xff, 0x48, 0x24, 0x00, 0xff, 0x48, 0x20, 0x00, 0xff,
    0x48, 0x24, 0x08, 0xff, 0x48, 0x24, 0x08, 0xff, 0x48, 0x20, 0x00, 0xff,
    0x50, 0x24, 0x08, 0xff, 0x48, 0x24, 0x08, 0xff, 0x48, 0x20, 0x00, 0xff,
    0x48, 0x20, 0x08, 0xff, 0x50, 0x24, 0x08, 0xff, 0x48, 0x24, 0x08, 0xff,
    0x48, 0x20, 0x00, 0xff, 0x48, 0x24, 0x00, 0xff, 0x50, 0x24, 0x08, 0xff,
    0x50, 0x20, 0x00, 0xff, 0x50, 0x24, 0x00, 0xff, 0x48, 0x24, 0x08, 0xff,
    0x48, 0x24, 0x00, 0xff, 0x48, 0x20, 0x00, 0xff, 0x50, 0x24, 0x08, 0xff,
    0x50, 0x24, 0x08, 0xff, 0x48, 0x24, 0x00, 0xff, 0x48, 0x20, 0x08, 0xff,
    0x50, 0x24, 0x08, 0xff, 0x48, 0x24, 0x00, 0xff, 0x48, 0x24, 0x00, 0xff,
    0x50, 0x20, 0x00, 0xff, 0x48, 0x24, 0x00, 0xff, 0x48, 0x24, 0x00, 0xff,
    0x48, 0x24, 0x00, 0xff, 0x48, 0x24, 0x00, 0xff, 0x48, 0x24, 0x00, 0xff,
    0x50, 0x24, 0x00, 0xff, 0x50, 0x24, 0x00, 0xff, 0x50, 0x24, 0x00, 0xff,
    0x50, 0x24, 0x08, 0xff, 0x48, 0x24, 0x08, 0xff, 0x50, 0x24, 0x00, 0xff,
    0x48, 0x24, 0x00, 0xff, 0x48, 0x24, 0x08, 0xff, 0x48, 0x24, 0x08, 0xff,
    0x50, 0x20, 0x00, 0xff, 0x48, 0x20, 0x08, 0xff, 0x48, 0x24, 0x00, 0xff,
    0x48, 0x24, 0x00, 0xff, 0x50, 0x24, 0x08, 0xff, 0x48, 0x24, 0x00, 0xff,
    0x48, 0x24, 0x00, 0xff, 0x48, 0x24, 0x08, 0xff, 0x50, 0x20, 0x08, 0xff,
    0x48, 0x24, 0x00, 0xff, 0x48, 0x24, 0x00, 0xff, 0x48, 0x20, 0x00, 0xff,
    0x50, 0x24, 0x00, 0xff, 0x48, 0x24, 0x00, 0xff, 0x50, 0x24, 0x08, 0xff,
    0x48, 0x20, 0x08, 0xff, 0x48, 0x24, 0x00, 0xff, 0x50, 0x20, 0x00, 0xff,
    0x48, 0x24, 0x00, 0xff, 0x50, 0x24, 0x00, 0xff, 0x48, 0x24, 0x08, 0xff,
    0x48, 0x24, 0x00, 0xff, 0x50, 0x24, 0x00, 0xff, 0x50, 0x24, 0x00, 0xff,
    0x50, 0x24, 0x08, 0xff, 0x48, 0x20, 0x00, 0xff, 0x48, 0x24, 0x00, 0xff,
    0x48, 0x24, 0x08, 0xff, 0x50, 0x20, 0x00, 0xff, 0x48, 0x24, 0x00, 0xff,
    0x50, 0x24, 0x08, 0xff, 0x48, 0x24, 0x08, 0xff, 0x48, 0x24, 0x08, 0xff,
    0x48, 0x24, 0x00, 0xff, 0x48, 0x24, 0x00, 0xff, 0x48, 0x24, 0x00, 0xff,
    0x48, 0x20, 0x00, 0xff, 0x48, 0x24, 0x00, 0xff, 0x48, 0x24, 0x08, 0xff,
    0x48, 0x20, 0x00, 0xff, 0x50, 0x24, 0x00, 0xff, 0x50, 0x24, 0x08, 0xff,
    0x48, 0x20, 0x00, 0xff, 0x48, 0x24, 0x00, 0xff, 0x48, 0x20, 0x00, 0xff,
    0x48, 0x24, 0x00, 0xff, 0x50, 0x24, 0x00, 0xff, 0x50, 0x24, 0x00, 0xff,
    0x50, 0x20, 0x00, 0xff, 0x48, 0x24, 0x00, 0xff, 0x48, 0x20, 0x00, 0xff,
    0x48, 0x24, 0x00, 0xff, 0x48, 0x24, 0x00, 0xff, 0x50, 0x20, 0x08, 0xff,
    0x50, 0x24, 0x08, 0xff, 0x48, 0x24, 0x08, 0xff, 0x48, 0x20, 0x08, 0xff,
    0x50, 0x24, 0x00, 0xff, 0x48, 0x24, 0x08, 0xff, 0x48, 0x24, 0x00, 0xff,
    0x48, 0x24, 0x08, 0xff, 0x50, 0x24, 0x08, 0xff, 0x48, 0x20, 0x08, 0xff,
    0x50, 0x24, 0x00, 0xff, 0x48, 0x24, 0x00, 0xff, 0x48, 0x20, 0x00, 0xff,
    0x48, 0x24, 0x00, 0xff, 0x50, 0x24, 0x00, 0xff, 0x50, 0x24, 0x08, 0xff,
    0x50, 0x24, 0x08, 0xff, 0x50, 0x24, 0x00, 0xff, 0x50, 0x20, 0x00, 0xff,
    0x50, 0x24, 0x08, 0xff, 0x48, 0x24, 0x00, 0xff, 0x48, 0x24, 0x00, 0xff,
    0x50, 0x20, 0x00, 0xff, 0x50, 0x24, 0x00, 0xff, 0x50, 0x24, 0x08, 0xff,
    0x48, 0x20, 0x08, 0xff, 0x48, 0x20, 0x00, 0xff, 0x48, 0x24, 0x00, 0xff,
    0x48, 0x24, 0x08, 0xff, 0x48, 0x24, 0x00, 0xff, 0x50, 0x24, 0x00, 0xff,
    0x48, 0x20, 0x00, 0xff, 0x48, 0x20, 0x08, 0xff, 0x50, 0x24, 0x00, 0xff,
    0x48, 0x24, 0x00, 0xff, 0x48, 0x24, 0x08, 0xff, 0x50, 0x24, 0x00, 0xff,
    0x50, 0x24, 0x00, 0xff, 0x50, 0x24, 0x00, 0xff, 0x48, 0x20, 0x08, 0xff,
    0x48, 0x24, 0x00, 0xff, 0x48, 0x20, 0x08, 0xff, 0x48, 0x24, 0x08, 0xff,
    0x50, 0x24, 0x08, 0xff, 0x48, 0x24, 0x00, 0xff, 0x48, 0x20, 0x00, 0xff,
    0x48, 0x24, 0x08, 0xff, 0x50, 0x20, 0x00, 0xff, 0x50, 0x24, 0x08, 0xff,
    0x48, 0x20, 0x08, 0xff, 0x50, 0x24, 0x00, 0xff, 0x48, 0x24, 0x00, 0xff,
    0x50, 0x20, 0x08, 0xff, 0x48, 0x20, 0x00, 0xff, 0x48, 0x24, 0x00, 0xff,
    0x48, 0x24, 0x08, 0xff, 0x48, 0x24, 0x00, 0xff, 0x48, 0x24, 0x00, 0xff,
    0x48, 0x24, 0x00, 0xff, 0x48, 0x20, 0x08, 0xff, 0x50, 0x24, 0x08, 0xff,
    0x50, 0x20, 0x00, 0xff, 0x50, 0x24, 0x00, 0xff, 0x50, 0x24, 0x00, 0xff,
    0x48, 0x24, 0x00, 0xff, 0x50, 0x24, 0x00, 0xff, 0x50, 0x24, 0x08, 0xff,
    0x48, 0x24, 0x00, 0xff, 0x48, 0x24, 0x00, 0xff, 0x50, 0x20, 0x00, 0xff,
    0x50, 0x24, 0x00, 0xff, 0x48, 0x24, 0x00, 0xff, 0x48, 0x24, 0x00, 0xff,
    0x48, 0x24, 0x08, 0xff, 0x48, 0x24, 0x00, 0xff, 0x50, 0x24, 0x00, 0xff,
    0x48, 0x20, 0x08, 0xff, 0x48, 0x24, 0x08, 0xff, 0x48, 0x24, 0x00, 0xff,
    0x48, 0x24, 0x08, 0xff, 0x50, 0x24, 0x08, 0xff, 0x50, 0x20, 0x00, 0xff,
    0x48, 0x24, 0x00, 0xff, 0x48, 0x24, 0x00, 0xff, 0x48, 0x20, 0x08, 0xff,
    0x48, 0x24, 0x08, 0xff, 0x48, 0x24, 0x08, 0xff, 0x48, 0x20, 0x08, 0xff,
    0x50, 0x24, 0x00, 0xff, 0x50, 0x24, 0x00, 0xff, 0x50, 0x24, 0x08, 0xff,
    0x48, 0x24, 0x08, 0xff, 0x48, 0x20, 0x08, 0xff, 0x48, 0x24, 0x00, 0xff,
    0x48, 0x24, 0x00, 0xff, 0x48, 0x20, 0x00, 0xff, 0x48, 0x20, 0x08, 0xff,
    0x50, 0x24, 0x00, 0xff, 0x50, 0x24, 0x00, 0xff, 0x48, 0x20, 0x00, 0xff,
    0x48, 0x24, 0x00, 0xff, 0x50, 0x24, 0x00, 0xff, 0x48, 0x24, 0x08, 0xff,
    0x48, 0x24, 0x08, 0xff, 0x48, 0x20, 0x00, 0xff, 0x50, 0x24, 0x00, 0xff,
    0x50, 0x24, 0x00, 0xff, 0x48, 0x20, 0x00, 0xff, 0x48, 0x24, 0x00, 0xff,
    0x48, 0x24, 0x08, 0xff, 0x50, 0x20, 0x00, 0xff, 0x50, 0x24, 0x00, 0xff,
    0x50, 0x24, 0x08, 0xff, 0x48, 0x24, 0x08, 0xff, 0x50, 0x20, 0x00, 0xff,
    0x50, 0x24, 0x00, 0xff, 0x48, 0x24, 0x08, 0xff, 0x48, 0x24, 0x00, 0xff,
    0x50, 0x24, 0x00, 0xff, 0x48, 0x20, 0x00, 0xff, 0x48, 0x24, 0x00, 0xff,
    0x48, 0x24, 0x08, 0xff, 0x48, 0x20, 0x08, 0xff, 0x48, 0x24, 0x08, 0xff,
    0x48, 0x24, 0x00, 0xff, 0x48, 0x24, 0x08, 0xff, 0x48, 0x20, 0x00, 0xff,
    0x50, 0x24, 0x00, 0xff, 0x48, 0x24, 0x08, 0xff, 0x48, 0x24, 0x00, 0xff,
    0x48, 0x24, 0x00, 0xff, 0x50, 0x20, 0x00, 0xff, 0x50, 0x24, 0x00, 0xff,
    0x50, 0x24, 0x00, 0xff, 0x50, 0x24, 0x00, 0xff, 0x50, 0x24, 0x08, 0xff,
    0x50, 0x24, 0x08, 0xff, 0x50, 0x20, 0x08, 0xff, 0x48, 0x24, 0x00, 0xff,
    0x48, 0x24, 0x00, 0xff, 0x48, 0x24, 0x08, 0xff, 0x48, 0x24, 0x08, 0xff,
    0x48, 0x20, 0x00, 0xff, 0x50, 0x24, 0x00, 0xff, 0x48, 0x24, 0x08, 0xff,
    0x50, 0x20, 0x00, 0xff, 0x48, 0x24, 0x08, 0xff, 0x48, 0x24, 0x08, 0xff,
    0x48, 0x24, 0x08, 0xff, 0x50, 0x24, 0x08, 0xff, 0x50, 0x24, 0x08, 0xff,
    0x50, 0x24, 0x08, 0xff, 0x50, 0x24, 0x00, 0xff, 0x48, 0x24, 0x00, 0xff,
    0x48, 0x20, 0x00, 0xff, 0x48, 0x24, 0x00, 0xff, 0x48, 0x24, 0x00, 0xff,
    0x48, 0x20, 0x00, 0xff, 0x50, 0x24, 0x00, 0xff, 0x48, 0x24, 0x00, 0xff,
    0x50, 0x24, 0x00, 0xff, 0x48, 0x20, 0x08, 0xff, 0x48, 0x24, 0x00, 0xff,
    0x48, 0x24, 0x08, 0xff, 0x50, 0x24, 0x08, 0xff, 0x50, 0x24, 0x08, 0xff,
    0x48, 0x24, 0x08, 0xff, 0x48, 0x24, 0x00, 0xff, 0x48, 0x20, 0x00, 0xff,
    0x48, 0x20, 0x00, 0xff, 0x48, 0x24, 0x08, 0xff, 0x48, 0x24, 0x08, 0xff,
    0x48, 0x24, 0x00, 0xff, 0x50, 0x24, 0x00, 0xff, 0x48, 0x20, 0x08, 0xff,
    0x48, 0x24, 0x08, 0xff, 0x48, 0x24, 0x08, 0xff, 0x48, 0x24, 0x00, 0xff,
    0x50, 0x24, 0x00, 0xff, 0x50, 0x24, 0x08, 0xff, 0x48, 0x24, 0x00, 0xff,
    0x48, 0x20, 0x00, 0xff, 0x50, 0x24, 0x08, 0xff, 0x48, 0x24, 0x08, 0xff,
    0x50, 0x24, 0x00, 0xff, 0x48, 0x24, 0x00, 0xff, 0x48, 0x24, 0x08, 0xff,
    0x48, 0x20, 0x08, 0xff, 0x48, 0x24, 0x00, 0xff, 0x48, 0x24, 0x00, 0xff,
    0x48, 0x20, 0x00, 0xff, 0x48, 0x20, 0x08, 0xff, 0x48, 0x24, 0x00, 0xff,
    0x48, 0x24, 0x00, 0xff, 0x50, 0x24, 0x00, 0xff, 0x48, 0x24, 0x00, 0xff,
    0x48, 0x24, 0x00, 0xff, 0x50, 0x20, 0x08, 0xff, 0x48, 0x24, 0x00, 0xff,
    0x50, 0x24, 0x00, 0xff, 0x48, 0x24, 0x00, 0xff, 0x48, 0x24, 0x08, 0xff,
    0x50, 0x24, 0x00, 0xff, 0x48, 0x20, 0x00, 0xff, 0x48, 0x24, 0x08, 0xff,
    0x48, 0x24, 0x00, 0xff, 0x50, 0x24, 0x08, 0xff, 0x48, 0x24, 0x00, 0xff,
    0x48, 0x20, 0x00, 0xff, 0x48, 0x24, 0x00, 0xff, 0x50, 0x20, 0x08, 0xff,
    0x50, 0x20, 0x08, 0xff, 0x50, 0x24, 0x00, 0xff, 0x48, 0x24, 0x00, 0xff,
    0x48, 0x24, 0x08, 0xff, 0x48, 0x24, 0x00, 0xff, 0x48, 0x24, 0x08, 0xff,
    0x48, 0x20, 0x08, 0xff, 0x48, 0x24, 0x00, 0xff, 0x48, 0x24, 0x00, 0xff,
    0x50, 0x24, 0x00, 0xff, 0x48, 0x24, 0x00, 0xff, 0x48, 0x24, 0x00, 0xff,
    0x50, 0x24, 0x08, 0xff, 0x50, 0x24, 0x08, 0xff, 0x48, 0x20, 0x08, 0xff,
    0x50, 0x24, 0x00, 0xff, 0x48, 0x24, 0x08, 0xff, 0x48, 0x20, 0x00, 0xff,
    0x50, 0x24, 0x00, 0xff, 0x50, 0x24, 0x00, 0xff, 0x48, 0x24, 0x00, 0xff,
    0x48, 0x20, 0x00, 0xff, 0x48, 0x24, 0x00, 0xff, 0x50, 0x24, 0x00, 0xff,
    0x48, 0x24, 0x00, 0xff, 0x50, 0x20, 0x08, 0xff, 0x50, 0x24, 0x08, 0xff,
    0x48, 0x24, 0x00, 0xff, 0x50, 0x24, 0x00, 0xff, 0x50, 0x24, 0x00, 0xff,
    0x48, 0x24, 0x08, 0xff, 0x48, 0x20, 0x08, 0xff, 0x48, 0x20, 0x00, 0xff,
    0x50, 0x24, 0x08, 0xff, 0x48, 0x24, 0x00, 0xff, 0x48, 0x20, 0x08, 0xff,
    0x50, 0x24, 0x00, 0xff, 0x50, 0x24, 0x00, 0xff, 0x48, 0x24, 0x00, 0xff,
    0x48, 0x24, 0x08, 0xff, 0x50, 0x20, 0x08, 0xff, 0x48, 0x24, 0x00, 0xff,
    0x48, 0x24, 0x00, 0xff, 0x48, 0x24, 0x08, 0xff, 0x50, 0x20, 0x00, 0xff,
    0x50, 0x24, 0x00, 0xff, 0x50, 0x24, 0x08, 0xff, 0x48, 0x20, 0x08, 0xff,
    0x48, 0x24, 0x08, 0xff, 0x50, 0x24, 0x00, 0xff, 0x50, 0x24, 0x08, 0xff,
    0x50, 0x24, 0x00, 0xff, 0x48, 0x24, 0x08, 0xff, 0x48, 0x24, 0x08, 0xff,
    0x48, 0x24, 0x00, 0xff, 0x48, 0x20, 0x00, 0xff, 0x48, 0x24, 0x00, 0xff,
    0x48, 0x24, 0x00, 0xff, 0x48, 0x24, 0x00, 0xff, 0x50, 0x24, 0x08, 0xff,
    0x48, 0x24, 0x08, 0xff, 0x48, 0x24, 0x08, 0xff, 0x50, 0x20, 0x00, 0xff,
    0x50, 0x24, 0x00, 0xff, 0x50, 0x24, 0x08, 0xff, 0x48, 0x20, 0x00, 0xff,
    0x48, 0x24, 0x00, 0xff, 0x50, 0x20, 0x00, 0xff, 0x50, 0x24, 0x08, 0xff,
    0x48, 0x24, 0x00, 0xff, 0x48, 0x24, 0x00, 0xff, 0x50, 0x20, 0x08, 0xff,
    0x48, 0x24, 0x08, 0xff, 0x48, 0x24, 0x00, 0xff, 0x48, 0x20, 0x00, 0xff,
    0x48, 0x24, 0x08, 0xff, 0x48, 0x20, 0x08, 0xff, 0x48, 0x20, 0x00, 0xff,
    0x48, 0x24, 0x00, 0xff, 0x48, 0x24, 0x00, 0xff, 0x50, 0x20, 0x00, 0xff,
    0x50, 0x24, 0x08, 0xff, 0x48, 0x24, 0x00, 0xff, 0x50, 0x24, 0x00, 0xff,
    0x50, 0x24, 0x00, 0xff, 0x48, 0x24, 0x08, 0xff, 0x50, 0x24, 0x00, 0xff,
    0x48, 0x24, 0x08, 0xff, 0x50, 0x24, 0x00, 0xff, 0x48, 0x20, 0x00, 0xff,
    0x48, 0x24, 0x00, 0xff, 0x48, 0x24, 0x00, 0xff, 0x48, 0x20, 0x00, 0xff,
    0x48, 0x20, 0x00, 0xff, 0x48, 0x24, 0x08, 0xff, 0x48, 0x20, 0x00, 0xff,
    0x48, 0x24, 0x00, 0xff, 0x50, 0x24, 0x00, 0xff, 0x50, 0x24, 0x08, 0xff,
    0x50, 0x24, 0x00, 0xff, 0x48, 0x20, 0x08, 0xff, 0x50, 0x20, 0x08, 0xff,
    0x48, 0x24, 0x00, 0xff, 0x48, 0x24, 0x00, 0xff, 0x50, 0x24, 0x00, 0xff,
    0x50, 0x24, 0x00, 0xff, 0x48, 0x20, 0x00, 0xff, 0x48, 0x24, 0x00, 0xff,
    0x50, 0x24, 0x00, 0xff, 0x50, 0x20, 0x08, 0xff, 0x48, 0x24, 0x00, 0xff,
    0x48, 0x24, 0x00, 0xff, 0x50, 0x24, 0x00, 0xff, 0x48, 0x24, 0x00, 0xff,
    0x48, 0x24, 0x08, 0xff, 0x48, 0x20, 0x08, 0xff, 0x50, 0x24, 0x00, 0xff,
    0x50, 0x24, 0x00, 0xff, 0x48, 0x20, 0x00, 0xff, 0x48, 0x20, 0x00, 0xff,
    0x48, 0x24, 0x00, 0xff, 0x48, 0x24, 0x00, 0xff, 0x50, 0x24, 0x08, 0xff,
    0x50, 0x24, 0x00, 0xff, 0x48, 0x20, 0x00, 0xff, 0x48, 0x24, 0x00, 0xff,
    0x48, 0x24, 0x08, 0xff, 0x50, 0x24, 0x08, 0xff, 0x50, 0x24, 0x00, 0xff,
    0x50, 0x24, 0x00, 0xff, 0x50, 0x20, 0x08, 0xff, 0x50, 0x24, 0x08, 0xff,
    0x48, 0x24, 0x08, 0xff, 0x48, 0x24, 0x00, 0xff, 0x50, 0x24, 0x00, 0xff,
    0x48, 0x24, 0x00, 0xff, 0x50, 0x20, 0x08, 0xff, 0x50, 0x24, 0x00, 0xff,
    0x48, 0x24, 0x00, 0xff, 0x48, 0x20, 0x00, 0xff, 0x50, 0x24, 0x08, 0xff,
    0x48, 0x24, 0x08, 0xff, 0x48, 0x20, 0x00, 0xff, 0x48, 0x24, 0x00, 0xff,
    0x48, 0x24, 0x00, 0xff, 0x50, 0x24, 0x00, 0xff, 0x50, 0x24, 0x08, 0xff,
    0x48, 0x20, 0x00, 0xff, 0x48, 0x24, 0x00, 0xff, 0x50, 0x24, 0x08, 0xff,
    0x50, 0x20, 0x00, 0xff, 0x50, 0x24, 0x08, 0xff, 0x48, 0x24, 0x00, 0xff,
    0x48, 0x24, 0x08, 0xff, 0x48, 0x24, 0x00, 0xff, 0x48, 0x24, 0x00, 0xff,
    0x48, 0x24, 0x00, 0xff, 0x50, 0x24, 0x08, 0xff, 0x48, 0x20, 0x00, 0xff,
    0x48, 0x24, 0x00, 0xff, 0x50, 0x24, 0x08, 0xff, 0x48, 0x20, 0x00, 0xff,
    0x48, 0x20, 0x08, 0xff, 0x50, 0x24, 0x08, 0xff, 0x48, 0x20, 0x08, 0xff,
    0x48, 0x24, 0x00, 0xff, 0x48, 0x24, 0x00, 0xff, 0x50, 0x20, 0x00, 0xff,
    0x48, 0x24, 0x00, 0xff, 0x50, 0x20, 0x00, 0xff, 0x48, 0x24, 0x08, 0xff,
    0x48, 0x24, 0x00, 0xff, 0x50, 0x24, 0x08, 0xff, 0x50, 0x20, 0x08, 0xff,
    0x50, 0x24, 0x00, 0xff, 0x48, 0x20, 0x00, 0xff, 0x48, 0x24, 0x08, 0xff,
    0x48, 0x24, 0x08, 0xff, 0x48, 0x24, 0x00, 0xff, 0x50, 0x24, 0x00, 0xff,
    0x50, 0x20, 0x00, 0xff, 0x48, 0x24, 0x00, 0xff, 0x48, 0x24, 0x00, 0xff,
    0x50, 0x20, 0x00, 0xff, 0x48, 0x24, 0x00, 0xff, 0x48, 0x24, 0x00, 0xff,
    0x48, 0x24, 0x00, 0xff, 0x50, 0x20, 0x00, 0xff, 0x50, 0x24, 0x00, 0xff,
    0x48, 0x24, 0x08, 0xff, 0x48, 0x20, 0x08, 0xff, 0x50, 0x24, 0x00, 0xff,
    0x48, 0x24, 0x00, 0xff, 0x48, 0x20, 0x08, 0xff, 0x50, 0x24, 0x08, 0xff,
    0x50, 0x24, 0x00, 0xff, 0x48, 0x20, 0x08, 0xff, 0x48, 0x24, 0x00, 0xff,
    0x48, 0x24, 0x00, 0xff, 0x48, 0x24, 0x00, 0xff, 0x48, 0x24, 0x00, 0xff,
    0x48, 0x20, 0x00, 0xff, 0x48, 0x24, 0x08, 0xff, 0x48, 0x24, 0x00, 0xff,
    0x48, 0x20, 0x00, 0xff, 0x48, 0x24, 0x00, 0xff, 0x48, 0x24, 0x00, 0xff,
    0x50, 0x24, 0x08, 0xff, 0x50, 0x20, 0x00, 0xff, 0x48, 0x24, 0x08, 0xff,
    0x48, 0x24, 0x08, 0xff, 0x50, 0x20, 0x00, 0xff, 0x48, 0x20, 0x00, 0xff,
    0x50, 0x24, 0x08, 0xff, 0x50, 0x20, 0x00, 0xff, 0x48, 0x24, 0x08, 0xff,
    0x48, 0x24, 0x00, 0xff, 0x48, 0x20, 0x00, 0xff, 0x50, 0x24, 0x00, 0xff,
    0x50, 0x24, 0x00, 0xff, 0x48, 0x24, 0x08, 0xff, 0x48, 0x24, 0x00, 0xff,
    0x50, 0x24, 0x08, 0xff, 0x50, 0x20, 0x00, 0xff, 0x48, 0x24, 0x00, 0xff,
    0x50, 0x24, 0x00, 0xff, 0x48, 0x20, 0x08, 0xff, 0x50, 0x24, 0x08, 0xff,
    0x48, 0x24, 0x00, 0xff, 0x48, 0x24, 0x00, 0xff, 0x50, 0x24, 0x08, 0xff,
    0x48, 0x24, 0x00, 0xff, 0x48, 0x24, 0x00, 0xff, 0x48, 0x24, 0x08, 0xff,
    0x48, 0x24, 0x00, 0xff, 0x50, 0x20, 0x00, 0xff, 0x48, 0x20, 0x00, 0xff,
    0x48, 0x24, 0x08, 0xff, 0x48, 0x24, 0x00, 0xff, 0x48, 0x20, 0x08, 0xff,
    0x48, 0x24, 0x00, 0xff, 0x48, 0x24, 0x00, 0xff, 0x50, 0x24, 0x00, 0xff,
    0x50, 0x20, 0x08, 0xff, 0x50, 0x24, 0x00, 0xff, 0x48, 0x24, 0x00, 0xff,
    0x48, 0x24, 0x00, 0xff, 0x50, 0x24, 0x00, 0xff, 0x50, 0x24, 0x08, 0xff,
    0x50, 0x24, 0x08, 0xff, 0x48, 0x24, 0x08, 0xff, 0x48, 0x20, 0x00, 0xff,
    0x48, 0x24, 0x08, 0xff, 0x48, 0x24, 0x00, 0xff, 0x48, 0x24, 0x00, 0xff,
    0x50, 0x24, 0x08, 0xff, 0x48, 0x20, 0x00, 0xff, 0x48, 0x20, 0x08, 0xff,
    0x50, 0x24, 0x00, 0xff, 0x48, 0x24, 0x08, 0xff, 0x48, 0x20, 0x00, 0xff,
    0x48, 0x24, 0x00, 0xff, 0x48, 0x24, 0x00, 0xff, 0x50, 0x24, 0x08, 0xff,
    0x50, 0x24, 0x08, 0xff, 0x48, 0x24, 0x00, 0xff, 0x50, 0x20, 0x08, 0xff,
    0x50, 0x20, 0x00, 0xff, 0x50, 0x24, 0x00, 0xff, 0x48, 0x24, 0x00, 0xff,
    0x48, 0x24, 0x00, 0xff, 0x50, 0x24, 0x08, 0xff, 0x50, 0x24, 0x08, 0xff,
    0x50, 0x24, 0x08, 0xff, 0x48, 0x24, 0x00, 0xff, 0x48, 0x20, 0x00, 0xff,
    0x48, 0x24, 0x08, 0xff, 0x50, 0x24, 0x08, 0xff, 0x50, 0x24, 0x00, 0xff,
    0x48, 0x20, 0x00, 0xff, 0x48, 0x20, 0x00, 0xff, 0x48, 0x24, 0x00, 0xff,
    0x48, 0x20, 0x00, 0xff, 0x48, 0x24, 0x00, 0xff, 0x48, 0x24, 0x00, 0xff,
    0x50, 0x24, 0x00, 0xff, 0x50, 0x24, 0x08, 0xff, 0x48, 0x24, 0x08, 0xff,
    0x48, 0x24, 0x00, 0xff, 0x48, 0x24, 0x08, 0xff, 0x48, 0x20, 0x08, 0xff,
    0x50, 0x24, 0x08, 0xff, 0x48, 0x24, 0x00, 0xff, 0x48, 0x24, 0x00, 0xff,
    0x50, 0x24, 0x00, 0xff, 0x50, 0x20, 0x08, 0xff, 0x50, 0x24, 0x08, 0xff,
    0x48, 0x24, 0x00, 0xff, 0x48, 0x20, 0x08, 0xff, 0x48, 0x24, 0x00, 0xff,
    0x50, 0x24, 0x08, 0xff, 0x50, 0x24, 0x00, 0xff, 0x48, 0x24, 0x00, 0xff,
    0x48, 0x24, 0x08, 0xff, 0x48, 0x24, 0x00, 0xff, 0x48, 0x24, 0x00, 0xff,
    0x48, 0x24, 0x00, 0xff, 0x50, 0x20, 0x08, 0xff, 0x50, 0x24, 0x00, 0xff,
    0x50, 0x20, 0x08, 0xff, 0x48, 0x20, 0x00, 0xff, 0x50, 0x24, 0x00, 0xff,
    0x50, 0x24, 0x00, 0xff, 0x50, 0x24, 0x00, 0xff, 0x50, 0x24, 0x08, 0xff,
    0x48, 0x24, 0x00, 0xff, 0x48, 0x24, 0x08, 0xff, 0x50, 0x24, 0x00, 0xff,
    0x48, 0x20, 0x00, 0xff, 0x48, 0x24, 0x00, 0xff, 0x48, 0x24, 0x08, 0xff,
    0x48, 0x24, 0x08, 0xff, 0x48, 0x24, 0x00, 0xff, 0x50, 0x24, 0x00, 0xff,
    0x48, 0x24, 0x08, 0xff, 0x48, 0x20, 0x00, 0xff, 0x48, 0x24, 0x00, 0xff,
    0x48, 0x24, 0x08, 0xff, 0x50, 0x24, 0x08, 0xff, 0x50, 0x24, 0x00, 0xff,
    0x50, 0x20, 0x00, 0xff, 0x48, 0x24, 0x00, 0xff, 0x48, 0x24, 0x00, 0xff,
    0x48, 0x24, 0x08, 0xff, 0x48, 0x24, 0x08, 0xff, 0x48, 0x20, 0x08, 0xff,
    0x48, 0x24, 0x08, 0xff, 0x50, 0x24, 0x00, 0xff, 0x50, 0x24, 0x08, 0xff,
    0x48, 0x24, 0x08, 0xff, 0x48, 0x24, 0x00, 0xff, 0x48, 0x24, 0x00, 0xff,
    0x50, 0x24, 0x08, 0xff, 0x48, 0x24, 0x00, 0xff, 0x48, 0x24, 0x08, 0xff,
    0x50, 0x24, 0x00, 0xff, 0x50, 0x24, 0x00, 0xff, 0x48, 0x24, 0x00, 0xff,
    0x48, 0x24, 0x08, 0xff, 0x50, 0x24, 0x00, 0xff, 0x48, 0x24, 0x00, 0xff,
    0x50, 0x20, 0x08, 0xff, 0x48, 0x20, 0x08, 0xff, 0x50, 0x24, 0x00, 0xff,
    0x50, 0x24, 0x00, 0xff, 0x50, 0x20, 0x00, 0xff, 0x48, 0x24, 0x08, 0xff,
    0x48, 0x24, 0x08, 0xff, 0x50, 0x20, 0x00, 0xff, 0x50, 0x20, 0x00, 0xff,
    0x48, 0x24, 0x00, 0xff, 0x48, 0x24, 0x08, 0xff, 0x50, 0x24, 0x00, 0xff,
    0x50, 0x24, 0x00, 0xff, 0x48, 0x24, 0x08, 0xff, 0x50, 0x24, 0x00, 0xff,
    0x48, 0x24, 0x00, 0xff, 0x48, 0x24, 0x00, 0xff, 0x48, 0x24, 0x00, 0xff,
    0x48, 0x24, 0x08, 0xff, 0x50, 0x24, 0x00, 0xff, 0x48, 0x24, 0x08, 0xff,
    0x48, 0x24, 0x08, 0xff, 0x48, 0x20, 0x00, 0xff, 0x50, 0x24, 0x00, 0xff,
    0x48, 0x20, 0x00, 0xff, 0x48, 0x24, 0x08, 0xff, 0x48, 0x24, 0x08, 0xff,
    0x48, 0x24, 0x00, 0xff, 0x50, 0x24, 0x00, 0xff, 0x48, 0x24, 0x08, 0xff,
    0x50, 0x24, 0x00, 0xff, 0x50, 0x20, 0x00, 0xff, 0x48, 0x24, 0x00, 0xff,
    0x50, 0x24, 0x08, 0xff, 0x50, 0x20, 0x08, 0xff, 0x48, 0x24, 0x00, 0xff,
    0x50, 0x24, 0x08, 0xff, 0x48, 0x24, 0x08, 0xff, 0x48, 0x24, 0x08, 0xff,
    0x48, 0x20, 0x00, 0xff, 0x50, 0x24, 0x08, 0xff, 0x50, 0x24, 0x00, 0xff,
    0x50, 0x20, 0x00, 0xff, 0x48, 0x20, 0x08, 0xff, 0x48, 0x24, 0x08, 0xff,
    0x48, 0x24, 0x00, 0xff, 0x48, 0x24, 0x08, 0xff, 0x50, 0x24, 0x08, 0xff,
    0x50, 0x24, 0x08, 0xff, 0x48, 0x24, 0x08, 0xff, 0x48, 0x20, 0x00, 0xff,
    0x48, 0x24, 0x00, 0xff, 0x48, 0x24, 0x00, 0xff, 0x48, 0x20, 0x00, 0xff,
    0x50, 0x24, 0x00, 0xff, 0x50, 0x24, 0x08, 0xff, 0x48, 0x24, 0x00, 0xff,
    0x48, 0x24, 0x00, 0xff, 0x50, 0x24, 0x08, 0xff, 0x48, 0x24, 0x00, 0xff,
    0x48, 0x24, 0x08, 0xff, 0x48, 0x20, 0x00, 0xff, 0x50, 0x24, 0x08, 0xff,
    0x48, 0x24, 0x08, 0xff, 0x48, 0x24, 0x08, 0xff, 0x48, 0x20, 0x00, 0xff,
    0x48, 0x24, 0x00, 0xff, 0x48, 0x20, 0x08, 0xff, 0x48, 0x24, 0x00, 0xff,
    0x48, 0x24, 0x00, 0xff, 0x48, 0x24, 0x00, 0xff, 0x48, 0x24, 0x08, 0xff,
    0x48, 0x20, 0x08, 0xff, 0x48, 0x24, 0x00, 0xff, 0x48, 0x24, 0x00, 0xff,
    0x48, 0x20, 0x00, 0xff, 0x50, 0x24, 0x08, 0xff, 0x48, 0x24, 0x08, 0xff,
    0x48, 0x20, 0x00, 0xff, 0x48, 0x24, 0x00, 0xff, 0x48, 0x24, 0x08, 0xff,
    0x50, 0x24, 0x00, 0xff, 0x50, 0x24, 0x00, 0xff, 0x48, 0x24, 0x08, 0xff,
    0x48, 0x24, 0x08, 0xff, 0x48, 0x24, 0x08, 0xff, 0x50, 0x24, 0x00, 0xff,
    0x48, 0x20, 0x00, 0xff, 0x48, 0x20, 0x00, 0xff, 0x50, 0x24, 0x00, 0xff,
    0x48, 0x24, 0x00, 0xff, 0x50, 0x20, 0x00, 0xff, 0x48, 0x24, 0x00, 0xff,
    0x48, 0x24, 0x00, 0xff, 0x50, 0x24, 0x08, 0xff, 0x48, 0x24, 0x00, 0xff,
    0x48, 0x20, 0x08, 0xff, 0x48, 0x24, 0x00, 0xff, 0x48, 0x24, 0x00, 0xff,
    0x50, 0x24, 0x08, 0xff, 0x50, 0x24, 0x00, 0xff, 0x48, 0x20, 0x00, 0xff,
    0x48, 0x24, 0x00, 0xff, 0x48, 0x20, 0x08, 0xff, 0x48, 0x24, 0x00, 0xff,
    0x48, 0x20, 0x00, 0xff, 0x50, 0x24, 0x08, 0xff, 0x50, 0x24, 0x08, 0xff,
    0x50, 0x20, 0x00, 0xff, 0x48, 0x24, 0x00, 0xff, 0x48, 0x24, 0x08, 0xff,
    0x48, 0x24, 0x08, 0xff, 0x50, 0x24, 0x00, 0xff, 0x48, 0x24, 0x08, 0xff,
    0x48, 0x20, 0x08, 0xff, 0x48, 0x20, 0x08, 0xff, 0x48, 0x24, 0x00, 0xff,
    0x48, 0x24, 0x00, 0xff, 0x50, 0x24, 0x00, 0xff, 0x48, 0x20, 0x00, 0xff,
    0x50, 0x24, 0x08, 0xff, 0x50, 0x24, 0x08, 0xff, 0x50, 0x20, 0x00, 0xff,
    0x50, 0x24, 0x00, 0xff, 0x48, 0x24, 0x08, 0xff, 0x48, 0x20, 0x08, 0xff,
    0x50, 0x20, 0x00, 0xff, 0x48, 0x24, 0x00, 0xff, 0x48, 0x24, 0x00, 0xff,
    0x48, 0x24, 0x00, 0xff, 0x48, 0x24, 0x00, 0xff, 0x48, 0x20, 0x00, 0xff,
    0x48, 0x24, 0x08, 0xff, 0x50, 0x20, 0x08, 0xff, 0x48, 0x24, 0x08, 0xff,
    0x48, 0x24, 0x00, 0xff, 0x50, 0x20, 0x00, 0xff, 0x50, 0x24, 0x00, 0xff,
    0x50, 0x24, 0x00, 0xff, 0x48, 0x24, 0x08, 0xff, 0x48, 0x24, 0x00, 0xff,
    0x50, 0x20, 0x00, 0xff, 0x50, 0x20, 0x08, 0xff, 0x48, 0x24, 0x08, 0xff,
    0x48, 0x24, 0x00, 0xff, 0x50, 0x20, 0x00, 0xff, 0x48, 0x24, 0x00, 0xff,
    0x48, 0x20, 0x08, 0xff, 0x48, 0x24, 0x00, 0xff, 0x48, 0x24, 0x00, 0xff,
    0x48, 0x20, 0x00, 0xff, 0x48, 0x20, 0x08, 0xff, 0x50, 0x24, 0x08, 0xff,
    0x48, 0x24, 0x00, 0xff, 0x50, 0x24, 0x00, 0xff, 0x48, 0x24, 0x08, 0xff,
    0x48, 0x24, 0x08, 0xff, 0x48, 0x24, 0x08, 0xff, 0x50, 0x20, 0x00, 0xff,
    0x50, 0x24, 0x00, 0xff, 0x48, 0x24, 0x08, 0xff, 0x48, 0x24, 0x08, 0xff,
    0x50, 0x24, 0x08, 0xff, 0x48, 0x20, 0x00, 0xff, 0x48, 0x24, 0x00, 0xff,
    0x48, 0x24, 0x08, 0xff, 0x48, 0x20, 0x00, 0xff, 0x48, 0x24, 0x08, 0xff,
    0x48, 0x20, 0x00, 0xff, 0x48, 0x24, 0x08, 0xff, 0x50, 0x24, 0x00, 0xff,
    0x50, 0x20, 0x00, 0xff, 0x50, 0x24, 0x08, 0xff, 0x48, 0x24, 0x00, 0xff,
    0x48, 0x24, 0x00, 0xff, 0x50, 0x20, 0x08, 0xff, 0x48, 0x24, 0x08, 0xff,
    0x48, 0x24, 0x00, 0xff, 0x48, 0x24, 0x00, 0xff, 0x50, 0x24, 0x08, 0xff,
    0x50, 0x20, 0x00, 0xff, 0x48, 0x24, 0x00, 0xff, 0x48, 0x24, 0x00, 0xff,
    0x48, 0x20, 0x08, 0xff, 0x48, 0x24, 0x00, 0xff, 0x48, 0x24, 0x08, 0xff,
    0x48, 0x20, 0x00, 0xff, 0x50, 0x24, 0x00, 0xff, 0x50, 0x24, 0x00, 0xff,
    0x48, 0x20, 0x00, 0xff, 0x48, 0x24, 0x00, 0xff, 0x50, 0x24, 0x00, 0xff,
    0x50, 0x24, 0x00, 0xff, 0x48, 0x20, 0x00, 0xff, 0x48, 0x24, 0x00, 0xff,
    0x48, 0x24, 0x08, 0xff, 0x50, 0x24, 0x00, 0xff, 0x50, 0x24, 0x00, 0xff,
    0x48, 0x24, 0x08, 0xff, 0x48, 0x24, 0x00, 0xff, 0x48, 0x20, 0x00, 0xff,
    0x48, 0x20, 0x00, 0xff, 0x50, 0x24, 0x00, 0xff, 0x48, 0x24, 0x00, 0xff,
    0x48, 0x20, 0x00, 0xff, 0x50, 0x24, 0x08, 0xff, 0x50, 0x24, 0x08, 0xff,
    0x48, 0x24, 0x00, 0xff, 0x48, 0x24, 0x00, 0xff, 0x50, 0x20, 0x08, 0xff,
    0x50, 0x24, 0x00, 0xff, 0x48, 0x24, 0x00, 0xff, 0x50, 0x24, 0x08, 0xff,
    0x48, 0x24, 0x00, 0xff, 0x50, 0x24, 0x00, 0xff, 0x50, 0x24, 0x00, 0xff,
    0x50, 0x24, 0x00, 0xff, 0x50, 0x20, 0x00, 0xff, 0x50, 0x24, 0x00, 0xff,
    0x48, 0x24, 0x08, 0xff, 0x50, 0x24, 0x00, 0xff, 0x50, 0x24, 0x00, 0xff,
    0x48, 0x24, 0x08, 0xff, 0x48, 0x20, 0x08, 0xff, 0x50, 0x24, 0x00, 0xff,
    0x50, 0x24, 0x00, 0xff, 0x50, 0x20, 0x08, 0xff, 0x48, 0x24, 0x00, 0xff,
    0x48, 0x24, 0x00, 0xff, 0x48, 0x20, 0x00, 0xff, 0x50, 0x24, 0x00, 0xff,
    0x50, 0x24, 0x00, 0xff, 0x50, 0x24, 0x00, 0xff, 0x48, 0x20, 0x00, 0xff,
    0x48, 0x24, 0x08, 0xff, 0x48, 0x24, 0x08, 0xff, 0x50, 0x24, 0x00, 0xff,
    0x50, 0x20, 0x00, 0xff, 0x50, 0x24, 0x00, 0xff, 0x48, 0x24, 0x08, 0xff,
    0x48, 0x24, 0x08, 0xff, 0x48, 0x24, 0x08, 0xff, 0x48, 0x24, 0x00, 0xff,
    0x48, 0x24, 0x00, 0xff, 0x50, 0x24, 0x08, 0xff, 0x50, 0x24, 0x00, 0xff,
    0x48, 0x24, 0x00, 0xff, 0x48, 0x20, 0x00, 0xff, 0x50, 0x24, 0x08, 0xff,
    0x50, 0x24, 0x00, 0xff, 0x48, 0x20, 0x00, 0xff, 0x48, 0x24, 0x00, 0xff,
    0x48, 0x20, 0x00, 0xff, 0x48, 0x24, 0x08, 0xff, 0x50, 0x24, 0x08, 0xff,
    0x48, 0x24, 0x00, 0xff, 0x48, 0x24, 0x00, 0xff, 0x50, 0x20, 0x08, 0xff,
    0x50, 0x24, 0x08, 0xff, 0x48, 0x20, 0x00, 0xff, 0x48, 0x24, 0x00, 0xff,
    0x48, 0x24, 0x08, 0xff, 0x48, 0x24, 0x00, 0xff, 0x48, 0x24, 0x00, 0xff,
    0x50, 0x20, 0x00, 0xff, 0x48, 0x24, 0x00, 0xff, 0x48, 0x24, 0x00, 0xff,
    0x48, 0x24, 0x00, 0xff, 0x48, 0x24, 0x00, 0xff, 0x48, 0x24, 0x00, 0xff,
    0x50, 0x20, 0x08, 0xff, 0x48, 0x24, 0x08, 0xff, 0x48, 0x24, 0x00, 0xff,
    0x48, 0x24, 0x00, 0xff, 0x48, 0x24, 0x00, 0xff, 0x48, 0x24, 0x08, 0xff,
    0x48, 0x24, 0x00, 0xff, 0x50, 0x20, 0x00, 0xff, 0x50, 0x24, 0x00, 0xff,
    0x48, 0x24, 0x00, 0xff, 0x50, 0x24, 0x08, 0xff, 0x50, 0x24, 0x08, 0xff,
    0x50, 0x24, 0x08, 0xff, 0x50, 0x20, 0x00, 0xff, 0x48, 0x24, 0x08, 0xff,
    0x48, 0x24, 0x00, 0xff, 0x48, 0x24, 0x00, 0xff, 0x50, 0x24, 0x00, 0xff,
    0x50, 0x20, 0x08, 0xff, 0x48, 0x24, 0x00, 0xff, 0x48, 0x24, 0x00, 0xff,
    0x48, 0x24, 0x00, 0xff, 0x48, 0x20, 0x00, 0xff, 0x48, 0x24, 0x00, 0xff,
    0x48, 0x24, 0x00, 0xff, 0x48, 0x24, 0x00, 0xff, 0x50, 0x24, 0x00, 0xff,
    0x48, 0x20, 0x08, 0xff, 0x48, 0x24, 0x00, 0xff, 0x50, 0x24, 0x00, 0xff,
    0x48, 0x24, 0x08, 0xff, 0x50, 0x20, 0x00, 0xff, 0x50, 0x24, 0x08, 0xff,
    0x50, 0x24, 0x08, 0xff, 0x48, 0x24, 0x00, 0xff, 0x48, 0x24, 0x00, 0xff,
    0x50, 0x24, 0x00, 0xff, 0x48, 0x24, 0x00, 0xff, 0x48, 0x24, 0x00, 0xff,
    0x48, 0x20, 0x00, 0xff, 0x48, 0x24, 0x00, 0xff, 0x48, 0x24, 0x00, 0xff,
    0x50, 0x24, 0x00, 0xff, 0x48, 0x24, 0x00, 0xff, 0x48, 0x24, 0x00, 0xff,
    0x48, 0x24, 0x00, 0xff, 0x50, 0x24, 0x00, 0xff, 0x48, 0x24, 0x08, 0xff,
    0x50, 0x20, 0x00, 0xff, 0x50, 0x24, 0x00, 0xff, 0x48, 0x24, 0x00, 0xff,
    0x50, 0x24, 0x08, 0xff, 0x50, 0x20, 0x00, 0xff, 0x48, 0x24, 0x08, 0xff,
    0x48, 0x24, 0x00, 0xff, 0x48, 0x20, 0x00, 0xff, 0x48, 0x24, 0x08, 0xff,
    0x50, 0x20, 0x00, 0xff, 0x48, 0x24, 0x00, 0xff, 0x48, 0x24, 0x00, 0xff,
    0x50, 0x24, 0x08, 0xff, 0x50, 0x20, 0x00, 0xff, 0x48, 0x24, 0x00, 0xff,
    0x48, 0x24, 0x08, 0xff, 0x48, 0x20, 0x08, 0xff, 0x50, 0x24, 0x00, 0xff,
    0x48, 0x24, 0x00, 0xff, 0x50, 0x24, 0x08, 0xff, 0x50, 0x24, 0x00, 0xff,
    0x48, 0x20, 0x08, 0xff, 0x48, 0x24, 0x00, 0xff, 0x48, 0x24, 0x08, 0xff,
    0x48, 0x24, 0x00, 0xff, 0x50, 0x20, 0x00, 0xff, 0x48, 0x24, 0x08, 0xff,
    0x48, 0x24, 0x08, 0xff, 0x50, 0x24, 0x00, 0xff, 0x48, 0x24, 0x08, 0xff,
    0x48, 0x24, 0x00, 0xff, 0x48, 0x24, 0x00, 0xff, 0x48, 0x24, 0x08, 0xff,
    0x50, 0x20, 0x00, 0xff, 0x50, 0x20, 0x00, 0xff, 0x48, 0x24, 0x00, 0xff,
    0x48, 0x24, 0x00, 0xff, 0x48, 0x24, 0x08, 0xff, 0x50, 0x20, 0x08, 0xff,
    0x50, 0x24, 0x08, 0xff, 0x48, 0x24, 0x00, 0xff, 0x48, 0x24, 0x00, 0xff,
    0x48, 0x20, 0x08, 0xff, 0x48, 0x24, 0x08, 0xff, 0x48, 0x20, 0x00, 0xff,
    0x48, 0x24, 0x08, 0xff, 0x48, 0x20, 0x00, 0xff, 0x48, 0x20, 0x00, 0xff,
    0x50, 0x24, 0x00, 0xff, 0x48, 0x20, 0x08, 0xff, 0x48, 0x24, 0x08, 0xff,
    0x48, 0x24, 0x00, 0xff, 0x48, 0x20, 0x00, 0xff, 0x48, 0x24, 0x08, 0xff,
    0x50, 0x24, 0x00, 0xff, 0x48, 0x20, 0x00, 0xff, 0x48, 0x24, 0x08, 0xff,
    0x50, 0x24, 0x00, 0xff, 0x50, 0x24, 0x08, 0xff, 0x48, 0x24, 0x00, 0xff,
    0x48, 0x20, 0x00, 0xff, 0x48, 0x24, 0x00, 0xff, 0x50, 0x24, 0x08, 0xff,
    0x50, 0x24, 0x08, 0xff, 0x50, 0x24, 0x08, 0xff, 0x48, 0x24, 0x00, 0xff,
    0x48, 0x24, 0x08, 0xff, 0x48, 0x20, 0x08, 0xff, 0x50, 0x24, 0x08, 0xff,
    0x48, 0x20, 0x00, 0xff, 0x50, 0x24, 0x00, 0xff, 0x48, 0x24, 0x08, 0xff,
    0x48, 0x20, 0x00, 0xff, 0x48, 0x24, 0x00, 0xff, 0x50, 0x20, 0x00, 0xff,
    0x48, 0x24, 0x00, 0xff, 0x50, 0x24, 0x00, 0xff, 0x50, 0x24, 0x08, 0xff,
    0x48, 0x24, 0x00, 0xff, 0x48, 0x20, 0x08, 0xff, 0x48, 0x24, 0x08, 0xff,
    0x50, 0x24, 0x08, 0xff, 0x48, 0x20, 0x00, 0xff, 0x48, 0x24, 0x00, 0xff,
    0x50, 0x24, 0x08, 0xff, 0x48, 0x24, 0x08, 0xff, 0x50, 0x24, 0x08, 0xff,
    0x50, 0x24, 0x00, 0xff, 0x48, 0x20, 0x00, 0xff, 0x48, 0x24, 0x00, 0xff,
    0x50, 0x24, 0x08, 0xff, 0x50, 0x24, 0x08, 0xff, 0x48, 0x24, 0x00, 0xff,
    0x48, 0x24, 0x00, 0xff, 0x50, 0x24, 0x00, 0xff, 0x48, 0x24, 0x00, 0xff,
    0x48, 0x24, 0x00, 0xff, 0x50, 0x20, 0x08, 0xff, 0x50, 0x24, 0x08, 0xff,
    0x48, 0x24, 0x00, 0xff, 0x48, 0x20, 0x00, 0xff, 0x50, 0x24, 0x08, 0xff,
    0x50, 0x24, 0x00, 0xff, 0x50, 0x24, 0x00, 0xff, 0x50, 0x24, 0x08, 0xff,
    0x48, 0x24, 0x00, 0xff, 0x50, 0x20, 0x00, 0xff, 0x50, 0x24, 0x00, 0xff,
    0x48, 0x24, 0x08, 0xff, 0x48, 0x24, 0x00, 0xff, 0x50, 0x20, 0x00, 0xff,
    0x48, 0x24, 0x08, 0xff, 0x48, 0x24, 0x00, 0xff, 0x48, 0x24, 0x00, 0xff,
    0x48, 0x24, 0x08, 0xff, 0x48, 0x24, 0x00, 0xff, 0x48, 0x20, 0x00, 0xff,
    0x48, 0x20, 0x00, 0xff, 0x48, 0x24, 0x08, 0xff, 0x50, 0x24, 0x00, 0xff,
    0x50, 0x24, 0x08, 0xff, 0x48, 0x24, 0x00, 0xff, 0x48, 0x20, 0x00, 0xff,
    0x48, 0x24, 0x00, 0xff, 0x48, 0x24, 0x08, 0xff, 0x48, 0x24, 0x08, 0xff,
    0x50, 0x20, 0x08, 0xff, 0x50, 0x24, 0x08, 0xff, 0x50, 0x20, 0x08, 0xff,
    0x50, 0x24, 0x08, 0xff, 0x48, 0x24, 0x08, 0xff, 0x48, 0x20, 0x00, 0xff,
    0x50, 0x24, 0x00, 0xff, 0x50, 0x24, 0x08, 0xff, 0x48, 0x24, 0x08, 0xff,
    0x50, 0x24, 0x00, 0xff, 0x48, 0x24, 0x08, 0xff, 0x48, 0x20, 0x00, 0xff,
    0x48, 0x24, 0x00, 0xff, 0x50, 0x24, 0x00, 0xff, 0x50, 0x24, 0x00, 0xff,
    0x48, 0x20, 0x08, 0xff, 0x48, 0x20, 0x08, 0xff, 0x50, 0x24, 0x08, 0xff,
    0x50, 0x20, 0x00, 0xff, 0x50, 0x24, 0x00, 0xff, 0x48, 0x24, 0x08, 0xff,
    0x48, 0x24, 0x08, 0xff, 0x50, 0x20, 0x08, 0xff, 0x50, 0x20, 0x00, 0xff,
    0x48, 0x24, 0x00, 0xff, 0x48, 0x24, 0x08, 0xff, 0x50, 0x20, 0x00, 0xff,
    0x48, 0x24, 0x08, 0xff, 0x48, 0x24, 0x08, 0xff, 0x50, 0x24, 0x00, 0xff,
    0x48, 0x24, 0x00, 0xff, 0x48, 0x24, 0x08, 0xff, 0x50, 0x20, 0x00, 0xff,
    0x48, 0x24, 0x08, 0xff, 0x48, 0x24, 0x08, 0xff, 0x50, 0x24, 0x00, 0xff,
    0x48, 0x24, 0x08, 0xff, 0x50, 0x24, 0x00, 0xff, 0x50, 0x24, 0x00, 0xff,
    0x48, 0x20, 0x00, 0xff, 0x48, 0x24, 0x08, 0xff, 0x48, 0x24, 0x08, 0xff,
    0x48, 0x20, 0x00, 0xff, 0x50, 0x24, 0x00, 0xff, 0x50, 0x24, 0x08, 0xff,
    0x50, 0x20, 0x00, 0xff, 0x48, 0x24, 0x00, 0xff, 0x48, 0x24, 0x08, 0xff,
    0x50, 0x24, 0x00, 0xff, 0x48, 0x24, 0x00, 0xff, 0x48, 0x24, 0x08, 0xff,
    0x50, 0x24, 0x08, 0xff, 0x48, 0x24, 0x08, 0xff, 0x50, 0x20, 0x00, 0xff,
    0x48, 0x24, 0x00, 0xff, 0x48, 0x24, 0x08, 0xff, 0x50, 0x24, 0x00, 0xff,
    0x50, 0x20, 0x08, 0xff, 0x48, 0x20, 0x08, 0xff, 0x48, 0x24, 0x00, 0xff,
    0x48, 0x24, 0x00, 0xff, 0x50, 0x24, 0x08, 0xff, 0x50, 0x24, 0x08, 0xff,
    0x50, 0x24, 0x08, 0xff, 0x48, 0x24, 0x00, 0xff, 0x48, 0x24, 0x00, 0xff,
    0x50, 0x24, 0x00, 0xff, 0x48, 0x24, 0x00, 0xff, 0x48, 0x20, 0x00, 0xff,
    0x50, 0x24, 0x00, 0xff, 0x50, 0x24, 0x00, 0xff, 0x48, 0x24, 0x00, 0xff,
    0x50, 0x24, 0x00, 0xff, 0x50, 0x24, 0x08, 0xff, 0x48, 0x24, 0x08, 0xff,
    0x48, 0x24, 0x00, 0xff, 0x48, 0x24, 0x00, 0xff, 0x48, 0x20, 0x08, 0xff,
    0x48, 0x24, 0x00, 0xff, 0x48, 0x24, 0x08, 0xff, 0x50, 0x24, 0x00, 0xff,
    0x48, 0x24, 0x00, 0xff, 0x48, 0x20, 0x08, 0xff, 0x48, 0x24, 0x00, 0xff,
    0x48, 0x24, 0x00, 0xff, 0x48, 0x20, 0x00, 0xff, 0x50, 0x24, 0x08, 0xff,
    0x48, 0x24, 0x08, 0xff, 0x50, 0x24, 0x00, 0xff, 0x48, 0x24, 0x00, 0xff,
    0x48, 0x20, 0x00, 0xff, 0x48, 0x24, 0x00, 0xff, 0x48, 0x24, 0x08, 0xff,
    0x48, 0x20, 0x00, 0xff, 0x48, 0x24, 0x00, 0xff, 0x48, 0x24, 0x00, 0xff,
    0x50, 0x24, 0x00, 0xff, 0x48, 0x20, 0x00, 0xff, 0x48, 0x24, 0x00, 0xff,
    0x48, 0x24, 0x08, 0xff, 0x50, 0x24, 0x08, 0xff, 0x48, 0x24, 0x08, 0xff,
    0x50, 0x20, 0x00, 0xff, 0x48, 0x24, 0x00, 0xff, 0x48, 0x20, 0x00, 0xff,
    0x48, 0x24, 0x00, 0xff, 0x50, 0x24, 0x00, 0xff, 0x48, 0x20, 0x00, 0xff,
    0x48, 0x24, 0x00, 0xff, 0x50, 0x24, 0x08, 0xff, 0x48, 0x20, 0x00, 0xff,
    0x48, 0x24, 0x00, 0xff, 0x48, 0x24, 0x00, 0xff, 0x50, 0x24, 0x00, 0xff,
    0x48, 0x24, 0x08, 0xff, 0x50, 0x24, 0x08, 0xff, 0x48, 0x24, 0x00, 0xff,
    0x48, 0x20, 0x00, 0xff, 0x50, 0x20, 0x00, 0xff, 0x48, 0x24, 0x00, 0xff,
    0x48, 0x24, 0x00, 0xff, 0x48, 0x24, 0x08, 0xff, 0x50, 0x20, 0x08, 0xff,
    0x50, 0x24, 0x08, 0xff, 0x48, 0x24, 0x00, 0xff, 0x48, 0x20, 0x00, 0xff,
    0x50, 0x24, 0x08, 0xff, 0x50, 0x24, 0x08, 0xff, 0x48, 0x24, 0x08, 0xff,
    0x48, 0x20, 0x08, 0xff, 0x48, 0x20, 0x08, 0xff, 0x48, 0x24, 0x00, 0xff,
    0x50, 0x20, 0x08, 0xff, 0x48, 0x24, 0x00, 0xff, 0x48, 0x24, 0x08, 0xff,
    0x50, 0x20, 0x08, 0xff, 0x50, 0x20, 0x08, 0xff, 0x48, 0x24, 0x00, 0xff,
    0x50, 0x24, 0x00, 0xff, 0x48, 0x24, 0x08, 0xff, 0x50, 0x20, 0x08, 0xff,
    0x48, 0x24, 0x00, 0xff, 0x50, 0x20, 0x08, 0xff, 0x50, 0x24, 0x00, 0xff,
    0x48, 0x24, 0x00, 0xff, 0x48, 0x24, 0x00, 0xff, 0x48, 0x24, 0x00, 0xff,
    0x50, 0x24, 0x00, 0xff, 0x50, 0x20, 0x08, 0xff, 0x48, 0x24, 0x08, 0xff,
    0x50, 0x24, 0x08, 0xff, 0x50, 0x24, 0x00, 0xff, 0x50, 0x20, 0x00, 0xff,
    0x48, 0x24, 0x00, 0xff, 0x48, 0x24, 0x00, 0xff, 0x48, 0x24, 0x00, 0xff,
    0x48, 0x24, 0x00, 0xff, 0x50, 0x20, 0x00, 0xff, 0x48, 0x24, 0x08, 0xff,
    0x48, 0x24, 0x00, 0xff, 0x48, 0x20, 0x00, 0xff, 0x48, 0x20, 0x00, 0xff,
    0x48, 0x24, 0x08, 0xff, 0x50, 0x24, 0x00, 0xff, 0x48, 0x24, 0x00, 0xff,
    0x48, 0x24, 0x00, 0xff, 0x48, 0x20, 0x08, 0xff, 0x48, 0x24, 0x08, 0xff,
    0x48, 0x24, 0x00, 0xff, 0x50, 0x24, 0x00, 0xff, 0x50, 0x24, 0x00, 0xff,
    0x48, 0x24, 0x08, 0xff, 0x48, 0x24, 0x08, 0xff, 0x50, 0x24, 0x00, 0xff,
    0x48, 0x20, 0x00, 0xff, 0x48, 0x24, 0x00, 0xff, 0x48, 0x24, 0x08, 0xff,
    0x50, 0x24, 0x08, 0xff, 0x50, 0x20, 0x00, 0xff, 0x48, 0x24, 0x08, 0xff,
    0x48, 0x24, 0x00, 0xff, 0x48, 0x20, 0x00, 0xff, 0x48, 0x20, 0x08, 0xff,
    0x50, 0x24, 0x00, 0xff, 0x48, 0x24, 0x00, 0xff, 0x48, 0x24, 0x00, 0xff,
    0x50, 0x24, 0x00, 0xff, 0x50, 0x24, 0x00, 0xff, 0x48, 0x20, 0x00, 0xff,
    0x50, 0x24, 0x00, 0xff, 0x48, 0x20, 0x08, 0xff, 0x48, 0x24, 0x08, 0xff,
    0x48, 0x24, 0x00, 0xff, 0x50, 0x24, 0x00, 0xff, 0x50, 0x24, 0x00, 0xff,
    0x50, 0x24, 0x00, 0xff, 0x48, 0x24, 0x00, 0xff, 0x48, 0x24, 0x00, 0xff,
    0x48, 0x20, 0x08, 0xff, 0x48, 0x24, 0x08, 0xff, 0x48, 0x24, 0x00, 0xff,
    0x48, 0x20, 0x00, 0xff, 0x50, 0x24, 0x00, 0xff, 0x50, 0x20, 0x00, 0xff,
    0x48, 0x20, 0x00, 0xff, 0x48, 0x24, 0x00, 0xff, 0x48, 0x24, 0x00, 0xff,
    0x50, 0x20, 0x00, 0xff, 0x48, 0x24, 0x00, 0xff, 0x48, 0x20, 0x08, 0xff,
    0x50, 0x24, 0x00, 0xff, 0x50, 0x24, 0x00, 0xff, 0x50, 0x20, 0x00, 0xff,
    0x48, 0x24, 0x08, 0xff, 0x48, 0x24, 0x00, 0xff, 0x48, 0x24, 0x00, 0xff,
    0x48, 0x24, 0x00, 0xff, 0x50, 0x20, 0x08, 0xff, 0x48, 0x24, 0x00, 0xff,
    0x48, 0x24, 0x00, 0xff, 0x50, 0x20, 0x08, 0xff, 0x50, 0x24, 0x08, 0xff,
    0x48, 0x24, 0x00, 0xff, 0x48, 0x24, 0x08, 0xff, 0x50, 0x20, 0x08, 0xff,
    0x48, 0x24, 0x00, 0xff, 0x48, 0x24, 0x00, 0xff, 0x50, 0x24, 0x08, 0xff,
    0x50, 0x24, 0x00, 0xff, 0x50, 0x20, 0x00, 0xff, 0x50, 0x24, 0x00, 0xff,
    0x50, 0x24, 0x08, 0xff, 0x50, 0x24, 0x00, 0xff, 0x48, 0x24, 0x08, 0xff,
    0x48, 0x20, 0x08, 0xff, 0x50, 0x24, 0x00, 0xff, 0x50, 0x24, 0x08, 0xff,
    0x48, 0x24, 0x08, 0xff, 0x48, 0x20, 0x00, 0xff, 0x48, 0x24, 0x00, 0xff,
    0x50, 0x24, 0x00, 0xff, 0x48, 0x24, 0x08, 0xff, 0x48, 0x20, 0x00, 0xff,
    0x48, 0x24, 0x00, 0xff, 0x50, 0x24, 0x08, 0xff, 0x50, 0x20, 0x00, 0xff,
    0x50, 0x24, 0x00, 0xff, 0x50, 0x24, 0x00, 0xff, 0x50, 0x24, 0x08, 0xff,
    0x48, 0x24, 0x08, 0xff, 0x48, 0x24, 0x08, 0xff, 0x50, 0x24, 0x00, 0xff,
    0x50, 0x20, 0x00, 0xff, 0x48, 0x24, 0x00, 0xff, 0x48, 0x24, 0x00, 0xff,
    0x48, 0x24, 0x08, 0xff, 0x50, 0x20, 0x08, 0xff, 0x48, 0x24, 0x08, 0xff,
    0x48, 0x24, 0x00, 0xff, 0x50, 0x20, 0x08, 0xff, 0x50, 0x24, 0x00, 0xff,
    0x48, 0x24, 0x00, 0xff, 0x48, 0x24, 0x00, 0xff, 0x50, 0x24, 0x08, 0xff,
    0x50, 0x20, 0x08, 0xff, 0x48, 0x24, 0x00, 0xff, 0x48, 0x20, 0x00, 0xff,
    0x48, 0x20, 0x00, 0xff, 0x48, 0x24, 0x00, 0xff, 0x50, 0x24, 0x08, 0xff,
    0x48, 0x24, 0x00, 0xff, 0x48, 0x24, 0x00, 0xff, 0x50, 0x24, 0x08, 0xff,
    0x50, 0x20, 0x08, 0xff, 0x48, 0x20, 0x00, 0xff, 0x48, 0x24, 0x00, 0xff,
    0x50, 0x20, 0x00, 0xff, 0x48, 0x24, 0x00, 0xff, 0x48, 0x24, 0x00, 0xff,
    0x48, 0x24, 0x00, 0xff, 0x48, 0x24, 0x00, 0xff, 0x48, 0x20, 0x00, 0xff,
    0x50, 0x24, 0x00, 0xff, 0x48, 0x24, 0x00, 0xff, 0x48, 0x24, 0x00, 0xff,
    0x48, 0x24, 0x00, 0xff, 0x48, 0x24, 0x08, 0xff, 0x48, 0x24, 0x00, 0xff,
    0x48, 0x24, 0x00, 0xff, 0x48, 0x24, 0x00, 0xff, 0x48, 0x24, 0x00, 0xff,
    0x48, 0x24, 0x08, 0xff, 0x50, 0x20, 0x00, 0xff, 0x48, 0x24, 0x00, 0xff,
    0x50, 0x24, 0x08, 0xff, 0x48, 0x24, 0x00, 0xff, 0x48, 0x24, 0x08, 0xff,
    0x50, 0x24, 0x08, 0xff, 0x50, 0x20, 0x08, 0xff, 0x48, 0x20, 0x08, 0xff,
    0x48, 0x24, 0x00, 0xff, 0x48, 0x24, 0x00, 0xff, 0x50, 0x24, 0x00, 0xff,
    0x48, 0x24, 0x00, 0xff, 0x48, 0x20, 0x00, 0xff, 0x48, 0x24, 0x00, 0xff,
    0x48, 0x24, 0x08, 0xff, 0x48, 0x24, 0x00, 0xff, 0x50, 0x24, 0x00, 0xff,
    0x48, 0x24, 0x08, 0xff, 0x48, 0x24, 0x00, 0xff, 0x50, 0x24, 0x00, 0xff,
    0x48, 0x24, 0x08, 0xff, 0x50, 0x24, 0x08, 0xff, 0x50, 0x24, 0x00, 0xff,
    0x48, 0x20, 0x00, 0xff, 0x48, 0x24, 0x00, 0xff, 0x50, 0x24, 0x08, 0xff,
    0x50, 0x20, 0x08, 0xff, 0x48, 0x24, 0x00, 0xff, 0x50, 0x24, 0x00, 0xff,
    0x48, 0x24, 0x08, 0xff, 0x48, 0x24, 0x00, 0xff, 0x48, 0x24, 0x00, 0xff,
    0x48, 0x20, 0x00, 0xff, 0x48, 0x24, 0x00, 0xff, 0x48, 0x20, 0x08, 0xff,
    0x50, 0x24, 0x00, 0xff, 0x48, 0x24, 0x00, 0xff, 0x50, 0x24, 0x00, 0xff,
    0x48, 0x20, 0x00, 0xff, 0x48, 0x24, 0x08, 0xff, 0x48, 0x24, 0x00, 0xff,
    0x50, 0x24, 0x00, 0xff, 0x50, 0x24, 0x00, 0xff, 0x48, 0x24, 0x00, 0xff,
    0x48, 0x20, 0x08, 0xff, 0x50, 0x24, 0x08, 0xff, 0x48, 0x24, 0x08, 0xff,
    0x48, 0x24, 0x00, 0xff, 0x48, 0x20, 0x08, 0xff, 0x50, 0x24, 0x08, 0xff,
    0x48, 0x24, 0x00, 0xff, 0x48, 0x24, 0x00, 0xff, 0x48, 0x20, 0x08, 0xff,
    0x50, 0x24, 0x08, 0xff, 0x48, 0x24, 0x00, 0xff, 0x48, 0x20, 0x00, 0xff,
    0x48, 0x24, 0x08, 0xff, 0x48, 0x24, 0x08, 0xff, 0x48, 0x24, 0x08, 0xff,
    0x48, 0x24, 0x00, 0xff, 0x50, 0x24, 0x00, 0xff, 0x50, 0x24, 0x00, 0xff,
    0x50, 0x20, 0x08, 0xff, 0x48, 0x24, 0x08, 0xff, 0x48, 0x24, 0x08, 0xff,
    0x50, 0x24, 0x00, 0xff, 0x50, 0x24, 0x00, 0xff, 0x48, 0x24, 0x08, 0xff,
    0x48, 0x24, 0x08, 0xff, 0x50, 0x24, 0x08, 0xff, 0x48, 0x24, 0x00, 0xff,
    0x48, 0x24, 0x00, 0xff, 0x48, 0x24, 0x00, 0xff, 0x48, 0x24, 0x08, 0xff,
    0x50, 0x24, 0x00, 0xff, 0x48, 0x20, 0x00, 0xff, 0x48, 0x20, 0x08, 0xff,
    0x48, 0x24, 0x00, 0xff, 0x48, 0x24, 0x00, 0xff, 0x50, 0x20, 0x08, 0xff,
    0x50, 0x20, 0x08, 0xff, 0x48, 0x24, 0x00, 0xff, 0x48, 0x24, 0x00, 0xff,
    0x48, 0x24, 0x08, 0xff, 0x50, 0x20, 0x00, 0xff, 0x48, 0x24, 0x00, 0xff,
    0x48, 0x24, 0x08, 0xff, 0x48, 0x20, 0x00, 0xff, 0x48, 0x20, 0x00, 0xff,
    0x48, 0x24, 0x08, 0xff, 0x48, 0x24, 0x08, 0xff, 0x48, 0x24, 0x00, 0xff,
    0x48, 0x24, 0x00, 0xff, 0x48, 0x20, 0x08, 0xff, 0x48, 0x24, 0x00, 0xff,
    0x50, 0x24, 0x00, 0xff, 0x48, 0x20, 0x00, 0xff, 0x50, 0x24, 0x00, 0xff,
    0x50, 0x24, 0x00, 0xff, 0x50, 0x24, 0x08, 0xff, 0x48, 0x24, 0x00, 0xff,
    0x48, 0x20, 0x08, 0xff, 0x48, 0x20, 0x00, 0xff, 0x50, 0x24, 0x08, 0xff,
    0x50, 0x24, 0x08, 0xff, 0x48, 0x20, 0x00, 0xff, 0x48, 0x24, 0x00, 0xff,
    0x48, 0x24, 0x08, 0xff, 0x48, 0x20, 0x08, 0xff, 0x48, 0x24, 0x00, 0xff,
    0x48, 0x20, 0x00, 0xff, 0x50, 0x24, 0x00, 0xff, 0x48, 0x24, 0x08, 0xff,
    0x48, 0x24, 0x08, 0xff, 0x50, 0x20, 0x00, 0xff, 0x48, 0x24, 0x00, 0xff,
    0x50, 0x24, 0x00, 0xff, 0x48, 0x24, 0x00, 0xff, 0x50, 0x24, 0x00, 0xff,
    0x48, 0x24, 0x00, 0xff, 0x48, 0x24, 0x08, 0xff, 0x48, 0x24, 0x08, 0xff,
    0x50, 0x24, 0x08, 0xff, 0x48, 0x20, 0x00, 0xff, 0x48, 0x24, 0x00, 0xff,
    0x48, 0x24, 0x08, 0xff, 0x50, 0x24, 0x00, 0xff, 0x50, 0x24, 0x08, 0xff,
    0x48, 0x24, 0x08, 0xff, 0x48, 0x24, 0x00, 0xff, 0x48, 0x20, 0x00, 0xff,
    0x50, 0x24, 0x08, 0xff, 0x48, 0x24, 0x08, 0xff, 0x48, 0x24, 0x00, 0xff,
    0x48, 0x24, 0x00, 0xff, 0x50, 0x24, 0x08, 0xff, 0x48, 0x24, 0x00, 0xff,
    0x48, 0x24, 0x00, 0xff, 0x50, 0x24, 0x08, 0xff, 0x50, 0x24, 0x08, 0xff,
    0x48, 0x20, 0x08, 0xff, 0x48, 0x24, 0x00, 0xff, 0x50, 0x24, 0x00, 0xff,
    0x48, 0x24, 0x00, 0xff, 0x50, 0x24, 0x00, 0xff, 0x50, 0x24, 0x08, 0xff,
    0x48, 0x20, 0x08, 0xff, 0x50, 0x24, 0x00, 0xff, 0x50, 0x24, 0x00, 0xff,
    0x50, 0x20, 0x00, 0xff, 0x48, 0x24, 0x00, 0xff, 0x50, 0x24, 0x08, 0xff,
    0x50, 0x20, 0x08, 0xff, 0x48, 0x24, 0x00, 0xff, 0x48, 0x24, 0x00, 0xff,
    0x48, 0x24, 0x00, 0xff, 0x48, 0x24, 0x00, 0xff, 0x48, 0x20, 0x00, 0xff,
    0x48, 0x24, 0x00, 0xff, 0x48, 0x24, 0x00, 0xff, 0x50, 0x24, 0x00, 0xff,
    0x48, 0x20, 0x08, 0xff, 0x48, 0x24, 0x08, 0xff, 0x48, 0x24, 0x00, 0xff,
    0x48, 0x24, 0x00, 0xff, 0x48, 0x20, 0x08, 0xff, 0x50, 0x24, 0x08, 0xff,
    0x50, 0x24, 0x00, 0xff, 0x50, 0x20, 0x08, 0xff, 0x48, 0x20, 0x08, 0xff,
    0x50, 0x24, 0x00, 0xff, 0x48, 0x20, 0x08, 0xff, 0x48, 0x24, 0x00, 0xff,
    0x50, 0x20, 0x00, 0xff, 0x48, 0x24, 0x00, 0xff, 0x48, 0x24, 0x08, 0xff,
    0x50, 0x24, 0x00, 0xff, 0x50, 0x24, 0x08, 0xff, 0x48, 0x20, 0x00, 0xff,
    0x48, 0x24, 0x00, 0xff, 0x50, 0x24, 0x08, 0xff, 0x48, 0x24, 0x00, 0xff,
    0x50, 0x20, 0x00, 0xff, 0x50, 0x20, 0x08, 0xff, 0x48, 0x24, 0x08, 0xff,
    0x48, 0x24, 0x08, 0xff, 0x50, 0x24, 0x00, 0xff, 0x50, 0x24, 0x00, 0xff,
    0x48, 0x24, 0x08, 0xff, 0x50, 0x20, 0x08, 0xff, 0x48, 0x24, 0x08, 0xff,
    0x48, 0x24, 0x00, 0xff, 0x48, 0x24, 0x00, 0xff, 0x50, 0x24, 0x00, 0xff,
    0x48, 0x20, 0x08, 0xff, 0x50, 0x24, 0x08, 0xff, 0x50, 0x24, 0x00, 0xff,
    0x48, 0x24, 0x00, 0xff, 0x48, 0x24, 0x00, 0xff, 0x50, 0x20, 0x00, 0xff,
    0x48, 0x20, 0x08, 0xff, 0x50, 0x24, 0x00, 0xff, 0x48, 0x24, 0x00, 0xff,
    0x48, 0x24, 0x08, 0xff, 0x50, 0x24, 0x00, 0xff, 0x50, 0x24, 0x00, 0xff,
    0x48, 0x20, 0x00, 0xff, 0x50, 0x24, 0x08, 0xff, 0x48, 0x24, 0x08, 0xff,
    0x48, 0x20, 0x00, 0xff, 0x50, 0x24, 0x00, 0xff, 0x50, 0x20, 0x00, 0xff,
    0x50, 0x20, 0x00, 0xff, 0x48, 0x24, 0x00, 0xff, 0x48, 0x24, 0x08, 0xff,
    0x48, 0x24, 0x08, 0xff, 0x48, 0x24, 0x00, 0xff, 0x48, 0x24, 0x00, 0xff,
    0x48, 0x24, 0x08, 0xff, 0x48, 0x20, 0x08, 0xff, 0x50, 0x24, 0x00, 0xff,
    0x50, 0x24, 0x00, 0xff, 0x48, 0x20, 0x00, 0xff, 0x50, 0x24, 0x00, 0xff,
    0x48, 0x20, 0x08, 0xff, 0x48, 0x24, 0x08, 0xff, 0x48, 0x24, 0x00, 0xff,
    0x48, 0x24, 0x08, 0xff, 0x50, 0x24, 0x08, 0xff, 0x50, 0x24, 0x00, 0xff,
    0x50, 0x20, 0x08, 0xff, 0x50, 0x24, 0x00, 0xff, 0x48, 0x24, 0x00, 0xff,
    0x48, 0x24, 0x08, 0xff, 0x48, 0x24, 0x00, 0xff, 0x48, 0x24, 0x00, 0xff,
    0x50, 0x20, 0x08, 0xff, 0x48, 0x24, 0x00, 0xff, 0x48, 0x24, 0x00, 0xff,
    0x50, 0x24, 0x00, 0xff, 0x50, 0x24, 0x08, 0xff, 0x50, 0x24, 0x08, 0xff,
    0x48, 0x24, 0x00, 0xff, 0x48, 0x20, 0x00, 0xff, 0x48, 0x24, 0x08, 0xff,
    0x50, 0x24, 0x00, 0xff, 0x48, 0x20, 0x00, 0xff, 0x50, 0x24, 0x00, 0xff,
    0x48, 0x24, 0x00, 0xff, 0x48, 0x24, 0x08, 0xff, 0x48, 0x24, 0x08, 0xff,
    0x48, 0x20, 0x00, 0xff, 0x48, 0x20, 0x00, 0xff, 0x50, 0x24, 0x08, 0xff,
    0x50, 0x24, 0x00, 0xff, 0x50, 0x24, 0x00, 0xff, 0x48, 0x24, 0x00, 0xff,
    0x48, 0x24, 0x00, 0xff, 0x48, 0x24, 0x08, 0xff, 0x48, 0x24, 0x08, 0xff,
    0x50, 0x24, 0x00, 0xff, 0x48, 0x24, 0x00, 0xff, 0x48, 0x24, 0x08, 0xff,
    0x50, 0x24, 0x00, 0xff, 0x48, 0x20, 0x00, 0xff, 0x50, 0x24, 0x00, 0xff,
    0x48, 0x24, 0x00, 0xff, 0x48, 0x24, 0x08, 0xff, 0x50, 0x24, 0x08, 0xff,
    0x48, 0x20, 0x00, 0xff, 0x48, 0x24, 0x00, 0xff, 0x48, 0x24, 0x00, 0xff,
    0x48, 0x24, 0x00, 0xff, 0x50, 0x20, 0x00, 0xff, 0x48, 0x24, 0x00, 0xff,
    0x48, 0x24, 0x00, 0xff, 0x50, 0x20, 0x08, 0xff, 0x48, 0x24, 0x00, 0xff,
    0x50, 0x24, 0x00, 0xff, 0x48, 0x24, 0x00, 0xff, 0x48, 0x20, 0x08, 0xff,
    0x50, 0x24, 0x00, 0xff, 0x50, 0x24, 0x08, 0xff, 0x50, 0x24, 0x00, 0xff,
    0x48, 0x20, 0x00, 0xff, 0x50, 0x20, 0x08, 0xff, 0x48, 0x24, 0x00, 0xff,
    0x48, 0x24, 0x00, 0xff, 0x48, 0x24, 0x00, 0xff, 0x50, 0x24, 0x08, 0xff,
    0x50, 0x24, 0x08, 0xff, 0x48, 0x24, 0x00, 0xff, 0x48, 0x20, 0x00, 0xff,
    0x50, 0x24, 0x00, 0xff, 0x50, 0x24, 0x08, 0xff, 0x48, 0x24, 0x08, 0xff,
    0x48, 0x20, 0x08, 0xff, 0x48, 0x24, 0x08, 0xff, 0x50, 0x20, 0x00, 0xff,
    0x50, 0x24, 0x00, 0xff, 0x48, 0x24, 0x00, 0xff, 0x48, 0x20, 0x08, 0xff,
    0x48, 0x24, 0x08, 0xff, 0x50, 0x24, 0x08, 0xff, 0x48, 0x24, 0x00, 0xff,
    0x48, 0x20, 0x00, 0xff, 0x48, 0x24, 0x00, 0xff, 0x50, 0x24, 0x08, 0xff,
    0x50, 0x20, 0x08, 0xff, 0x50, 0x20, 0x00, 0xff, 0x50, 0x24, 0x00, 0xff,
    0x50, 0x24, 0x08, 0xff, 0x48, 0x24, 0x00, 0xff, 0x48, 0x24, 0x00, 0xff,
    0x50, 0x24, 0x00, 0xff, 0x50, 0x20, 0x00, 0xff, 0x48, 0x20, 0x08, 0xff,
    0x50, 0x24, 0x08, 0xff, 0x50, 0x24, 0x00, 0xff, 0x48, 0x24, 0x00, 0xff,
    0x48, 0x24, 0x00, 0xff, 0x48, 0x24, 0x00, 0xff, 0x48, 0x24, 0x00, 0xff,
    0x48, 0x20, 0x08, 0xff, 0x50, 0x24, 0x00, 0xff, 0x50, 0x24, 0x08, 0xff,
    0x48, 0x24, 0x00, 0xff, 0x48, 0x20, 0x00, 0xff, 0x48, 0x24, 0x00, 0xff,
    0x48, 0x24, 0x08, 0xff, 0x48, 0x20, 0x00, 0xff, 0x48, 0x24, 0x08, 0xff,
    0x48, 0x24, 0x00, 0xff, 0x50, 0x24, 0x00, 0xff, 0x48, 0x20, 0x08, 0xff,
    0x48, 0x24, 0x00, 0xff, 0x48, 0x24, 0x00, 0xff, 0x50, 0x24, 0x00, 0xff,
    0x50, 0x20, 0x00, 0xff, 0x50, 0x24, 0x08, 0xff, 0x48, 0x24, 0x00, 0xff,
    0x48, 0x20, 0x00, 0xff, 0x48, 0x24, 0x00, 0xff, 0x48, 0x24, 0x00, 0xff,
    0x50, 0x24, 0x08, 0xff, 0x50, 0x20, 0x00, 0xff, 0x48, 0x24, 0x08, 0xff,
    0x48, 0x24, 0x00, 0xff, 0x48, 0x20, 0x00, 0xff, 0x48, 0x24, 0x08, 0xff,
    0x50, 0x24, 0x08, 0xff, 0x48, 0x24, 0x00, 0xff, 0x48, 0x24, 0x00, 0xff,
    0x50, 0x24, 0x00, 0xff, 0x48, 0x24, 0x08, 0xff, 0x48, 0x20, 0x00, 0xff,
    0x50, 0x20, 0x00, 0xff, 0x48, 0x24, 0x08, 0xff, 0x48, 0x24, 0x00, 0xff,
    0x48, 0x24, 0x00, 0xff, 0x48, 0x20, 0x00, 0xff, 0x50, 0x24, 0x00, 0xff,
    0x50, 0x24, 0x08, 0xff, 0x48, 0x24, 0x00, 0xff, 0x48, 0x24, 0x00, 0xff,
    0x48, 0x24, 0x08, 0xff, 0x50, 0x20, 0x08, 0xff, 0x48, 0x24, 0x00, 0xff,
    0x48, 0x20, 0x00, 0xff, 0x50, 0x24, 0x00, 0xff, 0x50, 0x24, 0x00, 0xff,
    0x50, 0x20, 0x00, 0xff, 0x48, 0x24, 0x00, 0xff, 0x48, 0x24, 0x08, 0xff,
    0x48, 0x20, 0x00, 0xff, 0x48, 0x24, 0x00, 0xff, 0x48, 0x24, 0x08, 0xff,
    0x50, 0x24, 0x00, 0xff, 0x50, 0x20, 0x00, 0xff, 0x50, 0x24, 0x08, 0xff,
    0x50, 0x20, 0x00, 0xff, 0x48, 0x24, 0x00, 0xff, 0x48, 0x24, 0x00, 0xff,
    0x48, 0x24, 0x00, 0xff, 0x48, 0x24, 0x08, 0xff, 0x48, 0x24, 0x00, 0xff,
    0x48, 0x24, 0x00, 0xff, 0x50, 0x24, 0x08, 0xff, 0x50, 0x24, 0x00, 0xff,
    0x48, 0x24, 0x00, 0xff, 0x50, 0x24, 0x08, 0xff, 0x50, 0x20, 0x08, 0xff,
    0x48, 0x20, 0x00, 0xff, 0x48, 0x24, 0x00, 0xff, 0x48, 0x24, 0x00, 0xff,
    0x50, 0x24, 0x00, 0xff, 0x50, 0x24, 0x00, 0xff, 0x50, 0x20, 0x00, 0xff,
    0x48, 0x24, 0x08, 0xff, 0x50, 0x24, 0x00, 0xff, 0x48, 0x24, 0x08, 0xff,
    0x50, 0x20, 0x08, 0xff, 0x50, 0x24, 0x00, 0xff, 0x48, 0x24, 0x00, 0xff,
    0x48, 0x24, 0x08, 0xff, 0x48, 0x24, 0x00, 0xff, 0x48, 0x24, 0x00, 0xff,
    0x48, 0x24, 0x08, 0xff, 0x48, 0x24, 0x00, 0xff, 0x48, 0x24, 0x08, 0xff,
    0x50, 0x24, 0x08, 0xff, 0x50, 0x20, 0x00, 0xff, 0x50, 0x24, 0x00, 0xff,
    0x48, 0x24, 0x00, 0xff, 0x50, 0x20, 0x00, 0xff, 0x50, 0x24, 0x00, 0xff,
    0x48, 0x20, 0x08, 0xff, 0x50, 0x24, 0x08, 0xff, 0x48, 0x24, 0x08, 0xff,
    0x50, 0x20, 0x00, 0xff, 0x48, 0x24, 0x00, 0xff, 0x48, 0x24, 0x08, 0xff,
    0x50, 0x24, 0x08, 0xff, 0x50, 0x20, 0x08, 0xff, 0x48, 0x24, 0x08, 0xff,
    0x48, 0x24, 0x00, 0xff, 0x50, 0x24, 0x08, 0xff, 0x50, 0x20, 0x00, 0xff,
    0x48, 0x24, 0x00, 0xff, 0x48, 0x24, 0x00, 0xff, 0x50, 0x24, 0x08, 0xff,
    0x48, 0x24, 0x08, 0xff, 0x48, 0x20, 0x00, 0xff, 0x48, 0x24, 0x00, 0xff,
    0x48, 0x24, 0x00, 0xff, 0x50, 0x20, 0x00, 0xff, 0x48, 0x24, 0x08, 0xff,
    0x48, 0x24, 0x00, 0xff, 0x48, 0x24, 0x00, 0xff, 0x50, 0x24, 0x08, 0xff,
    0x50, 0x20, 0x08, 0xff, 0x50, 0x20, 0x00, 0xff, 0x48, 0x24, 0x00, 0xff,
    0x48, 0x20, 0x08, 0xff, 0x48, 0x20, 0x00, 0xff, 0x48, 0x24, 0x00, 0xff,
    0x48, 0x24, 0x00, 0xff, 0x48, 0x24, 0x00, 0xff, 0x50, 0x20, 0x00, 0xff,
    0x50, 0x24, 0x00, 0xff, 0x48, 0x24, 0x00, 0xff, 0x48, 0x24, 0x00, 0xff,
    0x48, 0x24, 0x08, 0xff, 0x48, 0x24, 0x08, 0xff, 0x48, 0x24, 0x00, 0xff,
    0x50, 0x20, 0x00, 0xff, 0x48, 0x24, 0x00, 0xff, 0x48, 0x24, 0x08, 0xff,
    0x48, 0x24, 0x00, 0xff, 0x50, 0x24, 0x00, 0xff, 0x48, 0x24, 0x08, 0xff,
    0x48, 0x24, 0x00, 0xff, 0x48, 0x24, 0x08, 0xff, 0x48, 0x24, 0x08, 0xff,
    0x48, 0x20, 0x00, 0xff, 0x50, 0x20, 0x08, 0xff, 0x48, 0x24, 0x08, 0xff,
    0x48, 0x24, 0x00, 0xff, 0x50, 0x24, 0x00, 0xff, 0x50, 0x24, 0x00, 0xff,
    0x48, 0x24, 0x00, 0xff, 0x48, 0x24, 0x00, 0xff, 0x50, 0x24, 0x08, 0xff,
    0x48, 0x20, 0x08, 0xff, 0x48, 0x24, 0x00, 0xff, 0x50, 0x24, 0x00, 0xff,
    0x50, 0x24, 0x00, 0xff, 0x48, 0x24, 0x00, 0xff, 0x48, 0x24, 0x00, 0xff,
    0x48, 0x24, 0x08, 0xff, 0x50, 0x24, 0x08, 0xff, 0x50, 0x24, 0x08, 0xff,
    0x48, 0x20, 0x00, 0xff, 0x48, 0x24, 0x00, 0xff, 0x50, 0x24, 0x00, 0xff,
    0x50, 0x24, 0x08, 0xff, 0x48, 0x20, 0x00, 0xff, 0x50, 0x24, 0x00, 0xff,
    0x48, 0x24, 0x08, 0xff, 0x48, 0x24, 0x08, 0xff, 0x48, 0x20, 0x00, 0xff,
    0x48, 0x24, 0x00, 0xff, 0x48, 0x20, 0x00, 0xff, 0x48, 0x24, 0x08, 0xff,
    0x48, 0x24, 0x00, 0xff, 0x50, 0x24, 0x08, 0xff, 0x50, 0x24, 0x00, 0xff,
    0x48, 0x20, 0x00, 0xff, 0x48, 0x24, 0x08, 0xff, 0x50, 0x24, 0x00, 0xff,
    0x50, 0x20, 0x08, 0xff, 0x48, 0x24, 0x00, 0xff, 0x48, 0x24, 0x00, 0xff,
    0x48, 0x20, 0x00, 0xff, 0x50, 0x20, 0x08, 0xff, 0x50, 0x24, 0x08, 0xff,
    0x48, 0x24, 0x00, 0xff, 0x48, 0x24, 0x00, 0xff, 0x50, 0x24, 0x08, 0xff,
    0x48, 0x24, 0x00, 0xff, 0x48, 0x20, 0x00, 0xff, 0x50, 0x24, 0x08, 0xff,
    0x50, 0x24, 0x08, 0xff, 0x48, 0x24, 0x08, 0xff, 0x48, 0x24, 0x00, 0xff,
    0x50, 0x24, 0x00, 0xff, 0x48, 0x20, 0x08, 0xff, 0x48, 0x24, 0x08, 0xff,
    0x48, 0x24, 0x00, 0xff, 0x48, 0x24, 0x00, 0xff, 0x50, 0x24, 0x08, 0xff,
    0x50, 0x24, 0x00, 0xff, 0x48, 0x20, 0x00, 0xff, 0x48, 0x24, 0x08, 0xff,
    0x48, 0x24, 0x00, 0xff, 0x50, 0x24, 0x00, 0xff, 0x48, 0x20, 0x00, 0xff,
    0x50, 0x24, 0x08, 0xff, 0x48, 0x24, 0x08, 0xff, 0x50, 0x24, 0x00, 0xff,
    0x48, 0x24, 0x08, 0xff, 0x48, 0x24, 0x00, 0xff, 0x48, 0x24, 0x00, 0xff,
    0x48, 0x24, 0x00, 0xff, 0x48, 0x20, 0x00, 0xff, 0x48, 0x24, 0x08, 0xff,
    0x50, 0x24, 0x00, 0xff, 0x48, 0x24, 0x00, 0xff, 0x50, 0x20, 0x08, 0xff,
    0x50, 0x20, 0x08, 0xff, 0x48, 0x24, 0x00, 0xff, 0x48, 0x20, 0x00, 0xff,
    0x50, 0x20, 0x08, 0xff, 0x48, 0x24, 0x00, 0xff, 0x48, 0x24, 0x00, 0xff,
    0x48, 0x24, 0x08, 0xff, 0x48, 0x24, 0x00, 0xff, 0x50, 0x20, 0x08, 0xff,
    0x48, 0x20, 0x00, 0xff, 0x48, 0x24, 0x08, 0xff, 0x48, 0x24, 0x08, 0xff,
    0x50, 0x24, 0x00, 0xff, 0x48, 0x20, 0x08, 0xff, 0x48, 0x24, 0x00, 0xff,
    0x48, 0x24, 0x00, 0xff, 0x48, 0x20, 0x08, 0xff, 0x50, 0x24, 0x00, 0xff,
    0x50, 0x20, 0x00, 0xff, 0x50, 0x24, 0x08, 0xff, 0x50, 0x24, 0x08, 0xff,
    0x48, 0x20, 0x00, 0xff, 0x48, 0x20, 0x08, 0xff, 0x50, 0x24, 0x00, 0xff,
    0x48, 0x20, 0x00, 0xff, 0x48, 0x24, 0x00, 0xff, 0x48, 0x24, 0x00, 0xff,
    0x50, 0x20, 0x08, 0xff, 0x48, 0x24, 0x08, 0xff, 0x48, 0x24, 0x08, 0xff,
    0x48, 0x24, 0x00, 0xff, 0x48, 0x24, 0x00, 0xff, 0x48, 0x24, 0x00, 0xff,
    0x48, 0x24, 0x08, 0xff, 0x50, 0x20, 0x00, 0xff, 0x50, 0x24, 0x00, 0xff,
    0x48, 0x24, 0x00, 0xff, 0x48, 0x24, 0x00, 0xff, 0x50, 0x20, 0x00, 0xff,
    0x48, 0x24, 0x00, 0xff, 0x48, 0x20, 0x08, 0xff, 0x48, 0x24, 0x08, 0xff,
    0x50, 0x24, 0x08, 0xff, 0x48, 0x24, 0x00, 0xff, 0x48, 0x20, 0x00, 0xff,
    0x50, 0x24, 0x00, 0xff, 0x50, 0x20, 0x08, 0xff, 0x50, 0x24, 0x08, 0xff,
    0x48, 0x24, 0x00, 0xff, 0x48, 0x20, 0x00, 0xff, 0x48, 0x24, 0x00, 0xff,
    0x48, 0x24, 0x08, 0xff, 0x50, 0x24, 0x00, 0xff, 0x48, 0x24, 0x00, 0xff,
    0x48, 0x24, 0x00, 0xff, 0x48, 0x24, 0x08, 0xff, 0x48, 0x24, 0x00, 0xff,
    0x48, 0x24, 0x00, 0xff, 0x50, 0x24, 0x08, 0xff, 0x50, 0x24, 0x08, 0xff,
    0x48, 0x24, 0x08, 0xff, 0x48, 0x20, 0x08, 0xff, 0x48, 0x24, 0x00, 0xff,
    0x48, 0x24, 0x00, 0xff, 0x50, 0x24, 0x08, 0xff, 0x48, 0x20, 0x08, 0xff,
    0x48, 0x24, 0x00, 0xff, 0x50, 0x24, 0x00, 0xff, 0x50, 0x20, 0x00, 0xff,
    0x48, 0x24, 0x00, 0xff, 0x48, 0x24, 0x08, 0xff, 0x50, 0x20, 0x00, 0xff,
    0x50, 0x20, 0x08, 0xff, 0x48, 0x24, 0x00, 0xff, 0x50, 0x20, 0x08, 0xff,
    0x48, 0x24, 0x00, 0xff, 0x48, 0x24, 0x00, 0xff, 0x48, 0x24, 0x00, 0xff,
    0x50, 0x24, 0x08, 0xff, 0x48, 0x24, 0x00, 0xff, 0x50, 0x20, 0x00, 0xff,
    0x48, 0x24, 0x08, 0xff, 0x48, 0x24, 0x08, 0xff, 0x48, 0x24, 0x00, 0xff,
    0x48, 0x24, 0x08, 0xff, 0x48, 0x20, 0x08, 0xff, 0x48, 0x20, 0x00, 0xff,
    0x50, 0x24, 0x00, 0xff, 0x50, 0x20, 0x08, 0xff, 0x48, 0x24, 0x08, 0xff,
    0x48, 0x24, 0x08, 0xff, 0x48, 0x24, 0x08, 0xff, 0x48, 0x20, 0x00, 0xff,
    0x50, 0x20, 0x00, 0xff, 0x48, 0x24, 0x08, 0xff, 0x50, 0x24, 0x00, 0xff,
    0x50, 0x24, 0x00, 0xff, 0x50, 0x24, 0x08, 0xff, 0x48, 0x24, 0x08, 0xff,
    0x48, 0x20, 0x00, 0xff, 0x48, 0x24, 0x08, 0xff, 0x48, 0x24, 0x00, 0xff,
    0x50, 0x24, 0x00, 0xff, 0x50, 0x24, 0x00, 0xff, 0x50, 0x24, 0x08, 0xff,
    0x48, 0x24, 0x08, 0xff, 0x48, 0x24, 0x00, 0xff, 0x48, 0x24, 0x00, 0xff,
    0x50, 0x24, 0x08, 0xff, 0x50, 0x20, 0x00, 0xff, 0x48, 0x24, 0x08, 0xff,
    0x48, 0x20, 0x00, 0xff, 0x48, 0x24, 0x00, 0xff, 0x48, 0x24, 0x08, 0xff,
    0x48, 0x24, 0x00, 0xff, 0x50, 0x24, 0x08, 0xff, 0x50, 0x24, 0x00, 0xff,
    0x48, 0x24, 0x00, 0xff, 0x48, 0x24, 0x00, 0xff, 0x48, 0x20, 0x00, 0xff,
    0x48, 0x24, 0x08, 0xff, 0x50, 0x20, 0x08, 0xff, 0x48, 0x24, 0x00, 0xff,
    0x50, 0x24, 0x08, 0xff, 0x50, 0x24, 0x00, 0xff, 0x48, 0x20, 0x00, 0xff,
    0x48, 0x24, 0x00, 0xff, 0x50, 0x24, 0x00, 0xff, 0x48, 0x20, 0x08, 0xff,
    0x48, 0x24, 0x00, 0xff, 0x50, 0x24, 0x00, 0xff, 0x50, 0x20, 0x00, 0xff,
    0x50, 0x24, 0x08, 0xff, 0x50, 0x24, 0x00, 0xff, 0x48, 0x20, 0x00, 0xff,
    0x48, 0x24, 0x08, 0xff, 0x50, 0x24, 0x08, 0xff, 0x48, 0x24, 0x08, 0xff,
    0x48, 0x20, 0x08, 0xff, 0x48, 0x24, 0x08, 0xff, 0x50, 0x24, 0x08, 0xff,
    0x48, 0x24, 0x00, 0xff, 0x50, 0x24, 0x00, 0xff, 0x48, 0x20, 0x00, 0xff,
    0x48, 0x20, 0x00, 0xff, 0x48, 0x24, 0x08, 0xff, 0x50, 0x24, 0x00, 0xff,
    0x48, 0x20, 0x08, 0xff, 0x50, 0x24, 0x08, 0xff, 0x50, 0x20, 0x00, 0xff,
    0x48, 0x24, 0x08, 0xff, 0x50, 0x20, 0x08, 0xff, 0x48, 0x24, 0x00, 0xff,
    0x48, 0x24, 0x00, 0xff, 0x50, 0x24, 0x00, 0xff, 0x48, 0x24, 0x08, 0xff,
    0x48, 0x24, 0x08, 0xff, 0x48, 0x24, 0x00, 0xff, 0x48, 0x24, 0x00, 0xff,
    0x50, 0x24, 0x00, 0xff, 0x50, 0x24, 0x08, 0xff, 0x48, 0x24, 0x00, 0xff,
    0x48, 0x24, 0x08, 0xff, 0x48, 0x24, 0x08, 0xff, 0x50, 0x24, 0x00, 0xff,
    0x48, 0x20, 0x00, 0xff, 0x48, 0x24, 0x00, 0xff, 0x50, 0x24, 0x00, 0xff,
    0x48, 0x24, 0x00, 0xff, 0x48, 0x24, 0x00, 0xff, 0x48, 0x24, 0x08, 0xff,
    0x48, 0x24, 0x00, 0xff, 0x48, 0x24, 0x00, 0xff, 0x48, 0x20, 0x00, 0xff,
    0x50, 0x24, 0x00, 0xff, 0x50, 0x24, 0x00, 0xff, 0x48, 0x24, 0x00, 0xff,
    0x48, 0x24, 0x00, 0xff, 0x48, 0x20, 0x08, 0xff, 0x50, 0x24, 0x08, 0xff,
    0x48, 0x24, 0x00, 0xff, 0x48, 0x24, 0x00, 0xff, 0x48, 0x24, 0x00, 0xff,
    0x50, 0x20, 0x00, 0xff, 0x50, 0x20, 0x00, 0xff, 0x50, 0x24, 0x00, 0xff,
    0x48, 0x24, 0x00, 0xff, 0x48, 0x24, 0x08, 0xff, 0x48, 0x20, 0x00, 0xff,
    0x48, 0x20, 0x00, 0xff, 0x48, 0x24, 0x00, 0xff, 0x48, 0x24, 0x08, 0xff,
    0x48, 0x24, 0x00, 0xff, 0x50, 0x24, 0x00, 0xff, 0x48, 0x24, 0x00, 0xff,
    0x48, 0x24, 0x00, 0xff, 0x50, 0x20, 0x08, 0xff, 0x48, 0x24, 0x00, 0xff,
    0x48, 0x24, 0x08, 0xff, 0x48, 0x24, 0x00, 0xff, 0x48, 0x24, 0x00, 0xff,
    0x50, 0x24, 0x08, 0xff, 0x48, 0x24, 0x08, 0xff, 0x50, 0x24, 0x08, 0xff,
    0x50, 0x24, 0x00, 0xff, 0x50, 0x20, 0x08, 0xff, 0x48, 0x20, 0x00, 0xff,
    0x48, 0x24, 0x00, 0xff, 0x50, 0x24, 0x00, 0xff, 0x48, 0x24, 0x08, 0xff,
    0x50, 0x20, 0x08, 0xff, 0x50, 0x24, 0x00, 0xff, 0x48, 0x24, 0x00, 0xff,
    0x50, 0x20, 0x00, 0xff, 0x50, 0x24, 0x00, 0xff, 0x50, 0x24, 0x08, 0xff,
    0x48, 0x24, 0x08, 0xff, 0x48, 0x20, 0x00, 0xff, 0x50, 0x24, 0x00, 0xff,
    0x50, 0x20, 0x00, 0xff, 0x48, 0x24, 0x00, 0xff, 0x48, 0x24, 0x08, 0xff,
    0x48, 0x24, 0x08, 0xff, 0x50, 0x24, 0x00, 0xff, 0x48, 0x24, 0x00, 0xff,
    0x48, 0x24, 0x00, 0xff, 0x50, 0x24, 0x08, 0xff, 0x48, 0x24, 0x00, 0xff,
    0x50, 0x20, 0x00, 0xff, 0x50, 0x24, 0x00, 0xff, 0x50, 0x20, 0x08, 0xff,
    0x48, 0x24, 0x00, 0xff, 0x48, 0x24, 0x00, 0xff, 0x48, 0x24, 0x00, 0xff,
    0x50, 0x24, 0x00, 0xff, 0x48, 0x20, 0x08, 0xff, 0x48, 0x20, 0x08, 0xff,
    0x50, 0x24, 0x00, 0xff, 0x50, 0x24, 0x00, 0xff, 0x50, 0x24, 0x00, 0xff,
    0x48, 0x24, 0x00, 0xff, 0x48, 0x24, 0x08, 0xff, 0x50, 0x24, 0x00, 0xff,
    0x48, 0x20, 0x00, 0xff, 0x50, 0x24, 0x00, 0xff, 0x50, 0x24, 0x08, 0xff,
    0x48, 0x24, 0x00, 0xff, 0x48, 0x24, 0x00, 0xff, 0x48, 0x20, 0x00, 0xff,
    0x48, 0x20, 0x00, 0xff, 0x48, 0x24, 0x00, 0xff, 0x48, 0x20, 0x00, 0xff,
    0x50, 0x24, 0x00, 0xff, 0x50, 0x24, 0x00, 0xff, 0x48, 0x24, 0x08, 0xff,
    0x48, 0x20, 0x08, 0xff, 0x48, 0x20, 0x00, 0xff, 0x48, 0x24, 0x00, 0xff,
    0x50, 0x24, 0x08, 0xff, 0x50, 0x24, 0x08, 0xff, 0x50, 0x24, 0x00, 0xff,
    0x48, 0x20, 0x00, 0xff, 0x48, 0x24, 0x08, 0xff, 0x48, 0x24, 0x00, 0xff,
    0x50, 0x24, 0x08, 0xff, 0x50, 0x24, 0x00, 0xff, 0x48, 0x24, 0x00, 0xff,
    0x48, 0x20, 0x00, 0xff, 0x48, 0x24, 0x00, 0xff, 0x50, 0x20, 0x08, 0xff,
    0x50, 0x24, 0x08, 0xff, 0x48, 0x24, 0x08, 0xff, 0x50, 0x24, 0x00, 0xff,
    0x48, 0x24, 0x00, 0xff, 0x48, 0x24, 0x00, 0xff, 0x50, 0x20, 0x00, 0xff,
    0x48, 0x24, 0x00, 0xff, 0x48, 0x24, 0x08, 0xff, 0x48, 0x24, 0x08, 0xff,
    0x48, 0x20, 0x00, 0xff, 0x48, 0x24, 0x00, 0xff, 0x50, 0x24, 0x00, 0xff,
    0x48, 0x20, 0x08, 0xff, 0x48, 0x24, 0x00, 0xff, 0x48, 0x24, 0x00, 0xff,
    0x48, 0x24, 0x00, 0xff, 0x48, 0x20, 0x08, 0xff, 0x48, 0x24, 0x00, 0xff,
    0x48, 0x24, 0x00, 0xff, 0x48, 0x24, 0x00, 0xff, 0x50, 0x20, 0x00, 0xff,
    0x50, 0x24, 0x00, 0xff, 0x50, 0x24, 0x00, 0xff, 0x48, 0x24, 0x00, 0xff,
    0x48, 0x20, 0x00, 0xff, 0x48, 0x24, 0x00, 0xff, 0x50, 0x24, 0x08, 0xff,
    0x50, 0x24, 0x08, 0xff, 0x50, 0x24, 0x00, 0xff, 0x48, 0x20, 0x08, 0xff,
    0x50, 0x24, 0x00, 0xff, 0x48, 0x24, 0x08, 0xff, 0x48, 0x24, 0x00, 0xff,
    0x50, 0x24, 0x00, 0xff, 0x48, 0x24, 0x00, 0xff, 0x48, 0x24, 0x00, 0xff,
    0x48, 0x24, 0x00, 0xff, 0x48, 0x24, 0x08, 0xff, 0x50, 0x20, 0x00, 0xff,
    0x48, 0x24, 0x00, 0xff, 0x50, 0x24, 0x00, 0xff, 0x50, 0x20, 0x08, 0xff,
    0x50, 0x20, 0x08, 0xff, 0x48, 0x24, 0x00, 0xff, 0x48, 0x20, 0x00, 0xff,
    0x50, 0x24, 0x00, 0xff, 0x50, 0x24, 0x00, 0xff, 0x48, 0x20, 0x00, 0xff,
    0x48, 0x24, 0x00, 0xff, 0x50, 0x24, 0x08, 0xff, 0x48, 0x24, 0x08, 0xff,
    0x50, 0x20, 0x08, 0xff, 0x50, 0x24, 0x08, 0xff, 0x50, 0x20, 0x00, 0xff,
    0x48, 0x24, 0x08, 0xff, 0x48, 0x24, 0x00, 0xff, 0x50, 0x24, 0x08, 0xff,
    0x48, 0x24, 0x00, 0xff, 0x48, 0x24, 0x08, 0xff, 0x50, 0x24, 0x08, 0xff,
    0x50, 0x20, 0x08, 0xff, 0x50, 0x24, 0x00, 0xff, 0x48, 0x24, 0x00, 0xff,
    0x48, 0x24, 0x08, 0xff, 0x50, 0x20, 0x00, 0xff, 0x50, 0x24, 0x00, 0xff,
    0x48, 0x24, 0x08, 0xff, 0x48, 0x24, 0x08, 0xff, 0x48, 0x20, 0x08, 0xff,
    0x50, 0x24, 0x00, 0xff, 0x48, 0x24, 0x00, 0xff, 0x50, 0x24, 0x08, 0xff,
    0x50, 0x24, 0x08, 0xff, 0x50, 0x24, 0x08, 0xff, 0x48, 0x24, 0x00, 0xff,
    0x48, 0x24, 0x00, 0xff, 0x50, 0x20, 0x08, 0xff, 0x50, 0x24, 0x00, 0xff,
    0x48, 0x24, 0x00, 0xff, 0x48, 0x20, 0x00, 0xff, 0x50, 0x24, 0x08, 0xff,
    0x50, 0x24, 0x00, 0xff, 0x48, 0x20, 0x00, 0xff, 0x48, 0x24, 0x00, 0xff,
    0x48, 0x24, 0x00, 0xff, 0x50, 0x20, 0x08, 0xff, 0x48, 0x24, 0x00, 0xff,
    0x48, 0x20, 0x00, 0xff, 0x48, 0x24, 0x00, 0xff, 0x48, 0x24, 0x08, 0xff,
    0x50, 0x20, 0x08, 0xff, 0x50, 0x24, 0x08, 0xff, 0x50, 0x20, 0x00, 0xff,
    0x48, 0x24, 0x00, 0xff, 0x48, 0x24, 0x00, 0xff, 0x48, 0x20, 0x00, 0xff,
    0x48, 0x24, 0x00, 0xff, 0x48, 0x24, 0x00, 0xff, 0x48, 0x24, 0x00, 0xff,
    0x50, 0x20, 0x00, 0xff, 0x48, 0x24, 0x08, 0xff, 0x48, 0x24, 0x00, 0xff,
    0x50, 0x24, 0x08, 0xff, 0x48, 0x24, 0x08, 0xff, 0x48, 0x20, 0x00, 0xff,
    0x50, 0x24, 0x00, 0xff, 0x48, 0x20, 0x08, 0xff, 0x50, 0x24, 0x08, 0xff,
    0x48, 0x24, 0x00, 0xff, 0x48, 0x24, 0x00, 0xff, 0x48, 0x24, 0x08, 0xff,
    0x48, 0x24, 0x08, 0xff, 0x48, 0x24, 0x08, 0xff, 0x48, 0x24, 0x00, 0xff,
    0x50, 0x20, 0x00, 0xff, 0x50, 0x24, 0x08, 0xff, 0x48, 0x24, 0x08, 0xff,
    0x48, 0x24, 0x00, 0xff, 0x50, 0x24, 0x00, 0xff, 0x50, 0x24, 0x00, 0xff,
    0x48, 0x24, 0x00, 0xff, 0x48, 0x20, 0x00, 0xff, 0x48, 0x24, 0x08, 0xff,
    0x48, 0x24, 0x08, 0xff, 0x48, 0x24, 0x00, 0xff, 0x48, 0x20, 0x00, 0xff,
    0x50, 0x24, 0x00, 0xff, 0x48, 0x20, 0x00, 0xff, 0x48, 0x24, 0x00, 0xff,
    0x50, 0x24, 0x08, 0xff, 0x50, 0x24, 0x00, 0xff, 0x48, 0x24, 0x08, 0xff,
    0x48, 0x24, 0x08, 0xff, 0x48, 0x24, 0x00, 0xff, 0x50, 0x24, 0x08, 0xff,
    0x48, 0x24, 0x08, 0xff, 0x48, 0x20, 0x00, 0xff, 0x50, 0x24, 0x00, 0xff,
    0x50, 0x24, 0x00, 0xff, 0x48, 0x24, 0x08, 0xff, 0x48, 0x20, 0x00, 0xff,
    0x50, 0x24, 0x00, 0xff, 0x48, 0x20, 0x00, 0xff, 0x48, 0x20, 0x08, 0xff,
    0x50, 0x24, 0x00, 0xff, 0x48, 0x24, 0x00, 0xff, 0x48, 0x24, 0x00, 0xff,
    0x48, 0x24, 0x00, 0xff, 0x50, 0x24, 0x08, 0xff, 0x50, 0x20, 0x08, 0xff,
    0x50, 0x24, 0x00, 0xff, 0x48, 0x24, 0x00, 0xff, 0x48, 0x24, 0x08, 0xff,
    0x48, 0x20, 0x00, 0xff, 0x50, 0x24, 0x00, 0xff, 0x48, 0x24, 0x08, 0xff,
    0x50, 0x24, 0x00, 0xff, 0x50, 0x24, 0x08, 0xff, 0x48, 0x24, 0x08, 0xff,
    0x48, 0x20, 0x00, 0xff, 0x48, 0x24, 0x00, 0xff, 0x50, 0x24, 0x08, 0xff,
    0x50, 0x24, 0x00, 0xff, 0x50, 0x20, 0x08, 0xff, 0x48, 0x24, 0x08, 0xff,
    0x50, 0x24, 0x00, 0xff, 0x48, 0x24, 0x08, 0xff, 0x50, 0x24, 0x08, 0xff,
    0x48, 0x20, 0x00, 0xff, 0x48, 0x24, 0x00, 0xff, 0x50, 0x24, 0x08, 0xff,
    0x50, 0x24, 0x08, 0xff, 0x50, 0x20, 0x00, 0xff, 0x48, 0x24, 0x00, 0xff,
    0x48, 0x24, 0x00, 0xff, 0x48, 0x24, 0x00, 0xff, 0x48, 0x20, 0x08, 0xff,
    0x50, 0x24, 0x08, 0xff, 0x50, 0x20, 0x08, 0xff, 0x48, 0x24, 0x00, 0xff,
    0x48, 0x24, 0x00, 0xff, 0x48, 0x24, 0x00, 0xff, 0x48, 0x24, 0x00, 0xff,
    0x48, 0x24, 0x00, 0xff, 0x48, 0x24, 0x00, 0xff, 0x50, 0x24, 0x08, 0xff,
    0x48, 0x24, 0x00, 0xff, 0x48, 0x20, 0x00, 0xff, 0x50, 0x24, 0x08, 0xff,
    0x50, 0x24, 0x08, 0xff, 0x48, 0x20, 0x00, 0xff, 0x48, 0x24, 0x00, 0xff,
    0x50, 0x24, 0x00, 0xff, 0x48, 0x20, 0x08, 0xff, 0x48, 0x24, 0x08, 0xff,
    0x48, 0x24, 0x00, 0xff, 0x48, 0x24, 0x00, 0xff, 0x50, 0x24, 0x08, 0xff,
    0x48, 0x20, 0x00, 0xff, 0x48, 0x24, 0x00, 0xff, 0x48, 0x24, 0x08, 0xff,
    0x50, 0x24, 0x08, 0xff, 0x48, 0x24, 0x00, 0xff, 0x50, 0x20, 0x00, 0xff,
    0x48, 0x24, 0x00, 0xff, 0x48, 0x24, 0x00, 0xff, 0x48, 0x24, 0x00, 0xff,
    0x50, 0x20, 0x00, 0xff, 0x50, 0x24, 0x08, 0xff, 0x48, 0x20, 0x00, 0xff,
    0x48, 0x24, 0x08, 0xff, 0x48, 0x24, 0x00, 0xff, 0x48, 0x20, 0x00, 0xff,
    0x48, 0x24, 0x00, 0xff, 0x48, 0x24, 0x08, 0xff, 0x50, 0x24, 0x00, 0xff,
    0x48, 0x20, 0x00, 0xff, 0x48, 0x24, 0x08, 0xff, 0x48, 0x24, 0x08, 0xff,
    0x50, 0x24, 0x00, 0xff, 0x48, 0x24, 0x08, 0xff, 0x48, 0x24, 0x00, 0xff,
    0x48, 0x20, 0x08, 0xff, 0x50, 0x24, 0x08, 0xff, 0x48, 0x24, 0x00, 0xff,
    0x48, 0x24, 0x00, 0xff, 0x48, 0x24, 0x00, 0xff, 0x50, 0x20, 0x00, 0xff,
    0x48, 0x24, 0x00, 0xff, 0x48, 0x24, 0x08, 0xff, 0x48, 0x20, 0x08, 0xff,
    0x50, 0x24, 0x08, 0xff, 0x48, 0x24, 0x00, 0xff, 0x48, 0x24, 0x00, 0xff,
    0x50, 0x24, 0x08, 0xff, 0x48, 0x20, 0x08, 0xff, 0x50, 0x24, 0x08, 0xff,
    0x50, 0x24, 0x00, 0xff, 0x48, 0x20, 0x00, 0xff, 0x48, 0x24, 0x00, 0xff,
    0x50, 0x24, 0x00, 0xff, 0x48, 0x24, 0x08, 0xff, 0x48, 0x24, 0x00, 0xff,
    0x48, 0x24, 0x00, 0xff, 0x48, 0x24, 0x00, 0xff, 0x48, 0x24, 0x00, 0xff,
    0x48, 0x24, 0x00, 0xff, 0x48, 0x20, 0x08, 0xff, 0x50, 0x24, 0x08, 0xff,
    0x48, 0x24, 0x08, 0xff, 0x50, 0x24, 0x08, 0xff, 0x48, 0x24, 0x08, 0xff,
    0x48, 0x20, 0x00, 0xff, 0x50, 0x24, 0x00, 0xff, 0x48, 0x24, 0x08, 0xff,
    0x48, 0x24, 0x00, 0xff, 0x50, 0x20, 0x00, 0xff, 0x50, 0x24, 0x00, 0xff,
    0x48, 0x24, 0x08, 0xff, 0x50, 0x24, 0x00, 0xff, 0x48, 0x20, 0x00, 0xff,
    0x48, 0x24, 0x08, 0xff, 0x50, 0x20, 0x00, 0xff, 0x48, 0x20, 0x00, 0xff,
    0x48, 0x24, 0x00, 0xff, 0x50, 0x24, 0x00, 0xff, 0x48, 0x20, 0x00, 0xff,
    0x48, 0x24, 0x08, 0xff, 0x48, 0x24, 0x00, 0xff, 0x50, 0x20, 0x00, 0xff,
    0x48, 0x20, 0x08, 0xff, 0x48, 0x24, 0x00, 0xff, 0x48, 0x24, 0x00, 0xff,
    0x50, 0x20, 0x08, 0xff, 0x48, 0x24, 0x08, 0xff, 0x48, 0x24, 0x00, 0xff,
    0x50, 0x24, 0x00, 0xff, 0x50, 0x20, 0x00, 0xff, 0x50, 0x24, 0x08, 0xff,
    0x48, 0x24, 0x08, 0xff, 0x48, 0x24, 0x08, 0xff, 0x48, 0x24, 0x08, 0xff,
    0x48, 0x20, 0x00, 0xff, 0x48, 0x24, 0x08, 0xff, 0x50, 0x24, 0x00, 0xff,
    0x50, 0x24, 0x08, 0xff, 0x50, 0x24, 0x08, 0xff, 0x48, 0x20, 0x00, 0xff,
    0x48, 0x24, 0x00, 0xff, 0x48, 0x24, 0x08, 0xff, 0x48, 0x20, 0x08, 0xff,
    0x50, 0x24, 0x00, 0xff, 0x48, 0x24, 0x00, 0xff, 0x50, 0x24, 0x08, 0xff,
    0x48, 0x24, 0x00, 0xff, 0x48, 0x24, 0x00, 0xff, 0x48, 0x24, 0x00, 0xff,
    0x48, 0x24, 0x08, 0xff, 0x50, 0x24, 0x08, 0xff, 0x50, 0x20, 0x00, 0xff,
    0x48, 0x20, 0x08, 0xff, 0x48, 0x24, 0x00, 0xff, 0x48, 0x24, 0x00, 0xff,
    0x48, 0x20, 0x08, 0xff, 0x50, 0x24, 0x08, 0xff, 0x48, 0x24, 0x00, 0xff,
    0x48, 0x24, 0x00, 0xff, 0x48, 0x20, 0x00, 0xff, 0x48, 0x24, 0x00, 0xff,
    0x48, 0x20, 0x08, 0xff, 0x48, 0x20, 0x00, 0xff, 0x48, 0x24, 0x00, 0xff,
    0x50, 0x24, 0x08, 0xff, 0x50, 0x20, 0x00, 0xff, 0x48, 0x24, 0x00, 0xff,
    0x48, 0x24, 0x00, 0xff, 0x48, 0x24, 0x00, 0xff, 0x48, 0x24, 0x08, 0xff,
    0x48, 0x24, 0x00, 0xff, 0x50, 0x24, 0x00, 0xff, 0x48, 0x20, 0x08, 0xff,
    0x50, 0x24, 0x08, 0xff, 0x50, 0x24, 0x00, 0xff, 0x48, 0x24, 0x00, 0xff,
    0x48, 0x20, 0x00, 0xff, 0x48, 0x24, 0x08, 0xff, 0x48, 0x24, 0x08, 0xff,
    0x48, 0x24, 0x08, 0xff, 0x48, 0x20, 0x08, 0xff, 0x50, 0x24, 0x00, 0xff,
    0x48, 0x24, 0x00, 0xff, 0x48, 0x24, 0x00, 0xff, 0x48, 0x24, 0x00, 0xff,
    0x48, 0x20, 0x00, 0xff, 0x48, 0x24, 0x08, 0xff, 0x50, 0x24, 0x08, 0xff,
    0x50, 0x20, 0x08, 0xff, 0x50, 0x24, 0x00, 0xff, 0x48, 0x20, 0x00, 0xff,
    0x48, 0x20, 0x08, 0xff, 0x50, 0x24, 0x08, 0xff, 0x48, 0x24, 0x00, 0xff,
    0x48, 0x20, 0x00, 0xff, 0x50, 0x24, 0x08, 0xff, 0x50, 0x24, 0x08, 0xff,
    0x48, 0x24, 0x08, 0xff, 0x48, 0x24, 0x00, 0xff, 0x48, 0x24, 0x00, 0xff,
    0x50, 0x24, 0x00, 0xff, 0x48, 0x24, 0x08, 0xff, 0x48, 0x24, 0x00, 0xff,
    0x50, 0x24, 0x08, 0xff, 0x48, 0x24, 0x08, 0xff, 0x50, 0x20, 0x00, 0xff,
    0x48, 0x24, 0x00, 0xff, 0x50, 0x24, 0x08, 0xff, 0x48, 0x20, 0x00, 0xff,
    0x48, 0x24, 0x00, 0xff, 0x48, 0x24, 0x08, 0xff, 0x48, 0x24, 0x00, 0xff,
    0x48, 0x24, 0x08, 0xff, 0x48, 0x24, 0x00, 0xff, 0x48, 0x24, 0x00, 0xff,
    0x50, 0x20, 0x00, 0xff, 0x50, 0x24, 0x08, 0xff, 0x50, 0x24, 0x00, 0xff,
    0x48, 0x24, 0x00, 0xff, 0x48, 0x24, 0x00, 0xff, 0x48, 0x20, 0x08, 0xff,
    0x50, 0x24, 0x00, 0xff, 0x50, 0x24, 0x00, 0xff, 0x48, 0x20, 0x00, 0xff,
    0x48, 0x20, 0x00, 0xff, 0x50, 0x24, 0x00, 0xff, 0x50, 0x24, 0x00, 0xff,
    0x48, 0x24, 0x00, 0xff, 0x48, 0x24, 0x00, 0xff, 0x50, 0x20, 0x00, 0xff,
    0x48, 0x20, 0x00, 0xff, 0x48, 0x24, 0x08, 0xff, 0x48, 0x24, 0x08, 0xff,
    0x48, 0x24, 0x00, 0xff, 0x50, 0x20, 0x00, 0xff, 0x48, 0x24, 0x00, 0xff,
    0x48, 0x24, 0x00, 0xff, 0x50, 0x24, 0x08, 0xff, 0x48, 0x24, 0x00, 0xff,
    0x48, 0x20, 0x00, 0xff, 0x48, 0x24, 0x00, 0xff, 0x50, 0x24, 0x00, 0xff,
    0x48, 0x24, 0x08, 0xff, 0x48, 0x24, 0x00, 0xff, 0x50, 0x24, 0x08, 0xff,
    0x48, 0x24, 0x08, 0xff, 0x50, 0x20, 0x08, 0xff, 0x50, 0x24, 0x00, 0xff,
    0x48, 0x24, 0x00, 0xff, 0x48, 0x24, 0x08, 0xff, 0x48, 0x20, 0x00, 0xff,
    0x50, 0x24, 0x08, 0xff, 0x50, 0x24, 0x08, 0xff, 0x48, 0x24, 0x00, 0xff,
    0x50, 0x24, 0x00, 0xff, 0x48, 0x20, 0x00, 0xff, 0x50, 0x24, 0x00, 0xff,
    0x48, 0x24, 0x08, 0xff, 0x48, 0x24, 0x00, 0xff, 0x50, 0x24, 0x00, 0xff,
    0x50, 0x20, 0x00, 0xff, 0x48, 0x24, 0x08, 0xff, 0x48, 0x24, 0x08, 0xff,
    0x48, 0x24, 0x00, 0xff, 0x48, 0x24, 0x00, 0xff, 0x48, 0x24, 0x00, 0xff,
    0x50, 0x24, 0x00, 0xff, 0x50, 0x24, 0x08, 0xff, 0x50, 0x24, 0x08, 0xff,
    0x50, 0x24, 0x00, 0xff, 0x48, 0x20, 0x00, 0xff, 0x50, 0x24, 0x08, 0xff,
    0x48, 0x24, 0x00, 0xff, 0x48, 0x24, 0x08, 0xff, 0x48, 0x24, 0x00, 0xff,
    0x50, 0x24, 0x00, 0xff, 0x50, 0x20, 0x08, 0xff, 0x48, 0x24, 0x08, 0xff,
    0x48, 0x24, 0x00, 0xff, 0x50, 0x24, 0x00, 0xff, 0x50, 0x24, 0x08, 0xff,
    0x48, 0x20, 0x00, 0xff, 0x48, 0x24, 0x08, 0xff, 0x48, 0x24, 0x00, 0xff,
    0x48, 0x24, 0x00, 0xff, 0x50, 0x24, 0x00, 0xff, 0x50, 0x20, 0x00, 0xff,
    0x50, 0x24, 0x00, 0xff, 0x48, 0x24, 0x00, 0xff, 0x48, 0x20, 0x00, 0xff,
    0x48, 0x20, 0x00, 0xff, 0x48, 0x24, 0x00, 0xff, 0x50, 0x24, 0x00, 0xff,
    0x50, 0x24, 0x00, 0xff, 0x50, 0x24, 0x00, 0xff, 0x48, 0x24, 0x00, 0xff,
    0x48, 0x20, 0x08, 0xff, 0x48, 0x24, 0x00, 0xff, 0x48, 0x24, 0x00, 0xff,
    0x50, 0x24, 0x08, 0xff, 0x48, 0x20, 0x08, 0xff, 0x50, 0x24, 0x08, 0xff,
    0x48, 0x24, 0x00, 0xff, 0x48, 0x20, 0x00, 0xff, 0x50, 0x24, 0x08, 0xff,
    0x50, 0x24, 0x00, 0xff, 0x48, 0x20, 0x08, 0xff, 0x48, 0x24, 0x00, 0xff,
    0x48, 0x24, 0x00, 0xff, 0x48, 0x20, 0x00, 0xff, 0x50, 0x24, 0x08, 0xff,
    0x50, 0x24, 0x00, 0xff, 0x50, 0x24, 0x08, 0xff, 0x50, 0x24, 0x08, 0xff,
    0x48, 0x24, 0x00, 0xff, 0x50, 0x24, 0x00, 0xff, 0x50, 0x24, 0x00, 0xff,
    0x48, 0x24, 0x00, 0xff, 0x48, 0x24, 0x08, 0xff, 0x50, 0x24, 0x08, 0xff,
    0x48, 0x20, 0x08, 0xff, 0x48, 0x24, 0x00, 0xff, 0x50, 0x24, 0x00, 0xff,
    0x48, 0x20, 0x00, 0xff, 0x48, 0x20, 0x00, 0xff, 0x48, 0x24, 0x00, 0xff,
    0x48, 0x24, 0x00, 0xff, 0x50, 0x24, 0x08, 0xff, 0x48, 0x20, 0x00, 0xff,
    0x48, 0x24, 0x08, 0xff, 0x50, 0x24, 0x00, 0xff, 0x50, 0x24, 0x00, 0xff,
    0x50, 0x20, 0x00, 0xff, 0x50, 0x24, 0x00, 0xff, 0x48, 0x24, 0x08, 0xff,
    0x48, 0x24, 0x00, 0xff, 0x50, 0x24, 0x00, 0xff, 0x50, 0x24, 0x08, 0xff,
    0x50, 0x20, 0x08, 0xff, 0x50, 0x24, 0x00, 0xff, 0x48, 0x20, 0x00, 0xff,
    0x48, 0x24, 0x00, 0xff, 0x48, 0x24, 0x08, 0xff, 0x48, 0x24, 0x00, 0xff,
    0x50, 0x24, 0x00, 0xff, 0x48, 0x24, 0x00, 0xff, 0x48, 0x20, 0x08, 0xff,
    0x50, 0x24, 0x00, 0xff, 0x48, 0x24, 0x00, 0xff, 0x48, 0x20, 0x00, 0xff,
    0x48, 0x24, 0x00, 0xff, 0x50, 0x20, 0x08, 0xff, 0x50, 0x24, 0x00, 0xff,
    0x48, 0x24, 0x00, 0xff, 0x48, 0x20, 0x00, 0xff, 0x50, 0x20, 0x08, 0xff,
    0x48, 0x24, 0x00, 0xff, 0x50, 0x24, 0x00, 0xff, 0x48, 0x24, 0x08, 0xff,
    0x50, 0x20, 0x00, 0xff, 0x48, 0x24, 0x00, 0xff, 0x48, 0x24, 0x08, 0xff,
    0x50, 0x24, 0x08, 0xff, 0x50, 0x20, 0x00, 0xff, 0x50, 0x20, 0x08, 0xff,
    0x50, 0x24, 0x00, 0xff, 0x48, 0x24, 0x08, 0xff, 0x50, 0x20, 0x08, 0xff,
    0x48, 0x24, 0x00, 0xff, 0x48, 0x24, 0x00, 0xff, 0x48, 0x24, 0x08, 0xff,
    0x50, 0x20, 0x08, 0xff, 0x50, 0x24, 0x08, 0xff, 0x50, 0x24, 0x00, 0xff,
    0x48, 0x24, 0x08, 0xff, 0x48, 0x24, 0x00, 0xff, 0x50, 0x24, 0x08, 0xff,
    0x48, 0x24, 0x08, 0xff, 0x48, 0x20, 0x00, 0xff, 0x50, 0x24, 0x08, 0xff,
    0x50, 0x24, 0x00, 0xff, 0x48, 0x24, 0x00, 0xff, 0x48, 0x24, 0x08, 0xff,
    0x50, 0x24, 0x08, 0xff, 0x50, 0x24, 0x00, 0xff, 0x48, 0x20, 0x00, 0xff,
    0x48, 0x24, 0x00, 0xff, 0x50, 0x24, 0x08, 0xff, 0x50, 0x24, 0x00, 0xff,
    0x48, 0x24, 0x00, 0xff, 0x48, 0x20, 0x00, 0xff, 0x50, 0x24, 0x08, 0xff,
    0x50, 0x24, 0x08, 0xff, 0x48, 0x20, 0x00, 0xff, 0x48, 0x24, 0x00, 0xff,
    0x48, 0x20, 0x00, 0xff, 0x48, 0x24, 0x08, 0xff, 0x50, 0x24, 0x00, 0xff,
    0x48, 0x20, 0x00, 0xff, 0x48, 0x24, 0x00, 0xff, 0x50, 0x24, 0x00, 0xff,
    0x50, 0x20, 0x08, 0xff, 0x50, 0x20, 0x08, 0xff, 0x50, 0x24, 0x08, 0xff,
    0x48, 0x24, 0x00, 0xff, 0x48, 0x24, 0x00, 0xff, 0x50, 0x20, 0x00, 0xff,
    0x48, 0x24, 0x00, 0xff, 0x48, 0x24, 0x00, 0xff, 0x48, 0x20, 0x00, 0xff,
    0x50, 0x24, 0x00, 0xff, 0x50, 0x24, 0x08, 0xff, 0x48, 0x20, 0x08, 0xff,
    0x48, 0x24, 0x08, 0xff, 0x48, 0x24, 0x00, 0xff, 0x48, 0x24, 0x00, 0xff,
    0x50, 0x20, 0x00, 0xff, 0x50, 0x20, 0x08, 0xff, 0x50, 0x24, 0x08, 0xff,
    0x48, 0x24, 0x00, 0xff, 0x48, 0x20, 0x00, 0xff, 0x48, 0x24, 0x00, 0xff,
    0x48, 0x24, 0x08, 0xff, 0x50, 0x24, 0x08, 0xff, 0x48, 0x24, 0x00, 0xff,
    0x50, 0x24, 0x08, 0xff, 0x50, 0x20, 0x00, 0xff, 0x50, 0x24, 0x08, 0xff,
    0x48, 0x24, 0x00, 0xff, 0x48, 0x24, 0x00, 0xff, 0x50, 0x24, 0x00, 0xff,
    0x48, 0x24, 0x08, 0xff, 0x48, 0x20, 0x00, 0xff, 0x50, 0x24, 0x00, 0xff,
    0x48, 0x24, 0x08, 0xff, 0x48, 0x20, 0x00, 0xff, 0x50, 0x24, 0x08, 0xff,
    0x48, 0x24, 0x00, 0xff, 0x50, 0x20, 0x00, 0xff, 0x48, 0x24, 0x08, 0xff,
    0x48, 0x24, 0x00, 0xff, 0x50, 0x20, 0x08, 0xff, 0x48, 0x24, 0x08, 0xff,
    0x48, 0x24, 0x00, 0xff, 0x50, 0x24, 0x00, 0xff, 0x48, 0x20, 0x08, 0xff,
    0x48, 0x20, 0x08, 0xff, 0x48, 0x24, 0x08, 0xff, 0x50, 0x24, 0x00, 0xff,
    0x50, 0x24, 0x00, 0xff, 0x48, 0x24, 0x08, 0xff, 0x50, 0x20, 0x00, 0xff,
    0x48, 0x20, 0x00, 0xff, 0x48, 0x24, 0x00, 0xff, 0x50, 0x24, 0x00, 0xff,
    0x50, 0x24, 0x00, 0xff, 0x48, 0x24, 0x00, 0xff, 0x48, 0x24, 0x00, 0xff,
    0x48, 0x24, 0x00, 0xff, 0x50, 0x24, 0x00, 0xff, 0x50, 0x24, 0x08, 0xff,
    0x50, 0x24, 0x00, 0xff, 0x48, 0x24, 0x08, 0xff, 0x48, 0x20, 0x00, 0xff,
    0x48, 0x24, 0x00, 0xff, 0x48, 0x24, 0x08, 0xff, 0x48, 0x24, 0x00, 0xff,
    0x50, 0x20, 0x00, 0xff, 0x48, 0x24, 0x08, 0xff, 0x48, 0x24, 0x08, 0xff,
    0x48, 0x20, 0x00, 0xff, 0x48, 0x24, 0x00, 0xff, 0x50, 0x24, 0x00, 0xff,
    0x50, 0x24, 0x00, 0xff, 0x50, 0x20, 0x08, 0xff, 0x48, 0x24, 0x00, 0xff,
    0x50, 0x24, 0x08, 0xff, 0x50, 0x24, 0x08, 0xff, 0x50, 0x24, 0x00, 0xff,
    0x48, 0x24, 0x00, 0xff, 0x48, 0x24, 0x00, 0xff, 0x48, 0x24, 0x08, 0xff,
    0x50, 0x24, 0x00, 0xff, 0x48, 0x20, 0x00, 0xff, 0x48, 0x24, 0x00, 0xff,
    0x48, 0x24, 0x08, 0xff, 0x48, 0x24, 0x00, 0xff, 0x50, 0x24, 0x00, 0xff,
    0x50, 0x20, 0x08, 0xff, 0x48, 0x20, 0x08, 0xff, 0x48, 0x24, 0x00, 0xff,
    0x48, 0x24, 0x00, 0xff, 0x48, 0x24, 0x08, 0xff, 0x50, 0x24, 0x00, 0xff,
    0x48, 0x24, 0x00, 0xff, 0x48, 0x24, 0x00, 0xff, 0x50, 0x20, 0x08, 0xff,
    0x48, 0x24, 0x08, 0xff, 0x50, 0x24, 0x00, 0xff, 0x50, 0x24, 0x00, 0xff,
    0x48, 0x24, 0x08, 0xff, 0x48, 0x24, 0x00, 0xff, 0x48, 0x24, 0x00, 0xff,
    0x50, 0x24, 0x00, 0xff, 0x48, 0x24, 0x00, 0xff, 0x48, 0x20, 0x08, 0xff,
    0x50, 0x24, 0x08, 0xff, 0x50, 0x24, 0x08, 0xff, 0x48, 0x24, 0x00, 0xff,
    0x48, 0x20, 0x00, 0xff, 0x48, 0x24, 0x00, 0xff, 0x48, 0x20, 0x00, 0xff,
    0x48, 0x24, 0x08, 0xff, 0x48, 0x24, 0x00, 0xff, 0x50, 0x20, 0x00, 0xff,
    0x48, 0x24, 0x00, 0xff, 0x48, 0x24, 0x00, 0xff, 0x48, 0x24, 0x00, 0xff,
    0x48, 0x24, 0x08, 0xff, 0x50, 0x20, 0x00, 0xff, 0x48, 0x24, 0x00, 0xff,
    0x50, 0x24, 0x08, 0xff, 0x48, 0x24, 0x00, 0xff, 0x48, 0x20, 0x00, 0xff,
    0x48, 0x24, 0x00, 0xff, 0x48, 0x24, 0x00, 0xff, 0x48, 0x20, 0x00, 0xff,
    0x48, 0x24, 0x00, 0xff, 0x48, 0x20, 0x08, 0xff, 0x48, 0x24, 0x00, 0xff,
    0x50, 0x24, 0x00, 0xff, 0x48, 0x24, 0x08, 0xff, 0x48, 0x24, 0x00, 0xff,
    0x48, 0x20, 0x08, 0xff, 0x48, 0x20, 0x08, 0xff, 0x50, 0x24, 0x00, 0xff,
    0x48, 0x24, 0x00, 0xff, 0x48, 0x24, 0x08, 0xff, 0x50, 0x24, 0x00, 0xff,
    0x48, 0x24, 0x00, 0xff, 0x48, 0x20, 0x08, 0xff, 0x48, 0x24, 0x08, 0xff,
    0x50, 0x24, 0x08, 0xff, 0x48, 0x20, 0x00, 0xff, 0x48, 0x24, 0x00, 0xff,
    0x48, 0x24, 0x08, 0xff, 0x50, 0x24, 0x00, 0xff, 0x50, 0x24, 0x08, 0xff,
    0x48, 0x24, 0x08, 0xff, 0x50, 0x20, 0x00, 0xff, 0x48, 0x24, 0x00, 0xff,
    0x50, 0x24, 0x08, 0xff, 0x48, 0x24, 0x00, 0xff, 0x48, 0x24, 0x00, 0xff,
    0x48, 0x24, 0x00, 0xff, 0x48, 0x24, 0x00, 0xff, 0x48, 0x24, 0x00, 0xff,
    0x48, 0x20, 0x00, 0xff, 0x48, 0x24, 0x00, 0xff, 0x48, 0x24, 0x08, 0xff,
    0x48, 0x20, 0x08, 0xff, 0x50, 0x24, 0x08, 0xff, 0x50, 0x24, 0x08, 0xff,
    0x48, 0x24, 0x08, 0xff, 0x48, 0x24, 0x00, 0xff, 0x48, 0x20, 0x00, 0xff,
    0x48, 0x24, 0x00, 0xff, 0x50, 0x24, 0x00, 0xff, 0x50, 0x24, 0x00, 0xff,
    0x48, 0x24, 0x08, 0xff, 0x48, 0x24, 0x00, 0xff, 0x48, 0x24, 0x08, 0xff,
    0x48, 0x20, 0x08, 0xff, 0x48, 0x24, 0x00, 0xff, 0x48, 0x24, 0x08, 0xff,
    0x48, 0x24, 0x00, 0xff, 0x48, 0x20, 0x00, 0xff, 0x48, 0x24, 0x00, 0xff,
    0x48, 0x24, 0x00, 0xff, 0x48, 0x24, 0x00, 0xff, 0x48, 0x20, 0x00, 0xff,
    0x48, 0x24, 0x08, 0xff, 0x48, 0x24, 0x08, 0xff, 0x48, 0x24, 0x00, 0xff,
    0x50, 0x20, 0x00, 0xff, 0x48, 0x24, 0x08, 0xff, 0x48, 0x24, 0x00, 0xff,
    0x48, 0x20, 0x00, 0xff, 0x50, 0x24, 0x00, 0xff, 0x50, 0x24, 0x00, 0xff,
    0x48, 0x20, 0x08, 0xff, 0x48, 0x24, 0x08, 0xff, 0x48, 0x24, 0x00, 0xff,
    0x48, 0x24, 0x08, 0xff, 0x48, 0x24, 0x00, 0xff, 0x50, 0x24, 0x00, 0xff,
    0x50, 0x24, 0x08, 0xff, 0x48, 0x24, 0x08, 0xff, 0x48, 0x24, 0x00, 0xff,
    0x48, 0x24, 0x00, 0xff, 0x50, 0x20, 0x00, 0xff, 0x48, 0x24, 0x08, 0xff,
    0x48, 0x24, 0x00, 0xff, 0x50, 0x24, 0x08, 0xff, 0x48, 0x24, 0x08, 0xff,
    0x50, 0x24, 0x00, 0xff, 0x48, 0x24, 0x00, 0xff, 0x48, 0x24, 0x08, 0xff,
    0x48, 0x20, 0x08, 0xff, 0x50, 0x20, 0x08, 0xff, 0x48, 0x24, 0x08, 0xff,
    0x48, 0x24, 0x08, 0xff, 0x48, 0x24, 0x00, 0xff, 0x48, 0x20, 0x00, 0xff,
    0x48, 0x24, 0x08, 0xff, 0x50, 0x24, 0x00, 0xff, 0x50, 0x24, 0x00, 0xff,
    0x48, 0x24, 0x08, 0xff, 0x48, 0x20, 0x00, 0xff, 0x48, 0x24, 0x00, 0xff,
    0x48, 0x24, 0x00, 0xff, 0x48, 0x20, 0x08, 0xff, 0x48, 0x24, 0x00, 0xff,
    0x50, 0x24, 0x08, 0xff, 0x50, 0x20, 0x08, 0xff, 0x48, 0x20, 0x00, 0xff,
    0x48, 0x24, 0x00, 0xff, 0x48, 0x24, 0x00, 0xff, 0x48, 0x20, 0x08, 0xff,
    0x48, 0x24, 0x00, 0xff, 0x48, 0x24, 0x08, 0xff, 0x48, 0x20, 0x08, 0xff,
    0x50, 0x24, 0x08, 0xff, 0x50, 0x20, 0x00, 0xff, 0x50, 0x20, 0x00, 0xff,
    0x48, 0x24, 0x00, 0xff, 0x50, 0x24, 0x08, 0xff, 0x48, 0x20, 0x08, 0xff,
    0x48, 0x24, 0x00, 0xff, 0x48, 0x20, 0x08, 0xff, 0x48, 0x24, 0x00, 0xff,
    0x48, 0x24, 0x00, 0xff, 0x48, 0x24, 0x08, 0xff, 0x48, 0x24, 0x00, 0xff,
    0x50, 0x20, 0x00, 0xff, 0x48, 0x24, 0x00, 0xff, 0x48, 0x24, 0x08, 0xff,
    0x50, 0x20, 0x08, 0xff, 0x50, 0x24, 0x08, 0xff, 0x48, 0x24, 0x00, 0xff,
    0x50, 0x24, 0x00, 0xff, 0x48, 0x20, 0x08, 0xff, 0x48, 0x24, 0x00, 0xff,
    0x48, 0x24, 0x00, 0xff, 0x50, 0x20, 0x08, 0xff, 0x50, 0x24, 0x08, 0xff,
    0x48, 0x24, 0x08, 0xff, 0x48, 0x20, 0x00, 0xff, 0x50, 0x24, 0x00, 0xff,
    0x48, 0x24, 0x08, 0xff, 0x48, 0x24, 0x00, 0xff, 0x50, 0x24, 0x00, 0xff,
    0x48, 0x24, 0x00, 0xff, 0x50, 0x24, 0x08, 0xff, 0x50, 0x24, 0x08, 0xff,
    0x48, 0x24, 0x00, 0xff, 0x50, 0x24, 0x08, 0xff, 0x48, 0x24, 0x00, 0xff,
    0x48, 0x24, 0x08, 0xff, 0x50, 0x24, 0x08, 0xff, 0x48, 0x24, 0x00, 0xff,
    0x48, 0x24, 0x00, 0xff, 0x48, 0x24, 0x00, 0xff, 0x48, 0x24, 0x00, 0xff,
    0x48, 0x24, 0x00, 0xff, 0x50, 0x20, 0x08, 0xff, 0x50, 0x24, 0x08, 0xff,
    0x50, 0x24, 0x00, 0xff, 0x48, 0x20, 0x00, 0xff, 0x48, 0x24, 0x08, 0xff,
    0x50, 0x24, 0x00, 0xff, 0x50, 0x24, 0x00, 0xff, 0x50, 0x20, 0x00, 0xff,
    0x48, 0x24, 0x00, 0xff, 0x50, 0x24, 0x00, 0xff, 0x48, 0x20, 0x08, 0xff,
    0x48, 0x24, 0x00, 0xff, 0x50, 0x24, 0x00, 0xff, 0x48, 0x20, 0x08, 0xff,
    0x50, 0x24, 0x00, 0xff, 0x48, 0x20, 0x00, 0xff, 0x48, 0x24, 0x08, 0xff,
    0x48, 0x24, 0x00, 0xff, 0x50, 0x24, 0x00, 0xff, 0x48, 0x20, 0x00, 0xff,
    0x48, 0x24, 0x00, 0xff, 0x50, 0x24, 0x08, 0xff, 0x48, 0x20, 0x00, 0xff,
    0x50, 0x24, 0x00, 0xff, 0x48, 0x24, 0x00, 0xff, 0x48, 0x24, 0x08, 0xff,
    0x50, 0x24, 0x00, 0xff, 0x48, 0x24, 0x00, 0xff, 0x48, 0x24, 0x08, 0xff,
    0x48, 0x20, 0x00, 0xff, 0x50, 0x20, 0x08, 0xff, 0x48, 0x24, 0x08, 0xff,
    0x48, 0x20, 0x00, 0xff, 0x48, 0x24, 0x00, 0xff, 0x50, 0x24, 0x00, 0xff,
    0x50, 0x24, 0x08, 0xff, 0x50, 0x20, 0x08, 0xff, 0x50, 0x24, 0x08, 0xff,
    0x50, 0x24, 0x00, 0xff, 0x48, 0x24, 0x00, 0xff, 0x48, 0x24, 0x00, 0xff,
    0x48, 0x20, 0x00, 0xff, 0x48, 0x24, 0x00, 0xff, 0x50, 0x24, 0x00, 0xff,
    0x50, 0x24, 0x00, 0xff, 0x48, 0x20, 0x08, 0xff, 0x48, 0x20, 0x08, 0xff,
    0x50, 0x24, 0x00, 0xff, 0x48, 0x24, 0x00, 0xff, 0x48, 0x20, 0x00, 0xff,
    0x50, 0x24, 0x00, 0xff, 0x50, 0x24, 0x08, 0xff, 0x50, 0x24, 0x00, 0xff,
    0x50, 0x20, 0x00, 0xff, 0x50, 0x24, 0x00, 0xff, 0x50, 0x20, 0x08, 0xff,
    0x48, 0x24, 0x08, 0xff, 0x48, 0x20, 0x08, 0xff, 0x50, 0x24, 0x00, 0xff,
    0x50, 0x24, 0x00, 0xff, 0x50, 0x20, 0x00, 0xff, 0x48, 0x20, 0x08, 0xff,
    0x48, 0x24, 0x00, 0xff, 0x50, 0x24, 0x00, 0xff, 0x50, 0x24, 0x08, 0xff,
    0x48, 0x24, 0x08, 0xff, 0x48, 0x24, 0x08, 0xff, 0x48, 0x24, 0x00, 0xff,
    0x48, 0x20, 0x00, 0xff, 0x50, 0x24, 0x00, 0xff, 0x50, 0x24, 0x08, 0xff,
    0x48, 0x24, 0x00, 0xff, 0x50, 0x20, 0x00, 0xff, 0x48, 0x24, 0x00, 0xff,
    0x48, 0x24, 0x00, 0xff, 0x48, 0x20, 0x00, 0xff, 0x50, 0x24, 0x08, 0xff,
    0x50, 0x24, 0x00, 0xff, 0x48, 0x24, 0x00, 0xff, 0x48, 0x20, 0x08, 0xff,
    0x48, 0x24, 0x00, 0xff, 0x48, 0x20, 0x00, 0xff, 0x50, 0x24, 0x00, 0xff,
    0x48, 0x24, 0x08, 0xff, 0x50, 0x20, 0x08, 0xff, 0x50, 0x24, 0x00, 0xff,
    0x48, 0x24, 0x00, 0xff, 0x48, 0x24, 0x00, 0xff, 0x50, 0x24, 0x00, 0xff,
    0x50, 0x20, 0x00, 0xff, 0x48, 0x20, 0x08, 0xff, 0x48, 0x24, 0x08, 0xff,
    0x50, 0x20, 0x00, 0xff, 0x48, 0x24, 0x00, 0xff, 0x48, 0x24, 0x08, 0xff,
    0x50, 0x20, 0x00, 0xff, 0x50, 0x24, 0x00, 0xff, 0x50, 0x20, 0x08, 0xff,
    0x50, 0x24, 0x08, 0xff, 0x50, 0x24, 0x00, 0xff, 0x50, 0x20, 0x00, 0xff,
    0x48, 0x24, 0x00, 0xff, 0x48, 0x24, 0x00, 0xff, 0x48, 0x24, 0x08, 0xff,
    0x48, 0x24, 0x08, 0xff, 0x48, 0x24, 0x00, 0xff, 0x50, 0x24, 0x00, 0xff,
    0x50, 0x24, 0x00, 0xff, 0x48, 0x20, 0x00, 0xff, 0x48, 0x24, 0x00, 0xff,
    0x48, 0x24, 0x00, 0xff, 0x48, 0x24, 0x08, 0xff, 0x48, 0x24, 0x08, 0xff,
    0x48, 0x24, 0x08, 0xff, 0x48, 0x24, 0x00, 0xff, 0x50, 0x24, 0x00, 0xff,
    0x50, 0x24, 0x00, 0xff, 0x50, 0x24, 0x00, 0xff, 0x50, 0x20, 0x08, 0xff,
    0x48, 0x24, 0x00, 0xff, 0x50, 0x24, 0x00, 0xff, 0x50, 0x24, 0x08, 0xff,
    0x48, 0x24, 0x08, 0xff, 0x50, 0x20, 0x00, 0xff, 0x48, 0x24, 0x00, 0xff,
    0x48, 0x24, 0x00, 0xff, 0x48, 0x20, 0x00, 0xff, 0x50, 0x24, 0x00, 0xff,
    0x48, 0x24, 0x00, 0xff, 0x48, 0x24, 0x08, 0xff, 0x48, 0x20, 0x00, 0xff,
    0x50, 0x24, 0x00, 0xff, 0x48, 0x24, 0x08, 0xff, 0x48, 0x20, 0x00, 0xff,
    0x50, 0x24, 0x00, 0xff, 0x50, 0x24, 0x08, 0xff, 0x48, 0x24, 0x00, 0xff,
    0x48, 0x20, 0x00, 0xff, 0x48, 0x20, 0x00, 0xff, 0x48, 0x24, 0x08, 0xff,
    0x50, 0x24, 0x08, 0xff, 0x48, 0x24, 0x08, 0xff, 0x48, 0x20, 0x00, 0xff,
    0x50, 0x24, 0x00, 0xff, 0x48, 0x24, 0x00, 0xff, 0x50, 0x20, 0x08, 0xff,
    0x50, 0x24, 0x00, 0xff, 0x48, 0x20, 0x00, 0xff, 0x50, 0x20, 0x08, 0xff,
    0x50, 0x24, 0x08, 0xff, 0x50, 0x20, 0x08, 0xff, 0x50, 0x24, 0x08, 0xff,
    0x48, 0x24, 0x00, 0xff, 0x48, 0x20, 0x00, 0xff, 0x48, 0x24, 0x00, 0xff,
    0x48, 0x24, 0x08, 0xff, 0x50, 0x24, 0x08, 0xff, 0x50, 0x24, 0x00, 0xff,
    0x48, 0x24, 0x08, 0xff, 0x50, 0x24, 0x08, 0xff, 0x48, 0x24, 0x08, 0xff,
    0x48, 0x20, 0x08, 0xff, 0x48, 0x24, 0x08, 0xff, 0x50, 0x24, 0x00, 0xff,
    0x50, 0x24, 0x00, 0xff, 0x48, 0x24, 0x00, 0xff, 0x50, 0x24, 0x00, 0xff,
    0x48, 0x24, 0x08, 0xff, 0x48, 0x24, 0x00, 0xff, 0x50, 0x20, 0x00, 0xff,
    0x48, 0x24, 0x00, 0xff, 0x50, 0x20, 0x08, 0xff, 0x50, 0x24, 0x00, 0xff,
    0x48, 0x24, 0x00, 0xff, 0x48, 0x24, 0x00, 0xff, 0x50, 0x24, 0x08, 0xff,
    0x48, 0x20, 0x08, 0xff, 0x48, 0x24, 0x00, 0xff, 0x48, 0x20, 0x00, 0xff,
    0x48, 0x20, 0x00, 0xff, 0x50, 0x24, 0x00, 0xff, 0x50, 0x24, 0x08, 0xff,
    0x48, 0x24, 0x00, 0xff, 0x48, 0x24, 0x00, 0xff, 0x50, 0x24, 0x08, 0xff,
    0x50, 0x24, 0x08, 0xff, 0x50, 0x20, 0x08, 0xff, 0x48, 0x24, 0x08, 0xff,
    0x48, 0x24, 0x00, 0xff, 0x48, 0x24, 0x00, 0xff, 0x48, 0x24, 0x00, 0xff,
    0x48, 0x24, 0x00, 0xff, 0x48, 0x24, 0x00, 0xff, 0x48, 0x20, 0x00, 0xff,
    0x50, 0x24, 0x08, 0xff, 0x50, 0x20, 0x08, 0xff, 0x48, 0x24, 0x08, 0xff,
    0x48, 0x24, 0x08, 0xff, 0x50, 0x24, 0x00, 0xff, 0x48, 0x24, 0x00, 0xff,
    0x48, 0x20, 0x08, 0xff, 0x50, 0x24, 0x08, 0xff, 0x50, 0x24, 0x00, 0xff,
    0x48, 0x24, 0x00, 0xff, 0x48, 0x24, 0x00, 0xff, 0x48, 0x20, 0x00, 0xff,
    0x48, 0x24, 0x08, 0xff, 0x48, 0x24, 0x08, 0xff, 0x48, 0x24, 0x00, 0xff,
    0x50, 0x24, 0x00, 0xff, 0x50, 0x24, 0x00, 0xff, 0x48, 0x24, 0x08, 0xff,
    0x48, 0x24, 0x00, 0xff, 0x48, 0x24, 0x08, 0xff, 0x50, 0x24, 0x00, 0xff,
    0x50, 0x24, 0x08, 0xff, 0x48, 0x24, 0x00, 0xff, 0x48, 0x24, 0x00, 0xff,
    0x50, 0x20, 0x00, 0xff, 0x50, 0x24, 0x00, 0xff, 0x48, 0x24, 0x08, 0xff,
    0x50, 0x24, 0x08, 0xff, 0x48, 0x24, 0x00, 0xff, 0x48, 0x24, 0x00, 0xff,
    0x50, 0x20, 0x00, 0xff, 0x50, 0x24, 0x08, 0xff, 0x48, 0x24, 0x08, 0xff,
    0x48, 0x20, 0x00, 0xff, 0x50, 0x24, 0x00, 0xff, 0x48, 0x20, 0x00, 0xff,
    0x48, 0x24, 0x08, 0xff, 0x48, 0x24, 0x08, 0xff, 0x50, 0x24, 0x00, 0xff,
    0x50, 0x24, 0x08, 0xff, 0x50, 0x24, 0x00, 0xff, 0x48, 0x20, 0x00, 0xff,
    0x48, 0x24, 0x00, 0xff, 0x48, 0x24, 0x00, 0xff, 0x48, 0x24, 0x00, 0xff,
    0x50, 0x20, 0x00, 0xff, 0x48, 0x24, 0x08, 0xff, 0x48, 0x24, 0x00, 0xff,
    0x50, 0x24, 0x00, 0xff, 0x50, 0x24, 0x00, 0xff, 0x50, 0x24, 0x00, 0xff,
    0x48, 0x24, 0x00, 0xff, 0x48, 0x24, 0x08, 0xff, 0x50, 0x20, 0x00, 0xff,
    0x48, 0x24, 0x08, 0xff, 0x48, 0x24, 0x08, 0xff, 0x48, 0x24, 0x00, 0xff,
    0x48, 0x24, 0x00, 0xff, 0x48, 0x24, 0x08, 0xff, 0x48, 0x24, 0x00, 0xff,
    0x50, 0x24, 0x00, 0xff, 0x48, 0x24, 0x08, 0xff, 0x50, 0x24, 0x00, 0xff,
    0x50, 0x24, 0x00, 0xff, 0x50, 0x20, 0x08, 0xff, 0x48, 0x24, 0x08, 0xff,
    0x48, 0x24, 0x08, 0xff, 0x50, 0x24, 0x00, 0xff, 0x50, 0x24, 0x00, 0xff,
    0x50, 0x24, 0x00, 0xff, 0x48, 0x20, 0x00, 0xff, 0x48, 0x24, 0x00, 0xff,
    0x50, 0x24, 0x00, 0xff, 0x50, 0x20, 0x00, 0xff, 0x48, 0x24, 0x08, 0xff,
    0x48, 0x24, 0x08, 0xff, 0x48, 0x24, 0x00, 0xff, 0x48, 0x24, 0x00, 0xff,
    0x50, 0x20, 0x08, 0xff, 0x48, 0x24, 0x00, 0xff, 0x48, 0x24, 0x00, 0xff,
    0x48, 0x20, 0x00, 0xff, 0x48, 0x24, 0x08, 0xff, 0x50, 0x24, 0x08, 0xff,
    0x50, 0x24, 0x00, 0xff, 0x48, 0x24, 0x00, 0xff, 0x48, 0x20, 0x08, 0xff,
    0x48, 0x20, 0x08, 0xff, 0x50, 0x24, 0x00, 0xff, 0x50, 0x24, 0x08, 0xff,
    0x48, 0x20, 0x08, 0xff, 0x48, 0x24, 0x00, 0xff, 0x50, 0x24, 0x00, 0xff,
    0x48, 0x24, 0x00, 0xff, 0x48, 0x20, 0x00, 0xff, 0x48, 0x24, 0x08, 0xff,
    0x50, 0x24, 0x00, 0xff, 0x50, 0x24, 0x08, 0xff, 0x50, 0x24, 0x00, 0xff,
    0x48, 0x20, 0x00, 0xff, 0x48, 0x20, 0x00, 0xff, 0x48, 0x24, 0x00, 0xff,
    0x48, 0x24, 0x00, 0xff, 0x50, 0x24, 0x08, 0xff, 0x48, 0x20, 0x00, 0xff,
    0x48, 0x24, 0x00, 0xff, 0x48, 0x24, 0x00, 0xff, 0x48, 0x24, 0x00, 0xff,
    0x48, 0x24, 0x00, 0xff, 0x48, 0x24, 0x00, 0xff, 0x48, 0x20, 0x00, 0xff,
    0x50, 0x24, 0x08, 0xff, 0x48, 0x24, 0x08, 0xff, 0x50, 0x24, 0x00, 0xff,
    0x48, 0x24, 0x00, 0xff, 0x48, 0x20, 0x08, 0xff, 0x48, 0x24, 0x00, 0xff,
    0x48, 0x20, 0x00, 0xff, 0x48, 0x20, 0x00, 0xff, 0x48, 0x24, 0x00, 0xff,
    0x48, 0x24, 0x00, 0xff, 0x50, 0x24, 0x00, 0xff, 0x48, 0x24, 0x00, 0xff,
    0x48, 0x20, 0x08, 0xff, 0x48, 0x24, 0x08, 0xff, 0x48, 0x24, 0x08, 0xff,
    0x48, 0x20, 0x00, 0xff, 0x50, 0x24, 0x08, 0xff, 0x48, 0x24, 0x00, 0xff,
    0x48, 0x24, 0x00, 0xff, 0x48, 0x24, 0x08, 0xff, 0x48, 0x24, 0x08, 0xff,
    0x50, 0x24, 0x08, 0xff, 0x48, 0x20, 0x00, 0xff, 0x48, 0x24, 0x00, 0xff,
    0x50, 0x24, 0x00, 0xff, 0x50, 0x24, 0x08, 0xff, 0x50, 0x24, 0x08, 0xff,
    0x48, 0x24, 0x00, 0xff, 0x48, 0x24, 0x08, 0xff, 0x48, 0x20, 0x00, 0xff,
    0x50, 0x24, 0x08, 0xff, 0x50, 0x24, 0x00, 0xff, 0x48, 0x24, 0x00, 0xff,
    0x48, 0x24, 0x00, 0xff, 0x48, 0x24, 0x00, 0xff, 0x48, 0x24, 0x00, 0xff,
    0x48, 0x20, 0x00, 0xff, 0x50, 0x24, 0x00, 0xff, 0x48, 0x24, 0x08, 0xff,
    0x48, 0x20, 0x00, 0xff, 0x50, 0x20, 0x08, 0xff, 0x50, 0x24, 0x08, 0xff,
    0x48, 0x24, 0x00, 0xff, 0x48, 0x24, 0x00, 0xff, 0x50, 0x24, 0x00, 0xff,
    0x48, 0x20, 0x00, 0xff, 0x48, 0x24, 0x08, 0xff, 0x50, 0x24, 0x00, 0xff,
    0x48, 0x24, 0x00, 0xff, 0x48, 0x24, 0x00, 0xff, 0x48, 0x24, 0x08, 0xff,
    0x50, 0x20, 0x08, 0xff, 0x48, 0x24, 0x00, 0xff, 0x48, 0x20, 0x08, 0xff,
    0x50, 0x24, 0x00, 0xff, 0x48, 0x24, 0x00, 0xff, 0x48, 0x24, 0x08, 0xff,
    0x48, 0x20, 0x00, 0xff, 0x48, 0x24, 0x00, 0xff, 0x50, 0x24, 0x00, 0xff,
    0x48, 0x20, 0x08, 0xff, 0x48, 0x24, 0x00, 0xff, 0x48, 0x24, 0x00, 0xff,
    0x48, 0x24, 0x00, 0xff, 0x48, 0x20, 0x08, 0xff, 0x48, 0x20, 0x08, 0xff,
    0x48, 0x24, 0x00, 0xff, 0x50, 0x24, 0x00, 0xff, 0x48, 0x20, 0x00, 0xff,
    0x48, 0x20, 0x00, 0xff, 0x50, 0x24, 0x08, 0xff, 0x48, 0x24, 0x00, 0xff,
    0x48, 0x20, 0x08, 0xff, 0x48, 0x24, 0x00, 0xff, 0x48, 0x24, 0x08, 0xff,
    0x50, 0x24, 0x08, 0xff, 0x50, 0x24, 0x08, 0xff, 0x48, 0x24, 0x00, 0xff,
    0x48, 0x24, 0x00, 0xff, 0x50, 0x20, 0x00, 0xff, 0x48, 0x24, 0x00, 0xff,
    0x48, 0x24, 0x00, 0xff, 0x48, 0x20, 0x08, 0xff, 0x48, 0x24, 0x08, 0xff,
    0x50, 0x24, 0x08, 0xff, 0x48, 0x24, 0x00, 0xff, 0x48, 0x20, 0x08, 0xff,
    0x48, 0x24, 0x08, 0xff, 0x50, 0x24, 0x00, 0xff, 0x48, 0x24, 0x08, 0xff,
    0x48, 0x20, 0x08, 0xff, 0x48, 0x24, 0x00, 0xff, 0x48, 0x24, 0x00, 0xff,
    0x48, 0x24, 0x08, 0xff, 0x50, 0x20, 0x00, 0xff, 0x48, 0x24, 0x08, 0xff,
    0x48, 0x24, 0x00, 0xff, 0x48, 0x24, 0x00, 0xff, 0x50, 0x24, 0x00, 0xff,
    0x48, 0x24, 0x00, 0xff, 0x48, 0x20, 0x00, 0xff, 0x48, 0x24, 0x08, 0xff,
    0x48, 0x24, 0x08, 0xff, 0x50, 0x20, 0x00, 0xff, 0x48, 0x20, 0x00, 0xff,
    0x48, 0x24, 0x00, 0xff, 0x48, 0x24, 0x00, 0xff, 0x48, 0x20, 0x00, 0xff,
    0x48, 0x24, 0x00, 0xff, 0x48, 0x20, 0x08, 0xff, 0x48, 0x24, 0x08, 0xff,
    0x48, 0x24, 0x08, 0xff, 0x50, 0x20, 0x08, 0xff, 0x50, 0x24, 0x00, 0xff,
    0x48, 0x24, 0x00, 0xff, 0x48, 0x20, 0x08, 0xff, 0x48, 0x24, 0x00, 0xff,
    0x50, 0x20, 0x00, 0xff, 0x48, 0x20, 0x08, 0xff, 0x48, 0x24, 0x08, 0xff,
    0x48, 0x24, 0x00, 0xff, 0x48, 0x20, 0x08, 0xff, 0x50, 0x24, 0x00, 0xff,
    0x50, 0x24, 0x08, 0xff, 0x48, 0x24, 0x00, 0xff, 0x48, 0x24, 0x00, 0xff,
    0x48, 0x20, 0x08, 0xff, 0x50, 0x24, 0x08, 0xff, 0x48, 0x24, 0x00, 0xff,
    0x50, 0x24, 0x00, 0xff, 0x48, 0x24, 0x08, 0xff, 0x48, 0x24, 0x00, 0xff,
    0x50, 0x24, 0x00, 0xff, 0x50, 0x24, 0x00, 0xff, 0x48, 0x24, 0x08, 0xff,
    0x48, 0x20, 0x08, 0xff, 0x48, 0x24, 0x08, 0xff, 0x50, 0x24, 0x00, 0xff,
    0x48, 0x24, 0x08, 0xff, 0x48, 0x24, 0x00, 0xff, 0x48, 0x24, 0x00, 0xff,
    0x48, 0x24, 0x08, 0xff, 0x50, 0x24, 0x00, 0xff, 0x50, 0x24, 0x00, 0xff,
    0x50, 0x20, 0x08, 0xff, 0x48, 0x24, 0x08, 0xff, 0x48, 0x24, 0x00, 0xff,
    0x48, 0x24, 0x08, 0xff, 0x50, 0x24, 0x08, 0xff, 0x48, 0x24, 0x08, 0xff,
    0x50, 0x24, 0x00, 0xff, 0x48, 0x20, 0x00, 0xff, 0x48, 0x24, 0x00, 0xff,
    0x48, 0x24, 0x00, 0xff, 0x50, 0x24, 0x00, 0xff, 0x48, 0x24, 0x08, 0xff,
    0x50, 0x20, 0x00, 0xff, 0x48, 0x24, 0x00, 0xff, 0x50, 0x24, 0x08, 0xff,
    0x50, 0x24, 0x00, 0xff, 0x48, 0x24, 0x00, 0xff, 0x50, 0x24, 0x00, 0xff,
    0x50, 0x24, 0x00, 0xff, 0x50, 0x24, 0x08, 0xff, 0x48, 0x20, 0x08, 0xff,
    0x48, 0x24, 0x00, 0xff, 0x50, 0x24, 0x00, 0xff, 0x48, 0x20, 0x00, 0xff,
    0x50, 0x24, 0x00, 0xff, 0x48, 0x24, 0x00, 0xff, 0x48, 0x24, 0x08, 0xff,
    0x48, 0x24, 0x00, 0xff, 0x50, 0x20, 0x00, 0xff, 0x48, 0x24, 0x00, 0xff,
    0x48, 0x24, 0x00, 0xff, 0x50, 0x20, 0x08, 0xff, 0x48, 0x24, 0x00, 0xff,
    0x48, 0x24, 0x08, 0xff, 0x48, 0x24, 0x00, 0xff, 0x48, 0x20, 0x00, 0xff,
    0x50, 0x24, 0x08, 0xff, 0x50, 0x24, 0x00, 0xff, 0x48, 0x24, 0x00, 0xff,
    0x48, 0x20, 0x00, 0xff, 0x48, 0x24, 0x08, 0xff, 0x48, 0x20, 0x00, 0xff,
    0x48, 0x20, 0x00, 0xff, 0x50, 0x24, 0x00, 0xff, 0x50, 0x24, 0x08, 0xff,
    0x50, 0x24, 0x08, 0xff, 0x48, 0x20, 0x08, 0xff, 0x50, 0x24, 0x00, 0xff,
    0x50, 0x24, 0x08, 0xff, 0x48, 0x24, 0x08, 0xff, 0x48, 0x24, 0x00, 0xff,
    0x50, 0x24, 0x00, 0xff, 0x48, 0x24, 0x00, 0xff, 0x48, 0x24, 0x00, 0xff,
    0x50, 0x24, 0x08, 0xff, 0x48, 0x20, 0x00, 0xff, 0x48, 0x24, 0x08, 0xff,
    0x50, 0x24, 0x00, 0xff, 0x50, 0x24, 0x00, 0xff, 0x48, 0x20, 0x00, 0xff,
    0x48, 0x24, 0x08, 0xff, 0x50, 0x24, 0x08, 0xff, 0x50, 0x24, 0x00, 0xff,
    0x48, 0x24, 0x08, 0xff, 0x50, 0x24, 0x00, 0xff, 0x50, 0x20, 0x00, 0xff,
    0x50, 0x24, 0x08, 0xff, 0x48, 0x20, 0x08, 0xff, 0x48, 0x24, 0x00, 0xff,
    0x50, 0x24, 0x00, 0xff, 0x50, 0x20, 0x08, 0xff, 0x48, 0x20, 0x08, 0xff,
    0x50, 0x24, 0x00, 0xff, 0x50, 0x24, 0x00, 0xff, 0x50, 0x24, 0x00, 0xff,
    0x48, 0x24, 0x08, 0xff, 0x48, 0x24, 0x08, 0xff, 0x50, 0x24, 0x08, 0xff,
    0x48, 0x24, 0x00, 0xff, 0x48, 0x20, 0x00, 0xff, 0x50, 0x24, 0x08, 0xff,
    0x48, 0x24, 0x00, 0xff, 0x48, 0x24, 0x00, 0xff, 0x50, 0x20, 0x00, 0xff,
    0x48, 0x24, 0x00, 0xff, 0x48, 0x24, 0x00, 0xff, 0x50, 0x24, 0x08, 0xff,
    0x50, 0x20, 0x00, 0xff, 0x48, 0x24, 0x08, 0xff, 0x50, 0x24, 0x08, 0xff,
    0x48, 0x24, 0x00, 0xff, 0x48, 0x24, 0x00, 0xff, 0x50, 0x24, 0x00, 0xff,
    0x48, 0x24, 0x00, 0xff, 0x50, 0x20, 0x08, 0xff, 0x50, 0x24, 0x00, 0xff,
    0x50, 0x24, 0x00, 0xff, 0x48, 0x24, 0x00, 0xff, 0x50, 0x20, 0x00, 0xff,
    0x48, 0x24, 0x08, 0xff, 0x48, 0x24, 0x08, 0xff, 0x48, 0x24, 0x08, 0xff,
    0x50, 0x20, 0x00, 0xff, 0x48, 0x24, 0x08, 0xff, 0x48, 0x24, 0x00, 0xff,
    0x50, 0x24, 0x00, 0xff, 0x50, 0x20, 0x00, 0xff, 0x48, 0x20, 0x08, 0xff,
    0x50, 0x20, 0x08, 0xff, 0x50, 0x24, 0x08, 0xff, 0x50, 0x24, 0x00, 0xff,
    0x50, 0x24, 0x00, 0xff, 0x48, 0x24, 0x08, 0xff, 0x48, 0x24, 0x00, 0xff,
    0x50, 0x24, 0x08, 0xff, 0x48, 0x24, 0x08, 0xff, 0x50, 0x24, 0x00, 0xff,
    0x50, 0x24, 0x00, 0xff, 0x50, 0x24, 0x00, 0xff, 0x48, 0x20, 0x00, 0xff,
    0x48, 0x24, 0x00, 0xff, 0x48, 0x24, 0x00, 0xff, 0x48, 0x24, 0x08, 0xff,
    0x48, 0x24, 0x08, 0xff, 0x48, 0x24, 0x00, 0xff, 0x50, 0x24, 0x08, 0xff,
    0x48, 0x24, 0x00, 0xff, 0x50, 0x24, 0x00, 0xff, 0x50, 0x24, 0x00, 0xff,
    0x50, 0x24, 0x00, 0xff, 0x50, 0x24, 0x00, 0xff, 0x48, 0x20, 0x08, 0xff,
    0x48, 0x24, 0x00, 0xff, 0x50, 0x24, 0x00, 0xff, 0x50, 0x24, 0x00, 0xff,
    0x48, 0x20, 0x00, 0xff, 0x48, 0x24, 0x00, 0xff, 0x50, 0x24, 0x00, 0xff,
    0x48, 0x24, 0x00, 0xff, 0x48, 0x24, 0x00, 0xff, 0x50, 0x20, 0x00, 0xff,
    0x48, 0x24, 0x00, 0xff, 0x48, 0x24, 0x08, 0xff, 0x48, 0x20, 0x00, 0xff,
    0x50, 0x24, 0x00, 0xff, 0x50, 0x24, 0x00, 0xff, 0x48, 0x24, 0x00, 0xff,
    0x48, 0x20, 0x00, 0xff, 0x50, 0x20, 0x08, 0xff, 0x48, 0x24, 0x08, 0xff,
    0x50, 0x20, 0x00, 0xff, 0x48, 0x24, 0x08, 0xff, 0x48, 0x24, 0x00, 0xff,
    0x48, 0x24, 0x08, 0xff, 0x48, 0x20, 0x00, 0xff, 0x50, 0x24, 0x00, 0xff,
    0x50, 0x24, 0x00, 0xff, 0x48, 0x20, 0x00, 0xff, 0x50, 0x20, 0x00, 0xff,
    0x48, 0x24, 0x08, 0xff, 0x50, 0x24, 0x08, 0xff, 0x50, 0x24, 0x08, 0xff,
    0x48, 0x24, 0x08, 0xff, 0x48, 0x20, 0x00, 0xff, 0x48, 0x24, 0x00, 0xff,
    0x48, 0x24, 0x08, 0xff, 0x50, 0x20, 0x00, 0xff, 0x48, 0x24, 0x00, 0xff,
    0x48, 0x24, 0x08, 0xff, 0x50, 0x24, 0x08, 0xff, 0x48, 0x24, 0x08, 0xff,
    0x48, 0x20, 0x08, 0xff, 0x48, 0x20, 0x00, 0xff, 0x50, 0x24, 0x00, 0xff,
    0x50, 0x24, 0x00, 0xff, 0x48, 0x24, 0x00, 0xff, 0x50, 0x24, 0x08, 0xff,
    0x48, 0x24, 0x00, 0xff, 0x50, 0x24, 0x08, 0xff, 0x50, 0x20, 0x00, 0xff,
    0x48, 0x24, 0x00, 0xff, 0x50, 0x24, 0x08, 0xff, 0x50, 0x20, 0x00, 0xff,
    0x48, 0x24, 0x00, 0xff, 0x48, 0x24, 0x00, 0xff, 0x50, 0x24, 0x08, 0xff,
    0x50, 0x24, 0x00, 0xff, 0x48, 0x20, 0x00, 0xff, 0x48, 0x24, 0x00, 0xff,
    0x48, 0x24, 0x00, 0xff, 0x48, 0x20, 0x08, 0xff, 0x50, 0x24, 0x08, 0xff,
    0x48, 0x24, 0x00, 0xff, 0x48, 0x24, 0x00, 0xff, 0x50, 0x24, 0x08, 0xff,
    0x50, 0x24, 0x08, 0xff, 0x48, 0x20, 0x08, 0xff, 0x48, 0x20, 0x00, 0xff,
    0x48, 0x24, 0x00, 0xff, 0x48, 0x24, 0x00, 0xff, 0x48, 0x20, 0x00, 0xff,
    0x48, 0x24, 0x00, 0xff, 0x50, 0x24, 0x00, 0xff, 0x48, 0x24, 0x00, 0xff,
    0x48, 0x20, 0x08, 0xff, 0x50, 0x20, 0x08, 0xff, 0x48, 0x24, 0x08, 0xff,
    0x48, 0x20, 0x00, 0xff, 0x50, 0x24, 0x00, 0xff, 0x50, 0x24, 0x00, 0xff,
    0x48, 0x20, 0x08, 0xff, 0x48, 0x20, 0x08, 0xff, 0x50, 0x24, 0x00, 0xff,
    0x48, 0x24, 0x00, 0xff, 0x48, 0x24, 0x00, 0xff, 0x48, 0x24, 0x00, 0xff,
    0x50, 0x24, 0x00, 0xff, 0x48, 0x20, 0x08, 0xff, 0x48, 0x24, 0x00, 0xff,
    0x48, 0x24, 0x00, 0xff, 0x50, 0x24, 0x00, 0xff, 0x48, 0x20, 0x08, 0xff,
    0x48, 0x24, 0x08, 0xff, 0x48, 0x24, 0x00, 0xff, 0x50, 0x24, 0x00, 0xff,
    0x48, 0x24, 0x08, 0xff, 0x48, 0x24, 0x00, 0xff, 0x48, 0x24, 0x08, 0xff,
    0x50, 0x24, 0x00, 0xff, 0x48, 0x20, 0x00, 0xff, 0x48, 0x24, 0x00, 0xff,
    0x50, 0x24, 0x08, 0xff, 0x50, 0x24, 0x00, 0xff, 0x48, 0x24, 0x00, 0xff,
    0x50, 0x24, 0x08, 0xff, 0x50, 0x20, 0x08, 0xff, 0x48, 0x24, 0x00, 0xff,
    0x48, 0x20, 0x00, 0xff, 0x50, 0x24, 0x00, 0xff, 0x48, 0x20, 0x00, 0xff,
    0x48, 0x24, 0x08, 0xff, 0x48, 0x24, 0x00, 0xff, 0x48, 0x20, 0x00, 0xff,
    0x50, 0x20, 0x08, 0xff, 0x50, 0x24, 0x08, 0xff, 0x48, 0x24, 0x00, 0xff,
    0x50, 0x20, 0x00, 0xff, 0x48, 0x24, 0x00, 0xff, 0x48, 0x24, 0x00, 0xff,
    0x48, 0x24, 0x08, 0xff, 0x48, 0x20, 0x08, 0xff, 0x48, 0x24, 0x00, 0xff,
    0x50, 0x24, 0x00, 0xff, 0x50, 0x24, 0x00, 0xff, 0x50, 0x24, 0x00, 0xff,
    0x48, 0x20, 0x00, 0xff, 0x50, 0x24, 0x00, 0xff, 0x50, 0x24, 0x00, 0xff,
    0x48, 0x24, 0x08, 0xff, 0x48, 0x24, 0x08, 0xff, 0x50, 0x24, 0x00, 0xff,
    0x48, 0x24, 0x00, 0xff, 0x48, 0x24, 0x00, 0xff, 0x48, 0x20, 0x00, 0xff,
    0x48, 0x20, 0x00, 0xff, 0x48, 0x24, 0x08, 0xff, 0x50, 0x24, 0x08, 0xff,
    0x48, 0x20, 0x00, 0xff, 0x50, 0x20, 0x00, 0xff, 0x48, 0x24, 0x08, 0xff,
    0x48, 0x24, 0x08, 0xff, 0x48, 0x20, 0x00, 0xff, 0x50, 0x24, 0x08, 0xff,
    0x50, 0x24, 0x00, 0xff, 0x50, 0x24, 0x00, 0xff, 0x48, 0x20, 0x00, 0xff,
    0x50, 0x24, 0x00, 0xff, 0x50, 0x20, 0x00, 0xff, 0x48, 0x24, 0x00, 0xff,
    0x48, 0x24, 0x08, 0xff, 0x48, 0x24, 0x00, 0xff, 0x48, 0x24, 0x08, 0xff,
    0x48, 0x20, 0x08, 0xff, 0x48, 0x24, 0x00, 0xff, 0x48, 0x24, 0x00, 0xff,
    0x48, 0x20, 0x00, 0xff, 0x48, 0x24, 0x08, 0xff, 0x48, 0x20, 0x08, 0xff,
    0x50, 0x24, 0x08, 0xff, 0x48, 0x24, 0x00, 0xff, 0x48, 0x24, 0x08, 0xff,
    0x50, 0x20, 0x08, 0xff, 0x50, 0x24, 0x00, 0xff, 0x48, 0x24, 0x08, 0xff,
    0x48, 0x20, 0x08, 0xff, 0x48, 0x24, 0x00, 0xff, 0x50, 0x24, 0x00, 0xff,
    0x48, 0x24, 0x00, 0xff, 0x48, 0x24, 0x08, 0xff, 0x50, 0x20, 0x00, 0xff,
    0x50, 0x24, 0x08, 0xff, 0x48, 0x24, 0x00, 0xff, 0x50, 0x24, 0x00, 0xff,
    0x48, 0x24, 0x00, 0xff, 0x50, 0x20, 0x00, 0xff, 0x48, 0x24, 0x08, 0xff,
    0x48, 0x24, 0x00, 0xff, 0x50, 0x24, 0x00, 0xff, 0x50, 0x24, 0x08, 0xff,
    0x48, 0x20, 0x00, 0xff, 0x48, 0x24, 0x08, 0xff, 0x48, 0x24, 0x00, 0xff,
    0x50, 0x24, 0x00, 0xff, 0x48, 0x20, 0x00, 0xff, 0x48, 0x20, 0x00, 0xff,
    0x50, 0x24, 0x00, 0xff, 0x50, 0x24, 0x08, 0xff, 0x50, 0x20, 0x00, 0xff,
    0x48, 0x24, 0x00, 0xff, 0x48, 0x24, 0x08, 0xff, 0x48, 0x24, 0x00, 0xff,
    0x48, 0x20, 0x00, 0xff, 0x48, 0x20, 0x08, 0xff, 0x48, 0x24, 0x00, 0xff,
    0x48, 0x24, 0x00, 0xff, 0x50, 0x24, 0x00, 0xff, 0x48, 0x24, 0x00, 0xff,
    0x48, 0x20, 0x08, 0xff, 0x48, 0x20, 0x08, 0xff, 0x48, 0x24, 0x00, 0xff,
    0x50, 0x20, 0x08, 0xff, 0x48, 0x24, 0x00, 0xff, 0x48, 0x24, 0x00, 0xff,
    0x48, 0x24, 0x00, 0xff, 0x48, 0x20, 0x08, 0xff, 0x48, 0x24, 0x08, 0xff,
    0x50, 0x24, 0x08, 0xff, 0x48, 0x24, 0x00, 0xff, 0x48, 0x20, 0x00, 0xff,
    0x50, 0x24, 0x08, 0xff, 0x48, 0x20, 0x08, 0xff, 0x50, 0x24, 0x08, 0xff,
    0x50, 0x24, 0x00, 0xff, 0x48, 0x20, 0x00, 0xff, 0x48, 0x24, 0x00, 0xff,
    0x50, 0x24, 0x08, 0xff, 0x50, 0x20, 0x08, 0xff, 0x48, 0x24, 0x00, 0xff,
    0x48, 0x24, 0x00, 0xff, 0x50, 0x24, 0x00, 0xff, 0x48, 0x24, 0x00, 0xff,
    0x48, 0x24, 0x00, 0xff, 0x50, 0x24, 0x08, 0xff, 0x50, 0x24, 0x08, 0xff,
    0x48, 0x24, 0x00, 0xff, 0x48, 0x20, 0x08, 0xff, 0x50, 0x24, 0x08, 0xff,
    0x48, 0x24, 0x00, 0xff, 0x48, 0x24, 0x00, 0xff, 0x50, 0x24, 0x00, 0xff,
    0x50, 0x24, 0x08, 0xff, 0x48, 0x24, 0x00, 0xff, 0x48, 0x24, 0x08, 0xff,
    0x48, 0x24, 0x00, 0xff, 0x48, 0x24, 0x00, 0xff, 0x48, 0x24, 0x08, 0xff,
    0x50, 0x24, 0x00, 0xff, 0x50, 0x20, 0x00, 0xff, 0x48, 0x20, 0x08, 0xff,
    0x48, 0x24, 0x00, 0xff, 0x48, 0x20, 0x00, 0xff, 0x48, 0x24, 0x08, 0xff,
    0x48, 0x24, 0x08, 0xff, 0x48, 0x24, 0x00, 0xff, 0x50, 0x24, 0x00, 0xff,
    0x50, 0x24, 0x00, 0xff, 0x48, 0x24, 0x00, 0xff, 0x48, 0x24, 0x00, 0xff,
    0x48, 0x24, 0x00, 0xff, 0x48, 0x20, 0x08, 0xff, 0x50, 0x20, 0x00, 0xff,
    0x48, 0x24, 0x00, 0xff, 0x50, 0x24, 0x00, 0xff, 0x48, 0x20, 0x08, 0xff,
    0x48, 0x24, 0x00, 0xff, 0x48, 0x24, 0x08, 0xff, 0x48, 0x24, 0x00, 0xff,
    0x48, 0x20, 0x00, 0xff, 0x48, 0x24, 0x00, 0xff, 0x50, 0x24, 0x08, 0xff,
    0x50, 0x24, 0x08, 0xff, 0x48, 0x24, 0x08, 0xff, 0x48, 0x24, 0x08, 0xff,
    0x48, 0x24, 0x00, 0xff, 0x50, 0x24, 0x00, 0xff, 0x50, 0x24, 0x00, 0xff,
    0x48, 0x24, 0x00, 0xff, 0x48, 0x20, 0x00, 0xff, 0x50, 0x24, 0x08, 0xff,
    0x48, 0x24, 0x08, 0xff, 0x48, 0x24, 0x08, 0xff, 0x48, 0x24, 0x08, 0xff,
    0x50, 0x20, 0x00, 0xff, 0x48, 0x24, 0x00, 0xff, 0x50, 0x24, 0x08, 0xff,
    0x48, 0x20, 0x00, 0xff, 0x48, 0x20, 0x00, 0xff, 0x48, 0x24, 0x00, 0xff,
    0x50, 0x24, 0x08, 0xff, 0x48, 0x24, 0x08, 0xff, 0x48, 0x20, 0x08, 0xff,
    0x48, 0x24, 0x00, 0xff, 0x50, 0x24, 0x00, 0xff, 0x48, 0x24, 0x08, 0xff,
    0x48, 0x24, 0x00, 0xff, 0x48, 0x24, 0x00, 0xff, 0x48, 0x24, 0x08, 0xff,
    0x50, 0x24, 0x08, 0xff, 0x50, 0x20, 0x00, 0xff, 0x48, 0x24, 0x00, 0xff,
    0x50, 0x24, 0x00, 0xff, 0x48, 0x24, 0x08, 0xff, 0x48, 0x24, 0x00, 0xff,
    0x48, 0x20, 0x00, 0xff, 0x50, 0x24, 0x08, 0xff, 0x48, 0x24, 0x00, 0xff,
    0x48, 0x24, 0x08, 0xff, 0x48, 0x20, 0x08, 0xff, 0x50, 0x24, 0x00, 0xff,
    0x48, 0x24, 0x08, 0xff, 0x48, 0x24, 0x08, 0xff, 0x50, 0x24, 0x00, 0xff,
    0x50, 0x20, 0x00, 0xff, 0x48, 0x20, 0x08, 0xff, 0x50, 0x24, 0x00, 0xff,
    0x48, 0x20, 0x00, 0xff, 0x48, 0x24, 0x08, 0xff, 0x50, 0x24, 0x08, 0xff,
    0x50, 0x24, 0x08, 0xff, 0x50, 0x24, 0x00, 0xff, 0x48, 0x24, 0x00, 0xff,
    0x48, 0x24, 0x08, 0xff, 0x50, 0x20, 0x00, 0xff, 0x50, 0x24, 0x00, 0xff,
    0x48, 0x24, 0x08, 0xff, 0x48, 0x20, 0x08, 0xff, 0x48, 0x24, 0x00, 0xff,
    0x50, 0x24, 0x00, 0xff, 0x50, 0x20, 0x08, 0xff, 0x48, 0x24, 0x08, 0xff,
    0x48, 0x24, 0x08, 0xff, 0x50, 0x24, 0x00, 0xff, 0x48, 0x24, 0x08, 0xff,
    0x48, 0x24, 0x00, 0xff, 0x48, 0x24, 0x00, 0xff, 0x48, 0x24, 0x00, 0xff,
    0x48, 0x20, 0x08, 0xff, 0x48, 0x24, 0x08, 0xff, 0x50, 0x24, 0x00, 0xff,
    0x50, 0x20, 0x08, 0xff, 0x48, 0x24, 0x00, 0xff, 0x48, 0x24, 0x08, 0xff,
    0x48, 0x24, 0x08, 0xff, 0x50, 0x24, 0x00, 0xff, 0x48, 0x24, 0x08, 0xff,
    0x48, 0x24, 0x00, 0xff, 0x48, 0x24, 0x08, 0xff, 0x48, 0x24, 0x00, 0xff,
    0x48, 0x24, 0x00, 0xff, 0x48, 0x20, 0x00, 0xff, 0x48, 0x24, 0x08, 0xff,
    0x50, 0x24, 0x08, 0xff, 0x50, 0x24, 0x00, 0xff, 0x50, 0x24, 0x08, 0xff,
    0x50, 0x24, 0x00, 0xff, 0x50, 0x24, 0x00, 0xff, 0x50, 0x20, 0x00, 0xff,
    0x50, 0x24, 0x00, 0xff, 0x48, 0x24, 0x08, 0xff, 0x48, 0x24, 0x08, 0xff,
    0x48, 0x24, 0x00, 0xff, 0x50, 0x24, 0x00, 0xff, 0x48, 0x24, 0x08, 0xff,
    0x48, 0x24, 0x00, 0xff, 0x48, 0x24, 0x00, 0xff, 0x48, 0x20, 0x08, 0xff,
    0x48, 0x24, 0x00, 0xff, 0x50, 0x24, 0x00, 0xff, 0x48, 0x24, 0x00, 0xff,
    0x48, 0x24, 0x00, 0xff, 0x50, 0x20, 0x08, 0xff, 0x48, 0x24, 0x00, 0xff,
    0x48, 0x24, 0x00, 0xff, 0x48, 0x24, 0x00, 0xff, 0x50, 0x24, 0x00, 0xff,
    0x48, 0x24, 0x08, 0xff, 0x50, 0x24, 0x08, 0xff, 0x48, 0x24, 0x00, 0xff,
    0x48, 0x24, 0x00, 0xff, 0x50, 0x24, 0x00, 0xff, 0x48, 0x20, 0x00, 0xff,
    0x48, 0x24, 0x00, 0xff, 0x48, 0x24, 0x08, 0xff, 0x50, 0x24, 0x08, 0xff,
    0x50, 0x24, 0x08, 0xff, 0x48, 0x20, 0x00, 0xff, 0x48, 0x24, 0x00, 0xff,
    0x50, 0x24, 0x08, 0xff, 0x48, 0x24, 0x00, 0xff, 0x48, 0x20, 0x00, 0xff,
    0x50, 0x24, 0x00, 0xff, 0x50, 0x24, 0x00, 0xff, 0x48, 0x24, 0x08, 0xff,
    0x48, 0x20, 0x00, 0xff, 0x48, 0x24, 0x08, 0xff, 0x48, 0x20, 0x00, 0xff,
    0x50, 0x24, 0x08, 0xff, 0x50, 0x24, 0x00, 0xff, 0x48, 0x20, 0x00, 0xff,
    0x48, 0x24, 0x08, 0xff, 0x50, 0x24, 0x08, 0xff, 0x48, 0x24, 0x00, 0xff,
    0x48, 0x24, 0x08, 0xff, 0x50, 0x24, 0x08, 0xff, 0x50, 0x24, 0x00, 0xff,
    0x50, 0x24, 0x00, 0xff, 0x50, 0x20, 0x08, 0xff, 0x48, 0x24, 0x00, 0xff,
    0x48, 0x24, 0x08, 0xff, 0x50, 0x20, 0x08, 0xff, 0x48, 0x20, 0x08, 0xff,
    0x50, 0x24, 0x00, 0xff, 0x50, 0x24, 0x00, 0xff, 0x48, 0x24, 0x00, 0xff,
    0x48, 0x20, 0x08, 0xff, 0x48, 0x24, 0x08, 0xff, 0x50, 0x24, 0x00, 0xff,
    0x50, 0x24, 0x00, 0xff, 0x48, 0x20, 0x00, 0xff, 0x48, 0x20, 0x08, 0xff,
    0x50, 0x24, 0x08, 0xff, 0x48, 0x24, 0x00, 0xff, 0x48, 0x24, 0x00, 0xff,
    0x48, 0x24, 0x00, 0xff, 0x48, 0x20, 0x00, 0xff, 0x50, 0x24, 0x00, 0xff,
    0x50, 0x20, 0x00, 0xff, 0x48, 0x24, 0x08, 0xff, 0x48, 0x24, 0x08, 0xff,
    0x48, 0x24, 0x08, 0xff, 0x48, 0x24, 0x00, 0xff, 0x48, 0x20, 0x00, 0xff,
    0x48, 0x24, 0x00, 0xff, 0x50, 0x24, 0x00, 0xff, 0x50, 0x20, 0x00, 0xff,
    0x48, 0x24, 0x00, 0xff, 0x50, 0x24, 0x00, 0xff, 0x48, 0x24, 0x00, 0xff,
    0x50, 0x24, 0x08, 0xff, 0x48, 0x24, 0x08, 0xff, 0x48, 0x20, 0x08, 0xff,
    0x48, 0x24, 0x00, 0xff, 0x48, 0x24, 0x00, 0xff, 0x48, 0x20, 0x00, 0xff,
    0x50, 0x24, 0x00, 0xff, 0x48, 0x20, 0x00, 0xff, 0x48, 0x20, 0x00, 0xff,
    0x50, 0x24, 0x08, 0xff, 0x50, 0x20, 0x08, 0xff, 0x50, 0x24, 0x00, 0xff,
    0x48, 0x24, 0x00, 0xff, 0x48, 0x24, 0x00, 0xff, 0x48, 0x24, 0x00, 0xff,
    0x48, 0x24, 0x08, 0xff, 0x48, 0x24, 0x00, 0xff, 0x50, 0x24, 0x00, 0xff,
    0x50, 0x24, 0x00, 0xff, 0x48, 0x24, 0x00, 0xff, 0x48, 0x24, 0x00, 0xff,
    0x48, 0x20, 0x00, 0xff, 0x50, 0x24, 0x08, 0xff, 0x48, 0x24, 0x08, 0xff,
    0x48, 0x20, 0x00, 0xff, 0x48, 0x24, 0x00, 0xff, 0x48, 0x24, 0x08, 0xff,
    0x48, 0x24, 0x08, 0xff, 0x50, 0x24, 0x00, 0xff, 0x48, 0x24, 0x00, 0xff,
    0x50, 0x24, 0x00, 0xff, 0x50, 0x24, 0x00, 0xff, 0x48, 0x24, 0x00, 0xff,
    0x48, 0x20, 0x00, 0xff, 0x48, 0x24, 0x00, 0xff, 0x50, 0x24, 0x00, 0xff,
    0x48, 0x20, 0x00, 0xff, 0x48, 0x24, 0x08, 0xff, 0x48, 0x24, 0x00, 0xff,
    0x48, 0x20, 0x00, 0xff, 0x48, 0x24, 0x00, 0xff, 0x50, 0x24, 0x00, 0xff,
    0x48, 0x24, 0x00, 0xff, 0x48, 0x24, 0x00, 0xff, 0x50, 0x20, 0x00, 0xff,
    0x50, 0x20, 0x00, 0xff, 0x48, 0x24, 0x08, 0xff, 0x48, 0x24, 0x00, 0xff,
    0x48, 0x20, 0x00, 0xff, 0x50, 0x24, 0x08, 0xff, 0x50, 0x20, 0x08, 0xff,
    0x50, 0x24, 0x00, 0xff, 0x48, 0x24, 0x00, 0xff, 0x48, 0x24, 0x00, 0xff,
    0x48, 0x24, 0x00, 0xff, 0x48, 0x20, 0x00, 0xff, 0x48, 0x24, 0x00, 0xff,
    0x50, 0x20, 0x00, 0xff, 0x48, 0x24, 0x00, 0xff, 0x50, 0x24, 0x00, 0xff,
    0x50, 0x20, 0x08, 0xff, 0x50, 0x24, 0x00, 0xff, 0x50, 0x24, 0x08, 0xff,
    0x50, 0x24, 0x08, 0xff, 0x48, 0x24, 0x00, 0xff, 0x48, 0x24, 0x00, 0xff,
    0x48, 0x24, 0x00, 0xff, 0x48, 0x20, 0x00, 0xff, 0x48, 0x20, 0x00, 0xff,
    0x48, 0x24, 0x08, 0xff, 0x48, 0x24, 0x08, 0xff, 0x48, 0x24, 0x00, 0xff,
    0x48, 0x20, 0x08, 0xff, 0x50, 0x24, 0x08, 0xff, 0x48, 0x20, 0x00, 0xff,
    0x50, 0x24, 0x00, 0xff, 0x50, 0x24, 0x08, 0xff, 0x50, 0x24, 0x00, 0xff,
    0x48, 0x24, 0x00, 0xff, 0x50, 0x20, 0x08, 0xff, 0x50, 0x24, 0x00, 0xff,
    0x48, 0x24, 0x00, 0xff, 0x50, 0x20, 0x08, 0xff, 0x50, 0x24, 0x00, 0xff,
    0x48, 0x24, 0x00, 0xff, 0x48, 0x20, 0x00, 0xff, 0x50, 0x24, 0x08, 0xff,
    0x50, 0x24, 0x08, 0xff, 0x48, 0x20, 0x00, 0xff, 0x48, 0x24, 0x00, 0xff,
    0x48, 0x24, 0x00, 0xff, 0x48, 0x20, 0x00, 0xff, 0x50, 0x24, 0x08, 0xff,
    0x48, 0x20, 0x00, 0xff, 0x48, 0x24, 0x00, 0xff, 0x50, 0x24, 0x08, 0xff,
    0x50, 0x24, 0x08, 0xff, 0x48, 0x20, 0x00, 0xff, 0x48, 0x20, 0x00, 0xff,
    0x50, 0x24, 0x00, 0xff, 0x48, 0x24, 0x00, 0xff, 0x48, 0x20, 0x00, 0xff,
    0x48, 0x24, 0x00, 0xff, 0x50, 0x20, 0x00, 0xff, 0x50, 0x24, 0x00, 0xff,
    0x48, 0x24, 0x08, 0xff, 0x48, 0x24, 0x08, 0xff, 0x48, 0x20, 0x00, 0xff,
    0x48, 0x24, 0x00, 0xff, 0x50, 0x24, 0x00, 0xff, 0x50, 0x24, 0x00, 0xff,
    0x50, 0x20, 0x00, 0xff, 0x48, 0x24, 0x08, 0xff, 0x50, 0x24, 0x00, 0xff,
    0x48, 0x20, 0x00, 0xff, 0x48, 0x24, 0x00, 0xff, 0x48, 0x24, 0x08, 0xff,
    0x50, 0x24, 0x00, 0xff, 0x50, 0x20, 0x00, 0xff, 0x48, 0x24, 0x00, 0xff,
    0x48, 0x24, 0x00, 0xff, 0x48, 0x20, 0x00, 0xff, 0x48, 0x24, 0x08, 0xff,
    0x48, 0x24, 0x00, 0xff, 0x50, 0x24, 0x00, 0xff, 0x50, 0x24, 0x00, 0xff,
    0x48, 0x20, 0x08, 0xff, 0x48, 0x24, 0x08, 0xff, 0x50, 0x24, 0x08, 0xff,
    0x50, 0x24, 0x00, 0xff, 0x48, 0x24, 0x00, 0xff, 0x48, 0x24, 0x08, 0xff,
    0x50, 0x24, 0x08, 0xff, 0x50, 0x24, 0x00, 0xff, 0x50, 0x24, 0x00, 0xff,
    0x48, 0x24, 0x08, 0xff, 0x50, 0x24, 0x00, 0xff, 0x48, 0x24, 0x00, 0xff,
    0x48, 0x20, 0x08, 0xff, 0x50, 0x24, 0x00, 0xff, 0x48, 0x24, 0x00, 0xff,
    0x48, 0x24, 0x08, 0xff, 0x50, 0x20, 0x00, 0xff, 0x48, 0x20, 0x00, 0xff,
    0x50, 0x24, 0x00, 0xff, 0x50, 0x24, 0x08, 0xff, 0x50, 0x24, 0x00, 0xff,
    0x48, 0x24, 0x08, 0xff, 0x48, 0x20, 0x00, 0xff, 0x48, 0x24, 0x00, 0xff,
    0x48, 0x24, 0x08, 0xff, 0x48, 0x24, 0x08, 0xff, 0x50, 0x20, 0x08, 0xff,
    0x48, 0x24, 0x00, 0xff, 0x48, 0x24, 0x00, 0xff, 0x50, 0x24, 0x00, 0xff,
    0x48, 0x24, 0x08, 0xff, 0x50, 0x24, 0x00, 0xff, 0x50, 0x24, 0x00, 0xff,
    0x48, 0x24, 0x08, 0xff, 0x48, 0x24, 0x08, 0xff, 0x50, 0x24, 0x08, 0xff,
    0x50, 0x24, 0x00, 0xff, 0x48, 0x24, 0x00, 0xff, 0x48, 0x20, 0x08, 0xff,
    0x48, 0x24, 0x00, 0xff, 0x48, 0x24, 0x08, 0xff, 0x50, 0x24, 0x08, 0xff,
    0x50, 0x20, 0x00, 0xff, 0x50, 0x20, 0x00, 0xff, 0x48, 0x24, 0x08, 0xff,
    0x48, 0x20, 0x08, 0xff, 0x48, 0x24, 0x08, 0xff, 0x50, 0x24, 0x08, 0xff,
    0x50, 0x20, 0x00, 0xff, 0x48, 0x24, 0x00, 0xff, 0x48, 0x24, 0x00, 0xff,
    0x50, 0x24, 0x00, 0xff, 0x50, 0x24, 0x00, 0xff, 0x50, 0x20, 0x00, 0xff,
    0x48, 0x24, 0x00, 0xff, 0x48, 0x24, 0x00, 0xff, 0x50, 0x24, 0x08, 0xff,
    0x48, 0x24, 0x08, 0xff, 0x48, 0x20, 0x08, 0xff, 0x50, 0x24, 0x00, 0xff,
    0x48, 0x24, 0x00, 0xff, 0x48, 0x20, 0x08, 0xff, 0x48, 0x24, 0x08, 0xff,
    0x50, 0x24, 0x08, 0xff, 0x48, 0x24, 0x00, 0xff, 0x50, 0x24, 0x08, 0xff,
    0x50, 0x24, 0x00, 0xff, 0x50, 0x24, 0x00, 0xff, 0x48, 0x24, 0x08, 0xff,
    0x48, 0x20, 0x08, 0xff, 0x50, 0x24, 0x08, 0xff, 0x48, 0x24, 0x00, 0xff,
    0x48, 0x24, 0x00, 0xff, 0x48, 0x24, 0x00, 0xff, 0x50, 0x20, 0x00, 0xff,
    0x50, 0x24, 0x08, 0xff, 0x48, 0x24, 0x08, 0xff, 0x48, 0x24, 0x00, 0xff,
    0x48, 0x24, 0x00, 0xff, 0x50, 0x24, 0x00, 0xff, 0x48, 0x20, 0x08, 0xff,
    0x50, 0x24, 0x08, 0xff, 0x50, 0x24, 0x08, 0xff, 0x50, 0x24, 0x08, 0xff,
    0x48, 0x24, 0x00, 0xff, 0x48, 0x20, 0x00, 0xff, 0x48, 0x24, 0x08, 0xff,
    0x48, 0x24, 0x00, 0xff, 0x48, 0x20, 0x00, 0xff, 0x48, 0x24, 0x00, 0xff,
    0x48, 0x20, 0x00, 0xff, 0x50, 0x24, 0x08, 0xff, 0x50, 0x24, 0x00, 0xff,
    0x50, 0x20, 0x08, 0xff, 0x48, 0x24, 0x08, 0xff, 0x48, 0x24, 0x00, 0xff,
    0x48, 0x20, 0x00, 0xff, 0x50, 0x24, 0x00, 0xff, 0x48, 0x24, 0x08, 0xff,
    0x48, 0x24, 0x00, 0xff, 0x48, 0x24, 0x00, 0xff, 0x50, 0x24, 0x00, 0xff,
    0x48, 0x20, 0x08, 0xff, 0x48, 0x24, 0x00, 0xff, 0x48, 0x20, 0x00, 0xff,
    0x50, 0x20, 0x08, 0xff, 0x48, 0x24, 0x00, 0xff, 0x48, 0x24, 0x00, 0xff,
    0x48, 0x24, 0x00, 0xff, 0x48, 0x24, 0x08, 0xff, 0x48, 0x20, 0x08, 0xff,
    0x50, 0x24, 0x08, 0xff, 0x48, 0x24, 0x00, 0xff, 0x48, 0x24, 0x00, 0xff,
    0x48, 0x24, 0x08, 0xff, 0x50, 0x20, 0x00, 0xff, 0x50, 0x24, 0x08, 0xff,
    0x48, 0x24, 0x08, 0xff, 0x48, 0x20, 0x00, 0xff, 0x48, 0x24, 0x00, 0xff,
    0x50, 0x24, 0x08, 0xff, 0x48, 0x20, 0x08, 0xff, 0x48, 0x24, 0x00, 0xff,
    0x48, 0x24, 0x00, 0xff, 0x50, 0x24, 0x08, 0xff, 0x48, 0x24, 0x00, 0xff,
    0x48, 0x24, 0x00, 0xff, 0x50, 0x20, 0x08, 0xff, 0x48, 0x24, 0x08, 0xff,
    0x50, 0x24, 0x08, 0xff, 0x48, 0x24, 0x08, 0xff, 0x48, 0x24, 0x08, 0xff,
    0x48, 0x20, 0x00, 0xff, 0x48, 0x20, 0x00, 0xff, 0x50, 0x24, 0x08, 0xff,
    0x50, 0x24, 0x00, 0xff, 0x48, 0x24, 0x08, 0xff, 0x48, 0x24, 0x08, 0xff,
    0x48, 0x24, 0x00, 0xff, 0x48, 0x24, 0x00, 0xff, 0x48, 0x24, 0x08, 0xff,
    0x50, 0x24, 0x08, 0xff, 0x50, 0x24, 0x00, 0xff, 0x50, 0x20, 0x00, 0xff,
    0x48, 0x24, 0x00, 0xff, 0x48, 0x24, 0x00, 0xff, 0x48, 0x24, 0x08, 0xff,
    0x48, 0x20, 0x08, 0xff, 0x48, 0x24, 0x00, 0xff, 0x50, 0x24, 0x00, 0xff,
    0x50, 0x20, 0x08, 0xff, 0x48, 0x24, 0x00, 0xff, 0x48, 0x24, 0x00, 0xff,
    0x48, 0x24, 0x00, 0xff, 0x48, 0x20, 0x00, 0xff, 0x48, 0x24, 0x00, 0xff,
    0x48, 0x24, 0x00, 0xff, 0x50, 0x24, 0x00, 0xff, 0x48, 0x20, 0x00, 0xff,
    0x48, 0x20, 0x00, 0xff, 0x48, 0x24, 0x08, 0xff, 0x48, 0x24, 0x00, 0xff,
    0x50, 0x24, 0x00, 0xff, 0x48, 0x20, 0x00, 0xff, 0x50, 0x20, 0x08, 0xff,
    0x50, 0x24, 0x08, 0xff, 0x48, 0x24, 0x08, 0xff, 0x48, 0x24, 0x08, 0xff,
    0x48, 0x24, 0x00, 0xff, 0x48, 0x24, 0x08, 0xff, 0x50, 0x24, 0x00, 0xff,
    0x48, 0x20, 0x00, 0xff, 0x48, 0x24, 0x00, 0xff, 0x48, 0x24, 0x08, 0xff,
    0x50, 0x20, 0x00, 0xff, 0x50, 0x24, 0x08, 0xff, 0x48, 0x24, 0x08, 0xff,
    0x50, 0x24, 0x00, 0xff, 0x50, 0x20, 0x00, 0xff, 0x48, 0x24, 0x00, 0xff,
    0x48, 0x20, 0x00, 0xff, 0x50, 0x24, 0x08, 0xff, 0x50, 0x24, 0x00, 0xff,
    0x50, 0x24, 0x00, 0xff, 0x48, 0x20, 0x08, 0xff, 0x48, 0x20, 0x08, 0xff,
    0x50, 0x24, 0x00, 0xff, 0x50, 0x24, 0x00, 0xff, 0x48, 0x24, 0x00, 0xff,
    0x48, 0x24, 0x00, 0xff, 0x48, 0x20, 0x00, 0xff, 0x48, 0x24, 0x00, 0xff,
    0x50, 0x24, 0x08, 0xff, 0x50, 0x20, 0x00, 0xff, 0x48, 0x20, 0x00, 0xff,
    0x48, 0x24, 0x08, 0xff, 0x48, 0x24, 0x08, 0xff, 0x48, 0x24, 0x00, 0xff,
    0x50, 0x24, 0x00, 0xff, 0x50, 0x20, 0x00, 0xff, 0x48, 0x24, 0x00, 0xff,
    0x50, 0x24, 0x08, 0xff, 0x48, 0x24, 0x00, 0xff, 0x50, 0x20, 0x00, 0xff,
    0x48, 0x24, 0x08, 0xff, 0x48, 0x24, 0x08, 0xff, 0x48, 0x24, 0x08, 0xff,
    0x50, 0x20, 0x00, 0xff, 0x48, 0x24, 0x08, 0xff, 0x48, 0x20, 0x00, 0xff,
    0x48, 0x20, 0x00, 0xff, 0x48, 0x24, 0x00, 0xff, 0x48, 0x24, 0x08, 0xff,
    0x50, 0x20, 0x08, 0xff, 0x50, 0x24, 0x00, 0xff, 0x50, 0x24, 0x00, 0xff,
    0x48, 0x24, 0x00, 0xff, 0x50, 0x20, 0x00, 0xff, 0x48, 0x24, 0x00, 0xff,
    0x48, 0x20, 0x08, 0xff, 0x48, 0x24, 0x08, 0xff, 0x50, 0x24, 0x00, 0xff,
    0x50, 0x20, 0x00, 0xff, 0x48, 0x24, 0x00, 0xff, 0x48, 0x24, 0x08, 0xff,
    0x48, 0x24, 0x08, 0xff, 0x50, 0x20, 0x08, 0xff, 0x48, 0x24, 0x00, 0xff,
    0x48, 0x24, 0x00, 0xff, 0x50, 0x24, 0x00, 0xff, 0x48, 0x20, 0x00, 0xff,
    0x48, 0x24, 0x08, 0xff, 0x48, 0x24, 0x08, 0xff, 0x50, 0x20, 0x00, 0xff,
    0x48, 0x24, 0x00, 0xff, 0x48, 0x24, 0x00, 0xff, 0x48, 0x20, 0x00, 0xff,
    0x50, 0x24, 0x08, 0xff, 0x50, 0x24, 0x08, 0xff, 0x48, 0x24, 0x08, 0xff,
    0x48, 0x20, 0x00, 0xff, 0x48, 0x24, 0x08, 0xff, 0x48, 0x24, 0x00, 0xff,
    0x50, 0x24, 0x08, 0xff, 0x48, 0x20, 0x00, 0xff, 0x48, 0x24, 0x08, 0xff,
    0x48, 0x24, 0x00, 0xff, 0x50, 0x24, 0x00, 0xff, 0x50, 0x24, 0x08, 0xff,
    0x50, 0x24, 0x00, 0xff, 0x48, 0x24, 0x08, 0xff, 0x50, 0x20, 0x00, 0xff,
    0x50, 0x24, 0x00, 0xff, 0x50, 0x24, 0x00, 0xff, 0x48, 0x24, 0x08, 0xff,
    0x48, 0x24, 0x00, 0xff, 0x48, 0x24, 0x08, 0xff, 0x48, 0x24, 0x00, 0xff,
    0x48, 0x24, 0x00, 0xff, 0x48, 0x24, 0x08, 0xff, 0x50, 0x24, 0x08, 0xff,
    0x48, 0x24, 0x00, 0xff, 0x50, 0x20, 0x00, 0xff, 0x48, 0x24, 0x00, 0xff,
    0x48, 0x24, 0x00, 0xff, 0x50, 0x24, 0x08, 0xff, 0x48, 0x24, 0x00, 0xff,
    0x50, 0x20, 0x00, 0xff, 0x48, 0x24, 0x00, 0xff, 0x48, 0x24, 0x08, 0xff,
    0x50, 0x24, 0x00, 0xff, 0x50, 0x24, 0x08, 0xff, 0x50, 0x24, 0x00, 0xff,
    0x48, 0x24, 0x00, 0xff, 0x50, 0x24, 0x08, 0xff, 0x48, 0x24, 0x00, 0xff,
    0x48, 0x20, 0x00, 0xff, 0x48, 0x24, 0x00, 0xff, 0x50, 0x24, 0x08, 0xff,
    0x50, 0x24, 0x08, 0xff, 0x48, 0x24, 0x00, 0xff, 0x50, 0x24, 0x00, 0xff,
    0x48, 0x24, 0x00, 0xff, 0x48, 0x20, 0x00, 0xff, 0x48, 0x24, 0x00, 0xff,
    0x50, 0x24, 0x08, 0xff, 0x50, 0x24, 0x00, 0xff, 0x48, 0x24, 0x00, 0xff,
    0x48, 0x24, 0x08, 0xff, 0x50, 0x20, 0x00, 0xff, 0x48, 0x20, 0x00, 0xff,
    0x48, 0x24, 0x08, 0xff, 0x50, 0x24, 0x08, 0xff, 0x48, 0x20, 0x00, 0xff,
    0x48, 0x24, 0x00, 0xff, 0x48, 0x24, 0x08, 0xff, 0x48, 0x24, 0x00, 0xff,
    0x48, 0x20, 0x08, 0xff, 0x48, 0x24, 0x08, 0xff, 0x50, 0x24, 0x00, 0xff,
    0x50, 0x24, 0x08, 0xff, 0x50, 0x20, 0x08, 0xff, 0x48, 0x24, 0x00, 0xff,
    0x48, 0x24, 0x00, 0xff, 0x48, 0x20, 0x08, 0xff, 0x48, 0x24, 0x08, 0xff,
    0x50, 0x24, 0x08, 0xff, 0x50, 0x24, 0x00, 0xff, 0x50, 0x24, 0x00, 0xff,
    0x48, 0x20, 0x08, 0xff, 0x48, 0x20, 0x08, 0xff, 0x50, 0x24, 0x08, 0xff,
    0x48, 0x24, 0x00, 0xff, 0x48, 0x20, 0x00, 0xff, 0x48, 0x24, 0x08, 0xff,
    0x48, 0x20, 0x08, 0xff, 0x48, 0x24, 0x08, 0xff, 0x48, 0x24, 0x00, 0xff,
    0x48, 0x24, 0x00, 0xff, 0x50, 0x20, 0x00, 0xff, 0x50, 0x20, 0x00, 0xff,
    0x50, 0x24, 0x00, 0xff, 0x50, 0x24, 0x00, 0xff, 0x48, 0x24, 0x08, 0xff,
    0x48, 0x24, 0x08, 0xff, 0x50, 0x24, 0x08, 0xff, 0x48, 0x20, 0x00, 0xff,
    0x48, 0x24, 0x00, 0xff, 0x48, 0x24, 0x00, 0xff, 0x50, 0x24, 0x00, 0xff,
    0x48, 0x24, 0x08, 0xff, 0x48, 0x24, 0x00, 0xff, 0x48, 0x24, 0x00, 0xff,
    0x50, 0x24, 0x08, 0xff, 0x48, 0x20, 0x00, 0xff, 0x48, 0x24, 0x08, 0xff,
    0x48, 0x20, 0x00, 0xff, 0x48, 0x24, 0x00, 0xff, 0x48, 0x24, 0x00, 0xff,
    0x48, 0x24, 0x08, 0xff, 0x48, 0x20, 0x00, 0xff, 0x48, 0x20, 0x00, 0xff,
    0x48, 0x24, 0x08, 0xff, 0x50, 0x24, 0x08, 0xff, 0x50, 0x24, 0x08, 0xff,
    0x48, 0x24, 0x00, 0xff, 0x48, 0x24, 0x00, 0xff, 0x50, 0x24, 0x08, 0xff,
    0x48, 0x24, 0x00, 0xff, 0x48, 0x24, 0x00, 0xff, 0x50, 0x24, 0x00, 0xff,
    0x48, 0x20, 0x08, 0xff, 0x48, 0x24, 0x00, 0xff, 0x48, 0x24, 0x00, 0xff,
    0x48, 0x20, 0x00, 0xff, 0x48, 0x24, 0x08, 0xff, 0x48, 0x24, 0x08, 0xff,
    0x50, 0x20, 0x00, 0xff, 0x48, 0x20, 0x00, 0xff, 0x48, 0x24, 0x00, 0xff,
    0x48, 0x24, 0x08, 0xff, 0x50, 0x24, 0x00, 0xff, 0x48, 0x24, 0x08, 0xff,
    0x50, 0x24, 0x00, 0xff, 0x50, 0x24, 0x00, 0xff, 0x50, 0x24, 0x00, 0xff,
    0x48, 0x24, 0x00, 0xff, 0x48, 0x24, 0x08, 0xff, 0x48, 0x24, 0x00, 0xff,
    0x48, 0x20, 0x00, 0xff, 0x48, 0x24, 0x08, 0xff, 0x48, 0x24, 0x00, 0xff,
    0x48, 0x24, 0x00, 0xff, 0x50, 0x20, 0x00, 0xff, 0x48, 0x24, 0x08, 0xff,
    0x48, 0x24, 0x00, 0xff, 0x48, 0x24, 0x00, 0xff, 0x50, 0x24, 0x00, 0xff,
    0x50, 0x20, 0x00, 0xff, 0x48, 0x24, 0x00, 0xff, 0x48, 0x24, 0x08, 0xff,
    0x48, 0x24, 0x08, 0xff, 0x48, 0x20, 0x00, 0xff, 0x50, 0x24, 0x00, 0xff,
    0x50, 0x20, 0x00, 0xff, 0x50, 0x24, 0x00, 0xff, 0x48, 0x24, 0x00, 0xff,
    0x48, 0x24, 0x08, 0xff, 0x48, 0x24, 0x00, 0xff, 0x50, 0x20, 0x00, 0xff,
    0x48, 0x24, 0x00, 0xff, 0x48, 0x24, 0x00, 0xff, 0x50, 0x24, 0x00, 0xff,
    0x50, 0x24, 0x00, 0xff, 0x50, 0x24, 0x08, 0xff, 0x50, 0x24, 0x08, 0xff,
    0x48, 0x20, 0x00, 0xff, 0x48, 0x24, 0x00, 0xff, 0x48, 0x24, 0x00, 0xff,
    0x50, 0x24, 0x08, 0xff, 0x48, 0x20, 0x00, 0xff, 0x48, 0x24, 0x00, 0xff,
    0x48, 0x24, 0x08, 0xff, 0x48, 0x20, 0x00, 0xff, 0x48, 0x24, 0x00, 0xff,
    0x48, 0x24, 0x08, 0xff, 0x48, 0x20, 0x08, 0xff, 0x48, 0x20, 0x00, 0xff,
    0x50, 0x24, 0x00, 0xff, 0x50, 0x24, 0x00, 0xff, 0x50, 0x24, 0x08, 0xff,
    0x50, 0x24, 0x08, 0xff, 0x50, 0x24, 0x00, 0xff, 0x48, 0x20, 0x00, 0xff,
    0x48, 0x24, 0x00, 0xff, 0x50, 0x24, 0x08, 0xff, 0x50, 0x24, 0x00, 0xff,
    0x48, 0x24, 0x00, 0xff, 0x48, 0x20, 0x00, 0xff, 0x50, 0x24, 0x08, 0xff,
    0x48, 0x24, 0x08, 0xff, 0x48, 0x20, 0x00, 0xff, 0x48, 0x24, 0x00, 0xff,
    0x48, 0x20, 0x00, 0xff, 0x50, 0x24, 0x00, 0xff, 0x48, 0x24, 0x08, 0xff,
    0x48, 0x20, 0x00, 0xff, 0x48, 0x24, 0x00, 0xff, 0x50, 0x24, 0x08, 0xff,
    0x50, 0x24, 0x08, 0xff, 0x50, 0x20, 0x00, 0xff, 0x48, 0x24, 0x00, 0xff,
    0x48, 0x20, 0x08, 0xff, 0x48, 0x24, 0x00, 0xff, 0x48, 0x24, 0x00, 0xff,
    0x48, 0x20, 0x00, 0xff, 0x50, 0x24, 0x00, 0xff, 0x50, 0x24, 0x08, 0xff,
    0x48, 0x24, 0x00, 0xff, 0x48, 0x24, 0x08, 0xff, 0x50, 0x24, 0x00, 0xff,
    0x48, 0x20, 0x00, 0xff, 0x48, 0x24, 0x00, 0xff, 0x50, 0x24, 0x00, 0xff,
    0x50, 0x20, 0x00, 0xff, 0x48, 0x24, 0x00, 0xff, 0x50, 0x24, 0x00, 0xff,
    0x50, 0x20, 0x00, 0xff, 0x48, 0x20, 0x00, 0xff, 0x48, 0x24, 0x08, 0xff,
    0x50, 0x24, 0x00, 0xff, 0x50, 0x20, 0x00, 0xff, 0x48, 0x24, 0x00, 0xff,
    0x48, 0x20, 0x00, 0xff, 0x48, 0x24, 0x00, 0xff, 0x50, 0x24, 0x08, 0xff,
    0x48, 0x24, 0x00, 0xff, 0x50, 0x24, 0x00, 0xff, 0x50, 0x24, 0x00, 0xff,
    0x48, 0x20, 0x00, 0xff, 0x48, 0x24, 0x08, 0xff, 0x48, 0x24, 0x08, 0xff,
    0x50, 0x24, 0x00, 0xff, 0x48, 0x24, 0x00, 0xff, 0x48, 0x24, 0x00, 0xff,
    0x50, 0x24, 0x08, 0xff, 0x50, 0x24, 0x00, 0xff, 0x50, 0x24, 0x00, 0xff,
    0x50, 0x24, 0x00, 0xff, 0x50, 0x24, 0x00, 0xff, 0x48, 0x24, 0x00, 0xff,
    0x48, 0x24, 0x00, 0xff, 0x48, 0x24, 0x00, 0xff, 0x48, 0x24, 0x00, 0xff,
    0x48, 0x20, 0x08, 0xff, 0x48, 0x24, 0x08, 0xff, 0x48, 0x20, 0x00, 0xff,
    0x50, 0x24, 0x00, 0xff, 0x48, 0x24, 0x00, 0xff, 0x50, 0x24, 0x00, 0xff,
    0x48, 0x24, 0x08, 0xff, 0x50, 0x20, 0x08, 0xff, 0x48, 0x24, 0x00, 0xff,
    0x48, 0x20, 0x00, 0xff, 0x48, 0x20, 0x08, 0xff, 0x50, 0x24, 0x08, 0xff,
    0x48, 0x24, 0x00, 0xff, 0x48, 0x24, 0x00, 0xff, 0x48, 0x24, 0x00, 0xff,
    0x48, 0x24, 0x08, 0xff, 0x50, 0x24, 0x08, 0xff, 0x50, 0x24, 0x00, 0xff,
    0x50, 0x24, 0x00, 0xff, 0x48, 0x24, 0x08, 0xff, 0x50, 0x24, 0x08, 0xff,
    0x50, 0x24, 0x00, 0xff, 0x48, 0x20, 0x00, 0xff, 0x50, 0x24, 0x00, 0xff,
    0x48, 0x24, 0x00, 0xff, 0x48, 0x20, 0x08, 0xff, 0x48, 0x24, 0x00, 0xff,
    0x50, 0x24, 0x00, 0xff, 0x50, 0x24, 0x00, 0xff, 0x48, 0x20, 0x08, 0xff,
    0x48, 0x24, 0x00, 0xff, 0x48, 0x24, 0x08, 0xff, 0x50, 0x24, 0x08, 0xff,
    0x50, 0x24, 0x00, 0xff, 0x48, 0x24, 0x00, 0xff, 0x50, 0x24, 0x00, 0xff,
    0x48, 0x24, 0x08, 0xff, 0x50, 0x24, 0x00, 0xff, 0x50, 0x24, 0x00, 0xff,
    0x50, 0x24, 0x00, 0xff, 0x48, 0x24, 0x00, 0xff, 0x50, 0x20, 0x00, 0xff,
    0x48, 0x24, 0x08, 0xff, 0x48, 0x24, 0x08, 0xff, 0x48, 0x20, 0x08, 0xff,
    0x48, 0x20, 0x00, 0xff, 0x48, 0x24, 0x00, 0xff, 0x50, 0x20, 0x08, 0xff,
    0x48, 0x24, 0x08, 0xff, 0x50, 0x24, 0x00, 0xff, 0x50, 0x24, 0x08, 0xff,
    0x50, 0x20, 0x08, 0xff, 0x48, 0x24, 0x00, 0xff, 0x48, 0x24, 0x00, 0xff,
    0x48, 0x24, 0x08, 0xff, 0x50, 0x24, 0x08, 0xff, 0x48, 0x20, 0x08, 0xff,
    0x48, 0x24, 0x00, 0xff, 0x50, 0x24, 0x00, 0xff, 0x50, 0x24, 0x00, 0xff,
    0x50, 0x20, 0x00, 0xff, 0x50, 0x24, 0x08, 0xff, 0x48, 0x24, 0x08, 0xff,
    0x48, 0x24, 0x00, 0xff, 0x48, 0x24, 0x08, 0xff, 0x48, 0x20, 0x08, 0xff,
    0x50, 0x24, 0x00, 0xff, 0x50, 0x24, 0x08, 0xff, 0x48, 0x24, 0x08, 0xff,
    0x48, 0x24, 0x00, 0xff, 0x48, 0x24, 0x08, 0xff, 0x48, 0x20, 0x00, 0xff,
    0x50, 0x20, 0x00, 0xff, 0x48, 0x24, 0x00, 0xff, 0x48, 0x24, 0x00, 0xff,
    0x48, 0x24, 0x00, 0xff, 0x50, 0x24, 0x08, 0xff, 0x50, 0x24, 0x00, 0xff,
    0x48, 0x20, 0x00, 0xff, 0x48, 0x24, 0x08, 0xff, 0x48, 0x24, 0x00, 0xff,
    0x50, 0x20, 0x00, 0xff, 0x50, 0x24, 0x08, 0xff, 0x48, 0x24, 0x08, 0xff,
    0x48, 0x24, 0x00, 0xff, 0x50, 0x24, 0x00, 0xff, 0x50, 0x24, 0x08, 0xff,
    0x48, 0x20, 0x08, 0xff, 0x48, 0x24, 0x00, 0xff, 0x48, 0x20, 0x00, 0xff,
    0x48, 0x20, 0x00, 0xff, 0x48, 0x24, 0x00, 0xff, 0x48, 0x24, 0x00, 0xff,
    0x48, 0x24, 0x00, 0xff, 0x48, 0x20, 0x08, 0xff, 0x48, 0x24, 0x08, 0xff,
    0x50, 0x24, 0x08, 0xff, 0x48, 0x20, 0x00, 0xff, 0x48, 0x24, 0x00, 0xff,
    0x50, 0x24, 0x00, 0xff, 0x50, 0x24, 0x08, 0xff, 0x50, 0x24, 0x08, 0xff,
    0x48, 0x24, 0x00, 0xff, 0x48, 0x20, 0x00, 0xff, 0x48, 0x24, 0x00, 0xff,
    0x48, 0x24, 0x08, 0xff, 0x50, 0x20, 0x00, 0xff, 0x48, 0x24, 0x00, 0xff,
    0x48, 0x20, 0x00, 0xff, 0x48, 0x24, 0x08, 0xff, 0x48, 0x24, 0x00, 0xff,
    0x48, 0x24, 0x00, 0xff, 0x50, 0x20, 0x08, 0xff, 0x48, 0x24, 0x08, 0xff,
    0x50, 0x24, 0x08, 0xff, 0x48, 0x24, 0x08, 0xff, 0x48, 0x24, 0x00, 0xff,
    0x50, 0x20, 0x00, 0xff, 0x48, 0x20, 0x00, 0xff, 0x48, 0x24, 0x08, 0xff,
    0x50, 0x24, 0x08, 0xff, 0x48, 0x24, 0x08, 0xff, 0x48, 0x24, 0x08, 0xff,
    0x48, 0x24, 0x08, 0xff, 0x48, 0x20, 0x00, 0xff, 0x48, 0x24, 0x08, 0xff,
    0x48, 0x24, 0x08, 0xff, 0x50, 0x24, 0x08, 0xff, 0x50, 0x24, 0x00, 0xff,
    0x48, 0x24, 0x00, 0xff, 0x48, 0x24, 0x08, 0xff, 0x50, 0x24, 0x08, 0xff,
    0x48, 0x24, 0x00, 0xff, 0x48, 0x24, 0x00, 0xff, 0x48, 0x24, 0x00, 0xff,
    0x50, 0x20, 0x08, 0xff, 0x48, 0x24, 0x00, 0xff, 0x48, 0x24, 0x08, 0xff,
    0x50, 0x20, 0x00, 0xff, 0x48, 0x24, 0x00, 0xff, 0x48, 0x24, 0x08, 0xff,
    0x48, 0x20, 0x00, 0xff, 0x50, 0x24, 0x00, 0xff, 0x50, 0x24, 0x00, 0xff,
    0x48, 0x24, 0x00, 0xff, 0x48, 0x24, 0x08, 0xff, 0x48, 0x24, 0x08, 0xff,
    0x48, 0x20, 0x00, 0xff, 0x48, 0x24, 0x00, 0xff, 0x50, 0x24, 0x08, 0xff,
    0x50, 0x20, 0x08, 0xff, 0x50, 0x24, 0x08, 0xff, 0x48, 0x24, 0x08, 0xff,
    0x48, 0x24, 0x00, 0xff, 0x50, 0x24, 0x00, 0xff, 0x48, 0x24, 0x00, 0xff,
    0x48, 0x20, 0x00, 0xff, 0x50, 0x24, 0x08, 0xff, 0x48, 0x20, 0x00, 0xff,
    0x50, 0x24, 0x00, 0xff, 0x48, 0x24, 0x00, 0xff, 0x48, 0x24, 0x08, 0xff,
    0x50, 0x24, 0x00, 0xff, 0x50, 0x24, 0x00, 0xff, 0x48, 0x24, 0x00, 0xff,
    0x50, 0x20, 0x08, 0xff, 0x50, 0x24, 0x08, 0xff, 0x50, 0x24, 0x00, 0xff,
    0x50, 0x20, 0x00, 0xff, 0x48, 0x24, 0x00, 0xff, 0x48, 0x24, 0x08, 0xff,
    0x48, 0x20, 0x00, 0xff, 0x50, 0x20, 0x00, 0xff, 0x48, 0x24, 0x00, 0xff,
    0x48, 0x24, 0x08, 0xff, 0x48, 0x20, 0x00, 0xff, 0x48, 0x24, 0x00, 0xff,
    0x50, 0x24, 0x08, 0xff, 0x50, 0x20, 0x00, 0xff, 0x48, 0x24, 0x00, 0xff,
    0x48, 0x24, 0x08, 0xff, 0x50, 0x20, 0x08, 0xff, 0x48, 0x24, 0x00, 0xff,
    0x50, 0x24, 0x00, 0xff, 0x50, 0x24, 0x00, 0xff, 0x48, 0x24, 0x00, 0xff,
    0x48, 0x20, 0x08, 0xff, 0x50, 0x24, 0x08, 0xff, 0x48, 0x20, 0x00, 0xff,
    0x48, 0x24, 0x00, 0xff, 0x48, 0x24, 0x08, 0xff, 0x48, 0x20, 0x08, 0xff,
    0x48, 0x24, 0x08, 0xff, 0x48, 0x20, 0x08, 0xff, 0x48, 0x24, 0x00, 0xff,
    0x50, 0x24, 0x00, 0xff, 0x48, 0x24, 0x00, 0xff, 0x48, 0x24, 0x00, 0xff,
    0x50, 0x24, 0x08, 0xff, 0x50, 0x24, 0x00, 0xff, 0x48, 0x24, 0x00, 0xff,
    0x50, 0x24, 0x00, 0xff, 0x48, 0x20, 0x08, 0xff, 0x48, 0x24, 0x00, 0xff,
    0x48, 0x24, 0x00, 0xff, 0x48, 0x24, 0x08, 0xff, 0x50, 0x24, 0x00, 0xff,
    0x50, 0x20, 0x00, 0xff, 0x48, 0x20, 0x00, 0xff, 0x50, 0x24, 0x00, 0xff,
    0x48, 0x24, 0x08, 0xff, 0x48, 0x20, 0x08, 0xff, 0x48, 0x24, 0x08, 0xff,
    0x48, 0x24, 0x00, 0xff, 0x48, 0x24, 0x00, 0xff, 0x48, 0x24, 0x08, 0xff,
    0x48, 0x24, 0x08, 0xff, 0x50, 0x20, 0x00, 0xff, 0x50, 0x24, 0x00, 0xff,
    0x48, 0x20, 0x00, 0xff, 0x48, 0x24, 0x00, 0xff, 0x50, 0x24, 0x08, 0xff,
    0x50, 0x20, 0x08, 0xff, 0x50, 0x24, 0x00, 0xff, 0x48, 0x24, 0x08, 0xff,
    0x48, 0x24, 0x00, 0xff, 0x48, 0x24, 0x08, 0xff, 0x48, 0x20, 0x00, 0xff,
    0x50, 0x20, 0x08, 0xff, 0x48, 0x24, 0x00, 0xff, 0x48, 0x24, 0x08, 0xff,
    0x48, 0x24, 0x00, 0xff, 0x50, 0x24, 0x00, 0xff, 0x50, 0x20, 0x08, 0xff,
    0x48, 0x24, 0x08, 0xff, 0x48, 0x24, 0x00, 0xff, 0x50, 0x24, 0x00, 0xff,
    0x50, 0x20, 0x00, 0xff, 0x48, 0x24, 0x00, 0xff, 0x48, 0x24, 0x00, 0xff,
    0x48, 0x24, 0x00, 0xff, 0x48, 0x24, 0x08, 0xff, 0x50, 0x24, 0x08, 0xff,
    0x48, 0x24, 0x00, 0xff, 0x48, 0x24, 0x08, 0xff, 0x50, 0x20, 0x08, 0xff,
    0x48, 0x24, 0x00, 0xff, 0x50, 0x24, 0x00, 0xff, 0x48, 0x20, 0x00, 0xff,
    0x48, 0x24, 0x00, 0xff, 0x50, 0x24, 0x08, 0xff, 0x48, 0x20, 0x00, 0xff,
    0x48, 0x24, 0x08, 0xff, 0x48, 0x24, 0x00, 0xff, 0x48, 0x24, 0x00, 0xff,
    0x50, 0x24, 0x08, 0xff, 0x48, 0x24, 0x08, 0xff, 0x50, 0x24, 0x08, 0xff,
    0x50, 0x20, 0x00, 0xff, 0x50, 0x24, 0x08, 0xff, 0x48, 0x24, 0x00, 0xff,
    0x48, 0x24, 0x00, 0xff, 0x50, 0x24, 0x00, 0xff, 0x48, 0x24, 0x08, 0xff,
    0x50, 0x20, 0x08, 0xff, 0x50, 0x24, 0x00, 0xff, 0x50, 0x20, 0x00, 0xff,
    0x48, 0x24, 0x00, 0xff, 0x50, 0x24, 0x00, 0xff, 0x48, 0x20, 0x08, 0xff,
    0x48, 0x24, 0x08, 0xff, 0x50, 0x24, 0x00, 0xff, 0x48, 0x24, 0x00, 0xff,
    0x48, 0x24, 0x00, 0xff, 0x50, 0x20, 0x00, 0xff, 0x50, 0x24, 0x00, 0xff,
    0x48, 0x24, 0x00, 0xff, 0x50, 0x24, 0x08, 0xff, 0x50, 0x24, 0x00, 0xff,
    0x48, 0x24, 0x00, 0xff, 0x48, 0x24, 0x00, 0xff, 0x50, 0x24, 0x00, 0xff,
    0x48, 0x20, 0x08, 0xff, 0x48, 0x24, 0x00, 0xff, 0x48, 0x24, 0x00, 0xff,
    0x50, 0x20, 0x08, 0xff, 0x50, 0x24, 0x08, 0xff, 0x50, 0x24, 0x00, 0xff,
    0x48, 0x20, 0x00, 0xff, 0x48, 0x24, 0x08, 0xff, 0x48, 0x24, 0x00, 0xff,
    0x48, 0x24, 0x08, 0xff, 0x50, 0x24, 0x00, 0xff, 0x50, 0x24, 0x00, 0xff,
    0x50, 0x20, 0x08, 0xff, 0x48, 0x24, 0x08, 0xff, 0x48, 0x24, 0x08, 0xff,
    0x48, 0x20, 0x00, 0xff, 0x48, 0x20, 0x00, 0xff, 0x50, 0x24, 0x00, 0xff,
    0x48, 0x24, 0x08, 0xff, 0x48, 0x20, 0x08, 0xff, 0x48, 0x24, 0x00, 0xff,
    0x48, 0x24, 0x00, 0xff, 0x48, 0x20, 0x00, 0xff, 0x50, 0x24, 0x00, 0xff,
    0x50, 0x24, 0x08, 0xff, 0x48, 0x24, 0x00, 0xff, 0x50, 0x24, 0x08, 0xff,
    0x50, 0x24, 0x08, 0xff, 0x48, 0x20, 0x00, 0xff, 0x48, 0x24, 0x08, 0xff,
    0x48, 0x24, 0x08, 0xff, 0x48, 0x24, 0x00, 0xff, 0x50, 0x20, 0x00, 0xff,
    0x48, 0x24, 0x08, 0xff, 0x48, 0x24, 0x00, 0xff, 0x50, 0x24, 0x08, 0xff,
    0x48, 0x24, 0x00, 0xff, 0x48, 0x20, 0x00, 0xff, 0x48, 0x24, 0x08, 0xff,
    0x48, 0x24, 0x08, 0xff, 0x50, 0x20, 0x00, 0xff, 0x48, 0x24, 0x00, 0xff,
    0x48, 0x24, 0x08, 0xff, 0x48, 0x24, 0x08, 0xff, 0x48, 0x24, 0x00, 0xff,
    0x50, 0x24, 0x00, 0xff, 0x50, 0x24, 0x08, 0xff, 0x48, 0x24, 0x08, 0xff,
    0x48, 0x24, 0x00, 0xff, 0x48, 0x24, 0x08, 0xff, 0x50, 0x24, 0x08, 0xff,
    0x48, 0x24, 0x00, 0xff, 0x48, 0x20, 0x00, 0xff, 0x48, 0x24, 0x08, 0xff,
    0x48, 0x24, 0x08, 0xff, 0x50, 0x20, 0x00, 0xff, 0x48, 0x20, 0x08, 0xff,
    0x48, 0x24, 0x00, 0xff, 0x48, 0x24, 0x00, 0xff, 0x50, 0x24, 0x08, 0xff,
    0x48, 0x20, 0x00, 0xff, 0x48, 0x24, 0x00, 0xff, 0x50, 0x24, 0x00, 0xff,
    0x48, 0x20, 0x00, 0xff, 0x48, 0x24, 0x00, 0xff, 0x50, 0x24, 0x08, 0xff,
    0x48, 0x24, 0x08, 0xff, 0x50, 0x20, 0x00, 0xff, 0x50, 0x24, 0x00, 0xff,
    0x48, 0x24, 0x00, 0xff, 0x48, 0x24, 0x08, 0xff, 0x50, 0x20, 0x00, 0xff,
    0x48, 0x24, 0x08, 0xff, 0x48, 0x24, 0x00, 0xff, 0x48, 0x24, 0x00, 0xff,
    0x50, 0x20, 0x00, 0xff, 0x50, 0x24, 0x00, 0xff, 0x48, 0x20, 0x08, 0xff,
    0x48, 0x24, 0x08, 0xff, 0x50, 0x24, 0x00, 0xff, 0x48, 0x24, 0x00, 0xff,
    0x50, 0x24, 0x00, 0xff, 0x48, 0x24, 0x00, 0xff, 0x48, 0x24, 0x00, 0xff,
    0x48, 0x20, 0x08, 0xff, 0x48, 0x24, 0x00, 0xff, 0x50, 0x24, 0x00, 0xff,
    0x50, 0x20, 0x00, 0xff, 0x48, 0x24, 0x00, 0xff, 0x48, 0x24, 0x00, 0xff,
    0x48, 0x24, 0x08, 0xff, 0x48, 0x24, 0x00, 0xff, 0x48, 0x20, 0x00, 0xff,
    0x48, 0x24, 0x00, 0xff, 0x48, 0x24, 0x00, 0xff, 0x50, 0x20, 0x00, 0xff,
    0x48, 0x24, 0x08, 0xff, 0x50, 0x24, 0x08, 0xff, 0x50, 0x24, 0x00, 0xff,
    0x48, 0x24, 0x00, 0xff, 0x48, 0x24, 0x08, 0xff, 0x50, 0x20, 0x00, 0xff,
    0x50, 0x20, 0x08, 0xff, 0x48, 0x24, 0x00, 0xff, 0x50, 0x24, 0x00, 0xff,
    0x48, 0x24, 0x00, 0xff, 0x48, 0x24, 0x00, 0xff, 0x50, 0x20, 0x00, 0xff,
    0x48, 0x24, 0x08, 0xff, 0x48, 0x20, 0x08, 0xff, 0x48, 0x24, 0x00, 0xff,
    0x50, 0x24, 0x00, 0xff, 0x50, 0x20, 0x00, 0xff, 0x48, 0x24, 0x08, 0xff,
    0x50, 0x24, 0x00, 0xff, 0x50, 0x24, 0x00, 0xff, 0x48, 0x24, 0x08, 0xff,
    0x48, 0x24, 0x00, 0xff, 0x50, 0x20, 0x08, 0xff, 0x50, 0x24, 0x00, 0xff,
    0x48, 0x24, 0x00, 0xff, 0x48, 0x24, 0x00, 0xff, 0x50, 0x24, 0x08, 0xff,
    0x50, 0x20, 0x00, 0xff, 0x48, 0x24, 0x00, 0xff, 0x48, 0x20, 0x00, 0xff,
    0x48, 0x20, 0x00, 0xff, 0x50, 0x24, 0x08, 0xff, 0x48, 0x24, 0x00, 0xff,
    0x48, 0x24, 0x00, 0xff, 0x48, 0x24, 0x00, 0xff, 0x48, 0x24, 0x08, 0xff,
    0x50, 0x20, 0x08, 0xff, 0x50, 0x24, 0x08, 0xff, 0x50, 0x24, 0x00, 0xff,
    0x48, 0x24, 0x00, 0xff, 0x48, 0x24, 0x00, 0xff, 0x48, 0x24, 0x00, 0xff,
    0x48, 0x24, 0x00, 0xff, 0x48, 0x20, 0x00, 0xff, 0x50, 0x24, 0x00, 0xff,
    0x48, 0x24, 0x00, 0xff, 0x48, 0x24, 0x08, 0xff, 0x50, 0x24, 0x00, 0xff,
    0x50, 0x20, 0x08, 0xff, 0x48, 0x24, 0x00, 0xff, 0x48, 0x24, 0x00, 0xff,
    0x50, 0x20, 0x08, 0xff, 0x48, 0x24, 0x00, 0xff, 0x48, 0x24, 0x00, 0xff,
    0x50, 0x20, 0x00, 0xff, 0x48, 0x20, 0x08, 0xff, 0x48, 0x24, 0x00, 0xff,
    0x50, 0x24, 0x00, 0xff, 0x50, 0x20, 0x08, 0xff, 0x48, 0x24, 0x00, 0xff,
    0x48, 0x24, 0x00, 0xff, 0x48, 0x20, 0x00, 0xff, 0x48, 0x24, 0x08, 0xff,
    0x48, 0x24, 0x08, 0xff, 0x50, 0x24, 0x00, 0xff, 0x50, 0x20, 0x00, 0xff,
    0x50, 0x20, 0x00, 0xff, 0x48, 0x24, 0x08, 0xff, 0x48, 0x24, 0x00, 0xff,
    0x48, 0x24, 0x00, 0xff, 0x48, 0x24, 0x00, 0xff, 0x48, 0x20, 0x00, 0xff,
    0x50, 0x24, 0x08, 0xff, 0x50, 0x24, 0x08, 0xff, 0x48, 0x20, 0x00, 0xff,
    0x50, 0x24, 0x00, 0xff, 0x50, 0x24, 0x08, 0xff, 0x48, 0x20, 0x00, 0xff,
    0x50, 0x24, 0x00, 0xff, 0x48, 0x24, 0x08, 0xff, 0x48, 0x20, 0x00, 0xff,
    0x48, 0x24, 0x00, 0xff, 0x48, 0x20, 0x08, 0xff, 0x48, 0x20, 0x00, 0xff,
    0x50, 0x24, 0x00, 0xff, 0x48, 0x24, 0x00, 0xff, 0x48, 0x24, 0x00, 0xff,
    0x50, 0x24, 0x08, 0xff, 0x50, 0x20, 0x08, 0xff, 0x48, 0x24, 0x00, 0xff,
    0x50, 0x24, 0x00, 0xff, 0x48, 0x20, 0x08, 0xff, 0x48, 0x24, 0x00, 0xff,
    0x48, 0x20, 0x00, 0xff, 0x48, 0x24, 0x00, 0xff, 0x48, 0x24, 0x00, 0xff,
    0x48, 0x20, 0x00, 0xff, 0x48, 0x24, 0x08, 0xff, 0x50, 0x24, 0x00, 0xff,
    0x50, 0x24, 0x00, 0xff, 0x50, 0x24, 0x00, 0xff, 0x50, 0x24, 0x08, 0xff,
    0x48, 0x20, 0x00, 0xff, 0x48, 0x20, 0x00, 0xff, 0x50, 0x24, 0x00, 0xff,
    0x48, 0x20, 0x08, 0xff, 0x48, 0x20, 0x00, 0xff, 0x48, 0x24, 0x00, 0xff,
    0x50, 0x24, 0x00, 0xff, 0x50, 0x24, 0x08, 0xff, 0x50, 0x24, 0x00, 0xff,
    0x48, 0x24, 0x00, 0xff, 0x48, 0x24, 0x08, 0xff, 0x48, 0x24, 0x00, 0xff,
    0x50, 0x24, 0x00, 0xff, 0x50, 0x24, 0x00, 0xff, 0x48, 0x24, 0x00, 0xff,
    0x50, 0x24, 0x08, 0xff, 0x50, 0x24, 0x00, 0xff, 0x50, 0x24, 0x08, 0xff,
    0x50, 0x24, 0x00, 0xff, 0x50, 0x24, 0x00, 0xff, 0x48, 0x24, 0x00, 0xff,
    0x48, 0x20, 0x00, 0xff, 0x48, 0x24, 0x08, 0xff, 0x48, 0x20, 0x08, 0xff,
    0x48, 0x24, 0x08, 0xff, 0x50, 0x20, 0x00, 0xff, 0x48, 0x24, 0x08, 0xff,
    0x48, 0x24, 0x00, 0xff, 0x50, 0x24, 0x00, 0xff, 0x50, 0x20, 0x08, 0xff,
    0x48, 0x24, 0x08, 0xff, 0x48, 0x24, 0x08, 0xff, 0x48, 0x24, 0x00, 0xff,
    0x48, 0x24, 0x00, 0xff, 0x48, 0x24, 0x08, 0xff, 0x48, 0x24, 0x08, 0xff,
    0x48, 0x24, 0x08, 0xff, 0x50, 0x20, 0x00, 0xff, 0x50, 0x24, 0x00, 0xff,
    0x50, 0x24, 0x00, 0xff, 0x50, 0x20, 0x08, 0xff, 0x48, 0x24, 0x00, 0xff,
    0x50, 0x20, 0x00, 0xff, 0x48, 0x24, 0x08, 0xff, 0x48, 0x24, 0x08, 0xff,
    0x50, 0x24, 0x00, 0xff, 0x50, 0x20, 0x08, 0xff, 0x50, 0x24, 0x00, 0xff,
    0x48, 0x24, 0x00, 0xff, 0x48, 0x20, 0x08, 0xff, 0x48, 0x24, 0x00, 0xff,
    0x50, 0x24, 0x00, 0xff, 0x48, 0x24, 0x00, 0xff, 0x48, 0x20, 0x08, 0xff,
    0x50, 0x24, 0x00, 0xff, 0x50, 0x24, 0x00, 0xff, 0x48, 0x24, 0x00, 0xff,
    0x48, 0x24, 0x00, 0xff, 0x48, 0x24, 0x08, 0xff, 0x48, 0x24, 0x08, 0xff,
    0x48, 0x20, 0x00, 0xff, 0x50, 0x24, 0x08, 0xff, 0x48, 0x24, 0x08, 0xff,
    0x48, 0x24, 0x00, 0xff, 0x50, 0x24, 0x08, 0xff, 0x50, 0x20, 0x08, 0xff,
    0x48, 0x24, 0x08, 0xff, 0x48, 0x24, 0x00, 0xff, 0x50, 0x20, 0x00, 0xff,
    0x48, 0x24, 0x08, 0xff, 0x48, 0x20, 0x00, 0xff, 0x50, 0x24, 0x00, 0xff,
    0x48, 0x24, 0x00, 0xff, 0x48, 0x24, 0x08, 0xff, 0x48, 0x24, 0x08, 0xff,
    0x50, 0x24, 0x08, 0xff, 0x48, 0x20, 0x00, 0xff, 0x48, 0x24, 0x00, 0xff,
    0x50, 0x24, 0x08, 0xff, 0x48, 0x24, 0x08, 0xff, 0x50, 0x24, 0x08, 0xff,
    0x50, 0x24, 0x00, 0xff, 0x48, 0x24, 0x00, 0xff, 0x48, 0x20, 0x00, 0xff,
    0x50, 0x24, 0x00, 0xff, 0x48, 0x24, 0x08, 0xff, 0x48, 0x24, 0x00, 0xff,
    0x48, 0x20, 0x00, 0xff, 0x48, 0x24, 0x00, 0xff, 0x48, 0x20, 0x00, 0xff,
    0x48, 0x24, 0x00, 0xff, 0x48, 0x24, 0x08, 0xff, 0x48, 0x24, 0x08, 0xff,
    0x50, 0x20, 0x08, 0xff, 0x48, 0x24, 0x08, 0xff, 0x48, 0x24, 0x08, 0xff,
    0x50, 0x24, 0x00, 0xff, 0x50, 0x24, 0x00, 0xff, 0x48, 0x20, 0x08, 0xff,
    0x48, 0x24, 0x00, 0xff, 0x48, 0x24, 0x08, 0xff, 0x48, 0x24, 0x08, 0xff,
    0x48, 0x24, 0x00, 0xff, 0x48, 0x20, 0x00, 0xff, 0x48, 0x24, 0x08, 0xff,
    0x48, 0x24, 0x08, 0xff, 0x50, 0x24, 0x00, 0xff, 0x48, 0x24, 0x08, 0xff,
    0x48, 0x20, 0x08, 0xff, 0x48, 0x24, 0x00, 0xff, 0x50, 0x24, 0x08, 0xff,
    0x50, 0x20, 0x00, 0xff, 0x48, 0x24, 0x08, 0xff, 0x48, 0x24, 0x00, 0xff,
    0x50, 0x24, 0x00, 0xff, 0x48, 0x24, 0x00, 0xff, 0x48, 0x24, 0x08, 0xff,
    0x48, 0x24, 0x08, 0xff, 0x48, 0x20, 0x00, 0xff, 0x48, 0x24, 0x08, 0xff,
    0x50, 0x20, 0x00, 0xff, 0x50, 0x24, 0x08, 0xff, 0x50, 0x24, 0x00, 0xff,
    0x48, 0x24, 0x00, 0xff, 0x48, 0x24, 0x08, 0xff, 0x50, 0x24, 0x00, 0xff,
    0x48, 0x24, 0x00, 0xff, 0x48, 0x24, 0x00, 0xff, 0x50, 0x24, 0x08, 0xff,
    0x48, 0x24, 0x08, 0xff, 0x50, 0x24, 0x00, 0xff, 0x48, 0x24, 0x08, 0xff,
    0x50, 0x24, 0x00, 0xff, 0x50, 0x24, 0x00, 0xff, 0x48, 0x24, 0x00, 0xff,
    0x48, 0x24, 0x08, 0xff, 0x50, 0x24, 0x08, 0xff, 0x48, 0x24, 0x00, 0xff,
    0x50, 0x20, 0x00, 0xff, 0x48, 0x24, 0x00, 0xff, 0x48, 0x24, 0x00, 0xff,
    0x48, 0x24, 0x08, 0xff, 0x50, 0x24, 0x00, 0xff, 0x48, 0x24, 0x00, 0xff,
    0x50, 0x24, 0x08, 0xff, 0x50, 0x24, 0x08, 0xff, 0x50, 0x24, 0x08, 0xff,
    0x50, 0x24, 0x00, 0xff, 0x48, 0x24, 0x00, 0xff, 0x48, 0x24, 0x08, 0xff,
    0x48, 0x20, 0x08, 0xff, 0x48, 0x20, 0x00, 0xff, 0x48, 0x24, 0x00, 0xff,
    0x48, 0x24, 0x08, 0xff, 0x48, 0x24, 0x08, 0xff, 0x50, 0x24, 0x00, 0xff,
    0x50, 0x24, 0x00, 0xff, 0x50, 0x24, 0x00, 0xff, 0x48, 0x20, 0x00, 0xff,
    0x48, 0x24, 0x08, 0xff, 0x48, 0x20, 0x00, 0xff, 0x48, 0x24, 0x00, 0xff,
    0x50, 0x24, 0x00, 0xff, 0x48, 0x20, 0x00, 0xff, 0x50, 0x24, 0x00, 0xff,
    0x50, 0x24, 0x08, 0xff, 0x48, 0x20, 0x08, 0xff, 0x48, 0x20, 0x08, 0xff,
    0x48, 0x24, 0x00, 0xff, 0x48, 0x24, 0x08, 0xff, 0x48, 0x20, 0x00, 0xff,
    0x48, 0x24, 0x08, 0xff, 0x48, 0x24, 0x08, 0xff, 0x48, 0x20, 0x08, 0xff,
    0x50, 0x24, 0x00, 0xff, 0x48, 0x24, 0x00, 0xff, 0x50, 0x24, 0x00, 0xff,
    0x50, 0x24, 0x00, 0xff, 0x48, 0x24, 0x00, 0xff, 0x48, 0x24, 0x00, 0xff,
    0x50, 0x24, 0x08, 0xff, 0x48, 0x20, 0x00, 0xff, 0x48, 0x24, 0x00, 0xff,
    0x50, 0x24, 0x00, 0xff, 0x48, 0x24, 0x00, 0xff, 0x50, 0x24, 0x00, 0xff,
    0x50, 0x20, 0x00, 0xff, 0x50, 0x24, 0x00, 0xff, 0x50, 0x20, 0x00, 0xff,
    0x48, 0x20, 0x00, 0xff, 0x48, 0x24, 0x08, 0xff, 0x50, 0x20, 0x08, 0xff,
    0x48, 0x24, 0x00, 0xff, 0x48, 0x24, 0x00, 0xff, 0x48, 0x24, 0x08, 0xff,
    0x48, 0x24, 0x08, 0xff, 0x50, 0x24, 0x00, 0xff, 0x48, 0x24, 0x08, 0xff,
    0x50, 0x20, 0x00, 0xff, 0x48, 0x24, 0x00, 0xff, 0x48, 0x24, 0x08, 0xff,
    0x50, 0x24, 0x08, 0xff, 0x50, 0x24, 0x00, 0xff, 0x50, 0x24, 0x08, 0xff,
    0x48, 0x24, 0x08, 0xff, 0x48, 0x20, 0x00, 0xff, 0x50, 0x24, 0x00, 0xff,
    0x48, 0x24, 0x08, 0xff, 0x48, 0x24, 0x08, 0xff, 0x48, 0x20, 0x08, 0xff,
    0x48, 0x24, 0x00, 0xff, 0x50, 0x24, 0x00, 0xff, 0x50, 0x20, 0x08, 0xff,
    0x48, 0x24, 0x00, 0xff, 0x48, 0x24, 0x00, 0xff, 0x50, 0x20, 0x00, 0xff,
    0x48, 0x24, 0x00, 0xff, 0x48, 0x24, 0x00, 0xff, 0x50, 0x24, 0x00, 0xff,
    0x48, 0x24, 0x00, 0xff, 0x48, 0x24, 0x08, 0xff, 0x48, 0x24, 0x00, 0xff,
    0x48, 0x24, 0x00, 0xff, 0x48, 0x24, 0x08, 0xff, 0x48, 0x20, 0x08, 0xff,
    0x48, 0x24, 0x00, 0xff, 0x50, 0x20, 0x00, 0xff, 0x48, 0x24, 0x00, 0xff,
    0x48, 0x24, 0x00, 0xff, 0x50, 0x20, 0x08, 0xff, 0x48, 0x24, 0x00, 0xff,
    0x48, 0x24, 0x00, 0xff, 0x48, 0x24, 0x00, 0xff, 0x50, 0x20, 0x00, 0xff,
    0x48, 0x24, 0x08, 0xff, 0x48, 0x24, 0x00, 0xff, 0x50, 0x24, 0x08, 0xff,
    0x48, 0x20, 0x08, 0xff, 0x50, 0x20, 0x08, 0xff, 0x50, 0x24, 0x00, 0xff,
    0x48, 0x24, 0x00, 0xff, 0x48, 0x24, 0x08, 0xff, 0x48, 0x24, 0x00, 0xff,
    0x50, 0x20, 0x08, 0xff, 0x50, 0x24, 0x08, 0xff, 0x50, 0x20, 0x00, 0xff,
    0x48, 0x24, 0x00, 0xff, 0x50, 0x24, 0x00, 0xff, 0x50, 0x24, 0x00, 0xff,
    0x48, 0x20, 0x08, 0xff, 0x48, 0x20, 0x00, 0xff, 0x48, 0x24, 0x00, 0xff,
    0x48, 0x24, 0x00, 0xff, 0x50, 0x24, 0x00, 0xff, 0x50, 0x24, 0x00, 0xff,
    0x50, 0x20, 0x08, 0xff, 0x50, 0x24, 0x08, 0xff, 0x50, 0x24, 0x00, 0xff,
    0x50, 0x20, 0x00, 0xff, 0x48, 0x24, 0x08, 0xff, 0x50, 0x24, 0x00, 0xff,
    0x48, 0x24, 0x00, 0xff, 0x50, 0x24, 0x00, 0xff, 0x48, 0x24, 0x00, 0xff,
    0x48, 0x24, 0x08, 0xff, 0x50, 0x24, 0x00, 0xff, 0x50, 0x24, 0x00, 0xff,
    0x48, 0x20, 0x00, 0xff, 0x50, 0x20, 0x08, 0xff, 0x48, 0x24, 0x00, 0xff,
    0x48, 0x24, 0x00, 0xff, 0x50, 0x24, 0x00, 0xff, 0x50, 0x24, 0x00, 0xff,
    0x48, 0x24, 0x08, 0xff, 0x48, 0x24, 0x00, 0xff, 0x48, 0x24, 0x08, 0xff,
    0x48, 0x20, 0x00, 0xff, 0x50, 0x24, 0x00, 0xff, 0x48, 0x24, 0x00, 0xff,
    0x48, 0x20, 0x08, 0xff, 0x48, 0x24, 0x00, 0xff, 0x48, 0x24, 0x00, 0xff,
    0x48, 0x20, 0x00, 0xff, 0x48, 0x24, 0x00, 0xff, 0x50, 0x24, 0x00, 0xff,
    0x48, 0x24, 0x08, 0xff, 0x48, 0x20, 0x08, 0xff, 0x50, 0x24, 0x08, 0xff,
    0x48, 0x24, 0x00, 0xff, 0x48, 0x20, 0x00, 0xff, 0x50, 0x20, 0x08, 0xff,
    0x48, 0x24, 0x00, 0xff, 0x48, 0x24, 0x00, 0xff, 0x48, 0x20, 0x08, 0xff,
    0x50, 0x20, 0x00, 0xff, 0x48, 0x24, 0x08, 0xff, 0x50, 0x20, 0x08, 0xff,
    0x48, 0x24, 0x00, 0xff, 0x50, 0x24, 0x00, 0xff, 0x48, 0x20, 0x00, 0xff,
    0x48, 0x24, 0x08, 0xff, 0x50, 0x24, 0x00, 0xff, 0x48, 0x20, 0x00, 0xff,
    0x50, 0x24, 0x00, 0xff, 0x48, 0x24, 0x08, 0xff, 0x48, 0x24, 0x00, 0xff,
    0x50, 0x20, 0x00, 0xff, 0x50, 0x24, 0x00, 0xff, 0x48, 0x24, 0x08, 0xff,
    0x48, 0x24, 0x00, 0xff, 0x48, 0x24, 0x08, 0xff, 0x50, 0x24, 0x08, 0xff,
    0x50, 0x24, 0x00, 0xff, 0x48, 0x24, 0x00, 0xff, 0x48, 0x20, 0x08, 0xff,
    0x48, 0x24, 0x08, 0xff, 0x50, 0x20, 0x08, 0xff, 0x48, 0x24, 0x08, 0xff,
    0x48, 0x24, 0x00, 0xff, 0x48, 0x24, 0x00, 0xff, 0x48, 0x24, 0x00, 0xff,
    0x50, 0x20, 0x00, 0xff, 0x48, 0x24, 0x00, 0xff, 0x48, 0x24, 0x08, 0xff,
    0x48, 0x20, 0x00, 0xff, 0x48, 0x24, 0x00, 0xff, 0x50, 0x24, 0x00, 0xff,
    0x50, 0x24, 0x08, 0xff, 0x50, 0x24, 0x00, 0xff, 0x48, 0x24, 0x00, 0xff,
    0x48, 0x20, 0x08, 0xff, 0x48, 0x24, 0x00, 0xff, 0x50, 0x20, 0x08, 0xff,
    0x48, 0x24, 0x00, 0xff, 0x50, 0x24, 0x08, 0xff, 0x48, 0x24, 0x08, 0xff,
    0x48, 0x24, 0x00, 0xff, 0x50, 0x20, 0x00, 0xff, 0x48, 0x20, 0x08, 0xff,
    0x48, 0x24, 0x08, 0xff, 0x48, 0x24, 0x08, 0xff, 0x48, 0x24, 0x00, 0xff,
    0x50, 0x24, 0x00, 0xff, 0x48, 0x24, 0x00, 0xff, 0x48, 0x24, 0x08, 0xff,
    0x48, 0x24, 0x08, 0xff, 0x48, 0x24, 0x00, 0xff, 0x50, 0x24, 0x00, 0xff,
    0x50, 0x24, 0x00, 0xff, 0x48, 0x24, 0x00, 0xff, 0x48, 0x20, 0x00, 0xff,
    0x48, 0x24, 0x08, 0xff, 0x48, 0x24, 0x00, 0xff, 0x48, 0x24, 0x00, 0xff,
    0x48, 0x24, 0x00, 0xff, 0x48, 0x20, 0x08, 0xff, 0x48, 0x24, 0x00, 0xff,
    0x48, 0x24, 0x00, 0xff, 0x50, 0x20, 0x08, 0xff, 0x48, 0x24, 0x00, 0xff,
    0x48, 0x24, 0x00, 0xff, 0x48, 0x20, 0x00, 0xff, 0x50, 0x24, 0x00, 0xff,
    0x50, 0x24, 0x08, 0xff, 0x48, 0x20, 0x00, 0xff, 0x48, 0x24, 0x00, 0xff,
    0x50, 0x24, 0x08, 0xff, 0x50, 0x24, 0x00, 0xff, 0x48, 0x24, 0x08, 0xff,
    0x48, 0x20, 0x08, 0xff, 0x50, 0x24, 0x00, 0xff, 0x48, 0x24, 0x00, 0xff,
    0x48, 0x20, 0x00, 0xff, 0x50, 0x20, 0x00, 0xff, 0x50, 0x24, 0x08, 0xff,
    0x50, 0x24, 0x00, 0xff, 0x50, 0x20, 0x00, 0xff, 0x48, 0x24, 0x00, 0xff,
    0x48, 0x24, 0x00, 0xff, 0x50, 0x24, 0x08, 0xff, 0x50, 0x20, 0x00, 0xff,
    0x48, 0x24, 0x00, 0xff, 0x48, 0x24, 0x00, 0xff, 0x50, 0x24, 0x08, 0xff,
    0x50, 0x24, 0x08, 0xff, 0x48, 0x20, 0x00, 0xff, 0x48, 0x24, 0x00, 0xff,
    0x48, 0x24, 0x00, 0xff, 0x48, 0x20, 0x08, 0xff, 0x50, 0x24, 0x00, 0xff,
    0x48, 0x24, 0x00, 0xff, 0x48, 0x24, 0x00, 0xff, 0x50, 0x24, 0x00, 0xff,
    0x50, 0x20, 0x08, 0xff, 0x50, 0x24, 0x08, 0xff, 0x50, 0x24, 0x08, 0xff,
    0x48, 0x24, 0x00, 0xff, 0x48, 0x24, 0x00, 0xff, 0x48, 0x24, 0x00, 0xff,
    0x50, 0x24, 0x00, 0xff, 0x48, 0x24, 0x00, 0xff, 0x48, 0x20, 0x00, 0xff,
    0x48, 0x24, 0x00, 0xff, 0x48, 0x24, 0x08, 0xff, 0x50, 0x24, 0x08, 0xff,
    0x50, 0x20, 0x08, 0xff, 0x48, 0x20, 0x00, 0xff, 0x48, 0x24, 0x08, 0xff,
    0x48, 0x24, 0x00, 0xff, 0x48, 0x24, 0x00, 0xff, 0x48, 0x24, 0x00, 0xff,
    0x48, 0x24, 0x00, 0xff, 0x48, 0x24, 0x00, 0xff, 0x48, 0x20, 0x00, 0xff,
    0x50, 0x24, 0x00, 0xff, 0x48, 0x24, 0x08, 0xff, 0x48, 0x20, 0x08, 0xff,
    0x48, 0x24, 0x00, 0xff, 0x48, 0x24, 0x00, 0xff, 0x48, 0x20, 0x08, 0xff,
    0x48, 0x24, 0x08, 0xff, 0x48, 0x24, 0x00, 0xff, 0x50, 0x20, 0x00, 0xff,
    0x50, 0x24, 0x08, 0xff, 0x48, 0x24, 0x08, 0xff, 0x48, 0x20, 0x00, 0xff,
    0x48, 0x24, 0x00, 0xff, 0x48, 0x24, 0x00, 0xff, 0x50, 0x20, 0x00, 0xff,
    0x50, 0x24, 0x08, 0xff, 0x48, 0x20, 0x00, 0xff, 0x48, 0x24, 0x08, 0xff,
    0x50, 0x24, 0x08, 0xff, 0x50, 0x20, 0x08, 0xff, 0x50, 0x24, 0x00, 0xff,
    0x50, 0x24, 0x00, 0xff, 0x48, 0x20, 0x08, 0xff, 0x48, 0x24, 0x08, 0xff,
    0x48, 0x20, 0x00, 0xff, 0x48, 0x24, 0x00, 0xff, 0x48, 0x24, 0x00, 0xff,
    0x50, 0x24, 0x00, 0xff, 0x48, 0x24, 0x00, 0xff, 0x48, 0x24, 0x00, 0xff,
    0x50, 0x24, 0x08, 0xff, 0x50, 0x24, 0x08, 0xff, 0x50, 0x24, 0x00, 0xff,
    0x48, 0x24, 0x00, 0xff, 0x48, 0x24, 0x00, 0xff, 0x48, 0x24, 0x00, 0xff,
    0x48, 0x20, 0x00, 0xff, 0x48, 0x24, 0x00, 0xff, 0x48, 0x24, 0x08, 0xff,
    0x48, 0x20, 0x00, 0xff, 0x48, 0x24, 0x08, 0xff, 0x50, 0x24, 0x08, 0xff,
    0x48, 0x24, 0x00, 0xff, 0x50, 0x24, 0x00, 0xff, 0x50, 0x20, 0x08, 0xff,
    0x48, 0x24, 0x08, 0xff, 0x48, 0x24, 0x00, 0xff, 0x48, 0x20, 0x00, 0xff,
    0x48, 0x20, 0x08, 0xff, 0x48, 0x24, 0x00, 0xff, 0x48, 0x24, 0x00, 0xff,
    0x48, 0x24, 0x08, 0xff, 0x50, 0x24, 0x08, 0xff, 0x50, 0x24, 0x00, 0xff,
    0x50, 0x24, 0x00, 0xff, 0x48, 0x24, 0x00, 0xff, 0x48, 0x24, 0x00, 0xff,
    0x48, 0x20, 0x00, 0xff, 0x50, 0x24, 0x00, 0xff, 0x50, 0x24, 0x08, 0xff,
    0x48, 0x24, 0x08, 0xff, 0x50, 0x20, 0x00, 0xff, 0x50, 0x24, 0x00, 0xff,
    0x50, 0x24, 0x00, 0xff, 0x50, 0x24, 0x00, 0xff, 0x48, 0x20, 0x08, 0xff,
    0x48, 0x24, 0x00, 0xff, 0x48, 0x24, 0x08, 0xff, 0x48, 0x20, 0x08, 0xff,
    0x48, 0x24, 0x00, 0xff, 0x50, 0x24, 0x08, 0xff, 0x48, 0x24, 0x00, 0xff,
    0x48, 0x20, 0x00, 0xff, 0x48, 0x24, 0x00, 0xff, 0x50, 0x20, 0x00, 0xff,
    0x48, 0x24, 0x08, 0xff, 0x48, 0x24, 0x08, 0xff, 0x48, 0x24, 0x08, 0xff,
    0x50, 0x24, 0x00, 0xff, 0x48, 0x24, 0x00, 0xff, 0x48, 0x20, 0x08, 0xff,
    0x48, 0x24, 0x08, 0xff, 0x50, 0x24, 0x00, 0xff, 0x48, 0x24, 0x00, 0xff,
    0x50, 0x20, 0x00, 0xff, 0x50, 0x24, 0x08, 0xff, 0x48, 0x20, 0x00, 0xff,
    0x48, 0x20, 0x08, 0xff, 0x48, 0x24, 0x08, 0xff, 0x50, 0x20, 0x00, 0xff,
    0x48, 0x24, 0x00, 0xff, 0x50, 0x24, 0x08, 0xff, 0x50, 0x20, 0x00, 0xff,
    0x50, 0x20, 0x08, 0xff, 0x48, 0x24, 0x00, 0xff, 0x48, 0x20, 0x00, 0xff,
    0x50, 0x24, 0x00, 0xff, 0x48, 0x24, 0x00, 0xff, 0x48, 0x24, 0x08, 0xff,
    0x50, 0x24, 0x08, 0xff, 0x50, 0x20, 0x00, 0xff, 0x48, 0x24, 0x00, 0xff,
    0x48, 0x24, 0x00, 0xff, 0x50, 0x24, 0x08, 0xff, 0x48, 0x24, 0x00, 0xff,
    0x48, 0x20, 0x00, 0xff, 0x48, 0x24, 0x08, 0xff, 0x48, 0x24, 0x00, 0xff,
    0x50, 0x24, 0x00, 0xff, 0x50, 0x24, 0x08, 0xff, 0x48, 0x20, 0x08, 0xff,
    0x50, 0x24, 0x08, 0xff, 0x48, 0x24, 0x08, 0xff, 0x48, 0x24, 0x00, 0xff,
    0x48, 0x20, 0x08, 0xff, 0x48, 0x24, 0x00, 0xff, 0x50, 0x24, 0x08, 0xff,
    0x48, 0x24, 0x00, 0xff, 0x48, 0x20, 0x08, 0xff, 0x48, 0x24, 0x08, 0xff,
    0x50, 0x24, 0x08, 0xff, 0x48, 0x24, 0x00, 0xff, 0x48, 0x20, 0x00, 0xff,
    0x48, 0x24, 0x08, 0xff, 0x50, 0x20, 0x00, 0xff, 0x50, 0x24, 0x08, 0xff,
    0x48, 0x24, 0x08, 0xff, 0x50, 0x20, 0x00, 0xff, 0x48, 0x24, 0x00, 0xff,
    0x50, 0x24, 0x08, 0xff, 0x48, 0x24, 0x00, 0xff, 0x48, 0x24, 0x00, 0xff,
    0x48, 0x24, 0x00, 0xff, 0x48, 0x24, 0x00, 0xff, 0x48, 0x20, 0x00, 0xff,
    0x48, 0x24, 0x00, 0xff, 0x48, 0x24, 0x00, 0xff, 0x50, 0x20, 0x08, 0xff,
    0x48, 0x20, 0x08, 0xff, 0x48, 0x24, 0x08, 0xff, 0x48, 0x24, 0x08, 0xff,
    0x50, 0x24, 0x08, 0xff, 0x50, 0x24, 0x00, 0xff, 0x48, 0x24, 0x00, 0xff,
    0x48, 0x24, 0x00, 0xff, 0x50, 0x24, 0x08, 0xff, 0x48, 0x20, 0x00, 0xff,
    0x48, 0x24, 0x00, 0xff, 0x48, 0x24, 0x00, 0xff, 0x48, 0x20, 0x08, 0xff,
    0x50, 0x24, 0x08, 0xff, 0x48, 0x24, 0x00, 0xff, 0x50, 0x24, 0x08, 0xff,
    0x48, 0x20, 0x08, 0xff, 0x48, 0x24, 0x00, 0xff, 0x50, 0x24, 0x00, 0xff,
    0x50, 0x20, 0x00, 0xff, 0x50, 0x24, 0x08, 0xff, 0x48, 0x24, 0x00, 0xff,
    0x50, 0x24, 0x00, 0xff, 0x50, 0x24, 0x08, 0xff, 0x48, 0x24, 0x08, 0xff,
    0x48, 0x24, 0x00, 0xff, 0x50, 0x20, 0x00, 0xff, 0x48, 0x24, 0x08, 0xff,
    0x50, 0x24, 0x08, 0xff, 0x50, 0x20, 0x08, 0xff, 0x48, 0x24, 0x00, 0xff,
    0x48, 0x24, 0x00, 0xff, 0x48, 0x24, 0x08, 0xff, 0x50, 0x20, 0x00, 0xff,
    0x48, 0x24, 0x00, 0xff, 0x48, 0x24, 0x00, 0xff, 0x48, 0x20, 0x08, 0xff,
    0x48, 0x24, 0x08, 0xff, 0x50, 0x24, 0x00, 0xff, 0x50, 0x20, 0x00, 0xff,
    0x50, 0x24, 0x00, 0xff, 0x50, 0x24, 0x00, 0xff, 0x50, 0x20, 0x00, 0xff,
    0x48, 0x20, 0x08, 0xff, 0x50, 0x24, 0x08, 0xff, 0x48, 0x24, 0x08, 0xff,
    0x48, 0x24, 0x00, 0xff, 0x48, 0x20, 0x00, 0xff, 0x48, 0x24, 0x08, 0xff,
    0x50, 0x24, 0x08, 0xff, 0x48, 0x24, 0x00, 0xff, 0x50, 0x24, 0x00, 0xff,
    0x50, 0x24, 0x08, 0xff, 0x48, 0x24, 0x08, 0xff, 0x50, 0x20, 0x00, 0xff,
    0x50, 0x24, 0x00, 0xff, 0x48, 0x24, 0x00, 0xff, 0x48, 0x20, 0x00, 0xff,
    0x50, 0x24, 0x08, 0xff, 0x48, 0x24, 0x00, 0xff, 0x48, 0x24, 0x00, 0xff,
    0x50, 0x24, 0x00, 0xff, 0x48, 0x24, 0x08, 0xff, 0x50, 0x24, 0x00, 0xff,
    0x50, 0x24, 0x00, 0xff, 0x50, 0x20, 0x00, 0xff, 0x50, 0x24, 0x08, 0xff,
    0x48, 0x20, 0x00, 0xff, 0x48, 0x20, 0x00, 0xff, 0x48, 0x24, 0x00, 0xff,
    0x48, 0x20, 0x08, 0xff, 0x48, 0x24, 0x00, 0xff, 0x50, 0x24, 0x00, 0xff,
    0x50, 0x24, 0x08, 0xff, 0x48, 0x20, 0x08, 0xff, 0x48, 0x24, 0x00, 0xff,
    0x50, 0x24, 0x00, 0xff, 0x48, 0x24, 0x08, 0xff, 0x48, 0x24, 0x00, 0xff,
    0x48, 0x24, 0x08, 0xff, 0x48, 0x20, 0x08, 0xff, 0x48, 0x24, 0x00, 0xff,
    0x48, 0x24, 0x00, 0xff, 0x48, 0x20, 0x00, 0xff, 0x50, 0x24, 0x00, 0xff,
    0x50, 0x24, 0x00, 0xff, 0x48, 0x24, 0x00, 0xff, 0x50, 0x24, 0x08, 0xff,
    0x50, 0x24, 0x08, 0xff, 0x48, 0x24, 0x00, 0xff, 0x48, 0x24, 0x00, 0xff,
    0x50, 0x20, 0x00, 0xff, 0x50, 0x24, 0x00, 0xff, 0x50, 0x24, 0x00, 0xff,
    0x48, 0x24, 0x00, 0xff, 0x50, 0x20, 0x00, 0xff, 0x50, 0x24, 0x00, 0xff,
    0x50, 0x24, 0x00, 0xff, 0x48, 0x24, 0x08, 0xff, 0x50, 0x20, 0x00, 0xff,
    0x48, 0x24, 0x00, 0xff, 0x48, 0x24, 0x00, 0xff, 0x48, 0x24, 0x08, 0xff,
    0x48, 0x24, 0x00, 0xff, 0x50, 0x24, 0x00, 0xff, 0x50, 0x24, 0x08, 0xff,
    0x50, 0x24, 0x00, 0xff, 0x48, 0x24, 0x00, 0xff, 0x48, 0x24, 0x08, 0xff,
    0x48, 0x24, 0x00, 0xff, 0x50, 0x24, 0x00, 0xff, 0x50, 0x24, 0x08, 0xff,
    0x48, 0x24, 0x08, 0xff, 0x50, 0x24, 0x00, 0xff, 0x50, 0x20, 0x00, 0xff,
    0x48, 0x24, 0x00, 0xff, 0x48, 0x24, 0x08, 0xff, 0x50, 0x24, 0x08, 0xff,
    0x48, 0x24, 0x08, 0xff, 0x48, 0x20, 0x00, 0xff, 0x50, 0x24, 0x08, 0xff,
    0x48, 0x24, 0x00, 0xff, 0x50, 0x24, 0x00, 0xff, 0x48, 0x20, 0x00, 0xff,
    0x48, 0x24, 0x00, 0xff, 0x48, 0x24, 0x00, 0xff, 0x48, 0x24, 0x00, 0xff,
    0x48, 0x24, 0x00, 0xff, 0x50, 0x24, 0x00, 0xff, 0x48, 0x24, 0x00, 0xff,
    0x48, 0x24, 0x00, 0xff, 0x48, 0x24, 0x08, 0xff, 0x48, 0x24, 0x00, 0xff,
    0x48, 0x24, 0x00, 0xff, 0x50, 0x24, 0x00, 0xff, 0x48, 0x24, 0x00, 0xff,
    0x48, 0x24, 0x00, 0xff, 0x50, 0x20, 0x08, 0xff, 0x48, 0x24, 0x00, 0xff,
    0x50, 0x24, 0x00, 0xff, 0x48, 0x24, 0x00, 0xff, 0x48, 0x24, 0x08, 0xff,
    0x50, 0x24, 0x00, 0xff, 0x48, 0x24, 0x00, 0xff, 0x48, 0x24, 0x08, 0xff,
    0x48, 0x24, 0x00, 0xff, 0x50, 0x20, 0x08, 0xff, 0x48, 0x20, 0x08, 0xff,
    0x48, 0x24, 0x00, 0xff, 0x48, 0x24, 0x00, 0xff, 0x50, 0x24, 0x00, 0xff,
    0x50, 0x20, 0x08, 0xff, 0x50, 0x24, 0x08, 0xff, 0x48, 0x24, 0x08, 0xff,
    0x48, 0x24, 0x00, 0xff, 0x48, 0x24, 0x00, 0xff, 0x50, 0x24, 0x00, 0xff,
    0x48, 0x20, 0x00, 0xff, 0x48, 0x24, 0x00, 0xff, 0x50, 0x20, 0x00, 0xff,
    0x48, 0x24, 0x00, 0xff, 0x48, 0x24, 0x00, 0xff, 0x50, 0x24, 0x00, 0xff,
    0x50, 0x24, 0x08, 0xff, 0x50, 0x20, 0x08, 0xff, 0x50, 0x24, 0x00, 0xff,
    0x48, 0x20, 0x08, 0xff, 0x50, 0x24, 0x08, 0xff, 0x48, 0x24, 0x00, 0xff,
    0x50, 0x24, 0x00, 0xff, 0x50, 0x20, 0x08, 0xff, 0x48, 0x24, 0x00, 0xff,
    0x48, 0x24, 0x08, 0xff, 0x48, 0x24, 0x00, 0xff, 0x50, 0x20, 0x08, 0xff,
    0x48, 0x24, 0x00, 0xff, 0x48, 0x24, 0x00, 0xff, 0x48, 0x24, 0x00, 0xff,
    0x48, 0x20, 0x00, 0xff, 0x48, 0x24, 0x00, 0xff, 0x50, 0x24, 0x00, 0xff,
    0x48, 0x24, 0x00, 0xff, 0x48, 0x24, 0x00, 0xff, 0x48, 0x24, 0x08, 0xff,
    0x48, 0x24, 0x08, 0xff, 0x50, 0x24, 0x00, 0xff, 0x48, 0x24, 0x00, 0xff,
    0x50, 0x24, 0x00, 0xff, 0x48, 0x24, 0x00, 0xff, 0x48, 0x24, 0x00, 0xff,
    0x48, 0x24, 0x08, 0xff, 0x48, 0x24, 0x00, 0xff, 0x48, 0x24, 0x00, 0xff,
    0x48, 0x24, 0x08, 0xff, 0x48, 0x24, 0x08, 0xff, 0x48, 0x24, 0x08, 0xff,
    0x48, 0x24, 0x00, 0xff, 0x48, 0x20, 0x00, 0xff, 0x50, 0x24, 0x00, 0xff,
    0x50, 0x24, 0x00, 0xff, 0x48, 0x24, 0x00, 0xff, 0x48, 0x20, 0x00, 0xff,
    0x48, 0x24, 0x00, 0xff, 0x50, 0x20, 0x08, 0xff, 0x48, 0x20, 0x08, 0xff,
    0x48, 0x24, 0x00, 0xff, 0x50, 0x24, 0x00, 0xff, 0x48, 0x24, 0x08, 0xff,
    0x50, 0x24, 0x00, 0xff, 0x50, 0x24, 0x08, 0xff, 0x48, 0x20, 0x00, 0xff,
    0x48, 0x24, 0x00, 0xff, 0x48, 0x24, 0x08, 0xff, 0x48, 0x20, 0x08, 0xff,
    0x48, 0x24, 0x00, 0xff, 0x50, 0x20, 0x00, 0xff, 0x48, 0x24, 0x08, 0xff,
    0x48, 0x24, 0x08, 0xff, 0x48, 0x24, 0x08, 0xff, 0x48, 0x24, 0x00, 0xff,
    0x50, 0x24, 0x00, 0xff, 0x48, 0x24, 0x00, 0xff, 0x48, 0x24, 0x08, 0xff,
    0x50, 0x24, 0x00, 0xff, 0x48, 0x20, 0x08, 0xff, 0x48, 0x24, 0x08, 0xff,
    0x50, 0x20, 0x00, 0xff, 0x48, 0x24, 0x00, 0xff, 0x48, 0x24, 0x08, 0xff,
    0x48, 0x20, 0x00, 0xff, 0x48, 0x24, 0x00, 0xff, 0x48, 0x24, 0x08, 0xff,
    0x50, 0x20, 0x00, 0xff, 0x48, 0x24, 0x00, 0xff, 0x50, 0x24, 0x08, 0xff,
    0x50, 0x20, 0x08, 0xff, 0x50, 0x24, 0x00, 0xff, 0x48, 0x24, 0x08, 0xff,
    0x48, 0x20, 0x08, 0xff, 0x50, 0x20, 0x00, 0xff, 0x48, 0x24, 0x00, 0xff,
    0x48, 0x24, 0x00, 0xff, 0x50, 0x24, 0x08, 0xff, 0x48, 0x24, 0x08, 0xff,
    0x48, 0x24, 0x00, 0xff, 0x48, 0x24, 0x00, 0xff, 0x48, 0x20, 0x00, 0xff,
    0x48, 0x24, 0x08, 0xff, 0x48, 0x24, 0x08, 0xff, 0x48, 0x24, 0x08, 0xff,
    0x48, 0x24, 0x00, 0xff, 0x48, 0x20, 0x00, 0xff, 0x48, 0x24, 0x08, 0xff,
    0x50, 0x24, 0x08, 0xff, 0x48, 0x20, 0x08, 0xff, 0x50, 0x24, 0x00, 0xff,
    0x50, 0x24, 0x00, 0xff, 0x48, 0x24, 0x00, 0xff, 0x48, 0x20, 0x00, 0xff,
    0x48, 0x24, 0x08, 0xff, 0x48, 0x24, 0x00, 0xff, 0x48, 0x20, 0x00, 0xff,
    0x50, 0x24, 0x08, 0xff, 0x48, 0x24, 0x08, 0xff, 0x48, 0x24, 0x00, 0xff,
    0x50, 0x20, 0x00, 0xff, 0x48, 0x24, 0x08, 0xff, 0x48, 0x24, 0x08, 0xff,
    0x48, 0x20, 0x00, 0xff, 0x50, 0x24, 0x00, 0xff, 0x48, 0x24, 0x00, 0xff,
    0x48, 0x20, 0x00, 0xff, 0x48, 0x24, 0x00, 0xff, 0x50, 0x24, 0x00, 0xff,
    0x48, 0x24, 0x08, 0xff, 0x48, 0x20, 0x08, 0xff, 0x50, 0x24, 0x08, 0xff,
    0x50, 0x20, 0x08, 0xff, 0x48, 0x24, 0x08, 0xff, 0x48, 0x20, 0x00, 0xff,
    0x50, 0x24, 0x00, 0xff, 0x48, 0x24, 0x08, 0xff, 0x50, 0x20, 0x08, 0xff,
    0x50, 0x20, 0x00, 0xff, 0x50, 0x24, 0x00, 0xff, 0x50, 0x24, 0x00, 0xff,
    0x48, 0x24, 0x00, 0xff, 0x50, 0x20, 0x08, 0xff, 0x50, 0x24, 0x00, 0xff,
    0x48, 0x24, 0x00, 0xff, 0x48, 0x20, 0x00, 0xff, 0x50, 0x24, 0x08, 0xff,
    0x48, 0x24, 0x08, 0xff, 0x48, 0x20, 0x00, 0xff, 0x48, 0x24, 0x00, 0xff,
    0x48, 0x24, 0x00, 0xff, 0x50, 0x20, 0x00, 0xff, 0x50, 0x24, 0x08, 0xff,
    0x48, 0x20, 0x00, 0xff, 0x48, 0x24, 0x00, 0xff, 0x50, 0x24, 0x08, 0xff,
    0x50, 0x20, 0x08, 0xff, 0x50, 0x24, 0x08, 0xff, 0x48, 0x20, 0x08, 0xff,
    0x48, 0x24, 0x00, 0xff, 0x48, 0x24, 0x00, 0xff, 0x50, 0x24, 0x00, 0xff,
    0x50, 0x24, 0x00, 0xff, 0x50, 0x24, 0x00, 0xff, 0x50, 0x20, 0x00, 0xff,
    0x48, 0x24, 0x08, 0xff, 0x48, 0x24, 0x08, 0xff, 0x48, 0x24, 0x08, 0xff,
    0x50, 0x20, 0x08, 0xff, 0x48, 0x24, 0x08, 0xff, 0x48, 0x24, 0x08, 0xff,
    0x50, 0x20, 0x00, 0xff, 0x48, 0x24, 0x00, 0xff, 0x48, 0x24, 0x00, 0xff,
    0x50, 0x24, 0x00, 0xff, 0x48, 0x24, 0x00, 0xff, 0x48, 0x20, 0x00, 0xff,
    0x48, 0x24, 0x00, 0xff, 0x48, 0x24, 0x00, 0xff, 0x48, 0x24, 0x08, 0xff,
    0x48, 0x24, 0x00, 0xff, 0x50, 0x20, 0x08, 0xff, 0x48, 0x24, 0x00, 0xff,
    0x48, 0x24, 0x08, 0xff, 0x48, 0x20, 0x00, 0xff, 0x50, 0x20, 0x00, 0xff,
    0x50, 0x24, 0x08, 0xff, 0x50, 0x24, 0x08, 0xff, 0x48, 0x24, 0x08, 0xff,
    0x48, 0x20, 0x00, 0xff, 0x50, 0x20, 0x00, 0xff, 0x50, 0x24, 0x00, 0xff,
    0x50, 0x24, 0x00, 0xff, 0x48, 0x20, 0x00, 0xff, 0x50, 0x24, 0x08, 0xff,
    0x48, 0x24, 0x08, 0xff, 0x50, 0x20, 0x08, 0xff, 0x50, 0x24, 0x00, 0xff,
    0x50, 0x24, 0x00, 0xff, 0x50, 0x20, 0x00, 0xff, 0x48, 0x24, 0x08, 0xff,
    0x48, 0x24, 0x08, 0xff, 0x48, 0x20, 0x00, 0xff, 0x50, 0x24, 0x00, 0xff,
    0x50, 0x24, 0x08, 0xff, 0x48, 0x24, 0x00, 0xff, 0x48, 0x20, 0x00, 0xff,
    0x48, 0x24, 0x08, 0xff, 0x50, 0x24, 0x08, 0xff, 0x50, 0x24, 0x08, 0xff,
    0x50, 0x24, 0x00, 0xff, 0x48, 0x24, 0x00, 0xff, 0x48, 0x24, 0x08, 0xff,
    0x48, 0x24, 0x00, 0xff, 0x48, 0x20, 0x00, 0xff, 0x48, 0x20, 0x00, 0xff,
    0x48, 0x24, 0x08, 0xff, 0x48, 0x24, 0x00, 0xff, 0x48, 0x24, 0x08, 0xff,
    0x50, 0x24, 0x00, 0xff, 0x50, 0x24, 0x00, 0xff, 0x50, 0x20, 0x00, 0xff,
    0x50, 0x24, 0x08, 0xff, 0x48, 0x24, 0x00, 0xff, 0x48, 0x20, 0x00, 0xff,
    0x48, 0x24, 0x00, 0xff, 0x50, 0x24, 0x00, 0xff, 0x48, 0x20, 0x00, 0xff,
    0x48, 0x24, 0x08, 0xff, 0x50, 0x24, 0x08, 0xff, 0x50, 0x24, 0x00, 0xff,
    0x48, 0x24, 0x00, 0xff, 0x50, 0x24, 0x00, 0xff, 0x48, 0x24, 0x08, 0xff,
    0x48, 0x24, 0x00, 0xff, 0x50, 0x24, 0x00, 0xff, 0x50, 0x24, 0x00, 0xff,
    0x48, 0x20, 0x08, 0xff, 0x50, 0x24, 0x00, 0xff, 0x50, 0x24, 0x00, 0xff,
    0x48, 0x20, 0x08, 0xff, 0x50, 0x24, 0x00, 0xff, 0x48, 0x24, 0x00, 0xff,
    0x48, 0x24, 0x00, 0xff, 0x48, 0x24, 0x08, 0xff, 0x50, 0x24, 0x00, 0xff,
    0x48, 0x24, 0x00, 0xff, 0x48, 0x24, 0x08, 0xff, 0x48, 0x20, 0x08, 0xff,
    0x48, 0x24, 0x00, 0xff, 0x48, 0x20, 0x00, 0xff, 0x50, 0x20, 0x08, 0xff,
    0x50, 0x24, 0x08, 0xff, 0x48, 0x24, 0x08, 0xff, 0x48, 0x24, 0x08, 0xff,
    0x50, 0x20, 0x00, 0xff, 0x50, 0x24, 0x00, 0xff, 0x48, 0x20, 0x00, 0xff,
    0x48, 0x24, 0x08, 0xff, 0x50, 0x24, 0x00, 0xff, 0x48, 0x20, 0x00, 0xff,
    0x48, 0x24, 0x00, 0xff, 0x50, 0x24, 0x00, 0xff, 0x48, 0x20, 0x00, 0xff,
    0x48, 0x24, 0x08, 0xff, 0x48, 0x24, 0x08, 0xff, 0x48, 0x20, 0x08, 0xff,
    0x48, 0x24, 0x00, 0xff, 0x50, 0x24, 0x08, 0xff, 0x50, 0x20, 0x08, 0xff,
    0x48, 0x24, 0x00, 0xff, 0x48, 0x24, 0x00, 0xff, 0x48, 0x20, 0x00, 0xff,
    0x48, 0x24, 0x08, 0xff, 0x48, 0x20, 0x00, 0xff, 0x48, 0x24, 0x00, 0xff,
    0x50, 0x24, 0x08, 0xff, 0x48, 0x24, 0x00, 0xff, 0x48, 0x24, 0x00, 0xff,
    0x50, 0x20, 0x08, 0xff, 0x50, 0x24, 0x08, 0xff, 0x48, 0x24, 0x00, 0xff,
    0x48, 0x20, 0x00, 0xff, 0x50, 0x24, 0x00, 0xff, 0x48, 0x24, 0x00, 0xff,
    0x48, 0x24, 0x00, 0xff, 0x50, 0x24, 0x00, 0xff, 0x50, 0x24, 0x08, 0xff,
    0x50, 0x20, 0x08, 0xff, 0x48, 0x24, 0x00, 0xff, 0x48, 0x24, 0x00, 0xff,
    0x48, 0x24, 0x08, 0xff, 0x48, 0x24, 0x08, 0xff, 0x48, 0x20, 0x08, 0xff,
    0x48, 0x24, 0x00, 0xff, 0x48, 0x24, 0x08, 0xff, 0x48, 0x20, 0x08, 0xff,
    0x50, 0x24, 0x08, 0xff, 0x48, 0x24, 0x00, 0xff, 0x48, 0x24, 0x00, 0xff,
    0x50, 0x24, 0x00, 0xff, 0x50, 0x20, 0x08, 0xff, 0x50, 0x24, 0x08, 0xff,
    0x48, 0x24, 0x00, 0xff, 0x48, 0x20, 0x08, 0xff, 0x48, 0x24, 0x00, 0xff,
    0x50, 0x24, 0x08, 0xff, 0x50, 0x24, 0x00, 0xff, 0x48, 0x24, 0x00, 0xff,
    0x48, 0x24, 0x00, 0xff, 0x48, 0x24, 0x00, 0xff, 0x48, 0x24, 0x00, 0xff,
    0x48, 0x24, 0x00, 0xff, 0x50, 0x20, 0x00, 0xff, 0x48, 0x24, 0x08, 0xff,
    0x48, 0x20, 0x00, 0xff, 0x48, 0x20, 0x08, 0xff, 0x48, 0x24, 0x08, 0xff,
    0x50, 0x24, 0x00, 0xff, 0x48, 0x24, 0x00, 0xff, 0x50, 0x24, 0x00, 0xff,
    0x48, 0x24, 0x00, 0xff, 0x50, 0x20, 0x00, 0xff, 0x48, 0x24, 0x00, 0xff,
    0x48, 0x24, 0x00, 0xff, 0x48, 0x24, 0x08, 0xff, 0x48, 0x24, 0x08, 0xff,
    0x48, 0x24, 0x00, 0xff, 0x48, 0x20, 0x00, 0xff, 0x50, 0x24, 0x08, 0xff,
    0x48, 0x24, 0x08, 0xff, 0x48, 0x24, 0x08, 0xff, 0x50, 0x24, 0x00, 0xff,
    0x50, 0x20, 0x00, 0xff, 0x48, 0x24, 0x00, 0xff, 0x48, 0x24, 0x00, 0xff,
    0x50, 0x24, 0x00, 0xff, 0x50, 0x24, 0x08, 0xff, 0x48, 0x24, 0x08, 0xff,
    0x48, 0x24, 0x00, 0xff, 0x48, 0x24, 0x00, 0xff, 0x48, 0x24, 0x00, 0xff,
    0x50, 0x24, 0x08, 0xff, 0x48, 0x24, 0x08, 0xff, 0x48, 0x20, 0x00, 0xff,
    0x48, 0x24, 0x08, 0xff, 0x50, 0x24, 0x08, 0xff, 0x48, 0x20, 0x00, 0xff,
    0x48, 0x24, 0x00, 0xff, 0x48, 0x24, 0x00, 0xff, 0x48, 0x20, 0x08, 0xff,
    0x48, 0x24, 0x00, 0xff, 0x48, 0x24, 0x08, 0xff, 0x50, 0x20, 0x00, 0xff,
    0x50, 0x24, 0x00, 0xff, 0x50, 0x24, 0x00, 0xff, 0x48, 0x20, 0x00, 0xff,
    0x48, 0x24, 0x00, 0xff, 0x50, 0x24, 0x08, 0xff, 0x50, 0x24, 0x08, 0xff,
    0x48, 0x20, 0x00, 0xff, 0x48, 0x20, 0x00, 0xff, 0x48, 0x24, 0x08, 0xff,
    0x48, 0x24, 0x00, 0xff, 0x48, 0x20, 0x00, 0xff, 0x50, 0x24, 0x00, 0xff,
    0x50, 0x24, 0x08, 0xff, 0x50, 0x24, 0x08, 0xff, 0x50, 0x24, 0x00, 0xff,
    0x48, 0x24, 0x00, 0xff, 0x48, 0x20, 0x08, 0xff, 0x50, 0x20, 0x00, 0xff,
    0x48, 0x24, 0x08, 0xff, 0x48, 0x24, 0x08, 0xff, 0x48, 0x24, 0x00, 0xff,
    0x48, 0x24, 0x00, 0xff, 0x48, 0x24, 0x08, 0xff, 0x50, 0x24, 0x08, 0xff,
    0x50, 0x20, 0x00, 0xff, 0x50, 0x24, 0x00, 0xff, 0x50, 0x24, 0x08, 0xff,
    0x48, 0x20, 0x00, 0xff, 0x48, 0x24, 0x00, 0xff, 0x48, 0x20, 0x08, 0xff,
    0x50, 0x20, 0x08, 0xff, 0x48, 0x24, 0x00, 0xff, 0x50, 0x24, 0x00, 0xff,
    0x50, 0x20, 0x00, 0xff, 0x48, 0x24, 0x08, 0xff, 0x48, 0x24, 0x08, 0xff,
    0x50, 0x24, 0x00, 0xff, 0x48, 0x24, 0x08, 0xff, 0x48, 0x24, 0x00, 0xff,
    0x50, 0x24, 0x00, 0xff, 0x48, 0x24, 0x08, 0xff, 0x48, 0x20, 0x00, 0xff,
    0x50, 0x24, 0x00, 0xff, 0x48, 0x24, 0x00, 0xff, 0x48, 0x20, 0x00, 0xff,
    0x50, 0x24, 0x00, 0xff, 0x48, 0x24, 0x00, 0xff, 0x50, 0x24, 0x00, 0xff,
    0x50, 0x24, 0x08, 0xff, 0x50, 0x24, 0x00, 0xff, 0x48, 0x24, 0x00, 0xff,
    0x48, 0x20, 0x00, 0xff, 0x50, 0x24, 0x00, 0xff, 0x50, 0x20, 0x00, 0xff,
    0x48, 0x24, 0x00, 0xff, 0x48, 0x24, 0x00, 0xff, 0x50, 0x24, 0x08, 0xff,
    0x50, 0x20, 0x00, 0xff, 0x48, 0x24, 0x08, 0xff, 0x50, 0x24, 0x00, 0xff,
    0x50, 0x24, 0x00, 0xff, 0x48, 0x24, 0x08, 0xff, 0x48, 0x24, 0x08, 0xff,
    0x50, 0x20, 0x00, 0xff, 0x50, 0x24, 0x00, 0xff, 0x50, 0x24, 0x00, 0xff,
    0x50, 0x20, 0x00, 0xff, 0x48, 0x24, 0x00, 0xff, 0x48, 0x24, 0x00, 0xff,
    0x50, 0x24, 0x00, 0xff, 0x50, 0x20, 0x00, 0xff, 0x50, 0x24, 0x08, 0xff,
    0x48, 0x24, 0x00, 0xff, 0x50, 0x24, 0x00, 0xff, 0x50, 0x24, 0x00, 0xff,
    0x48, 0x24, 0x00, 0xff, 0x50, 0x24, 0x08, 0xff, 0x50, 0x20, 0x08, 0xff,
    0x48, 0x24, 0x00, 0xff, 0x48, 0x24, 0x00, 0xff, 0x50, 0x20, 0x08, 0xff,
    0x50, 0x24, 0x08, 0xff, 0x48, 0x24, 0x00, 0xff, 0x50, 0x24, 0x00, 0xff,
    0x48, 0x24, 0x00, 0xff, 0x48, 0x24, 0x08, 0xff, 0x48, 0x20, 0x00, 0xff,
    0x48, 0x24, 0x00, 0xff, 0x48, 0x24, 0x00, 0xff, 0x48, 0x24, 0x00, 0xff,
    0x50, 0x24, 0x00, 0xff, 0x48, 0x24, 0x00, 0xff, 0x48, 0x20, 0x00, 0xff,
    0x48, 0x24, 0x00, 0xff, 0x50, 0x20, 0x00, 0xff, 0x48, 0x24, 0x00, 0xff,
    0x48, 0x24, 0x00, 0xff, 0x50, 0x24, 0x08, 0xff, 0x48, 0x24, 0x00, 0xff,
    0x48, 0x20, 0x08, 0xff, 0x48, 0x24, 0x00, 0xff, 0x48, 0x24, 0x00, 0xff,
    0x50, 0x24, 0x08, 0xff, 0x50, 0x24, 0x00, 0xff, 0x48, 0x24, 0x00, 0xff,
    0x48, 0x24, 0x00, 0xff, 0x48, 0x20, 0x08, 0xff, 0x48, 0x24, 0x00, 0xff,
    0x48, 0x24, 0x00, 0xff, 0x50, 0x24, 0x00, 0xff, 0x50, 0x20, 0x08, 0xff,
    0x50, 0x24, 0x08, 0xff, 0x48, 0x24, 0x08, 0xff, 0x48, 0x24, 0x00, 0xff,
    0x48, 0x24, 0x08, 0xff, 0x48, 0x24, 0x08, 0xff, 0x50, 0x24, 0x00, 0xff,
    0x48, 0x24, 0x00, 0xff, 0x48, 0x20, 0x00, 0xff, 0x50, 0x20, 0x00, 0xff,
    0x48, 0x24, 0x08, 0xff, 0x48, 0x24, 0x00, 0xff, 0x50, 0x20, 0x00, 0xff,
    0x48, 0x24, 0x08, 0xff, 0x50, 0x24, 0x00, 0xff, 0x50, 0x24, 0x00, 0xff,
    0x48, 0x20, 0x08, 0xff, 0x50, 0x24, 0x08, 0xff, 0x50, 0x24, 0x00, 0xff,
    0x50, 0x20, 0x00, 0xff, 0x50, 0x20, 0x00, 0xff, 0x48, 0x24, 0x00, 0xff,
    0x48, 0x24, 0x08, 0xff, 0x50, 0x24, 0x08, 0xff, 0x50, 0x24, 0x08, 0xff,
    0x48, 0x24, 0x00, 0xff, 0x48, 0x20, 0x00, 0xff, 0x50, 0x24, 0x08, 0xff,
    0x48, 0x24, 0x00, 0xff, 0x48, 0x20, 0x00, 0xff, 0x50, 0x20, 0x00, 0xff,
    0x48, 0x24, 0x00, 0xff, 0x48, 0x24, 0x08, 0xff, 0x48, 0x24, 0x08, 0xff,
    0x50, 0x20, 0x00, 0xff, 0x48, 0x24, 0x00, 0xff, 0x48, 0x24, 0x00, 0xff,
    0x48, 0x24, 0x08, 0xff, 0x50, 0x24, 0x00, 0xff, 0x48, 0x24, 0x00, 0xff,
    0x48, 0x24, 0x08, 0xff, 0x50, 0x20, 0x00, 0xff, 0x48, 0x24, 0x08, 0xff,
    0x48, 0x24, 0x00, 0xff, 0x48, 0x24, 0x00, 0xff, 0x48, 0x24, 0x08, 0xff,
    0x48, 0x20, 0x08, 0xff, 0x48, 0x24, 0x00, 0xff, 0x48, 0x24, 0x00, 0xff,
    0x50, 0x24, 0x00, 0xff, 0x48, 0x24, 0x00, 0xff, 0x48, 0x24, 0x00, 0xff,
    0x50, 0x20, 0x08, 0xff, 0x50, 0x24, 0x08, 0xff, 0x48, 0x24, 0x08, 0xff,
    0x48, 0x24, 0x00, 0xff, 0x48, 0x20, 0x00, 0xff, 0x48, 0x24, 0x08, 0xff,
    0x50, 0x24, 0x00, 0xff, 0x50, 0x24, 0x00, 0xff, 0x48, 0x24, 0x00, 0xff,
    0x50, 0x20, 0x00, 0xff, 0x48, 0x24, 0x00, 0xff, 0x48, 0x20, 0x08, 0xff,
    0x50, 0x24, 0x00, 0xff, 0x48, 0x24, 0x00, 0xff, 0x48, 0x20, 0x00, 0xff,
    0x48, 0x24, 0x08, 0xff, 0x48, 0x24, 0x08, 0xff, 0x48, 0x24, 0x00, 0xff,
    0x48, 0x24, 0x00, 0xff, 0x50, 0x24, 0x08, 0xff, 0x50, 0x24, 0x00, 0xff,
    0x48, 0x24, 0x00, 0xff, 0x48, 0x24, 0x08, 0xff, 0x48, 0x20, 0x00, 0xff,
    0x48, 0x24, 0x08, 0xff, 0x48, 0x24, 0x08, 0xff, 0x48, 0x20, 0x00, 0xff,
    0x48, 0x20, 0x00, 0xff, 0x48, 0x24, 0x00, 0xff, 0x50, 0x20, 0x08, 0xff,
    0x48, 0x24, 0x00, 0xff, 0x48, 0x24, 0x00, 0xff, 0x50, 0x24, 0x08, 0xff,
    0x48, 0x20, 0x08, 0xff, 0x50, 0x24, 0x08, 0xff, 0x48, 0x24, 0x08, 0xff,
    0x48, 0x20, 0x08, 0xff, 0x50, 0x24, 0x08, 0xff, 0x48, 0x24, 0x00, 0xff,
    0x48, 0x20, 0x00, 0xff, 0x48, 0x24, 0x08, 0xff, 0x48, 0x24, 0x00, 0xff,
    0x48, 0x24, 0x00, 0xff, 0x48, 0x24, 0x00, 0xff, 0x48, 0x24, 0x08, 0xff,
    0x50, 0x24, 0x08, 0xff, 0x48, 0x24, 0x08, 0xff, 0x48, 0x24, 0x00, 0xff,
    0x48, 0x24, 0x00, 0xff, 0x50, 0x24, 0x00, 0xff, 0x48, 0x24, 0x08, 0xff,
    0x48, 0x24, 0x08, 0xff, 0x48, 0x20, 0x00, 0xff, 0x50, 0x24, 0x00, 0xff,
    0x48, 0x24, 0x00, 0xff, 0x48, 0x24, 0x00, 0xff, 0x48, 0x24, 0x08, 0xff,
    0x48, 0x24, 0x08, 0xff, 0x48, 0x24, 0x00, 0xff, 0x48, 0x24, 0x00, 0xff,
    0x48, 0x20, 0x08, 0xff, 0x48, 0x24, 0x08, 0xff, 0x48, 0x24, 0x00, 0xff,
    0x50, 0x24, 0x00, 0xff, 0x48, 0x24, 0x08, 0xff, 0x48, 0x24, 0x08, 0xff,
    0x50, 0x20, 0x08, 0xff, 0x48, 0x20, 0x00, 0xff, 0x48, 0x24, 0x00, 0xff,
    0x48, 0x24, 0x00, 0xff, 0x50, 0x24, 0x00, 0xff, 0x48, 0x24, 0x00, 0xff,
    0x48, 0x24, 0x00, 0xff, 0x48, 0x24, 0x08, 0xff, 0x48, 0x20, 0x08, 0xff,
    0x50, 0x20, 0x08, 0xff, 0x48, 0x24, 0x00, 0xff, 0x48, 0x24, 0x00, 0xff,
    0x50, 0x24, 0x00, 0xff, 0x50, 0x24, 0x08, 0xff, 0x50, 0x20, 0x08, 0xff,
    0x48, 0x20, 0x08, 0xff, 0x50, 0x24, 0x00, 0xff, 0x50, 0x24, 0x00, 0xff,
    0x48, 0x24, 0x00, 0xff, 0x50, 0x24, 0x08, 0xff, 0x50, 0x24, 0x00, 0xff,
    0x48, 0x24, 0x00, 0xff, 0x48, 0x20, 0x00, 0xff, 0x50, 0x24, 0x08, 0xff,
    0x50, 0x24, 0x00, 0xff, 0x48, 0x20, 0x00, 0xff, 0x48, 0x24, 0x00, 0xff,
    0x48, 0x20, 0x00, 0xff, 0x48, 0x24, 0x08, 0xff, 0x50, 0x24, 0x08, 0xff,
    0x48, 0x20, 0x00, 0xff, 0x48, 0x24, 0x00, 0xff, 0x50, 0x24, 0x08, 0xff,
    0x50, 0x20, 0x08, 0xff, 0x48, 0x20, 0x08, 0xff, 0x48, 0x24, 0x00, 0xff,
    0x48, 0x24, 0x00, 0xff, 0x50, 0x24, 0x00, 0xff, 0x50, 0x20, 0x00, 0xff,
    0x50, 0x24, 0x00, 0xff, 0x50, 0x24, 0x00, 0xff, 0x48, 0x24, 0x00, 0xff,
    0x48, 0x20, 0x08, 0xff, 0x50, 0x24, 0x08, 0xff, 0x48, 0x24, 0x08, 0xff,
    0x48, 0x24, 0x00, 0xff, 0x48, 0x24, 0x08, 0xff, 0x48, 0x24, 0x08, 0xff,
    0x50, 0x24, 0x00, 0xff, 0x48, 0x20, 0x00, 0xff, 0x50, 0x20, 0x00, 0xff,
    0x48, 0x24, 0x00, 0xff, 0x48, 0x24, 0x00, 0xff, 0x48, 0x24, 0x08, 0xff,
    0x48, 0x24, 0x00, 0xff, 0x48, 0x24, 0x00, 0xff, 0x48, 0x20, 0x08, 0xff,
    0x50, 0x24, 0x00, 0xff, 0x48, 0x24, 0x00, 0xff, 0x48, 0x20, 0x00, 0xff,
    0x48, 0x20, 0x08, 0xff, 0x50, 0x24, 0x00, 0xff, 0x48, 0x24, 0x00, 0xff,
    0x50, 0x24, 0x08, 0xff, 0x50, 0x24, 0x08, 0xff, 0x48, 0x24, 0x08, 0xff,
    0x50, 0x20, 0x00, 0xff, 0x50, 0x24, 0x00, 0xff, 0x50, 0x24, 0x00, 0xff,
    0x48, 0x24, 0x00, 0xff, 0x48, 0x24, 0x00, 0xff, 0x50, 0x24, 0x08, 0xff,
    0x50, 0x20, 0x00, 0xff, 0x48, 0x20, 0x08, 0xff, 0x50, 0x24, 0x00, 0xff,
    0x50, 0x24, 0x00, 0xff, 0x48, 0x24, 0x08, 0xff, 0x48, 0x24, 0x00, 0xff,
    0x48, 0x24, 0x08, 0xff, 0x50, 0x20, 0x08, 0xff, 0x50, 0x24, 0x00, 0xff,
    0x50, 0x24, 0x08, 0xff, 0x50, 0x20, 0x00, 0xff, 0x48, 0x24, 0x00, 0xff,
    0x48, 0x24, 0x08, 0xff, 0x50, 0x24, 0x08, 0xff, 0x50, 0x24, 0x00, 0xff,
    0x48, 0x24, 0x00, 0xff, 0x48, 0x24, 0x00, 0xff, 0x48, 0x24, 0x00, 0xff,
    0x50, 0x20, 0x00, 0xff, 0x48, 0x24, 0x00, 0xff, 0x48, 0x24, 0x00, 0xff,
    0x48, 0x24, 0x08, 0xff, 0x48, 0x20, 0x08, 0xff, 0x48, 0x24, 0x00, 0xff,
    0x48, 0x24, 0x00, 0xff, 0x50, 0x24, 0x08, 0xff, 0x50, 0x24, 0x00, 0xff,
    0x48, 0x20, 0x08, 0xff, 0x50, 0x24, 0x00, 0xff, 0x50, 0x24, 0x08, 0xff,
    0x48, 0x24, 0x00, 0xff, 0x48, 0x24, 0x00, 0xff, 0x48, 0x20, 0x08, 0xff,
    0x50, 0x24, 0x08, 0xff, 0x48, 0x24, 0x00, 0xff, 0x48, 0x20, 0x00, 0xff,
    0x48, 0x24, 0x00, 0xff, 0x50, 0x24, 0x00, 0xff, 0x48, 0x24, 0x08, 0xff,
    0x48, 0x24, 0x00, 0xff, 0x50, 0x24, 0x00, 0xff, 0x50, 0x24, 0x00, 0xff,
    0x50, 0x24, 0x00, 0xff, 0x50, 0x24, 0x08, 0xff, 0x48, 0x24, 0x00, 0xff,
    0x48, 0x20, 0x08, 0xff, 0x50, 0x24, 0x08, 0xff, 0x48, 0x20, 0x00, 0xff,
    0x48, 0x24, 0x00, 0xff, 0x48, 0x24, 0x00, 0xff, 0x50, 0x24, 0x00, 0xff,
    0x48, 0x24, 0x00, 0xff, 0x48, 0x20, 0x00, 0xff, 0x50, 0x24, 0x08, 0xff,
    0x48, 0x24, 0x00, 0xff, 0x48, 0x20, 0x00, 0xff, 0x50, 0x24, 0x08, 0xff,
    0x50, 0x24, 0x08, 0xff, 0x50, 0x24, 0x08, 0xff, 0x48, 0x20, 0x00, 0xff,
    0x48, 0x24, 0x00, 0xff, 0x50, 0x20, 0x00, 0xff, 0x48, 0x20, 0x08, 0xff,
    0x50, 0x24, 0x08, 0xff, 0x48, 0x24, 0x00, 0xff, 0x48, 0x20, 0x00, 0xff,
    0x48, 0x20, 0x08, 0xff, 0x50, 0x24, 0x00, 0xff, 0x48, 0x24, 0x00, 0xff,
    0x48, 0x24, 0x08, 0xff, 0x48, 0x24, 0x08, 0xff, 0x48, 0x20, 0x00, 0xff,
    0x50, 0x24, 0x00, 0xff, 0x50, 0x24, 0x08, 0xff, 0x50, 0x20, 0x08, 0xff,
    0x50, 0x24, 0x00, 0xff, 0x48, 0x24, 0x00, 0xff, 0x48, 0x20, 0x08, 0xff,
    0x48, 0x24, 0x08, 0xff, 0x48, 0x20, 0x00, 0xff, 0x50, 0x20, 0x00, 0xff,
    0x48, 0x24, 0x08, 0xff, 0x48, 0x24, 0x00, 0xff, 0x48, 0x24, 0x00, 0xff,
    0x50, 0x24, 0x08, 0xff, 0x48, 0x24, 0x08, 0xff, 0x48, 0x20, 0x08, 0xff,
    0x48, 0x24, 0x00, 0xff, 0x50, 0x24, 0x00, 0xff, 0x48, 0x24, 0x00, 0xff,
    0x48, 0x24, 0x00, 0xff, 0x50, 0x20, 0x08, 0xff, 0x50, 0x24, 0x00, 0xff,
    0x48, 0x24, 0x08, 0xff, 0x48, 0x20, 0x08, 0xff, 0x48, 0x24, 0x00, 0xff,
    0x48, 0x24, 0x00, 0xff, 0x48, 0x24, 0x08, 0xff, 0x48, 0x20, 0x08, 0xff,
    0x48, 0x24, 0x00, 0xff, 0x48, 0x20, 0x08, 0xff, 0x48, 0x24, 0x08, 0xff,
    0x50, 0x24, 0x08, 0xff, 0x48, 0x20, 0x00, 0xff, 0x48, 0x24, 0x00, 0xff,
    0x50, 0x24, 0x08, 0xff, 0x48, 0x24, 0x08, 0xff, 0x50, 0x24, 0x08, 0xff,
    0x50, 0x24, 0x00, 0xff, 0x48, 0x20, 0x00, 0xff, 0x48, 0x24, 0x00, 0xff,
    0x50, 0x24, 0x08, 0xff, 0x50, 0x24, 0x08, 0xff, 0x48, 0x24, 0x00, 0xff,
    0x48, 0x24, 0x00, 0xff, 0x50, 0x24, 0x00, 0xff, 0x48, 0x24, 0x00, 0xff,
    0x48, 0x20, 0x00, 0xff, 0x48, 0x24, 0x08, 0xff, 0x48, 0x24, 0x08, 0xff,
    0x48, 0x20, 0x00, 0xff, 0x48, 0x24, 0x08, 0xff, 0x48, 0x20, 0x08, 0xff,
    0x50, 0x24, 0x00, 0xff, 0x48, 0x24, 0x00, 0xff, 0x50, 0x24, 0x00, 0xff,
    0x50, 0x24, 0x00, 0xff, 0x50, 0x20, 0x00, 0xff, 0x50, 0x24, 0x00, 0xff,
    0x48, 0x24, 0x08, 0xff, 0x48, 0x24, 0x08, 0xff, 0x48, 0x24, 0x08, 0xff,
    0x50, 0x24, 0x08, 0xff, 0x48, 0x24, 0x00, 0xff, 0x48, 0x20, 0x00, 0xff,
    0x48, 0x24, 0x08, 0xff, 0x48, 0x24, 0x08, 0xff, 0x50, 0x24, 0x00, 0xff,
    0x48, 0x20, 0x08, 0xff, 0x48, 0x24, 0x00, 0xff, 0x48, 0x24, 0x00, 0xff,
    0x50, 0x24, 0x00, 0xff, 0x48, 0x24, 0x08, 0xff, 0x48, 0x24, 0x00, 0xff,
    0x48, 0x20, 0x00, 0xff, 0x48, 0x24, 0x00, 0xff, 0x48, 0x24, 0x00, 0xff,
    0x48, 0x24, 0x08, 0xff, 0x48, 0x20, 0x00, 0xff, 0x48, 0x24, 0x00, 0xff,
    0x48, 0x24, 0x08, 0xff, 0x50, 0x20, 0x08, 0xff, 0x50, 0x24, 0x08, 0xff,
    0x48, 0x24, 0x00, 0xff, 0x50, 0x24, 0x00, 0xff, 0x48, 0x20, 0x08, 0xff,
    0x48, 0x24, 0x00, 0xff, 0x48, 0x20, 0x00, 0xff, 0x50, 0x24, 0x00, 0xff,
    0x50, 0x24, 0x00, 0xff, 0x48, 0x20, 0x00, 0xff, 0x48, 0x24, 0x00, 0xff,
    0x48, 0x24, 0x00, 0xff, 0x48, 0x24, 0x00, 0xff, 0x50, 0x24, 0x08, 0xff,
    0x48, 0x20, 0x08, 0xff, 0x48, 0x20, 0x00, 0xff, 0x50, 0x24, 0x08, 0xff,
    0x48, 0x20, 0x00, 0xff, 0x48, 0x24, 0x00, 0xff, 0x50, 0x24, 0x08, 0xff,
    0x48, 0x20, 0x08, 0xff, 0x50, 0x24, 0x08, 0xff, 0x50, 0x24, 0x00, 0xff,
    0x48, 0x20, 0x00, 0xff, 0x50, 0x24, 0x08, 0xff, 0x50, 0x24, 0x08, 0xff,
    0x48, 0x24, 0x08, 0xff, 0x48, 0x20, 0x00, 0xff, 0x48, 0x24, 0x00, 0xff,
    0x50, 0x24, 0x00, 0xff, 0x48, 0x24, 0x08, 0xff, 0x48, 0x24, 0x00, 0xff,
    0x50, 0x20, 0x00, 0xff, 0x50, 0x24, 0x00, 0xff, 0x50, 0x24, 0x00, 0xff,
    0x48, 0x20, 0x00, 0xff, 0x48, 0x24, 0x00, 0xff, 0x48, 0x24, 0x08, 0xff,
    0x50, 0x20, 0x08, 0xff, 0x48, 0x24, 0x08, 0xff, 0x50, 0x20, 0x00, 0xff,
    0x50, 0x24, 0x00, 0xff, 0x48, 0x24, 0x00, 0xff, 0x48, 0x20, 0x08, 0xff,
    0x48, 0x24, 0x08, 0xff, 0x48, 0x24, 0x08, 0xff, 0x48, 0x24, 0x00, 0xff,
    0x50, 0x24, 0x00, 0xff, 0x48, 0x24, 0x00, 0xff, 0x50, 0x24, 0x00, 0xff,
    0x50, 0x24, 0x08, 0xff, 0x48, 0x24, 0x00, 0xff, 0x48, 0x20, 0x00, 0xff,
    0x50, 0x24, 0x00, 0xff, 0x50, 0x24, 0x00, 0xff, 0x48, 0x24, 0x00, 0xff,
    0x50, 0x24, 0x08, 0xff, 0x50, 0x24, 0x08, 0xff, 0x48, 0x20, 0x00, 0xff,
    0x48, 0x24, 0x00, 0xff, 0x48, 0x20, 0x00, 0xff, 0x50, 0x24, 0x00, 0xff,
    0x48, 0x24, 0x00, 0xff, 0x48, 0x24, 0x08, 0xff, 0x50, 0x24, 0x00, 0xff,
    0x48, 0x24, 0x00, 0xff, 0x48, 0x20, 0x08, 0xff, 0x50, 0x24, 0x00, 0xff,
    0x50, 0x24, 0x00, 0xff, 0x48, 0x24, 0x08, 0xff, 0x50, 0x20, 0x08, 0xff,
    0x50, 0x20, 0x00, 0xff, 0x50, 0x24, 0x00, 0xff, 0x50, 0x24, 0x08, 0xff,
    0x48, 0x20, 0x00, 0xff, 0x48, 0x24, 0x00, 0xff, 0x48, 0x24, 0x00, 0xff,
    0x48, 0x24, 0x00, 0xff, 0x50, 0x24, 0x08, 0xff, 0x50, 0x24, 0x00, 0xff,
    0x50, 0x24, 0x00, 0xff, 0x50, 0x24, 0x00, 0xff, 0x48, 0x24, 0x00, 0xff,
    0x48, 0x24, 0x00, 0xff, 0x50, 0x24, 0x00, 0xff, 0x50, 0x24, 0x08, 0xff,
    0x48, 0x20, 0x08, 0xff, 0x50, 0x20, 0x00, 0xff, 0x50, 0x24, 0x00, 0xff,
    0x50, 0x24, 0x08, 0xff, 0x48, 0x20, 0x00, 0xff, 0x50, 0x24, 0x08, 0xff,
    0x50, 0x24, 0x00, 0xff, 0x48, 0x24, 0x00, 0xff, 0x48, 0x20, 0x08, 0xff,
    0x50, 0x24, 0x00, 0xff, 0x48, 0x24, 0x00, 0xff, 0x48, 0x24, 0x00, 0xff,
    0x50, 0x24, 0x00, 0xff, 0x50, 0x24, 0x00, 0xff, 0x48, 0x24, 0x00, 0xff,
    0x48, 0x24, 0x00, 0xff, 0x50, 0x24, 0x00, 0xff, 0x48, 0x20, 0x00, 0xff,
    0x48, 0x24, 0x00, 0xff, 0x50, 0x24, 0x08, 0xff, 0x48, 0x20, 0x00, 0xff,
    0x48, 0x24, 0x00, 0xff, 0x48, 0x24, 0x00, 0xff, 0x50, 0x24, 0x00, 0xff,
    0x48, 0x24, 0x08, 0xff, 0x50, 0x24, 0x08, 0xff, 0x48, 0x24, 0x00, 0xff,
    0x48, 0x20, 0x00, 0xff, 0x50, 0x20, 0x00, 0xff, 0x48, 0x24, 0x00, 0xff,
    0x48, 0x20, 0x00, 0xff, 0x48, 0x24, 0x08, 0xff, 0x50, 0x24, 0x08, 0xff,
    0x50, 0x24, 0x08, 0xff, 0x48, 0x20, 0x00, 0xff, 0x48, 0x24, 0x00, 0xff,
    0x48, 0x24, 0x08, 0xff, 0x50, 0x24, 0x00, 0xff, 0x50, 0x24, 0x00, 0xff,
    0x48, 0x24, 0x00, 0xff, 0x50, 0x24, 0x00, 0xff, 0x48, 0x20, 0x08, 0xff,
    0x48, 0x24, 0x08, 0xff, 0x48, 0x24, 0x00, 0xff, 0x48, 0x20, 0x00, 0xff,
    0x48, 0x20, 0x00, 0xff, 0x50, 0x24, 0x00, 0xff, 0x50, 0x24, 0x00, 0xff,
    0x48, 0x20, 0x00, 0xff, 0x50, 0x24, 0x08, 0xff, 0x50, 0x24, 0x00, 0xff,
    0x50, 0x20, 0x00, 0xff, 0x50, 0x24, 0x00, 0xff, 0x48, 0x24, 0x00, 0xff,
    0x48, 0x24, 0x00, 0xff, 0x50, 0x20, 0x08, 0xff, 0x50, 0x24, 0x08, 0xff,
    0x48, 0x24, 0x08, 0xff, 0x50, 0x24, 0x00, 0xff, 0x50, 0x20, 0x08, 0xff,
    0x48, 0x24, 0x00, 0xff, 0x48, 0x20, 0x08, 0xff, 0x50, 0x24, 0x00, 0xff,
    0x50, 0x24, 0x00, 0xff, 0x48, 0x24, 0x08, 0xff, 0x48, 0x24, 0x08, 0xff,
    0x50, 0x20, 0x00, 0xff, 0x48, 0x24, 0x00, 0xff, 0x48, 0x24, 0x00, 0xff,
    0x48, 0x24, 0x08, 0xff, 0x48, 0x24, 0x00, 0xff, 0x48, 0x24, 0x00, 0xff,
    0x48, 0x24, 0x08, 0xff, 0x50, 0x24, 0x08, 0xff, 0x48, 0x20, 0x08, 0xff,
    0x50, 0x24, 0x00, 0xff, 0x48, 0x24, 0x00, 0xff, 0x48, 0x24, 0x08, 0xff,
    0x48, 0x20, 0x08, 0xff, 0x48, 0x24, 0x00, 0xff, 0x48, 0x24, 0x00, 0xff,
    0x50, 0x24, 0x00, 0xff, 0x48, 0x24, 0x00, 0xff, 0x48, 0x24, 0x00, 0xff,
    0x48, 0x24, 0x08, 0xff, 0x50, 0x20, 0x08, 0xff, 0x48, 0x24, 0x00, 0xff,
    0x48, 0x24, 0x00, 0xff, 0x48, 0x24, 0x00, 0xff, 0x50, 0x20, 0x08, 0xff,
    0x50, 0x24, 0x00, 0xff, 0x48, 0x24, 0x00, 0xff, 0x48, 0x24, 0x00, 0xff,
    0x50, 0x20, 0x00, 0xff, 0x50, 0x24, 0x08, 0xff, 0x48, 0x24, 0x00, 0xff,
    0x48, 0x24, 0x08, 0xff, 0x48, 0x24, 0x00, 0xff, 0x48, 0x20, 0x00, 0xff,
    0x48, 0x24, 0x08, 0xff, 0x48, 0x24, 0x08, 0xff, 0x48, 0x20, 0x08, 0xff,
    0x50, 0x24, 0x00, 0xff, 0x50, 0x24, 0x08, 0xff, 0x50, 0x20, 0x00, 0xff,
    0x48, 0x24, 0x00, 0xff, 0x50, 0x24, 0x00, 0xff, 0x48, 0x24, 0x00, 0xff,
    0x48, 0x24, 0x08, 0xff, 0x48, 0x20, 0x08, 0xff, 0x50, 0x24, 0x00, 0xff,
    0x48, 0x24, 0x00, 0xff, 0x48, 0x20, 0x00, 0xff, 0x50, 0x20, 0x00, 0xff,
    0x48, 0x24, 0x00, 0xff, 0x50, 0x24, 0x08, 0xff, 0x48, 0x20, 0x00, 0xff,
    0x48, 0x24, 0x00, 0xff, 0x50, 0x24, 0x08, 0xff, 0x50, 0x20, 0x08, 0xff,
    0x48, 0x24, 0x08, 0xff, 0x48, 0x24, 0x08, 0xff, 0x48, 0x20, 0x08, 0xff,
    0x48, 0x20, 0x00, 0xff, 0x48, 0x24, 0x00, 0xff, 0x50, 0x24, 0x00, 0xff,
    0x48, 0x24, 0x00, 0xff, 0x48, 0x24, 0x08, 0xff, 0x48, 0x20, 0x08, 0xff,
    0x50, 0x24, 0x08, 0xff, 0x48, 0x24, 0x00, 0xff, 0x48, 0x24, 0x00, 0xff,
    0x50, 0x24, 0x00, 0xff, 0x50, 0x24, 0x00, 0xff, 0x48, 0x24, 0x08, 0xff,
    0x48, 0x24, 0x00, 0xff, 0x50, 0x24, 0x00, 0xff, 0x48, 0x24, 0x00, 0xff,
    0x48, 0x24, 0x08, 0xff, 0x48, 0x20, 0x00, 0xff, 0x48, 0x24, 0x00, 0xff,
    0x48, 0x24, 0x08, 0xff, 0x48, 0x24, 0x00, 0xff, 0x50, 0x20, 0x08, 0xff,
    0x48, 0x24, 0x08, 0xff, 0x48, 0x24, 0x00, 0xff, 0x48, 0x20, 0x00, 0xff,
    0x48, 0x24, 0x00, 0xff, 0x48, 0x24, 0x08, 0xff, 0x48, 0x24, 0x08, 0xff,
    0x50, 0x24, 0x08, 0xff, 0x48, 0x20, 0x00, 0xff, 0x48, 0x24, 0x00, 0xff,
    0x48, 0x24, 0x00, 0xff, 0x48, 0x24, 0x00, 0xff, 0x48, 0x24, 0x00, 0xff,
    0x48, 0x24, 0x00, 0xff, 0x50, 0x24, 0x08, 0xff, 0x48, 0x20, 0x00, 0xff,
    0x48, 0x24, 0x08, 0xff, 0x48, 0x24, 0x00, 0xff, 0x48, 0x24, 0x00, 0xff,
    0x48, 0x24, 0x08, 0xff, 0x50, 0x24, 0x00, 0xff, 0x50, 0x20, 0x00, 0xff,
    0x48, 0x24, 0x08, 0xff, 0x48, 0x20, 0x08, 0xff, 0x50, 0x24, 0x00, 0xff,
    0x48, 0x24, 0x00, 0xff, 0x50, 0x20, 0x08, 0xff, 0x50, 0x24, 0x00, 0xff,
    0x48, 0x24, 0x00, 0xff, 0x48, 0x24, 0x00, 0xff, 0x50, 0x24, 0x08, 0xff,
    0x50, 0x20, 0x08, 0xff, 0x48, 0x24, 0x00, 0xff, 0x48, 0x20, 0x00, 0xff,
    0x48, 0x20, 0x00, 0xff, 0x48, 0x24, 0x00, 0xff, 0x50, 0x24, 0x08, 0xff,
    0x48, 0x24, 0x00, 0xff, 0x48, 0x24, 0x00, 0xff, 0x50, 0x24, 0x08, 0xff,
    0x50, 0x24, 0x08, 0xff, 0x48, 0x20, 0x00, 0xff, 0x48, 0x24, 0x00, 0xff,
    0x50, 0x24, 0x00, 0xff, 0x50, 0x24, 0x00, 0xff, 0x50, 0x24, 0x00, 0xff,
    0x50, 0x24, 0x00, 0xff, 0x48, 0x24, 0x00, 0xff, 0x48, 0x20, 0x00, 0xff,
    0x48, 0x24, 0x08, 0xff, 0x48, 0x24, 0x08, 0xff, 0x48, 0x24, 0x00, 0xff,
    0x48, 0x20, 0x00, 0xff, 0x48, 0x24, 0x08, 0xff, 0x50, 0x24, 0x08, 0xff,
    0x48, 0x24, 0x08, 0xff, 0x48, 0x24, 0x00, 0xff, 0x48, 0x20, 0x00, 0xff,
    0x48, 0x24, 0x00, 0xff, 0x48, 0x24, 0x00, 0xff, 0x48, 0x24, 0x08, 0xff,
    0x48, 0x24, 0x08, 0xff, 0x48, 0x24, 0x00, 0xff, 0x50, 0x20, 0x08, 0xff,
    0x50, 0x24, 0x08, 0xff, 0x48, 0x24, 0x00, 0xff, 0x48, 0x24, 0x00, 0xff,
    0x50, 0x24, 0x00, 0xff, 0x48, 0x20, 0x00, 0xff, 0x48, 0x24, 0x00, 0xff,
    0x50, 0x24, 0x08, 0xff, 0x50, 0x24, 0x00, 0xff, 0x48, 0x20, 0x08, 0xff,
    0x48, 0x24, 0x00, 0xff, 0x50, 0x24, 0x00, 0xff, 0x50, 0x20, 0x00, 0xff,
    0x48, 0x24, 0x00, 0xff, 0x48, 0x24, 0x00, 0xff, 0x48, 0x20, 0x08, 0xff,
    0x50, 0x20, 0x00, 0xff, 0x48, 0x24, 0x00, 0xff, 0x50, 0x24, 0x08, 0xff,
    0x50, 0x24, 0x00, 0xff, 0x48, 0x20, 0x00, 0xff, 0x48, 0x24, 0x00, 0xff,
    0x48, 0x24, 0x08, 0xff, 0x50, 0x24, 0x08, 0xff, 0x50, 0x24, 0x00, 0xff,
    0x50, 0x20, 0x00, 0xff, 0x50, 0x24, 0x00, 0xff, 0x50, 0x24, 0x08, 0xff,
    0x48, 0x20, 0x00, 0xff, 0x50, 0x24, 0x00, 0xff, 0x50, 0x24, 0x08, 0xff,
    0x48, 0x24, 0x00, 0xff, 0x48, 0x24, 0x00, 0xff, 0x50, 0x20, 0x00, 0xff,
    0x50, 0x24, 0x00, 0xff, 0x48, 0x24, 0x08, 0xff, 0x48, 0x24, 0x00, 0xff,
    0x48, 0x24, 0x08, 0xff, 0x48, 0x24, 0x00, 0xff, 0x48, 0x20, 0x00, 0xff,
    0x48, 0x24, 0x00, 0xff, 0x48, 0x24, 0x00, 0xff, 0x50, 0x24, 0x08, 0xff,
    0x48, 0x20, 0x00, 0xff, 0x50, 0x20, 0x00, 0xff, 0x50, 0x24, 0x08, 0xff,
    0x50, 0x24, 0x00, 0xff, 0x48, 0x24, 0x00, 0xff, 0x48, 0x24, 0x00, 0xff,
    0x48, 0x24, 0x08, 0xff, 0x48, 0x24, 0x00, 0xff, 0x48, 0x24, 0x08, 0xff,
    0x50, 0x24, 0x00, 0xff, 0x48, 0x24, 0x00, 0xff, 0x48, 0x24, 0x08, 0xff,
    0x48, 0x20, 0x08, 0xff, 0x50, 0x24, 0x00, 0xff, 0x48, 0x24, 0x00, 0xff,
    0x50, 0x24, 0x00, 0xff, 0x50, 0x24, 0x08, 0xff, 0x48, 0x24, 0x00, 0xff,
    0x48, 0x20, 0x08, 0xff, 0x48, 0x24, 0x08, 0xff, 0x48, 0x24, 0x00, 0xff,
    0x48, 0x20, 0x00, 0xff, 0x48, 0x24, 0x08, 0xff, 0x48, 0x24, 0x00, 0xff,
    0x48, 0x24, 0x00, 0xff, 0x48, 0x24, 0x00, 0xff, 0x50, 0x24, 0x00, 0xff,
    0x48, 0x24, 0x00, 0xff, 0x48, 0x24, 0x00, 0xff, 0x48, 0x24, 0x08, 0xff,
    0x50, 0x24, 0x08, 0xff, 0x50, 0x24, 0x00, 0xff, 0x50, 0x24, 0x00, 0xff,
    0x48, 0x20, 0x00, 0xff, 0x50, 0x24, 0x08, 0xff, 0x50, 0x20, 0x08, 0xff,
    0x48, 0x24, 0x08, 0xff, 0x48, 0x20, 0x00, 0xff, 0x48, 0x24, 0x00, 0xff,
    0x48, 0x24, 0x08, 0xff, 0x48, 0x20, 0x00, 0xff, 0x48, 0x24, 0x00, 0xff,
    0x48, 0x24, 0x00, 0xff, 0x48, 0x24, 0x08, 0xff, 0x50, 0x24, 0x00, 0xff,
    0x50, 0x24, 0x00, 0xff, 0x50, 0x20, 0x08, 0xff, 0x48, 0x24, 0x00, 0xff,
    0x50, 0x24, 0x00, 0xff, 0x48, 0x20, 0x00, 0xff, 0x50, 0x24, 0x08, 0xff,
    0x48, 0x24, 0x08, 0xff, 0x48, 0x20, 0x00, 0xff, 0x50, 0x20, 0x00, 0xff,
    0x48, 0x24, 0x00, 0xff, 0x48, 0x24, 0x08, 0xff, 0x50, 0x20, 0x08, 0xff,
    0x50, 0x24, 0x08, 0xff, 0x48, 0x24, 0x00, 0xff, 0x48, 0x20, 0x08, 0xff,
    0x48, 0x24, 0x08, 0xff, 0x48, 0x20, 0x00, 0xff, 0x48, 0x24, 0x00, 0xff,
    0x48, 0x24, 0x00, 0xff, 0x50, 0x20, 0x08, 0xff, 0x50, 0x24, 0x08, 0xff,
    0x50, 0x24, 0x00, 0xff, 0x48, 0x20, 0x08, 0xff, 0x48, 0x24, 0x00, 0xff,
    0x48, 0x24, 0x08, 0xff, 0x50, 0x24, 0x00, 0xff, 0x48, 0x20, 0x08, 0xff,
    0x48, 0x24, 0x00, 0xff, 0x48, 0x24, 0x08, 0xff, 0x48, 0x24, 0x08, 0xff,
    0x50, 0x24, 0x08, 0xff, 0x48, 0x20, 0x00, 0xff, 0x48, 0x24, 0x00, 0xff,
    0x48, 0x24, 0x08, 0xff, 0x50, 0x24, 0x00, 0xff, 0x50, 0x24, 0x08, 0xff,
    0x48, 0x24, 0x08, 0xff, 0x48, 0x24, 0x00, 0xff, 0x48, 0x20, 0x00, 0xff,
    0x50, 0x24, 0x08, 0xff, 0x48, 0x24, 0x08, 0xff, 0x48, 0x24, 0x00, 0xff,
    0x48, 0x24, 0x00, 0xff, 0x50, 0x24, 0x08, 0xff, 0x48, 0x24, 0x00, 0xff,
    0x48, 0x20, 0x00, 0xff, 0x48, 0x24, 0x08, 0xff, 0x48, 0x24, 0x08, 0xff,
    0x48, 0x20, 0x08, 0xff, 0x48, 0x20, 0x08, 0xff, 0x48, 0x24, 0x08, 0xff,
    0x50, 0x20, 0x00, 0xff, 0x50, 0x24, 0x00, 0xff, 0x50, 0x20, 0x08, 0xff,
    0x50, 0x24, 0x00, 0xff, 0x50, 0x24, 0x00, 0xff, 0x48, 0x24, 0x00, 0xff,
    0x50, 0x24, 0x00, 0xff, 0x50, 0x24, 0x08, 0xff, 0x48, 0x24, 0x08, 0xff,
    0x48, 0x24, 0x08, 0xff, 0x50, 0x24, 0x08, 0xff, 0x48, 0x20, 0x00, 0xff,
    0x48, 0x24, 0x00, 0xff, 0x50, 0x20, 0x08, 0xff, 0x48, 0x24, 0x00, 0xff,
    0x48, 0x24, 0x00, 0xff, 0x48, 0x24, 0x00, 0xff, 0x50, 0x20, 0x00, 0xff,
    0x48, 0x20, 0x08, 0xff, 0x48, 0x24, 0x08, 0xff, 0x48, 0x24, 0x00, 0xff,
    0x48, 0x24, 0x00, 0xff, 0x48, 0x24, 0x08, 0xff, 0x50, 0x24, 0x00, 0xff,
    0x48, 0x24, 0x08, 0xff, 0x48, 0x20, 0x00, 0xff, 0x48, 0x24, 0x08, 0xff,
    0x50, 0x24, 0x08, 0xff, 0x50, 0x24, 0x08, 0xff, 0x50, 0x24, 0x00, 0xff,
    0x48, 0x24, 0x00, 0xff, 0x50, 0x20, 0x08, 0xff, 0x48, 0x24, 0x00, 0xff,
    0x48, 0x20, 0x08, 0xff, 0x50, 0x24, 0x00, 0xff, 0x50, 0x24, 0x00, 0xff,
    0x48, 0x24, 0x00, 0xff, 0x48, 0x20, 0x00, 0xff, 0x48, 0x24, 0x08, 0xff,
    0x48, 0x24, 0x00, 0xff, 0x48, 0x24, 0x08, 0xff, 0x48, 0x20, 0x08, 0xff,
    0x48, 0x24, 0x08, 0xff, 0x48, 0x24, 0x08, 0xff, 0x48, 0x20, 0x00, 0xff,
    0x50, 0x20, 0x08, 0xff, 0x50, 0x24, 0x00, 0xff, 0x48, 0x24, 0x08, 0xff,
    0x48, 0x24, 0x08, 0xff, 0x50, 0x24, 0x00, 0xff, 0x48, 0x20, 0x00, 0xff,
    0x48, 0x24, 0x00, 0xff, 0x50, 0x24, 0x08, 0xff, 0x50, 0x20, 0x08, 0xff,
    0x50, 0x24, 0x08, 0xff, 0x48, 0x24, 0x00, 0xff, 0x48, 0x20, 0x00, 0xff,
    0x50, 0x24, 0x08, 0xff, 0x48, 0x24, 0x08, 0xff, 0x48, 0x24, 0x00, 0xff,
    0x48, 0x24, 0x08, 0xff, 0x50, 0x24, 0x00, 0xff, 0x50, 0x20, 0x00, 0xff,
    0x50, 0x24, 0x00, 0xff, 0x48, 0x24, 0x00, 0xff, 0x48, 0x20, 0x00, 0xff,
    0x48, 0x24, 0x08, 0xff, 0x48, 0x20, 0x08, 0xff, 0x50, 0x20, 0x00, 0xff,
    0x50, 0x24, 0x00, 0xff, 0x48, 0x24, 0x00, 0xff, 0x48, 0x24, 0x08, 0xff,
    0x48, 0x20, 0x08, 0xff, 0x48, 0x24, 0x00, 0xff, 0x50, 0x24, 0x08, 0xff,
    0x50, 0x24, 0x00, 0xff, 0x48, 0x24, 0x00, 0xff, 0x50, 0x20, 0x08, 0xff,
    0x50, 0x24, 0x08, 0xff, 0x50, 0x24, 0x00, 0xff, 0x48, 0x20, 0x00, 0xff,
    0x50, 0x24, 0x00, 0xff, 0x50, 0x20, 0x08, 0xff, 0x48, 0x24, 0x00, 0xff,
    0x50, 0x24, 0x08, 0xff, 0x50, 0x20, 0x08, 0xff, 0x50, 0x24, 0x00, 0xff,
    0x48, 0x20, 0x00, 0xff, 0x48, 0x20, 0x08, 0xff, 0x48, 0x24, 0x00, 0xff,
    0x48, 0x24, 0x00, 0xff, 0x48, 0x24, 0x00, 0xff, 0x48, 0x24, 0x00, 0xff,
    0x48, 0x20, 0x00, 0xff, 0x48, 0x24, 0x08, 0xff, 0x50, 0x20, 0x08, 0xff,
    0x50, 0x24, 0x00, 0xff, 0x50, 0x24, 0x08, 0xff, 0x50, 0x20, 0x08, 0xff,
    0x50, 0x24, 0x00, 0xff, 0x50, 0x24, 0x00, 0xff, 0x48, 0x24, 0x08, 0xff,
    0x48, 0x20, 0x08, 0xff, 0x48, 0x24, 0x00, 0xff, 0x48, 0x24, 0x00, 0xff,
    0x48, 0x24, 0x00, 0xff, 0x50, 0x20, 0x08, 0xff, 0x48, 0x24, 0x00, 0xff,
    0x50, 0x24, 0x00, 0xff, 0x50, 0x24, 0x08, 0xff, 0x48, 0x24, 0x00, 0xff,
    0x50, 0x20, 0x00, 0xff, 0x50, 0x24, 0x00, 0xff, 0x48, 0x24, 0x00, 0xff,
    0x48, 0x20, 0x00, 0xff, 0x50, 0x24, 0x00, 0xff, 0x50, 0x24, 0x08, 0xff,
    0x50, 0x24, 0x00, 0xff, 0x48, 0x24, 0x00, 0xff, 0x50, 0x24, 0x08, 0xff,
    0x50, 0x20, 0x00, 0xff, 0x48, 0x24, 0x00, 0xff, 0x48, 0x24, 0x00, 0xff,
    0x48, 0x20, 0x00, 0xff, 0x48, 0x24, 0x00, 0xff, 0x50, 0x24, 0x08, 0xff,
    0x50, 0x24, 0x00, 0xff, 0x48, 0x24, 0x00, 0xff, 0x48, 0x24, 0x00, 0xff,
    0x48, 0x24, 0x00, 0xff, 0x50, 0x20, 0x00, 0xff, 0x48, 0x24, 0x00, 0xff,
    0x48, 0x24, 0x00, 0xff, 0x50, 0x20, 0x08, 0xff, 0x48, 0x24, 0x00, 0xff,
    0x50, 0x24, 0x00, 0xff, 0x48, 0x24, 0x00, 0xff, 0x48, 0x20, 0x08, 0xff,
    0x50, 0x24, 0x00, 0xff, 0x50, 0x24, 0x08, 0xff, 0x50, 0x24, 0x00, 0xff,
    0x48, 0x20, 0x00, 0xff, 0x50, 0x24, 0x08, 0xff, 0x48, 0x20, 0x00, 0xff,
    0x48, 0x20, 0x00, 0xff, 0x48, 0x24, 0x00, 0xff, 0x50, 0x24, 0x08, 0xff,
    0x48, 0x24, 0x08, 0xff, 0x48, 0x20, 0x00, 0xff, 0x48, 0x24, 0x00, 0xff,
    0x50, 0x24, 0x00, 0xff, 0x50, 0x24, 0x00, 0xff, 0x50, 0x24, 0x00, 0xff,
    0x48, 0x24, 0x08, 0xff, 0x48, 0x24, 0x00, 0xff, 0x48, 0x24, 0x00, 0xff,
    0x48, 0x24, 0x08, 0xff, 0x48, 0x24, 0x00, 0xff, 0x48, 0x20, 0x08, 0xff,
    0x48, 0x20, 0x00, 0xff, 0x50, 0x24, 0x00, 0xff, 0x50, 0x20, 0x00, 0xff,
    0x50, 0x24, 0x00, 0xff, 0x48, 0x24, 0x00, 0xff, 0x50, 0x20, 0x00, 0xff,
    0x50, 0x24, 0x00, 0xff, 0x48, 0x24, 0x00, 0xff, 0x48, 0x24, 0x00, 0xff,
    0x48, 0x20, 0x00, 0xff, 0x50, 0x24, 0x08, 0xff, 0x48, 0x24, 0x08, 0xff,
    0x48, 0x24, 0x00, 0xff, 0x50, 0x24, 0x00, 0xff, 0x50, 0x24, 0x08, 0xff,
    0x50, 0x20, 0x00, 0xff, 0x48, 0x20, 0x00, 0xff, 0x48, 0x24, 0x00, 0xff,
    0x50, 0x24, 0x00, 0xff, 0x48, 0x24, 0x08, 0xff, 0x50, 0x24, 0x00, 0xff,
    0x48, 0x24, 0x00, 0xff, 0x48, 0x20, 0x00, 0xff, 0x48, 0x24, 0x00, 0xff,
    0x50, 0x24, 0x08, 0xff, 0x48, 0x24, 0x00, 0xff, 0x48, 0x24, 0x08, 0xff,
    0x48, 0x24, 0x00, 0xff, 0x48, 0x24, 0x08, 0xff, 0x48, 0x24, 0x08, 0xff,
    0x50, 0x20, 0x00, 0xff, 0x48, 0x24, 0x08, 0xff, 0x50, 0x24, 0x00, 0xff,
    0x48, 0x24, 0x08, 0xff, 0x48, 0x24, 0x00, 0xff, 0x50, 0x24, 0x00, 0xff,
    0x48, 0x20, 0x00, 0xff, 0x50, 0x24, 0x00, 0xff, 0x50, 0x24, 0x00, 0xff,
    0x48, 0x24, 0x00, 0xff, 0x48, 0x24, 0x08, 0xff, 0x48, 0x24, 0x00, 0xff,
    0x48, 0x24, 0x00, 0xff, 0x48, 0x20, 0x08, 0xff, 0x50, 0x24, 0x08, 0xff,
    0x50, 0x20, 0x00, 0xff, 0x48, 0x24, 0x00, 0xff, 0x48, 0x24, 0x08, 0xff,
    0x48, 0x24, 0x00, 0xff, 0x50, 0x24, 0x08, 0xff, 0x48, 0x24, 0x00, 0xff,
    0x48, 0x24, 0x00, 0xff, 0x50, 0x24, 0x00, 0xff, 0x48, 0x20, 0x00, 0xff,
    0x48, 0x20, 0x00, 0xff, 0x48, 0x24, 0x08, 0xff, 0x48, 0x24, 0x08, 0xff,
    0x48, 0x24, 0x08, 0xff, 0x50, 0x20, 0x08, 0xff, 0x50, 0x24, 0x00, 0xff,
    0x48, 0x24, 0x00, 0xff, 0x50, 0x24, 0x00, 0xff, 0x48, 0x24, 0x00, 0xff,
    0x48, 0x24, 0x00, 0xff, 0x50, 0x24, 0x08, 0xff, 0x50, 0x20, 0x00, 0xff,
    0x48, 0x24, 0x00, 0xff, 0x50, 0x20, 0x08, 0xff, 0x48, 0x24, 0x00, 0xff,
    0x48, 0x24, 0x00, 0xff, 0x50, 0x24, 0x08, 0xff, 0x48, 0x24, 0x00, 0xff,
    0x48, 0x24, 0x00, 0xff, 0x48, 0x24, 0x08, 0xff, 0x50, 0x24, 0x00, 0xff,
    0x48, 0x24, 0x08, 0xff, 0x48, 0x24, 0x00, 0xff, 0x50, 0x20, 0x08, 0xff,
    0x48, 0x24, 0x00, 0xff, 0x48, 0x24, 0x00, 0xff, 0x48, 0x20, 0x08, 0xff,
    0x48, 0x24, 0x00, 0xff, 0x48, 0x24, 0x00, 0xff, 0x50, 0x24, 0x08, 0xff,
    0x50, 0x24, 0x08, 0xff, 0x48, 0x24, 0x08, 0xff, 0x48, 0x24, 0x00, 0xff,
    0x50, 0x24, 0x00, 0xff, 0x50, 0x24, 0x00, 0xff, 0x48, 0x24, 0x00, 0xff,
    0x48, 0x20, 0x00, 0xff, 0x48, 0x24, 0x00, 0xff, 0x48, 0x24, 0x00, 0xff,
    0x48, 0x24, 0x08, 0xff, 0x48, 0x20, 0x08, 0xff, 0x50, 0x20, 0x00, 0xff,
    0x48, 0x24, 0x00, 0xff, 0x48, 0x24, 0x00, 0xff, 0x50, 0x24, 0x08, 0xff,
    0x50, 0x24, 0x08, 0xff, 0x48, 0x24, 0x00, 0xff, 0x48, 0x24, 0x08, 0xff,
    0x48, 0x20, 0x00, 0xff, 0x48, 0x24, 0x00, 0xff, 0x50, 0x24, 0x08, 0xff,
    0x48, 0x24, 0x08, 0xff, 0x48, 0x24, 0x08, 0xff, 0x48, 0x24, 0x00, 0xff,
    0x48, 0x24, 0x00, 0xff, 0x50, 0x24, 0x08, 0xff, 0x48, 0x24, 0x00, 0xff,
    0x48, 0x20, 0x00, 0xff, 0x50, 0x24, 0x00, 0xff, 0x48, 0x24, 0x08, 0xff,
    0x48, 0x24, 0x08, 0xff, 0x50, 0x24, 0x00, 0xff, 0x48, 0x24, 0x08, 0xff,
    0x48, 0x20, 0x08, 0xff, 0x50, 0x24, 0x00, 0xff, 0x48, 0x24, 0x00, 0xff,
    0x48, 0x20, 0x08, 0xff, 0x48, 0x20, 0x00, 0xff, 0x50, 0x24, 0x00, 0xff,
    0x48, 0x24, 0x00, 0xff, 0x50, 0x24, 0x08, 0xff, 0x50, 0x20, 0x00, 0xff,
    0x48, 0x24, 0x00, 0xff, 0x48, 0x24, 0x00, 0xff, 0x50, 0x24, 0x08, 0xff,
    0x48, 0x24, 0x08, 0xff, 0x48, 0x20, 0x00, 0xff, 0x48, 0x24, 0x00, 0xff,
    0x48, 0x24, 0x00, 0xff, 0x50, 0x20, 0x00, 0xff, 0x48, 0x24, 0x08, 0xff,
    0x48, 0x24, 0x00, 0xff, 0x48, 0x24, 0x00, 0xff, 0x50, 0x24, 0x08, 0xff,
    0x50, 0x24, 0x08, 0xff, 0x50, 0x20, 0x00, 0xff, 0x48, 0x20, 0x00, 0xff,
    0x50, 0x24, 0x08, 0xff, 0x50, 0x24, 0x00, 0xff, 0x50, 0x20, 0x00, 0xff,
    0x48, 0x24, 0x00, 0xff, 0x48, 0x24, 0x00, 0xff, 0x48, 0x24, 0x08, 0xff,
    0x50, 0x24, 0x00, 0xff, 0x48, 0x24, 0x08, 0xff, 0x48, 0x20, 0x00, 0xff,
    0x48, 0x24, 0x00, 0xff, 0x50, 0x24, 0x08, 0xff, 0x50, 0x24, 0x00, 0xff,
    0x48, 0x24, 0x08, 0xff, 0x48, 0x24, 0x00, 0xff, 0x48, 0x24, 0x00, 0xff,
    0x48, 0x20, 0x08, 0xff, 0x50, 0x24, 0x00, 0xff, 0x48, 0x24, 0x08, 0xff,
    0x48, 0x24, 0x08, 0xff, 0x48, 0x24, 0x08, 0xff, 0x50, 0x20, 0x08, 0xff,
    0x50, 0x24, 0x08, 0xff, 0x48, 0x24, 0x00, 0xff, 0x50, 0x24, 0x08, 0xff,
    0x48, 0x24, 0x00, 0xff, 0x48, 0x24, 0x00, 0xff, 0x48, 0x20, 0x00, 0xff,
    0x48, 0x24, 0x08, 0xff, 0x50, 0x24, 0x08, 0xff, 0x48, 0x24, 0x08, 0xff,
    0x48, 0x20, 0x00, 0xff, 0x50, 0x20, 0x00, 0xff, 0x48, 0x24, 0x08, 0xff,
    0x48, 0x24, 0x00, 0xff, 0x48, 0x24, 0x00, 0xff, 0x50, 0x20, 0x08, 0xff,
    0x48, 0x24, 0x00, 0xff, 0x48, 0x24, 0x00, 0xff, 0x50, 0x24, 0x00, 0xff,
    0x50, 0x20, 0x00, 0xff, 0x50, 0x24, 0x00, 0xff, 0x48, 0x24, 0x00, 0xff,
    0x48, 0x20, 0x08, 0xff, 0x50, 0x24, 0x00, 0xff, 0x48, 0x24, 0x00, 0xff,
    0x50, 0x20, 0x00, 0xff, 0x50, 0x24, 0x00, 0xff, 0x48, 0x20, 0x00, 0xff,
    0x50, 0x24, 0x00, 0xff, 0x48, 0x24, 0x00, 0xff, 0x48, 0x24, 0x08, 0xff,
    0x48, 0x24, 0x08, 0xff, 0x48, 0x24, 0x00, 0xff, 0x50, 0x20, 0x00, 0xff,
    0x50, 0x20, 0x00, 0xff, 0x50, 0x24, 0x00, 0xff, 0x48, 0x24, 0x00, 0xff,
    0x48, 0x24, 0x08, 0xff, 0x50, 0x20, 0x00, 0xff, 0x48, 0x24, 0x00, 0xff,
    0x48, 0x24, 0x00, 0xff, 0x48, 0x20, 0x00, 0xff, 0x50, 0x20, 0x08, 0xff,
    0x48, 0x24, 0x08, 0xff, 0x48, 0x24, 0x00, 0xff, 0x50, 0x24, 0x08, 0xff,
    0x50, 0x24, 0x00, 0xff, 0x50, 0x20, 0x00, 0xff, 0x48, 0x24, 0x00, 0xff,
    0x48, 0x24, 0x00, 0xff, 0x48, 0x24, 0x00, 0xff, 0x50, 0x20, 0x08, 0xff,
    0x50, 0x24, 0x08, 0xff, 0x48, 0x24, 0x00, 0xff, 0x48, 0x24, 0x08, 0xff,
    0x50, 0x24, 0x08, 0xff, 0x48, 0x20, 0x00, 0xff, 0x48, 0x24, 0x08, 0xff,
    0x50, 0x24, 0x00, 0xff, 0x48, 0x24, 0x00, 0xff, 0x48, 0x24, 0x00, 0xff,
    0x48, 0x20, 0x08, 0xff, 0x48, 0x20, 0x00, 0xff, 0x48, 0x24, 0x00, 0xff,
    0x48, 0x24, 0x00, 0xff, 0x50, 0x20, 0x00, 0xff, 0x48, 0x24, 0x00, 0xff,
    0x48, 0x24, 0x00, 0xff, 0x50, 0x20, 0x08, 0xff, 0x48, 0x24, 0x00, 0xff,
    0x48, 0x24, 0x00, 0xff, 0x48, 0x24, 0x00, 0xff, 0x48, 0x24, 0x08, 0xff,
    0x50, 0x24, 0x00, 0xff, 0x50, 0x24, 0x00, 0xff, 0x48, 0x20, 0x00, 0xff,
    0x48, 0x24, 0x00, 0xff, 0x50, 0x20, 0x00, 0xff, 0x50, 0x20, 0x08, 0xff,
    0x48, 0x24, 0x08, 0xff, 0x48, 0x24, 0x00, 0xff, 0x50, 0x24, 0x08, 0xff,
    0x48, 0x24, 0x08, 0xff, 0x50, 0x24, 0x00, 0xff, 0x48, 0x24, 0x08, 0xff,
    0x48, 0x24, 0x00, 0xff, 0x48, 0x24, 0x00, 0xff, 0x48, 0x24, 0x00, 0xff,
    0x50, 0x24, 0x00, 0xff, 0x50, 0x24, 0x08, 0xff, 0x48, 0x20, 0x00, 0xff,
    0x48, 0x20, 0x00, 0xff, 0x48, 0x24, 0x08, 0xff, 0x50, 0x24, 0x00, 0xff,
    0x50, 0x24, 0x08, 0xff, 0x48, 0x20, 0x00, 0xff, 0x48, 0x24, 0x00, 0xff,
    0x48, 0x24, 0x00, 0xff, 0x48, 0x24, 0x00, 0xff, 0x50, 0x20, 0x08, 0xff,
    0x50, 0x24, 0x08, 0xff, 0x48, 0x24, 0x00, 0xff, 0x48, 0x20, 0x08, 0xff,
    0x48, 0x24, 0x00, 0xff, 0x50, 0x20, 0x08, 0xff, 0x48, 0x24, 0x00, 0xff,
    0x48, 0x24, 0x00, 0xff, 0x48, 0x20, 0x08, 0xff, 0x50, 0x24, 0x00, 0xff,
    0x50, 0x24, 0x00, 0xff, 0x48, 0x24, 0x08, 0xff, 0x48, 0x24, 0x00, 0xff,
    0x48, 0x24, 0x00, 0xff, 0x50, 0x24, 0x08, 0xff, 0x48, 0x20, 0x08, 0xff,
    0x48, 0x24, 0x00, 0xff, 0x48, 0x20, 0x08, 0xff, 0x48, 0x24, 0x08, 0xff,
    0x50, 0x24, 0x08, 0xff, 0x48, 0x24, 0x00, 0xff, 0x48, 0x20, 0x00, 0xff,
    0x50, 0x24, 0x00, 0xff, 0x50, 0x20, 0x08, 0xff, 0x50, 0x24, 0x08, 0xff,
    0x48, 0x24, 0x00, 0xff, 0x48, 0x20, 0x00, 0xff, 0x48, 0x24, 0x00, 0xff,
    0x48, 0x24, 0x08, 0xff, 0x50, 0x20, 0x00, 0xff, 0x48, 0x24, 0x00, 0xff,
    0x48, 0x24, 0x00, 0xff, 0x48, 0x24, 0x08, 0xff, 0x48, 0x24, 0x00, 0xff,
    0x48, 0x24, 0x00, 0xff, 0x48, 0x24, 0x08, 0xff, 0x48, 0x24, 0x08, 0xff,
    0x50, 0x24, 0x08, 0xff, 0x48, 0x20, 0x08, 0xff, 0x48, 0x24, 0x00, 0xff,
    0x48, 0x20, 0x00, 0xff, 0x50, 0x20, 0x00, 0xff, 0x50, 0x24, 0x08, 0xff,
    0x50, 0x20, 0x00, 0xff, 0x48, 0x20, 0x08, 0xff, 0x48, 0x24, 0x00, 0xff,
    0x50, 0x24, 0x00, 0xff, 0x48, 0x24, 0x08, 0xff, 0x48, 0x20, 0x08, 0xff,
    0x48, 0x24, 0x00, 0xff, 0x48, 0x24, 0x08, 0xff, 0x48, 0x24, 0x00, 0xff,
    0x48, 0x20, 0x00, 0xff, 0x50, 0x24, 0x00, 0xff, 0x48, 0x24, 0x00, 0xff,
    0x48, 0x24, 0x00, 0xff, 0x50, 0x24, 0x00, 0xff, 0x48, 0x20, 0x00, 0xff,
    0x50, 0x20, 0x00, 0xff, 0x50, 0x24, 0x08, 0xff, 0x48, 0x24, 0x08, 0xff,
    0x48, 0x24, 0x00, 0xff, 0x48, 0x24, 0x00, 0xff, 0x50, 0x24, 0x00, 0xff,
    0x50, 0x24, 0x08, 0xff, 0x48, 0x24, 0x00, 0xff, 0x48, 0x20, 0x00, 0xff,
    0x50, 0x24, 0x08, 0xff, 0x50, 0x20, 0x08, 0xff, 0x48, 0x24, 0x00, 0xff,
    0x48, 0x24, 0x08, 0xff, 0x50, 0x20, 0x08, 0xff, 0x48, 0x20, 0x00, 0xff,
    0x48, 0x24, 0x08, 0xff, 0x48, 0x20, 0x08, 0xff, 0x50, 0x24, 0x00, 0xff,
    0x48, 0x24, 0x00, 0xff, 0x48, 0x24, 0x08, 0xff, 0x50, 0x20, 0x00, 0xff,
    0x48, 0x24, 0x08, 0xff, 0x48, 0x24, 0x08, 0xff, 0x48, 0x24, 0x08, 0xff,
    0x48, 0x24, 0x08, 0xff, 0x48, 0x20, 0x08, 0xff, 0x48, 0x20, 0x00, 0xff,
    0x50, 0x24, 0x00, 0xff, 0x50, 0x20, 0x00, 0xff, 0x48, 0x24, 0x08, 0xff,
    0x48, 0x24, 0x08, 0xff, 0x48, 0x24, 0x08, 0xff, 0x48, 0x24, 0x00, 0xff,
    0x48, 0x24, 0x00, 0xff, 0x48, 0x24, 0x08, 0xff, 0x50, 0x24, 0x08, 0xff,
    0x50, 0x24, 0x00, 0xff, 0x50, 0x24, 0x00, 0xff, 0x48, 0x24, 0x00, 0xff,
    0x50, 0x24, 0x00, 0xff, 0x50, 0x20, 0x08, 0xff, 0x48, 0x24, 0x00, 0xff,
    0x48, 0x24, 0x08, 0xff, 0x48, 0x24, 0x00, 0xff, 0x50, 0x20, 0x08, 0xff,
    0x50, 0x24, 0x00, 0xff, 0x48, 0x24, 0x00, 0xff, 0x48, 0x24, 0x00, 0xff,
    0x48, 0x24, 0x00, 0xff, 0x48, 0x20, 0x08, 0xff, 0x50, 0x20, 0x00, 0xff,
    0x48, 0x24, 0x00, 0xff, 0x48, 0x24, 0x00, 0xff, 0x48, 0x24, 0x00, 0xff,
    0x48, 0x24, 0x08, 0xff, 0x48, 0x24, 0x00, 0xff, 0x50, 0x24, 0x08, 0xff,
    0x50, 0x24, 0x00, 0xff, 0x50, 0x24, 0x00, 0xff, 0x50, 0x20, 0x08, 0xff,
    0x50, 0x24, 0x08, 0xff, 0x48, 0x24, 0x08, 0xff, 0x48, 0x20, 0x08, 0xff,
    0x50, 0x24, 0x08, 0xff, 0x48, 0x24, 0x00, 0xff, 0x48, 0x24, 0x00, 0xff,
    0x50, 0x24, 0x08, 0xff, 0x50, 0x20, 0x08, 0xff, 0x50, 0x24, 0x00, 0xff,
    0x48, 0x24, 0x00, 0xff, 0x48, 0x20, 0x08, 0xff, 0x50, 0x24, 0x08, 0xff,
    0x48, 0x24, 0x00, 0xff, 0x48, 0x24, 0x00, 0xff, 0x48, 0x24, 0x00, 0xff,
    0x50, 0x24, 0x08, 0xff, 0x48, 0x24, 0x08, 0xff, 0x48, 0x20, 0x00, 0xff,
    0x50, 0x24, 0x00, 0xff, 0x48, 0x24, 0x08, 0xff, 0x50, 0x20, 0x00, 0xff,
    0x50, 0x20, 0x00, 0xff, 0x50, 0x24, 0x00, 0xff, 0x48, 0x24, 0x08, 0xff,
    0x48, 0x24, 0x08, 0xff, 0x50, 0x20, 0x00, 0xff, 0x48, 0x24, 0x08, 0xff,
    0x48, 0x24, 0x00, 0xff, 0x50, 0x20, 0x00, 0xff, 0x48, 0x24, 0x00, 0xff,
    0x48, 0x20, 0x00, 0xff, 0x50, 0x24, 0x08, 0xff, 0x48, 0x24, 0x00, 0xff,
    0x50, 0x20, 0x08, 0xff, 0x50, 0x20, 0x00, 0xff, 0x48, 0x24, 0x00, 0xff,
    0x48, 0x24, 0x08, 0xff, 0x48, 0x20, 0x00, 0xff, 0x50, 0x24, 0x00, 0xff,
    0x48, 0x24, 0x08, 0xff, 0x48, 0x24, 0x08, 0xff, 0x50, 0x24, 0x00, 0xff,
    0x50, 0x20, 0x00, 0xff, 0x50, 0x24, 0x00, 0xff, 0x48, 0x24, 0x00, 0xff,
    0x48, 0x24, 0x00, 0xff, 0x50, 0x24, 0x00, 0xff, 0x50, 0x20, 0x08, 0xff,
    0x50, 0x24, 0x08, 0xff, 0x48, 0x24, 0x00, 0xff, 0x48, 0x24, 0x00, 0xff,
    0x48, 0x24, 0x00, 0xff, 0x50, 0x24, 0x00, 0xff, 0x48, 0x24, 0x00, 0xff,
    0x48, 0x24, 0x00, 0xff, 0x50, 0x20, 0x08, 0xff, 0x48, 0x24, 0x00, 0xff,
    0x48, 0x24, 0x08, 0xff, 0x48, 0x24, 0x00, 0xff, 0x48, 0x24, 0x00, 0xff,
    0x50, 0x24, 0x08, 0xff, 0x48, 0x24, 0x08, 0xff, 0x50, 0x24, 0x08, 0xff,
    0x50, 0x24, 0x00, 0xff, 0x50, 0x24, 0x08, 0xff, 0x48, 0x20, 0x00, 0xff,
    0x48, 0x24, 0x00, 0xff, 0x50, 0x24, 0x00, 0xff, 0x48, 0x24, 0x08, 0xff,
    0x50, 0x24, 0x08, 0xff, 0x48, 0x20, 0x00, 0xff, 0x48, 0x24, 0x00, 0xff,
    0x48, 0x24, 0x00, 0xff, 0x50, 0x20, 0x00, 0xff, 0x50, 0x24, 0x08, 0xff,
    0x50, 0x24, 0x08, 0xff, 0x48, 0x24, 0x00, 0xff, 0x48, 0x24, 0x00, 0xff,
    0x48, 0x24, 0x08, 0xff, 0x48, 0x24, 0x00, 0xff, 0x48, 0x24, 0x08, 0xff,
    0x48, 0x20, 0x00, 0xff, 0x50, 0x24, 0x00, 0xff, 0x50, 0x24, 0x00, 0xff,
    0x50, 0x24, 0x08, 0xff, 0x50, 0x24, 0x00, 0xff, 0x48, 0x20, 0x00, 0xff,
    0x50, 0x24, 0x00, 0xff, 0x50, 0x24, 0x08, 0xff, 0x48, 0x24, 0x00, 0xff,
    0x48, 0x20, 0x00, 0xff, 0x48, 0x24, 0x08, 0xff, 0x48, 0x24, 0x08, 0xff,
    0x48, 0x24, 0x00, 0xff, 0x48, 0x24, 0x00, 0xff, 0x50, 0x20, 0x08, 0xff,
    0x50, 0x24, 0x00, 0xff, 0x50, 0x24, 0x00, 0xff, 0x48, 0x20, 0x00, 0xff,
    0x48, 0x24, 0x00, 0xff, 0x48, 0x24, 0x08, 0xff, 0x50, 0x24, 0x08, 0xff,
    0x48, 0x24, 0x00, 0xff, 0x48, 0x24, 0x00, 0xff, 0x48, 0x24, 0x08, 0xff,
    0x50, 0x24, 0x00, 0xff, 0x48, 0x24, 0x00, 0xff, 0x48, 0x24, 0x08, 0xff,
    0x48, 0x24, 0x00, 0xff, 0x50, 0x24, 0x00, 0xff, 0x48, 0x24, 0x08, 0xff,
    0x50, 0x24, 0x00, 0xff, 0x48, 0x20, 0x00, 0xff, 0x48, 0x24, 0x08, 0xff,
    0x48, 0x24, 0x00, 0xff, 0x48, 0x24, 0x00, 0xff, 0x50, 0x20, 0x00, 0xff,
    0x50, 0x24, 0x00, 0xff, 0x50, 0x24, 0x00, 0xff, 0x50, 0x24, 0x08, 0xff,
    0x48, 0x24, 0x00, 0xff, 0x48, 0x24, 0x08, 0xff, 0x50, 0x24, 0x00, 0xff,
    0x48, 0x24, 0x00, 0xff, 0x48, 0x24, 0x00, 0xff, 0x50, 0x20, 0x08, 0xff,
    0x50, 0x20, 0x00, 0xff, 0x50, 0x24, 0x00, 0xff, 0x48, 0x20, 0x00, 0xff,
    0x48, 0x24, 0x08, 0xff, 0x48, 0x20, 0x08, 0xff, 0x48, 0x24, 0x00, 0xff,
    0x48, 0x24, 0x08, 0xff, 0x48, 0x24, 0x00, 0xff, 0x48, 0x20, 0x00, 0xff,
    0x48, 0x24, 0x00, 0xff, 0x50, 0x24, 0x08, 0xff, 0x48, 0x24, 0x00, 0xff,
    0x48, 0x20, 0x08, 0xff, 0x50, 0x24, 0x08, 0xff, 0x48, 0x24, 0x00, 0xff,
    0x48, 0x24, 0x08, 0xff, 0x50, 0x24, 0x00, 0xff, 0x48, 0x24, 0x00, 0xff,
    0x48, 0x24, 0x08, 0xff, 0x50, 0x20, 0x08, 0xff, 0x50, 0x20, 0x00, 0xff,
    0x50, 0x24, 0x00, 0xff, 0x50, 0x20, 0x08, 0xff, 0x48, 0x20, 0x00, 0xff,
    0x48, 0x24, 0x08, 0xff, 0x48, 0x24, 0x08, 0xff, 0x48, 0x24, 0x00, 0xff,
    0x48, 0x24, 0x00, 0xff, 0x50, 0x20, 0x00, 0xff, 0x48, 0x24, 0x00, 0xff,
    0x48, 0x24, 0x00, 0xff, 0x50, 0x20, 0x00, 0xff, 0x50, 0x24, 0x08, 0xff,
    0x48, 0x24, 0x00, 0xff, 0x48, 0x20, 0x00, 0xff, 0x48, 0x24, 0x00, 0xff,
    0x50, 0x24, 0x08, 0xff, 0x48, 0x24, 0x08, 0xff, 0x48, 0x24, 0x00, 0xff,
    0x50, 0x20, 0x08, 0xff, 0x48, 0x24, 0x08, 0xff, 0x50, 0x24, 0x00, 0xff,
    0x48, 0x20, 0x00, 0xff, 0x48, 0x20, 0x00, 0xff, 0x48, 0x24, 0x00, 0xff,
    0x48, 0x20, 0x00, 0xff, 0x48, 0x24, 0x00, 0xff, 0x48, 0x24, 0x00, 0xff,
    0x50, 0x24, 0x08, 0xff, 0x48, 0x24, 0x08, 0xff, 0x50, 0x20, 0x08, 0xff,
    0x48, 0x24, 0x00, 0xff, 0x48, 0x24, 0x00, 0xff, 0x50, 0x24, 0x00, 0xff,
    0x50, 0x24, 0x08, 0xff, 0x48, 0x24, 0x00, 0xff, 0x48, 0x24, 0x08, 0xff,
    0x48, 0x24, 0x00, 0xff, 0x48, 0x24, 0x00, 0xff, 0x50, 0x24, 0x08, 0xff,
    0x48, 0x24, 0x00, 0xff, 0x48, 0x24, 0x08, 0xff, 0x50, 0x24, 0x00, 0xff,
    0x48, 0x20, 0x00, 0xff, 0x50, 0x24, 0x00, 0xff, 0x50, 0x24, 0x00, 0xff,
    0x48, 0x24, 0x00, 0xff, 0x48, 0x24, 0x00, 0xff, 0x48, 0x20, 0x08, 0xff,
    0x48, 0x24, 0x00, 0xff, 0x48, 0x24, 0x08, 0xff, 0x48, 0x24, 0x08, 0xff,
    0x48, 0x20, 0x08, 0xff, 0x48, 0x20, 0x08, 0xff, 0x48, 0x24, 0x00, 0xff,
    0x48, 0x20, 0x00, 0xff, 0x50, 0x24, 0x00, 0xff, 0x50, 0x24, 0x00, 0xff,
    0x48, 0x24, 0x00, 0xff, 0x50, 0x20, 0x08, 0xff, 0x50, 0x24, 0x00, 0xff,
    0x48, 0x24, 0x00, 0xff, 0x48, 0x20, 0x00, 0xff, 0x50, 0x24, 0x08, 0xff,
    0x50, 0x24, 0x00, 0xff, 0x48, 0x20, 0x00, 0xff, 0x48, 0x24, 0x00, 0xff,
    0x48, 0x24, 0x00, 0xff, 0x50, 0x20, 0x08, 0xff, 0x48, 0x24, 0x00, 0xff,
    0x48, 0x20, 0x00, 0xff, 0x48, 0x24, 0x00, 0xff, 0x48, 0x24, 0x08, 0xff,
    0x50, 0x24, 0x08, 0xff, 0x50, 0x20, 0x08, 0xff, 0x48, 0x20, 0x00, 0xff,
    0x50, 0x24, 0x00, 0xff, 0x50, 0x24, 0x00, 0xff, 0x50, 0x20, 0x00, 0xff,
    0x48, 0x24, 0x00, 0xff, 0x48, 0x24, 0x00, 0xff, 0x48, 0x24, 0x00, 0xff,
    0x48, 0x24, 0x00, 0xff, 0x48, 0x24, 0x08, 0xff, 0x48, 0x24, 0x00, 0xff,
    0x50, 0x24, 0x00, 0xff, 0x50, 0x24, 0x00, 0xff, 0x50, 0x24, 0x00, 0xff,
    0x50, 0x24, 0x08, 0xff, 0x48, 0x20, 0x00, 0xff, 0x48, 0x24, 0x08, 0xff,
    0x48, 0x24, 0x00, 0xff, 0x48, 0x20, 0x00, 0xff, 0x50, 0x24, 0x08, 0xff,
    0x48, 0x24, 0x08, 0xff, 0x48, 0x24, 0x00, 0xff, 0x48, 0x20, 0x08, 0xff,
    0x50, 0x24, 0x08, 0xff, 0x50, 0x20, 0x00, 0xff, 0x50, 0x24, 0x00, 0xff,
    0x48, 0x24, 0x08, 0xff, 0x48, 0x24, 0x00, 0xff, 0x48, 0x24, 0x00, 0xff,
    0x48, 0x20, 0x08, 0xff, 0x48, 0x24, 0x08, 0xff, 0x48, 0x24, 0x08, 0xff,
    0x48, 0x20, 0x00, 0xff, 0x50, 0x24, 0x00, 0xff, 0x48, 0x24, 0x00, 0xff,
    0x48, 0x24, 0x00, 0xff, 0x50, 0x20, 0x00, 0xff, 0x50, 0x24, 0x00, 0xff,
    0x48, 0x24, 0x00, 0xff, 0x50, 0x20, 0x00, 0xff, 0x50, 0x24, 0x00, 0xff,
    0x50, 0x24, 0x00, 0xff, 0x48, 0x24, 0x00, 0xff, 0x48, 0x24, 0x00, 0xff,
    0x48, 0x20, 0x08, 0xff, 0x50, 0x24, 0x08, 0xff, 0x50, 0x24, 0x00, 0xff,
    0x50, 0x24, 0x00, 0xff, 0x50, 0x20, 0x00, 0xff, 0x48, 0x24, 0x08, 0xff,
    0x48, 0x24, 0x00, 0xff, 0x48, 0x24, 0x00, 0xff, 0x48, 0x24, 0x00, 0xff,
    0x50, 0x24, 0x08, 0xff, 0x48, 0x20, 0x00, 0xff, 0x48, 0x24, 0x08, 0xff,
    0x50, 0x24, 0x00, 0xff, 0x50, 0x20, 0x00, 0xff, 0x48, 0x24, 0x00, 0xff,
    0x48, 0x24, 0x08, 0xff, 0x48, 0x24, 0x08, 0xff, 0x48, 0x24, 0x00, 0xff,
    0x48, 0x20, 0x00, 0xff, 0x50, 0x24, 0x08, 0xff, 0x50, 0x24, 0x08, 0xff,
    0x48, 0x24, 0x00, 0xff, 0x48, 0x20, 0x00, 0xff, 0x50, 0x24, 0x08, 0xff,
    0x50, 0x24, 0x00, 0xff, 0x48, 0x20, 0x00, 0xff, 0x48, 0x24, 0x08, 0xff,
    0x48, 0x24, 0x00, 0xff, 0x48, 0x20, 0x00, 0xff, 0x50, 0x24, 0x08, 0xff,
    0x50, 0x20, 0x00, 0xff, 0x48, 0x24, 0x00, 0xff, 0x50, 0x24, 0x08, 0xff,
    0x50, 0x24, 0x00, 0xff, 0x48, 0x24, 0x00, 0xff, 0x48, 0x24, 0x08, 0xff,
    0x48, 0x24, 0x00, 0xff, 0x48, 0x24, 0x00, 0xff, 0x48, 0x24, 0x08, 0xff,
    0x48, 0x20, 0x00, 0xff, 0x50, 0x24, 0x00, 0xff, 0x48, 0x24, 0x00, 0xff,
    0x48, 0x24, 0x00, 0xff, 0x48, 0x24, 0x08, 0xff, 0x50, 0x24, 0x00, 0xff,
    0x50, 0x24, 0x00, 0xff, 0x48, 0x20, 0x08, 0xff, 0x48, 0x24, 0x00, 0xff,
    0x48, 0x24, 0x08, 0xff, 0x50, 0x24, 0x00, 0xff, 0x48, 0x24, 0x08, 0xff,
    0x48, 0x20, 0x00, 0xff, 0x50, 0x20, 0x00, 0xff, 0x48, 0x24, 0x00, 0xff,
    0x48, 0x24, 0x00, 0xff, 0x50, 0x20, 0x00, 0xff, 0x48, 0x24, 0x08, 0xff,
    0x48, 0x24, 0x00, 0xff, 0x50, 0x24, 0x00, 0xff, 0x50, 0x24, 0x08, 0xff,
    0x50, 0x24, 0x08, 0xff, 0x50, 0x20, 0x08, 0xff, 0x48, 0x24, 0x08, 0xff,
    0x48, 0x24, 0x00, 0xff, 0x48, 0x20, 0x00, 0xff, 0x48, 0x24, 0x00, 0xff,
    0x50, 0x24, 0x00, 0xff, 0x48, 0x24, 0x00, 0xff, 0x48, 0x20, 0x08, 0xff,
    0x48, 0x24, 0x00, 0xff, 0x50, 0x24, 0x08, 0xff, 0x50, 0x24, 0x00, 0xff,
    0x50, 0x20, 0x08, 0xff, 0x50, 0x24, 0x08, 0xff, 0x48, 0x24, 0x00, 0xff,
    0x48, 0x20, 0x00, 0xff, 0x48, 0x24, 0x00, 0xff, 0x50, 0x24, 0x08, 0xff,
    0x48, 0x24, 0x00, 0xff, 0x48, 0x24, 0x08, 0xff, 0x48, 0x24, 0x08, 0xff,
    0x50, 0x24, 0x08, 0xff, 0x50, 0x20, 0x00, 0xff, 0x50, 0x24, 0x00, 0xff,
    0x48, 0x24, 0x08, 0xff, 0x48, 0x24, 0x00, 0xff, 0x50, 0x20, 0x00, 0xff,
    0x50, 0x24, 0x00, 0xff, 0x50, 0x24, 0x00, 0xff, 0x48, 0x24, 0x00, 0xff,
    0x48, 0x24, 0x00, 0xff, 0x48, 0x20, 0x08, 0xff, 0x48, 0x24, 0x08, 0xff,
    0x48, 0x24, 0x00, 0xff, 0x48, 0x24, 0x08, 0xff, 0x48, 0x20, 0x08, 0xff,
    0x50, 0x24, 0x08, 0xff, 0x48, 0x24, 0x00, 0xff, 0x48, 0x24, 0x00, 0xff,
    0x50, 0x24, 0x08, 0xff, 0x48, 0x20, 0x08, 0xff, 0x50, 0x24, 0x08, 0xff,
    0x50, 0x24, 0x00, 0xff, 0x48, 0x20, 0x00, 0xff, 0x48, 0x24, 0x00, 0xff,
    0x50, 0x24, 0x00, 0xff, 0x48, 0x20, 0x08, 0xff, 0x48, 0x24, 0x00, 0xff,
    0x48, 0x24, 0x00, 0xff, 0x48, 0x24, 0x00, 0xff, 0x48, 0x24, 0x00, 0xff,
    0x48, 0x24, 0x00, 0xff, 0x48, 0x20, 0x08, 0xff, 0x48, 0x24, 0x08, 0xff,
    0x50, 0x24, 0x08, 0xff, 0x50, 0x24, 0x08, 0xff, 0x48, 0x24, 0x08, 0xff,
    0x48, 0x20, 0x00, 0xff, 0x50, 0x20, 0x00, 0xff, 0x50, 0x24, 0x08, 0xff,
    0x48, 0x20, 0x08, 0xff, 0x48, 0x20, 0x08, 0xff, 0x48, 0x24, 0x00, 0xff,
    0x48, 0x20, 0x00, 0xff, 0x48, 0x24, 0x08, 0xff, 0x48, 0x24, 0x00, 0xff,
    0x50, 0x20, 0x00, 0xff, 0x48, 0x24, 0x08, 0xff, 0x48, 0x24, 0x00, 0xff,
    0x50, 0x24, 0x00, 0xff, 0x48, 0x20, 0x00, 0xff, 0x50, 0x24, 0x00, 0xff,
    0x48, 0x24, 0x08, 0xff, 0x48, 0x24, 0x00, 0xff, 0x48, 0x20, 0x00, 0xff,
    0x50, 0x24, 0x00, 0xff, 0x50, 0x24, 0x08, 0xff, 0x50, 0x20, 0x00, 0xff,
    0x48, 0x24, 0x00, 0xff, 0x48, 0x24, 0x00, 0xff, 0x50, 0x20, 0x00, 0xff,
    0x50, 0x24, 0x08, 0xff, 0x48, 0x24, 0x08, 0xff, 0x50, 0x20, 0x00, 0xff,
    0x50, 0x20, 0x08, 0xff, 0x48, 0x24, 0x08, 0xff, 0x48, 0x24, 0x00, 0xff,
    0x48, 0x20, 0x08, 0xff, 0x48, 0x24, 0x08, 0xff, 0x48, 0x24, 0x08, 0xff,
    0x48, 0x24, 0x08, 0xff, 0x50, 0x20, 0x08, 0xff, 0x48, 0x20, 0x08, 0xff,
    0x50, 0x24, 0x00, 0xff, 0x48, 0x24, 0x00, 0xff, 0x48, 0x24, 0x00, 0xff,
    0x48, 0x20, 0x08, 0xff, 0x48, 0x24, 0x08, 0xff, 0x48, 0x24, 0x00, 0xff,
    0x50, 0x24, 0x08, 0xff, 0x48, 0x20, 0x08, 0xff, 0x48, 0x20, 0x08, 0xff,
    0x48, 0x24, 0x00, 0xff, 0x50, 0x24, 0x00, 0xff, 0x48, 0x20, 0x00, 0xff,
    0x48, 0x24, 0x08, 0xff, 0x48, 0x24, 0x08, 0xff, 0x50, 0x24, 0x00, 0xff,
    0x48, 0x24, 0x00, 0xff, 0x48, 0x24, 0x00, 0xff, 0x50, 0x24, 0x08, 0xff,
    0x50, 0x24, 0x00, 0xff, 0x48, 0x24, 0x00, 0xff, 0x48, 0x20, 0x00, 0xff,
    0x50, 0x24, 0x00, 0xff, 0x50, 0x24, 0x08, 0xff, 0x48, 0x24, 0x00, 0xff,
    0x48, 0x20, 0x08, 0xff, 0x50, 0x24, 0x08, 0xff, 0x50, 0x24, 0x00, 0xff,
    0x50, 0x24, 0x00, 0xff, 0x48, 0x24, 0x00, 0xff, 0x48, 0x24, 0x00, 0xff,
    0x48, 0x24, 0x08, 0xff, 0x50, 0x20, 0x00, 0xff, 0x48, 0x24, 0x00, 0xff,
    0x48, 0x20, 0x08, 0xff, 0x48, 0x24, 0x00, 0xff, 0x48, 0x24, 0x00, 0xff,
    0x50, 0x20, 0x08, 0xff, 0x48, 0x24, 0x08, 0xff, 0x50, 0x24, 0x00, 0xff,
    0x50, 0x24, 0x00, 0xff, 0x48, 0x24, 0x00, 0xff, 0x50, 0x20, 0x08, 0xff,
    0x50, 0x20, 0x08, 0xff, 0x50, 0x24, 0x00, 0xff, 0x48, 0x24, 0x08, 0xff,
    0x48, 0x24, 0x08, 0xff, 0x48, 0x24, 0x00, 0xff, 0x48, 0x24, 0x00, 0xff,
    0x50, 0x20, 0x00, 0xff, 0x48, 0x20, 0x08, 0xff, 0x50, 0x24, 0x00, 0xff,
    0x48, 0x24, 0x08, 0xff, 0x48, 0x24, 0x00, 0xff, 0x50, 0x24, 0x00, 0xff,
    0x48, 0x24, 0x00, 0xff, 0x48, 0x24, 0x08, 0xff, 0x50, 0x24, 0x00, 0xff,
    0x50, 0x24, 0x08, 0xff, 0x48, 0x24, 0x08, 0xff, 0x48, 0x24, 0x00, 0xff,
    0x48, 0x24, 0x00, 0xff, 0x48, 0x24, 0x00, 0xff, 0x50, 0x24, 0x00, 0xff,
    0x48, 0x20, 0x00, 0xff, 0x50, 0x24, 0x00, 0xff, 0x48, 0x24, 0x08, 0xff,
    0x48, 0x24, 0x08, 0xff, 0x50, 0x20, 0x08, 0xff, 0x48, 0x24, 0x00, 0xff,
    0x48, 0x24, 0x00, 0xff, 0x48, 0x20, 0x00, 0xff, 0x48, 0x20, 0x08, 0xff,
    0x48, 0x24, 0x00, 0xff, 0x48, 0x24, 0x00, 0xff, 0x48, 0x20, 0x00, 0xff,
    0x50, 0x24, 0x08, 0xff, 0x50, 0x24, 0x08, 0xff, 0x48, 0x20, 0x00, 0xff,
    0x50, 0x24, 0x08, 0xff, 0x48, 0x24, 0x00, 0xff, 0x50, 0x20, 0x00, 0xff,
    0x48, 0x20, 0x00, 0xff, 0x48, 0x24, 0x08, 0xff, 0x48, 0x24, 0x00, 0xff,
    0x50, 0x24, 0x00, 0xff, 0x50, 0x20, 0x08, 0xff, 0x48, 0x24, 0x00, 0xff,
    0x48, 0x24, 0x00, 0xff, 0x48, 0x24, 0x00, 0xff, 0x50, 0x24, 0x08, 0xff,
    0x50, 0x24, 0x08, 0xff, 0x50, 0x24, 0x00, 0xff, 0x48, 0x24, 0x00, 0xff,
    0x48, 0x24, 0x00, 0xff, 0x50, 0x20, 0x00, 0xff, 0x48, 0x24, 0x00, 0xff,
    0x48, 0x24, 0x00, 0xff, 0x50, 0x24, 0x08, 0xff, 0x48, 0x24, 0x00, 0xff,
    0x48, 0x20, 0x00, 0xff, 0x48, 0x24, 0x00, 0xff, 0x50, 0x24, 0x00, 0xff,
    0x48, 0x24, 0x08, 0xff, 0x48, 0x24, 0x00, 0xff, 0x50, 0x24, 0x08, 0xff,
    0x48, 0x24, 0x08, 0xff, 0x50, 0x24, 0x08, 0xff, 0x50, 0x24, 0x00, 0xff,
    0x48, 0x20, 0x00, 0xff, 0x50, 0x24, 0x08, 0xff, 0x50, 0x24, 0x00, 0xff,
    0x48, 0x24, 0x08, 0xff, 0x48, 0x24, 0x08, 0xff, 0x48, 0x24, 0x00, 0xff,
    0x48, 0x24, 0x00, 0xff, 0x48, 0x20, 0x00, 0xff, 0x50, 0x24, 0x00, 0xff,
    0x50, 0x24, 0x08, 0xff, 0x48, 0x24, 0x00, 0xff, 0x48, 0x24, 0x00, 0xff,
    0x50, 0x24, 0x00, 0xff, 0x48, 0x24, 0x00, 0xff, 0x48, 0x24, 0x08, 0xff,
    0x48, 0x24, 0x08, 0xff, 0x50, 0x24, 0x00, 0xff, 0x50, 0x24, 0x00, 0xff,
    0x50, 0x20, 0x08, 0xff, 0x50, 0x24, 0x00, 0xff, 0x48, 0x24, 0x00, 0xff,
    0x48, 0x20, 0x08, 0xff, 0x50, 0x24, 0x08, 0xff, 0x48, 0x24, 0x00, 0xff,
    0x50, 0x24, 0x00, 0xff, 0x48, 0x24, 0x00, 0xff, 0x48, 0x24, 0x08, 0xff,
    0x48, 0x20, 0x08, 0xff, 0x48, 0x24, 0x00, 0xff, 0x48, 0x24, 0x08, 0xff,
    0x50, 0x24, 0x00, 0xff, 0x50, 0x24, 0x08, 0xff, 0x48, 0x24, 0x00, 0xff,
    0x48, 0x24, 0x00, 0xff, 0x50, 0x24, 0x00, 0xff, 0x48, 0x24, 0x08, 0xff,
    0x48, 0x24, 0x00, 0xff, 0x48, 0x24, 0x00, 0xff, 0x48, 0x24, 0x08, 0xff,
    0x50, 0x20, 0x00, 0xff, 0x50, 0x24, 0x00, 0xff, 0x48, 0x24, 0x00, 0xff,
    0x48, 0x20, 0x00, 0xff, 0x48, 0x24, 0x00, 0xff, 0x50, 0x24, 0x00, 0xff,
    0x48, 0x24, 0x00, 0xff, 0x48, 0x24, 0x00, 0xff, 0x50, 0x24, 0x08, 0xff,
    0x48, 0x24, 0x00, 0xff, 0x48, 0x24, 0x00, 0xff, 0x50, 0x20, 0x08, 0xff,
    0x48, 0x24, 0x00, 0xff, 0x50, 0x24, 0x00, 0xff, 0x50, 0x24, 0x00, 0xff,
    0x48, 0x24, 0x00, 0xff, 0x48, 0x20, 0x08, 0xff, 0x50, 0x24, 0x00, 0xff,
    0x50, 0x24, 0x00, 0xff, 0x48, 0x24, 0x00, 0xff, 0x48, 0x20, 0x08, 0xff,
    0x50, 0x24, 0x08, 0xff, 0x50, 0x20, 0x00, 0xff, 0x48, 0x20, 0x00, 0xff,
    0x48, 0x24, 0x08, 0xff, 0x50, 0x24, 0x00, 0xff, 0x48, 0x24, 0x00, 0xff,
    0x48, 0x20, 0x08, 0xff, 0x48, 0x24, 0x00, 0xff, 0x50, 0x24, 0x08, 0xff,
    0x48, 0x24, 0x00, 0xff, 0x48, 0x24, 0x00, 0xff, 0x48, 0x24, 0x00, 0xff,
    0x48, 0x20, 0x08, 0xff, 0x50, 0x24, 0x08, 0xff, 0x50, 0x24, 0x08, 0xff,
    0x48, 0x20, 0x00, 0xff, 0x48, 0x24, 0x08, 0xff, 0x48, 0x24, 0x08, 0xff,
    0x48, 0x24, 0x00, 0xff, 0x50, 0x20, 0x08, 0xff, 0x50, 0x24, 0x00, 0xff,
    0x48, 0x24, 0x00, 0xff, 0x50, 0x20, 0x00, 0xff, 0x48, 0x24, 0x00, 0xff,
    0x48, 0x24, 0x08, 0xff, 0x50, 0x24, 0x08, 0xff, 0x48, 0x24, 0x00, 0xff,
    0x48, 0x24, 0x00, 0xff, 0x48, 0x20, 0x00, 0xff, 0x48, 0x24, 0x00, 0xff,
    0x48, 0x20, 0x00, 0xff, 0x50, 0x24, 0x08, 0xff, 0x50, 0x24, 0x08, 0xff,
    0x48, 0x24, 0x00, 0xff, 0x48, 0x24, 0x00, 0xff, 0x48, 0x24, 0x00, 0xff,
    0x50, 0x24, 0x00, 0xff, 0x50, 0x24, 0x08, 0xff, 0x48, 0x24, 0x08, 0xff,
    0x50, 0x20, 0x08, 0xff, 0x50, 0x24, 0x00, 0xff, 0x48, 0x24, 0x00, 0xff,
    0x48, 0x20, 0x00, 0xff, 0x48, 0x20, 0x00, 0xff, 0x50, 0x24, 0x00, 0xff,
    0x48, 0x20, 0x08, 0xff, 0x48, 0x24, 0x00, 0xff, 0x48, 0x24, 0x00, 0xff,
    0x50, 0x24, 0x08, 0xff, 0x48, 0x24, 0x08, 0xff, 0x50, 0x24, 0x00, 0xff,
    0x50, 0x20, 0x00, 0xff, 0x48, 0x24, 0x00, 0xff, 0x50, 0x24, 0x08, 0xff,
    0x50, 0x24, 0x00, 0xff, 0x48, 0x24, 0x08, 0xff, 0x48, 0x24, 0x00, 0xff,
    0x48, 0x24, 0x00, 0xff, 0x50, 0x24, 0x00, 0xff, 0x50, 0x20, 0x08, 0xff,
    0x48, 0x24, 0x00, 0xff, 0x48, 0x24, 0x00, 0xff, 0x48, 0x24, 0x00, 0xff,
    0x48, 0x20, 0x00, 0xff, 0x50, 0x24, 0x08, 0xff, 0x48, 0x24, 0x00, 0xff,
    0x48, 0x24, 0x00, 0xff, 0x48, 0x24, 0x00, 0xff, 0x48, 0x24, 0x08, 0xff,
    0x48, 0x20, 0x00, 0xff, 0x48, 0x24, 0x00, 0xff, 0x50, 0x24, 0x08, 0xff,
    0x48, 0x24, 0x08, 0xff, 0x48, 0x24, 0x08, 0xff, 0x48, 0x20, 0x00, 0xff,
    0x48, 0x20, 0x00, 0xff, 0x48, 0x24, 0x08, 0xff, 0x50, 0x24, 0x00, 0xff,
    0x48, 0x24, 0x00, 0xff, 0x50, 0x24, 0x08, 0xff, 0x50, 0x24, 0x00, 0xff,
    0x48, 0x24, 0x00, 0xff, 0x48, 0x20, 0x00, 0xff, 0x50, 0x24, 0x08, 0xff,
    0x50, 0x24, 0x08, 0xff, 0x48, 0x20, 0x00, 0xff, 0x48, 0x24, 0x00, 0xff,
    0x48, 0x20, 0x00, 0xff, 0x48, 0x24, 0x08, 0xff, 0x50, 0x24, 0x00, 0xff,
    0x48, 0x20, 0x00, 0xff, 0x48, 0x24, 0x00, 0xff, 0x50, 0x24, 0x00, 0xff,
    0x50, 0x24, 0x08, 0xff, 0x48, 0x20, 0x08, 0xff, 0x48, 0x24, 0x08, 0xff,
    0x50, 0x20, 0x00, 0xff, 0x50, 0x24, 0x00, 0xff, 0x50, 0x24, 0x00, 0xff,
    0x50, 0x20, 0x00, 0xff, 0x48, 0x24, 0x00, 0xff, 0x48, 0x20, 0x00, 0xff,
    0x48, 0x24, 0x00, 0xff, 0x50, 0x24, 0x08, 0xff, 0x48, 0x24, 0x08, 0xff,
    0x48, 0x20, 0x00, 0xff, 0x50, 0x24, 0x00, 0xff, 0x50, 0x24, 0x00, 0xff,
    0x50, 0x20, 0x00, 0xff, 0x48, 0x24, 0x00, 0xff, 0x48, 0x24, 0x08, 0xff,
    0x48, 0x24, 0x00, 0xff, 0x48, 0x24, 0x08, 0xff, 0x48, 0x24, 0x08, 0xff,
    0x50, 0x20, 0x00, 0xff, 0x48, 0x24, 0x00, 0xff, 0x48, 0x24, 0x08, 0xff,
    0x48, 0x24, 0x00, 0xff, 0x50, 0x20, 0x08, 0xff, 0x50, 0x24, 0x08, 0xff,
    0x50, 0x24, 0x00, 0xff, 0x48, 0x20, 0x00, 0xff, 0x48, 0x24, 0x00, 0xff,
    0x48, 0x24, 0x08, 0xff, 0x48, 0x24, 0x00, 0xff, 0x48, 0x20, 0x08, 0xff,
    0x50, 0x24, 0x00, 0xff, 0x48, 0x24, 0x08, 0xff, 0x48, 0x20, 0x00, 0xff,
    0x48, 0x24, 0x00, 0xff, 0x50, 0x24, 0x08, 0xff, 0x50, 0x24, 0x00, 0xff,
    0x48, 0x24, 0x00, 0xff, 0x48, 0x24, 0x00, 0xff, 0x50, 0x20, 0x08, 0xff,
    0x50, 0x24, 0x00, 0xff, 0x50, 0x24, 0x00, 0xff, 0x48, 0x24, 0x08, 0xff,
    0x48, 0x20, 0x08, 0xff, 0x50, 0x24, 0x08, 0xff, 0x48, 0x20, 0x00, 0xff,
    0x50, 0x20, 0x08, 0xff, 0x50, 0x24, 0x00, 0xff, 0x48, 0x24, 0x00, 0xff,
    0x48, 0x24, 0x00, 0xff, 0x48, 0x20, 0x00, 0xff, 0x50, 0x24, 0x08, 0xff,
    0x50, 0x24, 0x00, 0xff, 0x48, 0x24, 0x08, 0xff, 0x48, 0x24, 0x08, 0xff,
    0x48, 0x24, 0x00, 0xff, 0x50, 0x20, 0x08, 0xff, 0x48, 0x24, 0x00, 0xff,
    0x48, 0x24, 0x00, 0xff, 0x50, 0x24, 0x08, 0xff, 0x48, 0x24, 0x00, 0xff,
    0x48, 0x24, 0x00, 0xff, 0x50, 0x20, 0x08, 0xff, 0x48, 0x24, 0x08, 0xff,
    0x48, 0x24, 0x00, 0xff, 0x50, 0x20, 0x08, 0xff, 0x48, 0x24, 0x00, 0xff,
    0x48, 0x24, 0x00, 0xff, 0x50, 0x20, 0x00, 0xff, 0x48, 0x24, 0x08, 0xff,
    0x48, 0x24, 0x00, 0xff, 0x48, 0x20, 0x00, 0xff, 0x50, 0x24, 0x00, 0xff,
    0x48, 0x24, 0x00, 0xff, 0x48, 0x24, 0x00, 0xff, 0x50, 0x24, 0x00, 0xff,
    0x50, 0x20, 0x00, 0xff, 0x48, 0x24, 0x00, 0xff, 0x48, 0x24, 0x08, 0xff,
    0x50, 0x24, 0x00, 0xff, 0x48, 0x24, 0x08, 0xff, 0x48, 0x24, 0x08, 0xff,
    0x48, 0x20, 0x00, 0xff, 0x48, 0x20, 0x00, 0xff, 0x48, 0x24, 0x08, 0xff,
    0x48, 0x24, 0x00, 0xff, 0x48, 0x24, 0x08, 0xff, 0x50, 0x24, 0x08, 0xff,
    0x50, 0x24, 0x00, 0xff, 0x48, 0x20, 0x00, 0xff, 0x48, 0x24, 0x00, 0xff,
    0x50, 0x20, 0x08, 0xff, 0x50, 0x24, 0x08, 0xff, 0x48, 0x24, 0x08, 0xff,
    0x48, 0x20, 0x00, 0xff, 0x48, 0x20, 0x00, 0xff, 0x48, 0x24, 0x08, 0xff,
    0x48, 0x24, 0x00, 0xff, 0x48, 0x20, 0x00, 0xff, 0x48, 0x24, 0x08, 0xff,
    0x48, 0x24, 0x00, 0xff, 0x50, 0x24, 0x08, 0xff, 0x48, 0x24, 0x08, 0xff,
    0x50, 0x24, 0x00, 0xff, 0x50, 0x20, 0x08, 0xff, 0x48, 0x24, 0x08, 0xff,
    0x48, 0x20, 0x00, 0xff, 0x50, 0x24, 0x00, 0xff, 0x48, 0x24, 0x08, 0xff,
    0x48, 0x20, 0x00, 0xff, 0x48, 0x24, 0x00, 0xff, 0x48, 0x24, 0x00, 0xff,
    0x50, 0x24, 0x08, 0xff, 0x50, 0x20, 0x00, 0xff, 0x50, 0x24, 0x00, 0xff,
    0x50, 0x24, 0x08, 0xff, 0x48, 0x24, 0x08, 0xff, 0x48, 0x24, 0x00, 0xff,
    0x48, 0x24, 0x00, 0xff, 0x50, 0x24, 0x08, 0xff, 0x50, 0x24, 0x00, 0xff,
    0x48, 0x24, 0x08, 0xff, 0x48, 0x20, 0x00, 0xff, 0x48, 0x24, 0x08, 0xff,
    0x50, 0x24, 0x08, 0xff, 0x50, 0x24, 0x08, 0xff, 0x50, 0x20, 0x00, 0xff,
    0x50, 0x24, 0x08, 0xff, 0x48, 0x24, 0x08, 0xff, 0x48, 0x20, 0x00, 0xff,
    0x50, 0x24, 0x00, 0xff, 0x50, 0x20, 0x00, 0xff, 0x50, 0x24, 0x08, 0xff,
    0x48, 0x24, 0x00, 0xff, 0x48, 0x24, 0x00, 0xff, 0x48, 0x20, 0x08, 0xff,
    0x48, 0x24, 0x00, 0xff, 0x48, 0x20, 0x08, 0xff, 0x48, 0x24, 0x08, 0xff,
    0x50, 0x24, 0x08, 0xff, 0x48, 0x20, 0x00, 0xff, 0x48, 0x24, 0x00, 0xff,
    0x48, 0x24, 0x08, 0xff, 0x50, 0x24, 0x00, 0xff, 0x50, 0x24, 0x08, 0xff,
    0x48, 0x24, 0x08, 0xff, 0x50, 0x20, 0x00, 0xff, 0x48, 0x24, 0x00, 0xff,
    0x50, 0x24, 0x08, 0xff, 0x48, 0x20, 0x00, 0xff, 0x48, 0x24, 0x00, 0xff,
    0x48, 0x20, 0x00, 0xff, 0x48, 0x24, 0x00, 0xff, 0x48, 0x24, 0x00, 0xff,
    0x48, 0x24, 0x00, 0xff, 0x48, 0x20, 0x00, 0xff, 0x48, 0x24, 0x08, 0xff,
    0x48, 0x24, 0x08, 0xff, 0x50, 0x24, 0x08, 0xff, 0x48, 0x24, 0x08, 0xff,
    0x48, 0x20, 0x08, 0xff, 0x48, 0x24, 0x00, 0xff, 0x50, 0x20, 0x00, 0xff,
    0x48, 0x24, 0x08, 0xff, 0x48, 0x24, 0x08, 0xff, 0x48, 0x24, 0x00, 0xff,
    0x48, 0x20, 0x08, 0xff, 0x50, 0x24, 0x00, 0xff, 0x48, 0x24, 0x00, 0xff,
    0x48, 0x20, 0x08, 0xff, 0x48, 0x24, 0x00, 0xff, 0x50, 0x24, 0x00, 0xff,
    0x48, 0x24, 0x00, 0xff, 0x50, 0x24, 0x00, 0xff, 0x50, 0x20, 0x00, 0xff,
    0x48, 0x20, 0x08, 0xff, 0x48, 0x24, 0x00, 0xff, 0x48, 0x24, 0x00, 0xff,
    0x48, 0x24, 0x00, 0xff, 0x50, 0x24, 0x00, 0xff, 0x50, 0x24, 0x08, 0xff,
    0x48, 0x20, 0x00, 0xff, 0x50, 0x20, 0x00, 0xff, 0x50, 0x24, 0x00, 0xff,
    0x48, 0x24, 0x08, 0xff, 0x48, 0x20, 0x00, 0xff, 0x50, 0x24, 0x00, 0xff,
    0x50, 0x24, 0x08, 0xff, 0x48, 0x20, 0x00, 0xff, 0x50, 0x20, 0x00, 0xff,
    0x48, 0x24, 0x08, 0xff, 0x48, 0x24, 0x08, 0xff, 0x48, 0x24, 0x00, 0xff,
    0x48, 0x24, 0x08, 0xff, 0x48, 0x24, 0x08, 0xff, 0x48, 0x20, 0x00, 0xff,
    0x50, 0x24, 0x00, 0xff, 0x48, 0x24, 0x00, 0xff, 0x48, 0x24, 0x00, 0xff,
    0x48, 0x24, 0x00, 0xff, 0x48, 0x24, 0x08, 0xff, 0x50, 0x24, 0x00, 0xff,
    0x50, 0x20, 0x08, 0xff, 0x48, 0x24, 0x08, 0xff, 0x48, 0x24, 0x08, 0xff,
    0x48, 0x24, 0x00, 0xff, 0x48, 0x20, 0x00, 0xff, 0x50, 0x24, 0x00, 0xff,
    0x48, 0x24, 0x08, 0xff, 0x48, 0x20, 0x00, 0xff, 0x50, 0x24, 0x00, 0xff,
    0x48, 0x24, 0x00, 0xff, 0x48, 0x20, 0x00, 0xff, 0x50, 0x24, 0x08, 0xff,
    0x48, 0x24, 0x08, 0xff, 0x48, 0x24, 0x00, 0xff, 0x48, 0x20, 0x00, 0xff,
    0x50, 0x24, 0x00, 0xff, 0x50, 0x24, 0x00, 0xff, 0x48, 0x24, 0x00, 0xff,
    0x50, 0x20, 0x08, 0xff, 0x48, 0x24, 0x08, 0xff, 0x50, 0x24, 0x00, 0xff,
    0x50, 0x20, 0x00, 0xff, 0x48, 0x24, 0x00, 0xff, 0x48, 0x24, 0x08, 0xff,
    0x48, 0x24, 0x08, 0xff, 0x50, 0x20, 0x00, 0xff, 0x50, 0x24, 0x08, 0xff,
    0x48, 0x24, 0x00, 0xff, 0x48, 0x24, 0x00, 0xff, 0x48, 0x24, 0x08, 0xff,
    0x48, 0x20, 0x08, 0xff, 0x48, 0x24, 0x00, 0xff, 0x50, 0x24, 0x00, 0xff,
    0x50, 0x24, 0x00, 0xff, 0x50, 0x24, 0x00, 0xff, 0x50, 0x20, 0x00, 0xff,
    0x50, 0x24, 0x08, 0xff, 0x50, 0x24, 0x00, 0xff, 0x48, 0x20, 0x00, 0xff,
    0x48, 0x24, 0x08, 0xff, 0x50, 0x24, 0x00, 0xff, 0x48, 0x24, 0x00, 0xff,
    0x48, 0x24, 0x00, 0xff, 0x48, 0x24, 0x00, 0xff, 0x50, 0x20, 0x00, 0xff,
    0x50, 0x24, 0x08, 0xff, 0x48, 0x24, 0x00, 0xff, 0x48, 0x20, 0x00, 0xff,
    0x50, 0x24, 0x00, 0xff, 0x48, 0x24, 0x08, 0xff, 0x50, 0x20, 0x00, 0xff,
    0x50, 0x24, 0x08, 0xff, 0x48, 0x24, 0x00, 0xff, 0x48, 0x24, 0x00, 0xff,
    0x48, 0x20, 0x00, 0xff, 0x50, 0x24, 0x00, 0xff, 0x50, 0x24, 0x00, 0xff,
    0x48, 0x24, 0x08, 0xff, 0x48, 0x20, 0x00, 0xff, 0x48, 0x24, 0x00, 0xff,
    0x48, 0x24, 0x08, 0xff, 0x50, 0x24, 0x08, 0xff, 0x48, 0x20, 0x08, 0xff,
    0x48, 0x20, 0x00, 0xff, 0x48, 0x24, 0x00, 0xff, 0x48, 0x24, 0x08, 0xff,
    0x48, 0x20, 0x00, 0xff, 0x48, 0x20, 0x00, 0xff, 0x48, 0x24, 0x08, 0xff,
    0x50, 0x24, 0x08, 0xff, 0x48, 0x20, 0x00, 0xff, 0x48, 0x20, 0x08, 0xff,
    0x50, 0x24, 0x00, 0xff, 0x50, 0x24, 0x00, 0xff, 0x50, 0x24, 0x00, 0xff,
    0x48, 0x20, 0x00, 0xff, 0x48, 0x24, 0x00, 0xff, 0x48, 0x20, 0x00, 0xff,
    0x48, 0x24, 0x00, 0xff, 0x50, 0x24, 0x00, 0xff, 0x48, 0x24, 0x00, 0xff,
    0x48, 0x24, 0x00, 0xff, 0x48, 0x24, 0x08, 0xff, 0x48, 0x24, 0x00, 0xff,
    0x50, 0x24, 0x00, 0xff, 0x50, 0x20, 0x08, 0xff, 0x50, 0x24, 0x00, 0xff,
    0x48, 0x24, 0x00, 0xff, 0x50, 0x24, 0x00, 0xff, 0x48, 0x20, 0x00, 0xff,
    0x48, 0x24, 0x00, 0xff, 0x50, 0x24, 0x08, 0xff, 0x48, 0x20, 0x00, 0xff,
    0x50, 0x24, 0x00, 0xff, 0x48, 0x24, 0x00, 0xff, 0x48, 0x24, 0x08, 0xff,
    0x50, 0x24, 0x00, 0xff, 0x48, 0x24, 0x00, 0xff, 0x48, 0x24, 0x08, 0xff,
    0x48, 0x20, 0x00, 0xff, 0x50, 0x24, 0x08, 0xff, 0x48, 0x24, 0x08, 0xff,
    0x48, 0x24, 0x00, 0xff, 0x50, 0x24, 0x00, 0xff, 0x50, 0x24, 0x00, 0xff,
    0x50, 0x20, 0x08, 0xff, 0x48, 0x24, 0x08, 0xff, 0x48, 0x20, 0x08, 0xff,
    0x50, 0x24, 0x00, 0xff, 0x48, 0x24, 0x00, 0xff, 0x50, 0x24, 0x00, 0xff,
    0x50, 0x24, 0x00, 0xff, 0x50, 0x24, 0x00, 0xff, 0x48, 0x24, 0x08, 0xff,
    0x50, 0x24, 0x00, 0xff, 0x50, 0x24, 0x00, 0xff, 0x48, 0x20, 0x08, 0xff,
    0x48, 0x24, 0x00, 0xff, 0x48, 0x24, 0x08, 0xff, 0x50, 0x20, 0x08, 0xff,
    0x50, 0x24, 0x00, 0xff, 0x50, 0x24, 0x00, 0xff, 0x48, 0x20, 0x00, 0xff,
    0x48, 0x20, 0x08, 0xff, 0x48, 0x24, 0x08, 0xff, 0x48, 0x24, 0x08, 0xff,
    0x50, 0x24, 0x00, 0xff, 0x50, 0x24, 0x00, 0xff, 0x48, 0x20, 0x08, 0xff,
    0x48, 0x24, 0x08, 0xff, 0x48, 0x24, 0x00, 0xff, 0x48, 0x24, 0x08, 0xff,
    0x50, 0x24, 0x00, 0xff, 0x48, 0x24, 0x08, 0xff, 0x48, 0x24, 0x08, 0xff,
    0x48, 0x24, 0x00, 0xff, 0x50, 0x20, 0x00, 0xff, 0x48, 0x24, 0x08, 0xff,
    0x48, 0x24, 0x00, 0xff, 0x48, 0x24, 0x08, 0xff, 0x48, 0x24, 0x08, 0xff,
    0x50, 0x24, 0x00, 0xff, 0x50, 0x24, 0x00, 0xff, 0x48, 0x20, 0x08, 0xff,
    0x48, 0x24, 0x00, 0xff, 0x50, 0x24, 0x00, 0xff, 0x48, 0x24, 0x00, 0xff,
    0x48, 0x24, 0x00, 0xff, 0x50, 0x24, 0x08, 0xff, 0x50, 0x20, 0x08, 0xff,
    0x48, 0x24, 0x00, 0xff, 0x50, 0x24, 0x00, 0xff, 0x48, 0x20, 0x08, 0xff,
    0x48, 0x24, 0x00, 0xff, 0x50, 0x24, 0x00, 0xff, 0x48, 0x24, 0x00, 0xff,
    0x48, 0x20, 0x00, 0xff, 0x50, 0x24, 0x00, 0xff, 0x50, 0x20, 0x08, 0xff,
    0x50, 0x24, 0x00, 0xff, 0x48, 0x24, 0x00, 0xff, 0x48, 0x24, 0x08, 0xff,
    0x50, 0x24, 0x08, 0xff, 0x48, 0x20, 0x08, 0xff, 0x48, 0x24, 0x00, 0xff,
    0x50, 0x24, 0x00, 0xff, 0x50, 0x24, 0x00, 0xff, 0x48, 0x24, 0x08, 0xff,
    0x50, 0x24, 0x08, 0xff, 0x48, 0x24, 0x00, 0xff, 0x48, 0x20, 0x08, 0xff,
    0x48, 0x24, 0x00, 0xff, 0x50, 0x24, 0x00, 0xff, 0x48, 0x24, 0x08, 0xff,
    0x48, 0x24, 0x08, 0xff, 0x50, 0x24, 0x08, 0xff, 0x50, 0x24, 0x00, 0xff,
    0x50, 0x20, 0x00, 0xff, 0x48, 0x24, 0x08, 0xff, 0x48, 0x24, 0x00, 0xff,
    0x48, 0x20, 0x08, 0xff, 0x50, 0x24, 0x08, 0xff, 0x50, 0x24, 0x00, 0xff,
    0x50, 0x20, 0x00, 0xff, 0x50, 0x24, 0x00, 0xff, 0x48, 0x20, 0x00, 0xff,
    0x48, 0x24, 0x08, 0xff, 0x48, 0x24, 0x08, 0xff, 0x48, 0x24, 0x08, 0xff,
    0x48, 0x24, 0x00, 0xff, 0x48, 0x20, 0x00, 0xff, 0x50, 0x24, 0x00, 0xff,
    0x48, 0x24, 0x00, 0xff, 0x48, 0x24, 0x08, 0xff, 0x50, 0x20, 0x08, 0xff,
    0x48, 0x24, 0x08, 0xff, 0x48, 0x24, 0x00, 0xff, 0x48, 0x24, 0x00, 0xff,
    0x50, 0x24, 0x00, 0xff, 0x50, 0x24, 0x08, 0xff, 0x50, 0x24, 0x08, 0xff,
    0x48, 0x24, 0x00, 0xff, 0x50, 0x24, 0x00, 0xff, 0x48, 0x24, 0x08, 0xff,
    0x48, 0x24, 0x00, 0xff, 0x50, 0x20, 0x00, 0xff, 0x50, 0x24, 0x00, 0xff,
    0x48, 0x24, 0x08, 0xff, 0x48, 0x24, 0x08, 0xff, 0x48, 0x24, 0x00, 0xff,
    0x48, 0x20, 0x00, 0xff, 0x50, 0x24, 0x08, 0xff, 0x50, 0x24, 0x00, 0xff,
    0x50, 0x20, 0x00, 0xff, 0x48, 0x24, 0x00, 0xff, 0x50, 0x24, 0x00, 0xff,
    0x48, 0x24, 0x00, 0xff, 0x48, 0x24, 0x08, 0xff, 0x48, 0x24, 0x00, 0xff,
    0x50, 0x24, 0x08, 0xff, 0x50, 0x24, 0x00, 0xff, 0x50, 0x20, 0x00, 0xff,
    0x48, 0x24, 0x00, 0xff, 0x48, 0x24, 0x00, 0xff, 0x48, 0x24, 0x00, 0xff,
    0x48, 0x24, 0x08, 0xff, 0x48, 0x24, 0x08, 0xff, 0x48, 0x20, 0x00, 0xff,
    0x48, 0x24, 0x00, 0xff, 0x50, 0x24, 0x08, 0xff, 0x48, 0x24, 0x08, 0xff,
    0x48, 0x24, 0x00, 0xff, 0x48, 0x20, 0x00, 0xff, 0x50, 0x24, 0x08, 0xff,
    0x50, 0x24, 0x08, 0xff, 0x48, 0x20, 0x00, 0xff, 0x48, 0x24, 0x00, 0xff,
    0x48, 0x24, 0x08, 0xff, 0x48, 0x24, 0x08, 0xff, 0x48, 0x24, 0x00, 0xff,
    0x48, 0x24, 0x00, 0xff, 0x50, 0x20, 0x08, 0xff, 0x50, 0x24, 0x00, 0xff,
    0x48, 0x24, 0x00, 0xff, 0x48, 0x24, 0x00, 0xff, 0x50, 0x24, 0x08, 0xff,
    0x48, 0x20, 0x08, 0xff, 0x48, 0x24, 0x00, 0xff, 0x48, 0x20, 0x00, 0xff,
    0x48, 0x20, 0x00, 0xff, 0x50, 0x24, 0x00, 0xff, 0x50, 0x24, 0x08, 0xff,
    0x48, 0x24, 0x00, 0xff, 0x48, 0x24, 0x00, 0xff, 0x50, 0x24, 0x08, 0xff,
    0x50, 0x20, 0x08, 0xff, 0x48, 0x24, 0x08, 0xff, 0x48, 0x24, 0x08, 0xff,
    0x48, 0x24, 0x00, 0xff, 0x50, 0x24, 0x00, 0xff, 0x50, 0x24, 0x00, 0xff,
    0x48, 0x20, 0x00, 0xff, 0x48, 0x24, 0x00, 0xff, 0x48, 0x20, 0x00, 0xff,
    0x48, 0x24, 0x00, 0xff, 0x48, 0x24, 0x08, 0xff, 0x48, 0x20, 0x00, 0xff,
    0x48, 0x24, 0x00, 0xff, 0x48, 0x24, 0x00, 0xff, 0x50, 0x20, 0x08, 0xff,
    0x50, 0x24, 0x00, 0xff, 0x48, 0x24, 0x00, 0xff, 0x48, 0x24, 0x00, 0xff,
    0x48, 0x24, 0x00, 0xff, 0x48, 0x24, 0x08, 0xff, 0x50, 0x24, 0x08, 0xff,
    0x50, 0x24, 0x00, 0xff, 0x48, 0x24, 0x00, 0xff, 0x48, 0x24, 0x00, 0xff,
    0x48, 0x24, 0x00, 0xff, 0x48, 0x24, 0x08, 0xff, 0x50, 0x24, 0x00, 0xff,
    0x50, 0x20, 0x00, 0xff, 0x48, 0x20, 0x08, 0xff, 0x50, 0x24, 0x00, 0xff,
    0x48, 0x20, 0x00, 0xff, 0x48, 0x24, 0x00, 0xff, 0x48, 0x24, 0x00, 0xff,
    0x50, 0x24, 0x00, 0xff, 0x48, 0x24, 0x08, 0xff, 0x48, 0x24, 0x00, 0xff,
    0x50, 0x20, 0x08, 0xff, 0x50, 0x24, 0x00, 0xff, 0x48, 0x24, 0x00, 0xff,
    0x48, 0x20, 0x00, 0xff, 0x48, 0x20, 0x00, 0xff, 0x50, 0x24, 0x00, 0xff,
    0x50, 0x24, 0x00, 0xff, 0x48, 0x20, 0x00, 0xff, 0x50, 0x20, 0x08, 0xff,
    0x50, 0x24, 0x08, 0xff, 0x48, 0x24, 0x00, 0xff, 0x48, 0x20, 0x00, 0xff,
    0x50, 0x24, 0x08, 0xff, 0x48, 0x24, 0x08, 0xff, 0x48, 0x24, 0x00, 0xff,
    0x48, 0x24, 0x00, 0xff, 0x48, 0x24, 0x00, 0xff, 0x50, 0x20, 0x08, 0xff,
    0x50, 0x24, 0x08, 0xff, 0x48, 0x24, 0x08, 0xff, 0x48, 0x24, 0x00, 0xff,
    0x48, 0x24, 0x00, 0xff, 0x48, 0x20, 0x08, 0xff, 0x50, 0x24, 0x00, 0xff,
    0x48, 0x24, 0x00, 0xff, 0x50, 0x24, 0x00, 0xff, 0x48, 0x24, 0x00, 0xff,
    0x48, 0x20, 0x00, 0xff, 0x50, 0x20, 0x08, 0xff, 0x48, 0x24, 0x00, 0xff,
    0x48, 0x24, 0x00, 0xff, 0x48, 0x20, 0x08, 0xff, 0x48, 0x24, 0x00, 0xff,
    0x50, 0x24, 0x00, 0xff, 0x48, 0x24, 0x00, 0xff, 0x48, 0x20, 0x00, 0xff,
    0x48, 0x20, 0x00, 0xff, 0x48, 0x24, 0x00, 0xff, 0x48, 0x24, 0x00, 0xff,
    0x48, 0x24, 0x00, 0xff, 0x48, 0x24, 0x00, 0xff, 0x50, 0x24, 0x08, 0xff,
    0x50, 0x20, 0x00, 0xff, 0x48, 0x24, 0x00, 0xff, 0x48, 0x24, 0x00, 0xff,
    0x48, 0x24, 0x00, 0xff, 0x48, 0x24, 0x08, 0xff, 0x48, 0x24, 0x08, 0xff,
    0x48, 0x20, 0x00, 0xff, 0x50, 0x24, 0x08, 0xff, 0x48, 0x24, 0x00, 0xff,
    0x48, 0x20, 0x00, 0xff, 0x50, 0x24, 0x08, 0xff, 0x48, 0x24, 0x08, 0xff,
    0x50, 0x24, 0x08, 0xff, 0x48, 0x20, 0x00, 0xff, 0x48, 0x24, 0x00, 0xff,
    0x50, 0x20, 0x00, 0xff, 0x50, 0x24, 0x08, 0xff, 0x48, 0x24, 0x08, 0xff,
    0x48, 0x20, 0x00, 0xff, 0x48, 0x24, 0x00, 0xff, 0x48, 0x24, 0x00, 0xff,
    0x50, 0x20, 0x00, 0xff, 0x48, 0x24, 0x08, 0xff, 0x48, 0x24, 0x00, 0xff,
    0x48, 0x20, 0x00, 0xff, 0x48, 0x24, 0x08, 0xff, 0x48, 0x24, 0x08, 0xff,
    0x50, 0x24, 0x00, 0xff, 0x48, 0x20, 0x00, 0xff, 0x48, 0x24, 0x08, 0xff,
    0x50, 0x24, 0x00, 0xff, 0x48, 0x24, 0x00, 0xff, 0x48, 0x24, 0x08, 0xff,
    0x48, 0x24, 0x00, 0xff, 0x50, 0x24, 0x00, 0xff, 0x48, 0x24, 0x08, 0xff,
    0x50, 0x24, 0x00, 0xff, 0x50, 0x24, 0x00, 0xff, 0x50, 0x20, 0x08, 0xff,
    0x48, 0x24, 0x00, 0xff, 0x48, 0x24, 0x08, 0xff, 0x48, 0x24, 0x00, 0xff,
    0x50, 0x20, 0x00, 0xff, 0x50, 0x24, 0x08, 0xff, 0x50, 0x24, 0x08, 0xff,
    0x50, 0x24, 0x00, 0xff, 0x48, 0x20, 0x00, 0xff, 0x48, 0x24, 0x08, 0xff,
    0x50, 0x24, 0x08, 0xff, 0x48, 0x24, 0x00, 0xff, 0x50, 0x24, 0x00, 0xff,
    0x50, 0x24, 0x08, 0xff, 0x48, 0x24, 0x08, 0xff, 0x48, 0x20, 0x00, 0xff,
    0x48, 0x24, 0x00, 0xff, 0x50, 0x24, 0x08, 0xff, 0x50, 0x20, 0x08, 0xff,
    0x48, 0x24, 0x00, 0xff, 0x50, 0x20, 0x00, 0xff, 0x48, 0x24, 0x00, 0xff,
    0x48, 0x24, 0x00, 0xff, 0x48, 0x24, 0x08, 0xff, 0x48, 0x24, 0x08, 0xff,
    0x50, 0x24, 0x08, 0xff, 0x48, 0x20, 0x00, 0xff, 0x48, 0x24, 0x00, 0xff,
    0x50, 0x24, 0x00, 0xff, 0x50, 0x24, 0x08, 0xff, 0x50, 0x24, 0x08, 0xff,
    0x48, 0x24, 0x00, 0xff, 0x48, 0x24, 0x08, 0xff, 0x48, 0x20, 0x00, 0xff,
    0x50, 0x24, 0x08, 0xff, 0x50, 0x24, 0x00, 0xff, 0x48, 0x24, 0x00, 0xff,
    0x48, 0x20, 0x00, 0xff, 0x50, 0x24, 0x00, 0xff, 0x48, 0x20, 0x00, 0xff,
    0x48, 0x24, 0x00, 0xff, 0x48, 0x24, 0x00, 0xff, 0x48, 0x24, 0x08, 0xff,
    0x50, 0x24, 0x00, 0xff, 0x48, 0x24, 0x08, 0xff, 0x50, 0x24, 0x08, 0xff,
    0x50, 0x20, 0x08, 0xff, 0x48, 0x24, 0x00, 0xff, 0x50, 0x24, 0x00, 0xff,
    0x48, 0x20, 0x08, 0xff, 0x48, 0x24, 0x08, 0xff, 0x48, 0x24, 0x00, 0xff,
    0x48, 0x24, 0x08, 0xff, 0x50, 0x24, 0x00, 0xff, 0x50, 0x20, 0x00, 0xff,
    0x48, 0x24, 0x08, 0xff, 0x48, 0x24, 0x00, 0xff, 0x48, 0x20, 0x00, 0xff,
    0x48, 0x24, 0x08, 0xff, 0x50, 0x24, 0x00, 0xff, 0x50, 0x20, 0x00, 0xff,
    0x48, 0x20, 0x08, 0xff, 0x48, 0x24, 0x00, 0xff, 0x48, 0x24, 0x00, 0xff,
    0x50, 0x24, 0x00, 0xff, 0x50, 0x24, 0x00, 0xff, 0x48, 0x24, 0x08, 0xff,
    0x48, 0x24, 0x08, 0xff, 0x50, 0x24, 0x00, 0xff, 0x50, 0x20, 0x00, 0xff,
    0x48, 0x20, 0x08, 0xff, 0x50, 0x24, 0x00, 0xff, 0x50, 0x24, 0x00, 0xff,
    0x48, 0x24, 0x00, 0xff, 0x48, 0x20, 0x00, 0xff, 0x50, 0x24, 0x00, 0xff,
    0x48, 0x24, 0x08, 0xff, 0x50, 0x24, 0x08, 0xff, 0x48, 0x24, 0x08, 0xff,
    0x48, 0x24, 0x00, 0xff, 0x50, 0x24, 0x08, 0xff, 0x48, 0x24, 0x08, 0xff,
    0x48, 0x20, 0x00, 0xff, 0x48, 0x24, 0x00, 0xff, 0x48, 0x24, 0x00, 0xff,
    0x48, 0x24, 0x00, 0xff, 0x48, 0x20, 0x00, 0xff, 0x50, 0x20, 0x00, 0xff,
    0x50, 0x24, 0x08, 0xff, 0x50, 0x24, 0x08, 0xff, 0x48, 0x24, 0x00, 0xff,
    0x48, 0x24, 0x00, 0xff, 0x48, 0x24, 0x00, 0xff, 0x48, 0x24, 0x00, 0xff,
    0x48, 0x24, 0x08, 0xff, 0x50, 0x24, 0x00, 0xff, 0x50, 0x24, 0x08, 0xff,
    0x48, 0x20, 0x00, 0xff, 0x48, 0x20, 0x00, 0xff, 0x50, 0x24, 0x08, 0xff,
    0x48, 0x24, 0x08, 0xff, 0x48, 0x24, 0x00, 0xff, 0x50, 0x24, 0x00, 0xff,
    0x48, 0x20, 0x00, 0xff, 0x50, 0x24, 0x00, 0xff, 0x50, 0x24, 0x08, 0xff,
    0x50, 0x24, 0x08, 0xff, 0x48, 0x24, 0x08, 0xff, 0x50, 0x24, 0x08, 0xff,
    0x50, 0x24, 0x00, 0xff, 0x50, 0x24, 0x00, 0xff, 0x48, 0x20, 0x08, 0xff,
    0x48, 0x20, 0x08, 0xff, 0x50, 0x24, 0x08, 0xff, 0x48, 0x24, 0x00, 0xff,
    0x48, 0x24, 0x00, 0xff, 0x48, 0x24, 0x00, 0xff, 0x50, 0x20, 0x08, 0xff,
    0x48, 0x20, 0x08, 0xff, 0x48, 0x24, 0x00, 0xff, 0x50, 0x24, 0x00, 0xff,
    0x50, 0x24, 0x00, 0xff, 0x48, 0x24, 0x00, 0xff, 0x50, 0x20, 0x00, 0xff,
    0x50, 0x24, 0x00, 0xff, 0x48, 0x24, 0x08, 0xff, 0x48, 0x24, 0x00, 0xff,
    0x48, 0x20, 0x00, 0xff, 0x50, 0x24, 0x00, 0xff, 0x50, 0x24, 0x00, 0xff,
    0x48, 0x24, 0x08, 0xff, 0x48, 0x24, 0x00, 0xff, 0x50, 0x20, 0x00, 0xff,
    0x48, 0x24, 0x08, 0xff, 0x48, 0x24, 0x00, 0xff, 0x48, 0x20, 0x08, 0xff,
    0x48, 0x24, 0x08, 0xff, 0x48, 0x24, 0x00, 0xff, 0x50, 0x20, 0x08, 0xff,
    0x50, 0x24, 0x00, 0xff, 0x50, 0x24, 0x00, 0xff, 0x48, 0x24, 0x08, 0xff,
    0x48, 0x20, 0x00, 0xff, 0x50, 0x24, 0x00, 0xff, 0x50, 0x24, 0x00, 0xff,
    0x48, 0x24, 0x08, 0xff, 0x50, 0x24, 0x08, 0xff, 0x48, 0x20, 0x00, 0xff,
    0x48, 0x24, 0x08, 0xff, 0x48, 0x24, 0x08, 0xff, 0x48, 0x20, 0x00, 0xff,
    0x48, 0x20, 0x08, 0xff, 0x48, 0x24, 0x08, 0xff, 0x48, 0x24, 0x00, 0xff,
    0x48, 0x20, 0x00, 0xff, 0x48, 0x24, 0x00, 0xff, 0x50, 0x24, 0x08, 0xff,
    0x48, 0x24, 0x08, 0xff, 0x48, 0x24, 0x00, 0xff, 0x48, 0x20, 0x00, 0xff,
    0x48, 0x24, 0x00, 0xff, 0x50, 0x24, 0x00, 0xff, 0x50, 0x24, 0x00, 0xff,
    0x48, 0x24, 0x00, 0xff, 0x50, 0x20, 0x08, 0xff, 0x48, 0x20, 0x00, 0xff,
    0x48, 0x24, 0x00, 0xff, 0x50, 0x20, 0x00, 0xff, 0x50, 0x24, 0x08, 0xff,
    0x48, 0x24, 0x00, 0xff, 0x48, 0x20, 0x00, 0xff, 0x48, 0x24, 0x00, 0xff,
    0x50, 0x24, 0x00, 0xff, 0x48, 0x24, 0x00, 0xff, 0x50, 0x20, 0x08, 0xff,
    0x48, 0x24, 0x00, 0xff, 0x50, 0x20, 0x00, 0xff, 0x48, 0x24, 0x00, 0xff,
    0x48, 0x24, 0x00, 0xff, 0x50, 0x20, 0x08, 0xff, 0x48, 0x24, 0x00, 0xff,
    0x48, 0x24, 0x08, 0xff, 0x48, 0x24, 0x00, 0xff, 0x48, 0x20, 0x00, 0xff,
    0x50, 0x24, 0x08, 0xff, 0x50, 0x24, 0x00, 0xff, 0x48, 0x24, 0x00, 0xff,
    0x48, 0x20, 0x00, 0xff, 0x48, 0x20, 0x08, 0xff, 0x48, 0x24, 0x00, 0xff,
    0x48, 0x24, 0x00, 0xff, 0x48, 0x24, 0x00, 0xff, 0x50, 0x24, 0x08, 0xff,
    0x50, 0x20, 0x08, 0xff, 0x50, 0x24, 0x08, 0xff, 0x48, 0x20, 0x00, 0xff,
    0x48, 0x24, 0x08, 0xff, 0x50, 0x24, 0x08, 0xff, 0x48, 0x20, 0x00, 0xff,
    0x48, 0x24, 0x00, 0xff, 0x50, 0x24, 0x08, 0xff, 0x48, 0x20, 0x08, 0xff,
    0x50, 0x24, 0x00, 0xff, 0x50, 0x24, 0x00, 0xff, 0x48, 0x24, 0x00, 0xff,
    0x50, 0x24, 0x00, 0xff, 0x48, 0x20, 0x08, 0xff, 0x48, 0x24, 0x08, 0xff,
    0x50, 0x24, 0x00, 0xff, 0x50, 0x20, 0x08, 0xff, 0x50, 0x24, 0x00, 0xff,
    0x48, 0x24, 0x00, 0xff, 0x48, 0x20, 0x08, 0xff, 0x50, 0x24, 0x08, 0xff,
    0x50, 0x24, 0x00, 0xff, 0x50, 0x20, 0x08, 0xff, 0x48, 0x24, 0x08, 0xff,
    0x48, 0x24, 0x08, 0xff, 0x48, 0x24, 0x08, 0xff, 0x48, 0x20, 0x00, 0xff,
    0x50, 0x24, 0x00, 0xff, 0x48, 0x24, 0x08, 0xff, 0x48, 0x24, 0x08, 0xff,
    0x50, 0x24, 0x00, 0xff, 0x48, 0x20, 0x08, 0xff, 0x48, 0x24, 0x08, 0xff,
    0x48, 0x20, 0x00, 0xff, 0x48, 0x24, 0x08, 0xff, 0x48, 0x24, 0x08, 0xff,
    0x50, 0x24, 0x00, 0xff, 0x48, 0x24, 0x08, 0xff, 0x48, 0x24, 0x00, 0xff,
    0x48, 0x20, 0x08, 0xff, 0x48, 0x24, 0x00, 0xff, 0x48, 0x24, 0x00, 0xff,
    0x48, 0x24, 0x00, 0xff, 0x50, 0x24, 0x08, 0xff, 0x50, 0x24, 0x08, 0xff,
    0x50, 0x24, 0x08, 0xff, 0x50, 0x24, 0x00, 0xff, 0x48, 0x24, 0x08, 0xff,
    0x48, 0x20, 0x00, 0xff, 0x50, 0x24, 0x00, 0xff, 0x48, 0x20, 0x08, 0xff,
    0x48, 0x24, 0x00, 0xff, 0x50, 0x20, 0x00, 0xff, 0x50, 0x20, 0x08, 0xff,
    0x50, 0x24, 0x00, 0xff, 0x48, 0x20, 0x00, 0xff, 0x48, 0x24, 0x00, 0xff,
    0x48, 0x24, 0x08, 0xff, 0x48, 0x24, 0x08, 0xff, 0x48, 0x24, 0x00, 0xff,
    0x50, 0x24, 0x00, 0xff, 0x48, 0x24, 0x08, 0xff, 0x48, 0x24, 0x08, 0xff,
    0x50, 0x20, 0x08, 0xff, 0x48, 0x24, 0x08, 0xff, 0x48, 0x24, 0x00, 0xff,
    0x48, 0x20, 0x00, 0xff, 0x48, 0x20, 0x00, 0xff, 0x48, 0x24, 0x00, 0xff,
    0x48, 0x24, 0x08, 0xff, 0x48, 0x24, 0x08, 0xff, 0x50, 0x24, 0x00, 0xff,
    0x50, 0x24, 0x00, 0xff, 0x48, 0x20, 0x00, 0xff, 0x48, 0x24, 0x00, 0xff,
    0x48, 0x20, 0x08, 0xff, 0x50, 0x24, 0x08, 0xff, 0x48, 0x24, 0x00, 0xff,
    0x50, 0x24, 0x00, 0xff, 0x50, 0x24, 0x08, 0xff, 0x48, 0x20, 0x00, 0xff,
    0x48, 0x24, 0x08, 0xff, 0x50, 0x24, 0x00, 0xff, 0x48, 0x24, 0x08, 0xff,
    0x48, 0x24, 0x08, 0xff, 0x50, 0x24, 0x00, 0xff, 0x50, 0x20, 0x00, 0xff,
    0x48, 0x24, 0x00, 0xff, 0x48, 0x24, 0x08, 0xff, 0x48, 0x24, 0x08, 0xff,
    0x48, 0x24, 0x00, 0xff, 0x48, 0x20, 0x00, 0xff, 0x48, 0x24, 0x00, 0xff,
    0x50, 0x24, 0x08, 0xff, 0x50, 0x20, 0x08, 0xff, 0x50, 0x24, 0x00, 0xff,
    0x50, 0x24, 0x00, 0xff, 0x50, 0x20, 0x08, 0xff, 0x48, 0x24, 0x00, 0xff,
    0x48, 0x24, 0x08, 0xff, 0x48, 0x24, 0x00, 0xff, 0x50, 0x20, 0x00, 0xff,
    0x48, 0x24, 0x00, 0xff, 0x48, 0x24, 0x08, 0xff, 0x48, 0x20, 0x08, 0xff,
    0x50, 0x20, 0x00, 0xff, 0x48, 0x24, 0x00, 0xff, 0x50, 0x24, 0x00, 0xff,
    0x50, 0x20, 0x00, 0xff, 0x50, 0x24, 0x08, 0xff, 0x50, 0x24, 0x00, 0xff,
    0x48, 0x24, 0x00, 0xff, 0x48, 0x24, 0x00, 0xff, 0x50, 0x20, 0x00, 0xff,
    0x50, 0x24, 0x08, 0xff, 0x50, 0x24, 0x00, 0xff, 0x48, 0x20, 0x00, 0xff,
    0x48, 0x24, 0x08, 0xff, 0x48, 0x24, 0x00, 0xff, 0x50, 0x20, 0x00, 0xff,
    0x48, 0x24, 0x08, 0xff, 0x48, 0x24, 0x08, 0xff, 0x50, 0x20, 0x08, 0xff,
    0x48, 0x24, 0x00, 0xff, 0x48, 0x24, 0x00, 0xff, 0x48, 0x24, 0x08, 0xff,
    0x48, 0x24, 0x00, 0xff, 0x48, 0x24, 0x08, 0xff, 0x48, 0x24, 0x00, 0xff,
    0x50, 0x24, 0x08, 0xff, 0x48, 0x24, 0x00, 0xff, 0x50, 0x24, 0x00, 0xff,
    0x48, 0x24, 0x08, 0xff, 0x48, 0x24, 0x08, 0xff, 0x48, 0x24, 0x00, 0xff,
    0x48, 0x24, 0x00, 0xff, 0x50, 0x24, 0x08, 0xff, 0x50, 0x20, 0x00, 0xff,
    0x48, 0x24, 0x00, 0xff, 0x48, 0x24, 0x00, 0xff, 0x50, 0x24, 0x08, 0xff,
    0x50, 0x24, 0x00, 0xff, 0x48, 0x20, 0x00, 0xff, 0x48, 0x24, 0x00, 0xff,
    0x48, 0x24, 0x00, 0xff, 0x48, 0x20, 0x08, 0xff, 0x50, 0x24, 0x08, 0xff,
    0x48, 0x24, 0x00, 0xff, 0x48, 0x24, 0x00, 0xff, 0x50, 0x24, 0x08, 0xff,
    0x50, 0x20, 0x08, 0xff, 0x50, 0x24, 0x08, 0xff, 0x48, 0x24, 0x00, 0xff,
    0x48, 0x24, 0x00, 0xff, 0x48, 0x24, 0x00, 0xff, 0x50, 0x24, 0x00, 0xff,
    0x48, 0x20, 0x00, 0xff, 0x48, 0x24, 0x00, 0xff, 0x48, 0x24, 0x00, 0xff,
    0x48, 0x24, 0x00, 0xff, 0x48, 0x24, 0x00, 0xff, 0x48, 0x24, 0x00, 0xff,
    0x48, 0x24, 0x00, 0xff, 0x50, 0x24, 0x08, 0xff, 0x50, 0x20, 0x08, 0xff,
    0x48, 0x24, 0x00, 0xff, 0x48, 0x24, 0x00, 0xff, 0x48, 0x20, 0x08, 0xff,
    0x48, 0x24, 0x00, 0xff, 0x48, 0x24, 0x00, 0xff, 0x48, 0x20, 0x08, 0xff,
    0x50, 0x24, 0x00, 0xff, 0x48, 0x24, 0x00, 0xff, 0x48, 0x24, 0x00, 0xff,
    0x48, 0x24, 0x00, 0xff, 0x48, 0x24, 0x00, 0xff, 0x50, 0x20, 0x00, 0xff,
    0x48, 0x24, 0x00, 0xff, 0x48, 0x20, 0x00, 0xff, 0x50, 0x24, 0x00, 0xff,
    0x48, 0x24, 0x00, 0xff, 0x50, 0x20, 0x00, 0xff, 0x48, 0x24, 0x00, 0xff,
    0x48, 0x24, 0x08, 0xff, 0x48, 0x24, 0x00, 0xff, 0x48, 0x24, 0x00, 0xff,
    0x50, 0x24, 0x08, 0xff, 0x50, 0x24, 0x00, 0xff, 0x50, 0x24, 0x00, 0xff,
    0x48, 0x20, 0x00, 0xff, 0x48, 0x20, 0x00, 0xff, 0x50, 0x24, 0x00, 0xff,
    0x50, 0x24, 0x00, 0xff, 0x50, 0x20, 0x00, 0xff, 0x50, 0x24, 0x00, 0xff,
    0x50, 0x24, 0x08, 0xff, 0x48, 0x24, 0x00, 0xff, 0x48, 0x20, 0x00, 0xff,
    0x48, 0x20, 0x00, 0xff, 0x48, 0x24, 0x08, 0xff, 0x48, 0x24, 0x00, 0xff,
    0x48, 0x24, 0x08, 0xff, 0x48, 0x24, 0x00, 0xff, 0x48, 0x24, 0x00, 0xff,
    0x50, 0x24, 0x08, 0xff, 0x50, 0x24, 0x08, 0xff, 0x48, 0x24, 0x00, 0xff,
    0x48, 0x24, 0x08, 0xff, 0x50, 0x24, 0x08, 0xff, 0x48, 0x20, 0x00, 0xff,
    0x50, 0x24, 0x00, 0xff, 0x50, 0x24, 0x00, 0xff, 0x50, 0x24, 0x08, 0xff,
    0x48, 0x20, 0x00, 0xff, 0x50, 0x20, 0x00, 0xff, 0x48, 0x24, 0x00, 0xff,
    0x48, 0x24, 0x00, 0xff, 0x48, 0x24, 0x00, 0xff, 0x48, 0x24, 0x00, 0xff,
    0x50, 0x24, 0x00, 0xff, 0x48, 0x24, 0x08, 0xff, 0x50, 0x20, 0x00, 0xff,
    0x48, 0x24, 0x00, 0xff, 0x48, 0x20, 0x08, 0xff, 0x48, 0x24, 0x00, 0xff,
    0x48, 0x24, 0x00, 0xff, 0x50, 0x24, 0x08, 0xff, 0x50, 0x24, 0x00, 0xff,
    0x50, 0x24, 0x00, 0xff, 0x48, 0x24, 0x08, 0xff, 0x48, 0x24, 0x00, 0xff,
    0x48, 0x24, 0x00, 0xff, 0x48, 0x24, 0x00, 0xff, 0x50, 0x24, 0x08, 0xff,
    0x48, 0x20, 0x00, 0xff, 0x48, 0x24, 0x08, 0xff, 0x48, 0x20, 0x00, 0xff,
    0x48, 0x24, 0x00, 0xff, 0x48, 0x24, 0x00, 0xff, 0x48, 0x20, 0x08, 0xff,
    0x50, 0x24, 0x08, 0xff, 0x48, 0x24, 0x00, 0xff, 0x50, 0x24, 0x00, 0xff,
    0x50, 0x20, 0x08, 0xff, 0x50, 0x24, 0x00, 0xff, 0x50, 0x24, 0x08, 0xff,
    0x48, 0x24, 0x00, 0xff, 0x48, 0x24, 0x00, 0xff, 0x48, 0x24, 0x00, 0xff,
    0x48, 0x24, 0x00, 0xff, 0x48, 0x24, 0x00, 0xff, 0x48, 0x24, 0x00, 0xff,
    0x48, 0x24, 0x00, 0xff, 0x50, 0x20, 0x08, 0xff, 0x48, 0x24, 0x08, 0xff,
    0x50, 0x24, 0x00, 0xff, 0x48, 0x24, 0x00, 0xff, 0x50, 0x24, 0x08, 0xff,
    0x48, 0x24, 0x00, 0xff, 0x48, 0x20, 0x00, 0xff, 0x48, 0x24, 0x08, 0xff,
    0x48, 0x24, 0x00, 0xff, 0x48, 0x20, 0x00, 0xff, 0x48, 0x24, 0x08, 0xff,
    0x50, 0x24, 0x00, 0xff, 0x50, 0x24, 0x00, 0xff, 0x48, 0x24, 0x08, 0xff,
    0x48, 0x24, 0x00, 0xff, 0x48, 0x24, 0x08, 0xff, 0x48, 0x20, 0x00, 0xff,
    0x50, 0x24, 0x00, 0xff, 0x50, 0x24, 0x08, 0xff, 0x48, 0x24, 0x08, 0xff,
    0x50, 0x24, 0x00, 0xff, 0x48, 0x20, 0x00, 0xff, 0x48, 0x24, 0x00, 0xff,
    0x48, 0x24, 0x08, 0xff, 0x48, 0x20, 0x00, 0xff, 0x50, 0x24, 0x00, 0xff,
    0x50, 0x20, 0x08, 0xff, 0x50, 0x24, 0x00, 0xff, 0x48, 0x24, 0x00, 0xff,
    0x48, 0x24, 0x00, 0xff, 0x50, 0x20, 0x08, 0xff, 0x48, 0x24, 0x08, 0xff,
    0x48, 0x20, 0x00, 0xff, 0x50, 0x20, 0x00, 0xff, 0x48, 0x24, 0x08, 0xff,
    0x48, 0x24, 0x00, 0xff, 0x48, 0x20, 0x08, 0xff, 0x48, 0x24, 0x08, 0xff,
    0x50, 0x24, 0x08, 0xff, 0x48, 0x24, 0x00, 0xff, 0x48, 0x20, 0x00, 0xff,
    0x50, 0x24, 0x08, 0xff, 0x48, 0x20, 0x08, 0xff, 0x50, 0x24, 0x08, 0xff,
    0x50, 0x24, 0x00, 0xff, 0x48, 0x20, 0x00, 0xff, 0x48, 0x24, 0x00, 0xff,
    0x50, 0x24, 0x08, 0xff, 0x50, 0x24, 0x08, 0xff, 0x48, 0x24, 0x00, 0xff,
    0x48, 0x24, 0x00, 0xff, 0x48, 0x24, 0x00, 0xff, 0x48, 0x20, 0x00, 0xff,
    0x48, 0x24, 0x00, 0xff, 0x48, 0x24, 0x08, 0xff, 0x48, 0x20, 0x08, 0xff,
    0x50, 0x24, 0x00, 0xff, 0x50, 0x24, 0x08, 0xff, 0x50, 0x24, 0x00, 0xff,
    0x50, 0x20, 0x08, 0xff, 0x50, 0x24, 0x00, 0xff, 0x50, 0x20, 0x00, 0xff,
    0x48, 0x24, 0x08, 0xff, 0x48, 0x24, 0x00, 0xff, 0x48, 0x20, 0x00, 0xff,
    0x48, 0x24, 0x08, 0xff, 0x50, 0x24, 0x00, 0xff, 0x50, 0x24, 0x00, 0xff,
    0x50, 0x24, 0x08, 0xff, 0x48, 0x24, 0x00, 0xff, 0x48, 0x24, 0x00, 0xff,
    0x48, 0x24, 0x08, 0xff, 0x50, 0x24, 0x08, 0xff, 0x48, 0x20, 0x00, 0xff,
    0x48, 0x24, 0x08, 0xff, 0x48, 0x24, 0x08, 0xff, 0x48, 0x24, 0x00, 0xff,
    0x50, 0x24, 0x00, 0xff, 0x50, 0x24, 0x08, 0xff, 0x48, 0x24, 0x08, 0xff,
    0x48, 0x24, 0x08, 0xff, 0x48, 0x24, 0x00, 0xff, 0x50, 0x20, 0x08, 0xff,
    0x48, 0x24, 0x00, 0xff, 0x50, 0x24, 0x00, 0xff, 0x50, 0x24, 0x00, 0xff,
    0x48, 0x24, 0x00, 0xff, 0x48, 0x20, 0x00, 0xff, 0x48, 0x24, 0x08, 0xff,
    0x48, 0x24, 0x08, 0xff, 0x50, 0x24, 0x00, 0xff, 0x48, 0x24, 0x08, 0xff,
    0x48, 0x20, 0x00, 0xff, 0x48, 0x24, 0x08, 0xff, 0x48, 0x24, 0x08, 0xff,
    0x48, 0x20, 0x00, 0xff, 0x48, 0x20, 0x08, 0xff, 0x50, 0x24, 0x00, 0xff,
    0x48, 0x24, 0x00, 0xff, 0x48, 0x20, 0x00, 0xff, 0x50, 0x24, 0x00, 0xff,
    0x50, 0x24, 0x00, 0xff, 0x50, 0x20, 0x08, 0xff, 0x48, 0x24, 0x00, 0xff,
    0x48, 0x20, 0x00, 0xff, 0x48, 0x24, 0x00, 0xff, 0x48, 0x24, 0x08, 0xff,
    0x48, 0x24, 0x00, 0xff, 0x48, 0x24, 0x00, 0xff, 0x50, 0x24, 0x08, 0xff,
    0x48, 0x24, 0x00, 0xff, 0x48, 0x20, 0x08, 0xff, 0x48, 0x24, 0x00, 0xff,
    0x48, 0x24, 0x08, 0xff, 0x48, 0x24, 0x00, 0xff, 0x50, 0x24, 0x00, 0xff,
    0x50, 0x20, 0x00, 0xff, 0x50, 0x24, 0x00, 0xff, 0x50, 0x20, 0x08, 0xff,
    0x48, 0x24, 0x08, 0xff, 0x48, 0x24, 0x00, 0xff, 0x50, 0x24, 0x08, 0xff,
    0x50, 0x24, 0x00, 0xff, 0x50, 0x24, 0x00, 0xff, 0x48, 0x20, 0x08, 0xff,
    0x48, 0x24, 0x00, 0xff, 0x48, 0x24, 0x08, 0xff, 0x48, 0x20, 0x08, 0xff,
    0x48, 0x24, 0x00, 0xff, 0x50, 0x24, 0x00, 0xff, 0x50, 0x20, 0x00, 0xff,
    0x48, 0x20, 0x08, 0xff, 0x48, 0x24, 0x08, 0xff, 0x48, 0x20, 0x00, 0xff,
    0x50, 0x24, 0x00, 0xff, 0x48, 0x24, 0x00, 0xff, 0x50, 0x24, 0x08, 0xff,
    0x50, 0x20, 0x00, 0xff, 0x50, 0x24, 0x08, 0xff, 0x48, 0x24, 0x00, 0xff,
    0x48, 0x24, 0x00, 0xff, 0x50, 0x24, 0x00, 0xff, 0x48, 0x20, 0x08, 0xff,
    0x48, 0x24, 0x00, 0xff, 0x48, 0x24, 0x08, 0xff, 0x48, 0x24, 0x00, 0xff,
    0x48, 0x20, 0x00, 0xff, 0x48, 0x24, 0x00, 0xff, 0x50, 0x24, 0x08, 0xff,
    0x48, 0x20, 0x08, 0xff, 0x48, 0x24, 0x08, 0xff, 0x50, 0x24, 0x08, 0xff,
    0x50, 0x20, 0x00, 0xff, 0x48, 0x24, 0x00, 0xff, 0x48, 0x24, 0x08, 0xff,
    0x48, 0x24, 0x00, 0xff, 0x50, 0x20, 0x00, 0xff, 0x48, 0x24, 0x00, 0xff,
    0x48, 0x24, 0x00, 0xff, 0x50, 0x24, 0x08, 0xff, 0x48, 0x24, 0x00, 0xff,
    0x48, 0x24, 0x08, 0xff, 0x50, 0x24, 0x00, 0xff, 0x48, 0x24, 0x00, 0xff,
    0x48, 0x20, 0x08, 0xff, 0x48, 0x24, 0x08, 0xff, 0x48, 0x20, 0x00, 0xff,
    0x48, 0x24, 0x08, 0xff, 0x50, 0x24, 0x00, 0xff, 0x50, 0x24, 0x08, 0xff,
    0x48, 0x24, 0x00, 0xff, 0x48, 0x24, 0x00, 0xff, 0x48, 0x20, 0x00, 0xff,
    0x48, 0x24, 0x00, 0xff, 0x50, 0x24, 0x00, 0xff, 0x50, 0x24, 0x08, 0xff,
    0x48, 0x24, 0x00, 0xff, 0x50, 0x24, 0x08, 0xff, 0x50, 0x24, 0x00, 0xff,
    0x48, 0x24, 0x00, 0xff, 0x48, 0x20, 0x08, 0xff, 0x50, 0x24, 0x00, 0xff,
    0x48, 0x20, 0x00, 0xff, 0x48, 0x24, 0x08, 0xff, 0x50, 0x24, 0x00, 0xff,
    0x50, 0x24, 0x00, 0xff, 0x48, 0x24, 0x08, 0xff, 0x50, 0x24, 0x00, 0xff,
    0x48, 0x24, 0x00, 0xff, 0x50, 0x24, 0x00, 0xff, 0x48, 0x24, 0x00, 0xff,
    0x48, 0x24, 0x00, 0xff, 0x50, 0x20, 0x08, 0xff, 0x48, 0x24, 0x00, 0xff,
    0x48, 0x24, 0x00, 0xff, 0x48, 0x24, 0x00, 0xff, 0x50, 0x24, 0x00, 0xff,
    0x48, 0x24, 0x08, 0xff, 0x50, 0x24, 0x08, 0xff, 0x48, 0x24, 0x00, 0xff,
    0x48, 0x24, 0x00, 0xff, 0x50, 0x20, 0x00, 0xff, 0x48, 0x20, 0x00, 0xff,
    0x48, 0x24, 0x00, 0xff, 0x50, 0x24, 0x08, 0xff, 0x50, 0x24, 0x08, 0xff,
    0x50, 0x20, 0x08, 0xff, 0x50, 0x24, 0x00, 0xff, 0x48, 0x24, 0x00, 0xff,
    0x48, 0x24, 0x08, 0xff, 0x48, 0x24, 0x00, 0xff, 0x48, 0x20, 0x00, 0xff,
    0x48, 0x24, 0x08, 0xff, 0x48, 0x24, 0x08, 0xff, 0x48, 0x24, 0x08, 0xff,
    0x50, 0x20, 0x00, 0xff, 0x48, 0x24, 0x00, 0xff, 0x48, 0x24, 0x00, 0xff,
    0x50, 0x20, 0x00, 0xff, 0x48, 0x24, 0x08, 0xff, 0x48, 0x24, 0x00, 0xff,
    0x48, 0x20, 0x00, 0xff, 0x50, 0x24, 0x08, 0xff, 0x50, 0x24, 0x00, 0xff,
    0x48, 0x24, 0x00, 0xff, 0x48, 0x20, 0x00, 0xff, 0x50, 0x24, 0x08, 0xff,
    0x50, 0x24, 0x00, 0xff, 0x50, 0x20, 0x00, 0xff, 0x50, 0x24, 0x08, 0xff,
    0x48, 0x24, 0x08, 0xff, 0x48, 0x20, 0x00, 0xff, 0x50, 0x20, 0x00, 0xff,
    0x50, 0x24, 0x00, 0xff, 0x48, 0x24, 0x08, 0xff, 0x48, 0x24, 0x00, 0xff,
    0x50, 0x20, 0x00, 0xff, 0x48, 0x24, 0x08, 0xff, 0x50, 0x20, 0x08, 0xff,
    0x48, 0x20, 0x08, 0xff, 0x48, 0x24, 0x08, 0xff, 0x50, 0x24, 0x00, 0xff,
    0x48, 0x20, 0x00, 0xff, 0x48, 0x24, 0x08, 0xff, 0x50, 0x24, 0x00, 0xff,
    0x48, 0x24, 0x08, 0xff, 0x48, 0x24, 0x00, 0xff, 0x48, 0x24, 0x00, 0xff,
    0x50, 0x24, 0x00, 0xff, 0x50, 0x24, 0x00, 0xff, 0x48, 0x24, 0x08, 0xff,
    0x50, 0x24, 0x08, 0xff, 0x50, 0x24, 0x08, 0xff, 0x48, 0x24, 0x08, 0xff,
    0x48, 0x20, 0x00, 0xff, 0x48, 0x24, 0x00, 0xff, 0x50, 0x24, 0x08, 0xff,
    0x50, 0x24, 0x08, 0xff, 0x48, 0x20, 0x00, 0xff, 0x48, 0x24, 0x00, 0xff,
    0x50, 0x20, 0x00, 0xff, 0x50, 0x20, 0x00, 0xff, 0x48, 0x24, 0x00, 0xff,
    0x48, 0x24, 0x08, 0xff, 0x50, 0x24, 0x00, 0xff, 0x48, 0x20, 0x00, 0xff,
    0x50, 0x24, 0x00, 0xff, 0x48, 0x24, 0x08, 0xff, 0x48, 0x24, 0x08, 0xff,
    0x48, 0x24, 0x08, 0xff, 0x48, 0x24, 0x08, 0xff, 0x48, 0x24, 0x00, 0xff,
    0x50, 0x20, 0x00, 0xff, 0x50, 0x24, 0x00, 0xff, 0x48, 0x24, 0x00, 0xff,
    0x48, 0x20, 0x08, 0xff, 0x48, 0x24, 0x00, 0xff, 0x50, 0x24, 0x00, 0xff,
    0x50, 0x24, 0x08, 0xff, 0x48, 0x20, 0x00, 0xff, 0x48, 0x24, 0x00, 0xff,
    0x50, 0x24, 0x08, 0xff, 0x48, 0x24, 0x00, 0xff, 0x48, 0x24, 0x08, 0xff,
    0x50, 0x24, 0x08, 0xff, 0x50, 0x24, 0x00, 0xff, 0x48, 0x24, 0x00, 0xff,
    0x48, 0x24, 0x08, 0xff, 0x50, 0x24, 0x00, 0xff, 0x48, 0x24, 0x00, 0xff,
    0x48, 0x24, 0x08, 0xff, 0x48, 0x20, 0x00, 0xff, 0x50, 0x24, 0x08, 0xff,
    0x48, 0x24, 0x00, 0xff, 0x48, 0x20, 0x08, 0xff, 0x50, 0x24, 0x00, 0xff,
    0x48, 0x24, 0x00, 0xff, 0x48, 0x24, 0x00, 0xff, 0x48, 0x20, 0x08, 0xff,
    0x50, 0x24, 0x08, 0xff, 0x50, 0x20, 0x08, 0xff, 0x48, 0x24, 0x00, 0xff,
    0x50, 0x24, 0x00, 0xff, 0x50, 0x20, 0x00, 0xff, 0x48, 0x24, 0x00, 0xff,
    0x50, 0x24, 0x08, 0xff, 0x48, 0x20, 0x00, 0xff, 0x48, 0x24, 0x00, 0xff,
    0x50, 0x24, 0x08, 0xff, 0x48, 0x24, 0x08, 0xff, 0x48, 0x20, 0x08, 0xff,
    0x50, 0x24, 0x00, 0xff, 0x48, 0x24, 0x08, 0xff, 0x50, 0x24, 0x00, 0xff,
    0x50, 0x20, 0x00, 0xff, 0x48, 0x24, 0x08, 0xff, 0x50, 0x24, 0x00, 0xff,
    0x48, 0x20, 0x00, 0xff, 0x50, 0x24, 0x00, 0xff, 0x50, 0x24, 0x08, 0xff,
    0x50, 0x20, 0x00, 0xff, 0x48, 0x24, 0x00, 0xff, 0x48, 0x20, 0x00, 0xff,
    0x48, 0x24, 0x08, 0xff, 0x50, 0x24, 0x00, 0xff, 0x50, 0x20, 0x08, 0xff,
    0x48, 0x24, 0x08, 0xff, 0x48, 0x24, 0x08, 0xff, 0x48, 0x20, 0x00, 0xff,
    0x50, 0x20, 0x00, 0xff, 0x48, 0x24, 0x00, 0xff, 0x48, 0x24, 0x08, 0xff,
    0x48, 0x24, 0x08, 0xff, 0x48, 0x24, 0x00, 0xff, 0x48, 0x24, 0x08, 0xff,
    0x50, 0x24, 0x08, 0xff, 0x48, 0x20, 0x00, 0xff, 0x48, 0x24, 0x00, 0xff,
    0x48, 0x24, 0x00, 0xff, 0x48, 0x24, 0x00, 0xff, 0x48, 0x24, 0x00, 0xff,
    0x48, 0x24, 0x00, 0xff, 0x50, 0x20, 0x08, 0xff, 0x50, 0x24, 0x00, 0xff,
    0x48, 0x24, 0x00, 0xff, 0x48, 0x20, 0x00, 0xff, 0x50, 0x24, 0x08, 0xff,
    0x50, 0x24, 0x08, 0xff, 0x48, 0x20, 0x00, 0xff, 0x48, 0x24, 0x00, 0xff,
    0x48, 0x24, 0x00, 0xff, 0x48, 0x20, 0x00, 0xff, 0x50, 0x24, 0x08, 0xff,
    0x48, 0x20, 0x00, 0xff, 0x48, 0x24, 0x00, 0xff, 0x50, 0x24, 0x08, 0xff,
    0x50, 0x20, 0x08, 0xff, 0x48, 0x24, 0x00, 0xff, 0x48, 0x20, 0x00, 0xff,
    0x48, 0x24, 0x00, 0xff, 0x48, 0x24, 0x00, 0xff, 0x50, 0x24, 0x00, 0xff,
    0x50, 0x20, 0x00, 0xff, 0x48, 0x24, 0x08, 0xff, 0x48, 0x24, 0x08, 0xff,
    0x50, 0x24, 0x00, 0xff, 0x48, 0x24, 0x00, 0xff, 0x48, 0x20, 0x00, 0xff,
    0x48, 0x24, 0x08, 0xff, 0x50, 0x24, 0x08, 0xff, 0x50, 0x24, 0x08, 0xff,
    0x48, 0x24, 0x08, 0xff, 0x48, 0x24, 0x00, 0xff, 0x48, 0x20, 0x08, 0xff,
    0x50, 0x24, 0x00, 0xff, 0x48, 0x24, 0x00, 0xff, 0x48, 0x20, 0x08, 0xff,
    0x50, 0x20, 0x00, 0xff, 0x50, 0x24, 0x08, 0xff, 0x48, 0x24, 0x00, 0xff,
    0x48, 0x24, 0x00, 0xff, 0x48, 0x24, 0x00, 0xff, 0x48, 0x20, 0x00, 0xff,
    0x48, 0x24, 0x00, 0xff, 0x48, 0x24, 0x00, 0xff, 0x48, 0x24, 0x00, 0xff,
    0x48, 0x20, 0x08, 0xff, 0x50, 0x24, 0x00, 0xff, 0x50, 0x24, 0x00, 0xff,
    0x48, 0x24, 0x08, 0xff, 0x48, 0x24, 0x00, 0xff, 0x48, 0x24, 0x00, 0xff,
    0x50, 0x24, 0x00, 0xff, 0x50, 0x24, 0x00, 0xff, 0x48, 0x24, 0x00, 0xff,
    0x50, 0x20, 0x00, 0xff, 0x50, 0x24, 0x00, 0xff, 0x48, 0x24, 0x08, 0xff,
    0x50, 0x20, 0x00, 0xff, 0x50, 0x24, 0x00, 0xff, 0x50, 0x24, 0x08, 0xff,
    0x48, 0x20, 0x08, 0xff, 0x48, 0x24, 0x00, 0xff, 0x48, 0x24, 0x00, 0xff,
    0x48, 0x24, 0x00, 0xff, 0x48, 0x24, 0x00, 0xff, 0x50, 0x20, 0x00, 0xff,
    0x48, 0x24, 0x08, 0xff, 0x48, 0x24, 0x00, 0xff, 0x48, 0x24, 0x00, 0xff,
    0x48, 0x24, 0x00, 0xff, 0x50, 0x24, 0x08, 0xff, 0x50, 0x24, 0x00, 0xff,
    0x50, 0x24, 0x08, 0xff, 0x48, 0x24, 0x08, 0xff, 0x48, 0x20, 0x00, 0xff,
    0x50, 0x20, 0x00, 0xff, 0x48, 0x24, 0x08, 0xff, 0x50, 0x24, 0x08, 0xff,
    0x48, 0x24, 0x00, 0xff, 0x50, 0x20, 0x00, 0xff, 0x50, 0x24, 0x08, 0xff,
    0x48, 0x20, 0x00, 0xff, 0x48, 0x24, 0x00, 0xff, 0x50, 0x24, 0x08, 0xff,
    0x48, 0x24, 0x00, 0xff, 0x48, 0x24, 0x08, 0xff, 0x48, 0x20, 0x08, 0xff,
    0x48, 0x24, 0x00, 0xff, 0x48, 0x24, 0x08, 0xff, 0x48, 0x24, 0x00, 0xff,
    0x50, 0x20, 0x00, 0xff, 0x50, 0x24, 0x00, 0xff, 0x50, 0x24, 0x00, 0xff,
    0x48, 0x20, 0x00, 0xff, 0x48, 0x20, 0x08, 0xff, 0x48, 0x24, 0x00, 0xff,
    0x48, 0x24, 0x00, 0xff, 0x50, 0x24, 0x00, 0xff, 0x50, 0x20, 0x08, 0xff,
    0x48, 0x24, 0x00, 0xff, 0x48, 0x20, 0x08, 0xff, 0x50, 0x20, 0x00, 0xff,
    0x48, 0x24, 0x00, 0xff, 0x48, 0x24, 0x00, 0xff, 0x48, 0x24, 0x00, 0xff,
    0x50, 0x20, 0x08, 0xff, 0x48, 0x24, 0x00, 0xff, 0x48, 0x24, 0x08, 0xff,
    0x50, 0x24, 0x08, 0xff, 0x50, 0x20, 0x00, 0xff, 0x50, 0x24, 0x00, 0xff,
    0x48, 0x24, 0x00, 0xff, 0x50, 0x24, 0x00, 0xff, 0x48, 0x24, 0x00, 0xff,
    0x48, 0x20, 0x08, 0xff, 0x48, 0x24, 0x00, 0xff, 0x48, 0x24, 0x00, 0xff,
    0x48, 0x24, 0x00, 0xff, 0x50, 0x24, 0x08, 0xff, 0x50, 0x20, 0x08, 0xff,
    0x48, 0x24, 0x00, 0xff, 0x48, 0x20, 0x00, 0xff, 0x50, 0x24, 0x00, 0xff,
    0x48, 0x24, 0x08, 0xff, 0x50, 0x20, 0x00, 0xff, 0x48, 0x20, 0x08, 0xff,
    0x48, 0x24, 0x00, 0xff, 0x48, 0x24, 0x00, 0xff, 0x48, 0x24, 0x08, 0xff,
    0x50, 0x24, 0x08, 0xff, 0x48, 0x24, 0x00, 0xff, 0x48, 0x24, 0x00, 0xff,
    0x48, 0x24, 0x00, 0xff, 0x48, 0x24, 0x08, 0xff, 0x48, 0x24, 0x00, 0xff,
    0x50, 0x20, 0x00, 0xff, 0x48, 0x24, 0x08, 0xff, 0x48, 0x24, 0x00, 0xff,
    0x50, 0x20, 0x00, 0xff, 0x50, 0x24, 0x00, 0xff, 0x48, 0x24, 0x08, 0xff,
    0x48, 0x24, 0x00, 0xff, 0x50, 0x24, 0x08, 0xff, 0x48, 0x20, 0x00, 0xff,
    0x48, 0x20, 0x00, 0xff, 0x50, 0x24, 0x00, 0xff, 0x50, 0x24, 0x00, 0xff,
    0x48, 0x20, 0x08, 0xff, 0x50, 0x24, 0x00, 0xff, 0x48, 0x24, 0x08, 0xff,
    0x48, 0x20, 0x08, 0xff, 0x50, 0x20, 0x00, 0xff, 0x50, 0x24, 0x08, 0xff,
    0x48, 0x24, 0x00, 0xff, 0x48, 0x24, 0x08, 0xff, 0x48, 0x20, 0x08, 0xff,
    0x50, 0x24, 0x08, 0xff, 0x48, 0x24, 0x00, 0xff, 0x48, 0x24, 0x00, 0xff,
    0x48, 0x24, 0x08, 0xff, 0x50, 0x20, 0x00, 0xff, 0x50, 0x24, 0x08, 0xff,
    0x48, 0x24, 0x08, 0xff, 0x48, 0x20, 0x00, 0xff, 0x48, 0x24, 0x00, 0xff,
    0x50, 0x24, 0x08, 0xff, 0x48, 0x24, 0x08, 0xff, 0x48, 0x24, 0x00, 0xff,
    0x48, 0x24, 0x00, 0xff, 0x50, 0x24, 0x08, 0xff, 0x48, 0x24, 0x00, 0xff,
    0x48, 0x24, 0x00, 0xff, 0x50, 0x20, 0x08, 0xff, 0x48, 0x24, 0x08, 0xff,
    0x48, 0x24, 0x08, 0xff, 0x50, 0x20, 0x00, 0xff, 0x50, 0x24, 0x00, 0xff,
    0x48, 0x20, 0x00, 0xff, 0x50, 0x24, 0x00, 0xff, 0x50, 0x24, 0x00, 0xff,
    0x50, 0x24, 0x00, 0xff, 0x48, 0x20, 0x00, 0xff, 0x48, 0x24, 0x00, 0xff,
    0x50, 0x24, 0x00, 0xff, 0x50, 0x20, 0x00, 0xff, 0x50, 0x24, 0x00, 0xff,
    0x48, 0x24, 0x08, 0xff, 0x48, 0x24, 0x00, 0xff, 0x50, 0x24, 0x08, 0xff,
    0x48, 0x24, 0x08, 0xff, 0x48, 0x24, 0x00, 0xff, 0x48, 0x20, 0x00, 0xff,
    0x48, 0x20, 0x08, 0xff, 0x50, 0x24, 0x08, 0xff, 0x48, 0x24, 0x08, 0xff,
    0x50, 0x24, 0x00, 0xff, 0x50, 0x24, 0x08, 0xff, 0x50, 0x24, 0x08, 0xff,
    0x48, 0x24, 0x00, 0xff, 0x48, 0x20, 0x00, 0xff, 0x48, 0x24, 0x08, 0xff,
    0x48, 0x24, 0x00, 0xff, 0x50, 0x24, 0x00, 0xff, 0x48, 0x20, 0x08, 0xff,
    0x48, 0x24, 0x00, 0xff, 0x48, 0x24, 0x00, 0xff, 0x48, 0x24, 0x08, 0xff,
    0x48, 0x24, 0x08, 0xff, 0x50, 0x24, 0x08, 0xff, 0x48, 0x20, 0x00, 0xff,
    0x48, 0x24, 0x00, 0xff, 0x48, 0x24, 0x08, 0xff, 0x48, 0x20, 0x00, 0xff,
    0x48, 0x24, 0x00, 0xff, 0x48, 0x24, 0x08, 0xff, 0x50, 0x20, 0x08, 0xff,
    0x50, 0x24, 0x00, 0xff, 0x48, 0x20, 0x00, 0xff, 0x48, 0x24, 0x00, 0xff,
    0x50, 0x24, 0x00, 0xff, 0x50, 0x24, 0x08, 0xff, 0x50, 0x20, 0x08, 0xff,
    0x48, 0x20, 0x00, 0xff, 0x48, 0x24, 0x00, 0xff, 0x48, 0x20, 0x08, 0xff,
    0x48, 0x24, 0x00, 0xff, 0x48, 0x24, 0x08, 0xff, 0x48, 0x24, 0x08, 0xff,
    0x48, 0x24, 0x00, 0xff, 0x50, 0x24, 0x00, 0xff, 0x48, 0x24, 0x00, 0xff,
    0x48, 0x24, 0x08, 0xff, 0x48, 0x24, 0x00, 0xff, 0x48, 0x20, 0x00, 0xff,
    0x50, 0x24, 0x00, 0xff, 0x50, 0x20, 0x00, 0xff, 0x48, 0x24, 0x00, 0xff,
    0x48, 0x24, 0x08, 0xff, 0x48, 0x20, 0x00, 0xff, 0x50, 0x24, 0x00, 0xff,
    0x50, 0x24, 0x00, 0xff, 0x50, 0x24, 0x00, 0xff, 0x48, 0x20, 0x08, 0xff,
    0x48, 0x24, 0x08, 0xff, 0x48, 0x24, 0x08, 0xff, 0x48, 0x24, 0x00, 0xff,
    0x48, 0x24, 0x08, 0xff, 0x50, 0x24, 0x00, 0xff, 0x50, 0x20, 0x00, 0xff,
    0x48, 0x24, 0x00, 0xff, 0x48, 0x24, 0x00, 0xff, 0x48, 0x20, 0x08, 0xff,
    0x50, 0x24, 0x00, 0xff, 0x48, 0x24, 0x00, 0xff, 0x48, 0x24, 0x08, 0xff,
    0x50, 0x24, 0x08, 0xff, 0x50, 0x24, 0x08, 0xff, 0x50, 0x20, 0x00, 0xff,
    0x48, 0x24, 0x00, 0xff, 0x50, 0x24, 0x00, 0xff, 0x50, 0x24, 0x00, 0xff,
    0x48, 0x20, 0x00, 0xff, 0x48, 0x24, 0x08, 0xff, 0x48, 0x24, 0x08, 0xff,
    0x48, 0x24, 0x00, 0xff, 0x48, 0x24, 0x00, 0xff, 0x50, 0x24, 0x08, 0xff,
    0x48, 0x24, 0x00, 0xff, 0x48, 0x24, 0x08, 0xff, 0x50, 0x24, 0x08, 0xff,
    0x50, 0x20, 0x00, 0xff, 0x48, 0x24, 0x00, 0xff, 0x48, 0x24, 0x00, 0xff,
    0x50, 0x24, 0x00, 0xff, 0x48, 0x24, 0x00, 0xff, 0x48, 0x24, 0x00, 0xff,
    0x50, 0x24, 0x00, 0xff, 0x48, 0x24, 0x08, 0xff, 0x48, 0x24, 0x00, 0xff,
    0x48, 0x24, 0x00, 0xff, 0x50, 0x20, 0x08, 0xff, 0x50, 0x20, 0x00, 0xff,
    0x48, 0x24, 0x00, 0xff, 0x48, 0x24, 0x08, 0xff, 0x48, 0x20, 0x00, 0xff,
    0x50, 0x24, 0x08, 0xff, 0x50, 0x24, 0x00, 0xff, 0x50, 0x20, 0x08, 0xff,
    0x48, 0x24, 0x08, 0xff, 0x48, 0x24, 0x00, 0xff, 0x48, 0x24, 0x00, 0xff,
    0x48, 0x24, 0x00, 0xff, 0x50, 0x24, 0x00, 0xff, 0x48, 0x24, 0x00, 0xff,
    0x48, 0x24, 0x08, 0xff, 0x48, 0x24, 0x00, 0xff, 0x50, 0x24, 0x00, 0xff,
    0x50, 0x24, 0x08, 0xff, 0x50, 0x20, 0x00, 0xff, 0x48, 0x24, 0x00, 0xff,
    0x48, 0x24, 0x00, 0xff, 0x50, 0x24, 0x00, 0xff, 0x50, 0x24, 0x00, 0xff,
    0x50, 0x24, 0x08, 0xff, 0x48, 0x24, 0x08, 0xff, 0x48, 0x24, 0x00, 0xff,
    0x48, 0x24, 0x00, 0xff, 0x50, 0x20, 0x00, 0xff, 0x48, 0x24, 0x00, 0xff,
    0x48, 0x24, 0x00, 0xff, 0x50, 0x24, 0x08, 0xff, 0x48, 0x24, 0x00, 0xff,
    0x50, 0x20, 0x00, 0xff, 0x48, 0x24, 0x00, 0xff, 0x48, 0x24, 0x08, 0xff,
    0x50, 0x24, 0x00, 0xff, 0x50, 0x24, 0x08, 0xff, 0x50, 0x24, 0x00, 0xff,
    0x48, 0x24, 0x00, 0xff, 0x50, 0x20, 0x08, 0xff, 0x48, 0x24, 0x00, 0xff,
    0x48, 0x24, 0x00, 0xff, 0x48, 0x24, 0x00, 0xff, 0x50, 0x20, 0x08, 0xff,
    0x50, 0x24, 0x08, 0xff, 0x48, 0x24, 0x00, 0xff, 0x48, 0x24, 0x00, 0xff,
    0x48, 0x24, 0x00, 0xff, 0x48, 0x24, 0x00, 0xff, 0x48, 0x24, 0x00, 0xff,
    0x48, 0x24, 0x08, 0xff, 0x48, 0x20, 0x08, 0xff, 0x48, 0x24, 0x08, 0xff,
    0x48, 0x24, 0x08, 0xff, 0x48, 0x24, 0x00, 0xff, 0x48, 0x20, 0x00, 0xff,
    0x48, 0x24, 0x08, 0xff, 0x48, 0x24, 0x08, 0xff, 0x48, 0x24, 0x00, 0xff,
    0x48, 0x24, 0x00, 0xff, 0x50, 0x20, 0x08, 0xff, 0x48, 0x24, 0x00, 0xff,
    0x48, 0x24, 0x00, 0xff, 0x48, 0x24, 0x00, 0xff, 0x50, 0x24, 0x08, 0xff,
    0x50, 0x24, 0x00, 0xff, 0x48, 0x24, 0x00, 0xff, 0x50, 0x24, 0x00, 0xff,
    0x48, 0x20, 0x08, 0xff, 0x48, 0x20, 0x00, 0xff, 0x48, 0x24, 0x00, 0xff,
    0x50, 0x24, 0x08, 0xff, 0x48, 0x24, 0x00, 0xff, 0x48, 0x20, 0x00, 0xff,
    0x50, 0x24, 0x08, 0xff, 0x48, 0x20, 0x08, 0xff, 0x50, 0x24, 0x00, 0xff,
    0x48, 0x24, 0x08, 0xff, 0x48, 0x24, 0x08, 0xff, 0x50, 0x20, 0x00, 0xff,
    0x48, 0x24, 0x00, 0xff, 0x48, 0x24, 0x00, 0xff, 0x48, 0x24, 0x00, 0xff,
    0x48, 0x24, 0x08, 0xff, 0x50, 0x24, 0x00, 0xff, 0x48, 0x24, 0x08, 0xff,
    0x50, 0x20, 0x00, 0xff, 0x50, 0x24, 0x00, 0xff, 0x48, 0x24, 0x00, 0xff,
    0x48, 0x20, 0x08, 0xff, 0x50, 0x24, 0x08, 0xff, 0x48, 0x24, 0x08, 0xff,
    0x48, 0x24, 0x08, 0xff, 0x48, 0x20, 0x00, 0xff, 0x48, 0x24, 0x00, 0xff,
    0x50, 0x24, 0x08, 0xff, 0x48, 0x24, 0x00, 0xff, 0x50, 0x24, 0x00, 0xff,
    0x48, 0x20, 0x00, 0xff, 0x48, 0x24, 0x00, 0xff, 0x50, 0x24, 0x00, 0xff,
    0x50, 0x24, 0x00, 0xff, 0x48, 0x24, 0x08, 0xff, 0x48, 0x20, 0x00, 0xff,
    0x50, 0x20, 0x00, 0xff, 0x48, 0x24, 0x08, 0xff, 0x48, 0x24, 0x00, 0xff,
    0x48, 0x24, 0x08, 0xff, 0x48, 0x24, 0x08, 0xff, 0x48, 0x24, 0x00, 0xff,
    0x50, 0x20, 0x00, 0xff, 0x50, 0x24, 0x00, 0xff, 0x50, 0x24, 0x08, 0xff,
    0x48, 0x24, 0x00, 0xff, 0x48, 0x20, 0x08, 0xff, 0x50, 0x24, 0x00, 0xff,
    0x48, 0x24, 0x00, 0xff, 0x48, 0x24, 0x00, 0xff, 0x48, 0x20, 0x08, 0xff,
    0x50, 0x24, 0x08, 0xff, 0x48, 0x24, 0x00, 0xff, 0x48, 0x24, 0x08, 0xff,
    0x50, 0x20, 0x08, 0xff, 0x48, 0x24, 0x08, 0xff, 0x48, 0x24, 0x00, 0xff,
    0x48, 0x24, 0x08, 0xff, 0x50, 0x24, 0x00, 0xff, 0x50, 0x24, 0x00, 0xff,
    0x48, 0x24, 0x00, 0xff, 0x48, 0x20, 0x00, 0xff, 0x48, 0x24, 0x08, 0xff,
    0x48, 0x24, 0x08, 0xff, 0x48, 0x24, 0x08, 0xff, 0x48, 0x20, 0x00, 0xff,
    0x48, 0x24, 0x00, 0xff, 0x48, 0x24, 0x00, 0xff, 0x50, 0x24, 0x00, 0xff,
    0x50, 0x20, 0x08, 0xff, 0x48, 0x20, 0x08, 0xff, 0x48, 0x20, 0x00, 0xff,
    0x50, 0x24, 0x00, 0xff, 0x50, 0x24, 0x00, 0xff, 0x48, 0x24, 0x08, 0xff,
    0x48, 0x20, 0x08, 0xff, 0x48, 0x24, 0x00, 0xff, 0x48, 0x24, 0x00, 0xff,
    0x48, 0x20, 0x08, 0xff, 0x50, 0x24, 0x08, 0xff, 0x50, 0x24, 0x08, 0xff,
    0x48, 0x24, 0x00, 0xff, 0x48, 0x20, 0x00, 0xff, 0x50, 0x24, 0x00, 0xff,
    0x50, 0x24, 0x08, 0xff, 0x48, 0x24, 0x08, 0xff, 0x48, 0x24, 0x00, 0xff,
    0x48, 0x20, 0x00, 0xff, 0x50, 0x24, 0x00, 0xff, 0x50, 0x24, 0x08, 0xff,
    0x48, 0x20, 0x00, 0xff, 0x48, 0x24, 0x08, 0xff, 0x48, 0x24, 0x00, 0xff,
    0x50, 0x24, 0x00, 0xff, 0x50, 0x24, 0x00, 0xff, 0x50, 0x20, 0x08, 0xff,
    0x48, 0x24, 0x08, 0xff, 0x48, 0x20, 0x08, 0xff, 0x50, 0x20, 0x08, 0xff,
    0x50, 0x24, 0x00, 0xff, 0x48, 0x20, 0x00, 0xff, 0x48, 0x24, 0x08, 0xff,
    0x48, 0x24, 0x00, 0xff, 0x48, 0x24, 0x08, 0xff, 0x48, 0x24, 0x08, 0xff,
    0x48, 0x24, 0x08, 0xff, 0x48, 0x20, 0x08, 0xff, 0x48, 0x24, 0x00, 0xff,
    0x48, 0x24, 0x00, 0xff, 0x48, 0x24, 0x00, 0xff, 0x48, 0x24, 0x00, 0xff,
    0x48, 0x24, 0x00, 0xff, 0x50, 0x24, 0x08, 0xff, 0x50, 0x24, 0x00, 0xff,
    0x48, 0x24, 0x00, 0xff, 0x48, 0x20, 0x00, 0xff, 0x50, 0x24, 0x08, 0xff,
    0x48, 0x24, 0x08, 0xff, 0x48, 0x20, 0x00, 0xff, 0x48, 0x24, 0x00, 0xff,
    0x48, 0x20, 0x00, 0xff, 0x50, 0x24, 0x00, 0xff, 0x48, 0x24, 0x08, 0xff,
    0x48, 0x20, 0x00, 0xff, 0x48, 0x24, 0x00, 0xff, 0x50, 0x24, 0x08, 0xff,
    0x50, 0x20, 0x08, 0xff, 0x48, 0x20, 0x00, 0xff, 0x48, 0x24, 0x00, 0xff,
    0x48, 0x24, 0x08, 0xff, 0x48, 0x24, 0x00, 0xff, 0x50, 0x20, 0x00, 0xff,
    0x50, 0x20, 0x00, 0xff, 0x50, 0x24, 0x08, 0xff, 0x48, 0x24, 0x08, 0xff,
    0x50, 0x24, 0x00, 0xff, 0x50, 0x24, 0x00, 0xff, 0x48, 0x20, 0x00, 0xff,
    0x48, 0x24, 0x00, 0xff, 0x50, 0x24, 0x08, 0xff, 0x50, 0x24, 0x08, 0xff,
    0x50, 0x20, 0x00, 0xff, 0x48, 0x24, 0x00, 0xff, 0x48, 0x24, 0x08, 0xff,
    0x50, 0x20, 0x00, 0xff, 0x48, 0x24, 0x00, 0xff, 0x48, 0x20, 0x00, 0xff,
    0x50, 0x24, 0x00, 0xff, 0x50, 0x20, 0x08, 0xff, 0x48, 0x24, 0x00, 0xff,
    0x48, 0x24, 0x00, 0xff, 0x50, 0x20, 0x00, 0xff, 0x48, 0x24, 0x08, 0xff,
    0x48, 0x24, 0x00, 0xff, 0x48, 0x24, 0x00, 0xff, 0x50, 0x24, 0x08, 0xff,
    0x48, 0x20, 0x00, 0xff, 0x50, 0x24, 0x08, 0xff, 0x50, 0x24, 0x08, 0xff,
    0x48, 0x24, 0x00, 0xff, 0x50, 0x24, 0x00, 0xff, 0x48, 0x24, 0x00, 0xff,
    0x50, 0x20, 0x00, 0xff, 0x50, 0x20, 0x00, 0xff, 0x48, 0x24, 0x08, 0xff,
    0x50, 0x20, 0x00, 0xff, 0x50, 0x24, 0x00, 0xff, 0x48, 0x24, 0x08, 0xff,
    0x50, 0x20, 0x00, 0xff, 0x50, 0x24, 0x00, 0xff, 0x48, 0x20, 0x00, 0xff,
    0x48, 0x24, 0x08, 0xff, 0x50, 0x24, 0x00, 0xff, 0x48, 0x24, 0x08, 0xff,
    0x48, 0x24, 0x00, 0xff, 0x48, 0x24, 0x00, 0xff, 0x50, 0x24, 0x00, 0xff,
    0x50, 0x20, 0x00, 0xff, 0x48, 0x24, 0x00, 0xff, 0x48, 0x24, 0x00, 0xff,
    0x48, 0x24, 0x00, 0xff, 0x50, 0x24, 0x08, 0xff, 0x48, 0x24, 0x08, 0xff,
    0x50, 0x24, 0x08, 0xff, 0x50, 0x24, 0x00, 0xff, 0x48, 0x20, 0x00, 0xff,
    0x50, 0x20, 0x08, 0xff, 0x48, 0x24, 0x08, 0xff, 0x50, 0x24, 0x08, 0xff,
    0x48, 0x24, 0x00, 0xff, 0x50, 0x24, 0x00, 0xff, 0x50, 0x24, 0x08, 0xff,
    0x50, 0x24, 0x00, 0xff, 0x48, 0x24, 0x00, 0xff, 0x50, 0x20, 0x08, 0xff,
    0x48, 0x24, 0x08, 0xff, 0x48, 0x24, 0x08, 0xff, 0x48, 0x24, 0x00, 0xff,
    0x48, 0x20, 0x08, 0xff, 0x48, 0x24, 0x00, 0xff, 0x48, 0x24, 0x08, 0xff,
    0x50, 0x20, 0x00, 0xff, 0x50, 0x24, 0x00, 0xff, 0x50, 0x24, 0x00, 0xff,
    0x48, 0x20, 0x00, 0xff, 0x50, 0x24, 0x08, 0xff, 0x48, 0x24, 0x00, 0xff,
    0x48, 0x24, 0x00, 0xff, 0x50, 0x24, 0x00, 0xff, 0x50, 0x20, 0x00, 0xff,
    0x48, 0x24, 0x00, 0xff, 0x48, 0x24, 0x08, 0xff, 0x48, 0x20, 0x08, 0xff,
    0x48, 0x20, 0x00, 0xff, 0x48, 0x24, 0x00, 0xff, 0x50, 0x24, 0x00, 0xff,
    0x50, 0x24, 0x00, 0xff, 0x48, 0x20, 0x00, 0xff, 0x48, 0x24, 0x08, 0xff,
    0x50, 0x24, 0x08, 0xff, 0x50, 0x20, 0x00, 0xff, 0x48, 0x24, 0x00, 0xff,
    0x48, 0x24, 0x00, 0xff, 0x50, 0x24, 0x00, 0xff, 0x48, 0x24, 0x08, 0xff,
    0x48, 0x20, 0x08, 0xff, 0x50, 0x24, 0x00, 0xff, 0x48, 0x20, 0x00, 0xff,
    0x48, 0x24, 0x00, 0xff, 0x50, 0x24, 0x08, 0xff, 0x50, 0x24, 0x08, 0xff,
    0x50, 0x24, 0x00, 0xff, 0x48, 0x20, 0x08, 0xff, 0x48, 0x24, 0x00, 0xff,
    0x48, 0x20, 0x08, 0xff, 0x50, 0x24, 0x00, 0xff, 0x48, 0x24, 0x08, 0xff,
    0x48, 0x20, 0x00, 0xff, 0x50, 0x24, 0x00, 0xff, 0x48, 0x24, 0x00, 0xff,
    0x50, 0x24, 0x08, 0xff, 0x48, 0x20, 0x08, 0xff, 0x48, 0x24, 0x00, 0xff,
    0x50, 0x24, 0x00, 0xff, 0x48, 0x24, 0x00, 0xff, 0x48, 0x24, 0x00, 0xff,
    0x48, 0x20, 0x00, 0xff, 0x48, 0x24, 0x08, 0xff, 0x48, 0x20, 0x08, 0xff,
    0x50, 0x24, 0x00, 0xff, 0x50, 0x24, 0x00, 0xff, 0x48, 0x24, 0x00, 0xff,
    0x48, 0x24, 0x00, 0xff, 0x50, 0x24, 0x08, 0xff, 0x48, 0x20, 0x00, 0xff,
    0x50, 0x24, 0x08, 0xff, 0x48, 0x24, 0x00, 0xff, 0x48, 0x24, 0x00, 0xff,
    0x50, 0x20, 0x00, 0xff, 0x50, 0x24, 0x00, 0xff, 0x48, 0x20, 0x08, 0xff,
    0x48, 0x20, 0x00, 0xff, 0x50, 0x24, 0x00, 0xff, 0x50, 0x20, 0x08, 0xff,
    0x48, 0x24, 0x00, 0xff, 0x48, 0x20, 0x08, 0xff, 0x48, 0x24, 0x08, 0xff,
    0x50, 0x24, 0x08, 0xff, 0x48, 0x20, 0x00, 0xff, 0x48, 0x24, 0x00, 0xff,
    0x50, 0x24, 0x00, 0xff, 0x50, 0x24, 0x08, 0xff, 0x50, 0x24, 0x08, 0xff,
    0x48, 0x24, 0x00, 0xff, 0x48, 0x20, 0x00, 0xff, 0x48, 0x24, 0x00, 0xff,
    0x48, 0x24, 0x08, 0xff, 0x50, 0x24, 0x00, 0xff, 0x48, 0x24, 0x00, 0xff,
    0x48, 0x24, 0x00, 0xff, 0x50, 0x24, 0x08, 0xff, 0x48, 0x24, 0x00, 0xff,
    0x50, 0x20, 0x00, 0xff, 0x50, 0x24, 0x08, 0xff, 0x48, 0x24, 0x08, 0xff,
    0x48, 0x24, 0x08, 0xff, 0x48, 0x24, 0x00, 0xff, 0x50, 0x20, 0x08, 0xff,
    0x48, 0x20, 0x00, 0xff, 0x48, 0x24, 0x00, 0xff, 0x50, 0x24, 0x00, 0xff,
    0x50, 0x20, 0x00, 0xff, 0x48, 0x24, 0x00, 0xff, 0x48, 0x24, 0x00, 0xff,
    0x48, 0x24, 0x08, 0xff, 0x50, 0x24, 0x00, 0xff, 0x50, 0x20, 0x00, 0xff,
    0x48, 0x24, 0x08, 0xff, 0x50, 0x24, 0x08, 0xff, 0x50, 0x24, 0x08, 0xff,
    0x48, 0x24, 0x08, 0xff, 0x48, 0x24, 0x00, 0xff, 0x50, 0x20, 0x08, 0xff,
    0x48, 0x24, 0x08, 0xff, 0x48, 0x24, 0x08, 0xff, 0x48, 0x20, 0x00, 0xff,
    0x50, 0x24, 0x00, 0xff, 0x50, 0x24, 0x08, 0xff, 0x48, 0x20, 0x00, 0xff,
    0x48, 0x24, 0x00, 0xff, 0x48, 0x24, 0x00, 0xff, 0x48, 0x24, 0x00, 0xff,
    0x50, 0x24, 0x00, 0xff, 0x48, 0x20, 0x00, 0xff, 0x48, 0x24, 0x08, 0xff,
    0x48, 0x24, 0x08, 0xff, 0x50, 0x24, 0x00, 0xff, 0x48, 0x24, 0x00, 0xff,
    0x48, 0x24, 0x08, 0xff, 0x48, 0x24, 0x08, 0xff, 0x50, 0x20, 0x00, 0xff,
    0x48, 0x24, 0x08, 0xff, 0x48, 0x24, 0x08, 0xff, 0x50, 0x24, 0x00, 0xff,
    0x48, 0x24, 0x00, 0xff, 0x48, 0x24, 0x08, 0xff, 0x48, 0x20, 0x00, 0xff,
    0x50, 0x24, 0x00, 0xff, 0x50, 0x24, 0x00, 0xff, 0x48, 0x20, 0x00, 0xff,
    0x48, 0x24, 0x08, 0xff, 0x50, 0x24, 0x08, 0xff, 0x50, 0x24, 0x08, 0xff,
    0x48, 0x24, 0x00, 0xff, 0x48, 0x20, 0x00, 0xff, 0x50, 0x20, 0x00, 0xff,
    0x48, 0x24, 0x00, 0xff, 0x48, 0x24, 0x08, 0xff, 0x48, 0x24, 0x08, 0xff,
    0x48, 0x24, 0x00, 0xff, 0x48, 0x20, 0x00, 0xff, 0x48, 0x24, 0x00, 0xff,
    0x50, 0x24, 0x00, 0xff, 0x48, 0x20, 0x08, 0xff, 0x48, 0x20, 0x00, 0xff,
    0x48, 0x24, 0x00, 0xff, 0x50, 0x20, 0x08, 0xff, 0x48, 0x24, 0x00, 0xff,
    0x50, 0x24, 0x00, 0xff, 0x48, 0x24, 0x00, 0xff, 0x48, 0x20, 0x00, 0xff,
    0x50, 0x24, 0x00, 0xff, 0x50, 0x24, 0x00, 0xff, 0x50, 0x24, 0x00, 0xff,
    0x48, 0x24, 0x08, 0xff, 0x48, 0x24, 0x08, 0xff, 0x48, 0x20, 0x00, 0xff,
    0x50, 0x24, 0x00, 0xff, 0x48, 0x24, 0x00, 0xff, 0x50, 0x20, 0x00, 0xff,
    0x48, 0x24, 0x00, 0xff, 0x48, 0x24, 0x08, 0xff, 0x50, 0x24, 0x08, 0xff,
    0x50, 0x20, 0x00, 0xff, 0x48, 0x24, 0x00, 0xff, 0x48, 0x24, 0x00, 0xff,
    0x50, 0x24, 0x08, 0xff, 0x50, 0x24, 0x08, 0xff, 0x48, 0x24, 0x08, 0xff,
    0x48, 0x20, 0x00, 0xff, 0x50, 0x24, 0x00, 0xff, 0x50, 0x24, 0x00, 0xff,
    0x48, 0x24, 0x08, 0xff, 0x48, 0x24, 0x08, 0xff, 0x50, 0x24, 0x08, 0xff,
    0x48, 0x24, 0x00, 0xff, 0x48, 0x24, 0x08, 0xff, 0x50, 0x24, 0x00, 0xff,
    0x48, 0x24, 0x00, 0xff, 0x48, 0x24, 0x08, 0xff, 0x48, 0x24, 0x00, 0xff,
    0x50, 0x24, 0x00, 0xff, 0x48, 0x20, 0x00, 0xff, 0x48, 0x24, 0x00, 0xff,
    0x48, 0x20, 0x00, 0xff, 0x48, 0x24, 0x00, 0xff, 0x48, 0x24, 0x00, 0xff,
    0x50, 0x24, 0x00, 0xff, 0x48, 0x20, 0x08, 0xff, 0x50, 0x24, 0x00, 0xff,
    0x48, 0x24, 0x00, 0xff, 0x48, 0x20, 0x00, 0xff, 0x50, 0x24, 0x08, 0xff,
    0x48, 0x24, 0x08, 0xff, 0x50, 0x24, 0x00, 0xff, 0x48, 0x24, 0x00, 0xff,
    0x48, 0x24, 0x08, 0xff, 0x50, 0x24, 0x00, 0xff, 0x50, 0x20, 0x08, 0xff,
    0x50, 0x24, 0x08, 0xff, 0x48, 0x24, 0x00, 0xff, 0x48, 0x24, 0x00, 0xff,
    0x48, 0x24, 0x00, 0xff, 0x48, 0x24, 0x00, 0xff, 0x48, 0x24, 0x08, 0xff,
    0x48, 0x24, 0x00, 0xff, 0x48, 0x20, 0x00, 0xff, 0x50, 0x24, 0x08, 0xff,
    0x48, 0x24, 0x00, 0xff, 0x50, 0x20, 0x00, 0xff, 0x50, 0x20, 0x00, 0xff,
    0x48, 0x24, 0x08, 0xff, 0x50, 0x24, 0x00, 0xff, 0x48, 0x24, 0x00, 0xff,
    0x50, 0x24, 0x08, 0xff, 0x50, 0x24, 0x08, 0xff, 0x48, 0x24, 0x00, 0xff,
    0x48, 0x24, 0x00, 0xff, 0x50, 0x24, 0x00, 0xff, 0x48, 0x20, 0x00, 0xff,
    0x48, 0x24, 0x00, 0xff, 0x50, 0x24, 0x08, 0xff, 0x48, 0x20, 0x00, 0xff,
    0x48, 0x24, 0x08, 0xff, 0x48, 0x24, 0x00, 0xff, 0x48, 0x24, 0x00, 0xff,
    0x50, 0x24, 0x08, 0xff, 0x48, 0x24, 0x08, 0xff, 0x50, 0x24, 0x08, 0xff,
    0x50, 0x20, 0x00, 0xff, 0x50, 0x20, 0x08, 0xff, 0x48, 0x24, 0x00, 0xff,
    0x48, 0x20, 0x00, 0xff, 0x48, 0x24, 0x00, 0xff, 0x50, 0x24, 0x08, 0xff,
    0x48, 0x24, 0x08, 0xff, 0x48, 0x20, 0x00, 0xff, 0x48, 0x24, 0x00, 0xff,
    0x48, 0x24, 0x00, 0xff, 0x50, 0x24, 0x00, 0xff, 0x48, 0x24, 0x00, 0xff,
    0x48, 0x24, 0x08, 0xff, 0x48, 0x24, 0x08, 0xff, 0x48, 0x24, 0x08, 0xff,
    0x50, 0x24, 0x08, 0xff, 0x48, 0x20, 0x08, 0xff, 0x48, 0x24, 0x00, 0xff,
    0x48, 0x24, 0x00, 0xff, 0x48, 0x20, 0x08, 0xff, 0x48, 0x24, 0x00, 0xff,
    0x50, 0x24, 0x00, 0xff, 0x48, 0x24, 0x00, 0xff, 0x48, 0x24, 0x00, 0xff,
    0x48, 0x24, 0x00, 0xff, 0x50, 0x20, 0x00, 0xff, 0x48, 0x24, 0x00, 0xff,
    0x48, 0x24, 0x00, 0xff, 0x50, 0x24, 0x00, 0xff, 0x50, 0x24, 0x08, 0xff,
    0x48, 0x24, 0x00, 0xff, 0x48, 0x20, 0x00, 0xff, 0x50, 0x24, 0x08, 0xff,
    0x50, 0x24, 0x08, 0xff, 0x48, 0x24, 0x00, 0xff, 0x48, 0x20, 0x00, 0xff,
    0x48, 0x20, 0x08, 0xff, 0x48, 0x24, 0x08, 0xff, 0x50, 0x24, 0x00, 0xff,
    0x48, 0x24, 0x00, 0xff, 0x48, 0x24, 0x08, 0xff, 0x50, 0x24, 0x00, 0xff,
    0x48, 0x24, 0x00, 0xff, 0x48, 0x20, 0x00, 0xff, 0x48, 0x24, 0x08, 0xff,
    0x50, 0x24, 0x00, 0xff, 0x48, 0x24, 0x00, 0xff, 0x48, 0x20, 0x08, 0xff,
    0x50, 0x24, 0x00, 0xff, 0x50, 0x24, 0x00, 0xff, 0x48, 0x20, 0x08, 0xff,
    0x50, 0x24, 0x08, 0xff, 0x48, 0x24, 0x08, 0xff, 0x48, 0x20, 0x08, 0xff,
    0x48, 0x24, 0x00, 0xff, 0x48, 0x24, 0x00, 0xff, 0x48, 0x24, 0x00, 0xff,
    0x50, 0x20, 0x08, 0xff, 0x50, 0x24, 0x08, 0xff, 0x48, 0x24, 0x00, 0xff,
    0x48, 0x24, 0x00, 0xff, 0x48, 0x20, 0x00, 0xff, 0x50, 0x24, 0x00, 0xff,
    0x50, 0x24, 0x00, 0xff, 0x48, 0x24, 0x00, 0xff, 0x50, 0x20, 0x00, 0xff,
    0x48, 0x24, 0x08, 0xff, 0x48, 0x24, 0x08, 0xff, 0x48, 0x24, 0x00, 0xff,
    0x48, 0x24, 0x08, 0xff, 0x48, 0x24, 0x00, 0xff, 0x48, 0x24, 0x00, 0xff,
    0x48, 0x24, 0x00, 0xff, 0x50, 0x20, 0x00, 0xff, 0x50, 0x24, 0x08, 0xff,
    0x48, 0x24, 0x08, 0xff, 0x48, 0x24, 0x08, 0xff, 0x48, 0x24, 0x00, 0xff,
    0x48, 0x20, 0x00, 0xff, 0x48, 0x24, 0x08, 0xff, 0x50, 0x24, 0x08, 0xff,
    0x48, 0x24, 0x08, 0xff, 0x48, 0x24, 0x00, 0xff, 0x48, 0x24, 0x08, 0xff,
    0x50, 0x20, 0x08, 0xff, 0x48, 0x24, 0x00, 0xff, 0x48, 0x24, 0x00, 0xff,
    0x48, 0x24, 0x08, 0xff, 0x50, 0x20, 0x00, 0xff, 0x50, 0x24, 0x08, 0xff,
    0x48, 0x24, 0x00, 0xff, 0x48, 0x24, 0x00, 0xff, 0x50, 0x24, 0x00, 0xff,
    0x48, 0x20, 0x08, 0xff, 0x48, 0x24, 0x08, 0xff, 0x48, 0x24, 0x00, 0xff,
    0x50, 0x24, 0x00, 0xff, 0x48, 0x20, 0x00, 0xff, 0x48, 0x24, 0x00, 0xff,
    0x50, 0x20, 0x08, 0xff, 0x48, 0x20, 0x00, 0xff, 0x48, 0x24, 0x00, 0xff,
    0x50, 0x24, 0x00, 0xff, 0x50, 0x24, 0x00, 0xff, 0x48, 0x20, 0x08, 0xff,
    0x50, 0x24, 0x08, 0xff, 0x48, 0x24, 0x08, 0xff, 0x48, 0x24, 0x00, 0xff,
    0x50, 0x24, 0x08, 0xff, 0x50, 0x24, 0x08, 0xff, 0x50, 0x24, 0x00, 0xff,
    0x48, 0x24, 0x00, 0xff, 0x48, 0x24, 0x08, 0xff, 0x48, 0x24, 0x00, 0xff,
    0x50, 0x24, 0x08, 0xff, 0x48, 0x24, 0x08, 0xff, 0x48, 0x24, 0x00, 0xff,
    0x48, 0x20, 0x00, 0xff, 0x48, 0x24, 0x00, 0xff, 0x50, 0x24, 0x08, 0xff,
    0x48, 0x20, 0x00, 0xff, 0x48, 0x20, 0x08, 0xff, 0x48, 0x24, 0x00, 0xff,
    0x48, 0x24, 0x00, 0xff, 0x50, 0x24, 0x00, 0xff, 0x50, 0x24, 0x00, 0xff,
    0x50, 0x24, 0x08, 0xff, 0x48, 0x20, 0x08, 0xff, 0x50, 0x20, 0x00, 0xff,
    0x50, 0x24, 0x08, 0xff, 0x48, 0x24, 0x08, 0xff, 0x48, 0x24, 0x00, 0xff,
    0x50, 0x24, 0x00, 0xff, 0x48, 0x24, 0x08, 0xff, 0x48, 0x24, 0x08, 0xff,
    0x48, 0x24, 0x00, 0xff, 0x48, 0x24, 0x08, 0xff, 0x48, 0x24, 0x00, 0xff,
    0x48, 0x24, 0x00, 0xff, 0x48, 0x24, 0x00, 0xff, 0x48, 0x24, 0x08, 0xff,
    0x48, 0x24, 0x00, 0xff, 0x50, 0x20, 0x08, 0xff, 0x50, 0x24, 0x00, 0xff,
    0x48, 0x24, 0x00, 0xff, 0x48, 0x24, 0x00, 0xff, 0x50, 0x24, 0x08, 0xff,
    0x50, 0x20, 0x00, 0xff, 0x48, 0x24, 0x00, 0xff, 0x48, 0x20, 0x00, 0xff,
    0x48, 0x20, 0x00, 0xff, 0x50, 0x24, 0x08, 0xff, 0x48, 0x24, 0x00, 0xff,
    0x48, 0x24, 0x00, 0xff, 0x48, 0x24, 0x00, 0xff, 0x50, 0x24, 0x08, 0xff,
    0x50, 0x24, 0x08, 0xff, 0x48, 0x20, 0x08, 0xff, 0x48, 0x24, 0x00, 0xff,
    0x50, 0x24, 0x00, 0xff, 0x48, 0x24, 0x00, 0xff, 0x50, 0x24, 0x00, 0xff,
    0x50, 0x20, 0x00, 0xff, 0x48, 0x24, 0x08, 0xff, 0x48, 0x20, 0x08, 0xff,
    0x50, 0x24, 0x00, 0xff, 0x50, 0x24, 0x00, 0xff, 0x48, 0x20, 0x00, 0xff,
    0x48, 0x24, 0x00, 0xff, 0x50, 0x24, 0x00, 0xff, 0x50, 0x24, 0x08, 0xff,
    0x50, 0x20, 0x00, 0xff, 0x50, 0x24, 0x00, 0xff, 0x48, 0x24, 0x08, 0xff,
    0x48, 0x24, 0x08, 0xff, 0x48, 0x20, 0x00, 0xff, 0x48, 0x20, 0x00, 0xff,
    0x50, 0x24, 0x00, 0xff, 0x48, 0x24, 0x08, 0xff, 0x48, 0x24, 0x08, 0xff,
    0x50, 0x24, 0x00, 0xff, 0x48, 0x20, 0x00, 0xff, 0x48, 0x24, 0x00, 0xff,
    0x48, 0x24, 0x08, 0xff, 0x48, 0x24, 0x08, 0xff, 0x48, 0x24, 0x00, 0xff,
    0x48, 0x24, 0x00, 0xff, 0x50, 0x20, 0x08, 0xff, 0x50, 0x24, 0x08, 0xff,
    0x50, 0x24, 0x00, 0xff, 0x50, 0x24, 0x00, 0xff, 0x48, 0x20, 0x08, 0xff,
    0x50, 0x20, 0x00, 0xff, 0x48, 0x24, 0x00, 0xff, 0x48, 0x24, 0x08, 0xff,
    0x50, 0x20, 0x00, 0xff, 0x50, 0x24, 0x08, 0xff, 0x50, 0x24, 0x00, 0xff,
    0x48, 0x24, 0x00, 0xff, 0x48, 0x20, 0x00, 0xff, 0x48, 0x24, 0x00, 0xff,
    0x48, 0x24, 0x08, 0xff, 0x48, 0x20, 0x08, 0xff, 0x50, 0x24, 0x00, 0xff,
    0x48, 0x24, 0x00, 0xff, 0x48, 0x24, 0x00, 0xff, 0x50, 0x24, 0x00, 0xff,
    0x50, 0x24, 0x08, 0xff, 0x50, 0x20, 0x00, 0xff, 0x48, 0x20, 0x00, 0xff,
    0x48, 0x24, 0x00, 0xff, 0x48, 0x24, 0x00, 0xff, 0x48, 0x24, 0x08, 0xff,
    0x50, 0x24, 0x08, 0xff, 0x50, 0x24, 0x08, 0xff, 0x48, 0x20, 0x00, 0xff,
    0x48, 0x24, 0x08, 0xff, 0x50, 0x24, 0x08, 0xff, 0x48, 0x24, 0x08, 0xff,
    0x48, 0x24, 0x00, 0xff, 0x50, 0x24, 0x00, 0xff, 0x50, 0x24, 0x00, 0xff,
    0x50, 0x24, 0x00, 0xff, 0x50, 0x20, 0x08, 0xff, 0x50, 0x24, 0x08, 0xff,
    0x48, 0x24, 0x08, 0xff, 0x48, 0x20, 0x08, 0xff, 0x48, 0x24, 0x00, 0xff,
    0x48, 0x24, 0x00, 0xff, 0x48, 0x20, 0x00, 0xff, 0x50, 0x20, 0x08, 0xff,
    0x50, 0x24, 0x00, 0xff, 0x50, 0x24, 0x00, 0xff, 0x48, 0x24, 0x00, 0xff,
    0x48, 0x20, 0x00, 0xff, 0x50, 0x24, 0x08, 0xff, 0x48, 0x20, 0x00, 0xff,
    0x48, 0x24, 0x00, 0xff, 0x50, 0x24, 0x00, 0xff, 0x48, 0x20, 0x00, 0xff,
    0x48, 0x24, 0x00, 0xff, 0x48, 0x24, 0x08, 0xff, 0x48, 0x24, 0x00, 0xff,
    0x50, 0x20, 0x00, 0xff, 0x48, 0x20, 0x00, 0xff, 0x48, 0x24, 0x08, 0xff,
    0x50, 0x24, 0x00, 0xff, 0x48, 0x24, 0x00, 0xff, 0x48, 0x24, 0x08, 0xff,
    0x48, 0x20, 0x00, 0xff, 0x50, 0x24, 0x00, 0xff, 0x48, 0x24, 0x00, 0xff,
    0x48, 0x24, 0x00, 0xff, 0x50, 0x24, 0x00, 0xff, 0x50, 0x24, 0x08, 0xff,
    0x48, 0x20, 0x08, 0xff, 0x48, 0x20, 0x08, 0xff, 0x50, 0x24, 0x00, 0xff,
    0x48, 0x24, 0x00, 0xff, 0x50, 0x24, 0x00, 0xff, 0x50, 0x20, 0x08, 0xff,
    0x48, 0x24, 0x00, 0xff, 0x48, 0x24, 0x00, 0xff, 0x48, 0x20, 0x08, 0xff,
    0x50, 0x20, 0x08, 0xff, 0x50, 0x24, 0x00, 0xff, 0x48, 0x24, 0x00, 0xff,
    0x48, 0x20, 0x00, 0xff, 0x50, 0x24, 0x08, 0xff, 0x50, 0x24, 0x00, 0xff,
    0x50, 0x24, 0x00, 0xff, 0x48, 0x20, 0x00, 0xff, 0x48, 0x24, 0x00, 0xff,
    0x50, 0x24, 0x08, 0xff, 0x50, 0x24, 0x00, 0xff, 0x48, 0x24, 0x00, 0xff,
    0x48, 0x24, 0x08, 0xff, 0x48, 0x20, 0x08, 0xff, 0x48, 0x20, 0x08, 0xff,
    0x48, 0x24, 0x00, 0xff, 0x50, 0x24, 0x00, 0xff, 0x48, 0x24, 0x00, 0xff,
    0x48, 0x24, 0x00, 0xff, 0x50, 0x20, 0x08, 0xff, 0x50, 0x24, 0x00, 0xff,
    0x48, 0x24, 0x00, 0xff, 0x48, 0x20, 0x00, 0xff, 0x48, 0x24, 0x00, 0xff,
    0x50, 0x24, 0x00, 0xff, 0x50, 0x20, 0x00, 0xff, 0x48, 0x20, 0x08, 0xff,
    0x50, 0x24, 0x08, 0xff, 0x50, 0x20, 0x00, 0xff, 0x48, 0x20, 0x00, 0xff,
    0x48, 0x24, 0x00, 0xff, 0x48, 0x24, 0x08, 0xff, 0x48, 0x24, 0x08, 0xff,
    0x50, 0x24, 0x08, 0xff, 0x48, 0x20, 0x00, 0xff, 0x48, 0x24, 0x00, 0xff,
    0x50, 0x24, 0x08, 0xff, 0x48, 0x24, 0x08, 0xff, 0x50, 0x24, 0x08, 0xff,
    0x50, 0x24, 0x00, 0xff, 0x48, 0x24, 0x00, 0xff, 0x48, 0x20, 0x00, 0xff,
    0x48, 0x24, 0x00, 0xff, 0x50, 0x24, 0x08, 0xff, 0x48, 0x24, 0x00, 0xff,
    0x48, 0x24, 0x00, 0xff, 0x50, 0x24, 0x00, 0xff, 0x48, 0x24, 0x00, 0xff,
    0x48, 0x20, 0x00, 0xff, 0x50, 0x24, 0x08, 0xff, 0x48, 0x24, 0x08, 0xff,
    0x48, 0x20, 0x08, 0xff, 0x50, 0x24, 0x00, 0xff, 0x50, 0x24, 0x00, 0xff,
    0x48, 0x24, 0x00, 0xff, 0x48, 0x20, 0x00, 0xff, 0x50, 0x24, 0x08, 0xff,
    0x48, 0x24, 0x00, 0xff, 0x48, 0x24, 0x00, 0xff, 0x48, 0x20, 0x00, 0xff,
    0x48, 0x24, 0x08, 0xff, 0x48, 0x24, 0x08, 0xff, 0x50, 0x24, 0x00, 0xff,
    0x48, 0x24, 0x00, 0xff, 0x50, 0x24, 0x08, 0xff, 0x50, 0x24, 0x08, 0xff,
    0x48, 0x20, 0x08, 0xff, 0x50, 0x24, 0x00, 0xff, 0x50, 0x24, 0x00, 0xff,
    0x48, 0x20, 0x08, 0xff, 0x50, 0x24, 0x08, 0xff, 0x48, 0x20, 0x00, 0xff,
    0x50, 0x24, 0x00, 0xff, 0x50, 0x24, 0x00, 0xff, 0x50, 0x20, 0x00, 0xff,
    0x48, 0x24, 0x00, 0xff, 0x48, 0x24, 0x00, 0xff, 0x48, 0x24, 0x00, 0xff,
    0x48, 0x24, 0x08, 0xff, 0x48, 0x24, 0x00, 0xff, 0x48, 0x24, 0x00, 0xff,
    0x48, 0x24, 0x08, 0xff, 0x50, 0x20, 0x00, 0xff, 0x48, 0x24, 0x00, 0xff,
    0x48, 0x24, 0x08, 0xff, 0x50, 0x24, 0x00, 0xff, 0x48, 0x24, 0x00, 0xff,
    0x48, 0x24, 0x08, 0xff, 0x50, 0x20, 0x08, 0xff, 0x50, 0x24, 0x08, 0xff,
    0x50, 0x24, 0x00, 0xff, 0x48, 0x24, 0x00, 0xff, 0x48, 0x24, 0x00, 0xff,
    0x50, 0x20, 0x00, 0xff, 0x48, 0x20, 0x08, 0xff, 0x48, 0x24, 0x00, 0xff,
    0x48, 0x24, 0x00, 0xff, 0x48, 0x24, 0x08, 0xff, 0x50, 0x24, 0x08, 0xff,
    0x48, 0x24, 0x08, 0xff, 0x48, 0x24, 0x00, 0xff, 0x50, 0x20, 0x00, 0xff,
    0x50, 0x24, 0x00, 0xff, 0x48, 0x20, 0x00, 0xff, 0x48, 0x24, 0x08, 0xff,
    0x48, 0x24, 0x00, 0xff, 0x48, 0x20, 0x00, 0xff, 0x50, 0x24, 0x00, 0xff,
    0x50, 0x24, 0x08, 0xff, 0x48, 0x20, 0x00, 0xff, 0x48, 0x20, 0x00, 0xff,
    0x48, 0x24, 0x08, 0xff, 0x48, 0x24, 0x00, 0xff, 0x48, 0x20, 0x00, 0xff,
    0x50, 0x24, 0x00, 0xff, 0x48, 0x24, 0x00, 0xff, 0x50, 0x24, 0x08, 0xff,
    0x50, 0x24, 0x00, 0xff, 0x50, 0x24, 0x00, 0xff, 0x48, 0x24, 0x00, 0xff,
    0x48, 0x24, 0x08, 0xff, 0x48, 0x24, 0x00, 0xff, 0x48, 0x20, 0x00, 0xff,
    0x50, 0x24, 0x00, 0xff, 0x50, 0x24, 0x00, 0xff, 0x50, 0x24, 0x00, 0xff,
    0x48, 0x24, 0x08, 0xff, 0x48, 0x20, 0x08, 0xff, 0x50, 0x24, 0x08, 0xff,
    0x50, 0x24, 0x08, 0xff, 0x50, 0x24, 0x00, 0xff, 0x48, 0x24, 0x00, 0xff,
    0x48, 0x24, 0x08, 0xff, 0x50, 0x24, 0x08, 0xff, 0x48, 0x20, 0x00, 0xff,
    0x48, 0x24, 0x00, 0xff, 0x50, 0x24, 0x00, 0xff, 0x50, 0x20, 0x00, 0xff,
    0x50, 0x24, 0x08, 0xff, 0x48, 0x24, 0x08, 0xff, 0x50, 0x24, 0x08, 0xff,
    0x48, 0x20, 0x08, 0xff, 0x48, 0x24, 0x08, 0xff, 0x48, 0x24, 0x00, 0xff,
    0x48, 0x24, 0x00, 0xff, 0x48, 0x24, 0x00, 0xff, 0x48, 0x24, 0x00, 0xff,
    0x48, 0x20, 0x00, 0xff, 0x48, 0x24, 0x00, 0xff, 0x48, 0x24, 0x00, 0xff,
    0x48, 0x20, 0x00, 0xff, 0x48, 0x24, 0x00, 0xff, 0x48, 0x24, 0x00, 0xff,
    0x48, 0x24, 0x00, 0xff, 0x48, 0x24, 0x08, 0xff, 0x50, 0x20, 0x08, 0xff,
    0x48, 0x24, 0x00, 0xff, 0x48, 0x20, 0x00, 0xff, 0x48, 0x20, 0x00, 0xff,
    0x48, 0x24, 0x08, 0xff, 0x50, 0x24, 0x08, 0xff, 0x48, 0x20, 0x08, 0xff,
    0x48, 0x24, 0x00, 0xff, 0x48, 0x24, 0x00, 0xff, 0x50, 0x24, 0x08, 0xff,
    0x50, 0x20, 0x00, 0xff, 0x50, 0x24, 0x00, 0xff, 0x48, 0x24, 0x00, 0xff,
    0x48, 0x24, 0x00, 0xff, 0x48, 0x20, 0x08, 0xff, 0x48, 0x24, 0x08, 0xff,
    0x50, 0x24, 0x00, 0xff, 0x48, 0x20, 0x00, 0xff, 0x48, 0x24, 0x00, 0xff,
    0x48, 0x24, 0x08, 0xff, 0x50, 0x20, 0x08, 0xff, 0x50, 0x24, 0x00, 0xff,
    0x48, 0x24, 0x08, 0xff, 0x48, 0x24, 0x08, 0xff, 0x50, 0x24, 0x00, 0xff,
    0x48, 0x24, 0x00, 0xff, 0x48, 0x24, 0x08, 0xff, 0x48, 0x24, 0x00, 0xff,
    0x48, 0x24, 0x00, 0xff, 0x50, 0x20, 0x00, 0xff, 0x48, 0x24, 0x00, 0xff,
    0x48, 0x24, 0x00, 0xff, 0x50, 0x20, 0x08, 0xff, 0x48, 0x24, 0x00, 0xff,
    0x48, 0x24, 0x00, 0xff, 0x48, 0x24, 0x00, 0xff, 0x50, 0x20, 0x00, 0xff,
    0x48, 0x24, 0x08, 0xff, 0x48, 0x24, 0x00, 0xff, 0x50, 0x24, 0x08, 0xff,
    0x50, 0x20, 0x08, 0xff, 0x48, 0x24, 0x08, 0xff, 0x48, 0x20, 0x00, 0xff,
    0x48, 0x20, 0x00, 0xff, 0x48, 0x24, 0x08, 0xff, 0x50, 0x24, 0x00, 0xff,
    0x50, 0x24, 0x08, 0xff, 0x48, 0x20, 0x08, 0xff, 0x48, 0x24, 0x00, 0xff,
    0x50, 0x24, 0x00, 0xff, 0x48, 0x24, 0x00, 0xff, 0x48, 0x24, 0x00, 0xff,
    0x48, 0x20, 0x08, 0xff, 0x50, 0x24, 0x08, 0xff, 0x48, 0x24, 0x00, 0xff,
    0x50, 0x24, 0x08, 0xff, 0x48, 0x20, 0x08, 0xff, 0x48, 0x24, 0x08, 0xff,
    0x48, 0x24, 0x00, 0xff, 0x50, 0x24, 0x00, 0xff, 0x48, 0x20, 0x00, 0xff,
    0x50, 0x20, 0x00, 0xff, 0x48, 0x24, 0x08, 0xff, 0x48, 0x24, 0x00, 0xff,
    0x50, 0x24, 0x00, 0xff, 0x48, 0x24, 0x00, 0xff, 0x48, 0x20, 0x08, 0xff,
    0x48, 0x24, 0x00, 0xff, 0x48, 0x24, 0x00, 0xff, 0x50, 0x24, 0x08, 0xff,
    0x48, 0x24, 0x08, 0xff, 0x48, 0x20, 0x00, 0xff, 0x48, 0x24, 0x08, 0xff,
    0x50, 0x24, 0x08, 0xff, 0x48, 0x24, 0x08, 0xff, 0x50, 0x20, 0x00, 0xff,
    0x48, 0x24, 0x00, 0xff, 0x48, 0x20, 0x08, 0xff, 0x50, 0x24, 0x00, 0xff,
    0x50, 0x24, 0x00, 0xff, 0x48, 0x24, 0x08, 0xff, 0x50, 0x20, 0x08, 0xff,
    0x48, 0x24, 0x00, 0xff, 0x48, 0x20, 0x00, 0xff, 0x48, 0x20, 0x08, 0xff,
    0x48, 0x24, 0x00, 0xff, 0x50, 0x24, 0x00, 0xff, 0x48, 0x24, 0x00, 0xff,
    0x48, 0x24, 0x00, 0xff, 0x50, 0x20, 0x00, 0xff, 0x48, 0x24, 0x08, 0xff,
    0x48, 0x24, 0x08, 0xff, 0x48, 0x24, 0x00, 0xff, 0x50, 0x24, 0x08, 0xff,
    0x50, 0x24, 0x00, 0xff, 0x48, 0x20, 0x00, 0xff, 0x48, 0x24, 0x00, 0xff,
    0x50, 0x24, 0x00, 0xff, 0x50, 0x20, 0x08, 0xff, 0x48, 0x24, 0x00, 0xff,
    0x48, 0x24, 0x00, 0xff, 0x48, 0x24, 0x08, 0xff, 0x50, 0x24, 0x00, 0xff,
    0x50, 0x24, 0x00, 0xff, 0x50, 0x24, 0x08, 0xff, 0x48, 0x20, 0x00, 0xff,
    0x48, 0x24, 0x00, 0xff, 0x48, 0x24, 0x08, 0xff, 0x48, 0x24, 0x08, 0xff,
    0x50, 0x24, 0x08, 0xff, 0x48, 0x20, 0x00, 0xff, 0x48, 0x24, 0x00, 0xff,
    0x48, 0x24, 0x00, 0xff, 0x50, 0x20, 0x00, 0xff, 0x48, 0x24, 0x00, 0xff,
    0x48, 0x20, 0x08, 0xff, 0x48, 0x24, 0x08, 0xff, 0x50, 0x24, 0x08, 0xff,
    0x48, 0x24, 0x00, 0xff, 0x48, 0x20, 0x08, 0xff, 0x50, 0x24, 0x08, 0xff,
    0x48, 0x24, 0x08, 0xff, 0x48, 0x24, 0x08, 0xff, 0x48, 0x20, 0x08, 0xff,
    0x50, 0x24, 0x00, 0xff, 0x48, 0x24, 0x00, 0xff, 0x48, 0x24, 0x00, 0xff,
    0x48, 0x24, 0x00, 0xff, 0x48, 0x20, 0x00, 0xff, 0x50, 0x20, 0x08, 0xff,
    0x48, 0x24, 0x00, 0xff, 0x48, 0x24, 0x00, 0xff, 0x50, 0x24, 0x08, 0xff,
    0x50, 0x20, 0x08, 0xff, 0x48, 0x24, 0x08, 0xff, 0x48, 0x24, 0x08, 0xff,
    0x48, 0x24, 0x00, 0xff, 0x48, 0x24, 0x00, 0xff, 0x48, 0x20, 0x00, 0xff,
    0x50, 0x24, 0x00, 0xff, 0x50, 0x24, 0x00, 0xff, 0x48, 0x24, 0x00, 0xff,
    0x50, 0x20, 0x00, 0xff, 0x50, 0x24, 0x08, 0xff, 0x50, 0x24, 0x08, 0xff,
    0x50, 0x24, 0x08, 0xff, 0x48, 0x20, 0x08, 0xff, 0x50, 0x24, 0x08, 0xff,
    0x50, 0x24, 0x08, 0xff, 0x50, 0x20, 0x08, 0xff, 0x50, 0x24, 0x08, 0xff,
    0x50, 0x24, 0x00, 0xff, 0x48, 0x24, 0x00, 0xff, 0x48, 0x24, 0x00, 0xff,
    0x50, 0x24, 0x08, 0xff, 0x50, 0x24, 0x00, 0xff, 0x48, 0x24, 0x08, 0xff,
    0x48, 0x24, 0x08, 0xff, 0x48, 0x24, 0x00, 0xff, 0x50, 0x24, 0x00, 0xff,
    0x50, 0x24, 0x00, 0xff, 0x48, 0x20, 0x08, 0xff, 0x48, 0x24, 0x00, 0xff,
    0x48, 0x24, 0x08, 0xff, 0x48, 0x24, 0x00, 0xff, 0x50, 0x24, 0x00, 0xff,
    0x50, 0x20, 0x08, 0xff, 0x50, 0x24, 0x00, 0xff, 0x50, 0x24, 0x00, 0xff,
    0x48, 0x24, 0x08, 0xff, 0x48, 0x24, 0x00, 0xff, 0x48, 0x24, 0x08, 0xff,
    0x50, 0x20, 0x08, 0xff, 0x48, 0x24, 0x00, 0xff, 0x48, 0x24, 0x08, 0xff,
    0x50, 0x24, 0x00, 0xff, 0x48, 0x20, 0x00, 0xff, 0x48, 0x24, 0x00, 0xff,
    0x50, 0x24, 0x00, 0xff, 0x48, 0x20, 0x00, 0xff, 0x50, 0x24, 0x08, 0xff,
    0x48, 0x24, 0x00, 0xff, 0x50, 0x24, 0x08, 0xff, 0x50, 0x20, 0x00, 0xff,
    0x48, 0x24, 0x00, 0xff, 0x48, 0x24, 0x00, 0xff, 0x50, 0x24, 0x08, 0xff,
    0x50, 0x24, 0x08, 0xff, 0x48, 0x20, 0x00, 0xff, 0x48, 0x24, 0x00, 0xff,
    0x48, 0x24, 0x00, 0xff, 0x48, 0x20, 0x08, 0xff, 0x50, 0x24, 0x00, 0xff,
    0x48, 0x24, 0x00, 0xff, 0x48, 0x24, 0x00, 0xff, 0x50, 0x24, 0x00, 0xff,
    0x50, 0x24, 0x08, 0xff, 0x50, 0x20, 0x08, 0xff, 0x48, 0x20, 0x08, 0xff,
    0x48, 0x24, 0x00, 0xff, 0x48, 0x24, 0x00, 0xff, 0x50, 0x24, 0x00, 0xff,
    0x48, 0x24, 0x00, 0xff, 0x48, 0x24, 0x08, 0xff, 0x48, 0x20, 0x08, 0xff,
    0x50, 0x24, 0x00, 0xff, 0x50, 0x24, 0x00, 0xff, 0x48, 0x24, 0x00, 0xff,
    0x48, 0x20, 0x00, 0xff, 0x50, 0x24, 0x00, 0xff, 0x50, 0x24, 0x00, 0xff,
    0x50, 0x24, 0x00, 0xff, 0x48, 0x24, 0x00, 0xff, 0x48, 0x24, 0x08, 0xff,
    0x48, 0x24, 0x08, 0xff, 0x48, 0x20, 0x00, 0xff, 0x48, 0x24, 0x00, 0xff,
    0x48, 0x24, 0x00, 0xff, 0x48, 0x20, 0x08, 0xff, 0x48, 0x24, 0x00, 0xff,
    0x50, 0x24, 0x00, 0xff, 0x48, 0x24, 0x00, 0xff, 0x48, 0x24, 0x00, 0xff,
    0x48, 0x20, 0x00, 0xff, 0x50, 0x24, 0x08, 0xff, 0x48, 0x24, 0x00, 0xff,
    0x48, 0x24, 0x00, 0xff, 0x50, 0x20, 0x00, 0xff, 0x48, 0x24, 0x08, 0xff,
    0x50, 0x24, 0x00, 0xff, 0x50, 0x24, 0x00, 0xff, 0x48, 0x20, 0x08, 0xff,
    0x48, 0x24, 0x08, 0xff, 0x48, 0x24, 0x00, 0xff, 0x48, 0x24, 0x00, 0xff,
    0x50, 0x24, 0x00, 0xff, 0x48, 0x24, 0x08, 0xff, 0x50, 0x24, 0x00, 0xff,
    0x50, 0x24, 0x08, 0xff, 0x48, 0x20, 0x00, 0xff, 0x48, 0x24, 0x00, 0xff,
    0x48, 0x24, 0x08, 0xff, 0x48, 0x20, 0x08, 0xff, 0x50, 0x24, 0x00, 0xff,
    0x50, 0x24, 0x00, 0xff, 0x48, 0x24, 0x00, 0xff, 0x50, 0x24, 0x00, 0xff,
    0x48, 0x20, 0x08, 0xff, 0x48, 0x24, 0x08, 0xff, 0x50, 0x24, 0x00, 0xff,
    0x48, 0x20, 0x00, 0xff, 0x48, 0x24, 0x00, 0xff, 0x48, 0x24, 0x08, 0xff,
    0x48, 0x24, 0x08, 0xff, 0x50, 0x20, 0x00, 0xff, 0x48, 0x24, 0x00, 0xff,
    0x48, 0x24, 0x08, 0xff, 0x48, 0x20, 0x00, 0xff, 0x48, 0x24, 0x08, 0xff,
    0x48, 0x20, 0x00, 0xff, 0x50, 0x24, 0x00, 0xff, 0x50, 0x24, 0x00, 0xff,
    0x50, 0x24, 0x00, 0xff, 0x48, 0x24, 0x00, 0xff, 0x50, 0x24, 0x08, 0xff,
    0x50, 0x24, 0x08, 0xff, 0x48, 0x24, 0x08, 0xff, 0x48, 0x24, 0x08, 0xff,
    0x48, 0x24, 0x00, 0xff, 0x50, 0x20, 0x00, 0xff, 0x48, 0x24, 0x00, 0xff,
    0x48, 0x20, 0x00, 0xff, 0x50, 0x24, 0x00, 0xff, 0x48, 0x24, 0x00, 0xff,
    0x48, 0x24, 0x00, 0xff, 0x48, 0x20, 0x00, 0xff, 0x48, 0x24, 0x00, 0xff,
    0x48, 0x24, 0x00, 0xff, 0x50, 0x24, 0x00, 0xff, 0x50, 0x20, 0x08, 0xff,
    0x48, 0x24, 0x00, 0xff, 0x48, 0x24, 0x08, 0xff, 0x48, 0x24, 0x00, 0xff,
    0x50, 0x24, 0x00, 0xff, 0x50, 0x24, 0x00, 0xff, 0x48, 0x24, 0x00, 0xff,
    0x48, 0x24, 0x00, 0xff, 0x48, 0x20, 0x00, 0xff, 0x48, 0x24, 0x00, 0xff,
    0x50, 0x24, 0x00, 0xff, 0x50, 0x20, 0x00, 0xff, 0x48, 0x24, 0x08, 0xff,
    0x48, 0x24, 0x00, 0xff, 0x48, 0x24, 0x00, 0xff, 0x50, 0x20, 0x08, 0xff,
    0x48, 0x24, 0x08, 0xff, 0x48, 0x20, 0x00, 0xff, 0x48, 0x24, 0x00, 0xff,
    0x48, 0x24, 0x00, 0xff, 0x50, 0x24, 0x00, 0xff, 0x48, 0x24, 0x00, 0xff,
    0x48, 0x24, 0x00, 0xff, 0x48, 0x24, 0x00, 0xff, 0x48, 0x24, 0x00, 0xff,
    0x48, 0x20, 0x08, 0xff, 0x50, 0x24, 0x00, 0xff, 0x48, 0x20, 0x00, 0xff,
    0x48, 0x24, 0x00, 0xff, 0x48, 0x24, 0x08, 0xff, 0x50, 0x24, 0x00, 0xff,
    0x50, 0x24, 0x00, 0xff, 0x50, 0x20, 0x00, 0xff, 0x48, 0x24, 0x00, 0xff,
    0x48, 0x24, 0x08, 0xff, 0x50, 0x20, 0x00, 0xff, 0x48, 0x24, 0x00, 0xff,
    0x50, 0x24, 0x00, 0xff, 0x48, 0x20, 0x08, 0xff, 0x48, 0x24, 0x08, 0xff,
    0x48, 0x24, 0x00, 0xff, 0x48, 0x24, 0x00, 0xff, 0x48, 0x24, 0x00, 0xff,
    0x48, 0x20, 0x00, 0xff, 0x50, 0x24, 0x08, 0xff, 0x50, 0x24, 0x00, 0xff,
    0x48, 0x24, 0x00, 0xff, 0x50, 0x24, 0x00, 0xff, 0x48, 0x24, 0x00, 0xff,
    0x48, 0x20, 0x00, 0xff, 0x50, 0x24, 0x00, 0xff, 0x48, 0x24, 0x08, 0xff,
    0x48, 0x20, 0x08, 0xff, 0x50, 0x24, 0x08, 0xff, 0x48, 0x24, 0x00, 0xff,
    0x48, 0x24, 0x00, 0xff, 0x48, 0x20, 0x08, 0xff, 0x48, 0x24, 0x08, 0xff,
    0x50, 0x24, 0x08, 0xff, 0x48, 0x24, 0x00, 0xff, 0x48, 0x20, 0x00, 0xff,
    0x48, 0x24, 0x08, 0xff, 0x50, 0x20, 0x00, 0xff, 0x50, 0x24, 0x08, 0xff,
    0x50, 0x24, 0x08, 0xff, 0x48, 0x20, 0x00, 0xff, 0x48, 0x24, 0x00, 0xff,
    0x48, 0x24, 0x08, 0xff, 0x50, 0x20, 0x00, 0xff, 0x48, 0x24, 0x00, 0xff,
    0x48, 0x24, 0x00, 0xff, 0x48, 0x24, 0x00, 0xff, 0x48, 0x24, 0x00, 0xff,
    0x48, 0x24, 0x00, 0xff, 0x50, 0x24, 0x00, 0xff, 0x48, 0x24, 0x08, 0xff,
    0x48, 0x20, 0x08, 0xff, 0x50, 0x20, 0x00, 0xff, 0x50, 0x24, 0x00, 0xff,
    0x48, 0x24, 0x08, 0xff, 0x48, 0x24, 0x00, 0xff, 0x48, 0x20, 0x08, 0xff,
    0x48, 0x24, 0x08, 0xff, 0x50, 0x24, 0x00, 0xff, 0x48, 0x24, 0x00, 0xff,
    0x48, 0x20, 0x08, 0xff, 0x50, 0x20, 0x08, 0xff, 0x48, 0x24, 0x00, 0xff,
    0x50, 0x24, 0x00, 0xff, 0x50, 0x24, 0x00, 0xff, 0x50, 0x24, 0x08, 0xff,
    0x50, 0x20, 0x08, 0xff, 0x50, 0x24, 0x00, 0xff, 0x50, 0x24, 0x08, 0xff,
    0x48, 0x24, 0x08, 0xff, 0x50, 0x24, 0x08, 0xff, 0x50, 0x20, 0x00, 0xff,
    0x50, 0x24, 0x08, 0xff, 0x48, 0x24, 0x00, 0xff, 0x50, 0x24, 0x00, 0xff,
    0x48, 0x20, 0x00, 0xff, 0x48, 0x24, 0x00, 0xff, 0x48, 0x24, 0x00, 0xff,
    0x48, 0x24, 0x08, 0xff, 0x48, 0x20, 0x08, 0xff, 0x50, 0x24, 0x00, 0xff,
    0x48, 0x24, 0x00, 0xff, 0x50, 0x20, 0x00, 0xff, 0x48, 0x24, 0x00, 0xff,
    0x48, 0x24, 0x08, 0xff, 0x50, 0x24, 0x00, 0xff, 0x48, 0x24, 0x00, 0xff,
    0x48, 0x24, 0x00, 0xff, 0x50, 0x24, 0x08, 0xff, 0x48, 0x24, 0x08, 0xff,
    0x50, 0x20, 0x00, 0xff, 0x50, 0x24, 0x00, 0xff, 0x48, 0x24, 0x08, 0xff,
    0x48, 0x24, 0x00, 0xff, 0x50, 0x20, 0x08, 0xff, 0x48, 0x20, 0x08, 0xff,
    0x48, 0x24, 0x00, 0xff, 0x50, 0x24, 0x00, 0xff, 0x50, 0x24, 0x08, 0xff,
    0x48, 0x24, 0x08, 0xff, 0x48, 0x24, 0x08, 0xff, 0x50, 0x24, 0x00, 0xff,
    0x50, 0x20, 0x00, 0xff, 0x48, 0x24, 0x00, 0xff, 0x48, 0x24, 0x08, 0xff,
    0x48, 0x20, 0x00, 0xff, 0x50, 0x24, 0x00, 0xff, 0x50, 0x24, 0x00, 0xff,
    0x50, 0x24, 0x08, 0xff, 0x48, 0x20, 0x00, 0xff, 0x48, 0x24, 0x08, 0xff,
    0x48, 0x20, 0x00, 0xff, 0x50, 0x24, 0x08, 0xff, 0x48, 0x24, 0x08, 0xff,
    0x48, 0x20, 0x00, 0xff, 0x48, 0x24, 0x00, 0xff, 0x50, 0x24, 0x00, 0xff,
    0x50, 0x20, 0x00, 0xff, 0x48, 0x24, 0x00, 0xff, 0x48, 0x24, 0x08, 0xff,
    0x50, 0x24, 0x08, 0xff, 0x50, 0x24, 0x00, 0xff, 0x48, 0x24, 0x00, 0xff,
    0x50, 0x20, 0x08, 0xff, 0x50, 0x24, 0x00, 0xff, 0x50, 0x24, 0x00, 0xff,
    0x50, 0x24, 0x08, 0xff, 0x48, 0x20, 0x08, 0xff, 0x48, 0x24, 0x00, 0xff,
    0x50, 0x20, 0x08, 0xff, 0x50, 0x24, 0x00, 0xff, 0x50, 0x24, 0x08, 0xff,
    0x48, 0x20, 0x08, 0xff, 0x48, 0x20, 0x08, 0xff, 0x48, 0x24, 0x08, 0xff,
    0x48, 0x24, 0x00, 0xff, 0x50, 0x24, 0x00, 0xff, 0x50, 0x24, 0x00, 0xff,
    0x48, 0x20, 0x08, 0xff, 0x48, 0x24, 0x08, 0xff, 0x50, 0x24, 0x00, 0xff,
    0x48, 0x24, 0x08, 0xff, 0x50, 0x20, 0x08, 0xff, 0x48, 0x24, 0x00, 0xff,
    0x48, 0x24, 0x00, 0xff, 0x50, 0x24, 0x08, 0xff, 0x48, 0x24, 0x00, 0xff,
    0x48, 0x20, 0x00, 0xff, 0x48, 0x24, 0x08, 0xff, 0x48, 0x24, 0x00, 0xff,
    0x48, 0x20, 0x00, 0xff, 0x50, 0x24, 0x00, 0xff, 0x48, 0x24, 0x08, 0xff,
    0x48, 0x20, 0x00, 0xff, 0x48, 0x24, 0x08, 0xff, 0x50, 0x24, 0x08, 0xff,
    0x50, 0x20, 0x08, 0xff, 0x48, 0x24, 0x00, 0xff, 0x48, 0x20, 0x00, 0xff,
    0x48, 0x24, 0x08, 0xff, 0x48, 0x24, 0x00, 0xff, 0x48, 0x20, 0x08, 0xff,
    0x48, 0x24, 0x00, 0xff, 0x48, 0x24, 0x08, 0xff, 0x50, 0x24, 0x08, 0xff,
    0x48, 0x20, 0x00, 0xff, 0x50, 0x24, 0x00, 0xff, 0x48, 0x24, 0x08, 0xff,
    0x50, 0x24, 0x00, 0xff, 0x48, 0x20, 0x08, 0xff, 0x48, 0x24, 0x08, 0xff,
    0x50, 0x24, 0x08, 0xff, 0x48, 0x20, 0x00, 0xff, 0x50, 0x24, 0x00, 0xff,
    0x48, 0x20, 0x00, 0xff, 0x48, 0x24, 0x00, 0xff, 0x50, 0x24, 0x08, 0xff,
    0x48, 0x20, 0x08, 0xff, 0x48, 0x24, 0x08, 0xff, 0x50, 0x24, 0x00, 0xff,
    0x50, 0x24, 0x08, 0xff, 0x48, 0x24, 0x00, 0xff, 0x48, 0x24, 0x00, 0xff,
    0x48, 0x24, 0x00, 0xff, 0x50, 0x24, 0x00, 0xff, 0x48, 0x24, 0x00, 0xff,
    0x48, 0x24, 0x00, 0xff, 0x50, 0x20, 0x08, 0xff, 0x48, 0x24, 0x00, 0xff,
    0x50, 0x24, 0x00, 0xff, 0x48, 0x24, 0x00, 0xff, 0x48, 0x24, 0x08, 0xff,
    0x48, 0x24, 0x00, 0xff, 0x50, 0x24, 0x00, 0xff, 0x50, 0x24, 0x08, 0xff,
    0x50, 0x24, 0x00, 0xff, 0x48, 0x24, 0x08, 0xff, 0x50, 0x20, 0x08, 0xff,
    0x48, 0x24, 0x00, 0xff, 0x48, 0x24, 0x00, 0xff, 0x50, 0x24, 0x00, 0xff,
    0x50, 0x24, 0x08, 0xff, 0x48, 0x20, 0x08, 0xff, 0x50, 0x20, 0x08, 0xff,
    0x50, 0x24, 0x00, 0xff, 0x48, 0x24, 0x00, 0xff, 0x48, 0x24, 0x00, 0xff,
    0x48, 0x24, 0x00, 0xff, 0x48, 0x20, 0x08, 0xff, 0x50, 0x24, 0x00, 0xff,
    0x50, 0x24, 0x00, 0xff, 0x48, 0x24, 0x08, 0xff, 0x48, 0x20, 0x08, 0xff,
    0x48, 0x24, 0x00, 0xff, 0x48, 0x24, 0x00, 0xff, 0x50, 0x20, 0x08, 0xff,
    0x48, 0x24, 0x00, 0xff, 0x48, 0x24, 0x08, 0xff, 0x48, 0x20, 0x00, 0xff,
    0x48, 0x24, 0x00, 0xff, 0x48, 0x24, 0x00, 0xff, 0x48, 0x24, 0x00, 0xff,
    0x50, 0x20, 0x00, 0xff, 0x48, 0x20, 0x00, 0xff, 0x48, 0x24, 0x08, 0xff,
    0x48, 0x24, 0x00, 0xff, 0x48, 0x24, 0x00, 0xff, 0x48, 0x20, 0x08, 0xff,
    0x50, 0x24, 0x08, 0xff, 0x50, 0x24, 0x08, 0xff, 0x50, 0x20, 0x08, 0xff,
    0x48, 0x24, 0x00, 0xff, 0x48, 0x24, 0x00, 0xff, 0x48, 0x24, 0x00, 0xff,
    0x50, 0x24, 0x00, 0xff, 0x48, 0x20, 0x08, 0xff, 0x50, 0x24, 0x08, 0xff,
    0x50, 0x20, 0x00, 0xff, 0x48, 0x20, 0x08, 0xff, 0x48, 0x24, 0x08, 0xff,
    0x48, 0x20, 0x00, 0xff, 0x48, 0x24, 0x00, 0xff, 0x48, 0x24, 0x08, 0xff,
    0x50, 0x20, 0x00, 0xff, 0x48, 0x24, 0x00, 0xff, 0x48, 0x24, 0x00, 0xff,
    0x48, 0x20, 0x08, 0xff, 0x48, 0x24, 0x00, 0xff, 0x50, 0x24, 0x00, 0xff,
    0x48, 0x24, 0x00, 0xff, 0x48, 0x24, 0x00, 0xff, 0x48, 0x20, 0x00, 0xff,
    0x48, 0x20, 0x00, 0xff, 0x50, 0x24, 0x00, 0xff, 0x48, 0x20, 0x00, 0xff,
    0x48, 0x24, 0x08, 0xff, 0x50, 0x24, 0x08, 0xff, 0x50, 0x24, 0x00, 0xff,
    0x50, 0x24, 0x08, 0xff, 0x48, 0x24, 0x08, 0xff, 0x48, 0x24, 0x00, 0xff,
    0x48, 0x24, 0x00, 0xff, 0x48, 0x24, 0x08, 0xff, 0x48, 0x24, 0x00, 0xff,
    0x50, 0x24, 0x08, 0xff, 0x48, 0x20, 0x00, 0xff, 0x48, 0x24, 0x00, 0xff,
    0x48, 0x24, 0x00, 0xff, 0x50, 0x20, 0x00, 0xff, 0x48, 0x24, 0x00, 0xff,
    0x48, 0x24, 0x08, 0xff, 0x50, 0x24, 0x08, 0xff, 0x50, 0x20, 0x00, 0xff,
    0x48, 0x24, 0x00, 0xff, 0x48, 0x24, 0x08, 0xff, 0x50, 0x20, 0x08, 0xff,
    0x48, 0x24, 0x00, 0xff, 0x48, 0x24, 0x08, 0xff, 0x48, 0x24, 0x08, 0xff,
    0x48, 0x20, 0x00, 0xff, 0x48, 0x24, 0x00, 0xff, 0x48, 0x24, 0x08, 0xff,
    0x48, 0x24, 0x00, 0xff, 0x48, 0x20, 0x00, 0xff, 0x48, 0x24, 0x00, 0xff,
    0x48, 0x24, 0x00, 0xff, 0x48, 0x24, 0x00, 0xff, 0x50, 0x20, 0x00, 0xff,
    0x50, 0x24, 0x08, 0xff, 0x48, 0x24, 0x08, 0xff, 0x50, 0x20, 0x08, 0xff,
    0x48, 0x24, 0x00, 0xff, 0x48, 0x24, 0x00, 0xff, 0x48, 0x24, 0x08, 0xff,
    0x50, 0x20, 0x00, 0xff, 0x48, 0x24, 0x00, 0xff, 0x48, 0x24, 0x08, 0xff,
    0x50, 0x24, 0x00, 0xff, 0x48, 0x24, 0x00, 0xff, 0x50, 0x20, 0x08, 0xff,
    0x50, 0x24, 0x08, 0xff, 0x50, 0x20, 0x00, 0xff, 0x50, 0x24, 0x08, 0xff,
    0x50, 0x24, 0x08, 0xff, 0x48, 0x20, 0x08, 0xff, 0x50, 0x24, 0x00, 0xff,
    0x50, 0x24, 0x00, 0xff, 0x50, 0x24, 0x00, 0xff, 0x48, 0x24, 0x00, 0xff,
    0x48, 0x24, 0x00, 0xff, 0x50, 0x24, 0x00, 0xff, 0x48, 0x24, 0x08, 0xff,
    0x48, 0x20, 0x00, 0xff, 0x50, 0x24, 0x00, 0xff, 0x50, 0x24, 0x00, 0xff,
    0x50, 0x24, 0x08, 0xff, 0x48, 0x20, 0x00, 0xff, 0x48, 0x24, 0x00, 0xff,
    0x48, 0x24, 0x08, 0xff, 0x48, 0x24, 0x00, 0xff, 0x50, 0x24, 0x00, 0xff,
    0x48, 0x20, 0x00, 0xff, 0x50, 0x24, 0x00, 0xff, 0x50, 0x24, 0x08, 0xff,
    0x48, 0x20, 0x00, 0xff, 0x48, 0x24, 0x00, 0xff, 0x48, 0x24, 0x08, 0xff,
    0x48, 0x24, 0x08, 0xff, 0x48, 0x20, 0x08, 0xff, 0x48, 0x24, 0x00, 0xff,
    0x50, 0x24, 0x00, 0xff, 0x50, 0x24, 0x00, 0xff, 0x48, 0x24, 0x00, 0xff,
    0x48, 0x20, 0x00, 0xff, 0x48, 0x24, 0x00, 0xff, 0x50, 0x24, 0x08, 0xff,
    0x48, 0x24, 0x00, 0xff, 0x50, 0x20, 0x08, 0xff, 0x50, 0x24, 0x00, 0xff,
    0x48, 0x24, 0x00, 0xff, 0x48, 0x20, 0x00, 0xff, 0x50, 0x24, 0x08, 0xff,
    0x48, 0x24, 0x08, 0xff, 0x48, 0x20, 0x00, 0xff, 0x48, 0x24, 0x00, 0xff,
    0x48, 0x24, 0x00, 0xff, 0x48, 0x20, 0x00, 0xff, 0x48, 0x24, 0x08, 0xff,
    0x48, 0x20, 0x00, 0xff, 0x48, 0x24, 0x00, 0xff, 0x48, 0x24, 0x08, 0xff,
    0x50, 0x24, 0x08, 0xff, 0x50, 0x20, 0x08, 0xff, 0x48, 0x20, 0x08, 0xff,
    0x48, 0x24, 0x00, 0xff, 0x50, 0x24, 0x00, 0xff, 0x48, 0x24, 0x00, 0xff,
    0x48, 0x24, 0x00, 0xff, 0x48, 0x24, 0x00, 0xff, 0x50, 0x24, 0x08, 0xff,
    0x50, 0x20, 0x08, 0xff, 0x50, 0x24, 0x00, 0xff, 0x48, 0x24, 0x00, 0xff,
    0x50, 0x24, 0x00, 0xff, 0x48, 0x24, 0x00, 0xff, 0x48, 0x24, 0x00, 0xff,
    0x50, 0x24, 0x00, 0xff, 0x50, 0x24, 0x08, 0xff, 0x48, 0x24, 0x00, 0xff,
    0x48, 0x20, 0x08, 0xff, 0x48, 0x24, 0x00, 0xff, 0x50, 0x24, 0x08, 0xff,
    0x48, 0x24, 0x00, 0xff, 0x48, 0x24, 0x08, 0xff, 0x48, 0x20, 0x08, 0xff,
    0x48, 0x24, 0x00, 0xff, 0x48, 0x24, 0x00, 0xff, 0x48, 0x24, 0x00, 0xff,
    0x48, 0x24, 0x00, 0xff, 0x50, 0x20, 0x08, 0xff, 0x48, 0x24, 0x08, 0xff,
    0x48, 0x24, 0x00, 0xff, 0x48, 0x24, 0x00, 0xff, 0x48, 0x24, 0x00, 0xff,
    0x50, 0x24, 0x00, 0xff, 0x50, 0x20, 0x00, 0xff, 0x50, 0x24, 0x08, 0xff,
    0x48, 0x24, 0x08, 0xff, 0x48, 0x24, 0x00, 0xff, 0x48, 0x24, 0x00, 0xff,
    0x48, 0x24, 0x08, 0xff, 0x48, 0x24, 0x00, 0xff, 0x50, 0x24, 0x00, 0xff,
    0x50, 0x24, 0x08, 0xff, 0x50, 0x20, 0x00, 0xff, 0x50, 0x24, 0x00, 0xff,
    0x48, 0x24, 0x00, 0xff, 0x48, 0x24, 0x08, 0xff, 0x50, 0x20, 0x08, 0xff,
    0x50, 0x24, 0x00, 0xff, 0x48, 0x24, 0x00, 0xff, 0x48, 0x24, 0x00, 0xff,
    0x48, 0x24, 0x08, 0xff, 0x50, 0x24, 0x08, 0xff, 0x50, 0x24, 0x08, 0xff,
    0x48, 0x24, 0x00, 0xff, 0x50, 0x24, 0x00, 0xff, 0x50, 0x24, 0x08, 0xff,
    0x48, 0x20, 0x00, 0xff, 0x48, 0x24, 0x00, 0xff, 0x48, 0x24, 0x00, 0xff,
    0x48, 0x20, 0x00, 0xff, 0x50, 0x24, 0x00, 0xff, 0x48, 0x24, 0x08, 0xff,
    0x48, 0x20, 0x08, 0xff, 0x50, 0x24, 0x00, 0xff, 0x50, 0x24, 0x00, 0xff,
    0x48, 0x24, 0x00, 0xff, 0x48, 0x24, 0x00, 0xff, 0x50, 0x20, 0x00, 0xff,
    0x50, 0x24, 0x08, 0xff, 0x48, 0x24, 0x08, 0xff, 0x48, 0x24, 0x08, 0xff,
    0x50, 0x20, 0x00, 0xff, 0x48, 0x24, 0x00, 0xff, 0x48, 0x24, 0x08, 0xff,
    0x48, 0x24, 0x00, 0xff, 0x48, 0x20, 0x00, 0xff, 0x48, 0x24, 0x00, 0xff,
    0x48, 0x24, 0x00, 0xff, 0x48, 0x24, 0x00, 0xff, 0x50, 0x20, 0x08, 0xff,
    0x48, 0x24, 0x00, 0xff, 0x50, 0x24, 0x00, 0xff, 0x50, 0x24, 0x00, 0xff,
    0x50, 0x24, 0x00, 0xff, 0x48, 0x24, 0x08, 0xff, 0x48, 0x24, 0x00, 0xff,
    0x50, 0x24, 0x00, 0xff, 0x50, 0x24, 0x00, 0xff, 0x48, 0x24, 0x08, 0xff,
    0x48, 0x24, 0x00, 0xff, 0x48, 0x20, 0x00, 0xff, 0x48, 0x24, 0x00, 0xff,
    0x48, 0x24, 0x08, 0xff, 0x50, 0x24, 0x00, 0xff, 0x50, 0x20, 0x00, 0xff,
    0x48, 0x24, 0x00, 0xff, 0x48, 0x24, 0x00, 0xff, 0x50, 0x24, 0x00, 0xff,
    0x48, 0x24, 0x08, 0xff, 0x48, 0x20, 0x00, 0xff, 0x48, 0x24, 0x00, 0xff,
    0x48, 0x24, 0x00, 0xff, 0x48, 0x24, 0x08, 0xff, 0x48, 0x24, 0x00, 0xff,
    0x48, 0x24, 0x00, 0xff, 0x48, 0x24, 0x00, 0xff, 0x48, 0x24, 0x08, 0xff,
    0x48, 0x20, 0x08, 0xff, 0x48, 0x24, 0x00, 0xff, 0x48, 0x20, 0x00, 0xff,
    0x48, 0x24, 0x08, 0xff, 0x48, 0x24, 0x08, 0xff, 0x50, 0x20, 0x00, 0xff,
    0x50, 0x24, 0x08, 0xff, 0x48, 0x24, 0x08, 0xff, 0x48, 0x24, 0x08, 0xff,
    0x48, 0x24, 0x00, 0xff, 0x50, 0x24, 0x00, 0xff, 0x50, 0x24, 0x00, 0xff,
    0x50, 0x24, 0x00, 0xff, 0x48, 0x20, 0x08, 0xff, 0x48, 0x20, 0x08, 0xff,
    0x48, 0x24, 0x08, 0xff, 0x48, 0x24, 0x00, 0xff, 0x48, 0x24, 0x00, 0xff,
    0x50, 0x24, 0x00, 0xff, 0x50, 0x24, 0x00, 0xff, 0x48, 0x24, 0x08, 0xff,
    0x50, 0x24, 0x00, 0xff, 0x50, 0x24, 0x00, 0xff, 0x50, 0x20, 0x08, 0xff,
    0x48, 0x24, 0x00, 0xff, 0x48, 0x24, 0x00, 0xff, 0x48, 0x20, 0x08, 0xff,
    0x48, 0x24, 0x08, 0xff, 0x50, 0x24, 0x00, 0xff, 0x48, 0x20, 0x00, 0xff,
    0x48, 0x24, 0x00, 0xff, 0x48, 0x24, 0x08, 0xff, 0x48, 0x20, 0x08, 0xff,
    0x50, 0x24, 0x08, 0xff, 0x48, 0x24, 0x00, 0xff, 0x48, 0x24, 0x00, 0xff,
    0x50, 0x24, 0x00, 0xff, 0x50, 0x20, 0x08, 0xff, 0x50, 0x24, 0x08, 0xff,
    0x50, 0x24, 0x00, 0xff, 0x50, 0x20, 0x08, 0xff, 0x48, 0x24, 0x00, 0xff,
    0x48, 0x24, 0x08, 0xff, 0x50, 0x20, 0x00, 0xff, 0x48, 0x24, 0x00, 0xff,
    0x48, 0x24, 0x00, 0xff, 0x48, 0x24, 0x00, 0xff, 0x48, 0x24, 0x00, 0xff,
    0x48, 0x24, 0x00, 0xff, 0x48, 0x20, 0x00, 0xff, 0x48, 0x24, 0x08, 0xff,
    0x48, 0x24, 0x08, 0xff, 0x50, 0x24, 0x08, 0xff, 0x48, 0x20, 0x08, 0xff,
    0x48, 0x24, 0x00, 0xff, 0x48, 0x24, 0x00, 0xff, 0x48, 0x20, 0x08, 0xff,
    0x48, 0x24, 0x08, 0xff, 0x50, 0x20, 0x08, 0xff, 0x48, 0x20, 0x00, 0xff,
    0x50, 0x24, 0x08, 0xff, 0x48, 0x24, 0x00, 0xff, 0x48, 0x24, 0x00, 0xff,
    0x50, 0x24, 0x00, 0xff, 0x50, 0x24, 0x00, 0xff, 0x48, 0x24, 0x00, 0xff,
    0x50, 0x20, 0x08, 0xff, 0x50, 0x24, 0x00, 0xff, 0x50, 0x24, 0x00, 0xff,
    0x50, 0x24, 0x08, 0xff, 0x50, 0x24, 0x08, 0xff, 0x50, 0x24, 0x08, 0xff,
    0x50, 0x20, 0x08, 0xff, 0x48, 0x24, 0x00, 0xff, 0x50, 0x24, 0x00, 0xff,
    0x50, 0x24, 0x00, 0xff, 0x48, 0x20, 0x00, 0xff, 0x48, 0x24, 0x00, 0xff,
    0x48, 0x24, 0x08, 0xff, 0x50, 0x24, 0x08, 0xff, 0x48, 0x24, 0x00, 0xff,
    0x48, 0x20, 0x00, 0xff, 0x50, 0x20, 0x08, 0xff, 0x48, 0x24, 0x00, 0xff,
    0x50, 0x24, 0x00, 0xff, 0x50, 0x24, 0x00, 0xff, 0x48, 0x24, 0x00, 0xff,
    0x48, 0x20, 0x00, 0xff, 0x48, 0x24, 0x08, 0xff, 0x48, 0x24, 0x00, 0xff,
    0x48, 0x24, 0x08, 0xff, 0x50, 0x24, 0x08, 0xff, 0x48, 0x24, 0x00, 0xff,
    0x48, 0x24, 0x00, 0xff, 0x50, 0x24, 0x08, 0xff, 0x50, 0x20, 0x08, 0xff,
    0x48, 0x24, 0x00, 0xff, 0x50, 0x20, 0x00, 0xff, 0x48, 0x24, 0x00, 0xff,
    0x48, 0x24, 0x08, 0xff, 0x48, 0x24, 0x08, 0xff, 0x48, 0x24, 0x00, 0xff,
    0x50, 0x24, 0x00, 0xff, 0x48, 0x20, 0x00, 0xff, 0x48, 0x24, 0x08, 0xff,
    0x48, 0x24, 0x08, 0xff, 0x48, 0x20, 0x00, 0xff, 0x50, 0x24, 0x00, 0xff,
    0x50, 0x20, 0x00, 0xff, 0x48, 0x24, 0x00, 0xff, 0x48, 0x20, 0x08, 0xff,
    0x50, 0x20, 0x08, 0xff, 0x50, 0x24, 0x08, 0xff, 0x48, 0x24, 0x08, 0xff,
    0x48, 0x24, 0x00, 0xff, 0x50, 0x24, 0x00, 0xff, 0x50, 0x20, 0x00, 0xff,
    0x48, 0x24, 0x08, 0xff, 0x48, 0x24, 0x00, 0xff, 0x48, 0x24, 0x00, 0xff,
    0x50, 0x20, 0x08, 0xff, 0x50, 0x24, 0x00, 0xff, 0x48, 0x24, 0x08, 0xff,
    0x50, 0x24, 0x08, 0xff, 0x50, 0x20, 0x00, 0xff, 0x48, 0x24, 0x00, 0xff,
    0x50, 0x24, 0x00, 0xff, 0x48, 0x24, 0x08, 0xff, 0x48, 0x20, 0x08, 0xff,
    0x48, 0x24, 0x00, 0xff, 0x50, 0x24, 0x08, 0xff, 0x50, 0x20, 0x08, 0xff,
    0x48, 0x20, 0x08, 0xff, 0x50, 0x24, 0x08, 0xff, 0x48, 0x24, 0x00, 0xff,
    0x48, 0x20, 0x00, 0xff, 0x50, 0x24, 0x00, 0xff, 0x50, 0x24, 0x00, 0xff,
    0x48, 0x24, 0x00, 0xff, 0x48, 0x20, 0x08, 0xff, 0x50, 0x24, 0x00, 0xff,
    0x48, 0x24, 0x08, 0xff, 0x50, 0x24, 0x08, 0xff, 0x48, 0x20, 0x00, 0xff,
    0x50, 0x20, 0x00, 0xff, 0x50, 0x24, 0x08, 0xff, 0x48, 0x24, 0x00, 0xff,
    0x48, 0x24, 0x08, 0xff, 0x50, 0x24, 0x00, 0xff, 0x48, 0x24, 0x00, 0xff,
    0x48, 0x20, 0x00, 0xff, 0x50, 0x24, 0x00, 0xff, 0x50, 0x24, 0x00, 0xff,
    0x48, 0x24, 0x00, 0xff, 0x48, 0x24, 0x08, 0xff, 0x50, 0x24, 0x08, 0xff,
    0x50, 0x20, 0x00, 0xff, 0x50, 0x24, 0x00, 0xff, 0x48, 0x24, 0x00, 0xff,
    0x48, 0x24, 0x00, 0xff, 0x50, 0x24, 0x00, 0xff, 0x48, 0x20, 0x00, 0xff,
    0x48, 0x20, 0x00, 0xff, 0x48, 0x24, 0x08, 0xff, 0x48, 0x24, 0x08, 0xff,
    0x48, 0x20, 0x00, 0xff, 0x50, 0x24, 0x00, 0xff, 0x50, 0x24, 0x00, 0xff,
    0x50, 0x24, 0x00, 0xff, 0x48, 0x24, 0x08, 0xff, 0x50, 0x20, 0x00, 0xff,
    0x48, 0x24, 0x08, 0xff, 0x48, 0x24, 0x08, 0xff, 0x50, 0x20, 0x00, 0xff,
    0x48, 0x20, 0x00, 0xff, 0x48, 0x24, 0x00, 0xff, 0x48, 0x24, 0x00, 0xff,
    0x48, 0x24, 0x08, 0xff, 0x48, 0x24, 0x08, 0xff, 0x50, 0x20, 0x00, 0xff,
    0x50, 0x24, 0x00, 0xff, 0x48, 0x24, 0x00, 0xff, 0x50, 0x24, 0x08, 0xff,
    0x48, 0x24, 0x00, 0xff, 0x50, 0x20, 0x00, 0xff, 0x48, 0x24, 0x00, 0xff,
    0x48, 0x24, 0x00, 0xff, 0x50, 0x24, 0x08, 0xff, 0x48, 0x24, 0x00, 0xff,
    0x48, 0x20, 0x08, 0xff, 0x48, 0x24, 0x00, 0xff, 0x48, 0x24, 0x00, 0xff,
    0x48, 0x24, 0x08, 0xff, 0x48, 0x24, 0x00, 0xff, 0x50, 0x24, 0x00, 0xff,
    0x50, 0x24, 0x00, 0xff, 0x48, 0x24, 0x08, 0xff, 0x50, 0x24, 0x00, 0xff,
    0x50, 0x20, 0x00, 0xff, 0x48, 0x24, 0x00, 0xff, 0x50, 0x24, 0x08, 0xff,
    0x50, 0x20, 0x08, 0xff, 0x48, 0x24, 0x08, 0xff, 0x50, 0x24, 0x00, 0xff,
    0x50, 0x20, 0x00, 0xff, 0x48, 0x24, 0x00, 0xff, 0x48, 0x24, 0x00, 0xff,
    0x48, 0x20, 0x00, 0xff, 0x50, 0x24, 0x00, 0xff, 0x50, 0x24, 0x08, 0xff,
    0x48, 0x24, 0x00, 0xff, 0x48, 0x24, 0x00, 0xff, 0x50, 0x24, 0x08, 0xff,
    0x48, 0x24, 0x00, 0xff, 0x48, 0x20, 0x08, 0xff, 0x50, 0x20, 0x00, 0xff,
    0x48, 0x24, 0x08, 0xff, 0x48, 0x24, 0x08, 0xff, 0x50, 0x20, 0x00, 0xff,
    0x48, 0x24, 0x00, 0xff, 0x48, 0x24, 0x00, 0xff, 0x48, 0x20, 0x00, 0xff,
    0x48, 0x24, 0x00, 0xff, 0x48, 0x24, 0x00, 0xff, 0x48, 0x20, 0x00, 0xff,
    0x48, 0x24, 0x00, 0xff, 0x50, 0x24, 0x00, 0xff, 0x48, 0x24, 0x00, 0xff,
    0x48, 0x20, 0x08, 0xff, 0x50, 0x24, 0x08, 0xff, 0x50, 0x20, 0x08, 0xff,
    0x48, 0x20, 0x00, 0xff, 0x48, 0x24, 0x08, 0xff, 0x48, 0x24, 0x00, 0xff,
    0x48, 0x24, 0x00, 0xff, 0x50, 0x24, 0x08, 0xff, 0x50, 0x24, 0x00, 0xff,
    0x48, 0x20, 0x00, 0xff, 0x48, 0x20, 0x08, 0xff, 0x48, 0x24, 0x08, 0xff,
    0x50, 0x24, 0x08, 0xff, 0x48, 0x24, 0x00, 0xff, 0x48, 0x24, 0x08, 0xff,
    0x50, 0x20, 0x00, 0xff, 0x48, 0x24, 0x00, 0xff, 0x48, 0x20, 0x00, 0xff,
    0x50, 0x24, 0x00, 0xff, 0x48, 0x24, 0x08, 0xff, 0x48, 0x20, 0x00, 0xff,
    0x50, 0x24, 0x00, 0xff, 0x48, 0x24, 0x08, 0xff, 0x48, 0x20, 0x00, 0xff,
    0x48, 0x24, 0x00, 0xff, 0x50, 0x20, 0x00, 0xff, 0x48, 0x20, 0x08, 0xff,
    0x48, 0x24, 0x08, 0xff, 0x50, 0x24, 0x08, 0xff, 0x50, 0x20, 0x00, 0xff,
    0x50, 0x24, 0x00, 0xff, 0x48, 0x24, 0x08, 0xff, 0x48, 0x24, 0x00, 0xff,
    0x50, 0x24, 0x00, 0xff, 0x48, 0x24, 0x08, 0xff, 0x48, 0x24, 0x00, 0xff,
    0x48, 0x24, 0x00, 0xff, 0x48, 0x24, 0x00, 0xff, 0x48, 0x24, 0x00, 0xff,
    0x50, 0x24, 0x08, 0xff, 0x48, 0x20, 0x00, 0xff, 0x48, 0x24, 0x00, 0xff,
    0x48, 0x24, 0x00, 0xff, 0x50, 0x24, 0x08, 0xff, 0x50, 0x20, 0x00, 0xff,
    0x48, 0x24, 0x00, 0xff, 0x50, 0x24, 0x08, 0xff, 0x50, 0x24, 0x00, 0xff,
    0x48, 0x20, 0x00, 0xff, 0x48, 0x24, 0x08, 0xff, 0x50, 0x24, 0x00, 0xff,
    0x48, 0x24, 0x08, 0xff, 0x48, 0x20, 0x08, 0xff, 0x48, 0x24, 0x00, 0xff,
    0x50, 0x20, 0x00, 0xff, 0x48, 0x24, 0x00, 0xff, 0x48, 0x24, 0x00, 0xff,
    0x48, 0x24, 0x00, 0xff, 0x48, 0x24, 0x00, 0xff, 0x50, 0x20, 0x08, 0xff,
    0x50, 0x24, 0x08, 0xff, 0x48, 0x24, 0x08, 0xff, 0x48, 0x24, 0x08, 0xff,
    0x50, 0x20, 0x08, 0xff, 0x48, 0x24, 0x00, 0xff, 0x48, 0x24, 0x08, 0xff,
    0x48, 0x20, 0x00, 0xff, 0x48, 0x24, 0x08, 0xff, 0x50, 0x24, 0x08, 0xff,
    0x48, 0x24, 0x00, 0xff, 0x48, 0x24, 0x00, 0xff, 0x50, 0x24, 0x08, 0xff,
    0x50, 0x24, 0x00, 0xff, 0x48, 0x20, 0x00, 0xff, 0x50, 0x20, 0x08, 0xff,
    0x50, 0x24, 0x08, 0xff, 0x48, 0x20, 0x08, 0xff, 0x48, 0x24, 0x08, 0xff,
    0x50, 0x20, 0x00, 0xff, 0x50, 0x24, 0x00, 0xff, 0x48, 0x24, 0x00, 0xff,
    0x48, 0x24, 0x00, 0xff, 0x48, 0x20, 0x00, 0xff, 0x48, 0x24, 0x08, 0xff,
    0x48, 0x24, 0x08, 0xff, 0x48, 0x20, 0x00, 0xff, 0x50, 0x24, 0x00, 0xff,
    0x50, 0x24, 0x08, 0xff, 0x50, 0x20, 0x00, 0xff, 0x48, 0x24, 0x00, 0xff,
    0x48, 0x24, 0x08, 0xff, 0x48, 0x24, 0x08, 0xff, 0x48, 0x24, 0x00, 0xff,
    0x48, 0x24, 0x00, 0xff, 0x50, 0x20, 0x00, 0xff, 0x48, 0x24, 0x08, 0xff,
    0x48, 0x20, 0x00, 0xff, 0x48, 0x24, 0x00, 0xff, 0x48, 0x24, 0x08, 0xff,
    0x48, 0x24, 0x00, 0xff, 0x50, 0x24, 0x08, 0xff, 0x48, 0x24, 0x08, 0xff,
    0x50, 0x20, 0x00, 0xff, 0x50, 0x24, 0x00, 0xff, 0x48, 0x24, 0x00, 0xff,
    0x48, 0x24, 0x08, 0xff, 0x50, 0x24, 0x08, 0xff, 0x48, 0x20, 0x00, 0xff,
    0x48, 0x24, 0x00, 0xff, 0x50, 0x24, 0x08, 0xff, 0x50, 0x24, 0x00, 0xff,
    0x48, 0x24, 0x00, 0xff, 0x48, 0x20, 0x00, 0xff, 0x50, 0x24, 0x08, 0xff,
    0x50, 0x24, 0x00, 0xff, 0x48, 0x20, 0x00, 0xff, 0x48, 0x24, 0x00, 0xff,
    0x50, 0x20, 0x00, 0xff, 0x48, 0x24, 0x08, 0xff, 0x48, 0x24, 0x08, 0xff,
    0x50, 0x20, 0x00, 0xff, 0x48, 0x24, 0x00, 0xff, 0x48, 0x24, 0x08, 0xff,
    0x50, 0x24, 0x08, 0xff, 0x48, 0x20, 0x08, 0xff, 0x48, 0x24, 0x00, 0xff,
    0x50, 0x24, 0x00, 0xff, 0x50, 0x24, 0x00, 0xff, 0x48, 0x24, 0x00, 0xff,
    0x48, 0x24, 0x00, 0xff, 0x50, 0x20, 0x08, 0xff, 0x50, 0x24, 0x00, 0xff,
    0x50, 0x24, 0x00, 0xff, 0x48, 0x24, 0x08, 0xff, 0x48, 0x24, 0x00, 0xff,
    0x50, 0x20, 0x00, 0xff, 0x48, 0x24, 0x00, 0xff, 0x48, 0x24, 0x00, 0xff,
    0x50, 0x24, 0x00, 0xff, 0x48, 0x24, 0x00, 0xff, 0x48, 0x24, 0x08, 0xff,
    0x50, 0x24, 0x00, 0xff, 0x48, 0x20, 0x00, 0xff, 0x48, 0x24, 0x08, 0xff,
    0x48, 0x24, 0x08, 0xff, 0x48, 0x20, 0x08, 0xff, 0x48, 0x24, 0x08, 0xff,
    0x50, 0x24, 0x08, 0xff, 0x48, 0x20, 0x00, 0xff, 0x48, 0x24, 0x00, 0xff,
    0x50, 0x24, 0x00, 0xff, 0x48, 0x24, 0x08, 0xff, 0x48, 0x20, 0x08, 0xff,
    0x48, 0x24, 0x00, 0xff, 0x48, 0x24, 0x00, 0xff, 0x48, 0x24, 0x00, 0xff,
    0x50, 0x24, 0x00, 0xff, 0x48, 0x20, 0x00, 0xff, 0x50, 0x24, 0x08, 0xff,
    0x50, 0x24, 0x00, 0xff, 0x48, 0x24, 0x00, 0xff, 0x48, 0x24, 0x08, 0xff,
    0x48, 0x24, 0x08, 0xff, 0x48, 0x24, 0x00, 0xff, 0x50, 0x24, 0x00, 0xff,
    0x48, 0x20, 0x00, 0xff, 0x50, 0x24, 0x00, 0xff, 0x50, 0x24, 0x00, 0xff,
    0x48, 0x20, 0x08, 0xff, 0x50, 0x24, 0x00, 0xff, 0x50, 0x24, 0x00, 0xff,
    0x48, 0x20, 0x08, 0xff, 0x48, 0x24, 0x00, 0xff, 0x48, 0x24, 0x00, 0xff,
    0x48, 0x24, 0x08, 0xff, 0x50, 0x24, 0x00, 0xff, 0x48, 0x24, 0x08, 0xff,
    0x50, 0x24, 0x00, 0xff, 0x50, 0x24, 0x00, 0xff, 0x48, 0x24, 0x00, 0xff,
    0x48, 0x24, 0x00, 0xff, 0x50, 0x24, 0x00, 0xff, 0x48, 0x24, 0x08, 0xff,
    0x48, 0x24, 0x00, 0xff, 0x50, 0x24, 0x00, 0xff, 0x48, 0x24, 0x08, 0xff,
    0x48, 0x20, 0x08, 0xff, 0x50, 0x24, 0x00, 0xff, 0x50, 0x24, 0x08, 0xff,
    0x48, 0x24, 0x00, 0xff, 0x48, 0x24, 0x00, 0xff, 0x50, 0x20, 0x00, 0xff,
    0x48, 0x20, 0x00, 0xff, 0x48, 0x24, 0x08, 0xff, 0x48, 0x24, 0x08, 0xff,
    0x50, 0x24, 0x00, 0xff, 0x48, 0x20, 0x00, 0xff, 0x48, 0x24, 0x08, 0xff,
    0x48, 0x24, 0x00, 0xff, 0x48, 0x24, 0x08, 0xff, 0x48, 0x20, 0x00, 0xff,
    0x48, 0x24, 0x00, 0xff, 0x48, 0x24, 0x00, 0xff, 0x48, 0x24, 0x08, 0xff,
    0x48, 0x20, 0x00, 0xff, 0x50, 0x24, 0x00, 0xff, 0x50, 0x24, 0x00, 0xff,
    0x48, 0x24, 0x08, 0xff, 0x48, 0x20, 0x08, 0xff, 0x48, 0x24, 0x00, 0xff,
    0x50, 0x24, 0x00, 0xff, 0x48, 0x24, 0x00, 0xff, 0x48, 0x24, 0x00, 0xff,
    0x48, 0x24, 0x00, 0xff, 0x48, 0x24, 0x00, 0xff, 0x50, 0x20, 0x00, 0xff,
    0x48, 0x24, 0x00, 0xff, 0x50, 0x24, 0x00, 0xff, 0x50, 0x24, 0x00, 0xff,
    0x48, 0x24, 0x00, 0xff, 0x50, 0x24, 0x00, 0xff, 0x48, 0x20, 0x00, 0xff,
    0x48, 0x24, 0x08, 0xff, 0x48, 0x24, 0x00, 0xff, 0x48, 0x20, 0x00, 0xff,
    0x48, 0x20, 0x08, 0xff, 0x48, 0x24, 0x08, 0xff, 0x48, 0x24, 0x00, 0xff,
    0x50, 0x24, 0x00, 0xff, 0x48, 0x24, 0x00, 0xff, 0x48, 0x24, 0x00, 0xff,
    0x50, 0x24, 0x08, 0xff, 0x48, 0x20, 0x00, 0xff, 0x48, 0x24, 0x08, 0xff,
    0x50, 0x24, 0x08, 0xff, 0x48, 0x24, 0x08, 0xff, 0x50, 0x20, 0x00, 0xff,
    0x50, 0x24, 0x00, 0xff, 0x48, 0x24, 0x08, 0xff, 0x48, 0x24, 0x08, 0xff,
    0x48, 0x24, 0x00, 0xff, 0x48, 0x24, 0x08, 0xff, 0x50, 0x24, 0x00, 0xff,
    0x50, 0x20, 0x00, 0xff, 0x50, 0x24, 0x00, 0xff, 0x48, 0x24, 0x08, 0xff,
    0x48, 0x20, 0x08, 0xff, 0x48, 0x24, 0x08, 0xff, 0x48, 0x24, 0x00, 0xff,
    0x50, 0x24, 0x00, 0xff, 0x50, 0x20, 0x00, 0xff, 0x50, 0x24, 0x08, 0xff,
    0x50, 0x24, 0x00, 0xff, 0x48, 0x24, 0x00, 0xff, 0x50, 0x20, 0x08, 0xff,
    0x48, 0x24, 0x00, 0xff, 0x48, 0x20, 0x00, 0xff, 0x48, 0x24, 0x08, 0xff,
    0x50, 0x24, 0x00, 0xff, 0x48, 0x20, 0x00, 0xff, 0x48, 0x24, 0x08, 0xff,
    0x48, 0x24, 0x00, 0xff, 0x48, 0x20, 0x08, 0xff, 0x48, 0x24, 0x08, 0xff,
    0x50, 0x24, 0x08, 0xff, 0x48, 0x20, 0x00, 0xff, 0x48, 0x24, 0x00, 0xff,
    0x50, 0x24, 0x08, 0xff, 0x48, 0x24, 0x08, 0xff, 0x50, 0x24, 0x08, 0xff,
    0x48, 0x24, 0x00, 0xff, 0x50, 0x20, 0x00, 0xff, 0x48, 0x24, 0x00, 0xff,
    0x48, 0x24, 0x08, 0xff, 0x48, 0x20, 0x08, 0xff, 0x48, 0x24, 0x00, 0xff,
    0x48, 0x20, 0x00, 0xff, 0x50, 0x24, 0x00, 0xff, 0x48, 0x24, 0x00, 0xff,
    0x48, 0x24, 0x00, 0xff, 0x48, 0x20, 0x08, 0xff, 0x48, 0x24, 0x08, 0xff,
    0x48, 0x20, 0x08, 0xff, 0x48, 0x24, 0x00, 0xff, 0x48, 0x24, 0x08, 0xff,
    0x48, 0x24, 0x08, 0xff, 0x50, 0x24, 0x08, 0xff, 0x48, 0x20, 0x00, 0xff,
    0x48, 0x24, 0x00, 0xff, 0x50, 0x20, 0x08, 0xff, 0x50, 0x24, 0x08, 0xff,
    0x48, 0x20, 0x08, 0xff, 0x48, 0x24, 0x00, 0xff, 0x50, 0x24, 0x00, 0xff,
    0x48, 0x20, 0x00, 0xff, 0x48, 0x24, 0x00, 0xff, 0x50, 0x24, 0x00, 0xff,
    0x50, 0x24, 0x00, 0xff, 0x50, 0x24, 0x00, 0xff, 0x50, 0x24, 0x00, 0xff,
    0x48, 0x24, 0x00, 0xff, 0x50, 0x20, 0x08, 0xff, 0x50, 0x24, 0x08, 0xff,
    0x48, 0x24, 0x08, 0xff, 0x48, 0x20, 0x00, 0xff, 0x50, 0x24, 0x00, 0xff,
    0x50, 0x24, 0x08, 0xff, 0x50, 0x24, 0x00, 0xff, 0x48, 0x24, 0x00, 0xff,
    0x48, 0x24, 0x08, 0xff, 0x50, 0x24, 0x08, 0xff, 0x48, 0x20, 0x00, 0xff,
    0x48, 0x24, 0x08, 0xff, 0x48, 0x20, 0x08, 0xff, 0x48, 0x20, 0x00, 0xff,
    0x50, 0x24, 0x00, 0xff, 0x50, 0x24, 0x00, 0xff, 0x48, 0x24, 0x00, 0xff,
    0x50, 0x24, 0x08, 0xff, 0x48, 0x24, 0x08, 0xff, 0x48, 0x20, 0x00, 0xff,
    0x48, 0x24, 0x00, 0xff, 0x48, 0x24, 0x08, 0xff, 0x48, 0x24, 0x08, 0xff,
    0x48, 0x24, 0x00, 0xff, 0x50, 0x20, 0x08, 0xff, 0x50, 0x24, 0x00, 0xff,
    0x50, 0x24, 0x00, 0xff, 0x48, 0x20, 0x08, 0xff, 0x48, 0x24, 0x00, 0xff,
    0x50, 0x24, 0x08, 0xff, 0x48, 0x20, 0x08, 0xff, 0x48, 0x24, 0x08, 0xff,
    0x50, 0x24, 0x00, 0xff, 0x48, 0x20, 0x00, 0xff, 0x48, 0x24, 0x00, 0xff,
    0x48, 0x24, 0x08, 0xff, 0x48, 0x20, 0x00, 0xff, 0x50, 0x20, 0x00, 0xff,
    0x48, 0x24, 0x08, 0xff, 0x48, 0x24, 0x00, 0xff, 0x48, 0x20, 0x00, 0xff,
    0x50, 0x20, 0x08, 0xff, 0x50, 0x24, 0x08, 0xff, 0x48, 0x24, 0x08, 0xff,
    0x48, 0x24, 0x00, 0xff, 0x50, 0x24, 0x00, 0xff, 0x50, 0x24, 0x08, 0xff,
    0x48, 0x20, 0x08, 0xff, 0x48, 0x24, 0x00, 0xff, 0x50, 0x24, 0x00, 0xff,
    0x50, 0x24, 0x08, 0xff, 0x48, 0x20, 0x00, 0xff, 0x48, 0x24, 0x08, 0xff,
    0x50, 0x24, 0x08, 0xff, 0x50, 0x24, 0x00, 0xff, 0x50, 0x20, 0x00, 0xff,
    0x50, 0x24, 0x00, 0xff, 0x48, 0x24, 0x08, 0xff, 0x48, 0x24, 0x08, 0xff,
    0x50, 0x24, 0x00, 0xff, 0x48, 0x24, 0x00, 0xff, 0x50, 0x24, 0x08, 0xff,
    0x50, 0x20, 0x08, 0xff, 0x50, 0x24, 0x08, 0xff, 0x48, 0x20, 0x08, 0xff,
    0x48, 0x24, 0x00, 0xff, 0x50, 0x24, 0x00, 0xff, 0x48, 0x20, 0x00, 0xff,
    0x48, 0x24, 0x08, 0xff, 0x48, 0x24, 0x00, 0xff, 0x48, 0x24, 0x08, 0xff,
    0x50, 0x20, 0x08, 0xff, 0x48, 0x24, 0x00, 0xff, 0x48, 0x24, 0x00, 0xff,
    0x50, 0x20, 0x00, 0xff, 0x50, 0x24, 0x08, 0xff, 0x48, 0x24, 0x08, 0xff,
    0x50, 0x24, 0x00, 0xff, 0x50, 0x24, 0x00, 0xff, 0x48, 0x24, 0x00, 0xff,
    0x48, 0x24, 0x00, 0xff, 0x48, 0x24, 0x08, 0xff, 0x50, 0x24, 0x00, 0xff,
    0x48, 0x20, 0x00, 0xff, 0x48, 0x24, 0x08, 0xff, 0x50, 0x24, 0x00, 0xff,
    0x48, 0x20, 0x00, 0xff, 0x50, 0x24, 0x00, 0xff, 0x48, 0x24, 0x08, 0xff,
    0x48, 0x24, 0x00, 0xff, 0x50, 0x24, 0x00, 0xff, 0x50, 0x20, 0x00, 0xff,
    0x48, 0x24, 0x08, 0xff, 0x48, 0x24, 0x00, 0xff, 0x48, 0x24, 0x08, 0xff,
    0x48, 0x24, 0x00, 0xff, 0x48, 0x20, 0x00, 0xff, 0x50, 0x24, 0x00, 0xff,
    0x50, 0x20, 0x00, 0xff, 0x50, 0x24, 0x00, 0xff, 0x50, 0x24, 0x00, 0xff,
    0x48, 0x24, 0x08, 0xff, 0x48, 0x24, 0x08, 0xff, 0x48, 0x24, 0x00, 0xff,
    0x48, 0x20, 0x08, 0xff, 0x48, 0x20, 0x00, 0xff, 0x48, 0x24, 0x00, 0xff,
    0x48, 0x24, 0x00, 0xff, 0x50, 0x24, 0x08, 0xff, 0x50, 0x24, 0x08, 0xff,
    0x48, 0x20, 0x00, 0xff, 0x48, 0x24, 0x00, 0xff, 0x50, 0x24, 0x00, 0xff,
    0x48, 0x24, 0x00, 0xff, 0x50, 0x24, 0x00, 0xff, 0x48, 0x20, 0x00, 0xff,
    0x48, 0x24, 0x00, 0xff, 0x50, 0x24, 0x08, 0xff, 0x48, 0x20, 0x00, 0xff,
    0x48, 0x24, 0x00, 0xff, 0x48, 0x24, 0x00, 0xff, 0x50, 0x24, 0x00, 0xff,
    0x48, 0x24, 0x08, 0xff, 0x48, 0x24, 0x08, 0xff, 0x50, 0x24, 0x00, 0xff,
    0x48, 0x20, 0x00, 0xff, 0x50, 0x24, 0x00, 0xff, 0x50, 0x24, 0x00, 0xff,
    0x48, 0x24, 0x00, 0xff, 0x48, 0x24, 0x08, 0xff, 0x50, 0x24, 0x08, 0xff,
    0x48, 0x20, 0x08, 0xff, 0x48, 0x24, 0x00, 0xff, 0x50, 0x24, 0x00, 0xff,
    0x50, 0x24, 0x00, 0xff, 0x48, 0x24, 0x00, 0xff, 0x48, 0x24, 0x00, 0xff,
    0x48, 0x20, 0x00, 0xff, 0x48, 0x20, 0x00, 0xff, 0x50, 0x24, 0x08, 0xff,
    0x48, 0x24, 0x08, 0xff, 0x48, 0x24, 0x00, 0xff, 0x48, 0x24, 0x00, 0xff,
    0x48, 0x24, 0x00, 0xff, 0x50, 0x20, 0x08, 0xff, 0x50, 0x24, 0x08, 0xff,
    0x48, 0x24, 0x08, 0xff, 0x50, 0x24, 0x08, 0xff, 0x48, 0x24, 0x08, 0xff,
    0x48, 0x20, 0x00, 0xff, 0x48, 0x24, 0x00, 0xff, 0x48, 0x24, 0x00, 0xff,
    0x48, 0x24, 0x08, 0xff, 0x48, 0x24, 0x00, 0xff, 0x48, 0x24, 0x00, 0xff,
    0x50, 0x24, 0x00, 0xff, 0x48, 0x20, 0x08, 0xff, 0x48, 0x24, 0x00, 0xff,
    0x48, 0x24, 0x00, 0xff, 0x48, 0x20, 0x08, 0xff, 0x50, 0x20, 0x08, 0xff,
    0x48, 0x24, 0x00, 0xff, 0x48, 0x24, 0x00, 0xff, 0x48, 0x24, 0x00, 0xff,
    0x50, 0x24, 0x00, 0xff, 0x50, 0x24, 0x00, 0xff, 0x50, 0x24, 0x00, 0xff,
    0x48, 0x24, 0x00, 0xff, 0x48, 0x20, 0x08, 0xff, 0x50, 0x20, 0x08, 0xff,
    0x48, 0x24, 0x00, 0xff, 0x48, 0x24, 0x00, 0xff, 0x48, 0x24, 0x08, 0xff,
    0x50, 0x20, 0x00, 0xff, 0x50, 0x24, 0x00, 0xff, 0x48, 0x24, 0x00, 0xff,
    0x50, 0x24, 0x08, 0xff, 0x48, 0x24, 0x00, 0xff, 0x48, 0x20, 0x00, 0xff,
    0x48, 0x24, 0x08, 0xff, 0x48, 0x24, 0x00, 0xff, 0x50, 0x20, 0x00, 0xff,
    0x48, 0x24, 0x00, 0xff, 0x48, 0x24, 0x00, 0xff, 0x50, 0x20, 0x00, 0xff,
    0x48, 0x24, 0x08, 0xff, 0x50, 0x24, 0x08, 0xff, 0x48, 0x20, 0x00, 0xff,
    0x50, 0x24, 0x00, 0xff, 0x50, 0x24, 0x08, 0xff, 0x48, 0x24, 0x00, 0xff,
    0x50, 0x24, 0x00, 0xff, 0x48, 0x24, 0x00, 0xff, 0x50, 0x24, 0x00, 0xff,
    0x48, 0x24, 0x08, 0xff, 0x48, 0x24, 0x00, 0xff, 0x50, 0x20, 0x00, 0xff,
    0x50, 0x24, 0x08, 0xff, 0x48, 0x24, 0x00, 0xff, 0x48, 0x20, 0x00, 0xff,
    0x50, 0x24, 0x00, 0xff, 0x50, 0x24, 0x08, 0xff, 0x48, 0x24, 0x00, 0xff,
    0x48, 0x20, 0x00, 0xff, 0x50, 0x24, 0x00, 0xff, 0x50, 0x24, 0x00, 0xff,
    0x48, 0x24, 0x00, 0xff, 0x48, 0x20, 0x08, 0xff, 0x48, 0x24, 0x08, 0xff,
    0x48, 0x24, 0x08, 0xff, 0x48, 0x20, 0x00, 0xff, 0x48, 0x24, 0x00, 0xff,
    0x50, 0x20, 0x00, 0xff, 0x50, 0x24, 0x00, 0xff, 0x48, 0x24, 0x00, 0xff,
    0x48, 0x24, 0x00, 0xff, 0x48, 0x20, 0x00, 0xff, 0x50, 0x24, 0x00, 0xff,
    0x50, 0x20, 0x08, 0xff, 0x48, 0x24, 0x08, 0xff, 0x50, 0x24, 0x08, 0xff,
    0x50, 0x24, 0x00, 0xff, 0x48, 0x24, 0x08, 0xff, 0x48, 0x20, 0x00, 0xff,
    0x48, 0x24, 0x00, 0xff, 0x50, 0x24, 0x08, 0xff, 0x50, 0x24, 0x08, 0xff,
    0x48, 0x24, 0x08, 0xff, 0x48, 0x20, 0x00, 0xff, 0x50, 0x24, 0x00, 0xff,
    0x48, 0x24, 0x00, 0xff, 0x48, 0x24, 0x00, 0xff, 0x50, 0x24, 0x08, 0xff,
    0x48, 0x20, 0x08, 0xff, 0x50, 0x20, 0x00, 0xff, 0x48, 0x24, 0x08, 0xff,
    0x50, 0x24, 0x00, 0xff, 0x48, 0x24, 0x00, 0xff, 0x48, 0x20, 0x08, 0xff,
    0x50, 0x24, 0x00, 0xff, 0x48, 0x24, 0x00, 0xff, 0x48, 0x24, 0x00, 0xff,
    0x48, 0x24, 0x08, 0xff, 0x48, 0x20, 0x00, 0xff, 0x48, 0x24, 0x00, 0xff,
    0x50, 0x24, 0x00, 0xff, 0x50, 0x20, 0x00, 0xff, 0x48, 0x20, 0x00, 0xff,
    0x50, 0x24, 0x08, 0xff, 0x48, 0x24, 0x08, 0xff, 0x48, 0x24, 0x08, 0xff,
    0x48, 0x24, 0x00, 0xff, 0x48, 0x24, 0x00, 0xff, 0x48, 0x24, 0x08, 0xff,
    0x48, 0x20, 0x00, 0xff, 0x50, 0x24, 0x00, 0xff, 0x48, 0x24, 0x00, 0xff,
    0x48, 0x24, 0x00, 0xff, 0x50, 0x24, 0x08, 0xff, 0x50, 0x24, 0x08, 0xff,
    0x50, 0x24, 0x00, 0xff, 0x48, 0x24, 0x00, 0xff, 0x48, 0x20, 0x00, 0xff,
    0x48, 0x24, 0x08, 0xff, 0x50, 0x24, 0x08, 0xff, 0x48, 0x24, 0x00, 0xff,
    0x48, 0x24, 0x00, 0xff, 0x50, 0x20, 0x08, 0xff, 0x50, 0x24, 0x00, 0xff,
    0x48, 0x24, 0x00, 0xff, 0x48, 0x24, 0x00, 0xff, 0x50, 0x24, 0x08, 0xff,
    0x50, 0x20, 0x08, 0xff, 0x48, 0x24, 0x00, 0xff, 0x48, 0x20, 0x00, 0xff,
    0x50, 0x20, 0x00, 0xff, 0x48, 0x24, 0x00, 0xff, 0x48, 0x24, 0x08, 0xff,
    0x50, 0x24, 0x00, 0xff, 0x48, 0x24, 0x00, 0xff, 0x50, 0x24, 0x08, 0xff,
    0x50, 0x20, 0x08, 0xff, 0x48, 0x24, 0x00, 0xff, 0x48, 0x24, 0x00, 0xff,
    0x50, 0x24, 0x00, 0xff, 0x50, 0x24, 0x00, 0xff, 0x48, 0x20, 0x00, 0xff,
    0x50, 0x24, 0x08, 0xff, 0x50, 0x24, 0x08, 0xff, 0x50, 0x20, 0x00, 0xff,
    0x50, 0x24, 0x00, 0xff, 0x48, 0x24, 0x08, 0xff, 0x48, 0x24, 0x00, 0xff,
    0x50, 0x24, 0x00, 0xff, 0x50, 0x24, 0x08, 0xff, 0x48, 0x24, 0x00, 0xff,
    0x50, 0x20, 0x00, 0xff, 0x48, 0x24, 0x00, 0xff, 0x48, 0x24, 0x00, 0xff,
    0x50, 0x24, 0x00, 0xff, 0x48, 0x20, 0x00, 0xff, 0x48, 0x24, 0x00, 0xff,
    0x48, 0x24, 0x08, 0xff, 0x50, 0x20, 0x08, 0xff, 0x48, 0x20, 0x08, 0xff,
    0x50, 0x24, 0x00, 0xff, 0x50, 0x20, 0x00, 0xff, 0x48, 0x24, 0x00, 0xff,
    0x48, 0x24, 0x08, 0xff, 0x50, 0x24, 0x00, 0xff, 0x50, 0x24, 0x08, 0xff,
    0x50, 0x24, 0x00, 0xff, 0x48, 0x24, 0x00, 0xff, 0x48, 0x24, 0x08, 0xff,
    0x50, 0x20, 0x00, 0xff, 0x50, 0x24, 0x00, 0xff, 0x50, 0x24, 0x08, 0xff,
    0x48, 0x20, 0x00, 0xff, 0x48, 0x24, 0x00, 0xff, 0x48, 0x24, 0x08, 0xff,
    0x48, 0x24, 0x08, 0xff, 0x48, 0x24, 0x00, 0xff, 0x48, 0x24, 0x00, 0xff,
    0x48, 0x20, 0x08, 0xff, 0x50, 0x24, 0x00, 0xff, 0x50, 0x24, 0x00, 0xff,
    0x48, 0x24, 0x08, 0xff, 0x48, 0x24, 0x08, 0xff, 0x50, 0x20, 0x00, 0xff,
    0x48, 0x20, 0x00, 0xff, 0x50, 0x24, 0x00, 0xff, 0x48, 0x24, 0x08, 0xff,
    0x48, 0x20, 0x08, 0xff, 0x50, 0x24, 0x00, 0xff, 0x48, 0x24, 0x00, 0xff,
    0x50, 0x24, 0x08, 0xff, 0x48, 0x24, 0x00, 0xff, 0x48, 0x24, 0x00, 0xff,
    0x50, 0x24, 0x00, 0xff, 0x48, 0x20, 0x08, 0xff, 0x48, 0x24, 0x08, 0xff,
    0x50, 0x24, 0x00, 0xff, 0x48, 0x24, 0x00, 0xff, 0x48, 0x24, 0x08, 0xff,
    0x48, 0x24, 0x08, 0xff, 0x50, 0x20, 0x00, 0xff, 0x48, 0x24, 0x08, 0xff,
    0x48, 0x24, 0x00, 0xff, 0x50, 0x20, 0x00, 0xff, 0x48, 0x24, 0x00, 0xff,
    0x48, 0x24, 0x00, 0xff, 0x48, 0x20, 0x08, 0xff, 0x50, 0x24, 0x00, 0xff,
    0x48, 0x24, 0x00, 0xff, 0x48, 0x24, 0x00, 0xff, 0x48, 0x20, 0x08, 0xff,
    0x48, 0x24, 0x08, 0xff, 0x48, 0x24, 0x08, 0xff, 0x48, 0x24, 0x00, 0xff,
    0x48, 0x20, 0x00, 0xff, 0x50, 0x24, 0x00, 0xff, 0x48, 0x24, 0x00, 0xff,
    0x48, 0x24, 0x00, 0xff, 0x50, 0x24, 0x00, 0xff, 0x50, 0x24, 0x00, 0xff,
    0x48, 0x24, 0x08, 0xff, 0x48, 0x20, 0x08, 0xff, 0x48, 0x24, 0x08, 0xff,
    0x48, 0x24, 0x00, 0xff, 0x48, 0x24, 0x00, 0xff, 0x48, 0x24, 0x08, 0xff,
    0x48, 0x24, 0x00, 0xff, 0x48, 0x24, 0x00, 0xff, 0x48, 0x20, 0x00, 0xff,
    0x48, 0x24, 0x08, 0xff, 0x50, 0x24, 0x00, 0xff, 0x50, 0x20, 0x00, 0xff,
    0x50, 0x24, 0x00, 0xff, 0x48, 0x24, 0x00, 0xff, 0x48, 0x20, 0x00, 0xff,
    0x48, 0x24, 0x00, 0xff, 0x50, 0x24, 0x00, 0xff, 0x48, 0x24, 0x00, 0xff,
    0x48, 0x20, 0x08, 0xff, 0x48, 0x20, 0x08, 0xff, 0x48, 0x24, 0x00, 0xff,
    0x50, 0x24, 0x08, 0xff, 0x48, 0x24, 0x00, 0xff, 0x50, 0x24, 0x00, 0xff,
    0x48, 0x20, 0x08, 0xff, 0x48, 0x24, 0x00, 0xff, 0x50, 0x24, 0x00, 0xff,
    0x48, 0x24, 0x08, 0xff, 0x48, 0x24, 0x08, 0xff, 0x50, 0x20, 0x08, 0xff,
    0x50, 0x20, 0x00, 0xff, 0x50, 0x24, 0x08, 0xff, 0x48, 0x24, 0x08, 0xff,
    0x48, 0x24, 0x00, 0xff, 0x48, 0x24, 0x08, 0xff, 0x50, 0x24, 0x08, 0xff,
    0x48, 0x24, 0x00, 0xff, 0x50, 0x24, 0x00, 0xff, 0x48, 0x24, 0x00, 0xff,
    0x50, 0x20, 0x08, 0xff, 0x48, 0x24, 0x08, 0xff, 0x48, 0x24, 0x00, 0xff,
    0x50, 0x20, 0x08, 0xff, 0x48, 0x24, 0x00, 0xff, 0x50, 0x24, 0x08, 0xff,
    0x50, 0x20, 0x00, 0xff, 0x48, 0x24, 0x00, 0xff, 0x48, 0x24, 0x00, 0xff,
    0x48, 0x24, 0x08, 0xff, 0x48, 0x20, 0x08, 0xff, 0x48, 0x24, 0x00, 0xff,
    0x50, 0x24, 0x00, 0xff, 0x48, 0x24, 0x00, 0xff, 0x48, 0x20, 0x08, 0xff,
    0x48, 0x24, 0x00, 0xff, 0x48, 0x24, 0x08, 0xff, 0x48, 0x24, 0x08, 0xff,
    0x50, 0x24, 0x08, 0xff, 0x48, 0x20, 0x00, 0xff, 0x48, 0x24, 0x00, 0xff,
    0x48, 0x24, 0x08, 0xff, 0x50, 0x24, 0x00, 0xff, 0x50, 0x24, 0x08, 0xff,
    0x48, 0x24, 0x08, 0xff, 0x48, 0x24, 0x00, 0xff, 0x50, 0x20, 0x00, 0xff,
    0x48, 0x24, 0x08, 0xff, 0x48, 0x24, 0x08, 0xff, 0x48, 0x24, 0x00, 0xff,
    0x48, 0x20, 0x00, 0xff, 0x50, 0x24, 0x08, 0xff, 0x48, 0x20, 0x00, 0xff,
    0x48, 0x20, 0x00, 0xff, 0x48, 0x24, 0x08, 0xff, 0x48, 0x24, 0x08, 0xff,
    0x48, 0x20, 0x00, 0xff, 0x48, 0x24, 0x00, 0xff, 0x48, 0x24, 0x08, 0xff,
    0x48, 0x24, 0x08, 0xff, 0x50, 0x24, 0x00, 0xff, 0x50, 0x24, 0x00, 0xff,
    0x48, 0x20, 0x00, 0xff, 0x48, 0x20, 0x00, 0xff, 0x50, 0x24, 0x08, 0xff,
    0x48, 0x24, 0x08, 0xff, 0x50, 0x24, 0x00, 0xff, 0x48, 0x24, 0x08, 0xff,
    0x48, 0x20, 0x00, 0xff, 0x48, 0x24, 0x00, 0xff, 0x50, 0x20, 0x08, 0xff,
    0x50, 0x24, 0x00, 0xff, 0x48, 0x24, 0x00, 0xff, 0x50, 0x24, 0x00, 0xff,
    0x48, 0x24, 0x08, 0xff, 0x48, 0x24, 0x00, 0xff, 0x50, 0x24, 0x08, 0xff,
    0x48, 0x20, 0x00, 0xff, 0x48, 0x24, 0x00, 0xff, 0x48, 0x24, 0x00, 0xff,
    0x48, 0x20, 0x08, 0xff, 0x50, 0x24, 0x00, 0xff, 0x48, 0x24, 0x00, 0xff,
    0x48, 0x24, 0x00, 0xff, 0x48, 0x20, 0x08, 0xff, 0x48, 0x24, 0x08, 0xff,
    0x48, 0x24, 0x08, 0xff, 0x48, 0x20, 0x08, 0xff, 0x50, 0x24, 0x00, 0xff,
    0x50, 0x20, 0x00, 0xff, 0x50, 0x24, 0x08, 0xff, 0x50, 0x24, 0x00, 0xff,
    0x50, 0x24, 0x00, 0xff, 0x48, 0x24, 0x08, 0xff, 0x48, 0x20, 0x00, 0xff,
    0x48, 0x24, 0x00, 0xff, 0x50, 0x24, 0x08, 0xff, 0x48, 0x24, 0x00, 0xff,
    0x48, 0x24, 0x00, 0xff, 0x48, 0x24, 0x08, 0xff, 0x50, 0x24, 0x00, 0xff,
    0x50, 0x24, 0x00, 0xff, 0x48, 0x24, 0x00, 0xff, 0x50, 0x24, 0x08, 0xff,
    0x48, 0x24, 0x08, 0xff, 0x50, 0x20, 0x08, 0xff, 0x48, 0x24, 0x08, 0xff,
    0x48, 0x24, 0x00, 0xff, 0x48, 0x24, 0x00, 0xff, 0x50, 0x24, 0x00, 0xff,
    0x48, 0x24, 0x00, 0xff, 0x48, 0x20, 0x08, 0xff, 0x48, 0x20, 0x00, 0xff,
    0x50, 0x24, 0x00, 0xff, 0x48, 0x24, 0x08, 0xff, 0x48, 0x20, 0x00, 0xff,
    0x50, 0x24, 0x08, 0xff, 0x48, 0x24, 0x00, 0xff, 0x48, 0x24, 0x08, 0xff,
    0x48, 0x24, 0x08, 0xff, 0x50, 0x24, 0x00, 0xff, 0x48, 0x24, 0x08, 0xff,
    0x48, 0x24, 0x08, 0xff, 0x48, 0x20, 0x00, 0xff, 0x50, 0x24, 0x00, 0xff,
    0x50, 0x24, 0x00, 0xff, 0x50, 0x24, 0x00, 0xff, 0x48, 0x20, 0x08, 0xff,
    0x50, 0x24, 0x08, 0xff, 0x48, 0x24, 0x08, 0xff, 0x50, 0x24, 0x00, 0xff,
    0x50, 0x20, 0x00, 0xff, 0x48, 0x24, 0x08, 0xff, 0x48, 0x24, 0x08, 0xff,
    0x48, 0x20, 0x00, 0xff, 0x48, 0x24, 0x00, 0xff, 0x50, 0x24, 0x00, 0xff,
    0x50, 0x20, 0x08, 0xff, 0x50, 0x24, 0x08, 0xff, 0x50, 0x24, 0x00, 0xff,
    0x48, 0x24, 0x00, 0xff, 0x50, 0x24, 0x00, 0xff, 0x50, 0x24, 0x00, 0xff,
    0x48, 0x20, 0x00, 0xff, 0x48, 0x24, 0x00, 0xff, 0x48, 0x24, 0x08, 0xff,
    0x48, 0x24, 0x08, 0xff, 0x48, 0x20, 0x08, 0xff, 0x48, 0x24, 0x00, 0xff,
    0x50, 0x24, 0x00, 0xff, 0x48, 0x24, 0x08, 0xff, 0x48, 0x24, 0x08, 0xff,
    0x50, 0x24, 0x00, 0xff, 0x50, 0x24, 0x00, 0xff, 0x50, 0x24, 0x00, 0xff,
    0x48, 0x20, 0x00, 0xff, 0x48, 0x24, 0x00, 0xff, 0x48, 0x24, 0x00, 0xff,
    0x48, 0x24, 0x08, 0xff, 0x50, 0x24, 0x08, 0xff, 0x50, 0x24, 0x00, 0xff,
    0x48, 0x20, 0x00, 0xff, 0x48, 0x24, 0x00, 0xff, 0x50, 0x24, 0x00, 0xff,
    0x48, 0x24, 0x00, 0xff, 0x48, 0x24, 0x00, 0xff, 0x50, 0x20, 0x00, 0xff,
    0x48, 0x20, 0x08, 0xff, 0x50, 0x24, 0x00, 0xff, 0x48, 0x24, 0x00, 0xff,
    0x48, 0x20, 0x00, 0xff, 0x48, 0x24, 0x08, 0xff, 0x50, 0x20, 0x00, 0xff,
    0x48, 0x24, 0x00, 0xff, 0x50, 0x24, 0x08, 0xff, 0x50, 0x20, 0x00, 0xff,
    0x48, 0x24, 0x00, 0xff, 0x48, 0x24, 0x08, 0xff, 0x48, 0x20, 0x00, 0xff,
    0x48, 0x24, 0x08, 0xff, 0x50, 0x24, 0x00, 0xff, 0x48, 0x20, 0x08, 0xff,
    0x48, 0x20, 0x00, 0xff, 0x50, 0x24, 0x00, 0xff, 0x50, 0x24, 0x08, 0xff,
    0x48, 0x24, 0x00, 0xff, 0x50, 0x20, 0x00, 0xff, 0x50, 0x24, 0x00, 0xff,
    0x48, 0x24, 0x00, 0xff, 0x50, 0x20, 0x00, 0xff, 0x48, 0x24, 0x00, 0xff,
    0x48, 0x24, 0x00, 0xff, 0x50, 0x20, 0x08, 0xff, 0x48, 0x24, 0x00, 0xff,
    0x50, 0x24, 0x00, 0xff, 0x48, 0x24, 0x00, 0xff, 0x48, 0x20, 0x08, 0xff,
    0x48, 0x24, 0x00, 0xff, 0x50, 0x24, 0x08, 0xff, 0x48, 0x24, 0x00, 0xff,
    0x50, 0x20, 0x00, 0xff, 0x50, 0x20, 0x08, 0xff, 0x48, 0x24, 0x00, 0xff,
    0x48, 0x24, 0x00, 0xff, 0x48, 0x24, 0x00, 0xff, 0x50, 0x24, 0x08, 0xff,
    0x48, 0x24, 0x08, 0xff, 0x50, 0x24, 0x00, 0xff, 0x50, 0x24, 0x00, 0xff,
    0x48, 0x24, 0x08, 0xff, 0x48, 0x24, 0x00, 0xff, 0x48, 0x20, 0x00, 0xff,
    0x50, 0x24, 0x00, 0xff, 0x48, 0x24, 0x08, 0xff, 0x48, 0x20, 0x00, 0xff,
    0x48, 0x24, 0x08, 0xff, 0x48, 0x24, 0x08, 0xff, 0x48, 0x20, 0x00, 0xff,
    0x48, 0x24, 0x00, 0xff, 0x48, 0x24, 0x08, 0xff, 0x50, 0x20, 0x00, 0xff,
    0x48, 0x24, 0x08, 0xff, 0x50, 0x24, 0x08, 0xff, 0x48, 0x24, 0x00, 0xff,
    0x48, 0x24, 0x00, 0xff, 0x50, 0x24, 0x00, 0xff, 0x48, 0x24, 0x08, 0xff,
    0x48, 0x24, 0x00, 0xff, 0x48, 0x20, 0x08, 0xff, 0x48, 0x24, 0x00, 0xff,
    0x50, 0x24, 0x08, 0xff, 0x50, 0x20, 0x08, 0xff, 0x48, 0x24, 0x00, 0xff,
    0x48, 0x24, 0x00, 0xff, 0x48, 0x20, 0x08, 0xff, 0x50, 0x24, 0x08, 0xff,
    0x48, 0x24, 0x08, 0xff, 0x50, 0x24, 0x00, 0xff, 0x48, 0x20, 0x00, 0xff,
    0x50, 0x24, 0x00, 0xff, 0x50, 0x24, 0x00, 0xff, 0x48, 0x24, 0x00, 0xff,
    0x48, 0x24, 0x08, 0xff, 0x48, 0x20, 0x00, 0xff, 0x48, 0x24, 0x08, 0xff,
    0x48, 0x24, 0x00, 0xff, 0x48, 0x20, 0x00, 0xff, 0x50, 0x24, 0x08, 0xff,
    0x50, 0x20, 0x00, 0xff, 0x48, 0x20, 0x00, 0xff, 0x48, 0x24, 0x08, 0xff,
    0x50, 0x24, 0x08, 0xff, 0x48, 0x24, 0x00, 0xff, 0x48, 0x20, 0x00, 0xff,
    0x48, 0x24, 0x08, 0xff, 0x50, 0x24, 0x08, 0xff, 0x48, 0x20, 0x00, 0xff,
    0x48, 0x20, 0x00, 0xff, 0x48, 0x24, 0x00, 0xff, 0x50, 0x20, 0x00, 0xff,
    0x50, 0x24, 0x08, 0xff, 0x48, 0x24, 0x00, 0xff, 0x48, 0x20, 0x00, 0xff,
    0x50, 0x24, 0x08, 0xff, 0x48, 0x24, 0x08, 0xff, 0x50, 0x24, 0x00, 0xff,
    0x50, 0x20, 0x00, 0xff, 0x48, 0x24, 0x00, 0xff, 0x50, 0x24, 0x08, 0xff,
    0x48, 0x24, 0x00, 0xff, 0x48, 0x24, 0x00, 0xff, 0x50, 0x20, 0x08, 0xff,
    0x50, 0x24, 0x00, 0xff, 0x48, 0x20, 0x00, 0xff, 0x48, 0x24, 0x00, 0xff,
    0x50, 0x24, 0x00, 0xff, 0x50, 0x20, 0x08, 0xff, 0x48, 0x24, 0x08, 0xff,
    0x48, 0x24, 0x00, 0xff, 0x48, 0x24, 0x00, 0xff, 0x50, 0x24, 0x00, 0xff,
    0x48, 0x24, 0x00, 0xff, 0x50, 0x20, 0x00, 0xff, 0x48, 0x24, 0x08, 0xff,
    0x48, 0x24, 0x08, 0xff, 0x50, 0x20, 0x00, 0xff, 0x48, 0x24, 0x00, 0xff,
    0x50, 0x24, 0x08, 0xff, 0x50, 0x24, 0x00, 0xff, 0x48, 0x20, 0x00, 0xff,
    0x48, 0x24, 0x00, 0xff, 0x48, 0x24, 0x08, 0xff, 0x48, 0x20, 0x00, 0xff,
    0x50, 0x20, 0x08, 0xff, 0x48, 0x24, 0x08, 0xff, 0x48, 0x20, 0x08, 0xff,
    0x50, 0x24, 0x08, 0xff, 0x48, 0x24, 0x08, 0xff, 0x50, 0x20, 0x00, 0xff,
    0x48, 0x24, 0x00, 0xff, 0x50, 0x24, 0x00, 0xff, 0x50, 0x24, 0x08, 0xff,
    0x48, 0x24, 0x08, 0xff, 0x50, 0x20, 0x00, 0xff, 0x50, 0x20, 0x00, 0xff,
    0x48, 0x24, 0x08, 0xff, 0x48, 0x24, 0x00, 0xff, 0x48, 0x24, 0x08, 0xff,
    0x48, 0x20, 0x08, 0xff, 0x50, 0x24, 0x00, 0xff, 0x48, 0x20, 0x08, 0xff,
    0x50, 0x24, 0x00, 0xff, 0x48, 0x24, 0x00, 0xff, 0x48, 0x20, 0x08, 0xff,
    0x50, 0x24, 0x00, 0xff, 0x48, 0x24, 0x00, 0xff, 0x48, 0x20, 0x08, 0xff,
    0x48, 0x24, 0x00, 0xff, 0x48, 0x24, 0x08, 0xff, 0x48, 0x24, 0x08, 0xff,
    0x50, 0x24, 0x00, 0xff, 0x48, 0x24, 0x00, 0xff, 0x48, 0x20, 0x00, 0xff,
    0x50, 0x24, 0x08, 0xff, 0x50, 0x24, 0x00, 0xff, 0x48, 0x24, 0x08, 0xff,
    0x48, 0x24, 0x00, 0xff, 0x48, 0x24, 0x00, 0xff, 0x48, 0x20, 0x00, 0xff,
    0x50, 0x24, 0x00, 0xff, 0x50, 0x24, 0x08, 0xff, 0x48, 0x24, 0x00, 0xff,
    0x48, 0x24, 0x00, 0xff, 0x48, 0x24, 0x08, 0xff, 0x50, 0x24, 0x00, 0xff,
    0x50, 0x24, 0x00, 0xff, 0x48, 0x24, 0x00, 0xff, 0x48, 0x24, 0x00, 0xff,
    0x50, 0x20, 0x08, 0xff, 0x48, 0x24, 0x08, 0xff, 0x48, 0x24, 0x00, 0xff,
    0x48, 0x24, 0x00, 0xff, 0x50, 0x24, 0x08, 0xff, 0x50, 0x20, 0x00, 0xff,
    0x48, 0x24, 0x00, 0xff, 0x48, 0x24, 0x00, 0xff, 0x50, 0x24, 0x08, 0xff,
    0x48, 0x24, 0x08, 0xff, 0x48, 0x20, 0x00, 0xff, 0x48, 0x24, 0x00, 0xff,
    0x50, 0x24, 0x00, 0xff, 0x48, 0x20, 0x00, 0xff, 0x48, 0x24, 0x08, 0xff,
    0x48, 0x24, 0x00, 0xff, 0x48, 0x24, 0x00, 0xff, 0x50, 0x24, 0x08, 0xff,
    0x50, 0x20, 0x08, 0xff, 0x48, 0x24, 0x00, 0xff, 0x48, 0x24, 0x00, 0xff,
    0x50, 0x24, 0x08, 0xff, 0x48, 0x24, 0x00, 0xff, 0x48, 0x20, 0x00, 0xff,
    0x50, 0x24, 0x00, 0xff, 0x50, 0x24, 0x08, 0xff, 0x50, 0x24, 0x00, 0xff,
    0x48, 0x20, 0x08, 0xff, 0x48, 0x24, 0x00, 0xff, 0x48, 0x24, 0x00, 0xff,
    0x50, 0x24, 0x08, 0xff, 0x50, 0x24, 0x00, 0xff, 0x50, 0x24, 0x00, 0xff,
    0x50, 0x24, 0x00, 0xff, 0x48, 0x20, 0x00, 0xff, 0x48, 0x24, 0x00, 0xff,
    0x50, 0x24, 0x00, 0xff, 0x48, 0x24, 0x00, 0xff, 0x48, 0x24, 0x08, 0xff,
    0x50, 0x24, 0x00, 0xff, 0x48, 0x20, 0x08, 0xff, 0x48, 0x20, 0x00, 0xff,
    0x50, 0x24, 0x00, 0xff, 0x50, 0x24, 0x00, 0xff, 0x50, 0x20, 0x08, 0xff,
    0x48, 0x24, 0x00, 0xff, 0x48, 0x24, 0x00, 0xff, 0x50, 0x20, 0x08, 0xff,
    0x50, 0x24, 0x00, 0xff, 0x48, 0x24, 0x00, 0xff, 0x48, 0x20, 0x00, 0xff,
    0x50, 0x24, 0x00, 0xff, 0x48, 0x24, 0x00, 0xff, 0x50, 0x24, 0x00, 0xff,
    0x48, 0x24, 0x00, 0xff, 0x48, 0x24, 0x00, 0xff, 0x48, 0x20, 0x08, 0xff,
    0x48, 0x24, 0x00, 0xff, 0x50, 0x24, 0x00, 0xff, 0x48, 0x24, 0x00, 0xff,
    0x48, 0x20, 0x08, 0xff, 0x50, 0x24, 0x08, 0xff, 0x48, 0x24, 0x00, 0xff,
    0x48, 0x24, 0x08, 0xff, 0x48, 0x24, 0x00, 0xff, 0x50, 0x24, 0x00, 0xff,
    0x48, 0x20, 0x00, 0xff, 0x50, 0x24, 0x08, 0xff, 0x50, 0x24, 0x08, 0xff,
    0x48, 0x20, 0x00, 0xff, 0x48, 0x24, 0x00, 0xff, 0x48, 0x24, 0x00, 0xff,
    0x50, 0x24, 0x00, 0xff, 0x48, 0x24, 0x00, 0xff, 0x48, 0x24, 0x00, 0xff,
    0x48, 0x24, 0x00, 0xff, 0x50, 0x20, 0x08, 0xff, 0x50, 0x24, 0x08, 0xff,
    0x48, 0x20, 0x00, 0xff, 0x50, 0x24, 0x00, 0xff, 0x48, 0x24, 0x00, 0xff,
    0x48, 0x24, 0x08, 0xff, 0x48, 0x24, 0x08, 0xff, 0x48, 0x24, 0x00, 0xff,
    0x50, 0x24, 0x00, 0xff, 0x50, 0x20, 0x08, 0xff, 0x48, 0x24, 0x00, 0xff,
    0x48, 0x24, 0x00, 0xff, 0x50, 0x24, 0x00, 0xff, 0x50, 0x20, 0x08, 0xff,
    0x48, 0x24, 0x00, 0xff, 0x48, 0x24, 0x00, 0xff, 0x50, 0x24, 0x00, 0xff,
    0x48, 0x24, 0x08, 0xff, 0x48, 0x20, 0x08, 0xff, 0x48, 0x20, 0x00, 0xff,
    0x48, 0x24, 0x08, 0xff, 0x48, 0x24, 0x00, 0xff, 0x48, 0x20, 0x00, 0xff,
    0x48, 0x24, 0x00, 0xff, 0x48, 0x24, 0x08, 0xff, 0x50, 0x20, 0x00, 0xff,
    0x48, 0x24, 0x00, 0xff, 0x48, 0x24, 0x08, 0xff, 0x50, 0x24, 0x08, 0xff,
    0x48, 0x24, 0x00, 0xff, 0x48, 0x24, 0x00, 0xff, 0x50, 0x24, 0x08, 0xff,
    0x48, 0x24, 0x00, 0xff, 0x48, 0x24, 0x00, 0xff, 0x48, 0x24, 0x00, 0xff,
    0x48, 0x24, 0x00, 0xff, 0x50, 0x24, 0x00, 0xff, 0x48, 0x20, 0x00, 0xff,
    0x50, 0x24, 0x08, 0xff, 0x48, 0x24, 0x00, 0xff, 0x48, 0x20, 0x00, 0xff,
    0x50, 0x24, 0x08, 0xff, 0x48, 0x24, 0x00, 0xff, 0x48, 0x24, 0x00, 0xff,
    0x48, 0x20, 0x00, 0xff, 0x48, 0x24, 0x08, 0xff, 0x50, 0x24, 0x00, 0xff,
    0x48, 0x24, 0x00, 0xff, 0x50, 0x24, 0x08, 0xff, 0x50, 0x24, 0x08, 0xff,
    0x48, 0x20, 0x00, 0xff, 0x50, 0x24, 0x00, 0xff, 0x48, 0x24, 0x00, 0xff,
    0x48, 0x24, 0x08, 0xff, 0x50, 0x24, 0x08, 0xff, 0x50, 0x24, 0x00, 0xff,
    0x48, 0x20, 0x08, 0xff, 0x50, 0x24, 0x00, 0xff, 0x50, 0x24, 0x00, 0xff,
    0x48, 0x24, 0x00, 0xff, 0x48, 0x24, 0x08, 0xff, 0x50, 0x24, 0x08, 0xff,
    0x48, 0x24, 0x00, 0xff, 0x48, 0x24, 0x00, 0xff, 0x48, 0x20, 0x00, 0xff,
    0x50, 0x24, 0x08, 0xff, 0x50, 0x24, 0x08, 0xff, 0x48, 0x24, 0x00, 0xff,
    0x48, 0x24, 0x08, 0xff, 0x48, 0x24, 0x00, 0xff, 0x50, 0x20, 0x08, 0xff,
    0x50, 0x24, 0x00, 0xff, 0x50, 0x24, 0x00, 0xff, 0x48, 0x20, 0x00, 0xff,
    0x48, 0x24, 0x08, 0xff, 0x48, 0x24, 0x08, 0xff, 0x50, 0x20, 0x08, 0xff,
    0x48, 0x24, 0x00, 0xff, 0x48, 0x24, 0x00, 0xff, 0x48, 0x24, 0x08, 0xff,
    0x48, 0x24, 0x00, 0xff, 0x48, 0x20, 0x08, 0xff, 0x48, 0x24, 0x08, 0xff,
    0x50, 0x24, 0x08, 0xff, 0x48, 0x24, 0x00, 0xff, 0x48, 0x20, 0x00, 0xff,
    0x50, 0x24, 0x00, 0xff, 0x50, 0x20, 0x08, 0xff, 0x50, 0x24, 0x08, 0xff,
    0x48, 0x24, 0x00, 0xff, 0x50, 0x20, 0x00, 0xff, 0x50, 0x24, 0x00, 0xff,
    0x48, 0x24, 0x08, 0xff, 0x48, 0x24, 0x00, 0xff, 0x48, 0x24, 0x00, 0xff,
    0x50, 0x24, 0x00, 0xff, 0x50, 0x24, 0x08, 0xff, 0x48, 0x20, 0x00, 0xff,
    0x48, 0x20, 0x00, 0xff, 0x50, 0x24, 0x08, 0xff, 0x48, 0x24, 0x08, 0xff,
    0x48, 0x20, 0x00, 0xff, 0x48, 0x24, 0x00, 0xff, 0x48, 0x20, 0x08, 0xff,
    0x48, 0x24, 0x00, 0xff, 0x50, 0x24, 0x00, 0xff, 0x50, 0x24, 0x08, 0xff,
    0x48, 0x20, 0x00, 0xff, 0x48, 0x24, 0x00, 0xff, 0x48, 0x24, 0x00, 0xff,
    0x48, 0x20, 0x08, 0xff, 0x50, 0x24, 0x08, 0xff, 0x48, 0x24, 0x08, 0xff,
    0x48, 0x24, 0x00, 0xff, 0x50, 0x20, 0x08, 0xff, 0x50, 0x20, 0x00, 0xff,
    0x48, 0x24, 0x08, 0xff, 0x48, 0x24, 0x00, 0xff, 0x50, 0x24, 0x08, 0xff,
    0x48, 0x24, 0x08, 0xff, 0x48, 0x20, 0x00, 0xff, 0x48, 0x24, 0x00, 0xff,
    0x48, 0x24, 0x00, 0xff, 0x48, 0x24, 0x00, 0xff, 0x48, 0x24, 0x00, 0xff,
    0x48, 0x24, 0x08, 0xff, 0x50, 0x24, 0x08, 0xff, 0x50, 0x24, 0x00, 0xff,
    0x48, 0x20, 0x00, 0xff, 0x48, 0x24, 0x08, 0xff, 0x48, 0x24, 0x08, 0xff,
    0x48, 0x24, 0x08, 0xff, 0x50, 0x20, 0x08, 0xff, 0x50, 0x24, 0x00, 0xff,
    0x50, 0x24, 0x08, 0xff, 0x48, 0x24, 0x08, 0xff, 0x50, 0x24, 0x00, 0xff,
    0x50, 0x24, 0x00, 0xff, 0x48, 0x24, 0x00, 0xff, 0x48, 0x24, 0x00, 0xff,
    0x48, 0x24, 0x00, 0xff, 0x50, 0x24, 0x08, 0xff, 0x48, 0x24, 0x00, 0xff,
    0x50, 0x24, 0x08, 0xff, 0x48, 0x20, 0x00, 0xff, 0x48, 0x24, 0x00, 0xff,
    0x50, 0x24, 0x00, 0xff, 0x48, 0x20, 0x00, 0xff, 0x50, 0x24, 0x08, 0xff,
    0x48, 0x24, 0x08, 0xff, 0x50, 0x24, 0x08, 0xff, 0x50, 0x24, 0x08, 0xff,
    0x48, 0x20, 0x08, 0xff, 0x48, 0x24, 0x00, 0xff, 0x48, 0x24, 0x00, 0xff,
    0x48, 0x24, 0x08, 0xff, 0x48, 0x20, 0x00, 0xff, 0x50, 0x24, 0x00, 0xff,
    0x48, 0x24, 0x08, 0xff, 0x48, 0x24, 0x00, 0xff, 0x50, 0x20, 0x00, 0xff,
    0x48, 0x20, 0x08, 0xff, 0x48, 0x24, 0x00, 0xff, 0x48, 0x24, 0x08, 0xff,
    0x50, 0x24, 0x00, 0xff, 0x48, 0x24, 0x08, 0xff, 0x48, 0x24, 0x08, 0xff,
    0x48, 0x20, 0x08, 0xff, 0x48, 0x24, 0x00, 0xff, 0x48, 0x24, 0x08, 0xff,
    0x50, 0x20, 0x00, 0xff, 0x50, 0x24, 0x00, 0xff, 0x50, 0x24, 0x08, 0xff,
    0x50, 0x24, 0x00, 0xff, 0x48, 0x24, 0x08, 0xff, 0x50, 0x24, 0x00, 0xff,
    0x50, 0x24, 0x08, 0xff, 0x50, 0x24, 0x00, 0xff, 0x48, 0x24, 0x08, 0xff,
    0x48, 0x24, 0x00, 0xff, 0x48, 0x20, 0x00, 0xff, 0x48, 0x24, 0x00, 0xff,
    0x50, 0x24, 0x08, 0xff, 0x50, 0x20, 0x00, 0xff, 0x48, 0x24, 0x00, 0xff,
    0x48, 0x24, 0x00, 0xff, 0x50, 0x20, 0x00, 0xff, 0x50, 0x24, 0x08, 0xff,
    0x50, 0x24, 0x00, 0xff, 0x48, 0x24, 0x00, 0xff, 0x48, 0x24, 0x08, 0xff,
    0x48, 0x24, 0x00, 0xff, 0x48, 0x24, 0x08, 0xff, 0x48, 0x24, 0x00, 0xff,
    0x48, 0x20, 0x00, 0xff, 0x48, 0x24, 0x00, 0xff, 0x48, 0x24, 0x08, 0xff,
    0x50, 0x24, 0x08, 0xff, 0x50, 0x20, 0x00, 0xff, 0x50, 0x24, 0x00, 0xff,
    0x48, 0x20, 0x00, 0xff, 0x48, 0x24, 0x00, 0xff, 0x48, 0x24, 0x00, 0xff,
    0x48, 0x24, 0x08, 0xff, 0x48, 0x20, 0x00, 0xff, 0x50, 0x24, 0x08, 0xff,
    0x48, 0x24, 0x00, 0xff, 0x48, 0x24, 0x00, 0xff, 0x50, 0x20, 0x00, 0xff,
    0x50, 0x24, 0x00, 0xff, 0x48, 0x24, 0x00, 0xff, 0x48, 0x20, 0x08, 0xff,
    0x48, 0x20, 0x08, 0xff, 0x50, 0x24, 0x00, 0xff, 0x48, 0x24, 0x00, 0xff,
    0x48, 0x20, 0x08, 0xff, 0x48, 0x24, 0x08, 0xff, 0x50, 0x24, 0x00, 0xff,
    0x48, 0x20, 0x00, 0xff, 0x48, 0x24, 0x00, 0xff, 0x50, 0x20, 0x08, 0xff,
    0x48, 0x24, 0x00, 0xff, 0x48, 0x24, 0x00, 0xff, 0x48, 0x20, 0x00, 0xff,
    0x50, 0x24, 0x08, 0xff, 0x48, 0x24, 0x08, 0xff, 0x48, 0x20, 0x08, 0xff,
    0x48, 0x24, 0x00, 0xff, 0x50, 0x20, 0x00, 0xff, 0x48, 0x24, 0x08, 0xff,
    0x48, 0x24, 0x00, 0xff, 0x50, 0x24, 0x00, 0xff, 0x50, 0x20, 0x00, 0xff,
    0x48, 0x24, 0x00, 0xff, 0x50, 0x24, 0x00, 0xff, 0x48, 0x24, 0x00, 0xff,
    0x48, 0x24, 0x00, 0xff, 0x50, 0x20, 0x08, 0xff, 0x48, 0x24, 0x00, 0xff,
    0x48, 0x24, 0x08, 0xff, 0x48, 0x24, 0x00, 0xff, 0x48, 0x24, 0x00, 0xff,
    0x48, 0x24, 0x08, 0xff, 0x48, 0x24, 0x08, 0xff, 0x48, 0x24, 0x08, 0xff,
    0x50, 0x24, 0x00, 0xff, 0x50, 0x20, 0x08, 0xff, 0x48, 0x20, 0x00, 0xff,
    0x48, 0x24, 0x00, 0xff, 0x48, 0x24, 0x00, 0xff, 0x50, 0x24, 0x08, 0xff,
    0x48, 0x24, 0x08, 0xff, 0x48, 0x24, 0x00, 0xff, 0x50, 0x20, 0x00, 0xff,
    0x48, 0x24, 0x08, 0xff, 0x48, 0x24, 0x00, 0xff, 0x50, 0x24, 0x00, 0xff,
    0x50, 0x24, 0x08, 0xff, 0x48, 0x24, 0x08, 0xff, 0x48, 0x20, 0x00, 0xff,
    0x50, 0x24, 0x08, 0xff, 0x48, 0x20, 0x08, 0xff, 0x48, 0x24, 0x08, 0xff,
    0x48, 0x24, 0x00, 0xff, 0x48, 0x24, 0x00, 0xff, 0x50, 0x24, 0x00, 0xff,
    0x50, 0x20, 0x08, 0xff, 0x48, 0x24, 0x00, 0xff, 0x48, 0x24, 0x00, 0xff,
    0x48, 0x20, 0x00, 0xff, 0x50, 0x24, 0x08, 0xff, 0x48, 0x24, 0x00, 0xff,
    0x50, 0x24, 0x00, 0xff, 0x48, 0x24, 0x08, 0xff, 0x48, 0x24, 0x00, 0xff,
    0x50, 0x24, 0x08, 0xff, 0x50, 0x20, 0x08, 0xff, 0x50, 0x24, 0x08, 0xff,
    0x48, 0x24, 0x00, 0xff, 0x48, 0x20, 0x00, 0xff, 0x48, 0x24, 0x08, 0xff,
    0x48, 0x24, 0x08, 0xff, 0x50, 0x20, 0x00, 0xff, 0x50, 0x20, 0x08, 0xff,
    0x50, 0x24, 0x00, 0xff, 0x48, 0x24, 0x00, 0xff, 0x48, 0x24, 0x00, 0xff,
    0x48, 0x20, 0x00, 0xff, 0x48, 0x20, 0x00, 0xff, 0x48, 0x24, 0x08, 0xff,
    0x50, 0x24, 0x00, 0xff, 0x48, 0x20, 0x08, 0xff, 0x50, 0x24, 0x08, 0xff,
    0x50, 0x20, 0x00, 0xff, 0x48, 0x20, 0x00, 0xff, 0x50, 0x24, 0x08, 0xff,
    0x48, 0x20, 0x00, 0xff, 0x48, 0x24, 0x00, 0xff, 0x48, 0x24, 0x00, 0xff,
    0x48, 0x24, 0x08, 0xff, 0x50, 0x24, 0x08, 0xff, 0x48, 0x20, 0x00, 0xff,
    0x50, 0x24, 0x00, 0xff, 0x48, 0x24, 0x00, 0xff, 0x48, 0x20, 0x00, 0xff,
    0x50, 0x24, 0x00, 0xff, 0x48, 0x24, 0x00, 0xff, 0x50, 0x24, 0x00, 0xff,
    0x48, 0x24, 0x00, 0xff, 0x50, 0x24, 0x08, 0xff, 0x48, 0x24, 0x00, 0xff,
    0x48, 0x20, 0x08, 0xff, 0x50, 0x20, 0x00, 0xff, 0x50, 0x24, 0x00, 0xff,
    0x48, 0x24, 0x00, 0xff, 0x48, 0x24, 0x08, 0xff, 0x50, 0x20, 0x00, 0xff,
    0x48, 0x20, 0x08, 0xff, 0x48, 0x24, 0x00, 0xff, 0x48, 0x24, 0x00, 0xff,
    0x50, 0x24, 0x00, 0xff, 0x50, 0x24, 0x08, 0xff, 0x50, 0x20, 0x00, 0xff,
    0x48, 0x24, 0x00, 0xff, 0x48, 0x24, 0x00, 0xff, 0x48, 0x24, 0x00, 0xff,
    0x48, 0x24, 0x00, 0xff, 0x50, 0x20, 0x00, 0xff, 0x48, 0x24, 0x08, 0xff,
    0x48, 0x24, 0x00, 0xff, 0x48, 0x20, 0x00, 0xff, 0x48, 0x24, 0x00, 0xff,
    0x50, 0x24, 0x08, 0xff, 0x50, 0x24, 0x08, 0xff, 0x50, 0x20, 0x00, 0xff,
    0x48, 0x24, 0x00, 0xff, 0x48, 0x24, 0x08, 0xff, 0x48, 0x20, 0x00, 0xff,
    0x50, 0x24, 0x08, 0xff, 0x48, 0x24, 0x08, 0xff, 0x48, 0x20, 0x00, 0xff,
    0x48, 0x24, 0x08, 0xff, 0x48, 0x20, 0x08, 0xff, 0x50, 0x20, 0x00, 0xff,
    0x50, 0x24, 0x00, 0xff, 0x50, 0x24, 0x00, 0xff, 0x50, 0x20, 0x08, 0xff,
    0x50, 0x24, 0x00, 0xff, 0x50, 0x24, 0x08, 0xff, 0x50, 0x24, 0x08, 0xff,
    0x48, 0x24, 0x00, 0xff, 0x48, 0x24, 0x00, 0xff, 0x48, 0x24, 0x08, 0xff,
    0x48, 0x24, 0x08, 0xff, 0x48, 0x24, 0x00, 0xff, 0x50, 0x20, 0x00, 0xff,
    0x50, 0x24, 0x00, 0xff, 0x48, 0x24, 0x08, 0xff, 0x48, 0x20, 0x08, 0xff,
    0x50, 0x20, 0x00, 0xff, 0x48, 0x24, 0x00, 0xff, 0x48, 0x24, 0x08, 0xff,
    0x48, 0x24, 0x08, 0xff, 0x48, 0x24, 0x08, 0xff, 0x48, 0x24, 0x00, 0xff,
    0x50, 0x24, 0x00, 0xff, 0x48, 0x24, 0x00, 0xff, 0x50, 0x20, 0x00, 0xff,
    0x50, 0x24, 0x00, 0xff, 0x50, 0x20, 0x00, 0xff, 0x48, 0x24, 0x08, 0xff,
    0x50, 0x24, 0x08, 0xff, 0x48, 0x24, 0x00, 0xff, 0x48, 0x24, 0x00, 0xff,
    0x50, 0x24, 0x08, 0xff, 0x50, 0x20, 0x08, 0xff, 0x48, 0x24, 0x00, 0xff,
    0x48, 0x24, 0x00, 0xff, 0x48, 0x24, 0x00, 0xff, 0x48, 0x24, 0x00, 0xff,
    0x50, 0x24, 0x00, 0xff, 0x48, 0x24, 0x00, 0xff, 0x50, 0x24, 0x00, 0xff,
    0x50, 0x24, 0x00, 0xff, 0x48, 0x20, 0x08, 0xff, 0x48, 0x24, 0x08, 0xff,
    0x48, 0x24, 0x00, 0xff, 0x50, 0x20, 0x08, 0xff, 0x50, 0x24, 0x00, 0xff,
    0x48, 0x24, 0x00, 0xff, 0x48, 0x20, 0x00, 0xff, 0x50, 0x24, 0x08, 0xff,
    0x50, 0x24, 0x00, 0xff, 0x48, 0x20, 0x00, 0xff, 0x48, 0x24, 0x00, 0xff,
    0x50, 0x24, 0x00, 0xff, 0x50, 0x20, 0x08, 0xff, 0x48, 0x24, 0x00, 0xff,
    0x48, 0x20, 0x00, 0xff, 0x48, 0x24, 0x00, 0xff, 0x50, 0x24, 0x08, 0xff,
    0x48, 0x20, 0x08, 0xff, 0x48, 0x24, 0x08, 0xff, 0x48, 0x20, 0x00, 0xff,
    0x50, 0x24, 0x00, 0xff, 0x50, 0x24, 0x00, 0xff, 0x48, 0x24, 0x00, 0xff,
    0x50, 0x24, 0x00, 0xff, 0x50, 0x24, 0x08, 0xff, 0x48, 0x20, 0x08, 0xff,
    0x48, 0x24, 0x00, 0xff, 0x48, 0x20, 0x00, 0xff, 0x50, 0x24, 0x00, 0xff,
    0x48, 0x24, 0x00, 0xff, 0x50, 0x24, 0x00, 0xff, 0x50, 0x24, 0x00, 0xff,
    0x50, 0x24, 0x08, 0xff, 0x50, 0x20, 0x00, 0xff, 0x48, 0x24, 0x00, 0xff,
    0x48, 0x24, 0x00, 0xff, 0x48, 0x24, 0x08, 0xff, 0x48, 0x24, 0x08, 0xff,
    0x50, 0x24, 0x00, 0xff, 0x48, 0x24, 0x00, 0xff, 0x48, 0x20, 0x00, 0xff,
    0x48, 0x24, 0x00, 0xff, 0x50, 0x20, 0x00, 0xff, 0x50, 0x24, 0x08, 0xff,
    0x48, 0x24, 0x00, 0xff, 0x48, 0x20, 0x00, 0xff, 0x48, 0x24, 0x00, 0xff,
    0x50, 0x24, 0x00, 0xff, 0x48, 0x20, 0x00, 0xff, 0x48, 0x24, 0x00, 0xff,
    0x50, 0x24, 0x00, 0xff, 0x48, 0x24, 0x00, 0xff, 0x48, 0x24, 0x00, 0xff,
    0x48, 0x20, 0x00, 0xff, 0x48, 0x24, 0x00, 0xff, 0x48, 0x24, 0x08, 0xff,
    0x50, 0x24, 0x08, 0xff, 0x50, 0x24, 0x00, 0xff, 0x48, 0x24, 0x00, 0xff,
    0x48, 0x20, 0x08, 0xff, 0x48, 0x24, 0x00, 0xff, 0x48, 0x24, 0x00, 0xff,
    0x50, 0x24, 0x08, 0xff, 0x48, 0x24, 0x08, 0xff, 0x48, 0x24, 0x00, 0xff,
    0x48, 0x24, 0x00, 0xff, 0x50, 0x24, 0x08, 0xff, 0x50, 0x24, 0x08, 0xff,
    0x50, 0x20, 0x00, 0xff, 0x48, 0x24, 0x08, 0xff, 0x48, 0x24, 0x00, 0xff,
    0x48, 0x24, 0x00, 0xff, 0x48, 0x20, 0x08, 0xff, 0x48, 0x24, 0x00, 0xff,
    0x50, 0x24, 0x00, 0xff, 0x48, 0x24, 0x08, 0xff, 0x48, 0x24, 0x08, 0xff,
    0x50, 0x20, 0x08, 0xff, 0x50, 0x24, 0x00, 0xff, 0x48, 0x24, 0x08, 0xff,
    0x50, 0x24, 0x00, 0xff, 0x48, 0x24, 0x00, 0xff, 0x48, 0x24, 0x08, 0xff,
    0x48, 0x24, 0x08, 0xff, 0x50, 0x24, 0x00, 0xff, 0x48, 0x24, 0x00, 0xff,
    0x50, 0x24, 0x00, 0xff, 0x48, 0x20, 0x00, 0xff, 0x50, 0x24, 0x00, 0xff,
    0x50, 0x24, 0x00, 0xff, 0x48, 0x20, 0x00, 0xff, 0x48, 0x24, 0x00, 0xff,
    0x48, 0x24, 0x08, 0xff, 0x48, 0x24, 0x08, 0xff, 0x48, 0x20, 0x08, 0xff,
    0x48, 0x20, 0x08, 0xff, 0x48, 0x24, 0x00, 0xff, 0x48, 0x20, 0x00, 0xff,
    0x50, 0x24, 0x00, 0xff, 0x48, 0x24, 0x08, 0xff, 0x50, 0x20, 0x08, 0xff,
    0x48, 0x20, 0x00, 0xff, 0x48, 0x24, 0x00, 0xff, 0x48, 0x24, 0x08, 0xff,
    0x48, 0x20, 0x00, 0xff, 0x50, 0x24, 0x08, 0xff, 0x50, 0x24, 0x08, 0xff,
    0x48, 0x24, 0x00, 0xff, 0x50, 0x24, 0x00, 0xff, 0x48, 0x24, 0x08, 0xff,
    0x48, 0x24, 0x00, 0xff, 0x50, 0x24, 0x00, 0xff, 0x48, 0x24, 0x08, 0xff,
    0x48, 0x20, 0x08, 0xff, 0x48, 0x24, 0x00, 0xff, 0x48, 0x24, 0x00, 0xff,
    0x48, 0x24, 0x08, 0xff, 0x48, 0x20, 0x00, 0xff, 0x48, 0x20, 0x00, 0xff,
    0x48, 0x24, 0x00, 0xff, 0x48, 0x24, 0x00, 0xff, 0x50, 0x20, 0x08, 0xff,
    0x50, 0x24, 0x00, 0xff, 0x50, 0x24, 0x08, 0xff, 0x48, 0x20, 0x08, 0xff,
    0x48, 0x24, 0x00, 0xff, 0x50, 0x24, 0x00, 0xff, 0x48, 0x24, 0x00, 0xff,
    0x48, 0x24, 0x08, 0xff, 0x50, 0x20, 0x00, 0xff, 0x48, 0x24, 0x00, 0xff,
    0x48, 0x24, 0x00, 0xff, 0x50, 0x20, 0x00, 0xff, 0x50, 0x24, 0x00, 0xff,
    0x48, 0x24, 0x00, 0xff, 0x50, 0x20, 0x08, 0xff, 0x48, 0x24, 0x08, 0xff,
    0x48, 0x24, 0x08, 0xff, 0x48, 0x24, 0x00, 0xff, 0x50, 0x24, 0x00, 0xff,
    0x48, 0x24, 0x00, 0xff, 0x48, 0x20, 0x08, 0xff, 0x50, 0x24, 0x00, 0xff,
    0x48, 0x24, 0x00, 0xff, 0x48, 0x24, 0x00, 0xff, 0x50, 0x20, 0x08, 0xff,
    0x48, 0x24, 0x08, 0xff, 0x50, 0x24, 0x00, 0xff, 0x50, 0x20, 0x00, 0xff,
    0x50, 0x24, 0x08, 0xff, 0x48, 0x24, 0x08, 0xff, 0x48, 0x20, 0x08, 0xff,
    0x48, 0x20, 0x00, 0xff, 0x48, 0x24, 0x00, 0xff, 0x48, 0x24, 0x08, 0xff,
    0x48, 0x24, 0x00, 0xff, 0x48, 0x24, 0x08, 0xff, 0x48, 0x20, 0x08, 0xff,
    0x50, 0x24, 0x08, 0xff, 0x48, 0x24, 0x00, 0xff, 0x48, 0x24, 0x00, 0xff,
    0x50, 0x24, 0x08, 0xff, 0x48, 0x20, 0x08, 0xff, 0x50, 0x24, 0x08, 0xff,
    0x48, 0x24, 0x00, 0xff, 0x48, 0x20, 0x00, 0xff, 0x50, 0x24, 0x00, 0xff,
    0x48, 0x24, 0x00, 0xff, 0x50, 0x24, 0x08, 0xff, 0x48, 0x24, 0x00, 0xff,
    0x50, 0x24, 0x00, 0xff, 0x50, 0x24, 0x00, 0xff, 0x48, 0x24, 0x00, 0xff,
    0x48, 0x24, 0x00, 0xff, 0x48, 0x24, 0x08, 0xff, 0x48, 0x20, 0x08, 0xff,
    0x48, 0x24, 0x08, 0xff, 0x50, 0x24, 0x00, 0xff, 0x48, 0x20, 0x00, 0xff,
    0x48, 0x24, 0x00, 0xff, 0x50, 0x24, 0x00, 0xff, 0x48, 0x24, 0x08, 0xff,
    0x48, 0x24, 0x08, 0xff, 0x48, 0x24, 0x00, 0xff, 0x48, 0x24, 0x00, 0xff,
    0x48, 0x20, 0x00, 0xff, 0x48, 0x24, 0x08, 0xff, 0x48, 0x24, 0x08, 0xff,
    0x48, 0x24, 0x00, 0xff, 0x50, 0x20, 0x00, 0xff, 0x50, 0x24, 0x00, 0xff,
    0x48, 0x24, 0x08, 0xff, 0x50, 0x20, 0x00, 0xff, 0x50, 0x24, 0x08, 0xff,
    0x48, 0x24, 0x08, 0xff, 0x48, 0x24, 0x00, 0xff, 0x50, 0x20, 0x00, 0xff,
    0x48, 0x24, 0x08, 0xff, 0x48, 0x24, 0x00, 0xff, 0x50, 0x20, 0x00, 0xff,
    0x48, 0x24, 0x08, 0xff, 0x50, 0x24, 0x08, 0xff, 0x50, 0x24, 0x08, 0xff,
    0x48, 0x24, 0x00, 0xff, 0x50, 0x24, 0x08, 0xff, 0x48, 0x24, 0x08, 0xff,
    0x48, 0x24, 0x00, 0xff, 0x50, 0x20, 0x08, 0xff, 0x50, 0x24, 0x00, 0xff,
    0x48, 0x24, 0x00, 0xff, 0x48, 0x24, 0x08, 0xff, 0x50, 0x20, 0x00, 0xff,
    0x50, 0x24, 0x00, 0xff, 0x50, 0x24, 0x08, 0xff, 0x48, 0x24, 0x00, 0xff,
    0x48, 0x20, 0x00, 0xff, 0x48, 0x24, 0x00, 0xff, 0x48, 0x24, 0x00, 0xff,
    0x50, 0x20, 0x08, 0xff, 0x48, 0x24, 0x00, 0xff, 0x48, 0x24, 0x00, 0xff,
    0x48, 0x20, 0x00, 0xff, 0x48, 0x24, 0x00, 0xff, 0x50, 0x24, 0x00, 0xff,
    0x48, 0x20, 0x08, 0xff, 0x50, 0x24, 0x08, 0xff, 0x50, 0x24, 0x08, 0xff,
    0x48, 0x24, 0x08, 0xff, 0x50, 0x20, 0x00, 0xff, 0x48, 0x20, 0x00, 0xff,
    0x48, 0x24, 0x00, 0xff, 0x48, 0x20, 0x00, 0xff, 0x48, 0x24, 0x00, 0xff,
    0x50, 0x20, 0x08, 0xff, 0x50, 0x24, 0x00, 0xff, 0x48, 0x24, 0x08, 0xff,
    0x48, 0x24, 0x00, 0xff, 0x48, 0x20, 0x00, 0xff, 0x50, 0x24, 0x08, 0xff,
    0x48, 0x24, 0x00, 0xff, 0x50, 0x24, 0x08, 0xff, 0x48, 0x24, 0x08, 0xff,
    0x48, 0x20, 0x08, 0xff, 0x48, 0x24, 0x08, 0xff, 0x48, 0x24, 0x08, 0xff,
    0x50, 0x24, 0x00, 0xff, 0x50, 0x24, 0x00, 0xff, 0x50, 0x24, 0x00, 0xff,
    0x50, 0x24, 0x00, 0xff, 0x50, 0x24, 0x08, 0xff, 0x50, 0x24, 0x08, 0xff,
    0x48, 0x20, 0x08, 0xff, 0x50, 0x24, 0x00, 0xff, 0x48, 0x24, 0x00, 0xff,
    0x50, 0x24, 0x00, 0xff, 0x48, 0x24, 0x00, 0xff, 0x48, 0x24, 0x08, 0xff,
    0x50, 0x24, 0x00, 0xff, 0x48, 0x24, 0x00, 0xff, 0x48, 0x24, 0x00, 0xff,
    0x48, 0x20, 0x00, 0xff, 0x48, 0x20, 0x00, 0xff, 0x50, 0x24, 0x00, 0xff,
    0x50, 0x20, 0x00, 0xff, 0x48, 0x24, 0x00, 0xff, 0x50, 0x24, 0x00, 0xff,
    0x48, 0x24, 0x00, 0xff, 0x48, 0x20, 0x08, 0xff, 0x48, 0x24, 0x08, 0xff,
    0x50, 0x24, 0x00, 0xff, 0x48, 0x24, 0x00, 0xff, 0x48, 0x24, 0x00, 0xff,
    0x50, 0x20, 0x08, 0xff, 0x50, 0x24, 0x08, 0xff, 0x48, 0x24, 0x00, 0xff,
    0x48, 0x20, 0x00, 0xff, 0x48, 0x24, 0x00, 0xff, 0x50, 0x24, 0x08, 0xff,
    0x48, 0x24, 0x08, 0xff, 0x48, 0x24, 0x00, 0xff, 0x50, 0x24, 0x00, 0xff,
    0x50, 0x24, 0x00, 0xff, 0x48, 0x24, 0x08, 0xff, 0x50, 0x20, 0x08, 0xff,
    0x50, 0x24, 0x00, 0xff, 0x48, 0x24, 0x00, 0xff, 0x48, 0x20, 0x08, 0xff,
    0x50, 0x24, 0x08, 0xff, 0x48, 0x24, 0x00, 0xff, 0x48, 0x24, 0x00, 0xff,
    0x48, 0x24, 0x00, 0xff, 0x48, 0x24, 0x08, 0xff, 0x48, 0x24, 0x00, 0xff,
    0x48, 0x20, 0x08, 0xff, 0x50, 0x24, 0x00, 0xff, 0x50, 0x20, 0x08, 0xff,
    0x48, 0x24, 0x00, 0xff, 0x48, 0x24, 0x00, 0xff, 0x48, 0x24, 0x00, 0xff,
    0x50, 0x20, 0x00, 0xff, 0x48, 0x24, 0x08, 0xff, 0x48, 0x24, 0x08, 0xff,
    0x48, 0x20, 0x00, 0xff, 0x50, 0x24, 0x00, 0xff, 0x48, 0x24, 0x00, 0xff,
    0x48, 0x24, 0x08, 0xff, 0x50, 0x24, 0x00, 0xff, 0x50, 0x24, 0x00, 0xff,
    0x48, 0x24, 0x00, 0xff, 0x50, 0x20, 0x00, 0xff, 0x48, 0x24, 0x00, 0xff,
    0x48, 0x24, 0x00, 0xff, 0x50, 0x24, 0x08, 0xff, 0x48, 0x24, 0x00, 0xff,
    0x48, 0x20, 0x00, 0xff, 0x48, 0x24, 0x00, 0xff, 0x50, 0x24, 0x00, 0xff,
    0x50, 0x24, 0x08, 0xff, 0x48, 0x24, 0x00, 0xff, 0x48, 0x24, 0x08, 0xff,
    0x50, 0x24, 0x08, 0xff, 0x48, 0x20, 0x08, 0xff, 0x48, 0x24, 0x00, 0xff,
    0x48, 0x24, 0x00, 0xff, 0x50, 0x24, 0x08, 0xff, 0x50, 0x20, 0x00, 0xff,
    0x48, 0x24, 0x08, 0xff, 0x50, 0x24, 0x00, 0xff, 0x48, 0x20, 0x00, 0xff,
    0x48, 0x24, 0x00, 0xff, 0x48, 0x24, 0x00, 0xff, 0x48, 0x24, 0x00, 0xff,
    0x50, 0x24, 0x08, 0xff, 0x48, 0x24, 0x08, 0xff, 0x50, 0x20, 0x00, 0xff,
    0x50, 0x24, 0x00, 0xff, 0x48, 0x20, 0x08, 0xff, 0x50, 0x20, 0x08, 0xff,
    0x48, 0x24, 0x00, 0xff, 0x48, 0x24, 0x00, 0xff, 0x50, 0x24, 0x00, 0xff,
    0x50, 0x20, 0x08, 0xff, 0x48, 0x24, 0x08, 0xff, 0x48, 0x24, 0x00, 0xff,
    0x50, 0x20, 0x00, 0xff, 0x48, 0x24, 0x08, 0xff, 0x48, 0x24, 0x00, 0xff,
    0x50, 0x24, 0x08, 0xff, 0x48, 0x24, 0x08, 0xff, 0x48, 0x24, 0x00, 0xff,
    0x48, 0x24, 0x00, 0xff, 0x50, 0x24, 0x08, 0xff, 0x48, 0x24, 0x08, 0xff,
    0x48, 0x24, 0x00, 0xff, 0x48, 0x20, 0x00, 0xff, 0x48, 0x24, 0x00, 0xff,
    0x50, 0x20, 0x08, 0xff, 0x48, 0x20, 0x00, 0xff, 0x50, 0x24, 0x00, 0xff,
    0x50, 0x24, 0x08, 0xff, 0x48, 0x24, 0x00, 0xff, 0x48, 0x20, 0x08, 0xff,
    0x48, 0x20, 0x00, 0xff, 0x48, 0x24, 0x00, 0xff, 0x48, 0x24, 0x08, 0xff,
    0x48, 0x24, 0x00, 0xff, 0x48, 0x24, 0x00, 0xff, 0x50, 0x20, 0x08, 0xff,
    0x50, 0x24, 0x00, 0xff, 0x48, 0x24, 0x00, 0xff, 0x50, 0x24, 0x08, 0xff,
    0x50, 0x20, 0x08, 0xff, 0x48, 0x24, 0x00, 0xff, 0x48, 0x24, 0x00, 0xff,
    0x50, 0x24, 0x08, 0xff, 0x50, 0x24, 0x08, 0xff, 0x48, 0x24, 0x08, 0xff,
    0x50, 0x24, 0x00, 0xff, 0x48, 0x24, 0x00, 0xff, 0x48, 0x20, 0x00, 0xff,
    0x48, 0x24, 0x00, 0xff, 0x48, 0x24, 0x00, 0xff, 0x50, 0x24, 0x00, 0xff,
    0x50, 0x24, 0x08, 0xff, 0x48, 0x24, 0x08, 0xff, 0x48, 0x24, 0x00, 0xff,
    0x48, 0x24, 0x00, 0xff, 0x48, 0x24, 0x08, 0xff, 0x50, 0x20, 0x00, 0xff,
    0x50, 0x24, 0x00, 0xff, 0x50, 0x24, 0x00, 0xff, 0x48, 0x20, 0x08, 0xff,
    0x48, 0x24, 0x08, 0xff, 0x48, 0x24, 0x00, 0xff, 0x50, 0x20, 0x00, 0xff,
    0x48, 0x24, 0x00, 0xff, 0x48, 0x24, 0x00, 0xff, 0x50, 0x24, 0x00, 0xff,
    0x50, 0x20, 0x00, 0xff, 0x48, 0x20, 0x08, 0xff, 0x48, 0x24, 0x00, 0xff,
    0x48, 0x24, 0x00, 0xff, 0x48, 0x24, 0x00, 0xff, 0x48, 0x24, 0x00, 0xff,
    0x48, 0x24, 0x00, 0xff, 0x48, 0x24, 0x00, 0xff, 0x48, 0x24, 0x00, 0xff,
    0x48, 0x24, 0x08, 0xff, 0x50, 0x24, 0x08, 0xff, 0x50, 0x20, 0x00, 0xff,
    0x48, 0x24, 0x08, 0xff, 0x48, 0x24, 0x00, 0xff, 0x48, 0x20, 0x00, 0xff,
    0x50, 0x24, 0x08, 0xff, 0x50, 0x24, 0x08, 0xff, 0x48, 0x24, 0x00, 0xff,
    0x48, 0x24, 0x08, 0xff, 0x50, 0x20, 0x08, 0xff, 0x48, 0x24, 0x08, 0xff,
    0x50, 0x24, 0x00, 0xff, 0x50, 0x24, 0x00, 0xff, 0x50, 0x24, 0x00, 0xff,
    0x48, 0x20, 0x00, 0xff, 0x50, 0x24, 0x08, 0xff, 0x50, 0x24, 0x08, 0xff,
    0x48, 0x24, 0x00, 0xff, 0x48, 0x24, 0x00, 0xff, 0x50, 0x24, 0x00, 0xff,
    0x48, 0x24, 0x08, 0xff, 0x48, 0x24, 0x00, 0xff, 0x48, 0x20, 0x00, 0xff,
    0x50, 0x24, 0x00, 0xff, 0x48, 0x20, 0x08, 0xff, 0x48, 0x20, 0x08, 0xff,
    0x48, 0x24, 0x00, 0xff, 0x48, 0x24, 0x00, 0xff, 0x48, 0x24, 0x08, 0xff,
    0x48, 0x24, 0x08, 0xff, 0x48, 0x20, 0x08, 0xff, 0x48, 0x24, 0x00, 0xff,
    0x48, 0x24, 0x00, 0xff, 0x48, 0x24, 0x08, 0xff, 0x50, 0x20, 0x00, 0xff,
    0x50, 0x24, 0x00, 0xff, 0x50, 0x20, 0x00, 0xff, 0x50, 0x20, 0x08, 0xff,
    0x50, 0x24, 0x00, 0xff, 0x48, 0x24, 0x00, 0xff, 0x48, 0x24, 0x00, 0xff,
    0x48, 0x20, 0x08, 0xff, 0x50, 0x24, 0x08, 0xff, 0x50, 0x24, 0x00, 0xff,
    0x48, 0x24, 0x00, 0xff, 0x48, 0x20, 0x00, 0xff, 0x48, 0x24, 0x08, 0xff,
    0x48, 0x24, 0x00, 0xff, 0x48, 0x24, 0x00, 0xff, 0x50, 0x24, 0x08, 0xff,
    0x50, 0x24, 0x00, 0xff, 0x48, 0x24, 0x08, 0xff, 0x48, 0x20, 0x08, 0xff,
    0x48, 0x24, 0x00, 0xff, 0x50, 0x24, 0x08, 0xff, 0x50, 0x24, 0x00, 0xff,
    0x48, 0x24, 0x00, 0xff, 0x48, 0x20, 0x00, 0xff, 0x50, 0x24, 0x08, 0xff,
    0x50, 0x24, 0x08, 0xff, 0x48, 0x20, 0x00, 0xff, 0x48, 0x24, 0x00, 0xff,
    0x48, 0x20, 0x00, 0xff, 0x48, 0x24, 0x08, 0xff, 0x50, 0x24, 0x00, 0xff,
    0x48, 0x20, 0x00, 0xff, 0x48, 0x24, 0x00, 0xff, 0x50, 0x24, 0x00, 0xff,
    0x48, 0x20, 0x08, 0xff, 0x48, 0x20, 0x08, 0xff, 0x48, 0x24, 0x08, 0xff,
    0x50, 0x20, 0x00, 0xff, 0x48, 0x24, 0x08, 0xff, 0x50, 0x24, 0x00, 0xff,
    0x50, 0x24, 0x00, 0xff, 0x50, 0x20, 0x08, 0xff, 0x48, 0x24, 0x08, 0xff,
    0x48, 0x24, 0x00, 0xff, 0x50, 0x20, 0x00, 0xff, 0x48, 0x24, 0x08, 0xff,
    0x48, 0x24, 0x00, 0xff, 0x50, 0x24, 0x00, 0xff, 0x48, 0x24, 0x08, 0xff,
    0x50, 0x24, 0x08, 0xff, 0x50, 0x24, 0x00, 0xff, 0x48, 0x20, 0x00, 0xff,
    0x48, 0x24, 0x00, 0xff, 0x50, 0x24, 0x00, 0xff, 0x48, 0x24, 0x08, 0xff,
    0x48, 0x20, 0x00, 0xff, 0x48, 0x24, 0x00, 0xff, 0x48, 0x24, 0x00, 0xff,
    0x48, 0x20, 0x00, 0xff, 0x50, 0x20, 0x00, 0xff, 0x50, 0x24, 0x00, 0xff,
    0x50, 0x24, 0x08, 0xff, 0x48, 0x20, 0x00, 0xff, 0x50, 0x24, 0x00, 0xff,
    0x50, 0x24, 0x00, 0xff, 0x48, 0x24, 0x00, 0xff, 0x48, 0x24, 0x08, 0xff,
    0x48, 0x24, 0x00, 0xff, 0x48, 0x24, 0x00, 0xff, 0x48, 0x20, 0x00, 0xff,
    0x48, 0x24, 0x00, 0xff, 0x50, 0x24, 0x08, 0xff, 0x48, 0x24, 0x00, 0xff,
    0x50, 0x24, 0x00, 0xff, 0x50, 0x24, 0x00, 0xff, 0x50, 0x24, 0x08, 0xff,
    0x48, 0x20, 0x08, 0xff, 0x48, 0x24, 0x00, 0xff, 0x48, 0x24, 0x00, 0xff,
    0x48, 0x24, 0x08, 0xff, 0x50, 0x24, 0x08, 0xff, 0x48, 0x20, 0x00, 0xff,
    0x48, 0x24, 0x00, 0xff, 0x50, 0x24, 0x08, 0xff, 0x50, 0x20, 0x08, 0xff,
    0x48, 0x20, 0x00, 0xff, 0x48, 0x24, 0x00, 0xff, 0x48, 0x24, 0x00, 0xff,
    0x48, 0x20, 0x00, 0xff, 0x48, 0x24, 0x00, 0xff, 0x50, 0x24, 0x00, 0xff,
    0x50, 0x20, 0x00, 0xff, 0x48, 0x24, 0x08, 0xff, 0x48, 0x24, 0x08, 0xff,
    0x50, 0x24, 0x00, 0xff, 0x48, 0x24, 0x00, 0xff, 0x50, 0x24, 0x08, 0xff,
    0x50, 0x20, 0x00, 0xff, 0x48, 0x24, 0x00, 0xff, 0x48, 0x24, 0x00, 0xff,
    0x48, 0x20, 0x08, 0xff, 0x48, 0x24, 0x08, 0xff, 0x48, 0x24, 0x00, 0xff,
    0x50, 0x20, 0x00, 0xff, 0x48, 0x24, 0x00, 0xff, 0x48, 0x24, 0x00, 0xff,
    0x50, 0x24, 0x08, 0xff, 0x50, 0x24, 0x00, 0xff, 0x48, 0x24, 0x00, 0xff,
    0x48, 0x24, 0x08, 0xff, 0x48, 0x24, 0x00, 0xff, 0x48, 0x20, 0x08, 0xff,
    0x50, 0x24, 0x08, 0xff, 0x48, 0x24, 0x08, 0xff, 0x48, 0x20, 0x00, 0xff,
    0x50, 0x24, 0x00, 0xff, 0x50, 0x24, 0x08, 0xff, 0x50, 0x20, 0x08, 0xff,
    0x48, 0x20, 0x00, 0xff, 0x48, 0x24, 0x00, 0xff, 0x50, 0x24, 0x00, 0xff,
    0x48, 0x20, 0x00, 0xff, 0x50, 0x24, 0x08, 0xff, 0x50, 0x24, 0x08, 0xff,
    0x48, 0x24, 0x00, 0xff, 0x48, 0x24, 0x08, 0xff, 0x48, 0x24, 0x08, 0xff,
    0x48, 0x24, 0x00, 0xff, 0x48, 0x24, 0x00, 0xff, 0x48, 0x24, 0x00, 0xff,
    0x48, 0x20, 0x08, 0xff, 0x48, 0x24, 0x00, 0xff, 0x48, 0x24, 0x00, 0xff,
    0x48, 0x24, 0x08, 0xff, 0x48, 0x20, 0x00, 0xff, 0x50, 0x24, 0x08, 0xff,
    0x48, 0x24, 0x00, 0xff, 0x48, 0x24, 0x00, 0xff, 0x48, 0x20, 0x08, 0xff,
    0x50, 0x24, 0x00, 0xff, 0x50, 0x24, 0x08, 0xff, 0x48, 0x24, 0x00, 0xff,
    0x48, 0x24, 0x00, 0xff, 0x50, 0x24, 0x00, 0xff, 0x48, 0x24, 0x00, 0xff,
    0x50, 0x20, 0x08, 0xff, 0x50, 0x24, 0x00, 0xff, 0x48, 0x24, 0x00, 0xff,
    0x50, 0x24, 0x00, 0xff, 0x50, 0x24, 0x00, 0xff, 0x50, 0x24, 0x00, 0xff,
    0x50, 0x24, 0x08, 0xff, 0x50, 0x20, 0x00, 0xff, 0x48, 0x24, 0x08, 0xff,
    0x48, 0x24, 0x08, 0xff, 0x48, 0x24, 0x00, 0xff, 0x48, 0x24, 0x00, 0xff,
    0x48, 0x24, 0x08, 0xff, 0x48, 0x24, 0x08, 0xff, 0x50, 0x24, 0x00, 0xff,
    0x48, 0x24, 0x00, 0xff, 0x50, 0x20, 0x08, 0xff, 0x48, 0x24, 0x08, 0xff,
    0x48, 0x24, 0x08, 0xff, 0x50, 0x24, 0x00, 0xff, 0x50, 0x24, 0x00, 0xff,
    0x50, 0x24, 0x00, 0xff, 0x48, 0x24, 0x08, 0xff, 0x48, 0x20, 0x08, 0xff,
    0x48, 0x20, 0x00, 0xff, 0x50, 0x24, 0x00, 0xff, 0x48, 0x24, 0x00, 0xff,
    0x48, 0x24, 0x00, 0xff, 0x48, 0x20, 0x08, 0xff, 0x48, 0x24, 0x08, 0xff,
    0x50, 0x24, 0x08, 0xff, 0x48, 0x20, 0x00, 0xff, 0x48, 0x24, 0x00, 0xff,
    0x48, 0x24, 0x08, 0xff, 0x50, 0x24, 0x00, 0xff, 0x48, 0x24, 0x08, 0xff,
    0x48, 0x24, 0x08, 0xff, 0x50, 0x20, 0x00, 0xff, 0x50, 0x24, 0x00, 0xff,
    0x48, 0x24, 0x08, 0xff, 0x50, 0x24, 0x00, 0xff, 0x48, 0x24, 0x00, 0xff,
    0x50, 0x24, 0x00, 0xff, 0x48, 0x24, 0x00, 0xff, 0x48, 0x24, 0x00, 0xff,
    0x48, 0x24, 0x00, 0xff, 0x48, 0x24, 0x00, 0xff, 0x48, 0x20, 0x08, 0xff,
    0x50, 0x24, 0x08, 0xff, 0x48, 0x24, 0x00, 0xff, 0x50, 0x20, 0x00, 0xff,
    0x50, 0x24, 0x08, 0xff, 0x48, 0x24, 0x00, 0xff, 0x48, 0x24, 0x00, 0xff,
    0x48, 0x20, 0x08, 0xff, 0x48, 0x24, 0x00, 0xff, 0x48, 0x24, 0x00, 0xff,
    0x48, 0x24, 0x00, 0xff, 0x50, 0x20, 0x08, 0xff, 0x48, 0x24, 0x08, 0xff,
    0x48, 0x24, 0x08, 0xff, 0x48, 0x24, 0x00, 0xff, 0x50, 0x24, 0x00, 0xff,
    0x48, 0x24, 0x08, 0xff, 0x50, 0x24, 0x08, 0xff, 0x50, 0x24, 0x08, 0xff,
    0x48, 0x24, 0x00, 0xff, 0x48, 0x24, 0x00, 0xff, 0x48, 0x20, 0x08, 0xff,
    0x48, 0x24, 0x08, 0xff, 0x48, 0x24, 0x00, 0xff, 0x48, 0x20, 0x00, 0xff,
    0x48, 0x24, 0x08, 0xff, 0x50, 0x24, 0x08, 0xff, 0x50, 0x20, 0x00, 0xff,
    0x50, 0x24, 0x00, 0xff, 0x50, 0x24, 0x08, 0xff, 0x48, 0x24, 0x08, 0xff,
    0x48, 0x20, 0x08, 0xff, 0x48, 0x24, 0x00, 0xff, 0x50, 0x24, 0x00, 0xff,
    0x48, 0x24, 0x08, 0xff, 0x48, 0x24, 0x08, 0xff, 0x48, 0x20, 0x00, 0xff,
    0x50, 0x24, 0x00, 0xff, 0x50, 0x24, 0x00, 0xff, 0x50, 0x20, 0x08, 0xff,
    0x48, 0x24, 0x00, 0xff, 0x48, 0x24, 0x00, 0xff, 0x50, 0x20, 0x00, 0xff,
    0x48, 0x24, 0x00, 0xff, 0x48, 0x24, 0x00, 0xff, 0x48, 0x24, 0x00, 0xff,
    0x48, 0x24, 0x08, 0xff, 0x48, 0x24, 0x00, 0xff, 0x50, 0x20, 0x00, 0xff,
    0x50, 0x24, 0x08, 0xff, 0x50, 0x24, 0x08, 0xff, 0x48, 0x24, 0x08, 0xff,
    0x48, 0x24, 0x08, 0xff, 0x50, 0x24, 0x00, 0xff, 0x48, 0x20, 0x00, 0xff,
    0x48, 0x24, 0x08, 0xff, 0x48, 0x20, 0x00, 0xff, 0x48, 0x20, 0x00, 0xff,
    0x50, 0x24, 0x08, 0xff, 0x48, 0x20, 0x08, 0xff, 0x48, 0x24, 0x08, 0xff,
    0x50, 0x24, 0x00, 0xff, 0x48, 0x24, 0x00, 0xff, 0x50, 0x24, 0x00, 0xff,
    0x48, 0x24, 0x00, 0xff, 0x50, 0x20, 0x08, 0xff, 0x50, 0x24, 0x08, 0xff,
    0x48, 0x20, 0x00, 0xff, 0x48, 0x24, 0x08, 0xff, 0x50, 0x20, 0x08, 0xff,
    0x48, 0x24, 0x00, 0xff, 0x48, 0x24, 0x00, 0xff, 0x50, 0x24, 0x00, 0xff,
    0x48, 0x20, 0x00, 0xff, 0x50, 0x24, 0x00, 0xff, 0x50, 0x24, 0x08, 0xff,
    0x48, 0x20, 0x08, 0xff, 0x48, 0x24, 0x00, 0xff, 0x48, 0x24, 0x00, 0xff,
    0x50, 0x24, 0x08, 0xff, 0x48, 0x24, 0x00, 0xff, 0x48, 0x20, 0x08, 0xff,
    0x48, 0x24, 0x00, 0xff, 0x48, 0x24, 0x00, 0xff, 0x50, 0x24, 0x00, 0xff,
    0x48, 0x20, 0x00, 0xff, 0x48, 0x24, 0x00, 0xff, 0x50, 0x20, 0x00, 0xff,
    0x50, 0x20, 0x00, 0xff, 0x50, 0x24, 0x00, 0xff, 0x50, 0x24, 0x08, 0xff,
    0x48, 0x24, 0x00, 0xff, 0x48, 0x20, 0x08, 0xff, 0x50, 0x24, 0x08, 0xff,
    0x50, 0x20, 0x00, 0xff, 0x48, 0x24, 0x00, 0xff, 0x48, 0x24, 0x00, 0xff,
    0x48, 0x20, 0x08, 0xff, 0x50, 0x20, 0x00, 0xff, 0x50, 0x24, 0x08, 0xff,
    0x48, 0x20, 0x00, 0xff, 0x48, 0x24, 0x00, 0xff, 0x50, 0x24, 0x08, 0xff,
    0x48, 0x20, 0x08, 0xff, 0x50, 0x24, 0x08, 0xff, 0x50, 0x24, 0x00, 0xff,
    0x48, 0x24, 0x00, 0xff, 0x48, 0x20, 0x08, 0xff, 0x50, 0x24, 0x00, 0xff,
    0x48, 0x20, 0x00, 0xff, 0x48, 0x20, 0x00, 0xff, 0x48, 0x24, 0x08, 0xff,
    0x48, 0x24, 0x00, 0xff, 0x48, 0x24, 0x00, 0xff, 0x48, 0x24, 0x00, 0xff,
    0x48, 0x20, 0x00, 0xff, 0x50, 0x24, 0x08, 0xff, 0x48, 0x24, 0x08, 0xff,
    0x48, 0x24, 0x00, 0xff, 0x50, 0x20, 0x00, 0xff, 0x48, 0x20, 0x08, 0xff,
    0x50, 0x24, 0x00, 0xff, 0x48, 0x24, 0x00, 0xff, 0x48, 0x20, 0x00, 0xff,
    0x50, 0x24, 0x00, 0xff, 0x50, 0x24, 0x08, 0xff, 0x48, 0x24, 0x08, 0xff,
    0x48, 0x20, 0x00, 0xff, 0x50, 0x20, 0x00, 0xff, 0x50, 0x24, 0x00, 0xff,
    0x48, 0x24, 0x00, 0xff, 0x48, 0x24, 0x00, 0xff, 0x50, 0x20, 0x08, 0xff,
    0x48, 0x24, 0x00, 0xff, 0x50, 0x24, 0x00, 0xff, 0x48, 0x20, 0x00, 0xff,
    0x48, 0x24, 0x00, 0xff, 0x50, 0x24, 0x08, 0xff, 0x48, 0x20, 0x00, 0xff,
    0x50, 0x24, 0x00, 0xff, 0x48, 0x24, 0x00, 0xff, 0x50, 0x24, 0x08, 0xff,
    0x50, 0x24, 0x00, 0xff, 0x48, 0x24, 0x00, 0xff, 0x48, 0x24, 0x08, 0xff,
    0x48, 0x20, 0x00, 0xff, 0x50, 0x20, 0x08, 0xff, 0x48, 0x24, 0x08, 0xff,
    0x48, 0x20, 0x00, 0xff, 0x50, 0x24, 0x00, 0xff, 0x50, 0x24, 0x00, 0xff,
    0x50, 0x24, 0x08, 0xff, 0x50, 0x20, 0x08, 0xff, 0x48, 0x24, 0x00, 0xff,
    0x48, 0x24, 0x00, 0xff, 0x48, 0x24, 0x08, 0xff, 0x48, 0x24, 0x00, 0xff,
    0x48, 0x20, 0x00, 0xff, 0x48, 0x24, 0x08, 0xff, 0x50, 0x24, 0x00, 0xff,
    0x50, 0x24, 0x00, 0xff, 0x50, 0x20, 0x08, 0xff, 0x50, 0x24, 0x00, 0xff,
    0x48, 0x24, 0x00, 0xff, 0x48, 0x20, 0x00, 0xff, 0x48, 0x24, 0x00, 0xff,
    0x50, 0x24, 0x00, 0xff, 0x50, 0x24, 0x08, 0xff, 0x48, 0x20, 0x00, 0xff,
    0x50, 0x24, 0x00, 0xff, 0x48, 0x24, 0x00, 0xff, 0x48, 0x20, 0x00, 0xff,
    0x50, 0x24, 0x08, 0xff, 0x50, 0x24, 0x08, 0xff, 0x48, 0x24, 0x00, 0xff,
    0x48, 0x20, 0x00, 0xff, 0x50, 0x24, 0x08, 0xff, 0x50, 0x24, 0x08, 0xff,
    0x48, 0x24, 0x00, 0xff, 0x48, 0x20, 0x00, 0xff, 0x48, 0x24, 0x08, 0xff,
    0x48, 0x20, 0x08, 0xff, 0x48, 0x24, 0x00, 0xff, 0x50, 0x24, 0x00, 0xff,
    0x50, 0x24, 0x00, 0xff, 0x50, 0x24, 0x00, 0xff, 0x48, 0x20, 0x08, 0xff,
    0x48, 0x20, 0x08, 0xff, 0x50, 0x24, 0x00, 0xff, 0x48, 0x20, 0x00, 0xff,
    0x48, 0x24, 0x00, 0xff, 0x48, 0x24, 0x08, 0xff, 0x48, 0x20, 0x08, 0xff,
    0x50, 0x24, 0x00, 0xff, 0x48, 0x24, 0x00, 0xff, 0x48, 0x24, 0x08, 0xff,
    0x50, 0x24, 0x08, 0xff, 0x48, 0x24, 0x00, 0xff, 0x48, 0x20, 0x00, 0xff,
    0x50, 0x24, 0x00, 0xff, 0x50, 0x24, 0x08, 0xff, 0x48, 0x20, 0x08, 0xff,
    0x48, 0x24, 0x00, 0xff, 0x48, 0x24, 0x00, 0xff, 0x48, 0x20, 0x00, 0xff,
    0x48, 0x24, 0x00, 0xff, 0x48, 0x24, 0x08, 0xff, 0x50, 0x20, 0x00, 0xff,
    0x50, 0x24, 0x00, 0xff, 0x48, 0x24, 0x08, 0xff, 0x50, 0x24, 0x00, 0xff,
    0x48, 0x24, 0x00, 0xff, 0x48, 0x24, 0x00, 0xff, 0x50, 0x24, 0x00, 0xff,
    0x50, 0x24, 0x00, 0xff, 0x48, 0x20, 0x08, 0xff, 0x48, 0x24, 0x08, 0xff,
    0x50, 0x24, 0x08, 0xff, 0x48, 0x24, 0x00, 0xff, 0x48, 0x24, 0x00, 0xff,
    0x48, 0x24, 0x00, 0xff, 0x48, 0x20, 0x00, 0xff, 0x48, 0x24, 0x08, 0xff,
    0x50, 0x20, 0x00, 0xff, 0x50, 0x24, 0x08, 0xff, 0x48, 0x24, 0x08, 0xff,
    0x48, 0x24, 0x00, 0xff, 0x48, 0x20, 0x00, 0xff, 0x48, 0x24, 0x00, 0xff,
    0x50, 0x24, 0x08, 0xff, 0x48, 0x24, 0x00, 0xff, 0x48, 0x20, 0x00, 0xff,
    0x48, 0x24, 0x00, 0xff, 0x50, 0x24, 0x08, 0xff, 0x50, 0x24, 0x00, 0xff,
    0x50, 0x24, 0x08, 0xff, 0x48, 0x24, 0x00, 0xff, 0x48, 0x20, 0x08, 0xff,
    0x48, 0x24, 0x08, 0xff, 0x50, 0x24, 0x00, 0xff, 0x48, 0x24, 0x00, 0xff,
    0x48, 0x24, 0x08, 0xff, 0x48, 0x24, 0x08, 0xff, 0x48, 0x20, 0x00, 0xff,
    0x50, 0x24, 0x00, 0xff, 0x50, 0x24, 0x00, 0xff, 0x48, 0x24, 0x00, 0xff,
    0x48, 0x24, 0x08, 0xff, 0x50, 0x24, 0x08, 0xff, 0x50, 0x24, 0x00, 0xff,
    0x50, 0x24, 0x00, 0xff, 0x48, 0x24, 0x08, 0xff, 0x48, 0x24, 0x00, 0xff,
    0x48, 0x24, 0x08, 0xff, 0x48, 0x24, 0x00, 0xff, 0x48, 0x20, 0x00, 0xff,
    0x50, 0x24, 0x00, 0xff, 0x48, 0x20, 0x00, 0xff, 0x48, 0x24, 0x08, 0xff,
    0x48, 0x24, 0x00, 0xff, 0x48, 0x24, 0x00, 0xff, 0x48, 0x24, 0x08, 0xff,
    0x48, 0x24, 0x08, 0xff, 0x48, 0x24, 0x08, 0xff, 0x50, 0x24, 0x00, 0xff,
    0x48, 0x20, 0x08, 0xff, 0x48, 0x20, 0x08, 0xff, 0x50, 0x24, 0x00, 0xff,
    0x50, 0x24, 0x00, 0xff, 0x48, 0x20, 0x00, 0xff, 0x50, 0x24, 0x00, 0xff,
    0x50, 0x24, 0x00, 0xff, 0x48, 0x24, 0x00, 0xff, 0x48, 0x24, 0x00, 0xff,
    0x48, 0x24, 0x08, 0xff, 0x50, 0x24, 0x00, 0xff, 0x48, 0x24, 0x00, 0xff,
    0x48, 0x20, 0x00, 0xff, 0x48, 0x20, 0x00, 0xff, 0x48, 0x24, 0x00, 0xff,
    0x48, 0x24, 0x08, 0xff, 0x48, 0x24, 0x08, 0xff, 0x48, 0x24, 0x00, 0xff,
    0x50, 0x24, 0x08, 0xff, 0x48, 0x24, 0x08, 0xff, 0x48, 0x24, 0x08, 0xff,
    0x48, 0x24, 0x00, 0xff, 0x50, 0x20, 0x08, 0xff, 0x50, 0x24, 0x00, 0xff,
    0x48, 0x24, 0x00, 0xff, 0x48, 0x24, 0x00, 0xff, 0x50, 0x24, 0x08, 0xff,
    0x48, 0x20, 0x08, 0xff, 0x48, 0x24, 0x00, 0xff, 0x48, 0x20, 0x00, 0xff,
    0x48, 0x20, 0x00, 0xff, 0x50, 0x24, 0x00, 0xff, 0x48, 0x24, 0x08, 0xff,
    0x48, 0x24, 0x00, 0xff, 0x48, 0x24, 0x00, 0xff, 0x50, 0x24, 0x08, 0xff,
    0x48, 0x24, 0x08, 0xff, 0x48, 0x24, 0x08, 0xff, 0x48, 0x24, 0x08, 0xff,
    0x48, 0x20, 0x00, 0xff, 0x48, 0x24, 0x00, 0xff, 0x50, 0x24, 0x00, 0xff,
    0x48, 0x24, 0x00, 0xff, 0x50, 0x20, 0x00, 0xff, 0x48, 0x24, 0x08, 0xff,
    0x48, 0x24, 0x00, 0xff, 0x50, 0x20, 0x00, 0xff, 0x48, 0x24, 0x08, 0xff,
    0x48, 0x24, 0x08, 0xff, 0x48, 0x24, 0x00, 0xff, 0x48, 0x20, 0x08, 0xff,
    0x50, 0x24, 0x08, 0xff, 0x48, 0x24, 0x00, 0xff, 0x50, 0x24, 0x08, 0xff,
    0x50, 0x20, 0x00, 0xff, 0x48, 0x20, 0x00, 0xff, 0x48, 0x24, 0x08, 0xff,
    0x48, 0x20, 0x00, 0xff, 0x48, 0x24, 0x08, 0xff, 0x50, 0x24, 0x00, 0xff,
    0x48, 0x20, 0x00, 0xff, 0x48, 0x24, 0x08, 0xff, 0x50, 0x24, 0x00, 0xff,
    0x50, 0x24, 0x00, 0xff, 0x48, 0x24, 0x00, 0xff, 0x48, 0x24, 0x00, 0xff,
    0x50, 0x20, 0x00, 0xff, 0x48, 0x24, 0x00, 0xff, 0x50, 0x24, 0x00, 0xff,
    0x48, 0x24, 0x00, 0xff, 0x48, 0x24, 0x00, 0xff, 0x48, 0x20, 0x00, 0xff,
    0x48, 0x24, 0x08, 0xff, 0x48, 0x24, 0x00, 0xff, 0x48, 0x24, 0x00, 0xff,
    0x50, 0x24, 0x00, 0xff, 0x48, 0x24, 0x00, 0xff, 0x50, 0x24, 0x08, 0xff,
    0x48, 0x24, 0x08, 0xff, 0x48, 0x24, 0x00, 0xff, 0x50, 0x24, 0x00, 0xff,
    0x48, 0x24, 0x00, 0xff, 0x50, 0x20, 0x08, 0xff, 0x48, 0x24, 0x08, 0xff,
    0x48, 0x24, 0x00, 0xff, 0x50, 0x20, 0x08, 0xff, 0x50, 0x24, 0x08, 0xff,
    0x48, 0x24, 0x00, 0xff, 0x48, 0x24, 0x00, 0xff, 0x50, 0x24, 0x08, 0xff,
    0x48, 0x24, 0x00, 0xff, 0x48, 0x20, 0x00, 0xff, 0x50, 0x24, 0x08, 0xff,
    0x50, 0x24, 0x00, 0xff, 0x50, 0x24, 0x00, 0xff, 0x48, 0x24, 0x08, 0xff,
    0x48, 0x24, 0x00, 0xff, 0x50, 0x24, 0x00, 0xff, 0x48, 0x24, 0x08, 0xff,
    0x50, 0x24, 0x08, 0xff, 0x50, 0x24, 0x00, 0xff, 0x48, 0x24, 0x00, 0xff,
    0x48, 0x20, 0x08, 0xff, 0x48, 0x24, 0x00, 0xff, 0x50, 0x20, 0x00, 0xff,
    0x48, 0x24, 0x00, 0xff, 0x48, 0x24, 0x00, 0xff, 0x48, 0x24, 0x08, 0xff,
    0x50, 0x24, 0x08, 0xff, 0x50, 0x24, 0x00, 0xff, 0x48, 0x24, 0x00, 0xff,
    0x48, 0x24, 0x00, 0xff, 0x48, 0x20, 0x00, 0xff, 0x50, 0x24, 0x00, 0xff,
    0x50, 0x24, 0x08, 0xff, 0x48, 0x24, 0x08, 0xff, 0x48, 0x24, 0x00, 0xff,
    0x48, 0x24, 0x00, 0xff, 0x50, 0x20, 0x00, 0xff, 0x50, 0x24, 0x08, 0xff,
    0x48, 0x24, 0x08, 0xff, 0x48, 0x20, 0x00, 0xff, 0x48, 0x24, 0x00, 0xff,
    0x48, 0x24, 0x00, 0xff, 0x50, 0x20, 0x08, 0xff, 0x50, 0x24, 0x00, 0xff,
    0x48, 0x24, 0x00, 0xff, 0x50, 0x24, 0x08, 0xff, 0x50, 0x20, 0x08, 0xff,
    0x48, 0x24, 0x00, 0xff, 0x48, 0x24, 0x00, 0xff, 0x48, 0x20, 0x08, 0xff,
    0x48, 0x24, 0x08, 0xff, 0x48, 0x24, 0x00, 0xff, 0x48, 0x20, 0x00, 0xff,
    0x48, 0x24, 0x00, 0xff, 0x48, 0x24, 0x00, 0xff, 0x48, 0x24, 0x08, 0xff,
    0x48, 0x20, 0x00, 0xff, 0x48, 0x24, 0x00, 0xff, 0x50, 0x24, 0x00, 0xff,
    0x50, 0x24, 0x00, 0xff, 0x50, 0x20, 0x08, 0xff, 0x48, 0x24, 0x08, 0xff,
    0x48, 0x24, 0x00, 0xff, 0x48, 0x24, 0x00, 0xff, 0x48, 0x20, 0x00, 0xff,
    0x50, 0x24, 0x08, 0xff, 0x50, 0x24, 0x08, 0xff, 0x50, 0x24, 0x00, 0xff,
    0x50, 0x20, 0x00, 0xff, 0x50, 0x24, 0x00, 0xff, 0x48, 0x24, 0x08, 0xff,
    0x50, 0x24, 0x00, 0xff, 0x50, 0x24, 0x00, 0xff, 0x48, 0x24, 0x08, 0xff,
    0x48, 0x24, 0x08, 0xff, 0x50, 0x24, 0x08, 0xff, 0x48, 0x20, 0x00, 0xff,
    0x48, 0x24, 0x08, 0xff, 0x50, 0x20, 0x08, 0xff, 0x50, 0x24, 0x08, 0xff,
    0x48, 0x24, 0x00, 0xff, 0x48, 0x20, 0x08, 0xff, 0x48, 0x24, 0x08, 0xff,
    0x50, 0x24, 0x08, 0xff, 0x48, 0x24, 0x08, 0xff, 0x48, 0x24, 0x00, 0xff,
    0x50, 0x20, 0x00, 0xff, 0x50, 0x24, 0x00, 0xff, 0x48, 0x24, 0x08, 0xff,
    0x48, 0x24, 0x00, 0xff, 0x50, 0x20, 0x00, 0xff, 0x50, 0x20, 0x00, 0xff,
    0x48, 0x24, 0x00, 0xff, 0x48, 0x24, 0x08, 0xff, 0x48, 0x24, 0x08, 0xff,
    0x50, 0x24, 0x08, 0xff, 0x48, 0x20, 0x00, 0xff, 0x48, 0x24, 0x00, 0xff,
    0x50, 0x24, 0x00, 0xff, 0x50, 0x24, 0x08, 0xff, 0x48, 0x24, 0x08, 0xff,
    0x48, 0x24, 0x00, 0xff, 0x48, 0x24, 0x08, 0xff, 0x50, 0x20, 0x00, 0xff,
    0x48, 0x24, 0x08, 0xff, 0x50, 0x24, 0x00, 0xff, 0x48, 0x20, 0x00, 0xff,
    0x50, 0x24, 0x00, 0xff, 0x48, 0x24, 0x00, 0xff, 0x50, 0x20, 0x00, 0xff,
    0x48, 0x24, 0x00, 0xff, 0x48, 0x24, 0x00, 0xff, 0x48, 0x24, 0x08, 0xff,
    0x50, 0x20, 0x08, 0xff, 0x48, 0x24, 0x00, 0xff, 0x50, 0x24, 0x00, 0xff,
    0x50, 0x24, 0x08, 0xff, 0x48, 0x24, 0x08, 0xff, 0x48, 0x20, 0x00, 0xff,
    0x48, 0x24, 0x00, 0xff, 0x50, 0x24, 0x00, 0xff, 0x48, 0x24, 0x00, 0xff,
    0x48, 0x24, 0x00, 0xff, 0x50, 0x20, 0x08, 0xff, 0x48, 0x24, 0x00, 0xff,
    0x48, 0x24, 0x08, 0xff, 0x48, 0x24, 0x00, 0xff, 0x48, 0x24, 0x00, 0xff,
    0x50, 0x24, 0x08, 0xff, 0x50, 0x20, 0x00, 0xff, 0x48, 0x24, 0x08, 0xff,
    0x48, 0x24, 0x00, 0xff, 0x48, 0x24, 0x00, 0xff, 0x48, 0x20, 0x08, 0xff,
    0x48, 0x24, 0x00, 0xff, 0x48, 0x24, 0x08, 0xff, 0x48, 0x20, 0x00, 0xff,
    0x50, 0x24, 0x08, 0xff, 0x48, 0x24, 0x08, 0xff, 0x48, 0x24, 0x08, 0xff,
    0x50, 0x24, 0x00, 0xff, 0x50, 0x24, 0x08, 0xff, 0x50, 0x20, 0x08, 0xff,
    0x48, 0x24, 0x00, 0xff, 0x48, 0x24, 0x08, 0xff, 0x50, 0x20, 0x08, 0xff,
    0x48, 0x24, 0x00, 0xff, 0x48, 0x24, 0x00, 0xff, 0x48, 0x24, 0x08, 0xff,
    0x50, 0x24, 0x00, 0xff, 0x50, 0x20, 0x00, 0xff, 0x48, 0x20, 0x00, 0xff,
    0x48, 0x24, 0x08, 0xff, 0x48, 0x24, 0x00, 0xff, 0x50, 0x20, 0x00, 0xff,
    0x50, 0x24, 0x00, 0xff, 0x48, 0x24, 0x00, 0xff, 0x48, 0x24, 0x00, 0xff,
    0x50, 0x24, 0x08, 0xff, 0x48, 0x20, 0x00, 0xff, 0x48, 0x24, 0x00, 0xff,
    0x50, 0x24, 0x00, 0xff, 0x50, 0x24, 0x08, 0xff, 0x48, 0x24, 0x08, 0xff,
    0x48, 0x20, 0x00, 0xff, 0x48, 0x20, 0x08, 0xff, 0x48, 0x24, 0x00, 0xff,
    0x48, 0x24, 0x08, 0xff, 0x48, 0x20, 0x00, 0xff, 0x50, 0x20, 0x00, 0xff,
    0x48, 0x24, 0x00, 0xff, 0x48, 0x20, 0x08, 0xff, 0x48, 0x20, 0x08, 0xff,
    0x48, 0x24, 0x00, 0xff, 0x50, 0x24, 0x08, 0xff, 0x48, 0x24, 0x00, 0xff,
    0x48, 0x20, 0x00, 0xff, 0x50, 0x24, 0x08, 0xff, 0x50, 0x20, 0x00, 0xff,
    0x48, 0x20, 0x00, 0xff, 0x50, 0x24, 0x08, 0xff, 0x50, 0x24, 0x08, 0xff,
    0x48, 0x24, 0x00, 0xff, 0x50, 0x24, 0x08, 0xff, 0x48, 0x20, 0x08, 0xff,
    0x48, 0x24, 0x00, 0xff, 0x50, 0x24, 0x00, 0xff, 0x50, 0x20, 0x08, 0xff,
    0x50, 0x24, 0x00, 0xff, 0x48, 0x24, 0x08, 0xff, 0x48, 0x24, 0x08, 0xff,
    0x50, 0x24, 0x00, 0xff, 0x50, 0x24, 0x00, 0xff, 0x48, 0x20, 0x08, 0xff,
    0x48, 0x24, 0x00, 0xff, 0x48, 0x24, 0x00, 0xff, 0x48, 0x24, 0x08, 0xff,
    0x48, 0x24, 0x00, 0xff, 0x48, 0x20, 0x00, 0xff, 0x48, 0x24, 0x00, 0xff,
    0x50, 0x24, 0x00, 0xff, 0x50, 0x24, 0x08, 0xff, 0x50, 0x24, 0x00, 0xff,
    0x50, 0x24, 0x00, 0xff, 0x48, 0x24, 0x08, 0xff, 0x50, 0x20, 0x08, 0xff,
    0x50, 0x24, 0x08, 0xff, 0x50, 0x20, 0x00, 0xff, 0x48, 0x20, 0x00, 0xff,
    0x48, 0x24, 0x08, 0xff, 0x50, 0x24, 0x08, 0xff, 0x48, 0x24, 0x08, 0xff,
    0x48, 0x20, 0x00, 0xff, 0x48, 0x24, 0x00, 0xff, 0x50, 0x24, 0x00, 0xff,
    0x50, 0x24, 0x08, 0xff, 0x50, 0x24, 0x08, 0xff, 0x50, 0x24, 0x08, 0xff,
    0x48, 0x24, 0x00, 0xff, 0x48, 0x20, 0x00, 0xff, 0x48, 0x20, 0x00, 0xff,
    0x48, 0x24, 0x08, 0xff, 0x48, 0x24, 0x00, 0xff, 0x48, 0x24, 0x00, 0xff,
    0x48, 0x20, 0x00, 0xff, 0x48, 0x24, 0x00, 0xff, 0x50, 0x24, 0x00, 0xff,
    0x48, 0x20, 0x00, 0xff, 0x48, 0x24, 0x00, 0xff, 0x48, 0x24, 0x08, 0xff,
    0x48, 0x24, 0x00, 0xff, 0x48, 0x24, 0x00, 0xff, 0x48, 0x24, 0x00, 0xff,
    0x50, 0x24, 0x00, 0xff, 0x50, 0x20, 0x00, 0xff, 0x48, 0x24, 0x00, 0xff,
    0x50, 0x24, 0x00, 0xff, 0x50, 0x24, 0x00, 0xff, 0x50, 0x24, 0x08, 0xff,
    0x48, 0x24, 0x00, 0xff, 0x48, 0x24, 0x08, 0xff, 0x50, 0x20, 0x00, 0xff,
    0x48, 0x24, 0x00, 0xff, 0x48, 0x24, 0x00, 0xff, 0x48, 0x24, 0x00, 0xff,
    0x48, 0x24, 0x00, 0xff, 0x50, 0x20, 0x00, 0xff, 0x48, 0x24, 0x00, 0xff,
    0x48, 0x24, 0x00, 0xff, 0x50, 0x20, 0x08, 0xff, 0x48, 0x24, 0x00, 0xff,
    0x48, 0x24, 0x08, 0xff, 0x48, 0x24, 0x00, 0xff, 0x50, 0x20, 0x00, 0xff,
    0x50, 0x24, 0x08, 0xff, 0x50, 0x24, 0x00, 0xff, 0x48, 0x24, 0x00, 0xff,
    0x50, 0x20, 0x00, 0xff, 0x50, 0x24, 0x08, 0xff, 0x48, 0x24, 0x00, 0xff,
    0x48, 0x20, 0x00, 0xff, 0x50, 0x24, 0x00, 0xff, 0x48, 0x20, 0x08, 0xff,
    0x50, 0x24, 0x08, 0xff, 0x50, 0x24, 0x08, 0xff, 0x48, 0x20, 0x00, 0xff,
    0x48, 0x24, 0x08, 0xff, 0x50, 0x24, 0x08, 0xff, 0x48, 0x24, 0x00, 0xff,
    0x48, 0x20, 0x00, 0xff, 0x50, 0x24, 0x00, 0xff, 0x50, 0x24, 0x00, 0xff,
    0x50, 0x20, 0x08, 0xff, 0x48, 0x24, 0x00, 0xff, 0x50, 0x24, 0x08, 0xff,
    0x48, 0x20, 0x08, 0xff, 0x48, 0x24, 0x00, 0xff, 0x50, 0x24, 0x00, 0xff,
    0x48, 0x24, 0x00, 0xff, 0x48, 0x24, 0x08, 0xff, 0x50, 0x24, 0x08, 0xff,
    0x50, 0x24, 0x00, 0xff, 0x48, 0x24, 0x00, 0xff, 0x48, 0x24, 0x00, 0xff,
    0x50, 0x24, 0x08, 0xff, 0x50, 0x20, 0x00, 0xff, 0x50, 0x24, 0x00, 0xff,
    0x48, 0x24, 0x08, 0xff, 0x50, 0x20, 0x00, 0xff, 0x50, 0x24, 0x08, 0xff,
    0x48, 0x24, 0x00, 0xff, 0x50, 0x24, 0x00, 0xff, 0x48, 0x20, 0x00, 0xff,
    0x48, 0x20, 0x08, 0xff, 0x48, 0x24, 0x00, 0xff, 0x48, 0x24, 0x00, 0xff,
    0x50, 0x24, 0x08, 0xff, 0x50, 0x20, 0x00, 0xff, 0x48, 0x24, 0x00, 0xff,
    0x50, 0x24, 0x08, 0xff, 0x50, 0x20, 0x08, 0xff, 0x48, 0x20, 0x00, 0xff,
    0x48, 0x24, 0x00, 0xff, 0x50, 0x24, 0x08, 0xff, 0x48, 0x24, 0x08, 0xff,
    0x48, 0x24, 0x00, 0xff, 0x50, 0x24, 0x00, 0xff, 0x48, 0x24, 0x00, 0xff,
    0x48, 0x24, 0x08, 0xff, 0x48, 0x20, 0x00, 0xff, 0x48, 0x20, 0x08, 0xff,
    0x48, 0x24, 0x00, 0xff, 0x50, 0x24, 0x08, 0xff, 0x48, 0x20, 0x00, 0xff,
    0x48, 0x20, 0x08, 0xff, 0x50, 0x24, 0x00, 0xff, 0x48, 0x24, 0x00, 0xff,
    0x48, 0x24, 0x00, 0xff, 0x48, 0x24, 0x00, 0xff, 0x50, 0x20, 0x08, 0xff,
    0x50, 0x24, 0x00, 0xff, 0x50, 0x24, 0x08, 0xff, 0x48, 0x24, 0x00, 0xff,
    0x48, 0x24, 0x08, 0xff, 0x48, 0x24, 0x00, 0xff, 0x50, 0x24, 0x00, 0xff,
    0x50, 0x24, 0x00, 0xff, 0x48, 0x24, 0x00, 0xff, 0x50, 0x24, 0x08, 0xff,
    0x50, 0x24, 0x08, 0xff, 0x48, 0x24, 0x00, 0xff, 0x48, 0x24, 0x00, 0xff,
    0x48, 0x24, 0x00, 0xff, 0x48, 0x24, 0x00, 0xff, 0x48, 0x20, 0x00, 0xff,
    0x50, 0x20, 0x08, 0xff, 0x48, 0x24, 0x00, 0xff, 0x48, 0x24, 0x00, 0xff,
    0x48, 0x24, 0x00, 0xff, 0x48, 0x20, 0x00, 0xff, 0x48, 0x24, 0x00, 0xff,
    0x48, 0x24, 0x08, 0xff, 0x48, 0x24, 0x00, 0xff, 0x50, 0x20, 0x00, 0xff,
    0x48, 0x24, 0x00, 0xff, 0x48, 0x20, 0x00, 0xff, 0x50, 0x24, 0x08, 0xff,
    0x50, 0x24, 0x08, 0xff, 0x48, 0x20, 0x00, 0xff, 0x50, 0x24, 0x00, 0xff,
    0x50, 0x20, 0x08, 0xff, 0x48, 0x24, 0x00, 0xff, 0x48, 0x24, 0x08, 0xff,
    0x48, 0x24, 0x08, 0xff, 0x48, 0x20, 0x00, 0xff, 0x48, 0x20, 0x00, 0xff,
    0x48, 0x24, 0x00, 0xff, 0x50, 0x24, 0x00, 0xff, 0x48, 0x24, 0x00, 0xff,
    0x48, 0x24, 0x00, 0xff, 0x48, 0x24, 0x08, 0xff, 0x50, 0x24, 0x00, 0xff,
    0x50, 0x24, 0x00, 0xff, 0x48, 0x24, 0x00, 0xff, 0x50, 0x20, 0x00, 0xff,
    0x48, 0x24, 0x08, 0xff, 0x48, 0x24, 0x00, 0xff, 0x48, 0x24, 0x08, 0xff,
    0x48, 0x24, 0x00, 0xff, 0x48, 0x20, 0x00, 0xff, 0x48, 0x24, 0x00, 0xff,
    0x48, 0x24, 0x00, 0xff, 0x48, 0x24, 0x00, 0xff, 0x50, 0x24, 0x08, 0xff,
    0x48, 0x24, 0x00, 0xff, 0x48, 0x24, 0x08, 0xff, 0x50, 0x20, 0x00, 0xff,
    0x50, 0x24, 0x08, 0xff, 0x48, 0x24, 0x08, 0xff, 0x48, 0x20, 0x00, 0xff,
    0x50, 0x24, 0x00, 0xff, 0x48, 0x24, 0x08, 0xff, 0x50, 0x24, 0x00, 0xff,
    0x50, 0x20, 0x00, 0xff, 0x50, 0x24, 0x00, 0xff, 0x48, 0x20, 0x08, 0xff,
    0x48, 0x24, 0x00, 0xff, 0x48, 0x24, 0x08, 0xff, 0x50, 0x24, 0x08, 0xff,
    0x48, 0x24, 0x00, 0xff, 0x48, 0x20, 0x00, 0xff, 0x48, 0x20, 0x00, 0xff,
    0x50, 0x24, 0x08, 0xff, 0x48, 0x24, 0x00, 0xff, 0x48, 0x24, 0x00, 0xff,
    0x50, 0x20, 0x08, 0xff, 0x50, 0x24, 0x08, 0xff, 0x48, 0x24, 0x08, 0xff,
    0x48, 0x24, 0x00, 0xff, 0x50, 0x24, 0x08, 0xff, 0x50, 0x20, 0x00, 0xff,
    0x48, 0x24, 0x00, 0xff, 0x48, 0x24, 0x00, 0xff, 0x50, 0x24, 0x08, 0xff,
    0x50, 0x24, 0x00, 0xff, 0x48, 0x20, 0x00, 0xff, 0x48, 0x24, 0x00, 0xff,
    0x48, 0x24, 0x00, 0xff, 0x48, 0x20, 0x08, 0xff, 0x48, 0x24, 0x08, 0xff,
    0x48, 0x24, 0x00, 0xff, 0x48, 0x24, 0x00, 0xff, 0x48, 0x24, 0x08, 0xff,
    0x48, 0x24, 0x08, 0xff, 0x48, 0x24, 0x08, 0xff, 0x48, 0x24, 0x00, 0xff,
    0x48, 0x24, 0x00, 0xff, 0x50, 0x24, 0x00, 0xff, 0x50, 0x20, 0x00, 0xff,
    0x48, 0x24, 0x00, 0xff, 0x48, 0x24, 0x00, 0xff, 0x48, 0x20, 0x08, 0xff,
    0x48, 0x24, 0x00, 0xff, 0x48, 0x24, 0x08, 0xff, 0x48, 0x24, 0x00, 0xff,
    0x48, 0x24, 0x00, 0xff, 0x50, 0x20, 0x08, 0xff, 0x48, 0x24, 0x00, 0xff,
    0x50, 0x24, 0x00, 0xff, 0x48, 0x24, 0x00, 0xff, 0x48, 0x24, 0x08, 0xff,
    0x50, 0x20, 0x08, 0xff, 0x50, 0x20, 0x00, 0xff, 0x48, 0x24, 0x00, 0xff,
    0x48, 0x20, 0x00, 0xff, 0x48, 0x24, 0x08, 0xff, 0x50, 0x24, 0x08, 0xff,
    0x48, 0x20, 0x00, 0xff, 0x48, 0x24, 0x08, 0xff, 0x48, 0x24, 0x00, 0xff,
    0x50, 0x20, 0x00, 0xff, 0x48, 0x24, 0x08, 0xff, 0x48, 0x24, 0x00, 0xff,
    0x48, 0x24, 0x00, 0xff, 0x48, 0x24, 0x00, 0xff, 0x50, 0x24, 0x08, 0xff,
    0x50, 0x24, 0x00, 0xff, 0x48, 0x24, 0x00, 0xff, 0x48, 0x24, 0x00, 0xff,
    0x48, 0x20, 0x00, 0xff, 0x48, 0x24, 0x00, 0xff, 0x50, 0x24, 0x00, 0xff,
    0x48, 0x24, 0x00, 0xff, 0x48, 0x24, 0x00, 0xff, 0x50, 0x24, 0x08, 0xff,
    0x48, 0x24, 0x08, 0xff, 0x48, 0x20, 0x00, 0xff, 0x50, 0x24, 0x00, 0xff,
    0x50, 0x24, 0x08, 0xff, 0x48, 0x20, 0x08, 0xff, 0x50, 0x24, 0x08, 0xff,
    0x48, 0x24, 0x00, 0xff, 0x50, 0x24, 0x08, 0xff, 0x50, 0x24, 0x00, 0xff,
    0x48, 0x20, 0x00, 0xff, 0x48, 0x24, 0x00, 0xff, 0x50, 0x24, 0x08, 0xff,
    0x48, 0x24, 0x00, 0xff, 0x48, 0x24, 0x08, 0xff, 0x50, 0x20, 0x00, 0xff,
    0x50, 0x24, 0x00, 0xff, 0x50, 0x24, 0x08, 0xff, 0x48, 0x24, 0x00, 0xff,
    0x48, 0x24, 0x00, 0xff, 0x48, 0x24, 0x00, 0xff, 0x48, 0x24, 0x08, 0xff,
    0x50, 0x24, 0x00, 0xff, 0x50, 0x20, 0x00, 0xff, 0x48, 0x24, 0x08, 0xff,
    0x48, 0x24, 0x08, 0xff, 0x50, 0x20, 0x00, 0xff, 0x48, 0x20, 0x00, 0xff,
    0x48, 0x24, 0x08, 0xff, 0x48, 0x24, 0x00, 0xff, 0x50, 0x20, 0x08, 0xff,
    0x50, 0x24, 0x08, 0xff, 0x48, 0x24, 0x08, 0xff, 0x48, 0x24, 0x00, 0xff,
    0x48, 0x24, 0x00, 0xff, 0x48, 0x24, 0x08, 0xff, 0x50, 0x24, 0x00, 0xff,
    0x50, 0x20, 0x08, 0xff, 0x50, 0x24, 0x08, 0xff, 0x48, 0x24, 0x08, 0xff,
    0x48, 0x24, 0x00, 0xff, 0x50, 0x20, 0x00, 0xff, 0x48, 0x24, 0x08, 0xff,
    0x48, 0x24, 0x00, 0xff, 0x48, 0x24, 0x08, 0xff, 0x48, 0x24, 0x00, 0xff,
    0x50, 0x24, 0x00, 0xff, 0x50, 0x20, 0x08, 0xff, 0x48, 0x24, 0x00, 0xff,
    0x48, 0x24, 0x00, 0xff, 0x50, 0x24, 0x08, 0xff, 0x50, 0x24, 0x00, 0xff,
    0x50, 0x20, 0x00, 0xff, 0x48, 0x24, 0x00, 0xff, 0x48, 0x24, 0x08, 0xff,
    0x50, 0x20, 0x08, 0xff, 0x48, 0x24, 0x08, 0xff, 0x48, 0x20, 0x00, 0xff,
    0x50, 0x24, 0x00, 0xff, 0x48, 0x24, 0x00, 0xff, 0x48, 0x24, 0x08, 0xff,
    0x48, 0x24, 0x08, 0xff, 0x48, 0x20, 0x00, 0xff, 0x48, 0x24, 0x00, 0xff,
    0x50, 0x24, 0x00, 0xff, 0x50, 0x20, 0x08, 0xff, 0x48, 0x20, 0x00, 0xff,
    0x48, 0x24, 0x00, 0xff, 0x48, 0x24, 0x00, 0xff, 0x50, 0x20, 0x08, 0xff,
    0x50, 0x24, 0x00, 0xff, 0x50, 0x20, 0x08, 0xff, 0x48, 0x24, 0x00, 0xff,
    0x50, 0x24, 0x00, 0xff, 0x50, 0x20, 0x00, 0xff, 0x48, 0x24, 0x08, 0xff,
    0x48, 0x24, 0x00, 0xff, 0x50, 0x20, 0x08, 0xff, 0x48, 0x24, 0x08, 0xff,
    0x48, 0x24, 0x08, 0xff, 0x50, 0x24, 0x00, 0xff, 0x48, 0x20, 0x00, 0xff,
    0x48, 0x24, 0x08, 0xff, 0x48, 0x24, 0x08, 0xff, 0x50, 0x24, 0x00, 0xff,
    0x48, 0x20, 0x08, 0xff, 0x50, 0x24, 0x00, 0xff, 0x48, 0x24, 0x00, 0xff,
    0x48, 0x20, 0x08, 0xff, 0x48, 0x24, 0x08, 0xff, 0x48, 0x24, 0x08, 0xff,
    0x48, 0x20, 0x00, 0xff, 0x50, 0x20, 0x00, 0xff, 0x48, 0x24, 0x08, 0xff,
    0x48, 0x24, 0x08, 0xff, 0x50, 0x24, 0x00, 0xff, 0x48, 0x20, 0x00, 0xff,
    0x48, 0x24, 0x00, 0xff, 0x48, 0x20, 0x08, 0xff, 0x48, 0x24, 0x08, 0xff,
    0x50, 0x24, 0x08, 0xff, 0x48, 0x24, 0x00, 0xff, 0x48, 0x20, 0x00, 0xff,
    0x50, 0x24, 0x08, 0xff, 0x48, 0x20, 0x08, 0xff, 0x48, 0x24, 0x08, 0xff,
    0x50, 0x24, 0x00, 0xff, 0x48, 0x20, 0x00, 0xff, 0x48, 0x24, 0x00, 0xff,
    0x50, 0x24, 0x08, 0xff, 0x48, 0x20, 0x08, 0xff, 0x50, 0x20, 0x00, 0xff,
    0x50, 0x24, 0x00, 0xff, 0x50, 0x24, 0x00, 0xff, 0x50, 0x24, 0x00, 0xff,
    0x48, 0x20, 0x00, 0xff, 0x48, 0x24, 0x08, 0xff, 0x48, 0x24, 0x08, 0xff,
    0x50, 0x24, 0x00, 0xff, 0x48, 0x20, 0x00, 0xff, 0x50, 0x24, 0x00, 0xff,
    0x50, 0x24, 0x08, 0xff, 0x48, 0x24, 0x00, 0xff, 0x48, 0x20, 0x08, 0xff,
    0x48, 0x24, 0x08, 0xff, 0x48, 0x24, 0x00, 0xff, 0x48, 0x24, 0x00, 0xff,
    0x48, 0x24, 0x08, 0xff, 0x50, 0x20, 0x00, 0xff, 0x50, 0x24, 0x00, 0xff,
    0x48, 0x24, 0x00, 0xff, 0x48, 0x24, 0x00, 0xff, 0x48, 0x24, 0x00, 0xff,
    0x48, 0x24, 0x08, 0xff, 0x50, 0x20, 0x00, 0xff, 0x48, 0x24, 0x00, 0xff,
    0x50, 0x24, 0x00, 0xff, 0x48, 0x24, 0x00, 0xff, 0x48, 0x24, 0x08, 0xff,
    0x48, 0x24, 0x08, 0xff, 0x48, 0x24, 0x00, 0xff, 0x50, 0x24, 0x00, 0xff,
    0x50, 0x20, 0x08, 0xff, 0x48, 0x20, 0x08, 0xff, 0x48, 0x24, 0x00, 0xff,
    0x50, 0x24, 0x00, 0xff, 0x48, 0x24, 0x08, 0xff, 0x50, 0x20, 0x08, 0xff,
    0x50, 0x24, 0x00, 0xff, 0x48, 0x24, 0x08, 0xff, 0x48, 0x24, 0x08, 0xff,
    0x48, 0x24, 0x08, 0xff, 0x48, 0x20, 0x00, 0xff, 0x48, 0x24, 0x00, 0xff,
    0x50, 0x24, 0x00, 0xff, 0x50, 0x24, 0x00, 0xff, 0x48, 0x20, 0x00, 0xff,
    0x48, 0x24, 0x00, 0xff, 0x48, 0x24, 0x00, 0xff, 0x48, 0x20, 0x00, 0xff,
    0x50, 0x24, 0x00, 0xff, 0x48, 0x24, 0x00, 0xff, 0x48, 0x24, 0x08, 0xff,
    0x50, 0x24, 0x08, 0xff, 0x48, 0x24, 0x00, 0xff, 0x48, 0x24, 0x00, 0xff,
    0x50, 0x24, 0x08, 0xff, 0x50, 0x24, 0x00, 0xff, 0x48, 0x24, 0x08, 0xff,
    0x48, 0x20, 0x08, 0xff, 0x48, 0x24, 0x08, 0xff, 0x48, 0x24, 0x00, 0xff,
    0x48, 0x24, 0x00, 0xff, 0x50, 0x20, 0x08, 0xff, 0x48, 0x20, 0x00, 0xff,
    0x48, 0x24, 0x00, 0xff, 0x48, 0x20, 0x08, 0xff, 0x50, 0x24, 0x00, 0xff,
    0x48, 0x24, 0x00, 0xff, 0x48, 0x24, 0x08, 0xff, 0x48, 0x24, 0x00, 0xff,
    0x48, 0x24, 0x00, 0xff, 0x50, 0x20, 0x08, 0xff, 0x48, 0x24, 0x00, 0xff,
    0x48, 0x24, 0x00, 0xff, 0x50, 0x20, 0x00, 0xff, 0x50, 0x24, 0x08, 0xff,
    0x50, 0x24, 0x00, 0xff, 0x50, 0x24, 0x00, 0xff, 0x48, 0x20, 0x08, 0xff,
    0x48, 0x24, 0x00, 0xff, 0x48, 0x24, 0x00, 0xff, 0x50, 0x24, 0x00, 0xff,
    0x50, 0x20, 0x00, 0xff, 0x48, 0x24, 0x08, 0xff, 0x48, 0x24, 0x08, 0xff,
    0x50, 0x24, 0x00, 0xff, 0x50, 0x20, 0x08, 0xff, 0x48, 0x24, 0x00, 0xff,
    0x48, 0x24, 0x00, 0xff, 0x48, 0x24, 0x00, 0xff, 0x48, 0x24, 0x08, 0xff,
    0x48, 0x24, 0x08, 0xff, 0x48, 0x20, 0x00, 0xff, 0x48, 0x24, 0x00, 0xff,
    0x48, 0x24, 0x00, 0xff, 0x50, 0x24, 0x08, 0xff, 0x50, 0x24, 0x00, 0xff,
    0x48, 0x24, 0x00, 0xff, 0x48, 0x24, 0x00, 0xff, 0x50, 0x24, 0x08, 0xff,
    0x48, 0x24, 0x08, 0xff, 0x50, 0x20, 0x08, 0xff, 0x48, 0x20, 0x00, 0xff,
    0x50, 0x24, 0x00, 0xff, 0x50, 0x24, 0x08, 0xff, 0x48, 0x24, 0x08, 0xff,
    0x48, 0x24, 0x08, 0xff, 0x50, 0x24, 0x00, 0xff, 0x50, 0x24, 0x00, 0xff,
    0x50, 0x20, 0x08, 0xff, 0x50, 0x24, 0x08, 0xff, 0x48, 0x24, 0x00, 0xff,
    0x48, 0x24, 0x08, 0xff, 0x48, 0x24, 0x00, 0xff, 0x48, 0x24, 0x08, 0xff,
    0x48, 0x24, 0x08, 0xff, 0x50, 0x20, 0x00, 0xff, 0x48, 0x24, 0x00, 0xff,
    0x48, 0x24, 0x00, 0xff, 0x48, 0x24, 0x00, 0xff, 0x50, 0x24, 0x00, 0xff,
    0x48, 0x24, 0x00, 0xff, 0x48, 0x20, 0x00, 0xff, 0x50, 0x24, 0x08, 0xff,
    0x48, 0x24, 0x00, 0xff, 0x48, 0x24, 0x00, 0xff, 0x48, 0x24, 0x08, 0xff,
    0x50, 0x24, 0x00, 0xff, 0x48, 0x20, 0x00, 0xff, 0x48, 0x24, 0x00, 0xff,
    0x50, 0x24, 0x00, 0xff, 0x50, 0x24, 0x00, 0xff, 0x50, 0x24, 0x00, 0xff,
    0x48, 0x24, 0x00, 0xff, 0x48, 0x24, 0x08, 0xff, 0x50, 0x24, 0x00, 0xff,
    0x48, 0x24, 0x00, 0xff, 0x48, 0x20, 0x00, 0xff, 0x48, 0x24, 0x00, 0xff,
    0x48, 0x24, 0x00, 0xff, 0x50, 0x24, 0x00, 0xff, 0x48, 0x24, 0x00, 0xff,
    0x48, 0x24, 0x00, 0xff, 0x50, 0x20, 0x08, 0xff, 0x48, 0x24, 0x00, 0xff,
    0x48, 0x24, 0x00, 0xff, 0x48, 0x24, 0x00, 0xff, 0x50, 0x24, 0x00, 0xff,
    0x50, 0x24, 0x08, 0xff, 0x50, 0x24, 0x08, 0xff, 0x50, 0x24, 0x00, 0xff,
    0x48, 0x24, 0x00, 0xff, 0x50, 0x24, 0x00, 0xff, 0x48, 0x24, 0x00, 0xff,
    0x48, 0x24, 0x00, 0xff, 0x48, 0x20, 0x08, 0xff, 0x48, 0x20, 0x08, 0xff,
    0x50, 0x24, 0x08, 0xff, 0x48, 0x24, 0x00, 0xff, 0x48, 0x24, 0x00, 0xff,
    0x48, 0x20, 0x08, 0xff, 0x50, 0x24, 0x08, 0xff, 0x48, 0x24, 0x08, 0xff,
    0x50, 0x24, 0x00, 0xff, 0x50, 0x20, 0x00, 0xff, 0x50, 0x24, 0x00, 0xff,
    0x50, 0x24, 0x00, 0xff, 0x50, 0x24, 0x00, 0xff, 0x50, 0x24, 0x08, 0xff,
    0x48, 0x20, 0x00, 0xff, 0x48, 0x24, 0x08, 0xff, 0x50, 0x20, 0x08, 0xff,
    0x48, 0x24, 0x00, 0xff, 0x48, 0x24, 0x08, 0xff, 0x50, 0x24, 0x08, 0xff,
    0x50, 0x24, 0x00, 0xff, 0x48, 0x24, 0x00, 0xff, 0x48, 0x20, 0x08, 0xff,
    0x48, 0x24, 0x00, 0xff, 0x50, 0x24, 0x08, 0xff, 0x50, 0x20, 0x00, 0xff,
    0x50, 0x24, 0x00, 0xff, 0x50, 0x24, 0x00, 0xff, 0x48, 0x20, 0x08, 0xff,
    0x48, 0x24, 0x00, 0xff, 0x50, 0x24, 0x00, 0xff, 0x48, 0x20, 0x08, 0xff,
    0x48, 0x20, 0x08, 0xff, 0x50, 0x24, 0x00, 0xff, 0x48, 0x24, 0x00, 0xff,
    0x48, 0x24, 0x08, 0xff, 0x50, 0x24, 0x00, 0xff, 0x48, 0x20, 0x00, 0xff,
    0x50, 0x20, 0x00, 0xff, 0x50, 0x24, 0x08, 0xff, 0x50, 0x24, 0x00, 0xff,
    0x48, 0x24, 0x00, 0xff, 0x48, 0x20, 0x08, 0xff, 0x48, 0x24, 0x08, 0xff,
    0x48, 0x24, 0x08, 0xff, 0x50, 0x24, 0x00, 0xff, 0x50, 0x24, 0x00, 0xff,
    0x48, 0x20, 0x08, 0xff, 0x48, 0x20, 0x08, 0xff, 0x50, 0x24, 0x00, 0xff,
    0x48, 0x24, 0x00, 0xff, 0x50, 0x24, 0x08, 0xff, 0x50, 0x20, 0x00, 0xff,
    0x48, 0x20, 0x00, 0xff, 0x48, 0x24, 0x00, 0xff, 0x48, 0x24, 0x00, 0xff,
    0x48, 0x24, 0x00, 0xff, 0x50, 0x20, 0x00, 0xff, 0x50, 0x24, 0x00, 0xff,
    0x50, 0x20, 0x08, 0xff, 0x48, 0x24, 0x08, 0xff, 0x50, 0x24, 0x00, 0xff,
    0x50, 0x24, 0x08, 0xff, 0x48, 0x24, 0x00, 0xff, 0x48, 0x24, 0x00, 0xff,
    0x50, 0x24, 0x00, 0xff, 0x48, 0x20, 0x00, 0xff, 0x50, 0x24, 0x08, 0xff,
    0x50, 0x24, 0x00, 0xff, 0x48, 0x24, 0x00, 0xff, 0x48, 0x24, 0x00, 0xff,
    0x48, 0x24, 0x00, 0xff, 0x48, 0x24, 0x08, 0xff, 0x48, 0x20, 0x00, 0xff,
    0x48, 0x24, 0x08, 0xff, 0x48, 0x20, 0x00, 0xff, 0x48, 0x24, 0x00, 0xff,
    0x50, 0x24, 0x00, 0xff, 0x48, 0x24, 0x00, 0xff, 0x48, 0x20, 0x08, 0xff,
    0x48, 0x24, 0x00, 0xff, 0x50, 0x24, 0x00, 0xff, 0x50, 0x24, 0x00, 0xff,
    0x48, 0x20, 0x00, 0xff, 0x48, 0x24, 0x00, 0xff, 0x50, 0x24, 0x08, 0xff,
    0x48, 0x20, 0x08, 0xff, 0x48, 0x24, 0x00, 0xff, 0x50, 0x24, 0x00, 0xff,
    0x50, 0x20, 0x00, 0xff, 0x50, 0x24, 0x00, 0xff, 0x48, 0x24, 0x08, 0xff,
    0x48, 0x24, 0x08, 0xff, 0x48, 0x20, 0x00, 0xff, 0x48, 0x24, 0x00, 0xff,
    0x50, 0x24, 0x08, 0xff, 0x50, 0x24, 0x00, 0xff, 0x48, 0x20, 0x00, 0xff,
    0x48, 0x24, 0x00, 0xff, 0x48, 0x24, 0x00, 0xff, 0x50, 0x24, 0x00, 0xff,
    0x48, 0x20, 0x00, 0xff, 0x48, 0x24, 0x00, 0xff, 0x50, 0x24, 0x00, 0xff,
    0x48, 0x20, 0x00, 0xff, 0x48, 0x24, 0x00, 0xff, 0x48, 0x24, 0x08, 0xff,
    0x48, 0x24, 0x00, 0xff, 0x48, 0x24, 0x08, 0xff, 0x48, 0x24, 0x00, 0xff,
    0x48, 0x20, 0x00, 0xff, 0x50, 0x24, 0x08, 0xff, 0x50, 0x20, 0x00, 0xff,
    0x48, 0x24, 0x00, 0xff, 0x48, 0x24, 0x08, 0xff, 0x48, 0x24, 0x08, 0xff,
    0x50, 0x20, 0x08, 0xff, 0x50, 0x24, 0x00, 0xff, 0x48, 0x24, 0x00, 0xff,
    0x50, 0x24, 0x00, 0xff, 0x48, 0x20, 0x08, 0xff, 0x48, 0x24, 0x00, 0xff,
    0x50, 0x24, 0x00, 0xff, 0x50, 0x20, 0x08, 0xff, 0x50, 0x20, 0x00, 0xff,
    0x48, 0x24, 0x00, 0xff, 0x48, 0x24, 0x08, 0xff, 0x50, 0x24, 0x08, 0xff,
    0x50, 0x24, 0x08, 0xff, 0x48, 0x20, 0x00, 0xff, 0x48, 0x24, 0x00, 0xff,
    0x50, 0x24, 0x08, 0xff, 0x50, 0x24, 0x00, 0xff, 0x48, 0x24, 0x00, 0xff,
    0x50, 0x20, 0x00, 0xff, 0x50, 0x24, 0x08, 0xff, 0x48, 0x24, 0x08, 0xff,
    0x48, 0x24, 0x00, 0xff, 0x50, 0x20, 0x08, 0xff, 0x50, 0x24, 0x00, 0xff,
    0x48, 0x24, 0x00, 0xff, 0x48, 0x20, 0x00, 0xff, 0x50, 0x24, 0x08, 0xff,
    0x50, 0x24, 0x08, 0xff, 0x50, 0x20, 0x00, 0xff, 0x48, 0x24, 0x00, 0xff,
    0x48, 0x24, 0x00, 0xff, 0x48, 0x20, 0x00, 0xff, 0x48, 0x24, 0x08, 0xff,
    0x50, 0x20, 0x00, 0xff, 0x48, 0x24, 0x00, 0xff, 0x48, 0x24, 0x08, 0xff,
    0x50, 0x24, 0x08, 0xff, 0x48, 0x24, 0x00, 0xff, 0x48, 0x24, 0x00, 0xff,
    0x48, 0x24, 0x00, 0xff, 0x50, 0x24, 0x00, 0xff, 0x50, 0x20, 0x00, 0xff,
    0x50, 0x24, 0x00, 0xff, 0x48, 0x24, 0x00, 0xff, 0x48, 0x24, 0x00, 0xff,
    0x48, 0x20, 0x00, 0xff, 0x48, 0x24, 0x08, 0xff, 0x48, 0x24, 0x08, 0xff,
    0x48, 0x24, 0x00, 0xff, 0x48, 0x20, 0x08, 0xff, 0x48, 0x20, 0x00, 0xff,
    0x50, 0x24, 0x00, 0xff, 0x48, 0x24, 0x00, 0xff, 0x48, 0x24, 0x08, 0xff,
    0x48, 0x20, 0x00, 0xff, 0x50, 0x24, 0x00, 0xff, 0x48, 0x20, 0x08, 0xff,
    0x48, 0x20, 0x00, 0xff, 0x50, 0x24, 0x08, 0xff, 0x50, 0x24, 0x00, 0xff,
    0x48, 0x20, 0x08, 0xff, 0x48, 0x24, 0x00, 0xff, 0x48, 0x24, 0x08, 0xff,
    0x48, 0x20, 0x00, 0xff, 0x48, 0x24, 0x00, 0xff, 0x48, 0x24, 0x00, 0xff,
    0x48, 0x24, 0x08, 0xff, 0x48, 0x24, 0x00, 0xff, 0x50, 0x24, 0x00, 0xff,
    0x50, 0x24, 0x00, 0xff, 0x48, 0x24, 0x00, 0xff, 0x48, 0x24, 0x08, 0xff,
    0x48, 0x20, 0x00, 0xff, 0x48, 0x24, 0x00, 0xff, 0x50, 0x24, 0x00, 0xff,
    0x48, 0x24, 0x08, 0xff, 0x48, 0x24, 0x00, 0xff, 0x48, 0x24, 0x08, 0xff,
    0x48, 0x20, 0x08, 0xff, 0x48, 0x24, 0x00, 0xff, 0x50, 0x24, 0x00, 0xff,
    0x50, 0x24, 0x00, 0xff, 0x48, 0x20, 0x08, 0xff, 0x48, 0x24, 0x08, 0xff,
    0x48, 0x24, 0x00, 0xff, 0x50, 0x24, 0x00, 0xff, 0x48, 0x24, 0x00, 0xff,
    0x48, 0x20, 0x00, 0xff, 0x48, 0x24, 0x00, 0xff, 0x48, 0x24, 0x08, 0xff,
    0x48, 0x24, 0x08, 0xff, 0x48, 0x20, 0x08, 0xff, 0x50, 0x24, 0x00, 0xff,
    0x50, 0x24, 0x00, 0xff, 0x48, 0x24, 0x08, 0xff, 0x48, 0x20, 0x00, 0xff,
    0x48, 0x24, 0x00, 0xff, 0x50, 0x24, 0x00, 0xff, 0x48, 0x24, 0x00, 0xff,
    0x48, 0x24, 0x00, 0xff, 0x50, 0x24, 0x08, 0xff, 0x48, 0x24, 0x08, 0xff,
    0x48, 0x20, 0x08, 0xff, 0x50, 0x20, 0x08, 0xff, 0x48, 0x24, 0x00, 0xff,
    0x48, 0x24, 0x08, 0xff, 0x50, 0x20, 0x00, 0xff, 0x50, 0x24, 0x08, 0xff,
    0x50, 0x24, 0x08, 0xff, 0x48, 0x20, 0x00, 0xff, 0x50, 0x24, 0x00, 0xff,
    0x48, 0x24, 0x00, 0xff, 0x48, 0x24, 0x08, 0xff, 0x50, 0x24, 0x08, 0xff,
    0x48, 0x24, 0x08, 0xff, 0x50, 0x20, 0x08, 0xff, 0x48, 0x24, 0x00, 0xff,
    0x50, 0x24, 0x08, 0xff, 0x48, 0x24, 0x08, 0xff, 0x48, 0x20, 0x00, 0xff,
    0x48, 0x24, 0x00, 0xff, 0x50, 0x24, 0x08, 0xff, 0x48, 0x24, 0x00, 0xff,
    0x50, 0x24, 0x00, 0xff, 0x50, 0x20, 0x08, 0xff, 0x48, 0x24, 0x00, 0xff,
    0x48, 0x24, 0x08, 0xff, 0x48, 0x24, 0x08, 0xff, 0x50, 0x24, 0x00, 0xff,
    0x50, 0x20, 0x00, 0xff, 0x48, 0x24, 0x08, 0xff, 0x50, 0x24, 0x08, 0xff,
    0x48, 0x20, 0x00, 0xff, 0x48, 0x20, 0x08, 0xff, 0x48, 0x24, 0x00, 0xff,
    0x50, 0x24, 0x08, 0xff, 0x48, 0x24, 0x00, 0xff, 0x48, 0x24, 0x08, 0xff,
    0x50, 0x24, 0x08, 0xff, 0x48, 0x20, 0x08, 0xff, 0x48, 0x24, 0x00, 0xff,
    0x50, 0x24, 0x00, 0xff, 0x48, 0x20, 0x08, 0xff, 0x48, 0x24, 0x00, 0xff,
    0x48, 0x24, 0x00, 0xff, 0x50, 0x24, 0x00, 0xff, 0x50, 0x20, 0x08, 0xff,
    0x50, 0x24, 0x00, 0xff, 0x48, 0x24, 0x00, 0xff, 0x48, 0x24, 0x00, 0xff,
    0x50, 0x20, 0x00, 0xff, 0x48, 0x24, 0x00, 0xff, 0x50, 0x24, 0x00, 0xff,
    0x50, 0x24, 0x00, 0xff, 0x48, 0x20, 0x08, 0xff, 0x48, 0x24, 0x08, 0xff,
    0x48, 0x20, 0x08, 0xff, 0x50, 0x24, 0x00, 0xff, 0x50, 0x24, 0x08, 0xff,
    0x48, 0x24, 0x08, 0xff, 0x48, 0x24, 0x00, 0xff, 0x48, 0x24, 0x00, 0xff,
    0x48, 0x24, 0x08, 0xff, 0x50, 0x24, 0x00, 0xff, 0x48, 0x24, 0x00, 0xff,
    0x48, 0x20, 0x00, 0xff, 0x48, 0x24, 0x08, 0xff, 0x48, 0x24, 0x08, 0xff,
    0x48, 0x20, 0x00, 0xff, 0x48, 0x20, 0x08, 0xff, 0x48, 0x24, 0x08, 0xff,
    0x48, 0x24, 0x08, 0xff, 0x48, 0x24, 0x00, 0xff, 0x50, 0x24, 0x00, 0xff,
    0x48, 0x24, 0x00, 0xff, 0x48, 0x24, 0x08, 0xff, 0x48, 0x20, 0x08, 0xff,
    0x50, 0x24, 0x08, 0xff, 0x48, 0x24, 0x00, 0xff, 0x48, 0x24, 0x00, 0xff,
    0x48, 0x24, 0x08, 0xff, 0x48, 0x20, 0x00, 0xff, 0x48, 0x24, 0x08, 0xff,
    0x48, 0x24, 0x08, 0xff, 0x48, 0x20, 0x00, 0xff, 0x48, 0x24, 0x00, 0xff,
    0x48, 0x24, 0x08, 0xff, 0x48, 0x20, 0x08, 0xff, 0x50, 0x24, 0x00, 0xff,
    0x48, 0x20, 0x00, 0xff, 0x50, 0x24, 0x00, 0xff, 0x50, 0x24, 0x00, 0xff,
    0x48, 0x24, 0x08, 0xff, 0x48, 0x20, 0x08, 0xff, 0x48, 0x24, 0x08, 0xff,
    0x48, 0x24, 0x08, 0xff, 0x48, 0x24, 0x00, 0xff, 0x50, 0x20, 0x00, 0xff,
    0x48, 0x24, 0x08, 0xff, 0x48, 0x24, 0x00, 0xff, 0x48, 0x24, 0x00, 0xff,
    0x50, 0x20, 0x08, 0xff, 0x48, 0x24, 0x00, 0xff, 0x48, 0x24, 0x08, 0xff,
    0x48, 0x24, 0x08, 0xff, 0x50, 0x24, 0x00, 0xff, 0x48, 0x24, 0x00, 0xff,
    0x50, 0x24, 0x08, 0xff, 0x50, 0x24, 0x00, 0xff, 0x48, 0x24, 0x00, 0xff,
    0x48, 0x24, 0x00, 0xff, 0x48, 0x24, 0x00, 0xff, 0x48, 0x24, 0x08, 0xff,
    0x50, 0x24, 0x00, 0xff, 0x50, 0x20, 0x00, 0xff, 0x48, 0x24, 0x00, 0xff,
    0x48, 0x24, 0x08, 0xff, 0x48, 0x24, 0x08, 0xff, 0x50, 0x20, 0x08, 0xff,
    0x50, 0x24, 0x00, 0xff, 0x50, 0x24, 0x08, 0xff, 0x48, 0x24, 0x00, 0xff,
    0x48, 0x24, 0x00, 0xff, 0x48, 0x20, 0x08, 0xff, 0x50, 0x24, 0x00, 0xff,
    0x50, 0x24, 0x00, 0xff, 0x48, 0x20, 0x08, 0xff, 0x48, 0x24, 0x08, 0xff,
    0x50, 0x24, 0x00, 0xff, 0x48, 0x20, 0x00, 0xff, 0x48, 0x24, 0x00, 0xff,
    0x50, 0x24, 0x08, 0xff, 0x50, 0x24, 0x00, 0xff, 0x48, 0x24, 0x00, 0xff,
    0x48, 0x24, 0x08, 0xff, 0x50, 0x20, 0x00, 0xff, 0x48, 0x24, 0x00, 0xff,
    0x50, 0x24, 0x00, 0xff, 0x48, 0x24, 0x08, 0xff, 0x50, 0x20, 0x08, 0xff,
    0x50, 0x24, 0x08, 0xff, 0x48, 0x20, 0x00, 0xff, 0x48, 0x24, 0x00, 0xff,
    0x50, 0x24, 0x00, 0xff, 0x50, 0x24, 0x00, 0xff, 0x48, 0x20, 0x08, 0xff,
    0x48, 0x24, 0x08, 0xff, 0x48, 0x24, 0x00, 0xff, 0x48, 0x24, 0x08, 0xff,
    0x50, 0x24, 0x08, 0xff, 0x48, 0x24, 0x00, 0xff, 0x48, 0x24, 0x00, 0xff,
    0x48, 0x20, 0x08, 0xff, 0x48, 0x20, 0x00, 0xff, 0x50, 0x24, 0x00, 0xff,
    0x50, 0x24, 0x00, 0xff, 0x48, 0x24, 0x00, 0xff, 0x48, 0x24, 0x00, 0xff,
    0x50, 0x20, 0x00, 0xff, 0x48, 0x24, 0x08, 0xff, 0x48, 0x20, 0x00, 0xff,
    0x48, 0x24, 0x00, 0xff, 0x50, 0x24, 0x08, 0xff, 0x48, 0x24, 0x08, 0xff,
    0x50, 0x20, 0x00, 0xff, 0x50, 0x24, 0x00, 0xff, 0x48, 0x24, 0x00, 0xff,
    0x48, 0x20, 0x00, 0xff, 0x48, 0x24, 0x00, 0xff, 0x50, 0x24, 0x08, 0xff,
    0x48, 0x24, 0x00, 0xff, 0x48, 0x20, 0x00, 0xff, 0x48, 0x24, 0x08, 0xff,
    0x50, 0x24, 0x08, 0xff, 0x48, 0x20, 0x08, 0xff, 0x48, 0x20, 0x00, 0xff,
    0x48, 0x24, 0x00, 0xff, 0x48, 0x24, 0x00, 0xff, 0x50, 0x20, 0x08, 0xff,
    0x48, 0x24, 0x00, 0xff, 0x48, 0x24, 0x00, 0xff, 0x48, 0x20, 0x00, 0xff,
    0x48, 0x24, 0x08, 0xff, 0x50, 0x24, 0x00, 0xff, 0x48, 0x24, 0x00, 0xff,
    0x48, 0x24, 0x00, 0xff, 0x48, 0x24, 0x00, 0xff, 0x50, 0x24, 0x08, 0xff,
    0x50, 0x20, 0x00, 0xff, 0x50, 0x20, 0x08, 0xff, 0x48, 0x24, 0x00, 0xff,
    0x48, 0x24, 0x00, 0xff, 0x50, 0x24, 0x00, 0xff, 0x48, 0x24, 0x08, 0xff,
    0x48, 0x20, 0x08, 0xff, 0x50, 0x24, 0x00, 0xff, 0x50, 0x24, 0x08, 0xff,
    0x50, 0x20, 0x08, 0xff, 0x48, 0x20, 0x00, 0xff, 0x48, 0x24, 0x00, 0xff,
    0x48, 0x24, 0x08, 0xff, 0x48, 0x24, 0x00, 0xff, 0x48, 0x24, 0x08, 0xff,
    0x48, 0x24, 0x08, 0xff, 0x50, 0x24, 0x08, 0xff, 0x48, 0x24, 0x00, 0xff,
    0x48, 0x20, 0x00, 0xff, 0x48, 0x24, 0x00, 0xff, 0x48, 0x24, 0x00, 0xff,
    0x50, 0x24, 0x00, 0xff, 0x48, 0x24, 0x08, 0xff, 0x48, 0x20, 0x00, 0xff,
    0x48, 0x20, 0x00, 0xff, 0x48, 0x24, 0x00, 0xff, 0x48, 0x24, 0x08, 0xff,
    0x50, 0x24, 0x00, 0xff, 0x48, 0x20, 0x08, 0xff, 0x48, 0x20, 0x00, 0xff,
    0x48, 0x24, 0x00, 0xff, 0x50, 0x24, 0x00, 0xff, 0x50, 0x24, 0x00, 0xff,
    0x48, 0x24, 0x00, 0xff, 0x50, 0x24, 0x00, 0xff, 0x48, 0x20, 0x00, 0xff,
    0x50, 0x24, 0x00, 0xff, 0x50, 0x24, 0x08, 0xff, 0x48, 0x24, 0x00, 0xff,
    0x48, 0x24, 0x00, 0xff, 0x50, 0x20, 0x00, 0xff, 0x48, 0x24, 0x00, 0xff,
    0x48, 0x24, 0x00, 0xff, 0x50, 0x24, 0x08, 0xff, 0x48, 0x24, 0x00, 0xff,
    0x50, 0x20, 0x00, 0xff, 0x48, 0x24, 0x00, 0xff, 0x50, 0x24, 0x00, 0xff,
    0x50, 0x24, 0x08, 0xff, 0x50, 0x24, 0x00, 0xff, 0x50, 0x24, 0x08, 0xff,
    0x50, 0x24, 0x00, 0xff, 0x48, 0x24, 0x00, 0xff, 0x48, 0x24, 0x00, 0xff,
    0x50, 0x24, 0x08, 0xff, 0x48, 0x20, 0x08, 0xff, 0x48, 0x24, 0x08, 0xff,
    0x50, 0x20, 0x00, 0xff, 0x50, 0x24, 0x00, 0xff, 0x48, 0x24, 0x00, 0xff,
    0x48, 0x24, 0x00, 0xff, 0x50, 0x20, 0x08, 0xff, 0x48, 0x24, 0x08, 0xff,
    0x50, 0x24, 0x00, 0xff, 0x50, 0x20, 0x00, 0xff, 0x50, 0x24, 0x08, 0xff,
    0x48, 0x24, 0x00, 0xff, 0x50, 0x24, 0x00, 0xff, 0x50, 0x24, 0x00, 0xff,
    0x48, 0x24, 0x00, 0xff, 0x48, 0x20, 0x08, 0xff, 0x50, 0x20, 0x00, 0xff,
    0x48, 0x24, 0x00, 0xff, 0x48, 0x20, 0x08, 0xff, 0x48, 0x24, 0x08, 0xff,
    0x50, 0x24, 0x08, 0xff, 0x50, 0x24, 0x00, 0xff, 0x48, 0x20, 0x00, 0xff,
    0x48, 0x24, 0x00, 0xff, 0x48, 0x24, 0x08, 0xff, 0x50, 0x24, 0x00, 0xff,
    0x50, 0x24, 0x00, 0xff, 0x50, 0x20, 0x08, 0xff, 0x48, 0x24, 0x00, 0xff,
    0x48, 0x24, 0x00, 0xff, 0x48, 0x20, 0x00, 0xff, 0x48, 0x20, 0x08, 0xff,
    0x48, 0x24, 0x08, 0xff, 0x50, 0x24, 0x00, 0xff, 0x48, 0x20, 0x08, 0xff,
    0x50, 0x24, 0x08, 0xff, 0x50, 0x24, 0x00, 0xff, 0x48, 0x20, 0x00, 0xff,
    0x48, 0x24, 0x08, 0xff, 0x50, 0x24, 0x00, 0xff, 0x50, 0x24, 0x00, 0xff,
    0x48, 0x20, 0x00, 0xff, 0x48, 0x24, 0x00, 0xff, 0x50, 0x24, 0x08, 0xff,
    0x48, 0x20, 0x08, 0xff, 0x48, 0x24, 0x00, 0xff, 0x50, 0x24, 0x00, 0xff,
    0x48, 0x24, 0x08, 0xff, 0x50, 0x20, 0x00, 0xff, 0x48, 0x24, 0x00, 0xff,
    0x48, 0x24, 0x00, 0xff, 0x50, 0x24, 0x08, 0xff, 0x50, 0x20, 0x08, 0xff,
    0x48, 0x24, 0x00, 0xff, 0x48, 0x24, 0x00, 0xff, 0x48, 0x24, 0x00, 0xff,
    0x50, 0x24, 0x00, 0xff, 0x50, 0x20, 0x08, 0xff, 0x50, 0x24, 0x00, 0xff,
    0x48, 0x24, 0x00, 0xff, 0x48, 0x20, 0x08, 0xff, 0x50, 0x20, 0x08, 0xff,
    0x50, 0x24, 0x08, 0xff, 0x48, 0x24, 0x00, 0xff, 0x48, 0x24, 0x00, 0xff,
    0x48, 0x24, 0x00, 0xff, 0x48, 0x24, 0x08, 0xff, 0x50, 0x24, 0x00, 0xff,
    0x48, 0x24, 0x08, 0xff, 0x48, 0x24, 0x08, 0xff, 0x48, 0x24, 0x00, 0xff,
    0x50, 0x24, 0x00, 0xff, 0x48, 0x20, 0x00, 0xff, 0x48, 0x24, 0x00, 0xff,
    0x48, 0x24, 0x08, 0xff, 0x48, 0x24, 0x08, 0xff, 0x50, 0x20, 0x00, 0xff,
    0x50, 0x24, 0x00, 0xff, 0x48, 0x24, 0x00, 0xff, 0x48, 0x24, 0x00, 0xff,
    0x50, 0x20, 0x00, 0xff, 0x48, 0x24, 0x00, 0xff, 0x50, 0x24, 0x00, 0xff,
    0x50, 0x24, 0x00, 0xff, 0x48, 0x24, 0x00, 0xff, 0x48, 0x24, 0x00, 0xff,
    0x50, 0x24, 0x08, 0xff, 0x48, 0x24, 0x08, 0xff, 0x48, 0x24, 0x00, 0xff,
    0x50, 0x24, 0x00, 0xff, 0x50, 0x20, 0x00, 0xff, 0x48, 0x24, 0x08, 0xff,
    0x50, 0x24, 0x00, 0xff, 0x48, 0x24, 0x00, 0xff, 0x48, 0x20, 0x00, 0xff,
    0x50, 0x24, 0x08, 0xff, 0x50, 0x24, 0x08, 0xff, 0x48, 0x24, 0x00, 0xff,
    0x48, 0x24, 0x00, 0xff, 0x48, 0x24, 0x00, 0xff, 0x50, 0x20, 0x00, 0xff,
    0x48, 0x24, 0x00, 0xff, 0x48, 0x24, 0x08, 0xff, 0x50, 0x24, 0x00, 0xff,
    0x50, 0x24, 0x00, 0xff, 0x48, 0x24, 0x00, 0xff, 0x48, 0x24, 0x00, 0xff,
    0x48, 0x24, 0x00, 0xff, 0x48, 0x24, 0x08, 0xff, 0x48, 0x24, 0x00, 0xff,
    0x50, 0x24, 0x00, 0xff, 0x50, 0x20, 0x08, 0xff, 0x50, 0x20, 0x00, 0xff,
    0x50, 0x24, 0x00, 0xff, 0x48, 0x24, 0x00, 0xff, 0x48, 0x20, 0x08, 0xff,
    0x50, 0x24, 0x08, 0xff, 0x48, 0x24, 0x08, 0xff, 0x50, 0x24, 0x00, 0xff,
    0x50, 0x20, 0x00, 0xff, 0x48, 0x24, 0x00, 0xff, 0x48, 0x24, 0x00, 0xff,
    0x50, 0x24, 0x00, 0xff, 0x50, 0x24, 0x08, 0xff, 0x50, 0x20, 0x00, 0xff,
    0x48, 0x24, 0x00, 0xff, 0x50, 0x24, 0x00, 0xff, 0x50, 0x24, 0x08, 0xff,
    0x50, 0x24, 0x08, 0xff, 0x48, 0x24, 0x08, 0xff, 0x48, 0x20, 0x00, 0xff,
    0x50, 0x24, 0x08, 0xff, 0x48, 0x24, 0x08, 0xff, 0x50, 0x24, 0x00, 0xff,
    0x48, 0x20, 0x00, 0xff, 0x48, 0x20, 0x00, 0xff, 0x48, 0x24, 0x08, 0xff,
    0x48, 0x24, 0x00, 0xff, 0x50, 0x24, 0x08, 0xff, 0x50, 0x24, 0x00, 0xff,
    0x48, 0x24, 0x00, 0xff, 0x48, 0x20, 0x00, 0xff, 0x50, 0x24, 0x08, 0xff,
    0x48, 0x24, 0x08, 0xff, 0x50, 0x20, 0x08, 0xff, 0x48, 0x24, 0x00, 0xff,
    0x48, 0x20, 0x00, 0xff, 0x48, 0x24, 0x00, 0xff, 0x48, 0x24, 0x00, 0xff,
    0x48, 0x20, 0x08, 0xff, 0x50, 0x24, 0x00, 0xff, 0x50, 0x24, 0x08, 0xff,
    0x48, 0x20, 0x00, 0xff, 0x48, 0x24, 0x00, 0xff, 0x48, 0x24, 0x00, 0xff,
    0x48, 0x24, 0x00, 0xff, 0x48, 0x24, 0x00, 0xff, 0x50, 0x24, 0x08, 0xff,
    0x50, 0x20, 0x00, 0xff, 0x48, 0x24, 0x00, 0xff, 0x50, 0x24, 0x00, 0xff,
    0x48, 0x24, 0x08, 0xff, 0x48, 0x24, 0x08, 0xff, 0x48, 0x24, 0x00, 0xff,
    0x48, 0x20, 0x00, 0xff, 0x48, 0x24, 0x08, 0xff, 0x50, 0x24, 0x08, 0xff,
    0x50, 0x20, 0x00, 0xff, 0x48, 0x24, 0x00, 0xff, 0x48, 0x24, 0x08, 0xff,
    0x50, 0x24, 0x00, 0xff, 0x48, 0x24, 0x00, 0xff, 0x50, 0x20, 0x00, 0xff,
    0x48, 0x24, 0x00, 0xff, 0x48, 0x24, 0x08, 0xff, 0x50, 0x20, 0x08, 0xff,
    0x48, 0x24, 0x08, 0xff, 0x50, 0x24, 0x00, 0xff, 0x48, 0x24, 0x08, 0xff,
    0x48, 0x20, 0x00, 0xff, 0x48, 0x24, 0x00, 0xff, 0x50, 0x24, 0x00, 0xff,
    0x48, 0x24, 0x00, 0xff, 0x48, 0x24, 0x08, 0xff, 0x50, 0x24, 0x00, 0xff,
    0x50, 0x20, 0x00, 0xff, 0x48, 0x24, 0x08, 0xff, 0x48, 0x24, 0x00, 0xff,
    0x48, 0x24, 0x00, 0xff, 0x48, 0x24, 0x00, 0xff, 0x48, 0x24, 0x00, 0xff,
    0x50, 0x24, 0x08, 0xff, 0x48, 0x24, 0x08, 0xff, 0x48, 0x20, 0x08, 0xff,
    0x50, 0x24, 0x08, 0xff, 0x48, 0x20, 0x00, 0xff, 0x48, 0x24, 0x00, 0xff,
    0x50, 0x24, 0x00, 0xff, 0x48, 0x24, 0x00, 0xff, 0x48, 0x24, 0x08, 0xff,
    0x48, 0x20, 0x00, 0xff, 0x48, 0x24, 0x00, 0xff, 0x48, 0x24, 0x00, 0xff,
    0x48, 0x24, 0x08, 0xff, 0x48, 0x24, 0x00, 0xff, 0x48, 0x24, 0x00, 0xff,
    0x50, 0x24, 0x08, 0xff, 0x48, 0x20, 0x08, 0xff, 0x50, 0x24, 0x00, 0xff,
    0x48, 0x24, 0x08, 0xff, 0x48, 0x24, 0x00, 0xff, 0x48, 0x20, 0x00, 0xff,
    0x50, 0x24, 0x00, 0xff, 0x48, 0x24, 0x00, 0xff, 0x48, 0x24, 0x00, 0xff,
    0x50, 0x24, 0x00, 0xff, 0x50, 0x24, 0x00, 0xff, 0x48, 0x20, 0x08, 0xff,
    0x48, 0x20, 0x08, 0xff, 0x50, 0x24, 0x00, 0xff, 0x48, 0x24, 0x08, 0xff,
    0x48, 0x20, 0x00, 0xff, 0x50, 0x24, 0x00, 0xff, 0x50, 0x24, 0x00, 0xff,
    0x48, 0x20, 0x08, 0xff, 0x48, 0x24, 0x00, 0xff, 0x50, 0x24, 0x00, 0xff,
    0x50, 0x24, 0x00, 0xff, 0x48, 0x20, 0x00, 0xff, 0x48, 0x24, 0x08, 0xff,
    0x48, 0x24, 0x08, 0xff, 0x50, 0x24, 0x08, 0xff, 0x50, 0x24, 0x08, 0xff,
    0x48, 0x20, 0x08, 0xff, 0x50, 0x24, 0x08, 0xff, 0x48, 0x24, 0x00, 0xff,
    0x48, 0x24, 0x08, 0xff, 0x50, 0x20, 0x00, 0xff, 0x50, 0x24, 0x00, 0xff,
    0x48, 0x20, 0x08, 0xff, 0x50, 0x24, 0x00, 0xff, 0x48, 0x24, 0x00, 0xff,
    0x48, 0x20, 0x08, 0xff, 0x50, 0x24, 0x08, 0xff, 0x50, 0x24, 0x00, 0xff,
    0x48, 0x24, 0x00, 0xff, 0x48, 0x20, 0x08, 0xff, 0x50, 0x24, 0x08, 0xff,
    0x48, 0x20, 0x00, 0xff, 0x48, 0x24, 0x00, 0xff, 0x48, 0x20, 0x00, 0xff,
    0x48, 0x24, 0x08, 0xff, 0x48, 0x24, 0x08, 0xff, 0x48, 0x24, 0x08, 0xff,
    0x50, 0x24, 0x08, 0xff, 0x50, 0x20, 0x00, 0xff, 0x48, 0x20, 0x00, 0xff,
    0x48, 0x24, 0x00, 0xff, 0x48, 0x24, 0x08, 0xff, 0x48, 0x20, 0x08, 0xff,
    0x50, 0x24, 0x00, 0xff, 0x50, 0x24, 0x00, 0xff, 0x50, 0x20, 0x08, 0xff,
    0x48, 0x24, 0x00, 0xff, 0x48, 0x24, 0x08, 0xff, 0x48, 0x24, 0x00, 0xff,
    0x48, 0x24, 0x00, 0xff, 0x48, 0x20, 0x00, 0xff, 0x50, 0x24, 0x00, 0xff,
    0x48, 0x24, 0x00, 0xff, 0x48, 0x24, 0x00, 0xff, 0x48, 0x24, 0x08, 0xff,
    0x48, 0x20, 0x08, 0xff, 0x48, 0x24, 0x08, 0xff, 0x50, 0x24, 0x00, 0xff,
    0x50, 0x24, 0x08, 0xff, 0x48, 0x24, 0x00, 0xff, 0x48, 0x24, 0x08, 0xff,
    0x48, 0x20, 0x08, 0xff, 0x48, 0x24, 0x00, 0xff, 0x48, 0x24, 0x00, 0xff,
    0x48, 0x20, 0x00, 0xff, 0x50, 0x24, 0x00, 0xff, 0x48, 0x24, 0x08, 0xff,
    0x48, 0x20, 0x00, 0xff, 0x50, 0x24, 0x00, 0xff, 0x48, 0x24, 0x08, 0xff,
    0x48, 0x24, 0x08, 0xff, 0x48, 0x24, 0x00, 0xff, 0x50, 0x24, 0x00, 0xff,
    0x48, 0x24, 0x00, 0xff, 0x48, 0x20, 0x08, 0xff, 0x48, 0x24, 0x08, 0xff,
    0x50, 0x24, 0x08, 0xff, 0x48, 0x20, 0x00, 0xff, 0x48, 0x24, 0x00, 0xff,
    0x50, 0x24, 0x00, 0xff, 0x48, 0x24, 0x00, 0xff, 0x48, 0x24, 0x08, 0xff,
    0x50, 0x24, 0x08, 0xff, 0x48, 0x20, 0x00, 0xff, 0x48, 0x24, 0x08, 0xff,
    0x50, 0x24, 0x00, 0xff, 0x48, 0x20, 0x08, 0xff, 0x48, 0x24, 0x00, 0xff,
    0x48, 0x24, 0x08, 0xff, 0x50, 0x24, 0x00, 0xff, 0x50, 0x20, 0x00, 0xff,
    0x50, 0x24, 0x08, 0xff, 0x48, 0x24, 0x08, 0xff, 0x48, 0x20, 0x00, 0xff,
    0x50, 0x24, 0x08, 0xff, 0x48, 0x24, 0x00, 0xff, 0x48, 0x24, 0x00, 0xff,
    0x48, 0x20, 0x00, 0xff, 0x48, 0x24, 0x00, 0xff, 0x50, 0x24, 0x00, 0xff,
    0x50, 0x24, 0x08, 0xff, 0x48, 0x20, 0x00, 0xff, 0x48, 0x24, 0x00, 0xff,
    0x48, 0x24, 0x08, 0xff, 0x50, 0x24, 0x00, 0xff, 0x48, 0x24, 0x00, 0xff,
    0x48, 0x24, 0x08, 0xff, 0x50, 0x24, 0x08, 0xff, 0x48, 0x24, 0x00, 0xff,
    0x50, 0x20, 0x00, 0xff, 0x48, 0x24, 0x00, 0xff, 0x48, 0x24, 0x00, 0xff,
    0x50, 0x24, 0x00, 0xff, 0x48, 0x24, 0x00, 0xff, 0x48, 0x20, 0x00, 0xff,
    0x48, 0x24, 0x08, 0xff, 0x50, 0x24, 0x08, 0xff, 0x48, 0x24, 0x00, 0xff,
    0x50, 0x20, 0x08, 0xff, 0x50, 0x24, 0x08, 0xff, 0x48, 0x24, 0x00, 0xff,
    0x48, 0x24, 0x00, 0xff, 0x50, 0x24, 0x00, 0xff, 0x50, 0x24, 0x00, 0xff,
    0x48, 0x24, 0x00, 0xff, 0x48, 0x20, 0x08, 0xff, 0x50, 0x24, 0x08, 0xff,
    0x48, 0x24, 0x00, 0xff, 0x48, 0x20, 0x00, 0xff, 0x48, 0x24, 0x00, 0xff,
    0x48, 0x24, 0x00, 0xff, 0x50, 0x24, 0x00, 0xff, 0x48, 0x20, 0x08, 0xff,
    0x48, 0x24, 0x08, 0xff, 0x50, 0x24, 0x00, 0xff, 0x50, 0x20, 0x00, 0xff,
    0x50, 0x24, 0x08, 0xff, 0x48, 0x24, 0x08, 0xff, 0x50, 0x24, 0x08, 0xff,
    0x50, 0x24, 0x00, 0xff, 0x50, 0x20, 0x00, 0xff, 0x48, 0x24, 0x08, 0xff,
    0x48, 0x24, 0x00, 0xff, 0x50, 0x24, 0x00, 0xff, 0x48, 0x20, 0x08, 0xff,
    0x50, 0x24, 0x00, 0xff, 0x48, 0x24, 0x00, 0xff, 0x48, 0x24, 0x08, 0xff,
    0x48, 0x20, 0x08, 0xff, 0x50, 0x24, 0x08, 0xff, 0x48, 0x24, 0x00, 0xff,
    0x48, 0x24, 0x00, 0xff, 0x48, 0x24, 0x08, 0xff, 0x50, 0x24, 0x08, 0xff,
    0x50, 0x24, 0x00, 0xff, 0x48, 0x20, 0x00, 0xff, 0x50, 0x24, 0x00, 0xff,
    0x50, 0x24, 0x00, 0xff, 0x48, 0x24, 0x00, 0xff, 0x48, 0x20, 0x08, 0xff,
    0x48, 0x24, 0x08, 0xff, 0x50, 0x24, 0x08, 0xff, 0x48, 0x24, 0x08, 0xff,
    0x48, 0x20, 0x08, 0xff, 0x50, 0x24, 0x00, 0xff, 0x48, 0x24, 0x00, 0xff,
    0x48, 0x24, 0x00, 0xff, 0x48, 0x20, 0x00, 0xff, 0x48, 0x24, 0x00, 0xff,
    0x48, 0x24, 0x00, 0xff, 0x48, 0x24, 0x00, 0xff, 0x50, 0x24, 0x08, 0xff,
    0x48, 0x20, 0x00, 0xff, 0x48, 0x24, 0x08, 0xff, 0x48, 0x24, 0x08, 0xff,
    0x50, 0x24, 0x00, 0xff, 0x48, 0x20, 0x00, 0xff, 0x50, 0x24, 0x08, 0xff,
    0x48, 0x24, 0x00, 0xff, 0x48, 0x24, 0x00, 0xff, 0x48, 0x24, 0x08, 0xff,
    0x48, 0x20, 0x08, 0xff, 0x50, 0x24, 0x00, 0xff, 0x48, 0x24, 0x00, 0xff,
    0x50, 0x24, 0x08, 0xff, 0x48, 0x24, 0x00, 0xff, 0x50, 0x24, 0x08, 0xff,
    0x50, 0x20, 0x00, 0xff, 0x50, 0x24, 0x00, 0xff, 0x50, 0x24, 0x00, 0xff,
    0x48, 0x24, 0x00, 0xff, 0x48, 0x24, 0x08, 0xff, 0x48, 0x24, 0x08, 0xff,
    0x48, 0x20, 0x08, 0xff, 0x50, 0x24, 0x00, 0xff, 0x50, 0x24, 0x00, 0xff,
    0x48, 0x20, 0x08, 0xff, 0x48, 0x24, 0x00, 0xff, 0x48, 0x24, 0x00, 0xff,
    0x50, 0x20, 0x08, 0xff, 0x48, 0x24, 0x00, 0xff, 0x48, 0x24, 0x08, 0xff,
    0x50, 0x20, 0x08, 0xff, 0x50, 0x24, 0x08, 0xff, 0x48, 0x24, 0x08, 0xff,
    0x50, 0x24, 0x00, 0xff, 0x50, 0x24, 0x00, 0xff, 0x50, 0x20, 0x00, 0xff,
    0x50, 0x24, 0x00, 0xff, 0x48, 0x24, 0x00, 0xff, 0x48, 0x24, 0x08, 0xff,
    0x48, 0x20, 0x00, 0xff, 0x48, 0x24, 0x08, 0xff, 0x48, 0x20, 0x00, 0xff,
    0x50, 0x24, 0x00, 0xff, 0x50, 0x24, 0x08, 0xff, 0x48, 0x20, 0x08, 0xff,
    0x48, 0x24, 0x00, 0xff, 0x48, 0x24, 0x00, 0xff, 0x50, 0x24, 0x00, 0xff,
    0x48, 0x24, 0x00, 0xff, 0x48, 0x20, 0x00, 0xff, 0x48, 0x24, 0x00, 0xff,
    0x50, 0x24, 0x00, 0xff, 0x50, 0x24, 0x08, 0xff, 0x48, 0x20, 0x08, 0xff,
    0x48, 0x24, 0x00, 0xff, 0x50, 0x24, 0x00, 0xff, 0x48, 0x20, 0x00, 0xff,
    0x48, 0x24, 0x00, 0xff, 0x50, 0x24, 0x08, 0xff, 0x48, 0x20, 0x00, 0xff,
    0x48, 0x24, 0x08, 0xff, 0x48, 0x24, 0x00, 0xff, 0x50, 0x24, 0x00, 0xff,
    0x48, 0x24, 0x00, 0xff, 0x50, 0x24, 0x08, 0xff, 0x50, 0x20, 0x00, 0xff,
    0x48, 0x24, 0x00, 0xff, 0x48, 0x24, 0x00, 0xff, 0x48, 0x24, 0x00, 0xff,
    0x50, 0x20, 0x00, 0xff, 0x48, 0x24, 0x08, 0xff, 0x48, 0x24, 0x08, 0xff,
    0x50, 0x24, 0x00, 0xff, 0x48, 0x20, 0x00, 0xff, 0x48, 0x24, 0x08, 0xff,
    0x48, 0x24, 0x00, 0xff, 0x48, 0x24, 0x08, 0xff, 0x48, 0x20, 0x08, 0xff,
    0x50, 0x24, 0x00, 0xff, 0x50, 0x20, 0x00, 0xff, 0x48, 0x24, 0x08, 0xff,
    0x48, 0x20, 0x00, 0xff, 0x50, 0x24, 0x00, 0xff, 0x48, 0x24, 0x00, 0xff,
    0x48, 0x24, 0x00, 0xff, 0x48, 0x20, 0x08, 0xff, 0x50, 0x24, 0x08, 0xff,
    0x50, 0x20, 0x00, 0xff, 0x48, 0x20, 0x00, 0xff, 0x48, 0x24, 0x08, 0xff,
    0x48, 0x24, 0x08, 0xff, 0x50, 0x20, 0x08, 0xff, 0x48, 0x24, 0x00, 0xff,
    0x48, 0x24, 0x00, 0xff, 0x50, 0x20, 0x08, 0xff, 0x48, 0x24, 0x08, 0xff,
    0x50, 0x24, 0x00, 0xff, 0x48, 0x24, 0x00, 0xff, 0x48, 0x20, 0x00, 0xff,
    0x48, 0x24, 0x08, 0xff, 0x50, 0x20, 0x00, 0xff, 0x48, 0x24, 0x00, 0xff,
    0x48, 0x24, 0x08, 0xff, 0x48, 0x24, 0x00, 0xff, 0x48, 0x20, 0x08, 0xff,
    0x50, 0x20, 0x08, 0xff, 0x50, 0x24, 0x00, 0xff, 0x48, 0x24, 0x00, 0xff,
    0x50, 0x20, 0x00, 0xff, 0x50, 0x24, 0x00, 0xff, 0x50, 0x24, 0x00, 0xff,
    0x50, 0x24, 0x08, 0xff, 0x48, 0x24, 0x08, 0xff, 0x50, 0x24, 0x00, 0xff,
    0x48, 0x20, 0x00, 0xff, 0x48, 0x24, 0x08, 0xff, 0x48, 0x24, 0x08, 0xff,
    0x48, 0x24, 0x00, 0xff, 0x50, 0x24, 0x00, 0xff, 0x48, 0x20, 0x00, 0xff,
    0x48, 0x20, 0x00, 0xff, 0x48, 0x24, 0x08, 0xff, 0x50, 0x20, 0x00, 0xff,
    0x48, 0x24, 0x00, 0xff, 0x48, 0x20, 0x00, 0xff, 0x48, 0x24, 0x00, 0xff,
    0x48, 0x24, 0x08, 0xff, 0x50, 0x20, 0x00, 0xff, 0x50, 0x24, 0x00, 0xff,
    0x50, 0x24, 0x00, 0xff, 0x48, 0x24, 0x00, 0xff, 0x50, 0x20, 0x08, 0xff,
    0x48, 0x20, 0x08, 0xff, 0x48, 0x24, 0x00, 0xff, 0x48, 0x24, 0x00, 0xff,
    0x48, 0x24, 0x00, 0xff, 0x50, 0x24, 0x00, 0xff, 0x48, 0x20, 0x08, 0xff,
    0x48, 0x24, 0x08, 0xff, 0x48, 0x24, 0x08, 0xff, 0x50, 0x24, 0x00, 0xff,
    0x50, 0x24, 0x00, 0xff, 0x48, 0x24, 0x00, 0xff, 0x50, 0x20, 0x00, 0xff,
    0x48, 0x24, 0x00, 0xff, 0x48, 0x24, 0x08, 0xff, 0x50, 0x24, 0x00, 0xff,
    0x50, 0x20, 0x00, 0xff, 0x48, 0x24, 0x08, 0xff, 0x50, 0x20, 0x00, 0xff,
    0x50, 0x24, 0x00, 0xff, 0x48, 0x24, 0x00, 0xff, 0x48, 0x20, 0x00, 0xff,
    0x50, 0x24, 0x00, 0xff, 0x48, 0x24, 0x00, 0xff, 0x48, 0x24, 0x08, 0xff,
    0x48, 0x24, 0x00, 0xff, 0x48, 0x24, 0x00, 0xff, 0x48, 0x20, 0x00, 0xff,
    0x50, 0x24, 0x08, 0xff, 0x48, 0x24, 0x00, 0xff, 0x48, 0x20, 0x00, 0xff,
    0x50, 0x24, 0x00, 0xff, 0x48, 0x24, 0x00, 0xff, 0x48, 0x24, 0x00, 0xff,
    0x48, 0x24, 0x08, 0xff, 0x50, 0x24, 0x00, 0xff, 0x48, 0x20, 0x00, 0xff,
    0x48, 0x24, 0x08, 0xff, 0x48, 0x24, 0x00, 0xff, 0x48, 0x20, 0x00, 0xff,
    0x48, 0x20, 0x00, 0xff, 0x48, 0x24, 0x00, 0xff, 0x50, 0x24, 0x00, 0xff,
    0x50, 0x24, 0x00, 0xff, 0x48, 0x24, 0x00, 0xff, 0x48, 0x20, 0x08, 0xff,
    0x50, 0x24, 0x00, 0xff, 0x48, 0x24, 0x08, 0xff, 0x48, 0x24, 0x00, 0xff,
    0x48, 0x24, 0x00, 0xff, 0x50, 0x24, 0x00, 0xff, 0x50, 0x20, 0x00, 0xff,
    0x48, 0x24, 0x00, 0xff, 0x48, 0x24, 0x00, 0xff, 0x48, 0x24, 0x00, 0xff,
    0x48, 0x20, 0x08, 0xff, 0x48, 0x20, 0x08, 0xff, 0x48, 0x24, 0x00, 0xff,
    0x48, 0x24, 0x08, 0xff, 0x50, 0x24, 0x00, 0xff, 0x50, 0x20, 0x00, 0xff,
    0x48, 0x24, 0x08, 0xff, 0x48, 0x24, 0x00, 0xff, 0x50, 0x24, 0x00, 0xff,
    0x48, 0x24, 0x00, 0xff, 0x48, 0x24, 0x00, 0xff, 0x50, 0x24, 0x00, 0xff,
    0x50, 0x24, 0x08, 0xff, 0x48, 0x24, 0x08, 0xff, 0x48, 0x20, 0x08, 0xff,
    0x50, 0x24, 0x08, 0xff, 0x48, 0x24, 0x08, 0xff, 0x50, 0x20, 0x08, 0xff,
    0x48, 0x24, 0x00, 0xff, 0x48, 0x20, 0x00, 0xff, 0x50, 0x24, 0x00, 0xff,
    0x48, 0x24, 0x00, 0xff, 0x50, 0x20, 0x08, 0xff, 0x50, 0x24, 0x00, 0xff,
    0x48, 0x24, 0x00, 0xff, 0x48, 0x24, 0x00, 0xff, 0x50, 0x24, 0x08, 0xff,
    0x50, 0x20, 0x00, 0xff, 0x48, 0x24, 0x08, 0xff, 0x48, 0x20, 0x00, 0xff,
    0x50, 0x20, 0x08, 0xff, 0x48, 0x24, 0x00, 0xff, 0x48, 0x24, 0x00, 0xff,
    0x50, 0x24, 0x08, 0xff, 0x48, 0x24, 0x08, 0xff, 0x50, 0x20, 0x08, 0xff,
    0x48, 0x24, 0x00, 0xff, 0x48, 0x24, 0x00, 0xff, 0x48, 0x24, 0x08, 0xff,
    0x48, 0x20, 0x00, 0xff, 0x50, 0x24, 0x00, 0xff, 0x48, 0x24, 0x00, 0xff,
    0x50, 0x24, 0x00, 0xff, 0x50, 0x20, 0x00, 0xff, 0x50, 0x24, 0x08, 0xff,
    0x48, 0x24, 0x08, 0xff, 0x48, 0x24, 0x08, 0xff, 0x50, 0x24, 0x00, 0xff,
    0x48, 0x24, 0x08, 0xff, 0x48, 0x24, 0x08, 0xff, 0x50, 0x24, 0x08, 0xff,
    0x50, 0x20, 0x08, 0xff, 0x50, 0x24, 0x00, 0xff, 0x48, 0x24, 0x00, 0xff,
    0x48, 0x24, 0x00, 0xff, 0x48, 0x24, 0x00, 0xff, 0x50, 0x24, 0x00, 0xff,
    0x48, 0x24, 0x00, 0xff, 0x48, 0x24, 0x00, 0xff, 0x50, 0x24, 0x08, 0xff,
    0x50, 0x24, 0x08, 0xff, 0x48, 0x20, 0x00, 0xff, 0x50, 0x24, 0x00, 0xff,
    0x48, 0x24, 0x00, 0xff, 0x50, 0x20, 0x08, 0xff, 0x48, 0x24, 0x08, 0xff,
    0x48, 0x24, 0x00, 0xff, 0x48, 0x24, 0x00, 0xff, 0x48, 0x24, 0x00, 0xff,
    0x50, 0x20, 0x08, 0xff, 0x50, 0x24, 0x08, 0xff, 0x48, 0x24, 0x00, 0xff,
    0x48, 0x24, 0x00, 0xff, 0x48, 0x24, 0x08, 0xff, 0x48, 0x20, 0x00, 0xff,
    0x48, 0x24, 0x08, 0xff, 0x48, 0x24, 0x08, 0xff, 0x48, 0x24, 0x08, 0xff,
    0x48, 0x20, 0x00, 0xff, 0x48, 0x20, 0x00, 0xff, 0x48, 0x24, 0x08, 0xff,
    0x50, 0x24, 0x00, 0xff, 0x50, 0x20, 0x00, 0xff, 0x48, 0x24, 0x00, 0xff,
    0x48, 0x20, 0x00, 0xff, 0x48, 0x24, 0x00, 0xff, 0x48, 0x24, 0x00, 0xff,
    0x50, 0x24, 0x08, 0xff, 0x48, 0x24, 0x00, 0xff, 0x48, 0x24, 0x00, 0xff,
    0x50, 0x24, 0x08, 0xff, 0x50, 0x24, 0x08, 0xff, 0x50, 0x24, 0x08, 0xff,
    0x48, 0x24, 0x00, 0xff, 0x48, 0x20, 0x08, 0xff, 0x48, 0x24, 0x08, 0xff,
    0x48, 0x24, 0x00, 0xff, 0x48, 0x20, 0x00, 0xff, 0x48, 0x24, 0x00, 0xff,
    0x50, 0x24, 0x00, 0xff, 0x50, 0x20, 0x00, 0xff, 0x50, 0x20, 0x08, 0xff,
    0x48, 0x24, 0x08, 0xff, 0x48, 0x24, 0x08, 0xff, 0x48, 0x24, 0x00, 0xff,
    0x48, 0x20, 0x00, 0xff, 0x50, 0x24, 0x00, 0xff, 0x48, 0x20, 0x00, 0xff,
    0x48, 0x24, 0x00, 0xff, 0x48, 0x24, 0x00, 0xff, 0x48, 0x20, 0x00, 0xff,
    0x50, 0x24, 0x08, 0xff, 0x48, 0x24, 0x00, 0xff, 0x48, 0x20, 0x08, 0xff,
    0x50, 0x24, 0x08, 0xff, 0x50, 0x24, 0x00, 0xff, 0x48, 0x24, 0x08, 0xff,
    0x48, 0x24, 0x08, 0xff, 0x50, 0x20, 0x08, 0xff, 0x48, 0x24, 0x08, 0xff,
    0x48, 0x24, 0x08, 0xff, 0x50, 0x24, 0x00, 0xff, 0x50, 0x20, 0x00, 0xff,
    0x50, 0x20, 0x00, 0xff, 0x50, 0x24, 0x08, 0xff, 0x48, 0x24, 0x08, 0xff,
    0x48, 0x24, 0x00, 0xff, 0x50, 0x20, 0x08, 0xff, 0x50, 0x24, 0x00, 0xff,
    0x48, 0x24, 0x00, 0xff, 0x50, 0x24, 0x08, 0xff, 0x50, 0x20, 0x08, 0xff,
    0x48, 0x20, 0x00, 0xff, 0x48, 0x24, 0x00, 0xff, 0x48, 0x24, 0x08, 0xff,
    0x50, 0x24, 0x00, 0xff, 0x48, 0x24, 0x08, 0xff, 0x48, 0x24, 0x08, 0xff,
    0x50, 0x24, 0x08, 0xff, 0x50, 0x20, 0x08, 0xff, 0x48, 0x24, 0x00, 0xff,
    0x48, 0x24, 0x00, 0xff, 0x50, 0x24, 0x08, 0xff, 0x48, 0x24, 0x00, 0xff,
    0x48, 0x24, 0x00, 0xff, 0x50, 0x24, 0x00, 0xff, 0x50, 0x20, 0x08, 0xff,
    0x48, 0x24, 0x08, 0xff, 0x48, 0x24, 0x08, 0xff, 0x48, 0x24, 0x00, 0xff,
    0x48, 0x24, 0x00, 0xff, 0x48, 0x24, 0x08, 0xff, 0x50, 0x20, 0x00, 0xff,
    0x50, 0x24, 0x00, 0xff, 0x48, 0x24, 0x08, 0xff, 0x48, 0x24, 0x08, 0xff,
    0x48, 0x24, 0x00, 0xff, 0x48, 0x20, 0x08, 0xff, 0x48, 0x24, 0x00, 0xff,
    0x50, 0x24, 0x00, 0xff, 0x50, 0x24, 0x00, 0xff, 0x50, 0x20, 0x08, 0xff,
    0x48, 0x24, 0x08, 0xff, 0x48, 0x24, 0x08, 0xff, 0x48, 0x20, 0x00, 0xff,
    0x48, 0x24, 0x00, 0xff, 0x50, 0x24, 0x00, 0xff, 0x50, 0x20, 0x00, 0xff,
    0x48, 0x24, 0x00, 0xff, 0x50, 0x24, 0x00, 0xff, 0x48, 0x24, 0x00, 0xff,
    0x50, 0x24, 0x08, 0xff, 0x48, 0x24, 0x00, 0xff, 0x48, 0x24, 0x08, 0xff,
    0x48, 0x24, 0x00, 0xff, 0x48, 0x24, 0x08, 0xff, 0x48, 0x24, 0x08, 0xff,
    0x50, 0x24, 0x08, 0xff, 0x48, 0x20, 0x00, 0xff, 0x48, 0x24, 0x00, 0xff,
    0x50, 0x24, 0x08, 0xff, 0x48, 0x24, 0x00, 0xff, 0x50, 0x24, 0x08, 0xff,
    0x48, 0x24, 0x00, 0xff, 0x48, 0x24, 0x00, 0xff, 0x48, 0x24, 0x08, 0xff,
    0x48, 0x24, 0x00, 0xff, 0x50, 0x20, 0x00, 0xff, 0x50, 0x24, 0x00, 0xff,
    0x48, 0x24, 0x08, 0xff, 0x50, 0x24, 0x00, 0xff, 0x50, 0x20, 0x00, 0xff,
    0x50, 0x24, 0x00, 0xff, 0x48, 0x24, 0x08, 0xff, 0x50, 0x24, 0x08, 0xff,
    0x48, 0x20, 0x00, 0xff, 0x48, 0x24, 0x00, 0xff, 0x48, 0x24, 0x00, 0xff,
    0x50, 0x24, 0x00, 0xff, 0x48, 0x24, 0x00, 0xff, 0x48, 0x20, 0x00, 0xff,
    0x50, 0x24, 0x00, 0xff, 0x48, 0x24, 0x00, 0xff, 0x48, 0x20, 0x00, 0xff,
    0x48, 0x24, 0x00, 0xff, 0x48, 0x24, 0x00, 0xff, 0x48, 0x24, 0x00, 0xff,
    0x48, 0x20, 0x08, 0xff, 0x50, 0x24, 0x08, 0xff, 0x48, 0x24, 0x08, 0xff,
    0x50, 0x20, 0x00, 0xff, 0x48, 0x24, 0x00, 0xff, 0x48, 0x24, 0x00, 0xff,
    0x48, 0x20, 0x00, 0xff, 0x48, 0x24, 0x00, 0xff, 0x48, 0x24, 0x00, 0xff,
    0x50, 0x20, 0x08, 0xff, 0x48, 0x24, 0x00, 0xff, 0x50, 0x24, 0x00, 0xff,
    0x50, 0x24, 0x00, 0xff, 0x50, 0x24, 0x08, 0xff, 0x48, 0x20, 0x08, 0xff,
    0x48, 0x24, 0x00, 0xff, 0x50, 0x24, 0x00, 0xff, 0x50, 0x20, 0x00, 0xff,
    0x48, 0x24, 0x00, 0xff, 0x48, 0x24, 0x00, 0xff, 0x50, 0x24, 0x08, 0xff,
    0x50, 0x24, 0x00, 0xff, 0x48, 0x24, 0x00, 0xff, 0x48, 0x24, 0x00, 0xff,
    0x50, 0x24, 0x08, 0xff, 0x48, 0x24, 0x00, 0xff, 0x50, 0x24, 0x00, 0xff,
    0x48, 0x24, 0x08, 0xff, 0x48, 0x24, 0x00, 0xff, 0x50, 0x24, 0x08, 0xff,
    0x50, 0x24, 0x08, 0xff, 0x50, 0x20, 0x08, 0xff, 0x50, 0x24, 0x08, 0xff,
    0x48, 0x24, 0x00, 0xff, 0x50, 0x24, 0x08, 0xff, 0x48, 0x24, 0x08, 0xff,
    0x48, 0x20, 0x00, 0xff, 0x48, 0x24, 0x00, 0xff, 0x48, 0x24, 0x00, 0xff,
    0x50, 0x24, 0x00, 0xff, 0x50, 0x24, 0x00, 0xff, 0x48, 0x24, 0x00, 0xff,
    0x48, 0x24, 0x08, 0xff, 0x50, 0x24, 0x08, 0xff, 0x48, 0x24, 0x08, 0xff,
    0x48, 0x24, 0x00, 0xff, 0x48, 0x24, 0x08, 0xff, 0x48, 0x24, 0x00, 0xff,
    0x50, 0x20, 0x00, 0xff, 0x48, 0x24, 0x00, 0xff, 0x50, 0x24, 0x00, 0xff,
    0x50, 0x24, 0x00, 0xff, 0x48, 0x24, 0x08, 0xff, 0x48, 0x24, 0x08, 0xff,
    0x48, 0x20, 0x08, 0xff, 0x50, 0x24, 0x08, 0xff, 0x50, 0x24, 0x08, 0xff,
    0x48, 0x24, 0x00, 0xff, 0x50, 0x24, 0x00, 0xff, 0x48, 0x20, 0x00, 0xff,
    0x48, 0x24, 0x00, 0xff, 0x48, 0x24, 0x08, 0xff, 0x48, 0x24, 0x00, 0xff,
    0x48, 0x20, 0x00, 0xff, 0x48, 0x24, 0x00, 0xff, 0x50, 0x24, 0x00, 0xff,
    0x50, 0x24, 0x00, 0xff, 0x48, 0x20, 0x08, 0xff, 0x48, 0x24, 0x00, 0xff,
    0x48, 0x24, 0x08, 0xff, 0x48, 0x24, 0x08, 0xff, 0x50, 0x24, 0x00, 0xff,
    0x48, 0x20, 0x00, 0xff, 0x48, 0x24, 0x00, 0xff, 0x48, 0x24, 0x08, 0xff,
    0x50, 0x24, 0x08, 0xff, 0x48, 0x24, 0x00, 0xff, 0x48, 0x24, 0x00, 0xff,
    0x50, 0x24, 0x00, 0xff, 0x50, 0x20, 0x08, 0xff, 0x50, 0x24, 0x00, 0xff,
    0x48, 0x24, 0x00, 0xff, 0x50, 0x20, 0x00, 0xff, 0x50, 0x24, 0x00, 0xff,
    0x48, 0x24, 0x00, 0xff, 0x48, 0x24, 0x00, 0xff, 0x50, 0x24, 0x08, 0xff,
    0x48, 0x20, 0x08, 0xff, 0x48, 0x20, 0x00, 0xff, 0x50, 0x24, 0x08, 0xff,
    0x48, 0x24, 0x08, 0xff, 0x48, 0x20, 0x00, 0xff, 0x48, 0x24, 0x00, 0xff,
    0x50, 0x20, 0x00, 0xff, 0x50, 0x24, 0x00, 0xff, 0x48, 0x24, 0x08, 0xff,
    0x50, 0x20, 0x08, 0xff, 0x50, 0x24, 0x00, 0xff, 0x48, 0x24, 0x08, 0xff,
    0x48, 0x24, 0x00, 0xff, 0x50, 0x24, 0x00, 0xff, 0x50, 0x20, 0x00, 0xff,
    0x50, 0x20, 0x00, 0xff, 0x50, 0x24, 0x00, 0xff, 0x48, 0x24, 0x08, 0xff,
    0x48, 0x24, 0x00, 0xff, 0x48, 0x20, 0x08, 0xff, 0x48, 0x24, 0x00, 0xff,
    0x50, 0x20, 0x00, 0xff, 0x50, 0x24, 0x00, 0xff, 0x48, 0x24, 0x08, 0xff,
    0x50, 0x20, 0x00, 0xff, 0x48, 0x24, 0x08, 0xff, 0x48, 0x24, 0x00, 0xff,
    0x48, 0x24, 0x00, 0xff, 0x48, 0x20, 0x00, 0xff, 0x50, 0x24, 0x08, 0xff,
    0x48, 0x24, 0x00, 0xff, 0x50, 0x20, 0x08, 0xff, 0x48, 0x24, 0x00, 0xff,
    0x48, 0x24, 0x00, 0xff, 0x50, 0x20, 0x00, 0xff, 0x48, 0x24, 0x00, 0xff,
    0x48, 0x24, 0x00, 0xff, 0x50, 0x20, 0x08, 0xff, 0x48, 0x24, 0x00, 0xff,
    0x48, 0x24, 0x00, 0xff, 0x50, 0x24, 0x00, 0xff, 0x48, 0x20, 0x00, 0xff,
    0x48, 0x24, 0x00, 0xff, 0x50, 0x24, 0x08, 0xff, 0x50, 0x20, 0x00, 0xff,
    0x48, 0x20, 0x00, 0xff, 0x48, 0x24, 0x08, 0xff, 0x48, 0x24, 0x00, 0xff,
    0x50, 0x24, 0x00, 0xff, 0x48, 0x20, 0x08, 0xff, 0x48, 0x24, 0x08, 0xff,
    0x48, 0x24, 0x08, 0xff, 0x48, 0x24, 0x00, 0xff, 0x48, 0x20, 0x08, 0xff,
    0x50, 0x24, 0x08, 0xff, 0x48, 0x24, 0x08, 0xff, 0x48, 0x24, 0x00, 0xff,
    0x48, 0x24, 0x00, 0xff, 0x50, 0x20, 0x00, 0xff, 0x48, 0x24, 0x08, 0xff,
    0x48, 0x24, 0x08, 0xff, 0x50, 0x20, 0x00, 0xff, 0x50, 0x24, 0x00, 0xff,
    0x48, 0x24, 0x08, 0xff, 0x48, 0x24, 0x08, 0xff, 0x50, 0x24, 0x08, 0xff,
    0x50, 0x20, 0x00, 0xff, 0x50, 0x24, 0x00, 0xff, 0x48, 0x24, 0x00, 0xff,
    0x48, 0x20, 0x08, 0xff, 0x50, 0x24, 0x08, 0xff, 0x50, 0x24, 0x08, 0xff,
    0x48, 0x20, 0x00, 0xff, 0x48, 0x24, 0x08, 0xff, 0x50, 0x24, 0x08, 0xff,
    0x48, 0x24, 0x00, 0xff, 0x48, 0x24, 0x00, 0xff, 0x48, 0x24, 0x00, 0xff,
    0x48, 0x20, 0x08, 0xff, 0x48, 0x20, 0x00, 0xff, 0x50, 0x24, 0x00, 0xff,
    0x48, 0x24, 0x00, 0xff, 0x48, 0x20, 0x00, 0xff, 0x48, 0x24, 0x08, 0xff,
    0x50, 0x24, 0x08, 0xff, 0x50, 0x20, 0x08, 0xff, 0x48, 0x24, 0x00, 0xff,
    0x48, 0x24, 0x00, 0xff, 0x50, 0x20, 0x08, 0xff, 0x50, 0x20, 0x00, 0xff,
    0x48, 0x24, 0x00, 0xff, 0x50, 0x24, 0x08, 0xff, 0x48, 0x24, 0x00, 0xff,
    0x48, 0x20, 0x00, 0xff, 0x48, 0x24, 0x08, 0xff, 0x48, 0x24, 0x00, 0xff,
    0x48, 0x24, 0x00, 0xff, 0x48, 0x24, 0x00, 0xff, 0x48, 0x24, 0x00, 0xff,
    0x48, 0x20, 0x08, 0xff, 0x48, 0x20, 0x00, 0xff, 0x50, 0x24, 0x00, 0xff,
    0x50, 0x24, 0x00, 0xff, 0x48, 0x20, 0x00, 0xff, 0x48, 0x24, 0x08, 0xff,
    0x48, 0x20, 0x08, 0xff, 0x48, 0x20, 0x00, 0xff, 0x50, 0x24, 0x00, 0xff,
    0x50, 0x24, 0x00, 0xff, 0x48, 0x20, 0x00, 0xff, 0x50, 0x24, 0x00, 0xff,
    0x50, 0x24, 0x08, 0xff, 0x48, 0x24, 0x00, 0xff, 0x48, 0x24, 0x08, 0xff,
    0x48, 0x24, 0x00, 0xff, 0x50, 0x24, 0x00, 0xff, 0x48, 0x20, 0x08, 0xff,
    0x50, 0x24, 0x08, 0xff, 0x48, 0x24, 0x00, 0xff, 0x50, 0x20, 0x00, 0xff,
    0x50, 0x24, 0x00, 0xff, 0x48, 0x24, 0x00, 0xff, 0x48, 0x24, 0x00, 0xff,
    0x48, 0x20, 0x08, 0xff, 0x48, 0x24, 0x08, 0xff, 0x50, 0x24, 0x00, 0xff,
    0x48, 0x24, 0x00, 0xff, 0x48, 0x24, 0x00, 0xff, 0x50, 0x20, 0x00, 0xff,
    0x50, 0x24, 0x00, 0xff, 0x50, 0x24, 0x08, 0xff, 0x48, 0x20, 0x00, 0xff,
    0x48, 0x24, 0x00, 0xff, 0x48, 0x24, 0x00, 0xff, 0x50, 0x24, 0x08, 0xff,
    0x48, 0x24, 0x00, 0xff, 0x48, 0x24, 0x00, 0xff, 0x48, 0x20, 0x00, 0xff,
    0x50, 0x24, 0x00, 0xff, 0x50, 0x24, 0x08, 0xff, 0x48, 0x24, 0x00, 0xff,
    0x48, 0x20, 0x00, 0xff, 0x48, 0x20, 0x08, 0xff, 0x48, 0x24, 0x00, 0xff,
    0x48, 0x24, 0x08, 0xff, 0x48, 0x24, 0x00, 0xff, 0x48, 0x20, 0x08, 0xff,
    0x48, 0x24, 0x08, 0xff, 0x48, 0x24, 0x00, 0xff, 0x48, 0x20, 0x08, 0xff,
    0x50, 0x24, 0x00, 0xff, 0x48, 0x24, 0x00, 0xff, 0x48, 0x24, 0x00, 0xff,
    0x50, 0x24, 0x00, 0xff, 0x48, 0x24, 0x08, 0xff, 0x48, 0x24, 0x00, 0xff,
    0x50, 0x20, 0x00, 0xff, 0x50, 0x24, 0x08, 0xff, 0x48, 0x24, 0x08, 0xff,
    0x48, 0x24, 0x00, 0xff, 0x48, 0x24, 0x00, 0xff, 0x50, 0x20, 0x00, 0xff,
    0x48, 0x24, 0x00, 0xff, 0x48, 0x24, 0x00, 0xff, 0x50, 0x24, 0x00, 0xff,
    0x48, 0x20, 0x08, 0xff, 0x48, 0x24, 0x00, 0xff, 0x48, 0x24, 0x00, 0xff,
    0x48, 0x24, 0x08, 0xff, 0x48, 0x24, 0x00, 0xff, 0x50, 0x24, 0x00, 0xff,
    0x48, 0x20, 0x08, 0xff, 0x50, 0x24, 0x00, 0xff, 0x48, 0x24, 0x08, 0xff,
    0x48, 0x24, 0x00, 0xff, 0x48, 0x20, 0x00, 0xff, 0x50, 0x24, 0x00, 0xff,
    0x48, 0x24, 0x08, 0xff, 0x48, 0x24, 0x00, 0xff, 0x48, 0x20, 0x08, 0xff,
    0x50, 0x24, 0x08, 0xff, 0x48, 0x24, 0x08, 0xff, 0x48, 0x20, 0x00, 0xff,
    0x48, 0x24, 0x00, 0xff, 0x48, 0x24, 0x00, 0xff, 0x50, 0x20, 0x00, 0xff,
    0x48, 0x24, 0x00, 0xff, 0x50, 0x24, 0x08, 0xff, 0x50, 0x20, 0x00, 0xff,
    0x48, 0x24, 0x00, 0xff, 0x48, 0x24, 0x00, 0xff, 0x50, 0x24, 0x08, 0xff,
    0x50, 0x24, 0x08, 0xff, 0x48, 0x20, 0x00, 0xff, 0x48, 0x24, 0x08, 0xff,
    0x50, 0x24, 0x08, 0xff, 0x48, 0x20, 0x00, 0xff, 0x48, 0x24, 0x08, 0xff,
    0x50, 0x24, 0x08, 0xff, 0x50, 0x24, 0x00, 0xff, 0x48, 0x24, 0x08, 0xff,
    0x48, 0x20, 0x00, 0xff, 0x48, 0x24, 0x00, 0xff, 0x48, 0x24, 0x00, 0xff,
    0x50, 0x24, 0x00, 0xff, 0x50, 0x20, 0x00, 0xff, 0x48, 0x24, 0x00, 0xff,
    0x48, 0x24, 0x00, 0xff, 0x50, 0x24, 0x00, 0xff, 0x50, 0x20, 0x08, 0xff,
    0x48, 0x20, 0x08, 0xff, 0x48, 0x24, 0x08, 0xff, 0x50, 0x24, 0x00, 0xff,
    0x48, 0x24, 0x00, 0xff, 0x48, 0x24, 0x08, 0xff, 0x48, 0x24, 0x08, 0xff,
    0x50, 0x20, 0x00, 0xff, 0x50, 0x20, 0x00, 0xff, 0x48, 0x24, 0x00, 0xff,
    0x48, 0x24, 0x00, 0xff, 0x48, 0x24, 0x00, 0xff, 0x50, 0x24, 0x08, 0xff,
    0x48, 0x24, 0x00, 0xff, 0x48, 0x24, 0x00, 0xff, 0x50, 0x24, 0x00, 0xff,
    0x50, 0x24, 0x08, 0xff, 0x50, 0x24, 0x00, 0xff, 0x48, 0x24, 0x00, 0xff,
    0x50, 0x20, 0x08, 0xff, 0x48, 0x24, 0x08, 0xff, 0x48, 0x24, 0x08, 0xff,
    0x50, 0x24, 0x00, 0xff, 0x48, 0x24, 0x08, 0xff, 0x48, 0x24, 0x00, 0xff,
    0x50, 0x24, 0x08, 0xff, 0x48, 0x24, 0x08, 0xff, 0x48, 0x24, 0x00, 0xff,
    0x48, 0x24, 0x00, 0xff, 0x50, 0x24, 0x00, 0xff, 0x48, 0x20, 0x00, 0xff,
    0x48, 0x24, 0x08, 0xff, 0x48, 0x24, 0x00, 0xff, 0x48, 0x24, 0x08, 0xff,
    0x48, 0x20, 0x00, 0xff, 0x48, 0x24, 0x00, 0xff, 0x50, 0x24, 0x08, 0xff,
    0x50, 0x20, 0x08, 0xff, 0x50, 0x24, 0x00, 0xff, 0x48, 0x20, 0x00, 0xff,
    0x50, 0x20, 0x00, 0xff, 0x48, 0x24, 0x08, 0xff, 0x48, 0x24, 0x00, 0xff,
    0x50, 0x24, 0x00, 0xff, 0x50, 0x24, 0x00, 0xff, 0x48, 0x20, 0x00, 0xff,
    0x48, 0x24, 0x08, 0xff, 0x50, 0x24, 0x08, 0xff, 0x50, 0x24, 0x00, 0xff,
    0x50, 0x24, 0x00, 0xff, 0x48, 0x24, 0x08, 0xff, 0x48, 0x24, 0x08, 0xff,
    0x50, 0x20, 0x08, 0xff, 0x48, 0x24, 0x00, 0xff, 0x48, 0x24, 0x00, 0xff,
    0x48, 0x20, 0x00, 0xff, 0x50, 0x20, 0x00, 0xff, 0x50, 0x24, 0x00, 0xff,
    0x50, 0x24, 0x08, 0xff, 0x48, 0x20, 0x08, 0xff, 0x48, 0x24, 0x00, 0xff,
    0x48, 0x24, 0x00, 0xff, 0x48, 0x24, 0x08, 0xff, 0x48, 0x24, 0x00, 0xff,
    0x50, 0x24, 0x00, 0xff, 0x48, 0x24, 0x00, 0xff, 0x50, 0x20, 0x08, 0xff,
    0x50, 0x24, 0x00, 0xff, 0x48, 0x24, 0x00, 0xff, 0x48, 0x24, 0x08, 0xff,
    0x50, 0x24, 0x08, 0xff, 0x50, 0x20, 0x00, 0xff, 0x48, 0x24, 0x08, 0xff,
    0x48, 0x24, 0x08, 0xff, 0x48, 0x24, 0x00, 0xff, 0x48, 0x24, 0x08, 0xff,
    0x48, 0x24, 0x08, 0xff, 0x50, 0x20, 0x00, 0xff, 0x48, 0x24, 0x00, 0xff,
    0x50, 0x24, 0x08, 0xff, 0x50, 0x20, 0x00, 0xff, 0x48, 0x24, 0x00, 0xff,
    0x48, 0x24, 0x08, 0xff, 0x48, 0x24, 0x08, 0xff, 0x50, 0x20, 0x00, 0xff,
    0x48, 0x24, 0x00, 0xff, 0x50, 0x24, 0x00, 0xff, 0x50, 0x20, 0x08, 0xff,
    0x50, 0x24, 0x00, 0xff, 0x48, 0x24, 0x08, 0xff, 0x48, 0x24, 0x00, 0xff,
    0x50, 0x20, 0x00, 0xff, 0x50, 0x24, 0x08, 0xff, 0x48, 0x24, 0x00, 0xff,
    0x48, 0x24, 0x08, 0xff, 0x50, 0x20, 0x08, 0xff, 0x48, 0x20, 0x00, 0xff,
    0x48, 0x24, 0x00, 0xff, 0x50, 0x24, 0x00, 0xff, 0x50, 0x20, 0x00, 0xff,
    0x48, 0x24, 0x00, 0xff, 0x48, 0x24, 0x00, 0xff, 0x50, 0x24, 0x00, 0xff,
    0x48, 0x24, 0x08, 0xff, 0x50, 0x20, 0x08, 0xff, 0x48, 0x24, 0x00, 0xff,
    0x48, 0x24, 0x08, 0xff, 0x50, 0x24, 0x08, 0xff, 0x48, 0x20, 0x00, 0xff,
    0x50, 0x24, 0x00, 0xff, 0x48, 0x24, 0x08, 0xff, 0x50, 0x24, 0x08, 0xff,
    0x48, 0x24, 0x00, 0xff, 0x48, 0x24, 0x08, 0xff, 0x48, 0x20, 0x08, 0xff,
    0x50, 0x24, 0x00, 0xff, 0x48, 0x24, 0x00, 0xff, 0x50, 0x24, 0x00, 0xff,
    0x48, 0x24, 0x08, 0xff, 0x50, 0x24, 0x08, 0xff, 0x48, 0x24, 0x08, 0xff,
    0x48, 0x24, 0x00, 0xff, 0x50, 0x24, 0x00, 0xff, 0x50, 0x24, 0x00, 0xff,
    0x48, 0x24, 0x00, 0xff, 0x50, 0x24, 0x00, 0xff, 0x50, 0x24, 0x08, 0xff,
    0x50, 0x24, 0x00, 0xff, 0x48, 0x20, 0x08, 0xff, 0x48, 0x24, 0x08, 0xff,
    0x48, 0x24, 0x00, 0xff, 0x48, 0x20, 0x08, 0xff, 0x48, 0x24, 0x08, 0xff,
    0x50, 0x24, 0x08, 0xff, 0x48, 0x24, 0x00, 0xff, 0x48, 0x20, 0x00, 0xff,
    0x48, 0x24, 0x08, 0xff, 0x48, 0x20, 0x00, 0xff, 0x50, 0x24, 0x00, 0xff,
    0x48, 0x24, 0x00, 0xff, 0x50, 0x24, 0x00, 0xff, 0x48, 0x24, 0x00, 0xff,
    0x48, 0x24, 0x00, 0xff, 0x48, 0x24, 0x00, 0xff, 0x50, 0x20, 0x00, 0xff,
    0x48, 0x24, 0x08, 0xff, 0x50, 0x24, 0x08, 0xff, 0x50, 0x24, 0x00, 0xff,
    0x48, 0x20, 0x00, 0xff, 0x48, 0x24, 0x08, 0xff, 0x50, 0x24, 0x00, 0xff,
    0x48, 0x24, 0x00, 0xff, 0x48, 0x20, 0x00, 0xff, 0x50, 0x24, 0x00, 0xff,
    0x50, 0x24, 0x00, 0xff, 0x48, 0x24, 0x00, 0xff, 0x48, 0x20, 0x08, 0xff,
    0x50, 0x20, 0x00, 0xff, 0x50, 0x24, 0x00, 0xff, 0x48, 0x24, 0x00, 0xff,
    0x48, 0x24, 0x00, 0xff, 0x48, 0x24, 0x00, 0xff, 0x50, 0x24, 0x08, 0xff,
    0x48, 0x20, 0x08, 0xff, 0x48, 0x24, 0x08, 0xff, 0x48, 0x20, 0x00, 0xff,
    0x50, 0x20, 0x00, 0xff, 0x48, 0x24, 0x00, 0xff, 0x48, 0x20, 0x08, 0xff,
    0x48, 0x24, 0x00, 0xff, 0x48, 0x24, 0x00, 0xff, 0x48, 0x20, 0x00, 0xff,
    0x48, 0x24, 0x00, 0xff, 0x50, 0x24, 0x00, 0xff, 0x50, 0x20, 0x00, 0xff,
    0x50, 0x24, 0x08, 0xff, 0x50, 0x24, 0x00, 0xff, 0x48, 0x24, 0x08, 0xff,
    0x48, 0x20, 0x00, 0xff, 0x50, 0x24, 0x00, 0xff, 0x50, 0x24, 0x00, 0xff,
    0x48, 0x20, 0x08, 0xff, 0x48, 0x24, 0x00, 0xff, 0x48, 0x24, 0x08, 0xff,
    0x50, 0x20, 0x00, 0xff, 0x48, 0x24, 0x00, 0xff, 0x50, 0x24, 0x00, 0xff,
    0x50, 0x24, 0x08, 0xff, 0x48, 0x20, 0x08, 0xff, 0x48, 0x24, 0x00, 0xff,
    0x48, 0x24, 0x00, 0xff, 0x48, 0x24, 0x00, 0xff, 0x50, 0x24, 0x08, 0xff,
    0x48, 0x24, 0x08, 0xff, 0x50, 0x24, 0x00, 0xff, 0x50, 0x20, 0x08, 0xff,
    0x48, 0x24, 0x00, 0xff, 0x48, 0x24, 0x08, 0xff, 0x48, 0x24, 0x08, 0xff,
    0x48, 0x24, 0x00, 0xff, 0x48, 0x24, 0x00, 0xff, 0x48, 0x20, 0x08, 0xff,
    0x48, 0x24, 0x00, 0xff, 0x50, 0x24, 0x00, 0xff, 0x48, 0x24, 0x00, 0xff,
    0x48, 0x20, 0x00, 0xff, 0x50, 0x24, 0x08, 0xff, 0x48, 0x24, 0x08, 0xff,
    0x48, 0x24, 0x08, 0xff, 0x48, 0x24, 0x08, 0xff, 0x48, 0x20, 0x00, 0xff,
    0x48, 0x24, 0x00, 0xff, 0x48, 0x24, 0x08, 0xff, 0x50, 0x24, 0x00, 0xff,
    0x50, 0x20, 0x00, 0xff, 0x50, 0x20, 0x00, 0xff, 0x48, 0x24, 0x08, 0xff,
    0x48, 0x24, 0x08, 0xff, 0x48, 0x20, 0x08, 0xff, 0x48, 0x24, 0x00, 0xff,
    0x48, 0x24, 0x00, 0xff, 0x50, 0x24, 0x00, 0xff, 0x50, 0x20, 0x00, 0xff,
    0x48, 0x20, 0x08, 0xff, 0x48, 0x24, 0x08, 0xff, 0x50, 0x24, 0x00, 0xff,
    0x48, 0x24, 0x00, 0xff, 0x48, 0x20, 0x00, 0xff, 0x50, 0x24, 0x00, 0xff,
    0x50, 0x24, 0x08, 0xff, 0x48, 0x24, 0x08, 0xff, 0x48, 0x20, 0x00, 0xff,
    0x48, 0x24, 0x00, 0xff, 0x50, 0x24, 0x08, 0xff, 0x50, 0x20, 0x08, 0xff,
    0x48, 0x24, 0x00, 0xff, 0x48, 0x24, 0x00, 0xff, 0x48, 0x24, 0x08, 0xff,
    0x50, 0x24, 0x08, 0xff, 0x48, 0x24, 0x00, 0xff, 0x48, 0x24, 0x00, 0xff,
    0x48, 0x20, 0x00, 0xff, 0x50, 0x24, 0x00, 0xff, 0x50, 0x24, 0x00, 0xff,
    0x48, 0x24, 0x00, 0xff, 0x48, 0x24, 0x00, 0xff, 0x50, 0x24, 0x00, 0xff,
    0x48, 0x20, 0x00, 0xff, 0x48, 0x24, 0x08, 0xff, 0x50, 0x24, 0x08, 0xff,
    0x50, 0x20, 0x08, 0xff, 0x48, 0x24, 0x00, 0xff, 0x48, 0x24, 0x08, 0xff,
    0x48, 0x24, 0x08, 0xff, 0x48, 0x24, 0x00, 0xff, 0x48, 0x20, 0x00, 0xff,
    0x50, 0x20, 0x00, 0xff, 0x48, 0x24, 0x08, 0xff, 0x48, 0x24, 0x08, 0xff,
    0x50, 0x24, 0x00, 0xff, 0x48, 0x20, 0x00, 0xff, 0x48, 0x24, 0x08, 0xff,
    0x48, 0x24, 0x08, 0xff, 0x50, 0x24, 0x00, 0xff, 0x48, 0x20, 0x00, 0xff,
    0x50, 0x20, 0x08, 0xff, 0x50, 0x24, 0x00, 0xff, 0x48, 0x24, 0x00, 0xff,
    0x48, 0x24, 0x00, 0xff, 0x48, 0x24, 0x08, 0xff, 0x48, 0x20, 0x08, 0xff,
    0x50, 0x20, 0x00, 0xff, 0x48, 0x24, 0x00, 0xff, 0x48, 0x20, 0x00, 0xff,
    0x50, 0x24, 0x00, 0xff, 0x48, 0x20, 0x08, 0xff, 0x50, 0x24, 0x00, 0xff,
    0x48, 0x24, 0x08, 0xff, 0x48, 0x20, 0x00, 0xff, 0x48, 0x24, 0x00, 0xff,
    0x48, 0x24, 0x08, 0xff, 0x50, 0x24, 0x00, 0xff, 0x50, 0x24, 0x00, 0xff,
    0x48, 0x24, 0x00, 0xff, 0x50, 0x24, 0x00, 0xff, 0x48, 0x24, 0x00, 0xff,
    0x48, 0x24, 0x00, 0xff, 0x50, 0x20, 0x08, 0xff, 0x48, 0x24, 0x00, 0xff,
    0x50, 0x24, 0x00, 0xff, 0x48, 0x24, 0x08, 0xff, 0x48, 0x24, 0x00, 0xff,
    0x50, 0x24, 0x08, 0xff, 0x48, 0x20, 0x08, 0xff, 0x50, 0x24, 0x00, 0xff,
    0x48, 0x24, 0x00, 0xff, 0x48, 0x20, 0x08, 0xff, 0x48, 0x24, 0x08, 0xff,
    0x50, 0x24, 0x00, 0xff, 0x48, 0x24, 0x00, 0xff, 0x50, 0x20, 0x08, 0xff,
    0x48, 0x24, 0x08, 0xff, 0x48, 0x24, 0x00, 0xff, 0x48, 0x24, 0x08, 0xff,
    0x50, 0x20, 0x08, 0xff, 0x48, 0x24, 0x08, 0xff, 0x48, 0x24, 0x08, 0xff,
    0x48, 0x24, 0x00, 0xff, 0x48, 0x24, 0x00, 0xff, 0x50, 0x24, 0x00, 0xff,
    0x48, 0x24, 0x08, 0xff, 0x48, 0x20, 0x00, 0xff, 0x50, 0x24, 0x08, 0xff,
    0x48, 0x24, 0x08, 0xff, 0x48, 0x24, 0x08, 0xff, 0x48, 0x24, 0x00, 0xff,
    0x50, 0x24, 0x00, 0xff, 0x50, 0x24, 0x00, 0xff, 0x48, 0x24, 0x08, 0xff,
    0x48, 0x24, 0x00, 0xff, 0x50, 0x24, 0x08, 0xff, 0x48, 0x24, 0x00, 0xff,
    0x48, 0x20, 0x00, 0xff, 0x48, 0x24, 0x08, 0xff, 0x50, 0x20, 0x08, 0xff,
    0x50, 0x24, 0x08, 0xff, 0x48, 0x24, 0x00, 0xff, 0x48, 0x24, 0x00, 0xff,
    0x48, 0x20, 0x00, 0xff, 0x48, 0x20, 0x00, 0xff, 0x48, 0x24, 0x00, 0xff,
    0x50, 0x24, 0x00, 0xff, 0x48, 0x20, 0x08, 0xff, 0x48, 0x24, 0x08, 0xff,
    0x50, 0x24, 0x00, 0xff, 0x48, 0x20, 0x08, 0xff, 0x50, 0x24, 0x00, 0xff,
    0x50, 0x24, 0x08, 0xff, 0x50, 0x20, 0x08, 0xff, 0x48, 0x24, 0x00, 0xff,
    0x48, 0x24, 0x00, 0xff, 0x50, 0x24, 0x00, 0xff, 0x50, 0x24, 0x00, 0xff,
    0x48, 0x20, 0x00, 0xff, 0x48, 0x24, 0x08, 0xff, 0x48, 0x24, 0x00, 0xff,
    0x48, 0x24, 0x00, 0xff, 0x48, 0x24, 0x00, 0xff, 0x50, 0x24, 0x00, 0xff,
    0x48, 0x20, 0x08, 0xff, 0x48, 0x24, 0x00, 0xff, 0x50, 0x24, 0x08, 0xff,
    0x50, 0x24, 0x00, 0xff, 0x50, 0x20, 0x00, 0xff, 0x48, 0x24, 0x08, 0xff,
    0x48, 0x20, 0x00, 0xff, 0x48, 0x24, 0x00, 0xff, 0x50, 0x24, 0x08, 0xff,
    0x48, 0x24, 0x00, 0xff, 0x48, 0x24, 0x00, 0xff, 0x50, 0x24, 0x00, 0xff,
    0x50, 0x20, 0x00, 0xff, 0x50, 0x24, 0x00, 0xff, 0x48, 0x24, 0x08, 0xff,
    0x48, 0x20, 0x00, 0xff, 0x50, 0x24, 0x00, 0xff, 0x48, 0x24, 0x00, 0xff,
    0x48, 0x24, 0x08, 0xff, 0x48, 0x24, 0x08, 0xff, 0x50, 0x20, 0x00, 0xff,
    0x50, 0x24, 0x00, 0xff, 0x48, 0x24, 0x00, 0xff, 0x50, 0x24, 0x08, 0xff,
    0x48, 0x24, 0x08, 0xff, 0x48, 0x20, 0x08, 0xff, 0x48, 0x24, 0x00, 0xff,
    0x48, 0x24, 0x00, 0xff, 0x48, 0x24, 0x00, 0xff, 0x48, 0x24, 0x00, 0xff,
    0x50, 0x20, 0x08, 0xff, 0x50, 0x24, 0x08, 0xff, 0x48, 0x20, 0x00, 0xff,
    0x48, 0x24, 0x00, 0xff, 0x50, 0x20, 0x00, 0xff, 0x50, 0x24, 0x00, 0xff,
    0x48, 0x24, 0x08, 0xff, 0x48, 0x24, 0x00, 0xff, 0x48, 0x24, 0x00, 0xff,
    0x50, 0x24, 0x08, 0xff, 0x50, 0x20, 0x00, 0xff, 0x50, 0x20, 0x00, 0xff,
    0x48, 0x24, 0x00, 0xff, 0x48, 0x24, 0x08, 0xff, 0x48, 0x24, 0x08, 0xff,
    0x50, 0x24, 0x08, 0xff, 0x48, 0x20, 0x00, 0xff, 0x48, 0x24, 0x08, 0xff,
    0x48, 0x24, 0x08, 0xff, 0x48, 0x20, 0x08, 0xff, 0x48, 0x24, 0x08, 0xff,
    0x50, 0x24, 0x00, 0xff, 0x50, 0x24, 0x00, 0xff, 0x48, 0x24, 0x00, 0xff,
    0x48, 0x24, 0x00, 0xff, 0x48, 0x24, 0x08, 0xff, 0x48, 0x24, 0x00, 0xff,
    0x50, 0x20, 0x08, 0xff, 0x50, 0x24, 0x08, 0xff, 0x50, 0x24, 0x08, 0xff,
    0x48, 0x24, 0x00, 0xff, 0x48, 0x24, 0x00, 0xff, 0x50, 0x24, 0x00, 0xff,
    0x48, 0x20, 0x00, 0xff, 0x50, 0x24, 0x00, 0xff, 0x48, 0x24, 0x00, 0xff,
    0x48, 0x20, 0x00, 0xff, 0x50, 0x24, 0x00, 0xff, 0x48, 0x24, 0x00, 0xff,
    0x48, 0x24, 0x00, 0xff, 0x48, 0x24, 0x00, 0xff, 0x50, 0x20, 0x00, 0xff,
    0x50, 0x24, 0x08, 0xff, 0x50, 0x24, 0x00, 0xff, 0x48, 0x24, 0x00, 0xff,
    0x48, 0x24, 0x00, 0xff, 0x48, 0x24, 0x00, 0xff, 0x50, 0x24, 0x00, 0xff,
    0x48, 0x20, 0x08, 0xff, 0x48, 0x24, 0x08, 0xff, 0x48, 0x20, 0x08, 0xff,
    0x50, 0x24, 0x00, 0xff, 0x48, 0x24, 0x08, 0xff, 0x48, 0x20, 0x00, 0xff,
    0x48, 0x24, 0x00, 0xff, 0x48, 0x20, 0x08, 0xff, 0x48, 0x24, 0x00, 0xff,
    0x48, 0x24, 0x00, 0xff, 0x50, 0x20, 0x08, 0xff, 0x50, 0x24, 0x00, 0xff,
    0x48, 0x24, 0x00, 0xff, 0x48, 0x20, 0x00, 0xff, 0x50, 0x24, 0x08, 0xff,
    0x48, 0x24, 0x08, 0xff, 0x50, 0x20, 0x00, 0xff, 0x50, 0x24, 0x08, 0xff,
    0x48, 0x24, 0x00, 0xff, 0x48, 0x20, 0x00, 0xff, 0x48, 0x24, 0x08, 0xff,
    0x50, 0x24, 0x08, 0xff, 0x50, 0x20, 0x00, 0xff, 0x50, 0x24, 0x00, 0xff,
    0x48, 0x24, 0x00, 0xff, 0x48, 0x24, 0x00, 0xff, 0x48, 0x20, 0x00, 0xff,
    0x48, 0x24, 0x00, 0xff, 0x50, 0x24, 0x08, 0xff, 0x50, 0x24, 0x00, 0xff,
    0x48, 0x24, 0x00, 0xff, 0x50, 0x24, 0x00, 0xff, 0x48, 0x24, 0x00, 0xff,
    0x48, 0x20, 0x08, 0xff, 0x50, 0x24, 0x08, 0xff, 0x50, 0x24, 0x00, 0xff,
    0x48, 0x24, 0x00, 0xff, 0x48, 0x24, 0x08, 0xff, 0x48, 0x24, 0x00, 0xff,
    0x50, 0x20, 0x00, 0xff, 0x50, 0x20, 0x00, 0xff, 0x48, 0x24, 0x00, 0xff,
    0x48, 0x24, 0x00, 0xff, 0x50, 0x20, 0x08, 0xff, 0x50, 0x24, 0x00, 0xff,
    0x48, 0x24, 0x08, 0xff, 0x48, 0x24, 0x00, 0xff, 0x50, 0x24, 0x08, 0xff,
    0x50, 0x24, 0x08, 0xff, 0x50, 0x24, 0x00, 0xff, 0x48, 0x24, 0x00, 0xff,
    0x48, 0x24, 0x00, 0xff, 0x48, 0x20, 0x08, 0xff, 0x48, 0x24, 0x08, 0xff,
    0x48, 0x24, 0x08, 0xff, 0x48, 0x24, 0x00, 0xff, 0x50, 0x24, 0x08, 0xff,
    0x50, 0x20, 0x08, 0xff, 0x48, 0x24, 0x00, 0xff, 0x48, 0x24, 0x00, 0xff,
    0x48, 0x24, 0x00, 0xff, 0x50, 0x24, 0x00, 0xff, 0x48, 0x24, 0x00, 0xff,
    0x48, 0x24, 0x00, 0xff, 0x48, 0x24, 0x00, 0xff, 0x48, 0x24, 0x08, 0xff,
    0x48, 0x20, 0x08, 0xff, 0x48, 0x24, 0x00, 0xff, 0x48, 0x24, 0x08, 0xff,
    0x50, 0x20, 0x08, 0xff, 0x50, 0x24, 0x00, 0xff, 0x50, 0x24, 0x08, 0xff,
    0x50, 0x20, 0x00, 0xff, 0x48, 0x24, 0x08, 0xff, 0x48, 0x20, 0x08, 0xff,
    0x48, 0x24, 0x00, 0xff, 0x50, 0x24, 0x00, 0xff, 0x50, 0x20, 0x00, 0xff,
    0x48, 0x20, 0x00, 0xff, 0x48, 0x24, 0x08, 0xff, 0x50, 0x24, 0x00, 0xff,
    0x50, 0x24, 0x00, 0xff, 0x48, 0x24, 0x08, 0xff, 0x48, 0x20, 0x08, 0xff,
    0x50, 0x24, 0x00, 0xff, 0x48, 0x24, 0x00, 0xff, 0x48, 0x20, 0x08, 0xff,
    0x48, 0x24, 0x00, 0xff, 0x48, 0x24, 0x00, 0xff, 0x50, 0x24, 0x00, 0xff,
    0x50, 0x24, 0x08, 0xff, 0x48, 0x24, 0x08, 0xff, 0x50, 0x20, 0x00, 0xff,
    0x48, 0x24, 0x08, 0xff, 0x48, 0x24, 0x00, 0xff, 0x48, 0x24, 0x00, 0xff,
    0x48, 0x20, 0x00, 0xff, 0x48, 0x24, 0x00, 0xff, 0x50, 0x24, 0x00, 0xff,
    0x50, 0x20, 0x00, 0xff, 0x48, 0x24, 0x00, 0xff, 0x48, 0x24, 0x08, 0xff,
    0x50, 0x24, 0x00, 0xff, 0x50, 0x24, 0x00, 0xff, 0x50, 0x20, 0x08, 0xff,
    0x48, 0x24, 0x00, 0xff, 0x48, 0x24, 0x00, 0xff, 0x48, 0x24, 0x08, 0xff,
    0x50, 0x24, 0x00, 0xff, 0x48, 0x24, 0x00, 0xff, 0x48, 0x24, 0x08, 0xff,
    0x50, 0x24, 0x00, 0xff, 0x48, 0x20, 0x00, 0xff, 0x48, 0x24, 0x00, 0xff,
    0x48, 0x24, 0x00, 0xff, 0x48, 0x24, 0x08, 0xff, 0x48, 0x24, 0x00, 0xff,
    0x48, 0x24, 0x00, 0xff, 0x50, 0x20, 0x00, 0xff, 0x50, 0x20, 0x00, 0xff,
    0x48, 0x24, 0x00, 0xff, 0x48, 0x24, 0x08, 0xff, 0x48, 0x24, 0x00, 0xff,
    0x50, 0x20, 0x00, 0xff, 0x50, 0x24, 0x00, 0xff, 0x50, 0x24, 0x00, 0xff,
    0x48, 0x24, 0x08, 0xff, 0x48, 0x20, 0x00, 0xff, 0x48, 0x24, 0x00, 0xff,
    0x48, 0x24, 0x00, 0xff, 0x50, 0x24, 0x00, 0xff, 0x50, 0x20, 0x00, 0xff,
    0x48, 0x24, 0x00, 0xff, 0x48, 0x24, 0x00, 0xff, 0x48, 0x24, 0x00, 0xff,
    0x48, 0x24, 0x08, 0xff, 0x50, 0x24, 0x00, 0xff, 0x48, 0x20, 0x00, 0xff,
    0x50, 0x24, 0x08, 0xff, 0x48, 0x24, 0x08, 0xff, 0x50, 0x24, 0x08, 0xff,
    0x50, 0x24, 0x00, 0xff, 0x48, 0x20, 0x08, 0xff, 0x50, 0x24, 0x08, 0xff,
    0x48, 0x24, 0x08, 0xff, 0x48, 0x20, 0x00, 0xff, 0x48, 0x24, 0x08, 0xff,
    0x48, 0x24, 0x08, 0xff, 0x48, 0x24, 0x00, 0xff, 0x50, 0x20, 0x00, 0xff,
    0x50, 0x24, 0x08, 0xff, 0x50, 0x24, 0x08, 0xff, 0x48, 0x24, 0x08, 0xff,
    0x50, 0x24, 0x00, 0xff, 0x50, 0x24, 0x00, 0xff, 0x48, 0x24, 0x00, 0xff,
    0x48, 0x20, 0x00, 0xff, 0x50, 0x24, 0x00, 0xff, 0x50, 0x24, 0x08, 0xff,
    0x50, 0x24, 0x00, 0xff, 0x48, 0x24, 0x00, 0xff, 0x48, 0x24, 0x08, 0xff,
    0x48, 0x24, 0x00, 0xff, 0x48, 0x24, 0x08, 0xff, 0x48, 0x20, 0x08, 0xff,
    0x50, 0x24, 0x08, 0xff, 0x48, 0x24, 0x00, 0xff, 0x48, 0x24, 0x00, 0xff,
    0x50, 0x24, 0x00, 0xff, 0x48, 0x20, 0x00, 0xff, 0x48, 0x24, 0x00, 0xff,
    0x48, 0x24, 0x00, 0xff, 0x50, 0x24, 0x00, 0xff, 0x48, 0x24, 0x00, 0xff,
    0x48, 0x20, 0x08, 0xff, 0x48, 0x24, 0x00, 0xff, 0x48, 0x24, 0x00, 0xff,
    0x48, 0x24, 0x08, 0xff, 0x50, 0x20, 0x08, 0xff, 0x50, 0x24, 0x08, 0xff,
    0x48, 0x24, 0x00, 0xff, 0x50, 0x20, 0x00, 0xff, 0x48, 0x24, 0x00, 0xff,
    0x48, 0x20, 0x00, 0xff, 0x48, 0x20, 0x08, 0xff, 0x50, 0x24, 0x00, 0xff,
    0x50, 0x24, 0x00, 0xff, 0x48, 0x20, 0x00, 0xff, 0x48, 0x20, 0x08, 0xff,
    0x48, 0x24, 0x08, 0xff, 0x50, 0x24, 0x00, 0xff, 0x50, 0x20, 0x00, 0xff,
    0x48, 0x24, 0x00, 0xff, 0x48, 0x24, 0x08, 0xff, 0x50, 0x24, 0x08, 0xff,
    0x48, 0x20, 0x08, 0xff, 0x48, 0x24, 0x00, 0xff, 0x48, 0x20, 0x00, 0xff,
    0x50, 0x24, 0x00, 0xff, 0x48, 0x20, 0x08, 0xff, 0x48, 0x20, 0x00, 0xff,
    0x48, 0x24, 0x00, 0xff, 0x48, 0x24, 0x00, 0xff, 0x50, 0x24, 0x08, 0xff,
    0x48, 0x24, 0x00, 0xff, 0x50, 0x20, 0x00, 0xff, 0x50, 0x24, 0x00, 0xff,
    0x50, 0x24, 0x00, 0xff, 0x50, 0x24, 0x08, 0xff, 0x48, 0x24, 0x00, 0xff,
    0x48, 0x24, 0x00, 0xff, 0x48, 0x24, 0x00, 0xff, 0x50, 0x24, 0x00, 0xff,
    0x50, 0x20, 0x08, 0xff, 0x48, 0x24, 0x08, 0xff, 0x48, 0x24, 0x08, 0xff,
    0x48, 0x20, 0x00, 0xff, 0x48, 0x24, 0x00, 0xff, 0x50, 0x24, 0x00, 0xff,
    0x50, 0x24, 0x00, 0xff, 0x50, 0x20, 0x08, 0xff, 0x48, 0x24, 0x00, 0xff,
    0x48, 0x24, 0x00, 0xff, 0x48, 0x24, 0x00, 0xff, 0x48, 0x20, 0x00, 0xff,
    0x48, 0x24, 0x08, 0xff, 0x50, 0x24, 0x00, 0xff, 0x48, 0x24, 0x00, 0xff,
    0x50, 0x24, 0x00, 0xff, 0x48, 0x24, 0x08, 0xff, 0x48, 0x24, 0x08, 0xff,
    0x48, 0x24, 0x00, 0xff, 0x48, 0x24, 0x00, 0xff, 0x48, 0x24, 0x08, 0xff,
    0x48, 0x24, 0x08, 0xff, 0x50, 0x20, 0x00, 0xff, 0x50, 0x24, 0x00, 0xff,
    0x48, 0x20, 0x08, 0xff, 0x50, 0x24, 0x08, 0xff, 0x48, 0x24, 0x00, 0xff,
    0x50, 0x24, 0x08, 0xff, 0x48, 0x24, 0x08, 0xff, 0x48, 0x20, 0x00, 0xff,
    0x48, 0x24, 0x00, 0xff, 0x48, 0x24, 0x00, 0xff, 0x48, 0x24, 0x08, 0xff,
    0x50, 0x20, 0x00, 0xff, 0x50, 0x24, 0x00, 0xff, 0x48, 0x24, 0x08, 0xff,
    0x50, 0x24, 0x08, 0xff, 0x48, 0x24, 0x08, 0xff, 0x48, 0x20, 0x08, 0xff,
    0x48, 0x24, 0x00, 0xff, 0x50, 0x24, 0x00, 0xff, 0x50, 0x24, 0x00, 0xff,
    0x48, 0x20, 0x08, 0xff, 0x48, 0x20, 0x08, 0xff, 0x48, 0x24, 0x00, 0xff,
    0x48, 0x24, 0x00, 0xff, 0x50, 0x24, 0x00, 0xff, 0x50, 0x24, 0x00, 0xff,
    0x48, 0x20, 0x08, 0xff, 0x48, 0x24, 0x08, 0xff, 0x48, 0x24, 0x00, 0xff,
    0x48, 0x24, 0x08, 0xff, 0x50, 0x20, 0x08, 0xff, 0x50, 0x24, 0x08, 0xff,
    0x48, 0x24, 0x00, 0xff, 0x48, 0x20, 0x00, 0xff, 0x50, 0x24, 0x08, 0xff,
    0x50, 0x24, 0x08, 0xff, 0x48, 0x24, 0x08, 0xff, 0x48, 0x24, 0x00, 0xff,
    0x50, 0x24, 0x00, 0xff, 0x48, 0x24, 0x00, 0xff, 0x50, 0x20, 0x00, 0xff,
    0x50, 0x24, 0x08, 0xff, 0x48, 0x24, 0x00, 0xff, 0x48, 0x24, 0x00, 0xff,
    0x48, 0x20, 0x00, 0xff, 0x48, 0x24, 0x08, 0xff, 0x50, 0x24, 0x08, 0xff,
    0x50, 0x20, 0x08, 0xff, 0x48, 0x20, 0x08, 0xff, 0x48, 0x24, 0x08, 0xff,
    0x50, 0x24, 0x00, 0xff, 0x48, 0x24, 0x00, 0xff, 0x50, 0x20, 0x00, 0xff,
    0x48, 0x20, 0x00, 0xff, 0x48, 0x24, 0x08, 0xff, 0x50, 0x20, 0x08, 0xff,
    0x48, 0x24, 0x00, 0xff, 0x48, 0x24, 0x00, 0xff, 0x48, 0x20, 0x00, 0xff,
    0x48, 0x24, 0x08, 0xff, 0x48, 0x24, 0x00, 0xff, 0x48, 0x24, 0x00, 0xff,
    0x50, 0x20, 0x00, 0xff, 0x50, 0x24, 0x08, 0xff, 0x50, 0x24, 0x00, 0xff,
    0x48, 0x20, 0x00, 0xff, 0x48, 0x20, 0x00, 0xff, 0x48, 0x24, 0x08, 0xff,
    0x48, 0x24, 0x08, 0xff, 0x48, 0x20, 0x00, 0xff, 0x48, 0x20, 0x00, 0xff,
    0x48, 0x24, 0x00, 0xff, 0x48, 0x24, 0x00, 0xff, 0x50, 0x24, 0x00, 0xff,
    0x48, 0x24, 0x08, 0xff, 0x48, 0x24, 0x00, 0xff, 0x50, 0x24, 0x00, 0xff,
    0x48, 0x20, 0x08, 0xff, 0x50, 0x24, 0x08, 0xff, 0x50, 0x24, 0x00, 0xff,
    0x48, 0x24, 0x00, 0xff, 0x50, 0x20, 0x00, 0xff, 0x48, 0x24, 0x00, 0xff,
    0x48, 0x24, 0x00, 0xff, 0x50, 0x24, 0x08, 0xff, 0x48, 0x24, 0x00, 0xff,
    0x48, 0x20, 0x08, 0xff, 0x48, 0x24, 0x00, 0xff, 0x48, 0x24, 0x08, 0xff,
    0x50, 0x20, 0x08, 0xff, 0x48, 0x24, 0x08, 0xff, 0x50, 0x24, 0x00, 0xff,
    0x50, 0x24, 0x00, 0xff, 0x48, 0x24, 0x00, 0xff, 0x48, 0x24, 0x08, 0xff,
    0x50, 0x20, 0x08, 0xff, 0x48, 0x24, 0x00, 0xff, 0x48, 0x24, 0x00, 0xff,
    0x50, 0x24, 0x08, 0xff, 0x48, 0x20, 0x00, 0xff, 0x48, 0x24, 0x08, 0xff,
    0x48, 0x24, 0x08, 0xff, 0x50, 0x24, 0x00, 0xff, 0x48, 0x24, 0x08, 0xff,
    0x48, 0x24, 0x00, 0xff, 0x50, 0x24, 0x08, 0xff, 0x48, 0x24, 0x00, 0xff,
    0x48, 0x20, 0x00, 0xff, 0x48, 0x24, 0x00, 0xff, 0x50, 0x24, 0x08, 0xff,
    0x48, 0x24, 0x08, 0xff, 0x48, 0x24, 0x00, 0xff, 0x48, 0x20, 0x00, 0xff,
    0x50, 0x24, 0x00, 0xff, 0x48, 0x24, 0x08, 0xff, 0x48, 0x24, 0x08, 0xff,
    0x48, 0x24, 0x00, 0xff, 0x50, 0x24, 0x00, 0xff, 0x50, 0x24, 0x00, 0xff,
    0x48, 0x24, 0x00, 0xff, 0x48, 0x20, 0x08, 0xff, 0x48, 0x20, 0x00, 0xff,
    0x50, 0x24, 0x08, 0xff, 0x48, 0x24, 0x00, 0xff, 0x48, 0x24, 0x08, 0xff,
    0x48, 0x24, 0x00, 0xff, 0x48, 0x20, 0x00, 0xff, 0x50, 0x24, 0x08, 0xff,
    0x48, 0x20, 0x00, 0xff, 0x50, 0x20, 0x08, 0xff, 0x48, 0x24, 0x08, 0xff,
    0x48, 0x24, 0x00, 0xff, 0x48, 0x20, 0x00, 0xff, 0x50, 0x24, 0x00, 0xff,
    0x50, 0x24, 0x08, 0xff, 0x50, 0x20, 0x08, 0xff, 0x48, 0x24, 0x00, 0xff,
    0x48, 0x24, 0x08, 0xff, 0x48, 0x24, 0x00, 0xff, 0x50, 0x24, 0x00, 0xff,
    0x48, 0x24, 0x08, 0xff, 0x48, 0x20, 0x08, 0xff, 0x50, 0x24, 0x00, 0xff,
    0x48, 0x24, 0x00, 0xff, 0x48, 0x24, 0x00, 0xff, 0x50, 0x20, 0x00, 0xff,
    0x48, 0x24, 0x08, 0xff, 0x48, 0x24, 0x00, 0xff, 0x48, 0x20, 0x00, 0xff,
    0x50, 0x24, 0x08, 0xff, 0x50, 0x24, 0x08, 0xff, 0x50, 0x24, 0x00, 0xff,
    0x48, 0x20, 0x00, 0xff, 0x48, 0x24, 0x00, 0xff, 0x48, 0x24, 0x08, 0xff,
    0x48, 0x24, 0x00, 0xff, 0x48, 0x24, 0x00, 0xff, 0x50, 0x24, 0x00, 0xff,
    0x48, 0x20, 0x00, 0xff, 0x50, 0x24, 0x00, 0xff, 0x48, 0x24, 0x08, 0xff,
    0x50, 0x20, 0x08, 0xff, 0x50, 0x24, 0x00, 0xff, 0x48, 0x20, 0x00, 0xff,
    0x48, 0x24, 0x08, 0xff, 0x50, 0x24, 0x00, 0xff, 0x50, 0x20, 0x00, 0xff,
    0x48, 0x24, 0x00, 0xff, 0x50, 0x24, 0x00, 0xff, 0x50, 0x20, 0x00, 0xff,
    0x48, 0x24, 0x08, 0xff, 0x48, 0x24, 0x08, 0xff, 0x48, 0x24, 0x08, 0xff,
    0x50, 0x24, 0x00, 0xff, 0x48, 0x24, 0x00, 0xff, 0x48, 0x24, 0x08, 0xff,
    0x50, 0x24, 0x08, 0xff, 0x48, 0x20, 0x08, 0xff, 0x48, 0x20, 0x08, 0xff,
    0x48, 0x24, 0x00, 0xff, 0x50, 0x20, 0x00, 0xff, 0x50, 0x24, 0x08, 0xff,
    0x48, 0x20, 0x00, 0xff, 0x48, 0x24, 0x00, 0xff, 0x50, 0x24, 0x00, 0xff,
    0x50, 0x20, 0x08, 0xff, 0x50, 0x24, 0x08, 0xff, 0x48, 0x24, 0x00, 0xff,
    0x48, 0x24, 0x00, 0xff, 0x48, 0x20, 0x00, 0xff, 0x50, 0x24, 0x08, 0xff,
    0x48, 0x24, 0x08, 0xff, 0x50, 0x20, 0x08, 0xff, 0x48, 0x24, 0x08, 0xff,
    0x48, 0x24, 0x00, 0xff, 0x48, 0x24, 0x08, 0xff, 0x48, 0x20, 0x08, 0xff,
    0x50, 0x24, 0x08, 0xff, 0x50, 0x24, 0x00, 0xff, 0x48, 0x24, 0x00, 0xff,
    0x50, 0x24, 0x00, 0xff, 0x48, 0x24, 0x00, 0xff, 0x48, 0x24, 0x00, 0xff,
    0x50, 0x24, 0x08, 0xff, 0x48, 0x20, 0x08, 0xff, 0x48, 0x24, 0x08, 0xff,
    0x50, 0x24, 0x08, 0xff, 0x50, 0x24, 0x00, 0xff, 0x48, 0x24, 0x00, 0xff,
    0x48, 0x24, 0x00, 0xff, 0x50, 0x24, 0x00, 0xff, 0x48, 0x20, 0x08, 0xff,
    0x50, 0x24, 0x00, 0xff, 0x50, 0x24, 0x00, 0xff, 0x48, 0x24, 0x08, 0xff,
    0x48, 0x24, 0x00, 0xff, 0x48, 0x24, 0x00, 0xff, 0x48, 0x24, 0x08, 0xff,
    0x50, 0x24, 0x00, 0xff, 0x50, 0x24, 0x08, 0xff, 0x50, 0x24, 0x00, 0xff,
    0x48, 0x24, 0x00, 0xff, 0x48, 0x24, 0x00, 0xff, 0x50, 0x24, 0x00, 0xff,
    0x50, 0x24, 0x08, 0xff, 0x48, 0x20, 0x08, 0xff, 0x48, 0x20, 0x08, 0xff,
    0x50, 0x24, 0x00, 0xff, 0x48, 0x24, 0x08, 0xff, 0x48, 0x20, 0x08, 0xff,
    0x48, 0x24, 0x00, 0xff, 0x48, 0x20, 0x00, 0xff, 0x48, 0x24, 0x00, 0xff,
    0x48, 0x24, 0x00, 0xff, 0x50, 0x24, 0x08, 0xff, 0x50, 0x24, 0x00, 0xff,
    0x48, 0x24, 0x00, 0xff, 0x48, 0x20, 0x00, 0xff, 0x50, 0x24, 0x08, 0xff,
    0x50, 0x24, 0x00, 0xff, 0x48, 0x20, 0x08, 0xff, 0x50, 0x24, 0x00, 0xff,
    0x50, 0x24, 0x00, 0xff, 0x48, 0x20, 0x00, 0xff, 0x48, 0x24, 0x08, 0xff,
    0x48, 0x20, 0x08, 0xff, 0x50, 0x24, 0x00, 0xff, 0x50, 0x24, 0x00, 0xff,
    0x48, 0x20, 0x00, 0xff, 0x50, 0x24, 0x00, 0xff, 0x48, 0x24, 0x00, 0xff,
    0x48, 0x24, 0x00, 0xff, 0x50, 0x24, 0x08, 0xff, 0x48, 0x24, 0x00, 0xff,
    0x50, 0x24, 0x00, 0xff, 0x50, 0x24, 0x08, 0xff, 0x48, 0x24, 0x00, 0xff,
    0x48, 0x20, 0x08, 0xff, 0x48, 0x24, 0x00, 0xff, 0x50, 0x24, 0x00, 0xff,
    0x48, 0x24, 0x00, 0xff, 0x50, 0x24, 0x08, 0xff, 0x48, 0x24, 0x00, 0xff,
    0x48, 0x20, 0x00, 0xff, 0x50, 0x24, 0x00, 0xff, 0x50, 0x24, 0x00, 0xff,
    0x48, 0x24, 0x08, 0xff, 0x50, 0x24, 0x00, 0xff, 0x50, 0x24, 0x00, 0xff,
    0x48, 0x24, 0x08, 0xff, 0x48, 0x20, 0x00, 0xff, 0x50, 0x24, 0x08, 0xff,
    0x48, 0x24, 0x08, 0xff, 0x50, 0x24, 0x00, 0xff, 0x50, 0x24, 0x00, 0xff,
    0x48, 0x24, 0x00, 0xff, 0x48, 0x24, 0x08, 0xff, 0x50, 0x20, 0x00, 0xff,
    0x48, 0x24, 0x08, 0xff, 0x48, 0x20, 0x00, 0xff, 0x48, 0x24, 0x00, 0xff,
    0x50, 0x24, 0x08, 0xff, 0x48, 0x24, 0x00, 0xff, 0x50, 0x24, 0x00, 0xff,
    0x48, 0x20, 0x08, 0xff, 0x50, 0x24, 0x00, 0xff, 0x48, 0x24, 0x00, 0xff,
    0x48, 0x24, 0x00, 0xff, 0x48, 0x24, 0x08, 0xff, 0x50, 0x20, 0x08, 0xff,
    0x48, 0x20, 0x00, 0xff, 0x48, 0x24, 0x00, 0xff, 0x48, 0x24, 0x08, 0xff,
    0x50, 0x20, 0x00, 0xff, 0x50, 0x24, 0x00, 0xff, 0x48, 0x24, 0x08, 0xff,
    0x50, 0x24, 0x08, 0xff, 0x48, 0x20, 0x08, 0xff, 0x48, 0x24, 0x08, 0xff,
    0x50, 0x24, 0x00, 0xff, 0x50, 0x20, 0x08, 0xff, 0x50, 0x24, 0x00, 0xff,
    0x48, 0x24, 0x00, 0xff, 0x48, 0x20, 0x00, 0xff, 0x48, 0x20, 0x00, 0xff,
    0x50, 0x24, 0x00, 0xff, 0x48, 0x24, 0x08, 0xff, 0x50, 0x24, 0x00, 0xff,
    0x48, 0x24, 0x00, 0xff, 0x50, 0x20, 0x00, 0xff, 0x48, 0x24, 0x08, 0xff,
    0x48, 0x24, 0x00, 0xff, 0x48, 0x20, 0x08, 0xff, 0x50, 0x24, 0x00, 0xff,
    0x48, 0x24, 0x00, 0xff, 0x48, 0x24, 0x08, 0xff, 0x50, 0x24, 0x00, 0xff,
    0x48, 0x24, 0x00, 0xff, 0x48, 0x24, 0x00, 0xff, 0x48, 0x20, 0x08, 0xff,
    0x48, 0x24, 0x08, 0xff, 0x48, 0x24, 0x00, 0xff, 0x48, 0x24, 0x00, 0xff,
    0x50, 0x24, 0x00, 0xff, 0x48, 0x24, 0x00, 0xff, 0x48, 0x20, 0x00, 0xff,
    0x48, 0x24, 0x00, 0xff, 0x50, 0x24, 0x00, 0xff, 0x50, 0x24, 0x00, 0xff,
    0x48, 0x24, 0x00, 0xff, 0x48, 0x24, 0x00, 0xff, 0x48, 0x24, 0x00, 0xff,
    0x50, 0x24, 0x00, 0xff, 0x48, 0x24, 0x00, 0xff, 0x50, 0x24, 0x00, 0xff,
    0x50, 0x24, 0x00, 0xff, 0x48, 0x24, 0x00, 0xff, 0x48, 0x24, 0x08, 0xff,
    0x48, 0x20, 0x00, 0xff, 0x48, 0x24, 0x00, 0xff, 0x48, 0x24, 0x00, 0xff,
    0x48, 0x20, 0x08, 0xff, 0x50, 0x24, 0x00, 0xff, 0x48, 0x24, 0x00, 0xff,
    0x48, 0x20, 0x00, 0xff, 0x48, 0x24, 0x00, 0xff, 0x50, 0x24, 0x00, 0xff,
    0x48, 0x24, 0x00, 0xff, 0x48, 0x20, 0x00, 0xff, 0x50, 0x24, 0x00, 0xff,
    0x48, 0x24, 0x00, 0xff, 0x48, 0x20, 0x00, 0xff, 0x48, 0x24, 0x00, 0xff,
    0x48, 0x20, 0x08, 0xff, 0x50, 0x24, 0x00, 0xff, 0x48, 0x24, 0x00, 0xff,
    0x48, 0x20, 0x00, 0xff, 0x48, 0x24, 0x00, 0xff, 0x48, 0x24, 0x00, 0xff,
    0x50, 0x24, 0x00, 0xff, 0x48, 0x24, 0x00, 0xff, 0x48, 0x24, 0x08, 0xff,
    0x50, 0x24, 0x08, 0xff, 0x48, 0x20, 0x08, 0xff, 0x50, 0x24, 0x00, 0xff,
    0x48, 0x24, 0x00, 0xff, 0x48, 0x24, 0x08, 0xff, 0x50, 0x20, 0x08, 0xff,
    0x50, 0x20, 0x00, 0xff, 0x48, 0x24, 0x00, 0xff, 0x48, 0x20, 0x00, 0xff,
    0x48, 0x24, 0x08, 0xff, 0x48, 0x24, 0x00, 0xff, 0x48, 0x24, 0x00, 0xff,
    0x50, 0x24, 0x08, 0xff, 0x50, 0x20, 0x00, 0xff, 0x48, 0x24, 0x08, 0xff,
    0x48, 0x24, 0x08, 0xff, 0x50, 0x24, 0x00, 0xff, 0x48, 0x24, 0x00, 0xff,
    0x48, 0x24, 0x08, 0xff, 0x50, 0x20, 0x00, 0xff, 0x48, 0x24, 0x00, 0xff,
    0x50, 0x24, 0x00, 0xff, 0x48, 0x24, 0x08, 0xff, 0x50, 0x20, 0x00, 0xff,
    0x48, 0x24, 0x00, 0xff, 0x48, 0x20, 0x08, 0xff, 0x48, 0x24, 0x08, 0xff,
    0x50, 0x24, 0x08, 0xff, 0x48, 0x20, 0x00, 0xff, 0x48, 0x24, 0x00, 0xff,
    0x50, 0x24, 0x08, 0xff, 0x50, 0x24, 0x00, 0xff, 0x48, 0x24, 0x08, 0xff,
    0x48, 0x24, 0x00, 0xff, 0x50, 0x24, 0x00, 0xff, 0x48, 0x24, 0x00, 0xff,
    0x48, 0x24, 0x00, 0xff, 0x48, 0x20, 0x08, 0xff, 0x48, 0x24, 0x08, 0xff,
    0x48, 0x24, 0x00, 0xff, 0x48, 0x24, 0x00, 0xff, 0x50, 0x24, 0x08, 0xff,
    0x48, 0x20, 0x08, 0xff, 0x48, 0x24, 0x00, 0xff, 0x48, 0x24, 0x00, 0xff,
    0x50, 0x20, 0x00, 0xff, 0x48, 0x20, 0x00, 0xff, 0x48, 0x24, 0x00, 0xff,
    0x50, 0x24, 0x00, 0xff, 0x50, 0x20, 0x00, 0xff, 0x48, 0x24, 0x08, 0xff,
    0x50, 0x24, 0x08, 0xff, 0x50, 0x24, 0x08, 0xff, 0x48, 0x20, 0x00, 0xff,
    0x48, 0x24, 0x00, 0xff, 0x50, 0x24, 0x08, 0xff, 0x48, 0x24, 0x08, 0xff,
    0x48, 0x20, 0x00, 0xff, 0x48, 0x24, 0x00, 0xff, 0x48, 0x20, 0x00, 0xff,
    0x50, 0x20, 0x00, 0xff, 0x48, 0x24, 0x08, 0xff, 0x48, 0x24, 0x00, 0xff,
    0x50, 0x24, 0x00, 0xff, 0x48, 0x20, 0x08, 0xff, 0x48, 0x24, 0x08, 0xff,
    0x48, 0x24, 0x00, 0xff, 0x50, 0x20, 0x00, 0xff, 0x48, 0x24, 0x08, 0xff,
    0x50, 0x24, 0x00, 0xff, 0x50, 0x24, 0x08, 0xff, 0x48, 0x24, 0x00, 0xff,
    0x48, 0x24, 0x00, 0xff, 0x48, 0x24, 0x00, 0xff, 0x48, 0x24, 0x00, 0xff,
    0x50, 0x24, 0x00, 0xff, 0x48, 0x24, 0x08, 0xff, 0x50, 0x24, 0x08, 0xff,
    0x48, 0x20, 0x00, 0xff, 0x48, 0x24, 0x00, 0xff, 0x48, 0x24, 0x00, 0xff,
    0x50, 0x24, 0x00, 0xff, 0x50, 0x24, 0x08, 0xff, 0x50, 0x20, 0x00, 0xff,
    0x48, 0x24, 0x00, 0xff, 0x48, 0x24, 0x00, 0xff, 0x48, 0x24, 0x00, 0xff,
    0x48, 0x20, 0x00, 0xff, 0x50, 0x24, 0x00, 0xff, 0x50, 0x24, 0x00, 0xff,
    0x48, 0x24, 0x08, 0xff, 0x48, 0x24, 0x00, 0xff, 0x48, 0x20, 0x08, 0xff,
    0x48, 0x24, 0x00, 0xff, 0x48, 0x24, 0x00, 0xff, 0x50, 0x24, 0x08, 0xff,
    0x48, 0x24, 0x08, 0xff, 0x50, 0x24, 0x00, 0xff, 0x48, 0x20, 0x08, 0xff,
    0x50, 0x20, 0x00, 0xff, 0x48, 0x24, 0x08, 0xff, 0x50, 0x20, 0x08, 0xff,
    0x50, 0x24, 0x08, 0xff, 0x48, 0x24, 0x00, 0xff, 0x48, 0x24, 0x00, 0xff,
    0x50, 0x24, 0x00, 0xff, 0x48, 0x20, 0x00, 0xff, 0x48, 0x24, 0x08, 0xff,
    0x50, 0x24, 0x08, 0xff, 0x48, 0x24, 0x08, 0xff, 0x48, 0x24, 0x00, 0xff,
    0x50, 0x24, 0x00, 0xff, 0x48, 0x20, 0x08, 0xff, 0x48, 0x24, 0x08, 0xff,
    0x48, 0x24, 0x08, 0xff, 0x50, 0x20, 0x00, 0xff, 0x50, 0x24, 0x00, 0xff,
    0x50, 0x20, 0x08, 0xff, 0x48, 0x20, 0x08, 0xff, 0x48, 0x24, 0x00, 0xff,
    0x50, 0x20, 0x00, 0xff, 0x50, 0x24, 0x00, 0xff, 0x50, 0x24, 0x08, 0xff,
    0x48, 0x24, 0x08, 0xff, 0x48, 0x24, 0x08, 0xff, 0x48, 0x24, 0x00, 0xff,
    0x48, 0x20, 0x08, 0xff, 0x48, 0x24, 0x08, 0xff, 0x50, 0x24, 0x00, 0xff,
    0x48, 0x24, 0x00, 0xff, 0x48, 0x24, 0x00, 0xff, 0x50, 0x24, 0x08, 0xff,
    0x50, 0x20, 0x00, 0xff, 0x48, 0x24, 0x08, 0xff, 0x50, 0x24, 0x00, 0xff,
    0x50, 0x24, 0x08, 0xff, 0x48, 0x24, 0x00, 0xff, 0x48, 0x24, 0x00, 0xff,
    0x50, 0x20, 0x08, 0xff, 0x50, 0x24, 0x08, 0xff, 0x48, 0x24, 0x00, 0xff,
    0x50, 0x24, 0x00, 0xff, 0x48, 0x24, 0x08, 0xff, 0x50, 0x24, 0x08, 0xff,
    0x50, 0x24, 0x00, 0xff, 0x48, 0x20, 0x08, 0xff, 0x48, 0x24, 0x08, 0xff,
    0x50, 0x24, 0x08, 0xff, 0x50, 0x24, 0x00, 0xff, 0x50, 0x24, 0x00, 0xff,
    0x48, 0x24, 0x08, 0xff, 0x48, 0x20, 0x00, 0xff, 0x48, 0x20, 0x00, 0xff,
    0x48, 0x24, 0x00, 0xff, 0x50, 0x20, 0x00, 0xff, 0x48, 0x24, 0x08, 0xff,
    0x48, 0x24, 0x00, 0xff, 0x48, 0x20, 0x00, 0xff, 0x48, 0x24, 0x00, 0xff,
    0x48, 0x24, 0x08, 0xff, 0x50, 0x24, 0x08, 0xff, 0x50, 0x24, 0x08, 0xff,
    0x50, 0x20, 0x00, 0xff, 0x48, 0x24, 0x00, 0xff, 0x48, 0x20, 0x08, 0xff,
    0x48, 0x20, 0x00, 0xff, 0x48, 0x24, 0x08, 0xff, 0x48, 0x24, 0x00, 0xff,
    0x48, 0x24, 0x00, 0xff, 0x48, 0x20, 0x00, 0xff, 0x50, 0x24, 0x00, 0xff,
    0x50, 0x24, 0x00, 0xff, 0x48, 0x20, 0x00, 0xff, 0x50, 0x24, 0x00, 0xff,
    0x48, 0x24, 0x08, 0xff, 0x50, 0x24, 0x00, 0xff, 0x48, 0x24, 0x08, 0xff,
    0x48, 0x24, 0x00, 0xff, 0x50, 0x24, 0x00, 0xff, 0x48, 0x20, 0x00, 0xff,
    0x48, 0x24, 0x00, 0xff, 0x50, 0x24, 0x08, 0xff, 0x48, 0x20, 0x00, 0xff,
    0x48, 0x24, 0x00, 0xff, 0x48, 0x24, 0x00, 0xff, 0x48, 0x24, 0x00, 0xff,
    0x48, 0x20, 0x08, 0xff, 0x48, 0x24, 0x08, 0xff, 0x50, 0x24, 0x00, 0xff,
    0x50, 0x20, 0x00, 0xff, 0x48, 0x24, 0x00, 0xff, 0x50, 0x24, 0x00, 0xff,
    0x50, 0x24, 0x08, 0xff, 0x48, 0x24, 0x08, 0xff, 0x48, 0x20, 0x08, 0xff,
    0x50, 0x24, 0x00, 0xff, 0x50, 0x20, 0x00, 0xff, 0x50, 0x24, 0x08, 0xff,
    0x48, 0x24, 0x08, 0xff, 0x48, 0x24, 0x08, 0xff, 0x48, 0x24, 0x00, 0xff,
    0x50, 0x20, 0x08, 0xff, 0x48, 0x24, 0x08, 0xff, 0x48, 0x24, 0x00, 0xff,
    0x48, 0x20, 0x00, 0xff, 0x48, 0x20, 0x00, 0xff, 0x48, 0x24, 0x08, 0xff,
    0x50, 0x24, 0x08, 0xff, 0x48, 0x24, 0x00, 0xff, 0x48, 0x20, 0x00, 0xff,
    0x50, 0x24, 0x08, 0xff, 0x48, 0x24, 0x00, 0xff, 0x50, 0x24, 0x08, 0xff,
    0x48, 0x24, 0x08, 0xff, 0x50, 0x24, 0x00, 0xff, 0x50, 0x24, 0x00, 0xff,
    0x48, 0x20, 0x00, 0xff, 0x48, 0x24, 0x00, 0xff, 0x50, 0x24, 0x00, 0xff,
    0x48, 0x20, 0x08, 0xff, 0x48, 0x24, 0x08, 0xff, 0x50, 0x24, 0x00, 0xff,
    0x48, 0x24, 0x00, 0xff, 0x48, 0x24, 0x00, 0xff, 0x50, 0x24, 0x08, 0xff,
    0x50, 0x20, 0x08, 0xff, 0x50, 0x20, 0x08, 0xff, 0x48, 0x24, 0x08, 0xff,
    0x48, 0x20, 0x08, 0xff, 0x48, 0x24, 0x00, 0xff, 0x48, 0x24, 0x00, 0xff,
    0x50, 0x20, 0x08, 0xff, 0x50, 0x24, 0x00, 0xff, 0x50, 0x24, 0x00, 0xff,
    0x48, 0x24, 0x08, 0xff, 0x48, 0x24, 0x08, 0xff, 0x48, 0x20, 0x00, 0xff,
    0x48, 0x24, 0x08, 0xff, 0x48, 0x24, 0x08, 0xff, 0x50, 0x24, 0x08, 0xff,
    0x50, 0x20, 0x00, 0xff, 0x48, 0x24, 0x00, 0xff, 0x48, 0x24, 0x00, 0xff,
    0x48, 0x24, 0x00, 0xff, 0x48, 0x20, 0x00, 0xff, 0x50, 0x24, 0x00, 0xff,
    0x50, 0x24, 0x08, 0xff, 0x50, 0x24, 0x08, 0xff, 0x48, 0x24, 0x00, 0xff,
    0x48, 0x24, 0x08, 0xff, 0x48, 0x24, 0x00, 0xff, 0x48, 0x24, 0x00, 0xff,
    0x48, 0x24, 0x08, 0xff, 0x50, 0x24, 0x00, 0xff, 0x48, 0x24, 0x00, 0xff,
    0x48, 0x24, 0x00, 0xff, 0x50, 0x24, 0x00, 0xff, 0x48, 0x20, 0x08, 0xff,
    0x48, 0x24, 0x08, 0xff, 0x50, 0x24, 0x00, 0xff, 0x48, 0x20, 0x00, 0xff,
    0x48, 0x24, 0x00, 0xff, 0x50, 0x20, 0x00, 0xff, 0x50, 0x20, 0x08, 0xff,
    0x48, 0x24, 0x00, 0xff, 0x50, 0x24, 0x00, 0xff, 0x50, 0x20, 0x00, 0xff,
    0x50, 0x24, 0x00, 0xff, 0x48, 0x24, 0x08, 0xff, 0x48, 0x24, 0x08, 0xff,
    0x48, 0x24, 0x00, 0xff, 0x48, 0x24, 0x08, 0xff, 0x48, 0x24, 0x08, 0xff,
    0x48, 0x24, 0x08, 0xff, 0x48, 0x20, 0x08, 0xff, 0x48, 0x24, 0x00, 0xff,
    0x50, 0x20, 0x00, 0xff, 0x50, 0x20, 0x00, 0xff, 0x48, 0x24, 0x08, 0xff,
    0x48, 0x24, 0x00, 0xff, 0x50, 0x20, 0x00, 0xff, 0x48, 0x24, 0x00, 0xff,
    0x50, 0x20, 0x08, 0xff, 0x50, 0x24, 0x08, 0xff, 0x48, 0x24, 0x00, 0xff,
    0x48, 0x24, 0x00, 0xff, 0x50, 0x24, 0x00, 0xff, 0x48, 0x24, 0x08, 0xff,
    0x48, 0x20, 0x00, 0xff, 0x50, 0x24, 0x08, 0xff, 0x48, 0x20, 0x08, 0xff,
    0x48, 0x24, 0x00, 0xff, 0x50, 0x24, 0x00, 0xff, 0x48, 0x24, 0x08, 0xff,
    0x48, 0x24, 0x08, 0xff, 0x50, 0x20, 0x00, 0xff, 0x48, 0x24, 0x00, 0xff,
    0x48, 0x20, 0x00, 0xff, 0x48, 0x24, 0x00, 0xff, 0x50, 0x24, 0x00, 0xff,
    0x50, 0x24, 0x00, 0xff, 0x48, 0x20, 0x08, 0xff, 0x48, 0x20, 0x08, 0xff,
    0x50, 0x24, 0x00, 0xff, 0x48, 0x24, 0x08, 0xff, 0x50, 0x24, 0x08, 0xff,
    0x50, 0x24, 0x00, 0xff, 0x48, 0x24, 0x00, 0xff, 0x48, 0x24, 0x00, 0xff,
    0x50, 0x24, 0x08, 0xff, 0x50, 0x24, 0x08, 0xff, 0x50, 0x24, 0x00, 0xff,
    0x48, 0x24, 0x00, 0xff, 0x48, 0x24, 0x00, 0xff, 0x48, 0x24, 0x00, 0xff,
    0x48, 0x24, 0x00, 0xff, 0x50, 0x24, 0x08, 0xff, 0x50, 0x24, 0x00, 0xff,
    0x48, 0x24, 0x00, 0xff, 0x50, 0x24, 0x00, 0xff, 0x50, 0x24, 0x08, 0xff,
    0x50, 0x20, 0x00, 0xff, 0x50, 0x24, 0x00, 0xff, 0x48, 0x24, 0x08, 0xff,
    0x48, 0x24, 0x00, 0xff, 0x48, 0x24, 0x08, 0xff, 0x48, 0x24, 0x08, 0xff,
    0x50, 0x24, 0x00, 0xff, 0x48, 0x20, 0x00, 0xff, 0x48, 0x24, 0x00, 0xff,
    0x48, 0x24, 0x00, 0xff, 0x50, 0x20, 0x08, 0xff, 0x50, 0x24, 0x00, 0xff,
    0x48, 0x24, 0x00, 0xff, 0x48, 0x24, 0x00, 0xff, 0x50, 0x24, 0x08, 0xff,
    0x48, 0x20, 0x08, 0xff, 0x48, 0x20, 0x00, 0xff, 0x50, 0x24, 0x00, 0xff,
    0x50, 0x24, 0x08, 0xff, 0x48, 0x20, 0x00, 0xff, 0x48, 0x24, 0x08, 0xff,
    0x50, 0x24, 0x08, 0xff, 0x50, 0x24, 0x08, 0xff, 0x48, 0x24, 0x00, 0xff,
    0x48, 0x20, 0x00, 0xff, 0x50, 0x20, 0x00, 0xff, 0x48, 0x24, 0x00, 0xff,
    0x48, 0x24, 0x00, 0xff, 0x48, 0x24, 0x00, 0xff, 0x48, 0x20, 0x08, 0xff,
    0x50, 0x24, 0x00, 0xff, 0x48, 0x24, 0x00, 0xff, 0x50, 0x24, 0x08, 0xff,
    0x48, 0x24, 0x00, 0xff, 0x48, 0x24, 0x00, 0xff, 0x50, 0x24, 0x00, 0xff,
    0x48, 0x24, 0x00, 0xff, 0x48, 0x24, 0x08, 0xff, 0x50, 0x24, 0x00, 0xff,
    0x50, 0x24, 0x00, 0xff, 0x50, 0x20, 0x00, 0xff, 0x48, 0x24, 0x08, 0xff,
    0x48, 0x24, 0x00, 0xff, 0x50, 0x24, 0x00, 0xff, 0x48, 0x20, 0x08, 0xff,
    0x48, 0x24, 0x00, 0xff, 0x48, 0x24, 0x00, 0xff, 0x48, 0x20, 0x08, 0xff,
    0x48, 0x24, 0x08, 0xff, 0x50, 0x24, 0x08, 0xff, 0x48, 0x24, 0x00, 0xff,
    0x50, 0x20, 0x00, 0xff, 0x50, 0x24, 0x00, 0xff, 0x48, 0x24, 0x00, 0xff,
    0x48, 0x20, 0x08, 0xff, 0x48, 0x20, 0x00, 0xff, 0x48, 0x24, 0x00, 0xff,
    0x48, 0x24, 0x00, 0xff, 0x48, 0x24, 0x00, 0xff, 0x50, 0x24, 0x00, 0xff,
    0x50, 0x24, 0x00, 0xff, 0x50, 0x20, 0x00, 0xff, 0x48, 0x24, 0x00, 0xff,
    0x48, 0x24, 0x00, 0xff, 0x48, 0x24, 0x08, 0xff, 0x48, 0x24, 0x08, 0xff,
    0x48, 0x20, 0x00, 0xff, 0x48, 0x24, 0x00, 0xff, 0x50, 0x24, 0x08, 0xff,
    0x50, 0x24, 0x00, 0xff, 0x50, 0x24, 0x00, 0xff, 0x48, 0x20, 0x00, 0xff,
    0x48, 0x24, 0x08, 0xff, 0x48, 0x24, 0x08, 0xff, 0x48, 0x24, 0x08, 0xff,
    0x50, 0x20, 0x08, 0xff, 0x50, 0x24, 0x08, 0xff, 0x48, 0x24, 0x00, 0xff,
    0x48, 0x20, 0x00, 0xff, 0x48, 0x20, 0x00, 0xff, 0x50, 0x24, 0x00, 0xff,
    0x48, 0x20, 0x00, 0xff, 0x50, 0x20, 0x08, 0xff, 0x50, 0x24, 0x00, 0xff,
    0x48, 0x24, 0x00, 0xff, 0x48, 0x24, 0x00, 0xff, 0x48, 0x24, 0x00, 0xff,
    0x48, 0x24, 0x00, 0xff, 0x48, 0x20, 0x08, 0xff, 0x50, 0x24, 0x00, 0xff,
    0x48, 0x20, 0x00, 0xff, 0x48, 0x24, 0x08, 0xff, 0x50, 0x24, 0x08, 0xff,
    0x50, 0x24, 0x00, 0xff, 0x48, 0x24, 0x00, 0xff, 0x48, 0x24, 0x00, 0xff,
    0x50, 0x24, 0x08, 0xff, 0x48, 0x24, 0x00, 0xff, 0x48, 0x24, 0x08, 0xff,
    0x48, 0x24, 0x00, 0xff, 0x48, 0x20, 0x00, 0xff, 0x48, 0x24, 0x00, 0xff,
    0x48, 0x24, 0x00, 0xff, 0x50, 0x24, 0x00, 0xff, 0x50, 0x20, 0x00, 0xff,
    0x50, 0x24, 0x00, 0xff, 0x48, 0x24, 0x00, 0xff, 0x48, 0x24, 0x00, 0xff,
    0x48, 0x24, 0x00, 0xff, 0x48, 0x24, 0x08, 0xff, 0x50, 0x20, 0x00, 0xff,
    0x50, 0x24, 0x00, 0xff, 0x48, 0x24, 0x08, 0xff, 0x48, 0x24, 0x08, 0xff,
    0x48, 0x24, 0x00, 0xff, 0x50, 0x24, 0x00, 0xff, 0x48, 0x20, 0x08, 0xff,
    0x48, 0x20, 0x08, 0xff, 0x48, 0x24, 0x00, 0xff, 0x48, 0x24, 0x00, 0xff,
    0x48, 0x20, 0x00, 0xff, 0x48, 0x24, 0x00, 0xff, 0x50, 0x24, 0x08, 0xff,
    0x48, 0x24, 0x00, 0xff, 0x48, 0x24, 0x00, 0xff, 0x48, 0x20, 0x00, 0xff,
    0x48, 0x20, 0x00, 0xff, 0x50, 0x24, 0x00, 0xff, 0x48, 0x24, 0x08, 0xff,
    0x48, 0x24, 0x08, 0xff, 0x50, 0x24, 0x00, 0xff, 0x48, 0x24, 0x08, 0xff,
    0x48, 0x20, 0x00, 0xff, 0x48, 0x24, 0x00, 0xff, 0x48, 0x24, 0x00, 0xff,
    0x48, 0x20, 0x00, 0xff, 0x48, 0x24, 0x00, 0xff, 0x50, 0x24, 0x00, 0xff,
    0x50, 0x24, 0x08, 0xff, 0x48, 0x24, 0x08, 0xff, 0x48, 0x24, 0x08, 0xff,
    0x50, 0x20, 0x00, 0xff, 0x48, 0x20, 0x00, 0xff, 0x48, 0x24, 0x08, 0xff,
    0x50, 0x24, 0x00, 0xff, 0x48, 0x20, 0x00, 0xff, 0x48, 0x20, 0x08, 0xff,
    0x50, 0x24, 0x08, 0xff, 0x48, 0x24, 0x00, 0xff, 0x48, 0x20, 0x08, 0xff,
    0x50, 0x24, 0x08, 0xff, 0x48, 0x24, 0x00, 0xff, 0x48, 0x20, 0x00, 0xff,
    0x48, 0x24, 0x08, 0xff, 0x48, 0x24, 0x08, 0xff, 0x48, 0x24, 0x08, 0xff,
    0x50, 0x20, 0x08, 0xff, 0x48, 0x24, 0x00, 0xff, 0x50, 0x24, 0x00, 0xff,
    0x48, 0x24, 0x08, 0xff, 0x48, 0x20, 0x08, 0xff, 0x50, 0x24, 0x00, 0xff,
    0x48, 0x24, 0x00, 0xff, 0x48, 0x24, 0x08, 0xff, 0x48, 0x24, 0x08, 0xff,
    0x50, 0x24, 0x08, 0xff, 0x48, 0x20, 0x00, 0xff, 0x48, 0x24, 0x00, 0xff,
    0x50, 0x24, 0x08, 0xff, 0x50, 0x24, 0x08, 0xff, 0x48, 0x24, 0x08, 0xff,
    0x48, 0x20, 0x00, 0xff, 0x50, 0x24, 0x00, 0xff, 0x48, 0x24, 0x00, 0xff,
    0x48, 0x24, 0x00, 0xff, 0x48, 0x24, 0x00, 0xff, 0x48, 0x20, 0x08, 0xff,
    0x48, 0x24, 0x00, 0xff, 0x48, 0x24, 0x00, 0xff, 0x50, 0x24, 0x00, 0xff,
    0x50, 0x24, 0x08, 0xff, 0x48, 0x24, 0x08, 0xff, 0x48, 0x24, 0x00, 0xff,
    0x48, 0x20, 0x00, 0xff, 0x48, 0x24, 0x00, 0xff, 0x50, 0x24, 0x08, 0xff,
    0x50, 0x20, 0x00, 0xff, 0x48, 0x24, 0x00, 0xff, 0x48, 0x24, 0x08, 0xff,
    0x50, 0x20, 0x08, 0xff, 0x50, 0x24, 0x00, 0xff, 0x48, 0x24, 0x00, 0xff,
    0x48, 0x20, 0x00, 0xff, 0x48, 0x24, 0x08, 0xff, 0x48, 0x24, 0x00, 0xff,
    0x50, 0x24, 0x00, 0xff, 0x48, 0x20, 0x08, 0xff, 0x48, 0x24, 0x00, 0xff,
    0x50, 0x24, 0x00, 0xff, 0x48, 0x24, 0x00, 0xff, 0x50, 0x20, 0x08, 0xff,
    0x48, 0x24, 0x00, 0xff, 0x48, 0x24, 0x00, 0xff, 0x50, 0x24, 0x08, 0xff,
    0x48, 0x24, 0x00, 0xff, 0x48, 0x24, 0x00, 0xff, 0x48, 0x24, 0x08, 0xff,
    0x50, 0x24, 0x00, 0xff, 0x50, 0x24, 0x08, 0xff, 0x48, 0x24, 0x08, 0xff,
    0x50, 0x20, 0x00, 0xff, 0x48, 0x24, 0x00, 0xff, 0x48, 0x24, 0x00, 0xff,
    0x48, 0x20, 0x08, 0xff, 0x48, 0x24, 0x08, 0xff, 0x50, 0x24, 0x08, 0xff,
    0x50, 0x20, 0x00, 0xff, 0x48, 0x24, 0x00, 0xff, 0x48, 0x24, 0x00, 0xff,
    0x50, 0x20, 0x00, 0xff, 0x50, 0x24, 0x00, 0xff, 0x48, 0x24, 0x00, 0xff,
    0x48, 0x24, 0x00, 0xff, 0x48, 0x20, 0x00, 0xff, 0x48, 0x24, 0x08, 0xff,
    0x48, 0x24, 0x00, 0xff, 0x50, 0x24, 0x00, 0xff, 0x50, 0x20, 0x00, 0xff,
    0x48, 0x24, 0x00, 0xff, 0x48, 0x24, 0x00, 0xff, 0x50, 0x24, 0x08, 0xff,
    0x48, 0x24, 0x00, 0xff, 0x48, 0x24, 0x08, 0xff, 0x48, 0x24, 0x08, 0xff,
    0x50, 0x24, 0x00, 0xff, 0x48, 0x24, 0x00, 0xff, 0x48, 0x20, 0x08, 0xff,
    0x50, 0x24, 0x08, 0xff, 0x50, 0x24, 0x08, 0xff, 0x48, 0x20, 0x08, 0xff,
    0x50, 0x20, 0x08, 0xff, 0x50, 0x24, 0x00, 0xff, 0x48, 0x24, 0x08, 0xff,
    0x50, 0x24, 0x00, 0xff, 0x50, 0x24, 0x00, 0xff, 0x48, 0x24, 0x00, 0xff,
    0x48, 0x20, 0x08, 0xff, 0x48, 0x24, 0x08, 0xff, 0x50, 0x24, 0x00, 0xff,
    0x48, 0x24, 0x00, 0xff, 0x48, 0x20, 0x08, 0xff, 0x48, 0x24, 0x00, 0xff,
    0x50, 0x24, 0x08, 0xff, 0x50, 0x24, 0x00, 0xff, 0x50, 0x20, 0x08, 0xff,
    0x50, 0x24, 0x08, 0xff, 0x48, 0x20, 0x00, 0xff, 0x48, 0x24, 0x00, 0xff,
    0x48, 0x24, 0x00, 0xff, 0x50, 0x24, 0x08, 0xff, 0x50, 0x20, 0x08, 0xff,
    0x50, 0x24, 0x08, 0xff, 0x48, 0x24, 0x00, 0xff, 0x48, 0x24, 0x00, 0xff,
    0x48, 0x24, 0x08, 0xff, 0x50, 0x24, 0x00, 0xff, 0x50, 0x24, 0x00, 0xff,
    0x48, 0x20, 0x00, 0xff, 0x48, 0x24, 0x08, 0xff, 0x48, 0x24, 0x00, 0xff,
    0x50, 0x24, 0x00, 0xff, 0x50, 0x20, 0x08, 0xff, 0x48, 0x24, 0x08, 0xff,
    0x50, 0x24, 0x08, 0xff, 0x50, 0x24, 0x00, 0xff, 0x48, 0x24, 0x00, 0xff,
    0x50, 0x20, 0x00, 0xff, 0x48, 0x24, 0x08, 0xff, 0x50, 0x24, 0x00, 0xff,
    0x50, 0x24, 0x08, 0xff, 0x48, 0x24, 0x08, 0xff, 0x48, 0x24, 0x00, 0xff,
    0x50, 0x24, 0x00, 0xff, 0x48, 0x20, 0x08, 0xff, 0x48, 0x24, 0x00, 0xff,
    0x48, 0x24, 0x08, 0xff, 0x50, 0x24, 0x00, 0xff, 0x50, 0x24, 0x08, 0xff,
    0x50, 0x24, 0x08, 0xff, 0x48, 0x20, 0x00, 0xff, 0x48, 0x24, 0x08, 0xff,
    0x48, 0x20, 0x00, 0xff, 0x48, 0x20, 0x00, 0xff, 0x50, 0x24, 0x00, 0xff,
    0x48, 0x24, 0x00, 0xff, 0x48, 0x24, 0x00, 0xff, 0x48, 0x24, 0x00, 0xff,
    0x48, 0x20, 0x08, 0xff, 0x50, 0x24, 0x08, 0xff, 0x50, 0x24, 0x00, 0xff,
    0x48, 0x24, 0x00, 0xff, 0x48, 0x20, 0x00, 0xff, 0x48, 0x24, 0x00, 0xff,
    0x50, 0x24, 0x00, 0xff, 0x48, 0x20, 0x08, 0xff, 0x48, 0x24, 0x00, 0xff,
    0x48, 0x24, 0x00, 0xff, 0x50, 0x24, 0x00, 0xff, 0x48, 0x20, 0x00, 0xff,
    0x48, 0x24, 0x00, 0xff, 0x50, 0x20, 0x00, 0xff, 0x48, 0x20, 0x00, 0xff,
    0x48, 0x24, 0x00, 0xff, 0x50, 0x24, 0x00, 0xff, 0x48, 0x24, 0x08, 0xff,
    0x48, 0x24, 0x00, 0xff, 0x50, 0x20, 0x00, 0xff, 0x48, 0x24, 0x00, 0xff,
    0x48, 0x24, 0x00, 0xff, 0x50, 0x20, 0x08, 0xff, 0x50, 0x24, 0x00, 0xff,
    0x48, 0x24, 0x00, 0xff, 0x48, 0x24, 0x00, 0xff, 0x50, 0x24, 0x00, 0xff,
    0x48, 0x24, 0x00, 0xff, 0x48, 0x24, 0x08, 0xff, 0x50, 0x20, 0x00, 0xff,
    0x48, 0x20, 0x08, 0xff, 0x48, 0x24, 0x00, 0xff, 0x50, 0x24, 0x00, 0xff,
    0x50, 0x24, 0x08, 0xff, 0x50, 0x24, 0x08, 0xff, 0x48, 0x24, 0x08, 0xff,
    0x48, 0x20, 0x00, 0xff, 0x50, 0x20, 0x00, 0xff, 0x50, 0x24, 0x08, 0xff,
    0x50, 0x24, 0x00, 0xff, 0x50, 0x24, 0x08, 0xff, 0x48, 0x20, 0x00, 0xff,
    0x48, 0x24, 0x00, 0xff, 0x48, 0x24, 0x08, 0xff, 0x50, 0x20, 0x08, 0xff,
    0x48, 0x24, 0x00, 0xff, 0x48, 0x24, 0x00, 0xff, 0x48, 0x20, 0x08, 0xff,
    0x48, 0x24, 0x08, 0xff, 0x48, 0x24, 0x00, 0xff, 0x50, 0x24, 0x08, 0xff,
    0x50, 0x24, 0x08, 0xff, 0x48, 0x24, 0x00, 0xff, 0x50, 0x24, 0x08, 0xff,
    0x48, 0x20, 0x00, 0xff, 0x50, 0x24, 0x08, 0xff, 0x48, 0x24, 0x00, 0xff,
    0x50, 0x24, 0x00, 0xff, 0x50, 0x20, 0x00, 0xff, 0x48, 0x24, 0x00, 0xff,
    0x48, 0x20, 0x08, 0xff, 0x48, 0x24, 0x08, 0xff, 0x50, 0x24, 0x00, 0xff,
    0x48, 0x20, 0x08, 0xff, 0x48, 0x24, 0x00, 0xff, 0x50, 0x24, 0x00, 0xff,
    0x48, 0x20, 0x08, 0xff, 0x50, 0x24, 0x08, 0xff, 0x48, 0x24, 0x08, 0xff,
    0x50, 0x24, 0x00, 0xff, 0x48, 0x24, 0x00, 0xff, 0x48, 0x24, 0x00, 0xff,
    0x48, 0x20, 0x08, 0xff, 0x50, 0x24, 0x08, 0xff, 0x50, 0x24, 0x00, 0xff,
    0x48, 0x24, 0x08, 0xff, 0x48, 0x24, 0x08, 0xff, 0x50, 0x20, 0x00, 0xff,
    0x48, 0x20, 0x08, 0xff, 0x48, 0x24, 0x08, 0xff, 0x50, 0x24, 0x00, 0xff,
    0x50, 0x24, 0x00, 0xff, 0x48, 0x20, 0x00, 0xff, 0x48, 0x24, 0x08, 0xff,
    0x50, 0x24, 0x00, 0xff, 0x48, 0x24, 0x00, 0xff, 0x48, 0x20, 0x00, 0xff,
    0x50, 0x24, 0x08, 0xff, 0x50, 0x24, 0x00, 0xff, 0x50, 0x24, 0x00, 0xff,
    0x48, 0x24, 0x08, 0xff, 0x48, 0x24, 0x00, 0xff, 0x48, 0x24, 0x00, 0xff,
    0x48, 0x20, 0x00, 0xff, 0x50, 0x24, 0x00, 0xff, 0x50, 0x24, 0x00, 0xff,
    0x48, 0x24, 0x00, 0xff, 0x48, 0x24, 0x08, 0xff, 0x48, 0x24, 0x00, 0xff,
    0x48, 0x24, 0x08, 0xff, 0x48, 0x24, 0x00, 0xff, 0x48, 0x20, 0x08, 0xff,
    0x48, 0x24, 0x00, 0xff, 0x50, 0x24, 0x00, 0xff, 0x48, 0x20, 0x08, 0xff,
    0x48, 0x20, 0x00, 0xff, 0x50, 0x24, 0x00, 0xff, 0x50, 0x20, 0x00, 0xff,
    0x48, 0x24, 0x00, 0xff, 0x48, 0x24, 0x08, 0xff, 0x48, 0x24, 0x00, 0xff,
    0x48, 0x24, 0x00, 0xff, 0x50, 0x24, 0x08, 0xff, 0x48, 0x24, 0x08, 0xff,
    0x48, 0x20, 0x08, 0xff, 0x48, 0x24, 0x00, 0xff, 0x48, 0x24, 0x00, 0xff,
    0x48, 0x20, 0x00, 0xff, 0x50, 0x24, 0x00, 0xff, 0x48, 0x24, 0x08, 0xff,
    0x48, 0x24, 0x00, 0xff, 0x48, 0x20, 0x00, 0xff, 0x48, 0x20, 0x00, 0xff,
    0x50, 0x24, 0x08, 0xff, 0x48, 0x24, 0x00, 0xff, 0x50, 0x24, 0x00, 0xff,
    0x48, 0x24, 0x00, 0xff, 0x50, 0x24, 0x00, 0xff, 0x50, 0x24, 0x00, 0xff,
    0x48, 0x20, 0x00, 0xff, 0x48, 0x24, 0x08, 0xff, 0x48, 0x20, 0x00, 0xff,
    0x48, 0x24, 0x08, 0xff, 0x50, 0x24, 0x08, 0xff, 0x48, 0x20, 0x08, 0xff,
    0x48, 0x24, 0x00, 0xff, 0x50, 0x24, 0x00, 0xff, 0x48, 0x20, 0x00, 0xff,
    0x48, 0x20, 0x00, 0xff, 0x50, 0x24, 0x00, 0xff, 0x50, 0x24, 0x08, 0xff,
    0x50, 0x24, 0x00, 0xff, 0x48, 0x20, 0x08, 0xff, 0x48, 0x24, 0x00, 0xff,
    0x48, 0x24, 0x00, 0xff, 0x50, 0x24, 0x08, 0xff, 0x48, 0x24, 0x00, 0xff,
    0x48, 0x24, 0x00, 0xff, 0x48, 0x24, 0x00, 0xff, 0x50, 0x24, 0x00, 0xff,
    0x50, 0x20, 0x08, 0xff, 0x48, 0x24, 0x08, 0xff, 0x50, 0x24, 0x08, 0xff,
    0x50, 0x24, 0x00, 0xff, 0x48, 0x24, 0x00, 0xff, 0x48, 0x24, 0x00, 0xff,
    0x48, 0x24, 0x00, 0xff, 0x50, 0x24, 0x08, 0xff, 0x50, 0x24, 0x08, 0xff,
    0x48, 0x20, 0x00, 0xff, 0x50, 0x24, 0x00, 0xff, 0x50, 0x24, 0x08, 0xff,
    0x50, 0x24, 0x08, 0xff, 0x48, 0x20, 0x00, 0xff, 0x50, 0x24, 0x00, 0xff,
    0x48, 0x24, 0x00, 0xff, 0x48, 0x24, 0x08, 0xff, 0x50, 0x24, 0x08, 0xff,
    0x50, 0x20, 0x08, 0xff, 0x48, 0x24, 0x00, 0xff, 0x50, 0x24, 0x00, 0xff,
    0x48, 0x24, 0x00, 0xff, 0x50, 0x24, 0x08, 0xff, 0x50, 0x20, 0x00, 0xff,
    0x48, 0x24, 0x00, 0xff, 0x48, 0x24, 0x00, 0xff, 0x48, 0x24, 0x08, 0xff,
    0x48, 0x24, 0x00, 0xff, 0x48, 0x20, 0x00, 0xff, 0x50, 0x24, 0x00, 0xff,
    0x50, 0x20, 0x08, 0xff, 0x48, 0x24, 0x00, 0xff, 0x48, 0x24, 0x08, 0xff,
    0x50, 0x24, 0x00, 0xff, 0x50, 0x24, 0x08, 0xff, 0x48, 0x20, 0x00, 0xff,
    0x48, 0x24, 0x00, 0xff, 0x48, 0x24, 0x08, 0xff, 0x48, 0x20, 0x00, 0xff,
    0x48, 0x24, 0x00, 0xff, 0x48, 0x24, 0x00, 0xff, 0x48, 0x24, 0x00, 0xff,
    0x48, 0x24, 0x00, 0xff, 0x48, 0x20, 0x08, 0xff, 0x48, 0x24, 0x08, 0xff,
    0x48, 0x24, 0x00, 0xff, 0x50, 0x20, 0x00, 0xff, 0x50, 0x24, 0x00, 0xff,
    0x48, 0x24, 0x00, 0xff, 0x48, 0x20, 0x08, 0xff, 0x50, 0x24, 0x00, 0xff,
    0x50, 0x24, 0x00, 0xff, 0x50, 0x20, 0x08, 0xff, 0x48, 0x24, 0x00, 0xff,
    0x48, 0x20, 0x00, 0xff, 0x48, 0x20, 0x00, 0xff, 0x48, 0x24, 0x00, 0xff,
    0x50, 0x24, 0x08, 0xff, 0x48, 0x20, 0x08, 0xff, 0x48, 0x24, 0x00, 0xff,
    0x48, 0x24, 0x00, 0xff, 0x48, 0x20, 0x08, 0xff, 0x48, 0x24, 0x08, 0xff,
    0x50, 0x24, 0x00, 0xff, 0x50, 0x20, 0x00, 0xff, 0x48, 0x24, 0x08, 0xff,
    0x50, 0x20, 0x00, 0xff, 0x48, 0x24, 0x00, 0xff, 0x48, 0x24, 0x00, 0xff,
    0x48, 0x24, 0x00, 0xff, 0x48, 0x24, 0x00, 0xff, 0x50, 0x20, 0x00, 0xff,
    0x48, 0x24, 0x08, 0xff, 0x50, 0x24, 0x00, 0xff, 0x48, 0x24, 0x00, 0xff,
    0x50, 0x24, 0x00, 0xff, 0x48, 0x24, 0x08, 0xff, 0x48, 0x20, 0x00, 0xff,
    0x50, 0x20, 0x00, 0xff, 0x48, 0x24, 0x08, 0xff, 0x48, 0x24, 0x08, 0xff,
    0x50, 0x24, 0x00, 0xff, 0x50, 0x24, 0x00, 0xff, 0x48, 0x24, 0x08, 0xff,
    0x48, 0x20, 0x00, 0xff, 0x50, 0x24, 0x08, 0xff, 0x48, 0x24, 0x00, 0xff,
    0x48, 0x24, 0x08, 0xff, 0x50, 0x24, 0x08, 0xff, 0x48, 0x24, 0x08, 0xff,
    0x48, 0x20, 0x00, 0xff, 0x48, 0x24, 0x00, 0xff, 0x48, 0x20, 0x00, 0xff,
    0x48, 0x20, 0x00, 0xff, 0x50, 0x24, 0x08, 0xff, 0x50, 0x24, 0x00, 0xff,
    0x48, 0x24, 0x08, 0xff, 0x48, 0x20, 0x00, 0xff, 0x48, 0x24, 0x00, 0xff,
    0x48, 0x24, 0x00, 0xff, 0x50, 0x24, 0x00, 0xff, 0x50, 0x24, 0x00, 0xff,
    0x48, 0x20, 0x00, 0xff, 0x48, 0x20, 0x08, 0xff, 0x50, 0x24, 0x00, 0xff,
    0x50, 0x24, 0x00, 0xff, 0x48, 0x24, 0x00, 0xff, 0x48, 0x24, 0x00, 0xff,
    0x50, 0x24, 0x08, 0xff, 0x48, 0x24, 0x08, 0xff, 0x48, 0x24, 0x08, 0xff,
    0x50, 0x24, 0x00, 0xff, 0x48, 0x20, 0x00, 0xff, 0x48, 0x24, 0x00, 0xff,
    0x48, 0x24, 0x00, 0xff, 0x48, 0x20, 0x00, 0xff, 0x50, 0x24, 0x00, 0xff,
    0x50, 0x24, 0x00, 0xff, 0x50, 0x20, 0x08, 0xff, 0x48, 0x24, 0x00, 0xff,
    0x48, 0x24, 0x00, 0xff, 0x48, 0x20, 0x08, 0xff, 0x50, 0x24, 0x00, 0xff,
    0x50, 0x20, 0x08, 0xff, 0x50, 0x24, 0x08, 0xff, 0x48, 0x24, 0x08, 0xff,
    0x48, 0x24, 0x00, 0xff, 0x50, 0x20, 0x00, 0xff, 0x48, 0x20, 0x08, 0xff,
    0x48, 0x24, 0x08, 0xff, 0x48, 0x24, 0x08, 0xff, 0x48, 0x24, 0x00, 0xff,
    0x48, 0x24, 0x00, 0xff, 0x50, 0x24, 0x00, 0xff, 0x48, 0x24, 0x08, 0xff,
    0x50, 0x24, 0x00, 0xff, 0x48, 0x24, 0x00, 0xff, 0x48, 0x20, 0x00, 0xff,
    0x50, 0x24, 0x00, 0xff, 0x48, 0x24, 0x00, 0xff, 0x50, 0x24, 0x08, 0xff,
    0x50, 0x24, 0x08, 0xff, 0x48, 0x24, 0x08, 0xff, 0x48, 0x24, 0x00, 0xff,
    0x48, 0x20, 0x00, 0xff, 0x48, 0x24, 0x00, 0xff, 0x48, 0x24, 0x00, 0xff,
    0x50, 0x20, 0x00, 0xff, 0x48, 0x24, 0x00, 0xff, 0x50, 0x24, 0x08, 0xff,
    0x50, 0x20, 0x08, 0xff, 0x50, 0x24, 0x08, 0xff, 0x48, 0x24, 0x08, 0xff,
    0x48, 0x20, 0x00, 0xff, 0x50, 0x24, 0x00, 0xff, 0x48, 0x20, 0x00, 0xff,
    0x48, 0x24, 0x00, 0xff, 0x48, 0x24, 0x08, 0xff, 0x48, 0x20, 0x08, 0xff,
    0x50, 0x24, 0x08, 0xff, 0x48, 0x20, 0x00, 0xff, 0x48, 0x24, 0x00, 0xff,
    0x48, 0x24, 0x08, 0xff, 0x48, 0x24, 0x00, 0xff, 0x48, 0x24, 0x00, 0xff,
    0x48, 0x20, 0x00, 0xff, 0x50, 0x24, 0x08, 0xff, 0x48, 0x24, 0x08, 0xff,
    0x50, 0x24, 0x08, 0xff, 0x50, 0x24, 0x00, 0xff, 0x48, 0x24, 0x00, 0xff,
    0x48, 0x24, 0x08, 0xff, 0x48, 0x20, 0x00, 0xff, 0x48, 0x24, 0x00, 0xff,
    0x48, 0x24, 0x00, 0xff, 0x48, 0x20, 0x08, 0xff, 0x48, 0x24, 0x08, 0xff,
    0x50, 0x24, 0x08, 0xff, 0x48, 0x24, 0x00, 0xff, 0x48, 0x20, 0x00, 0xff,
    0x50, 0x24, 0x08, 0xff, 0x50, 0x24, 0x08, 0xff, 0x48, 0x20, 0x08, 0xff,
    0x48, 0x24, 0x00, 0xff, 0x48, 0x24, 0x00, 0xff, 0x50, 0x24, 0x00, 0xff,
    0x48, 0x24, 0x08, 0xff, 0x48, 0x24, 0x00, 0xff, 0x50, 0x24, 0x08, 0xff,
    0x48, 0x20, 0x00, 0xff, 0x48, 0x24, 0x00, 0xff, 0x50, 0x24, 0x00, 0xff,
    0x50, 0x24, 0x08, 0xff, 0x50, 0x24, 0x08, 0xff, 0x48, 0x24, 0x08, 0xff,
    0x48, 0x20, 0x00, 0xff, 0x48, 0x24, 0x00, 0xff, 0x50, 0x24, 0x00, 0xff,
    0x50, 0x24, 0x00, 0xff, 0x48, 0x24, 0x08, 0xff, 0x48, 0x24, 0x08, 0xff,
    0x50, 0x24, 0x00, 0xff, 0x50, 0x24, 0x08, 0xff, 0x48, 0x24, 0x00, 0xff,
    0x48, 0x24, 0x00, 0xff, 0x48, 0x24, 0x00, 0xff, 0x48, 0x24, 0x00, 0xff,
    0x50, 0x24, 0x00, 0xff, 0x50, 0x24, 0x08, 0xff, 0x48, 0x24, 0x00, 0xff,
    0x48, 0x24, 0x00, 0xff, 0x48, 0x24, 0x00, 0xff, 0x50, 0x24, 0x08, 0xff,
    0x48, 0x24, 0x00, 0xff, 0x50, 0x24, 0x08, 0xff, 0x48, 0x24, 0x00, 0xff,
    0x48, 0x24, 0x00, 0xff, 0x48, 0x24, 0x00, 0xff, 0x50, 0x24, 0x00, 0xff,
    0x48, 0x24, 0x00, 0xff, 0x48, 0x24, 0x08, 0xff, 0x50, 0x24, 0x08, 0xff,
    0x50, 0x20, 0x08, 0xff, 0x48, 0x24, 0x00, 0xff, 0x48, 0x24, 0x00, 0xff,
    0x48, 0x20, 0x00, 0xff, 0x48, 0x24, 0x08, 0xff, 0x50, 0x20, 0x08, 0xff,
    0x48, 0x20, 0x00, 0xff, 0x48, 0x24, 0x00, 0xff, 0x48, 0x24, 0x08, 0xff,
    0x48, 0x24, 0x00, 0xff, 0x50, 0x24, 0x00, 0xff, 0x48, 0x24, 0x00, 0xff,
    0x48, 0x24, 0x00, 0xff, 0x48, 0x24, 0x00, 0xff, 0x50, 0x20, 0x08, 0xff,
    0x48, 0x24, 0x08, 0xff, 0x48, 0x24, 0x00, 0xff, 0x50, 0x20, 0x08, 0xff,
    0x48, 0x20, 0x00, 0xff, 0x48, 0x24, 0x00, 0xff, 0x50, 0x20, 0x00, 0xff,
    0x50, 0x24, 0x00, 0xff, 0x48, 0x24, 0x08, 0xff, 0x48, 0x24, 0x08, 0xff,
    0x50, 0x24, 0x08, 0xff, 0x48, 0x20, 0x00, 0xff, 0x50, 0x24, 0x08, 0xff,
    0x50, 0x24, 0x00, 0xff, 0x48, 0x24, 0x08, 0xff, 0x48, 0x20, 0x08, 0xff,
    0x50, 0x24, 0x08, 0xff, 0x48, 0x20, 0x08, 0xff, 0x48, 0x20, 0x00, 0xff,
    0x50, 0x24, 0x08, 0xff, 0x50, 0x24, 0x00, 0xff, 0x48, 0x24, 0x00, 0xff,
    0x50, 0x24, 0x08, 0xff, 0x48, 0x20, 0x08, 0xff, 0x50, 0x24, 0x08, 0xff,
    0x48, 0x24, 0x00, 0xff, 0x50, 0x24, 0x00, 0xff, 0x48, 0x24, 0x00, 0xff,
    0x48, 0x20, 0x08, 0xff, 0x50, 0x24, 0x08, 0xff, 0x50, 0x24, 0x08, 0xff,
    0x50, 0x20, 0x08, 0xff, 0x48, 0x24, 0x08, 0xff, 0x48, 0x24, 0x00, 0xff,
    0x48, 0x24, 0x00, 0xff, 0x48, 0x24, 0x00, 0xff, 0x50, 0x24, 0x08, 0xff,
    0x50, 0x24, 0x08, 0xff, 0x50, 0x24, 0x00, 0xff, 0x48, 0x24, 0x08, 0xff,
    0x48, 0x24, 0x00, 0xff, 0x48, 0x24, 0x00, 0xff, 0x50, 0x24, 0x00, 0xff,
    0x48, 0x24, 0x08, 0xff, 0x48, 0x24, 0x08, 0xff, 0x50, 0x24, 0x00, 0xff,
    0x50, 0x20, 0x00, 0xff, 0x48, 0x24, 0x00, 0xff, 0x48, 0x20, 0x08, 0xff,
    0x50, 0x24, 0x08, 0xff, 0x48, 0x24, 0x08, 0xff, 0x50, 0x20, 0x00, 0xff,
    0x48, 0x24, 0x00, 0xff, 0x50, 0x24, 0x00, 0xff, 0x50, 0x24, 0x00, 0xff,
    0x48, 0x24, 0x08, 0xff, 0x48, 0x20, 0x08, 0xff, 0x48, 0x24, 0x00, 0xff,
    0x48, 0x24, 0x00, 0xff, 0x48, 0x24, 0x00, 0xff, 0x48, 0x20, 0x00, 0xff,
    0x50, 0x24, 0x08, 0xff, 0x50, 0x24, 0x00, 0xff, 0x50, 0x24, 0x08, 0xff,
    0x48, 0x24, 0x08, 0xff, 0x48, 0x20, 0x00, 0xff, 0x48, 0x24, 0x00, 0xff,
    0x48, 0x24, 0x00, 0xff, 0x48, 0x24, 0x00, 0xff, 0x48, 0x24, 0x00, 0xff,
    0x48, 0x24, 0x00, 0xff, 0x48, 0x24, 0x00, 0xff, 0x50, 0x24, 0x08, 0xff,
    0x48, 0x20, 0x00, 0xff, 0x50, 0x24, 0x00, 0xff, 0x50, 0x24, 0x00, 0xff,
    0x48, 0x20, 0x00, 0xff, 0x48, 0x24, 0x08, 0xff, 0x50, 0x24, 0x00, 0xff,
    0x50, 0x24, 0x00, 0xff, 0x48, 0x20, 0x08, 0xff, 0x48, 0x24, 0x08, 0xff,
    0x48, 0x24, 0x00, 0xff, 0x48, 0x24, 0x00, 0xff, 0x48, 0x24, 0x00, 0xff,
    0x48, 0x20, 0x00, 0xff, 0x48, 0x20, 0x00, 0xff, 0x48, 0x24, 0x00, 0xff,
    0x48, 0x24, 0x00, 0xff, 0x50, 0x24, 0x08, 0xff, 0x50, 0x24, 0x08, 0xff,
    0x48, 0x24, 0x00, 0xff, 0x50, 0x24, 0x00, 0xff, 0x48, 0x24, 0x00, 0xff,
    0x48, 0x24, 0x00, 0xff, 0x50, 0x20, 0x08, 0xff, 0x50, 0x24, 0x08, 0xff,
    0x48, 0x24, 0x00, 0xff, 0x48, 0x20, 0x00, 0xff, 0x48, 0x24, 0x00, 0xff,
    0x48, 0x24, 0x08, 0xff, 0x50, 0x24, 0x08, 0xff, 0x48, 0x20, 0x00, 0xff,
    0x48, 0x20, 0x00, 0xff, 0x48, 0x24, 0x00, 0xff, 0x48, 0x20, 0x00, 0xff,
    0x50, 0x24, 0x08, 0xff, 0x50, 0x24, 0x00, 0xff, 0x48, 0x20, 0x08, 0xff,
    0x48, 0x24, 0x00, 0xff, 0x48, 0x24, 0x00, 0xff, 0x50, 0x20, 0x00, 0xff,
    0x50, 0x24, 0x08, 0xff, 0x50, 0x24, 0x08, 0xff, 0x48, 0x24, 0x00, 0xff,
    0x50, 0x20, 0x00, 0xff, 0x48, 0x24, 0x08, 0xff, 0x48, 0x24, 0x00, 0xff,
    0x48, 0x20, 0x00, 0xff, 0x48, 0x24, 0x00, 0xff, 0x48, 0x24, 0x08, 0xff,
    0x48, 0x20, 0x08, 0xff, 0x50, 0x24, 0x00, 0xff, 0x50, 0x24, 0x08, 0xff,
    0x48, 0x20, 0x08, 0xff, 0x48, 0x24, 0x00, 0xff, 0x50, 0x24, 0x08, 0xff,
    0x50, 0x20, 0x00, 0xff, 0x48, 0x24, 0x08, 0xff, 0x50, 0x24, 0x00, 0xff,
    0x50, 0x20, 0x08, 0xff, 0x48, 0x24, 0x00, 0xff, 0x50, 0x24, 0x00, 0xff,
    0x50, 0x20, 0x08, 0xff, 0x50, 0x24, 0x08, 0xff, 0x48, 0x24, 0x08, 0xff,
    0x48, 0x20, 0x00, 0xff, 0x50, 0x24, 0x00, 0xff, 0x48, 0x24, 0x00, 0xff,
    0x48, 0x20, 0x00, 0xff, 0x50, 0x24, 0x08, 0xff, 0x50, 0x24, 0x08, 0xff,
    0x50, 0x24, 0x00, 0xff, 0x48, 0x24, 0x00, 0xff, 0x48, 0x24, 0x00, 0xff,
    0x48, 0x24, 0x08, 0xff, 0x50, 0x24, 0x00, 0xff, 0x50, 0x24, 0x00, 0xff,
    0x50, 0x24, 0x08, 0xff, 0x48, 0x24, 0x00, 0xff, 0x50, 0x20, 0x00, 0xff,
    0x48, 0x20, 0x08, 0xff, 0x50, 0x24, 0x08, 0xff, 0x48, 0x24, 0x00, 0xff,
    0x50, 0x24, 0x00, 0xff, 0x48, 0x24, 0x00, 0xff, 0x48, 0x24, 0x00, 0xff,
    0x50, 0x24, 0x00, 0xff, 0x48, 0x24, 0x00, 0xff, 0x48, 0x24, 0x08, 0xff,
    0x48, 0x24, 0x08, 0xff, 0x50, 0x20, 0x00, 0xff, 0x50, 0x24, 0x00, 0xff,
    0x48, 0x24, 0x00, 0xff, 0x48, 0x24, 0x00, 0xff, 0x48, 0x20, 0x00, 0xff,
    0x48, 0x24, 0x00, 0xff, 0x48, 0x24, 0x00, 0xff, 0x50, 0x24, 0x08, 0xff,
    0x48, 0x24, 0x00, 0xff, 0x48, 0x24, 0x00, 0xff, 0x48, 0x24, 0x08, 0xff,
    0x48, 0x24, 0x00, 0xff, 0x48, 0x24, 0x08, 0xff, 0x48, 0x24, 0x08, 0xff,
    0x48, 0x20, 0x00, 0xff, 0x48, 0x24, 0x00, 0xff, 0x48, 0x20, 0x00, 0xff,
    0x50, 0x24, 0x00, 0xff, 0x48, 0x24, 0x00, 0xff, 0x48, 0x20, 0x00, 0xff,
    0x48, 0x24, 0x00, 0xff, 0x50, 0x24, 0x00, 0xff, 0x48, 0x20, 0x00, 0xff,
    0x48, 0x24, 0x00, 0xff, 0x50, 0x24, 0x00, 0xff, 0x50, 0x24, 0x08, 0xff,
    0x48, 0x20, 0x08, 0xff, 0x48, 0x24, 0x00, 0xff, 0x48, 0x24, 0x00, 0xff,
    0x48, 0x20, 0x08, 0xff, 0x48, 0x24, 0x00, 0xff, 0x48, 0x24, 0x00, 0xff,
    0x48, 0x20, 0x00, 0xff, 0x50, 0x24, 0x00, 0xff, 0x48, 0x24, 0x00, 0xff,
    0x50, 0x20, 0x00, 0xff, 0x48, 0x24, 0x00, 0xff, 0x48, 0x24, 0x00, 0xff,
    0x48, 0x24, 0x00, 0xff, 0x50, 0x24, 0x08, 0xff, 0x50, 0x24, 0x00, 0xff,
    0x48, 0x20, 0x00, 0xff, 0x48, 0x24, 0x00, 0xff, 0x48, 0x24, 0x00, 0xff,
    0x50, 0x20, 0x08, 0xff, 0x48, 0x24, 0x08, 0xff, 0x48, 0x24, 0x08, 0xff,
    0x48, 0x24, 0x00, 0xff, 0x50, 0x24, 0x00, 0xff, 0x48, 0x20, 0x08, 0xff,
    0x48, 0x24, 0x00, 0xff, 0x50, 0x20, 0x00, 0xff, 0x50, 0x24, 0x08, 0xff,
    0x48, 0x24, 0x08, 0xff, 0x48, 0x24, 0x08, 0xff, 0x48, 0x24, 0x00, 0xff,
    0x50, 0x20, 0x00, 0xff, 0x50, 0x24, 0x08, 0xff, 0x48, 0x24, 0x08, 0xff,
    0x48, 0x20, 0x00, 0xff, 0x50, 0x24, 0x00, 0xff, 0x50, 0x20, 0x08, 0xff,
    0x50, 0x24, 0x08, 0xff, 0x48, 0x24, 0x08, 0xff, 0x48, 0x24, 0x00, 0xff,
    0x50, 0x24, 0x08, 0xff, 0x48, 0x20, 0x08, 0xff, 0x48, 0x24, 0x00, 0xff,
    0x50, 0x24, 0x00, 0xff, 0x50, 0x24, 0x00, 0xff, 0x48, 0x24, 0x08, 0xff,
    0x48, 0x20, 0x00, 0xff, 0x50, 0x24, 0x00, 0xff, 0x50, 0x24, 0x00, 0xff,
    0x50, 0x24, 0x08, 0xff, 0x50, 0x20, 0x00, 0xff, 0x48, 0x24, 0x08, 0xff,
    0x50, 0x24, 0x00, 0xff, 0x48, 0x24, 0x08, 0xff, 0x50, 0x24, 0x08, 0xff,
    0x50, 0x20, 0x08, 0xff, 0x48, 0x24, 0x00, 0xff, 0x48, 0x24, 0x00, 0xff,
    0x48, 0x24, 0x00, 0xff, 0x50, 0x20, 0x08, 0xff, 0x50, 0x24, 0x00, 0xff,
    0x48, 0x24, 0x00, 0xff, 0x48, 0x20, 0x00, 0xff, 0x48, 0x24, 0x00, 0xff,
    0x50, 0x24, 0x00, 0xff, 0x48, 0x24, 0x00, 0xff, 0x50, 0x24, 0x08, 0xff,
    0x50, 0x24, 0x00, 0xff, 0x48, 0x20, 0x00, 0xff, 0x50, 0x24, 0x08, 0xff,
    0x50, 0x24, 0x08, 0xff, 0x50, 0x24, 0x08, 0xff, 0x48, 0x24, 0x00, 0xff,
    0x48, 0x24, 0x00, 0xff, 0x50, 0x24, 0x08, 0xff, 0x48, 0x20, 0x00, 0xff,
    0x48, 0x24, 0x00, 0xff, 0x50, 0x24, 0x08, 0xff, 0x48, 0x24, 0x00, 0xff,
    0x48, 0x24, 0x00, 0xff, 0x48, 0x20, 0x00, 0xff, 0x48, 0x24, 0x08, 0xff,
    0x48, 0x24, 0x08, 0xff, 0x50, 0x20, 0x00, 0xff, 0x48, 0x24, 0x00, 0xff,
    0x50, 0x24, 0x00, 0xff, 0x48, 0x20, 0x08, 0xff, 0x50, 0x24, 0x00, 0xff,
    0x50, 0x24, 0x00, 0xff, 0x48, 0x20, 0x08, 0xff, 0x48, 0x24, 0x00, 0xff,
    0x48, 0x24, 0x08, 0xff, 0x48, 0x20, 0x00, 0xff, 0x48, 0x24, 0x00, 0xff,
    0x50, 0x24, 0x08, 0xff, 0x48, 0x20, 0x00, 0xff, 0x48, 0x24, 0x00, 0xff,
    0x48, 0x24, 0x00, 0xff, 0x48, 0x20, 0x08, 0xff, 0x48, 0x24, 0x00, 0xff,
    0x48, 0x24, 0x00, 0xff, 0x48, 0x20, 0x00, 0xff, 0x48, 0x24, 0x00, 0xff,
    0x50, 0x24, 0x08, 0xff, 0x50, 0x20, 0x08, 0xff, 0x48, 0x24, 0x08, 0xff,
    0x48, 0x24, 0x00, 0xff, 0x48, 0x24, 0x00, 0xff, 0x48, 0x20, 0x00, 0xff,
    0x48, 0x24, 0x08, 0xff, 0x50, 0x24, 0x08, 0xff, 0x50, 0x20, 0x00, 0xff,
    0x50, 0x24, 0x00, 0xff, 0x48, 0x24, 0x08, 0xff, 0x48, 0x20, 0x00, 0xff,
    0x48, 0x20, 0x00, 0xff, 0x48, 0x24, 0x08, 0xff, 0x48, 0x24, 0x08, 0xff,
    0x50, 0x24, 0x00, 0xff, 0x48, 0x24, 0x00, 0xff, 0x48, 0x20, 0x00, 0xff,
    0x48, 0x24, 0x00, 0xff, 0x50, 0x20, 0x08, 0xff, 0x50, 0x24, 0x00, 0xff,
    0x48, 0x24, 0x08, 0xff, 0x50, 0x24, 0x08, 0xff, 0x50, 0x20, 0x00, 0xff,
    0x48, 0x24, 0x00, 0xff, 0x48, 0x24, 0x00, 0xff, 0x48, 0x20, 0x00, 0xff,
    0x50, 0x24, 0x08, 0xff, 0x50, 0x24, 0x00, 0xff, 0x48, 0x24, 0x08, 0xff,
    0x48, 0x20, 0x08, 0xff, 0x50, 0x24, 0x00, 0xff, 0x50, 0x24, 0x00, 0xff,
    0x48, 0x20, 0x00, 0xff, 0x50, 0x24, 0x00, 0xff, 0x50, 0x24, 0x00, 0xff,
    0x50, 0x24, 0x08, 0xff, 0x48, 0x20, 0x00, 0xff, 0x50, 0x20, 0x00, 0xff,
    0x50, 0x24, 0x00, 0xff, 0x48, 0x24, 0x00, 0xff, 0x50, 0x24, 0x08, 0xff,
    0x48, 0x24, 0x08, 0xff, 0x48, 0x20, 0x08, 0xff, 0x50, 0x24, 0x08, 0xff,
    0x50, 0x24, 0x08, 0xff, 0x48, 0x24, 0x00, 0xff, 0x48, 0x24, 0x00, 0xff,
    0x48, 0x24, 0x00, 0xff, 0x48, 0x20, 0x08, 0xff, 0x48, 0x24, 0x00, 0xff,
    0x50, 0x24, 0x00, 0xff, 0x50, 0x20, 0x08, 0xff, 0x48, 0x24, 0x00, 0xff,
    0x50, 0x24, 0x00, 0xff, 0x48, 0x20, 0x00, 0xff, 0x50, 0x24, 0x00, 0xff,
    0x50, 0x24, 0x08, 0xff, 0x48, 0x20, 0x08, 0xff, 0x48, 0x24, 0x08, 0xff,
    0x48, 0x24, 0x08, 0xff, 0x50, 0x20, 0x00, 0xff, 0x50, 0x24, 0x08, 0xff,
    0x48, 0x24, 0x08, 0xff, 0x48, 0x24, 0x00, 0xff, 0x48, 0x20, 0x00, 0xff,
    0x50, 0x24, 0x00, 0xff, 0x50, 0x24, 0x08, 0xff, 0x48, 0x20, 0x08, 0xff,
    0x48, 0x24, 0x00, 0xff, 0x48, 0x24, 0x00, 0xff, 0x48, 0x20, 0x00, 0xff,
    0x50, 0x24, 0x08, 0xff, 0x48, 0x20, 0x00, 0xff, 0x50, 0x24, 0x00, 0xff,
    0x50, 0x24, 0x08, 0xff, 0x48, 0x24, 0x08, 0xff, 0x48, 0x24, 0x00, 0xff,
    0x48, 0x20, 0x00, 0xff, 0x48, 0x20, 0x00, 0xff, 0x50, 0x24, 0x00, 0xff,
    0x48, 0x24, 0x08, 0xff, 0x48, 0x24, 0x00, 0xff, 0x50, 0x24, 0x00, 0xff,
    0x50, 0x20, 0x08, 0xff, 0x48, 0x24, 0x08, 0xff, 0x48, 0x24, 0x00, 0xff,
    0x48, 0x20, 0x00, 0xff, 0x50, 0x20, 0x00, 0xff, 0x50, 0x24, 0x08, 0xff,
    0x48, 0x24, 0x00, 0xff, 0x48, 0x24, 0x00, 0xff, 0x48, 0x24, 0x08, 0xff,
    0x48, 0x24, 0x08, 0xff, 0x48, 0x24, 0x00, 0xff, 0x48, 0x20, 0x00, 0xff,
    0x48, 0x24, 0x08, 0xff, 0x48, 0x24, 0x08, 0xff, 0x50, 0x24, 0x00, 0xff,
    0x48, 0x20, 0x00, 0xff, 0x48, 0x24, 0x08, 0xff, 0x50, 0x20, 0x00, 0xff,
    0x48, 0x24, 0x08, 0xff, 0x50, 0x24, 0x00, 0xff, 0x48, 0x24, 0x00, 0xff,
    0x48, 0x20, 0x00, 0xff, 0x50, 0x24, 0x00, 0xff, 0x48, 0x24, 0x00, 0xff,
    0x48, 0x24, 0x00, 0xf3, 0x48, 0x24, 0x08, 0xff, 0x48, 0x20, 0x08, 0xff,
    0x48, 0x24, 0x00, 0xff, 0x50, 0x24, 0x08, 0xff, 0x48, 0x24, 0x00, 0xff,
    0x48, 0x24, 0x08, 0xff, 0x50, 0x20, 0x08, 0xff, 0x48, 0x24, 0x00, 0xff,
    0x48, 0x24, 0x00, 0xff, 0x50, 0x24, 0x00, 0xff, 0x48, 0x24, 0x00, 0xff,
    0x48, 0x24, 0x00, 0xff, 0x48, 0x24, 0x00, 0xff, 0x50, 0x20, 0x08, 0xff,
    0x48, 0x24, 0x00, 0xff, 0x48, 0x24, 0x00, 0xff, 0x50, 0x24, 0x08, 0xff,
    0x50, 0x24, 0x08, 0xff, 0x48, 0x20, 0x00, 0xff, 0x48, 0x20, 0x08, 0xff,
    0x48, 0x24, 0x00, 0xff, 0x50, 0x24, 0x08, 0xff, 0x50, 0x20, 0x00, 0xff,
    0x48, 0x24, 0x00, 0xff, 0x48, 0x24, 0x08, 0xff, 0x50, 0x20, 0x00, 0xff,
    0x48, 0x24, 0x08, 0xff, 0x50, 0x24, 0x08, 0xff, 0x48, 0x20, 0x00, 0xff,
    0x48, 0x24, 0x00, 0xff, 0x50, 0x24, 0x00, 0xff, 0x48, 0x20, 0x00, 0xff,
    0x50, 0x24, 0x00, 0xff, 0x50, 0x24, 0x08, 0xff, 0x48, 0x20, 0x00, 0xff,
    0x48, 0x24, 0x00, 0xff, 0x50, 0x24, 0x08, 0xff, 0x48, 0x20, 0x08, 0xff,
    0x48, 0x24, 0x00, 0xff, 0x50, 0x24, 0x00, 0xff, 0x48, 0x20, 0x00, 0xff,
    0x50, 0x24, 0x08, 0xff, 0x48, 0x24, 0x08, 0xff, 0x48, 0x20, 0x00, 0xff,
    0x48, 0x24, 0x00, 0xff, 0x48, 0x24, 0x00, 0xff, 0x48, 0x20, 0x00, 0xff,
    0x50, 0x24, 0x08, 0xff, 0x50, 0x24, 0x00, 0xff, 0x48, 0x20, 0x08, 0xff,
    0x48, 0x24, 0x00, 0xff, 0x48, 0x24, 0x00, 0xff, 0x48, 0x20, 0x08, 0xff,
    0x48, 0x24, 0x00, 0xff, 0x48, 0x24, 0x00, 0xff, 0x48, 0x20, 0x08, 0xff,
    0x50, 0x24, 0x08, 0xff, 0x50, 0x24, 0x00, 0xff, 0x48, 0x20, 0x00, 0xff,
    0x48, 0x24, 0x08, 0xff, 0x50, 0x24, 0x00, 0xff, 0x50, 0x20, 0x08, 0xff,
    0x48, 0x24, 0x08, 0xff, 0x48, 0x24, 0x00, 0xff, 0x48, 0x20, 0x08, 0xff,
    0x48, 0x24, 0x00, 0xff, 0x48, 0x20, 0x00, 0xff, 0x48, 0x24, 0x08, 0xff,
    0x50, 0x24, 0x00, 0xff, 0x48, 0x24, 0x08, 0xff, 0x48, 0x24, 0x08, 0xff,
    0x48, 0x24, 0x00, 0xff, 0x48, 0x20, 0x08, 0xff, 0x50, 0x24, 0x00, 0xff,
    0x50, 0x24, 0x00, 0xff, 0x48, 0x20, 0x08, 0xff, 0x48, 0x24, 0x00, 0xff,
    0x50, 0x24, 0x08, 0xff, 0x48, 0x20, 0x08, 0xff, 0x48, 0x24, 0x00, 0xff,
    0x48, 0x20, 0x00, 0xff, 0x50, 0x24, 0x00, 0xff, 0x48, 0x24, 0x00, 0xff,
    0x48, 0x24, 0x08, 0xff, 0x50, 0x24, 0x08, 0xff, 0x48, 0x24, 0x00, 0xff,
    0x50, 0x20, 0x00, 0xff, 0x48, 0x24, 0x00, 0xff, 0x50, 0x24, 0x00, 0xff,
    0x48, 0x24, 0x00, 0xff, 0x48, 0x20, 0x08, 0xff, 0x50, 0x24, 0x08, 0xff,
    0x50, 0x24, 0x08, 0xff, 0x48, 0x24, 0x00, 0xff, 0x50, 0x20, 0x00, 0xff,
    0x48, 0x24, 0x00, 0xff, 0x48, 0x24, 0x00, 0xff, 0x50, 0x20, 0x08, 0xff,
    0x48, 0x24, 0x08, 0xff, 0x50, 0x24, 0x00, 0xff, 0x48, 0x20, 0x08, 0xff,
    0x48, 0x24, 0x08, 0xff, 0x50, 0x24, 0x00, 0xff, 0x48, 0x20, 0x00, 0xff,
    0x50, 0x24, 0x00, 0xff, 0x48, 0x24, 0x08, 0xff, 0x48, 0x20, 0x00, 0xff,
    0x50, 0x24, 0x00, 0xff, 0x48, 0x20, 0x00, 0xff, 0x50, 0x24, 0x08, 0xff,
    0x48, 0x24, 0x08, 0xff, 0x48, 0x24, 0x00, 0xff, 0x50, 0x24, 0x00, 0xff,
    0x48, 0x24, 0x00, 0xff, 0x50, 0x20, 0x08, 0xff, 0x50, 0x24, 0x00, 0xff,
    0x48, 0x24, 0x00, 0xff, 0x50, 0x24, 0x08, 0xff, 0x48, 0x24, 0x00, 0xff,
    0x48, 0x20, 0x00, 0xff, 0x50, 0x24, 0x00, 0xff, 0x48, 0x24, 0x00, 0xff,
    0x50, 0x24, 0x00, 0xff, 0x50, 0x24, 0x00, 0xff, 0x48, 0x20, 0x08, 0xff,
    0x48, 0x24, 0x00, 0xff, 0x48, 0x24, 0x00, 0xff, 0x48, 0x24, 0x00, 0xff,
    0x48, 0x24, 0x00, 0xff, 0x50, 0x24, 0x00, 0xff, 0x48, 0x24, 0x00, 0xff,
    0x48, 0x24, 0x00, 0xff, 0x48, 0x24, 0x08, 0xff, 0x48, 0x20, 0x00, 0xff,
    0x48, 0x24, 0x00, 0xff, 0x50, 0x24, 0x00, 0xff, 0x50, 0x20, 0x00, 0xff,
    0x50, 0x20, 0x00, 0xff, 0x48, 0x24, 0x08, 0xff, 0x50, 0x20, 0x00, 0xff,
    0x50, 0x24, 0x00, 0xff, 0x48, 0x24, 0x00, 0xff, 0x48, 0x20, 0x08, 0xff,
    0x48, 0x24, 0x00, 0xff, 0x48, 0x24, 0x00, 0xff, 0x48, 0x24, 0x08, 0xff,
    0x50, 0x24, 0x00, 0xff, 0x48, 0x20, 0x00, 0xff, 0x48, 0x24, 0x00, 0xff,
    0x48, 0x24, 0x08, 0xff, 0x48, 0x20, 0x08, 0xff, 0x50, 0x24, 0x08, 0xf3,
    0x48, 0x24, 0x00, 0xd3, 0x50, 0x24, 0x00, 0xff, 0x48, 0x24, 0x00, 0xff,
    0x50, 0x24, 0x08, 0xff, 0x50, 0x24, 0x00, 0xff, 0x48, 0x24, 0x08, 0xff,
    0x48, 0x20, 0x00, 0xff, 0x48, 0x24, 0x00, 0xff, 0x48, 0x24, 0x08, 0xff,
    0x50, 0x20, 0x00, 0xff, 0x48, 0x20, 0x08, 0xff, 0x48, 0x24, 0x08, 0xff,
    0x48, 0x24, 0x00, 0xff, 0x48, 0x20, 0x00, 0xff, 0x48, 0x24, 0x00, 0xff,
    0x50, 0x24, 0x08, 0xff, 0x48, 0x20, 0x08, 0xff, 0x48, 0x20, 0x00, 0xff,
    0x48, 0x24, 0x00, 0xff, 0x48, 0x24, 0x00, 0xff, 0x50, 0x24, 0x00, 0xff,
    0x50, 0x24, 0x08, 0xff, 0x48, 0x24, 0x00, 0xff, 0x48, 0x24, 0x00, 0xff,
    0x50, 0x24, 0x00, 0xff, 0x48, 0x24, 0x00, 0xff, 0x48, 0x24, 0x08, 0xff,
    0x50, 0x24, 0x00, 0xff, 0x48, 0x24, 0x00, 0xff, 0x48, 0x24, 0x08, 0xff,
    0x48, 0x24, 0x00, 0xff, 0x48, 0x24, 0x08, 0xff, 0x50, 0x24, 0x08, 0xff,
    0x48, 0x24, 0x00, 0xff, 0x48, 0x24, 0x00, 0xff, 0x50, 0x24, 0x08, 0xff,
    0x48, 0x24, 0x00, 0xff, 0x48, 0x24, 0x00, 0xff, 0x50, 0x24, 0x00, 0xff,
    0x50, 0x24, 0x08, 0xff, 0x48, 0x24, 0x00, 0xff, 0x50, 0x24, 0x08, 0xff,
    0x48, 0x24, 0x08, 0xff, 0x50, 0x24, 0x00, 0xff, 0x50, 0x24, 0x00, 0xff,
    0x48, 0x24, 0x08, 0xff, 0x50, 0x24, 0x00, 0xff, 0x50, 0x24, 0x00, 0xff,
    0x48, 0x24, 0x00, 0xff, 0x48, 0x24, 0x08, 0xff, 0x50, 0x24, 0x00, 0xff,
    0x50, 0x24, 0x00, 0xff, 0x50, 0x24, 0x00, 0xff, 0x48, 0x24, 0x00, 0xff,
    0x48, 0x24, 0x08, 0xff, 0x50, 0x24, 0x08, 0xff, 0x50, 0x24, 0x00, 0xff,
    0x48, 0x24, 0x00, 0xff, 0x48, 0x24, 0x00, 0xff, 0x50, 0x24, 0x00, 0xff,
    0x48, 0x24, 0x00, 0xff, 0x48, 0x24, 0x08, 0xff, 0x48, 0x24, 0x00, 0xff,
    0x50, 0x24, 0x00, 0xff, 0x48, 0x24, 0x08, 0xff, 0x50, 0x24, 0x00, 0xff,
    0x50, 0x24, 0x00, 0xff, 0x48, 0x24, 0x00, 0xff, 0x48, 0x24, 0x00, 0xff,
    0x48, 0x24, 0x08, 0xff, 0x50, 0x20, 0x00, 0xff, 0x50, 0x24, 0x00, 0xff,
    0x50, 0x24, 0x08, 0xff, 0x48, 0x20, 0x00, 0xff, 0x48, 0x24, 0x00, 0xff,
    0x50, 0x24, 0x00, 0xff, 0x48, 0x24, 0x00, 0xff, 0x48, 0x24, 0x08, 0xff,
    0x48, 0x24, 0x00, 0xff, 0x48, 0x24, 0x00, 0xff, 0x48, 0x24, 0x08, 0xff,
    0x50, 0x24, 0x00, 0xff, 0x48, 0x24, 0x08, 0xff, 0x48, 0x24, 0x08, 0xff,
    0x48, 0x24, 0x00, 0xff, 0x48, 0x24, 0x00, 0xff, 0x50, 0x20, 0x08, 0xff,
    0x48, 0x24, 0x00, 0xff, 0x48, 0x24, 0x00, 0xff, 0x48, 0x24, 0x00, 0xff,
    0x48, 0x20, 0x08, 0xff, 0x50, 0x24, 0x00, 0xff, 0x48, 0x20, 0x00, 0xff,
    0x48, 0x24, 0x00, 0xff, 0x50, 0x24, 0x08, 0xff, 0x48, 0x24, 0x08, 0xff,
    0x48, 0x24, 0x08, 0xff, 0x48, 0x24, 0x00, 0xff, 0x48, 0x24, 0x00, 0xff,
    0x50, 0x24, 0x00, 0xff, 0x48, 0x24, 0x08, 0xff, 0x48, 0x24, 0x00, 0xff,
    0x48, 0x24, 0x00, 0xff, 0x48, 0x24, 0x00, 0xff, 0x50, 0x24, 0x00, 0xff,
    0x48, 0x24, 0x00, 0xff, 0x48, 0x24, 0x00, 0xff, 0x48, 0x24, 0x00, 0xff,
    0x48, 0x24, 0x08, 0xff, 0x50, 0x24, 0x08, 0xff, 0x48, 0x24, 0x00, 0xff,
    0x48, 0x24, 0x00, 0xff, 0x48, 0x20, 0x08, 0xff, 0x48, 0x24, 0x00, 0xff,
    0x50, 0x24, 0x08, 0xff, 0x48, 0x24, 0x00, 0xff, 0x48, 0x24, 0x08, 0xff,
    0x50, 0x24, 0x00, 0xff, 0x48, 0x20, 0x00, 0xff, 0x48, 0x24, 0x08, 0xff,
    0x48, 0x24, 0x08, 0xff, 0x48, 0x20, 0x00, 0xff, 0x50, 0x24, 0x08, 0xff,
    0x48, 0x24, 0x08, 0xff, 0x48, 0x24, 0x08, 0xff, 0x50, 0x24, 0x00, 0xff,
    0x48, 0x20, 0x00, 0xff, 0x50, 0x24, 0x08, 0xff, 0x50, 0x20, 0x08, 0xff,
    0x48, 0x20, 0x08, 0xff, 0x48, 0x24, 0x00, 0xff, 0x50, 0x24, 0x08, 0xff,
    0x50, 0x24, 0x08, 0xff, 0x48, 0x24, 0x00, 0xff, 0x50, 0x24, 0x00, 0xff,
    0x50, 0x24, 0x00, 0xff, 0x48, 0x20, 0x08, 0xff, 0x48, 0x24, 0x08, 0xff,
    0x48, 0x24, 0x00, 0xff, 0x50, 0x24, 0x00, 0xff, 0x48, 0x24, 0x08, 0xff,
    0x48, 0x24, 0x08, 0xff, 0x50, 0x24, 0x00, 0xff, 0x48, 0x20, 0x00, 0xff,
    0x50, 0x24, 0x08, 0xff, 0x50, 0x24, 0x00, 0xff, 0x48, 0x24, 0x00, 0xff,
    0x48, 0x20, 0x00, 0xff, 0x48, 0x24, 0x08, 0xff, 0x50, 0x24, 0x08, 0xff,
    0x50, 0x24, 0x00, 0xff, 0x50, 0x24, 0x00, 0xff, 0x48, 0x24, 0x00, 0xcf,
    0x38, 0x18, 0x00, 0x8a, 0x48, 0x24, 0x08, 0xff, 0x50, 0x24, 0x00, 0xff,
    0x48, 0x20, 0x00, 0xff, 0x48, 0x20, 0x08, 0xff, 0x50, 0x24, 0x00, 0xff,
    0x50, 0x24, 0x00, 0xff, 0x50, 0x24, 0x08, 0xff, 0x50, 0x24, 0x00, 0xff,
    0x48, 0x24, 0x08, 0xff, 0x48, 0x24, 0x00, 0xff, 0x50, 0x20, 0x00, 0xff,
    0x50, 0x24, 0x08, 0xff, 0x50, 0x20, 0x08, 0xff, 0x50, 0x24, 0x08, 0xff,
    0x48, 0x24, 0x00, 0xff, 0x50, 0x24, 0x00, 0xff, 0x48, 0x24, 0x00, 0xff,
    0x50, 0x24, 0x00, 0xff, 0x50, 0x24, 0x08, 0xff, 0x48, 0x24, 0x08, 0xff,
    0x48, 0x24, 0x00, 0xff, 0x50, 0x20, 0x00, 0xff, 0x48, 0x24, 0x08, 0xff,
    0x48, 0x24, 0x08, 0xff, 0x50, 0x20, 0x08, 0xff, 0x50, 0x24, 0x00, 0xff,
    0x48, 0x24, 0x00, 0xff, 0x48, 0x20, 0x08, 0xff, 0x50, 0x24, 0x00, 0xff,
    0x50, 0x24, 0x00, 0xff, 0x50, 0x20, 0x08, 0xff, 0x48, 0x24, 0x00, 0xff,
    0x48, 0x24, 0x08, 0xff, 0x50, 0x20, 0x00, 0xff, 0x48, 0x24, 0x00, 0xff,
    0x50, 0x24, 0x08, 0xff, 0x48, 0x20, 0x08, 0xff, 0x48, 0x24, 0x00, 0xff,
    0x48, 0x24, 0x00, 0xff, 0x50, 0x20, 0x08, 0xff, 0x48, 0x24, 0x00, 0xff,
    0x48, 0x24, 0x00, 0xff, 0x48, 0x20, 0x00, 0xff, 0x50, 0x24, 0x08, 0xff,
    0x50, 0x24, 0x00, 0xff, 0x48, 0x20, 0x08, 0xff, 0x48, 0x24, 0x08, 0xff,
    0x48, 0x24, 0x08, 0xff, 0x50, 0x20, 0x00, 0xff, 0x48, 0x24, 0x00, 0xff,
    0x48, 0x24, 0x08, 0xff, 0x48, 0x20, 0x08, 0xff, 0x50, 0x24, 0x08, 0xff,
    0x50, 0x24, 0x00, 0xff, 0x48, 0x20, 0x00, 0xff, 0x48, 0x24, 0x00, 0xff,
    0x50, 0x24, 0x00, 0xff, 0x48, 0x20, 0x08, 0xff, 0x48, 0x24, 0x08, 0xff,
    0x50, 0x24, 0x08, 0xff, 0x50, 0x20, 0x00, 0xff, 0x48, 0x24, 0x00, 0xff,
    0x48, 0x24, 0x08, 0xff, 0x50, 0x20, 0x00, 0xff, 0x48, 0x24, 0x00, 0xff,
    0x48, 0x24, 0x08, 0xff, 0x50, 0x20, 0x08, 0xff, 0x50, 0x24, 0x08, 0xff,
    0x50, 0x24, 0x00, 0xff, 0x48, 0x20, 0x00, 0xff, 0x48, 0x24, 0x08, 0xff,
    0x48, 0x24, 0x00, 0xff, 0x50, 0x24, 0x00, 0xff, 0x48, 0x24, 0x08, 0xff,
    0x48, 0x20, 0x08, 0xff, 0x50, 0x24, 0x08, 0xff, 0x48, 0x24, 0x00, 0xff,
    0x50, 0x20, 0x00, 0xff, 0x50, 0x24, 0x08, 0xff, 0x50, 0x24, 0x00, 0xff,
    0x48, 0x20, 0x08, 0xff, 0x48, 0x24, 0x00, 0xff, 0x50, 0x24, 0x00, 0xff,
    0x50, 0x20, 0x08, 0xff, 0x50, 0x20, 0x00, 0xff, 0x48, 0x24, 0x00, 0xff,
    0x48, 0x24, 0x08, 0xff, 0x50, 0x24, 0x08, 0xff, 0x50, 0x20, 0x08, 0xff,
    0x50, 0x24, 0x00, 0xff, 0x48, 0x24, 0x00, 0xff, 0x48, 0x24, 0x00, 0xff,
    0x50, 0x24, 0x08, 0xff, 0x48, 0x20, 0x00, 0xff, 0x48, 0x24, 0x00, 0xff,
    0x50, 0x24, 0x00, 0xff, 0x50, 0x20, 0x08, 0xff, 0x50, 0x24, 0x08, 0xff,
    0x48, 0x24, 0x00, 0xff, 0x48, 0x20, 0x00, 0xff, 0x50, 0x24, 0x08, 0xff,
    0x50, 0x24, 0x00, 0xff, 0x50, 0x20, 0x08, 0xff, 0x48, 0x24, 0x08, 0xff,
    0x48, 0x24, 0x08, 0xff, 0x50, 0x20, 0x08, 0xff, 0x50, 0x24, 0x08, 0xff,
    0x50, 0x24, 0x00, 0xff, 0x48, 0x20, 0x00, 0xff, 0x48, 0x24, 0x00, 0xff,
    0x50, 0x24, 0x00, 0xff, 0x50, 0x20, 0x08, 0xff, 0x50, 0x24, 0x00, 0xff,
    0x48, 0x20, 0x00, 0xff, 0x48, 0x24, 0x08, 0xff, 0x50, 0x24, 0x00, 0xff,
    0x48, 0x20, 0x08, 0xff, 0x48, 0x24, 0x00, 0xff, 0x50, 0x24, 0x00, 0xff,
    0x50, 0x24, 0x00, 0xff, 0x50, 0x24, 0x08, 0xff, 0x48, 0x20, 0x00, 0xff,
    0x48, 0x20, 0x00, 0xff, 0x50, 0x24, 0x00, 0xff, 0x48, 0x24, 0x08, 0xff,
    0x50, 0x24, 0x08, 0xff, 0x48, 0x24, 0x00, 0xff, 0x48, 0x24, 0x00, 0xff,
    0x50, 0x24, 0x00, 0xff, 0x48, 0x24, 0x08, 0xff, 0x48, 0x20, 0x00, 0xff,
    0x50, 0x20, 0x00, 0xff, 0x50, 0x24, 0x08, 0xff, 0x48, 0x24, 0x08, 0xff,
    0x48, 0x24, 0x08, 0xff, 0x48, 0x24, 0x08, 0xff, 0x48, 0x24, 0x00, 0xff,
    0x50, 0x24, 0x08, 0xff, 0x48, 0x24, 0x00, 0xff, 0x48, 0x24, 0x00, 0xff,
    0x50, 0x20, 0x08, 0xff, 0x48, 0x24, 0x08, 0xff, 0x50, 0x24, 0x00, 0xff,
    0x48, 0x24, 0x00, 0xff, 0x48, 0x24, 0x08, 0xff, 0x50, 0x20, 0x08, 0xff,
    0x48, 0x24, 0x08, 0xff, 0x50, 0x24, 0x00, 0xff, 0x48, 0x24, 0x00, 0xff,
    0x48, 0x20, 0x08, 0xff, 0x48, 0x24, 0x00, 0xff, 0x38, 0x18, 0x00, 0x8a,
    0x28, 0x10, 0x00, 0x1c, 0x48, 0x24, 0x00, 0xf7, 0x48, 0x24, 0x08, 0xff,
    0x48, 0x24, 0x00, 0xff, 0x48, 0x24, 0x00, 0xff, 0x48, 0x20, 0x00, 0xff,
    0x48, 0x24, 0x08, 0xff, 0x48, 0x24, 0x00, 0xff, 0x48, 0x20, 0x00, 0xff,
    0x48, 0x24, 0x00, 0xff, 0x50, 0x24, 0x08, 0xff, 0x48, 0x24, 0x00, 0xff,
    0x48, 0x24, 0x00, 0xff, 0x48, 0x24, 0x00, 0xff, 0x48, 0x24, 0x00, 0xff,
    0x48, 0x20, 0x00, 0xff, 0x48, 0x24, 0x00, 0xff, 0x50, 0x24, 0x08, 0xff,
    0x48, 0x20, 0x08, 0xff, 0x48, 0x24, 0x00, 0xff, 0x48, 0x20, 0x00, 0xff,
    0x48, 0x24, 0x00, 0xff, 0x48, 0x24, 0x08, 0xff, 0x50, 0x20, 0x00, 0xff,
    0x48, 0x24, 0x00, 0xff, 0x48, 0x24, 0x00, 0xff, 0x48, 0x20, 0x00, 0xff,
    0x48, 0x24, 0x08, 0xff, 0x50, 0x24, 0x00, 0xff, 0x48, 0x20, 0x00, 0xff,
    0x48, 0x24, 0x08, 0xff, 0x48, 0x24, 0x00, 0xff, 0x48, 0x20, 0x00, 0xff,
    0x50, 0x24, 0x00, 0xff, 0x48, 0x24, 0x08, 0xff, 0x48, 0x20, 0x00, 0xff,
    0x48, 0x24, 0x00, 0xff, 0x50, 0x24, 0x00, 0xff, 0x48, 0x20, 0x08, 0xff,
    0x50, 0x24, 0x00, 0xff, 0x48, 0x24, 0x00, 0xff, 0x48, 0x20, 0x08, 0xff,
    0x50, 0x24, 0x00, 0xff, 0x48, 0x24, 0x00, 0xff, 0x48, 0x20, 0x08, 0xff,
    0x48, 0x24, 0x00, 0xff, 0x48, 0x24, 0x00, 0xff, 0x48, 0x20, 0x00, 0xff,
    0x50, 0x24, 0x00, 0xff, 0x48, 0x24, 0x00, 0xff, 0x48, 0x20, 0x08, 0xff,
    0x48, 0x24, 0x00, 0xff, 0x48, 0x24, 0x00, 0xff, 0x48, 0x20, 0x00, 0xff,
    0x50, 0x24, 0x00, 0xff, 0x48, 0x24, 0x08, 0xff, 0x48, 0x20, 0x00, 0xff,
    0x48, 0x24, 0x08, 0xff, 0x50, 0x24, 0x00, 0xff, 0x48, 0x20, 0x00, 0xff,
    0x48, 0x24, 0x00, 0xff, 0x48, 0x24, 0x00, 0xff, 0x50, 0x20, 0x08, 0xff,
    0x48, 0x24, 0x00, 0xff, 0x48, 0x24, 0x00, 0xff, 0x50, 0x20, 0x08, 0xff,
    0x48, 0x24, 0x00, 0xff, 0x48, 0x24, 0x00, 0xff, 0x48, 0x20, 0x00, 0xff,
    0x48, 0x24, 0x00, 0xff, 0x48, 0x24, 0x08, 0xff, 0x50, 0x24, 0x00, 0xff,
    0x48, 0x20, 0x00, 0xff, 0x48, 0x24, 0x08, 0xff, 0x50, 0x24, 0x00, 0xff,
    0x48, 0x24, 0x00, 0xff, 0x48, 0x20, 0x00, 0xff, 0x50, 0x24, 0x00, 0xff,
    0x48, 0x24, 0x08, 0xff, 0x48, 0x20, 0x00, 0xff, 0x48, 0x24, 0x00, 0xff,
    0x48, 0x24, 0x00, 0xff, 0x50, 0x20, 0x08, 0xff, 0x48, 0x24, 0x00, 0xff,
    0x48, 0x24, 0x00, 0xff, 0x48, 0x24, 0x08, 0xff, 0x48, 0x24, 0x00, 0xff,
    0x50, 0x24, 0x00, 0xff, 0x48, 0x20, 0x08, 0xff, 0x48, 0x24, 0x00, 0xff,
    0x48, 0x24, 0x00, 0xff, 0x48, 0x24, 0x08, 0xff, 0x50, 0x24, 0x08, 0xff,
    0x48, 0x20, 0x00, 0xff, 0x48, 0x24, 0x00, 0xff, 0x50, 0x20, 0x00, 0xff,
    0x48, 0x24, 0x00, 0xff, 0x48, 0x24, 0x00, 0xff, 0x48, 0x20, 0x08, 0xff,
    0x48, 0x24, 0x00, 0xff, 0x50, 0x24, 0x00, 0xff, 0x48, 0x20, 0x08, 0xff,
    0x48, 0x24, 0x00, 0xff, 0x48, 0x24, 0x00, 0xff, 0x48, 0x20, 0x00, 0xff,
    0x50, 0x24, 0x00, 0xff, 0x48, 0x24, 0x00, 0xff, 0x48, 0x20, 0x00, 0xff,
    0x48, 0x24, 0x00, 0xff, 0x48, 0x24, 0x00, 0xff, 0x50, 0x20, 0x08, 0xff,
    0x48, 0x24, 0x08, 0xff, 0x48, 0x24, 0x00, 0xff, 0x48, 0x24, 0x00, 0xff,
    0x48, 0x24, 0x08, 0xff, 0x50, 0x20, 0x00, 0xff, 0x48, 0x24, 0x00, 0xff,
    0x48, 0x24, 0x00, 0xff, 0x50, 0x24, 0x08, 0xff, 0x48, 0x24, 0x00, 0xff,
    0x48, 0x20, 0x08, 0xff, 0x48, 0x24, 0x00, 0xff, 0x48, 0x24, 0x00, 0xff,
    0x50, 0x24, 0x08, 0xff, 0x48, 0x24, 0x00, 0xff, 0x48, 0x20, 0x00, 0xff,
    0x48, 0x24, 0x00, 0xff, 0x50, 0x24, 0x00, 0xff, 0x48, 0x20, 0x00, 0xff,
    0x48, 0x24, 0x08, 0xff, 0x50, 0x24, 0x00, 0xff, 0x48, 0x24, 0x00, 0xff,
    0x48, 0x24, 0x08, 0xff, 0x48, 0x20, 0x00, 0xff, 0x48, 0x24, 0x00, 0xff,
    0x48, 0x20, 0x00, 0xff, 0x50, 0x20, 0x00, 0xff, 0x50, 0x24, 0x00, 0xff,
    0x48, 0x24, 0x00, 0xff, 0x48, 0x20, 0x08, 0xff, 0x50, 0x20, 0x00, 0xff,
    0x48, 0x24, 0x00, 0xff, 0x48, 0x24, 0x00, 0xff, 0x48, 0x24, 0x00, 0xff,
    0x50, 0x20, 0x08, 0xff, 0x48, 0x24, 0x00, 0xff, 0x48, 0x24, 0x00, 0xff,
    0x50, 0x24, 0x00, 0xff, 0x48, 0x24, 0x00, 0xff, 0x50, 0x20, 0x00, 0xff,
    0x48, 0x24, 0x00, 0xff, 0x48, 0x24, 0x08, 0xf7, 0x28, 0x10, 0x00, 0x1c,
    0x00, 0x00, 0x00, 0x00, 0x38, 0x18, 0x00, 0x5d, 0x48, 0x24, 0x00, 0xff,
    0x50, 0x24, 0x08, 0xff, 0x50, 0x24, 0x08, 0xff, 0x48, 0x24, 0x00, 0xff,
    0x50, 0x20, 0x00, 0xff, 0x48, 0x24, 0x08, 0xff, 0x48, 0x24, 0x00, 0xff,
    0x50, 0x20, 0x00, 0xff, 0x48, 0x24, 0x08, 0xff, 0x50, 0x24, 0x08, 0xff,
    0x48, 0x24, 0x00, 0xff, 0x48, 0x24, 0x00, 0xff, 0x50, 0x24, 0x00, 0xff,
    0x48, 0x24, 0x08, 0xff, 0x50, 0x20, 0x08, 0xff, 0x48, 0x24, 0x00, 0xff,
    0x48, 0x24, 0x00, 0xff, 0x48, 0x20, 0x00, 0xff, 0x50, 0x24, 0x08, 0xff,
    0x50, 0x24, 0x00, 0xff, 0x50, 0x20, 0x00, 0xff, 0x48, 0x24, 0x08, 0xff,
    0x50, 0x24, 0x00, 0xff, 0x48, 0x20, 0x00, 0xff, 0x50, 0x24, 0x08, 0xff,
    0x48, 0x24, 0x00, 0xff, 0x48, 0x20, 0x08, 0xff, 0x50, 0x24, 0x00, 0xff,
    0x48, 0x24, 0x00, 0xff, 0x48, 0x20, 0x08, 0xff, 0x50, 0x24, 0x00, 0xff,
    0x48, 0x24, 0x00, 0xff, 0x50, 0x20, 0x08, 0xff, 0x48, 0x24, 0x08, 0xff,
    0x48, 0x24, 0x00, 0xff, 0x50, 0x20, 0x00, 0xff, 0x50, 0x24, 0x00, 0xff,
    0x48, 0x24, 0x08, 0xff, 0x48, 0x20, 0x00, 0xff, 0x50, 0x24, 0x00, 0xff,
    0x48, 0x24, 0x08, 0xff, 0x50, 0x20, 0x00, 0xff, 0x48, 0x24, 0x00, 0xff,
    0x48, 0x24, 0x08, 0xff, 0x50, 0x20, 0x00, 0xff, 0x50, 0x24, 0x00, 0xff,
    0x48, 0x24, 0x08, 0xff, 0x48, 0x20, 0x00, 0xff, 0x50, 0x24, 0x00, 0xff,
    0x50, 0x24, 0x08, 0xff, 0x50, 0x20, 0x00, 0xff, 0x48, 0x24, 0x00, 0xff,
    0x48, 0x24, 0x08, 0xff, 0x50, 0x20, 0x00, 0xff, 0x48, 0x24, 0x08, 0xff,
    0x48, 0x24, 0x00, 0xff, 0x50, 0x20, 0x08, 0xff, 0x50, 0x24, 0x00, 0xff,
    0x48, 0x24, 0x00, 0xff, 0x48, 0x20, 0x08, 0xff, 0x48, 0x24, 0x00, 0xff,
    0x50, 0x24, 0x08, 0xff, 0x48, 0x20, 0x00, 0xff, 0x48, 0x24, 0x00, 0xff,
    0x50, 0x24, 0x08, 0xff, 0x48, 0x20, 0x00, 0xff, 0x48, 0x24, 0x00, 0xff,
    0x50, 0x24, 0x08, 0xff, 0x48, 0x20, 0x00, 0xff, 0x48, 0x24, 0x08, 0xff,
    0x50, 0x24, 0x00, 0xff, 0x48, 0x20, 0x00, 0xff, 0x48, 0x24, 0x08, 0xff,
    0x50, 0x20, 0x00, 0xff, 0x48, 0x24, 0x00, 0xff, 0x48, 0x24, 0x08, 0xff,
    0x50, 0x20, 0x00, 0xff, 0x48, 0x24, 0x08, 0xff, 0x48, 0x24, 0x00, 0xff,
    0x50, 0x20, 0x00, 0xff, 0x48, 0x24, 0x08, 0xff, 0x50, 0x24, 0x08, 0xff,
    0x48, 0x20, 0x00, 0xff, 0x48, 0x24, 0x00, 0xff, 0x50, 0x24, 0x08, 0xff,
    0x48, 0x20, 0x00, 0xff, 0x50, 0x24, 0x00, 0xff, 0x48, 0x24, 0x00, 0xff,
    0x48, 0x20, 0x08, 0xff, 0x50, 0x24, 0x00, 0xff, 0x48, 0x20, 0x00, 0xff,
    0x50, 0x24, 0x00, 0xff, 0x48, 0x24, 0x08, 0xff, 0x48, 0x24, 0x08, 0xff,
    0x50, 0x20, 0x08, 0xff, 0x48, 0x24, 0x00, 0xff, 0x48, 0x24, 0x00, 0xff,
    0x50, 0x20, 0x08, 0xff, 0x48, 0x24, 0x00, 0xff, 0x50, 0x24, 0x00, 0xff,
    0x48, 0x20, 0x08, 0xff, 0x48, 0x24, 0x00, 0xff, 0x50, 0x24, 0x00, 0xff,
    0x48, 0x20, 0x08, 0xff, 0x50, 0x24, 0x00, 0xff, 0x48, 0x24, 0x00, 0xff,
    0x48, 0x20, 0x08, 0xff, 0x50, 0x24, 0x08, 0xff, 0x48, 0x24, 0x00, 0xff,
    0x50, 0x20, 0x00, 0xff, 0x48, 0x24, 0x00, 0xff, 0x48, 0x24, 0x08, 0xff,
    0x50, 0x24, 0x00, 0xff, 0x48, 0x24, 0x08, 0xff, 0x50, 0x20, 0x00, 0xff,
    0x48, 0x24, 0x00, 0xff, 0x48, 0x24, 0x08, 0xff, 0x50, 0x24, 0x08, 0xff,
    0x48, 0x20, 0x00, 0xff, 0x48, 0x24, 0x00, 0xff, 0x50, 0x24, 0x08, 0xff,
    0x48, 0x24, 0x00, 0xff, 0x50, 0x24, 0x08, 0xff, 0x48, 0x24, 0x00, 0xff,
    0x48, 0x20, 0x00, 0xff, 0x50, 0x24, 0x08, 0xff, 0x50, 0x24, 0x08, 0xff,
    0x48, 0x20, 0x00, 0xff, 0x48, 0x24, 0x00, 0xff, 0x50, 0x20, 0x08, 0xff,
    0x48, 0x24, 0x00, 0xff, 0x48, 0x24, 0x00, 0xff, 0x50, 0x24, 0x00, 0xff,
    0x50, 0x24, 0x00, 0xff, 0x48, 0x24, 0x08, 0xff, 0x48, 0x24, 0x00, 0xff,
    0x48, 0x20, 0x00, 0xff, 0x50, 0x24, 0x00, 0xff, 0x48, 0x24, 0x08, 0xff,
    0x50, 0x24, 0x00, 0xff, 0x48, 0x24, 0x00, 0xff, 0x48, 0x20, 0x08, 0xff,
    0x50, 0x24, 0x00, 0xff, 0x50, 0x24, 0x08, 0xff, 0x48, 0x20, 0x00, 0xff,
    0x48, 0x24, 0x00, 0xff, 0x50, 0x20, 0x08, 0xff, 0x48, 0x24, 0x08, 0xff,
    0x50, 0x24, 0x08, 0xff, 0x38, 0x18, 0x00, 0x5d, 0x00, 0x00, 0x00, 0x00,
    0x00, 0x00, 0x00, 0x00, 0x00, 0x00, 0x00, 0x00, 0x38, 0x18, 0x00, 0x55,
    0x48, 0x24, 0x00, 0xef, 0x48, 0x24, 0x00, 0xff, 0x50, 0x24, 0x08, 0xff,
    0x48, 0x24, 0x08, 0xff, 0x50, 0x20, 0x00, 0xff, 0x50, 0x24, 0x08, 0xff,
    0x48, 0x24, 0x08, 0xff, 0x50, 0x20, 0x00, 0xff, 0x48, 0x24, 0x00, 0xff,
    0x50, 0x20, 0x08, 0xff, 0x50, 0x20, 0x08, 0xff, 0x48, 0x24, 0x08, 0xff,
    0x50, 0x20, 0x00, 0xff, 0x50, 0x24, 0x08, 0xff, 0x48, 0x24, 0x00, 0xff,
    0x50, 0x24, 0x08, 0xff, 0x50, 0x24, 0x08, 0xff, 0x48, 0x24, 0x00, 0xff,
    0x50, 0x24, 0x08, 0xff, 0x48, 0x24, 0x08, 0xff, 0x48, 0x24, 0x00, 0xff,
    0x48, 0x24, 0x08, 0xff, 0x50, 0x24, 0x08, 0xff, 0x48, 0x24, 0x00, 0xff,
    0x50, 0x24, 0x08, 0xff, 0x50, 0x24, 0x00, 0xff, 0x48, 0x24, 0x08, 0xff,
    0x50, 0x24, 0x08, 0xff, 0x50, 0x24, 0x00, 0xff, 0x48, 0x24, 0x08, 0xff,
    0x50, 0x24, 0x08, 0xff, 0x48, 0x24, 0x00, 0xff, 0x50, 0x24, 0x00, 0xff,
    0x50, 0x24, 0x08, 0xff, 0x48, 0x24, 0x08, 0xff, 0x48, 0x24, 0x08, 0xff,
    0x48, 0x24, 0x00, 0xff, 0x50, 0x24, 0x08, 0xff, 0x48, 0x24, 0x08, 0xff,
    0x50, 0x24, 0x00, 0xff, 0x48, 0x24, 0x08, 0xff, 0x50, 0x24, 0x08, 0xff,
    0x50, 0x24, 0x00, 0xff, 0x48, 0x24, 0x08, 0xff, 0x50, 0x24, 0x08, 0xff,
    0x48, 0x24, 0x00, 0xff, 0x50, 0x24, 0x08, 0xff, 0x50, 0x24, 0x08, 0xff,
    0x48, 0x24, 0x00, 0xff, 0x48, 0x24, 0x08, 0xff, 0x50, 0x24, 0x08, 0xff,
    0x50, 0x24, 0x00, 0xff, 0x48, 0x24, 0x08, 0xff, 0x50, 0x24, 0x00, 0xff,
    0x50, 0x24, 0x08, 0xff, 0x48, 0x24, 0x00, 0xff, 0x48, 0x24, 0x08, 0xff,
    0x50, 0x24, 0x08, 0xff, 0x50, 0x24, 0x00, 0xff, 0x50, 0x24, 0x08, 0xff,
    0x48, 0x24, 0x00, 0xff, 0x50, 0x24, 0x08, 0xff, 0x50, 0x24, 0x08, 0xff,
    0x48, 0x24, 0x00, 0xff, 0x50, 0x24, 0x08, 0xff, 0x50, 0x24, 0x08, 0xff,
    0x48, 0x24, 0x00, 0xff, 0x50, 0x24, 0x08, 0xff, 0x50, 0x24, 0x00, 0xff,
    0x48, 0x24, 0x08, 0xff, 0x50, 0x24, 0x08, 0xff, 0x50, 0x24, 0x00, 0xff,
    0x48, 0x24, 0x08, 0xff, 0x50, 0x24, 0x08, 0xff, 0x50, 0x24, 0x00, 0xff,
    0x48, 0x24, 0x08, 0xff, 0x50, 0x24, 0x00, 0xff, 0x50, 0x24, 0x08, 0xff,
    0x48, 0x24, 0x08, 0xff, 0x50, 0x24, 0x00, 0xff, 0x48, 0x24, 0x00, 0xff,
    0x50, 0x24, 0x00, 0xff, 0x50, 0x24, 0x08, 0xff, 0x48, 0x20, 0x00, 0xff,
    0x50, 0x24, 0x08, 0xff, 0x48, 0x24, 0x08, 0xff, 0x50, 0x24, 0x00, 0xff,
    0x50, 0x24, 0x00, 0xff, 0x48, 0x24, 0x08, 0xff, 0x50, 0x24, 0x00, 0xff,
    0x48, 0x24, 0x08, 0xff, 0x50, 0x24, 0x08, 0xff, 0x50, 0x24, 0x00, 0xff,
    0x48, 0x24, 0x00, 0xff, 0x50, 0x24, 0x08, 0xff, 0x50, 0x24, 0x08, 0xff,
    0x48, 0x24, 0x00, 0xff, 0x50, 0x24, 0x08, 0xff, 0x48, 0x24, 0x08, 0xff,
    0x50, 0x24, 0x00, 0xff, 0x50, 0x24, 0x08, 0xff, 0x48, 0x24, 0x08, 0xff,
    0x50, 0x24, 0x00, 0xff, 0x48, 0x24, 0x08, 0xff, 0x50, 0x24, 0x08, 0xff,
    0x50, 0x24, 0x00, 0xff, 0x48, 0x24, 0x08, 0xff, 0x50, 0x24, 0x00, 0xff,
    0x48, 0x24, 0x08, 0xff, 0x50, 0x24, 0x08, 0xff, 0x50, 0x20, 0x00, 0xff,
    0x48, 0x20, 0x08, 0xff, 0x50, 0x24, 0x00, 0xff, 0x48, 0x24, 0x08, 0xff,
    0x50, 0x20, 0x08, 0xff, 0x50, 0x24, 0x00, 0xff, 0x48, 0x20, 0x00, 0xff,
    0x50, 0x24, 0x00, 0xff, 0x50, 0x24, 0x08, 0xff, 0x48, 0x24, 0x00, 0xff,
    0x50, 0x20, 0x08, 0xff, 0x48, 0x24, 0x00, 0xff, 0x50, 0x20, 0x08, 0xff,
    0x50, 0x24, 0x08, 0xff, 0x48, 0x24, 0x00, 0xff, 0x48, 0x24, 0x08, 0xff,
    0x48, 0x24, 0x00, 0xff, 0x50, 0x24, 0x08, 0xff, 0x48, 0x24, 0x08, 0xff,
    0x50, 0x24, 0x00, 0xff, 0x50, 0x24, 0x08, 0xff, 0x48, 0x24, 0x08, 0xff,
    0x50, 0x20, 0x08, 0xff, 0x48, 0x24, 0x00, 0xff, 0x50, 0x24, 0x08, 0xff,
    0x50, 0x24, 0x08, 0xff, 0x48, 0x24, 0x08, 0xff, 0x50, 0x24, 0x00, 0xff,
    0x48, 0x24, 0x08, 0xff, 0x50, 0x20, 0x08, 0xff, 0x50, 0x24, 0x00, 0xff,
    0x48, 0x24, 0x08, 0xff, 0x48, 0x20, 0x00, 0xff, 0x48, 0x24, 0x08, 0xff,
    0x50, 0x24, 0x08, 0xff, 0x48, 0x24, 0x00, 0xff, 0x48, 0x24, 0x00, 0xef,
    0x38, 0x18, 0x00, 0x59, 0x00, 0x00, 0x00, 0x00, 0x00, 0x00, 0x00, 0x00,
    0x00, 0x00, 0x00, 0x00, 0x00, 0x00, 0x00, 0x00, 0x00, 0x00, 0x00, 0x00,
    0x10, 0x08, 0x00, 0x18, 0x38, 0x18, 0x00, 0x86, 0x48, 0x24, 0x00, 0xcf,
    0x48, 0x24, 0x00, 0xf3, 0x48, 0x24, 0x00, 0xff, 0x48, 0x24, 0x00, 0xff,
    0x48, 0x24, 0x00, 0xff, 0x48, 0x24, 0x00, 0xff, 0x48, 0x24, 0x00, 0xff,
    0x48, 0x24, 0x00, 0xff, 0x48, 0x24, 0x00, 0xff, 0x48, 0x24, 0x00, 0xff,
    0x48, 0x24, 0x00, 0xff, 0x48, 0x24, 0x00, 0xff, 0x48, 0x24, 0x00, 0xff,
    0x48, 0x20, 0x00, 0xff, 0x48, 0x24, 0x00, 0xff, 0x48, 0x24, 0x00, 0xff,
    0x48, 0x20, 0x00, 0xff, 0x48, 0x24, 0x00, 0xff, 0x48, 0x24, 0x00, 0xff,
    0x50, 0x20, 0x00, 0xff, 0x48, 0x24, 0x00, 0xff, 0x48, 0x24, 0x00, 0xff,
    0x48, 0x20, 0x00, 0xff, 0x48, 0x24, 0x00, 0xff, 0x48, 0x24, 0x00, 0xff,
    0x48, 0x20, 0x00, 0xff, 0x48, 0x24, 0x00, 0xff, 0x48, 0x24, 0x00, 0xff,
    0x48, 0x20, 0x00, 0xff, 0x48, 0x24, 0x00, 0xff, 0x48, 0x24, 0x00, 0xff,
    0x48, 0x20, 0x00, 0xff, 0x48, 0x24, 0x00, 0xff, 0x48, 0x24, 0x00, 0xff,
    0x50, 0x20, 0x00, 0xff, 0x48, 0x24, 0x00, 0xff, 0x48, 0x24, 0x00, 0xff,
    0x48, 0x20, 0x00, 0xff, 0x48, 0x24, 0x00, 0xff, 0x48, 0x24, 0x00, 0xff,
    0x48, 0x20, 0x00, 0xff, 0x48, 0x24, 0x00, 0xff, 0x48, 0x24, 0x00, 0xff,
    0x48, 0x20, 0x00, 0xff, 0x48, 0x24, 0x00, 0xff, 0x48, 0x24, 0x00, 0xff,
    0x48, 0x20, 0x00, 0xff, 0x48, 0x24, 0x00, 0xff, 0x48, 0x24, 0x00, 0xff,
    0x48, 0x20, 0x00, 0xff, 0x48, 0x24, 0x00, 0xff, 0x48, 0x24, 0x00, 0xff,
    0x48, 0x20, 0x00, 0xff, 0x48, 0x24, 0x00, 0xff, 0x48, 0x24, 0x00, 0xff,
    0x48, 0x20, 0x00, 0xff, 0x48, 0x24, 0x00, 0xff, 0x48, 0x24, 0x00, 0xff,
    0x48, 0x20, 0x00, 0xff, 0x48, 0x24, 0x00, 0xff, 0x48, 0x24, 0x00, 0xff,
    0x48, 0x20, 0x00, 0xff, 0x48, 0x24, 0x00, 0xff, 0x48, 0x24, 0x00, 0xff,
    0x48, 0x20, 0x00, 0xff, 0x48, 0x24, 0x00, 0xff, 0x48, 0x24, 0x00, 0xff,
    0x48, 0x20, 0x00, 0xff, 0x48, 0x24, 0x00, 0xff, 0x48, 0x24, 0x00, 0xff,
    0x48, 0x20, 0x00, 0xff, 0x48, 0x24, 0x00, 0xff, 0x48, 0x24, 0x00, 0xff,
    0x48, 0x20, 0x00, 0xff, 0x48, 0x24, 0x00, 0xff, 0x48, 0x24, 0x00, 0xff,
    0x48, 0x20, 0x00, 0xff, 0x48, 0x24, 0x00, 0xff, 0x48, 0x24, 0x00, 0xff,
    0x48, 0x20, 0x08, 0xff, 0x48, 0x24, 0x00, 0xff, 0x48, 0x24, 0x00, 0xff,
    0x48, 0x24, 0x00, 0xff, 0x48, 0x24, 0x00, 0xff, 0x48, 0x20, 0x00, 0xff,
    0x48, 0x24, 0x08, 0xff, 0x48, 0x24, 0x00, 0xff, 0x48, 0x20, 0x00, 0xff,
    0x48, 0x24, 0x00, 0xff, 0x48, 0x24, 0x00, 0xff, 0x48, 0x20, 0x00, 0xff,
    0x48, 0x24, 0x00, 0xff, 0x48, 0x24, 0x00, 0xff, 0x48, 0x20, 0x00, 0xff,
    0x48, 0x24, 0x00, 0xff, 0x48, 0x24, 0x00, 0xff, 0x48, 0x20, 0x00, 0xff,
    0x48, 0x24, 0x00, 0xff, 0x48, 0x24, 0x00, 0xff, 0x48, 0x20, 0x00, 0xff,
    0x48, 0x24, 0x00, 0xff, 0x48, 0x24, 0x00, 0xff, 0x48, 0x20, 0x00, 0xff,
    0x48, 0x24, 0x00, 0xff, 0x48, 0x24, 0x00, 0xff, 0x48, 0x20, 0x00, 0xff,
    0x48, 0x24, 0x00, 0xff, 0x48, 0x24, 0x00, 0xff, 0x48, 0x24, 0x00, 0xff,
    0x48, 0x24, 0x00, 0xff, 0x48, 0x24, 0x00, 0xff, 0x48, 0x24, 0x00, 0xff,
    0x48, 0x24, 0x00, 0xff, 0x48, 0x24, 0x00, 0xff, 0x48, 0x24, 0x00, 0xff,
    0x48, 0x24, 0x08, 0xff, 0x48, 0x24, 0x00, 0xff, 0x48, 0x20, 0x00, 0xff,
    0x48, 0x24, 0x00, 0xff, 0x48, 0x24, 0x00, 0xff, 0x48, 0x24, 0x00, 0xff,
    0x48, 0x24, 0x00, 0xff, 0x48, 0x24, 0x00, 0xff, 0x48, 0x20, 0x00, 0xff,
    0x50, 0x24, 0x00, 0xff, 0x48, 0x24, 0x00, 0xff, 0x48, 0x20, 0x00, 0xff,
    0x48, 0x24, 0x00, 0xff, 0x48, 0x24, 0x00, 0xff, 0x48, 0x20, 0x00, 0xff,
    0x48, 0x24, 0x00, 0xff, 0x48, 0x24, 0x00, 0xff, 0x48, 0x24, 0x00, 0xff,
    0x48, 0x20, 0x00, 0xff, 0x48, 0x24, 0x00, 0xff, 0x48, 0x24, 0x00, 0xff,
    0x48, 0x20, 0x00, 0xff, 0x48, 0x24, 0x00, 0xff, 0x48, 0x24, 0x00, 0xff,
    0x48, 0x24, 0x00, 0xff, 0x48, 0x24, 0x00, 0xff, 0x50, 0x24, 0x00, 0xf3,
    0x48, 0x24, 0x00, 0xcf, 0x38, 0x18, 0x00, 0x82, 0x10, 0x08, 0x00, 0x14,
    0x00, 0x00, 0x00, 0x00, 0x00, 0x00, 0x00, 0x00, 0x00, 0x00, 0x00, 0x00
};
