// 4.24.2 0xf3d00303 D2 R1 FRGB565 U565 N0 SExtFlashSection
// Generated by imageconverter. Please, do not edit!

#include <touchgfx/hal/Config.hpp>

LOCATION_PRAGMA("ExtFlashSection")
KEEP extern const unsigned char image_resized9[] LOCATION_ATTRIBUTE("ExtFlashSection") = { // 320x180 RGB565 pixels.
    0x34, 0xa5, 0x35, 0xad, 0x34, 0xa5, 0x34, 0xa5, 0x34, 0xa5, 0x15, 0xad,
    0x35, 0xad, 0x34, 0xa5, 0x14, 0xa5, 0x34, 0xa5, 0x34, 0xa5, 0x15, 0xad,
    0x34, 0xa5, 0x34, 0xa5, 0x35, 0xad, 0x34, 0xa5, 0x14, 0xa5, 0x34, 0xa5,
    0x34, 0xa5, 0x34, 0xa5, 0x35, 0xad, 0x35, 0xad, 0x34, 0xa5, 0x35, 0xad,
    0x34, 0xa5, 0x34, 0xa5, 0x15, 0xad, 0x34, 0xa5, 0x34, 0xa5, 0x35, 0xad,
    0x14, 0xa5, 0x35, 0xad, 0x34, 0xa5, 0x34, 0xa5, 0x34, 0xa5, 0x34, 0xa5,
    0x35, 0xad, 0x14, 0xa5, 0x34, 0xa5, 0x35, 0xa5, 0x34, 0xad, 0x34, 0xa5,
    0x15, 0xa5, 0x34, 0xa5, 0x34, 0xad, 0x15, 0xad, 0x34, 0xa5, 0x34, 0xa5,
    0x34, 0xa5, 0x15, 0xa5, 0x34, 0xa5, 0x34, 0xa5, 0x14, 0xad, 0x34, 0xa5,
    0x35, 0xa5, 0x15, 0xad, 0x34, 0xad, 0x34, 0xa5, 0x15, 0xa5, 0x35, 0xad,
    0x34, 0xa5, 0x34, 0xa5, 0x34, 0xa5, 0x34, 0xa5, 0x15, 0xa5, 0x34, 0xad,
    0x34, 0xa5, 0x14, 0xa5, 0x35, 0xad, 0x34, 0xa5, 0x14, 0xa5, 0x34, 0xa5,
    0x35, 0xad, 0x34, 0xa5, 0x34, 0xa5, 0x14, 0xad, 0x34, 0xa5, 0x35, 0xad,
    0x34, 0xa5, 0xeb, 0x5a, 0x62, 0x08, 0x41, 0x08, 0x41, 0x08, 0xe3, 0x18,
    0xa6, 0x31, 0xc7, 0x39, 0xc7, 0x39, 0x66, 0x31, 0xa2, 0x10, 0xa3, 0x18,
    0xf0, 0x7b, 0xb7, 0xb5, 0xd8, 0xbd, 0xd7, 0xbd, 0xf8, 0xbd, 0x11, 0x84,
    0xcc, 0x5a, 0x92, 0x94, 0x0c, 0x63, 0x86, 0x31, 0x86, 0x31, 0x66, 0x31,
    0x66, 0x29, 0x66, 0x29, 0x65, 0x31, 0x65, 0x29, 0x66, 0x29, 0x86, 0x31,
    0xc7, 0x39, 0x08, 0x42, 0x28, 0x42, 0x49, 0x4a, 0x49, 0x4a, 0x49, 0x4a,
    0x49, 0x4a, 0x49, 0x4a, 0x49, 0x4a, 0x49, 0x4a, 0x49, 0x4a, 0x49, 0x4a,
    0x49, 0x4a, 0x49, 0x4a, 0x49, 0x4a, 0x49, 0x4a, 0x69, 0x4a, 0x0c, 0x63,
    0xef, 0x7b, 0x72, 0x94, 0xd3, 0x9c, 0x14, 0xa5, 0x34, 0xa5, 0x35, 0xa5,
    0x34, 0xa5, 0x34, 0xad, 0x34, 0xa5, 0x35, 0xad, 0x34, 0xad, 0x35, 0xa5,
    0x34, 0xa5, 0x34, 0xa5, 0x35, 0xa5, 0x34, 0xa5, 0x34, 0xad, 0x35, 0xa5,
    0x14, 0xa5, 0x34, 0xa5, 0x35, 0xad, 0x15, 0xa5, 0x34, 0xa5, 0x34, 0xa5,
    0x14, 0xad, 0x34, 0xa5, 0x34, 0xad, 0x35, 0xad, 0x14, 0xa5, 0x35, 0xa5,
    0x35, 0xa5, 0x14, 0xad, 0x34, 0xa5, 0x35, 0xa5, 0x14, 0xa5, 0x35, 0xa5,
    0x34, 0xad, 0x34, 0xa5, 0x35, 0xad, 0x14, 0xa5, 0x34, 0xa5, 0x34, 0xad,
    0x14, 0xa5, 0x34, 0xa5, 0x35, 0xa5, 0x14, 0xa5, 0x34, 0xa5, 0x35, 0xa5,
    0x34, 0xa5, 0x14, 0xa5, 0x34, 0xa5, 0x34, 0xa5, 0x35, 0xa5, 0x34, 0xad,
    0x34, 0xa5, 0x14, 0xa5, 0x34, 0xa5, 0x35, 0xad, 0x14, 0xa5, 0x34, 0xa5,
    0x34, 0xa5, 0x34, 0xa5, 0x35, 0xad, 0x35, 0xad, 0x14, 0xa5, 0x34, 0xa5,
    0x35, 0xad, 0x34, 0xa5, 0x14, 0xa5, 0x34, 0xa5, 0x35, 0xad, 0x15, 0xad,
    0x34, 0xa5, 0x35, 0xad, 0x14, 0xa5, 0x34, 0xa5, 0x14, 0xa5, 0x14, 0xa5,
    0x34, 0xa5, 0x35, 0xad, 0x34, 0xa5, 0x34, 0xa5, 0x34, 0xa5, 0x15, 0xad,
    0x34, 0xa5, 0x34, 0xa5, 0x14, 0xa5, 0x35, 0xad, 0x14, 0xa5, 0x34, 0xa5,
    0x35, 0xad, 0x35, 0xad, 0x34, 0xa5, 0x34, 0xa5, 0x14, 0xa5, 0x34, 0xad,
    0x35, 0xad, 0x34, 0xa5, 0x35, 0xa5, 0x34, 0xa5, 0x34, 0xa5, 0x35, 0xad,
    0x15, 0xad, 0x34, 0xad, 0x34, 0xa5, 0x34, 0xa5, 0x35, 0xad, 0x35, 0xa5,
    0x34, 0xad, 0x34, 0xa5, 0x34, 0xa5, 0x35, 0xa5, 0x34, 0xa5, 0x34, 0xa5,
    0x34, 0xa5, 0x15, 0xad, 0x14, 0xa5, 0x34, 0xad, 0x34, 0xad, 0x34, 0xa5,
    0x34, 0xa5, 0x35, 0xa5, 0x14, 0xa5, 0x34, 0xad, 0x35, 0xa5, 0x35, 0xad,
    0x34, 0xa5, 0x34, 0xa5, 0x15, 0xad, 0x34, 0xa5, 0x34, 0xa5, 0x35, 0xad,
    0xb3, 0x9c, 0x86, 0x31, 0x41, 0x08, 0x42, 0x08, 0x62, 0x08, 0x45, 0x29,
    0xa7, 0x39, 0xc7, 0x39, 0xc7, 0x39, 0x04, 0x21, 0x82, 0x10, 0x66, 0x29,
    0x55, 0xad, 0xd8, 0xbd, 0x18, 0xc6, 0x18, 0xbe, 0xd7, 0xbd, 0xcc, 0x5a,
    0x10, 0x84, 0x14, 0xa5, 0xf0, 0x83, 0xa7, 0x39, 0x66, 0x29, 0x66, 0x31,
    0x65, 0x31, 0x66, 0x29, 0x66, 0x31, 0x65, 0x29, 0x66, 0x29, 0x66, 0x31,
    0xa6, 0x31, 0xc7, 0x39, 0x08, 0x42, 0x29, 0x4a, 0x49, 0x4a, 0x49, 0x4a,
    0x49, 0x4a, 0x49, 0x4a, 0x49, 0x4a, 0x49, 0x4a, 0x49, 0x4a, 0x49, 0x4a,
    0x49, 0x4a, 0x49, 0x4a, 0x49, 0x4a, 0x49, 0x4a, 0x49, 0x4a, 0x8a, 0x52,
    0x6d, 0x6b, 0x10, 0x84, 0x92, 0x94, 0xf3, 0x9c, 0x34, 0xa5, 0x34, 0xad,
    0x14, 0xa5, 0x34, 0xa5, 0x35, 0xad, 0x14, 0xa5, 0x34, 0xa5, 0x34, 0xa5,
    0x35, 0xa5, 0x14, 0xad, 0x35, 0xad, 0x35, 0xad, 0x14, 0xa5, 0x34, 0xa5,
    0x34, 0xad, 0x35, 0xad, 0x34, 0xa5, 0x34, 0xa5, 0x15, 0xa5, 0x34, 0xad,
    0x35, 0xa5, 0x35, 0xad, 0x14, 0xa5, 0x34, 0xa5, 0x35, 0xa5, 0x34, 0xa5,
    0x34, 0xad, 0x34, 0xa5, 0x35, 0xa5, 0x34, 0xa5, 0x34, 0xad, 0x35, 0xad,
    0x34, 0xa5, 0x15, 0xa5, 0x34, 0xa5, 0x34, 0xad, 0x15, 0xad, 0x35, 0xa5,
    0x34, 0xa5, 0x35, 0xa5, 0x14, 0xad, 0x35, 0xa5, 0x35, 0xad, 0x34, 0xad,
    0x34, 0xad, 0x35, 0xad, 0x35, 0xa5, 0x34, 0xa5, 0x14, 0xad, 0x15, 0xa5,
    0x34, 0xa5, 0x35, 0xad, 0x15, 0xad, 0x34, 0xa5, 0x35, 0xad, 0x34, 0xa5,
    0x34, 0xa5, 0x14, 0xa5, 0x35, 0xad, 0x34, 0xa5, 0x34, 0xa5, 0x35, 0xad,
    0x34, 0xa5, 0x15, 0xad, 0x34, 0xa5, 0x35, 0xad, 0x34, 0xa5, 0x34, 0xa5,
    0x35, 0xad, 0x14, 0xa5, 0x34, 0xa5, 0x34, 0xa5, 0x34, 0xa5, 0x35, 0xad,
    0x34, 0xa5, 0x14, 0xa5, 0x35, 0xad, 0x34, 0xa5, 0x15, 0xad, 0x34, 0xa5,
    0x34, 0xa5, 0x34, 0xa5, 0x35, 0xad, 0x34, 0xa5, 0x35, 0xad, 0x15, 0xad,
    0x14, 0xa5, 0x34, 0xa5, 0x34, 0xad, 0x15, 0xad, 0x34, 0xad, 0x35, 0xa5,
    0x34, 0xa5, 0x14, 0xad, 0x34, 0xa5, 0x34, 0xa5, 0x14, 0xad, 0x35, 0xa5,
    0x34, 0xa5, 0x34, 0xa5, 0x35, 0xad, 0x15, 0xad, 0x34, 0xa5, 0x34, 0xa5,
    0x14, 0xa5, 0x34, 0xa5, 0x35, 0xa5, 0x14, 0xad, 0x34, 0xad, 0x34, 0xad,
    0x15, 0xad, 0x34, 0xa5, 0x35, 0xad, 0x35, 0xa5, 0x35, 0xa5, 0x14, 0xa5,
    0x35, 0xad, 0x35, 0xad, 0x34, 0xad, 0x34, 0xa5, 0x35, 0xa5, 0x14, 0xad,
    0x34, 0xa5, 0x15, 0xa5, 0x34, 0xa5, 0x35, 0xad, 0x35, 0xa5, 0x35, 0xad,
    0xae, 0x73, 0xa2, 0x10, 0x41, 0x08, 0x41, 0x08, 0xa3, 0x18, 0x86, 0x31,
    0xc7, 0x39, 0xc7, 0x39, 0x86, 0x31, 0xa3, 0x18, 0xa3, 0x10, 0x49, 0x4a,
    0xd7, 0xbd, 0xf8, 0xbd, 0x39, 0xce, 0x39, 0xc6, 0xd3, 0x9c, 0x8a, 0x52,
    0x35, 0xad, 0x56, 0xad, 0x31, 0x84, 0x86, 0x31, 0x66, 0x31, 0x66, 0x29,
    0x85, 0x31, 0x65, 0x31, 0x66, 0x29, 0x66, 0x29, 0x66, 0x31, 0x66, 0x31,
    0x66, 0x31, 0xc7, 0x39, 0xe8, 0x41, 0x28, 0x42, 0x29, 0x4a, 0x49, 0x4a,
    0x49, 0x4a, 0x29, 0x4a, 0x49, 0x4a, 0x49, 0x4a, 0x49, 0x4a, 0x49, 0x4a,
    0x49, 0x4a, 0x49, 0x4a, 0x49, 0x4a, 0x49, 0x4a, 0x49, 0x4a, 0x49, 0x4a,
    0xab, 0x5a, 0x8e, 0x73, 0x51, 0x8c, 0xb3, 0x94, 0xf4, 0xa4, 0x34, 0xa5,
    0x35, 0xad, 0x35, 0xa5, 0x15, 0xa5, 0x34, 0xa5, 0x34, 0xa5, 0x15, 0xad,
    0x14, 0xad, 0x34, 0xa5, 0x34, 0xa5, 0x14, 0xa5, 0x35, 0xa5, 0x34, 0xa5,
    0x35, 0xad, 0x14, 0xa5, 0x34, 0xa5, 0x34, 0xad, 0x34, 0xad, 0x35, 0xa5,
    0x34, 0xa5, 0x14, 0xa5, 0x35, 0xa5, 0x34, 0xa5, 0x34, 0xad, 0x14, 0xad,
    0x34, 0xa5, 0x34, 0xad, 0x15, 0xad, 0x34, 0xa5, 0x14, 0xad, 0x34, 0xa5,
    0x34, 0xa5, 0x14, 0xad, 0x35, 0xa5, 0x34, 0xa5, 0x34, 0xa5, 0x35, 0xa5,
    0x34, 0xad, 0x34, 0xad, 0x35, 0xa5, 0x34, 0xad, 0x34, 0xa5, 0x14, 0xa5,
    0x14, 0xa5, 0x34, 0xa5, 0x34, 0xad, 0x15, 0xad, 0x34, 0xa5, 0x34, 0xad,
    0x34, 0xa5, 0x15, 0xad, 0x34, 0xa5, 0x34, 0xa5, 0x34, 0xa5, 0x15, 0xad,
    0x35, 0xad, 0x35, 0xad, 0x14, 0xa5, 0x34, 0xa5, 0x15, 0xad, 0x34, 0xa5,
    0x34, 0xa5, 0x14, 0xa5, 0x35, 0xad, 0x34, 0xa5, 0x15, 0xad, 0x34, 0xa5,
    0x34, 0xa5, 0x14, 0xa5, 0x35, 0xad, 0x35, 0xad, 0x35, 0xad, 0x35, 0xad,
    0x35, 0xad, 0x34, 0xa5, 0x14, 0xa5, 0x35, 0xad, 0x34, 0xa5, 0x35, 0xad,
    0x35, 0xad, 0x35, 0xad, 0x14, 0xa5, 0x35, 0xad, 0x34, 0xa5, 0x34, 0xa5,
    0x34, 0xa5, 0x34, 0xa5, 0x15, 0xa5, 0x35, 0xa5, 0x34, 0xa5, 0x35, 0xa5,
    0x15, 0xa5, 0x34, 0xa5, 0x35, 0xad, 0x15, 0xad, 0x35, 0xa5, 0x34, 0xad,
    0x34, 0xa5, 0x14, 0xa5, 0x35, 0xa5, 0x34, 0xa5, 0x14, 0xad, 0x34, 0xa5,
    0x35, 0xad, 0x15, 0xad, 0x34, 0xad, 0x34, 0xa5, 0x15, 0xa5, 0x35, 0xa5,
    0x34, 0xa5, 0x34, 0xa5, 0x34, 0xa5, 0x35, 0xad, 0x14, 0xa5, 0x35, 0xad,
    0x34, 0xa5, 0x14, 0xa5, 0x34, 0xa5, 0x35, 0xa5, 0x14, 0xad, 0x34, 0xa5,
    0x34, 0xad, 0x34, 0xa5, 0x35, 0xad, 0x34, 0xa5, 0x34, 0xad, 0xf4, 0xa4,
    0x49, 0x4a, 0x41, 0x08, 0x41, 0x08, 0x42, 0x08, 0x04, 0x21, 0xc7, 0x39,
    0xc7, 0x39, 0xc7, 0x39, 0x45, 0x29, 0xa3, 0x10, 0xa3, 0x10, 0xaf, 0x73,
    0xd7, 0xbd, 0x39, 0xc6, 0x59, 0xce, 0x19, 0xc6, 0x6e, 0x73, 0xcf, 0x7b,
    0xb7, 0xb5, 0x96, 0xb5, 0x8e, 0x73, 0x45, 0x29, 0x66, 0x31, 0x66, 0x31,
    0x86, 0x29, 0x66, 0x29, 0x65, 0x31, 0x65, 0x29, 0x65, 0x29, 0x45, 0x29,
    0x66, 0x29, 0x86, 0x31, 0xc7, 0x39, 0xe8, 0x41, 0x28, 0x42, 0x49, 0x4a,
    0x49, 0x4a, 0x49, 0x42, 0x49, 0x4a, 0x49, 0x4a, 0x29, 0x4a, 0x49, 0x4a,
    0x49, 0x42, 0x49, 0x4a, 0x49, 0x4a, 0x49, 0x4a, 0x49, 0x4a, 0x49, 0x4a,
    0x49, 0x4a, 0xec, 0x62, 0xcf, 0x7b, 0x71, 0x8c, 0xd3, 0x9c, 0x14, 0xa5,
    0x34, 0xa5, 0x34, 0xad, 0x14, 0xa5, 0x34, 0xad, 0x35, 0xad, 0x35, 0xa5,
    0x34, 0xa5, 0x34, 0xad, 0x15, 0xa5, 0x34, 0xa5, 0x34, 0xad, 0x35, 0xad,
    0x14, 0xa5, 0x35, 0xa5, 0x15, 0xa5, 0x34, 0xad, 0x35, 0xa5, 0x14, 0xa5,
    0x34, 0xad, 0x34, 0xa5, 0x34, 0xad, 0x35, 0xad, 0x14, 0xa5, 0x35, 0xa5,
    0x35, 0xa5, 0x15, 0xa5, 0x34, 0xa5, 0x35, 0xad, 0x34, 0xa5, 0x15, 0xa5,
    0x35, 0xa5, 0x34, 0xad, 0x34, 0xad, 0x15, 0xa5, 0x34, 0xa5, 0x34, 0xad,
    0x15, 0xa5, 0x14, 0xa5, 0x34, 0xad, 0x34, 0xa5, 0x14, 0xa5, 0x35, 0xad,
    0x35, 0xa5, 0x15, 0xa5, 0x34, 0xa5, 0x34, 0xa5, 0x35, 0xad, 0x34, 0xa5,
    0x34, 0xa5, 0x34, 0xa5, 0x34, 0xa5, 0x35, 0xad, 0x14, 0xa5, 0x34, 0xa5,
    0x35, 0xad, 0x14, 0xa5, 0x35, 0xad, 0x34, 0xa5, 0x34, 0xa5, 0x15, 0xad,
    0x35, 0xad, 0x34, 0xa5, 0x34, 0xa5, 0x35, 0xad, 0x14, 0xa5, 0x34, 0xa5,
    0x35, 0xad, 0x35, 0xad, 0x34, 0xa5, 0x14, 0xa5, 0x14, 0xa5, 0x34, 0xa5,
    0x34, 0xa5, 0x15, 0xad, 0x34, 0xa5, 0x34, 0xa5, 0x15, 0xad, 0x34, 0xa5,
    0x14, 0xa5, 0x14, 0xa5, 0x34, 0xa5, 0x14, 0xa5, 0x34, 0xa5, 0x34, 0xa5,
    0x35, 0xad, 0x15, 0xad, 0x34, 0xad, 0x34, 0xa5, 0x34, 0xa5, 0x14, 0xad,
    0x34, 0xad, 0x34, 0xad, 0x15, 0xa5, 0x34, 0xa5, 0x34, 0xad, 0x35, 0xa5,
    0x14, 0xa5, 0x35, 0xad, 0x34, 0xa5, 0x14, 0xa5, 0x35, 0xa5, 0x35, 0xad,
    0x14, 0xa5, 0x34, 0xa5, 0x35, 0xa5, 0x15, 0xad, 0x34, 0xa5, 0x34, 0xa5,
    0x35, 0xa5, 0x15, 0xad, 0x34, 0xad, 0x14, 0xa5, 0x34, 0xad, 0x34, 0xa5,
    0x15, 0xad, 0x34, 0xa5, 0x34, 0xa5, 0x15, 0xad, 0x35, 0xa5, 0x34, 0xa5,
    0x35, 0xa5, 0x15, 0xad, 0x34, 0xad, 0x34, 0xa5, 0x35, 0xad, 0x51, 0x8c,
    0x04, 0x21, 0x41, 0x08, 0x41, 0x08, 0x82, 0x10, 0x66, 0x31, 0xc7, 0x39,
    0xc7, 0x39, 0xa7, 0x31, 0xc3, 0x18, 0xc3, 0x18, 0xe4, 0x20, 0xf4, 0x9c,
    0xd7, 0xbd, 0x59, 0xce, 0x59, 0xce, 0x56, 0xad, 0x6e, 0x6b, 0x35, 0xa5,
    0x97, 0xb5, 0x96, 0xb5, 0x8b, 0x52, 0x65, 0x29, 0x86, 0x31, 0x66, 0x31,
    0x65, 0x31, 0x66, 0x29, 0x66, 0x29, 0x65, 0x31, 0x65, 0x31, 0x45, 0x29,
    0x66, 0x29, 0x66, 0x31, 0xa6, 0x31, 0xc7, 0x39, 0x08, 0x42, 0x29, 0x4a,
    0x49, 0x4a, 0x49, 0x4a, 0x49, 0x4a, 0x49, 0x4a, 0x49, 0x4a, 0x48, 0x4a,
    0x49, 0x4a, 0x29, 0x4a, 0x49, 0x4a, 0x49, 0x4a, 0x49, 0x4a, 0x49, 0x4a,
    0x49, 0x4a, 0x69, 0x4a, 0x4d, 0x6b, 0x10, 0x84, 0x92, 0x94, 0xd3, 0x9c,
    0x34, 0xa5, 0x35, 0xa5, 0x34, 0xad, 0x34, 0xa5, 0x15, 0xa5, 0x34, 0xad,
    0x34, 0xa5, 0x35, 0xa5, 0x35, 0xad, 0x34, 0xad, 0x34, 0xa5, 0x15, 0xa5,
    0x34, 0xad, 0x34, 0xa5, 0x34, 0xad, 0x15, 0xa5, 0x34, 0xa5, 0x34, 0xad,
    0x15, 0xa5, 0x35, 0xad, 0x35, 0xa5, 0x14, 0xa5, 0x35, 0xad, 0x34, 0xa5,
    0x14, 0xad, 0x34, 0xad, 0x34, 0xa5, 0x34, 0xa5, 0x35, 0xad, 0x35, 0xad,
    0x34, 0xa5, 0x35, 0xa5, 0x35, 0xa5, 0x34, 0xad, 0x15, 0xad, 0x34, 0xa5,
    0x34, 0xad, 0x35, 0xa5, 0x15, 0xa5, 0x34, 0xa5, 0x35, 0xad, 0x35, 0xa5,
    0x34, 0xad, 0x34, 0xad, 0x35, 0xa5, 0x34, 0xa5, 0x14, 0xa5, 0x35, 0xa5,
    0x34, 0xa5, 0x15, 0xad, 0x35, 0xad, 0x34, 0xa5, 0x15, 0xad, 0x34, 0xa5,
    0x34, 0xa5, 0x34, 0xa5, 0x34, 0xa5, 0x34, 0xa5, 0x35, 0xad, 0x34, 0xa5,
    0x34, 0xa5, 0x35, 0xad, 0x34, 0xa5, 0x14, 0xa5, 0x34, 0xa5, 0x35, 0xad,
    0x34, 0xa5, 0x14, 0xa5, 0x34, 0xa5, 0x35, 0xad, 0x34, 0xa5, 0x14, 0xa5,
    0x34, 0xa5, 0x34, 0xa5, 0x35, 0xad, 0x35, 0xad, 0x14, 0xa5, 0x34, 0xa5,
    0x34, 0xa5, 0x34, 0xa5, 0x35, 0xad, 0x35, 0xad, 0x15, 0xad, 0x35, 0xad,
    0x14, 0xa5, 0x34, 0xa5, 0x35, 0xa5, 0x34, 0xad, 0x14, 0xad, 0x35, 0xa5,
    0x34, 0xa5, 0x35, 0xa5, 0x34, 0xa5, 0x34, 0xa5, 0x14, 0xa5, 0x34, 0xa5,
    0x34, 0xad, 0x35, 0xad, 0x35, 0xad, 0x34, 0xad, 0x34, 0xad, 0x34, 0xa5,
    0x35, 0xa5, 0x34, 0xa5, 0x34, 0xad, 0x34, 0xa5, 0x34, 0xad, 0x34, 0xad,
    0x14, 0xad, 0x34, 0xa5, 0x35, 0xa5, 0x34, 0xa5, 0x15, 0xa5, 0x34, 0xa5,
    0x34, 0xa5, 0x35, 0xad, 0x35, 0xad, 0x34, 0xa5, 0x34, 0xad, 0x34, 0xad,
    0x15, 0xa5, 0x34, 0xa5, 0x14, 0xa5, 0x35, 0xa5, 0x35, 0xa5, 0xec, 0x62,
    0x62, 0x08, 0x41, 0x08, 0x41, 0x08, 0xe3, 0x18, 0xa7, 0x39, 0xc7, 0x39,
    0xc7, 0x39, 0x66, 0x29, 0xa2, 0x10, 0xa3, 0x18, 0x49, 0x4a, 0xb7, 0xb5,
    0xd7, 0xbd, 0x59, 0xce, 0x39, 0xc6, 0x10, 0x84, 0x52, 0x8c, 0xb7, 0xbd,
    0xb7, 0xb5, 0xf4, 0x9c, 0xc7, 0x39, 0x66, 0x31, 0x86, 0x31, 0x86, 0x29,
    0x66, 0x31, 0x65, 0x31, 0x66, 0x31, 0x66, 0x29, 0x65, 0x29, 0x66, 0x29,
    0x45, 0x29, 0x65, 0x29, 0x86, 0x31, 0xa7, 0x39, 0xe8, 0x41, 0x08, 0x42,
    0x29, 0x4a, 0x49, 0x4a, 0x28, 0x4a, 0x29, 0x42, 0x49, 0x4a, 0x49, 0x4a,
    0x29, 0x4a, 0x49, 0x4a, 0x49, 0x4a, 0x49, 0x4a, 0x49, 0x4a, 0x49, 0x4a,
    0x49, 0x4a, 0x49, 0x4a, 0x8a, 0x52, 0x8e, 0x73, 0x31, 0x8c, 0xb2, 0x94,
    0xf3, 0x9c, 0x34, 0xa5, 0x35, 0xad, 0x35, 0xa5, 0x34, 0xa5, 0x14, 0xa5,
    0x34, 0xad, 0x15, 0xa5, 0x34, 0xa5, 0x34, 0xad, 0x35, 0xa5, 0x14, 0xa5,
    0x35, 0xa5, 0x34, 0xa5, 0x34, 0xad, 0x34, 0xad, 0x15, 0xa5, 0x35, 0xa5,
    0x34, 0xad, 0x34, 0xa5, 0x14, 0xa5, 0x34, 0xad, 0x34, 0xa5, 0x34, 0xad,
    0x34, 0xa5, 0x35, 0xa5, 0x35, 0xad, 0x14, 0xa5, 0x14, 0xa5, 0x34, 0xa5,
    0x34, 0xad, 0x14, 0xad, 0x34, 0xa5, 0x34, 0xa5, 0x34, 0xa5, 0x15, 0xa5,
    0x34, 0xa5, 0x34, 0xad, 0x35, 0xa5, 0x34, 0xad, 0x34, 0xa5, 0x14, 0xa5,
    0x34, 0xa5, 0x34, 0xad, 0x35, 0xad, 0x15, 0xad, 0x34, 0xa5, 0x34, 0xad,
    0x34, 0xa5, 0x35, 0xad, 0x14, 0xa5, 0x34, 0xa5, 0x34, 0xa5, 0x35, 0xad,
    0x35, 0xad, 0x14, 0xa5, 0x34, 0xa5, 0x15, 0xad, 0x15, 0xad, 0x34, 0xa5,
    0x34, 0xa5, 0x14, 0xa5, 0x35, 0xad, 0x35, 0xad, 0x15, 0xad, 0x34, 0xa5,
    0x35, 0xad, 0x14, 0xa5, 0x35, 0xad, 0x34, 0xa5, 0x35, 0xad, 0x35, 0xad,
    0x15, 0xad, 0x34, 0xa5, 0x34, 0xa5, 0x34, 0xa5, 0x34, 0xa5, 0x35, 0xad,
    0x35, 0xad, 0x35, 0xad, 0x34, 0xa5, 0x34, 0xa5, 0x34, 0xa5, 0x34, 0xa5,
    0x35, 0xad, 0x34, 0xa5, 0x34, 0xa5, 0x15, 0xa5, 0x35, 0xa5, 0x35, 0xa5,
    0x34, 0xad, 0x34, 0xa5, 0x15, 0xad, 0x34, 0xad, 0x35, 0xad, 0x35, 0xad,
    0x14, 0xa5, 0x34, 0xa5, 0x34, 0xa5, 0x14, 0xa5, 0x35, 0xa5, 0x35, 0xa5,
    0x14, 0xad, 0x35, 0xad, 0x14, 0xa5, 0x34, 0xa5, 0x35, 0xa5, 0x15, 0xa5,
    0x35, 0xa5, 0x34, 0xa5, 0x34, 0xad, 0x35, 0xa5, 0x34, 0xad, 0x35, 0xad,
    0x34, 0xa5, 0x14, 0xa5, 0x15, 0xa5, 0x34, 0xa5, 0x34, 0xa5, 0x15, 0xa5,
    0x34, 0xad, 0x34, 0xa5, 0x34, 0xad, 0x35, 0xad, 0xd3, 0x9c, 0xa6, 0x31,
    0x41, 0x08, 0x41, 0x08, 0x62, 0x08, 0x45, 0x29, 0xc7, 0x39, 0xc7, 0x39,
    0xc7, 0x39, 0x04, 0x21, 0xa3, 0x18, 0xc3, 0x18, 0x10, 0x84, 0xd8, 0xbd,
    0xf8, 0xc5, 0x39, 0xc6, 0xb7, 0xb5, 0x6e, 0x6b, 0x56, 0xad, 0xd7, 0xbd,
    0xd7, 0xbd, 0x6e, 0x6b, 0x65, 0x29, 0x86, 0x31, 0x66, 0x31, 0x65, 0x29,
    0x66, 0x29, 0x66, 0x31, 0x65, 0x29, 0x65, 0x29, 0x66, 0x29, 0x65, 0x29,
    0x45, 0x29, 0x45, 0x29, 0x66, 0x29, 0x86, 0x31, 0xc7, 0x39, 0x08, 0x42,
    0x29, 0x42, 0x29, 0x4a, 0x29, 0x4a, 0x29, 0x42, 0x49, 0x4a, 0x49, 0x4a,
    0x49, 0x4a, 0x49, 0x4a, 0x49, 0x42, 0x49, 0x4a, 0x48, 0x4a, 0x49, 0x4a,
    0x49, 0x4a, 0x49, 0x4a, 0x49, 0x4a, 0xcb, 0x5a, 0xcf, 0x7b, 0x51, 0x8c,
    0xb3, 0x9c, 0x14, 0xa5, 0x34, 0xa5, 0x34, 0xad, 0x14, 0xa5, 0x35, 0xad,
    0x35, 0xa5, 0x34, 0xad, 0x14, 0xa5, 0x15, 0xa5, 0x34, 0xad, 0x34, 0xa5,
    0x34, 0xad, 0x35, 0xad, 0x15, 0xa5, 0x35, 0xa5, 0x34, 0xa5, 0x34, 0xad,
    0x34, 0xa5, 0x15, 0xa5, 0x34, 0xad, 0x34, 0xa5, 0x35, 0xa5, 0x15, 0xa5,
    0x35, 0xa5, 0x34, 0xa5, 0x14, 0xa5, 0x35, 0xad, 0x34, 0xad, 0x15, 0xa5,
    0x34, 0xa5, 0x34, 0xa5, 0x15, 0xad, 0x14, 0xa5, 0x35, 0xad, 0x34, 0xad,
    0x15, 0xa5, 0x34, 0xa5, 0x34, 0xad, 0x35, 0xa5, 0x14, 0xad, 0x35, 0xad,
    0x34, 0xa5, 0x15, 0xa5, 0x14, 0xa5, 0x34, 0xa5, 0x34, 0xad, 0x35, 0xa5,
    0x34, 0xa5, 0x14, 0xa5, 0x34, 0xa5, 0x35, 0xad, 0x34, 0xa5, 0x34, 0xa5,
    0x14, 0xa5, 0x35, 0xad, 0x35, 0xad, 0x34, 0xa5, 0x34, 0xa5, 0x14, 0xa5,
    0x35, 0xad, 0x35, 0xad, 0x14, 0xa5, 0x34, 0xa5, 0x34, 0xa5, 0x14, 0xa5,
    0x34, 0xa5, 0x35, 0xad, 0x34, 0xa5, 0x35, 0xad, 0x14, 0xa5, 0x34, 0xa5,
    0x34, 0xa5, 0x15, 0xad, 0x35, 0xad, 0x14, 0xa5, 0x35, 0xad, 0x34, 0xa5,
    0x14, 0xa5, 0x14, 0xa5, 0x35, 0xad, 0x14, 0xa5, 0x34, 0xa5, 0x34, 0xa5,
    0x14, 0xa5, 0x35, 0xad, 0x34, 0xad, 0x14, 0xad, 0x34, 0xa5, 0x34, 0xad,
    0x14, 0xa5, 0x15, 0xad, 0x34, 0xa5, 0x35, 0xa5, 0x34, 0xa5, 0x14, 0xa5,
    0x35, 0xa5, 0x15, 0xa5, 0x34, 0xa5, 0x34, 0xa5, 0x35, 0xad, 0x14, 0xad,
    0x34, 0xa5, 0x34, 0xa5, 0x35, 0xad, 0x15, 0xa5, 0x34, 0xa5, 0x14, 0xad,
    0x34, 0xa5, 0x35, 0xad, 0x14, 0xa5, 0x14, 0xad, 0x35, 0xa5, 0x34, 0xa5,
    0x15, 0xad, 0x34, 0xad, 0x34, 0xa5, 0x14, 0xad, 0x35, 0xad, 0x34, 0xa5,
    0x35, 0xa5, 0x35, 0xad, 0x34, 0xa5, 0x35, 0xad, 0xaf, 0x7b, 0xa3, 0x10,
    0x41, 0x08, 0x41, 0x08, 0xa3, 0x18, 0x86, 0x31, 0xc7, 0x39, 0xc7, 0x39,
    0x86, 0x31, 0xa3, 0x18, 0xa3, 0x18, 0x86, 0x31, 0x76, 0xad, 0xd7, 0xbd,
    0xd8, 0xbd, 0x18, 0xc6, 0x72, 0x8c, 0xf0, 0x83, 0xb7, 0xb5, 0xf8, 0xbd,
    0x76, 0xb5, 0x08, 0x42, 0x86, 0x31, 0x86, 0x31, 0x66, 0x31, 0x66, 0x31,
    0x86, 0x31, 0x66, 0x29, 0x65, 0x29, 0x66, 0x31, 0x66, 0x31, 0x65, 0x29,
    0x45, 0x29, 0x46, 0x31, 0x45, 0x29, 0x66, 0x31, 0xa6, 0x31, 0xc7, 0x39,
    0x08, 0x42, 0x29, 0x42, 0x49, 0x4a, 0x48, 0x4a, 0x29, 0x4a, 0x29, 0x42,
    0x49, 0x4a, 0x29, 0x4a, 0x49, 0x4a, 0x49, 0x4a, 0x29, 0x4a, 0x29, 0x4a,
    0x49, 0x42, 0x29, 0x4a, 0x49, 0x4a, 0x49, 0x4a, 0x2c, 0x63, 0xf0, 0x83,
    0x72, 0x94, 0xd3, 0x9c, 0x14, 0xa5, 0x34, 0xa5, 0x35, 0xad, 0x34, 0xa5,
    0x34, 0xa5, 0x35, 0xa5, 0x34, 0xad, 0x34, 0xad, 0x35, 0xa5, 0x15, 0xad,
    0x34, 0xa5, 0x34, 0xa5, 0x14, 0xa5, 0x34, 0xa5, 0x34, 0xad, 0x34, 0xad,
    0x15, 0xa5, 0x35, 0xa5, 0x35, 0xa5, 0x14, 0xad, 0x35, 0xa5, 0x34, 0xad,
    0x14, 0xad, 0x34, 0xad, 0x34, 0xad, 0x34, 0xa5, 0x35, 0xa5, 0x34, 0xad,
    0x15, 0xa5, 0x35, 0xa5, 0x35, 0xa5, 0x34, 0xad, 0x34, 0xa5, 0x35, 0xa5,
    0x34, 0xad, 0x35, 0xad, 0x14, 0xa5, 0x14, 0xa5, 0x35, 0xa5, 0x34, 0xa5,
    0x35, 0xad, 0x34, 0xa5, 0x34, 0xa5, 0x34, 0xa5, 0x35, 0xa5, 0x15, 0xad,
    0x34, 0xa5, 0x35, 0xad, 0x35, 0xad, 0x34, 0xa5, 0x15, 0xad, 0x14, 0xa5,
    0x35, 0xad, 0x34, 0xa5, 0x34, 0xa5, 0x35, 0xad, 0x34, 0xa5, 0x34, 0xa5,
    0x15, 0xad, 0x34, 0xa5, 0x34, 0xa5, 0x34, 0xa5, 0x34, 0xa5, 0x35, 0xad,
    0x35, 0xad, 0x14, 0xa5, 0x34, 0xa5, 0x34, 0xa5, 0x14, 0xa5, 0x34, 0xa5,
    0x35, 0xad, 0x34, 0xa5, 0x34, 0xa5, 0x35, 0xad, 0x14, 0xa5, 0x35, 0xad,
    0x34, 0xa5, 0x34, 0xa5, 0x34, 0xa5, 0x35, 0xad, 0x15, 0xad, 0x35, 0xad,
    0x34, 0xa5, 0x14, 0xa5, 0x35, 0xa5, 0x35, 0xa5, 0x34, 0xad, 0x34, 0xa5,
    0x35, 0xad, 0x34, 0xa5, 0x34, 0xa5, 0x34, 0xad, 0x15, 0xa5, 0x34, 0xa5,
    0x34, 0xad, 0x34, 0xad, 0x15, 0xad, 0x35, 0xad, 0x34, 0xa5, 0x34, 0xa5,
    0x14, 0xa5, 0x35, 0xa5, 0x34, 0xad, 0x34, 0xad, 0x35, 0xad, 0x34, 0xa5,
    0x34, 0xad, 0x34, 0xa5, 0x35, 0xad, 0x35, 0xa5, 0x14, 0xa5, 0x34, 0xa5,
    0x34, 0xa5, 0x35, 0xa5, 0x35, 0xad, 0x34, 0xa5, 0x14, 0xa5, 0x35, 0xad,
    0x34, 0xa5, 0x14, 0xa5, 0x35, 0xad, 0x14, 0xa5, 0x49, 0x4a, 0x41, 0x08,
    0x41, 0x08, 0x41, 0x08, 0x04, 0x21, 0xc7, 0x39, 0xc7, 0x39, 0xc7, 0x39,
    0x45, 0x29, 0xa2, 0x10, 0xa3, 0x18, 0x4d, 0x6b, 0xd7, 0xbd, 0xd7, 0xbd,
    0xd7, 0xbd, 0xd7, 0xbd, 0x0c, 0x63, 0xf4, 0x9c, 0xb7, 0xb5, 0x59, 0xce,
    0x52, 0x8c, 0x86, 0x31, 0x86, 0x31, 0x86, 0x31, 0x66, 0x31, 0x86, 0x29,
    0x85, 0x31, 0x66, 0x31, 0x66, 0x31, 0x65, 0x31, 0x65, 0x29, 0x45, 0x29,
    0x65, 0x29, 0x46, 0x29, 0x45, 0x29, 0x45, 0x29, 0x66, 0x31, 0xa7, 0x39,
    0xe7, 0x39, 0x08, 0x42, 0x29, 0x4a, 0x49, 0x4a, 0x48, 0x4a, 0x49, 0x4a,
    0x48, 0x4a, 0x28, 0x4a, 0x29, 0x4a, 0x49, 0x42, 0x49, 0x4a, 0x49, 0x4a,
    0x49, 0x4a, 0x49, 0x4a, 0x49, 0x4a, 0x29, 0x4a, 0x8a, 0x52, 0x6d, 0x6b,
    0x30, 0x84, 0x92, 0x94, 0xf4, 0x9c, 0x34, 0xa5, 0x34, 0xa5, 0x15, 0xad,
    0x14, 0xad, 0x34, 0xa5, 0x34, 0xa5, 0x35, 0xa5, 0x34, 0xa5, 0x34, 0xa5,
    0x15, 0xad, 0x35, 0xa5, 0x34, 0xad, 0x34, 0xad, 0x35, 0xa5, 0x15, 0xa5,
    0x34, 0xa5, 0x34, 0xad, 0x34, 0xad, 0x35, 0xa5, 0x34, 0xad, 0x14, 0xa5,
    0x34, 0xa5, 0x35, 0xa5, 0x35, 0xa5, 0x15, 0xa5, 0x34, 0xa5, 0x34, 0xa5,
    0x34, 0xad, 0x34, 0xad, 0x34, 0xad, 0x35, 0xa5, 0x34, 0xa5, 0x14, 0xa5,
    0x34, 0xa5, 0x34, 0xa5, 0x35, 0xa5, 0x34, 0xad, 0x34, 0xad, 0x34, 0xa5,
    0x34, 0xa5, 0x15, 0xad, 0x35, 0xad, 0x35, 0xad, 0x34, 0xa5, 0x14, 0xa5,
    0x34, 0xa5, 0x35, 0xad, 0x14, 0xa5, 0x34, 0xa5, 0x34, 0xa5, 0x35, 0xad,
    0x34, 0xa5, 0x34, 0xa5, 0x14, 0xa5, 0x14, 0xa5, 0x35, 0xad, 0x35, 0xad,
    0x34, 0xa5, 0x34, 0xa5, 0x35, 0xad, 0x15, 0xad, 0x35, 0xad, 0x34, 0xa5,
    0x34, 0xa5, 0x34, 0xa5, 0x15, 0xad, 0x34, 0xa5, 0x35, 0xad, 0x35, 0xad,
    0x14, 0xa5, 0x34, 0xa5, 0x34, 0xa5, 0x14, 0xa5, 0x34, 0xa5, 0x34, 0xa5,
    0x15, 0xad, 0x35, 0xad, 0x35, 0xad, 0x34, 0xa5, 0x34, 0xa5, 0x14, 0xa5,
    0x35, 0xad, 0x35, 0xad, 0x34, 0xa5, 0x14, 0xa5, 0x35, 0xa5, 0x35, 0xa5,
    0x14, 0xa5, 0x35, 0xa5, 0x35, 0xad, 0x14, 0xa5, 0x34, 0xad, 0x35, 0xad,
    0x34, 0xa5, 0x35, 0xa5, 0x34, 0xa5, 0x14, 0xa5, 0x35, 0xa5, 0x34, 0xa5,
    0x35, 0xad, 0x35, 0xad, 0x14, 0xa5, 0x34, 0xa5, 0x34, 0xa5, 0x15, 0xad,
    0x35, 0xa5, 0x14, 0xa5, 0x34, 0xa5, 0x34, 0xa5, 0x34, 0xad, 0x35, 0xad,
    0x34, 0xa5, 0x14, 0xad, 0x34, 0xa5, 0x35, 0xa5, 0x35, 0xa5, 0x34, 0xa5,
    0x14, 0xad, 0x34, 0xa5, 0x35, 0xad, 0x51, 0x8c, 0x04, 0x21, 0x41, 0x08,
    0x41, 0x08, 0x82, 0x10, 0x86, 0x31, 0xc7, 0x39, 0xc7, 0x39, 0xa7, 0x31,
    0xe3, 0x18, 0xa3, 0x10, 0x25, 0x29, 0xd4, 0x9c, 0xb7, 0xbd, 0xd7, 0xbd,
    0xf8, 0xbd, 0xd4, 0x9c, 0xab, 0x5a, 0xb7, 0xb5, 0xd7, 0xbd, 0x19, 0xc6,
    0xab, 0x52, 0x66, 0x31, 0x86, 0x31, 0x86, 0x31, 0x86, 0x29, 0x66, 0x31,
    0x66, 0x29, 0x66, 0x31, 0x85, 0x29, 0x66, 0x29, 0x66, 0x29, 0x65, 0x29,
    0x45, 0x29, 0x45, 0x29, 0x65, 0x29, 0x45, 0x29, 0x46, 0x29, 0x86, 0x31,
    0xc7, 0x39, 0xe8, 0x41, 0x08, 0x42, 0x29, 0x4a, 0x29, 0x4a, 0x29, 0x42,
    0x29, 0x42, 0x49, 0x4a, 0x49, 0x42, 0x28, 0x4a, 0x49, 0x4a, 0x49, 0x4a,
    0x48, 0x4a, 0x49, 0x4a, 0x49, 0x4a, 0x49, 0x42, 0x49, 0x4a, 0xca, 0x5a,
    0xae, 0x73, 0x51, 0x8c, 0xb3, 0x9c, 0xf4, 0xa4, 0x34, 0xa5, 0x34, 0xa5,
    0x35, 0xa5, 0x14, 0xad, 0x35, 0xa5, 0x15, 0xad, 0x14, 0xad, 0x34, 0xa5,
    0x34, 0xa5, 0x34, 0xad, 0x15, 0xa5, 0x35, 0xa5, 0x14, 0xad, 0x34, 0xa5,
    0x34, 0xad, 0x34, 0xad, 0x14, 0xa5, 0x34, 0xa5, 0x35, 0xa5, 0x34, 0xa5,
    0x35, 0xa5, 0x35, 0xad, 0x14, 0xa5, 0x34, 0xad, 0x34, 0xad, 0x15, 0xad,
    0x34, 0xa5, 0x35, 0xa5, 0x14, 0xa5, 0x14, 0xa5, 0x35, 0xad, 0x15, 0xad,
    0x35, 0xa5, 0x14, 0xad, 0x34, 0xad, 0x35, 0xa5, 0x15, 0xa5, 0x15, 0xad,
    0x34, 0xa5, 0x34, 0xa5, 0x14, 0xad, 0x14, 0xa5, 0x34, 0xad, 0x34, 0xa5,
    0x34, 0xa5, 0x14, 0xa5, 0x34, 0xa5, 0x35, 0xad, 0x14, 0xa5, 0x34, 0xa5,
    0x35, 0xad, 0x15, 0xad, 0x35, 0xad, 0x34, 0xa5, 0x14, 0xa5, 0x34, 0xa5,
    0x35, 0xad, 0x15, 0xad, 0x34, 0xa5, 0x34, 0xa5, 0x14, 0xa5, 0x14, 0xa5,
    0x34, 0xa5, 0x15, 0xad, 0x35, 0xad, 0x35, 0xad, 0x34, 0xa5, 0x34, 0xa5,
    0x35, 0xad, 0x15, 0xad, 0x35, 0xad, 0x35, 0xad, 0x35, 0xad, 0x34, 0xa5,
    0x34, 0xa5, 0x34, 0xa5, 0x14, 0xa5, 0x14, 0xa5, 0x34, 0xa5, 0x35, 0xad,
    0x34, 0xa5, 0x34, 0xa5, 0x34, 0xad, 0x34, 0xad, 0x14, 0xad, 0x34, 0xad,
    0x15, 0xa5, 0x34, 0xad, 0x34, 0xa5, 0x15, 0xa5, 0x34, 0xa5, 0x34, 0xad,
    0x15, 0xa5, 0x14, 0xa5, 0x34, 0xad, 0x34, 0xa5, 0x34, 0xad, 0x15, 0xad,
    0x34, 0xa5, 0x34, 0xa5, 0x34, 0xa5, 0x15, 0xa5, 0x35, 0xa5, 0x34, 0xa5,
    0x34, 0xa5, 0x35, 0xad, 0x15, 0xa5, 0x34, 0xad, 0x35, 0xa5, 0x34, 0xad,
    0x15, 0xad, 0x34, 0xa5, 0x35, 0xa5, 0x14, 0xad, 0x34, 0xad, 0x34, 0xad,
    0x35, 0xa5, 0x35, 0xad, 0x34, 0xa5, 0x0c, 0x63, 0x62, 0x08, 0x42, 0x08,
    0x61, 0x08, 0xe4, 0x18, 0xa7, 0x39, 0xc7, 0x39, 0xc7, 0x39, 0x86, 0x31,
    0x82, 0x10, 0xa3, 0x10, 0xcb, 0x5a, 0x96, 0xb5, 0xb7, 0xb5, 0xd7, 0xbd,
    0xf8, 0xc5, 0x6e, 0x6b, 0xaf, 0x73, 0xd7, 0xbd, 0x18, 0xc6, 0x35, 0xa5,
    0xa7, 0x31, 0x86, 0x31, 0x86, 0x31, 0x86, 0x31, 0x86, 0x31, 0x66, 0x31,
    0x86, 0x31, 0x65, 0x29, 0x65, 0x31, 0x66, 0x29, 0x65, 0x29, 0x45, 0x29,
    0x46, 0x31, 0x45, 0x29, 0x45, 0x29, 0x45, 0x29, 0x45, 0x29, 0x66, 0x29,
    0xa6, 0x31, 0xc7, 0x39, 0x08, 0x42, 0x29, 0x42, 0x29, 0x4a, 0x28, 0x42,
    0x29, 0x4a, 0x49, 0x4a, 0x49, 0x4a, 0x29, 0x4a, 0x29, 0x4a, 0x49, 0x42,
    0x29, 0x4a, 0x29, 0x4a, 0x49, 0x4a, 0x49, 0x4a, 0x49, 0x4a, 0x49, 0x4a,
    0x0c, 0x63, 0xef, 0x7b, 0x72, 0x94, 0xd3, 0x9c, 0x14, 0xa5, 0x34, 0xad,
    0x34, 0xa5, 0x35, 0xa5, 0x34, 0xad, 0x34, 0xa5, 0x34, 0xa5, 0x35, 0xad,
    0x35, 0xa5, 0x34, 0xa5, 0x34, 0xa5, 0x35, 0xa5, 0x34, 0xa5, 0x14, 0xad,
    0x35, 0xa5, 0x35, 0xa5, 0x35, 0xa5, 0x14, 0xa5, 0x14, 0xad, 0x35, 0xad,
    0x34, 0xad, 0x14, 0xa5, 0x34, 0xad, 0x34, 0xa5, 0x35, 0xa5, 0x34, 0xa5,
    0x15, 0xa5, 0x34, 0xa5, 0x35, 0xad, 0x34, 0xa5, 0x34, 0xa5, 0x34, 0xad,
    0x34, 0xad, 0x35, 0xa5, 0x14, 0xa5, 0x34, 0xa5, 0x34, 0xa5, 0x34, 0xa5,
    0x15, 0xad, 0x35, 0xa5, 0x34, 0xa5, 0x34, 0xa5, 0x35, 0xa5, 0x35, 0xad,
    0x34, 0xa5, 0x35, 0xad, 0x35, 0xad, 0x34, 0xa5, 0x15, 0xad, 0x34, 0xa5,
    0x34, 0xa5, 0x34, 0xa5, 0x34, 0xa5, 0x35, 0xad, 0x35, 0xad, 0x14, 0xa5,
    0x34, 0xa5, 0x34, 0xa5, 0x14, 0xa5, 0x34, 0xa5, 0x35, 0xad, 0x35, 0xad,
    0x35, 0xad, 0x34, 0xa5, 0x34, 0xa5, 0x34, 0xa5, 0x14, 0xa5, 0x34, 0xa5,
    0x14, 0xa5, 0x34, 0xa5, 0x34, 0xa5, 0x34, 0xa5, 0x14, 0xa5, 0x35, 0xad,
    0x15, 0xad, 0x34, 0xa5, 0x34, 0xa5, 0x35, 0xad, 0x35, 0xad, 0x34, 0xa5,
    0x34, 0xa5, 0x14, 0xa5, 0x15, 0xa5, 0x35, 0xa5, 0x35, 0xa5, 0x34, 0xa5,
    0x34, 0xad, 0x34, 0xa5, 0x34, 0xad, 0x34, 0xad, 0x35, 0xa5, 0x35, 0xa5,
    0x34, 0xa5, 0x34, 0xad, 0x35, 0xad, 0x35, 0xa5, 0x15, 0xa5, 0x34, 0xad,
    0x14, 0xa5, 0x35, 0xa5, 0x34, 0xad, 0x35, 0xad, 0x34, 0xad, 0x14, 0xad,
    0x34, 0xad, 0x34, 0xa5, 0x35, 0xad, 0x34, 0xa5, 0x14, 0xa5, 0x15, 0xa5,
    0x34, 0xa5, 0x35, 0xa5, 0x34, 0xad, 0x34, 0xa5, 0x14, 0xa5, 0x35, 0xa5,
    0x34, 0xa5, 0x35, 0xad, 0xb3, 0x9c, 0xa6, 0x31, 0x41, 0x08, 0x41, 0x08,
    0x62, 0x10, 0x45, 0x29, 0xc7, 0x39, 0xc7, 0x39, 0xc7, 0x39, 0x04, 0x21,
    0x62, 0x10, 0xc7, 0x39, 0xf4, 0x9c, 0x97, 0xb5, 0x96, 0xb5, 0xd7, 0xbd,
    0x76, 0xad, 0x6a, 0x52, 0x14, 0xa5, 0xd7, 0xbd, 0x18, 0xc6, 0x4e, 0x6b,
    0x65, 0x31, 0x86, 0x31, 0x86, 0x31, 0x86, 0x31, 0x86, 0x31, 0x86, 0x31,
    0x66, 0x31, 0x66, 0x29, 0x66, 0x31, 0x66, 0x31, 0x65, 0x29, 0x65, 0x31,
    0x66, 0x29, 0x65, 0x29, 0x45, 0x29, 0x45, 0x29, 0x45, 0x29, 0x45, 0x29,
    0x66, 0x31, 0xa7, 0x31, 0xe7, 0x39, 0x08, 0x42, 0x29, 0x4a, 0x28, 0x4a,
    0x49, 0x4a, 0x29, 0x4a, 0x28, 0x42, 0x49, 0x42, 0x29, 0x4a, 0x28, 0x4a,
    0x49, 0x42, 0x28, 0x42, 0x49, 0x4a, 0x29, 0x4a, 0x49, 0x4a, 0x29, 0x4a,
    0x69, 0x4a, 0x4d, 0x6b, 0x10, 0x84, 0x92, 0x94, 0xf3, 0x9c, 0x14, 0xa5,
    0x35, 0xad, 0x34, 0xa5, 0x14, 0xa5, 0x35, 0xad, 0x34, 0xa5, 0x14, 0xa5,
    0x15, 0xad, 0x34, 0xad, 0x14, 0xad, 0x34, 0xad, 0x34, 0xad, 0x35, 0xa5,
    0x15, 0xa5, 0x34, 0xa5, 0x34, 0xad, 0x35, 0xad, 0x34, 0xa5, 0x34, 0xa5,
    0x15, 0xa5, 0x34, 0xad, 0x34, 0xa5, 0x15, 0xa5, 0x34, 0xa5, 0x15, 0xad,
    0x34, 0xad, 0x34, 0xad, 0x34, 0xa5, 0x35, 0xad, 0x35, 0xa5, 0x14, 0xa5,
    0x34, 0xa5, 0x34, 0xa5, 0x35, 0xa5, 0x35, 0xad, 0x34, 0xad, 0x34, 0xad,
    0x34, 0xa5, 0x34, 0xad, 0x35, 0xa5, 0x35, 0xad, 0x34, 0xa5, 0x14, 0xa5,
    0x34, 0xa5, 0x15, 0xad, 0x34, 0xa5, 0x34, 0xa5, 0x34, 0xa5, 0x35, 0xad,
    0x35, 0xad, 0x14, 0xa5, 0x34, 0xa5, 0x34, 0xa5, 0x34, 0xa5, 0x35, 0xad,
    0x14, 0xa5, 0x34, 0xa5, 0x35, 0xad, 0x35, 0xad, 0x34, 0xa5, 0x34, 0xa5,
    0x34, 0xa5, 0x14, 0xa5, 0x34, 0xa5, 0x34, 0xa5, 0x15, 0xad, 0x35, 0xad,
    0x35, 0xad, 0x34, 0xa5, 0x34, 0xa5, 0x14, 0xa5, 0x34, 0xa5, 0x34, 0xa5,
    0x35, 0xad, 0x14, 0xa5, 0x35, 0xad, 0x35, 0xad, 0x34, 0xa5, 0x14, 0xa5,
    0x15, 0xad, 0x35, 0xad, 0x34, 0xad, 0x34, 0xa5, 0x34, 0xa5, 0x35, 0xa5,
    0x14, 0xa5, 0x35, 0xa5, 0x15, 0xa5, 0x35, 0xa5, 0x34, 0xad, 0x14, 0xad,
    0x34, 0xa5, 0x35, 0xa5, 0x34, 0xa5, 0x14, 0xad, 0x34, 0xa5, 0x34, 0xa5,
    0x35, 0xad, 0x34, 0xad, 0x15, 0xa5, 0x34, 0xa5, 0x34, 0xa5, 0x35, 0xa5,
    0x15, 0xa5, 0x34, 0xa5, 0x34, 0xa5, 0x15, 0xad, 0x34, 0xad, 0x34, 0xa5,
    0x34, 0xa5, 0x14, 0xad, 0x14, 0xa5, 0x35, 0xad, 0x35, 0xa5, 0x14, 0xa5,
    0x34, 0xad, 0x35, 0xad, 0xcf, 0x7b, 0xa3, 0x18, 0x41, 0x08, 0x41, 0x08,
    0xa3, 0x18, 0x86, 0x31, 0xc7, 0x39, 0xc7, 0x39, 0xa6, 0x31, 0xa3, 0x10,
    0xa3, 0x10, 0x8e, 0x73, 0xb7, 0xb5, 0xb7, 0xb5, 0xb7, 0xb5, 0xf8, 0xc5,
    0x10, 0x84, 0x0c, 0x63, 0xd7, 0xbd, 0xd7, 0xbd, 0x56, 0xad, 0xe8, 0x41,
    0x86, 0x31, 0x86, 0x31, 0x86, 0x31, 0x86, 0x31, 0x86, 0x31, 0x86, 0x31,
    0x66, 0x29, 0x86, 0x31, 0x66, 0x31, 0x66, 0x29, 0x65, 0x29, 0x65, 0x31,
    0x46, 0x29, 0x45, 0x29, 0x45, 0x29, 0x45, 0x29, 0x46, 0x29, 0x45, 0x29,
    0x45, 0x29, 0x86, 0x31, 0xc7, 0x39, 0xe8, 0x41, 0x08, 0x42, 0x29, 0x4a,
    0x29, 0x42, 0x28, 0x4a, 0x28, 0x4a, 0x49, 0x4a, 0x49, 0x4a, 0x49, 0x4a,
    0x49, 0x4a, 0x49, 0x4a, 0x29, 0x4a, 0x28, 0x42, 0x29, 0x42, 0x49, 0x4a,
    0x48, 0x42, 0xab, 0x52, 0x8e, 0x73, 0x51, 0x8c, 0xb2, 0x94, 0xf4, 0x9c,
    0x34, 0xa5, 0x34, 0xad, 0x35, 0xa5, 0x14, 0xa5, 0x34, 0xad, 0x35, 0xa5,
    0x34, 0xa5, 0x35, 0xa5, 0x35, 0xa5, 0x14, 0xa5, 0x35, 0xa5, 0x34, 0xa5,
    0x34, 0xad, 0x14, 0xad, 0x34, 0xa5, 0x34, 0xa5, 0x35, 0xad, 0x14, 0xa5,
    0x34, 0xa5, 0x35, 0xa5, 0x35, 0xa5, 0x35, 0xad, 0x34, 0xad, 0x34, 0xa5,
    0x34, 0xa5, 0x35, 0xa5, 0x14, 0xad, 0x14, 0xa5, 0x34, 0xad, 0x35, 0xa5,
    0x15, 0xa5, 0x35, 0xad, 0x34, 0xad, 0x14, 0xa5, 0x15, 0xa5, 0x35, 0xa5,
    0x35, 0xa5, 0x34, 0xa5, 0x14, 0xad, 0x15, 0xa5, 0x34, 0xad, 0x34, 0xa5,
    0x34, 0xa5, 0x34, 0xa5, 0x34, 0xa5, 0x15, 0xad, 0x34, 0xa5, 0x34, 0xa5,
    0x15, 0xad, 0x34, 0xa5, 0x35, 0xad, 0x15, 0xad, 0x14, 0xa5, 0x34, 0xa5,
    0x35, 0xad, 0x35, 0xad, 0x34, 0xa5, 0x34, 0xa5, 0x15, 0xad, 0x14, 0xa5,
    0x34, 0xa5, 0x35, 0xad, 0x15, 0xad, 0x35, 0xad, 0x34, 0xa5, 0x34, 0xa5,
    0x34, 0xa5, 0x35, 0xad, 0x15, 0xad, 0x35, 0xad, 0x35, 0xad, 0x34, 0xa5,
    0x14, 0xa5, 0x34, 0xa5, 0x34, 0xa5, 0x14, 0xa5, 0x34, 0xa5, 0x35, 0xad,
    0x34, 0xa5, 0x34, 0xa5, 0x35, 0xa5, 0x34, 0xad, 0x14, 0xad, 0x34, 0xad,
    0x35, 0xad, 0x34, 0xad, 0x34, 0xa5, 0x14, 0xa5, 0x34, 0xa5, 0x35, 0xa5,
    0x14, 0xad, 0x14, 0xad, 0x35, 0xa5, 0x34, 0xa5, 0x34, 0xad, 0x35, 0xad,
    0x34, 0xa5, 0x14, 0xa5, 0x34, 0xa5, 0x15, 0xa5, 0x14, 0xad, 0x34, 0xa5,
    0x34, 0xa5, 0x15, 0xad, 0x34, 0xad, 0x34, 0xa5, 0x35, 0xa5, 0x35, 0xad,
    0x34, 0xad, 0x35, 0xa5, 0x35, 0xa5, 0x34, 0xa5, 0x34, 0xad, 0x35, 0xad,
    0x35, 0xa5, 0x14, 0xa5, 0x49, 0x4a, 0x41, 0x08, 0x42, 0x08, 0x62, 0x08,
    0x24, 0x21, 0xc7, 0x39, 0xc7, 0x39, 0xc7, 0x39, 0x45, 0x29, 0x82, 0x10,
    0x66, 0x29, 0x15, 0xa5, 0xd7, 0xbd, 0xd8, 0xbd, 0xf8, 0xbd, 0xb7, 0xbd,
    0xab, 0x5a, 0x72, 0x8c, 0xf7, 0xbd, 0xd7, 0xbd, 0xaf, 0x73, 0x66, 0x31,
    0x86, 0x31, 0x86, 0x31, 0x86, 0x31, 0x86, 0x31, 0x86, 0x31, 0x86, 0x31,
    0x66, 0x31, 0x66, 0x29, 0x65, 0x31, 0x65, 0x29, 0x66, 0x29, 0x66, 0x31,
    0x45, 0x29, 0x66, 0x29, 0x45, 0x29, 0x45, 0x29, 0x45, 0x29, 0x45, 0x29,
    0x45, 0x29, 0x46, 0x29, 0x86, 0x31, 0xc7, 0x39, 0x08, 0x42, 0x28, 0x42,
    0x29, 0x4a, 0x28, 0x42, 0x29, 0x4a, 0x29, 0x4a, 0x28, 0x42, 0x28, 0x42,
    0x29, 0x4a, 0x29, 0x4a, 0x49, 0x4a, 0x49, 0x4a, 0x49, 0x4a, 0x28, 0x4a,
    0x29, 0x4a, 0x49, 0x4a, 0xeb, 0x5a, 0xcf, 0x7b, 0x51, 0x8c, 0xb3, 0x9c,
    0x14, 0xa5, 0x34, 0xa5, 0x35, 0xad, 0x34, 0xa5, 0x35, 0xa5, 0x35, 0xad,
    0x34, 0xa5, 0x34, 0xad, 0x14, 0xa5, 0x35, 0xa5, 0x34, 0xa5, 0x15, 0xad,
    0x34, 0xa5, 0x34, 0xa5, 0x15, 0xad, 0x35, 0xa5, 0x14, 0xa5, 0x35, 0xad,
    0x35, 0xad, 0x34, 0xad, 0x34, 0xad, 0x14, 0xa5, 0x34, 0xa5, 0x34, 0xa5,
    0x15, 0xa5, 0x34, 0xa5, 0x35, 0xa5, 0x35, 0xa5, 0x34, 0xa5, 0x34, 0xad,
    0x34, 0xad, 0x14, 0xa5, 0x34, 0xad, 0x34, 0xa5, 0x34, 0xa5, 0x14, 0xad,
    0x34, 0xad, 0x15, 0xa5, 0x34, 0xad, 0x34, 0xa5, 0x14, 0xa5, 0x35, 0xad,
    0x34, 0xa5, 0x15, 0xad, 0x35, 0xad, 0x34, 0xa5, 0x15, 0xad, 0x34, 0xa5,
    0x34, 0xa5, 0x34, 0xa5, 0x35, 0xad, 0x34, 0xa5, 0x35, 0xad, 0x34, 0xa5,
    0x34, 0xa5, 0x35, 0xad, 0x14, 0xa5, 0x14, 0xa5, 0x34, 0xa5, 0x35, 0xad,
    0x35, 0xad, 0x14, 0xa5, 0x34, 0xa5, 0x34, 0xa5, 0x15, 0xad, 0x34, 0xa5,
    0x14, 0xa5, 0x14, 0xa5, 0x35, 0xad, 0x34, 0xa5, 0x14, 0xa5, 0x35, 0xad,
    0x35, 0xad, 0x34, 0xa5, 0x35, 0xad, 0x35, 0xad, 0x14, 0xa5, 0x35, 0xad,
    0x34, 0xa5, 0x34, 0xa5, 0x34, 0xad, 0x15, 0xa5, 0x35, 0xa5, 0x35, 0xa5,
    0x14, 0xa5, 0x34, 0xa5, 0x34, 0xad, 0x35, 0xad, 0x14, 0xa5, 0x34, 0xad,
    0x35, 0xa5, 0x35, 0xa5, 0x34, 0xad, 0x15, 0xa5, 0x35, 0xa5, 0x34, 0xa5,
    0x15, 0xa5, 0x35, 0xa5, 0x34, 0xad, 0x34, 0xad, 0x34, 0xa5, 0x35, 0xad,
    0x35, 0xad, 0x34, 0xa5, 0x35, 0xa5, 0x34, 0xa5, 0x14, 0xa5, 0x35, 0xa5,
    0x14, 0xa5, 0x34, 0xad, 0x35, 0xad, 0x14, 0xa5, 0x34, 0xa5, 0x34, 0xa5,
    0x35, 0xad, 0x51, 0x8c, 0x24, 0x21, 0x41, 0x08, 0x41, 0x08, 0x82, 0x10,
    0x86, 0x31, 0xc7, 0x39, 0xc7, 0x39, 0xa7, 0x39, 0xe3, 0x18, 0x82, 0x10,
    0xab, 0x5a, 0xd7, 0xbd, 0xf8, 0xbd, 0x19, 0xc6, 0x18, 0xc6, 0xb3, 0x94,
    0xab, 0x52, 0x96, 0xb5, 0xf8, 0xc5, 0x56, 0xad, 0x28, 0x42, 0x86, 0x31,
    0x86, 0x31, 0x86, 0x31, 0x86, 0x31, 0x86, 0x31, 0x86, 0x31, 0x66, 0x31,
    0x86, 0x31, 0x86, 0x31, 0x66, 0x29, 0x65, 0x29, 0x65, 0x31, 0x66, 0x31,
    0x65, 0x29, 0x45, 0x29, 0x45, 0x29, 0x45, 0x29, 0x45, 0x29, 0x45, 0x29,
    0x45, 0x29, 0x45, 0x29, 0x66, 0x29, 0xa7, 0x31, 0xe7, 0x39, 0x08, 0x42,
    0x29, 0x4a, 0x29, 0x42, 0x29, 0x42, 0x29, 0x42, 0x29, 0x4a, 0x29, 0x4a,
    0x28, 0x4a, 0x28, 0x42, 0x49, 0x42, 0x29, 0x4a, 0x49, 0x4a, 0x49, 0x4a,
    0x49, 0x4a, 0x28, 0x4a, 0x69, 0x4a, 0x2d, 0x6b, 0xf0, 0x83, 0x92, 0x94,
    0xd3, 0x9c, 0x14, 0xa5, 0x34, 0xa5, 0x35, 0xad, 0x34, 0xad, 0x14, 0xa5,
    0x14, 0xad, 0x34, 0xa5, 0x35, 0xad, 0x34, 0xad, 0x14, 0xad, 0x34, 0xa5,
    0x35, 0xad, 0x35, 0xa5, 0x35, 0xa5, 0x34, 0xad, 0x34, 0xa5, 0x34, 0xa5,
    0x34, 0xa5, 0x14, 0xa5, 0x14, 0xa5, 0x35, 0xa5, 0x15, 0xad, 0x35, 0xad,
    0x34, 0xad, 0x15, 0xad, 0x34, 0xad, 0x34, 0xad, 0x35, 0xa5, 0x14, 0xa5,
    0x35, 0xa5, 0x34, 0xa5, 0x35, 0xa5, 0x35, 0xad, 0x34, 0xa5, 0x35, 0xad,
    0x34, 0xa5, 0x34, 0xa5, 0x35, 0xa5, 0x34, 0xad, 0x35, 0xa5, 0x15, 0xa5,
    0x34, 0xa5, 0x35, 0xad, 0x14, 0xa5, 0x34, 0xa5, 0x34, 0xa5, 0x15, 0xad,
    0x35, 0xad, 0x34, 0xa5, 0x14, 0xa5, 0x34, 0xa5, 0x34, 0xa5, 0x15, 0xad,
    0x14, 0xa5, 0x34, 0xa5, 0x35, 0xad, 0x35, 0xad, 0x34, 0xa5, 0x34, 0xa5,
    0x35, 0xad, 0x34, 0xa5, 0x34, 0xa5, 0x34, 0xa5, 0x34, 0xa5, 0x35, 0xad,
    0x35, 0xad, 0x34, 0xa5, 0x34, 0xa5, 0x34, 0xa5, 0x34, 0xa5, 0x34, 0xa5,
    0x34, 0xa5, 0x15, 0xad, 0x34, 0xa5, 0x14, 0xa5, 0x34, 0xa5, 0x34, 0xa5,
    0x15, 0xad, 0x35, 0xad, 0x14, 0xa5, 0x34, 0xa5, 0x34, 0xa5, 0x34, 0xad,
    0x34, 0xa5, 0x15, 0xa5, 0x35, 0xa5, 0x34, 0xad, 0x35, 0xad, 0x35, 0xa5,
    0x34, 0xa5, 0x34, 0xa5, 0x34, 0xa5, 0x14, 0xad, 0x34, 0xa5, 0x15, 0xad,
    0x34, 0xa5, 0x34, 0xad, 0x35, 0xad, 0x35, 0xa5, 0x34, 0xa5, 0x35, 0xa5,
    0x14, 0xa5, 0x34, 0xa5, 0x34, 0xa5, 0x15, 0xad, 0x34, 0xad, 0x34, 0xad,
    0x35, 0xa5, 0x14, 0xa5, 0x34, 0xa5, 0x34, 0xad, 0x15, 0xad, 0x34, 0xa5,
    0x34, 0xad, 0x2c, 0x63, 0x62, 0x08, 0x41, 0x08, 0x41, 0x08, 0xe4, 0x20,
    0xc7, 0x39, 0xc7, 0x39, 0xc7, 0x39, 0x66, 0x31, 0xa3, 0x10, 0xa3, 0x10,
    0xf0, 0x7b, 0xd8, 0xbd, 0x39, 0xc6, 0x39, 0xce, 0x18, 0xc6, 0x2d, 0x63,
    0xf0, 0x7b, 0xd7, 0xbd, 0xf8, 0xc5, 0x31, 0x8c, 0x86, 0x31, 0x86, 0x31,
    0x86, 0x31, 0x86, 0x31, 0x86, 0x31, 0x87, 0x31, 0x86, 0x31, 0x65, 0x29,
    0x66, 0x31, 0x86, 0x31, 0x66, 0x29, 0x66, 0x31, 0x66, 0x29, 0x65, 0x29,
    0x45, 0x29, 0x65, 0x29, 0x45, 0x29, 0x45, 0x29, 0x45, 0x29, 0x45, 0x29,
    0x45, 0x29, 0x45, 0x29, 0x45, 0x29, 0x86, 0x31, 0xa7, 0x39, 0xe8, 0x39,
    0x08, 0x42, 0x29, 0x4a, 0x28, 0x4a, 0x28, 0x42, 0x29, 0x4a, 0x29, 0x4a,
    0x29, 0x42, 0x29, 0x4a, 0x28, 0x4a, 0x28, 0x42, 0x28, 0x4a, 0x49, 0x42,
    0x29, 0x42, 0x49, 0x4a, 0x28, 0x4a, 0x8a, 0x52, 0x8e, 0x73, 0x30, 0x84,
    0x92, 0x94, 0xf3, 0x9c, 0x34, 0xa5, 0x34, 0xa5, 0x14, 0xa5, 0x34, 0xa5,
    0x35, 0xa5, 0x35, 0xa5, 0x14, 0xa5, 0x34, 0xad, 0x35, 0xa5, 0x34, 0xa5,
    0x34, 0xa5, 0x14, 0xad, 0x34, 0xa5, 0x34, 0xa5, 0x14, 0xad, 0x35, 0xa5,
    0x34, 0xad, 0x35, 0xa5, 0x35, 0xa5, 0x34, 0xad, 0x34, 0xa5, 0x14, 0xa5,
    0x35, 0xa5, 0x34, 0xa5, 0x14, 0xa5, 0x34, 0xa5, 0x14, 0xad, 0x35, 0xa5,
    0x34, 0xad, 0x35, 0xad, 0x14, 0xa5, 0x14, 0xa5, 0x35, 0xad, 0x34, 0xa5,
    0x35, 0xa5, 0x34, 0xad, 0x14, 0xa5, 0x35, 0xa5, 0x34, 0xad, 0x34, 0xa5,
    0x34, 0xa5, 0x14, 0xa5, 0x34, 0xa5, 0x35, 0xad, 0x34, 0xa5, 0x34, 0xa5,
    0x14, 0xa5, 0x35, 0xad, 0x35, 0xad, 0x14, 0xa5, 0x34, 0xa5, 0x34, 0xa5,
    0x35, 0xad, 0x34, 0xa5, 0x34, 0xa5, 0x34, 0xa5, 0x35, 0xad, 0x14, 0xa5,
    0x34, 0xa5, 0x15, 0xad, 0x35, 0xad, 0x35, 0xad, 0x14, 0xa5, 0x34, 0xa5,
    0x34, 0xa5, 0x35, 0xad, 0x34, 0xa5, 0x15, 0xad, 0x35, 0xad, 0x34, 0xa5,
    0x14, 0xa5, 0x34, 0xa5, 0x35, 0xad, 0x34, 0xa5, 0x34, 0xa5, 0x35, 0xad,
    0x14, 0xa5, 0x34, 0xa5, 0x35, 0xa5, 0x35, 0xad, 0x14, 0xad, 0x14, 0xa5,
    0x35, 0xad, 0x34, 0xad, 0x14, 0xa5, 0x35, 0xa5, 0x34, 0xa5, 0x34, 0xa5,
    0x14, 0xad, 0x14, 0xad, 0x35, 0xad, 0x35, 0xa5, 0x34, 0xad, 0x34, 0xa5,
    0x34, 0xad, 0x34, 0xa5, 0x34, 0xa5, 0x14, 0xa5, 0x15, 0xad, 0x34, 0xa5,
    0x34, 0xad, 0x14, 0xad, 0x35, 0xad, 0x34, 0xa5, 0x35, 0xa5, 0x34, 0xa5,
    0x14, 0xad, 0x35, 0xa5, 0x34, 0xa5, 0x35, 0xa5, 0x35, 0xa5, 0x35, 0xad,
    0xd3, 0x9c, 0xa7, 0x39, 0x41, 0x08, 0x41, 0x08, 0x62, 0x08, 0x45, 0x29,
    0xc7, 0x39, 0xc7, 0x39, 0xc7, 0x39, 0x04, 0x21, 0xa3, 0x10, 0x04, 0x21,
    0x15, 0xa5, 0xf8, 0xbd, 0x59, 0xce, 0x59, 0xce, 0x55, 0xad, 0xec, 0x5a,
    0x35, 0xa5, 0xb7, 0xbd, 0xb6, 0xb5, 0xab, 0x52, 0x86, 0x31, 0xa6, 0x31,
    0x86, 0x31, 0x86, 0x31, 0x86, 0x31, 0x86, 0x31, 0x45, 0x29, 0x25, 0x21,
    0x66, 0x29, 0x66, 0x31, 0x85, 0x31, 0x65, 0x31, 0x66, 0x29, 0x65, 0x29,
    0x66, 0x29, 0x46, 0x31, 0x45, 0x29, 0x45, 0x29, 0x45, 0x29, 0x45, 0x29,
    0x45, 0x29, 0x25, 0x29, 0x25, 0x29, 0x65, 0x29, 0x86, 0x31, 0xc7, 0x39,
    0x08, 0x42, 0x28, 0x42, 0x29, 0x4a, 0x28, 0x4a, 0x28, 0x42, 0x28, 0x42,
    0x28, 0x42, 0x29, 0x4a, 0x29, 0x4a, 0x29, 0x4a, 0x29, 0x42, 0x28, 0x4a,
    0x29, 0x42, 0x29, 0x42, 0x49, 0x4a, 0x49, 0x4a, 0xcb, 0x5a, 0xaf, 0x7b,
    0x51, 0x8c, 0xb3, 0x9c, 0x14, 0xa5, 0x34, 0xa5, 0x35, 0xad, 0x35, 0xa5,
    0x34, 0xad, 0x14, 0xad, 0x35, 0xa5, 0x35, 0xa5, 0x34, 0xa5, 0x15, 0xad,
    0x35, 0xa5, 0x34, 0xa5, 0x14, 0xad, 0x35, 0xad, 0x35, 0xa5, 0x14, 0xad,
    0x35, 0xa5, 0x34, 0xad, 0x34, 0xad, 0x35, 0xa5, 0x34, 0xad, 0x34, 0xa5,
    0x34, 0xa5, 0x34, 0xad, 0x35, 0xa5, 0x35, 0xa5, 0x34, 0xa5, 0x34, 0xad,
    0x35, 0xa5, 0x14, 0xa5, 0x34, 0xad, 0x35, 0xa5, 0x14, 0xa5, 0x34, 0xad,
    0x14, 0xa5, 0x15, 0xad, 0x35, 0xad, 0x14, 0xa5, 0x34, 0xa5, 0x34, 0xad,
    0x34, 0xa5, 0x35, 0xad, 0x35, 0xad, 0x34, 0xa5, 0x15, 0xad, 0x34, 0xa5,
    0x35, 0xad, 0x34, 0xa5, 0x14, 0xa5, 0x35, 0xad, 0x35, 0xad, 0x35, 0xad,
    0x34, 0xa5, 0x35, 0xad, 0x14, 0xa5, 0x14, 0xa5, 0x34, 0xa5, 0x15, 0xad,
    0x35, 0xad, 0x34, 0xa5, 0x14, 0xa5, 0x34, 0xa5, 0x15, 0xad, 0x35, 0xad,
    0x14, 0xa5, 0x14, 0xa5, 0x35, 0xad, 0x34, 0xa5, 0x35, 0xad, 0x15, 0xad,
    0x35, 0xad, 0x34, 0xa5, 0x34, 0xa5, 0x15, 0xad, 0x35, 0xad, 0x35, 0xad,
    0x34, 0xa5, 0x34, 0xa5, 0x34, 0xad, 0x34, 0xa5, 0x35, 0xa5, 0x35, 0xad,
    0x34, 0xa5, 0x34, 0xa5, 0x35, 0xad, 0x14, 0xa5, 0x34, 0xa5, 0x14, 0xad,
    0x35, 0xa5, 0x35, 0xa5, 0x34, 0xa5, 0x14, 0xa5, 0x35, 0xa5, 0x34, 0xad,
    0x15, 0xa5, 0x15, 0xa5, 0x35, 0xa5, 0x34, 0xad, 0x34, 0xa5, 0x15, 0xad,
    0x34, 0xa5, 0x35, 0xa5, 0x15, 0xa5, 0x34, 0xad, 0x14, 0xa5, 0x35, 0xa5,
    0x34, 0xa5, 0x34, 0xad, 0x35, 0xad, 0x14, 0xad, 0x34, 0xa5, 0x35, 0xad,
    0xcf, 0x7b, 0xa3, 0x18, 0x41, 0x08, 0x41, 0x08, 0xa3, 0x18, 0xa6, 0x31,
    0xc7, 0x39, 0xc7, 0x39, 0x86, 0x31, 0xa3, 0x10, 0x82, 0x10, 0x29, 0x4a,
    0xb7, 0xbd, 0xf7, 0xbd, 0x59, 0xce, 0x39, 0xc6, 0x11, 0x84, 0x31, 0x8c,
    0xb7, 0xb5, 0xb7, 0xb5, 0xb3, 0x9c, 0xa7, 0x39, 0x86, 0x31, 0x86, 0x31,
    0x86, 0x31, 0xa6, 0x31, 0x86, 0x31, 0x86, 0x31, 0x04, 0x21, 0x04, 0x21,
    0x45, 0x29, 0x66, 0x31, 0x66, 0x29, 0x66, 0x31, 0x65, 0x31, 0x66, 0x29,
    0x65, 0x31, 0x65, 0x29, 0x45, 0x29, 0x45, 0x29, 0x45, 0x29, 0x45, 0x29,
    0x45, 0x29, 0x25, 0x29, 0x45, 0x29, 0x45, 0x29, 0x66, 0x29, 0xa6, 0x31,
    0xc7, 0x39, 0x08, 0x42, 0x28, 0x42, 0x29, 0x42, 0x29, 0x4a, 0x29, 0x4a,
    0x28, 0x4a, 0x28, 0x42, 0x29, 0x42, 0x29, 0x4a, 0x29, 0x4a, 0x29, 0x4a,
    0x28, 0x4a, 0x28, 0x4a, 0x48, 0x42, 0x28, 0x42, 0x49, 0x4a, 0x2c, 0x63,
    0xf0, 0x7b, 0x72, 0x94, 0xd3, 0x9c, 0x14, 0xa5, 0x34, 0xa5, 0x34, 0xad,
    0x35, 0xa5, 0x34, 0xa5, 0x34, 0xad, 0x34, 0xa5, 0x14, 0xad, 0x34, 0xa5,
    0x34, 0xad, 0x15, 0xa5, 0x35, 0xad, 0x34, 0xa5, 0x34, 0xa5, 0x35, 0xa5,
    0x34, 0xa5, 0x14, 0xa5, 0x14, 0xad, 0x34, 0xa5, 0x15, 0xa5, 0x35, 0xad,
    0x35, 0xad, 0x14, 0xa5, 0x34, 0xad, 0x35, 0xad, 0x15, 0xa5, 0x34, 0xa5,
    0x34, 0xad, 0x34, 0xa5, 0x35, 0xa5, 0x34, 0xad, 0x34, 0xa5, 0x35, 0xa5,
    0x35, 0xa5, 0x34, 0xa5, 0x34, 0xa5, 0x34, 0xad, 0x35, 0xa5, 0x15, 0xa5,
    0x34, 0xa5, 0x15, 0xad, 0x34, 0xa5, 0x34, 0xa5, 0x14, 0xa5, 0x35, 0xad,
    0x34, 0xa5, 0x34, 0xa5, 0x34, 0xa5, 0x34, 0xa5, 0x15, 0xad, 0x14, 0xa5,
    0x34, 0xa5, 0x14, 0xa5, 0x35, 0xad, 0x35, 0xad, 0x35, 0xad, 0x34, 0xa5,
    0x34, 0xa5, 0x34, 0xa5, 0x34, 0xa5, 0x34, 0xa5, 0x34, 0xa5, 0x35, 0xad,
    0x35, 0xad, 0x34, 0xa5, 0x34, 0xa5, 0x34, 0xa5, 0x14, 0xa5, 0x34, 0xa5,
    0x34, 0xa5, 0x35, 0xad, 0x15, 0xad, 0x34, 0xa5, 0x34, 0xa5, 0x14, 0xa5,
    0x14, 0xa5, 0x35, 0xad, 0x35, 0xa5, 0x14, 0xa5, 0x34, 0xad, 0x35, 0xa5,
    0x14, 0xa5, 0x35, 0xa5, 0x35, 0xa5, 0x34, 0xad, 0x34, 0xad, 0x35, 0xa5,
    0x34, 0xa5, 0x34, 0xa5, 0x35, 0xad, 0x34, 0xa5, 0x34, 0xad, 0x15, 0xa5,
    0x34, 0xa5, 0x34, 0xad, 0x14, 0xad, 0x35, 0xa5, 0x34, 0xa5, 0x34, 0xa5,
    0x35, 0xad, 0x34, 0xa5, 0x34, 0xa5, 0x34, 0xa5, 0x34, 0xad, 0x14, 0xad,
    0x35, 0xad, 0x35, 0xa5, 0x14, 0xa5, 0x34, 0xa5, 0x35, 0xad, 0x14, 0xa5,
    0x69, 0x52, 0x41, 0x08, 0x41, 0x08, 0x42, 0x08, 0x25, 0x21, 0xc7, 0x39,
    0xc7, 0x39, 0xc7, 0x39, 0x65, 0x29, 0x82, 0x10, 0x62, 0x10, 0x8f, 0x73,
    0xf7, 0xbd, 0xf8, 0xc5, 0x39, 0xc6, 0x96, 0xb5, 0x8f, 0x73, 0x76, 0xad,
    0xb7, 0xbd, 0x97, 0xb5, 0x2d, 0x6b, 0x86, 0x31, 0xa6, 0x31, 0x86, 0x31,
    0x86, 0x31, 0x86, 0x39, 0xa6, 0x31, 0x46, 0x29, 0x62, 0x10, 0xc3, 0x18,
    0x04, 0x21, 0x65, 0x29, 0x66, 0x31, 0x66, 0x29, 0x66, 0x29, 0x65, 0x31,
    0x65, 0x29, 0x45, 0x29, 0x45, 0x29, 0x46, 0x29, 0x45, 0x29, 0x45, 0x29,
    0x45, 0x29, 0x45, 0x29, 0x25, 0x21, 0x25, 0x29, 0x45, 0x29, 0x86, 0x31,
    0xc7, 0x39, 0xe8, 0x39, 0x08, 0x42, 0x29, 0x4a, 0x29, 0x42, 0x08, 0x42,
    0x29, 0x42, 0x29, 0x4a, 0x28, 0x42, 0x28, 0x4a, 0x28, 0x42, 0x29, 0x42,
    0x29, 0x4a, 0x29, 0x4a, 0x29, 0x4a, 0x29, 0x4a, 0x29, 0x42, 0x69, 0x52,
    0x6d, 0x6b, 0x10, 0x84, 0x92, 0x94, 0xf3, 0x9c, 0x14, 0xa5, 0x35, 0xa5,
    0x34, 0xad, 0x15, 0xa5, 0x34, 0xa5, 0x34, 0xad, 0x15, 0xa5, 0x35, 0xa5,
    0x34, 0xa5, 0x34, 0xad, 0x35, 0xa5, 0x14, 0xa5, 0x34, 0xa5, 0x34, 0xad,
    0x14, 0xad, 0x35, 0xa5, 0x35, 0xa5, 0x34, 0xa5, 0x34, 0xa5, 0x14, 0xa5,
    0x34, 0xa5, 0x35, 0xa5, 0x14, 0xa5, 0x34, 0xad, 0x34, 0xad, 0x15, 0xa5,
    0x34, 0xa5, 0x35, 0xad, 0x14, 0xa5, 0x35, 0xad, 0x34, 0xa5, 0x34, 0xad,
    0x14, 0xad, 0x34, 0xad, 0x34, 0xa5, 0x35, 0xa5, 0x15, 0xad, 0x34, 0xad,
    0x34, 0xa5, 0x34, 0xa5, 0x14, 0xa5, 0x35, 0xad, 0x34, 0xa5, 0x34, 0xa5,
    0x35, 0xad, 0x15, 0xad, 0x15, 0xad, 0x34, 0xa5, 0x34, 0xa5, 0x34, 0xa5,
    0x34, 0xa5, 0x35, 0xad, 0x34, 0xa5, 0x34, 0xa5, 0x34, 0xa5, 0x14, 0xa5,
    0x34, 0xa5, 0x15, 0xad, 0x35, 0xad, 0x35, 0xad, 0x14, 0xa5, 0x34, 0xa5,
    0x34, 0xa5, 0x34, 0xa5, 0x35, 0xad, 0x15, 0xad, 0x34, 0xa5, 0x34, 0xa5,
    0x34, 0xa5, 0x14, 0xa5, 0x34, 0xa5, 0x34, 0xa5, 0x34, 0xa5, 0x35, 0xad,
    0x34, 0xa5, 0x14, 0xa5, 0x35, 0xad, 0x34, 0xad, 0x14, 0xa5, 0x34, 0xa5,
    0x34, 0xad, 0x14, 0xad, 0x34, 0xad, 0x34, 0xa5, 0x35, 0xa5, 0x15, 0xad,
    0x34, 0xad, 0x34, 0xad, 0x14, 0xa5, 0x15, 0xad, 0x34, 0xa5, 0x34, 0xa5,
    0x35, 0xad, 0x34, 0xa5, 0x34, 0xa5, 0x14, 0xad, 0x35, 0xad, 0x35, 0xa5,
    0x34, 0xa5, 0x14, 0xad, 0x35, 0xad, 0x35, 0xad, 0x35, 0xa5, 0x35, 0xa5,
    0x14, 0xa5, 0x34, 0xa5, 0x34, 0xa5, 0x35, 0xa5, 0x35, 0xad, 0x71, 0x8c,
    0x25, 0x21, 0x41, 0x08, 0x41, 0x08, 0x82, 0x10, 0x86, 0x31, 0xc7, 0x39,
    0xc7, 0x39, 0xc7, 0x39, 0x45, 0x29, 0x82, 0x10, 0x82, 0x10, 0x72, 0x8c,
    0xd7, 0xbd, 0xd7, 0xbd, 0x18, 0xc6, 0x52, 0x8c, 0x51, 0x8c, 0xd7, 0xbd,
    0xf8, 0xbd, 0x14, 0xa5, 0xe8, 0x39, 0x86, 0x31, 0xa6, 0x31, 0xa6, 0x31,
    0x87, 0x31, 0x86, 0x31, 0xa6, 0x31, 0xe4, 0x20, 0x41, 0x08, 0x82, 0x10,
    0xe4, 0x20, 0x45, 0x29, 0x65, 0x29, 0x65, 0x31, 0x66, 0x29, 0x65, 0x29,
    0x66, 0x31, 0x46, 0x29, 0x45, 0x29, 0x65, 0x29, 0x45, 0x29, 0x45, 0x29,
    0x45, 0x29, 0x25, 0x29, 0x25, 0x29, 0x45, 0x21, 0x25, 0x29, 0x45, 0x29,
    0x86, 0x31, 0xc7, 0x39, 0xe8, 0x41, 0x28, 0x42, 0x28, 0x4a, 0x28, 0x42,
    0x09, 0x42, 0x29, 0x4a, 0x28, 0x4a, 0x29, 0x42, 0x28, 0x42, 0x28, 0x4a,
    0x29, 0x42, 0x29, 0x42, 0x29, 0x4a, 0x29, 0x4a, 0x28, 0x42, 0x29, 0x4a,
    0xab, 0x5a, 0xae, 0x73, 0x51, 0x8c, 0xb2, 0x94, 0xf4, 0xa4, 0x34, 0xa5,
    0x34, 0xa5, 0x34, 0xad, 0x35, 0xa5, 0x15, 0xa5, 0x34, 0xad, 0x34, 0xad,
    0x35, 0xa5, 0x14, 0xa5, 0x34, 0xa5, 0x34, 0xad, 0x15, 0xad, 0x35, 0xa5,
    0x34, 0xa5, 0x34, 0xad, 0x35, 0xa5, 0x35, 0xad, 0x34, 0xad, 0x34, 0xa5,
    0x15, 0xad, 0x34, 0xad, 0x35, 0xa5, 0x14, 0xa5, 0x34, 0xa5, 0x34, 0xa5,
    0x35, 0xad, 0x14, 0xa5, 0x35, 0xa5, 0x34, 0xa5, 0x15, 0xad, 0x15, 0xa5,
    0x34, 0xa5, 0x35, 0xa5, 0x35, 0xad, 0x14, 0xa5, 0x34, 0xa5, 0x34, 0xa5,
    0x34, 0xa5, 0x15, 0xad, 0x35, 0xad, 0x34, 0xa5, 0x35, 0xad, 0x14, 0xa5,
    0x34, 0xa5, 0x34, 0xa5, 0x34, 0xa5, 0x35, 0xad, 0x34, 0xa5, 0x35, 0xad,
    0x35, 0xad, 0x15, 0xad, 0x34, 0xa5, 0x34, 0xa5, 0x15, 0xad, 0x34, 0xa5,
    0x35, 0xad, 0x35, 0xad, 0x14, 0xa5, 0x34, 0xa5, 0x35, 0xad, 0x14, 0xa5,
    0x34, 0xa5, 0x15, 0xad, 0x14, 0xa5, 0x34, 0xa5, 0x35, 0xad, 0x35, 0xad,
    0x35, 0xad, 0x15, 0xad, 0x34, 0xa5, 0x35, 0xad, 0x15, 0xad, 0x34, 0xa5,
    0x34, 0xad, 0x35, 0xad, 0x34, 0xa5, 0x14, 0xa5, 0x35, 0xa5, 0x35, 0xad,
    0x34, 0xa5, 0x35, 0xa5, 0x14, 0xa5, 0x14, 0xa5, 0x35, 0xa5, 0x34, 0xa5,
    0x14, 0xa5, 0x35, 0xa5, 0x35, 0xad, 0x34, 0xa5, 0x35, 0xa5, 0x34, 0xad,
    0x14, 0xa5, 0x35, 0xa5, 0x35, 0xad, 0x35, 0xa5, 0x34, 0xa5, 0x14, 0xad,
    0x14, 0xa5, 0x35, 0xa5, 0x34, 0xa5, 0x14, 0xa5, 0x14, 0xa5, 0x34, 0xa5,
    0x34, 0xad, 0x34, 0xad, 0x15, 0xad, 0x34, 0xad, 0x35, 0xad, 0x2c, 0x63,
    0x62, 0x08, 0x41, 0x08, 0x41, 0x08, 0xe4, 0x20, 0xc7, 0x39, 0xc7, 0x39,
    0xc7, 0x39, 0xc7, 0x39, 0x25, 0x21, 0x62, 0x08, 0xc3, 0x18, 0xb3, 0x9c,
    0xb7, 0xbd, 0xb7, 0xb5, 0xb7, 0xb5, 0x4d, 0x6b, 0x56, 0xad, 0xd8, 0xbd,
    0x19, 0xc6, 0xcf, 0x7b, 0x86, 0x31, 0xa6, 0x31, 0x86, 0x31, 0x86, 0x31,
    0x87, 0x31, 0xa6, 0x31, 0x86, 0x31, 0x82, 0x10, 0x41, 0x08, 0x62, 0x10,
    0xa3, 0x18, 0x04, 0x21, 0x66, 0x29, 0x66, 0x31, 0x65, 0x31, 0x66, 0x29,
    0x65, 0x29, 0x65, 0x29, 0x45, 0x29, 0x46, 0x29, 0x45, 0x29, 0x45, 0x29,
    0x45, 0x29, 0x45, 0x29, 0x25, 0x29, 0x25, 0x21, 0x45, 0x29, 0x45, 0x29,
    0x65, 0x29, 0xa6, 0x31, 0xe7, 0x39, 0x08, 0x42, 0x28, 0x42, 0x29, 0x4a,
    0x28, 0x4a, 0x28, 0x42, 0x09, 0x42, 0x29, 0x4a, 0x29, 0x4a, 0x29, 0x4a,
    0x28, 0x42, 0x28, 0x42, 0x28, 0x42, 0x29, 0x42, 0x29, 0x4a, 0x29, 0x4a,
    0x49, 0x4a, 0xec, 0x62, 0xcf, 0x7b, 0x51, 0x8c, 0xd3, 0x9c, 0x14, 0xa5,
    0x34, 0xa5, 0x35, 0xad, 0x34, 0xa5, 0x34, 0xad, 0x34, 0xa5, 0x34, 0xa5,
    0x14, 0xad, 0x35, 0xad, 0x34, 0xad, 0x35, 0xa5, 0x35, 0xa5, 0x34, 0xad,
    0x34, 0xa5, 0x15, 0xa5, 0x34, 0xad, 0x14, 0xa5, 0x15, 0xad, 0x35, 0xad,
    0x34, 0xa5, 0x34, 0xa5, 0x34, 0xad, 0x35, 0xa5, 0x35, 0xa5, 0x35, 0xad,
    0x14, 0xad, 0x34, 0xa5, 0x34, 0xad, 0x34, 0xad, 0x34, 0xa5, 0x34, 0xa5,
    0x35, 0xa5, 0x34, 0xa5, 0x14, 0xa5, 0x35, 0xad, 0x34, 0xad, 0x35, 0xa5,
    0x34, 0xa5, 0x35, 0xad, 0x34, 0xa5, 0x34, 0xa5, 0x14, 0xa5, 0x35, 0xad,
    0x35, 0xad, 0x14, 0xa5, 0x34, 0xa5, 0x34, 0xa5, 0x15, 0xad, 0x14, 0xa5,
    0x34, 0xa5, 0x34, 0xa5, 0x14, 0xa5, 0x35, 0xad, 0x35, 0xad, 0x35, 0xad,
    0x34, 0xa5, 0x14, 0xa5, 0x34, 0xa5, 0x34, 0xa5, 0x34, 0xa5, 0x35, 0xad,
    0x35, 0xad, 0x34, 0xa5, 0x35, 0xad, 0x34, 0xa5, 0x14, 0xa5, 0x14, 0xa5,
    0x34, 0xa5, 0x34, 0xa5, 0x35, 0xad, 0x34, 0xa5, 0x14, 0xa5, 0x35, 0xad,
    0x35, 0xa5, 0x34, 0xa5, 0x35, 0xa5, 0x35, 0xa5, 0x34, 0xad, 0x34, 0xa5,
    0x14, 0xad, 0x35, 0xa5, 0x35, 0xa5, 0x34, 0xad, 0x35, 0xad, 0x14, 0xad,
    0x34, 0xa5, 0x35, 0xa5, 0x34, 0xa5, 0x34, 0xa5, 0x34, 0xad, 0x15, 0xa5,
    0x35, 0xad, 0x34, 0xad, 0x14, 0xa5, 0x34, 0xa5, 0x34, 0xa5, 0x34, 0xa5,
    0x35, 0xad, 0x34, 0xad, 0x34, 0xa5, 0x34, 0xa5, 0x34, 0xad, 0x35, 0xad,
    0x35, 0xa5, 0x35, 0xa5, 0x34, 0xa5, 0x35, 0xad, 0xd3, 0x9c, 0xc7, 0x39,
    0x41, 0x08, 0x41, 0x08, 0x62, 0x08, 0x45, 0x29, 0xc7, 0x39, 0xc7, 0x39,
    0xc7, 0x39, 0xc7, 0x39, 0x04, 0x21, 0x41, 0x08, 0xc3, 0x18, 0x31, 0x8c,
    0x76, 0xad, 0xb7, 0xb5, 0x92, 0x94, 0x2d, 0x63, 0xd7, 0xbd, 0xf8, 0xbd,
    0xf8, 0xbd, 0x49, 0x4a, 0x86, 0x31, 0xa6, 0x31, 0x86, 0x31, 0x87, 0x39,
    0x86, 0x31, 0xa7, 0x39, 0x04, 0x21, 0x41, 0x08, 0x41, 0x08, 0x62, 0x08,
    0x82, 0x10, 0x04, 0x21, 0x66, 0x31, 0x86, 0x29, 0x66, 0x29, 0x65, 0x31,
    0x66, 0x29, 0x65, 0x29, 0x46, 0x31, 0x45, 0x29, 0x45, 0x29, 0x45, 0x29,
    0x45, 0x29, 0x45, 0x29, 0x25, 0x29, 0x25, 0x29, 0x24, 0x21, 0x25, 0x21,
    0x45, 0x29, 0x86, 0x31, 0xa7, 0x31, 0xe8, 0x39, 0x08, 0x42, 0x28, 0x42,
    0x29, 0x42, 0x28, 0x42, 0x28, 0x4a, 0x28, 0x42, 0x08, 0x42, 0x29, 0x42,
    0x29, 0x4a, 0x28, 0x4a, 0x29, 0x4a, 0x28, 0x42, 0x28, 0x4a, 0x28, 0x4a,
    0x28, 0x42, 0x49, 0x4a, 0x4d, 0x6b, 0x10, 0x84, 0x72, 0x94, 0xd3, 0x9c,
    0x14, 0xa5, 0x34, 0xa5, 0x35, 0xad, 0x14, 0xa5, 0x35, 0xa5, 0x35, 0xa5,
    0x15, 0xa5, 0x34, 0xa5, 0x35, 0xa5, 0x14, 0xa5, 0x34, 0xa5, 0x34, 0xad,
    0x15, 0xad, 0x34, 0xa5, 0x34, 0xa5, 0x34, 0xa5, 0x34, 0xa5, 0x34, 0xa5,
    0x35, 0xa5, 0x34, 0xa5, 0x15, 0xa5, 0x34, 0xad, 0x34, 0xad, 0x14, 0xa5,
    0x34, 0xa5, 0x35, 0xad, 0x35, 0xa5, 0x35, 0xa5, 0x14, 0xa5, 0x34, 0xad,
    0x34, 0xad, 0x14, 0xad, 0x34, 0xa5, 0x34, 0xa5, 0x15, 0xa5, 0x34, 0xad,
    0x34, 0xa5, 0x14, 0xa5, 0x34, 0xa5, 0x35, 0xad, 0x14, 0xa5, 0x34, 0xa5,
    0x35, 0xad, 0x14, 0xa5, 0x35, 0xad, 0x35, 0xad, 0x34, 0xa5, 0x34, 0xa5,
    0x35, 0xad, 0x14, 0xa5, 0x34, 0xa5, 0x34, 0xa5, 0x34, 0xa5, 0x14, 0xa5,
    0x34, 0xa5, 0x34, 0xa5, 0x35, 0xad, 0x15, 0xad, 0x34, 0xa5, 0x34, 0xa5,
    0x15, 0xad, 0x34, 0xa5, 0x34, 0xa5, 0x35, 0xad, 0x34, 0xa5, 0x35, 0xad,
    0x34, 0xa5, 0x34, 0xa5, 0x34, 0xa5, 0x14, 0xa5, 0x35, 0xad, 0x34, 0xa5,
    0x14, 0xa5, 0x15, 0xa5, 0x34, 0xad, 0x14, 0xad, 0x34, 0xa5, 0x35, 0xa5,
    0x15, 0xa5, 0x34, 0xad, 0x34, 0xad, 0x35, 0xa5, 0x34, 0xa5, 0x34, 0xa5,
    0x34, 0xad, 0x35, 0xad, 0x14, 0xad, 0x14, 0xa5, 0x35, 0xa5, 0x14, 0xad,
    0x34, 0xa5, 0x34, 0xa5, 0x14, 0xa5, 0x34, 0xad, 0x15, 0xad, 0x35, 0xad,
    0x34, 0xa5, 0x15, 0xa5, 0x15, 0xad, 0x35, 0xad, 0x35, 0xa5, 0x34, 0xa5,
    0x14, 0xa5, 0x14, 0xa5, 0x34, 0xa5, 0x35, 0xad, 0xef, 0x7b, 0xa3, 0x18,
    0x41, 0x08, 0x41, 0x08, 0xa3, 0x18, 0xa6, 0x31, 0xc7, 0x39, 0xc7, 0x39,
    0xc7, 0x39, 0xa7, 0x39, 0xa3, 0x18, 0x41, 0x08, 0x62, 0x08, 0xab, 0x5a,
    0xf4, 0xa4, 0x76, 0xad, 0x0d, 0x63, 0x10, 0x84, 0xd7, 0xbd, 0x39, 0xce,
    0xb3, 0x94, 0x86, 0x31, 0xa6, 0x31, 0xa7, 0x31, 0x87, 0x39, 0xa6, 0x31,
    0xa6, 0x31, 0x86, 0x31, 0xa3, 0x18, 0x41, 0x08, 0x62, 0x08, 0x62, 0x08,
    0x62, 0x10, 0x24, 0x21, 0x66, 0x31, 0x66, 0x31, 0x85, 0x29, 0x65, 0x31,
    0x66, 0x31, 0x65, 0x29, 0x45, 0x29, 0x45, 0x29, 0x65, 0x29, 0x45, 0x29,
    0x45, 0x29, 0x45, 0x29, 0x25, 0x29, 0x25, 0x21, 0x25, 0x21, 0x24, 0x29,
    0x25, 0x29, 0x45, 0x29, 0x86, 0x31, 0xc7, 0x39, 0xe8, 0x41, 0x08, 0x42,
    0x28, 0x42, 0x09, 0x4a, 0x28, 0x4a, 0x28, 0x42, 0x28, 0x42, 0x29, 0x4a,
    0x28, 0x4a, 0x09, 0x42, 0x09, 0x4a, 0x28, 0x4a, 0x28, 0x42, 0x29, 0x42,
    0x29, 0x42, 0x28, 0x42, 0x8a, 0x52, 0x8e, 0x73, 0x31, 0x8c, 0x92, 0x94,
    0xf3, 0x9c, 0x34, 0xa5, 0x34, 0xa5, 0x35, 0xa5, 0x14, 0xad, 0x34, 0xad,
    0x34, 0xad, 0x34, 0xa5, 0x14, 0xa5, 0x34, 0xad, 0x35, 0xad, 0x15, 0xa5,
    0x34, 0xa5, 0x34, 0xa5, 0x35, 0xad, 0x15, 0xad, 0x35, 0xa5, 0x34, 0xa5,
    0x14, 0xad, 0x15, 0xad, 0x34, 0xad, 0x14, 0xa5, 0x34, 0xa5, 0x34, 0xad,
    0x35, 0xa5, 0x34, 0xa5, 0x14, 0xa5, 0x14, 0xa5, 0x35, 0xad, 0x35, 0xad,
    0x15, 0xa5, 0x35, 0xa5, 0x35, 0xad, 0x35, 0xad, 0x34, 0xa5, 0x14, 0xa5,
    0x34, 0xa5, 0x35, 0xad, 0x15, 0xad, 0x34, 0xa5, 0x35, 0xad, 0x34, 0xa5,
    0x34, 0xa5, 0x34, 0xa5, 0x35, 0xad, 0x14, 0xa5, 0x34, 0xa5, 0x35, 0xad,
    0x34, 0xa5, 0x35, 0xad, 0x35, 0xad, 0x34, 0xa5, 0x14, 0xa5, 0x34, 0xa5,
    0x35, 0xad, 0x15, 0xad, 0x35, 0xad, 0x34, 0xa5, 0x15, 0xad, 0x34, 0xa5,
    0x34, 0xa5, 0x15, 0xad, 0x34, 0xa5, 0x14, 0xa5, 0x35, 0xad, 0x34, 0xa5,
    0x15, 0xad, 0x15, 0xad, 0x35, 0xad, 0x35, 0xad, 0x34, 0xa5, 0x34, 0xa5,
    0x34, 0xad, 0x34, 0xad, 0x34, 0xa5, 0x34, 0xa5, 0x15, 0xad, 0x34, 0xad,
    0x34, 0xa5, 0x34, 0xa5, 0x34, 0xa5, 0x14, 0xad, 0x15, 0xa5, 0x35, 0xa5,
    0x34, 0xa5, 0x14, 0xa5, 0x35, 0xa5, 0x34, 0xad, 0x35, 0xad, 0x34, 0xa5,
    0x34, 0xa5, 0x35, 0xa5, 0x35, 0xad, 0x35, 0xa5, 0x34, 0xa5, 0x14, 0xa5,
    0x35, 0xa5, 0x34, 0xa5, 0x34, 0xa5, 0x34, 0xa5, 0x14, 0xa5, 0x34, 0xad,
    0x34, 0xad, 0x35, 0xad, 0x35, 0xad, 0x14, 0xa5, 0x8a, 0x52, 0x41, 0x08,
    0x41, 0x08, 0x41, 0x08, 0x25, 0x21, 0xc7, 0x39, 0xc7, 0x39, 0xc7, 0x39,
    0xc7, 0x39, 0x66, 0x29, 0x62, 0x08, 0x41, 0x08, 0x62, 0x08, 0x45, 0x29,
    0x10, 0x8c, 0x93, 0x94, 0x49, 0x4a, 0x35, 0xad, 0xd7, 0xbd, 0x39, 0xc6,
    0xec, 0x62, 0x86, 0x31, 0xa6, 0x31, 0xa6, 0x31, 0x86, 0x31, 0xa6, 0x31,
    0xa6, 0x31, 0x25, 0x29, 0x61, 0x08, 0x42, 0x08, 0x61, 0x10, 0x41, 0x08,
    0xa3, 0x18, 0x45, 0x29, 0x66, 0x31, 0x66, 0x31, 0x65, 0x29, 0x66, 0x29,
    0x65, 0x29, 0x45, 0x31, 0x66, 0x29, 0x45, 0x29, 0x45, 0x29, 0x45, 0x29,
    0x45, 0x29, 0x45, 0x29, 0x25, 0x29, 0x25, 0x21, 0x24, 0x29, 0x25, 0x29,
    0x25, 0x21, 0x25, 0x29, 0x65, 0x31, 0xa6, 0x31, 0xc7, 0x39, 0x08, 0x42,
    0x28, 0x42, 0x08, 0x42, 0x09, 0x42, 0x29, 0x42, 0x29, 0x4a, 0x28, 0x42,
    0x28, 0x42, 0x28, 0x42, 0x29, 0x42, 0x29, 0x42, 0x29, 0x4a, 0x29, 0x42,
    0x28, 0x4a, 0x29, 0x4a, 0x29, 0x4a, 0xec, 0x5a, 0xaf, 0x7b, 0x51, 0x8c,
    0xb3, 0x9c, 0x14, 0xa5, 0x34, 0xa5, 0x34, 0xad, 0x34, 0xa5, 0x34, 0xa5,
    0x15, 0xa5, 0x34, 0xad, 0x35, 0xad, 0x35, 0xa5, 0x34, 0xa5, 0x14, 0xa5,
    0x34, 0xa5, 0x35, 0xad, 0x14, 0xa5, 0x34, 0xa5, 0x34, 0xad, 0x15, 0xad,
    0x34, 0xa5, 0x34, 0xa5, 0x35, 0xa5, 0x35, 0xa5, 0x15, 0xa5, 0x35, 0xa5,
    0x14, 0xad, 0x35, 0xa5, 0x34, 0xad, 0x34, 0xad, 0x34, 0xa5, 0x34, 0xa5,
    0x14, 0xa5, 0x34, 0xa5, 0x34, 0xa5, 0x14, 0xad, 0x34, 0xad, 0x35, 0xa5,
    0x34, 0xa5, 0x15, 0xad, 0x34, 0xa5, 0x34, 0xa5, 0x34, 0xa5, 0x35, 0xad,
    0x15, 0xad, 0x14, 0xa5, 0x34, 0xa5, 0x34, 0xa5, 0x14, 0xa5, 0x35, 0xad,
    0x14, 0xa5, 0x34, 0xa5, 0x35, 0xad, 0x15, 0xad, 0x35, 0xad, 0x35, 0xad,
    0x14, 0xa5, 0x34, 0xa5, 0x34, 0xa5, 0x34, 0xa5, 0x34, 0xa5, 0x35, 0xad,
    0x34, 0xa5, 0x34, 0xa5, 0x35, 0xad, 0x34, 0xa5, 0x14, 0xa5, 0x34, 0xa5,
    0x34, 0xa5, 0x34, 0xa5, 0x34, 0xa5, 0x14, 0xa5, 0x34, 0xa5, 0x15, 0xad,
    0x35, 0xa5, 0x34, 0xad, 0x35, 0xa5, 0x15, 0xa5, 0x34, 0xa5, 0x34, 0xa5,
    0x14, 0xad, 0x35, 0xad, 0x15, 0xa5, 0x35, 0xa5, 0x34, 0xad, 0x14, 0xad,
    0x35, 0xad, 0x35, 0xa5, 0x34, 0xa5, 0x35, 0xa5, 0x34, 0xa5, 0x34, 0xa5,
    0x35, 0xad, 0x15, 0xad, 0x14, 0xa5, 0x34, 0xa5, 0x34, 0xa5, 0x35, 0xad,
    0x34, 0xad, 0x34, 0xad, 0x34, 0xad, 0x34, 0xa5, 0x35, 0xad, 0x15, 0xa5,
    0x35, 0xa5, 0x34, 0xa5, 0x35, 0xad, 0x71, 0x8c, 0x25, 0x21, 0x41, 0x08,
    0x41, 0x08, 0x82, 0x10, 0x86, 0x31, 0xc7, 0x39, 0xc7, 0x39, 0xc7, 0x39,
    0xc7, 0x39, 0xe4, 0x18, 0x41, 0x08, 0x61, 0x08, 0xc3, 0x18, 0xe4, 0x20,
    0xcb, 0x5a, 0x0c, 0x63, 0xcb, 0x5a, 0xd7, 0xbd, 0xf8, 0xc5, 0x35, 0xa5,
    0xc7, 0x39, 0x86, 0x31, 0xa6, 0x31, 0xa7, 0x39, 0x86, 0x39, 0x86, 0x31,
    0x87, 0x31, 0xc3, 0x18, 0x41, 0x08, 0x62, 0x08, 0x62, 0x08, 0x61, 0x08,
    0x04, 0x21, 0x66, 0x31, 0x86, 0x31, 0x66, 0x29, 0x65, 0x29, 0x66, 0x31,
    0x66, 0x29, 0x65, 0x29, 0x46, 0x29, 0x45, 0x29, 0x45, 0x31, 0x46, 0x29,
    0x45, 0x29, 0x45, 0x29, 0x45, 0x29, 0x25, 0x29, 0x45, 0x21, 0x25, 0x29,
    0x24, 0x21, 0x25, 0x21, 0x45, 0x29, 0x66, 0x31, 0xa7, 0x39, 0xe8, 0x39,
    0x08, 0x42, 0x28, 0x42, 0x28, 0x42, 0x08, 0x4a, 0x08, 0x4a, 0x28, 0x42,
    0x28, 0x42, 0x29, 0x4a, 0x28, 0x42, 0x28, 0x42, 0x29, 0x4a, 0x28, 0x4a,
    0x28, 0x4a, 0x28, 0x4a, 0x28, 0x42, 0x49, 0x4a, 0x2c, 0x63, 0xf0, 0x7b,
    0x72, 0x94, 0xd3, 0x9c, 0x14, 0xa5, 0x34, 0xa5, 0x35, 0xad, 0x15, 0xa5,
    0x34, 0xa5, 0x35, 0xa5, 0x34, 0xa5, 0x14, 0xad, 0x34, 0xa5, 0x34, 0xad,
    0x35, 0xad, 0x34, 0xa5, 0x35, 0xad, 0x34, 0xa5, 0x34, 0xa5, 0x34, 0xa5,
    0x35, 0xa5, 0x35, 0xad, 0x34, 0xa5, 0x34, 0xad, 0x34, 0xad, 0x34, 0xa5,
    0x35, 0xa5, 0x14, 0xad, 0x35, 0xa5, 0x35, 0xa5, 0x34, 0xa5, 0x35, 0xa5,
    0x34, 0xad, 0x34, 0xad, 0x34, 0xa5, 0x14, 0xa5, 0x35, 0xa5, 0x35, 0xa5,
    0x34, 0xa5, 0x34, 0xa5, 0x34, 0xa5, 0x35, 0xad, 0x14, 0xa5, 0x34, 0xa5,
    0x34, 0xa5, 0x35, 0xad, 0x35, 0xad, 0x34, 0xa5, 0x35, 0xad, 0x34, 0xa5,
    0x35, 0xad, 0x14, 0xa5, 0x34, 0xa5, 0x34, 0xa5, 0x34, 0xa5, 0x34, 0xa5,
    0x34, 0xa5, 0x34, 0xa5, 0x35, 0xad, 0x14, 0xa5, 0x34, 0xa5, 0x34, 0xa5,
    0x15, 0xad, 0x34, 0xa5, 0x34, 0xa5, 0x15, 0xad, 0x35, 0xad, 0x35, 0xad,
    0x34, 0xa5, 0x35, 0xad, 0x34, 0xa5, 0x14, 0xa5, 0x35, 0xad, 0x34, 0xa5,
    0x15, 0xa5, 0x35, 0xa5, 0x14, 0xad, 0x34, 0xad, 0x35, 0xa5, 0x35, 0xa5,
    0x35, 0xa5, 0x34, 0xa5, 0x34, 0xad, 0x34, 0xa5, 0x34, 0xa5, 0x34, 0xa5,
    0x34, 0xa5, 0x34, 0xad, 0x14, 0xad, 0x34, 0xa5, 0x15, 0xad, 0x14, 0xad,
    0x34, 0xa5, 0x34, 0xa5, 0x34, 0xad, 0x34, 0xad, 0x15, 0xad, 0x34, 0xa5,
    0x34, 0xa5, 0x15, 0xa5, 0x15, 0xa5, 0x35, 0xad, 0x14, 0xa5, 0x34, 0xad,
    0x34, 0xa5, 0x34, 0xa5, 0x35, 0xad, 0x4d, 0x6b, 0x62, 0x08, 0x41, 0x08,
    0x41, 0x08, 0xe4, 0x20, 0xc7, 0x39, 0xc7, 0x39, 0xc7, 0x39, 0xc7, 0x39,
    0x86, 0x31, 0x62, 0x10, 0x41, 0x08, 0x62, 0x10, 0x45, 0x29, 0x45, 0x29,
    0xa7, 0x31, 0x25, 0x29, 0xaf, 0x73, 0xf7, 0xbd, 0xf8, 0xc5, 0x6e, 0x6b,
    0x86, 0x31, 0xa7, 0x31, 0xa7, 0x31, 0xa6, 0x31, 0x87, 0x31, 0xa7, 0x31,
    0x65, 0x29, 0x62, 0x10, 0x41, 0x08, 0x62, 0x08, 0x61, 0x10, 0x82, 0x10,
    0x45, 0x29, 0x86, 0x31, 0x86, 0x31, 0x66, 0x29, 0x65, 0x31, 0x65, 0x31,
    0x66, 0x29, 0x65, 0x29, 0x45, 0x29, 0x45, 0x29, 0x65, 0x29, 0x45, 0x29,
    0x45, 0x29, 0x45, 0x29, 0x25, 0x29, 0x25, 0x21, 0x25, 0x29, 0x24, 0x21,
    0x25, 0x29, 0x24, 0x21, 0x25, 0x21, 0x65, 0x29, 0x86, 0x31, 0xc7, 0x39,
    0xe8, 0x41, 0x08, 0x42, 0x28, 0x42, 0x08, 0x42, 0x08, 0x42, 0x09, 0x42,
    0x29, 0x4a, 0x09, 0x42, 0x28, 0x4a, 0x28, 0x4a, 0x08, 0x42, 0x29, 0x42,
    0x29, 0x42, 0x09, 0x42, 0x28, 0x42, 0x28, 0x42, 0x6a, 0x52, 0x6d, 0x73,
    0x10, 0x84, 0x92, 0x94, 0xf3, 0x9c, 0x14, 0xa5, 0x34, 0xa5, 0x34, 0xad,
    0x35, 0xad, 0x34, 0xa5, 0x15, 0xa5, 0x34, 0xa5, 0x35, 0xad, 0x35, 0xa5,
    0x34, 0xa5, 0x14, 0xad, 0x14, 0xa5, 0x35, 0xa5, 0x35, 0xad, 0x15, 0xa5,
    0x34, 0xad, 0x34, 0xa5, 0x14, 0xad, 0x14, 0xa5, 0x34, 0xa5, 0x34, 0xad,
    0x34, 0xad, 0x34, 0xa5, 0x14, 0xa5, 0x34, 0xad, 0x15, 0xad, 0x34, 0xad,
    0x35, 0xa5, 0x35, 0xa5, 0x15, 0xad, 0x35, 0xa5, 0x34, 0xa5, 0x34, 0xad,
    0x34, 0xa5, 0x15, 0xad, 0x35, 0xad, 0x34, 0xa5, 0x35, 0xad, 0x14, 0xa5,
    0x35, 0xad, 0x34, 0xa5, 0x34, 0xa5, 0x15, 0xad, 0x34, 0xa5, 0x34, 0xa5,
    0x14, 0xa5, 0x35, 0xad, 0x34, 0xa5, 0x14, 0xa5, 0x34, 0xa5, 0x15, 0xad,
    0x35, 0xad, 0x35, 0xad, 0x14, 0xa5, 0x35, 0xad, 0x35, 0xad, 0x15, 0xad,
    0x34, 0xa5, 0x15, 0xad, 0x34, 0xa5, 0x34, 0xa5, 0x34, 0xa5, 0x34, 0xa5,
    0x15, 0xad, 0x14, 0xa5, 0x35, 0xad, 0x35, 0xad, 0x34, 0xa5, 0x34, 0xad,
    0x34, 0xad, 0x34, 0xa5, 0x34, 0xa5, 0x34, 0xa5, 0x34, 0xad, 0x14, 0xad,
    0x14, 0xad, 0x35, 0xa5, 0x34, 0xa5, 0x14, 0xad, 0x35, 0xad, 0x35, 0xa5,
    0x34, 0xa5, 0x15, 0xa5, 0x35, 0xad, 0x34, 0xad, 0x34, 0xa5, 0x35, 0xa5,
    0x35, 0xa5, 0x14, 0xa5, 0x35, 0xa5, 0x35, 0xa5, 0x34, 0xa5, 0x15, 0xad,
    0x35, 0xa5, 0x34, 0xa5, 0x34, 0xa5, 0x34, 0xa5, 0x34, 0xa5, 0x34, 0xa5,
    0x15, 0xad, 0x35, 0xad, 0xd3, 0x9c, 0xc7, 0x39, 0x21, 0x08, 0x41, 0x08,
    0x62, 0x08, 0x45, 0x29, 0xc7, 0x39, 0xc7, 0x39, 0xc7, 0x39, 0xc7, 0x39,
    0x24, 0x21, 0x41, 0x08, 0x41, 0x08, 0xa3, 0x18, 0xa7, 0x39, 0x25, 0x29,
    0xc3, 0x18, 0x82, 0x10, 0x11, 0x84, 0xd7, 0xbd, 0x15, 0xa5, 0xe8, 0x41,
    0xa6, 0x31, 0xa6, 0x31, 0xa7, 0x39, 0x86, 0x31, 0x86, 0x31, 0xa6, 0x39,
    0xe4, 0x18, 0x41, 0x08, 0x62, 0x08, 0x82, 0x10, 0x82, 0x10, 0xc3, 0x18,
    0x45, 0x29, 0x66, 0x29, 0x66, 0x31, 0x66, 0x31, 0x65, 0x31, 0x66, 0x29,
    0x65, 0x29, 0x65, 0x29, 0x46, 0x31, 0x65, 0x29, 0x45, 0x29, 0x45, 0x29,
    0x45, 0x29, 0x45, 0x29, 0x45, 0x29, 0x25, 0x29, 0x25, 0x29, 0x25, 0x21,
    0x24, 0x21, 0xe4, 0x20, 0x25, 0x21, 0x25, 0x29, 0x66, 0x29, 0xa6, 0x31,
    0xc7, 0x39, 0xe8, 0x41, 0x08, 0x42, 0x28, 0x42, 0x29, 0x42, 0x28, 0x4a,
    0x08, 0x42, 0x28, 0x42, 0x08, 0x42, 0x29, 0x42, 0x29, 0x4a, 0x28, 0x42,
    0x29, 0x42, 0x28, 0x4a, 0x29, 0x42, 0x29, 0x4a, 0x29, 0x4a, 0xcb, 0x5a,
    0xaf, 0x7b, 0x51, 0x8c, 0xb3, 0x9c, 0xf4, 0xa4, 0x34, 0xa5, 0x34, 0xa5,
    0x14, 0xa5, 0x34, 0xad, 0x34, 0xad, 0x35, 0xad, 0x34, 0xa5, 0x14, 0xa5,
    0x35, 0xad, 0x35, 0xa5, 0x34, 0xa5, 0x14, 0xad, 0x34, 0xa5, 0x34, 0xad,
    0x14, 0xa5, 0x34, 0xad, 0x35, 0xa5, 0x35, 0xa5, 0x35, 0xad, 0x15, 0xa5,
    0x15, 0xa5, 0x35, 0xa5, 0x34, 0xad, 0x34, 0xa5, 0x34, 0xa5, 0x14, 0xa5,
    0x14, 0xa5, 0x35, 0xad, 0x34, 0xa5, 0x34, 0xad, 0x14, 0xad, 0x34, 0xa5,
    0x34, 0xa5, 0x35, 0xad, 0x14, 0xa5, 0x34, 0xa5, 0x14, 0xa5, 0x35, 0xad,
    0x34, 0xa5, 0x14, 0xa5, 0x14, 0xa5, 0x34, 0xa5, 0x15, 0xad, 0x35, 0xad,
    0x34, 0xa5, 0x34, 0xa5, 0x35, 0xad, 0x15, 0xad, 0x35, 0xad, 0x34, 0xa5,
    0x14, 0xa5, 0x14, 0xa5, 0x34, 0xa5, 0x34, 0xa5, 0x15, 0xad, 0x34, 0xa5,
    0x34, 0xa5, 0x34, 0xa5, 0x35, 0xad, 0x35, 0xad, 0x14, 0xa5, 0x34, 0xa5,
    0x34, 0xa5, 0x34, 0xa5, 0x34, 0xa5, 0x34, 0xa5, 0x35, 0xad, 0x15, 0xa5,
    0x34, 0xa5, 0x34, 0xad, 0x35, 0xa5, 0x15, 0xad, 0x35, 0xa5, 0x34, 0xa5,
    0x34, 0xa5, 0x34, 0xad, 0x15, 0xa5, 0x35, 0xa5, 0x34, 0xa5, 0x15, 0xad,
    0x15, 0xad, 0x34, 0xa5, 0x34, 0xa5, 0x35, 0xa5, 0x14, 0xa5, 0x34, 0xa5,
    0x34, 0xad, 0x15, 0xad, 0x34, 0xad, 0x34, 0xa5, 0x35, 0xa5, 0x34, 0xa5,
    0x14, 0xad, 0x34, 0xad, 0x34, 0xad, 0x35, 0xad, 0x15, 0xad, 0x35, 0xa5,
    0x34, 0xa5, 0x35, 0xad, 0xef, 0x7b, 0xc3, 0x18, 0x21, 0x08, 0x41, 0x08,
    0xc3, 0x18, 0xa7, 0x31, 0xc7, 0x39, 0xc7, 0x39, 0xe7, 0x39, 0xa7, 0x39,
    0xa3, 0x10, 0x41, 0x08, 0x62, 0x08, 0x24, 0x21, 0xc7, 0x39, 0xe4, 0x18,
    0x41, 0x08, 0x82, 0x10, 0xaf, 0x7b, 0x76, 0xb5, 0xaf, 0x73, 0x86, 0x31,
    0xa6, 0x39, 0xa6, 0x31, 0xa6, 0x39, 0xa7, 0x39, 0xa6, 0x31, 0x66, 0x31,
    0x62, 0x10, 0x41, 0x08, 0x41, 0x08, 0xc3, 0x18, 0xe4, 0x20, 0xe4, 0x18,
    0x24, 0x29, 0x25, 0x29, 0x45, 0x29, 0x66, 0x29, 0x66, 0x31, 0x66, 0x29,
    0x66, 0x31, 0x65, 0x31, 0x65, 0x29, 0x46, 0x29, 0x45, 0x29, 0x45, 0x29,
    0x45, 0x29, 0x45, 0x29, 0x45, 0x29, 0x45, 0x29, 0x25, 0x21, 0x25, 0x29,
    0xe3, 0x18, 0xe3, 0x18, 0x04, 0x21, 0x04, 0x21, 0x25, 0x29, 0x86, 0x31,
    0xa7, 0x39, 0xe8, 0x39, 0x08, 0x42, 0x08, 0x42, 0x28, 0x42, 0x28, 0x42,
    0x08, 0x42, 0x09, 0x42, 0x28, 0x4a, 0x08, 0x42, 0x29, 0x42, 0x08, 0x4a,
    0x28, 0x4a, 0x28, 0x42, 0x28, 0x4a, 0x09, 0x42, 0x28, 0x42, 0x29, 0x4a,
    0x0c, 0x63, 0xcf, 0x7b, 0x71, 0x8c, 0xd3, 0x9c, 0x14, 0xa5, 0x35, 0xa5,
    0x35, 0xad, 0x14, 0xa5, 0x35, 0xa5, 0x34, 0xa5, 0x14, 0xa5, 0x35, 0xad,
    0x14, 0xa5, 0x34, 0xa5, 0x35, 0xad, 0x35, 0xa5, 0x14, 0xad, 0x34, 0xa5,
    0x35, 0xa5, 0x15, 0xa5, 0x35, 0xa5, 0x34, 0xad, 0x34, 0xa5, 0x34, 0xa5,
    0x34, 0xa5, 0x34, 0xad, 0x35, 0xa5, 0x15, 0xad, 0x35, 0xa5, 0x35, 0xa5,
    0x34, 0xad, 0x34, 0xa5, 0x14, 0xa5, 0x34, 0xa5, 0x35, 0xa5, 0x35, 0xad,
    0x34, 0xa5, 0x14, 0xa5, 0x34, 0xa5, 0x35, 0xad, 0x34, 0xa5, 0x34, 0xa5,
    0x35, 0xad, 0x35, 0xad, 0x35, 0xad, 0x34, 0xa5, 0x34, 0xa5, 0x34, 0xa5,
    0x35, 0xad, 0x15, 0xad, 0x34, 0xa5, 0x34, 0xa5, 0x34, 0xa5, 0x34, 0xa5,
    0x34, 0xa5, 0x35, 0xad, 0x35, 0xad, 0x34, 0xa5, 0x34, 0xa5, 0x34, 0xa5,
    0x34, 0xa5, 0x35, 0xad, 0x14, 0xa5, 0x34, 0xa5, 0x35, 0xad, 0x15, 0xad,
    0x35, 0xad, 0x35, 0xad, 0x34, 0xa5, 0x14, 0xa5, 0x14, 0xa5, 0x34, 0xa5,
    0x15, 0xa5, 0x35, 0xa5, 0x14, 0xad, 0x34, 0xa5, 0x34, 0xa5, 0x35, 0xa5,
    0x35, 0xad, 0x34, 0xa5, 0x14, 0xad, 0x34, 0xa5, 0x34, 0xad, 0x34, 0xa5,
    0x34, 0xa5, 0x34, 0xad, 0x34, 0xa5, 0x14, 0xa5, 0x35, 0xad, 0x35, 0xad,
    0x34, 0xa5, 0x34, 0xa5, 0x34, 0xa5, 0x14, 0xad, 0x14, 0xad, 0x34, 0xad,
    0x34, 0xa5, 0x15, 0xa5, 0x35, 0xa5, 0x14, 0xa5, 0x34, 0xa5, 0x34, 0xad,
    0x34, 0xad, 0x14, 0xa5, 0x8a, 0x52, 0x41, 0x08, 0x41, 0x08, 0x41, 0x08,
    0x24, 0x21, 0xc7, 0x39, 0xc7, 0x39, 0xc7, 0x39, 0xc7, 0x39, 0x45, 0x29,
    0x42, 0x08, 0x41, 0x08, 0x82, 0x10, 0x86, 0x31, 0x86, 0x31, 0x82, 0x10,
    0x41, 0x08, 0x41, 0x08, 0x29, 0x4a, 0xb3, 0x9c, 0x69, 0x4a, 0x86, 0x31,
    0xa7, 0x31, 0xa7, 0x31, 0xa6, 0x31, 0x86, 0x31, 0xa7, 0x31, 0x04, 0x21,
    0x41, 0x08, 0x61, 0x08, 0x62, 0x10, 0x45, 0x29, 0x24, 0x21, 0xe4, 0x20,
    0xe4, 0x18, 0xe4, 0x20, 0x04, 0x21, 0x45, 0x29, 0x66, 0x31, 0x65, 0x29,
    0x65, 0x29, 0x66, 0x29, 0x65, 0x29, 0x45, 0x29, 0x46, 0x31, 0x45, 0x29,
    0x45, 0x29, 0x45, 0x29, 0x45, 0x29, 0x25, 0x29, 0x45, 0x29, 0x04, 0x21,
    0x82, 0x10, 0xc3, 0x18, 0xe4, 0x20, 0x04, 0x21, 0x25, 0x21, 0x45, 0x29,
    0x86, 0x31, 0xc7, 0x39, 0xe8, 0x41, 0x08, 0x42, 0x08, 0x42, 0x08, 0x42,
    0x29, 0x42, 0x28, 0x4a, 0x28, 0x42, 0x08, 0x42, 0x08, 0x42, 0x29, 0x42,
    0x08, 0x42, 0x09, 0x4a, 0x28, 0x42, 0x28, 0x4a, 0x28, 0x42, 0x09, 0x42,
    0x69, 0x4a, 0x4d, 0x6b, 0x10, 0x84, 0x92, 0x94, 0xf3, 0x9c, 0x14, 0xa5,
    0x34, 0xad, 0x35, 0xa5, 0x14, 0xa5, 0x34, 0xad, 0x35, 0xa5, 0x34, 0xa5,
    0x34, 0xad, 0x14, 0xa5, 0x34, 0xa5, 0x34, 0xad, 0x35, 0xa5, 0x35, 0xa5,
    0x34, 0xad, 0x34, 0xa5, 0x34, 0xad, 0x14, 0xa5, 0x34, 0xa5, 0x15, 0xad,
    0x34, 0xad, 0x34, 0xa5, 0x14, 0xa5, 0x34, 0xa5, 0x34, 0xad, 0x34, 0xad,
    0x35, 0xa5, 0x34, 0xad, 0x15, 0xad, 0x35, 0xa5, 0x34, 0xa5, 0x34, 0xa5,
    0x34, 0xa5, 0x35, 0xad, 0x35, 0xad, 0x34, 0xa5, 0x35, 0xad, 0x34, 0xa5,
    0x14, 0xa5, 0x34, 0xa5, 0x34, 0xa5, 0x35, 0xad, 0x35, 0xad, 0x34, 0xa5,
    0x14, 0xa5, 0x34, 0xa5, 0x34, 0xa5, 0x34, 0xa5, 0x15, 0xad, 0x35, 0xad,
    0x35, 0xad, 0x34, 0xa5, 0x34, 0xa5, 0x15, 0xad, 0x35, 0xad, 0x34, 0xa5,
    0x15, 0xad, 0x15, 0xad, 0x34, 0xa5, 0x14, 0xa5, 0x34, 0xa5, 0x34, 0xa5,
    0x34, 0xa5, 0x14, 0xa5, 0x15, 0xad, 0x35, 0xad, 0x34, 0xa5, 0x34, 0xad,
    0x34, 0xad, 0x35, 0xad, 0x34, 0xa5, 0x34, 0xa5, 0x35, 0xad, 0x14, 0xad,
    0x14, 0xa5, 0x35, 0xa5, 0x34, 0xa5, 0x35, 0xad, 0x15, 0xa5, 0x34, 0xa5,
    0x34, 0xa5, 0x35, 0xa5, 0x15, 0xad, 0x35, 0xad, 0x34, 0xa5, 0x34, 0xa5,
    0x15, 0xad, 0x14, 0xa5, 0x35, 0xa5, 0x35, 0xa5, 0x34, 0xa5, 0x35, 0xa5,
    0x35, 0xa5, 0x34, 0xa5, 0x34, 0xad, 0x34, 0xa5, 0x34, 0xa5, 0x35, 0xa5,
    0x35, 0xad, 0x72, 0x94, 0x45, 0x29, 0x21, 0x00, 0x41, 0x08, 0x82, 0x10,
    0x86, 0x31, 0xc7, 0x39, 0xc7, 0x39, 0xc7, 0x39, 0xc7, 0x39, 0xc3, 0x18,
    0x41, 0x08, 0x41, 0x08, 0xe4, 0x20, 0xc7, 0x39, 0x24, 0x21, 0x41, 0x08,
    0x42, 0x08, 0x41, 0x08, 0xe4, 0x20, 0x0c, 0x63, 0xc7, 0x39, 0xa7, 0x31,
    0xa6, 0x39, 0xa6, 0x31, 0xa7, 0x39, 0xa6, 0x31, 0x86, 0x31, 0x82, 0x10,
    0x41, 0x08, 0x42, 0x08, 0xe4, 0x20, 0x86, 0x31, 0x45, 0x29, 0xe4, 0x20,
    0xa2, 0x10, 0x82, 0x10, 0xe3, 0x18, 0x25, 0x21, 0x65, 0x29, 0x66, 0x31,
    0x65, 0x29, 0x65, 0x31, 0x66, 0x29, 0x45, 0x29, 0x45, 0x29, 0x65, 0x29,
    0x45, 0x29, 0x45, 0x29, 0x45, 0x29, 0x25, 0x29, 0x45, 0x29, 0xa3, 0x10,
    0x62, 0x10, 0xa3, 0x18, 0xc3, 0x18, 0x04, 0x21, 0x24, 0x21, 0x25, 0x29,
    0x65, 0x29, 0xa6, 0x31, 0xc7, 0x39, 0xe8, 0x41, 0x08, 0x42, 0x08, 0x42,
    0x08, 0x42, 0x28, 0x42, 0x08, 0x42, 0x29, 0x42, 0x28, 0x4a, 0x08, 0x42,
    0x29, 0x42, 0x28, 0x42, 0x09, 0x42, 0x29, 0x42, 0x28, 0x4a, 0x28, 0x42,
    0x28, 0x4a, 0xab, 0x52, 0x8e, 0x73, 0x30, 0x8c, 0x92, 0x94, 0xf3, 0x9c,
    0x34, 0xa5, 0x34, 0xa5, 0x34, 0xad, 0x15, 0xa5, 0x34, 0xad, 0x34, 0xad,
    0x35, 0xa5, 0x35, 0xad, 0x35, 0xad, 0x14, 0xa5, 0x34, 0xa5, 0x34, 0xad,
    0x14, 0xa5, 0x34, 0xad, 0x35, 0xa5, 0x34, 0xad, 0x15, 0xad, 0x34, 0xa5,
    0x35, 0xa5, 0x15, 0xad, 0x34, 0xad, 0x35, 0xa5, 0x34, 0xa5, 0x14, 0xa5,
    0x34, 0xad, 0x35, 0xa5, 0x34, 0xa5, 0x34, 0xad, 0x35, 0xad, 0x14, 0xad,
    0x34, 0xa5, 0x35, 0xad, 0x14, 0xa5, 0x34, 0xa5, 0x14, 0xa5, 0x15, 0xad,
    0x35, 0xad, 0x14, 0xa5, 0x34, 0xa5, 0x34, 0xa5, 0x14, 0xa5, 0x15, 0xad,
    0x34, 0xa5, 0x34, 0xa5, 0x35, 0xad, 0x15, 0xad, 0x34, 0xa5, 0x34, 0xa5,
    0x14, 0xa5, 0x14, 0xa5, 0x34, 0xa5, 0x34, 0xa5, 0x14, 0xa5, 0x35, 0xad,
    0x34, 0xa5, 0x34, 0xa5, 0x34, 0xa5, 0x35, 0xad, 0x35, 0xad, 0x34, 0xa5,
    0x34, 0xa5, 0x34, 0xa5, 0x34, 0xa5, 0x35, 0xad, 0x35, 0xad, 0x35, 0xa5,
    0x34, 0xa5, 0x14, 0xa5, 0x34, 0xa5, 0x15, 0xad, 0x35, 0xad, 0x34, 0xa5,
    0x34, 0xa5, 0x34, 0xad, 0x35, 0xa5, 0x34, 0xa5, 0x14, 0xad, 0x35, 0xad,
    0x35, 0xad, 0x14, 0xa5, 0x34, 0xa5, 0x34, 0xa5, 0x34, 0xad, 0x14, 0xa5,
    0x35, 0xa5, 0x35, 0xad, 0x34, 0xad, 0x34, 0xad, 0x35, 0xa5, 0x34, 0xa5,
    0x14, 0xad, 0x35, 0xad, 0x34, 0xa5, 0x15, 0xad, 0x35, 0xad, 0x34, 0xad,
    0x35, 0xa5, 0x4d, 0x6b, 0x62, 0x10, 0x41, 0x08, 0x41, 0x08, 0xe4, 0x20,
    0xc7, 0x39, 0xc7, 0x39, 0xe7, 0x39, 0xc7, 0x39, 0x86, 0x31, 0x62, 0x10,
    0x41, 0x08, 0x62, 0x08, 0x66, 0x29, 0xc7, 0x39, 0xa3, 0x18, 0x41, 0x08,
    0x41, 0x08, 0x62, 0x08, 0xc3, 0x18, 0xa7, 0x39, 0xa6, 0x31, 0xa6, 0x39,
    0xa7, 0x39, 0xa7, 0x31, 0xa6, 0x39, 0xa7, 0x39, 0x25, 0x21, 0x41, 0x08,
    0x41, 0x08, 0x62, 0x08, 0x45, 0x29, 0xa6, 0x31, 0x66, 0x31, 0x04, 0x21,
    0xa3, 0x10, 0x61, 0x08, 0x82, 0x10, 0xe4, 0x20, 0x45, 0x29, 0x66, 0x31,
    0x66, 0x31, 0x66, 0x29, 0x65, 0x31, 0x65, 0x29, 0x45, 0x29, 0x46, 0x29,
    0x45, 0x29, 0x45, 0x29, 0x45, 0x29, 0x45, 0x29, 0x04, 0x21, 0x62, 0x08,
    0x41, 0x08, 0x82, 0x10, 0xc3, 0x18, 0xc3, 0x18, 0x04, 0x21, 0x04, 0x21,
    0x45, 0x29, 0x86, 0x31, 0xa7, 0x39, 0xe7, 0x39, 0x08, 0x42, 0x08, 0x42,
    0x08, 0x42, 0x08, 0x42, 0x08, 0x42, 0x09, 0x42, 0x28, 0x42, 0x28, 0x4a,
    0x08, 0x42, 0x08, 0x42, 0x28, 0x4a, 0x08, 0x42, 0x29, 0x42, 0x09, 0x4a,
    0x28, 0x42, 0x29, 0x4a, 0xec, 0x62, 0xcf, 0x7b, 0x51, 0x8c, 0xb3, 0x9c,
    0x14, 0xa5, 0x34, 0xa5, 0x35, 0xad, 0x34, 0xa5, 0x35, 0xa5, 0x35, 0xa5,
    0x14, 0xa5, 0x34, 0xa5, 0x34, 0xa5, 0x35, 0xa5, 0x14, 0xad, 0x35, 0xa5,
    0x35, 0xa5, 0x15, 0xa5, 0x34, 0xad, 0x35, 0xa5, 0x34, 0xa5, 0x35, 0xa5,
    0x34, 0xad, 0x34, 0xa5, 0x35, 0xa5, 0x34, 0xad, 0x15, 0xad, 0x35, 0xa5,
    0x14, 0xa5, 0x34, 0xa5, 0x15, 0xa5, 0x34, 0xa5, 0x34, 0xa5, 0x35, 0xa5,
    0x34, 0xa5, 0x14, 0xa5, 0x34, 0xa5, 0x35, 0xad, 0x34, 0xa5, 0x34, 0xa5,
    0x35, 0xad, 0x34, 0xa5, 0x35, 0xad, 0x15, 0xad, 0x34, 0xa5, 0x34, 0xa5,
    0x35, 0xad, 0x35, 0xad, 0x14, 0xa5, 0x34, 0xa5, 0x35, 0xad, 0x34, 0xa5,
    0x34, 0xa5, 0x35, 0xad, 0x35, 0xad, 0x15, 0xad, 0x34, 0xa5, 0x34, 0xa5,
    0x35, 0xad, 0x34, 0xa5, 0x34, 0xa5, 0x35, 0xad, 0x34, 0xa5, 0x15, 0xad,
    0x15, 0xad, 0x35, 0xad, 0x34, 0xa5, 0x34, 0xa5, 0x34, 0xa5, 0x14, 0xa5,
    0x15, 0xa5, 0x35, 0xad, 0x34, 0xa5, 0x34, 0xa5, 0x14, 0xa5, 0x34, 0xa5,
    0x35, 0xad, 0x35, 0xa5, 0x14, 0xad, 0x34, 0xad, 0x34, 0xa5, 0x34, 0xa5,
    0x14, 0xa5, 0x35, 0xad, 0x34, 0xad, 0x34, 0xa5, 0x15, 0xa5, 0x35, 0xad,
    0x34, 0xa5, 0x34, 0xa5, 0x34, 0xa5, 0x15, 0xa5, 0x14, 0xad, 0x34, 0xad,
    0x35, 0xa5, 0x14, 0xa5, 0x35, 0xa5, 0x34, 0xa5, 0x14, 0xa5, 0x35, 0xad,
    0xf3, 0x9c, 0xc7, 0x39, 0x21, 0x00, 0x41, 0x08, 0x61, 0x08, 0x65, 0x29,
    0xc7, 0x39, 0xc7, 0x39, 0xc7, 0x39, 0xc7, 0x39, 0x04, 0x21, 0x41, 0x08,
    0x41, 0x08, 0xc3, 0x18, 0xa7, 0x39, 0xa6, 0x31, 0xa3, 0x10, 0x41, 0x08,
    0x61, 0x08, 0x62, 0x08, 0x24, 0x21, 0xa6, 0x39, 0xa7, 0x31, 0xa7, 0x39,
    0xa6, 0x31, 0xa6, 0x31, 0xa6, 0x31, 0x86, 0x31, 0xa3, 0x18, 0x41, 0x08,
    0x41, 0x08, 0xc3, 0x18, 0x86, 0x31, 0x86, 0x31, 0x86, 0x31, 0x45, 0x29,
    0xe4, 0x20, 0x82, 0x10, 0x62, 0x10, 0xc3, 0x18, 0x04, 0x21, 0x45, 0x29,
    0x66, 0x29, 0x65, 0x29, 0x65, 0x29, 0x46, 0x29, 0x45, 0x29, 0x45, 0x29,
    0x45, 0x29, 0x45, 0x29, 0x45, 0x29, 0x45, 0x29, 0xa3, 0x18, 0x41, 0x08,
    0x41, 0x08, 0x62, 0x08, 0x82, 0x10, 0xc3, 0x18, 0xe4, 0x20, 0x04, 0x21,
    0x25, 0x21, 0x45, 0x29, 0x86, 0x31, 0xa7, 0x39, 0xe8, 0x39, 0x08, 0x42,
    0x08, 0x42, 0x08, 0x42, 0x08, 0x42, 0x28, 0x42, 0x08, 0x42, 0x09, 0x42,
    0x28, 0x42, 0x28, 0x4a, 0x09, 0x42, 0x08, 0x42, 0x08, 0x42, 0x28, 0x42,
    0x09, 0x42, 0x08, 0x42, 0x49, 0x4a, 0x4d, 0x6b, 0x10, 0x7c, 0x72, 0x94,
    0xd3, 0x9c, 0x14, 0xa5, 0x34, 0xa5, 0x35, 0xad, 0x14, 0xa5, 0x14, 0xad,
    0x34, 0xad, 0x15, 0xa5, 0x34, 0xad, 0x14, 0xa5, 0x35, 0xa5, 0x34, 0xad,
    0x34, 0xad, 0x34, 0xa5, 0x14, 0xa5, 0x14, 0xa5, 0x35, 0xa5, 0x34, 0xad,
    0x14, 0xa5, 0x34, 0xa5, 0x34, 0xa5, 0x15, 0xa5, 0x34, 0xa5, 0x34, 0xad,
    0x35, 0xa5, 0x35, 0xad, 0x34, 0xad, 0x14, 0xa5, 0x34, 0xa5, 0x35, 0xa5,
    0x34, 0xa5, 0x35, 0xad, 0x35, 0xad, 0x34, 0xa5, 0x15, 0xad, 0x34, 0xa5,
    0x34, 0xa5, 0x34, 0xa5, 0x15, 0xad, 0x34, 0xa5, 0x35, 0xad, 0x34, 0xa5,
    0x34, 0xa5, 0x15, 0xad, 0x34, 0xa5, 0x34, 0xa5, 0x34, 0xa5, 0x15, 0xad,
    0x35, 0xad, 0x34, 0xa5, 0x34, 0xa5, 0x34, 0xa5, 0x35, 0xad, 0x34, 0xa5,
    0x14, 0xa5, 0x15, 0xad, 0x34, 0xa5, 0x15, 0xad, 0x14, 0xa5, 0x34, 0xa5,
    0x34, 0xa5, 0x34, 0xa5, 0x15, 0xad, 0x34, 0xa5, 0x14, 0xa5, 0x34, 0xad,
    0x34, 0xad, 0x34, 0xa5, 0x35, 0xad, 0x35, 0xad, 0x34, 0xa5, 0x34, 0xa5,
    0x35, 0xad, 0x14, 0xa5, 0x34, 0xa5, 0x35, 0xa5, 0x35, 0xa5, 0x14, 0xa5,
    0x34, 0xad, 0x34, 0xa5, 0x35, 0xa5, 0x15, 0xad, 0x34, 0xa5, 0x34, 0xa5,
    0x34, 0xad, 0x34, 0xad, 0x15, 0xa5, 0x34, 0xa5, 0x34, 0xa5, 0x35, 0xa5,
    0x14, 0xad, 0x34, 0xa5, 0x34, 0xad, 0x34, 0xad, 0x34, 0xa5, 0x55, 0xad,
    0xf0, 0x83, 0xc3, 0x18, 0x41, 0x08, 0x41, 0x08, 0xa3, 0x18, 0xa7, 0x31,
    0xc7, 0x39, 0xc7, 0x39, 0xc7, 0x39, 0xa7, 0x31, 0x82, 0x10, 0x41, 0x08,
    0x62, 0x08, 0x25, 0x29, 0xc7, 0x39, 0x86, 0x31, 0xe3, 0x18, 0x62, 0x10,
    0x42, 0x08, 0x62, 0x10, 0x45, 0x29, 0xa7, 0x39, 0xa7, 0x39, 0xa6, 0x31,
    0xa6, 0x31, 0xa7, 0x39, 0xa7, 0x39, 0x45, 0x29, 0x61, 0x08, 0x41, 0x08,
    0x62, 0x08, 0x25, 0x29, 0xa6, 0x31, 0x86, 0x31, 0x87, 0x31, 0x66, 0x31,
    0x24, 0x21, 0xc3, 0x18, 0x62, 0x08, 0x82, 0x10, 0xe4, 0x18, 0x25, 0x29,
    0x65, 0x29, 0x65, 0x29, 0x66, 0x31, 0x45, 0x29, 0x66, 0x31, 0x45, 0x29,
    0x45, 0x29, 0x45, 0x29, 0x45, 0x29, 0x25, 0x29, 0x62, 0x08, 0x41, 0x08,
    0x42, 0x08, 0x41, 0x08, 0x62, 0x10, 0xa3, 0x10, 0xe4, 0x20, 0x24, 0x21,
    0x04, 0x21, 0x25, 0x29, 0x66, 0x29, 0x86, 0x31, 0xc7, 0x39, 0x08, 0x42,
    0x08, 0x42, 0x08, 0x42, 0x08, 0x42, 0x08, 0x42, 0x08, 0x42, 0x08, 0x42,
    0x08, 0x42, 0x29, 0x42, 0x28, 0x42, 0x28, 0x42, 0x28, 0x4a, 0x08, 0x42,
    0x08, 0x42, 0x29, 0x4a, 0x08, 0x42, 0x8a, 0x52, 0x6e, 0x73, 0x30, 0x84,
    0x92, 0x94, 0xf3, 0x9c, 0x14, 0xa5, 0x34, 0xa5, 0x34, 0xad, 0x34, 0xa5,
    0x35, 0xa5, 0x34, 0xad, 0x35, 0xa5, 0x34, 0xad, 0x34, 0xad, 0x34, 0xa5,
    0x14, 0xa5, 0x35, 0xad, 0x35, 0xa5, 0x34, 0xad, 0x34, 0xad, 0x14, 0xa5,
    0x35, 0xad, 0x35, 0xa5, 0x15, 0xad, 0x34, 0xad, 0x34, 0xa5, 0x34, 0xa5,
    0x34, 0xad, 0x14, 0xa5, 0x34, 0xad, 0x35, 0xad, 0x35, 0xad, 0x14, 0xad,
    0x34, 0xa5, 0x15, 0xad, 0x34, 0xa5, 0x34, 0xa5, 0x14, 0xa5, 0x35, 0xad,
    0x35, 0xad, 0x14, 0xa5, 0x34, 0xa5, 0x34, 0xa5, 0x34, 0xa5, 0x15, 0xad,
    0x34, 0xa5, 0x34, 0xa5, 0x35, 0xad, 0x35, 0xad, 0x14, 0xa5, 0x34, 0xa5,
    0x15, 0xad, 0x34, 0xa5, 0x34, 0xa5, 0x14, 0xa5, 0x34, 0xa5, 0x35, 0xad,
    0x35, 0xad, 0x34, 0xa5, 0x35, 0xad, 0x34, 0xa5, 0x34, 0xa5, 0x34, 0xa5,
    0x35, 0xad, 0x14, 0xa5, 0x34, 0xa5, 0x35, 0xad, 0x35, 0xad, 0x35, 0xa5,
    0x35, 0xa5, 0x34, 0xad, 0x14, 0xa5, 0x15, 0xa5, 0x35, 0xad, 0x34, 0xad,
    0x14, 0xa5, 0x35, 0xad, 0x34, 0xa5, 0x14, 0xa5, 0x35, 0xad, 0x35, 0xad,
    0x35, 0xa5, 0x34, 0xa5, 0x14, 0xa5, 0x34, 0xa5, 0x35, 0xad, 0x34, 0xa5,
    0x35, 0xa5, 0x15, 0xa5, 0x34, 0xad, 0x34, 0xad, 0x35, 0xa5, 0x34, 0xad,
    0x35, 0xa5, 0x35, 0xad, 0x34, 0xa5, 0x15, 0xa5, 0x35, 0xad, 0x14, 0xa5,
    0x8a, 0x52, 0x41, 0x08, 0x41, 0x08, 0x41, 0x08, 0x24, 0x21, 0xc7, 0x39,
    0xc7, 0x39, 0xc7, 0x39, 0xe8, 0x39, 0x25, 0x29, 0x41, 0x08, 0x41, 0x08,
    0x83, 0x10, 0xa6, 0x31, 0xc7, 0x39, 0xa6, 0x31, 0x25, 0x29, 0xa2, 0x10,
    0x41, 0x08, 0x82, 0x10, 0x25, 0x29, 0x86, 0x31, 0xa7, 0x31, 0xa6, 0x39,
    0xa7, 0x39, 0xa7, 0x31, 0xa6, 0x31, 0xc3, 0x18, 0x41, 0x08, 0x62, 0x08,
    0xa3, 0x18, 0x86, 0x31, 0x86, 0x31, 0x86, 0x31, 0x86, 0x31, 0x86, 0x31,
    0x45, 0x29, 0x04, 0x21, 0x82, 0x10, 0x61, 0x08, 0xa3, 0x18, 0x04, 0x21,
    0x45, 0x29, 0x66, 0x29, 0x66, 0x31, 0x45, 0x29, 0x45, 0x29, 0x65, 0x29,
    0x45, 0x29, 0x45, 0x29, 0x45, 0x29, 0xc3, 0x18, 0x41, 0x08, 0x41, 0x08,
    0x41, 0x08, 0x41, 0x08, 0x41, 0x08, 0x82, 0x10, 0x04, 0x21, 0x04, 0x21,
    0x04, 0x21, 0x04, 0x29, 0x45, 0x29, 0x86, 0x31, 0xa7, 0x31, 0xe7, 0x39,
    0x08, 0x42, 0x08, 0x42, 0x08, 0x42, 0x08, 0x42, 0x08, 0x42, 0x08, 0x42,
    0x08, 0x42, 0x08, 0x42, 0x08, 0x42, 0x08, 0x42, 0x29, 0x4a, 0x29, 0x42,
    0x28, 0x42, 0x08, 0x4a, 0x08, 0x42, 0x29, 0x4a, 0xcb, 0x5a, 0xaf, 0x7b,
    0x51, 0x8c, 0xb3, 0x9c, 0xf4, 0xa4, 0x34, 0xa5, 0x35, 0xa5, 0x35, 0xa5,
    0x34, 0xa5, 0x34, 0xa5, 0x34, 0xad, 0x15, 0xa5, 0x35, 0xa5, 0x35, 0xa5,
    0x15, 0xa5, 0x34, 0xa5, 0x34, 0xad, 0x35, 0xa5, 0x35, 0xa5, 0x14, 0xad,
    0x34, 0xa5, 0x34, 0xad, 0x34, 0xa5, 0x34, 0xa5, 0x35, 0xad, 0x35, 0xa5,
    0x14, 0xa5, 0x35, 0xa5, 0x35, 0xa5, 0x34, 0xa5, 0x14, 0xa5, 0x35, 0xa5,
    0x34, 0xa5, 0x34, 0xa5, 0x14, 0xa5, 0x35, 0xad, 0x34, 0xa5, 0x34, 0xa5,
    0x34, 0xa5, 0x15, 0xad, 0x35, 0xad, 0x34, 0xa5, 0x34, 0xa5, 0x14, 0xa5,
    0x35, 0xad, 0x34, 0xa5, 0x14, 0xa5, 0x34, 0xa5, 0x35, 0xad, 0x34, 0xa5,
    0x34, 0xa5, 0x15, 0xad, 0x15, 0xad, 0x35, 0xad, 0x14, 0xa5, 0x34, 0xa5,
    0x34, 0xa5, 0x34, 0xa5, 0x34, 0xa5, 0x15, 0xad, 0x34, 0xa5, 0x35, 0xad,
    0x15, 0xad, 0x34, 0xa5, 0x34, 0xa5, 0x34, 0xa5, 0x14, 0xa5, 0x34, 0xad,
    0x34, 0xa5, 0x15, 0xa5, 0x34, 0xa5, 0x34, 0xa5, 0x34, 0xa5, 0x14, 0xa5,
    0x35, 0xa5, 0x34, 0xa5, 0x35, 0xad, 0x34, 0xad, 0x14, 0xa5, 0x34, 0xa5,
    0x34, 0xa5, 0x15, 0xad, 0x35, 0xad, 0x34, 0xad, 0x34, 0xa5, 0x15, 0xad,
    0x14, 0xad, 0x34, 0xa5, 0x35, 0xa5, 0x35, 0xa5, 0x14, 0xad, 0x35, 0xa5,
    0x14, 0xa5, 0x34, 0xa5, 0x35, 0xa5, 0x14, 0xa5, 0x35, 0xad, 0x92, 0x94,
    0x45, 0x29, 0x21, 0x08, 0x21, 0x08, 0x82, 0x10, 0x86, 0x31, 0xe7, 0x39,
    0xc7, 0x39, 0xc7, 0x39, 0xc7, 0x39, 0xc3, 0x18, 0x41, 0x08, 0x41, 0x08,
    0x04, 0x21, 0xc7, 0x39, 0xc7, 0x39, 0xa7, 0x39, 0x86, 0x31, 0xe3, 0x18,
    0x62, 0x08, 0x82, 0x10, 0x04, 0x21, 0x66, 0x29, 0xa6, 0x39, 0xa7, 0x39,
    0xa6, 0x31, 0xa6, 0x31, 0x66, 0x31, 0x62, 0x08, 0x41, 0x08, 0x62, 0x10,
    0x25, 0x21, 0xa6, 0x39, 0x86, 0x31, 0x86, 0x31, 0x86, 0x31, 0x86, 0x31,
    0x66, 0x31, 0x25, 0x21, 0xc3, 0x18, 0x62, 0x10, 0x82, 0x10, 0xc3, 0x18,
    0x24, 0x21, 0x45, 0x29, 0x66, 0x29, 0x65, 0x29, 0x45, 0x29, 0x45, 0x29,
    0x46, 0x29, 0x45, 0x29, 0x25, 0x29, 0x62, 0x08, 0x41, 0x08, 0x41, 0x08,
    0x41, 0x08, 0x41, 0x08, 0x41, 0x08, 0xa3, 0x18, 0x25, 0x21, 0x24, 0x21,
    0x04, 0x21, 0x05, 0x21, 0x25, 0x29, 0x45, 0x29, 0x86, 0x31, 0xa7, 0x39,
    0xe8, 0x41, 0x08, 0x42, 0x08, 0x42, 0x08, 0x42, 0x08, 0x42, 0x08, 0x42,
    0x08, 0x42, 0x08, 0x42, 0x08, 0x42, 0x08, 0x42, 0x28, 0x42, 0x08, 0x42,
    0x08, 0x42, 0x28, 0x42, 0x29, 0x42, 0x08, 0x42, 0x49, 0x4a, 0x2d, 0x63,
    0xef, 0x7b, 0x71, 0x8c, 0xd3, 0x9c, 0x14, 0xa5, 0x34, 0xad, 0x15, 0xad,
    0x34, 0xad, 0x15, 0xa5, 0x14, 0xa5, 0x34, 0xa5, 0x34, 0xa5, 0x14, 0xad,
    0x34, 0xad, 0x35, 0xad, 0x34, 0xa5, 0x14, 0xa5, 0x34, 0xad, 0x35, 0xa5,
    0x35, 0xa5, 0x34, 0xa5, 0x14, 0xad, 0x35, 0xa5, 0x34, 0xa5, 0x15, 0xad,
    0x35, 0xad, 0x34, 0xad, 0x34, 0xa5, 0x14, 0xa5, 0x35, 0xa5, 0x34, 0xad,
    0x34, 0xa5, 0x15, 0xad, 0x35, 0xad, 0x34, 0xa5, 0x35, 0xad, 0x14, 0xa5,
    0x35, 0xad, 0x34, 0xa5, 0x34, 0xa5, 0x35, 0xad, 0x15, 0xad, 0x35, 0xad,
    0x34, 0xa5, 0x15, 0xad, 0x34, 0xa5, 0x34, 0xa5, 0x14, 0xa5, 0x35, 0xad,
    0x35, 0xad, 0x34, 0xa5, 0x34, 0xa5, 0x34, 0xa5, 0x35, 0xad, 0x35, 0xad,
    0x14, 0xa5, 0x14, 0xa5, 0x35, 0xad, 0x34, 0xa5, 0x35, 0xad, 0x34, 0xa5,
    0x34, 0xa5, 0x35, 0xad, 0x35, 0xad, 0x15, 0xad, 0x34, 0xa5, 0x34, 0xa5,
    0x14, 0xad, 0x34, 0xa5, 0x35, 0xad, 0x34, 0xad, 0x14, 0xa5, 0x35, 0xad,
    0x35, 0xad, 0x14, 0xa5, 0x34, 0xa5, 0x35, 0xa5, 0x34, 0xad, 0x34, 0xa5,
    0x14, 0xad, 0x34, 0xa5, 0x34, 0xa5, 0x35, 0xa5, 0x14, 0xa5, 0x34, 0xa5,
    0x34, 0xad, 0x35, 0xa5, 0x34, 0xa5, 0x34, 0xad, 0x14, 0xa5, 0x34, 0xa5,
    0x34, 0xad, 0x14, 0xad, 0x34, 0xad, 0x34, 0xad, 0x35, 0xad, 0x4d, 0x6b,
    0x62, 0x08, 0x41, 0x08, 0x41, 0x08, 0xe4, 0x20, 0xc7, 0x39, 0xc7, 0x39,
    0xc7, 0x39, 0xc7, 0x39, 0x66, 0x29, 0x61, 0x08, 0x41, 0x08, 0x62, 0x10,
    0x66, 0x29, 0xc7, 0x39, 0xc7, 0x39, 0xa7, 0x31, 0xa6, 0x31, 0x25, 0x29,
    0x82, 0x10, 0x41, 0x08, 0xa3, 0x18, 0x45, 0x29, 0x86, 0x31, 0xa7, 0x31,
    0xa6, 0x31, 0xa7, 0x39, 0x04, 0x21, 0x41, 0x08, 0x61, 0x08, 0x83, 0x10,
    0x86, 0x31, 0x86, 0x31, 0x86, 0x31, 0x87, 0x31, 0x86, 0x31, 0x86, 0x31,
    0x86, 0x31, 0x45, 0x29, 0x04, 0x21, 0xa3, 0x10, 0x42, 0x08, 0xa2, 0x10,
    0xe4, 0x20, 0x45, 0x29, 0x65, 0x29, 0x66, 0x31, 0x46, 0x29, 0x65, 0x29,
    0x45, 0x29, 0x45, 0x29, 0xc3, 0x18, 0x41, 0x08, 0x41, 0x08, 0x41, 0x08,
    0x62, 0x08, 0x62, 0x10, 0x62, 0x08, 0x04, 0x21, 0x24, 0x21, 0x24, 0x21,
    0x04, 0x21, 0x04, 0x21, 0x24, 0x21, 0x25, 0x29, 0x65, 0x29, 0x86, 0x31,
    0xc7, 0x39, 0x08, 0x42, 0x08, 0x42, 0x08, 0x42, 0x08, 0x42, 0x08, 0x42,
    0x08, 0x42, 0x08, 0x42, 0x08, 0x42, 0x08, 0x42, 0x08, 0x42, 0x08, 0x42,
    0x08, 0x42, 0x29, 0x42, 0x08, 0x42, 0x28, 0x42, 0x08, 0x42, 0x6a, 0x52,
    0x6d, 0x6b, 0x10, 0x84, 0x92, 0x94, 0xf3, 0x9c, 0x14, 0xa5, 0x34, 0xa5,
    0x35, 0xa5, 0x34, 0xad, 0x35, 0xad, 0x35, 0xad, 0x34, 0xad, 0x34, 0xa5,
    0x34, 0xa5, 0x34, 0xa5, 0x15, 0xa5, 0x34, 0xad, 0x35, 0xa5, 0x14, 0xa5,
    0x34, 0xad, 0x35, 0xa5, 0x15, 0xa5, 0x34, 0xad, 0x14, 0xa5, 0x34, 0xa5,
    0x34, 0xa5, 0x14, 0xa5, 0x34, 0xad, 0x35, 0xad, 0x34, 0xad, 0x34, 0xa5,
    0x34, 0xa5, 0x35, 0xad, 0x34, 0xa5, 0x34, 0xa5, 0x14, 0xa5, 0x35, 0xad,
    0x34, 0xa5, 0x34, 0xa5, 0x14, 0xa5, 0x34, 0xa5, 0x35, 0xad, 0x34, 0xa5,
    0x34, 0xa5, 0x34, 0xa5, 0x35, 0xad, 0x35, 0xad, 0x35, 0xad, 0x14, 0xa5,
    0x34, 0xa5, 0x34, 0xa5, 0x34, 0xa5, 0x34, 0xa5, 0x34, 0xa5, 0x35, 0xad,
    0x35, 0xad, 0x35, 0xad, 0x14, 0xa5, 0x34, 0xa5, 0x34, 0xa5, 0x15, 0xad,
    0x14, 0xa5, 0x34, 0xa5, 0x34, 0xa5, 0x34, 0xa5, 0x35, 0xad, 0x15, 0xa5,
    0x35, 0xa5, 0x35, 0xad, 0x34, 0xa5, 0x15, 0xa5, 0x35, 0xad, 0x34, 0xa5,
    0x34, 0xa5, 0x34, 0xad, 0x34, 0xad, 0x14, 0xa5, 0x35, 0xa5, 0x35, 0xad,
    0x15, 0xa5, 0x35, 0xad, 0x34, 0xa5, 0x14, 0xa5, 0x35, 0xad, 0x35, 0xa5,
    0x35, 0xa5, 0x34, 0xad, 0x14, 0xad, 0x34, 0xa5, 0x35, 0xa5, 0x34, 0xad,
    0x35, 0xa5, 0x35, 0xa5, 0x35, 0xa5, 0x35, 0xad, 0xf3, 0x9c, 0xe8, 0x41,
    0x20, 0x00, 0x21, 0x00, 0x61, 0x08, 0x65, 0x29, 0xc7, 0x39, 0xc7, 0x39,
    0xc7, 0x39, 0xc7, 0x39, 0xe4, 0x20, 0x41, 0x08, 0x41, 0x08, 0xc3, 0x18,
    0xc7, 0x39, 0xc7, 0x39, 0xc7, 0x39, 0xc7, 0x39, 0xa7, 0x39, 0x86, 0x31,
    0xe3, 0x18, 0x62, 0x08, 0x62, 0x10, 0xe4, 0x20, 0x65, 0x29, 0xa6, 0x31,
    0xa7, 0x39, 0x86, 0x31, 0x82, 0x10, 0x41, 0x08, 0x41, 0x08, 0x04, 0x21,
    0xa6, 0x31, 0xa6, 0x31, 0x86, 0x31, 0x86, 0x39, 0x86, 0x31, 0x86, 0x31,
    0x86, 0x31, 0x86, 0x31, 0x04, 0x21, 0xc3, 0x18, 0x82, 0x10, 0x62, 0x10,
    0xc3, 0x18, 0x04, 0x21, 0x45, 0x29, 0x65, 0x29, 0x65, 0x29, 0x46, 0x31,
    0x45, 0x29, 0x45, 0x29, 0xc3, 0x18, 0x82, 0x10, 0x61, 0x08, 0x62, 0x08,
    0x62, 0x10, 0x62, 0x08, 0xc3, 0x18, 0x24, 0x29, 0x24, 0x21, 0x05, 0x21,
    0x04, 0x21, 0x25, 0x21, 0x04, 0x21, 0x05, 0x21, 0x45, 0x29, 0x86, 0x31,
    0xa7, 0x31, 0xc7, 0x39, 0x08, 0x42, 0x08, 0x42, 0x08, 0x42, 0x08, 0x42,
    0x08, 0x42, 0x08, 0x42, 0x08, 0x42, 0x08, 0x42, 0x08, 0x42, 0x08, 0x42,
    0x08, 0x42, 0x08, 0x42, 0x08, 0x42, 0x08, 0x42, 0x28, 0x42, 0x08, 0x42,
    0xab, 0x5a, 0xae, 0x73, 0x31, 0x8c, 0x92, 0x94, 0xf4, 0x9c, 0x34, 0xa5,
    0x34, 0xa5, 0x14, 0xa5, 0x34, 0xa5, 0x34, 0xa5, 0x35, 0xa5, 0x15, 0xad,
    0x35, 0xa5, 0x34, 0xa5, 0x34, 0xad, 0x15, 0xa5, 0x34, 0xad, 0x34, 0xad,
    0x14, 0xa5, 0x34, 0xad, 0x34, 0xa5, 0x35, 0xa5, 0x35, 0xad, 0x34, 0xad,
    0x34, 0xa5, 0x35, 0xa5, 0x35, 0xa5, 0x14, 0xa5, 0x35, 0xa5, 0x35, 0xad,
    0x34, 0xa5, 0x14, 0xa5, 0x34, 0xa5, 0x35, 0xad, 0x14, 0xa5, 0x34, 0xa5,
    0x35, 0xad, 0x15, 0xad, 0x35, 0xad, 0x34, 0xa5, 0x14, 0xa5, 0x34, 0xa5,
    0x34, 0xa5, 0x15, 0xad, 0x34, 0xa5, 0x34, 0xa5, 0x34, 0xa5, 0x34, 0xa5,
    0x34, 0xa5, 0x15, 0xad, 0x15, 0xad, 0x35, 0xad, 0x14, 0xa5, 0x14, 0xa5,
    0x34, 0xa5, 0x34, 0xa5, 0x35, 0xad, 0x14, 0xa5, 0x35, 0xad, 0x34, 0xa5,
    0x34, 0xa5, 0x34, 0xa5, 0x15, 0xad, 0x14, 0xa5, 0x34, 0xa5, 0x34, 0xad,
    0x34, 0xad, 0x34, 0xa5, 0x34, 0xa5, 0x34, 0xad, 0x35, 0xa5, 0x34, 0xa5,
    0x14, 0xa5, 0x35, 0xa5, 0x35, 0xa5, 0x35, 0xad, 0x14, 0xa5, 0x34, 0xa5,
    0x34, 0xa5, 0x34, 0xa5, 0x35, 0xad, 0x34, 0xad, 0x34, 0xa5, 0x34, 0xad,
    0x14, 0xad, 0x34, 0xa5, 0x35, 0xa5, 0x15, 0xa5, 0x34, 0xad, 0x35, 0xa5,
    0x14, 0xa5, 0x34, 0xa5, 0x34, 0xa5, 0x35, 0xad, 0x10, 0x84, 0xc3, 0x18,
    0x21, 0x08, 0x21, 0x08, 0xc3, 0x18, 0xa6, 0x39, 0xc7, 0x39, 0xc7, 0x39,
    0xe7, 0x39, 0xa6, 0x31, 0x62, 0x10, 0x41, 0x08, 0x41, 0x08, 0x45, 0x29,
    0xc7, 0x39, 0xc7, 0x39, 0xa7, 0x39, 0xa7, 0x39, 0xc7, 0x31, 0xa6, 0x31,
    0x45, 0x29, 0xa3, 0x10, 0x41, 0x08, 0xa3, 0x18, 0x25, 0x29, 0x86, 0x31,
    0xa7, 0x39, 0x25, 0x29, 0x62, 0x08, 0x41, 0x08, 0x82, 0x10, 0x66, 0x29,
    0xa7, 0x39, 0x86, 0x31, 0x86, 0x31, 0xa6, 0x31, 0x86, 0x31, 0x86, 0x31,
    0x86, 0x31, 0x86, 0x31, 0x04, 0x21, 0xc3, 0x18, 0xa3, 0x10, 0x61, 0x08,
    0x82, 0x10, 0xe4, 0x20, 0x25, 0x21, 0x45, 0x29, 0x45, 0x29, 0x65, 0x29,
    0x45, 0x29, 0x25, 0x29, 0xe4, 0x18, 0xa3, 0x10, 0x82, 0x10, 0x82, 0x10,
    0x62, 0x10, 0x62, 0x10, 0x04, 0x21, 0x25, 0x21, 0x25, 0x21, 0x04, 0x29,
    0x05, 0x29, 0x04, 0x21, 0x04, 0x21, 0x04, 0x21, 0x25, 0x29, 0x45, 0x29,
    0x86, 0x31, 0xa7, 0x39, 0xe8, 0x39, 0x08, 0x42, 0x08, 0x42, 0x08, 0x42,
    0x08, 0x42, 0x08, 0x42, 0x08, 0x42, 0x08, 0x42, 0x08, 0x42, 0x08, 0x42,
    0x08, 0x42, 0x08, 0x42, 0x08, 0x42, 0x08, 0x42, 0x08, 0x42, 0x08, 0x42,
    0x29, 0x4a, 0x0c, 0x63, 0xcf, 0x7b, 0x71, 0x8c, 0xd3, 0x9c, 0x14, 0xa5,
    0x34, 0xad, 0x35, 0xad, 0x34, 0xa5, 0x15, 0xa5, 0x14, 0xa5, 0x34, 0xa5,
    0x14, 0xad, 0x35, 0xad, 0x15, 0xa5, 0x34, 0xad, 0x34, 0xa5, 0x35, 0xa5,
    0x35, 0xa5, 0x15, 0xa5, 0x34, 0xad, 0x34, 0xad, 0x34, 0xa5, 0x15, 0xa5,
    0x35, 0xad, 0x34, 0xad, 0x14, 0xad, 0x35, 0xa5, 0x34, 0xa5, 0x14, 0xa5,
    0x34, 0xa5, 0x35, 0xad, 0x15, 0xad, 0x34, 0xa5, 0x35, 0xad, 0x34, 0xa5,
    0x14, 0xa5, 0x34, 0xa5, 0x34, 0xa5, 0x35, 0xad, 0x34, 0xa5, 0x35, 0xad,
    0x35, 0xad, 0x15, 0xad, 0x34, 0xa5, 0x14, 0xa5, 0x15, 0xad, 0x34, 0xa5,
    0x35, 0xad, 0x35, 0xad, 0x34, 0xa5, 0x34, 0xa5, 0x35, 0xad, 0x34, 0xa5,
    0x14, 0xa5, 0x34, 0xa5, 0x34, 0xa5, 0x35, 0xad, 0x14, 0xa5, 0x35, 0xad,
    0x35, 0xad, 0x35, 0xad, 0x34, 0xa5, 0x35, 0xad, 0x34, 0xa5, 0x35, 0xa5,
    0x14, 0xa5, 0x14, 0xa5, 0x35, 0xad, 0x14, 0xad, 0x34, 0xa5, 0x34, 0xad,
    0x15, 0xad, 0x35, 0xad, 0x34, 0xa5, 0x34, 0xa5, 0x34, 0xad, 0x34, 0xad,
    0x35, 0xad, 0x34, 0xa5, 0x14, 0xa5, 0x15, 0xad, 0x35, 0xa5, 0x34, 0xa5,
    0x34, 0xa5, 0x15, 0xa5, 0x34, 0xa5, 0x34, 0xad, 0x35, 0xa5, 0x34, 0xad,
    0x14, 0xad, 0x35, 0xad, 0x34, 0xad, 0x14, 0xa5, 0xab, 0x52, 0x41, 0x08,
    0x21, 0x08, 0x41, 0x08, 0x24, 0x21, 0xc7, 0x39, 0xc7, 0x39, 0xc7, 0x39,
    0xc7, 0x39, 0x25, 0x29, 0x41, 0x08, 0x41, 0x08, 0xa2, 0x10, 0xa7, 0x31,
    0xc7, 0x39, 0xc7, 0x39, 0xa7, 0x39, 0xc6, 0x31, 0xa7, 0x39, 0xa7, 0x39,
    0x66, 0x31, 0xe3, 0x18, 0x62, 0x10, 0x62, 0x10, 0xe4, 0x18, 0x65, 0x29,
    0xa6, 0x31, 0x24, 0x21, 0xc3, 0x18, 0xc3, 0x18, 0x04, 0x21, 0x87, 0x31,
    0x86, 0x31, 0xa6, 0x31, 0x87, 0x31, 0x86, 0x31, 0x86, 0x31, 0x86, 0x31,
    0x87, 0x31, 0x45, 0x29, 0xc3, 0x18, 0xe4, 0x20, 0xc3, 0x18, 0x62, 0x10,
    0x62, 0x08, 0xa3, 0x18, 0x04, 0x21, 0x45, 0x29, 0x66, 0x29, 0x46, 0x29,
    0x45, 0x29, 0x25, 0x29, 0x04, 0x21, 0xe4, 0x18, 0xa3, 0x18, 0x82, 0x10,
    0x82, 0x10, 0xc3, 0x18, 0x25, 0x29, 0x25, 0x21, 0x24, 0x21, 0x24, 0x21,
    0x24, 0x21, 0x04, 0x21, 0x04, 0x21, 0x04, 0x21, 0x04, 0x21, 0x25, 0x29,
    0x65, 0x29, 0xa6, 0x31, 0xc7, 0x39, 0xe8, 0x41, 0x08, 0x42, 0x08, 0x42,
    0x08, 0x42, 0x08, 0x42, 0x08, 0x42, 0x08, 0x42, 0x08, 0x42, 0x08, 0x42,
    0x08, 0x42, 0x08, 0x42, 0x08, 0x42, 0x08, 0x42, 0x08, 0x42, 0x08, 0x42,
    0x08, 0x42, 0x69, 0x4a, 0x4d, 0x6b, 0xf0, 0x83, 0x72, 0x94, 0xd3, 0x9c,
    0x14, 0xa5, 0x35, 0xa5, 0x35, 0xad, 0x34, 0xad, 0x34, 0xad, 0x34, 0xa5,
    0x35, 0xa5, 0x34, 0xa5, 0x34, 0xad, 0x34, 0xa5, 0x35, 0xa5, 0x14, 0xa5,
    0x34, 0xad, 0x34, 0xad, 0x35, 0xa5, 0x34, 0xa5, 0x14, 0xa5, 0x34, 0xa5,
    0x34, 0xa5, 0x15, 0xa5, 0x34, 0xa5, 0x34, 0xad, 0x34, 0xad, 0x34, 0xad,
    0x34, 0xa5, 0x15, 0xad, 0x34, 0xa5, 0x34, 0xa5, 0x34, 0xa5, 0x35, 0xad,
    0x35, 0xad, 0x34, 0xa5, 0x34, 0xa5, 0x14, 0xa5, 0x35, 0xad, 0x34, 0xa5,
    0x14, 0xa5, 0x34, 0xa5, 0x34, 0xa5, 0x35, 0xad, 0x35, 0xad, 0x15, 0xad,
    0x34, 0xa5, 0x34, 0xa5, 0x34, 0xa5, 0x14, 0xa5, 0x34, 0xa5, 0x35, 0xad,
    0x35, 0xad, 0x15, 0xad, 0x35, 0xad, 0x34, 0xa5, 0x34, 0xa5, 0x34, 0xa5,
    0x14, 0xa5, 0x14, 0xa5, 0x35, 0xad, 0x34, 0xa5, 0x15, 0xad, 0x34, 0xa5,
    0x35, 0xad, 0x35, 0xa5, 0x34, 0xa5, 0x35, 0xa5, 0x14, 0xa5, 0x35, 0xa5,
    0x34, 0xa5, 0x34, 0xa5, 0x14, 0xad, 0x14, 0xa5, 0x35, 0xa5, 0x35, 0xa5,
    0x14, 0xa5, 0x35, 0xad, 0x34, 0xa5, 0x34, 0xa5, 0x14, 0xad, 0x35, 0xa5,
    0x15, 0xa5, 0x34, 0xad, 0x34, 0xad, 0x35, 0xa5, 0x34, 0xad, 0x14, 0xa5,
    0x35, 0xa5, 0x34, 0xa5, 0x35, 0xad, 0x92, 0x94, 0x45, 0x29, 0x20, 0x00,
    0x21, 0x00, 0x82, 0x10, 0x86, 0x31, 0xc7, 0x39, 0xe7, 0x39, 0xc7, 0x39,
    0xc7, 0x39, 0xa3, 0x18, 0x21, 0x08, 0x41, 0x08, 0x04, 0x21, 0xc7, 0x39,
    0xc7, 0x39, 0xa7, 0x39, 0xc7, 0x31, 0xc7, 0x39, 0xa6, 0x39, 0xc7, 0x31,
    0xa6, 0x31, 0x25, 0x29, 0xa2, 0x10, 0x41, 0x08, 0xa2, 0x10, 0x25, 0x29,
    0x86, 0x31, 0x45, 0x29, 0x45, 0x29, 0x25, 0x21, 0x66, 0x31, 0xa6, 0x39,
    0xa6, 0x31, 0x86, 0x31, 0x86, 0x31, 0x86, 0x39, 0x86, 0x31, 0x86, 0x31,
    0x86, 0x31, 0xc3, 0x18, 0xc3, 0x18, 0xe3, 0x18, 0xc3, 0x18, 0xc3, 0x18,
    0x61, 0x08, 0x82, 0x10, 0xe3, 0x18, 0x04, 0x21, 0x45, 0x29, 0x65, 0x29,
    0x45, 0x29, 0x45, 0x29, 0x25, 0x29, 0x04, 0x21, 0xc3, 0x18, 0xa3, 0x10,
    0x82, 0x10, 0x04, 0x21, 0x25, 0x29, 0x24, 0x21, 0x24, 0x29, 0x24, 0x21,
    0x05, 0x21, 0x04, 0x21, 0x24, 0x21, 0x04, 0x21, 0x04, 0x21, 0x05, 0x21,
    0x45, 0x29, 0x66, 0x31, 0xa7, 0x31, 0xc7, 0x39, 0x08, 0x42, 0x08, 0x42,
    0x08, 0x42, 0xe8, 0x41, 0xe8, 0x41, 0x08, 0x42, 0x08, 0x42, 0x08, 0x42,
    0x08, 0x42, 0x08, 0x42, 0x08, 0x42, 0x08, 0x42, 0x08, 0x42, 0x08, 0x42,
    0x08, 0x42, 0x08, 0x42, 0xaa, 0x52, 0x8e, 0x73, 0x30, 0x84, 0x92, 0x94,
    0xf3, 0x9c, 0x14, 0xa5, 0x34, 0xa5, 0x34, 0xa5, 0x35, 0xa5, 0x35, 0xad,
    0x34, 0xad, 0x14, 0xa5, 0x34, 0xa5, 0x35, 0xa5, 0x14, 0xad, 0x35, 0xad,
    0x34, 0xa5, 0x34, 0xa5, 0x34, 0xa5, 0x15, 0xa5, 0x35, 0xad, 0x35, 0xad,
    0x14, 0xad, 0x34, 0xa5, 0x35, 0xa5, 0x34, 0xa5, 0x15, 0xa5, 0x35, 0xa5,
    0x34, 0xa5, 0x34, 0xa5, 0x34, 0xa5, 0x35, 0xad, 0x14, 0xa5, 0x34, 0xa5,
    0x15, 0xad, 0x14, 0xa5, 0x35, 0xad, 0x35, 0xad, 0x14, 0xa5, 0x14, 0xa5,
    0x35, 0xad, 0x34, 0xa5, 0x34, 0xa5, 0x34, 0xa5, 0x34, 0xa5, 0x34, 0xa5,
    0x14, 0xa5, 0x14, 0xa5, 0x35, 0xad, 0x35, 0xad, 0x14, 0xa5, 0x34, 0xa5,
    0x34, 0xa5, 0x34, 0xa5, 0x34, 0xa5, 0x14, 0xa5, 0x35, 0xad, 0x35, 0xad,
    0x34, 0xa5, 0x34, 0xa5, 0x14, 0xa5, 0x34, 0xa5, 0x34, 0xa5, 0x14, 0xad,
    0x34, 0xa5, 0x35, 0xad, 0x14, 0xad, 0x34, 0xa5, 0x35, 0xa5, 0x14, 0xad,
    0x34, 0xa5, 0x34, 0xa5, 0x35, 0xa5, 0x35, 0xad, 0x34, 0xad, 0x14, 0xa5,
    0x35, 0xa5, 0x14, 0xa5, 0x35, 0xad, 0x35, 0xa5, 0x34, 0xa5, 0x34, 0xad,
    0x34, 0xad, 0x35, 0xa5, 0x35, 0xa5, 0x14, 0xad, 0x14, 0xa5, 0x35, 0xa5,
    0x34, 0xa5, 0x34, 0xa5, 0x35, 0xad, 0x6d, 0x6b, 0x62, 0x10, 0x20, 0x08,
    0x41, 0x08, 0x04, 0x21, 0xc7, 0x39, 0xc7, 0x39, 0xc7, 0x39, 0xc8, 0x39,
    0x66, 0x29, 0x41, 0x08, 0x41, 0x08, 0x62, 0x10, 0x86, 0x31, 0xc7, 0x39,
    0xc7, 0x39, 0xa7, 0x39, 0xa7, 0x31, 0xa7, 0x39, 0xc7, 0x39, 0xc7, 0x39,
    0xa6, 0x31, 0x86, 0x31, 0xe4, 0x18, 0x62, 0x10, 0x62, 0x08, 0xe3, 0x18,
    0x45, 0x29, 0x86, 0x31, 0x86, 0x31, 0x66, 0x31, 0xa6, 0x31, 0xa6, 0x31,
    0x86, 0x31, 0x86, 0x31, 0x86, 0x31, 0xa6, 0x31, 0x86, 0x31, 0x86, 0x31,
    0x45, 0x29, 0x62, 0x10, 0xc3, 0x18, 0xa3, 0x10, 0x08, 0x42, 0x49, 0x4a,
    0x62, 0x10, 0x41, 0x08, 0xa3, 0x18, 0x04, 0x21, 0x25, 0x29, 0x45, 0x29,
    0x65, 0x29, 0x45, 0x29, 0x45, 0x29, 0x25, 0x21, 0xe4, 0x20, 0xa3, 0x18,
    0xc3, 0x18, 0x45, 0x21, 0x25, 0x21, 0x25, 0x29, 0x25, 0x21, 0x25, 0x29,
    0x04, 0x21, 0x24, 0x21, 0x05, 0x21, 0x04, 0x21, 0x04, 0x21, 0x04, 0x21,
    0x25, 0x21, 0x45, 0x29, 0x86, 0x31, 0xa7, 0x39, 0xe7, 0x39, 0xe8, 0x41,
    0x08, 0x42, 0x08, 0x42, 0x08, 0x42, 0x08, 0x42, 0x08, 0x42, 0x08, 0x42,
    0x08, 0x42, 0x08, 0x42, 0x08, 0x42, 0x08, 0x42, 0x08, 0x42, 0x08, 0x42,
    0x08, 0x42, 0x08, 0x42, 0x28, 0x42, 0xec, 0x5a, 0xaf, 0x7b, 0x51, 0x8c,
    0xb2, 0x9c, 0xf4, 0xa4, 0x34, 0xa5, 0x35, 0xad, 0x14, 0xa5, 0x34, 0xa5,
    0x14, 0xa5, 0x35, 0xad, 0x35, 0xa5, 0x14, 0xad, 0x35, 0xa5, 0x34, 0xa5,
    0x35, 0xa5, 0x15, 0xa5, 0x15, 0xad, 0x34, 0xad, 0x34, 0xa5, 0x34, 0xa5,
    0x35, 0xa5, 0x34, 0xad, 0x34, 0xad, 0x15, 0xad, 0x34, 0xa5, 0x14, 0xa5,
    0x34, 0xa5, 0x15, 0xad, 0x35, 0xad, 0x34, 0xa5, 0x15, 0xad, 0x34, 0xa5,
    0x34, 0xa5, 0x34, 0xa5, 0x35, 0xad, 0x34, 0xa5, 0x34, 0xa5, 0x35, 0xad,
    0x34, 0xa5, 0x35, 0xad, 0x15, 0xad, 0x14, 0xa5, 0x34, 0xa5, 0x34, 0xa5,
    0x35, 0xad, 0x35, 0xad, 0x35, 0xad, 0x34, 0xa5, 0x35, 0xad, 0x34, 0xa5,
    0x15, 0xad, 0x34, 0xa5, 0x34, 0xa5, 0x15, 0xad, 0x34, 0xa5, 0x14, 0xa5,
    0x35, 0xad, 0x35, 0xad, 0x35, 0xad, 0x34, 0xa5, 0x35, 0xad, 0x35, 0xa5,
    0x34, 0xa5, 0x14, 0xa5, 0x35, 0xa5, 0x34, 0xad, 0x34, 0xad, 0x35, 0xad,
    0x35, 0xad, 0x15, 0xad, 0x34, 0xa5, 0x34, 0xa5, 0x14, 0xa5, 0x34, 0xad,
    0x34, 0xad, 0x34, 0xad, 0x14, 0xa5, 0x34, 0xad, 0x35, 0xa5, 0x34, 0xa5,
    0x35, 0xa5, 0x14, 0xa5, 0x34, 0xad, 0x34, 0xa5, 0x35, 0xa5, 0x34, 0xad,
    0x35, 0xad, 0x35, 0xad, 0xf4, 0xa4, 0xe8, 0x39, 0x21, 0x00, 0x21, 0x08,
    0x61, 0x08, 0x65, 0x31, 0xc7, 0x39, 0xc7, 0x39, 0xc7, 0x39, 0xc7, 0x39,
    0xe3, 0x18, 0x41, 0x08, 0x41, 0x08, 0xe4, 0x18, 0xc7, 0x39, 0xc7, 0x39,
    0xc7, 0x39, 0xa7, 0x39, 0xc6, 0x39, 0xc6, 0x39, 0xa7, 0x39, 0xa7, 0x31,
    0xa6, 0x39, 0xa6, 0x31, 0x25, 0x21, 0xa2, 0x10, 0x41, 0x08, 0x82, 0x10,
    0x25, 0x29, 0x86, 0x31, 0xa7, 0x39, 0xa6, 0x31, 0xa6, 0x31, 0x87, 0x31,
    0x87, 0x31, 0x86, 0x31, 0x86, 0x39, 0x86, 0x31, 0x87, 0x31, 0x86, 0x31,
    0xe4, 0x18, 0x82, 0x10, 0x82, 0x10, 0xa3, 0x10, 0x10, 0x84, 0x8f, 0x73,
    0x25, 0x21, 0x41, 0x08, 0x62, 0x10, 0xc3, 0x18, 0x04, 0x21, 0x45, 0x29,
    0x65, 0x29, 0x46, 0x29, 0x45, 0x29, 0x25, 0x29, 0x04, 0x21, 0xe3, 0x18,
    0x24, 0x21, 0x45, 0x29, 0x25, 0x29, 0x24, 0x21, 0x24, 0x21, 0x25, 0x21,
    0x04, 0x21, 0x04, 0x21, 0x05, 0x29, 0x04, 0x21, 0x04, 0x21, 0x04, 0x21,
    0x04, 0x21, 0x25, 0x29, 0x65, 0x29, 0x86, 0x31, 0xc7, 0x39, 0xe8, 0x41,
    0x08, 0x42, 0x08, 0x42, 0x08, 0x3a, 0x08, 0x42, 0xe7, 0x41, 0x08, 0x3a,
    0x08, 0x42, 0x08, 0x42, 0x08, 0x42, 0x08, 0x42, 0x08, 0x42, 0x08, 0x42,
    0x08, 0x42, 0x08, 0x42, 0x08, 0x42, 0x49, 0x4a, 0x2c, 0x63, 0xf0, 0x7b,
    0x72, 0x94, 0xd3, 0x9c, 0x14, 0xa5, 0x34, 0xa5, 0x35, 0xad, 0x14, 0xa5,
    0x35, 0xa5, 0x34, 0xa5, 0x14, 0xad, 0x35, 0xa5, 0x34, 0xa5, 0x34, 0xad,
    0x14, 0xad, 0x34, 0xad, 0x34, 0xa5, 0x34, 0xad, 0x34, 0xa5, 0x14, 0xa5,
    0x34, 0xa5, 0x35, 0xa5, 0x15, 0xa5, 0x34, 0xa5, 0x34, 0xad, 0x34, 0xad,
    0x34, 0xa5, 0x35, 0xad, 0x14, 0xa5, 0x34, 0xa5, 0x34, 0xa5, 0x35, 0xad,
    0x35, 0xad, 0x34, 0xa5, 0x34, 0xa5, 0x14, 0xa5, 0x34, 0xa5, 0x35, 0xad,
    0x34, 0xa5, 0x34, 0xa5, 0x35, 0xad, 0x35, 0xad, 0x15, 0xad, 0x35, 0xad,
    0x34, 0xa5, 0x34, 0xa5, 0x34, 0xa5, 0x14, 0xa5, 0x34, 0xa5, 0x35, 0xad,
    0x34, 0xa5, 0x15, 0xad, 0x35, 0xad, 0x34, 0xa5, 0x35, 0xad, 0x34, 0xa5,
    0x14, 0xa5, 0x34, 0xa5, 0x34, 0xa5, 0x15, 0xad, 0x14, 0xa5, 0x34, 0xad,
    0x35, 0xad, 0x34, 0xa5, 0x34, 0xa5, 0x35, 0xa5, 0x14, 0xa5, 0x34, 0xa5,
    0x34, 0xa5, 0x14, 0xa5, 0x35, 0xad, 0x34, 0xad, 0x35, 0xa5, 0x35, 0xa5,
    0x35, 0xa5, 0x35, 0xa5, 0x34, 0xa5, 0x14, 0xa5, 0x34, 0xad, 0x15, 0xa5,
    0x14, 0xad, 0x34, 0xad, 0x34, 0xa5, 0x15, 0xa5, 0x34, 0xad, 0x34, 0xa5,
    0x14, 0xa5, 0x35, 0xad, 0x10, 0x84, 0xc3, 0x18, 0x20, 0x08, 0x21, 0x00,
    0xc3, 0x18, 0xa7, 0x31, 0xc7, 0x39, 0xc7, 0x39, 0xe7, 0x39, 0x86, 0x31,
    0x62, 0x10, 0x21, 0x08, 0x61, 0x08, 0x65, 0x29, 0xc7, 0x39, 0xc7, 0x39,
    0xa7, 0x31, 0xa6, 0x39, 0xc7, 0x39, 0xc7, 0x31, 0xa7, 0x39, 0xc6, 0x39,
    0xa7, 0x31, 0xa6, 0x39, 0x66, 0x31, 0xe3, 0x18, 0x62, 0x10, 0x62, 0x10,
    0xe3, 0x18, 0x45, 0x29, 0x87, 0x31, 0xa7, 0x31, 0x86, 0x31, 0x86, 0x39,
    0xa6, 0x31, 0x87, 0x31, 0xa6, 0x31, 0xa6, 0x31, 0x86, 0x31, 0x66, 0x31,
    0x82, 0x10, 0xa3, 0x10, 0x21, 0x08, 0x08, 0x42, 0x55, 0xad, 0x51, 0x8c,
    0x6a, 0x52, 0xa3, 0x10, 0x41, 0x08, 0xa2, 0x10, 0xe4, 0x20, 0x24, 0x21,
    0x45, 0x29, 0x45, 0x29, 0x45, 0x29, 0x45, 0x29, 0x25, 0x21, 0x24, 0x21,
    0x25, 0x29, 0x25, 0x29, 0x25, 0x21, 0x24, 0x29, 0x24, 0x21, 0x24, 0x29,
    0x04, 0x21, 0x24, 0x21, 0x04, 0x21, 0x24, 0x21, 0x04, 0x21, 0x04, 0x21,
    0x05, 0x21, 0x04, 0x21, 0x45, 0x29, 0x66, 0x31, 0xa7, 0x31, 0xc7, 0x39,
    0xe8, 0x41, 0x08, 0x42, 0x08, 0x42, 0x08, 0x42, 0x08, 0x42, 0x08, 0x42,
    0xe8, 0x41, 0xe8, 0x41, 0x08, 0x42, 0x08, 0x42, 0x08, 0x42, 0x08, 0x42,
    0x08, 0x42, 0x08, 0x42, 0x08, 0x42, 0x08, 0x42, 0x8a, 0x52, 0x6d, 0x6b,
    0x10, 0x84, 0x92, 0x94, 0xf3, 0x9c, 0x14, 0xa5, 0x34, 0xa5, 0x35, 0xad,
    0x34, 0xad, 0x35, 0xa5, 0x34, 0xa5, 0x34, 0xad, 0x34, 0xad, 0x15, 0xa5,
    0x34, 0xa5, 0x34, 0xa5, 0x35, 0xa5, 0x35, 0xa5, 0x15, 0xad, 0x35, 0xad,
    0x15, 0xad, 0x34, 0xad, 0x34, 0xa5, 0x34, 0xa5, 0x35, 0xa5, 0x35, 0xa5,
    0x34, 0xa5, 0x14, 0xa5, 0x34, 0xa5, 0x35, 0xad, 0x14, 0xa5, 0x34, 0xa5,
    0x14, 0xa5, 0x15, 0xad, 0x35, 0xad, 0x14, 0xa5, 0x35, 0xad, 0x34, 0xa5,
    0x15, 0xad, 0x14, 0xa5, 0x34, 0xa5, 0x34, 0xa5, 0x34, 0xa5, 0x34, 0xa5,
    0x14, 0xa5, 0x14, 0xa5, 0x35, 0xad, 0x34, 0xa5, 0x14, 0xa5, 0x35, 0xad,
    0x34, 0xa5, 0x34, 0xa5, 0x34, 0xa5, 0x14, 0xa5, 0x34, 0xa5, 0x35, 0xad,
    0x34, 0xa5, 0x35, 0xad, 0x14, 0xa5, 0x34, 0xa5, 0x35, 0xad, 0x34, 0xa5,
    0x34, 0xa5, 0x15, 0xad, 0x34, 0xad, 0x34, 0xad, 0x15, 0xa5, 0x35, 0xa5,
    0x34, 0xa5, 0x34, 0xa5, 0x34, 0xa5, 0x15, 0xa5, 0x34, 0xad, 0x34, 0xa5,
    0x34, 0xa5, 0x14, 0xad, 0x35, 0xa5, 0x35, 0xad, 0x35, 0xa5, 0x34, 0xad,
    0x34, 0xa5, 0x35, 0xa5, 0x35, 0xa5, 0x34, 0xad, 0x35, 0xa5, 0x35, 0xad,
    0x34, 0xa5, 0x14, 0xa5, 0xcb, 0x5a, 0x41, 0x08, 0x21, 0x08, 0x41, 0x08,
    0x25, 0x29, 0xc7, 0x39, 0xc7, 0x39, 0xe7, 0x39, 0xc7, 0x39, 0x05, 0x21,
    0x41, 0x08, 0x21, 0x08, 0xa3, 0x10, 0xa7, 0x39, 0xc7, 0x39, 0xc7, 0x39,
    0xa7, 0x39, 0xa7, 0x39, 0xc7, 0x31, 0xa7, 0x39, 0xa7, 0x31, 0xc7, 0x39,
    0xa6, 0x39, 0xa7, 0x39, 0xa6, 0x31, 0x25, 0x29, 0xa2, 0x10, 0x61, 0x08,
    0x82, 0x10, 0x24, 0x21, 0x86, 0x31, 0xa6, 0x39, 0xa6, 0x31, 0x86, 0x31,
    0xa6, 0x31, 0x86, 0x31, 0x86, 0x31, 0x86, 0x31, 0x86, 0x31, 0xe4, 0x20,
    0x82, 0x10, 0x82, 0x10, 0x41, 0x08, 0x51, 0x8c, 0xb7, 0xb5, 0xd3, 0x9c,
    0xaf, 0x7b, 0x86, 0x31, 0x42, 0x08, 0x62, 0x08, 0xa3, 0x18, 0x04, 0x21,
    0x25, 0x29, 0x45, 0x29, 0x45, 0x29, 0x45, 0x29, 0x25, 0x29, 0x25, 0x29,
    0x45, 0x21, 0x25, 0x29, 0x24, 0x21, 0x25, 0x21, 0x25, 0x29, 0x25, 0x21,
    0x24, 0x21, 0x04, 0x21, 0x05, 0x21, 0x04, 0x21, 0x04, 0x21, 0x04, 0x21,
    0x04, 0x21, 0x04, 0x21, 0x05, 0x21, 0x45, 0x29, 0x86, 0x31, 0xa7, 0x39,
    0xe7, 0x39, 0xe8, 0x41, 0xe8, 0x41, 0x08, 0x42, 0x08, 0x42, 0x08, 0x42,
    0x08, 0x42, 0x08, 0x3a, 0x07, 0x42, 0x08, 0x42, 0xe8, 0x39, 0x08, 0x42,
    0x08, 0x42, 0x08, 0x42, 0x08, 0x42, 0x08, 0x42, 0x08, 0x42, 0xcb, 0x5a,
    0xae, 0x73, 0x31, 0x8c, 0xb3, 0x9c, 0xf4, 0xa4, 0x34, 0xa5, 0x34, 0xa5,
    0x14, 0xa5, 0x34, 0xad, 0x35, 0xad, 0x14, 0xa5, 0x35, 0xa5, 0x34, 0xa5,
    0x35, 0xa5, 0x35, 0xad, 0x34, 0xad, 0x14, 0xa5, 0x34, 0xa5, 0x34, 0xa5,
    0x34, 0xa5, 0x14, 0xa5, 0x34, 0xad, 0x15, 0xad, 0x35, 0xad, 0x14, 0xa5,
    0x34, 0xa5, 0x35, 0xad, 0x35, 0xad, 0x34, 0xa5, 0x35, 0xad, 0x34, 0xa5,
    0x35, 0xad, 0x34, 0xa5, 0x34, 0xa5, 0x35, 0xad, 0x34, 0xa5, 0x14, 0xa5,
    0x34, 0xa5, 0x35, 0xad, 0x14, 0xa5, 0x34, 0xa5, 0x34, 0xa5, 0x35, 0xad,
    0x35, 0xad, 0x35, 0xad, 0x14, 0xa5, 0x35, 0xad, 0x35, 0xad, 0x34, 0xa5,
    0x14, 0xa5, 0x34, 0xa5, 0x35, 0xad, 0x35, 0xad, 0x34, 0xa5, 0x14, 0xa5,
    0x35, 0xad, 0x34, 0xa5, 0x35, 0xad, 0x34, 0xa5, 0x34, 0xa5, 0x35, 0xa5,
    0x14, 0xa5, 0x34, 0xa5, 0x15, 0xa5, 0x35, 0xa5, 0x34, 0xad, 0x34, 0xad,
    0x15, 0xad, 0x15, 0xad, 0x34, 0xa5, 0x34, 0xad, 0x14, 0xa5, 0x15, 0xad,
    0x34, 0xad, 0x14, 0xa5, 0x34, 0xad, 0x34, 0xa5, 0x34, 0xad, 0x14, 0xa5,
    0x35, 0xa5, 0x34, 0xa5, 0x34, 0xad, 0x15, 0xa5, 0x34, 0xa5, 0x34, 0xa5,
    0x35, 0xad, 0x92, 0x94, 0x45, 0x29, 0x20, 0x00, 0x21, 0x00, 0x82, 0x10,
    0x86, 0x31, 0xe7, 0x39, 0xc7, 0x39, 0xc7, 0x39, 0xa7, 0x39, 0xa2, 0x10,
    0x41, 0x08, 0x41, 0x08, 0x25, 0x21, 0xc7, 0x39, 0xc7, 0x39, 0xc7, 0x39,
    0xa7, 0x39, 0xc7, 0x31, 0xc6, 0x39, 0xa7, 0x39, 0xc6, 0x39, 0xa7, 0x31,
    0xa7, 0x39, 0xc7, 0x31, 0xa7, 0x31, 0x66, 0x31, 0xe3, 0x18, 0x62, 0x08,
    0x62, 0x08, 0xe4, 0x20, 0xa6, 0x31, 0xa6, 0x31, 0x87, 0x31, 0xa7, 0x39,
    0x86, 0x31, 0x86, 0x31, 0x87, 0x39, 0x87, 0x31, 0x86, 0x31, 0x82, 0x10,
    0xa2, 0x10, 0x41, 0x08, 0xa7, 0x39, 0xb7, 0xbd, 0xb7, 0xb5, 0x35, 0xa5,
    0x72, 0x94, 0xec, 0x5a, 0xc3, 0x18, 0x41, 0x08, 0x82, 0x10, 0xe4, 0x18,
    0x24, 0x21, 0x45, 0x29, 0x45, 0x29, 0x45, 0x29, 0x45, 0x29, 0x45, 0x29,
    0x25, 0x29, 0x45, 0x29, 0x25, 0x29, 0x24, 0x21, 0x24, 0x21, 0x25, 0x29,
    0x25, 0x21, 0x04, 0x29, 0x05, 0x21, 0x04, 0x21, 0x04, 0x21, 0x04, 0x21,
    0x04, 0x21, 0x04, 0x21, 0x04, 0x21, 0x25, 0x21, 0x65, 0x29, 0x86, 0x31,
    0xc7, 0x39, 0xe8, 0x41, 0x08, 0x42, 0xe8, 0x39, 0xe7, 0x39, 0x08, 0x42,
    0x08, 0x42, 0x08, 0x42, 0x08, 0x42, 0xe8, 0x41, 0x08, 0x42, 0x08, 0x42,
    0x08, 0x42, 0x08, 0x42, 0x08, 0x42, 0x08, 0x42, 0x08, 0x42, 0x28, 0x42,
    0x0c, 0x63, 0xef, 0x7b, 0x51, 0x8c, 0xd3, 0x9c, 0x14, 0xa5, 0x34, 0xa5,
    0x35, 0xad, 0x14, 0xa5, 0x34, 0xa5, 0x35, 0xa5, 0x14, 0xa5, 0x35, 0xad,
    0x34, 0xad, 0x14, 0xa5, 0x15, 0xa5, 0x34, 0xad, 0x34, 0xa5, 0x34, 0xad,
    0x34, 0xa5, 0x35, 0xa5, 0x35, 0xa5, 0x34, 0xa5, 0x34, 0xa5, 0x34, 0xad,
    0x34, 0xa5, 0x15, 0xad, 0x34, 0xa5, 0x34, 0xa5, 0x14, 0xa5, 0x35, 0xad,
    0x34, 0xa5, 0x34, 0xa5, 0x34, 0xa5, 0x14, 0xa5, 0x35, 0xad, 0x35, 0xad,
    0x34, 0xa5, 0x34, 0xa5, 0x35, 0xad, 0x15, 0xad, 0x35, 0xad, 0x14, 0xa5,
    0x34, 0xa5, 0x34, 0xa5, 0x34, 0xa5, 0x34, 0xa5, 0x35, 0xad, 0x14, 0xa5,
    0x35, 0xad, 0x35, 0xad, 0x14, 0xa5, 0x34, 0xa5, 0x35, 0xad, 0x15, 0xad,
    0x34, 0xa5, 0x34, 0xa5, 0x14, 0xa5, 0x35, 0xad, 0x34, 0xa5, 0x14, 0xad,
    0x35, 0xad, 0x35, 0xad, 0x34, 0xa5, 0x14, 0xa5, 0x34, 0xa5, 0x34, 0xad,
    0x34, 0xa5, 0x35, 0xa5, 0x34, 0xad, 0x35, 0xa5, 0x35, 0xa5, 0x34, 0xa5,
    0x35, 0xa5, 0x35, 0xad, 0x35, 0xa5, 0x34, 0xa5, 0x14, 0xa5, 0x35, 0xa5,
    0x34, 0xad, 0x35, 0xad, 0x14, 0xa5, 0x34, 0xad, 0x14, 0xad, 0x34, 0xa5,
    0x35, 0xad, 0x6e, 0x73, 0x62, 0x10, 0x20, 0x00, 0x21, 0x08, 0xe4, 0x20,
    0xc7, 0x39, 0xc7, 0x39, 0xc7, 0x39, 0xe7, 0x39, 0x45, 0x29, 0x41, 0x08,
    0x21, 0x08, 0x82, 0x10, 0x86, 0x31, 0xc7, 0x39, 0xc7, 0x39, 0xa7, 0x39,
    0xa7, 0x31, 0xc6, 0x39, 0xc7, 0x39, 0xa7, 0x31, 0xa7, 0x39, 0xa6, 0x39,
    0xa6, 0x31, 0xa7, 0x31, 0xa7, 0x39, 0xa6, 0x31, 0x45, 0x29, 0x82, 0x10,
    0x41, 0x08, 0x04, 0x21, 0xa7, 0x39, 0xa7, 0x31, 0x86, 0x31, 0xa6, 0x31,
    0xa7, 0x31, 0x86, 0x31, 0x86, 0x31, 0xa6, 0x31, 0x04, 0x21, 0x62, 0x10,
    0x82, 0x10, 0x21, 0x08, 0xf0, 0x83, 0xf8, 0xc5, 0xb7, 0xb5, 0x76, 0xad,
    0xf4, 0xa4, 0x31, 0x84, 0xe8, 0x39, 0x61, 0x08, 0x61, 0x08, 0xa3, 0x18,
    0xe4, 0x20, 0x25, 0x21, 0x45, 0x29, 0x45, 0x29, 0x45, 0x29, 0x45, 0x29,
    0x25, 0x29, 0x25, 0x21, 0x25, 0x21, 0x24, 0x29, 0x25, 0x29, 0x24, 0x21,
    0x04, 0x21, 0x24, 0x21, 0x24, 0x21, 0x04, 0x21, 0x05, 0x21, 0x04, 0x21,
    0x04, 0x21, 0x04, 0x21, 0x04, 0x21, 0x04, 0x21, 0x25, 0x21, 0x66, 0x31,
    0xa7, 0x31, 0xc7, 0x39, 0xe7, 0x41, 0x08, 0x42, 0xe8, 0x41, 0xe7, 0x41,
    0xe8, 0x41, 0x08, 0x42, 0x08, 0x42, 0x08, 0x42, 0x08, 0x42, 0x07, 0x42,
    0xe8, 0x39, 0xe8, 0x41, 0x08, 0x42, 0x08, 0x42, 0x08, 0x42, 0x08, 0x42,
    0x49, 0x4a, 0x4d, 0x6b, 0x10, 0x84, 0x72, 0x94, 0xd3, 0x9c, 0x14, 0xa5,
    0x34, 0xa5, 0x35, 0xa5, 0x34, 0xa5, 0x34, 0xad, 0x35, 0xad, 0x14, 0xa5,
    0x34, 0xa5, 0x34, 0xad, 0x34, 0xa5, 0x35, 0xa5, 0x35, 0xad, 0x15, 0xa5,
    0x15, 0xad, 0x34, 0xad, 0x34, 0xad, 0x34, 0xa5, 0x14, 0xa5, 0x35, 0xa5,
    0x34, 0xa5, 0x34, 0xa5, 0x14, 0xa5, 0x35, 0xad, 0x34, 0xa5, 0x34, 0xa5,
    0x15, 0xad, 0x15, 0xad, 0x35, 0xad, 0x34, 0xa5, 0x34, 0xa5, 0x34, 0xa5,
    0x15, 0xad, 0x35, 0xad, 0x34, 0xa5, 0x34, 0xa5, 0x34, 0xa5, 0x34, 0xa5,
    0x14, 0xa5, 0x35, 0xad, 0x35, 0xad, 0x14, 0xa5, 0x34, 0xa5, 0x34, 0xa5,
    0x34, 0xa5, 0x35, 0xad, 0x34, 0xa5, 0x14, 0xa5, 0x34, 0xa5, 0x34, 0xa5,
    0x14, 0xa5, 0x35, 0xad, 0x35, 0xad, 0x14, 0xa5, 0x35, 0xad, 0x35, 0xa5,
    0x34, 0xa5, 0x34, 0xa5, 0x34, 0xad, 0x34, 0xad, 0x35, 0xa5, 0x15, 0xa5,
    0x34, 0xa5, 0x34, 0xa5, 0x15, 0xa5, 0x34, 0xad, 0x34, 0xad, 0x34, 0xa5,
    0x34, 0xa5, 0x14, 0xa5, 0x34, 0xa5, 0x35, 0xad, 0x15, 0xa5, 0x34, 0xad,
    0x35, 0xa5, 0x14, 0xad, 0x35, 0xa5, 0x34, 0xa5, 0x35, 0xa5, 0x35, 0xad,
    0xf4, 0xa4, 0x08, 0x42, 0x20, 0x00, 0x21, 0x08, 0x41, 0x08, 0x65, 0x29,
    0xc7, 0x39, 0xc7, 0x39, 0xc7, 0x39, 0xc7, 0x39, 0xc3, 0x18, 0x21, 0x08,
    0x41, 0x08, 0x04, 0x21, 0xc7, 0x39, 0xc7, 0x39, 0xc7, 0x31, 0xa7, 0x39,
    0xa6, 0x39, 0xc7, 0x39, 0xa7, 0x39, 0xa7, 0x31, 0xa6, 0x31, 0xc7, 0x39,
    0xa7, 0x39, 0xa6, 0x31, 0xa6, 0x31, 0xa6, 0x39, 0x66, 0x31, 0xe3, 0x20,
    0x82, 0x10, 0x66, 0x31, 0xa7, 0x39, 0xa6, 0x31, 0x86, 0x31, 0x86, 0x39,
    0xa6, 0x31, 0x86, 0x31, 0x86, 0x31, 0x86, 0x31, 0xa3, 0x18, 0x62, 0x10,
    0x41, 0x08, 0x66, 0x29, 0xb6, 0xb5, 0xd8, 0xbd, 0x97, 0xb5, 0xb7, 0xb5,
    0x96, 0xb5, 0x15, 0xa5, 0x6e, 0x6b, 0xe4, 0x18, 0x61, 0x08, 0x62, 0x08,
    0xc3, 0x18, 0x04, 0x21, 0x45, 0x29, 0x45, 0x29, 0x45, 0x29, 0x45, 0x29,
    0x25, 0x21, 0x25, 0x21, 0x24, 0x29, 0x25, 0x29, 0x25, 0x21, 0x25, 0x21,
    0x24, 0x29, 0x04, 0x21, 0x24, 0x21, 0x04, 0x21, 0x05, 0x21, 0x04, 0x21,
    0x04, 0x21, 0x04, 0x21, 0x04, 0x21, 0x04, 0x21, 0x04, 0x21, 0x45, 0x29,
    0x86, 0x31, 0xa7, 0x39, 0xc7, 0x39, 0x08, 0x42, 0x08, 0x42, 0x08, 0x42,
    0x08, 0x3a, 0xe8, 0x41, 0xe8, 0x41, 0x08, 0x3a, 0x08, 0x42, 0x08, 0x42,
    0x08, 0x42, 0x08, 0x42, 0x08, 0x42, 0x08, 0x3a, 0xe8, 0x41, 0x08, 0x42,
    0x08, 0x42, 0xaa, 0x52, 0x8e, 0x73, 0x31, 0x8c, 0xb2, 0x94, 0xf3, 0x9c,
    0x34, 0xa5, 0x34, 0xad, 0x15, 0xad, 0x35, 0xa5, 0x34, 0xa5, 0x34, 0xad,
    0x15, 0xa5, 0x35, 0xa5, 0x34, 0xad, 0x34, 0xa5, 0x15, 0xa5, 0x34, 0xa5,
    0x34, 0xa5, 0x35, 0xa5, 0x14, 0xa5, 0x15, 0xad, 0x35, 0xad, 0x14, 0xad,
    0x34, 0xa5, 0x15, 0xad, 0x35, 0xad, 0x34, 0xa5, 0x15, 0xad, 0x34, 0xa5,
    0x34, 0xa5, 0x34, 0xa5, 0x14, 0xa5, 0x35, 0xad, 0x35, 0xad, 0x14, 0xa5,
    0x34, 0xa5, 0x14, 0xa5, 0x34, 0xa5, 0x34, 0xa5, 0x15, 0xad, 0x35, 0xad,
    0x35, 0xad, 0x34, 0xa5, 0x14, 0xa5, 0x35, 0xad, 0x35, 0xad, 0x35, 0xad,
    0x14, 0xa5, 0x34, 0xa5, 0x14, 0xa5, 0x35, 0xad, 0x34, 0xa5, 0x34, 0xa5,
    0x35, 0xad, 0x14, 0xa5, 0x34, 0xa5, 0x34, 0xa5, 0x34, 0xa5, 0x14, 0xad,
    0x34, 0xa5, 0x34, 0xa5, 0x15, 0xa5, 0x35, 0xa5, 0x34, 0xad, 0x34, 0xa5,
    0x15, 0xad, 0x35, 0xad, 0x34, 0xa5, 0x14, 0xa5, 0x34, 0xa5, 0x15, 0xad,
    0x35, 0xad, 0x34, 0xad, 0x14, 0xad, 0x34, 0xa5, 0x34, 0xad, 0x34, 0xa5,
    0x34, 0xa5, 0x14, 0xa5, 0x34, 0xad, 0x35, 0xa5, 0x34, 0xa5, 0x35, 0xad,
    0x11, 0x84, 0xc3, 0x18, 0x20, 0x00, 0x21, 0x00, 0xc3, 0x18, 0xa7, 0x39,
    0xe7, 0x39, 0xc7, 0x39, 0xe7, 0x41, 0x86, 0x31, 0x61, 0x08, 0x21, 0x08,
    0x61, 0x08, 0x66, 0x29, 0xc7, 0x39, 0xc7, 0x39, 0xc7, 0x39, 0xa7, 0x39,
    0xc7, 0x39, 0xc7, 0x31, 0xa6, 0x31, 0xc7, 0x39, 0xa7, 0x39, 0xa6, 0x31,
    0xa7, 0x39, 0xa6, 0x39, 0xa7, 0x39, 0xa7, 0x31, 0xa6, 0x31, 0x25, 0x21,
    0x04, 0x21, 0xa6, 0x31, 0xa6, 0x31, 0xa6, 0x31, 0x87, 0x31, 0xa6, 0x39,
    0x86, 0x31, 0x86, 0x31, 0xa7, 0x31, 0x25, 0x29, 0x61, 0x08, 0x62, 0x08,
    0x20, 0x08, 0x6e, 0x73, 0xf8, 0xbd, 0xd7, 0xbd, 0x97, 0xad, 0xf8, 0xbd,
    0x18, 0xc6, 0x76, 0xb5, 0x52, 0x8c, 0x49, 0x4a, 0x62, 0x10, 0x41, 0x08,
    0xa2, 0x10, 0xe4, 0x20, 0x25, 0x21, 0x45, 0x29, 0x45, 0x29, 0x45, 0x29,
    0x25, 0x29, 0x44, 0x29, 0x25, 0x29, 0x24, 0x21, 0x25, 0x21, 0x24, 0x21,
    0x24, 0x29, 0x05, 0x21, 0x05, 0x21, 0x24, 0x21, 0x04, 0x21, 0x04, 0x29,
    0x04, 0x21, 0x05, 0x21, 0x04, 0x21, 0x04, 0x21, 0xe4, 0x20, 0x25, 0x21,
    0x66, 0x29, 0x86, 0x31, 0xc7, 0x39, 0xe7, 0x39, 0xe8, 0x41, 0xe8, 0x39,
    0x08, 0x42, 0x08, 0x42, 0xe7, 0x39, 0x08, 0x42, 0xe8, 0x41, 0x08, 0x42,
    0x08, 0x42, 0x08, 0x42, 0x08, 0x42, 0xe8, 0x41, 0x07, 0x42, 0x08, 0x42,
    0x08, 0x3a, 0x28, 0x42, 0xec, 0x62, 0xcf, 0x7b, 0x51, 0x8c, 0xb3, 0x9c,
    0x14, 0xa5, 0x34, 0xa5, 0x34, 0xa5, 0x14, 0xad, 0x34, 0xa5, 0x35, 0xa5,
    0x34, 0xad, 0x34, 0xa5, 0x15, 0xa5, 0x34, 0xad, 0x34, 0xad, 0x34, 0xad,
    0x34, 0xa5, 0x34, 0xad, 0x35, 0xa5, 0x34, 0xa5, 0x34, 0xa5, 0x34, 0xa5,
    0x34, 0xa5, 0x35, 0xad, 0x34, 0xa5, 0x34, 0xa5, 0x14, 0xa5, 0x35, 0xad,
    0x35, 0xad, 0x34, 0xa5, 0x34, 0xa5, 0x34, 0xa5, 0x14, 0xa5, 0x35, 0xad,
    0x34, 0xa5, 0x34, 0xa5, 0x35, 0xad, 0x15, 0xad, 0x34, 0xa5, 0x34, 0xa5,
    0x34, 0xa5, 0x14, 0xa5, 0x34, 0xa5, 0x34, 0xa5, 0x34, 0xa5, 0x14, 0xa5,
    0x35, 0xad, 0x34, 0xa5, 0x35, 0xad, 0x35, 0xad, 0x35, 0xad, 0x15, 0xad,
    0x34, 0xa5, 0x35, 0xad, 0x34, 0xa5, 0x34, 0xa5, 0x15, 0xad, 0x34, 0xa5,
    0x35, 0xad, 0x15, 0xad, 0x34, 0xad, 0x14, 0xa5, 0x35, 0xa5, 0x14, 0xad,
    0x34, 0xa5, 0x34, 0xa5, 0x34, 0xad, 0x35, 0xad, 0x35, 0xa5, 0x34, 0xa5,
    0x14, 0xa5, 0x35, 0xa5, 0x35, 0xa5, 0x15, 0xa5, 0x34, 0xa5, 0x35, 0xad,
    0x35, 0xad, 0x35, 0xa5, 0x34, 0xa5, 0x14, 0xad, 0x34, 0xad, 0x34, 0xa5,
    0xcb, 0x5a, 0x21, 0x08, 0x20, 0x00, 0x41, 0x08, 0x25, 0x29, 0xc7, 0x39,
    0xc7, 0x39, 0xc7, 0x39, 0xc7, 0x39, 0x04, 0x21, 0x21, 0x08, 0x21, 0x08,
    0xc3, 0x18, 0xa7, 0x39, 0xc7, 0x39, 0xc7, 0x39, 0xc7, 0x39, 0xa7, 0x31,
    0xc6, 0x31, 0xa7, 0x39, 0xc7, 0x39, 0xa6, 0x39, 0xa6, 0x39, 0xa7, 0x39,
    0xc7, 0x31, 0xa6, 0x31, 0xa7, 0x39, 0xa7, 0x31, 0xa6, 0x31, 0x66, 0x31,
    0x66, 0x31, 0xa7, 0x39, 0xa6, 0x31, 0xa6, 0x31, 0x86, 0x39, 0xa6, 0x31,
    0x87, 0x31, 0x86, 0x31, 0x86, 0x31, 0xa3, 0x18, 0x41, 0x08, 0x41, 0x08,
    0xc3, 0x18, 0xb3, 0x9c, 0xd7, 0xbd, 0xb7, 0xb5, 0xb7, 0xb5, 0x39, 0xce,
    0x39, 0xc6, 0xb7, 0xb5, 0xf4, 0xa4, 0x8f, 0x7b, 0x25, 0x29, 0x41, 0x08,
    0x62, 0x08, 0xc3, 0x18, 0x04, 0x21, 0x25, 0x29, 0x45, 0x29, 0x45, 0x29,
    0x25, 0x29, 0x25, 0x29, 0x25, 0x21, 0x44, 0x21, 0x24, 0x21, 0x24, 0x29,
    0x25, 0x21, 0x05, 0x21, 0x24, 0x29, 0x04, 0x21, 0x04, 0x21, 0x04, 0x21,
    0x04, 0x21, 0x04, 0x21, 0x04, 0x21, 0x04, 0x21, 0xe4, 0x18, 0x04, 0x21,
    0x45, 0x29, 0x66, 0x29, 0xa6, 0x31, 0xc7, 0x39, 0xe8, 0x41, 0xe8, 0x41,
    0xe7, 0x41, 0x07, 0x42, 0x08, 0x42, 0x08, 0x42, 0xe7, 0x41, 0xe8, 0x39,
    0xe8, 0x41, 0x07, 0x42, 0xe8, 0x41, 0x08, 0x42, 0x08, 0x42, 0x08, 0x42,
    0xe8, 0x41, 0xe7, 0x39, 0x49, 0x4a, 0x2d, 0x6b, 0xef, 0x7b, 0x72, 0x8c,
    0xd3, 0x9c, 0x14, 0xa5, 0x34, 0xa5, 0x35, 0xa5, 0x14, 0xad, 0x34, 0xa5,
    0x35, 0xa5, 0x14, 0xad, 0x34, 0xa5, 0x35, 0xa5, 0x35, 0xa5, 0x14, 0xa5,
    0x35, 0xad, 0x15, 0xa5, 0x34, 0xad, 0x34, 0xa5, 0x35, 0xad, 0x35, 0xa5,
    0x34, 0xa5, 0x14, 0xa5, 0x34, 0xa5, 0x35, 0xad, 0x34, 0xa5, 0x34, 0xa5,
    0x35, 0xad, 0x14, 0xa5, 0x35, 0xad, 0x35, 0xad, 0x14, 0xa5, 0x34, 0xa5,
    0x35, 0xad, 0x35, 0xad, 0x14, 0xa5, 0x34, 0xa5, 0x35, 0xad, 0x34, 0xa5,
    0x14, 0xa5, 0x35, 0xad, 0x35, 0xad, 0x35, 0xad, 0x14, 0xa5, 0x34, 0xa5,
    0x34, 0xa5, 0x35, 0xad, 0x14, 0xa5, 0x34, 0xa5, 0x34, 0xa5, 0x14, 0xa5,
    0x35, 0xad, 0x34, 0xa5, 0x35, 0xad, 0x15, 0xad, 0x35, 0xa5, 0x34, 0xa5,
    0x14, 0xa5, 0x35, 0xa5, 0x34, 0xa5, 0x34, 0xad, 0x35, 0xa5, 0x35, 0xa5,
    0x34, 0xad, 0x35, 0xa5, 0x14, 0xa5, 0x34, 0xa5, 0x34, 0xad, 0x15, 0xa5,
    0x34, 0xad, 0x34, 0xa5, 0x34, 0xa5, 0x34, 0xad, 0x35, 0xad, 0x14, 0xa5,
    0x14, 0xa5, 0x34, 0xad, 0x35, 0xa5, 0x35, 0xa5, 0x35, 0xad, 0xb2, 0x94,
    0x65, 0x29, 0x00, 0x00, 0x21, 0x08, 0x82, 0x10, 0x86, 0x31, 0xc7, 0x39,
    0xc7, 0x39, 0xe7, 0x39, 0xa7, 0x31, 0x82, 0x10, 0x21, 0x00, 0x41, 0x08,
    0x45, 0x29, 0xc7, 0x39, 0xc7, 0x39, 0xc7, 0x39, 0xa7, 0x39, 0xa7, 0x39,
    0xa7, 0x39, 0xc7, 0x39, 0xa7, 0x39, 0xa7, 0x31, 0xa6, 0x31, 0xc7, 0x31,
    0xa7, 0x39, 0xa6, 0x31, 0xa6, 0x31, 0xa6, 0x39, 0xa6, 0x31, 0xa6, 0x31,
    0xa6, 0x31, 0xa7, 0x39, 0xa6, 0x31, 0x87, 0x31, 0x87, 0x31, 0x86, 0x31,
    0x86, 0x31, 0xa7, 0x31, 0x45, 0x29, 0x62, 0x10, 0x42, 0x08, 0x41, 0x08,
    0xa7, 0x31, 0xb3, 0x94, 0x96, 0xb5, 0xb7, 0xb5, 0x18, 0xc6, 0x5a, 0xce,
    0x18, 0xc6, 0xb7, 0xb5, 0x55, 0xad, 0x92, 0x94, 0x8a, 0x52, 0x82, 0x10,
    0x41, 0x08, 0x82, 0x10, 0xe3, 0x18, 0x04, 0x21, 0x45, 0x29, 0x45, 0x29,
    0x45, 0x21, 0x25, 0x21, 0x25, 0x29, 0x25, 0x29, 0x25, 0x29, 0x25, 0x21,
    0x24, 0x21, 0x04, 0x29, 0x24, 0x21, 0x25, 0x21, 0x05, 0x21, 0x04, 0x21,
    0x04, 0x21, 0x04, 0x21, 0x04, 0x21, 0x04, 0x21, 0xe4, 0x20, 0x04, 0x21,
    0x04, 0x21, 0x45, 0x29, 0x86, 0x31, 0xa7, 0x39, 0xe7, 0x39, 0xe8, 0x41,
    0xe8, 0x39, 0xe8, 0x41, 0xe8, 0x39, 0xe8, 0x41, 0x07, 0x42, 0x08, 0x42,
    0x08, 0x3a, 0x08, 0x42, 0x08, 0x3a, 0x08, 0x42, 0x08, 0x42, 0xe8, 0x41,
    0x08, 0x42, 0x08, 0x42, 0x08, 0x42, 0x8a, 0x52, 0x6e, 0x73, 0x30, 0x84,
    0x92, 0x94, 0xf3, 0x9c, 0x14, 0xa5, 0x34, 0xa5, 0x35, 0xad, 0x35, 0xad,
    0x14, 0xa5, 0x35, 0xa5, 0x34, 0xad, 0x34, 0xad, 0x14, 0xa5, 0x34, 0xa5,
    0x35, 0xa5, 0x34, 0xa5, 0x14, 0xa5, 0x35, 0xad, 0x14, 0xa5, 0x14, 0xad,
    0x34, 0xa5, 0x35, 0xad, 0x15, 0xad, 0x34, 0xa5, 0x15, 0xad, 0x14, 0xa5,
    0x34, 0xa5, 0x34, 0xa5, 0x15, 0xad, 0x34, 0xa5, 0x35, 0xad, 0x34, 0xa5,
    0x34, 0xa5, 0x15, 0xad, 0x34, 0xa5, 0x34, 0xa5, 0x34, 0xa5, 0x15, 0xad,
    0x35, 0xad, 0x34, 0xa5, 0x34, 0xa5, 0x14, 0xa5, 0x35, 0xad, 0x35, 0xad,
    0x15, 0xad, 0x34, 0xa5, 0x34, 0xa5, 0x14, 0xa5, 0x34, 0xa5, 0x34, 0xa5,
    0x34, 0xa5, 0x34, 0xa5, 0x14, 0xa5, 0x34, 0xa5, 0x34, 0xad, 0x35, 0xad,
    0x34, 0xa5, 0x34, 0xa5, 0x34, 0xad, 0x35, 0xa5, 0x34, 0xad, 0x14, 0xa5,
    0x34, 0xa5, 0x34, 0xad, 0x15, 0xa5, 0x35, 0xa5, 0x34, 0xa5, 0x34, 0xad,
    0x35, 0xa5, 0x34, 0xad, 0x14, 0xad, 0x35, 0xa5, 0x34, 0xa5, 0x34, 0xa5,
    0x34, 0xa5, 0x14, 0xa5, 0x34, 0xad, 0x34, 0xa5, 0x35, 0xad, 0x8e, 0x73,
    0x62, 0x08, 0x20, 0x00, 0x21, 0x08, 0xe4, 0x20, 0xc7, 0x39, 0xc7, 0x39,
    0xe7, 0x39, 0xe7, 0x39, 0x45, 0x29, 0x41, 0x08, 0x21, 0x08, 0x82, 0x10,
    0xa6, 0x31, 0xc7, 0x39, 0xc7, 0x39, 0xc7, 0x39, 0xa6, 0x31, 0xc7, 0x39,
    0xc6, 0x39, 0xa6, 0x31, 0xa7, 0x31, 0xa7, 0x39, 0xa7, 0x39, 0xa7, 0x39,
    0xa6, 0x31, 0xa7, 0x39, 0xa7, 0x39, 0xa7, 0x31, 0xa6, 0x39, 0xa7, 0x39,
    0xa7, 0x31, 0xa6, 0x31, 0x86, 0x39, 0xa6, 0x31, 0xa7, 0x31, 0xa6, 0x39,
    0x86, 0x31, 0xa6, 0x31, 0xc3, 0x18, 0x41, 0x08, 0x62, 0x08, 0x41, 0x08,
    0xc3, 0x18, 0xd0, 0x7b, 0x97, 0xb5, 0xb7, 0xb5, 0x59, 0xce, 0x39, 0xc6,
    0xd7, 0xbd, 0xb7, 0xbd, 0x96, 0xb5, 0x14, 0xa5, 0xaf, 0x73, 0x66, 0x31,
    0x62, 0x08, 0x62, 0x08, 0xa3, 0x18, 0xe4, 0x20, 0x24, 0x21, 0x45, 0x29,
    0x45, 0x29, 0x45, 0x21, 0x24, 0x29, 0x24, 0x21, 0x25, 0x29, 0x24, 0x21,
    0x24, 0x21, 0x05, 0x21, 0x04, 0x21, 0x24, 0x21, 0x04, 0x21, 0x05, 0x29,
    0x04, 0x21, 0x04, 0x21, 0x04, 0x21, 0x04, 0x21, 0xe4, 0x20, 0x04, 0x19,
    0xe4, 0x20, 0x24, 0x21, 0x65, 0x29, 0x86, 0x31, 0xa7, 0x39, 0xe7, 0x39,
    0xe8, 0x41, 0xe8, 0x39, 0xe8, 0x41, 0xe8, 0x39, 0x08, 0x42, 0x08, 0x42,
    0xe8, 0x41, 0xe8, 0x41, 0x07, 0x42, 0xe8, 0x39, 0x08, 0x42, 0x08, 0x42,
    0x08, 0x42, 0x08, 0x42, 0x08, 0x42, 0x08, 0x42, 0xeb, 0x5a, 0xaf, 0x7b,
    0x51, 0x8c, 0xb3, 0x9c, 0xf4, 0xa4, 0x34, 0xa5, 0x34, 0xa5, 0x14, 0xa5,
    0x34, 0xa5, 0x34, 0xad, 0x35, 0xa5, 0x15, 0xa5, 0x34, 0xad, 0x35, 0xad,
    0x34, 0xad, 0x34, 0xad, 0x34, 0xa5, 0x35, 0xa5, 0x34, 0xa5, 0x34, 0xa5,
    0x34, 0xa5, 0x35, 0xad, 0x34, 0xa5, 0x34, 0xa5, 0x34, 0xa5, 0x35, 0xad,
    0x35, 0xad, 0x34, 0xa5, 0x34, 0xa5, 0x34, 0xa5, 0x14, 0xa5, 0x35, 0xad,
    0x14, 0xa5, 0x34, 0xa5, 0x35, 0xad, 0x35, 0xad, 0x14, 0xa5, 0x34, 0xa5,
    0x35, 0xad, 0x34, 0xa5, 0x14, 0xa5, 0x34, 0xa5, 0x34, 0xa5, 0x34, 0xa5,
    0x34, 0xa5, 0x34, 0xa5, 0x15, 0xad, 0x35, 0xad, 0x35, 0xad, 0x15, 0xad,
    0x35, 0xad, 0x35, 0xad, 0x14, 0xa5, 0x35, 0xad, 0x34, 0xa5, 0x14, 0xa5,
    0x35, 0xad, 0x34, 0xad, 0x15, 0xa5, 0x14, 0xa5, 0x34, 0xa5, 0x34, 0xad,
    0x15, 0xad, 0x35, 0xa5, 0x34, 0xad, 0x34, 0xad, 0x15, 0xad, 0x34, 0xa5,
    0x34, 0xa5, 0x15, 0xa5, 0x35, 0xa5, 0x34, 0xa5, 0x14, 0xa5, 0x35, 0xad,
    0x35, 0xad, 0x35, 0xad, 0x14, 0xa5, 0x35, 0xad, 0xf4, 0xa4, 0x08, 0x42,
    0x20, 0x00, 0x20, 0x08, 0x41, 0x08, 0x66, 0x29, 0xc7, 0x39, 0xc7, 0x39,
    0xc7, 0x39, 0xc7, 0x39, 0xa3, 0x18, 0x21, 0x00, 0x41, 0x08, 0x04, 0x21,
    0xc7, 0x39, 0xc7, 0x39, 0xc7, 0x39, 0xa7, 0x39, 0xa7, 0x31, 0xc7, 0x39,
    0xc7, 0x39, 0xa7, 0x39, 0xa7, 0x31, 0xc6, 0x39, 0xc6, 0x39, 0xa7, 0x39,
    0xa7, 0x31, 0xa6, 0x31, 0xa6, 0x39, 0xa6, 0x31, 0xa7, 0x31, 0xa7, 0x31,
    0xa6, 0x31, 0x86, 0x39, 0xa6, 0x31, 0xa7, 0x31, 0x86, 0x39, 0xa6, 0x31,
    0x86, 0x31, 0x66, 0x31, 0x83, 0x10, 0x61, 0x08, 0x61, 0x08, 0x41, 0x08,
    0x62, 0x10, 0x10, 0x84, 0xd7, 0xbd, 0xd8, 0xbd, 0x59, 0xce, 0xf8, 0xbd,
    0x97, 0xb5, 0xb7, 0xbd, 0xd7, 0xbd, 0x55, 0xad, 0x73, 0x94, 0xcb, 0x5a,
    0xc3, 0x18, 0x41, 0x08, 0x62, 0x10, 0xc3, 0x18, 0x04, 0x21, 0x25, 0x29,
    0x25, 0x29, 0x25, 0x29, 0x25, 0x21, 0x24, 0x21, 0x24, 0x21, 0x25, 0x21,
    0x24, 0x29, 0x24, 0x21, 0x05, 0x21, 0x04, 0x21, 0x24, 0x21, 0x04, 0x21,
    0x04, 0x21, 0x04, 0x21, 0x04, 0x21, 0x04, 0x21, 0xe4, 0x20, 0xe4, 0x18,
    0xe4, 0x18, 0x04, 0x21, 0x25, 0x29, 0x66, 0x29, 0xa6, 0x31, 0xc7, 0x39,
    0xe8, 0x41, 0xe7, 0x41, 0xe7, 0x39, 0x08, 0x42, 0xe7, 0x39, 0xe8, 0x39,
    0xe8, 0x41, 0x07, 0x42, 0x08, 0x42, 0xe8, 0x41, 0x08, 0x42, 0xe8, 0x39,
    0xe7, 0x39, 0x08, 0x42, 0x08, 0x42, 0xe8, 0x41, 0x28, 0x42, 0x2c, 0x63,
    0xef, 0x7b, 0x71, 0x94, 0xd3, 0x9c, 0x14, 0xa5, 0x34, 0xa5, 0x35, 0xa5,
    0x34, 0xad, 0x35, 0xad, 0x14, 0xa5, 0x34, 0xa5, 0x35, 0xa5, 0x14, 0xa5,
    0x15, 0xa5, 0x34, 0xa5, 0x35, 0xad, 0x14, 0xad, 0x35, 0xad, 0x35, 0xa5,
    0x34, 0xa5, 0x14, 0xa5, 0x34, 0xa5, 0x35, 0xad, 0x34, 0xa5, 0x34, 0xa5,
    0x34, 0xa5, 0x15, 0xad, 0x35, 0xad, 0x34, 0xa5, 0x34, 0xa5, 0x34, 0xa5,
    0x35, 0xad, 0x14, 0xa5, 0x34, 0xa5, 0x34, 0xa5, 0x15, 0xad, 0x34, 0xa5,
    0x34, 0xa5, 0x35, 0xad, 0x15, 0xad, 0x35, 0xad, 0x34, 0xa5, 0x35, 0xad,
    0x14, 0xa5, 0x35, 0xad, 0x34, 0xa5, 0x34, 0xa5, 0x34, 0xa5, 0x34, 0xa5,
    0x14, 0xa5, 0x34, 0xa5, 0x35, 0xad, 0x34, 0xa5, 0x35, 0xa5, 0x14, 0xa5,
    0x34, 0xa5, 0x35, 0xa5, 0x34, 0xad, 0x35, 0xa5, 0x15, 0xa5, 0x34, 0xad,
    0x35, 0xa5, 0x34, 0xa5, 0x14, 0xa5, 0x34, 0xa5, 0x34, 0xa5, 0x15, 0xa5,
    0x35, 0xad, 0x14, 0xa5, 0x34, 0xad, 0x34, 0xad, 0x35, 0xad, 0x15, 0xa5,
    0x34, 0xa5, 0x34, 0xa5, 0x35, 0xa5, 0x35, 0xad, 0x31, 0x8c, 0xc3, 0x18,
    0x20, 0x00, 0x21, 0x00, 0xc3, 0x18, 0xa7, 0x39, 0xc7, 0x39, 0xc7, 0x39,
    0xe8, 0x41, 0x66, 0x31, 0x41, 0x08, 0x21, 0x00, 0x62, 0x10, 0x86, 0x31,
    0xc7, 0x39, 0xc7, 0x39, 0xc7, 0x39, 0xa7, 0x39, 0xa6, 0x39, 0xc7, 0x39,
    0xa7, 0x31, 0xc7, 0x39, 0xa7, 0x39, 0xa6, 0x39, 0xa7, 0x31, 0xa6, 0x31,
    0xa7, 0x39, 0xa6, 0x39, 0xa7, 0x31, 0xa7, 0x31, 0xa6, 0x31, 0xa7, 0x39,
    0xa6, 0x31, 0xa6, 0x39, 0xa7, 0x31, 0x87, 0x31, 0x86, 0x31, 0x86, 0x31,
    0xa6, 0x31, 0x45, 0x29, 0xc3, 0x18, 0x62, 0x10, 0x62, 0x08, 0x41, 0x08,
    0x66, 0x31, 0x76, 0xad, 0x97, 0xb5, 0xd7, 0xbd, 0x18, 0xc6, 0xb7, 0xb5,
    0x96, 0xb5, 0xb7, 0xbd, 0xd7, 0xbd, 0x76, 0xad, 0xf4, 0x9c, 0xd0, 0x7b,
    0xa7, 0x39, 0x61, 0x08, 0x41, 0x08, 0xa2, 0x10, 0xe4, 0x18, 0x04, 0x21,
    0x45, 0x29, 0x25, 0x29, 0x25, 0x29, 0x25, 0x29, 0x25, 0x29, 0x24, 0x21,
    0x25, 0x29, 0x25, 0x21, 0x04, 0x21, 0x25, 0x29, 0x04, 0x21, 0x04, 0x21,
    0x25, 0x21, 0x04, 0x21, 0x04, 0x21, 0x04, 0x21, 0xe4, 0x20, 0xe4, 0x20,
    0xe4, 0x20, 0xe4, 0x20, 0x04, 0x21, 0x45, 0x29, 0x86, 0x31, 0xa7, 0x39,
    0xe7, 0x39, 0xe8, 0x41, 0xe8, 0x41, 0xe7, 0x41, 0xe8, 0x41, 0xe7, 0x41,
    0x08, 0x42, 0xe8, 0x39, 0xe8, 0x39, 0x08, 0x42, 0x07, 0x42, 0x08, 0x42,
    0xe8, 0x41, 0xe7, 0x39, 0x08, 0x42, 0xe8, 0x41, 0xe7, 0x41, 0x6a, 0x4a,
    0x6d, 0x6b, 0x10, 0x84, 0x92, 0x94, 0xd3, 0x9c, 0x14, 0xa5, 0x34, 0xad,
    0x35, 0xa5, 0x14, 0xa5, 0x34, 0xa5, 0x35, 0xad, 0x34, 0xad, 0x34, 0xa5,
    0x34, 0xa5, 0x15, 0xa5, 0x34, 0xa5, 0x34, 0xa5, 0x14, 0xa5, 0x34, 0xad,
    0x34, 0xa5, 0x35, 0xad, 0x15, 0xad, 0x34, 0xa5, 0x15, 0xad, 0x14, 0xa5,
    0x35, 0xad, 0x34, 0xa5, 0x14, 0xa5, 0x15, 0xad, 0x35, 0xad, 0x35, 0xad,
    0x34, 0xa5, 0x35, 0xad, 0x34, 0xa5, 0x14, 0xa5, 0x34, 0xa5, 0x35, 0xad,
    0x35, 0xad, 0x14, 0xa5, 0x34, 0xa5, 0x34, 0xa5, 0x35, 0xad, 0x14, 0xa5,
    0x35, 0xad, 0x34, 0xa5, 0x35, 0xad, 0x14, 0xa5, 0x34, 0xa5, 0x15, 0xad,
    0x34, 0xa5, 0x34, 0xa5, 0x34, 0xa5, 0x14, 0xa5, 0x34, 0xad, 0x35, 0xad,
    0x34, 0xad, 0x14, 0xa5, 0x35, 0xa5, 0x34, 0xad, 0x34, 0xad, 0x35, 0xa5,
    0x34, 0xa5, 0x14, 0xad, 0x35, 0xa5, 0x35, 0xa5, 0x34, 0xad, 0x34, 0xad,
    0x35, 0xa5, 0x34, 0xad, 0x34, 0xa5, 0x15, 0xa5, 0x34, 0xa5, 0x34, 0xad,
    0x14, 0xa5, 0x34, 0xa5, 0x34, 0xad, 0x34, 0xa5, 0xcb, 0x5a, 0x21, 0x08,
    0x20, 0x00, 0x41, 0x08, 0x25, 0x29, 0xc7, 0x39, 0xe7, 0x39, 0xc7, 0x39,
    0xc7, 0x39, 0xe4, 0x20, 0x20, 0x08, 0x41, 0x08, 0xc3, 0x18, 0xc7, 0x39,
    0xc7, 0x39, 0xc7, 0x39, 0xc7, 0x39, 0xa7, 0x31, 0xc7, 0x31, 0xc7, 0x39,
    0xa6, 0x39, 0xa6, 0x31, 0xa7, 0x39, 0xa6, 0x31, 0xa7, 0x31, 0xa7, 0x31,
    0xa6, 0x39, 0xa6, 0x31, 0xa7, 0x31, 0xa7, 0x39, 0xa6, 0x39, 0x86, 0x31,
    0xa7, 0x39, 0xa7, 0x31, 0x86, 0x31, 0x86, 0x31, 0xa6, 0x39, 0xa6, 0x31,
    0x87, 0x31, 0x66, 0x31, 0x04, 0x21, 0x82, 0x10, 0x62, 0x08, 0x41, 0x08,
    0x6e, 0x73, 0xd7, 0xbd, 0x96, 0xb5, 0xb7, 0xbd, 0xb7, 0xb5, 0x76, 0xad,
    0x96, 0xb5, 0xb7, 0xbd, 0xd7, 0xbd, 0x97, 0xb5, 0x35, 0xa5, 0x93, 0x94,
    0x2d, 0x63, 0xe4, 0x18, 0x41, 0x08, 0x62, 0x10, 0xc3, 0x18, 0x04, 0x21,
    0x24, 0x21, 0x45, 0x29, 0x25, 0x21, 0x24, 0x21, 0x25, 0x21, 0x24, 0x29,
    0x24, 0x21, 0x05, 0x21, 0x04, 0x21, 0x24, 0x29, 0x05, 0x21, 0x04, 0x21,
    0x04, 0x21, 0x04, 0x21, 0x04, 0x21, 0x04, 0x21, 0xe4, 0x20, 0xe4, 0x18,
    0x04, 0x19, 0xe3, 0x18, 0xe4, 0x18, 0x24, 0x21, 0x45, 0x29, 0x86, 0x31,
    0xa7, 0x39, 0xe7, 0x39, 0xe8, 0x41, 0xe8, 0x39, 0xe7, 0x41, 0xe8, 0x41,
    0xe7, 0x39, 0x08, 0x42, 0xe8, 0x41, 0xe8, 0x41, 0xe8, 0x39, 0xe7, 0x41,
    0x08, 0x42, 0x08, 0x42, 0xe8, 0x41, 0x07, 0x3a, 0x08, 0x3a, 0x08, 0x42,
    0xab, 0x5a, 0x8e, 0x73, 0x31, 0x8c, 0xb2, 0x94, 0xf4, 0x9c, 0x14, 0xa5,
    0x34, 0xad, 0x34, 0xa5, 0x35, 0xa5, 0x34, 0xad, 0x14, 0xa5, 0x35, 0xad,
    0x34, 0xad, 0x34, 0xad, 0x35, 0xad, 0x35, 0xa5, 0x34, 0xa5, 0x35, 0xa5,
    0x34, 0xa5, 0x35, 0xad, 0x34, 0xa5, 0x34, 0xa5, 0x34, 0xa5, 0x35, 0xad,
    0x34, 0xa5, 0x34, 0xa5, 0x34, 0xa5, 0x34, 0xa5, 0x15, 0xad, 0x34, 0xa5,
    0x14, 0xa5, 0x34, 0xa5, 0x35, 0xad, 0x35, 0xad, 0x35, 0xad, 0x34, 0xa5,
    0x14, 0xa5, 0x34, 0xa5, 0x34, 0xa5, 0x34, 0xa5, 0x14, 0xa5, 0x35, 0xad,
    0x34, 0xa5, 0x34, 0xa5, 0x14, 0xa5, 0x35, 0xad, 0x35, 0xad, 0x34, 0xa5,
    0x35, 0xad, 0x35, 0xad, 0x15, 0xad, 0x35, 0xad, 0x34, 0xa5, 0x14, 0xa5,
    0x35, 0xad, 0x35, 0xa5, 0x14, 0xa5, 0x34, 0xa5, 0x34, 0xad, 0x34, 0xa5,
    0x15, 0xa5, 0x34, 0xad, 0x35, 0xad, 0x34, 0xad, 0x15, 0xa5, 0x34, 0xa5,
    0x34, 0xa5, 0x34, 0xa5, 0x35, 0xad, 0x14, 0xa5, 0x34, 0xa5, 0x34, 0xa5,
    0x35, 0xad, 0x35, 0xad, 0x35, 0xad, 0xb2, 0x94, 0x66, 0x29, 0x00, 0x00,
    0x20, 0x00, 0x82, 0x10, 0x86, 0x31, 0xc7, 0x39, 0xc7, 0x39, 0xe7, 0x39,
    0x86, 0x31, 0x62, 0x10, 0x21, 0x00, 0x41, 0x08, 0x24, 0x21, 0xa7, 0x39,
    0xc7, 0x39, 0xa7, 0x39, 0xa7, 0x31, 0xc6, 0x39, 0xa6, 0x39, 0xc7, 0x39,
    0xa7, 0x39, 0xa7, 0x31, 0xa6, 0x31, 0xc7, 0x39, 0xa7, 0x39, 0xa7, 0x39,
    0xa6, 0x31, 0xa7, 0x39, 0xa6, 0x31, 0xa6, 0x31, 0xa6, 0x39, 0xa7, 0x31,
    0x86, 0x31, 0xa6, 0x31, 0x87, 0x39, 0xa6, 0x31, 0xa6, 0x31, 0x87, 0x31,
    0x86, 0x31, 0x86, 0x31, 0x25, 0x29, 0x62, 0x10, 0x62, 0x08, 0x04, 0x21,
    0x35, 0xa5, 0xb7, 0xb5, 0x96, 0xb5, 0x76, 0xb5, 0xf4, 0xa4, 0x35, 0xa5,
    0x76, 0xb5, 0xb7, 0xbd, 0xd7, 0xbd, 0x97, 0xb5, 0x96, 0xad, 0x15, 0xa5,
    0x72, 0x94, 0x49, 0x42, 0x62, 0x10, 0x41, 0x08, 0x82, 0x10, 0xc3, 0x18,
    0x04, 0x21, 0x25, 0x29, 0x25, 0x21, 0x24, 0x21, 0x24, 0x29, 0x25, 0x21,
    0x25, 0x29, 0x04, 0x21, 0x24, 0x21, 0x24, 0x21, 0x25, 0x21, 0x04, 0x21,
    0x04, 0x21, 0x04, 0x21, 0x04, 0x21, 0x04, 0x21, 0xe4, 0x20, 0xe4, 0x18,
    0x04, 0x19, 0xe3, 0x20, 0xe3, 0x20, 0x04, 0x21, 0x25, 0x29, 0x66, 0x29,
    0xa6, 0x31, 0xc7, 0x39, 0xe7, 0x39, 0xe8, 0x39, 0xe8, 0x39, 0xe8, 0x39,
    0xe8, 0x41, 0xe7, 0x39, 0xe7, 0x41, 0x08, 0x3a, 0xe7, 0x41, 0xe8, 0x39,
    0xe8, 0x41, 0x08, 0x42, 0xe7, 0x41, 0xe8, 0x41, 0x08, 0x42, 0x08, 0x42,
    0x08, 0x42, 0x0c, 0x63, 0xcf, 0x7b, 0x51, 0x8c, 0xb3, 0x9c, 0x14, 0xa5,
    0x34, 0xa5, 0x35, 0xad, 0x14, 0xa5, 0x35, 0xa5, 0x35, 0xad, 0x14, 0xa5,
    0x35, 0xa5, 0x34, 0xa5, 0x14, 0xa5, 0x14, 0xad, 0x35, 0xad, 0x34, 0xad,
    0x34, 0xa5, 0x14, 0xa5, 0x34, 0xa5, 0x35, 0xad, 0x14, 0xa5, 0x34, 0xa5,
    0x35, 0xad, 0x15, 0xad, 0x35, 0xad, 0x34, 0xa5, 0x34, 0xa5, 0x34, 0xa5,
    0x34, 0xa5, 0x15, 0xad, 0x34, 0xa5, 0x34, 0xa5, 0x14, 0xa5, 0x34, 0xa5,
    0x34, 0xa5, 0x15, 0xad, 0x35, 0xad, 0x35, 0xad, 0x14, 0xa5, 0x34, 0xa5,
    0x34, 0xa5, 0x15, 0xad, 0x34, 0xa5, 0x34, 0xa5, 0x34, 0xa5, 0x14, 0xa5,
    0x34, 0xa5, 0x14, 0xa5, 0x34, 0xa5, 0x34, 0xa5, 0x15, 0xa5, 0x35, 0xa5,
    0x34, 0xa5, 0x34, 0xad, 0x34, 0xad, 0x35, 0xa5, 0x15, 0xa5, 0x14, 0xad,
    0x34, 0xa5, 0x34, 0xa5, 0x34, 0xa5, 0x14, 0xa5, 0x34, 0xa5, 0x35, 0xa5,
    0x14, 0xad, 0x15, 0xad, 0x34, 0xa5, 0x35, 0xad, 0x35, 0xad, 0x35, 0xa5,
    0x14, 0xa5, 0x34, 0xa5, 0x35, 0xad, 0x8e, 0x73, 0x62, 0x10, 0x20, 0x00,
    0x21, 0x08, 0x04, 0x21, 0xc7, 0x39, 0xc7, 0x39, 0xc7, 0x39, 0xe7, 0x39,
    0x25, 0x29, 0x21, 0x08, 0x21, 0x00, 0xa2, 0x10, 0x04, 0x21, 0x66, 0x31,
    0xc7, 0x39, 0xc7, 0x39, 0xa7, 0x39, 0xa7, 0x39, 0xc7, 0x39, 0xa7, 0x31,
    0xc7, 0x39, 0xa7, 0x39, 0xc7, 0x39, 0xa6, 0x39, 0xa7, 0x31, 0xa6, 0x39,
    0xa6, 0x39, 0xa7, 0x31, 0xa7, 0x39, 0xa7, 0x31, 0xa6, 0x31, 0xa7, 0x39,
    0xa6, 0x31, 0xa6, 0x31, 0x86, 0x31, 0x86, 0x39, 0xa7, 0x31, 0x86, 0x31,
    0x86, 0x31, 0xa6, 0x31, 0xc3, 0x18, 0x82, 0x10, 0x82, 0x10, 0x6e, 0x73,
    0xd7, 0xbd, 0x76, 0xb5, 0x96, 0xb5, 0x52, 0x8c, 0x10, 0x84, 0xd3, 0x9c,
    0x76, 0xb5, 0xd7, 0xbd, 0xd7, 0xb5, 0x96, 0xb5, 0xd7, 0xbd, 0xb7, 0xb5,
    0x35, 0xa5, 0x8f, 0x73, 0x25, 0x29, 0x41, 0x08, 0x62, 0x08, 0xa3, 0x10,
    0xe4, 0x20, 0x04, 0x21, 0x25, 0x29, 0x24, 0x29, 0x25, 0x21, 0x25, 0x21,
    0x24, 0x21, 0x25, 0x21, 0x24, 0x29, 0x05, 0x21, 0x04, 0x21, 0x04, 0x21,
    0x04, 0x21, 0x04, 0x21, 0x04, 0x21, 0x04, 0x21, 0x04, 0x21, 0xe4, 0x20,
    0xe4, 0x20, 0xe3, 0x20, 0xe4, 0x18, 0xe4, 0x18, 0x04, 0x21, 0x45, 0x29,
    0x86, 0x31, 0xa7, 0x39, 0xc7, 0x39, 0xe8, 0x41, 0xe7, 0x41, 0xe7, 0x39,
    0xe8, 0x41, 0xe8, 0x41, 0xe8, 0x39, 0xe8, 0x41, 0xe8, 0x39, 0x08, 0x42,
    0xe8, 0x41, 0x07, 0x3a, 0x08, 0x3a, 0x08, 0x42, 0xe8, 0x41, 0xe7, 0x39,
    0xe7, 0x39, 0x69, 0x4a, 0x4d, 0x6b, 0xf0, 0x83, 0x72, 0x94, 0xd3, 0x9c,
    0x14, 0xa5, 0x34, 0xa5, 0x35, 0xad, 0x14, 0xa5, 0x34, 0xa5, 0x34, 0xa5,
    0x34, 0xa5, 0x15, 0xad, 0x35, 0xa5, 0x34, 0xa5, 0x34, 0xa5, 0x14, 0xa5,
    0x34, 0xa5, 0x35, 0xad, 0x15, 0xad, 0x34, 0xa5, 0x35, 0xad, 0x14, 0xa5,
    0x34, 0xa5, 0x34, 0xa5, 0x14, 0xa5, 0x35, 0xad, 0x34, 0xa5, 0x15, 0xad,
    0x35, 0xad, 0x35, 0xad, 0x34, 0xa5, 0x14, 0xa5, 0x35, 0xad, 0x34, 0xa5,
    0x35, 0xad, 0x35, 0xad, 0x14, 0xa5, 0x34, 0xa5, 0x35, 0xad, 0x35, 0xad,
    0x34, 0xa5, 0x15, 0xad, 0x35, 0xad, 0x34, 0xa5, 0x15, 0xad, 0x35, 0xad,
    0x34, 0xa5, 0x35, 0xad, 0x34, 0xa5, 0x34, 0xa5, 0x34, 0xad, 0x34, 0xad,
    0x34, 0xad, 0x14, 0xa5, 0x35, 0xa5, 0x34, 0xad, 0x34, 0xa5, 0x35, 0xa5,
    0x35, 0xad, 0x34, 0xad, 0x15, 0xa5, 0x35, 0xa5, 0x34, 0xad, 0x34, 0xad,
    0x35, 0xa5, 0x34, 0xa5, 0x35, 0xa5, 0x34, 0xa5, 0x14, 0xa5, 0x34, 0xad,
    0x34, 0xad, 0x35, 0xa5, 0xf4, 0xa4, 0x28, 0x42, 0x00, 0x00, 0x20, 0x08,
    0x62, 0x08, 0x66, 0x31, 0xc7, 0x39, 0xc7, 0x39, 0xe7, 0x39, 0xc7, 0x39,
    0xa2, 0x10, 0x20, 0x00, 0x21, 0x08, 0x04, 0x21, 0xa2, 0x10, 0x04, 0x21,
    0xa7, 0x39, 0xc7, 0x39, 0xa7, 0x31, 0xc6, 0x39, 0xc7, 0x39, 0xa7, 0x31,
    0xc6, 0x31, 0xa6, 0x39, 0xa7, 0x39, 0xa7, 0x31, 0xa6, 0x31, 0xa7, 0x31,
    0xa6, 0x31, 0xa6, 0x31, 0xa7, 0x31, 0xa6, 0x39, 0xa7, 0x31, 0x87, 0x31,
    0xa6, 0x39, 0x87, 0x31, 0xa7, 0x31, 0xa6, 0x31, 0x86, 0x31, 0x86, 0x31,
    0xa6, 0x31, 0x66, 0x31, 0x82, 0x10, 0x82, 0x10, 0xa7, 0x31, 0x96, 0xb5,
    0xb7, 0xb5, 0x96, 0xb5, 0x52, 0x8c, 0x08, 0x42, 0xec, 0x5a, 0x72, 0x94,
    0x55, 0xad, 0xd8, 0xbd, 0x97, 0xad, 0xb7, 0xb5, 0x39, 0xce, 0x19, 0xc6,
    0x76, 0xad, 0x92, 0x94, 0x8a, 0x52, 0x82, 0x10, 0x41, 0x08, 0x82, 0x10,
    0xc3, 0x18, 0x04, 0x21, 0x24, 0x21, 0x25, 0x29, 0x25, 0x29, 0x24, 0x21,
    0x04, 0x29, 0x25, 0x21, 0x05, 0x21, 0x04, 0x29, 0x04, 0x21, 0x04, 0x21,
    0x04, 0x21, 0x05, 0x21, 0x04, 0x21, 0x04, 0x21, 0xe4, 0x18, 0xe4, 0x18,
    0xe4, 0x20, 0xe4, 0x18, 0xe4, 0x18, 0xe4, 0x20, 0xe4, 0x20, 0x04, 0x21,
    0x65, 0x29, 0x86, 0x31, 0xa7, 0x39, 0xe7, 0x39, 0xe8, 0x41, 0xe8, 0x41,
    0xe7, 0x41, 0xe8, 0x41, 0xe8, 0x41, 0xe7, 0x41, 0xe7, 0x41, 0xe7, 0x41,
    0xe8, 0x39, 0xe8, 0x39, 0xe8, 0x41, 0x08, 0x42, 0x07, 0x42, 0xe8, 0x41,
    0x08, 0x42, 0x08, 0x42, 0xaa, 0x52, 0x8e, 0x73, 0x30, 0x84, 0x92, 0x94,
    0xf3, 0x9c, 0x14, 0xa5, 0x34, 0xa5, 0x34, 0xad, 0x34, 0xa5, 0x35, 0xad,
    0x35, 0xad, 0x34, 0xa5, 0x34, 0xad, 0x35, 0xa5, 0x34, 0xad, 0x35, 0xa5,
    0x34, 0xa5, 0x15, 0xad, 0x34, 0xa5, 0x34, 0xa5, 0x34, 0xa5, 0x35, 0xad,
    0x15, 0xad, 0x34, 0xa5, 0x34, 0xa5, 0x34, 0xa5, 0x15, 0xad, 0x34, 0xa5,
    0x34, 0xa5, 0x34, 0xa5, 0x14, 0xa5, 0x35, 0xad, 0x35, 0xad, 0x35, 0xad,
    0x14, 0xa5, 0x34, 0xa5, 0x34, 0xa5, 0x34, 0xa5, 0x34, 0xa5, 0x15, 0xad,
    0x34, 0xa5, 0x34, 0xa5, 0x34, 0xa5, 0x35, 0xad, 0x34, 0xa5, 0x34, 0xa5,
    0x35, 0xad, 0x14, 0xa5, 0x35, 0xad, 0x15, 0xad, 0x34, 0xa5, 0x35, 0xa5,
    0x14, 0xa5, 0x35, 0xa5, 0x15, 0xa5, 0x34, 0xa5, 0x14, 0xad, 0x34, 0xa5,
    0x35, 0xa5, 0x15, 0xad, 0x34, 0xa5, 0x34, 0xad, 0x15, 0xad, 0x14, 0xa5,
    0x34, 0xa5, 0x35, 0xa5, 0x34, 0xad, 0x14, 0xad, 0x34, 0xa5, 0x34, 0xa5,
    0x35, 0xa5, 0x35, 0xad, 0x31, 0x8c, 0xe3, 0x18, 0x20, 0x00, 0x01, 0x00,
    0xa3, 0x18, 0xa7, 0x39, 0xc7, 0x39, 0xc7, 0x39, 0xe7, 0x39, 0x66, 0x31,
    0x21, 0x08, 0x21, 0x08, 0x62, 0x10, 0x04, 0x21, 0x61, 0x08, 0x45, 0x29,
    0x08, 0x42, 0xa7, 0x39, 0xc7, 0x39, 0xc6, 0x31, 0xa7, 0x39, 0xa7, 0x31,
    0xa7, 0x39, 0xa6, 0x31, 0xa7, 0x31, 0xc6, 0x39, 0xa7, 0x31, 0xa7, 0x39,
    0xa7, 0x39, 0xa7, 0x39, 0xa6, 0x31, 0xa6, 0x31, 0xa7, 0x39, 0x86, 0x31,
    0xa6, 0x31, 0x86, 0x39, 0x86, 0x39, 0xa6, 0x31, 0x86, 0x31, 0x87, 0x31,
    0xa7, 0x39, 0xe4, 0x20, 0x82, 0x10, 0xc3, 0x18, 0xd0, 0x7b, 0xf8, 0xbd,
    0xd7, 0xb5, 0x56, 0xad, 0xc7, 0x39, 0xe4, 0x18, 0x66, 0x31, 0xaf, 0x7b,
    0x14, 0xa5, 0xb7, 0xb5, 0x97, 0xad, 0x19, 0xc6, 0x7a, 0xce, 0x18, 0xc6,
    0x97, 0xb5, 0x14, 0xa5, 0xd0, 0x7b, 0x86, 0x31, 0x41, 0x08, 0x41, 0x08,
    0xa3, 0x10, 0xe4, 0x18, 0x04, 0x21, 0x24, 0x21, 0x25, 0x21, 0x24, 0x29,
    0x25, 0x21, 0x04, 0x21, 0x04, 0x21, 0x24, 0x21, 0x04, 0x21, 0x05, 0x21,
    0x04, 0x21, 0x04, 0x21, 0x04, 0x21, 0xe4, 0x20, 0xe4, 0x20, 0xe4, 0x18,
    0x04, 0x19, 0xe3, 0x18, 0xe3, 0x18, 0xe3, 0x18, 0xe4, 0x18, 0xe4, 0x20,
    0x25, 0x29, 0x66, 0x29, 0xa6, 0x31, 0xc7, 0x39, 0xe7, 0x39, 0xe7, 0x39,
    0xe8, 0x39, 0xe7, 0x39, 0xe7, 0x39, 0xe8, 0x39, 0xe8, 0x41, 0xe8, 0x39,
    0xe8, 0x41, 0xe7, 0x41, 0xe8, 0x41, 0xe8, 0x41, 0x08, 0x3a, 0x08, 0x42,
    0x08, 0x42, 0xe7, 0x39, 0x08, 0x42, 0xeb, 0x5a, 0xcf, 0x7b, 0x51, 0x8c,
    0xb3, 0x9c, 0xf4, 0xa4, 0x34, 0xa5, 0x35, 0xa5, 0x15, 0xad, 0x14, 0xa5,
    0x34, 0xa5, 0x34, 0xa5, 0x14, 0xa5, 0x35, 0xad, 0x15, 0xa5, 0x34, 0xad,
    0x34, 0xa5, 0x34, 0xa5, 0x34, 0xa5, 0x35, 0xad, 0x14, 0xa5, 0x34, 0xa5,
    0x35, 0xad, 0x34, 0xa5, 0x35, 0xad, 0x15, 0xad, 0x34, 0xa5, 0x34, 0xa5,
    0x35, 0xad, 0x14, 0xa5, 0x34, 0xa5, 0x34, 0xa5, 0x34, 0xa5, 0x14, 0xa5,
    0x34, 0xa5, 0x34, 0xa5, 0x35, 0xad, 0x35, 0xad, 0x14, 0xa5, 0x34, 0xa5,
    0x35, 0xad, 0x14, 0xa5, 0x34, 0xa5, 0x14, 0xa5, 0x14, 0xa5, 0x34, 0xa5,
    0x34, 0xa5, 0x14, 0xa5, 0x34, 0xa5, 0x35, 0xad, 0x15, 0xa5, 0x34, 0xa5,
    0x35, 0xad, 0x34, 0xa5, 0x34, 0xad, 0x35, 0xad, 0x35, 0xa5, 0x34, 0xad,
    0x34, 0xa5, 0x34, 0xa5, 0x34, 0xa5, 0x34, 0xa5, 0x34, 0xa5, 0x35, 0xa5,
    0x35, 0xad, 0x14, 0xad, 0x14, 0xa5, 0x35, 0xa5, 0x35, 0xad, 0x15, 0xa5,
    0x34, 0xad, 0x34, 0xa5, 0xeb, 0x5a, 0x21, 0x08, 0x20, 0x00, 0x20, 0x00,
    0xe3, 0x18, 0xc7, 0x39, 0xc7, 0x39, 0xc7, 0x39, 0xc7, 0x39, 0xe3, 0x20,
    0x21, 0x00, 0x21, 0x08, 0xe3, 0x18, 0xa3, 0x18, 0x82, 0x08, 0xcb, 0x5a,
    0xec, 0x62, 0xa7, 0x39, 0xc7, 0x39, 0xa7, 0x39, 0xa7, 0x39, 0xc7, 0x39,
    0xa6, 0x39, 0xa7, 0x39, 0xc6, 0x39, 0xa7, 0x31, 0xa7, 0x39, 0xa6, 0x39,
    0xa6, 0x31, 0xa7, 0x31, 0xa6, 0x39, 0xa7, 0x31, 0xa6, 0x31, 0xa6, 0x39,
    0xa6, 0x31, 0x87, 0x31, 0xa6, 0x31, 0x86, 0x31, 0x87, 0x31, 0x86, 0x31,
    0x86, 0x31, 0x82, 0x10, 0xc3, 0x10, 0x66, 0x31, 0x96, 0xb5, 0xb7, 0xb5,
    0x18, 0xc6, 0xcf, 0x7b, 0x25, 0x29, 0xc3, 0x18, 0xe4, 0x18, 0xab, 0x52,
    0xb3, 0x94, 0x96, 0xb5, 0xd7, 0xbd, 0x5a, 0xce, 0x39, 0xc6, 0xd7, 0xbd,
    0xb7, 0xbd, 0x55, 0xb5, 0xb3, 0x94, 0xcb, 0x5a, 0xa3, 0x10, 0x41, 0x08,
    0x62, 0x10, 0xc3, 0x18, 0xe4, 0x20, 0x04, 0x21, 0x24, 0x21, 0x25, 0x21,
    0x24, 0x29, 0x04, 0x21, 0x24, 0x29, 0x25, 0x21, 0x04, 0x21, 0x04, 0x21,
    0x04, 0x21, 0x04, 0x21, 0x04, 0x21, 0xe4, 0x20, 0x04, 0x21, 0xe4, 0x20,
    0xe3, 0x20, 0xe3, 0x20, 0xe4, 0x18, 0xe3, 0x20, 0xc3, 0x18, 0xe3, 0x18,
    0x04, 0x21, 0x45, 0x29, 0x66, 0x31, 0xa7, 0x39, 0xc7, 0x39, 0xe8, 0x39,
    0xe7, 0x41, 0xe8, 0x39, 0xe7, 0x39, 0xe8, 0x41, 0xe8, 0x39, 0xe8, 0x41,
    0xe7, 0x39, 0xe7, 0x41, 0xe8, 0x41, 0xe7, 0x39, 0xe7, 0x39, 0xe8, 0x41,
    0xe7, 0x39, 0xe8, 0x41, 0xe7, 0x39, 0x49, 0x4a, 0x2d, 0x63, 0xef, 0x7b,
    0x71, 0x94, 0xd3, 0x9c, 0x14, 0xa5, 0x34, 0xa5, 0x34, 0xa5, 0x34, 0xa5,
    0x34, 0xad, 0x15, 0xad, 0x35, 0xa5, 0x34, 0xa5, 0x34, 0xa5, 0x14, 0xa5,
    0x34, 0xa5, 0x15, 0xad, 0x35, 0xad, 0x34, 0xa5, 0x15, 0xad, 0x34, 0xa5,
    0x34, 0xa5, 0x34, 0xa5, 0x15, 0xad, 0x34, 0xa5, 0x34, 0xa5, 0x35, 0xad,
    0x14, 0xa5, 0x35, 0xad, 0x35, 0xad, 0x34, 0xa5, 0x14, 0xa5, 0x34, 0xa5,
    0x35, 0xad, 0x35, 0xad, 0x14, 0xa5, 0x34, 0xa5, 0x15, 0xad, 0x34, 0xa5,
    0x34, 0xa5, 0x35, 0xad, 0x35, 0xad, 0x35, 0xad, 0x35, 0xad, 0x35, 0xad,
    0x15, 0xad, 0x35, 0xad, 0x34, 0xa5, 0x34, 0xa5, 0x34, 0xa5, 0x14, 0xad,
    0x34, 0xad, 0x35, 0xa5, 0x34, 0xad, 0x14, 0xa5, 0x34, 0xa5, 0x35, 0xa5,
    0x14, 0xad, 0x14, 0xad, 0x35, 0xa5, 0x15, 0xad, 0x35, 0xad, 0x34, 0xa5,
    0x34, 0xa5, 0x34, 0xa5, 0x35, 0xa5, 0x34, 0xad, 0x34, 0xa5, 0x34, 0xad,
    0x35, 0xad, 0xb3, 0x9c, 0x66, 0x31, 0x00, 0x00, 0x20, 0x00, 0x21, 0x08,
    0xa3, 0x18, 0xc7, 0x39, 0xc7, 0x39, 0xe7, 0x39, 0x86, 0x31, 0x62, 0x08,
    0x20, 0x00, 0x41, 0x08, 0x04, 0x21, 0x62, 0x10, 0x04, 0x21, 0x31, 0x8c,
    0x10, 0x84, 0xe8, 0x39, 0xa7, 0x39, 0xc6, 0x39, 0xa7, 0x31, 0xa6, 0x39,
    0xc6, 0x31, 0xa7, 0x39, 0xa7, 0x39, 0xa7, 0x31, 0xa6, 0x31, 0xa7, 0x39,
    0xa6, 0x31, 0xa6, 0x31, 0xa7, 0x31, 0x86, 0x39, 0xa7, 0x39, 0x86, 0x31,
    0xa7, 0x31, 0x87, 0x31, 0xa6, 0x31, 0xa6, 0x31, 0x86, 0x31, 0xa6, 0x39,
    0x04, 0x21, 0x62, 0x10, 0xc3, 0x18, 0x2d, 0x63, 0xf8, 0xbd, 0xb7, 0xb5,
    0xd8, 0xbd, 0x28, 0x42, 0x24, 0x21, 0x62, 0x10, 0xe4, 0x18, 0x66, 0x29,
    0xd3, 0x9c, 0x56, 0xad, 0x18, 0xc6, 0x59, 0xce, 0xf8, 0xc5, 0xb7, 0xb5,
    0xd7, 0xbd, 0xb6, 0xbd, 0x14, 0xa5, 0xd0, 0x7b, 0xa7, 0x31, 0x41, 0x08,
    0x41, 0x08, 0x82, 0x10, 0xc3, 0x18, 0xe4, 0x20, 0x24, 0x21, 0x04, 0x21,
    0x05, 0x21, 0x05, 0x21, 0x25, 0x21, 0x04, 0x21, 0x04, 0x21, 0x04, 0x21,
    0x04, 0x21, 0x04, 0x21, 0x04, 0x21, 0x04, 0x21, 0xe4, 0x18, 0xe4, 0x18,
    0xe3, 0x18, 0xe4, 0x18, 0xe4, 0x20, 0xe4, 0x20, 0xe4, 0x18, 0xc4, 0x18,
    0xe4, 0x20, 0x24, 0x21, 0x65, 0x29, 0x86, 0x31, 0xa7, 0x39, 0xe7, 0x39,
    0xe8, 0x41, 0xe8, 0x41, 0xe8, 0x41, 0xe7, 0x41, 0xe7, 0x39, 0xe7, 0x39,
    0xe8, 0x41, 0xe8, 0x39, 0xe8, 0x39, 0xe8, 0x41, 0xe7, 0x41, 0xe8, 0x41,
    0xe8, 0x39, 0xe8, 0x41, 0x08, 0x42, 0xe8, 0x41, 0x8a, 0x52, 0x6e, 0x73,
    0x10, 0x84, 0x92, 0x94, 0xf3, 0x9c, 0x14, 0xa5, 0x35, 0xad, 0x35, 0xad,
    0x15, 0xa5, 0x34, 0xa5, 0x34, 0xad, 0x34, 0xad, 0x34, 0xad, 0x35, 0xa5,
    0x34, 0xa5, 0x35, 0xad, 0x14, 0xa5, 0x34, 0xa5, 0x34, 0xa5, 0x35, 0xad,
    0x35, 0xad, 0x14, 0xa5, 0x34, 0xa5, 0x34, 0xa5, 0x34, 0xa5, 0x15, 0xad,
    0x34, 0xa5, 0x34, 0xa5, 0x35, 0xad, 0x15, 0xad, 0x35, 0xad, 0x35, 0xad,
    0x34, 0xa5, 0x15, 0xad, 0x34, 0xa5, 0x34, 0xa5, 0x34, 0xa5, 0x35, 0xad,
    0x34, 0xa5, 0x14, 0xa5, 0x34, 0xa5, 0x34, 0xa5, 0x34, 0xa5, 0x34, 0xa5,
    0x34, 0xa5, 0x34, 0xa5, 0x35, 0xad, 0x14, 0xa5, 0x34, 0xad, 0x35, 0xa5,
    0x14, 0xa5, 0x34, 0xa5, 0x15, 0xa5, 0x34, 0xa5, 0x34, 0xa5, 0x14, 0xad,
    0x35, 0xa5, 0x35, 0xa5, 0x34, 0xad, 0x34, 0xa5, 0x14, 0xa5, 0x34, 0xad,
    0x14, 0xa5, 0x35, 0xad, 0x34, 0xad, 0x34, 0xa5, 0x15, 0xa5, 0x34, 0xa5,
    0x35, 0xad, 0xae, 0x73, 0x82, 0x10, 0x00, 0x00, 0x21, 0x00, 0x41, 0x08,
    0x62, 0x08, 0x86, 0x31, 0xe7, 0x39, 0xc7, 0x39, 0x24, 0x21, 0x21, 0x08,
    0x21, 0x00, 0xa3, 0x18, 0xc3, 0x18, 0x61, 0x08, 0x49, 0x4a, 0xf4, 0x9c,
    0xd3, 0x9c, 0xab, 0x5a, 0xa6, 0x31, 0xc7, 0x39, 0xa7, 0x31, 0xa6, 0x31,
    0xa7, 0x39, 0xa7, 0x31, 0xa7, 0x31, 0xa6, 0x31, 0xa6, 0x39, 0xa6, 0x39,
    0xa7, 0x31, 0xa7, 0x31, 0xa6, 0x39, 0xa7, 0x31, 0xa6, 0x31, 0xa7, 0x31,
    0x86, 0x31, 0x86, 0x39, 0xa6, 0x39, 0x87, 0x31, 0x86, 0x31, 0x86, 0x31,
    0x82, 0x10, 0xc4, 0x18, 0x04, 0x21, 0xf4, 0x9c, 0xb7, 0xb5, 0x39, 0xc6,
    0x72, 0x8c, 0x45, 0x29, 0xa3, 0x18, 0x82, 0x10, 0xc3, 0x18, 0x8a, 0x52,
    0x34, 0xad, 0x35, 0xad, 0xf8, 0xbd, 0x39, 0xc6, 0xb7, 0xbd, 0xb7, 0xb5,
    0xb7, 0xbd, 0xd7, 0xbd, 0x35, 0xa5, 0x92, 0x94, 0xec, 0x5a, 0xc3, 0x18,
    0x41, 0x08, 0x62, 0x08, 0xa3, 0x10, 0xe3, 0x18, 0x04, 0x21, 0x04, 0x21,
    0x24, 0x21, 0x24, 0x21, 0x04, 0x21, 0x04, 0x21, 0x04, 0x21, 0x04, 0x21,
    0x05, 0x21, 0x04, 0x21, 0x04, 0x21, 0xe4, 0x20, 0xe4, 0x18, 0xe4, 0x20,
    0xe3, 0x20, 0xe4, 0x18, 0xe3, 0x18, 0xe3, 0x18, 0xe4, 0x18, 0xc3, 0x20,
    0xe3, 0x18, 0xe4, 0x20, 0x25, 0x29, 0x65, 0x29, 0x86, 0x31, 0xc7, 0x39,
    0xe7, 0x39, 0xe7, 0x39, 0xe7, 0x41, 0xe8, 0x39, 0xe7, 0x41, 0xe8, 0x41,
    0xe8, 0x39, 0xe7, 0x41, 0xe8, 0x41, 0xe7, 0x39, 0xe8, 0x41, 0xe8, 0x41,
    0xe7, 0x41, 0xe7, 0x39, 0xe8, 0x41, 0x07, 0x42, 0x08, 0x42, 0xcb, 0x5a,
    0xaf, 0x73, 0x31, 0x8c, 0xb2, 0x94, 0xf3, 0x9c, 0x14, 0xa5, 0x34, 0xa5,
    0x34, 0xa5, 0x34, 0xa5, 0x35, 0xa5, 0x15, 0xa5, 0x14, 0xa5, 0x34, 0xad,
    0x34, 0xa5, 0x14, 0xa5, 0x34, 0xa5, 0x35, 0xad, 0x34, 0xa5, 0x14, 0xa5,
    0x34, 0xa5, 0x15, 0xad, 0x35, 0xad, 0x34, 0xa5, 0x15, 0xad, 0x34, 0xa5,
    0x35, 0xad, 0x14, 0xa5, 0x34, 0xa5, 0x34, 0xa5, 0x34, 0xa5, 0x34, 0xa5,
    0x14, 0xa5, 0x34, 0xa5, 0x35, 0xad, 0x34, 0xa5, 0x35, 0xad, 0x34, 0xa5,
    0x15, 0xad, 0x34, 0xa5, 0x35, 0xad, 0x14, 0xa5, 0x14, 0xa5, 0x35, 0xad,
    0x14, 0xa5, 0x34, 0xa5, 0x34, 0xa5, 0x15, 0xad, 0x35, 0xa5, 0x34, 0xad,
    0x35, 0xa5, 0x34, 0xad, 0x34, 0xad, 0x35, 0xa5, 0x35, 0xad, 0x35, 0xad,
    0x34, 0xa5, 0x34, 0xa5, 0x35, 0xa5, 0x34, 0xad, 0x34, 0xa5, 0x35, 0xa5,
    0x35, 0xad, 0x14, 0xa5, 0x35, 0xa5, 0x15, 0xa5, 0x34, 0xad, 0x35, 0xad,
    0x14, 0xa5, 0x29, 0x42, 0x00, 0x00, 0x20, 0x08, 0x21, 0x08, 0x41, 0x08,
    0x20, 0x00, 0x04, 0x21, 0xc7, 0x39, 0xa7, 0x39, 0x82, 0x10, 0x20, 0x08,
    0x41, 0x08, 0x04, 0x21, 0x62, 0x10, 0xa2, 0x10, 0xaf, 0x73, 0xd4, 0x9c,
    0x35, 0xad, 0xf0, 0x83, 0xe7, 0x39, 0xa7, 0x39, 0xc7, 0x39, 0xa7, 0x39,
    0xc7, 0x39, 0xa6, 0x39, 0xc6, 0x31, 0xa7, 0x39, 0xa6, 0x39, 0xa7, 0x31,
    0xa7, 0x31, 0xa6, 0x39, 0xa7, 0x39, 0xa6, 0x31, 0xa6, 0x31, 0xa6, 0x39,
    0x87, 0x31, 0xa6, 0x31, 0xa6, 0x31, 0x86, 0x31, 0x87, 0x31, 0x24, 0x29,
    0x62, 0x10, 0xe3, 0x18, 0x09, 0x42, 0xd7, 0xbd, 0xb7, 0xbd, 0x18, 0xc6,
    0x69, 0x4a, 0x25, 0x21, 0x62, 0x10, 0xe4, 0x18, 0x04, 0x21, 0xd4, 0x9c,
    0x35, 0xad, 0x35, 0xa5, 0x76, 0xb5, 0xd7, 0xbd, 0x76, 0xad, 0x97, 0xb5,
    0xb7, 0xbd, 0xb7, 0xbd, 0x76, 0xad, 0xf4, 0x9c, 0x11, 0x84, 0xe8, 0x41,
    0x61, 0x08, 0x41, 0x08, 0x62, 0x10, 0xc3, 0x18, 0xe4, 0x20, 0x04, 0x21,
    0x04, 0x21, 0x04, 0x21, 0x04, 0x21, 0x05, 0x21, 0x04, 0x21, 0x04, 0x21,
    0x04, 0x21, 0x04, 0x21, 0xe4, 0x20, 0xe4, 0x18, 0xe4, 0x20, 0xe3, 0x18,
    0xe4, 0x20, 0xe4, 0x18, 0xe3, 0x20, 0xe3, 0x18, 0xc3, 0x18, 0xe3, 0x18,
    0xc4, 0x18, 0xc4, 0x18, 0x04, 0x21, 0x45, 0x29, 0x66, 0x31, 0xa7, 0x31,
    0xc7, 0x39, 0xe7, 0x39, 0xe7, 0x39, 0xe8, 0x39, 0xc8, 0x39, 0xe7, 0x41,
    0xe7, 0x39, 0xe7, 0x39, 0xe7, 0x39, 0xe8, 0x41, 0xe8, 0x39, 0xe7, 0x39,
    0xe8, 0x41, 0xe8, 0x41, 0xe8, 0x39, 0xe8, 0x39, 0xe7, 0x39, 0x28, 0x42,
    0x2c, 0x63, 0xcf, 0x7b, 0x51, 0x8c, 0xb3, 0x9c, 0x14, 0xa5, 0x34, 0xa5,
    0x34, 0xad, 0x15, 0xad, 0x34, 0xad, 0x34, 0xa5, 0x35, 0xa5, 0x35, 0xa5,
    0x34, 0xa5, 0x35, 0xad, 0x35, 0xad, 0x34, 0xa5, 0x15, 0xad, 0x34, 0xa5,
    0x35, 0xad, 0x34, 0xa5, 0x34, 0xa5, 0x35, 0xad, 0x34, 0xa5, 0x34, 0xa5,
    0x34, 0xa5, 0x35, 0xad, 0x34, 0xa5, 0x14, 0xa5, 0x34, 0xa5, 0x15, 0xad,
    0x35, 0xad, 0x34, 0xa5, 0x34, 0xa5, 0x15, 0xad, 0x15, 0xad, 0x34, 0xa5,
    0x14, 0xa5, 0x35, 0xad, 0x34, 0xa5, 0x35, 0xad, 0x35, 0xad, 0x34, 0xa5,
    0x35, 0xad, 0x15, 0xad, 0x35, 0xad, 0x34, 0xa5, 0x34, 0xa5, 0x35, 0xa5,
    0x14, 0xad, 0x35, 0xa5, 0x35, 0xa5, 0x14, 0xad, 0x34, 0xa5, 0x14, 0xa5,
    0x34, 0xad, 0x34, 0xa5, 0x14, 0xad, 0x15, 0xa5, 0x35, 0xad, 0x34, 0xa5,
    0x14, 0xa5, 0x35, 0xa5, 0x34, 0xa5, 0x34, 0xad, 0x34, 0xa5, 0x35, 0xad,
    0x51, 0x8c, 0xe3, 0x18, 0x00, 0x00, 0x21, 0x00, 0x41, 0x08, 0x21, 0x08,
    0x00, 0x00, 0x62, 0x10, 0xa7, 0x39, 0x65, 0x29, 0x41, 0x08, 0x21, 0x00,
    0x82, 0x10, 0xe4, 0x20, 0x41, 0x08, 0x29, 0x42, 0x92, 0x94, 0x92, 0x94,
    0x55, 0xad, 0xb3, 0x94, 0xe8, 0x41, 0xa7, 0x39, 0xa7, 0x39, 0xa6, 0x39,
    0xa6, 0x31, 0xa7, 0x31, 0xa7, 0x39, 0xa6, 0x39, 0xa7, 0x31, 0xa7, 0x31,
    0xa6, 0x31, 0xa6, 0x39, 0x87, 0x31, 0x86, 0x31, 0xa6, 0x39, 0x87, 0x31,
    0xa6, 0x31, 0x86, 0x39, 0xa6, 0x31, 0x86, 0x31, 0x86, 0x31, 0xa3, 0x10,
    0xc3, 0x18, 0xc3, 0x18, 0x51, 0x8c, 0xd8, 0xbd, 0xf8, 0xc5, 0x72, 0x94,
    0x65, 0x29, 0xc3, 0x18, 0x82, 0x10, 0xc3, 0x18, 0xab, 0x52, 0xb7, 0xbd,
    0x76, 0xad, 0x14, 0xa5, 0x15, 0xa5, 0x35, 0xa5, 0x76, 0xad, 0x96, 0xb5,
    0xd7, 0xbd, 0xb7, 0xbd, 0xb7, 0xb5, 0x55, 0xad, 0xb3, 0x94, 0x6e, 0x6b,
    0x25, 0x21, 0x41, 0x08, 0x41, 0x08, 0x82, 0x10, 0xc3, 0x18, 0x04, 0x21,
    0x04, 0x21, 0x04, 0x21, 0x04, 0x21, 0x04, 0x21, 0x04, 0x21, 0x04, 0x21,
    0x04, 0x21, 0x04, 0x21, 0xe4, 0x20, 0x04, 0x19, 0xe4, 0x18, 0xe3, 0x20,
    0xe3, 0x18, 0xe4, 0x18, 0xe3, 0x18, 0xc4, 0x20, 0xc4, 0x18, 0xc3, 0x18,
    0xc3, 0x18, 0xc4, 0x18, 0xe3, 0x18, 0x24, 0x21, 0x45, 0x29, 0x86, 0x31,
    0xa7, 0x39, 0xc7, 0x39, 0xe8, 0x41, 0xe8, 0x39, 0xe7, 0x39, 0xe8, 0x41,
    0xe8, 0x41, 0xe8, 0x39, 0xe8, 0x41, 0xe7, 0x39, 0xe7, 0x41, 0xe7, 0x39,
    0xe8, 0x39, 0xe8, 0x41, 0xe7, 0x41, 0xe7, 0x41, 0xe8, 0x41, 0xe7, 0x41,
    0x6a, 0x52, 0x6d, 0x6b, 0x10, 0x84, 0x72, 0x94, 0xd3, 0x9c, 0x14, 0xa5,
    0x35, 0xa5, 0x35, 0xa5, 0x14, 0xa5, 0x34, 0xad, 0x35, 0xad, 0x14, 0xad,
    0x34, 0xa5, 0x15, 0xad, 0x34, 0xa5, 0x34, 0xa5, 0x14, 0xa5, 0x35, 0xad,
    0x34, 0xa5, 0x14, 0xa5, 0x34, 0xa5, 0x34, 0xa5, 0x15, 0xad, 0x35, 0xad,
    0x14, 0xa5, 0x34, 0xa5, 0x35, 0xad, 0x15, 0xad, 0x35, 0xad, 0x34, 0xa5,
    0x34, 0xa5, 0x35, 0xad, 0x14, 0xa5, 0x34, 0xa5, 0x34, 0xa5, 0x34, 0xa5,
    0x34, 0xa5, 0x34, 0xa5, 0x14, 0xa5, 0x34, 0xa5, 0x34, 0xa5, 0x34, 0xa5,
    0x14, 0xa5, 0x34, 0xa5, 0x34, 0xa5, 0x34, 0xa5, 0x14, 0xad, 0x34, 0xad,
    0x34, 0xa5, 0x34, 0xa5, 0x14, 0xad, 0x34, 0xa5, 0x34, 0xa5, 0x35, 0xa5,
    0x35, 0xa5, 0x15, 0xad, 0x34, 0xa5, 0x34, 0xa5, 0x14, 0xa5, 0x35, 0xad,
    0x34, 0xad, 0x34, 0xad, 0x34, 0xad, 0x34, 0xa5, 0x35, 0xa5, 0x34, 0xa5,
    0xeb, 0x62, 0x21, 0x08, 0x20, 0x00, 0x20, 0x00, 0x41, 0x08, 0x21, 0x00,
    0x00, 0x00, 0x41, 0x08, 0xa6, 0x31, 0xc3, 0x18, 0x20, 0x00, 0x21, 0x08,
    0xe4, 0x18, 0x82, 0x10, 0x04, 0x21, 0x52, 0x8c, 0xd3, 0x9c, 0x92, 0x9c,
    0x76, 0xad, 0x93, 0x94, 0xc7, 0x39, 0xa7, 0x31, 0xa7, 0x31, 0xa6, 0x31,
    0xc7, 0x39, 0xa7, 0x39, 0xa6, 0x31, 0xa7, 0x31, 0xa7, 0x39, 0xa6, 0x39,
    0xa6, 0x31, 0xa7, 0x39, 0xa6, 0x31, 0xa6, 0x31, 0x87, 0x31, 0x87, 0x31,
    0x86, 0x31, 0xa6, 0x39, 0x87, 0x31, 0xa7, 0x31, 0x45, 0x29, 0x62, 0x10,
    0xc3, 0x18, 0xe8, 0x39, 0xb7, 0xbd, 0xd7, 0xbd, 0xd7, 0xbd, 0x69, 0x4a,
    0x25, 0x21, 0x62, 0x10, 0xa3, 0x18, 0xe3, 0x18, 0xb3, 0x9c, 0xb7, 0xb5,
    0x96, 0xb5, 0x14, 0xa5, 0x10, 0x84, 0x72, 0x8c, 0x35, 0xad, 0x96, 0xb5,
    0xd7, 0xbd, 0xf8, 0xbd, 0xd7, 0xb5, 0x96, 0xb5, 0x15, 0xa5, 0x93, 0x94,
    0xab, 0x52, 0x62, 0x10, 0x41, 0x08, 0x62, 0x08, 0xa3, 0x10, 0xc3, 0x18,
    0x04, 0x21, 0x04, 0x21, 0x04, 0x21, 0x04, 0x21, 0x04, 0x21, 0x04, 0x21,
    0x04, 0x21, 0xe4, 0x20, 0x04, 0x21, 0xe4, 0x18, 0xe4, 0x20, 0xe4, 0x20,
    0xe4, 0x18, 0xe3, 0x18, 0xe3, 0x18, 0xe4, 0x18, 0xc3, 0x18, 0xc3, 0x18,
    0xe3, 0x18, 0xc3, 0x18, 0xc3, 0x18, 0xe4, 0x20, 0x25, 0x21, 0x65, 0x29,
    0xa6, 0x31, 0xc7, 0x39, 0xc7, 0x39, 0xe7, 0x41, 0xe7, 0x41, 0xe7, 0x39,
    0xc8, 0x39, 0xe7, 0x41, 0xe7, 0x41, 0xe8, 0x41, 0xe7, 0x39, 0xe8, 0x41,
    0xe8, 0x39, 0xe7, 0x41, 0xe7, 0x39, 0xe8, 0x39, 0xe8, 0x41, 0xe8, 0x39,
    0xe8, 0x41, 0xab, 0x5a, 0x8e, 0x73, 0x30, 0x84, 0x92, 0x94, 0xf3, 0x9c,
    0x34, 0xa5, 0x34, 0xad, 0x35, 0xa5, 0x14, 0xa5, 0x34, 0xa5, 0x34, 0xa5,
    0x34, 0xa5, 0x34, 0xa5, 0x14, 0xa5, 0x35, 0xad, 0x34, 0xa5, 0x34, 0xa5,
    0x35, 0xad, 0x15, 0xad, 0x35, 0xad, 0x34, 0xa5, 0x14, 0xa5, 0x34, 0xa5,
    0x35, 0xad, 0x15, 0xad, 0x34, 0xa5, 0x34, 0xa5, 0x34, 0xa5, 0x34, 0xa5,
    0x14, 0xa5, 0x34, 0xa5, 0x35, 0xad, 0x35, 0xad, 0x34, 0xa5, 0x35, 0xad,
    0x15, 0xad, 0x35, 0xad, 0x35, 0xad, 0x14, 0xa5, 0x35, 0xad, 0x15, 0xad,
    0x34, 0xa5, 0x35, 0xad, 0x34, 0xa5, 0x15, 0xad, 0x35, 0xa5, 0x35, 0xa5,
    0x34, 0xa5, 0x15, 0xad, 0x34, 0xa5, 0x35, 0xa5, 0x35, 0xad, 0x14, 0xad,
    0x34, 0xa5, 0x34, 0xa5, 0x35, 0xad, 0x35, 0xad, 0x34, 0xa5, 0x34, 0xa5,
    0x35, 0xa5, 0x14, 0xa5, 0x35, 0xa5, 0x15, 0xad, 0x35, 0xad, 0xb3, 0x9c,
    0x86, 0x31, 0x00, 0x00, 0x20, 0x00, 0x41, 0x08, 0x21, 0x08, 0x20, 0x00,
    0x00, 0x00, 0xa3, 0x10, 0x66, 0x31, 0x41, 0x08, 0x21, 0x08, 0x61, 0x10,
    0x04, 0x21, 0x61, 0x08, 0x8a, 0x52, 0x35, 0xa5, 0x34, 0xa5, 0x14, 0xa5,
    0x76, 0xb5, 0x8e, 0x73, 0xa6, 0x31, 0xa7, 0x39, 0xc6, 0x39, 0xa7, 0x39,
    0xa7, 0x39, 0xa6, 0x31, 0xa7, 0x31, 0xa6, 0x39, 0xa6, 0x31, 0xa6, 0x31,
    0xa7, 0x39, 0xa7, 0x31, 0xa6, 0x31, 0xa7, 0x39, 0x86, 0x39, 0xa6, 0x31,
    0xa6, 0x31, 0xa7, 0x31, 0x86, 0x31, 0xa6, 0x39, 0xa3, 0x18, 0xa3, 0x10,
    0xc3, 0x18, 0xf0, 0x83, 0xf8, 0xbd, 0xf8, 0xbd, 0x72, 0x94, 0x66, 0x29,
    0xe3, 0x18, 0x62, 0x10, 0xa3, 0x10, 0xab, 0x52, 0xb7, 0xbd, 0x96, 0xb5,
    0xb7, 0xb5, 0xaf, 0x7b, 0x08, 0x42, 0xf0, 0x83, 0xf4, 0xa4, 0x97, 0xb5,
    0xd8, 0xbd, 0x18, 0xc6, 0xb7, 0xb5, 0xd8, 0xbd, 0xd7, 0xbd, 0x35, 0xad,
    0xd0, 0x7b, 0x65, 0x29, 0x41, 0x08, 0x41, 0x08, 0x82, 0x10, 0xa3, 0x18,
    0xe4, 0x18, 0x04, 0x21, 0x04, 0x21, 0x04, 0x21, 0x04, 0x21, 0x04, 0x21,
    0x04, 0x19, 0xe4, 0x20, 0xe4, 0x18, 0xe4, 0x18, 0xe3, 0x20, 0xe3, 0x20,
    0xe4, 0x18, 0xe4, 0x20, 0xc4, 0x20, 0xc3, 0x18, 0xe3, 0x18, 0xc3, 0x20,
    0xc4, 0x18, 0xc3, 0x18, 0xc3, 0x18, 0xc4, 0x18, 0x04, 0x21, 0x25, 0x29,
    0x66, 0x31, 0xa7, 0x31, 0xc7, 0x39, 0xc7, 0x39, 0xe7, 0x39, 0xe8, 0x41,
    0xe7, 0x39, 0xe7, 0x39, 0xe8, 0x39, 0xc8, 0x39, 0xe8, 0x41, 0xe7, 0x41,
    0xe7, 0x41, 0xe8, 0x39, 0xe8, 0x39, 0xe8, 0x41, 0xe8, 0x39, 0xe7, 0x39,
    0xe7, 0x39, 0x08, 0x42, 0xec, 0x62, 0xcf, 0x7b, 0x51, 0x8c, 0xb2, 0x94,
    0xf4, 0xa4, 0x34, 0xa5, 0x34, 0xad, 0x35, 0xa5, 0x34, 0xa5, 0x35, 0xad,
    0x34, 0xa5, 0x15, 0xad, 0x35, 0xad, 0x34, 0xa5, 0x35, 0xad, 0x34, 0xa5,
    0x14, 0xa5, 0x34, 0xa5, 0x34, 0xa5, 0x35, 0xad, 0x35, 0xad, 0x34, 0xa5,
    0x34, 0xa5, 0x34, 0xa5, 0x34, 0xa5, 0x34, 0xa5, 0x35, 0xad, 0x15, 0xad,
    0x35, 0xad, 0x35, 0xad, 0x34, 0xa5, 0x14, 0xa5, 0x35, 0xad, 0x14, 0xa5,
    0x34, 0xa5, 0x34, 0xa5, 0x34, 0xa5, 0x35, 0xad, 0x34, 0xa5, 0x34, 0xa5,
    0x35, 0xad, 0x34, 0xa5, 0x15, 0xad, 0x34, 0xa5, 0x34, 0xa5, 0x34, 0xa5,
    0x15, 0xad, 0x34, 0xa5, 0x35, 0xad, 0x34, 0xad, 0x14, 0xa5, 0x35, 0xa5,
    0x34, 0xad, 0x34, 0xad, 0x14, 0xa5, 0x35, 0xa5, 0x34, 0xad, 0x34, 0xa5,
    0x14, 0xad, 0x35, 0xa5, 0x34, 0xa5, 0x34, 0xa5, 0x35, 0xad, 0xaf, 0x7b,
    0x82, 0x08, 0x00, 0x00, 0x21, 0x08, 0x62, 0x08, 0x20, 0x00, 0x20, 0x00,
    0x20, 0x00, 0x25, 0x29, 0x04, 0x21, 0x20, 0x00, 0x21, 0x00, 0xc3, 0x18,
    0xa3, 0x18, 0x82, 0x10, 0xf0, 0x7b, 0x55, 0xa5, 0xb7, 0xb5, 0x96, 0xb5,
    0x35, 0xa5, 0x49, 0x4a, 0xa6, 0x31, 0xa7, 0x39, 0xa7, 0x39, 0xa6, 0x31,
    0xc7, 0x31, 0xa7, 0x31, 0xa6, 0x39, 0xa6, 0x39, 0xa7, 0x31, 0xa7, 0x31,
    0xa7, 0x31, 0x86, 0x39, 0x86, 0x31, 0xa6, 0x31, 0x87, 0x31, 0xa6, 0x39,
    0xa6, 0x31, 0x86, 0x31, 0x86, 0x31, 0x45, 0x29, 0x62, 0x10, 0xc3, 0x18,
    0x86, 0x31, 0x76, 0xb5, 0xb7, 0xbd, 0xd7, 0xbd, 0x8a, 0x52, 0x25, 0x29,
    0x62, 0x10, 0xa2, 0x10, 0x04, 0x21, 0x15, 0xa5, 0xb7, 0xbd, 0x96, 0xb5,
    0xf4, 0x9c, 0x66, 0x31, 0x25, 0x21, 0x0c, 0x63, 0xb3, 0x9c, 0x96, 0xb5,
    0x18, 0xc6, 0xd8, 0xbd, 0xd7, 0xbd, 0x39, 0xce, 0x39, 0xc6, 0x76, 0xb5,
    0x72, 0x94, 0xa7, 0x31, 0x62, 0x10, 0x41, 0x08, 0x41, 0x08, 0xa3, 0x10,
    0xc3, 0x18, 0xe4, 0x20, 0x04, 0x21, 0x04, 0x21, 0x04, 0x21, 0x04, 0x21,
    0xe4, 0x20, 0x04, 0x19, 0x04, 0x21, 0xe3, 0x20, 0xe3, 0x18, 0xe4, 0x18,
    0xe3, 0x18, 0xe3, 0x18, 0xc4, 0x18, 0xc3, 0x18, 0xc3, 0x18, 0xc4, 0x18,
    0xc3, 0x18, 0xc3, 0x18, 0xc3, 0x18, 0xc3, 0x18, 0xc4, 0x18, 0x04, 0x21,
    0x45, 0x29, 0x86, 0x31, 0xa7, 0x31, 0xc7, 0x39, 0xc8, 0x39, 0xe7, 0x39,
    0xe8, 0x41, 0xe8, 0x39, 0xc7, 0x39, 0xe7, 0x39, 0xe7, 0x39, 0xc8, 0x39,
    0xc8, 0x39, 0xe7, 0x41, 0xe7, 0x41, 0xe8, 0x41, 0xe7, 0x41, 0xe7, 0x41,
    0xe8, 0x41, 0xe7, 0x39, 0x49, 0x4a, 0x4d, 0x6b, 0xf0, 0x83, 0x71, 0x8c,
    0xd3, 0x9c, 0x14, 0xa5, 0x34, 0xa5, 0x35, 0xad, 0x15, 0xad, 0x34, 0xa5,
    0x34, 0xa5, 0x35, 0xad, 0x34, 0xa5, 0x34, 0xa5, 0x14, 0xa5, 0x35, 0xad,
    0x35, 0xad, 0x14, 0xa5, 0x34, 0xa5, 0x14, 0xa5, 0x34, 0xa5, 0x35, 0xad,
    0x14, 0xa5, 0x34, 0xa5, 0x35, 0xad, 0x15, 0xad, 0x14, 0xa5, 0x34, 0xa5,
    0x34, 0xa5, 0x34, 0xa5, 0x14, 0xa5, 0x34, 0xa5, 0x34, 0xa5, 0x34, 0xa5,
    0x15, 0xad, 0x34, 0xa5, 0x14, 0xa5, 0x34, 0xa5, 0x34, 0xa5, 0x14, 0xa5,
    0x34, 0xa5, 0x35, 0xad, 0x14, 0xa5, 0x34, 0xa5, 0x35, 0xad, 0x14, 0xad,
    0x34, 0xa5, 0x35, 0xad, 0x34, 0xa5, 0x14, 0xa5, 0x34, 0xa5, 0x34, 0xad,
    0x35, 0xa5, 0x15, 0xa5, 0x34, 0xa5, 0x34, 0xa5, 0x14, 0xa5, 0x15, 0xad,
    0x35, 0xa5, 0x34, 0xad, 0x34, 0xad, 0x34, 0xad, 0x14, 0xa5, 0x49, 0x4a,
    0x00, 0x00, 0x20, 0x00, 0x62, 0x10, 0x04, 0x21, 0x21, 0x08, 0x00, 0x00,
    0x62, 0x10, 0x86, 0x31, 0x82, 0x10, 0x20, 0x00, 0x41, 0x08, 0x04, 0x21,
    0x62, 0x10, 0x04, 0x21, 0x93, 0x94, 0x56, 0xad, 0xd8, 0xbd, 0xb7, 0xb5,
    0x31, 0x84, 0xcb, 0x5a, 0xa7, 0x39, 0xa7, 0x39, 0xa7, 0x31, 0xc6, 0x39,
    0xa7, 0x31, 0xa7, 0x39, 0xa6, 0x39, 0xa7, 0x31, 0xa7, 0x31, 0x86, 0x39,
    0xa6, 0x39, 0xa6, 0x31, 0xa6, 0x39, 0x87, 0x31, 0x86, 0x31, 0x86, 0x31,
    0x86, 0x39, 0x87, 0x31, 0xa6, 0x31, 0xc3, 0x18, 0x82, 0x10, 0xa3, 0x10,
    0x8e, 0x73, 0xb7, 0xb5, 0xd7, 0xbd, 0xb3, 0x9c, 0x86, 0x31, 0xe3, 0x18,
    0x62, 0x10, 0xa3, 0x10, 0x0c, 0x63, 0xf8, 0xbd, 0xb7, 0xb5, 0xb7, 0xbd,
    0x0c, 0x63, 0xe4, 0x18, 0xe4, 0x18, 0xc7, 0x39, 0x11, 0x84, 0x55, 0xad,
    0xf8, 0xbd, 0xd8, 0xbd, 0x39, 0xc6, 0x7a, 0xce, 0x18, 0xc6, 0xb7, 0xb5,
    0x10, 0x84, 0xe4, 0x18, 0xa2, 0x10, 0x61, 0x08, 0x41, 0x08, 0x62, 0x10,
    0xa3, 0x18, 0xe3, 0x18, 0xe4, 0x20, 0x04, 0x21, 0xe4, 0x20, 0xe4, 0x20,
    0x04, 0x19, 0x04, 0x21, 0xe3, 0x20, 0xe4, 0x18, 0xe4, 0x20, 0xe4, 0x18,
    0xe3, 0x18, 0xc3, 0x18, 0xe3, 0x18, 0xe3, 0x18, 0xc4, 0x18, 0xe3, 0x18,
    0xc3, 0x18, 0xc3, 0x18, 0xc3, 0x18, 0xc3, 0x18, 0xc3, 0x18, 0xe4, 0x18,
    0x25, 0x21, 0x65, 0x29, 0x86, 0x31, 0xc7, 0x39, 0xe7, 0x39, 0xc8, 0x39,
    0xc7, 0x39, 0xe7, 0x41, 0xe7, 0x41, 0xe7, 0x41, 0xe8, 0x41, 0xe7, 0x39,
    0xe8, 0x39, 0xc7, 0x41, 0xe8, 0x39, 0xe7, 0x39, 0xe7, 0x39, 0xe8, 0x39,
    0xe8, 0x41, 0xe8, 0x41, 0xe8, 0x41, 0x8a, 0x52, 0x6e, 0x73, 0x10, 0x84,
    0x92, 0x94, 0xd3, 0x9c, 0x14, 0xa5, 0x34, 0xa5, 0x34, 0xa5, 0x14, 0xad,
    0x34, 0xa5, 0x14, 0xa5, 0x34, 0xa5, 0x35, 0xad, 0x14, 0xa5, 0x34, 0xa5,
    0x35, 0xad, 0x34, 0xa5, 0x35, 0xad, 0x35, 0xad, 0x14, 0xa5, 0x34, 0xa5,
    0x15, 0xad, 0x35, 0xad, 0x14, 0xa5, 0x34, 0xa5, 0x35, 0xad, 0x34, 0xa5,
    0x34, 0xa5, 0x15, 0xad, 0x35, 0xad, 0x35, 0xad, 0x35, 0xad, 0x35, 0xad,
    0x34, 0xa5, 0x35, 0xad, 0x35, 0xad, 0x14, 0xa5, 0x35, 0xad, 0x35, 0xad,
    0x15, 0xad, 0x34, 0xa5, 0x34, 0xa5, 0x35, 0xad, 0x14, 0xa5, 0x35, 0xa5,
    0x34, 0xad, 0x34, 0xa5, 0x14, 0xa5, 0x35, 0xa5, 0x35, 0xad, 0x35, 0xa5,
    0x14, 0xa5, 0x34, 0xa5, 0x35, 0xad, 0x34, 0xad, 0x35, 0xad, 0x35, 0xa5,
    0x34, 0xa5, 0x14, 0xa5, 0x35, 0xa5, 0x35, 0xad, 0x51, 0x8c, 0xe3, 0x18,
    0x00, 0x00, 0x00, 0x00, 0xe4, 0x18, 0x86, 0x31, 0x82, 0x10, 0x00, 0x00,
    0xe4, 0x20, 0x45, 0x29, 0x21, 0x08, 0x20, 0x00, 0xa2, 0x10, 0xe3, 0x18,
    0x62, 0x10, 0x08, 0x42, 0x15, 0xa5, 0x96, 0xad, 0xd7, 0xbd, 0x35, 0xa5,
    0xaf, 0x7b, 0x31, 0x8c, 0x08, 0x42, 0xa7, 0x39, 0xa6, 0x31, 0xa7, 0x39,
    0xa6, 0x39, 0xa6, 0x31, 0xa7, 0x31, 0xa7, 0x31, 0xa6, 0x31, 0xa6, 0x39,
    0x87, 0x31, 0xa6, 0x31, 0xa7, 0x31, 0x87, 0x39, 0xa6, 0x31, 0xa6, 0x31,
    0xa7, 0x31, 0x86, 0x31, 0x65, 0x31, 0x62, 0x10, 0xa2, 0x10, 0x86, 0x31,
    0x55, 0xad, 0x97, 0xb5, 0xb7, 0xb5, 0xcb, 0x5a, 0x25, 0x29, 0x82, 0x08,
    0xa3, 0x18, 0x25, 0x21, 0x55, 0xad, 0xb7, 0xb5, 0xd8, 0xbd, 0x35, 0xa5,
    0x86, 0x31, 0x04, 0x21, 0x82, 0x10, 0x04, 0x21, 0xec, 0x5a, 0x14, 0xa5,
    0xb7, 0xb5, 0xf8, 0xc5, 0x7a, 0xce, 0x39, 0xc6, 0xf8, 0xbd, 0x96, 0xb5,
    0x29, 0x4a, 0xe4, 0x18, 0xc3, 0x18, 0x82, 0x10, 0x41, 0x08, 0x41, 0x08,
    0x82, 0x10, 0xc3, 0x18, 0xe3, 0x18, 0xe4, 0x20, 0x04, 0x19, 0xe4, 0x18,
    0xe4, 0x20, 0xe4, 0x20, 0xe4, 0x18, 0xe3, 0x18, 0xe4, 0x18, 0xe4, 0x20,
    0xc4, 0x18, 0xc4, 0x20, 0xe3, 0x20, 0xc4, 0x18, 0xc3, 0x18, 0xc3, 0x18,
    0xc3, 0x18, 0xc3, 0x18, 0xc3, 0x18, 0xc3, 0x10, 0xa3, 0x18, 0xc3, 0x18,
    0x04, 0x21, 0x45, 0x29, 0x66, 0x31, 0xa6, 0x31, 0xc7, 0x39, 0xe7, 0x39,
    0xc7, 0x39, 0xe7, 0x39, 0xe8, 0x39, 0xc8, 0x39, 0xe7, 0x39, 0xe7, 0x41,
    0xe7, 0x39, 0xe8, 0x39, 0xe7, 0x41, 0xe8, 0x39, 0xc7, 0x39, 0xe8, 0x41,
    0xe7, 0x39, 0xe7, 0x39, 0xe7, 0x39, 0x08, 0x42, 0xcb, 0x5a, 0xaf, 0x73,
    0x51, 0x8c, 0xb2, 0x9c, 0xf4, 0x9c, 0x34, 0xa5, 0x34, 0xad, 0x35, 0xa5,
    0x34, 0xa5, 0x35, 0xad, 0x15, 0xad, 0x34, 0xa5, 0x35, 0xad, 0x14, 0xa5,
    0x34, 0xa5, 0x34, 0xa5, 0x35, 0xad, 0x34, 0xa5, 0x35, 0xad, 0x34, 0xa5,
    0x34, 0xa5, 0x35, 0xad, 0x34, 0xa5, 0x34, 0xa5, 0x34, 0xa5, 0x35, 0xad,
    0x15, 0xad, 0x34, 0xa5, 0x34, 0xa5, 0x34, 0xa5, 0x14, 0xa5, 0x14, 0xa5,
    0x34, 0xa5, 0x34, 0xa5, 0x35, 0xad, 0x35, 0xad, 0x34, 0xa5, 0x14, 0xa5,
    0x34, 0xa5, 0x34, 0xa5, 0x35, 0xad, 0x14, 0xad, 0x34, 0xa5, 0x34, 0xa5,
    0x35, 0xa5, 0x35, 0xa5, 0x15, 0xad, 0x34, 0xad, 0x34, 0xa5, 0x34, 0xa5,
    0x34, 0xad, 0x14, 0xad, 0x34, 0xa5, 0x35, 0xa5, 0x14, 0xa5, 0x34, 0xa5,
    0x34, 0xad, 0x35, 0xad, 0x34, 0xa5, 0x35, 0xa5, 0x0c, 0x63, 0x21, 0x08,
    0x00, 0x00, 0x41, 0x08, 0x45, 0x29, 0xc7, 0x39, 0xe4, 0x20, 0x41, 0x08,
    0x65, 0x29, 0xa3, 0x18, 0x20, 0x00, 0x21, 0x08, 0xe4, 0x20, 0x82, 0x10,
    0xa3, 0x10, 0xae, 0x73, 0x35, 0xad, 0x96, 0xb5, 0xb7, 0xb5, 0x31, 0x84,
    0x10, 0x84, 0xf4, 0x9c, 0xcc, 0x5a, 0xa6, 0x31, 0xa7, 0x39, 0xa6, 0x31,
    0xa7, 0x31, 0xa6, 0x39, 0xa6, 0x39, 0xa6, 0x31, 0xa7, 0x39, 0xa6, 0x31,
    0xa6, 0x31, 0xa7, 0x31, 0x86, 0x31, 0x86, 0x31, 0xa6, 0x31, 0xa6, 0x39,
    0x86, 0x31, 0xa6, 0x31, 0xe4, 0x18, 0x62, 0x08, 0xc3, 0x18, 0x10, 0x84,
    0xb7, 0xbd, 0x76, 0xad, 0xb3, 0x9c, 0xa6, 0x31, 0xe4, 0x18, 0x82, 0x10,
    0xc3, 0x18, 0xec, 0x5a, 0xf8, 0xbd, 0x96, 0xb5, 0x39, 0xc6, 0x6e, 0x6b,
    0x24, 0x29, 0xa3, 0x18, 0x82, 0x10, 0xc3, 0x18, 0xab, 0x5a, 0xf4, 0x9c,
    0x76, 0xad, 0x39, 0xc6, 0x59, 0xce, 0xf8, 0xc5, 0xf8, 0xbd, 0x51, 0x8c,
    0x04, 0x21, 0x04, 0x21, 0xe4, 0x20, 0xa3, 0x18, 0x62, 0x10, 0x41, 0x08,
    0x62, 0x08, 0xa3, 0x10, 0xc3, 0x18, 0xe4, 0x18, 0xe4, 0x20, 0x03, 0x21,
    0xe4, 0x20, 0xe4, 0x18, 0xe3, 0x20, 0xe4, 0x20, 0xe3, 0x18, 0xe3, 0x18,
    0xc3, 0x18, 0xe3, 0x18, 0xc4, 0x18, 0xc3, 0x18, 0xc3, 0x18, 0xc3, 0x18,
    0xc3, 0x18, 0xc3, 0x18, 0xc3, 0x18, 0xa3, 0x18, 0xa3, 0x18, 0xc3, 0x18,
    0xc3, 0x18, 0x04, 0x21, 0x45, 0x29, 0x86, 0x31, 0xa7, 0x39, 0xc7, 0x39,
    0xe7, 0x39, 0xe8, 0x39, 0xc7, 0x39, 0xc7, 0x39, 0xc8, 0x39, 0xe8, 0x41,
    0xe7, 0x41, 0xe7, 0x39, 0xc8, 0x39, 0xe8, 0x39, 0xe7, 0x41, 0xc8, 0x41,
    0xe8, 0x39, 0xe7, 0x39, 0xe8, 0x41, 0xe7, 0x39, 0x29, 0x4a, 0x2d, 0x63,
    0xef, 0x7b, 0x51, 0x8c, 0xb3, 0x9c, 0x14, 0xa5, 0x34, 0xa5, 0x34, 0xa5,
    0x34, 0xa5, 0x15, 0xad, 0x34, 0xa5, 0x34, 0xa5, 0x34, 0xa5, 0x35, 0xad,
    0x15, 0xad, 0x34, 0xa5, 0x14, 0xa5, 0x14, 0xa5, 0x34, 0xa5, 0x35, 0xad,
    0x14, 0xa5, 0x34, 0xa5, 0x35, 0xad, 0x15, 0xad, 0x34, 0xa5, 0x14, 0xa5,
    0x34, 0xa5, 0x34, 0xa5, 0x14, 0xa5, 0x35, 0xad, 0x34, 0xa5, 0x34, 0xa5,
    0x35, 0xad, 0x14, 0xa5, 0x14, 0xa5, 0x34, 0xa5, 0x34, 0xa5, 0x34, 0xa5,
    0x35, 0xad, 0x34, 0xa5, 0x14, 0xa5, 0x35, 0xa5, 0x35, 0xad, 0x34, 0xa5,
    0x14, 0xad, 0x34, 0xad, 0x34, 0xa5, 0x34, 0xa5, 0x15, 0xad, 0x34, 0xad,
    0x35, 0xa5, 0x35, 0xa5, 0x15, 0xad, 0x34, 0xa5, 0x34, 0xa5, 0x15, 0xad,
    0x34, 0xa5, 0x34, 0xa5, 0x35, 0xad, 0xd3, 0x9c, 0x86, 0x31, 0x00, 0x00,
    0x20, 0x00, 0xa2, 0x10, 0xa6, 0x39, 0xe8, 0x39, 0x65, 0x29, 0xe3, 0x18,
    0x66, 0x31, 0x41, 0x08, 0x21, 0x00, 0x62, 0x10, 0xe4, 0x20, 0x61, 0x08,
    0x86, 0x31, 0xb3, 0x9c, 0x35, 0xa5, 0x76, 0xad, 0x15, 0xa5, 0x2d, 0x63,
    0xd3, 0x9c, 0x14, 0xa5, 0xaf, 0x73, 0xc7, 0x39, 0xa7, 0x39, 0xa7, 0x39,
    0xa7, 0x31, 0xa7, 0x39, 0xa7, 0x31, 0xa6, 0x31, 0xa6, 0x39, 0x87, 0x39,
    0xa6, 0x31, 0xa6, 0x39, 0x87, 0x39, 0xa6, 0x31, 0x86, 0x31, 0x87, 0x31,
    0x86, 0x39, 0x66, 0x31, 0x62, 0x10, 0xa3, 0x10, 0xe8, 0x39, 0xd7, 0xbd,
    0xb7, 0xb5, 0x96, 0xb5, 0xec, 0x62, 0x45, 0x29, 0x82, 0x10, 0xc3, 0x18,
    0xe4, 0x20, 0xf4, 0x9c, 0xb7, 0xb5, 0xf8, 0xbd, 0x97, 0xb5, 0xa7, 0x39,
    0x04, 0x21, 0x62, 0x08, 0xe3, 0x18, 0x66, 0x31, 0x93, 0x94, 0xb3, 0x9c,
    0x35, 0xa5, 0x18, 0xc6, 0x19, 0xc6, 0xf8, 0xbd, 0xb6, 0xb5, 0x29, 0x4a,
    0x04, 0x21, 0x24, 0x21, 0x04, 0x21, 0xc3, 0x18, 0x82, 0x10, 0x41, 0x08,
    0x41, 0x08, 0x82, 0x10, 0xa3, 0x18, 0xc3, 0x18, 0xe4, 0x20, 0xe4, 0x18,
    0xe3, 0x18, 0xe4, 0x20, 0xe3, 0x18, 0xe4, 0x18, 0xe4, 0x20, 0xe3, 0x18,
    0xc3, 0x20, 0xe3, 0x18, 0xc3, 0x18, 0xc3, 0x18, 0xc4, 0x18, 0xc3, 0x18,
    0xc3, 0x18, 0xc3, 0x18, 0xc3, 0x18, 0xa3, 0x18, 0xa3, 0x10, 0xc3, 0x18,
    0xa3, 0x18, 0xe3, 0x18, 0x24, 0x21, 0x65, 0x29, 0x86, 0x31, 0xa7, 0x39,
    0xc7, 0x39, 0xc7, 0x39, 0xc7, 0x39, 0xe7, 0x41, 0xe7, 0x39, 0xc7, 0x39,
    0xc8, 0x39, 0xe7, 0x41, 0xe7, 0x39, 0xe7, 0x41, 0xe8, 0x39, 0xe7, 0x39,
    0xe7, 0x41, 0xe8, 0x41, 0xc8, 0x41, 0xe7, 0x41, 0xe7, 0x41, 0x6a, 0x52,
    0x6d, 0x6b, 0x10, 0x84, 0x92, 0x94, 0xd3, 0x9c, 0x14, 0xa5, 0x35, 0xad,
    0x34, 0xa5, 0x34, 0xa5, 0x34, 0xa5, 0x35, 0xad, 0x14, 0xa5, 0x34, 0xa5,
    0x34, 0xa5, 0x35, 0xad, 0x35, 0xad, 0x34, 0xa5, 0x34, 0xa5, 0x14, 0xa5,
    0x35, 0xad, 0x34, 0xa5, 0x14, 0xa5, 0x34, 0xa5, 0x35, 0xad, 0x34, 0xa5,
    0x35, 0xad, 0x35, 0xad, 0x35, 0xad, 0x34, 0xa5, 0x15, 0xad, 0x35, 0xad,
    0x34, 0xa5, 0x35, 0xad, 0x34, 0xa5, 0x14, 0xa5, 0x35, 0xad, 0x15, 0xad,
    0x34, 0xa5, 0x15, 0xad, 0x35, 0xad, 0x34, 0xa5, 0x34, 0xa5, 0x15, 0xad,
    0x35, 0xa5, 0x14, 0xa5, 0x34, 0xa5, 0x35, 0xa5, 0x34, 0xa5, 0x15, 0xa5,
    0x14, 0xa5, 0x34, 0xa5, 0x34, 0xa5, 0x34, 0xad, 0x35, 0xad, 0x35, 0xa5,
    0x14, 0xad, 0x34, 0xa5, 0x35, 0xad, 0xcf, 0x7b, 0x82, 0x10, 0x00, 0x00,
    0x21, 0x08, 0x04, 0x21, 0xc7, 0x39, 0xe8, 0x41, 0xa7, 0x39, 0x86, 0x31,
    0x04, 0x21, 0x21, 0x00, 0x20, 0x00, 0xc3, 0x18, 0xa3, 0x18, 0x61, 0x08,
    0xcb, 0x5a, 0x15, 0xad, 0x34, 0xa5, 0xf4, 0x9c, 0xd0, 0x7b, 0x2d, 0x6b,
    0x55, 0xad, 0x14, 0xa5, 0x72, 0x8c, 0xab, 0x52, 0xa6, 0x39, 0xa7, 0x39,
    0xa6, 0x31, 0xa6, 0x31, 0xa6, 0x39, 0xa7, 0x31, 0xa7, 0x31, 0x86, 0x31,
    0xa7, 0x31, 0xa6, 0x31, 0x86, 0x31, 0x87, 0x31, 0xa6, 0x31, 0x86, 0x31,
    0xa7, 0x31, 0xe4, 0x20, 0x82, 0x10, 0xc3, 0x18, 0x11, 0x84, 0xf8, 0xbd,
    0xd7, 0xbd, 0xf4, 0xa4, 0xa7, 0x31, 0xe4, 0x20, 0x62, 0x10, 0xe4, 0x18,
    0x08, 0x42, 0xd8, 0xbd, 0xb6, 0xb5, 0x59, 0xce, 0x8e, 0x73, 0x25, 0x21,
    0xa3, 0x10, 0x82, 0x10, 0xe4, 0x20, 0xaf, 0x73, 0x76, 0xb5, 0xb3, 0x9c,
    0xd3, 0x9c, 0x76, 0xad, 0xf8, 0xbd, 0xd7, 0xbd, 0x31, 0x8c, 0x04, 0x21,
    0x25, 0x21, 0x25, 0x21, 0x04, 0x21, 0xe4, 0x20, 0xc3, 0x18, 0x82, 0x10,
    0x41, 0x08, 0x41, 0x08, 0x82, 0x10, 0xc3, 0x18, 0xe3, 0x18, 0xe4, 0x20,
    0xe4, 0x20, 0xe3, 0x18, 0xe4, 0x18, 0xe3, 0x20, 0xe3, 0x18, 0xc4, 0x18,
    0xc4, 0x18, 0xc4, 0x18, 0xc3, 0x18, 0xe3, 0x18, 0xc3, 0x18, 0xc3, 0x18,
    0xc3, 0x18, 0xc3, 0x18, 0xa3, 0x18, 0xc3, 0x10, 0xa3, 0x18, 0xa3, 0x18,
    0xa3, 0x10, 0xc3, 0x18, 0x04, 0x21, 0x25, 0x29, 0x66, 0x31, 0xa6, 0x31,
    0xc7, 0x39, 0xe7, 0x39, 0xe7, 0x39, 0xe8, 0x39, 0xe7, 0x41, 0xc7, 0x39,
    0xc7, 0x39, 0xe8, 0x39, 0xe8, 0x41, 0xc7, 0x39, 0xe7, 0x41, 0xe8, 0x39,
    0xe7, 0x39, 0xc7, 0x39, 0xe8, 0x39, 0xe7, 0x39, 0xe8, 0x41, 0xe8, 0x41,
    0xab, 0x5a, 0xae, 0x73, 0x31, 0x8c, 0x92, 0x94, 0xf3, 0x9c, 0x34, 0xa5,
    0x34, 0xa5, 0x15, 0xad, 0x35, 0xad, 0x34, 0xa5, 0x15, 0xad, 0x34, 0xa5,
    0x35, 0xad, 0x34, 0xa5, 0x14, 0xa5, 0x35, 0xad, 0x35, 0xad, 0x35, 0xad,
    0x34, 0xa5, 0x35, 0xad, 0x34, 0xa5, 0x34, 0xa5, 0x34, 0xa5, 0x15, 0xad,
    0x34, 0xa5, 0x14, 0xa5, 0x34, 0xa5, 0x34, 0xa5, 0x34, 0xa5, 0x35, 0xad,
    0x34, 0xa5, 0x14, 0xa5, 0x35, 0xad, 0x35, 0xad, 0x34, 0xa5, 0x34, 0xa5,
    0x35, 0xad, 0x34, 0xa5, 0x34, 0xa5, 0x34, 0xad, 0x14, 0xa5, 0x34, 0xa5,
    0x34, 0xad, 0x35, 0xa5, 0x15, 0xad, 0x34, 0xad, 0x35, 0xad, 0x34, 0xa5,
    0x34, 0xad, 0x34, 0xad, 0x35, 0xad, 0x14, 0xa5, 0x34, 0xa5, 0x34, 0xad,
    0x35, 0xa5, 0x35, 0xad, 0x14, 0xa5, 0x49, 0x4a, 0x20, 0x00, 0x00, 0x00,
    0x62, 0x08, 0x86, 0x31, 0xc8, 0x39, 0xe7, 0x39, 0xc7, 0x39, 0x86, 0x31,
    0x62, 0x10, 0x20, 0x00, 0x41, 0x08, 0x04, 0x21, 0x62, 0x08, 0xe4, 0x18,
    0x10, 0x84, 0x35, 0xa5, 0x92, 0x94, 0x8e, 0x73, 0x8a, 0x52, 0x11, 0x84,
    0x55, 0xad, 0x35, 0xa5, 0x15, 0xa5, 0xf0, 0x7b, 0xc7, 0x39, 0xa6, 0x31,
    0xa7, 0x39, 0xa6, 0x39, 0xa7, 0x31, 0xa7, 0x39, 0xa6, 0x39, 0xa6, 0x31,
    0xa6, 0x39, 0xa7, 0x31, 0x87, 0x31, 0xa6, 0x39, 0xa6, 0x39, 0x86, 0x31,
    0x86, 0x31, 0x82, 0x10, 0xc3, 0x18, 0x86, 0x31, 0x97, 0xb5, 0x97, 0xb5,
    0x18, 0xc6, 0x6e, 0x6b, 0x45, 0x29, 0x82, 0x10, 0xc3, 0x18, 0xc3, 0x18,
    0x31, 0x84, 0xf8, 0xbd, 0xf7, 0xbd, 0x96, 0xb5, 0xa7, 0x39, 0x04, 0x21,
    0x61, 0x08, 0xc3, 0x18, 0xa7, 0x31, 0x56, 0xad, 0x96, 0xb5, 0x14, 0xa5,
    0xb3, 0x9c, 0xf4, 0xa4, 0x76, 0xad, 0x96, 0xb5, 0x29, 0x4a, 0x04, 0x21,
    0x24, 0x21, 0x04, 0x21, 0x04, 0x29, 0x04, 0x21, 0xc3, 0x18, 0xa3, 0x10,
    0x41, 0x08, 0x41, 0x08, 0x62, 0x08, 0xa3, 0x10, 0xc3, 0x18, 0xe3, 0x18,
    0xe4, 0x18, 0xe4, 0x18, 0xe3, 0x18, 0xe4, 0x20, 0xe4, 0x18, 0xc3, 0x18,
    0xe3, 0x18, 0xc3, 0x18, 0xc3, 0x18, 0xc4, 0x18, 0xc3, 0x18, 0xc3, 0x18,
    0xc3, 0x18, 0xa3, 0x18, 0xa3, 0x10, 0xa3, 0x10, 0xa3, 0x18, 0xa3, 0x10,
    0xa3, 0x10, 0xa3, 0x18, 0xc3, 0x18, 0x04, 0x21, 0x45, 0x29, 0x86, 0x31,
    0xa7, 0x39, 0xc7, 0x39, 0xc7, 0x39, 0xc7, 0x39, 0xc8, 0x39, 0xe7, 0x39,
    0xe7, 0x39, 0xc7, 0x39, 0xc7, 0x39, 0xc8, 0x39, 0xc7, 0x39, 0xe7, 0x41,
    0xe7, 0x39, 0xe8, 0x39, 0xe7, 0x39, 0xe8, 0x39, 0xc8, 0x39, 0xc7, 0x39,
    0x08, 0x42, 0x0c, 0x63, 0xcf, 0x7b, 0x51, 0x8c, 0xb3, 0x94, 0xf3, 0xa4,
    0x34, 0xa5, 0x35, 0xad, 0x14, 0xa5, 0x34, 0xa5, 0x34, 0xa5, 0x35, 0xad,
    0x34, 0xa5, 0x14, 0xa5, 0x34, 0xa5, 0x34, 0xa5, 0x35, 0xad, 0x14, 0xa5,
    0x34, 0xa5, 0x34, 0xa5, 0x15, 0xad, 0x35, 0xad, 0x35, 0xad, 0x14, 0xa5,
    0x34, 0xa5, 0x34, 0xa5, 0x15, 0xad, 0x15, 0xad, 0x34, 0xa5, 0x34, 0xa5,
    0x15, 0xad, 0x34, 0xa5, 0x34, 0xa5, 0x34, 0xa5, 0x15, 0xad, 0x34, 0xa5,
    0x34, 0xa5, 0x34, 0xa5, 0x14, 0xa5, 0x35, 0xa5, 0x35, 0xad, 0x35, 0xa5,
    0x34, 0xa5, 0x34, 0xad, 0x34, 0xa5, 0x14, 0xa5, 0x34, 0xa5, 0x34, 0xad,
    0x35, 0xa5, 0x35, 0xa5, 0x14, 0xa5, 0x35, 0xa5, 0x35, 0xa5, 0x14, 0xa5,
    0x34, 0xa5, 0x35, 0xad, 0x51, 0x8c, 0x04, 0x21, 0x00, 0x00, 0x00, 0x00,
    0xc3, 0x18, 0xc7, 0x39, 0xc7, 0x39, 0xe7, 0x39, 0xe8, 0x39, 0x25, 0x29,
    0x20, 0x08, 0x20, 0x00, 0xa3, 0x18, 0xc3, 0x18, 0x41, 0x08, 0x49, 0x4a,
    0x72, 0x94, 0xd3, 0x9c, 0xcb, 0x5a, 0x25, 0x21, 0x86, 0x31, 0xb3, 0x94,
    0x15, 0x9d, 0x76, 0xad, 0x76, 0xad, 0xb3, 0x94, 0x8a, 0x52, 0x86, 0x31,
    0xa6, 0x31, 0xa7, 0x39, 0xa7, 0x31, 0xa6, 0x31, 0xa6, 0x31, 0xa6, 0x31,
    0x87, 0x31, 0x86, 0x39, 0x86, 0x31, 0xa6, 0x31, 0x86, 0x31, 0x87, 0x31,
    0x04, 0x21, 0x82, 0x10, 0xc3, 0x18, 0x2d, 0x63, 0xd7, 0xb5, 0xb7, 0xb5,
    0x96, 0xb5, 0xc7, 0x39, 0x04, 0x21, 0x62, 0x10, 0xe4, 0x18, 0xc7, 0x39,
    0xb7, 0xbd, 0xb7, 0xbd, 0xf8, 0xc5, 0x8e, 0x73, 0x25, 0x21, 0xa3, 0x10,
    0x82, 0x10, 0xc3, 0x18, 0x8e, 0x73, 0xb7, 0xb5, 0x97, 0xb5, 0x76, 0xb5,
    0xd3, 0x9c, 0xb3, 0x9c, 0x15, 0xa5, 0xf0, 0x83, 0x04, 0x21, 0x24, 0x21,
    0x24, 0x21, 0x04, 0x21, 0x25, 0x21, 0x04, 0x21, 0xe4, 0x20, 0xc3, 0x18,
    0x62, 0x10, 0x41, 0x08, 0x41, 0x08, 0x82, 0x10, 0xa3, 0x18, 0xc3, 0x18,
    0xe3, 0x18, 0xe4, 0x20, 0xe4, 0x20, 0xe3, 0x18, 0xc3, 0x18, 0xc4, 0x18,
    0xc3, 0x18, 0xc3, 0x18, 0xc3, 0x18, 0xc3, 0x18, 0xc3, 0x18, 0xc3, 0x18,
    0xc3, 0x18, 0xa3, 0x18, 0xc3, 0x10, 0xa3, 0x18, 0xc2, 0x18, 0xa3, 0x10,
    0xa2, 0x18, 0xa2, 0x10, 0xa3, 0x18, 0xe3, 0x18, 0x24, 0x21, 0x66, 0x29,
    0x86, 0x31, 0xa7, 0x39, 0xc7, 0x39, 0xc7, 0x39, 0xc7, 0x39, 0xc8, 0x39,
    0xe7, 0x41, 0xe7, 0x41, 0xc7, 0x39, 0xe7, 0x39, 0xe8, 0x39, 0xc8, 0x39,
    0xc7, 0x41, 0xe8, 0x41, 0xe7, 0x41, 0xe7, 0x41, 0xe7, 0x41, 0xe7, 0x39,
    0xe7, 0x39, 0x4a, 0x4a, 0x4d, 0x6b, 0xf0, 0x83, 0x72, 0x94, 0xd3, 0x9c,
    0x34, 0xa5, 0x14, 0xa5, 0x34, 0xa5, 0x35, 0xad, 0x34, 0xa5, 0x14, 0xa5,
    0x35, 0xad, 0x15, 0xad, 0x35, 0xad, 0x34, 0xa5, 0x14, 0xa5, 0x34, 0xa5,
    0x34, 0xa5, 0x15, 0xad, 0x34, 0xa5, 0x14, 0xa5, 0x34, 0xa5, 0x34, 0xa5,
    0x35, 0xad, 0x35, 0xad, 0x34, 0xa5, 0x34, 0xa5, 0x15, 0xad, 0x34, 0xa5,
    0x34, 0xa5, 0x35, 0xad, 0x34, 0xa5, 0x14, 0xa5, 0x34, 0xa5, 0x35, 0xad,
    0x14, 0xa5, 0x15, 0xad, 0x35, 0xad, 0x14, 0xad, 0x34, 0xa5, 0x34, 0xad,
    0x15, 0xad, 0x14, 0xa5, 0x35, 0xa5, 0x35, 0xa5, 0x14, 0xad, 0x35, 0xa5,
    0x14, 0xa5, 0x15, 0xad, 0x34, 0xa5, 0x34, 0xad, 0x15, 0xad, 0x34, 0xad,
    0x34, 0xa5, 0x35, 0xad, 0x0c, 0x63, 0x41, 0x08, 0x00, 0x00, 0x41, 0x08,
    0x45, 0x29, 0xe7, 0x39, 0xc7, 0x39, 0xc7, 0x41, 0xc7, 0x39, 0xa3, 0x10,
    0x20, 0x00, 0x21, 0x08, 0x04, 0x21, 0x62, 0x10, 0x25, 0x21, 0xf0, 0x83,
    0x51, 0x94, 0x10, 0x84, 0x86, 0x31, 0x62, 0x10, 0x25, 0x29, 0x72, 0x8c,
    0x35, 0xa5, 0xb7, 0xbd, 0x75, 0xb5, 0x14, 0xa5, 0xaf, 0x7b, 0xa7, 0x39,
    0xa7, 0x31, 0xa6, 0x31, 0xa6, 0x31, 0xa6, 0x31, 0x86, 0x39, 0x87, 0x39,
    0xa7, 0x31, 0xa6, 0x31, 0x86, 0x31, 0xa6, 0x31, 0x87, 0x31, 0x86, 0x31,
    0x82, 0x10, 0xc3, 0x18, 0xe4, 0x18, 0xd4, 0x9c, 0xb7, 0xbd, 0x39, 0xc6,
    0xcf, 0x7b, 0x45, 0x29, 0x82, 0x10, 0xc3, 0x18, 0xc3, 0x18, 0x10, 0x84,
    0xf8, 0xc5, 0xd7, 0xbd, 0x55, 0xad, 0xc7, 0x31, 0x04, 0x21, 0x61, 0x08,
    0x82, 0x10, 0x86, 0x31, 0x55, 0xad, 0x96, 0xb5, 0x96, 0xb5, 0x97, 0xb5,
    0x14, 0xa5, 0xb3, 0x94, 0x51, 0x8c, 0x86, 0x31, 0x04, 0x21, 0x25, 0x21,
    0x05, 0x21, 0x25, 0x21, 0x04, 0x21, 0x04, 0x21, 0x04, 0x21, 0xe4, 0x18,
    0xa2, 0x10, 0x62, 0x08, 0x41, 0x08, 0x62, 0x08, 0x82, 0x10, 0xa3, 0x18,
    0xc3, 0x18, 0xc3, 0x18, 0xc3, 0x18, 0xc3, 0x18, 0xe4, 0x20, 0xc3, 0x18,
    0xe3, 0x18, 0xc4, 0x18, 0xc3, 0x18, 0xc3, 0x18, 0xc3, 0x18, 0xc3, 0x10,
    0xa3, 0x18, 0xc3, 0x18, 0xa3, 0x18, 0xa3, 0x10, 0xa3, 0x10, 0xa2, 0x18,
    0xa3, 0x10, 0xa3, 0x10, 0xa3, 0x18, 0xa3, 0x18, 0xe4, 0x20, 0x45, 0x29,
    0x66, 0x29, 0xa6, 0x31, 0xc7, 0x39, 0xc7, 0x39, 0xc7, 0x39, 0xe7, 0x39,
    0xc7, 0x39, 0xc8, 0x39, 0xe8, 0x39, 0xe7, 0x41, 0xe7, 0x41, 0xc7, 0x39,
    0xe8, 0x39, 0xc7, 0x39, 0xe7, 0x39, 0xe7, 0x39, 0xc8, 0x39, 0xe7, 0x41,
    0xe8, 0x41, 0xe8, 0x41, 0xaa, 0x5a, 0x8e, 0x73, 0x30, 0x84, 0x92, 0x94,
    0x34, 0xa5, 0x35, 0xad, 0x35, 0xad, 0x34, 0xa5, 0x15, 0xad, 0x34, 0xa5,
    0x34, 0xa5, 0x34, 0xa5, 0x34, 0xa5, 0x15, 0xad, 0x34, 0xa5, 0x35, 0xad,
    0x15, 0xad, 0x35, 0xad, 0x34, 0xa5, 0x34, 0xa5, 0x35, 0xad, 0x14, 0xa5,
    0x34, 0xa5, 0x35, 0xad, 0x34, 0xa5, 0x34, 0xa5, 0x34, 0xa5, 0x15, 0xad,
    0x34, 0xa5, 0x34, 0xa5, 0x15, 0xad, 0x35, 0xad, 0x35, 0xad, 0x34, 0xa5,
    0x35, 0xad, 0x34, 0xa5, 0x34, 0xa5, 0x35, 0xa5, 0x14, 0xa5, 0x34, 0xa5,
    0x34, 0xa5, 0x35, 0xa5, 0x34, 0xad, 0x34, 0xad, 0x35, 0xa5, 0x34, 0xa5,
    0x34, 0xad, 0x34, 0xa5, 0x34, 0xad, 0x34, 0xa5, 0x34, 0xa5, 0x35, 0xa5,
    0x35, 0xad, 0xd3, 0x9c, 0xa6, 0x31, 0x00, 0x00, 0x00, 0x00, 0xa2, 0x10,
    0xa7, 0x39, 0xc7, 0x39, 0xe7, 0x39, 0xe8, 0x41, 0x66, 0x31, 0x41, 0x08,
    0x20, 0x00, 0x82, 0x10, 0xe4, 0x20, 0x62, 0x08, 0x2d, 0x63, 0xf3, 0x9c,
    0x71, 0x9c, 0xaf, 0x73, 0xa6, 0x31, 0xc3, 0x18, 0xc3, 0x18, 0x6e, 0x6b,
    0x76, 0xad, 0x96, 0xbd, 0x33, 0xad, 0x35, 0xad, 0x92, 0x94, 0x29, 0x4a,
    0x86, 0x31, 0xa7, 0x31, 0xa6, 0x39, 0xa6, 0x39, 0xa7, 0x31, 0xa7, 0x31,
    0x86, 0x31, 0x86, 0x31, 0xa6, 0x39, 0x87, 0x31, 0xa6, 0x31, 0x25, 0x29,
    0x62, 0x10, 0xc3, 0x18, 0x49, 0x4a, 0xd7, 0xbd, 0xb7, 0xbd, 0xb7, 0xb5,
    0xe8, 0x41, 0x04, 0x21, 0x62, 0x08, 0xc3, 0x18, 0xa7, 0x31, 0x96, 0xb5,
    0xb7, 0xbd, 0xf8, 0xc5, 0x8e, 0x73, 0x25, 0x21, 0xa3, 0x18, 0x62, 0x10,
    0xa3, 0x18, 0xaf, 0x73, 0xd8, 0xbd, 0x96, 0xb5, 0x76, 0xad, 0xb7, 0xb5,
    0x76, 0xb5, 0x31, 0x84, 0xe8, 0x39, 0x04, 0x21, 0x24, 0x29, 0x04, 0x21,
    0x04, 0x21, 0x04, 0x29, 0x04, 0x21, 0x04, 0x21, 0x04, 0x21, 0xe4, 0x18,
    0xa3, 0x18, 0x82, 0x10, 0x41, 0x08, 0x41, 0x08, 0x62, 0x10, 0xa2, 0x10,
    0xc3, 0x18, 0xe4, 0x18, 0xe3, 0x18, 0xe4, 0x18, 0xc3, 0x18, 0xc3, 0x18,
    0xc4, 0x18, 0xc3, 0x18, 0xc3, 0x18, 0xc3, 0x18, 0xc3, 0x18, 0xc3, 0x18,
    0xa3, 0x10, 0xa3, 0x10, 0xa2, 0x18, 0xa3, 0x18, 0xa3, 0x10, 0xa2, 0x10,
    0xa3, 0x18, 0xa3, 0x18, 0xa2, 0x10, 0xa2, 0x10, 0xc3, 0x18, 0x04, 0x21,
    0x45, 0x29, 0x86, 0x31, 0xa6, 0x31, 0xc7, 0x39, 0xc7, 0x39, 0xc7, 0x39,
    0xc7, 0x39, 0xe7, 0x39, 0xc7, 0x39, 0xc7, 0x39, 0xc8, 0x39, 0xe7, 0x39,
    0xc7, 0x39, 0xe8, 0x41, 0xc8, 0x39, 0xc8, 0x39, 0xe7, 0x39, 0xe7, 0x41,
    0xe8, 0x39, 0xc7, 0x39, 0x08, 0x42, 0xec, 0x62, 0xcf, 0x7b, 0x51, 0x8c,
    0x34, 0xa5, 0x15, 0xad, 0x34, 0xa5, 0x34, 0xa5, 0x14, 0xa5, 0x35, 0xad,
    0x35, 0xad, 0x14, 0xa5, 0x34, 0xa5, 0x34, 0xa5, 0x35, 0xad, 0x34, 0xa5,
    0x34, 0xa5, 0x34, 0xa5, 0x34, 0xa5, 0x35, 0xad, 0x15, 0xad, 0x35, 0xad,
    0x34, 0xa5, 0x14, 0xa5, 0x14, 0xa5, 0x35, 0xad, 0x35, 0xad, 0x34, 0xa5,
    0x35, 0xad, 0x15, 0xad, 0x34, 0xa5, 0x34, 0xa5, 0x34, 0xa5, 0x14, 0xa5,
    0x34, 0xa5, 0x34, 0xa5, 0x35, 0xa5, 0x34, 0xad, 0x35, 0xa5, 0x35, 0xad,
    0x35, 0xad, 0x34, 0xa5, 0x34, 0xa5, 0x14, 0xa5, 0x34, 0xad, 0x35, 0xa5,
    0x15, 0xa5, 0x34, 0xad, 0x35, 0xa5, 0x15, 0xa5, 0x34, 0xa5, 0x34, 0xad,
    0x35, 0xad, 0xcf, 0x7b, 0x82, 0x10, 0x00, 0x00, 0x21, 0x08, 0x24, 0x21,
    0xc7, 0x39, 0xe8, 0x39, 0xc7, 0x39, 0xe7, 0x39, 0xe3, 0x18, 0x21, 0x00,
    0x21, 0x08, 0xe3, 0x20, 0x82, 0x10, 0x25, 0x21, 0xb3, 0x94, 0x35, 0xa5,
    0xd3, 0xa4, 0x72, 0x8c, 0x08, 0x42, 0x45, 0x29, 0x82, 0x10, 0x09, 0x42,
    0xf4, 0x9c, 0x35, 0xad, 0xf3, 0xa4, 0x55, 0xad, 0x14, 0xa5, 0x0c, 0x63,
    0xa6, 0x31, 0xa7, 0x31, 0xa7, 0x39, 0x87, 0x31, 0xa6, 0x31, 0xa6, 0x31,
    0x86, 0x31, 0xa6, 0x39, 0x86, 0x31, 0x86, 0x31, 0x86, 0x31, 0xa2, 0x10,
    0xa3, 0x18, 0xc3, 0x18, 0x72, 0x8c, 0xd7, 0xbd, 0xf7, 0xbd, 0xf0, 0x7b,
    0x45, 0x29, 0xa2, 0x10, 0xa2, 0x10, 0xa3, 0x18, 0xcf, 0x7b, 0xb7, 0xbd,
    0xb7, 0xbd, 0x76, 0xad, 0xc7, 0x39, 0x04, 0x21, 0x62, 0x08, 0xa3, 0x18,
    0xc7, 0x39, 0xb7, 0xb5, 0xb7, 0xbd, 0x96, 0xb5, 0x97, 0xb5, 0xb7, 0xb5,
    0x76, 0xb5, 0x49, 0x4a, 0xe4, 0x20, 0x24, 0x21, 0x05, 0x21, 0x25, 0x21,
    0x24, 0x21, 0x04, 0x21, 0x05, 0x21, 0x04, 0x21, 0x04, 0x21, 0x04, 0x21,
    0xc3, 0x18, 0x82, 0x10, 0x62, 0x08, 0x41, 0x08, 0x41, 0x08, 0x82, 0x10,
    0xa3, 0x10, 0xc3, 0x18, 0xc3, 0x18, 0xc3, 0x18, 0xc3, 0x18, 0xc3, 0x18,
    0xc3, 0x18, 0xc3, 0x18, 0xc3, 0x18, 0xc3, 0x18, 0xa3, 0x18, 0xa3, 0x18,
    0xc3, 0x10, 0xa3, 0x18, 0xa3, 0x10, 0xa3, 0x10, 0xa2, 0x18, 0xa3, 0x10,
    0xa2, 0x10, 0xa3, 0x10, 0xa2, 0x10, 0x83, 0x10, 0xa3, 0x18, 0xc3, 0x18,
    0x25, 0x21, 0x65, 0x29, 0x86, 0x31, 0xa7, 0x39, 0xc7, 0x39, 0xc7, 0x39,
    0xc7, 0x39, 0xc7, 0x39, 0xc7, 0x39, 0xc7, 0x39, 0xc8, 0x39, 0xe7, 0x39,
    0xe7, 0x41, 0xc7, 0x39, 0xe7, 0x39, 0xc7, 0x41, 0xc8, 0x39, 0xe8, 0x39,
    0xe7, 0x39, 0xe7, 0x39, 0xc7, 0x39, 0x49, 0x4a, 0x2d, 0x6b, 0xef, 0x7b,
    0x34, 0xa5, 0x34, 0xa5, 0x14, 0xa5, 0x35, 0xad, 0x34, 0xa5, 0x34, 0xa5,
    0x35, 0xad, 0x14, 0xa5, 0x35, 0xad, 0x35, 0xad, 0x14, 0xa5, 0x34, 0xa5,
    0x35, 0xad, 0x14, 0xa5, 0x34, 0xa5, 0x14, 0xa5, 0x34, 0xa5, 0x34, 0xa5,
    0x35, 0xad, 0x34, 0xa5, 0x35, 0xad, 0x14, 0xa5, 0x34, 0xa5, 0x34, 0xa5,
    0x34, 0xa5, 0x35, 0xad, 0x34, 0xa5, 0x34, 0xa5, 0x15, 0xad, 0x35, 0xad,
    0x34, 0xa5, 0x35, 0xad, 0x14, 0xad, 0x14, 0xa5, 0x34, 0xad, 0x34, 0xa5,
    0x14, 0xa5, 0x14, 0xad, 0x35, 0xad, 0x35, 0xad, 0x15, 0xa5, 0x34, 0xa5,
    0x34, 0xad, 0x35, 0xa5, 0x34, 0xa5, 0x15, 0xad, 0x35, 0xad, 0x34, 0xa5,
    0x14, 0xa5, 0x69, 0x4a, 0x00, 0x00, 0x20, 0x00, 0x62, 0x10, 0x86, 0x31,
    0xe7, 0x41, 0xc7, 0x39, 0xe8, 0x41, 0x86, 0x31, 0x62, 0x10, 0x00, 0x00,
    0x62, 0x08, 0xe4, 0x20, 0x61, 0x08, 0x49, 0x4a, 0x15, 0x9d, 0x76, 0xad,
    0x76, 0xad, 0x14, 0xa5, 0x29, 0x4a, 0x86, 0x31, 0xc3, 0x18, 0x04, 0x21,
    0x8f, 0x73, 0xb3, 0x94, 0xf4, 0x9c, 0x35, 0xad, 0x14, 0xa5, 0x10, 0x84,
    0xe8, 0x41, 0x86, 0x31, 0xa6, 0x31, 0xa6, 0x31, 0x87, 0x39, 0xa6, 0x39,
    0x86, 0x31, 0xa7, 0x31, 0xa7, 0x31, 0x87, 0x31, 0x45, 0x29, 0x62, 0x10,
    0xc3, 0x18, 0x08, 0x42, 0xb7, 0xbd, 0xd7, 0xbd, 0x76, 0xad, 0x08, 0x42,
    0x04, 0x21, 0x62, 0x08, 0xa3, 0x18, 0x66, 0x31, 0x76, 0xad, 0x97, 0xb5,
    0xd7, 0xbd, 0xcf, 0x7b, 0x25, 0x29, 0xc3, 0x18, 0x82, 0x10, 0xe4, 0x18,
    0x10, 0x84, 0xf8, 0xbd, 0x97, 0xb5, 0xd7, 0xbd, 0xd7, 0xbd, 0xb7, 0xb5,
    0x11, 0x84, 0x24, 0x21, 0x04, 0x21, 0x24, 0x21, 0x25, 0x21, 0x04, 0x21,
    0x04, 0x21, 0x05, 0x21, 0x04, 0x21, 0x04, 0x21, 0x04, 0x21, 0x04, 0x21,
    0xe4, 0x18, 0xc3, 0x18, 0x82, 0x10, 0x41, 0x08, 0x41, 0x08, 0x62, 0x10,
    0x82, 0x10, 0xa3, 0x18, 0xc3, 0x18, 0xc3, 0x18, 0xc3, 0x18, 0xc3, 0x18,
    0xc3, 0x18, 0xc3, 0x18, 0xc3, 0x18, 0xc3, 0x10, 0xa3, 0x18, 0xc3, 0x10,
    0xa3, 0x18, 0xa3, 0x18, 0xc3, 0x18, 0xa2, 0x10, 0xa3, 0x18, 0xa2, 0x18,
    0xa3, 0x10, 0x82, 0x10, 0x82, 0x10, 0xa2, 0x18, 0x82, 0x10, 0xa3, 0x18,
    0xe4, 0x20, 0x25, 0x29, 0x66, 0x31, 0x86, 0x31, 0xc7, 0x39, 0xc7, 0x39,
    0xc7, 0x39, 0xc7, 0x39, 0xc7, 0x39, 0xe7, 0x39, 0xc7, 0x39, 0xe7, 0x39,
    0xc8, 0x39, 0xe7, 0x39, 0xe7, 0x39, 0xe7, 0x41, 0xe7, 0x39, 0xc7, 0x39,
    0xe8, 0x41, 0xc7, 0x41, 0xe7, 0x39, 0xe8, 0x41, 0x8a, 0x52, 0x6d, 0x6b,
    0x34, 0xa5, 0x15, 0xad, 0x35, 0xad, 0x34, 0xa5, 0x35, 0xad, 0x34, 0xa5,
    0x14, 0xa5, 0x34, 0xa5, 0x35, 0xad, 0x34, 0xa5, 0x14, 0xa5, 0x35, 0xad,
    0x14, 0xa5, 0x35, 0xad, 0x35, 0xad, 0x34, 0xa5, 0x34, 0xa5, 0x34, 0xa5,
    0x15, 0xad, 0x35, 0xad, 0x34, 0xa5, 0x34, 0xa5, 0x35, 0xad, 0x14, 0xa5,
    0x14, 0xa5, 0x34, 0xa5, 0x14, 0xa5, 0x35, 0xad, 0x34, 0xa5, 0x34, 0xa5,
    0x15, 0xad, 0x34, 0xa5, 0x35, 0xa5, 0x34, 0xad, 0x35, 0xa5, 0x34, 0xa5,
    0x34, 0xa5, 0x35, 0xa5, 0x14, 0xa5, 0x34, 0xa5, 0x34, 0xa5, 0x14, 0xad,
    0x34, 0xad, 0x34, 0xa5, 0x14, 0xad, 0x34, 0xa5, 0x34, 0xa5, 0x35, 0xad,
    0x71, 0x8c, 0x04, 0x21, 0x00, 0x00, 0x01, 0x00, 0xc3, 0x18, 0xc7, 0x39,
    0xc7, 0x39, 0xc7, 0x39, 0xe7, 0x41, 0x24, 0x21, 0x21, 0x00, 0x20, 0x08,
    0xc3, 0x18, 0xc3, 0x18, 0x62, 0x10, 0x2d, 0x63, 0x35, 0xa5, 0xb7, 0xb5,
    0x96, 0xb5, 0xb3, 0x9c, 0x0c, 0x63, 0xe7, 0x39, 0x04, 0x21, 0x82, 0x10,
    0x29, 0x4a, 0x51, 0x8c, 0xd3, 0x9c, 0x15, 0xa5, 0x35, 0xa5, 0x93, 0x94,
    0xcb, 0x5a, 0x86, 0x31, 0xa7, 0x39, 0xa6, 0x31, 0xa6, 0x31, 0x87, 0x31,
    0x86, 0x31, 0xa6, 0x39, 0x86, 0x31, 0xa6, 0x31, 0xa3, 0x18, 0x82, 0x10,
    0xc3, 0x18, 0x30, 0x84, 0xd7, 0xbd, 0xd7, 0xc5, 0xf0, 0x83, 0x45, 0x29,
    0xa3, 0x18, 0x82, 0x10, 0xa2, 0x10, 0xd0, 0x7b, 0xb7, 0xbd, 0x96, 0xb5,
    0x55, 0xad, 0xe8, 0x39, 0x04, 0x21, 0x62, 0x10, 0xc3, 0x18, 0xe8, 0x39,
    0xb7, 0xb5, 0x96, 0xad, 0xd8, 0xbd, 0x39, 0xc6, 0x76, 0xad, 0x93, 0x94,
    0xc7, 0x39, 0x04, 0x21, 0x04, 0x21, 0x25, 0x29, 0x04, 0x21, 0x04, 0x21,
    0x24, 0x29, 0x04, 0x21, 0x04, 0x21, 0x04, 0x21, 0x04, 0x21, 0x04, 0x21,
    0xe4, 0x18, 0xc3, 0x18, 0xa3, 0x10, 0x62, 0x08, 0x41, 0x08, 0x41, 0x08,
    0x82, 0x10, 0xa3, 0x10, 0xa3, 0x18, 0xc3, 0x18, 0xc3, 0x18, 0xc3, 0x18,
    0xc3, 0x18, 0xc3, 0x18, 0xc3, 0x18, 0xa3, 0x18, 0xc3, 0x18, 0xa3, 0x18,
    0xa2, 0x10, 0xa3, 0x18, 0xa2, 0x18, 0xa2, 0x10, 0xa3, 0x10, 0xa3, 0x10,
    0x82, 0x10, 0xa3, 0x18, 0xa2, 0x10, 0x83, 0x10, 0xa3, 0x10, 0xa2, 0x10,
    0xc3, 0x18, 0x04, 0x21, 0x45, 0x29, 0x86, 0x31, 0xa7, 0x31, 0xc7, 0x39,
    0xc7, 0x39, 0xc7, 0x39, 0xc7, 0x39, 0xc7, 0x39, 0xc7, 0x39, 0xc7, 0x39,
    0xc7, 0x39, 0xc8, 0x39, 0xc7, 0x39, 0xc8, 0x39, 0xe7, 0x39, 0xc7, 0x41,
    0xc7, 0x39, 0xc8, 0x39, 0xc8, 0x39, 0xe7, 0x39, 0x08, 0x42, 0xcb, 0x5a,
    0x34, 0xa5, 0x35, 0xad, 0x34, 0xa5, 0x34, 0xa5, 0x14, 0xa5, 0x35, 0xad,
    0x35, 0xad, 0x14, 0xa5, 0x34, 0xa5, 0x34, 0xa5, 0x34, 0xa5, 0x35, 0xad,
    0x34, 0xa5, 0x34, 0xa5, 0x35, 0xad, 0x15, 0xad, 0x35, 0xad, 0x35, 0xad,
    0x34, 0xa5, 0x14, 0xa5, 0x34, 0xa5, 0x35, 0xad, 0x34, 0xa5, 0x35, 0xad,
    0x35, 0xad, 0x35, 0xad, 0x34, 0xa5, 0x14, 0xa5, 0x35, 0xad, 0x35, 0xad,
    0x34, 0xa5, 0x14, 0xa5, 0x34, 0xad, 0x35, 0xa5, 0x34, 0xa5, 0x15, 0xad,
    0x35, 0xad, 0x34, 0xad, 0x35, 0xa5, 0x34, 0xa5, 0x34, 0xad, 0x35, 0xa5,
    0x35, 0xa5, 0x15, 0xa5, 0x35, 0xa5, 0x34, 0xad, 0x34, 0xa5, 0x35, 0xad,
    0x2d, 0x6b, 0x41, 0x08, 0x00, 0x00, 0x41, 0x08, 0x45, 0x29, 0xc7, 0x39,
    0xe8, 0x39, 0xe8, 0x39, 0xc7, 0x39, 0x82, 0x10, 0x00, 0x00, 0x41, 0x08,
    0x04, 0x21, 0x82, 0x10, 0x04, 0x21, 0x31, 0x84, 0x55, 0xad, 0xb7, 0xb5,
    0x76, 0xad, 0xcf, 0x7b, 0x31, 0x8c, 0x49, 0x4a, 0x66, 0x31, 0xa2, 0x10,
    0x45, 0x29, 0x8f, 0x73, 0x93, 0x94, 0x35, 0xad, 0x55, 0xa5, 0xf4, 0x9c,
    0xd0, 0x7b, 0xe7, 0x39, 0xa6, 0x31, 0xa7, 0x39, 0x86, 0x31, 0x86, 0x31,
    0xa7, 0x31, 0x86, 0x31, 0x86, 0x31, 0x45, 0x29, 0x62, 0x10, 0xa3, 0x18,
    0xa7, 0x31, 0x76, 0xad, 0x97, 0xb5, 0x96, 0xb5, 0x29, 0x4a, 0x24, 0x21,
    0x62, 0x08, 0xa3, 0x18, 0xe8, 0x39, 0xb7, 0xbd, 0xb7, 0xb5, 0x96, 0xb5,
    0xcf, 0x7b, 0x25, 0x21, 0xc3, 0x18, 0x82, 0x10, 0x04, 0x21, 0xd0, 0x7b,
    0xd7, 0xbd, 0x96, 0xad, 0x39, 0xce, 0x35, 0xa5, 0xcc, 0x5a, 0xe8, 0x41,
    0xc3, 0x18, 0x24, 0x21, 0x05, 0x21, 0x04, 0x21, 0x04, 0x21, 0x04, 0x21,
    0x04, 0x21, 0x04, 0x21, 0x04, 0x21, 0x04, 0x21, 0x04, 0x21, 0xe4, 0x20,
    0xe4, 0x18, 0xe3, 0x18, 0xc3, 0x18, 0x82, 0x10, 0x41, 0x08, 0x41, 0x08,
    0x62, 0x08, 0x82, 0x10, 0xa3, 0x18, 0xc3, 0x18, 0xc3, 0x18, 0xc3, 0x18,
    0xc3, 0x18, 0xc3, 0x18, 0xa3, 0x18, 0xa3, 0x10, 0xa3, 0x10, 0xa3, 0x18,
    0xa3, 0x10, 0xa3, 0x10, 0xa3, 0x10, 0xa3, 0x10, 0xa2, 0x18, 0xa2, 0x10,
    0x83, 0x10, 0x82, 0x10, 0xa2, 0x10, 0x83, 0x10, 0x82, 0x10, 0x82, 0x18,
    0xa3, 0x10, 0xe4, 0x18, 0x24, 0x21, 0x65, 0x29, 0x86, 0x31, 0xa7, 0x39,
    0xc7, 0x39, 0xc7, 0x39, 0xc7, 0x39, 0xc7, 0x39, 0xc7, 0x39, 0xc7, 0x39,
    0xc7, 0x39, 0xc7, 0x39, 0xe7, 0x39, 0xc7, 0x39, 0xc8, 0x39, 0xe7, 0x39,
    0xe7, 0x39, 0xe8, 0x39, 0xe7, 0x39, 0xc7, 0x41, 0xc7, 0x39, 0x29, 0x4a,
    0x34, 0xa5, 0x14, 0xa5, 0x34, 0xa5, 0x35, 0xad, 0x14, 0xa5, 0x34, 0xa5,
    0x34, 0xa5, 0x35, 0xad, 0x35, 0xad, 0x14, 0xa5, 0x15, 0xad, 0x34, 0xa5,
    0x35, 0xad, 0x14, 0xa5, 0x34, 0xa5, 0x34, 0xa5, 0x14, 0xa5, 0x34, 0xa5,
    0x34, 0xa5, 0x34, 0xa5, 0x35, 0xad, 0x14, 0xa5, 0x15, 0xad, 0x34, 0xa5,
    0x34, 0xa5, 0x34, 0xa5, 0x35, 0xad, 0x35, 0xad, 0x14, 0xa5, 0x34, 0xa5,
    0x34, 0xa5, 0x35, 0xad, 0x34, 0xa5, 0x14, 0xa5, 0x15, 0xad, 0x34, 0xa5,
    0x14, 0xa5, 0x34, 0xa5, 0x34, 0xad, 0x15, 0xad, 0x35, 0xa5, 0x34, 0xad,
    0x14, 0xa5, 0x34, 0xa5, 0x34, 0xad, 0x35, 0xa5, 0x35, 0xad, 0xd3, 0x9c,
    0xa7, 0x31, 0x00, 0x00, 0x20, 0x00, 0xa2, 0x10, 0xa7, 0x39, 0xe7, 0x39,
    0xc7, 0x39, 0xe7, 0x41, 0x66, 0x29, 0x21, 0x08, 0x20, 0x00, 0xa2, 0x10,
    0xe4, 0x18, 0x61, 0x08, 0x29, 0x4a, 0x14, 0xa5, 0x55, 0xad, 0x96, 0xad,
    0x93, 0x94, 0x8e, 0x73, 0xf4, 0x9c, 0x0d, 0x63, 0xa6, 0x31, 0xe4, 0x20,
    0xa3, 0x10, 0xab, 0x52, 0x92, 0x94, 0x55, 0xad, 0x35, 0xa5, 0x56, 0xad,
    0xf4, 0x9c, 0xab, 0x52, 0x86, 0x31, 0xa6, 0x31, 0xa7, 0x39, 0x87, 0x31,
    0xa6, 0x39, 0x86, 0x31, 0xa7, 0x31, 0xc3, 0x18, 0x82, 0x10, 0xa3, 0x10,
    0xcf, 0x7b, 0x97, 0xb5, 0x97, 0xb5, 0x10, 0x84, 0x66, 0x29, 0xc3, 0x18,
    0x82, 0x10, 0xc3, 0x18, 0x51, 0x8c, 0xf8, 0xbd, 0xb7, 0xb5, 0x56, 0xad,
    0xe8, 0x41, 0x04, 0x21, 0x62, 0x08, 0xe3, 0x18, 0x86, 0x31, 0x76, 0xad,
    0xb7, 0xb5, 0xf8, 0xbd, 0x39, 0xc6, 0x49, 0x4a, 0xc3, 0x18, 0x82, 0x10,
    0x04, 0x21, 0x24, 0x21, 0x05, 0x21, 0x04, 0x21, 0x24, 0x21, 0x05, 0x21,
    0x04, 0x21, 0x04, 0x21, 0x04, 0x21, 0x04, 0x21, 0x04, 0x19, 0xe4, 0x20,
    0xe4, 0x20, 0xe3, 0x18, 0xc3, 0x18, 0x82, 0x10, 0x62, 0x08, 0x41, 0x08,
    0x41, 0x08, 0x62, 0x10, 0x82, 0x10, 0xa3, 0x10, 0xa3, 0x18, 0xc3, 0x18,
    0xc3, 0x10, 0xa3, 0x18, 0xa3, 0x10, 0xa3, 0x10, 0xa2, 0x10, 0xa3, 0x10,
    0xa3, 0x18, 0xa2, 0x18, 0xa2, 0x10, 0xa2, 0x18, 0xa3, 0x10, 0x83, 0x10,
    0x82, 0x18, 0xa3, 0x10, 0x82, 0x10, 0x82, 0x10, 0xa2, 0x10, 0x82, 0x10,
    0x82, 0x10, 0xa3, 0x18, 0xe4, 0x20, 0x25, 0x29, 0x66, 0x29, 0x86, 0x31,
    0xc7, 0x39, 0xc7, 0x39, 0xc7, 0x39, 0xc7, 0x39, 0xc7, 0x39, 0xc7, 0x39,
    0xc7, 0x39, 0xc7, 0x39, 0xc7, 0x39, 0xc7, 0x39, 0xc7, 0x39, 0xe7, 0x39,
    0xc8, 0x39, 0xe7, 0x39, 0xe7, 0x41, 0xc7, 0x39, 0xc7, 0x39, 0xe8, 0x39,
    0x34, 0xa5, 0x35, 0xad, 0x15, 0xad, 0x34, 0xa5, 0x35, 0xad, 0x14, 0xa5,
    0x35, 0xad, 0x34, 0xa5, 0x34, 0xa5, 0x35, 0xad, 0x34, 0xa5, 0x34, 0xa5,
    0x14, 0xa5, 0x35, 0xad, 0x34, 0xa5, 0x14, 0xa5, 0x34, 0xa5, 0x35, 0xad,
    0x15, 0xad, 0x35, 0xad, 0x34, 0xa5, 0x35, 0xad, 0x34, 0xa5, 0x14, 0xa5,
    0x34, 0xa5, 0x14, 0xa5, 0x14, 0xa5, 0x35, 0xad, 0x34, 0xa5, 0x14, 0xa5,
    0x35, 0xad, 0x34, 0xa5, 0x35, 0xa5, 0x35, 0xad, 0x34, 0xa5, 0x34, 0xa5,
    0x34, 0xa5, 0x35, 0xad, 0x15, 0xa5, 0x34, 0xa5, 0x34, 0xa5, 0x14, 0xa5,
    0x35, 0xad, 0x34, 0xad, 0x34, 0xad, 0x14, 0xa5, 0x35, 0xad, 0xef, 0x7b,
    0x82, 0x10, 0x00, 0x00, 0x21, 0x08, 0x24, 0x21, 0xc7, 0x39, 0xe8, 0x41,
    0xe8, 0x41, 0xc7, 0x39, 0xc3, 0x18, 0x00, 0x08, 0x21, 0x08, 0xe4, 0x20,
    0x82, 0x10, 0xa3, 0x10, 0xaf, 0x7b, 0x35, 0xad, 0x14, 0xa5, 0x35, 0xa5,
    0x6e, 0x6b, 0x31, 0x8c, 0x14, 0xa5, 0xcf, 0x73, 0xe8, 0x41, 0x45, 0x29,
    0x82, 0x10, 0xa7, 0x31, 0x31, 0x8c, 0x35, 0xa5, 0x56, 0xad, 0xd7, 0xbd,
    0x76, 0xad, 0xd0, 0x7b, 0xa7, 0x39, 0x86, 0x31, 0xa6, 0x31, 0x86, 0x31,
    0x86, 0x31, 0xa6, 0x39, 0x66, 0x29, 0x62, 0x10, 0x82, 0x10, 0x08, 0x42,
    0x76, 0xb5, 0x76, 0xad, 0x55, 0xad, 0x69, 0x4a, 0x25, 0x29, 0x62, 0x08,
    0xc3, 0x18, 0xe8, 0x39, 0xb7, 0xb5, 0xb7, 0xb5, 0x18, 0xc6, 0x10, 0x84,
    0x25, 0x29, 0xc3, 0x18, 0x82, 0x10, 0xe4, 0x20, 0x4e, 0x6b, 0xf8, 0xbd,
    0xb6, 0xbd, 0x39, 0xce, 0xb3, 0x94, 0x04, 0x21, 0xc3, 0x18, 0xe4, 0x18,
    0x24, 0x29, 0x05, 0x21, 0x04, 0x21, 0x04, 0x21, 0x04, 0x21, 0x05, 0x21,
    0x04, 0x21, 0x04, 0x21, 0x04, 0x21, 0xe4, 0x20, 0x04, 0x21, 0xe4, 0x18,
    0xe4, 0x18, 0xe4, 0x20, 0xe3, 0x18, 0xa3, 0x18, 0x82, 0x10, 0x41, 0x08,
    0x41, 0x08, 0x42, 0x08, 0x82, 0x10, 0xa2, 0x10, 0xa3, 0x18, 0xc3, 0x18,
    0xc3, 0x18, 0xa3, 0x18, 0xa2, 0x10, 0x82, 0x10, 0xa3, 0x18, 0xa3, 0x18,
    0xa2, 0x10, 0xa3, 0x10, 0xa3, 0x10, 0xa3, 0x10, 0x83, 0x10, 0x82, 0x18,
    0xa2, 0x10, 0xa2, 0x10, 0x83, 0x10, 0x82, 0x10, 0x83, 0x10, 0x82, 0x10,
    0x83, 0x10, 0x82, 0x10, 0xc3, 0x18, 0x04, 0x21, 0x45, 0x29, 0x66, 0x31,
    0xa6, 0x31, 0xc7, 0x39, 0xc7, 0x39, 0xc7, 0x39, 0xc7, 0x39, 0xc7, 0x39,
    0xc7, 0x39, 0xc7, 0x39, 0xc7, 0x39, 0xc7, 0x39, 0xc7, 0x39, 0xc7, 0x39,
    0xc7, 0x39, 0xc7, 0x39, 0xc7, 0x39, 0xe8, 0x39, 0xe8, 0x39, 0xc7, 0x41,
    0x34, 0xa5, 0x15, 0xad, 0x34, 0xa5, 0x34, 0xa5, 0x34, 0xa5, 0x35, 0xad,
    0x34, 0xa5, 0x14, 0xa5, 0x14, 0xa5, 0x34, 0xa5, 0x35, 0xad, 0x35, 0xad,
    0x34, 0xa5, 0x34, 0xa5, 0x35, 0xad, 0x35, 0xad, 0x35, 0xad, 0x14, 0xa5,
    0x34, 0xa5, 0x34, 0xa5, 0x14, 0xa5, 0x34, 0xa5, 0x34, 0xa5, 0x35, 0xad,
    0x35, 0xad, 0x35, 0xad, 0x34, 0xa5, 0x34, 0xa5, 0x34, 0xa5, 0x35, 0xad,
    0x34, 0xa5, 0x15, 0xad, 0x14, 0xad, 0x34, 0xa5, 0x34, 0xad, 0x35, 0xad,
    0x35, 0xad, 0x14, 0xa5, 0x34, 0xa5, 0x34, 0xad, 0x34, 0xad, 0x35, 0xa5,
    0x34, 0xa5, 0x35, 0xa5, 0x35, 0xa5, 0x35, 0xad, 0x14, 0xa5, 0x69, 0x4a,
    0x00, 0x00, 0x00, 0x00, 0x62, 0x10, 0x86, 0x31, 0xe7, 0x39, 0xe8, 0x39,
    0xe7, 0x39, 0x86, 0x31, 0x41, 0x08, 0x00, 0x00, 0x62, 0x10, 0x04, 0x21,
    0x41, 0x08, 0x86, 0x31, 0xb3, 0x94, 0x35, 0xa5, 0xd3, 0x9c, 0x11, 0x84,
    0xcb, 0x5a, 0xf4, 0x9c, 0x14, 0xa5, 0x51, 0x8c, 0xab, 0x52, 0x86, 0x31,
    0xc3, 0x18, 0xc3, 0x18, 0x8e, 0x73, 0x35, 0xa5, 0xb7, 0xb5, 0xb7, 0xbd,
    0x55, 0xad, 0xd3, 0x9c, 0x69, 0x52, 0x86, 0x31, 0x86, 0x31, 0x87, 0x31,
    0x86, 0x31, 0xa6, 0x31, 0xc4, 0x18, 0x62, 0x10, 0xc3, 0x18, 0x92, 0x8c,
    0xb7, 0xbd, 0x76, 0xad, 0x31, 0x84, 0x65, 0x31, 0xc3, 0x18, 0x82, 0x10,
    0xe3, 0x18, 0xf0, 0x83, 0xd7, 0xb5, 0xb7, 0xb5, 0xf8, 0xc5, 0x29, 0x42,
    0x24, 0x21, 0x62, 0x08, 0xc3, 0x18, 0x66, 0x31, 0x55, 0xad, 0xd7, 0xbd,
    0xb7, 0xbd, 0xf8, 0xbd, 0x6a, 0x4a, 0x04, 0x21, 0xe4, 0x20, 0x04, 0x21,
    0x25, 0x29, 0x04, 0x21, 0x04, 0x21, 0x04, 0x21, 0x04, 0x21, 0x04, 0x21,
    0x04, 0x21, 0x04, 0x21, 0xe4, 0x20, 0xe4, 0x20, 0xe4, 0x20, 0xe4, 0x20,
    0x04, 0x21, 0xe3, 0x18, 0xe4, 0x18, 0xc3, 0x18, 0xa2, 0x10, 0x62, 0x10,
    0x41, 0x08, 0x41, 0x08, 0x62, 0x10, 0x82, 0x10, 0xa3, 0x10, 0xa3, 0x18,
    0xa3, 0x18, 0xa2, 0x10, 0x82, 0x10, 0xc3, 0x18, 0xe3, 0x18, 0xa3, 0x18,
    0x04, 0x21, 0xa3, 0x18, 0xa3, 0x10, 0xa2, 0x18, 0x82, 0x10, 0xa2, 0x10,
    0xa2, 0x10, 0x83, 0x10, 0x82, 0x10, 0x82, 0x10, 0x82, 0x10, 0x82, 0x10,
    0x82, 0x10, 0x83, 0x10, 0x82, 0x10, 0xe4, 0x18, 0x24, 0x21, 0x65, 0x29,
    0x86, 0x31, 0xa7, 0x39, 0xc7, 0x39, 0xc7, 0x39, 0xc7, 0x39, 0xc7, 0x39,
    0xc7, 0x39, 0xc7, 0x39, 0xc7, 0x39, 0xc7, 0x39, 0xc7, 0x39, 0xc7, 0x39,
    0xc7, 0x39, 0xc7, 0x39, 0xc7, 0x39, 0xe7, 0x39, 0xe7, 0x39, 0xc7, 0x39,
    0x34, 0xa5, 0x34, 0xa5, 0x34, 0xa5, 0x35, 0xad, 0x14, 0xa5, 0x34, 0xa5,
    0x35, 0xad, 0x35, 0xad, 0x35, 0xad, 0x14, 0xa5, 0x34, 0xa5, 0x34, 0xa5,
    0x15, 0xad, 0x35, 0xad, 0x34, 0xa5, 0x14, 0xa5, 0x34, 0xa5, 0x34, 0xa5,
    0x34, 0xa5, 0x35, 0xad, 0x35, 0xad, 0x14, 0xa5, 0x35, 0xad, 0x35, 0xad,
    0x14, 0xa5, 0x34, 0xa5, 0x35, 0xad, 0x34, 0xa5, 0x15, 0xad, 0x34, 0xa5,
    0x34, 0xa5, 0x34, 0xa5, 0x34, 0xa5, 0x14, 0xa5, 0x35, 0xa5, 0x34, 0xa5,
    0x14, 0xa5, 0x35, 0xa5, 0x34, 0xad, 0x35, 0xa5, 0x15, 0xa5, 0x34, 0xad,
    0x34, 0xad, 0x14, 0xa5, 0x34, 0xa5, 0x35, 0xad, 0x72, 0x94, 0x04, 0x21,
    0x00, 0x00, 0x00, 0x00, 0xe4, 0x18, 0xc7, 0x39, 0xc7, 0x41, 0xe7, 0x39,
    0xe7, 0x39, 0x04, 0x21, 0x20, 0x00, 0x21, 0x00, 0xe3, 0x18, 0xa3, 0x18,
    0x62, 0x08, 0xec, 0x5a, 0xd3, 0x9c, 0xd3, 0x9c, 0xec, 0x5a, 0x08, 0x42,
    0x0c, 0x63, 0x35, 0xa5, 0x15, 0xa5, 0x14, 0xa5, 0xf0, 0x7b, 0xc8, 0x39,
    0x25, 0x21, 0x82, 0x10, 0x49, 0x4a, 0x14, 0xa5, 0xd7, 0xbd, 0x54, 0xb5,
    0x55, 0xad, 0x55, 0xad, 0x8e, 0x73, 0x86, 0x31, 0x86, 0x31, 0xa6, 0x31,
    0xa6, 0x31, 0x66, 0x31, 0x62, 0x10, 0xa3, 0x10, 0x29, 0x4a, 0xd7, 0xb5,
    0x97, 0xb5, 0x96, 0xb5, 0x8a, 0x52, 0x25, 0x21, 0x62, 0x10, 0xe4, 0x18,
    0x45, 0x29, 0x76, 0xad, 0x97, 0xb5, 0x39, 0xc6, 0x72, 0x8c, 0x25, 0x29,
    0xc3, 0x18, 0x82, 0x10, 0xe4, 0x18, 0x2d, 0x6b, 0xf7, 0xc5, 0xb7, 0xbd,
    0xf8, 0xbd, 0x51, 0x8c, 0x04, 0x21, 0x04, 0x21, 0x04, 0x21, 0x25, 0x21,
    0x24, 0x21, 0x04, 0x21, 0x04, 0x21, 0x05, 0x21, 0x04, 0x21, 0x04, 0x21,
    0x04, 0x21, 0xe4, 0x20, 0x04, 0x21, 0x04, 0x19, 0xe4, 0x18, 0xe3, 0x18,
    0xe3, 0x18, 0xe3, 0x20, 0xe4, 0x18, 0xc3, 0x18, 0xa3, 0x18, 0x82, 0x10,
    0x61, 0x08, 0x41, 0x08, 0x41, 0x08, 0x62, 0x10, 0x82, 0x10, 0xa3, 0x10,
    0xa2, 0x10, 0x82, 0x10, 0xa3, 0x18, 0xe3, 0x18, 0x83, 0x10, 0x49, 0x4a,
    0x4e, 0x6b, 0x45, 0x29, 0x82, 0x10, 0xa2, 0x10, 0xa2, 0x10, 0xa3, 0x10,
    0x83, 0x10, 0x82, 0x10, 0x82, 0x10, 0x82, 0x10, 0x82, 0x10, 0x82, 0x10,
    0x82, 0x10, 0x82, 0x10, 0x83, 0x10, 0xa3, 0x10, 0xe4, 0x20, 0x25, 0x29,
    0x66, 0x29, 0x86, 0x31, 0xa7, 0x39, 0xc7, 0x39, 0xc7, 0x39, 0xc7, 0x39,
    0xc7, 0x39, 0xc7, 0x39, 0xc7, 0x39, 0xc7, 0x39, 0xc7, 0x39, 0xc7, 0x39,
    0xc7, 0x39, 0xc7, 0x39, 0xc7, 0x39, 0xc7, 0x39, 0xc7, 0x39, 0xe7, 0x39,
    0x34, 0xa5, 0x15, 0xad, 0x35, 0xad, 0x34, 0xa5, 0x15, 0xad, 0x34, 0xa5,
    0x14, 0xa5, 0x34, 0xa5, 0x34, 0xa5, 0x35, 0xad, 0x15, 0xad, 0x34, 0xa5,
    0x34, 0xa5, 0x14, 0xa5, 0x34, 0xa5, 0x14, 0xa5, 0x35, 0xad, 0x35, 0xad,
    0x15, 0xad, 0x14, 0xa5, 0x34, 0xa5, 0x35, 0xad, 0x14, 0xa5, 0x34, 0xa5,
    0x34, 0xa5, 0x14, 0xa5, 0x34, 0xa5, 0x35, 0xad, 0x14, 0xa5, 0x35, 0xad,
    0x15, 0xad, 0x34, 0xa5, 0x35, 0xa5, 0x35, 0xad, 0x34, 0xad, 0x15, 0xa5,
    0x34, 0xa5, 0x34, 0xad, 0x35, 0xa5, 0x14, 0xa5, 0x34, 0xa5, 0x35, 0xa5,
    0x15, 0xad, 0x34, 0xad, 0x34, 0xa5, 0x35, 0xad, 0x4d, 0x6b, 0x41, 0x08,
    0x00, 0x00, 0x41, 0x08, 0x65, 0x29, 0xe7, 0x39, 0xe8, 0x41, 0xe8, 0x41,
    0xa7, 0x39, 0x82, 0x10, 0x00, 0x00, 0x41, 0x08, 0x04, 0x21, 0x41, 0x08,
    0x25, 0x29, 0x10, 0x84, 0x72, 0x94, 0x8e, 0x73, 0xc3, 0x18, 0x62, 0x08,
    0x0c, 0x63, 0x15, 0xa5, 0x35, 0xa5, 0x76, 0xad, 0xd3, 0x9c, 0x8a, 0x52,
    0x65, 0x29, 0xa3, 0x10, 0x25, 0x29, 0x31, 0x84, 0x76, 0xad, 0x13, 0xad,
    0x35, 0xad, 0x76, 0xb5, 0x72, 0x8c, 0x08, 0x42, 0x86, 0x31, 0x86, 0x31,
    0xa7, 0x31, 0xe4, 0x20, 0x82, 0x10, 0xc3, 0x18, 0x31, 0x84, 0xb7, 0xb5,
    0xf8, 0xbd, 0xb3, 0x9c, 0x66, 0x31, 0xc3, 0x18, 0x82, 0x10, 0xc3, 0x18,
    0x0c, 0x63, 0xf8, 0xbd, 0xb7, 0xbd, 0x18, 0xc6, 0x49, 0x4a, 0x04, 0x21,
    0x62, 0x08, 0xc3, 0x18, 0x66, 0x29, 0x35, 0xad, 0xb7, 0xbd, 0xd7, 0xbd,
    0xb7, 0xbd, 0x49, 0x4a, 0x04, 0x21, 0x24, 0x21, 0x24, 0x21, 0x24, 0x21,
    0x04, 0x21, 0x04, 0x21, 0x04, 0x21, 0x04, 0x21, 0x04, 0x21, 0x04, 0x21,
    0x04, 0x21, 0xe4, 0x20, 0xe4, 0x18, 0xe4, 0x18, 0xe3, 0x20, 0xe4, 0x20,
    0xe4, 0x18, 0xe4, 0x18, 0xc3, 0x18, 0xc3, 0x18, 0xc3, 0x18, 0xa3, 0x10,
    0x62, 0x10, 0x41, 0x08, 0x41, 0x08, 0x62, 0x08, 0x82, 0x10, 0x82, 0x10,
    0xa3, 0x10, 0xa3, 0x10, 0xa3, 0x18, 0xa3, 0x18, 0xcb, 0x5a, 0xf4, 0x9c,
    0x51, 0x8c, 0x6a, 0x4a, 0xc3, 0x18, 0x83, 0x10, 0x83, 0x10, 0x82, 0x10,
    0x82, 0x10, 0x82, 0x10, 0x82, 0x10, 0x82, 0x10, 0x83, 0x10, 0x82, 0x10,
    0x82, 0x10, 0x82, 0x10, 0x82, 0x10, 0x82, 0x10, 0xc3, 0x18, 0x04, 0x21,
    0x45, 0x29, 0x86, 0x31, 0xa6, 0x31, 0xc7, 0x39, 0xc7, 0x39, 0xc7, 0x39,
    0xc7, 0x39, 0xc7, 0x39, 0xc7, 0x39, 0xc7, 0x39, 0xc7, 0x39, 0xc7, 0x39,
    0xc7, 0x39, 0xc7, 0x39, 0xc7, 0x39, 0xc7, 0x39, 0xc7, 0x39, 0xc7, 0x39,
    0x34, 0xa5, 0x35, 0xad, 0x14, 0xa5, 0x34, 0xa5, 0x34, 0xa5, 0x35, 0xad,
    0x35, 0xad, 0x14, 0xa5, 0x34, 0xa5, 0x34, 0xa5, 0x34, 0xa5, 0x15, 0xad,
    0x34, 0xa5, 0x34, 0xa5, 0x35, 0xad, 0x35, 0xad, 0x34, 0xa5, 0x34, 0xa5,
    0x34, 0xa5, 0x34, 0xa5, 0x34, 0xa5, 0x34, 0xa5, 0x34, 0xa5, 0x34, 0xa5,
    0x35, 0xad, 0x35, 0xad, 0x14, 0xa5, 0x34, 0xa5, 0x35, 0xad, 0x34, 0xa5,
    0x34, 0xa5, 0x15, 0xad, 0x34, 0xad, 0x34, 0xa5, 0x15, 0xa5, 0x34, 0xad,
    0x34, 0xad, 0x35, 0xa5, 0x14, 0xad, 0x34, 0xad, 0x34, 0xad, 0x34, 0xa5,
    0x34, 0xa5, 0x35, 0xa5, 0x35, 0xad, 0xd3, 0x9c, 0xc7, 0x39, 0x00, 0x00,
    0x00, 0x00, 0xa2, 0x10, 0xa7, 0x39, 0xe7, 0x39, 0xe7, 0x39, 0xe8, 0x39,
    0x45, 0x29, 0x21, 0x08, 0x20, 0x00, 0xa3, 0x18, 0xc3, 0x18, 0xa2, 0x10,
    0x8e, 0x73, 0x72, 0x94, 0x10, 0x8c, 0x69, 0x4a, 0xe4, 0x20, 0x62, 0x08,
    0x49, 0x4a, 0xf4, 0x9c, 0x96, 0xb5, 0x54, 0xb5, 0x14, 0xa5, 0xcf, 0x7b,
    0xa7, 0x39, 0x04, 0x21, 0xa2, 0x10, 0xab, 0x52, 0xb4, 0x9c, 0xf4, 0x9c,
    0x35, 0xad, 0x56, 0xb5, 0xf4, 0x9c, 0x0c, 0x63, 0x86, 0x31, 0x86, 0x31,
    0x86, 0x31, 0x82, 0x10, 0xc3, 0x18, 0x66, 0x29, 0x76, 0xad, 0x76, 0xad,
    0x39, 0xc6, 0xec, 0x5a, 0x25, 0x29, 0x62, 0x08, 0xc3, 0x18, 0x04, 0x21,
    0x14, 0xa5, 0xd7, 0xbd, 0xf8, 0xc5, 0x52, 0x8c, 0x45, 0x29, 0xc3, 0x18,
    0x62, 0x10, 0xc3, 0x18, 0x2d, 0x63, 0xd7, 0xbd, 0xb7, 0xb5, 0xf7, 0xc5,
    0x72, 0x8c, 0x25, 0x21, 0x04, 0x21, 0x25, 0x21, 0x25, 0x29, 0x04, 0x21,
    0x05, 0x21, 0x04, 0x21, 0x04, 0x21, 0x04, 0x21, 0x04, 0x21, 0x04, 0x21,
    0x04, 0x21, 0x04, 0x19, 0xe4, 0x20, 0xe4, 0x20, 0xe4, 0x20, 0xe4, 0x18,
    0xe3, 0x20, 0xe3, 0x18, 0xc4, 0x18, 0xc3, 0x18, 0xc3, 0x18, 0xa3, 0x18,
    0x82, 0x10, 0x62, 0x08, 0x41, 0x08, 0x41, 0x08, 0x62, 0x10, 0x82, 0x10,
    0xa2, 0x10, 0xa3, 0x10, 0x82, 0x10, 0x08, 0x42, 0x35, 0xad, 0x76, 0xb5,
    0x72, 0x94, 0x6e, 0x6b, 0x86, 0x31, 0x82, 0x10, 0xa2, 0x10, 0x83, 0x10,
    0x82, 0x10, 0xa2, 0x10, 0x82, 0x10, 0x82, 0x10, 0x82, 0x10, 0x82, 0x10,
    0x82, 0x10, 0x62, 0x10, 0x82, 0x08, 0x82, 0x10, 0x82, 0x10, 0xc4, 0x18,
    0x24, 0x21, 0x65, 0x29, 0x86, 0x31, 0xa7, 0x39, 0xc7, 0x39, 0xc7, 0x39,
    0xa7, 0x39, 0xc7, 0x39, 0xc7, 0x39, 0xc7, 0x39, 0xc7, 0x39, 0xc7, 0x39,
    0xc7, 0x39, 0xc7, 0x39, 0xc7, 0x39, 0xc7, 0x39, 0xc7, 0x39, 0xc7, 0x39,
    0x34, 0xa5, 0x14, 0xa5, 0x34, 0xa5, 0x35, 0xad, 0x34, 0xa5, 0x34, 0xa5,
    0x35, 0xad, 0x34, 0xa5, 0x35, 0xad, 0x15, 0xad, 0x34, 0xa5, 0x34, 0xa5,
    0x35, 0xad, 0x35, 0xad, 0x34, 0xa5, 0x14, 0xa5, 0x35, 0xad, 0x14, 0xa5,
    0x34, 0xa5, 0x35, 0xad, 0x15, 0xad, 0x35, 0xad, 0x35, 0xad, 0x15, 0xad,
    0x14, 0xa5, 0x34, 0xa5, 0x35, 0xad, 0x35, 0xad, 0x14, 0xa5, 0x34, 0xa5,
    0x34, 0xa5, 0x34, 0xa5, 0x14, 0xa5, 0x35, 0xad, 0x34, 0xa5, 0x34, 0xa5,
    0x35, 0xa5, 0x14, 0xad, 0x34, 0xa5, 0x35, 0xa5, 0x15, 0xa5, 0x35, 0xad,
    0x34, 0xa5, 0x34, 0xa5, 0x35, 0xad, 0xf0, 0x7b, 0xa2, 0x10, 0x00, 0x00,
    0x21, 0x08, 0x24, 0x21, 0xc7, 0x39, 0xe8, 0x41, 0xc7, 0x39, 0xc7, 0x39,
    0xa3, 0x18, 0x20, 0x00, 0x21, 0x08, 0x04, 0x21, 0x62, 0x08, 0xc7, 0x39,
    0x14, 0x9d, 0xd3, 0x9c, 0x71, 0x94, 0x8a, 0x52, 0x45, 0x29, 0x82, 0x10,
    0x25, 0x21, 0x52, 0x8c, 0x76, 0xb5, 0x13, 0xad, 0x14, 0xa5, 0x93, 0x94,
    0x29, 0x4a, 0x45, 0x29, 0x82, 0x10, 0x66, 0x31, 0x10, 0x84, 0xd4, 0x9c,
    0x14, 0xa5, 0x76, 0xad, 0x14, 0xa5, 0x10, 0x84, 0xc7, 0x39, 0xa6, 0x31,
    0x04, 0x21, 0x62, 0x10, 0xc3, 0x18, 0x0c, 0x5b, 0xb7, 0xbd, 0xd8, 0xbd,
    0x35, 0xa5, 0x86, 0x31, 0xe3, 0x18, 0x82, 0x10, 0xc3, 0x18, 0xcb, 0x5a,
    0xf8, 0xc5, 0xb7, 0xbd, 0xb7, 0xb5, 0x49, 0x4a, 0x24, 0x21, 0x62, 0x10,
    0xa2, 0x10, 0x45, 0x29, 0x14, 0xa5, 0x97, 0xb5, 0x97, 0xbd, 0xb7, 0xbd,
    0x49, 0x4a, 0x04, 0x21, 0x24, 0x29, 0x05, 0x21, 0x04, 0x21, 0x04, 0x21,
    0x04, 0x21, 0x04, 0x21, 0x04, 0x21, 0x05, 0x21, 0x04, 0x21, 0xe4, 0x20,
    0xe4, 0x18, 0xe4, 0x20, 0xe4, 0x18, 0xe3, 0x20, 0xe3, 0x18, 0xe3, 0x18,
    0xe4, 0x18, 0xc3, 0x18, 0xe3, 0x18, 0xc3, 0x18, 0xc3, 0x18, 0xc3, 0x18,
    0x83, 0x10, 0x62, 0x10, 0x41, 0x08, 0x41, 0x08, 0x41, 0x08, 0x62, 0x10,
    0x82, 0x10, 0x82, 0x10, 0xe4, 0x18, 0x31, 0x8c, 0xd7, 0xbd, 0x76, 0xad,
    0xf4, 0x9c, 0x31, 0x84, 0xab, 0x52, 0xc3, 0x18, 0x82, 0x10, 0x82, 0x10,
    0x82, 0x10, 0x83, 0x10, 0x82, 0x10, 0x82, 0x10, 0x82, 0x10, 0x82, 0x10,
    0x82, 0x10, 0x82, 0x08, 0x62, 0x10, 0x82, 0x10, 0x82, 0x10, 0xa3, 0x10,
    0xe4, 0x20, 0x25, 0x29, 0x66, 0x29, 0x86, 0x31, 0xa7, 0x39, 0xc7, 0x39,
    0xc7, 0x39, 0xa7, 0x39, 0xc7, 0x31, 0xc7, 0x39, 0xc7, 0x39, 0xc7, 0x39,
    0xc7, 0x39, 0xc7, 0x39, 0xc7, 0x39, 0xc7, 0x39, 0xc7, 0x39, 0xc7, 0x39,
    0x34, 0xa5, 0x35, 0xad, 0x35, 0xad, 0x34, 0xa5, 0x15, 0xad, 0x34, 0xa5,
    0x14, 0xa5, 0x34, 0xa5, 0x35, 0xad, 0x14, 0xa5, 0x35, 0xad, 0x34, 0xa5,
    0x14, 0xa5, 0x35, 0xad, 0x14, 0xa5, 0x34, 0xa5, 0x34, 0xa5, 0x35, 0xad,
    0x15, 0xad, 0x34, 0xa5, 0x34, 0xa5, 0x14, 0xa5, 0x34, 0xa5, 0x34, 0xa5,
    0x35, 0xad, 0x34, 0xa5, 0x34, 0xa5, 0x34, 0xa5, 0x34, 0xa5, 0x15, 0xad,
    0x35, 0xad, 0x35, 0xad, 0x35, 0xa5, 0x34, 0xa5, 0x14, 0xad, 0x15, 0xa5,
    0x34, 0xa5, 0x35, 0xa5, 0x35, 0xa5, 0x34, 0xa5, 0x34, 0xa5, 0x14, 0xa5,
    0x35, 0xad, 0x34, 0xad, 0x14, 0xa5, 0x6a, 0x52, 0x20, 0x00, 0x20, 0x00,
    0x62, 0x10, 0x86, 0x31, 0xe8, 0x41, 0xe7, 0x39, 0xe8, 0x41, 0x86, 0x31,
    0x41, 0x08, 0x20, 0x00, 0x82, 0x10, 0xe4, 0x20, 0x41, 0x08, 0x4d, 0x63,
    0x35, 0xa5, 0x76, 0xad, 0x55, 0xad, 0x8f, 0x73, 0xa6, 0x31, 0xc3, 0x18,
    0x82, 0x10, 0xec, 0x5a, 0xd3, 0x9c, 0xd3, 0x9c, 0x14, 0xa5, 0xf4, 0xa4,
    0x0c, 0x63, 0x86, 0x31, 0xe3, 0x18, 0xc3, 0x18, 0xec, 0x5a, 0xb3, 0x94,
    0x14, 0xa5, 0x76, 0xad, 0x35, 0xa5, 0xd4, 0x9c, 0xec, 0x5a, 0x66, 0x31,
    0x82, 0x10, 0xc3, 0x18, 0x04, 0x21, 0xf4, 0x9c, 0xb6, 0xb5, 0x18, 0xc6,
    0x2d, 0x6b, 0x25, 0x29, 0x62, 0x10, 0xc3, 0x18, 0x04, 0x19, 0xf4, 0x9c,
    0xd7, 0xbd, 0xf8, 0xbd, 0x51, 0x8c, 0x45, 0x29, 0xc3, 0x18, 0x62, 0x08,
    0xa3, 0x10, 0x2d, 0x6b, 0xb7, 0xb5, 0x96, 0xb5, 0xb7, 0xb5, 0x51, 0x8c,
    0x04, 0x21, 0x25, 0x21, 0x24, 0x21, 0x04, 0x21, 0x04, 0x21, 0x04, 0x21,
    0x04, 0x21, 0x04, 0x21, 0x04, 0x21, 0x04, 0x21, 0x04, 0x21, 0xe4, 0x20,
    0x04, 0x21, 0xe4, 0x18, 0xe3, 0x18, 0xe3, 0x18, 0xe4, 0x20, 0xe4, 0x18,
    0xc3, 0x18, 0xe3, 0x20, 0xc4, 0x18, 0xc3, 0x18, 0xc3, 0x18, 0xc3, 0x18,
    0xa3, 0x10, 0x82, 0x10, 0x62, 0x08, 0x41, 0x08, 0x41, 0x08, 0x62, 0x08,
    0x62, 0x10, 0x62, 0x10, 0x8a, 0x52, 0x96, 0xb5, 0xb7, 0xbd, 0x96, 0xb5,
    0x35, 0xa5, 0x93, 0x94, 0xaf, 0x7b, 0xe8, 0x39, 0x82, 0x10, 0x82, 0x10,
    0x82, 0x10, 0x82, 0x10, 0x82, 0x10, 0x82, 0x10, 0x82, 0x10, 0x82, 0x10,
    0x62, 0x08, 0x82, 0x10, 0x62, 0x10, 0x62, 0x10, 0x82, 0x08, 0x82, 0x10,
    0xc3, 0x18, 0x04, 0x21, 0x45, 0x29, 0x86, 0x31, 0xa6, 0x31, 0xc7, 0x39,
    0xc7, 0x39, 0xc7, 0x39, 0xa7, 0x39, 0xc7, 0x39, 0xc7, 0x39, 0xc7, 0x39,
    0xc7, 0x39, 0xc7, 0x39, 0xc7, 0x39, 0xc7, 0x39, 0xc7, 0x39, 0xc7, 0x39,
    0x34, 0xa5, 0x15, 0xad, 0x34, 0xa5, 0x34, 0xa5, 0x14, 0xa5, 0x35, 0xad,
    0x35, 0xad, 0x14, 0xa5, 0x34, 0xa5, 0x34, 0xa5, 0x34, 0xa5, 0x35, 0xad,
    0x14, 0xa5, 0x34, 0xa5, 0x35, 0xad, 0x35, 0xad, 0x14, 0xa5, 0x34, 0xa5,
    0x35, 0xad, 0x34, 0xa5, 0x34, 0xa5, 0x34, 0xa5, 0x14, 0xa5, 0x35, 0xad,
    0x34, 0xa5, 0x35, 0xad, 0x14, 0xa5, 0x14, 0xa5, 0x35, 0xad, 0x34, 0xa5,
    0x14, 0xa5, 0x34, 0xa5, 0x34, 0xad, 0x34, 0xa5, 0x35, 0xa5, 0x34, 0xad,
    0x15, 0xad, 0x34, 0xad, 0x14, 0xad, 0x34, 0xad, 0x34, 0xad, 0x35, 0xad,
    0x34, 0xa5, 0x35, 0xad, 0x72, 0x94, 0x24, 0x21, 0x00, 0x00, 0x00, 0x00,
    0xe3, 0x20, 0xc7, 0x39, 0xe8, 0x39, 0xe7, 0x39, 0xe7, 0x39, 0xe4, 0x20,
    0x20, 0x00, 0x21, 0x00, 0xe4, 0x20, 0x82, 0x10, 0x82, 0x10, 0xf0, 0x7b,
    0x35, 0xa5, 0xd7, 0xbd, 0x97, 0xb5, 0x92, 0x94, 0x08, 0x42, 0x25, 0x21,
    0x62, 0x10, 0x86, 0x31, 0xf0, 0x7b, 0x93, 0x94, 0xf4, 0xa4, 0x14, 0xa5,
    0xf0, 0x7b, 0xe7, 0x39, 0x25, 0x29, 0x82, 0x10, 0xc8, 0x39, 0x31, 0x8c,
    0x35, 0xad, 0x76, 0xad, 0x76, 0xad, 0x56, 0xad, 0x52, 0x8c, 0x45, 0x29,
    0x61, 0x08, 0xa3, 0x18, 0x8a, 0x52, 0xd7, 0xbd, 0xb7, 0xbd, 0x14, 0xa5,
    0xa6, 0x31, 0xe4, 0x18, 0x62, 0x10, 0xc3, 0x18, 0x8a, 0x52, 0xb7, 0xbd,
    0xb7, 0xbd, 0xb7, 0xbd, 0x49, 0x4a, 0x04, 0x21, 0x62, 0x10, 0x82, 0x10,
    0x66, 0x31, 0x56, 0xad, 0xb7, 0xbd, 0x76, 0xad, 0x76, 0xb5, 0x29, 0x4a,
    0x04, 0x21, 0x25, 0x21, 0x04, 0x21, 0x04, 0x21, 0x25, 0x21, 0x04, 0x21,
    0x04, 0x21, 0x04, 0x21, 0x04, 0x21, 0x04, 0x21, 0xe4, 0x18, 0xe4, 0x20,
    0xe4, 0x20, 0xe4, 0x18, 0xe3, 0x20, 0xe4, 0x18, 0xe4, 0x18, 0xe3, 0x20,
    0xc3, 0x18, 0xe4, 0x18, 0xc3, 0x18, 0xc3, 0x18, 0xc3, 0x18, 0xc3, 0x18,
    0xa3, 0x18, 0xa2, 0x10, 0x62, 0x10, 0x41, 0x08, 0x41, 0x08, 0x41, 0x08,
    0x41, 0x08, 0x04, 0x21, 0x92, 0x94, 0xd7, 0xbd, 0x97, 0xb5, 0x96, 0xad,
    0x56, 0xad, 0xf4, 0x9c, 0x72, 0x8c, 0x4e, 0x6b, 0x45, 0x29, 0x82, 0x10,
    0x82, 0x10, 0x82, 0x10, 0x82, 0x10, 0x82, 0x10, 0x82, 0x10, 0x82, 0x08,
    0x82, 0x10, 0x62, 0x10, 0x82, 0x10, 0x82, 0x08, 0x62, 0x10, 0x62, 0x10,
    0xa2, 0x10, 0xe3, 0x18, 0x24, 0x21, 0x45, 0x29, 0x86, 0x31, 0xa7, 0x39,
    0xc7, 0x39, 0xc7, 0x39, 0xc7, 0x39, 0xc7, 0x39, 0xa7, 0x31, 0xc7, 0x39,
    0xc7, 0x39, 0xc7, 0x31, 0xa7, 0x39, 0xc7, 0x39, 0xc7, 0x39, 0xc7, 0x39,
    0x34, 0xa5, 0x34, 0xa5, 0x14, 0xa5, 0x35, 0xad, 0x34, 0xa5, 0x34, 0xa5,
    0x34, 0xa5, 0x35, 0xad, 0x35, 0xad, 0x34, 0xa5, 0x14, 0xa5, 0x34, 0xa5,
    0x35, 0xad, 0x34, 0xa5, 0x34, 0xa5, 0x14, 0xa5, 0x35, 0xad, 0x34, 0xa5,
    0x34, 0xa5, 0x15, 0xad, 0x35, 0xad, 0x35, 0xad, 0x35, 0xad, 0x34, 0xa5,
    0x14, 0xa5, 0x34, 0xa5, 0x35, 0xad, 0x35, 0xad, 0x34, 0xa5, 0x34, 0xa5,
    0x35, 0xad, 0x14, 0xa5, 0x34, 0xa5, 0x15, 0xad, 0x34, 0xad, 0x35, 0xa5,
    0x34, 0xa5, 0x34, 0xa5, 0x34, 0xa5, 0x15, 0xa5, 0x35, 0xa5, 0x34, 0xa5,
    0x34, 0xa5, 0x35, 0xad, 0x4d, 0x6b, 0x41, 0x08, 0x00, 0x00, 0x41, 0x08,
    0x66, 0x29, 0xe7, 0x39, 0xc8, 0x39, 0xe7, 0x41, 0xa7, 0x39, 0x62, 0x10,
    0x00, 0x00, 0x41, 0x08, 0x04, 0x21, 0x21, 0x08, 0x04, 0x21, 0x51, 0x8c,
    0x96, 0xb5, 0xb7, 0xb5, 0x96, 0xb5, 0x14, 0xa5, 0x8a, 0x52, 0x86, 0x31,
    0x82, 0x10, 0xc3, 0x18, 0xec, 0x5a, 0x72, 0x94, 0xf3, 0xa4, 0x15, 0xa5,
    0x52, 0x8c, 0x8a, 0x52, 0x66, 0x31, 0xc3, 0x18, 0xe4, 0x18, 0x6e, 0x6b,
    0x55, 0xad, 0x35, 0xa5, 0xd7, 0xb5, 0xd8, 0xbd, 0x35, 0xa5, 0x08, 0x42,
    0x82, 0x10, 0xe4, 0x18, 0x93, 0x94, 0xb7, 0xbd, 0xd7, 0xbd, 0x2d, 0x63,
    0x45, 0x29, 0x62, 0x10, 0xa3, 0x10, 0xe4, 0x18, 0xb3, 0x9c, 0x97, 0xb5,
    0xd7, 0xbd, 0x72, 0x8c, 0x45, 0x29, 0xc3, 0x18, 0x62, 0x08, 0xc3, 0x18,
    0xaf, 0x73, 0xf8, 0xbd, 0xb7, 0xb5, 0xb7, 0xb5, 0x51, 0x8c, 0x24, 0x21,
    0x24, 0x21, 0x04, 0x21, 0x04, 0x21, 0x04, 0x29, 0x04, 0x21, 0x04, 0x21,
    0x04, 0x21, 0x04, 0x21, 0x04, 0x21, 0x04, 0x21, 0xe4, 0x20, 0x04, 0x19,
    0xe4, 0x18, 0xe4, 0x20, 0xe4, 0x20, 0xe4, 0x20, 0xe3, 0x18, 0xe3, 0x18,
    0xc4, 0x18, 0xc3, 0x18, 0xc3, 0x18, 0xc3, 0x18, 0xc3, 0x18, 0xc3, 0x18,
    0xa3, 0x18, 0xa3, 0x10, 0x82, 0x10, 0x61, 0x08, 0x41, 0x08, 0x41, 0x08,
    0x41, 0x08, 0xcb, 0x5a, 0x97, 0xb5, 0xb7, 0xbd, 0x96, 0xb5, 0x97, 0xb5,
    0x96, 0xb5, 0x56, 0xad, 0xf4, 0x9c, 0x31, 0x84, 0x8b, 0x52, 0xa3, 0x18,
    0x82, 0x10, 0x82, 0x10, 0x82, 0x10, 0x82, 0x10, 0x82, 0x10, 0x62, 0x10,
    0x62, 0x10, 0x82, 0x10, 0x62, 0x08, 0x82, 0x10, 0x62, 0x10, 0x62, 0x10,
    0x82, 0x10, 0xa2, 0x10, 0xe4, 0x18, 0x25, 0x29, 0x66, 0x29, 0x86, 0x31,
    0xa7, 0x39, 0xc7, 0x39, 0xc7, 0x39, 0xc6, 0x39, 0xc7, 0x39, 0xc7, 0x39,
    0xc7, 0x39, 0xa7, 0x39, 0xc6, 0x39, 0xc7, 0x39, 0xc7, 0x39, 0xc7, 0x39,
    0x34, 0xa5, 0x15, 0xad, 0x35, 0xad, 0x34, 0xa5, 0x35, 0xad, 0x14, 0xa5,
    0x35, 0xad, 0x34, 0xa5, 0x34, 0xa5, 0x15, 0xad, 0x35, 0xad, 0x35, 0xad,
    0x34, 0xa5, 0x15, 0xad, 0x34, 0xa5, 0x34, 0xa5, 0x34, 0xa5, 0x35, 0xad,
    0x15, 0xad, 0x34, 0xa5, 0x34, 0xa5, 0x14, 0xa5, 0x34, 0xa5, 0x35, 0xad,
    0x35, 0xad, 0x14, 0xa5, 0x34, 0xa5, 0x34, 0xa5, 0x15, 0xad, 0x35, 0xad,
    0x34, 0xa5, 0x35, 0xad, 0x35, 0xa5, 0x34, 0xa5, 0x14, 0xad, 0x34, 0xa5,
    0x34, 0xa5, 0x35, 0xa5, 0x35, 0xa5, 0x34, 0xad, 0x15, 0xa5, 0x34, 0xa5,
    0x35, 0xad, 0xf4, 0x9c, 0xc7, 0x39, 0x00, 0x00, 0x00, 0x00, 0xa2, 0x10,
    0xc7, 0x39, 0xe7, 0x39, 0xe7, 0x41, 0xe8, 0x41, 0x25, 0x29, 0x20, 0x00,
    0x20, 0x00, 0xc3, 0x18, 0xa3, 0x18, 0x00, 0x00, 0xa7, 0x31, 0x72, 0x8c,
    0x76, 0xad, 0x96, 0xb5, 0x76, 0xad, 0x14, 0xa5, 0x2d, 0x63, 0xa7, 0x31,
    0x04, 0x21, 0x82, 0x10, 0xe8, 0x39, 0x11, 0x84, 0xf4, 0x9c, 0x35, 0xa5,
    0xb3, 0x94, 0x8e, 0x73, 0xc7, 0x39, 0x04, 0x21, 0x82, 0x10, 0x4a, 0x4a,
    0x14, 0xa5, 0x56, 0xad, 0x18, 0xc6, 0xb7, 0xbd, 0x55, 0xad, 0xf0, 0x83,
    0x45, 0x29, 0x29, 0x4a, 0x96, 0xb5, 0xb7, 0xbd, 0x14, 0xa5, 0xa7, 0x39,
    0xe4, 0x18, 0x61, 0x08, 0x82, 0x10, 0x8a, 0x52, 0xb7, 0xb5, 0x76, 0xb5,
    0x96, 0xb5, 0x6a, 0x52, 0x24, 0x21, 0x62, 0x10, 0xc3, 0x18, 0xa7, 0x31,
    0x96, 0xad, 0xb7, 0xb5, 0xd8, 0xbd, 0xd7, 0xbd, 0x49, 0x4a, 0x04, 0x21,
    0x05, 0x21, 0x25, 0x21, 0x04, 0x21, 0x04, 0x21, 0x04, 0x21, 0x04, 0x21,
    0x04, 0x21, 0x04, 0x21, 0x04, 0x21, 0xe4, 0x20, 0x04, 0x19, 0xe4, 0x20,
    0xe4, 0x20, 0xe3, 0x18, 0xe3, 0x18, 0xe3, 0x18, 0xc4, 0x20, 0xc3, 0x18,
    0xc3, 0x18, 0xc3, 0x18, 0xc3, 0x18, 0xc3, 0x18, 0xc3, 0x18, 0xc3, 0x18,
    0xa3, 0x10, 0xa3, 0x10, 0xa2, 0x10, 0x62, 0x10, 0x41, 0x08, 0x20, 0x00,
    0x25, 0x29, 0xd4, 0x9c, 0xb7, 0xbd, 0xb7, 0xb5, 0xd7, 0xbd, 0x97, 0xb5,
    0x97, 0xb5, 0x96, 0xb5, 0x35, 0xa5, 0xd3, 0x9c, 0xf0, 0x7b, 0xa7, 0x39,
    0x62, 0x10, 0x82, 0x10, 0x82, 0x10, 0x82, 0x08, 0x82, 0x10, 0x82, 0x10,
    0x62, 0x08, 0x82, 0x10, 0x62, 0x10, 0x62, 0x10, 0x82, 0x10, 0x82, 0x08,
    0x62, 0x10, 0x82, 0x10, 0xc3, 0x18, 0x04, 0x21, 0x45, 0x29, 0x86, 0x31,
    0xa6, 0x31, 0xa7, 0x39, 0xc7, 0x39, 0xa7, 0x39, 0xc7, 0x39, 0xc7, 0x39,
    0xa7, 0x39, 0xc7, 0x39, 0xc7, 0x39, 0xc7, 0x39, 0xc7, 0x39, 0xc7, 0x39,
    0x34, 0xa5, 0x35, 0xad, 0x34, 0xa5, 0x34, 0xa5, 0x14, 0xa5, 0x35, 0xad,
    0x34, 0xa5, 0x14, 0xa5, 0x14, 0xa5, 0x34, 0xa5, 0x35, 0xad, 0x34, 0xa5,
    0x14, 0xa5, 0x34, 0xa5, 0x35, 0xad, 0x35, 0xad, 0x15, 0xad, 0x34, 0xa5,
    0x34, 0xa5, 0x34, 0xa5, 0x34, 0xa5, 0x34, 0xa5, 0x14, 0xa5, 0x34, 0xa5,
    0x34, 0xa5, 0x35, 0xad, 0x14, 0xa5, 0x35, 0xad, 0x34, 0xa5, 0x34, 0xa5,
    0x34, 0xa5, 0x34, 0xa5, 0x34, 0xad, 0x15, 0xa5, 0x35, 0xa5, 0x34, 0xa5,
    0x15, 0xad, 0x14, 0xad, 0x34, 0xad, 0x34, 0xa5, 0x34, 0xad, 0x34, 0xad,
    0x35, 0xad, 0x10, 0x84, 0xa3, 0x10, 0x00, 0x00, 0x21, 0x08, 0x24, 0x29,
    0xe7, 0x39, 0xe8, 0x41, 0xc7, 0x39, 0xc7, 0x39, 0xa3, 0x10, 0x20, 0x00,
    0x41, 0x08, 0x45, 0x29, 0xa2, 0x10, 0x00, 0x00, 0x66, 0x31, 0x51, 0x8c,
    0x14, 0x9d, 0x56, 0xad, 0x55, 0xad, 0x15, 0xa5, 0xd0, 0x7b, 0x08, 0x42,
    0x65, 0x29, 0x62, 0x10, 0x05, 0x21, 0x8e, 0x73, 0x14, 0xa5, 0x35, 0xa5,
    0x56, 0xad, 0xd4, 0x9c, 0x6a, 0x4a, 0x45, 0x29, 0xa2, 0x10, 0x45, 0x29,
    0x52, 0x84, 0xd7, 0xbd, 0xf7, 0xc5, 0x54, 0xb5, 0x76, 0xb5, 0xf4, 0xa4,
    0xc7, 0x39, 0x51, 0x8c, 0x96, 0xb5, 0xd7, 0xbd, 0x8e, 0x73, 0x45, 0x29,
    0x82, 0x10, 0xa2, 0x10, 0x04, 0x21, 0x14, 0xa5, 0xb7, 0xb5, 0x76, 0xad,
    0x71, 0x8c, 0x45, 0x29, 0xc4, 0x18, 0x82, 0x10, 0x04, 0x21, 0x8f, 0x73,
    0xd8, 0xbd, 0x96, 0xad, 0x39, 0xce, 0x92, 0x94, 0x04, 0x21, 0x05, 0x21,
    0x24, 0x21, 0x04, 0x21, 0x05, 0x21, 0x04, 0x21, 0x04, 0x21, 0x04, 0x21,
    0x04, 0x21, 0xe4, 0x20, 0xe4, 0x20, 0x04, 0x19, 0xe4, 0x20, 0xe4, 0x20,
    0xe3, 0x18, 0xe4, 0x18, 0xe3, 0x18, 0xc4, 0x18, 0xe3, 0x18, 0xe4, 0x18,
    0xc3, 0x18, 0xc3, 0x18, 0xc4, 0x18, 0xc3, 0x18, 0xc3, 0x18, 0xc3, 0x18,
    0xa3, 0x18, 0xa3, 0x18, 0xa2, 0x10, 0x62, 0x10, 0x41, 0x08, 0x41, 0x08,
    0x2d, 0x6b, 0x96, 0xb5, 0xd7, 0xbd, 0xd7, 0xbd, 0xb7, 0xb5, 0x97, 0xb5,
    0xb7, 0xb5, 0xd7, 0xb5, 0xb7, 0xb5, 0x56, 0xad, 0x93, 0x94, 0xec, 0x5a,
    0xe3, 0x18, 0x62, 0x10, 0x82, 0x10, 0x82, 0x10, 0x82, 0x10, 0x62, 0x08,
    0x82, 0x10, 0x62, 0x10, 0x82, 0x08, 0x82, 0x10, 0x61, 0x08, 0x82, 0x08,
    0x82, 0x10, 0x62, 0x10, 0x82, 0x10, 0xe3, 0x18, 0x24, 0x21, 0x45, 0x29,
    0x86, 0x31, 0xa7, 0x31, 0xa7, 0x39, 0xa7, 0x39, 0xc7, 0x31, 0xc6, 0x39,
    0xa7, 0x39, 0xc7, 0x31, 0xc7, 0x39, 0xa7, 0x39, 0xc7, 0x39, 0xc7, 0x39,
    0x34, 0xa5, 0x14, 0xa5, 0x34, 0xa5, 0x35, 0xad, 0x14, 0xa5, 0x34, 0xa5,
    0x35, 0xad, 0x35, 0xad, 0x35, 0xad, 0x34, 0xa5, 0x34, 0xa5, 0x14, 0xa5,
    0x34, 0xa5, 0x35, 0xad, 0x34, 0xa5, 0x14, 0xa5, 0x34, 0xa5, 0x34, 0xa5,
    0x34, 0xa5, 0x15, 0xad, 0x35, 0xad, 0x15, 0xad, 0x35, 0xad, 0x35, 0xad,
    0x14, 0xa5, 0x34, 0xa5, 0x35, 0xad, 0x34, 0xa5, 0x34, 0xa5, 0x34, 0xa5,
    0x15, 0xad, 0x15, 0xad, 0x34, 0xa5, 0x34, 0xad, 0x34, 0xa5, 0x35, 0xad,
    0x34, 0xad, 0x35, 0xa5, 0x14, 0xa5, 0x35, 0xa5, 0x35, 0xa5, 0x34, 0xa5,
    0x14, 0xa5, 0x8a, 0x52, 0x20, 0x00, 0x00, 0x00, 0x62, 0x10, 0x86, 0x31,
    0xe8, 0x39, 0xe7, 0x39, 0xe8, 0x41, 0x66, 0x31, 0x41, 0x08, 0x00, 0x00,
    0x82, 0x10, 0xc7, 0x39, 0xe4, 0x20, 0x21, 0x08, 0xa3, 0x18, 0xaf, 0x7b,
    0xb3, 0x94, 0x14, 0xa5, 0x35, 0xad, 0x15, 0xa5, 0xd3, 0x94, 0x0c, 0x63,
    0x86, 0x31, 0xc3, 0x18, 0xa2, 0x10, 0xab, 0x5a, 0x15, 0xa5, 0x35, 0xa5,
    0xd7, 0xbd, 0x55, 0xad, 0x6e, 0x6b, 0x86, 0x31, 0xe4, 0x20, 0xa3, 0x18,
    0x0c, 0x63, 0x97, 0xb5, 0x96, 0xb5, 0x54, 0xad, 0x97, 0xb5, 0x31, 0x8c,
    0xab, 0x52, 0x76, 0xad, 0x56, 0xad, 0x96, 0xb5, 0x6e, 0x73, 0xe4, 0x20,
    0x62, 0x08, 0xc3, 0x18, 0x2c, 0x63, 0xf8, 0xc5, 0x97, 0xb5, 0x76, 0xb5,
    0x8a, 0x52, 0x04, 0x21, 0x82, 0x10, 0xc3, 0x18, 0x86, 0x31, 0x56, 0xad,
    0x97, 0xb5, 0xd7, 0xbd, 0x39, 0xc6, 0x6a, 0x4a, 0xe4, 0x20, 0x25, 0x21,
    0x04, 0x21, 0x04, 0x21, 0x04, 0x21, 0x04, 0x21, 0x04, 0x21, 0x04, 0x21,
    0xe4, 0x20, 0xe4, 0x20, 0x04, 0x19, 0xe4, 0x18, 0xe4, 0x20, 0xe3, 0x18,
    0xe3, 0x18, 0xe4, 0x20, 0xe4, 0x20, 0xc3, 0x18, 0xe4, 0x18, 0xc3, 0x18,
    0xc3, 0x18, 0xc3, 0x18, 0xc3, 0x18, 0xc3, 0x18, 0xc3, 0x18, 0xa3, 0x18,
    0xc3, 0x18, 0xa3, 0x10, 0x82, 0x10, 0x62, 0x08, 0x41, 0x08, 0x66, 0x31,
    0x92, 0x94, 0x55, 0xad, 0xb7, 0xb5, 0xb7, 0xb5, 0x76, 0xad, 0x97, 0xb5,
    0xf8, 0xbd, 0x39, 0xc6, 0xf8, 0xc5, 0x96, 0xb5, 0xd3, 0x9c, 0xf0, 0x7b,
    0x09, 0x42, 0x82, 0x10, 0x82, 0x10, 0x82, 0x10, 0x82, 0x08, 0x62, 0x10,
    0x62, 0x10, 0x82, 0x08, 0x62, 0x10, 0x82, 0x08, 0x62, 0x10, 0x62, 0x10,
    0x62, 0x10, 0x82, 0x10, 0x82, 0x10, 0xa2, 0x10, 0xe4, 0x20, 0x25, 0x29,
    0x66, 0x29, 0xa6, 0x31, 0xa7, 0x39, 0xc7, 0x39, 0xc7, 0x39, 0xc7, 0x39,
    0xc7, 0x39, 0xc7, 0x39, 0xc7, 0x31, 0xc6, 0x39, 0xc7, 0x39, 0xc7, 0x39,
    0x34, 0xa5, 0x35, 0xad, 0x15, 0xad, 0x34, 0xa5, 0x35, 0xad, 0x34, 0xa5,
    0x34, 0xa5, 0x14, 0xa5, 0x34, 0xa5, 0x35, 0xad, 0x14, 0xa5, 0x35, 0xad,
    0x35, 0xad, 0x35, 0xad, 0x14, 0xa5, 0x34, 0xa5, 0x35, 0xad, 0x34, 0xa5,
    0x15, 0xad, 0x35, 0xad, 0x34, 0xa5, 0x34, 0xa5, 0x34, 0xa5, 0x14, 0xa5,
    0x35, 0xad, 0x34, 0xa5, 0x34, 0xa5, 0x14, 0xa5, 0x15, 0xad, 0x35, 0xad,
    0x34, 0xa5, 0x34, 0xa5, 0x15, 0xa5, 0x34, 0xa5, 0x34, 0xad, 0x14, 0xa5,
    0x34, 0xa5, 0x34, 0xa5, 0x35, 0xa5, 0x14, 0xad, 0x34, 0xa5, 0x35, 0xad,
    0x92, 0x94, 0x25, 0x21, 0x00, 0x00, 0x20, 0x00, 0xe4, 0x20, 0xc7, 0x39,
    0xe7, 0x39, 0xe7, 0x41, 0xe7, 0x39, 0xe4, 0x18, 0x00, 0x00, 0x20, 0x00,
    0x25, 0x29, 0xe8, 0x41, 0x66, 0x31, 0x61, 0x08, 0x41, 0x08, 0xaa, 0x5a,
    0x93, 0x94, 0x51, 0x8c, 0x14, 0x9d, 0x14, 0x9d, 0xb7, 0xb5, 0x92, 0x94,
    0xe8, 0x39, 0x24, 0x21, 0x62, 0x10, 0xa7, 0x31, 0xb3, 0x94, 0x97, 0xb5,
    0x95, 0xbd, 0x35, 0xad, 0x92, 0x94, 0x08, 0x42, 0x45, 0x29, 0x82, 0x10,
    0xa7, 0x31, 0x72, 0x94, 0x35, 0xad, 0x35, 0xa5, 0x76, 0xb5, 0xcb, 0x5a,
    0xb3, 0x94, 0x97, 0xb5, 0x35, 0xad, 0x96, 0xb5, 0xaf, 0x7b, 0x62, 0x10,
    0xa3, 0x10, 0x25, 0x21, 0x35, 0xa5, 0xb7, 0xb5, 0xf8, 0xbd, 0x93, 0x94,
    0x45, 0x29, 0xe3, 0x18, 0x62, 0x10, 0xe4, 0x20, 0x0c, 0x63, 0xf8, 0xbd,
    0xb7, 0xb5, 0x59, 0xce, 0xb3, 0x94, 0x04, 0x21, 0x24, 0x21, 0x24, 0x29,
    0x04, 0x21, 0x04, 0x21, 0x04, 0x21, 0x04, 0x21, 0x04, 0x21, 0xe4, 0x20,
    0xe4, 0x18, 0x04, 0x21, 0x04, 0x19, 0xe3, 0x20, 0xe3, 0x18, 0xe4, 0x20,
    0xe4, 0x20, 0xe4, 0x18, 0xe3, 0x18, 0xe3, 0x20, 0xc3, 0x18, 0xc3, 0x18,
    0xc3, 0x18, 0xc3, 0x18, 0xc3, 0x18, 0xc3, 0x18, 0xa3, 0x10, 0xa3, 0x18,
    0xa3, 0x10, 0xa2, 0x10, 0x62, 0x08, 0x62, 0x08, 0x62, 0x08, 0x66, 0x29,
    0x10, 0x7c, 0xf4, 0xa4, 0x97, 0xb5, 0xb7, 0xb5, 0x76, 0xad, 0xd8, 0xbd,
    0x59, 0xce, 0x18, 0xc6, 0xb7, 0xbd, 0x76, 0xad, 0x35, 0xa5, 0xb3, 0x94,
    0x4d, 0x6b, 0x05, 0x21, 0x62, 0x10, 0x82, 0x10, 0x82, 0x10, 0x62, 0x10,
    0x82, 0x08, 0x82, 0x10, 0x61, 0x10, 0x62, 0x10, 0x82, 0x08, 0x82, 0x10,
    0x61, 0x10, 0x62, 0x08, 0x62, 0x08, 0x82, 0x10, 0xc3, 0x18, 0x04, 0x21,
    0x45, 0x29, 0x66, 0x31, 0xa6, 0x31, 0xa7, 0x39, 0xc7, 0x39, 0xa7, 0x39,
    0xa7, 0x39, 0xc7, 0x39, 0xa7, 0x39, 0xc7, 0x31, 0xc7, 0x39, 0xa7, 0x39,
    0x34, 0xa5, 0x15, 0xad, 0x34, 0xa5, 0x34, 0xa5, 0x34, 0xa5, 0x35, 0xad,
    0x15, 0xad, 0x34, 0xa5, 0x34, 0xa5, 0x14, 0xa5, 0x35, 0xad, 0x34, 0xa5,
    0x34, 0xa5, 0x14, 0xa5, 0x34, 0xa5, 0x35, 0xad, 0x35, 0xad, 0x15, 0xad,
    0x34, 0xa5, 0x34, 0xa5, 0x34, 0xa5, 0x14, 0xa5, 0x34, 0xa5, 0x34, 0xa5,
    0x34, 0xa5, 0x35, 0xad, 0x15, 0xad, 0x35, 0xad, 0x34, 0xa5, 0x14, 0xa5,
    0x35, 0xad, 0x34, 0xa5, 0x34, 0xa5, 0x15, 0xad, 0x35, 0xa5, 0x35, 0xa5,
    0x15, 0xad, 0x34, 0xa5, 0x34, 0xad, 0x34, 0xa5, 0x35, 0xad, 0x34, 0xad,
    0x4d, 0x6b, 0x41, 0x08, 0x00, 0x00, 0x41, 0x08, 0x66, 0x31, 0xe7, 0x39,
    0xe8, 0x39, 0xe8, 0x41, 0xa6, 0x39, 0x62, 0x08, 0x00, 0x00, 0x61, 0x08,
    0xa7, 0x39, 0xe7, 0x39, 0xc7, 0x39, 0xa3, 0x10, 0x41, 0x08, 0x66, 0x31,
    0xf0, 0x7b, 0x8a, 0x52, 0xb3, 0x94, 0x56, 0xad, 0xb7, 0xb5, 0x35, 0xa5,
    0xab, 0x5a, 0x66, 0x31, 0xa2, 0x10, 0xc3, 0x18, 0xaf, 0x73, 0xb7, 0xb5,
    0x33, 0xb5, 0x34, 0xad, 0x35, 0xad, 0x0c, 0x63, 0x66, 0x29, 0xc3, 0x18,
    0xe4, 0x18, 0x4e, 0x6b, 0xf4, 0x9c, 0x55, 0xad, 0x31, 0x8c, 0x4d, 0x6b,
    0xb7, 0xb5, 0x96, 0xb5, 0x76, 0xad, 0xb7, 0xb5, 0x28, 0x42, 0x41, 0x08,
    0xc4, 0x18, 0xab, 0x5a, 0xd8, 0xbd, 0x96, 0xad, 0x39, 0xc6, 0xcb, 0x5a,
    0x04, 0x21, 0x82, 0x10, 0xc3, 0x18, 0x25, 0x29, 0x14, 0xa5, 0xd7, 0xbd,
    0xd7, 0xbd, 0x18, 0xc6, 0x49, 0x4a, 0x04, 0x21, 0x04, 0x21, 0x04, 0x21,
    0x05, 0x21, 0x04, 0x21, 0x04, 0x21, 0x04, 0x21, 0xe4, 0x20, 0x04, 0x19,
    0x04, 0x21, 0xe4, 0x18, 0xe4, 0x20, 0xe4, 0x20, 0xe4, 0x20, 0xe3, 0x18,
    0xe4, 0x18, 0xe3, 0x18, 0xc3, 0x18, 0xc3, 0x18, 0xc4, 0x18, 0xc3, 0x18,
    0xc3, 0x18, 0xc3, 0x18, 0xc3, 0x18, 0xc3, 0x18, 0xa3, 0x18, 0xa3, 0x18,
    0xa3, 0x10, 0x82, 0x10, 0x82, 0x10, 0xc3, 0x18, 0x82, 0x10, 0x41, 0x08,
    0xab, 0x52, 0xb3, 0x94, 0x55, 0xad, 0x97, 0xad, 0xd7, 0xbd, 0x39, 0xc6,
    0x39, 0xce, 0xb6, 0xbd, 0xb6, 0xbd, 0xb7, 0xb5, 0x96, 0xb5, 0xf4, 0xa4,
    0x10, 0x84, 0x6a, 0x52, 0xa3, 0x10, 0x82, 0x08, 0x62, 0x10, 0x62, 0x10,
    0x82, 0x10, 0x62, 0x10, 0x62, 0x08, 0x82, 0x10, 0x62, 0x10, 0x62, 0x08,
    0x82, 0x08, 0x62, 0x08, 0x61, 0x10, 0x82, 0x10, 0x82, 0x10, 0xe3, 0x18,
    0x24, 0x21, 0x45, 0x29, 0x66, 0x29, 0x86, 0x31, 0x86, 0x31, 0xa6, 0x31,
    0xa6, 0x31, 0xa7, 0x39, 0xa7, 0x39, 0xc7, 0x39, 0xc7, 0x39, 0xc7, 0x39,
    0x34, 0xa5, 0x34, 0xa5, 0x34, 0xa5, 0x35, 0xad, 0x14, 0xa5, 0x34, 0xa5,
    0x35, 0xad, 0x14, 0xa5, 0x35, 0xad, 0x35, 0xad, 0x34, 0xa5, 0x34, 0xa5,
    0x15, 0xad, 0x34, 0xa5, 0x34, 0xa5, 0x34, 0xa5, 0x14, 0xa5, 0x34, 0xa5,
    0x34, 0xa5, 0x34, 0xa5, 0x15, 0xad, 0x35, 0xad, 0x35, 0xad, 0x35, 0xad,
    0x15, 0xad, 0x34, 0xa5, 0x34, 0xa5, 0x34, 0xa5, 0x34, 0xa5, 0x34, 0xa5,
    0x15, 0xad, 0x35, 0xad, 0x34, 0xad, 0x34, 0xa5, 0x34, 0xa5, 0x34, 0xad,
    0x34, 0xa5, 0x15, 0xad, 0x35, 0xa5, 0x35, 0xad, 0x35, 0xad, 0xf4, 0xa4,
    0xc7, 0x39, 0x00, 0x00, 0x00, 0x00, 0xa3, 0x10, 0xa7, 0x39, 0xe7, 0x41,
    0xe7, 0x39, 0xe7, 0x41, 0x25, 0x29, 0x20, 0x00, 0x00, 0x00, 0xe4, 0x20,
    0xc7, 0x39, 0xc7, 0x39, 0xc7, 0x39, 0x04, 0x21, 0x62, 0x10, 0xa2, 0x10,
    0x08, 0x42, 0x45, 0x29, 0xaf, 0x73, 0x96, 0xb5, 0x55, 0xad, 0x35, 0xa5,
    0xcf, 0x7b, 0xa7, 0x39, 0xe3, 0x20, 0x82, 0x10, 0x29, 0x42, 0xf4, 0x9c,
    0xf4, 0xa4, 0x14, 0xa5, 0x55, 0xad, 0xf0, 0x83, 0xc7, 0x39, 0x25, 0x21,
    0x82, 0x10, 0x08, 0x42, 0x72, 0x94, 0x35, 0xad, 0xcb, 0x5a, 0xd3, 0x9c,
    0xb7, 0xb5, 0xb7, 0xb5, 0xd8, 0xbd, 0xb2, 0x94, 0x82, 0x10, 0xa3, 0x18,
    0xe3, 0x18, 0x92, 0x94, 0xb7, 0xb5, 0xf8, 0xbd, 0x35, 0xa5, 0x65, 0x31,
    0xe3, 0x18, 0x62, 0x10, 0xe4, 0x18, 0xcb, 0x5a, 0xf8, 0xbd, 0xb7, 0xbd,
    0xf8, 0xbd, 0x72, 0x8c, 0x04, 0x21, 0x04, 0x21, 0x25, 0x21, 0x04, 0x21,
    0x04, 0x21, 0x04, 0x21, 0x04, 0x21, 0x04, 0x21, 0xe4, 0x20, 0xe4, 0x20,
    0x04, 0x21, 0x04, 0x21, 0xe4, 0x20, 0xe4, 0x18, 0xe4, 0x18, 0xe4, 0x18,
    0xe3, 0x20, 0xe4, 0x18, 0xc3, 0x18, 0xc3, 0x18, 0xc3, 0x18, 0xc3, 0x18,
    0xc3, 0x18, 0xc3, 0x18, 0xc3, 0x10, 0xa3, 0x18, 0xa3, 0x18, 0xc3, 0x18,
    0xa2, 0x10, 0x62, 0x10, 0xc3, 0x18, 0xc3, 0x18, 0xa3, 0x18, 0x86, 0x31,
    0x45, 0x29, 0xd0, 0x7b, 0x14, 0xa5, 0x97, 0xb5, 0x18, 0xc6, 0x39, 0xce,
    0xf7, 0xc5, 0xd6, 0xc5, 0xb6, 0xbd, 0xb7, 0xbd, 0x96, 0xb5, 0x35, 0xad,
    0xb3, 0x9c, 0x8e, 0x73, 0x66, 0x31, 0x62, 0x08, 0x82, 0x10, 0x62, 0x10,
    0x81, 0x08, 0x82, 0x08, 0x82, 0x10, 0x82, 0x08, 0x62, 0x10, 0x61, 0x10,
    0x61, 0x10, 0x62, 0x10, 0x62, 0x10, 0x61, 0x10, 0x82, 0x10, 0xa3, 0x10,
    0xc3, 0x18, 0xe4, 0x20, 0x04, 0x21, 0x24, 0x21, 0x25, 0x29, 0x45, 0x29,
    0x65, 0x29, 0x66, 0x31, 0x86, 0x31, 0x86, 0x31, 0xa6, 0x31, 0xa7, 0x39,
    0x34, 0xa5, 0x15, 0xad, 0x35, 0xad, 0x34, 0xa5, 0x15, 0xad, 0x34, 0xa5,
    0x14, 0xa5, 0x34, 0xa5, 0x35, 0xad, 0x34, 0xa5, 0x14, 0xa5, 0x35, 0xad,
    0x34, 0xa5, 0x35, 0xad, 0x35, 0xad, 0x14, 0xa5, 0x34, 0xa5, 0x34, 0xa5,
    0x35, 0xad, 0x15, 0xad, 0x35, 0xad, 0x34, 0xa5, 0x34, 0xa5, 0x14, 0xa5,
    0x34, 0xa5, 0x34, 0xa5, 0x34, 0xa5, 0x14, 0xa5, 0x35, 0xad, 0x35, 0xad,
    0x34, 0xa5, 0x34, 0xa5, 0x14, 0xa5, 0x35, 0xad, 0x35, 0xa5, 0x14, 0xa5,
    0x34, 0xad, 0x34, 0xa5, 0x14, 0xa5, 0x34, 0xa5, 0x35, 0xad, 0x10, 0x84,
    0xa2, 0x10, 0x00, 0x00, 0x21, 0x08, 0x25, 0x29, 0xe7, 0x39, 0xe8, 0x39,
    0xe8, 0x39, 0xc7, 0x39, 0xa2, 0x10, 0x00, 0x00, 0x41, 0x08, 0x86, 0x31,
    0xe7, 0x39, 0xc7, 0x39, 0xe8, 0x39, 0x86, 0x31, 0x82, 0x10, 0x62, 0x10,
    0x82, 0x10, 0xa3, 0x18, 0x09, 0x42, 0xd4, 0x9c, 0x14, 0xa5, 0x14, 0xa5,
    0x92, 0x94, 0x29, 0x42, 0x45, 0x29, 0x82, 0x10, 0x04, 0x21, 0xcf, 0x7b,
    0xb3, 0x94, 0x14, 0xa5, 0x55, 0xad, 0xb3, 0x94, 0x8a, 0x52, 0x46, 0x29,
    0xc3, 0x18, 0x24, 0x21, 0xd0, 0x7b, 0x11, 0x8c, 0x8a, 0x52, 0x97, 0xad,
    0x76, 0xad, 0x19, 0xc6, 0x19, 0xc6, 0x8a, 0x52, 0x41, 0x08, 0xc4, 0x18,
    0xe8, 0x39, 0xb7, 0xb5, 0xb7, 0xbd, 0x39, 0xce, 0xec, 0x5a, 0x24, 0x21,
    0x82, 0x10, 0xa3, 0x18, 0x45, 0x29, 0xf4, 0xa4, 0xd7, 0xbd, 0xb7, 0xbd,
    0xb7, 0xb5, 0x29, 0x42, 0xe4, 0x20, 0x25, 0x21, 0x04, 0x21, 0x04, 0x21,
    0x04, 0x21, 0x04, 0x21, 0x04, 0x21, 0x04, 0x21, 0xe4, 0x20, 0xe4, 0x20,
    0x04, 0x19, 0xe4, 0x20, 0xe3, 0x18, 0xe3, 0x20, 0xe3, 0x18, 0xe3, 0x20,
    0xe4, 0x18, 0xc3, 0x18, 0xe4, 0x18, 0xc3, 0x18, 0xc3, 0x18, 0xc3, 0x18,
    0xc3, 0x18, 0xc3, 0x18, 0xa3, 0x18, 0xa3, 0x10, 0xc3, 0x10, 0xa3, 0x10,
    0x82, 0x10, 0xa3, 0x18, 0xe4, 0x20, 0x45, 0x29, 0xaf, 0x73, 0xd0, 0x7b,
    0x25, 0x29, 0x49, 0x42, 0xb3, 0x94, 0x96, 0xb5, 0x18, 0xc6, 0x18, 0xc6,
    0xf7, 0xc5, 0xb7, 0xbd, 0xb7, 0xb5, 0xb7, 0xbd, 0x96, 0xb5, 0x76, 0xb5,
    0xf4, 0x9c, 0xf0, 0x7b, 0xcb, 0x5a, 0xc3, 0x18, 0x62, 0x08, 0x82, 0x10,
    0x82, 0x08, 0x62, 0x10, 0x62, 0x10, 0x62, 0x10, 0x61, 0x08, 0x62, 0x08,
    0x62, 0x10, 0x82, 0x10, 0x62, 0x08, 0x82, 0x08, 0x62, 0x10, 0x61, 0x08,
    0x62, 0x10, 0x62, 0x10, 0x62, 0x10, 0x82, 0x10, 0xa3, 0x18, 0xc3, 0x18,
    0xe4, 0x18, 0x04, 0x21, 0x24, 0x21, 0x25, 0x29, 0x45, 0x29, 0x45, 0x29,
    0x34, 0xa5, 0x35, 0xad, 0x14, 0xa5, 0x34, 0xa5, 0x34, 0xa5, 0x35, 0xad,
    0x35, 0xad, 0x34, 0xa5, 0x34, 0xa5, 0x14, 0xa5, 0x34, 0xa5, 0x15, 0xad,
    0x34, 0xa5, 0x34, 0xa5, 0x15, 0xad, 0x35, 0xad, 0x35, 0xad, 0x35, 0xad,
    0x14, 0xa5, 0x34, 0xa5, 0x34, 0xa5, 0x34, 0xa5, 0x14, 0xa5, 0x34, 0xa5,
    0x35, 0xad, 0x35, 0xad, 0x15, 0xad, 0x35, 0xad, 0x34, 0xa5, 0x14, 0xa5,
    0x34, 0xa5, 0x34, 0xa5, 0x15, 0xa5, 0x34, 0xa5, 0x34, 0xad, 0x15, 0xad,
    0x35, 0xa5, 0x35, 0xa5, 0x34, 0xad, 0x34, 0xa5, 0x14, 0xa5, 0xaa, 0x52,
    0x20, 0x00, 0x00, 0x00, 0x82, 0x10, 0xa6, 0x31, 0xe7, 0x39, 0xe7, 0x41,
    0xe8, 0x41, 0x66, 0x29, 0x21, 0x08, 0x00, 0x00, 0xa3, 0x18, 0xc7, 0x39,
    0xc7, 0x39, 0xc7, 0x39, 0xe7, 0x39, 0xc7, 0x39, 0xc3, 0x18, 0x82, 0x10,
    0x04, 0x21, 0x82, 0x10, 0xc3, 0x18, 0x8e, 0x73, 0xb3, 0x94, 0xf4, 0xa4,
    0xf4, 0x9c, 0xcc, 0x5a, 0x86, 0x31, 0xc3, 0x18, 0xa3, 0x10, 0xab, 0x52,
    0x92, 0x94, 0xf4, 0xa4, 0x35, 0xad, 0xf4, 0x9c, 0x6e, 0x73, 0x86, 0x31,
    0x04, 0x21, 0xa3, 0x10, 0xab, 0x5a, 0x08, 0x42, 0x8e, 0x73, 0x97, 0xad,
    0xd7, 0xbd, 0x5a, 0xce, 0x35, 0xa5, 0xc3, 0x18, 0xa3, 0x10, 0xc3, 0x18,
    0x10, 0x84, 0xd7, 0xbd, 0xd7, 0xbd, 0x14, 0xa5, 0x66, 0x31, 0xe3, 0x18,
    0x62, 0x10, 0xc4, 0x18, 0xcb, 0x5a, 0xd7, 0xbd, 0xb7, 0xbd, 0xf8, 0xc5,
    0x51, 0x8c, 0x04, 0x21, 0x24, 0x21, 0x24, 0x21, 0x04, 0x21, 0x04, 0x21,
    0x04, 0x21, 0x04, 0x21, 0xe4, 0x20, 0x04, 0x21, 0x04, 0x19, 0x04, 0x19,
    0xe4, 0x20, 0xe4, 0x18, 0xe3, 0x18, 0xe4, 0x18, 0xe4, 0x20, 0xe4, 0x18,
    0xc3, 0x18, 0xc3, 0x18, 0xc3, 0x20, 0xc4, 0x18, 0xc3, 0x18, 0xc3, 0x18,
    0xc3, 0x18, 0xa3, 0x18, 0xa3, 0x18, 0xc3, 0x18, 0xa3, 0x18, 0xa2, 0x10,
    0x82, 0x10, 0xe3, 0x18, 0x25, 0x29, 0x51, 0x8c, 0x56, 0xad, 0x72, 0x8c,
    0x8a, 0x52, 0x05, 0x21, 0x8f, 0x73, 0x15, 0xa5, 0xb7, 0xb5, 0xf8, 0xbd,
    0xd7, 0xbd, 0xb7, 0xbd, 0xb7, 0xbd, 0x96, 0xb5, 0x96, 0xb5, 0x76, 0xb5,
    0x14, 0x9d, 0x93, 0x94, 0x8f, 0x73, 0xc8, 0x39, 0x62, 0x10, 0x62, 0x10,
    0x62, 0x10, 0x62, 0x10, 0x61, 0x10, 0x62, 0x08, 0x62, 0x10, 0x62, 0x10,
    0x82, 0x08, 0x61, 0x08, 0x62, 0x08, 0x62, 0x10, 0x62, 0x08, 0x61, 0x08,
    0x41, 0x08, 0x41, 0x08, 0x41, 0x08, 0x41, 0x08, 0x41, 0x08, 0x62, 0x08,
    0x62, 0x10, 0x62, 0x10, 0x82, 0x10, 0xa3, 0x18, 0xc3, 0x18, 0xe3, 0x18,
    0x34, 0xa5, 0x14, 0xa5, 0x34, 0xa5, 0x35, 0xad, 0x14, 0xa5, 0x34, 0xa5,
    0x34, 0xa5, 0x35, 0xad, 0x15, 0xad, 0x34, 0xa5, 0x35, 0xad, 0x34, 0xa5,
    0x35, 0xad, 0x14, 0xa5, 0x34, 0xa5, 0x34, 0xa5, 0x14, 0xa5, 0x34, 0xa5,
    0x34, 0xa5, 0x34, 0xa5, 0x35, 0xad, 0x14, 0xa5, 0x35, 0xad, 0x35, 0xad,
    0x34, 0xa5, 0x14, 0xa5, 0x34, 0xa5, 0x34, 0xa5, 0x35, 0xad, 0x14, 0xa5,
    0x35, 0xad, 0x35, 0xad, 0x34, 0xad, 0x34, 0xad, 0x14, 0xa5, 0x34, 0xa5,
    0x34, 0xa5, 0x14, 0xad, 0x35, 0xa5, 0x35, 0xad, 0x92, 0x94, 0x25, 0x29,
    0x00, 0x00, 0x20, 0x00, 0xe4, 0x20, 0xc7, 0x39, 0xe7, 0x41, 0xe8, 0x41,
    0xe7, 0x39, 0xc3, 0x18, 0x00, 0x00, 0x21, 0x08, 0x45, 0x29, 0xe7, 0x39,
    0xc7, 0x39, 0xc7, 0x39, 0xc7, 0x39, 0xe8, 0x41, 0x25, 0x29, 0xe4, 0x18,
    0xa6, 0x31, 0xa2, 0x10, 0x82, 0x10, 0x29, 0x42, 0x51, 0x8c, 0xd3, 0x9c,
    0xf4, 0x9c, 0x6e, 0x73, 0xc7, 0x39, 0x24, 0x21, 0x82, 0x10, 0x87, 0x31,
    0x31, 0x8c, 0xf4, 0xa4, 0x76, 0xad, 0x14, 0x9d, 0x72, 0x8c, 0x29, 0x42,
    0x45, 0x29, 0xa3, 0x18, 0x04, 0x21, 0x04, 0x21, 0xd4, 0x9c, 0x96, 0xb5,
    0x39, 0xc6, 0x5a, 0xce, 0xcb, 0x5a, 0x41, 0x08, 0xc3, 0x18, 0xa7, 0x31,
    0x96, 0xbd, 0xb7, 0xbd, 0xd7, 0xbd, 0xec, 0x5a, 0x04, 0x21, 0x82, 0x10,
    0x82, 0x10, 0x05, 0x21, 0xd3, 0x9c, 0x96, 0xb5, 0xb7, 0xbd, 0xb7, 0xb5,
    0x49, 0x4a, 0xe4, 0x20, 0x24, 0x21, 0x04, 0x21, 0x05, 0x21, 0x04, 0x21,
    0x04, 0x21, 0x04, 0x21, 0xe4, 0x20, 0x04, 0x21, 0xe4, 0x18, 0xe4, 0x20,
    0xe3, 0x20, 0xe4, 0x18, 0xe4, 0x20, 0xe4, 0x20, 0xe4, 0x18, 0xe3, 0x18,
    0xc3, 0x18, 0xe4, 0x18, 0xc3, 0x18, 0xc3, 0x18, 0xc3, 0x18, 0xc3, 0x18,
    0xa3, 0x10, 0xa3, 0x18, 0xc3, 0x10, 0xc3, 0x10, 0xa3, 0x18, 0x62, 0x10,
    0xa3, 0x18, 0xc3, 0x18, 0xcb, 0x5a, 0x96, 0xb5, 0x96, 0xb5, 0xd3, 0x9c,
    0xcf, 0x7b, 0x86, 0x31, 0xe8, 0x39, 0x52, 0x8c, 0x55, 0xad, 0xb7, 0xb5,
    0xb7, 0xb5, 0xb7, 0xb5, 0x96, 0xbd, 0x96, 0xb5, 0x76, 0xb5, 0x76, 0xad,
    0x55, 0xa5, 0xb3, 0x9c, 0xf0, 0x83, 0xec, 0x5a, 0x25, 0x21, 0x62, 0x08,
    0x82, 0x10, 0x82, 0x08, 0x82, 0x08, 0x62, 0x10, 0x82, 0x10, 0x81, 0x10,
    0x62, 0x08, 0x62, 0x08, 0x61, 0x10, 0x61, 0x10, 0x61, 0x08, 0x61, 0x08,
    0x61, 0x08, 0x42, 0x08, 0x41, 0x08, 0x41, 0x08, 0x61, 0x08, 0x41, 0x08,
    0x41, 0x08, 0x61, 0x08, 0x41, 0x08, 0x42, 0x08, 0x61, 0x08, 0x61, 0x10,
    0x34, 0xa5, 0x35, 0xad, 0x35, 0xad, 0x34, 0xa5, 0x35, 0xad, 0x34, 0xa5,
    0x15, 0xad, 0x14, 0xa5, 0x34, 0xa5, 0x35, 0xad, 0x34, 0xa5, 0x34, 0xa5,
    0x14, 0xa5, 0x35, 0xad, 0x34, 0xa5, 0x34, 0xa5, 0x34, 0xa5, 0x35, 0xad,
    0x15, 0xad, 0x35, 0xad, 0x34, 0xa5, 0x15, 0xad, 0x35, 0xad, 0x34, 0xa5,
    0x14, 0xa5, 0x34, 0xa5, 0x34, 0xa5, 0x35, 0xad, 0x34, 0xa5, 0x35, 0xad,
    0x34, 0xa5, 0x14, 0xa5, 0x35, 0xa5, 0x35, 0xa5, 0x35, 0xa5, 0x35, 0xa5,
    0x34, 0xad, 0x34, 0xad, 0x34, 0xa5, 0x35, 0xad, 0x6d, 0x6b, 0x41, 0x08,
    0x00, 0x00, 0x41, 0x08, 0x66, 0x31, 0xe8, 0x39, 0xe8, 0x39, 0xe8, 0x41,
    0xa6, 0x31, 0x41, 0x08, 0x00, 0x00, 0x62, 0x10, 0xa7, 0x39, 0xe7, 0x39,
    0xc7, 0x39, 0xc7, 0x39, 0xc8, 0x39, 0xe7, 0x39, 0xa6, 0x39, 0x66, 0x31,
    0xc7, 0x39, 0x04, 0x21, 0x62, 0x10, 0x04, 0x21, 0xcf, 0x7b, 0xd4, 0x9c,
    0x15, 0xa5, 0x31, 0x84, 0x49, 0x4a, 0x66, 0x31, 0xa2, 0x10, 0xe4, 0x18,
    0x2d, 0x6b, 0x14, 0xa5, 0x76, 0xad, 0x55, 0xa5, 0x35, 0xa5, 0x6e, 0x73,
    0x66, 0x31, 0xe4, 0x18, 0x41, 0x08, 0x08, 0x42, 0x14, 0xa5, 0x55, 0xb5,
    0x18, 0xc6, 0x35, 0xad, 0xe3, 0x18, 0x82, 0x10, 0xc3, 0x18, 0xf0, 0x7b,
    0xd7, 0xbd, 0xd7, 0xbd, 0xf4, 0x9c, 0x66, 0x31, 0xe4, 0x20, 0x61, 0x08,
    0xa3, 0x10, 0xab, 0x5a, 0xb7, 0xb5, 0x96, 0xb5, 0xb7, 0xbd, 0x51, 0x8c,
    0x04, 0x21, 0x24, 0x21, 0x05, 0x21, 0x04, 0x21, 0x04, 0x21, 0x04, 0x21,
    0x04, 0x21, 0xe4, 0x20, 0xe4, 0x18, 0xe4, 0x18, 0xe4, 0x20, 0xe3, 0x20,
    0xe4, 0x18, 0xe3, 0x20, 0xe4, 0x18, 0xe3, 0x18, 0xe3, 0x18, 0xc3, 0x20,
    0xe4, 0x18, 0xc3, 0x18, 0xc3, 0x18, 0xc3, 0x18, 0xc3, 0x18, 0xc3, 0x18,
    0xa3, 0x18, 0xc3, 0x18, 0xc3, 0x10, 0xa3, 0x18, 0x82, 0x10, 0x82, 0x10,
    0xe4, 0x18, 0x66, 0x29, 0xb3, 0x9c, 0xb7, 0xbd, 0x76, 0xad, 0x35, 0xa5,
    0x72, 0x94, 0xcc, 0x5a, 0x04, 0x21, 0x0d, 0x63, 0xd3, 0x94, 0x35, 0xa5,
    0x96, 0xb5, 0xb7, 0xbd, 0x96, 0xb5, 0x96, 0xb5, 0x56, 0xad, 0x55, 0xad,
    0x35, 0xad, 0xd4, 0x9c, 0x72, 0x8c, 0xaf, 0x73, 0x29, 0x4a, 0xa2, 0x10,
    0x62, 0x08, 0x62, 0x10, 0x62, 0x10, 0x62, 0x08, 0x61, 0x08, 0x62, 0x08,
    0x62, 0x10, 0x82, 0x10, 0x62, 0x10, 0x62, 0x08, 0x62, 0x10, 0x62, 0x08,
    0x62, 0x10, 0x61, 0x08, 0x42, 0x08, 0x41, 0x10, 0x42, 0x08, 0x41, 0x08,
    0x41, 0x08, 0x42, 0x08, 0x62, 0x08, 0x41, 0x10, 0x42, 0x08, 0x41, 0x08,
    0x34, 0xa5, 0x15, 0xad, 0x34, 0xa5, 0x34, 0xa5, 0x14, 0xa5, 0x35, 0xad,
    0x34, 0xa5, 0x34, 0xa5, 0x34, 0xa5, 0x34, 0xa5, 0x35, 0xad, 0x15, 0xad,
    0x34, 0xa5, 0x34, 0xa5, 0x35, 0xad, 0x15, 0xad, 0x35, 0xad, 0x34, 0xa5,
    0x34, 0xa5, 0x14, 0xa5, 0x34, 0xa5, 0x34, 0xa5, 0x34, 0xa5, 0x34, 0xa5,
    0x35, 0xad, 0x35, 0xad, 0x15, 0xad, 0x14, 0xa5, 0x34, 0xa5, 0x34, 0xa5,
    0x34, 0xa5, 0x34, 0xa5, 0x14, 0xad, 0x34, 0xa5, 0x34, 0xad, 0x14, 0xad,
    0x35, 0xa5, 0x35, 0xa5, 0x35, 0xad, 0xf4, 0xa4, 0xe7, 0x39, 0x00, 0x00,
    0x00, 0x00, 0xa3, 0x18, 0xc7, 0x39, 0xe7, 0x39, 0xe7, 0x41, 0xe8, 0x39,
    0x04, 0x21, 0x20, 0x00, 0x20, 0x00, 0x04, 0x21, 0xe7, 0x39, 0xc7, 0x39,
    0xc7, 0x39, 0xc7, 0x39, 0xc7, 0x39, 0xc7, 0x39, 0xc7, 0x39, 0xa7, 0x39,
    0xc7, 0x39, 0x66, 0x29, 0x82, 0x10, 0x82, 0x10, 0xec, 0x5a, 0xf4, 0xa4,
    0x35, 0xa5, 0xf4, 0x9c, 0x8f, 0x73, 0xa6, 0x39, 0xe4, 0x18, 0x82, 0x10,
    0x29, 0x42, 0x15, 0xa5, 0x35, 0xa5, 0xb7, 0xbd, 0xd7, 0xbd, 0x93, 0x94,
    0xc7, 0x39, 0x25, 0x21, 0x61, 0x08, 0xe8, 0x41, 0x92, 0x94, 0x15, 0xa5,
    0xb7, 0xb5, 0x0c, 0x63, 0x21, 0x00, 0xa3, 0x18, 0x86, 0x31, 0x76, 0xad,
    0x97, 0xb5, 0xd7, 0xbd, 0x0c, 0x63, 0x24, 0x21, 0x82, 0x10, 0x82, 0x10,
    0x25, 0x21, 0xf4, 0xa4, 0xb7, 0xb5, 0x56, 0xad, 0x76, 0xb5, 0x49, 0x42,
    0x04, 0x21, 0x04, 0x21, 0x04, 0x21, 0x04, 0x21, 0x04, 0x21, 0x04, 0x21,
    0x04, 0x21, 0xe4, 0x18, 0x04, 0x21, 0xe4, 0x20, 0xe3, 0x20, 0x04, 0x19,
    0xe4, 0x20, 0xe4, 0x18, 0xe3, 0x20, 0xe4, 0x18, 0xc3, 0x18, 0xc4, 0x18,
    0xc3, 0x18, 0xc3, 0x18, 0xc3, 0x18, 0xc3, 0x18, 0xc3, 0x18, 0xc3, 0x18,
    0xa3, 0x18, 0xc3, 0x18, 0xa3, 0x18, 0xa2, 0x10, 0x82, 0x10, 0xa3, 0x18,
    0xe3, 0x18, 0x2d, 0x6b, 0xb6, 0xb5, 0x96, 0xb5, 0x97, 0xb5, 0x56, 0xad,
    0xf4, 0x9c, 0xf0, 0x7b, 0xc7, 0x39, 0x86, 0x31, 0xd0, 0x7b, 0xd4, 0x9c,
    0x76, 0xb5, 0x96, 0xb5, 0x76, 0xb5, 0x55, 0xad, 0x35, 0xa5, 0x35, 0xa5,
    0x35, 0xa5, 0x15, 0xa5, 0xd3, 0x9c, 0x51, 0x8c, 0x2e, 0x63, 0x66, 0x31,
    0x62, 0x10, 0x62, 0x10, 0x61, 0x08, 0x61, 0x10, 0x82, 0x10, 0x62, 0x10,
    0x62, 0x08, 0x61, 0x10, 0x62, 0x08, 0x61, 0x08, 0x62, 0x10, 0x62, 0x10,
    0x41, 0x08, 0x41, 0x08, 0x41, 0x08, 0x61, 0x08, 0x61, 0x08, 0x42, 0x08,
    0x41, 0x10, 0x41, 0x08, 0x41, 0x08, 0x61, 0x08, 0x41, 0x08, 0x42, 0x08,
    0x34, 0xa5, 0x34, 0xa5, 0x14, 0xa5, 0x35, 0xad, 0x34, 0xa5, 0x14, 0xa5,
    0x35, 0xad, 0x35, 0xad, 0x35, 0xad, 0x14, 0xa5, 0x14, 0xa5, 0x34, 0xa5,
    0x35, 0xad, 0x15, 0xad, 0x34, 0xa5, 0x34, 0xa5, 0x14, 0xa5, 0x14, 0xa5,
    0x34, 0xa5, 0x35, 0xad, 0x15, 0xad, 0x34, 0xa5, 0x35, 0xad, 0x15, 0xad,
    0x14, 0xa5, 0x34, 0xa5, 0x34, 0xa5, 0x35, 0xad, 0x34, 0xa5, 0x15, 0xad,
    0x15, 0xad, 0x35, 0xad, 0x35, 0xa5, 0x34, 0xad, 0x14, 0xa5, 0x34, 0xa5,
    0x34, 0xa5, 0x14, 0xa5, 0x35, 0xad, 0x10, 0x84, 0xa3, 0x18, 0x00, 0x00,
    0x20, 0x00, 0x25, 0x29, 0xe7, 0x41, 0xe7, 0x39, 0xe8, 0x41, 0xc7, 0x39,
    0x62, 0x10, 0x00, 0x00, 0x41, 0x08, 0x86, 0x31, 0xe7, 0x39, 0xc7, 0x39,
    0xc7, 0x39, 0xc7, 0x39, 0xc7, 0x39, 0xc7, 0x39, 0xc7, 0x39, 0xc7, 0x39,
    0xc7, 0x39, 0xa7, 0x39, 0xa3, 0x18, 0x62, 0x10, 0xc7, 0x39, 0xd4, 0x9c,
    0x15, 0x9d, 0xd7, 0xbd, 0x14, 0xa5, 0x29, 0x42, 0x25, 0x29, 0x82, 0x10,
    0x25, 0x29, 0x72, 0x8c, 0x76, 0xad, 0xf8, 0xc5, 0x96, 0xb5, 0x35, 0xa5,
    0xec, 0x62, 0x45, 0x29, 0xa3, 0x18, 0x04, 0x21, 0xaf, 0x7b, 0x14, 0xa5,
    0xb3, 0x94, 0x04, 0x21, 0x62, 0x08, 0x82, 0x10, 0xaf, 0x73, 0x96, 0xb5,
    0x97, 0xb5, 0x14, 0xa5, 0x86, 0x31, 0xe4, 0x20, 0x62, 0x08, 0xc3, 0x18,
    0x2d, 0x63, 0xf8, 0xbd, 0xb7, 0xb5, 0x97, 0xb5, 0x51, 0x8c, 0x04, 0x21,
    0x24, 0x21, 0x05, 0x21, 0x05, 0x21, 0x04, 0x21, 0x04, 0x21, 0x04, 0x21,
    0x04, 0x21, 0xe4, 0x18, 0xe4, 0x20, 0x03, 0x21, 0xe4, 0x18, 0xe4, 0x18,
    0xe3, 0x18, 0xe4, 0x20, 0xe3, 0x18, 0xe3, 0x18, 0xc4, 0x18, 0xe3, 0x18,
    0xc3, 0x18, 0xc4, 0x18, 0xc3, 0x18, 0xc3, 0x18, 0xc3, 0x18, 0xa3, 0x18,
    0xa3, 0x10, 0xa3, 0x10, 0xa3, 0x10, 0x82, 0x10, 0x82, 0x10, 0xc3, 0x18,
    0xa7, 0x39, 0xf4, 0xa4, 0xb7, 0xb5, 0x76, 0xb5, 0x96, 0xb5, 0x97, 0xb5,
    0x35, 0xad, 0xb3, 0x94, 0x4d, 0x6b, 0x04, 0x21, 0x8a, 0x52, 0x52, 0x8c,
    0xf4, 0xa4, 0x55, 0xb5, 0x76, 0xb5, 0x35, 0xad, 0x55, 0xad, 0x35, 0xa5,
    0x15, 0xa5, 0x35, 0xa5, 0x14, 0xa5, 0x93, 0x94, 0xf0, 0x7b, 0xcb, 0x5a,
    0xe4, 0x18, 0x62, 0x08, 0x62, 0x10, 0x62, 0x10, 0x62, 0x10, 0x62, 0x10,
    0x61, 0x08, 0x62, 0x08, 0x61, 0x10, 0x62, 0x08, 0x61, 0x08, 0x61, 0x08,
    0x41, 0x08, 0x41, 0x08, 0x41, 0x08, 0x41, 0x08, 0x41, 0x08, 0x41, 0x08,
    0x61, 0x08, 0x62, 0x08, 0x42, 0x08, 0x41, 0x08, 0x61, 0x08, 0x42, 0x08,
    0x34, 0xa5, 0x15, 0xad, 0x35, 0xad, 0x34, 0xa5, 0x35, 0xad, 0x34, 0xa5,
    0x34, 0xa5, 0x14, 0xa5, 0x34, 0xa5, 0x35, 0xad, 0x35, 0xad, 0x34, 0xa5,
    0x34, 0xa5, 0x34, 0xa5, 0x14, 0xa5, 0x34, 0xa5, 0x35, 0xad, 0x35, 0xad,
    0x35, 0xad, 0x34, 0xa5, 0x34, 0xa5, 0x35, 0xad, 0x14, 0xa5, 0x34, 0xa5,
    0x34, 0xa5, 0x34, 0xa5, 0x35, 0xad, 0x34, 0xa5, 0x35, 0xad, 0x34, 0xa5,
    0x34, 0xa5, 0x34, 0xa5, 0x34, 0xad, 0x15, 0xa5, 0x35, 0xa5, 0x35, 0xa5,
    0x35, 0xad, 0x34, 0xad, 0x34, 0xa5, 0xab, 0x52, 0x00, 0x00, 0x00, 0x00,
    0x82, 0x10, 0xa6, 0x31, 0xe8, 0x41, 0xe8, 0x39, 0xe8, 0x41, 0x86, 0x31,
    0x20, 0x00, 0x00, 0x00, 0x21, 0x08, 0xa7, 0x39, 0xe7, 0x39, 0xc7, 0x39,
    0xc8, 0x39, 0xc7, 0x39, 0xc7, 0x39, 0xc7, 0x39, 0xc7, 0x39, 0xc7, 0x39,
    0xc7, 0x39, 0xc7, 0x39, 0x24, 0x21, 0x62, 0x08, 0xe3, 0x18, 0x51, 0x84,
    0x96, 0xad, 0xd8, 0xbd, 0x76, 0xad, 0x2d, 0x6b, 0x86, 0x31, 0xc3, 0x18,
    0xa3, 0x10, 0x0d, 0x63, 0xd7, 0xbd, 0xd6, 0xbd, 0x54, 0xb5, 0x76, 0xb5,
    0x31, 0x8c, 0xa6, 0x39, 0x04, 0x21, 0xa3, 0x10, 0x6a, 0x52, 0xf4, 0xa4,
    0xec, 0x62, 0x41, 0x08, 0x82, 0x10, 0xa7, 0x31, 0x76, 0xad, 0x76, 0xb5,
    0x97, 0xb5, 0x2d, 0x6b, 0x24, 0x21, 0x82, 0x10, 0xa3, 0x18, 0x66, 0x29,
    0x75, 0xad, 0xd7, 0xbd, 0xb7, 0xbd, 0xb7, 0xb5, 0x49, 0x4a, 0xe4, 0x20,
    0x24, 0x21, 0x04, 0x21, 0x04, 0x21, 0x04, 0x21, 0x04, 0x21, 0xe4, 0x20,
    0x04, 0x21, 0xe4, 0x20, 0xe4, 0x18, 0xe4, 0x18, 0xe4, 0x18, 0xe4, 0x20,
    0xe4, 0x18, 0xe3, 0x18, 0xc3, 0x18, 0xc3, 0x20, 0xc4, 0x18, 0xe3, 0x18,
    0xc3, 0x18, 0xc3, 0x18, 0xc3, 0x18, 0xc3, 0x18, 0xc3, 0x10, 0xa3, 0x18,
    0xc3, 0x10, 0xa3, 0x18, 0xa2, 0x10, 0x62, 0x10, 0xa3, 0x18, 0xc3, 0x18,
    0x8e, 0x73, 0x97, 0xb5, 0x96, 0xb5, 0xb7, 0xb5, 0xb7, 0xb5, 0xb7, 0xb5,
    0x96, 0xb5, 0x15, 0xa5, 0x52, 0x8c, 0x29, 0x4a, 0x25, 0x21, 0x6e, 0x6b,
    0x92, 0x94, 0x14, 0xa5, 0x55, 0xad, 0x35, 0xa5, 0x14, 0x9d, 0xd4, 0x9c,
    0xd3, 0x9c, 0x15, 0xa5, 0x35, 0xa5, 0xd4, 0x9c, 0x72, 0x8c, 0xaf, 0x73,
    0xc7, 0x39, 0x62, 0x10, 0x62, 0x10, 0x62, 0x08, 0x82, 0x08, 0x61, 0x08,
    0x62, 0x08, 0x62, 0x10, 0x62, 0x10, 0x62, 0x10, 0x62, 0x08, 0x61, 0x08,
    0x41, 0x08, 0x42, 0x08, 0x61, 0x08, 0x42, 0x10, 0x42, 0x08, 0x41, 0x08,
    0x41, 0x08, 0x41, 0x08, 0x41, 0x08, 0x42, 0x10, 0x42, 0x08, 0x41, 0x08,
    0x34, 0xa5, 0x35, 0xad, 0x34, 0xa5, 0x34, 0xa5, 0x14, 0xa5, 0x35, 0xad,
    0x35, 0xad, 0x34, 0xa5, 0x34, 0xa5, 0x34, 0xa5, 0x34, 0xa5, 0x15, 0xad,
    0x34, 0xa5, 0x34, 0xa5, 0x35, 0xad, 0x35, 0xad, 0x34, 0xa5, 0x34, 0xa5,
    0x34, 0xa5, 0x14, 0xa5, 0x34, 0xa5, 0x34, 0xa5, 0x34, 0xa5, 0x34, 0xa5,
    0x35, 0xad, 0x35, 0xad, 0x14, 0xa5, 0x14, 0xa5, 0x34, 0xa5, 0x14, 0xa5,
    0x34, 0xa5, 0x35, 0xad, 0x14, 0xa5, 0x34, 0xa5, 0x34, 0xad, 0x34, 0xad,
    0x34, 0xa5, 0x35, 0xad, 0xb2, 0x94, 0x45, 0x29, 0x00, 0x00, 0x20, 0x00,
    0xe4, 0x20, 0xe7, 0x39, 0xe8, 0x39, 0xe7, 0x39, 0xe8, 0x41, 0xa6, 0x31,
    0x20, 0x00, 0x00, 0x00, 0x20, 0x00, 0x45, 0x29, 0xe8, 0x41, 0xc7, 0x39,
    0xc7, 0x39, 0xe7, 0x39, 0xc7, 0x39, 0xc7, 0x39, 0xc7, 0x39, 0xc7, 0x39,
    0xc7, 0x39, 0xc7, 0x39, 0x86, 0x31, 0x82, 0x10, 0x82, 0x10, 0x0c, 0x63,
    0xb7, 0xb5, 0x96, 0xb5, 0x35, 0xa5, 0x51, 0x8c, 0xc7, 0x39, 0x04, 0x21,
    0x82, 0x10, 0xc8, 0x39, 0xf4, 0x9c, 0x55, 0xad, 0x35, 0xad, 0x96, 0xb5,
    0xf4, 0xa4, 0x49, 0x4a, 0x45, 0x29, 0xa3, 0x10, 0x66, 0x29, 0xaf, 0x7b,
    0x24, 0x21, 0x62, 0x10, 0xc3, 0x18, 0x31, 0x84, 0xb7, 0xbd, 0x76, 0xad,
    0xd3, 0x9c, 0x86, 0x31, 0xe4, 0x18, 0x62, 0x10, 0xe4, 0x18, 0x2d, 0x6b,
    0xd8, 0xbd, 0x96, 0xad, 0x39, 0xce, 0x92, 0x94, 0x04, 0x21, 0x04, 0x21,
    0x05, 0x21, 0x04, 0x21, 0x04, 0x21, 0x04, 0x21, 0x04, 0x21, 0xe4, 0x20,
    0xe4, 0x18, 0xe4, 0x20, 0xe3, 0x18, 0xe4, 0x20, 0xe3, 0x20, 0xe3, 0x18,
    0xe3, 0x20, 0xe3, 0x18, 0xc4, 0x18, 0xe4, 0x18, 0xc3, 0x18, 0xc3, 0x18,
    0xc3, 0x18, 0xc3, 0x18, 0xc3, 0x18, 0xc3, 0x18, 0xa3, 0x18, 0xa3, 0x10,
    0xc3, 0x18, 0xa3, 0x18, 0x82, 0x10, 0x62, 0x10, 0x62, 0x08, 0xa7, 0x39,
    0xf4, 0xa4, 0x96, 0xb5, 0xb7, 0xb5, 0xd7, 0xbd, 0xb7, 0xb5, 0xd7, 0xbd,
    0xb7, 0xb5, 0x76, 0xad, 0xf4, 0x9c, 0xaf, 0x73, 0x25, 0x21, 0xe8, 0x39,
    0xf0, 0x7b, 0x93, 0x94, 0xf4, 0x9c, 0xf4, 0x9c, 0x93, 0x94, 0x92, 0x8c,
    0xb3, 0x94, 0x15, 0xa5, 0x76, 0xad, 0x35, 0xad, 0xb3, 0x94, 0xcf, 0x73,
    0x8b, 0x52, 0x04, 0x21, 0x61, 0x08, 0x62, 0x08, 0x62, 0x10, 0x81, 0x10,
    0x62, 0x08, 0x62, 0x10, 0x61, 0x08, 0x61, 0x08, 0x62, 0x10, 0x41, 0x08,
    0x41, 0x08, 0x42, 0x08, 0x61, 0x08, 0x41, 0x08, 0x61, 0x08, 0x61, 0x10,
    0x42, 0x08, 0x41, 0x08, 0x41, 0x08, 0x61, 0x08, 0x41, 0x08, 0x41, 0x08,
    0x34, 0xa5, 0x14, 0xa5, 0x34, 0xa5, 0x35, 0xad, 0x14, 0xa5, 0x34, 0xa5,
    0x35, 0xad, 0x14, 0xa5, 0x35, 0xad, 0x35, 0xad, 0x14, 0xa5, 0x34, 0xa5,
    0x35, 0xad, 0x15, 0xad, 0x34, 0xa5, 0x34, 0xa5, 0x15, 0xad, 0x14, 0xa5,
    0x34, 0xa5, 0x35, 0xad, 0x15, 0xad, 0x35, 0xad, 0x15, 0xad, 0x35, 0xad,
    0x34, 0xa5, 0x14, 0xa5, 0x35, 0xad, 0x34, 0xa5, 0x35, 0xad, 0x35, 0xad,
    0x15, 0xad, 0x34, 0xa5, 0x35, 0xa5, 0x34, 0xad, 0x35, 0xad, 0x14, 0xa5,
    0x34, 0xa5, 0x35, 0xad, 0x6e, 0x73, 0x41, 0x08, 0x00, 0x00, 0x41, 0x08,
    0x66, 0x31, 0xe7, 0x39, 0xe7, 0x41, 0xe8, 0x41, 0xe8, 0x41, 0xe7, 0x39,
    0x82, 0x10, 0x00, 0x00, 0x00, 0x00, 0xc3, 0x18, 0xe7, 0x39, 0xc7, 0x39,
    0xc7, 0x39, 0xe7, 0x39, 0xc7, 0x39, 0xc7, 0x39, 0xc7, 0x39, 0xc7, 0x39,
    0xa7, 0x39, 0xa7, 0x39, 0xa7, 0x31, 0xc3, 0x18, 0x62, 0x10, 0x86, 0x31,
    0xd4, 0x9c, 0x35, 0xa5, 0x15, 0xa5, 0x14, 0xa5, 0x8a, 0x52, 0x45, 0x29,
    0xa2, 0x10, 0xe4, 0x20, 0x8f, 0x73, 0x14, 0xa5, 0x35, 0xa5, 0x76, 0xb5,
    0x55, 0xad, 0x6e, 0x6b, 0x66, 0x31, 0xe4, 0x18, 0xe3, 0x18, 0xa7, 0x39,
    0x62, 0x08, 0xa3, 0x18, 0xe8, 0x39, 0xd7, 0xbd, 0xb7, 0xb5, 0xb7, 0xb5,
    0x2d, 0x6b, 0x25, 0x21, 0x82, 0x10, 0xc3, 0x18, 0x45, 0x29, 0x15, 0xa5,
    0xb7, 0xb5, 0xd7, 0xb5, 0x39, 0xc6, 0x4a, 0x4a, 0xe4, 0x20, 0x24, 0x21,
    0x04, 0x21, 0x04, 0x21, 0x04, 0x21, 0x04, 0x21, 0xe4, 0x20, 0x04, 0x19,
    0xe4, 0x18, 0x04, 0x19, 0xe4, 0x20, 0xe3, 0x18, 0xe4, 0x20, 0xe4, 0x18,
    0xe3, 0x18, 0xc4, 0x20, 0xe4, 0x18, 0xe3, 0x18, 0xc4, 0x20, 0xc3, 0x18,
    0xc3, 0x18, 0xc3, 0x18, 0xc3, 0x18, 0xa3, 0x18, 0xc3, 0x18, 0xa3, 0x18,
    0xa2, 0x10, 0xa2, 0x10, 0x62, 0x10, 0x62, 0x08, 0xa2, 0x10, 0x6e, 0x73,
    0x15, 0xa5, 0x96, 0xad, 0xb7, 0xb5, 0x97, 0xb5, 0xb7, 0xb5, 0xd7, 0xb5,
    0xf8, 0xbd, 0xd7, 0xbd, 0x56, 0xad, 0x52, 0x8c, 0x69, 0x4a, 0xe3, 0x18,
    0xcc, 0x5a, 0x10, 0x84, 0x92, 0x94, 0xb3, 0x94, 0x52, 0x84, 0x52, 0x8c,
    0xd4, 0x9c, 0x35, 0xa5, 0x35, 0xa5, 0xf4, 0xa4, 0x93, 0x94, 0xf0, 0x7b,
    0x0d, 0x63, 0x04, 0x21, 0x61, 0x08, 0x62, 0x10, 0x62, 0x10, 0x61, 0x10,
    0x62, 0x10, 0x62, 0x08, 0x61, 0x10, 0x62, 0x08, 0x61, 0x08, 0x41, 0x08,
    0x41, 0x08, 0x41, 0x10, 0x41, 0x08, 0x41, 0x08, 0x41, 0x08, 0x41, 0x08,
    0x41, 0x08, 0x62, 0x10, 0x41, 0x08, 0x42, 0x08, 0x61, 0x08, 0x42, 0x10,
    0x34, 0xa5, 0x35, 0xad, 0x15, 0xad, 0x34, 0xa5, 0x35, 0xad, 0x14, 0xa5,
    0x34, 0xa5, 0x34, 0xa5, 0x15, 0xad, 0x34, 0xa5, 0x35, 0xad, 0x34, 0xa5,
    0x34, 0xa5, 0x35, 0xad, 0x14, 0xa5, 0x34, 0xa5, 0x34, 0xa5, 0x35, 0xad,
    0x35, 0xad, 0x14, 0xa5, 0x34, 0xa5, 0x34, 0xa5, 0x34, 0xa5, 0x14, 0xa5,
    0x35, 0xad, 0x34, 0xa5, 0x34, 0xa5, 0x35, 0xad, 0x34, 0xa5, 0x34, 0xa5,
    0x34, 0xa5, 0x15, 0xad, 0x34, 0xa5, 0x35, 0xa5, 0x14, 0xa5, 0x35, 0xa5,
    0x35, 0xad, 0xf4, 0xa4, 0xe8, 0x39, 0x00, 0x00, 0x00, 0x00, 0xa2, 0x18,
    0xc7, 0x39, 0xe8, 0x41, 0xe8, 0x39, 0xe7, 0x41, 0xe8, 0x39, 0xe8, 0x41,
    0x24, 0x21, 0x00, 0x00, 0x00, 0x00, 0x61, 0x08, 0xa7, 0x39, 0xc7, 0x39,
    0xc7, 0x39, 0xc7, 0x39, 0xc7, 0x39, 0xc7, 0x39, 0xc7, 0x39, 0xc7, 0x39,
    0xc7, 0x39, 0xa7, 0x39, 0xc7, 0x39, 0x45, 0x29, 0x82, 0x10, 0xa3, 0x10,
    0x6e, 0x6b, 0xd3, 0x9c, 0x14, 0xa5, 0x35, 0xad, 0x8e, 0x73, 0x86, 0x31,
    0xe3, 0x18, 0xa3, 0x10, 0x49, 0x4a, 0xb3, 0x94, 0x15, 0xa5, 0x55, 0xad,
    0x55, 0xad, 0x72, 0x8c, 0xe8, 0x41, 0x24, 0x21, 0xc3, 0x18, 0xa3, 0x18,
    0x82, 0x10, 0xe4, 0x18, 0x31, 0x84, 0xb7, 0xb5, 0xd7, 0xbd, 0x56, 0xad,
    0xa6, 0x31, 0xe4, 0x20, 0x62, 0x10, 0xc3, 0x18, 0xab, 0x52, 0xf8, 0xbd,
    0xb7, 0xb5, 0x59, 0xce, 0xb3, 0x94, 0x04, 0x21, 0x24, 0x21, 0x04, 0x21,
    0x04, 0x21, 0x04, 0x21, 0x04, 0x21, 0x04, 0x21, 0xe4, 0x18, 0xe4, 0x20,
    0xe4, 0x20, 0xe3, 0x20, 0xe3, 0x18, 0xe4, 0x20, 0xe4, 0x18, 0xe4, 0x20,
    0xe3, 0x18, 0xc4, 0x18, 0xe3, 0x18, 0xc3, 0x18, 0xc3, 0x18, 0xc4, 0x18,
    0xc3, 0x18, 0xc3, 0x18, 0xa3, 0x18, 0xc3, 0x10, 0xa3, 0x10, 0xa3, 0x10,
    0xa3, 0x18, 0x82, 0x10, 0x82, 0x10, 0x61, 0x08, 0xe4, 0x20, 0x6e, 0x73,
    0xb3, 0x94, 0x76, 0xad, 0xb7, 0xb5, 0x96, 0xb5, 0xb7, 0xb5, 0x19, 0xc6,
    0x39, 0xc6, 0xf8, 0xbd, 0x76, 0xb5, 0xb3, 0x94, 0x8e, 0x73, 0x45, 0x29,
    0x87, 0x31, 0x6e, 0x6b, 0x11, 0x84, 0x31, 0x84, 0x31, 0x84, 0x72, 0x8c,
    0xd3, 0x9c, 0xb3, 0x9c, 0x92, 0x94, 0x92, 0x94, 0x92, 0x94, 0xaf, 0x7b,
    0xa7, 0x39, 0x61, 0x08, 0x62, 0x08, 0x62, 0x10, 0x62, 0x08, 0x62, 0x08,
    0x62, 0x08, 0x61, 0x10, 0x62, 0x08, 0x62, 0x10, 0x41, 0x08, 0x41, 0x08,
    0x42, 0x08, 0x62, 0x08, 0x61, 0x08, 0x41, 0x08, 0x42, 0x08, 0x42, 0x08,
    0x41, 0x08, 0x61, 0x08, 0x41, 0x08, 0x41, 0x08, 0x41, 0x08, 0x62, 0x08,
    0x34, 0xa5, 0x15, 0xad, 0x34, 0xa5, 0x34, 0xa5, 0x34, 0xa5, 0x35, 0xad,
    0x15, 0xad, 0x34, 0xa5, 0x34, 0xa5, 0x34, 0xa5, 0x34, 0xa5, 0x15, 0xad,
    0x14, 0xa5, 0x34, 0xa5, 0x35, 0xad, 0x35, 0xad, 0x14, 0xa5, 0x34, 0xa5,
    0x35, 0xad, 0x34, 0xa5, 0x34, 0xa5, 0x34, 0xa5, 0x34, 0xa5, 0x35, 0xad,
    0x34, 0xa5, 0x15, 0xad, 0x14, 0xa5, 0x34, 0xa5, 0x14, 0xa5, 0x14, 0xa5,
    0x35, 0xad, 0x34, 0xa5, 0x34, 0xa5, 0x14, 0xad, 0x34, 0xa5, 0x34, 0xa5,
    0x35, 0xad, 0x31, 0x8c, 0xc3, 0x18, 0x00, 0x00, 0x21, 0x00, 0x45, 0x29,
    0xe7, 0x39, 0xe8, 0x39, 0xe7, 0x41, 0xe7, 0x39, 0xe7, 0x39, 0xe8, 0x41,
    0xa6, 0x31, 0x21, 0x08, 0x21, 0x08, 0x21, 0x08, 0x45, 0x29, 0xe7, 0x39,
    0xc7, 0x39, 0xc7, 0x39, 0xc7, 0x39, 0xc7, 0x39, 0xc7, 0x39, 0xc7, 0x39,
    0xc7, 0x39, 0xa7, 0x39, 0xc6, 0x39, 0xa6, 0x31, 0xa2, 0x10, 0x82, 0x10,
    0x09, 0x42, 0x92, 0x94, 0xf4, 0xa4, 0x35, 0xa5, 0x31, 0x84, 0xe8, 0x41,
    0x25, 0x29, 0x82, 0x10, 0x45, 0x29, 0x11, 0x84, 0xf4, 0xa4, 0x56, 0xad,
    0x76, 0xad, 0xf4, 0x9c, 0xec, 0x62, 0x45, 0x29, 0x04, 0x21, 0x62, 0x10,
    0xc3, 0x18, 0x86, 0x31, 0x96, 0xb5, 0x76, 0xad, 0x39, 0xc6, 0x8f, 0x73,
    0x04, 0x21, 0x82, 0x10, 0x61, 0x08, 0xc3, 0x18, 0xd3, 0x9c, 0xd7, 0xbd,
    0xd7, 0xc5, 0x39, 0xc6, 0x49, 0x4a, 0xe4, 0x20, 0x24, 0x21, 0x05, 0x21,
    0x04, 0x21, 0x04, 0x21, 0x04, 0x21, 0xe4, 0x20, 0x04, 0x21, 0xe4, 0x20,
    0xe4, 0x18, 0xe3, 0x20, 0xe4, 0x20, 0xe4, 0x18, 0xe3, 0x18, 0xe3, 0x18,
    0xe4, 0x18, 0xc3, 0x18, 0xc3, 0x18, 0xc3, 0x18, 0xc4, 0x18, 0xc3, 0x18,
    0xc3, 0x18, 0xc3, 0x18, 0xc3, 0x18, 0xa3, 0x10, 0xa3, 0x18, 0xa3, 0x18,
    0xa3, 0x10, 0xa2, 0x10, 0x82, 0x10, 0x62, 0x10, 0x42, 0x08, 0x08, 0x42,
    0x51, 0x8c, 0x56, 0xad, 0x97, 0xb5, 0x96, 0xb5, 0xf8, 0xc5, 0x39, 0xce,
    0xf8, 0xbd, 0xb6, 0xb5, 0x76, 0xb5, 0x35, 0xa5, 0x51, 0x8c, 0x8c, 0x4a,
    0xaa, 0x19, 0xcd, 0x4a, 0x90, 0x6b, 0xf0, 0x7b, 0x51, 0x8c, 0x92, 0x94,
    0x51, 0x94, 0x30, 0x94, 0x50, 0x94, 0x92, 0x94, 0x11, 0x84, 0x6a, 0x52,
    0x82, 0x10, 0x62, 0x08, 0x62, 0x10, 0x62, 0x10, 0x81, 0x08, 0x61, 0x08,
    0x62, 0x10, 0x62, 0x08, 0x61, 0x08, 0x61, 0x08, 0x41, 0x08, 0x41, 0x08,
    0x41, 0x08, 0x41, 0x08, 0x42, 0x08, 0x41, 0x08, 0x61, 0x10, 0x61, 0x08,
    0x41, 0x08, 0x41, 0x08, 0x42, 0x08, 0x61, 0x10, 0x41, 0x08, 0x41, 0x08,
    0x34, 0xa5, 0x34, 0xa5, 0x34, 0xa5, 0x35, 0xad, 0x14, 0xa5, 0x34, 0xa5,
    0x34, 0xa5, 0x35, 0xad, 0x35, 0xad, 0x14, 0xa5, 0x34, 0xa5, 0x34, 0xa5,
    0x35, 0xad, 0x34, 0xa5, 0x34, 0xa5, 0x14, 0xa5, 0x35, 0xad, 0x34, 0xa5,
    0x34, 0xa5, 0x15, 0xad, 0x35, 0xad, 0x15, 0xad, 0x15, 0xad, 0x34, 0xa5,
    0x34, 0xa5, 0x34, 0xa5, 0x35, 0xad, 0x35, 0xad, 0x35, 0xad, 0x35, 0xad,
    0x34, 0xa5, 0x34, 0xa5, 0x14, 0xad, 0x35, 0xad, 0x35, 0xad, 0x34, 0xa5,
    0x34, 0xad, 0xcb, 0x5a, 0x00, 0x00, 0x00, 0x00, 0x62, 0x10, 0xa7, 0x39,
    0xe7, 0x39, 0xe8, 0x41, 0xe7, 0x39, 0xe8, 0x41, 0xe8, 0x39, 0xe7, 0x39,
    0xe7, 0x39, 0xa2, 0x10, 0x20, 0x00, 0x21, 0x00, 0xc3, 0x18, 0xc7, 0x39,
    0xc7, 0x39, 0xc7, 0x39, 0xc7, 0x39, 0xc7, 0x39, 0xc7, 0x39, 0xa7, 0x39,
    0xa7, 0x31, 0xa7, 0x39, 0xc7, 0x39, 0xa7, 0x31, 0xe4, 0x20, 0x82, 0x10,
    0x04, 0x21, 0x10, 0x84, 0xf4, 0xa4, 0x56, 0xad, 0xb3, 0x94, 0xab, 0x52,
    0x04, 0x21, 0xa3, 0x18, 0xc3, 0x18, 0xec, 0x5a, 0xf4, 0xa4, 0x76, 0xb5,
    0x76, 0xad, 0x56, 0xad, 0x52, 0x8c, 0xc7, 0x39, 0xe4, 0x18, 0x62, 0x08,
    0xa2, 0x10, 0x2d, 0x63, 0xd7, 0xbd, 0xd7, 0xbd, 0xb7, 0xb5, 0xc7, 0x39,
    0xe4, 0x20, 0x62, 0x08, 0x41, 0x08, 0xa7, 0x39, 0x56, 0xb5, 0xd7, 0xbd,
    0xf8, 0xbd, 0x72, 0x8c, 0x04, 0x21, 0x04, 0x21, 0x04, 0x21, 0x04, 0x21,
    0x04, 0x21, 0x04, 0x21, 0x04, 0x21, 0xe4, 0x20, 0xe4, 0x18, 0xe4, 0x18,
    0xe4, 0x18, 0xe3, 0x18, 0xe4, 0x18, 0xe3, 0x18, 0xe3, 0x20, 0xc4, 0x18,
    0xc3, 0x20, 0xe3, 0x18, 0xc4, 0x18, 0xc3, 0x18, 0xc3, 0x18, 0xc3, 0x18,
    0xc3, 0x18, 0xa3, 0x18, 0xa3, 0x10, 0xc3, 0x18, 0xa3, 0x18, 0xa2, 0x10,
    0xa2, 0x18, 0xa3, 0x10, 0xa3, 0x10, 0x82, 0x10, 0x41, 0x08, 0xc3, 0x18,
    0x4e, 0x6b, 0xf4, 0x9c, 0x76, 0xad, 0xf8, 0xbd, 0x39, 0xce, 0xf7, 0xc5,
    0xb6, 0xbd, 0x96, 0xb5, 0x97, 0xb5, 0x55, 0xad, 0xb3, 0x9c, 0xef, 0x4a,
    0x0d, 0x1a, 0x2d, 0x2a, 0x0e, 0x53, 0x8f, 0x6b, 0xf0, 0x7b, 0x51, 0x8c,
    0x2f, 0x8c, 0x0f, 0x8c, 0x31, 0x84, 0x11, 0x84, 0x0c, 0x63, 0x25, 0x29,
    0x61, 0x08, 0x62, 0x08, 0x62, 0x10, 0x62, 0x08, 0x62, 0x10, 0x62, 0x10,
    0x61, 0x10, 0x62, 0x08, 0x62, 0x08, 0x41, 0x08, 0x41, 0x08, 0x42, 0x08,
    0x61, 0x10, 0x41, 0x08, 0x41, 0x08, 0x42, 0x08, 0x41, 0x08, 0x41, 0x08,
    0x41, 0x10, 0x42, 0x08, 0x61, 0x08, 0x42, 0x08, 0x41, 0x08, 0x41, 0x08,
    0x34, 0xa5, 0x15, 0xad, 0x35, 0xad, 0x34, 0xa5, 0x15, 0xad, 0x34, 0xa5,
    0x35, 0xad, 0x14, 0xa5, 0x34, 0xa5, 0x35, 0xad, 0x15, 0xad, 0x35, 0xad,
    0x34, 0xa5, 0x15, 0xad, 0x34, 0xa5, 0x34, 0xa5, 0x34, 0xa5, 0x35, 0xad,
    0x15, 0xad, 0x34, 0xa5, 0x34, 0xa5, 0x34, 0xa5, 0x34, 0xa5, 0x35, 0xad,
    0x15, 0xad, 0x34, 0xa5, 0x34, 0xa5, 0x14, 0xa5, 0x34, 0xa5, 0x34, 0xa5,
    0x35, 0xad, 0x15, 0xad, 0x35, 0xa5, 0x34, 0xa5, 0x14, 0xa5, 0x35, 0xad,
    0xb2, 0x94, 0x45, 0x29, 0x00, 0x00, 0x00, 0x00, 0x04, 0x21, 0xe7, 0x39,
    0xe8, 0x41, 0xe7, 0x39, 0xe8, 0x41, 0xe7, 0x41, 0xe8, 0x39, 0xe7, 0x41,
    0xe8, 0x41, 0x25, 0x29, 0x20, 0x00, 0x21, 0x08, 0x41, 0x08, 0xa6, 0x31,
    0xc7, 0x39, 0xc7, 0x39, 0xc7, 0x39, 0xc7, 0x39, 0xc7, 0x39, 0xc7, 0x39,
    0xa7, 0x39, 0xc7, 0x39, 0xc6, 0x31, 0xa7, 0x39, 0x65, 0x29, 0x82, 0x10,
    0x83, 0x10, 0xec, 0x5a, 0x15, 0xa5, 0x56, 0xa5, 0x35, 0xa5, 0xf0, 0x7b,
    0x04, 0x21, 0xc3, 0x18, 0x82, 0x10, 0xc7, 0x39, 0xb3, 0x94, 0x97, 0xad,
    0x76, 0xad, 0xd7, 0xbd, 0x96, 0xb5, 0x8a, 0x52, 0x21, 0x08, 0x41, 0x08,
    0xe4, 0x18, 0x35, 0xa5, 0xb6, 0xbd, 0x39, 0xc6, 0xaf, 0x73, 0x24, 0x21,
    0xa2, 0x10, 0x82, 0x10, 0x62, 0x08, 0x04, 0x21, 0x72, 0x94, 0xd7, 0xbd,
    0xb7, 0xb5, 0x08, 0x42, 0x04, 0x21, 0x24, 0x21, 0x04, 0x21, 0x04, 0x21,
    0x04, 0x21, 0x04, 0x21, 0xe4, 0x20, 0x04, 0x19, 0xe4, 0x18, 0xe3, 0x20,
    0xe3, 0x20, 0xe4, 0x20, 0xe4, 0x18, 0xe3, 0x20, 0xe4, 0x18, 0xc3, 0x18,
    0xe3, 0x18, 0xc4, 0x18, 0xc3, 0x18, 0xc3, 0x18, 0xc3, 0x18, 0xc3, 0x18,
    0xa3, 0x18, 0xc3, 0x18, 0xc3, 0x10, 0xa3, 0x18, 0xa3, 0x10, 0xa3, 0x10,
    0xa2, 0x10, 0xa2, 0x18, 0x82, 0x10, 0x82, 0x10, 0x82, 0x10, 0x41, 0x08,
    0xc8, 0x39, 0x51, 0x8c, 0x76, 0xad, 0x18, 0xc6, 0x18, 0xc6, 0xd6, 0xc5,
    0x96, 0xbd, 0x96, 0xb5, 0x96, 0xb5, 0x76, 0xb5, 0x12, 0x7c, 0x2e, 0x1a,
    0x0e, 0x1a, 0x0d, 0x1a, 0x6d, 0x3a, 0x2e, 0x5b, 0x8f, 0x6b, 0xf0, 0x7b,
    0xf0, 0x83, 0xd0, 0x7b, 0xf0, 0x7b, 0x4d, 0x6b, 0xa7, 0x39, 0x61, 0x08,
    0x62, 0x08, 0x62, 0x10, 0x62, 0x10, 0x61, 0x10, 0x62, 0x08, 0x62, 0x08,
    0x62, 0x10, 0x82, 0x10, 0x62, 0x10, 0x62, 0x08, 0x61, 0x08, 0x41, 0x08,
    0x42, 0x08, 0x61, 0x08, 0x41, 0x10, 0x62, 0x08, 0x41, 0x08, 0x41, 0x08,
    0x42, 0x08, 0x61, 0x08, 0x41, 0x08, 0x41, 0x08, 0x41, 0x08, 0x62, 0x08,
    0x34, 0xa5, 0x35, 0xad, 0x14, 0xa5, 0x34, 0xa5, 0x34, 0xa5, 0x35, 0xad,
    0x34, 0xa5, 0x14, 0xa5, 0x34, 0xa5, 0x34, 0xa5, 0x35, 0xad, 0x34, 0xa5,
    0x14, 0xa5, 0x34, 0xa5, 0x35, 0xad, 0x35, 0xad, 0x15, 0xad, 0x34, 0xa5,
    0x34, 0xa5, 0x14, 0xa5, 0x34, 0xa5, 0x34, 0xa5, 0x34, 0xa5, 0x34, 0xa5,
    0x34, 0xa5, 0x15, 0xad, 0x34, 0xa5, 0x35, 0xad, 0x14, 0xa5, 0x34, 0xa5,
    0x34, 0xa5, 0x14, 0xa5, 0x34, 0xa5, 0x35, 0xa5, 0x34, 0xa5, 0x35, 0xad,
    0x8e, 0x73, 0x61, 0x08, 0x00, 0x00, 0x41, 0x08, 0x86, 0x31, 0xe7, 0x39,
    0xc7, 0x39, 0xe8, 0x41, 0xe7, 0x39, 0xe8, 0x39, 0xe7, 0x39, 0xc7, 0x41,
    0xe8, 0x41, 0xa6, 0x31, 0x41, 0x08, 0x21, 0x08, 0x20, 0x00, 0x25, 0x29,
    0xe7, 0x39, 0xc7, 0x39, 0xc7, 0x39, 0xc7, 0x39, 0xc7, 0x39, 0xc7, 0x39,
    0xc6, 0x39, 0xa7, 0x39, 0xc7, 0x39, 0xa7, 0x31, 0xa6, 0x31, 0xa3, 0x18,
    0x82, 0x10, 0xc7, 0x39, 0x14, 0xa5, 0x15, 0x9d, 0xd7, 0xbd, 0xb7, 0xb5,
    0x2d, 0x63, 0xe8, 0x41, 0xa2, 0x10, 0x04, 0x21, 0xf0, 0x7b, 0x76, 0xad,
    0x97, 0xb5, 0x39, 0xc6, 0xb7, 0xbd, 0x11, 0x84, 0x49, 0x4a, 0x82, 0x10,
    0x29, 0x42, 0xb7, 0xbd, 0xd7, 0xbd, 0x76, 0xad, 0xc7, 0x39, 0xe4, 0x20,
    0x62, 0x10, 0x04, 0x21, 0xc7, 0x39, 0xa3, 0x10, 0xec, 0x5a, 0xb7, 0xbd,
    0x72, 0x8c, 0x04, 0x21, 0x04, 0x21, 0x04, 0x21, 0x05, 0x21, 0x04, 0x21,
    0x04, 0x21, 0xe4, 0x20, 0x04, 0x19, 0xe4, 0x20, 0xe4, 0x20, 0xe3, 0x18,
    0xe4, 0x20, 0xe4, 0x18, 0xe4, 0x18, 0xe3, 0x18, 0xc4, 0x18, 0xe4, 0x18,
    0xc3, 0x18, 0xc3, 0x18, 0xc3, 0x18, 0xc3, 0x18, 0xc3, 0x18, 0xc3, 0x18,
    0xa3, 0x18, 0xc3, 0x10, 0xa3, 0x18, 0xa3, 0x10, 0xc2, 0x18, 0xa3, 0x18,
    0xa3, 0x10, 0xa2, 0x10, 0x82, 0x10, 0xa3, 0x10, 0x82, 0x10, 0x42, 0x10,
    0xa3, 0x10, 0x2d, 0x63, 0xf4, 0xa4, 0xb7, 0xbd, 0xd7, 0xbd, 0x96, 0xb5,
    0x76, 0xb5, 0x96, 0xb5, 0x96, 0xb5, 0xf4, 0xa4, 0xaf, 0x32, 0x0e, 0x12,
    0x2e, 0x1a, 0x0d, 0x1a, 0x0d, 0x22, 0xad, 0x42, 0x2e, 0x63, 0x8f, 0x6b,
    0xaf, 0x73, 0xaf, 0x73, 0x4d, 0x6b, 0x29, 0x4a, 0xa3, 0x10, 0x41, 0x08,
    0x62, 0x08, 0x62, 0x10, 0x62, 0x08, 0x61, 0x08, 0x61, 0x10, 0x82, 0x10,
    0x82, 0x10, 0x82, 0x10, 0x82, 0x10, 0x62, 0x10, 0x41, 0x08, 0x41, 0x08,
    0x41, 0x08, 0x42, 0x08, 0x41, 0x08, 0x41, 0x08, 0x61, 0x08, 0x61, 0x08,
    0x42, 0x08, 0x41, 0x08, 0x41, 0x10, 0x41, 0x08, 0x62, 0x08, 0x41, 0x08,
    0x34, 0xa5, 0x14, 0xa5, 0x34, 0xa5, 0x35, 0xad, 0x34, 0xa5, 0x14, 0xa5,
    0x35, 0xad, 0x35, 0xad, 0x35, 0xad, 0x14, 0xa5, 0x34, 0xa5, 0x34, 0xa5,
    0x34, 0xa5, 0x35, 0xad, 0x34, 0xa5, 0x14, 0xa5, 0x34, 0xa5, 0x34, 0xa5,
    0x14, 0xa5, 0x35, 0xad, 0x35, 0xad, 0x15, 0xad, 0x15, 0xad, 0x35, 0xad,
    0x34, 0xa5, 0x34, 0xa5, 0x35, 0xad, 0x34, 0xa5, 0x35, 0xad, 0x15, 0xad,
    0x35, 0xa5, 0x34, 0xa5, 0x34, 0xad, 0x34, 0xad, 0x35, 0xad, 0xf4, 0xa4,
    0x08, 0x42, 0x00, 0x00, 0x00, 0x00, 0xa3, 0x18, 0xc7, 0x39, 0xc7, 0x39,
    0x04, 0x21, 0xe7, 0x39, 0xe7, 0x39, 0xe8, 0x41, 0xe8, 0x39, 0xc7, 0x39,
    0xe8, 0x39, 0xe7, 0x39, 0xa3, 0x18, 0x21, 0x00, 0x20, 0x00, 0xa3, 0x18,
    0xc7, 0x39, 0xc7, 0x39, 0xc7, 0x39, 0xc7, 0x39, 0xa7, 0x39, 0xa7, 0x39,
    0xa7, 0x31, 0xc7, 0x39, 0xa7, 0x39, 0xa7, 0x39, 0xc6, 0x39, 0x24, 0x21,
    0x62, 0x10, 0xe4, 0x20, 0x72, 0x8c, 0x76, 0xad, 0x18, 0xc6, 0xd7, 0xbd,
    0x55, 0xad, 0x72, 0x8c, 0x04, 0x21, 0x82, 0x10, 0x8b, 0x52, 0x76, 0xad,
    0x18, 0xc6, 0xd6, 0xc5, 0x96, 0xb5, 0x76, 0xb5, 0xb3, 0x9c, 0x45, 0x29,
    0xe8, 0x41, 0x35, 0xad, 0xf8, 0xc5, 0x8e, 0x73, 0x24, 0x21, 0x82, 0x10,
    0xa3, 0x10, 0xe8, 0x41, 0xb3, 0x9c, 0xc7, 0x39, 0x66, 0x31, 0xd3, 0x9c,
    0x29, 0x4a, 0x04, 0x21, 0x04, 0x21, 0x04, 0x21, 0x04, 0x21, 0x04, 0x21,
    0x04, 0x21, 0xe4, 0x20, 0xe4, 0x18, 0xe4, 0x20, 0xe3, 0x20, 0xe4, 0x18,
    0xe4, 0x18, 0xe4, 0x20, 0xe3, 0x18, 0xc3, 0x20, 0xc3, 0x18, 0xc3, 0x18,
    0xc3, 0x20, 0xc4, 0x18, 0xc3, 0x18, 0xc3, 0x18, 0xc3, 0x18, 0xc3, 0x18,
    0xa3, 0x10, 0xa3, 0x18, 0xa3, 0x10, 0xa3, 0x18, 0xa3, 0x10, 0xa2, 0x10,
    0xa3, 0x18, 0xa3, 0x10, 0x83, 0x10, 0xa2, 0x10, 0x82, 0x10, 0x82, 0x10,
    0x41, 0x08, 0xa7, 0x31, 0x11, 0x84, 0x15, 0xa5, 0x96, 0xb5, 0x96, 0xb5,
    0x76, 0xb5, 0x96, 0xb5, 0x56, 0xb5, 0xb1, 0x6b, 0x0d, 0x12, 0x2e, 0x1a,
    0x2e, 0x22, 0x2e, 0x1a, 0x0d, 0x1a, 0x2d, 0x2a, 0xcd, 0x4a, 0x0d, 0x5b,
    0x4d, 0x6b, 0x4d, 0x6b, 0x6a, 0x52, 0x04, 0x21, 0x41, 0x08, 0x62, 0x08,
    0x61, 0x10, 0x62, 0x10, 0x61, 0x08, 0x62, 0x08, 0x62, 0x08, 0x82, 0x10,
    0xa2, 0x10, 0xa2, 0x10, 0x82, 0x10, 0x82, 0x10, 0x62, 0x08, 0x41, 0x08,
    0x41, 0x08, 0x42, 0x08, 0x61, 0x08, 0x41, 0x08, 0x41, 0x08, 0x42, 0x10,
    0x41, 0x08, 0x61, 0x08, 0x41, 0x08, 0x42, 0x08, 0x61, 0x08, 0x41, 0x10,
    0x34, 0xa5, 0x35, 0xad, 0x35, 0xad, 0x34, 0xa5, 0x15, 0xad, 0x34, 0xa5,
    0x34, 0xa5, 0x34, 0xa5, 0x14, 0xa5, 0x35, 0xad, 0x14, 0xa5, 0x35, 0xad,
    0x35, 0xad, 0x15, 0xad, 0x34, 0xa5, 0x14, 0xa5, 0x35, 0xad, 0x34, 0xa5,
    0x35, 0xad, 0x35, 0xad, 0x34, 0xa5, 0x34, 0xa5, 0x34, 0xa5, 0x14, 0xa5,
    0x35, 0xad, 0x34, 0xa5, 0x14, 0xa5, 0x14, 0xa5, 0x34, 0xa5, 0x34, 0xad,
    0x34, 0xad, 0x35, 0xad, 0x35, 0xa5, 0x34, 0xa5, 0x35, 0xad, 0x31, 0x8c,
    0xc3, 0x18, 0x00, 0x00, 0x21, 0x00, 0x45, 0x29, 0x08, 0x42, 0x66, 0x31,
    0x62, 0x08, 0xa6, 0x31, 0xe8, 0x41, 0xe7, 0x39, 0xe7, 0x41, 0xe8, 0x41,
    0xe7, 0x39, 0xe8, 0x41, 0x25, 0x29, 0x00, 0x00, 0x21, 0x08, 0x41, 0x08,
    0x86, 0x31, 0xc7, 0x39, 0xc7, 0x39, 0xc7, 0x39, 0xc7, 0x39, 0xa7, 0x39,
    0xc7, 0x39, 0xa6, 0x31, 0xa6, 0x31, 0xa6, 0x39, 0xc7, 0x39, 0x86, 0x31,
    0x82, 0x10, 0xa3, 0x10, 0x0d, 0x63, 0xd8, 0xbd, 0xf8, 0xbd, 0x76, 0xad,
    0x76, 0xb5, 0x76, 0xad, 0x49, 0x4a, 0x62, 0x10, 0x66, 0x29, 0xd3, 0x9c,
    0x19, 0xc6, 0x75, 0xbd, 0x96, 0xb5, 0xd8, 0xbd, 0x6e, 0x73, 0x45, 0x29,
    0x66, 0x29, 0x11, 0x8c, 0x76, 0xb5, 0xe7, 0x39, 0xe4, 0x20, 0x62, 0x08,
    0xe4, 0x20, 0xf0, 0x83, 0xb7, 0xb5, 0x4d, 0x6b, 0x25, 0x21, 0x08, 0x42,
    0x04, 0x21, 0x24, 0x21, 0x04, 0x21, 0x04, 0x21, 0x04, 0x21, 0x04, 0x21,
    0xe4, 0x20, 0x04, 0x19, 0xe4, 0x18, 0xe3, 0x18, 0xe4, 0x20, 0xe3, 0x18,
    0xe4, 0x18, 0xe3, 0x18, 0xe3, 0x18, 0xc3, 0x18, 0xe4, 0x18, 0xc3, 0x18,
    0xc3, 0x18, 0xc3, 0x18, 0xc3, 0x18, 0xc3, 0x18, 0xc3, 0x18, 0xa3, 0x18,
    0xc3, 0x10, 0xa3, 0x18, 0xa3, 0x18, 0xa3, 0x18, 0xa2, 0x10, 0xa3, 0x10,
    0xa2, 0x10, 0xa2, 0x10, 0x83, 0x18, 0x82, 0x10, 0x82, 0x10, 0x82, 0x10,
    0x42, 0x08, 0x82, 0x10, 0xec, 0x5a, 0x93, 0x94, 0x35, 0xa5, 0x56, 0xad,
    0x76, 0xad, 0x75, 0xb5, 0x93, 0x94, 0x4e, 0x2a, 0x2e, 0x22, 0xcf, 0x42,
    0x6e, 0x2a, 0x0e, 0x1a, 0x2e, 0x1a, 0x0d, 0x1a, 0x4d, 0x32, 0xad, 0x4a,
    0xed, 0x5a, 0xcb, 0x5a, 0xa7, 0x31, 0x61, 0x08, 0x41, 0x08, 0x61, 0x08,
    0x62, 0x08, 0x61, 0x08, 0x62, 0x10, 0x62, 0x10, 0x62, 0x10, 0x82, 0x10,
    0xa3, 0x10, 0xa3, 0x18, 0x82, 0x10, 0x82, 0x10, 0x62, 0x10, 0x62, 0x08,
    0x41, 0x08, 0x61, 0x08, 0x41, 0x10, 0x42, 0x08, 0x41, 0x08, 0x41, 0x08,
    0x41, 0x08, 0x41, 0x08, 0x62, 0x08, 0x41, 0x08, 0x41, 0x08, 0x41, 0x08,
    0x34, 0xa5, 0x15, 0xad, 0x34, 0xa5, 0x34, 0xa5, 0x14, 0xa5, 0x35, 0xad,
    0x35, 0xad, 0x14, 0xa5, 0x34, 0xa5, 0x34, 0xa5, 0x35, 0xad, 0x34, 0xa5,
    0x14, 0xa5, 0x34, 0xa5, 0x34, 0xa5, 0x35, 0xad, 0x35, 0xad, 0x35, 0xad,
    0x14, 0xa5, 0x34, 0xa5, 0x14, 0xa5, 0x34, 0xa5, 0x34, 0xa5, 0x34, 0xa5,
    0x14, 0xa5, 0x35, 0xad, 0x35, 0xad, 0x35, 0xad, 0x34, 0xa5, 0x35, 0xa5,
    0x34, 0xa5, 0x14, 0xa5, 0x14, 0xa5, 0x35, 0xad, 0x34, 0xa5, 0xcb, 0x5a,
    0x20, 0x00, 0x00, 0x00, 0x82, 0x10, 0xa7, 0x39, 0xe8, 0x39, 0xe3, 0x20,
    0x82, 0x10, 0xc7, 0x39, 0xe8, 0x41, 0xe7, 0x39, 0xe7, 0x39, 0xc7, 0x39,
    0xc7, 0x39, 0xe7, 0x41, 0xa6, 0x31, 0x41, 0x08, 0x21, 0x08, 0x21, 0x00,
    0x24, 0x21, 0xc7, 0x39, 0xc7, 0x39, 0xc7, 0x39, 0xc7, 0x39, 0xa7, 0x39,
    0xc6, 0x39, 0xc7, 0x31, 0xa7, 0x39, 0xa7, 0x31, 0xa7, 0x31, 0xa6, 0x31,
    0xc3, 0x18, 0x82, 0x10, 0xa7, 0x31, 0x35, 0xa5, 0xb7, 0xb5, 0x35, 0xad,
    0x76, 0xb5, 0x96, 0xb5, 0xcf, 0x7b, 0xa3, 0x18, 0xc3, 0x18, 0x2d, 0x63,
    0x76, 0xad, 0x76, 0xad, 0x96, 0xb5, 0x55, 0xad, 0xe7, 0x39, 0x65, 0x29,
    0x45, 0x29, 0xcb, 0x5a, 0x6e, 0x73, 0x25, 0x29, 0xa3, 0x10, 0x82, 0x10,
    0xe7, 0x39, 0x76, 0xb5, 0x97, 0xb5, 0x92, 0x94, 0xc7, 0x39, 0xe4, 0x20,
    0x25, 0x21, 0x04, 0x21, 0x04, 0x21, 0x05, 0x21, 0x04, 0x21, 0x04, 0x21,
    0xe4, 0x20, 0xe4, 0x18, 0xe4, 0x20, 0x04, 0x21, 0xe3, 0x18, 0xe4, 0x18,
    0xe3, 0x20, 0xe3, 0x20, 0xc4, 0x18, 0xc4, 0x18, 0xe4, 0x18, 0xc3, 0x18,
    0xc4, 0x18, 0xc3, 0x18, 0xc3, 0x18, 0xc3, 0x18, 0xa3, 0x10, 0xa3, 0x10,
    0xa3, 0x18, 0xa3, 0x10, 0xa3, 0x10, 0xa2, 0x10, 0xa2, 0x18, 0xa3, 0x10,
    0xa3, 0x18, 0xa2, 0x10, 0x82, 0x10, 0xa3, 0x10, 0x82, 0x10, 0x82, 0x10,
    0x82, 0x10, 0x41, 0x08, 0x66, 0x29, 0xaf, 0x7b, 0x93, 0x94, 0x35, 0xad,
    0x55, 0xad, 0x14, 0xa5, 0x30, 0x53, 0x4e, 0x2a, 0x0f, 0x53, 0x30, 0x53,
    0xef, 0x4a, 0x4f, 0x22, 0x0e, 0x1a, 0x0d, 0x1a, 0x0d, 0x22, 0x6c, 0x3a,
    0x6c, 0x42, 0xe8, 0x39, 0xc3, 0x18, 0x41, 0x08, 0x41, 0x08, 0x41, 0x08,
    0x62, 0x08, 0x62, 0x10, 0x61, 0x08, 0x62, 0x08, 0x62, 0x10, 0x82, 0x10,
    0xa3, 0x18, 0xa3, 0x10, 0xa2, 0x10, 0x82, 0x10, 0x82, 0x10, 0x41, 0x08,
    0x41, 0x08, 0x41, 0x08, 0x42, 0x08, 0x41, 0x08, 0x61, 0x08, 0x62, 0x08,
    0x41, 0x08, 0x61, 0x10, 0x42, 0x08, 0x41, 0x08, 0x61, 0x10, 0x42, 0x08,
    0x34, 0xa5, 0x34, 0xa5, 0x14, 0xa5, 0x35, 0xad, 0x34, 0xa5, 0x34, 0xa5,
    0x15, 0xad, 0x34, 0xa5, 0x35, 0xad, 0x35, 0xad, 0x34, 0xa5, 0x14, 0xa5,
    0x35, 0xad, 0x34, 0xa5, 0x34, 0xa5, 0x34, 0xa5, 0x34, 0xa5, 0x14, 0xa5,
    0x34, 0xa5, 0x34, 0xa5, 0x35, 0xad, 0x15, 0xad, 0x35, 0xad, 0x35, 0xad,
    0x35, 0xad, 0x14, 0xa5, 0x34, 0xa5, 0x34, 0xa5, 0x35, 0xad, 0x14, 0xa5,
    0x15, 0xa5, 0x34, 0xa5, 0x35, 0xad, 0x35, 0xad, 0xb3, 0x9c, 0x45, 0x29,
    0x00, 0x00, 0x20, 0x00, 0xe4, 0x20, 0xe8, 0x41, 0xa6, 0x31, 0x82, 0x10,
    0x04, 0x21, 0x4d, 0x6b, 0x08, 0x42, 0xe8, 0x39, 0xe7, 0x39, 0xc8, 0x41,
    0xc8, 0x39, 0xe7, 0x41, 0xe8, 0x39, 0xa3, 0x10, 0x20, 0x00, 0x20, 0x00,
    0xa2, 0x10, 0xc7, 0x39, 0xc7, 0x39, 0xc7, 0x39, 0xa7, 0x39, 0xa7, 0x31,
    0xc7, 0x31, 0xa7, 0x39, 0xa7, 0x39, 0xa6, 0x39, 0xa6, 0x39, 0xa7, 0x39,
    0x45, 0x29, 0x82, 0x10, 0xc3, 0x18, 0xaf, 0x73, 0x35, 0xa5, 0x35, 0xad,
    0x76, 0xb5, 0x76, 0xad, 0xd3, 0x9c, 0x86, 0x31, 0x82, 0x10, 0xc7, 0x39,
    0xb3, 0x94, 0x55, 0xad, 0xb7, 0xbd, 0x8e, 0x7b, 0x45, 0x29, 0x66, 0x31,
    0x65, 0x29, 0x86, 0x31, 0x86, 0x31, 0x04, 0x21, 0x62, 0x08, 0xe4, 0x20,
    0xaf, 0x7b, 0xd7, 0xbd, 0x96, 0xb5, 0x55, 0xad, 0xcb, 0x52, 0x04, 0x21,
    0x04, 0x21, 0x04, 0x21, 0x04, 0x21, 0x04, 0x21, 0x04, 0x21, 0xe4, 0x20,
    0x04, 0x19, 0xe4, 0x20, 0xe4, 0x20, 0xe3, 0x20, 0xe4, 0x18, 0xe4, 0x18,
    0xe3, 0x20, 0xe4, 0x18, 0xc3, 0x18, 0xe3, 0x18, 0xc3, 0x18, 0xc3, 0x18,
    0xc3, 0x18, 0xc3, 0x18, 0xc3, 0x18, 0xc3, 0x18, 0xa3, 0x18, 0xc3, 0x10,
    0xc3, 0x18, 0xa2, 0x10, 0xa3, 0x18, 0xa3, 0x10, 0xa2, 0x10, 0xa3, 0x18,
    0xa3, 0x18, 0x83, 0x10, 0x82, 0x10, 0xa2, 0x10, 0x82, 0x10, 0x82, 0x10,
    0x82, 0x10, 0x62, 0x08, 0x62, 0x08, 0x8a, 0x52, 0x31, 0x8c, 0xd3, 0x9c,
    0x35, 0xad, 0x32, 0x84, 0x4d, 0x3a, 0x8d, 0x42, 0x50, 0x5b, 0x71, 0x63,
    0x71, 0x5b, 0x8f, 0x32, 0x2e, 0x1a, 0x6e, 0x2a, 0x0d, 0x1a, 0x0c, 0x22,
    0xaa, 0x21, 0x07, 0x11, 0x83, 0x08, 0x21, 0x08, 0x41, 0x08, 0x41, 0x08,
    0x41, 0x08, 0x61, 0x08, 0x62, 0x10, 0x62, 0x10, 0x82, 0x10, 0xa2, 0x10,
    0xa3, 0x10, 0xa3, 0x18, 0xa2, 0x10, 0x83, 0x10, 0x62, 0x10, 0x61, 0x08,
    0x41, 0x08, 0x42, 0x08, 0x61, 0x08, 0x41, 0x08, 0x41, 0x08, 0x41, 0x08,
    0x42, 0x08, 0x41, 0x08, 0x41, 0x08, 0x41, 0x08, 0x41, 0x08, 0x42, 0x08,
    0x34, 0xa5, 0x15, 0xad, 0x35, 0xad, 0x34, 0xa5, 0x35, 0xad, 0x34, 0xa5,
    0x34, 0xa5, 0x34, 0xa5, 0x35, 0xad, 0x34, 0xa5, 0x14, 0xa5, 0x35, 0xad,
    0x34, 0xa5, 0x35, 0xad, 0x15, 0xad, 0x14, 0xa5, 0x34, 0xa5, 0x34, 0xa5,
    0x15, 0xad, 0x35, 0xad, 0x35, 0xad, 0x34, 0xa5, 0x14, 0xa5, 0x34, 0xa5,
    0x34, 0xa5, 0x34, 0xa5, 0x34, 0xa5, 0x14, 0xa5, 0x34, 0xa5, 0x34, 0xad,
    0x34, 0xad, 0x35, 0xad, 0x34, 0xa5, 0x35, 0xad, 0xae, 0x73, 0x61, 0x08,
    0x00, 0x00, 0x41, 0x08, 0x86, 0x31, 0x08, 0x42, 0x25, 0x21, 0x41, 0x08,
    0x29, 0x4a, 0x51, 0x8c, 0x49, 0x4a, 0xc7, 0x39, 0xe7, 0x41, 0xe8, 0x39,
    0xe7, 0x39, 0xe7, 0x39, 0xe8, 0x41, 0x25, 0x29, 0x00, 0x00, 0x21, 0x08,
    0x41, 0x08, 0x86, 0x31, 0xc7, 0x39, 0xc7, 0x39, 0xc7, 0x39, 0xa7, 0x39,
    0xc6, 0x39, 0xa7, 0x39, 0xa6, 0x31, 0xc7, 0x39, 0xa7, 0x31, 0xa6, 0x31,
    0x86, 0x31, 0xa3, 0x10, 0xa2, 0x10, 0x49, 0x4a, 0xb3, 0x94, 0x35, 0xad,
    0x76, 0xad, 0x35, 0xa5, 0x35, 0xa5, 0xec, 0x5a, 0x82, 0x10, 0x04, 0x21,
    0xaf, 0x73, 0x56, 0xad, 0x55, 0xad, 0xe8, 0x41, 0x45, 0x29, 0x66, 0x29,
    0x65, 0x29, 0x45, 0x29, 0x45, 0x29, 0x83, 0x18, 0x82, 0x10, 0xc7, 0x39,
    0x55, 0xb5, 0x97, 0xb5, 0x96, 0xb5, 0x97, 0xb5, 0xcb, 0x5a, 0xe4, 0x18,
    0x04, 0x21, 0x04, 0x21, 0x04, 0x21, 0x04, 0x21, 0x04, 0x21, 0xe4, 0x18,
    0xe4, 0x20, 0xe4, 0x18, 0xe3, 0x18, 0xe4, 0x18, 0xe3, 0x18, 0xe3, 0x20,
    0xe4, 0x18, 0xc4, 0x18, 0xc3, 0x18, 0xc3, 0x18, 0xc3, 0x18, 0xc3, 0x18,
    0xc3, 0x18, 0xc3, 0x18, 0xc3, 0x18, 0xa3, 0x18, 0xc3, 0x18, 0xa3, 0x18,
    0xa3, 0x18, 0xa3, 0x18, 0xa2, 0x10, 0xa3, 0x18, 0xa3, 0x10, 0xa2, 0x10,
    0xa2, 0x10, 0x82, 0x10, 0xa3, 0x10, 0x82, 0x10, 0x83, 0x18, 0x82, 0x10,
    0x82, 0x10, 0x62, 0x10, 0x41, 0x08, 0x25, 0x21, 0x4e, 0x6b, 0x72, 0x94,
    0x93, 0x94, 0x0e, 0x5b, 0xee, 0x52, 0x90, 0x63, 0xb1, 0x6b, 0x92, 0x63,
    0x30, 0x4b, 0x4e, 0x22, 0x6f, 0x32, 0xf0, 0x42, 0x8f, 0x3a, 0x0c, 0x1a,
    0xab, 0x19, 0x48, 0x11, 0xe5, 0x10, 0x42, 0x08, 0x41, 0x08, 0x41, 0x08,
    0x62, 0x08, 0x62, 0x10, 0x62, 0x10, 0x82, 0x10, 0x82, 0x10, 0x83, 0x10,
    0xa3, 0x10, 0xa3, 0x18, 0xa2, 0x10, 0x82, 0x10, 0x62, 0x10, 0x62, 0x08,
    0x41, 0x08, 0x41, 0x08, 0x41, 0x08, 0x41, 0x08, 0x62, 0x08, 0x41, 0x08,
    0x41, 0x08, 0x61, 0x08, 0x41, 0x08, 0x41, 0x08, 0x62, 0x08, 0x41, 0x08,
    0x34, 0xa5, 0x35, 0xad, 0x34, 0xa5, 0x34, 0xa5, 0x14, 0xa5, 0x35, 0xad,
    0x15, 0xad, 0x34, 0xa5, 0x14, 0xa5, 0x14, 0xa5, 0x34, 0xa5, 0x35, 0xad,
    0x34, 0xa5, 0x34, 0xa5, 0x35, 0xad, 0x35, 0xad, 0x15, 0xad, 0x35, 0xad,
    0x34, 0xa5, 0x34, 0xa5, 0x14, 0xa5, 0x34, 0xa5, 0x34, 0xa5, 0x34, 0xa5,
    0x15, 0xad, 0x35, 0xad, 0x35, 0xad, 0x35, 0xad, 0x15, 0xad, 0x35, 0xa5,
    0x34, 0xa5, 0x34, 0xa5, 0x34, 0xad, 0x14, 0xa5, 0x08, 0x42, 0x00, 0x00,
    0x00, 0x00, 0xc3, 0x18, 0xe7, 0x39, 0xc7, 0x39, 0x82, 0x10, 0x82, 0x10,
    0xaf, 0x7b, 0x51, 0x8c, 0x69, 0x4a, 0xe7, 0x39, 0xe8, 0x39, 0xe7, 0x41,
    0xc7, 0x39, 0xc7, 0x39, 0xc7, 0x41, 0xa6, 0x31, 0x41, 0x08, 0x21, 0x00,
    0x41, 0x08, 0x86, 0x31, 0xc7, 0x39, 0xc7, 0x39, 0xa7, 0x39, 0xa7, 0x39,
    0xc7, 0x39, 0xa6, 0x31, 0xa7, 0x39, 0xa7, 0x31, 0xa6, 0x31, 0xa6, 0x39,
    0xa7, 0x31, 0xe4, 0x20, 0x82, 0x10, 0x25, 0x29, 0x31, 0x8c, 0x15, 0xad,
    0x96, 0xb5, 0x35, 0xa5, 0x35, 0xad, 0x52, 0x8c, 0x04, 0x21, 0xa3, 0x10,
    0x6a, 0x4a, 0x55, 0xad, 0x8f, 0x73, 0x25, 0x29, 0x65, 0x29, 0x66, 0x29,
    0x45, 0x29, 0x65, 0x29, 0x25, 0x21, 0x61, 0x08, 0xa3, 0x10, 0x8e, 0x73,
    0xd8, 0xbd, 0xb7, 0xbd, 0xb7, 0xb5, 0xb7, 0xb5, 0xf0, 0x83, 0x25, 0x29,
    0x04, 0x21, 0x04, 0x21, 0x04, 0x21, 0x04, 0x21, 0xe4, 0x20, 0x04, 0x19,
    0xe4, 0x20, 0xe4, 0x20, 0xe3, 0x20, 0xe4, 0x18, 0xe3, 0x20, 0xe4, 0x18,
    0xc3, 0x18, 0xc3, 0x20, 0xe4, 0x18, 0xc4, 0x18, 0xc3, 0x18, 0xc3, 0x18,
    0xc3, 0x18, 0xc3, 0x18, 0xa3, 0x18, 0xa3, 0x10, 0xa3, 0x10, 0xa3, 0x18,
    0xa3, 0x10, 0xa3, 0x10, 0xa3, 0x10, 0xa2, 0x10, 0xa3, 0x18, 0xa2, 0x10,
    0x83, 0x10, 0x82, 0x10, 0xa2, 0x10, 0x83, 0x10, 0x82, 0x10, 0xa2, 0x10,
    0x83, 0x10, 0x62, 0x10, 0x62, 0x08, 0x41, 0x08, 0x08, 0x42, 0x8f, 0x73,
    0x0e, 0x5b, 0xce, 0x4a, 0xb1, 0x6b, 0xd0, 0x73, 0x10, 0x53, 0x10, 0x53,
    0x4e, 0x22, 0x4e, 0x22, 0x51, 0x5b, 0x94, 0x8c, 0x33, 0x7c, 0x4e, 0x2a,
    0xec, 0x19, 0x89, 0x19, 0x26, 0x21, 0xa3, 0x10, 0x41, 0x08, 0x61, 0x08,
    0x62, 0x08, 0x62, 0x10, 0x82, 0x10, 0x82, 0x10, 0x82, 0x10, 0x82, 0x10,
    0x83, 0x10, 0xa3, 0x10, 0xa2, 0x18, 0x82, 0x10, 0x62, 0x10, 0x41, 0x08,
    0x41, 0x08, 0x41, 0x08, 0x41, 0x08, 0x41, 0x08, 0x42, 0x08, 0x41, 0x08,
    0x41, 0x08, 0x62, 0x08, 0x42, 0x08, 0x41, 0x08, 0x61, 0x08, 0x41, 0x08,
    0x34, 0xa5, 0x14, 0xa5, 0x34, 0xa5, 0x35, 0xad, 0x14, 0xa5, 0x34, 0xa5,
    0x34, 0xa5, 0x35, 0xad, 0x35, 0xad, 0x34, 0xa5, 0x35, 0xad, 0x34, 0xa5,
    0x15, 0xad, 0x14, 0xa5, 0x34, 0xa5, 0x34, 0xa5, 0x34, 0xa5, 0x34, 0xa5,
    0x34, 0xa5, 0x14, 0xa5, 0x35, 0xad, 0x34, 0xa5, 0x35, 0xad, 0x35, 0xad,
    0x34, 0xa5, 0x14, 0xa5, 0x34, 0xa5, 0x34, 0xa5, 0x34, 0xa5, 0x14, 0xa5,
    0x35, 0xa5, 0x35, 0xa5, 0x35, 0xad, 0x31, 0x8c, 0xc3, 0x18, 0x00, 0x00,
    0x21, 0x08, 0x45, 0x29, 0x08, 0x42, 0x66, 0x31, 0x20, 0x00, 0x04, 0x21,
    0xb3, 0x94, 0xb3, 0x94, 0xec, 0x5a, 0xc7, 0x39, 0xe7, 0x39, 0xc8, 0x39,
    0xc7, 0x39, 0xe7, 0x41, 0xe8, 0x39, 0x66, 0x31, 0x21, 0x08, 0x20, 0x00,
    0xc3, 0x18, 0xc7, 0x39, 0xc7, 0x39, 0xc7, 0x39, 0xc7, 0x31, 0xa7, 0x31,
    0xa6, 0x39, 0xa6, 0x31, 0xa7, 0x39, 0xa6, 0x31, 0xa6, 0x39, 0xa7, 0x39,
    0xa7, 0x39, 0x45, 0x29, 0x82, 0x10, 0xc3, 0x18, 0x2d, 0x63, 0x15, 0xad,
    0xb7, 0xb5, 0x56, 0xad, 0x55, 0xa5, 0x56, 0xad, 0x49, 0x4a, 0x62, 0x10,
    0x66, 0x31, 0x10, 0x84, 0x86, 0x31, 0x25, 0x21, 0x66, 0x29, 0x65, 0x31,
    0x45, 0x31, 0x45, 0x29, 0xa3, 0x18, 0x41, 0x08, 0x25, 0x29, 0x14, 0xa5,
    0xd7, 0xbd, 0xd7, 0xb5, 0xb7, 0xb5, 0xb7, 0xbd, 0x35, 0xa5, 0x49, 0x4a,
    0xe4, 0x18, 0x04, 0x21, 0x04, 0x21, 0xe4, 0x18, 0x04, 0x21, 0xe4, 0x18,
    0xe4, 0x18, 0xe3, 0x18, 0xe3, 0x18, 0xe4, 0x18, 0xe4, 0x18, 0xc4, 0x20,
    0xc3, 0x18, 0xe3, 0x18, 0xc3, 0x18, 0xc3, 0x18, 0xc3, 0x18, 0xc3, 0x18,
    0xc3, 0x18, 0xc3, 0x18, 0xa3, 0x18, 0xc3, 0x10, 0xa3, 0x18, 0xa2, 0x10,
    0xa3, 0x10, 0xa2, 0x10, 0xa2, 0x18, 0xa3, 0x10, 0xa2, 0x10, 0x83, 0x10,
    0x82, 0x18, 0xa2, 0x10, 0x83, 0x10, 0x82, 0x18, 0x82, 0x10, 0x82, 0x10,
    0x82, 0x10, 0x82, 0x10, 0x62, 0x08, 0x21, 0x08, 0xc3, 0x18, 0xe9, 0x39,
    0x2b, 0x32, 0xee, 0x52, 0xf0, 0x7b, 0xd1, 0x73, 0x91, 0x63, 0x50, 0x5b,
    0x70, 0x2a, 0xf0, 0x42, 0xf5, 0x9c, 0x76, 0xad, 0x94, 0x8c, 0xaf, 0x42,
    0xec, 0x21, 0xa9, 0x21, 0x67, 0x21, 0x25, 0x21, 0x82, 0x10, 0x41, 0x08,
    0x62, 0x08, 0x82, 0x10, 0x82, 0x10, 0x62, 0x08, 0x82, 0x10, 0x82, 0x10,
    0x82, 0x10, 0xa3, 0x10, 0x82, 0x10, 0x82, 0x10, 0xc4, 0x18, 0xc3, 0x18,
    0x62, 0x10, 0x41, 0x08, 0x41, 0x08, 0x41, 0x08, 0x41, 0x08, 0x41, 0x08,
    0x41, 0x08, 0x41, 0x08, 0x41, 0x08, 0x41, 0x08, 0x42, 0x08, 0x41, 0x08,
    0x34, 0xa5, 0x35, 0xad, 0x15, 0xad, 0x34, 0xa5, 0x35, 0xad, 0x34, 0xa5,
    0x35, 0xad, 0x14, 0xa5, 0x34, 0xa5, 0x35, 0xad, 0x34, 0xa5, 0x14, 0xa5,
    0x34, 0xa5, 0x35, 0xad, 0x14, 0xa5, 0x34, 0xa5, 0x34, 0xa5, 0x35, 0xad,
    0x15, 0xad, 0x35, 0xad, 0x34, 0xa5, 0x35, 0xad, 0x15, 0xad, 0x14, 0xa5,
    0x34, 0xa5, 0x34, 0xa5, 0x14, 0xa5, 0x35, 0xad, 0x34, 0xa5, 0x34, 0xad,
    0x14, 0xad, 0x34, 0xad, 0x35, 0xa5, 0xeb, 0x5a, 0x20, 0x00, 0x00, 0x00,
    0x82, 0x10, 0xa7, 0x39, 0xe8, 0x41, 0xe3, 0x18, 0x00, 0x00, 0xa3, 0x18,
    0x72, 0x8c, 0xf4, 0x9c, 0x72, 0x8c, 0x29, 0x4a, 0xc7, 0x39, 0xe7, 0x39,
    0xc7, 0x39, 0xe8, 0x39, 0xc7, 0x39, 0xe4, 0x20, 0x20, 0x00, 0x21, 0x08,
    0x45, 0x29, 0xc7, 0x39, 0xc7, 0x39, 0xc7, 0x39, 0xa6, 0x39, 0xc7, 0x39,
    0xa7, 0x31, 0xa7, 0x39, 0xa7, 0x31, 0xa7, 0x39, 0xa6, 0x39, 0xa7, 0x31,
    0xa6, 0x31, 0x86, 0x31, 0xa3, 0x18, 0xa3, 0x10, 0xe8, 0x39, 0x14, 0xa5,
    0x76, 0xad, 0x96, 0xad, 0x97, 0xb5, 0x97, 0xb5, 0x29, 0x42, 0x62, 0x10,
    0xa2, 0x10, 0x04, 0x21, 0x62, 0x08, 0x04, 0x21, 0x65, 0x31, 0x46, 0x29,
    0x65, 0x29, 0x05, 0x21, 0x42, 0x08, 0x41, 0x08, 0x86, 0x31, 0x15, 0xa5,
    0xd7, 0xbd, 0x76, 0xad, 0xf8, 0xbd, 0x19, 0xc6, 0xd8, 0xbd, 0x8e, 0x73,
    0x04, 0x21, 0x04, 0x21, 0x04, 0x21, 0xe4, 0x20, 0xe4, 0x18, 0x04, 0x21,
    0xe3, 0x20, 0xe3, 0x18, 0xe4, 0x20, 0xe3, 0x18, 0xe3, 0x18, 0xc3, 0x18,
    0xe4, 0x18, 0xe4, 0x18, 0xc3, 0x18, 0xc3, 0x18, 0xc3, 0x18, 0xc3, 0x18,
    0xc3, 0x18, 0xa3, 0x18, 0xc3, 0x18, 0xa3, 0x10, 0xa3, 0x18, 0xa3, 0x18,
    0xa3, 0x18, 0xa2, 0x18, 0xa3, 0x10, 0xa3, 0x18, 0xa2, 0x10, 0x83, 0x10,
    0xa3, 0x10, 0xa2, 0x10, 0x83, 0x10, 0x82, 0x10, 0xa2, 0x10, 0x82, 0x10,
    0x82, 0x10, 0x82, 0x10, 0x62, 0x10, 0x41, 0x08, 0x62, 0x08, 0x0b, 0x32,
    0x0f, 0x53, 0xf1, 0x73, 0x94, 0x8c, 0xf3, 0x6b, 0xd1, 0x6b, 0x11, 0x4b,
    0x90, 0x2a, 0x13, 0x74, 0xb7, 0xbd, 0x76, 0xb5, 0x91, 0x63, 0x4e, 0x22,
    0xcb, 0x19, 0xca, 0x29, 0xc9, 0x29, 0x46, 0x21, 0x82, 0x10, 0x61, 0x08,
    0x62, 0x10, 0x82, 0x10, 0x82, 0x10, 0x62, 0x10, 0x62, 0x08, 0x82, 0x10,
    0x82, 0x10, 0xe4, 0x18, 0x86, 0x31, 0x29, 0x4a, 0x8a, 0x52, 0x49, 0x4a,
    0xe7, 0x41, 0x66, 0x29, 0xa3, 0x18, 0x41, 0x08, 0x41, 0x08, 0x41, 0x08,
    0x41, 0x08, 0x41, 0x08, 0x41, 0x08, 0x41, 0x08, 0x41, 0x08, 0x42, 0x08,
    0x34, 0xa5, 0x15, 0xad, 0x34, 0xa5, 0x34, 0xa5, 0x34, 0xa5, 0x15, 0xad,
    0x34, 0xa5, 0x34, 0xa5, 0x14, 0xa5, 0x14, 0xa5, 0x35, 0xad, 0x35, 0xad,
    0x34, 0xa5, 0x34, 0xa5, 0x35, 0xad, 0x15, 0xad, 0x35, 0xad, 0x14, 0xa5,
    0x34, 0xa5, 0x34, 0xa5, 0x34, 0xa5, 0x14, 0xa5, 0x34, 0xa5, 0x34, 0xa5,
    0x35, 0xad, 0x35, 0xad, 0x35, 0xad, 0x14, 0xa5, 0x35, 0xad, 0x35, 0xa5,
    0x34, 0xa5, 0x35, 0xad, 0xb3, 0x9c, 0x66, 0x31, 0x00, 0x00, 0x20, 0x00,
    0x04, 0x21, 0xe8, 0x41, 0xa6, 0x31, 0x82, 0x10, 0x62, 0x08, 0x00, 0x00,
    0x8e, 0x73, 0x35, 0xa5, 0x76, 0xb5, 0x4d, 0x6b, 0xc7, 0x39, 0xe7, 0x39,
    0xc7, 0x41, 0xe7, 0x39, 0xa7, 0x39, 0x61, 0x10, 0x00, 0x00, 0x82, 0x10,
    0xc7, 0x39, 0xc7, 0x39, 0xa7, 0x39, 0xc7, 0x39, 0xa7, 0x39, 0xc7, 0x39,
    0xa7, 0x39, 0xa6, 0x31, 0xa6, 0x39, 0xa6, 0x31, 0xa7, 0x31, 0xa6, 0x31,
    0xa6, 0x31, 0xa6, 0x39, 0x04, 0x21, 0x82, 0x10, 0x04, 0x21, 0x52, 0x8c,
    0x56, 0xad, 0xd7, 0xbd, 0x59, 0xce, 0xb3, 0x94, 0x45, 0x29, 0x61, 0x08,
    0x21, 0x08, 0x21, 0x00, 0x41, 0x08, 0xc3, 0x18, 0x45, 0x29, 0x45, 0x29,
    0x65, 0x29, 0x04, 0x21, 0x41, 0x08, 0x41, 0x08, 0x82, 0x10, 0x10, 0x84,
    0xb7, 0xb5, 0x97, 0xad, 0x59, 0xce, 0x19, 0xc6, 0xd7, 0xbd, 0xb3, 0x94,
    0xc7, 0x39, 0xe3, 0x18, 0x04, 0x21, 0xe4, 0x20, 0xe4, 0x20, 0xe4, 0x18,
    0xe3, 0x20, 0xe4, 0x18, 0xe4, 0x18, 0xc3, 0x18, 0xc3, 0x20, 0xe4, 0x18,
    0xc3, 0x18, 0xc3, 0x18, 0xc4, 0x18, 0xc4, 0x18, 0xc3, 0x18, 0xc3, 0x18,
    0xa3, 0x18, 0xa3, 0x10, 0xa3, 0x18, 0xc3, 0x10, 0xa3, 0x18, 0xa3, 0x10,
    0xa2, 0x10, 0xa3, 0x10, 0xa3, 0x18, 0xa3, 0x10, 0x82, 0x10, 0x82, 0x18,
    0xa2, 0x10, 0x82, 0x10, 0x82, 0x10, 0x82, 0x10, 0x83, 0x10, 0x82, 0x10,
    0x82, 0x10, 0x82, 0x10, 0x62, 0x10, 0x41, 0x08, 0x07, 0x11, 0x6c, 0x3a,
    0xce, 0x4a, 0x8f, 0x73, 0x2f, 0x53, 0x70, 0x63, 0x70, 0x5b, 0x6f, 0x2a,
    0x71, 0x5b, 0x35, 0xa5, 0x97, 0xb5, 0x12, 0x74, 0x0e, 0x1a, 0xed, 0x11,
    0xaa, 0x19, 0xea, 0x29, 0xc9, 0x31, 0x05, 0x19, 0x62, 0x10, 0x62, 0x10,
    0x82, 0x10, 0x82, 0x10, 0x82, 0x10, 0x82, 0x10, 0x62, 0x10, 0x82, 0x10,
    0xc3, 0x18, 0xe8, 0x39, 0xec, 0x62, 0x6e, 0x6b, 0x6e, 0x6b, 0x2d, 0x6b,
    0xcb, 0x5a, 0x8a, 0x52, 0xe8, 0x41, 0xc3, 0x18, 0x21, 0x08, 0x41, 0x08,
    0x41, 0x08, 0x41, 0x08, 0x41, 0x08, 0x41, 0x08, 0x41, 0x08, 0x41, 0x08,
    0x34, 0xa5, 0x34, 0xa5, 0x34, 0xa5, 0x35, 0xad, 0x14, 0xa5, 0x34, 0xa5,
    0x35, 0xad, 0x35, 0xad, 0x35, 0xad, 0x34, 0xa5, 0x34, 0xa5, 0x14, 0xa5,
    0x35, 0xad, 0x35, 0xad, 0x34, 0xa5, 0x34, 0xa5, 0x34, 0xa5, 0x34, 0xa5,
    0x14, 0xa5, 0x35, 0xad, 0x15, 0xad, 0x34, 0xa5, 0x35, 0xad, 0x35, 0xad,
    0x14, 0xa5, 0x34, 0xa5, 0x34, 0xa5, 0x35, 0xad, 0x34, 0xa5, 0x14, 0xa5,
    0x35, 0xa5, 0x35, 0xad, 0xae, 0x73, 0x61, 0x08, 0x00, 0x00, 0x61, 0x08,
    0x86, 0x31, 0x08, 0x42, 0x05, 0x21, 0x61, 0x08, 0xe8, 0x39, 0xa2, 0x10,
    0xcb, 0x5a, 0x96, 0xb5, 0x55, 0xa5, 0x11, 0x84, 0xc7, 0x39, 0xc7, 0x39,
    0xe7, 0x39, 0xe8, 0x39, 0x24, 0x29, 0x21, 0x00, 0x20, 0x00, 0x25, 0x21,
    0xc7, 0x39, 0xc7, 0x39, 0xc7, 0x39, 0xc7, 0x39, 0xa7, 0x31, 0xa6, 0x31,
    0xa7, 0x39, 0xc6, 0x39, 0xa7, 0x31, 0xa6, 0x39, 0xa6, 0x31, 0xa7, 0x31,
    0x86, 0x39, 0xa7, 0x31, 0x66, 0x29, 0x82, 0x10, 0xc3, 0x18, 0x0c, 0x63,
    0xb7, 0xb5, 0x39, 0xc6, 0x19, 0xc6, 0xcb, 0x5a, 0x04, 0x21, 0x61, 0x08,
    0x62, 0x10, 0x41, 0x08, 0x41, 0x08, 0xe4, 0x18, 0x66, 0x29, 0x45, 0x29,
    0x45, 0x29, 0xe8, 0x41, 0xe4, 0x20, 0x20, 0x00, 0x21, 0x08, 0x4a, 0x4a,
    0x76, 0xad, 0x18, 0xc6, 0x59, 0xce, 0xd6, 0xc5, 0xb7, 0xbd, 0x96, 0xb5,
    0x2d, 0x63, 0xe4, 0x20, 0xe4, 0x20, 0xe4, 0x18, 0xe3, 0x18, 0xe3, 0x20,
    0xe4, 0x18, 0xe4, 0x18, 0xe3, 0x18, 0xc4, 0x20, 0xc4, 0x18, 0xe3, 0x18,
    0xc3, 0x18, 0xc3, 0x18, 0xc3, 0x18, 0xc3, 0x18, 0xc3, 0x18, 0xc3, 0x18,
    0xa3, 0x18, 0xc3, 0x10, 0xa3, 0x10, 0xa2, 0x18, 0xa3, 0x10, 0xa2, 0x10,
    0xa3, 0x10, 0xa3, 0x10, 0xa2, 0x10, 0x82, 0x10, 0x82, 0x10, 0xa3, 0x10,
    0x82, 0x10, 0x83, 0x10, 0x82, 0x10, 0x82, 0x10, 0x83, 0x10, 0x82, 0x10,
    0x82, 0x10, 0x82, 0x10, 0x62, 0x08, 0xa3, 0x10, 0x4c, 0x3a, 0x2f, 0x5b,
    0x8f, 0x6b, 0x32, 0x7c, 0xd2, 0x6b, 0x94, 0x8c, 0x72, 0x53, 0xf0, 0x42,
    0x73, 0x84, 0xf5, 0x9c, 0x12, 0x7c, 0x6e, 0x32, 0x0d, 0x12, 0xcc, 0x19,
    0xca, 0x21, 0x0a, 0x32, 0x46, 0x21, 0x82, 0x10, 0x61, 0x08, 0x62, 0x10,
    0x82, 0x10, 0x82, 0x10, 0x82, 0x10, 0x82, 0x10, 0x82, 0x10, 0x82, 0x10,
    0x66, 0x31, 0x8a, 0x52, 0x2d, 0x6b, 0x6e, 0x73, 0x8e, 0x73, 0xaf, 0x7b,
    0x6e, 0x6b, 0x0c, 0x63, 0x8b, 0x52, 0xa7, 0x39, 0x61, 0x08, 0x20, 0x08,
    0x41, 0x08, 0x21, 0x08, 0x21, 0x08, 0x41, 0x08, 0x41, 0x08, 0x41, 0x08,
    0x34, 0xa5, 0x15, 0xad, 0x35, 0xad, 0x34, 0xa5, 0x15, 0xad, 0x34, 0xa5,
    0x34, 0xa5, 0x14, 0xa5, 0x34, 0xa5, 0x35, 0xad, 0x35, 0xad, 0x34, 0xa5,
    0x34, 0xa5, 0x14, 0xa5, 0x14, 0xa5, 0x34, 0xa5, 0x35, 0xad, 0x35, 0xad,
    0x35, 0xad, 0x34, 0xa5, 0x34, 0xa5, 0x35, 0xad, 0x34, 0xa5, 0x14, 0xa5,
    0x34, 0xa5, 0x34, 0xa5, 0x15, 0xad, 0x34, 0xa5, 0x34, 0xa5, 0x34, 0xad,
    0x35, 0xad, 0x14, 0xa5, 0x28, 0x42, 0x00, 0x00, 0x00, 0x00, 0xc3, 0x18,
    0xe7, 0x39, 0xc7, 0x39, 0x82, 0x10, 0xa3, 0x18, 0xaf, 0x7b, 0x29, 0x42,
    0x08, 0x42, 0x35, 0xa5, 0x14, 0xa5, 0xb3, 0x94, 0x49, 0x4a, 0xc7, 0x39,
    0xc7, 0x39, 0xc7, 0x39, 0x82, 0x10, 0x00, 0x00, 0x62, 0x10, 0xa6, 0x31,
    0xc7, 0x39, 0xc7, 0x39, 0xc7, 0x39, 0xa7, 0x31, 0xa6, 0x39, 0xa7, 0x39,
    0xc6, 0x31, 0xa7, 0x31, 0xa7, 0x31, 0xa7, 0x39, 0xa6, 0x39, 0xa6, 0x39,
    0x87, 0x31, 0xa6, 0x31, 0x66, 0x29, 0x62, 0x10, 0xa3, 0x18, 0x29, 0x42,
    0xd7, 0xbd, 0x7a, 0xce, 0xd4, 0x9c, 0x86, 0x31, 0xa3, 0x18, 0xa3, 0x18,
    0xc3, 0x18, 0x61, 0x08, 0x61, 0x08, 0x04, 0x21, 0x66, 0x31, 0x45, 0x29,
    0x66, 0x31, 0x92, 0x94, 0x49, 0x4a, 0x21, 0x00, 0x21, 0x00, 0xc3, 0x18,
    0xb3, 0x94, 0x59, 0xce, 0xf7, 0xc5, 0xb6, 0xc5, 0xb7, 0xbd, 0xb7, 0xbd,
    0x72, 0x94, 0x66, 0x29, 0xe3, 0x20, 0xe4, 0x20, 0xe4, 0x18, 0xe4, 0x18,
    0xe3, 0x18, 0xe3, 0x18, 0xc4, 0x20, 0xc3, 0x18, 0xe3, 0x18, 0xc3, 0x18,
    0xc4, 0x18, 0xe3, 0x18, 0xc3, 0x18, 0xc3, 0x18, 0xc3, 0x18, 0xa3, 0x18,
    0xc3, 0x10, 0xa3, 0x18, 0xa3, 0x18, 0xa3, 0x10, 0xa3, 0x18, 0xa3, 0x18,
    0xa2, 0x18, 0xa2, 0x18, 0xa3, 0x10, 0x82, 0x10, 0xa3, 0x18, 0xa2, 0x10,
    0x83, 0x10, 0x82, 0x10, 0xa2, 0x10, 0x82, 0x10, 0x82, 0x10, 0x82, 0x10,
    0x82, 0x10, 0x82, 0x10, 0x62, 0x08, 0x68, 0x19, 0xae, 0x4a, 0x0f, 0x53,
    0xf1, 0x7b, 0x71, 0x5b, 0x12, 0x7c, 0x51, 0x53, 0x11, 0x43, 0x53, 0x84,
    0xb4, 0x94, 0x33, 0x7c, 0x6e, 0x32, 0x2d, 0x22, 0xec, 0x19, 0xaa, 0x19,
    0xea, 0x31, 0xa8, 0x29, 0xc4, 0x18, 0x61, 0x10, 0x62, 0x08, 0x82, 0x10,
    0x82, 0x10, 0xa3, 0x10, 0x82, 0x10, 0xa3, 0x10, 0xa3, 0x18, 0x04, 0x21,
    0x29, 0x4a, 0x0c, 0x63, 0x6e, 0x6b, 0x6e, 0x73, 0x6e, 0x73, 0x8f, 0x73,
    0xae, 0x7b, 0x4d, 0x6b, 0xec, 0x62, 0x6a, 0x52, 0x45, 0x29, 0x21, 0x00,
    0x21, 0x00, 0x21, 0x08, 0x21, 0x08, 0x41, 0x08, 0x41, 0x00, 0x41, 0x08,
    0x34, 0xa5, 0x35, 0xad, 0x14, 0xa5, 0x34, 0xa5, 0x34, 0xa5, 0x35, 0xad,
    0x35, 0xad, 0x14, 0xa5, 0x34, 0xa5, 0x34, 0xa5, 0x14, 0xa5, 0x15, 0xad,
    0x34, 0xa5, 0x34, 0xa5, 0x35, 0xad, 0x35, 0xad, 0x14, 0xa5, 0x14, 0xa5,
    0x34, 0xa5, 0x34, 0xa5, 0x34, 0xa5, 0x14, 0xa5, 0x34, 0xa5, 0x34, 0xa5,
    0x35, 0xad, 0x35, 0xad, 0x34, 0xa5, 0x14, 0xa5, 0x35, 0xad, 0x15, 0xa5,
    0x35, 0xad, 0x51, 0x8c, 0xc3, 0x18, 0x00, 0x00, 0x21, 0x08, 0x45, 0x29,
    0x08, 0x42, 0x65, 0x29, 0x41, 0x08, 0xa7, 0x39, 0x72, 0x94, 0x4d, 0x6b,
    0xa7, 0x31, 0x51, 0x8c, 0x14, 0xa5, 0xf4, 0xa4, 0x0c, 0x63, 0xc7, 0x39,
    0xe7, 0x39, 0x45, 0x29, 0x21, 0x08, 0x20, 0x00, 0x04, 0x21, 0xc7, 0x39,
    0xc7, 0x39, 0xc7, 0x39, 0xa7, 0x39, 0xa7, 0x39, 0xc7, 0x39, 0xa7, 0x39,
    0xa7, 0x39, 0xa6, 0x39, 0xa6, 0x39, 0xa6, 0x31, 0xa7, 0x31, 0x87, 0x31,
    0x86, 0x31, 0xa6, 0x39, 0xe4, 0x20, 0x82, 0x10, 0xe3, 0x18, 0xf0, 0x83,
    0x55, 0xad, 0x19, 0xc6, 0x0c, 0x63, 0x24, 0x21, 0x62, 0x08, 0xe3, 0x18,
    0xa7, 0x39, 0x29, 0x4a, 0x82, 0x10, 0x45, 0x29, 0x65, 0x29, 0x25, 0x29,
    0xcb, 0x5a, 0xd8, 0xbd, 0xcf, 0x7b, 0x82, 0x10, 0x21, 0x08, 0x21, 0x08,
    0x0c, 0x63, 0xd7, 0xbd, 0xd8, 0xbd, 0xb6, 0xb5, 0xb7, 0xbd, 0xb7, 0xbd,
    0x35, 0xa5, 0x6a, 0x4a, 0xc3, 0x18, 0xe4, 0x20, 0xe3, 0x20, 0xe4, 0x18,
    0xe3, 0x20, 0xc4, 0x18, 0xe3, 0x18, 0xe3, 0x18, 0xe3, 0x18, 0xc4, 0x20,
    0xc3, 0x18, 0xc3, 0x18, 0xc4, 0x18, 0xc3, 0x18, 0xc3, 0x18, 0xa3, 0x18,
    0xa3, 0x10, 0xc3, 0x10, 0xa3, 0x18, 0xa3, 0x18, 0xa2, 0x10, 0xa2, 0x10,
    0xa3, 0x10, 0x83, 0x10, 0xa2, 0x10, 0x83, 0x18, 0x83, 0x10, 0xa2, 0x10,
    0x82, 0x10, 0x82, 0x10, 0x82, 0x10, 0x83, 0x10, 0x82, 0x10, 0x82, 0x10,
    0x82, 0x10, 0x62, 0x10, 0xc4, 0x10, 0x4c, 0x3a, 0xee, 0x52, 0x4e, 0x63,
    0xf1, 0x73, 0xf2, 0x73, 0x73, 0x84, 0xd2, 0x6b, 0xb2, 0x63, 0x53, 0x84,
    0x73, 0x8c, 0x53, 0x84, 0xcf, 0x4a, 0xec, 0x19, 0xab, 0x19, 0xca, 0x29,
    0xe9, 0x31, 0x25, 0x21, 0x62, 0x08, 0x61, 0x08, 0x62, 0x10, 0x82, 0x10,
    0x82, 0x10, 0xa3, 0x10, 0xa3, 0x18, 0xa3, 0x18, 0xc3, 0x18, 0xc7, 0x39,
    0xab, 0x5a, 0x4e, 0x6b, 0x8e, 0x73, 0x8e, 0x73, 0x8e, 0x73, 0x8e, 0x73,
    0xaf, 0x73, 0x8e, 0x73, 0x0c, 0x63, 0xcb, 0x5a, 0x28, 0x42, 0xc3, 0x18,
    0x20, 0x00, 0x20, 0x00, 0x21, 0x08, 0x20, 0x08, 0x21, 0x00, 0x41, 0x08,
    0x34, 0xa5, 0x14, 0xa5, 0x34, 0xa5, 0x35, 0xad, 0x34, 0xa5, 0x34, 0xa5,
    0x15, 0xad, 0x34, 0xa5, 0x35, 0xad, 0x35, 0xad, 0x34, 0xa5, 0x34, 0xa5,
    0x15, 0xad, 0x35, 0xad, 0x34, 0xa5, 0x34, 0xa5, 0x35, 0xad, 0x34, 0xa5,
    0x34, 0xa5, 0x15, 0xad, 0x15, 0xad, 0x35, 0xad, 0x35, 0xad, 0x15, 0xad,
    0x34, 0xa5, 0x34, 0xa5, 0x15, 0xad, 0x34, 0xa5, 0x34, 0xa5, 0x34, 0xad,
    0x34, 0xa5, 0xec, 0x62, 0x20, 0x00, 0x00, 0x00, 0x82, 0x10, 0xc7, 0x39,
    0xe8, 0x41, 0xc3, 0x18, 0x41, 0x08, 0xcb, 0x5a, 0x72, 0x8c, 0xcf, 0x73,
    0xc7, 0x39, 0x4d, 0x6b, 0x14, 0xa5, 0xf4, 0x9c, 0x4e, 0x6b, 0xc7, 0x39,
    0xc7, 0x39, 0xc3, 0x18, 0x00, 0x00, 0x41, 0x08, 0x86, 0x31, 0xc7, 0x39,
    0xc7, 0x39, 0xc7, 0x39, 0xa7, 0x39, 0xa7, 0x39, 0xc6, 0x31, 0xa7, 0x31,
    0xa6, 0x31, 0xc7, 0x31, 0xa7, 0x31, 0xa6, 0x31, 0xa6, 0x31, 0xa6, 0x31,
    0xa6, 0x31, 0x66, 0x31, 0x82, 0x10, 0xa3, 0x10, 0x08, 0x42, 0x76, 0xb5,
    0x14, 0xa5, 0xd4, 0x9c, 0xa6, 0x31, 0xc3, 0x18, 0xa2, 0x10, 0xc3, 0x18,
    0x11, 0x84, 0x31, 0x8c, 0x25, 0x21, 0x45, 0x29, 0x45, 0x29, 0x45, 0x29,
    0xb3, 0x9c, 0xd8, 0xbd, 0x14, 0xa5, 0x86, 0x31, 0x21, 0x00, 0x20, 0x00,
    0x45, 0x29, 0xf4, 0x9c, 0xb7, 0xbd, 0xb7, 0xb5, 0xb6, 0xbd, 0xb7, 0xbd,
    0x76, 0xad, 0xf0, 0x83, 0x25, 0x21, 0xe3, 0x18, 0xe4, 0x20, 0xe3, 0x18,
    0xe4, 0x18, 0xc3, 0x20, 0xc3, 0x18, 0xe4, 0x18, 0xc4, 0x18, 0xc3, 0x18,
    0xc3, 0x18, 0xc3, 0x18, 0xc3, 0x18, 0xc3, 0x18, 0xc3, 0x18, 0xa3, 0x18,
    0xa3, 0x10, 0xa3, 0x18, 0xa3, 0x10, 0xa2, 0x10, 0xa2, 0x10, 0xa3, 0x10,
    0xa3, 0x18, 0xa3, 0x10, 0x82, 0x10, 0xa2, 0x10, 0xa2, 0x10, 0x83, 0x10,
    0x82, 0x10, 0x82, 0x10, 0x83, 0x10, 0x82, 0x10, 0x82, 0x10, 0x82, 0x10,
    0x62, 0x10, 0x63, 0x08, 0xea, 0x29, 0x0f, 0x53, 0xb1, 0x6b, 0x73, 0x84,
    0xf2, 0x73, 0x94, 0x8c, 0x94, 0x8c, 0xf2, 0x6b, 0x10, 0x4b, 0xb2, 0x6b,
    0x53, 0x8c, 0xd2, 0x73, 0x6e, 0x32, 0xab, 0x11, 0x89, 0x21, 0xea, 0x31,
    0x87, 0x21, 0xa3, 0x10, 0x41, 0x08, 0x62, 0x08, 0x62, 0x10, 0x62, 0x10,
    0x82, 0x10, 0x82, 0x10, 0xa2, 0x10, 0xa3, 0x10, 0x45, 0x29, 0x6a, 0x52,
    0x2d, 0x6b, 0x8e, 0x73, 0x2d, 0x6b, 0xab, 0x5a, 0xcb, 0x5a, 0x2d, 0x6b,
    0x6e, 0x73, 0x8e, 0x73, 0x2d, 0x6b, 0xcb, 0x5a, 0x6a, 0x52, 0xa7, 0x39,
    0x62, 0x08, 0x00, 0x00, 0x21, 0x00, 0x21, 0x00, 0x20, 0x08, 0x21, 0x08,
    0x34, 0xa5, 0x35, 0xad, 0x35, 0xad, 0x34, 0xa5, 0x15, 0xad, 0x34, 0xa5,
    0x34, 0xa5, 0x14, 0xa5, 0x35, 0xad, 0x14, 0xa5, 0x35, 0xad, 0x34, 0xa5,
    0x34, 0xa5, 0x35, 0xad, 0x14, 0xa5, 0x14, 0xa5, 0x34, 0xa5, 0x35, 0xad,
    0x35, 0xad, 0x34, 0xa5, 0x34, 0xa5, 0x34, 0xa5, 0x14, 0xa5, 0x34, 0xa5,
    0x35, 0xad, 0x14, 0xa5, 0x34, 0xa5, 0x35, 0xad, 0x35, 0xad, 0x35, 0xad,
    0xd3, 0x9c, 0x66, 0x31, 0x00, 0x00, 0x20, 0x00, 0x04, 0x21, 0xe8, 0x41,
    0xa6, 0x31, 0x41, 0x08, 0xa3, 0x10, 0xf0, 0x7b, 0x51, 0x8c, 0x10, 0x84,
    0x8a, 0x52, 0x6a, 0x4a, 0xf3, 0xa4, 0x14, 0xa5, 0x6e, 0x6b, 0xe8, 0x41,
    0x86, 0x31, 0x41, 0x08, 0x20, 0x00, 0xc3, 0x18, 0xc7, 0x39, 0xc7, 0x39,
    0xc7, 0x39, 0xc7, 0x39, 0xa6, 0x31, 0xc7, 0x39, 0xa7, 0x39, 0xa7, 0x39,
    0xa6, 0x39, 0xa7, 0x31, 0xa7, 0x39, 0xa7, 0x39, 0xa6, 0x31, 0x86, 0x31,
    0xa7, 0x39, 0x04, 0x21, 0x62, 0x08, 0xa3, 0x18, 0xf0, 0x7b, 0x96, 0xb5,
    0x35, 0xad, 0xcb, 0x5a, 0x25, 0x21, 0x62, 0x10, 0xa3, 0x18, 0xa7, 0x31,
    0x96, 0xb5, 0x35, 0xad, 0x29, 0x4a, 0x45, 0x29, 0x24, 0x21, 0xaa, 0x52,
    0xb7, 0xbd, 0x76, 0xad, 0x56, 0xad, 0x2d, 0x63, 0x61, 0x08, 0x21, 0x08,
    0x61, 0x08, 0x8f, 0x73, 0x76, 0xad, 0x97, 0xb5, 0x96, 0xb5, 0x96, 0xb5,
    0x96, 0xb5, 0xf4, 0x9c, 0x09, 0x42, 0xc3, 0x18, 0xe4, 0x18, 0xe4, 0x18,
    0xe3, 0x20, 0xc4, 0x18, 0xe3, 0x18, 0xc3, 0x18, 0xc3, 0x18, 0xc3, 0x18,
    0xc4, 0x18, 0xc3, 0x18, 0xc3, 0x18, 0xc3, 0x18, 0xc3, 0x18, 0xa3, 0x10,
    0xa3, 0x18, 0xa3, 0x18, 0xa2, 0x10, 0xa3, 0x10, 0xa3, 0x18, 0xa3, 0x18,
    0xa2, 0x10, 0xa2, 0x18, 0x83, 0x10, 0x82, 0x10, 0xa2, 0x10, 0x82, 0x10,
    0x82, 0x10, 0x82, 0x10, 0x82, 0x10, 0x82, 0x10, 0x82, 0x10, 0x82, 0x10,
    0x62, 0x08, 0xe6, 0x10, 0x4c, 0x3a, 0x6c, 0x42, 0x8f, 0x6b, 0x4f, 0x5b,
    0x4f, 0x5b, 0xf2, 0x7b, 0xb2, 0x6b, 0x10, 0x4b, 0x10, 0x4b, 0x30, 0x53,
    0x30, 0x53, 0x0d, 0x22, 0xab, 0x11, 0x89, 0x19, 0xc9, 0x29, 0xa8, 0x29,
    0xc4, 0x18, 0x41, 0x08, 0x41, 0x08, 0x61, 0x08, 0x42, 0x08, 0x62, 0x08,
    0x82, 0x10, 0x82, 0x10, 0x82, 0x10, 0xe4, 0x18, 0x08, 0x42, 0x0c, 0x63,
    0x2d, 0x6b, 0x8a, 0x52, 0xa7, 0x31, 0x87, 0x31, 0x6a, 0x52, 0xec, 0x62,
    0x2c, 0x6b, 0x2d, 0x6b, 0x2d, 0x6b, 0xcb, 0x5a, 0x6a, 0x52, 0x08, 0x42,
    0x24, 0x29, 0x20, 0x08, 0x00, 0x00, 0x00, 0x00, 0x21, 0x08, 0x20, 0x08,
    0x34, 0xa5, 0x15, 0xad, 0x34, 0xa5, 0x34, 0xa5, 0x14, 0xa5, 0x35, 0xad,
    0x35, 0xad, 0x34, 0xa5, 0x34, 0xa5, 0x34, 0xa5, 0x14, 0xa5, 0x35, 0xad,
    0x34, 0xa5, 0x34, 0xa5, 0x35, 0xad, 0x35, 0xad, 0x14, 0xa5, 0x34, 0xa5,
    0x35, 0xad, 0x14, 0xa5, 0x34, 0xa5, 0x34, 0xa5, 0x34, 0xa5, 0x35, 0xad,
    0x34, 0xa5, 0x35, 0xad, 0x34, 0xa5, 0x34, 0xa5, 0x14, 0xa5, 0x35, 0xad,
    0xcf, 0x7b, 0x62, 0x08, 0x00, 0x00, 0x61, 0x08, 0x86, 0x31, 0x08, 0x42,
    0x04, 0x21, 0x00, 0x00, 0x25, 0x21, 0x72, 0x8c, 0xd3, 0x9c, 0x51, 0x8c,
    0x6e, 0x6b, 0xc7, 0x39, 0x72, 0x8c, 0xf4, 0x9c, 0x31, 0x84, 0x6a, 0x4a,
    0xe3, 0x18, 0x00, 0x00, 0x21, 0x08, 0x66, 0x31, 0xc7, 0x39, 0xc7, 0x39,
    0xc7, 0x39, 0xc7, 0x39, 0xa7, 0x39, 0xc7, 0x31, 0xc7, 0x39, 0xa6, 0x39,
    0xa7, 0x31, 0xa6, 0x39, 0xa6, 0x31, 0xa6, 0x31, 0xa7, 0x39, 0xa7, 0x31,
    0x86, 0x31, 0x82, 0x10, 0x82, 0x10, 0xa7, 0x31, 0x35, 0xa5, 0x76, 0xad,
    0xd3, 0x9c, 0xa6, 0x31, 0xc3, 0x18, 0x62, 0x08, 0xa3, 0x10, 0xaf, 0x7b,
    0x96, 0xb5, 0xb7, 0xbd, 0x8e, 0x73, 0x45, 0x29, 0x45, 0x29, 0x72, 0x94,
    0xb7, 0xbd, 0x96, 0xb5, 0x76, 0xad, 0x93, 0x94, 0x04, 0x21, 0x21, 0x08,
    0x20, 0x00, 0xe8, 0x39, 0x15, 0xa5, 0x76, 0xb5, 0x76, 0xb5, 0x76, 0xad,
    0x76, 0xad, 0x56, 0xad, 0x8e, 0x73, 0xe4, 0x20, 0xe3, 0x18, 0xc3, 0x18,
    0xc3, 0x18, 0xc3, 0x18, 0xe4, 0x20, 0xe3, 0x18, 0xc4, 0x18, 0xc3, 0x18,
    0xc3, 0x18, 0xc3, 0x18, 0xc3, 0x18, 0xc3, 0x18, 0xa3, 0x10, 0xc3, 0x10,
    0xa3, 0x18, 0xa2, 0x10, 0xa2, 0x10, 0xa3, 0x18, 0xa3, 0x10, 0xa3, 0x10,
    0xa2, 0x10, 0x82, 0x10, 0x83, 0x18, 0xa3, 0x10, 0x83, 0x10, 0x82, 0x18,
    0xa2, 0x10, 0x83, 0x10, 0x82, 0x10, 0x82, 0x10, 0x82, 0x10, 0x62, 0x10,
    0xa3, 0x10, 0x2b, 0x3a, 0x4f, 0x5b, 0x90, 0x6b, 0xb4, 0x94, 0x33, 0x7c,
    0xd4, 0x94, 0x94, 0x8c, 0xd0, 0x3a, 0x4f, 0x22, 0xcf, 0x4a, 0xcf, 0x4a,
    0x4d, 0x32, 0xcc, 0x11, 0xaa, 0x11, 0xa9, 0x21, 0xe9, 0x31, 0x26, 0x21,
    0x41, 0x08, 0x41, 0x08, 0x41, 0x08, 0x41, 0x08, 0x41, 0x08, 0x61, 0x08,
    0x62, 0x10, 0x82, 0x10, 0xa3, 0x18, 0x86, 0x31, 0x8a, 0x52, 0x2d, 0x6b,
    0xcb, 0x5a, 0x08, 0x42, 0x45, 0x29, 0xe8, 0x39, 0x6a, 0x52, 0xab, 0x5a,
    0xec, 0x5a, 0xcb, 0x5a, 0xcb, 0x5a, 0xab, 0x5a, 0x69, 0x4a, 0x28, 0x42,
    0xa7, 0x39, 0xa2, 0x10, 0x00, 0x00, 0x00, 0x00, 0x21, 0x00, 0x21, 0x00,
    0x34, 0xa5, 0x34, 0xa5, 0x14, 0xa5, 0x35, 0xad, 0x34, 0xa5, 0x14, 0xa5,
    0x34, 0xa5, 0x35, 0xad, 0x35, 0xad, 0x34, 0xa5, 0x34, 0xa5, 0x14, 0xa5,
    0x35, 0xad, 0x14, 0xa5, 0x34, 0xa5, 0x34, 0xa5, 0x35, 0xad, 0x34, 0xa5,
    0x14, 0xa5, 0x35, 0xad, 0x35, 0xad, 0x35, 0xad, 0x15, 0xad, 0x34, 0xa5,
    0x34, 0xa5, 0x14, 0xa5, 0x35, 0xad, 0x35, 0xad, 0x34, 0xa5, 0x34, 0xa5,
    0x69, 0x4a, 0x00, 0x00, 0x00, 0x00, 0xc3, 0x18, 0xe7, 0x39, 0x08, 0x42,
    0xa3, 0x18, 0x00, 0x00, 0x04, 0x21, 0x72, 0x8c, 0x14, 0x9d, 0xf4, 0x9c,
    0x51, 0x8c, 0xc7, 0x39, 0x8e, 0x73, 0xd3, 0x94, 0x56, 0xad, 0x10, 0x84,
    0x62, 0x10, 0x00, 0x00, 0xa2, 0x10, 0xc7, 0x39, 0xc7, 0x39, 0xc7, 0x39,
    0xc7, 0x39, 0xa7, 0x39, 0xa7, 0x39, 0xa7, 0x39, 0xa6, 0x31, 0xa6, 0x31,
    0xa7, 0x31, 0xa6, 0x39, 0xa6, 0x31, 0xa6, 0x31, 0x86, 0x31, 0xa6, 0x39,
    0x04, 0x21, 0x62, 0x08, 0xe4, 0x20, 0x10, 0x84, 0x56, 0xad, 0x55, 0xad,
    0x4d, 0x6b, 0x25, 0x29, 0x62, 0x10, 0xa2, 0x10, 0x86, 0x31, 0x56, 0xad,
    0x76, 0xad, 0xb6, 0xb5, 0x6e, 0x73, 0xa3, 0x18, 0x08, 0x42, 0x56, 0xad,
    0xb7, 0xb5, 0xd7, 0xbd, 0x97, 0xb5, 0x56, 0xad, 0x8b, 0x52, 0x21, 0x08,
    0x20, 0x00, 0xa3, 0x18, 0x10, 0x84, 0x55, 0xb5, 0x76, 0xb5, 0xd7, 0xb5,
    0x97, 0xb5, 0x97, 0xb5, 0xd3, 0x9c, 0xe8, 0x39, 0xc3, 0x18, 0xc3, 0x18,
    0xe3, 0x18, 0xe4, 0x18, 0xe3, 0x18, 0xc4, 0x18, 0xc3, 0x18, 0xc3, 0x18,
    0xc3, 0x18, 0xc3, 0x18, 0xc4, 0x18, 0xc3, 0x18, 0xa3, 0x18, 0xa3, 0x18,
    0xa3, 0x10, 0xa3, 0x10, 0xa3, 0x10, 0xa3, 0x18, 0x82, 0x10, 0xa2, 0x10,
    0xa3, 0x10, 0x83, 0x10, 0xa2, 0x10, 0xa2, 0x10, 0x82, 0x10, 0x83, 0x10,
    0x82, 0x10, 0x82, 0x10, 0x82, 0x10, 0x82, 0x10, 0x82, 0x10, 0x62, 0x10,
    0x47, 0x11, 0x6d, 0x3a, 0xce, 0x4a, 0xd0, 0x73, 0x0f, 0x53, 0xd1, 0x6b,
    0xf2, 0x73, 0x71, 0x5b, 0x2e, 0x1a, 0xed, 0x11, 0x6d, 0x3a, 0xce, 0x4a,
    0x4d, 0x3a, 0xec, 0x21, 0xaa, 0x19, 0xea, 0x29, 0x88, 0x29, 0x82, 0x08,
    0x21, 0x00, 0x41, 0x08, 0x41, 0x08, 0x21, 0x08, 0x41, 0x08, 0x41, 0x08,
    0x62, 0x08, 0x82, 0x10, 0x25, 0x21, 0x49, 0x4a, 0xec, 0x62, 0x2d, 0x6b,
    0xec, 0x5a, 0xab, 0x5a, 0xe8, 0x41, 0x08, 0x42, 0x49, 0x4a, 0x8a, 0x52,
    0xcb, 0x5a, 0x8a, 0x52, 0x49, 0x4a, 0x6a, 0x4a, 0x49, 0x4a, 0x08, 0x42,
    0xc7, 0x39, 0x45, 0x29, 0x61, 0x08, 0x00, 0x00, 0x00, 0x00, 0x20, 0x00,
    0x34, 0xa5, 0x15, 0xad, 0x35, 0xad, 0x34, 0xa5, 0x35, 0xad, 0x34, 0xa5,
    0x15, 0xad, 0x34, 0xa5, 0x14, 0xa5, 0x15, 0xad, 0x35, 0xad, 0x35, 0xad,
    0x34, 0xa5, 0x35, 0xad, 0x14, 0xa5, 0x34, 0xa5, 0x34, 0xa5, 0x15, 0xad,
    0x35, 0xad, 0x34, 0xa5, 0x34, 0xa5, 0x14, 0xa5, 0x34, 0xa5, 0x15, 0xad,
    0x15, 0xad, 0x34, 0xa5, 0x34, 0xa5, 0x14, 0xa5, 0x35, 0xad, 0xd3, 0x9c,
    0x45, 0x29, 0x00, 0x00, 0x00, 0x00, 0x25, 0x29, 0x08, 0x42, 0x08, 0x42,
    0x04, 0x21, 0x00, 0x00, 0x82, 0x10, 0x31, 0x84, 0x55, 0xad, 0x35, 0xa5,
    0xf4, 0x9c, 0x6a, 0x4a, 0xaa, 0x52, 0x14, 0x9d, 0x97, 0xb5, 0x35, 0xa5,
    0x4d, 0x6b, 0x25, 0x21, 0x45, 0x29, 0xc7, 0x39, 0xc7, 0x39, 0xc7, 0x39,
    0xc7, 0x39, 0xc7, 0x31, 0xc6, 0x39, 0xc6, 0x39, 0xa7, 0x31, 0xa7, 0x39,
    0xa7, 0x39, 0xa7, 0x31, 0xa7, 0x31, 0xa7, 0x39, 0x86, 0x31, 0x86, 0x31,
    0xa2, 0x10, 0xa3, 0x10, 0x6a, 0x4a, 0xb7, 0xbd, 0x76, 0xad, 0xd3, 0x9c,
    0xc7, 0x39, 0xc4, 0x18, 0x82, 0x10, 0xc3, 0x18, 0x31, 0x84, 0xb7, 0xb5,
    0x76, 0xad, 0x72, 0x94, 0x25, 0x21, 0x41, 0x08, 0xe8, 0x39, 0x14, 0xa5,
    0xb7, 0xb5, 0x97, 0xb5, 0xd7, 0xbd, 0xf8, 0xbd, 0x72, 0x8c, 0xa3, 0x10,
    0x21, 0x00, 0x61, 0x08, 0x6a, 0x4a, 0xf4, 0xa4, 0xb7, 0xb5, 0xb7, 0xb5,
    0x97, 0xb5, 0xb7, 0xb5, 0x97, 0xb5, 0x8e, 0x6b, 0xc3, 0x18, 0xc3, 0x18,
    0xc4, 0x18, 0xe4, 0x18, 0xc3, 0x18, 0xc3, 0x18, 0xc3, 0x18, 0xc3, 0x18,
    0xc3, 0x18, 0xc3, 0x18, 0xc3, 0x18, 0xa3, 0x18, 0xa3, 0x10, 0xa3, 0x10,
    0xa3, 0x18, 0xa2, 0x10, 0xa3, 0x18, 0xa2, 0x10, 0xa2, 0x10, 0xa3, 0x18,
    0x82, 0x10, 0x82, 0x18, 0xa2, 0x10, 0x82, 0x10, 0x82, 0x10, 0x82, 0x10,
    0x83, 0x10, 0x82, 0x10, 0x82, 0x10, 0x82, 0x10, 0x62, 0x10, 0xc4, 0x10,
    0x4c, 0x3a, 0xee, 0x52, 0x90, 0x6b, 0x31, 0x7c, 0xf2, 0x73, 0x93, 0x8c,
    0x54, 0x84, 0x8f, 0x2a, 0x0e, 0x1a, 0xae, 0x42, 0x52, 0x84, 0x52, 0x8c,
    0xd0, 0x73, 0x4f, 0x63, 0x8d, 0x3a, 0x0c, 0x2a, 0x48, 0x19, 0x41, 0x00,
    0x21, 0x08, 0x21, 0x08, 0x21, 0x00, 0x21, 0x08, 0x21, 0x08, 0x21, 0x08,
    0x41, 0x08, 0x82, 0x10, 0xa7, 0x39, 0x8b, 0x52, 0x2d, 0x6b, 0x0c, 0x63,
    0xab, 0x5a, 0x08, 0x42, 0x25, 0x29, 0x86, 0x31, 0x6a, 0x4a, 0xcb, 0x5a,
    0xcb, 0x62, 0x49, 0x4a, 0xa7, 0x31, 0xa7, 0x39, 0x08, 0x42, 0xe8, 0x41,
    0xa7, 0x39, 0x65, 0x31, 0xa2, 0x18, 0x00, 0x00, 0x00, 0x00, 0x00, 0x00,
    0x34, 0xa5, 0x35, 0xad, 0x34, 0xa5, 0x34, 0xa5, 0x14, 0xa5, 0x35, 0xad,
    0x34, 0xa5, 0x34, 0xa5, 0x34, 0xa5, 0x34, 0xa5, 0x35, 0xad, 0x34, 0xa5,
    0x14, 0xa5, 0x34, 0xa5, 0x35, 0xad, 0x35, 0xad, 0x15, 0xad, 0x34, 0xa5,
    0x34, 0xa5, 0x34, 0xa5, 0x14, 0xa5, 0x34, 0xa5, 0x34, 0xa5, 0x34, 0xa5,
    0x34, 0xa5, 0x35, 0xad, 0x34, 0xa5, 0x35, 0xad, 0x35, 0xad, 0x92, 0x94,
    0xc3, 0x18, 0x00, 0x00, 0x21, 0x08, 0x66, 0x31, 0x08, 0x42, 0x08, 0x42,
    0x86, 0x31, 0x41, 0x08, 0x00, 0x00, 0x6e, 0x6b, 0x76, 0xad, 0xd4, 0x9c,
    0x14, 0xa5, 0x4d, 0x6b, 0xe8, 0x41, 0x14, 0xa5, 0x76, 0xad, 0x14, 0xa5,
    0x92, 0x94, 0x08, 0x42, 0xa7, 0x39, 0xc7, 0x39, 0xc7, 0x39, 0xc7, 0x39,
    0xc7, 0x39, 0xa7, 0x39, 0xa7, 0x31, 0xc7, 0x39, 0xa6, 0x39, 0xc7, 0x39,
    0xa6, 0x31, 0xa6, 0x39, 0xa6, 0x39, 0xa6, 0x31, 0xa7, 0x31, 0x25, 0x29,
    0x82, 0x10, 0xe4, 0x20, 0x72, 0x8c, 0xb7, 0xb5, 0xb7, 0xb5, 0x6e, 0x6b,
    0x25, 0x29, 0x82, 0x10, 0xc3, 0x18, 0x28, 0x42, 0xd8, 0xbd, 0x97, 0xb5,
    0x96, 0xb5, 0x8a, 0x52, 0x04, 0x21, 0x82, 0x10, 0x04, 0x21, 0x31, 0x84,
    0xb7, 0xb5, 0xb7, 0xb5, 0x5a, 0xce, 0x59, 0xce, 0x56, 0xad, 0xc7, 0x39,
    0x41, 0x08, 0x82, 0x10, 0x25, 0x29, 0x11, 0x84, 0xd7, 0xbd, 0x76, 0xad,
    0xf8, 0xbd, 0x39, 0xc6, 0x18, 0xc6, 0xb3, 0x94, 0x66, 0x29, 0xc3, 0x18,
    0xc3, 0x18, 0xc3, 0x18, 0xc3, 0x18, 0xe3, 0x18, 0xc4, 0x18, 0xc3, 0x18,
    0xc3, 0x18, 0xc3, 0x18, 0xc3, 0x10, 0xa3, 0x10, 0xa3, 0x18, 0xa3, 0x18,
    0xa3, 0x18, 0xa2, 0x10, 0xa2, 0x10, 0xa3, 0x18, 0xa3, 0x10, 0x82, 0x10,
    0x83, 0x10, 0xa2, 0x10, 0x83, 0x10, 0x83, 0x10, 0x82, 0x10, 0xa2, 0x10,
    0x82, 0x10, 0x82, 0x10, 0x82, 0x10, 0x62, 0x10, 0x62, 0x08, 0x89, 0x19,
    0xae, 0x42, 0xb1, 0x6b, 0x31, 0x84, 0x71, 0x5b, 0x32, 0x7c, 0x53, 0x84,
    0x31, 0x4b, 0x0e, 0x12, 0x8e, 0x32, 0xd4, 0x9c, 0x75, 0xad, 0x14, 0xa5,
    0xb3, 0x94, 0x11, 0x7c, 0x51, 0x5b, 0x0d, 0x2a, 0x27, 0x11, 0x42, 0x08,
    0x20, 0x08, 0x20, 0x00, 0x20, 0x00, 0x20, 0x08, 0x21, 0x00, 0x20, 0x08,
    0x41, 0x08, 0x24, 0x21, 0x29, 0x4a, 0xcb, 0x5a, 0x0d, 0x63, 0x2d, 0x63,
    0x8a, 0x52, 0x29, 0x4a, 0xe7, 0x39, 0x08, 0x42, 0xab, 0x52, 0xcb, 0x5a,
    0x49, 0x4a, 0x66, 0x31, 0xe4, 0x20, 0x24, 0x21, 0x65, 0x29, 0x45, 0x29,
    0x04, 0x21, 0xa3, 0x10, 0xa2, 0x10, 0x82, 0x10, 0x82, 0x10, 0x62, 0x08,
    0x34, 0xa5, 0x14, 0xa5, 0x34, 0xa5, 0x35, 0xad, 0x14, 0xa5, 0x34, 0xa5,
    0x35, 0xad, 0x35, 0xad, 0x15, 0xad, 0x34, 0xa5, 0x34, 0xa5, 0x14, 0xa5,
    0x34, 0xa5, 0x35, 0xad, 0x34, 0xa5, 0x14, 0xa5, 0x34, 0xa5, 0x34, 0xa5,
    0x34, 0xa5, 0x15, 0xad, 0x35, 0xad, 0x35, 0xad, 0x35, 0xad, 0x35, 0xad,
    0x34, 0xa5, 0x34, 0xa5, 0x35, 0xad, 0x14, 0xa5, 0x55, 0xad, 0x71, 0x8c,
    0x82, 0x10, 0x00, 0x00, 0x41, 0x08, 0x86, 0x31, 0x08, 0x42, 0x08, 0x42,
    0xe7, 0x39, 0x82, 0x10, 0x00, 0x00, 0x86, 0x31, 0xd3, 0x94, 0xd3, 0x9c,
    0xf4, 0xa4, 0x31, 0x84, 0xc7, 0x39, 0xef, 0x7b, 0x56, 0xad, 0xf4, 0x9c,
    0x6e, 0x6b, 0xc7, 0x39, 0xc7, 0x39, 0xc7, 0x39, 0xc7, 0x39, 0xc7, 0x39,
    0xc7, 0x39, 0xa7, 0x39, 0xa7, 0x39, 0xa7, 0x31, 0xa7, 0x31, 0xa6, 0x31,
    0xa6, 0x39, 0xa6, 0x31, 0xa7, 0x31, 0x86, 0x31, 0x86, 0x31, 0xa3, 0x18,
    0xa3, 0x18, 0xc7, 0x39, 0x76, 0xad, 0x76, 0xad, 0x96, 0xb5, 0xe8, 0x41,
    0xe3, 0x18, 0x82, 0x10, 0xe4, 0x18, 0x31, 0x8c, 0xd7, 0xb5, 0xd8, 0xbd,
    0xb3, 0x94, 0x45, 0x29, 0x45, 0x29, 0xc3, 0x18, 0x82, 0x10, 0xcc, 0x5a,
    0x96, 0xad, 0x39, 0xc6, 0x59, 0xce, 0xf8, 0xbd, 0xb7, 0xbd, 0x8e, 0x73,
    0xc3, 0x18, 0xc3, 0x18, 0x83, 0x10, 0xec, 0x5a, 0x76, 0xb5, 0x97, 0xad,
    0x39, 0xce, 0x18, 0xc6, 0xb7, 0xbd, 0x35, 0xa5, 0xec, 0x5a, 0xa3, 0x18,
    0xc3, 0x18, 0xc3, 0x18, 0xc3, 0x18, 0xc4, 0x18, 0xc3, 0x18, 0xc3, 0x18,
    0xc3, 0x18, 0xc3, 0x18, 0xa3, 0x18, 0xc3, 0x18, 0xa3, 0x10, 0xa3, 0x10,
    0xa2, 0x10, 0xa3, 0x18, 0x83, 0x10, 0xa2, 0x10, 0x82, 0x10, 0x83, 0x10,
    0xa3, 0x18, 0xa3, 0x10, 0xa2, 0x10, 0x82, 0x10, 0x83, 0x10, 0x82, 0x10,
    0x82, 0x10, 0x82, 0x10, 0x82, 0x10, 0x62, 0x10, 0xc4, 0x10, 0x2b, 0x3a,
    0xad, 0x4a, 0x90, 0x6b, 0x90, 0x6b, 0xd1, 0x6b, 0x53, 0x84, 0xd3, 0x6b,
    0x4f, 0x22, 0x2e, 0x1a, 0xf1, 0x73, 0x96, 0xb5, 0x75, 0xb5, 0x35, 0xad,
    0xf3, 0x9c, 0x72, 0x8c, 0xd0, 0x73, 0x6c, 0x42, 0x07, 0x11, 0x84, 0x08,
    0x21, 0x00, 0x20, 0x00, 0x00, 0x00, 0x00, 0x00, 0x20, 0x00, 0x01, 0x00,
    0x82, 0x10, 0x86, 0x31, 0x49, 0x4a, 0xab, 0x5a, 0xab, 0x5a, 0xec, 0x62,
    0xcb, 0x5a, 0xcb, 0x5a, 0x0c, 0x63, 0x4d, 0x6b, 0x2d, 0x6b, 0x8a, 0x52,
    0xa7, 0x39, 0x04, 0x21, 0xc4, 0x18, 0xe4, 0x18, 0xc3, 0x18, 0xa3, 0x18,
    0xa3, 0x18, 0xc3, 0x18, 0xe3, 0x18, 0xe4, 0x18, 0xc3, 0x18, 0xa2, 0x10,
    0x34, 0xa5, 0x35, 0xad, 0x15, 0xad, 0x34, 0xa5, 0x35, 0xad, 0x34, 0xa5,
    0x34, 0xa5, 0x14, 0xa5, 0x34, 0xa5, 0x35, 0xad, 0x14, 0xa5, 0x35, 0xad,
    0x35, 0xad, 0x35, 0xad, 0x14, 0xa5, 0x34, 0xa5, 0x35, 0xad, 0x34, 0xa5,
    0x15, 0xad, 0x35, 0xad, 0x34, 0xa5, 0x34, 0xa5, 0x34, 0xa5, 0x14, 0xa5,
    0x15, 0xad, 0x34, 0xa5, 0x14, 0xa5, 0x34, 0xa5, 0x35, 0xad, 0x71, 0x8c,
    0x82, 0x10, 0x00, 0x00, 0x41, 0x08, 0x86, 0x31, 0x08, 0x42, 0xe8, 0x41,
    0x08, 0x42, 0xe4, 0x18, 0x20, 0x08, 0x62, 0x08, 0x8e, 0x6b, 0xb3, 0x9c,
    0xd3, 0x9c, 0x72, 0x94, 0x29, 0x42, 0xab, 0x5a, 0x14, 0xa5, 0x92, 0x94,
    0x49, 0x4a, 0xc7, 0x39, 0xc7, 0x39, 0xc7, 0x39, 0xc7, 0x39, 0xc7, 0x39,
    0xa7, 0x31, 0xa6, 0x39, 0xc6, 0x39, 0xa7, 0x39, 0xa6, 0x39, 0xa7, 0x39,
    0xa7, 0x31, 0xa7, 0x31, 0xa6, 0x31, 0xa7, 0x39, 0x45, 0x29, 0x62, 0x10,
    0xc3, 0x18, 0x2d, 0x63, 0x96, 0xad, 0xf8, 0xbd, 0x10, 0x84, 0x45, 0x29,
    0x82, 0x10, 0xe4, 0x18, 0x87, 0x31, 0x96, 0xb5, 0x76, 0xad, 0x39, 0xc6,
    0xab, 0x5a, 0xa2, 0x10, 0x45, 0x29, 0x04, 0x21, 0x82, 0x10, 0x86, 0x31,
    0x15, 0xa5, 0x5a, 0xce, 0x18, 0xc6, 0xb7, 0xb5, 0xd7, 0xbd, 0xd4, 0xa4,
    0xa7, 0x31, 0xc3, 0x18, 0x82, 0x10, 0x86, 0x31, 0xb3, 0x94, 0x18, 0xc6,
    0x39, 0xce, 0xb5, 0xc5, 0xb6, 0xb5, 0xb7, 0xbd, 0x52, 0x8c, 0x45, 0x29,
    0xc3, 0x18, 0xc4, 0x18, 0xc3, 0x18, 0xc3, 0x18, 0xc3, 0x18, 0xc3, 0x18,
    0xc3, 0x18, 0xa3, 0x10, 0xa3, 0x18, 0xa3, 0x18, 0xc3, 0x18, 0xa3, 0x10,
    0xa3, 0x10, 0xa2, 0x10, 0xa2, 0x10, 0x83, 0x10, 0xa3, 0x18, 0xa2, 0x10,
    0x82, 0x10, 0xa2, 0x10, 0x82, 0x10, 0x82, 0x10, 0x82, 0x10, 0x83, 0x10,
    0x82, 0x10, 0x82, 0x10, 0x62, 0x10, 0x83, 0x08, 0xea, 0x29, 0x2f, 0x5b,
    0xd1, 0x6b, 0x73, 0x8c, 0x13, 0x74, 0xb4, 0x94, 0x94, 0x8c, 0x11, 0x43,
    0x0e, 0x12, 0xef, 0x4a, 0x35, 0xad, 0x96, 0xb5, 0x96, 0xb5, 0x75, 0xad,
    0x34, 0xa5, 0xd3, 0x9c, 0x31, 0x84, 0x4e, 0x63, 0xca, 0x29, 0xe6, 0x08,
    0x42, 0x00, 0x00, 0x00, 0x00, 0x00, 0x00, 0x00, 0x00, 0x00, 0x00, 0x00,
    0xa3, 0x18, 0x66, 0x29, 0xc7, 0x39, 0x08, 0x42, 0x49, 0x4a, 0xab, 0x5a,
    0x0c, 0x63, 0x4d, 0x6b, 0x8f, 0x73, 0x6e, 0x73, 0xec, 0x5a, 0x29, 0x4a,
    0x65, 0x29, 0xc3, 0x18, 0xc3, 0x18, 0xc3, 0x18, 0xa3, 0x18, 0xa3, 0x18,
    0xa3, 0x10, 0xa3, 0x18, 0xc3, 0x18, 0xe4, 0x18, 0xc3, 0x18, 0xa3, 0x18,
    0x34, 0xa5, 0x15, 0xad, 0x34, 0xa5, 0x34, 0xa5, 0x34, 0xa5, 0x15, 0xad,
    0x35, 0xad, 0x14, 0xa5, 0x34, 0xa5, 0x34, 0xa5, 0x15, 0xad, 0x34, 0xa5,
    0x34, 0xa5, 0x14, 0xa5, 0x34, 0xa5, 0x35, 0xad, 0x35, 0xad, 0x15, 0xad,
    0x34, 0xa5, 0x34, 0xa5, 0x34, 0xa5, 0x14, 0xa5, 0x14, 0xa5, 0x34, 0xa5,
    0x34, 0xa5, 0x35, 0xad, 0x35, 0xad, 0x15, 0xad, 0x35, 0xad, 0xd3, 0x9c,
    0x04, 0x21, 0x00, 0x00, 0x21, 0x08, 0x65, 0x29, 0x08, 0x42, 0xe8, 0x41,
    0x08, 0x42, 0x65, 0x29, 0x41, 0x08, 0x20, 0x00, 0x6a, 0x52, 0x92, 0x94,
    0xb3, 0x94, 0x72, 0x8c, 0xeb, 0x5a, 0xe8, 0x41, 0x92, 0x94, 0x6e, 0x73,
    0xc7, 0x39, 0xc7, 0x39, 0xc7, 0x39, 0xc7, 0x39, 0xc7, 0x39, 0xc7, 0x39,
    0xa7, 0x39, 0xc7, 0x39, 0xa7, 0x31, 0xa6, 0x31, 0xa7, 0x39, 0xa7, 0x31,
    0xa6, 0x39, 0xa7, 0x31, 0xa6, 0x39, 0xa7, 0x31, 0xa3, 0x18, 0xa3, 0x10,
    0x25, 0x21, 0x14, 0xa5, 0xb7, 0xbd, 0xd7, 0xbd, 0x29, 0x42, 0xe4, 0x18,
    0x82, 0x10, 0xc3, 0x18, 0x4d, 0x6b, 0xd7, 0xb5, 0xd8, 0xbd, 0x35, 0xa5,
    0xe4, 0x20, 0x62, 0x10, 0x04, 0x21, 0x25, 0x29, 0xa3, 0x18, 0xc3, 0x10,
    0x8f, 0x73, 0xb7, 0xb5, 0xb7, 0xbd, 0x96, 0xb5, 0xb7, 0xbd, 0x96, 0xb5,
    0xeb, 0x5a, 0xe3, 0x18, 0x82, 0x10, 0xa3, 0x10, 0x6e, 0x6b, 0xf8, 0xc5,
    0xd7, 0xc5, 0x95, 0xc5, 0xb6, 0xb5, 0xd7, 0xbd, 0x35, 0xad, 0x8a, 0x52,
    0xa3, 0x18, 0xc3, 0x18, 0xc3, 0x18, 0xc3, 0x18, 0xc3, 0x18, 0xc3, 0x18,
    0xc3, 0x18, 0xa3, 0x18, 0xc3, 0x10, 0xa3, 0x18, 0xa3, 0x10, 0xa2, 0x18,
    0xa2, 0x18, 0xa3, 0x10, 0xa2, 0x10, 0x83, 0x18, 0xa2, 0x10, 0x82, 0x10,
    0x82, 0x10, 0x82, 0x10, 0x83, 0x10, 0x82, 0x10, 0x82, 0x10, 0x82, 0x10,
    0x82, 0x10, 0x82, 0x10, 0x62, 0x08, 0x06, 0x11, 0x2b, 0x32, 0x8d, 0x42,
    0x2e, 0x63, 0x0e, 0x5b, 0x4f, 0x5b, 0xf2, 0x73, 0xb2, 0x63, 0x2e, 0x1a,
    0x4e, 0x22, 0x72, 0x8c, 0x76, 0xb5, 0x55, 0xad, 0x96, 0xad, 0x96, 0xb5,
    0x55, 0xad, 0x14, 0xa5, 0x92, 0x94, 0xf0, 0x7b, 0xcd, 0x52, 0x48, 0x19,
    0xa5, 0x08, 0x21, 0x00, 0x61, 0x10, 0x61, 0x10, 0x61, 0x08, 0x61, 0x10,
    0x82, 0x10, 0xc3, 0x18, 0x25, 0x29, 0x87, 0x31, 0x08, 0x42, 0x6a, 0x52,
    0xec, 0x5a, 0x2d, 0x6b, 0x4d, 0x6b, 0x4e, 0x6b, 0xec, 0x62, 0x49, 0x4a,
    0xa7, 0x39, 0xe4, 0x20, 0xc3, 0x18, 0xc3, 0x18, 0xa3, 0x10, 0xa3, 0x10,
    0xa2, 0x10, 0xa3, 0x10, 0xc3, 0x18, 0xc3, 0x18, 0xc3, 0x18, 0xa3, 0x18,
    0x34, 0xa5, 0x34, 0xa5, 0x34, 0xa5, 0x35, 0xad, 0x14, 0xa5, 0x34, 0xa5,
    0x35, 0xad, 0x34, 0xa5, 0x35, 0xad, 0x35, 0xad, 0x34, 0xa5, 0x34, 0xa5,
    0x35, 0xad, 0x34, 0xa5, 0x34, 0xa5, 0x14, 0xa5, 0x34, 0xa5, 0x34, 0xa5,
    0x34, 0xa5, 0x14, 0xa5, 0x35, 0xad, 0x35, 0xad, 0x35, 0xad, 0x35, 0xad,
    0x35, 0xad, 0x34, 0xa5, 0x14, 0xa5, 0x34, 0xa5, 0x35, 0xad, 0x34, 0xa5,
    0x08, 0x42, 0x00, 0x00, 0x20, 0x00, 0xe4, 0x20, 0x08, 0x42, 0xe8, 0x41,
    0x08, 0x42, 0xc7, 0x39, 0x62, 0x08, 0x00, 0x00, 0x86, 0x31, 0x92, 0x94,
    0xf4, 0x9c, 0x72, 0x8c, 0xcf, 0x7b, 0xc7, 0x39, 0x6e, 0x6b, 0x69, 0x4a,
    0xc7, 0x39, 0xc7, 0x39, 0xc7, 0x39, 0xc7, 0x39, 0xc7, 0x39, 0xc7, 0x39,
    0xa7, 0x39, 0xa7, 0x31, 0xc7, 0x31, 0xa7, 0x39, 0xa7, 0x31, 0xa6, 0x31,
    0xa6, 0x31, 0xa6, 0x39, 0xa7, 0x39, 0x45, 0x29, 0x62, 0x10, 0xa3, 0x10,
    0xcb, 0x5a, 0xb7, 0xbd, 0xb7, 0xb5, 0x11, 0x84, 0x45, 0x29, 0x82, 0x10,
    0xc3, 0x18, 0x25, 0x21, 0x35, 0xad, 0xb7, 0xb5, 0x39, 0xce, 0xec, 0x5a,
    0x61, 0x08, 0x62, 0x08, 0xc3, 0x18, 0x25, 0x21, 0xe4, 0x20, 0x82, 0x10,
    0x08, 0x42, 0x14, 0xa5, 0x76, 0xad, 0x96, 0xb5, 0xb7, 0xbd, 0xb7, 0xb5,
    0x31, 0x84, 0x45, 0x29, 0xc3, 0x18, 0x82, 0x10, 0xc8, 0x39, 0xd4, 0x9c,
    0x96, 0xb5, 0x76, 0xad, 0xb7, 0xbd, 0xb7, 0xbd, 0x96, 0xb5, 0xaf, 0x73,
    0x04, 0x21, 0xc3, 0x18, 0xc3, 0x18, 0xc3, 0x18, 0xc3, 0x18, 0xc3, 0x18,
    0xa3, 0x10, 0xa3, 0x18, 0xa3, 0x18, 0xa3, 0x10, 0xa3, 0x10, 0xa2, 0x10,
    0xa3, 0x10, 0xa3, 0x10, 0x83, 0x18, 0x82, 0x10, 0x82, 0x10, 0xa3, 0x10,
    0xa3, 0x10, 0x83, 0x18, 0x82, 0x10, 0x82, 0x10, 0x83, 0x10, 0x82, 0x10,
    0x82, 0x10, 0x62, 0x10, 0xa3, 0x10, 0x4c, 0x3a, 0xee, 0x52, 0x32, 0x84,
    0x73, 0x84, 0x13, 0x74, 0xd4, 0x94, 0x74, 0x84, 0xd0, 0x32, 0x0e, 0x12,
    0x70, 0x5b, 0x35, 0xad, 0x34, 0xa5, 0xd7, 0xbd, 0x9a, 0xd6, 0xf8, 0xc5,
    0x75, 0xad, 0x35, 0xad, 0xf3, 0x9c, 0x72, 0x8c, 0xb0, 0x6b, 0x2b, 0x3a,
    0x48, 0x19, 0x45, 0x29, 0x44, 0x31, 0x44, 0x31, 0xe3, 0x20, 0xa2, 0x18,
    0x82, 0x10, 0xa2, 0x10, 0xe4, 0x20, 0x66, 0x31, 0xe8, 0x41, 0x49, 0x4a,
    0xab, 0x5a, 0x0c, 0x63, 0x4d, 0x6b, 0x4d, 0x6b, 0xec, 0x62, 0x49, 0x4a,
    0xa7, 0x31, 0x04, 0x21, 0xa3, 0x18, 0xc3, 0x18, 0x04, 0x21, 0x45, 0x29,
    0x86, 0x31, 0x86, 0x31, 0x66, 0x31, 0xe4, 0x20, 0x82, 0x10, 0xa3, 0x10,
    0x34, 0xa5, 0x15, 0xad, 0x35, 0xad, 0x34, 0xa5, 0x15, 0xad, 0x34, 0xa5,
    0x34, 0xa5, 0x34, 0xa5, 0x35, 0xad, 0x14, 0xa5, 0x34, 0xa5, 0x35, 0xad,
    0x14, 0xa5, 0x15, 0xad, 0x35, 0xad, 0x34, 0xa5, 0x34, 0xa5, 0x14, 0xa5,
    0x35, 0xad, 0x35, 0xad, 0x15, 0xad, 0x34, 0xa5, 0x34, 0xa5, 0x34, 0xa5,
    0x34, 0xa5, 0x14, 0xa5, 0x34, 0xa5, 0x34, 0xa5, 0x34, 0xa5, 0x55, 0xad,
    0x2d, 0x6b, 0x21, 0x00, 0x20, 0x08, 0x82, 0x10, 0xe7, 0x39, 0x08, 0x42,
    0xe7, 0x39, 0xe8, 0x41, 0xc3, 0x18, 0x20, 0x00, 0xa3, 0x10, 0x31, 0x84,
    0xf4, 0x9c, 0xb3, 0x9c, 0xb3, 0x94, 0x08, 0x42, 0xc7, 0x39, 0xc7, 0x39,
    0xc7, 0x39, 0xc7, 0x39, 0xc7, 0x39, 0xc7, 0x39, 0xc7, 0x39, 0xc7, 0x39,
    0xa7, 0x31, 0xc6, 0x39, 0xc7, 0x39, 0xa6, 0x39, 0xa6, 0x39, 0xa7, 0x39,
    0xa6, 0x31, 0xa6, 0x31, 0xa6, 0x31, 0xc3, 0x18, 0x82, 0x10, 0xe4, 0x20,
    0xd3, 0x9c, 0xb6, 0xbd, 0x76, 0xad, 0x49, 0x4a, 0x04, 0x21, 0x62, 0x10,
    0xc3, 0x18, 0x0c, 0x63, 0xf8, 0xc5, 0xb7, 0xbd, 0x14, 0xa5, 0x04, 0x21,
    0x41, 0x08, 0x61, 0x08, 0xa3, 0x18, 0xc7, 0x39, 0x04, 0x21, 0x82, 0x10,
    0x04, 0x21, 0xf0, 0x83, 0x35, 0xa5, 0x96, 0xb5, 0xb7, 0xbd, 0x97, 0xb5,
    0x15, 0xa5, 0x29, 0x4a, 0xc3, 0x18, 0x82, 0x10, 0xe4, 0x18, 0xaf, 0x73,
    0x76, 0xad, 0x76, 0xad, 0x96, 0xb5, 0xb7, 0xbd, 0x96, 0xb5, 0xf4, 0x9c,
    0x08, 0x42, 0xa3, 0x10, 0xc3, 0x18, 0xc3, 0x18, 0xc3, 0x18, 0xc3, 0x10,
    0xa3, 0x18, 0xc3, 0x10, 0xa3, 0x10, 0xa3, 0x18, 0xa3, 0x10, 0xa2, 0x18,
    0xa3, 0x10, 0xa2, 0x10, 0x82, 0x10, 0xa3, 0x10, 0xa2, 0x10, 0x82, 0x10,
    0x82, 0x10, 0x82, 0x10, 0x82, 0x10, 0x82, 0x10, 0x83, 0x10, 0x82, 0x10,
    0x82, 0x10, 0x62, 0x08, 0x48, 0x19, 0x4c, 0x32, 0xce, 0x4a, 0xaf, 0x73,
    0xee, 0x52, 0xb1, 0x6b, 0x33, 0x7c, 0x51, 0x53, 0x0e, 0x1a, 0x8f, 0x32,
    0xd4, 0x9c, 0x34, 0xad, 0xd7, 0xbd, 0x3d, 0xef, 0x5d, 0xef, 0x9a, 0xd6,
    0xb6, 0xb5, 0x55, 0xad, 0x14, 0xa5, 0xd3, 0x9c, 0x31, 0x84, 0x2e, 0x5b,
    0xa9, 0x21, 0x06, 0x11, 0x82, 0x10, 0x81, 0x10, 0xa2, 0x18, 0xa2, 0x18,
    0xe3, 0x20, 0x04, 0x21, 0xe3, 0x20, 0x04, 0x21, 0x86, 0x31, 0x08, 0x42,
    0xab, 0x5a, 0x2d, 0x6b, 0x2d, 0x6b, 0x0c, 0x63, 0xab, 0x5a, 0x08, 0x42,
    0x65, 0x29, 0xc3, 0x18, 0xa3, 0x10, 0xc3, 0x18, 0x04, 0x21, 0x66, 0x31,
    0x86, 0x31, 0x25, 0x29, 0xe4, 0x20, 0xc3, 0x18, 0xa2, 0x10, 0xa3, 0x18,
    0x34, 0xa5, 0x35, 0xad, 0x14, 0xa5, 0x34, 0xa5, 0x34, 0xa5, 0x35, 0xad,
    0x15, 0xad, 0x14, 0xa5, 0x34, 0xa5, 0x34, 0xa5, 0x14, 0xa5, 0x35, 0xad,
    0x34, 0xa5, 0x34, 0xa5, 0x35, 0xad, 0x35, 0xad, 0x15, 0xad, 0x35, 0xad,
    0x34, 0xa5, 0x34, 0xa5, 0x34, 0xa5, 0x34, 0xa5, 0x14, 0xa5, 0x14, 0xa5,
    0x35, 0xad, 0x35, 0xad, 0x35, 0xad, 0x35, 0xad, 0x15, 0xad, 0x55, 0xad,
    0x31, 0x8c, 0xa2, 0x10, 0x21, 0x08, 0x41, 0x08, 0x86, 0x31, 0x08, 0x42,
    0x08, 0x42, 0x08, 0x42, 0x25, 0x29, 0x41, 0x08, 0x21, 0x08, 0xaf, 0x73,
    0x14, 0x9d, 0x76, 0xad, 0xd3, 0x9c, 0x66, 0x29, 0x62, 0x10, 0x66, 0x29,
    0xe7, 0x39, 0xc7, 0x39, 0xc7, 0x39, 0xc7, 0x39, 0xc7, 0x39, 0xa7, 0x39,
    0xa7, 0x39, 0xc7, 0x39, 0xa6, 0x39, 0xa7, 0x31, 0xa6, 0x31, 0xa6, 0x31,
    0xa7, 0x39, 0xa7, 0x31, 0x66, 0x31, 0x62, 0x08, 0x82, 0x10, 0x6a, 0x52,
    0x76, 0xad, 0xb7, 0xbd, 0x31, 0x8c, 0x65, 0x29, 0xa2, 0x10, 0xa3, 0x18,
    0x25, 0x21, 0x14, 0xa5, 0xb7, 0xbd, 0xf8, 0xbd, 0xcb, 0x5a, 0x62, 0x08,
    0x62, 0x10, 0x21, 0x08, 0x6a, 0x4a, 0x8f, 0x73, 0x24, 0x21, 0xc3, 0x18,
    0xa3, 0x10, 0x8b, 0x52, 0x35, 0xad, 0x76, 0xb5, 0x96, 0xb5, 0x55, 0xad,
    0x56, 0xad, 0xaf, 0x73, 0xe4, 0x20, 0xa3, 0x10, 0xa2, 0x10, 0x4a, 0x4a,
    0xd4, 0x9c, 0x76, 0xb5, 0x76, 0xb5, 0x96, 0xbd, 0x96, 0xb5, 0x55, 0xad,
    0x6e, 0x6b, 0xc3, 0x18, 0xc3, 0x18, 0xc3, 0x18, 0xc3, 0x10, 0xc3, 0x18,
    0xa3, 0x18, 0xa3, 0x18, 0xa3, 0x10, 0xa2, 0x10, 0xa2, 0x18, 0xa3, 0x10,
    0xa3, 0x18, 0x82, 0x10, 0x82, 0x10, 0xa2, 0x10, 0xa2, 0x10, 0x83, 0x10,
    0x83, 0x10, 0xa2, 0x10, 0x82, 0x10, 0x82, 0x10, 0x82, 0x10, 0x82, 0x10,
    0x62, 0x10, 0xc4, 0x10, 0x6c, 0x42, 0x4f, 0x63, 0xf0, 0x7b, 0xf1, 0x73,
    0x12, 0x7c, 0xd4, 0x94, 0x13, 0x74, 0x6f, 0x22, 0x0e, 0x1a, 0xf1, 0x73,
    0x55, 0xad, 0x55, 0xad, 0xdb, 0xde, 0x7e, 0xf7, 0x7d, 0xef, 0x1c, 0xe7,
    0x39, 0xc6, 0x75, 0xb5, 0x35, 0xad, 0x14, 0xa5, 0x92, 0x94, 0xd0, 0x7b,
    0xad, 0x4a, 0x89, 0x21, 0x87, 0x31, 0xa5, 0x39, 0xe6, 0x41, 0x07, 0x4a,
    0xc6, 0x41, 0x65, 0x31, 0x03, 0x21, 0xe3, 0x18, 0x46, 0x29, 0x08, 0x42,
    0x8a, 0x52, 0xec, 0x62, 0x0c, 0x63, 0xec, 0x62, 0x6a, 0x52, 0xc7, 0x39,
    0x45, 0x29, 0xa3, 0x18, 0x83, 0x10, 0xa2, 0x10, 0xc3, 0x18, 0xe4, 0x20,
    0x25, 0x21, 0x24, 0x21, 0x04, 0x21, 0x24, 0x21, 0x04, 0x21, 0x04, 0x21,
    0x34, 0xa5, 0x14, 0xa5, 0x34, 0xa5, 0x35, 0xad, 0x34, 0xa5, 0x34, 0xa5,
    0x34, 0xa5, 0x35, 0xad, 0x35, 0xad, 0x14, 0xa5, 0x35, 0xad, 0x34, 0xa5,
    0x35, 0xad, 0x34, 0xa5, 0x34, 0xa5, 0x14, 0xa5, 0x34, 0xa5, 0x34, 0xa5,
    0x34, 0xa5, 0x14, 0xa5, 0x35, 0xad, 0x34, 0xa5, 0x35, 0xad, 0x35, 0xad,
    0x34, 0xa5, 0x14, 0xa5, 0x34, 0xa5, 0x34, 0xa5, 0x34, 0xa5, 0x35, 0xad,
    0xf3, 0x9c, 0x65, 0x29, 0x00, 0x00, 0x21, 0x08, 0x25, 0x21, 0x08, 0x42,
    0xe8, 0x41, 0x08, 0x42, 0xa6, 0x31, 0x61, 0x08, 0x00, 0x00, 0xec, 0x5a,
    0x76, 0xad, 0x96, 0xb5, 0xcf, 0x7b, 0xe4, 0x20, 0x62, 0x08, 0xa7, 0x39,
    0xc7, 0x39, 0xc7, 0x39, 0xc7, 0x39, 0xc7, 0x39, 0xc7, 0x39, 0xa7, 0x39,
    0xc7, 0x39, 0xc6, 0x31, 0xa7, 0x31, 0xa7, 0x39, 0xa7, 0x31, 0xa7, 0x31,
    0xa6, 0x31, 0xa7, 0x39, 0xe4, 0x18, 0x62, 0x10, 0xc3, 0x18, 0x72, 0x8c,
    0x56, 0xad, 0x76, 0xb5, 0x6a, 0x4a, 0x04, 0x21, 0x62, 0x08, 0xa2, 0x10,
    0xcb, 0x5a, 0xb7, 0xb5, 0xb7, 0xbd, 0x14, 0xa5, 0x24, 0x21, 0x42, 0x08,
    0x61, 0x08, 0x82, 0x10, 0xd3, 0x9c, 0xd4, 0x9c, 0x87, 0x31, 0xe4, 0x18,
    0x82, 0x10, 0x66, 0x31, 0x92, 0x94, 0x56, 0xad, 0x96, 0xb5, 0xb7, 0xb5,
    0x97, 0xb5, 0xf4, 0x9c, 0xa7, 0x39, 0xc3, 0x18, 0x82, 0x10, 0x45, 0x29,
    0x11, 0x84, 0x55, 0xad, 0x76, 0xb5, 0x76, 0xad, 0x55, 0xad, 0x56, 0xad,
    0xb3, 0x94, 0xa7, 0x31, 0xa3, 0x18, 0xc3, 0x18, 0xc3, 0x18, 0xa3, 0x18,
    0xc3, 0x10, 0xa3, 0x18, 0xa3, 0x18, 0xa3, 0x18, 0xa2, 0x10, 0xa3, 0x18,
    0xa3, 0x10, 0xa2, 0x10, 0x83, 0x18, 0xa3, 0x10, 0x82, 0x10, 0x83, 0x10,
    0x82, 0x10, 0x82, 0x10, 0x82, 0x10, 0x82, 0x10, 0x82, 0x10, 0x62, 0x10,
    0x82, 0x08, 0x89, 0x19, 0x8d, 0x42, 0x2f, 0x5b, 0xd0, 0x73, 0x30, 0x5b,
    0x32, 0x7c, 0x53, 0x84, 0xf0, 0x42, 0x0e, 0x12, 0xef, 0x42, 0x14, 0xa5,
    0x34, 0xa5, 0x39, 0xc6, 0x7d, 0xef, 0x9e, 0xf7, 0x7d, 0xf7, 0x5d, 0xef,
    0xdb, 0xde, 0xd7, 0xbd, 0x75, 0xad, 0x34, 0xa5, 0xd3, 0x9c, 0x52, 0x8c,
    0x8f, 0x6b, 0x2b, 0x32, 0x27, 0x11, 0x83, 0x10, 0x61, 0x10, 0x82, 0x10,
    0x62, 0x10, 0x82, 0x10, 0xc3, 0x18, 0xe4, 0x20, 0x46, 0x29, 0x08, 0x42,
    0xab, 0x5a, 0xec, 0x62, 0xcb, 0x5a, 0x8a, 0x52, 0x08, 0x42, 0x86, 0x31,
    0xe4, 0x20, 0xa3, 0x10, 0xa3, 0x10, 0xa3, 0x10, 0xa3, 0x18, 0xe4, 0x18,
    0x04, 0x21, 0x04, 0x21, 0x04, 0x21, 0x04, 0x21, 0x04, 0x21, 0x04, 0x21,
    0x34, 0xa5, 0x35, 0xad, 0x35, 0xad, 0x34, 0xa5, 0x15, 0xad, 0x34, 0xa5,
    0x15, 0xad, 0x34, 0xa5, 0x34, 0xa5, 0x35, 0xad, 0x34, 0xa5, 0x34, 0xa5,
    0x14, 0xa5, 0x15, 0xad, 0x34, 0xa5, 0x34, 0xa5, 0x34, 0xa5, 0x15, 0xad,
    0x35, 0xad, 0x35, 0xad, 0x14, 0xa5, 0x15, 0xad, 0x35, 0xad, 0x34, 0xa5,
    0x14, 0xa5, 0x34, 0xa5, 0x34, 0xa5, 0x15, 0xad, 0x14, 0xa5, 0x35, 0xad,
    0x35, 0xad, 0x8a, 0x52, 0x21, 0x00, 0x20, 0x08, 0xc3, 0x18, 0xe7, 0x39,
    0xe8, 0x41, 0xe7, 0x39, 0xe7, 0x39, 0x82, 0x10, 0x21, 0x00, 0x86, 0x31,
    0x56, 0xad, 0x14, 0xa5, 0xaa, 0x52, 0x45, 0x29, 0x04, 0x21, 0xe7, 0x39,
    0xc7, 0x39, 0xc7, 0x39, 0xc7, 0x39, 0xc7, 0x39, 0xa7, 0x39, 0xc7, 0x31,
    0xa7, 0x31, 0xa7, 0x39, 0xa6, 0x39, 0xa6, 0x31, 0xa6, 0x39, 0xa6, 0x39,
    0xa6, 0x31, 0x86, 0x31, 0x62, 0x10, 0xa2, 0x10, 0xab, 0x52, 0x56, 0xad,
    0x55, 0xad, 0x31, 0x8c, 0x66, 0x31, 0xa3, 0x10, 0x82, 0x10, 0xe4, 0x20,
    0xd3, 0x9c, 0x76, 0xad, 0xd7, 0xbd, 0x0c, 0x63, 0x62, 0x10, 0x62, 0x08,
    0x21, 0x08, 0x49, 0x4a, 0x96, 0xb5, 0xf3, 0xa4, 0x8a, 0x52, 0x04, 0x21,
    0xa2, 0x10, 0xc3, 0x18, 0x4e, 0x6b, 0x56, 0xad, 0xb7, 0xb5, 0xb7, 0xb5,
    0x96, 0xb5, 0x96, 0xb5, 0x4d, 0x6b, 0xc3, 0x18, 0xa3, 0x10, 0xa3, 0x18,
    0xcb, 0x5a, 0xf4, 0xa4, 0x56, 0xad, 0xb7, 0xb5, 0xb7, 0xb5, 0x97, 0xb5,
    0x56, 0xad, 0x2d, 0x63, 0xc3, 0x18, 0xa3, 0x18, 0xa3, 0x18, 0xa3, 0x18,
    0xa3, 0x18, 0xc3, 0x10, 0xa2, 0x10, 0xa3, 0x10, 0xa3, 0x10, 0xa3, 0x10,
    0xa2, 0x10, 0x82, 0x10, 0xa3, 0x10, 0x82, 0x10, 0x82, 0x10, 0x82, 0x10,
    0x82, 0x10, 0x82, 0x10, 0x83, 0x10, 0x82, 0x10, 0x82, 0x10, 0x62, 0x08,
    0xe5, 0x10, 0x4b, 0x3a, 0xed, 0x52, 0x4e, 0x63, 0x4f, 0x63, 0x70, 0x63,
    0x12, 0x7c, 0xb2, 0x63, 0x2e, 0x1a, 0x4e, 0x22, 0x72, 0x8c, 0x35, 0xad,
    0x96, 0xb5, 0x1c, 0xe7, 0x9e, 0xf7, 0x7e, 0xf7, 0x7e, 0xf7, 0x7d, 0xef,
    0x3c, 0xe7, 0x79, 0xd6, 0x96, 0xb5, 0x55, 0xad, 0x14, 0xa5, 0xb3, 0x94,
    0x11, 0x84, 0x0e, 0x5b, 0x89, 0x21, 0x26, 0x19, 0x04, 0x29, 0x03, 0x21,
    0xa2, 0x18, 0x82, 0x18, 0xa3, 0x18, 0x04, 0x21, 0xa6, 0x31, 0x29, 0x42,
    0x8a, 0x52, 0x8a, 0x52, 0x8a, 0x52, 0x29, 0x42, 0xa7, 0x31, 0x04, 0x21,
    0xc3, 0x18, 0xc3, 0x18, 0xc3, 0x18, 0xc3, 0x18, 0xc3, 0x18, 0xa3, 0x18,
    0xc3, 0x18, 0xc3, 0x18, 0xe4, 0x20, 0xe4, 0x20, 0xe4, 0x18, 0xe4, 0x18,
    0x34, 0xa5, 0x15, 0xad, 0x34, 0xa5, 0x34, 0xa5, 0x14, 0xa5, 0x35, 0xad,
    0x34, 0xa5, 0x34, 0xa5, 0x14, 0xa5, 0x34, 0xa5, 0x35, 0xad, 0x15, 0xad,
    0x34, 0xa5, 0x34, 0xa5, 0x15, 0xad, 0x35, 0xad, 0x35, 0xad, 0x34, 0xa5,
    0x14, 0xa5, 0x34, 0xa5, 0x34, 0xa5, 0x34, 0xa5, 0x34, 0xa5, 0x14, 0xa5,
    0x35, 0xad, 0x35, 0xad, 0x35, 0xad, 0x34, 0xa5, 0x35, 0xad, 0x34, 0xa5,
    0x55, 0xad, 0xae, 0x73, 0x41, 0x08, 0x21, 0x08, 0x61, 0x08, 0xa7, 0x31,
    0x08, 0x42, 0xe8, 0x41, 0x08, 0x42, 0x04, 0x21, 0x41, 0x08, 0x41, 0x08,
    0xaf, 0x73, 0xf4, 0x9c, 0xaa, 0x5a, 0xa7, 0x39, 0xa7, 0x39, 0xc7, 0x39,
    0xc7, 0x39, 0xc7, 0x39, 0xc7, 0x39, 0xc7, 0x39, 0xc7, 0x39, 0xa7, 0x39,
    0xc6, 0x39, 0xa7, 0x39, 0xa7, 0x31, 0xa6, 0x31, 0xa7, 0x39, 0xa6, 0x31,
    0xa7, 0x39, 0x04, 0x21, 0x82, 0x10, 0x45, 0x29, 0x35, 0xa5, 0x76, 0xb5,
    0x35, 0xa5, 0x8a, 0x52, 0x04, 0x21, 0x62, 0x10, 0xa3, 0x18, 0xec, 0x62,
    0x96, 0xb5, 0x76, 0xad, 0xf4, 0x9c, 0x25, 0x29, 0x62, 0x08, 0x61, 0x08,
    0xa3, 0x18, 0xf4, 0x9c, 0x55, 0xb5, 0xf2, 0xac, 0x31, 0x84, 0x45, 0x29,
    0xc3, 0x18, 0x82, 0x10, 0xe8, 0x41, 0x15, 0xa5, 0xb7, 0xb5, 0x96, 0xad,
    0xf8, 0xbd, 0x19, 0xc6, 0xd3, 0x9c, 0x45, 0x29, 0xa3, 0x10, 0x82, 0x10,
    0x86, 0x31, 0x72, 0x8c, 0x76, 0xb5, 0xd7, 0xb5, 0x97, 0xb5, 0x97, 0xb5,
    0x96, 0xb5, 0xb3, 0x94, 0x66, 0x29, 0xa2, 0x10, 0xc3, 0x18, 0xc3, 0x10,
    0xa3, 0x10, 0xa2, 0x10, 0xa2, 0x18, 0xa3, 0x10, 0xa2, 0x18, 0xa2, 0x10,
    0x83, 0x10, 0x82, 0x18, 0x82, 0x10, 0x62, 0x10, 0x82, 0x10, 0x82, 0x10,
    0x82, 0x10, 0x82, 0x10, 0x83, 0x10, 0x82, 0x10, 0x62, 0x10, 0x83, 0x08,
    0xeb, 0x29, 0xef, 0x4a, 0x12, 0x7c, 0x32, 0x7c, 0xf2, 0x73, 0xb4, 0x94,
    0x53, 0x84, 0xb0, 0x32, 0x0e, 0x12, 0x50, 0x5b, 0x35, 0xad, 0x35, 0xa5,
    0x9a, 0xd6, 0x7d, 0xf7, 0x7e, 0xf7, 0x9d, 0xf7, 0x7e, 0xef, 0x7e, 0xef,
    0x5d, 0xef, 0xfc, 0xe6, 0x18, 0xc6, 0x75, 0xad, 0x35, 0xad, 0x14, 0xa5,
    0x92, 0x94, 0xd0, 0x73, 0xad, 0x4a, 0xa9, 0x29, 0x46, 0x21, 0xc3, 0x18,
    0x82, 0x10, 0x82, 0x10, 0xa3, 0x10, 0x25, 0x21, 0xa7, 0x39, 0x08, 0x42,
    0x49, 0x4a, 0x4a, 0x4a, 0x29, 0x4a, 0xc7, 0x39, 0x45, 0x29, 0xc3, 0x18,
    0xc4, 0x18, 0xe4, 0x18, 0xe4, 0x20, 0xe4, 0x20, 0xe4, 0x18, 0xe4, 0x18,
    0xe4, 0x18, 0xe4, 0x18, 0xe4, 0x20, 0x04, 0x21, 0xe4, 0x20, 0x04, 0x21,
    0x34, 0xa5, 0x34, 0xa5, 0x14, 0xa5, 0x35, 0xad, 0x34, 0xa5, 0x34, 0xa5,
    0x35, 0xad, 0x15, 0xad, 0x35, 0xad, 0x14, 0xa5, 0x34, 0xa5, 0x34, 0xa5,
    0x35, 0xad, 0x35, 0xad, 0x34, 0xa5, 0x14, 0xa5, 0x34, 0xa5, 0x34, 0xa5,
    0x34, 0xa5, 0x35, 0xad, 0x35, 0xad, 0x34, 0xa5, 0x35, 0xad, 0x35, 0xad,
    0x34, 0xa5, 0x34, 0xa5, 0x14, 0xa5, 0x35, 0xad, 0x34, 0xa5, 0x34, 0xa5,
    0x35, 0xad, 0x92, 0x94, 0xe3, 0x18, 0x21, 0x08, 0x21, 0x08, 0x45, 0x29,
    0x08, 0x42, 0xe7, 0x41, 0x08, 0x42, 0x86, 0x31, 0x41, 0x08, 0x00, 0x00,
    0x49, 0x4a, 0xb3, 0x94, 0x0c, 0x63, 0xc7, 0x39, 0xe7, 0x39, 0xc7, 0x39,
    0xc7, 0x39, 0xc7, 0x39, 0xc7, 0x39, 0xc7, 0x39, 0xa7, 0x39, 0xa7, 0x39,
    0xc7, 0x39, 0xa6, 0x31, 0xa7, 0x39, 0xa7, 0x39, 0xa7, 0x31, 0xa7, 0x31,
    0x86, 0x31, 0x82, 0x10, 0xa3, 0x10, 0x0c, 0x63, 0xd7, 0xb5, 0xb7, 0xb5,
    0x72, 0x94, 0x86, 0x31, 0xa3, 0x10, 0xa3, 0x10, 0x66, 0x29, 0x76, 0xad,
    0xb6, 0xb5, 0x76, 0xad, 0x0c, 0x63, 0x62, 0x10, 0x41, 0x08, 0x21, 0x00,
    0xcb, 0x5a, 0x18, 0xbe, 0x55, 0xb5, 0x76, 0xb5, 0x76, 0xad, 0x29, 0x4a,
    0xe3, 0x18, 0x82, 0x10, 0x04, 0x21, 0x51, 0x8c, 0x97, 0xad, 0xb7, 0xb5,
    0x7a, 0xd6, 0x39, 0xce, 0x96, 0xad, 0x8b, 0x52, 0xa3, 0x10, 0x82, 0x10,
    0xc3, 0x18, 0x4d, 0x6b, 0x97, 0xb5, 0x97, 0xb5, 0x97, 0xb5, 0xf8, 0xbd,
    0x18, 0xbe, 0x97, 0xb5, 0xab, 0x5a, 0xa2, 0x10, 0xa3, 0x18, 0xa3, 0x18,
    0xa3, 0x10, 0xa3, 0x18, 0xa3, 0x10, 0xa3, 0x18, 0xa3, 0x10, 0xa3, 0x10,
    0xa2, 0x18, 0x83, 0x10, 0x82, 0x10, 0x62, 0x10, 0x82, 0x10, 0x82, 0x10,
    0x82, 0x10, 0x82, 0x10, 0x82, 0x10, 0x82, 0x10, 0x62, 0x08, 0x26, 0x19,
    0x2b, 0x3a, 0xad, 0x42, 0x4e, 0x6b, 0xcd, 0x4a, 0x2f, 0x5b, 0xd2, 0x73,
    0x51, 0x53, 0x0e, 0x12, 0x6e, 0x32, 0xd3, 0x94, 0x34, 0xa5, 0xd7, 0xbd,
    0x5d, 0xef, 0x9e, 0xf7, 0x7e, 0xef, 0x9e, 0xf7, 0x9d, 0xf7, 0x9e, 0xf7,
    0x7d, 0xef, 0x3d, 0xef, 0xba, 0xd6, 0xb6, 0xb5, 0x55, 0xad, 0x35, 0xad,
    0xd3, 0x9c, 0x51, 0x84, 0x6f, 0x63, 0x0b, 0x2a, 0x07, 0x11, 0x83, 0x08,
    0x62, 0x08, 0x82, 0x10, 0xc3, 0x18, 0x45, 0x29, 0xc7, 0x39, 0x29, 0x4a,
    0x49, 0x4a, 0x49, 0x4a, 0x08, 0x42, 0x86, 0x31, 0x04, 0x21, 0xc4, 0x18,
    0xe4, 0x20, 0x04, 0x21, 0x25, 0x21, 0x25, 0x29, 0x25, 0x21, 0x04, 0x21,
    0x04, 0x21, 0xe4, 0x20, 0xe4, 0x20, 0xe4, 0x18, 0x04, 0x21, 0x04, 0x21,
    0x34, 0xa5, 0x15, 0xad, 0x35, 0xad, 0x34, 0xa5, 0x15, 0xad, 0x34, 0xa5,
    0x14, 0xa5, 0x34, 0xa5, 0x34, 0xa5, 0x35, 0xad, 0x35, 0xad, 0x34, 0xa5,
    0x14, 0xa5, 0x34, 0xa5, 0x34, 0xa5, 0x34, 0xa5, 0x15, 0xad, 0x35, 0xad,
    0x35, 0xad, 0x34, 0xa5, 0x14, 0xa5, 0x15, 0xad, 0x34, 0xa5, 0x14, 0xa5,
    0x34, 0xa5, 0x34, 0xa5, 0x15, 0xad, 0x34, 0xa5, 0x34, 0xa5, 0x15, 0xad,
    0x35, 0xad, 0x14, 0xa5, 0xc7, 0x39, 0x20, 0x00, 0x21, 0x08, 0xe4, 0x20,
    0xe8, 0x39, 0xe7, 0x41, 0xe7, 0x41, 0xc7, 0x39, 0x82, 0x10, 0x21, 0x00,
    0x25, 0x21, 0x10, 0x84, 0x49, 0x4a, 0xc7, 0x39, 0xc7, 0x39, 0xc7, 0x39,
    0xc7, 0x39, 0xc7, 0x39, 0xc7, 0x39, 0xc7, 0x39, 0xa7, 0x39, 0xc7, 0x31,
    0xa7, 0x31, 0xa7, 0x39, 0xa6, 0x39, 0xa6, 0x31, 0xa6, 0x31, 0xa6, 0x39,
    0x24, 0x21, 0x82, 0x10, 0xe4, 0x20, 0x92, 0x94, 0x76, 0xad, 0xf8, 0xbd,
    0xec, 0x5a, 0x04, 0x21, 0x82, 0x10, 0xe4, 0x18, 0x4e, 0x6b, 0xf8, 0xbd,
    0xb7, 0xbd, 0x14, 0xa5, 0x25, 0x21, 0x41, 0x08, 0x41, 0x08, 0x82, 0x10,
    0x15, 0xa5, 0x97, 0xad, 0xd8, 0xbd, 0xf8, 0xbd, 0x18, 0xc6, 0xd0, 0x7b,
    0xe4, 0x20, 0xa3, 0x18, 0x83, 0x10, 0xcb, 0x5a, 0x97, 0xb5, 0x59, 0xce,
    0x39, 0xc6, 0xd8, 0xbd, 0xd7, 0xbd, 0x10, 0x84, 0xe4, 0x20, 0xa2, 0x10,
    0x82, 0x10, 0xe8, 0x41, 0x35, 0xa5, 0x96, 0xad, 0xd7, 0xbd, 0x59, 0xce,
    0xf8, 0xbd, 0xb7, 0xb5, 0x11, 0x84, 0x25, 0x21, 0xa3, 0x18, 0xa3, 0x18,
    0xa3, 0x18, 0xa3, 0x18, 0xa2, 0x10, 0xa3, 0x10, 0xa2, 0x10, 0xa2, 0x10,
    0x83, 0x10, 0x82, 0x10, 0x62, 0x08, 0x41, 0x08, 0x62, 0x10, 0x82, 0x10,
    0x82, 0x10, 0x82, 0x10, 0x82, 0x10, 0x62, 0x08, 0xa4, 0x10, 0x4c, 0x3a,
    0x70, 0x63, 0x72, 0x84, 0x53, 0x7c, 0x53, 0x84, 0x15, 0x9d, 0x34, 0x7c,
    0x8f, 0x2a, 0x0e, 0x1a, 0xf1, 0x73, 0x55, 0xad, 0x55, 0xad, 0xdb, 0xde,
    0x9e, 0xf7, 0x9e, 0xf7, 0x7e, 0xf7, 0x7e, 0xef, 0x7e, 0xf7, 0x9d, 0xf7,
    0x9e, 0xf7, 0x5d, 0xef, 0x1c, 0xe7, 0x59, 0xce, 0x76, 0xb5, 0x55, 0xad,
    0x14, 0xa5, 0xb3, 0x94, 0x11, 0x84, 0xee, 0x52, 0xaa, 0x21, 0x06, 0x11,
    0x83, 0x10, 0x82, 0x10, 0x04, 0x21, 0x66, 0x31, 0xe8, 0x39, 0x28, 0x42,
    0x49, 0x4a, 0x08, 0x42, 0xa7, 0x39, 0x25, 0x29, 0xc3, 0x18, 0xe4, 0x18,
    0x04, 0x21, 0x25, 0x21, 0x45, 0x29, 0x45, 0x29, 0x25, 0x21, 0xe4, 0x20,
    0xe4, 0x18, 0xc4, 0x18, 0xe3, 0x18, 0xe4, 0x20, 0x04, 0x21, 0x25, 0x21,
    0x34, 0xa5, 0x35, 0xad, 0x34, 0xa5, 0x34, 0xa5, 0x34, 0xa5, 0x35, 0xad,
    0x35, 0xad, 0x34, 0xa5, 0x34, 0xa5, 0x34, 0xa5, 0x34, 0xa5, 0x15, 0xad,
    0x34, 0xa5, 0x14, 0xa5, 0x35, 0xad, 0x35, 0xad, 0x34, 0xa5, 0x34, 0xa5,
    0x14, 0xa5, 0x34, 0xa5, 0x34, 0xa5, 0x34, 0xa5, 0x34, 0xa5, 0x34, 0xa5,
    0x15, 0xad, 0x35, 0xad, 0x34, 0xa5, 0x14, 0xa5, 0x35, 0xad, 0x34, 0xa5,
    0x34, 0xa5, 0x55, 0xad, 0xec, 0x62, 0x21, 0x00, 0x20, 0x08, 0x82, 0x10,
    0xc7, 0x39, 0xe8, 0x39, 0xe8, 0x41, 0xe7, 0x39, 0xe3, 0x18, 0x41, 0x08,
    0x62, 0x10, 0x6a, 0x52, 0xa6, 0x39, 0xe7, 0x39, 0xc7, 0x39, 0xc7, 0x39,
    0xc7, 0x39, 0xc7, 0x39, 0xc7, 0x39, 0xc7, 0x39, 0xa7, 0x31, 0xc7, 0x39,
    0xa6, 0x39, 0xa6, 0x31, 0xa7, 0x31, 0xa7, 0x31, 0xa6, 0x31, 0xa6, 0x31,
    0x82, 0x10, 0xa3, 0x18, 0xc8, 0x39, 0x56, 0xad, 0x97, 0xb5, 0x35, 0xa5,
    0xa6, 0x31, 0xa3, 0x18, 0xc3, 0x18, 0x25, 0x21, 0x14, 0xa5, 0x96, 0xad,
    0x19, 0xc6, 0x4d, 0x6b, 0x82, 0x10, 0x41, 0x08, 0x00, 0x00, 0x29, 0x4a,
    0xd7, 0xbd, 0x76, 0xad, 0x5a, 0xce, 0x59, 0xce, 0x18, 0xc6, 0xf4, 0xa4,
    0xa6, 0x31, 0xc3, 0x18, 0x82, 0x10, 0x66, 0x29, 0x14, 0xa5, 0x39, 0xce,
    0xf8, 0xbd, 0xb7, 0xb5, 0xd7, 0xbd, 0x34, 0xad, 0xe8, 0x41, 0xa3, 0x10,
    0x82, 0x10, 0xe4, 0x20, 0xf0, 0x7b, 0xb7, 0xb5, 0x39, 0xce, 0xf8, 0xc5,
    0x96, 0xbd, 0xb7, 0xb5, 0x55, 0xad, 0x49, 0x4a, 0x82, 0x10, 0xa3, 0x10,
    0xa3, 0x10, 0xa2, 0x10, 0xa2, 0x18, 0xa3, 0x10, 0x82, 0x10, 0xa2, 0x18,
    0x83, 0x10, 0x62, 0x10, 0x61, 0x08, 0x41, 0x08, 0x62, 0x08, 0x62, 0x10,
    0x82, 0x10, 0x82, 0x10, 0x82, 0x10, 0x62, 0x10, 0x48, 0x19, 0x0b, 0x32,
    0xad, 0x4a, 0x4e, 0x63, 0xad, 0x4a, 0x70, 0x63, 0xf2, 0x73, 0xf0, 0x42,
    0xed, 0x11, 0xcf, 0x42, 0x14, 0xa5, 0x34, 0xa5, 0x39, 0xc6, 0x7d, 0xef,
    0x7e, 0xf7, 0x7e, 0xf7, 0x9d, 0xf7, 0x9d, 0xf7, 0x7e, 0xf7, 0x7e, 0xef,
    0x7e, 0xef, 0x7d, 0xef, 0x5d, 0xef, 0xdb, 0xde, 0xd7, 0xbd, 0x75, 0xad,
    0x55, 0xad, 0xf3, 0xa4, 0x72, 0x8c, 0xb0, 0x73, 0x8d, 0x42, 0x69, 0x19,
    0xe5, 0x10, 0xc3, 0x18, 0x25, 0x29, 0xa7, 0x31, 0xe8, 0x41, 0x28, 0x42,
    0x28, 0x42, 0xe8, 0x41, 0x86, 0x31, 0x04, 0x21, 0xc3, 0x18, 0xe4, 0x18,
    0x04, 0x21, 0x25, 0x21, 0x45, 0x29, 0x25, 0x21, 0x04, 0x21, 0xe4, 0x18,
    0xc3, 0x18, 0xe3, 0x18, 0xe4, 0x20, 0xe4, 0x20, 0x04, 0x21, 0xc7, 0x39,
    0x34, 0xa5, 0x14, 0xa5, 0x34, 0xa5, 0x35, 0xad, 0x14, 0xa5, 0x34, 0xa5,
    0x35, 0xad, 0x14, 0xa5, 0x35, 0xad, 0x15, 0xad, 0x14, 0xa5, 0x34, 0xa5,
    0x35, 0xad, 0x35, 0xad, 0x14, 0xa5, 0x34, 0xa5, 0x35, 0xad, 0x14, 0xa5,
    0x34, 0xa5, 0x15, 0xad, 0x35, 0xad, 0x35, 0xad, 0x35, 0xad, 0x15, 0xad,
    0x34, 0xa5, 0x34, 0xa5, 0x35, 0xad, 0x34, 0xa5, 0x34, 0xa5, 0x34, 0xa5,
    0x15, 0xad, 0x55, 0xad, 0x10, 0x84, 0x82, 0x10, 0x20, 0x00, 0x41, 0x08,
    0x86, 0x31, 0xe8, 0x41, 0xe8, 0x39, 0x08, 0x42, 0x45, 0x29, 0x82, 0x10,
    0xa3, 0x10, 0x62, 0x10, 0xc3, 0x18, 0x86, 0x31, 0xc7, 0x39, 0xc7, 0x39,
    0xc7, 0x39, 0xc7, 0x39, 0xc7, 0x39, 0xa7, 0x39, 0xa7, 0x39, 0xc7, 0x39,
    0xa6, 0x39, 0xa7, 0x39, 0xa6, 0x31, 0xa7, 0x39, 0xa7, 0x39, 0x45, 0x29,
    0x82, 0x10, 0xc3, 0x18, 0xcf, 0x7b, 0xb7, 0xb5, 0x18, 0xc6, 0x4d, 0x6b,
    0x04, 0x21, 0x82, 0x10, 0xc3, 0x18, 0x6a, 0x4a, 0xb7, 0xb5, 0x97, 0xb5,
    0xb7, 0xb5, 0x86, 0x31, 0x82, 0x10, 0x21, 0x00, 0x41, 0x08, 0x92, 0x94,
    0xb7, 0xb5, 0x18, 0xc6, 0x7a, 0xce, 0x39, 0xc6, 0xb7, 0xbd, 0xb7, 0xb5,
    0xcb, 0x5a, 0xe3, 0x18, 0x82, 0x10, 0xa3, 0x10, 0x4e, 0x6b, 0x97, 0xb5,
    0xb7, 0xb5, 0x96, 0xb5, 0xb7, 0xbd, 0xb7, 0xbd, 0x6e, 0x6b, 0xa3, 0x18,
    0x82, 0x10, 0x82, 0x10, 0x6a, 0x4a, 0xb7, 0xb5, 0x39, 0xce, 0xb5, 0xc5,
    0x95, 0xbd, 0xb7, 0xbd, 0x96, 0xb5, 0xcf, 0x7b, 0xe4, 0x18, 0xa3, 0x18,
    0xa2, 0x10, 0xa3, 0x10, 0xa3, 0x10, 0xa2, 0x10, 0xa3, 0x18, 0xa3, 0x10,
    0x82, 0x10, 0x62, 0x10, 0x61, 0x08, 0x62, 0x08, 0x41, 0x08, 0x41, 0x08,
    0x62, 0x10, 0x82, 0x10, 0x62, 0x08, 0xc5, 0x10, 0xad, 0x4a, 0x4f, 0x63,
    0x32, 0x84, 0x32, 0x7c, 0x73, 0x84, 0xd4, 0x94, 0xd3, 0x6b, 0x4e, 0x22,
    0x2e, 0x22, 0x72, 0x84, 0x35, 0xad, 0x96, 0xb5, 0x1c, 0xe7, 0x7e, 0xf7,
    0x9e, 0xf7, 0x7e, 0xf7, 0x7e, 0xef, 0x9e, 0xf7, 0x9e, 0xf7, 0x9e, 0xf7,
    0x7e, 0xf7, 0x9d, 0xf7, 0x7d, 0xef, 0x3c, 0xe7, 0x9a, 0xd6, 0x96, 0xb5,
    0x75, 0xad, 0x34, 0xa5, 0xd3, 0x9c, 0x31, 0x84, 0x70, 0x63, 0x0c, 0x32,
    0x68, 0x19, 0x26, 0x21, 0x65, 0x29, 0xc7, 0x39, 0xe8, 0x41, 0x08, 0x42,
    0x08, 0x42, 0xa7, 0x31, 0x25, 0x29, 0xe3, 0x18, 0xc4, 0x18, 0xe4, 0x20,
    0x24, 0x21, 0x25, 0x29, 0x25, 0x29, 0x04, 0x21, 0xe4, 0x20, 0xc4, 0x18,
    0xc3, 0x18, 0xc3, 0x18, 0xe4, 0x18, 0xe4, 0x20, 0x86, 0x31, 0x4a, 0x4a,
    0x34, 0xa5, 0x35, 0xad, 0x15, 0xad, 0x34, 0xa5, 0x35, 0xad, 0x34, 0xa5,
    0x14, 0xa5, 0x34, 0xa5, 0x35, 0xad, 0x34, 0xa5, 0x35, 0xad, 0x34, 0xa5,
    0x34, 0xa5, 0x35, 0xad, 0x34, 0xa5, 0x34, 0xa5, 0x14, 0xa5, 0x35, 0xad,
    0x35, 0xad, 0x34, 0xa5, 0x34, 0xa5, 0x14, 0xa5, 0x34, 0xa5, 0x34, 0xa5,
    0x35, 0xad, 0x34, 0xa5, 0x14, 0xa5, 0x35, 0xad, 0x35, 0xad, 0x15, 0xad,
    0x34, 0xa5, 0x35, 0xad, 0xd3, 0x9c, 0x25, 0x29, 0x20, 0x00, 0x21, 0x08,
    0x24, 0x29, 0xe8, 0x41, 0xe7, 0x39, 0xe8, 0x41, 0xa7, 0x39, 0x45, 0x29,
    0xe3, 0x18, 0x20, 0x00, 0x20, 0x00, 0xa3, 0x18, 0xe7, 0x39, 0xc7, 0x39,
    0xc7, 0x39, 0xc7, 0x39, 0xc7, 0x39, 0xc7, 0x39, 0xa7, 0x39, 0xa6, 0x31,
    0xa7, 0x31, 0xa7, 0x31, 0xa6, 0x39, 0xa6, 0x31, 0xa6, 0x31, 0xa3, 0x18,
    0xa3, 0x10, 0x86, 0x31, 0x55, 0xad, 0xb7, 0xb5, 0x14, 0xa5, 0xc7, 0x39,
    0xc3, 0x18, 0xa3, 0x18, 0xe4, 0x18, 0x72, 0x94, 0xd7, 0xbd, 0x59, 0xce,
    0xaf, 0x73, 0x04, 0x21, 0x62, 0x10, 0x41, 0x08, 0x29, 0x42, 0xd7, 0xbd,
    0xb7, 0xbd, 0x39, 0xc6, 0x39, 0xc6, 0xf8, 0xbd, 0x96, 0xb5, 0xb7, 0xbd,
    0x31, 0x8c, 0x25, 0x21, 0xc3, 0x18, 0x62, 0x10, 0x08, 0x3a, 0x14, 0xa5,
    0x56, 0xad, 0x96, 0xb5, 0xb7, 0xb5, 0xb7, 0xbd, 0xb3, 0x94, 0x65, 0x29,
    0xa2, 0x10, 0x62, 0x10, 0x25, 0x29, 0x51, 0x8c, 0x97, 0xb5, 0x96, 0xb5,
    0x96, 0xb5, 0xb7, 0xbd, 0xb7, 0xbd, 0xf4, 0xa4, 0xa7, 0x31, 0x82, 0x10,
    0x82, 0x10, 0x82, 0x10, 0x83, 0x10, 0xa3, 0x10, 0xa2, 0x10, 0x82, 0x10,
    0x62, 0x10, 0x41, 0x08, 0x61, 0x08, 0x42, 0x08, 0x41, 0x08, 0x41, 0x08,
    0x41, 0x08, 0x62, 0x08, 0x82, 0x10, 0x69, 0x19, 0x4c, 0x32, 0x0e, 0x5b,
    0x8f, 0x6b, 0xee, 0x4a, 0xd1, 0x73, 0x13, 0x74, 0xb0, 0x32, 0x0d, 0x12,
    0x50, 0x5b, 0x35, 0xad, 0x34, 0xa5, 0x9a, 0xd6, 0x7e, 0xef, 0x7e, 0xf7,
    0x9d, 0xf7, 0x9d, 0xf7, 0x9e, 0xef, 0x7e, 0xf7, 0x7e, 0xf7, 0x9d, 0xf7,
    0x9e, 0xf7, 0x7e, 0xf7, 0x9e, 0xf7, 0x5d, 0xef, 0xfc, 0xe6, 0x18, 0xc6,
    0x76, 0xb5, 0x55, 0xad, 0x14, 0xa5, 0x92, 0x94, 0x11, 0x7c, 0xee, 0x52,
    0xeb, 0x29, 0xa9, 0x29, 0xa7, 0x31, 0xc7, 0x39, 0xe8, 0x41, 0xe8, 0x41,
    0xc7, 0x39, 0x86, 0x31, 0x25, 0x21, 0xe3, 0x18, 0xe4, 0x18, 0x04, 0x21,
    0x05, 0x21, 0x25, 0x29, 0x25, 0x21, 0x04, 0x21, 0xc4, 0x18, 0xc3, 0x18,
    0xc3, 0x18, 0xc3, 0x18, 0xe4, 0x18, 0x25, 0x29, 0x29, 0x42, 0x8b, 0x52,
    0x34, 0xa5, 0x15, 0xad, 0x34, 0xa5, 0x34, 0xa5, 0x34, 0xa5, 0x15, 0xad,
    0x35, 0xad, 0x34, 0xa5, 0x34, 0xa5, 0x14, 0xa5, 0x34, 0xa5, 0x35, 0xad,
    0x34, 0xa5, 0x14, 0xa5, 0x35, 0xad, 0x35, 0xad, 0x34, 0xa5, 0x34, 0xa5,
    0x35, 0xad, 0x34, 0xa5, 0x14, 0xa5, 0x34, 0xa5, 0x34, 0xa5, 0x15, 0xad,
    0x34, 0xa5, 0x35, 0xad, 0x14, 0xa5, 0x34, 0xa5, 0x34, 0xa5, 0x34, 0xa5,
    0x34, 0xa5, 0x35, 0xad, 0x35, 0xad, 0x49, 0x4a, 0x20, 0x00, 0x21, 0x00,
    0xc3, 0x18, 0xc7, 0x39, 0xe7, 0x39, 0xe7, 0x41, 0xe7, 0x41, 0xe7, 0x39,
    0x04, 0x21, 0x21, 0x00, 0x21, 0x08, 0x61, 0x08, 0xa6, 0x31, 0xc7, 0x39,
    0xc7, 0x39, 0xc7, 0x39, 0xc7, 0x39, 0xc7, 0x39, 0xa7, 0x31, 0xa6, 0x39,
    0xc6, 0x39, 0xa7, 0x39, 0xa7, 0x31, 0xa7, 0x39, 0x45, 0x29, 0x62, 0x08,
    0xa3, 0x10, 0x6d, 0x6b, 0x97, 0xbd, 0xb7, 0xbd, 0x4d, 0x6b, 0x25, 0x21,
    0x82, 0x10, 0xc3, 0x18, 0x09, 0x42, 0xb7, 0xbd, 0xb7, 0xbd, 0x76, 0xad,
    0xc7, 0x39, 0xe3, 0x20, 0x82, 0x10, 0x25, 0x21, 0xb3, 0x9c, 0xd7, 0xbd,
    0xb7, 0xbd, 0xd8, 0xbd, 0x18, 0xbe, 0x76, 0xb5, 0x97, 0xb5, 0x76, 0xad,
    0xf4, 0x9c, 0x08, 0x42, 0xc3, 0x18, 0x82, 0x10, 0x04, 0x21, 0xd0, 0x7b,
    0x35, 0xad, 0x76, 0xb5, 0x96, 0xb5, 0x97, 0xb5, 0x56, 0xad, 0xab, 0x52,
    0xa2, 0x18, 0x82, 0x10, 0xa3, 0x10, 0xcc, 0x5a, 0x35, 0xad, 0x76, 0xad,
    0x96, 0xb5, 0xb7, 0xb5, 0xb7, 0xbd, 0x35, 0xa5, 0x0d, 0x63, 0x82, 0x10,
    0x62, 0x08, 0x82, 0x10, 0x82, 0x10, 0xa3, 0x10, 0xa2, 0x10, 0x62, 0x10,
    0x42, 0x08, 0x61, 0x08, 0x41, 0x08, 0x41, 0x08, 0x41, 0x08, 0x21, 0x08,
    0x41, 0x08, 0x41, 0x08, 0x06, 0x19, 0xcd, 0x4a, 0x70, 0x63, 0x31, 0x84,
    0xd1, 0x73, 0x32, 0x7c, 0x73, 0x84, 0x72, 0x5b, 0x0e, 0x1a, 0x6e, 0x2a,
    0xb3, 0x94, 0x35, 0xad, 0xd7, 0xbd, 0x5d, 0xef, 0x9e, 0xf7, 0x9e, 0xef,
    0x7e, 0xf7, 0x7e, 0xf7, 0x9d, 0xf7, 0x9e, 0xf7, 0x7e, 0xef, 0x7d, 0xef,
    0x7d, 0xef, 0x9e, 0xf7, 0x7e, 0xef, 0x7d, 0xef, 0x5d, 0xef, 0xba, 0xd6,
    0xb7, 0xbd, 0x75, 0xad, 0x34, 0xad, 0xf3, 0x9c, 0x72, 0x8c, 0xd0, 0x73,
    0x8d, 0x42, 0x0b, 0x32, 0xe8, 0x39, 0xc7, 0x39, 0xe7, 0x39, 0xe8, 0x41,
    0xc7, 0x39, 0x86, 0x31, 0x04, 0x21, 0xe4, 0x18, 0xe4, 0x18, 0x05, 0x21,
    0x25, 0x21, 0x04, 0x21, 0x04, 0x21, 0xe4, 0x18, 0xc3, 0x18, 0xc3, 0x18,
    0xa3, 0x18, 0xc3, 0x18, 0xe4, 0x18, 0xa7, 0x39, 0x6a, 0x52, 0xcb, 0x5a,
    0x34, 0xa5, 0x34, 0xa5, 0x34, 0xa5, 0x35, 0xad, 0x14, 0xa5, 0x34, 0xa5,
    0x34, 0xa5, 0x35, 0xad, 0x15, 0xad, 0x34, 0xa5, 0x34, 0xa5, 0x14, 0xa5,
    0x15, 0xad, 0x34, 0xa5, 0x14, 0xa5, 0x34, 0xa5, 0x35, 0xad, 0x14, 0xa5,
    0x34, 0xa5, 0x15, 0xad, 0x35, 0xad, 0x35, 0xad, 0x35, 0xad, 0x34, 0xa5,
    0x14, 0xa5, 0x34, 0xa5, 0x35, 0xad, 0x35, 0xad, 0x14, 0xa5, 0x14, 0xa5,
    0x35, 0xad, 0x34, 0xa5, 0x55, 0xad, 0x6d, 0x6b, 0x41, 0x08, 0x21, 0x08,
    0x62, 0x08, 0xa6, 0x31, 0xe8, 0x41, 0xe8, 0x41, 0xe8, 0x39, 0xe8, 0x41,
    0x86, 0x31, 0x21, 0x08, 0x21, 0x08, 0x21, 0x08, 0x45, 0x29, 0xc7, 0x39,
    0xc7, 0x39, 0xc7, 0x39, 0xc7, 0x39, 0xa7, 0x39, 0xa7, 0x39, 0xc7, 0x31,
    0xa7, 0x39, 0xa6, 0x31, 0xa6, 0x31, 0xa7, 0x39, 0xc3, 0x18, 0x62, 0x10,
    0x45, 0x29, 0xf4, 0x9c, 0x96, 0xb5, 0x14, 0xa5, 0xe7, 0x39, 0xc3, 0x18,
    0x82, 0x10, 0xe4, 0x18, 0x51, 0x8c, 0xd7, 0xbd, 0xd8, 0xbd, 0x6e, 0x73,
    0x24, 0x21, 0x82, 0x10, 0xa3, 0x10, 0x8a, 0x52, 0x97, 0xb5, 0xb7, 0xbd,
    0xd7, 0xbd, 0xd7, 0xbd, 0x97, 0xb5, 0x35, 0xad, 0xb7, 0xb5, 0xd7, 0xbd,
    0x76, 0xad, 0x6e, 0x73, 0xe4, 0x18, 0xa3, 0x18, 0xa2, 0x10, 0x8a, 0x52,
    0x35, 0xad, 0x76, 0xb5, 0x96, 0xb5, 0x35, 0xa5, 0x56, 0xad, 0x31, 0x84,
    0x04, 0x21, 0x82, 0x10, 0x82, 0x10, 0xa7, 0x31, 0x72, 0x8c, 0x55, 0xad,
    0x76, 0xb5, 0x96, 0xb5, 0xb7, 0xb5, 0x96, 0xb5, 0x93, 0x94, 0x45, 0x29,
    0x41, 0x08, 0x62, 0x10, 0x82, 0x10, 0xa3, 0x10, 0x82, 0x10, 0x62, 0x10,
    0x61, 0x08, 0x61, 0x08, 0x62, 0x08, 0x41, 0x08, 0x41, 0x08, 0x21, 0x00,
    0x20, 0x08, 0x62, 0x08, 0xaa, 0x21, 0xae, 0x42, 0xf1, 0x73, 0xd0, 0x73,
    0x50, 0x5b, 0x53, 0x84, 0x13, 0x74, 0x6f, 0x2a, 0x0d, 0x1a, 0xd1, 0x6b,
    0x55, 0xad, 0x55, 0xad, 0xdb, 0xde, 0x7e, 0xf7, 0x7e, 0xf7, 0x9d, 0xf7,
    0x9e, 0xf7, 0x7e, 0xef, 0x7e, 0xef, 0x7d, 0xf7, 0x9e, 0xf7, 0x9e, 0xf7,
    0x7e, 0xf7, 0x7e, 0xf7, 0x9e, 0xf7, 0x7e, 0xf7, 0x7d, 0xef, 0x1c, 0xe7,
    0x59, 0xce, 0x96, 0xb5, 0x75, 0xad, 0x14, 0xa5, 0xd3, 0x9c, 0x31, 0x84,
    0x50, 0x63, 0x4d, 0x3a, 0x2b, 0x3a, 0xe8, 0x39, 0xe7, 0x41, 0xe8, 0x39,
    0xc7, 0x39, 0x86, 0x39, 0x65, 0x31, 0x25, 0x29, 0x04, 0x21, 0x04, 0x21,
    0x04, 0x21, 0xe4, 0x18, 0xc3, 0x18, 0xc3, 0x18, 0xa3, 0x10, 0xa2, 0x18,
    0xa3, 0x18, 0xa3, 0x18, 0x45, 0x29, 0x29, 0x42, 0x8b, 0x52, 0xcc, 0x5a,
    0x34, 0xa5, 0x15, 0xad, 0x35, 0xad, 0x34, 0xa5, 0x15, 0xad, 0x34, 0xa5,
    0x35, 0xad, 0x14, 0xa5, 0x34, 0xa5, 0x35, 0xad, 0x35, 0xad, 0x35, 0xad,
    0x34, 0xa5, 0x35, 0xad, 0x34, 0xa5, 0x34, 0xa5, 0x14, 0xa5, 0x35, 0xad,
    0x35, 0xad, 0x34, 0xa5, 0x34, 0xa5, 0x34, 0xa5, 0x14, 0xa5, 0x35, 0xad,
    0x35, 0xad, 0x34, 0xa5, 0x14, 0xa5, 0x34, 0xa5, 0x35, 0xad, 0x35, 0xad,
    0x34, 0xa5, 0x14, 0xa5, 0x35, 0xad, 0x71, 0x8c, 0xc3, 0x18, 0x21, 0x08,
    0x21, 0x08, 0x45, 0x29, 0xe8, 0x41, 0xe7, 0x39, 0xe8, 0x39, 0xe8, 0x41,
    0xc7, 0x39, 0x61, 0x08, 0x21, 0x08, 0x21, 0x00, 0xc3, 0x18, 0xe7, 0x39,
    0xc7, 0x39, 0xc7, 0x39, 0xc7, 0x39, 0xa7, 0x39, 0xc7, 0x39, 0xa6, 0x31,
    0xa7, 0x39, 0xa7, 0x31, 0xa6, 0x39, 0x65, 0x29, 0x82, 0x10, 0xa3, 0x10,
    0x0c, 0x63, 0x56, 0xad, 0x76, 0xb5, 0x6e, 0x6b, 0x45, 0x29, 0x62, 0x10,
    0xa3, 0x10, 0x08, 0x42, 0x76, 0xb5, 0xb7, 0xbd, 0x75, 0xad, 0xc7, 0x39,
    0xe4, 0x18, 0x62, 0x08, 0xe4, 0x20, 0x93, 0x94, 0x97, 0xb5, 0xb7, 0xbd,
    0xd7, 0xbd, 0x8e, 0x73, 0xab, 0x5a, 0x14, 0xa5, 0xb7, 0xb5, 0xb7, 0xb5,
    0x97, 0xb5, 0xb3, 0x94, 0x66, 0x29, 0xc3, 0x18, 0x62, 0x10, 0x66, 0x29,
    0x72, 0x8c, 0x76, 0xb5, 0x96, 0xb5, 0xb7, 0xb5, 0x97, 0xb5, 0x35, 0xa5,
    0x09, 0x42, 0xa3, 0x10, 0x82, 0x10, 0xc4, 0x18, 0x4e, 0x6b, 0x35, 0xad,
    0x56, 0xb5, 0x96, 0xb5, 0x56, 0xad, 0x55, 0xad, 0x35, 0xa5, 0xec, 0x5a,
    0x82, 0x10, 0x61, 0x08, 0x82, 0x10, 0x83, 0x10, 0x62, 0x10, 0x62, 0x08,
    0x41, 0x08, 0x42, 0x08, 0x41, 0x08, 0x41, 0x08, 0x21, 0x08, 0x21, 0x08,
    0x20, 0x00, 0x47, 0x19, 0xac, 0x4a, 0xcd, 0x52, 0xaf, 0x73, 0x2f, 0x5b,
    0xb1, 0x73, 0xf2, 0x6b, 0x72, 0x5b, 0x2e, 0x22, 0xcf, 0x3a, 0xf4, 0xa4,
    0x34, 0xa5, 0x38, 0xc6, 0x7d, 0xef, 0x7e, 0xf7, 0x9e, 0xf7, 0x7e, 0xf7,
    0x7d, 0xf7, 0x9e, 0xf7, 0x9e, 0xf7, 0x7e, 0xf7, 0x7e, 0xf7, 0x9d, 0xf7,
    0x9e, 0xf7, 0x9e, 0xf7, 0x7d, 0xef, 0x9e, 0xf7, 0x7e, 0xf7, 0x5d, 0xef,
    0xfb, 0xde, 0xf8, 0xc5, 0x76, 0xb5, 0x55, 0xad, 0x14, 0xa5, 0x92, 0x94,
    0x11, 0x7c, 0x0f, 0x53, 0x4c, 0x3a, 0x0a, 0x3a, 0xe8, 0x39, 0xe7, 0x39,
    0xc7, 0x41, 0xc7, 0x39, 0xa6, 0x39, 0x86, 0x31, 0x45, 0x29, 0x04, 0x21,
    0xc4, 0x18, 0xa3, 0x18, 0xa3, 0x10, 0x82, 0x10, 0x82, 0x10, 0xa3, 0x10,
    0xa3, 0x10, 0xe4, 0x20, 0xc7, 0x39, 0x4a, 0x4a, 0xab, 0x5a, 0xcc, 0x5a,
    0x34, 0xa5, 0x35, 0xad, 0x14, 0xa5, 0x34, 0xa5, 0x34, 0xa5, 0x35, 0xad,
    0x34, 0xa5, 0x34, 0xa5, 0x34, 0xa5, 0x14, 0xa5, 0x35, 0xad, 0x34, 0xa5,
    0x34, 0xa5, 0x34, 0xa5, 0x35, 0xad, 0x15, 0xad, 0x35, 0xad, 0x34, 0xa5,
    0x34, 0xa5, 0x14, 0xa5, 0x34, 0xa5, 0x34, 0xa5, 0x14, 0xa5, 0x34, 0xa5,
    0x34, 0xa5, 0x35, 0xad, 0x34, 0xa5, 0x15, 0xad, 0x34, 0xa5, 0x34, 0xa5,
    0x35, 0xad, 0x35, 0xad, 0x35, 0xad, 0x14, 0xa5, 0x86, 0x31, 0x00, 0x00,
    0x20, 0x00, 0xe4, 0x20, 0xe7, 0x39, 0xe7, 0x41, 0xe7, 0x39, 0xe7, 0x39,
    0xe8, 0x39, 0xc3, 0x18, 0x20, 0x00, 0x21, 0x08, 0x61, 0x08, 0xa7, 0x39,
    0xc7, 0x39, 0xc7, 0x39, 0xc7, 0x39, 0xa6, 0x31, 0xa7, 0x31, 0xa6, 0x39,
    0xa6, 0x39, 0x66, 0x29, 0xa7, 0x31, 0xe3, 0x18, 0x82, 0x10, 0xa7, 0x39,
    0x15, 0xa5, 0x55, 0xad, 0xf4, 0x9c, 0x08, 0x42, 0xc3, 0x18, 0x82, 0x10,
    0xa3, 0x10, 0x11, 0x84, 0x96, 0xb5, 0xd7, 0xbd, 0xaf, 0x7b, 0x24, 0x21,
    0xa2, 0x10, 0x62, 0x10, 0x6a, 0x4a, 0x96, 0xb5, 0x55, 0xad, 0xd7, 0xbd,
    0x51, 0x8c, 0x82, 0x10, 0xe4, 0x18, 0x10, 0x84, 0xd8, 0xbd, 0x76, 0xad,
    0xf8, 0xbd, 0xf8, 0xbd, 0xec, 0x5a, 0xc3, 0x18, 0x82, 0x10, 0xa3, 0x18,
    0x2d, 0x6b, 0x55, 0xad, 0xb7, 0xb5, 0xb7, 0xb5, 0x96, 0xb5, 0x76, 0xad,
    0xcf, 0x7b, 0xc3, 0x18, 0x82, 0x10, 0x82, 0x10, 0x08, 0x42, 0xb3, 0x9c,
    0x56, 0xb5, 0x76, 0xad, 0x76, 0xad, 0x76, 0xad, 0x76, 0xb5, 0x15, 0xa5,
    0xec, 0x62, 0x82, 0x10, 0x82, 0x10, 0x82, 0x10, 0x62, 0x08, 0x61, 0x08,
    0x41, 0x08, 0x41, 0x08, 0x41, 0x08, 0x21, 0x08, 0x20, 0x00, 0x00, 0x00,
    0x63, 0x08, 0x2c, 0x2a, 0x2f, 0x5b, 0x32, 0x84, 0x12, 0x74, 0xf2, 0x6b,
    0x53, 0x7c, 0xb2, 0x63, 0x71, 0x5b, 0xcf, 0x42, 0x32, 0x84, 0x35, 0xad,
    0x76, 0xb5, 0x3c, 0xe7, 0x9e, 0xf7, 0x7e, 0xf7, 0x9e, 0xf7, 0x9d, 0xef,
    0x7e, 0xef, 0x7e, 0xf7, 0x9d, 0xf7, 0x9e, 0xf7, 0x9e, 0xef, 0x7d, 0xef,
    0x7e, 0xf7, 0x7e, 0xef, 0x9e, 0xf7, 0x9d, 0xf7, 0x9e, 0xf7, 0x7d, 0xef,
    0x3c, 0xe7, 0x9a, 0xd6, 0x96, 0xb5, 0x55, 0xad, 0x34, 0xa5, 0xd3, 0x9c,
    0x52, 0x8c, 0xb0, 0x6b, 0x8d, 0x42, 0x0b, 0x32, 0xe9, 0x39, 0xc7, 0x39,
    0xa6, 0x31, 0xa7, 0x39, 0xa6, 0x39, 0xa6, 0x31, 0x86, 0x31, 0x45, 0x29,
    0x04, 0x21, 0xc4, 0x18, 0xa3, 0x10, 0x82, 0x10, 0x82, 0x10, 0xa2, 0x10,
    0xc3, 0x18, 0x66, 0x31, 0x08, 0x42, 0x8a, 0x52, 0xcb, 0x5a, 0xcc, 0x5a,
    0x34, 0xa5, 0x14, 0xa5, 0x34, 0xa5, 0x35, 0xad, 0x34, 0xa5, 0x34, 0xa5,
    0x15, 0xad, 0x15, 0xad, 0x35, 0xad, 0x34, 0xa5, 0x34, 0xa5, 0x14, 0xa5,
    0x34, 0xa5, 0x35, 0xad, 0x14, 0xa5, 0x34, 0xa5, 0x34, 0xa5, 0x34, 0xa5,
    0x14, 0xa5, 0x35, 0xad, 0x35, 0xad, 0x35, 0xad, 0x35, 0xad, 0x35, 0xad,
    0x14, 0xa5, 0x34, 0xa5, 0x35, 0xad, 0x34, 0xa5, 0x34, 0xa5, 0x14, 0xa5,
    0x14, 0xa5, 0x34, 0xa5, 0x35, 0xad, 0x55, 0xad, 0xab, 0x52, 0x20, 0x00,
    0x20, 0x08, 0x82, 0x10, 0xc7, 0x39, 0xe8, 0x39, 0xe7, 0x39, 0xc7, 0x41,
    0xe8, 0x41, 0x45, 0x29, 0x20, 0x00, 0x21, 0x08, 0x41, 0x08, 0x65, 0x29,
    0xc7, 0x39, 0xc7, 0x39, 0xa7, 0x39, 0xa7, 0x39, 0xa6, 0x31, 0xc7, 0x39,
    0x66, 0x29, 0xa3, 0x18, 0x65, 0x31, 0x82, 0x10, 0xc3, 0x18, 0xf0, 0x7b,
    0xd7, 0xbd, 0x76, 0xad, 0x8f, 0x73, 0x45, 0x29, 0x82, 0x10, 0xa3, 0x18,
    0x08, 0x42, 0x56, 0xad, 0x76, 0xad, 0x35, 0xa5, 0xe8, 0x41, 0xe4, 0x20,
    0x82, 0x10, 0x25, 0x21, 0xb3, 0x94, 0x75, 0xb5, 0x12, 0xb5, 0x97, 0xb5,
    0x08, 0x42, 0x62, 0x08, 0xc3, 0x18, 0x8b, 0x52, 0x97, 0xb5, 0xb7, 0xb5,
    0x59, 0xce, 0x18, 0xc6, 0x52, 0x8c, 0x04, 0x21, 0xa3, 0x10, 0x82, 0x10,
    0xe8, 0x39, 0xf4, 0x9c, 0xb7, 0xb5, 0x76, 0xad, 0xd7, 0xbd, 0xf8, 0xbd,
    0x56, 0xad, 0xc7, 0x39, 0x82, 0x10, 0x82, 0x10, 0x04, 0x21, 0xaf, 0x73,
    0x55, 0xad, 0x76, 0xb5, 0xd7, 0xbd, 0xb7, 0xb5, 0x96, 0xb5, 0xb7, 0xb5,
    0xb3, 0x94, 0x66, 0x31, 0x82, 0x10, 0x62, 0x08, 0x42, 0x08, 0x61, 0x08,
    0x41, 0x08, 0x41, 0x08, 0x21, 0x08, 0x21, 0x00, 0x20, 0x00, 0x21, 0x00,
    0x68, 0x21, 0x4b, 0x42, 0xcd, 0x52, 0x6e, 0x6b, 0xee, 0x52, 0x90, 0x6b,
    0x13, 0x74, 0xb2, 0x63, 0x30, 0x53, 0xf1, 0x73, 0x35, 0xad, 0x35, 0xa5,
    0x9a, 0xd6, 0x7d, 0xef, 0x7e, 0xf7, 0x7d, 0xf7, 0x9e, 0xef, 0x7e, 0xf7,
    0x9e, 0xf7, 0x9e, 0xf7, 0x7d, 0xef, 0x7e, 0xf7, 0x9e, 0xf7, 0x9e, 0xf7,
    0x7e, 0xf7, 0x9e, 0xf7, 0x7d, 0xf7, 0x7e, 0xf7, 0x7e, 0xef, 0x9e, 0xf7,
    0x7d, 0xef, 0x1c, 0xe7, 0x39, 0xce, 0x76, 0xb5, 0x55, 0xad, 0x14, 0xa5,
    0xb3, 0x94, 0x31, 0x84, 0x50, 0x5b, 0x4c, 0x3a, 0x0a, 0x3a, 0xc7, 0x39,
    0x86, 0x31, 0x86, 0x31, 0x86, 0x39, 0xa7, 0x39, 0xe8, 0x41, 0x29, 0x42,
    0x49, 0x4a, 0x29, 0x4a, 0x08, 0x42, 0xc7, 0x39, 0x66, 0x31, 0x46, 0x29,
    0xe8, 0x39, 0x6a, 0x52, 0xab, 0x52, 0xcc, 0x5a, 0xcb, 0x5a, 0xab, 0x5a,
    0x34, 0xa5, 0x35, 0xad, 0x35, 0xad, 0x34, 0xa5, 0x15, 0xad, 0x34, 0xa5,
    0x34, 0xa5, 0x34, 0xa5, 0x34, 0xa5, 0x35, 0xad, 0x14, 0xa5, 0x35, 0xad,
    0x35, 0xad, 0x15, 0xad, 0x34, 0xa5, 0x34, 0xa5, 0x35, 0xad, 0x14, 0xa5,
    0x35, 0xad, 0x35, 0xad, 0x14, 0xa5, 0x14, 0xa5, 0x34, 0xa5, 0x34, 0xa5,
    0x35, 0xad, 0x14, 0xa5, 0x14, 0xa5, 0x34, 0xa5, 0x35, 0xad, 0x35, 0xad,
    0x35, 0xad, 0x14, 0xa5, 0x34, 0xa5, 0x55, 0xad, 0xcf, 0x7b, 0x62, 0x10,
    0x21, 0x00, 0x41, 0x08, 0x86, 0x31, 0xe7, 0x39, 0xe8, 0x41, 0xe8, 0x41,
    0xe8, 0x39, 0xa6, 0x39, 0x41, 0x08, 0x21, 0x08, 0x21, 0x00, 0xe3, 0x18,
    0xc7, 0x39, 0xc7, 0x39, 0xa7, 0x39, 0xc7, 0x39, 0xa7, 0x39, 0xa7, 0x39,
    0xe3, 0x18, 0x61, 0x08, 0xc3, 0x18, 0xa3, 0x10, 0xa7, 0x31, 0x56, 0xad,
    0x97, 0xb5, 0x55, 0xad, 0x08, 0x42, 0xe3, 0x18, 0xa2, 0x10, 0x04, 0x21,
    0xb3, 0x9c, 0xd7, 0xbd, 0x76, 0xad, 0xaf, 0x73, 0x24, 0x29, 0xa2, 0x10,
    0xa3, 0x18, 0xec, 0x5a, 0x18, 0xc6, 0x75, 0xb5, 0x96, 0xbd, 0x31, 0x84,
    0x04, 0x21, 0xc3, 0x18, 0xa3, 0x10, 0x66, 0x31, 0x14, 0xa5, 0x39, 0xce,
    0x18, 0xce, 0xb6, 0xbd, 0x55, 0xad, 0xe8, 0x41, 0xa3, 0x18, 0x82, 0x10,
    0xe4, 0x18, 0x31, 0x84, 0x97, 0xb5, 0x97, 0xb5, 0x59, 0xce, 0x5a, 0xce,
    0xd8, 0xbd, 0x0c, 0x63, 0xa3, 0x10, 0x82, 0x10, 0x82, 0x10, 0x4a, 0x4a,
    0xf4, 0xa4, 0xb7, 0xb5, 0x97, 0xad, 0xb7, 0xb5, 0x97, 0xb5, 0xd7, 0xb5,
    0x96, 0xb5, 0xec, 0x62, 0x82, 0x10, 0x82, 0x10, 0x83, 0x10, 0x62, 0x10,
    0x41, 0x08, 0x21, 0x08, 0x41, 0x08, 0x41, 0x08, 0x00, 0x00, 0xa4, 0x08,
    0xae, 0x42, 0x70, 0x63, 0x93, 0x8c, 0xf2, 0x73, 0x94, 0x84, 0x15, 0x9d,
    0xf3, 0x73, 0x51, 0x5b, 0x51, 0x5b, 0xd4, 0x9c, 0x34, 0xa5, 0xd7, 0xbd,
    0x5d, 0xef, 0x9e, 0xf7, 0x7e, 0xf7, 0x9e, 0xef, 0x9d, 0xf7, 0x7e, 0xf7,
    0x7e, 0xf7, 0x9e, 0xef, 0x9e, 0xf7, 0x7e, 0xef, 0x7d, 0xf7, 0x7e, 0xf7,
    0x9e, 0xf7, 0x9d, 0xef, 0x7e, 0xef, 0x9e, 0xf7, 0x7e, 0xf7, 0x7d, 0xef,
    0x7d, 0xef, 0x3d, 0xef, 0xdb, 0xde, 0xd7, 0xbd, 0x75, 0xad, 0x55, 0xad,
    0xf3, 0xa4, 0x72, 0x8c, 0xd1, 0x73, 0xee, 0x4a, 0x2c, 0x32, 0xc9, 0x31,
    0x86, 0x31, 0x45, 0x29, 0x45, 0x29, 0xa7, 0x31, 0x08, 0x42, 0x4a, 0x4a,
    0x8a, 0x52, 0xab, 0x52, 0xcc, 0x5a, 0xcc, 0x5a, 0xcc, 0x5a, 0xec, 0x5a,
    0xec, 0x62, 0xcc, 0x5a, 0xab, 0x5a, 0x8a, 0x52, 0x4a, 0x4a, 0x49, 0x4a,
    0x34, 0xa5, 0x35, 0xad, 0x14, 0xa5, 0x34, 0xa5, 0x34, 0xa5, 0x15, 0xad,
    0x35, 0xad, 0x34, 0xa5, 0x34, 0xa5, 0x14, 0xa5, 0x35, 0xad, 0x34, 0xa5,
    0x14, 0xa5, 0x34, 0xa5, 0x34, 0xa5, 0x15, 0xad, 0x35, 0xad, 0x35, 0xad,
    0x14, 0xa5, 0x34, 0xa5, 0x34, 0xa5, 0x34, 0xa5, 0x34, 0xa5, 0x14, 0xa5,
    0x34, 0xa5, 0x35, 0xad, 0x35, 0xad, 0x35, 0xad, 0x14, 0xa5, 0x34, 0xa5,
    0x34, 0xa5, 0x35, 0xad, 0x34, 0xa5, 0x35, 0xad, 0xb2, 0x9c, 0x04, 0x21,
    0x21, 0x00, 0x21, 0x08, 0x24, 0x21, 0xe8, 0x41, 0xe7, 0x39, 0xe7, 0x39,
    0xc8, 0x39, 0xe7, 0x39, 0xa2, 0x10, 0x21, 0x00, 0x21, 0x08, 0x82, 0x10,
    0xc7, 0x39, 0xc7, 0x39, 0xa7, 0x39, 0xc6, 0x31, 0xc7, 0x39, 0x86, 0x31,
    0x82, 0x10, 0x62, 0x10, 0x62, 0x08, 0xa3, 0x10, 0xec, 0x62, 0x76, 0xad,
    0xd7, 0xbd, 0x31, 0x84, 0x45, 0x29, 0x82, 0x10, 0xc3, 0x18, 0x6a, 0x4a,
    0xd8, 0xbd, 0xb7, 0xb5, 0x76, 0xad, 0x08, 0x42, 0xe4, 0x20, 0x82, 0x10,
    0x45, 0x29, 0xf4, 0x9c, 0xb7, 0xb5, 0xb7, 0xbd, 0xb7, 0xb5, 0x29, 0x42,
    0x04, 0x21, 0xe4, 0x20, 0x82, 0x10, 0xe4, 0x18, 0x8e, 0x73, 0x39, 0xc6,
    0xd6, 0xc5, 0x95, 0xbd, 0xd7, 0xbd, 0x6e, 0x73, 0xc3, 0x18, 0x82, 0x10,
    0x82, 0x10, 0xab, 0x52, 0x96, 0xb5, 0x19, 0xc6, 0x59, 0xce, 0x18, 0xc6,
    0xd8, 0xbd, 0xb2, 0x94, 0x25, 0x21, 0x82, 0x10, 0x82, 0x10, 0x25, 0x29,
    0x72, 0x94, 0xb7, 0xb5, 0x76, 0xad, 0xf8, 0xbd, 0x39, 0xce, 0x18, 0xc6,
    0xd8, 0xbd, 0x31, 0x84, 0x08, 0x42, 0xaf, 0x73, 0x49, 0x4a, 0x62, 0x08,
    0x41, 0x08, 0x41, 0x08, 0x62, 0x08, 0x41, 0x08, 0x41, 0x08, 0xaa, 0x21,
    0x4b, 0x3a, 0xcc, 0x52, 0xac, 0x52, 0xac, 0x4a, 0x70, 0x63, 0xd2, 0x6b,
    0x6f, 0x2a, 0x8f, 0x32, 0x52, 0x84, 0x55, 0xad, 0x55, 0xad, 0xdb, 0xde,
    0x7e, 0xf7, 0x7e, 0xf7, 0x9e, 0xf7, 0x9e, 0xf7, 0x7e, 0xf7, 0x7d, 0xf7,
    0x9e, 0xef, 0x7d, 0xf7, 0x7d, 0xf7, 0x9e, 0xf7, 0x9e, 0xf7, 0x9d, 0xef,
    0x7e, 0xf7, 0x7e, 0xf7, 0x9e, 0xf7, 0x9e, 0xf7, 0x9d, 0xf7, 0x9e, 0xf7,
    0x7e, 0xf7, 0x7d, 0xef, 0x3c, 0xe7, 0x79, 0xce, 0x96, 0xb5, 0x55, 0xad,
    0x34, 0xa5, 0xd3, 0x9c, 0x52, 0x84, 0x90, 0x6b, 0x6d, 0x3a, 0xcb, 0x29,
    0x67, 0x29, 0x04, 0x21, 0x04, 0x21, 0x66, 0x29, 0xc7, 0x39, 0x29, 0x42,
    0x4a, 0x4a, 0x8a, 0x4a, 0x8b, 0x52, 0xcc, 0x5a, 0xcc, 0x5a, 0xec, 0x5a,
    0xcc, 0x5a, 0xab, 0x52, 0x6a, 0x52, 0x29, 0x4a, 0x29, 0x42, 0x29, 0x42,
    0x34, 0xa5, 0x14, 0xa5, 0x34, 0xa5, 0x35, 0xad, 0x14, 0xa5, 0x34, 0xa5,
    0x35, 0xad, 0x14, 0xa5, 0x15, 0xad, 0x35, 0xad, 0x34, 0xa5, 0x34, 0xa5,
    0x35, 0xad, 0x34, 0xa5, 0x34, 0xa5, 0x34, 0xa5, 0x34, 0xa5, 0x34, 0xa5,
    0x34, 0xa5, 0x34, 0xa5, 0x35, 0xad, 0x35, 0xad, 0x35, 0xad, 0x15, 0xad,
    0x35, 0xad, 0x34, 0xa5, 0x34, 0xa5, 0x34, 0xa5, 0x34, 0xa5, 0x14, 0xa5,
    0x35, 0xad, 0x34, 0xa5, 0x35, 0xad, 0x35, 0xad, 0x34, 0xa5, 0x08, 0x42,
    0x00, 0x00, 0x20, 0x00, 0xa3, 0x18, 0xc7, 0x39, 0xe7, 0x39, 0xe7, 0x41,
    0xc7, 0x39, 0xe8, 0x41, 0x24, 0x21, 0x00, 0x00, 0x41, 0x08, 0x41, 0x08,
    0x66, 0x31, 0xc7, 0x39, 0xa6, 0x31, 0xa7, 0x31, 0xc7, 0x39, 0x04, 0x21,
    0x82, 0x10, 0x62, 0x10, 0x62, 0x08, 0xe3, 0x18, 0xb3, 0x9c, 0xb7, 0xb5,
    0xd8, 0xbd, 0x6a, 0x4a, 0xe4, 0x20, 0xa3, 0x10, 0xe4, 0x20, 0x51, 0x8c,
    0x97, 0xad, 0x18, 0xc6, 0x10, 0x84, 0x25, 0x21, 0xa2, 0x10, 0xc3, 0x18,
    0xab, 0x52, 0xb7, 0xb5, 0x96, 0xad, 0x5a, 0xce, 0x72, 0x8c, 0x04, 0x21,
    0x04, 0x21, 0x04, 0x21, 0xa2, 0x10, 0xc3, 0x18, 0xe8, 0x41, 0x55, 0xad,
    0xb7, 0xb5, 0x97, 0xb5, 0xd7, 0xbd, 0xd3, 0x9c, 0x45, 0x29, 0xa3, 0x18,
    0x62, 0x10, 0x66, 0x29, 0xf4, 0x9c, 0x59, 0xce, 0x19, 0xc6, 0xb7, 0xb5,
    0xd7, 0xbd, 0x76, 0xb5, 0x69, 0x4a, 0x82, 0x10, 0x82, 0x10, 0xa3, 0x10,
    0x2d, 0x63, 0x76, 0xad, 0x97, 0xb5, 0x39, 0xce, 0x38, 0xc6, 0xd7, 0xbd,
    0xb7, 0xb5, 0x35, 0xa5, 0xf4, 0x9c, 0x96, 0xb5, 0xaf, 0x7b, 0xc3, 0x18,
    0x61, 0x08, 0x62, 0x10, 0x82, 0x10, 0x41, 0x08, 0x07, 0x11, 0x2f, 0x5b,
    0xf2, 0x73, 0x93, 0x94, 0x12, 0x74, 0xf5, 0x9c, 0xf5, 0x9c, 0x72, 0x53,
    0x0e, 0x12, 0xcf, 0x42, 0x14, 0xa5, 0x34, 0xa5, 0x38, 0xc6, 0x7d, 0xef,
    0x7e, 0xf7, 0x9e, 0xf7, 0x7d, 0xf7, 0x7d, 0xef, 0x9e, 0xf7, 0x9e, 0xf7,
    0x9e, 0xf7, 0x7e, 0xf7, 0x7e, 0xf7, 0x9e, 0xf7, 0x7e, 0xef, 0x7e, 0xf7,
    0x9e, 0xf7, 0x9d, 0xf7, 0x7d, 0xf7, 0x7e, 0xef, 0x7e, 0xf7, 0x9e, 0xf7,
    0x9e, 0xf7, 0x7d, 0xef, 0x5d, 0xef, 0xfc, 0xe6, 0xf8, 0xc5, 0x75, 0xb5,
    0x55, 0xad, 0x14, 0xa5, 0x92, 0x94, 0x11, 0x7c, 0x2f, 0x53, 0x0c, 0x2a,
    0xa9, 0x29, 0x05, 0x21, 0x04, 0x21, 0x25, 0x21, 0x87, 0x31, 0xe8, 0x41,
    0x29, 0x42, 0x4a, 0x4a, 0x8a, 0x52, 0xab, 0x52, 0xab, 0x52, 0xab, 0x52,
    0x8b, 0x52, 0x6a, 0x4a, 0x09, 0x42, 0xe8, 0x39, 0xc8, 0x39, 0xc7, 0x39,
    0x34, 0xa5, 0x35, 0xad, 0x35, 0xad, 0x34, 0xa5, 0x35, 0xad, 0x34, 0xa5,
    0x34, 0xa5, 0x34, 0xa5, 0x35, 0xad, 0x34, 0xa5, 0x34, 0xa5, 0x35, 0xad,
    0x14, 0xa5, 0x35, 0xad, 0x35, 0xad, 0x14, 0xa5, 0x34, 0xa5, 0x14, 0xa5,
    0x35, 0xad, 0x35, 0xad, 0x15, 0xad, 0x14, 0xa5, 0x34, 0xa5, 0x34, 0xa5,
    0x34, 0xa5, 0x34, 0xa5, 0x14, 0xa5, 0x34, 0xa5, 0x35, 0xad, 0x35, 0xad,
    0x34, 0xa5, 0x14, 0xa5, 0x14, 0xa5, 0x35, 0xad, 0x55, 0xad, 0x2c, 0x63,
    0x21, 0x08, 0x21, 0x08, 0x61, 0x08, 0xa6, 0x31, 0xe8, 0x41, 0xe8, 0x39,
    0xc7, 0x41, 0xe8, 0x41, 0x86, 0x31, 0x21, 0x08, 0x21, 0x08, 0x21, 0x00,
    0x04, 0x21, 0xc7, 0x39, 0xc7, 0x39, 0xc7, 0x39, 0x86, 0x31, 0x82, 0x10,
    0x82, 0x10, 0x61, 0x08, 0x41, 0x08, 0xa7, 0x31, 0x96, 0xb5, 0xd7, 0xc5,
    0x92, 0x94, 0x65, 0x29, 0xa3, 0x10, 0xc3, 0x18, 0x86, 0x31, 0x76, 0xad,
    0x97, 0xb5, 0xf8, 0xc5, 0x29, 0x42, 0xe4, 0x20, 0x82, 0x10, 0x25, 0x29,
    0x92, 0x94, 0xb7, 0xb5, 0xd8, 0xbd, 0x39, 0xc6, 0x49, 0x4a, 0xe4, 0x20,
    0x04, 0x21, 0x05, 0x21, 0xc3, 0x18, 0xa3, 0x10, 0x25, 0x21, 0x51, 0x8c,
    0x76, 0xad, 0xb7, 0xb5, 0xb7, 0xbd, 0x96, 0xb5, 0x6a, 0x4a, 0xa3, 0x18,
    0x82, 0x10, 0xa3, 0x10, 0x4d, 0x6b, 0xb7, 0xb5, 0xd7, 0xbd, 0x97, 0xb5,
    0xb7, 0xbd, 0xb7, 0xbd, 0xf0, 0x7b, 0xc3, 0x18, 0x83, 0x10, 0x82, 0x10,
    0xa7, 0x31, 0xf4, 0x9c, 0x19, 0xc6, 0x39, 0xce, 0xb6, 0xc5, 0xb6, 0xbd,
    0xd7, 0xbd, 0xd7, 0xbd, 0xb7, 0xbd, 0xb6, 0xb5, 0xd4, 0x9c, 0xe8, 0x41,
    0x62, 0x08, 0x82, 0x10, 0x82, 0x10, 0xa3, 0x10, 0xca, 0x21, 0x2b, 0x32,
    0xcd, 0x52, 0xcc, 0x52, 0xad, 0x4a, 0x91, 0x6b, 0xd2, 0x6b, 0x4e, 0x1a,
    0x0e, 0x1a, 0x32, 0x7c, 0x35, 0xad, 0x76, 0xb5, 0x1c, 0xe7, 0x9e, 0xf7,
    0x7e, 0xf7, 0x9e, 0xf7, 0x9e, 0xef, 0x7e, 0xf7, 0x7e, 0xf7, 0x9e, 0xef,
    0x7e, 0xef, 0x9d, 0xf7, 0x9e, 0xf7, 0x9e, 0xef, 0x7d, 0xf7, 0x7e, 0xf7,
    0x9e, 0xef, 0x7e, 0xef, 0x7e, 0xf7, 0x9e, 0xf7, 0x7e, 0xef, 0x7d, 0xf7,
    0x7e, 0xef, 0x9e, 0xef, 0x7d, 0xef, 0x3d, 0xef, 0xba, 0xd6, 0xb6, 0xb5,
    0x75, 0xad, 0x35, 0xad, 0xf3, 0x9c, 0x72, 0x8c, 0xd1, 0x73, 0xce, 0x42,
    0xeb, 0x29, 0x67, 0x21, 0x04, 0x21, 0x05, 0x21, 0x66, 0x29, 0xc8, 0x39,
    0x09, 0x42, 0x29, 0x42, 0x6a, 0x4a, 0x6a, 0x4a, 0x8b, 0x52, 0x6a, 0x52,
    0x4a, 0x4a, 0x08, 0x42, 0xc7, 0x39, 0x86, 0x31, 0x86, 0x31, 0x86, 0x31,
    0x34, 0xa5, 0x15, 0xad, 0x34, 0xa5, 0x34, 0xa5, 0x14, 0xa5, 0x35, 0xad,
    0x35, 0xad, 0x14, 0xa5, 0x34, 0xa5, 0x34, 0xa5, 0x14, 0xa5, 0x15, 0xad,
    0x34, 0xa5, 0x34, 0xa5, 0x15, 0xad, 0x35, 0xad, 0x35, 0xad, 0x35, 0xad,
    0x14, 0xa5, 0x34, 0xa5, 0x34, 0xa5, 0x34, 0xa5, 0x34, 0xa5, 0x34, 0xa5,
    0x15, 0xad, 0x35, 0xad, 0x15, 0xad, 0x35, 0xad, 0x14, 0xa5, 0x34, 0xa5,
    0x35, 0xad, 0x35, 0xad, 0x34, 0xa5, 0x34, 0xa5, 0x35, 0xad, 0x31, 0x8c,
    0xa2, 0x10, 0x21, 0x00, 0x21, 0x08, 0x45, 0x29, 0xe7, 0x39, 0xc8, 0x39,
    0xc7, 0x39, 0xe7, 0x39, 0xc7, 0x39, 0x62, 0x10, 0x21, 0x00, 0x41, 0x08,
    0xa2, 0x10, 0xa7, 0x39, 0xa7, 0x39, 0xc7, 0x39, 0x24, 0x21, 0x82, 0x10,
    0x62, 0x08, 0x29, 0x42, 0x08, 0x42, 0x45, 0x31, 0xd4, 0x9c, 0xb7, 0xb5,
    0x8a, 0x52, 0xe4, 0x20, 0x82, 0x10, 0xc3, 0x18, 0xaf, 0x73, 0xd7, 0xbd,
    0x39, 0xc6, 0x72, 0x8c, 0x24, 0x29, 0xa3, 0x10, 0xc3, 0x18, 0x6a, 0x4a,
    0xb7, 0xbd, 0xd7, 0xbd, 0x7a, 0xce, 0x92, 0x94, 0x04, 0x21, 0x04, 0x21,
    0x04, 0x21, 0x04, 0x21, 0xe4, 0x18, 0x82, 0x10, 0xe3, 0x18, 0xab, 0x5a,
    0x56, 0xad, 0x96, 0xb5, 0x97, 0xbd, 0x97, 0xb5, 0xf0, 0x83, 0xe4, 0x18,
    0xa2, 0x10, 0x62, 0x10, 0xc8, 0x39, 0xf4, 0x9c, 0x76, 0xad, 0x96, 0xb5,
    0xb7, 0xbd, 0xd7, 0xbd, 0xf4, 0x9c, 0xa7, 0x39, 0x82, 0x10, 0x62, 0x10,
    0xc3, 0x18, 0xaf, 0x73, 0xf8, 0xbd, 0xf7, 0xc5, 0x95, 0xc5, 0xb7, 0xbd,
    0xd8, 0xbd, 0xb7, 0xbd, 0x76, 0xad, 0xb7, 0xb5, 0x76, 0xb5, 0x4d, 0x73,
    0xa3, 0x10, 0x82, 0x10, 0x62, 0x10, 0x68, 0x21, 0x2f, 0x5b, 0xf1, 0x73,
    0x72, 0x8c, 0xf2, 0x73, 0xb4, 0x94, 0x74, 0x84, 0xf0, 0x3a, 0xed, 0x11,
    0x30, 0x53, 0x34, 0xa5, 0x34, 0xa5, 0x7a, 0xd6, 0x7d, 0xef, 0x7e, 0xf7,
    0x7e, 0xf7, 0x9d, 0xef, 0x7e, 0xf7, 0x9e, 0xf7, 0x9e, 0xf7, 0x7d, 0xf7,
    0x7e, 0xf7, 0x7e, 0xf7, 0x9d, 0xef, 0x7e, 0xf7, 0x9e, 0xf7, 0x9d, 0xf7,
    0x9e, 0xf7, 0x7e, 0xf7, 0x9e, 0xf7, 0x9e, 0xf7, 0x9d, 0xf7, 0x9e, 0xf7,
    0x7e, 0xf7, 0x7d, 0xf7, 0x9e, 0xf7, 0x7d, 0xef, 0x1c, 0xe7, 0x39, 0xce,
    0x96, 0xb5, 0x55, 0xad, 0x14, 0xa5, 0xb3, 0x9c, 0x52, 0x84, 0x70, 0x63,
    0x4d, 0x32, 0xaa, 0x21, 0x46, 0x21, 0x05, 0x19, 0x45, 0x29, 0xc7, 0x31,
    0xe8, 0x41, 0x29, 0x42, 0x29, 0x42, 0x4a, 0x4a, 0x49, 0x4a, 0x09, 0x42,
    0xe8, 0x39, 0xa7, 0x31, 0x65, 0x29, 0x25, 0x21, 0x04, 0x21, 0x05, 0x21,
    0x34, 0xa5, 0x34, 0xa5, 0x14, 0xa5, 0x35, 0xad, 0x34, 0xa5, 0x34, 0xa5,
    0x14, 0xa5, 0x35, 0xad, 0x35, 0xad, 0x34, 0xa5, 0x35, 0xad, 0x34, 0xa5,
    0x35, 0xad, 0x34, 0xa5, 0x34, 0xa5, 0x14, 0xa5, 0x34, 0xa5, 0x34, 0xa5,
    0x34, 0xa5, 0x14, 0xa5, 0x35, 0xad, 0x34, 0xa5, 0x35, 0xad, 0x15, 0xad,
    0x34, 0xa5, 0x34, 0xa5, 0x34, 0xa5, 0x34, 0xa5, 0x35, 0xad, 0x14, 0xa5,
    0x34, 0xa5, 0x14, 0xa5, 0x35, 0xad, 0x34, 0xa5, 0x35, 0xad, 0xf4, 0xa4,
    0x65, 0x29, 0x00, 0x00, 0x21, 0x08, 0xe3, 0x18, 0xc7, 0x39, 0xc7, 0x39,
    0xe7, 0x39, 0xc7, 0x39, 0xe8, 0x41, 0xe3, 0x20, 0x00, 0x00, 0x41, 0x08,
    0x41, 0x08, 0x86, 0x31, 0xc7, 0x39, 0xa6, 0x31, 0xa3, 0x10, 0x82, 0x10,
    0x62, 0x10, 0x92, 0x94, 0xd0, 0x7b, 0x45, 0x29, 0xcf, 0x7b, 0x92, 0x94,
    0x66, 0x31, 0xa3, 0x10, 0xc3, 0x18, 0x66, 0x31, 0x56, 0xad, 0xd7, 0xbd,
    0xb7, 0xbd, 0x49, 0x4a, 0x04, 0x21, 0x82, 0x10, 0x04, 0x21, 0x72, 0x94,
    0xd7, 0xbd, 0xb7, 0xb5, 0xd7, 0xbd, 0x29, 0x4a, 0xe4, 0x20, 0x04, 0x21,
    0x04, 0x21, 0x04, 0x21, 0x04, 0x21, 0xa3, 0x10, 0xa3, 0x10, 0x87, 0x31,
    0xf4, 0xa4, 0x76, 0xb5, 0x96, 0xb5, 0x55, 0xad, 0xb3, 0x94, 0xa7, 0x39,
    0xa3, 0x10, 0x82, 0x10, 0x04, 0x21, 0xd0, 0x7b, 0x35, 0xad, 0x76, 0xb5,
    0x96, 0xb5, 0xb7, 0xb5, 0x96, 0xb5, 0x2d, 0x63, 0xa3, 0x10, 0x82, 0x10,
    0x62, 0x10, 0x08, 0x42, 0xf4, 0x9c, 0x96, 0xb5, 0x96, 0xb5, 0xb7, 0xb5,
    0xd7, 0xbd, 0xb7, 0xbd, 0x76, 0xad, 0x96, 0xb5, 0x96, 0xbd, 0x72, 0x94,
    0x45, 0x29, 0x61, 0x08, 0xc5, 0x10, 0xca, 0x21, 0x2c, 0x32, 0x2e, 0x63,
    0xed, 0x52, 0xee, 0x4a, 0xf2, 0x73, 0x92, 0x63, 0x0e, 0x1a, 0x4e, 0x2a,
    0xb3, 0x94, 0x34, 0xad, 0xd7, 0xbd, 0x5d, 0xef, 0x9e, 0xf7, 0x9e, 0xf7,
    0x9d, 0xf7, 0x7e, 0xef, 0x9e, 0xf7, 0x7d, 0xf7, 0x9d, 0xf7, 0x7e, 0xef,
    0x9d, 0xf7, 0x9e, 0xf7, 0x7e, 0xef, 0x7d, 0xf7, 0x7e, 0xf7, 0x9e, 0xef,
    0x7e, 0xf7, 0x9d, 0xf7, 0x7d, 0xef, 0x7e, 0xef, 0x7e, 0xf7, 0x9e, 0xef,
    0x9e, 0xf7, 0x9e, 0xf7, 0x7e, 0xf7, 0x7d, 0xef, 0x5d, 0xef, 0xdb, 0xde,
    0xd7, 0xbd, 0x75, 0xad, 0x35, 0xad, 0x14, 0xa5, 0x92, 0x94, 0xf1, 0x7b,
    0x0f, 0x53, 0x2c, 0x32, 0xa9, 0x21, 0x25, 0x21, 0x46, 0x29, 0x87, 0x31,
    0xc8, 0x39, 0x09, 0x42, 0x09, 0x42, 0x08, 0x42, 0xc8, 0x39, 0x86, 0x29,
    0x05, 0x21, 0xc4, 0x18, 0xe3, 0x18, 0x03, 0x21, 0x65, 0x31, 0xc6, 0x41,
    0x34, 0xa5, 0x15, 0xad, 0x35, 0xad, 0x34, 0xa5, 0x35, 0xad, 0x14, 0xa5,
    0x35, 0xad, 0x34, 0xa5, 0x34, 0xa5, 0x15, 0xad, 0x34, 0xa5, 0x34, 0xa5,
    0x14, 0xa5, 0x35, 0xad, 0x14, 0xa5, 0x34, 0xa5, 0x34, 0xa5, 0x15, 0xad,
    0x35, 0xad, 0x35, 0xad, 0x34, 0xa5, 0x35, 0xad, 0x15, 0xad, 0x34, 0xa5,
    0x34, 0xa5, 0x34, 0xa5, 0x14, 0xa5, 0x35, 0xad, 0x34, 0xa5, 0x35, 0xad,
    0x34, 0xa5, 0x34, 0xa5, 0x34, 0xa5, 0x35, 0xad, 0x34, 0xa5, 0x35, 0xad,
    0x8a, 0x52, 0x20, 0x00, 0x21, 0x08, 0x82, 0x10, 0xa7, 0x39, 0xe7, 0x39,
    0xe7, 0x41, 0xc8, 0x39, 0xe8, 0x41, 0x65, 0x29, 0x21, 0x00, 0x21, 0x08,
    0x21, 0x08, 0x24, 0x21, 0xc7, 0x39, 0x45, 0x29, 0x62, 0x10, 0x21, 0x08,
    0xc7, 0x39, 0x96, 0xb5, 0xb3, 0x94, 0xa6, 0x31, 0x69, 0x4a, 0x8a, 0x52,
    0x04, 0x21, 0x82, 0x10, 0xc3, 0x18, 0x4d, 0x6b, 0xd7, 0xbd, 0xf7, 0xbd,
    0x11, 0x84, 0x25, 0x29, 0xa3, 0x10, 0xa2, 0x10, 0x6a, 0x4a, 0x97, 0xb5,
    0xb7, 0xbd, 0xf8, 0xbd, 0x31, 0x84, 0x04, 0x21, 0x24, 0x21, 0x04, 0x21,
    0x04, 0x21, 0x04, 0x21, 0x04, 0x21, 0xc3, 0x18, 0x82, 0x10, 0x04, 0x21,
    0xaf, 0x73, 0x76, 0xb5, 0xb7, 0xb5, 0xb7, 0xbd, 0x76, 0xad, 0x2d, 0x63,
    0xa3, 0x18, 0x82, 0x10, 0xa3, 0x10, 0x6a, 0x4a, 0x15, 0xa5, 0x76, 0xb5,
    0x96, 0xb5, 0x55, 0xad, 0x35, 0xa5, 0x92, 0x8c, 0x45, 0x29, 0x82, 0x10,
    0x82, 0x10, 0x05, 0x21, 0xd0, 0x7b, 0x56, 0xad, 0x76, 0xb5, 0xb7, 0xbd,
    0x96, 0xb5, 0x76, 0xad, 0x35, 0xad, 0x55, 0xad, 0xb7, 0xb5, 0x14, 0xad,
    0xe8, 0x41, 0x62, 0x08, 0xea, 0x29, 0x4f, 0x63, 0x11, 0x7c, 0x52, 0x84,
    0x12, 0x7c, 0x52, 0x84, 0x13, 0x74, 0xb0, 0x32, 0x0d, 0x12, 0xb1, 0x6b,
    0x55, 0xad, 0x55, 0xad, 0xdb, 0xde, 0x7e, 0xf7, 0x9e, 0xf7, 0x9e, 0xf7,
    0x7e, 0xf7, 0x9e, 0xf7, 0x7e, 0xf7, 0x7e, 0xef, 0x7e, 0xef, 0x9e, 0xf7,
    0x9e, 0xf7, 0x9e, 0xf7, 0x7e, 0xf7, 0x9e, 0xf7, 0x9e, 0xf7, 0x7e, 0xef,
    0x7d, 0xf7, 0x7e, 0xf7, 0x9e, 0xf7, 0x9e, 0xf7, 0x7d, 0xf7, 0x7e, 0xf7,
    0x7d, 0xef, 0x9e, 0xf7, 0x7e, 0xef, 0x9d, 0xf7, 0x7d, 0xef, 0x3c, 0xef,
    0x9a, 0xd6, 0x96, 0xb5, 0x75, 0xad, 0x34, 0xad, 0xf3, 0x9c, 0x72, 0x8c,
    0xb1, 0x6b, 0x8e, 0x3a, 0xea, 0x29, 0x67, 0x29, 0x66, 0x29, 0x87, 0x31,
    0xc7, 0x31, 0x09, 0x3a, 0x09, 0x42, 0xc8, 0x39, 0x87, 0x29, 0x25, 0x21,
    0xc3, 0x18, 0xa3, 0x18, 0xa3, 0x18, 0xa3, 0x18, 0xc3, 0x18, 0x04, 0x21,
    0x34, 0xa5, 0x35, 0xad, 0x34, 0xa5, 0x34, 0xa5, 0x14, 0xa5, 0x35, 0xad,
    0x34, 0xa5, 0x14, 0xa5, 0x34, 0xa5, 0x34, 0xa5, 0x15, 0xad, 0x35, 0xad,
    0x34, 0xa5, 0x34, 0xa5, 0x35, 0xad, 0x35, 0xad, 0x15, 0xad, 0x34, 0xa5,
    0x34, 0xa5, 0x34, 0xa5, 0x14, 0xa5, 0x14, 0xa5, 0x34, 0xa5, 0x34, 0xa5,
    0x35, 0xad, 0x15, 0xad, 0x35, 0xad, 0x34, 0xa5, 0x14, 0xa5, 0x34, 0xa5,
    0x35, 0xad, 0x15, 0xad, 0x15, 0xad, 0x34, 0xa5, 0x14, 0xa5, 0x55, 0xad,
    0xae, 0x73, 0x61, 0x08, 0x21, 0x08, 0x41, 0x08, 0x66, 0x29, 0xe7, 0x39,
    0xc7, 0x39, 0xc7, 0x39, 0xc7, 0x39, 0xa7, 0x39, 0x61, 0x08, 0x21, 0x08,
    0x21, 0x08, 0xa3, 0x10, 0xc7, 0x39, 0xa3, 0x18, 0x41, 0x08, 0x41, 0x08,
    0xcf, 0x7b, 0x97, 0xb5, 0x55, 0xad, 0x6a, 0x4a, 0x66, 0x31, 0x86, 0x31,
    0xa3, 0x18, 0xa3, 0x10, 0x45, 0x29, 0xf4, 0x9c, 0xb7, 0xb5, 0x96, 0xbd,
    0x49, 0x4a, 0x04, 0x21, 0x62, 0x10, 0xe3, 0x18, 0x52, 0x8c, 0x97, 0xb5,
    0xb7, 0xbd, 0xb7, 0xbd, 0x28, 0x42, 0xe4, 0x20, 0x04, 0x21, 0x04, 0x21,
    0x04, 0x21, 0x04, 0x21, 0xe4, 0x20, 0xe4, 0x18, 0x82, 0x10, 0xc3, 0x18,
    0x29, 0x4a, 0x55, 0xad, 0xb7, 0xb5, 0xb7, 0xb5, 0x96, 0xb5, 0x72, 0x8c,
    0x25, 0x21, 0xa2, 0x10, 0x82, 0x10, 0x46, 0x29, 0x72, 0x94, 0x55, 0xb5,
    0x76, 0xb5, 0x76, 0xad, 0x55, 0xad, 0x56, 0xad, 0xab, 0x52, 0x82, 0x10,
    0x82, 0x10, 0xa3, 0x10, 0x8b, 0x52, 0xf4, 0x9c, 0x96, 0xb5, 0xd7, 0xbd,
    0x97, 0xb5, 0x55, 0xad, 0xf2, 0xac, 0x34, 0xad, 0x96, 0xb5, 0x11, 0x84,
    0xe3, 0x20, 0xe5, 0x10, 0x0c, 0x2a, 0xad, 0x42, 0x90, 0x6b, 0xee, 0x52,
    0x2f, 0x5b, 0x53, 0x84, 0x71, 0x53, 0x0e, 0x1a, 0xaf, 0x3a, 0xf4, 0x9c,
    0x34, 0xa5, 0x38, 0xc6, 0x7d, 0xef, 0x7e, 0xf7, 0x7e, 0xf7, 0x7d, 0xf7,
    0x7e, 0xef, 0x7d, 0xef, 0x9d, 0xf7, 0x9e, 0xf7, 0x9e, 0xf7, 0x7e, 0xf7,
    0x7e, 0xf7, 0x7e, 0xef, 0x7d, 0xef, 0x9e, 0xf7, 0x9e, 0xf7, 0x9d, 0xf7,
    0x7e, 0xf7, 0x9e, 0xef, 0x9e, 0xf7, 0x7e, 0xf7, 0x9d, 0xf7, 0x9e, 0xf7,
    0x7e, 0xf7, 0x7d, 0xf7, 0x9e, 0xf7, 0x7e, 0xef, 0x7e, 0xef, 0x5d, 0xef,
    0xfc, 0xe6, 0x18, 0xc6, 0x95, 0xad, 0x55, 0xad, 0x14, 0xa5, 0xb3, 0x94,
    0x31, 0x84, 0x50, 0x63, 0x6d, 0x3a, 0xea, 0x31, 0x87, 0x29, 0x46, 0x29,
    0x46, 0x29, 0x66, 0x29, 0x66, 0x29, 0x45, 0x29, 0x05, 0x21, 0xc4, 0x18,
    0xc3, 0x10, 0xc3, 0x10, 0xa3, 0x18, 0xa3, 0x18, 0xe3, 0x20, 0x85, 0x31,
    0x34, 0xa5, 0x14, 0xa5, 0x34, 0xa5, 0x35, 0xad, 0x14, 0xa5, 0x34, 0xa5,
    0x35, 0xad, 0x35, 0xad, 0x35, 0xad, 0x14, 0xa5, 0x34, 0xa5, 0x34, 0xa5,
    0x35, 0xad, 0x15, 0xad, 0x34, 0xa5, 0x34, 0xa5, 0x34, 0xa5, 0x34, 0xa5,
    0x34, 0xa5, 0x15, 0xad, 0x35, 0xad, 0x34, 0xa5, 0x35, 0xad, 0x35, 0xad,
    0x34, 0xa5, 0x14, 0xa5, 0x34, 0xa5, 0x35, 0xad, 0x34, 0xa5, 0x15, 0xad,
    0x34, 0xa5, 0x34, 0xa5, 0x34, 0xa5, 0x34, 0xa5, 0x35, 0xad, 0x35, 0xad,
    0x92, 0x94, 0xe3, 0x18, 0x21, 0x08, 0x21, 0x08, 0x04, 0x21, 0xe7, 0x39,
    0xe7, 0x39, 0xc7, 0x39, 0xc7, 0x39, 0xc7, 0x39, 0xc3, 0x18, 0x20, 0x08,
    0x41, 0x08, 0x62, 0x08, 0x45, 0x29, 0x41, 0x08, 0x00, 0x00, 0x45, 0x29,
    0x35, 0xa5, 0xf4, 0x9c, 0x56, 0xad, 0xaf, 0x73, 0x66, 0x31, 0x45, 0x29,
    0x82, 0x10, 0xc3, 0x18, 0x0c, 0x63, 0x97, 0xb5, 0x97, 0xb5, 0x51, 0x8c,
    0x45, 0x29, 0xa3, 0x18, 0x62, 0x08, 0x08, 0x42, 0x76, 0xb5, 0x55, 0xad,
    0xd7, 0xbd, 0x31, 0x8c, 0x04, 0x21, 0x24, 0x21, 0x04, 0x21, 0x04, 0x21,
    0x04, 0x21, 0xe4, 0x20, 0x04, 0x19, 0xe4, 0x18, 0xa3, 0x10, 0xa2, 0x10,
    0x45, 0x29, 0xb3, 0x94, 0xd8, 0xbd, 0x76, 0xad, 0xf8, 0xbd, 0xd8, 0xbd,
    0x8a, 0x52, 0x82, 0x10, 0x82, 0x10, 0xa3, 0x18, 0x2d, 0x63, 0x55, 0xad,
    0x76, 0xb5, 0xd8, 0xbd, 0x97, 0xb5, 0x96, 0xb5, 0x31, 0x84, 0xe4, 0x18,
    0x82, 0x10, 0x82, 0x10, 0x66, 0x29, 0x52, 0x8c, 0x96, 0xb5, 0xd8, 0xbd,
    0xd7, 0xbd, 0x76, 0xb5, 0x34, 0xad, 0x76, 0xb5, 0xf4, 0x9c, 0xe8, 0x39,
    0x62, 0x08, 0x4c, 0x3a, 0x6f, 0x63, 0xf1, 0x7b, 0xd0, 0x7b, 0xd1, 0x73,
    0x12, 0x7c, 0xf3, 0x6b, 0x6f, 0x22, 0x0e, 0x1a, 0x32, 0x7c, 0x35, 0xad,
    0x76, 0xad, 0x1c, 0xe7, 0x9e, 0xf7, 0x7e, 0xf7, 0x9e, 0xef, 0x9d, 0xef,
    0x9e, 0xf7, 0x9e, 0xf7, 0x7e, 0xf7, 0x7e, 0xf7, 0x9d, 0xf7, 0x9e, 0xef,
    0x7d, 0xf7, 0x9d, 0xf7, 0x9e, 0xf7, 0x7d, 0xf7, 0x7e, 0xef, 0x7e, 0xef,
    0x9e, 0xf7, 0x9e, 0xf7, 0x7d, 0xef, 0x7e, 0xf7, 0x7e, 0xef, 0x9e, 0xef,
    0x9e, 0xf7, 0x9e, 0xf7, 0x7d, 0xf7, 0x9e, 0xf7, 0x7e, 0xf7, 0x7d, 0xef,
    0x3d, 0xef, 0xbb, 0xde, 0xb7, 0xbd, 0x75, 0xad, 0x55, 0xad, 0xf4, 0xa4,
    0x72, 0x8c, 0xd1, 0x73, 0xef, 0x4a, 0x0b, 0x2a, 0x88, 0x29, 0x05, 0x21,
    0x82, 0x10, 0x82, 0x10, 0x82, 0x10, 0x82, 0x10, 0x82, 0x10, 0x83, 0x10,
    0xc4, 0x10, 0x06, 0x19, 0x47, 0x19, 0x67, 0x21, 0x46, 0x21, 0x65, 0x31,
    0x34, 0xa5, 0x35, 0xad, 0x15, 0xad, 0x34, 0xa5, 0x35, 0xad, 0x34, 0xa5,
    0x14, 0xa5, 0x34, 0xa5, 0x34, 0xa5, 0x35, 0xad, 0x35, 0xad, 0x34, 0xa5,
    0x14, 0xa5, 0x34, 0xa5, 0x14, 0xa5, 0x34, 0xa5, 0x35, 0xad, 0x15, 0xad,
    0x35, 0xad, 0x34, 0xa5, 0x34, 0xa5, 0x35, 0xad, 0x14, 0xa5, 0x14, 0xa5,
    0x34, 0xa5, 0x34, 0xa5, 0x35, 0xad, 0x34, 0xa5, 0x15, 0xad, 0x34, 0xa5,
    0x35, 0xad, 0x34, 0xa5, 0x34, 0xa5, 0x35, 0xad, 0x14, 0xa5, 0x35, 0xad,
    0x14, 0xa5, 0xc7, 0x39, 0x20, 0x00, 0x21, 0x00, 0xa2, 0x18, 0xc7, 0x39,
    0xc7, 0x39, 0xc7, 0x39, 0xc7, 0x39, 0xe8, 0x39, 0x25, 0x29, 0x20, 0x00,
    0x21, 0x08, 0x41, 0x08, 0x04, 0x21, 0x62, 0x08, 0x00, 0x00, 0xcb, 0x5a,
    0x76, 0xb5, 0x76, 0xb5, 0x96, 0xad, 0x52, 0x8c, 0x86, 0x31, 0xc3, 0x18,
    0xc3, 0x18, 0xa7, 0x31, 0x35, 0xa5, 0x76, 0xb5, 0x55, 0xad, 0x6a, 0x4a,
    0x04, 0x21, 0x82, 0x10, 0x04, 0x21, 0x52, 0x8c, 0x55, 0xb5, 0x12, 0xad,
    0x97, 0xb5, 0x28, 0x42, 0x04, 0x21, 0x04, 0x21, 0x05, 0x21, 0x04, 0x21,
    0x04, 0x21, 0xe4, 0x20, 0xe4, 0x20, 0xe4, 0x20, 0xc3, 0x18, 0x82, 0x10,
    0xe4, 0x18, 0x6e, 0x6b, 0xb7, 0xb5, 0xb7, 0xb5, 0x59, 0xce, 0x19, 0xc6,
    0x11, 0x84, 0xc3, 0x18, 0x82, 0x10, 0x82, 0x10, 0xe8, 0x39, 0xd3, 0x9c,
    0xb7, 0xb5, 0x97, 0xb5, 0x97, 0xb5, 0x76, 0xad, 0x56, 0xad, 0x49, 0x4a,
    0x82, 0x10, 0x82, 0x10, 0xc3, 0x18, 0x2d, 0x63, 0x96, 0xb5, 0xd8, 0xbd,
    0x97, 0xad, 0x96, 0xb5, 0x76, 0xb5, 0x97, 0xb5, 0x8f, 0x73, 0x82, 0x10,
    0x27, 0x11, 0x8f, 0x32, 0x10, 0x4b, 0x12, 0x7c, 0x2f, 0x5b, 0x12, 0x7c,
    0x73, 0x84, 0x11, 0x43, 0xed, 0x11, 0x10, 0x4b, 0x34, 0xa5, 0x34, 0xa5,
    0x7a, 0xd6, 0x7e, 0xf7, 0x9d, 0xf7, 0x9e, 0xf7, 0x9e, 0xf7, 0x7e, 0xf7,
    0x7e, 0xf7, 0x9e, 0xf7, 0x9e, 0xef, 0x7e, 0xef, 0x7d, 0xf7, 0x7e, 0xf7,
    0x9e, 0xf7, 0x7e, 0xf7, 0x9e, 0xf7, 0x7e, 0xf7, 0x9d, 0xf7, 0x7e, 0xf7,
    0x9e, 0xf7, 0x7d, 0xf7, 0x7e, 0xf7, 0x9e, 0xf7, 0x9e, 0xf7, 0x7d, 0xf7,
    0x7e, 0xf7, 0x7e, 0xef, 0x9e, 0xef, 0x9d, 0xf7, 0x7e, 0xf7, 0x7e, 0xef,
    0x7d, 0xef, 0x1c, 0xe7, 0x59, 0xce, 0x96, 0xb5, 0x55, 0xad, 0x34, 0xa5,
    0xd3, 0x9c, 0x52, 0x84, 0x90, 0x63, 0x6d, 0x3a, 0xaa, 0x21, 0x26, 0x19,
    0x82, 0x10, 0x62, 0x08, 0x62, 0x10, 0x82, 0x10, 0x82, 0x10, 0xc4, 0x10,
    0x48, 0x11, 0xec, 0x19, 0x4f, 0x2a, 0x2d, 0x22, 0xcb, 0x21, 0x68, 0x21,
    0x34, 0xa5, 0x15, 0xad, 0x34, 0xa5, 0x34, 0xa5, 0x34, 0xa5, 0x35, 0xad,
    0x15, 0xad, 0x34, 0xa5, 0x14, 0xa5, 0x34, 0xa5, 0x34, 0xa5, 0x15, 0xad,
    0x34, 0xa5, 0x34, 0xa5, 0x35, 0xad, 0x35, 0xad, 0x14, 0xa5, 0x34, 0xa5,
    0x34, 0xa5, 0x34, 0xa5, 0x14, 0xa5, 0x34, 0xa5, 0x34, 0xa5, 0x34, 0xa5,
    0x35, 0xad, 0x35, 0xad, 0x14, 0xa5, 0x34, 0xa5, 0x34, 0xa5, 0x34, 0xa5,
    0x34, 0xa5, 0x15, 0xad, 0x15, 0xad, 0x34, 0xa5, 0x15, 0xad, 0x34, 0xa5,
    0x55, 0xad, 0xec, 0x62, 0x20, 0x00, 0x21, 0x00, 0x61, 0x08, 0x86, 0x31,
    0xc7, 0x39, 0xc7, 0x39, 0xc7, 0x39, 0xc7, 0x39, 0x86, 0x31, 0x41, 0x08,
    0x21, 0x08, 0x41, 0x08, 0xc3, 0x18, 0xa3, 0x10, 0x20, 0x00, 0x8a, 0x52,
    0x97, 0xb5, 0x96, 0xb5, 0x96, 0xb5, 0xec, 0x5a, 0x25, 0x21, 0x82, 0x10,
    0xe4, 0x20, 0xf0, 0x7b, 0xf8, 0xbd, 0x96, 0xb5, 0x51, 0x8c, 0x45, 0x29,
    0xc3, 0x18, 0xc3, 0x18, 0xab, 0x52, 0xf8, 0xbd, 0x75, 0xb5, 0x75, 0xbd,
    0x31, 0x84, 0x04, 0x21, 0x05, 0x21, 0x04, 0x21, 0x04, 0x21, 0x04, 0x21,
    0xe4, 0x20, 0x04, 0x21, 0xe4, 0x18, 0xe4, 0x18, 0xe3, 0x20, 0x82, 0x10,
    0xa3, 0x18, 0xe8, 0x39, 0x76, 0xb5, 0x39, 0xce, 0x18, 0xce, 0xb6, 0xbd,
    0x14, 0xa5, 0x87, 0x31, 0xa2, 0x10, 0x62, 0x10, 0xe4, 0x18, 0xf0, 0x7b,
    0xb7, 0xbd, 0x76, 0xad, 0xd8, 0xbd, 0x39, 0xc6, 0x18, 0xc6, 0xd0, 0x7b,
    0x82, 0x10, 0xa2, 0x10, 0xe4, 0x20, 0xcb, 0x5a, 0x97, 0xb5, 0xb7, 0xb5,
    0x76, 0xad, 0xd7, 0xbd, 0xf8, 0xbd, 0x35, 0xa5, 0xa6, 0x31, 0x83, 0x08,
    0xed, 0x19, 0x2e, 0x1a, 0x6e, 0x32, 0x2e, 0x5b, 0xb0, 0x73, 0xb1, 0x6b,
    0xb2, 0x63, 0x2e, 0x1a, 0x4e, 0x2a, 0x93, 0x94, 0x34, 0xad, 0xd7, 0xbd,
    0x5d, 0xef, 0x9e, 0xf7, 0x7e, 0xef, 0x7e, 0xf7, 0x7d, 0xf7, 0x7e, 0xf7,
    0x9e, 0xf7, 0x7e, 0xf7, 0x7d, 0xf7, 0x9e, 0xf7, 0x9e, 0xf7, 0x9e, 0xf7,
    0x9e, 0xf7, 0x9e, 0xf7, 0x7e, 0xf7, 0x9e, 0xf7, 0x9e, 0xf7, 0x9e, 0xf7,
    0x7d, 0xf7, 0x9e, 0xef, 0x9e, 0xf7, 0x7e, 0xf7, 0x9d, 0xef, 0x9e, 0xf7,
    0x7e, 0xf7, 0x9d, 0xf7, 0x7e, 0xf7, 0x7e, 0xef, 0x9d, 0xf7, 0x9e, 0xf7,
    0x7d, 0xef, 0x5d, 0xef, 0xfb, 0xde, 0xf8, 0xbd, 0x75, 0xb5, 0x55, 0xad,
    0x14, 0xa5, 0x92, 0x94, 0x11, 0x7c, 0x2f, 0x53, 0x0c, 0x22, 0x68, 0x19,
    0x83, 0x10, 0x41, 0x08, 0x62, 0x08, 0x61, 0x10, 0x83, 0x10, 0x27, 0x11,
    0xab, 0x11, 0x0d, 0x1a, 0x4f, 0x22, 0x4e, 0x2a, 0x2d, 0x2a, 0x2b, 0x3a,
    0x34, 0xa5, 0x34, 0xa5, 0x34, 0xa5, 0x35, 0xad, 0x14, 0xa5, 0x34, 0xa5,
    0x35, 0xad, 0x34, 0xa5, 0x35, 0xad, 0x15, 0xad, 0x34, 0xa5, 0x14, 0xa5,
    0x35, 0xad, 0x35, 0xad, 0x34, 0xa5, 0x14, 0xa5, 0x35, 0xad, 0x34, 0xa5,
    0x34, 0xa5, 0x15, 0xad, 0x35, 0xad, 0x35, 0xad, 0x35, 0xad, 0x35, 0xad,
    0x34, 0xa5, 0x14, 0xa5, 0x35, 0xad, 0x34, 0xa5, 0x15, 0xad, 0x35, 0xad,
    0x34, 0xa5, 0x34, 0xa5, 0x34, 0xa5, 0x35, 0xad, 0x34, 0xa5, 0x35, 0xad,
    0x55, 0xad, 0x10, 0x84, 0x82, 0x10, 0x21, 0x08, 0x21, 0x08, 0x45, 0x29,
    0xe7, 0x39, 0xc7, 0x39, 0xc7, 0x39, 0xc7, 0x39, 0xc7, 0x39, 0x82, 0x10,
    0x21, 0x00, 0x41, 0x08, 0x82, 0x10, 0xe4, 0x20, 0x62, 0x10, 0xa7, 0x31,
    0x55, 0xa5, 0xb7, 0xb5, 0xf8, 0xc5, 0x49, 0x4a, 0xc3, 0x18, 0xc3, 0x18,
    0xa7, 0x31, 0x76, 0xad, 0xb7, 0xb5, 0xb7, 0xb5, 0x8a, 0x52, 0x04, 0x21,
    0xa2, 0x10, 0x25, 0x29, 0xb3, 0x94, 0xb7, 0xb5, 0xb7, 0xbd, 0xb7, 0xb5,
    0x29, 0x42, 0xe4, 0x20, 0x24, 0x21, 0x04, 0x21, 0x04, 0x21, 0x04, 0x21,
    0xe4, 0x20, 0xe4, 0x18, 0xe4, 0x18, 0xe3, 0x20, 0xe4, 0x18, 0xa3, 0x18,
    0x82, 0x10, 0x04, 0x21, 0x72, 0x8c, 0x59, 0xce, 0xd6, 0xc5, 0xb5, 0xc5,
    0xd7, 0xbd, 0x0c, 0x63, 0x83, 0x10, 0x82, 0x10, 0x62, 0x10, 0xab, 0x52,
    0x96, 0xad, 0x96, 0xad, 0x39, 0xc6, 0x5a, 0xce, 0x18, 0xc6, 0xf4, 0x9c,
    0x66, 0x29, 0xa3, 0x18, 0x66, 0x31, 0x31, 0x84, 0xb7, 0xb5, 0x97, 0xad,
    0x97, 0xb5, 0x39, 0xc6, 0x18, 0xc6, 0x6e, 0x6b, 0x62, 0x10, 0x89, 0x11,
    0x4f, 0x1a, 0x2e, 0x1a, 0x6f, 0x2a, 0x30, 0x4b, 0x74, 0x84, 0x74, 0x84,
    0xd0, 0x32, 0x0d, 0x12, 0x90, 0x63, 0x35, 0xad, 0x55, 0xad, 0xdb, 0xde,
    0x9e, 0xf7, 0x9e, 0xf7, 0x7e, 0xf7, 0x9e, 0xf7, 0x9d, 0xef, 0x7d, 0xef,
    0x7d, 0xef, 0x9e, 0xf7, 0x7e, 0xf7, 0x9e, 0xf7, 0x7e, 0xef, 0x1c, 0xdf,
    0x7b, 0xb6, 0x9c, 0xbe, 0x1d, 0xe7, 0x7d, 0xef, 0x7e, 0xef, 0x7d, 0xef,
    0x9e, 0xf7, 0x7e, 0xf7, 0x7e, 0xef, 0x9d, 0xf7, 0x7e, 0xf7, 0x7e, 0xf7,
    0x9d, 0xef, 0x9e, 0xf7, 0x9e, 0xf7, 0x7e, 0xf7, 0x7e, 0xf7, 0x9d, 0xf7,
    0x9e, 0xf7, 0x7d, 0xf7, 0x3c, 0xe7, 0x9a, 0xd6, 0x96, 0xb5, 0x55, 0xad,
    0x34, 0xad, 0xd3, 0x9c, 0x72, 0x8c, 0xd1, 0x73, 0xae, 0x42, 0xcb, 0x21,
    0x27, 0x19, 0xa3, 0x10, 0x82, 0x10, 0xa3, 0x10, 0x07, 0x11, 0x8a, 0x19,
    0xed, 0x19, 0x2e, 0x1a, 0x2e, 0x1a, 0x4f, 0x22, 0x4e, 0x2a, 0x0c, 0x2a,
    0x34, 0xa5, 0x35, 0xad, 0x15, 0xad, 0x34, 0xa5, 0x35, 0xad, 0x14, 0xa5,
    0x34, 0xa5, 0x34, 0xa5, 0x35, 0xad, 0x34, 0xa5, 0x35, 0xad, 0x34, 0xa5,
    0x34, 0xa5, 0x35, 0xad, 0x14, 0xa5, 0x34, 0xa5, 0x34, 0xa5, 0x35, 0xad,
    0x15, 0xad, 0x34, 0xa5, 0x34, 0xa5, 0x34, 0xa5, 0x14, 0xa5, 0x14, 0xa5,
    0x35, 0xad, 0x34, 0xa5, 0x34, 0xa5, 0x35, 0xad, 0x14, 0xa5, 0x34, 0xa5,
    0x15, 0xad, 0x34, 0xa5, 0x35, 0xad, 0x34, 0xa5, 0x14, 0xa5, 0x34, 0xa5,
    0x35, 0xad, 0xd3, 0x9c, 0x25, 0x29, 0x20, 0x00, 0x21, 0x08, 0xc3, 0x18,
    0xc7, 0x39, 0xc7, 0x39, 0xc7, 0x39, 0xc7, 0x39, 0xc7, 0x39, 0x04, 0x21,
    0x20, 0x00, 0x41, 0x08, 0x41, 0x08, 0x04, 0x21, 0x62, 0x10, 0x04, 0x21,
    0xb3, 0x94, 0x19, 0xc6, 0x7a, 0xce, 0x4d, 0x6b, 0x62, 0x08, 0xc3, 0x18,
    0x0c, 0x63, 0xb7, 0xb5, 0xd8, 0xbd, 0xd4, 0x9c, 0x45, 0x29, 0xc3, 0x18,
    0xc3, 0x18, 0x6a, 0x4a, 0xb7, 0xb5, 0x96, 0xad, 0x5a, 0xce, 0x72, 0x8c,
    0x04, 0x21, 0x04, 0x21, 0x24, 0x21, 0x04, 0x21, 0x04, 0x21, 0x04, 0x21,
    0x04, 0x21, 0x04, 0x19, 0xe4, 0x20, 0xe3, 0x20, 0xe3, 0x18, 0xc3, 0x18,
    0x82, 0x10, 0xc4, 0x18, 0xab, 0x52, 0x96, 0xb5, 0xb7, 0xb5, 0x96, 0xb5,
    0xd8, 0xbd, 0x92, 0x94, 0x04, 0x21, 0xa2, 0x10, 0x62, 0x10, 0x45, 0x29,
    0xd3, 0x9c, 0x39, 0xc6, 0x5a, 0xce, 0xf8, 0xbd, 0xd7, 0xbd, 0xb7, 0xb5,
    0x4d, 0x6b, 0x04, 0x21, 0xab, 0x5a, 0x96, 0xb5, 0xb7, 0xb5, 0xd7, 0xbd,
    0x19, 0xc6, 0x59, 0xc6, 0x14, 0xa5, 0x25, 0x29, 0xc5, 0x10, 0x2e, 0x1a,
    0x4e, 0x1a, 0x4f, 0x22, 0x2e, 0x1a, 0x0e, 0x1a, 0x10, 0x4b, 0x51, 0x53,
    0x0e, 0x1a, 0x8e, 0x32, 0xd4, 0x9c, 0x34, 0xa5, 0x18, 0xc6, 0x7d, 0xf7,
    0x7e, 0xf7, 0x7e, 0xef, 0x9d, 0xf7, 0x7d, 0xf7, 0x9e, 0xef, 0x5d, 0xef,
    0x3d, 0xe7, 0x7e, 0xef, 0x9e, 0xf7, 0x5d, 0xef, 0xfc, 0xd6, 0x7b, 0xb6,
    0x7c, 0xb6, 0x7b, 0xb6, 0x9b, 0xc6, 0xfc, 0xde, 0x5d, 0xef, 0x7e, 0xf7,
    0x9e, 0xf7, 0x7e, 0xf7, 0x9d, 0xf7, 0x9e, 0xef, 0x7e, 0xf7, 0x9e, 0xf7,
    0x7e, 0xf7, 0x7e, 0xef, 0x7d, 0xf7, 0x9e, 0xf7, 0x9e, 0xf7, 0x7e, 0xef,
    0x7e, 0xef, 0x7e, 0xef, 0x5d, 0xef, 0x1c, 0xe7, 0x38, 0xce, 0x76, 0xad,
    0x55, 0xad, 0x14, 0xa5, 0xb3, 0x9c, 0x32, 0x84, 0x70, 0x63, 0x6d, 0x3a,
    0x0b, 0x32, 0xe8, 0x31, 0xa7, 0x31, 0x88, 0x31, 0xca, 0x21, 0xec, 0x19,
    0x0e, 0x1a, 0x2e, 0x1a, 0x2e, 0x1a, 0x4e, 0x22, 0x4e, 0x2a, 0x4d, 0x2a,
    0x34, 0xa5, 0x15, 0xad, 0x34, 0xa5, 0x34, 0xa5, 0x14, 0xa5, 0x35, 0xad,
    0x35, 0xad, 0x14, 0xa5, 0x14, 0xa5, 0x34, 0xa5, 0x34, 0xa5, 0x35, 0xad,
    0x34, 0xa5, 0x14, 0xa5, 0x35, 0xad, 0x35, 0xad, 0x14, 0xa5, 0x34, 0xa5,
    0x15, 0xad, 0x34, 0xa5, 0x34, 0xa5, 0x14, 0xa5, 0x34, 0xa5, 0x35, 0xad,
    0x34, 0xa5, 0x15, 0xad, 0x34, 0xa5, 0x34, 0xa5, 0x34, 0xa5, 0x34, 0xa5,
    0x34, 0xa5, 0x15, 0xad, 0x34, 0xa5, 0x14, 0xa5, 0x35, 0xad, 0x34, 0xa5,
    0x34, 0xad, 0x35, 0xa5, 0x49, 0x4a, 0x20, 0x00, 0x21, 0x00, 0x82, 0x10,
    0xa6, 0x39, 0xc7, 0x39, 0xc7, 0x39, 0xc7, 0x39, 0xc7, 0x39, 0x66, 0x29,
    0x21, 0x08, 0x21, 0x08, 0x41, 0x08, 0xe3, 0x18, 0xa3, 0x10, 0x82, 0x10,
    0xcf, 0x7b, 0x5a, 0xce, 0xd7, 0xbd, 0xb3, 0x9c, 0x04, 0x21, 0xe4, 0x18,
    0xf4, 0x9c, 0xb7, 0xb5, 0x19, 0xc6, 0xcb, 0x5a, 0x04, 0x21, 0xa3, 0x10,
    0x25, 0x29, 0x51, 0x8c, 0xb7, 0xb5, 0xd8, 0xbd, 0x59, 0xce, 0x29, 0x42,
    0x04, 0x21, 0x24, 0x21, 0x05, 0x21, 0x04, 0x21, 0x04, 0x21, 0xe4, 0x20,
    0xe4, 0x20, 0xe4, 0x20, 0xe4, 0x20, 0xe4, 0x18, 0xe3, 0x20, 0xc4, 0x18,
    0x82, 0x10, 0xa3, 0x18, 0x66, 0x29, 0xd3, 0x9c, 0x76, 0xad, 0x97, 0xb5,
    0xb7, 0xbd, 0x96, 0xb5, 0x09, 0x42, 0xa2, 0x10, 0x82, 0x10, 0xa3, 0x10,
    0x4e, 0x6b, 0xf8, 0xc5, 0x18, 0xc6, 0xb7, 0xbd, 0xb7, 0xb5, 0xd7, 0xc5,
    0x31, 0x8c, 0x86, 0x31, 0x93, 0x94, 0xd7, 0xbd, 0xb7, 0xbd, 0xd7, 0xbd,
    0x39, 0xc6, 0xd8, 0xbd, 0xcc, 0x5a, 0x62, 0x08, 0xab, 0x19, 0x4f, 0x1a,
    0x2e, 0x1a, 0x2e, 0x22, 0x2e, 0x1a, 0x6f, 0x2a, 0xb2, 0x6b, 0x6f, 0x22,
    0x0e, 0x1a, 0x12, 0x7c, 0x55, 0xad, 0x75, 0xad, 0x1c, 0xe7, 0x9e, 0xf7,
    0x7e, 0xf7, 0x9e, 0xef, 0x9e, 0xf7, 0x7e, 0xf7, 0x7e, 0xf7, 0x5d, 0xef,
    0x1d, 0xe7, 0x5d, 0xef, 0x5d, 0xef, 0x1c, 0xe7, 0x3d, 0xe7, 0x7e, 0xf7,
    0x9e, 0xf7, 0x9e, 0xf7, 0x3d, 0xef, 0xfc, 0xde, 0x3d, 0xe7, 0x7e, 0xf7,
    0x9e, 0xf7, 0x9d, 0xef, 0x7e, 0xf7, 0x7e, 0xf7, 0x9e, 0xef, 0x9d, 0xef,
    0x7e, 0xf7, 0x9e, 0xf7, 0x7e, 0xf7, 0x9d, 0xef, 0x9e, 0xef, 0x7e, 0xf7,
    0x7d, 0xf7, 0x7e, 0xf7, 0x7d, 0xef, 0x5d, 0xef, 0xdb, 0xde, 0xd7, 0xbd,
    0x75, 0xad, 0x55, 0xad, 0xf4, 0xa4, 0x92, 0x94, 0xf1, 0x73, 0x0f, 0x53,
    0x4d, 0x32, 0x0a, 0x32, 0xe9, 0x39, 0xea, 0x31, 0x0c, 0x2a, 0x2e, 0x1a,
    0x2e, 0x1a, 0x2e, 0x1a, 0x0e, 0x12, 0x2e, 0x1a, 0x4f, 0x22, 0x4e, 0x2a,
    0x34, 0xa5, 0x34, 0xa5, 0x34, 0xa5, 0x35, 0xad, 0x34, 0xa5, 0x34, 0xa5,
    0x34, 0xa5, 0x35, 0xad, 0x35, 0xad, 0x34, 0xa5, 0x14, 0xa5, 0x14, 0xa5,
    0x35, 0xad, 0x14, 0xa5, 0x34, 0xa5, 0x34, 0xa5, 0x35, 0xad, 0x34, 0xa5,
    0x34, 0xa5, 0x35, 0xad, 0x15, 0xad, 0x35, 0xad, 0x35, 0xad, 0x34, 0xa5,
    0x34, 0xa5, 0x34, 0xa5, 0x35, 0xad, 0x15, 0xad, 0x15, 0xad, 0x35, 0xad,
    0x35, 0xad, 0x34, 0xa5, 0x34, 0xa5, 0x35, 0xad, 0x34, 0xa5, 0x35, 0xad,
    0x15, 0xad, 0x55, 0xad, 0x6d, 0x6b, 0x41, 0x08, 0x21, 0x08, 0x41, 0x08,
    0x66, 0x29, 0xc7, 0x39, 0xc7, 0x39, 0xc7, 0x39, 0xc7, 0x39, 0xa6, 0x31,
    0x82, 0x10, 0x21, 0x08, 0x41, 0x08, 0x82, 0x10, 0xe4, 0x18, 0x62, 0x10,
    0xe8, 0x39, 0x76, 0xb5, 0x96, 0xb5, 0x97, 0xb5, 0xd3, 0x9c, 0x4e, 0x6b,
    0x76, 0xb5, 0xf8, 0xc5, 0x14, 0xa5, 0x65, 0x29, 0xc3, 0x18, 0xa3, 0x18,
    0x49, 0x4a, 0x96, 0xb5, 0xd7, 0xbd, 0x5a, 0xce, 0x72, 0x94, 0x04, 0x21,
    0x04, 0x21, 0x04, 0x21, 0x04, 0x21, 0x04, 0x21, 0x04, 0x21, 0xe4, 0x20,
    0xe4, 0x18, 0xe4, 0x18, 0xe3, 0x18, 0xe4, 0x18, 0xe4, 0x18, 0xe3, 0x18,
    0xa3, 0x18, 0x82, 0x10, 0xe4, 0x20, 0x8e, 0x73, 0x76, 0xad, 0x96, 0xb5,
    0x96, 0xbd, 0xb7, 0xbd, 0x8f, 0x73, 0xc3, 0x18, 0x82, 0x10, 0x62, 0x10,
    0xc7, 0x39, 0xf4, 0x9c, 0xb7, 0xb5, 0x96, 0xb5, 0xb7, 0xb5, 0xb6, 0xb5,
    0x49, 0x4a, 0xcb, 0x5a, 0xb7, 0xbd, 0xb7, 0xbd, 0xd7, 0xbd, 0xb7, 0xb5,
    0xf8, 0xbd, 0x72, 0x94, 0xe4, 0x20, 0x06, 0x11, 0x2e, 0x1a, 0x4e, 0x1a,
    0x2e, 0x1a, 0x2e, 0x1a, 0x2e, 0x1a, 0x51, 0x5b, 0x10, 0x4b, 0xed, 0x11,
    0xef, 0x42, 0x34, 0xa5, 0x34, 0xa5, 0x7a, 0xd6, 0x9d, 0xef, 0x9e, 0xf7,
    0x9e, 0xf7, 0x7e, 0xf7, 0x7d, 0xf7, 0x9e, 0xef, 0x9e, 0xef, 0x7d, 0xef,
    0x1d, 0xe7, 0x1c, 0xdf, 0x5d, 0xe7, 0x5d, 0xef, 0x9e, 0xf7, 0x7e, 0xf7,
    0x9d, 0xf7, 0x9e, 0xf7, 0x7d, 0xef, 0x3d, 0xe7, 0x3d, 0xe7, 0x7d, 0xef,
    0x9e, 0xf7, 0x7e, 0xf7, 0x7e, 0xf7, 0x9e, 0xf7, 0x7d, 0xf7, 0x7e, 0xf7,
    0x9d, 0xf7, 0x9e, 0xf7, 0x9e, 0xf7, 0x7e, 0xf7, 0x7d, 0xf7, 0x9e, 0xf7,
    0x9e, 0xf7, 0x9e, 0xf7, 0x9d, 0xef, 0x7d, 0xef, 0x1c, 0xe7, 0x79, 0xce,
    0x96, 0xb5, 0x55, 0xad, 0x34, 0xa5, 0xd3, 0x9c, 0x52, 0x84, 0x90, 0x6b,
    0xad, 0x42, 0x2b, 0x32, 0x0b, 0x32, 0x0c, 0x2a, 0x2d, 0x22, 0x2e, 0x1a,
    0x2e, 0x1a, 0x2e, 0x1a, 0x2e, 0x1a, 0x2e, 0x1a, 0x2e, 0x1a, 0x4e, 0x22,
    0x34, 0xa5, 0x15, 0xad, 0x35, 0xad, 0x34, 0xa5, 0x15, 0xad, 0x34, 0xa5,
    0x35, 0xad, 0x14, 0xa5, 0x34, 0xa5, 0x35, 0xad, 0x35, 0xad, 0x35, 0xad,
    0x34, 0xa5, 0x35, 0xad, 0x34, 0xa5, 0x34, 0xa5, 0x14, 0xa5, 0x35, 0xad,
    0x35, 0xad, 0x34, 0xa5, 0x34, 0xa5, 0x34, 0xa5, 0x34, 0xa5, 0x15, 0xad,
    0x15, 0xad, 0x34, 0xa5, 0x34, 0xa5, 0x34, 0xa5, 0x34, 0xa5, 0x34, 0xa5,
    0x14, 0xa5, 0x34, 0xa5, 0x35, 0xad, 0x14, 0xa5, 0x35, 0xad, 0x34, 0xa5,
    0x14, 0xa5, 0x35, 0xad, 0x51, 0x8c, 0xc3, 0x18, 0x20, 0x08, 0x21, 0x00,
    0x04, 0x21, 0xc7, 0x39, 0xc7, 0x39, 0xc7, 0x39, 0xa7, 0x39, 0xc7, 0x39,
    0xc3, 0x18, 0x20, 0x00, 0x41, 0x08, 0x61, 0x08, 0x04, 0x21, 0x82, 0x10,
    0xe4, 0x18, 0x72, 0x8c, 0x76, 0xad, 0x96, 0xb5, 0xb7, 0xbd, 0xb3, 0x9c,
    0xf4, 0x9c, 0xd7, 0xbd, 0xab, 0x5a, 0x04, 0x21, 0xa3, 0x10, 0x04, 0x21,
    0x31, 0x84, 0xd7, 0xbd, 0xb7, 0xb5, 0xd7, 0xbd, 0x29, 0x42, 0x04, 0x21,
    0x25, 0x21, 0x04, 0x21, 0x04, 0x21, 0x04, 0x21, 0x04, 0x21, 0xe4, 0x20,
    0xe4, 0x20, 0x04, 0x19, 0xe3, 0x20, 0xe3, 0x18, 0xe3, 0x18, 0xc4, 0x18,
    0xc3, 0x18, 0x82, 0x10, 0xc3, 0x18, 0x09, 0x42, 0x35, 0xad, 0x76, 0xb5,
    0x96, 0xb5, 0x56, 0xad, 0xb3, 0x94, 0x66, 0x29, 0xa2, 0x10, 0x62, 0x10,
    0xe4, 0x18, 0xd0, 0x7b, 0x56, 0xad, 0x56, 0xad, 0xb7, 0xbd, 0xf0, 0x83,
    0x66, 0x29, 0xb3, 0x94, 0xb7, 0xbd, 0xd7, 0xbd, 0xd7, 0xbd, 0xd7, 0xbd,
    0x35, 0xa5, 0x08, 0x42, 0x83, 0x08, 0xcc, 0x19, 0x2e, 0x1a, 0x2e, 0x1a,
    0x2e, 0x22, 0x2e, 0x1a, 0xd0, 0x3a, 0x91, 0x63, 0x2e, 0x1a, 0x2d, 0x22,
    0x73, 0x8c, 0x34, 0xad, 0xb7, 0xbd, 0x5d, 0xef, 0x9e, 0xf7, 0x7e, 0xf7,
    0x7e, 0xf7, 0x9d, 0xef, 0x9e, 0xf7, 0x7e, 0xf7, 0x7d, 0xf7, 0x9d, 0xf7,
    0x5d, 0xef, 0x1c, 0xdf, 0x5d, 0xef, 0x7e, 0xf7, 0x9e, 0xf7, 0x9e, 0xf7,
    0x9e, 0xef, 0x7e, 0xf7, 0x7d, 0xef, 0x5d, 0xef, 0x5d, 0xef, 0x5d, 0xef,
    0x9e, 0xf7, 0x7e, 0xf7, 0x9e, 0xef, 0x9d, 0xf7, 0x7e, 0xf7, 0x9e, 0xf7,
    0x7e, 0xf7, 0x7d, 0xef, 0x7e, 0xef, 0x9e, 0xf7, 0x9e, 0xf7, 0x7d, 0xf7,
    0x7e, 0xef, 0x9e, 0xf7, 0x7e, 0xf7, 0x7e, 0xf7, 0x5d, 0xef, 0xbb, 0xde,
    0xb7, 0xb5, 0x76, 0xb5, 0x75, 0xb5, 0x55, 0xad, 0x14, 0xa5, 0x73, 0x8c,
    0x70, 0x63, 0x6e, 0x3a, 0x4d, 0x2a, 0x2e, 0x2a, 0x2e, 0x22, 0x2e, 0x1a,
    0x2e, 0x1a, 0x2e, 0x1a, 0x2e, 0x1a, 0x0e, 0x1a, 0x0e, 0x1a, 0x4e, 0x22,
    0x34, 0xa5, 0x35, 0xad, 0x14, 0xa5, 0x34, 0xa5, 0x14, 0xa5, 0x35, 0xad,
    0x14, 0xa5, 0x34, 0xa5, 0x34, 0xa5, 0x34, 0xa5, 0x15, 0xad, 0x34, 0xa5,
    0x34, 0xa5, 0x34, 0xa5, 0x35, 0xad, 0x15, 0xad, 0x35, 0xad, 0x34, 0xa5,
    0x14, 0xa5, 0x34, 0xa5, 0x14, 0xa5, 0x34, 0xa5, 0x34, 0xa5, 0x34, 0xa5,
    0x34, 0xa5, 0x15, 0xad, 0x34, 0xa5, 0x35, 0xad, 0x34, 0xa5, 0x34, 0xa5,
    0x35, 0xad, 0x14, 0xa5, 0x34, 0xa5, 0x35, 0xad, 0x14, 0xa5, 0x34, 0xa5,
    0x34, 0xa5, 0x35, 0xad, 0x14, 0xa5, 0xa6, 0x31, 0x20, 0x00, 0x20, 0x00,
    0xa2, 0x10, 0xa7, 0x39, 0xc7, 0x39, 0xc7, 0x39, 0xa7, 0x31, 0xc7, 0x39,
    0x45, 0x29, 0x21, 0x00, 0x41, 0x08, 0x41, 0x08, 0xe4, 0x20, 0xa2, 0x10,
    0xa3, 0x18, 0x0d, 0x63, 0x55, 0xad, 0x96, 0xb5, 0x96, 0xb5, 0x35, 0xa5,
    0x72, 0x8c, 0xf3, 0x9c, 0x65, 0x29, 0xe4, 0x18, 0xa3, 0x10, 0x08, 0x42,
    0x56, 0xad, 0xd7, 0xbd, 0xf8, 0xc5, 0x10, 0x84, 0x04, 0x21, 0x24, 0x21,
    0x04, 0x21, 0x05, 0x21, 0x04, 0x21, 0x04, 0x21, 0x04, 0x21, 0xe4, 0x20,
    0xe4, 0x18, 0xe3, 0x20, 0xe4, 0x20, 0xe4, 0x18, 0xc4, 0x18, 0xc3, 0x20,
    0xc3, 0x18, 0x83, 0x10, 0xa3, 0x10, 0x25, 0x21, 0x31, 0x8c, 0x75, 0xb5,
    0x96, 0xb5, 0x76, 0xad, 0x35, 0xa5, 0xcb, 0x5a, 0x82, 0x10, 0x82, 0x10,
    0xa3, 0x10, 0x6a, 0x4a, 0xd4, 0x9c, 0x76, 0xad, 0x35, 0xad, 0xa7, 0x39,
    0x4d, 0x6b, 0x97, 0xb5, 0x76, 0xad, 0xb7, 0xbd, 0xb7, 0xbd, 0xd7, 0xbd,
    0x8e, 0x73, 0x82, 0x10, 0x48, 0x11, 0x2f, 0x1a, 0x4e, 0x1a, 0x2e, 0x1a,
    0x2e, 0x1a, 0x4f, 0x22, 0x91, 0x63, 0xaf, 0x32, 0xee, 0x11, 0x70, 0x63,
    0x35, 0xad, 0x35, 0xad, 0xdb, 0xde, 0x9e, 0xf7, 0x7e, 0xf7, 0x7e, 0xf7,
    0x7d, 0xef, 0x9e, 0xf7, 0x7e, 0xf7, 0x9e, 0xf7, 0x9e, 0xf7, 0x7e, 0xf7,
    0x5d, 0xef, 0x1c, 0xdf, 0x3d, 0xe7, 0x7d, 0xef, 0x7e, 0xf7, 0x7e, 0xf7,
    0x7e, 0xf7, 0x7d, 0xef, 0x7e, 0xef, 0x7d, 0xef, 0x5d, 0xef, 0x5d, 0xef,
    0x9e, 0xf7, 0x7e, 0xef, 0x7d, 0xf7, 0x9e, 0xf7, 0x9e, 0xef, 0x7e, 0xef,
    0x9e, 0xf7, 0x7e, 0xf7, 0x9d, 0xf7, 0x7e, 0xf7, 0x7e, 0xef, 0x7e, 0xf7,
    0x9e, 0xf7, 0x7d, 0xef, 0x7e, 0xf7, 0x5d, 0xef, 0x1c, 0xe7, 0x38, 0xc6,
    0x96, 0xb5, 0xb7, 0xb5, 0xd7, 0xbd, 0xf8, 0xbd, 0x97, 0xb5, 0x16, 0x9d,
    0xf4, 0x63, 0x12, 0x33, 0x90, 0x2a, 0x6f, 0x22, 0x4f, 0x1a, 0x2e, 0x1a,
    0x2e, 0x1a, 0x0e, 0x12, 0x0e, 0x12, 0x2e, 0x1a, 0x2d, 0x1a, 0x2e, 0x1a,
    0x34, 0xa5, 0x34, 0xa5, 0x34, 0xa5, 0x35, 0xad, 0x34, 0xa5, 0x34, 0xa5,
    0x35, 0xad, 0x35, 0xad, 0x35, 0xad, 0x14, 0xa5, 0x34, 0xa5, 0x34, 0xa5,
    0x14, 0xa5, 0x15, 0xad, 0x34, 0xa5, 0x34, 0xa5, 0x14, 0xa5, 0x34, 0xa5,
    0x34, 0xa5, 0x15, 0xad, 0x35, 0xad, 0x35, 0xad, 0x15, 0xad, 0x35, 0xad,
    0x34, 0xa5, 0x34, 0xa5, 0x35, 0xad, 0x14, 0xa5, 0x15, 0xad, 0x35, 0xad,
    0x14, 0xa5, 0x35, 0xad, 0x35, 0xad, 0x14, 0xa5, 0x34, 0xa5, 0x35, 0xad,
    0x35, 0xad, 0x35, 0xad, 0x55, 0xad, 0xab, 0x5a, 0x21, 0x00, 0x21, 0x08,
    0x61, 0x08, 0x86, 0x31, 0xc7, 0x39, 0xc7, 0x39, 0xa7, 0x39, 0xc7, 0x39,
    0xa6, 0x31, 0x41, 0x08, 0x21, 0x08, 0x41, 0x08, 0xa3, 0x10, 0xc3, 0x18,
    0xa2, 0x10, 0xe8, 0x41, 0x35, 0xad, 0x76, 0xb5, 0x14, 0xa5, 0x76, 0xb5,
    0x52, 0x8c, 0xab, 0x52, 0x04, 0x21, 0xa3, 0x18, 0xc3, 0x18, 0x10, 0x84,
    0x96, 0xb5, 0xb7, 0xbd, 0xb7, 0xbd, 0x08, 0x42, 0x04, 0x21, 0x04, 0x21,
    0x04, 0x21, 0x04, 0x21, 0x04, 0x21, 0x04, 0x21, 0xe4, 0x20, 0xe4, 0x18,
    0xe4, 0x18, 0xe3, 0x18, 0xe4, 0x18, 0xe3, 0x18, 0xe3, 0x18, 0xc3, 0x18,
    0xc3, 0x18, 0xc3, 0x18, 0x82, 0x10, 0xc3, 0x18, 0xcc, 0x5a, 0x56, 0xad,
    0x97, 0xb5, 0xd8, 0xbd, 0xb7, 0xb5, 0x51, 0x8c, 0xe4, 0x18, 0x82, 0x10,
    0x82, 0x10, 0x45, 0x29, 0x52, 0x8c, 0x76, 0xb5, 0x2c, 0x6b, 0x86, 0x31,
    0x35, 0xa5, 0x96, 0xb5, 0x76, 0xad, 0xb7, 0xb5, 0xd7, 0xbd, 0xd3, 0xa4,
    0x86, 0x31, 0xa4, 0x10, 0x0d, 0x1a, 0x4f, 0x22, 0x4e, 0x1a, 0x2f, 0x1a,
    0x2e, 0x1a, 0x10, 0x4b, 0x71, 0x5b, 0x0e, 0x12, 0x8e, 0x32, 0xd4, 0x9c,
    0x34, 0xa5, 0x18, 0xc6, 0x7d, 0xef, 0x9e, 0xf7, 0x9e, 0xf7, 0x9e, 0xef,
    0x9d, 0xf7, 0x7e, 0xf7, 0x7e, 0xf7, 0x7e, 0xef, 0x9d, 0xef, 0x7e, 0xef,
    0x5d, 0xef, 0x3d, 0xe7, 0x3d, 0xe7, 0x5d, 0xef, 0x7d, 0xef, 0x7e, 0xf7,
    0x7d, 0xef, 0x7d, 0xef, 0x7e, 0xf7, 0x7d, 0xf7, 0x5d, 0xef, 0x5e, 0xef,
    0x7e, 0xf7, 0x9e, 0xf7, 0x9e, 0xf7, 0x7e, 0xf7, 0x7e, 0xf7, 0x9d, 0xf7,
    0x9d, 0xef, 0x9e, 0xf7, 0x7e, 0xf7, 0x9d, 0xef, 0x9e, 0xf7, 0x9e, 0xf7,
    0x9d, 0xf7, 0x9e, 0xf7, 0x7d, 0xef, 0x3c, 0xe7, 0x7a, 0xce, 0x96, 0xb5,
    0x96, 0xb5, 0xd7, 0xbd, 0xf8, 0xbd, 0xd7, 0xb5, 0x97, 0xad, 0x77, 0xad,
    0x16, 0x95, 0xb5, 0x84, 0xf3, 0x6b, 0xd0, 0x3a, 0x2e, 0x1a, 0x2e, 0x1a,
    0x2e, 0x1a, 0x0e, 0x12, 0x0d, 0x1a, 0x0e, 0x12, 0x0e, 0x12, 0x2e, 0x1a,
    0x34, 0xa5, 0x15, 0xad, 0x35, 0xad, 0x34, 0xa5, 0x15, 0xad, 0x34, 0xa5,
    0x34, 0xa5, 0x14, 0xa5, 0x34, 0xa5, 0x35, 0xad, 0x14, 0xa5, 0x35, 0xad,
    0x35, 0xad, 0x35, 0xad, 0x34, 0xa5, 0x14, 0xa5, 0x35, 0xad, 0x34, 0xa5,
    0x35, 0xad, 0x35, 0xad, 0x34, 0xa5, 0x14, 0xa5, 0x34, 0xa5, 0x14, 0xa5,
    0x35, 0xad, 0x34, 0xa5, 0x14, 0xa5, 0x34, 0xa5, 0x34, 0xa5, 0x34, 0xa5,
    0x34, 0xa5, 0x34, 0xa5, 0x35, 0xad, 0x34, 0xa5, 0x34, 0xa5, 0x15, 0xad,
    0x34, 0xa5, 0x34, 0xa5, 0x55, 0xad, 0xcf, 0x7b, 0x62, 0x10, 0x21, 0x08,
    0x21, 0x08, 0x24, 0x29, 0xc7, 0x39, 0xc7, 0x39, 0xa7, 0x39, 0xa7, 0x31,
    0xc6, 0x39, 0xa3, 0x18, 0x21, 0x00, 0x41, 0x08, 0x62, 0x10, 0xe4, 0x20,
    0x82, 0x10, 0x25, 0x21, 0x92, 0x94, 0xb7, 0xb5, 0x97, 0xb5, 0xb8, 0xbd,
    0x51, 0x8c, 0x45, 0x29, 0xe4, 0x20, 0xa3, 0x10, 0xc7, 0x39, 0x35, 0xad,
    0x35, 0xad, 0xb7, 0xbd, 0x31, 0x8c, 0x04, 0x21, 0x25, 0x21, 0x05, 0x21,
    0x04, 0x21, 0x04, 0x21, 0x04, 0x21, 0x04, 0x21, 0xe4, 0x18, 0xe4, 0x20,
    0xe3, 0x18, 0xe4, 0x18, 0xe3, 0x20, 0xc3, 0x18, 0xc4, 0x18, 0xc3, 0x18,
    0xc3, 0x18, 0xc3, 0x18, 0x82, 0x10, 0xa3, 0x18, 0xa7, 0x31, 0xf4, 0x9c,
    0xb7, 0xb5, 0x97, 0xb5, 0x97, 0xb5, 0x15, 0xa5, 0xe8, 0x39, 0x82, 0x10,
    0x82, 0x10, 0xa3, 0x18, 0x0d, 0x63, 0x72, 0x94, 0x25, 0x29, 0x8f, 0x73,
    0x55, 0xad, 0x34, 0xad, 0x14, 0xad, 0x97, 0xb5, 0xb7, 0xbd, 0x0c, 0x63,
    0x62, 0x10, 0x8a, 0x11, 0x4f, 0x1a, 0x2e, 0x22, 0x2e, 0x1a, 0x2e, 0x1a,
    0x6f, 0x2a, 0xb2, 0x6b, 0x6e, 0x2a, 0x0e, 0x1a, 0x12, 0x74, 0x55, 0xad,
    0x75, 0xad, 0x1c, 0xe7, 0x9e, 0xf7, 0x7e, 0xf7, 0x7e, 0xf7, 0x7d, 0xef,
    0x9e, 0xf7, 0x9e, 0xf7, 0x9e, 0xef, 0x9d, 0xf7, 0x7e, 0xf7, 0x7d, 0xef,
    0x7d, 0xef, 0x5d, 0xef, 0x5d, 0xef, 0x5d, 0xef, 0x3d, 0xe7, 0x5d, 0xe7,
    0x7d, 0xef, 0x7e, 0xef, 0x7e, 0xf7, 0x7e, 0xf7, 0x7d, 0xef, 0x7d, 0xef,
    0x7e, 0xf7, 0x9e, 0xf7, 0x7d, 0xef, 0x7e, 0xf7, 0x7e, 0xf7, 0x7e, 0xf7,
    0x7e, 0xf7, 0x7e, 0xf7, 0x9e, 0xef, 0x7e, 0xf7, 0x9e, 0xf7, 0x7d, 0xf7,
    0x7e, 0xef, 0x7e, 0xf7, 0x5d, 0xef, 0xbb, 0xde, 0x96, 0xb5, 0x75, 0xad,
    0xb6, 0xb5, 0xd7, 0xbd, 0xd7, 0xbd, 0xb7, 0xb5, 0xd8, 0xbd, 0xd8, 0xbd,
    0xf8, 0xc5, 0xd7, 0xbd, 0x56, 0xad, 0x73, 0x8c, 0xd0, 0x3a, 0x0e, 0x12,
    0x0e, 0x1a, 0x2e, 0x1a, 0x2e, 0x22, 0x2e, 0x22, 0x2e, 0x1a, 0x2e, 0x1a,
    0x34, 0xa5, 0x35, 0xad, 0x14, 0xa5, 0x34, 0xa5, 0x34, 0xa5, 0x35, 0xad,
    0x15, 0xad, 0x34, 0xa5, 0x34, 0xa5, 0x34, 0xa5, 0x35, 0xad, 0x34, 0xa5,
    0x34, 0xa5, 0x34, 0xa5, 0x34, 0xa5, 0x35, 0xad, 0x35, 0xad, 0x35, 0xad,
    0x14, 0xa5, 0x34, 0xa5, 0x34, 0xa5, 0x34, 0xa5, 0x34, 0xa5, 0x34, 0xa5,
    0x14, 0xa5, 0x35, 0xad, 0x35, 0xad, 0x35, 0xad, 0x34, 0xa5, 0x35, 0xad,
    0x15, 0xad, 0x34, 0xa5, 0x34, 0xa5, 0x14, 0xa5, 0x35, 0xad, 0x34, 0xa5,
    0x14, 0xa5, 0x34, 0xa5, 0x35, 0xad, 0xb2, 0x94, 0x04, 0x21, 0x20, 0x00,
    0x21, 0x00, 0xc3, 0x18, 0xc7, 0x39, 0xc7, 0x39, 0xa7, 0x31, 0xa6, 0x39,
    0xc7, 0x39, 0x24, 0x21, 0x20, 0x00, 0x41, 0x08, 0x61, 0x08, 0xe4, 0x18,
    0x82, 0x10, 0xc3, 0x18, 0x8f, 0x73, 0xd7, 0xb5, 0xb7, 0xb5, 0xb7, 0xb5,
    0xec, 0x62, 0x24, 0x21, 0xc3, 0x18, 0x24, 0x21, 0x72, 0x8c, 0x96, 0xb5,
    0x12, 0xb5, 0x96, 0xb5, 0x29, 0x42, 0x04, 0x21, 0x24, 0x21, 0x04, 0x21,
    0x24, 0x21, 0x04, 0x21, 0x04, 0x21, 0x04, 0x21, 0xe4, 0x20, 0xe4, 0x20,
    0xe4, 0x20, 0xe3, 0x20, 0xe4, 0x18, 0xc3, 0x18, 0xc4, 0x18, 0xc3, 0x18,
    0xc3, 0x18, 0xc3, 0x18, 0xa3, 0x10, 0x82, 0x10, 0x04, 0x21, 0x11, 0x84,
    0xd7, 0xb5, 0x96, 0xad, 0x19, 0xc6, 0x39, 0xc6, 0xcf, 0x7b, 0xa3, 0x10,
    0x82, 0x10, 0x82, 0x10, 0x45, 0x29, 0xe4, 0x18, 0x08, 0x42, 0xb7, 0xb5,
    0xb7, 0xbd, 0x34, 0xb5, 0x33, 0xb5, 0x96, 0xb5, 0x92, 0x94, 0x04, 0x21,
    0xe5, 0x10, 0x2e, 0x1a, 0x2e, 0x1a, 0x2e, 0x1a, 0x2e, 0x1a, 0x2e, 0x1a,
    0x71, 0x5b, 0x10, 0x4b, 0x0e, 0x12, 0xef, 0x42, 0x34, 0xa5, 0x34, 0xa5,
    0x7a, 0xd6, 0x7e, 0xf7, 0x9e, 0xf7, 0x9e, 0xf7, 0x7d, 0xf7, 0x9e, 0xf7,
    0x7e, 0xf7, 0x7e, 0xf7, 0x7d, 0xf7, 0x9e, 0xf7, 0x7e, 0xf7, 0x7d, 0xef,
    0x7e, 0xf7, 0x5d, 0xef, 0x3d, 0xe7, 0x7d, 0xef, 0x7e, 0xf7, 0x9e, 0xf7,
    0x7d, 0xef, 0x7e, 0xf7, 0x9e, 0xf7, 0x7d, 0xef, 0x7d, 0xef, 0x5d, 0xef,
    0x7e, 0xf7, 0x9e, 0xf7, 0x7d, 0xef, 0x7e, 0xef, 0x7d, 0xef, 0x9e, 0xf7,
    0x9e, 0xf7, 0x7e, 0xf7, 0x9d, 0xf7, 0x7e, 0xf7, 0x7e, 0xf7, 0x7e, 0xef,
    0x9e, 0xf7, 0x5d, 0xef, 0xfc, 0xe6, 0x18, 0xc6, 0x55, 0xad, 0x96, 0xb5,
    0xd7, 0xbd, 0xd8, 0xbd, 0xb7, 0xb5, 0xb7, 0xb5, 0xd8, 0xbd, 0x18, 0xc6,
    0x18, 0xc6, 0xf8, 0xbd, 0xb7, 0xb5, 0x35, 0xa5, 0xf2, 0x73, 0x6f, 0x2a,
    0x2e, 0x1a, 0x4e, 0x2a, 0xcf, 0x42, 0xef, 0x4a, 0xcf, 0x4a, 0xaf, 0x3a,
    0x34, 0xa5, 0x14, 0xa5, 0x34, 0xa5, 0x35, 0xad, 0x34, 0xa5, 0x14, 0xa5,
    0x35, 0xad, 0x34, 0xa5, 0x15, 0xad, 0x15, 0xad, 0x34, 0xa5, 0x34, 0xa5,
    0x15, 0xad, 0x14, 0xa5, 0x34, 0xa5, 0x14, 0xa5, 0x34, 0xa5, 0x34, 0xa5,
    0x14, 0xa5, 0x34, 0xa5, 0x15, 0xad, 0x35, 0xad, 0x35, 0xad, 0x35, 0xad,
    0x35, 0xad, 0x34, 0xa5, 0x34, 0xa5, 0x14, 0xa5, 0x35, 0xad, 0x14, 0xa5,
    0x34, 0xa5, 0x35, 0xad, 0x14, 0xa5, 0x35, 0xad, 0x35, 0xad, 0x34, 0xa5,
    0x34, 0xa5, 0x15, 0xad, 0x35, 0xad, 0x34, 0xa5, 0x08, 0x42, 0x21, 0x00,
    0x20, 0x00, 0x62, 0x10, 0x86, 0x31, 0xc7, 0x39, 0xa7, 0x39, 0xa6, 0x31,
    0xc7, 0x39, 0x86, 0x31, 0x41, 0x08, 0x21, 0x08, 0x41, 0x08, 0xc3, 0x18,
    0xc3, 0x18, 0x82, 0x10, 0x8a, 0x52, 0x97, 0xb5, 0xd7, 0xbd, 0xd7, 0xbd,
    0xe8, 0x39, 0xe4, 0x20, 0xc3, 0x18, 0x8a, 0x52, 0xd8, 0xbd, 0x96, 0xb5,
    0x96, 0xb5, 0x31, 0x84, 0x04, 0x21, 0x24, 0x21, 0x04, 0x21, 0x04, 0x21,
    0x04, 0x21, 0x05, 0x21, 0x04, 0x21, 0xe4, 0x20, 0xe4, 0x20, 0xe4, 0x18,
    0xe3, 0x18, 0xe4, 0x18, 0xe3, 0x18, 0xe3, 0x18, 0xc3, 0x18, 0xc4, 0x18,
    0xc3, 0x18, 0xc3, 0x18, 0xa3, 0x18, 0x62, 0x10, 0xc3, 0x18, 0x8a, 0x52,
    0x97, 0xb5, 0xb7, 0xb5, 0x59, 0xce, 0xf8, 0xbd, 0x14, 0xa5, 0x25, 0x29,
    0x82, 0x10, 0x82, 0x10, 0x82, 0x10, 0x82, 0x10, 0x72, 0x8c, 0xf8, 0xbd,
    0xb7, 0xb5, 0x76, 0xb5, 0x96, 0xb5, 0x76, 0xad, 0x4a, 0x4a, 0x83, 0x10,
    0xcc, 0x19, 0x4f, 0x1a, 0x2e, 0x1a, 0x0e, 0x1a, 0x6f, 0x22, 0x4f, 0x22,
    0x51, 0x5b, 0xf0, 0x42, 0x2e, 0x22, 0x73, 0x8c, 0x54, 0xad, 0xb7, 0xbd,
    0x5d, 0xef, 0x9e, 0xf7, 0x9e, 0xf7, 0x7d, 0xef, 0x9e, 0xf7, 0x9e, 0xef,
    0x9e, 0xf7, 0x7d, 0xef, 0x9e, 0xef, 0x7e, 0xf7, 0x7d, 0xef, 0x7d, 0xef,
    0x7e, 0xf7, 0x7e, 0xf7, 0x5d, 0xe7, 0x5d, 0xef, 0x7e, 0xf7, 0x7e, 0xf7,
    0x9d, 0xf7, 0x7e, 0xf7, 0x9e, 0xf7, 0x7d, 0xf7, 0x7d, 0xef, 0x7e, 0xef,
    0x7e, 0xf7, 0x7e, 0xf7, 0x7d, 0xef, 0x7d, 0xef, 0x7d, 0xef, 0x7d, 0xf7,
    0x9e, 0xf7, 0x9e, 0xef, 0x7e, 0xef, 0x9d, 0xf7, 0x9d, 0xf7, 0x9e, 0xf7,
    0x7d, 0xef, 0x3c, 0xe7, 0x79, 0xce, 0x55, 0xad, 0x96, 0xb5, 0xb7, 0xb5,
    0xd7, 0xbd, 0x97, 0xb5, 0x77, 0xad, 0x97, 0xb5, 0xd8, 0xbd, 0xf8, 0xbd,
    0xb7, 0xb5, 0x56, 0xad, 0x94, 0x8c, 0x33, 0x7c, 0x51, 0x5b, 0x6e, 0x32,
    0x2d, 0x2a, 0x6d, 0x32, 0xef, 0x4a, 0x30, 0x5b, 0x50, 0x5b, 0x10, 0x53,
    0x34, 0xa5, 0x35, 0xad, 0x35, 0xad, 0x34, 0xa5, 0x15, 0xad, 0x34, 0xa5,
    0x34, 0xa5, 0x34, 0xa5, 0x35, 0xad, 0x34, 0xa5, 0x34, 0xa5, 0x15, 0xad,
    0x34, 0xa5, 0x35, 0xad, 0x35, 0xad, 0x34, 0xa5, 0x14, 0xa5, 0x34, 0xa5,
    0x35, 0xad, 0x35, 0xad, 0x35, 0xad, 0x14, 0xa5, 0x34, 0xa5, 0x14, 0xa5,
    0x34, 0xa5, 0x34, 0xa5, 0x14, 0xa5, 0x34, 0xa5, 0x34, 0xa5, 0x34, 0xa5,
    0x34, 0xa5, 0x34, 0xa5, 0x15, 0xad, 0x34, 0xa5, 0x34, 0xa5, 0x15, 0xad,
    0x35, 0xad, 0x35, 0xad, 0x14, 0xa5, 0x55, 0xad, 0x2d, 0x6b, 0x41, 0x08,
    0x21, 0x08, 0x41, 0x08, 0x65, 0x29, 0xc7, 0x39, 0xa7, 0x39, 0xa7, 0x31,
    0xa7, 0x31, 0xa6, 0x31, 0x82, 0x10, 0x21, 0x08, 0x41, 0x08, 0x82, 0x10,
    0xe4, 0x18, 0x62, 0x10, 0xa6, 0x31, 0x56, 0xad, 0x39, 0xc6, 0x7a, 0xce,
    0xcb, 0x5a, 0xa3, 0x10, 0x25, 0x29, 0x52, 0x8c, 0xb7, 0xb5, 0xd7, 0xbd,
    0xb7, 0xb5, 0x29, 0x42, 0x04, 0x21, 0x25, 0x21, 0x05, 0x21, 0x04, 0x21,
    0x04, 0x21, 0x04, 0x21, 0x04, 0x21, 0xe4, 0x18, 0xe4, 0x18, 0xe3, 0x18,
    0xe3, 0x18, 0xe3, 0x18, 0xc4, 0x20, 0xc3, 0x18, 0xc3, 0x18, 0xc3, 0x18,
    0xc3, 0x18, 0xc3, 0x18, 0xc3, 0x10, 0x82, 0x10, 0xa3, 0x10, 0x65, 0x29,
    0x14, 0xa5, 0x5a, 0xce, 0x17, 0xce, 0xb6, 0xc5, 0x97, 0xb5, 0xcb, 0x5a,
    0xa3, 0x10, 0xe4, 0x18, 0x04, 0x21, 0xec, 0x5a, 0xb7, 0xb5, 0x97, 0xad,
    0x97, 0xb5, 0xd7, 0xbd, 0xd7, 0xbd, 0x93, 0x94, 0xe3, 0x20, 0x27, 0x11,
    0x2e, 0x1a, 0x2e, 0x1a, 0x2e, 0x1a, 0x31, 0x4b, 0x35, 0xa5, 0x94, 0x8c,
    0xaf, 0x32, 0x71, 0x5b, 0x91, 0x63, 0x35, 0xad, 0x55, 0xad, 0xdb, 0xde,
    0x9e, 0xf7, 0x7e, 0xf7, 0x7e, 0xef, 0x7e, 0xf7, 0x7e, 0xf7, 0x7e, 0xf7,
    0x7d, 0xf7, 0x9e, 0xf7, 0x9e, 0xf7, 0x9e, 0xf7, 0x7d, 0xef, 0x7e, 0xef,
    0x9e, 0xf7, 0x9e, 0xf7, 0x5d, 0xef, 0x3d, 0xe7, 0x7d, 0xef, 0x9e, 0xf7,
    0x7e, 0xf7, 0x9d, 0xef, 0x9e, 0xf7, 0x7e, 0xef, 0x7d, 0xef, 0x7e, 0xef,
    0x7e, 0xf7, 0x7d, 0xef, 0x5d, 0xef, 0x7e, 0xef, 0x7e, 0xf7, 0x7e, 0xf7,
    0x7d, 0xf7, 0x7e, 0xf7, 0x9e, 0xf7, 0x7e, 0xef, 0x9e, 0xf7, 0x7e, 0xef,
    0x3d, 0xef, 0xdb, 0xde, 0x96, 0xb5, 0x55, 0xad, 0xb6, 0xb5, 0xd7, 0xbd,
    0xb7, 0xb5, 0x56, 0xa5, 0x56, 0xa5, 0x77, 0xad, 0xd8, 0xbd, 0xf8, 0xbd,
    0xb7, 0xb5, 0x76, 0xad, 0xb4, 0x8c, 0x12, 0x7c, 0xf0, 0x4a, 0x0c, 0x2a,
    0x0b, 0x32, 0x0b, 0x32, 0x4c, 0x3a, 0x0f, 0x53, 0x50, 0x63, 0x71, 0x5b,
    0x34, 0xa5, 0x15, 0xad, 0x34, 0xa5, 0x34, 0xa5, 0x14, 0xa5, 0x35, 0xad,
    0x35, 0xad, 0x14, 0xa5, 0x34, 0xa5, 0x34, 0xa5, 0x34, 0xa5, 0x35, 0xad,
    0x34, 0xa5, 0x34, 0xa5, 0x35, 0xad, 0x35, 0xad, 0x35, 0xad, 0x35, 0xad,
    0x14, 0xa5, 0x34, 0xa5, 0x34, 0xa5, 0x34, 0xa5, 0x34, 0xa5, 0x34, 0xa5,
    0x15, 0xad, 0x35, 0xad, 0x35, 0xad, 0x35, 0xad, 0x35, 0xad, 0x15, 0xad,
    0x35, 0xad, 0x35, 0xad, 0x34, 0xa5, 0x34, 0xa5, 0x14, 0xa5, 0x34, 0xa5,
    0x34, 0xa5, 0x34, 0xa5, 0x34, 0xa5, 0x55, 0xad, 0x31, 0x8c, 0xa2, 0x10,
    0x21, 0x00, 0x20, 0x08, 0x04, 0x21, 0xa7, 0x39, 0xa6, 0x31, 0xa6, 0x39,
    0xa7, 0x31, 0xa7, 0x39, 0xe4, 0x20, 0x20, 0x00, 0x41, 0x08, 0x62, 0x08,
    0xe4, 0x20, 0x82, 0x10, 0xe3, 0x18, 0xd3, 0x9c, 0x7a, 0xce, 0x18, 0xc6,
    0x51, 0x8c, 0xa3, 0x10, 0x08, 0x42, 0x76, 0xad, 0x76, 0xad, 0x7a, 0xce,
    0x93, 0x94, 0x04, 0x21, 0x24, 0x21, 0x04, 0x29, 0x04, 0x21, 0x04, 0x21,
    0x04, 0x21, 0x04, 0x21, 0x04, 0x21, 0xe4, 0x20, 0xe4, 0x18, 0xe3, 0x20,
    0xe4, 0x20, 0xe4, 0x18, 0xc3, 0x18, 0xc4, 0x18, 0xc3, 0x18, 0xc3, 0x18,
    0xc3, 0x18, 0xc3, 0x18, 0xa3, 0x18, 0xa3, 0x10, 0x82, 0x10, 0xc4, 0x18,
    0x8e, 0x73, 0xf8, 0xc5, 0xd6, 0xc5, 0xb6, 0xbd, 0xd7, 0xbd, 0x72, 0x94,
    0x04, 0x21, 0x04, 0x21, 0xc7, 0x39, 0xd4, 0x9c, 0xb7, 0xb5, 0x76, 0xad,
    0xd7, 0xbd, 0x59, 0xce, 0x39, 0xc6, 0xf4, 0x9c, 0x66, 0x29, 0xcc, 0x19,
    0x4f, 0x1a, 0x8f, 0x2a, 0x51, 0x53, 0xb7, 0xbd, 0x94, 0x8c, 0xb4, 0x8c,
    0x51, 0x53, 0x10, 0x53, 0x14, 0xa5, 0x34, 0xa5, 0x38, 0xc6, 0x7d, 0xef,
    0x7e, 0xf7, 0x9d, 0xf7, 0x9d, 0xf7, 0x9e, 0xf7, 0x9e, 0xf7, 0x9e, 0xef,
    0x7d, 0xf7, 0x7e, 0xf7, 0x7e, 0xf7, 0x7d, 0xf7, 0x7d, 0xef, 0x7e, 0xf7,
    0x9e, 0xf7, 0x9d, 0xf7, 0x7d, 0xef, 0x3d, 0xe7, 0x5d, 0xef, 0x9e, 0xf7,
    0x7e, 0xf7, 0x7e, 0xf7, 0x9e, 0xef, 0x7d, 0xef, 0x7d, 0xf7, 0x7e, 0xf7,
    0x7d, 0xef, 0x5d, 0xef, 0x5d, 0xef, 0x7d, 0xef, 0x7e, 0xf7, 0x9e, 0xf7,
    0x9e, 0xef, 0x7d, 0xf7, 0x9e, 0xf7, 0x7e, 0xf7, 0x7e, 0xf7, 0x5d, 0xef,
    0x1c, 0xe7, 0xf7, 0xc5, 0x55, 0xad, 0x96, 0xb5, 0xb7, 0xb5, 0xd7, 0xb5,
    0x77, 0xad, 0xf6, 0x94, 0xf6, 0x94, 0x77, 0xad, 0xd8, 0xbd, 0xf8, 0xc5,
    0xf8, 0xbd, 0xf8, 0xbd, 0xd7, 0xbd, 0x55, 0xad, 0x73, 0x8c, 0x91, 0x63,
    0xb1, 0x6b, 0xf1, 0x7b, 0x91, 0x63, 0xb1, 0x6b, 0x51, 0x5b, 0x31, 0x53,
    0x34, 0xa5, 0x34, 0xa5, 0x14, 0xa5, 0x35, 0xad, 0x34, 0xa5, 0x34, 0xa5,
    0x34, 0xa5, 0x15, 0xad, 0x35, 0xad, 0x34, 0xa5, 0x15, 0xad, 0x14, 0xa5,
    0x35, 0xad, 0x34, 0xa5, 0x14, 0xa5, 0x14, 0xa5, 0x34, 0xa5, 0x14, 0xa5,
    0x34, 0xa5, 0x34, 0xa5, 0x15, 0xad, 0x34, 0xa5, 0x35, 0xad, 0x15, 0xad,
    0x34, 0xa5, 0x14, 0xa5, 0x34, 0xa5, 0x34, 0xa5, 0x14, 0xa5, 0x34, 0xa5,
    0x34, 0xa5, 0x14, 0xa5, 0x14, 0xa5, 0x35, 0xad, 0x35, 0xad, 0x34, 0xa5,
    0x34, 0xa5, 0x15, 0xad, 0x34, 0xa5, 0x35, 0xad, 0xf3, 0x9c, 0x66, 0x29,
    0x20, 0x00, 0x21, 0x08, 0x82, 0x10, 0xa6, 0x31, 0xa7, 0x39, 0xa7, 0x39,
    0xa6, 0x39, 0xa7, 0x31, 0x45, 0x29, 0x41, 0x08, 0x41, 0x08, 0x41, 0x08,
    0xc3, 0x18, 0xa3, 0x18, 0xa2, 0x10, 0xcc, 0x5a, 0xf8, 0xbd, 0xb7, 0xb5,
    0xb7, 0xb5, 0xaf, 0x7b, 0x31, 0x8c, 0xd7, 0xbd, 0xf8, 0xbd, 0x59, 0xce,
    0x49, 0x4a, 0x04, 0x21, 0x24, 0x21, 0x05, 0x21, 0x04, 0x21, 0x04, 0x21,
    0x04, 0x21, 0xe4, 0x20, 0xe4, 0x18, 0xe4, 0x20, 0xe4, 0x20, 0xe4, 0x18,
    0xe3, 0x18, 0xe4, 0x18, 0xc3, 0x18, 0xe3, 0x18, 0xc3, 0x18, 0xc3, 0x18,
    0xc4, 0x18, 0xa3, 0x18, 0xc3, 0x18, 0xa3, 0x18, 0x62, 0x10, 0xc3, 0x18,
    0xe8, 0x39, 0x35, 0xad, 0xb7, 0xb5, 0xb7, 0xb5, 0xd8, 0xbd, 0x35, 0xad,
    0xa6, 0x31, 0x25, 0x21, 0x6e, 0x73, 0xb7, 0xbd, 0xb7, 0xb5, 0xb7, 0xb5,
    0x39, 0xc6, 0x5a, 0xce, 0x39, 0xc6, 0x76, 0xad, 0x4b, 0x3a, 0xee, 0x11,
    0x30, 0x4b, 0xf2, 0x73, 0xd0, 0x3a, 0x36, 0xa5, 0xf5, 0x9c, 0x94, 0x8c,
    0x73, 0x84, 0x12, 0x7c, 0x35, 0xad, 0x76, 0xad, 0x1c, 0xe7, 0x9e, 0xf7,
    0x9e, 0xf7, 0x7e, 0xf7, 0x7e, 0xef, 0x7d, 0xf7, 0x9e, 0xf7, 0x7d, 0xef,
    0x9e, 0xf7, 0x9e, 0xef, 0x7e, 0xef, 0x7e, 0xef, 0x7d, 0xef, 0x9e, 0xf7,
    0x7e, 0xf7, 0x7e, 0xf7, 0x7e, 0xef, 0x5d, 0xe7, 0x5d, 0xef, 0x7e, 0xf7,
    0x9e, 0xf7, 0x9e, 0xf7, 0x7e, 0xf7, 0x7d, 0xef, 0x7d, 0xef, 0x7e, 0xf7,
    0x7d, 0xef, 0x5d, 0xef, 0x7e, 0xef, 0x7e, 0xf7, 0x9e, 0xf7, 0x7e, 0xf7,
    0x9e, 0xf7, 0x9e, 0xef, 0x7d, 0xf7, 0x9e, 0xf7, 0x7d, 0xef, 0x3c, 0xe7,
    0x59, 0xce, 0x55, 0xad, 0x76, 0xad, 0xb7, 0xb5, 0xb7, 0xbd, 0x97, 0xad,
    0x16, 0x9d, 0x55, 0x74, 0x55, 0x7c, 0x56, 0xa5, 0xb7, 0xbd, 0xd8, 0xbd,
    0x96, 0xb5, 0x56, 0xad, 0xb4, 0x94, 0x33, 0x84, 0x4f, 0x5b, 0x6c, 0x3a,
    0xad, 0x4a, 0x0e, 0x5b, 0x2e, 0x5b, 0x2f, 0x53, 0x6e, 0x32, 0x4e, 0x2a,
    0x34, 0xa5, 0x15, 0xad, 0x35, 0xad, 0x34, 0xa5, 0x35, 0xad, 0x34, 0xa5,
    0x15, 0xad, 0x34, 0xa5, 0x34, 0xa5, 0x35, 0xad, 0x34, 0xa5, 0x34, 0xa5,
    0x14, 0xa5, 0x35, 0xad, 0x34, 0xa5, 0x34, 0xa5, 0x34, 0xa5, 0x35, 0xad,
    0x35, 0xad, 0x35, 0xad, 0x34, 0xa5, 0x15, 0xad, 0x35, 0xad, 0x34, 0xa5,
    0x34, 0xa5, 0x34, 0xa5, 0x34, 0xa5, 0x15, 0xad, 0x34, 0xa5, 0x34, 0xa5,
    0x34, 0xa5, 0x35, 0xad, 0x35, 0xad, 0x34, 0xa5, 0x34, 0xa5, 0x15, 0xad,
    0x35, 0xad, 0x34, 0xa5, 0x15, 0xad, 0x34, 0xad, 0x35, 0xad, 0x6a, 0x52,
    0x21, 0x08, 0x21, 0x08, 0x61, 0x08, 0x66, 0x29, 0xa7, 0x39, 0xa7, 0x31,
    0xa6, 0x31, 0xa6, 0x39, 0x86, 0x31, 0x62, 0x08, 0x21, 0x08, 0x41, 0x08,
    0x82, 0x10, 0xe4, 0x18, 0x82, 0x10, 0x86, 0x31, 0x35, 0xa5, 0x96, 0xb5,
    0xb7, 0xbd, 0xf8, 0xbd, 0x76, 0xb5, 0xb6, 0xb5, 0x19, 0xc6, 0x72, 0x94,
    0x04, 0x21, 0x25, 0x21, 0x05, 0x21, 0x24, 0x21, 0x04, 0x21, 0x04, 0x21,
    0x04, 0x21, 0x04, 0x21, 0xe4, 0x20, 0xe4, 0x18, 0xe3, 0x18, 0xe4, 0x18,
    0xe3, 0x18, 0xc3, 0x20, 0xc3, 0x18, 0xc3, 0x18, 0xc3, 0x18, 0xc3, 0x18,
    0xc3, 0x18, 0xa3, 0x18, 0xa3, 0x10, 0xc3, 0x10, 0x82, 0x10, 0xa2, 0x10,
    0x05, 0x21, 0x31, 0x84, 0x76, 0xb5, 0xb7, 0xbd, 0xd7, 0xbd, 0x4d, 0x6b,
    0xa3, 0x18, 0xe8, 0x39, 0x35, 0xad, 0xd7, 0xbd, 0xb7, 0xb5, 0x19, 0xc6,
    0x59, 0xce, 0x39, 0xc6, 0xf8, 0xbd, 0xaf, 0x7b, 0x27, 0x19, 0x2e, 0x1a,
    0x31, 0x53, 0xb4, 0x94, 0x71, 0x5b, 0x91, 0x5b, 0xf5, 0x9c, 0x15, 0xa5,
    0xb4, 0x94, 0x55, 0xad, 0x34, 0xa5, 0x7a, 0xce, 0x9e, 0xf7, 0x9e, 0xf7,
    0x7e, 0xf7, 0x7e, 0xef, 0x9e, 0xf7, 0x9e, 0xf7, 0x7e, 0xef, 0x7e, 0xf7,
    0x9e, 0xf7, 0x9e, 0xf7, 0x9d, 0xf7, 0x7d, 0xef, 0x7e, 0xef, 0x9e, 0xf7,
    0x7e, 0xf7, 0x7d, 0xf7, 0x9e, 0xf7, 0x5d, 0xef, 0x3d, 0xe7, 0x7d, 0xef,
    0x7e, 0xf7, 0x9d, 0xef, 0x7d, 0xf7, 0x7e, 0xef, 0x7e, 0xf7, 0x7e, 0xef,
    0x5d, 0xef, 0x7d, 0xef, 0x7e, 0xf7, 0x9e, 0xf7, 0x9e, 0xef, 0x9d, 0xf7,
    0x7d, 0xf7, 0x7e, 0xf7, 0x9e, 0xf7, 0x7d, 0xef, 0x5d, 0xef, 0xbb, 0xde,
    0x96, 0xb5, 0x75, 0xad, 0x96, 0xb5, 0xb7, 0xbd, 0xb7, 0xb5, 0x56, 0xa5,
    0xb5, 0x84, 0x74, 0x4b, 0xd4, 0x5b, 0x15, 0x9d, 0x97, 0xb5, 0xd7, 0xbd,
    0x97, 0xb5, 0x36, 0xa5, 0x73, 0x84, 0xf1, 0x73, 0x0e, 0x5b, 0xcd, 0x52,
    0xac, 0x52, 0xcd, 0x52, 0xcd, 0x52, 0xad, 0x4a, 0x6d, 0x3a, 0x4d, 0x2a,
    0x34, 0xa5, 0x35, 0xad, 0x34, 0xa5, 0x34, 0xa5, 0x14, 0xa5, 0x35, 0xad,
    0x34, 0xa5, 0x14, 0xa5, 0x34, 0xa5, 0x14, 0xa5, 0x35, 0xad, 0x35, 0xad,
    0x34, 0xa5, 0x14, 0xa5, 0x35, 0xad, 0x35, 0xad, 0x35, 0xad, 0x34, 0xa5,
    0x14, 0xa5, 0x34, 0xa5, 0x14, 0xa5, 0x34, 0xa5, 0x34, 0xa5, 0x34, 0xa5,
    0x35, 0xad, 0x35, 0xad, 0x15, 0xad, 0x34, 0xa5, 0x35, 0xad, 0x15, 0xad,
    0x15, 0xad, 0x34, 0xa5, 0x34, 0xa5, 0x34, 0xa5, 0x15, 0xad, 0x34, 0xa5,
    0x14, 0xa5, 0x35, 0xad, 0x34, 0xa5, 0x34, 0xa5, 0x55, 0xad, 0xae, 0x73,
    0x61, 0x08, 0x21, 0x08, 0x21, 0x08, 0x24, 0x21, 0xa7, 0x39, 0xa6, 0x31,
    0xa7, 0x31, 0x86, 0x31, 0xa7, 0x39, 0xc3, 0x18, 0x20, 0x00, 0x41, 0x08,
    0x62, 0x08, 0xe4, 0x20, 0x82, 0x10, 0xe4, 0x20, 0x10, 0x84, 0x76, 0xb5,
    0xb7, 0xbd, 0xb7, 0xb5, 0x56, 0xad, 0x76, 0xb5, 0xb6, 0xb5, 0x29, 0x42,
    0x04, 0x21, 0x24, 0x29, 0x04, 0x21, 0x04, 0x21, 0x04, 0x21, 0x04, 0x21,
    0x04, 0x21, 0x04, 0x21, 0xe4, 0x20, 0xe4, 0x18, 0xe3, 0x18, 0xe3, 0x20,
    0xe4, 0x18, 0xc4, 0x18, 0xc3, 0x18, 0xc4, 0x18, 0xc3, 0x18, 0xc3, 0x18,
    0xc3, 0x18, 0xa3, 0x18, 0xc3, 0x10, 0xc3, 0x18, 0xa3, 0x10, 0x62, 0x10,
    0xe3, 0x18, 0xab, 0x52, 0x76, 0xad, 0xd8, 0xbd, 0x14, 0xa5, 0x45, 0x29,
    0x62, 0x10, 0xaf, 0x73, 0xd7, 0xbd, 0xd7, 0xbd, 0xb7, 0xbd, 0xd7, 0xbd,
    0x18, 0xc6, 0xf8, 0xc5, 0xf4, 0x9c, 0x25, 0x29, 0x83, 0x08, 0xed, 0x19,
    0x6f, 0x22, 0xb4, 0x8c, 0x15, 0xa5, 0xaf, 0x3a, 0xb5, 0x94, 0x96, 0xb5,
    0xf4, 0x9c, 0x34, 0xa5, 0xd7, 0xbd, 0x5d, 0xef, 0x9e, 0xf7, 0x7e, 0xf7,
    0x7d, 0xef, 0x9d, 0xf7, 0x9e, 0xf7, 0x7e, 0xf7, 0x9e, 0xf7, 0x9d, 0xf7,
    0x7e, 0xf7, 0x7e, 0xf7, 0x7d, 0xf7, 0x7d, 0xef, 0x7e, 0xef, 0x7e, 0xf7,
    0x9d, 0xf7, 0x9e, 0xf7, 0x7d, 0xef, 0x5d, 0xef, 0x3d, 0xe7, 0x5d, 0xef,
    0x9e, 0xf7, 0x7e, 0xf7, 0x7e, 0xef, 0x7d, 0xef, 0x5d, 0xef, 0x5d, 0xef,
    0x5d, 0xef, 0x7e, 0xef, 0x9e, 0xf7, 0x7d, 0xf7, 0x7e, 0xf7, 0x7e, 0xf7,
    0x9e, 0xef, 0x7e, 0xf7, 0x7e, 0xf7, 0x5d, 0xef, 0x1c, 0xdf, 0xf8, 0xbd,
    0x55, 0xad, 0x96, 0xb5, 0xb7, 0xb5, 0xb7, 0xb5, 0x77, 0xad, 0xd6, 0x94,
    0xd4, 0x5b, 0x13, 0x33, 0x12, 0x3b, 0x74, 0x84, 0x76, 0xad, 0xd8, 0xbd,
    0xf8, 0xbd, 0xd7, 0xbd, 0x56, 0xad, 0xb3, 0x94, 0x12, 0x7c, 0x12, 0x7c,
    0x32, 0x7c, 0x94, 0x8c, 0x93, 0x8c, 0x13, 0x74, 0x72, 0x5b, 0xd0, 0x42,
    0x34, 0xa5, 0x14, 0xa5, 0x34, 0xa5, 0x35, 0xad, 0x14, 0xa5, 0x34, 0xa5,
    0x35, 0xad, 0x35, 0xad, 0x35, 0xad, 0x34, 0xa5, 0x14, 0xa5, 0x34, 0xa5,
    0x35, 0xad, 0x35, 0xad, 0x14, 0xa5, 0x34, 0xa5, 0x14, 0xa5, 0x14, 0xa5,
    0x34, 0xa5, 0x35, 0xad, 0x35, 0xad, 0x34, 0xa5, 0x15, 0xad, 0x15, 0xad,
    0x34, 0xa5, 0x14, 0xa5, 0x34, 0xa5, 0x35, 0xad, 0x34, 0xa5, 0x34, 0xa5,
    0x34, 0xa5, 0x34, 0xa5, 0x34, 0xa5, 0x15, 0xad, 0x35, 0xad, 0x34, 0xa5,
    0x34, 0xa5, 0x34, 0xa5, 0x34, 0xa5, 0x15, 0xad, 0x35, 0xad, 0x92, 0x94,
    0xe4, 0x18, 0x21, 0x08, 0x20, 0x00, 0xc3, 0x18, 0xa6, 0x31, 0xa6, 0x39,
    0xa6, 0x39, 0x87, 0x31, 0xa7, 0x39, 0x25, 0x21, 0x21, 0x08, 0x41, 0x08,
    0x41, 0x08, 0xc3, 0x18, 0xa3, 0x10, 0xc3, 0x18, 0xcb, 0x5a, 0x96, 0xb5,
    0x96, 0xb5, 0x15, 0xa5, 0x76, 0xb5, 0x76, 0xb5, 0xb3, 0x94, 0x24, 0x21,
    0x25, 0x21, 0x25, 0x21, 0x04, 0x21, 0x05, 0x21, 0x04, 0x21, 0x04, 0x21,
    0xe4, 0x20, 0xe4, 0x18, 0xe4, 0x18, 0xe4, 0x20, 0xe4, 0x18, 0xe4, 0x20,
    0xc3, 0x18, 0xc3, 0x18, 0xe3, 0x18, 0xc3, 0x18, 0xc3, 0x18, 0xc3, 0x18,
    0xc3, 0x18, 0xa3, 0x10, 0xc3, 0x10, 0xa3, 0x18, 0xa3, 0x18, 0x62, 0x10,
    0xa3, 0x18, 0x86, 0x31, 0x14, 0xa5, 0xd7, 0xbd, 0xec, 0x5a, 0x62, 0x10,
    0xe8, 0x39, 0x35, 0xa5, 0xb7, 0xbd, 0xb7, 0xbd, 0xb7, 0xbd, 0xd7, 0xbd,
    0xd7, 0xbd, 0xb7, 0xb5, 0xec, 0x5a, 0x21, 0x00, 0x41, 0x08, 0x69, 0x19,
    0x2e, 0x1a, 0xd2, 0x6b, 0x94, 0x8c, 0xb2, 0x63, 0xd5, 0x94, 0x93, 0x8c,
    0x55, 0xad, 0x96, 0xb5, 0xdb, 0xde, 0x9e, 0xf7, 0x7e, 0xf7, 0x9d, 0xf7,
    0x9e, 0xf7, 0x9e, 0xf7, 0x7e, 0xf7, 0x7d, 0xef, 0x7d, 0xef, 0x9e, 0xf7,
    0x7d, 0xef, 0x7e, 0xef, 0x7e, 0xf7, 0x7d, 0xef, 0x7e, 0xef, 0x9e, 0xf7,
    0x7d, 0xf7, 0x7e, 0xef, 0x7d, 0xef, 0x3d, 0xe7, 0x1c, 0xdf, 0x3d, 0xe7,
    0x7e, 0xf7, 0x9e, 0xf7, 0x7d, 0xef, 0x7d, 0xef, 0x5d, 0xef, 0x5d, 0xef,
    0x7e, 0xef, 0x7d, 0xef, 0x7e, 0xf7, 0x9e, 0xf7, 0x9e, 0xf7, 0x7d, 0xef,
    0x9e, 0xf7, 0x9e, 0xf7, 0x7d, 0xef, 0x3c, 0xe7, 0x59, 0xce, 0x55, 0xad,
    0x76, 0xad, 0xb7, 0xb5, 0xd7, 0xbd, 0x97, 0xad, 0x36, 0x9d, 0x16, 0x9d,
    0x55, 0x7c, 0xd3, 0x63, 0xd1, 0x32, 0xd0, 0x3a, 0x53, 0x84, 0x56, 0xad,
    0xb7, 0xbd, 0x76, 0xb5, 0xd4, 0x9c, 0xaf, 0x73, 0x6b, 0x42, 0x4b, 0x42,
    0x6b, 0x42, 0x8c, 0x4a, 0xce, 0x4a, 0x0f, 0x4b, 0x30, 0x4b, 0x6e, 0x32,
    0x34, 0xa5, 0x35, 0xad, 0x15, 0xad, 0x34, 0xa5, 0x35, 0xad, 0x14, 0xa5,
    0x34, 0xa5, 0x34, 0xa5, 0x34, 0xa5, 0x35, 0xad, 0x35, 0xad, 0x14, 0xa5,
    0x34, 0xa5, 0x34, 0xa5, 0x34, 0xa5, 0x34, 0xa5, 0x35, 0xad, 0x35, 0xad,
    0x35, 0xad, 0x34, 0xa5, 0x14, 0xa5, 0x35, 0xad, 0x34, 0xa5, 0x34, 0xa5,
    0x34, 0xa5, 0x34, 0xa5, 0x35, 0xad, 0x34, 0xa5, 0x14, 0xa5, 0x34, 0xa5,
    0x35, 0xad, 0x15, 0xad, 0x15, 0xad, 0x34, 0xa5, 0x34, 0xa5, 0x34, 0xa5,
    0x35, 0xad, 0x34, 0xa5, 0x15, 0xad, 0x34, 0xa5, 0x35, 0xad, 0x14, 0xa5,
    0xc7, 0x39, 0x20, 0x00, 0x21, 0x00, 0x62, 0x10, 0x86, 0x31, 0xa6, 0x31,
    0xa6, 0x31, 0x86, 0x31, 0x86, 0x31, 0x65, 0x31, 0x41, 0x08, 0x41, 0x08,
    0x41, 0x08, 0x82, 0x10, 0xc3, 0x18, 0xa3, 0x18, 0xa7, 0x31, 0x35, 0xad,
    0x97, 0xb5, 0x76, 0xad, 0xb7, 0xb5, 0x56, 0xad, 0x75, 0xad, 0xa7, 0x39,
    0x04, 0x21, 0x04, 0x21, 0x04, 0x21, 0x04, 0x21, 0x04, 0x21, 0x04, 0x21,
    0xe4, 0x20, 0xe4, 0x20, 0xe4, 0x18, 0xe3, 0x18, 0xe3, 0x20, 0xe3, 0x18,
    0xc3, 0x18, 0xc4, 0x18, 0xc3, 0x18, 0xc3, 0x18, 0xc3, 0x18, 0xc3, 0x18,
    0xa3, 0x18, 0xa3, 0x18, 0xc3, 0x10, 0xc3, 0x18, 0xa3, 0x10, 0xc3, 0x10,
    0xc3, 0x18, 0xc3, 0x18, 0xd0, 0x7b, 0xb3, 0x9c, 0xc4, 0x18, 0xa3, 0x10,
    0x31, 0x84, 0x96, 0xb5, 0x96, 0xb5, 0xd7, 0xbd, 0xd7, 0xbd, 0xb7, 0xb5,
    0xb7, 0xbd, 0x72, 0x8c, 0xc3, 0x18, 0x20, 0x00, 0x82, 0x10, 0x05, 0x19,
    0x0d, 0x1a, 0x2e, 0x1a, 0x91, 0x63, 0xd2, 0x6b, 0x51, 0x5b, 0x14, 0x9d,
    0x96, 0xb5, 0x39, 0xce, 0x7d, 0xef, 0x7e, 0xf7, 0x7e, 0xf7, 0x9e, 0xf7,
    0x7e, 0xef, 0x7e, 0xf7, 0x9e, 0xf7, 0x7e, 0xf7, 0x9e, 0xf7, 0x7e, 0xf7,
    0x9e, 0xf7, 0x9e, 0xf7, 0x7d, 0xef, 0x5d, 0xef, 0x7e, 0xef, 0x7e, 0xf7,
    0x7e, 0xf7, 0x7d, 0xef, 0x7e, 0xef, 0x7e, 0xf7, 0x3d, 0xef, 0x1c, 0xe7,
    0x7d, 0xef, 0x7e, 0xf7, 0x5d, 0xef, 0x7d, 0xef, 0x7e, 0xef, 0x7d, 0xef,
    0x7e, 0xf7, 0x9e, 0xf7, 0x9e, 0xf7, 0x7e, 0xf7, 0x9d, 0xef, 0x9e, 0xf7,
    0x7e, 0xf7, 0x7d, 0xef, 0x5d, 0xef, 0xbb, 0xde, 0x96, 0xb5, 0x75, 0xad,
    0x96, 0xb5, 0xb7, 0xbd, 0xb7, 0xb5, 0x56, 0xa5, 0xf6, 0x9c, 0xd6, 0x94,
    0x16, 0x9d, 0xb4, 0x8c, 0x71, 0x53, 0x2e, 0x1a, 0x4e, 0x1a, 0x8f, 0x2a,
    0xf0, 0x42, 0xb1, 0x6b, 0xf2, 0x73, 0x12, 0x7c, 0x12, 0x7c, 0x12, 0x7c,
    0x32, 0x84, 0xd1, 0x6b, 0x71, 0x5b, 0x51, 0x53, 0x8f, 0x2a, 0x2d, 0x22,
    0x34, 0xa5, 0x15, 0xad, 0x34, 0xa5, 0x34, 0xa5, 0x34, 0xa5, 0x35, 0xad,
    0x15, 0xad, 0x34, 0xa5, 0x14, 0xa5, 0x14, 0xa5, 0x34, 0xa5, 0x35, 0xad,
    0x34, 0xa5, 0x14, 0xa5, 0x35, 0xad, 0x35, 0xad, 0x34, 0xa5, 0x34, 0xa5,
    0x34, 0xa5, 0x14, 0xa5, 0x34, 0xa5, 0x34, 0xa5, 0x34, 0xa5, 0x34, 0xa5,
    0x35, 0xad, 0x15, 0xad, 0x34, 0xa5, 0x34, 0xa5, 0x35, 0xad, 0x15, 0xad,
    0x34, 0xa5, 0x34, 0xa5, 0x34, 0xa5, 0x34, 0xa5, 0x34, 0xa5, 0x35, 0xad,
    0x15, 0xad, 0x15, 0xad, 0x34, 0xa5, 0x35, 0xad, 0x34, 0xa5, 0x55, 0xad,
    0xeb, 0x5a, 0x21, 0x08, 0x21, 0x08, 0x41, 0x08, 0x45, 0x29, 0xa7, 0x31,
    0xa7, 0x31, 0xa7, 0x31, 0x45, 0x29, 0x66, 0x31, 0xa2, 0x10, 0x21, 0x00,
    0x41, 0x08, 0x62, 0x08, 0xe4, 0x20, 0x82, 0x10, 0x04, 0x21, 0x72, 0x8c,
    0xd7, 0xbd, 0xd8, 0xbd, 0xb7, 0xbd, 0x96, 0xb5, 0x96, 0xb5, 0x08, 0x42,
    0x04, 0x21, 0x24, 0x21, 0x04, 0x21, 0x04, 0x21, 0x04, 0x21, 0x04, 0x21,
    0x04, 0x21, 0xe4, 0x18, 0xe4, 0x20, 0xe4, 0x18, 0xe3, 0x18, 0xe4, 0x18,
    0xc3, 0x18, 0xc3, 0x20, 0xc4, 0x18, 0xc3, 0x18, 0xc3, 0x18, 0xc3, 0x18,
    0xc3, 0x10, 0xc3, 0x18, 0xa3, 0x18, 0xa3, 0x18, 0xc3, 0x18, 0x24, 0x21,
    0xe4, 0x18, 0x61, 0x08, 0x04, 0x21, 0x25, 0x29, 0x61, 0x08, 0x49, 0x4a,
    0x76, 0xad, 0x76, 0xb5, 0x76, 0xad, 0xb7, 0xbd, 0xd7, 0xbd, 0xb3, 0x9c,
    0x2d, 0x63, 0x87, 0x31, 0x00, 0x00, 0x41, 0x08, 0x82, 0x10, 0xa3, 0x10,
    0x69, 0x19, 0x0e, 0x1a, 0x71, 0x53, 0x15, 0x9d, 0x73, 0x8c, 0x96, 0xb5,
    0x55, 0xad, 0xd7, 0xbd, 0x7e, 0xef, 0x9e, 0xf7, 0x9e, 0xf7, 0x7d, 0xef,
    0x7e, 0xf7, 0x9e, 0xf7, 0x7d, 0xef, 0x9e, 0xf7, 0x9e, 0xf7, 0x9e, 0xef,
    0x7e, 0xf7, 0x9e, 0xf7, 0x7e, 0xf7, 0x5d, 0xef, 0x5d, 0xef, 0x9e, 0xf7,
    0x7d, 0xef, 0x7d, 0xef, 0x9e, 0xf7, 0x9e, 0xf7, 0x7d, 0xef, 0x3d, 0xe7,
    0x5d, 0xe7, 0x5d, 0xef, 0x5d, 0xe7, 0x5d, 0xef, 0x7d, 0xef, 0x7e, 0xf7,
    0x7e, 0xf7, 0x9e, 0xf7, 0x7e, 0xf7, 0x7d, 0xef, 0x7e, 0xf7, 0x7e, 0xf7,
    0x7e, 0xf7, 0x5d, 0xef, 0xfc, 0xe6, 0xd7, 0xbd, 0x55, 0xad, 0x96, 0xb5,
    0xb7, 0xb5, 0xb7, 0xb5, 0x76, 0xad, 0x36, 0x9d, 0x16, 0x9d, 0xb5, 0x8c,
    0x95, 0x8c, 0x92, 0x5b, 0xf0, 0x42, 0x2f, 0x1a, 0x2e, 0x1a, 0x0d, 0x1a,
    0xec, 0x19, 0x0b, 0x2a, 0x2b, 0x32, 0x8c, 0x4a, 0xed, 0x52, 0x4f, 0x63,
    0x90, 0x63, 0x91, 0x63, 0xb2, 0x63, 0x71, 0x5b, 0x6e, 0x32, 0x2d, 0x2a,
    0x34, 0xa5, 0x34, 0xa5, 0x34, 0xa5, 0x35, 0xad, 0x14, 0xa5, 0x34, 0xa5,
    0x35, 0xad, 0x34, 0xa5, 0x35, 0xad, 0x35, 0xad, 0x34, 0xa5, 0x34, 0xa5,
    0x15, 0xad, 0x35, 0xad, 0x14, 0xa5, 0x34, 0xa5, 0x15, 0xad, 0x14, 0xa5,
    0x34, 0xa5, 0x35, 0xad, 0x35, 0xad, 0x35, 0xad, 0x15, 0xad, 0x15, 0xad,
    0x34, 0xa5, 0x34, 0xa5, 0x15, 0xad, 0x34, 0xa5, 0x14, 0xa5, 0x34, 0xa5,
    0x35, 0xad, 0x34, 0xa5, 0x34, 0xa5, 0x35, 0xad, 0x15, 0xad, 0x14, 0xa5,
    0x34, 0xa5, 0x34, 0xa5, 0x34, 0xa5, 0x34, 0xa5, 0x15, 0xad, 0x55, 0xad,
    0x10, 0x84, 0x82, 0x10, 0x21, 0x08, 0x21, 0x08, 0xe3, 0x18, 0xa6, 0x31,
    0xa6, 0x39, 0x86, 0x31, 0xe4, 0x20, 0x25, 0x21, 0x04, 0x21, 0x21, 0x08,
    0x41, 0x08, 0x61, 0x08, 0xc3, 0x18, 0x82, 0x10, 0xc3, 0x18, 0x4e, 0x6b,
    0xd7, 0xb5, 0xb7, 0xb5, 0xb7, 0xbd, 0xf8, 0xbd, 0xaf, 0x73, 0x25, 0x21,
    0x04, 0x21, 0x25, 0x21, 0x04, 0x21, 0x04, 0x21, 0x04, 0x21, 0xe4, 0x20,
    0xe4, 0x18, 0xe4, 0x18, 0xe3, 0x18, 0xe4, 0x20, 0xe4, 0x18, 0xc3, 0x18,
    0xc4, 0x18, 0xc3, 0x18, 0xc3, 0x18, 0xc3, 0x18, 0xc3, 0x18, 0xa3, 0x18,
    0xa3, 0x18, 0xa3, 0x10, 0xa3, 0x10, 0xa3, 0x18, 0x04, 0x21, 0x25, 0x21,
    0x82, 0x10, 0x41, 0x08, 0x61, 0x08, 0x41, 0x08, 0xe4, 0x20, 0x52, 0x8c,
    0x56, 0xad, 0x34, 0xad, 0x34, 0xad, 0xd7, 0xbd, 0x14, 0xad, 0x29, 0x4a,
    0x82, 0x10, 0x20, 0x00, 0x21, 0x08, 0x21, 0x00, 0x41, 0x08, 0x20, 0x08,
    0xa4, 0x08, 0x0d, 0x1a, 0x6f, 0x2a, 0x74, 0x84, 0x76, 0xb5, 0x96, 0xb5,
    0x96, 0xb5, 0x34, 0xa5, 0xdb, 0xde, 0x9e, 0xf7, 0x7e, 0xf7, 0x9e, 0xf7,
    0x9d, 0xf7, 0x7e, 0xf7, 0x9e, 0xf7, 0x9d, 0xef, 0x7e, 0xf7, 0x7d, 0xf7,
    0x7d, 0xef, 0x7e, 0xf7, 0x7d, 0xf7, 0x5d, 0xef, 0x5d, 0xe7, 0x7e, 0xef,
    0x7d, 0xef, 0x7e, 0xf7, 0x9e, 0xf7, 0x7e, 0xf7, 0x9d, 0xef, 0x5d, 0xef,
    0x3d, 0xe7, 0x3d, 0xe7, 0x3d, 0xe7, 0x5d, 0xef, 0x5d, 0xef, 0x7d, 0xf7,
    0x9e, 0xf7, 0x7e, 0xf7, 0x9d, 0xef, 0x9e, 0xf7, 0x9e, 0xf7, 0x9e, 0xf7,
    0x7d, 0xef, 0x3c, 0xe7, 0x59, 0xce, 0x55, 0xad, 0x76, 0xad, 0xb7, 0xb5,
    0xb7, 0xbd, 0x97, 0xad, 0x36, 0xa5, 0xf6, 0x94, 0x16, 0x9d, 0x76, 0xad,
    0x56, 0xad, 0x36, 0x9d, 0x94, 0x8c, 0x71, 0x5b, 0x2e, 0x1a, 0x6e, 0x32,
    0xae, 0x4a, 0x2f, 0x5b, 0x2e, 0x63, 0x2e, 0x63, 0x2e, 0x5b, 0xee, 0x52,
    0x8e, 0x42, 0x6e, 0x32, 0x4e, 0x22, 0x2d, 0x22, 0x0c, 0x2a, 0x0b, 0x2a,
    0x34, 0xa5, 0x15, 0xad, 0x35, 0xad, 0x34, 0xa5, 0x15, 0xad, 0x34, 0xa5,
    0x34, 0xa5, 0x34, 0xa5, 0x15, 0xad, 0x34, 0xa5, 0x35, 0xad, 0x14, 0xa5,
    0x34, 0xa5, 0x35, 0xad, 0x34, 0xa5, 0x34, 0xa5, 0x34, 0xa5, 0x35, 0xad,
    0x35, 0xad, 0x14, 0xa5, 0x34, 0xa5, 0x14, 0xa5, 0x34, 0xa5, 0x34, 0xa5,
    0x35, 0xad, 0x14, 0xa5, 0x34, 0xa5, 0x35, 0xad, 0x35, 0xad, 0x34, 0xa5,
    0x14, 0xa5, 0x15, 0xad, 0x35, 0xad, 0x14, 0xa5, 0x34, 0xa5, 0x34, 0xa5,
    0x34, 0xa5, 0x34, 0xa5, 0x35, 0xad, 0x34, 0xa5, 0x14, 0xa5, 0x35, 0xad,
    0xd3, 0x9c, 0x25, 0x29, 0x20, 0x00, 0x21, 0x00, 0x82, 0x10, 0x86, 0x31,
    0xa6, 0x31, 0x45, 0x29, 0xa3, 0x18, 0xa2, 0x10, 0x45, 0x29, 0x41, 0x08,
    0x21, 0x08, 0x41, 0x08, 0xa3, 0x18, 0xc3, 0x18, 0x82, 0x10, 0x49, 0x4a,
    0x97, 0xad, 0xf8, 0xc5, 0x59, 0xce, 0x39, 0xc6, 0x10, 0x84, 0x04, 0x21,
    0x05, 0x21, 0x04, 0x21, 0x04, 0x21, 0x04, 0x21, 0x04, 0x21, 0xe4, 0x20,
    0xe4, 0x18, 0xe4, 0x20, 0xe3, 0x20, 0xe3, 0x18, 0xc4, 0x18, 0xe3, 0x18,
    0xc3, 0x18, 0xc3, 0x18, 0xc3, 0x18, 0xc3, 0x18, 0xc3, 0x18, 0xa3, 0x10,
    0xa3, 0x10, 0xa3, 0x18, 0xa3, 0x18, 0xc3, 0x18, 0x04, 0x19, 0xc3, 0x18,
    0x41, 0x08, 0x21, 0x08, 0x41, 0x08, 0x62, 0x08, 0xec, 0x5a, 0xd8, 0xbd,
    0x96, 0xb5, 0x33, 0xb5, 0x54, 0xb5, 0x97, 0xb5, 0x4e, 0x6b, 0xa3, 0x10,
    0x41, 0x08, 0x20, 0x00, 0x21, 0x08, 0x21, 0x08, 0x20, 0x00, 0x41, 0x08,
    0x62, 0x10, 0x89, 0x19, 0x2e, 0x1a, 0x30, 0x4b, 0x76, 0xb5, 0x96, 0xb5,
    0x96, 0xb5, 0x55, 0xad, 0xd7, 0xbd, 0x7d, 0xef, 0x9e, 0xf7, 0x7e, 0xf7,
    0x7e, 0xef, 0x9d, 0xef, 0x7e, 0xf7, 0x7e, 0xf7, 0x9e, 0xf7, 0x7e, 0xf7,
    0x9e, 0xf7, 0x9d, 0xef, 0x9e, 0xf7, 0x5d, 0xef, 0x1c, 0xdf, 0x5d, 0xef,
    0x7e, 0xf7, 0x7e, 0xf7, 0x9e, 0xf7, 0x7e, 0xf7, 0x7e, 0xf7, 0x7d, 0xef,
    0x3d, 0xef, 0x3d, 0xe7, 0x5d, 0xef, 0x7d, 0xef, 0x7e, 0xef, 0x7e, 0xf7,
    0x9e, 0xf7, 0x9e, 0xef, 0x7d, 0xf7, 0x7e, 0xf7, 0x9e, 0xf7, 0x7d, 0xef,
    0x5d, 0xef, 0xba, 0xd6, 0x96, 0xb5, 0x75, 0xad, 0x97, 0xb5, 0xb7, 0xb5,
    0x97, 0xb5, 0x36, 0xa5, 0x96, 0x84, 0x15, 0x6c, 0x95, 0x84, 0xf5, 0x9c,
    0x15, 0x9d, 0x15, 0xa5, 0xb4, 0x94, 0x12, 0x7c, 0xae, 0x3a, 0x0d, 0x2a,
    0x8d, 0x3a, 0x0e, 0x5b, 0x90, 0x6b, 0xd1, 0x6b, 0x74, 0x84, 0x74, 0x84,
    0x13, 0x74, 0xd2, 0x6b, 0xf1, 0x42, 0x4d, 0x2a, 0x0b, 0x2a, 0xea, 0x31,
    0x34, 0xa5, 0x35, 0xad, 0x14, 0xa5, 0x34, 0xa5, 0x34, 0xa5, 0x35, 0xad,
    0x35, 0xad, 0x14, 0xa5, 0x34, 0xa5, 0x34, 0xa5, 0x34, 0xa5, 0x15, 0xad,
    0x34, 0xa5, 0x34, 0xa5, 0x35, 0xad, 0x15, 0xad, 0x34, 0xa5, 0x34, 0xa5,
    0x35, 0xad, 0x14, 0xa5, 0x34, 0xa5, 0x34, 0xa5, 0x34, 0xa5, 0x35, 0xad,
    0x34, 0xa5, 0x35, 0xad, 0x34, 0xa5, 0x34, 0xa5, 0x14, 0xa5, 0x35, 0xad,
    0x34, 0xa5, 0x34, 0xa5, 0x35, 0xad, 0x34, 0xa5, 0x34, 0xa5, 0x35, 0xad,
    0x35, 0xad, 0x15, 0xad, 0x14, 0xa5, 0x35, 0xad, 0x35, 0xad, 0x35, 0xad,
    0x34, 0xa5, 0x29, 0x42, 0x21, 0x08, 0x41, 0x08, 0x41, 0x08, 0x65, 0x29,
    0x86, 0x31, 0x25, 0x21, 0x62, 0x10, 0x41, 0x08, 0x65, 0x29, 0x82, 0x10,
    0x21, 0x00, 0x41, 0x08, 0x82, 0x10, 0xe4, 0x18, 0x82, 0x10, 0x45, 0x29,
    0x56, 0xad, 0x7a, 0xce, 0x39, 0xc6, 0x18, 0xc6, 0xf0, 0x7b, 0x04, 0x21,
    0x04, 0x21, 0x04, 0x21, 0x04, 0x21, 0x04, 0x21, 0xe4, 0x20, 0xe4, 0x18,
    0xe4, 0x20, 0xe4, 0x20, 0xe4, 0x18, 0xe3, 0x18, 0xe3, 0x20, 0xc3, 0x18,
    0xc3, 0x18, 0xc4, 0x18, 0xc3, 0x18, 0xc3, 0x18, 0xc3, 0x18, 0xc3, 0x18,
    0xc3, 0x10, 0xa3, 0x18, 0xa3, 0x18, 0xc3, 0x10, 0x82, 0x10, 0x41, 0x08,
    0x21, 0x08, 0x21, 0x00, 0x20, 0x08, 0x45, 0x29, 0x15, 0xa5, 0xd7, 0xbd,
    0x96, 0xb5, 0x76, 0xad, 0xb7, 0xb5, 0xb3, 0x94, 0x45, 0x29, 0x62, 0x10,
    0x41, 0x08, 0x21, 0x08, 0x21, 0x08, 0x40, 0x08, 0x41, 0x08, 0x62, 0x08,
    0xa3, 0x18, 0x26, 0x19, 0xed, 0x19, 0x6f, 0x2a, 0xd4, 0x94, 0x96, 0xb5,
    0x96, 0xb5, 0x76, 0xb5, 0x35, 0xa5, 0xdb, 0xde, 0x9e, 0xf7, 0x9e, 0xf7,
    0x7e, 0xf7, 0x9e, 0xf7, 0x9e, 0xf7, 0x7e, 0xf7, 0x7d, 0xef, 0x9e, 0xef,
    0x9e, 0xf7, 0x9e, 0xf7, 0x7d, 0xef, 0x7d, 0xef, 0x1c, 0xdf, 0x1d, 0xe7,
    0x9e, 0xf7, 0x9e, 0xf7, 0x9e, 0xf7, 0x7d, 0xf7, 0x7d, 0xef, 0x5d, 0xe7,
    0x3d, 0xe7, 0x5d, 0xef, 0x7d, 0xef, 0x7e, 0xf7, 0x7e, 0xf7, 0x9e, 0xf7,
    0x9d, 0xf7, 0x7e, 0xef, 0x7e, 0xf7, 0x9e, 0xf7, 0x7d, 0xef, 0x5d, 0xef,
    0xfc, 0xe6, 0xd7, 0xbd, 0x55, 0xad, 0x96, 0xb5, 0xb7, 0xb5, 0xb7, 0xb5,
    0x56, 0xa5, 0xd5, 0x8c, 0xb4, 0x53, 0x53, 0x43, 0x14, 0x74, 0x94, 0x8c,
    0xb4, 0x94, 0xd5, 0x9c, 0xf5, 0x9c, 0x73, 0x8c, 0x70, 0x63, 0x6c, 0x42,
    0x6c, 0x4a, 0x4b, 0x3a, 0x4b, 0x42, 0x6b, 0x42, 0x4c, 0x3a, 0x6d, 0x3a,
    0x8e, 0x32, 0x8f, 0x32, 0x2d, 0x2a, 0x2c, 0x2a, 0x0a, 0x32, 0xe9, 0x31,
    0x34, 0xa5, 0x14, 0xa5, 0x34, 0xa5, 0x35, 0xad, 0x34, 0xa5, 0x14, 0xa5,
    0x34, 0xa5, 0x15, 0xad, 0x35, 0xad, 0x34, 0xa5, 0x34, 0xa5, 0x34, 0xa5,
    0x35, 0xad, 0x34, 0xa5, 0x14, 0xa5, 0x34, 0xa5, 0x15, 0xad, 0x34, 0xa5,
    0x34, 0xa5, 0x35, 0xad, 0x35, 0xad, 0x35, 0xad, 0x15, 0xad, 0x34, 0xa5,
    0x14, 0xa5, 0x34, 0xa5, 0x35, 0xad, 0x15, 0xad, 0x34, 0xa5, 0x34, 0xa5,
    0x35, 0xad, 0x34, 0xa5, 0x34, 0xa5, 0x15, 0xad, 0x35, 0xad, 0x34, 0xa5,
    0x14, 0xa5, 0x34, 0xa5, 0x35, 0xad, 0x14, 0xa5, 0x34, 0xa5, 0x34, 0xa5,
    0x55, 0xad, 0x4d, 0x6b, 0x41, 0x08, 0x41, 0x08, 0x21, 0x08, 0x04, 0x21,
    0x86, 0x31, 0xe4, 0x18, 0x41, 0x08, 0x21, 0x08, 0x24, 0x21, 0xe3, 0x18,
    0x21, 0x00, 0x41, 0x08, 0x61, 0x08, 0xc3, 0x18, 0x82, 0x10, 0xc3, 0x18,
    0x31, 0x84, 0x59, 0xce, 0xd7, 0xbd, 0x96, 0xb5, 0xc8, 0x39, 0x04, 0x21,
    0x04, 0x21, 0x04, 0x21, 0x05, 0x21, 0x04, 0x21, 0xe4, 0x20, 0xe4, 0x18,
    0x04, 0x19, 0xe3, 0x18, 0xe3, 0x18, 0xe4, 0x18, 0xc4, 0x18, 0xc3, 0x18,
    0xc4, 0x18, 0xc3, 0x18, 0xc3, 0x18, 0xc3, 0x18, 0xa3, 0x18, 0xa3, 0x18,
    0xc3, 0x18, 0xa3, 0x18, 0xa3, 0x10, 0xa3, 0x10, 0x82, 0x10, 0x61, 0x08,
    0x41, 0x08, 0x21, 0x08, 0x21, 0x00, 0x4d, 0x6b, 0xf8, 0xbd, 0x76, 0xad,
    0xb7, 0xb5, 0xd8, 0xbd, 0xb7, 0xb5, 0x0c, 0x63, 0x82, 0x10, 0x82, 0x10,
    0x42, 0x08, 0x21, 0x08, 0x21, 0x00, 0x21, 0x00, 0x41, 0x08, 0x82, 0x10,
    0x04, 0x21, 0x04, 0x21, 0xaa, 0x19, 0x2e, 0x1a, 0xd2, 0x6b, 0xb6, 0xb5,
    0x96, 0xb5, 0x96, 0xb5, 0x55, 0xad, 0xb7, 0xbd, 0x7d, 0xef, 0x7e, 0xf7,
    0x9e, 0xf7, 0x7e, 0xf7, 0x7d, 0xef, 0x9e, 0xf7, 0x9e, 0xf7, 0x7d, 0xf7,
    0x7e, 0xf7, 0x7e, 0xf7, 0x7e, 0xf7, 0x9e, 0xf7, 0x5d, 0xef, 0x9b, 0xbe,
    0x9c, 0xbe, 0x1d, 0xdf, 0x3d, 0xe7, 0x3d, 0xe7, 0x3d, 0xe7, 0x5d, 0xef,
    0x5d, 0xef, 0x5d, 0xef, 0x7d, 0xef, 0x9e, 0xf7, 0x7e, 0xf7, 0x9d, 0xef,
    0x7e, 0xf7, 0x7e, 0xf7, 0x9d, 0xf7, 0x9e, 0xf7, 0x7d, 0xef, 0x1c, 0xe7,
    0x59, 0xce, 0x55, 0xad, 0x76, 0xb5, 0xb7, 0xb5, 0xb7, 0xbd, 0x97, 0xad,
    0x16, 0x9d, 0x15, 0x6c, 0x53, 0x3b, 0x32, 0x3b, 0xf3, 0x6b, 0x94, 0x8c,
    0x94, 0x8c, 0xd2, 0x6b, 0x30, 0x53, 0xb1, 0x6b, 0xb1, 0x6b, 0xd1, 0x6b,
    0x52, 0x84, 0x32, 0x7c, 0x73, 0x8c, 0x73, 0x8c, 0xf2, 0x73, 0x71, 0x5b,
    0xf0, 0x3a, 0x2e, 0x22, 0x2c, 0x2a, 0x0b, 0x32, 0xe9, 0x31, 0xc8, 0x39,
    0x34, 0xa5, 0x35, 0xad, 0x35, 0xad, 0x34, 0xa5, 0x15, 0xad, 0x34, 0xa5,
    0x35, 0xad, 0x34, 0xa5, 0x34, 0xa5, 0x15, 0xad, 0x15, 0xad, 0x35, 0xad,
    0x34, 0xa5, 0x15, 0xad, 0x34, 0xa5, 0x34, 0xa5, 0x34, 0xa5, 0x15, 0xad,
    0x35, 0xad, 0x34, 0xa5, 0x34, 0xa5, 0x14, 0xa5, 0x34, 0xa5, 0x35, 0xad,
    0x35, 0xad, 0x14, 0xa5, 0x34, 0xa5, 0x34, 0xa5, 0x35, 0xad, 0x34, 0xa5,
    0x14, 0xa5, 0x15, 0xad, 0x35, 0xad, 0x34, 0xa5, 0x14, 0xa5, 0x34, 0xa5,
    0x34, 0xa5, 0x35, 0xad, 0x34, 0xa5, 0x34, 0xa5, 0x34, 0xa5, 0x35, 0xad,
    0x35, 0xad, 0x51, 0x8c, 0xc3, 0x18, 0x21, 0x08, 0x21, 0x00, 0xa2, 0x10,
    0x04, 0x21, 0x62, 0x10, 0x21, 0x08, 0x21, 0x08, 0xc3, 0x18, 0x25, 0x29,
    0x21, 0x08, 0x41, 0x08, 0x41, 0x08, 0xa3, 0x18, 0xa3, 0x18, 0x82, 0x10,
    0x29, 0x42, 0xb7, 0xb5, 0xd7, 0xbd, 0xcf, 0x7b, 0xe4, 0x20, 0x25, 0x21,
    0x04, 0x21, 0x04, 0x21, 0x04, 0x21, 0x04, 0x21, 0x04, 0x21, 0xe4, 0x20,
    0xe4, 0x18, 0xe4, 0x20, 0xe3, 0x20, 0xc4, 0x18, 0xe3, 0x18, 0xc3, 0x18,
    0xc3, 0x18, 0xc3, 0x18, 0xc3, 0x18, 0xc3, 0x18, 0xa3, 0x18, 0xc3, 0x10,
    0xa3, 0x10, 0xc3, 0x18, 0xc3, 0x18, 0xa3, 0x18, 0xa2, 0x10, 0x62, 0x08,
    0x41, 0x08, 0x00, 0x00, 0x45, 0x29, 0xf4, 0x9c, 0x97, 0xb5, 0x56, 0xa5,
    0xf8, 0xbd, 0x59, 0xce, 0xd4, 0x9c, 0x04, 0x21, 0x82, 0x10, 0x83, 0x10,
    0x82, 0x10, 0x41, 0x08, 0x21, 0x08, 0x41, 0x08, 0x62, 0x08, 0xe3, 0x18,
    0x25, 0x29, 0xe3, 0x18, 0xc5, 0x10, 0x0d, 0x1a, 0x4f, 0x22, 0x53, 0x84,
    0x96, 0xb5, 0x96, 0xb5, 0x96, 0xb5, 0x34, 0xa5, 0xdb, 0xde, 0x9e, 0xf7,
    0x9e, 0xf7, 0x9d, 0xef, 0x7e, 0xf7, 0x7e, 0xf7, 0x9e, 0xf7, 0x9e, 0xf7,
    0x9e, 0xf7, 0x7d, 0xef, 0x9e, 0xf7, 0x9e, 0xf7, 0x9d, 0xf7, 0x5d, 0xe7,
    0x3b, 0xae, 0xfb, 0x9d, 0x9b, 0xbe, 0x1c, 0xdf, 0x5d, 0xef, 0x7e, 0xef,
    0x7e, 0xf7, 0x7d, 0xef, 0x7d, 0xef, 0x7e, 0xf7, 0x9e, 0xf7, 0x9e, 0xf7,
    0x7e, 0xef, 0x7e, 0xf7, 0x9e, 0xf7, 0x7e, 0xef, 0x3d, 0xef, 0xbb, 0xd6,
    0x96, 0xb5, 0x75, 0xad, 0xb7, 0xb5, 0xd7, 0xbd, 0xb7, 0xb5, 0x36, 0xa5,
    0x55, 0x7c, 0x53, 0x43, 0xf2, 0x32, 0xd1, 0x2a, 0x92, 0x5b, 0x74, 0x8c,
    0xb4, 0x94, 0x12, 0x7c, 0xae, 0x3a, 0xcb, 0x21, 0x0b, 0x32, 0x2b, 0x3a,
    0x6b, 0x42, 0xac, 0x4a, 0xcd, 0x4a, 0xef, 0x4a, 0x50, 0x53, 0x71, 0x5b,
    0x8f, 0x3a, 0x4d, 0x2a, 0x0b, 0x2a, 0xea, 0x31, 0xe9, 0x39, 0xc7, 0x31,
    0x34, 0xa5, 0x15, 0xad, 0x34, 0xa5, 0x34, 0xa5, 0x14, 0xa5, 0x35, 0xad,
    0x34, 0xa5, 0x14, 0xa5, 0x34, 0xa5, 0x34, 0xa5, 0x35, 0xad, 0x34, 0xa5,
    0x34, 0xa5, 0x14, 0xa5, 0x35, 0xad, 0x35, 0xad, 0x35, 0xad, 0x34, 0xa5,
    0x14, 0xa5, 0x14, 0xa5, 0x34, 0xa5, 0x34, 0xa5, 0x34, 0xa5, 0x34, 0xa5,
    0x14, 0xa5, 0x35, 0xad, 0x34, 0xa5, 0x35, 0xad, 0x14, 0xa5, 0x35, 0xad,
    0x34, 0xa5, 0x34, 0xa5, 0x34, 0xa5, 0x14, 0xa5, 0x34, 0xa5, 0x35, 0xad,
    0x35, 0xad, 0x14, 0xa5, 0x34, 0xa5, 0x35, 0xad, 0x35, 0xad, 0x14, 0xa5,
    0x35, 0xad, 0xf4, 0xa4, 0x86, 0x31, 0x20, 0x00, 0x41, 0x08, 0x61, 0x08,
    0x82, 0x10, 0x21, 0x08, 0x21, 0x00, 0x20, 0x00, 0x82, 0x10, 0x66, 0x31,
    0x61, 0x08, 0x21, 0x08, 0x41, 0x08, 0x62, 0x10, 0xe3, 0x18, 0x82, 0x10,
    0x25, 0x21, 0xd4, 0x9c, 0x55, 0xad, 0xc7, 0x39, 0x04, 0x21, 0x25, 0x21,
    0x04, 0x21, 0x04, 0x21, 0x04, 0x21, 0xe4, 0x20, 0xe4, 0x18, 0xe4, 0x18,
    0xe3, 0x20, 0xe3, 0x18, 0xe4, 0x18, 0xc3, 0x18, 0xc3, 0x18, 0xc3, 0x18,
    0xc3, 0x18, 0xc3, 0x18, 0xc3, 0x18, 0xa3, 0x18, 0xc3, 0x10, 0xa3, 0x18,
    0xa3, 0x18, 0xc3, 0x18, 0xa3, 0x10, 0xa3, 0x10, 0xa3, 0x18, 0x82, 0x10,
    0x41, 0x08, 0x00, 0x00, 0xcb, 0x5a, 0x76, 0xb5, 0x76, 0xb5, 0xd7, 0xbd,
    0x39, 0xc6, 0x18, 0xc6, 0xab, 0x52, 0x62, 0x08, 0xa2, 0x10, 0x82, 0x10,
    0x82, 0x10, 0x41, 0x08, 0x21, 0x08, 0x41, 0x08, 0xa3, 0x10, 0x25, 0x21,
    0x25, 0x21, 0x82, 0x10, 0x62, 0x08, 0x8a, 0x19, 0x2e, 0x1a, 0xb0, 0x3a,
    0x55, 0xa5, 0x96, 0xb5, 0x96, 0xb5, 0x55, 0xad, 0xb7, 0xb5, 0x7d, 0xf7,
    0x7e, 0xf7, 0x7e, 0xf7, 0x9e, 0xf7, 0x9e, 0xf7, 0x7d, 0xef, 0x7e, 0xef,
    0x7e, 0xf7, 0x9e, 0xf7, 0x7d, 0xef, 0x7e, 0xf7, 0x7e, 0xf7, 0x7e, 0xf7,
    0x9d, 0xf7, 0x7d, 0xef, 0x7d, 0xef, 0x7e, 0xf7, 0x7e, 0xef, 0x7d, 0xef,
    0x5d, 0xef, 0x7e, 0xef, 0x9e, 0xf7, 0x9e, 0xf7, 0x7e, 0xf7, 0x7d, 0xf7,
    0x9e, 0xf7, 0x9e, 0xf7, 0x7d, 0xef, 0x5d, 0xef, 0xfb, 0xe6, 0xd7, 0xbd,
    0x55, 0xad, 0x96, 0xb5, 0xd7, 0xbd, 0xb7, 0xb5, 0x97, 0xad, 0x77, 0xad,
    0xd6, 0x8c, 0xd4, 0x5b, 0x12, 0x3b, 0x70, 0x22, 0xb0, 0x32, 0x13, 0x7c,
    0xb4, 0x94, 0x12, 0x74, 0x71, 0x63, 0x30, 0x53, 0xf1, 0x73, 0xf0, 0x7b,
    0x90, 0x6b, 0x6f, 0x6b, 0x0f, 0x5b, 0xef, 0x4a, 0x8f, 0x2a, 0x2e, 0x1a,
    0x2d, 0x2a, 0x0c, 0x2a, 0x0a, 0x32, 0xe9, 0x31, 0xc8, 0x39, 0xa7, 0x31,
    0x34, 0xa5, 0x34, 0xa5, 0x14, 0xa5, 0x35, 0xad, 0x34, 0xa5, 0x34, 0xa5,
    0x35, 0xad, 0x15, 0xad, 0x35, 0xad, 0x34, 0xa5, 0x34, 0xa5, 0x14, 0xa5,
    0x34, 0xa5, 0x35, 0xad, 0x34, 0xa5, 0x34, 0xa5, 0x14, 0xa5, 0x34, 0xa5,
    0x34, 0xa5, 0x35, 0xad, 0x35, 0xad, 0x35, 0xad, 0x15, 0xad, 0x35, 0xad,
    0x34, 0xa5, 0x34, 0xa5, 0x35, 0xad, 0x14, 0xa5, 0x34, 0xa5, 0x14, 0xa5,
    0x35, 0xad, 0x35, 0xad, 0x34, 0xa5, 0x35, 0xad, 0x35, 0xad, 0x34, 0xa5,
    0x14, 0xa5, 0x35, 0xad, 0x35, 0xad, 0x14, 0xa5, 0x34, 0xa5, 0x35, 0xad,
    0x35, 0xad, 0x55, 0xad, 0xaa, 0x52, 0x21, 0x00, 0x21, 0x08, 0x41, 0x08,
    0x82, 0x10, 0x41, 0x08, 0x21, 0x00, 0x20, 0x00, 0x04, 0x21, 0x86, 0x31,
    0xa3, 0x10, 0x20, 0x00, 0x41, 0x08, 0x62, 0x08, 0xe3, 0x18, 0x82, 0x10,
    0xc3, 0x18, 0xcf, 0x7b, 0xaf, 0x7b, 0x04, 0x21, 0x04, 0x21, 0x04, 0x21,
    0x04, 0x21, 0x04, 0x21, 0x04, 0x21, 0xe4, 0x20, 0xe4, 0x18, 0xe4, 0x18,
    0xe4, 0x20, 0xe4, 0x18, 0xe3, 0x18, 0xe3, 0x18, 0xc4, 0x18, 0xc4, 0x18,
    0xc3, 0x18, 0xc3, 0x18, 0xc3, 0x18, 0xa3, 0x10, 0xc3, 0x18, 0xa3, 0x10,
    0xa3, 0x18, 0xa3, 0x10, 0xa3, 0x10, 0xa2, 0x18, 0xa3, 0x18, 0x82, 0x10,
    0x61, 0x08, 0x21, 0x00, 0x86, 0x31, 0x35, 0xad, 0x76, 0xad, 0x18, 0xc6,
    0x39, 0xc6, 0x72, 0x8c, 0xe4, 0x18, 0x82, 0x10, 0xa2, 0x10, 0x83, 0x10,
    0x82, 0x10, 0x62, 0x10, 0x41, 0x08, 0x82, 0x10, 0x04, 0x19, 0x45, 0x29,
    0xc3, 0x18, 0x41, 0x08, 0x41, 0x08, 0xc5, 0x10, 0x0d, 0x1a, 0x2e, 0x1a,
    0x12, 0x74, 0xb6, 0xb5, 0x96, 0xb5, 0x96, 0xb5, 0x35, 0xa5, 0xbb, 0xde,
    0x9e, 0xf7, 0x7e, 0xf7, 0x9d, 0xf7, 0x9e, 0xef, 0x7e, 0xf7, 0x7d, 0xf7,
    0x9e, 0xf7, 0x9d, 0xf7, 0x9e, 0xf7, 0x9e, 0xf7, 0x7e, 0xef, 0x9d, 0xef,
    0x9e, 0xf7, 0x7e, 0xf7, 0x7e, 0xf7, 0x7e, 0xef, 0x5d, 0xef, 0x7d, 0xef,
    0x7d, 0xef, 0x7e, 0xf7, 0x7e, 0xf7, 0x9d, 0xf7, 0x7e, 0xef, 0x9e, 0xef,
    0x9d, 0xf7, 0x7e, 0xf7, 0x7d, 0xef, 0x1c, 0xe7, 0x59, 0xce, 0x55, 0xad,
    0x76, 0xad, 0xb7, 0xb5, 0xb7, 0xb5, 0x97, 0xad, 0x77, 0xad, 0x57, 0xa5,
    0x77, 0xad, 0x77, 0xad, 0x94, 0x84, 0xb0, 0x32, 0x2e, 0x1a, 0x6f, 0x22,
    0xef, 0x42, 0x70, 0x63, 0x0f, 0x5b, 0x6c, 0x3a, 0xee, 0x52, 0x6f, 0x63,
    0xb1, 0x6b, 0xf2, 0x73, 0xd2, 0x6b, 0x13, 0x74, 0x51, 0x53, 0x4e, 0x22,
    0x2c, 0x2a, 0xea, 0x31, 0xe9, 0x31, 0xc8, 0x39, 0xa7, 0x31, 0xa7, 0x31,
    0x34, 0xa5, 0x15, 0xad, 0x35, 0xad, 0x34, 0xa5, 0x35, 0xad, 0x34, 0xa5,
    0x14, 0xa5, 0x34, 0xa5, 0x34, 0xa5, 0x35, 0xad, 0x14, 0xa5, 0x35, 0xad,
    0x35, 0xad, 0x15, 0xad, 0x34, 0xa5, 0x34, 0xa5, 0x15, 0xad, 0x34, 0xa5,
    0x35, 0xad, 0x35, 0xad, 0x14, 0xa5, 0x34, 0xa5, 0x34, 0xa5, 0x14, 0xa5,
    0x35, 0xad, 0x34, 0xa5, 0x14, 0xa5, 0x35, 0xad, 0x35, 0xad, 0x34, 0xa5,
    0x14, 0xa5, 0x35, 0xad, 0x14, 0xa5, 0x34, 0xa5, 0x35, 0xad, 0x14, 0xa5,
    0x34, 0xa5, 0x34, 0xa5, 0x14, 0xa5, 0x34, 0xa5, 0x15, 0xad, 0x34, 0xa5,
    0x34, 0xa5, 0x35, 0xad, 0xcf, 0x7b, 0x62, 0x10, 0x21, 0x08, 0x41, 0x00,
    0x82, 0x10, 0x61, 0x08, 0x20, 0x00, 0x62, 0x10, 0x66, 0x31, 0x86, 0x29,
    0x04, 0x21, 0x20, 0x08, 0x41, 0x08, 0x41, 0x08, 0xa3, 0x18, 0x83, 0x10,
    0xa3, 0x18, 0x08, 0x42, 0xc7, 0x39, 0x04, 0x21, 0x25, 0x21, 0x04, 0x21,
    0x04, 0x21, 0x04, 0x21, 0xe4, 0x20, 0x04, 0x21, 0xe4, 0x20, 0xe4, 0x20,
    0xe3, 0x18, 0xe4, 0x20, 0xe4, 0x18, 0xc3, 0x18, 0xc3, 0x18, 0xc3, 0x18,
    0xc3, 0x18, 0xc3, 0x18, 0xc3, 0x18, 0xa3, 0x18, 0xa3, 0x10, 0xc3, 0x18,
    0xa3, 0x18, 0xa3, 0x18, 0xc3, 0x18, 0xa3, 0x10, 0xc2, 0x10, 0xa3, 0x10,
    0x62, 0x10, 0x82, 0x10, 0x82, 0x10, 0x31, 0x8c, 0x76, 0xad, 0xb7, 0xb5,
    0x76, 0xad, 0x08, 0x42, 0x62, 0x10, 0x83, 0x10, 0x82, 0x10, 0x83, 0x10,
    0x82, 0x10, 0x82, 0x10, 0x82, 0x10, 0xe3, 0x18, 0x45, 0x29, 0x25, 0x21,
    0x62, 0x10, 0x41, 0x08, 0x41, 0x08, 0x61, 0x08, 0x89, 0x11, 0x0e, 0x1a,
    0xd0, 0x3a, 0x35, 0xad, 0x96, 0xb5, 0x96, 0xb5, 0x55, 0xad, 0xb7, 0xb5,
    0x7d, 0xef, 0x9e, 0xf7, 0x7e, 0xf7, 0x7d, 0xf7, 0x9e, 0xf7, 0x9e, 0xf7,
    0x9e, 0xef, 0x7e, 0xef, 0x7e, 0xf7, 0x9e, 0xf7, 0x9d, 0xf7, 0x7e, 0xf7,
    0x7e, 0xf7, 0x7e, 0xf7, 0x9e, 0xf7, 0x7d, 0xef, 0x5d, 0xef, 0x7d, 0xef,
    0x7e, 0xf7, 0x7e, 0xf7, 0x9e, 0xf7, 0x7e, 0xf7, 0x9e, 0xf7, 0x7d, 0xf7,
    0x7e, 0xf7, 0x7e, 0xef, 0x5d, 0xef, 0xba, 0xd6, 0x76, 0xad, 0x75, 0xad,
    0xb7, 0xb5, 0xd7, 0xbd, 0x97, 0xb5, 0x56, 0xa5, 0x36, 0x9d, 0xb5, 0x94,
    0x34, 0x74, 0xf1, 0x3a, 0x31, 0x4b, 0x8f, 0x32, 0x2e, 0x1a, 0x2e, 0x1a,
    0x4e, 0x2a, 0x6d, 0x3a, 0xee, 0x52, 0xed, 0x5a, 0xcd, 0x52, 0xad, 0x4a,
    0xad, 0x4a, 0x6d, 0x3a, 0x4e, 0x2a, 0x6f, 0x2a, 0x4d, 0x2a, 0x0c, 0x2a,
    0x0b, 0x2a, 0xe9, 0x31, 0xc8, 0x39, 0xa7, 0x31, 0xa7, 0x31, 0xc8, 0x39,
    0x34, 0xa5, 0x35, 0xad, 0x34, 0xa5, 0x34, 0xa5, 0x14, 0xa5, 0x35, 0xad,
    0x35, 0xad, 0x14, 0xa5, 0x34, 0xa5, 0x34, 0xa5, 0x35, 0xad, 0x34, 0xa5,
    0x14, 0xa5, 0x34, 0xa5, 0x34, 0xa5, 0x15, 0xad, 0x35, 0xad, 0x35, 0xad,
    0x34, 0xa5, 0x14, 0xa5, 0x34, 0xa5, 0x14, 0xa5, 0x34, 0xa5, 0x34, 0xa5,
    0x34, 0xa5, 0x15, 0xad, 0x35, 0xad, 0x34, 0xa5, 0x34, 0xa5, 0x35, 0xad,
    0x34, 0xa5, 0x34, 0xa5, 0x35, 0xad, 0x14, 0xa5, 0x34, 0xa5, 0x34, 0xa5,
    0x35, 0xad, 0x34, 0xa5, 0x34, 0xa5, 0x35, 0xad, 0x34, 0xa5, 0x14, 0xa5,
    0x34, 0xa5, 0x35, 0xad, 0xb2, 0x94, 0x04, 0x21, 0x21, 0x08, 0x21, 0x08,
    0x61, 0x08, 0x61, 0x08, 0x21, 0x08, 0x04, 0x21, 0x86, 0x31, 0x66, 0x31,
    0x45, 0x29, 0x41, 0x08, 0x21, 0x08, 0x41, 0x08, 0x82, 0x10, 0xc3, 0x18,
    0xa3, 0x10, 0x04, 0x21, 0x24, 0x21, 0x24, 0x29, 0x05, 0x21, 0x04, 0x21,
    0x04, 0x21, 0x04, 0x21, 0x04, 0x21, 0xe4, 0x18, 0xe4, 0x18, 0xe4, 0x20,
    0xe3, 0x18, 0xe3, 0x18, 0xc3, 0x18, 0xc3, 0x18, 0xc3, 0x18, 0xc3, 0x18,
    0xc3, 0x18, 0xc3, 0x18, 0xa3, 0x18, 0xa3, 0x10, 0xa3, 0x18, 0xa3, 0x10,
    0xa3, 0x18, 0xc3, 0x10, 0xa3, 0x10, 0xa3, 0x18, 0xa3, 0x10, 0xa2, 0x10,
    0x82, 0x10, 0xa2, 0x10, 0x62, 0x10, 0x6a, 0x52, 0x76, 0xb5, 0x55, 0xad,
    0x2d, 0x63, 0x83, 0x10, 0x82, 0x10, 0xa3, 0x10, 0xa2, 0x10, 0x82, 0x10,
    0x83, 0x18, 0x82, 0x10, 0xa3, 0x18, 0x45, 0x29, 0x66, 0x29, 0xa3, 0x10,
    0x41, 0x08, 0x41, 0x08, 0x41, 0x08, 0x21, 0x08, 0xc4, 0x10, 0x0d, 0x1a,
    0x2e, 0x1a, 0x53, 0x84, 0x96, 0xb5, 0x96, 0xb5, 0x96, 0xb5, 0x35, 0xa5,
    0xbb, 0xd6, 0x9e, 0xf7, 0x7e, 0xf7, 0x9e, 0xf7, 0x7e, 0xf7, 0x7e, 0xf7,
    0x7e, 0xf7, 0x7d, 0xf7, 0x7d, 0xef, 0x7e, 0xf7, 0x7e, 0xf7, 0x9e, 0xf7,
    0x9e, 0xf7, 0x9d, 0xef, 0x7d, 0xef, 0x5d, 0xef, 0x5d, 0xef, 0x7e, 0xef,
    0x7e, 0xf7, 0x9e, 0xf7, 0x9e, 0xef, 0x9d, 0xef, 0x7e, 0xf7, 0x9e, 0xf7,
    0x9e, 0xf7, 0x5d, 0xef, 0xfb, 0xe6, 0xd7, 0xbd, 0x55, 0xad, 0x96, 0xb5,
    0xb7, 0xbd, 0xb7, 0xb5, 0x56, 0xa5, 0x16, 0x95, 0xd6, 0x8c, 0x95, 0x84,
    0x72, 0x53, 0x4f, 0x1a, 0x2e, 0x1a, 0x0e, 0x12, 0x0e, 0x1a, 0xed, 0x11,
    0x0c, 0x2a, 0x8e, 0x42, 0x70, 0x63, 0x11, 0x7c, 0x53, 0x84, 0x73, 0x84,
    0x94, 0x84, 0x13, 0x74, 0x92, 0x5b, 0xb0, 0x32, 0x2d, 0x2a, 0x0b, 0x2a,
    0xea, 0x31, 0xe9, 0x39, 0xc8, 0x31, 0x87, 0x31, 0xa7, 0x39, 0x49, 0x4a,
    0x34, 0xa5, 0x14, 0xa5, 0x34, 0xa5, 0x35, 0xad, 0x14, 0xa5, 0x34, 0xa5,
    0x35, 0xad, 0x34, 0xa5, 0x35, 0xad, 0x15, 0xad, 0x14, 0xa5, 0x34, 0xa5,
    0x35, 0xad, 0x34, 0xa5, 0x34, 0xa5, 0x34, 0xa5, 0x34, 0xa5, 0x34, 0xa5,
    0x14, 0xa5, 0x34, 0xa5, 0x35, 0xad, 0x35, 0xad, 0x35, 0xad, 0x35, 0xad,
    0x15, 0xad, 0x34, 0xa5, 0x34, 0xa5, 0x34, 0xa5, 0x34, 0xa5, 0x14, 0xa5,
    0x35, 0xad, 0x34, 0xa5, 0x14, 0xa5, 0x35, 0xad, 0x35, 0xad, 0x14, 0xa5,
    0x35, 0xad, 0x15, 0xad, 0x35, 0xad, 0x34, 0xa5, 0x35, 0xad, 0x34, 0xa5,
    0x35, 0xad, 0x35, 0xad, 0x34, 0xa5, 0xe8, 0x41, 0x21, 0x00, 0x21, 0x08,
    0x41, 0x08, 0x62, 0x10, 0x82, 0x10, 0x66, 0x29, 0x65, 0x31, 0x65, 0x29,
    0x66, 0x29, 0x82, 0x10, 0x21, 0x00, 0x41, 0x08, 0x61, 0x08, 0xc3, 0x18,
    0x82, 0x10, 0x25, 0x21, 0x25, 0x21, 0x05, 0x29, 0x04, 0x21, 0x04, 0x21,
    0x04, 0x21, 0x04, 0x21, 0xe4, 0x20, 0xe4, 0x18, 0x04, 0x19, 0xe3, 0x18,
    0xe4, 0x18, 0xc4, 0x18, 0xe3, 0x18, 0xc3, 0x18, 0xc4, 0x18, 0xc3, 0x18,
    0xc3, 0x18, 0xc3, 0x18, 0xa3, 0x18, 0xc3, 0x10, 0xa3, 0x18, 0xa3, 0x10,
    0xa3, 0x18, 0xa3, 0x10, 0xa2, 0x18, 0xa2, 0x18, 0xa3, 0x18, 0xa3, 0x18,
    0x82, 0x10, 0x62, 0x10, 0xa3, 0x10, 0x04, 0x21, 0xf4, 0xa4, 0x51, 0x8c,
    0x04, 0x21, 0x82, 0x10, 0xa3, 0x10, 0xa2, 0x10, 0x82, 0x10, 0x83, 0x10,
    0x82, 0x10, 0x82, 0x10, 0xe4, 0x18, 0x66, 0x29, 0x04, 0x21, 0x41, 0x08,
    0x41, 0x08, 0x41, 0x08, 0x21, 0x08, 0x21, 0x08, 0x61, 0x08, 0x89, 0x11,
    0x0e, 0x1a, 0x91, 0x63, 0x96, 0xb5, 0x96, 0xb5, 0x96, 0xb5, 0x55, 0xad,
    0xb7, 0xb5, 0x7d, 0xef, 0x9e, 0xf7, 0x7e, 0xf7, 0x9d, 0xf7, 0x9d, 0xef,
    0x9e, 0xf7, 0x9e, 0xf7, 0x9e, 0xf7, 0x9e, 0xf7, 0x7d, 0xef, 0x9e, 0xef,
    0x7e, 0xf7, 0x7d, 0xef, 0x7d, 0xef, 0x5d, 0xef, 0x7e, 0xef, 0x9e, 0xf7,
    0x9e, 0xf7, 0x7d, 0xf7, 0x7d, 0xf7, 0x7e, 0xf7, 0x7e, 0xef, 0x9e, 0xf7,
    0x7d, 0xef, 0x1c, 0xe7, 0x39, 0xc6, 0x55, 0xad, 0x76, 0xad, 0xb7, 0xb5,
    0xb7, 0xb5, 0x77, 0xad, 0xd6, 0x94, 0x35, 0x74, 0xb5, 0x8c, 0x94, 0x8c,
    0x92, 0x63, 0xd2, 0x6b, 0x33, 0x7c, 0x71, 0x53, 0xaf, 0x32, 0x4d, 0x32,
    0x6d, 0x3a, 0x8c, 0x4a, 0x6b, 0x42, 0x4b, 0x3a, 0x8c, 0x4a, 0x8d, 0x42,
    0x8e, 0x3a, 0xf0, 0x42, 0xef, 0x42, 0x2d, 0x2a, 0x2c, 0x2a, 0x0a, 0x32,
    0xe9, 0x31, 0xc8, 0x39, 0xa7, 0x31, 0xa7, 0x31, 0x08, 0x42, 0xab, 0x5a,
    0x34, 0xa5, 0x35, 0xad, 0x15, 0xad, 0x34, 0xa5, 0x35, 0xad, 0x14, 0xa5,
    0x34, 0xa5, 0x34, 0xa5, 0x35, 0xad, 0x34, 0xa5, 0x34, 0xa5, 0x35, 0xad,
    0x34, 0xa5, 0x15, 0xad, 0x35, 0xad, 0x14, 0xa5, 0x34, 0xa5, 0x34, 0xa5,
    0x15, 0xad, 0x35, 0xad, 0x35, 0xad, 0x34, 0xa5, 0x34, 0xa5, 0x14, 0xa5,
    0x34, 0xa5, 0x34, 0xa5, 0x14, 0xa5, 0x15, 0xad, 0x35, 0xad, 0x35, 0xad,
    0x14, 0xa5, 0x35, 0xad, 0x34, 0xa5, 0x34, 0xa5, 0x34, 0xa5, 0x15, 0xad,
    0x34, 0xa5, 0x34, 0xa5, 0x14, 0xa5, 0x35, 0xad, 0x14, 0xa5, 0x35, 0xad,
    0x34, 0xa5, 0x14, 0xa5, 0x55, 0xad, 0x0c, 0x63, 0x41, 0x08, 0x41, 0x08,
    0x21, 0x08, 0x82, 0x08, 0x04, 0x21, 0x66, 0x31, 0x65, 0x29, 0x66, 0x29,
    0x66, 0x31, 0xe3, 0x18, 0x21, 0x08, 0x41, 0x08, 0x41, 0x08, 0xa3, 0x10,
    0xe4, 0x20, 0x25, 0x21, 0x25, 0x29, 0x04, 0x21, 0x04, 0x21, 0x04, 0x21,
    0x04, 0x21, 0x04, 0x21, 0xe4, 0x18, 0xe4, 0x20, 0xe4, 0x20, 0xe3, 0x20,
    0xe4, 0x18, 0xe4, 0x18, 0xc3, 0x18, 0xc3, 0x18, 0xc4, 0x18, 0xc3, 0x18,
    0xc3, 0x18, 0xa3, 0x18, 0xc3, 0x18, 0xc3, 0x10, 0xa3, 0x18, 0xc3, 0x18,
    0xc3, 0x18, 0xa3, 0x18, 0xc3, 0x10, 0xc3, 0x10, 0xa3, 0x10, 0xa3, 0x10,
    0xa2, 0x10, 0x62, 0x10, 0xc3, 0x18, 0x82, 0x10, 0xcb, 0x62, 0x6a, 0x52,
    0x82, 0x10, 0xa2, 0x10, 0x82, 0x10, 0x83, 0x10, 0x83, 0x10, 0x82, 0x10,
    0xa2, 0x10, 0x83, 0x10, 0x82, 0x10, 0x82, 0x10, 0x41, 0x08, 0x21, 0x08,
    0x41, 0x08, 0x21, 0x00, 0x20, 0x00, 0x20, 0x00, 0x41, 0x08, 0xc5, 0x10,
    0x0d, 0x1a, 0x4d, 0x32, 0x51, 0x8c, 0x96, 0xb5, 0x96, 0xb5, 0x96, 0xb5,
    0x34, 0xa5, 0xbb, 0xd6, 0x9e, 0xf7, 0x7e, 0xf7, 0x9e, 0xf7, 0x7e, 0xf7,
    0x7e, 0xef, 0x7e, 0xf7, 0x9e, 0xf7, 0x9e, 0xef, 0x9e, 0xf7, 0x7d, 0xf7,
    0x7e, 0xf7, 0x7e, 0xf7, 0x7d, 0xef, 0x7d, 0xef, 0x7e, 0xef, 0x7e, 0xf7,
    0x7d, 0xf7, 0x9e, 0xef, 0x9e, 0xf7, 0x7e, 0xf7, 0x9e, 0xf7, 0x7d, 0xef,
    0x3d, 0xef, 0x9a, 0xd6, 0x76, 0xb5, 0x75, 0xad, 0x96, 0xb5, 0xb7, 0xb5,
    0x97, 0xad, 0x16, 0x9d, 0x55, 0x74, 0x74, 0x43, 0xb3, 0x5b, 0x13, 0x74,
    0xb4, 0x94, 0xb4, 0x8c, 0xf5, 0x9c, 0x15, 0x9d, 0x93, 0x94, 0x91, 0x6b,
    0x90, 0x63, 0x73, 0x8c, 0x32, 0x84, 0x12, 0x7c, 0x12, 0x7c, 0xb2, 0x6b,
    0x31, 0x4b, 0x6f, 0x2a, 0x2d, 0x22, 0x2c, 0x2a, 0xeb, 0x31, 0xe9, 0x31,
    0xe8, 0x31, 0xa7, 0x31, 0x87, 0x31, 0xe8, 0x39, 0xab, 0x52, 0x0d, 0x63,
    0x34, 0xa5, 0x15, 0xad, 0x34, 0xa5, 0x34, 0xa5, 0x34, 0xa5, 0x35, 0xad,
    0x15, 0xad, 0x34, 0xa5, 0x14, 0xa5, 0x34, 0xa5, 0x34, 0xa5, 0x35, 0xad,
    0x14, 0xa5, 0x34, 0xa5, 0x35, 0xad, 0x35, 0xad, 0x15, 0xad, 0x35, 0xad,
    0x34, 0xa5, 0x34, 0xa5, 0x34, 0xa5, 0x14, 0xa5, 0x14, 0xa5, 0x34, 0xa5,
    0x34, 0xa5, 0x35, 0xad, 0x35, 0xad, 0x34, 0xa5, 0x14, 0xa5, 0x34, 0xa5,
    0x34, 0xa5, 0x34, 0xa5, 0x15, 0xad, 0x34, 0xa5, 0x35, 0xad, 0x34, 0xa5,
    0x34, 0xa5, 0x34, 0xa5, 0x34, 0xa5, 0x34, 0xa5, 0x34, 0xa5, 0x14, 0xa5,
    0x35, 0xad, 0x34, 0xa5, 0x55, 0xad, 0x31, 0x84, 0x82, 0x10, 0x21, 0x08,
    0x21, 0x08, 0x82, 0x10, 0x65, 0x29, 0x66, 0x31, 0x66, 0x31, 0x65, 0x29,
    0x65, 0x29, 0x25, 0x29, 0x41, 0x08, 0x21, 0x08, 0x41, 0x08, 0x82, 0x10,
    0x25, 0x21, 0x24, 0x29, 0x24, 0x21, 0x24, 0x21, 0x04, 0x21, 0x04, 0x21,
    0x04, 0x21, 0xe4, 0x20, 0xe4, 0x18, 0xe4, 0x18, 0xe4, 0x20, 0xe4, 0x18,
    0xe3, 0x18, 0xc3, 0x20, 0xe3, 0x18, 0xc3, 0x18, 0xc3, 0x18, 0xc3, 0x18,
    0xc3, 0x18, 0xa3, 0x18, 0xa3, 0x10, 0xa3, 0x18, 0xa3, 0x18, 0xa3, 0x10,
    0xc3, 0x10, 0xa3, 0x10, 0xa3, 0x18, 0xa3, 0x18, 0xa3, 0x10, 0xa2, 0x18,
    0xa3, 0x18, 0x82, 0x10, 0x82, 0x10, 0xa3, 0x10, 0x82, 0x10, 0xa3, 0x18,
    0x82, 0x10, 0x83, 0x10, 0xa3, 0x10, 0xa2, 0x10, 0x82, 0x10, 0xa2, 0x18,
    0x83, 0x10, 0x82, 0x10, 0x82, 0x10, 0x62, 0x10, 0x41, 0x08, 0x21, 0x00,
    0x21, 0x08, 0x21, 0x00, 0x20, 0x08, 0x21, 0x08, 0x41, 0x08, 0x82, 0x10,
    0x8a, 0x19, 0x0e, 0x1a, 0x4a, 0x42, 0x34, 0xad, 0x96, 0xb5, 0x96, 0xb5,
    0x55, 0xad, 0x96, 0xb5, 0x7d, 0xef, 0x7e, 0xf7, 0x7e, 0xf7, 0x9e, 0xf7,
    0x7e, 0xf7, 0x9d, 0xef, 0x7d, 0xf7, 0x7e, 0xf7, 0x7d, 0xf7, 0x9e, 0xf7,
    0x9e, 0xf7, 0x9d, 0xf7, 0x9e, 0xf7, 0x7e, 0xf7, 0x9e, 0xf7, 0x9e, 0xf7,
    0x7e, 0xf7, 0x7e, 0xf7, 0x9e, 0xef, 0x9d, 0xf7, 0x7e, 0xf7, 0x5d, 0xef,
    0xfb, 0xde, 0xd7, 0xbd, 0x55, 0xad, 0x96, 0xb5, 0xb7, 0xb5, 0x97, 0xb5,
    0x36, 0xa5, 0x95, 0x84, 0x94, 0x4b, 0x13, 0x33, 0xb1, 0x2a, 0xb0, 0x32,
    0x33, 0x7c, 0xd5, 0x9c, 0xf5, 0x9c, 0xb1, 0x6b, 0x8d, 0x42, 0xad, 0x4a,
    0x2b, 0x3a, 0x8c, 0x4a, 0xcd, 0x52, 0xee, 0x52, 0x2f, 0x53, 0x91, 0x5b,
    0x91, 0x63, 0xaf, 0x32, 0x2d, 0x2a, 0x0b, 0x32, 0xea, 0x31, 0xe8, 0x39,
    0xa7, 0x31, 0x87, 0x31, 0xc7, 0x39, 0x6a, 0x52, 0x0c, 0x63, 0x6e, 0x6b,
    0x34, 0xa5, 0x34, 0xa5, 0x34, 0xa5, 0x35, 0xad, 0x14, 0xa5, 0x34, 0xa5,
    0x34, 0xa5, 0x35, 0xad, 0x35, 0xad, 0x14, 0xa5, 0x15, 0xad, 0x34, 0xa5,
    0x35, 0xad, 0x34, 0xa5, 0x34, 0xa5, 0x14, 0xa5, 0x34, 0xa5, 0x34, 0xa5,
    0x14, 0xa5, 0x34, 0xa5, 0x15, 0xad, 0x34, 0xa5, 0x35, 0xad, 0x35, 0xad,
    0x35, 0xad, 0x14, 0xa5, 0x34, 0xa5, 0x35, 0xad, 0x34, 0xa5, 0x35, 0xad,
    0x34, 0xa5, 0x35, 0xad, 0x34, 0xa5, 0x15, 0xad, 0x34, 0xa5, 0x14, 0xa5,
    0x35, 0xad, 0x15, 0xad, 0x35, 0xad, 0x35, 0xad, 0x15, 0xad, 0x34, 0xa5,
    0x34, 0xa5, 0x15, 0xad, 0x35, 0xad, 0xf3, 0x9c, 0x45, 0x29, 0x21, 0x08,
    0x41, 0x00, 0x61, 0x08, 0x45, 0x29, 0x66, 0x29, 0x65, 0x29, 0x66, 0x29,
    0x45, 0x31, 0x45, 0x29, 0x62, 0x10, 0x21, 0x00, 0x41, 0x08, 0x41, 0x08,
    0x04, 0x21, 0x25, 0x21, 0x24, 0x21, 0x04, 0x21, 0x05, 0x21, 0x04, 0x21,
    0x04, 0x21, 0x04, 0x21, 0xe4, 0x20, 0xe4, 0x20, 0xe3, 0x18, 0xe3, 0x18,
    0xe4, 0x18, 0xc3, 0x18, 0xc4, 0x18, 0xc3, 0x18, 0xc3, 0x18, 0xc3, 0x18,
    0xc3, 0x18, 0xc3, 0x18, 0xc3, 0x10, 0xa3, 0x18, 0xa3, 0x18, 0xa3, 0x10,
    0xa3, 0x18, 0xa3, 0x18, 0xa2, 0x10, 0xa2, 0x18, 0xa3, 0x18, 0xa3, 0x10,
    0xa3, 0x10, 0x82, 0x10, 0x62, 0x10, 0xc3, 0x18, 0x82, 0x10, 0x82, 0x10,
    0xa3, 0x10, 0xa2, 0x10, 0x82, 0x10, 0x82, 0x10, 0x82, 0x10, 0x83, 0x10,
    0x83, 0x10, 0x82, 0x10, 0x82, 0x10, 0x82, 0x10, 0x62, 0x08, 0x21, 0x08,
    0x21, 0x00, 0x20, 0x08, 0x20, 0x00, 0x41, 0x08, 0x62, 0x08, 0x82, 0x10,
    0xe5, 0x10, 0x0d, 0x1a, 0xcb, 0x21, 0xcf, 0x7b, 0x96, 0xb5, 0x96, 0xb5,
    0x96, 0xb5, 0x35, 0xa5, 0xba, 0xd6, 0x9e, 0xf7, 0x7e, 0xf7, 0x9e, 0xf7,
    0x9d, 0xf7, 0x9e, 0xf7, 0x7e, 0xf7, 0x7e, 0xf7, 0x9e, 0xef, 0x7e, 0xf7,
    0x7e, 0xef, 0x9d, 0xef, 0x7e, 0xf7, 0x7e, 0xef, 0x7d, 0xf7, 0x9e, 0xf7,
    0x9d, 0xef, 0x9e, 0xf7, 0x7e, 0xf7, 0x7e, 0xf7, 0x7d, 0xef, 0x1c, 0xe7,
    0x38, 0xc6, 0x55, 0xad, 0x76, 0xb5, 0xb7, 0xb5, 0xb7, 0xb5, 0x76, 0xad,
    0xd6, 0x94, 0xd4, 0x5b, 0x33, 0x3b, 0xf2, 0x32, 0x70, 0x22, 0xb0, 0x32,
    0xf2, 0x73, 0x13, 0x7c, 0xf2, 0x73, 0xd1, 0x6b, 0x91, 0x63, 0xf1, 0x7b,
    0xf1, 0x7b, 0xb0, 0x6b, 0x70, 0x63, 0x0f, 0x53, 0xf0, 0x42, 0x6f, 0x2a,
    0x4e, 0x22, 0x2d, 0x2a, 0x0c, 0x2a, 0x0a, 0x32, 0xe9, 0x39, 0xc8, 0x31,
    0xa7, 0x31, 0xa7, 0x39, 0x49, 0x4a, 0xec, 0x62, 0x4d, 0x6b, 0x8e, 0x73,
    0x34, 0xa5, 0x15, 0xad, 0x35, 0xad, 0x34, 0xa5, 0x15, 0xad, 0x34, 0xa5,
    0x35, 0xad, 0x14, 0xa5, 0x34, 0xa5, 0x35, 0xad, 0x34, 0xa5, 0x34, 0xa5,
    0x34, 0xa5, 0x15, 0xad, 0x34, 0xa5, 0x34, 0xa5, 0x34, 0xa5, 0x35, 0xad,
    0x35, 0xad, 0x35, 0xad, 0x34, 0xa5, 0x35, 0xad, 0x35, 0xad, 0x34, 0xa5,
    0x14, 0xa5, 0x35, 0xad, 0x14, 0xa5, 0x34, 0xa5, 0x35, 0xad, 0x34, 0xa5,
    0x15, 0xad, 0x14, 0xa5, 0x35, 0xad, 0x34, 0xa5, 0x34, 0xa5, 0x35, 0xad,
    0x34, 0xa5, 0x34, 0xa5, 0x14, 0xa5, 0x34, 0xa5, 0x34, 0xa5, 0x35, 0xad,
    0x34, 0xa5, 0x14, 0xa5, 0x35, 0xad, 0x35, 0xad, 0x69, 0x4a, 0x21, 0x08,
    0x21, 0x08, 0x41, 0x08, 0x04, 0x21, 0x66, 0x31, 0x65, 0x29, 0x45, 0x29,
    0x46, 0x29, 0x65, 0x29, 0xc3, 0x18, 0x21, 0x08, 0x41, 0x08, 0x41, 0x08,
    0xc3, 0x18, 0x25, 0x21, 0x05, 0x21, 0x04, 0x21, 0x04, 0x21, 0x04, 0x21,
    0x04, 0x21, 0xe4, 0x20, 0xe4, 0x18, 0xe4, 0x18, 0xe3, 0x18, 0xe3, 0x18,
    0xe4, 0x20, 0xe3, 0x18, 0xc3, 0x18, 0xc4, 0x18, 0xc3, 0x18, 0xc3, 0x18,
    0xc3, 0x18, 0xa3, 0x18, 0xa3, 0x10, 0xa3, 0x18, 0xc3, 0x18, 0xc3, 0x10,
    0xa3, 0x18, 0xa2, 0x18, 0xc3, 0x10, 0xa3, 0x10, 0xa3, 0x18, 0xa3, 0x10,
    0xa2, 0x10, 0xa2, 0x10, 0x62, 0x10, 0x82, 0x10, 0xa3, 0x10, 0x82, 0x10,
    0x83, 0x10, 0xa2, 0x10, 0x82, 0x10, 0x83, 0x10, 0x83, 0x10, 0x82, 0x10,
    0xa2, 0x10, 0x82, 0x10, 0x82, 0x10, 0x82, 0x10, 0x62, 0x08, 0x41, 0x08,
    0x20, 0x08, 0x20, 0x00, 0x21, 0x08, 0x61, 0x08, 0x82, 0x10, 0xa2, 0x10,
    0xa3, 0x10, 0xaa, 0x19, 0x0e, 0x1a, 0x4a, 0x42, 0x34, 0xa5, 0x96, 0xb5,
    0x96, 0xb5, 0x55, 0xad, 0x97, 0xb5, 0x7d, 0xef, 0x9e, 0xf7, 0x7e, 0xf7,
    0x7e, 0xf7, 0x7e, 0xf7, 0x9e, 0xf7, 0x9e, 0xef, 0x9d, 0xf7, 0x9e, 0xf7,
    0x7e, 0xf7, 0x7e, 0xf7, 0x7e, 0xf7, 0x9e, 0xf7, 0x9e, 0xef, 0x7e, 0xf7,
    0x7e, 0xf7, 0x9d, 0xef, 0x9e, 0xf7, 0x7d, 0xef, 0x5d, 0xef, 0x9a, 0xd6,
    0x76, 0xad, 0x75, 0xad, 0xb7, 0xb5, 0xb7, 0xb5, 0x97, 0xad, 0x16, 0x9d,
    0x35, 0x6c, 0x53, 0x3b, 0xf2, 0x32, 0xb0, 0x2a, 0x4f, 0x1a, 0x6f, 0x2a,
    0x12, 0x7c, 0x53, 0x84, 0x50, 0x5b, 0x0b, 0x2a, 0x4c, 0x3a, 0xcd, 0x52,
    0x2e, 0x5b, 0x90, 0x6b, 0xf2, 0x73, 0x33, 0x7c, 0x13, 0x74, 0x52, 0x4b,
    0x90, 0x32, 0x2c, 0x2a, 0x0a, 0x32, 0xe9, 0x31, 0xc8, 0x31, 0xa7, 0x31,
    0xa7, 0x39, 0x29, 0x42, 0xec, 0x5a, 0x4e, 0x6b, 0x8e, 0x73, 0xaf, 0x73,
    0x34, 0xa5, 0x35, 0xad, 0x14, 0xa5, 0x34, 0xa5, 0x34, 0xa5, 0x35, 0xad,
    0x34, 0xa5, 0x14, 0xa5, 0x34, 0xa5, 0x34, 0xa5, 0x35, 0xad, 0x35, 0xad,
    0x14, 0xa5, 0x34, 0xa5, 0x35, 0xad, 0x15, 0xad, 0x35, 0xad, 0x34, 0xa5,
    0x14, 0xa5, 0x34, 0xa5, 0x34, 0xa5, 0x14, 0xa5, 0x34, 0xa5, 0x14, 0xa5,
    0x34, 0xa5, 0x34, 0xa5, 0x35, 0xad, 0x34, 0xa5, 0x14, 0xa5, 0x14, 0xa5,
    0x34, 0xa5, 0x35, 0xad, 0x34, 0xa5, 0x34, 0xa5, 0x35, 0xad, 0x14, 0xa5,
    0x35, 0xad, 0x34, 0xa5, 0x34, 0xa5, 0x14, 0xa5, 0x34, 0xa5, 0x34, 0xa5,
    0x35, 0xad, 0x34, 0xa5, 0x34, 0xa5, 0x55, 0xad, 0x8e, 0x73, 0x41, 0x08,
    0x41, 0x08, 0x41, 0x08, 0xa2, 0x10, 0x65, 0x29, 0x65, 0x29, 0x45, 0x31,
    0x45, 0x29, 0x66, 0x29, 0x04, 0x21, 0x21, 0x08, 0x41, 0x08, 0x41, 0x08,
    0x82, 0x10, 0x24, 0x21, 0x04, 0x21, 0x04, 0x21, 0x04, 0x21, 0x04, 0x21,
    0xe4, 0x20, 0xe4, 0x18, 0xe4, 0x18, 0xe3, 0x20, 0xe4, 0x20, 0xe4, 0x18,
    0xc3, 0x18, 0xc3, 0x18, 0xc3, 0x18, 0xc3, 0x18, 0xc3, 0x18, 0xc3, 0x18,
    0xa3, 0x18, 0xa3, 0x10, 0xc3, 0x10, 0xa3, 0x18, 0xa3, 0x10, 0xc3, 0x18,
    0xa3, 0x18, 0xa3, 0x10, 0xc3, 0x10, 0xa3, 0x18, 0xa3, 0x10, 0xa2, 0x18,
    0xa3, 0x18, 0xa3, 0x10, 0x82, 0x10, 0x82, 0x10, 0xa2, 0x10, 0x83, 0x10,
    0xa2, 0x18, 0x82, 0x10, 0xa3, 0x10, 0xa2, 0x18, 0x82, 0x10, 0xa2, 0x10,
    0x82, 0x10, 0x82, 0x10, 0x83, 0x10, 0x82, 0x10, 0x62, 0x10, 0x41, 0x08,
    0x21, 0x08, 0x21, 0x00, 0x41, 0x08, 0x62, 0x10, 0x82, 0x10, 0xa3, 0x18,
    0xa3, 0x10, 0x06, 0x19, 0x0d, 0x1a, 0xcb, 0x21, 0xcf, 0x7b, 0x96, 0xb5,
    0x96, 0xb5, 0x96, 0xb5, 0x35, 0xa5, 0xba, 0xd6, 0x9e, 0xf7, 0x7e, 0xf7,
    0x9e, 0xf7, 0x9e, 0xef, 0x7e, 0xef, 0x7d, 0xf7, 0x9e, 0xf7, 0x7e, 0xf7,
    0x9d, 0xef, 0x9d, 0xf7, 0x9e, 0xf7, 0x9e, 0xf7, 0x9d, 0xf7, 0x7e, 0xf7,
    0x7e, 0xf7, 0x7e, 0xf7, 0x7e, 0xf7, 0x5d, 0xef, 0xfb, 0xde, 0xb7, 0xbd,
    0x55, 0xad, 0x96, 0xb5, 0xb7, 0xb5, 0x97, 0xb5, 0x36, 0xa5, 0x95, 0x84,
    0x94, 0x4b, 0x13, 0x33, 0xb1, 0x2a, 0x6f, 0x22, 0x4f, 0x1a, 0x2e, 0x1a,
    0xcf, 0x3a, 0xb1, 0x6b, 0x32, 0x7c, 0x70, 0x63, 0x6f, 0x6b, 0xcd, 0x52,
    0xcd, 0x52, 0xee, 0x52, 0x8d, 0x3a, 0x6e, 0x32, 0xaf, 0x32, 0x4d, 0x2a,
    0x2c, 0x2a, 0x0b, 0x32, 0xe9, 0x31, 0xc8, 0x39, 0xa7, 0x31, 0x87, 0x31,
    0xe8, 0x41, 0xab, 0x5a, 0x6e, 0x6b, 0xaf, 0x73, 0xcf, 0x7b, 0x8e, 0x73,
    0x34, 0xa5, 0x14, 0xa5, 0x34, 0xa5, 0x35, 0xad, 0x34, 0xa5, 0x14, 0xa5,
    0x35, 0xad, 0x35, 0xad, 0x35, 0xad, 0x34, 0xa5, 0x14, 0xa5, 0x14, 0xa5,
    0x35, 0xad, 0x35, 0xad, 0x14, 0xa5, 0x34, 0xa5, 0x34, 0xa5, 0x14, 0xa5,
    0x34, 0xa5, 0x35, 0xad, 0x15, 0xad, 0x34, 0xa5, 0x35, 0xad, 0x34, 0xa5,
    0x35, 0xad, 0x34, 0xa5, 0x34, 0xa5, 0x35, 0xad, 0x35, 0xad, 0x35, 0xad,
    0x34, 0xa5, 0x34, 0xa5, 0x14, 0xa5, 0x15, 0xad, 0x34, 0xa5, 0x34, 0xa5,
    0x14, 0xa5, 0x35, 0xad, 0x35, 0xad, 0x35, 0xad, 0x15, 0xad, 0x35, 0xad,
    0x14, 0xa5, 0x15, 0xad, 0x35, 0xad, 0x35, 0xad, 0x72, 0x8c, 0xe3, 0x18,
    0x21, 0x08, 0x21, 0x00, 0x82, 0x08, 0x45, 0x29, 0x66, 0x29, 0x46, 0x29,
    0x45, 0x29, 0x45, 0x29, 0x25, 0x29, 0x41, 0x08, 0x21, 0x08, 0x41, 0x08,
    0x41, 0x08, 0x04, 0x21, 0x04, 0x21, 0x04, 0x21, 0x04, 0x21, 0x04, 0x21,
    0x04, 0x21, 0xe4, 0x18, 0xe4, 0x18, 0xe4, 0x20, 0xe4, 0x18, 0xe3, 0x18,
    0xc4, 0x18, 0xc4, 0x18, 0xc3, 0x18, 0xc3, 0x18, 0xc3, 0x18, 0xc3, 0x18,
    0xa3, 0x18, 0xc3, 0x10, 0xc3, 0x18, 0xa3, 0x18, 0xa3, 0x18, 0xa3, 0x10,
    0xa3, 0x18, 0xa3, 0x10, 0xa2, 0x18, 0xa3, 0x10, 0xa2, 0x10, 0xa2, 0x10,
    0xa3, 0x10, 0xa3, 0x10, 0x83, 0x10, 0xa2, 0x10, 0x83, 0x10, 0x82, 0x10,
    0xa2, 0x10, 0xa3, 0x10, 0x82, 0x10, 0x83, 0x10, 0x82, 0x10, 0x83, 0x10,
    0x83, 0x10, 0x82, 0x10, 0x82, 0x10, 0x83, 0x10, 0x82, 0x10, 0x62, 0x08,
    0x41, 0x08, 0x41, 0x08, 0x62, 0x08, 0x82, 0x10, 0xa3, 0x10, 0xa3, 0x10,
    0xa2, 0x18, 0xa3, 0x10, 0xaa, 0x19, 0x0d, 0x1a, 0x4a, 0x3a, 0x34, 0xa5,
    0x96, 0xb5, 0x96, 0xb5, 0x55, 0xad, 0x96, 0xb5, 0x7d, 0xef, 0x9e, 0xf7,
    0x7e, 0xf7, 0x9e, 0xf7, 0x7d, 0xf7, 0x9e, 0xf7, 0x7e, 0xf7, 0x7e, 0xef,
    0x7e, 0xf7, 0x9e, 0xf7, 0x7e, 0xef, 0x7d, 0xef, 0x7e, 0xf7, 0x9e, 0xf7,
    0x9d, 0xef, 0x9e, 0xf7, 0x7d, 0xef, 0x1c, 0xe7, 0x38, 0xc6, 0x55, 0xad,
    0x76, 0xb5, 0xb7, 0xb5, 0xb7, 0xb5, 0x77, 0xad, 0xd5, 0x8c, 0xd4, 0x5b,
    0x13, 0x33, 0xd1, 0x2a, 0x90, 0x22, 0x4f, 0x22, 0x4f, 0x1a, 0x2e, 0x1a,
    0xed, 0x11, 0xec, 0x19, 0x8d, 0x42, 0x4f, 0x63, 0x32, 0x7c, 0x32, 0x84,
    0x53, 0x84, 0x53, 0x7c, 0xf3, 0x6b, 0x52, 0x53, 0x6f, 0x2a, 0x2d, 0x2a,
    0x0b, 0x2a, 0xea, 0x31, 0xe8, 0x39, 0xa7, 0x31, 0xa7, 0x31, 0xc7, 0x39,
    0x8a, 0x52, 0x2d, 0x6b, 0x8e, 0x73, 0xaf, 0x7b, 0x8e, 0x73, 0x4d, 0x6b,
    0x34, 0xa5, 0x35, 0xad, 0x35, 0xad, 0x34, 0xa5, 0x15, 0xad, 0x34, 0xa5,
    0x34, 0xa5, 0x34, 0xa5, 0x14, 0xa5, 0x35, 0xad, 0x35, 0xad, 0x34, 0xa5,
    0x34, 0xa5, 0x34, 0xa5, 0x34, 0xa5, 0x34, 0xa5, 0x35, 0xad, 0x35, 0xad,
    0x15, 0xad, 0x34, 0xa5, 0x34, 0xa5, 0x35, 0xad, 0x34, 0xa5, 0x14, 0xa5,
    0x35, 0xad, 0x35, 0xad, 0x14, 0xa5, 0x14, 0xa5, 0x34, 0xa5, 0x34, 0xa5,
    0x35, 0xad, 0x34, 0xa5, 0x35, 0xad, 0x34, 0xa5, 0x15, 0xad, 0x35, 0xad,
    0x34, 0xa5, 0x14, 0xa5, 0x35, 0xad, 0x34, 0xa5, 0x34, 0xa5, 0x34, 0xa5,
    0x34, 0xa5, 0x34, 0xa5, 0x34, 0xa5, 0x35, 0xad, 0x14, 0xa5, 0xa6, 0x31,
    0x21, 0x08, 0x21, 0x08, 0x41, 0x08, 0x24, 0x21, 0x65, 0x29, 0x45, 0x29,
    0x45, 0x29, 0x45, 0x29, 0x45, 0x29, 0x82, 0x10, 0x21, 0x00, 0x41, 0x08,
    0x41, 0x08, 0xc3, 0x18, 0x05, 0x21, 0x04, 0x21, 0x04, 0x21, 0x04, 0x21,
    0xe4, 0x18, 0xe4, 0x20, 0xe4, 0x20, 0xe3, 0x18, 0xe3, 0x18, 0xc3, 0x18,
    0xe3, 0x18, 0xc3, 0x18, 0xc3, 0x18, 0xc3, 0x18, 0xc3, 0x18, 0xa3, 0x18,
    0xc3, 0x10, 0xc3, 0x18, 0xa3, 0x18, 0xa3, 0x18, 0xa3, 0x10, 0xa3, 0x18,
    0xa2, 0x10, 0xc3, 0x10, 0xa3, 0x10, 0xa3, 0x18, 0xa3, 0x18, 0xa2, 0x10,
    0x83, 0x10, 0xa2, 0x10, 0x82, 0x18, 0xa3, 0x10, 0xa3, 0x10, 0x83, 0x10,
    0xa2, 0x10, 0x83, 0x10, 0x82, 0x10, 0x82, 0x10, 0x83, 0x10, 0xa2, 0x10,
    0x82, 0x10, 0x83, 0x10, 0x82, 0x10, 0x82, 0x10, 0x82, 0x10, 0x62, 0x08,
    0x41, 0x08, 0x41, 0x08, 0x82, 0x10, 0xa2, 0x10, 0xa3, 0x10, 0xa3, 0x18,
    0xa2, 0x10, 0xa2, 0x18, 0x06, 0x19, 0x0d, 0x1a, 0xcb, 0x21, 0xcf, 0x7b,
    0xb6, 0xb5, 0x96, 0xb5, 0x96, 0xb5, 0x35, 0xa5, 0x9a, 0xd6, 0x9e, 0xf7,
    0x7e, 0xf7, 0x7e, 0xf7, 0x9e, 0xf7, 0x9d, 0xf7, 0x7e, 0xef, 0x9e, 0xf7,
    0x9d, 0xf7, 0x7e, 0xf7, 0x7e, 0xf7, 0x9d, 0xf7, 0x7e, 0xf7, 0x7e, 0xef,
    0x9e, 0xf7, 0x7d, 0xef, 0x3d, 0xef, 0x9a, 0xd6, 0x55, 0xad, 0x76, 0xad,
    0xb6, 0xb5, 0xb7, 0xb5, 0x77, 0xad, 0x16, 0x9d, 0x35, 0x6c, 0x33, 0x3b,
    0xd2, 0x32, 0x90, 0x2a, 0x4f, 0x22, 0x2e, 0x1a, 0x2e, 0x1a, 0x2e, 0x22,
    0x6e, 0x3a, 0x8d, 0x42, 0xcd, 0x52, 0x8c, 0x4a, 0x4b, 0x42, 0xac, 0x4a,
    0x8d, 0x42, 0xaf, 0x3a, 0xcf, 0x3a, 0xaf, 0x3a, 0x4e, 0x2a, 0x0c, 0x2a,
    0xea, 0x31, 0xe9, 0x31, 0xc8, 0x39, 0xa7, 0x31, 0xa7, 0x39, 0x6a, 0x4a,
    0xec, 0x62, 0x4d, 0x6b, 0x8e, 0x73, 0xaf, 0x73, 0x6e, 0x6b, 0x2d, 0x63,
    0x34, 0xa5, 0x15, 0xad, 0x34, 0xa5, 0x34, 0xa5, 0x14, 0xa5, 0x35, 0xad,
    0x35, 0xad, 0x14, 0xa5, 0x34, 0xa5, 0x34, 0xa5, 0x14, 0xa5, 0x35, 0xad,
    0x34, 0xa5, 0x34, 0xa5, 0x15, 0xad, 0x35, 0xad, 0x34, 0xa5, 0x34, 0xa5,
    0x34, 0xa5, 0x34, 0xa5, 0x34, 0xa5, 0x14, 0xa5, 0x35, 0xad, 0x15, 0xad,
    0x14, 0xa5, 0x34, 0xa5, 0x35, 0xad, 0x35, 0xad, 0x34, 0xa5, 0x14, 0xa5,
    0x34, 0xa5, 0x15, 0xad, 0x34, 0xa5, 0x35, 0xad, 0x34, 0xa5, 0x34, 0xa5,
    0x35, 0xad, 0x34, 0xa5, 0x34, 0xa5, 0x14, 0xa5, 0x34, 0xa5, 0x35, 0xad,
    0x15, 0xad, 0x34, 0xa5, 0x35, 0xad, 0x15, 0xad, 0x55, 0xad, 0xcb, 0x5a,
    0x21, 0x08, 0x41, 0x08, 0x21, 0x08, 0xc3, 0x18, 0x45, 0x29, 0x45, 0x29,
    0x45, 0x29, 0x45, 0x29, 0x45, 0x29, 0xe4, 0x18, 0x21, 0x08, 0x41, 0x08,
    0x41, 0x08, 0x82, 0x10, 0x04, 0x21, 0x04, 0x21, 0x04, 0x21, 0xe4, 0x20,
    0xe4, 0x18, 0xe4, 0x18, 0xe3, 0x20, 0xe4, 0x18, 0xe3, 0x18, 0xc4, 0x18,
    0xc3, 0x18, 0xc3, 0x18, 0xc4, 0x18, 0xc3, 0x18, 0xc3, 0x18, 0xc3, 0x18,
    0xa3, 0x18, 0xa3, 0x10, 0xa3, 0x18, 0xa3, 0x10, 0xc3, 0x10, 0xc3, 0x18,
    0xa3, 0x18, 0xa2, 0x10, 0xa3, 0x18, 0xa3, 0x10, 0xa2, 0x10, 0xa3, 0x18,
    0xa3, 0x18, 0x82, 0x10, 0x82, 0x18, 0xa3, 0x10, 0x82, 0x10, 0xa2, 0x10,
    0xa3, 0x18, 0x82, 0x10, 0x83, 0x10, 0x82, 0x18, 0xa2, 0x10, 0x82, 0x10,
    0x82, 0x10, 0xa2, 0x10, 0x82, 0x10, 0x82, 0x10, 0x82, 0x10, 0x82, 0x10,
    0x62, 0x08, 0x62, 0x10, 0xa2, 0x10, 0xa3, 0x10, 0xa3, 0x18, 0xa3, 0x18,
    0xa3, 0x10, 0xa3, 0x18, 0xc3, 0x18, 0xaa, 0x19, 0x0d, 0x1a, 0x4a, 0x42,
    0x35, 0xad, 0x96, 0xb5, 0x96, 0xb5, 0x55, 0xad, 0x96, 0xb5, 0x5d, 0xef,
    0x9e, 0xf7, 0x9e, 0xf7, 0x7e, 0xef, 0x7e, 0xf7, 0x9e, 0xf7, 0x9d, 0xf7,
    0x9e, 0xf7, 0x7e, 0xf7, 0x9e, 0xef, 0x9e, 0xf7, 0x9e, 0xf7, 0x9d, 0xf7,
    0x7e, 0xf7, 0x5d, 0xef, 0xfb, 0xde, 0xb7, 0xb5, 0x55, 0xad, 0x96, 0xb5,
    0xb7, 0xbd, 0xb7, 0xb5, 0x36, 0xa5, 0x95, 0x84, 0x94, 0x53, 0x14, 0x6c,
    0x93, 0x53, 0xb0, 0x2a, 0x4f, 0x1a, 0x2e, 0x1a, 0x2e, 0x1a, 0xed, 0x19,
    0x6d, 0x3a, 0x50, 0x5b, 0x53, 0x84, 0x52, 0x84, 0x32, 0x7c, 0x53, 0x84,
    0xf2, 0x6b, 0x31, 0x53, 0x90, 0x2a, 0x2d, 0x22, 0x2c, 0x2a, 0x0a, 0x32,
    0xe9, 0x31, 0xc8, 0x39, 0xa7, 0x31, 0x87, 0x31, 0x29, 0x42, 0xec, 0x5a,
    0x6e, 0x6b, 0x8f, 0x73, 0xaf, 0x73, 0x6e, 0x73, 0x0c, 0x63, 0xcb, 0x5a,
    0x34, 0xa5, 0x34, 0xa5, 0x14, 0xa5, 0x35, 0xad, 0x34, 0xa5, 0x34, 0xa5,
    0x15, 0xad, 0x34, 0xa5, 0x35, 0xad, 0x35, 0xad, 0x14, 0xa5, 0x34, 0xa5,
    0x35, 0xad, 0x15, 0xad, 0x34, 0xa5, 0x34, 0xa5, 0x15, 0xad, 0x14, 0xa5,
    0x34, 0xa5, 0x35, 0xad, 0x15, 0xad, 0x35, 0xad, 0x34, 0xa5, 0x34, 0xa5,
    0x34, 0xa5, 0x14, 0xa5, 0x34, 0xa5, 0x34, 0xa5, 0x35, 0xad, 0x35, 0xad,
    0x35, 0xad, 0x34, 0xa5, 0x14, 0xa5, 0x34, 0xa5, 0x34, 0xa5, 0x34, 0xa5,
    0x14, 0xa5, 0x35, 0xad, 0x34, 0xa5, 0x35, 0xad, 0x15, 0xad, 0x34, 0xa5,
    0x14, 0xa5, 0x35, 0xad, 0x14, 0xa5, 0x34, 0xa5, 0x55, 0xad, 0xef, 0x7b,
    0x82, 0x10, 0x21, 0x08, 0x41, 0x08, 0x82, 0x10, 0x45, 0x29, 0x45, 0x29,
    0x45, 0x29, 0x45, 0x29, 0x25, 0x29, 0x24, 0x21, 0x41, 0x08, 0x21, 0x08,
    0x41, 0x08, 0x61, 0x08, 0x04, 0x21, 0x04, 0x21, 0x04, 0x21, 0xe4, 0x20,
    0xe4, 0x20, 0xe4, 0x18, 0xe3, 0x18, 0xe4, 0x20, 0xe4, 0x18, 0xc3, 0x18,
    0xc4, 0x20, 0xc3, 0x18, 0xc3, 0x18, 0xc3, 0x18, 0xc3, 0x18, 0xc3, 0x18,
    0xa3, 0x10, 0xc3, 0x18, 0xa3, 0x18, 0xa3, 0x10, 0xa3, 0x18, 0xa3, 0x18,
    0xa3, 0x10, 0xa3, 0x18, 0xa2, 0x18, 0xa3, 0x10, 0xa2, 0x10, 0xa3, 0x10,
    0xa3, 0x10, 0x82, 0x10, 0xa3, 0x10, 0xa3, 0x10, 0x82, 0x10, 0x82, 0x10,
    0xa3, 0x10, 0x82, 0x10, 0x82, 0x10, 0xa3, 0x10, 0x82, 0x10, 0x82, 0x10,
    0x83, 0x10, 0x82, 0x10, 0x82, 0x10, 0x83, 0x10, 0x83, 0x10, 0x82, 0x10,
    0x82, 0x10, 0x82, 0x10, 0xa3, 0x10, 0xa3, 0x10, 0xc3, 0x18, 0xc3, 0x18,
    0xa3, 0x10, 0xa3, 0x10, 0xa2, 0x10, 0x06, 0x19, 0x0d, 0x1a, 0xcb, 0x19,
    0xcf, 0x7b, 0xb6, 0xb5, 0x96, 0xb5, 0x96, 0xb5, 0x35, 0xa5, 0x9a, 0xd6,
    0x9e, 0xf7, 0x7e, 0xf7, 0x9e, 0xf7, 0x9e, 0xef, 0x7d, 0xf7, 0x7e, 0xf7,
    0x7e, 0xef, 0x9e, 0xef, 0x7d, 0xf7, 0x7e, 0xf7, 0x7e, 0xef, 0x9e, 0xf7,
    0x7d, 0xef, 0x1c, 0xe7, 0x18, 0xc6, 0x55, 0xad, 0x96, 0xad, 0xb7, 0xb5,
    0xb7, 0xb5, 0x56, 0xa5, 0xd6, 0x8c, 0xd4, 0x5b, 0x73, 0x4b, 0x34, 0x74,
    0x94, 0x8c, 0xb2, 0x63, 0x4e, 0x1a, 0x2e, 0x1a, 0x2d, 0x22, 0x4d, 0x32,
    0x6c, 0x42, 0x8c, 0x42, 0x6c, 0x42, 0xcd, 0x52, 0x0e, 0x5b, 0x30, 0x53,
    0xb2, 0x63, 0x91, 0x5b, 0x8f, 0x32, 0x2d, 0x2a, 0x0b, 0x32, 0xe9, 0x31,
    0xe8, 0x39, 0xa7, 0x31, 0xa7, 0x31, 0x08, 0x42, 0xab, 0x5a, 0x4d, 0x6b,
    0xaf, 0x73, 0xf0, 0x7b, 0xaf, 0x7b, 0x4e, 0x6b, 0xec, 0x5a, 0xaa, 0x5a,
    0x34, 0xa5, 0x15, 0xad, 0x35, 0xad, 0x34, 0xa5, 0x35, 0xad, 0x34, 0xa5,
    0x14, 0xa5, 0x34, 0xa5, 0x35, 0xad, 0x34, 0xa5, 0x35, 0xad, 0x34, 0xa5,
    0x34, 0xa5, 0x15, 0xad, 0x34, 0xa5, 0x34, 0xa5, 0x34, 0xa5, 0x35, 0xad,
    0x35, 0xad, 0x14, 0xa5, 0x34, 0xa5, 0x34, 0xa5, 0x34, 0xa5, 0x34, 0xa5,
    0x35, 0xad, 0x35, 0xad, 0x35, 0xad, 0x14, 0xa5, 0x14, 0xa5, 0x34, 0xa5,
    0x14, 0xa5, 0x34, 0xa5, 0x35, 0xad, 0x35, 0xad, 0x14, 0xa5, 0x15, 0xad,
    0x35, 0xad, 0x14, 0xa5, 0x35, 0xad, 0x34, 0xa5, 0x34, 0xa5, 0x34, 0xa5,
    0x34, 0xa5, 0x34, 0xa5, 0x34, 0xa5, 0x34, 0xa5, 0x35, 0xad, 0xd3, 0x9c,
    0x25, 0x21, 0x20, 0x00, 0x21, 0x08, 0x41, 0x08, 0x24, 0x21, 0x45, 0x29,
    0x45, 0x29, 0x45, 0x29, 0x45, 0x21, 0x25, 0x21, 0x62, 0x10, 0x21, 0x00,
    0x41, 0x08, 0x41, 0x08, 0xc3, 0x18, 0x04, 0x21, 0xe4, 0x20, 0x04, 0x19,
    0xe4, 0x18, 0x04, 0x21, 0xe4, 0x18, 0xe3, 0x18, 0xc3, 0x18, 0xc3, 0x18,
    0xc3, 0x18, 0xc3, 0x18, 0xc3, 0x18, 0xc3, 0x18, 0xc3, 0x18, 0xa3, 0x10,
    0xc3, 0x10, 0xa3, 0x18, 0xa3, 0x10, 0xa3, 0x18, 0xc3, 0x18, 0xa3, 0x10,
    0xc2, 0x10, 0xa3, 0x18, 0xa3, 0x10, 0xa2, 0x10, 0xa3, 0x18, 0xa3, 0x10,
    0x82, 0x10, 0xa2, 0x10, 0x83, 0x10, 0xa3, 0x18, 0x82, 0x10, 0xa3, 0x10,
    0x83, 0x10, 0xa2, 0x10, 0x82, 0x10, 0x83, 0x10, 0xa2, 0x10, 0x82, 0x10,
    0x82, 0x10, 0x83, 0x10, 0x82, 0x10, 0x82, 0x10, 0x82, 0x10, 0x82, 0x10,
    0x82, 0x10, 0x83, 0x10, 0xa3, 0x10, 0xc3, 0x18, 0xc3, 0x18, 0xa3, 0x10,
    0xc3, 0x18, 0xc3, 0x18, 0xa3, 0x10, 0xc3, 0x18, 0xaa, 0x19, 0x0d, 0x1a,
    0x4a, 0x42, 0x35, 0xa5, 0x96, 0xb5, 0x96, 0xb5, 0x75, 0xad, 0x96, 0xb5,
    0x5d, 0xef, 0x9e, 0xf7, 0x7e, 0xf7, 0x7d, 0xf7, 0x7e, 0xef, 0x9e, 0xf7,
    0x7e, 0xf7, 0x7d, 0xf7, 0x9e, 0xf7, 0x9d, 0xf7, 0x7e, 0xef, 0x7d, 0xf7,
    0x5d, 0xef, 0x9a, 0xd6, 0x75, 0xad, 0x76, 0xad, 0x97, 0xb5, 0xb7, 0xb5,
    0x97, 0xad, 0x16, 0x9d, 0x15, 0x64, 0x33, 0x3b, 0x11, 0x43, 0xd2, 0x6b,
    0x73, 0x8c, 0x13, 0x74, 0x6f, 0x2a, 0xed, 0x11, 0x0d, 0x2a, 0x0f, 0x53,
    0x12, 0x7c, 0x53, 0x84, 0xf1, 0x73, 0xd1, 0x73, 0xf2, 0x73, 0x71, 0x53,
    0x90, 0x2a, 0x6e, 0x2a, 0x2d, 0x2a, 0x0b, 0x2a, 0xea, 0x31, 0xe9, 0x31,
    0xa7, 0x39, 0x87, 0x31, 0xc7, 0x39, 0x8b, 0x52, 0x2d, 0x6b, 0x8e, 0x73,
    0xcf, 0x7b, 0xcf, 0x7b, 0x8e, 0x73, 0x2d, 0x6b, 0xcb, 0x5a, 0x69, 0x4a,
    0x34, 0xa5, 0x35, 0xad, 0x34, 0xa5, 0x34, 0xa5, 0x14, 0xa5, 0x35, 0xad,
    0x35, 0xad, 0x34, 0xa5, 0x34, 0xa5, 0x14, 0xa5, 0x34, 0xa5, 0x15, 0xad,
    0x34, 0xa5, 0x34, 0xa5, 0x35, 0xad, 0x35, 0xad, 0x14, 0xa5, 0x34, 0xa5,
    0x35, 0xad, 0x34, 0xa5, 0x34, 0xa5, 0x34, 0xa5, 0x15, 0xad, 0x15, 0xad,
    0x34, 0xa5, 0x34, 0xa5, 0x34, 0xa5, 0x35, 0xad, 0x34, 0xa5, 0x34, 0xa5,
    0x35, 0xad, 0x34, 0xa5, 0x34, 0xa5, 0x35, 0xad, 0x35, 0xad, 0x34, 0xa5,
    0x34, 0xa5, 0x34, 0xa5, 0x34, 0xa5, 0x14, 0xa5, 0x35, 0xad, 0x35, 0xad,
    0x15, 0xad, 0x35, 0xad, 0x35, 0xad, 0x15, 0xad, 0x35, 0xad, 0x35, 0xad,
    0x28, 0x42, 0x21, 0x00, 0x21, 0x08, 0x41, 0x08, 0xe3, 0x18, 0x45, 0x29,
    0x45, 0x29, 0x25, 0x29, 0x25, 0x29, 0x25, 0x29, 0xc3, 0x18, 0x20, 0x00,
    0x41, 0x08, 0x41, 0x08, 0x82, 0x10, 0x04, 0x21, 0x04, 0x21, 0xe4, 0x18,
    0xe4, 0x18, 0xe3, 0x20, 0xe3, 0x20, 0xe4, 0x18, 0xc3, 0x18, 0xc4, 0x18,
    0xe3, 0x18, 0xc3, 0x18, 0xc3, 0x18, 0xc4, 0x18, 0xa3, 0x18, 0xa3, 0x18,
    0xc3, 0x18, 0xa3, 0x18, 0xa3, 0x10, 0xc3, 0x10, 0xa3, 0x18, 0xa3, 0x18,
    0xa2, 0x10, 0xa3, 0x10, 0xa3, 0x10, 0xa2, 0x10, 0xa3, 0x18, 0xa2, 0x10,
    0x82, 0x18, 0x82, 0x10, 0xa2, 0x10, 0x82, 0x10, 0xa3, 0x10, 0x82, 0x18,
    0xa2, 0x10, 0x82, 0x10, 0x83, 0x18, 0x82, 0x10, 0x82, 0x10, 0x82, 0x10,
    0x82, 0x10, 0x82, 0x10, 0x83, 0x10, 0x82, 0x10, 0x82, 0x10, 0x82, 0x10,
    0x83, 0x10, 0xa3, 0x10, 0xa3, 0x18, 0xa3, 0x18, 0xa3, 0x18, 0xa3, 0x18,
    0xa3, 0x10, 0xc3, 0x18, 0xa3, 0x18, 0xa3, 0x18, 0x26, 0x19, 0x0e, 0x1a,
    0xeb, 0x21, 0xcf, 0x7b, 0xb6, 0xb5, 0x96, 0xb5, 0x96, 0xb5, 0x35, 0xa5,
    0x9a, 0xd6, 0x9e, 0xf7, 0x7e, 0xf7, 0x9e, 0xf7, 0x9e, 0xf7, 0x9e, 0xef,
    0x9e, 0xf7, 0x9e, 0xf7, 0x9e, 0xf7, 0x7e, 0xf7, 0x9e, 0xf7, 0x5d, 0xef,
    0xdb, 0xde, 0xb6, 0xb5, 0x55, 0xad, 0x96, 0xb5, 0xb7, 0xb5, 0x97, 0xb5,
    0x36, 0xa5, 0x75, 0x7c, 0x74, 0x43, 0x12, 0x33, 0xd1, 0x3a, 0xf0, 0x4a,
    0x10, 0x53, 0x71, 0x5b, 0x6f, 0x32, 0x2d, 0x2a, 0x0b, 0x2a, 0x2b, 0x3a,
    0x8c, 0x42, 0xcd, 0x52, 0x6f, 0x63, 0xb1, 0x6b, 0x13, 0x74, 0xf2, 0x73,
    0x10, 0x43, 0x8f, 0x32, 0x0c, 0x2a, 0x0a, 0x32, 0xe9, 0x31, 0xc8, 0x39,
    0xa7, 0x31, 0x87, 0x31, 0x29, 0x4a, 0x0c, 0x63, 0x6e, 0x6b, 0xcf, 0x7b,
    0xf0, 0x7b, 0x8f, 0x73, 0x2d, 0x6b, 0xeb, 0x62, 0x69, 0x52, 0x07, 0x42,
    0x34, 0xa5, 0x14, 0xa5, 0x34, 0xa5, 0x35, 0xad, 0x14, 0xa5, 0x34, 0xa5,
    0x34, 0xa5, 0x35, 0xad, 0x15, 0xad, 0x34, 0xa5, 0x34, 0xa5, 0x34, 0xa5,
    0x15, 0xad, 0x34, 0xa5, 0x34, 0xa5, 0x34, 0xa5, 0x15, 0xad, 0x34, 0xa5,
    0x34, 0xa5, 0x15, 0xad, 0x35, 0xad, 0x35, 0xad, 0x34, 0xa5, 0x34, 0xa5,
    0x35, 0xad, 0x14, 0xa5, 0x14, 0xa5, 0x34, 0xa5, 0x35, 0xad, 0x35, 0xad,
    0x34, 0xa5, 0x35, 0xad, 0x14, 0xa5, 0x14, 0xa5, 0x34, 0xa5, 0x34, 0xa5,
    0x35, 0xad, 0x34, 0xa5, 0x15, 0xad, 0x35, 0xad, 0x14, 0xa5, 0x34, 0xa5,
    0x34, 0xa5, 0x34, 0xa5, 0x14, 0xa5, 0x34, 0xa5, 0x34, 0xa5, 0x55, 0xad,
    0x4d, 0x6b, 0x41, 0x08, 0x21, 0x08, 0x41, 0x08, 0xa2, 0x10, 0x45, 0x29,
    0x45, 0x29, 0x25, 0x29, 0x25, 0x21, 0x25, 0x29, 0x04, 0x21, 0x21, 0x08,
    0x21, 0x08, 0x41, 0x08, 0x61, 0x08, 0xe4, 0x20, 0xe4, 0x20, 0xe4, 0x18,
    0xe4, 0x20, 0xe3, 0x18, 0xe3, 0x18, 0xc4, 0x18, 0xc3, 0x18, 0xc3, 0x18,
    0xc4, 0x18, 0xc3, 0x18, 0xc3, 0x18, 0xc3, 0x18, 0xa3, 0x10, 0xc3, 0x10,
    0xa3, 0x18, 0xa3, 0x18, 0xc3, 0x18, 0xa3, 0x18, 0xa2, 0x10, 0xa3, 0x10,
    0xa3, 0x18, 0xa3, 0x10, 0xa3, 0x18, 0xa3, 0x10, 0xa2, 0x10, 0x83, 0x10,
    0x83, 0x10, 0xa3, 0x10, 0xa3, 0x10, 0x82, 0x10, 0x82, 0x10, 0x82, 0x10,
    0x82, 0x10, 0x82, 0x10, 0x83, 0x10, 0xa3, 0x10, 0x82, 0x10, 0x83, 0x10,
    0x83, 0x10, 0x82, 0x10, 0x82, 0x10, 0x83, 0x10, 0x82, 0x10, 0x82, 0x10,
    0xa3, 0x10, 0xc3, 0x10, 0xc3, 0x18, 0xc3, 0x10, 0xc3, 0x10, 0xc3, 0x10,
    0xc3, 0x18, 0xa3, 0x18, 0xc3, 0x10, 0xc3, 0x10, 0xc3, 0x18, 0xaa, 0x19,
    0x0e, 0x1a, 0x8b, 0x4a, 0x55, 0xad, 0x96, 0xb5, 0x96, 0xb5, 0x75, 0xad,
    0x76, 0xb5, 0x5d, 0xef, 0x9e, 0xf7, 0x7e, 0xf7, 0x9d, 0xf7, 0x7e, 0xf7,
    0x7d, 0xf7, 0x7d, 0xef, 0x7e, 0xef, 0x7e, 0xf7, 0x7d, 0xef, 0x1c, 0xe7,
    0x18, 0xc6, 0x55, 0xad, 0x76, 0xb5, 0xb7, 0xb5, 0xb7, 0xb5, 0x56, 0xa5,
    0xb5, 0x8c, 0xb4, 0x53, 0x13, 0x3b, 0xd1, 0x2a, 0x6f, 0x22, 0x8f, 0x32,
    0x8e, 0x3a, 0x2d, 0x22, 0x0d, 0x1a, 0xef, 0x4a, 0x91, 0x63, 0x12, 0x7c,
    0x8f, 0x6b, 0x4f, 0x63, 0x2f, 0x5b, 0xef, 0x4a, 0x6f, 0x32, 0x6e, 0x2a,
    0x4d, 0x2a, 0x2c, 0x2a, 0x0b, 0x32, 0xe9, 0x31, 0xc8, 0x39, 0xa7, 0x31,
    0xa7, 0x31, 0x08, 0x42, 0xab, 0x5a, 0x4d, 0x6b, 0x8e, 0x73, 0xcf, 0x7b,
    0xae, 0x73, 0x6e, 0x73, 0x0c, 0x6b, 0xcb, 0x5a, 0x29, 0x42, 0xa7, 0x39,
    0x34, 0xa5, 0x35, 0xad, 0x15, 0xad, 0x34, 0xa5, 0x35, 0xad, 0x34, 0xa5,
    0x15, 0xad, 0x14, 0xa5, 0x34, 0xa5, 0x35, 0xad, 0x35, 0xad, 0x35, 0xad,
    0x34, 0xa5, 0x15, 0xad, 0x14, 0xa5, 0x34, 0xa5, 0x34, 0xa5, 0x35, 0xad,
    0x35, 0xad, 0x14, 0xa5, 0x34, 0xa5, 0x34, 0xa5, 0x14, 0xa5, 0x35, 0xad,
    0x34, 0xa5, 0x35, 0xad, 0x35, 0xad, 0x15, 0xad, 0x34, 0xa5, 0x14, 0xa5,
    0x15, 0xad, 0x34, 0xa5, 0x35, 0xad, 0x34, 0xa5, 0x14, 0xa5, 0x35, 0xad,
    0x34, 0xa5, 0x15, 0xad, 0x34, 0xa5, 0x34, 0xa5, 0x34, 0xa5, 0x34, 0xa5,
    0x35, 0xad, 0x14, 0xa5, 0x34, 0xa5, 0x34, 0xa5, 0x35, 0xad, 0x35, 0xad,
    0x51, 0x8c, 0xa2, 0x10, 0x21, 0x08, 0x21, 0x00, 0x61, 0x08, 0x25, 0x21,
    0x45, 0x29, 0x25, 0x29, 0x24, 0x21, 0x24, 0x21, 0x24, 0x21, 0x62, 0x10,
    0x21, 0x00, 0x41, 0x08, 0x41, 0x08, 0xc3, 0x18, 0x04, 0x21, 0xe4, 0x18,
    0xe4, 0x20, 0xe4, 0x18, 0xe4, 0x18, 0xe3, 0x18, 0xc3, 0x18, 0xc4, 0x18,
    0xc3, 0x18, 0xc3, 0x18, 0xc3, 0x18, 0xc3, 0x18, 0xa3, 0x18, 0xa3, 0x10,
    0xa3, 0x18, 0xa3, 0x10, 0xa3, 0x10, 0xa3, 0x18, 0xa3, 0x10, 0xa2, 0x18,
    0xa3, 0x10, 0xa3, 0x18, 0xa2, 0x10, 0xa2, 0x18, 0xa3, 0x10, 0x82, 0x10,
    0xa3, 0x10, 0xa2, 0x10, 0x82, 0x18, 0x83, 0x10, 0x82, 0x10, 0x83, 0x10,
    0x83, 0x10, 0x83, 0x10, 0x82, 0x10, 0xa2, 0x10, 0x82, 0x10, 0x82, 0x10,
    0x82, 0x10, 0x82, 0x10, 0x82, 0x10, 0x82, 0x10, 0x82, 0x10, 0xa3, 0x10,
    0xc3, 0x18, 0xc3, 0x18, 0xc3, 0x18, 0xc3, 0x18, 0xc3, 0x18, 0xc3, 0x18,
    0xa3, 0x18, 0xa3, 0x10, 0xa3, 0x18, 0xa3, 0x18, 0xa3, 0x18, 0x06, 0x11,
    0x0d, 0x1a, 0x0c, 0x2a, 0x10, 0x84, 0x96, 0xb5, 0x96, 0xb5, 0x96, 0xb5,
    0x35, 0xa5, 0x7a, 0xd6, 0x9e, 0xf7, 0x7e, 0xf7, 0x7e, 0xef, 0x9e, 0xf7,
    0x7e, 0xf7, 0x9e, 0xf7, 0x9e, 0xf7, 0x7d, 0xef, 0x3d, 0xef, 0x9a, 0xd6,
    0x55, 0xad, 0x75, 0xad, 0xb7, 0xb5, 0xb7, 0xb5, 0x77, 0xad, 0xf6, 0x94,
    0x15, 0x64, 0x33, 0x3b, 0xf2, 0x32, 0x90, 0x22, 0x4f, 0x1a, 0x2e, 0x1a,
    0x2e, 0x1a, 0x2e, 0x22, 0xec, 0x19, 0x0b, 0x32, 0xad, 0x4a, 0x6f, 0x63,
    0xf1, 0x7b, 0x12, 0x7c, 0x33, 0x7c, 0x13, 0x7c, 0x92, 0x5b, 0xb0, 0x2a,
    0x2d, 0x2a, 0x0b, 0x32, 0x0a, 0x32, 0xc8, 0x31, 0xa7, 0x39, 0xa7, 0x31,
    0xe8, 0x41, 0xab, 0x52, 0x2d, 0x63, 0x8e, 0x73, 0xcf, 0x7b, 0xaf, 0x73,
    0x4d, 0x6b, 0xeb, 0x62, 0x89, 0x52, 0x49, 0x52, 0x68, 0x52, 0x89, 0x52,
    0x34, 0xa5, 0x15, 0xad, 0x34, 0xa5, 0x34, 0xa5, 0x34, 0xa5, 0x35, 0xad,
    0x34, 0xa5, 0x34, 0xa5, 0x34, 0xa5, 0x34, 0xa5, 0x15, 0xad, 0x14, 0xa5,
    0x34, 0xa5, 0x34, 0xa5, 0x35, 0xad, 0x35, 0xad, 0x35, 0xad, 0x34, 0xa5,
    0x14, 0xa5, 0x34, 0xa5, 0x34, 0xa5, 0x14, 0xa5, 0x35, 0xad, 0x34, 0xa5,
    0x14, 0xa5, 0x34, 0xa5, 0x34, 0xa5, 0x34, 0xa5, 0x34, 0xa5, 0x34, 0xa5,
    0x34, 0xa5, 0x34, 0xa5, 0x34, 0xa5, 0x35, 0xad, 0x35, 0xad, 0x14, 0xa5,
    0x34, 0xa5, 0x34, 0xa5, 0x35, 0xad, 0x34, 0xa5, 0x35, 0xad, 0x35, 0xad,
    0x14, 0xa5, 0x35, 0xad, 0x35, 0xad, 0x35, 0xad, 0x34, 0xa5, 0x35, 0xad,
    0xf3, 0x9c, 0x66, 0x31, 0x21, 0x00, 0x21, 0x08, 0x41, 0x08, 0xe4, 0x20,
    0x45, 0x29, 0x45, 0x29, 0x25, 0x21, 0x24, 0x21, 0x25, 0x21, 0xa2, 0x10,
    0x21, 0x08, 0x41, 0x08, 0x41, 0x08, 0xa2, 0x10, 0xe4, 0x20, 0xe4, 0x20,
    0xe3, 0x18, 0xe3, 0x20, 0xc3, 0x18, 0xc4, 0x18, 0xc3, 0x18, 0xe3, 0x18,
    0xc3, 0x18, 0xc3, 0x18, 0xc3, 0x18, 0xc3, 0x18, 0xa3, 0x18, 0xc3, 0x18,
    0xa3, 0x18, 0xc3, 0x18, 0xa3, 0x10, 0xa3, 0x10, 0xc3, 0x18, 0xa3, 0x18,
    0xa3, 0x18, 0xa2, 0x10, 0xa2, 0x10, 0xa3, 0x10, 0xa3, 0x18, 0x82, 0x10,
    0xa2, 0x10, 0xa2, 0x10, 0x82, 0x10, 0xa2, 0x10, 0x83, 0x10, 0xa2, 0x18,
    0xa2, 0x10, 0x82, 0x10, 0xa2, 0x10, 0x82, 0x10, 0x82, 0x10, 0x82, 0x10,
    0x82, 0x10, 0x82, 0x10, 0x83, 0x10, 0x82, 0x10, 0x83, 0x10, 0xa3, 0x18,
    0xc3, 0x18, 0xc3, 0x18, 0xc3, 0x18, 0xc3, 0x10, 0xc3, 0x18, 0xc3, 0x18,
    0xc3, 0x10, 0xc3, 0x18, 0xc3, 0x10, 0xc3, 0x18, 0xc3, 0x10, 0xc3, 0x18,
    0xab, 0x19, 0x0e, 0x1a, 0xac, 0x4a, 0x55, 0xad, 0x96, 0xb5, 0x96, 0xb5,
    0x75, 0xad, 0x76, 0xad, 0x5d, 0xef, 0x9e, 0xf7, 0x9e, 0xf7, 0x7d, 0xef,
    0x9e, 0xf7, 0x9e, 0xf7, 0x7e, 0xf7, 0x5d, 0xef, 0xdb, 0xde, 0xb6, 0xb5,
    0x55, 0xad, 0x96, 0xb5, 0xb7, 0xb5, 0x97, 0xb5, 0x36, 0x9d, 0x55, 0x7c,
    0x74, 0x43, 0x12, 0x33, 0xb0, 0x2a, 0x4f, 0x22, 0x4f, 0x1a, 0x2e, 0x1a,
    0x0e, 0x1a, 0x8e, 0x3a, 0x0f, 0x53, 0xb1, 0x6b, 0x8f, 0x73, 0xcd, 0x52,
    0xad, 0x4a, 0xce, 0x4a, 0x8e, 0x3a, 0xcf, 0x3a, 0xaf, 0x3a, 0x2d, 0x2a,
    0x0c, 0x2a, 0xea, 0x31, 0xe9, 0x31, 0xc7, 0x31, 0xa7, 0x31, 0xc7, 0x39,
    0x6a, 0x52, 0x0c, 0x63, 0x8e, 0x73, 0xaf, 0x7b, 0x8e, 0x73, 0x8e, 0x73,
    0x4d, 0x6b, 0xcb, 0x5a, 0x69, 0x4a, 0xe7, 0x39, 0x86, 0x39, 0xc6, 0x39,
    0x34, 0xa5, 0x34, 0xa5, 0x34, 0xa5, 0x35, 0xad, 0x14, 0xa5, 0x34, 0xa5,
    0x35, 0xad, 0x35, 0xad, 0x35, 0xad, 0x14, 0xa5, 0x34, 0xa5, 0x34, 0xa5,
    0x34, 0xa5, 0x35, 0xad, 0x34, 0xa5, 0x34, 0xa5, 0x14, 0xa5, 0x34, 0xa5,
    0x34, 0xa5, 0x15, 0xad, 0x35, 0xad, 0x35, 0xad, 0x34, 0xa5, 0x35, 0xad,
    0x35, 0xad, 0x14, 0xa5, 0x34, 0xa5, 0x35, 0xad, 0x35, 0xad, 0x15, 0xad,
    0x35, 0xad, 0x14, 0xa5, 0x15, 0xad, 0x34, 0xa5, 0x34, 0xa5, 0x35, 0xad,
    0x35, 0xad, 0x14, 0xa5, 0x34, 0xa5, 0x35, 0xad, 0x14, 0xa5, 0x14, 0xa5,
    0x35, 0xad, 0x34, 0xa5, 0x14, 0xa5, 0x14, 0xa5, 0x35, 0xad, 0x35, 0xad,
    0x55, 0xad, 0x8a, 0x52, 0x21, 0x08, 0x41, 0x08, 0x40, 0x00, 0xa3, 0x18,
    0x25, 0x29, 0x25, 0x21, 0x24, 0x21, 0x25, 0x29, 0x25, 0x29, 0xe3, 0x18,
    0x21, 0x08, 0x21, 0x08, 0x41, 0x08, 0x62, 0x08, 0xe4, 0x20, 0xe4, 0x18,
    0xe4, 0x18, 0xe3, 0x18, 0xe4, 0x20, 0xc3, 0x18, 0xc3, 0x18, 0xc3, 0x18,
    0xc3, 0x18, 0xc3, 0x18, 0xc3, 0x18, 0xa3, 0x10, 0xa3, 0x10, 0xc3, 0x10,
    0xc3, 0x18, 0xa3, 0x10, 0xa3, 0x18, 0xa3, 0x18, 0xa2, 0x10, 0xa3, 0x10,
    0xa3, 0x10, 0xa3, 0x10, 0xa3, 0x18, 0xa3, 0x10, 0x82, 0x10, 0x83, 0x10,
    0xa3, 0x18, 0x82, 0x10, 0x83, 0x10, 0xa3, 0x10, 0x82, 0x10, 0x82, 0x10,
    0x83, 0x10, 0x82, 0x10, 0x83, 0x10, 0xa3, 0x10, 0x82, 0x10, 0x83, 0x10,
    0x83, 0x10, 0x82, 0x10, 0x82, 0x10, 0x82, 0x10, 0xa3, 0x10, 0xc3, 0x18,
    0xc3, 0x18, 0xc4, 0x18, 0xc3, 0x18, 0xc3, 0x18, 0xc3, 0x18, 0xc3, 0x18,
    0xc3, 0x18, 0xc3, 0x18, 0xc3, 0x18, 0xc3, 0x10, 0xc3, 0x18, 0xa3, 0x18,
    0x26, 0x19, 0x0d, 0x1a, 0x0c, 0x2a, 0x30, 0x84, 0xb6, 0xb5, 0x96, 0xb5,
    0x96, 0xb5, 0x35, 0xa5, 0x79, 0xd6, 0x9e, 0xf7, 0x7e, 0xf7, 0x7e, 0xf7,
    0x9d, 0xef, 0x7e, 0xf7, 0x7d, 0xef, 0x1c, 0xe7, 0x18, 0xc6, 0x55, 0xad,
    0x96, 0xb5, 0xb7, 0xb5, 0xb7, 0xb5, 0x56, 0xa5, 0x95, 0x84, 0x94, 0x4b,
    0x12, 0x33, 0xb1, 0x2a, 0x6f, 0x22, 0x4f, 0x1a, 0x2e, 0x1a, 0x2e, 0x1a,
    0xec, 0x19, 0xeb, 0x21, 0x8d, 0x42, 0x6f, 0x63, 0x12, 0x7c, 0x32, 0x7c,
    0x33, 0x7c, 0x33, 0x7c, 0xd3, 0x6b, 0xd1, 0x32, 0x4e, 0x2a, 0x0c, 0x2a,
    0x0a, 0x32, 0xe9, 0x31, 0xc8, 0x39, 0xa7, 0x39, 0xa7, 0x39, 0x49, 0x4a,
    0xec, 0x62, 0x6e, 0x6b, 0xaf, 0x7b, 0xae, 0x73, 0x4d, 0x6b, 0x0c, 0x63,
    0xaa, 0x5a, 0x69, 0x52, 0x69, 0x52, 0x89, 0x5a, 0x48, 0x52, 0x07, 0x4a,
    0x34, 0xa5, 0x15, 0xad, 0x35, 0xad, 0x34, 0xa5, 0x15, 0xad, 0x34, 0xa5,
    0x14, 0xa5, 0x14, 0xa5, 0x34, 0xa5, 0x35, 0xad, 0x34, 0xa5, 0x35, 0xad,
    0x35, 0xad, 0x15, 0xad, 0x14, 0xa5, 0x34, 0xa5, 0x35, 0xad, 0x14, 0xa5,
    0x35, 0xad, 0x35, 0xad, 0x34, 0xa5, 0x34, 0xa5, 0x14, 0xa5, 0x34, 0xa5,
    0x14, 0xa5, 0x35, 0xad, 0x35, 0xad, 0x14, 0xa5, 0x14, 0xa5, 0x34, 0xa5,
    0x34, 0xa5, 0x35, 0xad, 0x34, 0xa5, 0x14, 0xa5, 0x34, 0xa5, 0x34, 0xa5,
    0x14, 0xa5, 0x35, 0xad, 0x14, 0xa5, 0x34, 0xa5, 0x34, 0xa5, 0x35, 0xad,
    0x34, 0xa5, 0x34, 0xa5, 0x34, 0xa5, 0x34, 0xa5, 0x14, 0xa5, 0x34, 0xa5,
    0x55, 0xad, 0xaf, 0x73, 0x61, 0x08, 0x41, 0x08, 0x41, 0x08, 0x82, 0x10,
    0x24, 0x21, 0x25, 0x21, 0x24, 0x29, 0x24, 0x29, 0x05, 0x21, 0x04, 0x21,
    0x41, 0x08, 0x21, 0x00, 0x41, 0x08, 0x41, 0x08, 0xc3, 0x18, 0xe4, 0x18,
    0xe3, 0x20, 0xe4, 0x18, 0xc3, 0x18, 0xe3, 0x18, 0xc3, 0x18, 0xc4, 0x18,
    0xc3, 0x18, 0xc3, 0x18, 0xa3, 0x18, 0xc3, 0x18, 0xa3, 0x18, 0xc3, 0x18,
    0xa3, 0x10, 0xa3, 0x18, 0xa3, 0x18, 0xc3, 0x10, 0xa2, 0x18, 0xa3, 0x18,
    0xa3, 0x10, 0xa2, 0x18, 0xa2, 0x10, 0xa3, 0x10, 0x82, 0x10, 0xa2, 0x10,
    0xa3, 0x10, 0x82, 0x10, 0xa3, 0x10, 0x82, 0x18, 0x82, 0x10, 0x83, 0x10,
    0x82, 0x10, 0x83, 0x10, 0xa2, 0x10, 0x82, 0x10, 0x82, 0x10, 0x82, 0x10,
    0x82, 0x10, 0x82, 0x10, 0x82, 0x10, 0xa3, 0x10, 0xc3, 0x18, 0xc3, 0x18,
    0xc3, 0x18, 0xc3, 0x18, 0xc3, 0x18, 0xc3, 0x18, 0xc4, 0x18, 0xc3, 0x18,
    0xc3, 0x18, 0xc3, 0x18, 0xc3, 0x18, 0xc4, 0x18, 0xc3, 0x18, 0xc3, 0x18,
    0xc4, 0x18, 0xab, 0x19, 0x0d, 0x1a, 0xcc, 0x52, 0x55, 0xad, 0x96, 0xb5,
    0x96, 0xb5, 0x75, 0xad, 0x76, 0xb5, 0x5d, 0xef, 0x7e, 0xf7, 0x9e, 0xf7,
    0x7e, 0xf7, 0x7d, 0xef, 0x3d, 0xef, 0x7a, 0xce, 0x75, 0xad, 0x76, 0xad,
    0xb7, 0xb5, 0xb7, 0xb5, 0x97, 0xb5, 0xd5, 0x94, 0xd4, 0x5b, 0x33, 0x3b,
    0xf2, 0x32, 0x90, 0x22, 0x4f, 0x1a, 0x2e, 0x1a, 0x2e, 0x1a, 0x2e, 0x22,
    0xae, 0x42, 0xee, 0x52, 0x2e, 0x5b, 0x8c, 0x4a, 0x6c, 0x42, 0x0e, 0x53,
    0xae, 0x42, 0xf0, 0x42, 0x71, 0x5b, 0x8e, 0x32, 0x4d, 0x2a, 0x0b, 0x32,
    0xe9, 0x31, 0xe8, 0x39, 0xa7, 0x31, 0x87, 0x31, 0x08, 0x42, 0xcb, 0x5a,
    0x6e, 0x6b, 0xaf, 0x7b, 0xaf, 0x7b, 0x8e, 0x73, 0x6d, 0x6b, 0xec, 0x62,
    0x8a, 0x52, 0xe7, 0x41, 0xa6, 0x39, 0xc6, 0x41, 0x48, 0x52, 0xc9, 0x5a,
    0x34, 0xa5, 0x35, 0xad, 0x14, 0xa5, 0x34, 0xa5, 0x34, 0xa5, 0x35, 0xad,
    0x35, 0xad, 0x34, 0xa5, 0x34, 0xa5, 0x14, 0xa5, 0x35, 0xad, 0x34, 0xa5,
    0x14, 0xa5, 0x34, 0xa5, 0x34, 0xa5, 0x15, 0xad, 0x35, 0xad, 0x35, 0xad,
    0x34, 0xa5, 0x34, 0xa5, 0x34, 0xa5, 0x14, 0xa5, 0x35, 0xad, 0x35, 0xad,
    0x34, 0xa5, 0x34, 0xa5, 0x34, 0xa5, 0x34, 0xa5, 0x34, 0xa5, 0x35, 0xad,
    0x34, 0xa5, 0x34, 0xa5, 0x35, 0xad, 0x35, 0xad, 0x35, 0xad, 0x15, 0xad,
    0x34, 0xa5, 0x34, 0xa5, 0x35, 0xad, 0x15, 0xad, 0x35, 0xad, 0x34, 0xa5,
    0x34, 0xa5, 0x15, 0xad, 0x35, 0xad, 0x35, 0xad, 0x35, 0xad, 0x14, 0xa5,
    0x35, 0xad, 0x92, 0x94, 0xe4, 0x18, 0x21, 0x08, 0x21, 0x08, 0x41, 0x08,
    0x04, 0x19, 0x25, 0x29, 0x25, 0x21, 0x24, 0x21, 0x04, 0x21, 0x25, 0x21,
    0x82, 0x10, 0x20, 0x08, 0x21, 0x08, 0x41, 0x08, 0xa3, 0x10, 0xe4, 0x20,
    0xe3, 0x18, 0xe3, 0x18, 0xc4, 0x18, 0xc3, 0x20, 0xe3, 0x18, 0xc4, 0x18,
    0xc3, 0x18, 0xc3, 0x18, 0xa3, 0x18, 0xa3, 0x18, 0xc3, 0x10, 0xc3, 0x18,
    0xa3, 0x18, 0xa3, 0x10, 0xc3, 0x10, 0xa2, 0x10, 0xa3, 0x18, 0xa3, 0x10,
    0xa2, 0x10, 0xa3, 0x10, 0xa3, 0x18, 0xa3, 0x10, 0x82, 0x18, 0xa2, 0x10,
    0x82, 0x10, 0x82, 0x10, 0x82, 0x10, 0x82, 0x10, 0x82, 0x10, 0xa3, 0x10,
    0xa2, 0x10, 0x82, 0x10, 0x82, 0x10, 0x82, 0x10, 0x83, 0x10, 0x82, 0x10,
    0x82, 0x10, 0x82, 0x10, 0x83, 0x10, 0xc3, 0x18, 0xc3, 0x18, 0xc3, 0x18,
    0xc3, 0x18, 0xc4, 0x18, 0xc3, 0x18, 0xc3, 0x18, 0xc4, 0x18, 0xe3, 0x18,
    0xc3, 0x18, 0xc4, 0x18, 0xc3, 0x18, 0xc3, 0x18, 0xc3, 0x18, 0xc3, 0x10,
    0xc3, 0x18, 0x26, 0x19, 0x0e, 0x1a, 0x0c, 0x2a, 0x30, 0x84, 0x96, 0xb5,
    0x96, 0xb5, 0x96, 0xb5, 0x35, 0xa5, 0x79, 0xd6, 0x9e, 0xf7, 0x7e, 0xf7,
    0x9e, 0xf7, 0x5d, 0xef, 0xdb, 0xde, 0x96, 0xb5, 0x75, 0xad, 0x96, 0xb5,
    0xb7, 0xb5, 0xb7, 0xb5, 0x97, 0xb5, 0xf6, 0x94, 0x94, 0x53, 0xf2, 0x32,
    0xb1, 0x2a, 0x4f, 0x22, 0x2e, 0x1a, 0x2e, 0x1a, 0x0e, 0x1a, 0xcc, 0x19,
    0x6c, 0x3a, 0x70, 0x63, 0x12, 0x7c, 0x52, 0x84, 0x94, 0x8c, 0x53, 0x84,
    0xf3, 0x6b, 0x31, 0x43, 0x4e, 0x22, 0x0c, 0x22, 0x0b, 0x2a, 0xea, 0x31,
    0xe8, 0x39, 0xa7, 0x31, 0xa7, 0x31, 0xe8, 0x39, 0xab, 0x52, 0x2d, 0x6b,
    0xae, 0x73, 0xcf, 0x7b, 0x8e, 0x73, 0x4d, 0x6b, 0xeb, 0x62, 0x8a, 0x5a,
    0x89, 0x52, 0x89, 0x52, 0x28, 0x4a, 0xe7, 0x41, 0x65, 0x31, 0x24, 0x29,
    0x34, 0xa5, 0x14, 0xa5, 0x34, 0xa5, 0x35, 0xad, 0x14, 0xa5, 0x34, 0xa5,
    0x35, 0xad, 0x34, 0xa5, 0x35, 0xad, 0x35, 0xad, 0x14, 0xa5, 0x34, 0xa5,
    0x35, 0xad, 0x34, 0xa5, 0x34, 0xa5, 0x34, 0xa5, 0x34, 0xa5, 0x34, 0xa5,
    0x14, 0xa5, 0x34, 0xa5, 0x15, 0xad, 0x35, 0xad, 0x34, 0xa5, 0x34, 0xa5,
    0x15, 0xad, 0x34, 0xa5, 0x15, 0xad, 0x35, 0xad, 0x35, 0xad, 0x34, 0xa5,
    0x15, 0xad, 0x14, 0xa5, 0x34, 0xa5, 0x34, 0xa5, 0x14, 0xa5, 0x34, 0xa5,
    0x35, 0xad, 0x34, 0xa5, 0x34, 0xa5, 0x34, 0xa5, 0x34, 0xa5, 0x14, 0xa5,
    0x35, 0xad, 0x34, 0xa5, 0x14, 0xa5, 0x34, 0xa5, 0x34, 0xa5, 0x35, 0xad,
    0x35, 0xad, 0x14, 0xa5, 0xc7, 0x39, 0x21, 0x00, 0x41, 0x08, 0x41, 0x08,
    0xc3, 0x18, 0x25, 0x21, 0x24, 0x29, 0x25, 0x21, 0x05, 0x21, 0x24, 0x29,
    0xc3, 0x18, 0x21, 0x00, 0x21, 0x08, 0x21, 0x08, 0x62, 0x10, 0xe4, 0x18,
    0xe3, 0x18, 0xc4, 0x18, 0xe3, 0x18, 0xc4, 0x18, 0xc3, 0x18, 0xc3, 0x18,
    0xc3, 0x18, 0xc3, 0x18, 0xa3, 0x10, 0xc3, 0x10, 0xc3, 0x18, 0xa3, 0x10,
    0xa3, 0x18, 0xa3, 0x18, 0xa3, 0x10, 0xa2, 0x18, 0xa3, 0x10, 0xa3, 0x10,
    0xa3, 0x10, 0xa3, 0x18, 0xa2, 0x10, 0x82, 0x10, 0x83, 0x10, 0xa3, 0x10,
    0xa3, 0x10, 0xa2, 0x18, 0x83, 0x10, 0x83, 0x10, 0xa3, 0x10, 0x82, 0x10,
    0x83, 0x10, 0x82, 0x10, 0x82, 0x10, 0x83, 0x10, 0x82, 0x10, 0x82, 0x10,
    0x83, 0x10, 0x82, 0x10, 0xa3, 0x10, 0xc3, 0x18, 0xe3, 0x18, 0xc4, 0x18,
    0xe4, 0x18, 0xc3, 0x18, 0xc3, 0x18, 0xc4, 0x18, 0xc3, 0x18, 0xc3, 0x18,
    0xc3, 0x18, 0xc3, 0x18, 0xc3, 0x18, 0xc3, 0x18, 0xc3, 0x18, 0xc3, 0x18,
    0xc3, 0x18, 0xe4, 0x18, 0xab, 0x19, 0x0d, 0x1a, 0xcc, 0x52, 0x55, 0xad,
    0x96, 0xb5, 0x96, 0xb5, 0x75, 0xad, 0x76, 0xad, 0x5d, 0xef, 0x9e, 0xf7,
    0x7d, 0xef, 0x1c, 0xe7, 0xf8, 0xc5, 0x55, 0xad, 0x96, 0xb5, 0xb7, 0xb5,
    0x96, 0xb5, 0x76, 0xb5, 0x56, 0xa5, 0x36, 0xa5, 0x34, 0x74, 0xd1, 0x2a,
    0x6f, 0x22, 0x4f, 0x1a, 0x2e, 0x1a, 0x2e, 0x1a, 0x6e, 0x32, 0x8d, 0x3a,
    0xcd, 0x52, 0xcd, 0x52, 0x8c, 0x42, 0xed, 0x5a, 0x0f, 0x53, 0x51, 0x53,
    0xb2, 0x6b, 0x51, 0x53, 0x4e, 0x2a, 0x0c, 0x2a, 0x0a, 0x32, 0xe9, 0x39,
    0xc8, 0x39, 0xa7, 0x31, 0xc7, 0x39, 0x6a, 0x52, 0x2d, 0x63, 0x8e, 0x73,
    0xcf, 0x7b, 0xcf, 0x7b, 0x8e, 0x73, 0x2d, 0x6b, 0xcb, 0x5a, 0x49, 0x4a,
    0xc6, 0x39, 0xe6, 0x41, 0x48, 0x52, 0xea, 0x62, 0xea, 0x6a, 0x89, 0x5a,
    0x34, 0xa5, 0x35, 0xad, 0x35, 0xad, 0x34, 0xa5, 0x35, 0xad, 0x34, 0xa5,
    0x14, 0xa5, 0x14, 0xa5, 0x35, 0xad, 0x14, 0xa5, 0x34, 0xa5, 0x35, 0xad,
    0x34, 0xa5, 0x15, 0xad, 0x35, 0xad, 0x34, 0xa5, 0x14, 0xa5, 0x34, 0xa5,
    0x35, 0xad, 0x15, 0xad, 0x34, 0xa5, 0x34, 0xa5, 0x34, 0xa5, 0x14, 0xa5,
    0x34, 0xa5, 0x35, 0xad, 0x34, 0xa5, 0x14, 0xa5, 0x34, 0xa5, 0x14, 0xa5,
    0x34, 0xa5, 0x35, 0xad, 0x15, 0xad, 0x34, 0xa5, 0x34, 0xa5, 0x34, 0xa5,
    0x34, 0xa5, 0x35, 0xad, 0x15, 0xad, 0x34, 0xa5, 0x34, 0xa5, 0x35, 0xad,
    0x14, 0xa5, 0x35, 0xad, 0x34, 0xa5, 0x14, 0xa5, 0x34, 0xa5, 0x34, 0xa5,
    0x35, 0xad, 0x55, 0xad, 0xec, 0x62, 0x41, 0x08, 0x41, 0x08, 0x20, 0x00,
    0x82, 0x10, 0x25, 0x21, 0x24, 0x21, 0x04, 0x21, 0x04, 0x21, 0x04, 0x21,
    0x04, 0x21, 0xa3, 0x10, 0xa2, 0x10, 0xa2, 0x18, 0xa3, 0x10, 0xe3, 0x18,
    0xe4, 0x20, 0xc4, 0x18, 0xc3, 0x18, 0xc3, 0x18, 0xc3, 0x18, 0xc3, 0x18,
    0xc3, 0x18, 0xc3, 0x18, 0xe4, 0x18, 0xc3, 0x18, 0xa3, 0x18, 0xa3, 0x18,
    0xc3, 0x10, 0xa3, 0x18, 0xc3, 0x18, 0xa3, 0x10, 0xa3, 0x18, 0xa3, 0x10,
    0xa2, 0x18, 0xa3, 0x18, 0xa3, 0x10, 0x82, 0x10, 0xa3, 0x10, 0x82, 0x10,
    0x82, 0x10, 0x83, 0x10, 0xa2, 0x10, 0x82, 0x10, 0x82, 0x10, 0x82, 0x10,
    0x82, 0x10, 0xa2, 0x10, 0x82, 0x10, 0x82, 0x10, 0x82, 0x10, 0x82, 0x10,
    0x82, 0x10, 0xa3, 0x10, 0xc3, 0x18, 0xe3, 0x18, 0xe4, 0x18, 0xc4, 0x18,
    0xe3, 0x18, 0xe3, 0x18, 0xe3, 0x18, 0xe3, 0x18, 0xc4, 0x18, 0xc3, 0x18,
    0xc4, 0x18, 0xc3, 0x18, 0xc3, 0x18, 0xc4, 0x18, 0xc3, 0x18, 0xc3, 0x18,
    0xc4, 0x18, 0xc3, 0x18, 0x27, 0x19, 0x0d, 0x1a, 0x2c, 0x2a, 0x30, 0x84,
    0x96, 0xb5, 0x96, 0xb5, 0x96, 0xb5, 0x15, 0xa5, 0x59, 0xce, 0x9e, 0xf7,
    0x3d, 0xef, 0x79, 0xce, 0x55, 0xad, 0x76, 0xb5, 0x96, 0xb5, 0x55, 0xad,
    0x14, 0xa5, 0xf4, 0x9c, 0xb4, 0x94, 0x54, 0x7c, 0x14, 0x74, 0xf0, 0x3a,
    0x2e, 0x1a, 0x2e, 0x1a, 0x2e, 0x1a, 0xed, 0x11, 0x0c, 0x2a, 0xce, 0x4a,
    0xd1, 0x73, 0x52, 0x84, 0x32, 0x7c, 0x12, 0x74, 0x91, 0x63, 0x11, 0x4b,
    0x6f, 0x22, 0x2d, 0x2a, 0x0c, 0x2a, 0x0a, 0x32, 0xe9, 0x31, 0xc8, 0x31,
    0xa7, 0x31, 0xa7, 0x39, 0x49, 0x4a, 0xec, 0x62, 0x6e, 0x73, 0xcf, 0x7b,
    0xcf, 0x7b, 0x6d, 0x73, 0x2c, 0x6b, 0xcb, 0x5a, 0x69, 0x52, 0x69, 0x52,
    0x48, 0x52, 0xe7, 0x41, 0x85, 0x31, 0x44, 0x29, 0xc6, 0x39, 0xe7, 0x41,
    0x34, 0xa5, 0x15, 0xad, 0x34, 0xa5, 0x34, 0xa5, 0x14, 0xa5, 0x35, 0xad,
    0x35, 0xad, 0x34, 0xa5, 0x34, 0xa5, 0x34, 0xa5, 0x34, 0xa5, 0x15, 0xad,
    0x34, 0xa5, 0x34, 0xa5, 0x15, 0xad, 0x35, 0xad, 0x35, 0xad, 0x15, 0xad,
    0x34, 0xa5, 0x35, 0xad, 0x34, 0xa5, 0x34, 0xa5, 0x15, 0xad, 0x35, 0xad,
    0x35, 0xad, 0x34, 0xa5, 0x34, 0xa5, 0x34, 0xa5, 0x35, 0xad, 0x35, 0xad,
    0x34, 0xa5, 0x34, 0xa5, 0x34, 0xa5, 0x15, 0xad, 0x35, 0xad, 0x15, 0xad,
    0x35, 0xad, 0x14, 0xa5, 0x34, 0xa5, 0x15, 0xad, 0x35, 0xad, 0x14, 0xa5,
    0x35, 0xad, 0x34, 0xa5, 0x35, 0xad, 0x35, 0xad, 0x35, 0xad, 0x15, 0xad,
    0x14, 0xa5, 0x55, 0xad, 0x10, 0x84, 0x82, 0x10, 0x21, 0x08, 0x21, 0x08,
    0x61, 0x08, 0x04, 0x21, 0x25, 0x21, 0x04, 0x21, 0x04, 0x21, 0x05, 0x21,
    0x04, 0x21, 0x25, 0x21, 0x24, 0x21, 0x25, 0x21, 0x04, 0x21, 0xe4, 0x20,
    0xe3, 0x18, 0xc3, 0x18, 0xc3, 0x18, 0xc3, 0x18, 0xc3, 0x18, 0xc3, 0x18,
    0xc3, 0x18, 0xa3, 0x18, 0xe8, 0x39, 0x66, 0x31, 0xa3, 0x10, 0xc3, 0x18,
    0xa3, 0x18, 0xa3, 0x10, 0xa2, 0x10, 0xa3, 0x18, 0xa3, 0x18, 0xa3, 0x10,
    0xa2, 0x18, 0xa3, 0x10, 0xa2, 0x10, 0x83, 0x10, 0xa2, 0x10, 0xa2, 0x18,
    0x82, 0x10, 0x82, 0x10, 0x83, 0x10, 0x82, 0x10, 0x82, 0x10, 0xa3, 0x10,
    0x82, 0x10, 0x82, 0x10, 0xa3, 0x10, 0x83, 0x10, 0x82, 0x10, 0x83, 0x10,
    0x82, 0x10, 0xa3, 0x18, 0xc3, 0x18, 0xc4, 0x18, 0xc4, 0x18, 0xe3, 0x18,
    0xc3, 0x18, 0xc4, 0x18, 0xc4, 0x18, 0xe4, 0x18, 0xe3, 0x18, 0xe3, 0x18,
    0xe3, 0x18, 0xc4, 0x18, 0xc3, 0x18, 0xc3, 0x18, 0xc4, 0x18, 0xc3, 0x18,
    0xc3, 0x18, 0xc3, 0x18, 0xe4, 0x18, 0xab, 0x19, 0x2e, 0x1a, 0xcc, 0x52,
    0x55, 0xad, 0x96, 0xb5, 0x96, 0xb5, 0x75, 0xad, 0x35, 0xa5, 0xdb, 0xde,
    0xdb, 0xde, 0x96, 0xb5, 0x55, 0xad, 0xb6, 0xb5, 0xb7, 0xb5, 0xd3, 0x94,
    0x72, 0x94, 0xb3, 0x94, 0xb4, 0x8c, 0x14, 0x74, 0x32, 0x4b, 0x6f, 0x2a,
    0x2e, 0x1a, 0x2e, 0x1a, 0x2e, 0x22, 0x8e, 0x3a, 0x6d, 0x3a, 0x8c, 0x4a,
    0x8c, 0x42, 0xcd, 0x52, 0x4f, 0x63, 0x50, 0x5b, 0xb2, 0x6b, 0x91, 0x63,
    0xaf, 0x32, 0x2d, 0x2a, 0x0b, 0x32, 0xe9, 0x31, 0xe8, 0x31, 0xa7, 0x39,
    0x87, 0x31, 0x09, 0x42, 0xcb, 0x5a, 0x4d, 0x6b, 0xaf, 0x73, 0xcf, 0x7b,
    0x8e, 0x73, 0x6e, 0x6b, 0xec, 0x62, 0x69, 0x52, 0x07, 0x42, 0xe6, 0x41,
    0x28, 0x52, 0xc9, 0x62, 0xea, 0x6a, 0x89, 0x5a, 0x07, 0x4a, 0xa6, 0x39,
    0x34, 0xa5, 0x34, 0xa5, 0x14, 0xa5, 0x35, 0xad, 0x34, 0xa5, 0x14, 0xa5,
    0x34, 0xa5, 0x35, 0xad, 0x35, 0xad, 0x14, 0xa5, 0x35, 0xad, 0x34, 0xa5,
    0x15, 0xad, 0x34, 0xa5, 0x34, 0xa5, 0x34, 0xa5, 0x34, 0xa5, 0x34, 0xa5,
    0x34, 0xa5, 0x34, 0xa5, 0x35, 0xad, 0x15, 0xad, 0x34, 0xa5, 0x34, 0xa5,
    0x34, 0xa5, 0x14, 0xa5, 0x15, 0xad, 0x35, 0xad, 0x34, 0xa5, 0x14, 0xa5,
    0x35, 0xad, 0x35, 0xad, 0x34, 0xa5, 0x34, 0xa5, 0x34, 0xa5, 0x34, 0xa5,
    0x14, 0xa5, 0x34, 0xa5, 0x34, 0xa5, 0x34, 0xa5, 0x34, 0xa5, 0x35, 0xad,
    0x34, 0xa5, 0x34, 0xa5, 0x14, 0xa5, 0x34, 0xa5, 0x34, 0xa5, 0x34, 0xa5,
    0x34, 0xa5, 0x35, 0xad, 0xd3, 0x9c, 0x25, 0x29, 0x21, 0x00, 0x21, 0x08,
    0x41, 0x08, 0xe3, 0x18, 0x25, 0x21, 0x04, 0x21, 0x04, 0x21, 0x04, 0x21,
    0x04, 0x21, 0x25, 0x21, 0x05, 0x21, 0x04, 0x21, 0xe4, 0x20, 0xe4, 0x18,
    0xc3, 0x18, 0xe3, 0x18, 0xc4, 0x18, 0xc4, 0x18, 0xc3, 0x18, 0xc3, 0x18,
    0xa3, 0x10, 0x25, 0x21, 0xec, 0x5a, 0xc7, 0x39, 0xa2, 0x10, 0xa3, 0x18,
    0xa3, 0x10, 0xa3, 0x10, 0xc3, 0x18, 0xa2, 0x10, 0xa3, 0x10, 0xa2, 0x10,
    0xa2, 0x10, 0xa3, 0x10, 0xa2, 0x10, 0x82, 0x10, 0x83, 0x10, 0xa2, 0x10,
    0x83, 0x10, 0x82, 0x10, 0x82, 0x18, 0xa3, 0x10, 0x83, 0x10, 0x82, 0x10,
    0x82, 0x10, 0x83, 0x10, 0x82, 0x10, 0x82, 0x10, 0x82, 0x10, 0x82, 0x10,
    0xa3, 0x10, 0xc3, 0x18, 0xc4, 0x18, 0xe4, 0x18, 0xe3, 0x18, 0xe3, 0x18,
    0xc4, 0x18, 0xe3, 0x20, 0xc3, 0x18, 0xc4, 0x18, 0xc3, 0x18, 0xc4, 0x18,
    0xe4, 0x18, 0xc3, 0x18, 0xc3, 0x18, 0xc4, 0x18, 0xc3, 0x18, 0xe3, 0x18,
    0xc3, 0x18, 0xc3, 0x18, 0xc3, 0x18, 0x47, 0x19, 0x0e, 0x1a, 0x0b, 0x2a,
    0x30, 0x84, 0xb6, 0xb5, 0x96, 0xb5, 0x96, 0xb5, 0x34, 0xa5, 0x35, 0xa5,
    0xd7, 0xbd, 0x55, 0xad, 0x96, 0xb5, 0xb7, 0xb5, 0xb7, 0xb5, 0x36, 0xa5,
    0x12, 0x7c, 0xd3, 0x9c, 0xd4, 0x9c, 0x33, 0x7c, 0xd1, 0x3a, 0x4f, 0x1a,
    0x2e, 0x1a, 0x0e, 0x1a, 0xec, 0x19, 0xae, 0x42, 0xb1, 0x6b, 0x11, 0x7c,
    0xf1, 0x7b, 0xd1, 0x73, 0xb1, 0x6b, 0x10, 0x4b, 0xb0, 0x2a, 0x6e, 0x2a,
    0x2d, 0x2a, 0x0b, 0x2a, 0x0a, 0x32, 0xe9, 0x39, 0xa7, 0x31, 0x87, 0x31,
    0xe8, 0x39, 0xab, 0x5a, 0x2d, 0x6b, 0x8e, 0x73, 0xf0, 0x7b, 0xaf, 0x73,
    0x4d, 0x73, 0x0c, 0x63, 0xaa, 0x5a, 0x6a, 0x52, 0x48, 0x4a, 0xc7, 0x39,
    0x86, 0x31, 0x45, 0x31, 0xc6, 0x39, 0x28, 0x4a, 0x49, 0x52, 0x48, 0x4a,
    0x34, 0xa5, 0x15, 0xad, 0x35, 0xad, 0x34, 0xa5, 0x35, 0xad, 0x34, 0xa5,
    0x35, 0xad, 0x14, 0xa5, 0x34, 0xa5, 0x35, 0xad, 0x34, 0xa5, 0x34, 0xa5,
    0x34, 0xa5, 0x35, 0xad, 0x34, 0xa5, 0x14, 0xa5, 0x14, 0xa5, 0x35, 0xad,
    0x15, 0xad, 0x34, 0xa5, 0x14, 0xa5, 0x34, 0xa5, 0x34, 0xa5, 0x35, 0xad,
    0x14, 0xa5, 0x35, 0xad, 0x34, 0xa5, 0x34, 0xa5, 0x15, 0xad, 0x34, 0xa5,
    0x34, 0xa5, 0x14, 0xa5, 0x15, 0xad, 0x34, 0xa5, 0x35, 0xad, 0x34, 0xa5,
    0x34, 0xa5, 0x35, 0xad, 0x35, 0xad, 0x35, 0xad, 0x34, 0xa5, 0x14, 0xa5,
    0x34, 0xa5, 0x35, 0xad, 0x14, 0xa5, 0x35, 0xad, 0x34, 0xa5, 0x14, 0xa5,
    0x35, 0xad, 0x34, 0xa5, 0x35, 0xad, 0x49, 0x4a, 0x20, 0x00, 0x41, 0x08,
    0x21, 0x08, 0xa2, 0x10, 0x04, 0x21, 0x04, 0x21, 0x04, 0x21, 0xa3, 0x18,
    0xe4, 0x18, 0x24, 0x21, 0x25, 0x21, 0x04, 0x21, 0xe3, 0x18, 0xe4, 0x18,
    0xc3, 0x18, 0xc4, 0x18, 0xe3, 0x18, 0xc3, 0x18, 0xc3, 0x18, 0xc3, 0x18,
    0xa3, 0x18, 0x49, 0x42, 0xec, 0x5a, 0x24, 0x21, 0xa3, 0x10, 0xa3, 0x18,
    0xa3, 0x18, 0xa3, 0x10, 0xa3, 0x18, 0xa3, 0x18, 0xa3, 0x10, 0xa2, 0x10,
    0xa3, 0x18, 0xa3, 0x10, 0x82, 0x18, 0x83, 0x18, 0xa3, 0x10, 0x82, 0x10,
    0x83, 0x10, 0x83, 0x10, 0xa2, 0x10, 0x82, 0x10, 0xa3, 0x10, 0x82, 0x10,
    0x82, 0x10, 0x82, 0x10, 0x82, 0x10, 0x82, 0x10, 0x82, 0x10, 0x82, 0x10,
    0xa3, 0x10, 0xc3, 0x18, 0xe3, 0x18, 0xe3, 0x18, 0xe4, 0x18, 0xe4, 0x20,
    0xe4, 0x18, 0xe4, 0x18, 0xe3, 0x20, 0xe3, 0x18, 0xc3, 0x18, 0xc4, 0x18,
    0xc3, 0x18, 0xe3, 0x18, 0xe3, 0x18, 0xe3, 0x18, 0xc3, 0x18, 0xc3, 0x18,
    0xc4, 0x18, 0xc4, 0x18, 0xc3, 0x18, 0xc4, 0x18, 0xab, 0x19, 0x0d, 0x1a,
    0xcc, 0x52, 0x55, 0xad, 0x96, 0xb5, 0x96, 0xb5, 0x96, 0xb5, 0x35, 0xad,
    0x55, 0xad, 0x96, 0xb5, 0xb7, 0xb5, 0xb7, 0xbd, 0x96, 0xad, 0xd6, 0x94,
    0xd4, 0x5b, 0x34, 0x6c, 0x15, 0xa5, 0x74, 0x84, 0xf0, 0x42, 0x2e, 0x1a,
    0x2e, 0x1a, 0x4e, 0x2a, 0x2d, 0x2a, 0x8c, 0x42, 0xcd, 0x52, 0xcd, 0x4a,
    0x4f, 0x63, 0x90, 0x63, 0xd2, 0x6b, 0xd2, 0x6b, 0x11, 0x43, 0x4e, 0x2a,
    0x0c, 0x2a, 0x0a, 0x32, 0xe9, 0x39, 0xc8, 0x39, 0xa7, 0x31, 0xc7, 0x39,
    0x8a, 0x52, 0x0c, 0x63, 0x8e, 0x73, 0xcf, 0x7b, 0xcf, 0x7b, 0xae, 0x73,
    0x4d, 0x6b, 0xeb, 0x62, 0x48, 0x4a, 0x07, 0x4a, 0x68, 0x52, 0xa9, 0x62,
    0x2a, 0x6b, 0xc9, 0x62, 0x27, 0x4a, 0xa6, 0x39, 0x66, 0x31, 0xc7, 0x39,
    0x34, 0xa5, 0x35, 0xad, 0x34, 0xa5, 0x34, 0xa5, 0x14, 0xa5, 0x35, 0xad,
    0x34, 0xa5, 0x34, 0xa5, 0x14, 0xa5, 0x34, 0xa5, 0x35, 0xad, 0x15, 0xad,
    0x34, 0xa5, 0x34, 0xa5, 0x15, 0xad, 0x35, 0xad, 0x35, 0xad, 0x34, 0xa5,
    0x34, 0xa5, 0x15, 0xad, 0x34, 0xa5, 0x35, 0xad, 0x35, 0xad, 0x14, 0xa5,
    0x35, 0xad, 0x34, 0xa5, 0x35, 0xad, 0x34, 0xa5, 0x14, 0xa5, 0x35, 0xad,
    0x34, 0xa5, 0x34, 0xa5, 0x34, 0xa5, 0x35, 0xad, 0x14, 0xa5, 0x15, 0xad,
    0x35, 0xad, 0x34, 0xa5, 0x14, 0xa5, 0x14, 0xa5, 0x35, 0xad, 0x34, 0xa5,
    0x15, 0xad, 0x34, 0xa5, 0x35, 0xad, 0x34, 0xa5, 0x35, 0xad, 0x15, 0xad,
    0x34, 0xa5, 0x35, 0xad, 0x55, 0xad, 0x6e, 0x6b, 0x41, 0x08, 0x21, 0x08,
    0x40, 0x00, 0x62, 0x08, 0x04, 0x21, 0x04, 0x21, 0xe4, 0x20, 0x62, 0x08,
    0xc3, 0x18, 0x25, 0x21, 0x04, 0x21, 0xe4, 0x20, 0xe4, 0x20, 0xe3, 0x18,
    0xc3, 0x18, 0xc3, 0x18, 0xc3, 0x18, 0xc3, 0x18, 0xc3, 0x18, 0xa3, 0x18,
    0x66, 0x29, 0x2d, 0x63, 0xe8, 0x39, 0x25, 0x21, 0x66, 0x29, 0xa3, 0x18,
    0xa3, 0x18, 0xc3, 0x10, 0xa2, 0x18, 0xa3, 0x10, 0xa2, 0x10, 0xa3, 0x18,
    0xa3, 0x18, 0xa3, 0x10, 0x82, 0x10, 0xa3, 0x10, 0xa2, 0x10, 0x82, 0x10,
    0x82, 0x18, 0xa2, 0x10, 0x83, 0x10, 0x82, 0x10, 0x82, 0x10, 0x82, 0x10,
    0x82, 0x10, 0x83, 0x10, 0x82, 0x10, 0x82, 0x10, 0x83, 0x10, 0xa3, 0x10,
    0xa3, 0x10, 0xc3, 0x18, 0xe4, 0x18, 0xe4, 0x18, 0xc4, 0x20, 0xe3, 0x18,
    0xe3, 0x18, 0xe4, 0x18, 0xe4, 0x18, 0xe4, 0x18, 0xe4, 0x20, 0xe3, 0x18,
    0xc3, 0x18, 0xc4, 0x20, 0xe4, 0x18, 0xc4, 0x18, 0xc3, 0x18, 0xc4, 0x18,
    0xc3, 0x18, 0xc3, 0x18, 0xc3, 0x18, 0xc3, 0x18, 0x27, 0x19, 0x0d, 0x1a,
    0x2b, 0x2a, 0x10, 0x84, 0x96, 0xb5, 0x96, 0xb5, 0x96, 0xb5, 0x96, 0xb5,
    0x96, 0xb5, 0xb7, 0xb5, 0xd7, 0xbd, 0x96, 0xb5, 0x76, 0xad, 0x55, 0x7c,
    0x32, 0x3b, 0x31, 0x4b, 0x13, 0x7c, 0x93, 0x8c, 0x91, 0x6b, 0x4f, 0x22,
    0xed, 0x11, 0x4d, 0x32, 0x4f, 0x5b, 0x32, 0x84, 0xd0, 0x7b, 0x4f, 0x5b,
    0xb1, 0x6b, 0x70, 0x63, 0xd0, 0x3a, 0xaf, 0x3a, 0x6e, 0x2a, 0x2c, 0x2a,
    0x0b, 0x32, 0xe9, 0x31, 0xc8, 0x39, 0xa7, 0x31, 0xa7, 0x39, 0x49, 0x4a,
    0xec, 0x62, 0x6e, 0x6b, 0xcf, 0x7b, 0xaf, 0x7b, 0x6d, 0x73, 0x2c, 0x6b,
    0xeb, 0x62, 0xcb, 0x5a, 0x69, 0x52, 0x07, 0x42, 0xa6, 0x39, 0x85, 0x31,
    0xe7, 0x41, 0x89, 0x5a, 0xa9, 0x5a, 0x69, 0x52, 0x28, 0x4a, 0x6a, 0x52,
    0x34, 0xa5, 0x14, 0xa5, 0x34, 0xa5, 0x35, 0xad, 0x14, 0xa5, 0x34, 0xa5,
    0x35, 0xad, 0x15, 0xad, 0x35, 0xad, 0x34, 0xa5, 0x14, 0xa5, 0x34, 0xa5,
    0x15, 0xad, 0x35, 0xad, 0x34, 0xa5, 0x34, 0xa5, 0x34, 0xa5, 0x34, 0xa5,
    0x34, 0xa5, 0x34, 0xa5, 0x35, 0xad, 0x34, 0xa5, 0x14, 0xa5, 0x34, 0xa5,
    0x34, 0xa5, 0x34, 0xa5, 0x14, 0xa5, 0x35, 0xad, 0x34, 0xa5, 0x34, 0xa5,
    0x35, 0xad, 0x15, 0xad, 0x35, 0xad, 0x34, 0xa5, 0x34, 0xa5, 0x34, 0xa5,
    0x34, 0xa5, 0x14, 0xa5, 0x35, 0xad, 0x34, 0xa5, 0x14, 0xa5, 0x35, 0xad,
    0x34, 0xa5, 0x35, 0xad, 0x14, 0xa5, 0x34, 0xa5, 0x34, 0xa5, 0x34, 0xa5,
    0x35, 0xad, 0x34, 0xa5, 0x35, 0xad, 0x71, 0x8c, 0xa3, 0x18, 0x21, 0x08,
    0x41, 0x08, 0x41, 0x08, 0xe3, 0x18, 0x24, 0x21, 0x82, 0x10, 0x41, 0x08,
    0xa3, 0x10, 0x25, 0x21, 0x04, 0x21, 0xe3, 0x18, 0xe4, 0x18, 0xc4, 0x18,
    0xe3, 0x18, 0xc4, 0x18, 0xc3, 0x18, 0xc3, 0x18, 0xc3, 0x18, 0xc4, 0x18,
    0x8b, 0x52, 0xeb, 0x5a, 0xe4, 0x18, 0xcb, 0x5a, 0xcf, 0x7b, 0x82, 0x10,
    0xa3, 0x18, 0xa3, 0x10, 0xa3, 0x18, 0xa2, 0x10, 0xa3, 0x10, 0xa2, 0x10,
    0xa3, 0x10, 0xa2, 0x10, 0x82, 0x10, 0x83, 0x10, 0xa2, 0x10, 0xa2, 0x10,
    0x83, 0x10, 0x82, 0x10, 0x82, 0x10, 0x83, 0x10, 0x82, 0x10, 0x82, 0x10,
    0x83, 0x10, 0x82, 0x10, 0x82, 0x10, 0x83, 0x10, 0x82, 0x10, 0xa2, 0x10,
    0xa3, 0x18, 0xc3, 0x18, 0xe4, 0x18, 0xe4, 0x18, 0xe3, 0x18, 0xe4, 0x18,
    0xe4, 0x18, 0xe3, 0x20, 0xe3, 0x18, 0xe4, 0x18, 0xe4, 0x18, 0xe4, 0x18,
    0xe4, 0x18, 0xe3, 0x18, 0xc3, 0x18, 0xc4, 0x18, 0xe4, 0x18, 0xe3, 0x18,
    0xc3, 0x18, 0xc3, 0x18, 0xc3, 0x18, 0xc3, 0x18, 0xc4, 0x18, 0xab, 0x19,
    0x0d, 0x1a, 0xcc, 0x52, 0x55, 0xad, 0x96, 0xb5, 0x96, 0xb5, 0x96, 0xb5,
    0xb6, 0xb5, 0xd7, 0xbd, 0xb7, 0xbd, 0x76, 0xad, 0xb4, 0x94, 0x53, 0x7c,
    0x31, 0x4b, 0xce, 0x4a, 0x4f, 0x63, 0x91, 0x6b, 0x30, 0x53, 0xaf, 0x3a,
    0x4d, 0x2a, 0x4d, 0x32, 0xad, 0x4a, 0x0e, 0x5b, 0x90, 0x6b, 0xf1, 0x73,
    0x12, 0x74, 0x13, 0x74, 0x51, 0x53, 0x8f, 0x2a, 0x2d, 0x2a, 0x0b, 0x32,
    0xea, 0x31, 0xe8, 0x39, 0xa7, 0x31, 0xa7, 0x31, 0x08, 0x42, 0xcb, 0x5a,
    0x4e, 0x6b, 0xaf, 0x7b, 0xcf, 0x7b, 0x8f, 0x73, 0x6e, 0x73, 0x0c, 0x63,
    0x8a, 0x52, 0x48, 0x52, 0x48, 0x52, 0xa9, 0x5a, 0xea, 0x6a, 0xc9, 0x62,
    0x27, 0x4a, 0xa6, 0x39, 0x45, 0x29, 0x86, 0x31, 0x49, 0x4a, 0xec, 0x5a,
    0x34, 0xa5, 0x35, 0xad, 0x15, 0xad, 0x34, 0xa5, 0x35, 0xad, 0x14, 0xa5,
    0x34, 0xa5, 0x34, 0xa5, 0x34, 0xa5, 0x35, 0xad, 0x35, 0xad, 0x34, 0xa5,
    0x34, 0xa5, 0x34, 0xa5, 0x34, 0xa5, 0x14, 0xa5, 0x35, 0xad, 0x15, 0xad,
    0x15, 0xad, 0x35, 0xad, 0x34, 0xa5, 0x34, 0xa5, 0x14, 0xa5, 0x35, 0xad,
    0x35, 0xad, 0x35, 0xad, 0x34, 0xa5, 0x14, 0xa5, 0x35, 0xad, 0x35, 0xad,
    0x14, 0xa5, 0x34, 0xa5, 0x34, 0xa5, 0x34, 0xa5, 0x15, 0xad, 0x34, 0xa5,
    0x35, 0xad, 0x35, 0xad, 0x34, 0xa5, 0x35, 0xad, 0x34, 0xa5, 0x34, 0xa5,
    0x35, 0xad, 0x14, 0xa5, 0x34, 0xa5, 0x15, 0xad, 0x34, 0xa5, 0x15, 0xad,
    0x34, 0xa5, 0x34, 0xa5, 0x35, 0xad, 0x14, 0xa5, 0x86, 0x31, 0x21, 0x00,
    0x21, 0x08, 0x21, 0x08, 0xa3, 0x10, 0xe4, 0x18, 0x41, 0x08, 0x41, 0x08,
    0x62, 0x08, 0x04, 0x21, 0xe4, 0x20, 0xe4, 0x18, 0xe3, 0x18, 0xc3, 0x18,
    0xc4, 0x20, 0xc3, 0x18, 0xc3, 0x18, 0xc3, 0x18, 0xa3, 0x18, 0xc7, 0x31,
    0x4e, 0x63, 0xa7, 0x39, 0x45, 0x29, 0xd3, 0x94, 0x14, 0xa5, 0x05, 0x21,
    0xa3, 0x10, 0xa3, 0x10, 0xa3, 0x18, 0xa3, 0x10, 0xa3, 0x18, 0xa3, 0x18,
    0xa3, 0x10, 0x82, 0x10, 0x82, 0x18, 0xa3, 0x10, 0x82, 0x10, 0x83, 0x10,
    0x83, 0x10, 0x82, 0x10, 0xa3, 0x10, 0x82, 0x10, 0xa2, 0x10, 0x82, 0x10,
    0x83, 0x10, 0x82, 0x10, 0x82, 0x10, 0x82, 0x10, 0x82, 0x10, 0x82, 0x10,
    0xa3, 0x10, 0xc3, 0x18, 0xe4, 0x18, 0xe3, 0x18, 0xe3, 0x20, 0xe4, 0x20,
    0xe4, 0x18, 0xe4, 0x20, 0xe4, 0x18, 0xe3, 0x18, 0xe3, 0x20, 0xe3, 0x18,
    0xe3, 0x18, 0xe4, 0x18, 0xe4, 0x18, 0xc3, 0x18, 0xe3, 0x18, 0xe3, 0x18,
    0xc3, 0x18, 0xc4, 0x18, 0xc3, 0x18, 0xc3, 0x18, 0xc3, 0x18, 0x27, 0x19,
    0x0e, 0x1a, 0x2c, 0x2a, 0x30, 0x84, 0x96, 0xb5, 0x96, 0xb5, 0x96, 0xb5,
    0xb7, 0xb5, 0xd7, 0xbd, 0xb7, 0xb5, 0x56, 0xad, 0xb4, 0x94, 0x34, 0x74,
    0xf2, 0x73, 0x2f, 0x63, 0x2e, 0x5b, 0x30, 0x53, 0xaf, 0x42, 0x4e, 0x22,
    0xef, 0x4a, 0xb2, 0x6b, 0x32, 0x84, 0x6f, 0x6b, 0x4f, 0x5b, 0x70, 0x63,
    0xf0, 0x4a, 0xd0, 0x3a, 0xaf, 0x3a, 0x2d, 0x2a, 0x0b, 0x2a, 0x0a, 0x32,
    0xe9, 0x31, 0xa7, 0x31, 0x87, 0x31, 0xc8, 0x39, 0x8a, 0x52, 0x2d, 0x63,
    0x8e, 0x73, 0xef, 0x7b, 0xaf, 0x7b, 0x6d, 0x6b, 0x2c, 0x6b, 0xeb, 0x62,
    0x8a, 0x52, 0x28, 0x4a, 0xe7, 0x41, 0xc6, 0x39, 0xe6, 0x41, 0x89, 0x5a,
    0xca, 0x62, 0x89, 0x5a, 0x49, 0x4a, 0x29, 0x4a, 0xab, 0x5a, 0x2d, 0x6b,
    0x34, 0xa5, 0x15, 0xad, 0x34, 0xa5, 0x34, 0xa5, 0x34, 0xa5, 0x35, 0xad,
    0x35, 0xad, 0x14, 0xa5, 0x34, 0xa5, 0x34, 0xa5, 0x34, 0xa5, 0x35, 0xad,
    0x34, 0xa5, 0x34, 0xa5, 0x15, 0xad, 0x35, 0xad, 0x34, 0xa5, 0x34, 0xa5,
    0x34, 0xa5, 0x34, 0xa5, 0x14, 0xa5, 0x35, 0xad, 0x35, 0xad, 0x34, 0xa5,
    0x34, 0xa5, 0x14, 0xa5, 0x35, 0xad, 0x35, 0xad, 0x34, 0xa5, 0x34, 0xa5,
    0x14, 0xa5, 0x34, 0xa5, 0x34, 0xa5, 0x15, 0xad, 0x35, 0xad, 0x35, 0xad,
    0x34, 0xa5, 0x14, 0xa5, 0x34, 0xa5, 0x34, 0xa5, 0x35, 0xad, 0x34, 0xa5,
    0x14, 0xa5, 0x34, 0xa5, 0x35, 0xad, 0x34, 0xa5, 0x35, 0xad, 0x34, 0xa5,
    0x14, 0xa5, 0x35, 0xad, 0x34, 0xa5, 0x55, 0xad, 0xab, 0x5a, 0x21, 0x00,
    0x41, 0x08, 0x20, 0x08, 0x82, 0x10, 0x82, 0x10, 0x21, 0x08, 0x41, 0x08,
    0x41, 0x08, 0xe3, 0x18, 0xe4, 0x20, 0xe4, 0x18, 0xc3, 0x18, 0xc3, 0x18,
    0xe3, 0x18, 0xc3, 0x18, 0xc3, 0x18, 0xc3, 0x18, 0x04, 0x21, 0xec, 0x5a,
    0xcb, 0x52, 0xe4, 0x18, 0x2d, 0x6b, 0x97, 0xb5, 0x76, 0xad, 0x49, 0x4a,
    0x82, 0x10, 0xa3, 0x18, 0xa2, 0x18, 0xa3, 0x10, 0xa3, 0x10, 0xa2, 0x18,
    0xa2, 0x10, 0x83, 0x10, 0xa3, 0x10, 0xa3, 0x10, 0x82, 0x10, 0x82, 0x18,
    0xa2, 0x10, 0x82, 0x10, 0x82, 0x10, 0x82, 0x10, 0x82, 0x10, 0x83, 0x10,
    0x82, 0x10, 0x82, 0x10, 0x83, 0x10, 0x82, 0x10, 0x82, 0x10, 0x82, 0x10,
    0xa3, 0x10, 0xc3, 0x18, 0xe4, 0x18, 0xe4, 0x18, 0xe4, 0x18, 0xe4, 0x18,
    0xe3, 0x18, 0xe4, 0x18, 0xe4, 0x18, 0xe4, 0x20, 0xe4, 0x18, 0xe4, 0x20,
    0xe4, 0x18, 0xe4, 0x18, 0xe4, 0x20, 0xe3, 0x20, 0xc3, 0x18, 0xc4, 0x18,
    0xc4, 0x18, 0xc3, 0x18, 0xc3, 0x18, 0xc3, 0x18, 0xc3, 0x18, 0xc4, 0x10,
    0xcb, 0x19, 0x2e, 0x1a, 0xce, 0x42, 0x55, 0xad, 0xb6, 0xbd, 0xb6, 0xb5,
    0xb7, 0xb5, 0xb7, 0xb5, 0xb7, 0xb5, 0x57, 0xa5, 0xd4, 0x94, 0x54, 0x84,
    0xb2, 0x63, 0xb0, 0x7b, 0x90, 0x73, 0xef, 0x4a, 0x6f, 0x2a, 0x2e, 0x1a,
    0x2e, 0x1a, 0xcf, 0x42, 0xb1, 0x6b, 0x31, 0x7c, 0x12, 0x74, 0x33, 0x7c,
    0x91, 0x63, 0xb0, 0x32, 0x2e, 0x22, 0x0c, 0x2a, 0x0a, 0x32, 0xe9, 0x39,
    0xc8, 0x39, 0xa7, 0x31, 0xc7, 0x39, 0x49, 0x4a, 0xec, 0x62, 0x6e, 0x73,
    0xcf, 0x7b, 0xaf, 0x7b, 0xaf, 0x73, 0x4d, 0x6b, 0xeb, 0x62, 0x69, 0x52,
    0x68, 0x52, 0xa9, 0x5a, 0x0a, 0x6b, 0x0a, 0x6b, 0x48, 0x52, 0xe7, 0x41,
    0xa6, 0x39, 0x86, 0x31, 0xe8, 0x41, 0xab, 0x52, 0x2d, 0x63, 0x8e, 0x73,
    0x34, 0xa5, 0x34, 0xa5, 0x34, 0xa5, 0x35, 0xad, 0x14, 0xa5, 0x34, 0xa5,
    0x35, 0xad, 0x14, 0xa5, 0x35, 0xad, 0x15, 0xad, 0x14, 0xa5, 0x34, 0xa5,
    0x15, 0xad, 0x15, 0xad, 0x34, 0xa5, 0x34, 0xa5, 0x35, 0xad, 0x14, 0xa5,
    0x34, 0xa5, 0x35, 0xad, 0x15, 0xad, 0x34, 0xa5, 0x34, 0xa5, 0x15, 0xad,
    0x34, 0xa5, 0x34, 0xa5, 0x14, 0xa5, 0x34, 0xa5, 0x14, 0xa5, 0x34, 0xa5,
    0x35, 0xad, 0x35, 0xad, 0x15, 0xad, 0x34, 0xa5, 0x34, 0xa5, 0x14, 0xa5,
    0x14, 0xa5, 0x34, 0xa5, 0x35, 0xad, 0x15, 0xad, 0x14, 0xa5, 0x35, 0xad,
    0x35, 0xad, 0x34, 0xa5, 0x34, 0xa5, 0x35, 0xad, 0x14, 0xa5, 0x34, 0xa5,
    0x35, 0xad, 0x34, 0xa5, 0x35, 0xad, 0x55, 0xad, 0xcf, 0x7b, 0x61, 0x08,
    0x21, 0x08, 0x21, 0x08, 0x41, 0x08, 0x61, 0x08, 0x20, 0x08, 0x21, 0x08,
    0x61, 0x08, 0xe4, 0x18, 0xe4, 0x18, 0xe3, 0x20, 0xe3, 0x18, 0xc4, 0x18,
    0xc4, 0x18, 0xc3, 0x18, 0xc3, 0x18, 0xa3, 0x10, 0x08, 0x3a, 0x6e, 0x6b,
    0x86, 0x31, 0x86, 0x31, 0xd3, 0x9c, 0x55, 0xad, 0x76, 0xad, 0xcf, 0x7b,
    0x82, 0x10, 0xa3, 0x10, 0xa3, 0x18, 0xa2, 0x10, 0xa2, 0x10, 0xa2, 0x10,
    0x83, 0x10, 0x82, 0x10, 0xa2, 0x10, 0xa3, 0x10, 0x82, 0x10, 0x82, 0x10,
    0x83, 0x10, 0xa2, 0x10, 0x82, 0x10, 0x83, 0x10, 0x82, 0x10, 0x82, 0x10,
    0x82, 0x10, 0x82, 0x10, 0x82, 0x10, 0x62, 0x10, 0x62, 0x08, 0x82, 0x10,
    0x82, 0x10, 0xc3, 0x18, 0xe3, 0x18, 0xe4, 0x18, 0xe4, 0x20, 0xe4, 0x18,
    0xe4, 0x20, 0xe4, 0x20, 0xe3, 0x18, 0xe3, 0x20, 0x04, 0x19, 0xe4, 0x18,
    0xe4, 0x20, 0xe3, 0x18, 0xe3, 0x18, 0xe4, 0x18, 0xe4, 0x18, 0xe3, 0x18,
    0xc3, 0x18, 0xc3, 0x18, 0xc3, 0x18, 0xc3, 0x18, 0xc3, 0x18, 0xc3, 0x18,
    0x27, 0x19, 0x0d, 0x1a, 0x0e, 0x12, 0x12, 0x74, 0xb7, 0xbd, 0xb7, 0xb5,
    0xb7, 0xb5, 0x56, 0xa5, 0xb6, 0x8c, 0xf6, 0x94, 0x54, 0x7c, 0xd3, 0x6b,
    0xaf, 0x3a, 0x4c, 0x3a, 0xee, 0x52, 0x6e, 0x32, 0x0d, 0x1a, 0x0e, 0x1a,
    0x2e, 0x1a, 0x8e, 0x3a, 0x8e, 0x42, 0x90, 0x6b, 0x30, 0x5b, 0xf0, 0x42,
    0x51, 0x53, 0x6e, 0x32, 0x2d, 0x2a, 0x0b, 0x32, 0x09, 0x32, 0xe8, 0x39,
    0xa7, 0x31, 0xa7, 0x31, 0x29, 0x4a, 0xcb, 0x5a, 0x0c, 0x63, 0x6e, 0x73,
    0xaf, 0x73, 0x6d, 0x73, 0x2c, 0x6b, 0x0c, 0x63, 0xeb, 0x62, 0x69, 0x52,
    0xe7, 0x41, 0xc7, 0x41, 0x07, 0x42, 0x89, 0x5a, 0xea, 0x62, 0xea, 0x62,
    0x89, 0x5a, 0x28, 0x4a, 0x8a, 0x52, 0x0c, 0x63, 0x6e, 0x73, 0xcf, 0x7b,
    0x34, 0xa5, 0x15, 0xad, 0x35, 0xad, 0x34, 0xa5, 0x15, 0xad, 0x34, 0xa5,
    0x34, 0xa5, 0x34, 0xa5, 0x35, 0xad, 0x34, 0xa5, 0x35, 0xad, 0x34, 0xa5,
    0x34, 0xa5, 0x35, 0xad, 0x34, 0xa5, 0x34, 0xa5, 0x14, 0xa5, 0x35, 0xad,
    0x35, 0xad, 0x34, 0xa5, 0x34, 0xa5, 0x34, 0xa5, 0x14, 0xa5, 0x34, 0xa5,
    0x35, 0xad, 0x15, 0xad, 0x34, 0xa5, 0x35, 0xad, 0x34, 0xa5, 0x15, 0xad,
    0x35, 0xad, 0x34, 0xa5, 0x34, 0xa5, 0x34, 0xa5, 0x34, 0xa5, 0x34, 0xa5,
    0x35, 0xad, 0x35, 0xad, 0x34, 0xa5, 0x34, 0xa5, 0x34, 0xa5, 0x34, 0xa5,
    0x14, 0xa5, 0x35, 0xad, 0x35, 0xad, 0x14, 0xa5, 0x34, 0xa5, 0x35, 0xad,
    0x34, 0xa5, 0x14, 0xa5, 0x14, 0xa5, 0x35, 0xad, 0xb3, 0x9c, 0x04, 0x21,
    0x21, 0x08, 0x41, 0x00, 0x41, 0x08, 0x62, 0x08, 0x20, 0x00, 0x21, 0x08,
    0x41, 0x08, 0xc3, 0x18, 0xe4, 0x18, 0xe3, 0x18, 0xc4, 0x20, 0xe4, 0x18,
    0xc3, 0x18, 0xc3, 0x18, 0xc3, 0x18, 0x05, 0x21, 0x4d, 0x63, 0x8b, 0x52,
    0xe4, 0x18, 0xf0, 0x7b, 0xb7, 0xb5, 0x13, 0xad, 0x13, 0xb5, 0x15, 0xa5,
    0x04, 0x21, 0xa3, 0x10, 0xa3, 0x10, 0xa3, 0x10, 0xa3, 0x18, 0x83, 0x10,
    0xa2, 0x10, 0x83, 0x18, 0xa3, 0x10, 0x82, 0x10, 0x82, 0x18, 0x83, 0x10,
    0x83, 0x10, 0x82, 0x10, 0x83, 0x10, 0x82, 0x10, 0x82, 0x10, 0x83, 0x10,
    0x82, 0x10, 0x82, 0x10, 0x82, 0x10, 0x62, 0x08, 0x62, 0x08, 0x62, 0x10,
    0x82, 0x10, 0xa3, 0x10, 0xc3, 0x18, 0xe4, 0x18, 0xe4, 0x20, 0x04, 0x21,
    0xe3, 0x18, 0xe4, 0x20, 0x04, 0x19, 0xe4, 0x18, 0xe4, 0x20, 0x03, 0x19,
    0xe3, 0x20, 0xe4, 0x18, 0xe3, 0x18, 0xe4, 0x18, 0xe4, 0x18, 0xc3, 0x18,
    0xe3, 0x18, 0xc3, 0x18, 0xc3, 0x18, 0xc4, 0x18, 0xc3, 0x18, 0xc3, 0x18,
    0xc4, 0x18, 0xab, 0x19, 0x2e, 0x12, 0x4f, 0x22, 0x13, 0x74, 0xd4, 0x94,
    0xd5, 0x94, 0x54, 0x84, 0x32, 0x43, 0x92, 0x53, 0xb2, 0x6b, 0x10, 0x53,
    0x4d, 0x3a, 0xe9, 0x31, 0x4c, 0x3a, 0x2d, 0x2a, 0xed, 0x11, 0x8f, 0x3a,
    0x51, 0x53, 0x6e, 0x2a, 0x30, 0x53, 0x32, 0x7c, 0x33, 0x7c, 0x31, 0x4b,
    0x6f, 0x22, 0x2d, 0x2a, 0x0b, 0x2a, 0xea, 0x31, 0xc8, 0x31, 0xa7, 0x31,
    0x87, 0x31, 0xe8, 0x41, 0x6a, 0x4a, 0xeb, 0x5a, 0x4d, 0x6b, 0x8e, 0x73,
    0x8e, 0x73, 0x8e, 0x73, 0x4d, 0x6b, 0xaa, 0x5a, 0x69, 0x52, 0x89, 0x5a,
    0xc9, 0x62, 0x2a, 0x6b, 0xc9, 0x62, 0x07, 0x4a, 0xc6, 0x39, 0x86, 0x31,
    0xc7, 0x39, 0x6a, 0x52, 0x0c, 0x63, 0x6e, 0x73, 0xcf, 0x7b, 0x10, 0x84,
    0x34, 0xa5, 0x35, 0xad, 0x14, 0xa5, 0x34, 0xa5, 0x34, 0xa5, 0x35, 0xad,
    0x15, 0xad, 0x34, 0xa5, 0x34, 0xa5, 0x34, 0xa5, 0x34, 0xa5, 0x15, 0xad,
    0x34, 0xa5, 0x34, 0xa5, 0x35, 0xad, 0x15, 0xad, 0x34, 0xa5, 0x34, 0xa5,
    0x35, 0xad, 0x14, 0xa5, 0x14, 0xa5, 0x35, 0xad, 0x35, 0xad, 0x34, 0xa5,
    0x34, 0xa5, 0x35, 0xad, 0x35, 0xad, 0x34, 0xa5, 0x35, 0xad, 0x34, 0xa5,
    0x34, 0xa5, 0x34, 0xa5, 0x14, 0xa5, 0x35, 0xad, 0x15, 0xad, 0x35, 0xad,
    0x34, 0xa5, 0x34, 0xa5, 0x34, 0xa5, 0x15, 0xad, 0x35, 0xad, 0x34, 0xa5,
    0x15, 0xad, 0x34, 0xa5, 0x14, 0xa5, 0x34, 0xa5, 0x35, 0xad, 0x14, 0xa5,
    0x35, 0xad, 0x35, 0xad, 0x34, 0xa5, 0x35, 0xad, 0x34, 0xa5, 0xe8, 0x39,
    0x20, 0x00, 0x41, 0x08, 0x41, 0x08, 0x62, 0x10, 0x21, 0x08, 0x21, 0x00,
    0x41, 0x08, 0xc3, 0x18, 0xe4, 0x18, 0xe3, 0x18, 0xc3, 0x18, 0xc3, 0x18,
    0xc3, 0x18, 0xc3, 0x18, 0xa3, 0x18, 0x49, 0x4a, 0x6e, 0x6b, 0x66, 0x29,
    0x29, 0x42, 0x97, 0xb5, 0xb7, 0xbd, 0x35, 0xad, 0x55, 0xb5, 0xd7, 0xbd,
    0x29, 0x4a, 0x82, 0x10, 0xa3, 0x10, 0xa3, 0x18, 0xa2, 0x18, 0xa3, 0x10,
    0xa3, 0x10, 0xa2, 0x10, 0x82, 0x10, 0xa2, 0x10, 0xa2, 0x10, 0x82, 0x10,
    0xa2, 0x10, 0x82, 0x10, 0x83, 0x10, 0x82, 0x10, 0x82, 0x10, 0x82, 0x10,
    0x82, 0x10, 0x82, 0x10, 0x62, 0x08, 0x41, 0x08, 0x41, 0x10, 0x62, 0x10,
    0x82, 0x10, 0xa3, 0x10, 0xc3, 0x18, 0xe4, 0x18, 0x04, 0x21, 0xe4, 0x18,
    0xe4, 0x18, 0x04, 0x19, 0xe4, 0x20, 0xe4, 0x20, 0xe4, 0x18, 0xe4, 0x18,
    0xe4, 0x18, 0xe4, 0x18, 0xe4, 0x20, 0xe3, 0x20, 0xe3, 0x18, 0xc4, 0x18,
    0xc4, 0x18, 0xc4, 0x18, 0xc3, 0x18, 0xc3, 0x18, 0xc4, 0x18, 0xc3, 0x18,
    0xc3, 0x18, 0x47, 0x19, 0x0d, 0x1a, 0x2e, 0x1a, 0x2e, 0x1a, 0x8f, 0x2a,
    0x8f, 0x32, 0xaf, 0x32, 0x2e, 0x22, 0x0d, 0x1a, 0x8d, 0x42, 0x0b, 0x32,
    0xc9, 0x29, 0xa9, 0x31, 0xc9, 0x29, 0xae, 0x42, 0xaf, 0x3a, 0xf0, 0x4a,
    0xf2, 0x73, 0xb1, 0x63, 0x4e, 0x22, 0x8f, 0x32, 0x51, 0x4b, 0x10, 0x4b,
    0x4d, 0x2a, 0x4c, 0x32, 0x4b, 0x3a, 0x2a, 0x42, 0x09, 0x42, 0x08, 0x42,
    0x29, 0x42, 0x8a, 0x52, 0xec, 0x5a, 0xcc, 0x5a, 0x4d, 0x6b, 0x4d, 0x6b,
    0x2c, 0x6b, 0xeb, 0x62, 0x2c, 0x63, 0xeb, 0x62, 0x28, 0x4a, 0xe7, 0x41,
    0xc6, 0x41, 0x68, 0x52, 0xea, 0x62, 0x0a, 0x6b, 0xca, 0x62, 0x49, 0x4a,
    0x49, 0x4a, 0xec, 0x62, 0x6e, 0x73, 0xcf, 0x7b, 0x10, 0x84, 0x72, 0x94,
    0x34, 0xa5, 0x14, 0xa5, 0x34, 0xa5, 0x35, 0xad, 0x34, 0xa5, 0x34, 0xa5,
    0x34, 0xa5, 0x15, 0xad, 0x35, 0xad, 0x34, 0xa5, 0x14, 0xa5, 0x34, 0xa5,
    0x35, 0xad, 0x34, 0xa5, 0x14, 0xa5, 0x34, 0xa5, 0x35, 0xad, 0x34, 0xa5,
    0x14, 0xa5, 0x34, 0xa5, 0x35, 0xad, 0x35, 0xad, 0x34, 0xa5, 0x35, 0xad,
    0x14, 0xa5, 0x34, 0xa5, 0x34, 0xa5, 0x14, 0xa5, 0x14, 0xa5, 0x35, 0xad,
    0x34, 0xa5, 0x14, 0xa5, 0x35, 0xad, 0x35, 0xad, 0x34, 0xa5, 0x14, 0xa5,
    0x34, 0xa5, 0x15, 0xad, 0x15, 0xad, 0x34, 0xa5, 0x34, 0xa5, 0x35, 0xad,
    0x34, 0xa5, 0x34, 0xa5, 0x34, 0xa5, 0x35, 0xad, 0x34, 0xa5, 0x34, 0xa5,
    0x14, 0xa5, 0x34, 0xa5, 0x35, 0xad, 0x14, 0xa5, 0x55, 0xad, 0x0c, 0x63,
    0x21, 0x08, 0x21, 0x08, 0x21, 0x00, 0x61, 0x08, 0x41, 0x08, 0x20, 0x08,
    0x41, 0x08, 0x82, 0x10, 0xe4, 0x18, 0xc3, 0x18, 0xe3, 0x18, 0xc4, 0x18,
    0xc3, 0x18, 0xa3, 0x18, 0x45, 0x29, 0x6e, 0x6b, 0x6a, 0x4a, 0x04, 0x21,
    0x51, 0x8c, 0xd7, 0xbd, 0x97, 0xad, 0x96, 0xb5, 0xb7, 0xb5, 0xf8, 0xbd,
    0xf0, 0x7b, 0x82, 0x10, 0xa2, 0x10, 0xa3, 0x10, 0xa2, 0x10, 0xa2, 0x10,
    0x82, 0x18, 0x83, 0x10, 0xa3, 0x10, 0x83, 0x10, 0x82, 0x10, 0x83, 0x10,
    0x83, 0x10, 0xa2, 0x10, 0x82, 0x10, 0x82, 0x10, 0x82, 0x10, 0x82, 0x10,
    0x82, 0x10, 0x62, 0x10, 0x62, 0x08, 0x42, 0x08, 0x62, 0x08, 0x61, 0x08,
    0x62, 0x10, 0xa2, 0x10, 0xc3, 0x18, 0xe4, 0x18, 0x04, 0x21, 0x04, 0x19,
    0xe4, 0x20, 0x04, 0x21, 0xe4, 0x18, 0x04, 0x21, 0xe4, 0x18, 0xe4, 0x20,
    0xe4, 0x20, 0x04, 0x19, 0xe4, 0x18, 0xe3, 0x18, 0xe4, 0x18, 0xe3, 0x18,
    0xe3, 0x18, 0xc3, 0x18, 0xc4, 0x18, 0xc3, 0x18, 0xc3, 0x18, 0xc3, 0x18,
    0xc3, 0x18, 0xe4, 0x18, 0xcb, 0x19, 0x2e, 0x1a, 0x2e, 0x1a, 0x2e, 0x1a,
    0x2e, 0x1a, 0x4e, 0x2a, 0x8e, 0x3a, 0xec, 0x29, 0xc9, 0x31, 0xc8, 0x31,
    0x46, 0x21, 0xea, 0x31, 0x4c, 0x42, 0xae, 0x42, 0x11, 0x4b, 0x51, 0x53,
    0x91, 0x63, 0xf2, 0x7b, 0xaf, 0x3a, 0x0e, 0x12, 0x0e, 0x1a, 0x2d, 0x22,
    0x2c, 0x32, 0xad, 0x4a, 0x0d, 0x5b, 0x2d, 0x6b, 0x0c, 0x63, 0x0d, 0x63,
    0x4d, 0x6b, 0x6e, 0x73, 0xaf, 0x73, 0x6e, 0x73, 0x4d, 0x6b, 0x6e, 0x6b,
    0x4d, 0x6b, 0xcb, 0x62, 0xa9, 0x5a, 0xa9, 0x5a, 0xc9, 0x62, 0x0a, 0x6b,
    0xea, 0x62, 0x48, 0x52, 0xc6, 0x41, 0xa6, 0x39, 0xc7, 0x39, 0x29, 0x4a,
    0xcb, 0x5a, 0x6d, 0x6b, 0xcf, 0x7b, 0xf0, 0x83, 0x51, 0x8c, 0xb3, 0x9c,
    0x34, 0xa5, 0x35, 0xad, 0x35, 0xad, 0x34, 0xa5, 0x15, 0xad, 0x14, 0xa5,
    0x35, 0xad, 0x34, 0xa5, 0x34, 0xa5, 0x15, 0xad, 0x35, 0xad, 0x35, 0xad,
    0x34, 0xa5, 0x15, 0xad, 0x34, 0xa5, 0x34, 0xa5, 0x34, 0xa5, 0x35, 0xad,
    0x35, 0xad, 0x34, 0xa5, 0x34, 0xa5, 0x14, 0xa5, 0x14, 0xa5, 0x34, 0xa5,
    0x35, 0xad, 0x14, 0xa5, 0x34, 0xa5, 0x35, 0xad, 0x34, 0xa5, 0x34, 0xa5,
    0x35, 0xad, 0x15, 0xad, 0x34, 0xa5, 0x34, 0xa5, 0x34, 0xa5, 0x34, 0xa5,
    0x35, 0xad, 0x34, 0xa5, 0x34, 0xa5, 0x34, 0xa5, 0x34, 0xa5, 0x34, 0xa5,
    0x14, 0xa5, 0x35, 0xad, 0x35, 0xad, 0x14, 0xa5, 0x35, 0xad, 0x35, 0xad,
    0x34, 0xa5, 0x34, 0xa5, 0x14, 0xa5, 0x35, 0xad, 0x55, 0xad, 0x30, 0x8c,
    0xa2, 0x10, 0x21, 0x08, 0x21, 0x08, 0x41, 0x08, 0x61, 0x08, 0x21, 0x00,
    0x21, 0x08, 0x61, 0x08, 0xc3, 0x18, 0xe4, 0x18, 0xe4, 0x18, 0xc4, 0x18,
    0xc3, 0x18, 0xc3, 0x18, 0xab, 0x52, 0x6e, 0x6b, 0x25, 0x21, 0x8a, 0x52,
    0xb7, 0xb5, 0x76, 0xad, 0xb7, 0xb5, 0x59, 0xc6, 0x18, 0xc6, 0x19, 0xc6,
    0x10, 0x84, 0xa3, 0x10, 0xa3, 0x10, 0xa2, 0x18, 0x83, 0x10, 0x83, 0x10,
    0x83, 0x10, 0xa2, 0x10, 0x82, 0x10, 0x83, 0x18, 0xa3, 0x10, 0x82, 0x10,
    0x82, 0x10, 0x82, 0x10, 0x82, 0x10, 0x82, 0x10, 0x83, 0x10, 0x82, 0x10,
    0x62, 0x10, 0x62, 0x08, 0x41, 0x08, 0x61, 0x08, 0x61, 0x08, 0x42, 0x10,
    0x62, 0x10, 0x82, 0x10, 0xc3, 0x10, 0xc4, 0x18, 0xe4, 0x20, 0xe4, 0x20,
    0x04, 0x21, 0xe4, 0x20, 0xe4, 0x18, 0x04, 0x19, 0xe4, 0x20, 0x04, 0x21,
    0xe4, 0x18, 0xe4, 0x18, 0xe3, 0x20, 0xe4, 0x18, 0xe4, 0x18, 0xe3, 0x18,
    0xc3, 0x18, 0xe4, 0x18, 0xc3, 0x18, 0xc3, 0x18, 0xc3, 0x18, 0xc4, 0x18,
    0xc3, 0x18, 0xc3, 0x18, 0x27, 0x19, 0x0e, 0x1a, 0x2e, 0x1a, 0x2e, 0x1a,
    0x6f, 0x32, 0x6d, 0x3a, 0x8c, 0x42, 0x6c, 0x42, 0xa8, 0x29, 0x49, 0x4a,
    0xc8, 0x39, 0x0a, 0x3a, 0xee, 0x52, 0xd1, 0x73, 0x92, 0x5b, 0x30, 0x53,
    0x50, 0x63, 0xb1, 0x73, 0x0f, 0x53, 0x0d, 0x1a, 0x0d, 0x1a, 0x2d, 0x2a,
    0xcd, 0x4a, 0x2e, 0x63, 0x6e, 0x6b, 0xaf, 0x73, 0x8e, 0x73, 0x6e, 0x73,
    0x8e, 0x73, 0xcf, 0x7b, 0xf0, 0x7b, 0xcf, 0x7b, 0x8e, 0x73, 0x2c, 0x6b,
    0x4d, 0x6b, 0x4d, 0x6b, 0xca, 0x5a, 0x28, 0x4a, 0xe7, 0x41, 0x27, 0x4a,
    0xc9, 0x62, 0x0a, 0x6b, 0xca, 0x62, 0x69, 0x52, 0x49, 0x4a, 0xab, 0x5a,
    0x2d, 0x6b, 0xaf, 0x73, 0x10, 0x84, 0x51, 0x8c, 0xb2, 0x94, 0xd3, 0x9c,
    0x34, 0xa5, 0x15, 0xad, 0x34, 0xa5, 0x34, 0xa5, 0x34, 0xa5, 0x35, 0xad,
    0x34, 0xa5, 0x34, 0xa5, 0x14, 0xa5, 0x34, 0xa5, 0x35, 0xad, 0x34, 0xa5,
    0x14, 0xa5, 0x34, 0xa5, 0x35, 0xad, 0x15, 0xad, 0x35, 0xad, 0x14, 0xa5,
    0x14, 0xa5, 0x35, 0xad, 0x35, 0xad, 0x35, 0xad, 0x34, 0xa5, 0x34, 0xa5,
    0x34, 0xa5, 0x35, 0xad, 0x15, 0xad, 0x34, 0xa5, 0x35, 0xad, 0x14, 0xa5,
    0x34, 0xa5, 0x34, 0xa5, 0x35, 0xad, 0x34, 0xa5, 0x14, 0xa5, 0x35, 0xad,
    0x35, 0xad, 0x14, 0xa5, 0x34, 0xa5, 0x35, 0xad, 0x15, 0xad, 0x15, 0xad,
    0x35, 0xad, 0x34, 0xa5, 0x14, 0xa5, 0x35, 0xad, 0x34, 0xa5, 0x14, 0xa5,
    0x35, 0xad, 0x35, 0xad, 0x35, 0xad, 0x34, 0xa5, 0x35, 0xad, 0xf4, 0xa4,
    0x45, 0x29, 0x21, 0x00, 0x41, 0x08, 0x41, 0x08, 0x62, 0x08, 0x21, 0x08,
    0x21, 0x08, 0x41, 0x08, 0xc3, 0x18, 0xc3, 0x18, 0xc3, 0x18, 0xc3, 0x18,
    0xc3, 0x18, 0x87, 0x31, 0xaf, 0x73, 0x09, 0x42, 0x25, 0x21, 0xb3, 0x94,
    0xd7, 0xbd, 0x97, 0xb5, 0x19, 0xc6, 0x7a, 0xce, 0x59, 0xce, 0x96, 0xb5,
    0xc7, 0x39, 0x62, 0x10, 0xa3, 0x10, 0xa3, 0x18, 0xa3, 0x10, 0x82, 0x10,
    0xa2, 0x10, 0xa2, 0x10, 0xa2, 0x10, 0xa2, 0x10, 0x82, 0x10, 0x82, 0x10,
    0xa2, 0x10, 0x83, 0x10, 0x82, 0x10, 0x82, 0x10, 0x82, 0x10, 0x82, 0x10,
    0x62, 0x08, 0x41, 0x08, 0x62, 0x08, 0x41, 0x10, 0x41, 0x08, 0x42, 0x08,
    0x62, 0x10, 0x82, 0x10, 0xa3, 0x10, 0xc3, 0x18, 0xe4, 0x18, 0x04, 0x21,
    0x04, 0x19, 0x04, 0x19, 0x04, 0x21, 0xe4, 0x20, 0xe4, 0x18, 0x04, 0x19,
    0xe4, 0x20, 0xe4, 0x18, 0x04, 0x21, 0xe4, 0x18, 0xe3, 0x18, 0xe4, 0x20,
    0xe3, 0x18, 0xc4, 0x18, 0xe3, 0x18, 0xc3, 0x18, 0xc4, 0x18, 0xc3, 0x18,
    0xc3, 0x18, 0xc3, 0x18, 0xe4, 0x18, 0xab, 0x19, 0x2e, 0x12, 0xaf, 0x32,
    0x71, 0x63, 0x90, 0x73, 0x0e, 0x5b, 0xce, 0x4a, 0x2a, 0x3a, 0x29, 0x42,
    0x2d, 0x6b, 0x6b, 0x4a, 0xcd, 0x52, 0xd1, 0x73, 0xf2, 0x73, 0x91, 0x6b,
    0xed, 0x5a, 0xf0, 0x7b, 0x52, 0x84, 0xcf, 0x42, 0x0c, 0x22, 0x4c, 0x3a,
    0xac, 0x52, 0x4e, 0x6b, 0x8f, 0x73, 0xaf, 0x7b, 0xaf, 0x73, 0x6e, 0x73,
    0x8e, 0x73, 0xae, 0x7b, 0xcf, 0x7b, 0xcf, 0x7b, 0xcf, 0x7b, 0x4c, 0x6b,
    0xaa, 0x5a, 0xca, 0x5a, 0xea, 0x62, 0x2b, 0x6b, 0x2b, 0x6b, 0xa9, 0x62,
    0x07, 0x4a, 0xc7, 0x39, 0xe7, 0x41, 0x08, 0x42, 0xaa, 0x52, 0x2d, 0x6b,
    0x8e, 0x73, 0xef, 0x83, 0x51, 0x8c, 0xb2, 0x9c, 0xd3, 0x9c, 0x92, 0x94,
    0x34, 0xa5, 0x34, 0xa5, 0x14, 0xa5, 0x35, 0xad, 0x14, 0xa5, 0x34, 0xa5,
    0x35, 0xad, 0x15, 0xad, 0x35, 0xad, 0x34, 0xa5, 0x34, 0xa5, 0x14, 0xa5,
    0x34, 0xa5, 0x35, 0xad, 0x34, 0xa5, 0x34, 0xa5, 0x34, 0xa5, 0x34, 0xa5,
    0x34, 0xa5, 0x34, 0xa5, 0x14, 0xa5, 0x34, 0xa5, 0x35, 0xad, 0x15, 0xad,
    0x35, 0xad, 0x34, 0xa5, 0x34, 0xa5, 0x35, 0xad, 0x14, 0xa5, 0x35, 0xad,
    0x35, 0xad, 0x14, 0xa5, 0x34, 0xa5, 0x35, 0xad, 0x15, 0xad, 0x34, 0xa5,
    0x34, 0xa5, 0x15, 0xad, 0x35, 0xad, 0x34, 0xa5, 0x34, 0xa5, 0x34, 0xa5,
    0x34, 0xa5, 0x34, 0xa5, 0x35, 0xad, 0x34, 0xa5, 0x34, 0xa5, 0x14, 0xa5,
    0x34, 0xa5, 0x34, 0xa5, 0x14, 0xa5, 0x34, 0xa5, 0x35, 0xad, 0x55, 0xad,
    0x6a, 0x4a, 0x20, 0x00, 0x21, 0x08, 0x41, 0x08, 0x61, 0x08, 0x41, 0x08,
    0x21, 0x08, 0x41, 0x08, 0x82, 0x10, 0xe4, 0x18, 0xc3, 0x18, 0xc3, 0x18,
    0xc3, 0x18, 0x0c, 0x5b, 0x4d, 0x63, 0xe4, 0x20, 0xec, 0x5a, 0xb7, 0xbd,
    0xb7, 0xbd, 0xd7, 0xbd, 0x59, 0xce, 0x39, 0xc6, 0x39, 0xc6, 0x6e, 0x73,
    0xa3, 0x10, 0x66, 0x29, 0xa3, 0x10, 0xa2, 0x10, 0xa2, 0x10, 0x83, 0x10,
    0xa2, 0x18, 0x83, 0x10, 0x83, 0x10, 0x82, 0x10, 0x82, 0x10, 0xa3, 0x10,
    0x83, 0x10, 0x82, 0x10, 0x83, 0x10, 0x82, 0x10, 0x82, 0x10, 0x82, 0x10,
    0x62, 0x08, 0x41, 0x08, 0x61, 0x08, 0x42, 0x08, 0x62, 0x08, 0x61, 0x08,
    0x62, 0x10, 0x62, 0x10, 0xa2, 0x10, 0xc3, 0x18, 0xe4, 0x18, 0x04, 0x21,
    0x04, 0x21, 0xe4, 0x18, 0x04, 0x21, 0x04, 0x21, 0xe4, 0x18, 0x04, 0x21,
    0xe4, 0x18, 0xe4, 0x20, 0xe4, 0x18, 0xe4, 0x20, 0xe3, 0x20, 0xe4, 0x18,
    0xe4, 0x18, 0xe3, 0x18, 0xc4, 0x20, 0xe3, 0x18, 0xc3, 0x18, 0xc3, 0x18,
    0xe3, 0x18, 0xc3, 0x18, 0xc3, 0x18, 0x47, 0x19, 0x0e, 0x1a, 0x6f, 0x22,
    0x13, 0x7c, 0x53, 0x84, 0x52, 0x8c, 0x13, 0x74, 0xd2, 0x73, 0x2d, 0x63,
    0xaf, 0x73, 0x8f, 0x73, 0x2e, 0x63, 0xf1, 0x7b, 0xf2, 0x73, 0x93, 0x5b,
    0xf2, 0x73, 0x73, 0x8c, 0x73, 0x84, 0xf2, 0x73, 0x4d, 0x32, 0x8c, 0x42,
    0x8b, 0x4a, 0x8a, 0x52, 0xeb, 0x62, 0xeb, 0x62, 0x4d, 0x6b, 0xaf, 0x7b,
    0xaf, 0x73, 0xae, 0x73, 0xae, 0x7b, 0x6d, 0x73, 0x2c, 0x6b, 0x2c, 0x6b,
    0xeb, 0x62, 0x69, 0x52, 0x07, 0x4a, 0x48, 0x4a, 0xa9, 0x62, 0x0a, 0x6b,
    0x2b, 0x6b, 0xca, 0x62, 0x48, 0x4a, 0x6a, 0x52, 0xec, 0x62, 0x6e, 0x73,
    0xef, 0x7b, 0x30, 0x8c, 0x92, 0x94, 0xd3, 0x9c, 0xb2, 0x9c, 0x51, 0x8c,
    0x34, 0xa5, 0x15, 0xad, 0x35, 0xad, 0x34, 0xa5, 0x35, 0xad, 0x34, 0xa5,
    0x14, 0xa5, 0x34, 0xa5, 0x34, 0xa5, 0x35, 0xad, 0x14, 0xa5, 0x35, 0xad,
    0x35, 0xad, 0x35, 0xad, 0x34, 0xa5, 0x14, 0xa5, 0x35, 0xad, 0x34, 0xa5,
    0x35, 0xad, 0x35, 0xad, 0x34, 0xa5, 0x14, 0xa5, 0x34, 0xa5, 0x34, 0xa5,
    0x14, 0xa5, 0x34, 0xa5, 0x34, 0xa5, 0x34, 0xa5, 0x34, 0xa5, 0x34, 0xa5,
    0x35, 0xad, 0x35, 0xad, 0x14, 0xa5, 0x34, 0xa5, 0x34, 0xa5, 0x35, 0xad,
    0x34, 0xa5, 0x34, 0xa5, 0x34, 0xa5, 0x34, 0xa5, 0x15, 0xad, 0x34, 0xa5,
    0x34, 0xa5, 0x15, 0xad, 0x14, 0xa5, 0x34, 0xa5, 0x35, 0xad, 0x35, 0xad,
    0x35, 0xad, 0x34, 0xa5, 0x34, 0xa5, 0x35, 0xad, 0x14, 0xa5, 0x55, 0xad,
    0x8e, 0x73, 0x41, 0x08, 0x21, 0x08, 0x41, 0x08, 0x61, 0x08, 0x41, 0x08,
    0x21, 0x08, 0x41, 0x08, 0x61, 0x08, 0xe3, 0x18, 0xc4, 0x18, 0xa3, 0x18,
    0xc7, 0x39, 0xcf, 0x73, 0xe8, 0x39, 0x66, 0x31, 0xd3, 0x9c, 0xb7, 0xb5,
    0xd7, 0xbd, 0xb7, 0xbd, 0xf8, 0xc5, 0x39, 0xc6, 0x35, 0xa5, 0x25, 0x29,
    0xa7, 0x39, 0x72, 0x8c, 0xe4, 0x20, 0x82, 0x10, 0xa2, 0x10, 0x83, 0x10,
    0x83, 0x10, 0xa2, 0x10, 0x82, 0x10, 0x83, 0x18, 0x83, 0x10, 0x82, 0x10,
    0x82, 0x10, 0x82, 0x10, 0x82, 0x10, 0x82, 0x10, 0x82, 0x10, 0x62, 0x10,
    0x42, 0x08, 0x61, 0x08, 0x41, 0x08, 0x41, 0x08, 0x61, 0x08, 0x62, 0x08,
    0x41, 0x08, 0x62, 0x10, 0x82, 0x10, 0xc3, 0x18, 0xe4, 0x18, 0x04, 0x21,
    0x04, 0x21, 0x04, 0x21, 0x04, 0x21, 0x04, 0x19, 0x04, 0x21, 0xe4, 0x20,
    0x04, 0x19, 0xe4, 0x18, 0xe4, 0x18, 0xe4, 0x18, 0xe4, 0x18, 0xe3, 0x18,
    0xe4, 0x18, 0xe3, 0x18, 0xe3, 0x18, 0xc4, 0x18, 0xe3, 0x18, 0xc4, 0x18,
    0xc4, 0x18, 0xc3, 0x18, 0xc3, 0x18, 0xe4, 0x18, 0xcb, 0x19, 0x0e, 0x12,
    0x10, 0x4b, 0x33, 0x7c, 0xb2, 0x6b, 0xf2, 0x73, 0xf2, 0x73, 0x52, 0x84,
    0xf0, 0x7b, 0xf1, 0x7b, 0x70, 0x6b, 0x4f, 0x63, 0xd2, 0x73, 0x31, 0x4b,
    0x11, 0x3b, 0x13, 0x74, 0x94, 0x84, 0x91, 0x63, 0x0b, 0x32, 0xe9, 0x31,
    0x29, 0x42, 0x29, 0x4a, 0xc7, 0x39, 0x49, 0x4a, 0xeb, 0x62, 0x8e, 0x7b,
    0xaf, 0x7b, 0xaf, 0x7b, 0xcf, 0x7b, 0x8e, 0x73, 0xeb, 0x62, 0xaa, 0x5a,
    0xc9, 0x5a, 0x2b, 0x6b, 0x2b, 0x73, 0x0a, 0x6b, 0x68, 0x52, 0x07, 0x42,
    0xe7, 0x41, 0xe7, 0x41, 0x49, 0x4a, 0xec, 0x5a, 0x4e, 0x73, 0xcf, 0x7b,
    0x10, 0x84, 0x72, 0x94, 0xd3, 0x9c, 0xd3, 0x9c, 0x72, 0x94, 0x10, 0x84,
    0x34, 0xa5, 0x35, 0xad, 0x34, 0xa5, 0x34, 0xa5, 0x34, 0xa5, 0x35, 0xad,
    0x35, 0xad, 0x34, 0xa5, 0x34, 0xa5, 0x14, 0xa5, 0x35, 0xad, 0x34, 0xa5,
    0x14, 0xa5, 0x34, 0xa5, 0x14, 0xa5, 0x35, 0xad, 0x35, 0xad, 0x35, 0xad,
    0x14, 0xa5, 0x34, 0xa5, 0x15, 0xad, 0x35, 0xad, 0x34, 0xa5, 0x35, 0xad,
    0x34, 0xa5, 0x15, 0xad, 0x15, 0xad, 0x35, 0xad, 0x34, 0xa5, 0x14, 0xa5,
    0x34, 0xa5, 0x14, 0xa5, 0x34, 0xa5, 0x35, 0xad, 0x34, 0xa5, 0x34, 0xa5,
    0x15, 0xad, 0x34, 0xa5, 0x34, 0xa5, 0x15, 0xad, 0x34, 0xa5, 0x35, 0xad,
    0x35, 0xad, 0x34, 0xa5, 0x35, 0xad, 0x34, 0xa5, 0x14, 0xa5, 0x14, 0xa5,
    0x34, 0xa5, 0x35, 0xad, 0x15, 0xad, 0x34, 0xa5, 0x34, 0xa5, 0x35, 0xad,
    0x92, 0x94, 0xc3, 0x18, 0x21, 0x08, 0x21, 0x08, 0x41, 0x08, 0x61, 0x08,
    0x21, 0x08, 0x21, 0x00, 0x41, 0x08, 0xc3, 0x18, 0xc3, 0x18, 0xe4, 0x20,
    0x4d, 0x63, 0x0c, 0x63, 0x04, 0x19, 0x6e, 0x6b, 0x96, 0xb5, 0x96, 0xb5,
    0xb7, 0xbd, 0xd7, 0xbd, 0xd8, 0xbd, 0xf8, 0xbd, 0xcc, 0x5a, 0x82, 0x10,
    0xf0, 0x7b, 0x96, 0xb5, 0xe7, 0x41, 0x62, 0x10, 0x83, 0x10, 0xa2, 0x10,
    0x82, 0x10, 0xa2, 0x10, 0x82, 0x10, 0x82, 0x10, 0x82, 0x10, 0xa2, 0x10,
    0x82, 0x10, 0x82, 0x10, 0x82, 0x10, 0x82, 0x10, 0x82, 0x10, 0x62, 0x08,
    0x41, 0x08, 0x41, 0x08, 0x62, 0x08, 0x62, 0x10, 0x41, 0x08, 0x41, 0x08,
    0x62, 0x10, 0x41, 0x08, 0x62, 0x10, 0xa3, 0x10, 0xe4, 0x18, 0xe4, 0x20,
    0x04, 0x21, 0x04, 0x19, 0x04, 0x21, 0x04, 0x21, 0xe4, 0x18, 0xe4, 0x20,
    0xe4, 0x18, 0x04, 0x21, 0xe4, 0x20, 0xe4, 0x18, 0xe4, 0x18, 0xe4, 0x18,
    0xe3, 0x20, 0xe4, 0x18, 0xe4, 0x18, 0xe3, 0x18, 0xc4, 0x18, 0xe3, 0x18,
    0xc3, 0x18, 0xc4, 0x18, 0xc4, 0x18, 0xc3, 0x18, 0x27, 0x19, 0x0e, 0x1a,
    0x4e, 0x22, 0x51, 0x53, 0x10, 0x4b, 0xae, 0x42, 0x4b, 0x3a, 0x6a, 0x4a,
    0x6e, 0x6b, 0x6f, 0x63, 0x70, 0x6b, 0x32, 0x84, 0x30, 0x53, 0x6f, 0x2a,
    0x2e, 0x1a, 0x4e, 0x2a, 0x30, 0x53, 0x8d, 0x3a, 0xe9, 0x29, 0xa7, 0x29,
    0x45, 0x29, 0x45, 0x29, 0x04, 0x21, 0xa6, 0x39, 0x89, 0x52, 0x2c, 0x6b,
    0xae, 0x7b, 0x8e, 0x7b, 0x8d, 0x73, 0x4d, 0x6b, 0x2c, 0x6b, 0xca, 0x5a,
    0x48, 0x52, 0x68, 0x52, 0xa9, 0x5a, 0x0a, 0x6b, 0x2b, 0x6b, 0x0b, 0x6b,
    0x69, 0x52, 0x08, 0x42, 0xab, 0x52, 0x2d, 0x6b, 0xae, 0x73, 0x10, 0x84,
    0x51, 0x8c, 0xb3, 0x9c, 0xd3, 0x9c, 0x92, 0x94, 0x30, 0x8c, 0xcf, 0x7b,
    0x34, 0xa5, 0x14, 0xa5, 0x34, 0xa5, 0x35, 0xad, 0x14, 0xa5, 0x14, 0xa5,
    0x35, 0xad, 0x14, 0xa5, 0x35, 0xad, 0x35, 0xad, 0x34, 0xa5, 0x34, 0xa5,
    0x35, 0xad, 0x34, 0xa5, 0x34, 0xa5, 0x14, 0xa5, 0x34, 0xa5, 0x34, 0xa5,
    0x14, 0xa5, 0x35, 0xad, 0x34, 0xa5, 0x34, 0xa5, 0x35, 0xad, 0x14, 0xa5,
    0x35, 0xad, 0x34, 0xa5, 0x34, 0xa5, 0x34, 0xa5, 0x15, 0xad, 0x35, 0xad,
    0x34, 0xa5, 0x34, 0xa5, 0x35, 0xad, 0x14, 0xa5, 0x15, 0xad, 0x34, 0xa5,
    0x34, 0xa5, 0x15, 0xad, 0x35, 0xad, 0x34, 0xa5, 0x15, 0xad, 0x34, 0xa5,
    0x34, 0xa5, 0x14, 0xa5, 0x34, 0xa5, 0x35, 0xad, 0x35, 0xad, 0x34, 0xa5,
    0x34, 0xa5, 0x14, 0xa5, 0x34, 0xa5, 0x35, 0xad, 0x15, 0xad, 0x35, 0xad,
    0x14, 0xa5, 0xa7, 0x31, 0x20, 0x00, 0x41, 0x08, 0x41, 0x08, 0x62, 0x08,
    0x21, 0x08, 0x21, 0x00, 0x41, 0x08, 0xa2, 0x10, 0xa3, 0x18, 0x29, 0x42,
    0xf0, 0x7b, 0xa7, 0x31, 0xc7, 0x39, 0xd4, 0x9c, 0x56, 0xad, 0x55, 0xad,
    0xd7, 0xbd, 0xd7, 0xbd, 0xf8, 0xbd, 0x93, 0x94, 0xc3, 0x18, 0x29, 0x42,
    0x76, 0xad, 0x97, 0xb5, 0x6e, 0x6b, 0x62, 0x10, 0xa3, 0x10, 0xa2, 0x10,
    0xa2, 0x10, 0x83, 0x10, 0x83, 0x10, 0x83, 0x10, 0xa2, 0x10, 0x83, 0x10,
    0x82, 0x10, 0x82, 0x10, 0x82, 0x10, 0xa3, 0x10, 0x83, 0x10, 0x62, 0x08,
    0x61, 0x08, 0x61, 0x08, 0x42, 0x08, 0x61, 0x08, 0x62, 0x08, 0x41, 0x10,
    0x42, 0x08, 0x62, 0x08, 0x62, 0x10, 0xa2, 0x10, 0xc3, 0x18, 0x04, 0x21,
    0x04, 0x21, 0x04, 0x19, 0x04, 0x21, 0x04, 0x21, 0x04, 0x19, 0x04, 0x21,
    0xe4, 0x20, 0x04, 0x19, 0x04, 0x21, 0xe4, 0x20, 0xe4, 0x20, 0xe4, 0x18,
    0xe4, 0x18, 0xe4, 0x20, 0xe4, 0x18, 0xe3, 0x18, 0xe4, 0x18, 0xc3, 0x18,
    0xe3, 0x18, 0xe3, 0x18, 0xc3, 0x18, 0xc3, 0x18, 0xe4, 0x18, 0xcb, 0x19,
    0x2e, 0x12, 0x4f, 0x22, 0x6f, 0x32, 0x2e, 0x22, 0x6c, 0x42, 0xe9, 0x31,
    0x08, 0x42, 0xce, 0x52, 0xae, 0x4a, 0x91, 0x6b, 0x53, 0x7c, 0xf0, 0x3a,
    0x0e, 0x1a, 0x0c, 0x22, 0xeb, 0x21, 0xa9, 0x21, 0x67, 0x29, 0x46, 0x29,
    0x46, 0x29, 0x45, 0x29, 0x04, 0x21, 0x45, 0x29, 0x07, 0x42, 0xca, 0x5a,
    0x4d, 0x73, 0x8e, 0x73, 0x6d, 0x73, 0x4c, 0x73, 0xeb, 0x62, 0x0a, 0x6b,
    0x2b, 0x6b, 0x4b, 0x73, 0xea, 0x6a, 0x48, 0x52, 0xe7, 0x41, 0xe7, 0x41,
    0x28, 0x4a, 0x8a, 0x52, 0x2d, 0x6b, 0x8e, 0x73, 0xef, 0x83, 0x51, 0x8c,
    0xb2, 0x9c, 0xd3, 0x9c, 0x92, 0x94, 0x51, 0x8c, 0xf0, 0x83, 0x6e, 0x73,
    0x34, 0xa5, 0x35, 0xad, 0x15, 0xad, 0x34, 0xa5, 0x35, 0xad, 0x34, 0xa5,
    0x34, 0xa5, 0x34, 0xa5, 0x15, 0xad, 0x34, 0xa5, 0x34, 0xa5, 0x15, 0xad,
    0x34, 0xa5, 0x35, 0xad, 0x15, 0xad, 0x34, 0xa5, 0x34, 0xa5, 0x34, 0xa5,
    0x35, 0xad, 0x34, 0xa5, 0x34, 0xa5, 0x34, 0xa5, 0x34, 0xa5, 0x15, 0xad,
    0x34, 0xa5, 0x34, 0xa5, 0x35, 0xad, 0x34, 0xa5, 0x34, 0xa5, 0x35, 0xad,
    0x35, 0xad, 0x15, 0xad, 0x34, 0xa5, 0x35, 0xad, 0x34, 0xa5, 0x35, 0xad,
    0x15, 0xad, 0x34, 0xa5, 0x34, 0xa5, 0x35, 0xad, 0x34, 0xa5, 0x34, 0xa5,
    0x14, 0xa5, 0x35, 0xad, 0x35, 0xad, 0x34, 0xa5, 0x14, 0xa5, 0x35, 0xad,
    0x35, 0xad, 0x35, 0xad, 0x34, 0xa5, 0x34, 0xa5, 0x34, 0xa5, 0x35, 0xad,
    0x55, 0xad, 0xcb, 0x5a, 0x21, 0x00, 0x41, 0x08, 0x21, 0x08, 0x61, 0x08,
    0x41, 0x08, 0x20, 0x08, 0x41, 0x08, 0x61, 0x08, 0x25, 0x21, 0x8f, 0x73,
    0xec, 0x5a, 0x04, 0x21, 0x10, 0x7c, 0xb7, 0xb5, 0x13, 0xb5, 0x34, 0xad,
    0xd7, 0xbd, 0xd7, 0xbd, 0xb7, 0xb5, 0x29, 0x42, 0xc3, 0x18, 0x31, 0x84,
    0x96, 0xb5, 0x76, 0xad, 0xd3, 0x9c, 0xc3, 0x18, 0x82, 0x10, 0x83, 0x10,
    0x82, 0x10, 0xa3, 0x10, 0x82, 0x18, 0x82, 0x10, 0xa3, 0x10, 0x82, 0x10,
    0x83, 0x10, 0x82, 0x10, 0xa3, 0x18, 0xe4, 0x18, 0xc3, 0x18, 0x62, 0x10,
    0x41, 0x08, 0x62, 0x08, 0x41, 0x08, 0x41, 0x08, 0x41, 0x08, 0x62, 0x08,
    0x61, 0x08, 0x61, 0x08, 0x62, 0x10, 0x82, 0x10, 0xc3, 0x18, 0xe4, 0x18,
    0x04, 0x21, 0x04, 0x21, 0x04, 0x21, 0x05, 0x19, 0x04, 0x21, 0x04, 0x19,
    0x04, 0x21, 0xe4, 0x18, 0xe4, 0x18, 0x04, 0x19, 0xe4, 0x20, 0xe4, 0x20,
    0xe4, 0x18, 0xe3, 0x18, 0xe3, 0x18, 0xe4, 0x18, 0xe3, 0x20, 0xe4, 0x18,
    0xc4, 0x18, 0xe3, 0x18, 0xc3, 0x18, 0xc3, 0x18, 0xc3, 0x18, 0x47, 0x19,
    0x0e, 0x1a, 0x2e, 0x1a, 0x8f, 0x32, 0x4e, 0x22, 0xaf, 0x32, 0x0f, 0x53,
    0x0a, 0x3a, 0x6b, 0x42, 0x10, 0x4b, 0xcf, 0x42, 0x31, 0x53, 0xb0, 0x3a,
    0x0d, 0x22, 0x0c, 0x2a, 0xca, 0x29, 0x87, 0x21, 0x05, 0x21, 0x04, 0x21,
    0x66, 0x29, 0x86, 0x31, 0x25, 0x29, 0xe4, 0x20, 0xa6, 0x39, 0xca, 0x62,
    0x8d, 0x7b, 0xee, 0x83, 0x8e, 0x73, 0x0b, 0x63, 0xeb, 0x62, 0xca, 0x62,
    0xa9, 0x5a, 0x0a, 0x6b, 0x4b, 0x73, 0x2b, 0x73, 0xca, 0x5a, 0x08, 0x42,
    0x6a, 0x52, 0x0c, 0x63, 0x8e, 0x73, 0xf0, 0x83, 0x31, 0x8c, 0x92, 0x94,
    0xd3, 0x9c, 0xb3, 0x94, 0x71, 0x8c, 0x10, 0x84, 0xaf, 0x7b, 0xab, 0x5a,
    0x34, 0xa5, 0x15, 0xad, 0x34, 0xa5, 0x34, 0xa5, 0x34, 0xa5, 0x35, 0xad,
    0x35, 0xad, 0x34, 0xa5, 0x34, 0xa5, 0x14, 0xa5, 0x34, 0xa5, 0x35, 0xad,
    0x14, 0xa5, 0x34, 0xa5, 0x35, 0xad, 0x35, 0xad, 0x15, 0xad, 0x15, 0xad,
    0x34, 0xa5, 0x34, 0xa5, 0x15, 0xad, 0x15, 0xad, 0x35, 0xad, 0x34, 0xa5,
    0x34, 0xa5, 0x35, 0xad, 0x14, 0xa5, 0x15, 0xad, 0x34, 0xa5, 0x34, 0xa5,
    0x34, 0xa5, 0x14, 0xa5, 0x34, 0xa5, 0x34, 0xa5, 0x34, 0xa5, 0x34, 0xa5,
    0x34, 0xa5, 0x34, 0xa5, 0x34, 0xa5, 0x14, 0xa5, 0x34, 0xa5, 0x35, 0xad,
    0x15, 0xad, 0x34, 0xa5, 0x34, 0xa5, 0x14, 0xa5, 0x34, 0xa5, 0x34, 0xa5,
    0x34, 0xa5, 0x14, 0xa5, 0x35, 0xad, 0x34, 0xa5, 0x14, 0xa5, 0x34, 0xa5,
    0x55, 0xad, 0xf0, 0x83, 0x62, 0x10, 0x21, 0x08, 0x41, 0x08, 0x41, 0x08,
    0x41, 0x08, 0x21, 0x00, 0x21, 0x08, 0x41, 0x08, 0x8a, 0x4a, 0xf0, 0x7b,
    0x66, 0x29, 0x49, 0x4a, 0x97, 0xb5, 0xd7, 0xbd, 0x55, 0xb5, 0x75, 0xb5,
    0xd7, 0xbd, 0xf8, 0xbd, 0x10, 0x84, 0x82, 0x10, 0xec, 0x5a, 0x76, 0xb5,
    0x34, 0xad, 0xf2, 0xac, 0x76, 0xb5, 0xc8, 0x39, 0x82, 0x10, 0xa2, 0x10,
    0x83, 0x10, 0x82, 0x10, 0x82, 0x10, 0x82, 0x10, 0x82, 0x10, 0x82, 0x10,
    0x82, 0x10, 0xa3, 0x10, 0xe4, 0x18, 0x24, 0x21, 0xe3, 0x18, 0x82, 0x10,
    0x61, 0x08, 0x41, 0x10, 0x62, 0x10, 0x61, 0x08, 0x41, 0x08, 0x41, 0x10,
    0x62, 0x08, 0x41, 0x08, 0x62, 0x10, 0x62, 0x10, 0xa3, 0x18, 0xe4, 0x18,
    0x04, 0x21, 0x04, 0x21, 0x05, 0x21, 0x04, 0x21, 0x04, 0x21, 0x04, 0x21,
    0x04, 0x19, 0xe4, 0x20, 0xe4, 0x20, 0x04, 0x19, 0x04, 0x19, 0xe4, 0x20,
    0xe4, 0x18, 0xe4, 0x18, 0xe4, 0x20, 0xe3, 0x18, 0xe4, 0x18, 0xe3, 0x18,
    0xe3, 0x18, 0xc4, 0x20, 0xc4, 0x18, 0xc3, 0x18, 0xc3, 0x18, 0xc4, 0x18,
    0xcb, 0x19, 0x0e, 0x12, 0xb2, 0x6b, 0xd2, 0x6b, 0x2e, 0x1a, 0x8f, 0x32,
    0x8d, 0x42, 0xea, 0x31, 0xce, 0x4a, 0xf0, 0x42, 0x6f, 0x32, 0x2d, 0x22,
    0x2c, 0x2a, 0xea, 0x29, 0x88, 0x21, 0x46, 0x21, 0xe3, 0x18, 0xe3, 0x20,
    0x45, 0x29, 0xa7, 0x31, 0x66, 0x31, 0x04, 0x21, 0xc6, 0x41, 0x2b, 0x6b,
    0x0e, 0x8c, 0x90, 0x94, 0x50, 0x94, 0xce, 0x83, 0x6c, 0x73, 0x6c, 0x73,
    0x4b, 0x73, 0xa9, 0x5a, 0x28, 0x4a, 0xe7, 0x41, 0x28, 0x42, 0x6a, 0x52,
    0x0c, 0x63, 0x8e, 0x73, 0xcf, 0x7b, 0x30, 0x8c, 0x92, 0x94, 0xd3, 0x9c,
    0xb2, 0x9c, 0x72, 0x94, 0x10, 0x84, 0xaf, 0x7b, 0xeb, 0x5a, 0x25, 0x21,
    0x34, 0xa5, 0x34, 0xa5, 0x34, 0xa5, 0x35, 0xad, 0x14, 0xa5, 0x34, 0xa5,
    0x14, 0xa5, 0x15, 0xad, 0x35, 0xad, 0x34, 0xa5, 0x15, 0xad, 0x34, 0xa5,
    0x35, 0xad, 0x34, 0xa5, 0x14, 0xa5, 0x34, 0xa5, 0x34, 0xa5, 0x34, 0xa5,
    0x35, 0xad, 0x15, 0xad, 0x34, 0xa5, 0x34, 0xa5, 0x14, 0xa5, 0x34, 0xa5,
    0x35, 0xad, 0x14, 0xa5, 0x34, 0xa5, 0x34, 0xa5, 0x15, 0xad, 0x14, 0xa5,
    0x34, 0xa5, 0x34, 0xa5, 0x35, 0xad, 0x15, 0xad, 0x15, 0xad, 0x34, 0xa5,
    0x34, 0xa5, 0x15, 0xad, 0x35, 0xad, 0x35, 0xad, 0x14, 0xa5, 0x34, 0xa5,
    0x35, 0xad, 0x34, 0xa5, 0x14, 0xa5, 0x35, 0xad, 0x35, 0xad, 0x34, 0xa5,
    0x14, 0xa5, 0x35, 0xad, 0x14, 0xa5, 0x35, 0xad, 0x15, 0xad, 0x35, 0xad,
    0x35, 0xad, 0xd3, 0x9c, 0x04, 0x21, 0x20, 0x00, 0x21, 0x08, 0x41, 0x08,
    0x62, 0x08, 0x21, 0x00, 0x21, 0x08, 0x21, 0x08, 0x69, 0x4a, 0x8a, 0x52,
    0x45, 0x29, 0x72, 0x8c, 0xb7, 0xb5, 0x97, 0xb5, 0xb7, 0xbd, 0xd7, 0xb5,
    0xd8, 0xbd, 0x76, 0xad, 0x86, 0x31, 0x45, 0x29, 0x15, 0xa5, 0xd8, 0xbd,
    0x55, 0xad, 0x13, 0xb5, 0xb7, 0xbd, 0x6e, 0x6b, 0x62, 0x08, 0x82, 0x10,
    0xa2, 0x10, 0xa3, 0x10, 0x82, 0x10, 0x83, 0x10, 0xa2, 0x10, 0x82, 0x10,
    0x82, 0x10, 0xc3, 0x18, 0x05, 0x21, 0x25, 0x21, 0xe4, 0x20, 0xa3, 0x10,
    0x62, 0x08, 0x41, 0x08, 0x42, 0x08, 0x62, 0x08, 0x62, 0x10, 0x62, 0x08,
    0x42, 0x08, 0x42, 0x08, 0x41, 0x08, 0x62, 0x08, 0x82, 0x10, 0xe3, 0x18,
    0x04, 0x21, 0x04, 0x21, 0x04, 0x21, 0x04, 0x21, 0x04, 0x19, 0x04, 0x21,
    0x04, 0x21, 0x04, 0x19, 0x04, 0x21, 0xe4, 0x20, 0xe4, 0x18, 0x04, 0x19,
    0xe4, 0x20, 0xe4, 0x18, 0xe4, 0x20, 0xe4, 0x18, 0xe3, 0x18, 0xe4, 0x18,
    0xe3, 0x18, 0xc4, 0x18, 0xc3, 0x18, 0xc3, 0x18, 0xa3, 0x10, 0xa2, 0x10,
    0x27, 0x19, 0x0e, 0x12, 0x8f, 0x32, 0x93, 0x8c, 0x51, 0x53, 0x0e, 0x12,
    0x2e, 0x1a, 0xec, 0x21, 0x0c, 0x22, 0x8f, 0x2a, 0x4e, 0x2a, 0x2d, 0x2a,
    0xeb, 0x29, 0xa9, 0x29, 0x46, 0x21, 0xe4, 0x20, 0xc3, 0x18, 0xe3, 0x20,
    0x45, 0x29, 0x87, 0x31, 0x86, 0x31, 0x45, 0x29, 0x25, 0x29, 0x89, 0x52,
    0x8d, 0x7b, 0x0f, 0x8c, 0x70, 0x94, 0x91, 0x9c, 0x2f, 0x8c, 0x4c, 0x73,
    0x2b, 0x6b, 0x4b, 0x73, 0xea, 0x6a, 0x48, 0x4a, 0x29, 0x42, 0xcb, 0x5a,
    0x4d, 0x6b, 0xcf, 0x7b, 0x30, 0x8c, 0x72, 0x8c, 0xb3, 0x9c, 0xb3, 0x9c,
    0x71, 0x94, 0x30, 0x84, 0xcf, 0x7b, 0x2d, 0x6b, 0x66, 0x31, 0x41, 0x08,
    0x34, 0xa5, 0x15, 0xad, 0x35, 0xad, 0x34, 0xa5, 0x15, 0xad, 0x34, 0xa5,
    0x35, 0xad, 0x34, 0xa5, 0x34, 0xa5, 0x35, 0xad, 0x34, 0xa5, 0x34, 0xa5,
    0x34, 0xa5, 0x15, 0xad, 0x34, 0xa5, 0x34, 0xa5, 0x34, 0xa5, 0x35, 0xad,
    0x34, 0xa5, 0x34, 0xa5, 0x34, 0xa5, 0x34, 0xa5, 0x35, 0xad, 0x14, 0xa5,
    0x34, 0xa5, 0x35, 0xad, 0x35, 0xad, 0x34, 0xa5, 0x34, 0xa5, 0x35, 0xad,
    0x35, 0xad, 0x35, 0xad, 0x34, 0xa5, 0x34, 0xa5, 0x34, 0xa5, 0x35, 0xad,
    0x15, 0xad, 0x34, 0xa5, 0x35, 0xad, 0x14, 0xa5, 0x35, 0xad, 0x34, 0xa5,
    0x34, 0xa5, 0x14, 0xa5, 0x35, 0xad, 0x35, 0xad, 0x34, 0xa5, 0x15, 0xad,
    0x35, 0xad, 0x34, 0xa5, 0x34, 0xa5, 0x34, 0xa5, 0x34, 0xa5, 0x34, 0xa5,
    0x35, 0xad, 0x35, 0xad, 0x28, 0x42, 0x21, 0x00, 0x41, 0x08, 0x21, 0x08,
    0x61, 0x08, 0x21, 0x08, 0x21, 0x00, 0x41, 0x08, 0x82, 0x10, 0x82, 0x10,
    0x08, 0x42, 0xb7, 0xb5, 0x76, 0xad, 0xb7, 0xbd, 0x59, 0xc6, 0x18, 0xc6,
    0x18, 0xc6, 0x6e, 0x6b, 0x82, 0x10, 0x8f, 0x73, 0xf8, 0xbd, 0x96, 0xb5,
    0x96, 0xb5, 0x96, 0xb5, 0xb7, 0xb5, 0xcf, 0x7b, 0xa2, 0x10, 0x83, 0x10,
    0x82, 0x10, 0xa2, 0x18, 0xa2, 0x10, 0x83, 0x10, 0x82, 0x10, 0x82, 0x10,
    0xa3, 0x10, 0x04, 0x21, 0x25, 0x21, 0x25, 0x29, 0x04, 0x21, 0xa3, 0x18,
    0x62, 0x08, 0x61, 0x08, 0x61, 0x08, 0x41, 0x08, 0x41, 0x08, 0x41, 0x10,
    0x61, 0x08, 0x61, 0x08, 0x62, 0x10, 0x62, 0x08, 0x82, 0x10, 0xc3, 0x18,
    0xe4, 0x20, 0x04, 0x21, 0x04, 0x21, 0x24, 0x21, 0x05, 0x21, 0x05, 0x19,
    0x04, 0x21, 0x04, 0x21, 0x04, 0x19, 0x04, 0x21, 0xe4, 0x20, 0xe4, 0x20,
    0x04, 0x19, 0xe4, 0x20, 0xe4, 0x18, 0xe4, 0x20, 0xe4, 0x20, 0xe4, 0x18,
    0xe4, 0x20, 0xe3, 0x18, 0xc3, 0x18, 0xc3, 0x18, 0xa3, 0x10, 0xa2, 0x10,
    0xa3, 0x10, 0xcc, 0x19, 0x0e, 0x12, 0xf0, 0x42, 0x31, 0x53, 0x2e, 0x22,
    0x0e, 0x1a, 0x0e, 0x12, 0x0d, 0x1a, 0x0d, 0x1a, 0x0d, 0x22, 0x0b, 0x2a,
    0xc9, 0x29, 0x67, 0x21, 0x04, 0x19, 0xc3, 0x18, 0xe3, 0x20, 0x04, 0x29,
    0x24, 0x29, 0x45, 0x29, 0xa7, 0x31, 0xa7, 0x31, 0x66, 0x29, 0x08, 0x42,
    0x6d, 0x73, 0x0f, 0x84, 0xee, 0x83, 0x50, 0x8c, 0x70, 0x94, 0x0f, 0x8c,
    0x4c, 0x6b, 0x48, 0x52, 0x08, 0x42, 0x28, 0x4a, 0xab, 0x5a, 0x2d, 0x63,
    0x8e, 0x73, 0xcf, 0x83, 0x31, 0x8c, 0xb3, 0x9c, 0xd3, 0x9c, 0x92, 0x94,
    0x31, 0x8c, 0xf0, 0x7b, 0x4d, 0x6b, 0xe8, 0x39, 0x42, 0x08, 0x41, 0x08,
    0x34, 0xa5, 0x35, 0xad, 0x14, 0xa5, 0x34, 0xa5, 0x34, 0xa5, 0x35, 0xad,
    0x34, 0xa5, 0x34, 0xa5, 0x34, 0xa5, 0x14, 0xa5, 0x35, 0xad, 0x35, 0xad,
    0x14, 0xa5, 0x34, 0xa5, 0x35, 0xad, 0x35, 0xad, 0x15, 0xad, 0x14, 0xa5,
    0x34, 0xa5, 0x34, 0xa5, 0x15, 0xad, 0x35, 0xad, 0x34, 0xa5, 0x35, 0xad,
    0x35, 0xad, 0x34, 0xa5, 0x14, 0xa5, 0x35, 0xad, 0x35, 0xad, 0x34, 0xa5,
    0x34, 0xa5, 0x14, 0xa5, 0x15, 0xad, 0x34, 0xa5, 0x34, 0xa5, 0x14, 0xa5,
    0x34, 0xa5, 0x34, 0xa5, 0x34, 0xa5, 0x34, 0xa5, 0x34, 0xa5, 0x35, 0xad,
    0x15, 0xad, 0x34, 0xa5, 0x34, 0xa5, 0x34, 0xa5, 0x14, 0xa5, 0x34, 0xa5,
    0x34, 0xa5, 0x35, 0xad, 0x35, 0xad, 0x34, 0xa5, 0x14, 0xa5, 0x35, 0xad,
    0x34, 0xa5, 0x55, 0xad, 0x4d, 0x6b, 0x41, 0x08, 0x21, 0x08, 0x41, 0x08,
    0x61, 0x08, 0x41, 0x08, 0x20, 0x08, 0x41, 0x08, 0x21, 0x00, 0x21, 0x00,
    0x86, 0x31, 0xb7, 0xb5, 0xd7, 0xb5, 0x39, 0xc6, 0x5a, 0xce, 0x39, 0xce,
    0x15, 0xa5, 0x25, 0x21, 0xc7, 0x39, 0x76, 0xad, 0xb7, 0xb5, 0x76, 0xad,
    0xf8, 0xbd, 0xf8, 0xbd, 0x56, 0xad, 0xe8, 0x39, 0x82, 0x10, 0xa2, 0x10,
    0x83, 0x10, 0x82, 0x10, 0x83, 0x10, 0x82, 0x18, 0x82, 0x10, 0x82, 0x10,
    0xe4, 0x18, 0x25, 0x21, 0x45, 0x29, 0x45, 0x29, 0x25, 0x21, 0xc4, 0x18,
    0x62, 0x10, 0x61, 0x08, 0x62, 0x10, 0x62, 0x08, 0x42, 0x08, 0x62, 0x08,
    0x41, 0x10, 0x62, 0x08, 0x42, 0x08, 0x41, 0x10, 0x62, 0x10, 0xa3, 0x10,
    0xe4, 0x18, 0x04, 0x21, 0x05, 0x21, 0x04, 0x21, 0x04, 0x21, 0x04, 0x21,
    0x05, 0x19, 0x04, 0x21, 0x04, 0x21, 0x04, 0x19, 0x04, 0x21, 0xe4, 0x18,
    0xe4, 0x18, 0x04, 0x19, 0xe4, 0x18, 0xe4, 0x18, 0xe4, 0x18, 0xe3, 0x18,
    0xe3, 0x18, 0xc3, 0x18, 0xc3, 0x18, 0xa3, 0x18, 0xa3, 0x10, 0x82, 0x10,
    0x82, 0x10, 0x27, 0x11, 0x0e, 0x1a, 0x0e, 0x1a, 0x4e, 0x22, 0x2e, 0x1a,
    0x2e, 0x1a, 0x2e, 0x1a, 0x0d, 0x1a, 0x0d, 0x22, 0x2c, 0x2a, 0xca, 0x21,
    0x87, 0x21, 0xe5, 0x18, 0x82, 0x10, 0xa2, 0x18, 0x04, 0x21, 0x24, 0x21,
    0xe3, 0x20, 0x24, 0x21, 0xa7, 0x39, 0x08, 0x3a, 0x29, 0x4a, 0xab, 0x5a,
    0x4d, 0x6b, 0xf0, 0x83, 0x51, 0x8c, 0x10, 0x84, 0x30, 0x8c, 0x71, 0x94,
    0x2f, 0x8c, 0x4c, 0x6b, 0x49, 0x4a, 0x6a, 0x52, 0x0c, 0x63, 0x6e, 0x6b,
    0xcf, 0x7b, 0x10, 0x84, 0x72, 0x94, 0xb3, 0x9c, 0x92, 0x94, 0x51, 0x8c,
    0xf0, 0x83, 0x8e, 0x73, 0x29, 0x4a, 0xa2, 0x10, 0x41, 0x08, 0x41, 0x08,
    0x34, 0xa5, 0x14, 0xa5, 0x34, 0xa5, 0x35, 0xad, 0x14, 0xa5, 0x34, 0xa5,
    0x35, 0xad, 0x15, 0xad, 0x15, 0xad, 0x34, 0xa5, 0x14, 0xa5, 0x34, 0xa5,
    0x35, 0xad, 0x35, 0xad, 0x34, 0xa5, 0x14, 0xa5, 0x34, 0xa5, 0x34, 0xa5,
    0x35, 0xad, 0x15, 0xad, 0x34, 0xa5, 0x35, 0xad, 0x14, 0xa5, 0x34, 0xa5,
    0x34, 0xa5, 0x14, 0xa5, 0x34, 0xa5, 0x34, 0xa5, 0x14, 0xa5, 0x14, 0xa5,
    0x34, 0xa5, 0x34, 0xa5, 0x34, 0xa5, 0x15, 0xad, 0x35, 0xad, 0x35, 0xad,
    0x34, 0xa5, 0x35, 0xad, 0x15, 0xad, 0x34, 0xa5, 0x34, 0xa5, 0x15, 0xad,
    0x34, 0xa5, 0x34, 0xa5, 0x35, 0xad, 0x35, 0xad, 0x14, 0xa5, 0x34, 0xa5,
    0x35, 0xad, 0x34, 0xa5, 0x14, 0xa5, 0x15, 0xad, 0x35, 0xad, 0x34, 0xa5,
    0x14, 0xa5, 0x35, 0xad, 0x51, 0x8c, 0xa3, 0x10, 0x21, 0x08, 0x21, 0x08,
    0x41, 0x08, 0x61, 0x08, 0x21, 0x00, 0x21, 0x08, 0x41, 0x08, 0x41, 0x08,
    0xa3, 0x18, 0xd3, 0x9c, 0xf8, 0xbd, 0x59, 0xce, 0x39, 0xce, 0xf8, 0xbd,
    0xcc, 0x5a, 0xa3, 0x10, 0x31, 0x84, 0xd7, 0xbd, 0xb7, 0xb5, 0xb7, 0xb5,
    0x59, 0xce, 0x39, 0xc6, 0xd0, 0x7b, 0xa3, 0x10, 0x82, 0x10, 0x82, 0x10,
    0xa3, 0x10, 0xa3, 0x10, 0x82, 0x10, 0x83, 0x10, 0x82, 0x10, 0xa3, 0x18,
    0x04, 0x21, 0x45, 0x29, 0x45, 0x29, 0x45, 0x21, 0x25, 0x21, 0x04, 0x21,
    0x82, 0x10, 0x62, 0x08, 0x42, 0x08, 0x41, 0x10, 0x61, 0x10, 0x62, 0x08,
    0x62, 0x08, 0x61, 0x10, 0x41, 0x08, 0x61, 0x08, 0x61, 0x08, 0x82, 0x10,
    0xc3, 0x18, 0x04, 0x21, 0x04, 0x21, 0x05, 0x21, 0x24, 0x21, 0x04, 0x21,
    0x04, 0x21, 0x04, 0x19, 0x04, 0x21, 0x04, 0x21, 0x04, 0x19, 0x04, 0x21,
    0xe4, 0x20, 0x04, 0x21, 0xe4, 0x20, 0xe4, 0x18, 0x04, 0x19, 0xe3, 0x18,
    0xe4, 0x18, 0xc3, 0x18, 0xa3, 0x18, 0xa3, 0x10, 0x82, 0x10, 0x82, 0x10,
    0x82, 0x10, 0xa3, 0x10, 0xcb, 0x19, 0x2e, 0x12, 0x0e, 0x12, 0x2e, 0x1a,
    0x2e, 0x1a, 0x0e, 0x1a, 0x0d, 0x1a, 0x0c, 0x2a, 0xea, 0x29, 0x88, 0x21,
    0x26, 0x19, 0x82, 0x10, 0x41, 0x08, 0x82, 0x10, 0xe3, 0x20, 0x03, 0x21,
    0xe3, 0x20, 0x24, 0x29, 0x45, 0x29, 0x29, 0x4a, 0x2d, 0x6b, 0x6e, 0x73,
    0xaf, 0x7b, 0x10, 0x84, 0x31, 0x8c, 0xef, 0x7b, 0xaf, 0x7b, 0x51, 0x8c,
    0x71, 0x94, 0x31, 0x84, 0xae, 0x73, 0x2d, 0x6b, 0x4d, 0x6b, 0xaf, 0x7b,
    0xf0, 0x83, 0x71, 0x8c, 0xb3, 0x9c, 0x72, 0x94, 0x51, 0x8c, 0x10, 0x84,
    0x8e, 0x73, 0xaa, 0x52, 0xe3, 0x18, 0x41, 0x08, 0x61, 0x08, 0x42, 0x10,
    0x34, 0xa5, 0x35, 0xad, 0x35, 0xad, 0x34, 0xa5, 0x35, 0xad, 0x14, 0xa5,
    0x34, 0xa5, 0x34, 0xa5, 0x34, 0xa5, 0x35, 0xad, 0x35, 0xad, 0x34, 0xa5,
    0x34, 0xa5, 0x14, 0xa5, 0x34, 0xa5, 0x34, 0xa5, 0x35, 0xad, 0x35, 0xad,
    0x34, 0xa5, 0x34, 0xa5, 0x34, 0xa5, 0x34, 0xa5, 0x35, 0xad, 0x14, 0xa5,
    0x34, 0xa5, 0x15, 0xad, 0x35, 0xad, 0x35, 0xad, 0x34, 0xa5, 0x35, 0xad,
    0x15, 0xad, 0x35, 0xad, 0x35, 0xad, 0x34, 0xa5, 0x34, 0xa5, 0x34, 0xa5,
    0x15, 0xad, 0x34, 0xa5, 0x34, 0xa5, 0x15, 0xad, 0x35, 0xad, 0x34, 0xa5,
    0x14, 0xa5, 0x34, 0xa5, 0x35, 0xad, 0x14, 0xa5, 0x35, 0xad, 0x35, 0xad,
    0x34, 0xa5, 0x14, 0xa5, 0x34, 0xa5, 0x34, 0xa5, 0x34, 0xa5, 0x35, 0xad,
    0x34, 0xa5, 0x35, 0xad, 0x14, 0xa5, 0x66, 0x31, 0x00, 0x00, 0x41, 0x08,
    0x21, 0x08, 0x62, 0x08, 0x21, 0x00, 0x20, 0x08, 0x41, 0x08, 0x41, 0x08,
    0x41, 0x08, 0x6e, 0x73, 0xd7, 0xbd, 0xd8, 0xbd, 0x39, 0xc6, 0x92, 0x94,
    0xc3, 0x18, 0x6a, 0x4a, 0x96, 0xb5, 0xd7, 0xbd, 0xd7, 0xbd, 0x19, 0xc6,
    0x59, 0xce, 0x56, 0xad, 0xa7, 0x31, 0x82, 0x10, 0x82, 0x10, 0xa3, 0x10,
    0xa2, 0x10, 0x82, 0x10, 0x82, 0x10, 0x82, 0x10, 0xa3, 0x10, 0xe4, 0x18,
    0x25, 0x21, 0x45, 0x29, 0x45, 0x29, 0x45, 0x21, 0x45, 0x21, 0x25, 0x21,
    0xa3, 0x10, 0x61, 0x08, 0x41, 0x08, 0x42, 0x08, 0x61, 0x08, 0x41, 0x08,
    0x42, 0x08, 0x61, 0x08, 0x42, 0x08, 0x62, 0x08, 0x62, 0x08, 0x62, 0x10,
    0xc3, 0x18, 0xe4, 0x20, 0x04, 0x21, 0x24, 0x21, 0x05, 0x21, 0x04, 0x21,
    0x04, 0x21, 0x04, 0x21, 0x05, 0x21, 0x04, 0x19, 0x04, 0x21, 0x04, 0x21,
    0x05, 0x21, 0xe4, 0x20, 0x04, 0x19, 0xe4, 0x20, 0xe4, 0x20, 0xe4, 0x18,
    0xc3, 0x18, 0xc3, 0x18, 0xa3, 0x18, 0xa3, 0x10, 0x82, 0x10, 0x82, 0x10,
    0x62, 0x10, 0x62, 0x10, 0x27, 0x11, 0x2e, 0x1a, 0x2e, 0x1a, 0x0e, 0x1a,
    0x0d, 0x12, 0x0d, 0x1a, 0x2d, 0x22, 0x0b, 0x2a, 0xa9, 0x29, 0x47, 0x21,
    0xa3, 0x10, 0x61, 0x08, 0x62, 0x10, 0x62, 0x10, 0xa3, 0x18, 0x03, 0x21,
    0x24, 0x29, 0x03, 0x21, 0xc3, 0x20, 0x45, 0x29, 0x4d, 0x6b, 0x30, 0x8c,
    0x30, 0x84, 0x31, 0x8c, 0x10, 0x84, 0x8e, 0x73, 0xec, 0x62, 0xcb, 0x5a,
    0xaf, 0x7b, 0x31, 0x8c, 0x31, 0x84, 0xf0, 0x83, 0xf0, 0x83, 0x10, 0x84,
    0x51, 0x8c, 0x92, 0x94, 0x92, 0x94, 0x51, 0x8c, 0x10, 0x84, 0xaf, 0x7b,
    0xec, 0x5a, 0x45, 0x29, 0x82, 0x10, 0x82, 0x10, 0x82, 0x10, 0x82, 0x10,
    0x34, 0xa5, 0x15, 0xad, 0x34, 0xa5, 0x34, 0xa5, 0x14, 0xa5, 0x35, 0xad,
    0x35, 0xad, 0x34, 0xa5, 0x34, 0xa5, 0x34, 0xa5, 0x34, 0xa5, 0x35, 0xad,
    0x14, 0xa5, 0x34, 0xa5, 0x35, 0xad, 0x15, 0xad, 0x34, 0xa5, 0x34, 0xa5,
    0x14, 0xa5, 0x15, 0xad, 0x35, 0xad, 0x14, 0xa5, 0x34, 0xa5, 0x35, 0xad,
    0x35, 0xad, 0x34, 0xa5, 0x34, 0xa5, 0x14, 0xa5, 0x35, 0xad, 0x34, 0xa5,
    0x34, 0xa5, 0x14, 0xa5, 0x34, 0xa5, 0x34, 0xa5, 0x34, 0xa5, 0x15, 0xad,
    0x34, 0xa5, 0x34, 0xa5, 0x14, 0xa5, 0x34, 0xa5, 0x34, 0xa5, 0x34, 0xa5,
    0x35, 0xad, 0x35, 0xad, 0x14, 0xa5, 0x34, 0xa5, 0x34, 0xa5, 0x34, 0xa5,
    0x14, 0xa5, 0x35, 0xad, 0x35, 0xad, 0x35, 0xad, 0x14, 0xa5, 0x14, 0xa5,
    0x35, 0xad, 0x34, 0xa5, 0x55, 0xad, 0x8a, 0x52, 0x20, 0x00, 0x41, 0x08,
    0x41, 0x08, 0x61, 0x08, 0x41, 0x08, 0x21, 0x08, 0x41, 0x08, 0x41, 0x08,
    0x41, 0x00, 0x08, 0x42, 0xb7, 0xb5, 0xb7, 0xb5, 0x97, 0xb5, 0x08, 0x42,
    0xe4, 0x18, 0x93, 0x94, 0xb7, 0xbd, 0xd7, 0xbd, 0xb7, 0xbd, 0x18, 0xc6,
    0xf8, 0xbd, 0x2d, 0x6b, 0x82, 0x10, 0xa2, 0x10, 0x82, 0x10, 0x83, 0x10,
    0x82, 0x10, 0x82, 0x10, 0x83, 0x10, 0x82, 0x10, 0xa3, 0x18, 0x04, 0x21,
    0x45, 0x29, 0x45, 0x29, 0x45, 0x29, 0x46, 0x29, 0x45, 0x29, 0x45, 0x21,
    0xc4, 0x18, 0x62, 0x10, 0x61, 0x08, 0x62, 0x08, 0x42, 0x08, 0x61, 0x10,
    0x41, 0x08, 0x62, 0x08, 0x41, 0x10, 0x41, 0x08, 0x41, 0x08, 0x62, 0x08,
    0xa3, 0x10, 0xe4, 0x18, 0x04, 0x21, 0x05, 0x21, 0x04, 0x21, 0x04, 0x21,
    0x05, 0x21, 0x05, 0x21, 0x24, 0x21, 0x04, 0x21, 0x04, 0x21, 0x04, 0x19,
    0x04, 0x19, 0x04, 0x19, 0xe4, 0x18, 0xe4, 0x20, 0xe4, 0x18, 0xe3, 0x18,
    0xc3, 0x18, 0xc3, 0x18, 0xa3, 0x10, 0x82, 0x10, 0x82, 0x10, 0x82, 0x10,
    0x62, 0x08, 0x62, 0x10, 0xa3, 0x10, 0xcc, 0x19, 0x2e, 0x1a, 0x2e, 0x1a,
    0x0d, 0x1a, 0x2d, 0x22, 0x0c, 0x2a, 0xc9, 0x29, 0x67, 0x21, 0xe4, 0x18,
    0x62, 0x08, 0x61, 0x08, 0x62, 0x08, 0x62, 0x10, 0x62, 0x10, 0xe3, 0x20,
    0x23, 0x21, 0xe3, 0x20, 0xe3, 0x18, 0xa2, 0x18, 0x86, 0x31, 0x8e, 0x73,
    0x51, 0x8c, 0x31, 0x8c, 0xcf, 0x7b, 0x8f, 0x73, 0xec, 0x5a, 0xe8, 0x39,
    0x8a, 0x52, 0xae, 0x73, 0x31, 0x84, 0x30, 0x84, 0x10, 0x84, 0x31, 0x8c,
    0x92, 0x94, 0x92, 0x94, 0x51, 0x8c, 0x10, 0x84, 0xaf, 0x7b, 0x0d, 0x63,
    0x66, 0x31, 0xa2, 0x10, 0xa2, 0x18, 0xa3, 0x18, 0x04, 0x21, 0x04, 0x21,
    0x34, 0xa5, 0x34, 0xa5, 0x14, 0xa5, 0x35, 0xad, 0x34, 0xa5, 0x34, 0xa5,
    0x35, 0xad, 0x14, 0xa5, 0x15, 0xad, 0x35, 0xad, 0x14, 0xa5, 0x14, 0xa5,
    0x35, 0xad, 0x35, 0xad, 0x34, 0xa5, 0x34, 0xa5, 0x15, 0xad, 0x34, 0xa5,
    0x35, 0xad, 0x34, 0xa5, 0x34, 0xa5, 0x35, 0xad, 0x14, 0xa5, 0x34, 0xa5,
    0x35, 0xad, 0x34, 0xa5, 0x34, 0xa5, 0x35, 0xad, 0x14, 0xa5, 0x34, 0xa5,
    0x35, 0xad, 0x34, 0xa5, 0x34, 0xa5, 0x15, 0xad, 0x15, 0xad, 0x34, 0xa5,
    0x34, 0xa5, 0x35, 0xad, 0x35, 0xad, 0x34, 0xa5, 0x35, 0xad, 0x15, 0xad,
    0x34, 0xa5, 0x34, 0xa5, 0x15, 0xad, 0x34, 0xa5, 0x34, 0xa5, 0x15, 0xad,
    0x35, 0xad, 0x34, 0xa5, 0x14, 0xa5, 0x34, 0xa5, 0x35, 0xad, 0x34, 0xa5,
    0x34, 0xa5, 0x35, 0xad, 0x55, 0xad, 0xcf, 0x7b, 0x41, 0x08, 0x21, 0x08,
    0x21, 0x08, 0x41, 0x08, 0x41, 0x08, 0x21, 0x00, 0x41, 0x00, 0x41, 0x08,
    0x41, 0x08, 0xe3, 0x18, 0xf4, 0xa4, 0xb7, 0xbd, 0xaf, 0x73, 0x82, 0x10,
    0x0c, 0x63, 0x97, 0xb5, 0x96, 0xb5, 0xd7, 0xbd, 0xd7, 0xbd, 0xd7, 0xb5,
    0x93, 0x94, 0x25, 0x21, 0x82, 0x10, 0x82, 0x10, 0xa2, 0x10, 0xa2, 0x10,
    0xa3, 0x18, 0x82, 0x10, 0xa3, 0x10, 0x82, 0x10, 0xc3, 0x18, 0x25, 0x21,
    0x45, 0x29, 0x45, 0x29, 0x45, 0x29, 0x45, 0x21, 0x45, 0x29, 0x45, 0x29,
    0x04, 0x21, 0x82, 0x10, 0x62, 0x08, 0x41, 0x08, 0x61, 0x10, 0x42, 0x08,
    0x62, 0x08, 0x41, 0x10, 0x41, 0x08, 0x61, 0x08, 0x41, 0x08, 0x41, 0x08,
    0x62, 0x10, 0xe3, 0x18, 0x04, 0x21, 0x04, 0x21, 0x25, 0x21, 0x24, 0x21,
    0x04, 0x21, 0x04, 0x21, 0x04, 0x21, 0x04, 0x21, 0x05, 0x21, 0x04, 0x21,
    0x04, 0x19, 0x04, 0x21, 0xe4, 0x20, 0xe4, 0x18, 0xe4, 0x18, 0xc3, 0x18,
    0xc3, 0x18, 0xa3, 0x10, 0x82, 0x10, 0x82, 0x10, 0x82, 0x10, 0x62, 0x10,
    0x82, 0x08, 0x62, 0x08, 0x61, 0x08, 0x27, 0x11, 0x0e, 0x1a, 0x0e, 0x1a,
    0x0d, 0x1a, 0x0c, 0x2a, 0xea, 0x29, 0x88, 0x21, 0x05, 0x19, 0x62, 0x10,
    0x62, 0x08, 0x61, 0x08, 0x42, 0x10, 0x61, 0x08, 0x62, 0x10, 0xc3, 0x18,
    0xe3, 0x20, 0xe3, 0x18, 0xc3, 0x18, 0x82, 0x10, 0x82, 0x10, 0x6a, 0x4a,
    0xcf, 0x7b, 0x31, 0x8c, 0xcf, 0x7b, 0x0c, 0x63, 0xab, 0x52, 0x29, 0x4a,
    0x6a, 0x52, 0x4d, 0x6b, 0x10, 0x84, 0x31, 0x8c, 0x31, 0x8c, 0x72, 0x94,
    0xb2, 0x94, 0x71, 0x8c, 0x10, 0x84, 0xcf, 0x7b, 0x4e, 0x6b, 0xe8, 0x39,
    0x82, 0x10, 0x82, 0x10, 0xa2, 0x10, 0xc3, 0x18, 0x04, 0x21, 0x86, 0x31,
    0x34, 0xa5, 0x15, 0xad, 0x35, 0xad, 0x34, 0xa5, 0x15, 0xad, 0x34, 0xa5,
    0x34, 0xa5, 0x34, 0xa5, 0x35, 0xad, 0x34, 0xa5, 0x35, 0xad, 0x34, 0xa5,
    0x34, 0xa5, 0x15, 0xad, 0x14, 0xa5, 0x34, 0xa5, 0x34, 0xa5, 0x35, 0xad,
    0x34, 0xa5, 0x35, 0xad, 0x34, 0xa5, 0x34, 0xa5, 0x35, 0xad, 0x34, 0xa5,
    0x14, 0xa5, 0x15, 0xad, 0x35, 0xad, 0x14, 0xa5, 0x34, 0xa5, 0x35, 0xad,
    0x14, 0xa5, 0x35, 0xad, 0x35, 0xad, 0x34, 0xa5, 0x34, 0xa5, 0x35, 0xad,
    0x14, 0xa5, 0x34, 0xa5, 0x15, 0xad, 0x35, 0xad, 0x34, 0xa5, 0x14, 0xa5,
    0x34, 0xa5, 0x35, 0xad, 0x34, 0xa5, 0x35, 0xad, 0x15, 0xad, 0x34, 0xa5,
    0x34, 0xa5, 0x34, 0xa5, 0x34, 0xa5, 0x35, 0xad, 0x34, 0xa5, 0x35, 0xad,
    0x34, 0xa5, 0x14, 0xa5, 0x35, 0xad, 0xb3, 0x94, 0xe4, 0x18, 0x21, 0x08,
    0x21, 0x08, 0x41, 0x08, 0x61, 0x08, 0x21, 0x08, 0x21, 0x08, 0x41, 0x08,
    0x41, 0x08, 0x41, 0x08, 0xcf, 0x7b, 0x15, 0xa5, 0x45, 0x29, 0x66, 0x29,
    0xd3, 0x9c, 0x96, 0xad, 0x55, 0xad, 0xb7, 0xbd, 0xd7, 0xbd, 0x35, 0xa5,
    0x29, 0x42, 0x62, 0x10, 0xa3, 0x10, 0xa3, 0x10, 0x83, 0x10, 0xa3, 0x10,
    0x82, 0x10, 0x83, 0x10, 0x82, 0x10, 0xa2, 0x10, 0xc4, 0x18, 0x25, 0x21,
    0x45, 0x29, 0x46, 0x29, 0x46, 0x29, 0x65, 0x29, 0x46, 0x29, 0x45, 0x29,
    0x45, 0x21, 0xa3, 0x10, 0x41, 0x08, 0x61, 0x08, 0x41, 0x08, 0x41, 0x08,
    0x62, 0x08, 0x61, 0x08, 0x42, 0x08, 0x42, 0x08, 0x41, 0x08, 0x41, 0x08,
    0x62, 0x08, 0xa3, 0x18, 0x04, 0x21, 0x25, 0x21, 0x05, 0x21, 0x24, 0x21,
    0x05, 0x21, 0x24, 0x21, 0x04, 0x21, 0x05, 0x21, 0x24, 0x21, 0x04, 0x21,
    0x04, 0x21, 0x04, 0x21, 0xe4, 0x18, 0xe4, 0x18, 0xe3, 0x18, 0xc3, 0x18,
    0xa3, 0x18, 0x83, 0x10, 0x82, 0x10, 0x82, 0x10, 0x82, 0x10, 0x62, 0x08,
    0x62, 0x10, 0x62, 0x10, 0x61, 0x08, 0xa3, 0x10, 0xab, 0x19, 0x0d, 0x1a,
    0x0c, 0x22, 0xeb, 0x29, 0x88, 0x21, 0x26, 0x21, 0x82, 0x10, 0x41, 0x08,
    0x62, 0x08, 0x62, 0x10, 0x62, 0x10, 0x62, 0x08, 0x61, 0x10, 0x62, 0x10,
    0xa3, 0x18, 0xe3, 0x20, 0xa2, 0x18, 0x61, 0x08, 0x41, 0x08, 0x25, 0x29,
    0x2d, 0x6b, 0x10, 0x84, 0x10, 0x84, 0x4d, 0x6b, 0x08, 0x42, 0x86, 0x31,
    0xcb, 0x5a, 0x2d, 0x63, 0xcf, 0x7b, 0x11, 0x84, 0x72, 0x8c, 0xb2, 0x94,
    0x72, 0x94, 0x31, 0x8c, 0xd0, 0x7b, 0x6e, 0x73, 0x29, 0x42, 0x82, 0x10,
    0x61, 0x10, 0x62, 0x10, 0x82, 0x10, 0x82, 0x10, 0xa2, 0x10, 0xe4, 0x18,
    0x34, 0xa5, 0x35, 0xad, 0x34, 0xa5, 0x34, 0xa5, 0x14, 0xa5, 0x35, 0xad,
    0x15, 0xad, 0x34, 0xa5, 0x34, 0xa5, 0x14, 0xa5, 0x34, 0xa5, 0x35, 0xad,
    0x34, 0xa5, 0x34, 0xa5, 0x35, 0xad, 0x35, 0xad, 0x34, 0xa5, 0x14, 0xa5,
    0x14, 0xa5, 0x34, 0xa5, 0x15, 0xad, 0x14, 0xa5, 0x34, 0xa5, 0x35, 0xad,
    0x34, 0xa5, 0x34, 0xa5, 0x34, 0xa5, 0x34, 0xa5, 0x35, 0xad, 0x34, 0xa5,
    0x14, 0xa5, 0x34, 0xa5, 0x35, 0xad, 0x14, 0xa5, 0x34, 0xa5, 0x34, 0xa5,
    0x35, 0xad, 0x34, 0xa5, 0x34, 0xa5, 0x14, 0xa5, 0x34, 0xa5, 0x34, 0xa5,
    0x35, 0xad, 0x14, 0xa5, 0x14, 0xa5, 0x34, 0xa5, 0x34, 0xa5, 0x35, 0xad,
    0x34, 0xa5, 0x35, 0xad, 0x15, 0xad, 0x34, 0xa5, 0x14, 0xa5, 0x14, 0xa5,
    0x35, 0xad, 0x35, 0xad, 0x35, 0xad, 0x34, 0xa5, 0xc7, 0x39, 0x20, 0x00,
    0x41, 0x08, 0x41, 0x08, 0x61, 0x08, 0x21, 0x08, 0x21, 0x08, 0x41, 0x08,
    0x21, 0x08, 0x41, 0x08, 0x4a, 0x4a, 0xcc, 0x5a, 0x82, 0x10, 0xcf, 0x7b,
    0x97, 0xb5, 0x34, 0xad, 0x14, 0xad, 0xd7, 0xbd, 0xb7, 0xbd, 0x8e, 0x73,
    0xa3, 0x10, 0x82, 0x10, 0xa2, 0x10, 0x83, 0x10, 0x82, 0x10, 0x82, 0x10,
    0x82, 0x10, 0x82, 0x10, 0x82, 0x10, 0xa2, 0x10, 0xe4, 0x18, 0x25, 0x29,
    0x45, 0x29, 0x45, 0x29, 0x45, 0x29, 0x46, 0x29, 0x45, 0x29, 0x66, 0x29,
    0x46, 0x29, 0xc3, 0x18, 0x62, 0x08, 0x41, 0x08, 0x62, 0x08, 0x62, 0x08,
    0x41, 0x08, 0x41, 0x08, 0x41, 0x08, 0x41, 0x08, 0x41, 0x08, 0x41, 0x08,
    0x41, 0x08, 0x82, 0x10, 0xe4, 0x18, 0x25, 0x21, 0x24, 0x21, 0x04, 0x21,
    0x05, 0x21, 0x05, 0x21, 0x24, 0x21, 0x04, 0x21, 0x04, 0x21, 0x04, 0x21,
    0x05, 0x21, 0x04, 0x21, 0x04, 0x19, 0xe4, 0x20, 0xc3, 0x18, 0xc3, 0x18,
    0xa3, 0x10, 0x82, 0x10, 0x82, 0x10, 0x82, 0x10, 0x82, 0x10, 0x62, 0x08,
    0x82, 0x08, 0x62, 0x10, 0x61, 0x10, 0x61, 0x10, 0xc4, 0x10, 0x89, 0x19,
    0xaa, 0x21, 0x89, 0x21, 0x46, 0x21, 0xa3, 0x10, 0x61, 0x08, 0x62, 0x08,
    0x62, 0x08, 0x61, 0x10, 0x61, 0x08, 0x62, 0x08, 0x62, 0x08, 0x42, 0x10,
    0x61, 0x08, 0x82, 0x10, 0x62, 0x10, 0x61, 0x08, 0x41, 0x08, 0x62, 0x10,
    0x29, 0x4a, 0xcf, 0x7b, 0x31, 0x8c, 0x8e, 0x73, 0x8a, 0x52, 0xe7, 0x39,
    0x6a, 0x52, 0x4d, 0x6b, 0xcf, 0x7b, 0x51, 0x8c, 0x93, 0x94, 0x92, 0x94,
    0x51, 0x8c, 0xf0, 0x83, 0x8e, 0x73, 0x8a, 0x52, 0xc3, 0x18, 0x42, 0x08,
    0x62, 0x10, 0x62, 0x10, 0x62, 0x10, 0x62, 0x10, 0x62, 0x10, 0x82, 0x10,
    0x34, 0xa5, 0x14, 0xa5, 0x34, 0xa5, 0x35, 0xad, 0x34, 0xa5, 0x34, 0xa5,
    0x34, 0xa5, 0x15, 0xad, 0x35, 0xad, 0x34, 0xa5, 0x14, 0xa5, 0x34, 0xa5,
    0x15, 0xad, 0x34, 0xa5, 0x34, 0xa5, 0x14, 0xa5, 0x35, 0xad, 0x35, 0xad,
    0x35, 0xad, 0x34, 0xa5, 0x34, 0xa5, 0x35, 0xad, 0x35, 0xad, 0x14, 0xa5,
    0x35, 0xad, 0x34, 0xa5, 0x15, 0xad, 0x35, 0xad, 0x34, 0xa5, 0x35, 0xad,
    0x35, 0xad, 0x34, 0xa5, 0x34, 0xa5, 0x14, 0xa5, 0x35, 0xad, 0x35, 0xad,
    0x14, 0xa5, 0x35, 0xad, 0x34, 0xa5, 0x34, 0xa5, 0x35, 0xad, 0x15, 0xad,
    0x34, 0xa5, 0x35, 0xad, 0x35, 0xad, 0x34, 0xa5, 0x34, 0xa5, 0x14, 0xa5,
    0x35, 0xad, 0x14, 0xa5, 0x34, 0xa5, 0x35, 0xad, 0x34, 0xa5, 0x34, 0xa5,
    0x35, 0xad, 0x14, 0xa5, 0x34, 0xa5, 0x55, 0xad, 0x0c, 0x63, 0x21, 0x08,
    0x21, 0x08, 0x21, 0x00, 0x41, 0x08, 0x41, 0x08, 0x21, 0x00, 0x41, 0x08,
    0x61, 0x08, 0x82, 0x10, 0xe4, 0x18, 0x41, 0x08, 0xe7, 0x39, 0x97, 0xb5,
    0xd7, 0xbd, 0x55, 0xb5, 0x54, 0xb5, 0xd7, 0xbd, 0xd3, 0x9c, 0x66, 0x31,
    0x82, 0x10, 0x82, 0x10, 0x83, 0x10, 0xa2, 0x10, 0xa2, 0x10, 0x82, 0x18,
    0x83, 0x10, 0x82, 0x10, 0x82, 0x10, 0xa3, 0x10, 0x04, 0x21, 0x45, 0x29,
    0x66, 0x29, 0x65, 0x29, 0x66, 0x29, 0x45, 0x29, 0x45, 0x29, 0x45, 0x29,
    0x46, 0x29, 0x04, 0x21, 0x62, 0x08, 0x41, 0x08, 0x41, 0x08, 0x41, 0x08,
    0x41, 0x08, 0x41, 0x08, 0x41, 0x08, 0x41, 0x08, 0x41, 0x08, 0x41, 0x08,
    0x41, 0x08, 0x62, 0x08, 0xc3, 0x18, 0x04, 0x21, 0x25, 0x21, 0x24, 0x21,
    0x24, 0x21, 0x05, 0x21, 0x04, 0x21, 0x25, 0x21, 0x05, 0x21, 0x04, 0x21,
    0x04, 0x21, 0x04, 0x19, 0xe4, 0x18, 0xe4, 0x18, 0xc3, 0x18, 0xa3, 0x10,
    0xa2, 0x10, 0x82, 0x10, 0x82, 0x10, 0x62, 0x10, 0x62, 0x08, 0x62, 0x10,
    0x62, 0x10, 0x62, 0x08, 0x62, 0x08, 0x62, 0x08, 0x61, 0x08, 0xa3, 0x10,
    0xe5, 0x10, 0xe5, 0x18, 0xc3, 0x18, 0x62, 0x08, 0x62, 0x08, 0x62, 0x08,
    0x62, 0x10, 0x61, 0x08, 0x42, 0x08, 0x41, 0x08, 0x62, 0x10, 0x61, 0x08,
    0x61, 0x08, 0x62, 0x08, 0x42, 0x08, 0x62, 0x08, 0x62, 0x08, 0x41, 0x08,
    0x04, 0x21, 0x2d, 0x6b, 0x31, 0x84, 0x31, 0x8c, 0xcf, 0x7b, 0xec, 0x5a,
    0xec, 0x62, 0x6e, 0x73, 0x10, 0x84, 0x92, 0x94, 0x92, 0x94, 0x51, 0x8c,
    0xf0, 0x83, 0xaf, 0x73, 0xec, 0x5a, 0x04, 0x21, 0x61, 0x08, 0x62, 0x10,
    0x62, 0x08, 0x62, 0x08, 0x61, 0x08, 0x61, 0x08, 0x41, 0x08, 0x42, 0x08,
    0x34, 0xa5, 0x35, 0xad, 0x15, 0xad, 0x34, 0xa5, 0x15, 0xad, 0x34, 0xa5,
    0x35, 0xad, 0x34, 0xa5, 0x34, 0xa5, 0x35, 0xad, 0x35, 0xad, 0x35, 0xad,
    0x34, 0xa5, 0x15, 0xad, 0x34, 0xa5, 0x34, 0xa5, 0x14, 0xa5, 0x34, 0xa5,
    0x34, 0xa5, 0x15, 0xad, 0x34, 0xa5, 0x34, 0xa5, 0x34, 0xa5, 0x34, 0xa5,
    0x14, 0xa5, 0x35, 0xad, 0x34, 0xa5, 0x14, 0xa5, 0x34, 0xa5, 0x14, 0xa5,
    0x14, 0xa5, 0x35, 0xad, 0x34, 0xa5, 0x35, 0xad, 0x35, 0xad, 0x34, 0xa5,
    0x14, 0xa5, 0x14, 0xa5, 0x35, 0xad, 0x35, 0xad, 0x34, 0xa5, 0x14, 0xa5,
    0x35, 0xad, 0x34, 0xa5, 0x34, 0xa5, 0x35, 0xad, 0x15, 0xad, 0x35, 0xad,
    0x34, 0xa5, 0x34, 0xa5, 0x15, 0xad, 0x34, 0xa5, 0x35, 0xad, 0x35, 0xad,
    0x34, 0xa5, 0x14, 0xa5, 0x34, 0xa5, 0x55, 0xad, 0x30, 0x8c, 0x62, 0x10,
    0x21, 0x00, 0x41, 0x08, 0x41, 0x08, 0x41, 0x08, 0x21, 0x00, 0x62, 0x10,
    0xa2, 0x10, 0x62, 0x10, 0x41, 0x08, 0x82, 0x10, 0x52, 0x8c, 0xd7, 0xbd,
    0x97, 0xb5, 0x96, 0xb5, 0xb7, 0xb5, 0x76, 0xb5, 0xcb, 0x5a, 0x82, 0x10,
    0x83, 0x10, 0x83, 0x10, 0xa3, 0x10, 0x83, 0x10, 0x82, 0x10, 0x83, 0x10,
    0xa3, 0x10, 0x82, 0x10, 0x82, 0x10, 0xc3, 0x18, 0x04, 0x21, 0x45, 0x29,
    0x46, 0x29, 0x46, 0x29, 0x45, 0x29, 0x45, 0x29, 0x66, 0x29, 0x45, 0x29,
    0x45, 0x29, 0x45, 0x29, 0x82, 0x10, 0x41, 0x08, 0x41, 0x08, 0x41, 0x08,
    0x41, 0x08, 0x41, 0x08, 0x41, 0x08, 0x41, 0x08, 0x41, 0x08, 0x41, 0x08,
    0x41, 0x08, 0x41, 0x08, 0xa3, 0x10, 0x04, 0x21, 0x25, 0x21, 0x25, 0x21,
    0x25, 0x21, 0x24, 0x21, 0x04, 0x21, 0x25, 0x21, 0x04, 0x21, 0x04, 0x21,
    0x04, 0x21, 0x04, 0x21, 0xe4, 0x18, 0xc3, 0x18, 0xa3, 0x18, 0xa3, 0x10,
    0x82, 0x10, 0x82, 0x10, 0x62, 0x10, 0x82, 0x08, 0x62, 0x08, 0x62, 0x10,
    0x62, 0x10, 0x61, 0x08, 0x62, 0x08, 0x62, 0x08, 0x61, 0x10, 0x62, 0x08,
    0x62, 0x08, 0x61, 0x08, 0x41, 0x08, 0x62, 0x08, 0x62, 0x10, 0x41, 0x10,
    0x61, 0x10, 0x42, 0x08, 0x62, 0x08, 0x62, 0x10, 0x61, 0x10, 0x62, 0x08,
    0x42, 0x08, 0x62, 0x10, 0x61, 0x10, 0x41, 0x08, 0x62, 0x10, 0x62, 0x10,
    0x41, 0x08, 0xc7, 0x39, 0xcf, 0x7b, 0x31, 0x8c, 0x31, 0x8c, 0x10, 0x84,
    0xae, 0x73, 0xf0, 0x7b, 0x92, 0x94, 0x92, 0x94, 0x51, 0x8c, 0x10, 0x84,
    0xcf, 0x7b, 0x2d, 0x63, 0x66, 0x31, 0x61, 0x08, 0x62, 0x10, 0x62, 0x10,
    0x61, 0x10, 0x61, 0x08, 0x62, 0x08, 0x62, 0x08, 0x61, 0x10, 0x41, 0x08,
    0x34, 0xa5, 0x15, 0xad, 0x34, 0xa5, 0x34, 0xa5, 0x34, 0xa5, 0x35, 0xad,
    0x14, 0xa5, 0x34, 0xa5, 0x34, 0xa5, 0x14, 0xa5, 0x35, 0xad, 0x34, 0xa5,
    0x14, 0xa5, 0x34, 0xa5, 0x35, 0xad, 0x35, 0xad, 0x35, 0xad, 0x34, 0xa5,
    0x14, 0xa5, 0x34, 0xa5, 0x35, 0xad, 0x15, 0xad, 0x34, 0xa5, 0x14, 0xa5,
    0x35, 0xad, 0x34, 0xa5, 0x34, 0xa5, 0x34, 0xa5, 0x35, 0xad, 0x35, 0xad,
    0x34, 0xa5, 0x14, 0xa5, 0x35, 0xad, 0x34, 0xa5, 0x14, 0xa5, 0x34, 0xa5,
    0x34, 0xa5, 0x35, 0xad, 0x34, 0xa5, 0x14, 0xa5, 0x35, 0xad, 0x34, 0xa5,
    0x34, 0xa5, 0x14, 0xa5, 0x14, 0xa5, 0x34, 0xa5, 0x34, 0xa5, 0x34, 0xa5,
    0x34, 0xa5, 0x15, 0xad, 0x34, 0xa5, 0x34, 0xa5, 0x14, 0xa5, 0x14, 0xa5,
    0x35, 0xad, 0x34, 0xa5, 0x35, 0xad, 0x35, 0xad, 0xf4, 0x9c, 0x25, 0x29,
    0x20, 0x00, 0x41, 0x08, 0x21, 0x08, 0x61, 0x08, 0x41, 0x08, 0xa2, 0x10,
    0xa3, 0x10, 0x61, 0x08, 0x00, 0x00, 0xc7, 0x39, 0xb7, 0xb5, 0x96, 0xad,
    0x97, 0xb5, 0x18, 0xc6, 0xf8, 0xbd, 0x72, 0x8c, 0xe4, 0x20, 0x82, 0x10,
    0xa3, 0x10, 0xa2, 0x10, 0xa2, 0x10, 0xa2, 0x10, 0x82, 0x10, 0x82, 0x10,
    0x82, 0x10, 0x82, 0x10, 0x82, 0x10, 0xc3, 0x18, 0x25, 0x21, 0x66, 0x29,
    0x66, 0x29, 0x65, 0x29, 0x66, 0x29, 0x66, 0x29, 0x45, 0x29, 0x46, 0x29,
    0x45, 0x29, 0x65, 0x29, 0xa3, 0x18, 0x21, 0x08, 0x21, 0x00, 0x21, 0x00,
    0x20, 0x08, 0x21, 0x08, 0x21, 0x08, 0x41, 0x08, 0x41, 0x08, 0x21, 0x00,
    0x41, 0x08, 0x21, 0x08, 0x82, 0x10, 0xe4, 0x18, 0x24, 0x21, 0x25, 0x21,
    0x04, 0x21, 0x25, 0x21, 0x24, 0x21, 0x04, 0x21, 0x04, 0x21, 0x05, 0x21,
    0x04, 0x21, 0xe4, 0x18, 0xe4, 0x18, 0xc3, 0x18, 0xa3, 0x18, 0xa2, 0x10,
    0x82, 0x10, 0x82, 0x10, 0x82, 0x10, 0x62, 0x10, 0x62, 0x10, 0x62, 0x08,
    0x82, 0x08, 0x61, 0x10, 0x61, 0x10, 0x62, 0x10, 0x62, 0x08, 0x62, 0x10,
    0x62, 0x10, 0x41, 0x08, 0x62, 0x08, 0x62, 0x10, 0x62, 0x08, 0x62, 0x08,
    0x62, 0x08, 0x61, 0x10, 0x62, 0x10, 0x62, 0x08, 0x61, 0x08, 0x42, 0x08,
    0x62, 0x08, 0x62, 0x08, 0x61, 0x10, 0x62, 0x08, 0x41, 0x08, 0x61, 0x08,
    0x41, 0x08, 0x62, 0x10, 0x29, 0x4a, 0x10, 0x84, 0x51, 0x8c, 0x31, 0x8c,
    0x51, 0x8c, 0x72, 0x94, 0x92, 0x94, 0x51, 0x8c, 0x31, 0x84, 0xd0, 0x7b,
    0x4d, 0x6b, 0xc8, 0x39, 0x62, 0x10, 0x61, 0x08, 0x62, 0x10, 0x62, 0x08,
    0x62, 0x08, 0x61, 0x10, 0x62, 0x10, 0x62, 0x10, 0x61, 0x08, 0x41, 0x08,
    0x34, 0xa5, 0x34, 0xa5, 0x34, 0xa5, 0x35, 0xad, 0x14, 0xa5, 0x34, 0xa5,
    0x35, 0xad, 0x15, 0xad, 0x35, 0xad, 0x34, 0xa5, 0x14, 0xa5, 0x34, 0xa5,
    0x34, 0xa5, 0x35, 0xad, 0x34, 0xa5, 0x14, 0xa5, 0x34, 0xa5, 0x35, 0xad,
    0x35, 0xad, 0x34, 0xa5, 0x34, 0xa5, 0x15, 0xad, 0x35, 0xad, 0x35, 0xad,
    0x34, 0xa5, 0x35, 0xad, 0x15, 0xad, 0x35, 0xad, 0x14, 0xa5, 0x34, 0xa5,
    0x35, 0xad, 0x34, 0xa5, 0x34, 0xa5, 0x15, 0xad, 0x34, 0xa5, 0x34, 0xa5,
    0x35, 0xad, 0x35, 0xad, 0x14, 0xa5, 0x34, 0xa5, 0x35, 0xad, 0x34, 0xa5,
    0x34, 0xa5, 0x35, 0xad, 0x35, 0xad, 0x34, 0xa5, 0x34, 0xa5, 0x15, 0xad,
    0x34, 0xa5, 0x34, 0xa5, 0x35, 0xad, 0x35, 0xad, 0x34, 0xa5, 0x34, 0xa5,
    0x34, 0xa5, 0x14, 0xa5, 0x35, 0xad, 0x14, 0xa5, 0x55, 0xad, 0x49, 0x4a,
    0x00, 0x00, 0x21, 0x08, 0x21, 0x08, 0x61, 0x08, 0x82, 0x10, 0xa3, 0x18,
    0xa3, 0x10, 0x62, 0x10, 0x21, 0x00, 0x66, 0x31, 0xb7, 0xbd, 0xb7, 0xb5,
    0xd8, 0xbd, 0x59, 0xce, 0xd7, 0xbd, 0x6a, 0x4a, 0x82, 0x10, 0xa3, 0x10,
    0x82, 0x10, 0x82, 0x10, 0x82, 0x10, 0x83, 0x10, 0xa3, 0x18, 0x82, 0x10,
    0x82, 0x10, 0x82, 0x10, 0xa3, 0x10, 0xe4, 0x20, 0x45, 0x29, 0x66, 0x29,
    0x65, 0x29, 0x65, 0x29, 0x66, 0x29, 0x66, 0x29, 0x65, 0x29, 0x45, 0x29,
    0x66, 0x29, 0x66, 0x29, 0x04, 0x21, 0x41, 0x08, 0x21, 0x00, 0x20, 0x08,
    0x20, 0x08, 0x21, 0x00, 0x20, 0x00, 0x21, 0x08, 0x41, 0x08, 0x41, 0x08,
    0x41, 0x08, 0x41, 0x00, 0x62, 0x08, 0xc3, 0x18, 0x04, 0x21, 0x25, 0x21,
    0x25, 0x21, 0x25, 0x29, 0x25, 0x21, 0x05, 0x21, 0x25, 0x21, 0x04, 0x21,
    0x04, 0x21, 0xe4, 0x18, 0xc3, 0x18, 0xa3, 0x18, 0xa3, 0x10, 0x82, 0x10,
    0x82, 0x10, 0x62, 0x10, 0x62, 0x08, 0x62, 0x08, 0x61, 0x10, 0x82, 0x10,
    0x62, 0x08, 0x62, 0x08, 0x62, 0x08, 0x62, 0x08, 0x61, 0x08, 0x61, 0x08,
    0x62, 0x08, 0x62, 0x10, 0x62, 0x10, 0x61, 0x08, 0x41, 0x08, 0x61, 0x08,
    0x62, 0x10, 0x42, 0x08, 0x61, 0x08, 0x61, 0x08, 0x42, 0x10, 0x61, 0x08,
    0x61, 0x08, 0x61, 0x08, 0x42, 0x08, 0x62, 0x08, 0x62, 0x08, 0x61, 0x08,
    0x62, 0x08, 0x42, 0x08, 0x41, 0x08, 0xa6, 0x31, 0xaf, 0x7b, 0x31, 0x84,
    0x10, 0x84, 0x31, 0x8c, 0x31, 0x8c, 0x10, 0x84, 0xcf, 0x7b, 0x6e, 0x73,
    0x49, 0x4a, 0x82, 0x10, 0x61, 0x08, 0x62, 0x10, 0x62, 0x08, 0x62, 0x10,
    0x62, 0x08, 0x62, 0x08, 0x62, 0x08, 0x61, 0x08, 0x62, 0x08, 0x62, 0x08,
    0x34, 0xa5, 0x15, 0xad, 0x35, 0xad, 0x34, 0xa5, 0x35, 0xad, 0x14, 0xa5,
    0x34, 0xa5, 0x34, 0xa5, 0x14, 0xa5, 0x35, 0xad, 0x34, 0xa5, 0x15, 0xad,
    0x35, 0xad, 0x35, 0xad, 0x14, 0xa5, 0x34, 0xa5, 0x15, 0xad, 0x34, 0xa5,
    0x34, 0xa5, 0x15, 0xad, 0x34, 0xa5, 0x34, 0xa5, 0x34, 0xa5, 0x34, 0xa5,
    0x14, 0xa5, 0x14, 0xa5, 0x34, 0xa5, 0x34, 0xa5, 0x34, 0xa5, 0x14, 0xa5,
    0x34, 0xa5, 0x35, 0xad, 0x15, 0xad, 0x34, 0xa5, 0x35, 0xad, 0x34, 0xa5,
    0x15, 0xad, 0x34, 0xa5, 0x34, 0xa5, 0x35, 0xad, 0x34, 0xa5, 0x14, 0xa5,
    0x35, 0xad, 0x15, 0xad, 0x34, 0xa5, 0x15, 0xad, 0x35, 0xad, 0x34, 0xa5,
    0x15, 0xad, 0x35, 0xad, 0x34, 0xa5, 0x34, 0xa5, 0x15, 0xad, 0x35, 0xad,
    0x35, 0xad, 0x35, 0xad, 0x34, 0xa5, 0x34, 0xa5, 0x55, 0xad, 0x6e, 0x73,
    0x41, 0x08, 0x21, 0x08, 0x41, 0x08, 0x41, 0x08, 0x82, 0x10, 0xa3, 0x10,
    0x82, 0x10, 0x61, 0x08, 0x41, 0x08, 0x62, 0x10, 0xf4, 0x9c, 0xf8, 0xbd,
    0x39, 0xc6, 0x39, 0xce, 0x31, 0x84, 0xc3, 0x18, 0x82, 0x10, 0xa3, 0x10,
    0x82, 0x10, 0x82, 0x10, 0xa3, 0x10, 0x82, 0x10, 0x82, 0x10, 0x83, 0x10,
    0xa2, 0x10, 0xa3, 0x10, 0xc4, 0x18, 0x24, 0x21, 0x45, 0x29, 0x66, 0x29,
    0x66, 0x29, 0x66, 0x31, 0x66, 0x29, 0x65, 0x29, 0x66, 0x29, 0x46, 0x29,
    0x45, 0x29, 0x66, 0x29, 0x45, 0x29, 0x62, 0x10, 0x21, 0x00, 0x21, 0x00,
    0x21, 0x08, 0x20, 0x00, 0x21, 0x00, 0x21, 0x08, 0x41, 0x08, 0x41, 0x08,
    0x41, 0x08, 0x21, 0x08, 0x41, 0x08, 0xa3, 0x10, 0x04, 0x21, 0x25, 0x21,
    0x24, 0x21, 0x24, 0x21, 0x25, 0x21, 0x24, 0x21, 0x04, 0x21, 0x04, 0x21,
    0xe4, 0x20, 0xe4, 0x18, 0xc3, 0x18, 0xa3, 0x10, 0x82, 0x10, 0x82, 0x10,
    0x62, 0x08, 0x82, 0x10, 0x62, 0x08, 0x62, 0x10, 0x82, 0x08, 0x61, 0x08,
    0x62, 0x10, 0x62, 0x10, 0x61, 0x08, 0x62, 0x08, 0x61, 0x10, 0x62, 0x10,
    0x61, 0x08, 0x61, 0x08, 0x62, 0x08, 0x42, 0x08, 0x61, 0x10, 0x62, 0x10,
    0x61, 0x08, 0x62, 0x08, 0x62, 0x08, 0x62, 0x10, 0x41, 0x08, 0x62, 0x10,
    0x61, 0x10, 0x62, 0x10, 0x42, 0x10, 0x61, 0x08, 0x62, 0x10, 0x62, 0x10,
    0x42, 0x10, 0x61, 0x08, 0x41, 0x08, 0x21, 0x08, 0xc3, 0x18, 0x6a, 0x52,
    0x2c, 0x63, 0x2d, 0x6b, 0x6d, 0x6b, 0x6e, 0x6b, 0x2d, 0x63, 0x29, 0x4a,
    0xc3, 0x18, 0x61, 0x08, 0x62, 0x10, 0x62, 0x08, 0x62, 0x08, 0x61, 0x10,
    0x61, 0x10, 0x62, 0x08, 0x62, 0x08, 0x61, 0x10, 0x61, 0x10, 0x62, 0x08,
    0x34, 0xa5, 0x35, 0xad, 0x14, 0xa5, 0x34, 0xa5, 0x34, 0xa5, 0x35, 0xad,
    0x35, 0xad, 0x34, 0xa5, 0x34, 0xa5, 0x34, 0xa5, 0x35, 0xad, 0x34, 0xa5,
    0x34, 0xa5, 0x14, 0xa5, 0x34, 0xa5, 0x35, 0xad, 0x35, 0xad, 0x34, 0xa5,
    0x14, 0xa5, 0x34, 0xa5, 0x35, 0xad, 0x34, 0xa5, 0x14, 0xa5, 0x34, 0xa5,
    0x35, 0xad, 0x35, 0xad, 0x34, 0xa5, 0x34, 0xa5, 0x35, 0xad, 0x35, 0xad,
    0x35, 0xad, 0x14, 0xa5, 0x34, 0xa5, 0x34, 0xa5, 0x34, 0xa5, 0x15, 0xad,
    0x34, 0xa5, 0x14, 0xa5, 0x34, 0xa5, 0x34, 0xa5, 0x15, 0xad, 0x35, 0xad,
    0x14, 0xa5, 0x34, 0xa5, 0x34, 0xa5, 0x34, 0xa5, 0x14, 0xa5, 0x35, 0xad,
    0x34, 0xa5, 0x34, 0xa5, 0x14, 0xa5, 0x14, 0xa5, 0x34, 0xa5, 0x34, 0xa5,
    0x34, 0xa5, 0x14, 0xa5, 0x34, 0xa5, 0x35, 0xad, 0x35, 0xad, 0x92, 0x94,
    0xa3, 0x10, 0x21, 0x00, 0x41, 0x08, 0x41, 0x08, 0x82, 0x10, 0xa3, 0x10,
    0x61, 0x08, 0x41, 0x08, 0x41, 0x08, 0x00, 0x00, 0x6e, 0x73, 0xf8, 0xbd,
    0x18, 0xc6, 0x56, 0xad, 0xc7, 0x39, 0x82, 0x10, 0x83, 0x10, 0x83, 0x10,
    0xa2, 0x10, 0xa3, 0x10, 0xa3, 0x18, 0x82, 0x10, 0xa2, 0x10, 0xc3, 0x18,
    0xc3, 0x18, 0xc4, 0x18, 0x04, 0x21, 0x45, 0x29, 0x66, 0x29, 0x66, 0x29,
    0x66, 0x29, 0x66, 0x29, 0x66, 0x29, 0x65, 0x31, 0x66, 0x29, 0x65, 0x29,
    0x66, 0x29, 0x45, 0x29, 0x45, 0x29, 0xc3, 0x18, 0x21, 0x08, 0x20, 0x08,
    0x21, 0x00, 0x21, 0x08, 0x21, 0x08, 0x20, 0x00, 0x41, 0x08, 0x41, 0x08,
    0x21, 0x08, 0x41, 0x08, 0x41, 0x08, 0x62, 0x08, 0xe4, 0x18, 0x04, 0x21,
    0x25, 0x21, 0x25, 0x21, 0x24, 0x29, 0x04, 0x21, 0x04, 0x21, 0x04, 0x21,
    0xe4, 0x18, 0xc3, 0x18, 0xa3, 0x18, 0xa3, 0x10, 0x82, 0x10, 0x82, 0x10,
    0x82, 0x10, 0x62, 0x08, 0x62, 0x10, 0x62, 0x10, 0x62, 0x10, 0x62, 0x08,
    0x62, 0x10, 0x61, 0x08, 0x62, 0x10, 0x61, 0x10, 0x62, 0x08, 0x62, 0x08,
    0x62, 0x10, 0x62, 0x08, 0x41, 0x10, 0x62, 0x10, 0x62, 0x08, 0x62, 0x08,
    0x42, 0x10, 0x61, 0x08, 0x61, 0x10, 0x62, 0x08, 0x62, 0x08, 0x62, 0x08,
    0x42, 0x08, 0x62, 0x08, 0x61, 0x08, 0x61, 0x08, 0x62, 0x10, 0x41, 0x08,
    0x61, 0x08, 0x62, 0x08, 0x62, 0x10, 0x61, 0x10, 0x41, 0x08, 0x41, 0x08,
    0xe4, 0x20, 0x45, 0x29, 0x66, 0x31, 0x66, 0x31, 0x04, 0x21, 0x82, 0x10,
    0x62, 0x08, 0x62, 0x08, 0x62, 0x10, 0x62, 0x10, 0x62, 0x10, 0x62, 0x08,
    0x62, 0x08, 0x61, 0x10, 0x61, 0x10, 0x62, 0x08, 0x62, 0x08, 0x61, 0x10,
    0x34, 0xa5, 0x14, 0xa5, 0x34, 0xa5, 0x35, 0xad, 0x14, 0xa5, 0x34, 0xa5,
    0x35, 0xad, 0x14, 0xa5, 0x35, 0xad, 0x35, 0xad, 0x14, 0xa5, 0x34, 0xa5,
    0x35, 0xad, 0x14, 0xa5, 0x34, 0xa5, 0x34, 0xa5, 0x34, 0xa5, 0x15, 0xad,
    0x35, 0xad, 0x34, 0xa5, 0x34, 0xa5, 0x15, 0xad, 0x35, 0xad, 0x35, 0xad,
    0x34, 0xa5, 0x34, 0xa5, 0x35, 0xad, 0x15, 0xad, 0x14, 0xa5, 0x34, 0xa5,
    0x34, 0xa5, 0x34, 0xa5, 0x34, 0xa5, 0x35, 0xad, 0x15, 0xad, 0x34, 0xa5,
    0x34, 0xa5, 0x35, 0xad, 0x35, 0xad, 0x15, 0xad, 0x34, 0xa5, 0x34, 0xa5,
    0x34, 0xa5, 0x35, 0xad, 0x34, 0xa5, 0x34, 0xa5, 0x35, 0xad, 0x34, 0xa5,
    0x34, 0xa5, 0x34, 0xa5, 0x35, 0xad, 0x35, 0xad, 0x35, 0xad, 0x34, 0xa5,
    0x14, 0xa5, 0x34, 0xa5, 0x15, 0xad, 0x34, 0xa5, 0x35, 0xad, 0x14, 0xa5,
    0x86, 0x31, 0x00, 0x00, 0x21, 0x08, 0x21, 0x08, 0x61, 0x08, 0x62, 0x10,
    0x41, 0x08, 0x41, 0x08, 0x41, 0x08, 0x20, 0x00, 0xe7, 0x39, 0xd7, 0xbd,
    0xb7, 0xb5, 0x4d, 0x6b, 0x82, 0x10, 0xa3, 0x10, 0x83, 0x10, 0xa2, 0x10,
    0xa2, 0x10, 0x82, 0x10, 0x82, 0x10, 0xa3, 0x10, 0xc4, 0x18, 0x04, 0x21,
    0x04, 0x21, 0x05, 0x21, 0x45, 0x29, 0x66, 0x29, 0x66, 0x29, 0x66, 0x29,
    0x66, 0x31, 0x66, 0x29, 0x66, 0x29, 0x66, 0x29, 0x65, 0x29, 0x66, 0x29,
    0x45, 0x29, 0x45, 0x29, 0x66, 0x29, 0x05, 0x21, 0x41, 0x08, 0x21, 0x00,
    0x20, 0x00, 0x21, 0x00, 0x20, 0x08, 0x20, 0x08, 0x21, 0x08, 0x41, 0x08,
    0x41, 0x00, 0x41, 0x08, 0x41, 0x08, 0x41, 0x08, 0xc3, 0x18, 0x04, 0x21,
    0x25, 0x21, 0x25, 0x21, 0x24, 0x21, 0x05, 0x21, 0x04, 0x21, 0xe4, 0x18,
    0xc3, 0x18, 0xc3, 0x18, 0xa3, 0x10, 0xa2, 0x10, 0x82, 0x10, 0x62, 0x10,
    0x62, 0x08, 0x62, 0x10, 0x62, 0x08, 0x81, 0x08, 0x62, 0x10, 0x62, 0x08,
    0x61, 0x08, 0x62, 0x08, 0x61, 0x08, 0x62, 0x10, 0x62, 0x08, 0x61, 0x08,
    0x62, 0x08, 0x61, 0x10, 0x62, 0x08, 0x61, 0x08, 0x62, 0x08, 0x41, 0x10,
    0x62, 0x08, 0x62, 0x10, 0x42, 0x08, 0x61, 0x10, 0x62, 0x10, 0x61, 0x08,
    0x62, 0x10, 0x41, 0x08, 0x62, 0x08, 0x61, 0x08, 0x42, 0x08, 0x61, 0x08,
    0x62, 0x08, 0x61, 0x08, 0x41, 0x08, 0x62, 0x08, 0x42, 0x08, 0x62, 0x08,
    0x41, 0x08, 0x41, 0x08, 0x41, 0x08, 0x41, 0x08, 0x41, 0x08, 0x62, 0x08,
    0x62, 0x10, 0x62, 0x08, 0x62, 0x10, 0x61, 0x08, 0x61, 0x08, 0x62, 0x10,
    0x62, 0x08, 0x61, 0x10, 0x62, 0x08, 0x62, 0x08, 0x62, 0x08, 0x62, 0x08,
    0x34, 0xa5, 0x35, 0xad, 0x35, 0xad, 0x34, 0xa5, 0x35, 0xad, 0x14, 0xa5,
    0x34, 0xa5, 0x34, 0xa5, 0x15, 0xad, 0x34, 0xa5, 0x34, 0xa5, 0x15, 0xad,
    0x34, 0xa5, 0x35, 0xad, 0x35, 0xad, 0x34, 0xa5, 0x14, 0xa5, 0x34, 0xa5,
    0x34, 0xa5, 0x35, 0xad, 0x15, 0xad, 0x34, 0xa5, 0x34, 0xa5, 0x34, 0xa5,
    0x15, 0xad, 0x14, 0xa5, 0x34, 0xa5, 0x34, 0xa5, 0x35, 0xad, 0x34, 0xa5,
    0x34, 0xa5, 0x15, 0xad, 0x35, 0xad, 0x34, 0xa5, 0x14, 0xa5, 0x34, 0xa5,
    0x35, 0xad, 0x35, 0xad, 0x14, 0xa5, 0x34, 0xa5, 0x34, 0xa5, 0x34, 0xa5,
    0x35, 0xad, 0x34, 0xa5, 0x15, 0xad, 0x15, 0xad, 0x34, 0xa5, 0x34, 0xa5,
    0x15, 0xad, 0x15, 0xad, 0x34, 0xa5, 0x34, 0xa5, 0x34, 0xa5, 0x15, 0xad,
    0x35, 0xad, 0x35, 0xad, 0x34, 0xa5, 0x14, 0xa5, 0x35, 0xad, 0x55, 0xad,
    0xab, 0x5a, 0x20, 0x00, 0x21, 0x08, 0x21, 0x00, 0x41, 0x08, 0x41, 0x08,
    0x21, 0x00, 0x21, 0x08, 0x21, 0x08, 0x21, 0x00, 0xa3, 0x18, 0x35, 0xad,
    0x72, 0x8c, 0x25, 0x21, 0x82, 0x10, 0x83, 0x10, 0xa2, 0x10, 0xa2, 0x10,
    0x82, 0x10, 0x83, 0x10, 0x82, 0x10, 0xc3, 0x18, 0x45, 0x29, 0x46, 0x29,
    0x45, 0x29, 0x45, 0x29, 0x66, 0x29, 0x66, 0x29, 0x66, 0x31, 0x86, 0x31,
    0x66, 0x29, 0x66, 0x31, 0x66, 0x31, 0x66, 0x29, 0x66, 0x29, 0x66, 0x29,
    0x45, 0x29, 0x66, 0x29, 0x65, 0x29, 0x45, 0x29, 0x62, 0x10, 0x21, 0x08,
    0x21, 0x08, 0x20, 0x08, 0x21, 0x00, 0x21, 0x00, 0x21, 0x08, 0x41, 0x08,
    0x41, 0x08, 0x21, 0x08, 0x41, 0x08, 0x41, 0x08, 0xa2, 0x10, 0xe4, 0x20,
    0x25, 0x21, 0x25, 0x21, 0x25, 0x21, 0x04, 0x21, 0x04, 0x21, 0xe4, 0x18,
    0xc3, 0x18, 0xa3, 0x18, 0xa2, 0x10, 0x82, 0x10, 0x82, 0x10, 0x82, 0x08,
    0x62, 0x10, 0x62, 0x10, 0x62, 0x10, 0x82, 0x08, 0x61, 0x08, 0x62, 0x10,
    0x61, 0x10, 0x62, 0x08, 0x62, 0x08, 0x62, 0x08, 0x61, 0x08, 0x62, 0x10,
    0x61, 0x10, 0x62, 0x08, 0x42, 0x08, 0x62, 0x08, 0x61, 0x10, 0x62, 0x08,
    0x61, 0x08, 0x61, 0x08, 0x62, 0x10, 0x62, 0x08, 0x41, 0x08, 0x41, 0x08,
    0x61, 0x08, 0x62, 0x10, 0x62, 0x10, 0x42, 0x10, 0x62, 0x08, 0x62, 0x10,
    0x61, 0x08, 0x62, 0x10, 0x41, 0x08, 0x62, 0x08, 0x41, 0x08, 0x41, 0x08,
    0x42, 0x08, 0x42, 0x08, 0x61, 0x08, 0x61, 0x08, 0x42, 0x10, 0x62, 0x08,
    0x62, 0x10, 0x61, 0x10, 0x62, 0x08, 0x62, 0x10, 0x62, 0x08, 0x61, 0x10,
    0x62, 0x10, 0x62, 0x08, 0x62, 0x08, 0x61, 0x10, 0x61, 0x10, 0x62, 0x08,
    0x34, 0xa5, 0x15, 0xad, 0x34, 0xa5, 0x34, 0xa5, 0x14, 0xa5, 0x35, 0xad,
    0x35, 0xad, 0x34, 0xa5, 0x34, 0xa5, 0x34, 0xa5, 0x14, 0xa5, 0x35, 0xad,
    0x34, 0xa5, 0x34, 0xa5, 0x35, 0xad, 0x15, 0xad, 0x35, 0xad, 0x34, 0xa5,
    0x35, 0xad, 0x14, 0xa5, 0x34, 0xa5, 0x34, 0xa5, 0x14, 0xa5, 0x35, 0xad,
    0x34, 0xa5, 0x35, 0xad, 0x14, 0xa5, 0x34, 0xa5, 0x34, 0xa5, 0x15, 0xad,
    0x15, 0xad, 0x34, 0xa5, 0x14, 0xa5, 0x34, 0xa5, 0x35, 0xad, 0x34, 0xa5,
    0x34, 0xa5, 0x14, 0xa5, 0x34, 0xa5, 0x34, 0xa5, 0x35, 0xad, 0x15, 0xad,
    0x14, 0xa5, 0x35, 0xad, 0x34, 0xa5, 0x34, 0xa5, 0x35, 0xad, 0x14, 0xa5,
    0x34, 0xa5, 0x35, 0xad, 0x14, 0xa5, 0x34, 0xa5, 0x35, 0xad, 0x14, 0xa5,
    0x34, 0xa5, 0x34, 0xa5, 0x35, 0xad, 0x35, 0xad, 0x34, 0xa5, 0x55, 0xad,
    0xef, 0x7b, 0x61, 0x08, 0x21, 0x08, 0x41, 0x08, 0x41, 0x08, 0x61, 0x08,
    0x21, 0x00, 0x21, 0x08, 0x20, 0x08, 0x21, 0x00, 0x21, 0x08, 0xae, 0x7b,
    0x8a, 0x52, 0x82, 0x10, 0x82, 0x10, 0xa3, 0x10, 0x82, 0x10, 0x82, 0x18,
    0x83, 0x10, 0x83, 0x10, 0xa3, 0x18, 0x25, 0x21, 0x86, 0x31, 0x86, 0x29,
    0x66, 0x29, 0x66, 0x29, 0x86, 0x29, 0x86, 0x29, 0x86, 0x31, 0x66, 0x29,
    0x66, 0x29, 0x86, 0x29, 0x66, 0x29, 0x66, 0x29, 0x66, 0x31, 0x65, 0x29,
    0x66, 0x29, 0x45, 0x29, 0x45, 0x29, 0x66, 0x29, 0xc3, 0x18, 0x21, 0x08,
    0x21, 0x00, 0x21, 0x08, 0x21, 0x08, 0x21, 0x00, 0x20, 0x00, 0x21, 0x08,
    0x41, 0x08, 0x41, 0x08, 0x41, 0x08, 0x41, 0x08, 0x62, 0x08, 0xe4, 0x18,
    0x04, 0x21, 0x25, 0x21, 0x24, 0x21, 0x04, 0x21, 0xe4, 0x18, 0xc3, 0x18,
    0xc3, 0x18, 0xa3, 0x10, 0x82, 0x10, 0x82, 0x10, 0x62, 0x10, 0x62, 0x10,
    0x62, 0x10, 0x82, 0x08, 0x62, 0x08, 0x61, 0x10, 0x62, 0x10, 0x62, 0x08,
    0x62, 0x08, 0x61, 0x10, 0x62, 0x10, 0x61, 0x10, 0x62, 0x08, 0x62, 0x10,
    0x62, 0x08, 0x61, 0x08, 0x62, 0x10, 0x61, 0x10, 0x62, 0x08, 0x42, 0x10,
    0x62, 0x08, 0x62, 0x10, 0x41, 0x08, 0x62, 0x08, 0x62, 0x08, 0x62, 0x10,
    0x62, 0x08, 0x62, 0x08, 0x41, 0x08, 0x61, 0x08, 0x61, 0x10, 0x41, 0x08,
    0x42, 0x08, 0x62, 0x08, 0x62, 0x10, 0x61, 0x08, 0x61, 0x08, 0x62, 0x10,
    0x61, 0x10, 0x61, 0x08, 0x62, 0x08, 0x62, 0x10, 0x62, 0x08, 0x62, 0x08,
    0x62, 0x10, 0x61, 0x08, 0x62, 0x08, 0x62, 0x10, 0x62, 0x10, 0x62, 0x08,
    0x62, 0x08, 0x62, 0x10, 0x61, 0x08, 0x62, 0x10, 0x62, 0x08, 0x61, 0x10,
    0x34, 0xa5, 0x34, 0xa5, 0x14, 0xa5, 0x35, 0xad, 0x34, 0xa5, 0x34, 0xa5,
    0x34, 0xa5, 0x15, 0xad, 0x35, 0xad, 0x34, 0xa5, 0x35, 0xad, 0x34, 0xa5,
    0x35, 0xad, 0x14, 0xa5, 0x14, 0xa5, 0x34, 0xa5, 0x34, 0xa5, 0x35, 0xad,
    0x14, 0xa5, 0x34, 0xa5, 0x34, 0xa5, 0x35, 0xad, 0x35, 0xad, 0x14, 0xa5,
    0x34, 0xa5, 0x34, 0xa5, 0x35, 0xad, 0x15, 0xad, 0x35, 0xad, 0x34, 0xa5,
    0x34, 0xa5, 0x35, 0xad, 0x34, 0xa5, 0x35, 0xad, 0x34, 0xa5, 0x35, 0xad,
    0x15, 0xad, 0x34, 0xa5, 0x34, 0xa5, 0x35, 0xad, 0x35, 0xad, 0x34, 0xa5,
    0x34, 0xa5, 0x14, 0xa5, 0x34, 0xa5, 0x34, 0xa5, 0x34, 0xa5, 0x35, 0xad,
    0x34, 0xa5, 0x34, 0xa5, 0x34, 0xa5, 0x15, 0xad, 0x35, 0xad, 0x34, 0xa5,
    0x34, 0xa5, 0x34, 0xa5, 0x14, 0xa5, 0x34, 0xa5, 0x34, 0xa5, 0x35, 0xad,
    0xd3, 0x9c, 0xe4, 0x20, 0x21, 0x00, 0x21, 0x08, 0x41, 0x08, 0x61, 0x08,
    0x21, 0x08, 0x21, 0x00, 0x20, 0x00, 0x21, 0x08, 0x41, 0x08, 0x65, 0x29,
    0xe4, 0x20, 0x83, 0x10, 0xa3, 0x10, 0x82, 0x10, 0xa3, 0x10, 0x83, 0x10,
    0xa2, 0x10, 0x82, 0x10, 0xe4, 0x20, 0x66, 0x29, 0x86, 0x31, 0x86, 0x31,
    0x86, 0x29, 0x86, 0x31, 0x86, 0x31, 0x86, 0x31, 0x86, 0x29, 0x86, 0x29,
    0x86, 0x31, 0x86, 0x31, 0x66, 0x29, 0x66, 0x29, 0x66, 0x29, 0x66, 0x29,
    0x65, 0x29, 0x66, 0x29, 0x66, 0x31, 0x65, 0x29, 0x25, 0x21, 0x41, 0x08,
    0x21, 0x08, 0x20, 0x00, 0x20, 0x00, 0x20, 0x08, 0x21, 0x08, 0x21, 0x08,
    0x41, 0x08, 0x41, 0x08, 0x41, 0x00, 0x41, 0x08, 0x41, 0x08, 0xa3, 0x10,
    0x04, 0x21, 0x04, 0x21, 0x04, 0x21, 0x04, 0x21, 0xc4, 0x18, 0xc3, 0x18,
    0xa3, 0x10, 0x83, 0x10, 0x82, 0x10, 0x82, 0x10, 0x82, 0x08, 0x62, 0x10,
    0x62, 0x08, 0x62, 0x08, 0x82, 0x08, 0x62, 0x08, 0x62, 0x10, 0x62, 0x10,
    0x62, 0x08, 0x62, 0x08, 0x61, 0x08, 0x62, 0x08, 0x61, 0x10, 0x61, 0x08,
    0x62, 0x08, 0x62, 0x08, 0x61, 0x08, 0x62, 0x08, 0x41, 0x10, 0x61, 0x08,
    0x62, 0x10, 0x42, 0x08, 0x62, 0x10, 0x61, 0x08, 0x62, 0x10, 0x62, 0x10,
    0x62, 0x10, 0x41, 0x08, 0x61, 0x08, 0x61, 0x08, 0x62, 0x08, 0x62, 0x08,
    0x61, 0x08, 0x61, 0x08, 0x41, 0x08, 0x42, 0x10, 0x42, 0x08, 0x61, 0x08,
    0x62, 0x08, 0x42, 0x08, 0x42, 0x10, 0x61, 0x08, 0x61, 0x08, 0x62, 0x10,
    0x61, 0x08, 0x62, 0x10, 0x62, 0x10, 0x62, 0x08, 0x61, 0x08, 0x62, 0x10,
    0x62, 0x08, 0x61, 0x10, 0x62, 0x10, 0x62, 0x08, 0x61, 0x10, 0x62, 0x08,
    0x34, 0xa5, 0x15, 0xad, 0x35, 0xad, 0x34, 0xa5, 0x15, 0xad, 0x34, 0xa5,
    0x15, 0xad, 0x34, 0xa5, 0x34, 0xa5, 0x35, 0xad, 0x14, 0xa5, 0x34, 0xa5,
    0x34, 0xa5, 0x35, 0xad, 0x34, 0xa5, 0x34, 0xa5, 0x34, 0xa5, 0x14, 0xa5,
    0x34, 0xa5, 0x35, 0xad, 0x35, 0xad, 0x34, 0xa5, 0x34, 0xa5, 0x35, 0xad,
    0x14, 0xa5, 0x35, 0xad, 0x34, 0xa5, 0x34, 0xa5, 0x34, 0xa5, 0x34, 0xa5,
    0x34, 0xa5, 0x34, 0xa5, 0x35, 0xad, 0x34, 0xa5, 0x15, 0xad, 0x14, 0xa5,
    0x34, 0xa5, 0x35, 0xad, 0x35, 0xad, 0x14, 0xa5, 0x14, 0xa5, 0x34, 0xa5,
    0x35, 0xad, 0x34, 0xa5, 0x35, 0xad, 0x15, 0xad, 0x15, 0xad, 0x34, 0xa5,
    0x35, 0xad, 0x35, 0xad, 0x34, 0xa5, 0x34, 0xa5, 0x34, 0xa5, 0x34, 0xa5,
    0x15, 0xad, 0x35, 0xad, 0x34, 0xa5, 0x14, 0xa5, 0x35, 0xad, 0x34, 0xa5,
    0x35, 0xad, 0x08, 0x42, 0x00, 0x00, 0x21, 0x08, 0x41, 0x08, 0x61, 0x08,
    0x41, 0x08, 0x21, 0x00, 0x20, 0x08, 0x21, 0x08, 0x61, 0x08, 0x82, 0x10,
    0xa3, 0x10, 0xa3, 0x10, 0x82, 0x10, 0xa3, 0x10, 0xa2, 0x10, 0xa3, 0x10,
    0x82, 0x10, 0xc3, 0x18, 0x45, 0x29, 0x86, 0x31, 0x87, 0x31, 0x86, 0x31,
    0x86, 0x31, 0x87, 0x31, 0x86, 0x31, 0x87, 0x31, 0x87, 0x31, 0x86, 0x31,
    0x86, 0x31, 0x86, 0x31, 0x66, 0x31, 0x66, 0x31, 0x66, 0x29, 0x66, 0x29,
    0x66, 0x29, 0x65, 0x29, 0x66, 0x29, 0x66, 0x29, 0x45, 0x29, 0x82, 0x10,
    0x21, 0x08, 0x21, 0x00, 0x21, 0x08, 0x21, 0x08, 0x20, 0x00, 0x21, 0x00,
    0x41, 0x08, 0x41, 0x08, 0x21, 0x08, 0x21, 0x08, 0x41, 0x08, 0x82, 0x10,
    0xe4, 0x18, 0x04, 0x21, 0x04, 0x21, 0xe4, 0x18, 0xc3, 0x18, 0xa3, 0x18,
    0xa3, 0x10, 0x82, 0x10, 0x82, 0x10, 0x82, 0x10, 0x62, 0x10, 0x82, 0x08,
    0x62, 0x08, 0x62, 0x10, 0x61, 0x10, 0x62, 0x10, 0x62, 0x08, 0x61, 0x08,
    0x61, 0x10, 0x62, 0x08, 0x62, 0x08, 0x61, 0x10, 0x62, 0x08, 0x62, 0x08,
    0x61, 0x10, 0x41, 0x10, 0x62, 0x10, 0x62, 0x08, 0x62, 0x08, 0x62, 0x08,
    0x61, 0x08, 0x41, 0x08, 0x61, 0x08, 0x62, 0x10, 0x41, 0x08, 0x61, 0x08,
    0x41, 0x08, 0x61, 0x10, 0x62, 0x08, 0x62, 0x08, 0x62, 0x10, 0x61, 0x08,
    0x62, 0x10, 0x62, 0x10, 0x61, 0x08, 0x41, 0x08, 0x62, 0x10, 0x42, 0x08,
    0x61, 0x08, 0x41, 0x10, 0x41, 0x08, 0x61, 0x08, 0x42, 0x10, 0x61, 0x08,
    0x62, 0x10, 0x62, 0x08, 0x61, 0x08, 0x61, 0x10, 0x62, 0x08, 0x62, 0x10,
    0x61, 0x10, 0x62, 0x08, 0x62, 0x08, 0x62, 0x10, 0x62, 0x08, 0x62, 0x10,
    0x34, 0xa5, 0x35, 0xad, 0x34, 0xa5, 0x34, 0xa5, 0x14, 0xa5, 0x35, 0xad,
    0x34, 0xa5, 0x34, 0xa5, 0x34, 0xa5, 0x14, 0xa5, 0x35, 0xad, 0x35, 0xad,
    0x34, 0xa5, 0x14, 0xa5, 0x35, 0xad, 0x15, 0xad, 0x35, 0xad, 0x35, 0xad,
    0x35, 0xad, 0x34, 0xa5, 0x14, 0xa5, 0x15, 0xad, 0x34, 0xa5, 0x34, 0xa5,
    0x35, 0xad, 0x34, 0xa5, 0x14, 0xa5, 0x34, 0xa5, 0x35, 0xad, 0x14, 0xa5,
    0x15, 0xad, 0x35, 0xad, 0x14, 0xa5, 0x34, 0xa5, 0x34, 0xa5, 0x34, 0xa5,
    0x34, 0xa5, 0x34, 0xa5, 0x14, 0xa5, 0x35, 0xad, 0x34, 0xa5, 0x14, 0xa5,
    0x35, 0xad, 0x35, 0xad, 0x34, 0xa5, 0x34, 0xa5, 0x34, 0xa5, 0x14, 0xa5,
    0x34, 0xa5, 0x14, 0xa5, 0x15, 0xad, 0x35, 0xad, 0x34, 0xa5, 0x15, 0xad,
    0x35, 0xad, 0x34, 0xa5, 0x35, 0xad, 0x35, 0xad, 0x34, 0xa5, 0x35, 0xad,
    0x55, 0xad, 0x2d, 0x6b, 0x21, 0x00, 0x21, 0x08, 0x41, 0x08, 0x41, 0x08,
    0x41, 0x08, 0x21, 0x08, 0x20, 0x00, 0x21, 0x00, 0x82, 0x10, 0xa2, 0x10,
    0xa3, 0x10, 0x82, 0x18, 0xa2, 0x10, 0x82, 0x10, 0x82, 0x18, 0x82, 0x10,
    0xa3, 0x10, 0x04, 0x21, 0x86, 0x31, 0xa7, 0x31, 0x87, 0x31, 0x86, 0x31,
    0x87, 0x31, 0xa7, 0x31, 0x86, 0x31, 0x86, 0x31, 0x86, 0x31, 0x86, 0x31,
    0x86, 0x29, 0x87, 0x29, 0x66, 0x29, 0x66, 0x29, 0x86, 0x29, 0x66, 0x29,
    0x66, 0x31, 0x66, 0x29, 0x65, 0x29, 0x66, 0x29, 0x66, 0x31, 0xe3, 0x18,
    0x41, 0x08, 0x21, 0x08, 0x20, 0x00, 0x21, 0x00, 0x21, 0x00, 0x20, 0x08,
    0x21, 0x08, 0x41, 0x08, 0x41, 0x08, 0x41, 0x08, 0x41, 0x00, 0x61, 0x08,
    0xa3, 0x10, 0xe4, 0x18, 0xe4, 0x18, 0xc3, 0x18, 0xa3, 0x18, 0xa3, 0x10,
    0xa2, 0x10, 0x82, 0x10, 0x82, 0x10, 0x82, 0x10, 0x62, 0x10, 0x62, 0x08,
    0x62, 0x10, 0x82, 0x10, 0x62, 0x10, 0x61, 0x08, 0x62, 0x10, 0x61, 0x08,
    0x62, 0x08, 0x61, 0x10, 0x62, 0x10, 0x62, 0x08, 0x62, 0x08, 0x62, 0x10,
    0x62, 0x10, 0x42, 0x08, 0x62, 0x08, 0x61, 0x10, 0x41, 0x08, 0x62, 0x08,
    0x62, 0x10, 0x62, 0x10, 0x62, 0x08, 0x42, 0x08, 0x61, 0x08, 0x61, 0x08,
    0x62, 0x08, 0x62, 0x08, 0x62, 0x10, 0x42, 0x08, 0x41, 0x08, 0x41, 0x08,
    0x41, 0x08, 0x62, 0x08, 0x62, 0x08, 0x42, 0x08, 0x61, 0x08, 0x61, 0x08,
    0x42, 0x10, 0x61, 0x08, 0x62, 0x08, 0x42, 0x08, 0x61, 0x08, 0x62, 0x08,
    0x61, 0x08, 0x62, 0x10, 0x62, 0x08, 0x62, 0x10, 0x62, 0x10, 0x62, 0x08,
    0x61, 0x08, 0x62, 0x10, 0x62, 0x10, 0x62, 0x08, 0x61, 0x08, 0x82, 0x10,
    0x34, 0xa5, 0x14, 0xa5, 0x34, 0xa5, 0x35, 0xad, 0x34, 0xa5, 0x34, 0xa5,
    0x35, 0xad, 0x35, 0xad, 0x15, 0xad, 0x34, 0xa5, 0x34, 0xa5, 0x34, 0xa5,
    0x15, 0xad, 0x35, 0xad, 0x34, 0xa5, 0x34, 0xa5, 0x14, 0xa5, 0x34, 0xa5,
    0x34, 0xa5, 0x14, 0xa5, 0x34, 0xa5, 0x35, 0xad, 0x15, 0xad, 0x34, 0xa5,
    0x34, 0xa5, 0x35, 0xad, 0x34, 0xa5, 0x15, 0xad, 0x35, 0xad, 0x34, 0xa5,
    0x35, 0xad, 0x34, 0xa5, 0x34, 0xa5, 0x15, 0xad, 0x34, 0xa5, 0x35, 0xad,
    0x15, 0xad, 0x35, 0xad, 0x34, 0xa5, 0x34, 0xa5, 0x35, 0xad, 0x34, 0xa5,
    0x14, 0xa5, 0x34, 0xa5, 0x14, 0xa5, 0x34, 0xa5, 0x35, 0xad, 0x35, 0xad,
    0x34, 0xa5, 0x35, 0xad, 0x34, 0xa5, 0x34, 0xa5, 0x15, 0xad, 0x34, 0xa5,
    0x34, 0xa5, 0x34, 0xa5, 0x14, 0xa5, 0x34, 0xa5, 0x14, 0xa5, 0x14, 0xa5,
    0x55, 0xad, 0x51, 0x8c, 0x82, 0x10, 0x21, 0x08, 0x41, 0x08, 0x41, 0x08,
    0x62, 0x08, 0x21, 0x00, 0x20, 0x08, 0x21, 0x08, 0x62, 0x10, 0xa3, 0x10,
    0xa3, 0x10, 0x83, 0x10, 0x82, 0x10, 0xa3, 0x10, 0x83, 0x10, 0x82, 0x10,
    0xc3, 0x18, 0x66, 0x29, 0xa7, 0x31, 0xa7, 0x31, 0xa6, 0x31, 0xa6, 0x31,
    0xa7, 0x31, 0x86, 0x31, 0xa7, 0x31, 0x86, 0x31, 0x86, 0x31, 0xa7, 0x31,
    0x87, 0x31, 0x86, 0x29, 0x86, 0x31, 0x86, 0x29, 0x66, 0x29, 0x66, 0x31,
    0x66, 0x29, 0x66, 0x29, 0x66, 0x29, 0x65, 0x29, 0x66, 0x29, 0x25, 0x21,
    0x41, 0x08, 0x21, 0x08, 0x21, 0x08, 0x20, 0x00, 0x21, 0x08, 0x21, 0x08,
    0x20, 0x08, 0x41, 0x08, 0x41, 0x00, 0x41, 0x08, 0x41, 0x08, 0x41, 0x08,
    0x82, 0x10, 0xc3, 0x18, 0xc3, 0x18, 0xc3, 0x18, 0xa3, 0x10, 0x82, 0x10,
    0x82, 0x10, 0x82, 0x10, 0x82, 0x10, 0x82, 0x08, 0x62, 0x10, 0x82, 0x10,
    0x62, 0x10, 0x62, 0x08, 0x82, 0x08, 0x62, 0x08, 0x62, 0x08, 0x61, 0x10,
    0x62, 0x08, 0x62, 0x08, 0x61, 0x08, 0x62, 0x10, 0x61, 0x08, 0x41, 0x08,
    0x62, 0x08, 0x61, 0x08, 0x62, 0x08, 0x42, 0x08, 0x62, 0x10, 0x61, 0x10,
    0x42, 0x08, 0x42, 0x08, 0x61, 0x10, 0x61, 0x08, 0x62, 0x08, 0x62, 0x10,
    0x42, 0x08, 0x41, 0x08, 0x61, 0x08, 0x61, 0x08, 0x41, 0x10, 0x62, 0x08,
    0x62, 0x08, 0x61, 0x08, 0x41, 0x08, 0x41, 0x10, 0x62, 0x08, 0x41, 0x08,
    0x42, 0x08, 0x42, 0x08, 0x62, 0x08, 0x41, 0x08, 0x42, 0x10, 0x62, 0x08,
    0x62, 0x10, 0x62, 0x10, 0x62, 0x10, 0x62, 0x08, 0x62, 0x08, 0x62, 0x10,
    0x62, 0x08, 0x62, 0x10, 0x82, 0x08, 0x61, 0x10, 0x62, 0x10, 0x61, 0x08,
    0x34, 0xa5, 0x35, 0xad, 0x15, 0xad, 0x34, 0xa5, 0x35, 0xad, 0x34, 0xa5,
    0x14, 0xa5, 0x14, 0xa5, 0x34, 0xa5, 0x35, 0xad, 0x15, 0xad, 0x34, 0xa5,
    0x34, 0xa5, 0x14, 0xa5, 0x34, 0xa5, 0x34, 0xa5, 0x35, 0xad, 0x14, 0xa5,
    0x34, 0xa5, 0x35, 0xad, 0x35, 0xad, 0x34, 0xa5, 0x34, 0xa5, 0x14, 0xa5,
    0x35, 0xad, 0x14, 0xa5, 0x35, 0xad, 0x34, 0xa5, 0x14, 0xa5, 0x34, 0xa5,
    0x34, 0xa5, 0x34, 0xa5, 0x14, 0xa5, 0x35, 0xad, 0x35, 0xad, 0x14, 0xa5,
    0x34, 0xa5, 0x35, 0xad, 0x35, 0xad, 0x14, 0xa5, 0x34, 0xa5, 0x35, 0xad,
    0x35, 0xad, 0x34, 0xa5, 0x35, 0xad, 0x15, 0xad, 0x34, 0xa5, 0x34, 0xa5,
    0x15, 0xad, 0x34, 0xa5, 0x34, 0xa5, 0x34, 0xa5, 0x14, 0xa5, 0x34, 0xa5,
    0x34, 0xa5, 0x15, 0xad, 0x34, 0xa5, 0x35, 0xad, 0x35, 0xad, 0x34, 0xa5,
    0x35, 0xad, 0x14, 0xa5, 0x45, 0x29, 0x00, 0x00, 0x41, 0x00, 0x41, 0x08,
    0x62, 0x08, 0x21, 0x08, 0x21, 0x08, 0x20, 0x00, 0x61, 0x08, 0xa3, 0x10,
    0x82, 0x10, 0xa2, 0x10, 0xa3, 0x10, 0x82, 0x10, 0x82, 0x10, 0xa3, 0x18,
    0x05, 0x21, 0xa6, 0x31, 0xa7, 0x31, 0xa7, 0x39, 0xa7, 0x31, 0xa6, 0x31,
    0x87, 0x31, 0xa7, 0x31, 0x86, 0x31, 0xa7, 0x31, 0x87, 0x31, 0x86, 0x31,
    0x86, 0x31, 0x86, 0x31, 0x86, 0x29, 0x66, 0x31, 0x66, 0x29, 0x66, 0x29,
    0x86, 0x31, 0x66, 0x29, 0x66, 0x29, 0x66, 0x29, 0x45, 0x29, 0x45, 0x29,
    0x82, 0x10, 0x41, 0x08, 0x21, 0x00, 0x21, 0x08, 0x20, 0x08, 0x20, 0x00,
    0x21, 0x00, 0x41, 0x08, 0x41, 0x08, 0x21, 0x08, 0x21, 0x08, 0x41, 0x08,
    0x41, 0x08, 0x82, 0x10, 0xa3, 0x10, 0xa3, 0x10, 0xa3, 0x10, 0x82, 0x10,
    0x82, 0x10, 0x82, 0x10, 0x82, 0x10, 0x62, 0x10, 0x62, 0x10, 0x82, 0x08,
    0x62, 0x08, 0x61, 0x08, 0x62, 0x10, 0x62, 0x10, 0x61, 0x08, 0x62, 0x08,
    0x62, 0x10, 0x62, 0x10, 0x61, 0x08, 0x61, 0x08, 0x42, 0x10, 0x62, 0x10,
    0x61, 0x08, 0x62, 0x08, 0x41, 0x10, 0x61, 0x10, 0x62, 0x08, 0x62, 0x08,
    0x61, 0x10, 0x61, 0x08, 0x62, 0x08, 0x62, 0x10, 0x41, 0x08, 0x62, 0x08,
    0x61, 0x10, 0x61, 0x08, 0x42, 0x08, 0x61, 0x10, 0x42, 0x08, 0x62, 0x08,
    0x62, 0x10, 0x41, 0x10, 0x61, 0x08, 0x62, 0x08, 0x42, 0x10, 0x61, 0x08,
    0x61, 0x10, 0x61, 0x08, 0x41, 0x08, 0x62, 0x10, 0x61, 0x08, 0x61, 0x08,
    0x62, 0x10, 0x62, 0x08, 0x61, 0x08, 0x61, 0x10, 0x62, 0x08, 0x61, 0x10,
    0x61, 0x10, 0x62, 0x08, 0x61, 0x08, 0x62, 0x10, 0x62, 0x10, 0x62, 0x10,
    0x34, 0xa5, 0x15, 0xad, 0x34, 0xa5, 0x34, 0xa5, 0x34, 0xa5, 0x15, 0xad,
    0x35, 0xad, 0x34, 0xa5, 0x34, 0xa5, 0x34, 0xa5, 0x34, 0xa5, 0x35, 0xad,
    0x34, 0xa5, 0x34, 0xa5, 0x35, 0xad, 0x15, 0xad, 0x34, 0xa5, 0x35, 0xad,
    0x35, 0xad, 0x34, 0xa5, 0x14, 0xa5, 0x34, 0xa5, 0x34, 0xa5, 0x35, 0xad,
    0x35, 0xad, 0x34, 0xa5, 0x14, 0xa5, 0x35, 0xad, 0x34, 0xa5, 0x35, 0xad,
    0x15, 0xad, 0x34, 0xa5, 0x35, 0xad, 0x34, 0xa5, 0x34, 0xa5, 0x34, 0xa5,
    0x34, 0xa5, 0x34, 0xa5, 0x14, 0xa5, 0x34, 0xa5, 0x35, 0xad, 0x14, 0xa5,
    0x34, 0xa5, 0x35, 0xad, 0x34, 0xa5, 0x34, 0xa5, 0x14, 0xa5, 0x34, 0xa5,
    0x34, 0xa5, 0x14, 0xa5, 0x35, 0xad, 0x35, 0xad, 0x35, 0xad, 0x35, 0xad,
    0x35, 0xad, 0x14, 0xa5, 0x35, 0xad, 0x34, 0xa5, 0x34, 0xa5, 0x35, 0xad,
    0x34, 0xa5, 0x55, 0xad, 0x6a, 0x52, 0x00, 0x00, 0x21, 0x08, 0x41, 0x08,
    0x61, 0x08, 0x41, 0x08, 0x20, 0x00, 0x21, 0x00, 0x21, 0x08, 0x82, 0x10,
    0xa3, 0x10, 0x82, 0x18, 0xa2, 0x10, 0x83, 0x10, 0x82, 0x10, 0xc3, 0x18,
    0x45, 0x29, 0x87, 0x31, 0xa7, 0x31, 0xa7, 0x31, 0xa7, 0x31, 0xa7, 0x31,
    0xa6, 0x31, 0xa6, 0x31, 0xa6, 0x31, 0x87, 0x31, 0x87, 0x31, 0x86, 0x31,
    0x86, 0x31, 0x86, 0x29, 0x86, 0x29, 0x86, 0x31, 0x66, 0x31, 0x86, 0x31,
    0x66, 0x29, 0x66, 0x31, 0x66, 0x29, 0x66, 0x29, 0x45, 0x29, 0x25, 0x29,
    0xc3, 0x18, 0x41, 0x08, 0x21, 0x00, 0x20, 0x00, 0x21, 0x00, 0x21, 0x08,
    0x21, 0x08, 0x21, 0x08, 0x41, 0x08, 0x41, 0x08, 0x41, 0x00, 0x41, 0x08,
    0x41, 0x08, 0x62, 0x08, 0x82, 0x10, 0x82, 0x10, 0x83, 0x10, 0x82, 0x10,
    0x82, 0x10, 0x82, 0x08, 0x62, 0x10, 0x82, 0x10, 0x82, 0x08, 0x62, 0x08,
    0x62, 0x10, 0x62, 0x10, 0x61, 0x08, 0x62, 0x10, 0x61, 0x08, 0x61, 0x10,
    0x62, 0x08, 0x61, 0x08, 0x62, 0x10, 0x62, 0x08, 0x62, 0x08, 0x61, 0x08,
    0x62, 0x10, 0x42, 0x10, 0x62, 0x10, 0x61, 0x08, 0x61, 0x08, 0x62, 0x08,
    0x42, 0x08, 0x62, 0x10, 0x41, 0x08, 0x61, 0x08, 0x62, 0x10, 0x41, 0x08,
    0x62, 0x08, 0x62, 0x08, 0x62, 0x10, 0x42, 0x08, 0x61, 0x08, 0x41, 0x08,
    0x41, 0x08, 0x42, 0x08, 0x42, 0x10, 0x62, 0x08, 0x61, 0x08, 0x42, 0x08,
    0x42, 0x08, 0x61, 0x10, 0x62, 0x08, 0x41, 0x08, 0x41, 0x08, 0x42, 0x08,
    0x61, 0x08, 0x62, 0x08, 0x62, 0x08, 0x62, 0x10, 0x62, 0x10, 0x62, 0x08,
    0x62, 0x08, 0x62, 0x10, 0x62, 0x10, 0x82, 0x08, 0x82, 0x08, 0x82, 0x10,
    0x34, 0xa5, 0x34, 0xa5, 0x34, 0xa5, 0x35, 0xad, 0x14, 0xa5, 0x34, 0xa5,
    0x35, 0xad, 0x34, 0xa5, 0x35, 0xad, 0x35, 0xad, 0x14, 0xa5, 0x34, 0xa5,
    0x15, 0xad, 0x35, 0xad, 0x34, 0xa5, 0x14, 0xa5, 0x35, 0xad, 0x34, 0xa5,
    0x34, 0xa5, 0x15, 0xad, 0x34, 0xa5, 0x15, 0xad, 0x35, 0xad, 0x34, 0xa5,
    0x14, 0xa5, 0x34, 0xa5, 0x34, 0xa5, 0x34, 0xa5, 0x35, 0xad, 0x14, 0xa5,
    0x34, 0xa5, 0x35, 0xad, 0x34, 0xa5, 0x14, 0xa5, 0x34, 0xa5, 0x35, 0xad,
    0x15, 0xad, 0x34, 0xa5, 0x14, 0xa5, 0x35, 0xad, 0x35, 0xad, 0x14, 0xa5,
    0x34, 0xa5, 0x14, 0xa5, 0x14, 0xa5, 0x35, 0xad, 0x35, 0xad, 0x35, 0xad,
    0x35, 0xad, 0x35, 0xad, 0x14, 0xa5, 0x34, 0xa5, 0x14, 0xa5, 0x34, 0xa5,
    0x34, 0xa5, 0x35, 0xad, 0x34, 0xa5, 0x14, 0xa5, 0x14, 0xa5, 0x34, 0xa5,
    0x35, 0xad, 0x55, 0xad, 0xaf, 0x73, 0x41, 0x08, 0x21, 0x08, 0x21, 0x08,
    0x41, 0x08, 0x61, 0x08, 0x21, 0x00, 0x21, 0x08, 0x21, 0x08, 0x82, 0x10,
    0xa2, 0x10, 0x83, 0x10, 0x82, 0x10, 0x82, 0x10, 0xa3, 0x10, 0xe3, 0x18,
    0x45, 0x29, 0x86, 0x31, 0xa7, 0x31, 0xa7, 0x31, 0xa7, 0x39, 0xa7, 0x31,
    0xa7, 0x31, 0xa7, 0x31, 0xa7, 0x31, 0xa6, 0x31, 0xa6, 0x31, 0x86, 0x31,
    0x87, 0x31, 0x86, 0x31, 0x86, 0x31, 0x86, 0x29, 0x86, 0x29, 0x66, 0x29,
    0x66, 0x29, 0x66, 0x29, 0x66, 0x29, 0x65, 0x29, 0x45, 0x29, 0x05, 0x21,
    0xe3, 0x18, 0x41, 0x08, 0x21, 0x08, 0x21, 0x08, 0x21, 0x08, 0x20, 0x00,
    0x21, 0x08, 0x20, 0x00, 0x41, 0x08, 0x41, 0x08, 0x41, 0x08, 0x41, 0x08,
    0x21, 0x08, 0x41, 0x08, 0x82, 0x10, 0x82, 0x10, 0x82, 0x10, 0x82, 0x10,
    0x82, 0x10, 0x82, 0x10, 0x62, 0x08, 0x62, 0x08, 0x82, 0x10, 0x82, 0x10,
    0x62, 0x08, 0x62, 0x10, 0x62, 0x08, 0x61, 0x08, 0x62, 0x08, 0x62, 0x08,
    0x62, 0x10, 0x61, 0x08, 0x62, 0x08, 0x62, 0x10, 0x41, 0x10, 0x62, 0x08,
    0x62, 0x08, 0x61, 0x08, 0x62, 0x08, 0x62, 0x08, 0x42, 0x10, 0x42, 0x10,
    0x61, 0x08, 0x62, 0x08, 0x61, 0x10, 0x42, 0x08, 0x62, 0x08, 0x61, 0x08,
    0x61, 0x08, 0x41, 0x10, 0x61, 0x08, 0x61, 0x08, 0x62, 0x08, 0x41, 0x10,
    0x62, 0x08, 0x62, 0x08, 0x61, 0x08, 0x41, 0x08, 0x42, 0x08, 0x41, 0x10,
    0x62, 0x08, 0x41, 0x08, 0x41, 0x08, 0x42, 0x08, 0x62, 0x10, 0x62, 0x08,
    0x62, 0x10, 0x41, 0x10, 0x62, 0x10, 0x62, 0x08, 0x61, 0x08, 0x82, 0x10,
    0x62, 0x10, 0x62, 0x10, 0x82, 0x08, 0x82, 0x10, 0x62, 0x10, 0x62, 0x08,
    0x34, 0xa5, 0x15, 0xad, 0x35, 0xad, 0x34, 0xa5, 0x15, 0xad, 0x34, 0xa5,
    0x34, 0xa5, 0x34, 0xa5, 0x15, 0xad, 0x14, 0xa5, 0x35, 0xad, 0x34, 0xa5,
    0x34, 0xa5, 0x15, 0xad, 0x34, 0xa5, 0x34, 0xa5, 0x34, 0xa5, 0x14, 0xa5,
    0x14, 0xa5, 0x34, 0xa5, 0x35, 0xad, 0x34, 0xa5, 0x34, 0xa5, 0x15, 0xad,
    0x34, 0xa5, 0x34, 0xa5, 0x35, 0xad, 0x35, 0xad, 0x14, 0xa5, 0x34, 0xa5,
    0x34, 0xa5, 0x34, 0xa5, 0x15, 0xad, 0x35, 0xad, 0x34, 0xa5, 0x15, 0xad,
    0x34, 0xa5, 0x35, 0xad, 0x35, 0xad, 0x34, 0xa5, 0x34, 0xa5, 0x34, 0xa5,
    0x35, 0xad, 0x35, 0xad, 0x35, 0xad, 0x34, 0xa5, 0x34, 0xa5, 0x14, 0xa5,
    0x14, 0xa5, 0x34, 0xa5, 0x34, 0xa5, 0x34, 0xa5, 0x35, 0xad, 0x14, 0xa5,
    0x34, 0xa5, 0x14, 0xa5, 0x34, 0xa5, 0x35, 0xad, 0x35, 0xad, 0x34, 0xa5,
    0x14, 0xa5, 0x35, 0xad, 0xb2, 0x94, 0xc3, 0x18, 0x20, 0x00, 0x41, 0x08,
    0x41, 0x08, 0x62, 0x08, 0x21, 0x08, 0x21, 0x00, 0x20, 0x00, 0x61, 0x08,
    0xa3, 0x10, 0x83, 0x10, 0xa2, 0x10, 0x83, 0x10, 0xa3, 0x18, 0xe4, 0x18,
    0x25, 0x21, 0x86, 0x31, 0xa7, 0x31, 0xc7, 0x31, 0xa7, 0x31, 0xa7, 0x31,
    0xa7, 0x31, 0xa7, 0x31, 0xa7, 0x31, 0xa7, 0x31, 0x86, 0x31, 0xa7, 0x31,
    0x86, 0x31, 0x87, 0x31, 0x86, 0x29, 0x87, 0x29, 0x86, 0x31, 0x86, 0x31,
    0x67, 0x31, 0x66, 0x29, 0x66, 0x29, 0x45, 0x29, 0x24, 0x21, 0xe4, 0x18,
    0xc3, 0x18, 0x62, 0x08, 0x41, 0x08, 0x21, 0x08, 0x20, 0x00, 0x21, 0x00,
    0x20, 0x00, 0x21, 0x08, 0x41, 0x08, 0x41, 0x08, 0x21, 0x08, 0x41, 0x08,
    0x41, 0x08, 0x41, 0x08, 0x62, 0x08, 0x82, 0x10, 0x82, 0x10, 0x82, 0x10,
    0x62, 0x10, 0x82, 0x10, 0x82, 0x10, 0x62, 0x10, 0x62, 0x08, 0x62, 0x10,
    0x62, 0x10, 0x61, 0x08, 0x62, 0x10, 0x62, 0x08, 0x62, 0x10, 0x62, 0x10,
    0x62, 0x08, 0x61, 0x08, 0x61, 0x10, 0x62, 0x08, 0x62, 0x08, 0x41, 0x10,
    0x61, 0x08, 0x62, 0x08, 0x61, 0x10, 0x62, 0x08, 0x62, 0x08, 0x61, 0x10,
    0x61, 0x08, 0x62, 0x08, 0x62, 0x08, 0x61, 0x10, 0x62, 0x08, 0x61, 0x08,
    0x42, 0x10, 0x62, 0x08, 0x41, 0x08, 0x62, 0x08, 0x42, 0x10, 0x62, 0x08,
    0x61, 0x10, 0x41, 0x08, 0x61, 0x08, 0x42, 0x08, 0x61, 0x10, 0x61, 0x08,
    0x61, 0x08, 0x62, 0x08, 0x41, 0x08, 0x61, 0x08, 0x62, 0x08, 0x41, 0x08,
    0x61, 0x08, 0x62, 0x08, 0x62, 0x10, 0x61, 0x10, 0x62, 0x08, 0x62, 0x10,
    0x82, 0x10, 0x82, 0x08, 0x82, 0x10, 0x62, 0x10, 0x62, 0x10, 0x82, 0x10,
    0x34, 0xa5, 0x35, 0xad, 0x14, 0xa5, 0x34, 0xa5, 0x34, 0xa5, 0x35, 0xad,
    0x35, 0xad, 0x14, 0xa5, 0x34, 0xa5, 0x34, 0xa5, 0x34, 0xa5, 0x35, 0xad,
    0x34, 0xa5, 0x34, 0xa5, 0x35, 0xad, 0x35, 0xad, 0x34, 0xa5, 0x35, 0xad,
    0x35, 0xad, 0x35, 0xad, 0x34, 0xa5, 0x34, 0xa5, 0x15, 0xad, 0x34, 0xa5,
    0x35, 0xad, 0x35, 0xad, 0x15, 0xad, 0x14, 0xa5, 0x34, 0xa5, 0x35, 0xad,
    0x35, 0xad, 0x15, 0xad, 0x34, 0xa5, 0x34, 0xa5, 0x15, 0xad, 0x34, 0xa5,
    0x34, 0xa5, 0x34, 0xa5, 0x35, 0xad, 0x34, 0xa5, 0x14, 0xa5, 0x14, 0xa5,
    0x35, 0xad, 0x34, 0xa5, 0x34, 0xa5, 0x34, 0xa5, 0x14, 0xa5, 0x35, 0xad,
    0x34, 0xa5, 0x34, 0xa5, 0x35, 0xad, 0x15, 0xad, 0x34, 0xa5, 0x35, 0xad,
    0x35, 0xad, 0x35, 0xad, 0x34, 0xa5, 0x34, 0xa5, 0x35, 0xad, 0x15, 0xad,
    0x34, 0xa5, 0x35, 0xad, 0x35, 0xad, 0xa7, 0x39, 0x00, 0x00, 0x41, 0x08,
    0x41, 0x08, 0x61, 0x08, 0x41, 0x08, 0x20, 0x08, 0x20, 0x00, 0x41, 0x08,
    0x83, 0x10, 0x82, 0x10, 0xa2, 0x10, 0xa3, 0x18, 0xc3, 0x18, 0xe4, 0x20,
    0x04, 0x21, 0x66, 0x29, 0xa7, 0x39, 0xc7, 0x31, 0xa7, 0x31, 0xa7, 0x39,
    0xa7, 0x39, 0xa7, 0x39, 0xc7, 0x31, 0xa7, 0x31, 0xa7, 0x31, 0x87, 0x31,
    0x86, 0x31, 0x86, 0x31, 0x86, 0x31, 0x86, 0x31, 0x86, 0x31, 0x86, 0x29,
    0x86, 0x29, 0x66, 0x31, 0x66, 0x29, 0x25, 0x29, 0x04, 0x21, 0xc3, 0x18,
    0xa3, 0x18, 0x82, 0x10, 0x41, 0x08, 0x21, 0x00, 0x21, 0x00, 0x21, 0x08,
    0x21, 0x08, 0x20, 0x00, 0x21, 0x08, 0x41, 0x08, 0x41, 0x08, 0x21, 0x08,
    0x41, 0x00, 0x41, 0x08, 0x61, 0x08, 0x62, 0x10, 0x62, 0x08, 0x62, 0x10,
    0x62, 0x08, 0x62, 0x08, 0x62, 0x10, 0x82, 0x10, 0x82, 0x10, 0x62, 0x08,
    0x62, 0x08, 0x61, 0x08, 0x62, 0x08, 0x61, 0x10, 0x61, 0x08, 0x61, 0x08,
    0x61, 0x08, 0x62, 0x10, 0x62, 0x08, 0x62, 0x08, 0x61, 0x08, 0x62, 0x08,
    0x62, 0x10, 0x62, 0x10, 0x42, 0x08, 0x41, 0x10, 0x61, 0x08, 0x62, 0x08,
    0x62, 0x10, 0x41, 0x08, 0x41, 0x08, 0x62, 0x08, 0x61, 0x10, 0x42, 0x08,
    0x61, 0x08, 0x62, 0x08, 0x62, 0x08, 0x61, 0x10, 0x61, 0x08, 0x41, 0x08,
    0x42, 0x08, 0x41, 0x08, 0x42, 0x10, 0x62, 0x10, 0x62, 0x08, 0x42, 0x08,
    0x41, 0x08, 0x41, 0x08, 0x62, 0x10, 0x61, 0x08, 0x41, 0x08, 0x42, 0x10,
    0x61, 0x08, 0x62, 0x08, 0x62, 0x08, 0x62, 0x10, 0x82, 0x10, 0x62, 0x08,
    0x82, 0x10, 0x62, 0x08, 0x62, 0x10, 0x62, 0x10, 0x82, 0x08, 0x82, 0x10,
    0x34, 0xa5, 0x14, 0xa5, 0x34, 0xa5, 0x35, 0xad, 0x34, 0xa5, 0x34, 0xa5,
    0x14, 0xa5, 0x35, 0xad, 0x35, 0xad, 0x34, 0xa5, 0x34, 0xa5, 0x14, 0xa5,
    0x15, 0xad, 0x34, 0xa5, 0x34, 0xa5, 0x14, 0xa5, 0x35, 0xad, 0x14, 0xa5,
    0x34, 0xa5, 0x34, 0xa5, 0x34, 0xa5, 0x15, 0xad, 0x34, 0xa5, 0x34, 0xa5,
    0x34, 0xa5, 0x14, 0xa5, 0x34, 0xa5, 0x34, 0xa5, 0x34, 0xa5, 0x35, 0xad,
    0x34, 0xa5, 0x14, 0xa5, 0x34, 0xa5, 0x34, 0xa5, 0x34, 0xa5, 0x35, 0xad,
    0x34, 0xa5, 0x14, 0xa5, 0x14, 0xa5, 0x34, 0xa5, 0x35, 0xad, 0x35, 0xad,
    0x34, 0xa5, 0x14, 0xa5, 0x14, 0xa5, 0x35, 0xad, 0x35, 0xad, 0x34, 0xa5,
    0x35, 0xad, 0x35, 0xad, 0x14, 0xa5, 0x34, 0xa5, 0x35, 0xad, 0x34, 0xa5,
    0x34, 0xa5, 0x14, 0xa5, 0x15, 0xad, 0x34, 0xa5, 0x14, 0xa5, 0x34, 0xa5,
    0x35, 0xad, 0x34, 0xa5, 0x55, 0xad, 0xec, 0x5a, 0x00, 0x00, 0x21, 0x08,
    0x41, 0x08, 0x41, 0x08, 0x41, 0x08, 0x21, 0x00, 0x20, 0x00, 0x21, 0x08,
    0x82, 0x10, 0x82, 0x10, 0xa3, 0x10, 0xc3, 0x18, 0xe4, 0x18, 0xe3, 0x18,
    0xe4, 0x20, 0x45, 0x29, 0xa7, 0x31, 0xc7, 0x39, 0xa7, 0x39, 0xa7, 0x31,
    0xc7, 0x31, 0xa7, 0x31, 0xa7, 0x31, 0xa7, 0x39, 0xa6, 0x31, 0xa6, 0x31,
    0x87, 0x31, 0x86, 0x31, 0x86, 0x31, 0x87, 0x31, 0x86, 0x31, 0x86, 0x29,
    0x86, 0x29, 0x66, 0x29, 0x45, 0x29, 0x25, 0x21, 0xe4, 0x18, 0xc3, 0x18,
    0xa3, 0x10, 0x82, 0x10, 0x41, 0x08, 0x21, 0x08, 0x20, 0x08, 0x20, 0x08,
    0x21, 0x08, 0x20, 0x00, 0x21, 0x00, 0x41, 0x08, 0x41, 0x08, 0x41, 0x08,
    0x21, 0x08, 0x41, 0x08, 0x41, 0x08, 0x62, 0x08, 0x82, 0x10, 0x82, 0x10,
    0x82, 0x08, 0x82, 0x10, 0x62, 0x08, 0x62, 0x08, 0x82, 0x10, 0x62, 0x10,
    0x61, 0x08, 0x82, 0x10, 0x61, 0x08, 0x62, 0x08, 0x62, 0x08, 0x62, 0x10,
    0x62, 0x10, 0x62, 0x08, 0x62, 0x10, 0x41, 0x10, 0x41, 0x10, 0x62, 0x10,
    0x42, 0x08, 0x61, 0x08, 0x61, 0x10, 0x62, 0x08, 0x62, 0x10, 0x42, 0x10,
    0x61, 0x08, 0x62, 0x10, 0x61, 0x08, 0x62, 0x08, 0x42, 0x08, 0x61, 0x08,
    0x62, 0x10, 0x61, 0x08, 0x61, 0x08, 0x42, 0x10, 0x41, 0x08, 0x62, 0x08,
    0x62, 0x08, 0x62, 0x08, 0x61, 0x08, 0x41, 0x08, 0x41, 0x08, 0x61, 0x08,
    0x42, 0x10, 0x61, 0x08, 0x41, 0x08, 0x42, 0x10, 0x62, 0x08, 0x61, 0x08,
    0x62, 0x10, 0x62, 0x10, 0x62, 0x10, 0x62, 0x10, 0x82, 0x08, 0x82, 0x10,
    0x62, 0x10, 0x82, 0x10, 0x82, 0x10, 0x82, 0x10, 0x62, 0x08, 0x82, 0x10,
    0x34, 0xa5, 0x35, 0xad, 0x35, 0xad, 0x34, 0xa5, 0x15, 0xad, 0x34, 0xa5,
    0x35, 0xad, 0x14, 0xa5, 0x34, 0xa5, 0x15, 0xad, 0x35, 0xad, 0x35, 0xad,
    0x34, 0xa5, 0x15, 0xad, 0x34, 0xa5, 0x35, 0xad, 0x14, 0xa5, 0x34, 0xa5,
    0x34, 0xa5, 0x15, 0xad, 0x14, 0xa5, 0x34, 0xa5, 0x35, 0xad, 0x35, 0xad,
    0x14, 0xa5, 0x34, 0xa5, 0x35, 0xad, 0x34, 0xa5, 0x35, 0xad, 0x14, 0xa5,
    0x34, 0xa5, 0x34, 0xa5, 0x35, 0xad, 0x15, 0xad, 0x34, 0xa5, 0x34, 0xa5,
    0x15, 0xad, 0x35, 0xad, 0x35, 0xad, 0x35, 0xad, 0x14, 0xa5, 0x34, 0xa5,
    0x34, 0xa5, 0x35, 0xad, 0x35, 0xad, 0x34, 0xa5, 0x34, 0xa5, 0x14, 0xa5,
    0x34, 0xa5, 0x14, 0xa5, 0x35, 0xad, 0x34, 0xa5, 0x14, 0xa5, 0x14, 0xa5,
    0x34, 0xa5, 0x35, 0xad, 0x34, 0xa5, 0x35, 0xad, 0x34, 0xa5, 0x34, 0xa5,
    0x34, 0xa5, 0x14, 0xa5, 0x55, 0xad, 0x30, 0x84, 0x62, 0x08, 0x21, 0x08,
    0x21, 0x08, 0x41, 0x08, 0x62, 0x08, 0x21, 0x00, 0x21, 0x08, 0x21, 0x00,
    0x62, 0x08, 0x82, 0x10, 0xa3, 0x18, 0xe4, 0x18, 0xe3, 0x18, 0xe4, 0x18,
    0xe4, 0x20, 0x25, 0x21, 0xa7, 0x31, 0xc7, 0x39, 0xc7, 0x31, 0xa7, 0x31,
    0xa7, 0x31, 0xc7, 0x39, 0xa7, 0x31, 0xa7, 0x31, 0xa7, 0x31, 0x86, 0x31,
    0xa6, 0x31, 0xa7, 0x31, 0x86, 0x31, 0x86, 0x31, 0x87, 0x29, 0x86, 0x31,
    0x66, 0x31, 0x66, 0x29, 0x25, 0x21, 0xe4, 0x20, 0xc3, 0x18, 0xa3, 0x10,
    0x83, 0x10, 0x82, 0x10, 0x62, 0x08, 0x41, 0x08, 0x21, 0x00, 0x20, 0x00,
    0x21, 0x00, 0x21, 0x08, 0x21, 0x08, 0x21, 0x08, 0x41, 0x08, 0x41, 0x00,
    0x41, 0x08, 0x21, 0x08, 0x41, 0x08, 0x62, 0x08, 0x62, 0x10, 0x82, 0x08,
    0x62, 0x10, 0x82, 0x10, 0x82, 0x10, 0x82, 0x08, 0x62, 0x08, 0x61, 0x10,
    0x82, 0x10, 0x62, 0x08, 0x62, 0x10, 0x62, 0x10, 0x62, 0x10, 0x62, 0x08,
    0x61, 0x08, 0x61, 0x08, 0x61, 0x08, 0x62, 0x08, 0x62, 0x08, 0x62, 0x08,
    0x61, 0x08, 0x62, 0x08, 0x62, 0x08, 0x62, 0x08, 0x61, 0x08, 0x61, 0x08,
    0x41, 0x08, 0x62, 0x08, 0x62, 0x08, 0x61, 0x10, 0x61, 0x08, 0x61, 0x08,
    0x62, 0x08, 0x42, 0x10, 0x41, 0x08, 0x42, 0x08, 0x62, 0x08, 0x61, 0x08,
    0x41, 0x10, 0x41, 0x10, 0x62, 0x08, 0x41, 0x08, 0x61, 0x08, 0x42, 0x08,
    0x61, 0x10, 0x62, 0x08, 0x42, 0x08, 0x62, 0x08, 0x61, 0x08, 0x62, 0x08,
    0x62, 0x10, 0x61, 0x08, 0x62, 0x10, 0x82, 0x08, 0x62, 0x10, 0x62, 0x10,
    0x82, 0x10, 0x82, 0x10, 0x62, 0x10, 0x82, 0x08, 0x82, 0x10, 0x62, 0x10,
    0x34, 0xa5, 0x15, 0xad, 0x34, 0xa5, 0x34, 0xa5, 0x14, 0xa5, 0x35, 0xad,
    0x34, 0xa5, 0x34, 0xa5, 0x34, 0xa5, 0x34, 0xa5, 0x15, 0xad, 0x34, 0xa5,
    0x34, 0xa5, 0x34, 0xa5, 0x15, 0xad, 0x34, 0xa5, 0x34, 0xa5, 0x35, 0xad,
    0x35, 0xad, 0x34, 0xa5, 0x35, 0xad, 0x35, 0xad, 0x34, 0xa5, 0x14, 0xa5,
    0x35, 0xad, 0x35, 0xad, 0x34, 0xa5, 0x15, 0xad, 0x15, 0xad, 0x34, 0xa5,
    0x14, 0xa5, 0x35, 0xad, 0x35, 0xad, 0x34, 0xa5, 0x15, 0xad, 0x34, 0xa5,
    0x34, 0xa5, 0x34, 0xa5, 0x34, 0xa5, 0x14, 0xa5, 0x34, 0xa5, 0x35, 0xad,
    0x35, 0xad, 0x14, 0xa5, 0x34, 0xa5, 0x35, 0xad, 0x14, 0xa5, 0x35, 0xad,
    0x35, 0xad, 0x34, 0xa5, 0x14, 0xa5, 0x35, 0xad, 0x34, 0xa5, 0x35, 0xad,
    0x35, 0xad, 0x34, 0xa5, 0x34, 0xa5, 0x34, 0xa5, 0x15, 0xad, 0x35, 0xad,
    0x35, 0xad, 0x15, 0xad, 0x35, 0xad, 0xf3, 0xa4, 0x04, 0x21, 0x20, 0x00,
    0x41, 0x08, 0x41, 0x08, 0x61, 0x08, 0x21, 0x08, 0x21, 0x08, 0x20, 0x00,
    0x41, 0x08, 0xa3, 0x18, 0xc3, 0x18, 0xe4, 0x18, 0xe4, 0x18, 0xe4, 0x20,
    0xc4, 0x18, 0x04, 0x21, 0xa7, 0x31, 0xc7, 0x39, 0xc7, 0x31, 0xc7, 0x39,
    0xa7, 0x39, 0xc7, 0x31, 0xa7, 0x39, 0xa7, 0x31, 0xa7, 0x31, 0xa7, 0x31,
    0x87, 0x31, 0xa7, 0x31, 0x87, 0x31, 0x86, 0x31, 0x86, 0x31, 0x66, 0x29,
    0x66, 0x29, 0x45, 0x29, 0x04, 0x21, 0xe3, 0x18, 0xa3, 0x10, 0x82, 0x10,
    0x82, 0x10, 0x82, 0x10, 0x62, 0x10, 0x41, 0x08, 0x21, 0x08, 0x21, 0x00,
    0x21, 0x08, 0x20, 0x00, 0x20, 0x08, 0x21, 0x08, 0x41, 0x08, 0x41, 0x08,
    0x41, 0x08, 0x41, 0x08, 0x41, 0x08, 0x41, 0x08, 0x62, 0x08, 0x62, 0x10,
    0x61, 0x08, 0x62, 0x10, 0x62, 0x10, 0x61, 0x10, 0x82, 0x10, 0x62, 0x10,
    0x62, 0x08, 0x62, 0x08, 0x61, 0x08, 0x61, 0x08, 0x61, 0x08, 0x61, 0x08,
    0x62, 0x08, 0x62, 0x10, 0x62, 0x10, 0x41, 0x08, 0x62, 0x08, 0x62, 0x08,
    0x61, 0x10, 0x62, 0x10, 0x42, 0x10, 0x41, 0x08, 0x62, 0x08, 0x61, 0x08,
    0x62, 0x08, 0x42, 0x10, 0x41, 0x08, 0x61, 0x08, 0x62, 0x10, 0x42, 0x08,
    0x41, 0x08, 0x41, 0x08, 0x62, 0x08, 0x61, 0x10, 0x41, 0x08, 0x62, 0x10,
    0x41, 0x08, 0x42, 0x08, 0x62, 0x08, 0x61, 0x08, 0x42, 0x10, 0x62, 0x08,
    0x42, 0x08, 0x41, 0x08, 0x61, 0x08, 0x61, 0x08, 0x62, 0x10, 0x41, 0x08,
    0x62, 0x08, 0x62, 0x10, 0x62, 0x08, 0x62, 0x10, 0x82, 0x10, 0x62, 0x10,
    0x62, 0x08, 0x62, 0x08, 0x62, 0x10, 0x82, 0x10, 0x82, 0x10, 0x62, 0x10,
    0x34, 0xa5, 0x34, 0xa5, 0x14, 0xa5, 0x35, 0xad, 0x34, 0xa5, 0x14, 0xa5,
    0x35, 0xad, 0x35, 0xad, 0x35, 0xad, 0x34, 0xa5, 0x34, 0xa5, 0x14, 0xa5,
    0x34, 0xa5, 0x35, 0xad, 0x34, 0xa5, 0x34, 0xa5, 0x35, 0xad, 0x34, 0xa5,
    0x14, 0xa5, 0x35, 0xad, 0x34, 0xa5, 0x34, 0xa5, 0x14, 0xa5, 0x34, 0xa5,
    0x34, 0xa5, 0x34, 0xa5, 0x34, 0xa5, 0x34, 0xa5, 0x34, 0xa5, 0x35, 0xad,
    0x35, 0xad, 0x34, 0xa5, 0x34, 0xa5, 0x14, 0xa5, 0x34, 0xa5, 0x35, 0xad,
    0x34, 0xa5, 0x15, 0xad, 0x34, 0xa5, 0x34, 0xa5, 0x35, 0xad, 0x34, 0xa5,
    0x14, 0xa5, 0x34, 0xa5, 0x34, 0xa5, 0x14, 0xa5, 0x35, 0xad, 0x34, 0xa5,
    0x34, 0xa5, 0x35, 0xad, 0x34, 0xa5, 0x34, 0xa5, 0x35, 0xad, 0x34, 0xa5,
    0x34, 0xa5, 0x15, 0xad, 0x15, 0xad, 0x34, 0xa5, 0x34, 0xa5, 0x14, 0xa5,
    0x34, 0xa5, 0x34, 0xa5, 0x14, 0xa5, 0x55, 0xad, 0x29, 0x4a, 0x00, 0x00,
    0x21, 0x08, 0x41, 0x08, 0x41, 0x08, 0x41, 0x08, 0x20, 0x00, 0x20, 0x00,
    0x21, 0x08, 0x82, 0x10, 0xc3, 0x18, 0xc3, 0x18, 0xc3, 0x18, 0xe3, 0x18,
    0xe3, 0x20, 0xe4, 0x18, 0x66, 0x31, 0xc7, 0x39, 0xc8, 0x31, 0xc7, 0x39,
    0xc7, 0x39, 0xa8, 0x31, 0xa7, 0x31, 0xa7, 0x31, 0xa7, 0x31, 0xa7, 0x39,
    0xa6, 0x31, 0x86, 0x31, 0x86, 0x31, 0x46, 0x29, 0x45, 0x29, 0x45, 0x21,
    0x25, 0x21, 0xe4, 0x20, 0xc3, 0x18, 0xa3, 0x10, 0x82, 0x10, 0x82, 0x10,
    0x82, 0x10, 0x82, 0x10, 0x62, 0x08, 0x41, 0x08, 0x41, 0x08, 0x21, 0x08,
    0x20, 0x08, 0x21, 0x00, 0x21, 0x00, 0x20, 0x00, 0x41, 0x08, 0x41, 0x08,
    0x21, 0x08, 0x41, 0x08, 0x41, 0x08, 0x41, 0x08, 0x62, 0x08, 0x62, 0x10,
    0x62, 0x10, 0x82, 0x08, 0x82, 0x08, 0x62, 0x10, 0x62, 0x10, 0x62, 0x08,
    0x62, 0x10, 0x62, 0x10, 0x62, 0x10, 0x61, 0x08, 0x62, 0x08, 0x62, 0x10,
    0x62, 0x10, 0x62, 0x08, 0x42, 0x08, 0x62, 0x10, 0x61, 0x10, 0x41, 0x10,
    0x42, 0x08, 0x61, 0x08, 0x61, 0x08, 0x62, 0x10, 0x41, 0x08, 0x62, 0x10,
    0x62, 0x08, 0x61, 0x08, 0x61, 0x10, 0x62, 0x08, 0x42, 0x08, 0x41, 0x08,
    0x62, 0x10, 0x41, 0x08, 0x62, 0x08, 0x62, 0x08, 0x41, 0x08, 0x42, 0x08,
    0x62, 0x08, 0x61, 0x08, 0x41, 0x08, 0x41, 0x08, 0x62, 0x08, 0x41, 0x10,
    0x61, 0x08, 0x62, 0x08, 0x62, 0x10, 0x61, 0x10, 0x62, 0x10, 0x62, 0x10,
    0x61, 0x10, 0x62, 0x08, 0x62, 0x10, 0x62, 0x10, 0x82, 0x10, 0x82, 0x08,
    0x82, 0x10, 0x82, 0x10, 0x82, 0x10, 0x82, 0x08, 0x82, 0x10, 0x62, 0x08,
    0x34, 0xa5, 0x15, 0xad, 0x35, 0xad, 0x34, 0xa5, 0x35, 0xad, 0x34, 0xa5,
    0x14, 0xa5, 0x34, 0xa5, 0x14, 0xa5, 0x15, 0xad, 0x34, 0xa5, 0x35, 0xad,
    0x15, 0xad, 0x35, 0xad, 0x34, 0xa5, 0x35, 0xad, 0x14, 0xa5, 0x14, 0xa5,
    0x35, 0xad, 0x14, 0xa5, 0x34, 0xa5, 0x14, 0xa5, 0x35, 0xad, 0x35, 0xad,
    0x35, 0xad, 0x14, 0xa5, 0x15, 0xad, 0x35, 0xad, 0x34, 0xa5, 0x34, 0xa5,
    0x34, 0xa5, 0x34, 0xa5, 0x15, 0xad, 0x34, 0xa5, 0x34, 0xa5, 0x35, 0xad,
    0x15, 0xad, 0x34, 0xa5, 0x35, 0xad, 0x35, 0xad, 0x14, 0xa5, 0x35, 0xad,
    0x34, 0xa5, 0x15, 0xad, 0x35, 0xad, 0x35, 0xad, 0x34, 0xa5, 0x34, 0xa5,
    0x14, 0xa5, 0x14, 0xa5, 0x35, 0xad, 0x35, 0xad, 0x14, 0xa5, 0x14, 0xa5,
    0x35, 0xad, 0x34, 0xa5, 0x34, 0xa5, 0x35, 0xad, 0x14, 0xa5, 0x35, 0xad,
    0x34, 0xa5, 0x34, 0xa5, 0x35, 0xad, 0x55, 0xad, 0x6e, 0x73, 0x21, 0x00,
    0x21, 0x08, 0x41, 0x08, 0x41, 0x08, 0x41, 0x08, 0x21, 0x00, 0x20, 0x08,
    0x21, 0x00, 0x41, 0x08, 0x62, 0x10, 0x82, 0x10, 0xa3, 0x10, 0xe4, 0x18,
    0xe4, 0x18, 0xe3, 0x20, 0x45, 0x29, 0xc7, 0x39, 0xc7, 0x31, 0xc7, 0x31,
    0xc7, 0x31, 0xa7, 0x39, 0xa7, 0x31, 0xa7, 0x31, 0xa7, 0x31, 0xa7, 0x31,
    0xa7, 0x31, 0x86, 0x31, 0x45, 0x29, 0xa7, 0x31, 0xa7, 0x31, 0x45, 0x29,
    0x04, 0x21, 0xa3, 0x10, 0x82, 0x10, 0x82, 0x10, 0x82, 0x10, 0x82, 0x10,
    0x82, 0x10, 0x62, 0x08, 0x82, 0x10, 0x62, 0x08, 0x41, 0x08, 0x21, 0x00,
    0x21, 0x00, 0x21, 0x08, 0x20, 0x08, 0x21, 0x08, 0x21, 0x08, 0x41, 0x08,
    0x41, 0x00, 0x41, 0x00, 0x41, 0x08, 0x41, 0x08, 0x41, 0x08, 0x62, 0x08,
    0x62, 0x10, 0x62, 0x08, 0x82, 0x10, 0x82, 0x08, 0x62, 0x08, 0x61, 0x10,
    0x82, 0x08, 0x61, 0x08, 0x62, 0x08, 0x62, 0x10, 0x62, 0x10, 0x62, 0x08,
    0x61, 0x08, 0x61, 0x10, 0x61, 0x08, 0x62, 0x08, 0x62, 0x08, 0x61, 0x08,
    0x62, 0x10, 0x42, 0x08, 0x61, 0x08, 0x62, 0x08, 0x62, 0x08, 0x41, 0x08,
    0x61, 0x10, 0x62, 0x08, 0x62, 0x08, 0x61, 0x08, 0x41, 0x08, 0x62, 0x10,
    0x61, 0x08, 0x62, 0x08, 0x41, 0x08, 0x41, 0x10, 0x62, 0x08, 0x61, 0x08,
    0x41, 0x10, 0x62, 0x08, 0x42, 0x10, 0x42, 0x10, 0x61, 0x08, 0x61, 0x08,
    0x61, 0x10, 0x62, 0x08, 0x42, 0x08, 0x62, 0x08, 0x61, 0x08, 0x62, 0x08,
    0x62, 0x08, 0x62, 0x10, 0x61, 0x08, 0x82, 0x10, 0x82, 0x10, 0x82, 0x10,
    0x82, 0x10, 0x62, 0x10, 0x62, 0x08, 0x62, 0x10, 0x82, 0x10, 0x82, 0x10,
    0x34, 0xa5, 0x35, 0xad, 0x34, 0xa5, 0x34, 0xa5, 0x14, 0xa5, 0x35, 0xad,
    0x35, 0xad, 0x34, 0xa5, 0x34, 0xa5, 0x34, 0xa5, 0x35, 0xad, 0x34, 0xa5,
    0x34, 0xa5, 0x34, 0xa5, 0x14, 0xa5, 0x14, 0xa5, 0x35, 0xad, 0x35, 0xad,
    0x34, 0xa5, 0x34, 0xa5, 0x35, 0xad, 0x35, 0xad, 0x34, 0xa5, 0x34, 0xa5,
    0x14, 0xa5, 0x35, 0xad, 0x34, 0xa5, 0x14, 0xa5, 0x35, 0xad, 0x34, 0xa5,
    0x14, 0xa5, 0x15, 0xad, 0x34, 0xa5, 0x35, 0xad, 0x35, 0xad, 0x14, 0xa5,
    0x34, 0xa5, 0x34, 0xa5, 0x34, 0xa5, 0x14, 0xa5, 0x34, 0xa5, 0x34, 0xa5,
    0x15, 0xad, 0x34, 0xa5, 0x34, 0xa5, 0x34, 0xa5, 0x14, 0xa5, 0x35, 0xad,
    0x35, 0xad, 0x35, 0xad, 0x34, 0xa5, 0x14, 0xa5, 0x34, 0xa5, 0x35, 0xad,
    0x14, 0xa5, 0x34, 0xa5, 0x34, 0xa5, 0x34, 0xa5, 0x35, 0xad, 0x34, 0xa5,
    0x35, 0xad, 0x15, 0xad, 0x34, 0xa5, 0x35, 0xad, 0x92, 0x94, 0xa2, 0x10,
    0x21, 0x00, 0x21, 0x08, 0x41, 0x08, 0x41, 0x08, 0x21, 0x00, 0x21, 0x08,
    0x21, 0x08, 0x21, 0x08, 0x41, 0x08, 0x62, 0x08, 0xc3, 0x18, 0xe4, 0x20,
    0xe4, 0x18, 0xe4, 0x18, 0x04, 0x21, 0xc7, 0x39, 0xc8, 0x39, 0xc7, 0x39,
    0xc7, 0x39, 0xa7, 0x31, 0xc7, 0x31, 0xa7, 0x39, 0xc7, 0x31, 0xa7, 0x31,
    0xa7, 0x31, 0x66, 0x31, 0x66, 0x29, 0xcf, 0x73, 0xcf, 0x7b, 0x25, 0x29,
    0x25, 0x21, 0x82, 0x10, 0x62, 0x10, 0x82, 0x10, 0x82, 0x10, 0x62, 0x08,
    0x82, 0x10, 0x82, 0x10, 0x82, 0x10, 0x62, 0x08, 0x41, 0x08, 0x21, 0x08,
    0x20, 0x00, 0x20, 0x08, 0x21, 0x00, 0x21, 0x00, 0x21, 0x08, 0x41, 0x08,
    0x41, 0x08, 0x21, 0x08, 0x41, 0x08, 0x41, 0x08, 0x41, 0x08, 0x62, 0x08,
    0x62, 0x10, 0x62, 0x10, 0x61, 0x10, 0x82, 0x10, 0x62, 0x10, 0x62, 0x10,
    0x82, 0x10, 0x62, 0x08, 0x61, 0x10, 0x61, 0x08, 0x62, 0x08, 0x61, 0x08,
    0x61, 0x10, 0x62, 0x08, 0x62, 0x10, 0x61, 0x08, 0x42, 0x10, 0x62, 0x08,
    0x62, 0x08, 0x62, 0x10, 0x42, 0x10, 0x61, 0x08, 0x61, 0x08, 0x62, 0x10,
    0x62, 0x08, 0x41, 0x08, 0x41, 0x08, 0x42, 0x08, 0x42, 0x10, 0x41, 0x08,
    0x62, 0x08, 0x41, 0x08, 0x62, 0x10, 0x61, 0x08, 0x42, 0x08, 0x42, 0x10,
    0x61, 0x08, 0x41, 0x08, 0x62, 0x08, 0x61, 0x08, 0x62, 0x08, 0x62, 0x08,
    0x62, 0x10, 0x62, 0x08, 0x61, 0x10, 0x62, 0x08, 0x62, 0x08, 0x61, 0x08,
    0x62, 0x08, 0x61, 0x10, 0x62, 0x10, 0x82, 0x10, 0x82, 0x08, 0x82, 0x08,
    0x82, 0x10, 0x62, 0x10, 0x82, 0x10, 0x82, 0x10, 0x62, 0x10, 0x62, 0x10,
    0x34, 0xa5, 0x14, 0xa5, 0x34, 0xa5, 0x35, 0xad, 0x14, 0xa5, 0x34, 0xa5,
    0x35, 0xad, 0x34, 0xa5, 0x15, 0xad, 0x35, 0xad, 0x34, 0xa5, 0x14, 0xa5,
    0x35, 0xad, 0x34, 0xa5, 0x34, 0xa5, 0x35, 0xad, 0x34, 0xa5, 0x34, 0xa5,
    0x34, 0xa5, 0x35, 0xad, 0x14, 0xa5, 0x34, 0xa5, 0x14, 0xa5, 0x34, 0xa5,
    0x35, 0xad, 0x34, 0xa5, 0x34, 0xa5, 0x34, 0xa5, 0x14, 0xa5, 0x35, 0xad,
    0x35, 0xad, 0x34, 0xa5, 0x35, 0xad, 0x34, 0xa5, 0x34, 0xa5, 0x14, 0xa5,
    0x34, 0xa5, 0x35, 0xad, 0x14, 0xa5, 0x35, 0xad, 0x35, 0xad, 0x34, 0xa5,
    0x34, 0xa5, 0x34, 0xa5, 0x15, 0xad, 0x34, 0xa5, 0x35, 0xad, 0x14, 0xa5,
    0x34, 0xa5, 0x34, 0xa5, 0x34, 0xa5, 0x35, 0xad, 0x34, 0xa5, 0x34, 0xa5,
    0x35, 0xad, 0x15, 0xad, 0x35, 0xad, 0x34, 0xa5, 0x14, 0xa5, 0x34, 0xa5,
    0x34, 0xa5, 0x35, 0xad, 0x14, 0xa5, 0x34, 0xa5, 0x14, 0xa5, 0x86, 0x31,
    0x00, 0x00, 0x21, 0x08, 0x41, 0x08, 0x41, 0x08, 0x41, 0x08, 0x20, 0x00,
    0x20, 0x00, 0x20, 0x00, 0x41, 0x08, 0x82, 0x10, 0xe3, 0x18, 0xe3, 0x18,
    0xe3, 0x18, 0xe3, 0x20, 0xe4, 0x20, 0xa7, 0x31, 0xc7, 0x39, 0xc7, 0x39,
    0xc8, 0x31, 0xc7, 0x31, 0xa7, 0x39, 0xa7, 0x31, 0xa7, 0x39, 0xa7, 0x31,
    0xa7, 0x31, 0x45, 0x29, 0x45, 0x29, 0x31, 0x84, 0xf4, 0x9c, 0xa7, 0x39,
    0xa3, 0x10, 0x82, 0x10, 0x62, 0x10, 0x82, 0x10, 0x82, 0x08, 0x62, 0x10,
    0x82, 0x10, 0x82, 0x10, 0x62, 0x08, 0x62, 0x10, 0x61, 0x08, 0x21, 0x08,
    0x21, 0x08, 0x21, 0x00, 0x21, 0x08, 0x20, 0x00, 0x21, 0x08, 0x41, 0x08,
    0x41, 0x08, 0x21, 0x08, 0x21, 0x08, 0x41, 0x08, 0x41, 0x08, 0x61, 0x08,
    0x62, 0x08, 0x62, 0x10, 0x82, 0x08, 0x62, 0x10, 0x62, 0x10, 0x62, 0x08,
    0x62, 0x08, 0x62, 0x10, 0x62, 0x10, 0x62, 0x08, 0x61, 0x08, 0x62, 0x10,
    0x62, 0x08, 0x62, 0x08, 0x42, 0x08, 0x62, 0x10, 0x61, 0x08, 0x42, 0x10,
    0x61, 0x08, 0x61, 0x08, 0x61, 0x08, 0x62, 0x08, 0x41, 0x10, 0x61, 0x08,
    0x62, 0x08, 0x61, 0x08, 0x42, 0x10, 0x42, 0x10, 0x61, 0x08, 0x61, 0x08,
    0x41, 0x08, 0x42, 0x10, 0x42, 0x08, 0x42, 0x08, 0x41, 0x08, 0x62, 0x10,
    0x41, 0x08, 0x62, 0x08, 0x61, 0x08, 0x61, 0x08, 0x42, 0x10, 0x62, 0x08,
    0x61, 0x08, 0x62, 0x10, 0x61, 0x08, 0x61, 0x10, 0x62, 0x10, 0x62, 0x10,
    0x61, 0x10, 0x62, 0x08, 0x62, 0x08, 0x62, 0x10, 0x62, 0x10, 0x62, 0x10,
    0x62, 0x10, 0x62, 0x10, 0x82, 0x08, 0x82, 0x10, 0x62, 0x08, 0x82, 0x08,
    0x34, 0xa5, 0x35, 0xad, 0x15, 0xad, 0x34, 0xa5, 0x35, 0xad, 0x34, 0xa5,
    0x34, 0xa5, 0x14, 0xa5, 0x35, 0xad, 0x34, 0xa5, 0x34, 0xa5, 0x15, 0xad,
    0x34, 0xa5, 0x15, 0xad, 0x35, 0xad, 0x35, 0xad, 0x34, 0xa5, 0x14, 0xa5,
    0x35, 0xad, 0x14, 0xa5, 0x34, 0xa5, 0x35, 0xad, 0x35, 0xad, 0x35, 0xad,
    0x14, 0xa5, 0x34, 0xa5, 0x35, 0xad, 0x35, 0xad, 0x35, 0xad, 0x14, 0xa5,
    0x34, 0xa5, 0x35, 0xad, 0x14, 0xa5, 0x14, 0xa5, 0x34, 0xa5, 0x35, 0xad,
    0x35, 0xad, 0x34, 0xa5, 0x15, 0xad, 0x34, 0xa5, 0x34, 0xa5, 0x35, 0xad,
    0x15, 0xad, 0x35, 0xad, 0x34, 0xa5, 0x15, 0xad, 0x34, 0xa5, 0x35, 0xad,
    0x34, 0xa5, 0x14, 0xa5, 0x35, 0xad, 0x14, 0xa5, 0x35, 0xad, 0x35, 0xad,
    0x34, 0xa5, 0x34, 0xa5, 0x14, 0xa5, 0x35, 0xad, 0x35, 0xad, 0x15, 0xad,
    0x34, 0xa5, 0x14, 0xa5, 0x34, 0xa5, 0x35, 0xad, 0x55, 0xad, 0xab, 0x5a,
    0x00, 0x00, 0x21, 0x08, 0x41, 0x08, 0x41, 0x08, 0x62, 0x08, 0x41, 0x08,
    0x41, 0x08, 0x41, 0x08, 0x62, 0x10, 0xc3, 0x18, 0xe4, 0x18, 0xe4, 0x18,
    0xe4, 0x20, 0xe4, 0x18, 0xe4, 0x20, 0x66, 0x29, 0xe8, 0x39, 0xc7, 0x39,
    0xc7, 0x39, 0xc7, 0x39, 0xc7, 0x31, 0xa7, 0x31, 0xa7, 0x31, 0xa7, 0x31,
    0xa7, 0x31, 0x66, 0x29, 0xc3, 0x18, 0xec, 0x5a, 0xf0, 0x7b, 0x25, 0x21,
    0x41, 0x08, 0x61, 0x08, 0x42, 0x08, 0x62, 0x10, 0x62, 0x10, 0x82, 0x10,
    0x82, 0x10, 0x62, 0x08, 0x62, 0x10, 0x82, 0x10, 0x62, 0x08, 0x41, 0x08,
    0x21, 0x00, 0x21, 0x08, 0x20, 0x00, 0x21, 0x08, 0x20, 0x00, 0x21, 0x08,
    0x41, 0x08, 0x21, 0x00, 0x40, 0x08, 0x21, 0x00, 0x41, 0x08, 0x41, 0x08,
    0x62, 0x08, 0x62, 0x10, 0x62, 0x10, 0x82, 0x08, 0x61, 0x08, 0x62, 0x08,
    0x81, 0x10, 0x61, 0x08, 0x62, 0x08, 0x61, 0x08, 0x62, 0x10, 0x62, 0x08,
    0x62, 0x08, 0x41, 0x10, 0x61, 0x08, 0x62, 0x08, 0x41, 0x08, 0x61, 0x08,
    0x62, 0x10, 0x42, 0x08, 0x62, 0x10, 0x61, 0x08, 0x42, 0x08, 0x62, 0x08,
    0x61, 0x08, 0x42, 0x10, 0x61, 0x08, 0x61, 0x08, 0x61, 0x08, 0x62, 0x08,
    0x42, 0x10, 0x61, 0x08, 0x61, 0x08, 0x61, 0x08, 0x61, 0x08, 0x61, 0x08,
    0x61, 0x08, 0x62, 0x10, 0x62, 0x10, 0x62, 0x08, 0x62, 0x10, 0x61, 0x10,
    0x61, 0x10, 0x62, 0x08, 0x62, 0x08, 0x62, 0x08, 0x61, 0x08, 0x62, 0x08,
    0x62, 0x08, 0x61, 0x10, 0x62, 0x10, 0x61, 0x08, 0x82, 0x10, 0x82, 0x10,
    0x82, 0x08, 0x82, 0x08, 0x62, 0x10, 0x62, 0x10, 0x82, 0x10, 0x62, 0x10,
    0x34, 0xa5, 0x15, 0xad, 0x34, 0xa5, 0x34, 0xa5, 0x14, 0xa5, 0x35, 0xad,
    0x15, 0xad, 0x34, 0xa5, 0x34, 0xa5, 0x14, 0xa5, 0x34, 0xa5, 0x35, 0xad,
    0x34, 0xa5, 0x34, 0xa5, 0x14, 0xa5, 0x34, 0xa5, 0x14, 0xa5, 0x35, 0xad,
    0x34, 0xa5, 0x35, 0xad, 0x35, 0xad, 0x34, 0xa5, 0x34, 0xa5, 0x14, 0xa5,
    0x35, 0xad, 0x35, 0xad, 0x14, 0xa5, 0x14, 0xa5, 0x34, 0xa5, 0x34, 0xa5,
    0x14, 0xa5, 0x34, 0xa5, 0x34, 0xa5, 0x35, 0xad, 0x35, 0xad, 0x14, 0xa5,
    0x34, 0xa5, 0x35, 0xad, 0x34, 0xa5, 0x34, 0xa5, 0x34, 0xa5, 0x14, 0xa5,
    0x34, 0xa5, 0x34, 0xa5, 0x34, 0xa5, 0x34, 0xa5, 0x34, 0xa5, 0x34, 0xa5,
    0x15, 0xad, 0x35, 0xad, 0x34, 0xa5, 0x34, 0xa5, 0x34, 0xa5, 0x14, 0xa5,
    0x14, 0xa5, 0x34, 0xa5, 0x34, 0xa5, 0x14, 0xa5, 0x34, 0xa5, 0x34, 0xa5,
    0x35, 0xad, 0x34, 0xa5, 0x35, 0xad, 0x35, 0xad, 0x55, 0xad, 0xef, 0x7b,
    0x41, 0x08, 0x21, 0x00, 0x21, 0x08, 0x41, 0x08, 0xa3, 0x10, 0xa3, 0x10,
    0xa3, 0x18, 0xc3, 0x18, 0xc3, 0x18, 0xe4, 0x20, 0xe4, 0x18, 0xe4, 0x20,
    0xe4, 0x20, 0xe4, 0x18, 0xe4, 0x18, 0x25, 0x21, 0xc7, 0x39, 0xe7, 0x39,
    0xc8, 0x39, 0xc7, 0x31, 0xc7, 0x39, 0xc7, 0x39, 0xa7, 0x31, 0xc7, 0x39,
    0xa7, 0x31, 0x66, 0x31, 0xc3, 0x18, 0x04, 0x21, 0x66, 0x31, 0x41, 0x08,
    0x41, 0x08, 0x41, 0x08, 0x41, 0x08, 0x41, 0x08, 0x82, 0x10, 0x82, 0x10,
    0x82, 0x08, 0x82, 0x10, 0x82, 0x10, 0x82, 0x10, 0x62, 0x08, 0x41, 0x08,
    0x21, 0x08, 0x20, 0x00, 0x21, 0x08, 0x20, 0x00, 0x21, 0x08, 0x21, 0x08,
    0x41, 0x08, 0x41, 0x00, 0x41, 0x08, 0x41, 0x08, 0x41, 0x08, 0x41, 0x08,
    0x62, 0x08, 0x62, 0x08, 0x62, 0x10, 0x62, 0x08, 0x82, 0x10, 0x62, 0x10,
    0x62, 0x08, 0x62, 0x10, 0x62, 0x08, 0x61, 0x10, 0x62, 0x10, 0x61, 0x08,
    0x61, 0x10, 0x41, 0x08, 0x62, 0x10, 0x61, 0x10, 0x62, 0x10, 0x62, 0x08,
    0x62, 0x08, 0x42, 0x10, 0x61, 0x08, 0x61, 0x08, 0x62, 0x08, 0x62, 0x10,
    0x41, 0x08, 0x41, 0x08, 0x62, 0x08, 0x62, 0x08, 0x42, 0x08, 0x42, 0x10,
    0x62, 0x08, 0x61, 0x08, 0x61, 0x08, 0x62, 0x10, 0x62, 0x08, 0x62, 0x08,
    0x42, 0x10, 0x62, 0x08, 0x61, 0x08, 0x62, 0x10, 0x62, 0x08, 0x62, 0x08,
    0x62, 0x08, 0x62, 0x08, 0x62, 0x10, 0x61, 0x08, 0x62, 0x08, 0x61, 0x10,
    0x62, 0x08, 0x62, 0x10, 0x62, 0x10, 0x62, 0x08, 0x82, 0x08, 0x82, 0x10,
    0x62, 0x10, 0x62, 0x10, 0x82, 0x10, 0x82, 0x08, 0x62, 0x10, 0x82, 0x10,
    0x34, 0xa5, 0x34, 0xa5, 0x34, 0xa5, 0x35, 0xad, 0x34, 0xa5, 0x34, 0xa5,
    0x34, 0xa5, 0x15, 0xad, 0x35, 0xad, 0x34, 0xa5, 0x15, 0xad, 0x34, 0xa5,
    0x35, 0xad, 0x34, 0xa5, 0x34, 0xa5, 0x35, 0xad, 0x34, 0xa5, 0x14, 0xa5,
    0x35, 0xad, 0x34, 0xa5, 0x14, 0xa5, 0x34, 0xa5, 0x14, 0xa5, 0x35, 0xad,
    0x34, 0xa5, 0x34, 0xa5, 0x34, 0xa5, 0x35, 0xad, 0x34, 0xa5, 0x35, 0xad,
    0x35, 0xad, 0x35, 0xad, 0x34, 0xa5, 0x34, 0xa5, 0x35, 0xad, 0x34, 0xa5,
    0x34, 0xa5, 0x14, 0xa5, 0x14, 0xa5, 0x35, 0xad, 0x35, 0xad, 0x35, 0xad,
    0x34, 0xa5, 0x34, 0xa5, 0x15, 0xad, 0x35, 0xad, 0x35, 0xad, 0x14, 0xa5,
    0x34, 0xa5, 0x34, 0xa5, 0x35, 0xad, 0x15, 0xad, 0x34, 0xa5, 0x35, 0xad,
    0x35, 0xad, 0x35, 0xad, 0x35, 0xad, 0x35, 0xad, 0x34, 0xa5, 0x34, 0xa5,
    0x14, 0xa5, 0x35, 0xad, 0x34, 0xa5, 0x14, 0xa5, 0x35, 0xad, 0xd3, 0x9c,
    0xe4, 0x18, 0x20, 0x00, 0x21, 0x08, 0x61, 0x08, 0xc3, 0x18, 0xc3, 0x18,
    0xe4, 0x18, 0xe4, 0x18, 0xc3, 0x18, 0xc4, 0x18, 0xe3, 0x18, 0xe3, 0x18,
    0xe3, 0x18, 0xe3, 0x18, 0xe3, 0x18, 0xe4, 0x20, 0xa7, 0x31, 0xe8, 0x39,
    0xc8, 0x39, 0xc7, 0x39, 0xc7, 0x39, 0xc8, 0x39, 0xc7, 0x31, 0xa7, 0x31,
    0xa7, 0x39, 0x66, 0x29, 0xa2, 0x10, 0x41, 0x08, 0x41, 0x08, 0x41, 0x08,
    0x62, 0x08, 0x41, 0x08, 0x42, 0x08, 0x61, 0x08, 0x62, 0x10, 0x82, 0x10,
    0x82, 0x10, 0x62, 0x10, 0x62, 0x10, 0x82, 0x08, 0x62, 0x08, 0x61, 0x08,
    0x21, 0x08, 0x21, 0x08, 0x20, 0x00, 0x21, 0x08, 0x21, 0x00, 0x21, 0x08,
    0x41, 0x08, 0x41, 0x08, 0x21, 0x08, 0x41, 0x08, 0x41, 0x08, 0x41, 0x08,
    0x41, 0x08, 0x62, 0x10, 0x62, 0x10, 0x62, 0x10, 0x62, 0x10, 0x61, 0x10,
    0x62, 0x08, 0x62, 0x10, 0x61, 0x08, 0x62, 0x08, 0x62, 0x08, 0x62, 0x10,
    0x62, 0x08, 0x62, 0x08, 0x62, 0x08, 0x42, 0x08, 0x62, 0x08, 0x62, 0x10,
    0x61, 0x08, 0x61, 0x08, 0x62, 0x08, 0x42, 0x08, 0x61, 0x10, 0x61, 0x08,
    0x41, 0x08, 0x62, 0x10, 0x42, 0x08, 0x41, 0x08, 0x41, 0x10, 0x61, 0x08,
    0x61, 0x08, 0x62, 0x08, 0x42, 0x10, 0x62, 0x08, 0x62, 0x10, 0x62, 0x10,
    0x61, 0x08, 0x62, 0x10, 0x61, 0x08, 0x61, 0x08, 0x61, 0x08, 0x61, 0x08,
    0x62, 0x08, 0x62, 0x10, 0x61, 0x10, 0x62, 0x10, 0x62, 0x10, 0x61, 0x10,
    0x62, 0x08, 0x62, 0x08, 0x62, 0x08, 0x62, 0x10, 0x62, 0x10, 0x62, 0x10,
    0x82, 0x10, 0x82, 0x10, 0x82, 0x10, 0x62, 0x08, 0x62, 0x08, 0x82, 0x08,
    0x34, 0xa5, 0x35, 0xad, 0x15, 0xad, 0x34, 0xa5, 0x15, 0xad, 0x34, 0xa5,
    0x35, 0xad, 0x34, 0xa5, 0x34, 0xa5, 0x35, 0xad, 0x34, 0xa5, 0x34, 0xa5,
    0x14, 0xa5, 0x15, 0xad, 0x35, 0xad, 0x34, 0xa5, 0x35, 0xad, 0x35, 0xad,
    0x14, 0xa5, 0x34, 0xa5, 0x34, 0xa5, 0x15, 0xad, 0x35, 0xad, 0x34, 0xa5,
    0x34, 0xa5, 0x34, 0xa5, 0x15, 0xad, 0x34, 0xa5, 0x15, 0xad, 0x34, 0xa5,
    0x34, 0xa5, 0x14, 0xa5, 0x15, 0xad, 0x34, 0xa5, 0x34, 0xa5, 0x15, 0xad,
    0x35, 0xad, 0x34, 0xa5, 0x35, 0xad, 0x14, 0xa5, 0x34, 0xa5, 0x14, 0xa5,
    0x35, 0xad, 0x15, 0xad, 0x34, 0xa5, 0x34, 0xa5, 0x14, 0xa5, 0x35, 0xad,
    0x35, 0xad, 0x34, 0xa5, 0x34, 0xa5, 0x14, 0xa5, 0x35, 0xad, 0x34, 0xa5,
    0x34, 0xa5, 0x14, 0xa5, 0x34, 0xa5, 0x34, 0xa5, 0x15, 0xad, 0x35, 0xad,
    0x35, 0xad, 0x14, 0xa5, 0x34, 0xa5, 0x35, 0xad, 0x34, 0xa5, 0x35, 0xad,
    0x08, 0x42, 0x82, 0x10, 0xa3, 0x18, 0xe3, 0x18, 0x04, 0x21, 0x04, 0x21,
    0x04, 0x21, 0x04, 0x21, 0x24, 0x21, 0x25, 0x21, 0x25, 0x21, 0x25, 0x29,
    0x25, 0x29, 0x45, 0x29, 0x45, 0x29, 0x45, 0x29, 0xa7, 0x31, 0xc7, 0x39,
    0xc7, 0x39, 0xc7, 0x31, 0xc7, 0x31, 0xa7, 0x31, 0xa7, 0x31, 0xa7, 0x31,
    0x86, 0x31, 0x25, 0x21, 0x62, 0x08, 0x61, 0x08, 0x82, 0x10, 0xa2, 0x10,
    0x83, 0x10, 0x83, 0x10, 0xa2, 0x10, 0xa3, 0x10, 0x82, 0x10, 0x82, 0x10,
    0x62, 0x08, 0x62, 0x10, 0x82, 0x10, 0x62, 0x10, 0x82, 0x10, 0x62, 0x08,
    0x41, 0x08, 0x21, 0x00, 0x21, 0x08, 0x21, 0x08, 0x20, 0x00, 0x20, 0x00,
    0x21, 0x08, 0x21, 0x00, 0x20, 0x08, 0x21, 0x00, 0x21, 0x08, 0x40, 0x08,
    0x41, 0x08, 0x62, 0x08, 0x62, 0x10, 0x82, 0x08, 0x61, 0x08, 0x62, 0x08,
    0x81, 0x10, 0x62, 0x08, 0x62, 0x10, 0x61, 0x08, 0x61, 0x08, 0x62, 0x08,
    0x61, 0x08, 0x62, 0x08, 0x62, 0x10, 0x41, 0x08, 0x61, 0x08, 0x61, 0x08,
    0x42, 0x10, 0x62, 0x08, 0x61, 0x08, 0x61, 0x10, 0x42, 0x08, 0x62, 0x08,
    0x62, 0x08, 0x62, 0x10, 0x41, 0x08, 0x61, 0x08, 0x62, 0x08, 0x62, 0x10,
    0x61, 0x10, 0x42, 0x10, 0x62, 0x08, 0x61, 0x08, 0x61, 0x08, 0x61, 0x08,
    0x62, 0x10, 0x61, 0x08, 0x62, 0x08, 0x62, 0x10, 0x62, 0x10, 0x62, 0x10,
    0x61, 0x10, 0x62, 0x10, 0x62, 0x08, 0x62, 0x08, 0x62, 0x08, 0x62, 0x08,
    0x61, 0x10, 0x61, 0x08, 0x61, 0x08, 0x61, 0x10, 0x62, 0x10, 0x82, 0x10,
    0x82, 0x08, 0x62, 0x08, 0x62, 0x10, 0x82, 0x10, 0x82, 0x10, 0x62, 0x10,
    0x34, 0xa5, 0x15, 0xad, 0x34, 0xa5, 0x34, 0xa5, 0x34, 0xa5, 0x35, 0xad,
    0x14, 0xa5, 0x34, 0xa5, 0x34, 0xa5, 0x14, 0xa5, 0x35, 0xad, 0x35, 0xad,
    0x34, 0xa5, 0x34, 0xa5, 0x35, 0xad, 0x14, 0xa5, 0x14, 0xa5, 0x34, 0xa5,
    0x34, 0xa5, 0x35, 0xad, 0x35, 0xad, 0x34, 0xa5, 0x34, 0xa5, 0x34, 0xa5,
    0x15, 0xad, 0x15, 0xad, 0x34, 0xa5, 0x35, 0xad, 0x34, 0xa5, 0x14, 0xa5,
    0x34, 0xa5, 0x35, 0xad, 0x34, 0xa5, 0x35, 0xad, 0x15, 0xad, 0x34, 0xa5,
    0x34, 0xa5, 0x35, 0xad, 0x34, 0xa5, 0x35, 0xad, 0x34, 0xa5, 0x34, 0xa5,
    0x14, 0xa5, 0x34, 0xa5, 0x35, 0xad, 0x34, 0xa5, 0x34, 0xa5, 0x34, 0xa5,
    0x34, 0xa5, 0x15, 0xad, 0x34, 0xa5, 0x34, 0xa5, 0x34, 0xa5, 0x35, 0xad,
    0x14, 0xa5, 0x34, 0xa5, 0x14, 0xa5, 0x35, 0xad, 0x34, 0xa5, 0x14, 0xa5,
    0x34, 0xa5, 0x34, 0xa5, 0x15, 0xad, 0x34, 0xa5, 0x34, 0xa5, 0x35, 0xad,
    0x10, 0x84, 0x0c, 0x63, 0x2d, 0x6b, 0x4d, 0x6b, 0x4d, 0x6b, 0x4d, 0x6b,
    0x6d, 0x6b, 0x6e, 0x73, 0x6e, 0x73, 0x6e, 0x73, 0x8e, 0x73, 0x8e, 0x73,
    0x8e, 0x73, 0x8e, 0x73, 0xaf, 0x7b, 0xcf, 0x7b, 0x2c, 0x63, 0x65, 0x29,
    0x66, 0x29, 0x66, 0x29, 0x45, 0x29, 0x45, 0x29, 0x45, 0x29, 0x25, 0x29,
    0x25, 0x21, 0xc4, 0x18, 0x41, 0x08, 0x62, 0x10, 0xa3, 0x10, 0xa3, 0x18,
    0xc3, 0x18, 0xc3, 0x18, 0xc3, 0x18, 0xc3, 0x18, 0xc3, 0x18, 0x82, 0x10,
    0x62, 0x10, 0x62, 0x08, 0x82, 0x10, 0x82, 0x08, 0x62, 0x10, 0x62, 0x08,
    0x41, 0x08, 0x21, 0x08, 0x21, 0x00, 0x20, 0x00, 0x21, 0x08, 0x21, 0x08,
    0x21, 0x00, 0x41, 0x08, 0x41, 0x08, 0x41, 0x08, 0x21, 0x00, 0x41, 0x08,
    0x41, 0x08, 0x62, 0x08, 0x62, 0x08, 0x61, 0x08, 0x82, 0x10, 0x62, 0x08,
    0x62, 0x08, 0x62, 0x10, 0x61, 0x08, 0x62, 0x10, 0x62, 0x10, 0x61, 0x08,
    0x42, 0x10, 0x41, 0x08, 0x61, 0x10, 0x62, 0x10, 0x61, 0x08, 0x42, 0x08,
    0x62, 0x10, 0x41, 0x08, 0x41, 0x08, 0x62, 0x10, 0x61, 0x08, 0x41, 0x08,
    0x61, 0x08, 0x61, 0x08, 0x61, 0x10, 0x62, 0x08, 0x62, 0x10, 0x62, 0x08,
    0x62, 0x08, 0x62, 0x08, 0x61, 0x08, 0x62, 0x10, 0x62, 0x08, 0x62, 0x10,
    0x62, 0x08, 0x62, 0x08, 0x62, 0x10, 0x62, 0x10, 0x62, 0x08, 0x62, 0x10,
    0x61, 0x10, 0x62, 0x08, 0x62, 0x08, 0x61, 0x08, 0x62, 0x10, 0x61, 0x08,
    0x62, 0x08, 0x62, 0x10, 0x62, 0x10, 0x62, 0x08, 0x62, 0x08, 0x82, 0x10,
    0x82, 0x10, 0x62, 0x10, 0x82, 0x10, 0x62, 0x10, 0x62, 0x10, 0x82, 0x10,
    0x34, 0xa5, 0x34, 0xa5, 0x34, 0xa5, 0x35, 0xad, 0x14, 0xa5, 0x34, 0xa5,
    0x35, 0xad, 0x15, 0xad, 0x35, 0xad, 0x14, 0xa5, 0x34, 0xa5, 0x34, 0xa5,
    0x15, 0xad, 0x34, 0xa5, 0x34, 0xa5, 0x35, 0xad, 0x34, 0xa5, 0x34, 0xa5,
    0x35, 0xad, 0x34, 0xa5, 0x14, 0xa5, 0x35, 0xad, 0x34, 0xa5, 0x15, 0xad,
    0x34, 0xa5, 0x34, 0xa5, 0x35, 0xad, 0x34, 0xa5, 0x34, 0xa5, 0x35, 0xad,
    0x15, 0xad, 0x34, 0xa5, 0x34, 0xa5, 0x14, 0xa5, 0x34, 0xa5, 0x34, 0xa5,
    0x14, 0xa5, 0x14, 0xa5, 0x34, 0xa5, 0x34, 0xa5, 0x35, 0xad, 0x35, 0xad,
    0x35, 0xad, 0x34, 0xa5, 0x14, 0xa5, 0x15, 0xad, 0x35, 0xad, 0x35, 0xad,
    0x14, 0xa5, 0x34, 0xa5, 0x15, 0xad, 0x35, 0xad, 0x34, 0xa5, 0x14, 0xa5,
    0x35, 0xad, 0x35, 0xad, 0x35, 0xad, 0x14, 0xa5, 0x34, 0xa5, 0x34, 0xa5,
    0x34, 0xa5, 0x35, 0xad, 0x34, 0xa5, 0x34, 0xa5, 0x35, 0xad, 0x35, 0xad,
    0xf4, 0xa4, 0xd3, 0x9c, 0xd3, 0x9c, 0xd3, 0x9c, 0xd3, 0x9c, 0xd3, 0x9c,
    0xd3, 0x9c, 0xf3, 0x9c, 0xf3, 0x9c, 0xf3, 0x9c, 0xf4, 0xa4, 0xf3, 0xa4,
    0xf4, 0xa4, 0xf4, 0x9c, 0xf4, 0xa4, 0x14, 0xa5, 0xd3, 0x9c, 0x45, 0x29,
    0xa3, 0x10, 0xa3, 0x18, 0xa3, 0x18, 0xa3, 0x10, 0xa3, 0x10, 0xc3, 0x10,
    0xc3, 0x18, 0x82, 0x10, 0x41, 0x08, 0x41, 0x08, 0x82, 0x10, 0xa3, 0x10,
    0xa3, 0x10, 0xc3, 0x18, 0xa3, 0x10, 0xa3, 0x18, 0xc3, 0x18, 0x82, 0x10,
    0x62, 0x08, 0x82, 0x10, 0x82, 0x10, 0x62, 0x10, 0x62, 0x08, 0x62, 0x10,
    0x61, 0x08, 0x41, 0x08, 0x20, 0x08, 0x21, 0x00, 0x20, 0x00, 0x21, 0x08,
    0x21, 0x08, 0x21, 0x08, 0x21, 0x08, 0x41, 0x08, 0x41, 0x08, 0x21, 0x00,
    0x41, 0x08, 0x41, 0x08, 0x62, 0x10, 0x62, 0x10, 0x62, 0x10, 0x62, 0x10,
    0x62, 0x10, 0x62, 0x10, 0x61, 0x08, 0x62, 0x08, 0x62, 0x08, 0x62, 0x10,
    0x61, 0x08, 0x62, 0x10, 0x62, 0x08, 0x61, 0x08, 0x42, 0x10, 0x62, 0x08,
    0x61, 0x08, 0x61, 0x08, 0x62, 0x08, 0x62, 0x08, 0x62, 0x08, 0x61, 0x08,
    0x62, 0x10, 0x42, 0x08, 0x62, 0x08, 0x62, 0x08, 0x61, 0x08, 0x61, 0x08,
    0x61, 0x08, 0x61, 0x08, 0x62, 0x10, 0x61, 0x10, 0x62, 0x10, 0x62, 0x08,
    0x62, 0x10, 0x62, 0x10, 0x61, 0x10, 0x61, 0x08, 0x61, 0x08, 0x62, 0x08,
    0x62, 0x08, 0x61, 0x08, 0x61, 0x10, 0x62, 0x10, 0x61, 0x08, 0x61, 0x10,
    0x62, 0x08, 0x62, 0x08, 0x61, 0x10, 0x62, 0x10, 0x62, 0x08, 0x82, 0x10,
    0x62, 0x10, 0x62, 0x10, 0x82, 0x10, 0x62, 0x08, 0x81, 0x08, 0x82, 0x08,
    0x34, 0xa5, 0x15, 0xad, 0x35, 0xad, 0x34, 0xa5, 0x15, 0xad, 0x34, 0xa5,
    0x34, 0xa5, 0x34, 0xa5, 0x34, 0xa5, 0x35, 0xad, 0x35, 0xad, 0x14, 0xa5,
    0x34, 0xa5, 0x35, 0xad, 0x14, 0xa5, 0x34, 0xa5, 0x35, 0xad, 0x15, 0xad,
    0x14, 0xa5, 0x35, 0xad, 0x34, 0xa5, 0x14, 0xa5, 0x35, 0xad, 0x34, 0xa5,
    0x35, 0xad, 0x34, 0xa5, 0x34, 0xa5, 0x14, 0xa5, 0x15, 0xad, 0x34, 0xa5,
    0x34, 0xa5, 0x35, 0xad, 0x15, 0xad, 0x34, 0xa5, 0x34, 0xa5, 0x35, 0xad,
    0x35, 0xad, 0x35, 0xad, 0x15, 0xad, 0x34, 0xa5, 0x14, 0xa5, 0x14, 0xa5,
    0x34, 0xa5, 0x35, 0xad, 0x34, 0xa5, 0x34, 0xa5, 0x34, 0xa5, 0x14, 0xa5,
    0x35, 0xad, 0x34, 0xa5, 0x34, 0xa5, 0x35, 0xad, 0x15, 0xad, 0x34, 0xa5,
    0x34, 0xa5, 0x34, 0xa5, 0x34, 0xa5, 0x35, 0xad, 0x35, 0xad, 0x35, 0xad,
    0x35, 0xad, 0x14, 0xa5, 0x35, 0xad, 0x35, 0xad, 0x14, 0xa5, 0x34, 0xa5,
    0x34, 0xa5, 0x35, 0xad, 0x35, 0xad, 0x35, 0xad, 0x35, 0xad, 0x35, 0xad,
    0x35, 0xa5, 0x34, 0xa5, 0x35, 0xad, 0x35, 0xad, 0x34, 0xa5, 0x35, 0xad,
    0x35, 0xad, 0x34, 0xad, 0x35, 0xa5, 0x35, 0xad, 0x55, 0xad, 0x29, 0x42,
    0x41, 0x08, 0x82, 0x10, 0x82, 0x10, 0x82, 0x10, 0x82, 0x10, 0x82, 0x10,
    0x82, 0x10, 0x62, 0x08, 0x41, 0x08, 0x41, 0x08, 0x61, 0x08, 0x62, 0x10,
    0x82, 0x10, 0x82, 0x10, 0x82, 0x10, 0x82, 0x10, 0x82, 0x10, 0x82, 0x10,
    0x62, 0x10, 0x82, 0x10, 0x62, 0x10, 0x62, 0x10, 0x82, 0x08, 0x82, 0x10,
    0x62, 0x08, 0x41, 0x08, 0x21, 0x08, 0x20, 0x08, 0x21, 0x08, 0x21, 0x00,
    0x20, 0x00, 0x20, 0x08, 0x41, 0x00, 0x21, 0x00, 0x21, 0x08, 0x40, 0x08,
    0x41, 0x08, 0x41, 0x08, 0x62, 0x08, 0x62, 0x10, 0x61, 0x08, 0x62, 0x08,
    0x61, 0x08, 0x61, 0x08, 0x62, 0x08, 0x62, 0x08, 0x61, 0x10, 0x61, 0x08,
    0x62, 0x08, 0x61, 0x08, 0x62, 0x08, 0x42, 0x08, 0x61, 0x08, 0x62, 0x10,
    0x61, 0x08, 0x62, 0x10, 0x62, 0x08, 0x61, 0x10, 0x41, 0x08, 0x62, 0x10,
    0x62, 0x10, 0x62, 0x08, 0x62, 0x10, 0x61, 0x10, 0x62, 0x10, 0x62, 0x10,
    0x62, 0x10, 0x62, 0x10, 0x62, 0x10, 0x62, 0x08, 0x61, 0x08, 0x62, 0x10,
    0x62, 0x08, 0x61, 0x10, 0x61, 0x08, 0x62, 0x08, 0x62, 0x10, 0x61, 0x08,
    0x61, 0x08, 0x62, 0x10, 0x62, 0x10, 0x62, 0x08, 0x62, 0x08, 0x62, 0x08,
    0x62, 0x10, 0x61, 0x08, 0x62, 0x08, 0x61, 0x08, 0x62, 0x10, 0x62, 0x10,
    0x82, 0x08, 0x61, 0x08, 0x82, 0x08, 0x82, 0x08, 0x62, 0x10, 0x62, 0x10,
    0x34, 0xa5, 0x35, 0xad, 0x14, 0xa5, 0x34, 0xa5, 0x34, 0xa5, 0x15, 0xad,
    0x35, 0xad, 0x34, 0xa5, 0x34, 0xa5, 0x34, 0xa5, 0x34, 0xa5, 0x15, 0xad,
    0x34, 0xa5, 0x34, 0xa5, 0x15, 0xad, 0x34, 0xa5, 0x34, 0xa5, 0x35, 0xad,
    0x34, 0xa5, 0x34, 0xa5, 0x15, 0xad, 0x34, 0xa5, 0x34, 0xa5, 0x14, 0xa5,
    0x34, 0xa5, 0x35, 0xad, 0x14, 0xa5, 0x35, 0xad, 0x34, 0xa5, 0x34, 0xa5,
    0x35, 0xad, 0x34, 0xa5, 0x34, 0xa5, 0x35, 0xad, 0x35, 0xad, 0x14, 0xa5,
    0x34, 0xa5, 0x34, 0xa5, 0x34, 0xa5, 0x35, 0xad, 0x34, 0xa5, 0x35, 0xad,
    0x34, 0xa5, 0x14, 0xa5, 0x35, 0xad, 0x35, 0xad, 0x14, 0xa5, 0x34, 0xa5,
    0x34, 0xa5, 0x35, 0xad, 0x34, 0xa5, 0x14, 0xa5, 0x34, 0xa5, 0x35, 0xad,
    0x15, 0xad, 0x34, 0xa5, 0x14, 0xa5, 0x34, 0xa5, 0x34, 0xa5, 0x14, 0xa5,
    0x14, 0xa5, 0x35, 0xad, 0x14, 0xa5, 0x34, 0xa5, 0x34, 0xa5, 0x34, 0xa5,
    0x35, 0xad, 0x35, 0xad, 0x14, 0xa5, 0x34, 0xa5, 0x34, 0xa5, 0x34, 0xa5,
    0x34, 0xa5, 0x35, 0xad, 0x35, 0xad, 0x14, 0xa5, 0x35, 0xa5, 0x34, 0xa5,
    0x34, 0xa5, 0x14, 0xa5, 0x34, 0xad, 0x34, 0xa5, 0x55, 0xad, 0x8e, 0x73,
    0x62, 0x08, 0x82, 0x10, 0x82, 0x10, 0x82, 0x08, 0x62, 0x10, 0x62, 0x10,
    0x62, 0x10, 0x61, 0x08, 0x41, 0x08, 0x21, 0x08, 0x41, 0x08, 0x41, 0x08,
    0x41, 0x08, 0x41, 0x08, 0x41, 0x08, 0x41, 0x08, 0x41, 0x08, 0x62, 0x08,
    0x62, 0x10, 0x82, 0x10, 0x82, 0x08, 0x62, 0x08, 0x82, 0x10, 0x82, 0x08,
    0x62, 0x08, 0x41, 0x08, 0x41, 0x08, 0x21, 0x00, 0x21, 0x00, 0x20, 0x08,
    0x20, 0x00, 0x21, 0x08, 0x41, 0x08, 0x21, 0x08, 0x21, 0x08, 0x41, 0x08,
    0x21, 0x00, 0x41, 0x08, 0x61, 0x08, 0x62, 0x08, 0x62, 0x10, 0x62, 0x08,
    0x62, 0x10, 0x62, 0x10, 0x62, 0x10, 0x61, 0x10, 0x62, 0x08, 0x62, 0x08,
    0x62, 0x10, 0x41, 0x08, 0x41, 0x08, 0x62, 0x10, 0x62, 0x10, 0x61, 0x08,
    0x42, 0x08, 0x41, 0x08, 0x62, 0x10, 0x62, 0x08, 0x61, 0x08, 0x62, 0x10,
    0x61, 0x08, 0x61, 0x08, 0x61, 0x08, 0x62, 0x08, 0x62, 0x10, 0x62, 0x08,
    0x62, 0x08, 0x62, 0x08, 0x62, 0x10, 0x61, 0x08, 0x62, 0x08, 0x62, 0x10,
    0x61, 0x08, 0x62, 0x08, 0x62, 0x08, 0x62, 0x08, 0x62, 0x08, 0x62, 0x10,
    0x62, 0x10, 0x62, 0x08, 0x62, 0x10, 0x61, 0x08, 0x62, 0x08, 0x62, 0x10,
    0x61, 0x08, 0x62, 0x10, 0x62, 0x08, 0x62, 0x08, 0x62, 0x10, 0x61, 0x08,
    0x62, 0x10, 0x82, 0x10, 0x82, 0x10, 0x62, 0x10, 0x62, 0x10, 0x82, 0x10,
    0x34, 0xa5, 0x14, 0xa5, 0x34, 0xa5, 0x35, 0xad, 0x34, 0xa5, 0x34, 0xa5,
    0x15, 0xad, 0x34, 0xa5, 0x15, 0xad, 0x15, 0xad, 0x34, 0xa5, 0x34, 0xa5,
    0x35, 0xad, 0x35, 0xad, 0x34, 0xa5, 0x35, 0xad, 0x14, 0xa5, 0x34, 0xa5,
    0x34, 0xa5, 0x34, 0xa5, 0x34, 0xa5, 0x35, 0xad, 0x35, 0xad, 0x15, 0xad,
    0x34, 0xa5, 0x34, 0xa5, 0x35, 0xad, 0x34, 0xa5, 0x35, 0xad, 0x15, 0xad,
    0x14, 0xa5, 0x34, 0xa5, 0x34, 0xa5, 0x14, 0xa5, 0x34, 0xa5, 0x34, 0xa5,
    0x15, 0xad, 0x34, 0xa5, 0x34, 0xa5, 0x34, 0xa5, 0x15, 0xad, 0x34, 0xa5,
    0x35, 0xad, 0x14, 0xa5, 0x34, 0xa5, 0x35, 0xad, 0x34, 0xa5, 0x35, 0xad,
    0x35, 0xad, 0x34, 0xa5, 0x15, 0xad, 0x34, 0xa5, 0x34, 0xa5, 0x34, 0xa5,
    0x34, 0xa5, 0x35, 0xad, 0x35, 0xad, 0x14, 0xa5, 0x34, 0xa5, 0x34, 0xa5,
    0x35, 0xad, 0x34, 0xa5, 0x34, 0xa5, 0x34, 0xa5, 0x35, 0xad, 0x15, 0xad,
    0x34, 0xa5, 0x14, 0xa5, 0x34, 0xa5, 0x34, 0xa5, 0x34, 0xa5, 0x14, 0xa5,
    0x35, 0xad, 0x34, 0xad, 0x14, 0xa5, 0x34, 0xa5, 0x34, 0xad, 0x35, 0xad,
    0x14, 0xa5, 0x35, 0xa5, 0x35, 0xa5, 0x14, 0xad, 0x35, 0xad, 0xb2, 0x9c,
    0xe3, 0x18, 0x62, 0x08, 0x82, 0x10, 0x82, 0x10, 0x62, 0x10, 0x62, 0x08,
    0x82, 0x08, 0x41, 0x08, 0x41, 0x08, 0x21, 0x08, 0x21, 0x08, 0x21, 0x00,
    0x41, 0x08, 0x21, 0x08, 0x21, 0x00, 0x21, 0x08, 0x41, 0x08, 0x61, 0x08,
    0x82, 0x08, 0x82, 0x10, 0x62, 0x10, 0x82, 0x10, 0x62, 0x10, 0x62, 0x10,
    0x62, 0x10, 0x61, 0x08, 0x41, 0x08, 0x21, 0x00, 0x20, 0x08, 0x21, 0x00,
    0x21, 0x08, 0x21, 0x08, 0x21, 0x08, 0x41, 0x08, 0x41, 0x08, 0x21, 0x00,
    0x21, 0x08, 0x41, 0x08, 0x41, 0x08, 0x62, 0x08, 0x62, 0x08, 0x61, 0x10,
    0x62, 0x10, 0x62, 0x08, 0x62, 0x08, 0x61, 0x08, 0x61, 0x08, 0x62, 0x10,
    0x61, 0x10, 0x62, 0x08, 0x62, 0x08, 0x61, 0x10, 0x61, 0x08, 0x62, 0x08,
    0x62, 0x10, 0x62, 0x10, 0x61, 0x08, 0x62, 0x08, 0x62, 0x10, 0x62, 0x08,
    0x62, 0x08, 0x62, 0x10, 0x62, 0x08, 0x62, 0x10, 0x61, 0x08, 0x62, 0x08,
    0x61, 0x10, 0x61, 0x10, 0x62, 0x08, 0x62, 0x10, 0x62, 0x08, 0x62, 0x10,
    0x62, 0x10, 0x62, 0x08, 0x61, 0x10, 0x62, 0x10, 0x61, 0x10, 0x61, 0x08,
    0x62, 0x08, 0x62, 0x10, 0x61, 0x08, 0x62, 0x08, 0x61, 0x08, 0x61, 0x10,
    0x62, 0x08, 0x61, 0x08, 0x61, 0x10, 0x62, 0x10, 0x62, 0x08, 0x62, 0x10,
    0x62, 0x10, 0x82, 0x08, 0x62, 0x10, 0x62, 0x10, 0x82, 0x08, 0x82, 0x10,
    0x34, 0xa5, 0x35, 0xad, 0x35, 0xad, 0x34, 0xa5, 0x15, 0xad, 0x34, 0xa5,
    0x34, 0xa5, 0x34, 0xa5, 0x35, 0xad, 0x34, 0xa5, 0x35, 0xad, 0x14, 0xa5,
    0x34, 0xa5, 0x14, 0xa5, 0x14, 0xa5, 0x34, 0xa5, 0x35, 0xad, 0x15, 0xad,
    0x35, 0xad, 0x15, 0xad, 0x35, 0xad, 0x34, 0xa5, 0x34, 0xa5, 0x34, 0xa5,
    0x35, 0xad, 0x14, 0xa5, 0x14, 0xa5, 0x35, 0xad, 0x34, 0xa5, 0x34, 0xa5,
    0x34, 0xa5, 0x35, 0xad, 0x15, 0xad, 0x35, 0xad, 0x34, 0xa5, 0x15, 0xad,
    0x34, 0xa5, 0x35, 0xad, 0x15, 0xad, 0x15, 0xad, 0x34, 0xa5, 0x34, 0xa5,
    0x34, 0xa5, 0x35, 0xad, 0x34, 0xa5, 0x14, 0xa5, 0x34, 0xa5, 0x35, 0xad,
    0x14, 0xa5, 0x14, 0xa5, 0x34, 0xa5, 0x35, 0xad, 0x35, 0xad, 0x34, 0xa5,
    0x14, 0xa5, 0x34, 0xa5, 0x35, 0xad, 0x35, 0xad, 0x15, 0xad, 0x35, 0xad,
    0x34, 0xa5, 0x34, 0xa5, 0x35, 0xad, 0x35, 0xad, 0x14, 0xa5, 0x34, 0xa5,
    0x35, 0xad, 0x34, 0xa5, 0x34, 0xa5, 0x35, 0xad, 0x15, 0xad, 0x35, 0xad,
    0x34, 0xa5, 0x14, 0xa5, 0x34, 0xa5, 0x35, 0xa5, 0x34, 0xad, 0x14, 0xa5,
    0x35, 0xa5, 0x34, 0xad, 0x34, 0xad, 0x35, 0xa5, 0x35, 0xad, 0x35, 0xad,
    0xe7, 0x39, 0x42, 0x08, 0x82, 0x10, 0x82, 0x10, 0x62, 0x08, 0x82, 0x10,
    0x82, 0x10, 0x41, 0x08, 0x41, 0x08, 0x21, 0x00, 0x41, 0x08, 0x41, 0x08,
    0x21, 0x08, 0x41, 0x08, 0x41, 0x08, 0x41, 0x08, 0x21, 0x08, 0x41, 0x08,
    0x82, 0x10, 0x62, 0x08, 0x62, 0x10, 0x62, 0x10, 0x82, 0x08, 0x62, 0x10,
    0x62, 0x08, 0x61, 0x08, 0x41, 0x08, 0x21, 0x08, 0x21, 0x08, 0x20, 0x08,
    0x21, 0x00, 0x21, 0x00, 0x20, 0x00, 0x21, 0x08, 0x41, 0x00, 0x41, 0x08,
    0x40, 0x08, 0x41, 0x08, 0x41, 0x08, 0x61, 0x08, 0x62, 0x10, 0x62, 0x08,
    0x61, 0x08, 0x62, 0x10, 0x62, 0x08, 0x62, 0x08, 0x62, 0x10, 0x61, 0x08,
    0x62, 0x08, 0x41, 0x08, 0x62, 0x10, 0x62, 0x08, 0x42, 0x08, 0x62, 0x08,
    0x61, 0x10, 0x62, 0x08, 0x62, 0x08, 0x61, 0x10, 0x61, 0x08, 0x62, 0x10,
    0x62, 0x10, 0x61, 0x08, 0x62, 0x10, 0x62, 0x10, 0x62, 0x08, 0x62, 0x10,
    0x62, 0x10, 0x62, 0x08, 0x62, 0x10, 0x61, 0x08, 0x62, 0x10, 0x62, 0x10,
    0x61, 0x08, 0x62, 0x10, 0x61, 0x08, 0x62, 0x10, 0x62, 0x10, 0x61, 0x08,
    0x62, 0x08, 0x62, 0x08, 0x61, 0x08, 0x62, 0x10, 0x62, 0x10, 0x62, 0x10,
    0x61, 0x08, 0x62, 0x08, 0x62, 0x10, 0x61, 0x08, 0x62, 0x08, 0x62, 0x10,
    0x62, 0x08, 0x62, 0x10, 0x81, 0x08, 0x62, 0x08, 0x82, 0x10, 0x82, 0x10,
    0x34, 0xa5, 0x15, 0xad, 0x34, 0xa5, 0x34, 0xa5, 0x14, 0xa5, 0x35, 0xad,
    0x35, 0xad, 0x34, 0xa5, 0x14, 0xa5, 0x34, 0xa5, 0x34, 0xa5, 0x35, 0xad,
    0x34, 0xa5, 0x35, 0xad, 0x35, 0xad, 0x34, 0xa5, 0x34, 0xa5, 0x34, 0xa5,
    0x34, 0xa5, 0x34, 0xa5, 0x14, 0xa5, 0x34, 0xa5, 0x14, 0xa5, 0x14, 0xa5,
    0x34, 0xa5, 0x35, 0xad, 0x35, 0xad, 0x34, 0xa5, 0x14, 0xa5, 0x34, 0xa5,
    0x35, 0xad, 0x14, 0xa5, 0x34, 0xa5, 0x34, 0xa5, 0x35, 0xad, 0x34, 0xa5,
    0x35, 0xad, 0x34, 0xa5, 0x34, 0xa5, 0x34, 0xa5, 0x34, 0xa5, 0x35, 0xad,
    0x15, 0xad, 0x14, 0xa5, 0x35, 0xad, 0x34, 0xa5, 0x15, 0xad, 0x34, 0xa5,
    0x34, 0xa5, 0x34, 0xa5, 0x35, 0xad, 0x34, 0xa5, 0x14, 0xa5, 0x15, 0xad,
    0x35, 0xad, 0x14, 0xa5, 0x14, 0xa5, 0x34, 0xa5, 0x34, 0xa5, 0x34, 0xa5,
    0x15, 0xad, 0x34, 0xa5, 0x14, 0xa5, 0x14, 0xa5, 0x35, 0xad, 0x34, 0xa5,
    0x34, 0xa5, 0x15, 0xad, 0x35, 0xad, 0x35, 0xad, 0x14, 0xa5, 0x34, 0xa5,
    0x34, 0xa5, 0x35, 0xad, 0x35, 0xad, 0x34, 0xa5, 0x15, 0xa5, 0x35, 0xa5,
    0x34, 0xa5, 0x34, 0xad, 0x14, 0xa5, 0x34, 0xa5, 0x35, 0xa5, 0x55, 0xad,
    0x2d, 0x6b, 0x41, 0x08, 0x82, 0x10, 0x82, 0x10, 0x82, 0x10, 0x62, 0x10,
    0x82, 0x08, 0x41, 0x08, 0x21, 0x08, 0x21, 0x08, 0x41, 0x00, 0x41, 0x08,
    0x21, 0x00, 0x41, 0x08, 0x41, 0x08, 0x41, 0x00, 0x41, 0x00, 0x41, 0x08,
    0x62, 0x10, 0x82, 0x10, 0x62, 0x08, 0x82, 0x10, 0x82, 0x08, 0x62, 0x08,
    0x62, 0x10, 0x61, 0x10, 0x41, 0x08, 0x41, 0x08, 0x21, 0x00, 0x21, 0x00,
    0x20, 0x00, 0x20, 0x08, 0x20, 0x08, 0x41, 0x08, 0x21, 0x08, 0x21, 0x08,
    0x21, 0x08, 0x41, 0x08, 0x41, 0x08, 0x41, 0x08, 0x62, 0x08, 0x62, 0x10,
    0x62, 0x08, 0x61, 0x10, 0x62, 0x10, 0x61, 0x10, 0x62, 0x08, 0x62, 0x08,
    0x62, 0x08, 0x62, 0x10, 0x61, 0x10, 0x62, 0x10, 0x62, 0x08, 0x61, 0x10,
    0x61, 0x08, 0x61, 0x08, 0x62, 0x08, 0x62, 0x10, 0x62, 0x08, 0x62, 0x08,
    0x61, 0x10, 0x62, 0x10, 0x62, 0x08, 0x62, 0x08, 0x61, 0x10, 0x62, 0x10,
    0x62, 0x08, 0x62, 0x08, 0x62, 0x08, 0x61, 0x10, 0x62, 0x08, 0x61, 0x08,
    0x62, 0x08, 0x62, 0x08, 0x62, 0x10, 0x62, 0x08, 0x62, 0x08, 0x62, 0x10,
    0x62, 0x10, 0x61, 0x08, 0x61, 0x10, 0x62, 0x10, 0x62, 0x08, 0x61, 0x08,
    0x62, 0x08, 0x62, 0x10, 0x62, 0x08, 0x62, 0x08, 0x61, 0x10, 0x61, 0x08,
    0x62, 0x10, 0x62, 0x10, 0x62, 0x10, 0x82, 0x10, 0x82, 0x10, 0x82, 0x10,
    0x34, 0xa5, 0x34, 0xa5, 0x14, 0xa5, 0x35, 0xad, 0x34, 0xa5, 0x34, 0xa5,
    0x34, 0xa5, 0x15, 0xad, 0x35, 0xad, 0x34, 0xa5, 0x34, 0xa5, 0x14, 0xa5,
    0x35, 0xad, 0x34, 0xa5, 0x34, 0xa5, 0x35, 0xad, 0x15, 0xad, 0x34, 0xa5,
    0x34, 0xa5, 0x14, 0xa5, 0x35, 0xad, 0x35, 0xad, 0x35, 0xad, 0x35, 0xad,
    0x35, 0xad, 0x34, 0xa5, 0x34, 0xa5, 0x34, 0xa5, 0x35, 0xad, 0x15, 0xad,
    0x34, 0xa5, 0x34, 0xa5, 0x34, 0xa5, 0x35, 0xad, 0x14, 0xa5, 0x34, 0xa5,
    0x34, 0xa5, 0x14, 0xa5, 0x34, 0xa5, 0x34, 0xa5, 0x15, 0xad, 0x34, 0xa5,
    0x34, 0xa5, 0x34, 0xa5, 0x34, 0xa5, 0x35, 0xad, 0x34, 0xa5, 0x14, 0xa5,
    0x35, 0xad, 0x35, 0xad, 0x15, 0xad, 0x34, 0xa5, 0x34, 0xa5, 0x35, 0xad,
    0x34, 0xa5, 0x35, 0xad, 0x34, 0xa5, 0x34, 0xa5, 0x34, 0xa5, 0x14, 0xa5,
    0x34, 0xa5, 0x35, 0xad, 0x35, 0xad, 0x34, 0xa5, 0x34, 0xa5, 0x35, 0xad,
    0x34, 0xa5, 0x14, 0xa5, 0x34, 0xa5, 0x34, 0xa5, 0x34, 0xa5, 0x34, 0xa5,
    0x15, 0xad, 0x34, 0xa5, 0x34, 0xa5, 0x15, 0xad, 0x34, 0xad, 0x34, 0xa5,
    0x14, 0xad, 0x35, 0xad, 0x35, 0xa5, 0x14, 0xa5, 0x34, 0xad, 0x35, 0xad,
    0x72, 0x94, 0xa3, 0x10, 0x62, 0x10, 0x82, 0x10, 0x82, 0x08, 0x62, 0x08,
    0x62, 0x10, 0x41, 0x08, 0x41, 0x08, 0x41, 0x08, 0x21, 0x08, 0x21, 0x08,
    0x40, 0x08, 0x41, 0x08, 0x21, 0x08, 0x20, 0x08, 0x41, 0x08, 0x61, 0x08,
    0x82, 0x10, 0x62, 0x10, 0x82, 0x10, 0x82, 0x08, 0x62, 0x10, 0x62, 0x10,
    0x61, 0x10, 0x62, 0x08, 0x61, 0x08, 0x41, 0x08, 0x21, 0x00, 0x20, 0x08,
    0x21, 0x08, 0x21, 0x08, 0x21, 0x00, 0x21, 0x08, 0x41, 0x08, 0x21, 0x00,
    0x41, 0x00, 0x21, 0x08, 0x41, 0x00, 0x41, 0x08, 0x62, 0x08, 0x61, 0x10,
    0x62, 0x10, 0x62, 0x08, 0x62, 0x08, 0x62, 0x10, 0x61, 0x08, 0x62, 0x10,
    0x61, 0x10, 0x62, 0x08, 0x62, 0x08, 0x61, 0x08, 0x61, 0x08, 0x62, 0x08,
    0x62, 0x10, 0x62, 0x10, 0x61, 0x10, 0x62, 0x08, 0x62, 0x10, 0x62, 0x10,
    0x62, 0x08, 0x82, 0x08, 0x62, 0x10, 0x61, 0x10, 0x62, 0x08, 0x62, 0x08,
    0x61, 0x10, 0x61, 0x08, 0x62, 0x10, 0x62, 0x08, 0x62, 0x10, 0x61, 0x08,
    0x61, 0x10, 0x62, 0x10, 0x62, 0x10, 0x61, 0x08, 0x62, 0x08, 0x61, 0x10,
    0x62, 0x08, 0x62, 0x10, 0x62, 0x08, 0x62, 0x08, 0x61, 0x08, 0x62, 0x08,
    0x62, 0x08, 0x61, 0x10, 0x61, 0x10, 0x62, 0x08, 0x62, 0x10, 0x62, 0x08,
    0x62, 0x08, 0x62, 0x08, 0x82, 0x10, 0x82, 0x10, 0x82, 0x10, 0x83, 0x10,
    0x34, 0xa5, 0x15, 0xad, 0x35, 0xad, 0x34, 0xa5, 0x35, 0xad, 0x14, 0xa5,
    0x35, 0xad, 0x14, 0xa5, 0x34, 0xa5, 0x35, 0xad, 0x15, 0xad, 0x35, 0xad,
    0x34, 0xa5, 0x14, 0xa5, 0x14, 0xa5, 0x34, 0xa5, 0x34, 0xa5, 0x15, 0xad,
    0x35, 0xad, 0x35, 0xad, 0x34, 0xa5, 0x14, 0xa5, 0x34, 0xa5, 0x34, 0xa5,
    0x34, 0xa5, 0x14, 0xa5, 0x14, 0xa5, 0x35, 0xad, 0x14, 0xa5, 0x34, 0xa5,
    0x35, 0xad, 0x35, 0xad, 0x15, 0xad, 0x34, 0xa5, 0x34, 0xa5, 0x15, 0xad,
    0x35, 0xad, 0x35, 0xad, 0x15, 0xad, 0x35, 0xad, 0x34, 0xa5, 0x14, 0xa5,
    0x35, 0xad, 0x35, 0xad, 0x34, 0xa5, 0x14, 0xa5, 0x35, 0xad, 0x35, 0xad,
    0x34, 0xa5, 0x14, 0xa5, 0x34, 0xa5, 0x34, 0xa5, 0x35, 0xad, 0x34, 0xa5,
    0x34, 0xa5, 0x34, 0xa5, 0x35, 0xad, 0x35, 0xad, 0x15, 0xad, 0x35, 0xad,
    0x35, 0xad, 0x34, 0xa5, 0x14, 0xa5, 0x35, 0xad, 0x34, 0xa5, 0x34, 0xa5,
    0x15, 0xad, 0x35, 0xad, 0x34, 0xa5, 0x14, 0xa5, 0x15, 0xad, 0x35, 0xad,
    0x34, 0xa5, 0x15, 0xad, 0x34, 0xa5, 0x34, 0xa5, 0x34, 0xa5, 0x34, 0xad,
    0x35, 0xa5, 0x34, 0xa5, 0x14, 0xa5, 0x35, 0xad, 0x34, 0xad, 0x34, 0xa5,
    0x34, 0xa5, 0x86, 0x31, 0x42, 0x08, 0x82, 0x10, 0x62, 0x10, 0x62, 0x10,
    0x82, 0x10, 0x41, 0x08, 0x21, 0x08, 0x41, 0x00, 0x41, 0x08, 0x21, 0x08,
    0x21, 0x08, 0x21, 0x08, 0x21, 0x00, 0x21, 0x08, 0x21, 0x08, 0x61, 0x08,
    0x62, 0x10, 0x82, 0x08, 0x62, 0x08, 0x62, 0x10, 0x62, 0x10, 0x61, 0x10,
    0x82, 0x08, 0x62, 0x08, 0x61, 0x10, 0x41, 0x08, 0x21, 0x08, 0x21, 0x00,
    0x21, 0x08, 0x21, 0x00, 0x21, 0x00, 0x20, 0x00, 0x21, 0x08, 0x41, 0x08,
    0x41, 0x08, 0x41, 0x08, 0x21, 0x08, 0x41, 0x08, 0x61, 0x08, 0x62, 0x08,
    0x62, 0x08, 0x62, 0x10, 0x61, 0x08, 0x62, 0x08, 0x61, 0x08, 0x61, 0x08,
    0x62, 0x08, 0x61, 0x08, 0x61, 0x08, 0x62, 0x08, 0x62, 0x10, 0x62, 0x10,
    0x62, 0x08, 0x62, 0x08, 0x62, 0x10, 0x62, 0x10, 0x61, 0x08, 0x62, 0x10,
    0x62, 0x10, 0x61, 0x08, 0x62, 0x08, 0x61, 0x10, 0x62, 0x08, 0x62, 0x10,
    0x62, 0x08, 0x62, 0x10, 0x61, 0x10, 0x62, 0x10, 0x62, 0x08, 0x62, 0x10,
    0x62, 0x10, 0x62, 0x08, 0x61, 0x08, 0x62, 0x10, 0x62, 0x10, 0x62, 0x08,
    0x61, 0x10, 0x61, 0x08, 0x62, 0x08, 0x62, 0x10, 0x61, 0x10, 0x61, 0x10,
    0x62, 0x10, 0x61, 0x08, 0x62, 0x08, 0x61, 0x08, 0x41, 0x08, 0x62, 0x10,
    0x61, 0x10, 0x62, 0x10, 0x82, 0x10, 0x82, 0x10, 0xa2, 0x10, 0xa3, 0x10,
    0x34, 0xa5, 0x35, 0xad, 0x34, 0xa5, 0x34, 0xa5, 0x14, 0xa5, 0x35, 0xad,
    0x34, 0xa5, 0x34, 0xa5, 0x34, 0xa5, 0x34, 0xa5, 0x15, 0xad, 0x34, 0xa5,
    0x34, 0xa5, 0x35, 0xad, 0x35, 0xad, 0x15, 0xad, 0x34, 0xa5, 0x34, 0xa5,
    0x34, 0xa5, 0x14, 0xa5, 0x34, 0xa5, 0x34, 0xa5, 0x35, 0xad, 0x14, 0xa5,
    0x34, 0xa5, 0x35, 0xad, 0x35, 0xad, 0x34, 0xa5, 0x34, 0xa5, 0x35, 0xad,
    0x34, 0xa5, 0x14, 0xa5, 0x34, 0xa5, 0x35, 0xad, 0x14, 0xa5, 0x34, 0xa5,
    0x34, 0xa5, 0x14, 0xa5, 0x34, 0xa5, 0x34, 0xa5, 0x35, 0xad, 0x35, 0xad,
    0x34, 0xa5, 0x14, 0xa5, 0x15, 0xad, 0x34, 0xa5, 0x34, 0xa5, 0x34, 0xa5,
    0x34, 0xa5, 0x34, 0xa5, 0x35, 0xad, 0x34, 0xa5, 0x14, 0xa5, 0x15, 0xad,
    0x34, 0xa5, 0x14, 0xa5, 0x14, 0xa5, 0x35, 0xad, 0x34, 0xa5, 0x34, 0xa5,
    0x34, 0xa5, 0x14, 0xa5, 0x34, 0xa5, 0x34, 0xa5, 0x15, 0xad, 0x15, 0xad,
    0x34, 0xa5, 0x34, 0xa5, 0x35, 0xad, 0x35, 0xad, 0x34, 0xa5, 0x34, 0xa5,
    0x34, 0xa5, 0x34, 0xa5, 0x15, 0xad, 0x34, 0xa5, 0x35, 0xad, 0x15, 0xa5,
    0x34, 0xa5, 0x35, 0xa5, 0x34, 0xa5, 0x34, 0xad, 0x35, 0xa5, 0x15, 0xad,
    0x55, 0xad, 0xcb, 0x5a, 0x41, 0x08, 0x82, 0x10, 0x82, 0x10, 0x62, 0x10,
    0x82, 0x08, 0x61, 0x08, 0x21, 0x08, 0x21, 0x08, 0x21, 0x08, 0x20, 0x00,
    0x20, 0x00, 0x21, 0x00, 0x21, 0x08, 0x21, 0x00, 0x21, 0x08, 0x61, 0x08,
    0x82, 0x10, 0x62, 0x10, 0x62, 0x08, 0x82, 0x10, 0x62, 0x08, 0x62, 0x08,
    0x82, 0x08, 0x62, 0x10, 0x61, 0x08, 0x41, 0x08, 0x21, 0x08, 0x20, 0x00,
    0x20, 0x00, 0x20, 0x00, 0x20, 0x08, 0x21, 0x08, 0x21, 0x08, 0x21, 0x08,
    0x21, 0x08, 0x21, 0x08, 0x41, 0x08, 0x41, 0x08, 0x41, 0x08, 0x62, 0x08,
    0x62, 0x08, 0x61, 0x10, 0x62, 0x10, 0x62, 0x10, 0x62, 0x10, 0x62, 0x08,
    0x62, 0x10, 0x62, 0x10, 0x62, 0x10, 0x62, 0x10, 0x62, 0x08, 0x61, 0x10,
    0x62, 0x10, 0x62, 0x08, 0x62, 0x08, 0x81, 0x08, 0x62, 0x08, 0x62, 0x08,
    0x61, 0x08, 0x62, 0x10, 0x62, 0x10, 0x62, 0x08, 0x62, 0x10, 0x61, 0x08,
    0x62, 0x10, 0x62, 0x10, 0x62, 0x08, 0x62, 0x08, 0x62, 0x08, 0x61, 0x08,
    0x62, 0x08, 0x62, 0x10, 0x62, 0x08, 0x61, 0x08, 0x62, 0x08, 0x62, 0x10,
    0x62, 0x08, 0x62, 0x10, 0x61, 0x08, 0x61, 0x08, 0x62, 0x08, 0x62, 0x08,
    0x62, 0x08, 0x62, 0x08, 0x62, 0x08, 0x42, 0x08, 0x62, 0x10, 0x61, 0x08,
    0x62, 0x08, 0x62, 0x10, 0x82, 0x10, 0x82, 0x10, 0xa3, 0x10, 0xa3, 0x18,
    0x34, 0xa5, 0x14, 0xa5, 0x34, 0xa5, 0x35, 0xad, 0x14, 0xa5, 0x34, 0xa5,
    0x35, 0xad, 0x15, 0xad, 0x35, 0xad, 0x34, 0xa5, 0x34, 0xa5, 0x34, 0xa5,
    0x14, 0xa5, 0x35, 0xad, 0x34, 0xa5, 0x34, 0xa5, 0x35, 0xad, 0x34, 0xa5,
    0x14, 0xa5, 0x35, 0xad, 0x35, 0xad, 0x35, 0xad, 0x14, 0xa5, 0x35, 0xad,
    0x15, 0xad, 0x34, 0xa5, 0x34, 0xa5, 0x35, 0xad, 0x15, 0xad, 0x34, 0xa5,
    0x14, 0xa5, 0x34, 0xa5, 0x34, 0xa5, 0x34, 0xa5, 0x35, 0xad, 0x35, 0xad,
    0x34, 0xa5, 0x34, 0xa5, 0x34, 0xa5, 0x35, 0xad, 0x14, 0xa5, 0x34, 0xa5,
    0x34, 0xa5, 0x34, 0xa5, 0x34, 0xa5, 0x35, 0xad, 0x15, 0xad, 0x14, 0xa5,
    0x35, 0xad, 0x35, 0xad, 0x14, 0xa5, 0x35, 0xad, 0x34, 0xa5, 0x35, 0xad,
    0x35, 0xad, 0x35, 0xad, 0x34, 0xa5, 0x34, 0xa5, 0x14, 0xa5, 0x34, 0xa5,
    0x34, 0xa5, 0x15, 0xad, 0x35, 0xad, 0x35, 0xad, 0x34, 0xa5, 0x34, 0xa5,
    0x34, 0xa5, 0x34, 0xa5, 0x34, 0xa5, 0x14, 0xa5, 0x34, 0xa5, 0x15, 0xad,
    0x35, 0xad, 0x34, 0xa5, 0x34, 0xa5, 0x15, 0xad, 0x34, 0xa5, 0x34, 0xa5,
    0x15, 0xad, 0x34, 0xad, 0x15, 0xad, 0x34, 0xa5, 0x34, 0xa5, 0x15, 0xa5,
    0x55, 0xad, 0x30, 0x84, 0x82, 0x10, 0x62, 0x10, 0x62, 0x08, 0x82, 0x10,
    0x82, 0x10, 0x62, 0x08, 0x41, 0x08, 0x21, 0x00, 0x20, 0x00, 0x21, 0x08,
    0x20, 0x00, 0x20, 0x00, 0x00, 0x00, 0x00, 0x00, 0x21, 0x08, 0x62, 0x08,
    0x82, 0x10, 0x62, 0x08, 0x62, 0x10, 0x62, 0x10, 0x62, 0x08, 0x61, 0x08,
    0x62, 0x10, 0x62, 0x08, 0x82, 0x10, 0xe4, 0x20, 0x62, 0x10, 0x41, 0x08,
    0x41, 0x08, 0x41, 0x08, 0x41, 0x08, 0x41, 0x08, 0x41, 0x08, 0x41, 0x08,
    0x41, 0x08, 0x61, 0x08, 0x61, 0x08, 0x62, 0x08, 0x62, 0x10, 0x62, 0x08,
    0x62, 0x10, 0x62, 0x10, 0x62, 0x08, 0x62, 0x08, 0x61, 0x08, 0x62, 0x10,
    0x62, 0x08, 0x81, 0x10, 0x62, 0x08, 0x62, 0x08, 0x61, 0x10, 0x62, 0x08,
    0x82, 0x08, 0x61, 0x10, 0x61, 0x10, 0x62, 0x10, 0x62, 0x10, 0x61, 0x10,
    0x62, 0x08, 0x62, 0x08, 0x62, 0x10, 0x61, 0x10, 0x62, 0x08, 0x62, 0x10,
    0x61, 0x08, 0x62, 0x08, 0x62, 0x10, 0x61, 0x08, 0x61, 0x10, 0x62, 0x10,
    0x62, 0x10, 0x61, 0x08, 0x62, 0x10, 0x62, 0x10, 0x62, 0x10, 0x61, 0x08,
    0x61, 0x08, 0x62, 0x08, 0x62, 0x10, 0x62, 0x10, 0x62, 0x08, 0x62, 0x08,
    0x62, 0x10, 0x61, 0x10, 0x41, 0x10, 0x62, 0x10, 0x62, 0x10, 0x62, 0x08,
    0x62, 0x10, 0x82, 0x10, 0x82, 0x10, 0xa3, 0x10, 0xa3, 0x18, 0xa2, 0x10,
    0x34, 0xa5, 0x35, 0xad, 0x15, 0xad, 0x34, 0xa5, 0x35, 0xad, 0x34, 0xa5,
    0x34, 0xa5, 0x14, 0xa5, 0x34, 0xa5, 0x35, 0xad, 0x14, 0xa5, 0x35, 0xad,
    0x35, 0xad, 0x14, 0xa5, 0x34, 0xa5, 0x34, 0xa5, 0x34, 0xa5, 0x15, 0xad,
    0x35, 0xad, 0x34, 0xa5, 0x34, 0xa5, 0x14, 0xa5, 0x34, 0xa5, 0x34, 0xa5,
    0x34, 0xa5, 0x35, 0xad, 0x14, 0xa5, 0x34, 0xa5, 0x34, 0xa5, 0x14, 0xa5,
    0x35, 0xad, 0x35, 0xad, 0x35, 0xad, 0x35, 0xad, 0x14, 0xa5, 0x34, 0xa5,
    0x35, 0xad, 0x15, 0xad, 0x35, 0xad, 0x34, 0xa5, 0x14, 0xa5, 0x34, 0xa5,
    0x15, 0xad, 0x35, 0xad, 0x35, 0xad, 0x34, 0xa5, 0x34, 0xa5, 0x35, 0xad,
    0x34, 0xa5, 0x14, 0xa5, 0x35, 0xad, 0x14, 0xa5, 0x35, 0xad, 0x34, 0xa5,
    0x34, 0xa5, 0x14, 0xa5, 0x35, 0xad, 0x34, 0xa5, 0x15, 0xad, 0x35, 0xad,
    0x35, 0xad, 0x34, 0xa5, 0x34, 0xa5, 0x14, 0xa5, 0x34, 0xa5, 0x34, 0xa5,
    0x35, 0xad, 0x15, 0xad, 0x14, 0xa5, 0x35, 0xad, 0x35, 0xad, 0x34, 0xa5,
    0x14, 0xa5, 0x35, 0xad, 0x35, 0xad, 0x34, 0xa5, 0x14, 0xa5, 0x35, 0xad,
    0x34, 0xa5, 0x34, 0xa5, 0x34, 0xa5, 0x15, 0xad, 0x34, 0xa5, 0x34, 0xa5,
    0x35, 0xad, 0x14, 0xa5, 0x25, 0x29, 0x62, 0x08, 0x62, 0x10, 0x82, 0x08,
    0x62, 0x08, 0x62, 0x10, 0x41, 0x08, 0x21, 0x08, 0x20, 0x00, 0x00, 0x00,
    0x01, 0x08, 0x00, 0x00, 0x00, 0x00, 0x00, 0x00, 0x41, 0x08, 0x62, 0x08,
    0x82, 0x10, 0x82, 0x10, 0x62, 0x10, 0x62, 0x10, 0x61, 0x08, 0x82, 0x10,
    0x62, 0x10, 0x61, 0x08, 0x46, 0x29, 0xec, 0x5a, 0x29, 0x42, 0xe3, 0x18,
    0xc3, 0x18, 0xc4, 0x18, 0xc4, 0x18, 0xe3, 0x18, 0xe4, 0x18, 0xe4, 0x18,
    0xe4, 0x18, 0xe4, 0x18, 0xe4, 0x18, 0xc3, 0x18, 0xa2, 0x10, 0x62, 0x10,
    0x62, 0x10, 0x61, 0x08, 0x62, 0x08, 0x81, 0x08, 0x62, 0x10, 0x62, 0x10,
    0x62, 0x08, 0x61, 0x08, 0x62, 0x10, 0x62, 0x08, 0x62, 0x10, 0x82, 0x10,
    0x62, 0x08, 0x62, 0x08, 0x62, 0x10, 0x82, 0x08, 0x62, 0x08, 0x62, 0x10,
    0x62, 0x10, 0x62, 0x10, 0x61, 0x08, 0x62, 0x08, 0x62, 0x08, 0x62, 0x10,
    0x62, 0x10, 0x61, 0x08, 0x62, 0x08, 0x62, 0x10, 0x62, 0x10, 0x62, 0x10,
    0x61, 0x08, 0x61, 0x08, 0x62, 0x08, 0x62, 0x10, 0x61, 0x10, 0x62, 0x08,
    0x62, 0x10, 0x61, 0x10, 0x62, 0x08, 0x62, 0x08, 0x61, 0x10, 0x61, 0x10,
    0x61, 0x08, 0x61, 0x08, 0x62, 0x08, 0x61, 0x08, 0x61, 0x08, 0x62, 0x10,
    0x82, 0x10, 0x82, 0x10, 0xa3, 0x10, 0xa3, 0x18, 0xa2, 0x10, 0xa3, 0x10,
    0x34, 0xa5, 0x15, 0xad, 0x34, 0xa5, 0x34, 0xa5, 0x34, 0xa5, 0x35, 0xad,
    0x15, 0xad, 0x34, 0xa5, 0x34, 0xa5, 0x14, 0xa5, 0x35, 0xad, 0x34, 0xa5,
    0x34, 0xa5, 0x35, 0xad, 0x35, 0xad, 0x14, 0xa5, 0x15, 0xad, 0x34, 0xa5,
    0x34, 0xa5, 0x35, 0xad, 0x14, 0xa5, 0x34, 0xa5, 0x35, 0xad, 0x35, 0xad,
    0x34, 0xa5, 0x14, 0xa5, 0x35, 0xad, 0x34, 0xa5, 0x34, 0xa5, 0x35, 0xad,
    0x35, 0xad, 0x34, 0xa5, 0x14, 0xa5, 0x14, 0xa5, 0x34, 0xa5, 0x14, 0xa5,
    0x35, 0xad, 0x34, 0xa5, 0x14, 0xa5, 0x34, 0xa5, 0x35, 0xad, 0x35, 0xad,
    0x34, 0xa5, 0x14, 0xa5, 0x34, 0xa5, 0x14, 0xa5, 0x34, 0xa5, 0x34, 0xa5,
    0x14, 0xa5, 0x34, 0xa5, 0x34, 0xa5, 0x34, 0xa5, 0x14, 0xa5, 0x34, 0xa5,
    0x14, 0xa5, 0x34, 0xa5, 0x34, 0xa5, 0x35, 0xad, 0x34, 0xa5, 0x34, 0xa5,
    0x34, 0xa5, 0x14, 0xa5, 0x35, 0xad, 0x34, 0xa5, 0x15, 0xad, 0x35, 0xad,
    0x14, 0xa5, 0x35, 0xad, 0x35, 0xad, 0x34, 0xa5, 0x34, 0xa5, 0x34, 0xa5,
    0x34, 0xa5, 0x14, 0xa5, 0x34, 0xa5, 0x34, 0xa5, 0x35, 0xad, 0x34, 0xa5,
    0x34, 0xa5, 0x35, 0xad, 0x14, 0xa5, 0x34, 0xa5, 0x35, 0xad, 0x35, 0xad,
    0x14, 0xa5, 0x55, 0xad, 0x6a, 0x52, 0x41, 0x08, 0x82, 0x10, 0x62, 0x10,
    0x82, 0x08, 0x82, 0x10, 0x61, 0x08, 0x41, 0x08, 0x20, 0x00, 0x00, 0x00,
    0x00, 0x00, 0x00, 0x00, 0x00, 0x00, 0x21, 0x08, 0x41, 0x08, 0x62, 0x10,
    0x82, 0x10, 0x62, 0x08, 0x62, 0x08, 0x81, 0x10, 0x62, 0x08, 0x62, 0x10,
    0x61, 0x08, 0xe4, 0x18, 0xcb, 0x52, 0xaf, 0x73, 0x2d, 0x63, 0xc7, 0x39,
    0x45, 0x29, 0x66, 0x29, 0x65, 0x29, 0x45, 0x29, 0x45, 0x29, 0x45, 0x29,
    0x46, 0x29, 0x45, 0x29, 0x45, 0x29, 0x04, 0x21, 0xc3, 0x18, 0xa3, 0x10,
    0x82, 0x10, 0x62, 0x10, 0x62, 0x10, 0x62, 0x10, 0x82, 0x10, 0x82, 0x08,
    0x82, 0x10, 0x62, 0x10, 0x62, 0x10, 0x81, 0x08, 0x81, 0x08, 0x62, 0x10,
    0x62, 0x10, 0x61, 0x10, 0x82, 0x08, 0x62, 0x08, 0x62, 0x10, 0x81, 0x08,
    0x62, 0x08, 0x62, 0x10, 0x62, 0x08, 0x62, 0x10, 0x61, 0x10, 0x61, 0x08,
    0x62, 0x08, 0x62, 0x10, 0x62, 0x10, 0x62, 0x08, 0x62, 0x08, 0x62, 0x08,
    0x62, 0x08, 0x62, 0x10, 0x62, 0x08, 0x61, 0x08, 0x61, 0x08, 0x62, 0x10,
    0x62, 0x08, 0x62, 0x08, 0x61, 0x08, 0x61, 0x08, 0x62, 0x08, 0x62, 0x08,
    0x62, 0x08, 0x42, 0x08, 0x62, 0x10, 0x62, 0x08, 0x62, 0x08, 0x82, 0x10,
    0x82, 0x10, 0xa3, 0x10, 0xa3, 0x18, 0xa2, 0x10, 0xa3, 0x10, 0xa3, 0x18,
    0x34, 0xa5, 0x34, 0xa5, 0x34, 0xa5, 0x35, 0xad, 0x14, 0xa5, 0x34, 0xa5,
    0x35, 0xad, 0x14, 0xa5, 0x35, 0xad, 0x35, 0xad, 0x34, 0xa5, 0x34, 0xa5,
    0x14, 0xa5, 0x34, 0xa5, 0x34, 0xa5, 0x35, 0xad, 0x34, 0xa5, 0x35, 0xad,
    0x34, 0xa5, 0x14, 0xa5, 0x35, 0xad, 0x35, 0xad, 0x34, 0xa5, 0x34, 0xa5,
    0x15, 0xad, 0x34, 0xa5, 0x34, 0xa5, 0x35, 0xad, 0x15, 0xad, 0x34, 0xa5,
    0x34, 0xa5, 0x14, 0xa5, 0x34, 0xa5, 0x34, 0xa5, 0x35, 0xad, 0x35, 0xad,
    0x14, 0xa5, 0x34, 0xa5, 0x34, 0xa5, 0x35, 0xad, 0x14, 0xa5, 0x34, 0xa5,
    0x35, 0xad, 0x34, 0xa5, 0x34, 0xa5, 0x35, 0xad, 0x15, 0xad, 0x35, 0xad,
    0x35, 0xad, 0x35, 0xad, 0x35, 0xad, 0x34, 0xa5, 0x35, 0xad, 0x35, 0xad,
    0x35, 0xad, 0x35, 0xad, 0x35, 0xad, 0x14, 0xa5, 0x14, 0xa5, 0x34, 0xa5,
    0x35, 0xad, 0x15, 0xad, 0x34, 0xa5, 0x35, 0xad, 0x34, 0xa5, 0x34, 0xa5,
    0x34, 0xa5, 0x34, 0xa5, 0x34, 0xa5, 0x34, 0xa5, 0x14, 0xa5, 0x15, 0xad,
    0x35, 0xad, 0x35, 0xad, 0x34, 0xa5, 0x15, 0xad, 0x34, 0xa5, 0x35, 0xad,
    0x15, 0xad, 0x34, 0xa5, 0x35, 0xad, 0x34, 0xa5, 0x34, 0xa5, 0x14, 0xa5,
    0x35, 0xad, 0x55, 0xad, 0xcf, 0x7b, 0x62, 0x08, 0x82, 0x10, 0x82, 0x10,
    0x62, 0x10, 0x82, 0x10, 0x61, 0x08, 0x41, 0x08, 0x41, 0x08, 0x20, 0x00,
    0x00, 0x00, 0x00, 0x00, 0x00, 0x00, 0x41, 0x08, 0x62, 0x08, 0x82, 0x10,
    0x62, 0x10, 0x62, 0x08, 0x61, 0x08, 0x62, 0x08, 0x62, 0x10, 0x61, 0x08,
    0x82, 0x10, 0x49, 0x42, 0x8f, 0x73, 0xcf, 0x73, 0x8f, 0x73, 0x6a, 0x4a,
    0xa7, 0x31, 0xa7, 0x31, 0xa7, 0x31, 0xa7, 0x31, 0xa6, 0x31, 0x86, 0x31,
    0x86, 0x31, 0x86, 0x31, 0x66, 0x29, 0x25, 0x21, 0xe4, 0x18, 0xa3, 0x10,
    0x82, 0x10, 0x62, 0x08, 0x62, 0x10, 0x82, 0x10, 0x82, 0x08, 0x62, 0x10,
    0x61, 0x10, 0x62, 0x10, 0x62, 0x08, 0x62, 0x10, 0x62, 0x10, 0x62, 0x08,
    0x62, 0x08, 0x81, 0x10, 0x62, 0x08, 0x62, 0x10, 0x61, 0x10, 0x62, 0x10,
    0x62, 0x08, 0x61, 0x08, 0x61, 0x10, 0x62, 0x08, 0x62, 0x10, 0x62, 0x08,
    0x62, 0x10, 0x61, 0x10, 0x61, 0x08, 0x62, 0x10, 0x61, 0x10, 0x62, 0x08,
    0x62, 0x08, 0x62, 0x10, 0x61, 0x10, 0x62, 0x08, 0x62, 0x08, 0x62, 0x08,
    0x61, 0x08, 0x62, 0x08, 0x62, 0x10, 0x61, 0x10, 0x62, 0x10, 0x62, 0x08,
    0x62, 0x10, 0x62, 0x10, 0x61, 0x08, 0x62, 0x10, 0x82, 0x10, 0x82, 0x10,
    0xa3, 0x10, 0xa2, 0x10, 0xa2, 0x10, 0xa3, 0x10, 0xa3, 0x18, 0xc3, 0x18,
    0x34, 0xa5, 0x15, 0xad, 0x35, 0xad, 0x34, 0xa5, 0x15, 0xad, 0x34, 0xa5,
    0x34, 0xa5, 0x34, 0xa5, 0x35, 0xad, 0x34, 0xa5, 0x14, 0xa5, 0x35, 0xad,
    0x35, 0xad, 0x15, 0xad, 0x34, 0xa5, 0x14, 0xa5, 0x35, 0xad, 0x34, 0xa5,
    0x14, 0xa5, 0x34, 0xa5, 0x34, 0xa5, 0x34, 0xa5, 0x15, 0xad, 0x14, 0xa5,
    0x34, 0xa5, 0x35, 0xad, 0x35, 0xad, 0x14, 0xa5, 0x34, 0xa5, 0x14, 0xa5,
    0x34, 0xa5, 0x35, 0xad, 0x35, 0xad, 0x35, 0xad, 0x34, 0xa5, 0x34, 0xa5,
    0x34, 0xa5, 0x35, 0xad, 0x35, 0xad, 0x34, 0xa5, 0x35, 0xad, 0x34, 0xa5,
    0x14, 0xa5, 0x35, 0xad, 0x35, 0xad, 0x14, 0xa5, 0x34, 0xa5, 0x34, 0xa5,
    0x34, 0xa5, 0x14, 0xa5, 0x34, 0xa5, 0x15, 0xad, 0x34, 0xa5, 0x34, 0xa5,
    0x14, 0xa5, 0x34, 0xa5, 0x14, 0xa5, 0x34, 0xa5, 0x35, 0xad, 0x15, 0xad,
    0x34, 0xa5, 0x34, 0xa5, 0x34, 0xa5, 0x14, 0xa5, 0x34, 0xa5, 0x35, 0xad,
    0x15, 0xad, 0x34, 0xa5, 0x34, 0xa5, 0x15, 0xad, 0x35, 0xad, 0x34, 0xa5,
    0x34, 0xa5, 0x34, 0xa5, 0x15, 0xad, 0x34, 0xa5, 0x15, 0xad, 0x34, 0xa5,
    0x34, 0xa5, 0x14, 0xa5, 0x34, 0xa5, 0x35, 0xad, 0x15, 0xad, 0x34, 0xa5,
    0x34, 0xa5, 0x35, 0xad, 0xd3, 0x9c, 0xe4, 0x20, 0x62, 0x08, 0x62, 0x08,
    0x62, 0x08, 0x62, 0x10, 0x62, 0x08, 0x61, 0x08, 0x62, 0x10, 0x41, 0x08,
    0x20, 0x00, 0x20, 0x00, 0x21, 0x08, 0x41, 0x08, 0x62, 0x08, 0x62, 0x10,
    0x62, 0x08, 0x62, 0x10, 0x82, 0x10, 0x62, 0x10, 0x62, 0x08, 0x62, 0x10,
    0xc7, 0x39, 0x6e, 0x6b, 0xd0, 0x73, 0xcf, 0x73, 0x0c, 0x63, 0xe8, 0x39,
    0xc7, 0x31, 0xa7, 0x39, 0xa7, 0x31, 0xa7, 0x31, 0xa7, 0x31, 0xa6, 0x31,
    0x86, 0x31, 0x66, 0x29, 0x45, 0x29, 0x04, 0x21, 0xc3, 0x18, 0x82, 0x10,
    0x62, 0x10, 0x82, 0x08, 0x82, 0x08, 0x62, 0x10, 0x82, 0x08, 0x62, 0x10,
    0x62, 0x08, 0x62, 0x08, 0x82, 0x08, 0x81, 0x08, 0x62, 0x10, 0x62, 0x10,
    0x81, 0x08, 0x62, 0x08, 0x62, 0x10, 0x62, 0x08, 0x61, 0x08, 0x62, 0x08,
    0x62, 0x10, 0x62, 0x10, 0x62, 0x08, 0x62, 0x10, 0x61, 0x08, 0x61, 0x10,
    0x62, 0x08, 0x62, 0x08, 0x62, 0x08, 0x62, 0x08, 0x61, 0x10, 0x62, 0x10,
    0x61, 0x10, 0x61, 0x10, 0x62, 0x08, 0x62, 0x10, 0x61, 0x10, 0x62, 0x08,
    0x61, 0x10, 0x61, 0x10, 0x62, 0x10, 0x62, 0x08, 0x61, 0x08, 0x61, 0x10,
    0x61, 0x08, 0x61, 0x08, 0x62, 0x10, 0x82, 0x10, 0x82, 0x10, 0xa3, 0x10,
    0xa3, 0x18, 0xa2, 0x10, 0xa3, 0x10, 0xa3, 0x18, 0xc3, 0x18, 0x66, 0x29,
    0x34, 0xa5, 0x35, 0xad, 0x14, 0xa5, 0x34, 0xa5, 0x34, 0xa5, 0x15, 0xad,
    0x35, 0xad, 0x34, 0xa5, 0x34, 0xa5, 0x14, 0xa5, 0x34, 0xa5, 0x35, 0xad,
    0x14, 0xa5, 0x34, 0xa5, 0x35, 0xad, 0x34, 0xa5, 0x34, 0xa5, 0x14, 0xa5,
    0x35, 0xad, 0x35, 0xad, 0x35, 0xad, 0x14, 0xa5, 0x34, 0xa5, 0x35, 0xad,
    0x34, 0xa5, 0x34, 0xa5, 0x15, 0xad, 0x34, 0xa5, 0x34, 0xa5, 0x35, 0xad,
    0x35, 0xad, 0x34, 0xa5, 0x14, 0xa5, 0x34, 0xa5, 0x14, 0xa5, 0x15, 0xad,
    0x35, 0xad, 0x34, 0xa5, 0x14, 0xa5, 0x15, 0xad, 0x34, 0xa5, 0x34, 0xa5,
    0x35, 0xad, 0x14, 0xa5, 0x34, 0xa5, 0x34, 0xa5, 0x35, 0xad, 0x34, 0xa5,
    0x14, 0xa5, 0x34, 0xa5, 0x35, 0xad, 0x34, 0xa5, 0x14, 0xa5, 0x35, 0xad,
    0x14, 0xa5, 0x34, 0xa5, 0x35, 0xad, 0x35, 0xad, 0x34, 0xa5, 0x34, 0xa5,
    0x34, 0xa5, 0x34, 0xa5, 0x35, 0xad, 0x35, 0xad, 0x15, 0xad, 0x34, 0xa5,
    0x34, 0xa5, 0x15, 0xad, 0x35, 0xad, 0x34, 0xa5, 0x34, 0xa5, 0x35, 0xad,
    0x34, 0xa5, 0x14, 0xa5, 0x34, 0xa5, 0x34, 0xa5, 0x34, 0xa5, 0x14, 0xa5,
    0x34, 0xa5, 0x35, 0xad, 0x35, 0xad, 0x14, 0xa5, 0x34, 0xa5, 0x35, 0xad,
    0x34, 0xa5, 0x15, 0xad, 0x55, 0xad, 0x28, 0x42, 0x42, 0x08, 0x62, 0x10,
    0x82, 0x10, 0x62, 0x08, 0x62, 0x10, 0x62, 0x10, 0x62, 0x08, 0x61, 0x08,
    0x21, 0x08, 0x21, 0x08, 0x41, 0x08, 0x61, 0x08, 0x82, 0x10, 0x62, 0x10,
    0x62, 0x10, 0x62, 0x08, 0x61, 0x08, 0x62, 0x10, 0x62, 0x08, 0x45, 0x29,
    0x0d, 0x63, 0xd0, 0x73, 0xd0, 0x7b, 0x4e, 0x6b, 0x29, 0x42, 0xa7, 0x31,
    0xc7, 0x39, 0xc7, 0x39, 0xa7, 0x31, 0xa7, 0x31, 0xa7, 0x31, 0x87, 0x31,
    0x86, 0x31, 0x45, 0x29, 0x04, 0x21, 0xc3, 0x18, 0x83, 0x10, 0x82, 0x10,
    0x62, 0x10, 0x62, 0x10, 0x82, 0x10, 0x82, 0x10, 0x62, 0x10, 0x82, 0x08,
    0x62, 0x10, 0x62, 0x10, 0x61, 0x08, 0x62, 0x10, 0x62, 0x08, 0x82, 0x08,
    0x62, 0x10, 0x62, 0x10, 0x61, 0x08, 0x62, 0x10, 0x62, 0x10, 0x62, 0x08,
    0x62, 0x08, 0x61, 0x10, 0x62, 0x10, 0x62, 0x08, 0x61, 0x08, 0x62, 0x08,
    0x62, 0x10, 0x62, 0x10, 0x61, 0x08, 0x62, 0x10, 0x62, 0x08, 0x62, 0x08,
    0x62, 0x10, 0x61, 0x08, 0x62, 0x08, 0x61, 0x08, 0x61, 0x08, 0x62, 0x10,
    0x62, 0x08, 0x62, 0x08, 0x61, 0x08, 0x62, 0x08, 0x62, 0x08, 0x42, 0x08,
    0x62, 0x08, 0x62, 0x08, 0x62, 0x10, 0xa2, 0x10, 0xa3, 0x10, 0xa3, 0x18,
    0xa2, 0x10, 0xa3, 0x10, 0xa3, 0x18, 0xc3, 0x18, 0x65, 0x29, 0x6a, 0x4a,
    0x34, 0xa5, 0x14, 0xa5, 0x34, 0xa5, 0x35, 0xad, 0x34, 0xa5, 0x34, 0xa5,
    0x14, 0xa5, 0x15, 0xad, 0x35, 0xad, 0x34, 0xa5, 0x35, 0xad, 0x34, 0xa5,
    0x34, 0xa5, 0x34, 0xa5, 0x14, 0xa5, 0x35, 0xad, 0x34, 0xa5, 0x15, 0xad,
    0x35, 0xad, 0x34, 0xa5, 0x14, 0xa5, 0x35, 0xad, 0x34, 0xa5, 0x34, 0xa5,
    0x15, 0xad, 0x34, 0xa5, 0x34, 0xa5, 0x34, 0xa5, 0x35, 0xad, 0x34, 0xa5,
    0x34, 0xa5, 0x15, 0xad, 0x34, 0xa5, 0x34, 0xa5, 0x35, 0xad, 0x34, 0xa5,
    0x34, 0xa5, 0x14, 0xa5, 0x34, 0xa5, 0x34, 0xa5, 0x14, 0xa5, 0x35, 0xad,
    0x35, 0xad, 0x34, 0xa5, 0x14, 0xa5, 0x35, 0xad, 0x34, 0xa5, 0x15, 0xad,
    0x35, 0xad, 0x35, 0xad, 0x34, 0xa5, 0x34, 0xa5, 0x35, 0xad, 0x34, 0xa5,
    0x35, 0xad, 0x35, 0xad, 0x34, 0xa5, 0x14, 0xa5, 0x34, 0xa5, 0x35, 0xad,
    0x35, 0xad, 0x15, 0xad, 0x34, 0xa5, 0x34, 0xa5, 0x34, 0xa5, 0x14, 0xa5,
    0x34, 0xa5, 0x34, 0xa5, 0x34, 0xa5, 0x15, 0xad, 0x34, 0xa5, 0x34, 0xa5,
    0x15, 0xad, 0x35, 0xad, 0x35, 0xad, 0x35, 0xad, 0x34, 0xa5, 0x35, 0xad,
    0x35, 0xad, 0x34, 0xa5, 0x14, 0xa5, 0x34, 0xa5, 0x34, 0xa5, 0x14, 0xa5,
    0x35, 0xad, 0x34, 0xa5, 0x55, 0xad, 0x8e, 0x73, 0x41, 0x08, 0x82, 0x10,
    0x82, 0x10, 0x62, 0x10, 0x82, 0x08, 0x82, 0x10, 0x62, 0x10, 0x62, 0x10,
    0x61, 0x08, 0x41, 0x08, 0x62, 0x08, 0x82, 0x10, 0x62, 0x10, 0x62, 0x10,
    0x62, 0x08, 0x81, 0x08, 0x62, 0x10, 0x61, 0x08, 0xc3, 0x18, 0xab, 0x52,
    0xcf, 0x73, 0xf0, 0x7b, 0xaf, 0x73, 0x8a, 0x4a, 0xc7, 0x31, 0xc7, 0x39,
    0xc7, 0x39, 0xa7, 0x31, 0xa7, 0x31, 0xa7, 0x31, 0xa7, 0x31, 0x86, 0x31,
    0x66, 0x29, 0x25, 0x21, 0xe4, 0x18, 0xa3, 0x10, 0x82, 0x10, 0x62, 0x10,
    0x82, 0x08, 0x82, 0x08, 0x62, 0x10, 0x62, 0x10, 0x82, 0x08, 0x62, 0x10,
    0x82, 0x10, 0x61, 0x08, 0x62, 0x10, 0x62, 0x10, 0x62, 0x10, 0x61, 0x08,
    0x61, 0x10, 0x62, 0x10, 0x62, 0x08, 0x61, 0x10, 0x62, 0x08, 0x62, 0x10,
    0x61, 0x10, 0x62, 0x08, 0x62, 0x08, 0x61, 0x10, 0x62, 0x10, 0x62, 0x08,
    0x62, 0x10, 0x61, 0x08, 0x62, 0x10, 0x61, 0x10, 0x62, 0x10, 0x62, 0x08,
    0x62, 0x08, 0x62, 0x10, 0x62, 0x08, 0x62, 0x08, 0x62, 0x10, 0x62, 0x08,
    0x61, 0x08, 0x62, 0x08, 0x62, 0x10, 0x61, 0x08, 0x62, 0x10, 0x61, 0x10,
    0x62, 0x10, 0x62, 0x10, 0xa2, 0x10, 0xa2, 0x10, 0xa3, 0x10, 0xa3, 0x10,
    0xa2, 0x18, 0xa3, 0x10, 0xa3, 0x18, 0x25, 0x29, 0x69, 0x4a, 0x2d, 0x6b,
    0x34, 0xa5, 0x35, 0xad, 0x35, 0xad, 0x34, 0xa5, 0x15, 0xad, 0x34, 0xa5,
    0x35, 0xad, 0x34, 0xa5, 0x34, 0xa5, 0x15, 0xad, 0x34, 0xa5, 0x35, 0xad,
    0x14, 0xa5, 0x35, 0xad, 0x35, 0xad, 0x14, 0xa5, 0x35, 0xad, 0x34, 0xa5,
    0x34, 0xa5, 0x34, 0xa5, 0x34, 0xa5, 0x34, 0xa5, 0x35, 0xad, 0x35, 0xad,
    0x34, 0xa5, 0x35, 0xad, 0x14, 0xa5, 0x15, 0xad, 0x35, 0xad, 0x14, 0xa5,
    0x14, 0xa5, 0x35, 0xad, 0x35, 0xad, 0x34, 0xa5, 0x14, 0xa5, 0x35, 0xad,
    0x34, 0xa5, 0x35, 0xad, 0x35, 0xad, 0x35, 0xad, 0x35, 0xad, 0x14, 0xa5,
    0x34, 0xa5, 0x34, 0xa5, 0x35, 0xad, 0x15, 0xad, 0x34, 0xa5, 0x34, 0xa5,
    0x34, 0xa5, 0x34, 0xa5, 0x14, 0xa5, 0x15, 0xad, 0x34, 0xa5, 0x34, 0xa5,
    0x34, 0xa5, 0x35, 0xad, 0x14, 0xa5, 0x34, 0xa5, 0x35, 0xad, 0x14, 0xa5,
    0x14, 0xa5, 0x34, 0xa5, 0x15, 0xad, 0x14, 0xa5, 0x34, 0xa5, 0x35, 0xad,
    0x35, 0xad, 0x35, 0xad, 0x14, 0xa5, 0x34, 0xa5, 0x35, 0xad, 0x14, 0xa5,
    0x34, 0xa5, 0x34, 0xa5, 0x34, 0xa5, 0x34, 0xa5, 0x15, 0xad, 0x34, 0xa5,
    0x34, 0xa5, 0x15, 0xad, 0x34, 0xa5, 0x35, 0xad, 0x35, 0xad, 0x35, 0xad,
    0x34, 0xa5, 0x14, 0xa5, 0x35, 0xad, 0xb2, 0x94, 0xc3, 0x18, 0x62, 0x08,
    0x62, 0x08, 0x62, 0x10, 0x82, 0x10, 0x62, 0x08, 0x82, 0x10, 0x82, 0x10,
    0x82, 0x08, 0x82, 0x10, 0x62, 0x10, 0x82, 0x08, 0x62, 0x10, 0x62, 0x08,
    0x81, 0x08, 0x62, 0x10, 0x62, 0x10, 0x82, 0x10, 0x29, 0x42, 0xaf, 0x73,
    0xf0, 0x7b, 0xd0, 0x7b, 0xcc, 0x52, 0xc7, 0x39, 0xc7, 0x39, 0xc7, 0x39,
    0xc7, 0x31, 0xa7, 0x31, 0xa7, 0x39, 0xa7, 0x31, 0xa7, 0x31, 0x86, 0x31,
    0x45, 0x29, 0xe4, 0x18, 0xa3, 0x18, 0x82, 0x10, 0x82, 0x10, 0x62, 0x10,
    0x62, 0x08, 0x82, 0x10, 0x82, 0x10, 0x62, 0x08, 0x62, 0x08, 0x82, 0x10,
    0x62, 0x08, 0x61, 0x10, 0x82, 0x08, 0x82, 0x08, 0x61, 0x08, 0x62, 0x10,
    0x62, 0x08, 0x62, 0x08, 0x82, 0x08, 0x62, 0x08, 0x62, 0x10, 0x61, 0x08,
    0x62, 0x10, 0x62, 0x10, 0x62, 0x08, 0x61, 0x08, 0x62, 0x10, 0x62, 0x10,
    0x62, 0x08, 0x62, 0x08, 0x62, 0x10, 0x61, 0x08, 0x62, 0x08, 0x62, 0x10,
    0x61, 0x10, 0x61, 0x08, 0x62, 0x10, 0x61, 0x10, 0x62, 0x08, 0x61, 0x08,
    0x62, 0x10, 0x61, 0x10, 0x62, 0x08, 0x62, 0x10, 0x61, 0x08, 0x62, 0x08,
    0x62, 0x10, 0xa2, 0x10, 0xa3, 0x10, 0xa3, 0x18, 0xa3, 0x18, 0xa3, 0x18,
    0xa3, 0x10, 0xc3, 0x18, 0x24, 0x21, 0x29, 0x4a, 0x2d, 0x6b, 0xcf, 0x7b,
    0x34, 0xa5, 0x15, 0xad, 0x34, 0xa5, 0x34, 0xa5, 0x14, 0xa5, 0x35, 0xad,
    0x34, 0xa5, 0x34, 0xa5, 0x34, 0xa5, 0x34, 0xa5, 0x15, 0xad, 0x34, 0xa5,
    0x34, 0xa5, 0x35, 0xad, 0x34, 0xa5, 0x34, 0xa5, 0x34, 0xa5, 0x34, 0xa5,
    0x34, 0xa5, 0x15, 0xad, 0x15, 0xad, 0x34, 0xa5, 0x14, 0xa5, 0x14, 0xa5,
    0x34, 0xa5, 0x34, 0xa5, 0x35, 0xad, 0x34, 0xa5, 0x34, 0xa5, 0x35, 0xad,
    0x34, 0xa5, 0x34, 0xa5, 0x34, 0xa5, 0x35, 0xad, 0x15, 0xad, 0x34, 0xa5,
    0x35, 0xad, 0x14, 0xa5, 0x34, 0xa5, 0x34, 0xa5, 0x34, 0xa5, 0x34, 0xa5,
    0x14, 0xa5, 0x35, 0xad, 0x34, 0xa5, 0x34, 0xa5, 0x15, 0xad, 0x34, 0xa5,
    0x15, 0xad, 0x34, 0xa5, 0x35, 0xad, 0x34, 0xa5, 0x35, 0xad, 0x15, 0xad,
    0x14, 0xa5, 0x34, 0xa5, 0x34, 0xa5, 0x35, 0xad, 0x35, 0xad, 0x34, 0xa5,
    0x34, 0xa5, 0x34, 0xa5, 0x34, 0xa5, 0x35, 0xad, 0x35, 0xad, 0x34, 0xa5,
    0x34, 0xa5, 0x14, 0xa5, 0x35, 0xad, 0x34, 0xa5, 0x14, 0xa5, 0x35, 0xad,
    0x35, 0xad, 0x14, 0xa5, 0x14, 0xa5, 0x34, 0xa5, 0x34, 0xa5, 0x14, 0xa5,
    0x34, 0xa5, 0x34, 0xa5, 0x35, 0xad, 0x14, 0xa5, 0x34, 0xa5, 0x34, 0xa5,
    0x14, 0xa5, 0x35, 0xad, 0x35, 0xad, 0x35, 0xad, 0xa7, 0x39, 0x41, 0x08,
    0x62, 0x10, 0x62, 0x08, 0x82, 0x10, 0x62, 0x10, 0x62, 0x10, 0x82, 0x10,
    0x62, 0x08, 0x62, 0x10, 0x82, 0x10, 0x62, 0x08, 0x82, 0x08, 0x61, 0x10,
    0x62, 0x10, 0x62, 0x08, 0x61, 0x08, 0x86, 0x31, 0x6e, 0x6b, 0xf0, 0x7b,
    0xf0, 0x7b, 0x2d, 0x63, 0x08, 0x42, 0xc7, 0x31, 0xc8, 0x39, 0xc7, 0x39,
    0xc7, 0x31, 0xc7, 0x31, 0xc7, 0x39, 0xa7, 0x31, 0x86, 0x31, 0x45, 0x29,
    0x04, 0x21, 0xc3, 0x18, 0x82, 0x10, 0x62, 0x10, 0x82, 0x10, 0x82, 0x08,
    0x82, 0x10, 0x62, 0x10, 0x62, 0x10, 0x82, 0x10, 0x82, 0x10, 0x62, 0x10,
    0x82, 0x10, 0x62, 0x08, 0x62, 0x08, 0x62, 0x10, 0x62, 0x10, 0x82, 0x08,
    0x62, 0x10, 0x61, 0x10, 0x62, 0x10, 0x62, 0x10, 0x61, 0x08, 0x62, 0x08,
    0x62, 0x08, 0x62, 0x08, 0x62, 0x10, 0x62, 0x10, 0x62, 0x08, 0x61, 0x08,
    0x61, 0x10, 0x61, 0x08, 0x62, 0x08, 0x62, 0x10, 0x61, 0x08, 0x62, 0x08,
    0x61, 0x10, 0x62, 0x08, 0x62, 0x08, 0x61, 0x08, 0x61, 0x10, 0x62, 0x08,
    0x62, 0x08, 0x62, 0x08, 0x61, 0x10, 0x61, 0x08, 0x62, 0x08, 0x62, 0x10,
    0x82, 0x10, 0xa3, 0x10, 0xa3, 0x10, 0xa3, 0x18, 0xa3, 0x10, 0xa2, 0x10,
    0xc3, 0x18, 0x24, 0x21, 0x29, 0x42, 0x0c, 0x63, 0xaf, 0x7b, 0x30, 0x84,
    0x34, 0xa5, 0x34, 0xa5, 0x14, 0xa5, 0x35, 0xad, 0x34, 0xa5, 0x34, 0xa5,
    0x35, 0xad, 0x15, 0xad, 0x15, 0xad, 0x34, 0xa5, 0x34, 0xa5, 0x14, 0xa5,
    0x35, 0xad, 0x34, 0xa5, 0x14, 0xa5, 0x34, 0xa5, 0x35, 0xad, 0x15, 0xad,
    0x35, 0xad, 0x34, 0xa5, 0x34, 0xa5, 0x35, 0xad, 0x34, 0xa5, 0x35, 0xad,
    0x15, 0xad, 0x34, 0xa5, 0x34, 0xa5, 0x34, 0xa5, 0x35, 0xad, 0x14, 0xa5,
    0x34, 0xa5, 0x35, 0xad, 0x14, 0xa5, 0x34, 0xa5, 0x34, 0xa5, 0x34, 0xa5,
    0x34, 0xa5, 0x14, 0xa5, 0x35, 0xad, 0x14, 0xa5, 0x14, 0xa5, 0x35, 0xad,
    0x35, 0xad, 0x14, 0xa5, 0x34, 0xa5, 0x34, 0xa5, 0x34, 0xa5, 0x35, 0xad,
    0x34, 0xa5, 0x15, 0xad, 0x34, 0xa5, 0x34, 0xa5, 0x34, 0xa5, 0x34, 0xa5,
    0x35, 0xad, 0x15, 0xad, 0x34, 0xa5, 0x34, 0xa5, 0x14, 0xa5, 0x35, 0xad,
    0x35, 0xad, 0x35, 0xad, 0x34, 0xa5, 0x34, 0xa5, 0x34, 0xa5, 0x15, 0xad,
    0x14, 0xa5, 0x34, 0xa5, 0x34, 0xa5, 0x35, 0xad, 0x35, 0xad, 0x34, 0xa5,
    0x34, 0xa5, 0x35, 0xad, 0x35, 0xad, 0x15, 0xad, 0x35, 0xad, 0x35, 0xad,
    0x35, 0xad, 0x15, 0xad, 0x34, 0xa5, 0x34, 0xa5, 0x34, 0xa5, 0x15, 0xad,
    0x35, 0xad, 0x34, 0xa5, 0x34, 0xa5, 0x55, 0xad, 0x2c, 0x63, 0x41, 0x08,
    0x62, 0x10, 0x62, 0x10, 0x82, 0x08, 0x82, 0x08, 0x62, 0x10, 0x82, 0x08,
    0x62, 0x10, 0x61, 0x10, 0x82, 0x08, 0x82, 0x10, 0x62, 0x10, 0x62, 0x08,
    0x62, 0x10, 0x61, 0x08, 0x25, 0x21, 0x0d, 0x63, 0xf0, 0x7b, 0x10, 0x7c,
    0x8f, 0x6b, 0x49, 0x4a, 0xc7, 0x39, 0xe8, 0x39, 0xc7, 0x39, 0xc7, 0x31,
    0xc7, 0x31, 0xa7, 0x39, 0xa7, 0x31, 0x87, 0x31, 0x66, 0x29, 0x25, 0x21,
    0xc3, 0x18, 0x83, 0x10, 0x82, 0x10, 0x82, 0x10, 0x62, 0x08, 0x62, 0x08,
    0x82, 0x10, 0x82, 0x10, 0x62, 0x10, 0x82, 0x08, 0x62, 0x10, 0x62, 0x10,
    0x82, 0x08, 0x62, 0x10, 0x62, 0x10, 0x61, 0x10, 0x61, 0x08, 0x62, 0x08,
    0x61, 0x10, 0x62, 0x08, 0x82, 0x08, 0x61, 0x10, 0x62, 0x10, 0x62, 0x10,
    0x62, 0x10, 0x61, 0x08, 0x61, 0x08, 0x62, 0x10, 0x62, 0x10, 0x62, 0x08,
    0x62, 0x10, 0x62, 0x10, 0x62, 0x08, 0x61, 0x10, 0x62, 0x08, 0x62, 0x08,
    0x61, 0x10, 0x62, 0x08, 0x62, 0x10, 0x62, 0x08, 0x62, 0x08, 0x62, 0x10,
    0x61, 0x10, 0x62, 0x10, 0x62, 0x08, 0x62, 0x08, 0x82, 0x10, 0x82, 0x10,
    0xa3, 0x10, 0xc3, 0x18, 0xa3, 0x18, 0xc3, 0x18, 0xc3, 0x10, 0xc3, 0x18,
    0x04, 0x21, 0x08, 0x42, 0x0c, 0x63, 0xaf, 0x73, 0x30, 0x84, 0x92, 0x94,
    0x34, 0xa5, 0x15, 0xad, 0x35, 0xad, 0x34, 0xa5, 0x35, 0xad, 0x14, 0xa5,
    0x34, 0xa5, 0x34, 0xa5, 0x34, 0xa5, 0x35, 0xad, 0x35, 0xad, 0x35, 0xad,
    0x14, 0xa5, 0x35, 0xad, 0x34, 0xa5, 0x15, 0xad, 0x35, 0xad, 0x34, 0xa5,
    0x14, 0xa5, 0x35, 0xad, 0x34, 0xa5, 0x14, 0xa5, 0x35, 0xad, 0x34, 0xa5,
    0x34, 0xa5, 0x35, 0xad, 0x15, 0xad, 0x15, 0xad, 0x34, 0xa5, 0x34, 0xa5,
    0x15, 0xad, 0x35, 0xad, 0x34, 0xa5, 0x14, 0xa5, 0x35, 0xad, 0x14, 0xa5,
    0x35, 0xad, 0x35, 0xad, 0x34, 0xa5, 0x35, 0xad, 0x35, 0xad, 0x34, 0xa5,
    0x34, 0xa5, 0x35, 0xad, 0x35, 0xad, 0x15, 0xad, 0x34, 0xa5, 0x34, 0xa5,
    0x35, 0xad, 0x34, 0xa5, 0x14, 0xa5, 0x35, 0xad, 0x14, 0xa5, 0x34, 0xa5,
    0x34, 0xa5, 0x34, 0xa5, 0x15, 0xad, 0x35, 0xad, 0x34, 0xa5, 0x14, 0xa5,
    0x34, 0xa5, 0x34, 0xa5, 0x15, 0xad, 0x15, 0xad, 0x34, 0xa5, 0x34, 0xa5,
    0x35, 0xad, 0x35, 0xad, 0x34, 0xa5, 0x14, 0xa5, 0x34, 0xa5, 0x34, 0xa5,
    0x15, 0xad, 0x34, 0xa5, 0x34, 0xa5, 0x34, 0xa5, 0x34, 0xa5, 0x34, 0xa5,
    0x14, 0xa5, 0x34, 0xa5, 0x34, 0xa5, 0x35, 0xad, 0x15, 0xad, 0x34, 0xa5,
    0x34, 0xa5, 0x34, 0xa5, 0x14, 0xa5, 0x55, 0xad, 0x51, 0x8c, 0x82, 0x10,
    0x62, 0x10, 0x82, 0x08, 0x62, 0x10, 0x62, 0x10, 0x82, 0x10, 0x82, 0x08,
    0x82, 0x10, 0x82, 0x10, 0x62, 0x08, 0x62, 0x10, 0x61, 0x10, 0x62, 0x08,
    0x61, 0x08, 0xa3, 0x18, 0xab, 0x52, 0xd0, 0x7b, 0x10, 0x7c, 0xcf, 0x7b,
    0x8b, 0x52, 0xc7, 0x39, 0xe8, 0x39, 0xe7, 0x39, 0xc7, 0x39, 0xc7, 0x39,
    0xc7, 0x31, 0xa7, 0x39, 0xa7, 0x31, 0x86, 0x31, 0x25, 0x21, 0xe4, 0x18,
    0xa2, 0x10, 0x82, 0x10, 0x62, 0x08, 0x82, 0x10, 0x82, 0x10, 0x62, 0x10,
    0x62, 0x10, 0x62, 0x08, 0x82, 0x08, 0x62, 0x10, 0x82, 0x08, 0x82, 0x08,
    0x62, 0x08, 0x62, 0x10, 0x61, 0x08, 0x82, 0x08, 0x62, 0x10, 0x82, 0x10,
    0x62, 0x08, 0x62, 0x10, 0x62, 0x08, 0x62, 0x08, 0x62, 0x08, 0x62, 0x08,
    0x61, 0x10, 0x62, 0x10, 0x62, 0x10, 0x62, 0x08, 0x61, 0x08, 0x62, 0x10,
    0x62, 0x08, 0x61, 0x08, 0x62, 0x08, 0x61, 0x08, 0x62, 0x08, 0x61, 0x10,
    0x62, 0x08, 0x62, 0x08, 0x61, 0x10, 0x61, 0x10, 0x62, 0x08, 0x61, 0x08,
    0x62, 0x08, 0x61, 0x08, 0x61, 0x08, 0x62, 0x10, 0x82, 0x10, 0xa3, 0x10,
    0xc3, 0x18, 0xc3, 0x18, 0xa3, 0x18, 0xa3, 0x10, 0xc3, 0x18, 0xe4, 0x20,
    0xe7, 0x39, 0xec, 0x5a, 0xae, 0x73, 0x10, 0x84, 0x72, 0x94, 0xd3, 0x9c,
    0x34, 0xa5, 0x35, 0xad, 0x34, 0xa5, 0x34, 0xa5, 0x14, 0xa5, 0x35, 0xad,
    0x35, 0xad, 0x14, 0xa5, 0x34, 0xa5, 0x34, 0xa5, 0x14, 0xa5, 0x34, 0xa5,
    0x34, 0xa5, 0x14, 0xa5, 0x35, 0xad, 0x34, 0xa5, 0x14, 0xa5, 0x34, 0xa5,
    0x34, 0xa5, 0x14, 0xa5, 0x35, 0xad, 0x34, 0xa5, 0x14, 0xa5, 0x35, 0xad,
    0x34, 0xa5, 0x14, 0xa5, 0x34, 0xa5, 0x34, 0xa5, 0x34, 0xa5, 0x35, 0xad,
    0x34, 0xa5, 0x34, 0xa5, 0x15, 0xad, 0x35, 0xad, 0x34, 0xa5, 0x35, 0xad,
    0x34, 0xa5, 0x14, 0xa5, 0x34, 0xa5, 0x34, 0xa5, 0x35, 0xad, 0x34, 0xa5,
    0x14, 0xa5, 0x34, 0xa5, 0x34, 0xa5, 0x14, 0xa5, 0x35, 0xad, 0x14, 0xa5,
    0x14, 0xa5, 0x34, 0xa5, 0x35, 0xad, 0x35, 0xad, 0x35, 0xad, 0x15, 0xad,
    0x34, 0xa5, 0x35, 0xad, 0x34, 0xa5, 0x14, 0xa5, 0x35, 0xad, 0x34, 0xa5,
    0x14, 0xa5, 0x35, 0xad, 0x34, 0xa5, 0x34, 0xa5, 0x15, 0xad, 0x34, 0xa5,
    0x34, 0xa5, 0x15, 0xad, 0x35, 0xad, 0x34, 0xa5, 0x14, 0xa5, 0x35, 0xad,
    0x34, 0xa5, 0x14, 0xa5, 0x34, 0xa5, 0x35, 0xad, 0x34, 0xa5, 0x14, 0xa5,
    0x34, 0xa5, 0x35, 0xad, 0x34, 0xa5, 0x14, 0xa5, 0x35, 0xad, 0x34, 0xa5,
    0x34, 0xa5, 0x15, 0xad, 0x35, 0xad, 0x35, 0xad, 0x14, 0xa5, 0x66, 0x29,
    0x41, 0x08, 0x82, 0x10, 0x82, 0x08, 0x62, 0x10, 0x62, 0x10, 0x62, 0x10,
    0x62, 0x08, 0x82, 0x08, 0x82, 0x10, 0x62, 0x08, 0x62, 0x10, 0x62, 0x08,
    0x82, 0x10, 0x29, 0x42, 0xaf, 0x73, 0x11, 0x84, 0xf0, 0x7b, 0x0c, 0x5b,
    0xe8, 0x41, 0xe8, 0x39, 0xe8, 0x39, 0xc8, 0x39, 0xc8, 0x39, 0xc7, 0x31,
    0xc8, 0x39, 0xc7, 0x31, 0x86, 0x31, 0x45, 0x29, 0x04, 0x21, 0xa3, 0x10,
    0x82, 0x10, 0x62, 0x10, 0x82, 0x10, 0x62, 0x10, 0x62, 0x08, 0x82, 0x08,
    0x82, 0x10, 0x82, 0x10, 0x62, 0x10, 0x82, 0x10, 0x62, 0x10, 0x62, 0x10,
    0x82, 0x10, 0x62, 0x10, 0x62, 0x10, 0x82, 0x08, 0x62, 0x08, 0x62, 0x08,
    0x62, 0x10, 0x61, 0x08, 0x62, 0x10, 0x61, 0x10, 0x62, 0x08, 0x62, 0x10,
    0x61, 0x08, 0x62, 0x08, 0x62, 0x10, 0x62, 0x08, 0x62, 0x10, 0x61, 0x08,
    0x61, 0x10, 0x62, 0x08, 0x61, 0x10, 0x62, 0x08, 0x62, 0x10, 0x62, 0x10,
    0x61, 0x08, 0x62, 0x08, 0x62, 0x10, 0x61, 0x08, 0x62, 0x08, 0x62, 0x10,
    0x61, 0x08, 0x62, 0x08, 0x62, 0x10, 0x82, 0x10, 0xa3, 0x10, 0xc3, 0x18,
    0xc3, 0x18, 0xc3, 0x18, 0xa3, 0x10, 0xc3, 0x18, 0xe4, 0x18, 0xc7, 0x39,
    0xcb, 0x5a, 0x8e, 0x73, 0x10, 0x84, 0x72, 0x94, 0xd3, 0x9c, 0xf4, 0xa4,
    0x34, 0xa5, 0x14, 0xa5, 0x34, 0xa5, 0x35, 0xad, 0x14, 0xa5, 0x34, 0xa5,
    0x35, 0xad, 0x14, 0xa5, 0x35, 0xad, 0x15, 0xad, 0x34, 0xa5, 0x34, 0xa5,
    0x35, 0xad, 0x34, 0xa5, 0x34, 0xa5, 0x35, 0xad, 0x34, 0xa5, 0x34, 0xa5,
    0x35, 0xad, 0x35, 0xad, 0x34, 0xa5, 0x35, 0xad, 0x34, 0xa5, 0x34, 0xa5,
    0x15, 0xad, 0x34, 0xa5, 0x34, 0xa5, 0x34, 0xa5, 0x35, 0xad, 0x14, 0xa5,
    0x34, 0xa5, 0x35, 0xad, 0x34, 0xa5, 0x34, 0xa5, 0x34, 0xa5, 0x34, 0xa5,
    0x14, 0xa5, 0x35, 0xad, 0x35, 0xad, 0x14, 0xa5, 0x14, 0xa5, 0x35, 0xad,
    0x14, 0xa5, 0x35, 0xad, 0x34, 0xa5, 0x34, 0xa5, 0x34, 0xa5, 0x35, 0xad,
    0x35, 0xad, 0x34, 0xa5, 0x34, 0xa5, 0x14, 0xa5, 0x34, 0xa5, 0x34, 0xa5,
    0x35, 0xad, 0x14, 0xa5, 0x34, 0xa5, 0x34, 0xa5, 0x34, 0xa5, 0x35, 0xad,
    0x35, 0xad, 0x34, 0xa5, 0x34, 0xa5, 0x34, 0xa5, 0x34, 0xa5, 0x35, 0xad,
    0x14, 0xa5, 0x34, 0xa5, 0x34, 0xa5, 0x15, 0xad, 0x35, 0xad, 0x34, 0xa5,
    0x34, 0xa5, 0x35, 0xad, 0x35, 0xad, 0x14, 0xa5, 0x15, 0xad, 0x35, 0xad,
    0x35, 0xad, 0x34, 0xa5, 0x15, 0xad, 0x34, 0xa5, 0x34, 0xa5, 0x35, 0xad,
    0x15, 0xad, 0x34, 0xa5, 0x34, 0xa5, 0x35, 0xad, 0x55, 0xad, 0xab, 0x5a,
    0x41, 0x08, 0x82, 0x10, 0x62, 0x10, 0x82, 0x08, 0x82, 0x08, 0x82, 0x10,
    0x61, 0x10, 0x62, 0x10, 0x62, 0x08, 0x62, 0x10, 0x62, 0x08, 0x61, 0x08,
    0x86, 0x31, 0x8e, 0x6b, 0x11, 0x84, 0x31, 0x84, 0x6e, 0x6b, 0x29, 0x42,
    0xe8, 0x39, 0xe8, 0x39, 0xe7, 0x39, 0xc8, 0x39, 0xc7, 0x39, 0xc7, 0x39,
    0xc7, 0x39, 0xa7, 0x31, 0x66, 0x29, 0x04, 0x21, 0xa3, 0x18, 0x82, 0x10,
    0x82, 0x10, 0x62, 0x10, 0x82, 0x10, 0x82, 0x08, 0x62, 0x10, 0x62, 0x10,
    0x82, 0x10, 0x62, 0x10, 0x82, 0x10, 0x62, 0x10, 0x62, 0x10, 0x82, 0x10,
    0x82, 0x10, 0x82, 0x08, 0x61, 0x08, 0x62, 0x10, 0x62, 0x10, 0x61, 0x10,
    0x61, 0x08, 0x62, 0x10, 0x62, 0x08, 0x62, 0x10, 0x61, 0x10, 0x62, 0x10,
    0x62, 0x10, 0x62, 0x08, 0x61, 0x08, 0x61, 0x10, 0x62, 0x08, 0x62, 0x10,
    0x62, 0x08, 0x62, 0x10, 0x62, 0x10, 0x61, 0x10, 0x61, 0x08, 0x62, 0x08,
    0x62, 0x10, 0x61, 0x08, 0x62, 0x08, 0x62, 0x08, 0x61, 0x10, 0x62, 0x10,
    0x62, 0x08, 0x62, 0x10, 0x82, 0x10, 0xa3, 0x10, 0xc3, 0x18, 0xc3, 0x18,
    0xc3, 0x18, 0xc3, 0x18, 0xc3, 0x18, 0xe4, 0x18, 0xa7, 0x39, 0xcb, 0x5a,
    0x8e, 0x73, 0x10, 0x84, 0x71, 0x8c, 0xd3, 0x9c, 0x14, 0xa5, 0x14, 0xa5,
    0x34, 0xa5, 0x35, 0xad, 0x15, 0xad, 0x34, 0xa5, 0x35, 0xad, 0x34, 0xa5,
    0x34, 0xa5, 0x34, 0xa5, 0x35, 0xad, 0x34, 0xa5, 0x35, 0xad, 0x35, 0xad,
    0x14, 0xa5, 0x35, 0xad, 0x34, 0xa5, 0x14, 0xa5, 0x35, 0xad, 0x34, 0xa5,
    0x15, 0xad, 0x34, 0xa5, 0x34, 0xa5, 0x14, 0xa5, 0x35, 0xad, 0x35, 0xad,
    0x34, 0xa5, 0x35, 0xad, 0x35, 0xad, 0x15, 0xad, 0x14, 0xa5, 0x35, 0xad,
    0x35, 0xad, 0x14, 0xa5, 0x34, 0xa5, 0x34, 0xa5, 0x15, 0xad, 0x15, 0xad,
    0x35, 0xad, 0x34, 0xa5, 0x34, 0xa5, 0x35, 0xad, 0x34, 0xa5, 0x34, 0xa5,
    0x35, 0xad, 0x35, 0xad, 0x15, 0xad, 0x15, 0xad, 0x34, 0xa5, 0x34, 0xa5,
    0x35, 0xad, 0x35, 0xad, 0x14, 0xa5, 0x34, 0xa5, 0x34, 0xa5, 0x34, 0xa5,
    0x14, 0xa5, 0x34, 0xa5, 0x35, 0xad, 0x35, 0xad, 0x15, 0xad, 0x34, 0xa5,
    0x34, 0xa5, 0x14, 0xa5, 0x35, 0xad, 0x15, 0xad, 0x35, 0xad, 0x34, 0xa5,
    0x35, 0xad, 0x34, 0xa5, 0x34, 0xa5, 0x34, 0xa5, 0x34, 0xa5, 0x15, 0xad,
    0x15, 0xad, 0x34, 0xa5, 0x34, 0xa5, 0x35, 0xad, 0x34, 0xa5, 0x34, 0xa5,
    0x34, 0xa5, 0x15, 0xad, 0x34, 0xa5, 0x35, 0xad, 0x35, 0xad, 0x14, 0xa5,
    0x34, 0xa5, 0x34, 0xa5, 0x34, 0xa5, 0x14, 0xa5, 0x55, 0xad, 0x10, 0x84,
    0x62, 0x08, 0x62, 0x10, 0x62, 0x08, 0x62, 0x10, 0x82, 0x10, 0x62, 0x08,
    0x82, 0x10, 0x82, 0x10, 0x61, 0x10, 0x62, 0x10, 0x61, 0x08, 0x04, 0x21,
    0x2d, 0x63, 0x11, 0x84, 0x31, 0x84, 0xcf, 0x73, 0x6a, 0x4a, 0xe8, 0x39,
    0xe8, 0x39, 0xe8, 0x39, 0xe8, 0x39, 0xe7, 0x39, 0xe7, 0x39, 0xc7, 0x39,
    0xa7, 0x31, 0x66, 0x29, 0x25, 0x21, 0xc3, 0x18, 0x82, 0x10, 0x82, 0x10,
    0x82, 0x08, 0x62, 0x10, 0x62, 0x08, 0x82, 0x08, 0x82, 0x10, 0x82, 0x10,
    0x62, 0x08, 0x62, 0x10, 0x62, 0x08, 0x82, 0x08, 0x82, 0x10, 0x82, 0x08,
    0x62, 0x08, 0x62, 0x10, 0x62, 0x10, 0x61, 0x08, 0x62, 0x10, 0x62, 0x08,
    0x62, 0x10, 0x62, 0x08, 0x61, 0x10, 0x62, 0x08, 0x62, 0x08, 0x62, 0x08,
    0x61, 0x08, 0x62, 0x10, 0x62, 0x10, 0x62, 0x08, 0x62, 0x10, 0x62, 0x08,
    0x62, 0x10, 0x62, 0x08, 0x62, 0x08, 0x62, 0x08, 0x62, 0x10, 0x61, 0x10,
    0x62, 0x08, 0x62, 0x10, 0x61, 0x10, 0x61, 0x08, 0x62, 0x08, 0x61, 0x08,
    0x62, 0x10, 0x82, 0x10, 0xa3, 0x10, 0xc3, 0x18, 0xc3, 0x18, 0xc3, 0x18,
    0xc3, 0x10, 0xc3, 0x18, 0xc4, 0x18, 0x86, 0x31, 0xab, 0x52, 0x6e, 0x73,
    0xf0, 0x83, 0x71, 0x8c, 0xb3, 0x9c, 0xf4, 0xa4, 0x34, 0xa5, 0x34, 0xa5,
    0x34, 0xa5, 0x15, 0xad, 0x34, 0xa5, 0x34, 0xa5, 0x34, 0xa5, 0x35, 0xad,
    0x15, 0xad, 0x14, 0xa5, 0x34, 0xa5, 0x34, 0xa5, 0x14, 0xa5, 0x35, 0xad,
    0x34, 0xa5, 0x14, 0xa5, 0x35, 0xad, 0x35, 0xad, 0x14, 0xa5, 0x35, 0xad,
    0x34, 0xa5, 0x14, 0xa5, 0x35, 0xad, 0x34, 0xa5, 0x14, 0xa5, 0x34, 0xa5,
    0x14, 0xa5, 0x34, 0xa5, 0x35, 0xad, 0x34, 0xa5, 0x34, 0xa5, 0x34, 0xa5,
    0x34, 0xa5, 0x14, 0xa5, 0x35, 0xad, 0x35, 0xad, 0x34, 0xa5, 0x34, 0xa5,
    0x34, 0xa5, 0x34, 0xa5, 0x34, 0xa5, 0x14, 0xa5, 0x35, 0xad, 0x34, 0xa5,
    0x34, 0xa5, 0x34, 0xa5, 0x34, 0xa5, 0x34, 0xa5, 0x35, 0xad, 0x14, 0xa5,
    0x14, 0xa5, 0x34, 0xa5, 0x35, 0xad, 0x35, 0xad, 0x35, 0xad, 0x15, 0xad,
    0x35, 0xad, 0x35, 0xad, 0x34, 0xa5, 0x14, 0xa5, 0x35, 0xad, 0x34, 0xa5,
    0x14, 0xa5, 0x35, 0xad, 0x34, 0xa5, 0x34, 0xa5, 0x14, 0xa5, 0x34, 0xa5,
    0x14, 0xa5, 0x35, 0xad, 0x35, 0xad, 0x15, 0xad, 0x34, 0xa5, 0x34, 0xa5,
    0x34, 0xa5, 0x34, 0xa5, 0x15, 0xad, 0x34, 0xa5, 0x34, 0xa5, 0x34, 0xa5,
    0x15, 0xad, 0x34, 0xa5, 0x34, 0xa5, 0x34, 0xa5, 0x14, 0xa5, 0x34, 0xa5,
    0x34, 0xa5, 0x35, 0xad, 0x15, 0xad, 0x35, 0xad, 0x35, 0xad, 0xf4, 0xa4,
    0x24, 0x21, 0x62, 0x08, 0x82, 0x10, 0x82, 0x08, 0x62, 0x10, 0x61, 0x10,
    0x62, 0x08, 0x82, 0x08, 0x62, 0x10, 0x61, 0x08, 0xa3, 0x10, 0xab, 0x52,
    0x11, 0x84, 0x31, 0x84, 0xf0, 0x7b, 0xcc, 0x5a, 0x08, 0x3a, 0xe8, 0x39,
    0xe8, 0x39, 0xe8, 0x41, 0xe8, 0x39, 0xe8, 0x39, 0xc8, 0x39, 0xc7, 0x39,
    0x86, 0x31, 0x45, 0x21, 0xe4, 0x18, 0xa3, 0x10, 0x82, 0x10, 0x82, 0x10,
    0x82, 0x10, 0x62, 0x10, 0x82, 0x10, 0x62, 0x10, 0x62, 0x08, 0x62, 0x10,
    0x82, 0x10, 0x82, 0x08, 0x82, 0x08, 0x82, 0x10, 0x62, 0x10, 0x62, 0x08,
    0x62, 0x10, 0x62, 0x10, 0x62, 0x08, 0x82, 0x10, 0x82, 0x08, 0x61, 0x08,
    0x62, 0x08, 0x62, 0x10, 0x61, 0x08, 0x62, 0x10, 0x62, 0x08, 0x61, 0x10,
    0x62, 0x08, 0x62, 0x10, 0x62, 0x08, 0x62, 0x10, 0x61, 0x08, 0x61, 0x10,
    0x62, 0x08, 0x61, 0x10, 0x61, 0x10, 0x62, 0x08, 0x62, 0x10, 0x62, 0x08,
    0x61, 0x08, 0x62, 0x08, 0x62, 0x08, 0x62, 0x10, 0x62, 0x08, 0x62, 0x10,
    0x82, 0x10, 0xa3, 0x10, 0xc3, 0x18, 0xc3, 0x18, 0xc3, 0x18, 0xc3, 0x18,
    0xc3, 0x18, 0xc4, 0x18, 0x66, 0x29, 0x8a, 0x52, 0x6d, 0x6b, 0xf0, 0x83,
    0x51, 0x8c, 0xb2, 0x9c, 0xf4, 0xa4, 0x14, 0xa5, 0x35, 0xa5, 0x14, 0xa5,
    0x34, 0xa5, 0x34, 0xa5, 0x34, 0xa5, 0x35, 0xad, 0x14, 0xa5, 0x34, 0xa5,
    0x34, 0xa5, 0x35, 0xad, 0x35, 0xad, 0x14, 0xa5, 0x34, 0xa5, 0x34, 0xa5,
    0x14, 0xa5, 0x34, 0xa5, 0x35, 0xad, 0x14, 0xa5, 0x34, 0xa5, 0x34, 0xa5,
    0x35, 0xad, 0x34, 0xa5, 0x15, 0xad, 0x35, 0xad, 0x34, 0xa5, 0x34, 0xa5,
    0x35, 0xad, 0x14, 0xa5, 0x34, 0xa5, 0x14, 0xa5, 0x35, 0xad, 0x34, 0xa5,
    0x34, 0xa5, 0x35, 0xad, 0x34, 0xa5, 0x14, 0xa5, 0x35, 0xad, 0x34, 0xa5,
    0x34, 0xa5, 0x15, 0xad, 0x15, 0xad, 0x35, 0xad, 0x34, 0xa5, 0x15, 0xad,
    0x14, 0xa5, 0x34, 0xa5, 0x14, 0xa5, 0x34, 0xa5, 0x34, 0xa5, 0x35, 0xad,
    0x34, 0xa5, 0x14, 0xa5, 0x34, 0xa5, 0x34, 0xa5, 0x14, 0xa5, 0x34, 0xa5,
    0x34, 0xa5, 0x34, 0xa5, 0x14, 0xa5, 0x34, 0xa5, 0x34, 0xa5, 0x14, 0xa5,
    0x35, 0xad, 0x35, 0xad, 0x34, 0xa5, 0x34, 0xa5, 0x35, 0xad, 0x35, 0xad,
    0x34, 0xa5, 0x14, 0xa5, 0x34, 0xa5, 0x34, 0xa5, 0x35, 0xad, 0x34, 0xa5,
    0x34, 0xa5, 0x35, 0xad, 0x14, 0xa5, 0x34, 0xa5, 0x35, 0xad, 0x15, 0xad,
    0x34, 0xa5, 0x34, 0xa5, 0x35, 0xad, 0x14, 0xa5, 0x34, 0xa5, 0x35, 0xad,
    0x35, 0xad, 0x14, 0xa5, 0x34, 0xa5, 0x34, 0xa5, 0x34, 0xa5, 0x55, 0xad,
    0x49, 0x4a, 0x41, 0x08, 0x82, 0x10, 0x62, 0x10, 0x62, 0x10, 0x82, 0x08,
    0x82, 0x10, 0x62, 0x10, 0x62, 0x08, 0x62, 0x10, 0xe8, 0x41, 0xd0, 0x7b,
    0x51, 0x84, 0x31, 0x84, 0x2d, 0x63, 0x09, 0x42, 0x08, 0x42, 0x08, 0x42,
    0xe8, 0x41, 0x08, 0x3a, 0xe8, 0x39, 0xe8, 0x39, 0xc7, 0x39, 0xa7, 0x31,
    0x46, 0x29, 0x04, 0x21, 0xa3, 0x18, 0x82, 0x10, 0x62, 0x10, 0x62, 0x08,
    0x62, 0x10, 0x62, 0x08, 0x82, 0x08, 0x82, 0x10, 0x62, 0x10, 0x82, 0x08,
    0x62, 0x10, 0x82, 0x10, 0x62, 0x10, 0x62, 0x10, 0x62, 0x10, 0x82, 0x10,
    0x82, 0x10, 0x81, 0x08, 0x62, 0x08, 0x62, 0x08, 0x61, 0x10, 0x62, 0x10,
    0x62, 0x10, 0x62, 0x08, 0x62, 0x10, 0x62, 0x08, 0x62, 0x10, 0x62, 0x10,
    0x62, 0x10, 0x62, 0x08, 0x61, 0x10, 0x61, 0x08, 0x62, 0x10, 0x62, 0x08,
    0x61, 0x10, 0x62, 0x08, 0x62, 0x08, 0x62, 0x10, 0x61, 0x08, 0x61, 0x10,
    0x62, 0x08, 0x62, 0x08, 0x62, 0x10, 0x61, 0x08, 0x62, 0x10, 0x82, 0x10,
    0xa3, 0x10, 0xc3, 0x18, 0xc3, 0x18, 0xc3, 0x18, 0xc3, 0x18, 0xc3, 0x18,
    0xc4, 0x18, 0x66, 0x29, 0x8a, 0x52, 0x4d, 0x6b, 0xef, 0x7b, 0x51, 0x8c,
    0xb3, 0x94, 0xf3, 0x9c, 0x14, 0xa5, 0x34, 0xa5, 0x35, 0xa5, 0x35, 0xad,
    0x34, 0xa5, 0x35, 0xad, 0x15, 0xad, 0x34, 0xa5, 0x35, 0xad, 0x14, 0xa5,
    0x35, 0xad, 0x34, 0xa5, 0x34, 0xa5, 0x35, 0xad, 0x35, 0xad, 0x34, 0xa5,
    0x35, 0xad, 0x35, 0xad, 0x34, 0xa5, 0x34, 0xa5, 0x34, 0xa5, 0x15, 0xad,
    0x14, 0xa5, 0x34, 0xa5, 0x34, 0xa5, 0x34, 0xa5, 0x35, 0xad, 0x35, 0xad,
    0x14, 0xa5, 0x35, 0xad, 0x34, 0xa5, 0x35, 0xad, 0x14, 0xa5, 0x35, 0xad,
    0x15, 0xad, 0x14, 0xa5, 0x35, 0xad, 0x34, 0xa5, 0x14, 0xa5, 0x35, 0xad,
    0x35, 0xad, 0x34, 0xa5, 0x35, 0xad, 0x34, 0xa5, 0x34, 0xa5, 0x34, 0xa5,
    0x35, 0xad, 0x35, 0xad, 0x35, 0xad, 0x35, 0xad, 0x15, 0xad, 0x34, 0xa5,
    0x35, 0xad, 0x35, 0xad, 0x35, 0xad, 0x14, 0xa5, 0x34, 0xa5, 0x35, 0xad,
    0x34, 0xa5, 0x14, 0xa5, 0x35, 0xad, 0x35, 0xad, 0x35, 0xad, 0x34, 0xa5,
    0x34, 0xa5, 0x34, 0xa5, 0x14, 0xa5, 0x15, 0xad, 0x34, 0xa5, 0x34, 0xa5,
    0x15, 0xad, 0x35, 0xad, 0x14, 0xa5, 0x34, 0xa5, 0x34, 0xa5, 0x15, 0xad,
    0x15, 0xad, 0x34, 0xa5, 0x34, 0xa5, 0x35, 0xad, 0x14, 0xa5, 0x34, 0xa5,
    0x34, 0xa5, 0x35, 0xad, 0x14, 0xa5, 0x35, 0xad, 0x35, 0xad, 0x34, 0xa5,
    0x14, 0xa5, 0x35, 0xad, 0x34, 0xa5, 0x34, 0xa5, 0x35, 0xad, 0x55, 0xad,
    0xaf, 0x7b, 0x42, 0x08, 0x62, 0x10, 0x62, 0x08, 0x62, 0x08, 0x62, 0x10,
    0x62, 0x08, 0x62, 0x10, 0x61, 0x08, 0x66, 0x29, 0x8e, 0x6b, 0x31, 0x84,
    0x52, 0x8c, 0x8f, 0x73, 0x49, 0x42, 0x08, 0x3a, 0x08, 0x3a, 0xe8, 0x39,
    0xe8, 0x39, 0xe8, 0x39, 0xe8, 0x39, 0xe8, 0x39, 0xa7, 0x39, 0x66, 0x29,
    0x24, 0x21, 0xc3, 0x18, 0x82, 0x10, 0x62, 0x10, 0x62, 0x08, 0x82, 0x10,
    0x82, 0x10, 0x62, 0x10, 0x82, 0x08, 0x62, 0x10, 0x82, 0x10, 0x82, 0x10,
    0x62, 0x08, 0x62, 0x10, 0x62, 0x08, 0x82, 0x10, 0x82, 0x08, 0x82, 0x08,
    0x62, 0x10, 0x82, 0x10, 0x62, 0x10, 0x61, 0x10, 0x62, 0x10, 0x62, 0x08,
    0x62, 0x10, 0x61, 0x10, 0x61, 0x08, 0x62, 0x08, 0x62, 0x10, 0x61, 0x08,
    0x62, 0x08, 0x62, 0x10, 0x62, 0x08, 0x62, 0x08, 0x62, 0x10, 0x62, 0x10,
    0x62, 0x08, 0x62, 0x10, 0x62, 0x10, 0x61, 0x08, 0x61, 0x08, 0x62, 0x10,
    0x62, 0x10, 0x61, 0x10, 0x61, 0x08, 0x62, 0x08, 0x82, 0x10, 0xa3, 0x10,
    0xc3, 0x18, 0xc3, 0x18, 0xc3, 0x18, 0xc4, 0x18, 0xc4, 0x18, 0xe3, 0x18,
    0x45, 0x29, 0x49, 0x4a, 0x4d, 0x6b, 0xcf, 0x7b, 0x51, 0x8c, 0xb3, 0x94,
    0xf3, 0xa4, 0x14, 0xa5, 0x34, 0xa5, 0x35, 0xad, 0x34, 0xad, 0x34, 0xa5,
    0x34, 0xa5, 0x15, 0xad, 0x34, 0xa5, 0x34, 0xa5, 0x14, 0xa5, 0x35, 0xad,
    0x34, 0xa5, 0x14, 0xa5, 0x34, 0xa5, 0x14, 0xa5, 0x35, 0xad, 0x35, 0xad,
    0x14, 0xa5, 0x34, 0xa5, 0x35, 0xad, 0x14, 0xa5, 0x35, 0xad, 0x35, 0xad,
    0x34, 0xa5, 0x35, 0xad, 0x34, 0xa5, 0x14, 0xa5, 0x14, 0xa5, 0x35, 0xad,
    0x34, 0xa5, 0x34, 0xa5, 0x35, 0xad, 0x34, 0xa5, 0x34, 0xa5, 0x34, 0xa5,
    0x35, 0xad, 0x34, 0xa5, 0x34, 0xa5, 0x35, 0xad, 0x34, 0xa5, 0x14, 0xa5,
    0x14, 0xa5, 0x34, 0xa5, 0x34, 0xa5, 0x34, 0xa5, 0x14, 0xa5, 0x35, 0xad,
    0x34, 0xa5, 0x14, 0xa5, 0x34, 0xa5, 0x34, 0xa5, 0x34, 0xa5, 0x14, 0xa5,
    0x34, 0xa5, 0x34, 0xa5, 0x14, 0xa5, 0x35, 0xad, 0x35, 0xad, 0x34, 0xa5,
    0x15, 0xad, 0x35, 0xad, 0x34, 0xa5, 0x34, 0xa5, 0x14, 0xa5, 0x35, 0xad,
    0x35, 0xad, 0x15, 0xad, 0x34, 0xa5, 0x34, 0xa5, 0x35, 0xad, 0x14, 0xa5,
    0x34, 0xa5, 0x34, 0xa5, 0x35, 0xad, 0x15, 0xad, 0x35, 0xad, 0x34, 0xa5,
    0x34, 0xa5, 0x35, 0xad, 0x15, 0xad, 0x34, 0xa5, 0x35, 0xad, 0x34, 0xa5,
    0x35, 0xad, 0x14, 0xa5, 0x35, 0xad, 0x34, 0xa5, 0x34, 0xa5, 0x15, 0xad,
    0x34, 0xa5, 0x34, 0xa5, 0x15, 0xad, 0x15, 0xad, 0x34, 0xa5, 0x35, 0xad,
    0xd3, 0x9c, 0xe3, 0x18, 0x62, 0x08, 0x62, 0x10, 0x82, 0x10, 0x62, 0x10,
    0x62, 0x10, 0x61, 0x08, 0xe4, 0x18, 0x2d, 0x63, 0x31, 0x84, 0x52, 0x8c,
    0xf0, 0x7b, 0x8a, 0x52, 0x08, 0x42, 0x08, 0x42, 0x08, 0x42, 0xe8, 0x41,
    0xe8, 0x39, 0xe8, 0x39, 0xe8, 0x39, 0xc7, 0x39, 0x86, 0x31, 0x25, 0x21,
    0xc3, 0x18, 0x82, 0x10, 0x62, 0x08, 0x82, 0x10, 0x82, 0x10, 0x82, 0x08,
    0x62, 0x08, 0x82, 0x10, 0x81, 0x10, 0x62, 0x08, 0x62, 0x10, 0x62, 0x10,
    0x82, 0x10, 0x82, 0x08, 0x82, 0x10, 0x82, 0x10, 0x62, 0x10, 0x62, 0x08,
    0x62, 0x08, 0x62, 0x10, 0x62, 0x10, 0x62, 0x08, 0x62, 0x08, 0x62, 0x08,
    0x61, 0x08, 0x62, 0x08, 0x62, 0x10, 0x62, 0x10, 0x61, 0x08, 0x62, 0x10,
    0x61, 0x08, 0x61, 0x08, 0x62, 0x10, 0x62, 0x10, 0x61, 0x08, 0x62, 0x08,
    0x62, 0x10, 0x61, 0x08, 0x62, 0x10, 0x62, 0x10, 0x62, 0x08, 0x62, 0x08,
    0x62, 0x10, 0x61, 0x08, 0x62, 0x08, 0x82, 0x10, 0xa3, 0x10, 0xc3, 0x18,
    0xc3, 0x18, 0xc3, 0x18, 0xc3, 0x18, 0xc3, 0x18, 0xc3, 0x18, 0x25, 0x29,
    0x49, 0x4a, 0x2d, 0x63, 0xcf, 0x7b, 0x51, 0x8c, 0x92, 0x94, 0xd3, 0x9c,
    0x14, 0xa5, 0x34, 0xad, 0x35, 0xa5, 0x34, 0xad, 0x34, 0xa5, 0x14, 0xa5,
    0x34, 0xa5, 0x34, 0xa5, 0x34, 0xa5, 0x35, 0xad, 0x34, 0xa5, 0x34, 0xa5,
    0x15, 0xad, 0x35, 0xad, 0x35, 0xad, 0x34, 0xa5, 0x14, 0xa5, 0x34, 0xa5,
    0x34, 0xa5, 0x34, 0xa5, 0x14, 0xa5, 0x34, 0xa5, 0x35, 0xad, 0x34, 0xa5,
    0x34, 0xa5, 0x35, 0xad, 0x15, 0xad, 0x35, 0xad, 0x34, 0xa5, 0x34, 0xa5,
    0x15, 0xad, 0x14, 0xa5, 0x34, 0xa5, 0x15, 0xad, 0x35, 0xad, 0x34, 0xa5,
    0x14, 0xa5, 0x35, 0xad, 0x34, 0xa5, 0x14, 0xa5, 0x35, 0xad, 0x34, 0xa5,
    0x35, 0xad, 0x35, 0xad, 0x14, 0xa5, 0x35, 0xad, 0x35, 0xad, 0x15, 0xad,
    0x34, 0xa5, 0x34, 0xa5, 0x14, 0xa5, 0x34, 0xa5, 0x35, 0xad, 0x35, 0xad,
    0x14, 0xa5, 0x34, 0xa5, 0x34, 0xa5, 0x34, 0xa5, 0x34, 0xa5, 0x15, 0xad,
    0x34, 0xa5, 0x34, 0xa5, 0x15, 0xad, 0x34, 0xa5, 0x34, 0xa5, 0x14, 0xa5,
    0x34, 0xa5, 0x34, 0xa5, 0x35, 0xad, 0x35, 0xad, 0x34, 0xa5, 0x35, 0xad,
    0x34, 0xa5, 0x34, 0xa5, 0x34, 0xa5, 0x34, 0xa5, 0x34, 0xa5, 0x34, 0xa5,
    0x35, 0xad, 0x34, 0xa5, 0x14, 0xa5, 0x34, 0xa5, 0x34, 0xa5, 0x15, 0xad,
    0x34, 0xa5, 0x15, 0xad, 0x34, 0xa5, 0x34, 0xa5, 0x14, 0xa5, 0x34, 0xa5,
    0x35, 0xad, 0x34, 0xa5, 0x34, 0xa5, 0x34, 0xa5, 0x35, 0xad, 0x34, 0xa5,
    0x55, 0xad, 0x08, 0x42, 0x41, 0x08, 0x62, 0x10, 0x82, 0x10, 0x62, 0x08,
    0x61, 0x08, 0x82, 0x10, 0x6a, 0x4a, 0x31, 0x84, 0x52, 0x8c, 0x11, 0x84,
    0x0c, 0x5b, 0x09, 0x42, 0x28, 0x42, 0x09, 0x42, 0x08, 0x3a, 0x08, 0x3a,
    0x08, 0x42, 0xe8, 0x39, 0xe8, 0x39, 0x86, 0x31, 0x45, 0x29, 0xe4, 0x18,
    0xa2, 0x10, 0x62, 0x10, 0x82, 0x10, 0x82, 0x10, 0x62, 0x08, 0x62, 0x10,
    0x62, 0x10, 0x62, 0x08, 0x82, 0x10, 0x62, 0x10, 0x82, 0x08, 0x82, 0x08,
    0x62, 0x10, 0x82, 0x10, 0x62, 0x08, 0x62, 0x08, 0x62, 0x10, 0x82, 0x10,
    0x81, 0x10, 0x82, 0x08, 0x62, 0x08, 0x62, 0x10, 0x81, 0x08, 0x62, 0x10,
    0x62, 0x10, 0x62, 0x08, 0x62, 0x08, 0x61, 0x10, 0x82, 0x10, 0x62, 0x08,
    0x62, 0x10, 0x62, 0x10, 0x62, 0x08, 0x61, 0x08, 0x62, 0x10, 0x62, 0x08,
    0x61, 0x08, 0x61, 0x08, 0x62, 0x08, 0x61, 0x08, 0x62, 0x08, 0x62, 0x10,
    0x61, 0x08, 0x62, 0x08, 0x82, 0x10, 0xa3, 0x18, 0xc3, 0x18, 0xc3, 0x18,
    0xc3, 0x18, 0xe3, 0x18, 0xe4, 0x18, 0xe3, 0x18, 0x25, 0x21, 0x29, 0x4a,
    0x2c, 0x63, 0xcf, 0x7b, 0x31, 0x8c, 0x92, 0x94, 0xf3, 0x9c, 0x14, 0xa5,
    0x34, 0xa5, 0x35, 0xa5, 0x35, 0xad, 0x14, 0xa5, 0x15, 0xa5, 0x35, 0xa5,
    0x34, 0xa5, 0x15, 0xad, 0x35, 0xad, 0x34, 0xa5, 0x15, 0xad, 0x34, 0xa5,
    0x34, 0xa5, 0x34, 0xa5, 0x34, 0xa5, 0x15, 0xad, 0x34, 0xa5, 0x34, 0xa5,
    0x35, 0xad, 0x15, 0xad, 0x35, 0xad, 0x35, 0xad, 0x34, 0xa5, 0x14, 0xa5,
    0x14, 0xa5, 0x34, 0xa5, 0x34, 0xa5, 0x34, 0xa5, 0x35, 0xad, 0x34, 0xa5,
    0x34, 0xa5, 0x35, 0xad, 0x34, 0xa5, 0x34, 0xa5, 0x14, 0xa5, 0x35, 0xad,
    0x34, 0xa5, 0x34, 0xa5, 0x35, 0xad, 0x14, 0xa5, 0x34, 0xa5, 0x35, 0xad,
    0x34, 0xa5, 0x14, 0xa5, 0x35, 0xad, 0x34, 0xa5, 0x14, 0xa5, 0x34, 0xa5,
    0x35, 0xad, 0x35, 0xad, 0x35, 0xad, 0x15, 0xad, 0x34, 0xa5, 0x34, 0xa5,
    0x35, 0xad, 0x15, 0xad, 0x35, 0xad, 0x15, 0xad, 0x34, 0xa5, 0x34, 0xa5,
    0x34, 0xa5, 0x34, 0xa5, 0x34, 0xa5, 0x35, 0xad, 0x15, 0xad, 0x35, 0xad,
    0x34, 0xa5, 0x34, 0xa5, 0x14, 0xa5, 0x34, 0xa5, 0x34, 0xa5, 0x14, 0xa5,
    0x35, 0xad, 0x35, 0xad, 0x15, 0xad, 0x34, 0xa5, 0x34, 0xa5, 0x15, 0xad,
    0x14, 0xa5, 0x34, 0xa5, 0x34, 0xa5, 0x35, 0xad, 0x35, 0xad, 0x34, 0xa5,
    0x34, 0xa5, 0x34, 0xa5, 0x34, 0xa5, 0x35, 0xad, 0x15, 0xad, 0x35, 0xad,
    0x34, 0xa5, 0x15, 0xad, 0x34, 0xa5, 0x35, 0xad, 0x34, 0xa5, 0x35, 0xad,
    0x55, 0xad, 0x6d, 0x6b, 0x41, 0x08, 0x62, 0x10, 0x82, 0x08, 0x62, 0x10,
    0x62, 0x08, 0xe8, 0x39, 0xf0, 0x7b, 0x72, 0x8c, 0x52, 0x8c, 0x6e, 0x6b,
    0x29, 0x42, 0x08, 0x42, 0x09, 0x42, 0x08, 0x3a, 0x08, 0x42, 0x08, 0x3a,
    0xe8, 0x39, 0xe8, 0x39, 0xa7, 0x31, 0x66, 0x29, 0x04, 0x21, 0xa3, 0x18,
    0x82, 0x10, 0x82, 0x10, 0x62, 0x10, 0x62, 0x08, 0x62, 0x08, 0x82, 0x10,
    0x81, 0x10, 0x82, 0x10, 0x62, 0x08, 0x62, 0x10, 0x81, 0x10, 0x82, 0x10,
    0x62, 0x08, 0x62, 0x10, 0x62, 0x10, 0x81, 0x10, 0x82, 0x08, 0x62, 0x10,
    0x62, 0x10, 0x62, 0x10, 0x82, 0x10, 0x61, 0x10, 0x62, 0x10, 0x82, 0x08,
    0x62, 0x10, 0x61, 0x10, 0x62, 0x10, 0x62, 0x08, 0x62, 0x08, 0x62, 0x08,
    0x62, 0x10, 0x62, 0x10, 0x62, 0x08, 0x62, 0x10, 0x61, 0x08, 0x62, 0x10,
    0x61, 0x08, 0x62, 0x10, 0x62, 0x08, 0x61, 0x10, 0x61, 0x08, 0x62, 0x10,
    0x61, 0x08, 0x62, 0x10, 0xa3, 0x10, 0xc3, 0x18, 0xe3, 0x18, 0xc4, 0x18,
    0xe4, 0x18, 0xc4, 0x18, 0xc4, 0x18, 0x04, 0x21, 0x08, 0x42, 0x0c, 0x63,
    0xaf, 0x7b, 0x31, 0x8c, 0x92, 0x94, 0xd3, 0x9c, 0x14, 0xa5, 0x35, 0xa5,
    0x34, 0xad, 0x34, 0xa5, 0x14, 0xa5, 0x35, 0xad, 0x34, 0xad, 0x34, 0xa5,
    0x34, 0xa5, 0x35, 0xad, 0x34, 0xa5, 0x14, 0xa5, 0x34, 0xa5, 0x35, 0xad,
    0x35, 0xad, 0x14, 0xa5, 0x34, 0xa5, 0x34, 0xa5, 0x35, 0xad, 0x35, 0xad,
    0x14, 0xa5, 0x34, 0xa5, 0x34, 0xa5, 0x34, 0xa5, 0x14, 0xa5, 0x35, 0xad,
    0x34, 0xa5, 0x35, 0xad, 0x34, 0xa5, 0x14, 0xa5, 0x34, 0xa5, 0x15, 0xad,
    0x34, 0xa5, 0x34, 0xa5, 0x35, 0xad, 0x35, 0xad, 0x34, 0xa5, 0x14, 0xa5,
    0x35, 0xad, 0x34, 0xa5, 0x14, 0xa5, 0x35, 0xad, 0x35, 0xad, 0x34, 0xa5,
    0x14, 0xa5, 0x34, 0xa5, 0x34, 0xa5, 0x34, 0xa5, 0x35, 0xad, 0x34, 0xa5,
    0x14, 0xa5, 0x34, 0xa5, 0x34, 0xa5, 0x34, 0xa5, 0x14, 0xa5, 0x34, 0xa5,
    0x35, 0xad, 0x34, 0xa5, 0x34, 0xa5, 0x34, 0xa5, 0x15, 0xad, 0x34, 0xa5,
    0x35, 0xad, 0x15, 0xad, 0x35, 0xad, 0x34, 0xa5, 0x34, 0xa5, 0x34, 0xa5,
    0x15, 0xad, 0x35, 0xad, 0x34, 0xa5, 0x15, 0xad, 0x14, 0xa5, 0x35, 0xad,
    0x34, 0xa5, 0x14, 0xa5, 0x34, 0xa5, 0x15, 0xad, 0x35, 0xad, 0x34, 0xa5,
    0x34, 0xa5, 0x35, 0xad, 0x15, 0xad, 0x34, 0xa5, 0x34, 0xa5, 0x14, 0xa5,
    0x35, 0xad, 0x34, 0xa5, 0x15, 0xad, 0x34, 0xa5, 0x34, 0xa5, 0x34, 0xa5,
    0x34, 0xa5, 0x34, 0xa5, 0x15, 0xad, 0x34, 0xa5, 0x14, 0xa5, 0x14, 0xa5,
    0x35, 0xad, 0x92, 0x94, 0xa3, 0x18, 0x62, 0x08, 0x62, 0x10, 0x61, 0x08,
    0x45, 0x29, 0x8e, 0x73, 0x72, 0x8c, 0x72, 0x8c, 0xcf, 0x73, 0x6a, 0x4a,
    0x28, 0x42, 0x09, 0x42, 0x08, 0x42, 0x08, 0x42, 0x08, 0x3a, 0x08, 0x42,
    0xe8, 0x39, 0xc7, 0x39, 0x86, 0x31, 0x25, 0x21, 0xc3, 0x18, 0x82, 0x10,
    0x82, 0x08, 0x62, 0x08, 0x62, 0x08, 0x82, 0x10, 0x82, 0x10, 0x62, 0x10,
    0x82, 0x08, 0x62, 0x08, 0x82, 0x10, 0x82, 0x08, 0x62, 0x10, 0x62, 0x10,
    0x82, 0x10, 0x82, 0x08, 0x82, 0x08, 0x62, 0x10, 0x82, 0x10, 0x82, 0x08,
    0x62, 0x08, 0x82, 0x10, 0x62, 0x08, 0x61, 0x08, 0x62, 0x08, 0x62, 0x10,
    0x61, 0x08, 0x62, 0x08, 0x62, 0x10, 0x62, 0x08, 0x61, 0x10, 0x62, 0x10,
    0x61, 0x08, 0x61, 0x08, 0x62, 0x10, 0x61, 0x08, 0x62, 0x10, 0x62, 0x08,
    0x62, 0x10, 0x62, 0x10, 0x62, 0x10, 0x62, 0x08, 0x62, 0x10, 0x62, 0x08,
    0x62, 0x10, 0xa2, 0x10, 0xc3, 0x18, 0xc3, 0x18, 0xe3, 0x18, 0xe4, 0x18,
    0xe3, 0x18, 0xe3, 0x18, 0x04, 0x21, 0xe8, 0x41, 0xec, 0x62, 0xaf, 0x73,
    0x30, 0x84, 0x92, 0x94, 0xd3, 0x9c, 0x14, 0xa5, 0x34, 0xa5, 0x34, 0xa5,
    0x35, 0xad, 0x15, 0xad, 0x34, 0xa5, 0x34, 0xa5, 0x34, 0xa5, 0x34, 0xad,
    0x34, 0xa5, 0x14, 0xa5, 0x34, 0xa5, 0x35, 0xad, 0x34, 0xa5, 0x34, 0xa5,
    0x15, 0xad, 0x34, 0xa5, 0x35, 0xad, 0x35, 0xad, 0x14, 0xa5, 0x34, 0xa5,
    0x34, 0xa5, 0x34, 0xa5, 0x35, 0xad, 0x14, 0xa5, 0x35, 0xad, 0x34, 0xa5,
    0x35, 0xad, 0x35, 0xad, 0x15, 0xad, 0x34, 0xa5, 0x35, 0xad, 0x34, 0xa5,
    0x15, 0xad, 0x35, 0xad, 0x14, 0xa5, 0x14, 0xa5, 0x35, 0xad, 0x34, 0xa5,
    0x14, 0xa5, 0x35, 0xad, 0x35, 0xad, 0x34, 0xa5, 0x34, 0xa5, 0x14, 0xa5,
    0x35, 0xad, 0x35, 0xad, 0x35, 0xad, 0x35, 0xad, 0x14, 0xa5, 0x35, 0xad,
    0x34, 0xa5, 0x15, 0xad, 0x34, 0xa5, 0x34, 0xa5, 0x35, 0xad, 0x15, 0xad,
    0x34, 0xa5, 0x34, 0xa5, 0x34, 0xa5, 0x34, 0xa5, 0x34, 0xa5, 0x15, 0xad,
    0x34, 0xa5, 0x34, 0xa5, 0x14, 0xa5, 0x34, 0xa5, 0x14, 0xa5, 0x35, 0xad,
    0x34, 0xa5, 0x14, 0xa5, 0x35, 0xad, 0x34, 0xa5, 0x35, 0xad, 0x34, 0xa5,
    0x14, 0xa5, 0x35, 0xad, 0x34, 0xa5, 0x34, 0xa5, 0x14, 0xa5, 0x35, 0xad,
    0x35, 0xad, 0x34, 0xa5, 0x34, 0xa5, 0x34, 0xa5, 0x14, 0xa5, 0x35, 0xad,
    0x35, 0xad, 0x15, 0xad, 0x34, 0xa5, 0x35, 0xad, 0x34, 0xa5, 0x14, 0xa5,
    0x35, 0xad, 0x14, 0xa5, 0x34, 0xa5, 0x35, 0xad, 0x35, 0xad, 0x34, 0xa5,
    0x14, 0xa5, 0x35, 0xad, 0xa6, 0x31, 0x41, 0x08, 0x62, 0x08, 0xc3, 0x18,
    0x0d, 0x63, 0x52, 0x84, 0x72, 0x8c, 0x11, 0x84, 0xab, 0x52, 0x29, 0x42,
    0x29, 0x42, 0x09, 0x42, 0x28, 0x42, 0x08, 0x42, 0x09, 0x42, 0x08, 0x42,
    0xe8, 0x39, 0x86, 0x31, 0x25, 0x21, 0xe3, 0x18, 0x82, 0x10, 0x62, 0x08,
    0x62, 0x10, 0x62, 0x10, 0x62, 0x10, 0x82, 0x10, 0x62, 0x10, 0x62, 0x08,
    0x62, 0x08, 0x62, 0x10, 0x62, 0x10, 0x82, 0x10, 0x82, 0x08, 0x62, 0x08,
    0x62, 0x08, 0x82, 0x10, 0x62, 0x10, 0x82, 0x08, 0x62, 0x10, 0x61, 0x10,
    0x82, 0x08, 0x82, 0x08, 0x62, 0x10, 0x62, 0x10, 0x62, 0x08, 0x61, 0x10,
    0x62, 0x10, 0x62, 0x08, 0x62, 0x08, 0x61, 0x10, 0x62, 0x08, 0x62, 0x10,
    0x62, 0x10, 0x61, 0x08, 0x62, 0x08, 0x62, 0x10, 0x61, 0x08, 0x62, 0x10,
    0x62, 0x08, 0x62, 0x08, 0x61, 0x08, 0x61, 0x08, 0x62, 0x08, 0x62, 0x10,
    0xa2, 0x10, 0xc3, 0x18, 0xe3, 0x18, 0xe4, 0x18, 0xe4, 0x18, 0xe3, 0x18,
    0xe4, 0x18, 0x04, 0x21, 0xc7, 0x39, 0xeb, 0x5a, 0x8e, 0x73, 0x30, 0x84,
    0x92, 0x94, 0xd3, 0x9c, 0x14, 0xa5, 0x14, 0xad, 0x34, 0xad, 0x35, 0xa5,
    0x14, 0xa5, 0x34, 0xa5, 0x35, 0xad, 0x34, 0xad, 0x15, 0xa5, 0x35, 0xa5,
    0x34, 0xa5, 0x35, 0xad, 0x15, 0xad, 0x34, 0xa5, 0x35, 0xad, 0x14, 0xa5,
    0x34, 0xa5, 0x34, 0xa5, 0x35, 0xad, 0x14, 0xa5, 0x34, 0xa5, 0x14, 0xa5,
    0x35, 0xad, 0x35, 0xad, 0x14, 0xa5, 0x35, 0xad, 0x34, 0xa5, 0x35, 0xad,
    0x14, 0xa5, 0x14, 0xa5, 0x34, 0xa5, 0x35, 0xad, 0x34, 0xa5, 0x14, 0xa5,
    0x34, 0xa5, 0x34, 0xa5, 0x34, 0xa5, 0x34, 0xa5, 0x34, 0xa5, 0x35, 0xad,
    0x35, 0xad, 0x34, 0xa5, 0x14, 0xa5, 0x34, 0xa5, 0x35, 0xad, 0x35, 0xad,
    0x14, 0xa5, 0x34, 0xa5, 0x34, 0xa5, 0x14, 0xa5, 0x34, 0xa5, 0x34, 0xa5,
    0x35, 0xad, 0x34, 0xa5, 0x15, 0xad, 0x35, 0xad, 0x34, 0xa5, 0x34, 0xa5,
    0x14, 0xa5, 0x35, 0xad, 0x15, 0xad, 0x15, 0xad, 0x35, 0xad, 0x34, 0xa5,
    0x14, 0xa5, 0x34, 0xa5, 0x35, 0xad, 0x35, 0xad, 0x35, 0xad, 0x34, 0xa5,
    0x34, 0xa5, 0x34, 0xa5, 0x34, 0xa5, 0x35, 0xad, 0x34, 0xa5, 0x34, 0xa5,
    0x35, 0xad, 0x34, 0xa5, 0x35, 0xad, 0x34, 0xa5, 0x35, 0xad, 0x34, 0xa5,
    0x14, 0xa5, 0x34, 0xa5, 0x35, 0xad, 0x15, 0xad, 0x35, 0xad, 0x34, 0xa5,
    0x14, 0xa5, 0x34, 0xa5, 0x34, 0xa5, 0x34, 0xa5, 0x15, 0xad, 0x35, 0xad,
    0x34, 0xa5, 0x35, 0xad, 0x35, 0xad, 0x34, 0xa5, 0x34, 0xa5, 0x35, 0xad,
    0x35, 0xad, 0x55, 0xad, 0xec, 0x62, 0x21, 0x08, 0x62, 0x08, 0x6a, 0x4a,
    0x31, 0x84, 0x72, 0x8c, 0x51, 0x84, 0x0d, 0x63, 0x29, 0x42, 0x29, 0x42,
    0x29, 0x42, 0x29, 0x42, 0x08, 0x42, 0x09, 0x42, 0x08, 0x42, 0xe8, 0x39,
    0xa7, 0x31, 0x46, 0x29, 0xe4, 0x20, 0xa2, 0x10, 0x82, 0x10, 0x62, 0x10,
    0x62, 0x10, 0x62, 0x10, 0x82, 0x10, 0x61, 0x08, 0x62, 0x08, 0x82, 0x10,
    0x81, 0x10, 0x82, 0x10, 0x82, 0x10, 0x62, 0x08, 0x62, 0x10, 0x82, 0x10,
    0x81, 0x10, 0x62, 0x10, 0x62, 0x10, 0x82, 0x10, 0x62, 0x08, 0x62, 0x10,
    0x82, 0x10, 0x61, 0x10, 0x82, 0x10, 0x62, 0x10, 0x61, 0x10, 0x82, 0x08,
    0x62, 0x08, 0x62, 0x10, 0x61, 0x10, 0x62, 0x08, 0x62, 0x10, 0x62, 0x08,
    0x61, 0x08, 0x62, 0x10, 0x62, 0x10, 0x62, 0x08, 0x62, 0x10, 0x61, 0x08,
    0x61, 0x10, 0x62, 0x10, 0x62, 0x08, 0x61, 0x08, 0x62, 0x10, 0xa2, 0x10,
    0xc3, 0x18, 0xe4, 0x18, 0xe4, 0x18, 0xe4, 0x18, 0xe3, 0x18, 0xe4, 0x20,
    0xe4, 0x20, 0xa6, 0x31, 0xcb, 0x5a, 0x8e, 0x73, 0x10, 0x84, 0x72, 0x94,
    0xd3, 0x9c, 0x14, 0xa5, 0x34, 0xa5, 0x34, 0xa5, 0x35, 0xa5, 0x15, 0xa5,
    0x34, 0xad, 0x34, 0xa5, 0x34, 0xa5, 0x15, 0xa5, 0x34, 0xad, 0x34, 0xa5,
    0x34, 0xa5, 0x15, 0xad, 0x34, 0xa5, 0x34, 0xa5, 0x14, 0xa5, 0x35, 0xad,
    0x35, 0xad, 0x34, 0xa5, 0x14, 0xa5, 0x34, 0xa5, 0x35, 0xad, 0x35, 0xad,
    0x34, 0xa5, 0x14, 0xa5, 0x35, 0xad, 0x34, 0xa5, 0x34, 0xa5, 0x34, 0xa5,
    0x34, 0xa5, 0x34, 0xa5, 0x34, 0xa5, 0x34, 0xa5, 0x15, 0xad, 0x35, 0xad,
    0x34, 0xa5, 0x34, 0xa5, 0x15, 0xad, 0x35, 0xad, 0x35, 0xad, 0x14, 0xa5,
    0x34, 0xa5, 0x34, 0xa5, 0x34, 0xa5, 0x15, 0xad, 0x34, 0xa5, 0x14, 0xa5,
    0x34, 0xa5, 0x35, 0xad, 0x14, 0xa5, 0x34, 0xa5, 0x35, 0xad, 0x34, 0xa5,
    0x14, 0xa5, 0x34, 0xa5, 0x34, 0xa5, 0x15, 0xad, 0x34, 0xa5, 0x34, 0xa5,
    0x35, 0xad, 0x34, 0xa5, 0x34, 0xa5, 0x34, 0xa5, 0x34, 0xa5, 0x34, 0xa5,
    0x35, 0xad, 0x35, 0xad, 0x34, 0xa5, 0x14, 0xa5, 0x34, 0xa5, 0x34, 0xa5,
    0x15, 0xad, 0x35, 0xad, 0x35, 0xad, 0x14, 0xa5, 0x14, 0xa5, 0x35, 0xad,
    0x34, 0xa5, 0x14, 0xa5, 0x34, 0xa5, 0x15, 0xad, 0x34, 0xa5, 0x34, 0xa5,
    0x14, 0xa5, 0x35, 0xad, 0x14, 0xa5, 0x34, 0xa5, 0x34, 0xa5, 0x34, 0xa5,
    0x34, 0xa5, 0x34, 0xa5, 0x35, 0xad, 0x14, 0xa5, 0x34, 0xa5, 0x35, 0xad,
    0x34, 0xa5, 0x14, 0xa5, 0x34, 0xa5, 0x14, 0xa5, 0x14, 0xa5, 0x34, 0xa5,
    0x34, 0xa5, 0x55, 0xad, 0x51, 0x8c, 0x62, 0x08, 0xc7, 0x39, 0xf0, 0x7b,
    0x72, 0x8c, 0x52, 0x8c, 0x4e, 0x6b, 0x49, 0x4a, 0x29, 0x42, 0x29, 0x42,
    0x29, 0x42, 0x28, 0x42, 0x29, 0x42, 0x08, 0x42, 0x08, 0x3a, 0xc7, 0x39,
    0x66, 0x29, 0x04, 0x21, 0xa3, 0x10, 0x82, 0x10, 0x62, 0x10, 0x62, 0x10,
    0x62, 0x08, 0x81, 0x08, 0x62, 0x08, 0x62, 0x10, 0x82, 0x10, 0x62, 0x08,
    0x82, 0x10, 0x62, 0x10, 0x82, 0x08, 0x62, 0x08, 0x62, 0x10, 0x82, 0x10,
    0x82, 0x08, 0x62, 0x10, 0x82, 0x08, 0x62, 0x08, 0x82, 0x10, 0x82, 0x08,
    0x62, 0x10, 0x82, 0x10, 0x62, 0x08, 0x62, 0x08, 0x82, 0x08, 0x62, 0x08,
    0x62, 0x10, 0x61, 0x08, 0x62, 0x10, 0x62, 0x08, 0x62, 0x10, 0x62, 0x10,
    0x61, 0x08, 0x62, 0x08, 0x62, 0x10, 0x61, 0x08, 0x61, 0x08, 0x62, 0x10,
    0x62, 0x08, 0x62, 0x08, 0x62, 0x10, 0x62, 0x10, 0xa2, 0x10, 0xc3, 0x18,
    0xe4, 0x18, 0xe4, 0x18, 0xe3, 0x20, 0xe4, 0x20, 0xe4, 0x18, 0xe4, 0x20,
    0x86, 0x31, 0xab, 0x52, 0x6e, 0x73, 0x10, 0x84, 0x72, 0x8c, 0xb3, 0x9c,
    0x14, 0xa5, 0x34, 0xa5, 0x14, 0xa5, 0x35, 0xa5, 0x34, 0xa5, 0x34, 0xad,
    0x34, 0xad, 0x35, 0xa5, 0x15, 0xa5, 0x34, 0xad, 0x34, 0xa5, 0x34, 0xad,
    0x34, 0xa5, 0x34, 0xa5, 0x34, 0xa5, 0x35, 0xad, 0x14, 0xa5, 0x34, 0xa5,
    0x34, 0xa5, 0x35, 0xad, 0x15, 0xad, 0x35, 0xad, 0x34, 0xa5, 0x34, 0xa5,
    0x15, 0xad, 0x34, 0xa5, 0x34, 0xa5, 0x34, 0xa5, 0x15, 0xad, 0x34, 0xa5,
    0x15, 0xad, 0x35, 0xad, 0x35, 0xad, 0x35, 0xad, 0x34, 0xa5, 0x34, 0xa5,
    0x35, 0xad, 0x15, 0xad, 0x34, 0xa5, 0x34, 0xa5, 0x14, 0xa5, 0x34, 0xa5,
    0x34, 0xa5, 0x15, 0xad, 0x35, 0xad, 0x34, 0xa5, 0x34, 0xa5, 0x34, 0xa5,
    0x35, 0xad, 0x34, 0xa5, 0x15, 0xad, 0x35, 0xad, 0x34, 0xa5, 0x15, 0xad,
    0x35, 0xad, 0x35, 0xad, 0x34, 0xa5, 0x34, 0xa5, 0x15, 0xad, 0x35, 0xad,
    0x34, 0xa5, 0x15, 0xad, 0x34, 0xa5, 0x34, 0xa5, 0x15, 0xad, 0x35, 0xad,
    0x34, 0xa5, 0x14, 0xa5, 0x35, 0xad, 0x34, 0xa5, 0x14, 0xa5, 0x35, 0xad,
    0x34, 0xa5, 0x14, 0xa5, 0x34, 0xa5, 0x34, 0xa5, 0x35, 0xad, 0x34, 0xa5,
    0x15, 0xad, 0x35, 0xad, 0x34, 0xa5, 0x34, 0xa5, 0x14, 0xa5, 0x35, 0xad,
    0x35, 0xad, 0x34, 0xa5, 0x35, 0xad, 0x34, 0xa5, 0x34, 0xa5, 0x15, 0xad,
    0x35, 0xad, 0x35, 0xad, 0x34, 0xa5, 0x15, 0xad, 0x34, 0xa5, 0x34, 0xa5,
    0x15, 0xad, 0x34, 0xa5, 0x34, 0xa5, 0x35, 0xad, 0x35, 0xad, 0x14, 0xa5,
    0x34, 0xa5, 0x35, 0xad, 0x14, 0xa5, 0x08, 0x42, 0x6e, 0x6b, 0x72, 0x8c,
    0x72, 0x8c, 0x8f, 0x73, 0xe8, 0x41, 0x29, 0x42, 0x49, 0x42, 0x29, 0x42,
    0x29, 0x42, 0x29, 0x42, 0x29, 0x42, 0x08, 0x42, 0xc8, 0x39, 0x86, 0x31,
    0x25, 0x21, 0xc3, 0x18, 0x82, 0x10, 0x82, 0x08, 0x62, 0x10, 0x62, 0x08,
    0x82, 0x08, 0x62, 0x10, 0x62, 0x08, 0x62, 0x10, 0x62, 0x10, 0x82, 0x10,
    0x62, 0x08, 0x62, 0x08, 0x62, 0x10, 0x82, 0x10, 0x82, 0x10, 0x62, 0x08,
    0x62, 0x08, 0x82, 0x10, 0x81, 0x08, 0x82, 0x10, 0x62, 0x10, 0x61, 0x10,
    0x82, 0x08, 0x62, 0x08, 0x62, 0x10, 0x62, 0x10, 0x62, 0x10, 0x61, 0x10,
    0x61, 0x10, 0x62, 0x08, 0x82, 0x08, 0x61, 0x10, 0x61, 0x08, 0x62, 0x08,
    0x62, 0x10, 0x61, 0x08, 0x62, 0x08, 0x62, 0x10, 0x62, 0x08, 0x62, 0x08,
    0x62, 0x10, 0x61, 0x10, 0x62, 0x08, 0xa2, 0x10, 0xc3, 0x18, 0xe4, 0x18,
    0xe4, 0x18, 0xe4, 0x20, 0xe4, 0x20, 0xe4, 0x18, 0xe4, 0x20, 0x86, 0x31,
    0xaa, 0x52, 0x6e, 0x73, 0x10, 0x84, 0x71, 0x8c, 0xd3, 0x9c, 0x14, 0xa5,
    0x14, 0xa5, 0x34, 0xa5, 0x34, 0xad, 0x14, 0xad, 0x15, 0xad, 0x34, 0xa5,
    0x34, 0xa5, 0x15, 0xa5, 0x34, 0xad, 0x34, 0xad, 0x15, 0xa5, 0x35, 0xa5,
    0x34, 0xa5, 0x15, 0xad, 0x35, 0xad, 0x34, 0xa5, 0x35, 0xad, 0x34, 0xa5,
    0x15, 0xad, 0x34, 0xa5, 0x34, 0xa5, 0x34, 0xa5, 0x34, 0xa5, 0x14, 0xa5,
    0x34, 0xa5, 0x35, 0xad, 0x34, 0xa5, 0x15, 0xad, 0x34, 0xa5, 0x15, 0xad,
    0x34, 0xa5, 0x34, 0xa5, 0x34, 0xa5, 0x14, 0xa5, 0x14, 0xa5, 0x34, 0xa5,
    0x34, 0xa5, 0x34, 0xa5, 0x35, 0xad, 0x34, 0xa5, 0x14, 0xa5, 0x35, 0xad,
    0x35, 0xad, 0x14, 0xa5, 0x34, 0xa5, 0x35, 0xad, 0x15, 0xad, 0x35, 0xad,
    0x34, 0xa5, 0x34, 0xa5, 0x34, 0xa5, 0x35, 0xad, 0x14, 0xa5, 0x34, 0xa5,
    0x34, 0xa5, 0x14, 0xa5, 0x35, 0xad, 0x35, 0xad, 0x34, 0xa5, 0x14, 0xa5,
    0x34, 0xa5, 0x34, 0xa5, 0x15, 0xad, 0x35, 0xad, 0x34, 0xa5, 0x14, 0xa5,
    0x34, 0xa5, 0x34, 0xa5, 0x14, 0xa5, 0x35, 0xad, 0x35, 0xad, 0x14, 0xa5,
    0x35, 0xad, 0x34, 0xa5, 0x14, 0xa5, 0x35, 0xad, 0x34, 0xa5, 0x14, 0xa5,
    0x34, 0xa5, 0x34, 0xa5, 0x35, 0xad, 0x35, 0xad, 0x35, 0xad, 0x34, 0xa5,
    0x14, 0xa5, 0x35, 0xad, 0x34, 0xa5, 0x15, 0xad, 0x35, 0xad, 0x34, 0xa5,
    0x14, 0xa5, 0x14, 0xa5, 0x35, 0xad, 0x34, 0xa5, 0x35, 0xad, 0x34, 0xa5,
    0x34, 0xa5, 0x35, 0xad, 0x15, 0xad, 0x34, 0xa5, 0x35, 0xad, 0x35, 0xad,
    0x15, 0xad, 0x35, 0xad, 0x34, 0xad, 0x31, 0x84, 0x52, 0x84, 0x92, 0x8c,
    0xf0, 0x7b, 0x29, 0x42, 0x45, 0x29, 0x08, 0x42, 0x29, 0x42, 0x29, 0x42,
    0x09, 0x42, 0x08, 0x42, 0x08, 0x42, 0xe8, 0x39, 0xa7, 0x31, 0x45, 0x29,
    0xe3, 0x18, 0x82, 0x10, 0x62, 0x10, 0x62, 0x10, 0x62, 0x08, 0x81, 0x08,
    0x62, 0x10, 0x62, 0x10, 0x62, 0x10, 0x82, 0x08, 0x62, 0x08, 0x61, 0x10,
    0x82, 0x10, 0x82, 0x08, 0x82, 0x10, 0x62, 0x08, 0x82, 0x10, 0x81, 0x10,
    0x62, 0x10, 0x62, 0x10, 0x62, 0x10, 0x62, 0x10, 0x62, 0x10, 0x82, 0x08,
    0x82, 0x10, 0x62, 0x10, 0x62, 0x08, 0x61, 0x10, 0x62, 0x10, 0x82, 0x08,
    0x62, 0x08, 0x62, 0x10, 0x62, 0x10, 0x62, 0x08, 0x62, 0x10, 0x62, 0x10,
    0x62, 0x08, 0x61, 0x10, 0x61, 0x10, 0x61, 0x08, 0x62, 0x10, 0x61, 0x08,
    0x61, 0x10, 0x62, 0x08, 0x82, 0x10, 0xc3, 0x18, 0xe4, 0x18, 0xe4, 0x20,
    0xe4, 0x18, 0xe4, 0x20, 0xe4, 0x18, 0xe4, 0x18, 0x65, 0x29, 0x8a, 0x52,
    0x4d, 0x6b, 0xf0, 0x83, 0x71, 0x8c, 0xb3, 0x9c, 0xf4, 0xa4, 0x14, 0xa5,
    0x34, 0xa5, 0x34, 0xa5, 0x35, 0xad, 0x35, 0xa5, 0x34, 0xa5, 0x15, 0xad,
    0x34, 0xa5, 0x34, 0xad, 0x35, 0xa5, 0x35, 0xa5, 0x34, 0xa5, 0x34, 0xa5,
    0x34, 0xa5, 0x35, 0xad, 0x14, 0xa5, 0x34, 0xa5, 0x34, 0xa5, 0x35, 0xad,
    0x34, 0xa5, 0x14, 0xa5, 0x34, 0xa5, 0x34, 0xa5, 0x15, 0xad, 0x35, 0xad,
    0x34, 0xa5, 0x34, 0xa5, 0x15, 0xad, 0x34, 0xa5, 0x35, 0xad, 0x34, 0xa5,
    0x34, 0xa5, 0x15, 0xad, 0x34, 0xa5, 0x34, 0xa5, 0x35, 0xad, 0x15, 0xad,
    0x35, 0xad, 0x14, 0xa5, 0x34, 0xa5, 0x35, 0xad, 0x35, 0xad, 0x34, 0xa5,
    0x34, 0xa5, 0x35, 0xad, 0x34, 0xa5, 0x34, 0xa5, 0x34, 0xa5, 0x14, 0xa5,
    0x35, 0xad, 0x15, 0xad, 0x14, 0xa5, 0x34, 0xa5, 0x35, 0xad, 0x34, 0xa5,
    0x34, 0xa5, 0x34, 0xa5, 0x14, 0xa5, 0x34, 0xa5, 0x34, 0xa5, 0x34, 0xa5,
    0x15, 0xad, 0x34, 0xa5, 0x34, 0xa5, 0x35, 0xad, 0x34, 0xa5, 0x34, 0xa5,
    0x15, 0xad, 0x35, 0xad, 0x35, 0xad, 0x34, 0xa5, 0x34, 0xa5, 0x34, 0xa5,
    0x34, 0xa5, 0x35, 0xad, 0x35, 0xad, 0x34, 0xa5, 0x15, 0xad, 0x35, 0xad,
    0x34, 0xa5, 0x34, 0xa5, 0x14, 0xa5, 0x14, 0xa5, 0x34, 0xa5, 0x34, 0xa5,
    0x34, 0xa5, 0x34, 0xa5, 0x14, 0xa5, 0x34, 0xa5, 0x15, 0xad, 0x34, 0xa5,
    0x34, 0xa5, 0x35, 0xad, 0x34, 0xa5, 0x14, 0xa5, 0x34, 0xa5, 0x35, 0xad,
    0x14, 0xa5, 0x34, 0xa5, 0x34, 0xa5, 0x14, 0xa5, 0x34, 0xa5, 0x34, 0xa5,
    0x34, 0xa5, 0x34, 0xa5, 0x35, 0xad, 0xf4, 0xa4, 0xb3, 0x94, 0xb3, 0x94,
    0x8e, 0x73, 0xab, 0x52, 0xcb, 0x5a, 0x49, 0x4a, 0xe8, 0x39, 0xe8, 0x39,
    0xe7, 0x39, 0xc7, 0x39, 0xc7, 0x39, 0x87, 0x31, 0x45, 0x29, 0xe4, 0x18,
    0xa3, 0x10, 0x82, 0x10, 0x82, 0x10, 0x62, 0x10, 0x62, 0x10, 0x62, 0x10,
    0x62, 0x10, 0x81, 0x08, 0x62, 0x10, 0x62, 0x10, 0x82, 0x10, 0x82, 0x08,
    0x82, 0x10, 0x62, 0x10, 0x62, 0x10, 0x82, 0x10, 0x62, 0x08, 0x62, 0x08,
    0x82, 0x08, 0x82, 0x10, 0x82, 0x08, 0x62, 0x08, 0x62, 0x08, 0x82, 0x10,
    0x62, 0x10, 0x82, 0x10, 0x81, 0x10, 0x62, 0x08, 0x82, 0x08, 0x62, 0x08,
    0x62, 0x10, 0x62, 0x08, 0x61, 0x08, 0x62, 0x10, 0x62, 0x08, 0x61, 0x08,
    0x62, 0x10, 0x62, 0x10, 0x62, 0x08, 0x62, 0x10, 0x62, 0x08, 0x62, 0x10,
    0x62, 0x08, 0x82, 0x10, 0xc3, 0x18, 0xe4, 0x18, 0xe4, 0x18, 0xe4, 0x20,
    0x04, 0x21, 0x04, 0x19, 0xe4, 0x18, 0x45, 0x29, 0x69, 0x4a, 0x4d, 0x6b,
    0xef, 0x7b, 0x51, 0x8c, 0xb3, 0x9c, 0xf4, 0xa4, 0x14, 0xa5, 0x34, 0xa5,
    0x35, 0xa5, 0x34, 0xad, 0x15, 0xa5, 0x34, 0xa5, 0x34, 0xa5, 0x34, 0xa5,
    0x15, 0xad, 0x35, 0xa5, 0x34, 0xa5, 0x34, 0xa5, 0x14, 0xad, 0x34, 0xad,
    0x34, 0xa5, 0x14, 0xa5, 0x34, 0xa5, 0x35, 0xad, 0x14, 0xa5, 0x34, 0xa5,
    0x15, 0xad, 0x35, 0xad, 0x35, 0xad, 0x15, 0xad, 0x34, 0xa5, 0x35, 0xad,
    0x35, 0xad, 0x14, 0xa5, 0x34, 0xa5, 0x35, 0xad, 0x34, 0xa5, 0x34, 0xa5,
    0x35, 0xad, 0x34, 0xa5, 0x15, 0xad, 0x35, 0xad, 0x34, 0xa5, 0x34, 0xa5,
    0x34, 0xa5, 0x35, 0xad, 0x14, 0xa5, 0x34, 0xa5, 0x35, 0xad, 0x34, 0xa5,
    0x14, 0xa5, 0x14, 0xa5, 0x35, 0xad, 0x34, 0xa5, 0x14, 0xa5, 0x34, 0xa5,
    0x34, 0xa5, 0x34, 0xa5, 0x35, 0xad, 0x34, 0xa5, 0x34, 0xa5, 0x15, 0xad,
    0x35, 0xad, 0x35, 0xad, 0x34, 0xa5, 0x14, 0xa5, 0x35, 0xad, 0x35, 0xad,
    0x34, 0xa5, 0x35, 0xad, 0x34, 0xa5, 0x14, 0xa5, 0x14, 0xa5, 0x35, 0xad,
    0x35, 0xad, 0x34, 0xa5, 0x34, 0xa5, 0x14, 0xa5, 0x34, 0xa5, 0x35, 0xad,
    0x35, 0xad, 0x14, 0xa5, 0x34, 0xa5, 0x35, 0xad, 0x34, 0xa5, 0x34, 0xa5,
    0x35, 0xad, 0x15, 0xad, 0x35, 0xad, 0x34, 0xa5, 0x14, 0xa5, 0x35, 0xad,
    0x35, 0xad, 0x15, 0xad, 0x34, 0xa5, 0x34, 0xa5, 0x34, 0xa5, 0x34, 0xa5,
    0x35, 0xad, 0x35, 0xad, 0x34, 0xa5, 0x34, 0xa5, 0x15, 0xad, 0x14, 0xa5,
    0x35, 0xad, 0x34, 0xa5, 0x35, 0xad, 0x35, 0xad, 0x34, 0xa5, 0x14, 0xa5,
    0x34, 0xa5, 0x35, 0xad, 0x34, 0xa5, 0x14, 0xa5, 0x35, 0xa5, 0xb3, 0x9c,
    0x10, 0x84, 0x10, 0x84, 0x51, 0x8c, 0x4d, 0x6b, 0x66, 0x29, 0x66, 0x29,
    0x66, 0x29, 0x66, 0x29, 0x46, 0x29, 0x25, 0x21, 0xe4, 0x20, 0xa3, 0x10,
    0x82, 0x10, 0x62, 0x10, 0x62, 0x08, 0x62, 0x08, 0x62, 0x10, 0x82, 0x08,
    0x62, 0x10, 0x62, 0x10, 0x62, 0x08, 0x82, 0x10, 0x61, 0x08, 0x82, 0x10,
    0x62, 0x08, 0x62, 0x10, 0x82, 0x08, 0x62, 0x10, 0x82, 0x10, 0x62, 0x10,
    0x82, 0x10, 0x82, 0x10, 0x61, 0x08, 0x82, 0x10, 0x82, 0x10, 0x61, 0x08,
    0x62, 0x10, 0x62, 0x08, 0x82, 0x08, 0x62, 0x10, 0x62, 0x10, 0x61, 0x08,
    0x61, 0x10, 0x62, 0x10, 0x62, 0x10, 0x61, 0x08, 0x62, 0x10, 0x61, 0x08,
    0x62, 0x08, 0x62, 0x08, 0x62, 0x08, 0x62, 0x10, 0x61, 0x08, 0x61, 0x08,
    0x82, 0x10, 0xa3, 0x18, 0xe3, 0x18, 0x04, 0x19, 0x04, 0x21, 0xe4, 0x18,
    0x04, 0x21, 0x04, 0x21, 0x45, 0x29, 0x49, 0x4a, 0x4d, 0x6b, 0xcf, 0x7b,
    0x51, 0x8c, 0xb3, 0x9c, 0xf3, 0x9c, 0x14, 0xa5, 0x34, 0xa5, 0x34, 0xa5,
    0x34, 0xad, 0x35, 0xa5, 0x34, 0xad, 0x14, 0xa5, 0x34, 0xad, 0x35, 0xad,
    0x34, 0xa5, 0x34, 0xa5, 0x14, 0xad, 0x14, 0xad, 0x35, 0xa5, 0x35, 0xa5,
    0x34, 0xa5, 0x35, 0xad, 0x35, 0xad, 0x14, 0xa5, 0x35, 0xad, 0x34, 0xa5,
    0x34, 0xa5, 0x34, 0xa5, 0x34, 0xa5, 0x14, 0xa5, 0x34, 0xa5, 0x34, 0xa5,
    0x14, 0xa5, 0x34, 0xa5, 0x35, 0xad, 0x34, 0xa5, 0x34, 0xa5, 0x15, 0xad,
    0x14, 0xa5, 0x34, 0xa5, 0x34, 0xa5, 0x15, 0xad, 0x34, 0xa5, 0x34, 0xa5,
    0x15, 0xad, 0x34, 0xa5, 0x35, 0xad, 0x34, 0xa5, 0x14, 0xa5, 0x34, 0xa5,
    0x35, 0xad, 0x35, 0xad, 0x34, 0xa5, 0x15, 0xad, 0x35, 0xad, 0x35, 0xad,
    0x35, 0xad, 0x14, 0xa5, 0x34, 0xa5, 0x35, 0xad, 0x14, 0xa5, 0x34, 0xa5,
    0x15, 0xad, 0x34, 0xa5, 0x35, 0xad, 0x35, 0xad, 0x14, 0xa5, 0x35, 0xad,
    0x34, 0xa5, 0x14, 0xa5, 0x35, 0xad, 0x35, 0xad, 0x34, 0xa5, 0x34, 0xa5,
    0x34, 0xa5, 0x34, 0xa5, 0x14, 0xa5, 0x35, 0xad, 0x35, 0xad, 0x34, 0xa5,
    0x14, 0xa5, 0x34, 0xa5, 0x14, 0xa5, 0x34, 0xa5, 0x34, 0xa5, 0x14, 0xa5,
    0x34, 0xa5, 0x34, 0xa5, 0x34, 0xa5, 0x35, 0xad, 0x35, 0xad, 0x34, 0xa5,
    0x15, 0xad, 0x34, 0xa5, 0x35, 0xad, 0x35, 0xad, 0x35, 0xad, 0x34, 0xa5,
    0x14, 0xa5, 0x14, 0xa5, 0x34, 0xa5, 0x35, 0xad, 0x35, 0xad, 0x34, 0xa5,
    0x34, 0xa5, 0x35, 0xad, 0x14, 0xa5, 0x34, 0xa5, 0x35, 0xad, 0x15, 0xad,
    0x35, 0xad, 0x34, 0xa5, 0x14, 0xa5, 0x34, 0xa5, 0x35, 0xad, 0xf4, 0xa4,
    0xd3, 0x9c, 0xd3, 0x9c, 0xf4, 0xa4, 0x92, 0x94, 0x45, 0x29, 0xc4, 0x18,
    0xc3, 0x18, 0xc3, 0x18, 0xc3, 0x18, 0xa3, 0x10, 0x82, 0x10, 0x82, 0x10,
    0x62, 0x08, 0x62, 0x10, 0x62, 0x10, 0x62, 0x08, 0x81, 0x08, 0x62, 0x10,
    0x62, 0x08, 0x62, 0x10, 0x82, 0x10, 0x62, 0x08, 0x62, 0x10, 0x62, 0x10,
    0x82, 0x10, 0x82, 0x08, 0x61, 0x10, 0x82, 0x08, 0x62, 0x08, 0x81, 0x10,
    0x62, 0x10, 0x62, 0x08, 0x62, 0x10, 0x62, 0x10, 0x82, 0x10, 0x82, 0x08,
    0x82, 0x08, 0x62, 0x10, 0x62, 0x10, 0x62, 0x10, 0x62, 0x10, 0x82, 0x08,
    0x62, 0x08, 0x82, 0x10, 0x61, 0x08, 0x62, 0x10, 0x62, 0x10, 0x62, 0x10,
    0x61, 0x08, 0x62, 0x10, 0x61, 0x10, 0x61, 0x08, 0x62, 0x08, 0x82, 0x10,
    0xa3, 0x18, 0xe3, 0x18, 0xe4, 0x18, 0x04, 0x21, 0x04, 0x21, 0x04, 0x21,
    0xe4, 0x18, 0x25, 0x21, 0x29, 0x4a, 0x2c, 0x63, 0xcf, 0x7b, 0x51, 0x8c,
    0x92, 0x94, 0xf4, 0xa4, 0x14, 0xa5, 0x34, 0xa5, 0x34, 0xa5, 0x35, 0xad,
    0x15, 0xa5, 0x34, 0xad, 0x15, 0xa5, 0x35, 0xa5, 0x34, 0xad, 0x15, 0xa5,
    0x34, 0xa5, 0x34, 0xad, 0x35, 0xad, 0x35, 0xa5, 0x34, 0xa5, 0x34, 0xad,
    0x34, 0xa5, 0x15, 0xad, 0x34, 0xa5, 0x34, 0xa5, 0x34, 0xa5, 0x35, 0xad,
    0x15, 0xad, 0x34, 0xa5, 0x34, 0xa5, 0x35, 0xad, 0x35, 0xad, 0x34, 0xa5,
    0x14, 0xa5, 0x35, 0xad, 0x34, 0xa5, 0x15, 0xad, 0x14, 0xa5, 0x34, 0xa5,
    0x35, 0xad, 0x35, 0xad, 0x34, 0xa5, 0x34, 0xa5, 0x34, 0xa5, 0x15, 0xad,
    0x34, 0xa5, 0x34, 0xa5, 0x34, 0xa5, 0x15, 0xad, 0x34, 0xa5, 0x35, 0xad,
    0x15, 0xad, 0x34, 0xa5, 0x34, 0xa5, 0x34, 0xa5, 0x34, 0xa5, 0x34, 0xa5,
    0x14, 0xa5, 0x35, 0xad, 0x34, 0xa5, 0x14, 0xa5, 0x35, 0xad, 0x34, 0xa5,
    0x34, 0xa5, 0x14, 0xa5, 0x34, 0xa5, 0x34, 0xa5, 0x34, 0xa5, 0x14, 0xa5,
    0x35, 0xad, 0x34, 0xa5, 0x14, 0xa5, 0x35, 0xad, 0x34, 0xa5, 0x35, 0xad,
    0x14, 0xa5, 0x14, 0xa5, 0x35, 0xad, 0x35, 0xad, 0x14, 0xa5, 0x14, 0xa5,
    0x34, 0xa5, 0x35, 0xad, 0x35, 0xad, 0x35, 0xad, 0x14, 0xa5, 0x35, 0xad,
    0x35, 0xad, 0x34, 0xa5, 0x14, 0xa5, 0x34, 0xa5, 0x34, 0xa5, 0x14, 0xa5,
    0x34, 0xa5, 0x34, 0xa5, 0x34, 0xa5, 0x14, 0xa5, 0x14, 0xa5, 0x34, 0xa5,
    0x35, 0xad, 0x35, 0xad, 0x14, 0xa5, 0x35, 0xad, 0x34, 0xa5, 0x34, 0xa5,
    0x34, 0xa5, 0x34, 0xa5, 0x15, 0xad, 0x34, 0xa5, 0x34, 0xa5, 0x34, 0xa5,
    0x34, 0xa5, 0x14, 0xa5, 0x35, 0xad, 0x35, 0xad, 0x14, 0xa5, 0x34, 0xa5,
    0x34, 0xa5, 0x34, 0xa5, 0x34, 0xa5, 0x55, 0xad, 0x08, 0x42, 0x41, 0x08,
    0x82, 0x10, 0x82, 0x10, 0x62, 0x10, 0x82, 0x08, 0x82, 0x10, 0x82, 0x10,
    0x62, 0x10, 0x62, 0x10, 0x62, 0x10, 0x82, 0x10, 0x62, 0x10, 0x62, 0x10,
    0x61, 0x08, 0x82, 0x08, 0x62, 0x10, 0x61, 0x10, 0x62, 0x08, 0x82, 0x10,
    0x82, 0x10, 0x62, 0x08, 0x82, 0x10, 0x62, 0x10, 0x82, 0x10, 0x62, 0x08,
    0x82, 0x08, 0x82, 0x10, 0x62, 0x08, 0x82, 0x10, 0x62, 0x08, 0x62, 0x10,
    0x62, 0x10, 0x62, 0x10, 0x61, 0x10, 0x62, 0x08, 0x82, 0x08, 0x61, 0x10,
    0x62, 0x10, 0x62, 0x08, 0x62, 0x08, 0x62, 0x08, 0x62, 0x08, 0x62, 0x08,
    0x62, 0x10, 0x61, 0x10, 0x62, 0x08, 0x62, 0x08, 0x82, 0x10, 0xa3, 0x18,
    0xe4, 0x18, 0x04, 0x21, 0x04, 0x21, 0x04, 0x21, 0x04, 0x21, 0x04, 0x21,
    0x25, 0x21, 0x08, 0x42, 0x0c, 0x63, 0xcf, 0x7b, 0x51, 0x8c, 0xb2, 0x94,
    0xd3, 0x9c, 0x14, 0xa5, 0x34, 0xad, 0x34, 0xad, 0x35, 0xad, 0x15, 0xa5,
    0x34, 0xad, 0x34, 0xa5, 0x34, 0xa5, 0x34, 0xad, 0x35, 0xa5, 0x14, 0xa5,
    0x34, 0xa5, 0x15, 0xa5, 0x35, 0xa5, 0x34, 0xa5, 0x34, 0xad, 0x15, 0xa5,
    0x34, 0xa5, 0x34, 0xa5, 0x34, 0xa5, 0x35, 0xad, 0x14, 0xa5, 0x34, 0xa5,
    0x35, 0xad, 0x14, 0xa5, 0x35, 0xad, 0x34, 0xa5, 0x34, 0xa5, 0x15, 0xad,
    0x35, 0xad, 0x34, 0xa5, 0x34, 0xa5, 0x34, 0xa5, 0x35, 0xad, 0x35, 0xad,
    0x34, 0xa5, 0x14, 0xa5, 0x35, 0xad, 0x34, 0xa5, 0x15, 0xad, 0x35, 0xad,
    0x34, 0xa5, 0x34, 0xa5, 0x15, 0xad, 0x34, 0xa5, 0x35, 0xad, 0x34, 0xa5,
    0x34, 0xa5, 0x14, 0xa5, 0x35, 0xad, 0x34, 0xa5, 0x15, 0xad, 0x34, 0xa5,
    0x34, 0xa5, 0x34, 0xa5, 0x35, 0xad, 0x14, 0xa5, 0x34, 0xa5, 0x35, 0xad,
    0x34, 0xa5, 0x35, 0xad, 0x34, 0xa5, 0x15, 0xad, 0x35, 0xad, 0x34, 0xa5,
    0x34, 0xa5, 0x35, 0xad, 0x34, 0xa5, 0x34, 0xa5, 0x14, 0xa5, 0x35, 0xad,
    0x35, 0xad, 0x35, 0xad, 0x34, 0xa5, 0x34, 0xa5, 0x34, 0xa5, 0x35, 0xad,
    0x35, 0xad, 0x34, 0xa5, 0x35, 0xad, 0x14, 0xa5, 0x35, 0xad, 0x34, 0xa5,
    0x35, 0xad, 0x14, 0xa5, 0x35, 0xad, 0x35, 0xad, 0x14, 0xa5, 0x35, 0xad,
    0x35, 0xad, 0x34, 0xa5, 0x34, 0xa5, 0x35, 0xad, 0x34, 0xa5, 0x14, 0xa5,
    0x35, 0xad, 0x34, 0xa5, 0x34, 0xa5, 0x14, 0xa5, 0x35, 0xad, 0x14, 0xa5,
    0x15, 0xad, 0x35, 0xad, 0x34, 0xa5, 0x35, 0xad, 0x14, 0xa5, 0x34, 0xa5,
    0x35, 0xad, 0x35, 0xad, 0x34, 0xa5, 0x34, 0xa5, 0x35, 0xad, 0x34, 0xa5,
    0x15, 0xad, 0x34, 0xa5, 0x35, 0xad, 0x55, 0xad, 0x8e, 0x73, 0x61, 0x08,
    0x82, 0x10, 0x62, 0x10, 0x82, 0x08, 0x62, 0x10, 0x62, 0x10, 0x82, 0x10,
    0x62, 0x08, 0x62, 0x08, 0x81, 0x08, 0x62, 0x08, 0x62, 0x10, 0x82, 0x10,
    0x62, 0x08, 0x62, 0x10, 0x62, 0x10, 0x62, 0x08, 0x82, 0x10, 0x81, 0x08,
    0x62, 0x08, 0x62, 0x10, 0x62, 0x08, 0x82, 0x10, 0x62, 0x10, 0x82, 0x10,
    0x62, 0x10, 0x61, 0x10, 0x82, 0x10, 0x82, 0x08, 0x61, 0x10, 0x62, 0x10,
    0x62, 0x10, 0x62, 0x08, 0x82, 0x08, 0x82, 0x10, 0x62, 0x10, 0x61, 0x08,
    0x62, 0x10, 0x62, 0x08, 0x61, 0x10, 0x62, 0x10, 0x61, 0x08, 0x61, 0x08,
    0x62, 0x10, 0x62, 0x08, 0x61, 0x08, 0x82, 0x10, 0xa3, 0x10, 0xe4, 0x18,
    0x04, 0x21, 0x04, 0x21, 0x04, 0x21, 0x04, 0x21, 0x04, 0x19, 0x05, 0x21,
    0xe8, 0x41, 0xec, 0x62, 0xaf, 0x7b, 0x31, 0x84, 0x92, 0x94, 0xd3, 0x9c,
    0x14, 0xa5, 0x35, 0xa5, 0x35, 0xa5, 0x35, 0xa5, 0x14, 0xa5, 0x34, 0xad,
    0x34, 0xa5, 0x34, 0xa5, 0x15, 0xad, 0x34, 0xa5, 0x34, 0xad, 0x35, 0xa5,
    0x34, 0xad, 0x34, 0xad, 0x14, 0xa5, 0x34, 0xa5, 0x15, 0xad, 0x34, 0xa5,
    0x34, 0xa5, 0x15, 0xad, 0x35, 0xad, 0x14, 0xa5, 0x35, 0xad, 0x34, 0xa5,
    0x14, 0xa5, 0x34, 0xa5, 0x35, 0xad, 0x14, 0xa5, 0x34, 0xa5, 0x34, 0xa5,
    0x34, 0xa5, 0x35, 0xad, 0x35, 0xad, 0x14, 0xa5, 0x34, 0xa5, 0x34, 0xa5,
    0x14, 0xa5, 0x34, 0xa5, 0x34, 0xa5, 0x15, 0xad, 0x34, 0xa5, 0x34, 0xa5,
    0x35, 0xad, 0x15, 0xad, 0x34, 0xa5, 0x34, 0xa5, 0x34, 0xa5, 0x14, 0xa5,
    0x34, 0xa5, 0x35, 0xad, 0x34, 0xa5, 0x15, 0xad, 0x34, 0xa5, 0x35, 0xad,
    0x35, 0xad, 0x15, 0xad, 0x34, 0xa5, 0x35, 0xad, 0x35, 0xad, 0x34, 0xa5,
    0x15, 0xad, 0x34, 0xa5, 0x35, 0xad, 0x14, 0xa5, 0x34, 0xa5, 0x35, 0xad,
    0x14, 0xa5, 0x14, 0xa5, 0x35, 0xad, 0x35, 0xad, 0x34, 0xa5, 0x14, 0xa5,
    0x34, 0xa5, 0x34, 0xa5, 0x34, 0xa5, 0x15, 0xad, 0x34, 0xa5, 0x34, 0xa5,
    0x34, 0xa5, 0x34, 0xa5, 0x14, 0xa5, 0x34, 0xa5, 0x34, 0xa5, 0x14, 0xa5,
    0x34, 0xa5, 0x35, 0xad, 0x34, 0xa5, 0x14, 0xa5, 0x35, 0xad, 0x34, 0xa5,
    0x34, 0xa5, 0x15, 0xad, 0x15, 0xad, 0x35, 0xad, 0x35, 0xad, 0x35, 0xad,
    0x14, 0xa5, 0x34, 0xa5, 0x34, 0xa5, 0x35, 0xad, 0x34, 0xa5, 0x34, 0xa5,
    0x35, 0xad, 0x14, 0xa5, 0x34, 0xa5, 0x34, 0xa5, 0x35, 0xad, 0x15, 0xad,
    0x34, 0xa5, 0x14, 0xa5, 0x34, 0xa5, 0x34, 0xa5, 0x14, 0xa5, 0x35, 0xad,
    0x34, 0xa5, 0x15, 0xad, 0x34, 0xa5, 0x35, 0xad, 0xb3, 0x94, 0xc3, 0x18,
    0x62, 0x10, 0x82, 0x10, 0x62, 0x10, 0x82, 0x08, 0x62, 0x10, 0x62, 0x08,
    0x62, 0x08, 0x82, 0x10, 0x62, 0x08, 0x61, 0x10, 0x61, 0x08, 0x62, 0x08,
    0x62, 0x10, 0x82, 0x10, 0x62, 0x10, 0x62, 0x08, 0x62, 0x10, 0x82, 0x10,
    0x62, 0x10, 0x82, 0x10, 0x81, 0x10, 0x62, 0x08, 0x82, 0x08, 0x61, 0x10,
    0x82, 0x08, 0x62, 0x08, 0x82, 0x10, 0x62, 0x10, 0x82, 0x08, 0x82, 0x08,
    0x61, 0x08, 0x62, 0x10, 0x62, 0x08, 0x61, 0x10, 0x62, 0x10, 0x62, 0x08,
    0x62, 0x08, 0x61, 0x10, 0x62, 0x10, 0x62, 0x10, 0x61, 0x10, 0x62, 0x10,
    0x62, 0x08, 0x61, 0x08, 0x62, 0x10, 0xa3, 0x10, 0xe3, 0x18, 0x04, 0x21,
    0x05, 0x21, 0x04, 0x21, 0x04, 0x21, 0x04, 0x21, 0x05, 0x21, 0xe7, 0x39,
    0xec, 0x5a, 0xae, 0x73, 0x31, 0x8c, 0x92, 0x94, 0xd3, 0x9c, 0x14, 0xa5,
    0x35, 0xa5, 0x34, 0xad, 0x34, 0xa5, 0x14, 0xa5, 0x34, 0xa5, 0x35, 0xa5,
    0x34, 0xa5, 0x15, 0xad, 0x35, 0xa5, 0x35, 0xa5, 0x14, 0xa5, 0x14, 0xad,
    0x35, 0xa5, 0x35, 0xad, 0x34, 0xad, 0x34, 0xa5, 0x35, 0xa5, 0x34, 0xad,
    0x34, 0xa5, 0x35, 0xad, 0x34, 0xa5, 0x34, 0xa5, 0x34, 0xa5, 0x35, 0xad,
    0x35, 0xad, 0x34, 0xa5, 0x14, 0xa5, 0x35, 0xad, 0x35, 0xad, 0x14, 0xa5,
    0x35, 0xad, 0x14, 0xa5, 0x14, 0xa5, 0x35, 0xad, 0x34, 0xa5, 0x35, 0xad,
    0x35, 0xad, 0x35, 0xad, 0x34, 0xa5, 0x34, 0xa5, 0x34, 0xa5, 0x35, 0xad,
    0x14, 0xa5, 0x34, 0xa5, 0x35, 0xad, 0x34, 0xa5, 0x35, 0xad, 0x15, 0xad,
    0x35, 0xad, 0x34, 0xa5, 0x14, 0xa5, 0x34, 0xa5, 0x35, 0xad, 0x34, 0xa5,
    0x14, 0xa5, 0x34, 0xa5, 0x34, 0xa5, 0x14, 0xa5, 0x34, 0xa5, 0x34, 0xa5,
    0x14, 0xa5, 0x35, 0xad, 0x34, 0xa5, 0x34, 0xa5, 0x34, 0xa5, 0x34, 0xa5,
    0x35, 0xad, 0x34, 0xa5, 0x14, 0xa5, 0x34, 0xa5, 0x15, 0xad, 0x35, 0xad,
    0x34, 0xa5, 0x14, 0xa5, 0x35, 0xad, 0x34, 0xa5, 0x15, 0xad, 0x34, 0xa5,
    0x15, 0xad, 0x15, 0xad, 0x34, 0xa5, 0x35, 0xad, 0x34, 0xa5, 0x35, 0xad,
    0x35, 0xad, 0x14, 0xa5, 0x34, 0xa5, 0x34, 0xa5, 0x34, 0xa5, 0x34, 0xa5,
    0x14, 0xa5, 0x34, 0xa5, 0x34, 0xa5, 0x14, 0xa5, 0x34, 0xa5, 0x34, 0xa5,
    0x35, 0xad, 0x34, 0xa5, 0x15, 0xad, 0x35, 0xad, 0x34, 0xa5, 0x35, 0xad,
    0x34, 0xa5, 0x34, 0xa5, 0x14, 0xa5, 0x35, 0xad, 0x34, 0xa5, 0x34, 0xa5,
    0x35, 0xad, 0x34, 0xa5, 0x15, 0xad, 0x35, 0xad, 0x35, 0xad, 0x34, 0xa5,
    0x34, 0xa5, 0x34, 0xa5, 0x35, 0xad, 0x14, 0xa5, 0x55, 0xad, 0xe7, 0x39,
    0x41, 0x08, 0x82, 0x10, 0x62, 0x10, 0x82, 0x08, 0x82, 0x10, 0x82, 0x10,
    0x62, 0x10, 0x62, 0x10, 0x62, 0x10, 0x62, 0x10, 0x82, 0x08, 0x62, 0x10,
    0x62, 0x10, 0x81, 0x08, 0x62, 0x10, 0x62, 0x08, 0x82, 0x10, 0x62, 0x10,
    0x82, 0x08, 0x62, 0x08, 0x82, 0x10, 0x82, 0x10, 0x62, 0x08, 0x82, 0x08,
    0x62, 0x10, 0x82, 0x10, 0x61, 0x08, 0x62, 0x10, 0x62, 0x10, 0x82, 0x10,
    0x82, 0x10, 0x82, 0x10, 0x62, 0x10, 0x62, 0x08, 0x62, 0x08, 0x81, 0x10,
    0x82, 0x10, 0x62, 0x08, 0x62, 0x08, 0x61, 0x08, 0x62, 0x08, 0x62, 0x08,
    0x61, 0x08, 0x62, 0x10, 0xa3, 0x10, 0xc3, 0x18, 0x04, 0x21, 0x04, 0x21,
    0x04, 0x21, 0x05, 0x21, 0x04, 0x21, 0x04, 0x21, 0xc7, 0x39, 0xcb, 0x5a,
    0x8e, 0x73, 0x30, 0x84, 0x92, 0x94, 0xd3, 0x9c, 0x14, 0xa5, 0x34, 0xa5,
    0x34, 0xad, 0x34, 0xad, 0x34, 0xad, 0x14, 0xad, 0x35, 0xad, 0x34, 0xa5,
    0x35, 0xad, 0x34, 0xa5, 0x34, 0xad, 0x34, 0xad, 0x34, 0xa5, 0x35, 0xa5,
    0x34, 0xa5, 0x14, 0xa5, 0x35, 0xa5, 0x34, 0xa5, 0x14, 0xad, 0x35, 0xa5,
    0x34, 0xa5, 0x14, 0xa5, 0x34, 0xa5, 0x35, 0xad, 0x14, 0xa5, 0x34, 0xa5,
    0x14, 0xa5, 0x35, 0xad, 0x35, 0xad, 0x34, 0xa5, 0x34, 0xa5, 0x15, 0xad,
    0x34, 0xa5, 0x34, 0xa5, 0x34, 0xa5, 0x34, 0xa5, 0x35, 0xad, 0x14, 0xa5,
    0x14, 0xa5, 0x34, 0xa5, 0x35, 0xad, 0x15, 0xad, 0x35, 0xad, 0x34, 0xa5,
    0x14, 0xa5, 0x34, 0xa5, 0x34, 0xa5, 0x35, 0xad, 0x14, 0xa5, 0x34, 0xa5,
    0x34, 0xa5, 0x35, 0xad, 0x35, 0xad, 0x34, 0xa5, 0x34, 0xa5, 0x14, 0xa5,
    0x34, 0xa5, 0x35, 0xad, 0x35, 0xad, 0x34, 0xa5, 0x34, 0xa5, 0x15, 0xad,
    0x34, 0xa5, 0x34, 0xa5, 0x14, 0xa5, 0x35, 0xad, 0x35, 0xad, 0x15, 0xad,
    0x34, 0xa5, 0x35, 0xad, 0x35, 0xad, 0x34, 0xa5, 0x34, 0xa5, 0x35, 0xad,
    0x14, 0xa5, 0x35, 0xad, 0x35, 0xad, 0x34, 0xa5, 0x34, 0xa5, 0x35, 0xad,
    0x34, 0xa5, 0x34, 0xa5, 0x35, 0xad, 0x14, 0xa5, 0x35, 0xad, 0x34, 0xa5,
    0x14, 0xa5, 0x34, 0xa5, 0x35, 0xad, 0x35, 0xad, 0x15, 0xad, 0x35, 0xad,
    0x35, 0xad, 0x35, 0xad, 0x34, 0xa5, 0x34, 0xa5, 0x34, 0xa5, 0x14, 0xa5,
    0x34, 0xa5, 0x34, 0xa5, 0x15, 0xad, 0x34, 0xa5, 0x14, 0xa5, 0x14, 0xa5,
    0x35, 0xad, 0x34, 0xa5, 0x35, 0xad, 0x15, 0xad, 0x34, 0xa5, 0x34, 0xa5,
    0x14, 0xa5, 0x35, 0xad, 0x34, 0xa5, 0x14, 0xa5, 0x34, 0xa5, 0x34, 0xa5,
    0x15, 0xad, 0x34, 0xa5, 0x34, 0xa5, 0x15, 0xad, 0x55, 0xad, 0x4d, 0x6b,
    0x41, 0x08, 0x82, 0x10, 0x82, 0x08, 0x62, 0x10, 0x62, 0x10, 0x62, 0x08,
    0x62, 0x10, 0x61, 0x10, 0x82, 0x08, 0x62, 0x08, 0x62, 0x10, 0x82, 0x10,
    0x61, 0x08, 0x62, 0x08, 0x82, 0x10, 0x62, 0x10, 0x62, 0x08, 0x81, 0x08,
    0x62, 0x10, 0x82, 0x10, 0x62, 0x08, 0x62, 0x10, 0x62, 0x10, 0x82, 0x10,
    0x82, 0x10, 0x62, 0x10, 0x82, 0x10, 0x82, 0x08, 0x62, 0x08, 0x62, 0x10,
    0x82, 0x10, 0x62, 0x08, 0x62, 0x10, 0x82, 0x10, 0x62, 0x10, 0x62, 0x08,
    0x62, 0x08, 0x62, 0x10, 0x61, 0x10, 0x62, 0x08, 0x61, 0x08, 0x62, 0x08,
    0x62, 0x10, 0xa2, 0x10, 0xe3, 0x18, 0x04, 0x21, 0x04, 0x21, 0x24, 0x21,
    0x05, 0x21, 0x24, 0x21, 0x05, 0x21, 0xa7, 0x31, 0xcb, 0x5a, 0x8e, 0x73,
    0x10, 0x84, 0x92, 0x94, 0xd3, 0x9c, 0x14, 0xa5, 0x34, 0xa5, 0x35, 0xad,
    0x14, 0xa5, 0x15, 0xa5, 0x35, 0xa5, 0x35, 0xa5, 0x34, 0xa5, 0x35, 0xad,
    0x14, 0xa5, 0x14, 0xad, 0x34, 0xa5, 0x14, 0xa5, 0x35, 0xad, 0x35, 0xad,
    0x34, 0xad, 0x34, 0xa5, 0x15, 0xa5, 0x35, 0xad, 0x34, 0xad, 0x14, 0xa5,
    0x34, 0xa5, 0x35, 0xad, 0x15, 0xad, 0x34, 0xa5, 0x35, 0xad, 0x14, 0xa5,
    0x35, 0xad, 0x34, 0xa5, 0x34, 0xa5, 0x14, 0xa5, 0x34, 0xa5, 0x34, 0xa5,
    0x34, 0xa5, 0x35, 0xad, 0x35, 0xad, 0x14, 0xa5, 0x34, 0xa5, 0x35, 0xad,
    0x34, 0xa5, 0x14, 0xa5, 0x34, 0xa5, 0x34, 0xa5, 0x14, 0xa5, 0x34, 0xa5,
    0x35, 0xad, 0x35, 0xad, 0x14, 0xa5, 0x14, 0xa5, 0x35, 0xad, 0x34, 0xa5,
    0x14, 0xa5, 0x14, 0xa5, 0x34, 0xa5, 0x35, 0xad, 0x14, 0xa5, 0x35, 0xad,
    0x35, 0xad, 0x34, 0xa5, 0x14, 0xa5, 0x35, 0xad, 0x35, 0xad, 0x34, 0xa5,
    0x15, 0xad, 0x35, 0xad, 0x35, 0xad, 0x14, 0xa5, 0x34, 0xa5, 0x34, 0xa5,
    0x14, 0xa5, 0x34, 0xa5, 0x35, 0xad, 0x34, 0xa5, 0x14, 0xa5, 0x34, 0xa5,
    0x34, 0xa5, 0x34, 0xa5, 0x34, 0xa5, 0x15, 0xad, 0x34, 0xa5, 0x14, 0xa5,
    0x34, 0xa5, 0x34, 0xa5, 0x34, 0xa5, 0x35, 0xad, 0x34, 0xa5, 0x14, 0xa5,
    0x34, 0xa5, 0x35, 0xad, 0x34, 0xa5, 0x14, 0xa5, 0x34, 0xa5, 0x34, 0xa5,
    0x34, 0xa5, 0x14, 0xa5, 0x35, 0xad, 0x35, 0xad, 0x15, 0xad, 0x35, 0xad,
    0x35, 0xad, 0x34, 0xa5, 0x34, 0xa5, 0x35, 0xad, 0x34, 0xa5, 0x35, 0xad,
    0x34, 0xa5, 0x15, 0xad, 0x34, 0xa5, 0x34, 0xa5, 0x34, 0xa5, 0x15, 0xad,
    0x35, 0xad, 0x34, 0xa5, 0x34, 0xa5, 0x35, 0xad, 0x14, 0xa5, 0x35, 0xad,
    0x34, 0xa5, 0x15, 0xad, 0x35, 0xad, 0x34, 0xa5, 0x35, 0xad, 0x92, 0x94,
    0xa3, 0x18, 0x62, 0x10, 0x82, 0x08, 0x62, 0x10, 0x62, 0x10, 0x82, 0x08,
    0x62, 0x08, 0x62, 0x08, 0x62, 0x10, 0x62, 0x10, 0x82, 0x10, 0x62, 0x08,
    0x62, 0x10, 0x62, 0x10, 0x62, 0x08, 0x82, 0x08, 0x62, 0x10, 0x62, 0x10,
    0x62, 0x10, 0x82, 0x10, 0x81, 0x10, 0x62, 0x08, 0x82, 0x10, 0x61, 0x10,
    0x62, 0x08, 0x62, 0x08, 0x82, 0x08, 0x62, 0x10, 0x62, 0x10, 0x61, 0x08,
    0x62, 0x08, 0x62, 0x10, 0x61, 0x08, 0x62, 0x10, 0x82, 0x10, 0x62, 0x10,
    0x62, 0x10, 0x61, 0x08, 0x62, 0x08, 0x61, 0x08, 0x62, 0x10, 0x62, 0x10,
    0x82, 0x10, 0xc3, 0x18, 0x04, 0x21, 0x04, 0x21, 0x05, 0x21, 0x25, 0x21,
    0x04, 0x21, 0x04, 0x21, 0x86, 0x31, 0xab, 0x52, 0x6e, 0x73, 0x10, 0x84,
    0x71, 0x94, 0xd3, 0x9c, 0x14, 0xa5, 0x14, 0xa5, 0x34, 0xa5, 0x34, 0xa5,
    0x35, 0xa5, 0x34, 0xa5, 0x34, 0xa5, 0x14, 0xa5, 0x35, 0xad, 0x14, 0xa5,
    0x34, 0xa5, 0x35, 0xa5, 0x35, 0xa5, 0x35, 0xa5, 0x14, 0xa5, 0x14, 0xa5,
    0x34, 0xa5, 0x15, 0xad, 0x34, 0xad, 0x34, 0xa5, 0x35, 0xa5, 0x34, 0xa5,
    0x34, 0xa5, 0x15, 0xad, 0x34, 0xa5, 0x34, 0xa5, 0x34, 0xa5, 0x35, 0xad,
    0x34, 0xa5, 0x34, 0xa5, 0x14, 0xa5, 0x35, 0xad, 0x35, 0xad, 0x35, 0xad,
    0x15, 0xad, 0x34, 0xa5, 0x15, 0xad, 0x35, 0xad, 0x34, 0xa5, 0x34, 0xa5,
    0x35, 0xad, 0x35, 0xad, 0x15, 0xad, 0x34, 0xa5, 0x34, 0xa5, 0x35, 0xad,
    0x14, 0xa5, 0x35, 0xad, 0x35, 0xad, 0x34, 0xa5, 0x34, 0xa5, 0x35, 0xad,
    0x35, 0xad, 0x35, 0xad, 0x34, 0xa5, 0x14, 0xa5, 0x35, 0xad, 0x34, 0xa5,
    0x35, 0xad, 0x14, 0xa5, 0x34, 0xa5, 0x14, 0xa5, 0x14, 0xa5, 0x35, 0xad,
    0x34, 0xa5, 0x34, 0xa5, 0x34, 0xa5, 0x34, 0xa5, 0x34, 0xa5, 0x15, 0xad,
    0x35, 0xad, 0x34, 0xa5, 0x14, 0xa5, 0x14, 0xa5, 0x35, 0xad, 0x35, 0xad,
    0x34, 0xa5, 0x15, 0xad, 0x34, 0xa5, 0x14, 0xa5, 0x35, 0xad, 0x34, 0xa5,
    0x15, 0xad, 0x15, 0xad, 0x35, 0xad, 0x34, 0xa5, 0x14, 0xa5, 0x35, 0xad,
    0x35, 0xad, 0x34, 0xa5, 0x14, 0xa5, 0x35, 0xad, 0x34, 0xa5, 0x34, 0xa5,
    0x15, 0xad, 0x34, 0xa5, 0x34, 0xa5, 0x14, 0xa5, 0x34, 0xa5, 0x34, 0xa5,
    0x14, 0xa5, 0x15, 0xad, 0x34, 0xa5, 0x34, 0xa5, 0x34, 0xa5, 0x35, 0xad,
    0x14, 0xa5, 0x34, 0xa5, 0x35, 0xad, 0x34, 0xa5, 0x14, 0xa5, 0x35, 0xad,
    0x34, 0xa5, 0x34, 0xa5, 0x15, 0xad, 0x34, 0xa5, 0x35, 0xad, 0x14, 0xa5,
    0x35, 0xad, 0x34, 0xa5, 0x34, 0xa5, 0x34, 0xa5, 0x35, 0xad, 0x35, 0xad,
    0xa7, 0x31, 0x41, 0x08, 0x82, 0x10, 0x82, 0x08, 0x62, 0x08, 0x62, 0x10,
    0x81, 0x10, 0x62, 0x10, 0x82, 0x10, 0x62, 0x10, 0x61, 0x08, 0x61, 0x10,
    0x62, 0x08, 0x82, 0x10, 0x61, 0x10, 0x62, 0x10, 0x62, 0x10, 0x62, 0x10,
    0x82, 0x08, 0x62, 0x08, 0x82, 0x10, 0x62, 0x10, 0x82, 0x08, 0x62, 0x08,
    0x62, 0x10, 0x82, 0x10, 0x61, 0x10, 0x62, 0x10, 0x62, 0x10, 0x62, 0x10,
    0x62, 0x08, 0x82, 0x10, 0x62, 0x10, 0x62, 0x08, 0x62, 0x08, 0x81, 0x08,
    0x61, 0x08, 0x82, 0x10, 0x61, 0x08, 0x62, 0x08, 0x62, 0x10, 0x82, 0x10,
    0xc3, 0x18, 0x04, 0x21, 0x05, 0x21, 0x24, 0x21, 0x04, 0x21, 0x25, 0x21,
    0x04, 0x21, 0x86, 0x31, 0x8a, 0x52, 0x6e, 0x6b, 0x10, 0x84, 0x71, 0x8c,
    0xb3, 0x9c, 0xf4, 0xa4, 0x34, 0xa5, 0x34, 0xad, 0x35, 0xa5, 0x15, 0xad,
    0x34, 0xad, 0x34, 0xad, 0x34, 0xad, 0x35, 0xad, 0x34, 0xa5, 0x34, 0xa5,
    0x35, 0xad, 0x34, 0xa5, 0x34, 0xad, 0x34, 0xad, 0x35, 0xad, 0x34, 0xa5,
    0x34, 0xa5, 0x35, 0xa5, 0x34, 0xa5, 0x34, 0xad, 0x14, 0xa5, 0x35, 0xad,
    0x34, 0xa5, 0x34, 0xa5, 0x34, 0xa5, 0x35, 0xad, 0x14, 0xa5, 0x34, 0xa5,
    0x35, 0xad, 0x15, 0xad, 0x35, 0xad, 0x34, 0xa5, 0x34, 0xa5, 0x14, 0xa5,
    0x34, 0xa5, 0x34, 0xa5, 0x34, 0xa5, 0x34, 0xa5, 0x15, 0xad, 0x14, 0xa5,
    0x34, 0xa5, 0x34, 0xa5, 0x34, 0xa5, 0x35, 0xad, 0x35, 0xad, 0x14, 0xa5,
    0x34, 0xa5, 0x34, 0xa5, 0x34, 0xa5, 0x35, 0xad, 0x34, 0xa5, 0x14, 0xa5,
    0x34, 0xa5, 0x34, 0xa5, 0x15, 0xad, 0x34, 0xa5, 0x34, 0xa5, 0x34, 0xa5,
    0x14, 0xa5, 0x35, 0xad, 0x35, 0xad, 0x34, 0xa5, 0x35, 0xad, 0x34, 0xa5,
    0x34, 0xa5, 0x34, 0xa5, 0x14, 0xa5, 0x35, 0xad, 0x35, 0xad, 0x34, 0xa5,
    0x34, 0xa5, 0x35, 0xad, 0x34, 0xa5, 0x35, 0xad, 0x35, 0xad, 0x34, 0xa5,
    0x14, 0xa5, 0x35, 0xad, 0x35, 0xad, 0x34, 0xa5, 0x35, 0xad, 0x35, 0xad,
    0x34, 0xa5, 0x34, 0xa5, 0x34, 0xa5, 0x14, 0xa5, 0x35, 0xad, 0x34, 0xa5,
    0x34, 0xa5, 0x15, 0xad, 0x35, 0xad, 0x34, 0xa5, 0x35, 0xad, 0x15, 0xad,
    0x34, 0xa5, 0x35, 0xad, 0x34, 0xa5, 0x35, 0xad, 0x34, 0xa5, 0x34, 0xa5,
    0x35, 0xad, 0x34, 0xa5, 0x15, 0xad, 0x14, 0xa5, 0x35, 0xad, 0x14, 0xa5,
    0x35, 0xad, 0x34, 0xa5, 0x34, 0xa5, 0x15, 0xad, 0x35, 0xad, 0x34, 0xa5,
    0x34, 0xa5, 0x14, 0xa5, 0x34, 0xa5, 0x35, 0xad, 0x34, 0xa5, 0x34, 0xa5,
    0x34, 0xa5, 0x34, 0xa5, 0x34, 0xa5, 0x15, 0xad, 0x34, 0xa5, 0x55, 0xad,
    0x0c, 0x63, 0x41, 0x08, 0x82, 0x10, 0x62, 0x10, 0x62, 0x10, 0x62, 0x08,
    0x62, 0x10, 0x62, 0x10, 0x61, 0x08, 0x82, 0x08, 0x62, 0x08, 0x62, 0x10,
    0x62, 0x10, 0x81, 0x08, 0x62, 0x10, 0x62, 0x08, 0x62, 0x10, 0x82, 0x08,
    0x61, 0x08, 0x62, 0x10, 0x62, 0x08, 0x61, 0x08, 0x62, 0x10, 0x82, 0x10,
    0x62, 0x08, 0x62, 0x10, 0x82, 0x10, 0x62, 0x08, 0x62, 0x08, 0x82, 0x10,
    0x81, 0x10, 0x62, 0x08, 0x82, 0x10, 0x62, 0x08, 0x62, 0x10, 0x62, 0x10,
    0x62, 0x08, 0x62, 0x10, 0x62, 0x10, 0x62, 0x08, 0x82, 0x10, 0xc3, 0x18,
    0x04, 0x21, 0x25, 0x21, 0x25, 0x21, 0x25, 0x21, 0x25, 0x21, 0x24, 0x21,
    0x66, 0x29, 0x6a, 0x52, 0x4d, 0x6b, 0xf0, 0x83, 0x71, 0x8c, 0xd3, 0x9c,
    0xf4, 0xa4, 0x34, 0xa5, 0x34, 0xa5, 0x35, 0xa5, 0x15, 0xad, 0x34, 0xa5,
    0x14, 0xa5, 0x35, 0xa5, 0x15, 0xa5, 0x34, 0xa5, 0x34, 0xad, 0x15, 0xad,
    0x34, 0xa5, 0x35, 0xad, 0x14, 0xa5, 0x14, 0xa5, 0x34, 0xa5, 0x35, 0xad,
    0x35, 0xad, 0x14, 0xa5, 0x35, 0xa5, 0x34, 0xa5, 0x15, 0xad, 0x34, 0xa5,
    0x34, 0xa5, 0x15, 0xad, 0x35, 0xad, 0x34, 0xa5, 0x15, 0xad, 0x34, 0xa5,
    0x34, 0xa5, 0x34, 0xa5, 0x34, 0xa5, 0x34, 0xa5, 0x15, 0xad, 0x34, 0xa5,
    0x34, 0xa5, 0x35, 0xad, 0x14, 0xa5, 0x34, 0xa5, 0x34, 0xa5, 0x35, 0xad,
    0x15, 0xad, 0x34, 0xa5, 0x34, 0xa5, 0x15, 0xad, 0x34, 0xa5, 0x34, 0xa5,
    0x35, 0xad, 0x34, 0xa5, 0x14, 0xa5, 0x14, 0xa5, 0x35, 0xad, 0x34, 0xa5,
    0x15, 0xad, 0x34, 0xa5, 0x34, 0xa5, 0x35, 0xad, 0x35, 0xad, 0x35, 0xad,
    0x34, 0xa5, 0x34, 0xa5, 0x34, 0xa5, 0x35, 0xad, 0x34, 0xa5, 0x34, 0xa5,
    0x15, 0xad, 0x15, 0xad, 0x35, 0xad, 0x14, 0xa5, 0x34, 0xa5, 0x34, 0xa5,
    0x14, 0xa5, 0x34, 0xa5, 0x35, 0xad, 0x34, 0xa5, 0x34, 0xa5, 0x14, 0xa5,
    0x34, 0xa5, 0x35, 0xad, 0x34, 0xa5, 0x34, 0xa5, 0x34, 0xa5, 0x14, 0xa5,
    0x34, 0xa5, 0x34, 0xa5, 0x15, 0xad, 0x34, 0xa5, 0x34, 0xa5, 0x35, 0xad,
    0x14, 0xa5, 0x34, 0xa5, 0x34, 0xa5, 0x34, 0xa5, 0x14, 0xa5, 0x34, 0xa5,
    0x34, 0xa5, 0x34, 0xa5, 0x15, 0xad, 0x14, 0xa5, 0x35, 0xad, 0x15, 0xad,
    0x34, 0xa5, 0x34, 0xa5, 0x34, 0xa5, 0x35, 0xad, 0x34, 0xa5, 0x34, 0xa5,
    0x34, 0xa5, 0x35, 0xad, 0x14, 0xa5, 0x34, 0xa5, 0x34, 0xa5, 0x35, 0xad,
    0x14, 0xa5, 0x35, 0xad, 0x35, 0xad, 0x34, 0xa5, 0x14, 0xa5, 0x35, 0xad,
    0x14, 0xa5, 0x35, 0xad, 0x15, 0xad, 0x34, 0xa5, 0x14, 0xa5, 0x55, 0xad,
    0x51, 0x8c, 0x83, 0x10, 0x62, 0x10, 0x62, 0x10, 0x62, 0x08, 0x82, 0x10,
    0x62, 0x10, 0x62, 0x08, 0x62, 0x10, 0x62, 0x08, 0x82, 0x10, 0x62, 0x10,
    0x82, 0x08, 0x62, 0x10, 0x62, 0x08, 0x62, 0x10, 0x82, 0x08, 0x62, 0x10,
    0x62, 0x10, 0x62, 0x10, 0x82, 0x10, 0x82, 0x10, 0x62, 0x10, 0x82, 0x10,
    0x62, 0x10, 0x61, 0x08, 0x82, 0x08, 0x82, 0x10, 0x61, 0x10, 0x62, 0x08,
    0x62, 0x08, 0x62, 0x10, 0x62, 0x10, 0x62, 0x10, 0x82, 0x10, 0x61, 0x10,
    0x62, 0x10, 0x62, 0x08, 0x61, 0x08, 0x82, 0x10, 0xc3, 0x18, 0x04, 0x21,
    0x24, 0x21, 0x25, 0x21, 0x24, 0x21, 0x24, 0x21, 0x05, 0x21, 0x45, 0x29,
    0x49, 0x4a, 0x4d, 0x6b, 0xef, 0x7b, 0x51, 0x8c, 0xb3, 0x9c, 0xf4, 0xa4,
    0x34, 0xa5, 0x34, 0xa5, 0x34, 0xad, 0x14, 0xa5, 0x34, 0xa5, 0x34, 0xad,
    0x34, 0xa5, 0x35, 0xa5, 0x34, 0xa5, 0x14, 0xad, 0x35, 0xa5, 0x34, 0xa5,
    0x14, 0xa5, 0x34, 0xa5, 0x35, 0xa5, 0x35, 0xad, 0x34, 0xa5, 0x14, 0xa5,
    0x34, 0xad, 0x34, 0xad, 0x14, 0xad, 0x35, 0xa5, 0x35, 0xa5, 0x34, 0xa5,
    0x34, 0xa5, 0x35, 0xad, 0x14, 0xa5, 0x34, 0xa5, 0x34, 0xa5, 0x15, 0xad,
    0x35, 0xad, 0x34, 0xa5, 0x14, 0xa5, 0x15, 0xad, 0x34, 0xa5, 0x35, 0xad,
    0x35, 0xad, 0x14, 0xa5, 0x35, 0xad, 0x35, 0xad, 0x34, 0xa5, 0x34, 0xa5,
    0x35, 0xad, 0x34, 0xa5, 0x15, 0xad, 0x34, 0xa5, 0x34, 0xa5, 0x35, 0xad,
    0x14, 0xa5, 0x35, 0xad, 0x35, 0xad, 0x34, 0xa5, 0x34, 0xa5, 0x15, 0xad,
    0x34, 0xa5, 0x35, 0xad, 0x34, 0xa5, 0x14, 0xa5, 0x34, 0xa5, 0x14, 0xa5,
    0x15, 0xad, 0x34, 0xa5, 0x35, 0xad, 0x14, 0xa5, 0x14, 0xa5, 0x35, 0xad,
    0x35, 0xad, 0x34, 0xa5, 0x34, 0xa5, 0x34, 0xa5, 0x35, 0xad, 0x15, 0xad,
    0x35, 0xad, 0x35, 0xad, 0x14, 0xa5, 0x14, 0xa5, 0x35, 0xad, 0x34, 0xa5,
    0x35, 0xad, 0x34, 0xa5, 0x14, 0xa5, 0x14, 0xa5, 0x35, 0xad, 0x34, 0xa5,
    0x15, 0xad, 0x35, 0xad, 0x34, 0xa5, 0x35, 0xad, 0x35, 0xad, 0x14, 0xa5,
    0x35, 0xad, 0x34, 0xa5, 0x34, 0xa5, 0x15, 0xad, 0x35, 0xad, 0x34, 0xa5,
    0x35, 0xad, 0x35, 0xad, 0x34, 0xa5, 0x34, 0xa5, 0x34, 0xa5, 0x34, 0xa5,
    0x15, 0xad, 0x35, 0xad, 0x34, 0xa5, 0x34, 0xa5, 0x35, 0xad, 0x15, 0xad,
    0x34, 0xa5, 0x34, 0xa5, 0x15, 0xad, 0x35, 0xad, 0x34, 0xa5, 0x34, 0xa5,
    0x15, 0xad, 0x35, 0xad, 0x34, 0xa5, 0x14, 0xa5, 0x35, 0xad, 0x34, 0xa5,
    0x35, 0xad, 0x14, 0xa5, 0x34, 0xa5, 0x35, 0xad, 0x35, 0xad, 0x35, 0xad,
    0x34, 0xa5, 0x66, 0x31, 0x42, 0x08, 0x62, 0x08, 0x82, 0x10, 0x61, 0x10,
    0x62, 0x08, 0x82, 0x10, 0x82, 0x10, 0x61, 0x10, 0x62, 0x10, 0x62, 0x10,
    0x62, 0x10, 0x62, 0x10, 0x62, 0x10, 0x81, 0x08, 0x62, 0x10, 0x62, 0x10,
    0x82, 0x10, 0x62, 0x08, 0x62, 0x10, 0x82, 0x08, 0x62, 0x08, 0x62, 0x08,
    0x62, 0x10, 0x82, 0x10, 0x62, 0x08, 0x62, 0x10, 0x62, 0x10, 0x62, 0x10,
    0x62, 0x10, 0x62, 0x10, 0x61, 0x08, 0x82, 0x10, 0x62, 0x08, 0x82, 0x08,
    0x62, 0x08, 0x61, 0x08, 0x82, 0x10, 0xc3, 0x18, 0xe4, 0x18, 0x24, 0x21,
    0x25, 0x21, 0x25, 0x21, 0x25, 0x21, 0x24, 0x21, 0x45, 0x29, 0x29, 0x4a,
    0x2d, 0x6b, 0xef, 0x7b, 0x51, 0x8c, 0xb3, 0x9c, 0xf4, 0xa4, 0x34, 0xa5,
    0x34, 0xa5, 0x35, 0xa5, 0x35, 0xa5, 0x35, 0xad, 0x34, 0xa5, 0x34, 0xa5,
    0x35, 0xad, 0x14, 0xad, 0x34, 0xad, 0x35, 0xa5, 0x14, 0xa5, 0x35, 0xa5,
    0x35, 0xad, 0x34, 0xad, 0x14, 0xad, 0x34, 0xa5, 0x35, 0xad, 0x34, 0xa5,
    0x15, 0xa5, 0x35, 0xa5, 0x34, 0xa5, 0x34, 0xad, 0x14, 0xad, 0x34, 0xad,
    0x34, 0xa5, 0x14, 0xa5, 0x34, 0xa5, 0x35, 0xad, 0x34, 0xa5, 0x34, 0xa5,
    0x15, 0xad, 0x34, 0xa5, 0x35, 0xad, 0x35, 0xad, 0x34, 0xa5, 0x34, 0xa5,
    0x14, 0xa5, 0x35, 0xad, 0x34, 0xa5, 0x14, 0xa5, 0x15, 0xad, 0x34, 0xa5,
    0x34, 0xa5, 0x14, 0xa5, 0x34, 0xa5, 0x35, 0xad, 0x34, 0xa5, 0x14, 0xa5,
    0x35, 0xad, 0x34, 0xa5, 0x14, 0xa5, 0x35, 0xad, 0x35, 0xad, 0x34, 0xa5,
    0x34, 0xa5, 0x34, 0xa5, 0x15, 0xad, 0x35, 0xad, 0x34, 0xa5, 0x34, 0xa5,
    0x34, 0xa5, 0x15, 0xad, 0x34, 0xa5, 0x34, 0xa5, 0x35, 0xad, 0x34, 0xa5,
    0x14, 0xa5, 0x34, 0xa5, 0x34, 0xa5, 0x35, 0xad, 0x14, 0xa5, 0x34, 0xa5,
    0x34, 0xa5, 0x14, 0xa5, 0x34, 0xa5, 0x35, 0xad, 0x34, 0xa5, 0x14, 0xa5,
    0x14, 0xa5, 0x35, 0xad, 0x34, 0xa5, 0x35, 0xad, 0x35, 0xad, 0x34, 0xa5,
    0x34, 0xa5, 0x35, 0xad, 0x34, 0xa5, 0x14, 0xa5, 0x34, 0xa5, 0x14, 0xa5,
    0x34, 0xa5, 0x35, 0xad, 0x35, 0xad, 0x14, 0xa5, 0x34, 0xa5, 0x35, 0xad,
    0x14, 0xa5, 0x14, 0xa5, 0x34, 0xa5, 0x35, 0xad, 0x35, 0xad, 0x34, 0xa5,
    0x34, 0xa5, 0x34, 0xa5, 0x15, 0xad, 0x14, 0xa5, 0x34, 0xa5, 0x34, 0xa5,
    0x15, 0xad, 0x34, 0xa5, 0x34, 0xa5, 0x34, 0xa5, 0x15, 0xad, 0x34, 0xa5,
    0x34, 0xa5, 0x34, 0xa5, 0x14, 0xa5, 0x34, 0xa5, 0x34, 0xa5, 0x35, 0xad,
    0x34, 0xa5, 0x34, 0xa5, 0x34, 0xa5, 0x34, 0xa5, 0x34, 0xa5, 0x14, 0xa5,
    0x55, 0xad, 0xcb, 0x5a, 0x41, 0x08, 0x62, 0x10, 0x62, 0x08, 0x62, 0x08,
    0x62, 0x10, 0x62, 0x08, 0x61, 0x08, 0x62, 0x10, 0x62, 0x08, 0x62, 0x10,
    0x81, 0x08, 0x62, 0x08, 0x61, 0x08, 0x62, 0x10, 0x82, 0x10, 0x62, 0x08,
    0x61, 0x08, 0x62, 0x10, 0x62, 0x08, 0x61, 0x10, 0x62, 0x10, 0x62, 0x10,
    0x61, 0x08, 0x82, 0x10, 0x62, 0x10, 0x62, 0x08, 0x62, 0x08, 0x82, 0x10,
    0x82, 0x10, 0x62, 0x08, 0x81, 0x08, 0x62, 0x08, 0x62, 0x10, 0x62, 0x10,
    0x62, 0x10, 0x82, 0x10, 0xc3, 0x18, 0xe4, 0x20, 0x25, 0x21, 0x25, 0x29,
    0x25, 0x21, 0x25, 0x29, 0x25, 0x21, 0x45, 0x29, 0x08, 0x42, 0x2c, 0x63,
    0xcf, 0x7b, 0x51, 0x8c, 0xb2, 0x94, 0xf4, 0xa4, 0x14, 0xa5, 0x34, 0xa5,
    0x34, 0xa5, 0x34, 0xad, 0x14, 0xad, 0x14, 0xa5, 0x35, 0xad, 0x35, 0xad,
    0x14, 0xa5, 0x35, 0xa5, 0x35, 0xa5, 0x34, 0xa5, 0x34, 0xad, 0x34, 0xad,
    0x34, 0xa5, 0x15, 0xa5, 0x35, 0xa5, 0x34, 0xa5, 0x34, 0xa5, 0x15, 0xad,
    0x34, 0xa5, 0x34, 0xa5, 0x35, 0xa5, 0x15, 0xa5, 0x34, 0xa5, 0x34, 0xa5,
    0x34, 0xa5, 0x35, 0xad, 0x35, 0xad, 0x34, 0xa5, 0x15, 0xad, 0x34, 0xa5,
    0x34, 0xa5, 0x34, 0xa5, 0x34, 0xa5, 0x34, 0xa5, 0x34, 0xa5, 0x14, 0xa5,
    0x35, 0xad, 0x34, 0xa5, 0x34, 0xa5, 0x34, 0xa5, 0x34, 0xa5, 0x35, 0xad,
    0x15, 0xad, 0x34, 0xa5, 0x35, 0xad, 0x34, 0xa5, 0x14, 0xa5, 0x35, 0xad,
    0x34, 0xa5, 0x34, 0xa5, 0x14, 0xa5, 0x34, 0xa5, 0x34, 0xa5, 0x14, 0xa5,
    0x35, 0xad, 0x15, 0xad, 0x34, 0xa5, 0x34, 0xa5, 0x15, 0xad, 0x35, 0xad,
    0x34, 0xa5, 0x34, 0xa5, 0x14, 0xa5, 0x35, 0xad, 0x34, 0xa5, 0x34, 0xa5,
    0x34, 0xa5, 0x35, 0xad, 0x35, 0xad, 0x14, 0xa5, 0x35, 0xad, 0x34, 0xa5,
    0x34, 0xa5, 0x34, 0xa5, 0x35, 0xad, 0x34, 0xa5, 0x35, 0xad, 0x35, 0xad,
    0x35, 0xad, 0x14, 0xa5, 0x34, 0xa5, 0x35, 0xad, 0x14, 0xa5, 0x15, 0xad,
    0x34, 0xa5, 0x34, 0xa5, 0x14, 0xa5, 0x34, 0xa5, 0x35, 0xad, 0x34, 0xa5,
    0x34, 0xa5, 0x15, 0xad, 0x34, 0xa5, 0x34, 0xa5, 0x34, 0xa5, 0x34, 0xa5,
    0x34, 0xa5, 0x34, 0xa5, 0x15, 0xad, 0x34, 0xa5, 0x14, 0xa5, 0x15, 0xad,
    0x34, 0xa5, 0x34, 0xa5, 0x34, 0xa5, 0x35, 0xad, 0x35, 0xad, 0x14, 0xa5,
    0x34, 0xa5, 0x35, 0xad, 0x35, 0xad, 0x34, 0xa5, 0x34, 0xa5, 0x15, 0xad,
    0x34, 0xa5, 0x35, 0xad, 0x35, 0xad, 0x35, 0xad, 0x35, 0xad, 0x14, 0xa5,
    0x14, 0xa5, 0x35, 0xad, 0x35, 0xad, 0x15, 0xad, 0x14, 0xa5, 0x34, 0xa5,
    0x55, 0xad, 0x30, 0x84, 0x62, 0x10, 0x62, 0x08, 0x62, 0x10, 0x81, 0x10,
    0x82, 0x10, 0x62, 0x10, 0x62, 0x10, 0x62, 0x08, 0x82, 0x08, 0x81, 0x08,
    0x62, 0x08, 0x82, 0x10, 0x62, 0x08, 0x82, 0x10, 0x62, 0x08, 0x61, 0x08,
    0x62, 0x10, 0x82, 0x10, 0x82, 0x10, 0x62, 0x08, 0x62, 0x10, 0x82, 0x10,
    0x62, 0x10, 0x62, 0x08, 0x61, 0x08, 0x62, 0x10, 0x82, 0x10, 0x61, 0x08,
    0x61, 0x08, 0x62, 0x10, 0x62, 0x10, 0x62, 0x10, 0x62, 0x10, 0x62, 0x08,
    0x82, 0x10, 0xc3, 0x18, 0xe4, 0x18, 0x25, 0x21, 0x25, 0x29, 0x45, 0x21,
    0x24, 0x21, 0x24, 0x21, 0x25, 0x29, 0xe8, 0x41, 0x0c, 0x63, 0xcf, 0x7b,
    0x51, 0x8c, 0x93, 0x94, 0xf3, 0x9c, 0x14, 0xa5, 0x35, 0xa5, 0x35, 0xa5,
    0x34, 0xad, 0x15, 0xad, 0x34, 0xa5, 0x34, 0xa5, 0x34, 0xa5, 0x14, 0xa5,
    0x35, 0xa5, 0x34, 0xa5, 0x14, 0xad, 0x34, 0xad, 0x35, 0xa5, 0x14, 0xa5,
    0x34, 0xad, 0x34, 0xa5, 0x35, 0xa5, 0x35, 0xad, 0x14, 0xad, 0x34, 0xa5,
    0x34, 0xad, 0x34, 0xad, 0x14, 0xad, 0x34, 0xad, 0x35, 0xa5, 0x35, 0xa5,
    0x34, 0xa5, 0x15, 0xad, 0x34, 0xa5, 0x34, 0xa5, 0x14, 0xa5, 0x35, 0xad,
    0x35, 0xad, 0x34, 0xa5, 0x15, 0xad, 0x15, 0xad, 0x35, 0xad, 0x35, 0xad,
    0x34, 0xa5, 0x34, 0xa5, 0x15, 0xad, 0x35, 0xad, 0x35, 0xad, 0x34, 0xa5,
    0x34, 0xa5, 0x35, 0xad, 0x34, 0xa5, 0x15, 0xad, 0x35, 0xad, 0x34, 0xa5,
    0x35, 0xad, 0x35, 0xad, 0x35, 0xad, 0x34, 0xa5, 0x35, 0xad, 0x15, 0xad,
    0x34, 0xa5, 0x34, 0xa5, 0x34, 0xa5, 0x35, 0xad, 0x34, 0xa5, 0x14, 0xa5,
    0x35, 0xad, 0x35, 0xad, 0x35, 0xad, 0x34, 0xa5, 0x15, 0xad, 0x35, 0xad,
    0x15, 0xad, 0x14, 0xa5, 0x34, 0xa5, 0x34, 0xa5, 0x34, 0xa5, 0x35, 0xad,
    0x15, 0xad, 0x35, 0xad, 0x34, 0xa5, 0x35, 0xad, 0x14, 0xa5, 0x34, 0xa5,
    0x34, 0xa5, 0x34, 0xa5, 0x35, 0xad, 0x34, 0xa5, 0x34, 0xa5, 0x34, 0xa5,
    0x35, 0xad, 0x15, 0xad, 0x34, 0xa5, 0x35, 0xad, 0x35, 0xad, 0x35, 0xad,
    0x35, 0xad, 0x34, 0xa5, 0x14, 0xa5, 0x35, 0xad, 0x35, 0xad, 0x15, 0xad,
    0x35, 0xad, 0x35, 0xad, 0x34, 0xa5, 0x35, 0xad, 0x34, 0xa5, 0x34, 0xa5,
    0x35, 0xad, 0x35, 0xad, 0x15, 0xad, 0x34, 0xa5, 0x34, 0xa5, 0x35, 0xad,
    0x34, 0xa5, 0x34, 0xa5, 0x15, 0xad, 0x14, 0xa5, 0x35, 0xad, 0x34, 0xa5,
    0x15, 0xad, 0x34, 0xa5, 0x34, 0xa5, 0x14, 0xa5, 0x34, 0xa5, 0x34, 0xa5,
    0x35, 0xad, 0x34, 0xa5, 0x34, 0xa5, 0x34, 0xa5, 0x35, 0xad, 0x35, 0xad,
    0x35, 0xad, 0x14, 0xa5, 0x45, 0x29, 0x41, 0x08, 0x62, 0x08, 0x62, 0x10,
    0x62, 0x10, 0x61, 0x08, 0x81, 0x08, 0x62, 0x10, 0x62, 0x10, 0x62, 0x10,
    0x62, 0x10, 0x62, 0x10, 0x62, 0x10, 0x62, 0x08, 0x62, 0x10, 0x62, 0x10,
    0x82, 0x10, 0x62, 0x08, 0x62, 0x10, 0x62, 0x10, 0x82, 0x08, 0x62, 0x08,
    0x82, 0x08, 0x62, 0x10, 0x62, 0x10, 0x82, 0x10, 0x62, 0x10, 0x62, 0x10,
    0x62, 0x08, 0x62, 0x08, 0x82, 0x10, 0x62, 0x10, 0x61, 0x08, 0x82, 0x10,
    0xa3, 0x10, 0x04, 0x21, 0x24, 0x21, 0x25, 0x21, 0x45, 0x21, 0x25, 0x29,
    0x25, 0x21, 0x25, 0x29, 0xe7, 0x39, 0xec, 0x62, 0xaf, 0x73, 0x30, 0x8c,
    0x92, 0x94, 0xf3, 0x9c, 0x14, 0xa5, 0x34, 0xa5, 0x34, 0xad, 0x34, 0xad,
    0x15, 0xa5, 0x34, 0xa5, 0x35, 0xa5, 0x35, 0xa5, 0x35, 0xad, 0x14, 0xa5,
    0x34, 0xad, 0x34, 0xad, 0x34, 0xa5, 0x15, 0xa5, 0x35, 0xa5, 0x35, 0xa5,
    0x15, 0xa5, 0x34, 0xad, 0x34, 0xad, 0x14, 0xa5, 0x34, 0xa5, 0x35, 0xa5,
    0x35, 0xa5, 0x15, 0xa5, 0x34, 0xa5, 0x35, 0xa5, 0x34, 0xad, 0x14, 0xad,
    0x34, 0xa5, 0x34, 0xa5, 0x14, 0xa5, 0x35, 0xad, 0x34, 0xa5, 0x34, 0xa5,
    0x34, 0xa5, 0x15, 0xad, 0x34, 0xa5, 0x34, 0xa5, 0x34, 0xa5, 0x14, 0xa5,
    0x34, 0xa5, 0x35, 0xad, 0x14, 0xa5, 0x34, 0xa5, 0x34, 0xa5, 0x14, 0xa5,
    0x14, 0xa5, 0x34, 0xa5, 0x35, 0xad, 0x14, 0xa5, 0x34, 0xa5, 0x34, 0xa5,
    0x34, 0xa5, 0x14, 0xa5, 0x34, 0xa5, 0x35, 0xad, 0x14, 0xa5, 0x34, 0xa5,
    0x34, 0xa5, 0x34, 0xa5, 0x15, 0xad, 0x34, 0xa5, 0x34, 0xa5, 0x34, 0xa5,
    0x34, 0xa5, 0x14, 0xa5, 0x34, 0xa5, 0x34, 0xa5, 0x14, 0xa5, 0x34, 0xa5,
    0x34, 0xa5, 0x35, 0xad, 0x34, 0xa5, 0x35, 0xad, 0x15, 0xad, 0x34, 0xa5,
    0x34, 0xa5, 0x14, 0xa5, 0x15, 0xad, 0x34, 0xa5, 0x34, 0xa5, 0x14, 0xa5,
    0x34, 0xa5, 0x35, 0xad, 0x34, 0xa5, 0x15, 0xad, 0x34, 0xa5, 0x34, 0xa5,
    0x14, 0xa5, 0x34, 0xa5, 0x35, 0xad, 0x34, 0xa5, 0x14, 0xa5, 0x14, 0xa5,
    0x34, 0xa5, 0x35, 0xad, 0x34, 0xa5, 0x14, 0xa5, 0x34, 0xa5, 0x34, 0xa5,
    0x14, 0xa5, 0x34, 0xa5, 0x35, 0xad, 0x34, 0xa5, 0x34, 0xa5, 0x35, 0xad,
    0x14, 0xa5, 0x34, 0xa5, 0x34, 0xa5, 0x34, 0xa5, 0x14, 0xa5, 0x34, 0xa5,
    0x35, 0xad, 0x14, 0xa5, 0x34, 0xa5, 0x34, 0xa5, 0x34, 0xa5, 0x34, 0xa5,
    0x34, 0xa5, 0x15, 0xad, 0x34, 0xa5, 0x34, 0xa5, 0x14, 0xa5, 0x35, 0xad,
    0x34, 0xa5, 0x35, 0xad, 0x14, 0xa5, 0x34, 0xa5, 0x34, 0xa5, 0x34, 0xa5,
    0x35, 0xad, 0x55, 0xad, 0x8a, 0x52, 0x41, 0x08, 0x62, 0x08, 0x62, 0x08,
    0x62, 0x08, 0x62, 0x10, 0x62, 0x10, 0x82, 0x08, 0x62, 0x10, 0x61, 0x08,
    0x62, 0x10, 0x62, 0x10, 0x61, 0x08, 0x81, 0x10, 0x62, 0x10, 0x62, 0x08,
    0x62, 0x08, 0x61, 0x10, 0x62, 0x08, 0x82, 0x10, 0x61, 0x10, 0x62, 0x10,
    0x62, 0x10, 0x62, 0x10, 0x61, 0x10, 0x82, 0x08, 0x62, 0x08, 0x62, 0x08,
    0x82, 0x10, 0x62, 0x10, 0x62, 0x10, 0x82, 0x08, 0x82, 0x10, 0xa2, 0x10,
    0xe4, 0x20, 0x25, 0x21, 0x45, 0x21, 0x45, 0x29, 0x25, 0x29, 0x25, 0x21,
    0x25, 0x21, 0xc7, 0x39, 0xeb, 0x5a, 0xae, 0x73, 0x31, 0x8c, 0x92, 0x94,
    0xf3, 0x9c, 0x14, 0xa5, 0x35, 0xad, 0x35, 0xad, 0x34, 0xa5, 0x14, 0xa5,
    0x34, 0xad, 0x35, 0xa5, 0x34, 0xad, 0x14, 0xad, 0x34, 0xa5, 0x35, 0xad,
    0x34, 0xa5, 0x35, 0xa5, 0x35, 0xad, 0x34, 0xa5, 0x14, 0xad, 0x34, 0xad,
    0x34, 0xa5, 0x35, 0xa5, 0x14, 0xad, 0x34, 0xa5, 0x35, 0xa5, 0x35, 0xad,
    0x34, 0xa5, 0x14, 0xad, 0x35, 0xa5, 0x34, 0xa5, 0x34, 0xa5, 0x34, 0xa5,
    0x34, 0xa5, 0x15, 0xad, 0x35, 0xad, 0x34, 0xa5, 0x35, 0xad, 0x15, 0xad,
    0x34, 0xa5, 0x34, 0xa5, 0x35, 0xad, 0x34, 0xa5, 0x14, 0xa5, 0x34, 0xa5,
    0x35, 0xad, 0x35, 0xad, 0x34, 0xa5, 0x34, 0xa5, 0x35, 0xad, 0x35, 0xad,
    0x35, 0xad, 0x14, 0xa5, 0x34, 0xa5, 0x34, 0xa5, 0x34, 0xa5, 0x15, 0xad,
    0x35, 0xad, 0x34, 0xa5, 0x14, 0xa5, 0x34, 0xa5, 0x34, 0xa5, 0x34, 0xa5,
    0x35, 0xad, 0x15, 0xad, 0x34, 0xa5, 0x34, 0xa5, 0x15, 0xad, 0x35, 0xad,
    0x35, 0xad, 0x14, 0xa5, 0x34, 0xa5, 0x35, 0xad, 0x35, 0xad, 0x34, 0xa5,
    0x34, 0xa5, 0x34, 0xa5, 0x35, 0xad, 0x14, 0xa5, 0x34, 0xa5, 0x34, 0xa5,
    0x34, 0xa5, 0x34, 0xa5, 0x34, 0xa5, 0x14, 0xa5, 0x35, 0xad, 0x35, 0xad,
    0x35, 0xad, 0x14, 0xa5, 0x34, 0xa5, 0x34, 0xa5, 0x15, 0xad, 0x35, 0xad,
    0x34, 0xa5, 0x35, 0xad, 0x34, 0xa5, 0x14, 0xa5, 0x34, 0xa5, 0x34, 0xa5,
    0x14, 0xa5, 0x34, 0xa5, 0x34, 0xa5, 0x35, 0xad, 0x15, 0xad, 0x34, 0xa5,
    0x34, 0xa5, 0x14, 0xa5, 0x34, 0xa5, 0x14, 0xa5, 0x15, 0xad, 0x35, 0xad,
    0x34, 0xa5, 0x14, 0xa5, 0x35, 0xad, 0x34, 0xa5, 0x35, 0xad, 0x15, 0xad,
    0x34, 0xa5, 0x35, 0xad, 0x35, 0xad, 0x34, 0xa5, 0x35, 0xad, 0x35, 0xad,
    0x34, 0xa5, 0x34, 0xa5, 0x15, 0xad, 0x35, 0xad, 0x35, 0xad, 0x34, 0xa5,
    0x14, 0xa5, 0x34, 0xa5, 0x35, 0xad, 0x15, 0xad, 0x34, 0xa5, 0x15, 0xad,
    0x14, 0xa5, 0x55, 0xad, 0xf0, 0x83, 0x62, 0x08, 0x62, 0x08, 0x62, 0x10,
    0x82, 0x10, 0x82, 0x10, 0x62, 0x08, 0x62, 0x10, 0x82, 0x10, 0x62, 0x10,
    0x61, 0x08, 0x82, 0x08, 0x82, 0x10, 0x62, 0x10, 0x82, 0x08, 0x62, 0x10,
    0x62, 0x10, 0x82, 0x10, 0x62, 0x10, 0x62, 0x08, 0x62, 0x10, 0x62, 0x08,
    0x62, 0x10, 0x61, 0x08, 0x82, 0x08, 0x62, 0x10, 0x62, 0x10, 0x61, 0x10,
    0x62, 0x08, 0x82, 0x10, 0x61, 0x10, 0x62, 0x08, 0xa2, 0x10, 0xe4, 0x20,
    0x25, 0x21, 0x45, 0x29, 0x45, 0x29, 0x25, 0x29, 0x25, 0x29, 0x25, 0x21,
    0xa7, 0x31, 0xcb, 0x5a, 0x8e, 0x73, 0x10, 0x84, 0x92, 0x94, 0xd3, 0x9c,
    0x14, 0xa5, 0x35, 0xad, 0x34, 0xa5, 0x34, 0xa5, 0x15, 0xa5, 0x35, 0xa5,
    0x35, 0xa5, 0x34, 0xad, 0x14, 0xa5, 0x34, 0xa5, 0x34, 0xad, 0x34, 0xa5,
    0x35, 0xa5, 0x14, 0xa5, 0x14, 0xa5, 0x34, 0xad, 0x34, 0xa5, 0x34, 0xa5,
    0x34, 0xad, 0x14, 0xa5, 0x35, 0xa5, 0x35, 0xad, 0x34, 0xad, 0x14, 0xa5,
    0x34, 0xad, 0x34, 0xa5, 0x34, 0xad, 0x34, 0xad, 0x15, 0xa5, 0x15, 0xad,
    0x34, 0xa5, 0x35, 0xad, 0x34, 0xa5, 0x34, 0xa5, 0x14, 0xa5, 0x34, 0xa5,
    0x35, 0xad, 0x34, 0xa5, 0x14, 0xa5, 0x35, 0xad, 0x35, 0xad, 0x35, 0xad,
    0x34, 0xa5, 0x14, 0xa5, 0x35, 0xad, 0x34, 0xa5, 0x15, 0xad, 0x34, 0xa5,
    0x34, 0xa5, 0x35, 0xad, 0x34, 0xa5, 0x35, 0xad, 0x15, 0xad, 0x34, 0xa5,
    0x34, 0xa5, 0x35, 0xad, 0x35, 0xad, 0x35, 0xad, 0x35, 0xad, 0x15, 0xad,
    0x34, 0xa5, 0x34, 0xa5, 0x35, 0xad, 0x35, 0xad, 0x14, 0xa5, 0x34, 0xa5,
    0x34, 0xa5, 0x35, 0xad, 0x35, 0xad, 0x14, 0xa5, 0x34, 0xa5, 0x35, 0xad,
    0x15, 0xad, 0x15, 0xad, 0x34, 0xa5, 0x34, 0xa5, 0x35, 0xad, 0x35, 0xad,
    0x15, 0xad, 0x35, 0xad, 0x35, 0xad, 0x35, 0xad, 0x34, 0xa5, 0x34, 0xa5,
    0x14, 0xa5, 0x35, 0xad, 0x35, 0xad, 0x34, 0xa5, 0x34, 0xa5, 0x35, 0xad,
    0x35, 0xad, 0x14, 0xa5, 0x34, 0xa5, 0x35, 0xad, 0x35, 0xad, 0x35, 0xad,
    0x35, 0xad, 0x35, 0xad, 0x15, 0xad, 0x34, 0xa5, 0x34, 0xa5, 0x35, 0xad,
    0x35, 0xad, 0x35, 0xad, 0x35, 0xad, 0x35, 0xad, 0x34, 0xa5, 0x34, 0xa5,
    0x34, 0xa5, 0x35, 0xad, 0x15, 0xad, 0x34, 0xa5, 0x35, 0xad, 0x34, 0xa5,
    0x14, 0xa5, 0x34, 0xa5, 0x14, 0xa5, 0x35, 0xad, 0x34, 0xa5, 0x14, 0xa5,
    0x15, 0xad, 0x35, 0xad, 0x34, 0xa5, 0x34, 0xa5, 0x34, 0xa5, 0x15, 0xad,
    0x35, 0xad, 0x34, 0xa5, 0x34, 0xa5, 0x35, 0xad, 0x35, 0xad, 0x34, 0xa5,
    0x34, 0xa5, 0x35, 0xad, 0xf4, 0xa4, 0x04, 0x21, 0x61, 0x08, 0x62, 0x10,
    0x61, 0x10, 0x61, 0x08, 0x62, 0x08, 0x62, 0x10, 0x62, 0x10, 0x62, 0x08,
    0x82, 0x08, 0x62, 0x10, 0x62, 0x10, 0x62, 0x08, 0x62, 0x08, 0x61, 0x10,
    0x82, 0x10, 0x62, 0x08, 0x62, 0x10, 0x62, 0x10, 0x82, 0x08, 0x61, 0x10,
    0x82, 0x08, 0x82, 0x10, 0x62, 0x10, 0x62, 0x08, 0x82, 0x10, 0x62, 0x10,
    0x82, 0x10, 0x62, 0x10, 0x61, 0x08, 0x82, 0x10, 0xe4, 0x18, 0x25, 0x29,
    0x45, 0x29, 0x45, 0x29, 0x45, 0x21, 0x25, 0x21, 0x25, 0x21, 0xa6, 0x31,
    0xab, 0x5a, 0x8e, 0x73, 0x10, 0x84, 0x92, 0x94, 0xd3, 0x9c, 0x14, 0xa5,
    0x34, 0xad, 0x14, 0xa5, 0x35, 0xa5, 0x34, 0xa5, 0x34, 0xad, 0x34, 0xad,
    0x34, 0xad, 0x14, 0xa5, 0x35, 0xa5, 0x35, 0xad, 0x35, 0xa5, 0x15, 0xa5,
    0x34, 0xad, 0x34, 0xad, 0x35, 0xad, 0x35, 0xa5, 0x35, 0xa5, 0x35, 0xad,
    0x15, 0xa5, 0x35, 0xad, 0x34, 0xa5, 0x34, 0xa5, 0x15, 0xa5, 0x34, 0xad,
    0x34, 0xa5, 0x35, 0xa5, 0x15, 0xa5, 0x35, 0xad, 0x34, 0xad, 0x34, 0xa5,
    0x34, 0xa5, 0x14, 0xa5, 0x34, 0xa5, 0x34, 0xa5, 0x15, 0xad, 0x34, 0xa5,
    0x34, 0xa5, 0x15, 0xad, 0x34, 0xa5, 0x34, 0xa5, 0x35, 0xad, 0x14, 0xa5,
    0x34, 0xa5, 0x35, 0xad, 0x14, 0xa5, 0x34, 0xa5, 0x34, 0xa5, 0x14, 0xa5,
    0x34, 0xa5, 0x34, 0xa5, 0x35, 0xad, 0x14, 0xa5, 0x34, 0xa5, 0x35, 0xad,
    0x34, 0xa5, 0x14, 0xa5, 0x34, 0xa5, 0x34, 0xa5, 0x14, 0xa5, 0x34, 0xa5,
    0x35, 0xad, 0x14, 0xa5, 0x34, 0xa5, 0x34, 0xa5, 0x34, 0xa5, 0x35, 0xad,
    0x14, 0xa5, 0x34, 0xa5, 0x34, 0xa5, 0x35, 0xad, 0x14, 0xa5, 0x34, 0xa5,
    0x34, 0xa5, 0x34, 0xa5, 0x34, 0xa5, 0x35, 0xad, 0x14, 0xa5, 0x34, 0xa5,
    0x34, 0xa5, 0x14, 0xa5, 0x34, 0xa5, 0x34, 0xa5, 0x34, 0xa5, 0x14, 0xa5,
    0x35, 0xad, 0x34, 0xa5, 0x34, 0xa5, 0x15, 0xad, 0x34, 0xa5, 0x34, 0xa5,
    0x14, 0xa5, 0x34, 0xa5, 0x35, 0xad, 0x14, 0xa5, 0x34, 0xa5, 0x34, 0xa5,
    0x34, 0xa5, 0x14, 0xa5, 0x34, 0xa5, 0x35, 0xad, 0x34, 0xa5, 0x14, 0xa5,
    0x34, 0xa5, 0x34, 0xa5, 0x14, 0xa5, 0x34, 0xa5, 0x34, 0xa5, 0x34, 0xa5,
    0x15, 0xad, 0x34, 0xa5, 0x34, 0xa5, 0x14, 0xa5, 0x34, 0xa5, 0x34, 0xa5,
    0x34, 0xa5, 0x35, 0xad, 0x34, 0xa5, 0x14, 0xa5, 0x35, 0xad, 0x34, 0xa5,
    0x34, 0xa5, 0x34, 0xa5, 0x34, 0xa5, 0x34, 0xa5, 0x15, 0xad, 0x34, 0xa5,
    0x34, 0xa5, 0x35, 0xad, 0x14, 0xa5, 0x34, 0xa5, 0x34, 0xa5, 0x14, 0xa5,
    0x35, 0xad, 0x34, 0xa5, 0x55, 0xad, 0x49, 0x4a, 0x41, 0x08, 0x62, 0x08,
    0x62, 0x08, 0x62, 0x10, 0x81, 0x10, 0x62, 0x10, 0x62, 0x08, 0x82, 0x08,
    0x62, 0x10, 0x62, 0x10, 0x61, 0x08, 0x61, 0x08, 0x62, 0x10, 0x82, 0x08,
    0x62, 0x08, 0x61, 0x08, 0x62, 0x08, 0x81, 0x10, 0x62, 0x10, 0x62, 0x08,
    0x62, 0x10, 0x62, 0x10, 0x62, 0x10, 0x62, 0x08, 0x62, 0x08, 0x62, 0x10,
    0x62, 0x08, 0x62, 0x08, 0x82, 0x10, 0xe4, 0x18, 0x25, 0x21, 0x45, 0x29,
    0x65, 0x29, 0x45, 0x29, 0x45, 0x29, 0x25, 0x21, 0x86, 0x31, 0x8a, 0x52,
    0x6e, 0x6b, 0x10, 0x84, 0x72, 0x94, 0xd3, 0x9c, 0x14, 0xa5, 0x34, 0xa5,
    0x34, 0xa5, 0x35, 0xa5, 0x34, 0xa5, 0x14, 0xad, 0x15, 0xa5, 0x34, 0xa5,
    0x34, 0xa5, 0x15, 0xa5, 0x34, 0xad, 0x34, 0xa5, 0x14, 0xa5, 0x34, 0xad,
    0x14, 0xa5, 0x35, 0xa5, 0x34, 0xa5, 0x14, 0xa5, 0x34, 0xad, 0x14, 0xa5,
    0x34, 0xa5, 0x34, 0xa5, 0x34, 0xad, 0x34, 0xa5, 0x14, 0xad, 0x35, 0xa5,
    0x34, 0xa5, 0x15, 0xad, 0x34, 0xa5, 0x14, 0xa5, 0x34, 0xa5, 0x34, 0xa5,
    0x34, 0xa5, 0x35, 0xad, 0x15, 0xad, 0x35, 0xad, 0x34, 0xa5, 0x35, 0xad,
    0x34, 0xa5, 0x34, 0xa5, 0x35, 0xad, 0x34, 0xa5, 0x14, 0xa5, 0x34, 0xa5,
    0x35, 0xad, 0x14, 0xa5, 0x34, 0xa5, 0x35, 0xad, 0x15, 0xad, 0x35, 0xad,
    0x34, 0xa5, 0x15, 0xad, 0x14, 0xa5, 0x34, 0xa5, 0x34, 0xa5, 0x34, 0xa5,
    0x15, 0xad, 0x34, 0xa5, 0x34, 0xa5, 0x15, 0xad, 0x34, 0xa5, 0x34, 0xa5,
    0x14, 0xa5, 0x35, 0xad, 0x34, 0xa5, 0x14, 0xa5, 0x15, 0xad, 0x34, 0xa5,
    0x35, 0xad, 0x14, 0xa5, 0x34, 0xa5, 0x14, 0xa5, 0x35, 0xad, 0x34, 0xa5,
    0x14, 0xa5, 0x35, 0xad, 0x34, 0xa5, 0x14, 0xa5, 0x35, 0xad, 0x34, 0xa5,
    0x14, 0xa5, 0x35, 0xad, 0x34, 0xa5, 0x14, 0xa5, 0x15, 0xad, 0x35, 0xad,
    0x34, 0xa5, 0x34, 0xa5, 0x14, 0xa5, 0x34, 0xa5, 0x35, 0xad, 0x14, 0xa5,
    0x34, 0xa5, 0x35, 0xad, 0x14, 0xa5, 0x35, 0xad, 0x34, 0xa5, 0x14, 0xa5,
    0x15, 0xad, 0x34, 0xa5, 0x34, 0xa5, 0x34, 0xa5, 0x15, 0xad, 0x34, 0xa5,
    0x34, 0xa5, 0x15, 0xad, 0x34, 0xa5, 0x34, 0xa5, 0x15, 0xad, 0x15, 0xad,
    0x34, 0xa5, 0x34, 0xa5, 0x35, 0xad, 0x34, 0xa5, 0x15, 0xad, 0x35, 0xad,
    0x35, 0xad, 0x34, 0xa5, 0x35, 0xad, 0x34, 0xa5, 0x14, 0xa5, 0x35, 0xad,
    0x34, 0xa5, 0x34, 0xa5, 0x15, 0xad, 0x15, 0xad, 0x34, 0xa5, 0x34, 0xa5,
    0x34, 0xa5, 0x14, 0xa5, 0x35, 0xad, 0x34, 0xa5, 0x14, 0xa5, 0x35, 0xad,
    0x34, 0xa5, 0x15, 0xad, 0x55, 0xad, 0xaf, 0x7b, 0x41, 0x08, 0x62, 0x10,
    0x62, 0x10, 0x82, 0x08, 0x62, 0x10, 0x62, 0x08, 0x82, 0x10, 0x61, 0x10,
    0x61, 0x08, 0x62, 0x10, 0x82, 0x08, 0x62, 0x10, 0x82, 0x10, 0x61, 0x10,
    0x62, 0x08, 0x62, 0x10, 0x82, 0x10, 0x62, 0x08, 0x62, 0x10, 0x62, 0x10,
    0x82, 0x10, 0x61, 0x08, 0x62, 0x08, 0x82, 0x10, 0x61, 0x08, 0x61, 0x10,
    0x62, 0x08, 0x82, 0x10, 0xe3, 0x18, 0x25, 0x21, 0x45, 0x29, 0x65, 0x29,
    0x45, 0x29, 0x45, 0x29, 0x25, 0x21, 0x66, 0x31, 0x6a, 0x52, 0x6d, 0x6b,
    0x10, 0x84, 0x71, 0x94, 0xd3, 0x9c, 0x14, 0xa5, 0x34, 0xa5, 0x34, 0xa5,
    0x35, 0xad, 0x35, 0xad, 0x34, 0xad, 0x35, 0xa5, 0x34, 0xad, 0x35, 0xa5,
    0x15, 0xa5, 0x34, 0xad, 0x35, 0xa5, 0x14, 0xad, 0x34, 0xa5, 0x35, 0xa5,
    0x34, 0xad, 0x14, 0xa5, 0x35, 0xa5, 0x34, 0xad, 0x14, 0xa5, 0x35, 0xad,
    0x34, 0xa5, 0x14, 0xa5, 0x35, 0xad, 0x15, 0xad, 0x35, 0xa5, 0x34, 0xa5,
    0x15, 0xad, 0x34, 0xa5, 0x34, 0xad, 0x34, 0xa5, 0x15, 0xa5, 0x35, 0xad,
    0x34, 0xa5, 0x15, 0xad, 0x34, 0xa5, 0x34, 0xa5, 0x35, 0xad, 0x34, 0xa5,
    0x15, 0xad, 0x15, 0xad, 0x34, 0xa5, 0x15, 0xad, 0x35, 0xad, 0x34, 0xa5,
    0x34, 0xa5, 0x35, 0xad, 0x34, 0xa5, 0x35, 0xad, 0x34, 0xa5, 0x34, 0xa5,
    0x35, 0xad, 0x35, 0xad, 0x34, 0xa5, 0x35, 0xad, 0x35, 0xad, 0x15, 0xad,
    0x34, 0xa5, 0x35, 0xad, 0x15, 0xad, 0x34, 0xa5, 0x35, 0xad, 0x35, 0xad,
    0x35, 0xad, 0x34, 0xa5, 0x35, 0xad, 0x35, 0xad, 0x34, 0xa5, 0x35, 0xad,
    0x34, 0xa5, 0x35, 0xad, 0x35, 0xad, 0x35, 0xad, 0x34, 0xa5, 0x35, 0xad,
    0x35, 0xad, 0x34, 0xa5, 0x15, 0xad, 0x35, 0xad, 0x34, 0xa5, 0x35, 0xad,
    0x35, 0xad, 0x34, 0xa5, 0x35, 0xad, 0x35, 0xad, 0x34, 0xa5, 0x35, 0xad,
    0x34, 0xa5, 0x15, 0xad, 0x35, 0xad, 0x35, 0xad, 0x14, 0xa5, 0x35, 0xad,
    0x35, 0xad, 0x34, 0xa5, 0x35, 0xad, 0x34, 0xa5, 0x35, 0xad, 0x35, 0xad,
    0x34, 0xa5, 0x35, 0xad, 0x35, 0xad, 0x15, 0xad, 0x34, 0xa5, 0x35, 0xad,
    0x15, 0xad, 0x34, 0xa5, 0x35, 0xad, 0x35, 0xad, 0x34, 0xa5, 0x35, 0xad,
    0x34, 0xa5, 0x35, 0xad, 0x15, 0xad, 0x34, 0xa5, 0x35, 0xad, 0x14, 0xa5,
    0x34, 0xa5, 0x15, 0xad, 0x14, 0xa5, 0x35, 0xad, 0x35, 0xad, 0x14, 0xa5,
    0x35, 0xad, 0x15, 0xad, 0x34, 0xa5, 0x35, 0xad, 0x34, 0xa5, 0x35, 0xad,
    0x15, 0xad, 0x35, 0xad, 0x34, 0xa5, 0x15, 0xad, 0x35, 0xad, 0x34, 0xa5,
    0x35, 0xad, 0x34, 0xa5, 0x35, 0xad, 0xd3, 0x9c, 0xe4, 0x18, 0x62, 0x08,
    0x62, 0x10, 0x62, 0x10, 0x62, 0x08, 0x62, 0x10, 0x62, 0x10, 0x62, 0x08,
    0x62, 0x10, 0x82, 0x08, 0x61, 0x10, 0x62, 0x10, 0x62, 0x08, 0x61, 0x08,
    0x62, 0x10, 0x82, 0x08, 0x61, 0x10, 0x62, 0x10, 0x62, 0x08, 0x82, 0x10,
    0x62, 0x08, 0x62, 0x10, 0x61, 0x10, 0x82, 0x10, 0x62, 0x10, 0x62, 0x08,
    0x82, 0x10, 0xc3, 0x18, 0x25, 0x21, 0x45, 0x29, 0x66, 0x29, 0x66, 0x29,
    0x45, 0x29, 0x25, 0x29, 0x66, 0x29, 0x69, 0x4a, 0x4d, 0x6b, 0xf0, 0x83,
    0x72, 0x8c, 0xb3, 0x9c, 0x14, 0xa5, 0x34, 0xa5, 0x14, 0xa5, 0x34, 0xa5,
    0x15, 0xad, 0x14, 0xa5, 0x34, 0xa5, 0x14, 0xad, 0x35, 0xa5, 0x34, 0xad,
    0x34, 0xad, 0x35, 0xa5, 0x34, 0xad, 0x35, 0xa5, 0x35, 0xad, 0x34, 0xad,
    0x35, 0xa5, 0x35, 0xad, 0x34, 0xad, 0x35, 0xa5, 0x35, 0xad, 0x34, 0xa5,
    0x35, 0xad, 0x35, 0xad, 0x34, 0xa5, 0x35, 0xa5, 0x34, 0xa5, 0x34, 0xad,
    0x34, 0xa5, 0x35, 0xad, 0x34, 0xa5, 0x35, 0xad, 0x35, 0xad, 0x34, 0xa5,
    0x34, 0xa5, 0x34, 0xa5, 0x34, 0xa5, 0x34, 0xa5, 0x14, 0xa5, 0x34, 0xa5,
    0x34, 0xa5, 0x34, 0xa5, 0x34, 0xa5, 0x34, 0xa5, 0x34, 0xa5, 0x34, 0xa5,
    0x15, 0xad, 0x34, 0xa5, 0x34, 0xa5, 0x14, 0xa5, 0x34, 0xa5, 0x34, 0xa5,
    0x14, 0xa5, 0x34, 0xa5, 0x34, 0xa5, 0x34, 0xa5, 0x14, 0xa5, 0x34, 0xa5,
    0x34, 0xa5, 0x34, 0xa5, 0x34, 0xa5, 0x34, 0xa5, 0x34, 0xa5, 0x14, 0xa5,
    0x34, 0xa5, 0x34, 0xa5, 0x14, 0xa5, 0x34, 0xa5, 0x34, 0xa5, 0x34, 0xa5,
    0x14, 0xa5, 0x34, 0xa5, 0x34, 0xa5, 0x14, 0xa5, 0x34, 0xa5, 0x34, 0xa5,
    0x14, 0xa5, 0x34, 0xa5, 0x34, 0xa5, 0x34, 0xa5, 0x34, 0xa5, 0x14, 0xa5,
    0x34, 0xa5, 0x34, 0xa5, 0x14, 0xa5, 0x34, 0xa5, 0x34, 0xa5, 0x34, 0xa5,
    0x14, 0xa5, 0x34, 0xa5, 0x34, 0xa5, 0x34, 0xa5, 0x34, 0xa5, 0x34, 0xa5,
    0x34, 0xa5, 0x14, 0xa5, 0x34, 0xa5, 0x34, 0xa5, 0x14, 0xa5, 0x34, 0xa5,
    0x34, 0xa5, 0x34, 0xa5, 0x14, 0xa5, 0x34, 0xa5, 0x34, 0xa5, 0x34, 0xa5,
    0x34, 0xa5, 0x34, 0xa5, 0x34, 0xa5, 0x14, 0xa5, 0x34, 0xa5, 0x34, 0xa5,
    0x34, 0xa5, 0x14, 0xa5, 0x34, 0xa5, 0x34, 0xa5, 0x34, 0xa5, 0x34, 0xa5,
    0x34, 0xa5, 0x34, 0xa5, 0x34, 0xa5, 0x34, 0xa5, 0x34, 0xa5, 0x34, 0xa5,
    0x34, 0xa5, 0x34, 0xa5, 0x34, 0xa5, 0x34, 0xa5, 0x34, 0xa5, 0x14, 0xa5,
    0x34, 0xa5, 0x34, 0xa5, 0x34, 0xa5, 0x34, 0xa5, 0x34, 0xa5, 0x34, 0xa5,
    0x14, 0xa5, 0x34, 0xa5, 0x34, 0xa5, 0x55, 0xad, 0x08, 0x42, 0x41, 0x08,
    0x62, 0x10, 0x62, 0x08, 0x62, 0x10, 0x82, 0x10, 0x62, 0x08, 0x62, 0x10,
    0x62, 0x10, 0x62, 0x08, 0x62, 0x08, 0x62, 0x10, 0x62, 0x08, 0x62, 0x08,
    0x62, 0x10, 0x62, 0x10, 0x62, 0x08, 0x62, 0x10, 0x62, 0x10, 0x62, 0x08,
    0x62, 0x10, 0x62, 0x08, 0x62, 0x10, 0x62, 0x08, 0x62, 0x08, 0x82, 0x10,
    0xc3, 0x18, 0x24, 0x21, 0x45, 0x29, 0x66, 0x29, 0x45, 0x29, 0x45, 0x29,
    0x45, 0x29, 0x46, 0x29, 0x49, 0x42, 0x2d, 0x6b, 0xef, 0x7b, 0x51, 0x8c,
    0xb3, 0x9c, 0x14, 0xa5, 0x34, 0xa5, 0x34, 0xa5, 0x34, 0xa5, 0x35, 0xad,
    0x34, 0xa5, 0x34, 0xa5, 0x34, 0xa5, 0x35, 0xa5, 0x34, 0xa5, 0x34, 0xa5,
    0x14, 0xa5, 0x34, 0xa5, 0x34, 0xa5, 0x14, 0xa5, 0x34, 0xa5, 0x34, 0xa5,
    0x14, 0xa5, 0x34, 0xa5, 0x34, 0xa5, 0x14, 0xa5, 0x34, 0xa5, 0x34, 0xa5,
    0x14, 0xa5, 0x34, 0xa5, 0x34, 0xa5, 0x14, 0xa5, 0x34, 0xad, 0x34, 0xa5,
    0x15, 0xa5, 0x34, 0xa5, 0x34, 0xa5, 0x14, 0xa5, 0x34, 0xa5, 0x34, 0xa5
};
