// 4.24.2 0x906ae6e5 D2 AY R1 FARGB8888 U565 N0 SExtFlashSection
// Generated by imageconverter. Please, do not edit!

#include <touchgfx/hal/Config.hpp>

LOCATION_PRAGMA("ExtFlashSection")
KEEP extern const unsigned char image_background_small[] LOCATION_ATTRIBUTE("ExtFlashSection") = { // 280x50 ARGB8888 pixels.
    0x00, 0x00, 0x00, 0x00, 0x00, 0x00, 0x00, 0x00, 0x00, 0x00, 0x00, 0x00,
    0x00, 0x00, 0x00, 0x00, 0x00, 0x00, 0x00, 0x00, 0x00, 0x00, 0x00, 0x00,
    0x00, 0x00, 0x00, 0x00, 0x00, 0x00, 0x00, 0x00, 0x18, 0x0c, 0x08, 0x28,
    0x38, 0x1c, 0x08, 0x82, 0x38, 0x1c, 0x10, 0xbe, 0x30, 0x18, 0x10, 0xe7,
    0x38, 0x1c, 0x10, 0xf7, 0x38, 0x1c, 0x08, 0xff, 0x30, 0x1c, 0x10, 0xff,
    0x38, 0x18, 0x10, 0xff, 0x38, 0x1c, 0x08, 0xff, 0x30, 0x1c, 0x10, 0xff,
    0x38, 0x18, 0x10, 0xff, 0x38, 0x1c, 0x08, 0xff, 0x30, 0x18, 0x10, 0xff,
    0x38, 0x1c, 0x10, 0xff, 0x38, 0x1c, 0x10, 0xff, 0x38, 0x1c, 0x08, 0xff,
    0x38, 0x1c, 0x10, 0xff, 0x30, 0x1c, 0x10, 0xff, 0x38, 0x1c, 0x10, 0xff,
    0x38, 0x1c, 0x10, 0xff, 0x30, 0x1c, 0x10, 0xff, 0x38, 0x1c, 0x08, 0xff,
    0x38, 0x18, 0x08, 0xff, 0x38, 0x1c, 0x08, 0xff, 0x38, 0x1c, 0x08, 0xff,
    0x38, 0x18, 0x10, 0xff, 0x38, 0x1c, 0x10, 0xff, 0x38, 0x1c, 0x10, 0xff,
    0x38, 0x18, 0x08, 0xff, 0x38, 0x1c, 0x10, 0xfb, 0x30, 0x1c, 0x08, 0xeb,
    0x38, 0x18, 0x10, 0xc3, 0x28, 0x14, 0x08, 0x8a, 0x18, 0x0c, 0x08, 0x41,
    0x08, 0x04, 0x00, 0x00, 0x00, 0x00, 0x00, 0x00, 0x00, 0x00, 0x00, 0x00,
    0x00, 0x00, 0x00, 0x00, 0x00, 0x00, 0x00, 0x00, 0x00, 0x00, 0x00, 0x00,
    0x00, 0x00, 0x00, 0x00, 0x00, 0x00, 0x00, 0x00, 0x00, 0x00, 0x00, 0x00,
    0x00, 0x00, 0x00, 0x00, 0x00, 0x00, 0x00, 0x00, 0x00, 0x00, 0x00, 0x00,
    0x00, 0x00, 0x00, 0x00, 0x00, 0x00, 0x00, 0x00, 0x28, 0x14, 0x08, 0x49,
    0x38, 0x1c, 0x10, 0xbe, 0x38, 0x18, 0x10, 0xff, 0x38, 0x1c, 0x10, 0xff,
    0x38, 0x1c, 0x08, 0xff, 0x38, 0x1c, 0x10, 0xff, 0x38, 0x1c, 0x08, 0xff,
    0x38, 0x1c, 0x10, 0xff, 0x38, 0x1c, 0x10, 0xff, 0x38, 0x1c, 0x08, 0xff,
    0x38, 0x1c, 0x08, 0xff, 0x38, 0x1c, 0x10, 0xff, 0x38, 0x1c, 0x10, 0xff,
    0x38, 0x1c, 0x10, 0xff, 0x38, 0x1c, 0x08, 0xff, 0x38, 0x1c, 0x08, 0xff,
    0x38, 0x1c, 0x10, 0xff, 0x30, 0x1c, 0x10, 0xff, 0x38, 0x18, 0x08, 0xff,
    0x38, 0x1c, 0x10, 0xff, 0x38, 0x18, 0x08, 0xff, 0x38, 0x1c, 0x08, 0xff,
    0x38, 0x1c, 0x08, 0xff, 0x38, 0x18, 0x10, 0xff, 0x38, 0x1c, 0x10, 0xff,
    0x30, 0x1c, 0x10, 0xff, 0x38, 0x1c, 0x10, 0xff, 0x30, 0x1c, 0x10, 0xff,
    0x38, 0x1c, 0x08, 0xff, 0x38, 0x18, 0x08, 0xff, 0x30, 0x1c, 0x10, 0xff,
    0x38, 0x1c, 0x10, 0xff, 0x38, 0x18, 0x10, 0xff, 0x38, 0x1c, 0x08, 0xff,
    0x38, 0x1c, 0x10, 0xff, 0x38, 0x1c, 0x10, 0xff, 0x38, 0x1c, 0x08, 0xd3,
    0x28, 0x14, 0x08, 0x55, 0x00, 0x00, 0x00, 0x00, 0x00, 0x00, 0x00, 0x00,
    0x00, 0x00, 0x00, 0x00, 0x00, 0x00, 0x00, 0x00, 0x00, 0x00, 0x00, 0x00,
    0x00, 0x00, 0x00, 0x00, 0x00, 0x00, 0x00, 0x00, 0x00, 0x00, 0x00, 0x00,
    0x00, 0x00, 0x00, 0x00, 0x00, 0x00, 0x00, 0x00, 0x10, 0x04, 0x00, 0x08,
    0x30, 0x1c, 0x10, 0x96, 0x38, 0x1c, 0x10, 0xff, 0x38, 0x18, 0x08, 0xff,
    0x38, 0x1c, 0x08, 0xff, 0x38, 0x1c, 0x10, 0xff, 0x30, 0x1c, 0x10, 0xff,
    0x38, 0x1c, 0x08, 0xff, 0x38, 0x1c, 0x10, 0xff, 0x30, 0x18, 0x08, 0xff,
    0x38, 0x18, 0x10, 0xff, 0x38, 0x1c, 0x10, 0xff, 0x30, 0x1c, 0x10, 0xff,
    0x38, 0x18, 0x10, 0xff, 0x38, 0x1c, 0x08, 0xff, 0x30, 0x1c, 0x08, 0xff,
    0x38, 0x1c, 0x10, 0xff, 0x38, 0x1c, 0x10, 0xff, 0x30, 0x18, 0x08, 0xff,
    0x38, 0x18, 0x10, 0xff, 0x38, 0x1c, 0x10, 0xff, 0x38, 0x1c, 0x08, 0xff,
    0x38, 0x1c, 0x10, 0xff, 0x30, 0x18, 0x10, 0xff, 0x38, 0x1c, 0x10, 0xff,
    0x38, 0x1c, 0x10, 0xff, 0x38, 0x1c, 0x10, 0xff, 0x30, 0x1c, 0x10, 0xff,
    0x38, 0x18, 0x10, 0xff, 0x38, 0x1c, 0x10, 0xff, 0x38, 0x1c, 0x08, 0xff,
    0x30, 0x1c, 0x10, 0xff, 0x38, 0x1c, 0x10, 0xff, 0x38, 0x1c, 0x08, 0xff,
    0x38, 0x1c, 0x10, 0xff, 0x30, 0x1c, 0x10, 0xff, 0x38, 0x1c, 0x08, 0xff,
    0x38, 0x1c, 0x10, 0xff, 0x30, 0x1c, 0x08, 0xff, 0x38, 0x18, 0x10, 0xff,
    0x38, 0x1c, 0x10, 0xa6, 0x08, 0x04, 0x00, 0x0c, 0x00, 0x00, 0x00, 0x00,
    0x00, 0x00, 0x00, 0x00, 0x00, 0x00, 0x00, 0x00, 0x00, 0x00, 0x00, 0x00,
    0x00, 0x00, 0x00, 0x00, 0x00, 0x00, 0x00, 0x00, 0x00, 0x00, 0x00, 0x00,
    0x08, 0x04, 0x00, 0x18, 0x38, 0x1c, 0x10, 0xc7, 0x38, 0x1c, 0x10, 0xff,
    0x38, 0x1c, 0x10, 0xff, 0x30, 0x1c, 0x08, 0xff, 0x30, 0x1c, 0x10, 0xff,
    0x38, 0x1c, 0x08, 0xff, 0x38, 0x18, 0x10, 0xff, 0x30, 0x18, 0x10, 0xff,
    0x38, 0x1c, 0x08, 0xff, 0x38, 0x1c, 0x10, 0xff, 0x30, 0x1c, 0x10, 0xff,
    0x38, 0x18, 0x08, 0xff, 0x38, 0x1c, 0x08, 0xff, 0x30, 0x1c, 0x10, 0xff,
    0x38, 0x18, 0x10, 0xff, 0x38, 0x1c, 0x08, 0xff, 0x30, 0x18, 0x10, 0xff,
    0x38, 0x18, 0x10, 0xff, 0x38, 0x1c, 0x10, 0xff, 0x38, 0x1c, 0x08, 0xff,
    0x38, 0x1c, 0x10, 0xff, 0x30, 0x1c, 0x10, 0xff, 0x30, 0x1c, 0x08, 0xff,
    0x38, 0x1c, 0x10, 0xff, 0x30, 0x18, 0x10, 0xff, 0x30, 0x1c, 0x08, 0xff,
    0x38, 0x1c, 0x08, 0xff, 0x38, 0x18, 0x08, 0xff, 0x38, 0x1c, 0x08, 0xff,
    0x38, 0x18, 0x08, 0xff, 0x30, 0x1c, 0x10, 0xff, 0x38, 0x1c, 0x10, 0xff,
    0x38, 0x18, 0x08, 0xff, 0x38, 0x1c, 0x10, 0xff, 0x30, 0x18, 0x08, 0xff,
    0x38, 0x1c, 0x10, 0xff, 0x38, 0x1c, 0x10, 0xff, 0x30, 0x18, 0x08, 0xff,
    0x38, 0x18, 0x10, 0xff, 0x38, 0x1c, 0x08, 0xff, 0x38, 0x1c, 0x10, 0xff,
    0x30, 0x1c, 0x10, 0xd3, 0x10, 0x04, 0x00, 0x20, 0x00, 0x00, 0x00, 0x00,
    0x00, 0x00, 0x00, 0x00, 0x00, 0x00, 0x00, 0x00, 0x00, 0x00, 0x00, 0x00,
    0x00, 0x00, 0x00, 0x00, 0x10, 0x04, 0x00, 0x08, 0x38, 0x1c, 0x10, 0xc7,
    0x38, 0x1c, 0x10, 0xff, 0x38, 0x1c, 0x08, 0xff, 0x38, 0x1c, 0x08, 0xff,
    0x38, 0x18, 0x10, 0xff, 0x38, 0x1c, 0x10, 0xff, 0x38, 0x18, 0x10, 0xff,
    0x38, 0x1c, 0x08, 0xff, 0x38, 0x1c, 0x08, 0xff, 0x38, 0x18, 0x10, 0xff,
    0x30, 0x1c, 0x10, 0xff, 0x38, 0x1c, 0x10, 0xff, 0x38, 0x1c, 0x08, 0xff,
    0x30, 0x18, 0x10, 0xff, 0x38, 0x1c, 0x08, 0xff, 0x30, 0x1c, 0x10, 0xff,
    0x38, 0x1c, 0x10, 0xff, 0x38, 0x1c, 0x10, 0xff, 0x30, 0x1c, 0x08, 0xff,
    0x38, 0x1c, 0x08, 0xff, 0x38, 0x1c, 0x10, 0xff, 0x30, 0x1c, 0x08, 0xff,
    0x38, 0x18, 0x10, 0xff, 0x38, 0x18, 0x10, 0xff, 0x38, 0x1c, 0x08, 0xff,
    0x38, 0x1c, 0x08, 0xff, 0x38, 0x1c, 0x10, 0xff, 0x38, 0x18, 0x10, 0xff,
    0x38, 0x1c, 0x08, 0xff, 0x38, 0x1c, 0x10, 0xff, 0x30, 0x1c, 0x10, 0xff,
    0x38, 0x1c, 0x08, 0xff, 0x38, 0x18, 0x10, 0xff, 0x38, 0x1c, 0x08, 0xff,
    0x30, 0x1c, 0x10, 0xff, 0x38, 0x1c, 0x10, 0xff, 0x38, 0x18, 0x08, 0xff,
    0x38, 0x1c, 0x10, 0xff, 0x38, 0x1c, 0x10, 0xff, 0x38, 0x1c, 0x10, 0xff,
    0x38, 0x1c, 0x10, 0xff, 0x30, 0x1c, 0x08, 0xff, 0x38, 0x18, 0x08, 0xff,
    0x38, 0x1c, 0x08, 0xdb, 0x08, 0x04, 0x00, 0x14, 0x00, 0x00, 0x00, 0x00,
    0x00, 0x00, 0x00, 0x00, 0x00, 0x00, 0x00, 0x00, 0x00, 0x00, 0x00, 0x00,
    0x38, 0x1c, 0x08, 0x92, 0x30, 0x1c, 0x10, 0xff, 0x38, 0x1c, 0x10, 0xff,
    0x38, 0x1c, 0x08, 0xff, 0x30, 0x18, 0x10, 0xff, 0x38, 0x1c, 0x10, 0xff,
    0x38, 0x1c, 0x08, 0xff, 0x30, 0x1c, 0x10, 0xff, 0x30, 0x1c, 0x10, 0xff,
    0x38, 0x1c, 0x10, 0xff, 0x38, 0x1c, 0x10, 0xff, 0x38, 0x18, 0x08, 0xff,
    0x38, 0x1c, 0x08, 0xff, 0x38, 0x1c, 0x10, 0xff, 0x38, 0x1c, 0x10, 0xff,
    0x38, 0x1c, 0x10, 0xff, 0x38, 0x1c, 0x08, 0xff, 0x38, 0x18, 0x08, 0xff,
    0x38, 0x1c, 0x10, 0xff, 0x38, 0x1c, 0x08, 0xff, 0x30, 0x1c, 0x10, 0xff,
    0x38, 0x1c, 0x10, 0xff, 0x38, 0x18, 0x10, 0xff, 0x38, 0x1c, 0x08, 0xff,
    0x38, 0x1c, 0x08, 0xff, 0x38, 0x1c, 0x10, 0xff, 0x38, 0x1c, 0x10, 0xff,
    0x38, 0x18, 0x10, 0xff, 0x38, 0x1c, 0x10, 0xff, 0x30, 0x1c, 0x10, 0xff,
    0x30, 0x1c, 0x10, 0xff, 0x38, 0x1c, 0x10, 0xff, 0x38, 0x18, 0x10, 0xff,
    0x38, 0x1c, 0x10, 0xff, 0x30, 0x1c, 0x10, 0xff, 0x38, 0x1c, 0x08, 0xff,
    0x38, 0x1c, 0x10, 0xff, 0x38, 0x1c, 0x10, 0xff, 0x30, 0x18, 0x08, 0xff,
    0x30, 0x1c, 0x08, 0xff, 0x38, 0x1c, 0x08, 0xff, 0x38, 0x1c, 0x10, 0xff,
    0x30, 0x18, 0x10, 0xff, 0x38, 0x1c, 0x10, 0xff, 0x38, 0x1c, 0x10, 0xff,
    0x38, 0x1c, 0x08, 0xb2, 0x00, 0x00, 0x00, 0x00, 0x00, 0x00, 0x00, 0x00,
    0x00, 0x00, 0x00, 0x00, 0x18, 0x0c, 0x08, 0x34, 0x38, 0x1c, 0x10, 0xfb,
    0x38, 0x1c, 0x10, 0xff, 0x30, 0x18, 0x08, 0xff, 0x38, 0x18, 0x10, 0xff,
    0x38, 0x1c, 0x10, 0xff, 0x30, 0x1c, 0x08, 0xff, 0x38, 0x1c, 0x10, 0xff,
    0x38, 0x18, 0x08, 0xff, 0x38, 0x1c, 0x10, 0xff, 0x38, 0x1c, 0x08, 0xff,
    0x30, 0x1c, 0x08, 0xff, 0x38, 0x1c, 0x10, 0xff, 0x38, 0x1c, 0x10, 0xff,
    0x30, 0x18, 0x08, 0xff, 0x38, 0x1c, 0x10, 0xff, 0x38, 0x1c, 0x10, 0xff,
    0x38, 0x18, 0x08, 0xff, 0x38, 0x1c, 0x10, 0xff, 0x30, 0x1c, 0x10, 0xff,
    0x38, 0x18, 0x10, 0xff, 0x38, 0x18, 0x10, 0xff, 0x38, 0x1c, 0x10, 0xff,
    0x38, 0x1c, 0x08, 0xff, 0x30, 0x1c, 0x10, 0xff, 0x38, 0x1c, 0x10, 0xff,
    0x30, 0x18, 0x10, 0xff, 0x30, 0x1c, 0x10, 0xff, 0x38, 0x1c, 0x08, 0xff,
    0x30, 0x1c, 0x08, 0xff, 0x38, 0x1c, 0x08, 0xff, 0x38, 0x1c, 0x10, 0xff,
    0x38, 0x18, 0x08, 0xff, 0x38, 0x1c, 0x08, 0xff, 0x30, 0x1c, 0x08, 0xff,
    0x38, 0x1c, 0x08, 0xff, 0x38, 0x18, 0x10, 0xff, 0x38, 0x18, 0x10, 0xff,
    0x38, 0x1c, 0x08, 0xff, 0x38, 0x1c, 0x10, 0xff, 0x38, 0x1c, 0x10, 0xff,
    0x30, 0x18, 0x10, 0xff, 0x38, 0x18, 0x08, 0xff, 0x38, 0x1c, 0x10, 0xff,
    0x38, 0x1c, 0x08, 0xff, 0x30, 0x1c, 0x10, 0xff, 0x38, 0x1c, 0x10, 0xff,
    0x28, 0x14, 0x08, 0x55, 0x00, 0x00, 0x00, 0x00, 0x00, 0x00, 0x00, 0x00,
    0x38, 0x1c, 0x10, 0xc3, 0x38, 0x1c, 0x08, 0xff, 0x38, 0x18, 0x10, 0xff,
    0x38, 0x1c, 0x08, 0xff, 0x38, 0x1c, 0x08, 0xff, 0x30, 0x1c, 0x10, 0xff,
    0x38, 0x1c, 0x10, 0xff, 0x38, 0x18, 0x08, 0xff, 0x38, 0x1c, 0x10, 0xff,
    0x38, 0x1c, 0x08, 0xff, 0x38, 0x18, 0x10, 0xff, 0x38, 0x18, 0x10, 0xff,
    0x30, 0x1c, 0x10, 0xff, 0x38, 0x1c, 0x10, 0xff, 0x38, 0x1c, 0x10, 0xff,
    0x30, 0x18, 0x08, 0xff, 0x38, 0x1c, 0x08, 0xff, 0x30, 0x18, 0x10, 0xff,
    0x30, 0x1c, 0x10, 0xff, 0x38, 0x1c, 0x08, 0xff, 0x38, 0x1c, 0x08, 0xff,
    0x38, 0x1c, 0x10, 0xff, 0x38, 0x1c, 0x08, 0xff, 0x30, 0x18, 0x08, 0xff,
    0x38, 0x1c, 0x10, 0xff, 0x38, 0x1c, 0x10, 0xff, 0x38, 0x1c, 0x08, 0xff,
    0x38, 0x18, 0x08, 0xff, 0x38, 0x1c, 0x10, 0xff, 0x38, 0x1c, 0x10, 0xff,
    0x38, 0x18, 0x10, 0xff, 0x38, 0x18, 0x08, 0xff, 0x38, 0x1c, 0x10, 0xff,
    0x38, 0x1c, 0x10, 0xff, 0x38, 0x1c, 0x10, 0xff, 0x30, 0x18, 0x10, 0xff,
    0x38, 0x1c, 0x10, 0xff, 0x38, 0x1c, 0x08, 0xff, 0x30, 0x1c, 0x08, 0xff,
    0x38, 0x1c, 0x10, 0xff, 0x38, 0x1c, 0x10, 0xff, 0x38, 0x1c, 0x10, 0xff,
    0x38, 0x1c, 0x10, 0xff, 0x38, 0x1c, 0x08, 0xff, 0x30, 0x1c, 0x10, 0xff,
    0x38, 0x18, 0x08, 0xff, 0x30, 0x18, 0x10, 0xff, 0x38, 0x1c, 0x10, 0xd7,
    0x10, 0x04, 0x00, 0x04, 0x18, 0x0c, 0x08, 0x2c, 0x38, 0x1c, 0x10, 0xff,
    0x38, 0x1c, 0x08, 0xff, 0x30, 0x1c, 0x08, 0xff, 0x38, 0x1c, 0x10, 0xff,
    0x38, 0x1c, 0x10, 0xff, 0x38, 0x18, 0x10, 0xff, 0x38, 0x1c, 0x08, 0xff,
    0x30, 0x1c, 0x10, 0xff, 0x30, 0x1c, 0x10, 0xff, 0x38, 0x1c, 0x10, 0xff,
    0x38, 0x1c, 0x10, 0xff, 0x30, 0x1c, 0x10, 0xff, 0x38, 0x1c, 0x08, 0xff,
    0x38, 0x18, 0x08, 0xff, 0x30, 0x1c, 0x08, 0xff, 0x38, 0x1c, 0x10, 0xff,
    0x38, 0x1c, 0x10, 0xff, 0x38, 0x1c, 0x08, 0xff, 0x38, 0x1c, 0x10, 0xff,
    0x38, 0x18, 0x10, 0xff, 0x30, 0x1c, 0x08, 0xff, 0x38, 0x1c, 0x10, 0xff,
    0x30, 0x1c, 0x10, 0xff, 0x38, 0x1c, 0x10, 0xff, 0x38, 0x18, 0x08, 0xff,
    0x38, 0x1c, 0x08, 0xff, 0x30, 0x18, 0x10, 0xff, 0x38, 0x1c, 0x10, 0xff,
    0x38, 0x1c, 0x10, 0xff, 0x30, 0x18, 0x08, 0xff, 0x38, 0x1c, 0x10, 0xff,
    0x30, 0x1c, 0x10, 0xff, 0x30, 0x1c, 0x08, 0xff, 0x38, 0x18, 0x10, 0xff,
    0x30, 0x1c, 0x10, 0xff, 0x38, 0x1c, 0x10, 0xff, 0x30, 0x1c, 0x08, 0xff,
    0x38, 0x1c, 0x10, 0xff, 0x38, 0x1c, 0x10, 0xff, 0x30, 0x18, 0x08, 0xff,
    0x38, 0x18, 0x08, 0xff, 0x38, 0x1c, 0x08, 0xff, 0x38, 0x1c, 0x10, 0xff,
    0x30, 0x1c, 0x10, 0xff, 0x38, 0x18, 0x10, 0xff, 0x38, 0x1c, 0x10, 0xff,
    0x38, 0x1c, 0x08, 0xff, 0x30, 0x1c, 0x08, 0xff, 0x18, 0x0c, 0x08, 0x51,
    0x28, 0x14, 0x08, 0x79, 0x38, 0x18, 0x08, 0xff, 0x38, 0x1c, 0x10, 0xff,
    0x30, 0x1c, 0x10, 0xff, 0x38, 0x18, 0x10, 0xff, 0x38, 0x1c, 0x10, 0xff,
    0x30, 0x1c, 0x08, 0xff, 0x38, 0x1c, 0x08, 0xff, 0x38, 0x18, 0x10, 0xff,
    0x38, 0x1c, 0x10, 0xff, 0x30, 0x18, 0x08, 0xff, 0x38, 0x1c, 0x08, 0xff,
    0x38, 0x1c, 0x08, 0xff, 0x38, 0x1c, 0x10, 0xff, 0x38, 0x1c, 0x10, 0xff,
    0x38, 0x18, 0x10, 0xff, 0x38, 0x1c, 0x10, 0xff, 0x38, 0x1c, 0x10, 0xff,
    0x30, 0x1c, 0x10, 0xff, 0x38, 0x1c, 0x08, 0xff, 0x38, 0x18, 0x10, 0xff,
    0x38, 0x1c, 0x10, 0xff, 0x30, 0x18, 0x08, 0xff, 0x38, 0x18, 0x10, 0xff,
    0x38, 0x1c, 0x08, 0xff, 0x38, 0x1c, 0x10, 0xff, 0x30, 0x1c, 0x10, 0xff,
    0x38, 0x1c, 0x10, 0xff, 0x38, 0x1c, 0x08, 0xff, 0x30, 0x1c, 0x08, 0xff,
    0x38, 0x1c, 0x10, 0xff, 0x38, 0x1c, 0x08, 0xff, 0x38, 0x1c, 0x10, 0xff,
    0x38, 0x1c, 0x10, 0xff, 0x38, 0x1c, 0x08, 0xff, 0x38, 0x1c, 0x08, 0xff,
    0x38, 0x18, 0x08, 0xff, 0x38, 0x1c, 0x10, 0xff, 0x30, 0x1c, 0x08, 0xff,
    0x38, 0x18, 0x10, 0xff, 0x38, 0x1c, 0x10, 0xff, 0x38, 0x1c, 0x10, 0xff,
    0x30, 0x1c, 0x10, 0xff, 0x30, 0x18, 0x08, 0xff, 0x38, 0x1c, 0x08, 0xff,
    0x38, 0x1c, 0x08, 0xff, 0x38, 0x1c, 0x10, 0xff, 0x38, 0x1c, 0x10, 0xff,
    0x38, 0x18, 0x10, 0xff, 0x38, 0x1c, 0x08, 0xae, 0x38, 0x1c, 0x10, 0xbe,
    0x30, 0x1c, 0x10, 0xff, 0x38, 0x1c, 0x10, 0xff, 0x38, 0x18, 0x10, 0xff,
    0x38, 0x1c, 0x08, 0xff, 0x38, 0x1c, 0x08, 0xff, 0x30, 0x1c, 0x10, 0xff,
    0x38, 0x18, 0x10, 0xff, 0x38, 0x1c, 0x08, 0xff, 0x38, 0x1c, 0x10, 0xff,
    0x38, 0x1c, 0x08, 0xff, 0x30, 0x18, 0x10, 0xff, 0x38, 0x18, 0x10, 0xff,
    0x38, 0x1c, 0x08, 0xff, 0x30, 0x1c, 0x10, 0xff, 0x38, 0x1c, 0x10, 0xff,
    0x38, 0x1c, 0x08, 0xff, 0x38, 0x18, 0x08, 0xff, 0x30, 0x18, 0x08, 0xff,
    0x38, 0x1c, 0x10, 0xff, 0x38, 0x1c, 0x08, 0xff, 0x38, 0x1c, 0x08, 0xff,
    0x38, 0x1c, 0x10, 0xff, 0x38, 0x1c, 0x08, 0xff, 0x38, 0x1c, 0x10, 0xff,
    0x30, 0x1c, 0x10, 0xff, 0x38, 0x18, 0x10, 0xff, 0x38, 0x1c, 0x08, 0xff,
    0x38, 0x1c, 0x10, 0xff, 0x38, 0x1c, 0x10, 0xff, 0x38, 0x18, 0x10, 0xff,
    0x38, 0x1c, 0x10, 0xff, 0x38, 0x1c, 0x08, 0xff, 0x38, 0x18, 0x08, 0xff,
    0x30, 0x1c, 0x10, 0xff, 0x38, 0x1c, 0x10, 0xff, 0x38, 0x1c, 0x10, 0xff,
    0x38, 0x18, 0x10, 0xff, 0x38, 0x1c, 0x10, 0xff, 0x38, 0x1c, 0x08, 0xff,
    0x38, 0x1c, 0x10, 0xff, 0x30, 0x1c, 0x08, 0xff, 0x38, 0x18, 0x10, 0xff,
    0x38, 0x1c, 0x10, 0xff, 0x38, 0x1c, 0x10, 0xff, 0x38, 0x1c, 0x10, 0xff,
    0x38, 0x18, 0x08, 0xff, 0x30, 0x1c, 0x08, 0xff, 0x38, 0x1c, 0x10, 0xff,
    0x38, 0x1c, 0x10, 0xeb, 0x38, 0x1c, 0x10, 0xdb, 0x38, 0x1c, 0x08, 0xff,
    0x38, 0x18, 0x08, 0xff, 0x38, 0x1c, 0x08, 0xff, 0x30, 0x1c, 0x10, 0xff,
    0x38, 0x1c, 0x10, 0xff, 0x38, 0x18, 0x08, 0xff, 0x38, 0x1c, 0x10, 0xff,
    0x30, 0x1c, 0x10, 0xff, 0x38, 0x1c, 0x08, 0xff, 0x38, 0x1c, 0x10, 0xff,
    0x38, 0x1c, 0x10, 0xff, 0x30, 0x1c, 0x10, 0xff, 0x38, 0x1c, 0x10, 0xff,
    0x38, 0x18, 0x08, 0xff, 0x30, 0x1c, 0x08, 0xff, 0x38, 0x1c, 0x10, 0xff,
    0x30, 0x1c, 0x10, 0xff, 0x38, 0x1c, 0x10, 0xff, 0x38, 0x1c, 0x10, 0xff,
    0x30, 0x18, 0x10, 0xff, 0x30, 0x1c, 0x10, 0xff, 0x38, 0x1c, 0x10, 0xff,
    0x38, 0x1c, 0x10, 0xff, 0x30, 0x1c, 0x10, 0xff, 0x38, 0x18, 0x08, 0xff,
    0x38, 0x1c, 0x08, 0xff, 0x38, 0x1c, 0x10, 0xff, 0x30, 0x18, 0x10, 0xff,
    0x30, 0x18, 0x10, 0xff, 0x38, 0x1c, 0x08, 0xff, 0x30, 0x1c, 0x08, 0xff,
    0x30, 0x18, 0x10, 0xff, 0x38, 0x1c, 0x10, 0xff, 0x38, 0x18, 0x10, 0xff,
    0x30, 0x18, 0x10, 0xff, 0x38, 0x1c, 0x08, 0xff, 0x30, 0x1c, 0x08, 0xff,
    0x38, 0x1c, 0x10, 0xff, 0x38, 0x18, 0x10, 0xff, 0x30, 0x1c, 0x08, 0xff,
    0x38, 0x18, 0x10, 0xff, 0x38, 0x1c, 0x08, 0xff, 0x38, 0x1c, 0x10, 0xff,
    0x38, 0x1c, 0x08, 0xff, 0x30, 0x18, 0x10, 0xff, 0x30, 0x1c, 0x10, 0xff,
    0x38, 0x1c, 0x10, 0xff, 0x30, 0x1c, 0x08, 0xff, 0x38, 0x18, 0x10, 0xff,
    0x38, 0x1c, 0x08, 0xf3, 0x38, 0x18, 0x10, 0xff, 0x38, 0x1c, 0x10, 0xff,
    0x30, 0x1c, 0x10, 0xff, 0x38, 0x1c, 0x10, 0xff, 0x38, 0x18, 0x10, 0xff,
    0x38, 0x1c, 0x10, 0xff, 0x30, 0x1c, 0x08, 0xff, 0x38, 0x18, 0x10, 0xff,
    0x30, 0x18, 0x10, 0xff, 0x38, 0x1c, 0x08, 0xff, 0x38, 0x1c, 0x10, 0xff,
    0x38, 0x1c, 0x08, 0xff, 0x38, 0x18, 0x10, 0xff, 0x30, 0x1c, 0x10, 0xff,
    0x38, 0x1c, 0x08, 0xff, 0x38, 0x18, 0x10, 0xff, 0x38, 0x1c, 0x10, 0xff,
    0x38, 0x1c, 0x08, 0xff, 0x38, 0x1c, 0x08, 0xff, 0x38, 0x1c, 0x10, 0xff,
    0x38, 0x18, 0x08, 0xff, 0x38, 0x1c, 0x10, 0xff, 0x30, 0x18, 0x08, 0xff,
    0x38, 0x18, 0x08, 0xff, 0x38, 0x1c, 0x10, 0xff, 0x38, 0x1c, 0x10, 0xff,
    0x38, 0x1c, 0x08, 0xff, 0x38, 0x1c, 0x08, 0xff, 0x38, 0x1c, 0x08, 0xff,
    0x38, 0x1c, 0x10, 0xff, 0x38, 0x18, 0x10, 0xff, 0x38, 0x1c, 0x10, 0xff,
    0x38, 0x1c, 0x10, 0xff, 0x38, 0x1c, 0x08, 0xff, 0x38, 0x1c, 0x08, 0xff,
    0x38, 0x1c, 0x10, 0xff, 0x38, 0x1c, 0x10, 0xff, 0x30, 0x18, 0x08, 0xff,
    0x38, 0x1c, 0x10, 0xff, 0x38, 0x1c, 0x10, 0xff, 0x38, 0x1c, 0x10, 0xff,
    0x38, 0x1c, 0x10, 0xff, 0x30, 0x1c, 0x08, 0xff, 0x38, 0x18, 0x10, 0xff,
    0x38, 0x1c, 0x08, 0xff, 0x38, 0x1c, 0x10, 0xff, 0x38, 0x1c, 0x08, 0xff,
    0x38, 0x18, 0x10, 0xff, 0x30, 0x1c, 0x08, 0xff, 0x38, 0x1c, 0x10, 0xff,
    0x30, 0x1c, 0x10, 0xff, 0x30, 0x1c, 0x10, 0xff, 0x38, 0x1c, 0x08, 0xff,
    0x38, 0x18, 0x08, 0xff, 0x38, 0x1c, 0x08, 0xff, 0x30, 0x1c, 0x08, 0xff,
    0x38, 0x1c, 0x10, 0xff, 0x38, 0x1c, 0x08, 0xff, 0x38, 0x1c, 0x10, 0xff,
    0x38, 0x18, 0x10, 0xff, 0x30, 0x1c, 0x10, 0xff, 0x38, 0x18, 0x08, 0xff,
    0x38, 0x1c, 0x08, 0xff, 0x38, 0x1c, 0x10, 0xff, 0x38, 0x1c, 0x10, 0xff,
    0x38, 0x1c, 0x10, 0xff, 0x30, 0x18, 0x08, 0xff, 0x38, 0x18, 0x10, 0xff,
    0x38, 0x1c, 0x10, 0xff, 0x30, 0x1c, 0x08, 0xff, 0x38, 0x1c, 0x10, 0xff,
    0x38, 0x1c, 0x08, 0xff, 0x30, 0x1c, 0x10, 0xff, 0x38, 0x1c, 0x10, 0xff,
    0x38, 0x1c, 0x10, 0xff, 0x30, 0x1c, 0x10, 0xff, 0x30, 0x18, 0x10, 0xff,
    0x38, 0x1c, 0x10, 0xff, 0x38, 0x1c, 0x10, 0xff, 0x30, 0x1c, 0x08, 0xff,
    0x38, 0x1c, 0x10, 0xff, 0x38, 0x1c, 0x08, 0xff, 0x30, 0x1c, 0x08, 0xff,
    0x30, 0x1c, 0x10, 0xff, 0x38, 0x1c, 0x10, 0xff, 0x38, 0x1c, 0x08, 0xff,
    0x30, 0x18, 0x10, 0xff, 0x38, 0x1c, 0x10, 0xff, 0x38, 0x1c, 0x08, 0xff,
    0x38, 0x1c, 0x08, 0xff, 0x30, 0x1c, 0x08, 0xff, 0x38, 0x18, 0x10, 0xff,
    0x38, 0x1c, 0x10, 0xff, 0x30, 0x18, 0x10, 0xff, 0x38, 0x1c, 0x10, 0xff,
    0x38, 0x1c, 0x08, 0xff, 0x38, 0x18, 0x10, 0xff, 0x38, 0x1c, 0x10, 0xff,
    0x38, 0x1c, 0x10, 0xff, 0x38, 0x1c, 0x10, 0xff, 0x38, 0x18, 0x08, 0xff,
    0x38, 0x1c, 0x08, 0xff, 0x38, 0x1c, 0x10, 0xff, 0x38, 0x18, 0x10, 0xff,
    0x30, 0x1c, 0x10, 0xff, 0x38, 0x1c, 0x10, 0xff, 0x38, 0x18, 0x10, 0xff,
    0x38, 0x1c, 0x10, 0xff, 0x38, 0x1c, 0x08, 0xff, 0x38, 0x1c, 0x08, 0xff,
    0x30, 0x1c, 0x08, 0xff, 0x38, 0x1c, 0x10, 0xff, 0x30, 0x1c, 0x10, 0xff,
    0x38, 0x1c, 0x08, 0xff, 0x38, 0x18, 0x10, 0xff, 0x30, 0x1c, 0x08, 0xff,
    0x38, 0x1c, 0x08, 0xff, 0x38, 0x1c, 0x10, 0xff, 0x30, 0x1c, 0x10, 0xff,
    0x38, 0x18, 0x10, 0xff, 0x38, 0x1c, 0x10, 0xff, 0x38, 0x18, 0x10, 0xff,
    0x38, 0x1c, 0x08, 0xff, 0x38, 0x1c, 0x10, 0xff, 0x38, 0x1c, 0x08, 0xff,
    0x38, 0x18, 0x08, 0xff, 0x38, 0x1c, 0x08, 0xff, 0x30, 0x18, 0x10, 0xff,
    0x38, 0x18, 0x10, 0xff, 0x38, 0x1c, 0x10, 0xff, 0x30, 0x1c, 0x08, 0xff,
    0x38, 0x18, 0x10, 0xff, 0x38, 0x1c, 0x10, 0xff, 0x38, 0x18, 0x08, 0xff,
    0x38, 0x18, 0x10, 0xff, 0x30, 0x1c, 0x10, 0xff, 0x38, 0x1c, 0x08, 0xff,
    0x38, 0x1c, 0x10, 0xff, 0x38, 0x1c, 0x10, 0xff, 0x30, 0x18, 0x10, 0xff,
    0x38, 0x18, 0x10, 0xff, 0x38, 0x1c, 0x08, 0xff, 0x30, 0x1c, 0x08, 0xff,
    0x38, 0x1c, 0x08, 0xff, 0x38, 0x1c, 0x10, 0xff, 0x30, 0x1c, 0x10, 0xff,
    0x30, 0x18, 0x08, 0xff, 0x38, 0x1c, 0x08, 0xff, 0x38, 0x1c, 0x10, 0xff,
    0x38, 0x1c, 0x08, 0xff, 0x38, 0x1c, 0x10, 0xff, 0x38, 0x18, 0x10, 0xff,
    0x38, 0x1c, 0x08, 0xff, 0x30, 0x1c, 0x10, 0xff, 0x38, 0x1c, 0x10, 0xff,
    0x38, 0x1c, 0x08, 0xff, 0x38, 0x18, 0x10, 0xff, 0x30, 0x1c, 0x08, 0xff,
    0x30, 0x1c, 0x10, 0xff, 0x38, 0x1c, 0x10, 0xff, 0x38, 0x1c, 0x10, 0xff,
    0x38, 0x18, 0x10, 0xff, 0x38, 0x1c, 0x10, 0xff, 0x30, 0x1c, 0x10, 0xff,
    0x38, 0x18, 0x08, 0xff, 0x38, 0x1c, 0x10, 0xff, 0x38, 0x1c, 0x10, 0xff,
    0x30, 0x1c, 0x08, 0xff, 0x38, 0x18, 0x10, 0xff, 0x38, 0x1c, 0x08, 0xff,
    0x38, 0x1c, 0x08, 0xff, 0x30, 0x1c, 0x10, 0xff, 0x30, 0x18, 0x10, 0xff,
    0x38, 0x1c, 0x08, 0xff, 0x38, 0x18, 0x10, 0xff, 0x30, 0x1c, 0x10, 0xff,
    0x38, 0x1c, 0x10, 0xff, 0x38, 0x1c, 0x08, 0xff, 0x38, 0x1c, 0x08, 0xff,
    0x38, 0x1c, 0x08, 0xff, 0x38, 0x18, 0x10, 0xff, 0x38, 0x1c, 0x10, 0xff,
    0x38, 0x1c, 0x10, 0xff, 0x38, 0x1c, 0x10, 0xff, 0x38, 0x1c, 0x08, 0xff,
    0x38, 0x1c, 0x10, 0xff, 0x38, 0x18, 0x10, 0xff, 0x38, 0x1c, 0x08, 0xff,
    0x30, 0x1c, 0x08, 0xff, 0x38, 0x1c, 0x10, 0xff, 0x38, 0x1c, 0x10, 0xff,
    0x38, 0x1c, 0x10, 0xff, 0x38, 0x1c, 0x10, 0xff, 0x38, 0x1c, 0x10, 0xff,
    0x38, 0x1c, 0x08, 0xff, 0x38, 0x18, 0x08, 0xff, 0x38, 0x1c, 0x10, 0xff,
    0x38, 0x1c, 0x10, 0xff, 0x30, 0x1c, 0x08, 0xff, 0x38, 0x1c, 0x10, 0xff,
    0x30, 0x18, 0x10, 0xff, 0x30, 0x1c, 0x10, 0xff, 0x38, 0x1c, 0x10, 0xff,
    0x30, 0x1c, 0x08, 0xff, 0x38, 0x18, 0x08, 0xff, 0x38, 0x1c, 0x10, 0xff,
    0x38, 0x1c, 0x08, 0xff, 0x38, 0x18, 0x10, 0xff, 0x38, 0x1c, 0x08, 0xff,
    0x38, 0x18, 0x10, 0xff, 0x30, 0x18, 0x10, 0xff, 0x38, 0x1c, 0x08, 0xff,
    0x38, 0x18, 0x08, 0xff, 0x38, 0x1c, 0x10, 0xff, 0x38, 0x1c, 0x10, 0xff,
    0x30, 0x1c, 0x08, 0xff, 0x38, 0x1c, 0x10, 0xff, 0x38, 0x18, 0x10, 0xff,
    0x38, 0x1c, 0x08, 0xff, 0x38, 0x1c, 0x10, 0xff, 0x30, 0x1c, 0x10, 0xff,
    0x38, 0x1c, 0x08, 0xff, 0x38, 0x1c, 0x08, 0xff, 0x38, 0x1c, 0x10, 0xff,
    0x30, 0x1c, 0x10, 0xff, 0x38, 0x1c, 0x08, 0xff, 0x38, 0x1c, 0x10, 0xff,
    0x38, 0x1c, 0x10, 0xff, 0x38, 0x1c, 0x10, 0xff, 0x30, 0x1c, 0x10, 0xff,
    0x38, 0x1c, 0x10, 0xff, 0x38, 0x1c, 0x08, 0xff, 0x30, 0x1c, 0x08, 0xff,
    0x30, 0x18, 0x08, 0xff, 0x38, 0x1c, 0x10, 0xff, 0x38, 0x1c, 0x08, 0xff,
    0x30, 0x18, 0x10, 0xff, 0x38, 0x1c, 0x10, 0xff, 0x30, 0x18, 0x10, 0xff,
    0x38, 0x1c, 0x08, 0xff, 0x38, 0x1c, 0x08, 0xff, 0x38, 0x1c, 0x08, 0xff,
    0x30, 0x18, 0x10, 0xff, 0x38, 0x18, 0x10, 0xff, 0x30, 0x1c, 0x10, 0xff,
    0x38, 0x1c, 0x10, 0xff, 0x38, 0x1c, 0x10, 0xff, 0x38, 0x1c, 0x10, 0xff,
    0x38, 0x1c, 0x10, 0xff, 0x38, 0x1c, 0x10, 0xff, 0x38, 0x1c, 0x08, 0xff,
    0x38, 0x1c, 0x08, 0xff, 0x38, 0x1c, 0x08, 0xff, 0x38, 0x18, 0x10, 0xff,
    0x38, 0x1c, 0x10, 0xff, 0x30, 0x1c, 0x10, 0xff, 0x38, 0x1c, 0x10, 0xff,
    0x30, 0x1c, 0x10, 0xff, 0x38, 0x1c, 0x10, 0xff, 0x38, 0x1c, 0x08, 0xff,
    0x38, 0x1c, 0x08, 0xff, 0x38, 0x1c, 0x10, 0xff, 0x30, 0x1c, 0x10, 0xff,
    0x38, 0x18, 0x08, 0xff, 0x38, 0x1c, 0x10, 0xff, 0x38, 0x1c, 0x10, 0xff,
    0x38, 0x18, 0x08, 0xff, 0x38, 0x1c, 0x10, 0xff, 0x30, 0x1c, 0x10, 0xff,
    0x38, 0x1c, 0x08, 0xff, 0x38, 0x18, 0x10, 0xff, 0x38, 0x18, 0x10, 0xff,
    0x38, 0x1c, 0x10, 0xff, 0x30, 0x1c, 0x10, 0xff, 0x38, 0x18, 0x08, 0xff,
    0x38, 0x1c, 0x10, 0xff, 0x38, 0x1c, 0x08, 0xff, 0x30, 0x18, 0x10, 0xff,
    0x30, 0x18, 0x10, 0xff, 0x38, 0x1c, 0x08, 0xff, 0x30, 0x18, 0x08, 0xff,
    0x38, 0x1c, 0x10, 0xff, 0x38, 0x1c, 0x10, 0xff, 0x38, 0x18, 0x10, 0xff,
    0x38, 0x1c, 0x10, 0xff, 0x30, 0x1c, 0x10, 0xff, 0x38, 0x1c, 0x08, 0xff,
    0x38, 0x1c, 0x08, 0xff, 0x38, 0x1c, 0x10, 0xff, 0x38, 0x18, 0x10, 0xff,
    0x38, 0x1c, 0x10, 0xff, 0x30, 0x18, 0x10, 0xff, 0x38, 0x1c, 0x08, 0xff,
    0x38, 0x1c, 0x08, 0xff, 0x38, 0x1c, 0x10, 0xff, 0x30, 0x18, 0x10, 0xff,
    0x30, 0x1c, 0x08, 0xff, 0x38, 0x18, 0x08, 0xff, 0x30, 0x18, 0x08, 0xff,
    0x38, 0x1c, 0x08, 0xff, 0x38, 0x18, 0x10, 0xff, 0x38, 0x1c, 0x10, 0xff,
    0x38, 0x1c, 0x10, 0xff, 0x30, 0x18, 0x10, 0xff, 0x38, 0x1c, 0x10, 0xff,
    0x38, 0x1c, 0x08, 0xff, 0x30, 0x18, 0x08, 0xff, 0x38, 0x1c, 0x08, 0xff,
    0x38, 0x1c, 0x10, 0xff, 0x30, 0x18, 0x10, 0xff, 0x38, 0x1c, 0x08, 0xff,
    0x38, 0x1c, 0x10, 0xff, 0x38, 0x1c, 0x10, 0xff, 0x30, 0x1c, 0x08, 0xff,
    0x30, 0x1c, 0x08, 0xff, 0x38, 0x18, 0x10, 0xff, 0x38, 0x1c, 0x10, 0xff,
    0x30, 0x1c, 0x08, 0xff, 0x38, 0x1c, 0x08, 0xff, 0x38, 0x1c, 0x10, 0xff,
    0x38, 0x1c, 0x08, 0xff, 0x30, 0x1c, 0x10, 0xff, 0x38, 0x18, 0x10, 0xff,
    0x38, 0x1c, 0x08, 0xff, 0x38, 0x1c, 0x10, 0xff, 0x38, 0x18, 0x10, 0xff,
    0x30, 0x1c, 0x10, 0xff, 0x38, 0x1c, 0x08, 0xff, 0x38, 0x1c, 0x08, 0xff,
    0x38, 0x1c, 0x10, 0xff, 0x38, 0x1c, 0x10, 0xff, 0x30, 0x18, 0x10, 0xff,
    0x38, 0x1c, 0x10, 0xff, 0x38, 0x1c, 0x08, 0xff, 0x30, 0x1c, 0x10, 0xff,
    0x38, 0x1c, 0x08, 0xff, 0x38, 0x18, 0x10, 0xff, 0x38, 0x1c, 0x10, 0xff,
    0x38, 0x1c, 0x08, 0xff, 0x30, 0x1c, 0x10, 0xff, 0x38, 0x1c, 0x10, 0xff,
    0x38, 0x1c, 0x08, 0xff, 0x30, 0x1c, 0x10, 0xff, 0x38, 0x1c, 0x10, 0xff,
    0x38, 0x18, 0x08, 0xff, 0x38, 0x1c, 0x08, 0xff, 0x38, 0x1c, 0x10, 0xff,
    0x38, 0x1c, 0x10, 0xff, 0x38, 0x1c, 0x10, 0xff, 0x38, 0x1c, 0x10, 0xff,
    0x30, 0x1c, 0x10, 0xff, 0x30, 0x18, 0x10, 0xff, 0x38, 0x1c, 0x08, 0xff,
    0x38, 0x1c, 0x08, 0xff, 0x38, 0x1c, 0x08, 0xff, 0x38, 0x1c, 0x10, 0xff,
    0x38, 0x18, 0x10, 0xff, 0x38, 0x1c, 0x10, 0xff, 0x38, 0x1c, 0x08, 0xff,
    0x38, 0x18, 0x10, 0xff, 0x30, 0x1c, 0x10, 0xff, 0x30, 0x1c, 0x08, 0xff,
    0x38, 0x18, 0x10, 0xff, 0x38, 0x1c, 0x10, 0xff, 0x38, 0x1c, 0x10, 0xff,
    0x30, 0x18, 0x08, 0xff, 0x38, 0x1c, 0x10, 0xff, 0x38, 0x1c, 0x10, 0xff,
    0x38, 0x18, 0x10, 0xff, 0x38, 0x18, 0x10, 0xff, 0x30, 0x1c, 0x10, 0xff,
    0x38, 0x1c, 0x08, 0xff, 0x38, 0x1c, 0x08, 0xff, 0x38, 0x1c, 0x10, 0xff,
    0x30, 0x18, 0x08, 0xff, 0x38, 0x1c, 0x08, 0xff, 0x38, 0x18, 0x10, 0xff,
    0x38, 0x1c, 0x10, 0xff, 0x38, 0x1c, 0x08, 0xff, 0x38, 0x1c, 0x10, 0xff,
    0x38, 0x18, 0x10, 0xff, 0x38, 0x1c, 0x08, 0xff, 0x30, 0x1c, 0x08, 0xff,
    0x38, 0x18, 0x10, 0xff, 0x38, 0x1c, 0x08, 0xff, 0x38, 0x18, 0x10, 0xff,
    0x38, 0x1c, 0x08, 0xff, 0x30, 0x1c, 0x10, 0xff, 0x30, 0x18, 0x10, 0xff,
    0x38, 0x1c, 0x08, 0xff, 0x30, 0x1c, 0x08, 0xff, 0x38, 0x18, 0x10, 0xff,
    0x38, 0x1c, 0x10, 0xff, 0x30, 0x1c, 0x10, 0xff, 0x38, 0x1c, 0x10, 0xff,
    0x38, 0x1c, 0x08, 0xff, 0x38, 0x18, 0x10, 0xff, 0x38, 0x1c, 0x10, 0xff,
    0x30, 0x1c, 0x10, 0xff, 0x38, 0x1c, 0x10, 0xff, 0x38, 0x18, 0x08, 0xff,
    0x38, 0x1c, 0x08, 0xff, 0x38, 0x1c, 0x10, 0xff, 0x30, 0x1c, 0x10, 0xff,
    0x38, 0x1c, 0x10, 0xff, 0x30, 0x18, 0x08, 0xff, 0x38, 0x1c, 0x10, 0xff,
    0x38, 0x1c, 0x10, 0xff, 0x30, 0x1c, 0x10, 0xff, 0x38, 0x1c, 0x08, 0xff,
    0x38, 0x1c, 0x08, 0xff, 0x38, 0x1c, 0x10, 0xff, 0x38, 0x18, 0x10, 0xff,
    0x38, 0x1c, 0x08, 0xff, 0x38, 0x1c, 0x10, 0xff, 0x38, 0x1c, 0x10, 0xff,
    0x30, 0x1c, 0x08, 0xff, 0x38, 0x1c, 0x10, 0xff, 0x38, 0x1c, 0x08, 0xff,
    0x30, 0x1c, 0x08, 0xff, 0x38, 0x18, 0x10, 0xff, 0x38, 0x1c, 0x10, 0xff,
    0x38, 0x1c, 0x10, 0xff, 0x30, 0x1c, 0x08, 0xff, 0x38, 0x1c, 0x10, 0xff,
    0x38, 0x1c, 0x10, 0xff, 0x38, 0x1c, 0x08, 0xff, 0x30, 0x1c, 0x10, 0xff,
    0x38, 0x18, 0x10, 0xff, 0x30, 0x1c, 0x08, 0xff, 0x30, 0x1c, 0x08, 0xff,
    0x38, 0x1c, 0x10, 0xff, 0x38, 0x1c, 0x10, 0xff, 0x38, 0x1c, 0x08, 0xff,
    0x38, 0x1c, 0x10, 0xff, 0x30, 0x1c, 0x10, 0xff, 0x38, 0x18, 0x10, 0xff,
    0x38, 0x1c, 0x08, 0xff, 0x38, 0x1c, 0x10, 0xff, 0x38, 0x18, 0x10, 0xff,
    0x38, 0x1c, 0x08, 0xff, 0x38, 0x18, 0x10, 0xff, 0x38, 0x1c, 0x08, 0xff,
    0x38, 0x1c, 0x08, 0xff, 0x38, 0x18, 0x10, 0xff, 0x30, 0x1c, 0x10, 0xff,
    0x30, 0x1c, 0x08, 0xff, 0x38, 0x18, 0x08, 0xff, 0x38, 0x1c, 0x08, 0xff,
    0x38, 0x1c, 0x08, 0xff, 0x38, 0x1c, 0x10, 0xff, 0x38, 0x1c, 0x10, 0xff,
    0x38, 0x1c, 0x08, 0xff, 0x30, 0x18, 0x10, 0xff, 0x38, 0x1c, 0x10, 0xff,
    0x38, 0x1c, 0x10, 0xff, 0x30, 0x18, 0x08, 0xff, 0x38, 0x1c, 0x08, 0xff,
    0x30, 0x18, 0x08, 0xff, 0x38, 0x1c, 0x10, 0xff, 0x38, 0x1c, 0x10, 0xff,
    0x38, 0x18, 0x10, 0xff, 0x38, 0x1c, 0x08, 0xff, 0x30, 0x1c, 0x08, 0xff,
    0x38, 0x18, 0x10, 0xff, 0x38, 0x1c, 0x10, 0xff, 0x38, 0x1c, 0x08, 0xff,
    0x38, 0x18, 0x08, 0xff, 0x30, 0x1c, 0x10, 0xff, 0x38, 0x1c, 0x10, 0xff,
    0x38, 0x1c, 0x08, 0xff, 0x38, 0x18, 0x10, 0xff, 0x30, 0x1c, 0x08, 0xff,
    0x38, 0x18, 0x10, 0xff, 0x38, 0x1c, 0x10, 0xff, 0x38, 0x1c, 0x10, 0xff,
    0x30, 0x1c, 0x10, 0xff, 0x38, 0x18, 0x08, 0xff, 0x38, 0x1c, 0x10, 0xff,
    0x38, 0x1c, 0x10, 0xff, 0x38, 0x18, 0x10, 0xff, 0x38, 0x1c, 0x10, 0xff,
    0x38, 0x1c, 0x10, 0xff, 0x38, 0x18, 0x10, 0xff, 0x30, 0x1c, 0x10, 0xff,
    0x38, 0x1c, 0x08, 0xff, 0x38, 0x1c, 0x08, 0xff, 0x38, 0x1c, 0x10, 0xff,
    0x38, 0x1c, 0x08, 0xff, 0x38, 0x1c, 0x10, 0xff, 0x38, 0x1c, 0x10, 0xff,
    0x38, 0x1c, 0x08, 0xff, 0x30, 0x1c, 0x10, 0xff, 0x38, 0x18, 0x10, 0xff,
    0x38, 0x1c, 0x08, 0xff, 0x38, 0x1c, 0x08, 0xff, 0x38, 0x1c, 0x10, 0xff,
    0x38, 0x1c, 0x10, 0xff, 0x38, 0x1c, 0x10, 0xff, 0x38, 0x1c, 0x10, 0xff,
    0x30, 0x18, 0x10, 0xff, 0x30, 0x1c, 0x10, 0xff, 0x38, 0x1c, 0x10, 0xff,
    0x38, 0x18, 0x08, 0xff, 0x38, 0x1c, 0x08, 0xff, 0x38, 0x1c, 0x10, 0xff,
    0x38, 0x1c, 0x10, 0xff, 0x38, 0x1c, 0x10, 0xff, 0x38, 0x1c, 0x10, 0xff,
    0x38, 0x18, 0x10, 0xff, 0x38, 0x1c, 0x10, 0xff, 0x30, 0x1c, 0x08, 0xff,
    0x30, 0x18, 0x10, 0xff, 0x38, 0x1c, 0x10, 0xff, 0x30, 0x1c, 0x10, 0xff,
    0x38, 0x18, 0x08, 0xff, 0x38, 0x1c, 0x10, 0xff, 0x30, 0x1c, 0x10, 0xff,
    0x38, 0x18, 0x10, 0xff, 0x38, 0x1c, 0x10, 0xff, 0x38, 0x1c, 0x10, 0xff,
    0x30, 0x1c, 0x08, 0xff, 0x38, 0x1c, 0x10, 0xff, 0x38, 0x1c, 0x10, 0xff,
    0x38, 0x18, 0x08, 0xff, 0x30, 0x1c, 0x08, 0xff, 0x38, 0x18, 0x08, 0xff,
    0x38, 0x1c, 0x10, 0xff, 0x38, 0x1c, 0x08, 0xff, 0x30, 0x1c, 0x10, 0xff,
    0x38, 0x1c, 0x08, 0xff, 0x38, 0x18, 0x08, 0xff, 0x30, 0x1c, 0x08, 0xff,
    0x30, 0x1c, 0x08, 0xff, 0x38, 0x1c, 0x10, 0xff, 0x38, 0x18, 0x10, 0xff,
    0x38, 0x1c, 0x10, 0xff, 0x30, 0x1c, 0x10, 0xff, 0x30, 0x18, 0x10, 0xff,
    0x38, 0x1c, 0x08, 0xff, 0x30, 0x1c, 0x10, 0xff, 0x30, 0x18, 0x10, 0xff,
    0x38, 0x1c, 0x10, 0xff, 0x30, 0x1c, 0x10, 0xff, 0x38, 0x1c, 0x10, 0xff,
    0x30, 0x1c, 0x10, 0xff, 0x38, 0x18, 0x10, 0xff, 0x38, 0x1c, 0x10, 0xff,
    0x30, 0x1c, 0x10, 0xff, 0x38, 0x1c, 0x10, 0xff, 0x38, 0x1c, 0x08, 0xff,
    0x38, 0x18, 0x08, 0xff, 0x38, 0x1c, 0x08, 0xff, 0x30, 0x1c, 0x10, 0xff,
    0x38, 0x18, 0x10, 0xff, 0x38, 0x1c, 0x08, 0xff, 0x30, 0x1c, 0x08, 0xff,
    0x38, 0x1c, 0x10, 0xff, 0x38, 0x1c, 0x10, 0xff, 0x30, 0x1c, 0x08, 0xff,
    0x38, 0x1c, 0x08, 0xff, 0x38, 0x18, 0x08, 0xff, 0x38, 0x1c, 0x10, 0xff,
    0x38, 0x1c, 0x10, 0xff, 0x38, 0x1c, 0x08, 0xff, 0x38, 0x1c, 0x10, 0xff,
    0x30, 0x1c, 0x10, 0xff, 0x38, 0x18, 0x10, 0xff, 0x38, 0x1c, 0x08, 0xff,
    0x38, 0x18, 0x08, 0xff, 0x30, 0x1c, 0x08, 0xff, 0x38, 0x1c, 0x10, 0xff,
    0x38, 0x18, 0x10, 0xff, 0x38, 0x1c, 0x08, 0xff, 0x30, 0x1c, 0x10, 0xff,
    0x38, 0x1c, 0x10, 0xff, 0x38, 0x1c, 0x10, 0xff, 0x38, 0x1c, 0x10, 0xff,
    0x30, 0x18, 0x10, 0xff, 0x38, 0x1c, 0x08, 0xff, 0x38, 0x18, 0x10, 0xff,
    0x38, 0x1c, 0x10, 0xff, 0x38, 0x1c, 0x10, 0xff, 0x38, 0x18, 0x10, 0xff,
    0x38, 0x1c, 0x08, 0xff, 0x30, 0x1c, 0x08, 0xff, 0x38, 0x18, 0x08, 0xff,
    0x38, 0x1c, 0x10, 0xff, 0x38, 0x1c, 0x10, 0xff, 0x38, 0x18, 0x08, 0xff,
    0x38, 0x1c, 0x08, 0xff, 0x38, 0x1c, 0x10, 0xff, 0x38, 0x18, 0x08, 0xff,
    0x38, 0x1c, 0x08, 0xff, 0x38, 0x18, 0x08, 0xff, 0x38, 0x1c, 0x10, 0xff,
    0x30, 0x1c, 0x08, 0xff, 0x38, 0x18, 0x08, 0xff, 0x38, 0x1c, 0x08, 0xff,
    0x38, 0x1c, 0x08, 0xff, 0x38, 0x18, 0x10, 0xff, 0x38, 0x1c, 0x10, 0xff,
    0x38, 0x1c, 0x10, 0xff, 0x38, 0x1c, 0x10, 0xff, 0x30, 0x1c, 0x10, 0xff,
    0x38, 0x18, 0x10, 0xff, 0x38, 0x1c, 0x10, 0xff, 0x38, 0x18, 0x08, 0xff,
    0x30, 0x18, 0x08, 0xff, 0x38, 0x1c, 0x10, 0xff, 0x38, 0x1c, 0x10, 0xff,
    0x30, 0x1c, 0x10, 0xff, 0x38, 0x1c, 0x08, 0xff, 0x38, 0x1c, 0x08, 0xff,
    0x38, 0x18, 0x10, 0xff, 0x30, 0x1c, 0x08, 0xff, 0x38, 0x1c, 0x08, 0xff,
    0x38, 0x1c, 0x08, 0xff, 0x38, 0x1c, 0x10, 0xff, 0x30, 0x1c, 0x10, 0xff,
    0x38, 0x1c, 0x10, 0xff, 0x38, 0x18, 0x10, 0xff, 0x38, 0x1c, 0x08, 0xff,
    0x30, 0x1c, 0x10, 0xff, 0x38, 0x1c, 0x10, 0xff, 0x38, 0x1c, 0x10, 0xff,
    0x38, 0x18, 0x08, 0xff, 0x30, 0x1c, 0x08, 0xff, 0x38, 0x1c, 0x10, 0xff,
    0x38, 0x1c, 0x10, 0xff, 0x30, 0x1c, 0x08, 0xff, 0x30, 0x1c, 0x10, 0xff,
    0x38, 0x1c, 0x10, 0xff, 0x38, 0x18, 0x10, 0xff, 0x38, 0x1c, 0x10, 0xff,
    0x38, 0x1c, 0x10, 0xff, 0x30, 0x1c, 0x10, 0xff, 0x38, 0x1c, 0x08, 0xff,
    0x38, 0x18, 0x08, 0xff, 0x30, 0x1c, 0x10, 0xff, 0x38, 0x1c, 0x10, 0xff,
    0x38, 0x1c, 0x08, 0xff, 0x38, 0x1c, 0x10, 0xff, 0x38, 0x1c, 0x10, 0xff,
    0x38, 0x1c, 0x10, 0xff, 0x38, 0x18, 0x08, 0xff, 0x38, 0x1c, 0x10, 0xff,
    0x38, 0x1c, 0x10, 0xff, 0x30, 0x1c, 0x10, 0xff, 0x38, 0x1c, 0x10, 0xff,
    0x30, 0x1c, 0x10, 0xff, 0x30, 0x1c, 0x10, 0xff, 0x38, 0x1c, 0x08, 0xff,
    0x30, 0x18, 0x08, 0xff, 0x38, 0x1c, 0x08, 0xff, 0x38, 0x1c, 0x08, 0xff,
    0x38, 0x1c, 0x10, 0xff, 0x30, 0x1c, 0x10, 0xff, 0x38, 0x1c, 0x10, 0xff,
    0x38, 0x1c, 0x10, 0xff, 0x38, 0x18, 0x10, 0xff, 0x38, 0x1c, 0x08, 0xff,
    0x38, 0x1c, 0x10, 0xff, 0x38, 0x1c, 0x10, 0xff, 0x30, 0x18, 0x10, 0xff,
    0x38, 0x1c, 0x10, 0xff, 0x38, 0x18, 0x10, 0xff, 0x38, 0x1c, 0x10, 0xff,
    0x30, 0x1c, 0x08, 0xff, 0x38, 0x1c, 0x10, 0xff, 0x38, 0x18, 0x10, 0xff,
    0x38, 0x1c, 0x08, 0xff, 0x30, 0x1c, 0x10, 0xff, 0x38, 0x1c, 0x08, 0xff,
    0x38, 0x18, 0x08, 0xff, 0x38, 0x18, 0x08, 0xff, 0x30, 0x1c, 0x10, 0xff,
    0x38, 0x1c, 0x10, 0xff, 0x38, 0x1c, 0x08, 0xff, 0x38, 0x18, 0x10, 0xff,
    0x38, 0x1c, 0x10, 0xff, 0x38, 0x1c, 0x08, 0xff, 0x30, 0x1c, 0x08, 0xff,
    0x38, 0x1c, 0x08, 0xff, 0x30, 0x1c, 0x08, 0xff, 0x38, 0x18, 0x10, 0xff,
    0x38, 0x1c, 0x10, 0xff, 0x38, 0x1c, 0x10, 0xff, 0x30, 0x1c, 0x10, 0xff,
    0x38, 0x1c, 0x10, 0xff, 0x38, 0x1c, 0x10, 0xff, 0x30, 0x18, 0x10, 0xff,
    0x30, 0x1c, 0x10, 0xff, 0x38, 0x1c, 0x10, 0xff, 0x30, 0x1c, 0x08, 0xff,
    0x30, 0x1c, 0x10, 0xff, 0x38, 0x1c, 0x10, 0xff, 0x38, 0x1c, 0x10, 0xff,
    0x38, 0x18, 0x08, 0xff, 0x38, 0x1c, 0x10, 0xff, 0x38, 0x18, 0x08, 0xff,
    0x38, 0x1c, 0x08, 0xff, 0x38, 0x1c, 0x10, 0xff, 0x38, 0x18, 0x10, 0xff,
    0x38, 0x1c, 0x10, 0xff, 0x38, 0x1c, 0x10, 0xff, 0x30, 0x1c, 0x08, 0xff,
    0x38, 0x18, 0x10, 0xff, 0x38, 0x1c, 0x08, 0xff, 0x30, 0x1c, 0x08, 0xff,
    0x30, 0x1c, 0x08, 0xff, 0x38, 0x18, 0x10, 0xff, 0x38, 0x18, 0x10, 0xff,
    0x30, 0x1c, 0x10, 0xff, 0x38, 0x1c, 0x08, 0xff, 0x38, 0x1c, 0x08, 0xff,
    0x38, 0x1c, 0x10, 0xff, 0x30, 0x18, 0x10, 0xff, 0x38, 0x1c, 0x10, 0xff,
    0x38, 0x18, 0x08, 0xff, 0x38, 0x1c, 0x08, 0xff, 0x38, 0x1c, 0x10, 0xff,
    0x30, 0x1c, 0x08, 0xff, 0x38, 0x18, 0x10, 0xff, 0x38, 0x1c, 0x10, 0xff,
    0x38, 0x1c, 0x10, 0xff, 0x38, 0x1c, 0x08, 0xff, 0x38, 0x18, 0x10, 0xff,
    0x30, 0x1c, 0x10, 0xff, 0x38, 0x1c, 0x08, 0xff, 0x38, 0x18, 0x08, 0xff,
    0x38, 0x1c, 0x10, 0xff, 0x38, 0x18, 0x10, 0xff, 0x38, 0x18, 0x10, 0xff,
    0x38, 0x1c, 0x10, 0xff, 0x30, 0x1c, 0x08, 0xff, 0x38, 0x18, 0x08, 0xff,
    0x38, 0x1c, 0x08, 0xff, 0x38, 0x18, 0x10, 0xff, 0x38, 0x1c, 0x08, 0xff,
    0x38, 0x1c, 0x08, 0xff, 0x38, 0x18, 0x10, 0xff, 0x38, 0x1c, 0x08, 0xff,
    0x38, 0x18, 0x08, 0xff, 0x38, 0x18, 0x10, 0xff, 0x38, 0x1c, 0x10, 0xff,
    0x30, 0x1c, 0x08, 0xff, 0x38, 0x18, 0x08, 0xff, 0x38, 0x1c, 0x10, 0xff,
    0x38, 0x1c, 0x08, 0xff, 0x38, 0x1c, 0x10, 0xff, 0x38, 0x18, 0x10, 0xff,
    0x38, 0x1c, 0x08, 0xff, 0x30, 0x1c, 0x10, 0xff, 0x38, 0x1c, 0x10, 0xff,
    0x30, 0x1c, 0x10, 0xff, 0x38, 0x18, 0x10, 0xff, 0x38, 0x1c, 0x08, 0xff,
    0x38, 0x1c, 0x10, 0xff, 0x38, 0x18, 0x10, 0xff, 0x38, 0x1c, 0x10, 0xff,
    0x38, 0x1c, 0x10, 0xff, 0x38, 0x1c, 0x08, 0xff, 0x30, 0x1c, 0x08, 0xff,
    0x38, 0x18, 0x10, 0xff, 0x38, 0x1c, 0x10, 0xff, 0x30, 0x1c, 0x08, 0xff,
    0x38, 0x1c, 0x08, 0xff, 0x38, 0x1c, 0x10, 0xff, 0x30, 0x1c, 0x10, 0xff,
    0x30, 0x1c, 0x08, 0xff, 0x38, 0x1c, 0x10, 0xff, 0x38, 0x18, 0x10, 0xff,
    0x38, 0x1c, 0x10, 0xff, 0x38, 0x1c, 0x10, 0xff, 0x30, 0x1c, 0x10, 0xff,
    0x30, 0x1c, 0x10, 0xff, 0x38, 0x1c, 0x08, 0xff, 0x38, 0x18, 0x10, 0xff,
    0x30, 0x1c, 0x10, 0xff, 0x30, 0x1c, 0x08, 0xff, 0x38, 0x1c, 0x10, 0xff,
    0x38, 0x1c, 0x10, 0xff, 0x38, 0x1c, 0x10, 0xff, 0x38, 0x1c, 0x10, 0xff,
    0x38, 0x1c, 0x10, 0xff, 0x38, 0x1c, 0x10, 0xff, 0x30, 0x1c, 0x08, 0xff,
    0x30, 0x1c, 0x10, 0xff, 0x38, 0x18, 0x10, 0xff, 0x30, 0x1c, 0x08, 0xff,
    0x38, 0x1c, 0x08, 0xff, 0x38, 0x1c, 0x10, 0xff, 0x30, 0x1c, 0x10, 0xff,
    0x38, 0x1c, 0x08, 0xff, 0x38, 0x1c, 0x08, 0xff, 0x38, 0x18, 0x10, 0xff,
    0x30, 0x1c, 0x10, 0xff, 0x38, 0x1c, 0x08, 0xff, 0x38, 0x1c, 0x10, 0xff,
    0x30, 0x18, 0x10, 0xff, 0x30, 0x1c, 0x10, 0xff, 0x38, 0x1c, 0x10, 0xff,
    0x30, 0x1c, 0x08, 0xff, 0x38, 0x18, 0x08, 0xff, 0x38, 0x1c, 0x08, 0xff,
    0x38, 0x18, 0x08, 0xff, 0x38, 0x1c, 0x10, 0xff, 0x30, 0x1c, 0x10, 0xff,
    0x38, 0x18, 0x10, 0xff, 0x38, 0x1c, 0x08, 0xff, 0x30, 0x1c, 0x08, 0xff,
    0x38, 0x1c, 0x10, 0xff, 0x38, 0x1c, 0x10, 0xff, 0x38, 0x1c, 0x10, 0xff,
    0x30, 0x1c, 0x10, 0xff, 0x38, 0x18, 0x10, 0xff, 0x38, 0x1c, 0x10, 0xff,
    0x38, 0x1c, 0x08, 0xff, 0x38, 0x18, 0x10, 0xff, 0x38, 0x18, 0x10, 0xff,
    0x38, 0x1c, 0x10, 0xff, 0x38, 0x1c, 0x10, 0xff, 0x30, 0x1c, 0x08, 0xff,
    0x38, 0x1c, 0x08, 0xff, 0x38, 0x18, 0x08, 0xff, 0x38, 0x1c, 0x10, 0xff,
    0x38, 0x1c, 0x10, 0xff, 0x38, 0x1c, 0x08, 0xff, 0x38, 0x1c, 0x10, 0xff,
    0x38, 0x1c, 0x10, 0xff, 0x30, 0x18, 0x10, 0xff, 0x38, 0x1c, 0x08, 0xff,
    0x30, 0x1c, 0x08, 0xff, 0x30, 0x1c, 0x08, 0xff, 0x38, 0x18, 0x10, 0xff,
    0x38, 0x1c, 0x10, 0xff, 0x38, 0x1c, 0x10, 0xff, 0x38, 0x18, 0x08, 0xff,
    0x38, 0x1c, 0x10, 0xff, 0x38, 0x1c, 0x10, 0xff, 0x30, 0x18, 0x10, 0xff,
    0x38, 0x1c, 0x10, 0xff, 0x38, 0x1c, 0x08, 0xff, 0x30, 0x1c, 0x10, 0xff,
    0x38, 0x1c, 0x10, 0xff, 0x38, 0x18, 0x10, 0xff, 0x38, 0x1c, 0x10, 0xff,
    0x30, 0x1c, 0x10, 0xff, 0x38, 0x1c, 0x10, 0xff, 0x38, 0x1c, 0x08, 0xff,
    0x38, 0x1c, 0x08, 0xff, 0x38, 0x1c, 0x08, 0xff, 0x38, 0x18, 0x10, 0xff,
    0x38, 0x1c, 0x10, 0xff, 0x38, 0x1c, 0x10, 0xff, 0x30, 0x1c, 0x10, 0xff,
    0x38, 0x1c, 0x10, 0xff, 0x38, 0x1c, 0x08, 0xff, 0x30, 0x1c, 0x08, 0xff,
    0x38, 0x1c, 0x10, 0xff, 0x38, 0x1c, 0x10, 0xff, 0x30, 0x18, 0x10, 0xff,
    0x38, 0x18, 0x08, 0xff, 0x38, 0x1c, 0x08, 0xff, 0x38, 0x1c, 0x08, 0xff,
    0x38, 0x1c, 0x08, 0xff, 0x38, 0x18, 0x10, 0xff, 0x30, 0x1c, 0x10, 0xff,
    0x38, 0x1c, 0x08, 0xff, 0x38, 0x1c, 0x08, 0xff, 0x38, 0x1c, 0x10, 0xff,
    0x30, 0x1c, 0x08, 0xff, 0x38, 0x18, 0x08, 0xff, 0x30, 0x1c, 0x10, 0xff,
    0x38, 0x1c, 0x10, 0xff, 0x38, 0x18, 0x08, 0xff, 0x38, 0x18, 0x08, 0xff,
    0x30, 0x1c, 0x10, 0xff, 0x38, 0x1c, 0x08, 0xff, 0x38, 0x18, 0x10, 0xff,
    0x38, 0x1c, 0x08, 0xff, 0x38, 0x1c, 0x08, 0xff, 0x38, 0x18, 0x10, 0xff,
    0x38, 0x1c, 0x10, 0xff, 0x38, 0x1c, 0x08, 0xff, 0x30, 0x18, 0x08, 0xff,
    0x38, 0x1c, 0x10, 0xff, 0x38, 0x1c, 0x10, 0xff, 0x38, 0x1c, 0x08, 0xff,
    0x38, 0x1c, 0x10, 0xff, 0x38, 0x1c, 0x10, 0xff, 0x30, 0x1c, 0x08, 0xff,
    0x38, 0x18, 0x10, 0xff, 0x38, 0x18, 0x10, 0xff, 0x30, 0x1c, 0x10, 0xff,
    0x38, 0x1c, 0x08, 0xff, 0x38, 0x1c, 0x08, 0xff, 0x38, 0x1c, 0x08, 0xff,
    0x38, 0x1c, 0x08, 0xff, 0x38, 0x18, 0x10, 0xff, 0x38, 0x1c, 0x10, 0xff,
    0x38, 0x1c, 0x10, 0xff, 0x30, 0x18, 0x10, 0xff, 0x38, 0x1c, 0x10, 0xff,
    0x30, 0x1c, 0x08, 0xff, 0x38, 0x18, 0x10, 0xff, 0x38, 0x1c, 0x08, 0xff,
    0x30, 0x1c, 0x10, 0xff, 0x38, 0x18, 0x10, 0xff, 0x38, 0x1c, 0x08, 0xff,
    0x38, 0x18, 0x10, 0xff, 0x38, 0x1c, 0x08, 0xff, 0x30, 0x1c, 0x10, 0xff,
    0x38, 0x18, 0x10, 0xff, 0x38, 0x1c, 0x10, 0xff, 0x30, 0x18, 0x10, 0xff,
    0x38, 0x1c, 0x08, 0xff, 0x38, 0x1c, 0x10, 0xff, 0x30, 0x1c, 0x10, 0xff,
    0x38, 0x1c, 0x08, 0xff, 0x30, 0x1c, 0x08, 0xff, 0x38, 0x18, 0x10, 0xff,
    0x38, 0x1c, 0x10, 0xff, 0x38, 0x18, 0x10, 0xff, 0x38, 0x1c, 0x10, 0xff,
    0x30, 0x1c, 0x10, 0xff, 0x38, 0x1c, 0x10, 0xff, 0x38, 0x1c, 0x10, 0xff,
    0x30, 0x18, 0x10, 0xff, 0x38, 0x1c, 0x08, 0xff, 0x38, 0x1c, 0x10, 0xff,
    0x30, 0x18, 0x10, 0xff, 0x38, 0x1c, 0x10, 0xff, 0x38, 0x1c, 0x10, 0xff,
    0x38, 0x18, 0x10, 0xff, 0x38, 0x1c, 0x08, 0xff, 0x30, 0x1c, 0x08, 0xff,
    0x38, 0x18, 0x10, 0xff, 0x30, 0x1c, 0x10, 0xff, 0x30, 0x1c, 0x08, 0xff,
    0x38, 0x18, 0x08, 0xff, 0x38, 0x1c, 0x10, 0xff, 0x38, 0x1c, 0x10, 0xff,
    0x38, 0x1c, 0x08, 0xff, 0x38, 0x1c, 0x08, 0xff, 0x38, 0x18, 0x10, 0xff,
    0x30, 0x1c, 0x10, 0xff, 0x38, 0x1c, 0x10, 0xff, 0x38, 0x1c, 0x10, 0xff,
    0x30, 0x1c, 0x10, 0xff, 0x30, 0x18, 0x10, 0xff, 0x38, 0x1c, 0x08, 0xff,
    0x38, 0x1c, 0x08, 0xff, 0x38, 0x1c, 0x08, 0xff, 0x38, 0x1c, 0x10, 0xff,
    0x38, 0x18, 0x08, 0xff, 0x38, 0x1c, 0x10, 0xff, 0x38, 0x1c, 0x08, 0xff,
    0x38, 0x18, 0x10, 0xff, 0x38, 0x1c, 0x10, 0xff, 0x30, 0x1c, 0x08, 0xff,
    0x38, 0x1c, 0x10, 0xff, 0x38, 0x1c, 0x08, 0xff, 0x30, 0x1c, 0x10, 0xff,
    0x38, 0x1c, 0x10, 0xff, 0x38, 0x1c, 0x08, 0xff, 0x30, 0x1c, 0x10, 0xff,
    0x38, 0x18, 0x08, 0xff, 0x38, 0x1c, 0x10, 0xff, 0x38, 0x18, 0x10, 0xff,
    0x38, 0x18, 0x10, 0xff, 0x38, 0x1c, 0x10, 0xff, 0x38, 0x1c, 0x10, 0xff,
    0x38, 0x1c, 0x08, 0xff, 0x30, 0x1c, 0x08, 0xff, 0x38, 0x1c, 0x10, 0xff,
    0x38, 0x1c, 0x08, 0xff, 0x38, 0x1c, 0x10, 0xff, 0x38, 0x1c, 0x08, 0xff,
    0x38, 0x1c, 0x10, 0xff, 0x30, 0x1c, 0x10, 0xff, 0x38, 0x1c, 0x10, 0xff,
    0x38, 0x1c, 0x08, 0xff, 0x30, 0x1c, 0x08, 0xff, 0x30, 0x1c, 0x10, 0xff,
    0x38, 0x1c, 0x10, 0xff, 0x38, 0x1c, 0x10, 0xff, 0x38, 0x18, 0x08, 0xff,
    0x38, 0x1c, 0x10, 0xff, 0x38, 0x1c, 0x10, 0xff, 0x38, 0x18, 0x08, 0xff,
    0x38, 0x1c, 0x10, 0xff, 0x38, 0x1c, 0x08, 0xff, 0x30, 0x1c, 0x10, 0xff,
    0x38, 0x1c, 0x10, 0xff, 0x38, 0x1c, 0x08, 0xff, 0x30, 0x18, 0x10, 0xff,
    0x38, 0x1c, 0x10, 0xff, 0x38, 0x1c, 0x10, 0xff, 0x38, 0x18, 0x08, 0xff,
    0x38, 0x1c, 0x08, 0xff, 0x38, 0x1c, 0x10, 0xff, 0x30, 0x1c, 0x10, 0xff,
    0x38, 0x1c, 0x10, 0xff, 0x38, 0x18, 0x10, 0xff, 0x30, 0x1c, 0x10, 0xff,
    0x38, 0x1c, 0x10, 0xff, 0x30, 0x1c, 0x10, 0xff, 0x38, 0x1c, 0x08, 0xff,
    0x38, 0x1c, 0x10, 0xff, 0x30, 0x1c, 0x10, 0xff, 0x38, 0x18, 0x10, 0xff,
    0x38, 0x1c, 0x10, 0xff, 0x38, 0x1c, 0x08, 0xff, 0x30, 0x1c, 0x08, 0xff,
    0x38, 0x18, 0x10, 0xff, 0x38, 0x1c, 0x10, 0xff, 0x38, 0x1c, 0x10, 0xff,
    0x38, 0x1c, 0x08, 0xff, 0x30, 0x1c, 0x10, 0xff, 0x38, 0x1c, 0x10, 0xff,
    0x30, 0x1c, 0x08, 0xff, 0x38, 0x1c, 0x08, 0xff, 0x30, 0x1c, 0x10, 0xff,
    0x38, 0x18, 0x08, 0xff, 0x38, 0x1c, 0x10, 0xff, 0x38, 0x18, 0x10, 0xff,
    0x30, 0x18, 0x08, 0xff, 0x38, 0x1c, 0x08, 0xff, 0x38, 0x1c, 0x10, 0xff,
    0x30, 0x18, 0x08, 0xff, 0x38, 0x1c, 0x08, 0xff, 0x38, 0x1c, 0x10, 0xff,
    0x38, 0x18, 0x10, 0xff, 0x38, 0x1c, 0x08, 0xff, 0x38, 0x1c, 0x10, 0xff,
    0x38, 0x1c, 0x10, 0xff, 0x38, 0x1c, 0x10, 0xff, 0x30, 0x1c, 0x08, 0xff,
    0x38, 0x1c, 0x10, 0xff, 0x38, 0x1c, 0x10, 0xff, 0x30, 0x1c, 0x10, 0xff,
    0x30, 0x18, 0x10, 0xff, 0x38, 0x18, 0x08, 0xff, 0x38, 0x1c, 0x10, 0xff,
    0x38, 0x18, 0x10, 0xff, 0x38, 0x1c, 0x08, 0xff, 0x38, 0x1c, 0x08, 0xff,
    0x38, 0x1c, 0x08, 0xff, 0x38, 0x1c, 0x10, 0xff, 0x38, 0x1c, 0x10, 0xff,
    0x38, 0x1c, 0x08, 0xff, 0x30, 0x18, 0x10, 0xff, 0x38, 0x1c, 0x10, 0xff,
    0x30, 0x1c, 0x08, 0xff, 0x38, 0x18, 0x08, 0xff, 0x38, 0x1c, 0x08, 0xff,
    0x38, 0x18, 0x10, 0xff, 0x30, 0x1c, 0x10, 0xff, 0x38, 0x1c, 0x08, 0xff,
    0x38, 0x18, 0x08, 0xff, 0x38, 0x1c, 0x08, 0xff, 0x38, 0x1c, 0x10, 0xff,
    0x38, 0x18, 0x10, 0xff, 0x38, 0x18, 0x10, 0xff, 0x38, 0x1c, 0x08, 0xff,
    0x38, 0x1c, 0x08, 0xff, 0x38, 0x1c, 0x10, 0xff, 0x30, 0x18, 0x10, 0xff,
    0x38, 0x1c, 0x08, 0xff, 0x38, 0x1c, 0x08, 0xff, 0x38, 0x1c, 0x10, 0xff,
    0x30, 0x1c, 0x10, 0xff, 0x38, 0x18, 0x10, 0xff, 0x38, 0x1c, 0x10, 0xff,
    0x38, 0x1c, 0x08, 0xff, 0x30, 0x1c, 0x10, 0xff, 0x38, 0x1c, 0x10, 0xff,
    0x30, 0x18, 0x10, 0xff, 0x38, 0x1c, 0x10, 0xff, 0x38, 0x1c, 0x10, 0xff,
    0x38, 0x18, 0x08, 0xff, 0x30, 0x1c, 0x10, 0xff, 0x38, 0x1c, 0x10, 0xff,
    0x38, 0x18, 0x10, 0xff, 0x30, 0x1c, 0x08, 0xff, 0x38, 0x18, 0x08, 0xff,
    0x30, 0x18, 0x10, 0xff, 0x38, 0x1c, 0x10, 0xff, 0x38, 0x1c, 0x08, 0xff,
    0x30, 0x18, 0x08, 0xff, 0x38, 0x1c, 0x10, 0xff, 0x38, 0x1c, 0x08, 0xff,
    0x38, 0x1c, 0x10, 0xff, 0x30, 0x1c, 0x08, 0xff, 0x30, 0x1c, 0x10, 0xff,
    0x38, 0x1c, 0x10, 0xff, 0x38, 0x1c, 0x08, 0xff, 0x38, 0x1c, 0x10, 0xff,
    0x30, 0x18, 0x10, 0xff, 0x30, 0x1c, 0x10, 0xff, 0x38, 0x1c, 0x10, 0xff,
    0x38, 0x18, 0x08, 0xff, 0x38, 0x1c, 0x08, 0xff, 0x38, 0x1c, 0x10, 0xff,
    0x38, 0x1c, 0x10, 0xff, 0x38, 0x1c, 0x10, 0xff, 0x30, 0x1c, 0x08, 0xff,
    0x38, 0x18, 0x10, 0xff, 0x38, 0x1c, 0x10, 0xff, 0x30, 0x1c, 0x10, 0xff,
    0x38, 0x1c, 0x10, 0xff, 0x30, 0x1c, 0x08, 0xff, 0x30, 0x1c, 0x10, 0xff,
    0x38, 0x1c, 0x08, 0xff, 0x38, 0x1c, 0x10, 0xff, 0x30, 0x18, 0x10, 0xff,
    0x30, 0x1c, 0x08, 0xff, 0x38, 0x1c, 0x10, 0xff, 0x38, 0x18, 0x10, 0xff,
    0x38, 0x1c, 0x10, 0xff, 0x38, 0x18, 0x08, 0xff, 0x38, 0x18, 0x10, 0xff,
    0x38, 0x1c, 0x08, 0xff, 0x38, 0x1c, 0x08, 0xff, 0x30, 0x18, 0x10, 0xff,
    0x38, 0x1c, 0x08, 0xff, 0x38, 0x1c, 0x10, 0xff, 0x38, 0x1c, 0x08, 0xff,
    0x38, 0x18, 0x08, 0xff, 0x38, 0x1c, 0x10, 0xff, 0x38, 0x1c, 0x10, 0xff,
    0x38, 0x18, 0x08, 0xff, 0x30, 0x1c, 0x10, 0xff, 0x38, 0x1c, 0x08, 0xff,
    0x38, 0x1c, 0x10, 0xff, 0x30, 0x1c, 0x10, 0xff, 0x38, 0x1c, 0x08, 0xff,
    0x38, 0x1c, 0x08, 0xff, 0x38, 0x18, 0x10, 0xff, 0x38, 0x1c, 0x10, 0xff,
    0x38, 0x1c, 0x08, 0xff, 0x38, 0x1c, 0x10, 0xff, 0x38, 0x1c, 0x10, 0xff,
    0x38, 0x1c, 0x10, 0xff, 0x38, 0x18, 0x08, 0xff, 0x30, 0x1c, 0x10, 0xff,
    0x38, 0x1c, 0x10, 0xff, 0x38, 0x1c, 0x10, 0xff, 0x38, 0x1c, 0x08, 0xff,
    0x38, 0x18, 0x08, 0xff, 0x38, 0x1c, 0x08, 0xff, 0x30, 0x1c, 0x10, 0xff,
    0x38, 0x18, 0x10, 0xff, 0x38, 0x1c, 0x08, 0xff, 0x30, 0x1c, 0x10, 0xff,
    0x38, 0x1c, 0x10, 0xff, 0x38, 0x1c, 0x10, 0xff, 0x38, 0x1c, 0x08, 0xff,
    0x38, 0x1c, 0x08, 0xff, 0x38, 0x18, 0x10, 0xff, 0x38, 0x18, 0x10, 0xff,
    0x38, 0x1c, 0x10, 0xff, 0x38, 0x18, 0x08, 0xff, 0x38, 0x1c, 0x10, 0xff,
    0x30, 0x1c, 0x10, 0xff, 0x38, 0x1c, 0x10, 0xff, 0x38, 0x18, 0x10, 0xff,
    0x38, 0x1c, 0x08, 0xff, 0x30, 0x1c, 0x08, 0xff, 0x30, 0x1c, 0x10, 0xff,
    0x38, 0x1c, 0x10, 0xff, 0x38, 0x1c, 0x08, 0xff, 0x38, 0x1c, 0x10, 0xff,
    0x30, 0x1c, 0x10, 0xff, 0x38, 0x1c, 0x10, 0xff, 0x38, 0x18, 0x10, 0xff,
    0x38, 0x1c, 0x08, 0xff, 0x38, 0x1c, 0x10, 0xff, 0x38, 0x1c, 0x10, 0xff,
    0x30, 0x1c, 0x08, 0xff, 0x30, 0x1c, 0x10, 0xff, 0x38, 0x1c, 0x10, 0xff,
    0x38, 0x1c, 0x08, 0xff, 0x38, 0x1c, 0x08, 0xff, 0x38, 0x18, 0x10, 0xff,
    0x38, 0x1c, 0x10, 0xff, 0x38, 0x1c, 0x10, 0xff, 0x38, 0x18, 0x10, 0xff,
    0x38, 0x1c, 0x10, 0xff, 0x30, 0x1c, 0x10, 0xff, 0x38, 0x1c, 0x10, 0xff,
    0x38, 0x18, 0x08, 0xff, 0x30, 0x18, 0x08, 0xff, 0x38, 0x1c, 0x10, 0xff,
    0x38, 0x18, 0x10, 0xff, 0x38, 0x18, 0x08, 0xff, 0x38, 0x1c, 0x08, 0xff,
    0x38, 0x1c, 0x08, 0xff, 0x38, 0x18, 0x10, 0xff, 0x38, 0x1c, 0x10, 0xff,
    0x38, 0x1c, 0x10, 0xff, 0x38, 0x1c, 0x10, 0xff, 0x30, 0x1c, 0x10, 0xff,
    0x38, 0x18, 0x10, 0xff, 0x38, 0x1c, 0x08, 0xff, 0x38, 0x18, 0x08, 0xff,
    0x30, 0x18, 0x08, 0xff, 0x38, 0x1c, 0x10, 0xff, 0x38, 0x1c, 0x10, 0xff,
    0x30, 0x1c, 0x08, 0xff, 0x38, 0x1c, 0x08, 0xff, 0x38, 0x1c, 0x10, 0xff,
    0x38, 0x1c, 0x10, 0xff, 0x38, 0x18, 0x08, 0xff, 0x38, 0x1c, 0x08, 0xff,
    0x38, 0x1c, 0x08, 0xff, 0x38, 0x1c, 0x10, 0xff, 0x38, 0x1c, 0x10, 0xff,
    0x38, 0x1c, 0x10, 0xff, 0x38, 0x1c, 0x08, 0xff, 0x30, 0x18, 0x10, 0xff,
    0x38, 0x1c, 0x10, 0xff, 0x30, 0x18, 0x10, 0xff, 0x38, 0x1c, 0x10, 0xff,
    0x38, 0x1c, 0x08, 0xff, 0x38, 0x1c, 0x10, 0xff, 0x30, 0x1c, 0x10, 0xff,
    0x30, 0x18, 0x08, 0xff, 0x38, 0x1c, 0x10, 0xff, 0x38, 0x1c, 0x10, 0xff,
    0x38, 0x18, 0x08, 0xff, 0x38, 0x1c, 0x10, 0xff, 0x38, 0x1c, 0x10, 0xff,
    0x38, 0x18, 0x10, 0xff, 0x30, 0x1c, 0x08, 0xff, 0x38, 0x18, 0x10, 0xff,
    0x38, 0x1c, 0x08, 0xff, 0x30, 0x1c, 0x10, 0xff, 0x30, 0x1c, 0x08, 0xff,
    0x38, 0x1c, 0x08, 0xff, 0x30, 0x18, 0x08, 0xff, 0x38, 0x1c, 0x10, 0xff,
    0x38, 0x1c, 0x10, 0xff, 0x30, 0x1c, 0x08, 0xff, 0x38, 0x1c, 0x10, 0xff,
    0x38, 0x1c, 0x10, 0xff, 0x30, 0x18, 0x10, 0xff, 0x38, 0x1c, 0x10, 0xff,
    0x30, 0x1c, 0x10, 0xff, 0x30, 0x1c, 0x10, 0xff, 0x38, 0x1c, 0x08, 0xff,
    0x30, 0x18, 0x08, 0xff, 0x38, 0x1c, 0x08, 0xff, 0x38, 0x1c, 0x10, 0xff,
    0x38, 0x1c, 0x10, 0xff, 0x30, 0x1c, 0x10, 0xff, 0x38, 0x1c, 0x10, 0xff,
    0x38, 0x1c, 0x10, 0xff, 0x30, 0x18, 0x10, 0xff, 0x38, 0x1c, 0x08, 0xff,
    0x38, 0x1c, 0x10, 0xff, 0x30, 0x1c, 0x08, 0xff, 0x30, 0x1c, 0x10, 0xff,
    0x38, 0x1c, 0x10, 0xff, 0x30, 0x1c, 0x10, 0xff, 0x38, 0x18, 0x10, 0xff,
    0x38, 0x1c, 0x08, 0xff, 0x30, 0x1c, 0x08, 0xff, 0x38, 0x18, 0x10, 0xff,
    0x38, 0x18, 0x10, 0xff, 0x38, 0x1c, 0x08, 0xff, 0x38, 0x1c, 0x08, 0xff,
    0x38, 0x1c, 0x08, 0xff, 0x38, 0x18, 0x08, 0xff, 0x38, 0x1c, 0x10, 0xff,
    0x30, 0x1c, 0x08, 0xff, 0x38, 0x18, 0x10, 0xff, 0x38, 0x1c, 0x10, 0xff,
    0x30, 0x1c, 0x08, 0xff, 0x38, 0x18, 0x10, 0xff, 0x38, 0x1c, 0x10, 0xff,
    0x30, 0x1c, 0x08, 0xff, 0x30, 0x18, 0x08, 0xff, 0x38, 0x1c, 0x10, 0xff,
    0x38, 0x1c, 0x10, 0xff, 0x30, 0x1c, 0x08, 0xff, 0x38, 0x1c, 0x10, 0xff,
    0x38, 0x1c, 0x08, 0xff, 0x38, 0x18, 0x10, 0xff, 0x38, 0x1c, 0x10, 0xff,
    0x38, 0x1c, 0x10, 0xff, 0x30, 0x1c, 0x10, 0xff, 0x38, 0x1c, 0x10, 0xff,
    0x38, 0x1c, 0x10, 0xff, 0x38, 0x1c, 0x08, 0xff, 0x30, 0x1c, 0x08, 0xff,
    0x38, 0x1c, 0x10, 0xff, 0x38, 0x1c, 0x10, 0xff, 0x38, 0x18, 0x08, 0xff,
    0x38, 0x1c, 0x08, 0xff, 0x38, 0x1c, 0x10, 0xff, 0x38, 0x18, 0x10, 0xff,
    0x38, 0x1c, 0x10, 0xff, 0x38, 0x1c, 0x08, 0xff, 0x30, 0x1c, 0x08, 0xff,
    0x38, 0x18, 0x10, 0xff, 0x38, 0x1c, 0x10, 0xff, 0x30, 0x1c, 0x08, 0xff,
    0x38, 0x1c, 0x08, 0xff, 0x38, 0x18, 0x10, 0xff, 0x38, 0x1c, 0x10, 0xff,
    0x38, 0x18, 0x10, 0xff, 0x38, 0x18, 0x08, 0xff, 0x38, 0x1c, 0x08, 0xff,
    0x38, 0x1c, 0x10, 0xff, 0x30, 0x1c, 0x10, 0xff, 0x38, 0x18, 0x10, 0xff,
    0x38, 0x1c, 0x10, 0xff, 0x30, 0x1c, 0x08, 0xff, 0x38, 0x1c, 0x10, 0xff,
    0x38, 0x1c, 0x10, 0xff, 0x30, 0x1c, 0x10, 0xff, 0x38, 0x1c, 0x10, 0xff,
    0x30, 0x1c, 0x10, 0xff, 0x38, 0x18, 0x08, 0xff, 0x38, 0x1c, 0x10, 0xff,
    0x38, 0x1c, 0x08, 0xff, 0x38, 0x1c, 0x08, 0xff, 0x38, 0x18, 0x10, 0xff,
    0x30, 0x1c, 0x08, 0xff, 0x38, 0x1c, 0x10, 0xff, 0x38, 0x18, 0x10, 0xff,
    0x38, 0x1c, 0x10, 0xff, 0x30, 0x1c, 0x08, 0xff, 0x38, 0x1c, 0x10, 0xff,
    0x38, 0x1c, 0x10, 0xff, 0x30, 0x1c, 0x08, 0xff, 0x38, 0x18, 0x10, 0xff,
    0x38, 0x1c, 0x10, 0xff, 0x38, 0x1c, 0x10, 0xff, 0x38, 0x1c, 0x08, 0xff,
    0x38, 0x18, 0x08, 0xff, 0x38, 0x1c, 0x08, 0xff, 0x38, 0x18, 0x10, 0xff,
    0x30, 0x18, 0x10, 0xff, 0x38, 0x1c, 0x08, 0xff, 0x38, 0x1c, 0x10, 0xff,
    0x38, 0x1c, 0x08, 0xff, 0x38, 0x1c, 0x10, 0xff, 0x38, 0x18, 0x10, 0xff,
    0x38, 0x1c, 0x08, 0xff, 0x30, 0x1c, 0x10, 0xff, 0x38, 0x1c, 0x10, 0xff,
    0x38, 0x1c, 0x10, 0xff, 0x30, 0x18, 0x10, 0xff, 0x38, 0x1c, 0x08, 0xff,
    0x38, 0x1c, 0x08, 0xff, 0x38, 0x18, 0x10, 0xff, 0x38, 0x1c, 0x10, 0xff,
    0x30, 0x1c, 0x08, 0xff, 0x30, 0x1c, 0x10, 0xff, 0x38, 0x1c, 0x10, 0xff,
    0x38, 0x1c, 0x10, 0xff, 0x30, 0x18, 0x10, 0xff, 0x38, 0x18, 0x08, 0xff,
    0x38, 0x1c, 0x08, 0xff, 0x30, 0x1c, 0x08, 0xff, 0x38, 0x18, 0x10, 0xff,
    0x38, 0x1c, 0x10, 0xff, 0x38, 0x1c, 0x08, 0xff, 0x30, 0x1c, 0x08, 0xff,
    0x38, 0x18, 0x10, 0xff, 0x38, 0x18, 0x10, 0xff, 0x38, 0x1c, 0x08, 0xff,
    0x30, 0x1c, 0x10, 0xff, 0x38, 0x18, 0x10, 0xff, 0x30, 0x1c, 0x10, 0xff,
    0x38, 0x1c, 0x10, 0xff, 0x38, 0x1c, 0x10, 0xff, 0x38, 0x1c, 0x10, 0xff,
    0x38, 0x1c, 0x08, 0xff, 0x38, 0x1c, 0x08, 0xff, 0x38, 0x1c, 0x10, 0xff,
    0x38, 0x1c, 0x10, 0xff, 0x38, 0x1c, 0x08, 0xff, 0x38, 0x18, 0x08, 0xff,
    0x38, 0x18, 0x10, 0xff, 0x38, 0x1c, 0x10, 0xff, 0x30, 0x1c, 0x08, 0xff,
    0x38, 0x1c, 0x08, 0xff, 0x30, 0x18, 0x10, 0xff, 0x38, 0x1c, 0x10, 0xff,
    0x38, 0x1c, 0x10, 0xff, 0x30, 0x1c, 0x08, 0xff, 0x38, 0x1c, 0x10, 0xff,
    0x38, 0x1c, 0x10, 0xff, 0x38, 0x18, 0x08, 0xff, 0x38, 0x1c, 0x10, 0xff,
    0x30, 0x18, 0x10, 0xff, 0x30, 0x1c, 0x10, 0xff, 0x38, 0x1c, 0x10, 0xff,
    0x30, 0x1c, 0x08, 0xff, 0x38, 0x18, 0x08, 0xff, 0x38, 0x1c, 0x08, 0xff,
    0x38, 0x18, 0x10, 0xff, 0x38, 0x1c, 0x10, 0xff, 0x30, 0x1c, 0x10, 0xff,
    0x38, 0x18, 0x10, 0xff, 0x38, 0x1c, 0x10, 0xff, 0x38, 0x1c, 0x10, 0xff,
    0x38, 0x18, 0x08, 0xff, 0x38, 0x1c, 0x08, 0xff, 0x30, 0x1c, 0x08, 0xff,
    0x38, 0x1c, 0x10, 0xff, 0x38, 0x1c, 0x10, 0xff, 0x38, 0x1c, 0x10, 0xff,
    0x38, 0x1c, 0x10, 0xff, 0x38, 0x1c, 0x08, 0xff, 0x38, 0x1c, 0x10, 0xff,
    0x30, 0x18, 0x10, 0xff, 0x38, 0x1c, 0x10, 0xff, 0x38, 0x1c, 0x08, 0xff,
    0x38, 0x1c, 0x08, 0xff, 0x38, 0x1c, 0x10, 0xff, 0x38, 0x1c, 0x10, 0xff,
    0x38, 0x1c, 0x08, 0xff, 0x38, 0x1c, 0x10, 0xff, 0x30, 0x18, 0x08, 0xff,
    0x38, 0x1c, 0x08, 0xff, 0x38, 0x1c, 0x10, 0xff, 0x30, 0x18, 0x10, 0xff,
    0x30, 0x1c, 0x08, 0xff, 0x38, 0x1c, 0x10, 0xff, 0x38, 0x18, 0x10, 0xff,
    0x38, 0x18, 0x10, 0xff, 0x30, 0x1c, 0x10, 0xff, 0x38, 0x1c, 0x10, 0xff,
    0x38, 0x1c, 0x08, 0xff, 0x30, 0x1c, 0x10, 0xff, 0x38, 0x18, 0x10, 0xff,
    0x38, 0x1c, 0x08, 0xff, 0x30, 0x1c, 0x10, 0xff, 0x38, 0x1c, 0x10, 0xff,
    0x38, 0x18, 0x10, 0xff, 0x38, 0x1c, 0x08, 0xff, 0x38, 0x1c, 0x08, 0xff,
    0x30, 0x1c, 0x10, 0xff, 0x38, 0x1c, 0x10, 0xff, 0x38, 0x1c, 0x08, 0xff,
    0x38, 0x1c, 0x08, 0xff, 0x38, 0x1c, 0x08, 0xff, 0x38, 0x18, 0x10, 0xff,
    0x38, 0x1c, 0x10, 0xff, 0x30, 0x1c, 0x10, 0xff, 0x38, 0x1c, 0x08, 0xff,
    0x38, 0x1c, 0x10, 0xff, 0x38, 0x1c, 0x08, 0xff, 0x30, 0x1c, 0x08, 0xff,
    0x38, 0x1c, 0x08, 0xff, 0x38, 0x1c, 0x08, 0xff, 0x38, 0x1c, 0x10, 0xff,
    0x38, 0x18, 0x10, 0xff, 0x38, 0x1c, 0x10, 0xff, 0x38, 0x1c, 0x08, 0xff,
    0x38, 0x1c, 0x10, 0xff, 0x30, 0x1c, 0x10, 0xff, 0x38, 0x18, 0x08, 0xff,
    0x38, 0x1c, 0x10, 0xff, 0x30, 0x1c, 0x08, 0xff, 0x38, 0x1c, 0x10, 0xff,
    0x38, 0x18, 0x10, 0xff, 0x38, 0x1c, 0x10, 0xff, 0x30, 0x1c, 0x10, 0xff,
    0x30, 0x1c, 0x10, 0xff, 0x38, 0x18, 0x08, 0xff, 0x38, 0x1c, 0x10, 0xff,
    0x38, 0x1c, 0x08, 0xff, 0x38, 0x1c, 0x10, 0xff, 0x30, 0x18, 0x10, 0xff,
    0x38, 0x1c, 0x08, 0xff, 0x38, 0x1c, 0x10, 0xff, 0x38, 0x18, 0x10, 0xff,
    0x38, 0x1c, 0x08, 0xff, 0x30, 0x1c, 0x08, 0xff, 0x30, 0x1c, 0x10, 0xff,
    0x38, 0x1c, 0x10, 0xff, 0x38, 0x1c, 0x08, 0xff, 0x38, 0x1c, 0x10, 0xff,
    0x38, 0x18, 0x08, 0xff, 0x38, 0x1c, 0x10, 0xff, 0x38, 0x1c, 0x10, 0xff,
    0x38, 0x1c, 0x08, 0xff, 0x38, 0x18, 0x08, 0xff, 0x30, 0x1c, 0x08, 0xff,
    0x38, 0x1c, 0x10, 0xff, 0x38, 0x1c, 0x10, 0xff, 0x38, 0x18, 0x10, 0xff,
    0x38, 0x1c, 0x08, 0xff, 0x38, 0x18, 0x10, 0xff, 0x38, 0x1c, 0x10, 0xff,
    0x38, 0x1c, 0x10, 0xff, 0x30, 0x18, 0x10, 0xff, 0x38, 0x1c, 0x10, 0xff,
    0x38, 0x1c, 0x10, 0xff, 0x30, 0x18, 0x10, 0xff, 0x38, 0x1c, 0x08, 0xff,
    0x30, 0x1c, 0x10, 0xff, 0x38, 0x18, 0x10, 0xff, 0x38, 0x1c, 0x10, 0xff,
    0x30, 0x18, 0x10, 0xff, 0x30, 0x1c, 0x10, 0xff, 0x38, 0x1c, 0x10, 0xff,
    0x30, 0x1c, 0x08, 0xff, 0x38, 0x18, 0x10, 0xff, 0x38, 0x18, 0x08, 0xff,
    0x30, 0x1c, 0x08, 0xff, 0x38, 0x1c, 0x10, 0xff, 0x38, 0x18, 0x10, 0xff,
    0x30, 0x1c, 0x10, 0xff, 0x38, 0x18, 0x08, 0xff, 0x38, 0x1c, 0x08, 0xff,
    0x30, 0x1c, 0x10, 0xff, 0x38, 0x18, 0x08, 0xff, 0x38, 0x1c, 0x08, 0xff,
    0x38, 0x1c, 0x10, 0xff, 0x30, 0x18, 0x08, 0xff, 0x30, 0x18, 0x10, 0xff,
    0x38, 0x1c, 0x10, 0xff, 0x38, 0x1c, 0x10, 0xff, 0x30, 0x18, 0x10, 0xff,
    0x38, 0x1c, 0x08, 0xff, 0x38, 0x1c, 0x08, 0xff, 0x38, 0x18, 0x10, 0xff,
    0x38, 0x1c, 0x10, 0xff, 0x38, 0x1c, 0x08, 0xff, 0x38, 0x1c, 0x08, 0xff,
    0x30, 0x18, 0x10, 0xff, 0x30, 0x18, 0x10, 0xff, 0x38, 0x1c, 0x10, 0xff,
    0x38, 0x1c, 0x08, 0xff, 0x30, 0x1c, 0x10, 0xff, 0x38, 0x18, 0x10, 0xff,
    0x38, 0x1c, 0x10, 0xff, 0x38, 0x1c, 0x10, 0xff, 0x30, 0x1c, 0x10, 0xff,
    0x38, 0x18, 0x10, 0xff, 0x30, 0x1c, 0x08, 0xff, 0x38, 0x1c, 0x10, 0xff,
    0x30, 0x1c, 0x10, 0xff, 0x30, 0x18, 0x10, 0xff, 0x38, 0x1c, 0x08, 0xff,
    0x38, 0x1c, 0x08, 0xff, 0x38, 0x1c, 0x08, 0xff, 0x38, 0x1c, 0x08, 0xff,
    0x38, 0x18, 0x08, 0xff, 0x38, 0x1c, 0x10, 0xff, 0x38, 0x1c, 0x10, 0xff,
    0x38, 0x18, 0x10, 0xff, 0x38, 0x1c, 0x08, 0xff, 0x38, 0x1c, 0x10, 0xff,
    0x38, 0x18, 0x08, 0xff, 0x38, 0x1c, 0x08, 0xff, 0x38, 0x1c, 0x10, 0xff,
    0x30, 0x1c, 0x10, 0xff, 0x38, 0x1c, 0x10, 0xff, 0x38, 0x1c, 0x10, 0xff,
    0x30, 0x18, 0x08, 0xff, 0x38, 0x1c, 0x08, 0xff, 0x38, 0x1c, 0x10, 0xff,
    0x38, 0x1c, 0x10, 0xff, 0x38, 0x1c, 0x08, 0xff, 0x38, 0x18, 0x08, 0xff,
    0x38, 0x1c, 0x10, 0xff, 0x38, 0x1c, 0x10, 0xff, 0x38, 0x1c, 0x10, 0xff,
    0x38, 0x1c, 0x10, 0xff, 0x38, 0x1c, 0x10, 0xff, 0x38, 0x1c, 0x08, 0xff,
    0x38, 0x1c, 0x08, 0xff, 0x38, 0x1c, 0x08, 0xff, 0x38, 0x1c, 0x10, 0xff,
    0x30, 0x1c, 0x10, 0xff, 0x30, 0x1c, 0x10, 0xff, 0x38, 0x1c, 0x10, 0xff,
    0x38, 0x18, 0x10, 0xff, 0x38, 0x1c, 0x10, 0xff, 0x38, 0x1c, 0x08, 0xff,
    0x38, 0x1c, 0x08, 0xff, 0x30, 0x1c, 0x10, 0xff, 0x38, 0x1c, 0x10, 0xff,
    0x38, 0x18, 0x08, 0xff, 0x30, 0x1c, 0x08, 0xff, 0x38, 0x1c, 0x10, 0xff,
    0x30, 0x1c, 0x10, 0xff, 0x38, 0x18, 0x08, 0xff, 0x38, 0x1c, 0x08, 0xff,
    0x38, 0x1c, 0x10, 0xff, 0x38, 0x1c, 0x10, 0xff, 0x38, 0x18, 0x08, 0xff,
    0x38, 0x1c, 0x08, 0xff, 0x38, 0x1c, 0x10, 0xff, 0x30, 0x1c, 0x10, 0xff,
    0x38, 0x1c, 0x10, 0xff, 0x30, 0x18, 0x10, 0xff, 0x38, 0x1c, 0x10, 0xff,
    0x38, 0x1c, 0x10, 0xff, 0x30, 0x1c, 0x08, 0xff, 0x38, 0x1c, 0x08, 0xff,
    0x30, 0x1c, 0x10, 0xff, 0x38, 0x1c, 0x08, 0xff, 0x38, 0x1c, 0x10, 0xff,
    0x38, 0x1c, 0x10, 0xff, 0x30, 0x18, 0x08, 0xff, 0x38, 0x1c, 0x08, 0xff,
    0x38, 0x1c, 0x10, 0xff, 0x38, 0x1c, 0x10, 0xff, 0x38, 0x1c, 0x10, 0xff,
    0x38, 0x1c, 0x10, 0xff, 0x38, 0x1c, 0x08, 0xff, 0x38, 0x18, 0x10, 0xff,
    0x30, 0x1c, 0x10, 0xff, 0x30, 0x1c, 0x10, 0xff, 0x38, 0x1c, 0x10, 0xff,
    0x30, 0x1c, 0x10, 0xff, 0x38, 0x18, 0x08, 0xff, 0x30, 0x1c, 0x08, 0xff,
    0x38, 0x1c, 0x08, 0xff, 0x38, 0x18, 0x10, 0xff, 0x30, 0x1c, 0x10, 0xff,
    0x38, 0x1c, 0x10, 0xff, 0x38, 0x18, 0x10, 0xff, 0x38, 0x1c, 0x10, 0xff,
    0x38, 0x1c, 0x08, 0xff, 0x30, 0x18, 0x08, 0xff, 0x38, 0x1c, 0x10, 0xff,
    0x30, 0x1c, 0x08, 0xff, 0x38, 0x1c, 0x10, 0xff, 0x38, 0x1c, 0x10, 0xff,
    0x38, 0x1c, 0x08, 0xff, 0x30, 0x18, 0x10, 0xff, 0x38, 0x1c, 0x10, 0xff,
    0x38, 0x1c, 0x08, 0xff, 0x38, 0x1c, 0x10, 0xff, 0x38, 0x18, 0x08, 0xff,
    0x38, 0x1c, 0x10, 0xff, 0x38, 0x1c, 0x10, 0xff, 0x38, 0x1c, 0x08, 0xff,
    0x38, 0x1c, 0x08, 0xff, 0x38, 0x1c, 0x10, 0xff, 0x38, 0x1c, 0x10, 0xff,
    0x38, 0x1c, 0x08, 0xff, 0x30, 0x18, 0x10, 0xff, 0x38, 0x1c, 0x10, 0xff,
    0x38, 0x1c, 0x08, 0xff, 0x30, 0x18, 0x10, 0xff, 0x38, 0x1c, 0x08, 0xff,
    0x30, 0x18, 0x10, 0xff, 0x38, 0x1c, 0x10, 0xff, 0x38, 0x1c, 0x08, 0xff,
    0x30, 0x18, 0x10, 0xff, 0x38, 0x1c, 0x10, 0xff, 0x30, 0x1c, 0x08, 0xff,
    0x38, 0x1c, 0x10, 0xff, 0x38, 0x18, 0x10, 0xff, 0x38, 0x1c, 0x08, 0xff,
    0x30, 0x18, 0x08, 0xff, 0x38, 0x1c, 0x08, 0xff, 0x38, 0x1c, 0x10, 0xff,
    0x30, 0x18, 0x10, 0xff, 0x38, 0x1c, 0x08, 0xff, 0x38, 0x1c, 0x10, 0xff,
    0x38, 0x1c, 0x10, 0xff, 0x38, 0x18, 0x08, 0xff, 0x38, 0x1c, 0x08, 0xff,
    0x30, 0x1c, 0x10, 0xff, 0x38, 0x18, 0x10, 0xff, 0x38, 0x1c, 0x10, 0xff,
    0x30, 0x1c, 0x10, 0xff, 0x38, 0x18, 0x10, 0xff, 0x38, 0x1c, 0x08, 0xff,
    0x30, 0x1c, 0x08, 0xff, 0x38, 0x18, 0x08, 0xff, 0x38, 0x1c, 0x10, 0xff,
    0x38, 0x1c, 0x08, 0xff, 0x38, 0x1c, 0x08, 0xff, 0x38, 0x1c, 0x10, 0xff,
    0x30, 0x18, 0x10, 0xff, 0x38, 0x18, 0x10, 0xff, 0x38, 0x1c, 0x10, 0xff,
    0x38, 0x18, 0x08, 0xff, 0x38, 0x1c, 0x10, 0xff, 0x38, 0x1c, 0x10, 0xff,
    0x30, 0x1c, 0x10, 0xff, 0x38, 0x18, 0x08, 0xff, 0x38, 0x1c, 0x08, 0xff,
    0x30, 0x1c, 0x10, 0xff, 0x30, 0x1c, 0x10, 0xff, 0x38, 0x1c, 0x10, 0xff,
    0x30, 0x18, 0x10, 0xff, 0x30, 0x1c, 0x10, 0xff, 0x38, 0x1c, 0x10, 0xff,
    0x38, 0x18, 0x08, 0xff, 0x38, 0x1c, 0x08, 0xff, 0x38, 0x1c, 0x10, 0xff,
    0x38, 0x1c, 0x08, 0xff, 0x38, 0x1c, 0x10, 0xff, 0x38, 0x1c, 0x08, 0xff,
    0x38, 0x18, 0x10, 0xff, 0x38, 0x1c, 0x10, 0xff, 0x38, 0x1c, 0x10, 0xff,
    0x38, 0x18, 0x08, 0xff, 0x38, 0x1c, 0x10, 0xff, 0x38, 0x18, 0x10, 0xff,
    0x38, 0x1c, 0x10, 0xff, 0x30, 0x1c, 0x10, 0xff, 0x38, 0x1c, 0x10, 0xff,
    0x30, 0x18, 0x10, 0xff, 0x38, 0x1c, 0x08, 0xff, 0x38, 0x1c, 0x10, 0xff,
    0x30, 0x1c, 0x10, 0xff, 0x38, 0x1c, 0x08, 0xff, 0x38, 0x18, 0x08, 0xff,
    0x38, 0x1c, 0x10, 0xff, 0x38, 0x1c, 0x10, 0xff, 0x38, 0x18, 0x08, 0xff,
    0x38, 0x1c, 0x10, 0xff, 0x38, 0x1c, 0x10, 0xff, 0x30, 0x1c, 0x08, 0xff,
    0x38, 0x1c, 0x08, 0xff, 0x38, 0x18, 0x10, 0xff, 0x38, 0x1c, 0x10, 0xff,
    0x30, 0x1c, 0x10, 0xff, 0x38, 0x18, 0x10, 0xff, 0x38, 0x1c, 0x10, 0xff,
    0x38, 0x18, 0x10, 0xff, 0x38, 0x1c, 0x10, 0xff, 0x38, 0x1c, 0x08, 0xff,
    0x30, 0x1c, 0x08, 0xff, 0x38, 0x1c, 0x08, 0xff, 0x38, 0x1c, 0x10, 0xff,
    0x30, 0x1c, 0x08, 0xff, 0x38, 0x18, 0x08, 0xff, 0x38, 0x1c, 0x10, 0xff,
    0x30, 0x1c, 0x10, 0xff, 0x38, 0x1c, 0x10, 0xff, 0x38, 0x18, 0x08, 0xff,
    0x38, 0x1c, 0x10, 0xff, 0x38, 0x1c, 0x10, 0xff, 0x38, 0x1c, 0x08, 0xff,
    0x38, 0x18, 0x08, 0xff, 0x38, 0x1c, 0x08, 0xff, 0x30, 0x1c, 0x10, 0xff,
    0x38, 0x18, 0x10, 0xff, 0x38, 0x1c, 0x10, 0xff, 0x30, 0x1c, 0x10, 0xff,
    0x38, 0x1c, 0x10, 0xff, 0x38, 0x1c, 0x10, 0xff, 0x30, 0x1c, 0x08, 0xff,
    0x38, 0x1c, 0x10, 0xff, 0x38, 0x18, 0x08, 0xff, 0x38, 0x1c, 0x10, 0xff,
    0x30, 0x1c, 0x10, 0xff, 0x38, 0x1c, 0x08, 0xff, 0x38, 0x1c, 0x08, 0xff,
    0x38, 0x1c, 0x08, 0xff, 0x38, 0x18, 0x10, 0xff, 0x38, 0x1c, 0x10, 0xff,
    0x30, 0x18, 0x10, 0xff, 0x38, 0x1c, 0x08, 0xff, 0x38, 0x1c, 0x08, 0xff,
    0x30, 0x18, 0x10, 0xff, 0x38, 0x1c, 0x10, 0xff, 0x30, 0x1c, 0x10, 0xff,
    0x30, 0x1c, 0x10, 0xff, 0x38, 0x1c, 0x10, 0xff, 0x38, 0x1c, 0x08, 0xff,
    0x38, 0x1c, 0x08, 0xff, 0x38, 0x18, 0x10, 0xff, 0x38, 0x1c, 0x10, 0xff,
    0x38, 0x1c, 0x08, 0xff, 0x38, 0x1c, 0x10, 0xff, 0x38, 0x1c, 0x10, 0xff,
    0x30, 0x1c, 0x08, 0xff, 0x38, 0x1c, 0x10, 0xff, 0x30, 0x1c, 0x10, 0xff,
    0x30, 0x18, 0x08, 0xff, 0x38, 0x1c, 0x10, 0xff, 0x38, 0x1c, 0x10, 0xff,
    0x38, 0x1c, 0x10, 0xff, 0x30, 0x1c, 0x10, 0xff, 0x38, 0x1c, 0x10, 0xff,
    0x38, 0x1c, 0x10, 0xff, 0x38, 0x18, 0x10, 0xff, 0x38, 0x1c, 0x08, 0xff,
    0x38, 0x1c, 0x10, 0xff, 0x30, 0x1c, 0x10, 0xff, 0x38, 0x18, 0x08, 0xff,
    0x38, 0x1c, 0x08, 0xff, 0x38, 0x18, 0x10, 0xff, 0x38, 0x1c, 0x10, 0xff,
    0x38, 0x1c, 0x10, 0xff, 0x38, 0x1c, 0x10, 0xff, 0x30, 0x1c, 0x10, 0xff,
    0x38, 0x18, 0x08, 0xff, 0x38, 0x1c, 0x08, 0xff, 0x38, 0x18, 0x08, 0xff,
    0x30, 0x18, 0x10, 0xff, 0x38, 0x1c, 0x10, 0xff, 0x38, 0x1c, 0x08, 0xff,
    0x30, 0x1c, 0x10, 0xff, 0x30, 0x1c, 0x08, 0xff, 0x38, 0x1c, 0x08, 0xff,
    0x38, 0x18, 0x10, 0xff, 0x30, 0x1c, 0x10, 0xff, 0x30, 0x1c, 0x10, 0xff,
    0x38, 0x1c, 0x08, 0xff, 0x38, 0x1c, 0x08, 0xff, 0x38, 0x1c, 0x08, 0xff,
    0x38, 0x1c, 0x10, 0xff, 0x38, 0x18, 0x10, 0xff, 0x38, 0x1c, 0x10, 0xff,
    0x38, 0x1c, 0x08, 0xff, 0x38, 0x1c, 0x08, 0xff, 0x38, 0x18, 0x08, 0xff,
    0x38, 0x1c, 0x08, 0xff, 0x30, 0x1c, 0x10, 0xff, 0x30, 0x1c, 0x10, 0xff,
    0x38, 0x18, 0x10, 0xff, 0x38, 0x1c, 0x08, 0xff, 0x30, 0x1c, 0x10, 0xff,
    0x30, 0x18, 0x08, 0xff, 0x38, 0x18, 0x08, 0xff, 0x38, 0x1c, 0x10, 0xff,
    0x38, 0x1c, 0x08, 0xff, 0x38, 0x1c, 0x08, 0xff, 0x38, 0x1c, 0x10, 0xff,
    0x38, 0x18, 0x10, 0xff, 0x38, 0x1c, 0x10, 0xff, 0x30, 0x18, 0x08, 0xff,
    0x38, 0x18, 0x10, 0xff, 0x38, 0x1c, 0x08, 0xff, 0x38, 0x18, 0x08, 0xff,
    0x30, 0x1c, 0x10, 0xff, 0x38, 0x1c, 0x08, 0xff, 0x38, 0x18, 0x08, 0xff,
    0x38, 0x1c, 0x10, 0xff, 0x38, 0x1c, 0x10, 0xff, 0x38, 0x1c, 0x10, 0xff,
    0x30, 0x1c, 0x10, 0xff, 0x30, 0x1c, 0x10, 0xff, 0x38, 0x1c, 0x08, 0xff,
    0x30, 0x18, 0x08, 0xff, 0x38, 0x1c, 0x08, 0xff, 0x38, 0x1c, 0x10, 0xff,
    0x38, 0x1c, 0x10, 0xff, 0x30, 0x1c, 0x10, 0xff, 0x38, 0x1c, 0x08, 0xff,
    0x38, 0x1c, 0x10, 0xff, 0x38, 0x18, 0x10, 0xff, 0x38, 0x1c, 0x08, 0xff,
    0x38, 0x1c, 0x10, 0xff, 0x38, 0x1c, 0x10, 0xff, 0x38, 0x18, 0x10, 0xff,
    0x38, 0x1c, 0x10, 0xff, 0x38, 0x18, 0x08, 0xff, 0x38, 0x1c, 0x10, 0xff,
    0x30, 0x1c, 0x10, 0xff, 0x38, 0x1c, 0x10, 0xff, 0x38, 0x18, 0x10, 0xff,
    0x30, 0x1c, 0x10, 0xff, 0x38, 0x1c, 0x08, 0xff, 0x38, 0x1c, 0x10, 0xff,
    0x30, 0x18, 0x10, 0xff, 0x38, 0x1c, 0x10, 0xff, 0x38, 0x18, 0x10, 0xff,
    0x38, 0x18, 0x10, 0xff, 0x38, 0x1c, 0x10, 0xff, 0x30, 0x1c, 0x08, 0xff,
    0x38, 0x1c, 0x10, 0xff, 0x38, 0x1c, 0x10, 0xff, 0x38, 0x1c, 0x10, 0xff,
    0x38, 0x1c, 0x08, 0xff, 0x38, 0x1c, 0x10, 0xff, 0x30, 0x18, 0x10, 0xff,
    0x38, 0x18, 0x10, 0xff, 0x38, 0x1c, 0x08, 0xff, 0x38, 0x1c, 0x08, 0xff,
    0x30, 0x1c, 0x08, 0xff, 0x38, 0x1c, 0x10, 0xff, 0x38, 0x1c, 0x08, 0xff,
    0x38, 0x1c, 0x10, 0xff, 0x30, 0x1c, 0x10, 0xff, 0x38, 0x1c, 0x08, 0xff,
    0x30, 0x1c, 0x10, 0xff, 0x30, 0x18, 0x10, 0xff, 0x38, 0x1c, 0x10, 0xff,
    0x38, 0x1c, 0x08, 0xff, 0x38, 0x1c, 0x10, 0xff, 0x38, 0x18, 0x08, 0xff,
    0x38, 0x1c, 0x08, 0xff, 0x38, 0x1c, 0x10, 0xff, 0x38, 0x18, 0x10, 0xff,
    0x38, 0x1c, 0x10, 0xff, 0x38, 0x1c, 0x08, 0xff, 0x30, 0x1c, 0x10, 0xff,
    0x38, 0x18, 0x10, 0xff, 0x38, 0x1c, 0x10, 0xff, 0x30, 0x1c, 0x08, 0xff,
    0x30, 0x1c, 0x08, 0xff, 0x38, 0x18, 0x10, 0xff, 0x38, 0x18, 0x10, 0xff,
    0x38, 0x1c, 0x10, 0xff, 0x38, 0x1c, 0x08, 0xff, 0x30, 0x1c, 0x08, 0xff,
    0x38, 0x1c, 0x10, 0xff, 0x38, 0x18, 0x10, 0xff, 0x38, 0x1c, 0x10, 0xff,
    0x30, 0x18, 0x10, 0xff, 0x38, 0x1c, 0x08, 0xff, 0x38, 0x1c, 0x08, 0xff,
    0x30, 0x1c, 0x10, 0xff, 0x38, 0x18, 0x10, 0xff, 0x38, 0x1c, 0x10, 0xff,
    0x30, 0x1c, 0x08, 0xff, 0x38, 0x1c, 0x10, 0xff, 0x38, 0x1c, 0x08, 0xff,
    0x38, 0x1c, 0x08, 0xff, 0x38, 0x18, 0x10, 0xff, 0x30, 0x1c, 0x08, 0xff,
    0x38, 0x18, 0x10, 0xff, 0x38, 0x1c, 0x10, 0xff, 0x38, 0x1c, 0x10, 0xff,
    0x30, 0x1c, 0x10, 0xff, 0x38, 0x1c, 0x10, 0xff, 0x30, 0x1c, 0x08, 0xff,
    0x38, 0x1c, 0x10, 0xff, 0x30, 0x1c, 0x10, 0xff, 0x38, 0x1c, 0x10, 0xff,
    0x38, 0x18, 0x10, 0xff, 0x38, 0x1c, 0x10, 0xff, 0x30, 0x1c, 0x10, 0xff,
    0x38, 0x18, 0x08, 0xff, 0x38, 0x1c, 0x10, 0xff, 0x38, 0x1c, 0x10, 0xff,
    0x38, 0x1c, 0x10, 0xff, 0x38, 0x1c, 0x08, 0xff, 0x30, 0x1c, 0x10, 0xff,
    0x38, 0x1c, 0x08, 0xff, 0x38, 0x1c, 0x10, 0xff, 0x38, 0x18, 0x10, 0xff,
    0x38, 0x1c, 0x08, 0xff, 0x30, 0x1c, 0x10, 0xff, 0x38, 0x1c, 0x10, 0xff,
    0x30, 0x1c, 0x10, 0xff, 0x38, 0x18, 0x08, 0xff, 0x38, 0x1c, 0x08, 0xff,
    0x38, 0x1c, 0x08, 0xff, 0x38, 0x18, 0x10, 0xff, 0x38, 0x1c, 0x10, 0xff,
    0x38, 0x1c, 0x10, 0xff, 0x38, 0x1c, 0x08, 0xff, 0x30, 0x1c, 0x08, 0xff,
    0x30, 0x18, 0x10, 0xff, 0x38, 0x1c, 0x10, 0xff, 0x38, 0x1c, 0x08, 0xff,
    0x38, 0x1c, 0x08, 0xff, 0x30, 0x1c, 0x08, 0xff, 0x38, 0x1c, 0x08, 0xff,
    0x38, 0x1c, 0x10, 0xff, 0x30, 0x1c, 0x10, 0xff, 0x38, 0x18, 0x08, 0xff,
    0x38, 0x1c, 0x08, 0xff, 0x38, 0x1c, 0x08, 0xff, 0x38, 0x1c, 0x10, 0xff,
    0x30, 0x1c, 0x08, 0xff, 0x30, 0x1c, 0x10, 0xff, 0x38, 0x1c, 0x10, 0xff,
    0x38, 0x1c, 0x08, 0xff, 0x38, 0x1c, 0x10, 0xff, 0x38, 0x1c, 0x08, 0xff,
    0x30, 0x18, 0x08, 0xff, 0x30, 0x1c, 0x08, 0xff, 0x38, 0x18, 0x08, 0xff,
    0x38, 0x1c, 0x08, 0xff, 0x38, 0x1c, 0x10, 0xff, 0x38, 0x18, 0x10, 0xff,
    0x38, 0x18, 0x10, 0xff, 0x38, 0x1c, 0x10, 0xff, 0x38, 0x1c, 0x08, 0xff,
    0x30, 0x18, 0x08, 0xff, 0x38, 0x1c, 0x08, 0xff, 0x38, 0x1c, 0x10, 0xff,
    0x38, 0x18, 0x10, 0xff, 0x38, 0x1c, 0x08, 0xff, 0x38, 0x18, 0x08, 0xff,
    0x38, 0x1c, 0x10, 0xff, 0x38, 0x1c, 0x10, 0xff, 0x38, 0x1c, 0x10, 0xff,
    0x30, 0x18, 0x10, 0xff, 0x30, 0x1c, 0x10, 0xff, 0x38, 0x1c, 0x10, 0xff,
    0x30, 0x1c, 0x08, 0xff, 0x38, 0x18, 0x08, 0xff, 0x38, 0x1c, 0x10, 0xff,
    0x38, 0x18, 0x10, 0xff, 0x38, 0x1c, 0x10, 0xff, 0x30, 0x1c, 0x10, 0xff,
    0x38, 0x18, 0x10, 0xff, 0x38, 0x1c, 0x10, 0xff, 0x30, 0x1c, 0x08, 0xff,
    0x38, 0x1c, 0x10, 0xff, 0x38, 0x1c, 0x10, 0xff, 0x38, 0x1c, 0x10, 0xff,
    0x38, 0x1c, 0x08, 0xff, 0x38, 0x18, 0x10, 0xff, 0x30, 0x1c, 0x10, 0xff,
    0x38, 0x1c, 0x10, 0xff, 0x38, 0x18, 0x10, 0xff, 0x38, 0x18, 0x10, 0xff,
    0x38, 0x1c, 0x10, 0xff, 0x38, 0x1c, 0x10, 0xff, 0x38, 0x1c, 0x10, 0xff,
    0x30, 0x1c, 0x10, 0xff, 0x38, 0x18, 0x08, 0xff, 0x38, 0x18, 0x10, 0xff,
    0x38, 0x1c, 0x10, 0xff, 0x38, 0x18, 0x10, 0xff, 0x30, 0x1c, 0x10, 0xff,
    0x38, 0x1c, 0x10, 0xff, 0x38, 0x18, 0x10, 0xff, 0x38, 0x1c, 0x10, 0xff,
    0x38, 0x1c, 0x10, 0xff, 0x38, 0x1c, 0x10, 0xff, 0x38, 0x18, 0x10, 0xff,
    0x38, 0x1c, 0x08, 0xff, 0x30, 0x1c, 0x08, 0xff, 0x38, 0x1c, 0x08, 0xff,
    0x30, 0x1c, 0x08, 0xff, 0x38, 0x1c, 0x10, 0xff, 0x38, 0x1c, 0x10, 0xff,
    0x38, 0x1c, 0x10, 0xff, 0x38, 0x18, 0x10, 0xff, 0x38, 0x1c, 0x08, 0xff,
    0x30, 0x1c, 0x10, 0xff, 0x30, 0x1c, 0x10, 0xff, 0x38, 0x18, 0x08, 0xff,
    0x30, 0x1c, 0x08, 0xff, 0x38, 0x1c, 0x10, 0xff, 0x38, 0x1c, 0x08, 0xff,
    0x38, 0x1c, 0x08, 0xff, 0x38, 0x1c, 0x08, 0xff, 0x38, 0x18, 0x10, 0xff,
    0x38, 0x1c, 0x10, 0xff, 0x38, 0x1c, 0x08, 0xff, 0x30, 0x1c, 0x08, 0xff,
    0x38, 0x1c, 0x10, 0xff, 0x38, 0x1c, 0x10, 0xff, 0x30, 0x1c, 0x08, 0xff,
    0x38, 0x1c, 0x08, 0xff, 0x38, 0x1c, 0x08, 0xff, 0x30, 0x18, 0x10, 0xff,
    0x38, 0x18, 0x10, 0xff, 0x38, 0x1c, 0x08, 0xff, 0x38, 0x1c, 0x10, 0xff,
    0x30, 0x1c, 0x10, 0xff, 0x38, 0x18, 0x10, 0xff, 0x38, 0x1c, 0x10, 0xff,
    0x38, 0x1c, 0x08, 0xff, 0x30, 0x1c, 0x08, 0xff, 0x30, 0x1c, 0x08, 0xff,
    0x38, 0x1c, 0x08, 0xff, 0x38, 0x18, 0x10, 0xff, 0x30, 0x1c, 0x10, 0xff,
    0x38, 0x1c, 0x10, 0xff, 0x38, 0x1c, 0x10, 0xff, 0x38, 0x1c, 0x08, 0xff,
    0x38, 0x1c, 0x08, 0xff, 0x30, 0x18, 0x08, 0xff, 0x38, 0x1c, 0x08, 0xff,
    0x30, 0x1c, 0x10, 0xff, 0x38, 0x1c, 0x10, 0xff, 0x38, 0x1c, 0x08, 0xff,
    0x38, 0x18, 0x10, 0xff, 0x38, 0x1c, 0x10, 0xff, 0x30, 0x1c, 0x10, 0xff,
    0x38, 0x1c, 0x10, 0xff, 0x38, 0x1c, 0x10, 0xff, 0x38, 0x1c, 0x10, 0xff,
    0x30, 0x18, 0x08, 0xff, 0x38, 0x1c, 0x10, 0xff, 0x38, 0x1c, 0x10, 0xff,
    0x30, 0x1c, 0x08, 0xff, 0x30, 0x1c, 0x10, 0xff, 0x38, 0x1c, 0x10, 0xff,
    0x38, 0x18, 0x08, 0xff, 0x38, 0x1c, 0x10, 0xff, 0x38, 0x18, 0x10, 0xff,
    0x38, 0x1c, 0x08, 0xff, 0x38, 0x18, 0x10, 0xff, 0x38, 0x1c, 0x10, 0xff,
    0x38, 0x1c, 0x10, 0xff, 0x30, 0x18, 0x10, 0xff, 0x38, 0x1c, 0x10, 0xff,
    0x30, 0x1c, 0x10, 0xff, 0x38, 0x18, 0x10, 0xff, 0x38, 0x1c, 0x08, 0xff,
    0x30, 0x1c, 0x08, 0xff, 0x38, 0x18, 0x10, 0xff, 0x38, 0x1c, 0x10, 0xff,
    0x38, 0x18, 0x10, 0xff, 0x38, 0x1c, 0x08, 0xff, 0x30, 0x1c, 0x08, 0xff,
    0x38, 0x18, 0x10, 0xff, 0x38, 0x1c, 0x08, 0xff, 0x30, 0x18, 0x08, 0xff,
    0x38, 0x1c, 0x08, 0xff, 0x38, 0x1c, 0x08, 0xff, 0x38, 0x1c, 0x10, 0xff,
    0x38, 0x1c, 0x10, 0xff, 0x38, 0x1c, 0x10, 0xff, 0x38, 0x18, 0x10, 0xff,
    0x30, 0x1c, 0x08, 0xff, 0x38, 0x18, 0x08, 0xff, 0x38, 0x1c, 0x08, 0xff,
    0x38, 0x1c, 0x08, 0xff, 0x30, 0x1c, 0x10, 0xff, 0x38, 0x18, 0x10, 0xff,
    0x38, 0x1c, 0x10, 0xff, 0x38, 0x1c, 0x10, 0xff, 0x38, 0x18, 0x08, 0xff,
    0x30, 0x1c, 0x08, 0xff, 0x38, 0x1c, 0x10, 0xff, 0x30, 0x1c, 0x08, 0xff,
    0x30, 0x1c, 0x08, 0xff, 0x38, 0x18, 0x10, 0xff, 0x38, 0x18, 0x10, 0xff,
    0x38, 0x1c, 0x10, 0xff, 0x38, 0x1c, 0x08, 0xff, 0x38, 0x18, 0x10, 0xff,
    0x30, 0x1c, 0x10, 0xff, 0x38, 0x18, 0x08, 0xff, 0x38, 0x1c, 0x10, 0xff,
    0x38, 0x1c, 0x08, 0xff, 0x38, 0x18, 0x08, 0xff, 0x38, 0x1c, 0x10, 0xff,
    0x38, 0x1c, 0x10, 0xff, 0x30, 0x1c, 0x10, 0xff, 0x38, 0x1c, 0x10, 0xff,
    0x30, 0x1c, 0x10, 0xff, 0x30, 0x18, 0x10, 0xff, 0x38, 0x1c, 0x08, 0xff,
    0x38, 0x1c, 0x08, 0xff, 0x38, 0x1c, 0x08, 0xff, 0x38, 0x1c, 0x08, 0xff,
    0x38, 0x18, 0x10, 0xff, 0x38, 0x1c, 0x10, 0xff, 0x38, 0x1c, 0x10, 0xff,
    0x38, 0x18, 0x10, 0xff, 0x38, 0x1c, 0x10, 0xff, 0x30, 0x1c, 0x08, 0xff,
    0x38, 0x1c, 0x10, 0xff, 0x38, 0x1c, 0x10, 0xff, 0x30, 0x1c, 0x10, 0xff,
    0x38, 0x1c, 0x10, 0xff, 0x38, 0x1c, 0x10, 0xff, 0x38, 0x1c, 0x10, 0xff,
    0x30, 0x18, 0x10, 0xff, 0x38, 0x1c, 0x10, 0xff, 0x38, 0x18, 0x10, 0xff,
    0x38, 0x18, 0x08, 0xff, 0x38, 0x1c, 0x10, 0xff, 0x38, 0x1c, 0x10, 0xff,
    0x38, 0x1c, 0x10, 0xff, 0x38, 0x1c, 0x10, 0xff, 0x30, 0x18, 0x10, 0xff,
    0x38, 0x1c, 0x10, 0xff, 0x38, 0x1c, 0x08, 0xff, 0x30, 0x1c, 0x10, 0xff,
    0x38, 0x1c, 0x10, 0xff, 0x38, 0x18, 0x10, 0xff, 0x38, 0x1c, 0x10, 0xff,
    0x38, 0x18, 0x10, 0xff, 0x38, 0x1c, 0x10, 0xff, 0x38, 0x1c, 0x08, 0xff,
    0x38, 0x1c, 0x08, 0xff, 0x30, 0x1c, 0x08, 0xff, 0x30, 0x18, 0x08, 0xff,
    0x38, 0x1c, 0x10, 0xff, 0x38, 0x1c, 0x10, 0xff, 0x38, 0x1c, 0x08, 0xff,
    0x30, 0x1c, 0x08, 0xff, 0x38, 0x18, 0x10, 0xff, 0x38, 0x1c, 0x10, 0xff,
    0x38, 0x1c, 0x10, 0xff, 0x38, 0x1c, 0x10, 0xff, 0x30, 0x1c, 0x08, 0xff,
    0x38, 0x1c, 0x08, 0xff, 0x38, 0x1c, 0x10, 0xff, 0x38, 0x18, 0x08, 0xff,
    0x38, 0x1c, 0x08, 0xff, 0x38, 0x1c, 0x10, 0xff, 0x30, 0x1c, 0x10, 0xff,
    0x38, 0x1c, 0x10, 0xff, 0x38, 0x18, 0x10, 0xff, 0x30, 0x1c, 0x08, 0xff,
    0x38, 0x1c, 0x10, 0xff, 0x30, 0x1c, 0x08, 0xff, 0x38, 0x1c, 0x08, 0xff,
    0x38, 0x1c, 0x08, 0xff, 0x30, 0x1c, 0x10, 0xff, 0x38, 0x18, 0x10, 0xff,
    0x38, 0x1c, 0x10, 0xff, 0x38, 0x1c, 0x08, 0xff, 0x30, 0x1c, 0x08, 0xff,
    0x38, 0x18, 0x10, 0xff, 0x38, 0x1c, 0x10, 0xff, 0x30, 0x1c, 0x08, 0xff,
    0x38, 0x1c, 0x08, 0xff, 0x30, 0x1c, 0x08, 0xff, 0x30, 0x1c, 0x10, 0xff,
    0x38, 0x1c, 0x08, 0xff, 0x30, 0x1c, 0x10, 0xff, 0x38, 0x1c, 0x08, 0xff,
    0x38, 0x18, 0x10, 0xff, 0x30, 0x1c, 0x10, 0xff, 0x38, 0x1c, 0x08, 0xff,
    0x38, 0x18, 0x10, 0xff, 0x38, 0x1c, 0x08, 0xff, 0x38, 0x1c, 0x08, 0xff,
    0x30, 0x1c, 0x10, 0xff, 0x38, 0x1c, 0x08, 0xff, 0x38, 0x1c, 0x08, 0xff,
    0x30, 0x18, 0x10, 0xff, 0x38, 0x1c, 0x10, 0xff, 0x38, 0x1c, 0x10, 0xff,
    0x38, 0x1c, 0x10, 0xff, 0x38, 0x1c, 0x10, 0xff, 0x30, 0x18, 0x08, 0xff,
    0x38, 0x1c, 0x08, 0xff, 0x38, 0x1c, 0x10, 0xff, 0x38, 0x1c, 0x10, 0xff,
    0x38, 0x1c, 0x08, 0xff, 0x30, 0x1c, 0x10, 0xff, 0x30, 0x1c, 0x10, 0xff,
    0x38, 0x18, 0x08, 0xff, 0x30, 0x1c, 0x10, 0xff, 0x38, 0x18, 0x10, 0xff,
    0x38, 0x1c, 0x08, 0xff, 0x38, 0x1c, 0x10, 0xff, 0x38, 0x1c, 0x10, 0xff,
    0x38, 0x1c, 0x08, 0xff, 0x30, 0x18, 0x10, 0xff, 0x38, 0x1c, 0x10, 0xff,
    0x30, 0x1c, 0x10, 0xff, 0x38, 0x18, 0x10, 0xff, 0x38, 0x1c, 0x08, 0xff,
    0x38, 0x18, 0x10, 0xff, 0x30, 0x1c, 0x10, 0xff, 0x38, 0x1c, 0x10, 0xff,
    0x38, 0x18, 0x10, 0xff, 0x38, 0x1c, 0x08, 0xff, 0x38, 0x1c, 0x08, 0xff,
    0x38, 0x18, 0x10, 0xff, 0x38, 0x18, 0x10, 0xff, 0x38, 0x1c, 0x08, 0xff,
    0x38, 0x1c, 0x08, 0xff, 0x38, 0x1c, 0x10, 0xff, 0x38, 0x18, 0x10, 0xff,
    0x38, 0x1c, 0x10, 0xff, 0x38, 0x1c, 0x10, 0xff, 0x38, 0x1c, 0x10, 0xff,
    0x38, 0x1c, 0x08, 0xff, 0x30, 0x18, 0x10, 0xff, 0x38, 0x1c, 0x08, 0xff,
    0x38, 0x1c, 0x08, 0xff, 0x38, 0x1c, 0x10, 0xff, 0x30, 0x18, 0x08, 0xff,
    0x38, 0x1c, 0x10, 0xff, 0x38, 0x1c, 0x10, 0xff, 0x38, 0x18, 0x08, 0xff,
    0x30, 0x1c, 0x10, 0xff, 0x38, 0x1c, 0x10, 0xff, 0x38, 0x1c, 0x08, 0xff,
    0x30, 0x18, 0x10, 0xff, 0x38, 0x18, 0x10, 0xff, 0x38, 0x1c, 0x10, 0xff,
    0x38, 0x1c, 0x08, 0xff, 0x38, 0x1c, 0x10, 0xff, 0x30, 0x1c, 0x10, 0xff,
    0x38, 0x18, 0x10, 0xff, 0x38, 0x18, 0x10, 0xff, 0x38, 0x1c, 0x10, 0xff,
    0x38, 0x1c, 0x08, 0xff, 0x38, 0x18, 0x08, 0xff, 0x38, 0x1c, 0x10, 0xff,
    0x38, 0x1c, 0x08, 0xff, 0x38, 0x1c, 0x10, 0xff, 0x38, 0x1c, 0x10, 0xff,
    0x30, 0x18, 0x10, 0xff, 0x30, 0x1c, 0x10, 0xff, 0x38, 0x1c, 0x10, 0xff,
    0x38, 0x18, 0x08, 0xff, 0x38, 0x1c, 0x08, 0xff, 0x38, 0x1c, 0x08, 0xff,
    0x38, 0x1c, 0x08, 0xff, 0x38, 0x1c, 0x10, 0xff, 0x30, 0x1c, 0x10, 0xff,
    0x38, 0x18, 0x10, 0xff, 0x38, 0x1c, 0x08, 0xff, 0x30, 0x1c, 0x08, 0xff,
    0x38, 0x1c, 0x10, 0xff, 0x30, 0x1c, 0x10, 0xff, 0x30, 0x1c, 0x10, 0xff,
    0x38, 0x1c, 0x10, 0xff, 0x38, 0x1c, 0x10, 0xff, 0x30, 0x18, 0x10, 0xff,
    0x30, 0x1c, 0x10, 0xff, 0x38, 0x1c, 0x10, 0xff, 0x38, 0x18, 0x08, 0xff,
    0x38, 0x1c, 0x08, 0xff, 0x38, 0x18, 0x10, 0xff, 0x30, 0x18, 0x10, 0xff,
    0x38, 0x1c, 0x08, 0xff, 0x38, 0x1c, 0x10, 0xff, 0x30, 0x1c, 0x10, 0xff,
    0x38, 0x1c, 0x10, 0xff, 0x38, 0x1c, 0x10, 0xff, 0x30, 0x1c, 0x10, 0xff,
    0x38, 0x18, 0x10, 0xff, 0x30, 0x1c, 0x10, 0xff, 0x38, 0x1c, 0x10, 0xff,
    0x38, 0x18, 0x10, 0xff, 0x38, 0x1c, 0x10, 0xff, 0x38, 0x1c, 0x08, 0xff,
    0x30, 0x1c, 0x08, 0xff, 0x30, 0x1c, 0x08, 0xff, 0x38, 0x18, 0x10, 0xff,
    0x38, 0x1c, 0x10, 0xff, 0x38, 0x1c, 0x10, 0xff, 0x30, 0x1c, 0x08, 0xff,
    0x38, 0x1c, 0x08, 0xff, 0x30, 0x1c, 0x10, 0xff, 0x38, 0x18, 0x10, 0xff,
    0x38, 0x1c, 0x10, 0xff, 0x38, 0x1c, 0x08, 0xff, 0x30, 0x1c, 0x10, 0xff,
    0x38, 0x18, 0x08, 0xff, 0x38, 0x1c, 0x10, 0xff, 0x38, 0x1c, 0x08, 0xff,
    0x38, 0x18, 0x08, 0xff, 0x38, 0x1c, 0x08, 0xff, 0x30, 0x1c, 0x10, 0xff,
    0x38, 0x18, 0x10, 0xff, 0x38, 0x1c, 0x10, 0xff, 0x30, 0x1c, 0x10, 0xff,
    0x38, 0x1c, 0x10, 0xff, 0x38, 0x1c, 0x08, 0xff, 0x38, 0x1c, 0x08, 0xff,
    0x38, 0x1c, 0x10, 0xff, 0x38, 0x18, 0x10, 0xff, 0x38, 0x18, 0x10, 0xff,
    0x38, 0x1c, 0x08, 0xff, 0x38, 0x18, 0x08, 0xff, 0x38, 0x1c, 0x08, 0xff,
    0x30, 0x1c, 0x08, 0xff, 0x38, 0x1c, 0x10, 0xff, 0x38, 0x18, 0x08, 0xff,
    0x38, 0x1c, 0x08, 0xff, 0x30, 0x1c, 0x10, 0xff, 0x30, 0x1c, 0x10, 0xff,
    0x38, 0x1c, 0x08, 0xff, 0x38, 0x1c, 0x10, 0xff, 0x38, 0x1c, 0x10, 0xff,
    0x38, 0x1c, 0x10, 0xff, 0x38, 0x18, 0x10, 0xff, 0x38, 0x1c, 0x08, 0xff,
    0x38, 0x18, 0x10, 0xff, 0x38, 0x1c, 0x08, 0xff, 0x38, 0x1c, 0x08, 0xff,
    0x38, 0x1c, 0x08, 0xff, 0x38, 0x1c, 0x08, 0xff, 0x38, 0x18, 0x08, 0xff,
    0x30, 0x1c, 0x08, 0xff, 0x38, 0x1c, 0x10, 0xff, 0x38, 0x1c, 0x10, 0xff,
    0x38, 0x1c, 0x10, 0xff, 0x38, 0x18, 0x10, 0xff, 0x30, 0x1c, 0x08, 0xff,
    0x38, 0x1c, 0x08, 0xff, 0x38, 0x18, 0x08, 0xff, 0x38, 0x1c, 0x10, 0xff,
    0x38, 0x1c, 0x08, 0xff, 0x30, 0x18, 0x10, 0xff, 0x30, 0x1c, 0x10, 0xff,
    0x38, 0x1c, 0x10, 0xff, 0x38, 0x18, 0x10, 0xff, 0x38, 0x1c, 0x10, 0xff,
    0x38, 0x1c, 0x08, 0xff, 0x38, 0x18, 0x10, 0xff, 0x38, 0x1c, 0x10, 0xff,
    0x38, 0x1c, 0x10, 0xff, 0x38, 0x1c, 0x10, 0xff, 0x30, 0x1c, 0x10, 0xff,
    0x38, 0x18, 0x08, 0xff, 0x38, 0x1c, 0x10, 0xff, 0x38, 0x18, 0x08, 0xff,
    0x30, 0x18, 0x10, 0xff, 0x38, 0x1c, 0x10, 0xff, 0x38, 0x1c, 0x08, 0xff,
    0x30, 0x1c, 0x10, 0xff, 0x38, 0x1c, 0x08, 0xff, 0x38, 0x1c, 0x10, 0xff,
    0x38, 0x1c, 0x10, 0xff, 0x38, 0x18, 0x10, 0xff, 0x38, 0x1c, 0x10, 0xff,
    0x38, 0x1c, 0x08, 0xff, 0x38, 0x1c, 0x10, 0xff, 0x38, 0x1c, 0x10, 0xff,
    0x38, 0x1c, 0x08, 0xff, 0x38, 0x1c, 0x10, 0xff, 0x30, 0x18, 0x10, 0xff,
    0x38, 0x1c, 0x08, 0xff, 0x38, 0x18, 0x08, 0xff, 0x30, 0x1c, 0x10, 0xff,
    0x38, 0x1c, 0x08, 0xff, 0x38, 0x18, 0x08, 0xff, 0x30, 0x1c, 0x08, 0xff,
    0x38, 0x1c, 0x10, 0xff, 0x38, 0x1c, 0x10, 0xff, 0x30, 0x18, 0x10, 0xff,
    0x38, 0x1c, 0x10, 0xff, 0x38, 0x1c, 0x10, 0xff, 0x30, 0x1c, 0x10, 0xff,
    0x38, 0x1c, 0x10, 0xff, 0x38, 0x18, 0x10, 0xff, 0x38, 0x1c, 0x08, 0xff,
    0x38, 0x1c, 0x08, 0xff, 0x30, 0x1c, 0x10, 0xff, 0x38, 0x18, 0x10, 0xff,
    0x38, 0x1c, 0x10, 0xff, 0x30, 0x1c, 0x10, 0xff, 0x38, 0x1c, 0x10, 0xff,
    0x38, 0x1c, 0x08, 0xff, 0x38, 0x1c, 0x08, 0xff, 0x38, 0x1c, 0x08, 0xff,
    0x38, 0x18, 0x10, 0xff, 0x30, 0x1c, 0x08, 0xff, 0x38, 0x1c, 0x10, 0xff,
    0x30, 0x1c, 0x10, 0xff, 0x30, 0x1c, 0x10, 0xff, 0x38, 0x1c, 0x08, 0xff,
    0x30, 0x18, 0x08, 0xff, 0x38, 0x1c, 0x08, 0xff, 0x38, 0x1c, 0x10, 0xff,
    0x38, 0x1c, 0x08, 0xff, 0x30, 0x1c, 0x10, 0xff, 0x38, 0x1c, 0x08, 0xff,
    0x38, 0x1c, 0x10, 0xff, 0x30, 0x18, 0x10, 0xff, 0x38, 0x1c, 0x08, 0xff,
    0x38, 0x1c, 0x10, 0xff, 0x30, 0x1c, 0x08, 0xff, 0x30, 0x1c, 0x10, 0xff,
    0x38, 0x1c, 0x10, 0xff, 0x30, 0x1c, 0x08, 0xff, 0x38, 0x18, 0x10, 0xff,
    0x38, 0x1c, 0x10, 0xff, 0x30, 0x1c, 0x10, 0xff, 0x38, 0x18, 0x10, 0xff,
    0x38, 0x18, 0x08, 0xff, 0x38, 0x1c, 0x10, 0xff, 0x38, 0x1c, 0x10, 0xff,
    0x30, 0x1c, 0x08, 0xff, 0x38, 0x18, 0x08, 0xff, 0x30, 0x1c, 0x10, 0xff,
    0x38, 0x1c, 0x10, 0xff, 0x38, 0x1c, 0x10, 0xff, 0x30, 0x1c, 0x10, 0xff,
    0x38, 0x18, 0x10, 0xff, 0x38, 0x1c, 0x08, 0xff, 0x30, 0x1c, 0x10, 0xff,
    0x38, 0x1c, 0x10, 0xff, 0x38, 0x18, 0x08, 0xff, 0x38, 0x1c, 0x08, 0xff,
    0x38, 0x1c, 0x08, 0xff, 0x30, 0x18, 0x10, 0xff, 0x38, 0x1c, 0x10, 0xff,
    0x38, 0x1c, 0x10, 0xff, 0x38, 0x1c, 0x10, 0xff, 0x38, 0x18, 0x08, 0xff,
    0x30, 0x1c, 0x10, 0xff, 0x38, 0x18, 0x10, 0xff, 0x38, 0x1c, 0x08, 0xff,
    0x38, 0x1c, 0x10, 0xff, 0x38, 0x1c, 0x10, 0xff, 0x30, 0x1c, 0x08, 0xff,
    0x38, 0x1c, 0x10, 0xff, 0x38, 0x1c, 0x10, 0xff, 0x38, 0x18, 0x08, 0xff,
    0x38, 0x1c, 0x08, 0xff, 0x38, 0x1c, 0x10, 0xff, 0x38, 0x18, 0x10, 0xff,
    0x38, 0x1c, 0x10, 0xff, 0x38, 0x1c, 0x10, 0xff, 0x30, 0x1c, 0x10, 0xff,
    0x38, 0x18, 0x10, 0xff, 0x38, 0x1c, 0x10, 0xff, 0x30, 0x1c, 0x08, 0xff,
    0x38, 0x1c, 0x10, 0xff, 0x38, 0x18, 0x10, 0xff, 0x38, 0x1c, 0x10, 0xff,
    0x38, 0x18, 0x10, 0xff, 0x38, 0x18, 0x08, 0xff, 0x38, 0x1c, 0x08, 0xff,
    0x38, 0x1c, 0x10, 0xff, 0x30, 0x1c, 0x10, 0xff, 0x38, 0x18, 0x08, 0xff,
    0x38, 0x1c, 0x08, 0xff, 0x30, 0x1c, 0x08, 0xff, 0x38, 0x1c, 0x10, 0xff,
    0x38, 0x1c, 0x08, 0xff, 0x30, 0x1c, 0x10, 0xff, 0x38, 0x1c, 0x10, 0xff,
    0x38, 0x1c, 0x10, 0xff, 0x38, 0x1c, 0x10, 0xff, 0x30, 0x1c, 0x10, 0xff,
    0x38, 0x1c, 0x10, 0xff, 0x38, 0x18, 0x08, 0xff, 0x30, 0x1c, 0x08, 0xff,
    0x38, 0x1c, 0x10, 0xff, 0x38, 0x1c, 0x08, 0xff, 0x30, 0x18, 0x08, 0xff,
    0x38, 0x1c, 0x10, 0xff, 0x38, 0x1c, 0x10, 0xff, 0x30, 0x18, 0x10, 0xff,
    0x38, 0x1c, 0x10, 0xff, 0x38, 0x1c, 0x10, 0xff, 0x38, 0x1c, 0x08, 0xff,
    0x30, 0x18, 0x08, 0xff, 0x38, 0x1c, 0x10, 0xff, 0x38, 0x1c, 0x08, 0xff,
    0x38, 0x1c, 0x08, 0xff, 0x38, 0x18, 0x10, 0xff, 0x30, 0x1c, 0x10, 0xff,
    0x30, 0x18, 0x10, 0xff, 0x38, 0x18, 0x10, 0xff, 0x38, 0x1c, 0x08, 0xff,
    0x38, 0x1c, 0x08, 0xff, 0x38, 0x1c, 0x10, 0xff, 0x38, 0x18, 0x10, 0xff,
    0x38, 0x1c, 0x08, 0xff, 0x30, 0x1c, 0x10, 0xff, 0x38, 0x1c, 0x10, 0xff,
    0x38, 0x1c, 0x08, 0xff, 0x30, 0x18, 0x08, 0xff, 0x38, 0x1c, 0x08, 0xff,
    0x38, 0x1c, 0x10, 0xff, 0x38, 0x18, 0x10, 0xff, 0x38, 0x1c, 0x08, 0xff,
    0x30, 0x1c, 0x08, 0xff, 0x30, 0x1c, 0x08, 0xff, 0x38, 0x1c, 0x10, 0xff,
    0x38, 0x1c, 0x10, 0xff, 0x30, 0x18, 0x10, 0xff, 0x38, 0x18, 0x08, 0xff,
    0x38, 0x1c, 0x08, 0xff, 0x30, 0x1c, 0x10, 0xff, 0x38, 0x18, 0x10, 0xff,
    0x38, 0x1c, 0x10, 0xff, 0x38, 0x1c, 0x10, 0xff, 0x30, 0x1c, 0x10, 0xff,
    0x38, 0x18, 0x08, 0xff, 0x38, 0x18, 0x10, 0xff, 0x38, 0x1c, 0x10, 0xff,
    0x38, 0x1c, 0x08, 0xff, 0x38, 0x18, 0x08, 0xff, 0x38, 0x18, 0x08, 0xff,
    0x38, 0x1c, 0x10, 0xff, 0x38, 0x1c, 0x10, 0xff, 0x38, 0x1c, 0x10, 0xff,
    0x38, 0x18, 0x10, 0xff, 0x38, 0x1c, 0x10, 0xff, 0x38, 0x1c, 0x10, 0xff,
    0x38, 0x1c, 0x10, 0xff, 0x30, 0x1c, 0x08, 0xff, 0x38, 0x1c, 0x08, 0xff,
    0x38, 0x1c, 0x08, 0xff, 0x30, 0x18, 0x10, 0xff, 0x38, 0x1c, 0x10, 0xff,
    0x38, 0x1c, 0x08, 0xff, 0x38, 0x1c, 0x10, 0xff, 0x30, 0x1c, 0x10, 0xff,
    0x38, 0x1c, 0x08, 0xff, 0x38, 0x1c, 0x10, 0xff, 0x38, 0x1c, 0x08, 0xff,
    0x38, 0x1c, 0x08, 0xff, 0x38, 0x18, 0x10, 0xff, 0x38, 0x1c, 0x10, 0xff,
    0x30, 0x18, 0x10, 0xff, 0x30, 0x1c, 0x10, 0xff, 0x38, 0x1c, 0x10, 0xff,
    0x30, 0x1c, 0x08, 0xff, 0x38, 0x18, 0x08, 0xff, 0x38, 0x1c, 0x10, 0xff,
    0x38, 0x18, 0x10, 0xff, 0x38, 0x1c, 0x10, 0xff, 0x30, 0x1c, 0x08, 0xff,
    0x38, 0x18, 0x10, 0xff, 0x38, 0x1c, 0x10, 0xff, 0x38, 0x1c, 0x10, 0xff,
    0x38, 0x18, 0x10, 0xff, 0x38, 0x1c, 0x08, 0xff, 0x30, 0x1c, 0x10, 0xff,
    0x38, 0x1c, 0x08, 0xff, 0x38, 0x1c, 0x10, 0xff, 0x38, 0x1c, 0x10, 0xff,
    0x38, 0x1c, 0x10, 0xff, 0x38, 0x1c, 0x10, 0xff, 0x38, 0x1c, 0x08, 0xff,
    0x30, 0x18, 0x08, 0xff, 0x38, 0x1c, 0x10, 0xff, 0x38, 0x1c, 0x10, 0xff,
    0x38, 0x1c, 0x08, 0xff, 0x38, 0x1c, 0x08, 0xff, 0x30, 0x18, 0x10, 0xff,
    0x38, 0x1c, 0x10, 0xff, 0x38, 0x1c, 0x08, 0xff, 0x30, 0x1c, 0x10, 0xff,
    0x38, 0x1c, 0x10, 0xff, 0x38, 0x18, 0x08, 0xff, 0x30, 0x1c, 0x08, 0xff,
    0x38, 0x1c, 0x10, 0xff, 0x38, 0x1c, 0x08, 0xff, 0x30, 0x18, 0x08, 0xff,
    0x38, 0x1c, 0x10, 0xff, 0x38, 0x1c, 0x10, 0xff, 0x30, 0x18, 0x10, 0xff,
    0x38, 0x1c, 0x08, 0xff, 0x38, 0x1c, 0x10, 0xff, 0x38, 0x1c, 0x10, 0xff,
    0x30, 0x18, 0x10, 0xff, 0x38, 0x18, 0x10, 0xff, 0x30, 0x1c, 0x10, 0xff,
    0x38, 0x18, 0x08, 0xff, 0x38, 0x1c, 0x10, 0xff, 0x38, 0x1c, 0x10, 0xff,
    0x30, 0x1c, 0x10, 0xff, 0x38, 0x1c, 0x10, 0xff, 0x38, 0x1c, 0x08, 0xff,
    0x38, 0x1c, 0x08, 0xff, 0x38, 0x1c, 0x08, 0xff, 0x38, 0x18, 0x10, 0xff,
    0x38, 0x1c, 0x10, 0xff, 0x30, 0x1c, 0x08, 0xff, 0x38, 0x1c, 0x10, 0xff,
    0x38, 0x1c, 0x10, 0xff, 0x38, 0x1c, 0x10, 0xff, 0x30, 0x1c, 0x08, 0xff,
    0x38, 0x1c, 0x08, 0xff, 0x38, 0x1c, 0x10, 0xff, 0x38, 0x1c, 0x10, 0xff,
    0x38, 0x18, 0x10, 0xff, 0x38, 0x1c, 0x08, 0xff, 0x38, 0x1c, 0x10, 0xff,
    0x38, 0x1c, 0x10, 0xff, 0x30, 0x1c, 0x10, 0xff, 0x38, 0x18, 0x08, 0xff,
    0x38, 0x1c, 0x08, 0xff, 0x30, 0x1c, 0x10, 0xff, 0x38, 0x1c, 0x10, 0xff,
    0x38, 0x18, 0x08, 0xff, 0x38, 0x1c, 0x10, 0xff, 0x30, 0x1c, 0x10, 0xff,
    0x30, 0x1c, 0x10, 0xff, 0x38, 0x1c, 0x10, 0xff, 0x30, 0x1c, 0x10, 0xff,
    0x38, 0x1c, 0x10, 0xff, 0x38, 0x18, 0x08, 0xff, 0x30, 0x1c, 0x08, 0xff,
    0x38, 0x1c, 0x10, 0xff, 0x38, 0x1c, 0x10, 0xff, 0x30, 0x18, 0x08, 0xff,
    0x38, 0x1c, 0x10, 0xff, 0x30, 0x1c, 0x10, 0xff, 0x38, 0x18, 0x08, 0xff,
    0x38, 0x1c, 0x10, 0xff, 0x38, 0x1c, 0x10, 0xff, 0x38, 0x1c, 0x10, 0xff,
    0x38, 0x18, 0x08, 0xff, 0x30, 0x1c, 0x10, 0xff, 0x38, 0x1c, 0x08, 0xff,
    0x38, 0x1c, 0x08, 0xff, 0x38, 0x1c, 0x08, 0xff, 0x38, 0x1c, 0x10, 0xff,
    0x30, 0x18, 0x10, 0xff, 0x30, 0x1c, 0x08, 0xff, 0x38, 0x1c, 0x10, 0xff,
    0x38, 0x1c, 0x08, 0xff, 0x38, 0x18, 0x10, 0xff, 0x38, 0x1c, 0x10, 0xff,
    0x38, 0x1c, 0x10, 0xff, 0x30, 0x18, 0x10, 0xff, 0x38, 0x1c, 0x10, 0xff,
    0x38, 0x1c, 0x10, 0xff, 0x30, 0x18, 0x08, 0xff, 0x38, 0x1c, 0x08, 0xff,
    0x30, 0x1c, 0x08, 0xff, 0x38, 0x18, 0x10, 0xff, 0x38, 0x1c, 0x10, 0xff,
    0x30, 0x18, 0x08, 0xff, 0x30, 0x1c, 0x08, 0xff, 0x38, 0x1c, 0x10, 0xff,
    0x30, 0x1c, 0x10, 0xff, 0x38, 0x18, 0x08, 0xff, 0x38, 0x18, 0x08, 0xff,
    0x30, 0x1c, 0x08, 0xff, 0x38, 0x1c, 0x10, 0xff, 0x38, 0x18, 0x10, 0xff,
    0x30, 0x1c, 0x08, 0xff, 0x38, 0x18, 0x10, 0xff, 0x38, 0x1c, 0x10, 0xff,
    0x30, 0x1c, 0x08, 0xff, 0x38, 0x18, 0x08, 0xff, 0x38, 0x1c, 0x10, 0xff,
    0x38, 0x18, 0x08, 0xff, 0x38, 0x1c, 0x08, 0xff, 0x38, 0x1c, 0x08, 0xff,
    0x30, 0x1c, 0x10, 0xff, 0x38, 0x18, 0x10, 0xff, 0x38, 0x1c, 0x10, 0xff,
    0x38, 0x1c, 0x08, 0xff, 0x38, 0x1c, 0x10, 0xff, 0x38, 0x18, 0x10, 0xff,
    0x38, 0x1c, 0x10, 0xff, 0x38, 0x1c, 0x10, 0xff, 0x38, 0x1c, 0x08, 0xff,
    0x30, 0x18, 0x08, 0xff, 0x38, 0x1c, 0x10, 0xff, 0x30, 0x1c, 0x10, 0xff,
    0x38, 0x18, 0x08, 0xff, 0x38, 0x1c, 0x10, 0xff, 0x38, 0x1c, 0x10, 0xff,
    0x38, 0x1c, 0x10, 0xff, 0x38, 0x1c, 0x10, 0xff, 0x38, 0x1c, 0x08, 0xff,
    0x38, 0x1c, 0x10, 0xff, 0x38, 0x18, 0x08, 0xff, 0x38, 0x1c, 0x10, 0xff,
    0x30, 0x1c, 0x10, 0xff, 0x30, 0x18, 0x10, 0xff, 0x38, 0x1c, 0x08, 0xff,
    0x38, 0x1c, 0x08, 0xff, 0x38, 0x1c, 0x08, 0xff, 0x38, 0x1c, 0x10, 0xff,
    0x38, 0x18, 0x10, 0xff, 0x38, 0x1c, 0x10, 0xff, 0x38, 0x1c, 0x10, 0xff,
    0x38, 0x18, 0x10, 0xff, 0x38, 0x1c, 0x10, 0xff, 0x38, 0x1c, 0x08, 0xff,
    0x38, 0x18, 0x10, 0xff, 0x38, 0x1c, 0x08, 0xff, 0x38, 0x1c, 0x10, 0xff,
    0x30, 0x1c, 0x10, 0xff, 0x38, 0x1c, 0x10, 0xff, 0x38, 0x1c, 0x10, 0xff,
    0x30, 0x18, 0x10, 0xff, 0x38, 0x1c, 0x08, 0xff, 0x38, 0x1c, 0x10, 0xff,
    0x38, 0x1c, 0x10, 0xff, 0x38, 0x1c, 0x08, 0xff, 0x38, 0x18, 0x10, 0xff,
    0x38, 0x1c, 0x10, 0xff, 0x38, 0x1c, 0x08, 0xff, 0x38, 0x1c, 0x10, 0xff,
    0x38, 0x18, 0x10, 0xff, 0x38, 0x1c, 0x10, 0xff, 0x38, 0x18, 0x10, 0xff,
    0x38, 0x1c, 0x10, 0xff, 0x38, 0x1c, 0x08, 0xff, 0x30, 0x18, 0x10, 0xff,
    0x38, 0x1c, 0x10, 0xff, 0x38, 0x1c, 0x08, 0xff, 0x30, 0x1c, 0x08, 0xff,
    0x38, 0x1c, 0x08, 0xff, 0x38, 0x18, 0x10, 0xff, 0x30, 0x1c, 0x10, 0xff,
    0x38, 0x1c, 0x08, 0xff, 0x38, 0x1c, 0x08, 0xff, 0x38, 0x1c, 0x10, 0xff,
    0x38, 0x18, 0x10, 0xff, 0x38, 0x1c, 0x10, 0xff, 0x30, 0x18, 0x08, 0xff,
    0x30, 0x18, 0x08, 0xff, 0x38, 0x1c, 0x10, 0xff, 0x38, 0x1c, 0x08, 0xff,
    0x38, 0x1c, 0x10, 0xff, 0x38, 0x1c, 0x10, 0xff, 0x38, 0x18, 0x08, 0xff,
    0x38, 0x1c, 0x08, 0xff, 0x38, 0x1c, 0x10, 0xff, 0x30, 0x1c, 0x10, 0xff,
    0x38, 0x1c, 0x10, 0xff, 0x30, 0x18, 0x08, 0xff, 0x38, 0x1c, 0x08, 0xff,
    0x38, 0x1c, 0x10, 0xff, 0x30, 0x1c, 0x10, 0xff, 0x38, 0x1c, 0x08, 0xff,
    0x30, 0x1c, 0x08, 0xff, 0x38, 0x1c, 0x10, 0xff, 0x38, 0x1c, 0x10, 0xff,
    0x38, 0x1c, 0x10, 0xff, 0x30, 0x18, 0x08, 0xff, 0x38, 0x1c, 0x08, 0xff,
    0x38, 0x1c, 0x10, 0xff, 0x38, 0x1c, 0x10, 0xff, 0x38, 0x1c, 0x08, 0xff,
    0x38, 0x1c, 0x10, 0xff, 0x38, 0x1c, 0x10, 0xff, 0x38, 0x18, 0x08, 0xff,
    0x30, 0x1c, 0x10, 0xff, 0x30, 0x1c, 0x10, 0xff, 0x38, 0x1c, 0x08, 0xff,
    0x30, 0x1c, 0x10, 0xff, 0x38, 0x18, 0x10, 0xff, 0x30, 0x1c, 0x10, 0xff,
    0x30, 0x1c, 0x10, 0xff, 0x38, 0x1c, 0x08, 0xff, 0x38, 0x1c, 0x08, 0xff,
    0x30, 0x1c, 0x10, 0xff, 0x38, 0x18, 0x08, 0xff, 0x30, 0x1c, 0x08, 0xff,
    0x38, 0x1c, 0x10, 0xff, 0x38, 0x1c, 0x10, 0xff, 0x38, 0x18, 0x10, 0xff,
    0x30, 0x1c, 0x10, 0xff, 0x38, 0x1c, 0x10, 0xff, 0x38, 0x1c, 0x10, 0xff,
    0x38, 0x18, 0x10, 0xff, 0x30, 0x1c, 0x10, 0xff, 0x30, 0x1c, 0x08, 0xff,
    0x38, 0x1c, 0x08, 0xff, 0x38, 0x1c, 0x10, 0xff, 0x38, 0x1c, 0x10, 0xff,
    0x38, 0x1c, 0x10, 0xff, 0x30, 0x18, 0x10, 0xff, 0x38, 0x1c, 0x10, 0xff,
    0x38, 0x1c, 0x08, 0xff, 0x38, 0x1c, 0x10, 0xff, 0x38, 0x1c, 0x10, 0xff,
    0x38, 0x1c, 0x08, 0xff, 0x30, 0x18, 0x10, 0xff, 0x38, 0x1c, 0x10, 0xff,
    0x38, 0x1c, 0x10, 0xff, 0x30, 0x18, 0x10, 0xff, 0x38, 0x1c, 0x08, 0xff,
    0x30, 0x18, 0x08, 0xff, 0x38, 0x1c, 0x10, 0xff, 0x38, 0x1c, 0x10, 0xff,
    0x30, 0x18, 0x08, 0xff, 0x38, 0x1c, 0x10, 0xff, 0x30, 0x1c, 0x10, 0xff,
    0x38, 0x1c, 0x10, 0xff, 0x38, 0x18, 0x10, 0xff, 0x38, 0x1c, 0x08, 0xff,
    0x30, 0x18, 0x08, 0xff, 0x38, 0x1c, 0x10, 0xff, 0x38, 0x1c, 0x08, 0xff,
    0x30, 0x18, 0x08, 0xff, 0x38, 0x1c, 0x10, 0xff, 0x38, 0x1c, 0x10, 0xff,
    0x38, 0x1c, 0x08, 0xff, 0x38, 0x18, 0x10, 0xff, 0x38, 0x1c, 0x10, 0xff,
    0x30, 0x1c, 0x08, 0xff, 0x38, 0x1c, 0x08, 0xff, 0x38, 0x1c, 0x08, 0xff,
    0x38, 0x18, 0x10, 0xff, 0x30, 0x1c, 0x10, 0xff, 0x38, 0x1c, 0x08, 0xff,
    0x38, 0x1c, 0x10, 0xff, 0x38, 0x1c, 0x10, 0xff, 0x38, 0x1c, 0x10, 0xff,
    0x30, 0x18, 0x10, 0xff, 0x38, 0x1c, 0x08, 0xff, 0x38, 0x1c, 0x08, 0xff,
    0x38, 0x1c, 0x08, 0xff, 0x38, 0x1c, 0x10, 0xff, 0x30, 0x18, 0x08, 0xff,
    0x38, 0x1c, 0x08, 0xff, 0x38, 0x1c, 0x10, 0xff, 0x30, 0x1c, 0x10, 0xff,
    0x38, 0x18, 0x08, 0xff, 0x38, 0x1c, 0x10, 0xff, 0x30, 0x1c, 0x08, 0xff,
    0x38, 0x1c, 0x10, 0xff, 0x38, 0x18, 0x08, 0xff, 0x38, 0x1c, 0x10, 0xff,
    0x30, 0x18, 0x10, 0xff, 0x30, 0x1c, 0x10, 0xff, 0x38, 0x1c, 0x10, 0xff,
    0x38, 0x18, 0x08, 0xff, 0x38, 0x1c, 0x08, 0xff, 0x38, 0x1c, 0x08, 0xff,
    0x38, 0x1c, 0x10, 0xff, 0x38, 0x1c, 0x10, 0xff, 0x38, 0x1c, 0x10, 0xff,
    0x38, 0x18, 0x10, 0xff, 0x38, 0x1c, 0x10, 0xff, 0x38, 0x1c, 0x10, 0xff,
    0x38, 0x18, 0x08, 0xff, 0x38, 0x1c, 0x08, 0xff, 0x38, 0x18, 0x08, 0xff,
    0x38, 0x1c, 0x10, 0xff, 0x30, 0x1c, 0x10, 0xff, 0x38, 0x1c, 0x10, 0xff,
    0x30, 0x18, 0x08, 0xff, 0x38, 0x1c, 0x10, 0xff, 0x38, 0x1c, 0x10, 0xff,
    0x30, 0x1c, 0x10, 0xff, 0x38, 0x1c, 0x08, 0xff, 0x38, 0x18, 0x10, 0xff,
    0x38, 0x1c, 0x08, 0xff, 0x38, 0x1c, 0x08, 0xff, 0x38, 0x1c, 0x10, 0xff,
    0x38, 0x18, 0x10, 0xff, 0x38, 0x1c, 0x10, 0xff, 0x30, 0x1c, 0x10, 0xff,
    0x38, 0x18, 0x08, 0xff, 0x38, 0x1c, 0x10, 0xff, 0x38, 0x18, 0x10, 0xff,
    0x38, 0x1c, 0x10, 0xff, 0x30, 0x1c, 0x08, 0xff, 0x38, 0x18, 0x08, 0xff,
    0x38, 0x1c, 0x10, 0xff, 0x38, 0x1c, 0x10, 0xff, 0x30, 0x1c, 0x10, 0xff,
    0x38, 0x18, 0x08, 0xff, 0x38, 0x1c, 0x10, 0xff, 0x38, 0x1c, 0x10, 0xff,
    0x38, 0x1c, 0x10, 0xff, 0x38, 0x18, 0x10, 0xff, 0x30, 0x1c, 0x10, 0xff,
    0x38, 0x1c, 0x08, 0xff, 0x38, 0x1c, 0x10, 0xff, 0x38, 0x18, 0x08, 0xff,
    0x38, 0x1c, 0x10, 0xff, 0x38, 0x1c, 0x10, 0xff, 0x38, 0x1c, 0x08, 0xff,
    0x38, 0x18, 0x08, 0xff, 0x38, 0x1c, 0x08, 0xff, 0x30, 0x1c, 0x10, 0xff,
    0x38, 0x18, 0x10, 0xff, 0x38, 0x1c, 0x10, 0xff, 0x30, 0x1c, 0x08, 0xff,
    0x38, 0x1c, 0x10, 0xff, 0x38, 0x1c, 0x08, 0xff, 0x30, 0x1c, 0x08, 0xff,
    0x38, 0x1c, 0x08, 0xff, 0x38, 0x18, 0x08, 0xff, 0x38, 0x1c, 0x10, 0xff,
    0x30, 0x1c, 0x10, 0xff, 0x38, 0x1c, 0x10, 0xff, 0x38, 0x1c, 0x08, 0xff,
    0x38, 0x1c, 0x10, 0xff, 0x38, 0x18, 0x10, 0xff, 0x38, 0x1c, 0x10, 0xff,
    0x30, 0x18, 0x10, 0xff, 0x38, 0x1c, 0x10, 0xff, 0x38, 0x1c, 0x08, 0xff,
    0x30, 0x18, 0x10, 0xff, 0x38, 0x1c, 0x08, 0xff, 0x30, 0x1c, 0x10, 0xff,
    0x30, 0x1c, 0x10, 0xff, 0x38, 0x18, 0x10, 0xff, 0x38, 0x1c, 0x10, 0xff,
    0x38, 0x1c, 0x08, 0xff, 0x38, 0x18, 0x08, 0xff, 0x38, 0x1c, 0x10, 0xff,
    0x38, 0x1c, 0x10, 0xff, 0x38, 0x1c, 0x08, 0xff, 0x30, 0x18, 0x08, 0xff,
    0x38, 0x1c, 0x10, 0xff, 0x38, 0x1c, 0x10, 0xff, 0x38, 0x1c, 0x08, 0xff,
    0x30, 0x18, 0x10, 0xff, 0x38, 0x18, 0x10, 0xff, 0x38, 0x1c, 0x10, 0xff,
    0x38, 0x1c, 0x08, 0xff, 0x30, 0x1c, 0x10, 0xff, 0x38, 0x18, 0x08, 0xff,
    0x38, 0x1c, 0x08, 0xff, 0x38, 0x1c, 0x08, 0xff, 0x38, 0x1c, 0x10, 0xff,
    0x38, 0x18, 0x10, 0xff, 0x30, 0x1c, 0x10, 0xff, 0x38, 0x1c, 0x10, 0xff,
    0x38, 0x1c, 0x08, 0xff, 0x38, 0x18, 0x10, 0xff, 0x38, 0x1c, 0x10, 0xff,
    0x38, 0x1c, 0x10, 0xff, 0x38, 0x1c, 0x10, 0xff, 0x30, 0x1c, 0x10, 0xff,
    0x38, 0x18, 0x10, 0xff, 0x38, 0x1c, 0x10, 0xff, 0x38, 0x18, 0x08, 0xff,
    0x30, 0x18, 0x10, 0xff, 0x38, 0x1c, 0x10, 0xff, 0x38, 0x1c, 0x10, 0xff,
    0x30, 0x1c, 0x10, 0xff, 0x30, 0x1c, 0x10, 0xff, 0x38, 0x1c, 0x10, 0xff,
    0x38, 0x18, 0x08, 0xff, 0x30, 0x1c, 0x10, 0xff, 0x30, 0x1c, 0x08, 0xff,
    0x38, 0x1c, 0x08, 0xff, 0x38, 0x1c, 0x08, 0xff, 0x38, 0x1c, 0x08, 0xff,
    0x38, 0x1c, 0x08, 0xff, 0x38, 0x18, 0x10, 0xff, 0x38, 0x1c, 0x08, 0xff,
    0x38, 0x1c, 0x10, 0xff, 0x38, 0x1c, 0x10, 0xff, 0x38, 0x18, 0x10, 0xff,
    0x38, 0x1c, 0x08, 0xff, 0x30, 0x1c, 0x08, 0xff, 0x30, 0x1c, 0x10, 0xff,
    0x38, 0x1c, 0x10, 0xff, 0x38, 0x1c, 0x10, 0xff, 0x30, 0x1c, 0x08, 0xff,
    0x30, 0x18, 0x10, 0xff, 0x38, 0x1c, 0x10, 0xff, 0x38, 0x18, 0x08, 0xff,
    0x38, 0x1c, 0x10, 0xff, 0x38, 0x1c, 0x10, 0xff, 0x30, 0x1c, 0x08, 0xff,
    0x38, 0x1c, 0x08, 0xff, 0x38, 0x1c, 0x10, 0xff, 0x30, 0x1c, 0x10, 0xff,
    0x38, 0x18, 0x08, 0xff, 0x38, 0x1c, 0x10, 0xff, 0x30, 0x1c, 0x10, 0xff,
    0x38, 0x1c, 0x10, 0xff, 0x38, 0x18, 0x10, 0xff, 0x30, 0x1c, 0x08, 0xff,
    0x38, 0x1c, 0x08, 0xff, 0x38, 0x1c, 0x08, 0xff, 0x38, 0x1c, 0x10, 0xff,
    0x30, 0x1c, 0x10, 0xff, 0x30, 0x1c, 0x10, 0xff, 0x38, 0x1c, 0x08, 0xff,
    0x30, 0x18, 0x08, 0xff, 0x38, 0x1c, 0x08, 0xff, 0x38, 0x1c, 0x08, 0xff,
    0x38, 0x1c, 0x08, 0xff, 0x30, 0x1c, 0x10, 0xff, 0x38, 0x1c, 0x10, 0xff,
    0x38, 0x1c, 0x10, 0xff, 0x38, 0x18, 0x08, 0xff, 0x38, 0x1c, 0x10, 0xff,
    0x38, 0x1c, 0x08, 0xff, 0x38, 0x1c, 0x08, 0xff, 0x38, 0x18, 0x10, 0xff,
    0x38, 0x1c, 0x10, 0xff, 0x38, 0x18, 0x10, 0xff, 0x38, 0x1c, 0x10, 0xff,
    0x30, 0x1c, 0x10, 0xff, 0x38, 0x1c, 0x10, 0xff, 0x38, 0x18, 0x10, 0xff,
    0x30, 0x1c, 0x10, 0xff, 0x38, 0x1c, 0x10, 0xff, 0x38, 0x1c, 0x10, 0xff,
    0x30, 0x18, 0x08, 0xff, 0x38, 0x1c, 0x08, 0xff, 0x38, 0x1c, 0x10, 0xff,
    0x38, 0x1c, 0x08, 0xff, 0x38, 0x18, 0x10, 0xff, 0x30, 0x1c, 0x10, 0xff,
    0x38, 0x1c, 0x08, 0xff, 0x38, 0x18, 0x10, 0xff, 0x38, 0x1c, 0x10, 0xff,
    0x38, 0x1c, 0x10, 0xff, 0x38, 0x1c, 0x10, 0xff, 0x30, 0x1c, 0x08, 0xff,
    0x38, 0x1c, 0x10, 0xff, 0x38, 0x18, 0x10, 0xff, 0x38, 0x1c, 0x10, 0xff,
    0x30, 0x1c, 0x08, 0xff, 0x38, 0x18, 0x08, 0xff, 0x38, 0x1c, 0x10, 0xff,
    0x38, 0x1c, 0x10, 0xff, 0x38, 0x1c, 0x10, 0xff, 0x30, 0x18, 0x08, 0xff,
    0x38, 0x1c, 0x10, 0xff, 0x38, 0x1c, 0x10, 0xff, 0x38, 0x18, 0x10, 0xff,
    0x38, 0x1c, 0x10, 0xff, 0x38, 0x1c, 0x10, 0xff, 0x38, 0x18, 0x08, 0xff,
    0x38, 0x1c, 0x08, 0xff, 0x38, 0x1c, 0x10, 0xff, 0x38, 0x18, 0x10, 0xff,
    0x38, 0x1c, 0x10, 0xff, 0x38, 0x1c, 0x10, 0xff, 0x30, 0x1c, 0x10, 0xff,
    0x38, 0x18, 0x10, 0xff, 0x38, 0x1c, 0x08, 0xff, 0x30, 0x1c, 0x08, 0xff,
    0x30, 0x1c, 0x10, 0xff, 0x38, 0x18, 0x08, 0xff, 0x38, 0x18, 0x10, 0xff,
    0x38, 0x1c, 0x10, 0xff, 0x38, 0x1c, 0x08, 0xff, 0x30, 0x1c, 0x08, 0xff,
    0x38, 0x1c, 0x10, 0xff, 0x38, 0x18, 0x10, 0xff, 0x38, 0x1c, 0x08, 0xff,
    0x30, 0x18, 0x10, 0xff, 0x38, 0x1c, 0x10, 0xff, 0x38, 0x1c, 0x08, 0xff,
    0x30, 0x1c, 0x08, 0xff, 0x38, 0x18, 0x08, 0xff, 0x38, 0x1c, 0x10, 0xff,
    0x30, 0x1c, 0x10, 0xff, 0x38, 0x18, 0x10, 0xff, 0x38, 0x1c, 0x10, 0xff,
    0x38, 0x1c, 0x10, 0xff, 0x38, 0x18, 0x08, 0xff, 0x30, 0x1c, 0x08, 0xff,
    0x38, 0x1c, 0x10, 0xff, 0x38, 0x1c, 0x08, 0xff, 0x38, 0x1c, 0x08, 0xff,
    0x30, 0x1c, 0x08, 0xff, 0x38, 0x1c, 0x10, 0xff, 0x30, 0x18, 0x08, 0xff,
    0x38, 0x1c, 0x08, 0xff, 0x38, 0x1c, 0x10, 0xff, 0x38, 0x18, 0x10, 0xff,
    0x38, 0x1c, 0x10, 0xff, 0x30, 0x1c, 0x10, 0xff, 0x30, 0x1c, 0x08, 0xff,
    0x38, 0x18, 0x08, 0xff, 0x38, 0x1c, 0x10, 0xff, 0x38, 0x1c, 0x08, 0xff,
    0x30, 0x1c, 0x08, 0xff, 0x38, 0x1c, 0x10, 0xff, 0x38, 0x1c, 0x10, 0xff,
    0x38, 0x1c, 0x08, 0xff, 0x38, 0x1c, 0x10, 0xff, 0x38, 0x18, 0x10, 0xff,
    0x38, 0x1c, 0x08, 0xff, 0x30, 0x1c, 0x10, 0xff, 0x38, 0x1c, 0x10, 0xff,
    0x30, 0x1c, 0x08, 0xff, 0x38, 0x18, 0x10, 0xff, 0x38, 0x1c, 0x08, 0xff,
    0x38, 0x1c, 0x10, 0xff, 0x38, 0x18, 0x10, 0xff, 0x38, 0x1c, 0x08, 0xff,
    0x38, 0x1c, 0x10, 0xff, 0x38, 0x1c, 0x10, 0xff, 0x30, 0x1c, 0x08, 0xff,
    0x30, 0x18, 0x10, 0xff, 0x38, 0x1c, 0x10, 0xff, 0x38, 0x1c, 0x08, 0xff,
    0x38, 0x1c, 0x08, 0xff, 0x30, 0x1c, 0x10, 0xff, 0x38, 0x1c, 0x08, 0xff,
    0x38, 0x1c, 0x08, 0xff, 0x30, 0x1c, 0x10, 0xff, 0x38, 0x18, 0x10, 0xff,
    0x38, 0x1c, 0x10, 0xff, 0x38, 0x1c, 0x10, 0xff, 0x38, 0x1c, 0x08, 0xff,
    0x30, 0x1c, 0x08, 0xff, 0x30, 0x1c, 0x10, 0xff, 0x38, 0x18, 0x08, 0xff,
    0x38, 0x1c, 0x10, 0xff, 0x38, 0x1c, 0x10, 0xff, 0x38, 0x1c, 0x08, 0xff,
    0x30, 0x18, 0x10, 0xff, 0x30, 0x1c, 0x10, 0xff, 0x38, 0x18, 0x10, 0xff,
    0x38, 0x18, 0x10, 0xff, 0x38, 0x1c, 0x10, 0xff, 0x38, 0x1c, 0x10, 0xff,
    0x38, 0x1c, 0x08, 0xff, 0x30, 0x18, 0x10, 0xff, 0x38, 0x1c, 0x08, 0xff,
    0x38, 0x1c, 0x08, 0xff, 0x38, 0x1c, 0x10, 0xff, 0x38, 0x18, 0x10, 0xff,
    0x38, 0x1c, 0x08, 0xff, 0x30, 0x1c, 0x10, 0xff, 0x38, 0x1c, 0x10, 0xff,
    0x30, 0x18, 0x08, 0xff, 0x38, 0x1c, 0x08, 0xff, 0x38, 0x1c, 0x10, 0xff,
    0x30, 0x18, 0x10, 0xff, 0x30, 0x1c, 0x10, 0xff, 0x38, 0x1c, 0x10, 0xff,
    0x30, 0x1c, 0x08, 0xff, 0x38, 0x18, 0x08, 0xff, 0x38, 0x1c, 0x10, 0xff,
    0x38, 0x18, 0x08, 0xff, 0x38, 0x1c, 0x10, 0xff, 0x30, 0x1c, 0x08, 0xff,
    0x38, 0x18, 0x10, 0xff, 0x38, 0x1c, 0x10, 0xff, 0x30, 0x1c, 0x10, 0xff,
    0x38, 0x1c, 0x08, 0xff, 0x38, 0x1c, 0x10, 0xff, 0x38, 0x1c, 0x10, 0xff,
    0x38, 0x1c, 0x10, 0xff, 0x38, 0x18, 0x10, 0xff, 0x30, 0x1c, 0x10, 0xff,
    0x38, 0x1c, 0x10, 0xff, 0x38, 0x18, 0x10, 0xff, 0x38, 0x18, 0x10, 0xff,
    0x38, 0x1c, 0x08, 0xff, 0x38, 0x1c, 0x10, 0xff, 0x38, 0x1c, 0x10, 0xff,
    0x30, 0x1c, 0x08, 0xff, 0x38, 0x18, 0x10, 0xff, 0x38, 0x1c, 0x10, 0xff,
    0x38, 0x1c, 0x08, 0xff, 0x38, 0x1c, 0x10, 0xff, 0x30, 0x1c, 0x08, 0xff,
    0x38, 0x1c, 0x10, 0xff, 0x38, 0x18, 0x10, 0xff, 0x38, 0x1c, 0x10, 0xff,
    0x38, 0x1c, 0x10, 0xff, 0x38, 0x1c, 0x08, 0xff, 0x38, 0x1c, 0x08, 0xff,
    0x38, 0x1c, 0x10, 0xff, 0x30, 0x18, 0x10, 0xff, 0x38, 0x1c, 0x10, 0xff,
    0x30, 0x1c, 0x08, 0xff, 0x38, 0x1c, 0x10, 0xff, 0x38, 0x1c, 0x10, 0xff,
    0x38, 0x18, 0x10, 0xff, 0x38, 0x1c, 0x08, 0xff, 0x30, 0x1c, 0x10, 0xff,
    0x38, 0x1c, 0x10, 0xff, 0x38, 0x18, 0x10, 0xff, 0x38, 0x1c, 0x10, 0xff,
    0x30, 0x1c, 0x10, 0xff, 0x38, 0x1c, 0x10, 0xff, 0x38, 0x1c, 0x08, 0xff,
    0x38, 0x1c, 0x08, 0xff, 0x38, 0x1c, 0x08, 0xff, 0x38, 0x18, 0x10, 0xff,
    0x38, 0x1c, 0x10, 0xff, 0x38, 0x1c, 0x10, 0xff, 0x30, 0x1c, 0x10, 0xff,
    0x38, 0x1c, 0x10, 0xff, 0x38, 0x1c, 0x10, 0xff, 0x30, 0x1c, 0x08, 0xff,
    0x38, 0x1c, 0x10, 0xff, 0x38, 0x1c, 0x08, 0xff, 0x30, 0x18, 0x10, 0xff,
    0x38, 0x18, 0x10, 0xff, 0x38, 0x1c, 0x08, 0xff, 0x38, 0x1c, 0x08, 0xff,
    0x30, 0x1c, 0x08, 0xff, 0x38, 0x18, 0x10, 0xff, 0x38, 0x1c, 0x08, 0xff,
    0x38, 0x1c, 0x08, 0xff, 0x30, 0x1c, 0x10, 0xff, 0x30, 0x1c, 0x10, 0xff,
    0x38, 0x1c, 0x08, 0xff, 0x38, 0x18, 0x08, 0xff, 0x30, 0x1c, 0x10, 0xff,
    0x38, 0x1c, 0x10, 0xff, 0x38, 0x18, 0x10, 0xff, 0x38, 0x18, 0x10, 0xff,
    0x38, 0x1c, 0x10, 0xff, 0x30, 0x1c, 0x10, 0xff, 0x38, 0x18, 0x08, 0xff,
    0x30, 0x1c, 0x10, 0xff, 0x38, 0x1c, 0x08, 0xff, 0x38, 0x1c, 0x08, 0xff,
    0x38, 0x18, 0x10, 0xff, 0x38, 0x1c, 0x10, 0xff, 0x30, 0x1c, 0x08, 0xff,
    0x38, 0x1c, 0x08, 0xff, 0x38, 0x1c, 0x08, 0xff, 0x38, 0x1c, 0x10, 0xff,
    0x38, 0x1c, 0x10, 0xff, 0x30, 0x18, 0x10, 0xff, 0x30, 0x1c, 0x08, 0xff,
    0x38, 0x1c, 0x10, 0xff, 0x38, 0x1c, 0x10, 0xff, 0x38, 0x18, 0x08, 0xff,
    0x38, 0x1c, 0x08, 0xff, 0x38, 0x1c, 0x08, 0xff, 0x38, 0x1c, 0x10, 0xff,
    0x38, 0x1c, 0x08, 0xff, 0x38, 0x18, 0x10, 0xff, 0x38, 0x1c, 0x10, 0xff,
    0x38, 0x1c, 0x10, 0xff, 0x30, 0x18, 0x10, 0xff, 0x38, 0x1c, 0x10, 0xff,
    0x30, 0x1c, 0x08, 0xff, 0x38, 0x18, 0x08, 0xff, 0x38, 0x1c, 0x08, 0xff,
    0x30, 0x1c, 0x10, 0xff, 0x38, 0x18, 0x10, 0xff, 0x38, 0x1c, 0x08, 0xff,
    0x38, 0x18, 0x10, 0xff, 0x38, 0x1c, 0x08, 0xff, 0x30, 0x1c, 0x08, 0xff,
    0x38, 0x18, 0x10, 0xff, 0x38, 0x1c, 0x10, 0xff, 0x30, 0x18, 0x10, 0xff,
    0x38, 0x1c, 0x08, 0xff, 0x38, 0x1c, 0x10, 0xff, 0x38, 0x1c, 0x10, 0xff,
    0x38, 0x1c, 0x08, 0xff, 0x38, 0x1c, 0x10, 0xff, 0x38, 0x18, 0x10, 0xff,
    0x30, 0x1c, 0x10, 0xff, 0x38, 0x18, 0x08, 0xff, 0x38, 0x1c, 0x08, 0xff,
    0x38, 0x1c, 0x08, 0xff, 0x30, 0x1c, 0x08, 0xff, 0x38, 0x1c, 0x08, 0xff,
    0x38, 0x18, 0x10, 0xff, 0x38, 0x1c, 0x10, 0xff, 0x38, 0x1c, 0x08, 0xff,
    0x30, 0x1c, 0x10, 0xff, 0x38, 0x18, 0x10, 0xff, 0x30, 0x1c, 0x08, 0xff,
    0x30, 0x1c, 0x10, 0xff, 0x38, 0x1c, 0x10, 0xff, 0x38, 0x18, 0x10, 0xff,
    0x38, 0x1c, 0x10, 0xff, 0x38, 0x18, 0x10, 0xff, 0x38, 0x18, 0x08, 0xff,
    0x38, 0x1c, 0x08, 0xff, 0x38, 0x1c, 0x10, 0xff, 0x38, 0x1c, 0x10, 0xff,
    0x38, 0x18, 0x08, 0xff, 0x30, 0x1c, 0x10, 0xff, 0x38, 0x1c, 0x10, 0xff,
    0x30, 0x18, 0x10, 0xff, 0x38, 0x1c, 0x08, 0xff, 0x38, 0x1c, 0x10, 0xff,
    0x30, 0x1c, 0x10, 0xff, 0x30, 0x18, 0x10, 0xff, 0x38, 0x1c, 0x08, 0xff,
    0x38, 0x1c, 0x08, 0xff, 0x38, 0x1c, 0x08, 0xff, 0x38, 0x1c, 0x10, 0xff,
    0x38, 0x18, 0x10, 0xff, 0x38, 0x1c, 0x10, 0xff, 0x38, 0x1c, 0x08, 0xff,
    0x38, 0x18, 0x10, 0xff, 0x38, 0x1c, 0x10, 0xff, 0x30, 0x1c, 0x08, 0xff,
    0x38, 0x1c, 0x10, 0xff, 0x38, 0x1c, 0x10, 0xff, 0x30, 0x1c, 0x10, 0xff,
    0x38, 0x1c, 0x10, 0xff, 0x38, 0x1c, 0x08, 0xff, 0x38, 0x1c, 0x10, 0xff,
    0x30, 0x18, 0x10, 0xff, 0x38, 0x1c, 0x10, 0xff, 0x38, 0x18, 0x10, 0xff,
    0x38, 0x18, 0x08, 0xff, 0x38, 0x1c, 0x10, 0xff, 0x38, 0x1c, 0x08, 0xff,
    0x38, 0x1c, 0x10, 0xff, 0x38, 0x1c, 0x10, 0xff, 0x30, 0x1c, 0x10, 0xff,
    0x38, 0x1c, 0x10, 0xff, 0x38, 0x1c, 0x10, 0xff, 0x30, 0x1c, 0x08, 0xff,
    0x38, 0x1c, 0x08, 0xff, 0x38, 0x1c, 0x10, 0xff, 0x38, 0x18, 0x10, 0xff,
    0x38, 0x1c, 0x10, 0xff, 0x38, 0x1c, 0x10, 0xff, 0x38, 0x1c, 0x08, 0xff,
    0x38, 0x18, 0x10, 0xff, 0x30, 0x1c, 0x10, 0xff, 0x30, 0x1c, 0x08, 0xff,
    0x38, 0x1c, 0x08, 0xff, 0x38, 0x1c, 0x10, 0xff, 0x30, 0x1c, 0x10, 0xff,
    0x38, 0x1c, 0x08, 0xff, 0x38, 0x18, 0x08, 0xff, 0x30, 0x1c, 0x10, 0xff,
    0x38, 0x1c, 0x08, 0xff, 0x38, 0x1c, 0x10, 0xff, 0x38, 0x1c, 0x10, 0xff,
    0x30, 0x1c, 0x10, 0xff, 0x38, 0x1c, 0x10, 0xff, 0x38, 0x18, 0x08, 0xff,
    0x38, 0x1c, 0x08, 0xff, 0x38, 0x1c, 0x10, 0xff, 0x30, 0x1c, 0x10, 0xff,
    0x38, 0x1c, 0x10, 0xff, 0x38, 0x18, 0x08, 0xff, 0x30, 0x1c, 0x10, 0xff,
    0x38, 0x1c, 0x10, 0xff, 0x30, 0x1c, 0x10, 0xff, 0x38, 0x1c, 0x08, 0xff,
    0x38, 0x1c, 0x08, 0xff, 0x30, 0x1c, 0x10, 0xff, 0x38, 0x18, 0x10, 0xff,
    0x38, 0x1c, 0x10, 0xff, 0x38, 0x1c, 0x08, 0xff, 0x30, 0x1c, 0x08, 0xff,
    0x38, 0x18, 0x10, 0xff, 0x38, 0x1c, 0x10, 0xff, 0x30, 0x1c, 0x08, 0xff,
    0x38, 0x1c, 0x08, 0xff, 0x30, 0x1c, 0x10, 0xff, 0x30, 0x1c, 0x10, 0xff,
    0x38, 0x1c, 0x08, 0xff, 0x30, 0x1c, 0x10, 0xff, 0x38, 0x1c, 0x10, 0xff,
    0x38, 0x18, 0x10, 0xff, 0x30, 0x1c, 0x08, 0xff, 0x38, 0x18, 0x10, 0xff,
    0x38, 0x18, 0x10, 0xff, 0x38, 0x1c, 0x10, 0xff, 0x38, 0x1c, 0x10, 0xff,
    0x30, 0x18, 0x10, 0xff, 0x38, 0x1c, 0x08, 0xff, 0x38, 0x1c, 0x08, 0xff,
    0x30, 0x1c, 0x08, 0xff, 0x38, 0x18, 0x10, 0xff, 0x38, 0x1c, 0x08, 0xff,
    0x38, 0x1c, 0x08, 0xff, 0x38, 0x1c, 0x10, 0xff, 0x30, 0x18, 0x10, 0xff,
    0x38, 0x1c, 0x10, 0xff, 0x38, 0x1c, 0x08, 0xff, 0x38, 0x18, 0x10, 0xff,
    0x30, 0x1c, 0x10, 0xff, 0x38, 0x1c, 0x10, 0xff, 0x38, 0x1c, 0x10, 0xff,
    0x38, 0x1c, 0x08, 0xff, 0x38, 0x18, 0x08, 0xff, 0x38, 0x1c, 0x08, 0xff,
    0x38, 0x1c, 0x08, 0xff, 0x38, 0x1c, 0x10, 0xff, 0x38, 0x1c, 0x10, 0xff,
    0x38, 0x1c, 0x08, 0xff, 0x30, 0x18, 0x10, 0xff, 0x38, 0x1c, 0x10, 0xff,
    0x30, 0x1c, 0x10, 0xff, 0x38, 0x18, 0x08, 0xff, 0x38, 0x1c, 0x08, 0xff,
    0x38, 0x18, 0x08, 0xff, 0x30, 0x1c, 0x10, 0xff, 0x38, 0x1c, 0x10, 0xff,
    0x38, 0x18, 0x10, 0xff, 0x38, 0x1c, 0x08, 0xff, 0x38, 0x1c, 0x08, 0xff,
    0x38, 0x18, 0x10, 0xff, 0x38, 0x18, 0x10, 0xff, 0x38, 0x1c, 0x08, 0xff,
    0x38, 0x1c, 0x08, 0xff, 0x38, 0x1c, 0x10, 0xff, 0x38, 0x18, 0x10, 0xff,
    0x38, 0x1c, 0x08, 0xff, 0x38, 0x1c, 0x08, 0xff, 0x38, 0x1c, 0x10, 0xff,
    0x38, 0x1c, 0x10, 0xff, 0x30, 0x18, 0x08, 0xff, 0x38, 0x1c, 0x08, 0xff,
    0x38, 0x1c, 0x10, 0xff, 0x38, 0x1c, 0x08, 0xff, 0x30, 0x1c, 0x08, 0xff,
    0x38, 0x18, 0x10, 0xff, 0x38, 0x1c, 0x08, 0xff, 0x38, 0x1c, 0x08, 0xff,
    0x30, 0x1c, 0x10, 0xff, 0x38, 0x1c, 0x10, 0xff, 0x38, 0x18, 0x10, 0xff,
    0x30, 0x1c, 0x10, 0xff, 0x38, 0x1c, 0x10, 0xff, 0x38, 0x1c, 0x10, 0xff,
    0x38, 0x18, 0x10, 0xff, 0x38, 0x1c, 0x10, 0xff, 0x30, 0x1c, 0x08, 0xff,
    0x38, 0x18, 0x10, 0xff, 0x38, 0x1c, 0x10, 0xff, 0x38, 0x1c, 0x10, 0xff,
    0x38, 0x18, 0x08, 0xff, 0x30, 0x1c, 0x08, 0xff, 0x30, 0x18, 0x10, 0xff,
    0x38, 0x1c, 0x10, 0xff, 0x38, 0x1c, 0x10, 0xff, 0x38, 0x1c, 0x10, 0xff,
    0x30, 0x18, 0x10, 0xff, 0x30, 0x1c, 0x10, 0xff, 0x38, 0x1c, 0x10, 0xff,
    0x38, 0x18, 0x08, 0xff, 0x38, 0x1c, 0x08, 0xff, 0x38, 0x1c, 0x10, 0xff,
    0x38, 0x1c, 0x10, 0xff, 0x38, 0x1c, 0x10, 0xff, 0x30, 0x1c, 0x10, 0xff,
    0x38, 0x18, 0x10, 0xff, 0x38, 0x1c, 0x10, 0xff, 0x30, 0x1c, 0x08, 0xff,
    0x38, 0x1c, 0x10, 0xff, 0x30, 0x1c, 0x10, 0xff, 0x30, 0x1c, 0x10, 0xff,
    0x38, 0x1c, 0x08, 0xff, 0x38, 0x1c, 0x10, 0xff, 0x30, 0x18, 0x10, 0xff,
    0x30, 0x1c, 0x10, 0xff, 0x38, 0x1c, 0x08, 0xff, 0x38, 0x18, 0x10, 0xff,
    0x38, 0x1c, 0x10, 0xff, 0x38, 0x18, 0x10, 0xff, 0x30, 0x18, 0x08, 0xff,
    0x38, 0x1c, 0x10, 0xff, 0x38, 0x1c, 0x10, 0xff, 0x30, 0x18, 0x10, 0xff,
    0x38, 0x1c, 0x10, 0xff, 0x38, 0x1c, 0x08, 0xff, 0x30, 0x1c, 0x08, 0xff,
    0x38, 0x18, 0x10, 0xff, 0x30, 0x1c, 0x10, 0xff, 0x38, 0x1c, 0x10, 0xff,
    0x38, 0x18, 0x10, 0xff, 0x38, 0x1c, 0x08, 0xff, 0x38, 0x1c, 0x08, 0xff,
    0x30, 0x1c, 0x10, 0xff, 0x30, 0x18, 0x08, 0xff, 0x38, 0x1c, 0x08, 0xff,
    0x38, 0x1c, 0x08, 0xff, 0x38, 0x1c, 0x10, 0xff, 0x30, 0x1c, 0x10, 0xff,
    0x30, 0x1c, 0x08, 0xff, 0x38, 0x1c, 0x08, 0xff, 0x38, 0x1c, 0x10, 0xff,
    0x38, 0x1c, 0x10, 0xff, 0x38, 0x1c, 0x10, 0xff, 0x30, 0x18, 0x10, 0xff,
    0x38, 0x1c, 0x08, 0xff, 0x38, 0x1c, 0x10, 0xff, 0x38, 0x1c, 0x08, 0xff,
    0x38, 0x18, 0x08, 0xff, 0x38, 0x1c, 0x08, 0xff, 0x30, 0x1c, 0x10, 0xff,
    0x38, 0x18, 0x10, 0xff, 0x38, 0x1c, 0x08, 0xff, 0x30, 0x1c, 0x08, 0xff,
    0x38, 0x1c, 0x10, 0xff, 0x38, 0x1c, 0x10, 0xff, 0x38, 0x1c, 0x08, 0xff,
    0x38, 0x1c, 0x08, 0xff, 0x38, 0x18, 0x08, 0xff, 0x38, 0x18, 0x10, 0xff,
    0x38, 0x1c, 0x10, 0xff, 0x38, 0x18, 0x08, 0xff, 0x38, 0x1c, 0x10, 0xff,
    0x30, 0x1c, 0x10, 0xff, 0x38, 0x1c, 0x10, 0xff, 0x38, 0x18, 0x08, 0xff,
    0x38, 0x1c, 0x10, 0xff, 0x30, 0x1c, 0x10, 0xff, 0x30, 0x1c, 0x10, 0xff,
    0x38, 0x1c, 0x08, 0xff, 0x38, 0x1c, 0x10, 0xff, 0x38, 0x1c, 0x10, 0xff,
    0x38, 0x1c, 0x08, 0xff, 0x38, 0x1c, 0x08, 0xff, 0x38, 0x18, 0x10, 0xff,
    0x38, 0x1c, 0x10, 0xff, 0x38, 0x1c, 0x10, 0xff, 0x38, 0x1c, 0x10, 0xff,
    0x38, 0x1c, 0x10, 0xff, 0x38, 0x18, 0x08, 0xff, 0x38, 0x1c, 0x08, 0xff,
    0x30, 0x1c, 0x10, 0xff, 0x38, 0x1c, 0x10, 0xff, 0x38, 0x18, 0x08, 0xff,
    0x38, 0x1c, 0x10, 0xff, 0x38, 0x1c, 0x10, 0xff, 0x30, 0x18, 0x10, 0xff,
    0x38, 0x18, 0x08, 0xff, 0x38, 0x1c, 0x08, 0xff, 0x38, 0x1c, 0x10, 0xff,
    0x38, 0x18, 0x10, 0xff, 0x30, 0x1c, 0x08, 0xff, 0x38, 0x1c, 0x10, 0xff,
    0x38, 0x18, 0x08, 0xff, 0x38, 0x1c, 0x08, 0xff, 0x38, 0x1c, 0x10, 0xff,
    0x38, 0x1c, 0x08, 0xff, 0x38, 0x18, 0x10, 0xff, 0x38, 0x1c, 0x10, 0xff,
    0x38, 0x1c, 0x10, 0xff, 0x38, 0x1c, 0x10, 0xff, 0x30, 0x1c, 0x10, 0xff,
    0x38, 0x18, 0x10, 0xff, 0x38, 0x1c, 0x10, 0xff, 0x38, 0x18, 0x08, 0xff,
    0x30, 0x18, 0x08, 0xff, 0x38, 0x1c, 0x10, 0xff, 0x38, 0x1c, 0x10, 0xff,
    0x30, 0x1c, 0x10, 0xff, 0x38, 0x1c, 0x08, 0xff, 0x38, 0x1c, 0x08, 0xff,
    0x38, 0x1c, 0x10, 0xff, 0x38, 0x18, 0x08, 0xff, 0x38, 0x1c, 0x08, 0xff,
    0x38, 0x1c, 0x08, 0xff, 0x38, 0x1c, 0x10, 0xff, 0x38, 0x1c, 0x08, 0xff,
    0x38, 0x1c, 0x08, 0xff, 0x38, 0x1c, 0x08, 0xff, 0x30, 0x18, 0x10, 0xff,
    0x38, 0x1c, 0x08, 0xff, 0x38, 0x18, 0x08, 0xff, 0x30, 0x1c, 0x10, 0xff,
    0x38, 0x1c, 0x10, 0xff, 0x38, 0x1c, 0x08, 0xff, 0x30, 0x1c, 0x10, 0xff,
    0x38, 0x18, 0x10, 0xff, 0x38, 0x1c, 0x08, 0xff, 0x30, 0x1c, 0x08, 0xff,
    0x38, 0x1c, 0x10, 0xff, 0x38, 0x1c, 0x08, 0xff, 0x30, 0x18, 0x10, 0xff,
    0x38, 0x1c, 0x10, 0xff, 0x38, 0x1c, 0x10, 0xff, 0x38, 0x1c, 0x10, 0xff,
    0x38, 0x1c, 0x10, 0xff, 0x30, 0x1c, 0x08, 0xff, 0x38, 0x1c, 0x10, 0xff,
    0x38, 0x18, 0x10, 0xff, 0x38, 0x1c, 0x10, 0xff, 0x38, 0x1c, 0x10, 0xff,
    0x30, 0x18, 0x10, 0xff, 0x38, 0x1c, 0x08, 0xff, 0x38, 0x1c, 0x10, 0xff,
    0x38, 0x1c, 0x10, 0xff, 0x38, 0x1c, 0x10, 0xff, 0x38, 0x1c, 0x10, 0xff,
    0x30, 0x1c, 0x10, 0xff, 0x30, 0x1c, 0x10, 0xff, 0x38, 0x1c, 0x08, 0xff,
    0x30, 0x18, 0x08, 0xff, 0x38, 0x1c, 0x08, 0xff, 0x38, 0x1c, 0x08, 0xff,
    0x38, 0x1c, 0x10, 0xff, 0x30, 0x1c, 0x10, 0xff, 0x38, 0x1c, 0x10, 0xff,
    0x38, 0x1c, 0x10, 0xff, 0x30, 0x18, 0x10, 0xff, 0x38, 0x1c, 0x08, 0xff,
    0x38, 0x1c, 0x10, 0xff, 0x30, 0x1c, 0x10, 0xff, 0x30, 0x1c, 0x10, 0xff,
    0x38, 0x1c, 0x10, 0xff, 0x30, 0x1c, 0x10, 0xff, 0x38, 0x18, 0x10, 0xff,
    0x38, 0x1c, 0x10, 0xff, 0x30, 0x1c, 0x10, 0xff, 0x38, 0x18, 0x10, 0xff,
    0x38, 0x18, 0x10, 0xff, 0x38, 0x1c, 0x10, 0xff, 0x38, 0x1c, 0x10, 0xff,
    0x30, 0x1c, 0x10, 0xff, 0x38, 0x18, 0x10, 0xff, 0x30, 0x1c, 0x10, 0xff,
    0x38, 0x1c, 0x10, 0xff, 0x38, 0x18, 0x08, 0xff, 0x30, 0x1c, 0x08, 0xff,
    0x38, 0x1c, 0x10, 0xff, 0x38, 0x1c, 0x10, 0xff, 0x30, 0x18, 0x10, 0xff,
    0x38, 0x1c, 0x10, 0xff, 0x38, 0x1c, 0x08, 0xff, 0x38, 0x1c, 0x10, 0xff,
    0x38, 0x18, 0x08, 0xff, 0x30, 0x1c, 0x08, 0xff, 0x38, 0x18, 0x08, 0xff,
    0x38, 0x1c, 0x10, 0xff, 0x38, 0x1c, 0x10, 0xff, 0x38, 0x1c, 0x10, 0xff,
    0x30, 0x1c, 0x08, 0xff, 0x38, 0x18, 0x08, 0xff, 0x38, 0x1c, 0x08, 0xff,
    0x38, 0x1c, 0x10, 0xff, 0x30, 0x18, 0x10, 0xff, 0x30, 0x1c, 0x08, 0xff,
    0x38, 0x1c, 0x08, 0xff, 0x38, 0x1c, 0x10, 0xff, 0x38, 0x18, 0x08, 0xff,
    0x38, 0x1c, 0x08, 0xff, 0x38, 0x1c, 0x10, 0xff, 0x38, 0x18, 0x10, 0xff,
    0x38, 0x1c, 0x10, 0xff, 0x38, 0x1c, 0x10, 0xff, 0x30, 0x1c, 0x08, 0xff,
    0x38, 0x18, 0x10, 0xff, 0x38, 0x1c, 0x08, 0xff, 0x30, 0x1c, 0x08, 0xff,
    0x38, 0x1c, 0x08, 0xff, 0x38, 0x18, 0x10, 0xff, 0x38, 0x1c, 0x10, 0xff,
    0x38, 0x18, 0x10, 0xff, 0x38, 0x18, 0x08, 0xff, 0x38, 0x1c, 0x08, 0xff,
    0x38, 0x1c, 0x10, 0xff, 0x30, 0x1c, 0x10, 0xff, 0x38, 0x18, 0x08, 0xff,
    0x38, 0x1c, 0x08, 0xff, 0x30, 0x1c, 0x10, 0xff, 0x38, 0x1c, 0x10, 0xff,
    0x38, 0x1c, 0x08, 0xff, 0x30, 0x1c, 0x08, 0xff, 0x38, 0x1c, 0x10, 0xff,
    0x38, 0x1c, 0x08, 0xff, 0x38, 0x18, 0x08, 0xff, 0x30, 0x1c, 0x08, 0xff,
    0x38, 0x1c, 0x10, 0xff, 0x38, 0x1c, 0x10, 0xff, 0x30, 0x18, 0x08, 0xff,
    0x38, 0x18, 0x10, 0xff, 0x38, 0x1c, 0x08, 0xff, 0x30, 0x1c, 0x08, 0xff,
    0x38, 0x1c, 0x10, 0xff, 0x38, 0x18, 0x10, 0xff, 0x30, 0x1c, 0x08, 0xff,
    0x38, 0x1c, 0x10, 0xff, 0x38, 0x1c, 0x10, 0xff, 0x38, 0x18, 0x10, 0xff,
    0x30, 0x1c, 0x08, 0xff, 0x38, 0x1c, 0x08, 0xff, 0x38, 0x1c, 0x10, 0xff,
    0x30, 0x1c, 0x10, 0xff, 0x38, 0x1c, 0x10, 0xff, 0x38, 0x1c, 0x10, 0xff,
    0x38, 0x18, 0x08, 0xff, 0x38, 0x1c, 0x10, 0xff, 0x38, 0x1c, 0x10, 0xff,
    0x38, 0x1c, 0x08, 0xff, 0x38, 0x1c, 0x10, 0xff, 0x38, 0x18, 0x10, 0xff,
    0x38, 0x1c, 0x08, 0xff, 0x30, 0x1c, 0x10, 0xff, 0x38, 0x1c, 0x10, 0xff,
    0x38, 0x1c, 0x10, 0xff, 0x30, 0x18, 0x10, 0xff, 0x38, 0x1c, 0x08, 0xff,
    0x38, 0x1c, 0x10, 0xff, 0x38, 0x18, 0x10, 0xff, 0x38, 0x1c, 0x10, 0xff,
    0x30, 0x1c, 0x10, 0xff, 0x30, 0x1c, 0x08, 0xff, 0x38, 0x1c, 0x08, 0xff,
    0x38, 0x1c, 0x10, 0xff, 0x30, 0x18, 0x10, 0xff, 0x38, 0x18, 0x08, 0xff,
    0x38, 0x1c, 0x08, 0xff, 0x30, 0x1c, 0x10, 0xff, 0x38, 0x18, 0x10, 0xff,
    0x38, 0x1c, 0x08, 0xff, 0x38, 0x1c, 0x08, 0xff, 0x30, 0x1c, 0x10, 0xff,
    0x38, 0x18, 0x10, 0xff, 0x38, 0x18, 0x08, 0xff, 0x38, 0x1c, 0x10, 0xff,
    0x38, 0x1c, 0x10, 0xff, 0x38, 0x18, 0x10, 0xff, 0x38, 0x1c, 0x10, 0xff,
    0x38, 0x1c, 0x10, 0xff, 0x38, 0x1c, 0x10, 0xff, 0x38, 0x1c, 0x08, 0xff,
    0x38, 0x1c, 0x10, 0xff, 0x38, 0x1c, 0x10, 0xff, 0x38, 0x18, 0x10, 0xff,
    0x38, 0x1c, 0x08, 0xff, 0x30, 0x1c, 0x10, 0xff, 0x38, 0x1c, 0x10, 0xff,
    0x38, 0x1c, 0x10, 0xff, 0x30, 0x1c, 0x08, 0xff, 0x38, 0x1c, 0x10, 0xff,
    0x38, 0x18, 0x10, 0xff, 0x30, 0x18, 0x08, 0xff, 0x38, 0x1c, 0x10, 0xff,
    0x38, 0x1c, 0x10, 0xff, 0x30, 0x1c, 0x08, 0xff, 0x38, 0x1c, 0x10, 0xff,
    0x38, 0x1c, 0x08, 0xff, 0x38, 0x1c, 0x10, 0xff, 0x38, 0x1c, 0x10, 0xff,
    0x30, 0x18, 0x10, 0xff, 0x30, 0x1c, 0x10, 0xff, 0x38, 0x1c, 0x10, 0xff,
    0x30, 0x1c, 0x08, 0xff, 0x38, 0x18, 0x08, 0xff, 0x38, 0x1c, 0x08, 0xff,
    0x38, 0x18, 0x08, 0xff, 0x38, 0x1c, 0x10, 0xff, 0x30, 0x1c, 0x10, 0xff,
    0x38, 0x18, 0x10, 0xff, 0x38, 0x1c, 0x08, 0xff, 0x38, 0x1c, 0x08, 0xff,
    0x38, 0x18, 0x10, 0xff, 0x38, 0x1c, 0x10, 0xff, 0x30, 0x1c, 0x10, 0xff,
    0x38, 0x1c, 0x10, 0xff, 0x38, 0x1c, 0x10, 0xff, 0x38, 0x1c, 0x10, 0xff,
    0x38, 0x1c, 0x08, 0xff, 0x38, 0x1c, 0x10, 0xff, 0x38, 0x1c, 0x10, 0xff,
    0x30, 0x18, 0x10, 0xff, 0x38, 0x1c, 0x10, 0xff, 0x38, 0x1c, 0x10, 0xff,
    0x38, 0x1c, 0x10, 0xff, 0x38, 0x1c, 0x10, 0xff, 0x30, 0x1c, 0x08, 0xff,
    0x38, 0x1c, 0x10, 0xff, 0x38, 0x1c, 0x08, 0xff, 0x30, 0x18, 0x08, 0xff,
    0x38, 0x1c, 0x08, 0xff, 0x38, 0x1c, 0x10, 0xff, 0x30, 0x1c, 0x10, 0xff,
    0x38, 0x18, 0x08, 0xff, 0x38, 0x1c, 0x10, 0xff, 0x30, 0x1c, 0x10, 0xff,
    0x38, 0x1c, 0x08, 0xff, 0x38, 0x18, 0x10, 0xff, 0x30, 0x18, 0x08, 0xff,
    0x38, 0x1c, 0x08, 0xff, 0x38, 0x1c, 0x10, 0xff, 0x38, 0x1c, 0x10, 0xff,
    0x38, 0x1c, 0x10, 0xff, 0x38, 0x18, 0x08, 0xff, 0x30, 0x1c, 0x08, 0xff,
    0x38, 0x18, 0x10, 0xff, 0x38, 0x18, 0x10, 0xff, 0x30, 0x1c, 0x10, 0xff,
    0x38, 0x1c, 0x08, 0xff, 0x38, 0x1c, 0x10, 0xff, 0x38, 0x1c, 0x08, 0xff,
    0x38, 0x1c, 0x08, 0xff, 0x38, 0x1c, 0x08, 0xff, 0x38, 0x18, 0x10, 0xff,
    0x38, 0x1c, 0x10, 0xff, 0x30, 0x1c, 0x10, 0xff, 0x38, 0x1c, 0x10, 0xff,
    0x38, 0x1c, 0x10, 0xff, 0x38, 0x1c, 0x08, 0xff, 0x30, 0x1c, 0x08, 0xff,
    0x38, 0x1c, 0x10, 0xff, 0x38, 0x1c, 0x10, 0xff, 0x38, 0x1c, 0x10, 0xff,
    0x38, 0x18, 0x08, 0xff, 0x38, 0x1c, 0x08, 0xff, 0x38, 0x1c, 0x08, 0xff,
    0x38, 0x1c, 0x08, 0xff, 0x30, 0x1c, 0x10, 0xff, 0x38, 0x18, 0x10, 0xff,
    0x38, 0x1c, 0x08, 0xff, 0x30, 0x1c, 0x10, 0xff, 0x38, 0x1c, 0x08, 0xff,
    0x38, 0x18, 0x08, 0xff, 0x38, 0x1c, 0x08, 0xff, 0x30, 0x1c, 0x08, 0xff,
    0x30, 0x1c, 0x08, 0xff, 0x38, 0x18, 0x10, 0xff, 0x30, 0x1c, 0x08, 0xff,
    0x38, 0x1c, 0x10, 0xff, 0x38, 0x1c, 0x10, 0xff, 0x30, 0x18, 0x10, 0xff,
    0x38, 0x1c, 0x10, 0xff, 0x38, 0x18, 0x08, 0xff, 0x30, 0x1c, 0x10, 0xff,
    0x38, 0x1c, 0x08, 0xff, 0x30, 0x18, 0x08, 0xff, 0x38, 0x1c, 0x10, 0xff,
    0x38, 0x1c, 0x08, 0xff, 0x38, 0x1c, 0x10, 0xff, 0x38, 0x1c, 0x10, 0xff,
    0x38, 0x18, 0x08, 0xff, 0x30, 0x1c, 0x08, 0xff, 0x30, 0x1c, 0x10, 0xff,
    0x38, 0x1c, 0x10, 0xff, 0x38, 0x1c, 0x10, 0xff, 0x38, 0x1c, 0x08, 0xff,
    0x38, 0x1c, 0x08, 0xff, 0x38, 0x18, 0x10, 0xff, 0x30, 0x1c, 0x10, 0xff,
    0x38, 0x1c, 0x08, 0xff, 0x38, 0x18, 0x10, 0xff, 0x38, 0x1c, 0x10, 0xff,
    0x38, 0x1c, 0x10, 0xff, 0x30, 0x18, 0x10, 0xff, 0x38, 0x1c, 0x10, 0xff,
    0x38, 0x1c, 0x08, 0xff, 0x30, 0x18, 0x10, 0xff, 0x38, 0x1c, 0x08, 0xff,
    0x30, 0x1c, 0x10, 0xff, 0x38, 0x18, 0x10, 0xff, 0x38, 0x1c, 0x08, 0xff,
    0x30, 0x18, 0x10, 0xff, 0x30, 0x1c, 0x08, 0xff, 0x38, 0x1c, 0x10, 0xff,
    0x30, 0x1c, 0x10, 0xff, 0x38, 0x18, 0x10, 0xff, 0x38, 0x18, 0x10, 0xff,
    0x30, 0x1c, 0x08, 0xff, 0x38, 0x1c, 0x10, 0xff, 0x38, 0x18, 0x10, 0xff,
    0x30, 0x1c, 0x08, 0xff, 0x38, 0x18, 0x10, 0xff, 0x38, 0x1c, 0x10, 0xff,
    0x30, 0x1c, 0x10, 0xff, 0x38, 0x18, 0x10, 0xff, 0x38, 0x1c, 0x10, 0xff,
    0x38, 0x1c, 0x10, 0xff, 0x38, 0x18, 0x10, 0xff, 0x38, 0x18, 0x10, 0xff,
    0x30, 0x1c, 0x10, 0xff, 0x38, 0x1c, 0x08, 0xff, 0x38, 0x1c, 0x10, 0xff,
    0x38, 0x1c, 0x10, 0xff, 0x38, 0x1c, 0x08, 0xff, 0x38, 0x1c, 0x10, 0xff,
    0x38, 0x1c, 0x10, 0xff, 0x38, 0x1c, 0x10, 0xff, 0x38, 0x18, 0x10, 0xff,
    0x30, 0x1c, 0x10, 0xff, 0x38, 0x1c, 0x08, 0xff, 0x38, 0x1c, 0x10, 0xff,
    0x38, 0x18, 0x10, 0xff, 0x38, 0x1c, 0x08, 0xff, 0x38, 0x1c, 0x10, 0xff,
    0x38, 0x18, 0x08, 0xff, 0x30, 0x1c, 0x10, 0xff, 0x30, 0x1c, 0x10, 0xff,
    0x38, 0x1c, 0x08, 0xff, 0x38, 0x1c, 0x08, 0xff, 0x38, 0x1c, 0x10, 0xff,
    0x30, 0x1c, 0x10, 0xff, 0x30, 0x18, 0x10, 0xff, 0x38, 0x1c, 0x08, 0xff,
    0x38, 0x1c, 0x08, 0xff, 0x38, 0x1c, 0x08, 0xff, 0x38, 0x1c, 0x10, 0xff,
    0x38, 0x18, 0x08, 0xff, 0x38, 0x1c, 0x10, 0xff, 0x38, 0x1c, 0x08, 0xff,
    0x38, 0x18, 0x10, 0xff, 0x38, 0x1c, 0x10, 0xff, 0x38, 0x1c, 0x08, 0xff,
    0x38, 0x18, 0x10, 0xff, 0x38, 0x1c, 0x08, 0xff, 0x38, 0x1c, 0x10, 0xff,
    0x30, 0x1c, 0x10, 0xff, 0x38, 0x1c, 0x08, 0xff, 0x38, 0x1c, 0x10, 0xff,
    0x30, 0x18, 0x08, 0xff, 0x38, 0x1c, 0x10, 0xff, 0x38, 0x1c, 0x10, 0xff,
    0x38, 0x1c, 0x10, 0xff, 0x38, 0x1c, 0x10, 0xff, 0x38, 0x18, 0x08, 0xff,
    0x38, 0x1c, 0x10, 0xff, 0x38, 0x1c, 0x10, 0xff, 0x38, 0x1c, 0x08, 0xff,
    0x38, 0x1c, 0x08, 0xff, 0x38, 0x1c, 0x08, 0xff, 0x38, 0x1c, 0x08, 0xff,
    0x38, 0x1c, 0x10, 0xff, 0x38, 0x1c, 0x08, 0xff, 0x30, 0x18, 0x08, 0xff,
    0x38, 0x1c, 0x10, 0xff, 0x38, 0x18, 0x10, 0xff, 0x30, 0x1c, 0x10, 0xff,
    0x38, 0x1c, 0x08, 0xff, 0x38, 0x1c, 0x08, 0xff, 0x30, 0x18, 0x08, 0xff,
    0x38, 0x1c, 0x10, 0xff, 0x38, 0x1c, 0x10, 0xff, 0x30, 0x1c, 0x10, 0xff,
    0x38, 0x18, 0x10, 0xff, 0x38, 0x1c, 0x08, 0xff, 0x30, 0x1c, 0x10, 0xff,
    0x38, 0x18, 0x10, 0xff, 0x38, 0x1c, 0x10, 0xff, 0x38, 0x1c, 0x10, 0xff,
    0x38, 0x1c, 0x10, 0xff, 0x38, 0x1c, 0x10, 0xff, 0x38, 0x18, 0x08, 0xff,
    0x38, 0x1c, 0x08, 0xff, 0x38, 0x1c, 0x10, 0xff, 0x30, 0x1c, 0x10, 0xff,
    0x38, 0x1c, 0x10, 0xff, 0x30, 0x18, 0x10, 0xff, 0x38, 0x1c, 0x10, 0xff,
    0x38, 0x1c, 0x10, 0xff, 0x30, 0x1c, 0x10, 0xff, 0x38, 0x1c, 0x08, 0xff,
    0x30, 0x1c, 0x10, 0xff, 0x38, 0x1c, 0x10, 0xff, 0x38, 0x1c, 0x10, 0xff,
    0x38, 0x1c, 0x10, 0xff, 0x30, 0x18, 0x08, 0xff, 0x38, 0x1c, 0x08, 0xff,
    0x38, 0x1c, 0x10, 0xff, 0x38, 0x1c, 0x10, 0xff, 0x38, 0x1c, 0x10, 0xff,
    0x38, 0x1c, 0x08, 0xff, 0x38, 0x1c, 0x08, 0xff, 0x38, 0x18, 0x08, 0xff,
    0x30, 0x1c, 0x08, 0xff, 0x30, 0x1c, 0x10, 0xff, 0x38, 0x1c, 0x08, 0xff,
    0x30, 0x1c, 0x08, 0xff, 0x38, 0x18, 0x10, 0xff, 0x30, 0x1c, 0x10, 0xff,
    0x30, 0x1c, 0x10, 0xff, 0x38, 0x18, 0x10, 0xff, 0x38, 0x1c, 0x08, 0xff,
    0x30, 0x18, 0x10, 0xff, 0x38, 0x1c, 0x10, 0xff, 0x30, 0x1c, 0x10, 0xff,
    0x38, 0x1c, 0x08, 0xff, 0x38, 0x18, 0x08, 0xff, 0x38, 0x1c, 0x10, 0xff,
    0x30, 0x1c, 0x10, 0xff, 0x38, 0x1c, 0x10, 0xff, 0x38, 0x18, 0x10, 0xff,
    0x38, 0x1c, 0x08, 0xff, 0x30, 0x1c, 0x08, 0xff, 0x38, 0x1c, 0x08, 0xff,
    0x38, 0x18, 0x10, 0xff, 0x38, 0x1c, 0x10, 0xff, 0x38, 0x1c, 0x08, 0xff,
    0x38, 0x18, 0x08, 0xff, 0x38, 0x1c, 0x08, 0xff, 0x30, 0x18, 0x10, 0xff,
    0x38, 0x1c, 0x08, 0xff, 0x38, 0x1c, 0x10, 0xff, 0x38, 0x1c, 0x10, 0xff,
    0x38, 0x1c, 0x08, 0xff, 0x30, 0x18, 0x10, 0xff, 0x38, 0x1c, 0x10, 0xff,
    0x38, 0x1c, 0x08, 0xff, 0x30, 0x18, 0x08, 0xff, 0x38, 0x1c, 0x08, 0xff,
    0x30, 0x18, 0x10, 0xff, 0x38, 0x1c, 0x10, 0xff, 0x38, 0x1c, 0x08, 0xff,
    0x30, 0x18, 0x08, 0xff, 0x38, 0x1c, 0x08, 0xff, 0x30, 0x1c, 0x10, 0xff,
    0x38, 0x1c, 0x10, 0xff, 0x38, 0x18, 0x10, 0xff, 0x38, 0x1c, 0x08, 0xff,
    0x30, 0x18, 0x08, 0xff, 0x38, 0x1c, 0x10, 0xff, 0x38, 0x1c, 0x10, 0xff,
    0x30, 0x18, 0x10, 0xff, 0x38, 0x1c, 0x10, 0xff, 0x38, 0x1c, 0x10, 0xff,
    0x38, 0x1c, 0x10, 0xff, 0x38, 0x18, 0x10, 0xff, 0x38, 0x1c, 0x10, 0xff,
    0x30, 0x1c, 0x08, 0xff, 0x38, 0x18, 0x10, 0xff, 0x38, 0x1c, 0x10, 0xff,
    0x38, 0x1c, 0x10, 0xff, 0x30, 0x18, 0x10, 0xff, 0x38, 0x1c, 0x10, 0xff,
    0x38, 0x1c, 0x10, 0xff, 0x38, 0x1c, 0x08, 0xff, 0x38, 0x1c, 0x10, 0xff,
    0x30, 0x1c, 0x10, 0xff, 0x38, 0x18, 0x10, 0xff, 0x38, 0x18, 0x08, 0xff,
    0x30, 0x1c, 0x10, 0xff, 0x38, 0x1c, 0x08, 0xff, 0x38, 0x18, 0x10, 0xff,
    0x38, 0x1c, 0x10, 0xff, 0x38, 0x1c, 0x10, 0xff, 0x30, 0x1c, 0x10, 0xff,
    0x30, 0x1c, 0x08, 0xff, 0x38, 0x1c, 0x10, 0xff, 0x38, 0x1c, 0x10, 0xff,
    0x30, 0x1c, 0x10, 0xff, 0x38, 0x1c, 0x08, 0xff, 0x38, 0x1c, 0x10, 0xff,
    0x30, 0x18, 0x10, 0xff, 0x30, 0x1c, 0x10, 0xff, 0x38, 0x1c, 0x10, 0xff,
    0x38, 0x18, 0x08, 0xff, 0x38, 0x1c, 0x08, 0xff, 0x38, 0x1c, 0x10, 0xff,
    0x38, 0x1c, 0x10, 0xff, 0x38, 0x1c, 0x10, 0xff, 0x38, 0x1c, 0x08, 0xff,
    0x38, 0x18, 0x10, 0xff, 0x38, 0x1c, 0x10, 0xff, 0x38, 0x1c, 0x10, 0xff,
    0x38, 0x18, 0x10, 0xff, 0x38, 0x1c, 0x08, 0xff, 0x38, 0x18, 0x10, 0xff,
    0x38, 0x1c, 0x08, 0xff, 0x30, 0x1c, 0x10, 0xff, 0x38, 0x1c, 0x10, 0xff,
    0x30, 0x18, 0x08, 0xff, 0x38, 0x1c, 0x10, 0xff, 0x38, 0x1c, 0x08, 0xff,
    0x30, 0x1c, 0x10, 0xff, 0x38, 0x1c, 0x10, 0xff, 0x38, 0x18, 0x08, 0xff,
    0x38, 0x1c, 0x10, 0xff, 0x38, 0x1c, 0x10, 0xff, 0x38, 0x18, 0x10, 0xff,
    0x38, 0x1c, 0x08, 0xff, 0x38, 0x1c, 0x08, 0xff, 0x30, 0x1c, 0x08, 0xff,
    0x38, 0x1c, 0x08, 0xff, 0x38, 0x1c, 0x10, 0xff, 0x38, 0x18, 0x08, 0xff,
    0x38, 0x18, 0x10, 0xff, 0x30, 0x1c, 0x10, 0xff, 0x38, 0x1c, 0x08, 0xff,
    0x38, 0x1c, 0x08, 0xff, 0x38, 0x1c, 0x10, 0xff, 0x38, 0x1c, 0x08, 0xff,
    0x30, 0x1c, 0x10, 0xff, 0x38, 0x1c, 0x08, 0xff, 0x30, 0x1c, 0x10, 0xff,
    0x38, 0x18, 0x10, 0xff, 0x38, 0x1c, 0x08, 0xff, 0x38, 0x1c, 0x10, 0xff,
    0x38, 0x18, 0x10, 0xff, 0x30, 0x1c, 0x08, 0xff, 0x38, 0x1c, 0x10, 0xff,
    0x38, 0x18, 0x10, 0xff, 0x38, 0x1c, 0x10, 0xff, 0x38, 0x1c, 0x08, 0xff,
    0x38, 0x18, 0x08, 0xff, 0x38, 0x1c, 0x08, 0xff, 0x30, 0x1c, 0x10, 0xff,
    0x38, 0x18, 0x10, 0xff, 0x38, 0x1c, 0x08, 0xff, 0x30, 0x1c, 0x10, 0xff,
    0x38, 0x1c, 0x10, 0xff, 0x38, 0x1c, 0x10, 0xff, 0x30, 0x1c, 0x08, 0xff,
    0x38, 0x1c, 0x08, 0xff, 0x38, 0x18, 0x10, 0xff, 0x38, 0x1c, 0x10, 0xff,
    0x30, 0x1c, 0x10, 0xff, 0x38, 0x1c, 0x08, 0xff, 0x38, 0x1c, 0x10, 0xff,
    0x38, 0x1c, 0x10, 0xff, 0x38, 0x18, 0x10, 0xff, 0x38, 0x1c, 0x10, 0xff,
    0x30, 0x18, 0x08, 0xff, 0x38, 0x1c, 0x10, 0xff, 0x38, 0x1c, 0x08, 0xff,
    0x30, 0x18, 0x08, 0xff, 0x38, 0x1c, 0x08, 0xff, 0x30, 0x1c, 0x08, 0xff,
    0x30, 0x1c, 0x08, 0xff, 0x38, 0x1c, 0x10, 0xff, 0x38, 0x1c, 0x10, 0xff,
    0x38, 0x1c, 0x08, 0xff, 0x38, 0x18, 0x10, 0xff, 0x38, 0x1c, 0x10, 0xff,
    0x38, 0x1c, 0x08, 0xff, 0x38, 0x1c, 0x10, 0xff, 0x30, 0x1c, 0x08, 0xff,
    0x38, 0x18, 0x08, 0xff, 0x38, 0x1c, 0x10, 0xff, 0x38, 0x1c, 0x10, 0xff,
    0x30, 0x1c, 0x10, 0xff, 0x38, 0x1c, 0x10, 0xff, 0x38, 0x18, 0x10, 0xff,
    0x38, 0x1c, 0x10, 0xff, 0x38, 0x1c, 0x08, 0xff, 0x38, 0x1c, 0x08, 0xff,
    0x38, 0x18, 0x10, 0xff, 0x38, 0x1c, 0x08, 0xff, 0x38, 0x1c, 0x08, 0xff,
    0x38, 0x18, 0x10, 0xff, 0x30, 0x1c, 0x08, 0xff, 0x38, 0x1c, 0x10, 0xff,
    0x38, 0x1c, 0x08, 0xff, 0x38, 0x18, 0x10, 0xff, 0x38, 0x1c, 0x10, 0xff,
    0x38, 0x1c, 0x10, 0xff, 0x38, 0x1c, 0x10, 0xff, 0x30, 0x1c, 0x10, 0xff,
    0x38, 0x18, 0x10, 0xff, 0x38, 0x1c, 0x08, 0xff, 0x38, 0x18, 0x08, 0xff,
    0x30, 0x18, 0x08, 0xff, 0x38, 0x1c, 0x10, 0xff, 0x38, 0x1c, 0x10, 0xff,
    0x30, 0x1c, 0x08, 0xff, 0x30, 0x1c, 0x08, 0xff, 0x38, 0x1c, 0x10, 0xff,
    0x38, 0x18, 0x10, 0xff, 0x30, 0x1c, 0x08, 0xff, 0x30, 0x1c, 0x08, 0xff,
    0x38, 0x1c, 0x08, 0xff, 0x38, 0x1c, 0x10, 0xff, 0x38, 0x1c, 0x10, 0xff,
    0x38, 0x1c, 0x10, 0xff, 0x38, 0x18, 0x10, 0xff, 0x38, 0x1c, 0x10, 0xff,
    0x38, 0x1c, 0x10, 0xff, 0x38, 0x1c, 0x10, 0xff, 0x38, 0x18, 0x10, 0xff,
    0x38, 0x1c, 0x08, 0xff, 0x30, 0x1c, 0x10, 0xff, 0x30, 0x1c, 0x10, 0xff,
    0x38, 0x18, 0x10, 0xff, 0x38, 0x1c, 0x10, 0xff, 0x30, 0x18, 0x10, 0xff,
    0x30, 0x1c, 0x08, 0xff, 0x38, 0x1c, 0x10, 0xff, 0x38, 0x1c, 0x10, 0xff,
    0x38, 0x18, 0x10, 0xff, 0x38, 0x1c, 0x10, 0xff, 0x30, 0x18, 0x08, 0xff,
    0x38, 0x1c, 0x08, 0xff, 0x38, 0x1c, 0x08, 0xff, 0x38, 0x18, 0x10, 0xff,
    0x30, 0x18, 0x10, 0xff, 0x38, 0x1c, 0x10, 0xff, 0x30, 0x1c, 0x08, 0xff,
    0x30, 0x18, 0x10, 0xff, 0x38, 0x1c, 0x10, 0xff, 0x30, 0x1c, 0x10, 0xff,
    0x38, 0x18, 0x10, 0xff, 0x38, 0x1c, 0x08, 0xff, 0x38, 0x1c, 0x10, 0xff,
    0x30, 0x1c, 0x10, 0xff, 0x30, 0x1c, 0x10, 0xff, 0x38, 0x1c, 0x08, 0xff,
    0x30, 0x18, 0x08, 0xff, 0x38, 0x1c, 0x08, 0xff, 0x38, 0x1c, 0x10, 0xff,
    0x38, 0x1c, 0x10, 0xff, 0x30, 0x1c, 0x10, 0xff, 0x38, 0x1c, 0x10, 0xff,
    0x38, 0x1c, 0x10, 0xff, 0x38, 0x18, 0x10, 0xff, 0x38, 0x1c, 0x08, 0xff,
    0x38, 0x1c, 0x10, 0xff, 0x38, 0x1c, 0x08, 0xff, 0x38, 0x18, 0x10, 0xff,
    0x38, 0x1c, 0x10, 0xff, 0x38, 0x18, 0x10, 0xff, 0x38, 0x1c, 0x10, 0xff,
    0x30, 0x1c, 0x08, 0xff, 0x38, 0x1c, 0x08, 0xff, 0x38, 0x18, 0x08, 0xff,
    0x30, 0x1c, 0x10, 0xff, 0x38, 0x1c, 0x10, 0xff, 0x38, 0x1c, 0x10, 0xff,
    0x30, 0x18, 0x10, 0xff, 0x38, 0x1c, 0x10, 0xff, 0x38, 0x18, 0x10, 0xff,
    0x38, 0x18, 0x08, 0xff, 0x38, 0x1c, 0x10, 0xff, 0x30, 0x1c, 0x08, 0xff,
    0x38, 0x1c, 0x08, 0xff, 0x38, 0x1c, 0x10, 0xff, 0x38, 0x18, 0x10, 0xff,
    0x38, 0x1c, 0x10, 0xff, 0x38, 0x1c, 0x10, 0xff, 0x30, 0x1c, 0x08, 0xff,
    0x38, 0x1c, 0x08, 0xff, 0x38, 0x1c, 0x10, 0xff, 0x38, 0x18, 0x10, 0xff,
    0x38, 0x1c, 0x10, 0xff, 0x30, 0x1c, 0x08, 0xff, 0x38, 0x1c, 0x08, 0xff,
    0x38, 0x1c, 0x10, 0xff, 0x38, 0x1c, 0x10, 0xff, 0x38, 0x1c, 0x10, 0xff,
    0x38, 0x1c, 0x10, 0xff, 0x38, 0x1c, 0x08, 0xff, 0x38, 0x1c, 0x08, 0xff,
    0x38, 0x1c, 0x10, 0xff, 0x38, 0x1c, 0x10, 0xff, 0x38, 0x18, 0x08, 0xff,
    0x38, 0x1c, 0x08, 0xff, 0x38, 0x1c, 0x10, 0xff, 0x38, 0x18, 0x10, 0xff,
    0x38, 0x1c, 0x10, 0xff, 0x38, 0x1c, 0x08, 0xff, 0x30, 0x1c, 0x08, 0xff,
    0x38, 0x18, 0x10, 0xff, 0x38, 0x1c, 0x10, 0xff, 0x30, 0x1c, 0x08, 0xff,
    0x30, 0x1c, 0x08, 0xff, 0x38, 0x18, 0x10, 0xff, 0x38, 0x18, 0x10, 0xff,
    0x38, 0x1c, 0x10, 0xff, 0x38, 0x1c, 0x08, 0xff, 0x30, 0x1c, 0x08, 0xff,
    0x38, 0x1c, 0x10, 0xff, 0x38, 0x18, 0x10, 0xff, 0x38, 0x1c, 0x10, 0xff,
    0x30, 0x18, 0x10, 0xff, 0x38, 0x1c, 0x10, 0xff, 0x38, 0x1c, 0x08, 0xff,
    0x30, 0x1c, 0x08, 0xff, 0x38, 0x18, 0x08, 0xff, 0x38, 0x1c, 0x08, 0xff,
    0x30, 0x1c, 0x08, 0xff, 0x38, 0x1c, 0x08, 0xff, 0x38, 0x1c, 0x10, 0xff,
    0x38, 0x1c, 0x08, 0xff, 0x38, 0x18, 0x10, 0xff, 0x30, 0x1c, 0x08, 0xff,
    0x38, 0x1c, 0x08, 0xff, 0x38, 0x1c, 0x10, 0xff, 0x38, 0x1c, 0x08, 0xff,
    0x30, 0x18, 0x08, 0xff, 0x38, 0x1c, 0x10, 0xff, 0x30, 0x1c, 0x10, 0xff,
    0x38, 0x18, 0x08, 0xff, 0x38, 0x1c, 0x10, 0xff, 0x30, 0x1c, 0x10, 0xff,
    0x38, 0x1c, 0x10, 0xff, 0x38, 0x1c, 0x10, 0xff, 0x30, 0x1c, 0x08, 0xff,
    0x38, 0x18, 0x10, 0xff, 0x38, 0x1c, 0x08, 0xff, 0x38, 0x1c, 0x08, 0xff,
    0x30, 0x18, 0x10, 0xff, 0x38, 0x1c, 0x10, 0xff, 0x30, 0x1c, 0x10, 0xff,
    0x38, 0x1c, 0x08, 0xff, 0x38, 0x1c, 0x10, 0xff, 0x38, 0x18, 0x10, 0xff,
    0x38, 0x1c, 0x08, 0xff, 0x30, 0x1c, 0x10, 0xff, 0x38, 0x1c, 0x10, 0xff,
    0x30, 0x1c, 0x10, 0xff, 0x38, 0x18, 0x10, 0xff, 0x38, 0x1c, 0x08, 0xff,
    0x38, 0x1c, 0x08, 0xff, 0x38, 0x18, 0x10, 0xff, 0x38, 0x1c, 0x10, 0xff,
    0x38, 0x1c, 0x08, 0xff, 0x38, 0x1c, 0x10, 0xff, 0x30, 0x1c, 0x10, 0xff,
    0x30, 0x18, 0x10, 0xff, 0x38, 0x1c, 0x10, 0xff, 0x38, 0x1c, 0x08, 0xff,
    0x38, 0x1c, 0x08, 0xff, 0x30, 0x1c, 0x08, 0xff, 0x38, 0x1c, 0x10, 0xff,
    0x38, 0x1c, 0x10, 0xff, 0x30, 0x1c, 0x10, 0xff, 0x38, 0x18, 0x08, 0xff,
    0x38, 0x1c, 0x10, 0xff, 0x38, 0x1c, 0x10, 0xff, 0x38, 0x1c, 0x10, 0xff,
    0x30, 0x1c, 0x10, 0xff, 0x30, 0x1c, 0x10, 0xff, 0x38, 0x1c, 0x10, 0xff,
    0x38, 0x1c, 0x10, 0xff, 0x38, 0x1c, 0x10, 0xff, 0x38, 0x18, 0x10, 0xff,
    0x30, 0x1c, 0x08, 0xff, 0x30, 0x1c, 0x10, 0xff, 0x38, 0x1c, 0x10, 0xff,
    0x38, 0x18, 0x08, 0xff, 0x38, 0x1c, 0x10, 0xff, 0x30, 0x1c, 0x10, 0xff,
    0x38, 0x1c, 0x08, 0xff, 0x38, 0x1c, 0x08, 0xff, 0x30, 0x18, 0x08, 0xff,
    0x38, 0x18, 0x10, 0xff, 0x38, 0x1c, 0x10, 0xff, 0x30, 0x1c, 0x08, 0xff,
    0x38, 0x18, 0x10, 0xff, 0x30, 0x1c, 0x10, 0xff, 0x38, 0x1c, 0x08, 0xff,
    0x38, 0x18, 0x10, 0xff, 0x38, 0x1c, 0x08, 0xff, 0x38, 0x1c, 0x10, 0xff,
    0x30, 0x18, 0x10, 0xff, 0x30, 0x1c, 0x10, 0xff, 0x38, 0x1c, 0x10, 0xff,
    0x30, 0x1c, 0x08, 0xff, 0x38, 0x18, 0x08, 0xff, 0x38, 0x1c, 0x08, 0xff,
    0x38, 0x18, 0x10, 0xff, 0x38, 0x1c, 0x10, 0xff, 0x30, 0x1c, 0x10, 0xff,
    0x38, 0x18, 0x10, 0xff, 0x38, 0x1c, 0x10, 0xff, 0x30, 0x1c, 0x10, 0xff,
    0x38, 0x1c, 0x08, 0xff, 0x38, 0x1c, 0x08, 0xff, 0x38, 0x1c, 0x08, 0xff,
    0x38, 0x1c, 0x10, 0xff, 0x38, 0x18, 0x10, 0xff, 0x30, 0x1c, 0x10, 0xff,
    0x38, 0x1c, 0x10, 0xff, 0x38, 0x18, 0x08, 0xff, 0x38, 0x18, 0x08, 0xff,
    0x38, 0x1c, 0x10, 0xff, 0x38, 0x1c, 0x10, 0xff, 0x38, 0x1c, 0x10, 0xff,
    0x30, 0x1c, 0x10, 0xff, 0x38, 0x18, 0x10, 0xff, 0x38, 0x18, 0x08, 0xff,
    0x38, 0x1c, 0x10, 0xff, 0x38, 0x18, 0x08, 0xff, 0x30, 0x1c, 0x08, 0xff,
    0x38, 0x1c, 0x10, 0xff, 0x38, 0x1c, 0x10, 0xff, 0x38, 0x18, 0x10, 0xff,
    0x38, 0x1c, 0x10, 0xff, 0x38, 0x18, 0x10, 0xff, 0x38, 0x1c, 0x10, 0xff,
    0x38, 0x1c, 0x08, 0xff, 0x38, 0x1c, 0x10, 0xff, 0x38, 0x18, 0x10, 0xff,
    0x38, 0x1c, 0x10, 0xff, 0x38, 0x1c, 0x10, 0xff, 0x38, 0x1c, 0x08, 0xff,
    0x38, 0x1c, 0x10, 0xff, 0x38, 0x18, 0x10, 0xff, 0x38, 0x1c, 0x10, 0xff,
    0x38, 0x1c, 0x10, 0xff, 0x38, 0x18, 0x10, 0xff, 0x38, 0x1c, 0x08, 0xff,
    0x30, 0x1c, 0x10, 0xff, 0x38, 0x1c, 0x10, 0xff, 0x38, 0x1c, 0x08, 0xff,
    0x38, 0x1c, 0x08, 0xff, 0x38, 0x1c, 0x08, 0xff, 0x38, 0x18, 0x10, 0xff,
    0x38, 0x1c, 0x10, 0xff, 0x38, 0x1c, 0x10, 0xff, 0x30, 0x1c, 0x08, 0xff,
    0x38, 0x1c, 0x10, 0xff, 0x38, 0x1c, 0x08, 0xff, 0x30, 0x1c, 0x08, 0xff,
    0x38, 0x1c, 0x08, 0xff, 0x38, 0x1c, 0x08, 0xff, 0x30, 0x18, 0x10, 0xff,
    0x38, 0x18, 0x10, 0xff, 0x38, 0x1c, 0x10, 0xff, 0x38, 0x1c, 0x08, 0xff,
    0x30, 0x1c, 0x10, 0xff, 0x38, 0x18, 0x10, 0xff, 0x38, 0x1c, 0x08, 0xff,
    0x38, 0x1c, 0x10, 0xff, 0x30, 0x1c, 0x10, 0xff, 0x30, 0x1c, 0x08, 0xff,
    0x38, 0x1c, 0x10, 0xff, 0x38, 0x18, 0x08, 0xff, 0x30, 0x1c, 0x08, 0xff,
    0x38, 0x1c, 0x08, 0xff, 0x38, 0x1c, 0x10, 0xff, 0x38, 0x1c, 0x08, 0xff,
    0x38, 0x1c, 0x10, 0xff, 0x30, 0x18, 0x10, 0xff, 0x38, 0x1c, 0x08, 0xff,
    0x30, 0x18, 0x08, 0xff, 0x38, 0x1c, 0x10, 0xff, 0x38, 0x1c, 0x08, 0xff,
    0x38, 0x1c, 0x08, 0xff, 0x38, 0x1c, 0x10, 0xff, 0x30, 0x1c, 0x10, 0xff,
    0x38, 0x18, 0x08, 0xff, 0x38, 0x1c, 0x08, 0xff, 0x30, 0x1c, 0x10, 0xff,
    0x38, 0x18, 0x10, 0xff, 0x38, 0x1c, 0x10, 0xff, 0x30, 0x1c, 0x08, 0xff,
    0x38, 0x1c, 0x08, 0xff, 0x38, 0x1c, 0x08, 0xff, 0x30, 0x1c, 0x08, 0xff,
    0x38, 0x1c, 0x08, 0xff, 0x38, 0x1c, 0x10, 0xff, 0x30, 0x1c, 0x10, 0xff,
    0x38, 0x1c, 0x08, 0xff, 0x38, 0x18, 0x10, 0xff, 0x38, 0x1c, 0x10, 0xff,
    0x38, 0x1c, 0x10, 0xff, 0x30, 0x18, 0x10, 0xff, 0x38, 0x1c, 0x10, 0xff,
    0x30, 0x1c, 0x10, 0xff, 0x38, 0x18, 0x10, 0xff, 0x38, 0x1c, 0x08, 0xff,
    0x30, 0x1c, 0x10, 0xff, 0x38, 0x18, 0x10, 0xff, 0x38, 0x1c, 0x10, 0xff,
    0x38, 0x18, 0x10, 0xff, 0x38, 0x1c, 0x10, 0xff, 0x30, 0x1c, 0x10, 0xff,
    0x38, 0x18, 0x08, 0xff, 0x38, 0x1c, 0x10, 0xff, 0x30, 0x18, 0x08, 0xff,
    0x38, 0x1c, 0x08, 0xff, 0x38, 0x1c, 0x10, 0xff, 0x38, 0x1c, 0x10, 0xff,
    0x38, 0x1c, 0x10, 0xff, 0x38, 0x1c, 0x10, 0xff, 0x38, 0x18, 0x08, 0xff,
    0x30, 0x1c, 0x10, 0xff, 0x38, 0x18, 0x10, 0xff, 0x38, 0x1c, 0x10, 0xff,
    0x38, 0x1c, 0x08, 0xff, 0x30, 0x1c, 0x10, 0xff, 0x38, 0x18, 0x08, 0xff,
    0x38, 0x1c, 0x10, 0xff, 0x38, 0x1c, 0x10, 0xff, 0x38, 0x1c, 0x08, 0xff,
    0x30, 0x1c, 0x08, 0xff, 0x38, 0x1c, 0x10, 0xff, 0x30, 0x18, 0x10, 0xff,
    0x30, 0x1c, 0x08, 0xff, 0x38, 0x18, 0x08, 0xff, 0x30, 0x1c, 0x10, 0xff,
    0x38, 0x1c, 0x10, 0xff, 0x38, 0x1c, 0x08, 0xff, 0x30, 0x18, 0x08, 0xff,
    0x38, 0x1c, 0x08, 0xff, 0x38, 0x1c, 0x10, 0xff, 0x30, 0x18, 0x10, 0xff,
    0x38, 0x1c, 0x10, 0xff, 0x38, 0x18, 0x10, 0xff, 0x30, 0x1c, 0x10, 0xff,
    0x38, 0x1c, 0x10, 0xff, 0x38, 0x18, 0x08, 0xff, 0x38, 0x1c, 0x10, 0xff,
    0x30, 0x1c, 0x10, 0xff, 0x30, 0x18, 0x10, 0xff, 0x38, 0x1c, 0x08, 0xff,
    0x38, 0x1c, 0x08, 0xff, 0x38, 0x1c, 0x08, 0xff, 0x38, 0x1c, 0x08, 0xff,
    0x38, 0x18, 0x08, 0xff, 0x38, 0x1c, 0x10, 0xff, 0x38, 0x1c, 0x10, 0xff,
    0x38, 0x18, 0x10, 0xff, 0x38, 0x1c, 0x08, 0xff, 0x30, 0x1c, 0x10, 0xff,
    0x38, 0x1c, 0x08, 0xff, 0x38, 0x1c, 0x08, 0xff, 0x30, 0x1c, 0x10, 0xff,
    0x38, 0x1c, 0x10, 0xff, 0x38, 0x1c, 0x10, 0xff, 0x38, 0x1c, 0x10, 0xff,
    0x30, 0x18, 0x08, 0xff, 0x38, 0x1c, 0x08, 0xff, 0x38, 0x18, 0x08, 0xff,
    0x38, 0x18, 0x10, 0xff, 0x38, 0x1c, 0x10, 0xff, 0x38, 0x1c, 0x08, 0xff,
    0x38, 0x1c, 0x10, 0xff, 0x38, 0x1c, 0x10, 0xff, 0x30, 0x18, 0x10, 0xff,
    0x38, 0x1c, 0x10, 0xff, 0x38, 0x1c, 0x10, 0xff, 0x30, 0x1c, 0x08, 0xff,
    0x38, 0x1c, 0x10, 0xff, 0x38, 0x18, 0x10, 0xff, 0x38, 0x1c, 0x10, 0xff,
    0x38, 0x1c, 0x10, 0xff, 0x38, 0x18, 0x08, 0xff, 0x38, 0x1c, 0x10, 0xff,
    0x38, 0x1c, 0x10, 0xff, 0x38, 0x1c, 0x10, 0xff, 0x38, 0x1c, 0x10, 0xff,
    0x30, 0x1c, 0x10, 0xff, 0x38, 0x1c, 0x10, 0xff, 0x38, 0x1c, 0x10, 0xff,
    0x30, 0x1c, 0x10, 0xff, 0x38, 0x18, 0x10, 0xff, 0x38, 0x1c, 0x10, 0xff,
    0x30, 0x1c, 0x10, 0xff, 0x38, 0x18, 0x08, 0xff, 0x38, 0x1c, 0x10, 0xff,
    0x30, 0x1c, 0x10, 0xff, 0x38, 0x1c, 0x10, 0xff, 0x38, 0x18, 0x08, 0xff,
    0x38, 0x1c, 0x08, 0xff, 0x38, 0x1c, 0x10, 0xff, 0x30, 0x1c, 0x10, 0xff,
    0x38, 0x1c, 0x10, 0xff, 0x38, 0x18, 0x10, 0xff, 0x30, 0x1c, 0x10, 0xff,
    0x38, 0x1c, 0x10, 0xff, 0x30, 0x1c, 0x08, 0xff, 0x38, 0x1c, 0x08, 0xff,
    0x38, 0x1c, 0x10, 0xff, 0x30, 0x1c, 0x08, 0xff, 0x38, 0x18, 0x10, 0xff,
    0x38, 0x1c, 0x10, 0xff, 0x38, 0x1c, 0x08, 0xff, 0x30, 0x1c, 0x08, 0xff,
    0x38, 0x18, 0x10, 0xff, 0x38, 0x1c, 0x10, 0xff, 0x30, 0x1c, 0x10, 0xff,
    0x38, 0x1c, 0x10, 0xff, 0x30, 0x1c, 0x10, 0xff, 0x30, 0x1c, 0x08, 0xff,
    0x38, 0x1c, 0x08, 0xff, 0x30, 0x1c, 0x10, 0xff, 0x38, 0x1c, 0x10, 0xff,
    0x38, 0x18, 0x08, 0xff, 0x30, 0x1c, 0x08, 0xff, 0x38, 0x1c, 0x10, 0xff,
    0x38, 0x18, 0x10, 0xff, 0x38, 0x1c, 0x10, 0xff, 0x38, 0x1c, 0x08, 0xff,
    0x30, 0x18, 0x10, 0xff, 0x38, 0x1c, 0x10, 0xff, 0x38, 0x1c, 0x08, 0xff,
    0x30, 0x1c, 0x10, 0xff, 0x38, 0x1c, 0x10, 0xff, 0x38, 0x1c, 0x10, 0xff,
    0x38, 0x18, 0x08, 0xff, 0x38, 0x18, 0x08, 0xff, 0x38, 0x1c, 0x08, 0xff,
    0x38, 0x1c, 0x10, 0xff, 0x38, 0x1c, 0x10, 0xff, 0x38, 0x18, 0x08, 0xff,
    0x38, 0x1c, 0x08, 0xff, 0x38, 0x1c, 0x08, 0xff, 0x38, 0x1c, 0x08, 0xff,
    0x38, 0x1c, 0x10, 0xff, 0x38, 0x1c, 0x08, 0xff, 0x38, 0x18, 0x08, 0xff,
    0x38, 0x1c, 0x08, 0xff, 0x38, 0x1c, 0x10, 0xff, 0x38, 0x1c, 0x10, 0xff,
    0x38, 0x1c, 0x08, 0xff, 0x30, 0x18, 0x10, 0xff, 0x38, 0x1c, 0x10, 0xff,
    0x30, 0x1c, 0x08, 0xff, 0x38, 0x18, 0x10, 0xff, 0x38, 0x1c, 0x08, 0xff,
    0x38, 0x18, 0x10, 0xff, 0x30, 0x1c, 0x10, 0xff, 0x38, 0x1c, 0x08, 0xff,
    0x38, 0x18, 0x10, 0xff, 0x38, 0x1c, 0x10, 0xff, 0x38, 0x1c, 0x08, 0xff,
    0x38, 0x18, 0x10, 0xff, 0x38, 0x18, 0x10, 0xff, 0x38, 0x1c, 0x08, 0xff,
    0x38, 0x1c, 0x08, 0xff, 0x38, 0x1c, 0x08, 0xff, 0x38, 0x18, 0x10, 0xff,
    0x38, 0x1c, 0x10, 0xff, 0x38, 0x1c, 0x10, 0xff, 0x38, 0x1c, 0x10, 0xff,
    0x38, 0x1c, 0x10, 0xff, 0x30, 0x18, 0x08, 0xff, 0x38, 0x1c, 0x08, 0xff,
    0x38, 0x1c, 0x10, 0xff, 0x38, 0x1c, 0x08, 0xff, 0x30, 0x18, 0x08, 0xff,
    0x38, 0x1c, 0x08, 0xff, 0x38, 0x1c, 0x10, 0xff, 0x38, 0x1c, 0x08, 0xff,
    0x30, 0x1c, 0x08, 0xff, 0x38, 0x18, 0x10, 0xff, 0x38, 0x1c, 0x10, 0xff,
    0x30, 0x1c, 0x08, 0xff, 0x38, 0x18, 0x08, 0xff, 0x30, 0x1c, 0x10, 0xff,
    0x30, 0x1c, 0x10, 0xff, 0x38, 0x18, 0x10, 0xff, 0x38, 0x18, 0x08, 0xff,
    0x30, 0x1c, 0x08, 0xff, 0x38, 0x1c, 0x10, 0xff, 0x38, 0x1c, 0x08, 0xff,
    0x30, 0x1c, 0x10, 0xff, 0x38, 0x18, 0x10, 0xff, 0x38, 0x1c, 0x08, 0xff,
    0x30, 0x1c, 0x10, 0xff, 0x38, 0x1c, 0x10, 0xff, 0x38, 0x1c, 0x10, 0xff,
    0x30, 0x18, 0x10, 0xff, 0x30, 0x1c, 0x10, 0xff, 0x38, 0x1c, 0x10, 0xff,
    0x38, 0x18, 0x08, 0xff, 0x38, 0x1c, 0x08, 0xff, 0x38, 0x1c, 0x10, 0xff,
    0x38, 0x1c, 0x08, 0xff, 0x38, 0x1c, 0x10, 0xff, 0x30, 0x1c, 0x08, 0xff,
    0x38, 0x18, 0x10, 0xff, 0x38, 0x1c, 0x10, 0xff, 0x30, 0x1c, 0x10, 0xff,
    0x38, 0x1c, 0x08, 0xff, 0x30, 0x1c, 0x10, 0xff, 0x30, 0x1c, 0x10, 0xff,
    0x38, 0x1c, 0x10, 0xff, 0x38, 0x1c, 0x10, 0xff, 0x30, 0x18, 0x10, 0xff,
    0x30, 0x1c, 0x10, 0xff, 0x38, 0x1c, 0x08, 0xff, 0x38, 0x18, 0x08, 0xff,
    0x38, 0x1c, 0x10, 0xff, 0x38, 0x18, 0x08, 0xff, 0x30, 0x18, 0x08, 0xff,
    0x38, 0x1c, 0x10, 0xff, 0x38, 0x1c, 0x10, 0xff, 0x30, 0x1c, 0x10, 0xff,
    0x38, 0x1c, 0x10, 0xff, 0x38, 0x1c, 0x10, 0xff, 0x30, 0x1c, 0x10, 0xff,
    0x38, 0x18, 0x10, 0xff, 0x30, 0x1c, 0x10, 0xff, 0x38, 0x1c, 0x10, 0xff,
    0x38, 0x1c, 0x08, 0xff, 0x38, 0x18, 0x08, 0xff, 0x38, 0x1c, 0x10, 0xff,
    0x38, 0x1c, 0x10, 0xff, 0x38, 0x1c, 0x08, 0xff, 0x38, 0x1c, 0x10, 0xff,
    0x30, 0x1c, 0x10, 0xff, 0x38, 0x1c, 0x10, 0xff, 0x38, 0x1c, 0x10, 0xff,
    0x30, 0x18, 0x10, 0xff, 0x38, 0x1c, 0x10, 0xff, 0x38, 0x1c, 0x10, 0xff,
    0x30, 0x18, 0x10, 0xff, 0x38, 0x1c, 0x10, 0xff, 0x38, 0x1c, 0x10, 0xff,
    0x30, 0x18, 0x10, 0xff, 0x38, 0x1c, 0x10, 0xff, 0x38, 0x1c, 0x08, 0xff,
    0x38, 0x18, 0x08, 0xff, 0x38, 0x1c, 0x08, 0xff, 0x30, 0x1c, 0x10, 0xff,
    0x38, 0x18, 0x10, 0xff, 0x38, 0x1c, 0x10, 0xff, 0x30, 0x1c, 0x10, 0xff,
    0x38, 0x1c, 0x10, 0xff, 0x38, 0x1c, 0x10, 0xff, 0x38, 0x1c, 0x08, 0xff,
    0x38, 0x1c, 0x10, 0xff, 0x38, 0x18, 0x08, 0xff, 0x38, 0x18, 0x10, 0xff,
    0x38, 0x1c, 0x10, 0xff, 0x38, 0x18, 0x08, 0xff, 0x38, 0x1c, 0x08, 0xff,
    0x30, 0x1c, 0x08, 0xff, 0x38, 0x1c, 0x10, 0xff, 0x38, 0x18, 0x10, 0xff,
    0x38, 0x1c, 0x10, 0xff, 0x30, 0x1c, 0x08, 0xff, 0x30, 0x1c, 0x08, 0xff,
    0x38, 0x1c, 0x10, 0xff, 0x38, 0x1c, 0x10, 0xff, 0x38, 0x1c, 0x10, 0xff,
    0x38, 0x1c, 0x10, 0xff, 0x38, 0x18, 0x08, 0xff, 0x38, 0x1c, 0x10, 0xff,
    0x38, 0x18, 0x10, 0xff, 0x38, 0x1c, 0x08, 0xff, 0x38, 0x1c, 0x10, 0xff,
    0x38, 0x18, 0x08, 0xff, 0x38, 0x1c, 0x08, 0xff, 0x38, 0x18, 0x10, 0xff,
    0x30, 0x1c, 0x10, 0xff, 0x38, 0x1c, 0x10, 0xff, 0x30, 0x1c, 0x10, 0xff,
    0x38, 0x18, 0x08, 0xff, 0x38, 0x1c, 0x08, 0xff, 0x38, 0x1c, 0x10, 0xff,
    0x30, 0x1c, 0x08, 0xff, 0x38, 0x1c, 0x10, 0xff, 0x38, 0x1c, 0x08, 0xff,
    0x38, 0x18, 0x08, 0xff, 0x38, 0x1c, 0x10, 0xff, 0x38, 0x1c, 0x08, 0xff,
    0x38, 0x18, 0x08, 0xff, 0x30, 0x1c, 0x10, 0xff, 0x38, 0x1c, 0x08, 0xff,
    0x38, 0x1c, 0x08, 0xff, 0x38, 0x18, 0x10, 0xff, 0x38, 0x1c, 0x10, 0xff,
    0x38, 0x1c, 0x10, 0xff, 0x38, 0x1c, 0x10, 0xff, 0x30, 0x1c, 0x10, 0xff,
    0x38, 0x18, 0x08, 0xff, 0x38, 0x1c, 0x08, 0xff, 0x38, 0x18, 0x08, 0xff,
    0x30, 0x18, 0x10, 0xff, 0x38, 0x1c, 0x10, 0xff, 0x38, 0x1c, 0x08, 0xff,
    0x30, 0x1c, 0x10, 0xff, 0x38, 0x1c, 0x08, 0xff, 0x38, 0x1c, 0x08, 0xff,
    0x38, 0x1c, 0x10, 0xff, 0x38, 0x18, 0x10, 0xff, 0x38, 0x1c, 0x10, 0xff,
    0x38, 0x1c, 0x08, 0xff, 0x38, 0x1c, 0x08, 0xff, 0x38, 0x1c, 0x10, 0xff,
    0x38, 0x1c, 0x10, 0xff, 0x38, 0x1c, 0x10, 0xff, 0x30, 0x18, 0x10, 0xff,
    0x38, 0x1c, 0x10, 0xff, 0x38, 0x18, 0x08, 0xff, 0x30, 0x1c, 0x08, 0xff,
    0x38, 0x1c, 0x10, 0xff, 0x38, 0x18, 0x08, 0xff, 0x30, 0x1c, 0x08, 0xff,
    0x38, 0x1c, 0x10, 0xff, 0x38, 0x1c, 0x08, 0xff, 0x30, 0x1c, 0x10, 0xff,
    0x38, 0x1c, 0x10, 0xff, 0x38, 0x1c, 0x10, 0xff, 0x30, 0x1c, 0x10, 0xff,
    0x38, 0x1c, 0x08, 0xff, 0x38, 0x18, 0x08, 0xff, 0x30, 0x1c, 0x10, 0xff,
    0x38, 0x1c, 0x10, 0xff, 0x38, 0x18, 0x08, 0xff, 0x38, 0x18, 0x10, 0xff,
    0x38, 0x1c, 0x08, 0xff, 0x38, 0x18, 0x10, 0xff, 0x30, 0x1c, 0x10, 0xff,
    0x30, 0x1c, 0x08, 0xff, 0x38, 0x1c, 0x10, 0xff, 0x38, 0x1c, 0x08, 0xff,
    0x38, 0x18, 0x08, 0xff, 0x38, 0x1c, 0x10, 0xff, 0x38, 0x1c, 0x10, 0xff,
    0x30, 0x1c, 0x10, 0xff, 0x30, 0x1c, 0x10, 0xff, 0x38, 0x1c, 0x08, 0xff,
    0x30, 0x18, 0x08, 0xff, 0x38, 0x1c, 0x08, 0xff, 0x38, 0x1c, 0x10, 0xff,
    0x38, 0x1c, 0x10, 0xff, 0x30, 0x1c, 0x10, 0xff, 0x38, 0x1c, 0x08, 0xff,
    0x38, 0x1c, 0x10, 0xff, 0x30, 0x18, 0x10, 0xff, 0x38, 0x1c, 0x08, 0xff,
    0x38, 0x1c, 0x10, 0xff, 0x30, 0x1c, 0x10, 0xff, 0x30, 0x1c, 0x10, 0xff,
    0x38, 0x1c, 0x10, 0xff, 0x30, 0x1c, 0x08, 0xff, 0x38, 0x18, 0x10, 0xff,
    0x38, 0x1c, 0x10, 0xff, 0x30, 0x1c, 0x08, 0xff, 0x38, 0x18, 0x10, 0xff,
    0x38, 0x18, 0x10, 0xff, 0x38, 0x1c, 0x08, 0xff, 0x38, 0x1c, 0x08, 0xff,
    0x30, 0x1c, 0x10, 0xff, 0x38, 0x18, 0x10, 0xff, 0x30, 0x1c, 0x08, 0xff,
    0x38, 0x1c, 0x10, 0xff, 0x38, 0x1c, 0x10, 0xff, 0x30, 0x1c, 0x08, 0xff,
    0x38, 0x18, 0x10, 0xff, 0x38, 0x1c, 0x10, 0xff, 0x30, 0x18, 0x10, 0xff,
    0x38, 0x1c, 0x08, 0xff, 0x38, 0x1c, 0x08, 0xff, 0x38, 0x18, 0x10, 0xff,
    0x38, 0x1c, 0x10, 0xff, 0x38, 0x1c, 0x10, 0xff, 0x38, 0x1c, 0x10, 0xff,
    0x30, 0x1c, 0x10, 0xff, 0x38, 0x1c, 0x08, 0xff, 0x38, 0x1c, 0x10, 0xff,
    0x30, 0x1c, 0x10, 0xff, 0x38, 0x1c, 0x10, 0xff, 0x38, 0x1c, 0x10, 0xff,
    0x38, 0x18, 0x10, 0xff, 0x38, 0x1c, 0x10, 0xff, 0x30, 0x1c, 0x10, 0xff,
    0x38, 0x1c, 0x10, 0xff, 0x38, 0x1c, 0x10, 0xff, 0x38, 0x18, 0x08, 0xff,
    0x38, 0x1c, 0x08, 0xff, 0x38, 0x1c, 0x10, 0xff, 0x38, 0x18, 0x10, 0xff,
    0x38, 0x1c, 0x10, 0xff, 0x38, 0x1c, 0x08, 0xff, 0x30, 0x1c, 0x10, 0xff,
    0x38, 0x18, 0x10, 0xff, 0x38, 0x1c, 0x10, 0xff, 0x30, 0x1c, 0x08, 0xff,
    0x38, 0x1c, 0x08, 0xff, 0x38, 0x18, 0x10, 0xff, 0x38, 0x1c, 0x10, 0xff,
    0x38, 0x18, 0x10, 0xff, 0x38, 0x18, 0x08, 0xff, 0x38, 0x1c, 0x08, 0xff,
    0x38, 0x1c, 0x10, 0xff, 0x30, 0x1c, 0x10, 0xff, 0x38, 0x18, 0x10, 0xff,
    0x38, 0x1c, 0x10, 0xff, 0x30, 0x1c, 0x08, 0xff, 0x38, 0x1c, 0x08, 0xff,
    0x38, 0x1c, 0x10, 0xff, 0x30, 0x1c, 0x10, 0xff, 0x38, 0x1c, 0x08, 0xff,
    0x38, 0x1c, 0x10, 0xff, 0x38, 0x1c, 0x10, 0xff, 0x30, 0x1c, 0x10, 0xff,
    0x38, 0x1c, 0x10, 0xff, 0x38, 0x18, 0x10, 0xff, 0x30, 0x1c, 0x10, 0xff,
    0x38, 0x1c, 0x08, 0xff, 0x38, 0x1c, 0x08, 0xff, 0x38, 0x18, 0x10, 0xff,
    0x38, 0x1c, 0x10, 0xff, 0x38, 0x1c, 0x10, 0xff, 0x30, 0x1c, 0x08, 0xff,
    0x38, 0x1c, 0x08, 0xff, 0x38, 0x18, 0x08, 0xff, 0x38, 0x1c, 0x10, 0xff,
    0x30, 0x1c, 0x10, 0xff, 0x38, 0x18, 0x10, 0xff, 0x38, 0x1c, 0x08, 0xff,
    0x38, 0x1c, 0x08, 0xff, 0x38, 0x1c, 0x08, 0xff, 0x30, 0x18, 0x08, 0xff,
    0x30, 0x1c, 0x10, 0xff, 0x38, 0x1c, 0x10, 0xff, 0x38, 0x18, 0x08, 0xff,
    0x38, 0x1c, 0x08, 0xff, 0x38, 0x1c, 0x10, 0xff, 0x38, 0x18, 0x10, 0xff,
    0x38, 0x1c, 0x08, 0xff, 0x30, 0x1c, 0x10, 0xff, 0x38, 0x1c, 0x10, 0xff,
    0x38, 0x1c, 0x10, 0xff, 0x30, 0x18, 0x08, 0xff, 0x38, 0x1c, 0x08, 0xff,
    0x38, 0x1c, 0x08, 0xff, 0x38, 0x18, 0x10, 0xff, 0x38, 0x1c, 0x10, 0xff,
    0x30, 0x1c, 0x10, 0xff, 0x30, 0x1c, 0x08, 0xff, 0x38, 0x1c, 0x08, 0xff,
    0x38, 0x1c, 0x10, 0xff, 0x30, 0x18, 0x10, 0xff, 0x38, 0x18, 0x08, 0xff,
    0x38, 0x1c, 0x08, 0xff, 0x30, 0x1c, 0x08, 0xff, 0x38, 0x18, 0x10, 0xff,
    0x38, 0x1c, 0x10, 0xff, 0x38, 0x1c, 0x10, 0xff, 0x30, 0x1c, 0x08, 0xff,
    0x38, 0x18, 0x10, 0xff, 0x38, 0x18, 0x10, 0xff, 0x38, 0x1c, 0x08, 0xff,
    0x38, 0x1c, 0x10, 0xff, 0x38, 0x18, 0x08, 0xff, 0x38, 0x18, 0x08, 0xff,
    0x38, 0x1c, 0x08, 0xff, 0x38, 0x1c, 0x08, 0xff, 0x38, 0x1c, 0x10, 0xff,
    0x38, 0x1c, 0x10, 0xff, 0x30, 0x1c, 0x08, 0xff, 0x30, 0x18, 0x10, 0xff,
    0x38, 0x1c, 0x08, 0xff, 0x38, 0x1c, 0x10, 0xff, 0x30, 0x1c, 0x10, 0xff,
    0x38, 0x1c, 0x10, 0xff, 0x30, 0x18, 0x08, 0xff, 0x38, 0x1c, 0x10, 0xff,
    0x38, 0x1c, 0x08, 0xff, 0x38, 0x18, 0x08, 0xff, 0x30, 0x18, 0x10, 0xff,
    0x38, 0x1c, 0x10, 0xff, 0x38, 0x1c, 0x10, 0xff, 0x38, 0x1c, 0x08, 0xff,
    0x38, 0x1c, 0x08, 0xff, 0x30, 0x1c, 0x10, 0xff, 0x38, 0x1c, 0x10, 0xff,
    0x30, 0x18, 0x10, 0xff, 0x30, 0x1c, 0x10, 0xff, 0x38, 0x1c, 0x10, 0xff,
    0x30, 0x1c, 0x08, 0xff, 0x38, 0x18, 0x08, 0xff, 0x38, 0x1c, 0x10, 0xff,
    0x38, 0x18, 0x10, 0xff, 0x38, 0x1c, 0x10, 0xff, 0x30, 0x1c, 0x10, 0xff,
    0x38, 0x18, 0x10, 0xff, 0x38, 0x1c, 0x10, 0xff, 0x38, 0x1c, 0x08, 0xff,
    0x38, 0x18, 0x10, 0xff, 0x38, 0x1c, 0x10, 0xff, 0x30, 0x1c, 0x10, 0xff,
    0x38, 0x1c, 0x08, 0xff, 0x38, 0x1c, 0x10, 0xff, 0x38, 0x1c, 0x10, 0xff,
    0x38, 0x1c, 0x10, 0xff, 0x38, 0x1c, 0x08, 0xff, 0x38, 0x1c, 0x08, 0xff,
    0x30, 0x18, 0x10, 0xff, 0x38, 0x1c, 0x10, 0xff, 0x38, 0x1c, 0x08, 0xff,
    0x38, 0x1c, 0x10, 0xff, 0x38, 0x1c, 0x10, 0xff, 0x30, 0x18, 0x08, 0xff,
    0x38, 0x1c, 0x10, 0xff, 0x38, 0x1c, 0x10, 0xff, 0x30, 0x1c, 0x10, 0xff,
    0x38, 0x18, 0x10, 0xff, 0x38, 0x18, 0x10, 0xff, 0x30, 0x1c, 0x08, 0xff,
    0x38, 0x1c, 0x10, 0xff, 0x38, 0x1c, 0x08, 0xff, 0x30, 0x18, 0x10, 0xff,
    0x38, 0x18, 0x08, 0xff, 0x38, 0x1c, 0x10, 0xff, 0x38, 0x18, 0x10, 0xff,
    0x38, 0x1c, 0x10, 0xff, 0x38, 0x1c, 0x08, 0xff, 0x38, 0x1c, 0x10, 0xff,
    0x30, 0x1c, 0x10, 0xff, 0x38, 0x1c, 0x10, 0xff, 0x38, 0x1c, 0x10, 0xff,
    0x38, 0x18, 0x10, 0xff, 0x38, 0x1c, 0x10, 0xff, 0x38, 0x1c, 0x10, 0xff,
    0x38, 0x18, 0x10, 0xff, 0x38, 0x1c, 0x10, 0xff, 0x38, 0x1c, 0x08, 0xff,
    0x38, 0x1c, 0x08, 0xff, 0x38, 0x1c, 0x08, 0xff, 0x38, 0x18, 0x10, 0xff,
    0x38, 0x1c, 0x10, 0xff, 0x30, 0x1c, 0x08, 0xff, 0x38, 0x1c, 0x08, 0xff,
    0x38, 0x1c, 0x10, 0xff, 0x38, 0x1c, 0x10, 0xff, 0x30, 0x1c, 0x08, 0xff,
    0x38, 0x1c, 0x08, 0xff, 0x38, 0x1c, 0x08, 0xff, 0x38, 0x1c, 0x10, 0xff,
    0x38, 0x18, 0x10, 0xff, 0x38, 0x1c, 0x08, 0xff, 0x38, 0x1c, 0x10, 0xff,
    0x38, 0x1c, 0x10, 0xff, 0x30, 0x1c, 0x10, 0xff, 0x38, 0x18, 0x10, 0xff,
    0x38, 0x1c, 0x10, 0xff, 0x30, 0x1c, 0x10, 0xff, 0x38, 0x1c, 0x08, 0xff,
    0x38, 0x18, 0x10, 0xff, 0x38, 0x1c, 0x10, 0xff, 0x30, 0x1c, 0x08, 0xff,
    0x30, 0x1c, 0x08, 0xff, 0x38, 0x1c, 0x10, 0xff, 0x30, 0x1c, 0x10, 0xff,
    0x38, 0x1c, 0x08, 0xff, 0x38, 0x1c, 0x10, 0xff, 0x30, 0x1c, 0x10, 0xff,
    0x38, 0x1c, 0x08, 0xff, 0x38, 0x18, 0x10, 0xff, 0x38, 0x1c, 0x10, 0xff,
    0x38, 0x1c, 0x10, 0xff, 0x38, 0x1c, 0x10, 0xff, 0x38, 0x1c, 0x10, 0xff,
    0x38, 0x1c, 0x08, 0xff, 0x30, 0x1c, 0x08, 0xff, 0x38, 0x1c, 0x08, 0xff,
    0x38, 0x1c, 0x10, 0xff, 0x30, 0x18, 0x10, 0xff, 0x38, 0x1c, 0x10, 0xff,
    0x38, 0x1c, 0x08, 0xff, 0x38, 0x18, 0x08, 0xff, 0x30, 0x1c, 0x08, 0xff,
    0x30, 0x1c, 0x08, 0xff, 0x38, 0x18, 0x10, 0xff, 0x38, 0x1c, 0x08, 0xff,
    0x38, 0x1c, 0x08, 0xff, 0x38, 0x18, 0x10, 0xff, 0x38, 0x1c, 0x10, 0xff,
    0x38, 0x1c, 0x10, 0xff, 0x30, 0x18, 0x10, 0xff, 0x38, 0x1c, 0x10, 0xff,
    0x38, 0x1c, 0x10, 0xff, 0x30, 0x18, 0x10, 0xff, 0x38, 0x1c, 0x08, 0xff,
    0x30, 0x1c, 0x08, 0xff, 0x38, 0x18, 0x10, 0xff, 0x38, 0x1c, 0x10, 0xff,
    0x30, 0x18, 0x10, 0xff, 0x30, 0x1c, 0x08, 0xff, 0x38, 0x1c, 0x08, 0xff,
    0x30, 0x1c, 0x10, 0xff, 0x38, 0x18, 0x08, 0xff, 0x38, 0x18, 0x08, 0xff,
    0x30, 0x1c, 0x08, 0xff, 0x38, 0x1c, 0x08, 0xff, 0x38, 0x18, 0x08, 0xff,
    0x30, 0x1c, 0x10, 0xff, 0x38, 0x18, 0x10, 0xff, 0x38, 0x1c, 0x08, 0xff,
    0x30, 0x1c, 0x08, 0xff, 0x38, 0x18, 0x10, 0xff, 0x38, 0x1c, 0x10, 0xff,
    0x38, 0x18, 0x10, 0xff, 0x38, 0x1c, 0x08, 0xff, 0x38, 0x1c, 0x10, 0xff,
    0x30, 0x18, 0x08, 0xff, 0x38, 0x1c, 0x08, 0xff, 0x38, 0x1c, 0x10, 0xff,
    0x38, 0x1c, 0x08, 0xff, 0x30, 0x18, 0x10, 0xff, 0x38, 0x1c, 0x08, 0xff,
    0x38, 0x1c, 0x08, 0xff, 0x38, 0x1c, 0x10, 0xff, 0x30, 0x1c, 0x10, 0xff,
    0x38, 0x18, 0x10, 0xff, 0x38, 0x1c, 0x10, 0xff, 0x30, 0x1c, 0x10, 0xff,
    0x38, 0x18, 0x08, 0xff, 0x38, 0x1c, 0x08, 0xff, 0x30, 0x1c, 0x10, 0xff,
    0x38, 0x1c, 0x10, 0xff, 0x38, 0x1c, 0x10, 0xff, 0x38, 0x18, 0x10, 0xff,
    0x38, 0x1c, 0x08, 0xff, 0x30, 0x1c, 0x10, 0xff, 0x38, 0x1c, 0x10, 0xff,
    0x30, 0x1c, 0x10, 0xff, 0x30, 0x18, 0x10, 0xff, 0x38, 0x1c, 0x08, 0xff,
    0x38, 0x1c, 0x08, 0xff, 0x38, 0x1c, 0x08, 0xff, 0x38, 0x1c, 0x08, 0xff,
    0x38, 0x18, 0x10, 0xff, 0x38, 0x1c, 0x10, 0xff, 0x38, 0x1c, 0x10, 0xff,
    0x38, 0x18, 0x10, 0xff, 0x38, 0x1c, 0x10, 0xff, 0x38, 0x1c, 0x08, 0xff,
    0x38, 0x18, 0x10, 0xff, 0x38, 0x1c, 0x10, 0xff, 0x38, 0x1c, 0x10, 0xff,
    0x30, 0x1c, 0x10, 0xff, 0x38, 0x1c, 0x10, 0xff, 0x38, 0x1c, 0x10, 0xff,
    0x30, 0x18, 0x10, 0xff, 0x38, 0x1c, 0x10, 0xff, 0x38, 0x1c, 0x08, 0xff,
    0x38, 0x1c, 0x10, 0xff, 0x38, 0x1c, 0x10, 0xff, 0x38, 0x18, 0x10, 0xff,
    0x38, 0x1c, 0x10, 0xff, 0x38, 0x1c, 0x10, 0xff, 0x38, 0x1c, 0x08, 0xff,
    0x38, 0x18, 0x10, 0xff, 0x38, 0x1c, 0x10, 0xff, 0x38, 0x1c, 0x10, 0xff,
    0x38, 0x18, 0x10, 0xff, 0x38, 0x1c, 0x08, 0xff, 0x30, 0x1c, 0x10, 0xff,
    0x38, 0x1c, 0x08, 0xff, 0x38, 0x1c, 0x10, 0xff, 0x30, 0x18, 0x10, 0xff,
    0x30, 0x18, 0x08, 0xff, 0x38, 0x1c, 0x10, 0xff, 0x38, 0x1c, 0x08, 0xff,
    0x30, 0x18, 0x10, 0xff, 0x38, 0x1c, 0x08, 0xff, 0x38, 0x1c, 0x10, 0xff,
    0x38, 0x1c, 0x10, 0xff, 0x38, 0x18, 0x08, 0xff, 0x30, 0x1c, 0x10, 0xff,
    0x38, 0x1c, 0x10, 0xff, 0x38, 0x1c, 0x08, 0xff, 0x30, 0x1c, 0x10, 0xff,
    0x38, 0x1c, 0x10, 0xff, 0x38, 0x1c, 0x10, 0xff, 0x38, 0x18, 0x08, 0xff,
    0x38, 0x1c, 0x08, 0xff, 0x38, 0x1c, 0x10, 0xff, 0x30, 0x1c, 0x10, 0xff,
    0x38, 0x1c, 0x10, 0xff, 0x30, 0x18, 0x10, 0xff, 0x38, 0x1c, 0x08, 0xff,
    0x38, 0x1c, 0x10, 0xff, 0x30, 0x1c, 0x08, 0xff, 0x38, 0x1c, 0x08, 0xff,
    0x30, 0x1c, 0x08, 0xff, 0x38, 0x1c, 0x10, 0xff, 0x38, 0x1c, 0x10, 0xff,
    0x38, 0x1c, 0x10, 0xff, 0x30, 0x18, 0x08, 0xff, 0x38, 0x1c, 0x08, 0xff,
    0x38, 0x1c, 0x10, 0xff, 0x38, 0x1c, 0x10, 0xff, 0x38, 0x1c, 0x08, 0xff,
    0x38, 0x1c, 0x10, 0xff, 0x38, 0x1c, 0x10, 0xff, 0x38, 0x18, 0x08, 0xff,
    0x30, 0x1c, 0x08, 0xff, 0x30, 0x1c, 0x10, 0xff, 0x38, 0x1c, 0x08, 0xff,
    0x30, 0x1c, 0x08, 0xff, 0x38, 0x18, 0x10, 0xff, 0x30, 0x1c, 0x08, 0xff,
    0x30, 0x1c, 0x08, 0xff, 0x38, 0x18, 0x10, 0xff, 0x38, 0x1c, 0x10, 0xff,
    0x30, 0x1c, 0x10, 0xff, 0x38, 0x18, 0x10, 0xff, 0x38, 0x1c, 0x10, 0xff,
    0x38, 0x1c, 0x08, 0xff, 0x38, 0x1c, 0x10, 0xff, 0x38, 0x1c, 0x10, 0xff,
    0x38, 0x1c, 0x08, 0xff, 0x38, 0x18, 0x10, 0xff, 0x38, 0x1c, 0x08, 0xff,
    0x38, 0x1c, 0x10, 0xff, 0x38, 0x1c, 0x08, 0xff, 0x30, 0x18, 0x10, 0xff,
    0x38, 0x1c, 0x10, 0xff, 0x38, 0x18, 0x08, 0xff, 0x30, 0x1c, 0x08, 0xff,
    0x38, 0x1c, 0x10, 0xff, 0x38, 0x18, 0x10, 0xff, 0x38, 0x1c, 0x08, 0xff,
    0x38, 0x1c, 0x08, 0xff, 0x38, 0x1c, 0x10, 0xff, 0x38, 0x1c, 0x10, 0xff,
    0x38, 0x1c, 0x08, 0xff, 0x30, 0x18, 0x10, 0xff, 0x38, 0x1c, 0x10, 0xff,
    0x38, 0x1c, 0x10, 0xff, 0x30, 0x18, 0x10, 0xff, 0x38, 0x1c, 0x08, 0xff,
    0x30, 0x18, 0x10, 0xff, 0x38, 0x1c, 0x10, 0xff, 0x38, 0x1c, 0x10, 0xff,
    0x30, 0x18, 0x10, 0xff, 0x38, 0x1c, 0x08, 0xff, 0x30, 0x1c, 0x08, 0xff,
    0x38, 0x1c, 0x10, 0xff, 0x38, 0x18, 0x10, 0xff, 0x38, 0x1c, 0x08, 0xff,
    0x30, 0x18, 0x08, 0xff, 0x38, 0x1c, 0x10, 0xff, 0x38, 0x1c, 0x08, 0xff,
    0x30, 0x18, 0x10, 0xff, 0x38, 0x1c, 0x10, 0xff, 0x38, 0x1c, 0x10, 0xff,
    0x38, 0x1c, 0x08, 0xff, 0x38, 0x18, 0x10, 0xff, 0x38, 0x1c, 0x10, 0xff,
    0x30, 0x1c, 0x08, 0xff, 0x38, 0x1c, 0x10, 0xff, 0x38, 0x1c, 0x10, 0xff,
    0x38, 0x1c, 0x08, 0xff, 0x30, 0x1c, 0x08, 0xff, 0x38, 0x1c, 0x10, 0xff,
    0x38, 0x18, 0x08, 0xff, 0x30, 0x1c, 0x10, 0xff, 0x30, 0x1c, 0x10, 0xff,
    0x38, 0x18, 0x08, 0xff, 0x38, 0x1c, 0x10, 0xff, 0x38, 0x1c, 0x10, 0xff,
    0x38, 0x1c, 0x08, 0xff, 0x30, 0x1c, 0x10, 0xff, 0x38, 0x1c, 0x10, 0xff,
    0x38, 0x18, 0x10, 0xff, 0x38, 0x1c, 0x08, 0xff, 0x30, 0x1c, 0x10, 0xff,
    0x38, 0x1c, 0x10, 0xff, 0x38, 0x1c, 0x10, 0xff, 0x38, 0x18, 0x10, 0xff,
    0x38, 0x1c, 0x08, 0xff, 0x30, 0x1c, 0x10, 0xff, 0x38, 0x1c, 0x10, 0xff,
    0x30, 0x18, 0x10, 0xff, 0x30, 0x1c, 0x10, 0xff, 0x38, 0x1c, 0x10, 0xff,
    0x38, 0x18, 0x08, 0xff, 0x38, 0x1c, 0x08, 0xff, 0x38, 0x1c, 0x08, 0xff,
    0x38, 0x1c, 0x08, 0xff, 0x38, 0x1c, 0x10, 0xff, 0x38, 0x1c, 0x10, 0xff,
    0x38, 0x18, 0x10, 0xff, 0x38, 0x1c, 0x08, 0xff, 0x38, 0x1c, 0x08, 0xff,
    0x38, 0x18, 0x10, 0xff, 0x38, 0x1c, 0x10, 0xff, 0x38, 0x18, 0x10, 0xff,
    0x38, 0x1c, 0x10, 0xff, 0x30, 0x1c, 0x10, 0xff, 0x38, 0x1c, 0x10, 0xff,
    0x30, 0x18, 0x10, 0xff, 0x38, 0x1c, 0x10, 0xff, 0x38, 0x1c, 0x08, 0xff,
    0x30, 0x1c, 0x10, 0xff, 0x38, 0x1c, 0x08, 0xff, 0x38, 0x18, 0x10, 0xff,
    0x38, 0x1c, 0x10, 0xff, 0x38, 0x1c, 0x10, 0xff, 0x38, 0x1c, 0x10, 0xff,
    0x38, 0x18, 0x10, 0xff, 0x38, 0x1c, 0x10, 0xff, 0x30, 0x18, 0x10, 0xff,
    0x38, 0x1c, 0x08, 0xff, 0x38, 0x1c, 0x08, 0xff, 0x38, 0x1c, 0x10, 0xff,
    0x38, 0x1c, 0x08, 0xff, 0x38, 0x18, 0x08, 0xff, 0x38, 0x1c, 0x10, 0xff,
    0x30, 0x1c, 0x08, 0xff, 0x38, 0x18, 0x10, 0xff, 0x30, 0x1c, 0x10, 0xff,
    0x38, 0x1c, 0x10, 0xff, 0x38, 0x18, 0x08, 0xff, 0x30, 0x1c, 0x10, 0xff,
    0x38, 0x1c, 0x10, 0xff, 0x38, 0x1c, 0x08, 0xff, 0x38, 0x1c, 0x08, 0xff,
    0x38, 0x18, 0x10, 0xff, 0x30, 0x1c, 0x08, 0xff, 0x38, 0x1c, 0x10, 0xff,
    0x38, 0x1c, 0x08, 0xff, 0x38, 0x1c, 0x10, 0xff, 0x38, 0x1c, 0x08, 0xff,
    0x38, 0x18, 0x08, 0xff, 0x38, 0x1c, 0x08, 0xff, 0x30, 0x1c, 0x10, 0xff,
    0x38, 0x18, 0x10, 0xff, 0x38, 0x1c, 0x10, 0xff, 0x30, 0x1c, 0x10, 0xff,
    0x38, 0x1c, 0x10, 0xff, 0x38, 0x1c, 0x08, 0xff, 0x30, 0x1c, 0x08, 0xff,
    0x38, 0x1c, 0x10, 0xff, 0x38, 0x18, 0x10, 0xff, 0x38, 0x1c, 0x10, 0xff,
    0x30, 0x1c, 0x08, 0xff, 0x38, 0x1c, 0x08, 0xff, 0x38, 0x1c, 0x08, 0xff,
    0x38, 0x1c, 0x08, 0xff, 0x38, 0x18, 0x10, 0xff, 0x38, 0x1c, 0x08, 0xff,
    0x30, 0x18, 0x08, 0xff, 0x38, 0x1c, 0x10, 0xff, 0x38, 0x1c, 0x08, 0xff,
    0x30, 0x18, 0x10, 0xff, 0x38, 0x1c, 0x10, 0xff, 0x30, 0x1c, 0x08, 0xff,
    0x30, 0x1c, 0x08, 0xff, 0x38, 0x18, 0x08, 0xff, 0x38, 0x1c, 0x08, 0xff,
    0x38, 0x1c, 0x08, 0xff, 0x38, 0x1c, 0x10, 0xff, 0x38, 0x18, 0x10, 0xff,
    0x38, 0x1c, 0x10, 0xff, 0x30, 0x18, 0x10, 0xff, 0x38, 0x1c, 0x10, 0xff,
    0x38, 0x1c, 0x10, 0xff, 0x30, 0x1c, 0x10, 0xff, 0x38, 0x1c, 0x10, 0xff,
    0x38, 0x1c, 0x08, 0xff, 0x38, 0x18, 0x08, 0xff, 0x30, 0x1c, 0x10, 0xff,
    0x38, 0x1c, 0x08, 0xff, 0x38, 0x18, 0x08, 0xff, 0x30, 0x1c, 0x10, 0xff,
    0x38, 0x1c, 0x10, 0xff, 0x38, 0x18, 0x10, 0xff, 0x30, 0x1c, 0x08, 0xff,
    0x38, 0x1c, 0x10, 0xff, 0x30, 0x1c, 0x08, 0xff, 0x38, 0x18, 0x10, 0xff,
    0x38, 0x1c, 0x08, 0xff, 0x38, 0x18, 0x10, 0xff, 0x38, 0x1c, 0x10, 0xff,
    0x38, 0x1c, 0x10, 0xff, 0x38, 0x1c, 0x10, 0xff, 0x30, 0x1c, 0x10, 0xff,
    0x38, 0x18, 0x08, 0xff, 0x38, 0x1c, 0x10, 0xff, 0x38, 0x18, 0x08, 0xff,
    0x30, 0x18, 0x10, 0xff, 0x38, 0x1c, 0x10, 0xff, 0x38, 0x1c, 0x08, 0xff,
    0x30, 0x1c, 0x10, 0xff, 0x30, 0x1c, 0x08, 0xff, 0x38, 0x1c, 0x10, 0xff,
    0x38, 0x18, 0x10, 0xff, 0x30, 0x1c, 0x10, 0xff, 0x30, 0x1c, 0x10, 0xff,
    0x38, 0x1c, 0x08, 0xff, 0x38, 0x1c, 0x10, 0xff, 0x38, 0x1c, 0x10, 0xff,
    0x38, 0x1c, 0x10, 0xff, 0x38, 0x18, 0x10, 0xff, 0x38, 0x1c, 0x08, 0xff,
    0x38, 0x1c, 0x08, 0xff, 0x38, 0x1c, 0x10, 0xff, 0x38, 0x18, 0x10, 0xff,
    0x38, 0x1c, 0x10, 0xff, 0x30, 0x1c, 0x10, 0xff, 0x30, 0x1c, 0x10, 0xff,
    0x38, 0x18, 0x08, 0xff, 0x38, 0x1c, 0x10, 0xff, 0x38, 0x1c, 0x10, 0xff,
    0x38, 0x1c, 0x08, 0xff, 0x30, 0x1c, 0x10, 0xff, 0x38, 0x1c, 0x08, 0xff,
    0x38, 0x18, 0x08, 0xff, 0x38, 0x1c, 0x10, 0xff, 0x38, 0x18, 0x10, 0xff,
    0x30, 0x1c, 0x08, 0xff, 0x38, 0x1c, 0x10, 0xff, 0x38, 0x1c, 0x10, 0xff,
    0x38, 0x1c, 0x10, 0xff, 0x38, 0x1c, 0x08, 0xff, 0x38, 0x18, 0x10, 0xff,
    0x30, 0x1c, 0x08, 0xff, 0x38, 0x1c, 0x10, 0xff, 0x38, 0x1c, 0x10, 0xff,
    0x38, 0x18, 0x10, 0xff, 0x38, 0x1c, 0x10, 0xff, 0x38, 0x1c, 0x10, 0xff,
    0x30, 0x1c, 0x10, 0xff, 0x30, 0x1c, 0x10, 0xff, 0x38, 0x1c, 0x08, 0xff,
    0x30, 0x18, 0x08, 0xff, 0x38, 0x1c, 0x08, 0xff, 0x38, 0x1c, 0x10, 0xff,
    0x38, 0x1c, 0x08, 0xff, 0x30, 0x1c, 0x10, 0xff, 0x38, 0x1c, 0x08, 0xff,
    0x38, 0x1c, 0x10, 0xff, 0x38, 0x18, 0x10, 0xff, 0x38, 0x1c, 0x08, 0xff,
    0x38, 0x1c, 0x10, 0xff, 0x38, 0x1c, 0x08, 0xff, 0x38, 0x18, 0x10, 0xff,
    0x38, 0x1c, 0x10, 0xff, 0x38, 0x18, 0x08, 0xff, 0x38, 0x1c, 0x10, 0xff,
    0x30, 0x1c, 0x10, 0xff, 0x38, 0x1c, 0x10, 0xff, 0x38, 0x18, 0x08, 0xff,
    0x30, 0x1c, 0x10, 0xff, 0x38, 0x1c, 0x10, 0xff, 0x38, 0x1c, 0x10, 0xff,
    0x30, 0x18, 0x10, 0xff, 0x38, 0x1c, 0x10, 0xff, 0x38, 0x1c, 0x08, 0xff,
    0x38, 0x1c, 0x10, 0xff, 0x38, 0x18, 0x10, 0xff, 0x30, 0x1c, 0x10, 0xff,
    0x30, 0x1c, 0x08, 0xff, 0x38, 0x1c, 0x08, 0xff, 0x30, 0x18, 0x10, 0xff,
    0x38, 0x1c, 0x08, 0xff, 0x38, 0x18, 0x10, 0xff, 0x38, 0x1c, 0x10, 0xff,
    0x30, 0x1c, 0x08, 0xff, 0x38, 0x1c, 0x10, 0xff, 0x38, 0x1c, 0x10, 0xff,
    0x38, 0x1c, 0x08, 0xff, 0x38, 0x18, 0x10, 0xff, 0x30, 0x1c, 0x10, 0xff,
    0x38, 0x1c, 0x10, 0xff, 0x38, 0x18, 0x08, 0xff, 0x30, 0x1c, 0x10, 0xff,
    0x38, 0x1c, 0x10, 0xff, 0x38, 0x18, 0x08, 0xff, 0x38, 0x1c, 0x10, 0xff,
    0x38, 0x1c, 0x08, 0xff, 0x38, 0x1c, 0x10, 0xff, 0x38, 0x18, 0x08, 0xff,
    0x38, 0x1c, 0x08, 0xff, 0x38, 0x1c, 0x10, 0xff, 0x38, 0x18, 0x10, 0xff,
    0x38, 0x1c, 0x10, 0xff, 0x38, 0x1c, 0x10, 0xff, 0x30, 0x1c, 0x10, 0xff,
    0x38, 0x18, 0x10, 0xff, 0x38, 0x1c, 0x10, 0xff, 0x30, 0x1c, 0x08, 0xff,
    0x30, 0x1c, 0x10, 0xff, 0x38, 0x18, 0x10, 0xff, 0x38, 0x18, 0x10, 0xff,
    0x38, 0x1c, 0x10, 0xff, 0x38, 0x1c, 0x08, 0xff, 0x30, 0x1c, 0x08, 0xff,
    0x38, 0x1c, 0x10, 0xff, 0x38, 0x18, 0x10, 0xff, 0x38, 0x1c, 0x08, 0xff,
    0x30, 0x18, 0x08, 0xff, 0x38, 0x1c, 0x08, 0xff, 0x38, 0x1c, 0x08, 0xff,
    0x30, 0x1c, 0x10, 0xff, 0x38, 0x18, 0x10, 0xff, 0x38, 0x1c, 0x08, 0xff,
    0x30, 0x1c, 0x08, 0xff, 0x38, 0x18, 0x10, 0xff, 0x38, 0x1c, 0x08, 0xff,
    0x38, 0x1c, 0x08, 0xff, 0x38, 0x1c, 0x08, 0xff, 0x38, 0x1c, 0x10, 0xff,
    0x38, 0x1c, 0x10, 0xff, 0x38, 0x18, 0x08, 0xff, 0x38, 0x1c, 0x10, 0xff,
    0x38, 0x1c, 0x10, 0xff, 0x30, 0x1c, 0x10, 0xff, 0x38, 0x1c, 0x10, 0xff,
    0x38, 0x18, 0x08, 0xff, 0x30, 0x1c, 0x10, 0xff, 0x38, 0x1c, 0x10, 0xff,
    0x38, 0x18, 0x08, 0xff, 0x30, 0x1c, 0x08, 0xff, 0x38, 0x1c, 0x08, 0xff,
    0x38, 0x1c, 0x10, 0xff, 0x38, 0x1c, 0x10, 0xff, 0x38, 0x1c, 0x08, 0xff,
    0x38, 0x18, 0x10, 0xff, 0x30, 0x1c, 0x08, 0xff, 0x30, 0x1c, 0x10, 0xff,
    0x38, 0x1c, 0x08, 0xff, 0x38, 0x1c, 0x10, 0xff, 0x38, 0x18, 0x10, 0xff,
    0x38, 0x1c, 0x08, 0xff, 0x30, 0x1c, 0x10, 0xff, 0x38, 0x1c, 0x10, 0xff,
    0x30, 0x1c, 0x08, 0xff, 0x38, 0x18, 0x08, 0xff, 0x38, 0x1c, 0x08, 0xff,
    0x38, 0x1c, 0x10, 0xff, 0x38, 0x18, 0x10, 0xff, 0x38, 0x1c, 0x08, 0xff,
    0x38, 0x1c, 0x08, 0xff, 0x38, 0x1c, 0x08, 0xff, 0x30, 0x1c, 0x10, 0xff,
    0x30, 0x18, 0x10, 0xff, 0x38, 0x1c, 0x10, 0xff, 0x38, 0x1c, 0x08, 0xff,
    0x38, 0x1c, 0x10, 0xff, 0x30, 0x1c, 0x10, 0xff, 0x38, 0x1c, 0x10, 0xff,
    0x38, 0x1c, 0x10, 0xff, 0x30, 0x1c, 0x10, 0xff, 0x38, 0x18, 0x08, 0xff,
    0x38, 0x1c, 0x08, 0xff, 0x38, 0x1c, 0x10, 0xff, 0x38, 0x1c, 0x10, 0xff,
    0x30, 0x1c, 0x08, 0xff, 0x30, 0x1c, 0x10, 0xff, 0x38, 0x18, 0x10, 0xff,
    0x38, 0x1c, 0x10, 0xff, 0x38, 0x1c, 0x10, 0xff, 0x38, 0x18, 0x10, 0xff,
    0x30, 0x1c, 0x10, 0xff, 0x38, 0x1c, 0x10, 0xff, 0x30, 0x1c, 0x08, 0xff,
    0x38, 0x18, 0x08, 0xff, 0x38, 0x1c, 0x08, 0xff, 0x38, 0x1c, 0x10, 0xff,
    0x30, 0x18, 0x08, 0xff, 0x38, 0x1c, 0x10, 0xff, 0x38, 0x1c, 0x10, 0xff,
    0x38, 0x1c, 0x10, 0xff, 0x38, 0x18, 0x10, 0xff, 0x30, 0x1c, 0x10, 0xff,
    0x38, 0x1c, 0x08, 0xff, 0x38, 0x18, 0x10, 0xff, 0x30, 0x1c, 0x08, 0xff,
    0x38, 0x1c, 0x10, 0xff, 0x38, 0x1c, 0x10, 0xff, 0x38, 0x1c, 0x10, 0xff,
    0x30, 0x18, 0x10, 0xff, 0x30, 0x1c, 0x10, 0xff, 0x38, 0x1c, 0x10, 0xff,
    0x30, 0x1c, 0x08, 0xff, 0x38, 0x18, 0x08, 0xff, 0x38, 0x1c, 0x10, 0xff,
    0x38, 0x18, 0x10, 0xff, 0x38, 0x1c, 0x10, 0xff, 0x30, 0x1c, 0x08, 0xff,
    0x38, 0x18, 0x10, 0xff, 0x38, 0x1c, 0x10, 0xff, 0x30, 0x1c, 0x10, 0xff,
    0x38, 0x1c, 0x10, 0xff, 0x38, 0x1c, 0x08, 0xff, 0x38, 0x1c, 0x10, 0xff,
    0x38, 0x1c, 0x08, 0xff, 0x38, 0x18, 0x10, 0xff, 0x30, 0x1c, 0x08, 0xff,
    0x38, 0x1c, 0x08, 0xff, 0x38, 0x18, 0x10, 0xff, 0x38, 0x18, 0x10, 0xff,
    0x38, 0x1c, 0x10, 0xff, 0x38, 0x1c, 0x10, 0xff, 0x38, 0x1c, 0x10, 0xff,
    0x30, 0x1c, 0x08, 0xff, 0x38, 0x18, 0x10, 0xff, 0x38, 0x1c, 0x10, 0xff,
    0x38, 0x1c, 0x10, 0xff, 0x38, 0x1c, 0x10, 0xff, 0x30, 0x18, 0x08, 0xff,
    0x30, 0x1c, 0x08, 0xff, 0x38, 0x1c, 0x08, 0xff, 0x38, 0x1c, 0x08, 0xff,
    0x30, 0x1c, 0x08, 0xff, 0x38, 0x18, 0x10, 0xff, 0x38, 0x1c, 0x10, 0xff,
    0x38, 0x1c, 0x10, 0xff, 0x38, 0x18, 0x10, 0xff, 0x38, 0x1c, 0x10, 0xff,
    0x38, 0x1c, 0x08, 0xff, 0x30, 0x18, 0x08, 0xff, 0x38, 0x1c, 0x10, 0xff,
    0x38, 0x1c, 0x10, 0xff, 0x38, 0x18, 0x08, 0xff, 0x30, 0x1c, 0x10, 0xff,
    0x38, 0x1c, 0x08, 0xff, 0x38, 0x1c, 0x10, 0xff, 0x38, 0x1c, 0x10, 0xff,
    0x38, 0x18, 0x08, 0xff, 0x38, 0x1c, 0x10, 0xff, 0x38, 0x1c, 0x08, 0xff,
    0x38, 0x1c, 0x08, 0xff, 0x38, 0x1c, 0x08, 0xff, 0x38, 0x18, 0x10, 0xff,
    0x38, 0x1c, 0x10, 0xff, 0x38, 0x1c, 0x08, 0xff, 0x30, 0x1c, 0x10, 0xff,
    0x38, 0x1c, 0x10, 0xff, 0x38, 0x1c, 0x10, 0xff, 0x30, 0x1c, 0x08, 0xff,
    0x38, 0x1c, 0x08, 0xff, 0x38, 0x1c, 0x10, 0xff, 0x30, 0x18, 0x10, 0xff,
    0x38, 0x18, 0x10, 0xff, 0x38, 0x1c, 0x08, 0xff, 0x38, 0x1c, 0x10, 0xff,
    0x30, 0x1c, 0x10, 0xff, 0x38, 0x18, 0x10, 0xff, 0x38, 0x1c, 0x10, 0xff,
    0x38, 0x1c, 0x08, 0xff, 0x30, 0x1c, 0x08, 0xff, 0x30, 0x1c, 0x08, 0xff,
    0x38, 0x1c, 0x08, 0xff, 0x38, 0x18, 0x10, 0xff, 0x30, 0x1c, 0x10, 0xff,
    0x38, 0x1c, 0x08, 0xff, 0x38, 0x18, 0x10, 0xff, 0x38, 0x18, 0x08, 0xff,
    0x38, 0x1c, 0x08, 0xff, 0x38, 0x1c, 0x10, 0xff, 0x38, 0x18, 0x10, 0xff,
    0x38, 0x1c, 0x10, 0xff, 0x38, 0x1c, 0x10, 0xff, 0x38, 0x18, 0x10, 0xff,
    0x38, 0x1c, 0x10, 0xff, 0x38, 0x1c, 0x10, 0xff, 0x30, 0x1c, 0x08, 0xff,
    0x30, 0x1c, 0x08, 0xff, 0x38, 0x1c, 0x10, 0xff, 0x38, 0x1c, 0x10, 0xff,
    0x38, 0x1c, 0x08, 0xff, 0x30, 0x1c, 0x10, 0xff, 0x30, 0x1c, 0x08, 0xff,
    0x38, 0x1c, 0x08, 0xff, 0x38, 0x1c, 0x10, 0xff, 0x30, 0x18, 0x10, 0xff,
    0x38, 0x1c, 0x10, 0xff, 0x38, 0x1c, 0x08, 0xff, 0x30, 0x1c, 0x10, 0xff,
    0x38, 0x1c, 0x08, 0xff, 0x38, 0x18, 0x10, 0xff, 0x38, 0x1c, 0x10, 0xff,
    0x38, 0x1c, 0x10, 0xff, 0x30, 0x18, 0x10, 0xff, 0x38, 0x1c, 0x10, 0xff,
    0x30, 0x1c, 0x10, 0xff, 0x38, 0x18, 0x08, 0xff, 0x38, 0x1c, 0x08, 0xff,
    0x30, 0x1c, 0x08, 0xff, 0x38, 0x18, 0x10, 0xff, 0x38, 0x1c, 0x10, 0xff,
    0x38, 0x18, 0x08, 0xff, 0x38, 0x1c, 0x08, 0xff, 0x30, 0x1c, 0x10, 0xff,
    0x38, 0x18, 0x10, 0xff, 0x38, 0x1c, 0x08, 0xff, 0x30, 0x18, 0x08, 0xff,
    0x38, 0x1c, 0x10, 0xff, 0x38, 0x1c, 0x10, 0xff, 0x38, 0x1c, 0x10, 0xff,
    0x38, 0x1c, 0x10, 0xff, 0x38, 0x1c, 0x10, 0xff, 0x38, 0x18, 0x10, 0xff,
    0x30, 0x1c, 0x08, 0xff, 0x38, 0x18, 0x10, 0xff, 0x38, 0x1c, 0x10, 0xff,
    0x38, 0x1c, 0x08, 0xff, 0x30, 0x1c, 0x10, 0xff, 0x38, 0x1c, 0x10, 0xff,
    0x30, 0x1c, 0x10, 0xff, 0x38, 0x1c, 0x10, 0xff, 0x38, 0x18, 0x08, 0xff,
    0x30, 0x1c, 0x10, 0xff, 0x38, 0x1c, 0x10, 0xff, 0x38, 0x1c, 0x08, 0xff,
    0x30, 0x1c, 0x08, 0xff, 0x38, 0x18, 0x10, 0xff, 0x38, 0x18, 0x10, 0xff,
    0x30, 0x1c, 0x08, 0xff, 0x38, 0x1c, 0x10, 0xff, 0x38, 0x18, 0x10, 0xff,
    0x38, 0x1c, 0x10, 0xff, 0x38, 0x18, 0x10, 0xff, 0x38, 0x1c, 0x10, 0xff,
    0x38, 0x1c, 0x10, 0xff, 0x38, 0x18, 0x10, 0xff, 0x38, 0x1c, 0x08, 0xff,
    0x30, 0x18, 0x10, 0xff, 0x38, 0x1c, 0x10, 0xff, 0x38, 0x1c, 0x10, 0xff,
    0x30, 0x1c, 0x10, 0xff, 0x30, 0x18, 0x10, 0xff, 0x38, 0x1c, 0x08, 0xff,
    0x38, 0x1c, 0x08, 0xff, 0x38, 0x1c, 0x08, 0xff, 0x38, 0x1c, 0x10, 0xff,
    0x38, 0x18, 0x10, 0xff, 0x38, 0x1c, 0x10, 0xff, 0x38, 0x1c, 0x10, 0xff,
    0x38, 0x18, 0x10, 0xff, 0x38, 0x1c, 0x10, 0xff, 0x30, 0x1c, 0x08, 0xff,
    0x38, 0x1c, 0x10, 0xff, 0x38, 0x1c, 0x08, 0xff, 0x30, 0x1c, 0x10, 0xff,
    0x38, 0x1c, 0x10, 0xff, 0x38, 0x1c, 0x10, 0xff, 0x38, 0x1c, 0x08, 0xff,
    0x30, 0x18, 0x08, 0xff, 0x38, 0x1c, 0x08, 0xff, 0x38, 0x18, 0x10, 0xff,
    0x38, 0x18, 0x10, 0xff, 0x38, 0x1c, 0x08, 0xff, 0x38, 0x1c, 0x10, 0xff,
    0x38, 0x1c, 0x08, 0xff, 0x38, 0x1c, 0x10, 0xff, 0x30, 0x1c, 0x10, 0xff,
    0x38, 0x1c, 0x10, 0xff, 0x38, 0x1c, 0x08, 0xff, 0x38, 0x18, 0x08, 0xff,
    0x30, 0x1c, 0x08, 0xff, 0x38, 0x1c, 0x10, 0xff, 0x38, 0x18, 0x08, 0xff,
    0x30, 0x1c, 0x08, 0xff, 0x38, 0x1c, 0x10, 0xff, 0x38, 0x1c, 0x10, 0xff,
    0x38, 0x1c, 0x08, 0xff, 0x38, 0x1c, 0x10, 0xff, 0x38, 0x1c, 0x10, 0xff,
    0x30, 0x18, 0x08, 0xff, 0x38, 0x1c, 0x08, 0xff, 0x38, 0x1c, 0x10, 0xff,
    0x38, 0x1c, 0x08, 0xff, 0x30, 0x18, 0x08, 0xff, 0x38, 0x1c, 0x08, 0xff,
    0x38, 0x1c, 0x08, 0xff, 0x30, 0x1c, 0x10, 0xff, 0x38, 0x1c, 0x08, 0xff,
    0x38, 0x18, 0x08, 0xff, 0x38, 0x1c, 0x10, 0xff, 0x38, 0x18, 0x08, 0xff,
    0x38, 0x1c, 0x08, 0xff, 0x38, 0x1c, 0x10, 0xff, 0x30, 0x1c, 0x10, 0xff,
    0x38, 0x1c, 0x10, 0xff, 0x38, 0x18, 0x08, 0xff, 0x30, 0x1c, 0x08, 0xff,
    0x38, 0x1c, 0x10, 0xff, 0x30, 0x1c, 0x10, 0xff, 0x38, 0x1c, 0x08, 0xff,
    0x38, 0x1c, 0x08, 0xff, 0x30, 0x1c, 0x10, 0xff, 0x38, 0x18, 0x10, 0xff,
    0x38, 0x1c, 0x10, 0xff, 0x38, 0x1c, 0x08, 0xff, 0x30, 0x1c, 0x08, 0xff,
    0x38, 0x18, 0x10, 0xff, 0x38, 0x1c, 0x10, 0xff, 0x30, 0x1c, 0x10, 0xff,
    0x38, 0x1c, 0x10, 0xff, 0x30, 0x1c, 0x08, 0xff, 0x30, 0x1c, 0x08, 0xff,
    0x38, 0x1c, 0x10, 0xff, 0x30, 0x1c, 0x10, 0xff, 0x38, 0x1c, 0x10, 0xff,
    0x38, 0x18, 0x08, 0xff, 0x30, 0x1c, 0x08, 0xff, 0x38, 0x18, 0x08, 0xff,
    0x38, 0x18, 0x10, 0xff, 0x38, 0x1c, 0x10, 0xff, 0x38, 0x1c, 0x10, 0xff,
    0x30, 0x1c, 0x10, 0xff, 0x38, 0x1c, 0x10, 0xff, 0x38, 0x1c, 0x08, 0xff,
    0x38, 0x18, 0x10, 0xff, 0x30, 0x18, 0x10, 0xff, 0x38, 0x1c, 0x10, 0xff,
    0x38, 0x1c, 0x08, 0xff, 0x38, 0x18, 0x10, 0xff, 0x38, 0x1c, 0x10, 0xff,
    0x30, 0x1c, 0x10, 0xff, 0x38, 0x1c, 0x08, 0xff, 0x30, 0x1c, 0x10, 0xff,
    0x38, 0x1c, 0x10, 0xff, 0x38, 0x1c, 0x10, 0xff, 0x30, 0x18, 0x10, 0xff,
    0x38, 0x1c, 0x08, 0xff, 0x38, 0x1c, 0x10, 0xff, 0x38, 0x1c, 0x10, 0xff,
    0x38, 0x1c, 0x08, 0xff, 0x38, 0x1c, 0x10, 0xff, 0x38, 0x1c, 0x10, 0xff,
    0x38, 0x1c, 0x08, 0xff, 0x30, 0x18, 0x10, 0xff, 0x38, 0x1c, 0x10, 0xff,
    0x30, 0x1c, 0x10, 0xff, 0x38, 0x18, 0x10, 0xff, 0x38, 0x1c, 0x08, 0xff,
    0x38, 0x18, 0x08, 0xff, 0x30, 0x1c, 0x10, 0xff, 0x38, 0x1c, 0x10, 0xff,
    0x38, 0x18, 0x08, 0xff, 0x38, 0x1c, 0x10, 0xff, 0x38, 0x1c, 0x10, 0xff,
    0x38, 0x18, 0x10, 0xff, 0x38, 0x18, 0x10, 0xff, 0x38, 0x1c, 0x08, 0xff,
    0x38, 0x1c, 0x10, 0xff, 0x38, 0x1c, 0x10, 0xff, 0x38, 0x18, 0x10, 0xff,
    0x38, 0x1c, 0x10, 0xff, 0x38, 0x1c, 0x10, 0xff, 0x38, 0x1c, 0x08, 0xff,
    0x38, 0x1c, 0x10, 0xff, 0x30, 0x18, 0x08, 0xff, 0x38, 0x1c, 0x10, 0xff,
    0x38, 0x1c, 0x10, 0xff, 0x38, 0x1c, 0x10, 0xff, 0x30, 0x1c, 0x10, 0xff,
    0x30, 0x1c, 0x10, 0xff, 0x38, 0x1c, 0x08, 0xff, 0x38, 0x18, 0x08, 0xff,
    0x38, 0x1c, 0x10, 0xff, 0x38, 0x1c, 0x10, 0xff, 0x30, 0x1c, 0x08, 0xff,
    0x38, 0x1c, 0x08, 0xff, 0x38, 0x18, 0x10, 0xff, 0x30, 0x1c, 0x10, 0xff,
    0x30, 0x1c, 0x08, 0xff, 0x38, 0x1c, 0x08, 0xff, 0x38, 0x1c, 0x10, 0xff,
    0x38, 0x18, 0x10, 0xff, 0x38, 0x18, 0x08, 0xff, 0x38, 0x1c, 0x10, 0xff,
    0x38, 0x1c, 0x10, 0xff, 0x38, 0x1c, 0x10, 0xff, 0x38, 0x1c, 0x10, 0xff,
    0x38, 0x18, 0x10, 0xff, 0x30, 0x1c, 0x10, 0xff, 0x38, 0x1c, 0x10, 0xff,
    0x30, 0x18, 0x10, 0xff, 0x30, 0x1c, 0x10, 0xff, 0x38, 0x1c, 0x10, 0xff,
    0x38, 0x18, 0x08, 0xff, 0x38, 0x1c, 0x08, 0xff, 0x38, 0x1c, 0x08, 0xff,
    0x38, 0x1c, 0x10, 0xff, 0x38, 0x1c, 0x10, 0xff, 0x30, 0x1c, 0x10, 0xff,
    0x38, 0x18, 0x10, 0xff, 0x38, 0x1c, 0x10, 0xff, 0x30, 0x1c, 0x10, 0xff,
    0x38, 0x1c, 0x08, 0xff, 0x30, 0x1c, 0x08, 0xff, 0x30, 0x1c, 0x08, 0xff,
    0x38, 0x1c, 0x10, 0xff, 0x38, 0x1c, 0x10, 0xff, 0x30, 0x18, 0x08, 0xff,
    0x30, 0x1c, 0x08, 0xff, 0x38, 0x1c, 0x08, 0xff, 0x38, 0x18, 0x08, 0xff,
    0x38, 0x1c, 0x10, 0xff, 0x38, 0x18, 0x10, 0xff, 0x30, 0x18, 0x08, 0xff,
    0x38, 0x1c, 0x10, 0xff, 0x38, 0x1c, 0x08, 0xff, 0x30, 0x18, 0x10, 0xff,
    0x38, 0x1c, 0x10, 0xff, 0x38, 0x1c, 0x08, 0xff, 0x38, 0x1c, 0x08, 0xff,
    0x38, 0x18, 0x10, 0xff, 0x38, 0x1c, 0x10, 0xff, 0x38, 0x1c, 0x08, 0xff,
    0x30, 0x18, 0x10, 0xff, 0x38, 0x1c, 0x10, 0xff, 0x38, 0x1c, 0x10, 0xff,
    0x38, 0x1c, 0x08, 0xff, 0x38, 0x1c, 0x08, 0xff, 0x38, 0x1c, 0x10, 0xff,
    0x38, 0x18, 0x10, 0xff, 0x38, 0x1c, 0x08, 0xff, 0x30, 0x1c, 0x10, 0xff,
    0x38, 0x1c, 0x10, 0xff, 0x30, 0x1c, 0x08, 0xff, 0x30, 0x18, 0x08, 0xff,
    0x38, 0x1c, 0x08, 0xff, 0x38, 0x1c, 0x10, 0xff, 0x30, 0x18, 0x08, 0xff,
    0x38, 0x1c, 0x08, 0xff, 0x38, 0x1c, 0x10, 0xff, 0x38, 0x1c, 0x08, 0xff,
    0x38, 0x18, 0x08, 0xff, 0x38, 0x1c, 0x08, 0xff, 0x30, 0x1c, 0x10, 0xff,
    0x38, 0x18, 0x10, 0xff, 0x38, 0x1c, 0x10, 0xff, 0x30, 0x1c, 0x08, 0xff,
    0x38, 0x1c, 0x10, 0xff, 0x38, 0x1c, 0x08, 0xff, 0x38, 0x1c, 0x08, 0xff,
    0x38, 0x1c, 0x08, 0xff, 0x38, 0x18, 0x08, 0xff, 0x38, 0x18, 0x10, 0xff,
    0x38, 0x1c, 0x10, 0xff, 0x38, 0x18, 0x10, 0xff, 0x38, 0x1c, 0x08, 0xff,
    0x30, 0x1c, 0x10, 0xff, 0x38, 0x1c, 0x10, 0xff, 0x38, 0x18, 0x08, 0xff,
    0x38, 0x1c, 0x10, 0xff, 0x30, 0x1c, 0x10, 0xff, 0x30, 0x1c, 0x08, 0xff,
    0x38, 0x1c, 0x10, 0xff, 0x38, 0x1c, 0x10, 0xff, 0x38, 0x1c, 0x10, 0xff,
    0x38, 0x1c, 0x10, 0xff, 0x38, 0x1c, 0x08, 0xff, 0x38, 0x18, 0x08, 0xff,
    0x38, 0x1c, 0x10, 0xff, 0x38, 0x1c, 0x10, 0xff, 0x38, 0x18, 0x10, 0xff,
    0x30, 0x1c, 0x10, 0xff, 0x30, 0x1c, 0x10, 0xff, 0x38, 0x1c, 0x08, 0xff,
    0x38, 0x18, 0x10, 0xff, 0x38, 0x1c, 0x10, 0xff, 0x38, 0x1c, 0x10, 0xff,
    0x30, 0x18, 0x10, 0xff, 0x38, 0x1c, 0x10, 0xff, 0x38, 0x1c, 0x10, 0xff,
    0x30, 0x18, 0x10, 0xff, 0x38, 0x1c, 0x08, 0xff, 0x38, 0x1c, 0x10, 0xff,
    0x38, 0x1c, 0x10, 0xff, 0x38, 0x1c, 0x10, 0xff, 0x30, 0x18, 0x10, 0xff,
    0x38, 0x1c, 0x08, 0xff, 0x38, 0x1c, 0x10, 0xff, 0x38, 0x1c, 0x10, 0xff,
    0x38, 0x1c, 0x08, 0xff, 0x38, 0x18, 0x10, 0xff, 0x38, 0x1c, 0x10, 0xff,
    0x38, 0x1c, 0x10, 0xff, 0x38, 0x1c, 0x10, 0xff, 0x30, 0x1c, 0x10, 0xff,
    0x38, 0x18, 0x10, 0xff, 0x38, 0x1c, 0x10, 0xff, 0x38, 0x18, 0x08, 0xff,
    0x30, 0x18, 0x10, 0xff, 0x38, 0x1c, 0x10, 0xff, 0x38, 0x1c, 0x10, 0xff,
    0x30, 0x1c, 0x10, 0xff, 0x38, 0x1c, 0x10, 0xff, 0x38, 0x1c, 0x10, 0xff,
    0x38, 0x1c, 0x08, 0xff, 0x38, 0x18, 0x10, 0xff, 0x38, 0x1c, 0x08, 0xff,
    0x38, 0x1c, 0x10, 0xff, 0x38, 0x1c, 0x10, 0xff, 0x38, 0x1c, 0x10, 0xff,
    0x38, 0x1c, 0x10, 0xff, 0x38, 0x1c, 0x10, 0xff, 0x30, 0x18, 0x08, 0xff,
    0x38, 0x1c, 0x08, 0xff, 0x38, 0x18, 0x08, 0xff, 0x30, 0x1c, 0x10, 0xff,
    0x38, 0x1c, 0x10, 0xff, 0x38, 0x1c, 0x08, 0xff, 0x30, 0x18, 0x10, 0xff,
    0x30, 0x1c, 0x10, 0xff, 0x38, 0x1c, 0x08, 0xff, 0x38, 0x1c, 0x08, 0xff,
    0x38, 0x18, 0x08, 0xff, 0x38, 0x1c, 0x10, 0xff, 0x38, 0x1c, 0x08, 0xff,
    0x30, 0x18, 0x08, 0xff, 0x30, 0x1c, 0x10, 0xff, 0x38, 0x1c, 0x10, 0xff,
    0x38, 0x18, 0x08, 0xff, 0x30, 0x1c, 0x08, 0xff, 0x38, 0x1c, 0x08, 0xff,
    0x38, 0x1c, 0x10, 0xff, 0x38, 0x18, 0x08, 0xff, 0x38, 0x18, 0x08, 0xff,
    0x38, 0x1c, 0x10, 0xff, 0x38, 0x1c, 0x10, 0xff, 0x38, 0x1c, 0x08, 0xff,
    0x38, 0x18, 0x10, 0xff, 0x30, 0x1c, 0x10, 0xff, 0x38, 0x1c, 0x10, 0xff,
    0x30, 0x1c, 0x10, 0xff, 0x30, 0x1c, 0x10, 0xff, 0x38, 0x1c, 0x08, 0xff,
    0x30, 0x18, 0x08, 0xff, 0x38, 0x1c, 0x08, 0xff, 0x38, 0x1c, 0x08, 0xff,
    0x38, 0x1c, 0x08, 0xff, 0x30, 0x1c, 0x10, 0xff, 0x38, 0x1c, 0x10, 0xff,
    0x38, 0x1c, 0x10, 0xff, 0x30, 0x18, 0x08, 0xff, 0x38, 0x1c, 0x10, 0xff,
    0x38, 0x1c, 0x08, 0xff, 0x30, 0x1c, 0x08, 0xff, 0x30, 0x1c, 0x10, 0xff,
    0x38, 0x1c, 0x10, 0xff, 0x30, 0x1c, 0x10, 0xff, 0x38, 0x18, 0x08, 0xff,
    0x38, 0x1c, 0x10, 0xff, 0x30, 0x1c, 0x08, 0xff, 0x38, 0x18, 0x08, 0xff,
    0x38, 0x18, 0x10, 0xff, 0x38, 0x1c, 0x10, 0xff, 0x38, 0x1c, 0x10, 0xff,
    0x30, 0x1c, 0x10, 0xff, 0x38, 0x18, 0x08, 0xff, 0x30, 0x1c, 0x10, 0xff,
    0x38, 0x1c, 0x10, 0xff, 0x38, 0x1c, 0x10, 0xff, 0x38, 0x18, 0x08, 0xff,
    0x38, 0x1c, 0x08, 0xff, 0x30, 0x1c, 0x10, 0xff, 0x38, 0x18, 0x10, 0xff,
    0x38, 0x1c, 0x10, 0xff, 0x30, 0x1c, 0x10, 0xff, 0x38, 0x1c, 0x08, 0xff,
    0x38, 0x18, 0x08, 0xff, 0x38, 0x1c, 0x08, 0xff, 0x38, 0x1c, 0x10, 0xff,
    0x38, 0x1c, 0x10, 0xff, 0x38, 0x1c, 0x10, 0xff, 0x38, 0x18, 0x10, 0xff,
    0x30, 0x1c, 0x10, 0xff, 0x30, 0x1c, 0x08, 0xff, 0x38, 0x1c, 0x08, 0xff,
    0x38, 0x1c, 0x10, 0xff, 0x30, 0x1c, 0x10, 0xff, 0x38, 0x1c, 0x08, 0xff,
    0x38, 0x1c, 0x08, 0xff, 0x38, 0x1c, 0x10, 0xff, 0x38, 0x18, 0x08, 0xff,
    0x38, 0x1c, 0x08, 0xff, 0x38, 0x1c, 0x10, 0xff, 0x38, 0x18, 0x10, 0xff,
    0x38, 0x1c, 0x10, 0xff, 0x38, 0x1c, 0x10, 0xff, 0x30, 0x1c, 0x10, 0xff,
    0x38, 0x18, 0x10, 0xff, 0x38, 0x1c, 0x08, 0xff, 0x30, 0x1c, 0x08, 0xff,
    0x38, 0x1c, 0x10, 0xff, 0x38, 0x18, 0x08, 0xff, 0x38, 0x1c, 0x10, 0xff,
    0x38, 0x18, 0x10, 0xff, 0x38, 0x18, 0x08, 0xff, 0x38, 0x1c, 0x08, 0xff,
    0x38, 0x1c, 0x10, 0xff, 0x30, 0x1c, 0x10, 0xff, 0x38, 0x18, 0x08, 0xff,
    0x38, 0x1c, 0x10, 0xff, 0x30, 0x1c, 0x10, 0xff, 0x38, 0x1c, 0x08, 0xff,
    0x38, 0x1c, 0x08, 0xff, 0x30, 0x1c, 0x10, 0xff, 0x38, 0x1c, 0x10, 0xff,
    0x38, 0x1c, 0x10, 0xff, 0x38, 0x18, 0x08, 0xff, 0x30, 0x1c, 0x08, 0xff,
    0x38, 0x1c, 0x08, 0xff, 0x38, 0x1c, 0x10, 0xff, 0x38, 0x1c, 0x10, 0xff,
    0x38, 0x1c, 0x10, 0xff, 0x38, 0x1c, 0x10, 0xff, 0x38, 0x1c, 0x08, 0xff,
    0x38, 0x1c, 0x10, 0xff, 0x38, 0x1c, 0x10, 0xff, 0x38, 0x1c, 0x10, 0xff,
    0x30, 0x1c, 0x10, 0xff, 0x30, 0x1c, 0x10, 0xff, 0x38, 0x18, 0x08, 0xff,
    0x30, 0x1c, 0x10, 0xff, 0x38, 0x1c, 0x08, 0xff, 0x38, 0x1c, 0x10, 0xff,
    0x38, 0x1c, 0x10, 0xff, 0x38, 0x18, 0x10, 0xff, 0x30, 0x1c, 0x10, 0xff,
    0x38, 0x18, 0x08, 0xff, 0x30, 0x1c, 0x10, 0xff, 0x38, 0x1c, 0x10, 0xff,
    0x38, 0x1c, 0x08, 0xff, 0x38, 0x1c, 0x10, 0xff, 0x38, 0x18, 0x10, 0xff,
    0x38, 0x1c, 0x08, 0xff, 0x30, 0x1c, 0x10, 0xff, 0x38, 0x1c, 0x10, 0xff,
    0x38, 0x1c, 0x08, 0xff, 0x30, 0x18, 0x10, 0xff, 0x38, 0x1c, 0x08, 0xff,
    0x38, 0x1c, 0x10, 0xff, 0x38, 0x18, 0x10, 0xff, 0x38, 0x1c, 0x08, 0xff,
    0x30, 0x1c, 0x10, 0xff, 0x30, 0x1c, 0x10, 0xff, 0x38, 0x1c, 0x08, 0xff,
    0x38, 0x1c, 0x10, 0xff, 0x30, 0x18, 0x10, 0xff, 0x38, 0x18, 0x08, 0xff,
    0x38, 0x1c, 0x10, 0xff, 0x30, 0x1c, 0x10, 0xff, 0x38, 0x18, 0x08, 0xff,
    0x38, 0x1c, 0x10, 0xff, 0x38, 0x1c, 0x10, 0xff, 0x30, 0x1c, 0x10, 0xff,
    0x38, 0x18, 0x08, 0xff, 0x38, 0x18, 0x08, 0xff, 0x38, 0x1c, 0x10, 0xff,
    0x38, 0x1c, 0x10, 0xff, 0x38, 0x1c, 0x10, 0xff, 0x38, 0x18, 0x10, 0xff,
    0x30, 0x1c, 0x10, 0xff, 0x38, 0x1c, 0x10, 0xff, 0x30, 0x18, 0x08, 0xff,
    0x30, 0x1c, 0x08, 0xff, 0x38, 0x1c, 0x10, 0xff, 0x38, 0x18, 0x08, 0xff,
    0x30, 0x18, 0x10, 0xff, 0x38, 0x1c, 0x10, 0xff, 0x38, 0x1c, 0x10, 0xff,
    0x38, 0x18, 0x08, 0xff, 0x38, 0x1c, 0x10, 0xff, 0x38, 0x1c, 0x08, 0xff,
    0x30, 0x1c, 0x10, 0xff, 0x38, 0x18, 0x08, 0xff, 0x38, 0x1c, 0x10, 0xff,
    0x30, 0x1c, 0x10, 0xff, 0x38, 0x18, 0x08, 0xff, 0x38, 0x1c, 0x08, 0xff,
    0x38, 0x18, 0x10, 0xff, 0x38, 0x18, 0x10, 0xff, 0x38, 0x1c, 0x10, 0xff,
    0x30, 0x18, 0x10, 0xff, 0x30, 0x1c, 0x10, 0xff, 0x38, 0x1c, 0x10, 0xff,
    0x30, 0x1c, 0x08, 0xff, 0x38, 0x18, 0x08, 0xff, 0x38, 0x1c, 0x10, 0xff,
    0x38, 0x18, 0x08, 0xff, 0x38, 0x1c, 0x10, 0xff, 0x30, 0x1c, 0x08, 0xff,
    0x38, 0x18, 0x10, 0xff, 0x38, 0x1c, 0x10, 0xff, 0x38, 0x1c, 0x10, 0xff,
    0x38, 0x18, 0x08, 0xff, 0x38, 0x1c, 0x10, 0xff, 0x30, 0x1c, 0x10, 0xff,
    0x38, 0x1c, 0x10, 0xff, 0x38, 0x1c, 0x10, 0xff, 0x38, 0x1c, 0x08, 0xff,
    0x38, 0x1c, 0x08, 0xff, 0x38, 0x1c, 0x10, 0xff, 0x38, 0x1c, 0x08, 0xff,
    0x30, 0x18, 0x10, 0xff, 0x38, 0x1c, 0x08, 0xff, 0x38, 0x1c, 0x10, 0xff,
    0x38, 0x1c, 0x10, 0xff, 0x38, 0x1c, 0x08, 0xff, 0x30, 0x1c, 0x08, 0xff,
    0x38, 0x18, 0x10, 0xff, 0x38, 0x1c, 0x10, 0xff, 0x30, 0x18, 0x08, 0xff,
    0x38, 0x1c, 0x08, 0xff, 0x38, 0x1c, 0x10, 0xff, 0x38, 0x18, 0x08, 0xff,
    0x38, 0x1c, 0x10, 0xff, 0x30, 0x1c, 0x10, 0xff, 0x38, 0x1c, 0x08, 0xff,
    0x38, 0x1c, 0x08, 0xff, 0x38, 0x18, 0x08, 0xff, 0x38, 0x1c, 0x10, 0xff,
    0x38, 0x1c, 0x08, 0xff, 0x38, 0x1c, 0x10, 0xff, 0x38, 0x18, 0x10, 0xff,
    0x30, 0x1c, 0x10, 0xff, 0x38, 0x1c, 0x08, 0xff, 0x38, 0x1c, 0x08, 0xff,
    0x38, 0x1c, 0x10, 0xff, 0x38, 0x1c, 0x10, 0xff, 0x38, 0x1c, 0x10, 0xff,
    0x38, 0x1c, 0x08, 0xff, 0x38, 0x1c, 0x10, 0xff, 0x38, 0x1c, 0x08, 0xff,
    0x38, 0x1c, 0x08, 0xff, 0x38, 0x1c, 0x08, 0xff, 0x38, 0x18, 0x10, 0xff,
    0x38, 0x1c, 0x10, 0xff, 0x30, 0x1c, 0x10, 0xff, 0x38, 0x1c, 0x10, 0xff,
    0x38, 0x1c, 0x10, 0xff, 0x38, 0x1c, 0x10, 0xff, 0x30, 0x1c, 0x08, 0xff,
    0x38, 0x1c, 0x10, 0xff, 0x38, 0x1c, 0x08, 0xff, 0x38, 0x1c, 0x10, 0xff,
    0x38, 0x18, 0x10, 0xff, 0x38, 0x1c, 0x08, 0xff, 0x38, 0x1c, 0x08, 0xff,
    0x38, 0x1c, 0x08, 0xff, 0x30, 0x1c, 0x10, 0xff, 0x38, 0x18, 0x10, 0xff,
    0x38, 0x1c, 0x10, 0xff, 0x30, 0x1c, 0x10, 0xff, 0x38, 0x1c, 0x08, 0xff,
    0x38, 0x18, 0x10, 0xff, 0x38, 0x1c, 0x10, 0xff, 0x30, 0x1c, 0x10, 0xff,
    0x30, 0x1c, 0x10, 0xff, 0x38, 0x18, 0x10, 0xff, 0x30, 0x1c, 0x08, 0xff,
    0x38, 0x1c, 0x08, 0xff, 0x38, 0x1c, 0x10, 0xff, 0x38, 0x18, 0x10, 0xff,
    0x38, 0x1c, 0x10, 0xff, 0x38, 0x1c, 0x10, 0xff, 0x30, 0x18, 0x10, 0xff,
    0x38, 0x1c, 0x10, 0xff, 0x38, 0x1c, 0x08, 0xff, 0x30, 0x18, 0x10, 0xff,
    0x30, 0x1c, 0x10, 0xff, 0x38, 0x1c, 0x08, 0xff, 0x30, 0x1c, 0x10, 0xff,
    0x30, 0x18, 0x10, 0xff, 0x38, 0x1c, 0x08, 0xff, 0x38, 0x1c, 0x10, 0xff,
    0x38, 0x1c, 0x10, 0xff, 0x38, 0x18, 0x10, 0xff, 0x30, 0x1c, 0x08, 0xff,
    0x38, 0x1c, 0x10, 0xff, 0x30, 0x1c, 0x10, 0xff, 0x30, 0x1c, 0x08, 0xff,
    0x38, 0x1c, 0x08, 0xff, 0x38, 0x18, 0x10, 0xff, 0x38, 0x1c, 0x10, 0xff,
    0x38, 0x1c, 0x10, 0xff, 0x30, 0x18, 0x10, 0xff, 0x38, 0x1c, 0x10, 0xff,
    0x38, 0x1c, 0x08, 0xff, 0x30, 0x18, 0x08, 0xff, 0x38, 0x1c, 0x08, 0xff,
    0x30, 0x1c, 0x10, 0xff, 0x38, 0x18, 0x10, 0xff, 0x38, 0x1c, 0x08, 0xff,
    0x30, 0x18, 0x10, 0xff, 0x30, 0x1c, 0x08, 0xff, 0x38, 0x1c, 0x08, 0xff,
    0x30, 0x1c, 0x10, 0xff, 0x38, 0x18, 0x10, 0xff, 0x38, 0x18, 0x10, 0xff,
    0x30, 0x1c, 0x10, 0xff, 0x38, 0x1c, 0x10, 0xff, 0x38, 0x18, 0x08, 0xff,
    0x30, 0x1c, 0x10, 0xff, 0x38, 0x18, 0x10, 0xff, 0x38, 0x1c, 0x08, 0xff,
    0x30, 0x1c, 0x08, 0xff, 0x38, 0x1c, 0x08, 0xff, 0x38, 0x18, 0x10, 0xff,
    0x38, 0x1c, 0x08, 0xff, 0x38, 0x1c, 0x10, 0xff, 0x38, 0x1c, 0x10, 0xff,
    0x38, 0x1c, 0x08, 0xff, 0x30, 0x1c, 0x10, 0xff, 0x38, 0x1c, 0x08, 0xff,
    0x30, 0x1c, 0x08, 0xff, 0x38, 0x1c, 0x10, 0xff, 0x38, 0x1c, 0x08, 0xff,
    0x38, 0x18, 0x10, 0xff, 0x38, 0x1c, 0x10, 0xff, 0x38, 0x1c, 0x10, 0xff,
    0x38, 0x1c, 0x10, 0xff, 0x38, 0x18, 0x10, 0xff, 0x38, 0x1c, 0x08, 0xff,
    0x38, 0x1c, 0x10, 0xff, 0x38, 0x18, 0x08, 0xff, 0x38, 0x1c, 0x08, 0xff,
    0x30, 0x1c, 0x10, 0xff, 0x38, 0x18, 0x10, 0xff, 0x38, 0x1c, 0x08, 0xff,
    0x38, 0x18, 0x08, 0xff, 0x38, 0x18, 0x10, 0xff, 0x38, 0x1c, 0x10, 0xff,
    0x30, 0x1c, 0x10, 0xff, 0x30, 0x18, 0x10, 0xff, 0x38, 0x1c, 0x08, 0xff,
    0x38, 0x1c, 0x08, 0xff, 0x38, 0x1c, 0x08, 0xff, 0x38, 0x1c, 0x10, 0xff,
    0x38, 0x18, 0x10, 0xff, 0x38, 0x1c, 0x10, 0xff, 0x38, 0x1c, 0x08, 0xff,
    0x38, 0x18, 0x10, 0xff, 0x38, 0x1c, 0x10, 0xff, 0x38, 0x1c, 0x08, 0xff,
    0x38, 0x18, 0x10, 0xff, 0x38, 0x1c, 0x10, 0xff, 0x38, 0x1c, 0x10, 0xff,
    0x30, 0x1c, 0x10, 0xff, 0x38, 0x1c, 0x08, 0xff, 0x38, 0x1c, 0x08, 0xff,
    0x30, 0x18, 0x08, 0xff, 0x38, 0x1c, 0x10, 0xff, 0x38, 0x1c, 0x08, 0xff,
    0x38, 0x1c, 0x10, 0xff, 0x38, 0x1c, 0x10, 0xff, 0x38, 0x18, 0x10, 0xff,
    0x38, 0x18, 0x10, 0xff, 0x38, 0x1c, 0x08, 0xff, 0x38, 0x1c, 0x10, 0xff,
    0x38, 0x1c, 0x10, 0xff, 0x38, 0x1c, 0x10, 0xff, 0x30, 0x18, 0x10, 0xff,
    0x38, 0x1c, 0x08, 0xff, 0x38, 0x1c, 0x10, 0xff, 0x38, 0x18, 0x10, 0xff,
    0x38, 0x1c, 0x08, 0xff, 0x38, 0x1c, 0x08, 0xff, 0x30, 0x1c, 0x10, 0xff,
    0x38, 0x1c, 0x10, 0xff, 0x38, 0x1c, 0x08, 0xff, 0x30, 0x18, 0x08, 0xff,
    0x38, 0x1c, 0x10, 0xff, 0x38, 0x1c, 0x10, 0xff, 0x38, 0x1c, 0x08, 0xff,
    0x30, 0x1c, 0x10, 0xff, 0x30, 0x18, 0x10, 0xff, 0x38, 0x1c, 0x08, 0xff,
    0x38, 0x1c, 0x10, 0xff, 0x38, 0x1c, 0x10, 0xff, 0x30, 0x1c, 0x10, 0xff,
    0x38, 0x1c, 0x10, 0xff, 0x38, 0x1c, 0x10, 0xff, 0x38, 0x18, 0x08, 0xff,
    0x38, 0x1c, 0x08, 0xff, 0x38, 0x1c, 0x10, 0xff, 0x30, 0x1c, 0x10, 0xff,
    0x38, 0x1c, 0x10, 0xff, 0x30, 0x18, 0x08, 0xff, 0x38, 0x1c, 0x10, 0xff,
    0x38, 0x1c, 0x10, 0xff, 0x30, 0x1c, 0x10, 0xff, 0x38, 0x1c, 0x08, 0xff,
    0x30, 0x1c, 0x08, 0xff, 0x38, 0x1c, 0x10, 0xff, 0x38, 0x1c, 0x10, 0xff,
    0x38, 0x1c, 0x10, 0xff, 0x30, 0x18, 0x08, 0xff, 0x38, 0x1c, 0x08, 0xff,
    0x38, 0x1c, 0x10, 0xff, 0x38, 0x1c, 0x10, 0xff, 0x38, 0x1c, 0x10, 0xff,
    0x38, 0x1c, 0x08, 0xff, 0x38, 0x1c, 0x10, 0xff, 0x38, 0x18, 0x08, 0xff,
    0x30, 0x1c, 0x08, 0xff, 0x30, 0x1c, 0x10, 0xff, 0x38, 0x1c, 0x10, 0xff,
    0x30, 0x1c, 0x10, 0xff, 0x38, 0x1c, 0x10, 0xff, 0x30, 0x18, 0x08, 0xff,
    0x30, 0x18, 0x08, 0xff, 0x38, 0x1c, 0x08, 0xff, 0x38, 0x18, 0x10, 0xff,
    0x38, 0x1c, 0x10, 0xff, 0x30, 0x1c, 0x10, 0xff, 0x38, 0x18, 0x10, 0xff,
    0x38, 0x1c, 0x10, 0xff, 0x38, 0x1c, 0x08, 0xff, 0x30, 0x18, 0x10, 0xff,
    0x38, 0x1c, 0x08, 0xff, 0x38, 0x1c, 0x10, 0xff, 0x30, 0x1c, 0x08, 0xff,
    0x38, 0x1c, 0x08, 0xff, 0x30, 0x18, 0x10, 0xff, 0x38, 0x1c, 0x10, 0xff,
    0x38, 0x1c, 0x10, 0xff, 0x38, 0x1c, 0x10, 0xff, 0x38, 0x1c, 0x08, 0xff,
    0x30, 0x18, 0x10, 0xff, 0x38, 0x1c, 0x08, 0xff, 0x38, 0x1c, 0x08, 0xff,
    0x38, 0x1c, 0x08, 0xff, 0x38, 0x1c, 0x10, 0xff, 0x38, 0x1c, 0x10, 0xff,
    0x38, 0x1c, 0x08, 0xff, 0x30, 0x18, 0x10, 0xff, 0x38, 0x1c, 0x10, 0xff,
    0x38, 0x1c, 0x10, 0xff, 0x30, 0x18, 0x08, 0xff, 0x38, 0x1c, 0x08, 0xff,
    0x30, 0x18, 0x08, 0xff, 0x38, 0x1c, 0x10, 0xff, 0x38, 0x1c, 0x10, 0xff,
    0x30, 0x18, 0x10, 0xff, 0x38, 0x1c, 0x08, 0xff, 0x30, 0x1c, 0x08, 0xff,
    0x38, 0x1c, 0x10, 0xff, 0x38, 0x18, 0x10, 0xff, 0x38, 0x1c, 0x10, 0xff,
    0x30, 0x18, 0x10, 0xff, 0x38, 0x1c, 0x08, 0xff, 0x38, 0x1c, 0x10, 0xff,
    0x30, 0x18, 0x10, 0xff, 0x38, 0x1c, 0x10, 0xff, 0x38, 0x1c, 0x10, 0xff,
    0x38, 0x1c, 0x08, 0xff, 0x38, 0x1c, 0x08, 0xff, 0x38, 0x1c, 0x08, 0xff,
    0x30, 0x18, 0x08, 0xff, 0x38, 0x1c, 0x10, 0xff, 0x38, 0x1c, 0x10, 0xff,
    0x38, 0x1c, 0x10, 0xff, 0x38, 0x1c, 0x10, 0xff, 0x30, 0x18, 0x08, 0xff,
    0x38, 0x1c, 0x08, 0xff, 0x30, 0x1c, 0x08, 0xff, 0x38, 0x1c, 0x10, 0xff,
    0x30, 0x18, 0x10, 0xff, 0x38, 0x1c, 0x08, 0xff, 0x38, 0x1c, 0x10, 0xff,
    0x38, 0x18, 0x10, 0xff, 0x38, 0x1c, 0x10, 0xff, 0x38, 0x1c, 0x10, 0xff,
    0x38, 0x18, 0x10, 0xff, 0x38, 0x1c, 0x08, 0xff, 0x38, 0x1c, 0x08, 0xff,
    0x30, 0x1c, 0x08, 0xff, 0x38, 0x18, 0x10, 0xff, 0x38, 0x1c, 0x08, 0xff,
    0x38, 0x18, 0x10, 0xff, 0x38, 0x1c, 0x10, 0xff, 0x38, 0x1c, 0x10, 0xff,
    0x30, 0x18, 0x10, 0xff, 0x30, 0x1c, 0x10, 0xff, 0x38, 0x1c, 0x10, 0xff,
    0x38, 0x18, 0x08, 0xff, 0x38, 0x1c, 0x08, 0xff, 0x38, 0x1c, 0x10, 0xff,
    0x38, 0x1c, 0x10, 0xff, 0x38, 0x1c, 0x10, 0xff, 0x38, 0x1c, 0x10, 0xff,
    0x38, 0x18, 0x10, 0xff, 0x38, 0x1c, 0x10, 0xff, 0x38, 0x1c, 0x08, 0xff,
    0x38, 0x18, 0x10, 0xff, 0x38, 0x1c, 0x10, 0xff, 0x38, 0x18, 0x10, 0xff,
    0x38, 0x1c, 0x08, 0xff, 0x30, 0x1c, 0x08, 0xff, 0x38, 0x1c, 0x08, 0xff,
    0x30, 0x18, 0x10, 0xff, 0x38, 0x1c, 0x10, 0xff, 0x38, 0x1c, 0x08, 0xff,
    0x30, 0x1c, 0x10, 0xff, 0x38, 0x1c, 0x10, 0xff, 0x38, 0x18, 0x10, 0xff,
    0x38, 0x18, 0x10, 0xff, 0x38, 0x1c, 0x10, 0xff, 0x38, 0x1c, 0x10, 0xff,
    0x38, 0x1c, 0x10, 0xff, 0x38, 0x1c, 0x10, 0xff, 0x38, 0x1c, 0x08, 0xff,
    0x30, 0x1c, 0x08, 0xff, 0x38, 0x1c, 0x10, 0xff, 0x38, 0x1c, 0x10, 0xff,
    0x38, 0x1c, 0x10, 0xff, 0x38, 0x18, 0x08, 0xff, 0x38, 0x1c, 0x10, 0xff,
    0x38, 0x1c, 0x10, 0xff, 0x38, 0x18, 0x08, 0xff, 0x30, 0x1c, 0x10, 0xff,
    0x38, 0x18, 0x10, 0xff, 0x38, 0x1c, 0x08, 0xff, 0x30, 0x1c, 0x08, 0xff,
    0x38, 0x1c, 0x10, 0xff, 0x38, 0x1c, 0x10, 0xff, 0x38, 0x18, 0x10, 0xff,
    0x38, 0x1c, 0x10, 0xff, 0x30, 0x1c, 0x10, 0xff, 0x38, 0x1c, 0x10, 0xff,
    0x38, 0x1c, 0x10, 0xff, 0x38, 0x1c, 0x10, 0xff, 0x38, 0x1c, 0x08, 0xff,
    0x38, 0x18, 0x08, 0xff, 0x38, 0x1c, 0x08, 0xff, 0x30, 0x1c, 0x10, 0xff,
    0x38, 0x18, 0x10, 0xff, 0x38, 0x1c, 0x08, 0xff, 0x30, 0x1c, 0x08, 0xff,
    0x38, 0x1c, 0x10, 0xff, 0x38, 0x1c, 0x10, 0xff, 0x30, 0x1c, 0x08, 0xff,
    0x38, 0x1c, 0x08, 0xff, 0x38, 0x18, 0x08, 0xff, 0x38, 0x1c, 0x10, 0xff,
    0x30, 0x1c, 0x10, 0xff, 0x38, 0x1c, 0x08, 0xff, 0x38, 0x1c, 0x10, 0xff,
    0x38, 0x1c, 0x10, 0xff, 0x38, 0x18, 0x10, 0xff, 0x38, 0x1c, 0x10, 0xff,
    0x30, 0x18, 0x08, 0xff, 0x38, 0x1c, 0x08, 0xff, 0x38, 0x1c, 0x08, 0xff,
    0x30, 0x18, 0x08, 0xff, 0x38, 0x1c, 0x10, 0xff, 0x30, 0x1c, 0x08, 0xff,
    0x30, 0x1c, 0x10, 0xff, 0x38, 0x1c, 0x10, 0xff, 0x38, 0x18, 0x08, 0xff,
    0x38, 0x1c, 0x08, 0xff, 0x30, 0x18, 0x10, 0xff, 0x38, 0x18, 0x10, 0xff,
    0x38, 0x1c, 0x10, 0xff, 0x38, 0x1c, 0x10, 0xff, 0x38, 0x18, 0x08, 0xff,
    0x30, 0x1c, 0x10, 0xff, 0x38, 0x1c, 0x08, 0xff, 0x30, 0x1c, 0x10, 0xff,
    0x38, 0x1c, 0x10, 0xff, 0x38, 0x1c, 0x08, 0xff, 0x30, 0x1c, 0x08, 0xff,
    0x38, 0x1c, 0x10, 0xff, 0x38, 0x18, 0x10, 0xff, 0x30, 0x1c, 0x10, 0xff,
    0x38, 0x1c, 0x10, 0xff, 0x30, 0x18, 0x08, 0xff, 0x38, 0x1c, 0x10, 0xff,
    0x38, 0x1c, 0x08, 0xff, 0x30, 0x1c, 0x08, 0xff, 0x38, 0x18, 0x08, 0xff,
    0x38, 0x1c, 0x08, 0xff, 0x38, 0x18, 0x10, 0xff, 0x38, 0x1c, 0x10, 0xff,
    0x38, 0x1c, 0x10, 0xff, 0x38, 0x1c, 0x10, 0xff, 0x30, 0x1c, 0x10, 0xff,
    0x38, 0x18, 0x10, 0xff, 0x38, 0x1c, 0x10, 0xff, 0x38, 0x18, 0x08, 0xff,
    0x30, 0x18, 0x08, 0xff, 0x38, 0x1c, 0x10, 0xff, 0x38, 0x1c, 0x10, 0xff,
    0x30, 0x1c, 0x10, 0xff, 0x30, 0x1c, 0x08, 0xff, 0x38, 0x1c, 0x08, 0xff,
    0x38, 0x18, 0x10, 0xff, 0x30, 0x1c, 0x08, 0xff, 0x30, 0x1c, 0x10, 0xff,
    0x38, 0x1c, 0x10, 0xff, 0x38, 0x1c, 0x08, 0xff, 0x38, 0x1c, 0x10, 0xff,
    0x38, 0x1c, 0x10, 0xff, 0x38, 0x18, 0x10, 0xff, 0x38, 0x1c, 0x10, 0xff,
    0x38, 0x1c, 0x08, 0xff, 0x38, 0x1c, 0x10, 0xff, 0x38, 0x1c, 0x08, 0xff,
    0x38, 0x18, 0x08, 0xff, 0x30, 0x1c, 0x10, 0xff, 0x30, 0x1c, 0x10, 0xff,
    0x38, 0x1c, 0x08, 0xff, 0x38, 0x1c, 0x10, 0xff, 0x38, 0x1c, 0x08, 0xff,
    0x38, 0x18, 0x08, 0xff, 0x30, 0x1c, 0x10, 0xff, 0x38, 0x1c, 0x10, 0xff,
    0x38, 0x1c, 0x10, 0xff, 0x38, 0x18, 0x08, 0xff, 0x30, 0x1c, 0x08, 0xff,
    0x38, 0x1c, 0x10, 0xff, 0x38, 0x1c, 0x10, 0xff, 0x30, 0x1c, 0x08, 0xff,
    0x38, 0x1c, 0x10, 0xff, 0x38, 0x18, 0x08, 0xff, 0x38, 0x1c, 0x08, 0xff,
    0x38, 0x1c, 0x10, 0xff, 0x30, 0x1c, 0x08, 0xff, 0x38, 0x1c, 0x10, 0xff,
    0x38, 0x18, 0x10, 0xff, 0x30, 0x1c, 0x10, 0xff, 0x38, 0x1c, 0x10, 0xff,
    0x30, 0x1c, 0x10, 0xff, 0x30, 0x1c, 0x10, 0xff, 0x38, 0x1c, 0x08, 0xff,
    0x30, 0x18, 0x08, 0xff, 0x38, 0x1c, 0x08, 0xff, 0x38, 0x1c, 0x08, 0xff,
    0x38, 0x1c, 0x10, 0xff, 0x30, 0x1c, 0x10, 0xff, 0x38, 0x1c, 0x10, 0xff,
    0x38, 0x1c, 0x10, 0xff, 0x38, 0x18, 0x10, 0xff, 0x38, 0x1c, 0x08, 0xff,
    0x38, 0x1c, 0x10, 0xff, 0x38, 0x1c, 0x10, 0xff, 0x38, 0x18, 0x10, 0xff,
    0x38, 0x1c, 0x10, 0xff, 0x38, 0x18, 0x08, 0xff, 0x38, 0x1c, 0x08, 0xff,
    0x30, 0x1c, 0x10, 0xff, 0x38, 0x1c, 0x10, 0xff, 0x38, 0x18, 0x10, 0xff,
    0x30, 0x1c, 0x10, 0xff, 0x38, 0x1c, 0x10, 0xff, 0x38, 0x1c, 0x10, 0xff,
    0x30, 0x1c, 0x10, 0xff, 0x38, 0x18, 0x10, 0xff, 0x38, 0x1c, 0x08, 0xff,
    0x38, 0x1c, 0x10, 0xff, 0x38, 0x1c, 0x10, 0xff, 0x38, 0x18, 0x10, 0xff,
    0x38, 0x1c, 0x08, 0xff, 0x30, 0x1c, 0x10, 0xff, 0x30, 0x1c, 0x10, 0xff,
    0x38, 0x1c, 0x08, 0xff, 0x38, 0x1c, 0x08, 0xff, 0x38, 0x18, 0x10, 0xff,
    0x38, 0x1c, 0x10, 0xff, 0x38, 0x18, 0x10, 0xff, 0x38, 0x1c, 0x10, 0xff,
    0x38, 0x18, 0x10, 0xff, 0x38, 0x18, 0x10, 0xff, 0x38, 0x1c, 0x08, 0xff,
    0x38, 0x1c, 0x10, 0xff, 0x38, 0x18, 0x10, 0xff, 0x30, 0x1c, 0x08, 0xff,
    0x38, 0x1c, 0x10, 0xff, 0x38, 0x18, 0x08, 0xff, 0x38, 0x1c, 0x10, 0xff,
    0x38, 0x1c, 0x10, 0xff, 0x38, 0x1c, 0x10, 0xff, 0x38, 0x18, 0x08, 0xff,
    0x38, 0x1c, 0x08, 0xff, 0x38, 0x1c, 0x10, 0xff, 0x38, 0x18, 0x10, 0xff,
    0x38, 0x1c, 0x10, 0xff, 0x38, 0x1c, 0x10, 0xff, 0x30, 0x1c, 0x08, 0xff,
    0x38, 0x18, 0x10, 0xff, 0x38, 0x1c, 0x08, 0xff, 0x30, 0x1c, 0x08, 0xff,
    0x30, 0x1c, 0x08, 0xff, 0x38, 0x18, 0x10, 0xff, 0x38, 0x18, 0x10, 0xff,
    0x38, 0x1c, 0x10, 0xff, 0x38, 0x1c, 0x08, 0xff, 0x30, 0x1c, 0x08, 0xff,
    0x38, 0x1c, 0x10, 0xff, 0x38, 0x18, 0x10, 0xff, 0x38, 0x1c, 0x08, 0xff,
    0x30, 0x18, 0x08, 0xff, 0x38, 0x1c, 0x08, 0xff, 0x38, 0x1c, 0x08, 0xff,
    0x30, 0x1c, 0x08, 0xff, 0x38, 0x18, 0x08, 0xff, 0x38, 0x18, 0x08, 0xff,
    0x30, 0x1c, 0x10, 0xff, 0x38, 0x1c, 0x10, 0xff, 0x38, 0x1c, 0x08, 0xff,
    0x38, 0x1c, 0x10, 0xff, 0x30, 0x18, 0x08, 0xff, 0x38, 0x1c, 0x10, 0xff,
    0x38, 0x1c, 0x10, 0xff, 0x38, 0x18, 0x10, 0xff, 0x38, 0x1c, 0x10, 0xff,
    0x30, 0x18, 0x10, 0xff, 0x30, 0x1c, 0x08, 0xff, 0x38, 0x1c, 0x08, 0xff,
    0x38, 0x1c, 0x10, 0xff, 0x30, 0x1c, 0x08, 0xff, 0x38, 0x1c, 0x08, 0xff,
    0x38, 0x1c, 0x08, 0xff, 0x30, 0x1c, 0x10, 0xff, 0x30, 0x1c, 0x10, 0xff,
    0x38, 0x1c, 0x10, 0xff, 0x38, 0x1c, 0x10, 0xff, 0x38, 0x1c, 0x10, 0xff,
    0x38, 0x18, 0x10, 0xff, 0x30, 0x1c, 0x08, 0xff, 0x38, 0x1c, 0x08, 0xff,
    0x38, 0x1c, 0x08, 0xff, 0x38, 0x1c, 0x10, 0xff, 0x38, 0x18, 0x10, 0xff,
    0x38, 0x1c, 0x08, 0xff, 0x30, 0x1c, 0x10, 0xff, 0x38, 0x1c, 0x10, 0xff,
    0x30, 0x1c, 0x10, 0xff, 0x38, 0x18, 0x10, 0xff, 0x38, 0x1c, 0x08, 0xff,
    0x38, 0x1c, 0x10, 0xff, 0x38, 0x18, 0x10, 0xff, 0x38, 0x1c, 0x10, 0xff,
    0x38, 0x1c, 0x10, 0xff, 0x38, 0x1c, 0x08, 0xff, 0x30, 0x1c, 0x08, 0xff,
    0x30, 0x18, 0x10, 0xff, 0x38, 0x1c, 0x10, 0xff, 0x38, 0x1c, 0x10, 0xff,
    0x38, 0x1c, 0x10, 0xff, 0x30, 0x1c, 0x10, 0xff, 0x38, 0x1c, 0x10, 0xff,
    0x38, 0x1c, 0x10, 0xff, 0x30, 0x1c, 0x10, 0xff, 0x38, 0x18, 0x10, 0xff,
    0x38, 0x1c, 0x10, 0xff, 0x38, 0x1c, 0x10, 0xff, 0x38, 0x1c, 0x08, 0xff,
    0x30, 0x18, 0x10, 0xff, 0x30, 0x18, 0x10, 0xff, 0x38, 0x1c, 0x08, 0xff,
    0x38, 0x1c, 0x10, 0xff, 0x30, 0x1c, 0x10, 0xff, 0x38, 0x1c, 0x08, 0xff,
    0x38, 0x18, 0x08, 0xff, 0x38, 0x1c, 0x08, 0xff, 0x38, 0x1c, 0x10, 0xff,
    0x38, 0x1c, 0x10, 0xff, 0x30, 0x1c, 0x10, 0xff, 0x38, 0x1c, 0x08, 0xff,
    0x38, 0x1c, 0x10, 0xff, 0x30, 0x18, 0x10, 0xff, 0x38, 0x1c, 0x10, 0xff,
    0x38, 0x18, 0x10, 0xff, 0x38, 0x1c, 0x08, 0xff, 0x38, 0x1c, 0x08, 0xff,
    0x30, 0x18, 0x08, 0xff, 0x38, 0x1c, 0x10, 0xff, 0x38, 0x1c, 0x10, 0xff,
    0x38, 0x1c, 0x10, 0xff, 0x30, 0x1c, 0x08, 0xff, 0x38, 0x1c, 0x10, 0xff,
    0x30, 0x18, 0x10, 0xff, 0x30, 0x1c, 0x10, 0xff, 0x38, 0x1c, 0x10, 0xff,
    0x30, 0x1c, 0x08, 0xff, 0x38, 0x18, 0x08, 0xff, 0x38, 0x1c, 0x08, 0xff,
    0x38, 0x18, 0x08, 0xff, 0x38, 0x1c, 0x10, 0xff, 0x30, 0x1c, 0x10, 0xff,
    0x38, 0x18, 0x10, 0xff, 0x38, 0x1c, 0x08, 0xff, 0x30, 0x1c, 0x08, 0xff,
    0x38, 0x1c, 0x10, 0xff, 0x38, 0x1c, 0x10, 0xff, 0x38, 0x1c, 0x10, 0xff,
    0x38, 0x1c, 0x10, 0xff, 0x38, 0x18, 0x08, 0xff, 0x30, 0x1c, 0x08, 0xff,
    0x38, 0x1c, 0x08, 0xff, 0x38, 0x18, 0x10, 0xff, 0x38, 0x18, 0x10, 0xff,
    0x38, 0x1c, 0x08, 0xff, 0x38, 0x1c, 0x10, 0xff, 0x38, 0x1c, 0x10, 0xff,
    0x30, 0x1c, 0x10, 0xff, 0x38, 0x1c, 0x10, 0xff, 0x38, 0x1c, 0x08, 0xff,
    0x38, 0x1c, 0x10, 0xff, 0x38, 0x1c, 0x10, 0xff, 0x38, 0x1c, 0x08, 0xff,
    0x38, 0x18, 0x08, 0xff, 0x30, 0x1c, 0x10, 0xff, 0x38, 0x1c, 0x10, 0xff,
    0x30, 0x1c, 0x10, 0xff, 0x38, 0x1c, 0x08, 0xff, 0x38, 0x18, 0x10, 0xff,
    0x38, 0x1c, 0x08, 0xff, 0x30, 0x18, 0x10, 0xff, 0x38, 0x18, 0x10, 0xff,
    0x38, 0x1c, 0x10, 0xff, 0x30, 0x1c, 0x10, 0xff, 0x38, 0x1c, 0x08, 0xff,
    0x38, 0x18, 0x08, 0xff, 0x38, 0x1c, 0x10, 0xff, 0x38, 0x1c, 0x10, 0xff,
    0x30, 0x18, 0x08, 0xff, 0x38, 0x1c, 0x08, 0xff, 0x30, 0x1c, 0x10, 0xff,
    0x38, 0x18, 0x10, 0xff, 0x38, 0x1c, 0x10, 0xff, 0x38, 0x1c, 0x08, 0xff,
    0x38, 0x1c, 0x08, 0xff, 0x38, 0x1c, 0x08, 0xff, 0x38, 0x18, 0x10, 0xff,
    0x38, 0x1c, 0x10, 0xff, 0x38, 0x1c, 0x10, 0xff, 0x30, 0x1c, 0x10, 0xff,
    0x38, 0x1c, 0x10, 0xff, 0x38, 0x1c, 0x08, 0xff, 0x30, 0x1c, 0x08, 0xff,
    0x38, 0x1c, 0x10, 0xff, 0x38, 0x1c, 0x10, 0xff, 0x30, 0x18, 0x10, 0xff,
    0x38, 0x18, 0x08, 0xff, 0x38, 0x1c, 0x08, 0xff, 0x38, 0x1c, 0x08, 0xff,
    0x30, 0x1c, 0x10, 0xff, 0x38, 0x18, 0x10, 0xff, 0x38, 0x1c, 0x10, 0xff,
    0x38, 0x1c, 0x08, 0xff, 0x30, 0x1c, 0x08, 0xff, 0x30, 0x1c, 0x10, 0xff,
    0x38, 0x1c, 0x08, 0xff, 0x38, 0x18, 0x08, 0xff, 0x30, 0x1c, 0x08, 0xff,
    0x38, 0x18, 0x08, 0xff, 0x38, 0x1c, 0x10, 0xff, 0x38, 0x1c, 0x08, 0xff,
    0x30, 0x18, 0x08, 0xff, 0x38, 0x1c, 0x10, 0xff, 0x38, 0x1c, 0x10, 0xff,
    0x38, 0x18, 0x10, 0xff, 0x38, 0x1c, 0x08, 0xff, 0x38, 0x1c, 0x10, 0xff,
    0x30, 0x18, 0x10, 0xff, 0x38, 0x1c, 0x08, 0xff, 0x38, 0x1c, 0x10, 0xff,
    0x38, 0x1c, 0x10, 0xff, 0x38, 0x1c, 0x08, 0xff, 0x38, 0x1c, 0x08, 0xff,
    0x38, 0x1c, 0x08, 0xff, 0x38, 0x1c, 0x10, 0xff, 0x30, 0x1c, 0x10, 0xff,
    0x30, 0x1c, 0x10, 0xff, 0x38, 0x1c, 0x10, 0xff, 0x38, 0x1c, 0x10, 0xff,
    0x38, 0x18, 0x08, 0xff, 0x38, 0x1c, 0x08, 0xff, 0x38, 0x1c, 0x10, 0xff,
    0x38, 0x1c, 0x08, 0xff, 0x38, 0x18, 0x10, 0xff, 0x38, 0x1c, 0x10, 0xff,
    0x38, 0x1c, 0x10, 0xff, 0x30, 0x18, 0x10, 0xff, 0x38, 0x1c, 0x10, 0xff,
    0x30, 0x1c, 0x08, 0xff, 0x38, 0x18, 0x10, 0xff, 0x38, 0x1c, 0x08, 0xff,
    0x30, 0x1c, 0x10, 0xff, 0x38, 0x18, 0x10, 0xff, 0x38, 0x1c, 0x08, 0xff,
    0x38, 0x18, 0x10, 0xff, 0x38, 0x1c, 0x08, 0xff, 0x30, 0x1c, 0x10, 0xff,
    0x38, 0x18, 0x10, 0xff, 0x38, 0x1c, 0x10, 0xff, 0x30, 0x18, 0x08, 0xff,
    0x38, 0x1c, 0x10, 0xff, 0x38, 0x1c, 0x10, 0xff, 0x38, 0x1c, 0x10, 0xff,
    0x38, 0x1c, 0x10, 0xff, 0x38, 0x1c, 0x08, 0xff, 0x38, 0x18, 0x10, 0xff,
    0x30, 0x1c, 0x10, 0xff, 0x38, 0x1c, 0x10, 0xff, 0x38, 0x1c, 0x10, 0xff,
    0x38, 0x18, 0x10, 0xff, 0x30, 0x1c, 0x10, 0xff, 0x38, 0x1c, 0x10, 0xff,
    0x30, 0x18, 0x10, 0xff, 0x38, 0x1c, 0x10, 0xff, 0x38, 0x1c, 0x08, 0xff,
    0x38, 0x18, 0x10, 0xff, 0x38, 0x1c, 0x08, 0xff, 0x38, 0x1c, 0x10, 0xff,
    0x38, 0x1c, 0x10, 0xff, 0x30, 0x1c, 0x10, 0xff, 0x38, 0x18, 0x08, 0xff,
    0x38, 0x1c, 0x08, 0xff, 0x30, 0x1c, 0x10, 0xff, 0x38, 0x18, 0x10, 0xff,
    0x38, 0x18, 0x10, 0xff, 0x38, 0x1c, 0x10, 0xff, 0x38, 0x18, 0x08, 0xff,
    0x38, 0x18, 0x08, 0xff, 0x38, 0x1c, 0x10, 0xff, 0x30, 0x1c, 0x10, 0xff,
    0x38, 0x1c, 0x10, 0xff, 0x38, 0x18, 0x08, 0xff, 0x38, 0x1c, 0x10, 0xff,
    0x30, 0x1c, 0x10, 0xff, 0x30, 0x18, 0x10, 0xff, 0x38, 0x1c, 0x08, 0xff,
    0x38, 0x1c, 0x08, 0xff, 0x38, 0x1c, 0x08, 0xff, 0x38, 0x1c, 0x10, 0xff,
    0x38, 0x18, 0x08, 0xff, 0x38, 0x1c, 0x10, 0xff, 0x38, 0x1c, 0x08, 0xff,
    0x38, 0x18, 0x10, 0xff, 0x38, 0x1c, 0x10, 0xff, 0x30, 0x1c, 0x08, 0xff,
    0x38, 0x1c, 0x10, 0xff, 0x38, 0x1c, 0x08, 0xff, 0x30, 0x1c, 0x10, 0xff,
    0x38, 0x1c, 0x10, 0xff, 0x38, 0x1c, 0x10, 0xff, 0x38, 0x1c, 0x08, 0xff,
    0x30, 0x18, 0x08, 0xff, 0x38, 0x1c, 0x10, 0xff, 0x38, 0x18, 0x08, 0xff,
    0x38, 0x18, 0x10, 0xff, 0x38, 0x1c, 0x10, 0xff, 0x38, 0x1c, 0x10, 0xff,
    0x38, 0x1c, 0x10, 0xff, 0x38, 0x1c, 0x08, 0xff, 0x30, 0x1c, 0x08, 0xff,
    0x38, 0x18, 0x10, 0xff, 0x38, 0x1c, 0x10, 0xff, 0x38, 0x1c, 0x08, 0xff,
    0x30, 0x1c, 0x08, 0xff, 0x38, 0x1c, 0x10, 0xff, 0x30, 0x1c, 0x10, 0xff,
    0x30, 0x1c, 0x10, 0xff, 0x38, 0x18, 0x08, 0xff, 0x38, 0x1c, 0x08, 0xff,
    0x38, 0x1c, 0x08, 0xff, 0x30, 0x18, 0x10, 0xff, 0x38, 0x1c, 0x10, 0xff,
    0x38, 0x1c, 0x10, 0xff, 0x30, 0x1c, 0x10, 0xff, 0x30, 0x1c, 0x08, 0xff,
    0x38, 0x1c, 0x08, 0xff, 0x38, 0x1c, 0x10, 0xff, 0x30, 0x1c, 0x10, 0xff,
    0x38, 0x1c, 0x08, 0xff, 0x38, 0x1c, 0x10, 0xff, 0x30, 0x1c, 0x10, 0xff,
    0x38, 0x1c, 0x10, 0xff, 0x38, 0x1c, 0x10, 0xff, 0x38, 0x18, 0x08, 0xff,
    0x38, 0x1c, 0x08, 0xff, 0x38, 0x1c, 0x10, 0xff, 0x30, 0x1c, 0x10, 0xff,
    0x38, 0x1c, 0x10, 0xff, 0x38, 0x18, 0x10, 0xff, 0x30, 0x1c, 0x10, 0xff,
    0x38, 0x1c, 0x10, 0xff, 0x30, 0x1c, 0x10, 0xff, 0x38, 0x1c, 0x08, 0xff,
    0x38, 0x1c, 0x10, 0xff, 0x30, 0x1c, 0x10, 0xff, 0x38, 0x18, 0x10, 0xff,
    0x38, 0x1c, 0x10, 0xff, 0x38, 0x1c, 0x08, 0xff, 0x30, 0x1c, 0x08, 0xff,
    0x38, 0x18, 0x08, 0xff, 0x38, 0x1c, 0x10, 0xff, 0x30, 0x1c, 0x10, 0xff,
    0x38, 0x1c, 0x08, 0xff, 0x30, 0x1c, 0x10, 0xff, 0x30, 0x1c, 0x10, 0xff,
    0x38, 0x1c, 0x08, 0xff, 0x30, 0x1c, 0x08, 0xff, 0x38, 0x18, 0x08, 0xff,
    0x38, 0x18, 0x10, 0xff, 0x30, 0x1c, 0x10, 0xff, 0x38, 0x1c, 0x08, 0xff,
    0x38, 0x1c, 0x08, 0xff, 0x38, 0x1c, 0x10, 0xff, 0x38, 0x1c, 0x10, 0xff,
    0x38, 0x18, 0x08, 0xff, 0x38, 0x1c, 0x08, 0xff, 0x38, 0x1c, 0x10, 0xff,
    0x30, 0x1c, 0x10, 0xff, 0x38, 0x18, 0x10, 0xff, 0x38, 0x1c, 0x10, 0xff,
    0x38, 0x1c, 0x10, 0xff, 0x30, 0x1c, 0x10, 0xff, 0x38, 0x1c, 0x08, 0xff,
    0x38, 0x18, 0x08, 0xff, 0x38, 0x1c, 0x10, 0xff, 0x38, 0x1c, 0x10, 0xff,
    0x30, 0x1c, 0x08, 0xff, 0x38, 0x1c, 0x10, 0xff, 0x38, 0x1c, 0x10, 0xff,
    0x38, 0x18, 0x08, 0xff, 0x38, 0x18, 0x08, 0xff, 0x38, 0x1c, 0x08, 0xff,
    0x38, 0x1c, 0x08, 0xff, 0x38, 0x1c, 0x10, 0xff, 0x38, 0x1c, 0x10, 0xff,
    0x38, 0x1c, 0x08, 0xff, 0x30, 0x18, 0x10, 0xff, 0x38, 0x1c, 0x10, 0xff,
    0x30, 0x1c, 0x08, 0xff, 0x38, 0x18, 0x08, 0xff, 0x38, 0x1c, 0x08, 0xff,
    0x38, 0x18, 0x10, 0xff, 0x30, 0x1c, 0x10, 0xff, 0x38, 0x1c, 0x08, 0xff,
    0x38, 0x18, 0x08, 0xff, 0x38, 0x1c, 0x08, 0xff, 0x38, 0x1c, 0x10, 0xff,
    0x38, 0x18, 0x10, 0xff, 0x38, 0x18, 0x10, 0xff, 0x38, 0x1c, 0x10, 0xff,
    0x38, 0x1c, 0x10, 0xff, 0x38, 0x1c, 0x10, 0xff, 0x38, 0x18, 0x10, 0xff,
    0x38, 0x1c, 0x08, 0xff, 0x38, 0x1c, 0x08, 0xff, 0x38, 0x1c, 0x10, 0xff,
    0x38, 0x18, 0x10, 0xff, 0x30, 0x1c, 0x10, 0xff, 0x38, 0x1c, 0x08, 0xff,
    0x38, 0x1c, 0x10, 0xff, 0x38, 0x1c, 0x10, 0xff, 0x38, 0x1c, 0x10, 0xff,
    0x30, 0x18, 0x08, 0xff, 0x38, 0x18, 0x10, 0xff, 0x30, 0x1c, 0x10, 0xff,
    0x38, 0x18, 0x10, 0xff, 0x38, 0x1c, 0x08, 0xff, 0x38, 0x1c, 0x08, 0xff,
    0x30, 0x1c, 0x10, 0xff, 0x38, 0x1c, 0x10, 0xff, 0x38, 0x1c, 0x08, 0xff,
    0x38, 0x18, 0x08, 0xff, 0x38, 0x1c, 0x10, 0xff, 0x38, 0x18, 0x10, 0xff,
    0x38, 0x1c, 0x08, 0xff, 0x38, 0x18, 0x10, 0xff, 0x38, 0x18, 0x10, 0xff,
    0x38, 0x1c, 0x08, 0xff, 0x38, 0x18, 0x10, 0xff, 0x30, 0x1c, 0x10, 0xff,
    0x38, 0x1c, 0x10, 0xff, 0x38, 0x18, 0x10, 0xff, 0x38, 0x1c, 0x10, 0xff,
    0x30, 0x18, 0x10, 0xff, 0x30, 0x1c, 0x10, 0xff, 0x38, 0x1c, 0x10, 0xff,
    0x38, 0x18, 0x08, 0xff, 0x38, 0x1c, 0x08, 0xff, 0x38, 0x1c, 0x10, 0xff,
    0x38, 0x1c, 0x10, 0xff, 0x38, 0x1c, 0x10, 0xff, 0x30, 0x1c, 0x08, 0xff,
    0x38, 0x18, 0x10, 0xff, 0x38, 0x1c, 0x10, 0xff, 0x30, 0x1c, 0x10, 0xff,
    0x38, 0x1c, 0x10, 0xff, 0x30, 0x1c, 0x08, 0xff, 0x30, 0x1c, 0x08, 0xff,
    0x38, 0x1c, 0x10, 0xff, 0x38, 0x1c, 0x10, 0xff, 0x30, 0x18, 0x08, 0xff,
    0x30, 0x1c, 0x08, 0xff, 0x38, 0x1c, 0x08, 0xff, 0x38, 0x18, 0x10, 0xff,
    0x38, 0x1c, 0x10, 0xff, 0x38, 0x18, 0x10, 0xff, 0x30, 0x1c, 0x08, 0xff,
    0x38, 0x1c, 0x10, 0xff, 0x38, 0x1c, 0x10, 0xff, 0x30, 0x1c, 0x08, 0xff,
    0x38, 0x18, 0x10, 0xff, 0x38, 0x18, 0x10, 0xff, 0x30, 0x1c, 0x10, 0xff,
    0x38, 0x1c, 0x08, 0xff, 0x38, 0x1c, 0x10, 0xff, 0x30, 0x1c, 0x10, 0xff,
    0x38, 0x1c, 0x10, 0xff, 0x38, 0x18, 0x10, 0xff, 0x38, 0x1c, 0x08, 0xff,
    0x30, 0x1c, 0x08, 0xff, 0x38, 0x18, 0x10, 0xff, 0x38, 0x1c, 0x10, 0xff,
    0x38, 0x1c, 0x08, 0xff, 0x30, 0x1c, 0x10, 0xff, 0x30, 0x1c, 0x10, 0xff,
    0x38, 0x1c, 0x08, 0xff, 0x30, 0x1c, 0x10, 0xff, 0x38, 0x1c, 0x10, 0xff,
    0x38, 0x1c, 0x08, 0xff, 0x30, 0x1c, 0x08, 0xff, 0x38, 0x1c, 0x10, 0xff,
    0x30, 0x1c, 0x10, 0xff, 0x38, 0x1c, 0x10, 0xff, 0x38, 0x1c, 0x08, 0xff,
    0x38, 0x18, 0x08, 0xff, 0x38, 0x1c, 0x08, 0xff, 0x30, 0x1c, 0x10, 0xff,
    0x38, 0x18, 0x10, 0xff, 0x38, 0x1c, 0x08, 0xff, 0x30, 0x1c, 0x10, 0xff,
    0x38, 0x1c, 0x10, 0xff, 0x38, 0x1c, 0x10, 0xff, 0x38, 0x1c, 0x08, 0xff,
    0x38, 0x1c, 0x08, 0xff, 0x38, 0x18, 0x10, 0xff, 0x38, 0x18, 0x10, 0xff,
    0x38, 0x1c, 0x10, 0xff, 0x38, 0x18, 0x10, 0xff, 0x38, 0x1c, 0x08, 0xff,
    0x30, 0x1c, 0x08, 0xff, 0x38, 0x1c, 0x10, 0xff, 0x38, 0x18, 0x10, 0xff,
    0x38, 0x1c, 0x10, 0xff, 0x30, 0x1c, 0x10, 0xff, 0x30, 0x1c, 0x10, 0xff,
    0x38, 0x1c, 0x08, 0xff, 0x38, 0x1c, 0x10, 0xff, 0x38, 0x1c, 0x08, 0xff,
    0x38, 0x18, 0x10, 0xff, 0x38, 0x1c, 0x10, 0xff, 0x38, 0x1c, 0x08, 0xff,
    0x30, 0x1c, 0x08, 0xff, 0x38, 0x1c, 0x08, 0xff, 0x38, 0x1c, 0x10, 0xff,
    0x38, 0x1c, 0x08, 0xff, 0x38, 0x1c, 0x08, 0xff, 0x38, 0x18, 0x08, 0xff,
    0x30, 0x1c, 0x10, 0xff, 0x38, 0x18, 0x10, 0xff, 0x38, 0x1c, 0x08, 0xff,
    0x30, 0x1c, 0x10, 0xff, 0x30, 0x1c, 0x10, 0xff, 0x38, 0x1c, 0x08, 0xff,
    0x38, 0x18, 0x10, 0xff, 0x38, 0x1c, 0x10, 0xff, 0x38, 0x1c, 0x08, 0xff,
    0x38, 0x1c, 0x08, 0xff, 0x30, 0x1c, 0x10, 0xff, 0x38, 0x18, 0x10, 0xff,
    0x38, 0x18, 0x10, 0xff, 0x38, 0x1c, 0x08, 0xff, 0x38, 0x1c, 0x08, 0xff,
    0x38, 0x1c, 0x08, 0xff, 0x38, 0x18, 0x10, 0xff, 0x38, 0x1c, 0x10, 0xff,
    0x38, 0x1c, 0x10, 0xff, 0x38, 0x1c, 0x10, 0xff, 0x30, 0x1c, 0x10, 0xff,
    0x38, 0x18, 0x10, 0xff, 0x38, 0x1c, 0x08, 0xff, 0x38, 0x18, 0x08, 0xff,
    0x30, 0x18, 0x08, 0xff, 0x38, 0x1c, 0x10, 0xff, 0x38, 0x1c, 0x10, 0xff,
    0x30, 0x1c, 0x08, 0xff, 0x38, 0x1c, 0x08, 0xff, 0x38, 0x1c, 0x10, 0xff,
    0x38, 0x1c, 0x10, 0xff, 0x38, 0x18, 0x10, 0xff, 0x38, 0x1c, 0x10, 0xff,
    0x38, 0x1c, 0x08, 0xff, 0x38, 0x1c, 0x10, 0xff, 0x38, 0x1c, 0x10, 0xff,
    0x38, 0x1c, 0x08, 0xff, 0x38, 0x1c, 0x08, 0xff, 0x30, 0x18, 0x10, 0xff,
    0x38, 0x1c, 0x10, 0xff, 0x38, 0x1c, 0x10, 0xff, 0x30, 0x1c, 0x08, 0xff,
    0x38, 0x18, 0x08, 0xff, 0x38, 0x1c, 0x10, 0xff, 0x38, 0x1c, 0x10, 0xff,
    0x38, 0x1c, 0x10, 0xff, 0x38, 0x18, 0x10, 0xff, 0x30, 0x1c, 0x10, 0xff,
    0x38, 0x18, 0x10, 0xff, 0x38, 0x1c, 0x10, 0xff, 0x30, 0x1c, 0x08, 0xff,
    0x38, 0x1c, 0x10, 0xff, 0x38, 0x18, 0x10, 0xff, 0x38, 0x1c, 0x10, 0xff,
    0x38, 0x18, 0x08, 0xff, 0x30, 0x1c, 0x10, 0xff, 0x38, 0x1c, 0x10, 0xff,
    0x38, 0x1c, 0x08, 0xff, 0x38, 0x18, 0x10, 0xff, 0x30, 0x18, 0x10, 0xff,
    0x38, 0x1c, 0x08, 0xff, 0x38, 0x1c, 0x10, 0xff, 0x30, 0x1c, 0x10, 0xff,
    0x38, 0x1c, 0x10, 0xff, 0x38, 0x18, 0x08, 0xff, 0x38, 0x1c, 0x10, 0xff,
    0x30, 0x1c, 0x10, 0xff, 0x30, 0x1c, 0x10, 0xff, 0x38, 0x1c, 0x08, 0xff,
    0x30, 0x18, 0x08, 0xff, 0x38, 0x1c, 0x08, 0xff, 0x38, 0x1c, 0x10, 0xff,
    0x38, 0x1c, 0x10, 0xff, 0x30, 0x1c, 0x10, 0xff, 0x38, 0x1c, 0x10, 0xff,
    0x38, 0x1c, 0x10, 0xff, 0x30, 0x18, 0x10, 0xff, 0x38, 0x1c, 0x08, 0xff,
    0x38, 0x1c, 0x10, 0xff, 0x30, 0x1c, 0x08, 0xff, 0x30, 0x1c, 0x08, 0xff,
    0x38, 0x1c, 0x08, 0xff, 0x30, 0x1c, 0x10, 0xff, 0x38, 0x18, 0x10, 0xff,
    0x38, 0x1c, 0x08, 0xff, 0x30, 0x1c, 0x08, 0xff, 0x38, 0x18, 0x10, 0xff,
    0x38, 0x18, 0x10, 0xff, 0x38, 0x1c, 0x08, 0xff, 0x38, 0x18, 0x08, 0xff,
    0x30, 0x1c, 0x10, 0xff, 0x38, 0x18, 0x10, 0xff, 0x30, 0x1c, 0x08, 0xff,
    0x38, 0x1c, 0x10, 0xff, 0x38, 0x18, 0x10, 0xff, 0x30, 0x1c, 0x08, 0xff,
    0x38, 0x1c, 0x08, 0xff, 0x38, 0x18, 0x10, 0xff, 0x30, 0x1c, 0x10, 0xff,
    0x38, 0x1c, 0x10, 0xff, 0x38, 0x1c, 0x10, 0xff, 0x38, 0x1c, 0x08, 0xff,
    0x38, 0x1c, 0x08, 0xff, 0x38, 0x1c, 0x10, 0xff, 0x38, 0x1c, 0x10, 0xff,
    0x38, 0x18, 0x08, 0xff, 0x30, 0x1c, 0x10, 0xff, 0x38, 0x1c, 0x08, 0xff,
    0x38, 0x1c, 0x10, 0xff, 0x38, 0x1c, 0x10, 0xff, 0x38, 0x1c, 0x10, 0xff,
    0x38, 0x1c, 0x08, 0xff, 0x38, 0x1c, 0x08, 0xff, 0x38, 0x1c, 0x10, 0xff,
    0x30, 0x1c, 0x10, 0xff, 0x38, 0x1c, 0x10, 0xff, 0x38, 0x18, 0x08, 0xff,
    0x38, 0x1c, 0x08, 0xff, 0x38, 0x1c, 0x10, 0xff, 0x38, 0x18, 0x10, 0xff,
    0x38, 0x1c, 0x10, 0xff, 0x38, 0x1c, 0x08, 0xff, 0x30, 0x1c, 0x08, 0xff,
    0x38, 0x18, 0x10, 0xff, 0x38, 0x1c, 0x10, 0xff, 0x30, 0x1c, 0x08, 0xff,
    0x38, 0x1c, 0x08, 0xff, 0x38, 0x18, 0x10, 0xff, 0x38, 0x1c, 0x10, 0xff,
    0x38, 0x18, 0x10, 0xff, 0x38, 0x18, 0x10, 0xff, 0x38, 0x1c, 0x10, 0xff,
    0x38, 0x1c, 0x08, 0xff, 0x30, 0x1c, 0x10, 0xff, 0x38, 0x18, 0x10, 0xff,
    0x38, 0x1c, 0x08, 0xff, 0x30, 0x1c, 0x10, 0xff, 0x38, 0x1c, 0x10, 0xff,
    0x38, 0x1c, 0x10, 0xff, 0x30, 0x1c, 0x10, 0xff, 0x38, 0x1c, 0x08, 0xff,
    0x38, 0x1c, 0x10, 0xff, 0x38, 0x1c, 0x10, 0xff, 0x38, 0x1c, 0x10, 0xff,
    0x30, 0x1c, 0x08, 0xff, 0x38, 0x18, 0x10, 0xff, 0x38, 0x1c, 0x10, 0xff,
    0x38, 0x1c, 0x08, 0xff, 0x38, 0x1c, 0x08, 0xff, 0x38, 0x1c, 0x08, 0xff,
    0x30, 0x1c, 0x10, 0xff, 0x38, 0x18, 0x10, 0xff, 0x30, 0x1c, 0x10, 0xff,
    0x30, 0x1c, 0x08, 0xff, 0x38, 0x1c, 0x08, 0xff, 0x38, 0x1c, 0x10, 0xff,
    0x38, 0x18, 0x08, 0xff, 0x38, 0x1c, 0x10, 0xff, 0x30, 0x18, 0x08, 0xff,
    0x30, 0x1c, 0x10, 0xff, 0x38, 0x1c, 0x08, 0xff, 0x30, 0x18, 0x10, 0xff,
    0x38, 0x18, 0x10, 0xff, 0x38, 0x1c, 0x08, 0xff, 0x38, 0x18, 0x10, 0xff,
    0x38, 0x1c, 0x08, 0xff, 0x38, 0x1c, 0x10, 0xff, 0x38, 0x18, 0x10, 0xff,
    0x38, 0x1c, 0x08, 0xff, 0x30, 0x1c, 0x10, 0xff, 0x38, 0x1c, 0x10, 0xff,
    0x38, 0x1c, 0x10, 0xff, 0x30, 0x18, 0x10, 0xff, 0x38, 0x1c, 0x08, 0xff,
    0x38, 0x1c, 0x08, 0xff, 0x38, 0x18, 0x10, 0xff, 0x38, 0x1c, 0x10, 0xff,
    0x30, 0x1c, 0x08, 0xff, 0x30, 0x1c, 0x10, 0xff, 0x38, 0x1c, 0x10, 0xff,
    0x38, 0x1c, 0x08, 0xff, 0x30, 0x18, 0x10, 0xff, 0x38, 0x18, 0x10, 0xff,
    0x38, 0x1c, 0x08, 0xff, 0x30, 0x1c, 0x10, 0xff, 0x38, 0x18, 0x10, 0xff,
    0x38, 0x1c, 0x10, 0xff, 0x38, 0x1c, 0x08, 0xff, 0x30, 0x1c, 0x08, 0xff,
    0x38, 0x1c, 0x10, 0xff, 0x38, 0x1c, 0x10, 0xff, 0x38, 0x18, 0x08, 0xff,
    0x38, 0x1c, 0x10, 0xff, 0x30, 0x18, 0x08, 0xff, 0x38, 0x1c, 0x10, 0xff,
    0x38, 0x1c, 0x10, 0xff, 0x38, 0x1c, 0x10, 0xff, 0x30, 0x1c, 0x10, 0xff,
    0x38, 0x18, 0x08, 0xff, 0x38, 0x18, 0x10, 0xff, 0x38, 0x1c, 0x08, 0xff,
    0x38, 0x18, 0x08, 0xff, 0x38, 0x1c, 0x10, 0xff, 0x38, 0x18, 0x10, 0xff,
    0x30, 0x18, 0x10, 0xff, 0x38, 0x1c, 0x10, 0xff, 0x38, 0x1c, 0x10, 0xff,
    0x30, 0x1c, 0x10, 0xff, 0x38, 0x1c, 0x10, 0xff, 0x38, 0x18, 0x08, 0xff,
    0x38, 0x1c, 0x08, 0xff, 0x38, 0x1c, 0x10, 0xff, 0x30, 0x1c, 0x10, 0xff,
    0x38, 0x1c, 0x10, 0xff, 0x30, 0x1c, 0x08, 0xff, 0x38, 0x1c, 0x10, 0xff,
    0x30, 0x18, 0x10, 0xff, 0x30, 0x1c, 0x10, 0xff, 0x38, 0x1c, 0x10, 0xff,
    0x30, 0x1c, 0x08, 0xff, 0x38, 0x18, 0x08, 0xff, 0x38, 0x1c, 0x08, 0xff,
    0x38, 0x18, 0x10, 0xff, 0x38, 0x1c, 0x10, 0xff, 0x30, 0x1c, 0x10, 0xff,
    0x38, 0x18, 0x10, 0xff, 0x38, 0x1c, 0x10, 0xff, 0x38, 0x1c, 0x10, 0xff,
    0x38, 0x18, 0x08, 0xff, 0x38, 0x1c, 0x08, 0xff, 0x30, 0x1c, 0x10, 0xff,
    0x38, 0x1c, 0x08, 0xff, 0x38, 0x1c, 0x10, 0xff, 0x38, 0x1c, 0x10, 0xff,
    0x38, 0x1c, 0x08, 0xff, 0x38, 0x1c, 0x08, 0xff, 0x38, 0x1c, 0x10, 0xff,
    0x30, 0x18, 0x10, 0xff, 0x38, 0x1c, 0x08, 0xff, 0x38, 0x18, 0x08, 0xff,
    0x38, 0x18, 0x10, 0xff, 0x38, 0x1c, 0x10, 0xff, 0x30, 0x1c, 0x08, 0xff,
    0x38, 0x1c, 0x10, 0xff, 0x38, 0x18, 0x08, 0xff, 0x38, 0x1c, 0x08, 0xff,
    0x30, 0x18, 0x08, 0xff, 0x38, 0x1c, 0x10, 0xff, 0x30, 0x1c, 0x10, 0xff,
    0x38, 0x1c, 0x10, 0xff, 0x38, 0x1c, 0x10, 0xff, 0x30, 0x1c, 0x10, 0xff,
    0x38, 0x1c, 0x08, 0xff, 0x38, 0x1c, 0x10, 0xff, 0x38, 0x1c, 0x08, 0xff,
    0x30, 0x1c, 0x10, 0xff, 0x38, 0x1c, 0x08, 0xff, 0x38, 0x1c, 0x08, 0xff,
    0x38, 0x1c, 0x10, 0xff, 0x38, 0x1c, 0x10, 0xff, 0x38, 0x1c, 0x10, 0xff,
    0x38, 0x18, 0x08, 0xff, 0x38, 0x1c, 0x10, 0xff, 0x38, 0x1c, 0x08, 0xff,
    0x38, 0x1c, 0x10, 0xff, 0x38, 0x1c, 0x10, 0xff, 0x38, 0x1c, 0x08, 0xff,
    0x38, 0x1c, 0x08, 0xff, 0x38, 0x1c, 0x08, 0xff, 0x38, 0x18, 0x10, 0xff,
    0x38, 0x1c, 0x10, 0xff, 0x30, 0x1c, 0x10, 0xff, 0x38, 0x1c, 0x08, 0xff,
    0x38, 0x1c, 0x10, 0xff, 0x38, 0x1c, 0x08, 0xff, 0x30, 0x1c, 0x08, 0xff,
    0x38, 0x1c, 0x08, 0xff, 0x38, 0x1c, 0x08, 0xff, 0x38, 0x1c, 0x10, 0xff,
    0x38, 0x18, 0x10, 0xff, 0x38, 0x1c, 0x08, 0xff, 0x38, 0x1c, 0x10, 0xff,
    0x38, 0x1c, 0x08, 0xff, 0x30, 0x1c, 0x10, 0xff, 0x38, 0x18, 0x10, 0xff,
    0x38, 0x1c, 0x10, 0xff, 0x30, 0x1c, 0x08, 0xff, 0x38, 0x18, 0x10, 0xff,
    0x38, 0x1c, 0x10, 0xff, 0x38, 0x1c, 0x10, 0xff, 0x30, 0x1c, 0x08, 0xff,
    0x30, 0x1c, 0x10, 0xff, 0x38, 0x1c, 0x10, 0xff, 0x38, 0x1c, 0x08, 0xff,
    0x38, 0x1c, 0x10, 0xff, 0x30, 0x1c, 0x10, 0xff, 0x38, 0x1c, 0x10, 0xff,
    0x38, 0x18, 0x08, 0xff, 0x38, 0x1c, 0x08, 0xff, 0x38, 0x1c, 0x10, 0xff,
    0x30, 0x1c, 0x10, 0xff, 0x38, 0x18, 0x08, 0xff, 0x30, 0x1c, 0x10, 0xff,
    0x38, 0x1c, 0x10, 0xff, 0x38, 0x1c, 0x10, 0xff, 0x38, 0x18, 0x08, 0xff,
    0x38, 0x1c, 0x10, 0xff, 0x38, 0x18, 0x10, 0xff, 0x30, 0x18, 0x08, 0xff,
    0x38, 0x1c, 0x08, 0xff, 0x30, 0x1c, 0x10, 0xff, 0x30, 0x1c, 0x10, 0xff,
    0x38, 0x1c, 0x08, 0xff, 0x30, 0x18, 0x08, 0xff, 0x38, 0x18, 0x10, 0xff,
    0x38, 0x1c, 0x08, 0xff, 0x38, 0x18, 0x10, 0xff, 0x38, 0x1c, 0x10, 0xff,
    0x38, 0x1c, 0x10, 0xff, 0x30, 0x18, 0x10, 0xff, 0x38, 0x1c, 0x10, 0xff,
    0x38, 0x1c, 0x10, 0xff, 0x30, 0x18, 0x10, 0xff, 0x38, 0x1c, 0x08, 0xff,
    0x30, 0x1c, 0x10, 0xff, 0x38, 0x18, 0x10, 0xff, 0x38, 0x1c, 0x10, 0xff,
    0x30, 0x18, 0x10, 0xff, 0x30, 0x1c, 0x10, 0xff, 0x38, 0x1c, 0x10, 0xff,
    0x30, 0x1c, 0x10, 0xff, 0x38, 0x18, 0x10, 0xff, 0x38, 0x18, 0x10, 0xff,
    0x30, 0x1c, 0x08, 0xff, 0x38, 0x1c, 0x08, 0xff, 0x38, 0x18, 0x10, 0xff,
    0x30, 0x1c, 0x10, 0xff, 0x38, 0x1c, 0x08, 0xff, 0x38, 0x1c, 0x10, 0xff,
    0x30, 0x1c, 0x10, 0xff, 0x38, 0x1c, 0x10, 0xff, 0x38, 0x1c, 0x08, 0xff,
    0x38, 0x18, 0x08, 0xff, 0x38, 0x18, 0x10, 0xff, 0x30, 0x1c, 0x10, 0xff,
    0x38, 0x1c, 0x10, 0xff, 0x38, 0x1c, 0x10, 0xff, 0x38, 0x1c, 0x10, 0xff,
    0x38, 0x1c, 0x10, 0xff, 0x30, 0x18, 0x08, 0xff, 0x38, 0x1c, 0x08, 0xff,
    0x38, 0x1c, 0x08, 0xff, 0x38, 0x18, 0x10, 0xff, 0x38, 0x1c, 0x08, 0xff,
    0x30, 0x18, 0x08, 0xff, 0x38, 0x1c, 0x10, 0xff, 0x38, 0x1c, 0x10, 0xff,
    0x30, 0x1c, 0x10, 0xff, 0x38, 0x1c, 0x10, 0xff, 0x38, 0x18, 0x10, 0xff,
    0x38, 0x1c, 0x08, 0xff, 0x38, 0x18, 0x10, 0xff, 0x38, 0x1c, 0x10, 0xff,
    0x38, 0x1c, 0x10, 0xff, 0x30, 0x1c, 0x10, 0xff, 0x38, 0x1c, 0x10, 0xff,
    0x30, 0x1c, 0x10, 0xff, 0x30, 0x18, 0x10, 0xff, 0x38, 0x1c, 0x08, 0xff,
    0x38, 0x1c, 0x08, 0xff, 0x38, 0x1c, 0x08, 0xff, 0x38, 0x1c, 0x08, 0xff,
    0x38, 0x18, 0x08, 0xff, 0x38, 0x1c, 0x10, 0xff, 0x38, 0x1c, 0x10, 0xff,
    0x38, 0x18, 0x10, 0xff, 0x38, 0x1c, 0x08, 0xff, 0x38, 0x1c, 0x10, 0xff,
    0x38, 0x18, 0x08, 0xff, 0x38, 0x1c, 0x08, 0xff, 0x38, 0x1c, 0x08, 0xff,
    0x30, 0x1c, 0x08, 0xff, 0x38, 0x1c, 0x10, 0xff, 0x38, 0x1c, 0x10, 0xff,
    0x30, 0x18, 0x08, 0xff, 0x38, 0x1c, 0x08, 0xff, 0x38, 0x1c, 0x10, 0xff,
    0x38, 0x1c, 0x10, 0xff, 0x38, 0x1c, 0x08, 0xff, 0x38, 0x18, 0x08, 0xff,
    0x38, 0x18, 0x10, 0xff, 0x38, 0x1c, 0x10, 0xff, 0x30, 0x1c, 0x10, 0xff,
    0x38, 0x1c, 0x10, 0xff, 0x38, 0x1c, 0x08, 0xff, 0x38, 0x18, 0x08, 0xff,
    0x38, 0x18, 0x08, 0xff, 0x38, 0x1c, 0x08, 0xff, 0x30, 0x1c, 0x10, 0xff,
    0x38, 0x1c, 0x10, 0xff, 0x38, 0x18, 0x10, 0xff, 0x38, 0x1c, 0x10, 0xff,
    0x38, 0x1c, 0x10, 0xff, 0x30, 0x1c, 0x08, 0xff, 0x38, 0x1c, 0x10, 0xff,
    0x38, 0x1c, 0x10, 0xff, 0x30, 0x18, 0x08, 0xff, 0x38, 0x1c, 0x08, 0xff,
    0x38, 0x1c, 0x08, 0xff, 0x38, 0x1c, 0x10, 0xff, 0x30, 0x1c, 0x10, 0xff,
    0x38, 0x1c, 0x08, 0xff, 0x38, 0x18, 0x10, 0xff, 0x38, 0x1c, 0x08, 0xff,
    0x38, 0x1c, 0x10, 0xff, 0x38, 0x1c, 0x10, 0xff, 0x38, 0x18, 0x08, 0xff,
    0x38, 0x1c, 0x08, 0xff, 0x38, 0x1c, 0x10, 0xff, 0x30, 0x1c, 0x10, 0xff,
    0x38, 0x1c, 0x10, 0xff, 0x30, 0x18, 0x10, 0xff, 0x38, 0x1c, 0x10, 0xff,
    0x38, 0x1c, 0x10, 0xff, 0x30, 0x1c, 0x08, 0xff, 0x38, 0x1c, 0x08, 0xff,
    0x30, 0x1c, 0x10, 0xff, 0x38, 0x1c, 0x08, 0xff, 0x38, 0x1c, 0x10, 0xff,
    0x38, 0x1c, 0x10, 0xff, 0x30, 0x18, 0x10, 0xff, 0x38, 0x1c, 0x10, 0xff,
    0x38, 0x1c, 0x08, 0xff, 0x38, 0x1c, 0x10, 0xff, 0x38, 0x1c, 0x10, 0xff,
    0x38, 0x1c, 0x10, 0xff, 0x38, 0x1c, 0x10, 0xff, 0x38, 0x18, 0x08, 0xff,
    0x30, 0x1c, 0x10, 0xff, 0x30, 0x1c, 0x10, 0xff, 0x38, 0x1c, 0x08, 0xff,
    0x38, 0x1c, 0x10, 0xff, 0x38, 0x18, 0x08, 0xff, 0x30, 0x1c, 0x08, 0xff,
    0x38, 0x1c, 0x10, 0xff, 0x30, 0x1c, 0x10, 0xff, 0x30, 0x1c, 0x10, 0xff,
    0x38, 0x18, 0x10, 0xff, 0x38, 0x1c, 0x08, 0xff, 0x38, 0x1c, 0x10, 0xff,
    0x38, 0x1c, 0x08, 0xff, 0x38, 0x1c, 0x10, 0xff, 0x30, 0x1c, 0x10, 0xff,
    0x38, 0x1c, 0x10, 0xff, 0x38, 0x18, 0x10, 0xff, 0x30, 0x1c, 0x10, 0xff,
    0x38, 0x1c, 0x08, 0xff, 0x38, 0x18, 0x10, 0xff, 0x38, 0x1c, 0x10, 0xff,
    0x30, 0x1c, 0x08, 0xff, 0x38, 0x1c, 0x10, 0xff, 0x38, 0x1c, 0x10, 0xff,
    0x30, 0x1c, 0x08, 0xff, 0x30, 0x18, 0x10, 0xff, 0x38, 0x1c, 0x10, 0xff,
    0x38, 0x1c, 0x08, 0xff, 0x38, 0x1c, 0x10, 0xff, 0x38, 0x1c, 0x10, 0xff,
    0x38, 0x1c, 0x08, 0xff, 0x30, 0x18, 0x10, 0xff, 0x38, 0x1c, 0x10, 0xff,
    0x38, 0x1c, 0x08, 0xff, 0x30, 0x18, 0x10, 0xff, 0x38, 0x1c, 0x08, 0xff,
    0x30, 0x18, 0x10, 0xff, 0x38, 0x1c, 0x10, 0xff, 0x38, 0x1c, 0x08, 0xff,
    0x30, 0x18, 0x10, 0xff, 0x38, 0x1c, 0x10, 0xff, 0x30, 0x1c, 0x08, 0xff,
    0x38, 0x1c, 0x10, 0xff, 0x38, 0x18, 0x10, 0xff, 0x38, 0x1c, 0x10, 0xff,
    0x30, 0x18, 0x08, 0xff, 0x38, 0x1c, 0x10, 0xff, 0x38, 0x1c, 0x10, 0xff,
    0x30, 0x18, 0x08, 0xff, 0x38, 0x1c, 0x08, 0xff, 0x38, 0x18, 0x10, 0xff,
    0x38, 0x1c, 0x10, 0xff, 0x30, 0x1c, 0x10, 0xff, 0x38, 0x1c, 0x08, 0xff,
    0x30, 0x18, 0x10, 0xff, 0x38, 0x1c, 0x10, 0xff, 0x38, 0x18, 0x10, 0xff,
    0x38, 0x1c, 0x08, 0xff, 0x38, 0x1c, 0x10, 0xff, 0x30, 0x1c, 0x10, 0xff,
    0x38, 0x1c, 0x10, 0xff, 0x38, 0x18, 0x08, 0xff, 0x30, 0x1c, 0x10, 0xff,
    0x30, 0x1c, 0x08, 0xff, 0x38, 0x18, 0x08, 0xff, 0x38, 0x18, 0x10, 0xff,
    0x38, 0x1c, 0x08, 0xff, 0x38, 0x1c, 0x08, 0xff, 0x38, 0x1c, 0x10, 0xff,
    0x38, 0x1c, 0x10, 0xff, 0x30, 0x18, 0x10, 0xff, 0x38, 0x1c, 0x10, 0xff,
    0x38, 0x18, 0x08, 0xff, 0x38, 0x18, 0x10, 0xff, 0x38, 0x1c, 0x10, 0xff,
    0x38, 0x1c, 0x08, 0xff, 0x38, 0x1c, 0x08, 0xff, 0x38, 0x1c, 0x10, 0xff,
    0x30, 0x18, 0x10, 0xff, 0x30, 0x1c, 0x10, 0xff, 0x38, 0x1c, 0x10, 0xff,
    0x38, 0x18, 0x08, 0xff, 0x38, 0x1c, 0x08, 0xff, 0x38, 0x1c, 0x10, 0xff,
    0x38, 0x1c, 0x08, 0xff, 0x38, 0x1c, 0x10, 0xff, 0x38, 0x1c, 0x08, 0xff,
    0x38, 0x18, 0x10, 0xff, 0x38, 0x1c, 0x10, 0xff, 0x38, 0x1c, 0x10, 0xff,
    0x38, 0x18, 0x08, 0xff, 0x38, 0x1c, 0x10, 0xff, 0x38, 0x18, 0x08, 0xff,
    0x38, 0x1c, 0x08, 0xff, 0x30, 0x1c, 0x08, 0xff, 0x38, 0x1c, 0x10, 0xff,
    0x30, 0x18, 0x08, 0xff, 0x38, 0x1c, 0x08, 0xff, 0x38, 0x1c, 0x10, 0xff,
    0x30, 0x1c, 0x10, 0xff, 0x38, 0x1c, 0x10, 0xff, 0x38, 0x1c, 0x08, 0xff,
    0x38, 0x18, 0x08, 0xff, 0x38, 0x1c, 0x10, 0xff, 0x38, 0x1c, 0x10, 0xff,
    0x38, 0x1c, 0x10, 0xff, 0x38, 0x1c, 0x08, 0xff, 0x38, 0x18, 0x10, 0xff,
    0x38, 0x1c, 0x08, 0xff, 0x38, 0x1c, 0x08, 0xff, 0x30, 0x18, 0x10, 0xff,
    0x38, 0x1c, 0x10, 0xff, 0x38, 0x18, 0x10, 0xff, 0x38, 0x1c, 0x10, 0xff,
    0x38, 0x1c, 0x08, 0xff, 0x38, 0x1c, 0x08, 0xff, 0x30, 0x1c, 0x10, 0xff,
    0x38, 0x1c, 0x10, 0xff, 0x38, 0x18, 0x10, 0xff, 0x30, 0x1c, 0x08, 0xff,
    0x38, 0x1c, 0x08, 0xff, 0x38, 0x1c, 0x08, 0xff, 0x38, 0x1c, 0x10, 0xff,
    0x38, 0x1c, 0x08, 0xff, 0x30, 0x1c, 0x08, 0xff, 0x38, 0x1c, 0x10, 0xff,
    0x38, 0x1c, 0x10, 0xff, 0x38, 0x1c, 0x10, 0xff, 0x38, 0x1c, 0x08, 0xff,
    0x38, 0x18, 0x08, 0xff, 0x38, 0x1c, 0x08, 0xff, 0x30, 0x1c, 0x10, 0xff,
    0x38, 0x18, 0x10, 0xff, 0x38, 0x1c, 0x10, 0xff, 0x30, 0x1c, 0x10, 0xff,
    0x38, 0x1c, 0x10, 0xff, 0x38, 0x1c, 0x10, 0xff, 0x30, 0x1c, 0x08, 0xff,
    0x38, 0x1c, 0x10, 0xff, 0x38, 0x18, 0x08, 0xff, 0x38, 0x1c, 0x10, 0xff,
    0x30, 0x1c, 0x10, 0xff, 0x38, 0x1c, 0x10, 0xff, 0x38, 0x1c, 0x10, 0xff,
    0x38, 0x1c, 0x10, 0xff, 0x38, 0x18, 0x10, 0xff, 0x38, 0x1c, 0x10, 0xff,
    0x30, 0x18, 0x08, 0xff, 0x38, 0x1c, 0x10, 0xff, 0x38, 0x1c, 0x10, 0xff,
    0x30, 0x1c, 0x10, 0xff, 0x38, 0x18, 0x08, 0xff, 0x38, 0x1c, 0x10, 0xff,
    0x38, 0x1c, 0x10, 0xff, 0x30, 0x18, 0x08, 0xff, 0x38, 0x1c, 0x08, 0xff,
    0x30, 0x1c, 0x10, 0xff, 0x30, 0x1c, 0x08, 0xff, 0x38, 0x1c, 0x10, 0xff,
    0x38, 0x18, 0x10, 0xff, 0x38, 0x1c, 0x08, 0xff, 0x30, 0x1c, 0x08, 0xff,
    0x38, 0x1c, 0x08, 0xff, 0x38, 0x18, 0x10, 0xff, 0x30, 0x1c, 0x10, 0xff,
    0x38, 0x1c, 0x10, 0xff, 0x38, 0x1c, 0x10, 0xff, 0x30, 0x18, 0x08, 0xff,
    0x38, 0x1c, 0x08, 0xff, 0x38, 0x1c, 0x10, 0xff, 0x38, 0x1c, 0x10, 0xff,
    0x30, 0x1c, 0x10, 0xff, 0x38, 0x18, 0x10, 0xff, 0x30, 0x1c, 0x10, 0xff,
    0x38, 0x1c, 0x10, 0xff, 0x38, 0x18, 0x10, 0xff, 0x38, 0x1c, 0x10, 0xff,
    0x38, 0x1c, 0x08, 0xff, 0x38, 0x18, 0x10, 0xff, 0x38, 0x1c, 0x10, 0xff,
    0x38, 0x1c, 0x10, 0xff, 0x38, 0x1c, 0x10, 0xff, 0x30, 0x1c, 0x10, 0xff,
    0x38, 0x18, 0x08, 0xff, 0x38, 0x1c, 0x08, 0xff, 0x38, 0x18, 0x08, 0xff,
    0x30, 0x18, 0x10, 0xff, 0x38, 0x1c, 0x10, 0xff, 0x38, 0x1c, 0x08, 0xff,
    0x30, 0x1c, 0x10, 0xff, 0x30, 0x1c, 0x08, 0xff, 0x38, 0x1c, 0x08, 0xff,
    0x38, 0x18, 0x10, 0xff, 0x30, 0x1c, 0x10, 0xff, 0x30, 0x1c, 0x08, 0xff,
    0x38, 0x1c, 0x08, 0xff, 0x38, 0x1c, 0x10, 0xff, 0x38, 0x1c, 0x10, 0xff,
    0x38, 0x18, 0x10, 0xff, 0x38, 0x1c, 0x08, 0xff, 0x38, 0x18, 0x08, 0xff,
    0x38, 0x1c, 0x10, 0xff, 0x30, 0x1c, 0x10, 0xff, 0x30, 0x1c, 0x10, 0xff,
    0x38, 0x1c, 0x08, 0xff, 0x38, 0x1c, 0x10, 0xff, 0x38, 0x18, 0x10, 0xff,
    0x38, 0x1c, 0x10, 0xff, 0x30, 0x1c, 0x10, 0xff, 0x38, 0x18, 0x10, 0xff,
    0x38, 0x1c, 0x10, 0xff, 0x38, 0x1c, 0x10, 0xff, 0x38, 0x1c, 0x10, 0xff,
    0x38, 0x1c, 0x08, 0xff, 0x38, 0x1c, 0x10, 0xff, 0x38, 0x18, 0x10, 0xff,
    0x30, 0x18, 0x08, 0xff, 0x38, 0x1c, 0x10, 0xff, 0x38, 0x1c, 0x10, 0xff,
    0x30, 0x1c, 0x10, 0xff, 0x38, 0x18, 0x10, 0xff, 0x38, 0x1c, 0x08, 0xff,
    0x30, 0x1c, 0x08, 0xff, 0x38, 0x18, 0x10, 0xff, 0x38, 0x1c, 0x10, 0xff,
    0x30, 0x1c, 0x08, 0xff, 0x30, 0x18, 0x08, 0xff, 0x38, 0x1c, 0x10, 0xff,
    0x30, 0x1c, 0x10, 0xff, 0x30, 0x1c, 0x10, 0xff, 0x38, 0x1c, 0x08, 0xff,
    0x30, 0x18, 0x08, 0xff, 0x38, 0x1c, 0x08, 0xff, 0x38, 0x1c, 0x10, 0xff,
    0x38, 0x1c, 0x10, 0xff, 0x30, 0x1c, 0x10, 0xff, 0x38, 0x1c, 0x08, 0xff,
    0x38, 0x1c, 0x10, 0xff, 0x38, 0x18, 0x10, 0xff, 0x38, 0x1c, 0x08, 0xff,
    0x38, 0x1c, 0x10, 0xff, 0x38, 0x1c, 0x10, 0xff, 0x38, 0x18, 0x08, 0xff,
    0x38, 0x1c, 0x08, 0xff, 0x38, 0x18, 0x10, 0xff, 0x38, 0x1c, 0x10, 0xff,
    0x30, 0x1c, 0x08, 0xff, 0x38, 0x1c, 0x10, 0xff, 0x38, 0x1c, 0x08, 0xff,
    0x30, 0x1c, 0x08, 0xff, 0x38, 0x1c, 0x10, 0xff, 0x38, 0x1c, 0x08, 0xff,
    0x38, 0x1c, 0x10, 0xff, 0x38, 0x1c, 0x08, 0xff, 0x38, 0x18, 0x10, 0xff,
    0x38, 0x1c, 0x10, 0xff, 0x38, 0x1c, 0x10, 0xff, 0x38, 0x18, 0x08, 0xff,
    0x38, 0x1c, 0x08, 0xff, 0x30, 0x1c, 0x08, 0xff, 0x38, 0x1c, 0x08, 0xff,
    0x38, 0x1c, 0x10, 0xff, 0x30, 0x18, 0x10, 0xff, 0x30, 0x1c, 0x10, 0xff,
    0x38, 0x1c, 0x08, 0xff, 0x38, 0x1c, 0x08, 0xff, 0x38, 0x1c, 0x10, 0xff,
    0x38, 0x1c, 0x10, 0xff, 0x38, 0x1c, 0x10, 0xff, 0x38, 0x18, 0x08, 0xff,
    0x38, 0x1c, 0x08, 0xff, 0x38, 0x18, 0x10, 0xff, 0x38, 0x1c, 0x10, 0xff,
    0x38, 0x1c, 0x08, 0xff, 0x38, 0x18, 0x08, 0xff, 0x38, 0x1c, 0x10, 0xff,
    0x38, 0x1c, 0x10, 0xff, 0x38, 0x1c, 0x10, 0xff, 0x38, 0x18, 0x08, 0xff,
    0x38, 0x1c, 0x08, 0xff, 0x38, 0x1c, 0x10, 0xff, 0x38, 0x18, 0x10, 0xff,
    0x38, 0x1c, 0x10, 0xff, 0x38, 0x1c, 0x08, 0xff, 0x30, 0x1c, 0x10, 0xff,
    0x38, 0x18, 0x10, 0xff, 0x38, 0x1c, 0x10, 0xff, 0x30, 0x1c, 0x08, 0xff,
    0x30, 0x1c, 0x08, 0xff, 0x38, 0x18, 0x10, 0xff, 0x38, 0x18, 0x10, 0xff,
    0x38, 0x1c, 0x10, 0xff, 0x38, 0x1c, 0x10, 0xff, 0x30, 0x1c, 0x10, 0xff,
    0x38, 0x1c, 0x10, 0xff, 0x38, 0x18, 0x10, 0xff, 0x38, 0x1c, 0x10, 0xff,
    0x30, 0x18, 0x08, 0xff, 0x38, 0x1c, 0x10, 0xff, 0x38, 0x1c, 0x10, 0xff,
    0x30, 0x18, 0x10, 0xff, 0x38, 0x18, 0x10, 0xff, 0x38, 0x1c, 0x08, 0xff,
    0x38, 0x18, 0x10, 0xff, 0x38, 0x1c, 0x08, 0xff, 0x30, 0x1c, 0x08, 0xff,
    0x30, 0x1c, 0x08, 0xff, 0x38, 0x1c, 0x10, 0xff, 0x38, 0x1c, 0x10, 0xff,
    0x38, 0x1c, 0x10, 0xff, 0x30, 0x1c, 0x10, 0xff, 0x38, 0x18, 0x08, 0xff,
    0x38, 0x1c, 0x08, 0xff, 0x38, 0x18, 0x08, 0xff, 0x38, 0x1c, 0x10, 0xff,
    0x30, 0x18, 0x10, 0xff, 0x38, 0x1c, 0x08, 0xff, 0x38, 0x1c, 0x08, 0xff,
    0x30, 0x18, 0x08, 0xff, 0x38, 0x1c, 0x10, 0xff, 0x38, 0x1c, 0x08, 0xff,
    0x30, 0x1c, 0x10, 0xff, 0x38, 0x1c, 0x10, 0xff, 0x38, 0x1c, 0x08, 0xff,
    0x30, 0x1c, 0x10, 0xff, 0x38, 0x1c, 0x10, 0xff, 0x38, 0x1c, 0x08, 0xff,
    0x38, 0x1c, 0x08, 0xff, 0x38, 0x1c, 0x10, 0xff, 0x38, 0x18, 0x10, 0xff,
    0x38, 0x1c, 0x08, 0xff, 0x30, 0x1c, 0x10, 0xff, 0x38, 0x1c, 0x10, 0xff,
    0x30, 0x1c, 0x10, 0xff, 0x38, 0x18, 0x08, 0xff, 0x38, 0x1c, 0x08, 0xff,
    0x38, 0x1c, 0x08, 0xff, 0x38, 0x18, 0x10, 0xff, 0x38, 0x1c, 0x10, 0xff,
    0x38, 0x1c, 0x10, 0xff, 0x38, 0x1c, 0x08, 0xff, 0x30, 0x1c, 0x08, 0xff,
    0x30, 0x18, 0x10, 0xff, 0x38, 0x1c, 0x08, 0xff, 0x38, 0x1c, 0x08, 0xff,
    0x38, 0x1c, 0x08, 0xff, 0x30, 0x1c, 0x08, 0xff, 0x38, 0x1c, 0x10, 0xff,
    0x38, 0x18, 0x10, 0xff, 0x30, 0x1c, 0x08, 0xff, 0x38, 0x1c, 0x10, 0xff,
    0x38, 0x1c, 0x10, 0xff, 0x30, 0x1c, 0x10, 0xff, 0x30, 0x1c, 0x08, 0xff,
    0x38, 0x18, 0x10, 0xff, 0x38, 0x1c, 0x10, 0xff, 0x38, 0x18, 0x10, 0xff,
    0x30, 0x1c, 0x08, 0xff, 0x38, 0x1c, 0x10, 0xff, 0x38, 0x18, 0x10, 0xff,
    0x38, 0x18, 0x10, 0xff, 0x30, 0x1c, 0x10, 0xff, 0x38, 0x1c, 0x10, 0xff,
    0x38, 0x1c, 0x10, 0xff, 0x30, 0x1c, 0x10, 0xff, 0x38, 0x1c, 0x10, 0xff,
    0x30, 0x1c, 0x10, 0xff, 0x38, 0x1c, 0x10, 0xff, 0x38, 0x18, 0x10, 0xff,
    0x30, 0x1c, 0x10, 0xff, 0x38, 0x1c, 0x10, 0xff, 0x38, 0x1c, 0x10, 0xff,
    0x30, 0x18, 0x08, 0xff, 0x38, 0x1c, 0x10, 0xff, 0x38, 0x1c, 0x10, 0xff,
    0x30, 0x18, 0x08, 0xff, 0x38, 0x1c, 0x10, 0xff, 0x38, 0x1c, 0x10, 0xff,
    0x30, 0x18, 0x10, 0xff, 0x30, 0x1c, 0x10, 0xff, 0x38, 0x1c, 0x10, 0xff,
    0x30, 0x1c, 0x08, 0xff, 0x38, 0x18, 0x08, 0xff, 0x38, 0x1c, 0x10, 0xff,
    0x38, 0x18, 0x10, 0xff, 0x38, 0x1c, 0x10, 0xff, 0x30, 0x1c, 0x10, 0xff,
    0x38, 0x18, 0x10, 0xff, 0x38, 0x1c, 0x10, 0xff, 0x30, 0x1c, 0x08, 0xff,
    0x38, 0x1c, 0x10, 0xff, 0x38, 0x1c, 0x10, 0xff, 0x38, 0x1c, 0x08, 0xff,
    0x38, 0x1c, 0x10, 0xff, 0x38, 0x18, 0x10, 0xff, 0x30, 0x1c, 0x10, 0xff,
    0x38, 0x1c, 0x10, 0xff, 0x38, 0x18, 0x10, 0xff, 0x38, 0x1c, 0x08, 0xff,
    0x38, 0x1c, 0x08, 0xff, 0x38, 0x1c, 0x10, 0xff, 0x38, 0x1c, 0x08, 0xff,
    0x38, 0x1c, 0x08, 0xff, 0x38, 0x18, 0x10, 0xff, 0x30, 0x1c, 0x10, 0xff,
    0x38, 0x1c, 0x10, 0xff, 0x38, 0x1c, 0x10, 0xff, 0x38, 0x18, 0x10, 0xff,
    0x30, 0x1c, 0x08, 0xff, 0x38, 0x1c, 0x08, 0xff, 0x38, 0x1c, 0x08, 0xff,
    0x38, 0x1c, 0x08, 0xff, 0x38, 0x1c, 0x10, 0xff, 0x30, 0x1c, 0x10, 0xff,
    0x38, 0x18, 0x08, 0xff, 0x38, 0x1c, 0x08, 0xff, 0x38, 0x1c, 0x08, 0xff,
    0x30, 0x18, 0x10, 0xff, 0x38, 0x1c, 0x10, 0xff, 0x38, 0x1c, 0x08, 0xff,
    0x30, 0x1c, 0x08, 0xff, 0x38, 0x18, 0x10, 0xff, 0x38, 0x1c, 0x10, 0xff,
    0x30, 0x1c, 0x08, 0xff, 0x38, 0x18, 0x10, 0xff, 0x38, 0x1c, 0x10, 0xff,
    0x30, 0x18, 0x08, 0xff, 0x38, 0x1c, 0x10, 0xff, 0x38, 0x1c, 0x08, 0xff,
    0x38, 0x1c, 0x08, 0xff, 0x38, 0x1c, 0x08, 0xff, 0x38, 0x18, 0x10, 0xff,
    0x38, 0x1c, 0x10, 0xff, 0x38, 0x1c, 0x08, 0xff, 0x30, 0x1c, 0x08, 0xff,
    0x38, 0x1c, 0x10, 0xff, 0x38, 0x1c, 0x10, 0xff, 0x30, 0x1c, 0x08, 0xff,
    0x38, 0x1c, 0x08, 0xff, 0x38, 0x1c, 0x08, 0xff, 0x30, 0x18, 0x10, 0xff,
    0x38, 0x18, 0x10, 0xff, 0x38, 0x1c, 0x10, 0xff, 0x38, 0x1c, 0x08, 0xff,
    0x30, 0x1c, 0x10, 0xff, 0x38, 0x18, 0x10, 0xff, 0x38, 0x1c, 0x08, 0xff,
    0x38, 0x1c, 0x10, 0xff, 0x30, 0x1c, 0x10, 0xff, 0x30, 0x1c, 0x10, 0xff,
    0x38, 0x18, 0x08, 0xff, 0x30, 0x18, 0x10, 0xff, 0x38, 0x1c, 0x10, 0xff,
    0x38, 0x1c, 0x10, 0xff, 0x38, 0x1c, 0x08, 0xff, 0x30, 0x1c, 0x08, 0xff,
    0x38, 0x1c, 0x08, 0xff, 0x38, 0x1c, 0x10, 0xff, 0x38, 0x18, 0x10, 0xff,
    0x38, 0x1c, 0x10, 0xff, 0x30, 0x1c, 0x10, 0xff, 0x38, 0x1c, 0x10, 0xff,
    0x38, 0x18, 0x08, 0xff, 0x38, 0x18, 0x08, 0xff, 0x38, 0x1c, 0x10, 0xff,
    0x38, 0x18, 0x10, 0xff, 0x38, 0x1c, 0x10, 0xff, 0x38, 0x1c, 0x08, 0xff,
    0x38, 0x1c, 0x08, 0xff, 0x38, 0x1c, 0x10, 0xff, 0x38, 0x18, 0x10, 0xff,
    0x38, 0x1c, 0x08, 0xff, 0x38, 0x1c, 0x08, 0xff, 0x38, 0x18, 0x10, 0xff,
    0x38, 0x1c, 0x10, 0xff, 0x38, 0x1c, 0x08, 0xff, 0x38, 0x1c, 0x10, 0xff,
    0x38, 0x1c, 0x08, 0xff, 0x38, 0x18, 0x10, 0xff, 0x38, 0x1c, 0x10, 0xff,
    0x38, 0x1c, 0x10, 0xff, 0x30, 0x18, 0x10, 0xff, 0x38, 0x1c, 0x10, 0xff,
    0x30, 0x1c, 0x10, 0xff, 0x38, 0x18, 0x10, 0xff, 0x38, 0x1c, 0x08, 0xff,
    0x30, 0x1c, 0x08, 0xff, 0x38, 0x18, 0x10, 0xff, 0x38, 0x1c, 0x10, 0xff,
    0x38, 0x18, 0x10, 0xff, 0x38, 0x1c, 0x08, 0xff, 0x30, 0x1c, 0x08, 0xff,
    0x38, 0x18, 0x10, 0xff, 0x38, 0x1c, 0x10, 0xff, 0x30, 0x18, 0x08, 0xff,
    0x38, 0x1c, 0x08, 0xff, 0x38, 0x1c, 0x10, 0xff, 0x38, 0x1c, 0x08, 0xff,
    0x38, 0x18, 0x08, 0xff, 0x38, 0x1c, 0x10, 0xff, 0x38, 0x1c, 0x10, 0xff,
    0x38, 0x1c, 0x10, 0xff, 0x30, 0x1c, 0x08, 0xff, 0x38, 0x18, 0x10, 0xff,
    0x38, 0x1c, 0x10, 0xff, 0x38, 0x18, 0x08, 0xff, 0x38, 0x18, 0x10, 0xff,
    0x30, 0x1c, 0x08, 0xff, 0x38, 0x1c, 0x10, 0xff, 0x38, 0x1c, 0x08, 0xff,
    0x38, 0x18, 0x10, 0xff, 0x30, 0x1c, 0x10, 0xff, 0x38, 0x1c, 0x10, 0xff,
    0x38, 0x1c, 0x08, 0xff, 0x30, 0x1c, 0x10, 0xff, 0x38, 0x1c, 0x10, 0xff,
    0x30, 0x1c, 0x10, 0xff, 0x38, 0x1c, 0x10, 0xff, 0x38, 0x18, 0x10, 0xff,
    0x30, 0x1c, 0x08, 0xff, 0x38, 0x18, 0x10, 0xff, 0x38, 0x1c, 0x10, 0xff,
    0x30, 0x1c, 0x10, 0xff, 0x38, 0x1c, 0x10, 0xff, 0x38, 0x1c, 0x08, 0xff,
    0x30, 0x1c, 0x08, 0xff, 0x38, 0x1c, 0x10, 0xff, 0x38, 0x1c, 0x10, 0xff,
    0x30, 0x1c, 0x10, 0xff, 0x30, 0x18, 0x10, 0xff, 0x38, 0x1c, 0x08, 0xff,
    0x38, 0x1c, 0x08, 0xff, 0x38, 0x1c, 0x08, 0xff, 0x38, 0x1c, 0x08, 0xff,
    0x38, 0x18, 0x10, 0xff, 0x38, 0x1c, 0x10, 0xff, 0x38, 0x1c, 0x10, 0xff,
    0x38, 0x18, 0x10, 0xff, 0x38, 0x1c, 0x10, 0xff, 0x30, 0x1c, 0x08, 0xff,
    0x38, 0x1c, 0x10, 0xff, 0x38, 0x1c, 0x10, 0xff, 0x30, 0x1c, 0x08, 0xff,
    0x38, 0x1c, 0x10, 0xff, 0x38, 0x1c, 0x10, 0xff, 0x38, 0x1c, 0x10, 0xff,
    0x30, 0x18, 0x08, 0xff, 0x38, 0x1c, 0x10, 0xff, 0x38, 0x1c, 0x10, 0xff,
    0x38, 0x18, 0x08, 0xff, 0x38, 0x1c, 0x10, 0xff, 0x30, 0x1c, 0x08, 0xff,
    0x38, 0x1c, 0x08, 0xff, 0x38, 0x1c, 0x10, 0xff, 0x30, 0x1c, 0x10, 0xff,
    0x38, 0x1c, 0x10, 0xff, 0x38, 0x1c, 0x10, 0xff, 0x38, 0x1c, 0x10, 0xff,
    0x30, 0x1c, 0x08, 0xff, 0x38, 0x18, 0x10, 0xff, 0x30, 0x1c, 0x08, 0xff,
    0x38, 0x1c, 0x08, 0xff, 0x38, 0x1c, 0x10, 0xff, 0x30, 0x1c, 0x10, 0xff,
    0x38, 0x1c, 0x08, 0xff, 0x38, 0x1c, 0x08, 0xff, 0x38, 0x1c, 0x08, 0xff,
    0x30, 0x18, 0x08, 0xff, 0x38, 0x1c, 0x10, 0xff, 0x38, 0x1c, 0x10, 0xff,
    0x30, 0x1c, 0x08, 0xff, 0x38, 0x1c, 0x10, 0xff, 0x38, 0x18, 0x08, 0xff,
    0x30, 0x1c, 0x10, 0xff, 0x38, 0x1c, 0x10, 0xff, 0x38, 0x18, 0x10, 0xff,
    0x30, 0x18, 0x10, 0xff, 0x38, 0x1c, 0x10, 0xff, 0x38, 0x18, 0x08, 0xff,
    0x38, 0x1c, 0x08, 0xff, 0x38, 0x1c, 0x10, 0xff, 0x30, 0x1c, 0x10, 0xff,
    0x38, 0x1c, 0x10, 0xff, 0x38, 0x18, 0x10, 0xff, 0x30, 0x1c, 0x08, 0xff,
    0x38, 0x1c, 0x10, 0xff, 0x30, 0x1c, 0x08, 0xff, 0x38, 0x1c, 0x08, 0xff,
    0x38, 0x1c, 0x08, 0xff, 0x30, 0x1c, 0x10, 0xff, 0x38, 0x18, 0x10, 0xff,
    0x38, 0x1c, 0x10, 0xff, 0x38, 0x1c, 0x10, 0xff, 0x30, 0x1c, 0x08, 0xff,
    0x38, 0x18, 0x08, 0xff, 0x38, 0x1c, 0x10, 0xff, 0x30, 0x1c, 0x10, 0xff,
    0x38, 0x1c, 0x10, 0xff, 0x30, 0x1c, 0x10, 0xff, 0x30, 0x1c, 0x08, 0xff,
    0x38, 0x1c, 0x10, 0xff, 0x38, 0x18, 0x10, 0xff, 0x38, 0x18, 0x10, 0xff,
    0x38, 0x1c, 0x08, 0xff, 0x38, 0x18, 0x08, 0xff, 0x30, 0x1c, 0x08, 0xff,
    0x38, 0x1c, 0x10, 0xff, 0x30, 0x1c, 0x10, 0xff, 0x38, 0x18, 0x08, 0xff,
    0x38, 0x1c, 0x10, 0xff, 0x38, 0x1c, 0x10, 0xff, 0x38, 0x1c, 0x10, 0xff,
    0x38, 0x18, 0x08, 0xff, 0x38, 0x18, 0x10, 0xff, 0x38, 0x1c, 0x10, 0xff,
    0x38, 0x18, 0x10, 0xff, 0x30, 0x18, 0x10, 0xff, 0x38, 0x1c, 0x10, 0xff,
    0x38, 0x1c, 0x08, 0xff, 0x30, 0x1c, 0x10, 0xff, 0x38, 0x1c, 0x10, 0xff,
    0x38, 0x1c, 0x08, 0xff, 0x30, 0x18, 0x10, 0xff, 0x38, 0x1c, 0x08, 0xff,
    0x38, 0x1c, 0x08, 0xff, 0x30, 0x1c, 0x10, 0xff, 0x38, 0x1c, 0x10, 0xff,
    0x38, 0x1c, 0x08, 0xff, 0x38, 0x1c, 0x10, 0xff, 0x38, 0x1c, 0x10, 0xff,
    0x38, 0x1c, 0x08, 0xff, 0x30, 0x18, 0x10, 0xff, 0x38, 0x1c, 0x10, 0xff,
    0x30, 0x1c, 0x10, 0xff, 0x38, 0x18, 0x10, 0xff, 0x38, 0x1c, 0x08, 0xff,
    0x38, 0x18, 0x10, 0xff, 0x30, 0x1c, 0x10, 0xff, 0x38, 0x1c, 0x10, 0xff,
    0x38, 0x18, 0x10, 0xff, 0x38, 0x1c, 0x08, 0xff, 0x38, 0x1c, 0x08, 0xff,
    0x38, 0x18, 0x08, 0xff, 0x38, 0x18, 0x10, 0xff, 0x38, 0x1c, 0x10, 0xff,
    0x38, 0x1c, 0x08, 0xff, 0x38, 0x1c, 0x10, 0xff, 0x38, 0x18, 0x08, 0xff,
    0x38, 0x18, 0x08, 0xff, 0x38, 0x1c, 0x10, 0xff, 0x38, 0x1c, 0x08, 0xff,
    0x30, 0x1c, 0x10, 0xff, 0x38, 0x1c, 0x08, 0xff, 0x38, 0x1c, 0x10, 0xff,
    0x38, 0x1c, 0x10, 0xff, 0x38, 0x18, 0x10, 0xff, 0x38, 0x1c, 0x08, 0xff,
    0x38, 0x18, 0x08, 0xff, 0x38, 0x1c, 0x10, 0xff, 0x38, 0x1c, 0x10, 0xff,
    0x38, 0x1c, 0x10, 0xff, 0x30, 0x18, 0x08, 0xff, 0x30, 0x1c, 0x10, 0xff,
    0x38, 0x1c, 0x08, 0xff, 0x30, 0x1c, 0x10, 0xff, 0x38, 0x1c, 0x08, 0xff,
    0x38, 0x1c, 0x10, 0xff, 0x38, 0x1c, 0x10, 0xff, 0x38, 0x1c, 0x10, 0xff,
    0x38, 0x18, 0x08, 0xff, 0x38, 0x18, 0x08, 0xff, 0x38, 0x1c, 0x10, 0xff,
    0x38, 0x1c, 0x10, 0xff, 0x38, 0x1c, 0x10, 0xff, 0x38, 0x18, 0x08, 0xff,
    0x38, 0x1c, 0x08, 0xff, 0x38, 0x1c, 0x08, 0xff, 0x38, 0x1c, 0x10, 0xff,
    0x30, 0x18, 0x10, 0xff, 0x30, 0x1c, 0x10, 0xff, 0x38, 0x1c, 0x10, 0xff,
    0x38, 0x18, 0x08, 0xff, 0x38, 0x1c, 0x08, 0xff, 0x38, 0x1c, 0x08, 0xff,
    0x38, 0x1c, 0x08, 0xff, 0x38, 0x1c, 0x10, 0xff, 0x30, 0x1c, 0x10, 0xff,
    0x38, 0x18, 0x10, 0xff, 0x38, 0x1c, 0x08, 0xff, 0x30, 0x1c, 0x08, 0xff,
    0x38, 0x1c, 0x10, 0xff, 0x30, 0x1c, 0x10, 0xff, 0x30, 0x1c, 0x10, 0xff,
    0x38, 0x1c, 0x10, 0xff, 0x38, 0x1c, 0x10, 0xff, 0x30, 0x18, 0x10, 0xff,
    0x30, 0x1c, 0x08, 0xff, 0x38, 0x1c, 0x10, 0xff, 0x38, 0x1c, 0x10, 0xff,
    0x38, 0x1c, 0x10, 0xff, 0x38, 0x18, 0x10, 0xff, 0x30, 0x1c, 0x08, 0xff,
    0x38, 0x1c, 0x10, 0xff, 0x30, 0x1c, 0x10, 0xff, 0x30, 0x1c, 0x10, 0xff,
    0x38, 0x1c, 0x08, 0xff, 0x38, 0x1c, 0x10, 0xff, 0x30, 0x1c, 0x10, 0xff,
    0x30, 0x1c, 0x08, 0xff, 0x38, 0x1c, 0x08, 0xff, 0x30, 0x18, 0x08, 0xff,
    0x38, 0x1c, 0x10, 0xff, 0x38, 0x1c, 0x10, 0xff, 0x38, 0x1c, 0x10, 0xff,
    0x38, 0x1c, 0x08, 0xff, 0x30, 0x18, 0x10, 0xff, 0x38, 0x1c, 0x08, 0xff,
    0x38, 0x1c, 0x08, 0xff, 0x38, 0x1c, 0x08, 0xff, 0x30, 0x1c, 0x10, 0xff,
    0x38, 0x1c, 0x10, 0xff, 0x38, 0x1c, 0x10, 0xff, 0x30, 0x18, 0x08, 0xff,
    0x38, 0x1c, 0x10, 0xff, 0x38, 0x1c, 0x10, 0xff, 0x30, 0x18, 0x10, 0xff,
    0x38, 0x1c, 0x10, 0xff, 0x38, 0x1c, 0x10, 0xff, 0x38, 0x1c, 0x08, 0xff,
    0x38, 0x18, 0x08, 0xff, 0x38, 0x1c, 0x08, 0xff, 0x30, 0x1c, 0x10, 0xff,
    0x38, 0x18, 0x10, 0xff, 0x38, 0x1c, 0x10, 0xff, 0x30, 0x1c, 0x10, 0xff,
    0x38, 0x1c, 0x10, 0xff, 0x38, 0x1c, 0x08, 0xff, 0x38, 0x1c, 0x08, 0xff,
    0x38, 0x1c, 0x10, 0xff, 0x38, 0x18, 0x10, 0xff, 0x38, 0x18, 0x10, 0xff,
    0x38, 0x1c, 0x10, 0xff, 0x38, 0x18, 0x08, 0xff, 0x38, 0x1c, 0x08, 0xff,
    0x30, 0x1c, 0x08, 0xff, 0x38, 0x1c, 0x10, 0xff, 0x38, 0x18, 0x10, 0xff,
    0x38, 0x1c, 0x10, 0xff, 0x30, 0x1c, 0x08, 0xff, 0x30, 0x18, 0x08, 0xff,
    0x38, 0x1c, 0x10, 0xff, 0x38, 0x18, 0x10, 0xff, 0x38, 0x1c, 0x10, 0xff,
    0x38, 0x18, 0x08, 0xff, 0x38, 0x18, 0x08, 0xff, 0x30, 0x1c, 0x10, 0xff,
    0x38, 0x1c, 0x10, 0xff, 0x38, 0x18, 0x10, 0xff, 0x38, 0x1c, 0x10, 0xff,
    0x38, 0x18, 0x10, 0xff, 0x38, 0x1c, 0x10, 0xff, 0x38, 0x1c, 0x08, 0xff,
    0x38, 0x1c, 0x10, 0xff, 0x38, 0x1c, 0x08, 0xff, 0x38, 0x18, 0x10, 0xff,
    0x38, 0x1c, 0x10, 0xff, 0x30, 0x1c, 0x10, 0xff, 0x38, 0x18, 0x10, 0xff,
    0x30, 0x18, 0x10, 0xff, 0x38, 0x1c, 0x10, 0xff, 0x38, 0x1c, 0x10, 0xff,
    0x30, 0x1c, 0x08, 0xff, 0x38, 0x1c, 0x10, 0xff, 0x38, 0x1c, 0x08, 0xff,
    0x30, 0x1c, 0x10, 0xff, 0x38, 0x1c, 0x10, 0xff, 0x38, 0x18, 0x10, 0xff,
    0x38, 0x1c, 0x08, 0xff, 0x38, 0x18, 0x10, 0xff, 0x38, 0x1c, 0x10, 0xff,
    0x38, 0x1c, 0x10, 0xff, 0x38, 0x1c, 0x10, 0xff, 0x30, 0x1c, 0x10, 0xff,
    0x38, 0x18, 0x08, 0xff, 0x38, 0x1c, 0x10, 0xff, 0x38, 0x18, 0x08, 0xff,
    0x30, 0x18, 0x10, 0xff, 0x38, 0x1c, 0x10, 0xff, 0x38, 0x1c, 0x08, 0xff,
    0x30, 0x1c, 0x10, 0xff, 0x38, 0x1c, 0x08, 0xff, 0x38, 0x1c, 0x08, 0xff,
    0x38, 0x1c, 0x10, 0xff, 0x38, 0x18, 0x10, 0xff, 0x38, 0x1c, 0x10, 0xff,
    0x38, 0x1c, 0x08, 0xff, 0x38, 0x1c, 0x08, 0xff, 0x38, 0x1c, 0x08, 0xff,
    0x38, 0x18, 0x10, 0xff, 0x38, 0x1c, 0x10, 0xff, 0x38, 0x1c, 0x08, 0xff,
    0x30, 0x1c, 0x08, 0xff, 0x38, 0x1c, 0x08, 0xff, 0x38, 0x1c, 0x10, 0xff,
    0x38, 0x1c, 0x10, 0xff, 0x38, 0x1c, 0x10, 0xff, 0x38, 0x1c, 0x08, 0xff,
    0x38, 0x18, 0x08, 0xff, 0x38, 0x1c, 0x08, 0xff, 0x38, 0x1c, 0x10, 0xff,
    0x30, 0x1c, 0x10, 0xff, 0x38, 0x1c, 0x10, 0xff, 0x38, 0x18, 0x08, 0xff,
    0x30, 0x18, 0x10, 0xff, 0x30, 0x1c, 0x10, 0xff, 0x38, 0x1c, 0x08, 0xff,
    0x38, 0x1c, 0x08, 0xff, 0x38, 0x1c, 0x10, 0xff, 0x38, 0x1c, 0x10, 0xff,
    0x30, 0x18, 0x08, 0xff, 0x38, 0x18, 0x08, 0xff, 0x38, 0x1c, 0x10, 0xff,
    0x38, 0x1c, 0x08, 0xff, 0x38, 0x18, 0x10, 0xff, 0x30, 0x18, 0x08, 0xff,
    0x38, 0x1c, 0x08, 0xff, 0x38, 0x1c, 0x08, 0xff, 0x38, 0x1c, 0x10, 0xff,
    0x30, 0x1c, 0x10, 0xff, 0x30, 0x1c, 0x10, 0xff, 0x38, 0x1c, 0x08, 0xff,
    0x30, 0x18, 0x08, 0xff, 0x38, 0x1c, 0x08, 0xff, 0x38, 0x1c, 0x10, 0xff,
    0x38, 0x1c, 0x08, 0xff, 0x30, 0x1c, 0x10, 0xff, 0x38, 0x1c, 0x08, 0xff,
    0x38, 0x1c, 0x10, 0xff, 0x30, 0x18, 0x10, 0xff, 0x38, 0x1c, 0x08, 0xff,
    0x38, 0x1c, 0x10, 0xff, 0x30, 0x1c, 0x10, 0xff, 0x30, 0x1c, 0x08, 0xff,
    0x38, 0x1c, 0x10, 0xff, 0x30, 0x1c, 0x10, 0xff, 0x38, 0x18, 0x10, 0xff,
    0x38, 0x1c, 0x10, 0xff, 0x30, 0x1c, 0x10, 0xff, 0x38, 0x1c, 0x10, 0xff,
    0x38, 0x1c, 0x10, 0xff, 0x38, 0x1c, 0x10, 0xff, 0x38, 0x1c, 0x10, 0xff,
    0x30, 0x1c, 0x10, 0xff, 0x38, 0x18, 0x10, 0xff, 0x30, 0x1c, 0x08, 0xff,
    0x38, 0x18, 0x08, 0xff, 0x38, 0x1c, 0x10, 0xff, 0x30, 0x1c, 0x10, 0xff,
    0x30, 0x1c, 0x10, 0xff, 0x38, 0x1c, 0x08, 0xff, 0x38, 0x18, 0x08, 0xff,
    0x30, 0x1c, 0x08, 0xff, 0x38, 0x1c, 0x10, 0xff, 0x38, 0x1c, 0x10, 0xff,
    0x38, 0x1c, 0x08, 0xff, 0x38, 0x1c, 0x10, 0xff, 0x38, 0x18, 0x10, 0xff,
    0x38, 0x1c, 0x08, 0xff, 0x30, 0x1c, 0x08, 0xff, 0x38, 0x1c, 0x10, 0xff,
    0x38, 0x1c, 0x10, 0xff, 0x38, 0x1c, 0x08, 0xff, 0x30, 0x18, 0x10, 0xff,
    0x38, 0x1c, 0x10, 0xff, 0x38, 0x1c, 0x10, 0xff, 0x38, 0x1c, 0x10, 0xff,
    0x38, 0x1c, 0x10, 0xff, 0x38, 0x1c, 0x10, 0xff, 0x38, 0x18, 0x08, 0xff,
    0x38, 0x1c, 0x08, 0xff, 0x38, 0x1c, 0x10, 0xff, 0x38, 0x18, 0x10, 0xff,
    0x38, 0x1c, 0x10, 0xff, 0x38, 0x1c, 0x10, 0xff, 0x30, 0x1c, 0x10, 0xff,
    0x38, 0x18, 0x10, 0xff, 0x38, 0x1c, 0x10, 0xff, 0x30, 0x1c, 0x08, 0xff,
    0x38, 0x1c, 0x10, 0xff, 0x38, 0x18, 0x10, 0xff, 0x38, 0x1c, 0x10, 0xff,
    0x38, 0x18, 0x10, 0xff, 0x38, 0x18, 0x10, 0xff, 0x38, 0x1c, 0x08, 0xff,
    0x38, 0x1c, 0x08, 0xff, 0x30, 0x1c, 0x08, 0xff, 0x38, 0x18, 0x10, 0xff,
    0x38, 0x1c, 0x10, 0xff, 0x30, 0x1c, 0x08, 0xff, 0x38, 0x18, 0x08, 0xff,
    0x30, 0x1c, 0x08, 0xff, 0x38, 0x18, 0x10, 0xff, 0x38, 0x18, 0x10, 0xff,
    0x38, 0x1c, 0x08, 0xff, 0x38, 0x1c, 0x10, 0xff, 0x30, 0x1c, 0x10, 0xff,
    0x38, 0x18, 0x10, 0xff, 0x38, 0x1c, 0x10, 0xff, 0x38, 0x18, 0x08, 0xff,
    0x38, 0x1c, 0x10, 0xff, 0x30, 0x1c, 0x10, 0xff, 0x38, 0x18, 0x10, 0xff,
    0x38, 0x1c, 0x10, 0xff, 0x30, 0x1c, 0x08, 0xff, 0x38, 0x18, 0x08, 0xff,
    0x38, 0x1c, 0x10, 0xff, 0x30, 0x1c, 0x10, 0xff, 0x38, 0x18, 0x10, 0xff,
    0x38, 0x1c, 0x10, 0xff, 0x38, 0x1c, 0x10, 0xff, 0x38, 0x1c, 0x08, 0xff,
    0x30, 0x1c, 0x10, 0xff, 0x38, 0x1c, 0x10, 0xff, 0x38, 0x1c, 0x10, 0xff,
    0x38, 0x1c, 0x08, 0xff, 0x30, 0x1c, 0x10, 0xff, 0x38, 0x18, 0x10, 0xff,
    0x38, 0x1c, 0x08, 0xff, 0x38, 0x1c, 0x10, 0xff, 0x38, 0x18, 0x10, 0xff,
    0x38, 0x1c, 0x08, 0xff, 0x30, 0x1c, 0x10, 0xff, 0x38, 0x1c, 0x10, 0xff,
    0x38, 0x1c, 0x08, 0xff, 0x30, 0x18, 0x08, 0xff, 0x38, 0x1c, 0x08, 0xff,
    0x38, 0x1c, 0x10, 0xff, 0x38, 0x18, 0x10, 0xff, 0x38, 0x1c, 0x08, 0xff,
    0x30, 0x1c, 0x08, 0xff, 0x30, 0x1c, 0x08, 0xff, 0x38, 0x1c, 0x08, 0xff,
    0x38, 0x1c, 0x08, 0xff, 0x30, 0x18, 0x10, 0xff, 0x38, 0x18, 0x10, 0xff,
    0x38, 0x1c, 0x10, 0xff, 0x30, 0x1c, 0x08, 0xff, 0x38, 0x1c, 0x08, 0xff,
    0x38, 0x18, 0x10, 0xff, 0x38, 0x1c, 0x10, 0xff, 0x38, 0x1c, 0x10, 0xff,
    0x30, 0x1c, 0x08, 0xff, 0x38, 0x1c, 0x08, 0xff, 0x38, 0x1c, 0x10, 0xff,
    0x38, 0x1c, 0x08, 0xff, 0x38, 0x1c, 0x10, 0xff, 0x30, 0x1c, 0x08, 0xff,
    0x38, 0x1c, 0x08, 0xff, 0x38, 0x1c, 0x10, 0xff, 0x38, 0x18, 0x10, 0xff,
    0x38, 0x1c, 0x10, 0xff, 0x38, 0x1c, 0x08, 0xff, 0x38, 0x18, 0x10, 0xff,
    0x38, 0x1c, 0x10, 0xff, 0x30, 0x1c, 0x10, 0xff, 0x38, 0x18, 0x08, 0xff,
    0x38, 0x1c, 0x08, 0xff, 0x30, 0x1c, 0x10, 0xff, 0x38, 0x1c, 0x08, 0xff,
    0x38, 0x18, 0x08, 0xff, 0x30, 0x18, 0x10, 0xff, 0x38, 0x1c, 0x10, 0xff,
    0x38, 0x18, 0x08, 0xff, 0x38, 0x1c, 0x08, 0xff, 0x30, 0x1c, 0x10, 0xff,
    0x38, 0x18, 0x08, 0xff, 0x38, 0x1c, 0x08, 0xff, 0x38, 0x1c, 0x10, 0xff,
    0x30, 0x18, 0x10, 0xff, 0x30, 0x1c, 0x10, 0xff, 0x38, 0x1c, 0x10, 0xff,
    0x30, 0x1c, 0x08, 0xff, 0x38, 0x18, 0x08, 0xff, 0x38, 0x1c, 0x10, 0xff,
    0x38, 0x18, 0x10, 0xff, 0x38, 0x1c, 0x10, 0xff, 0x30, 0x1c, 0x08, 0xff,
    0x38, 0x18, 0x10, 0xff, 0x38, 0x1c, 0x10, 0xff, 0x38, 0x1c, 0x10, 0xff,
    0x38, 0x18, 0x10, 0xff, 0x38, 0x1c, 0x10, 0xff, 0x30, 0x1c, 0x10, 0xff,
    0x38, 0x1c, 0x10, 0xff, 0x38, 0x1c, 0x10, 0xff, 0x38, 0x1c, 0x10, 0xff,
    0x38, 0x1c, 0x10, 0xff, 0x38, 0x18, 0x10, 0xff, 0x38, 0x1c, 0x08, 0xff,
    0x30, 0x1c, 0x10, 0xff, 0x38, 0x1c, 0x10, 0xff, 0x38, 0x18, 0x10, 0xff,
    0x38, 0x1c, 0x10, 0xff, 0x30, 0x1c, 0x10, 0xff, 0x30, 0x18, 0x10, 0xff,
    0x38, 0x18, 0x08, 0xff, 0x38, 0x1c, 0x10, 0xff, 0x30, 0x1c, 0x10, 0xff,
    0x38, 0x1c, 0x10, 0xff, 0x38, 0x1c, 0x08, 0xff, 0x30, 0x1c, 0x08, 0xff,
    0x38, 0x1c, 0x10, 0xff, 0x30, 0x1c, 0x08, 0xff, 0x38, 0x1c, 0x10, 0xff,
    0x38, 0x1c, 0x08, 0xff, 0x30, 0x1c, 0x10, 0xff, 0x38, 0x1c, 0x10, 0xff,
    0x38, 0x1c, 0x08, 0xff, 0x30, 0x1c, 0x10, 0xff, 0x38, 0x1c, 0x10, 0xff,
    0x38, 0x1c, 0x10, 0xff, 0x38, 0x1c, 0x08, 0xff, 0x38, 0x1c, 0x08, 0xff,
    0x30, 0x18, 0x10, 0xff, 0x38, 0x1c, 0x08, 0xff, 0x38, 0x1c, 0x10, 0xff,
    0x38, 0x1c, 0x10, 0xff, 0x38, 0x1c, 0x10, 0xff, 0x38, 0x1c, 0x08, 0xff,
    0x38, 0x1c, 0x08, 0xff, 0x38, 0x1c, 0x08, 0xff, 0x38, 0x18, 0x10, 0xff,
    0x38, 0x1c, 0x10, 0xff, 0x30, 0x1c, 0x08, 0xff, 0x38, 0x1c, 0x10, 0xff,
    0x38, 0x1c, 0x10, 0xff, 0x38, 0x1c, 0x10, 0xff, 0x30, 0x1c, 0x08, 0xff,
    0x38, 0x1c, 0x08, 0xff, 0x38, 0x1c, 0x10, 0xff, 0x38, 0x1c, 0x10, 0xff,
    0x38, 0x18, 0x10, 0xff, 0x38, 0x1c, 0x08, 0xff, 0x38, 0x1c, 0x08, 0xff,
    0x38, 0x1c, 0x08, 0xff, 0x30, 0x1c, 0x08, 0xff, 0x38, 0x18, 0x08, 0xff,
    0x38, 0x1c, 0x10, 0xff, 0x30, 0x1c, 0x10, 0xff, 0x38, 0x1c, 0x08, 0xff,
    0x38, 0x1c, 0x08, 0xff, 0x38, 0x18, 0x10, 0xff, 0x38, 0x1c, 0x08, 0xff,
    0x38, 0x1c, 0x08, 0xff, 0x38, 0x1c, 0x10, 0xff, 0x38, 0x1c, 0x10, 0xff,
    0x38, 0x1c, 0x10, 0xff, 0x38, 0x18, 0x08, 0xff, 0x38, 0x18, 0x08, 0xff,
    0x30, 0x1c, 0x10, 0xff, 0x38, 0x1c, 0x10, 0xff, 0x38, 0x18, 0x08, 0xff,
    0x38, 0x1c, 0x10, 0xff, 0x30, 0x1c, 0x08, 0xff, 0x38, 0x18, 0x10, 0xff,
    0x38, 0x1c, 0x10, 0xff, 0x38, 0x1c, 0x10, 0xff, 0x38, 0x18, 0x10, 0xff,
    0x38, 0x18, 0x10, 0xff, 0x30, 0x1c, 0x10, 0xff, 0x38, 0x1c, 0x08, 0xff,
    0x38, 0x1c, 0x10, 0xff, 0x30, 0x18, 0x10, 0xff, 0x38, 0x1c, 0x10, 0xff,
    0x38, 0x1c, 0x10, 0xff, 0x38, 0x1c, 0x10, 0xff, 0x30, 0x18, 0x10, 0xff,
    0x38, 0x1c, 0x08, 0xff, 0x38, 0x18, 0x10, 0xff, 0x38, 0x1c, 0x10, 0xff,
    0x38, 0x1c, 0x10, 0xff, 0x30, 0x18, 0x10, 0xff, 0x38, 0x1c, 0x10, 0xff,
    0x38, 0x1c, 0x10, 0xff, 0x30, 0x18, 0x08, 0xff, 0x38, 0x1c, 0x08, 0xff,
    0x30, 0x1c, 0x08, 0xff, 0x38, 0x18, 0x10, 0xff, 0x38, 0x1c, 0x10, 0xff,
    0x30, 0x18, 0x08, 0xff, 0x30, 0x1c, 0x08, 0xff, 0x38, 0x1c, 0x08, 0xff,
    0x30, 0x1c, 0x10, 0xff, 0x38, 0x18, 0x10, 0xff, 0x38, 0x18, 0x10, 0xff,
    0x30, 0x1c, 0x10, 0xff, 0x38, 0x1c, 0x10, 0xff, 0x38, 0x1c, 0x08, 0xff,
    0x30, 0x1c, 0x10, 0xff, 0x38, 0x18, 0x10, 0xff, 0x38, 0x1c, 0x08, 0xff,
    0x30, 0x1c, 0x08, 0xff, 0x30, 0x1c, 0x10, 0xff, 0x38, 0x1c, 0x10, 0xff,
    0x38, 0x18, 0x08, 0xff, 0x38, 0x1c, 0x08, 0xff, 0x30, 0x1c, 0x08, 0xff,
    0x38, 0x1c, 0x10, 0xff, 0x30, 0x1c, 0x10, 0xff, 0x38, 0x18, 0x10, 0xff,
    0x38, 0x1c, 0x08, 0xff, 0x38, 0x1c, 0x10, 0xff, 0x38, 0x18, 0x10, 0xff,
    0x38, 0x1c, 0x10, 0xff, 0x38, 0x1c, 0x10, 0xff, 0x38, 0x18, 0x08, 0xff,
    0x30, 0x1c, 0x08, 0xff, 0x38, 0x1c, 0x08, 0xff, 0x38, 0x1c, 0x08, 0xff,
    0x38, 0x1c, 0x08, 0xff, 0x38, 0x18, 0x10, 0xff, 0x30, 0x1c, 0x10, 0xff,
    0x38, 0x1c, 0x10, 0xff, 0x38, 0x1c, 0x08, 0xff, 0x38, 0x1c, 0x10, 0xff,
    0x30, 0x18, 0x08, 0xff, 0x38, 0x1c, 0x08, 0xff, 0x38, 0x1c, 0x10, 0xff,
    0x30, 0x1c, 0x10, 0xff, 0x30, 0x18, 0x10, 0xff, 0x38, 0x1c, 0x08, 0xff,
    0x38, 0x1c, 0x08, 0xff, 0x38, 0x1c, 0x08, 0xff, 0x38, 0x1c, 0x10, 0xff,
    0x38, 0x18, 0x10, 0xff, 0x38, 0x1c, 0x10, 0xff, 0x38, 0x1c, 0x10, 0xff,
    0x38, 0x18, 0x10, 0xff, 0x38, 0x1c, 0x10, 0xff, 0x38, 0x1c, 0x08, 0xff,
    0x38, 0x18, 0x10, 0xff, 0x38, 0x1c, 0x10, 0xff, 0x38, 0x1c, 0x10, 0xff,
    0x30, 0x1c, 0x10, 0xff, 0x38, 0x1c, 0x08, 0xff, 0x38, 0x1c, 0x10, 0xff,
    0x30, 0x18, 0x10, 0xff, 0x38, 0x18, 0x10, 0xff, 0x38, 0x1c, 0x08, 0xff,
    0x38, 0x1c, 0x10, 0xff, 0x30, 0x18, 0x10, 0xff, 0x38, 0x1c, 0x10, 0xff,
    0x38, 0x1c, 0x10, 0xff, 0x30, 0x18, 0x10, 0xff, 0x38, 0x1c, 0x10, 0xff,
    0x38, 0x1c, 0x10, 0xff, 0x30, 0x18, 0x10, 0xff, 0x38, 0x1c, 0x10, 0xff,
    0x38, 0x1c, 0x10, 0xff, 0x38, 0x1c, 0x08, 0xff, 0x38, 0x18, 0x10, 0xff,
    0x30, 0x1c, 0x10, 0xff, 0x30, 0x1c, 0x10, 0xff, 0x38, 0x18, 0x08, 0xff,
    0x38, 0x1c, 0x08, 0xff, 0x30, 0x1c, 0x10, 0xff, 0x38, 0x18, 0x10, 0xff,
    0x30, 0x1c, 0x10, 0xff, 0x38, 0x1c, 0x10, 0xff, 0x38, 0x18, 0x10, 0xff,
    0x30, 0x1c, 0x08, 0xff, 0x38, 0x1c, 0x08, 0xff, 0x38, 0x18, 0x08, 0xff,
    0x38, 0x1c, 0x10, 0xff, 0x30, 0x1c, 0x08, 0xff, 0x38, 0x18, 0x10, 0xff,
    0x38, 0x1c, 0x10, 0xff, 0x38, 0x1c, 0x10, 0xff, 0x38, 0x18, 0x08, 0xff,
    0x38, 0x1c, 0x08, 0xff, 0x38, 0x1c, 0x10, 0xff, 0x30, 0x1c, 0x10, 0xff,
    0x38, 0x1c, 0x10, 0xff, 0x30, 0x18, 0x08, 0xff, 0x38, 0x1c, 0x08, 0xff,
    0x38, 0x1c, 0x10, 0xff, 0x30, 0x1c, 0x10, 0xff, 0x38, 0x1c, 0x08, 0xff,
    0x30, 0x1c, 0x08, 0xff, 0x38, 0x1c, 0x10, 0xff, 0x38, 0x1c, 0x10, 0xff,
    0x38, 0x1c, 0x10, 0xff, 0x30, 0x18, 0x08, 0xff, 0x38, 0x1c, 0x08, 0xff,
    0x38, 0x1c, 0x10, 0xff, 0x38, 0x1c, 0x08, 0xff, 0x38, 0x1c, 0x08, 0xff,
    0x38, 0x1c, 0x08, 0xff, 0x38, 0x18, 0x10, 0xff, 0x38, 0x1c, 0x08, 0xff,
    0x38, 0x1c, 0x10, 0xff, 0x38, 0x1c, 0x10, 0xff, 0x38, 0x18, 0x08, 0xff,
    0x38, 0x1c, 0x08, 0xff, 0x30, 0x1c, 0x08, 0xff, 0x38, 0x1c, 0x10, 0xff,
    0x38, 0x1c, 0x10, 0xff, 0x38, 0x18, 0x08, 0xff, 0x38, 0x1c, 0x08, 0xff,
    0x30, 0x1c, 0x10, 0xff, 0x38, 0x1c, 0x08, 0xff, 0x38, 0x1c, 0x08, 0xff,
    0x38, 0x1c, 0x08, 0xff, 0x38, 0x1c, 0x10, 0xff, 0x30, 0x1c, 0x10, 0xff,
    0x38, 0x1c, 0x10, 0xff, 0x38, 0x1c, 0x10, 0xff, 0x38, 0x18, 0x08, 0xff,
    0x38, 0x1c, 0x10, 0xff, 0x30, 0x1c, 0x10, 0xff, 0x38, 0x1c, 0x10, 0xff,
    0x38, 0x1c, 0x10, 0xff, 0x38, 0x1c, 0x10, 0xff, 0x30, 0x18, 0x08, 0xff,
    0x38, 0x1c, 0x10, 0xff, 0x38, 0x1c, 0x10, 0xff, 0x38, 0x1c, 0x10, 0xff,
    0x38, 0x1c, 0x08, 0xff, 0x38, 0x1c, 0x10, 0xff, 0x38, 0x1c, 0x10, 0xff,
    0x38, 0x1c, 0x08, 0xff, 0x30, 0x18, 0x10, 0xff, 0x38, 0x1c, 0x10, 0xff,
    0x38, 0x1c, 0x10, 0xff, 0x30, 0x18, 0x10, 0xff, 0x38, 0x1c, 0x08, 0xff,
    0x30, 0x18, 0x08, 0xff, 0x38, 0x1c, 0x10, 0xff, 0x38, 0x1c, 0x10, 0xff,
    0x30, 0x18, 0x08, 0xff, 0x38, 0x1c, 0x10, 0xff, 0x30, 0x1c, 0x08, 0xff,
    0x38, 0x1c, 0x10, 0xff, 0x38, 0x18, 0x10, 0xff, 0x38, 0x1c, 0x08, 0xff,
    0x30, 0x18, 0x10, 0xff, 0x38, 0x1c, 0x10, 0xff, 0x38, 0x1c, 0x10, 0xff,
    0x30, 0x1c, 0x10, 0xff, 0x38, 0x1c, 0x10, 0xff, 0x30, 0x1c, 0x08, 0xff,
    0x38, 0x18, 0x08, 0xff, 0x38, 0x1c, 0x10, 0xff, 0x38, 0x1c, 0x10, 0xff,
    0x38, 0x18, 0x10, 0xff, 0x38, 0x1c, 0x08, 0xff, 0x38, 0x18, 0x08, 0xff,
    0x30, 0x1c, 0x10, 0xff, 0x38, 0x1c, 0x10, 0xff, 0x38, 0x18, 0x08, 0xff,
    0x38, 0x1c, 0x10, 0xff, 0x30, 0x1c, 0x10, 0xff, 0x38, 0x18, 0x10, 0xff,
    0x38, 0x1c, 0x08, 0xff, 0x30, 0x1c, 0x10, 0xff, 0x38, 0x18, 0x08, 0xff,
    0x38, 0x1c, 0x08, 0xff, 0x38, 0x1c, 0x10, 0xff, 0x30, 0x1c, 0x08, 0xff,
    0x38, 0x1c, 0x08, 0xff, 0x38, 0x18, 0x08, 0xff, 0x38, 0x1c, 0x10, 0xff,
    0x30, 0x1c, 0x10, 0xff, 0x38, 0x1c, 0x10, 0xff, 0x38, 0x1c, 0x10, 0xff,
    0x38, 0x1c, 0x08, 0xff, 0x30, 0x1c, 0x08, 0xff, 0x38, 0x1c, 0x10, 0xff,
    0x30, 0x18, 0x10, 0xff, 0x30, 0x1c, 0x10, 0xff, 0x38, 0x1c, 0x10, 0xff,
    0x38, 0x18, 0x08, 0xff, 0x38, 0x1c, 0x08, 0xff, 0x38, 0x1c, 0x08, 0xff,
    0x38, 0x1c, 0x10, 0xff, 0x38, 0x1c, 0x10, 0xff, 0x38, 0x1c, 0x10, 0xff,
    0x38, 0x18, 0x10, 0xff, 0x38, 0x1c, 0x10, 0xff, 0x38, 0x1c, 0x10, 0xff,
    0x38, 0x18, 0x10, 0xff, 0x38, 0x1c, 0x08, 0xff, 0x38, 0x18, 0x08, 0xff,
    0x38, 0x1c, 0x10, 0xff, 0x30, 0x1c, 0x10, 0xff, 0x38, 0x1c, 0x10, 0xff,
    0x30, 0x18, 0x10, 0xff, 0x38, 0x1c, 0x10, 0xff, 0x38, 0x1c, 0x08, 0xff,
    0x30, 0x1c, 0x10, 0xff, 0x38, 0x18, 0x10, 0xff, 0x38, 0x1c, 0x10, 0xff,
    0x30, 0x1c, 0x08, 0xff, 0x30, 0x1c, 0x10, 0xff, 0x38, 0x1c, 0x10, 0xff,
    0x38, 0x1c, 0x10, 0xff, 0x30, 0x1c, 0x10, 0xff, 0x38, 0x1c, 0x10, 0xff,
    0x38, 0x1c, 0x08, 0xff, 0x38, 0x1c, 0x10, 0xff, 0x30, 0x18, 0x10, 0xff,
    0x38, 0x1c, 0x10, 0xff, 0x38, 0x1c, 0x10, 0xff, 0x38, 0x18, 0x10, 0xff,
    0x38, 0x18, 0x08, 0xff, 0x38, 0x1c, 0x10, 0xff, 0x38, 0x1c, 0x10, 0xff,
    0x30, 0x1c, 0x10, 0xff, 0x38, 0x18, 0x10, 0xff, 0x38, 0x1c, 0x10, 0xff,
    0x38, 0x1c, 0x10, 0xff, 0x30, 0x18, 0x08, 0xff, 0x38, 0x18, 0x08, 0xff,
    0x38, 0x1c, 0x08, 0xff, 0x30, 0x1c, 0x08, 0xff, 0x38, 0x18, 0x10, 0xff,
    0x38, 0x18, 0x10, 0xff, 0x38, 0x1c, 0x10, 0xff, 0x38, 0x1c, 0x08, 0xff,
    0x38, 0x18, 0x08, 0xff, 0x38, 0x1c, 0x08, 0xff, 0x30, 0x1c, 0x10, 0xff,
    0x38, 0x18, 0x10, 0xff, 0x38, 0x1c, 0x10, 0xff, 0x30, 0x1c, 0x08, 0xff,
    0x38, 0x1c, 0x10, 0xff, 0x38, 0x1c, 0x08, 0xff, 0x30, 0x1c, 0x08, 0xff,
    0x38, 0x1c, 0x08, 0xff, 0x38, 0x18, 0x08, 0xff, 0x38, 0x1c, 0x08, 0xff,
    0x30, 0x1c, 0x10, 0xff, 0x38, 0x1c, 0x10, 0xff, 0x38, 0x1c, 0x10, 0xff,
    0x38, 0x1c, 0x08, 0xff, 0x38, 0x18, 0x08, 0xff, 0x38, 0x1c, 0x08, 0xff,
    0x30, 0x1c, 0x08, 0xff, 0x38, 0x18, 0x10, 0xff, 0x38, 0x18, 0x08, 0xff,
    0x38, 0x1c, 0x08, 0xff, 0x38, 0x1c, 0x10, 0xff, 0x38, 0x1c, 0x10, 0xff,
    0x38, 0x1c, 0x08, 0xff, 0x38, 0x18, 0x08, 0xff, 0x30, 0x1c, 0x08, 0xff,
    0x38, 0x1c, 0x10, 0xff, 0x38, 0x18, 0x08, 0xff, 0x38, 0x1c, 0x10, 0xff,
    0x30, 0x18, 0x10, 0xff, 0x38, 0x1c, 0x08, 0xff, 0x38, 0x1c, 0x08, 0xff,
    0x38, 0x1c, 0x08, 0xff, 0x30, 0x1c, 0x08, 0xff, 0x38, 0x1c, 0x10, 0xff,
    0x38, 0x1c, 0x10, 0xff, 0x30, 0x1c, 0x08, 0xff, 0x38, 0x18, 0x08, 0xff,
    0x38, 0x1c, 0x10, 0xff, 0x38, 0x18, 0x08, 0xff, 0x30, 0x1c, 0x10, 0xff,
    0x38, 0x1c, 0x10, 0xff, 0x38, 0x1c, 0x10, 0xff, 0x38, 0x1c, 0x10, 0xff,
    0x38, 0x18, 0x10, 0xff, 0x38, 0x1c, 0x10, 0xff, 0x30, 0x1c, 0x08, 0xff,
    0x38, 0x1c, 0x08, 0xff, 0x38, 0x18, 0x10, 0xff, 0x38, 0x1c, 0x10, 0xff,
    0x38, 0x1c, 0x10, 0xff, 0x38, 0x1c, 0x10, 0xff, 0x30, 0x1c, 0x10, 0xff,
    0x38, 0x18, 0x10, 0xff, 0x38, 0x1c, 0x10, 0xff, 0x38, 0x18, 0x08, 0xff,
    0x30, 0x18, 0x10, 0xff, 0x38, 0x1c, 0x10, 0xff, 0x38, 0x1c, 0x10, 0xff,
    0x30, 0x1c, 0x10, 0xff, 0x30, 0x1c, 0x10, 0xff, 0x38, 0x1c, 0x10, 0xff,
    0x38, 0x18, 0x10, 0xff, 0x30, 0x1c, 0x08, 0xff, 0x30, 0x1c, 0x10, 0xff,
    0x38, 0x1c, 0x10, 0xff, 0x38, 0x1c, 0x10, 0xff, 0x38, 0x1c, 0x10, 0xff,
    0x38, 0x1c, 0x08, 0xff, 0x38, 0x1c, 0x10, 0xff, 0x30, 0x1c, 0x10, 0xff,
    0x30, 0x1c, 0x08, 0xff, 0x38, 0x1c, 0x10, 0xff, 0x38, 0x18, 0x10, 0xff,
    0x38, 0x1c, 0x10, 0xff, 0x30, 0x1c, 0x10, 0xff, 0x38, 0x18, 0x08, 0xff,
    0x38, 0x1c, 0x10, 0xff, 0x30, 0x1c, 0x08, 0xff, 0x38, 0x1c, 0x08, 0xff,
    0x38, 0x1c, 0x10, 0xff, 0x38, 0x1c, 0x10, 0xff, 0x30, 0x18, 0x10, 0xff,
    0x38, 0x1c, 0x10, 0xff, 0x30, 0x1c, 0x10, 0xff, 0x38, 0x1c, 0x08, 0xff,
    0x38, 0x18, 0x10, 0xff, 0x38, 0x1c, 0x10, 0xff, 0x30, 0x1c, 0x08, 0xff,
    0x38, 0x1c, 0x10, 0xff, 0x38, 0x1c, 0x08, 0xff, 0x38, 0x1c, 0x10, 0xff,
    0x30, 0x1c, 0x08, 0xff, 0x38, 0x1c, 0x10, 0xff, 0x38, 0x1c, 0x10, 0xff,
    0x30, 0x1c, 0x08, 0xff, 0x38, 0x1c, 0x08, 0xff, 0x38, 0x1c, 0x10, 0xff,
    0x30, 0x1c, 0x10, 0xff, 0x30, 0x1c, 0x10, 0xff, 0x38, 0x1c, 0x08, 0xff,
    0x30, 0x18, 0x08, 0xff, 0x38, 0x1c, 0x08, 0xff, 0x38, 0x1c, 0x08, 0xff,
    0x38, 0x1c, 0x08, 0xff, 0x30, 0x1c, 0x10, 0xff, 0x38, 0x1c, 0x10, 0xff,
    0x38, 0x1c, 0x10, 0xff, 0x38, 0x18, 0x08, 0xff, 0x38, 0x1c, 0x10, 0xff,
    0x38, 0x1c, 0x10, 0xff, 0x38, 0x1c, 0x08, 0xff, 0x38, 0x18, 0x08, 0xff,
    0x38, 0x1c, 0x10, 0xff, 0x38, 0x18, 0x08, 0xff, 0x38, 0x1c, 0x10, 0xff,
    0x30, 0x1c, 0x10, 0xff, 0x38, 0x18, 0x08, 0xff, 0x38, 0x1c, 0x10, 0xff,
    0x30, 0x1c, 0x10, 0xff, 0x38, 0x18, 0x10, 0xff, 0x38, 0x18, 0x10, 0xff,
    0x38, 0x1c, 0x08, 0xff, 0x30, 0x1c, 0x08, 0xff, 0x38, 0x18, 0x10, 0xff,
    0x38, 0x1c, 0x10, 0xff, 0x38, 0x1c, 0x10, 0xff, 0x30, 0x1c, 0x10, 0xff,
    0x38, 0x1c, 0x10, 0xff, 0x38, 0x18, 0x10, 0xff, 0x38, 0x1c, 0x10, 0xff,
    0x30, 0x1c, 0x08, 0xff, 0x38, 0x18, 0x10, 0xff, 0x38, 0x1c, 0x10, 0xff,
    0x38, 0x1c, 0x08, 0xff, 0x38, 0x18, 0x10, 0xff, 0x30, 0x1c, 0x10, 0xff,
    0x38, 0x1c, 0x10, 0xff, 0x38, 0x1c, 0x10, 0xff, 0x38, 0x1c, 0x10, 0xff,
    0x30, 0x1c, 0x10, 0xff, 0x38, 0x18, 0x08, 0xff, 0x38, 0x18, 0x10, 0xff,
    0x38, 0x1c, 0x08, 0xff, 0x30, 0x18, 0x08, 0xff, 0x38, 0x1c, 0x10, 0xff,
    0x38, 0x1c, 0x10, 0xff, 0x38, 0x1c, 0x10, 0xff, 0x38, 0x18, 0x08, 0xff,
    0x38, 0x1c, 0x08, 0xff, 0x38, 0x1c, 0x10, 0xff, 0x38, 0x18, 0x10, 0xff,
    0x38, 0x1c, 0x10, 0xff, 0x38, 0x1c, 0x10, 0xff, 0x30, 0x1c, 0x10, 0xff,
    0x38, 0x18, 0x10, 0xff, 0x38, 0x1c, 0x08, 0xff, 0x30, 0x1c, 0x08, 0xff,
    0x30, 0x1c, 0x10, 0xff, 0x38, 0x18, 0x08, 0xff, 0x38, 0x18, 0x08, 0xff,
    0x38, 0x1c, 0x10, 0xff, 0x38, 0x1c, 0x10, 0xff, 0x30, 0x1c, 0x08, 0xff,
    0x38, 0x1c, 0x10, 0xff, 0x38, 0x18, 0x10, 0xff, 0x38, 0x1c, 0x08, 0xff,
    0x30, 0x1c, 0x10, 0xff, 0x38, 0x18, 0x10, 0xff, 0x38, 0x1c, 0x08, 0xff,
    0x38, 0x1c, 0x08, 0xff, 0x38, 0x1c, 0x10, 0xff, 0x38, 0x18, 0x10, 0xff,
    0x38, 0x1c, 0x08, 0xff, 0x30, 0x1c, 0x08, 0xff, 0x38, 0x1c, 0x10, 0xff,
    0x38, 0x1c, 0x08, 0xff, 0x38, 0x18, 0x08, 0xff, 0x38, 0x1c, 0x10, 0xff,
    0x30, 0x1c, 0x10, 0xff, 0x38, 0x18, 0x08, 0xff, 0x38, 0x1c, 0x08, 0xff,
    0x38, 0x1c, 0x10, 0xff, 0x38, 0x1c, 0x08, 0xff, 0x38, 0x18, 0x10, 0xff,
    0x30, 0x1c, 0x08, 0xff, 0x38, 0x1c, 0x08, 0xff, 0x38, 0x1c, 0x08, 0xff,
    0x38, 0x18, 0x08, 0xff, 0x30, 0x18, 0x08, 0xff, 0x38, 0x1c, 0x10, 0xff,
    0x38, 0x1c, 0x10, 0xff, 0x38, 0x1c, 0x10, 0xff, 0x30, 0x1c, 0x10, 0xff,
    0x38, 0x1c, 0x10, 0xff, 0x38, 0x18, 0x10, 0xff, 0x38, 0x1c, 0x10, 0xff,
    0x38, 0x1c, 0x08, 0xff, 0x38, 0x1c, 0x10, 0xff, 0x38, 0x18, 0x10, 0xff,
    0x38, 0x1c, 0x08, 0xff, 0x30, 0x1c, 0x10, 0xff, 0x38, 0x1c, 0x10, 0xff,
    0x30, 0x1c, 0x08, 0xff, 0x38, 0x18, 0x10, 0xff, 0x38, 0x1c, 0x08, 0xff,
    0x38, 0x1c, 0x10, 0xff, 0x38, 0x18, 0x10, 0xff, 0x38, 0x1c, 0x08, 0xff,
    0x38, 0x1c, 0x10, 0xff, 0x38, 0x1c, 0x10, 0xff, 0x30, 0x1c, 0x10, 0xff,
    0x30, 0x18, 0x08, 0xff, 0x38, 0x1c, 0x10, 0xff, 0x38, 0x1c, 0x10, 0xff,
    0x38, 0x1c, 0x08, 0xff, 0x30, 0x1c, 0x08, 0xff, 0x38, 0x18, 0x10, 0xff,
    0x38, 0x1c, 0x08, 0xff, 0x38, 0x1c, 0x10, 0xff, 0x30, 0x1c, 0x10, 0xff,
    0x38, 0x1c, 0x08, 0xff, 0x30, 0x1c, 0x10, 0xff, 0x38, 0x1c, 0x10, 0xff,
    0x38, 0x1c, 0x10, 0xff, 0x38, 0x18, 0x10, 0xff, 0x38, 0x1c, 0x08, 0xff,
    0x30, 0x1c, 0x10, 0xff, 0x38, 0x18, 0x08, 0xff, 0x38, 0x1c, 0x08, 0xff,
    0x38, 0x1c, 0x10, 0xff, 0x30, 0x18, 0x10, 0xff, 0x38, 0x1c, 0x10, 0xff,
    0x38, 0x1c, 0x08, 0xff, 0x30, 0x1c, 0x10, 0xff, 0x38, 0x1c, 0x10, 0xff,
    0x38, 0x18, 0x10, 0xff, 0x38, 0x1c, 0x10, 0xff, 0x30, 0x1c, 0x10, 0xff,
    0x38, 0x1c, 0x10, 0xff, 0x38, 0x1c, 0x08, 0xff, 0x38, 0x18, 0x08, 0xff,
    0x30, 0x1c, 0x08, 0xff, 0x38, 0x1c, 0x10, 0xff, 0x38, 0x18, 0x08, 0xff,
    0x38, 0x1c, 0x08, 0xff, 0x30, 0x1c, 0x08, 0xff, 0x38, 0x1c, 0x10, 0xff,
    0x30, 0x18, 0x10, 0xff, 0x30, 0x1c, 0x10, 0xff, 0x38, 0x1c, 0x10, 0xff,
    0x30, 0x1c, 0x08, 0xff, 0x38, 0x18, 0x08, 0xff, 0x38, 0x1c, 0x10, 0xff,
    0x38, 0x18, 0x08, 0xff, 0x38, 0x1c, 0x10, 0xff, 0x30, 0x1c, 0x08, 0xff,
    0x38, 0x18, 0x10, 0xff, 0x38, 0x1c, 0x10, 0xff, 0x30, 0x1c, 0x10, 0xff,
    0x38, 0x1c, 0x08, 0xff, 0x38, 0x1c, 0x08, 0xff, 0x38, 0x1c, 0x10, 0xff,
    0x38, 0x1c, 0x10, 0xff, 0x38, 0x18, 0x08, 0xff, 0x30, 0x1c, 0x10, 0xff,
    0x38, 0x1c, 0x10, 0xff, 0x38, 0x1c, 0x08, 0xff, 0x38, 0x1c, 0x10, 0xff,
    0x30, 0x18, 0x10, 0xff, 0x38, 0x18, 0x08, 0xff, 0x38, 0x1c, 0x10, 0xff,
    0x38, 0x1c, 0x08, 0xff, 0x30, 0x1c, 0x10, 0xff, 0x38, 0x18, 0x10, 0xff,
    0x30, 0x1c, 0x08, 0xff, 0x30, 0x1c, 0x10, 0xff, 0x38, 0x1c, 0x10, 0xff,
    0x38, 0x1c, 0x10, 0xff, 0x38, 0x1c, 0x10, 0xff, 0x30, 0x1c, 0x10, 0xff,
    0x38, 0x1c, 0x10, 0xff, 0x38, 0x1c, 0x08, 0xff, 0x30, 0x1c, 0x10, 0xff,
    0x38, 0x18, 0x08, 0xff, 0x38, 0x1c, 0x10, 0xff, 0x38, 0x1c, 0x10, 0xff,
    0x30, 0x18, 0x08, 0xff, 0x38, 0x1c, 0x10, 0xff, 0x38, 0x1c, 0x10, 0xff,
    0x38, 0x1c, 0x10, 0xff, 0x30, 0x18, 0x10, 0xff, 0x38, 0x1c, 0x10, 0xff,
    0x38, 0x1c, 0x08, 0xff, 0x38, 0x1c, 0x10, 0xff, 0x30, 0x1c, 0x10, 0xff,
    0x38, 0x1c, 0x10, 0xff, 0x38, 0x1c, 0x10, 0xff, 0x38, 0x1c, 0x08, 0xff,
    0x38, 0x1c, 0x08, 0xff, 0x38, 0x1c, 0x08, 0xff, 0x38, 0x18, 0x10, 0xff,
    0x38, 0x1c, 0x10, 0xff, 0x38, 0x1c, 0x10, 0xff, 0x30, 0x1c, 0x10, 0xff,
    0x38, 0x1c, 0x10, 0xff, 0x38, 0x1c, 0x10, 0xff, 0x30, 0x1c, 0x08, 0xff,
    0x38, 0x1c, 0x10, 0xff, 0x38, 0x1c, 0x08, 0xff, 0x30, 0x18, 0x10, 0xff,
    0x38, 0x18, 0x10, 0xff, 0x38, 0x1c, 0x10, 0xff, 0x38, 0x1c, 0x08, 0xff,
    0x30, 0x1c, 0x10, 0xff, 0x38, 0x18, 0x08, 0xff, 0x38, 0x1c, 0x10, 0xff,
    0x38, 0x18, 0x10, 0xff, 0x30, 0x1c, 0x10, 0xff, 0x38, 0x1c, 0x08, 0xff,
    0x38, 0x1c, 0x10, 0xff, 0x38, 0x1c, 0x10, 0xff, 0x38, 0x18, 0x10, 0xff,
    0x38, 0x18, 0x08, 0xff, 0x38, 0x1c, 0x08, 0xff, 0x38, 0x1c, 0x10, 0xff,
    0x38, 0x18, 0x08, 0xff, 0x38, 0x18, 0x10, 0xff, 0x38, 0x1c, 0x10, 0xff,
    0x30, 0x18, 0x08, 0xff, 0x38, 0x1c, 0x08, 0xff, 0x38, 0x1c, 0x08, 0xff,
    0x30, 0x18, 0x10, 0xff, 0x38, 0x18, 0x10, 0xff, 0x38, 0x1c, 0x10, 0xff,
    0x38, 0x1c, 0x08, 0xff, 0x30, 0x1c, 0x08, 0xff, 0x38, 0x1c, 0x10, 0xff,
    0x38, 0x18, 0x08, 0xff, 0x38, 0x1c, 0x08, 0xff, 0x30, 0x1c, 0x08, 0xff,
    0x38, 0x1c, 0x10, 0xff, 0x38, 0x1c, 0x10, 0xff, 0x38, 0x18, 0x10, 0xff,
    0x30, 0x1c, 0x08, 0xff, 0x38, 0x1c, 0x10, 0xff, 0x38, 0x1c, 0x10, 0xff,
    0x38, 0x1c, 0x08, 0xff, 0x38, 0x18, 0x10, 0xff, 0x38, 0x1c, 0x10, 0xff,
    0x38, 0x1c, 0x10, 0xff, 0x30, 0x18, 0x10, 0xff, 0x38, 0x1c, 0x10, 0xff,
    0x30, 0x1c, 0x08, 0xff, 0x38, 0x18, 0x08, 0xff, 0x38, 0x1c, 0x08, 0xff,
    0x30, 0x1c, 0x10, 0xff, 0x38, 0x18, 0x10, 0xff, 0x38, 0x1c, 0x08, 0xff,
    0x38, 0x18, 0x10, 0xff, 0x38, 0x1c, 0x10, 0xff, 0x30, 0x1c, 0x10, 0xff,
    0x38, 0x18, 0x08, 0xff, 0x38, 0x1c, 0x10, 0xff, 0x30, 0x18, 0x10, 0xff,
    0x38, 0x1c, 0x10, 0xff, 0x38, 0x1c, 0x08, 0xff, 0x38, 0x1c, 0x10, 0xff,
    0x30, 0x1c, 0x08, 0xff, 0x38, 0x1c, 0x10, 0xff, 0x38, 0x1c, 0x08, 0xff,
    0x30, 0x1c, 0x08, 0xff, 0x30, 0x1c, 0x10, 0xff, 0x38, 0x1c, 0x10, 0xff,
    0x38, 0x1c, 0x08, 0xff, 0x38, 0x1c, 0x10, 0xff, 0x38, 0x1c, 0x10, 0xff,
    0x38, 0x1c, 0x08, 0xff, 0x30, 0x1c, 0x08, 0xff, 0x38, 0x1c, 0x10, 0xff,
    0x38, 0x18, 0x10, 0xff, 0x38, 0x1c, 0x10, 0xff, 0x38, 0x1c, 0x08, 0xff,
    0x38, 0x1c, 0x08, 0xff, 0x38, 0x1c, 0x10, 0xff, 0x30, 0x1c, 0x10, 0xff,
    0x38, 0x18, 0x10, 0xff, 0x38, 0x1c, 0x10, 0xff, 0x38, 0x1c, 0x10, 0xff,
    0x30, 0x18, 0x10, 0xff, 0x38, 0x1c, 0x10, 0xff, 0x38, 0x18, 0x08, 0xff,
    0x38, 0x1c, 0x08, 0xff, 0x30, 0x1c, 0x10, 0xff, 0x38, 0x18, 0x10, 0xff,
    0x38, 0x18, 0x08, 0xff, 0x38, 0x1c, 0x08, 0xff, 0x38, 0x1c, 0x10, 0xff,
    0x30, 0x1c, 0x10, 0xff, 0x30, 0x18, 0x10, 0xff, 0x38, 0x1c, 0x08, 0xff,
    0x38, 0x1c, 0x08, 0xff, 0x38, 0x1c, 0x08, 0xff, 0x38, 0x1c, 0x10, 0xff,
    0x38, 0x18, 0x10, 0xff, 0x38, 0x1c, 0x10, 0xff, 0x38, 0x1c, 0x08, 0xff,
    0x38, 0x18, 0x10, 0xff, 0x38, 0x1c, 0x10, 0xff, 0x30, 0x1c, 0x08, 0xff,
    0x38, 0x1c, 0x08, 0xff, 0x38, 0x1c, 0x08, 0xff, 0x30, 0x1c, 0x10, 0xff,
    0x38, 0x1c, 0x08, 0xff, 0x38, 0x1c, 0x08, 0xff, 0x38, 0x1c, 0x10, 0xff,
    0x30, 0x18, 0x10, 0xff, 0x38, 0x1c, 0x08, 0xff, 0x38, 0x1c, 0x10, 0xff,
    0x38, 0x18, 0x08, 0xff, 0x38, 0x18, 0x10, 0xff, 0x38, 0x1c, 0x10, 0xff,
    0x38, 0x18, 0x08, 0xff, 0x30, 0x1c, 0x10, 0xff, 0x38, 0x1c, 0x10, 0xff,
    0x30, 0x18, 0x10, 0xff, 0x30, 0x1c, 0x10, 0xff, 0x38, 0x1c, 0x08, 0xff,
    0x38, 0x1c, 0x10, 0xff, 0x38, 0x1c, 0x10, 0xff, 0x38, 0x1c, 0x10, 0xff,
    0x30, 0x18, 0x10, 0xff, 0x38, 0x1c, 0x10, 0xff, 0x38, 0x1c, 0x10, 0xff,
    0x38, 0x1c, 0x08, 0xff, 0x30, 0x1c, 0x08, 0xff, 0x38, 0x18, 0x10, 0xff,
    0x38, 0x1c, 0x08, 0xff, 0x30, 0x1c, 0x08, 0xff, 0x38, 0x1c, 0x10, 0xff,
    0x38, 0x1c, 0x10, 0xff, 0x38, 0x1c, 0x10, 0xff, 0x30, 0x1c, 0x10, 0xff,
    0x38, 0x1c, 0x08, 0xff, 0x38, 0x1c, 0x08, 0xff, 0x38, 0x1c, 0x10, 0xff,
    0x30, 0x1c, 0x10, 0xff, 0x38, 0x1c, 0x10, 0xff, 0x38, 0x18, 0x08, 0xff,
    0x38, 0x1c, 0x08, 0xff, 0x38, 0x1c, 0x10, 0xff, 0x30, 0x1c, 0x10, 0xff,
    0x38, 0x1c, 0x10, 0xff, 0x38, 0x18, 0x08, 0xff, 0x30, 0x1c, 0x10, 0xff,
    0x38, 0x1c, 0x10, 0xff, 0x30, 0x1c, 0x10, 0xff, 0x38, 0x1c, 0x08, 0xff,
    0x38, 0x1c, 0x08, 0xff, 0x30, 0x1c, 0x10, 0xff, 0x38, 0x18, 0x10, 0xff,
    0x38, 0x1c, 0x10, 0xff, 0x38, 0x1c, 0x08, 0xff, 0x30, 0x1c, 0x10, 0xff,
    0x38, 0x18, 0x10, 0xff, 0x38, 0x1c, 0x08, 0xff, 0x30, 0x1c, 0x08, 0xff,
    0x38, 0x1c, 0x10, 0xff, 0x38, 0x18, 0x10, 0xff, 0x38, 0x1c, 0x10, 0xff,
    0x30, 0x1c, 0x10, 0xff, 0x38, 0x1c, 0x10, 0xff, 0x38, 0x1c, 0x10, 0xff,
    0x38, 0x18, 0x08, 0xff, 0x38, 0x1c, 0x08, 0xff, 0x38, 0x1c, 0x10, 0xff,
    0x38, 0x18, 0x08, 0xff, 0x38, 0x1c, 0x10, 0xff, 0x30, 0x18, 0x10, 0xff,
    0x30, 0x18, 0x08, 0xff, 0x38, 0x1c, 0x08, 0xff, 0x38, 0x1c, 0x08, 0xff,
    0x30, 0x1c, 0x10, 0xff, 0x30, 0x18, 0x10, 0xff, 0x38, 0x18, 0x10, 0xff,
    0x38, 0x1c, 0x08, 0xff, 0x38, 0x1c, 0x10, 0xff, 0x30, 0x18, 0x10, 0xff,
    0x38, 0x1c, 0x10, 0xff, 0x38, 0x1c, 0x08, 0xff, 0x38, 0x1c, 0x08, 0xff,
    0x38, 0x18, 0x08, 0xff, 0x30, 0x1c, 0x10, 0xff, 0x38, 0x18, 0x10, 0xff,
    0x38, 0x1c, 0x10, 0xff, 0x38, 0x1c, 0x10, 0xff, 0x30, 0x18, 0x10, 0xff,
    0x38, 0x1c, 0x08, 0xff, 0x38, 0x1c, 0x10, 0xff, 0x38, 0x1c, 0x10, 0xff,
    0x38, 0x1c, 0x08, 0xff, 0x30, 0x18, 0x10, 0xff, 0x38, 0x1c, 0x10, 0xff,
    0x30, 0x1c, 0x10, 0xff, 0x38, 0x18, 0x08, 0xff, 0x38, 0x1c, 0x08, 0xff,
    0x38, 0x18, 0x08, 0xff, 0x30, 0x1c, 0x10, 0xff, 0x38, 0x1c, 0x10, 0xff,
    0x38, 0x18, 0x10, 0xff, 0x38, 0x1c, 0x10, 0xff, 0x38, 0x1c, 0x10, 0xff,
    0x38, 0x18, 0x10, 0xff, 0x38, 0x18, 0x10, 0xff, 0x38, 0x1c, 0x10, 0xff,
    0x38, 0x1c, 0x10, 0xff, 0x38, 0x1c, 0x10, 0xff, 0x38, 0x18, 0x10, 0xff,
    0x30, 0x1c, 0x08, 0xff, 0x30, 0x1c, 0x10, 0xff, 0x38, 0x1c, 0x08, 0xff,
    0x30, 0x1c, 0x08, 0xff, 0x38, 0x1c, 0x10, 0xff, 0x38, 0x1c, 0x10, 0xff,
    0x30, 0x1c, 0x10, 0xff, 0x38, 0x1c, 0x08, 0xff, 0x38, 0x1c, 0x10, 0xff,
    0x38, 0x1c, 0x08, 0xff, 0x38, 0x1c, 0x10, 0xff, 0x38, 0x1c, 0x10, 0xff,
    0x30, 0x1c, 0x08, 0xff, 0x38, 0x1c, 0x10, 0xff, 0x38, 0x1c, 0x08, 0xff,
    0x38, 0x1c, 0x08, 0xff, 0x38, 0x1c, 0x10, 0xff, 0x38, 0x1c, 0x10, 0xff,
    0x30, 0x1c, 0x08, 0xff, 0x38, 0x1c, 0x10, 0xff, 0x38, 0x1c, 0x08, 0xff,
    0x38, 0x18, 0x10, 0xff, 0x30, 0x18, 0x10, 0xff, 0x38, 0x1c, 0x10, 0xff,
    0x38, 0x1c, 0x08, 0xff, 0x38, 0x1c, 0x10, 0xff, 0x30, 0x18, 0x10, 0xff,
    0x38, 0x1c, 0x08, 0xff, 0x38, 0x1c, 0x08, 0xff, 0x38, 0x1c, 0x10, 0xff,
    0x30, 0x18, 0x10, 0xff, 0x30, 0x1c, 0x10, 0xff, 0x38, 0x1c, 0x10, 0xff,
    0x38, 0x18, 0x08, 0xff, 0x38, 0x1c, 0x08, 0xff, 0x38, 0x1c, 0x10, 0xff,
    0x38, 0x1c, 0x10, 0xff, 0x38, 0x1c, 0x10, 0xff, 0x30, 0x1c, 0x10, 0xff,
    0x38, 0x18, 0x10, 0xff, 0x38, 0x1c, 0x10, 0xff, 0x30, 0x1c, 0x08, 0xff,
    0x38, 0x1c, 0x08, 0xff, 0x30, 0x1c, 0x08, 0xff, 0x30, 0x1c, 0x10, 0xff,
    0x38, 0x1c, 0x08, 0xff, 0x38, 0x1c, 0x08, 0xff, 0x30, 0x1c, 0x10, 0xff,
    0x30, 0x18, 0x10, 0xff, 0x38, 0x1c, 0x08, 0xff, 0x38, 0x1c, 0x08, 0xff,
    0x38, 0x1c, 0x08, 0xff, 0x38, 0x1c, 0x10, 0xff, 0x38, 0x18, 0x10, 0xff,
    0x30, 0x18, 0x08, 0xff, 0x38, 0x1c, 0x08, 0xff, 0x38, 0x1c, 0x10, 0xff,
    0x30, 0x18, 0x10, 0xff, 0x38, 0x1c, 0x08, 0xff, 0x30, 0x1c, 0x10, 0xff,
    0x38, 0x18, 0x08, 0xff, 0x38, 0x1c, 0x10, 0xff, 0x38, 0x1c, 0x10, 0xff,
    0x38, 0x18, 0x10, 0xff, 0x38, 0x18, 0x10, 0xff, 0x38, 0x1c, 0x10, 0xff,
    0x38, 0x1c, 0x08, 0xff, 0x30, 0x1c, 0x10, 0xff, 0x38, 0x18, 0x10, 0xff,
    0x38, 0x1c, 0x08, 0xff, 0x38, 0x1c, 0x10, 0xff, 0x30, 0x1c, 0x10, 0xff,
    0x38, 0x1c, 0x10, 0xff, 0x30, 0x1c, 0x08, 0xff, 0x38, 0x1c, 0x10, 0xff,
    0x38, 0x1c, 0x08, 0xff, 0x38, 0x1c, 0x08, 0xff, 0x30, 0x1c, 0x10, 0xff,
    0x38, 0x1c, 0x10, 0xff, 0x38, 0x1c, 0x10, 0xff, 0x38, 0x1c, 0x08, 0xff,
    0x38, 0x18, 0x08, 0xff, 0x38, 0x1c, 0x08, 0xff, 0x30, 0x1c, 0x10, 0xff,
    0x38, 0x18, 0x10, 0xff, 0x38, 0x1c, 0x08, 0xff, 0x30, 0x1c, 0x08, 0xff,
    0x38, 0x1c, 0x10, 0xff, 0x38, 0x1c, 0x10, 0xff, 0x38, 0x1c, 0x08, 0xff,
    0x38, 0x1c, 0x08, 0xff, 0x38, 0x18, 0x08, 0xff, 0x38, 0x18, 0x10, 0xff,
    0x38, 0x1c, 0x10, 0xff, 0x38, 0x18, 0x08, 0xff, 0x38, 0x1c, 0x10, 0xff,
    0x30, 0x1c, 0x08, 0xff, 0x38, 0x18, 0x08, 0xff, 0x38, 0x1c, 0x08, 0xff,
    0x38, 0x1c, 0x10, 0xff, 0x38, 0x1c, 0x10, 0xff, 0x38, 0x18, 0x10, 0xff,
    0x38, 0x1c, 0x10, 0xff, 0x38, 0x1c, 0x08, 0xff, 0x38, 0x1c, 0x10, 0xff,
    0x38, 0x18, 0x10, 0xff, 0x38, 0x1c, 0x08, 0xff, 0x38, 0x1c, 0x10, 0xff,
    0x38, 0x18, 0x10, 0xff, 0x38, 0x1c, 0x10, 0xff, 0x30, 0x1c, 0x10, 0xff,
    0x38, 0x18, 0x08, 0xff, 0x38, 0x1c, 0x10, 0xff, 0x38, 0x1c, 0x08, 0xff,
    0x30, 0x1c, 0x10, 0xff, 0x30, 0x1c, 0x08, 0xff, 0x38, 0x18, 0x10, 0xff,
    0x38, 0x1c, 0x08, 0xff, 0x38, 0x1c, 0x10, 0xff, 0x38, 0x18, 0x10, 0xff,
    0x30, 0x1c, 0x10, 0xff, 0x38, 0x18, 0x08, 0xff, 0x38, 0x1c, 0x08, 0xff,
    0x38, 0x1c, 0x10, 0xff, 0x30, 0x18, 0x10, 0xff, 0x38, 0x18, 0x10, 0xff,
    0x38, 0x1c, 0x08, 0xff, 0x38, 0x1c, 0x10, 0xff, 0x38, 0x18, 0x10, 0xff,
    0x38, 0x1c, 0x08, 0xff, 0x38, 0x18, 0x10, 0xff, 0x38, 0x1c, 0x10, 0xff,
    0x38, 0x1c, 0x10, 0xff, 0x38, 0x1c, 0x10, 0xff, 0x30, 0x1c, 0x10, 0xff,
    0x38, 0x18, 0x10, 0xff, 0x38, 0x1c, 0x10, 0xff, 0x38, 0x18, 0x08, 0xff,
    0x30, 0x18, 0x08, 0xff, 0x38, 0x1c, 0x10, 0xff, 0x38, 0x1c, 0x10, 0xff,
    0x30, 0x1c, 0x10, 0xff, 0x38, 0x1c, 0x10, 0xff, 0x38, 0x1c, 0x10, 0xff,
    0x38, 0x1c, 0x10, 0xff, 0x38, 0x18, 0x10, 0xff, 0x38, 0x1c, 0x10, 0xff,
    0x38, 0x1c, 0x10, 0xff, 0x38, 0x1c, 0x10, 0xff, 0x38, 0x1c, 0x10, 0xff,
    0x30, 0x18, 0x10, 0xff, 0x30, 0x1c, 0x10, 0xff, 0x38, 0x18, 0x08, 0xff,
    0x30, 0x1c, 0x10, 0xff, 0x38, 0x1c, 0x10, 0xff, 0x38, 0x1c, 0x10, 0xff,
    0x30, 0x18, 0x10, 0xff, 0x38, 0x1c, 0x08, 0xff, 0x38, 0x1c, 0x08, 0xff,
    0x30, 0x1c, 0x08, 0xff, 0x38, 0x1c, 0x10, 0xff, 0x38, 0x1c, 0x10, 0xff,
    0x30, 0x18, 0x08, 0xff, 0x38, 0x1c, 0x10, 0xff, 0x38, 0x1c, 0x08, 0xff,
    0x38, 0x18, 0x10, 0xff, 0x38, 0x1c, 0x10, 0xff, 0x30, 0x18, 0x10, 0xff,
    0x30, 0x1c, 0x08, 0xff, 0x38, 0x1c, 0x08, 0xff, 0x38, 0x1c, 0x08, 0xff,
    0x38, 0x1c, 0x10, 0xff, 0x38, 0x1c, 0x10, 0xff, 0x38, 0x18, 0x08, 0xff,
    0x38, 0x1c, 0x10, 0xff, 0x30, 0x1c, 0x10, 0xff, 0x38, 0x1c, 0x10, 0xff,
    0x38, 0x18, 0x08, 0xff, 0x30, 0x1c, 0x08, 0xff, 0x38, 0x1c, 0x10, 0xff,
    0x30, 0x1c, 0x10, 0xff, 0x30, 0x1c, 0x10, 0xff, 0x38, 0x1c, 0x08, 0xff,
    0x30, 0x18, 0x08, 0xff, 0x38, 0x1c, 0x08, 0xff, 0x38, 0x1c, 0x08, 0xff,
    0x38, 0x1c, 0x10, 0xff, 0x30, 0x1c, 0x10, 0xff, 0x38, 0x1c, 0x10, 0xff,
    0x38, 0x1c, 0x10, 0xff, 0x30, 0x18, 0x10, 0xff, 0x38, 0x1c, 0x08, 0xff,
    0x38, 0x1c, 0x08, 0xff, 0x30, 0x1c, 0x10, 0xff, 0x30, 0x1c, 0x08, 0xff,
    0x38, 0x1c, 0x08, 0xff, 0x30, 0x18, 0x10, 0xff, 0x38, 0x1c, 0x10, 0xff,
    0x38, 0x1c, 0x10, 0xff, 0x30, 0x18, 0x08, 0xff, 0x38, 0x1c, 0x08, 0xff,
    0x38, 0x1c, 0x08, 0xff, 0x38, 0x1c, 0x10, 0xff, 0x38, 0x18, 0x08, 0xff,
    0x30, 0x1c, 0x08, 0xff, 0x38, 0x1c, 0x08, 0xff, 0x38, 0x1c, 0x10, 0xff,
    0x30, 0x1c, 0x10, 0xff, 0x38, 0x1c, 0x10, 0xff, 0x38, 0x18, 0x10, 0xff,
    0x38, 0x18, 0x08, 0xff, 0x30, 0x1c, 0x10, 0xff, 0x38, 0x1c, 0x10, 0xff,
    0x38, 0x1c, 0x08, 0xff, 0x30, 0x18, 0x10, 0xff, 0x38, 0x1c, 0x10, 0xff,
    0x38, 0x1c, 0x08, 0xff, 0x38, 0x1c, 0x10, 0xff, 0x38, 0x1c, 0x10, 0xff,
    0x38, 0x1c, 0x10, 0xff, 0x30, 0x18, 0x10, 0xff, 0x38, 0x1c, 0x10, 0xff,
    0x38, 0x1c, 0x08, 0xff, 0x30, 0x1c, 0x10, 0xff, 0x38, 0x1c, 0x08, 0xff,
    0x38, 0x1c, 0x08, 0xff, 0x30, 0x18, 0x08, 0xff, 0x38, 0x1c, 0x10, 0xff,
    0x38, 0x1c, 0x10, 0xff, 0x38, 0x1c, 0x10, 0xff, 0x38, 0x18, 0x08, 0xff,
    0x38, 0x1c, 0x08, 0xff, 0x38, 0x1c, 0x10, 0xff, 0x38, 0x18, 0x10, 0xff,
    0x38, 0x1c, 0x10, 0xff, 0x38, 0x1c, 0x10, 0xff, 0x30, 0x1c, 0x08, 0xff,
    0x38, 0x18, 0x10, 0xff, 0x38, 0x1c, 0x08, 0xff, 0x30, 0x1c, 0x08, 0xff,
    0x38, 0x1c, 0x08, 0xff, 0x38, 0x18, 0x10, 0xff, 0x38, 0x1c, 0x10, 0xff,
    0x38, 0x18, 0x08, 0xff, 0x38, 0x18, 0x10, 0xff, 0x38, 0x1c, 0x10, 0xff,
    0x38, 0x1c, 0x08, 0xff, 0x30, 0x1c, 0x08, 0xff, 0x38, 0x18, 0x08, 0xff,
    0x38, 0x1c, 0x10, 0xff, 0x38, 0x1c, 0x10, 0xff, 0x38, 0x1c, 0x10, 0xff,
    0x30, 0x1c, 0x08, 0xff, 0x38, 0x1c, 0x10, 0xff, 0x38, 0x1c, 0x10, 0xff,
    0x30, 0x18, 0x10, 0xff, 0x38, 0x1c, 0x08, 0xff, 0x38, 0x1c, 0x08, 0xff,
    0x38, 0x18, 0x10, 0xff, 0x30, 0x1c, 0x10, 0xff, 0x38, 0x1c, 0x10, 0xff,
    0x38, 0x1c, 0x08, 0xff, 0x38, 0x1c, 0x08, 0xff, 0x38, 0x1c, 0x10, 0xff,
    0x38, 0x1c, 0x10, 0xff, 0x30, 0x1c, 0x08, 0xff, 0x38, 0x1c, 0x10, 0xff,
    0x38, 0x1c, 0x08, 0xff, 0x38, 0x1c, 0x08, 0xff, 0x38, 0x18, 0x10, 0xff,
    0x38, 0x1c, 0x10, 0xff, 0x30, 0x18, 0x08, 0xff, 0x38, 0x1c, 0x10, 0xff,
    0x30, 0x1c, 0x10, 0xff, 0x38, 0x18, 0x10, 0xff, 0x38, 0x1c, 0x10, 0xff,
    0x38, 0x1c, 0x10, 0xff, 0x38, 0x1c, 0x10, 0xff, 0x38, 0x1c, 0x10, 0xff,
    0x38, 0x1c, 0x08, 0xff, 0x38, 0x1c, 0x10, 0xff, 0x38, 0x18, 0x10, 0xff,
    0x38, 0x1c, 0x08, 0xff, 0x30, 0x1c, 0x10, 0xff, 0x38, 0x1c, 0x10, 0xff,
    0x38, 0x1c, 0x10, 0xff, 0x30, 0x18, 0x10, 0xff, 0x38, 0x1c, 0x08, 0xff,
    0x38, 0x1c, 0x10, 0xff, 0x38, 0x18, 0x10, 0xff, 0x38, 0x1c, 0x10, 0xff,
    0x30, 0x1c, 0x10, 0xff, 0x30, 0x1c, 0x10, 0xff, 0x38, 0x1c, 0x10, 0xff,
    0x38, 0x1c, 0x08, 0xff, 0x30, 0x1c, 0x10, 0xff, 0x38, 0x1c, 0x10, 0xff,
    0x38, 0x18, 0x10, 0xff, 0x38, 0x1c, 0x10, 0xff, 0x30, 0x1c, 0x08, 0xff,
    0x38, 0x18, 0x10, 0xff, 0x30, 0x1c, 0x10, 0xff, 0x38, 0x18, 0x10, 0xff,
    0x38, 0x1c, 0x10, 0xff, 0x38, 0x1c, 0x10, 0xff, 0x38, 0x1c, 0x10, 0xff,
    0x38, 0x18, 0x10, 0xff, 0x38, 0x1c, 0x10, 0xff, 0x30, 0x1c, 0x08, 0xff,
    0x38, 0x1c, 0x08, 0xff, 0x38, 0x1c, 0x10, 0xff, 0x38, 0x1c, 0x10, 0xff,
    0x30, 0x18, 0x10, 0xff, 0x38, 0x18, 0x10, 0xff, 0x30, 0x1c, 0x08, 0xff,
    0x38, 0x1c, 0x10, 0xff, 0x38, 0x1c, 0x08, 0xff, 0x30, 0x18, 0x10, 0xff,
    0x30, 0x18, 0x10, 0xff, 0x38, 0x1c, 0x08, 0xff, 0x38, 0x1c, 0x08, 0xff,
    0x38, 0x1c, 0x10, 0xff, 0x38, 0x1c, 0x08, 0xff, 0x38, 0x18, 0x08, 0xff,
    0x38, 0x1c, 0x10, 0xff, 0x38, 0x1c, 0x10, 0xff, 0x30, 0x1c, 0x08, 0xff,
    0x38, 0x18, 0x08, 0xff, 0x30, 0x1c, 0x08, 0xff, 0x38, 0x1c, 0x10, 0xff,
    0x30, 0x18, 0x10, 0xff, 0x30, 0x1c, 0x10, 0xff, 0x38, 0x1c, 0x10, 0xff,
    0x30, 0x1c, 0x08, 0xff, 0x38, 0x18, 0x08, 0xff, 0x38, 0x1c, 0x08, 0xff,
    0x38, 0x18, 0x08, 0xff, 0x38, 0x1c, 0x10, 0xff, 0x30, 0x1c, 0x10, 0xff,
    0x38, 0x18, 0x10, 0xff, 0x38, 0x1c, 0x08, 0xff, 0x38, 0x1c, 0x08, 0xff,
    0x38, 0x18, 0x08, 0xff, 0x38, 0x1c, 0x08, 0xff, 0x30, 0x1c, 0x10, 0xff,
    0x38, 0x1c, 0x10, 0xff, 0x38, 0x18, 0x08, 0xff, 0x38, 0x1c, 0x08, 0xff,
    0x30, 0x1c, 0x10, 0xff, 0x38, 0x1c, 0x10, 0xff, 0x38, 0x1c, 0x08, 0xff,
    0x38, 0x1c, 0x08, 0xff, 0x38, 0x1c, 0x08, 0xff, 0x38, 0x18, 0x08, 0xff,
    0x30, 0x18, 0x08, 0xff, 0x38, 0x1c, 0x08, 0xff, 0x38, 0x1c, 0x08, 0xff,
    0x30, 0x1c, 0x10, 0xff, 0x38, 0x18, 0x10, 0xff, 0x38, 0x1c, 0x08, 0xff,
    0x38, 0x1c, 0x08, 0xff, 0x30, 0x18, 0x10, 0xff, 0x38, 0x1c, 0x10, 0xff,
    0x38, 0x1c, 0x08, 0xff, 0x38, 0x18, 0x10, 0xff, 0x38, 0x18, 0x08, 0xff,
    0x38, 0x1c, 0x10, 0xff, 0x38, 0x1c, 0x10, 0xff, 0x38, 0x1c, 0x10, 0xff,
    0x30, 0x1c, 0x10, 0xff, 0x38, 0x1c, 0x10, 0xff, 0x38, 0x1c, 0x08, 0xff,
    0x30, 0x18, 0x10, 0xff, 0x38, 0x1c, 0x10, 0xff, 0x38, 0x1c, 0x08, 0xff,
    0x30, 0x1c, 0x08, 0xff, 0x38, 0x18, 0x10, 0xff, 0x38, 0x1c, 0x10, 0xff,
    0x38, 0x1c, 0x10, 0xff, 0x38, 0x1c, 0x10, 0xff, 0x38, 0x1c, 0x08, 0xff,
    0x38, 0x1c, 0x08, 0xff, 0x38, 0x1c, 0x08, 0xff, 0x38, 0x18, 0x10, 0xff,
    0x38, 0x1c, 0x10, 0xff, 0x30, 0x1c, 0x10, 0xff, 0x38, 0x1c, 0x10, 0xff,
    0x38, 0x1c, 0x10, 0xff, 0x38, 0x1c, 0x08, 0xff, 0x30, 0x1c, 0x08, 0xff,
    0x38, 0x1c, 0x10, 0xff, 0x38, 0x1c, 0x10, 0xff, 0x38, 0x1c, 0x10, 0xff,
    0x38, 0x18, 0x10, 0xff, 0x38, 0x1c, 0x10, 0xff, 0x38, 0x18, 0x08, 0xff,
    0x38, 0x1c, 0x10, 0xff, 0x30, 0x1c, 0x10, 0xff, 0x38, 0x1c, 0x08, 0xff,
    0x38, 0x1c, 0x10, 0xff, 0x38, 0x18, 0x10, 0xff, 0x38, 0x1c, 0x10, 0xff,
    0x30, 0x1c, 0x10, 0xff, 0x38, 0x1c, 0x10, 0xff, 0x38, 0x1c, 0x10, 0xff,
    0x30, 0x1c, 0x10, 0xff, 0x38, 0x1c, 0x10, 0xff, 0x38, 0x1c, 0x08, 0xff,
    0x38, 0x1c, 0x10, 0xff, 0x38, 0x18, 0x10, 0xff, 0x30, 0x1c, 0x10, 0xff,
    0x38, 0x1c, 0x08, 0xff, 0x38, 0x1c, 0x08, 0xff, 0x38, 0x1c, 0x10, 0xff,
    0x30, 0x1c, 0x10, 0xff, 0x38, 0x1c, 0x10, 0xff, 0x30, 0x18, 0x10, 0xff,
    0x38, 0x1c, 0x08, 0xff, 0x38, 0x1c, 0x08, 0xff, 0x38, 0x1c, 0x08, 0xff,
    0x30, 0x1c, 0x10, 0xff, 0x38, 0x18, 0x10, 0xff, 0x38, 0x1c, 0x10, 0xff,
    0x30, 0x1c, 0x10, 0xff, 0x38, 0x1c, 0x10, 0xff, 0x38, 0x18, 0x10, 0xff,
    0x38, 0x1c, 0x08, 0xff, 0x38, 0x1c, 0x10, 0xff, 0x30, 0x1c, 0x10, 0xff,
    0x38, 0x1c, 0x08, 0xff, 0x38, 0x18, 0x10, 0xff, 0x38, 0x1c, 0x10, 0xff,
    0x38, 0x1c, 0x10, 0xff, 0x30, 0x18, 0x10, 0xff, 0x38, 0x1c, 0x10, 0xff,
    0x38, 0x1c, 0x08, 0xff, 0x30, 0x18, 0x10, 0xff, 0x38, 0x1c, 0x08, 0xff,
    0x30, 0x1c, 0x10, 0xff, 0x38, 0x18, 0x10, 0xff, 0x38, 0x1c, 0x08, 0xff,
    0x30, 0x18, 0x10, 0xff, 0x30, 0x1c, 0x10, 0xff, 0x38, 0x1c, 0x08, 0xff,
    0x30, 0x1c, 0x08, 0xff, 0x38, 0x1c, 0x10, 0xff, 0x38, 0x18, 0x10, 0xff,
    0x30, 0x1c, 0x10, 0xff, 0x38, 0x1c, 0x10, 0xff, 0x38, 0x18, 0x08, 0xff,
    0x30, 0x1c, 0x08, 0xff, 0x30, 0x1c, 0x10, 0xff, 0x38, 0x18, 0x10, 0xff,
    0x38, 0x1c, 0x10, 0xff, 0x30, 0x1c, 0x10, 0xff, 0x38, 0x18, 0x08, 0xff,
    0x38, 0x18, 0x10, 0xff, 0x30, 0x1c, 0x10, 0xff, 0x38, 0x18, 0x08, 0xff,
    0x38, 0x1c, 0x10, 0xff, 0x30, 0x1c, 0x10, 0xff, 0x38, 0x18, 0x10, 0xff,
    0x38, 0x1c, 0x10, 0xff, 0x38, 0x1c, 0x08, 0xff, 0x30, 0x1c, 0x08, 0xff,
    0x38, 0x1c, 0x10, 0xff, 0x38, 0x1c, 0x08, 0xff, 0x30, 0x18, 0x10, 0xff,
    0x38, 0x1c, 0x10, 0xff, 0x38, 0x18, 0x10, 0xff, 0x38, 0x18, 0x08, 0xff,
    0x38, 0x1c, 0x10, 0xff, 0x38, 0x1c, 0x08, 0xff, 0x38, 0x1c, 0x08, 0xff,
    0x38, 0x18, 0x08, 0xff, 0x30, 0x1c, 0x10, 0xff, 0x38, 0x1c, 0x10, 0xff,
    0x38, 0x18, 0x08, 0xff, 0x30, 0x1c, 0x08, 0xff, 0x38, 0x1c, 0x10, 0xff,
    0x30, 0x1c, 0x10, 0xff, 0x30, 0x18, 0x10, 0xff, 0x38, 0x1c, 0x08, 0xff,
    0x38, 0x1c, 0x08, 0xff, 0x38, 0x1c, 0x08, 0xff, 0x38, 0x1c, 0x10, 0xff,
    0x38, 0x18, 0x08, 0xff, 0x38, 0x1c, 0x10, 0xff, 0x38, 0x1c, 0x08, 0xff,
    0x38, 0x18, 0x10, 0xff, 0x38, 0x1c, 0x10, 0xff, 0x38, 0x1c, 0x08, 0xff,
    0x38, 0x18, 0x08, 0xff, 0x38, 0x1c, 0x10, 0xff, 0x38, 0x1c, 0x10, 0xff,
    0x30, 0x1c, 0x10, 0xff, 0x38, 0x1c, 0x08, 0xff, 0x38, 0x18, 0x08, 0xff,
    0x38, 0x1c, 0x08, 0xff, 0x38, 0x1c, 0x10, 0xff, 0x38, 0x18, 0x10, 0xff,
    0x38, 0x1c, 0x08, 0xff, 0x38, 0x1c, 0x08, 0xff, 0x38, 0x18, 0x08, 0xff,
    0x38, 0x1c, 0x08, 0xff, 0x38, 0x1c, 0x10, 0xff, 0x38, 0x1c, 0x08, 0xff,
    0x38, 0x1c, 0x10, 0xff, 0x30, 0x1c, 0x10, 0xff, 0x38, 0x1c, 0x08, 0xff,
    0x38, 0x1c, 0x08, 0xff, 0x38, 0x18, 0x08, 0xff, 0x30, 0x1c, 0x10, 0xff,
    0x38, 0x18, 0x10, 0xff, 0x38, 0x18, 0x10, 0xff, 0x38, 0x1c, 0x08, 0xff,
    0x38, 0x1c, 0x10, 0xff, 0x38, 0x1c, 0x08, 0xff, 0x30, 0x1c, 0x10, 0xff,
    0x38, 0x1c, 0x10, 0xff, 0x38, 0x1c, 0x10, 0xff, 0x38, 0x1c, 0x08, 0xff,
    0x30, 0x1c, 0x10, 0xff, 0x38, 0x18, 0x10, 0xff, 0x38, 0x1c, 0x10, 0xff,
    0x38, 0x1c, 0x08, 0xff, 0x30, 0x1c, 0x10, 0xff, 0x38, 0x1c, 0x10, 0xff,
    0x38, 0x1c, 0x10, 0xff, 0x38, 0x1c, 0x10, 0xff, 0x38, 0x18, 0x08, 0xff,
    0x38, 0x1c, 0x08, 0xff, 0x38, 0x1c, 0x10, 0xff, 0x30, 0x1c, 0x10, 0xff,
    0x38, 0x1c, 0x10, 0xff, 0x30, 0x18, 0x10, 0xff, 0x38, 0x1c, 0x10, 0xff,
    0x38, 0x1c, 0x10, 0xff, 0x30, 0x1c, 0x10, 0xff, 0x38, 0x1c, 0x08, 0xff,
    0x30, 0x1c, 0x10, 0xff, 0x38, 0x1c, 0x10, 0xff, 0x38, 0x1c, 0x10, 0xff,
    0x38, 0x1c, 0x08, 0xff, 0x30, 0x18, 0x10, 0xff, 0x38, 0x18, 0x08, 0xff,
    0x38, 0x1c, 0x10, 0xff, 0x38, 0x1c, 0x10, 0xff, 0x38, 0x18, 0x10, 0xff,
    0x30, 0x1c, 0x10, 0xff, 0x38, 0x1c, 0x10, 0xff, 0x38, 0x1c, 0x08, 0xff,
    0x38, 0x1c, 0x10, 0xff, 0x38, 0x1c, 0x10, 0xff, 0x30, 0x1c, 0x10, 0xff,
    0x38, 0x1c, 0x08, 0xff, 0x38, 0x1c, 0x10, 0xff, 0x30, 0x1c, 0x08, 0xff,
    0x38, 0x18, 0x10, 0xff, 0x38, 0x1c, 0x10, 0xff, 0x38, 0x1c, 0x10, 0xff,
    0x38, 0x1c, 0x10, 0xff, 0x38, 0x1c, 0x08, 0xff, 0x30, 0x1c, 0x10, 0xff,
    0x38, 0x1c, 0x10, 0xff, 0x38, 0x1c, 0x10, 0xff, 0x30, 0x18, 0x10, 0xff,
    0x38, 0x1c, 0x10, 0xff, 0x38, 0x1c, 0x08, 0xff, 0x30, 0x18, 0x08, 0xff,
    0x30, 0x1c, 0x08, 0xff, 0x38, 0x1c, 0x10, 0xff, 0x38, 0x18, 0x10, 0xff,
    0x30, 0x1c, 0x08, 0xff, 0x30, 0x1c, 0x10, 0xff, 0x38, 0x1c, 0x10, 0xff,
    0x38, 0x18, 0x08, 0xff, 0x30, 0x1c, 0x08, 0xff, 0x38, 0x1c, 0x10, 0xff,
    0x38, 0x1c, 0x08, 0xff, 0x38, 0x1c, 0x10, 0xff, 0x38, 0x1c, 0x10, 0xff,
    0x38, 0x1c, 0x08, 0xff, 0x30, 0x18, 0x10, 0xff, 0x38, 0x1c, 0x10, 0xff,
    0x38, 0x1c, 0x08, 0xff, 0x30, 0x18, 0x08, 0xff, 0x38, 0x1c, 0x08, 0xff,
    0x30, 0x18, 0x10, 0xff, 0x38, 0x1c, 0x10, 0xff, 0x38, 0x1c, 0x08, 0xff,
    0x30, 0x18, 0x08, 0xff, 0x38, 0x1c, 0x10, 0xff, 0x30, 0x1c, 0x10, 0xff,
    0x38, 0x1c, 0x08, 0xff, 0x38, 0x1c, 0x10, 0xff, 0x38, 0x1c, 0x08, 0xff,
    0x30, 0x1c, 0x10, 0xff, 0x30, 0x1c, 0x10, 0xff, 0x38, 0x1c, 0x08, 0xff,
    0x30, 0x1c, 0x08, 0xff, 0x38, 0x1c, 0x10, 0xff, 0x30, 0x18, 0x10, 0xff,
    0x30, 0x1c, 0x10, 0xff, 0x38, 0x1c, 0x10, 0xff, 0x30, 0x18, 0x10, 0xff,
    0x38, 0x18, 0x10, 0xff, 0x38, 0x1c, 0x10, 0xff, 0x38, 0x1c, 0x08, 0xff,
    0x38, 0x18, 0x08, 0xff, 0x30, 0x1c, 0x10, 0xff, 0x30, 0x18, 0x10, 0xff,
    0x38, 0x1c, 0x10, 0xff, 0x38, 0x1c, 0x08, 0xff, 0x38, 0x1c, 0x08, 0xff,
    0x38, 0x1c, 0x08, 0xff, 0x30, 0x1c, 0x08, 0xff, 0x38, 0x18, 0x10, 0xff,
    0x38, 0x1c, 0x10, 0xff, 0x38, 0x1c, 0x10, 0xff, 0x38, 0x18, 0x10, 0xff,
    0x30, 0x1c, 0x10, 0xff, 0x38, 0x1c, 0x08, 0xff, 0x38, 0x1c, 0x10, 0xff,
    0x38, 0x1c, 0x08, 0xff, 0x38, 0x18, 0x10, 0xff, 0x38, 0x1c, 0x10, 0xff,
    0x38, 0x18, 0x10, 0xff, 0x38, 0x18, 0x08, 0xff, 0x38, 0x1c, 0x10, 0xff,
    0x30, 0x18, 0x10, 0xff, 0x30, 0x1c, 0x10, 0xff, 0x38, 0x1c, 0x10, 0xff,
    0x38, 0x18, 0x08, 0xff, 0x38, 0x1c, 0x08, 0xff, 0x38, 0x1c, 0x10, 0xff,
    0x38, 0x1c, 0x10, 0xff, 0x38, 0x1c, 0x10, 0xff, 0x38, 0x1c, 0x08, 0xff,
    0x38, 0x18, 0x10, 0xff, 0x38, 0x1c, 0x10, 0xff, 0x38, 0x1c, 0x10, 0xff,
    0x38, 0x18, 0x08, 0xff, 0x38, 0x1c, 0x10, 0xff, 0x38, 0x18, 0x10, 0xff,
    0x38, 0x1c, 0x10, 0xff, 0x30, 0x1c, 0x10, 0xff, 0x38, 0x18, 0x08, 0xff,
    0x38, 0x1c, 0x08, 0xff, 0x38, 0x1c, 0x10, 0xff, 0x38, 0x18, 0x10, 0xff,
    0x38, 0x18, 0x10, 0xff, 0x38, 0x1c, 0x08, 0xff, 0x38, 0x18, 0x08, 0xff,
    0x38, 0x1c, 0x08, 0xff, 0x38, 0x1c, 0x08, 0xff, 0x30, 0x1c, 0x08, 0xff,
    0x38, 0x1c, 0x10, 0xff, 0x38, 0x18, 0x10, 0xff, 0x30, 0x1c, 0x08, 0xff,
    0x38, 0x1c, 0x10, 0xff, 0x38, 0x1c, 0x08, 0xff, 0x38, 0x1c, 0x08, 0xff,
    0x38, 0x18, 0x10, 0xff, 0x30, 0x18, 0x10, 0xff, 0x38, 0x1c, 0x10, 0xff,
    0x38, 0x18, 0x10, 0xff, 0x38, 0x1c, 0x08, 0xff, 0x38, 0x1c, 0x10, 0xff,
    0x38, 0x1c, 0x08, 0xff, 0x38, 0x1c, 0x10, 0xff, 0x38, 0x1c, 0x08, 0xff,
    0x38, 0x18, 0x10, 0xff, 0x38, 0x1c, 0x10, 0xff, 0x38, 0x18, 0x10, 0xff,
    0x38, 0x1c, 0x08, 0xff, 0x30, 0x1c, 0x08, 0xff, 0x38, 0x1c, 0x10, 0xff,
    0x38, 0x1c, 0x10, 0xff, 0x38, 0x1c, 0x10, 0xff, 0x38, 0x1c, 0x08, 0xff,
    0x38, 0x18, 0x08, 0xff, 0x38, 0x1c, 0x08, 0xff, 0x30, 0x1c, 0x10, 0xff,
    0x38, 0x18, 0x10, 0xff, 0x38, 0x1c, 0x08, 0xff, 0x30, 0x1c, 0x10, 0xff,
    0x38, 0x1c, 0x10, 0xff, 0x38, 0x1c, 0x10, 0xff, 0x30, 0x1c, 0x08, 0xff,
    0x38, 0x1c, 0x08, 0xff, 0x38, 0x18, 0x10, 0xff, 0x38, 0x1c, 0x10, 0xff,
    0x30, 0x1c, 0x08, 0xff, 0x38, 0x1c, 0x08, 0xff, 0x38, 0x18, 0x08, 0xff,
    0x38, 0x1c, 0x10, 0xff, 0x38, 0x1c, 0x10, 0xff, 0x38, 0x18, 0x10, 0xff,
    0x38, 0x1c, 0x08, 0xff, 0x38, 0x1c, 0x10, 0xff, 0x30, 0x1c, 0x08, 0xff,
    0x38, 0x1c, 0x10, 0xff, 0x38, 0x1c, 0x10, 0xff, 0x38, 0x18, 0x10, 0xff,
    0x38, 0x1c, 0x10, 0xff, 0x38, 0x1c, 0x10, 0xff, 0x38, 0x1c, 0x08, 0xff,
    0x30, 0x1c, 0x10, 0xff, 0x38, 0x1c, 0x10, 0xff, 0x38, 0x1c, 0x08, 0xff,
    0x38, 0x18, 0x10, 0xff, 0x30, 0x1c, 0x10, 0xff, 0x38, 0x1c, 0x10, 0xff,
    0x38, 0x1c, 0x08, 0xff, 0x30, 0x1c, 0x10, 0xff, 0x38, 0x1c, 0x10, 0xff,
    0x38, 0x1c, 0x10, 0xff, 0x30, 0x1c, 0x08, 0xff, 0x30, 0x18, 0x10, 0xff,
    0x38, 0x1c, 0x08, 0xff, 0x38, 0x1c, 0x10, 0xff, 0x38, 0x18, 0x08, 0xff,
    0x30, 0x1c, 0x08, 0xff, 0x30, 0x1c, 0x10, 0xff, 0x38, 0x1c, 0x10, 0xff,
    0x38, 0x1c, 0x08, 0xff, 0x30, 0x1c, 0x08, 0xff, 0x38, 0x1c, 0x10, 0xff,
    0x38, 0x1c, 0x08, 0xff, 0x38, 0x18, 0x10, 0xff, 0x38, 0x1c, 0x10, 0xff,
    0x38, 0x1c, 0x10, 0xff, 0x38, 0x1c, 0x10, 0xff, 0x30, 0x1c, 0x10, 0xff,
    0x38, 0x18, 0x10, 0xff, 0x38, 0x1c, 0x08, 0xff, 0x38, 0x18, 0x08, 0xff,
    0x30, 0x18, 0x08, 0xff, 0x38, 0x1c, 0x10, 0xff, 0x38, 0x1c, 0x10, 0xff,
    0x30, 0x1c, 0x08, 0xff, 0x30, 0x1c, 0x10, 0xff, 0x38, 0x1c, 0x10, 0xff,
    0x38, 0x1c, 0x10, 0xff, 0x30, 0x1c, 0x10, 0xff, 0x30, 0x1c, 0x08, 0xff,
    0x38, 0x1c, 0x08, 0xff, 0x30, 0x1c, 0x10, 0xff, 0x38, 0x1c, 0x10, 0xff,
    0x30, 0x18, 0x08, 0xff, 0x38, 0x1c, 0x10, 0xff, 0x38, 0x1c, 0x08, 0xff,
    0x30, 0x1c, 0x10, 0xff, 0x38, 0x1c, 0x10, 0xff, 0x30, 0x18, 0x10, 0xff,
    0x38, 0x1c, 0x10, 0xff, 0x38, 0x1c, 0x10, 0xff, 0x30, 0x18, 0x08, 0xff,
    0x38, 0x1c, 0x08, 0xff, 0x38, 0x1c, 0x10, 0xff, 0x30, 0x18, 0x10, 0xff,
    0x38, 0x1c, 0x10, 0xff, 0x38, 0x1c, 0x08, 0xff, 0x38, 0x1c, 0x10, 0xff,
    0x38, 0x1c, 0x08, 0xff, 0x30, 0x18, 0x08, 0xff, 0x38, 0x1c, 0x10, 0xff,
    0x38, 0x1c, 0x10, 0xff, 0x38, 0x1c, 0x08, 0xff, 0x38, 0x18, 0x10, 0xff,
    0x30, 0x1c, 0x10, 0xff, 0x38, 0x1c, 0x10, 0xff, 0x38, 0x1c, 0x10, 0xff,
    0x38, 0x1c, 0x08, 0xff, 0x30, 0x18, 0x10, 0xff, 0x38, 0x1c, 0x10, 0xff,
    0x38, 0x18, 0x10, 0xff, 0x38, 0x18, 0x10, 0xff, 0x38, 0x1c, 0x10, 0xff,
    0x30, 0x1c, 0x10, 0xff, 0x30, 0x1c, 0x10, 0xff, 0x38, 0x1c, 0x08, 0xff,
    0x30, 0x18, 0x08, 0xff, 0x38, 0x1c, 0x08, 0xff, 0x38, 0x1c, 0x10, 0xff,
    0x38, 0x1c, 0x10, 0xff, 0x30, 0x1c, 0x10, 0xff, 0x38, 0x1c, 0x10, 0xff,
    0x38, 0x1c, 0x10, 0xff, 0x38, 0x18, 0x10, 0xff, 0x38, 0x1c, 0x10, 0xff,
    0x38, 0x1c, 0x08, 0xff, 0x38, 0x18, 0x08, 0xff, 0x38, 0x18, 0x10, 0xff,
    0x38, 0x1c, 0x10, 0xff, 0x38, 0x1c, 0x10, 0xff, 0x38, 0x18, 0x10, 0xff,
    0x38, 0x1c, 0x08, 0xff, 0x30, 0x1c, 0x10, 0xff, 0x38, 0x18, 0x10, 0xff,
    0x38, 0x1c, 0x10, 0xff, 0x30, 0x1c, 0x10, 0xff, 0x38, 0x18, 0x08, 0xff,
    0x38, 0x1c, 0x08, 0xff, 0x38, 0x1c, 0x08, 0xff, 0x30, 0x1c, 0x08, 0xff,
    0x38, 0x18, 0x08, 0xff, 0x38, 0x1c, 0x10, 0xff, 0x38, 0x1c, 0x10, 0xff,
    0x38, 0x18, 0x10, 0xff, 0x38, 0x1c, 0x08, 0xff, 0x38, 0x1c, 0x08, 0xff,
    0x30, 0x1c, 0x10, 0xff, 0x30, 0x18, 0x10, 0xff, 0x38, 0x18, 0x10, 0xff,
    0x38, 0x1c, 0x08, 0xff, 0x30, 0x18, 0x08, 0xff, 0x38, 0x1c, 0x10, 0xff,
    0x38, 0x18, 0x10, 0xff, 0x30, 0x1c, 0x10, 0xff, 0x38, 0x1c, 0x08, 0xff,
    0x30, 0x1c, 0x08, 0xff, 0x38, 0x18, 0x10, 0xff, 0x38, 0x1c, 0x10, 0xff,
    0x38, 0x1c, 0x08, 0xff, 0x38, 0x1c, 0x10, 0xff, 0x38, 0x1c, 0x10, 0xff,
    0x30, 0x1c, 0x08, 0xff, 0x38, 0x1c, 0x10, 0xff, 0x38, 0x18, 0x08, 0xff,
    0x38, 0x1c, 0x08, 0xff, 0x38, 0x1c, 0x10, 0xff, 0x38, 0x18, 0x10, 0xff,
    0x38, 0x1c, 0x10, 0xff, 0x38, 0x1c, 0x08, 0xff, 0x30, 0x1c, 0x08, 0xff,
    0x38, 0x18, 0x10, 0xff, 0x38, 0x1c, 0x10, 0xff, 0x30, 0x1c, 0x08, 0xff,
    0x30, 0x1c, 0x08, 0xff, 0x38, 0x18, 0x10, 0xff, 0x38, 0x1c, 0x10, 0xff,
    0x38, 0x1c, 0x10, 0xff, 0x38, 0x1c, 0x08, 0xff, 0x30, 0x1c, 0x08, 0xff,
    0x38, 0x18, 0x08, 0xff, 0x38, 0x1c, 0x10, 0xff, 0x38, 0x18, 0x10, 0xff,
    0x38, 0x1c, 0x08, 0xff, 0x38, 0x1c, 0x08, 0xff, 0x38, 0x1c, 0x08, 0xff,
    0x38, 0x1c, 0x10, 0xff, 0x38, 0x18, 0x10, 0xff, 0x38, 0x1c, 0x08, 0xff,
    0x38, 0x1c, 0x10, 0xff, 0x38, 0x18, 0x10, 0xff, 0x38, 0x1c, 0x10, 0xff,
    0x38, 0x1c, 0x10, 0xff, 0x38, 0x1c, 0x10, 0xff, 0x30, 0x1c, 0x08, 0xff,
    0x30, 0x1c, 0x10, 0xff, 0x38, 0x18, 0x10, 0xff, 0x38, 0x1c, 0x08, 0xff,
    0x38, 0x1c, 0x08, 0xff, 0x38, 0x1c, 0x10, 0xff, 0x38, 0x1c, 0x10, 0xff,
    0x38, 0x1c, 0x10, 0xff, 0x38, 0x1c, 0x10, 0xff, 0x30, 0x1c, 0x08, 0xff,
    0x38, 0x1c, 0x08, 0xff, 0x38, 0x1c, 0x10, 0xff, 0x38, 0x18, 0x10, 0xff,
    0x30, 0x1c, 0x08, 0xff, 0x38, 0x1c, 0x10, 0xff, 0x38, 0x1c, 0x10, 0xff,
    0x38, 0x18, 0x08, 0xff, 0x30, 0x1c, 0x08, 0xff, 0x38, 0x1c, 0x10, 0xff,
    0x38, 0x1c, 0x08, 0xff, 0x38, 0x1c, 0x10, 0xff, 0x38, 0x18, 0x10, 0xff,
    0x38, 0x1c, 0x08, 0xff, 0x30, 0x1c, 0x10, 0xff, 0x38, 0x1c, 0x10, 0xff,
    0x30, 0x1c, 0x10, 0xff, 0x38, 0x18, 0x10, 0xff, 0x38, 0x1c, 0x08, 0xff,
    0x38, 0x1c, 0x08, 0xff, 0x38, 0x18, 0x10, 0xff, 0x38, 0x1c, 0x08, 0xff,
    0x38, 0x1c, 0x08, 0xff, 0x38, 0x18, 0x10, 0xff, 0x30, 0x1c, 0x10, 0xff,
    0x30, 0x1c, 0x10, 0xff, 0x38, 0x18, 0x10, 0xff, 0x38, 0x1c, 0x10, 0xff,
    0x30, 0x1c, 0x08, 0xff, 0x30, 0x1c, 0x10, 0xff, 0x38, 0x1c, 0x10, 0xff,
    0x38, 0x1c, 0x10, 0xff, 0x30, 0x1c, 0x10, 0xff, 0x38, 0x18, 0x08, 0xff,
    0x38, 0x1c, 0x10, 0xff, 0x30, 0x1c, 0x10, 0xff, 0x30, 0x1c, 0x10, 0xff,
    0x38, 0x1c, 0x10, 0xff, 0x38, 0x1c, 0x10, 0xff, 0x30, 0x1c, 0x08, 0xff,
    0x38, 0x18, 0x08, 0xff, 0x38, 0x18, 0x10, 0xff, 0x38, 0x1c, 0x10, 0xff,
    0x38, 0x1c, 0x08, 0xff, 0x38, 0x18, 0x10, 0xff, 0x38, 0x1c, 0x10, 0xff,
    0x38, 0x1c, 0x08, 0xff, 0x30, 0x1c, 0x10, 0xff, 0x38, 0x1c, 0x10, 0xff,
    0x38, 0x18, 0x08, 0xff, 0x38, 0x1c, 0x10, 0xff, 0x38, 0x1c, 0x10, 0xff,
    0x38, 0x18, 0x10, 0xff, 0x38, 0x1c, 0x10, 0xff, 0x38, 0x1c, 0x08, 0xff,
    0x38, 0x1c, 0x08, 0xff, 0x30, 0x18, 0x10, 0xff, 0x30, 0x1c, 0x10, 0xff,
    0x38, 0x18, 0x10, 0xff, 0x38, 0x1c, 0x10, 0xff, 0x38, 0x1c, 0x10, 0xff,
    0x30, 0x18, 0x10, 0xff, 0x30, 0x1c, 0x10, 0xff, 0x38, 0x1c, 0x10, 0xff,
    0x30, 0x1c, 0x08, 0xff, 0x38, 0x18, 0x08, 0xff, 0x38, 0x1c, 0x08, 0xff,
    0x38, 0x18, 0x10, 0xff, 0x38, 0x1c, 0x10, 0xff, 0x30, 0x1c, 0x10, 0xff,
    0x38, 0x18, 0x10, 0xff, 0x38, 0x1c, 0x10, 0xff, 0x30, 0x1c, 0x10, 0xff,
    0x38, 0x1c, 0x08, 0xff, 0x38, 0x18, 0x08, 0xff, 0x38, 0x1c, 0x08, 0xff,
    0x38, 0x1c, 0x10, 0xff, 0x38, 0x1c, 0x10, 0xff, 0x38, 0x1c, 0x10, 0xff,
    0x38, 0x1c, 0x08, 0xff, 0x30, 0x1c, 0x08, 0xff, 0x38, 0x18, 0x10, 0xff,
    0x38, 0x1c, 0x10, 0xff, 0x30, 0x1c, 0x10, 0xff, 0x38, 0x18, 0x08, 0xff,
    0x38, 0x1c, 0x10, 0xff, 0x38, 0x1c, 0x08, 0xff, 0x30, 0x18, 0x08, 0xff,
    0x38, 0x1c, 0x08, 0xff, 0x38, 0x1c, 0x10, 0xff, 0x30, 0x1c, 0x10, 0xff,
    0x38, 0x1c, 0x08, 0xff, 0x38, 0x1c, 0x08, 0xff, 0x38, 0x1c, 0x10, 0xff,
    0x30, 0x1c, 0x10, 0xff, 0x30, 0x1c, 0x10, 0xff, 0x38, 0x18, 0x10, 0xff,
    0x38, 0x18, 0x08, 0xff, 0x30, 0x1c, 0x08, 0xff, 0x38, 0x1c, 0x10, 0xff,
    0x30, 0x18, 0x08, 0xff, 0x38, 0x1c, 0x10, 0xff, 0x38, 0x18, 0x08, 0xff,
    0x30, 0x1c, 0x08, 0xff, 0x38, 0x1c, 0x10, 0xff, 0x38, 0x18, 0x10, 0xff,
    0x38, 0x1c, 0x10, 0xff, 0x38, 0x1c, 0x08, 0xff, 0x38, 0x1c, 0x08, 0xff,
    0x38, 0x1c, 0x08, 0xff, 0x38, 0x1c, 0x10, 0xff, 0x38, 0x1c, 0x08, 0xff,
    0x38, 0x1c, 0x08, 0xff, 0x38, 0x1c, 0x08, 0xff, 0x38, 0x18, 0x10, 0xff,
    0x38, 0x1c, 0x10, 0xff, 0x38, 0x1c, 0x10, 0xff, 0x30, 0x1c, 0x08, 0xff,
    0x38, 0x1c, 0x10, 0xff, 0x38, 0x1c, 0x08, 0xff, 0x30, 0x1c, 0x08, 0xff,
    0x38, 0x1c, 0x10, 0xff, 0x38, 0x1c, 0x10, 0xff, 0x30, 0x1c, 0x10, 0xff,
    0x38, 0x1c, 0x10, 0xff, 0x38, 0x1c, 0x10, 0xff, 0x38, 0x1c, 0x08, 0xff,
    0x30, 0x18, 0x08, 0xff, 0x38, 0x1c, 0x08, 0xff, 0x38, 0x18, 0x10, 0xff,
    0x38, 0x18, 0x10, 0xff, 0x38, 0x1c, 0x08, 0xff, 0x30, 0x18, 0x08, 0xff,
    0x38, 0x1c, 0x08, 0xff, 0x38, 0x1c, 0x10, 0xff, 0x38, 0x18, 0x08, 0xff,
    0x38, 0x1c, 0x10, 0xff, 0x38, 0x1c, 0x10, 0xff, 0x30, 0x18, 0x10, 0xff,
    0x38, 0x1c, 0x08, 0xff, 0x38, 0x18, 0x10, 0xff, 0x30, 0x1c, 0x10, 0xff,
    0x38, 0x1c, 0x10, 0xff, 0x30, 0x18, 0x10, 0xff, 0x38, 0x1c, 0x08, 0xff,
    0x38, 0x1c, 0x08, 0xff, 0x38, 0x1c, 0x10, 0xff, 0x30, 0x1c, 0x10, 0xff,
    0x38, 0x1c, 0x08, 0xff, 0x38, 0x1c, 0x10, 0xff, 0x38, 0x1c, 0x10, 0xff,
    0x30, 0x1c, 0x08, 0xff, 0x38, 0x1c, 0x10, 0xff, 0x30, 0x1c, 0x10, 0xff,
    0x38, 0x1c, 0x10, 0xff, 0x38, 0x18, 0x10, 0xff, 0x30, 0x1c, 0x08, 0xff,
    0x38, 0x1c, 0x10, 0xff, 0x30, 0x1c, 0x10, 0xff, 0x38, 0x18, 0x10, 0xff,
    0x38, 0x1c, 0x08, 0xff, 0x38, 0x18, 0x10, 0xff, 0x38, 0x1c, 0x10, 0xff,
    0x38, 0x1c, 0x10, 0xff, 0x30, 0x18, 0x10, 0xff, 0x38, 0x1c, 0x10, 0xff,
    0x30, 0x1c, 0x10, 0xff, 0x38, 0x18, 0x10, 0xff, 0x38, 0x1c, 0x08, 0xff,
    0x30, 0x1c, 0x10, 0xff, 0x38, 0x18, 0x10, 0xff, 0x38, 0x1c, 0x08, 0xff,
    0x38, 0x18, 0x08, 0xff, 0x38, 0x18, 0x08, 0xff, 0x30, 0x1c, 0x10, 0xff,
    0x38, 0x1c, 0x10, 0xff, 0x38, 0x18, 0x10, 0xff, 0x38, 0x1c, 0x10, 0xff,
    0x30, 0x1c, 0x10, 0xff, 0x38, 0x1c, 0x10, 0xff, 0x38, 0x1c, 0x10, 0xff,
    0x38, 0x1c, 0x10, 0xff, 0x38, 0x1c, 0x10, 0xff, 0x38, 0x1c, 0x10, 0xff,
    0x30, 0x1c, 0x10, 0xff, 0x30, 0x1c, 0x10, 0xff, 0x38, 0x18, 0x08, 0xff,
    0x38, 0x1c, 0x10, 0xff, 0x38, 0x1c, 0x10, 0xff, 0x38, 0x1c, 0x10, 0xff,
    0x38, 0x1c, 0x08, 0xff, 0x38, 0x1c, 0x10, 0xff, 0x38, 0x1c, 0x10, 0xff,
    0x38, 0x18, 0x08, 0xff, 0x38, 0x1c, 0x10, 0xff, 0x38, 0x18, 0x08, 0xff,
    0x38, 0x1c, 0x08, 0xff, 0x38, 0x1c, 0x10, 0xff, 0x38, 0x1c, 0x10, 0xff,
    0x38, 0x18, 0x10, 0xff, 0x30, 0x1c, 0x10, 0xff, 0x38, 0x1c, 0x10, 0xff,
    0x38, 0x18, 0x10, 0xff, 0x38, 0x1c, 0x08, 0xff, 0x38, 0x1c, 0x08, 0xff,
    0x30, 0x1c, 0x08, 0xff, 0x38, 0x1c, 0x10, 0xff, 0x38, 0x1c, 0x08, 0xff,
    0x38, 0x18, 0x10, 0xff, 0x30, 0x1c, 0x10, 0xff, 0x38, 0x1c, 0x10, 0xff,
    0x30, 0x1c, 0x10, 0xff, 0x30, 0x18, 0x10, 0xff, 0x38, 0x1c, 0x08, 0xff,
    0x38, 0x1c, 0x08, 0xff, 0x38, 0x1c, 0x08, 0xff, 0x38, 0x1c, 0x08, 0xff,
    0x38, 0x18, 0x08, 0xff, 0x38, 0x1c, 0x10, 0xff, 0x38, 0x1c, 0x10, 0xff,
    0x38, 0x18, 0x10, 0xff, 0x38, 0x1c, 0x10, 0xff, 0x30, 0x1c, 0x10, 0xff,
    0x38, 0x1c, 0x10, 0xff, 0x38, 0x1c, 0x08, 0xff, 0x30, 0x18, 0x08, 0xff,
    0x38, 0x1c, 0x08, 0xff, 0x30, 0x1c, 0x10, 0xff, 0x38, 0x1c, 0x10, 0xff,
    0x38, 0x18, 0x08, 0xff, 0x30, 0x1c, 0x08, 0xff, 0x30, 0x1c, 0x08, 0xff,
    0x38, 0x1c, 0x10, 0xff, 0x38, 0x1c, 0x10, 0xff, 0x38, 0x18, 0x08, 0xff,
    0x38, 0x1c, 0x10, 0xff, 0x38, 0x1c, 0x10, 0xff, 0x30, 0x1c, 0x08, 0xff,
    0x38, 0x1c, 0x08, 0xff, 0x38, 0x18, 0x08, 0xff, 0x30, 0x1c, 0x10, 0xff,
    0x38, 0x18, 0x08, 0xff, 0x38, 0x1c, 0x08, 0xff, 0x30, 0x1c, 0x10, 0xff,
    0x38, 0x1c, 0x10, 0xff, 0x38, 0x1c, 0x10, 0xff, 0x30, 0x18, 0x10, 0xff,
    0x38, 0x18, 0x10, 0xff, 0x38, 0x1c, 0x08, 0xff, 0x30, 0x1c, 0x08, 0xff,
    0x38, 0x18, 0x08, 0xff, 0x38, 0x1c, 0x08, 0xff, 0x38, 0x1c, 0x08, 0xff,
    0x38, 0x1c, 0x10, 0xff, 0x38, 0x18, 0x10, 0xff, 0x30, 0x1c, 0x10, 0xff,
    0x38, 0x1c, 0x10, 0xff, 0x38, 0x18, 0x10, 0xff, 0x38, 0x1c, 0x08, 0xff,
    0x38, 0x1c, 0x08, 0xff, 0x38, 0x1c, 0x10, 0xff, 0x38, 0x18, 0x08, 0xff,
    0x38, 0x1c, 0x08, 0xff, 0x38, 0x1c, 0x10, 0xff, 0x30, 0x1c, 0x10, 0xff,
    0x38, 0x1c, 0x10, 0xff, 0x38, 0x18, 0x10, 0xff, 0x30, 0x1c, 0x10, 0xff,
    0x38, 0x1c, 0x10, 0xff, 0x30, 0x1c, 0x08, 0xff, 0x38, 0x1c, 0x08, 0xff,
    0x38, 0x1c, 0x08, 0xff, 0x30, 0x1c, 0x10, 0xff, 0x38, 0x1c, 0x10, 0xff,
    0x38, 0x1c, 0x10, 0xff, 0x38, 0x18, 0x10, 0xff, 0x38, 0x1c, 0x10, 0xff,
    0x38, 0x1c, 0x08, 0xff, 0x38, 0x18, 0x08, 0xff, 0x38, 0x1c, 0x10, 0xff,
    0x38, 0x1c, 0x10, 0xff, 0x38, 0x1c, 0x10, 0xff, 0x30, 0x18, 0x08, 0xff,
    0x38, 0x18, 0x08, 0xff, 0x38, 0x1c, 0x10, 0xff, 0x38, 0x1c, 0x08, 0xff,
    0x38, 0x1c, 0x08, 0xff, 0x38, 0x1c, 0x10, 0xff, 0x30, 0x18, 0x10, 0xff,
    0x38, 0x1c, 0x10, 0xff, 0x38, 0x1c, 0x10, 0xff, 0x30, 0x1c, 0x10, 0xff,
    0x38, 0x18, 0x10, 0xff, 0x38, 0x1c, 0x08, 0xff, 0x30, 0x1c, 0x08, 0xff,
    0x38, 0x1c, 0x10, 0xff, 0x38, 0x1c, 0x10, 0xff, 0x30, 0x1c, 0x08, 0xff,
    0x38, 0x1c, 0x10, 0xff, 0x38, 0x1c, 0x10, 0xff, 0x38, 0x1c, 0x10, 0xff,
    0x38, 0x18, 0x10, 0xff, 0x30, 0x1c, 0x10, 0xff, 0x30, 0x1c, 0x10, 0xff,
    0x38, 0x1c, 0x10, 0xff, 0x38, 0x18, 0x08, 0xff, 0x38, 0x1c, 0x08, 0xff,
    0x30, 0x1c, 0x10, 0xff, 0x30, 0x18, 0x10, 0xff, 0x38, 0x1c, 0x10, 0xff,
    0x38, 0x1c, 0x08, 0xff, 0x38, 0x1c, 0x10, 0xff, 0x38, 0x1c, 0x10, 0xff,
    0x38, 0x1c, 0x08, 0xff, 0x30, 0x18, 0x10, 0xff, 0x38, 0x1c, 0x10, 0xff,
    0x30, 0x1c, 0x08, 0xff, 0x38, 0x18, 0x10, 0xff, 0x38, 0x1c, 0x08, 0xff,
    0x38, 0x18, 0x10, 0xff, 0x30, 0x1c, 0x10, 0xff, 0x38, 0x1c, 0x10, 0xff,
    0x38, 0x18, 0x08, 0xff, 0x38, 0x18, 0x08, 0xff, 0x38, 0x1c, 0x08, 0xff,
    0x38, 0x1c, 0x10, 0xff, 0x30, 0x1c, 0x10, 0xff, 0x38, 0x1c, 0x10, 0xff,
    0x38, 0x1c, 0x10, 0xff, 0x30, 0x1c, 0x08, 0xff, 0x38, 0x18, 0x10, 0xff,
    0x38, 0x1c, 0x10, 0xff, 0x38, 0x1c, 0x10, 0xff, 0x30, 0x1c, 0x08, 0xff,
    0x38, 0x1c, 0x10, 0xff, 0x30, 0x18, 0x10, 0xff, 0x38, 0x1c, 0x10, 0xff,
    0x30, 0x18, 0x10, 0xff, 0x38, 0x1c, 0x10, 0xff, 0x38, 0x1c, 0x08, 0xff,
    0x30, 0x1c, 0x08, 0xff, 0x38, 0x1c, 0x10, 0xff, 0x38, 0x1c, 0x10, 0xff,
    0x30, 0x18, 0x10, 0xff, 0x38, 0x1c, 0x10, 0xff, 0x38, 0x18, 0x08, 0xff,
    0x30, 0x1c, 0x08, 0xff, 0x38, 0x1c, 0x10, 0xff, 0x38, 0x18, 0x10, 0xff,
    0x38, 0x18, 0x10, 0xff, 0x30, 0x1c, 0x08, 0xff, 0x38, 0x1c, 0x10, 0xff,
    0x38, 0x18, 0x10, 0xff, 0x38, 0x1c, 0x08, 0xff, 0x38, 0x18, 0x08, 0xff,
    0x38, 0x1c, 0x10, 0xff, 0x38, 0x1c, 0x10, 0xff, 0x38, 0x1c, 0x08, 0xff,
    0x38, 0x1c, 0x08, 0xff, 0x38, 0x18, 0x10, 0xff, 0x38, 0x1c, 0x10, 0xff,
    0x30, 0x18, 0x10, 0xff, 0x30, 0x1c, 0x10, 0xff, 0x38, 0x1c, 0x10, 0xff,
    0x38, 0x18, 0x08, 0xff, 0x38, 0x1c, 0x08, 0xff, 0x38, 0x1c, 0x10, 0xff,
    0x38, 0x1c, 0x08, 0xff, 0x38, 0x1c, 0x10, 0xff, 0x30, 0x1c, 0x08, 0xff,
    0x38, 0x18, 0x10, 0xff, 0x38, 0x1c, 0x10, 0xff, 0x30, 0x1c, 0x10, 0xff,
    0x38, 0x1c, 0x10, 0xff, 0x30, 0x1c, 0x10, 0xff, 0x30, 0x1c, 0x08, 0xff,
    0x38, 0x1c, 0x08, 0xff, 0x30, 0x18, 0x08, 0xff, 0x38, 0x18, 0x10, 0xff,
    0x38, 0x1c, 0x10, 0xff, 0x30, 0x1c, 0x08, 0xff, 0x38, 0x18, 0x08, 0xff,
    0x38, 0x1c, 0x10, 0xff, 0x38, 0x1c, 0x10, 0xff, 0x30, 0x1c, 0x08, 0xff,
    0x38, 0x1c, 0x10, 0xff, 0x38, 0x18, 0x10, 0xff, 0x38, 0x1c, 0x08, 0xff,
    0x38, 0x1c, 0x08, 0xff, 0x38, 0x18, 0x10, 0xff, 0x38, 0x18, 0x10, 0xff,
    0x38, 0x1c, 0x08, 0xff, 0x38, 0x1c, 0x08, 0xff, 0x38, 0x1c, 0x08, 0xff,
    0x38, 0x1c, 0x10, 0xff, 0x38, 0x1c, 0x10, 0xff, 0x38, 0x18, 0x10, 0xff,
    0x38, 0x1c, 0x08, 0xff, 0x38, 0x1c, 0x08, 0xff, 0x30, 0x1c, 0x08, 0xff,
    0x38, 0x1c, 0x10, 0xff, 0x38, 0x1c, 0x08, 0xff, 0x30, 0x1c, 0x08, 0xff,
    0x38, 0x1c, 0x10, 0xff, 0x38, 0x1c, 0x10, 0xff, 0x30, 0x1c, 0x10, 0xff,
    0x30, 0x1c, 0x10, 0xff, 0x38, 0x18, 0x10, 0xff, 0x38, 0x1c, 0x08, 0xff,
    0x38, 0x1c, 0x08, 0xff, 0x38, 0x1c, 0x10, 0xff, 0x38, 0x1c, 0x08, 0xff,
    0x38, 0x18, 0x08, 0xff, 0x38, 0x1c, 0x08, 0xff, 0x30, 0x1c, 0x10, 0xff,
    0x38, 0x18, 0x10, 0xff, 0x38, 0x1c, 0x10, 0xff, 0x30, 0x1c, 0x10, 0xff,
    0x38, 0x1c, 0x10, 0xff, 0x38, 0x1c, 0x10, 0xff, 0x38, 0x1c, 0x08, 0xff,
    0x38, 0x18, 0x08, 0xff, 0x38, 0x1c, 0x10, 0xff, 0x38, 0x1c, 0x10, 0xff,
    0x38, 0x1c, 0x08, 0xff, 0x38, 0x18, 0x10, 0xff, 0x38, 0x18, 0x10, 0xff,
    0x38, 0x1c, 0x10, 0xff, 0x30, 0x1c, 0x08, 0xff, 0x38, 0x1c, 0x10, 0xff,
    0x38, 0x1c, 0x10, 0xff, 0x30, 0x1c, 0x10, 0xff, 0x38, 0x18, 0x08, 0xff,
    0x38, 0x18, 0x10, 0xff, 0x38, 0x1c, 0x10, 0xff, 0x38, 0x1c, 0x08, 0xff,
    0x38, 0x1c, 0x08, 0xff, 0x30, 0x1c, 0x10, 0xff, 0x38, 0x1c, 0x10, 0xff,
    0x38, 0x1c, 0x08, 0xff, 0x30, 0x1c, 0x10, 0xff, 0x38, 0x18, 0x10, 0xff,
    0x30, 0x1c, 0x10, 0xff, 0x38, 0x1c, 0x10, 0xff, 0x38, 0x1c, 0x08, 0xff,
    0x30, 0x1c, 0x10, 0xff, 0x38, 0x1c, 0x10, 0xff, 0x38, 0x1c, 0x10, 0xff,
    0x30, 0x1c, 0x10, 0xff, 0x38, 0x1c, 0x10, 0xff, 0x38, 0x1c, 0x08, 0xff,
    0x38, 0x18, 0x10, 0xff, 0x38, 0x1c, 0x10, 0xff, 0x30, 0x1c, 0x10, 0xff,
    0x38, 0x18, 0x08, 0xff, 0x38, 0x1c, 0x08, 0xff, 0x38, 0x1c, 0x08, 0xff,
    0x38, 0x18, 0x10, 0xff, 0x38, 0x1c, 0x10, 0xff, 0x30, 0x1c, 0x10, 0xff,
    0x38, 0x1c, 0x08, 0xff, 0x38, 0x18, 0x10, 0xff, 0x38, 0x1c, 0x10, 0xff,
    0x38, 0x1c, 0x10, 0xff, 0x38, 0x1c, 0x10, 0xff, 0x30, 0x1c, 0x10, 0xff,
    0x38, 0x18, 0x08, 0xff, 0x38, 0x1c, 0x08, 0xff, 0x38, 0x18, 0x08, 0xff,
    0x30, 0x18, 0x10, 0xff, 0x38, 0x1c, 0x10, 0xff, 0x38, 0x1c, 0x08, 0xff,
    0x30, 0x18, 0x08, 0xff, 0x38, 0x1c, 0x08, 0xff, 0x38, 0x1c, 0x10, 0xff,
    0x38, 0x1c, 0x10, 0xff, 0x38, 0x1c, 0x10, 0xff, 0x38, 0x1c, 0x08, 0xff,
    0x38, 0x1c, 0x10, 0xff, 0x38, 0x18, 0x08, 0xff, 0x38, 0x1c, 0x10, 0xff,
    0x38, 0x1c, 0x08, 0xff, 0x38, 0x1c, 0x10, 0xff, 0x30, 0x1c, 0x08, 0xff,
    0x38, 0x1c, 0x10, 0xff, 0x38, 0x18, 0x10, 0xff, 0x30, 0x1c, 0x10, 0xff,
    0x38, 0x1c, 0x08, 0xff, 0x38, 0x18, 0x10, 0xff, 0x30, 0x1c, 0x10, 0xff,
    0x38, 0x1c, 0x08, 0xff, 0x38, 0x1c, 0x10, 0xff, 0x38, 0x18, 0x10, 0xff,
    0x30, 0x1c, 0x08, 0xff, 0x38, 0x18, 0x10, 0xff, 0x38, 0x18, 0x08, 0xff,
    0x30, 0x1c, 0x08, 0xff, 0x38, 0x1c, 0x08, 0xff, 0x38, 0x18, 0x10, 0xff,
    0x38, 0x18, 0x10, 0xff, 0x30, 0x1c, 0x10, 0xff, 0x38, 0x1c, 0x10, 0xff,
    0x38, 0x18, 0x10, 0xff, 0x38, 0x1c, 0x08, 0xff, 0x30, 0x1c, 0x10, 0xff,
    0x38, 0x18, 0x10, 0xff, 0x38, 0x1c, 0x10, 0xff, 0x30, 0x1c, 0x08, 0xff,
    0x30, 0x1c, 0x10, 0xff, 0x38, 0x1c, 0x10, 0xff, 0x38, 0x1c, 0x10, 0xff,
    0x30, 0x1c, 0x10, 0xff, 0x30, 0x1c, 0x10, 0xff, 0x38, 0x1c, 0x08, 0xff,
    0x30, 0x18, 0x08, 0xff, 0x38, 0x1c, 0x08, 0xff, 0x38, 0x1c, 0x10, 0xff,
    0x38, 0x1c, 0x10, 0xff, 0x30, 0x1c, 0x10, 0xff, 0x38, 0x1c, 0x08, 0xff,
    0x38, 0x1c, 0x10, 0xff, 0x30, 0x1c, 0x10, 0xff, 0x38, 0x1c, 0x10, 0xff,
    0x38, 0x18, 0x10, 0xff, 0x30, 0x18, 0x10, 0xff, 0x30, 0x1c, 0x08, 0xff,
    0x38, 0x1c, 0x08, 0xff, 0x30, 0x1c, 0x10, 0xff, 0x38, 0x1c, 0x10, 0xff,
    0x38, 0x1c, 0x10, 0xff, 0x30, 0x18, 0x08, 0xff, 0x38, 0x1c, 0x10, 0xff,
    0x38, 0x1c, 0x10, 0xff, 0x38, 0x1c, 0x10, 0xff, 0x30, 0x1c, 0x08, 0xff,
    0x38, 0x1c, 0x08, 0xff, 0x38, 0x18, 0x10, 0xff, 0x38, 0x1c, 0x10, 0xff,
    0x38, 0x1c, 0x08, 0xff, 0x38, 0x18, 0x10, 0xff, 0x30, 0x1c, 0x10, 0xff,
    0x38, 0x1c, 0x08, 0xff, 0x38, 0x1c, 0x08, 0xff, 0x38, 0x1c, 0x10, 0xff,
    0x30, 0x1c, 0x10, 0xff, 0x38, 0x1c, 0x10, 0xff, 0x38, 0x18, 0x10, 0xff,
    0x38, 0x1c, 0x10, 0xff, 0x30, 0x1c, 0x08, 0xff, 0x38, 0x1c, 0x08, 0xff,
    0x38, 0x1c, 0x08, 0xff, 0x38, 0x18, 0x08, 0xff, 0x30, 0x1c, 0x08, 0xff,
    0x38, 0x1c, 0x10, 0xff, 0x38, 0x1c, 0x08, 0xff, 0x30, 0x1c, 0x10, 0xff,
    0x38, 0x18, 0x10, 0xff, 0x38, 0x1c, 0x10, 0xff, 0x38, 0x1c, 0x08, 0xff,
    0x38, 0x18, 0x08, 0xff, 0x38, 0x1c, 0x10, 0xff, 0x38, 0x18, 0x08, 0xff,
    0x38, 0x1c, 0x08, 0xff, 0x38, 0x1c, 0x10, 0xff, 0x38, 0x18, 0x10, 0xff,
    0x38, 0x1c, 0x10, 0xff, 0x38, 0x1c, 0x08, 0xff, 0x30, 0x1c, 0x10, 0xff,
    0x38, 0x18, 0x10, 0xff, 0x38, 0x1c, 0x10, 0xff, 0x30, 0x1c, 0x08, 0xff,
    0x38, 0x18, 0x10, 0xff, 0x38, 0x1c, 0x10, 0xff, 0x38, 0x1c, 0x10, 0xff,
    0x38, 0x1c, 0x08, 0xff, 0x38, 0x1c, 0x10, 0xff, 0x38, 0x18, 0x10, 0xff,
    0x38, 0x18, 0x08, 0xff, 0x30, 0x1c, 0x08, 0xff, 0x38, 0x18, 0x10, 0xff,
    0x38, 0x1c, 0x10, 0xff, 0x30, 0x1c, 0x08, 0xff, 0x38, 0x18, 0x08, 0xff,
    0x38, 0x18, 0x10, 0xff, 0x38, 0x1c, 0x10, 0xff, 0x38, 0x18, 0x10, 0xff,
    0x30, 0x1c, 0x08, 0xff, 0x30, 0x1c, 0x10, 0xff, 0x38, 0x18, 0x10, 0xff,
    0x38, 0x1c, 0x08, 0xff, 0x38, 0x1c, 0x08, 0xff, 0x30, 0x18, 0x10, 0xff,
    0x38, 0x1c, 0x10, 0xff, 0x38, 0x18, 0x08, 0xff, 0x38, 0x1c, 0x08, 0xff,
    0x38, 0x1c, 0x10, 0xff, 0x38, 0x1c, 0x10, 0xff, 0x30, 0x18, 0x08, 0xff,
    0x38, 0x1c, 0x10, 0xff, 0x38, 0x1c, 0x10, 0xff, 0x38, 0x1c, 0x10, 0xff,
    0x30, 0x1c, 0x10, 0xff, 0x38, 0x1c, 0x10, 0xff, 0x38, 0x1c, 0x10, 0xff,
    0x38, 0x18, 0x10, 0xff, 0x38, 0x1c, 0x08, 0xff, 0x38, 0x1c, 0x08, 0xff,
    0x38, 0x1c, 0x08, 0xff, 0x38, 0x1c, 0x10, 0xff, 0x38, 0x18, 0x10, 0xff,
    0x38, 0x1c, 0x08, 0xff, 0x38, 0x1c, 0x10, 0xff, 0x38, 0x18, 0x10, 0xff,
    0x38, 0x1c, 0x08, 0xff, 0x30, 0x1c, 0x10, 0xff, 0x38, 0x1c, 0x10, 0xff,
    0x38, 0x1c, 0x10, 0xff, 0x30, 0x18, 0x08, 0xff, 0x38, 0x1c, 0x08, 0xff,
    0x38, 0x1c, 0x08, 0xff, 0x38, 0x1c, 0x10, 0xff, 0x38, 0x18, 0x08, 0xff,
    0x30, 0x1c, 0x08, 0xff, 0x30, 0x1c, 0x08, 0xff, 0x38, 0x1c, 0x10, 0xff,
    0x38, 0x1c, 0x10, 0xff, 0x38, 0x1c, 0x08, 0xff, 0x30, 0x1c, 0x10, 0xff,
    0x38, 0x1c, 0x10, 0xff, 0x38, 0x1c, 0x08, 0xff, 0x30, 0x1c, 0x10, 0xff,
    0x38, 0x1c, 0x10, 0xff, 0x38, 0x1c, 0x10, 0xff, 0x30, 0x1c, 0x08, 0xff,
    0x38, 0x1c, 0x10, 0xff, 0x38, 0x1c, 0x10, 0xff, 0x38, 0x1c, 0x10, 0xff,
    0x38, 0x1c, 0x08, 0xff, 0x30, 0x1c, 0x08, 0xff, 0x38, 0x1c, 0x10, 0xff,
    0x38, 0x1c, 0x10, 0xff, 0x38, 0x18, 0x10, 0xff, 0x30, 0x1c, 0x10, 0xff,
    0x38, 0x1c, 0x10, 0xff, 0x38, 0x18, 0x10, 0xff, 0x38, 0x1c, 0x08, 0xff,
    0x30, 0x1c, 0x08, 0xff, 0x38, 0x1c, 0x10, 0xff, 0x38, 0x1c, 0x10, 0xff,
    0x38, 0x18, 0x10, 0xff, 0x30, 0x18, 0x08, 0xff, 0x38, 0x1c, 0x10, 0xff,
    0x38, 0x1c, 0x10, 0xff, 0x30, 0x1c, 0x08, 0xff, 0x38, 0x18, 0x08, 0xff,
    0x38, 0x1c, 0x10, 0xff, 0x30, 0x1c, 0x10, 0xff, 0x30, 0x18, 0x10, 0xff,
    0x38, 0x1c, 0x10, 0xff, 0x38, 0x1c, 0x10, 0xff, 0x38, 0x1c, 0x10, 0xff,
    0x30, 0x18, 0x10, 0xff, 0x30, 0x1c, 0x10, 0xff, 0x38, 0x1c, 0x10, 0xff,
    0x30, 0x1c, 0x08, 0xff, 0x38, 0x18, 0x08, 0xff, 0x38, 0x1c, 0x10, 0xff,
    0x38, 0x18, 0x10, 0xff, 0x38, 0x1c, 0x10, 0xff, 0x30, 0x1c, 0x10, 0xff,
    0x38, 0x1c, 0x10, 0xff, 0x38, 0x1c, 0x10, 0xff, 0x38, 0x1c, 0x10, 0xff,
    0x38, 0x1c, 0x10, 0xff, 0x38, 0x18, 0x08, 0xff, 0x30, 0x18, 0x08, 0xff,
    0x38, 0x1c, 0x10, 0xff, 0x38, 0x1c, 0x10, 0xff, 0x38, 0x18, 0x10, 0xff,
    0x38, 0x1c, 0x10, 0xff, 0x38, 0x1c, 0x08, 0xff, 0x38, 0x1c, 0x08, 0xff,
    0x30, 0x18, 0x10, 0xff, 0x38, 0x1c, 0x10, 0xff, 0x38, 0x1c, 0x08, 0xff,
    0x30, 0x18, 0x08, 0xff, 0x38, 0x1c, 0x08, 0xff, 0x38, 0x1c, 0x10, 0xff,
    0x38, 0x18, 0x10, 0xff, 0x30, 0x1c, 0x10, 0xff, 0x38, 0x1c, 0x10, 0xff,
    0x38, 0x1c, 0x08, 0xff, 0x38, 0x1c, 0x08, 0xff, 0x30, 0x1c, 0x08, 0xff,
    0x38, 0x1c, 0x10, 0xff, 0x30, 0x1c, 0x10, 0xff, 0x38, 0x18, 0x10, 0xff,
    0x38, 0x1c, 0x10, 0xff, 0x38, 0x1c, 0x08, 0xff, 0x30, 0x1c, 0x08, 0xff,
    0x38, 0x1c, 0x10, 0xff, 0x38, 0x18, 0x08, 0xff, 0x38, 0x1c, 0x08, 0xff,
    0x38, 0x18, 0x10, 0xff, 0x30, 0x1c, 0x10, 0xff, 0x38, 0x1c, 0x10, 0xff,
    0x38, 0x18, 0x10, 0xff, 0x38, 0x1c, 0x10, 0xff, 0x30, 0x1c, 0x08, 0xff,
    0x38, 0x18, 0x08, 0xff, 0x38, 0x1c, 0x10, 0xff, 0x38, 0x1c, 0x08, 0xff,
    0x38, 0x1c, 0x08, 0xff, 0x38, 0x1c, 0x08, 0xff, 0x38, 0x18, 0x10, 0xff,
    0x38, 0x1c, 0x10, 0xff, 0x30, 0x1c, 0x08, 0xff, 0x38, 0x1c, 0x08, 0xff,
    0x38, 0x1c, 0x10, 0xff, 0x38, 0x18, 0x10, 0xff, 0x30, 0x18, 0x08, 0xff,
    0x38, 0x1c, 0x08, 0xff, 0x38, 0x1c, 0x10, 0xff, 0x38, 0x18, 0x08, 0xff,
    0x38, 0x1c, 0x10, 0xff, 0x38, 0x1c, 0x10, 0xff, 0x30, 0x1c, 0x10, 0xff,
    0x38, 0x18, 0x08, 0xff, 0x38, 0x1c, 0x08, 0xff, 0x38, 0x1c, 0x10, 0xff,
    0x30, 0x18, 0x10, 0xff, 0x38, 0x18, 0x08, 0xff, 0x38, 0x1c, 0x10, 0xff,
    0x38, 0x1c, 0x10, 0xff, 0x38, 0x18, 0x08, 0xff, 0x38, 0x1c, 0x10, 0xff,
    0x30, 0x1c, 0x10, 0xff, 0x38, 0x18, 0x10, 0xff, 0x38, 0x1c, 0x10, 0xff,
    0x38, 0x1c, 0x08, 0xff, 0x30, 0x18, 0x08, 0xff, 0x38, 0x1c, 0x10, 0xff,
    0x38, 0x1c, 0x10, 0xff, 0x38, 0x18, 0x10, 0xff, 0x38, 0x1c, 0x08, 0xff,
    0x38, 0x1c, 0x10, 0xff, 0x30, 0x18, 0x08, 0xff, 0x38, 0x1c, 0x08, 0xff,
    0x38, 0x18, 0x10, 0xff, 0x30, 0x1c, 0x10, 0xff, 0x38, 0x1c, 0x10, 0xff,
    0x38, 0x1c, 0x10, 0xff, 0x30, 0x1c, 0x08, 0xff, 0x38, 0x1c, 0x10, 0xff,
    0x38, 0x1c, 0x10, 0xff, 0x38, 0x1c, 0x08, 0xff, 0x38, 0x1c, 0x08, 0xff,
    0x38, 0x1c, 0x08, 0xff, 0x38, 0x18, 0x10, 0xff, 0x30, 0x1c, 0x10, 0xff,
    0x38, 0x1c, 0x08, 0xff, 0x38, 0x18, 0x10, 0xff, 0x38, 0x1c, 0x10, 0xff,
    0x38, 0x1c, 0x10, 0xff, 0x30, 0x18, 0x10, 0xff, 0x38, 0x1c, 0x10, 0xff,
    0x38, 0x1c, 0x10, 0xff, 0x30, 0x18, 0x10, 0xff, 0x38, 0x1c, 0x08, 0xff,
    0x30, 0x1c, 0x08, 0xff, 0x38, 0x1c, 0x10, 0xff, 0x38, 0x1c, 0x10, 0xff,
    0x30, 0x18, 0x08, 0xff, 0x30, 0x1c, 0x10, 0xff, 0x38, 0x1c, 0x10, 0xff,
    0x30, 0x1c, 0x10, 0xff, 0x38, 0x1c, 0x08, 0xff, 0x38, 0x1c, 0x10, 0xff,
    0x30, 0x1c, 0x08, 0xff, 0x30, 0x1c, 0x08, 0xff, 0x38, 0x1c, 0x10, 0xff,
    0x38, 0x1c, 0x10, 0xff, 0x38, 0x1c, 0x10, 0xff, 0x30, 0x1c, 0x08, 0xff,
    0x30, 0x1c, 0x10, 0xff, 0x38, 0x1c, 0x10, 0xff, 0x38, 0x1c, 0x10, 0xff,
    0x38, 0x18, 0x08, 0xff, 0x30, 0x1c, 0x08, 0xff, 0x38, 0x1c, 0x10, 0xff,
    0x38, 0x1c, 0x10, 0xff, 0x38, 0x18, 0x08, 0xff, 0x30, 0x1c, 0x10, 0xff,
    0x38, 0x1c, 0x10, 0xff, 0x38, 0x18, 0x10, 0xff, 0x38, 0x1c, 0x08, 0xff,
    0x38, 0x1c, 0x10, 0xff, 0x30, 0x1c, 0x10, 0xff, 0x38, 0x1c, 0x10, 0xff,
    0x38, 0x18, 0x08, 0xff, 0x38, 0x1c, 0x08, 0xff, 0x38, 0x1c, 0x10, 0xff,
    0x30, 0x1c, 0x10, 0xff, 0x38, 0x18, 0x10, 0xff, 0x38, 0x1c, 0x08, 0xff,
    0x30, 0x1c, 0x08, 0xff, 0x30, 0x18, 0x10, 0xff, 0x38, 0x1c, 0x10, 0xff,
    0x38, 0x1c, 0x08, 0xff, 0x38, 0x1c, 0x10, 0xff, 0x38, 0x1c, 0x10, 0xff,
    0x30, 0x1c, 0x10, 0xff, 0x30, 0x18, 0x10, 0xff, 0x38, 0x1c, 0x08, 0xff,
    0x38, 0x1c, 0x08, 0xff, 0x38, 0x1c, 0x08, 0xff, 0x38, 0x1c, 0x08, 0xff,
    0x38, 0x18, 0x10, 0xff, 0x38, 0x1c, 0x10, 0xff, 0x38, 0x1c, 0x10, 0xff,
    0x38, 0x1c, 0x10, 0xff, 0x38, 0x18, 0x10, 0xff, 0x38, 0x1c, 0x10, 0xff,
    0x38, 0x1c, 0x10, 0xff, 0x38, 0x1c, 0x08, 0xff, 0x38, 0x18, 0x08, 0xff,
    0x38, 0x18, 0x10, 0xff, 0x38, 0x1c, 0x10, 0xff, 0x38, 0x1c, 0x10, 0xff,
    0x38, 0x18, 0x10, 0xff, 0x38, 0x1c, 0x10, 0xff, 0x38, 0x1c, 0x08, 0xff,
    0x30, 0x18, 0x08, 0xff, 0x38, 0x1c, 0x10, 0xff, 0x38, 0x1c, 0x08, 0xff,
    0x38, 0x18, 0x10, 0xff, 0x38, 0x1c, 0x08, 0xff, 0x30, 0x1c, 0x10, 0xff,
    0x38, 0x1c, 0x10, 0xff, 0x38, 0x1c, 0x08, 0xff, 0x38, 0x18, 0x10, 0xff,
    0x30, 0x1c, 0x10, 0xff, 0x38, 0x1c, 0x08, 0xff, 0x38, 0x1c, 0x08, 0xff,
    0x30, 0x1c, 0x08, 0xff, 0x30, 0x1c, 0x10, 0xff, 0x38, 0x18, 0x10, 0xff,
    0x38, 0x1c, 0x10, 0xff, 0x38, 0x1c, 0x08, 0xff, 0x38, 0x1c, 0x10, 0xff,
    0x30, 0x1c, 0x10, 0xff, 0x38, 0x18, 0x08, 0xff, 0x38, 0x18, 0x10, 0xff,
    0x38, 0x1c, 0x08, 0xff, 0x38, 0x1c, 0x10, 0xff, 0x38, 0x18, 0x10, 0xff,
    0x38, 0x1c, 0x10, 0xff, 0x30, 0x1c, 0x10, 0xff, 0x38, 0x1c, 0x10, 0xff,
    0x38, 0x18, 0x08, 0xff, 0x38, 0x1c, 0x10, 0xff, 0x38, 0x18, 0x08, 0xff,
    0x38, 0x1c, 0x08, 0xff, 0x38, 0x1c, 0x10, 0xff, 0x30, 0x1c, 0x10, 0xff,
    0x38, 0x1c, 0x10, 0xff, 0x30, 0x18, 0x10, 0xff, 0x38, 0x1c, 0x08, 0xff,
    0x38, 0x1c, 0x10, 0xff, 0x30, 0x1c, 0x08, 0xff, 0x38, 0x18, 0x08, 0xff,
    0x30, 0x1c, 0x08, 0xff, 0x38, 0x1c, 0x08, 0xff, 0x38, 0x1c, 0x08, 0xff,
    0x38, 0x18, 0x10, 0xff, 0x30, 0x1c, 0x10, 0xff, 0x38, 0x1c, 0x08, 0xff,
    0x30, 0x18, 0x08, 0xff, 0x38, 0x1c, 0x10, 0xff, 0x38, 0x1c, 0x10, 0xff,
    0x30, 0x18, 0x08, 0xff, 0x38, 0x1c, 0x10, 0xff, 0x38, 0x1c, 0x10, 0xff,
    0x38, 0x1c, 0x08, 0xff, 0x38, 0x18, 0x10, 0xff, 0x38, 0x1c, 0x10, 0xff,
    0x30, 0x1c, 0x08, 0xff, 0x38, 0x1c, 0x08, 0xff, 0x38, 0x18, 0x10, 0xff,
    0x38, 0x1c, 0x10, 0xff, 0x30, 0x1c, 0x08, 0xff, 0x38, 0x1c, 0x10, 0xff,
    0x38, 0x1c, 0x10, 0xff, 0x38, 0x18, 0x10, 0xff, 0x38, 0x1c, 0x10, 0xff,
    0x38, 0x1c, 0x10, 0xff, 0x38, 0x1c, 0x08, 0xff, 0x38, 0x1c, 0x08, 0xff,
    0x38, 0x18, 0x10, 0xff, 0x30, 0x1c, 0x08, 0xff, 0x38, 0x1c, 0x10, 0xff,
    0x38, 0x1c, 0x10, 0xff, 0x30, 0x1c, 0x08, 0xff, 0x38, 0x1c, 0x10, 0xff,
    0x30, 0x18, 0x10, 0xff, 0x38, 0x1c, 0x08, 0xff, 0x38, 0x1c, 0x10, 0xff,
    0x38, 0x1c, 0x08, 0xff, 0x30, 0x18, 0x08, 0xff, 0x38, 0x1c, 0x10, 0xff,
    0x38, 0x1c, 0x08, 0xff, 0x38, 0x1c, 0x10, 0xff, 0x38, 0x1c, 0x10, 0xff,
    0x38, 0x1c, 0x08, 0xff, 0x30, 0x18, 0x10, 0xff, 0x38, 0x1c, 0x10, 0xff,
    0x38, 0x1c, 0x10, 0xff, 0x30, 0x18, 0x10, 0xff, 0x38, 0x1c, 0x08, 0xff,
    0x30, 0x1c, 0x10, 0xff, 0x38, 0x1c, 0x10, 0xff, 0x38, 0x1c, 0x10, 0xff,
    0x30, 0x1c, 0x10, 0xff, 0x38, 0x18, 0x10, 0xff, 0x30, 0x1c, 0x10, 0xff,
    0x38, 0x1c, 0x08, 0xff, 0x38, 0x1c, 0x10, 0xff, 0x38, 0x1c, 0x10, 0xff,
    0x30, 0x1c, 0x08, 0xff, 0x38, 0x18, 0x08, 0xff, 0x38, 0x1c, 0x10, 0xff,
    0x38, 0x1c, 0x08, 0xff, 0x30, 0x1c, 0x10, 0xff, 0x38, 0x18, 0x10, 0xff,
    0x38, 0x1c, 0x10, 0xff, 0x30, 0x1c, 0x08, 0xff, 0x38, 0x1c, 0x10, 0xff,
    0x38, 0x18, 0x10, 0xff, 0x38, 0x1c, 0x10, 0xff, 0x30, 0x18, 0x10, 0xff,
    0x38, 0x1c, 0x08, 0xff, 0x38, 0x1c, 0x08, 0xff, 0x38, 0x18, 0x10, 0xff,
    0x30, 0x1c, 0x10, 0xff, 0x38, 0x1c, 0x10, 0xff, 0x38, 0x18, 0x08, 0xff,
    0x38, 0x1c, 0x08, 0xff, 0x30, 0x1c, 0x10, 0xff, 0x30, 0x18, 0x10, 0xff,
    0x38, 0x1c, 0x10, 0xff, 0x38, 0x1c, 0x08, 0xff, 0x38, 0x18, 0x10, 0xff,
    0x38, 0x1c, 0x10, 0xff, 0x38, 0x1c, 0x08, 0xff, 0x38, 0x1c, 0x08, 0xff,
    0x30, 0x1c, 0x10, 0xff, 0x38, 0x18, 0x08, 0xff, 0x38, 0x1c, 0x10, 0xff,
    0x38, 0x1c, 0x10, 0xff, 0x38, 0x1c, 0x10, 0xff, 0x38, 0x1c, 0x10, 0xff,
    0x30, 0x18, 0x10, 0xff, 0x30, 0x1c, 0x10, 0xff, 0x38, 0x1c, 0x10, 0xff,
    0x38, 0x18, 0x08, 0xff, 0x38, 0x1c, 0x08, 0xff, 0x38, 0x1c, 0x08, 0xff,
    0x38, 0x1c, 0x08, 0xff, 0x38, 0x1c, 0x10, 0xff, 0x38, 0x18, 0x10, 0xff,
    0x38, 0x18, 0x10, 0xff, 0x38, 0x1c, 0x08, 0xff, 0x38, 0x1c, 0x10, 0xff,
    0x38, 0x1c, 0x10, 0xff, 0x38, 0x1c, 0x08, 0xff, 0x38, 0x18, 0x10, 0xff,
    0x38, 0x1c, 0x10, 0xff, 0x38, 0x1c, 0x10, 0xff, 0x38, 0x1c, 0x10, 0xff,
    0x38, 0x1c, 0x10, 0xff, 0x38, 0x1c, 0x10, 0xff, 0x30, 0x1c, 0x10, 0xff,
    0x38, 0x18, 0x08, 0xff, 0x30, 0x1c, 0x10, 0xff, 0x38, 0x1c, 0x08, 0xff,
    0x30, 0x1c, 0x10, 0xff, 0x38, 0x18, 0x10, 0xff, 0x38, 0x1c, 0x10, 0xff,
    0x30, 0x1c, 0x08, 0xff, 0x38, 0x1c, 0x08, 0xff, 0x38, 0x1c, 0x10, 0xff,
    0x38, 0x18, 0x10, 0xff, 0x30, 0x1c, 0x08, 0xff, 0x38, 0x1c, 0x08, 0xff,
    0x30, 0x1c, 0x08, 0xff, 0x38, 0x1c, 0x10, 0xff, 0x30, 0x18, 0x10, 0xff,
    0x38, 0x1c, 0x10, 0xff, 0x38, 0x1c, 0x08, 0xff, 0x38, 0x18, 0x10, 0xff,
    0x30, 0x1c, 0x10, 0xff, 0x38, 0x1c, 0x08, 0xff, 0x30, 0x1c, 0x08, 0xff,
    0x38, 0x1c, 0x10, 0xff, 0x38, 0x18, 0x10, 0xff, 0x38, 0x1c, 0x10, 0xff,
    0x30, 0x1c, 0x10, 0xff, 0x38, 0x1c, 0x08, 0xff, 0x38, 0x18, 0x10, 0xff,
    0x30, 0x1c, 0x08, 0xff, 0x38, 0x1c, 0x10, 0xff, 0x38, 0x1c, 0x08, 0xff,
    0x38, 0x18, 0x08, 0xff, 0x38, 0x1c, 0x08, 0xff, 0x30, 0x1c, 0x10, 0xff,
    0x38, 0x18, 0x10, 0xff, 0x38, 0x1c, 0x10, 0xff, 0x30, 0x1c, 0x10, 0xff,
    0x38, 0x1c, 0x10, 0xff, 0x38, 0x1c, 0x08, 0xff, 0x30, 0x1c, 0x08, 0xff,
    0x38, 0x1c, 0x10, 0xff, 0x38, 0x18, 0x08, 0xff, 0x38, 0x18, 0x08, 0xff,
    0x30, 0x1c, 0x10, 0xff, 0x38, 0x1c, 0x10, 0xff, 0x30, 0x1c, 0x08, 0xff,
    0x30, 0x18, 0x08, 0xff, 0x38, 0x18, 0x10, 0xff, 0x38, 0x1c, 0x08, 0xff,
    0x30, 0x1c, 0x08, 0xff, 0x38, 0x18, 0x10, 0xff, 0x38, 0x1c, 0x10, 0xff,
    0x38, 0x1c, 0x08, 0xff, 0x38, 0x1c, 0x10, 0xff, 0x38, 0x18, 0x08, 0xff,
    0x38, 0x1c, 0x08, 0xff, 0x38, 0x1c, 0x10, 0xff, 0x30, 0x1c, 0x08, 0xff,
    0x38, 0x1c, 0x10, 0xff, 0x38, 0x18, 0x10, 0xff, 0x30, 0x1c, 0x10, 0xff,
    0x38, 0x1c, 0x10, 0xff, 0x38, 0x18, 0x10, 0xff, 0x38, 0x18, 0x10, 0xff,
    0x38, 0x1c, 0x10, 0xff, 0x38, 0x1c, 0x10, 0xff, 0x38, 0x1c, 0x08, 0xff,
    0x38, 0x1c, 0x10, 0xff, 0x38, 0x1c, 0x08, 0xff, 0x38, 0x18, 0x10, 0xff,
    0x38, 0x1c, 0x10, 0xff, 0x38, 0x1c, 0x10, 0xff, 0x30, 0x18, 0x10, 0xff,
    0x38, 0x1c, 0x10, 0xff, 0x38, 0x1c, 0x08, 0xff, 0x38, 0x1c, 0x10, 0xff,
    0x30, 0x18, 0x10, 0xff, 0x38, 0x1c, 0x08, 0xff, 0x38, 0x1c, 0x10, 0xff,
    0x38, 0x1c, 0x08, 0xff, 0x38, 0x18, 0x10, 0xff, 0x38, 0x1c, 0x10, 0xff,
    0x38, 0x1c, 0x10, 0xff, 0x38, 0x1c, 0x10, 0xff, 0x30, 0x1c, 0x10, 0xff,
    0x38, 0x18, 0x08, 0xff, 0x38, 0x1c, 0x10, 0xff, 0x38, 0x18, 0x08, 0xff,
    0x30, 0x1c, 0x10, 0xff, 0x38, 0x1c, 0x10, 0xff, 0x38, 0x1c, 0x10, 0xff,
    0x30, 0x1c, 0x10, 0xff, 0x30, 0x1c, 0x10, 0xff, 0x38, 0x1c, 0x08, 0xff,
    0x38, 0x1c, 0x08, 0xff, 0x38, 0x18, 0x10, 0xff, 0x38, 0x1c, 0x08, 0xff,
    0x30, 0x1c, 0x08, 0xff, 0x38, 0x1c, 0x10, 0xff, 0x38, 0x18, 0x10, 0xff,
    0x38, 0x1c, 0x08, 0xff, 0x38, 0x1c, 0x10, 0xff, 0x38, 0x1c, 0x10, 0xff,
    0x38, 0x18, 0x08, 0xff, 0x30, 0x1c, 0x10, 0xff, 0x38, 0x1c, 0x10, 0xff,
    0x38, 0x1c, 0x08, 0xff, 0x38, 0x1c, 0x10, 0xff, 0x38, 0x18, 0x10, 0xff,
    0x38, 0x1c, 0x08, 0xff, 0x30, 0x1c, 0x08, 0xff, 0x38, 0x1c, 0x10, 0xff,
    0x38, 0x1c, 0x08, 0xff, 0x38, 0x1c, 0x10, 0xff, 0x38, 0x1c, 0x08, 0xff,
    0x30, 0x1c, 0x08, 0xff, 0x38, 0x18, 0x10, 0xff, 0x38, 0x1c, 0x10, 0xff,
    0x30, 0x1c, 0x10, 0xff, 0x38, 0x1c, 0x08, 0xff, 0x38, 0x1c, 0x08, 0xff,
    0x30, 0x18, 0x10, 0xff, 0x38, 0x1c, 0x08, 0xff, 0x38, 0x1c, 0x08, 0xff,
    0x30, 0x1c, 0x10, 0xff, 0x38, 0x18, 0x08, 0xff, 0x38, 0x1c, 0x08, 0xff,
    0x38, 0x1c, 0x10, 0xff, 0x38, 0x1c, 0x10, 0xff, 0x38, 0x1c, 0x10, 0xff,
    0x30, 0x1c, 0x10, 0xff, 0x30, 0x1c, 0x10, 0xff, 0x38, 0x1c, 0x08, 0xff,
    0x30, 0x18, 0x08, 0xff, 0x38, 0x1c, 0x08, 0xff, 0x38, 0x1c, 0x10, 0xff,
    0x38, 0x1c, 0x08, 0xff, 0x30, 0x1c, 0x10, 0xff, 0x38, 0x18, 0x08, 0xff,
    0x38, 0x18, 0x10, 0xff, 0x38, 0x1c, 0x08, 0xff, 0x38, 0x1c, 0x08, 0xff,
    0x38, 0x1c, 0x10, 0xff, 0x38, 0x1c, 0x10, 0xff, 0x38, 0x18, 0x10, 0xff,
    0x38, 0x1c, 0x10, 0xff, 0x38, 0x1c, 0x10, 0xff, 0x38, 0x1c, 0x10, 0xff,
    0x30, 0x18, 0x10, 0xff, 0x38, 0x1c, 0x10, 0xff, 0x30, 0x1c, 0x10, 0xff,
    0x38, 0x1c, 0x08, 0xff, 0x30, 0x18, 0x08, 0xff, 0x38, 0x1c, 0x10, 0xff,
    0x38, 0x1c, 0x10, 0xff, 0x38, 0x18, 0x10, 0xff, 0x30, 0x18, 0x10, 0xff,
    0x38, 0x1c, 0x08, 0xff, 0x38, 0x1c, 0x08, 0xff, 0x30, 0x1c, 0x10, 0xff,
    0x38, 0x1c, 0x10, 0xff, 0x38, 0x18, 0x08, 0xff, 0x38, 0x1c, 0x10, 0xff,
    0x30, 0x1c, 0x08, 0xff, 0x30, 0x1c, 0x10, 0xff, 0x38, 0x18, 0x10, 0xff,
    0x30, 0x1c, 0x08, 0xff, 0x38, 0x18, 0x08, 0xff, 0x38, 0x1c, 0x10, 0xff,
    0x30, 0x1c, 0x10, 0xff, 0x38, 0x18, 0x08, 0xff, 0x38, 0x1c, 0x10, 0xff,
    0x38, 0x1c, 0x10, 0xff, 0x30, 0x1c, 0x08, 0xff, 0x38, 0x18, 0x10, 0xff,
    0x38, 0x1c, 0x10, 0xff, 0x38, 0x1c, 0x10, 0xff, 0x38, 0x1c, 0x10, 0xff,
    0x30, 0x18, 0x08, 0xff, 0x38, 0x1c, 0x10, 0xff, 0x38, 0x18, 0x08, 0xff,
    0x38, 0x1c, 0x08, 0xff, 0x38, 0x1c, 0x10, 0xff, 0x38, 0x18, 0x10, 0xff,
    0x38, 0x1c, 0x10, 0xff, 0x38, 0x1c, 0x10, 0xff, 0x30, 0x18, 0x10, 0xff,
    0x38, 0x1c, 0x10, 0xff, 0x38, 0x1c, 0x10, 0xff, 0x30, 0x1c, 0x08, 0xff,
    0x30, 0x1c, 0x10, 0xff, 0x38, 0x18, 0x10, 0xff, 0x38, 0x18, 0x08, 0xff,
    0x38, 0x1c, 0x10, 0xff, 0x30, 0x1c, 0x10, 0xff, 0x30, 0x1c, 0x08, 0xff,
    0x38, 0x1c, 0x10, 0xff, 0x38, 0x18, 0x10, 0xff, 0x38, 0x1c, 0x08, 0xff,
    0x38, 0x1c, 0x08, 0xff, 0x38, 0x1c, 0x08, 0xff, 0x30, 0x18, 0x10, 0xff,
    0x38, 0x1c, 0x10, 0xff, 0x30, 0x1c, 0x10, 0xff, 0x38, 0x1c, 0x08, 0xff,
    0x38, 0x1c, 0x08, 0xff, 0x38, 0x1c, 0x10, 0xff, 0x30, 0x18, 0x10, 0xff,
    0x38, 0x1c, 0x10, 0xff, 0x38, 0x1c, 0x10, 0xff, 0x38, 0x1c, 0x10, 0xff,
    0x38, 0x18, 0x10, 0xff, 0x30, 0x1c, 0x08, 0xff, 0x38, 0x1c, 0x10, 0xff,
    0x38, 0x18, 0x10, 0xff, 0x38, 0x1c, 0x08, 0xff, 0x38, 0x1c, 0x10, 0xff,
    0x30, 0x1c, 0x10, 0xff, 0x38, 0x1c, 0x08, 0xff, 0x38, 0x18, 0x10, 0xff,
    0x30, 0x1c, 0x10, 0xff, 0x38, 0x1c, 0x08, 0xff, 0x38, 0x1c, 0x10, 0xff,
    0x38, 0x18, 0x10, 0xff, 0x38, 0x1c, 0x10, 0xff, 0x38, 0x1c, 0x10, 0xff,
    0x30, 0x1c, 0x08, 0xff, 0x30, 0x18, 0x10, 0xff, 0x38, 0x1c, 0x10, 0xff,
    0x38, 0x1c, 0x08, 0xff, 0x38, 0x1c, 0x10, 0xff, 0x38, 0x18, 0x10, 0xff,
    0x38, 0x1c, 0x08, 0xff, 0x30, 0x1c, 0x10, 0xff, 0x38, 0x1c, 0x10, 0xff,
    0x30, 0x1c, 0x08, 0xff, 0x38, 0x18, 0x08, 0xff, 0x38, 0x1c, 0x08, 0xff,
    0x38, 0x1c, 0x10, 0xff, 0x38, 0x1c, 0x10, 0xff, 0x38, 0x1c, 0x10, 0xff,
    0x38, 0x1c, 0x08, 0xff, 0x38, 0x1c, 0x10, 0xff, 0x30, 0x1c, 0x08, 0xff,
    0x38, 0x18, 0x08, 0xff, 0x38, 0x1c, 0x10, 0xff, 0x30, 0x1c, 0x08, 0xff,
    0x38, 0x1c, 0x08, 0xff, 0x38, 0x1c, 0x10, 0xff, 0x38, 0x1c, 0x10, 0xff,
    0x38, 0x18, 0x10, 0xff, 0x38, 0x1c, 0x10, 0xff, 0x38, 0x1c, 0x10, 0xff,
    0x38, 0x1c, 0x08, 0xff, 0x30, 0x18, 0x10, 0xff, 0x38, 0x1c, 0x08, 0xff,
    0x30, 0x1c, 0x08, 0xff, 0x38, 0x1c, 0x10, 0xff, 0x38, 0x18, 0x10, 0xff,
    0x38, 0x18, 0x08, 0xff, 0x30, 0x1c, 0x08, 0xff, 0x38, 0x1c, 0x08, 0xff,
    0x38, 0x18, 0x10, 0xff, 0x38, 0x1c, 0x10, 0xff, 0x38, 0x18, 0x08, 0xff,
    0x38, 0x1c, 0x10, 0xff, 0x38, 0x1c, 0x10, 0xff, 0x38, 0x1c, 0x10, 0xff,
    0x38, 0x18, 0x10, 0xff, 0x38, 0x1c, 0x08, 0xff, 0x38, 0x1c, 0x10, 0xff,
    0x38, 0x1c, 0x10, 0xff, 0x30, 0x18, 0x08, 0xff, 0x38, 0x1c, 0x08, 0xff,
    0x38, 0x1c, 0x08, 0xff, 0x30, 0x1c, 0x08, 0xff, 0x38, 0x18, 0x10, 0xff,
    0x38, 0x1c, 0x08, 0xff, 0x38, 0x1c, 0x08, 0xff, 0x38, 0x1c, 0x10, 0xff,
    0x30, 0x18, 0x10, 0xff, 0x30, 0x1c, 0x10, 0xff, 0x38, 0x1c, 0x10, 0xff,
    0x30, 0x1c, 0x08, 0xff, 0x38, 0x18, 0x08, 0xff, 0x38, 0x1c, 0x10, 0xff,
    0x38, 0x1c, 0x10, 0xff, 0x38, 0x1c, 0x10, 0xff, 0x30, 0x1c, 0x08, 0xff,
    0x38, 0x18, 0x08, 0xff, 0x38, 0x18, 0x08, 0xff, 0x30, 0x1c, 0x10, 0xff,
    0x38, 0x1c, 0x10, 0xff, 0x38, 0x1c, 0x10, 0xff, 0x38, 0x18, 0x08, 0xff,
    0x38, 0x1c, 0x10, 0xff, 0x38, 0x18, 0x10, 0xff, 0x30, 0x18, 0x10, 0xff,
    0x38, 0x1c, 0x08, 0xff, 0x30, 0x1c, 0x10, 0xff, 0x30, 0x1c, 0x10, 0xff,
    0x38, 0x1c, 0x08, 0xff, 0x38, 0x18, 0x08, 0xff, 0x38, 0x1c, 0x10, 0xff,
    0x38, 0x1c, 0x10, 0xff, 0x38, 0x18, 0x10, 0xff, 0x38, 0x1c, 0x10, 0xff,
    0x38, 0x1c, 0x08, 0xff, 0x38, 0x1c, 0x08, 0xff, 0x30, 0x1c, 0x10, 0xff,
    0x38, 0x1c, 0x10, 0xff, 0x38, 0x1c, 0x10, 0xff, 0x30, 0x1c, 0x10, 0xff,
    0x38, 0x1c, 0x08, 0xff, 0x38, 0x1c, 0x10, 0xff, 0x30, 0x1c, 0x08, 0xff,
    0x30, 0x1c, 0x10, 0xff, 0x38, 0x18, 0x08, 0xff, 0x38, 0x1c, 0x08, 0xff,
    0x30, 0x1c, 0x10, 0xff, 0x38, 0x1c, 0x08, 0xff, 0x38, 0x1c, 0x10, 0xff,
    0x38, 0x18, 0x10, 0xff, 0x30, 0x1c, 0x10, 0xff, 0x38, 0x1c, 0x10, 0xff,
    0x38, 0x18, 0x10, 0xff, 0x38, 0x1c, 0x08, 0xff, 0x38, 0x1c, 0x10, 0xff,
    0x38, 0x1c, 0x10, 0xff, 0x38, 0x1c, 0x10, 0xff, 0x38, 0x1c, 0x08, 0xff,
    0x38, 0x1c, 0x08, 0xff, 0x38, 0x1c, 0x08, 0xff, 0x38, 0x18, 0x10, 0xff,
    0x38, 0x1c, 0x10, 0xff, 0x38, 0x1c, 0x08, 0xff, 0x30, 0x1c, 0x10, 0xff,
    0x38, 0x18, 0x10, 0xff, 0x38, 0x1c, 0x10, 0xff, 0x30, 0x1c, 0x10, 0xff,
    0x38, 0x1c, 0x10, 0xff, 0x38, 0x18, 0x10, 0xff, 0x30, 0x1c, 0x08, 0xff,
    0x38, 0x1c, 0x10, 0xff, 0x30, 0x1c, 0x10, 0xff, 0x38, 0x1c, 0x08, 0xff,
    0x38, 0x1c, 0x10, 0xff, 0x38, 0x1c, 0x10, 0xff, 0x38, 0x1c, 0x10, 0xff,
    0x38, 0x18, 0x08, 0xff, 0x38, 0x18, 0x08, 0xff, 0x38, 0x1c, 0x10, 0xff,
    0x30, 0x1c, 0x10, 0xff, 0x30, 0x1c, 0x08, 0xff, 0x38, 0x1c, 0x08, 0xff,
    0x30, 0x1c, 0x10, 0xff, 0x38, 0x18, 0x10, 0xff, 0x38, 0x1c, 0x10, 0xff,
    0x30, 0x1c, 0x10, 0xff, 0x38, 0x1c, 0x08, 0xff, 0x38, 0x1c, 0x10, 0xff,
    0x30, 0x18, 0x10, 0xff, 0x38, 0x1c, 0x08, 0xff, 0x38, 0x1c, 0x10, 0xff,
    0x30, 0x1c, 0x10, 0xff, 0x38, 0x1c, 0x10, 0xff, 0x38, 0x18, 0x08, 0xff,
    0x38, 0x1c, 0x08, 0xff, 0x30, 0x1c, 0x10, 0xff, 0x38, 0x1c, 0x10, 0xff,
    0x30, 0x18, 0x10, 0xff, 0x38, 0x1c, 0x08, 0xff, 0x30, 0x1c, 0x08, 0xff,
    0x38, 0x1c, 0x10, 0xff, 0x38, 0x18, 0x10, 0xff, 0x30, 0x1c, 0x10, 0xff,
    0x38, 0x1c, 0x10, 0xff, 0x38, 0x1c, 0x10, 0xff, 0x30, 0x18, 0x10, 0xff,
    0x38, 0x1c, 0x08, 0xff, 0x38, 0x18, 0x10, 0xff, 0x38, 0x1c, 0x10, 0xff,
    0x38, 0x1c, 0x10, 0xff, 0x30, 0x18, 0x10, 0xff, 0x38, 0x1c, 0x10, 0xff,
    0x30, 0x1c, 0x10, 0xff, 0x38, 0x18, 0x08, 0xff, 0x38, 0x1c, 0x08, 0xff,
    0x30, 0x18, 0x08, 0xff, 0x38, 0x1c, 0x10, 0xff, 0x38, 0x1c, 0x10, 0xff,
    0x38, 0x1c, 0x08, 0xff, 0x38, 0x1c, 0x10, 0xff, 0x38, 0x18, 0x08, 0xff,
    0x38, 0x1c, 0x10, 0xff, 0x30, 0x1c, 0x10, 0xff, 0x38, 0x1c, 0x08, 0xff,
    0x38, 0x1c, 0x08, 0xff, 0x30, 0x1c, 0x10, 0xff, 0x38, 0x1c, 0x10, 0xff,
    0x38, 0x1c, 0x10, 0xff, 0x38, 0x1c, 0x10, 0xff, 0x38, 0x1c, 0x10, 0xff,
    0x38, 0x18, 0x10, 0xff, 0x38, 0x18, 0x10, 0xff, 0x38, 0x1c, 0x08, 0xff,
    0x30, 0x1c, 0x08, 0xff, 0x38, 0x1c, 0x08, 0xff, 0x38, 0x18, 0x10, 0xff,
    0x38, 0x18, 0x10, 0xff, 0x38, 0x1c, 0x08, 0xff, 0x38, 0x1c, 0x08, 0xff,
    0x38, 0x18, 0x10, 0xff, 0x38, 0x1c, 0x08, 0xff, 0x38, 0x18, 0x08, 0xff,
    0x38, 0x1c, 0x10, 0xff, 0x38, 0x1c, 0x10, 0xff, 0x30, 0x18, 0x10, 0xff,
    0x38, 0x1c, 0x10, 0xff, 0x38, 0x1c, 0x10, 0xff, 0x38, 0x18, 0x08, 0xff,
    0x38, 0x1c, 0x10, 0xff, 0x38, 0x1c, 0x10, 0xff, 0x38, 0x18, 0x08, 0xff,
    0x38, 0x1c, 0x08, 0xff, 0x30, 0x1c, 0x08, 0xff, 0x38, 0x1c, 0x10, 0xff,
    0x38, 0x18, 0x08, 0xff, 0x38, 0x1c, 0x08, 0xff, 0x38, 0x1c, 0x10, 0xff,
    0x30, 0x1c, 0x10, 0xff, 0x30, 0x18, 0x10, 0xff, 0x38, 0x1c, 0x08, 0xff,
    0x38, 0x1c, 0x08, 0xff, 0x38, 0x1c, 0x08, 0xff, 0x38, 0x18, 0x10, 0xff,
    0x38, 0x1c, 0x10, 0xff, 0x38, 0x1c, 0x10, 0xff, 0x38, 0x1c, 0x10, 0xff,
    0x38, 0x18, 0x08, 0xff, 0x38, 0x1c, 0x08, 0xff, 0x30, 0x1c, 0x10, 0xff,
    0x38, 0x18, 0x08, 0xff, 0x38, 0x1c, 0x10, 0xff, 0x38, 0x18, 0x08, 0xff,
    0x38, 0x1c, 0x10, 0xff, 0x30, 0x18, 0x10, 0xff, 0x38, 0x18, 0x08, 0xff,
    0x38, 0x1c, 0x08, 0xff, 0x30, 0x18, 0x10, 0xff, 0x38, 0x1c, 0x08, 0xff,
    0x30, 0x1c, 0x08, 0xff, 0x38, 0x18, 0x08, 0xff, 0x38, 0x1c, 0x08, 0xff,
    0x38, 0x1c, 0x10, 0xff, 0x38, 0x1c, 0x10, 0xff, 0x38, 0x1c, 0x10, 0xff,
    0x38, 0x1c, 0x10, 0xff, 0x30, 0x1c, 0x08, 0xff, 0x30, 0x1c, 0x10, 0xff,
    0x38, 0x18, 0x10, 0xff, 0x38, 0x1c, 0x08, 0xff, 0x30, 0x1c, 0x10, 0xff,
    0x38, 0x18, 0x10, 0xff, 0x30, 0x1c, 0x10, 0xff, 0x38, 0x18, 0x08, 0xff,
    0x38, 0x1c, 0x10, 0xff, 0x38, 0x1c, 0x08, 0xff, 0x38, 0x18, 0x10, 0xff,
    0x38, 0x1c, 0x08, 0xff, 0x38, 0x1c, 0x08, 0xff, 0x38, 0x18, 0x10, 0xff,
    0x30, 0x1c, 0x10, 0xff, 0x38, 0x1c, 0x10, 0xff, 0x38, 0x1c, 0x10, 0xff,
    0x38, 0x1c, 0x10, 0xff, 0x38, 0x18, 0x08, 0xff, 0x30, 0x1c, 0x10, 0xff,
    0x38, 0x1c, 0x10, 0xff, 0x38, 0x1c, 0x10, 0xff, 0x38, 0x18, 0x08, 0xff,
    0x38, 0x1c, 0x08, 0xff, 0x38, 0x1c, 0x10, 0xff, 0x30, 0x1c, 0x10, 0xff,
    0x38, 0x1c, 0x10, 0xff, 0x38, 0x1c, 0x08, 0xff, 0x30, 0x1c, 0x10, 0xff,
    0x38, 0x1c, 0x08, 0xff, 0x30, 0x1c, 0x10, 0xff, 0x38, 0x1c, 0x10, 0xff,
    0x38, 0x1c, 0x10, 0xff, 0x30, 0x18, 0x08, 0xff, 0x38, 0x1c, 0x10, 0xff,
    0x30, 0x1c, 0x10, 0xff, 0x30, 0x1c, 0x10, 0xff, 0x38, 0x1c, 0x08, 0xff,
    0x38, 0x1c, 0x10, 0xff, 0x30, 0x1c, 0x10, 0xff, 0x38, 0x1c, 0x10, 0xff,
    0x38, 0x1c, 0x08, 0xff, 0x38, 0x18, 0x10, 0xff, 0x38, 0x1c, 0x10, 0xff,
    0x30, 0x1c, 0x10, 0xff, 0x38, 0x1c, 0x10, 0xff, 0x30, 0x1c, 0x08, 0xff,
    0x30, 0x18, 0x10, 0xff, 0x38, 0x1c, 0x10, 0xff, 0x38, 0x18, 0x10, 0xff,
    0x38, 0x1c, 0x10, 0xff, 0x38, 0x1c, 0x08, 0xff, 0x38, 0x1c, 0x10, 0xff,
    0x30, 0x1c, 0x10, 0xff, 0x38, 0x1c, 0x08, 0xff, 0x38, 0x1c, 0x10, 0xff,
    0x38, 0x1c, 0x10, 0xff, 0x30, 0x1c, 0x10, 0xff, 0x38, 0x1c, 0x08, 0xff,
    0x30, 0x1c, 0x10, 0xff, 0x38, 0x1c, 0x08, 0xff, 0x38, 0x1c, 0x10, 0xff,
    0x30, 0x1c, 0x10, 0xff, 0x30, 0x1c, 0x10, 0xff, 0x38, 0x1c, 0x08, 0xff,
    0x38, 0x1c, 0x08, 0xff, 0x30, 0x18, 0x10, 0xff, 0x30, 0x18, 0x10, 0xff,
    0x38, 0x1c, 0x10, 0xff, 0x38, 0x1c, 0x08, 0xff, 0x30, 0x1c, 0x10, 0xff,
    0x38, 0x1c, 0x08, 0xff, 0x38, 0x1c, 0x10, 0xff, 0x38, 0x1c, 0x10, 0xff,
    0x38, 0x1c, 0x08, 0xff, 0x30, 0x18, 0x10, 0xff, 0x38, 0x1c, 0x10, 0xff,
    0x30, 0x18, 0x10, 0xff, 0x38, 0x18, 0x08, 0xff, 0x38, 0x1c, 0x10, 0xff,
    0x38, 0x18, 0x08, 0xff, 0x30, 0x1c, 0x10, 0xff, 0x38, 0x1c, 0x08, 0xff,
    0x38, 0x1c, 0x10, 0xff, 0x38, 0x1c, 0x10, 0xff, 0x38, 0x1c, 0x10, 0xff,
    0x38, 0x1c, 0x08, 0xff, 0x38, 0x1c, 0x10, 0xff, 0x38, 0x18, 0x08, 0xff,
    0x38, 0x1c, 0x10, 0xff, 0x38, 0x1c, 0x10, 0xff, 0x38, 0x1c, 0x10, 0xff,
    0x30, 0x1c, 0x10, 0xff, 0x38, 0x1c, 0x10, 0xff, 0x38, 0x1c, 0x08, 0xff,
    0x38, 0x18, 0x10, 0xff, 0x38, 0x1c, 0x10, 0xff, 0x38, 0x1c, 0x08, 0xff,
    0x38, 0x18, 0x08, 0xff, 0x30, 0x1c, 0x08, 0xff, 0x38, 0x18, 0x10, 0xff,
    0x38, 0x1c, 0x10, 0xff, 0x30, 0x1c, 0x08, 0xff, 0x38, 0x1c, 0x10, 0xff,
    0x38, 0x18, 0x10, 0xff, 0x38, 0x1c, 0x08, 0xff, 0x30, 0x1c, 0x08, 0xff,
    0x38, 0x1c, 0x10, 0xff, 0x38, 0x1c, 0x10, 0xff, 0x38, 0x18, 0x08, 0xff,
    0x30, 0x1c, 0x10, 0xff, 0x38, 0x1c, 0x10, 0xff, 0x38, 0x18, 0x10, 0xff,
    0x38, 0x1c, 0x08, 0xff, 0x38, 0x1c, 0x10, 0xff, 0x38, 0x18, 0x08, 0xff,
    0x38, 0x1c, 0x08, 0xff, 0x38, 0x1c, 0x08, 0xff, 0x38, 0x1c, 0x10, 0xff,
    0x38, 0x1c, 0x10, 0xff, 0x38, 0x18, 0x08, 0xff, 0x38, 0x1c, 0x10, 0xff,
    0x30, 0x18, 0x10, 0xff, 0x30, 0x1c, 0x10, 0xff, 0x38, 0x1c, 0x10, 0xff,
    0x38, 0x18, 0x08, 0xff, 0x38, 0x1c, 0x08, 0xff, 0x38, 0x1c, 0x08, 0xff,
    0x38, 0x1c, 0x10, 0xff, 0x38, 0x1c, 0x10, 0xff, 0x30, 0x1c, 0x10, 0xff,
    0x38, 0x18, 0x08, 0xff, 0x38, 0x1c, 0x10, 0xff, 0x30, 0x18, 0x10, 0xff,
    0x38, 0x1c, 0x08, 0xff, 0x38, 0x1c, 0x08, 0xff, 0x38, 0x18, 0x10, 0xff,
    0x38, 0x18, 0x10, 0xff, 0x30, 0x1c, 0x10, 0xff, 0x38, 0x1c, 0x08, 0xff,
    0x38, 0x18, 0x08, 0xff, 0x30, 0x18, 0x10, 0xff, 0x38, 0x1c, 0x08, 0xff,
    0x38, 0x1c, 0x08, 0xff, 0x38, 0x18, 0x10, 0xff, 0x38, 0x1c, 0x08, 0xff,
    0x30, 0x1c, 0x10, 0xff, 0x38, 0x1c, 0x10, 0xff, 0x38, 0x1c, 0x08, 0xff,
    0x38, 0x1c, 0x10, 0xff, 0x30, 0x1c, 0x08, 0xff, 0x38, 0x1c, 0x08, 0xff,
    0x38, 0x18, 0x10, 0xff, 0x38, 0x1c, 0x08, 0xff, 0x38, 0x1c, 0x10, 0xff,
    0x30, 0x18, 0x10, 0xff, 0x38, 0x1c, 0x10, 0xff, 0x38, 0x18, 0x08, 0xff,
    0x38, 0x18, 0x08, 0xff, 0x30, 0x1c, 0x10, 0xff, 0x38, 0x18, 0x10, 0xff,
    0x30, 0x1c, 0x08, 0xff, 0x38, 0x1c, 0x08, 0xff, 0x38, 0x18, 0x10, 0xff,
    0x38, 0x1c, 0x10, 0xff, 0x30, 0x1c, 0x10, 0xff, 0x38, 0x1c, 0x10, 0xff,
    0x38, 0x1c, 0x10, 0xff, 0x38, 0x1c, 0x08, 0xff, 0x30, 0x18, 0x10, 0xff,
    0x38, 0x1c, 0x10, 0xff, 0x38, 0x1c, 0x10, 0xff, 0x38, 0x1c, 0x08, 0xff,
    0x38, 0x18, 0x08, 0xff, 0x38, 0x1c, 0x08, 0xff, 0x30, 0x1c, 0x10, 0xff,
    0x38, 0x1c, 0x10, 0xff, 0x38, 0x1c, 0x10, 0xff, 0x30, 0x1c, 0x10, 0xff,
    0x38, 0x1c, 0x08, 0xff, 0x38, 0x18, 0x10, 0xff, 0x38, 0x1c, 0x10, 0xff,
    0x38, 0x1c, 0x08, 0xff, 0x38, 0x1c, 0x08, 0xff, 0x38, 0x18, 0x10, 0xff,
    0x30, 0x1c, 0x10, 0xff, 0x30, 0x1c, 0x08, 0xff, 0x38, 0x1c, 0x08, 0xff,
    0x38, 0x1c, 0x10, 0xff, 0x30, 0x1c, 0x10, 0xff, 0x38, 0x1c, 0x08, 0xff,
    0x38, 0x1c, 0x08, 0xff, 0x38, 0x1c, 0x10, 0xff, 0x30, 0x18, 0x10, 0xff,
    0x38, 0x1c, 0x08, 0xff, 0x30, 0x1c, 0x10, 0xff, 0x38, 0x1c, 0x08, 0xff,
    0x38, 0x18, 0x10, 0xff, 0x38, 0x1c, 0x10, 0xff, 0x30, 0x1c, 0x10, 0xff,
    0x38, 0x1c, 0x10, 0xff, 0x38, 0x18, 0x10, 0xff, 0x38, 0x1c, 0x10, 0xff,
    0x30, 0x18, 0x10, 0xff, 0x38, 0x1c, 0x08, 0xff, 0x38, 0x1c, 0x08, 0xff,
    0x38, 0x1c, 0x10, 0xff, 0x38, 0x1c, 0x10, 0xff, 0x30, 0x1c, 0x10, 0xff,
    0x38, 0x1c, 0x10, 0xff, 0x38, 0x1c, 0x08, 0xff, 0x38, 0x1c, 0x08, 0xff,
    0x38, 0x18, 0x10, 0xff, 0x30, 0x1c, 0x10, 0xff, 0x38, 0x1c, 0x08, 0xff,
    0x38, 0x18, 0x10, 0xff, 0x30, 0x1c, 0x10, 0xff, 0x30, 0x1c, 0x10, 0xff,
    0x38, 0x18, 0x10, 0xff, 0x38, 0x1c, 0x08, 0xff, 0x30, 0x1c, 0x08, 0xff,
    0x38, 0x1c, 0x08, 0xff, 0x38, 0x18, 0x10, 0xff, 0x38, 0x1c, 0x10, 0xff,
    0x38, 0x1c, 0x10, 0xff, 0x38, 0x18, 0x10, 0xff, 0x30, 0x1c, 0x10, 0xff,
    0x38, 0x18, 0x10, 0xff, 0x38, 0x18, 0x08, 0xff, 0x38, 0x1c, 0x10, 0xff,
    0x30, 0x1c, 0x08, 0xff, 0x38, 0x1c, 0x08, 0xff, 0x38, 0x1c, 0x10, 0xff,
    0x30, 0x1c, 0x10, 0xff, 0x38, 0x1c, 0x10, 0xff, 0x38, 0x18, 0x08, 0xff,
    0x38, 0x1c, 0x10, 0xff, 0x30, 0x1c, 0x10, 0xff, 0x38, 0x1c, 0x08, 0xff,
    0x38, 0x1c, 0x10, 0xff, 0x38, 0x18, 0x10, 0xff, 0x30, 0x1c, 0x10, 0xff,
    0x38, 0x1c, 0x10, 0xff, 0x38, 0x18, 0x10, 0xff, 0x30, 0x1c, 0x10, 0xff,
    0x38, 0x1c, 0x10, 0xff, 0x38, 0x18, 0x10, 0xff, 0x38, 0x1c, 0x08, 0xff,
    0x30, 0x18, 0x08, 0xff, 0x38, 0x1c, 0x10, 0xff, 0x38, 0x18, 0x10, 0xff,
    0x38, 0x1c, 0x08, 0xff, 0x30, 0x1c, 0x08, 0xff, 0x38, 0x1c, 0x10, 0xff,
    0x38, 0x1c, 0x10, 0xff, 0x38, 0x1c, 0x08, 0xff, 0x30, 0x18, 0x10, 0xff,
    0x38, 0x1c, 0x10, 0xff, 0x38, 0x1c, 0x08, 0xff, 0x38, 0x1c, 0x10, 0xff,
    0x38, 0x1c, 0x10, 0xff, 0x38, 0x1c, 0x10, 0xff, 0x38, 0x1c, 0x10, 0xff,
    0x38, 0x1c, 0x08, 0xff, 0x30, 0x1c, 0x10, 0xff, 0x38, 0x18, 0x08, 0xff,
    0x38, 0x1c, 0x08, 0xff, 0x38, 0x1c, 0x08, 0xff, 0x30, 0x18, 0x08, 0xff,
    0x38, 0x1c, 0x10, 0xff, 0x38, 0x1c, 0x10, 0xff, 0x38, 0x1c, 0x10, 0xff,
    0x30, 0x1c, 0x10, 0xff, 0x30, 0x1c, 0x10, 0xff, 0x38, 0x1c, 0x08, 0xff,
    0x30, 0x1c, 0x08, 0xff, 0x38, 0x1c, 0x08, 0xff, 0x38, 0x1c, 0x08, 0xff,
    0x38, 0x1c, 0x10, 0xff, 0x30, 0x1c, 0x08, 0xff, 0x38, 0x18, 0x10, 0xff,
    0x38, 0x1c, 0x10, 0xff, 0x30, 0x18, 0x10, 0xff, 0x38, 0x18, 0x10, 0xff,
    0x38, 0x1c, 0x08, 0xff, 0x38, 0x1c, 0x10, 0xff, 0x38, 0x18, 0x10, 0xff,
    0x38, 0x1c, 0x10, 0xff, 0x38, 0x18, 0x10, 0xff, 0x38, 0x18, 0x08, 0xff,
    0x30, 0x1c, 0x10, 0xff, 0x38, 0x1c, 0x10, 0xff, 0x38, 0x1c, 0x08, 0xff,
    0x38, 0x1c, 0x08, 0xff, 0x38, 0x1c, 0x08, 0xff, 0x38, 0x18, 0x08, 0xff,
    0x30, 0x1c, 0x10, 0xff, 0x38, 0x1c, 0x10, 0xff, 0x38, 0x1c, 0x10, 0xff,
    0x38, 0x1c, 0x08, 0xff, 0x38, 0x1c, 0x08, 0xff, 0x30, 0x1c, 0x10, 0xff,
    0x38, 0x1c, 0x10, 0xff, 0x38, 0x1c, 0x08, 0xff, 0x38, 0x1c, 0x10, 0xff,
    0x30, 0x18, 0x10, 0xff, 0x38, 0x1c, 0x08, 0xff, 0x38, 0x1c, 0x08, 0xff,
    0x38, 0x18, 0x10, 0xff, 0x30, 0x1c, 0x08, 0xff, 0x38, 0x18, 0x08, 0xff,
    0x30, 0x18, 0x10, 0xff, 0x30, 0x1c, 0x10, 0xff, 0x38, 0x1c, 0x08, 0xff,
    0x38, 0x1c, 0x10, 0xff, 0x38, 0x1c, 0x10, 0xff, 0x38, 0x1c, 0x10, 0xff,
    0x38, 0x1c, 0x10, 0xff, 0x38, 0x1c, 0x10, 0xff, 0x38, 0x1c, 0x10, 0xff,
    0x38, 0x1c, 0x10, 0xff, 0x38, 0x1c, 0x10, 0xff, 0x38, 0x18, 0x08, 0xff,
    0x38, 0x1c, 0x08, 0xff, 0x38, 0x1c, 0x10, 0xff, 0x38, 0x18, 0x10, 0xff,
    0x38, 0x1c, 0x10, 0xff, 0x38, 0x1c, 0x10, 0xff, 0x30, 0x1c, 0x08, 0xff,
    0x38, 0x1c, 0x10, 0xff, 0x38, 0x18, 0x10, 0xff, 0x30, 0x1c, 0x10, 0xff,
    0x38, 0x1c, 0x08, 0xff, 0x38, 0x1c, 0x08, 0xff, 0x30, 0x1c, 0x10, 0xff,
    0x30, 0x1c, 0x08, 0xff, 0x38, 0x1c, 0x08, 0xff, 0x38, 0x1c, 0x08, 0xff,
    0x38, 0x1c, 0x10, 0xff, 0x30, 0x1c, 0x10, 0xff, 0x38, 0x1c, 0x08, 0xff,
    0x38, 0x1c, 0x08, 0xff, 0x38, 0x18, 0x10, 0xff, 0x30, 0x1c, 0x10, 0xff,
    0x38, 0x1c, 0x10, 0xff, 0x38, 0x1c, 0x10, 0xff, 0x38, 0x1c, 0x08, 0xff,
    0x38, 0x1c, 0x10, 0xff, 0x30, 0x1c, 0x08, 0xff, 0x38, 0x1c, 0x10, 0xff,
    0x38, 0x18, 0x10, 0xff, 0x30, 0x1c, 0x08, 0xff, 0x38, 0x1c, 0x10, 0xff,
    0x38, 0x18, 0x10, 0xff, 0x30, 0x18, 0x08, 0xff, 0x38, 0x1c, 0x08, 0xff,
    0x38, 0x1c, 0x10, 0xff, 0x38, 0x18, 0x10, 0xff, 0x30, 0x1c, 0x10, 0xff,
    0x38, 0x1c, 0x10, 0xff, 0x38, 0x1c, 0x10, 0xff, 0x38, 0x1c, 0x08, 0xff,
    0x38, 0x18, 0x08, 0xff, 0x38, 0x1c, 0x10, 0xff, 0x38, 0x18, 0x08, 0xff,
    0x30, 0x18, 0x10, 0xff, 0x30, 0x1c, 0x08, 0xff, 0x38, 0x18, 0x10, 0xff,
    0x38, 0x1c, 0x10, 0xff, 0x38, 0x1c, 0x08, 0xff, 0x30, 0x18, 0x08, 0xff,
    0x38, 0x1c, 0x08, 0xff, 0x38, 0x1c, 0x10, 0xff, 0x38, 0x18, 0x10, 0xff,
    0x38, 0x1c, 0x08, 0xff, 0x30, 0x1c, 0x10, 0xff, 0x38, 0x1c, 0x10, 0xff,
    0x38, 0x18, 0x08, 0xff, 0x30, 0x18, 0x10, 0xff, 0x38, 0x1c, 0x10, 0xff,
    0x38, 0x1c, 0x08, 0xff, 0x38, 0x1c, 0x08, 0xff, 0x38, 0x1c, 0x10, 0xff,
    0x38, 0x1c, 0x10, 0xff, 0x38, 0x1c, 0x10, 0xff, 0x38, 0x18, 0x10, 0xff,
    0x30, 0x1c, 0x10, 0xff, 0x38, 0x1c, 0x10, 0xff, 0x30, 0x18, 0x08, 0xff,
    0x38, 0x1c, 0x08, 0xff, 0x38, 0x1c, 0x10, 0xff, 0x38, 0x18, 0x10, 0xff,
    0x38, 0x1c, 0x10, 0xff, 0x30, 0x18, 0x10, 0xff, 0x38, 0x1c, 0x08, 0xff,
    0x30, 0x1c, 0x10, 0xff, 0x38, 0x18, 0x10, 0xff, 0x38, 0x1c, 0x08, 0xff,
    0x38, 0x18, 0x10, 0xff, 0x30, 0x18, 0x10, 0xff, 0x38, 0x1c, 0x10, 0xff,
    0x38, 0x1c, 0x10, 0xff, 0x38, 0x18, 0x08, 0xff, 0x38, 0x1c, 0x10, 0xff,
    0x30, 0x1c, 0x10, 0xff, 0x38, 0x1c, 0x10, 0xff, 0x38, 0x1c, 0x10, 0xff,
    0x30, 0x1c, 0x10, 0xff, 0x38, 0x1c, 0x08, 0xff, 0x38, 0x18, 0x08, 0xff,
    0x38, 0x1c, 0x10, 0xff, 0x30, 0x1c, 0x10, 0xff, 0x38, 0x1c, 0x10, 0xff,
    0x30, 0x1c, 0x10, 0xff, 0x38, 0x1c, 0x10, 0xff, 0x38, 0x1c, 0x08, 0xff,
    0x38, 0x1c, 0x10, 0xff, 0x38, 0x1c, 0x08, 0xff, 0x30, 0x18, 0x08, 0xff,
    0x30, 0x1c, 0x10, 0xff, 0x38, 0x18, 0x10, 0xff, 0x38, 0x1c, 0x10, 0xff,
    0x30, 0x18, 0x10, 0xff, 0x30, 0x1c, 0x10, 0xff, 0x38, 0x1c, 0x10, 0xff,
    0x30, 0x18, 0x08, 0xff, 0x38, 0x1c, 0x08, 0xff, 0x38, 0x1c, 0x10, 0xff,
    0x38, 0x1c, 0x10, 0xff, 0x38, 0x1c, 0x08, 0xff, 0x30, 0x18, 0x10, 0xff,
    0x38, 0x1c, 0x10, 0xff, 0x38, 0x1c, 0x08, 0xff, 0x30, 0x18, 0x10, 0xff,
    0x38, 0x1c, 0x08, 0xff, 0x38, 0x1c, 0x08, 0xff, 0x38, 0x18, 0x10, 0xff,
    0x38, 0x1c, 0x10, 0xff, 0x38, 0x1c, 0x10, 0xff, 0x38, 0x1c, 0x08, 0xff,
    0x30, 0x18, 0x10, 0xff, 0x30, 0x1c, 0x10, 0xff, 0x38, 0x1c, 0x08, 0xff,
    0x38, 0x1c, 0x08, 0xff, 0x38, 0x1c, 0x10, 0xff, 0x38, 0x18, 0x08, 0xff,
    0x30, 0x1c, 0x10, 0xff, 0x30, 0x1c, 0x10, 0xff, 0x38, 0x1c, 0x08, 0xff,
    0x38, 0x1c, 0x08, 0xff, 0x38, 0x1c, 0x08, 0xff, 0x38, 0x18, 0x10, 0xff,
    0x30, 0x1c, 0x10, 0xff, 0x38, 0x1c, 0x08, 0xff, 0x38, 0x1c, 0x10, 0xff,
    0x38, 0x1c, 0x08, 0xff, 0x30, 0x18, 0x08, 0xff, 0x38, 0x1c, 0x08, 0xff,
    0x38, 0x1c, 0x10, 0xff, 0x38, 0x1c, 0x10, 0xff, 0x30, 0x18, 0x08, 0xff,
    0x38, 0x1c, 0x10, 0xff, 0x38, 0x1c, 0x08, 0xff, 0x38, 0x1c, 0x08, 0xff,
    0x30, 0x18, 0x10, 0xff, 0x38, 0x1c, 0x10, 0xff, 0x38, 0x1c, 0x10, 0xff,
    0x38, 0x1c, 0x10, 0xff, 0x38, 0x1c, 0x08, 0xff, 0x38, 0x1c, 0x10, 0xff,
    0x38, 0x1c, 0x10, 0xff, 0x38, 0x1c, 0x10, 0xff, 0x38, 0x1c, 0x08, 0xff,
    0x38, 0x1c, 0x08, 0xff, 0x38, 0x1c, 0x08, 0xff, 0x38, 0x18, 0x10, 0xff,
    0x38, 0x1c, 0x10, 0xff, 0x30, 0x1c, 0x10, 0xff, 0x38, 0x1c, 0x08, 0xff,
    0x38, 0x1c, 0x10, 0xff, 0x38, 0x18, 0x08, 0xff, 0x30, 0x1c, 0x10, 0xff,
    0x38, 0x1c, 0x10, 0xff, 0x38, 0x18, 0x08, 0xff, 0x30, 0x1c, 0x10, 0xff,
    0x38, 0x18, 0x10, 0xff, 0x38, 0x1c, 0x08, 0xff, 0x38, 0x1c, 0x08, 0xff,
    0x30, 0x18, 0x10, 0xff, 0x38, 0x1c, 0x10, 0xff, 0x38, 0x1c, 0x10, 0xff,
    0x38, 0x1c, 0x08, 0xff, 0x38, 0x1c, 0x10, 0xff, 0x30, 0x1c, 0x10, 0xff,
    0x38, 0x18, 0x08, 0xff, 0x38, 0x1c, 0x10, 0xff, 0x38, 0x1c, 0x08, 0xff,
    0x38, 0x1c, 0x10, 0xff, 0x38, 0x18, 0x10, 0xff, 0x38, 0x1c, 0x10, 0xff,
    0x38, 0x1c, 0x10, 0xff, 0x30, 0x1c, 0x08, 0xff, 0x38, 0x1c, 0x08, 0xff,
    0x38, 0x1c, 0x10, 0xff, 0x38, 0x1c, 0x08, 0xff, 0x30, 0x18, 0x10, 0xff,
    0x38, 0x1c, 0x10, 0xff, 0x38, 0x18, 0x10, 0xff, 0x38, 0x1c, 0x10, 0xff,
    0x30, 0x1c, 0x10, 0xff, 0x38, 0x1c, 0x10, 0xff, 0x38, 0x1c, 0x08, 0xff,
    0x38, 0x18, 0x10, 0xff, 0x38, 0x18, 0x10, 0xff, 0x38, 0x1c, 0x08, 0xff,
    0x38, 0x1c, 0x08, 0xff, 0x30, 0x18, 0x08, 0xff, 0x38, 0x18, 0x10, 0xff,
    0x30, 0x1c, 0x10, 0xff, 0x38, 0x1c, 0x10, 0xff, 0x38, 0x1c, 0x08, 0xff,
    0x38, 0x1c, 0x08, 0xff, 0x38, 0x18, 0x10, 0xff, 0x38, 0x1c, 0x10, 0xff,
    0x38, 0x1c, 0x10, 0xff, 0x30, 0x1c, 0x10, 0xff, 0x38, 0x1c, 0x10, 0xff,
    0x38, 0x1c, 0x08, 0xff, 0x30, 0x18, 0x10, 0xff, 0x38, 0x1c, 0x10, 0xff,
    0x30, 0x1c, 0x10, 0xff, 0x38, 0x18, 0x08, 0xff, 0x38, 0x1c, 0x10, 0xff,
    0x38, 0x1c, 0x10, 0xff, 0x38, 0x1c, 0x10, 0xff, 0x38, 0x1c, 0x10, 0xff,
    0x30, 0x1c, 0x10, 0xff, 0x30, 0x1c, 0x10, 0xff, 0x38, 0x18, 0x08, 0xff,
    0x38, 0x1c, 0x10, 0xff, 0x38, 0x1c, 0x08, 0xff, 0x38, 0x18, 0x08, 0xff,
    0x38, 0x1c, 0x10, 0xff, 0x38, 0x18, 0x10, 0xff, 0x30, 0x1c, 0x10, 0xff,
    0x38, 0x1c, 0x10, 0xff, 0x38, 0x1c, 0x10, 0xff, 0x38, 0x18, 0x08, 0xff,
    0x38, 0x1c, 0x08, 0xff, 0x30, 0x1c, 0x10, 0xff, 0x30, 0x18, 0x10, 0xff,
    0x38, 0x1c, 0x10, 0xff, 0x38, 0x1c, 0x10, 0xff, 0x38, 0x18, 0x10, 0xff,
    0x30, 0x18, 0x10, 0xff, 0x38, 0x1c, 0x08, 0xff, 0x38, 0x1c, 0x10, 0xff,
    0x38, 0x1c, 0x10, 0xff, 0x38, 0x1c, 0x08, 0xff, 0x30, 0x18, 0x08, 0xff,
    0x38, 0x1c, 0x08, 0xff, 0x38, 0x1c, 0x10, 0xff, 0x30, 0x1c, 0x10, 0xff,
    0x30, 0x1c, 0x10, 0xff, 0x38, 0x1c, 0x10, 0xff, 0x38, 0x1c, 0x10, 0xff,
    0x38, 0x1c, 0x10, 0xff, 0x30, 0x1c, 0x08, 0xff, 0x38, 0x1c, 0x10, 0xff,
    0x38, 0x18, 0x08, 0xff, 0x38, 0x18, 0x08, 0xff, 0x38, 0x1c, 0x10, 0xff,
    0x30, 0x1c, 0x10, 0xff, 0x30, 0x18, 0x10, 0xff, 0x38, 0x1c, 0x08, 0xff,
    0x38, 0x18, 0x08, 0xff, 0x38, 0x1c, 0x08, 0xff, 0x38, 0x1c, 0x10, 0xff,
    0x38, 0x18, 0x08, 0xff, 0x38, 0x1c, 0x08, 0xff, 0x38, 0x1c, 0x10, 0xff,
    0x38, 0x1c, 0x10, 0xff, 0x38, 0x1c, 0x08, 0xff, 0x30, 0x18, 0x08, 0xff,
    0x38, 0x1c, 0x08, 0xff, 0x38, 0x1c, 0x08, 0xff, 0x38, 0x1c, 0x08, 0xff,
    0x38, 0x1c, 0x10, 0xff, 0x38, 0x1c, 0x10, 0xff, 0x30, 0x1c, 0x08, 0xff,
    0x38, 0x18, 0x10, 0xff, 0x30, 0x1c, 0x10, 0xff, 0x38, 0x1c, 0x08, 0xff,
    0x30, 0x1c, 0x10, 0xff, 0x38, 0x1c, 0x08, 0xff, 0x38, 0x1c, 0x08, 0xff,
    0x30, 0x18, 0x10, 0xff, 0x30, 0x1c, 0x10, 0xff, 0x38, 0x1c, 0x08, 0xff,
    0x38, 0x1c, 0x10, 0xff, 0x38, 0x1c, 0x08, 0xff, 0x38, 0x18, 0x08, 0xff,
    0x38, 0x1c, 0x10, 0xff, 0x30, 0x1c, 0x10, 0xff, 0x38, 0x1c, 0x08, 0xff,
    0x38, 0x1c, 0x10, 0xff, 0x38, 0x1c, 0x08, 0xff, 0x30, 0x1c, 0x08, 0xff,
    0x38, 0x18, 0x10, 0xff, 0x38, 0x1c, 0x10, 0xff, 0x38, 0x1c, 0x10, 0xff,
    0x38, 0x1c, 0x10, 0xff, 0x38, 0x18, 0x08, 0xff, 0x38, 0x1c, 0x08, 0xff,
    0x38, 0x1c, 0x08, 0xff, 0x30, 0x1c, 0x10, 0xff, 0x38, 0x18, 0x10, 0xff,
    0x38, 0x1c, 0x10, 0xff, 0x38, 0x1c, 0x08, 0xff, 0x38, 0x1c, 0x10, 0xff,
    0x30, 0x1c, 0x10, 0xff, 0x38, 0x1c, 0x10, 0xff, 0x38, 0x18, 0x08, 0xff,
    0x38, 0x1c, 0x08, 0xff, 0x38, 0x1c, 0x10, 0xff, 0x30, 0x1c, 0x10, 0xff,
    0x38, 0x18, 0x10, 0xff, 0x30, 0x1c, 0x08, 0xff, 0x38, 0x1c, 0x10, 0xff,
    0x38, 0x18, 0x10, 0xff, 0x30, 0x1c, 0x08, 0xff, 0x38, 0x1c, 0x08, 0xff,
    0x38, 0x1c, 0x10, 0xff, 0x30, 0x1c, 0x10, 0xff, 0x38, 0x1c, 0x10, 0xff,
    0x30, 0x18, 0x10, 0xff, 0x38, 0x18, 0x10, 0xff, 0x38, 0x1c, 0x08, 0xff,
    0x38, 0x18, 0x10, 0xff, 0x38, 0x1c, 0x10, 0xff, 0x30, 0x1c, 0x10, 0xff,
    0x38, 0x1c, 0x08, 0xff, 0x38, 0x1c, 0x10, 0xff, 0x38, 0x18, 0x08, 0xff,
    0x38, 0x1c, 0x10, 0xff, 0x38, 0x1c, 0x10, 0xff, 0x38, 0x18, 0x08, 0xff,
    0x38, 0x1c, 0x10, 0xff, 0x30, 0x1c, 0x10, 0xff, 0x38, 0x18, 0x10, 0xff,
    0x38, 0x1c, 0x10, 0xff, 0x38, 0x1c, 0x08, 0xff, 0x30, 0x18, 0x08, 0xff,
    0x38, 0x1c, 0x08, 0xff, 0x38, 0x1c, 0x10, 0xff, 0x38, 0x1c, 0x10, 0xff,
    0x30, 0x18, 0x10, 0xff, 0x38, 0x18, 0x10, 0xff, 0x30, 0x1c, 0x10, 0xff,
    0x38, 0x1c, 0x08, 0xff, 0x38, 0x18, 0x10, 0xff, 0x38, 0x18, 0x08, 0xff,
    0x30, 0x1c, 0x10, 0xff, 0x38, 0x1c, 0x10, 0xff, 0x38, 0x1c, 0x10, 0xff,
    0x38, 0x18, 0x08, 0xff, 0x30, 0x1c, 0x08, 0xff, 0x38, 0x1c, 0x08, 0xff,
    0x38, 0x1c, 0x10, 0xff, 0x30, 0x18, 0x10, 0xff, 0x38, 0x1c, 0x10, 0xff,
    0x38, 0x1c, 0x08, 0xff, 0x38, 0x1c, 0x10, 0xff, 0x38, 0x1c, 0x10, 0xff,
    0x38, 0x1c, 0x08, 0xff, 0x30, 0x18, 0x10, 0xff, 0x38, 0x1c, 0x10, 0xff,
    0x38, 0x1c, 0x10, 0xff, 0x30, 0x1c, 0x10, 0xff, 0x38, 0x1c, 0x10, 0xff,
    0x38, 0x1c, 0x10, 0xff, 0x30, 0x18, 0x10, 0xff, 0x38, 0x18, 0x10, 0xff,
    0x38, 0x1c, 0x10, 0xff, 0x38, 0x1c, 0x10, 0xff, 0x38, 0x1c, 0x08, 0xff,
    0x30, 0x1c, 0x10, 0xff, 0x30, 0x18, 0x10, 0xff, 0x38, 0x1c, 0x08, 0xff,
    0x38, 0x1c, 0x08, 0xff, 0x38, 0x1c, 0x08, 0xff, 0x38, 0x18, 0x10, 0xff,
    0x38, 0x1c, 0x10, 0xff, 0x30, 0x1c, 0x10, 0xff, 0x38, 0x18, 0x08, 0xff,
    0x30, 0x1c, 0x10, 0xff, 0x38, 0x1c, 0x10, 0xff, 0x38, 0x1c, 0x08, 0xff,
    0x38, 0x1c, 0x08, 0xff, 0x38, 0x1c, 0x08, 0xff, 0x30, 0x18, 0x10, 0xff,
    0x30, 0x1c, 0x10, 0xff, 0x38, 0x1c, 0x10, 0xff, 0x38, 0x1c, 0x10, 0xff,
    0x38, 0x18, 0x10, 0xff, 0x30, 0x1c, 0x08, 0xff, 0x38, 0x1c, 0x10, 0xff,
    0x38, 0x1c, 0x08, 0xff, 0x38, 0x1c, 0x08, 0xff, 0x38, 0x1c, 0x10, 0xff,
    0x30, 0x1c, 0x08, 0xff, 0x30, 0x1c, 0x10, 0xff, 0x38, 0x1c, 0x08, 0xff,
    0x30, 0x18, 0x10, 0xff, 0x38, 0x18, 0x10, 0xff, 0x38, 0x1c, 0x10, 0xff,
    0x38, 0x1c, 0x10, 0xff, 0x38, 0x1c, 0x10, 0xff, 0x30, 0x18, 0x10, 0xff,
    0x38, 0x1c, 0x08, 0xff, 0x38, 0x18, 0x08, 0xff, 0x38, 0x1c, 0x10, 0xff,
    0x30, 0x18, 0x10, 0xff, 0x30, 0x1c, 0x10, 0xff, 0x38, 0x1c, 0x10, 0xff,
    0x38, 0x1c, 0x08, 0xff, 0x38, 0x1c, 0x08, 0xff, 0x38, 0x1c, 0x10, 0xff,
    0x38, 0x18, 0x08, 0xff, 0x38, 0x1c, 0x08, 0xff, 0x30, 0x1c, 0x08, 0xff,
    0x38, 0x1c, 0x10, 0xff, 0x38, 0x1c, 0x08, 0xff, 0x30, 0x18, 0x08, 0xff,
    0x38, 0x1c, 0x08, 0xff, 0x38, 0x1c, 0x10, 0xff, 0x38, 0x1c, 0x08, 0xff,
    0x38, 0x1c, 0x10, 0xff, 0x38, 0x1c, 0x10, 0xff, 0x30, 0x1c, 0x10, 0xff,
    0x38, 0x18, 0x10, 0xff, 0x38, 0x1c, 0x10, 0xff, 0x30, 0x1c, 0x08, 0xff,
    0x38, 0x18, 0x10, 0xff, 0x38, 0x1c, 0x10, 0xff, 0x38, 0x1c, 0x08, 0xff,
    0x30, 0x1c, 0x10, 0xff, 0x38, 0x18, 0x10, 0xff, 0x38, 0x1c, 0x10, 0xff,
    0x38, 0x1c, 0x10, 0xff, 0x38, 0x1c, 0x08, 0xff, 0x38, 0x1c, 0x10, 0xff,
    0x38, 0x1c, 0x10, 0xff, 0x38, 0x18, 0x10, 0xff, 0x30, 0x1c, 0x08, 0xff,
    0x38, 0x1c, 0x08, 0xff, 0x38, 0x1c, 0x08, 0xff, 0x38, 0x1c, 0x10, 0xff,
    0x38, 0x1c, 0x10, 0xff, 0x38, 0x18, 0x10, 0xff, 0x38, 0x1c, 0x10, 0xff,
    0x38, 0x1c, 0x10, 0xff, 0x38, 0x1c, 0x10, 0xff, 0x38, 0x1c, 0x08, 0xff,
    0x38, 0x1c, 0x08, 0xff, 0x30, 0x1c, 0x08, 0xff, 0x38, 0x1c, 0x10, 0xff,
    0x38, 0x18, 0x10, 0xff, 0x30, 0x1c, 0x08, 0xff, 0x38, 0x1c, 0x10, 0xff,
    0x38, 0x1c, 0x10, 0xff, 0x38, 0x1c, 0x10, 0xff, 0x38, 0x1c, 0x08, 0xff,
    0x38, 0x18, 0x08, 0xff, 0x38, 0x1c, 0x08, 0xff, 0x30, 0x18, 0x10, 0xff,
    0x38, 0x1c, 0x10, 0xff, 0x38, 0x1c, 0x08, 0xff, 0x30, 0x18, 0x10, 0xff,
    0x38, 0x1c, 0x10, 0xff, 0x38, 0x18, 0x10, 0xff, 0x38, 0x1c, 0x08, 0xff,
    0x38, 0x1c, 0x10, 0xff, 0x38, 0x1c, 0x10, 0xff, 0x30, 0x18, 0x10, 0xff,
    0x38, 0x18, 0x10, 0xff, 0x38, 0x1c, 0x10, 0xff, 0x38, 0x1c, 0x08, 0xff,
    0x38, 0x1c, 0x08, 0xff, 0x38, 0x18, 0x10, 0xff, 0x30, 0x1c, 0x10, 0xff,
    0x38, 0x1c, 0x08, 0xff, 0x38, 0x1c, 0x10, 0xff, 0x38, 0x1c, 0x08, 0xff,
    0x38, 0x1c, 0x10, 0xff, 0x38, 0x1c, 0x10, 0xff, 0x38, 0x18, 0x08, 0xff,
    0x30, 0x1c, 0x08, 0xff, 0x38, 0x1c, 0x10, 0xff, 0x30, 0x18, 0x10, 0xff,
    0x38, 0x1c, 0x10, 0xff, 0x38, 0x1c, 0x08, 0xff, 0x38, 0x18, 0x08, 0xff,
    0x30, 0x1c, 0x08, 0xff, 0x38, 0x1c, 0x10, 0xff, 0x38, 0x1c, 0x10, 0xff,
    0x38, 0x18, 0x10, 0xff, 0x38, 0x18, 0x10, 0xff, 0x30, 0x1c, 0x10, 0xff,
    0x30, 0x1c, 0x08, 0xff, 0x38, 0x18, 0x08, 0xff, 0x38, 0x1c, 0x08, 0xff,
    0x38, 0x18, 0x10, 0xff, 0x38, 0x1c, 0x10, 0xff, 0x30, 0x1c, 0x10, 0xff,
    0x38, 0x1c, 0x10, 0xff, 0x38, 0x18, 0x08, 0xff, 0x38, 0x1c, 0x08, 0xff,
    0x38, 0x1c, 0x10, 0xff, 0x38, 0x1c, 0x08, 0xff, 0x38, 0x1c, 0x10, 0xff,
    0x38, 0x1c, 0x08, 0xff, 0x38, 0x18, 0x10, 0xff, 0x38, 0x1c, 0x10, 0xff,
    0x38, 0x1c, 0x10, 0xff, 0x38, 0x1c, 0x10, 0xff, 0x30, 0x18, 0x08, 0xff,
    0x38, 0x1c, 0x10, 0xff, 0x38, 0x1c, 0x10, 0xff, 0x30, 0x1c, 0x10, 0xff,
    0x38, 0x1c, 0x08, 0xff, 0x38, 0x18, 0x10, 0xff, 0x38, 0x1c, 0x10, 0xff,
    0x30, 0x1c, 0x08, 0xff, 0x38, 0x1c, 0x10, 0xff, 0x38, 0x1c, 0x08, 0xff,
    0x30, 0x1c, 0x08, 0xff, 0x30, 0x18, 0x10, 0xff, 0x38, 0x18, 0x10, 0xff,
    0x30, 0x1c, 0x08, 0xff, 0x38, 0x1c, 0x08, 0xff, 0x38, 0x1c, 0x10, 0xff,
    0x30, 0x18, 0x08, 0xff, 0x38, 0x1c, 0x10, 0xff, 0x30, 0x1c, 0x08, 0xff,
    0x30, 0x18, 0x08, 0xff, 0x38, 0x1c, 0x10, 0xff, 0x38, 0x1c, 0x10, 0xff,
    0x38, 0x18, 0x08, 0xff, 0x38, 0x1c, 0x08, 0xff, 0x30, 0x1c, 0x08, 0xff,
    0x38, 0x18, 0x10, 0xff, 0x30, 0x1c, 0x10, 0xff, 0x38, 0x1c, 0x10, 0xff,
    0x38, 0x1c, 0x10, 0xff, 0x30, 0x18, 0x10, 0xff, 0x30, 0x1c, 0x10, 0xff,
    0x38, 0x1c, 0x08, 0xff, 0x38, 0x1c, 0x08, 0xff, 0x38, 0x18, 0x10, 0xff,
    0x30, 0x1c, 0x10, 0xff, 0x38, 0x1c, 0x10, 0xff, 0x38, 0x1c, 0x08, 0xff,
    0x30, 0x18, 0x08, 0xff, 0x38, 0x1c, 0x10, 0xff, 0x38, 0x18, 0x10, 0xff,
    0x30, 0x1c, 0x10, 0xff, 0x30, 0x1c, 0x10, 0xff, 0x38, 0x1c, 0x08, 0xff,
    0x38, 0x18, 0x10, 0xff, 0x30, 0x18, 0x08, 0xff, 0x38, 0x1c, 0x10, 0xff,
    0x30, 0x1c, 0x10, 0xff, 0x30, 0x1c, 0x10, 0xff, 0x38, 0x1c, 0x08, 0xff,
    0x30, 0x1c, 0x10, 0xff, 0x38, 0x1c, 0x10, 0xff, 0x38, 0x1c, 0x08, 0xff,
    0x38, 0x18, 0x08, 0xff, 0x38, 0x1c, 0x08, 0xff, 0x38, 0x1c, 0x10, 0xff,
    0x30, 0x1c, 0x10, 0xff, 0x30, 0x18, 0x08, 0xff, 0x38, 0x1c, 0x08, 0xff,
    0x38, 0x1c, 0x10, 0xff, 0x38, 0x1c, 0x10, 0xff, 0x38, 0x1c, 0x10, 0xff,
    0x38, 0x1c, 0x10, 0xff, 0x38, 0x1c, 0x10, 0xff, 0x38, 0x1c, 0x10, 0xff,
    0x38, 0x18, 0x10, 0xff, 0x38, 0x1c, 0x08, 0xff, 0x30, 0x1c, 0x10, 0xff,
    0x38, 0x18, 0x10, 0xff, 0x38, 0x1c, 0x10, 0xff, 0x38, 0x18, 0x10, 0xff,
    0x38, 0x1c, 0x10, 0xff, 0x38, 0x1c, 0x10, 0xff, 0x38, 0x1c, 0x10, 0xff,
    0x30, 0x1c, 0x10, 0xff, 0x38, 0x18, 0x10, 0xff, 0x38, 0x1c, 0x10, 0xff,
    0x38, 0x1c, 0x10, 0xff, 0x38, 0x1c, 0x08, 0xff, 0x38, 0x18, 0x08, 0xff,
    0x38, 0x1c, 0x08, 0xff, 0x38, 0x1c, 0x08, 0xff, 0x30, 0x1c, 0x10, 0xff,
    0x38, 0x1c, 0x10, 0xff, 0x38, 0x1c, 0x08, 0xff, 0x38, 0x1c, 0x10, 0xff,
    0x38, 0x1c, 0x10, 0xff, 0x30, 0x1c, 0x10, 0xff, 0x38, 0x1c, 0x10, 0xff,
    0x38, 0x1c, 0x08, 0xff, 0x38, 0x1c, 0x08, 0xff, 0x38, 0x18, 0x10, 0xff,
    0x38, 0x1c, 0x08, 0xff, 0x38, 0x1c, 0x10, 0xff, 0x30, 0x1c, 0x10, 0xff,
    0x38, 0x1c, 0x10, 0xff, 0x38, 0x1c, 0x10, 0xff, 0x38, 0x18, 0x08, 0xff,
    0x38, 0x18, 0x08, 0xff, 0x38, 0x1c, 0x10, 0xff, 0x38, 0x18, 0x08, 0xff,
    0x38, 0x1c, 0x10, 0xff, 0x38, 0x1c, 0x10, 0xff, 0x30, 0x1c, 0x10, 0xff,
    0x38, 0x18, 0x10, 0xff, 0x38, 0x1c, 0x08, 0xff, 0x38, 0x1c, 0x10, 0xff,
    0x38, 0x1c, 0x10, 0xff, 0x38, 0x1c, 0x10, 0xff, 0x38, 0x18, 0x10, 0xff,
    0x38, 0x18, 0x08, 0xff, 0x30, 0x1c, 0x08, 0xff, 0x38, 0x18, 0x10, 0xff,
    0x38, 0x1c, 0x08, 0xff, 0x30, 0x1c, 0x08, 0xff, 0x38, 0x1c, 0x10, 0xff,
    0x38, 0x1c, 0x10, 0xff, 0x38, 0x1c, 0x10, 0xff, 0x38, 0x1c, 0x08, 0xff,
    0x38, 0x1c, 0x10, 0xff, 0x38, 0x1c, 0x10, 0xff, 0x38, 0x1c, 0x08, 0xff,
    0x30, 0x18, 0x08, 0xff, 0x38, 0x1c, 0x08, 0xff, 0x38, 0x1c, 0x10, 0xff,
    0x38, 0x1c, 0x10, 0xff, 0x38, 0x1c, 0x08, 0xff, 0x30, 0x1c, 0x08, 0xff,
    0x38, 0x18, 0x10, 0xff, 0x30, 0x1c, 0x10, 0xff, 0x38, 0x1c, 0x10, 0xff,
    0x38, 0x1c, 0x10, 0xff, 0x38, 0x1c, 0x10, 0xff, 0x30, 0x18, 0x10, 0xff,
    0x38, 0x1c, 0x10, 0xff, 0x38, 0x1c, 0x08, 0xff, 0x30, 0x18, 0x08, 0xff,
    0x38, 0x18, 0x08, 0xff, 0x38, 0x1c, 0x10, 0xff, 0x38, 0x1c, 0x10, 0xff,
    0x30, 0x1c, 0x10, 0xff, 0x38, 0x1c, 0x08, 0xff, 0x38, 0x18, 0x10, 0xff,
    0x30, 0x1c, 0x10, 0xff, 0x38, 0x1c, 0x08, 0xff, 0x38, 0x1c, 0x10, 0xff,
    0x38, 0x1c, 0x08, 0xf3, 0x38, 0x1c, 0x10, 0xff, 0x38, 0x1c, 0x10, 0xff,
    0x38, 0x1c, 0x08, 0xff, 0x30, 0x1c, 0x10, 0xff, 0x38, 0x18, 0x08, 0xff,
    0x38, 0x1c, 0x10, 0xff, 0x30, 0x18, 0x08, 0xff, 0x38, 0x1c, 0x10, 0xff,
    0x30, 0x1c, 0x10, 0xff, 0x38, 0x18, 0x08, 0xff, 0x38, 0x1c, 0x08, 0xff,
    0x38, 0x1c, 0x10, 0xff, 0x30, 0x1c, 0x10, 0xff, 0x30, 0x1c, 0x08, 0xff,
    0x38, 0x1c, 0x10, 0xff, 0x38, 0x1c, 0x08, 0xff, 0x38, 0x18, 0x10, 0xff,
    0x30, 0x1c, 0x10, 0xff, 0x38, 0x1c, 0x08, 0xff, 0x38, 0x18, 0x10, 0xff,
    0x30, 0x18, 0x08, 0xff, 0x38, 0x1c, 0x10, 0xff, 0x38, 0x1c, 0x08, 0xff,
    0x30, 0x1c, 0x08, 0xff, 0x30, 0x1c, 0x10, 0xff, 0x38, 0x18, 0x10, 0xff,
    0x30, 0x1c, 0x10, 0xff, 0x38, 0x1c, 0x08, 0xff, 0x38, 0x18, 0x08, 0xff,
    0x38, 0x1c, 0x10, 0xff, 0x30, 0x18, 0x08, 0xff, 0x38, 0x1c, 0x10, 0xff,
    0x38, 0x1c, 0x10, 0xff, 0x30, 0x1c, 0x10, 0xff, 0x38, 0x18, 0x08, 0xff,
    0x38, 0x18, 0x08, 0xff, 0x38, 0x1c, 0x08, 0xff, 0x38, 0x18, 0x08, 0xff,
    0x30, 0x1c, 0x10, 0xff, 0x38, 0x1c, 0x10, 0xff, 0x38, 0x1c, 0x10, 0xff,
    0x38, 0x1c, 0x08, 0xff, 0x30, 0x18, 0x10, 0xff, 0x38, 0x18, 0x08, 0xff,
    0x30, 0x1c, 0x10, 0xff, 0x38, 0x1c, 0x10, 0xff, 0x38, 0x1c, 0x08, 0xff,
    0x38, 0x18, 0x10, 0xff, 0x38, 0x18, 0x08, 0xff, 0x38, 0x1c, 0x10, 0xdb,
    0x30, 0x1c, 0x10, 0xff, 0x30, 0x1c, 0x08, 0xff, 0x38, 0x1c, 0x10, 0xff,
    0x38, 0x18, 0x10, 0xff, 0x30, 0x1c, 0x10, 0xff, 0x38, 0x1c, 0x08, 0xff,
    0x38, 0x1c, 0x10, 0xff, 0x38, 0x1c, 0x08, 0xff, 0x38, 0x1c, 0x10, 0xff,
    0x30, 0x18, 0x10, 0xff, 0x38, 0x1c, 0x10, 0xff, 0x30, 0x1c, 0x08, 0xff,
    0x38, 0x18, 0x08, 0xff, 0x38, 0x1c, 0x10, 0xff, 0x38, 0x1c, 0x10, 0xff,
    0x38, 0x18, 0x10, 0xff, 0x30, 0x1c, 0x08, 0xff, 0x38, 0x18, 0x10, 0xff,
    0x38, 0x1c, 0x10, 0xff, 0x30, 0x1c, 0x08, 0xff, 0x38, 0x1c, 0x10, 0xff,
    0x38, 0x1c, 0x08, 0xff, 0x30, 0x18, 0x10, 0xff, 0x38, 0x18, 0x10, 0xff,
    0x38, 0x1c, 0x08, 0xff, 0x38, 0x1c, 0x10, 0xff, 0x38, 0x1c, 0x10, 0xff,
    0x30, 0x1c, 0x10, 0xff, 0x38, 0x18, 0x10, 0xff, 0x30, 0x1c, 0x10, 0xff,
    0x38, 0x1c, 0x10, 0xff, 0x38, 0x1c, 0x08, 0xff, 0x38, 0x1c, 0x08, 0xff,
    0x38, 0x18, 0x08, 0xff, 0x38, 0x1c, 0x10, 0xff, 0x30, 0x1c, 0x10, 0xff,
    0x38, 0x1c, 0x10, 0xff, 0x38, 0x1c, 0x10, 0xff, 0x38, 0x18, 0x10, 0xff,
    0x38, 0x1c, 0x10, 0xff, 0x38, 0x1c, 0x10, 0xff, 0x30, 0x1c, 0x10, 0xff,
    0x38, 0x1c, 0x08, 0xff, 0x38, 0x1c, 0x10, 0xff, 0x38, 0x1c, 0x10, 0xff,
    0x38, 0x1c, 0x08, 0xff, 0x38, 0x18, 0x10, 0xff, 0x30, 0x1c, 0x08, 0xff,
    0x38, 0x1c, 0x10, 0xff, 0x38, 0x1c, 0x10, 0xbe, 0x38, 0x18, 0x08, 0xff,
    0x38, 0x18, 0x10, 0xff, 0x38, 0x1c, 0x10, 0xff, 0x30, 0x1c, 0x08, 0xff,
    0x38, 0x1c, 0x10, 0xff, 0x38, 0x1c, 0x10, 0xff, 0x30, 0x18, 0x10, 0xff,
    0x38, 0x1c, 0x10, 0xff, 0x38, 0x1c, 0x08, 0xff, 0x38, 0x1c, 0x08, 0xff,
    0x38, 0x1c, 0x10, 0xff, 0x38, 0x18, 0x10, 0xff, 0x38, 0x1c, 0x10, 0xff,
    0x38, 0x1c, 0x08, 0xff, 0x38, 0x18, 0x10, 0xff, 0x30, 0x1c, 0x10, 0xff,
    0x38, 0x1c, 0x10, 0xff, 0x38, 0x1c, 0x08, 0xff, 0x38, 0x1c, 0x10, 0xff,
    0x30, 0x1c, 0x10, 0xff, 0x38, 0x1c, 0x08, 0xff, 0x38, 0x1c, 0x10, 0xff,
    0x38, 0x1c, 0x10, 0xff, 0x38, 0x1c, 0x10, 0xff, 0x38, 0x1c, 0x10, 0xff,
    0x38, 0x18, 0x08, 0xff, 0x38, 0x1c, 0x08, 0xff, 0x38, 0x18, 0x10, 0xff,
    0x38, 0x1c, 0x08, 0xff, 0x38, 0x1c, 0x08, 0xff, 0x38, 0x1c, 0x10, 0xff,
    0x38, 0x18, 0x10, 0xff, 0x30, 0x1c, 0x10, 0xff, 0x38, 0x1c, 0x10, 0xff,
    0x38, 0x1c, 0x08, 0xff, 0x38, 0x1c, 0x10, 0xff, 0x30, 0x1c, 0x10, 0xff,
    0x38, 0x1c, 0x08, 0xff, 0x30, 0x1c, 0x08, 0xff, 0x38, 0x18, 0x08, 0xff,
    0x38, 0x1c, 0x08, 0xff, 0x30, 0x18, 0x08, 0xff, 0x38, 0x1c, 0x10, 0xff,
    0x38, 0x1c, 0x10, 0xff, 0x38, 0x18, 0x08, 0xff, 0x38, 0x1c, 0x10, 0xff,
    0x30, 0x1c, 0x08, 0xff, 0x38, 0x1c, 0x10, 0xff, 0x38, 0x1c, 0x10, 0xef,
    0x28, 0x14, 0x08, 0x79, 0x38, 0x1c, 0x10, 0xff, 0x38, 0x1c, 0x08, 0xff,
    0x38, 0x1c, 0x08, 0xff, 0x38, 0x18, 0x10, 0xff, 0x38, 0x1c, 0x08, 0xff,
    0x38, 0x1c, 0x08, 0xff, 0x38, 0x18, 0x08, 0xff, 0x38, 0x1c, 0x10, 0xff,
    0x30, 0x1c, 0x10, 0xff, 0x38, 0x18, 0x10, 0xff, 0x38, 0x1c, 0x08, 0xff,
    0x30, 0x1c, 0x10, 0xff, 0x38, 0x1c, 0x10, 0xff, 0x38, 0x1c, 0x10, 0xff,
    0x30, 0x1c, 0x08, 0xff, 0x38, 0x1c, 0x08, 0xff, 0x38, 0x1c, 0x08, 0xff,
    0x38, 0x1c, 0x10, 0xff, 0x38, 0x1c, 0x08, 0xff, 0x38, 0x18, 0x10, 0xff,
    0x38, 0x18, 0x10, 0xff, 0x30, 0x1c, 0x10, 0xff, 0x38, 0x18, 0x08, 0xff,
    0x38, 0x1c, 0x08, 0xff, 0x38, 0x1c, 0x08, 0xff, 0x30, 0x1c, 0x10, 0xff,
    0x30, 0x1c, 0x10, 0xff, 0x38, 0x1c, 0x08, 0xff, 0x38, 0x1c, 0x10, 0xff,
    0x38, 0x1c, 0x10, 0xff, 0x30, 0x18, 0x08, 0xff, 0x38, 0x1c, 0x10, 0xff,
    0x38, 0x1c, 0x10, 0xff, 0x30, 0x18, 0x10, 0xff, 0x38, 0x1c, 0x10, 0xff,
    0x30, 0x1c, 0x08, 0xff, 0x38, 0x18, 0x08, 0xff, 0x38, 0x18, 0x10, 0xff,
    0x38, 0x1c, 0x10, 0xff, 0x30, 0x1c, 0x10, 0xff, 0x38, 0x1c, 0x10, 0xff,
    0x38, 0x1c, 0x10, 0xff, 0x38, 0x18, 0x10, 0xff, 0x38, 0x1c, 0x08, 0xff,
    0x30, 0x1c, 0x10, 0xff, 0x30, 0x18, 0x08, 0xff, 0x38, 0x1c, 0x10, 0xff,
    0x38, 0x1c, 0x10, 0xff, 0x38, 0x1c, 0x08, 0xae, 0x18, 0x0c, 0x08, 0x2c,
    0x38, 0x1c, 0x08, 0xff, 0x38, 0x1c, 0x10, 0xff, 0x30, 0x1c, 0x10, 0xff,
    0x30, 0x1c, 0x10, 0xff, 0x38, 0x18, 0x10, 0xff, 0x38, 0x1c, 0x10, 0xff,
    0x30, 0x1c, 0x10, 0xff, 0x38, 0x1c, 0x08, 0xff, 0x38, 0x18, 0x08, 0xff,
    0x30, 0x1c, 0x10, 0xff, 0x38, 0x1c, 0x10, 0xff, 0x38, 0x1c, 0x08, 0xff,
    0x30, 0x18, 0x08, 0xff, 0x38, 0x1c, 0x08, 0xff, 0x38, 0x1c, 0x10, 0xff,
    0x30, 0x18, 0x10, 0xff, 0x38, 0x1c, 0x10, 0xff, 0x38, 0x18, 0x10, 0xff,
    0x30, 0x18, 0x10, 0xff, 0x30, 0x1c, 0x08, 0xff, 0x38, 0x1c, 0x08, 0xff,
    0x38, 0x1c, 0x08, 0xff, 0x30, 0x1c, 0x10, 0xff, 0x30, 0x1c, 0x10, 0xff,
    0x38, 0x1c, 0x10, 0xff, 0x38, 0x18, 0x10, 0xff, 0x38, 0x1c, 0x10, 0xff,
    0x38, 0x1c, 0x10, 0xff, 0x30, 0x18, 0x08, 0xff, 0x30, 0x1c, 0x10, 0xff,
    0x38, 0x1c, 0x10, 0xff, 0x38, 0x1c, 0x08, 0xff, 0x30, 0x1c, 0x08, 0xff,
    0x38, 0x18, 0x08, 0xff, 0x38, 0x1c, 0x10, 0xff, 0x38, 0x1c, 0x10, 0xff,
    0x38, 0x1c, 0x10, 0xff, 0x38, 0x1c, 0x08, 0xff, 0x38, 0x1c, 0x10, 0xff,
    0x38, 0x1c, 0x10, 0xff, 0x38, 0x1c, 0x10, 0xff, 0x38, 0x18, 0x08, 0xff,
    0x30, 0x1c, 0x10, 0xff, 0x38, 0x1c, 0x10, 0xff, 0x38, 0x1c, 0x08, 0xff,
    0x38, 0x1c, 0x10, 0xff, 0x38, 0x18, 0x10, 0xff, 0x38, 0x1c, 0x10, 0xff,
    0x18, 0x0c, 0x08, 0x55, 0x00, 0x00, 0x00, 0x00, 0x38, 0x1c, 0x10, 0xc3,
    0x38, 0x1c, 0x10, 0xff, 0x38, 0x18, 0x10, 0xff, 0x38, 0x1c, 0x08, 0xff,
    0x38, 0x1c, 0x08, 0xff, 0x30, 0x1c, 0x10, 0xff, 0x38, 0x1c, 0x10, 0xff,
    0x38, 0x18, 0x10, 0xff, 0x38, 0x1c, 0x08, 0xff, 0x38, 0x1c, 0x08, 0xff,
    0x38, 0x1c, 0x10, 0xff, 0x30, 0x18, 0x10, 0xff, 0x38, 0x1c, 0x10, 0xff,
    0x38, 0x1c, 0x10, 0xff, 0x38, 0x18, 0x10, 0xff, 0x38, 0x1c, 0x10, 0xff,
    0x38, 0x1c, 0x08, 0xff, 0x30, 0x1c, 0x08, 0xff, 0x38, 0x1c, 0x10, 0xff,
    0x38, 0x1c, 0x10, 0xff, 0x38, 0x1c, 0x10, 0xff, 0x38, 0x18, 0x10, 0xff,
    0x38, 0x1c, 0x10, 0xff, 0x38, 0x1c, 0x10, 0xff, 0x38, 0x18, 0x08, 0xff,
    0x30, 0x1c, 0x08, 0xff, 0x38, 0x1c, 0x08, 0xff, 0x38, 0x18, 0x10, 0xff,
    0x38, 0x1c, 0x10, 0xff, 0x38, 0x1c, 0x08, 0xff, 0x38, 0x18, 0x10, 0xff,
    0x38, 0x1c, 0x10, 0xff, 0x38, 0x1c, 0x08, 0xff, 0x38, 0x1c, 0x10, 0xff,
    0x38, 0x1c, 0x08, 0xff, 0x30, 0x18, 0x10, 0xff, 0x38, 0x1c, 0x10, 0xff,
    0x30, 0x1c, 0x10, 0xff, 0x30, 0x18, 0x08, 0xff, 0x38, 0x18, 0x08, 0xff,
    0x38, 0x1c, 0x08, 0xff, 0x30, 0x1c, 0x10, 0xff, 0x38, 0x1c, 0x08, 0xff,
    0x30, 0x1c, 0x08, 0xff, 0x38, 0x18, 0x10, 0xff, 0x38, 0x1c, 0x10, 0xff,
    0x30, 0x1c, 0x08, 0xff, 0x38, 0x18, 0x08, 0xd7, 0x08, 0x04, 0x00, 0x04,
    0x00, 0x00, 0x00, 0x00, 0x18, 0x0c, 0x08, 0x34, 0x38, 0x1c, 0x08, 0xfb,
    0x38, 0x1c, 0x08, 0xff, 0x38, 0x18, 0x10, 0xff, 0x38, 0x1c, 0x10, 0xff,
    0x30, 0x1c, 0x08, 0xff, 0x38, 0x18, 0x08, 0xff, 0x38, 0x1c, 0x10, 0xff,
    0x30, 0x1c, 0x10, 0xff, 0x38, 0x1c, 0x10, 0xff, 0x38, 0x18, 0x10, 0xff,
    0x38, 0x1c, 0x08, 0xff, 0x38, 0x1c, 0x10, 0xff, 0x30, 0x18, 0x10, 0xff,
    0x38, 0x1c, 0x08, 0xff, 0x38, 0x1c, 0x08, 0xff, 0x30, 0x1c, 0x10, 0xff,
    0x38, 0x18, 0x10, 0xff, 0x38, 0x1c, 0x08, 0xff, 0x38, 0x1c, 0x08, 0xff,
    0x30, 0x18, 0x10, 0xff, 0x38, 0x1c, 0x10, 0xff, 0x38, 0x1c, 0x08, 0xff,
    0x38, 0x18, 0x08, 0xff, 0x38, 0x1c, 0x10, 0xff, 0x38, 0x1c, 0x10, 0xff,
    0x30, 0x18, 0x10, 0xff, 0x38, 0x1c, 0x08, 0xff, 0x38, 0x1c, 0x08, 0xff,
    0x38, 0x18, 0x10, 0xff, 0x38, 0x1c, 0x08, 0xff, 0x30, 0x1c, 0x10, 0xff,
    0x38, 0x18, 0x10, 0xff, 0x38, 0x18, 0x10, 0xff, 0x30, 0x1c, 0x10, 0xff,
    0x38, 0x1c, 0x08, 0xff, 0x38, 0x18, 0x08, 0xff, 0x38, 0x1c, 0x08, 0xff,
    0x38, 0x1c, 0x10, 0xff, 0x38, 0x1c, 0x10, 0xff, 0x30, 0x1c, 0x10, 0xff,
    0x38, 0x18, 0x08, 0xff, 0x38, 0x1c, 0x10, 0xff, 0x38, 0x1c, 0x10, 0xff,
    0x30, 0x18, 0x10, 0xff, 0x38, 0x1c, 0x08, 0xff, 0x38, 0x1c, 0x10, 0xff,
    0x28, 0x14, 0x08, 0x55, 0x00, 0x00, 0x00, 0x00, 0x00, 0x00, 0x00, 0x00,
    0x00, 0x00, 0x00, 0x00, 0x38, 0x1c, 0x10, 0x96, 0x30, 0x1c, 0x10, 0xff,
    0x30, 0x1c, 0x08, 0xff, 0x38, 0x1c, 0x10, 0xff, 0x38, 0x18, 0x10, 0xff,
    0x38, 0x1c, 0x10, 0xff, 0x30, 0x1c, 0x08, 0xff, 0x38, 0x1c, 0x10, 0xff,
    0x38, 0x18, 0x10, 0xff, 0x30, 0x1c, 0x08, 0xff, 0x30, 0x1c, 0x08, 0xff,
    0x38, 0x1c, 0x10, 0xff, 0x38, 0x1c, 0x08, 0xff, 0x30, 0x1c, 0x10, 0xff,
    0x38, 0x1c, 0x10, 0xff, 0x38, 0x18, 0x08, 0xff, 0x38, 0x1c, 0x10, 0xff,
    0x38, 0x1c, 0x10, 0xff, 0x30, 0x1c, 0x10, 0xff, 0x38, 0x1c, 0x08, 0xff,
    0x38, 0x1c, 0x08, 0xff, 0x30, 0x18, 0x10, 0xff, 0x30, 0x1c, 0x10, 0xff,
    0x38, 0x1c, 0x08, 0xff, 0x30, 0x1c, 0x10, 0xff, 0x38, 0x1c, 0x10, 0xff,
    0x38, 0x1c, 0x10, 0xff, 0x30, 0x1c, 0x10, 0xff, 0x30, 0x1c, 0x10, 0xff,
    0x38, 0x1c, 0x10, 0xff, 0x38, 0x1c, 0x08, 0xff, 0x30, 0x1c, 0x08, 0xff,
    0x38, 0x1c, 0x10, 0xff, 0x38, 0x1c, 0x10, 0xff, 0x30, 0x1c, 0x08, 0xff,
    0x38, 0x1c, 0x10, 0xff, 0x38, 0x1c, 0x10, 0xff, 0x38, 0x1c, 0x10, 0xff,
    0x38, 0x1c, 0x10, 0xff, 0x30, 0x1c, 0x10, 0xff, 0x38, 0x1c, 0x10, 0xff,
    0x38, 0x18, 0x10, 0xff, 0x38, 0x1c, 0x10, 0xff, 0x38, 0x1c, 0x08, 0xff,
    0x38, 0x1c, 0x10, 0xff, 0x38, 0x1c, 0x10, 0xb2, 0x00, 0x00, 0x00, 0x00,
    0x00, 0x00, 0x00, 0x00, 0x00, 0x00, 0x00, 0x00, 0x00, 0x00, 0x00, 0x00,
    0x10, 0x04, 0x00, 0x08, 0x38, 0x1c, 0x10, 0xc7, 0x38, 0x1c, 0x10, 0xff,
    0x38, 0x1c, 0x08, 0xff, 0x38, 0x18, 0x10, 0xff, 0x30, 0x1c, 0x08, 0xff,
    0x38, 0x1c, 0x10, 0xff, 0x38, 0x1c, 0x08, 0xff, 0x38, 0x18, 0x08, 0xff,
    0x38, 0x1c, 0x10, 0xff, 0x38, 0x1c, 0x10, 0xff, 0x38, 0x18, 0x08, 0xff,
    0x38, 0x1c, 0x10, 0xff, 0x38, 0x1c, 0x08, 0xff, 0x38, 0x18, 0x10, 0xff,
    0x38, 0x1c, 0x10, 0xff, 0x30, 0x1c, 0x08, 0xff, 0x38, 0x1c, 0x10, 0xff,
    0x38, 0x18, 0x10, 0xff, 0x38, 0x18, 0x10, 0xff, 0x38, 0x1c, 0x08, 0xff,
    0x38, 0x1c, 0x10, 0xff, 0x38, 0x1c, 0x10, 0xff, 0x38, 0x1c, 0x10, 0xff,
    0x38, 0x1c, 0x08, 0xff, 0x38, 0x18, 0x08, 0xff, 0x38, 0x1c, 0x10, 0xff,
    0x38, 0x1c, 0x08, 0xff, 0x38, 0x18, 0x08, 0xff, 0x38, 0x1c, 0x10, 0xff,
    0x30, 0x1c, 0x10, 0xff, 0x38, 0x18, 0x10, 0xff, 0x38, 0x1c, 0x08, 0xff,
    0x38, 0x1c, 0x08, 0xff, 0x38, 0x18, 0x10, 0xff, 0x38, 0x1c, 0x10, 0xff,
    0x30, 0x1c, 0x10, 0xff, 0x30, 0x18, 0x08, 0xff, 0x38, 0x18, 0x08, 0xff,
    0x38, 0x1c, 0x08, 0xff, 0x38, 0x1c, 0x08, 0xff, 0x38, 0x1c, 0x10, 0xff,
    0x30, 0x18, 0x08, 0xff, 0x38, 0x1c, 0x08, 0xff, 0x38, 0x1c, 0x10, 0xdb,
    0x08, 0x04, 0x00, 0x14, 0x00, 0x00, 0x00, 0x00, 0x00, 0x00, 0x00, 0x00,
    0x00, 0x00, 0x00, 0x00, 0x00, 0x00, 0x00, 0x00, 0x00, 0x00, 0x00, 0x00,
    0x10, 0x04, 0x00, 0x18, 0x38, 0x1c, 0x10, 0xc7, 0x38, 0x1c, 0x10, 0xff,
    0x30, 0x1c, 0x08, 0xff, 0x38, 0x1c, 0x10, 0xff, 0x38, 0x18, 0x10, 0xff,
    0x38, 0x1c, 0x10, 0xff, 0x38, 0x1c, 0x08, 0xff, 0x30, 0x1c, 0x10, 0xff,
    0x38, 0x1c, 0x10, 0xff, 0x38, 0x18, 0x10, 0xff, 0x30, 0x1c, 0x10, 0xff,
    0x38, 0x1c, 0x10, 0xff, 0x38, 0x18, 0x08, 0xff, 0x30, 0x1c, 0x10, 0xff,
    0x38, 0x1c, 0x10, 0xff, 0x38, 0x18, 0x08, 0xff, 0x30, 0x1c, 0x08, 0xff,
    0x38, 0x1c, 0x10, 0xff, 0x38, 0x1c, 0x10, 0xff, 0x30, 0x1c, 0x10, 0xff,
    0x38, 0x18, 0x08, 0xff, 0x38, 0x1c, 0x08, 0xff, 0x30, 0x18, 0x10, 0xff,
    0x38, 0x1c, 0x10, 0xff, 0x38, 0x1c, 0x08, 0xff, 0x30, 0x18, 0x10, 0xff,
    0x38, 0x1c, 0x10, 0xff, 0x38, 0x1c, 0x08, 0xff, 0x38, 0x18, 0x10, 0xff,
    0x38, 0x1c, 0x08, 0xff, 0x38, 0x1c, 0x10, 0xff, 0x30, 0x18, 0x10, 0xff,
    0x38, 0x1c, 0x08, 0xff, 0x38, 0x1c, 0x10, 0xff, 0x38, 0x18, 0x08, 0xff,
    0x38, 0x1c, 0x08, 0xff, 0x38, 0x1c, 0x10, 0xff, 0x30, 0x1c, 0x10, 0xff,
    0x38, 0x18, 0x10, 0xff, 0x38, 0x1c, 0x08, 0xff, 0x30, 0x1c, 0x10, 0xff,
    0x38, 0x1c, 0x10, 0xd7, 0x08, 0x04, 0x00, 0x20, 0x00, 0x00, 0x00, 0x00,
    0x00, 0x00, 0x00, 0x00, 0x00, 0x00, 0x00, 0x00, 0x00, 0x00, 0x00, 0x00,
    0x00, 0x00, 0x00, 0x00, 0x00, 0x00, 0x00, 0x00, 0x00, 0x00, 0x00, 0x00,
    0x08, 0x04, 0x00, 0x08, 0x38, 0x1c, 0x10, 0x96, 0x38, 0x1c, 0x10, 0xff,
    0x38, 0x1c, 0x08, 0xff, 0x38, 0x18, 0x10, 0xff, 0x30, 0x1c, 0x10, 0xff,
    0x30, 0x1c, 0x10, 0xff, 0x38, 0x18, 0x08, 0xff, 0x38, 0x1c, 0x10, 0xff,
    0x30, 0x1c, 0x08, 0xff, 0x38, 0x18, 0x08, 0xff, 0x38, 0x1c, 0x10, 0xff,
    0x30, 0x1c, 0x10, 0xff, 0x38, 0x1c, 0x08, 0xff, 0x38, 0x1c, 0x08, 0xff,
    0x30, 0x1c, 0x10, 0xff, 0x38, 0x1c, 0x10, 0xff, 0x38, 0x1c, 0x08, 0xff,
    0x30, 0x18, 0x08, 0xff, 0x38, 0x1c, 0x10, 0xff, 0x38, 0x1c, 0x10, 0xff,
    0x38, 0x18, 0x08, 0xff, 0x30, 0x1c, 0x10, 0xff, 0x38, 0x1c, 0x10, 0xff,
    0x38, 0x18, 0x10, 0xff, 0x30, 0x1c, 0x10, 0xff, 0x38, 0x1c, 0x10, 0xff,
    0x38, 0x18, 0x10, 0xff, 0x30, 0x1c, 0x08, 0xff, 0x38, 0x1c, 0x10, 0xff,
    0x38, 0x18, 0x10, 0xff, 0x30, 0x1c, 0x10, 0xff, 0x38, 0x1c, 0x10, 0xff,
    0x38, 0x18, 0x08, 0xff, 0x30, 0x1c, 0x10, 0xff, 0x38, 0x1c, 0x10, 0xff,
    0x38, 0x1c, 0x10, 0xff, 0x38, 0x18, 0x10, 0xff, 0x38, 0x1c, 0x08, 0xff,
    0x30, 0x1c, 0x10, 0xff, 0x38, 0x1c, 0x10, 0xaa, 0x10, 0x04, 0x00, 0x0c,
    0x00, 0x00, 0x00, 0x00, 0x00, 0x00, 0x00, 0x00, 0x00, 0x00, 0x00, 0x00,
    0x00, 0x00, 0x00, 0x00, 0x00, 0x00, 0x00, 0x00, 0x00, 0x00, 0x00, 0x00,
    0x00, 0x00, 0x00, 0x00, 0x00, 0x00, 0x00, 0x00, 0x00, 0x00, 0x00, 0x00,
    0x00, 0x00, 0x00, 0x00, 0x28, 0x14, 0x08, 0x45, 0x38, 0x1c, 0x10, 0xc3,
    0x38, 0x1c, 0x08, 0xff, 0x38, 0x1c, 0x08, 0xff, 0x38, 0x18, 0x08, 0xff,
    0x38, 0x1c, 0x10, 0xff, 0x30, 0x1c, 0x10, 0xff, 0x38, 0x1c, 0x08, 0xff,
    0x38, 0x1c, 0x10, 0xff, 0x30, 0x1c, 0x08, 0xff, 0x38, 0x1c, 0x10, 0xff,
    0x38, 0x1c, 0x10, 0xff, 0x38, 0x18, 0x08, 0xff, 0x38, 0x18, 0x10, 0xff,
    0x38, 0x1c, 0x10, 0xff, 0x38, 0x18, 0x10, 0xff, 0x30, 0x1c, 0x10, 0xff,
    0x38, 0x1c, 0x08, 0xff, 0x38, 0x1c, 0x10, 0xff, 0x30, 0x1c, 0x10, 0xff,
    0x38, 0x1c, 0x08, 0xff, 0x38, 0x1c, 0x10, 0xff, 0x30, 0x1c, 0x08, 0xff,
    0x38, 0x1c, 0x08, 0xff, 0x38, 0x1c, 0x08, 0xff, 0x30, 0x1c, 0x08, 0xff,
    0x38, 0x1c, 0x10, 0xff, 0x38, 0x1c, 0x10, 0xff, 0x30, 0x1c, 0x08, 0xff,
    0x38, 0x1c, 0x08, 0xff, 0x38, 0x1c, 0x08, 0xff, 0x30, 0x1c, 0x10, 0xff,
    0x38, 0x1c, 0x10, 0xff, 0x38, 0x1c, 0x08, 0xff, 0x30, 0x1c, 0x10, 0xff,
    0x38, 0x1c, 0x08, 0xff, 0x38, 0x1c, 0x10, 0xd3, 0x28, 0x14, 0x08, 0x55,
    0x00, 0x00, 0x00, 0x00, 0x00, 0x00, 0x00, 0x00, 0x00, 0x00, 0x00, 0x00,
    0x00, 0x00, 0x00, 0x00, 0x00, 0x00, 0x00, 0x00, 0x00, 0x00, 0x00, 0x00,
    0x00, 0x00, 0x00, 0x00, 0x00, 0x00, 0x00, 0x00, 0x00, 0x00, 0x00, 0x00,
    0x00, 0x00, 0x00, 0x00, 0x00, 0x00, 0x00, 0x00, 0x00, 0x00, 0x00, 0x00,
    0x00, 0x00, 0x00, 0x00, 0x00, 0x00, 0x00, 0x00, 0x18, 0x0c, 0x08, 0x30,
    0x38, 0x1c, 0x10, 0x82, 0x38, 0x1c, 0x10, 0xbe, 0x38, 0x1c, 0x10, 0xe7,
    0x38, 0x1c, 0x08, 0xf7, 0x38, 0x18, 0x10, 0xff, 0x38, 0x1c, 0x10, 0xff,
    0x38, 0x1c, 0x10, 0xff, 0x38, 0x18, 0x08, 0xff, 0x38, 0x1c, 0x10, 0xff,
    0x38, 0x1c, 0x10, 0xff, 0x30, 0x1c, 0x10, 0xff, 0x38, 0x1c, 0x08, 0xff,
    0x38, 0x1c, 0x08, 0xff, 0x38, 0x1c, 0x10, 0xff, 0x38, 0x1c, 0x10, 0xff,
    0x38, 0x18, 0x08, 0xff, 0x38, 0x1c, 0x10, 0xff, 0x38, 0x1c, 0x10, 0xff,
    0x38, 0x18, 0x08, 0xff, 0x38, 0x1c, 0x10, 0xff, 0x38, 0x1c, 0x10, 0xff,
    0x38, 0x18, 0x10, 0xff, 0x38, 0x1c, 0x10, 0xff, 0x38, 0x1c, 0x10, 0xff,
    0x38, 0x18, 0x08, 0xff, 0x38, 0x1c, 0x10, 0xff, 0x38, 0x1c, 0x10, 0xff,
    0x38, 0x18, 0x10, 0xff, 0x38, 0x1c, 0x10, 0xfb, 0x38, 0x1c, 0x08, 0xeb,
    0x38, 0x18, 0x10, 0xc7, 0x28, 0x14, 0x08, 0x8a, 0x18, 0x0c, 0x08, 0x41,
    0x10, 0x04, 0x00, 0x00, 0x00, 0x00, 0x00, 0x00, 0x00, 0x00, 0x00, 0x00,
    0x00, 0x00, 0x00, 0x00, 0x00, 0x00, 0x00, 0x00, 0x00, 0x00, 0x00, 0x00,
    0x00, 0x00, 0x00, 0x00, 0x00, 0x00, 0x00, 0x00
};
