// 4.24.2 0xfbee1aac D2 R1 FRGB565 U565 N0 SExtFlashSection
// Generated by imageconverter. Please, do not edit!

#include <touchgfx/hal/Config.hpp>

LOCATION_PRAGMA("ExtFlashSection")
KEEP extern const unsigned char image_loading03004[] LOCATION_ATTRIBUTE("ExtFlashSection") = { // 320x180 RGB565 pixels.
    0x04, 0x21, 0x04, 0x21, 0x04, 0x21, 0x04, 0x21, 0x04, 0x21, 0xa7, 0x31,
    0x8b, 0x52, 0x2d, 0x63, 0xaf, 0x73, 0x31, 0x84, 0x72, 0x8c, 0xb3, 0x94,
    0xb3, 0x94, 0xb3, 0x94, 0xb3, 0x9c, 0xf4, 0x9c, 0x76, 0xad, 0xb7, 0xb5,
    0xb7, 0xb5, 0xb7, 0xb5, 0xd8, 0xbd, 0xd7, 0xb5, 0xb7, 0xbd, 0x97, 0xb5,
    0x97, 0xb5, 0x96, 0xad, 0x76, 0xad, 0x76, 0xad, 0x76, 0xad, 0x76, 0xad,
    0x76, 0xad, 0x97, 0xad, 0xb7, 0xb5, 0xb7, 0xb5, 0xb7, 0xb5, 0xd7, 0xbd,
    0xf8, 0xbd, 0xf8, 0xbd, 0x18, 0xc6, 0x18, 0xc6, 0x39, 0xc6, 0x19, 0xc6,
    0x19, 0xc6, 0x18, 0xbe, 0xf8, 0xbd, 0xd8, 0xbd, 0xd7, 0xbd, 0xb7, 0xb5,
    0x96, 0xb5, 0x56, 0xad, 0x35, 0xa5, 0x14, 0xa5, 0xf4, 0x9c, 0xb3, 0x9c,
    0x72, 0x8c, 0x92, 0x94, 0x51, 0x84, 0xf0, 0x7b, 0x6e, 0x73, 0xec, 0x5a,
    0x69, 0x4a, 0xa7, 0x39, 0xe4, 0x20, 0xc3, 0x18, 0xc3, 0x18, 0xc3, 0x18,
    0xc3, 0x18, 0xc3, 0x18, 0xc3, 0x18, 0xc3, 0x18, 0xc3, 0x18, 0xc3, 0x18,
    0xc3, 0x18, 0xc3, 0x18, 0xc3, 0x18, 0xc3, 0x18, 0xa3, 0x18, 0xc3, 0x10,
    0xc3, 0x18, 0xa3, 0x18, 0xa3, 0x10, 0xa3, 0x10, 0xa2, 0x10, 0xa3, 0x18,
    0xa2, 0x10, 0xa3, 0x10, 0xa3, 0x10, 0xc3, 0x18, 0xc3, 0x18, 0xe4, 0x18,
    0xe3, 0x18, 0xe4, 0x18, 0xe4, 0x20, 0xe4, 0x18, 0xe3, 0x18, 0xe3, 0x18,
    0xe3, 0x18, 0xe4, 0x18, 0xe3, 0x18, 0xe4, 0x20, 0xe4, 0x18, 0xe4, 0x20,
    0xe3, 0x18, 0xc3, 0x18, 0xa3, 0x18, 0x45, 0x29, 0x49, 0x4a, 0xec, 0x5a,
    0x6e, 0x6b, 0xaf, 0x7b, 0x10, 0x7c, 0x31, 0x84, 0x51, 0x8c, 0x72, 0x8c,
    0xb3, 0x94, 0xf4, 0x9c, 0x15, 0xa5, 0x35, 0xad, 0x76, 0xad, 0x96, 0xb5,
    0xb7, 0xb5, 0xb7, 0xb5, 0xb7, 0xb5, 0x96, 0xb5, 0x55, 0xad, 0x35, 0xad,
    0x35, 0xa5, 0x14, 0xa5, 0x14, 0xa5, 0x14, 0xa5, 0x14, 0xa5, 0x15, 0xa5,
    0x76, 0xad, 0xb7, 0xbd, 0x76, 0xb5, 0x56, 0xad, 0xb7, 0xb5, 0xb7, 0xb5,
    0xb7, 0xbd, 0xb7, 0xb5, 0xb7, 0xb5, 0xb7, 0xb5, 0x97, 0xb5, 0x97, 0xb5,
    0xb6, 0xb5, 0x97, 0xb5, 0xb7, 0xb5, 0x96, 0xb5, 0x97, 0xb5, 0x96, 0xb5,
    0x97, 0xb5, 0x96, 0xb5, 0xf4, 0x9c, 0xb3, 0x94, 0xf4, 0xa4, 0xf4, 0x9c,
    0xf4, 0x9c, 0xf4, 0xa4, 0xd4, 0x9c, 0xf4, 0x9c, 0x76, 0xb5, 0xd8, 0xbd,
    0xd7, 0xbd, 0xd7, 0xbd, 0xd8, 0xbd, 0xd7, 0xbd, 0xd7, 0xbd, 0xd7, 0xbd,
    0xd7, 0xbd, 0xd7, 0xbd, 0xd7, 0xbd, 0xd7, 0xbd, 0xd8, 0xbd, 0xd7, 0xbd,
    0xf7, 0xbd, 0xd8, 0xbd, 0xd7, 0xbd, 0xd7, 0xbd, 0xd7, 0xbd, 0xd7, 0xbd,
    0x05, 0x21, 0x04, 0x21, 0x04, 0x21, 0x04, 0x21, 0x66, 0x29, 0x49, 0x4a,
    0x0c, 0x63, 0x8e, 0x73, 0xf0, 0x7b, 0x52, 0x8c, 0x92, 0x94, 0xb3, 0x9c,
    0xf4, 0x9c, 0xf4, 0x9c, 0xf4, 0x9c, 0xf4, 0xa4, 0x55, 0xad, 0xb7, 0xb5,
    0xd7, 0xbd, 0xd7, 0xbd, 0xd7, 0xbd, 0xb7, 0xb5, 0xb7, 0xb5, 0xb7, 0xb5,
    0x96, 0xb5, 0x76, 0xad, 0x76, 0xad, 0x56, 0xa5, 0x76, 0xad, 0x76, 0xad,
    0x76, 0xad, 0x97, 0xb5, 0xb7, 0xb5, 0xb7, 0xb5, 0xd7, 0xbd, 0xd8, 0xbd,
    0xf8, 0xbd, 0xf8, 0xbd, 0x18, 0xc6, 0x19, 0xc6, 0x19, 0xc6, 0x18, 0xc6,
    0x18, 0xbe, 0x18, 0xc6, 0xf8, 0xbd, 0xd8, 0xbd, 0xb7, 0xbd, 0xb7, 0xb5,
    0x96, 0xb5, 0x56, 0xad, 0x35, 0xa5, 0x14, 0xa5, 0xd4, 0x9c, 0xb3, 0x94,
    0x51, 0x8c, 0x51, 0x84, 0x10, 0x84, 0x8f, 0x73, 0x2d, 0x63, 0x8b, 0x52,
    0xe8, 0x39, 0x25, 0x21, 0xc3, 0x18, 0xc3, 0x18, 0xe3, 0x18, 0xc4, 0x18,
    0xe3, 0x18, 0xc3, 0x18, 0xc3, 0x18, 0xc3, 0x18, 0xc3, 0x18, 0xc3, 0x18,
    0xc3, 0x18, 0xc3, 0x18, 0xc3, 0x18, 0xc3, 0x18, 0xa3, 0x18, 0xa3, 0x10,
    0xa3, 0x10, 0xa3, 0x18, 0xa2, 0x10, 0xa2, 0x10, 0xa3, 0x18, 0xa2, 0x10,
    0xa3, 0x10, 0xa3, 0x18, 0xc3, 0x18, 0xc3, 0x18, 0xe3, 0x18, 0xe4, 0x18,
    0xe4, 0x20, 0xe4, 0x18, 0xe4, 0x18, 0xe3, 0x20, 0xe4, 0x18, 0xe3, 0x18,
    0xe4, 0x18, 0xe3, 0x18, 0xe4, 0x20, 0xe4, 0x18, 0xe4, 0x20, 0xe4, 0x18,
    0xc3, 0x18, 0xc3, 0x18, 0x25, 0x21, 0x09, 0x42, 0xcb, 0x5a, 0x4d, 0x63,
    0xaf, 0x73, 0xf0, 0x7b, 0x11, 0x84, 0x51, 0x8c, 0x72, 0x8c, 0xb3, 0x94,
    0xf4, 0x9c, 0x14, 0xa5, 0x35, 0xad, 0x76, 0xad, 0x96, 0xb5, 0xb7, 0xb5,
    0xb7, 0xb5, 0xb7, 0xb5, 0xb7, 0xbd, 0x97, 0xb5, 0x76, 0xad, 0x56, 0xad,
    0x55, 0xad, 0x35, 0xad, 0x35, 0xa5, 0x35, 0xa5, 0x15, 0xa5, 0x35, 0xa5,
    0x55, 0xad, 0x97, 0xb5, 0xb7, 0xb5, 0x55, 0xad, 0x96, 0xb5, 0xd7, 0xbd,
    0xb7, 0xb5, 0xb7, 0xb5, 0xb7, 0xb5, 0xb7, 0xb5, 0xb7, 0xb5, 0x97, 0xb5,
    0x97, 0xb5, 0xb6, 0xb5, 0x97, 0xb5, 0x97, 0xb5, 0x96, 0xb5, 0x76, 0xb5,
    0x96, 0xb5, 0x97, 0xb5, 0x56, 0xad, 0x93, 0x94, 0xb3, 0x9c, 0xf4, 0x9c,
    0x14, 0xa5, 0xf4, 0x9c, 0xd4, 0x9c, 0xf4, 0x9c, 0x55, 0xad, 0xd7, 0xbd,
    0xd8, 0xbd, 0xd7, 0xbd, 0xd8, 0xbd, 0xd7, 0xbd, 0xd7, 0xbd, 0xd7, 0xbd,
    0xd7, 0xbd, 0xd7, 0xbd, 0xd8, 0xbd, 0xd8, 0xbd, 0xd7, 0xbd, 0xd8, 0xbd,
    0xd8, 0xbd, 0xf7, 0xbd, 0xd7, 0xbd, 0xd8, 0xbd, 0xd7, 0xbd, 0xb7, 0xbd,
    0x24, 0x21, 0x05, 0x21, 0x04, 0x21, 0x25, 0x29, 0xe8, 0x41, 0xcb, 0x5a,
    0x6e, 0x6b, 0xd0, 0x7b, 0x31, 0x84, 0x72, 0x8c, 0xd3, 0x94, 0xd3, 0x9c,
    0xf4, 0xa4, 0x35, 0xa5, 0x15, 0xa5, 0x15, 0xa5, 0x55, 0xad, 0x97, 0xb5,
    0xd7, 0xbd, 0xd7, 0xbd, 0xd8, 0xbd, 0xb7, 0xb5, 0xb7, 0xb5, 0x97, 0xb5,
    0x96, 0xad, 0x76, 0xad, 0x56, 0xad, 0x56, 0xa5, 0x76, 0xad, 0x76, 0xad,
    0x96, 0xad, 0x97, 0xb5, 0xb7, 0xb5, 0xd7, 0xb5, 0xd8, 0xbd, 0xd8, 0xbd,
    0xf8, 0xbd, 0x18, 0xc6, 0x18, 0xc6, 0x19, 0xc6, 0x19, 0xc6, 0x18, 0xc6,
    0x18, 0xc6, 0x18, 0xbe, 0x18, 0xc6, 0xf8, 0xbd, 0xb7, 0xb5, 0xb7, 0xb5,
    0x96, 0xb5, 0x56, 0xad, 0x35, 0xa5, 0xf4, 0xa4, 0xb3, 0x9c, 0x93, 0x94,
    0x52, 0x8c, 0xf0, 0x83, 0xcf, 0x7b, 0x4d, 0x6b, 0xcb, 0x52, 0x29, 0x42,
    0x45, 0x29, 0xc3, 0x18, 0xc3, 0x18, 0xc3, 0x18, 0xc3, 0x18, 0xc3, 0x18,
    0xc4, 0x18, 0xc3, 0x18, 0xc3, 0x18, 0xc3, 0x18, 0xc4, 0x18, 0xc3, 0x18,
    0xc3, 0x18, 0xc3, 0x18, 0xc3, 0x18, 0xa3, 0x10, 0xa3, 0x10, 0xc3, 0x18,
    0xa3, 0x18, 0xa3, 0x10, 0xa3, 0x10, 0xa2, 0x18, 0xa3, 0x10, 0xa3, 0x10,
    0xa3, 0x18, 0xc3, 0x18, 0xc3, 0x18, 0xe3, 0x18, 0xe4, 0x18, 0xe4, 0x20,
    0xe4, 0x20, 0xe4, 0x18, 0xe4, 0x20, 0xe4, 0x18, 0xe4, 0x20, 0xe4, 0x18,
    0xe4, 0x20, 0xe4, 0x20, 0xe4, 0x18, 0xe4, 0x20, 0xe4, 0x18, 0xc3, 0x18,
    0xc3, 0x18, 0x04, 0x21, 0x08, 0x42, 0xab, 0x52, 0x4d, 0x6b, 0xaf, 0x73,
    0xd0, 0x7b, 0x11, 0x84, 0x31, 0x84, 0x72, 0x8c, 0x93, 0x94, 0xf4, 0x9c,
    0x14, 0xa5, 0x35, 0xad, 0x76, 0xad, 0x96, 0xb5, 0x96, 0xb5, 0xb7, 0xb5,
    0xb7, 0xbd, 0xb7, 0xbd, 0xd7, 0xb5, 0xb7, 0xbd, 0x97, 0xb5, 0x76, 0xad,
    0x76, 0xad, 0x76, 0xad, 0x56, 0xad, 0x55, 0xad, 0x55, 0xad, 0x35, 0xa5,
    0x35, 0xa5, 0x76, 0xad, 0xb7, 0xbd, 0x76, 0xb5, 0x55, 0xad, 0xb7, 0xb5,
    0xd7, 0xbd, 0xb7, 0xbd, 0xb7, 0xbd, 0xb7, 0xbd, 0xb7, 0xb5, 0xb7, 0xbd,
    0xb7, 0xb5, 0x96, 0xb5, 0xb7, 0xb5, 0x96, 0xb5, 0x76, 0xb5, 0x56, 0xad,
    0x76, 0xad, 0xb7, 0xb5, 0x96, 0xb5, 0xb3, 0x94, 0x92, 0x94, 0x14, 0xa5,
    0xf4, 0x9c, 0xd4, 0x9c, 0xd4, 0x9c, 0xd4, 0x9c, 0x14, 0xa5, 0x96, 0xb5,
    0xd8, 0xbd, 0xd8, 0xbd, 0xd7, 0xbd, 0xd7, 0xbd, 0xd7, 0xbd, 0xd8, 0xbd,
    0xd8, 0xbd, 0xd7, 0xbd, 0xd8, 0xbd, 0xd7, 0xbd, 0xd8, 0xc5, 0xf7, 0xc5,
    0xd7, 0xbd, 0xd8, 0xbd, 0xd8, 0xbd, 0xd7, 0xbd, 0xd7, 0xbd, 0xb7, 0xbd,
    0x24, 0x21, 0x05, 0x21, 0x04, 0x21, 0xa7, 0x31, 0x8b, 0x52, 0x2d, 0x63,
    0xaf, 0x73, 0x11, 0x84, 0x52, 0x8c, 0xb3, 0x94, 0xd4, 0x9c, 0x14, 0x9d,
    0xf4, 0x9c, 0x35, 0xa5, 0x55, 0xad, 0x55, 0xad, 0x76, 0xad, 0x76, 0xb5,
    0xd7, 0xb5, 0xd8, 0xbd, 0xb7, 0xb5, 0xd7, 0xb5, 0xb7, 0xb5, 0x97, 0xb5,
    0x76, 0xad, 0x76, 0xad, 0x76, 0xad, 0x76, 0xad, 0x76, 0xad, 0x76, 0xad,
    0x96, 0xad, 0xb7, 0xb5, 0xb7, 0xb5, 0xd7, 0xbd, 0xd8, 0xbd, 0xf8, 0xbd,
    0xf8, 0xbd, 0x18, 0xc6, 0x18, 0xc6, 0x39, 0xc6, 0x18, 0xc6, 0x18, 0xc6,
    0x19, 0xc6, 0x19, 0xc6, 0x18, 0xbe, 0xf8, 0xbd, 0xd7, 0xbd, 0x97, 0xb5,
    0x76, 0xad, 0x56, 0xad, 0x35, 0xa5, 0xf4, 0x9c, 0xb3, 0x9c, 0x72, 0x8c,
    0x31, 0x84, 0xd0, 0x7b, 0x6e, 0x6b, 0xec, 0x5a, 0x49, 0x4a, 0x87, 0x31,
    0xe4, 0x20, 0xe3, 0x18, 0xc3, 0x18, 0xc4, 0x18, 0xe3, 0x20, 0xc3, 0x18,
    0xc3, 0x18, 0xc3, 0x18, 0xc3, 0x18, 0xc3, 0x18, 0xc3, 0x18, 0xc3, 0x18,
    0xc3, 0x18, 0xc4, 0x18, 0xc3, 0x18, 0xc3, 0x18, 0xa3, 0x10, 0xc3, 0x18,
    0xc3, 0x18, 0xa3, 0x10, 0xa3, 0x18, 0xa3, 0x18, 0xa3, 0x10, 0xc3, 0x18,
    0xc3, 0x18, 0xc3, 0x18, 0xe4, 0x18, 0xe4, 0x18, 0xe4, 0x20, 0xe4, 0x20,
    0x04, 0x19, 0x04, 0x21, 0x04, 0x21, 0x04, 0x19, 0xe4, 0x18, 0xe4, 0x20,
    0xe4, 0x20, 0xe4, 0x18, 0x04, 0x21, 0xe4, 0x20, 0xe3, 0x18, 0xc3, 0x18,
    0xe4, 0x18, 0xe8, 0x39, 0xab, 0x52, 0x2d, 0x63, 0x8f, 0x73, 0xd0, 0x7b,
    0x10, 0x84, 0x51, 0x84, 0x72, 0x8c, 0x93, 0x94, 0xf4, 0x9c, 0x14, 0xa5,
    0x35, 0xa5, 0x56, 0xad, 0x96, 0xb5, 0xb7, 0xb5, 0xb7, 0xb5, 0xb7, 0xb5,
    0xb7, 0xb5, 0xb7, 0xb5, 0xd7, 0xbd, 0xd7, 0xbd, 0xd7, 0xbd, 0x96, 0xb5,
    0x96, 0xb5, 0x96, 0xb5, 0x76, 0xb5, 0x76, 0xad, 0x56, 0xad, 0x56, 0xad,
    0x55, 0xad, 0x56, 0xad, 0x97, 0xb5, 0xb7, 0xb5, 0x35, 0xad, 0x76, 0xad,
    0xd8, 0xbd, 0xd7, 0xb5, 0xb7, 0xb5, 0xb7, 0xbd, 0xb7, 0xb5, 0x97, 0xb5,
    0xb7, 0xbd, 0xb7, 0xb5, 0x97, 0xb5, 0x96, 0xb5, 0x76, 0xad, 0x55, 0xad,
    0x55, 0xad, 0x96, 0xb5, 0x97, 0xb5, 0x15, 0xa5, 0xb3, 0x94, 0xf4, 0x9c,
    0xd4, 0x9c, 0xd3, 0x9c, 0xb3, 0x9c, 0xd4, 0x9c, 0x14, 0xa5, 0x55, 0xad,
    0xd7, 0xbd, 0xd7, 0xbd, 0xd8, 0xbd, 0xf8, 0xbd, 0xd7, 0xbd, 0xd7, 0xbd,
    0xd7, 0xbd, 0xd7, 0xbd, 0xf7, 0xbd, 0xf8, 0xbd, 0xd7, 0xbd, 0xf8, 0xbd,
    0xd8, 0xbd, 0xd7, 0xbd, 0xd7, 0xbd, 0xd7, 0xbd, 0xb7, 0xbd, 0xb7, 0xbd,
    0x25, 0x21, 0x04, 0x21, 0x45, 0x29, 0x29, 0x4a, 0x0c, 0x63, 0x8e, 0x73,
    0xf0, 0x7b, 0x51, 0x8c, 0x92, 0x94, 0xd4, 0x9c, 0xf4, 0xa4, 0x35, 0xa5,
    0x35, 0xa5, 0x35, 0xa5, 0x55, 0xad, 0x76, 0xad, 0x76, 0xb5, 0x96, 0xb5,
    0xb7, 0xb5, 0xb7, 0xbd, 0xd7, 0xbd, 0xb7, 0xb5, 0xb7, 0xb5, 0x97, 0xb5,
    0x76, 0xad, 0x76, 0xad, 0x76, 0xad, 0x76, 0xad, 0x76, 0xad, 0x77, 0xad,
    0x97, 0xb5, 0xb7, 0xb5, 0xb7, 0xb5, 0xd8, 0xbd, 0xf8, 0xbd, 0xf8, 0xbd,
    0xf8, 0xc5, 0x18, 0xc6, 0x39, 0xc6, 0x39, 0xc6, 0x19, 0xc6, 0x18, 0xc6,
    0x19, 0xc6, 0x18, 0xc6, 0xf8, 0xbd, 0xf8, 0xbd, 0xd7, 0xb5, 0x97, 0xb5,
    0x76, 0xad, 0x56, 0xad, 0x35, 0xa5, 0xf4, 0x9c, 0xb3, 0x94, 0x51, 0x8c,
    0x10, 0x7c, 0x8f, 0x73, 0x2d, 0x63, 0x6a, 0x52, 0xc7, 0x39, 0x04, 0x21,
    0xc3, 0x18, 0xe3, 0x18, 0xc3, 0x18, 0xc4, 0x18, 0xe3, 0x18, 0xc4, 0x18,
    0xc3, 0x18, 0xc3, 0x18, 0xc3, 0x18, 0xc3, 0x18, 0xc3, 0x18, 0xc3, 0x18,
    0xc3, 0x18, 0xc3, 0x18, 0xc3, 0x18, 0xc3, 0x18, 0xc3, 0x18, 0xa3, 0x10,
    0xa3, 0x18, 0xc3, 0x10, 0xa3, 0x10, 0xa3, 0x10, 0xc3, 0x18, 0xc3, 0x18,
    0xc3, 0x18, 0xe4, 0x18, 0xe4, 0x18, 0xe4, 0x20, 0xe4, 0x18, 0x04, 0x21,
    0xe4, 0x18, 0xe4, 0x18, 0x04, 0x21, 0xe4, 0x20, 0xe4, 0x20, 0xe4, 0x18,
    0xe4, 0x18, 0x04, 0x21, 0xe4, 0x18, 0xe3, 0x18, 0xc3, 0x18, 0xe3, 0x18,
    0xc7, 0x39, 0x8a, 0x52, 0x0d, 0x63, 0x8f, 0x73, 0xd0, 0x7b, 0x10, 0x84,
    0x51, 0x84, 0x72, 0x8c, 0x93, 0x94, 0xd3, 0x9c, 0x14, 0xa5, 0x35, 0xa5,
    0x76, 0xad, 0x96, 0xb5, 0xb7, 0xb5, 0xb7, 0xb5, 0xb7, 0xb5, 0xb7, 0xb5,
    0xd7, 0xbd, 0xd7, 0xbd, 0xd7, 0xbd, 0xd8, 0xbd, 0xf8, 0xbd, 0xd7, 0xbd,
    0x97, 0xb5, 0x96, 0xb5, 0x96, 0xb5, 0x96, 0xb5, 0x96, 0xb5, 0x96, 0xb5,
    0x76, 0xb5, 0x76, 0xad, 0x96, 0xb5, 0xb7, 0xb5, 0x76, 0xad, 0x35, 0xad,
    0xb7, 0xbd, 0xd7, 0xbd, 0xd7, 0xbd, 0xd7, 0xb5, 0xb7, 0xb5, 0x97, 0xb5,
    0xb7, 0xb5, 0x97, 0xb5, 0x96, 0xb5, 0x76, 0xad, 0x56, 0xad, 0x35, 0xad,
    0x35, 0xa5, 0x56, 0xad, 0xb7, 0xb5, 0x76, 0xad, 0xf4, 0xa4, 0xd3, 0x9c,
    0xd3, 0x9c, 0xb3, 0x94, 0xd3, 0x9c, 0xf4, 0x9c, 0xf4, 0x9c, 0x15, 0xa5,
    0xb7, 0xb5, 0xd8, 0xbd, 0xd7, 0xbd, 0xf8, 0xbd, 0xf8, 0xbd, 0xd8, 0xbd,
    0xd8, 0xbd, 0xf8, 0xbd, 0xf8, 0xbd, 0xd8, 0xbd, 0xf7, 0xbd, 0xd8, 0xbd,
    0xd7, 0xbd, 0xd7, 0xbd, 0xb7, 0xbd, 0xb7, 0xbd, 0xb7, 0xbd, 0x96, 0xb5,
    0x04, 0x21, 0x25, 0x21, 0xe8, 0x39, 0xcb, 0x5a, 0x4e, 0x6b, 0xd0, 0x7b,
    0x31, 0x84, 0x72, 0x8c, 0xb3, 0x94, 0xf4, 0x9c, 0x15, 0xa5, 0x35, 0xad,
    0x76, 0xad, 0x56, 0xad, 0x55, 0xad, 0x96, 0xb5, 0x97, 0xb5, 0xb7, 0xb5,
    0xb7, 0xb5, 0xb7, 0xb5, 0xb7, 0xbd, 0xb7, 0xbd, 0xb7, 0xb5, 0x97, 0xb5,
    0x76, 0xad, 0x76, 0xad, 0x76, 0xad, 0x76, 0xad, 0x76, 0xad, 0x97, 0xb5,
    0xb7, 0xb5, 0xb7, 0xb5, 0xd7, 0xb5, 0xd8, 0xbd, 0xf8, 0xbd, 0xf8, 0xbd,
    0x18, 0xc6, 0x19, 0xc6, 0x19, 0xc6, 0x39, 0xc6, 0x39, 0xc6, 0x39, 0xc6,
    0x18, 0xc6, 0x18, 0xbe, 0xf8, 0xbd, 0xd7, 0xbd, 0xb7, 0xb5, 0x96, 0xad,
    0x56, 0xad, 0x35, 0xa5, 0xf4, 0x9c, 0xd3, 0x9c, 0x93, 0x94, 0x31, 0x84,
    0xcf, 0x7b, 0x4e, 0x6b, 0xab, 0x52, 0x08, 0x42, 0x25, 0x29, 0xc3, 0x18,
    0xe4, 0x18, 0xc3, 0x18, 0xc3, 0x18, 0xc3, 0x18, 0xc3, 0x18, 0xc3, 0x18,
    0xc3, 0x18, 0xc3, 0x18, 0xc3, 0x18, 0xc4, 0x18, 0xc4, 0x18, 0xc3, 0x18,
    0xc3, 0x18, 0xc3, 0x18, 0xc3, 0x18, 0xc3, 0x18, 0xc3, 0x18, 0xc3, 0x18,
    0xa3, 0x10, 0xa3, 0x18, 0xa3, 0x18, 0xc3, 0x18, 0xc3, 0x18, 0xc3, 0x18,
    0xe4, 0x18, 0xe4, 0x18, 0xe4, 0x20, 0x04, 0x21, 0x04, 0x21, 0x04, 0x21,
    0x04, 0x21, 0xe4, 0x20, 0xe4, 0x18, 0x04, 0x19, 0x04, 0x21, 0x04, 0x21,
    0x04, 0x21, 0xe4, 0x20, 0xe4, 0x18, 0xc3, 0x18, 0xc3, 0x18, 0x87, 0x31,
    0x6a, 0x52, 0x0d, 0x63, 0x8e, 0x6b, 0xd0, 0x7b, 0x10, 0x84, 0x31, 0x84,
    0x52, 0x8c, 0x93, 0x94, 0xd3, 0x9c, 0x14, 0x9d, 0x35, 0xa5, 0x56, 0xad,
    0x96, 0xb5, 0x96, 0xb5, 0xb7, 0xb5, 0xb7, 0xb5, 0xb7, 0xbd, 0xb7, 0xbd,
    0xd7, 0xbd, 0xd8, 0xbd, 0xf8, 0xbd, 0xf8, 0xbd, 0xf8, 0xbd, 0xd7, 0xbd,
    0xb7, 0xb5, 0x97, 0xb5, 0x97, 0xb5, 0xb7, 0xb5, 0xb7, 0xb5, 0x97, 0xb5,
    0x96, 0xb5, 0x96, 0xb5, 0x76, 0xb5, 0xb7, 0xbd, 0xb7, 0xb5, 0x35, 0xad,
    0x76, 0xb5, 0xd8, 0xbd, 0xd7, 0xbd, 0xb7, 0xbd, 0xb7, 0xb5, 0x76, 0xb5,
    0x76, 0xad, 0x96, 0xb5, 0x76, 0xb5, 0x56, 0xad, 0x55, 0xad, 0x35, 0xad,
    0x55, 0xad, 0x36, 0xa5, 0x76, 0xb5, 0xb7, 0xb5, 0x35, 0xad, 0xd4, 0x9c,
    0xb3, 0x94, 0xb3, 0x94, 0xd4, 0x9c, 0xf4, 0x9c, 0xf4, 0xa4, 0x35, 0xa5,
    0x96, 0xb5, 0xd7, 0xbd, 0xf8, 0xbd, 0xf7, 0xbd, 0xd7, 0xbd, 0xf8, 0xbd,
    0xf8, 0xbd, 0xf7, 0xbd, 0xd8, 0xbd, 0xd8, 0xc5, 0xd7, 0xbd, 0xd7, 0xbd,
    0xd7, 0xbd, 0xd7, 0xbd, 0xb7, 0xbd, 0xb7, 0xbd, 0xb7, 0xbd, 0x96, 0xb5,
    0x05, 0x21, 0x45, 0x29, 0x29, 0x42, 0x2d, 0x63, 0xaf, 0x73, 0x11, 0x84,
    0x52, 0x8c, 0x92, 0x94, 0xd3, 0x9c, 0x14, 0xa5, 0x35, 0xa5, 0x56, 0xad,
    0x76, 0xad, 0x96, 0xb5, 0x76, 0xb5, 0x76, 0xad, 0xb7, 0xb5, 0xb7, 0xbd,
    0xb7, 0xb5, 0xb7, 0xb5, 0xb7, 0xb5, 0xd7, 0xbd, 0xd7, 0xb5, 0xb7, 0xb5,
    0x96, 0xb5, 0x76, 0xad, 0x76, 0xad, 0x96, 0xad, 0x96, 0xad, 0x97, 0xb5,
    0xb7, 0xb5, 0xd7, 0xb5, 0xd7, 0xbd, 0xd8, 0xbd, 0xf8, 0xbd, 0x18, 0xc6,
    0x18, 0xc6, 0x18, 0xc6, 0x39, 0xc6, 0x39, 0xc6, 0x38, 0xc6, 0x39, 0xc6,
    0x19, 0xc6, 0xf8, 0xbd, 0xd8, 0xbd, 0xb7, 0xb5, 0x97, 0xb5, 0x76, 0xad,
    0x55, 0xa5, 0xf4, 0x9c, 0xd3, 0x94, 0x93, 0x8c, 0x52, 0x8c, 0xf0, 0x83,
    0x8e, 0x6b, 0xec, 0x5a, 0x29, 0x4a, 0x65, 0x29, 0xc3, 0x18, 0xc3, 0x18,
    0xe3, 0x18, 0xc4, 0x18, 0xc3, 0x18, 0xe4, 0x18, 0xe3, 0x18, 0xc3, 0x18,
    0xc4, 0x18, 0xe4, 0x18, 0xc3, 0x18, 0xc3, 0x18, 0xe3, 0x18, 0xc3, 0x18,
    0xc4, 0x18, 0xc3, 0x18, 0xc3, 0x18, 0xc3, 0x18, 0xc3, 0x18, 0xc3, 0x18,
    0xc3, 0x18, 0xc3, 0x10, 0xc3, 0x18, 0xc3, 0x18, 0xc3, 0x18, 0xe4, 0x18,
    0xe4, 0x18, 0x04, 0x21, 0x04, 0x21, 0x04, 0x19, 0x04, 0x21, 0x04, 0x19,
    0x04, 0x21, 0x04, 0x21, 0x04, 0x19, 0xe4, 0x20, 0xe4, 0x20, 0x04, 0x19,
    0xe4, 0x18, 0xe4, 0x18, 0xc3, 0x18, 0xc3, 0x18, 0x66, 0x29, 0x6a, 0x4a,
    0xec, 0x62, 0x6e, 0x6b, 0xcf, 0x7b, 0xf0, 0x7b, 0x31, 0x84, 0x52, 0x8c,
    0x92, 0x94, 0xd3, 0x9c, 0xf4, 0xa4, 0x35, 0xa5, 0x56, 0xad, 0x76, 0xb5,
    0xb7, 0xb5, 0xb7, 0xb5, 0xb7, 0xb5, 0xb7, 0xbd, 0xd7, 0xbd, 0xd7, 0xb5,
    0xd7, 0xbd, 0xd8, 0xbd, 0xf8, 0xbd, 0xf8, 0xbd, 0xf8, 0xc5, 0xf8, 0xbd,
    0xd7, 0xbd, 0x96, 0xb5, 0x97, 0xb5, 0xb7, 0xb5, 0x96, 0xb5, 0x96, 0xbd,
    0x97, 0xb5, 0x97, 0xb5, 0x96, 0xb5, 0xb7, 0xb5, 0xd7, 0xbd, 0x76, 0xad,
    0x35, 0xa5, 0xd7, 0xbd, 0xd7, 0xbd, 0xd8, 0xbd, 0xb7, 0xb5, 0x76, 0xb5,
    0x55, 0xad, 0x76, 0xad, 0x56, 0xad, 0x55, 0xad, 0x55, 0xad, 0x55, 0xad,
    0x36, 0xad, 0x55, 0xad, 0x56, 0xad, 0xb7, 0xb5, 0x76, 0xad, 0xf4, 0xa4,
    0xd4, 0x9c, 0xd4, 0x9c, 0xf4, 0x9c, 0xf4, 0x9c, 0x35, 0xa5, 0x55, 0xad,
    0x56, 0xad, 0xd7, 0xbd, 0xd8, 0xbd, 0xd8, 0xbd, 0xd7, 0xbd, 0xd8, 0xbd,
    0xf7, 0xc5, 0xd7, 0xbd, 0xd8, 0xbd, 0xf7, 0xbd, 0xd7, 0xbd, 0xd8, 0xbd,
    0xd7, 0xbd, 0xb7, 0xbd, 0xb7, 0xbd, 0x97, 0xb5, 0x96, 0xb5, 0x96, 0xb5,
    0x45, 0x29, 0xc8, 0x39, 0x29, 0x42, 0x4e, 0x6b, 0xf0, 0x7b, 0x51, 0x8c,
    0x72, 0x94, 0xb3, 0x9c, 0xf4, 0x9c, 0x14, 0xa5, 0x55, 0xad, 0x76, 0xad,
    0x96, 0xb5, 0x96, 0xb5, 0x97, 0xb5, 0x97, 0xb5, 0x96, 0xb5, 0xb6, 0xb5,
    0xb7, 0xbd, 0xb7, 0xb5, 0xb7, 0xb5, 0xd7, 0xbd, 0xf8, 0xbd, 0xd7, 0xbd,
    0xb7, 0xb5, 0x96, 0xad, 0x76, 0xad, 0x96, 0xb5, 0x97, 0xb5, 0x97, 0xb5,
    0xb7, 0xb5, 0xd7, 0xbd, 0xd8, 0xbd, 0xf8, 0xbd, 0xf8, 0xbd, 0x18, 0xc6,
    0x19, 0xc6, 0x19, 0xc6, 0x39, 0xc6, 0x39, 0xc6, 0x19, 0xc6, 0x19, 0xc6,
    0x18, 0xc6, 0xf8, 0xc5, 0xd7, 0xbd, 0xb7, 0xb5, 0x76, 0xad, 0x56, 0xad,
    0x35, 0xa5, 0xf4, 0x9c, 0x93, 0x8c, 0x52, 0x84, 0xf1, 0x7b, 0xaf, 0x73,
    0x2d, 0x63, 0x6a, 0x4a, 0xa7, 0x31, 0xe4, 0x20, 0xc3, 0x18, 0xc3, 0x18,
    0xc4, 0x18, 0xc3, 0x18, 0xc3, 0x20, 0xc3, 0x18, 0xc4, 0x18, 0xc3, 0x18,
    0xc3, 0x18, 0xc3, 0x18, 0xc3, 0x18, 0xc3, 0x18, 0xc3, 0x18, 0xc3, 0x18,
    0xe3, 0x18, 0xc3, 0x18, 0xc4, 0x18, 0xc3, 0x18, 0xc3, 0x18, 0xc3, 0x18,
    0xc4, 0x18, 0xc3, 0x18, 0xc3, 0x18, 0xe4, 0x18, 0xe4, 0x18, 0x04, 0x19,
    0xe4, 0x20, 0x04, 0x21, 0x04, 0x21, 0x04, 0x21, 0x05, 0x21, 0x05, 0x21,
    0x04, 0x19, 0x04, 0x21, 0xe4, 0x20, 0x04, 0x21, 0x04, 0x19, 0xe4, 0x20,
    0xe4, 0x20, 0xc4, 0x18, 0xc3, 0x18, 0x65, 0x29, 0x49, 0x4a, 0xec, 0x5a,
    0x6e, 0x6b, 0xaf, 0x73, 0xf0, 0x7b, 0x31, 0x84, 0x51, 0x8c, 0x92, 0x94,
    0xd3, 0x94, 0xf4, 0x9c, 0x35, 0xa5, 0x55, 0xad, 0x76, 0xb5, 0xb7, 0xb5,
    0xd7, 0xb5, 0xb7, 0xb5, 0xd7, 0xbd, 0xd7, 0xbd, 0xd7, 0xb5, 0xd7, 0xbd,
    0xd8, 0xbd, 0xf8, 0xbd, 0xf8, 0xbd, 0xf8, 0xc5, 0xf8, 0xc5, 0xf8, 0xbd,
    0xd8, 0xbd, 0x97, 0xb5, 0x96, 0xb5, 0xb7, 0xb5, 0xb6, 0xb5, 0xb7, 0xb5,
    0xb6, 0xb5, 0x97, 0xb5, 0x96, 0xb5, 0x97, 0xb5, 0xd7, 0xbd, 0x97, 0xb5,
    0x35, 0xa5, 0x96, 0xb5, 0xd8, 0xbd, 0xd7, 0xbd, 0xb7, 0xb5, 0x76, 0xb5,
    0x35, 0xad, 0x35, 0xa5, 0x56, 0xad, 0x55, 0xad, 0x55, 0xad, 0x56, 0xad,
    0x35, 0xa5, 0x55, 0xa5, 0x35, 0xa5, 0x76, 0xad, 0x96, 0xb5, 0x15, 0xa5,
    0xf4, 0x9c, 0xd3, 0x9c, 0xf4, 0xa4, 0x15, 0xa5, 0x35, 0xa5, 0x55, 0xad,
    0x56, 0xad, 0xb7, 0xb5, 0xf8, 0xbd, 0xd8, 0xbd, 0xf8, 0xbd, 0xf8, 0xbd,
    0xd8, 0xbd, 0xd8, 0xbd, 0xf8, 0xbd, 0xd7, 0xbd, 0xd7, 0xbd, 0xd7, 0xbd,
    0xb7, 0xbd, 0xb7, 0xbd, 0xb6, 0xb5, 0x96, 0xb5, 0x96, 0xb5, 0x76, 0xb5,
    0xc7, 0x39, 0x8a, 0x52, 0x8a, 0x52, 0x2d, 0x63, 0x11, 0x84, 0x72, 0x8c,
    0x93, 0x94, 0xd3, 0x9c, 0xf4, 0xa4, 0x15, 0xa5, 0x55, 0xad, 0x76, 0xb5,
    0xb7, 0xb5, 0xb7, 0xb5, 0xb7, 0xb5, 0xb7, 0xbd, 0x96, 0xb5, 0x76, 0xb5,
    0xb6, 0xb5, 0xb7, 0xbd, 0xb7, 0xbd, 0xd7, 0xbd, 0xd8, 0xbd, 0xf8, 0xbd,
    0xb7, 0xbd, 0xb7, 0xb5, 0x97, 0xb5, 0x97, 0xb5, 0xb7, 0xb5, 0xb7, 0xb5,
    0xb7, 0xb5, 0xd7, 0xbd, 0xd8, 0xbd, 0xf8, 0xbd, 0xf8, 0xc5, 0x18, 0xc6,
    0x18, 0xc6, 0x19, 0xc6, 0x38, 0xc6, 0x39, 0xc6, 0x18, 0xc6, 0x18, 0xc6,
    0xf8, 0xc5, 0xf8, 0xbd, 0xd8, 0xbd, 0xb7, 0xb5, 0x76, 0xad, 0x35, 0xa5,
    0x14, 0x9d, 0xb3, 0x94, 0x72, 0x8c, 0x31, 0x84, 0xcf, 0x73, 0x4e, 0x6b,
    0xab, 0x5a, 0xe8, 0x39, 0x04, 0x21, 0xc3, 0x18, 0xc3, 0x18, 0xc3, 0x18,
    0xc3, 0x18, 0xc3, 0x18, 0xc3, 0x18, 0xe3, 0x18, 0xc3, 0x18, 0xc3, 0x18,
    0xc3, 0x18, 0xc3, 0x18, 0xc3, 0x18, 0xc4, 0x18, 0xc4, 0x18, 0xc4, 0x18,
    0xc3, 0x18, 0xc3, 0x18, 0xc3, 0x18, 0xc3, 0x18, 0xc3, 0x18, 0xc3, 0x18,
    0xc3, 0x18, 0xc3, 0x18, 0xe4, 0x18, 0xe4, 0x18, 0xe4, 0x20, 0x04, 0x21,
    0x04, 0x21, 0x04, 0x21, 0x05, 0x21, 0x04, 0x21, 0x04, 0x21, 0x04, 0x21,
    0x04, 0x21, 0x04, 0x21, 0x05, 0x21, 0xe4, 0x18, 0x04, 0x21, 0x04, 0x21,
    0xe4, 0x18, 0xc3, 0x18, 0x25, 0x29, 0x29, 0x42, 0xcc, 0x5a, 0x4d, 0x6b,
    0xaf, 0x73, 0xf0, 0x7b, 0x11, 0x84, 0x51, 0x8c, 0x92, 0x94, 0xb3, 0x94,
    0xf4, 0x9c, 0x15, 0xa5, 0x56, 0xad, 0x76, 0xad, 0x96, 0xb5, 0xb7, 0xb5,
    0xb7, 0xb5, 0xb7, 0xbd, 0xb7, 0xbd, 0xd7, 0xbd, 0xd8, 0xbd, 0xf8, 0xbd,
    0xf8, 0xbd, 0xf8, 0xbd, 0xf8, 0xc5, 0x18, 0xc6, 0x18, 0xbe, 0xf8, 0xc5,
    0xf8, 0xbd, 0xb7, 0xbd, 0x96, 0xb5, 0xb7, 0xb5, 0x97, 0xb5, 0x97, 0xb5,
    0x97, 0xb5, 0xb6, 0xbd, 0x96, 0xb5, 0x97, 0xb5, 0xb7, 0xbd, 0xd7, 0xbd,
    0x56, 0xad, 0x56, 0xad, 0xd8, 0xbd, 0xd7, 0xbd, 0x97, 0xb5, 0x76, 0xad,
    0x35, 0xa5, 0xf4, 0xa4, 0x35, 0xa5, 0x56, 0xad, 0x55, 0xad, 0x56, 0xad,
    0x35, 0xad, 0x35, 0xa5, 0x36, 0xad, 0x56, 0xad, 0x97, 0xb5, 0x55, 0xad,
    0xf4, 0x9c, 0xf4, 0x9c, 0x14, 0xa5, 0x35, 0xad, 0x35, 0xad, 0x55, 0xad,
    0x76, 0xad, 0x97, 0xb5, 0xd7, 0xbd, 0xf7, 0xbd, 0xf8, 0xbd, 0xd7, 0xbd,
    0xf7, 0xbd, 0xf8, 0xbd, 0xd8, 0xbd, 0xd7, 0xbd, 0xd7, 0xbd, 0xb7, 0xbd,
    0xb7, 0xbd, 0x97, 0xb5, 0x96, 0xbd, 0x96, 0xb5, 0x76, 0xb5, 0x75, 0xb5,
    0x4a, 0x4a, 0x0d, 0x63, 0x2d, 0x63, 0x4d, 0x6b, 0xf0, 0x83, 0x92, 0x94,
    0xd3, 0x9c, 0xf4, 0xa4, 0x14, 0xa5, 0x35, 0xad, 0x76, 0xad, 0x96, 0xb5,
    0xb7, 0xb5, 0xd7, 0xbd, 0xd8, 0xbd, 0xd7, 0xbd, 0xb7, 0xbd, 0x96, 0xb5,
    0x76, 0xb5, 0xb6, 0xb5, 0xb7, 0xbd, 0xd7, 0xbd, 0xf8, 0xbd, 0xf8, 0xbd,
    0xf8, 0xbd, 0xd7, 0xbd, 0xb7, 0xb5, 0x97, 0xb5, 0xb7, 0xb5, 0xb7, 0xb5,
    0xd7, 0xbd, 0xf8, 0xbd, 0xf8, 0xbd, 0xf8, 0xbd, 0x18, 0xc6, 0x18, 0xc6,
    0x19, 0xc6, 0x19, 0xc6, 0x39, 0xc6, 0x18, 0xc6, 0x18, 0xc6, 0x18, 0xc6,
    0xf8, 0xbd, 0xd8, 0xbd, 0xd7, 0xbd, 0xb7, 0xb5, 0x56, 0xad, 0x14, 0x9d,
    0xd4, 0x94, 0x93, 0x8c, 0x51, 0x84, 0xf0, 0x7b, 0x8e, 0x6b, 0xec, 0x5a,
    0x29, 0x4a, 0x25, 0x29, 0xc3, 0x18, 0xe3, 0x18, 0xe3, 0x18, 0xe4, 0x18,
    0xe3, 0x18, 0xc3, 0x18, 0xe4, 0x18, 0xc4, 0x18, 0xc3, 0x20, 0xe3, 0x18,
    0xc4, 0x18, 0xc4, 0x18, 0xe3, 0x18, 0xe3, 0x18, 0xe3, 0x18, 0xc3, 0x18,
    0xe4, 0x18, 0xc3, 0x18, 0xe4, 0x18, 0xc4, 0x18, 0xc3, 0x18, 0xc3, 0x18,
    0xc3, 0x18, 0xe4, 0x18, 0xe4, 0x18, 0xe4, 0x20, 0x04, 0x21, 0x04, 0x21,
    0x04, 0x21, 0x04, 0x21, 0x04, 0x21, 0x04, 0x21, 0x04, 0x21, 0x04, 0x21,
    0x04, 0x21, 0x04, 0x21, 0x04, 0x19, 0x04, 0x21, 0xe4, 0x20, 0xe4, 0x18,
    0xc3, 0x18, 0x25, 0x21, 0x08, 0x42, 0xcb, 0x52, 0x2d, 0x63, 0x8f, 0x73,
    0xd0, 0x7b, 0x11, 0x84, 0x51, 0x8c, 0x72, 0x8c, 0xb3, 0x94, 0xf4, 0x9c,
    0x15, 0xa5, 0x55, 0xad, 0x76, 0xad, 0x97, 0xb5, 0xb7, 0xb5, 0xb7, 0xbd,
    0xb7, 0xbd, 0xd7, 0xbd, 0xd7, 0xb5, 0xd8, 0xbd, 0xd8, 0xbd, 0xf8, 0xbd,
    0xf8, 0xbd, 0xf8, 0xc5, 0xf8, 0xbd, 0x18, 0xc6, 0x18, 0xc6, 0x18, 0xbe,
    0xf8, 0xbd, 0xd7, 0xbd, 0x97, 0xb5, 0x97, 0xb5, 0x96, 0xb5, 0x96, 0xb5,
    0xb7, 0xb5, 0xb7, 0xb5, 0xb7, 0xb5, 0x96, 0xb5, 0x97, 0xb5, 0xd7, 0xbd,
    0x96, 0xb5, 0x35, 0xad, 0xb7, 0xb5, 0xd7, 0xbd, 0x97, 0xb5, 0x76, 0xad,
    0x35, 0xa5, 0xf4, 0x9c, 0xf4, 0xa4, 0x56, 0xad, 0x55, 0xad, 0x35, 0xad,
    0x35, 0xa5, 0x55, 0xad, 0x35, 0xad, 0x35, 0xad, 0x96, 0xb5, 0x96, 0xb5,
    0x15, 0xa5, 0x35, 0xa5, 0x35, 0xa5, 0x35, 0xa5, 0x35, 0xad, 0x76, 0xad,
    0x76, 0xad, 0xb7, 0xb5, 0xd7, 0xbd, 0xd8, 0xbd, 0xd7, 0xbd, 0xd8, 0xbd,
    0xf8, 0xbd, 0xd7, 0xbd, 0xd7, 0xbd, 0xd7, 0xbd, 0xb7, 0xbd, 0xb7, 0xbd,
    0xb7, 0xb5, 0x96, 0xb5, 0x96, 0xb5, 0x76, 0xb5, 0x55, 0xb5, 0x55, 0xad,
    0xcb, 0x5a, 0x6e, 0x6b, 0x8f, 0x73, 0xaf, 0x73, 0x10, 0x84, 0x72, 0x8c,
    0xd4, 0x9c, 0x14, 0xa5, 0x35, 0xad, 0x55, 0xad, 0x76, 0xb5, 0x96, 0xb5,
    0xb7, 0xbd, 0xd8, 0xbd, 0xf7, 0xbd, 0xf7, 0xbd, 0xb7, 0xbd, 0xb6, 0xbd,
    0x96, 0xb5, 0x76, 0xb5, 0xb7, 0xbd, 0xb7, 0xbd, 0xd8, 0xbd, 0xf8, 0xbd,
    0x18, 0xc6, 0xf8, 0xbd, 0xd7, 0xbd, 0xb7, 0xb5, 0xd7, 0xb5, 0xd7, 0xbd,
    0xd7, 0xbd, 0xf8, 0xbd, 0xf8, 0xbd, 0xf8, 0xbd, 0x19, 0xc6, 0x19, 0xc6,
    0x19, 0xc6, 0x19, 0xc6, 0x18, 0xc6, 0x19, 0xc6, 0x18, 0xbe, 0xf8, 0xbd,
    0xd8, 0xbd, 0xd7, 0xbd, 0xb7, 0xb5, 0x97, 0xb5, 0x56, 0xad, 0x14, 0x9d,
    0xb3, 0x94, 0x52, 0x8c, 0xf1, 0x7b, 0xaf, 0x73, 0x2d, 0x63, 0x6a, 0x4a,
    0x86, 0x31, 0xc4, 0x18, 0xe3, 0x18, 0xe3, 0x18, 0xc4, 0x20, 0xc4, 0x18,
    0xc3, 0x18, 0xc3, 0x20, 0xc3, 0x18, 0xc3, 0x18, 0xc4, 0x18, 0xc3, 0x18,
    0xe4, 0x18, 0xe3, 0x18, 0xc4, 0x18, 0xc4, 0x18, 0xc4, 0x18, 0xe3, 0x20,
    0xe3, 0x18, 0xe4, 0x18, 0xc3, 0x18, 0xe3, 0x18, 0xe3, 0x18, 0xe4, 0x18,
    0xe4, 0x18, 0xe4, 0x18, 0x04, 0x21, 0x04, 0x21, 0x04, 0x21, 0x04, 0x21,
    0x04, 0x21, 0x05, 0x21, 0x24, 0x21, 0x04, 0x21, 0x05, 0x21, 0x05, 0x21,
    0x04, 0x21, 0x04, 0x19, 0x04, 0x21, 0x04, 0x21, 0xe4, 0x18, 0xc3, 0x18,
    0x04, 0x21, 0xe8, 0x39, 0xab, 0x52, 0x2d, 0x63, 0x8e, 0x73, 0xd0, 0x7b,
    0x10, 0x84, 0x51, 0x84, 0x72, 0x8c, 0xb3, 0x94, 0xf4, 0x9c, 0x14, 0xa5,
    0x55, 0xad, 0x76, 0xad, 0x96, 0xb5, 0xb7, 0xb5, 0xb7, 0xb5, 0xb7, 0xb5,
    0xd7, 0xbd, 0xd7, 0xb5, 0xd8, 0xbd, 0xd7, 0xbd, 0xf8, 0xbd, 0xf8, 0xbd,
    0xf8, 0xc5, 0x18, 0xc6, 0x18, 0xc6, 0xf8, 0xbd, 0xf8, 0xc5, 0xf8, 0xc5,
    0xf8, 0xbd, 0xd8, 0xbd, 0xb7, 0xb5, 0x96, 0xb5, 0x97, 0xb5, 0xb7, 0xb5,
    0x96, 0xb5, 0x97, 0xb5, 0x96, 0xb5, 0x96, 0xb5, 0x96, 0xb5, 0xd7, 0xbd,
    0xb7, 0xb5, 0x56, 0xad, 0x76, 0xad, 0xb7, 0xbd, 0x96, 0xb5, 0x56, 0xad,
    0x14, 0xa5, 0xd3, 0x9c, 0xd3, 0x9c, 0x35, 0xa5, 0x56, 0xad, 0x35, 0xad,
    0x55, 0xa5, 0x35, 0xad, 0x35, 0xa5, 0x35, 0xa5, 0x56, 0xad, 0xb7, 0xb5,
    0x56, 0xad, 0x35, 0xad, 0x35, 0xa5, 0x35, 0xa5, 0x55, 0xad, 0x56, 0xad,
    0x76, 0xad, 0x96, 0xb5, 0xb7, 0xb5, 0xd8, 0xbd, 0xf8, 0xbd, 0xf8, 0xbd,
    0xd7, 0xbd, 0xd8, 0xbd, 0xd7, 0xbd, 0xb7, 0xbd, 0xb7, 0xbd, 0xb7, 0xb5,
    0x96, 0xb5, 0x96, 0xb5, 0x76, 0xb5, 0x55, 0xb5, 0x55, 0xad, 0x34, 0xad,
    0x2d, 0x63, 0xaf, 0x73, 0x11, 0x84, 0x11, 0x84, 0x31, 0x8c, 0x72, 0x94,
    0xb3, 0x9c, 0x14, 0xa5, 0x35, 0xad, 0x76, 0xb5, 0x76, 0xb5, 0xb7, 0xb5,
    0xd7, 0xbd, 0xd8, 0xbd, 0xd8, 0xbd, 0xf8, 0xbd, 0xd7, 0xbd, 0xb6, 0xbd,
    0xb6, 0xbd, 0x95, 0xbd, 0x96, 0xb5, 0xb7, 0xbd, 0xd7, 0xbd, 0xf8, 0xbd,
    0xf8, 0xc5, 0xf8, 0xc5, 0xf8, 0xbd, 0xf8, 0xbd, 0xd8, 0xbd, 0xd8, 0xbd,
    0xd8, 0xbd, 0xf8, 0xbd, 0x18, 0xbe, 0xf8, 0xc5, 0x18, 0xc6, 0x18, 0xc6,
    0x38, 0xc6, 0x18, 0xc6, 0x18, 0xc6, 0x18, 0xc6, 0xf8, 0xbd, 0xd8, 0xbd,
    0xd7, 0xbd, 0xb7, 0xb5, 0x96, 0xb5, 0x76, 0xb5, 0x55, 0xad, 0xf4, 0x9c,
    0xb3, 0x94, 0x31, 0x84, 0xcf, 0x73, 0x4e, 0x6b, 0xab, 0x52, 0xc7, 0x39,
    0xe4, 0x20, 0xc3, 0x18, 0xe3, 0x18, 0xc4, 0x20, 0xc3, 0x18, 0xe3, 0x18,
    0xc3, 0x18, 0xc4, 0x18, 0xc3, 0x18, 0xe3, 0x18, 0xe3, 0x18, 0xc3, 0x18,
    0xe4, 0x18, 0xc3, 0x18, 0xe3, 0x20, 0xe4, 0x20, 0xe3, 0x18, 0xe3, 0x18,
    0xe4, 0x20, 0xe4, 0x18, 0xc3, 0x18, 0xc3, 0x18, 0xe4, 0x18, 0xe4, 0x20,
    0xe4, 0x20, 0x04, 0x21, 0x04, 0x21, 0x04, 0x21, 0x04, 0x21, 0x25, 0x21,
    0x05, 0x21, 0x05, 0x21, 0x05, 0x21, 0x04, 0x21, 0x04, 0x21, 0x04, 0x21,
    0x04, 0x21, 0x05, 0x21, 0x04, 0x21, 0xe4, 0x18, 0xc3, 0x18, 0xe4, 0x20,
    0xc8, 0x39, 0xab, 0x52, 0x2d, 0x63, 0x6e, 0x73, 0xcf, 0x7b, 0xf0, 0x7b,
    0x31, 0x84, 0x72, 0x8c, 0x93, 0x94, 0xd4, 0x9c, 0x14, 0xa5, 0x55, 0xad,
    0x76, 0xad, 0x96, 0xb5, 0xb7, 0xb5, 0xb7, 0xb5, 0xb7, 0xbd, 0xd7, 0xbd,
    0xd7, 0xb5, 0xd8, 0xbd, 0xd7, 0xbd, 0xf8, 0xbd, 0xf8, 0xbd, 0xf8, 0xbd,
    0xf8, 0xc5, 0x18, 0xc6, 0xf8, 0xc5, 0x18, 0xbe, 0x18, 0xbe, 0xf8, 0xc5,
    0xf8, 0xc5, 0xf8, 0xbd, 0xd7, 0xbd, 0x97, 0xb5, 0x96, 0xb5, 0x97, 0xb5,
    0x97, 0xb5, 0x96, 0xb5, 0x97, 0xb5, 0xb7, 0xb5, 0x97, 0xb5, 0xb7, 0xbd,
    0xd7, 0xbd, 0x76, 0xad, 0x55, 0xad, 0x97, 0xb5, 0x96, 0xb5, 0x56, 0xad,
    0x15, 0xa5, 0xd3, 0x9c, 0x72, 0x94, 0xd4, 0x9c, 0x55, 0xad, 0x35, 0xad,
    0x36, 0xa5, 0x35, 0xa5, 0x35, 0xad, 0x56, 0xa5, 0x76, 0xad, 0x97, 0xb5,
    0x96, 0xb5, 0x55, 0xad, 0x55, 0xad, 0x55, 0xad, 0x55, 0xad, 0x35, 0xad,
    0x76, 0xad, 0x76, 0xad, 0x76, 0xad, 0xd7, 0xbd, 0xf8, 0xbd, 0xd7, 0xbd,
    0xd7, 0xbd, 0xd7, 0xbd, 0xd7, 0xbd, 0xb7, 0xbd, 0xb7, 0xbd, 0x96, 0xb5,
    0x96, 0xb5, 0x76, 0xb5, 0x55, 0xb5, 0x55, 0xad, 0x35, 0xad, 0x14, 0xad,
    0x8e, 0x73, 0xf0, 0x7b, 0x51, 0x8c, 0x92, 0x94, 0x92, 0x94, 0xb3, 0x9c,
    0xd3, 0x9c, 0x14, 0xa5, 0x55, 0xad, 0x76, 0xb5, 0x96, 0xb5, 0xb7, 0xbd,
    0xd7, 0xbd, 0xd7, 0xbd, 0xd8, 0xbd, 0xf8, 0xbd, 0xf8, 0xbd, 0xd7, 0xbd,
    0xb6, 0xbd, 0x96, 0xbd, 0x96, 0xb5, 0xb6, 0xb5, 0xd7, 0xbd, 0xf8, 0xbd,
    0xf8, 0xbd, 0xf8, 0xbd, 0x18, 0xc6, 0xf8, 0xbd, 0xf8, 0xbd, 0xf8, 0xbd,
    0xf8, 0xbd, 0xf8, 0xc5, 0xf8, 0xc5, 0x18, 0xc6, 0x19, 0xc6, 0x19, 0xc6,
    0x39, 0xc6, 0x39, 0xc6, 0x18, 0xc6, 0xf8, 0xbd, 0xf8, 0xbd, 0xd7, 0xbd,
    0xb7, 0xb5, 0x97, 0xb5, 0x76, 0xad, 0x55, 0xad, 0x35, 0xa5, 0xd3, 0x9c,
    0x92, 0x94, 0x11, 0x84, 0x8e, 0x6b, 0xcc, 0x5a, 0x08, 0x42, 0x04, 0x21,
    0xc3, 0x18, 0xe3, 0x18, 0xe4, 0x18, 0xc3, 0x18, 0xe4, 0x18, 0xe3, 0x18,
    0xc3, 0x18, 0xe3, 0x18, 0xe4, 0x18, 0xe3, 0x20, 0xc4, 0x18, 0xc4, 0x20,
    0xe3, 0x18, 0xe3, 0x18, 0xe4, 0x18, 0xe3, 0x18, 0xe3, 0x18, 0xe4, 0x18,
    0xe4, 0x18, 0xe3, 0x18, 0xe3, 0x18, 0xe4, 0x18, 0xe4, 0x18, 0xe4, 0x20,
    0x04, 0x21, 0x04, 0x21, 0x04, 0x21, 0x25, 0x21, 0x04, 0x21, 0x25, 0x21,
    0x04, 0x21, 0x04, 0x21, 0x24, 0x21, 0x04, 0x21, 0x04, 0x21, 0x04, 0x21,
    0x04, 0x21, 0x04, 0x21, 0x04, 0x21, 0xc4, 0x18, 0xe4, 0x18, 0xc7, 0x39,
    0x8b, 0x52, 0x0d, 0x63, 0x6e, 0x6b, 0xcf, 0x7b, 0xf0, 0x7b, 0x31, 0x84,
    0x52, 0x8c, 0x93, 0x94, 0xd3, 0x9c, 0x14, 0xa5, 0x35, 0xa5, 0x56, 0xad,
    0x96, 0xb5, 0x97, 0xb5, 0xb7, 0xb5, 0xb7, 0xb5, 0xd7, 0xbd, 0xd8, 0xbd,
    0xd7, 0xbd, 0xd8, 0xbd, 0xf8, 0xbd, 0xf8, 0xbd, 0xf8, 0xbd, 0xf8, 0xc5,
    0xf8, 0xbd, 0xf8, 0xbd, 0xf8, 0xbd, 0xf8, 0xc5, 0xf8, 0xc5, 0x18, 0xbe,
    0x18, 0xc6, 0xf8, 0xbd, 0xd7, 0xbd, 0x97, 0xb5, 0x96, 0xb5, 0xb7, 0xb5,
    0x96, 0xb5, 0xb7, 0xb5, 0x97, 0xb5, 0x97, 0xb5, 0x96, 0xb5, 0x97, 0xb5,
    0xd7, 0xbd, 0x97, 0xb5, 0x55, 0xad, 0x76, 0xad, 0xb7, 0xb5, 0x76, 0xb5,
    0x35, 0xad, 0xf4, 0x9c, 0x93, 0x94, 0x92, 0x8c, 0x14, 0xa5, 0x56, 0xad,
    0x55, 0xa5, 0x35, 0xad, 0x55, 0xad, 0x76, 0xad, 0x76, 0xb5, 0x97, 0xb5,
    0xb7, 0xb5, 0x76, 0xb5, 0x56, 0xad, 0x55, 0xad, 0x35, 0xa5, 0x56, 0xad,
    0x76, 0xb5, 0x76, 0xad, 0x55, 0xad, 0xb7, 0xb5, 0xd8, 0xbd, 0xd7, 0xbd,
    0xd8, 0xbd, 0xd8, 0xbd, 0xd7, 0xbd, 0xb7, 0xb5, 0x97, 0xb5, 0x96, 0xb5,
    0x76, 0xb5, 0x56, 0xb5, 0x55, 0xad, 0x35, 0xad, 0x14, 0xad, 0xf4, 0xa4,
    0xd0, 0x7b, 0x31, 0x84, 0x72, 0x94, 0xb3, 0x94, 0xd4, 0x9c, 0xd3, 0x9c,
    0xf4, 0xa4, 0x14, 0xa5, 0x35, 0xad, 0x76, 0xb5, 0x96, 0xb5, 0xb7, 0xbd,
    0xd7, 0xbd, 0xd8, 0xbd, 0xd7, 0xbd, 0xd8, 0xbd, 0xd8, 0xbd, 0xd7, 0xbd,
    0xb7, 0xbd, 0x96, 0xbd, 0x95, 0xbd, 0x96, 0xbd, 0xb7, 0xbd, 0xf8, 0xbd,
    0xf8, 0xc5, 0x18, 0xc6, 0x18, 0xc6, 0x19, 0xc6, 0x18, 0xc6, 0x18, 0xbe,
    0xf8, 0xbd, 0xf8, 0xbd, 0x18, 0xc6, 0x18, 0xc6, 0x19, 0xc6, 0x19, 0xc6,
    0x39, 0xc6, 0x18, 0xc6, 0xf8, 0xc5, 0xf8, 0xbd, 0xd7, 0xbd, 0xb7, 0xb5,
    0x97, 0xb5, 0x76, 0xad, 0x55, 0xad, 0x15, 0xa5, 0xf4, 0x9c, 0x93, 0x94,
    0x31, 0x84, 0xcf, 0x73, 0x0d, 0x63, 0x49, 0x4a, 0x45, 0x29, 0xc3, 0x18,
    0xe4, 0x18, 0xc4, 0x18, 0xc3, 0x20, 0xe4, 0x18, 0xc3, 0x18, 0xc3, 0x18,
    0xc4, 0x18, 0xe4, 0x20, 0xc3, 0x18, 0xc4, 0x18, 0xe4, 0x18, 0xe4, 0x18,
    0xe3, 0x20, 0xe4, 0x20, 0xe4, 0x18, 0xe4, 0x18, 0xe4, 0x20, 0xe4, 0x18,
    0xe4, 0x18, 0xe3, 0x20, 0xe4, 0x18, 0xe4, 0x20, 0x04, 0x21, 0x04, 0x21,
    0x04, 0x21, 0x25, 0x21, 0x04, 0x21, 0x25, 0x21, 0x05, 0x21, 0x24, 0x21,
    0x24, 0x21, 0x04, 0x21, 0x04, 0x21, 0x25, 0x21, 0x05, 0x21, 0x04, 0x21,
    0x05, 0x21, 0x04, 0x21, 0xe4, 0x18, 0xc3, 0x18, 0x86, 0x31, 0x6a, 0x4a,
    0x0c, 0x63, 0x6e, 0x6b, 0xaf, 0x73, 0xf0, 0x7b, 0x31, 0x84, 0x52, 0x8c,
    0x93, 0x94, 0xd3, 0x9c, 0x14, 0xa5, 0x35, 0xa5, 0x76, 0xad, 0x96, 0xb5,
    0xb7, 0xb5, 0xb7, 0xb5, 0xb7, 0xb5, 0xd7, 0xbd, 0xb7, 0xb5, 0xd7, 0xb5,
    0xd8, 0xbd, 0xd7, 0xbd, 0xf8, 0xbd, 0xf8, 0xbd, 0xf8, 0xbd, 0xf8, 0xbd,
    0xf8, 0xbd, 0xf7, 0xbd, 0xf8, 0xbd, 0xf8, 0xc5, 0x18, 0xc6, 0x18, 0xbe,
    0xf8, 0xc5, 0xf8, 0xbd, 0xf8, 0xbd, 0xb7, 0xbd, 0x97, 0xb5, 0x96, 0xb5,
    0x96, 0xb5, 0x96, 0xb5, 0xb6, 0xb5, 0x96, 0xb5, 0x96, 0xb5, 0xb7, 0xb5,
    0xb7, 0xbd, 0xb7, 0xbd, 0x76, 0xad, 0x56, 0xad, 0xb7, 0xbd, 0x96, 0xb5,
    0x56, 0xad, 0x15, 0xa5, 0xd3, 0x9c, 0x72, 0x8c, 0xb3, 0x9c, 0x55, 0xad,
    0x35, 0xad, 0x55, 0xad, 0x56, 0xad, 0x76, 0xb5, 0x96, 0xb5, 0xb7, 0xb5,
    0xb7, 0xbd, 0xb7, 0xb5, 0x76, 0xad, 0x35, 0xad, 0x35, 0xa5, 0x76, 0xad,
    0x96, 0xb5, 0x97, 0xb5, 0x76, 0xad, 0x75, 0xad, 0xd7, 0xbd, 0xd8, 0xbd,
    0xd7, 0xbd, 0xd7, 0xbd, 0xb7, 0xb5, 0x97, 0xb5, 0x96, 0xb5, 0x96, 0xb5,
    0x75, 0xb5, 0x55, 0xad, 0x35, 0xad, 0x14, 0xad, 0x14, 0xa5, 0xd3, 0xa4,
    0x11, 0x84, 0x52, 0x8c, 0x92, 0x94, 0xd3, 0x9c, 0xf4, 0xa4, 0x14, 0xa5,
    0x35, 0xad, 0x35, 0xad, 0x55, 0xad, 0x76, 0xb5, 0xb7, 0xb5, 0xd7, 0xbd,
    0xd7, 0xbd, 0xd8, 0xbd, 0xd7, 0xbd, 0xd7, 0xbd, 0xd7, 0xbd, 0xd7, 0xbd,
    0xd7, 0xbd, 0xb6, 0xbd, 0x95, 0xbd, 0x95, 0xbd, 0xb6, 0xbd, 0xd7, 0xbd,
    0xf8, 0xc5, 0x18, 0xc6, 0x18, 0xc6, 0x18, 0xc6, 0x19, 0xc6, 0x18, 0xc6,
    0x18, 0xc6, 0x18, 0xbe, 0x18, 0xbe, 0x18, 0xc6, 0x19, 0xc6, 0x19, 0xc6,
    0x18, 0xc6, 0x18, 0xc6, 0xf8, 0xbd, 0xd8, 0xbd, 0xd7, 0xbd, 0x97, 0xb5,
    0x96, 0xb5, 0x55, 0xad, 0x35, 0xa5, 0xf4, 0xa4, 0x93, 0x94, 0x51, 0x8c,
    0xf0, 0x7b, 0x6e, 0x6b, 0x8a, 0x52, 0xa7, 0x31, 0xe4, 0x20, 0xe3, 0x18,
    0xc4, 0x18, 0xe3, 0x18, 0xe3, 0x18, 0xc3, 0x18, 0xe3, 0x18, 0xe4, 0x20,
    0xc3, 0x18, 0xc3, 0x18, 0xe3, 0x18, 0xe3, 0x18, 0xe3, 0x20, 0xe3, 0x18,
    0xe4, 0x18, 0xe4, 0x18, 0xe4, 0x20, 0xe4, 0x18, 0xe4, 0x20, 0xe4, 0x20,
    0xe4, 0x18, 0xe4, 0x18, 0xe4, 0x20, 0x04, 0x21, 0x04, 0x21, 0x04, 0x21,
    0x25, 0x21, 0x24, 0x21, 0x25, 0x21, 0x05, 0x21, 0x24, 0x29, 0x05, 0x21,
    0x05, 0x21, 0x24, 0x21, 0x05, 0x21, 0x04, 0x21, 0x04, 0x21, 0x04, 0x21,
    0x04, 0x21, 0xe4, 0x18, 0xc3, 0x18, 0x66, 0x31, 0x6a, 0x4a, 0x0c, 0x63,
    0x6e, 0x6b, 0xaf, 0x73, 0xf0, 0x7b, 0x31, 0x84, 0x51, 0x8c, 0x92, 0x94,
    0xb3, 0x9c, 0x14, 0x9d, 0x35, 0xa5, 0x56, 0xad, 0x96, 0xb5, 0x97, 0xb5,
    0xb7, 0xb5, 0xb7, 0xb5, 0xd7, 0xbd, 0xb7, 0xbd, 0xd7, 0xbd, 0xd7, 0xbd,
    0xf8, 0xbd, 0xf8, 0xbd, 0xf8, 0xbd, 0xf8, 0xbd, 0xf8, 0xbd, 0xf8, 0xbd,
    0xf8, 0xbd, 0xd8, 0xbd, 0xd8, 0xbd, 0xf8, 0xbd, 0x18, 0xc6, 0xf8, 0xc5,
    0xf8, 0xbd, 0xf8, 0xc5, 0xf8, 0xbd, 0xd7, 0xbd, 0x96, 0xb5, 0x97, 0xb5,
    0x97, 0xb5, 0x97, 0xb5, 0x97, 0xb5, 0x96, 0xb5, 0x97, 0xb5, 0x97, 0xb5,
    0xb7, 0xb5, 0xd7, 0xbd, 0x96, 0xb5, 0x35, 0xad, 0xb7, 0xb5, 0xb7, 0xb5,
    0x76, 0xad, 0x35, 0xad, 0xf4, 0x9c, 0x93, 0x94, 0x93, 0x94, 0x35, 0xa5,
    0x55, 0xad, 0x56, 0xad, 0x76, 0xad, 0x96, 0xb5, 0xb7, 0xb5, 0xb7, 0xb5,
    0xb7, 0xb5, 0xb7, 0xb5, 0x76, 0xad, 0x35, 0xad, 0x56, 0xad, 0x76, 0xad,
    0x96, 0xb5, 0xb7, 0xb5, 0x76, 0xb5, 0x15, 0xa5, 0x96, 0xb5, 0xd7, 0xbd,
    0xd7, 0xbd, 0xb7, 0xb5, 0xb7, 0xb5, 0x96, 0xb5, 0x96, 0xb5, 0x76, 0xb5,
    0x55, 0xad, 0x34, 0xad, 0x14, 0xad, 0xf4, 0xa4, 0xd3, 0xa4, 0xd3, 0x9c,
    0x31, 0x84, 0x72, 0x94, 0xb3, 0x9c, 0xf4, 0x9c, 0x14, 0xa5, 0x35, 0xad,
    0x55, 0xad, 0x55, 0xad, 0x56, 0xb5, 0x76, 0xb5, 0xb6, 0xbd, 0xd7, 0xbd,
    0xd7, 0xbd, 0xd7, 0xbd, 0xd7, 0xbd, 0xb7, 0xbd, 0xd7, 0xbd, 0xd7, 0xbd,
    0xd7, 0xbd, 0xb7, 0xbd, 0xb6, 0xbd, 0x95, 0xb5, 0xb6, 0xbd, 0xd7, 0xc5,
    0xf8, 0xc5, 0x18, 0xc6, 0x18, 0xc6, 0x19, 0xc6, 0x39, 0xc6, 0x19, 0xc6,
    0x19, 0xc6, 0x19, 0xc6, 0x18, 0xc6, 0x18, 0xbe, 0xf9, 0xbd, 0x18, 0xc6,
    0xf8, 0xc5, 0xf8, 0xbd, 0xf8, 0xbd, 0xd7, 0xbd, 0xb7, 0xb5, 0x96, 0xb5,
    0x56, 0xad, 0x35, 0xa5, 0xf4, 0x9c, 0xb3, 0x94, 0x52, 0x8c, 0xf0, 0x83,
    0x8e, 0x73, 0xec, 0x5a, 0xe8, 0x39, 0x04, 0x21, 0xc3, 0x18, 0xc3, 0x18,
    0xe3, 0x18, 0xc3, 0x18, 0xc3, 0x18, 0xc4, 0x18, 0xe4, 0x18, 0xc3, 0x18,
    0xe4, 0x18, 0xe3, 0x18, 0xe4, 0x20, 0xe4, 0x20, 0xe4, 0x18, 0xe4, 0x20,
    0xe4, 0x20, 0x04, 0x19, 0xe4, 0x18, 0x04, 0x21, 0x04, 0x19, 0x04, 0x19,
    0x04, 0x21, 0x04, 0x21, 0x04, 0x21, 0x04, 0x21, 0x04, 0x21, 0x24, 0x21,
    0x25, 0x21, 0x25, 0x21, 0x24, 0x21, 0x25, 0x29, 0x24, 0x21, 0x24, 0x21,
    0x05, 0x21, 0x05, 0x21, 0x04, 0x21, 0x04, 0x21, 0x04, 0x21, 0x04, 0x21,
    0xe4, 0x18, 0xe4, 0x18, 0x66, 0x29, 0x49, 0x4a, 0xec, 0x5a, 0x6e, 0x6b,
    0xcf, 0x7b, 0xf0, 0x7b, 0x31, 0x84, 0x51, 0x8c, 0x72, 0x8c, 0xb3, 0x9c,
    0xf4, 0x9c, 0x35, 0xa5, 0x56, 0xad, 0x76, 0xb5, 0x96, 0xb5, 0xb7, 0xb5,
    0xb7, 0xb5, 0xb7, 0xb5, 0xd7, 0xbd, 0xd8, 0xbd, 0xd8, 0xb5, 0xd8, 0xbd,
    0xd8, 0xbd, 0xf8, 0xbd, 0xf8, 0xbd, 0xf8, 0xbd, 0xf8, 0xbd, 0xd8, 0xbd,
    0xd7, 0xbd, 0xd8, 0xbd, 0xd7, 0xbd, 0xd7, 0xb5, 0xf8, 0xbd, 0x18, 0xc6,
    0x18, 0xc6, 0x18, 0xbe, 0xf8, 0xbd, 0xd8, 0xbd, 0xb7, 0xb5, 0x96, 0xb5,
    0x96, 0xb5, 0x97, 0xb5, 0x96, 0xb5, 0x97, 0xb5, 0xb6, 0xb5, 0x96, 0xb5,
    0x97, 0xb5, 0xb7, 0xbd, 0xb7, 0xb5, 0x55, 0xad, 0x76, 0xad, 0xd7, 0xbd,
    0x97, 0xb5, 0x56, 0xad, 0x14, 0xa5, 0xd3, 0x9c, 0xb3, 0x94, 0x15, 0xa5,
    0x76, 0xad, 0x76, 0xb5, 0x96, 0xb5, 0xb7, 0xb5, 0x97, 0xb5, 0xb7, 0xb5,
    0xb7, 0xbd, 0xb7, 0xbd, 0x96, 0xb5, 0x55, 0xad, 0x76, 0xad, 0x76, 0xad,
    0x76, 0xad, 0xb7, 0xb5, 0x97, 0xb5, 0x35, 0xa5, 0x35, 0xa5, 0xd7, 0xbd,
    0xd7, 0xbd, 0xb7, 0xb5, 0xb7, 0xb5, 0x76, 0xb5, 0x76, 0xb5, 0x55, 0xad,
    0x35, 0xad, 0x14, 0xad, 0xf4, 0xa4, 0xd3, 0xa4, 0xd3, 0x9c, 0xb2, 0x9c,
    0x51, 0x8c, 0x93, 0x94, 0xd3, 0x9c, 0xf4, 0xa4, 0x35, 0xa5, 0x35, 0xad,
    0x55, 0xad, 0x96, 0xb5, 0x96, 0xb5, 0x96, 0xb5, 0x96, 0xb5, 0xb7, 0xbd,
    0xd7, 0xbd, 0xb7, 0xbd, 0xd7, 0xbd, 0xb7, 0xbd, 0xb7, 0xbd, 0xb7, 0xbd,
    0xd7, 0xbd, 0xb7, 0xbd, 0xb7, 0xbd, 0xb6, 0xbd, 0xb6, 0xbd, 0xd7, 0xbd,
    0xf7, 0xc5, 0x18, 0xc6, 0x19, 0xc6, 0x39, 0xc6, 0x19, 0xc6, 0x18, 0xc6,
    0x18, 0xc6, 0x19, 0xc6, 0x19, 0xc6, 0x18, 0xc6, 0x18, 0xc6, 0xf8, 0xbd,
    0xf8, 0xbd, 0xd8, 0xbd, 0xd7, 0xbd, 0xb7, 0xb5, 0x97, 0xb5, 0x76, 0xad,
    0x35, 0xa5, 0xf4, 0x9c, 0xb3, 0x94, 0x72, 0x8c, 0x11, 0x84, 0xaf, 0x73,
    0x0d, 0x63, 0x29, 0x4a, 0x25, 0x21, 0xc3, 0x18, 0xc3, 0x20, 0xe4, 0x18,
    0xe4, 0x18, 0xc3, 0x18, 0xc3, 0x20, 0xe4, 0x18, 0xc3, 0x18, 0xe3, 0x18,
    0xe3, 0x20, 0xe4, 0x20, 0xe4, 0x18, 0xe4, 0x18, 0xe4, 0x18, 0xe4, 0x18,
    0x04, 0x21, 0x04, 0x21, 0x04, 0x21, 0x04, 0x21, 0x04, 0x21, 0x04, 0x21,
    0x04, 0x21, 0x04, 0x21, 0x24, 0x21, 0x25, 0x21, 0x25, 0x21, 0x25, 0x29,
    0x25, 0x21, 0x25, 0x21, 0x25, 0x21, 0x24, 0x21, 0x04, 0x21, 0x05, 0x21,
    0x24, 0x21, 0x24, 0x21, 0x04, 0x21, 0x05, 0x21, 0x04, 0x21, 0xe4, 0x20,
    0xc3, 0x18, 0x45, 0x29, 0x29, 0x4a, 0xec, 0x5a, 0x6e, 0x6b, 0xcf, 0x7b,
    0x10, 0x84, 0x51, 0x8c, 0x52, 0x8c, 0x72, 0x8c, 0xb3, 0x94, 0xf4, 0x9c,
    0x35, 0xa5, 0x55, 0xad, 0x76, 0xad, 0x97, 0xb5, 0xb7, 0xb5, 0xb7, 0xb5,
    0xb7, 0xbd, 0xd7, 0xbd, 0xd7, 0xb5, 0xd8, 0xb5, 0xd7, 0xbd, 0xf8, 0xbd,
    0xf8, 0xbd, 0xf8, 0xbd, 0xf8, 0xbd, 0xf7, 0xbd, 0xd7, 0xbd, 0xd8, 0xbd,
    0xd7, 0xbd, 0xd7, 0xb5, 0xd8, 0xb5, 0xb7, 0xb5, 0xd7, 0xb5, 0xf8, 0xbd,
    0xf8, 0xc5, 0x18, 0xc6, 0xf8, 0xbd, 0xd8, 0xbd, 0xb7, 0xbd, 0x96, 0xb5,
    0x97, 0xb5, 0x96, 0xb5, 0x96, 0xb5, 0x97, 0xb5, 0x97, 0xb5, 0xb6, 0xb5,
    0x96, 0xb5, 0xb7, 0xb5, 0xd7, 0xbd, 0x76, 0xad, 0x55, 0xad, 0xb7, 0xbd,
    0xb7, 0xb5, 0x76, 0xad, 0x35, 0xad, 0xf4, 0xa4, 0xf4, 0x9c, 0x14, 0xa5,
    0x76, 0xb5, 0x97, 0xb5, 0x97, 0xb5, 0x97, 0xb5, 0xb6, 0xbd, 0xb7, 0xb5,
    0xb7, 0xbd, 0xb7, 0xbd, 0xb7, 0xb5, 0x56, 0xad, 0x96, 0xb5, 0x96, 0xb5,
    0x55, 0xad, 0x96, 0xb5, 0xb7, 0xb5, 0x55, 0xad, 0xd3, 0x9c, 0x76, 0xad,
    0xb7, 0xbd, 0xb7, 0xb5, 0x97, 0xb5, 0x76, 0xb5, 0x55, 0xad, 0x35, 0xad,
    0x14, 0xad, 0x14, 0xa5, 0xf3, 0xa4, 0xd3, 0x9c, 0xb2, 0x9c, 0x92, 0x94,
    0x72, 0x94, 0xb3, 0x9c, 0xf4, 0x9c, 0x14, 0xa5, 0x35, 0xad, 0x55, 0xad,
    0x76, 0xb5, 0x96, 0xb5, 0xb7, 0xbd, 0xb7, 0xbd, 0xb6, 0xb5, 0xb7, 0xbd,
    0xd7, 0xbd, 0xd7, 0xbd, 0xd8, 0xbd, 0xd7, 0xbd, 0xb7, 0xbd, 0xb7, 0xb5,
    0xb7, 0xbd, 0xb7, 0xb5, 0xb7, 0xbd, 0xb6, 0xbd, 0xb7, 0xbd, 0xb6, 0xbd,
    0xd7, 0xc5, 0xf7, 0xc5, 0x38, 0xc6, 0x19, 0xc6, 0x18, 0xc6, 0x18, 0xc6,
    0x19, 0xc6, 0x18, 0xc6, 0x18, 0xbe, 0x19, 0xc6, 0x18, 0xbe, 0xf8, 0xbd,
    0xd8, 0xbd, 0xb7, 0xbd, 0xb7, 0xb5, 0x97, 0xb5, 0x76, 0xad, 0x55, 0xad,
    0x14, 0xa5, 0xd3, 0x9c, 0x72, 0x8c, 0x31, 0x84, 0xcf, 0x7b, 0x2d, 0x63,
    0x8a, 0x52, 0x66, 0x29, 0xc3, 0x18, 0xe3, 0x18, 0xc3, 0x18, 0xe4, 0x18,
    0xc3, 0x18, 0xc3, 0x18, 0xe4, 0x18, 0xc3, 0x18, 0xe3, 0x18, 0xe4, 0x20,
    0xe4, 0x18, 0xe4, 0x18, 0xe4, 0x18, 0xe4, 0x20, 0x04, 0x21, 0x04, 0x21,
    0x04, 0x21, 0x04, 0x21, 0x04, 0x21, 0x04, 0x21, 0x04, 0x21, 0x04, 0x21,
    0x05, 0x21, 0x25, 0x21, 0x24, 0x21, 0x25, 0x21, 0x25, 0x21, 0x25, 0x21,
    0x25, 0x29, 0x24, 0x21, 0x24, 0x29, 0x05, 0x21, 0x05, 0x21, 0x25, 0x21,
    0x25, 0x21, 0x04, 0x21, 0x05, 0x21, 0x04, 0x21, 0x04, 0x21, 0xc4, 0x18,
    0x25, 0x21, 0x29, 0x42, 0xcc, 0x5a, 0x6e, 0x6b, 0xd0, 0x7b, 0x11, 0x84,
    0x51, 0x8c, 0x72, 0x8c, 0x93, 0x94, 0xd3, 0x9c, 0xf4, 0x9c, 0x15, 0xa5,
    0x55, 0xad, 0x76, 0xad, 0x96, 0xb5, 0xb7, 0xb5, 0xb7, 0xb5, 0xb7, 0xbd,
    0xb7, 0xb5, 0xd7, 0xb5, 0xd7, 0xbd, 0xd8, 0xbd, 0xd8, 0xbd, 0xf7, 0xbd,
    0xf8, 0xbd, 0xf8, 0xbd, 0xf8, 0xbd, 0xd8, 0xbd, 0xd8, 0xbd, 0xd8, 0xb5,
    0xd7, 0xb5, 0xb7, 0xb5, 0xb7, 0xb5, 0xb7, 0xb5, 0xb7, 0xb5, 0xd8, 0xbd,
    0x18, 0xc6, 0xf8, 0xbd, 0x18, 0xbe, 0xf8, 0xbd, 0xd7, 0xbd, 0x97, 0xb5,
    0x96, 0xb5, 0x97, 0xb5, 0x97, 0xb5, 0x96, 0xb5, 0x97, 0xb5, 0x97, 0xb5,
    0x97, 0xb5, 0x97, 0xb5, 0xd7, 0xbd, 0x97, 0xb5, 0x55, 0xad, 0x97, 0xb5,
    0xd7, 0xbd, 0x97, 0xb5, 0x56, 0xad, 0x35, 0xa5, 0x35, 0xa5, 0x15, 0xa5,
    0x76, 0xad, 0xb7, 0xb5, 0xb7, 0xb5, 0xb7, 0xbd, 0xb7, 0xb5, 0xb7, 0xb5,
    0xb7, 0xbd, 0xd7, 0xbd, 0xb7, 0xb5, 0x76, 0xad, 0x76, 0xad, 0x76, 0xb5,
    0x55, 0xad, 0x35, 0xa5, 0x97, 0xb5, 0x76, 0xad, 0x93, 0x94, 0xd4, 0x9c,
    0xb7, 0xb5, 0xb7, 0xb5, 0x96, 0xb5, 0x76, 0xad, 0x35, 0xad, 0x14, 0xa5,
    0xf4, 0xa4, 0xd3, 0xa4, 0xb3, 0x9c, 0x92, 0x9c, 0x72, 0x94, 0x51, 0x94,
    0xb3, 0x94, 0xd3, 0x9c, 0x14, 0xa5, 0x15, 0xa5, 0x55, 0xad, 0x56, 0xb5,
    0x96, 0xb5, 0xb7, 0xb5, 0xb7, 0xbd, 0xb7, 0xbd, 0xb7, 0xbd, 0xb7, 0xbd,
    0xd7, 0xbd, 0xd7, 0xbd, 0xd7, 0xbd, 0xd8, 0xbd, 0xd7, 0xbd, 0xb7, 0xb5,
    0x97, 0xb5, 0xb7, 0xb5, 0xb7, 0xbd, 0xd7, 0xbd, 0xd7, 0xbd, 0xd7, 0xbd,
    0xd6, 0xc5, 0xd7, 0xc5, 0x18, 0xc6, 0x39, 0xc6, 0x39, 0xc6, 0x19, 0xc6,
    0x18, 0xc6, 0x18, 0xc6, 0x19, 0xbe, 0xf8, 0xbd, 0xf8, 0xbd, 0xd8, 0xbd,
    0xb7, 0xb5, 0xb7, 0xb5, 0x96, 0xb5, 0x76, 0xad, 0x55, 0xad, 0x35, 0xa5,
    0xd4, 0x9c, 0x92, 0x94, 0x31, 0x8c, 0xf0, 0x7b, 0x4e, 0x6b, 0xab, 0x52,
    0xc7, 0x39, 0xe4, 0x18, 0xc3, 0x18, 0xe3, 0x18, 0xe4, 0x18, 0xc3, 0x18,
    0xc3, 0x18, 0xe3, 0x18, 0xe4, 0x18, 0xe3, 0x18, 0xe4, 0x20, 0xe4, 0x20,
    0xe4, 0x18, 0x04, 0x21, 0x04, 0x21, 0x04, 0x21, 0x04, 0x21, 0x04, 0x21,
    0x04, 0x21, 0x04, 0x21, 0x04, 0x21, 0x25, 0x21, 0x04, 0x21, 0x04, 0x21,
    0x25, 0x21, 0x25, 0x21, 0x25, 0x21, 0x25, 0x29, 0x25, 0x21, 0x25, 0x29,
    0x25, 0x21, 0x24, 0x21, 0x25, 0x21, 0x05, 0x21, 0x24, 0x21, 0x04, 0x21,
    0x04, 0x29, 0x05, 0x21, 0x04, 0x21, 0x04, 0x21, 0xe3, 0x18, 0x04, 0x21,
    0xe8, 0x39, 0xcc, 0x5a, 0x6e, 0x6b, 0xcf, 0x7b, 0x31, 0x84, 0x72, 0x8c,
    0x93, 0x94, 0xb3, 0x94, 0xd4, 0x9c, 0xf4, 0x9c, 0x34, 0xa5, 0x55, 0xad,
    0x76, 0xad, 0x96, 0xb5, 0xb7, 0xb5, 0xb7, 0xb5, 0xb7, 0xb5, 0xb7, 0xb5,
    0xd7, 0xbd, 0xd8, 0xbd, 0xd8, 0xbd, 0xd7, 0xbd, 0xf8, 0xbd, 0xf8, 0xbd,
    0xf8, 0xbd, 0xf7, 0xbd, 0xd7, 0xbd, 0xd8, 0xbd, 0xd7, 0xb5, 0xb7, 0xb5,
    0xd7, 0xb5, 0xb7, 0xb5, 0xb7, 0xb5, 0xb7, 0xb5, 0x97, 0xb5, 0xb7, 0xb5,
    0xf8, 0xbd, 0x18, 0xc6, 0xf8, 0xc5, 0xf8, 0xbd, 0xd8, 0xbd, 0xb7, 0xb5,
    0x96, 0xb5, 0x97, 0xb5, 0x96, 0xb5, 0x96, 0xb5, 0x96, 0xb5, 0x96, 0xb5,
    0x96, 0xb5, 0x97, 0xb5, 0xb7, 0xbd, 0xd7, 0xbd, 0x56, 0xad, 0x56, 0xad,
    0xd7, 0xbd, 0xb7, 0xb5, 0x76, 0xb5, 0x76, 0xad, 0x76, 0xad, 0x56, 0xad,
    0x76, 0xad, 0xb7, 0xb5, 0xb7, 0xbd, 0xb7, 0xb5, 0xb7, 0xb5, 0xb7, 0xbd,
    0xb7, 0xbd, 0xd7, 0xb5, 0xb7, 0xb5, 0x76, 0xad, 0x55, 0xad, 0x76, 0xad,
    0x76, 0xad, 0x14, 0xa5, 0x35, 0xa5, 0x55, 0xad, 0xd3, 0x9c, 0x31, 0x84,
    0x55, 0xad, 0x96, 0xb5, 0x76, 0xad, 0x76, 0xad, 0x35, 0xad, 0xf4, 0xa4,
    0xd3, 0xa4, 0xb2, 0x9c, 0xb2, 0x9c, 0x72, 0x94, 0x51, 0x94, 0x30, 0x8c,
    0xd3, 0x9c, 0xf4, 0xa4, 0x14, 0xa5, 0x35, 0xad, 0x55, 0xad, 0x76, 0xb5,
    0x96, 0xb5, 0xb7, 0xbd, 0xb7, 0xbd, 0xb7, 0xbd, 0xd7, 0xbd, 0xb7, 0xbd,
    0xb7, 0xbd, 0xd7, 0xbd, 0xd7, 0xbd, 0xd8, 0xbd, 0xd8, 0xbd, 0xb7, 0xbd,
    0xb7, 0xb5, 0x96, 0xb5, 0xb7, 0xb5, 0xb7, 0xb5, 0xd7, 0xbd, 0xd7, 0xbd,
    0xd7, 0xc5, 0xd7, 0xc5, 0xd7, 0xbd, 0x18, 0xc6, 0x39, 0xc6, 0x39, 0xc6,
    0x19, 0xc6, 0x18, 0xc6, 0x18, 0xc6, 0xf8, 0xbd, 0xd8, 0xbd, 0xd7, 0xbd,
    0xb7, 0xb5, 0x76, 0xad, 0x56, 0xad, 0x55, 0xa5, 0x35, 0xa5, 0xf4, 0x9c,
    0xb3, 0x94, 0x52, 0x8c, 0xf0, 0x7b, 0x8e, 0x73, 0xec, 0x5a, 0x08, 0x42,
    0x04, 0x21, 0xc4, 0x18, 0xc3, 0x18, 0xc4, 0x18, 0xc3, 0x20, 0xe4, 0x18,
    0xe4, 0x18, 0xc3, 0x20, 0xe3, 0x18, 0xe4, 0x20, 0xe4, 0x18, 0xe4, 0x18,
    0x04, 0x21, 0x04, 0x21, 0x04, 0x21, 0x04, 0x21, 0x04, 0x21, 0x24, 0x21,
    0x05, 0x21, 0x04, 0x21, 0x24, 0x21, 0x25, 0x21, 0x25, 0x21, 0x25, 0x21,
    0x25, 0x29, 0x25, 0x21, 0x25, 0x29, 0x45, 0x29, 0x45, 0x29, 0x25, 0x29,
    0x25, 0x21, 0x25, 0x21, 0x24, 0x21, 0x04, 0x21, 0x24, 0x21, 0x04, 0x21,
    0x04, 0x21, 0x24, 0x21, 0x04, 0x21, 0xe4, 0x18, 0x04, 0x21, 0xc7, 0x39,
    0xab, 0x5a, 0x4e, 0x6b, 0xcf, 0x7b, 0x31, 0x84, 0x72, 0x8c, 0xb3, 0x9c,
    0xd3, 0x9c, 0xf4, 0x9c, 0x15, 0xa5, 0x35, 0xa5, 0x55, 0xad, 0x76, 0xad,
    0x96, 0xb5, 0xb7, 0xb5, 0xb7, 0xb5, 0xb7, 0xbd, 0xb7, 0xbd, 0xd7, 0xbd,
    0xd7, 0xb5, 0xd8, 0xbd, 0xd7, 0xbd, 0xf8, 0xb5, 0xf8, 0xbd, 0xd8, 0xbd,
    0xd8, 0xbd, 0xd8, 0xbd, 0xd8, 0xb5, 0xd7, 0xb5, 0xd7, 0xb5, 0xb7, 0xb5,
    0xb7, 0xb5, 0xb7, 0xb5, 0xb7, 0xb5, 0xb7, 0xb5, 0x96, 0xad, 0x97, 0xb5,
    0xd7, 0xb5, 0xf8, 0xbd, 0xf8, 0xc5, 0x18, 0xc6, 0xf8, 0xbd, 0xb7, 0xbd,
    0x96, 0xb5, 0x96, 0xb5, 0x97, 0xb5, 0x97, 0xb5, 0x97, 0xb5, 0x96, 0xb5,
    0x97, 0xb5, 0x96, 0xb5, 0xb7, 0xb5, 0xd7, 0xbd, 0x96, 0xb5, 0x35, 0xad,
    0xb7, 0xb5, 0xd7, 0xbd, 0x97, 0xb5, 0x97, 0xb5, 0x96, 0xb5, 0x96, 0xb5,
    0x76, 0xb5, 0x97, 0xb5, 0xb7, 0xb5, 0xb7, 0xb5, 0xb7, 0xb5, 0xb7, 0xbd,
    0xd7, 0xb5, 0xd7, 0xbd, 0xd8, 0xbd, 0x97, 0xb5, 0x35, 0xa5, 0x35, 0xad,
    0x55, 0xad, 0x14, 0x9d, 0xd4, 0x9c, 0x35, 0xa5, 0x15, 0xa5, 0x51, 0x8c,
    0xb3, 0x94, 0x76, 0xb5, 0x76, 0xad, 0x55, 0xad, 0x35, 0xa5, 0xf4, 0xa4,
    0xb3, 0x9c, 0x92, 0x9c, 0x72, 0x94, 0x51, 0x94, 0x30, 0x8c, 0xf0, 0x83,
    0xd4, 0x9c, 0x14, 0xa5, 0x35, 0xad, 0x55, 0xad, 0x76, 0xb5, 0x96, 0xb5,
    0x96, 0xb5, 0xb7, 0xbd, 0xd7, 0xbd, 0xd7, 0xbd, 0xd7, 0xbd, 0xd7, 0xbd,
    0xd7, 0xbd, 0xd7, 0xbd, 0xd7, 0xbd, 0xd7, 0xbd, 0xd7, 0xbd, 0xd7, 0xbd,
    0xd7, 0xbd, 0x97, 0xb5, 0x96, 0xb5, 0x96, 0xb5, 0xb7, 0xb5, 0xd7, 0xbd,
    0xd7, 0xbd, 0xd7, 0xbd, 0xd7, 0xc5, 0xf8, 0xc5, 0x18, 0xc6, 0x39, 0xc6,
    0x39, 0xc6, 0x18, 0xc6, 0x18, 0xc6, 0xf8, 0xbd, 0xd7, 0xb5, 0xb7, 0xb5,
    0x97, 0xb5, 0x76, 0xad, 0x35, 0xa5, 0xf4, 0x9c, 0xd4, 0x9c, 0x93, 0x94,
    0x52, 0x8c, 0x11, 0x84, 0x8f, 0x73, 0x0c, 0x63, 0x49, 0x42, 0x25, 0x29,
    0xc3, 0x18, 0xc3, 0x18, 0xe3, 0x18, 0xe3, 0x18, 0xe4, 0x18, 0xc3, 0x18,
    0xc3, 0x20, 0xe4, 0x18, 0xe4, 0x18, 0xe4, 0x20, 0x04, 0x21, 0x04, 0x21,
    0x04, 0x21, 0x04, 0x21, 0x04, 0x21, 0x05, 0x21, 0x04, 0x21, 0x24, 0x21,
    0x25, 0x21, 0x25, 0x21, 0x25, 0x21, 0x25, 0x29, 0x25, 0x21, 0x45, 0x21,
    0x45, 0x29, 0x45, 0x29, 0x45, 0x29, 0x25, 0x21, 0x45, 0x21, 0x25, 0x21,
    0x25, 0x21, 0x24, 0x29, 0x24, 0x29, 0x05, 0x21, 0x25, 0x21, 0x05, 0x21,
    0x05, 0x21, 0x04, 0x21, 0xe4, 0x20, 0xe4, 0x18, 0xa7, 0x31, 0x8b, 0x52,
    0x4d, 0x6b, 0xcf, 0x73, 0x31, 0x84, 0x72, 0x8c, 0xb3, 0x94, 0xf4, 0x9c,
    0x14, 0xa5, 0x35, 0xa5, 0x55, 0xad, 0x76, 0xad, 0x76, 0xad, 0x96, 0xb5,
    0xb7, 0xb5, 0xb7, 0xbd, 0xb7, 0xb5, 0xb7, 0xb5, 0xd7, 0xbd, 0xb8, 0xb5,
    0xd7, 0xbd, 0xd8, 0xbd, 0xf8, 0xbd, 0xd8, 0xbd, 0xf8, 0xbd, 0xd7, 0xb5,
    0xd8, 0xbd, 0xd7, 0xb5, 0xb7, 0xb5, 0xb7, 0xb5, 0xb7, 0xb5, 0xb7, 0xb5,
    0xb7, 0xb5, 0x97, 0xb5, 0x97, 0xb5, 0x97, 0xad, 0x97, 0xad, 0xb7, 0xb5,
    0xb7, 0xb5, 0xd7, 0xbd, 0x18, 0xc6, 0xf8, 0xbd, 0xf8, 0xbd, 0xd7, 0xbd,
    0xb7, 0xb5, 0x97, 0xb5, 0x96, 0xb5, 0x96, 0xb5, 0x97, 0xb5, 0x97, 0xb5,
    0xb7, 0xb5, 0x96, 0xb5, 0x96, 0xb5, 0xb7, 0xbd, 0xb7, 0xb5, 0x55, 0xad,
    0x76, 0xad, 0xd8, 0xbd, 0xb7, 0xbd, 0xb7, 0xb5, 0xb7, 0xb5, 0xb7, 0xb5,
    0xb7, 0xb5, 0xb7, 0xb5, 0xb7, 0xbd, 0xb7, 0xbd, 0xb7, 0xbd, 0xd7, 0xbd,
    0xb7, 0xbd, 0xd7, 0xbd, 0xd8, 0xbd, 0xd8, 0xb5, 0x56, 0xad, 0xf4, 0xa4,
    0x14, 0xa5, 0x15, 0xa5, 0xb3, 0x94, 0xf4, 0x9c, 0x55, 0xad, 0xd4, 0x9c,
    0x72, 0x8c, 0x55, 0xad, 0x56, 0xad, 0x35, 0xa5, 0x35, 0xa5, 0xd3, 0x9c,
    0x92, 0x9c, 0x92, 0x94, 0x71, 0x94, 0x31, 0x8c, 0xf0, 0x83, 0xcf, 0x7b,
    0xf4, 0xa4, 0x14, 0xa5, 0x35, 0xad, 0x56, 0xad, 0x76, 0xb5, 0x96, 0xb5,
    0xb7, 0xbd, 0xb7, 0xbd, 0xd7, 0xbd, 0xd7, 0xbd, 0xb7, 0xbd, 0xb7, 0xbd,
    0xd7, 0xbd, 0xd7, 0xbd, 0xd7, 0xbd, 0xd8, 0xbd, 0xd7, 0xbd, 0xd7, 0xbd,
    0xd8, 0xbd, 0xd7, 0xbd, 0x97, 0xb5, 0x76, 0xad, 0x96, 0xb5, 0xb7, 0xb5,
    0xb7, 0xbd, 0xd7, 0xbd, 0xd7, 0xbd, 0xf7, 0xc5, 0xf8, 0xbd, 0x18, 0xc6,
    0x39, 0xc6, 0x39, 0xc6, 0x18, 0xc6, 0xd8, 0xbd, 0xb7, 0xb5, 0x97, 0xb5,
    0x76, 0xad, 0x55, 0xa5, 0x15, 0x9d, 0xd3, 0x94, 0x73, 0x8c, 0x51, 0x84,
    0x10, 0x84, 0xaf, 0x73, 0x2d, 0x63, 0x6a, 0x4a, 0x66, 0x31, 0xe3, 0x18,
    0xc3, 0x18, 0xc3, 0x18, 0xe3, 0x18, 0xe4, 0x18, 0xc3, 0x18, 0xe3, 0x18,
    0xe3, 0x18, 0xe4, 0x18, 0xe4, 0x18, 0xe4, 0x20, 0x04, 0x21, 0x04, 0x21,
    0x04, 0x21, 0x04, 0x21, 0x25, 0x21, 0x25, 0x21, 0x24, 0x21, 0x25, 0x21,
    0x25, 0x21, 0x25, 0x29, 0x25, 0x21, 0x25, 0x21, 0x45, 0x29, 0x45, 0x29,
    0x45, 0x29, 0x45, 0x21, 0x45, 0x29, 0x45, 0x29, 0x25, 0x21, 0x25, 0x29,
    0x25, 0x21, 0x24, 0x21, 0x05, 0x21, 0x05, 0x21, 0x04, 0x21, 0x04, 0x21,
    0x04, 0x21, 0xe4, 0x20, 0xe4, 0x18, 0x86, 0x31, 0x6a, 0x52, 0x2d, 0x63,
    0xaf, 0x73, 0x11, 0x84, 0x72, 0x8c, 0xb3, 0x94, 0xf4, 0x9c, 0x14, 0xa5,
    0x35, 0xad, 0x56, 0xad, 0x76, 0xad, 0x96, 0xb5, 0x97, 0xb5, 0xb7, 0xb5,
    0xb7, 0xb5, 0xb7, 0xb5, 0xb7, 0xbd, 0xb7, 0xb5, 0xd7, 0xb5, 0xd7, 0xb5,
    0xd8, 0xbd, 0xd8, 0xbd, 0xd8, 0xbd, 0xf7, 0xbd, 0xd8, 0xbd, 0xd8, 0xbd,
    0xd7, 0xb5, 0xd7, 0xb5, 0xb7, 0xb5, 0xb7, 0xb5, 0x97, 0xb5, 0x97, 0xb5,
    0x97, 0xad, 0x97, 0xad, 0x96, 0xad, 0x97, 0xad, 0x96, 0xad, 0x97, 0xad,
    0xb7, 0xb5, 0xb7, 0xb5, 0xf8, 0xbd, 0x18, 0xc6, 0xf8, 0xbd, 0xf8, 0xbd,
    0xb7, 0xb5, 0x96, 0xb5, 0x96, 0xb5, 0x97, 0xb5, 0x96, 0xb5, 0x96, 0xb5,
    0x96, 0xb5, 0x97, 0xb5, 0x97, 0xb5, 0xb7, 0xb5, 0xd7, 0xbd, 0x76, 0xad,
    0x55, 0xad, 0xd7, 0xbd, 0xd8, 0xbd, 0xd7, 0xbd, 0xd7, 0xbd, 0xb7, 0xbd,
    0xb7, 0xbd, 0xb7, 0xbd, 0xb7, 0xb5, 0xb7, 0xbd, 0xb7, 0xb5, 0xd7, 0xbd,
    0xd7, 0xb5, 0xd8, 0xbd, 0xb7, 0xb5, 0xd7, 0xbd, 0xb7, 0xb5, 0xd3, 0x9c,
    0xd3, 0x9c, 0x15, 0xa5, 0xd3, 0x9c, 0x93, 0x94, 0x35, 0xa5, 0x14, 0xa5,
    0x51, 0x8c, 0xd3, 0x9c, 0x55, 0xad, 0x14, 0xa5, 0xf4, 0x9c, 0xd3, 0x9c,
    0x72, 0x94, 0x51, 0x94, 0x30, 0x8c, 0xf0, 0x83, 0xcf, 0x7b, 0x8e, 0x7b,
    0x14, 0xa5, 0x35, 0xad, 0x55, 0xad, 0x76, 0xb5, 0x96, 0xb5, 0xb6, 0xb5,
    0x97, 0xbd, 0xb7, 0xbd, 0xb7, 0xbd, 0xb7, 0xbd, 0xb7, 0xbd, 0xd7, 0xbd,
    0xd7, 0xbd, 0xb7, 0xbd, 0xd7, 0xbd, 0xd8, 0xbd, 0xd8, 0xbd, 0xd7, 0xbd,
    0xb7, 0xb5, 0xd7, 0xbd, 0xd7, 0xb5, 0x96, 0xb5, 0x76, 0xad, 0x76, 0xb5,
    0xb7, 0xb5, 0xb7, 0xbd, 0xd7, 0xbd, 0xd7, 0xbd, 0xf8, 0xbd, 0xf8, 0xc5,
    0x18, 0xc6, 0xf8, 0xc5, 0xf8, 0xbd, 0xd8, 0xbd, 0xb7, 0xb5, 0x96, 0xad,
    0x56, 0xad, 0x35, 0xa5, 0xf4, 0x9c, 0x93, 0x8c, 0x52, 0x8c, 0x11, 0x7c,
    0xaf, 0x73, 0x4d, 0x6b, 0xab, 0x52, 0xc7, 0x39, 0xe4, 0x20, 0xc4, 0x18,
    0xe4, 0x18, 0xe4, 0x18, 0xc4, 0x20, 0xc4, 0x20, 0xc3, 0x18, 0xe4, 0x18,
    0xe4, 0x20, 0xe4, 0x20, 0x04, 0x21, 0x04, 0x21, 0x04, 0x21, 0x04, 0x21,
    0x25, 0x21, 0x25, 0x21, 0x24, 0x21, 0x25, 0x21, 0x25, 0x21, 0x25, 0x21,
    0x25, 0x29, 0x45, 0x21, 0x45, 0x29, 0x45, 0x29, 0x45, 0x29, 0x45, 0x29,
    0x45, 0x29, 0x45, 0x29, 0x45, 0x29, 0x46, 0x29, 0x25, 0x21, 0x25, 0x29,
    0x24, 0x21, 0x25, 0x21, 0x05, 0x21, 0x24, 0x21, 0x04, 0x21, 0x04, 0x21,
    0x04, 0x21, 0xe4, 0x18, 0x66, 0x29, 0x4a, 0x4a, 0x0d, 0x63, 0xaf, 0x73,
    0x10, 0x84, 0x72, 0x8c, 0xb3, 0x94, 0xf4, 0x9c, 0x14, 0xa5, 0x35, 0xad,
    0x76, 0xad, 0x96, 0xad, 0x96, 0xb5, 0xb7, 0xb5, 0xb7, 0xbd, 0xd7, 0xbd,
    0xb7, 0xbd, 0xb7, 0xb5, 0xb7, 0xb5, 0xd7, 0xbd, 0xd8, 0xbd, 0xd7, 0xbd,
    0xd8, 0xbd, 0xf7, 0xbd, 0xd7, 0xbd, 0xd8, 0xb5, 0xd7, 0xbd, 0xd7, 0xb5,
    0xb7, 0xb5, 0xb7, 0xb5, 0xb7, 0xb5, 0x97, 0xb5, 0x97, 0xad, 0x96, 0xad,
    0x96, 0xad, 0x76, 0xad, 0x96, 0xad, 0x76, 0xad, 0x76, 0xad, 0x97, 0xad,
    0xb7, 0xb5, 0xb7, 0xb5, 0xd8, 0xbd, 0x18, 0xc6, 0xf8, 0xbd, 0xf8, 0xbd,
    0xd7, 0xbd, 0x96, 0xb5, 0x97, 0xb5, 0x97, 0xb5, 0x96, 0xb5, 0x97, 0xb5,
    0x97, 0xb5, 0xb6, 0xb5, 0x96, 0xb5, 0x97, 0xb5, 0xd7, 0xbd, 0x97, 0xb5,
    0x35, 0xad, 0x96, 0xb5, 0xd8, 0xbd, 0xd7, 0xbd, 0xb7, 0xbd, 0xb7, 0xb5,
    0xb7, 0xb5, 0xb7, 0xb5, 0xb7, 0xb5, 0xb7, 0xb5, 0xd7, 0xbd, 0xb7, 0xb5,
    0xd8, 0xbd, 0xd7, 0xbd, 0xd7, 0xbd, 0xb7, 0xbd, 0xb7, 0xb5, 0x15, 0xa5,
    0x72, 0x94, 0xf4, 0x9c, 0xf4, 0x9c, 0x72, 0x8c, 0xb3, 0x9c, 0xf4, 0x9c,
    0x72, 0x8c, 0x72, 0x8c, 0x14, 0xa5, 0x14, 0xa5, 0xf4, 0x9c, 0xd3, 0x94,
    0x72, 0x94, 0x31, 0x8c, 0xf0, 0x83, 0xcf, 0x7b, 0x8e, 0x7b, 0x6d, 0x73,
    0x35, 0xa5, 0x35, 0xad, 0x76, 0xad, 0x76, 0xb5, 0x96, 0xb5, 0xb7, 0xbd,
    0xb6, 0xbd, 0xb7, 0xb5, 0xb7, 0xbd, 0xd7, 0xbd, 0xb7, 0xbd, 0xd7, 0xbd,
    0xb7, 0xbd, 0xb7, 0xbd, 0xd7, 0xbd, 0xd7, 0xbd, 0xd7, 0xbd, 0xd7, 0xbd,
    0xb7, 0xbd, 0xb7, 0xbd, 0xd7, 0xbd, 0xb7, 0xb5, 0x76, 0xad, 0x55, 0xad,
    0x76, 0xb5, 0xb7, 0xb5, 0xd7, 0xbd, 0xd7, 0xbd, 0xd8, 0xbd, 0xf8, 0xbd,
    0xf8, 0xbd, 0xd8, 0xbd, 0xd7, 0xbd, 0xd7, 0xbd, 0xb7, 0xb5, 0x76, 0xad,
    0x35, 0xa5, 0xf4, 0x9c, 0xb3, 0x94, 0x72, 0x8c, 0x31, 0x7c, 0xcf, 0x73,
    0x6e, 0x6b, 0xcc, 0x5a, 0xe8, 0x41, 0x04, 0x21, 0xe3, 0x18, 0xc3, 0x18,
    0xc3, 0x18, 0xe3, 0x20, 0xe3, 0x18, 0xc3, 0x18, 0xe3, 0x18, 0xe4, 0x20,
    0x04, 0x21, 0x04, 0x19, 0x04, 0x21, 0x04, 0x21, 0x24, 0x21, 0x25, 0x21,
    0x25, 0x21, 0x25, 0x21, 0x25, 0x21, 0x25, 0x29, 0x45, 0x29, 0x45, 0x29,
    0x45, 0x29, 0x45, 0x29, 0x45, 0x29, 0x45, 0x29, 0x45, 0x29, 0x46, 0x29,
    0x45, 0x29, 0x45, 0x29, 0x45, 0x21, 0x25, 0x29, 0x25, 0x21, 0x25, 0x21,
    0x25, 0x21, 0x24, 0x29, 0x04, 0x21, 0x25, 0x21, 0x04, 0x21, 0x04, 0x21,
    0xe4, 0x18, 0x45, 0x29, 0x49, 0x4a, 0xec, 0x62, 0x8e, 0x73, 0x10, 0x84,
    0x52, 0x8c, 0xb3, 0x94, 0xd4, 0x9c, 0x15, 0xa5, 0x35, 0xad, 0x76, 0xad,
    0x96, 0xb5, 0xb7, 0xb5, 0xb7, 0xb5, 0xd7, 0xbd, 0xd8, 0xbd, 0xd7, 0xbd,
    0xd7, 0xbd, 0xb7, 0xbd, 0xd7, 0xb5, 0xd7, 0xbd, 0xd8, 0xbd, 0xd8, 0xb5,
    0xd7, 0xbd, 0xf8, 0xbd, 0xd8, 0xbd, 0xd7, 0xbd, 0xd8, 0xb5, 0xb7, 0xb5,
    0xb7, 0xb5, 0xb7, 0xb5, 0x97, 0xb5, 0x97, 0xad, 0x97, 0xad, 0x96, 0xad,
    0x97, 0xad, 0x76, 0xad, 0x76, 0xad, 0x76, 0xad, 0x76, 0xad, 0x76, 0xad,
    0x97, 0xb5, 0xb7, 0xb5, 0xd8, 0xbd, 0xf8, 0xbd, 0xf8, 0xc5, 0xf8, 0xc5,
    0xd7, 0xbd, 0xb7, 0xb5, 0x96, 0xb5, 0x96, 0xb5, 0x97, 0xb5, 0x96, 0xb5,
    0xb7, 0xb5, 0x96, 0xb5, 0x96, 0xb5, 0x97, 0xb5, 0xb7, 0xbd, 0xb7, 0xbd,
    0x56, 0xad, 0x56, 0xad, 0xd7, 0xbd, 0xd7, 0xbd, 0xb7, 0xbd, 0xb7, 0xb5,
    0xb7, 0xb5, 0xd8, 0xbd, 0xb7, 0xbd, 0xd7, 0xbd, 0xd7, 0xbd, 0xd8, 0xbd,
    0xd7, 0xbd, 0xd7, 0xbd, 0xd8, 0xb5, 0xb7, 0xbd, 0xd7, 0xbd, 0x76, 0xb5,
    0x92, 0x8c, 0xb3, 0x94, 0xf4, 0x9c, 0x72, 0x8c, 0x31, 0x84, 0xb3, 0x94,
    0x72, 0x8c, 0x31, 0x8c, 0xd3, 0x9c, 0xf4, 0x9c, 0xb3, 0x94, 0x92, 0x94,
    0x51, 0x8c, 0x10, 0x84, 0xcf, 0x7b, 0x8e, 0x73, 0x4d, 0x73, 0x2c, 0x6b,
    0x35, 0xad, 0x55, 0xad, 0x76, 0xb5, 0x96, 0xb5, 0xb7, 0xb5, 0xb7, 0xbd,
    0xb6, 0xbd, 0x96, 0xb5, 0xb7, 0xbd, 0xb7, 0xbd, 0xd7, 0xbd, 0xb7, 0xbd,
    0xd7, 0xbd, 0xd7, 0xbd, 0xd7, 0xbd, 0xd7, 0xbd, 0xd8, 0xbd, 0xf8, 0xbd,
    0xd7, 0xbd, 0xb7, 0xbd, 0xb7, 0xb5, 0xd7, 0xbd, 0xb7, 0xb5, 0x56, 0xad,
    0x55, 0xad, 0x96, 0xb5, 0xb7, 0xb5, 0xd8, 0xbd, 0xf8, 0xbd, 0xd7, 0xbd,
    0xd7, 0xbd, 0xd7, 0xbd, 0xb7, 0xb5, 0x97, 0xb5, 0x96, 0xb5, 0x76, 0xad,
    0x15, 0xa5, 0xd4, 0x94, 0x92, 0x8c, 0x31, 0x84, 0xd0, 0x7b, 0x6e, 0x6b,
    0x0c, 0x5b, 0x29, 0x4a, 0x45, 0x29, 0xc3, 0x18, 0xc4, 0x18, 0xe3, 0x18,
    0xe3, 0x18, 0xc3, 0x18, 0xc4, 0x18, 0xe3, 0x18, 0xe4, 0x20, 0xe4, 0x20,
    0x04, 0x21, 0x04, 0x21, 0x04, 0x21, 0x24, 0x21, 0x25, 0x21, 0x25, 0x21,
    0x25, 0x21, 0x45, 0x29, 0x45, 0x29, 0x45, 0x29, 0x45, 0x29, 0x45, 0x29,
    0x45, 0x29, 0x45, 0x29, 0x46, 0x29, 0x66, 0x29, 0x45, 0x29, 0x66, 0x29,
    0x46, 0x29, 0x45, 0x29, 0x45, 0x21, 0x25, 0x29, 0x25, 0x29, 0x25, 0x21,
    0x24, 0x21, 0x25, 0x21, 0x05, 0x21, 0x24, 0x21, 0x04, 0x21, 0xe4, 0x18,
    0x45, 0x29, 0x29, 0x42, 0xec, 0x5a, 0x6e, 0x6b, 0xf0, 0x7b, 0x52, 0x8c,
    0x93, 0x94, 0xd3, 0x9c, 0x14, 0xa5, 0x35, 0xa5, 0x76, 0xad, 0x96, 0xb5,
    0x97, 0xb5, 0xb7, 0xbd, 0xd7, 0xbd, 0xf8, 0xbd, 0xf8, 0xbd, 0xf7, 0xbd,
    0xd7, 0xbd, 0xd8, 0xbd, 0xd8, 0xbd, 0xd7, 0xbd, 0xd7, 0xbd, 0xd8, 0xbd,
    0xd8, 0xbd, 0xd8, 0xbd, 0xd8, 0xb5, 0xd7, 0xb5, 0xd7, 0xb5, 0xb7, 0xb5,
    0xb7, 0xb5, 0x97, 0xb5, 0x97, 0xad, 0x96, 0xad, 0x76, 0xad, 0x76, 0xad,
    0x76, 0xad, 0x76, 0xad, 0x76, 0xad, 0x76, 0xad, 0x56, 0xa5, 0x76, 0xad,
    0x97, 0xad, 0xb7, 0xb5, 0xd7, 0xbd, 0xf8, 0xbd, 0x18, 0xc6, 0xf8, 0xbd,
    0xf8, 0xbd, 0xb7, 0xbd, 0x96, 0xb5, 0x97, 0xb5, 0x97, 0xb5, 0x96, 0xb5,
    0x96, 0xb5, 0x97, 0xb5, 0x97, 0xb5, 0x96, 0xb5, 0xb7, 0xb5, 0xd7, 0xbd,
    0x96, 0xb5, 0x35, 0xa5, 0xb7, 0xb5, 0xd8, 0xbd, 0xd7, 0xbd, 0xb7, 0xbd,
    0xb7, 0xbd, 0xb7, 0xbd, 0xd7, 0xbd, 0xd7, 0xbd, 0xb8, 0xb5, 0xd7, 0xbd,
    0xd7, 0xbd, 0xb7, 0xbd, 0xb7, 0xb5, 0xb7, 0xb5, 0xb7, 0xb5, 0xb7, 0xb5,
    0xd4, 0x9c, 0x51, 0x8c, 0xb3, 0x94, 0x52, 0x8c, 0x11, 0x84, 0x72, 0x8c,
    0x31, 0x8c, 0xf0, 0x7b, 0x31, 0x84, 0xb3, 0x9c, 0x92, 0x94, 0x72, 0x8c,
    0x31, 0x84, 0xf0, 0x7b, 0x8e, 0x7b, 0x6d, 0x73, 0x2c, 0x63, 0xec, 0x62,
    0x55, 0xad, 0x56, 0xad, 0x96, 0xb5, 0x97, 0xb5, 0xb7, 0xbd, 0xb7, 0xbd,
    0xb7, 0xb5, 0xb6, 0xb5, 0x96, 0xbd, 0x97, 0xbd, 0xb7, 0xbd, 0xd7, 0xbd,
    0xb7, 0xbd, 0xb7, 0xbd, 0xd7, 0xbd, 0xd7, 0xbd, 0xd8, 0xbd, 0xf8, 0xbd,
    0xf8, 0xc5, 0xf7, 0xbd, 0xd7, 0xbd, 0xb7, 0xbd, 0xd7, 0xbd, 0x97, 0xb5,
    0x76, 0xad, 0x76, 0xad, 0x96, 0xb5, 0xd7, 0xbd, 0xd7, 0xbd, 0xd7, 0xbd,
    0xb7, 0xb5, 0x97, 0xb5, 0x96, 0xb5, 0x76, 0xad, 0x56, 0xad, 0x55, 0xad,
    0x14, 0xa5, 0xb3, 0x94, 0x72, 0x8c, 0xf0, 0x7b, 0x8f, 0x73, 0x2d, 0x63,
    0x6a, 0x4a, 0x66, 0x31, 0xe4, 0x18, 0xe3, 0x18, 0xe3, 0x18, 0xc4, 0x18,
    0xe4, 0x20, 0xe4, 0x20, 0xc3, 0x18, 0xe4, 0x18, 0x04, 0x21, 0x04, 0x21,
    0x04, 0x21, 0x04, 0x21, 0x25, 0x21, 0x25, 0x21, 0x25, 0x21, 0x25, 0x29,
    0x45, 0x29, 0x45, 0x29, 0x45, 0x29, 0x45, 0x29, 0x46, 0x29, 0x65, 0x29,
    0x66, 0x29, 0x66, 0x29, 0x65, 0x29, 0x45, 0x29, 0x46, 0x29, 0x45, 0x29,
    0x45, 0x29, 0x45, 0x29, 0x45, 0x29, 0x25, 0x21, 0x25, 0x21, 0x25, 0x21,
    0x24, 0x29, 0x04, 0x21, 0x05, 0x21, 0x04, 0x21, 0xe4, 0x20, 0x25, 0x21,
    0x08, 0x42, 0xcc, 0x5a, 0x6e, 0x6b, 0xd0, 0x7b, 0x51, 0x8c, 0x93, 0x94,
    0xd3, 0x9c, 0xf4, 0x9c, 0x35, 0xa5, 0x55, 0xad, 0x96, 0xb5, 0x97, 0xb5,
    0xb7, 0xb5, 0xd7, 0xbd, 0xf8, 0xbd, 0xf8, 0xbd, 0xf8, 0xbd, 0xf8, 0xbd,
    0xf8, 0xbd, 0xd7, 0xbd, 0xd7, 0xbd, 0xd8, 0xbd, 0xd8, 0xbd, 0xd8, 0xbd,
    0xd7, 0xbd, 0xd7, 0xb5, 0xd7, 0xbd, 0xb7, 0xb5, 0xb7, 0xb5, 0xb7, 0xb5,
    0xb7, 0xb5, 0x97, 0xb5, 0x96, 0xad, 0x76, 0xad, 0x76, 0xad, 0x76, 0xad,
    0x76, 0xad, 0x76, 0xad, 0x76, 0xa5, 0x76, 0xa5, 0x56, 0xad, 0x76, 0xad,
    0x96, 0xad, 0xb7, 0xb5, 0xd7, 0xb5, 0xd8, 0xbd, 0xf8, 0xbd, 0x18, 0xbe,
    0xf8, 0xbd, 0xd7, 0xbd, 0xb7, 0xb5, 0x96, 0xb5, 0x96, 0xb5, 0x97, 0xb5,
    0x97, 0xb5, 0xb7, 0xb5, 0x96, 0xb5, 0x97, 0xb5, 0x97, 0xb5, 0xd7, 0xbd,
    0xb7, 0xb5, 0x55, 0xad, 0x76, 0xad, 0xd8, 0xbd, 0xb7, 0xbd, 0xd7, 0xb5,
    0xd7, 0xbd, 0xb7, 0xbd, 0xd7, 0xb5, 0xb7, 0xb5, 0xb7, 0xbd, 0xb7, 0xb5,
    0xb8, 0xb5, 0xd7, 0xbd, 0xb7, 0xbd, 0xb7, 0xbd, 0xb7, 0xb5, 0xb7, 0xb5,
    0x35, 0xad, 0x51, 0x8c, 0x51, 0x8c, 0x31, 0x84, 0x31, 0x84, 0x31, 0x84,
    0xd0, 0x7b, 0x8e, 0x73, 0xaf, 0x73, 0x52, 0x8c, 0x71, 0x8c, 0x31, 0x84,
    0xf0, 0x83, 0xcf, 0x73, 0x6e, 0x6b, 0x2d, 0x6b, 0xec, 0x62, 0xab, 0x5a,
    0x55, 0xad, 0x76, 0xad, 0x96, 0xb5, 0xb7, 0xbd, 0xb7, 0xbd, 0xb7, 0xbd,
    0xb7, 0xb5, 0xb7, 0xbd, 0x96, 0xb5, 0x96, 0xb5, 0xb7, 0xbd, 0xb7, 0xbd,
    0xb7, 0xbd, 0xd7, 0xbd, 0xd7, 0xbd, 0xb7, 0xbd, 0xd7, 0xbd, 0xd8, 0xbd,
    0xf8, 0xbd, 0xf8, 0xbd, 0xd7, 0xbd, 0xb7, 0xb5, 0xb7, 0xb5, 0xd7, 0xbd,
    0xb7, 0xb5, 0x76, 0xb5, 0x96, 0xb5, 0x96, 0xb5, 0x97, 0xb5, 0xb7, 0xb5,
    0x97, 0xb5, 0x96, 0xb5, 0x76, 0xad, 0x55, 0xa5, 0x14, 0xa5, 0xf4, 0xa4,
    0xd4, 0x9c, 0x93, 0x8c, 0x31, 0x84, 0xaf, 0x73, 0x4d, 0x6b, 0xab, 0x52,
    0xc7, 0x31, 0xe4, 0x20, 0xe3, 0x18, 0xe3, 0x18, 0xe4, 0x18, 0xc3, 0x20,
    0xc3, 0x18, 0xc3, 0x18, 0xe4, 0x18, 0xe4, 0x20, 0x04, 0x21, 0x04, 0x21,
    0x24, 0x21, 0x25, 0x21, 0x25, 0x21, 0x25, 0x21, 0x45, 0x29, 0x45, 0x29,
    0x45, 0x29, 0x45, 0x29, 0x65, 0x29, 0x66, 0x29, 0x66, 0x29, 0x66, 0x29,
    0x66, 0x29, 0x66, 0x29, 0x65, 0x29, 0x66, 0x29, 0x45, 0x29, 0x45, 0x29,
    0x45, 0x29, 0x45, 0x29, 0x45, 0x21, 0x25, 0x29, 0x25, 0x21, 0x25, 0x21,
    0x04, 0x21, 0x25, 0x21, 0x04, 0x21, 0xe4, 0x20, 0x04, 0x21, 0xe8, 0x39,
    0xab, 0x5a, 0x4e, 0x6b, 0xd0, 0x7b, 0x31, 0x84, 0x92, 0x94, 0xd3, 0x9c,
    0xf4, 0x9c, 0x35, 0xa5, 0x56, 0xad, 0x76, 0xad, 0x97, 0xb5, 0xb7, 0xb5,
    0xd7, 0xbd, 0xf8, 0xbd, 0xf8, 0xc5, 0xf8, 0xbd, 0xf8, 0xbd, 0xf8, 0xbd,
    0xf7, 0xbd, 0xd7, 0xbd, 0xd8, 0xbd, 0xf8, 0xbd, 0xf8, 0xbd, 0xd7, 0xbd,
    0xd7, 0xb5, 0xd8, 0xb5, 0xb7, 0xb5, 0xb7, 0xb5, 0xb7, 0xb5, 0xb7, 0xb5,
    0x97, 0xb5, 0x96, 0xad, 0x96, 0xad, 0x76, 0xad, 0x76, 0xad, 0x76, 0xad,
    0x76, 0xad, 0x76, 0xa5, 0x56, 0xa5, 0x56, 0xad, 0x56, 0xa5, 0x76, 0xad,
    0x97, 0xad, 0xb7, 0xb5, 0xd7, 0xbd, 0xd8, 0xbd, 0xf8, 0xc5, 0x18, 0xc6,
    0xf8, 0xbd, 0xd8, 0xbd, 0xb7, 0xb5, 0x96, 0xb5, 0x96, 0xb5, 0x97, 0xb5,
    0x96, 0xb5, 0x97, 0xb5, 0x97, 0xb5, 0xb6, 0xb5, 0x97, 0xb5, 0xb7, 0xbd,
    0xb7, 0xbd, 0x76, 0xad, 0x35, 0xad, 0xb7, 0xb5, 0xd7, 0xbd, 0xb7, 0xb5,
    0xd8, 0xbd, 0xb7, 0xb5, 0xb8, 0xb5, 0xd8, 0xbd, 0xd7, 0xbd, 0xd7, 0xbd,
    0xd7, 0xbd, 0xb7, 0xb5, 0xb7, 0xb5, 0xb7, 0xb5, 0x97, 0xb5, 0x96, 0xb5,
    0x76, 0xad, 0x92, 0x94, 0x31, 0x84, 0x31, 0x8c, 0x31, 0x84, 0xf0, 0x7b,
    0x8e, 0x73, 0x6e, 0x6b, 0x6e, 0x6b, 0xcf, 0x7b, 0x31, 0x84, 0xf0, 0x7b,
    0xcf, 0x7b, 0x8e, 0x73, 0x2d, 0x63, 0xec, 0x62, 0xab, 0x5a, 0x6a, 0x4a,
    0x35, 0xad, 0x76, 0xad, 0xb7, 0xb5, 0xb7, 0xbd, 0xb7, 0xbd, 0xb7, 0xbd,
    0xd7, 0xbd, 0xb7, 0xbd, 0xb6, 0xb5, 0x96, 0xb5, 0x96, 0xbd, 0xb7, 0xbd,
    0xb7, 0xbd, 0xd7, 0xbd, 0xd7, 0xbd, 0xd7, 0xbd, 0xd7, 0xbd, 0xd8, 0xbd,
    0xd7, 0xbd, 0xf8, 0xbd, 0xd8, 0xbd, 0xb7, 0xbd, 0x96, 0xb5, 0xb7, 0xb5,
    0xb7, 0xbd, 0x97, 0xb5, 0x96, 0xb5, 0x76, 0xb5, 0x76, 0xad, 0x76, 0xad,
    0x76, 0xad, 0x76, 0xad, 0x35, 0xad, 0x14, 0xa5, 0xf4, 0x9c, 0xb3, 0x9c,
    0x93, 0x94, 0x31, 0x84, 0xd0, 0x7b, 0x6e, 0x6b, 0xcb, 0x5a, 0xe8, 0x41,
    0x04, 0x21, 0xc3, 0x18, 0xe4, 0x20, 0xe4, 0x20, 0xe4, 0x18, 0xc3, 0x18,
    0xe3, 0x18, 0xe4, 0x18, 0xe4, 0x20, 0x04, 0x21, 0x04, 0x21, 0x05, 0x21,
    0x25, 0x21, 0x25, 0x21, 0x45, 0x29, 0x45, 0x29, 0x45, 0x29, 0x65, 0x29,
    0x66, 0x29, 0x66, 0x29, 0x66, 0x29, 0x66, 0x29, 0x66, 0x29, 0x66, 0x29,
    0x66, 0x29, 0x66, 0x31, 0x66, 0x29, 0x66, 0x29, 0x66, 0x29, 0x45, 0x29,
    0x46, 0x29, 0x45, 0x29, 0x25, 0x21, 0x25, 0x21, 0x24, 0x29, 0x04, 0x21,
    0x25, 0x21, 0x04, 0x21, 0x04, 0x21, 0x04, 0x21, 0xa7, 0x31, 0xab, 0x52,
    0x4d, 0x6b, 0xd0, 0x7b, 0x31, 0x84, 0x72, 0x8c, 0xd3, 0x9c, 0xf4, 0x9c,
    0x15, 0xa5, 0x55, 0xad, 0x76, 0xad, 0x96, 0xb5, 0xb7, 0xb5, 0xd7, 0xbd,
    0xf8, 0xbd, 0xf8, 0xc5, 0xf8, 0xc5, 0xf8, 0xbd, 0x18, 0xc6, 0xf8, 0xc5,
    0xf8, 0xbd, 0xf8, 0xbd, 0xf8, 0xbd, 0xd8, 0xbd, 0xd7, 0xbd, 0xd8, 0xbd,
    0xd7, 0xb5, 0xb7, 0xb5, 0xb7, 0xb5, 0xb7, 0xb5, 0xb7, 0xb5, 0xb7, 0xb5,
    0x97, 0xad, 0x97, 0xad, 0x76, 0xad, 0x76, 0xad, 0x76, 0xad, 0x56, 0xa5,
    0x56, 0xa5, 0x56, 0xad, 0x56, 0xa5, 0x55, 0xa5, 0x56, 0xa5, 0x76, 0xad,
    0x96, 0xb5, 0xb7, 0xb5, 0xd7, 0xbd, 0xd8, 0xbd, 0xf8, 0xbd, 0x18, 0xc6,
    0xf8, 0xc5, 0xf8, 0xbd, 0xd7, 0xbd, 0x96, 0xb5, 0x97, 0xb5, 0x96, 0xb5,
    0x96, 0xb5, 0x96, 0xb5, 0xb7, 0xb5, 0x96, 0xb5, 0x96, 0xb5, 0xb7, 0xb5,
    0xd7, 0xbd, 0x96, 0xb5, 0x55, 0xad, 0x76, 0xb5, 0xd8, 0xbd, 0xb7, 0xbd,
    0xb7, 0xb5, 0xb7, 0xbd, 0xd7, 0xbd, 0xd7, 0xbd, 0xb7, 0xb5, 0xd7, 0xbd,
    0xb7, 0xb5, 0xb7, 0xb5, 0xb7, 0xb5, 0xb7, 0xb5, 0x96, 0xb5, 0x76, 0xb5,
    0x76, 0xad, 0xf4, 0x9c, 0x72, 0x8c, 0x51, 0x8c, 0xf0, 0x7b, 0x8f, 0x73,
    0x6e, 0x6b, 0x6e, 0x6b, 0x4d, 0x6b, 0x6e, 0x6b, 0xcf, 0x7b, 0xaf, 0x73,
    0x8e, 0x73, 0x4d, 0x6b, 0x0c, 0x63, 0xcb, 0x5a, 0x8a, 0x4a, 0x49, 0x4a,
    0x35, 0xa5, 0x76, 0xad, 0xb7, 0xb5, 0xb7, 0xbd, 0xb7, 0xbd, 0xb7, 0xb5,
    0xb7, 0xbd, 0xb7, 0xbd, 0xb7, 0xbd, 0xb7, 0xbd, 0xb6, 0xb5, 0x96, 0xb5,
    0x97, 0xbd, 0xb7, 0xbd, 0xd7, 0xbd, 0xd7, 0xbd, 0xd7, 0xbd, 0xd7, 0xbd,
    0xd8, 0xbd, 0xd7, 0xbd, 0xd7, 0xbd, 0xd8, 0xbd, 0xb7, 0xb5, 0x96, 0xb5,
    0x97, 0xb5, 0xb7, 0xb5, 0x96, 0xb5, 0x76, 0xad, 0x55, 0xad, 0x55, 0xad,
    0x55, 0xad, 0x35, 0xa5, 0x14, 0xa5, 0xd4, 0x9c, 0xb3, 0x94, 0x92, 0x94,
    0x51, 0x84, 0xd0, 0x7b, 0x6e, 0x6b, 0xec, 0x5a, 0x29, 0x42, 0x45, 0x29,
    0xc3, 0x18, 0xe4, 0x18, 0xe3, 0x18, 0xe3, 0x18, 0xc3, 0x18, 0xe3, 0x20,
    0xe4, 0x18, 0x04, 0x21, 0x04, 0x21, 0x04, 0x21, 0x24, 0x21, 0x25, 0x21,
    0x25, 0x29, 0x45, 0x29, 0x45, 0x29, 0x65, 0x29, 0x66, 0x29, 0x66, 0x29,
    0x66, 0x29, 0x66, 0x29, 0x66, 0x29, 0x86, 0x31, 0x86, 0x31, 0x66, 0x31,
    0x66, 0x31, 0x66, 0x29, 0x66, 0x29, 0x65, 0x29, 0x45, 0x29, 0x45, 0x29,
    0x45, 0x29, 0x25, 0x21, 0x25, 0x21, 0x25, 0x21, 0x04, 0x21, 0x05, 0x21,
    0x04, 0x21, 0x04, 0x21, 0xe4, 0x20, 0xa6, 0x31, 0x8a, 0x52, 0x2d, 0x63,
    0xaf, 0x73, 0x31, 0x84, 0x52, 0x8c, 0xb3, 0x94, 0xf4, 0x9c, 0x14, 0xa5,
    0x35, 0xad, 0x76, 0xad, 0x96, 0xb5, 0xb7, 0xb5, 0xd7, 0xbd, 0xd7, 0xbd,
    0xf8, 0xbd, 0xf8, 0xbd, 0xf8, 0xbd, 0xf8, 0xc5, 0xf8, 0xc5, 0xf8, 0xbd,
    0xf8, 0xc5, 0xf8, 0xbd, 0xf8, 0xbd, 0xf7, 0xbd, 0xd7, 0xbd, 0xd7, 0xbd,
    0xb7, 0xb5, 0xb7, 0xb5, 0x97, 0xb5, 0x97, 0xb5, 0x97, 0xb5, 0xb7, 0xb5,
    0x96, 0xb5, 0x96, 0xad, 0x76, 0xad, 0x56, 0xa5, 0x56, 0xa5, 0x56, 0xa5,
    0x55, 0xa5, 0x56, 0xa5, 0x56, 0xad, 0x55, 0xa5, 0x56, 0xa5, 0x76, 0xad,
    0x96, 0xad, 0xb7, 0xb5, 0xb7, 0xb5, 0xd8, 0xbd, 0xf8, 0xbd, 0x18, 0xc6,
    0xf8, 0xbd, 0xf8, 0xbd, 0xd8, 0xbd, 0xb7, 0xb5, 0x96, 0xb5, 0x97, 0xb5,
    0x97, 0xb5, 0x97, 0xb5, 0x96, 0xb5, 0x97, 0xb5, 0x97, 0xb5, 0x96, 0xb5,
    0xb7, 0xbd, 0xb7, 0xb5, 0x76, 0xad, 0x55, 0xad, 0xd7, 0xbd, 0xd7, 0xbd,
    0xd8, 0xb5, 0xd7, 0xbd, 0xd7, 0xbd, 0xb7, 0xb5, 0xb7, 0xbd, 0xb7, 0xb5,
    0xb7, 0xbd, 0xb7, 0xb5, 0x97, 0xb5, 0x96, 0xb5, 0x96, 0xb5, 0x76, 0xad,
    0x55, 0xad, 0x35, 0xa5, 0x92, 0x94, 0x11, 0x84, 0xaf, 0x73, 0x8e, 0x73,
    0x6e, 0x6b, 0x4d, 0x6b, 0x4d, 0x6b, 0x0c, 0x63, 0x2d, 0x63, 0x6e, 0x6b,
    0x2d, 0x63, 0x0c, 0x63, 0xcb, 0x52, 0x8a, 0x4a, 0x49, 0x4a, 0x09, 0x42,
    0x55, 0xad, 0x76, 0xad, 0x96, 0xb5, 0xb7, 0xb5, 0xb7, 0xbd, 0xb7, 0xb5,
    0xb7, 0xbd, 0xd7, 0xbd, 0xb7, 0xbd, 0xd7, 0xb5, 0xb6, 0xbd, 0x96, 0xb5,
    0xb6, 0xb5, 0xb7, 0xbd, 0xb7, 0xbd, 0xd7, 0xbd, 0xd7, 0xbd, 0xd7, 0xbd,
    0xd7, 0xbd, 0xd7, 0xbd, 0xb7, 0xbd, 0xd7, 0xbd, 0xd7, 0xbd, 0xb7, 0xb5,
    0x96, 0xb5, 0x96, 0xb5, 0x96, 0xb5, 0x76, 0xad, 0x35, 0xa5, 0x35, 0xa5,
    0x15, 0xa5, 0x14, 0xa5, 0xf4, 0x9c, 0xb3, 0x94, 0x92, 0x94, 0x51, 0x8c,
    0xf0, 0x7b, 0x6e, 0x6b, 0xec, 0x5a, 0x49, 0x4a, 0x66, 0x29, 0xc3, 0x18,
    0xe3, 0x20, 0xe4, 0x18, 0xe4, 0x18, 0xc3, 0x20, 0xc3, 0x18, 0xe4, 0x18,
    0xe4, 0x20, 0x04, 0x21, 0x04, 0x21, 0x24, 0x21, 0x25, 0x21, 0x25, 0x29,
    0x45, 0x29, 0x45, 0x29, 0x66, 0x29, 0x66, 0x29, 0x66, 0x29, 0x66, 0x29,
    0x86, 0x31, 0x86, 0x31, 0x86, 0x31, 0x86, 0x31, 0x86, 0x29, 0x86, 0x29,
    0x66, 0x31, 0x66, 0x29, 0x66, 0x29, 0x66, 0x29, 0x45, 0x29, 0x45, 0x29,
    0x45, 0x29, 0x25, 0x21, 0x25, 0x21, 0x04, 0x21, 0x24, 0x21, 0x05, 0x21,
    0x04, 0x21, 0xe4, 0x20, 0x66, 0x29, 0x6a, 0x4a, 0x0d, 0x63, 0x8f, 0x73,
    0x10, 0x84, 0x72, 0x8c, 0x93, 0x94, 0x93, 0x94, 0xf4, 0x9c, 0x35, 0xa5,
    0x76, 0xad, 0x96, 0xb5, 0x97, 0xb5, 0xb7, 0xb5, 0xd7, 0xbd, 0xf8, 0xbd,
    0xf8, 0xc5, 0xf8, 0xbd, 0xf8, 0xbd, 0xf8, 0xbd, 0x18, 0xbe, 0xf8, 0xbd,
    0xf8, 0xbd, 0xf7, 0xbd, 0xd8, 0xbd, 0xd8, 0xbd, 0xd8, 0xbd, 0xb7, 0xb5,
    0xb7, 0xb5, 0xb7, 0xb5, 0x97, 0xad, 0x97, 0xb5, 0x96, 0xad, 0x97, 0xad,
    0x97, 0xb5, 0x96, 0xad, 0x76, 0xad, 0x76, 0xad, 0x56, 0xa5, 0x56, 0xa5,
    0x35, 0xa5, 0x56, 0xa5, 0x76, 0xad, 0x56, 0xa5, 0x76, 0xad, 0x76, 0xad,
    0x96, 0xad, 0x97, 0xb5, 0xb7, 0xb5, 0xd8, 0xbd, 0xf8, 0xbd, 0x18, 0xc6,
    0xf8, 0xc5, 0x18, 0xbe, 0xf8, 0xbd, 0xb7, 0xbd, 0x96, 0xb5, 0x96, 0xb5,
    0x97, 0xb5, 0x96, 0xb5, 0x97, 0xb5, 0xb7, 0xb5, 0xb6, 0xb5, 0x97, 0xb5,
    0xb7, 0xb5, 0xb7, 0xbd, 0x76, 0xb5, 0x35, 0xa5, 0x97, 0xb5, 0xd7, 0xbd,
    0xb7, 0xbd, 0xd7, 0xb5, 0xb7, 0xbd, 0xd7, 0xbd, 0xb7, 0xb5, 0xb7, 0xbd,
    0xb7, 0xb5, 0xb7, 0xb5, 0x96, 0xb5, 0x76, 0xb5, 0x76, 0xad, 0x55, 0xad,
    0x35, 0xa5, 0x14, 0xa5, 0x92, 0x8c, 0xf0, 0x7b, 0x8f, 0x73, 0x6e, 0x6b,
    0x2d, 0x63, 0x0d, 0x63, 0x2d, 0x63, 0xcb, 0x52, 0x6a, 0x4a, 0x0c, 0x63,
    0xec, 0x62, 0xcb, 0x5a, 0x8a, 0x4a, 0x49, 0x4a, 0xe8, 0x41, 0xc7, 0x39,
    0x76, 0xad, 0x76, 0xb5, 0x76, 0xad, 0x96, 0xb5, 0xb7, 0xb5, 0xb7, 0xbd,
    0xb7, 0xbd, 0xb7, 0xbd, 0xb7, 0xbd, 0xb7, 0xbd, 0xd7, 0xbd, 0xb7, 0xbd,
    0xb6, 0xb5, 0x96, 0xbd, 0xb7, 0xbd, 0xb7, 0xbd, 0xd7, 0xbd, 0xd7, 0xbd,
    0xd7, 0xbd, 0xb7, 0xbd, 0xb7, 0xbd, 0xb7, 0xbd, 0xd7, 0xbd, 0xb7, 0xb5,
    0xb7, 0xb5, 0x56, 0xad, 0x76, 0xad, 0x76, 0xb5, 0x55, 0xad, 0x14, 0xa5,
    0xf4, 0x9c, 0xd4, 0x9c, 0xb3, 0x94, 0x92, 0x94, 0x52, 0x8c, 0xf0, 0x7b,
    0x8e, 0x73, 0x0c, 0x63, 0x6a, 0x4a, 0xa7, 0x31, 0xe4, 0x20, 0xe3, 0x18,
    0xe4, 0x20, 0xc4, 0x18, 0xc3, 0x18, 0xc3, 0x18, 0xe4, 0x18, 0xe4, 0x20,
    0x04, 0x21, 0x04, 0x21, 0x25, 0x21, 0x25, 0x21, 0x45, 0x29, 0x45, 0x29,
    0x45, 0x29, 0x66, 0x29, 0x66, 0x29, 0x86, 0x29, 0x66, 0x31, 0x86, 0x31,
    0x86, 0x31, 0x86, 0x31, 0x86, 0x31, 0x86, 0x31, 0x86, 0x31, 0x86, 0x29,
    0x66, 0x31, 0x66, 0x29, 0x66, 0x31, 0x45, 0x29, 0x45, 0x29, 0x45, 0x29,
    0x25, 0x29, 0x25, 0x21, 0x25, 0x21, 0x04, 0x21, 0x04, 0x21, 0x04, 0x21,
    0xe4, 0x20, 0x45, 0x29, 0x49, 0x4a, 0x0c, 0x63, 0x8f, 0x73, 0xf0, 0x7b,
    0x52, 0x8c, 0xb3, 0x94, 0xd3, 0x9c, 0xb3, 0x94, 0xd3, 0x9c, 0x35, 0xad,
    0x76, 0xad, 0xb7, 0xb5, 0xb7, 0xbd, 0xd7, 0xbd, 0xf8, 0xbd, 0xf8, 0xc5,
    0xf8, 0xbd, 0xf8, 0xc5, 0xf8, 0xc5, 0xf8, 0xc5, 0xf8, 0xc5, 0x18, 0xbe,
    0xf8, 0xbd, 0xf8, 0xbd, 0xd8, 0xbd, 0xd7, 0xbd, 0xd7, 0xbd, 0xb7, 0xb5,
    0xb7, 0xb5, 0x97, 0xb5, 0x97, 0xad, 0x96, 0xad, 0x77, 0xad, 0x76, 0xad,
    0x97, 0xad, 0x96, 0xad, 0x96, 0xad, 0x56, 0xad, 0x56, 0xa5, 0x35, 0xa5,
    0x55, 0xa5, 0x36, 0xa5, 0x56, 0xa5, 0x55, 0xa5, 0x76, 0xad, 0x96, 0xad,
    0x97, 0xb5, 0xb7, 0xb5, 0xb7, 0xb5, 0xd7, 0xbd, 0xf8, 0xbd, 0x18, 0xc6,
    0xf8, 0xbd, 0x18, 0xc6, 0xf8, 0xbd, 0xd8, 0xbd, 0xb7, 0xb5, 0x96, 0xb5,
    0x96, 0xb5, 0x97, 0xb5, 0x96, 0xb5, 0x96, 0xb5, 0x97, 0xb5, 0x97, 0xb5,
    0x97, 0xb5, 0xb7, 0xbd, 0xb7, 0xb5, 0x55, 0xad, 0x56, 0xad, 0xd7, 0xbd,
    0xb7, 0xbd, 0xb7, 0xbd, 0xb8, 0xb5, 0xb7, 0xb5, 0xb7, 0xbd, 0xb7, 0xb5,
    0xb7, 0xb5, 0x96, 0xb5, 0x76, 0xb5, 0x76, 0xad, 0x55, 0xad, 0x35, 0xa5,
    0x15, 0xa5, 0xf4, 0xa4, 0x93, 0x94, 0xf0, 0x7b, 0x8e, 0x73, 0x2d, 0x63,
    0xec, 0x5a, 0xec, 0x62, 0xec, 0x5a, 0x8a, 0x52, 0x29, 0x42, 0x8a, 0x52,
    0xab, 0x52, 0x8a, 0x4a, 0x29, 0x4a, 0x08, 0x42, 0xc7, 0x39, 0x66, 0x31,
    0x96, 0xb5, 0x96, 0xb5, 0x76, 0xad, 0x76, 0xad, 0x96, 0xb5, 0xb7, 0xb5,
    0xb7, 0xbd, 0xb7, 0xbd, 0xb7, 0xbd, 0xb7, 0xbd, 0xb7, 0xbd, 0xd7, 0xbd,
    0xb7, 0xbd, 0xb7, 0xb5, 0xb7, 0xb5, 0xb7, 0xbd, 0xd7, 0xbd, 0xd7, 0xbd,
    0xd7, 0xbd, 0xb7, 0xbd, 0xb7, 0xb5, 0xb7, 0xb5, 0x97, 0xb5, 0xb7, 0xb5,
    0x96, 0xb5, 0x76, 0xad, 0x35, 0xad, 0x55, 0xad, 0x55, 0xad, 0x15, 0xa5,
    0xb3, 0x94, 0xb3, 0x94, 0x92, 0x94, 0x52, 0x8c, 0x10, 0x84, 0xaf, 0x73,
    0x2d, 0x63, 0x8a, 0x52, 0xc7, 0x39, 0x04, 0x21, 0xc3, 0x18, 0xe4, 0x18,
    0xe4, 0x18, 0xe3, 0x18, 0xe3, 0x18, 0xe4, 0x18, 0xe4, 0x20, 0x04, 0x21,
    0x04, 0x21, 0x25, 0x21, 0x25, 0x21, 0x45, 0x29, 0x65, 0x29, 0x66, 0x29,
    0x66, 0x29, 0x66, 0x29, 0x86, 0x31, 0x86, 0x31, 0x86, 0x31, 0xa6, 0x31,
    0xa7, 0x31, 0xa7, 0x31, 0x86, 0x31, 0x87, 0x31, 0x86, 0x31, 0x86, 0x31,
    0x86, 0x29, 0x66, 0x29, 0x66, 0x29, 0x45, 0x29, 0x45, 0x29, 0x25, 0x29,
    0x25, 0x21, 0x25, 0x21, 0x25, 0x21, 0x04, 0x21, 0x04, 0x21, 0xe4, 0x20,
    0x25, 0x21, 0x29, 0x42, 0xec, 0x5a, 0x8e, 0x73, 0xf0, 0x7b, 0x51, 0x8c,
    0x93, 0x94, 0xd3, 0x9c, 0xf4, 0x9c, 0xf4, 0x9c, 0xf4, 0x9c, 0x35, 0xa5,
    0x76, 0xad, 0x97, 0xb5, 0xd7, 0xbd, 0xf8, 0xbd, 0xf8, 0xbd, 0xf8, 0xbd,
    0xf8, 0xbd, 0xf8, 0xbd, 0xf7, 0xbd, 0xf8, 0xbd, 0xf8, 0xc5, 0xf8, 0xc5,
    0xf8, 0xc5, 0xf8, 0xbd, 0xf8, 0xbd, 0xd7, 0xbd, 0xd7, 0xb5, 0xb7, 0xb5,
    0x97, 0xb5, 0x97, 0xad, 0x96, 0xad, 0x96, 0xad, 0x76, 0xad, 0x76, 0xad,
    0x76, 0xad, 0x76, 0xad, 0x76, 0xad, 0x76, 0xad, 0x56, 0xa5, 0x55, 0xa5,
    0x55, 0xa5, 0x35, 0xa5, 0x36, 0xa5, 0x56, 0xad, 0x76, 0xad, 0x96, 0xad,
    0x97, 0xb5, 0xb7, 0xb5, 0xb7, 0xb5, 0xd7, 0xbd, 0xf8, 0xbd, 0x18, 0xc6,
    0xf8, 0xc5, 0xf8, 0xc5, 0xf8, 0xbd, 0xf8, 0xbd, 0xb7, 0xbd, 0x96, 0xb5,
    0x97, 0xb5, 0x96, 0xb5, 0x96, 0xb5, 0x97, 0xb5, 0x97, 0xb5, 0x96, 0xb5,
    0x96, 0xb5, 0xb7, 0xbd, 0xd7, 0xbd, 0x96, 0xad, 0x35, 0xa5, 0xb7, 0xb5,
    0xd7, 0xbd, 0xb7, 0xb5, 0xb7, 0xb5, 0xb7, 0xbd, 0xb7, 0xb5, 0xb7, 0xb5,
    0x96, 0xb5, 0x76, 0xb5, 0x76, 0xad, 0x56, 0xad, 0x35, 0xa5, 0x14, 0xa5,
    0x14, 0x9d, 0xd3, 0x9c, 0x92, 0x94, 0xd0, 0x7b, 0x6e, 0x6b, 0x0c, 0x63,
    0xcb, 0x5a, 0xcb, 0x5a, 0x8a, 0x52, 0x8a, 0x52, 0x29, 0x42, 0xc7, 0x39,
    0x4a, 0x4a, 0x29, 0x42, 0xe8, 0x39, 0xc7, 0x39, 0x66, 0x29, 0x45, 0x29,
    0x56, 0xad, 0x96, 0xb5, 0x97, 0xb5, 0x96, 0xb5, 0x96, 0xb5, 0xb7, 0xb5,
    0xb7, 0xbd, 0xd7, 0xbd, 0xb7, 0xb5, 0xb7, 0xbd, 0xb6, 0xbd, 0xd7, 0xbd,
    0xd7, 0xbd, 0xb7, 0xbd, 0xb7, 0xbd, 0xb7, 0xbd, 0xd7, 0xbd, 0xd7, 0xbd,
    0xb7, 0xbd, 0xd7, 0xbd, 0xb7, 0xb5, 0x96, 0xb5, 0x96, 0xb5, 0x76, 0xb5,
    0x76, 0xad, 0x76, 0xad, 0x35, 0xad, 0xf4, 0xa4, 0x14, 0xa5, 0x14, 0xa5,
    0xb3, 0x94, 0x92, 0x94, 0x72, 0x8c, 0x10, 0x84, 0xaf, 0x73, 0x2d, 0x63,
    0xab, 0x52, 0x08, 0x42, 0x45, 0x29, 0xc3, 0x18, 0xe4, 0x18, 0xe3, 0x20,
    0xe3, 0x18, 0xc4, 0x18, 0xe3, 0x20, 0xe4, 0x20, 0x04, 0x21, 0x04, 0x21,
    0x25, 0x21, 0x45, 0x29, 0x45, 0x29, 0x46, 0x29, 0x66, 0x29, 0x66, 0x29,
    0x66, 0x31, 0x86, 0x31, 0x86, 0x31, 0xa7, 0x31, 0xa7, 0x31, 0xa7, 0x31,
    0xa7, 0x31, 0xa7, 0x31, 0xa6, 0x31, 0xa6, 0x31, 0x87, 0x31, 0x86, 0x31,
    0x66, 0x29, 0x66, 0x29, 0x66, 0x29, 0x45, 0x29, 0x45, 0x29, 0x25, 0x21,
    0x25, 0x21, 0x24, 0x29, 0x04, 0x21, 0x04, 0x21, 0xe4, 0x18, 0x05, 0x21,
    0xe8, 0x41, 0xcb, 0x5a, 0x6e, 0x6b, 0xf0, 0x7b, 0x31, 0x8c, 0x93, 0x94,
    0xd4, 0x9c, 0x14, 0x9d, 0x14, 0xa5, 0x15, 0xa5, 0x15, 0xa5, 0x55, 0xad,
    0x76, 0xad, 0x96, 0xb5, 0xd7, 0xbd, 0xf8, 0xbd, 0xf8, 0xbd, 0xf7, 0xc5,
    0xf8, 0xc5, 0xf8, 0xbd, 0xf8, 0xbd, 0xf8, 0xc5, 0xf8, 0xbd, 0xf8, 0xbd,
    0xf8, 0xbd, 0xf7, 0xbd, 0xd7, 0xbd, 0xd7, 0xbd, 0xb7, 0xb5, 0x97, 0xb5,
    0x97, 0xb5, 0x96, 0xad, 0x76, 0xad, 0x76, 0xad, 0x76, 0xad, 0x76, 0xad,
    0x56, 0xa5, 0x76, 0xad, 0x76, 0xad, 0x76, 0xa5, 0x56, 0xa5, 0x55, 0xa5,
    0x35, 0xa5, 0x56, 0xa5, 0x35, 0xa5, 0x56, 0xa5, 0x76, 0xad, 0x96, 0xb5,
    0x97, 0xb5, 0xb7, 0xb5, 0xb7, 0xb5, 0xd8, 0xbd, 0xf8, 0xbd, 0x18, 0xc6,
    0xf8, 0xbd, 0x18, 0xbe, 0x18, 0xc6, 0xf8, 0xbd, 0xd8, 0xbd, 0xb7, 0xb5,
    0xb7, 0xb5, 0x97, 0xb5, 0xb7, 0xb5, 0xb7, 0xb5, 0x97, 0xb5, 0xb6, 0xb5,
    0x96, 0xb5, 0x97, 0xb5, 0xb7, 0xbd, 0xb7, 0xbd, 0x55, 0xad, 0x76, 0xad,
    0xd7, 0xbd, 0xd7, 0xbd, 0xb7, 0xbd, 0xb7, 0xb5, 0xb7, 0xb5, 0x96, 0xb5,
    0x96, 0xb5, 0x76, 0xad, 0x55, 0xad, 0x35, 0xa5, 0x14, 0xa5, 0x14, 0xa5,
    0xd4, 0x9c, 0xb3, 0x94, 0x92, 0x94, 0xf0, 0x7b, 0x2d, 0x63, 0xeb, 0x5a,
    0xab, 0x52, 0x8b, 0x52, 0x8a, 0x52, 0x6a, 0x4a, 0x08, 0x42, 0x45, 0x29,
    0xc7, 0x39, 0xe7, 0x39, 0x86, 0x31, 0x46, 0x29, 0x25, 0x29, 0x24, 0x21,
    0x56, 0xad, 0x55, 0xad, 0x96, 0xb5, 0x97, 0xb5, 0x97, 0xb5, 0xb6, 0xb5,
    0xb7, 0xb5, 0xb7, 0xbd, 0xb7, 0xbd, 0xd7, 0xbd, 0xb7, 0xbd, 0xd7, 0xbd,
    0xb7, 0xbd, 0xd7, 0xbd, 0xb7, 0xbd, 0xb7, 0xbd, 0xb7, 0xbd, 0xd7, 0xbd,
    0xd7, 0xbd, 0xd7, 0xbd, 0xb7, 0xbd, 0xb7, 0xb5, 0x76, 0xb5, 0x76, 0xad,
    0x35, 0xad, 0x35, 0xa5, 0x35, 0xa5, 0xf4, 0x9c, 0xb3, 0x94, 0xb3, 0x9c,
    0xb3, 0x94, 0x72, 0x8c, 0x11, 0x84, 0xcf, 0x7b, 0x4d, 0x6b, 0xcc, 0x5a,
    0x29, 0x4a, 0x66, 0x31, 0xe4, 0x18, 0xe4, 0x20, 0xe4, 0x18, 0xe3, 0x18,
    0xc4, 0x20, 0xe3, 0x18, 0xe4, 0x20, 0x04, 0x21, 0x04, 0x21, 0x25, 0x21,
    0x45, 0x29, 0x45, 0x29, 0x66, 0x29, 0x66, 0x29, 0x86, 0x29, 0x86, 0x31,
    0x86, 0x31, 0xa6, 0x31, 0xa7, 0x31, 0xa7, 0x31, 0xa7, 0x31, 0xa7, 0x39,
    0xa7, 0x31, 0xa7, 0x31, 0xa7, 0x31, 0xa7, 0x31, 0x86, 0x31, 0x86, 0x31,
    0x86, 0x31, 0x66, 0x29, 0x45, 0x29, 0x45, 0x29, 0x25, 0x29, 0x25, 0x21,
    0x25, 0x21, 0x04, 0x21, 0x04, 0x21, 0xe4, 0x18, 0x04, 0x21, 0xe8, 0x39,
    0xab, 0x5a, 0x4e, 0x6b, 0xd0, 0x7b, 0x31, 0x84, 0x92, 0x94, 0xd3, 0x9c,
    0xf4, 0x9c, 0x35, 0xa5, 0x55, 0xad, 0x56, 0xad, 0x76, 0xad, 0x55, 0xad,
    0x56, 0xad, 0x76, 0xad, 0xb7, 0xb5, 0xd8, 0xbd, 0xf8, 0xbd, 0xf8, 0xc5,
    0xf8, 0xbd, 0xf8, 0xc5, 0xf8, 0xc5, 0xf8, 0xc5, 0xf8, 0xc5, 0x18, 0xbe,
    0xf8, 0xbd, 0xf8, 0xbd, 0xd8, 0xbd, 0xd7, 0xbd, 0xb7, 0xb5, 0xb7, 0xb5,
    0x97, 0xad, 0x76, 0xad, 0x76, 0xad, 0x76, 0xad, 0x76, 0xad, 0x76, 0xad,
    0x56, 0xa5, 0x56, 0xad, 0x76, 0xad, 0x76, 0xad, 0x55, 0xa5, 0x56, 0xa5,
    0x56, 0xa5, 0x56, 0xa5, 0x55, 0xa5, 0x56, 0xa5, 0x76, 0xad, 0x96, 0xb5,
    0x97, 0xb5, 0xb7, 0xb5, 0xb7, 0xb5, 0xd8, 0xbd, 0xf8, 0xc5, 0x18, 0xc6,
    0x18, 0xbe, 0x19, 0xc6, 0x19, 0xc6, 0x18, 0xc6, 0xf8, 0xbd, 0xd8, 0xbd,
    0xd7, 0xbd, 0xb7, 0xbd, 0xb7, 0xbd, 0xb7, 0xb5, 0xb7, 0xb5, 0xb7, 0xb5,
    0x97, 0xb5, 0x97, 0xb5, 0xb7, 0xbd, 0xd7, 0xbd, 0x96, 0xb5, 0x35, 0xa5,
    0xb7, 0xb5, 0xb7, 0xbd, 0xb7, 0xb5, 0x97, 0xb5, 0x97, 0xb5, 0x96, 0xb5,
    0x76, 0xad, 0x55, 0xad, 0x35, 0xad, 0x14, 0xa5, 0xf4, 0x9c, 0xd4, 0x9c,
    0xb3, 0x94, 0x92, 0x94, 0x52, 0x8c, 0x10, 0x84, 0xec, 0x5a, 0xab, 0x52,
    0xaa, 0x52, 0x8a, 0x52, 0x6a, 0x4a, 0x09, 0x42, 0xe7, 0x39, 0x66, 0x29,
    0x45, 0x29, 0x86, 0x31, 0x25, 0x29, 0x04, 0x21, 0x04, 0x21, 0xc3, 0x18,
    0x76, 0xb5, 0x76, 0xad, 0x55, 0xad, 0x76, 0xb5, 0x96, 0xb5, 0x97, 0xb5,
    0xb7, 0xb5, 0xb7, 0xbd, 0xb7, 0xbd, 0xb7, 0xbd, 0xd7, 0xbd, 0xd7, 0xbd,
    0xb7, 0xbd, 0xd7, 0xbd, 0xd7, 0xbd, 0xb7, 0xbd, 0xd7, 0xbd, 0xd7, 0xbd,
    0xd7, 0xbd, 0xd7, 0xbd, 0xb7, 0xb5, 0xb7, 0xb5, 0x96, 0xb5, 0x55, 0xad,
    0x15, 0xa5, 0xf4, 0x9c, 0xf4, 0x9c, 0xd3, 0x9c, 0x92, 0x94, 0x11, 0x84,
    0x51, 0x8c, 0x31, 0x84, 0xd0, 0x7b, 0x6e, 0x6b, 0xec, 0x5a, 0x4a, 0x4a,
    0xa7, 0x31, 0x04, 0x21, 0xe3, 0x18, 0xe3, 0x18, 0xc3, 0x18, 0xe4, 0x20,
    0xe3, 0x18, 0xe4, 0x18, 0x04, 0x21, 0x04, 0x21, 0x25, 0x21, 0x45, 0x29,
    0x45, 0x29, 0x66, 0x29, 0x66, 0x29, 0x86, 0x31, 0x86, 0x31, 0x86, 0x31,
    0xa7, 0x31, 0xa7, 0x31, 0xa7, 0x31, 0xc7, 0x31, 0xc7, 0x31, 0xa7, 0x39,
    0xa7, 0x31, 0xa7, 0x31, 0xa7, 0x31, 0xa7, 0x31, 0x86, 0x31, 0x86, 0x31,
    0x66, 0x29, 0x66, 0x29, 0x45, 0x29, 0x45, 0x29, 0x25, 0x21, 0x25, 0x21,
    0x24, 0x21, 0x04, 0x21, 0x04, 0x21, 0x04, 0x21, 0xc7, 0x39, 0x8b, 0x52,
    0x4d, 0x63, 0xcf, 0x7b, 0x31, 0x84, 0x72, 0x94, 0xd3, 0x9c, 0xf4, 0x9c,
    0x35, 0xa5, 0x55, 0xad, 0x76, 0xad, 0x96, 0xb5, 0x96, 0xb5, 0x76, 0xad,
    0x76, 0xb5, 0x76, 0xad, 0x76, 0xad, 0xb7, 0xb5, 0xf8, 0xbd, 0xf8, 0xbd,
    0xd8, 0xbd, 0xf7, 0xbd, 0xf8, 0xbd, 0xf8, 0xbd, 0xf8, 0xbd, 0xf8, 0xc5,
    0xf8, 0xc5, 0xf7, 0xbd, 0xd8, 0xbd, 0xd8, 0xbd, 0xb7, 0xb5, 0x97, 0xb5,
    0x97, 0xad, 0x76, 0xad, 0x76, 0xad, 0x76, 0xa5, 0x56, 0xa5, 0x56, 0xad,
    0x56, 0xa5, 0x56, 0xa5, 0x56, 0xa5, 0x76, 0xad, 0x56, 0xa5, 0x55, 0xa5,
    0x56, 0xa5, 0x56, 0xad, 0x55, 0xa5, 0x56, 0xad, 0x76, 0xad, 0x96, 0xad,
    0xb7, 0xb5, 0xb7, 0xb5, 0xb7, 0xb5, 0xd7, 0xbd, 0xf8, 0xbd, 0x18, 0xc6,
    0x18, 0xc6, 0xf8, 0xc5, 0x19, 0xc6, 0x18, 0xc6, 0x18, 0xc6, 0xf8, 0xbd,
    0xf7, 0xbd, 0xd7, 0xbd, 0xd7, 0xbd, 0xb7, 0xbd, 0xb7, 0xbd, 0xb7, 0xb5,
    0xb7, 0xb5, 0x97, 0xb5, 0xb7, 0xb5, 0xb7, 0xbd, 0xb7, 0xbd, 0x55, 0xad,
    0x76, 0xad, 0xb7, 0xb5, 0xb7, 0xb5, 0x96, 0xb5, 0x96, 0xb5, 0x76, 0xad,
    0x55, 0xad, 0x55, 0xad, 0x15, 0xa5, 0xf4, 0x9c, 0xf4, 0x9c, 0xb3, 0x94,
    0x92, 0x94, 0x51, 0x8c, 0x31, 0x84, 0xf0, 0x7b, 0x2d, 0x63, 0x6a, 0x4a,
    0xab, 0x52, 0x6a, 0x52, 0x29, 0x42, 0xc7, 0x39, 0xc7, 0x39, 0xa7, 0x31,
    0x25, 0x21, 0x25, 0x21, 0x04, 0x21, 0xe4, 0x18, 0xa3, 0x10, 0x62, 0x10,
    0x76, 0xad, 0x76, 0xb5, 0x76, 0xad, 0x56, 0xad, 0x76, 0xb5, 0x96, 0xb5,
    0xb7, 0xbd, 0xb7, 0xbd, 0xb7, 0xbd, 0xb7, 0xbd, 0xb7, 0xbd, 0xd7, 0xbd,
    0xd7, 0xbd, 0xd7, 0xbd, 0xd7, 0xbd, 0xb7, 0xbd, 0xd7, 0xbd, 0xd7, 0xbd,
    0xb7, 0xbd, 0xb7, 0xbd, 0xb7, 0xbd, 0xb7, 0xb5, 0x96, 0xb5, 0x76, 0xad,
    0x14, 0xa5, 0xd3, 0x9c, 0xb3, 0x94, 0x72, 0x8c, 0x72, 0x8c, 0x31, 0x84,
    0xcf, 0x7b, 0xf0, 0x7b, 0x8f, 0x73, 0x0c, 0x63, 0x8a, 0x52, 0xc7, 0x39,
    0x04, 0x21, 0xe3, 0x18, 0xe4, 0x18, 0xc3, 0x18, 0xe4, 0x20, 0xe3, 0x20,
    0xe4, 0x18, 0xe4, 0x20, 0x24, 0x21, 0x25, 0x21, 0x45, 0x29, 0x45, 0x29,
    0x66, 0x29, 0x66, 0x29, 0x86, 0x31, 0x86, 0x31, 0xa7, 0x31, 0xa7, 0x31,
    0xa7, 0x31, 0xa7, 0x39, 0xc7, 0x39, 0xc7, 0x39, 0xc7, 0x39, 0xc7, 0x31,
    0xa7, 0x31, 0xa7, 0x39, 0xa7, 0x31, 0xa6, 0x31, 0x86, 0x31, 0x86, 0x29,
    0x66, 0x29, 0x46, 0x29, 0x45, 0x29, 0x45, 0x29, 0x25, 0x21, 0x05, 0x21,
    0x04, 0x21, 0xe4, 0x20, 0xe4, 0x20, 0xa7, 0x31, 0x8a, 0x52, 0x2d, 0x63,
    0xaf, 0x73, 0x11, 0x84, 0x72, 0x8c, 0xb3, 0x94, 0xf4, 0x9c, 0x15, 0xa5,
    0x55, 0xad, 0x76, 0xad, 0x96, 0xb5, 0x96, 0xb5, 0xb7, 0xb5, 0xb7, 0xb5,
    0x97, 0xb5, 0x76, 0xb5, 0x55, 0xad, 0x76, 0xad, 0xd7, 0xbd, 0xf8, 0xbd,
    0xf8, 0xbd, 0xf8, 0xbd, 0xf8, 0xc5, 0xf8, 0xc5, 0xf8, 0xbd, 0xf8, 0xbd,
    0xf8, 0xbd, 0xf7, 0xbd, 0xd7, 0xbd, 0xd7, 0xbd, 0xb7, 0xb5, 0x97, 0xb5,
    0x96, 0xad, 0x76, 0xad, 0x76, 0xad, 0x56, 0xa5, 0x56, 0xa5, 0x56, 0xa5,
    0x56, 0xa5, 0x56, 0xa5, 0x56, 0xad, 0x56, 0xad, 0x76, 0xa5, 0x76, 0xad,
    0x56, 0xa5, 0x55, 0xa5, 0x55, 0xa5, 0x76, 0xad, 0x76, 0xad, 0x97, 0xb5,
    0xb7, 0xb5, 0xd7, 0xb5, 0xd7, 0xbd, 0xd8, 0xbd, 0xf8, 0xbd, 0x18, 0xc6,
    0x18, 0xc6, 0x18, 0xbe, 0x18, 0xc6, 0x18, 0xc6, 0x19, 0xc6, 0x39, 0xc6,
    0xf8, 0xbd, 0xf8, 0xbd, 0xd8, 0xbd, 0xd7, 0xbd, 0xd7, 0xbd, 0xd7, 0xbd,
    0xb7, 0xb5, 0xb7, 0xb5, 0xb7, 0xb5, 0xb7, 0xb5, 0xb7, 0xbd, 0x96, 0xb5,
    0x55, 0xad, 0xb7, 0xb5, 0x97, 0xb5, 0x96, 0xb5, 0x76, 0xad, 0x76, 0xad,
    0x35, 0xad, 0x15, 0xa5, 0xf4, 0x9c, 0xf4, 0x9c, 0xb3, 0x94, 0x92, 0x94,
    0x51, 0x8c, 0x31, 0x84, 0xf0, 0x7b, 0xcf, 0x7b, 0x6e, 0x6b, 0x6a, 0x4a,
    0x6a, 0x52, 0x29, 0x4a, 0xe7, 0x39, 0xc7, 0x39, 0xa7, 0x39, 0x86, 0x31,
    0x25, 0x21, 0x04, 0x21, 0xc3, 0x18, 0xa2, 0x10, 0x62, 0x10, 0x61, 0x08,
    0x76, 0xad, 0x76, 0xad, 0x76, 0xb5, 0x76, 0xad, 0x76, 0xad, 0x96, 0xb5,
    0xb7, 0xb5, 0xb7, 0xbd, 0xb7, 0xbd, 0xb7, 0xb5, 0xb7, 0xbd, 0xd7, 0xbd,
    0xb7, 0xbd, 0xd7, 0xbd, 0xb7, 0xbd, 0xb7, 0xbd, 0xd7, 0xbd, 0xd7, 0xbd,
    0xb7, 0xbd, 0xd7, 0xbd, 0xb7, 0xb5, 0xb7, 0xb5, 0x76, 0xb5, 0x56, 0xad,
    0x35, 0xa5, 0xd3, 0x94, 0x72, 0x8c, 0x11, 0x84, 0xd0, 0x7b, 0x10, 0x84,
    0xaf, 0x7b, 0x6e, 0x73, 0x2d, 0x63, 0xab, 0x52, 0x08, 0x42, 0x45, 0x29,
    0xe3, 0x18, 0xe4, 0x18, 0xe3, 0x20, 0xe4, 0x20, 0xe4, 0x18, 0xe3, 0x18,
    0xe4, 0x20, 0x04, 0x21, 0x25, 0x29, 0x45, 0x29, 0x65, 0x29, 0x66, 0x29,
    0x66, 0x31, 0x86, 0x31, 0x86, 0x31, 0xa6, 0x31, 0xa7, 0x31, 0xc7, 0x31,
    0xc7, 0x39, 0xc7, 0x39, 0xc8, 0x39, 0xc7, 0x39, 0xc7, 0x39, 0xc7, 0x39,
    0xc7, 0x31, 0xa7, 0x39, 0xa7, 0x31, 0x87, 0x31, 0x86, 0x31, 0x66, 0x31,
    0x66, 0x29, 0x45, 0x29, 0x45, 0x29, 0x25, 0x21, 0x25, 0x21, 0x04, 0x21,
    0xe4, 0x20, 0xe4, 0x18, 0x86, 0x31, 0x6a, 0x4a, 0x0d, 0x63, 0x8f, 0x73,
    0x11, 0x84, 0x72, 0x8c, 0xb3, 0x94, 0xf4, 0x9c, 0x14, 0xa5, 0x35, 0xa5,
    0x76, 0xad, 0x96, 0xb5, 0x97, 0xb5, 0xb7, 0xb5, 0xd7, 0xbd, 0xd7, 0xbd,
    0xb7, 0xb5, 0x96, 0xb5, 0x76, 0xad, 0x55, 0xad, 0x76, 0xad, 0xd7, 0xbd,
    0xf8, 0xbd, 0xf8, 0xbd, 0xf8, 0xbd, 0xf8, 0xbd, 0xf8, 0xc5, 0xf8, 0xc5,
    0x18, 0xbe, 0xf8, 0xbd, 0xd7, 0xbd, 0xd7, 0xbd, 0xb7, 0xb5, 0x97, 0xb5,
    0x76, 0xad, 0x76, 0xad, 0x56, 0xad, 0x56, 0xa5, 0x55, 0xa5, 0x55, 0xa5,
    0x55, 0xa5, 0x55, 0xa5, 0x56, 0xa5, 0x56, 0xad, 0x56, 0xad, 0x76, 0xa5,
    0x55, 0xa5, 0x56, 0xa5, 0x76, 0xad, 0x76, 0xad, 0x76, 0xad, 0x97, 0xb5,
    0xb7, 0xb5, 0xb7, 0xb5, 0xd8, 0xbd, 0xf8, 0xbd, 0x18, 0xc6, 0x18, 0xc6,
    0x19, 0xc6, 0x19, 0xc6, 0x19, 0xc6, 0x19, 0xc6, 0x19, 0xc6, 0x19, 0xc6,
    0x18, 0xc6, 0xf8, 0xbd, 0xf8, 0xbd, 0xd7, 0xbd, 0xd7, 0xbd, 0xd8, 0xbd,
    0xd7, 0xbd, 0xb7, 0xbd, 0xb7, 0xb5, 0x97, 0xb5, 0xb7, 0xb5, 0xb7, 0xbd,
    0x56, 0xad, 0x76, 0xad, 0x96, 0xb5, 0x76, 0xad, 0x56, 0xad, 0x55, 0xad,
    0x35, 0xa5, 0x14, 0xa5, 0xf4, 0x9c, 0xd3, 0x9c, 0x92, 0x94, 0x51, 0x8c,
    0x31, 0x84, 0xf0, 0x7b, 0xaf, 0x73, 0x8e, 0x73, 0x4e, 0x6b, 0x8a, 0x4a,
    0xe8, 0x39, 0x08, 0x42, 0xe8, 0x39, 0xc7, 0x39, 0x86, 0x31, 0x25, 0x29,
    0x04, 0x21, 0xc3, 0x18, 0x82, 0x10, 0x62, 0x10, 0x62, 0x10, 0x62, 0x10,
    0x76, 0xad, 0x76, 0xad, 0x76, 0xb5, 0x76, 0xb5, 0x96, 0xb5, 0x96, 0xb5,
    0x97, 0xb5, 0xb7, 0xbd, 0xb7, 0xbd, 0xb6, 0xbd, 0xb6, 0xbd, 0xb7, 0xbd,
    0xb7, 0xbd, 0xd7, 0xbd, 0xd7, 0xbd, 0xb7, 0xbd, 0xb7, 0xbd, 0xb7, 0xbd,
    0xb7, 0xbd, 0xb7, 0xb5, 0xb7, 0xb5, 0x96, 0xb5, 0x76, 0xb5, 0x55, 0xad,
    0x35, 0xa5, 0xd4, 0x9c, 0x51, 0x8c, 0xaf, 0x73, 0x6e, 0x6b, 0x4e, 0x6b,
    0x4e, 0x6b, 0x2d, 0x63, 0xcb, 0x52, 0x29, 0x42, 0x66, 0x31, 0xe4, 0x20,
    0xe4, 0x18, 0xe4, 0x20, 0xe3, 0x18, 0xc4, 0x18, 0xe3, 0x18, 0xe4, 0x20,
    0x04, 0x21, 0x25, 0x21, 0x45, 0x29, 0x65, 0x29, 0x66, 0x29, 0x86, 0x29,
    0x86, 0x31, 0xa7, 0x31, 0xa7, 0x31, 0xa7, 0x31, 0xc7, 0x31, 0xc7, 0x39,
    0xe8, 0x39, 0xe8, 0x39, 0xe8, 0x39, 0xe8, 0x39, 0xc8, 0x39, 0xc7, 0x31,
    0xa7, 0x39, 0xa7, 0x31, 0xa6, 0x31, 0x86, 0x31, 0x86, 0x29, 0x66, 0x29,
    0x45, 0x29, 0x45, 0x29, 0x45, 0x29, 0x25, 0x21, 0x24, 0x21, 0x04, 0x21,
    0xe4, 0x18, 0x65, 0x29, 0x4a, 0x4a, 0x0d, 0x63, 0x8e, 0x73, 0x10, 0x7c,
    0x52, 0x8c, 0xb3, 0x94, 0xd4, 0x9c, 0x14, 0xa5, 0x35, 0xad, 0x76, 0xad,
    0x96, 0xb5, 0x97, 0xb5, 0xd7, 0xbd, 0xb7, 0xbd, 0xb7, 0xb5, 0xd7, 0xbd,
    0xd7, 0xbd, 0x97, 0xb5, 0x76, 0xad, 0x55, 0xad, 0x55, 0xad, 0x76, 0xb5,
    0xd7, 0xbd, 0xd8, 0xbd, 0xf8, 0xbd, 0xf8, 0xbd, 0xf8, 0xc5, 0xf8, 0xc5,
    0xf8, 0xbd, 0xf7, 0xbd, 0xd8, 0xbd, 0xd8, 0xbd, 0xb7, 0xb5, 0x97, 0xb5,
    0x96, 0xad, 0x76, 0xad, 0x56, 0xa5, 0x56, 0xa5, 0x35, 0xa5, 0x56, 0xa5,
    0x55, 0xa5, 0x35, 0xa5, 0x56, 0xa5, 0x55, 0xa5, 0x56, 0xa5, 0x56, 0xad,
    0x55, 0xa5, 0x56, 0xad, 0x76, 0xad, 0x76, 0xad, 0x97, 0xb5, 0xb7, 0xb5,
    0xb7, 0xb5, 0xd7, 0xbd, 0xd8, 0xbd, 0xf8, 0xbd, 0x18, 0xc6, 0x18, 0xc6,
    0x19, 0xc6, 0x18, 0xc6, 0x19, 0xc6, 0x38, 0xc6, 0x39, 0xc6, 0x38, 0xc6,
    0x19, 0xc6, 0x18, 0xc6, 0xf8, 0xbd, 0xf8, 0xbd, 0xd8, 0xbd, 0xd8, 0xbd,
    0xd7, 0xbd, 0xd7, 0xbd, 0xb7, 0xbd, 0xb7, 0xb5, 0xb7, 0xb5, 0x97, 0xb5,
    0x96, 0xb5, 0x76, 0xad, 0x76, 0xb5, 0x76, 0xad, 0x55, 0xad, 0x35, 0xa5,
    0x14, 0xa5, 0xf4, 0x9c, 0xd3, 0x9c, 0x92, 0x94, 0x72, 0x8c, 0x31, 0x84,
    0xf0, 0x7b, 0xaf, 0x73, 0x8e, 0x73, 0x2d, 0x6b, 0x0c, 0x63, 0xab, 0x52,
    0xa7, 0x31, 0xe8, 0x41, 0x08, 0x3a, 0x87, 0x31, 0x45, 0x29, 0x04, 0x21,
    0xc3, 0x18, 0x82, 0x10, 0x82, 0x10, 0x62, 0x08, 0x62, 0x08, 0x62, 0x08,
    0x76, 0xad, 0x76, 0xad, 0x76, 0xad, 0x76, 0xb5, 0x96, 0xb5, 0x96, 0xb5,
    0x96, 0xb5, 0xb7, 0xb5, 0xb7, 0xbd, 0xb7, 0xbd, 0xb6, 0xb5, 0xb6, 0xbd,
    0xb7, 0xbd, 0xd7, 0xbd, 0xb7, 0xbd, 0xd7, 0xbd, 0xb7, 0xbd, 0xb7, 0xb5,
    0xb7, 0xbd, 0xb6, 0xb5, 0x96, 0xb5, 0x76, 0xb5, 0x56, 0xad, 0x55, 0xad,
    0x15, 0xa5, 0xd3, 0x9c, 0x72, 0x8c, 0x8e, 0x73, 0x0c, 0x63, 0xcb, 0x5a,
    0xab, 0x52, 0x8a, 0x52, 0x49, 0x4a, 0xa7, 0x31, 0xe4, 0x20, 0xe3, 0x18,
    0xe3, 0x18, 0xe3, 0x18, 0xc4, 0x20, 0xe3, 0x18, 0xe4, 0x20, 0x04, 0x21,
    0x25, 0x21, 0x45, 0x29, 0x46, 0x29, 0x66, 0x29, 0x66, 0x31, 0x86, 0x31,
    0xa7, 0x31, 0xa7, 0x31, 0xa7, 0x39, 0xc7, 0x39, 0xc8, 0x39, 0xe8, 0x39,
    0xe8, 0x39, 0xe8, 0x39, 0xe8, 0x39, 0xe8, 0x39, 0xc7, 0x39, 0xc7, 0x39,
    0xa7, 0x31, 0xa7, 0x31, 0x86, 0x31, 0x86, 0x31, 0x66, 0x29, 0x66, 0x29,
    0x45, 0x29, 0x25, 0x29, 0x25, 0x21, 0x25, 0x21, 0x04, 0x21, 0xe4, 0x20,
    0x45, 0x29, 0x29, 0x42, 0xec, 0x62, 0x8e, 0x73, 0xf0, 0x7b, 0x52, 0x8c,
    0x92, 0x94, 0xd4, 0x9c, 0x14, 0xa5, 0x35, 0xa5, 0x76, 0xad, 0x96, 0xb5,
    0x97, 0xb5, 0xb7, 0xb5, 0xd7, 0xbd, 0xd8, 0xbd, 0xb7, 0xb5, 0x97, 0xb5,
    0xb7, 0xbd, 0xb7, 0xb5, 0x76, 0xb5, 0x56, 0xad, 0x76, 0xad, 0x76, 0xad,
    0x97, 0xb5, 0xd7, 0xbd, 0xd8, 0xbd, 0xd8, 0xbd, 0xf8, 0xbd, 0xf8, 0xbd,
    0x18, 0xbe, 0xf8, 0xbd, 0xd7, 0xbd, 0xd7, 0xbd, 0xb7, 0xb5, 0x97, 0xad,
    0x76, 0xad, 0x76, 0xad, 0x55, 0xa5, 0x55, 0xa5, 0x56, 0xa5, 0x56, 0xa5,
    0x56, 0xa5, 0x56, 0xa5, 0x55, 0xa5, 0x36, 0xa5, 0x56, 0xa5, 0x55, 0xa5,
    0x56, 0xa5, 0x76, 0xad, 0x76, 0xad, 0x96, 0xad, 0x97, 0xb5, 0xb7, 0xb5,
    0xb7, 0xb5, 0xd7, 0xbd, 0xf8, 0xbd, 0xf8, 0xbd, 0x18, 0xc6, 0x18, 0xc6,
    0x19, 0xc6, 0x18, 0xc6, 0x38, 0xc6, 0x39, 0xc6, 0x19, 0xc6, 0x39, 0xc6,
    0x19, 0xc6, 0x19, 0xc6, 0x18, 0xbe, 0xf8, 0xbd, 0xf8, 0xbd, 0xd8, 0xbd,
    0xf7, 0xbd, 0xd8, 0xbd, 0xd7, 0xbd, 0xb7, 0xb5, 0xb7, 0xb5, 0x96, 0xb5,
    0x96, 0xb5, 0x76, 0xad, 0x76, 0xad, 0x55, 0xad, 0x35, 0xa5, 0x14, 0xa5,
    0xf4, 0x9c, 0xd3, 0x9c, 0x93, 0x94, 0x52, 0x8c, 0x31, 0x84, 0xf0, 0x7b,
    0xaf, 0x73, 0x6e, 0x73, 0x4d, 0x6b, 0x0c, 0x5b, 0xab, 0x5a, 0x8a, 0x52,
    0xc7, 0x39, 0x86, 0x31, 0xa7, 0x39, 0x45, 0x29, 0x24, 0x21, 0xe4, 0x18,
    0x82, 0x10, 0x62, 0x10, 0x62, 0x08, 0x62, 0x08, 0x82, 0x10, 0x61, 0x08,
    0x76, 0xad, 0x76, 0xb5, 0x76, 0xb5, 0x76, 0xad, 0x76, 0xad, 0x76, 0xb5,
    0x96, 0xb5, 0xb7, 0xb5, 0xb7, 0xbd, 0xb7, 0xbd, 0xb7, 0xb5, 0x97, 0xb5,
    0xb7, 0xbd, 0xb7, 0xbd, 0xb7, 0xbd, 0xb7, 0xbd, 0xb7, 0xbd, 0xb7, 0xbd,
    0xb6, 0xb5, 0x96, 0xb5, 0x76, 0xb5, 0x76, 0xad, 0x55, 0xad, 0x35, 0xa5,
    0xf4, 0xa4, 0xb3, 0x9c, 0x72, 0x8c, 0xd0, 0x7b, 0xcb, 0x5a, 0x6a, 0x4a,
    0x08, 0x42, 0xa7, 0x39, 0xc7, 0x39, 0x24, 0x21, 0xe4, 0x18, 0xe4, 0x18,
    0xc3, 0x18, 0xe4, 0x20, 0xe3, 0x18, 0xe4, 0x20, 0x04, 0x21, 0x25, 0x21,
    0x45, 0x29, 0x65, 0x29, 0x66, 0x29, 0x86, 0x31, 0x86, 0x31, 0xa7, 0x31,
    0xa7, 0x31, 0xc7, 0x39, 0xe8, 0x39, 0xe8, 0x39, 0x08, 0x3a, 0xe8, 0x39,
    0x08, 0x3a, 0xe8, 0x41, 0xe8, 0x39, 0xe7, 0x39, 0xc7, 0x39, 0xc7, 0x39,
    0xa7, 0x31, 0x87, 0x31, 0x86, 0x31, 0x66, 0x29, 0x66, 0x29, 0x45, 0x29,
    0x45, 0x29, 0x25, 0x21, 0x25, 0x21, 0x04, 0x21, 0xe4, 0x18, 0xe4, 0x20,
    0x08, 0x42, 0xec, 0x5a, 0x6e, 0x6b, 0xf0, 0x7b, 0x52, 0x84, 0x93, 0x94,
    0xd3, 0x9c, 0x14, 0xa5, 0x35, 0xa5, 0x56, 0xad, 0x76, 0xb5, 0x97, 0xb5,
    0xb7, 0xb5, 0xd7, 0xbd, 0xf7, 0xbd, 0xf8, 0xbd, 0xd7, 0xbd, 0xb7, 0xb5,
    0x96, 0xb5, 0x97, 0xb5, 0xb7, 0xb5, 0x96, 0xb5, 0x76, 0xad, 0x96, 0xb5,
    0x76, 0xb5, 0x96, 0xb5, 0xd7, 0xb5, 0xd7, 0xbd, 0xd8, 0xbd, 0xf8, 0xbd,
    0xf8, 0xc5, 0xf8, 0xbd, 0xd7, 0xbd, 0xb7, 0xbd, 0xb7, 0xb5, 0x97, 0xb5,
    0x76, 0xad, 0x56, 0xa5, 0x56, 0xa5, 0x35, 0xa5, 0x35, 0xa5, 0x35, 0xa5,
    0x35, 0xa5, 0x56, 0xa5, 0x56, 0xa5, 0x56, 0xa5, 0x35, 0xa5, 0x55, 0xa5,
    0x56, 0xa5, 0x76, 0xad, 0x96, 0xad, 0x97, 0xb5, 0x97, 0xb5, 0xb7, 0xb5,
    0xd7, 0xbd, 0xf8, 0xbd, 0xf8, 0xbd, 0x18, 0xc6, 0x19, 0xc6, 0x18, 0xc6,
    0x19, 0xc6, 0x39, 0xc6, 0x39, 0xc6, 0x19, 0xc6, 0x19, 0xc6, 0x19, 0xc6,
    0x38, 0xc6, 0x19, 0xc6, 0x18, 0xc6, 0x18, 0xbe, 0xf8, 0xbd, 0xf8, 0xbd,
    0xd8, 0xbd, 0xf7, 0xbd, 0xd7, 0xbd, 0xb7, 0xbd, 0x97, 0xb5, 0x96, 0xb5,
    0x96, 0xb5, 0x76, 0xad, 0x56, 0xad, 0x35, 0xad, 0x14, 0xa5, 0x14, 0xa5,
    0xd3, 0x9c, 0x93, 0x94, 0x72, 0x8c, 0x31, 0x84, 0xf0, 0x7b, 0xaf, 0x7b,
    0x8e, 0x73, 0x4d, 0x63, 0xec, 0x62, 0xab, 0x52, 0x6a, 0x4a, 0x29, 0x42,
    0xe7, 0x39, 0x66, 0x31, 0x65, 0x29, 0x25, 0x21, 0xe3, 0x18, 0x82, 0x10,
    0x62, 0x10, 0x61, 0x08, 0x62, 0x10, 0x62, 0x10, 0x61, 0x10, 0x82, 0x10,
    0x56, 0xad, 0x76, 0xad, 0x76, 0xb5, 0x96, 0xb5, 0x76, 0xb5, 0x76, 0xb5,
    0x97, 0xb5, 0xb7, 0xbd, 0xb7, 0xbd, 0xb7, 0xbd, 0xb7, 0xb5, 0xb6, 0xbd,
    0x96, 0xbd, 0x96, 0xbd, 0xb7, 0xbd, 0xb7, 0xbd, 0xb7, 0xbd, 0xb6, 0xb5,
    0x96, 0xb5, 0x76, 0xb5, 0x55, 0xad, 0x55, 0xad, 0x35, 0xa5, 0x15, 0xa5,
    0xd4, 0x9c, 0xb2, 0x94, 0x51, 0x8c, 0xcf, 0x7b, 0x0d, 0x63, 0x6a, 0x4a,
    0xa7, 0x31, 0x65, 0x31, 0x25, 0x21, 0xe4, 0x18, 0xe3, 0x20, 0xe4, 0x20,
    0xe3, 0x20, 0xe4, 0x18, 0xe4, 0x18, 0x04, 0x21, 0x25, 0x21, 0x45, 0x29,
    0x45, 0x29, 0x66, 0x29, 0x86, 0x31, 0xa6, 0x31, 0xa7, 0x31, 0xa7, 0x31,
    0xc7, 0x39, 0xe8, 0x39, 0xe8, 0x39, 0x08, 0x3a, 0x08, 0x42, 0x08, 0x42,
    0x08, 0x42, 0x08, 0x3a, 0xe8, 0x39, 0xe8, 0x39, 0xc7, 0x39, 0xa7, 0x31,
    0xa7, 0x31, 0xa7, 0x31, 0x86, 0x31, 0x66, 0x29, 0x46, 0x29, 0x45, 0x29,
    0x25, 0x29, 0x25, 0x21, 0x04, 0x21, 0x04, 0x21, 0x04, 0x21, 0x25, 0x21,
    0x28, 0x42, 0x6e, 0x6b, 0xd0, 0x7b, 0x51, 0x8c, 0x92, 0x94, 0xd3, 0x9c,
    0xf4, 0x9c, 0x35, 0xa5, 0x56, 0xad, 0x76, 0xb5, 0x96, 0xb5, 0xb7, 0xb5,
    0xd7, 0xbd, 0xd8, 0xbd, 0xf8, 0xbd, 0xf7, 0xc5, 0xf8, 0xbd, 0xd7, 0xbd,
    0x96, 0xb5, 0x76, 0xad, 0xb7, 0xb5, 0xb6, 0xb5, 0x96, 0xb5, 0x97, 0xb5,
    0x97, 0xb5, 0x76, 0xad, 0x97, 0xb5, 0xb7, 0xbd, 0xd7, 0xbd, 0xd8, 0xbd,
    0xf8, 0xbd, 0xf8, 0xc5, 0xf8, 0xbd, 0xd7, 0xbd, 0xb7, 0xb5, 0x97, 0xb5,
    0x76, 0xad, 0x56, 0xad, 0x56, 0xa5, 0x35, 0xa5, 0x35, 0xa5, 0x35, 0xa5,
    0x35, 0xa5, 0x55, 0xa5, 0x35, 0xa5, 0x35, 0xa5, 0x35, 0xa5, 0x56, 0xa5,
    0x56, 0xad, 0x76, 0xad, 0x96, 0xad, 0x97, 0xb5, 0xb7, 0xb5, 0xd7, 0xb5,
    0xd8, 0xbd, 0xf8, 0xbd, 0xf8, 0xbd, 0x18, 0xc6, 0x19, 0xc6, 0x18, 0xc6,
    0x39, 0xc6, 0x19, 0xc6, 0x19, 0xc6, 0x19, 0xc6, 0x38, 0xc6, 0x38, 0xc6,
    0x19, 0xc6, 0x18, 0xc6, 0x19, 0xbe, 0x19, 0xc6, 0xf8, 0xbd, 0xf8, 0xbd,
    0xd8, 0xbd, 0xd8, 0xbd, 0xd7, 0xbd, 0xb7, 0xb5, 0xb7, 0xb5, 0x96, 0xb5,
    0x76, 0xad, 0x56, 0xad, 0x55, 0xad, 0x14, 0xa5, 0xf4, 0x9c, 0xf4, 0x9c,
    0xb3, 0x94, 0x72, 0x8c, 0x31, 0x84, 0x10, 0x7c, 0xaf, 0x7b, 0x8e, 0x73,
    0x4d, 0x63, 0xec, 0x62, 0xcb, 0x52, 0x6a, 0x52, 0x29, 0x42, 0xe8, 0x41,
    0xa7, 0x31, 0x65, 0x29, 0x25, 0x29, 0xe4, 0x18, 0xa2, 0x10, 0x62, 0x10,
    0x62, 0x08, 0x62, 0x10, 0x82, 0x08, 0x81, 0x10, 0x62, 0x10, 0x62, 0x08,
    0x55, 0xad, 0x56, 0xad, 0x56, 0xad, 0x76, 0xad, 0x96, 0xb5, 0x96, 0xb5,
    0x96, 0xb5, 0xb7, 0xb5, 0xb7, 0xbd, 0xd7, 0xbd, 0xd7, 0xbd, 0xb6, 0xb5,
    0x96, 0xb5, 0x96, 0xb5, 0x96, 0xb5, 0x97, 0xb5, 0xb7, 0xbd, 0x96, 0xb5,
    0x96, 0xb5, 0x56, 0xad, 0x55, 0xad, 0x35, 0xad, 0x14, 0xa5, 0xf4, 0x9c,
    0xb3, 0x94, 0x72, 0x8c, 0x11, 0x84, 0xaf, 0x73, 0x0c, 0x63, 0x29, 0x42,
    0x86, 0x31, 0x24, 0x21, 0xe4, 0x18, 0xe3, 0x18, 0xe3, 0x20, 0xe4, 0x18,
    0xe3, 0x18, 0xe4, 0x20, 0xe4, 0x20, 0x04, 0x21, 0x45, 0x29, 0x46, 0x29,
    0x66, 0x29, 0x86, 0x31, 0x86, 0x31, 0xa7, 0x31, 0xc7, 0x31, 0xc7, 0x39,
    0xe8, 0x39, 0x08, 0x3a, 0x08, 0x42, 0x08, 0x42, 0x09, 0x42, 0x08, 0x42,
    0x09, 0x42, 0x08, 0x3a, 0xe8, 0x39, 0xc8, 0x39, 0xc7, 0x39, 0xc7, 0x31,
    0xa7, 0x31, 0x86, 0x31, 0x66, 0x29, 0x65, 0x29, 0x45, 0x29, 0x45, 0x21,
    0x25, 0x21, 0x04, 0x21, 0x04, 0x21, 0xe4, 0x20, 0xc7, 0x39, 0x29, 0x42,
    0xc7, 0x39, 0x4e, 0x6b, 0x31, 0x84, 0x92, 0x94, 0xb3, 0x9c, 0xf4, 0x9c,
    0x35, 0xa5, 0x55, 0xad, 0x76, 0xad, 0x96, 0xb5, 0xb7, 0xb5, 0xd7, 0xbd,
    0xf8, 0xbd, 0xf8, 0xbd, 0xf8, 0xbd, 0xf8, 0xbd, 0xf8, 0xc5, 0xd8, 0xbd,
    0xb7, 0xbd, 0x76, 0xad, 0x56, 0xad, 0x76, 0xad, 0x96, 0xb5, 0x96, 0xb5,
    0x97, 0xb5, 0x96, 0xb5, 0x96, 0xb5, 0xb7, 0xb5, 0xb7, 0xbd, 0xd7, 0xbd,
    0xf8, 0xbd, 0xf8, 0xbd, 0xf8, 0xbd, 0xd7, 0xbd, 0xb7, 0xb5, 0x96, 0xad,
    0x76, 0xad, 0x56, 0xa5, 0x55, 0xa5, 0x35, 0xa5, 0x15, 0xa5, 0x35, 0xa5,
    0x35, 0xa5, 0x35, 0xa5, 0x35, 0xa5, 0x35, 0x9d, 0x35, 0xa5, 0x56, 0xa5,
    0x76, 0xad, 0x76, 0xad, 0x96, 0xb5, 0xb7, 0xb5, 0xb7, 0xb5, 0xd7, 0xbd,
    0xd8, 0xbd, 0xf8, 0xbd, 0x18, 0xc6, 0x18, 0xc6, 0x19, 0xc6, 0x39, 0xc6,
    0x39, 0xc6, 0x38, 0xc6, 0x18, 0xc6, 0x39, 0xc6, 0x39, 0xc6, 0x19, 0xc6,
    0x18, 0xc6, 0x19, 0xbe, 0x18, 0xc6, 0x18, 0xbe, 0xf8, 0xbd, 0xd8, 0xbd,
    0xd7, 0xbd, 0xd7, 0xbd, 0xb7, 0xb5, 0xb7, 0xb5, 0xb7, 0xb5, 0x96, 0xb5,
    0x76, 0xad, 0x55, 0xad, 0x35, 0xa5, 0x14, 0xa5, 0xf4, 0x9c, 0xb3, 0x94,
    0x72, 0x8c, 0x51, 0x8c, 0x10, 0x84, 0xaf, 0x7b, 0x8e, 0x73, 0x4d, 0x63,
    0xec, 0x5a, 0xab, 0x5a, 0x6a, 0x4a, 0x29, 0x42, 0xe8, 0x41, 0xa7, 0x31,
    0x66, 0x29, 0x25, 0x29, 0xe4, 0x18, 0x82, 0x10, 0x62, 0x10, 0x62, 0x10,
    0x82, 0x08, 0x62, 0x10, 0x62, 0x08, 0x62, 0x08, 0x62, 0x10, 0x62, 0x08,
    0x76, 0xad, 0x55, 0xad, 0x55, 0xad, 0x76, 0xad, 0x76, 0xb5, 0x97, 0xb5,
    0x96, 0xb5, 0x96, 0xb5, 0xb7, 0xbd, 0xd7, 0xbd, 0xb7, 0xbd, 0xb7, 0xbd,
    0xb7, 0xb5, 0x96, 0xb5, 0x96, 0xbd, 0x96, 0xb5, 0x76, 0xb5, 0x76, 0xb5,
    0x76, 0xb5, 0x55, 0xad, 0x35, 0xad, 0x14, 0xa5, 0xd3, 0x9c, 0xb3, 0x9c,
    0x72, 0x8c, 0x31, 0x84, 0xcf, 0x7b, 0x6e, 0x6b, 0xcc, 0x5a, 0x29, 0x42,
    0x66, 0x31, 0xe4, 0x20, 0xe4, 0x20, 0xe3, 0x20, 0xe4, 0x18, 0xe4, 0x18,
    0xe3, 0x18, 0xe4, 0x20, 0x04, 0x21, 0x45, 0x29, 0x66, 0x29, 0x66, 0x31,
    0x86, 0x31, 0xa7, 0x31, 0xa7, 0x31, 0xc7, 0x39, 0xe8, 0x39, 0xe8, 0x39,
    0x08, 0x42, 0x08, 0x42, 0x29, 0x42, 0x29, 0x42, 0x29, 0x42, 0x08, 0x42,
    0x08, 0x42, 0xe8, 0x39, 0xe8, 0x39, 0xc8, 0x39, 0xc7, 0x39, 0xa7, 0x31,
    0x86, 0x31, 0x66, 0x31, 0x66, 0x29, 0x45, 0x29, 0x25, 0x29, 0x25, 0x21,
    0x05, 0x21, 0x04, 0x21, 0xe4, 0x20, 0xa7, 0x31, 0x8b, 0x52, 0x2d, 0x63,
    0x8b, 0x52, 0x0c, 0x63, 0x11, 0x84, 0xb3, 0x94, 0xf4, 0x9c, 0x15, 0xa5,
    0x35, 0xad, 0x76, 0xad, 0x76, 0xb5, 0x96, 0xb5, 0xb7, 0xbd, 0xd7, 0xbd,
    0xd8, 0xbd, 0xf8, 0xbd, 0xf8, 0xc5, 0xf8, 0xbd, 0xd8, 0xbd, 0xd7, 0xbd,
    0xd7, 0xbd, 0x97, 0xb5, 0x35, 0xad, 0x55, 0xad, 0x76, 0xad, 0x76, 0xad,
    0x96, 0xb5, 0xb7, 0xb5, 0xb6, 0xb5, 0xb7, 0xb5, 0xb6, 0xb5, 0xb7, 0xb5,
    0xd7, 0xbd, 0xf8, 0xbd, 0xf8, 0xc5, 0xd8, 0xbd, 0xb7, 0xb5, 0x97, 0xb5,
    0x76, 0xad, 0x56, 0xa5, 0x56, 0xa5, 0x35, 0xa5, 0x35, 0xa5, 0x15, 0x9d,
    0x15, 0x9d, 0x35, 0xa5, 0x15, 0x9d, 0x35, 0xa5, 0x35, 0xa5, 0x56, 0xa5,
    0x76, 0xad, 0x96, 0xb5, 0x97, 0xb5, 0xb7, 0xb5, 0xd7, 0xb5, 0xd8, 0xbd,
    0xf8, 0xbd, 0x18, 0xc6, 0x18, 0xc6, 0x19, 0xc6, 0x39, 0xc6, 0x18, 0xc6,
    0x39, 0xc6, 0x39, 0xce, 0x39, 0xc6, 0x39, 0xc6, 0x18, 0xc6, 0x19, 0xc6,
    0x18, 0xc6, 0x18, 0xc6, 0x18, 0xc6, 0x18, 0xbe, 0xf8, 0xbd, 0xd8, 0xbd,
    0xb7, 0xb5, 0xb7, 0xb5, 0xb7, 0xb5, 0xb7, 0xb5, 0x97, 0xb5, 0x76, 0xad,
    0x55, 0xad, 0x35, 0xa5, 0x15, 0xa5, 0xf4, 0x9c, 0xb3, 0x94, 0x72, 0x94,
    0x51, 0x8c, 0x10, 0x84, 0xcf, 0x7b, 0x8f, 0x6b, 0x2d, 0x63, 0xec, 0x62,
    0xab, 0x52, 0x6a, 0x4a, 0x29, 0x42, 0xe8, 0x39, 0x86, 0x31, 0x45, 0x29,
    0x25, 0x29, 0xe4, 0x20, 0x82, 0x10, 0x61, 0x10, 0x62, 0x10, 0x62, 0x08,
    0x81, 0x10, 0x61, 0x08, 0x61, 0x10, 0x62, 0x10, 0x62, 0x08, 0x81, 0x10,
    0x76, 0xb5, 0x76, 0xad, 0x35, 0xad, 0x56, 0xad, 0x76, 0xad, 0x96, 0xb5,
    0xb7, 0xb5, 0x97, 0xb5, 0x96, 0xb5, 0xb7, 0xbd, 0xd7, 0xbd, 0xb7, 0xbd,
    0xb7, 0xbd, 0x96, 0xb5, 0x96, 0xb5, 0x76, 0xb5, 0x55, 0xb5, 0x55, 0xad,
    0x55, 0xad, 0x35, 0xad, 0x14, 0xa5, 0xf4, 0xa4, 0xb3, 0x9c, 0x72, 0x94,
    0x31, 0x8c, 0xf0, 0x7b, 0x8e, 0x73, 0x0c, 0x63, 0x8a, 0x52, 0xe8, 0x39,
    0x04, 0x21, 0xe3, 0x18, 0xe4, 0x18, 0xe3, 0x20, 0xe4, 0x18, 0xe3, 0x18,
    0xe4, 0x20, 0x04, 0x21, 0x45, 0x29, 0x65, 0x29, 0x66, 0x29, 0x86, 0x31,
    0xa7, 0x31, 0xc7, 0x31, 0xc7, 0x39, 0xe8, 0x39, 0xe8, 0x39, 0x08, 0x42,
    0x08, 0x42, 0x29, 0x42, 0x29, 0x42, 0x29, 0x42, 0x29, 0x42, 0x29, 0x42,
    0x08, 0x42, 0x08, 0x3a, 0xe8, 0x39, 0xc7, 0x39, 0xa7, 0x39, 0xa7, 0x31,
    0x86, 0x31, 0x66, 0x29, 0x66, 0x29, 0x45, 0x29, 0x25, 0x21, 0x24, 0x21,
    0x04, 0x21, 0xe4, 0x18, 0x86, 0x31, 0x6a, 0x52, 0x2d, 0x63, 0xaf, 0x73,
    0x8e, 0x73, 0x4e, 0x6b, 0x10, 0x7c, 0xb3, 0x94, 0x14, 0xa5, 0x35, 0xad,
    0x76, 0xad, 0x96, 0xb5, 0x96, 0xb5, 0xb7, 0xbd, 0xd7, 0xbd, 0xd7, 0xbd,
    0xd8, 0xbd, 0xd8, 0xbd, 0xf7, 0xc5, 0xf7, 0xbd, 0xf8, 0xbd, 0xd7, 0xbd,
    0xb7, 0xbd, 0xb7, 0xb5, 0x96, 0xb5, 0x35, 0xa5, 0x56, 0xad, 0x76, 0xad,
    0x56, 0xad, 0x96, 0xb5, 0xb7, 0xbd, 0xb6, 0xbd, 0x96, 0xbd, 0xb7, 0xbd,
    0xb7, 0xb5, 0xd7, 0xbd, 0xf8, 0xbd, 0xf8, 0xbd, 0xd8, 0xbd, 0x96, 0xb5,
    0x56, 0xad, 0x55, 0xa5, 0x35, 0xa5, 0x35, 0xa5, 0x15, 0x9d, 0x15, 0x9d,
    0x15, 0x9d, 0x15, 0x9d, 0x35, 0xa5, 0x55, 0xa5, 0x56, 0xad, 0x76, 0xad,
    0x96, 0xad, 0x97, 0xb5, 0xb7, 0xb5, 0xb7, 0xb5, 0xd7, 0xbd, 0xf8, 0xbd,
    0xf8, 0xbd, 0x18, 0xc6, 0x19, 0xc6, 0x19, 0xc6, 0x38, 0xc6, 0x39, 0xc6,
    0x39, 0xc6, 0x39, 0xc6, 0x39, 0xce, 0x39, 0xc6, 0x38, 0xc6, 0x18, 0xc6,
    0x19, 0xc6, 0x19, 0xbe, 0xf8, 0xbd, 0xf8, 0xbd, 0xf8, 0xbd, 0xd7, 0xbd,
    0xb7, 0xb5, 0x97, 0xb5, 0x96, 0xb5, 0x96, 0xad, 0x76, 0xb5, 0x56, 0xad,
    0x55, 0xad, 0x35, 0xa5, 0xf4, 0x9c, 0xd3, 0x9c, 0x92, 0x94, 0x51, 0x8c,
    0x11, 0x84, 0xcf, 0x7b, 0x8f, 0x73, 0x4d, 0x63, 0x0c, 0x63, 0xab, 0x5a,
    0x6a, 0x4a, 0x29, 0x42, 0xe8, 0x41, 0x86, 0x31, 0x45, 0x29, 0x25, 0x21,
    0xe3, 0x18, 0x82, 0x10, 0x62, 0x10, 0x82, 0x08, 0x62, 0x10, 0x62, 0x10,
    0x62, 0x08, 0x62, 0x10, 0x62, 0x08, 0x61, 0x10, 0x62, 0x08, 0x62, 0x10,
    0x76, 0xad, 0x76, 0xad, 0x56, 0xad, 0x55, 0xad, 0x56, 0xad, 0x76, 0xb5,
    0x96, 0xb5, 0xb7, 0xb5, 0x97, 0xb5, 0xb7, 0xb5, 0xb7, 0xbd, 0xb7, 0xbd,
    0xb6, 0xbd, 0xb7, 0xb5, 0x96, 0xb5, 0x76, 0xb5, 0x55, 0xad, 0x35, 0xad,
    0x15, 0xa5, 0x14, 0xa5, 0xf4, 0xa4, 0xd3, 0x9c, 0x72, 0x94, 0x31, 0x8c,
    0xcf, 0x83, 0x6e, 0x73, 0x2d, 0x63, 0xab, 0x52, 0x08, 0x42, 0x45, 0x29,
    0xe4, 0x18, 0xe3, 0x20, 0xe4, 0x20, 0xe4, 0x18, 0xe3, 0x18, 0xe4, 0x20,
    0x04, 0x21, 0x45, 0x29, 0x66, 0x29, 0x66, 0x29, 0x86, 0x31, 0xa7, 0x31,
    0xc7, 0x39, 0xc7, 0x39, 0xe8, 0x39, 0xe8, 0x39, 0x08, 0x42, 0x29, 0x42,
    0x29, 0x42, 0x49, 0x42, 0x29, 0x42, 0x29, 0x42, 0x29, 0x42, 0x29, 0x42,
    0x08, 0x42, 0xe8, 0x39, 0xe8, 0x39, 0xc7, 0x39, 0xa7, 0x31, 0x86, 0x31,
    0x86, 0x29, 0x66, 0x29, 0x45, 0x29, 0x25, 0x21, 0x25, 0x21, 0x04, 0x21,
    0xe4, 0x20, 0x66, 0x29, 0x6a, 0x4a, 0x0d, 0x63, 0x8f, 0x73, 0x10, 0x84,
    0x31, 0x84, 0xd0, 0x7b, 0x31, 0x84, 0x92, 0x94, 0x14, 0xa5, 0x56, 0xad,
    0x76, 0xb5, 0x96, 0xb5, 0xb7, 0xb5, 0xd7, 0xbd, 0xd7, 0xbd, 0xd8, 0xbd,
    0xd7, 0xbd, 0xd8, 0xbd, 0xd8, 0xbd, 0xf8, 0xbd, 0xf8, 0xbd, 0xf7, 0xc5,
    0xd7, 0xbd, 0xb7, 0xb5, 0xb7, 0xb5, 0x96, 0xb5, 0x55, 0xad, 0x76, 0xad,
    0x56, 0xad, 0x76, 0xb5, 0x96, 0xbd, 0x96, 0xb5, 0x96, 0xbd, 0x96, 0xbd,
    0xb6, 0xb5, 0xd7, 0xbd, 0xd8, 0xbd, 0xf8, 0xc5, 0x18, 0xc6, 0xd7, 0xb5,
    0x76, 0xad, 0x35, 0xa5, 0x35, 0xa5, 0x15, 0xa5, 0x15, 0x9d, 0x15, 0x9d,
    0x14, 0x9d, 0x35, 0xa5, 0x35, 0xa5, 0x55, 0xa5, 0x56, 0xad, 0x76, 0xad,
    0x96, 0xb5, 0x97, 0xb5, 0xb7, 0xb5, 0xd7, 0xbd, 0xf8, 0xbd, 0xf8, 0xbd,
    0xf8, 0xbd, 0x18, 0xc6, 0x39, 0xc6, 0x39, 0xc6, 0x39, 0xce, 0x39, 0xc6,
    0x39, 0xce, 0x39, 0xce, 0x39, 0xc6, 0x39, 0xc6, 0x39, 0xc6, 0x18, 0xc6,
    0x18, 0xc6, 0x18, 0xbe, 0xf8, 0xbd, 0xf8, 0xbd, 0xd8, 0xbd, 0xb7, 0xb5,
    0xb7, 0xb5, 0x97, 0xb5, 0x96, 0xad, 0x76, 0xad, 0x76, 0xad, 0x56, 0xad,
    0x35, 0xa5, 0x14, 0x9d, 0xd3, 0x9c, 0x93, 0x94, 0x72, 0x8c, 0x31, 0x84,
    0xf0, 0x7b, 0x8f, 0x73, 0x4d, 0x6b, 0x0c, 0x63, 0xab, 0x52, 0x6a, 0x4a,
    0x29, 0x42, 0xe8, 0x39, 0x86, 0x31, 0x45, 0x29, 0x25, 0x21, 0xe3, 0x18,
    0x82, 0x10, 0x62, 0x10, 0x82, 0x10, 0x82, 0x10, 0x62, 0x08, 0x82, 0x08,
    0x61, 0x10, 0x62, 0x10, 0x62, 0x08, 0x62, 0x08, 0x61, 0x10, 0x82, 0x10,
    0x96, 0xb5, 0x76, 0xad, 0x76, 0xad, 0x76, 0xad, 0x55, 0xad, 0x56, 0xad,
    0x76, 0xb5, 0x96, 0xb5, 0xb7, 0xb5, 0xb7, 0xbd, 0xb7, 0xb5, 0xb7, 0xbd,
    0xb7, 0xbd, 0xb7, 0xbd, 0x96, 0xb5, 0x76, 0xb5, 0x55, 0xad, 0x14, 0xa5,
    0xf4, 0xa4, 0xf4, 0xa4, 0xd3, 0x9c, 0x92, 0x94, 0x51, 0x8c, 0xf0, 0x83,
    0x8e, 0x73, 0x0c, 0x6b, 0xab, 0x5a, 0x29, 0x42, 0x66, 0x31, 0xe4, 0x20,
    0xe4, 0x18, 0xe4, 0x18, 0xe4, 0x20, 0xe3, 0x18, 0xe4, 0x20, 0x04, 0x21,
    0x25, 0x21, 0x65, 0x29, 0x66, 0x29, 0xa6, 0x31, 0xa7, 0x31, 0xc7, 0x39,
    0xe8, 0x39, 0xe8, 0x39, 0x08, 0x42, 0x09, 0x42, 0x29, 0x42, 0x49, 0x42,
    0x49, 0x42, 0x49, 0x4a, 0x49, 0x4a, 0x49, 0x42, 0x29, 0x42, 0x29, 0x42,
    0x08, 0x42, 0xe8, 0x39, 0xe8, 0x39, 0xc7, 0x39, 0xa7, 0x31, 0x86, 0x31,
    0x66, 0x29, 0x45, 0x29, 0x45, 0x29, 0x25, 0x21, 0x04, 0x21, 0xe4, 0x18,
    0x45, 0x29, 0x49, 0x4a, 0x0c, 0x63, 0x8f, 0x73, 0xf0, 0x7b, 0x52, 0x8c,
    0x92, 0x94, 0x52, 0x8c, 0x72, 0x8c, 0xb3, 0x9c, 0xf4, 0x9c, 0x55, 0xad,
    0x96, 0xb5, 0xb7, 0xb5, 0xb7, 0xbd, 0xd7, 0xbd, 0xd7, 0xbd, 0xd7, 0xbd,
    0xd7, 0xbd, 0xd7, 0xc5, 0xd8, 0xbd, 0xf8, 0xbd, 0xf8, 0xc5, 0xf8, 0xbd,
    0xd8, 0xbd, 0xd7, 0xbd, 0xb7, 0xbd, 0xb7, 0xb5, 0x96, 0xb5, 0x76, 0xad,
    0x76, 0xb5, 0x75, 0xb5, 0x75, 0xb5, 0x96, 0xbd, 0xb6, 0xbd, 0x95, 0xbd,
    0x96, 0xbd, 0xb7, 0xbd, 0xd7, 0xbd, 0xf8, 0xbd, 0xf8, 0xc5, 0xf8, 0xc5,
    0xd7, 0xb5, 0x76, 0xad, 0x56, 0xa5, 0x35, 0xa5, 0x35, 0xa5, 0x35, 0xa5,
    0x35, 0xa5, 0x55, 0xa5, 0x56, 0xad, 0x56, 0xad, 0x76, 0xad, 0x96, 0xad,
    0x97, 0xb5, 0xb7, 0xb5, 0xd7, 0xbd, 0xd8, 0xbd, 0xf8, 0xbd, 0xf8, 0xc5,
    0x18, 0xc6, 0x19, 0xc6, 0x19, 0xc6, 0x39, 0xc6, 0x39, 0xc6, 0x39, 0xc6,
    0x39, 0xc6, 0x39, 0xce, 0x39, 0xce, 0x39, 0xc6, 0x39, 0xc6, 0x19, 0xc6,
    0x18, 0xc6, 0x18, 0xbe, 0xf8, 0xbd, 0xd8, 0xbd, 0xb7, 0xb5, 0xb7, 0xb5,
    0xb7, 0xb5, 0x96, 0xb5, 0x96, 0xad, 0x76, 0xad, 0x55, 0xad, 0x35, 0xa5,
    0x14, 0xa5, 0xd4, 0x9c, 0xb3, 0x94, 0x72, 0x8c, 0x31, 0x84, 0xf0, 0x7b,
    0xaf, 0x73, 0x4d, 0x6b, 0x0c, 0x63, 0xcb, 0x52, 0x6a, 0x4a, 0x29, 0x42,
    0xe8, 0x41, 0x86, 0x31, 0x45, 0x29, 0x25, 0x21, 0xc3, 0x18, 0x82, 0x10,
    0x62, 0x10, 0x62, 0x10, 0x82, 0x08, 0x62, 0x08, 0x62, 0x10, 0x81, 0x10,
    0x62, 0x10, 0x62, 0x08, 0x81, 0x10, 0x62, 0x10, 0x62, 0x08, 0x62, 0x08,
    0x76, 0xb5, 0x76, 0xb5, 0x76, 0xb5, 0x76, 0xad, 0x76, 0xb5, 0x76, 0xad,
    0x76, 0xad, 0x96, 0xb5, 0xb7, 0xb5, 0xb7, 0xbd, 0xd7, 0xbd, 0xb7, 0xb5,
    0xb6, 0xbd, 0x96, 0xb5, 0x76, 0xb5, 0x76, 0xb5, 0x55, 0xad, 0x14, 0xa5,
    0xd3, 0x9c, 0xb3, 0x9c, 0xb3, 0x94, 0x51, 0x8c, 0xf0, 0x83, 0x8f, 0x7b,
    0x2d, 0x6b, 0xaa, 0x5a, 0x29, 0x4a, 0xa6, 0x31, 0x04, 0x21, 0xe4, 0x20,
    0xe3, 0x18, 0xe3, 0x20, 0xe4, 0x18, 0xe3, 0x18, 0x04, 0x21, 0x25, 0x29,
    0x65, 0x29, 0x66, 0x31, 0xa7, 0x31, 0xa7, 0x31, 0xc7, 0x39, 0xe8, 0x39,
    0xe8, 0x39, 0x08, 0x42, 0x29, 0x42, 0x29, 0x42, 0x49, 0x4a, 0x49, 0x4a,
    0x49, 0x4a, 0x4a, 0x4a, 0x4a, 0x4a, 0x49, 0x42, 0x29, 0x42, 0x09, 0x42,
    0x08, 0x42, 0xe8, 0x39, 0xc7, 0x39, 0xa7, 0x31, 0x86, 0x31, 0x66, 0x31,
    0x46, 0x29, 0x25, 0x29, 0x25, 0x21, 0x04, 0x21, 0xe4, 0x20, 0x25, 0x21,
    0x29, 0x42, 0xec, 0x5a, 0x8e, 0x73, 0xf0, 0x7b, 0x52, 0x8c, 0x93, 0x94,
    0xd3, 0x9c, 0xd4, 0x9c, 0xd3, 0x9c, 0xd4, 0x9c, 0x14, 0xa5, 0x35, 0xad,
    0x96, 0xb5, 0xb7, 0xbd, 0xd7, 0xbd, 0xd7, 0xbd, 0xd7, 0xbd, 0xd7, 0xbd,
    0xd7, 0xbd, 0xd7, 0xbd, 0xd7, 0xc5, 0xd7, 0xbd, 0xd8, 0xc5, 0xf8, 0xbd,
    0xf7, 0xbd, 0xf8, 0xbd, 0xd7, 0xbd, 0xb7, 0xbd, 0xb7, 0xb5, 0x96, 0xb5,
    0x96, 0xb5, 0x75, 0xb5, 0x75, 0xb5, 0x95, 0xbd, 0x95, 0xbd, 0x95, 0xbd,
    0x95, 0xbd, 0xb6, 0xbd, 0xd7, 0xbd, 0xf8, 0xbd, 0x18, 0xc6, 0x18, 0xc6,
    0xf8, 0xbd, 0xb7, 0xb5, 0x76, 0xad, 0x76, 0xad, 0x56, 0xad, 0x56, 0xa5,
    0x55, 0xa5, 0x56, 0xad, 0x76, 0xad, 0x76, 0xad, 0x96, 0xad, 0x97, 0xb5,
    0xb7, 0xb5, 0xb7, 0xb5, 0xd7, 0xbd, 0xf8, 0xbd, 0xf8, 0xbd, 0x18, 0xc6,
    0x19, 0xc6, 0x39, 0xc6, 0x38, 0xc6, 0x39, 0xce, 0x39, 0xc6, 0x39, 0xc6,
    0x39, 0xce, 0x38, 0xc6, 0x39, 0xc6, 0x39, 0xce, 0x38, 0xce, 0x39, 0xc6,
    0x18, 0xc6, 0xf8, 0xbd, 0xf8, 0xbd, 0xd7, 0xbd, 0xb7, 0xb5, 0xb7, 0xb5,
    0x96, 0xb5, 0x96, 0xad, 0x76, 0xad, 0x56, 0xad, 0x55, 0xad, 0x14, 0xa5,
    0xf4, 0x9c, 0xb3, 0x94, 0x72, 0x8c, 0x31, 0x8c, 0xf0, 0x7b, 0xaf, 0x73,
    0x4e, 0x6b, 0x0c, 0x63, 0xcb, 0x5a, 0x6a, 0x4a, 0x29, 0x42, 0xe8, 0x41,
    0xa6, 0x31, 0x46, 0x29, 0x25, 0x21, 0xc3, 0x18, 0x82, 0x10, 0x62, 0x10,
    0x82, 0x08, 0x82, 0x10, 0x62, 0x08, 0x82, 0x10, 0x62, 0x10, 0x82, 0x10,
    0x62, 0x08, 0x62, 0x10, 0x62, 0x08, 0x62, 0x08, 0x62, 0x10, 0x62, 0x10,
    0x76, 0xad, 0x76, 0xad, 0x76, 0xad, 0x76, 0xb5, 0x76, 0xad, 0x76, 0xb5,
    0x76, 0xad, 0x76, 0xad, 0x97, 0xb5, 0x97, 0xb5, 0xb7, 0xbd, 0xd7, 0xbd,
    0x97, 0xb5, 0x96, 0xb5, 0x76, 0xb5, 0x55, 0xad, 0x55, 0xad, 0x14, 0xa5,
    0xb3, 0x9c, 0x72, 0x94, 0x71, 0x94, 0x10, 0x8c, 0xaf, 0x7b, 0x4d, 0x6b,
    0xcb, 0x62, 0x49, 0x4a, 0xc7, 0x39, 0x24, 0x21, 0xe4, 0x18, 0xe4, 0x20,
    0xe3, 0x18, 0xe4, 0x20, 0xe4, 0x20, 0x04, 0x21, 0x25, 0x21, 0x65, 0x29,
    0x86, 0x29, 0xa7, 0x31, 0xa7, 0x39, 0xc7, 0x39, 0xe8, 0x39, 0x08, 0x3a,
    0x08, 0x42, 0x29, 0x42, 0x49, 0x42, 0x49, 0x4a, 0x4a, 0x4a, 0x6a, 0x4a,
    0x6a, 0x4a, 0x6a, 0x4a, 0x49, 0x42, 0x29, 0x42, 0x29, 0x42, 0x08, 0x42,
    0xe8, 0x39, 0xc7, 0x39, 0xc7, 0x31, 0xa7, 0x31, 0x86, 0x31, 0x66, 0x29,
    0x45, 0x29, 0x25, 0x21, 0x05, 0x21, 0x04, 0x21, 0x24, 0x21, 0x08, 0x42,
    0xcc, 0x5a, 0x6e, 0x6b, 0xd0, 0x7b, 0x31, 0x84, 0x92, 0x94, 0xd3, 0x9c,
    0xf4, 0x9c, 0x35, 0xa5, 0x35, 0xad, 0x14, 0xa5, 0x35, 0xad, 0x55, 0xad,
    0x76, 0xb5, 0xb7, 0xbd, 0xd7, 0xbd, 0xd7, 0xbd, 0xb7, 0xbd, 0xb7, 0xbd,
    0xd7, 0xbd, 0xb7, 0xbd, 0xd7, 0xbd, 0xd7, 0xbd, 0xd7, 0xbd, 0xf8, 0xbd,
    0xf8, 0xc5, 0xf8, 0xbd, 0xd8, 0xbd, 0xd7, 0xbd, 0xb7, 0xb5, 0xb7, 0xb5,
    0xb7, 0xbd, 0x96, 0xb5, 0x75, 0xbd, 0x75, 0xbd, 0x74, 0xbd, 0x74, 0xbd,
    0x94, 0xbd, 0xb5, 0xbd, 0xb7, 0xbd, 0xd7, 0xc5, 0xf8, 0xbd, 0xf8, 0xbd,
    0x18, 0xc6, 0xf8, 0xbd, 0xb7, 0xb5, 0x97, 0xb5, 0x76, 0xb5, 0x76, 0xad,
    0x76, 0xad, 0x76, 0xad, 0x76, 0xad, 0x96, 0xb5, 0x97, 0xb5, 0xb7, 0xb5,
    0xb7, 0xb5, 0xd7, 0xbd, 0xd8, 0xbd, 0xf8, 0xbd, 0x18, 0xc6, 0x18, 0xc6,
    0x39, 0xc6, 0x39, 0xc6, 0x39, 0xc6, 0x39, 0xc6, 0x39, 0xce, 0x38, 0xce,
    0x39, 0xce, 0x39, 0xc6, 0x39, 0xc6, 0x39, 0xc6, 0x39, 0xc6, 0x39, 0xc6,
    0x18, 0xc6, 0xf8, 0xbd, 0xd8, 0xbd, 0xd7, 0xb5, 0xb7, 0xb5, 0x97, 0xb5,
    0x96, 0xb5, 0x76, 0xad, 0x56, 0xad, 0x55, 0xad, 0x35, 0xa5, 0xf4, 0x9c,
    0xb3, 0x94, 0x92, 0x8c, 0x51, 0x84, 0x10, 0x84, 0xcf, 0x73, 0x6e, 0x6b,
    0x2d, 0x63, 0xcb, 0x5a, 0x8a, 0x52, 0x29, 0x42, 0xe8, 0x41, 0x86, 0x31,
    0x46, 0x29, 0x24, 0x21, 0xc3, 0x18, 0x82, 0x10, 0x62, 0x10, 0x62, 0x10,
    0x82, 0x10, 0x62, 0x08, 0x82, 0x10, 0x62, 0x10, 0x82, 0x10, 0x82, 0x08,
    0x82, 0x10, 0x62, 0x10, 0x61, 0x10, 0x61, 0x08, 0x62, 0x10, 0x61, 0x08,
    0x76, 0xb5, 0x76, 0xad, 0x76, 0xad, 0x76, 0xb5, 0x76, 0xad, 0x76, 0xad,
    0x96, 0xb5, 0x96, 0xb5, 0x76, 0xad, 0x96, 0xb5, 0xb7, 0xbd, 0xb7, 0xb5,
    0x96, 0xb5, 0x76, 0xb5, 0x76, 0xad, 0x55, 0xad, 0x35, 0xad, 0xf4, 0xa4,
    0xb3, 0x9c, 0x52, 0x94, 0x10, 0x8c, 0xcf, 0x83, 0x6e, 0x73, 0x0c, 0x63,
    0x6a, 0x52, 0xe8, 0x41, 0x45, 0x29, 0xe4, 0x20, 0xe4, 0x20, 0xe3, 0x18,
    0xe4, 0x18, 0xe4, 0x18, 0x04, 0x21, 0x24, 0x21, 0x45, 0x29, 0x66, 0x31,
    0x87, 0x31, 0xa7, 0x31, 0xc7, 0x39, 0xe8, 0x39, 0x08, 0x42, 0x29, 0x42,
    0x29, 0x42, 0x29, 0x42, 0x49, 0x4a, 0x6a, 0x4a, 0x6a, 0x4a, 0x6a, 0x4a,
    0x6a, 0x4a, 0x6a, 0x4a, 0x49, 0x4a, 0x29, 0x42, 0x29, 0x42, 0x08, 0x42,
    0xe8, 0x39, 0xc7, 0x39, 0xa7, 0x31, 0x86, 0x31, 0x66, 0x29, 0x45, 0x29,
    0x45, 0x29, 0x25, 0x21, 0x04, 0x21, 0x04, 0x21, 0xc7, 0x39, 0xab, 0x52,
    0x4e, 0x6b, 0xcf, 0x7b, 0x31, 0x84, 0x92, 0x94, 0xb3, 0x9c, 0xf4, 0x9c,
    0x35, 0xa5, 0x55, 0xad, 0x76, 0xad, 0x76, 0xb5, 0x56, 0xad, 0x76, 0xb5,
    0x96, 0xb5, 0x96, 0xb5, 0xd7, 0xbd, 0xd7, 0xbd, 0xb7, 0xbd, 0xd7, 0xbd,
    0xd7, 0xbd, 0xd7, 0xc5, 0xd7, 0xbd, 0xb7, 0xbd, 0xd7, 0xbd, 0xd8, 0xbd,
    0xf8, 0xbd, 0xf7, 0xc5, 0xf8, 0xbd, 0xf8, 0xbd, 0xd7, 0xbd, 0xb7, 0xb5,
    0xb7, 0xb5, 0x96, 0xbd, 0x95, 0xbd, 0x74, 0xbd, 0x54, 0xbd, 0x74, 0xbd,
    0x73, 0xbd, 0x95, 0xbd, 0xb6, 0xc5, 0xd7, 0xbd, 0xf8, 0xc5, 0x18, 0xc6,
    0xf8, 0xbd, 0x18, 0xc6, 0xf8, 0xbd, 0xb7, 0xb5, 0xb7, 0xb5, 0x97, 0xb5,
    0x96, 0xb5, 0x96, 0xb5, 0x97, 0xad, 0x97, 0xb5, 0xb7, 0xb5, 0xd7, 0xbd,
    0xd8, 0xbd, 0xf8, 0xbd, 0xf8, 0xbd, 0x18, 0xc6, 0x19, 0xc6, 0x39, 0xc6,
    0x39, 0xc6, 0x39, 0xce, 0x39, 0xc6, 0x39, 0xce, 0x39, 0xc6, 0x39, 0xc6,
    0x19, 0xc6, 0x39, 0xc6, 0x39, 0xc6, 0x19, 0xc6, 0x19, 0xc6, 0x18, 0xc6,
    0x18, 0xc6, 0xf8, 0xbd, 0xd7, 0xbd, 0xb7, 0xb5, 0x97, 0xb5, 0x96, 0xb5,
    0x76, 0xad, 0x76, 0xad, 0x55, 0xad, 0x15, 0xa5, 0xf4, 0x9c, 0xd3, 0x9c,
    0x92, 0x94, 0x51, 0x8c, 0x11, 0x84, 0xcf, 0x7b, 0x6e, 0x6b, 0x2d, 0x63,
    0xcc, 0x5a, 0x8a, 0x52, 0x29, 0x42, 0xe8, 0x39, 0x86, 0x31, 0x66, 0x29,
    0x04, 0x21, 0xc3, 0x18, 0x62, 0x10, 0x61, 0x10, 0x62, 0x08, 0x62, 0x08,
    0x62, 0x10, 0x81, 0x10, 0x62, 0x10, 0x82, 0x10, 0x82, 0x10, 0x62, 0x10,
    0x82, 0x10, 0x62, 0x08, 0x61, 0x08, 0x62, 0x10, 0x62, 0x08, 0x61, 0x08,
    0x76, 0xad, 0x76, 0xb5, 0x76, 0xad, 0x76, 0xad, 0x76, 0xb5, 0x76, 0xb5,
    0x96, 0xad, 0x76, 0xad, 0x76, 0xb5, 0x96, 0xb5, 0x97, 0xb5, 0xb7, 0xb5,
    0x96, 0xb5, 0x76, 0xb5, 0x55, 0xad, 0x35, 0xad, 0xf4, 0xa4, 0xd3, 0x9c,
    0x92, 0x94, 0x51, 0x8c, 0xf0, 0x83, 0x8e, 0x73, 0x0c, 0x6b, 0xaa, 0x5a,
    0x08, 0x4a, 0x66, 0x31, 0xe4, 0x20, 0xe3, 0x18, 0xe4, 0x18, 0xe4, 0x20,
    0xe3, 0x20, 0xe4, 0x20, 0x24, 0x21, 0x45, 0x29, 0x66, 0x29, 0x86, 0x31,
    0xa7, 0x31, 0xc7, 0x39, 0xe8, 0x39, 0x08, 0x42, 0x29, 0x42, 0x29, 0x42,
    0x49, 0x42, 0x6a, 0x4a, 0x6a, 0x4a, 0x6a, 0x4a, 0x8a, 0x4a, 0x8a, 0x52,
    0x6a, 0x4a, 0x4a, 0x4a, 0x49, 0x4a, 0x29, 0x42, 0x08, 0x42, 0xe8, 0x39,
    0xc8, 0x39, 0xa7, 0x31, 0xa6, 0x31, 0x66, 0x29, 0x66, 0x29, 0x45, 0x29,
    0x25, 0x21, 0x04, 0x21, 0x04, 0x21, 0xa7, 0x31, 0x8b, 0x52, 0x2d, 0x63,
    0xaf, 0x73, 0x31, 0x84, 0x72, 0x8c, 0xb3, 0x9c, 0xf4, 0x9c, 0x15, 0xa5,
    0x35, 0xa5, 0x76, 0xad, 0x76, 0xb5, 0x96, 0xb5, 0xb7, 0xb5, 0x96, 0xb5,
    0x76, 0xb5, 0x96, 0xb5, 0xb7, 0xbd, 0xb7, 0xbd, 0xd7, 0xbd, 0xb7, 0xbd,
    0xb7, 0xbd, 0xb7, 0xbd, 0xd7, 0xbd, 0xd7, 0xbd, 0xd7, 0xc5, 0xd8, 0xc5,
    0xd8, 0xbd, 0xf8, 0xbd, 0xf8, 0xbd, 0xf8, 0xc5, 0xf8, 0xc5, 0xd7, 0xbd,
    0x97, 0xb5, 0x96, 0xb5, 0xb6, 0xbd, 0x95, 0xbd, 0x94, 0xbd, 0x73, 0xbd,
    0x53, 0xbd, 0x74, 0xc5, 0xb5, 0xc5, 0xb6, 0xbd, 0xf7, 0xc5, 0x18, 0xc6,
    0xf8, 0xc5, 0xf8, 0xbd, 0x18, 0xc6, 0xf8, 0xbd, 0xd8, 0xbd, 0xb7, 0xb5,
    0xb7, 0xb5, 0xb7, 0xb5, 0xb7, 0xb5, 0xb7, 0xb5, 0xd7, 0xbd, 0xd7, 0xbd,
    0xf8, 0xbd, 0xf8, 0xbd, 0x18, 0xc6, 0x18, 0xc6, 0x19, 0xc6, 0x39, 0xc6,
    0x39, 0xc6, 0x39, 0xc6, 0x39, 0xce, 0x38, 0xce, 0x39, 0xc6, 0x39, 0xc6,
    0x39, 0xce, 0x19, 0xc6, 0x18, 0xc6, 0x18, 0xc6, 0x18, 0xc6, 0x18, 0xc6,
    0xf8, 0xc5, 0xf8, 0xbd, 0xd7, 0xbd, 0xb7, 0xb5, 0xb7, 0xb5, 0x96, 0xb5,
    0x76, 0xad, 0x55, 0xad, 0x35, 0xa5, 0xf4, 0x9c, 0xd3, 0x9c, 0x92, 0x94,
    0x72, 0x8c, 0x11, 0x84, 0xd0, 0x7b, 0x8e, 0x6b, 0x2d, 0x63, 0xcc, 0x5a,
    0x8a, 0x52, 0x29, 0x42, 0xe8, 0x39, 0x87, 0x31, 0x65, 0x29, 0x24, 0x21,
    0xa3, 0x18, 0x62, 0x10, 0x62, 0x08, 0x62, 0x10, 0x62, 0x08, 0x62, 0x10,
    0x82, 0x08, 0x82, 0x10, 0x82, 0x10, 0x62, 0x10, 0x82, 0x08, 0x82, 0x08,
    0x82, 0x10, 0x62, 0x08, 0x61, 0x08, 0x62, 0x08, 0x42, 0x10, 0x61, 0x08,
    0x76, 0xad, 0x76, 0xb5, 0x96, 0xb5, 0x76, 0xad, 0x76, 0xb5, 0x76, 0xb5,
    0x96, 0xb5, 0x76, 0xb5, 0x76, 0xad, 0x96, 0xb5, 0x96, 0xb5, 0x76, 0xb5,
    0x76, 0xb5, 0x56, 0xad, 0x35, 0xad, 0x14, 0xa5, 0xf3, 0xa4, 0xb3, 0x9c,
    0x52, 0x94, 0x10, 0x84, 0xaf, 0x7b, 0x2d, 0x6b, 0xab, 0x5a, 0x29, 0x4a,
    0xa6, 0x31, 0x04, 0x21, 0xe4, 0x18, 0xe4, 0x18, 0xe4, 0x20, 0xe3, 0x18,
    0xe4, 0x18, 0x04, 0x21, 0x45, 0x29, 0x66, 0x29, 0x86, 0x31, 0xa7, 0x31,
    0xe7, 0x39, 0xe8, 0x39, 0x09, 0x42, 0x29, 0x42, 0x49, 0x42, 0x49, 0x4a,
    0x6a, 0x4a, 0x8a, 0x4a, 0x8a, 0x4a, 0x8a, 0x52, 0x8b, 0x52, 0x8a, 0x4a,
    0x6a, 0x4a, 0x4a, 0x4a, 0x29, 0x42, 0x29, 0x42, 0x08, 0x42, 0xe8, 0x39,
    0xc7, 0x39, 0xa7, 0x31, 0x86, 0x31, 0x66, 0x29, 0x45, 0x29, 0x25, 0x21,
    0x04, 0x21, 0x04, 0x21, 0xa7, 0x31, 0x8a, 0x52, 0x2d, 0x63, 0xaf, 0x73,
    0x11, 0x84, 0x72, 0x8c, 0xb3, 0x94, 0xd4, 0x9c, 0x15, 0xa5, 0x35, 0xad,
    0x55, 0xad, 0x76, 0xb5, 0x96, 0xb5, 0xb7, 0xb5, 0xd7, 0xbd, 0xb7, 0xbd,
    0x96, 0xb5, 0x96, 0xb5, 0xb7, 0xbd, 0xb7, 0xbd, 0xd7, 0xbd, 0xb7, 0xbd,
    0xb7, 0xbd, 0xb7, 0xbd, 0xd7, 0xbd, 0xd7, 0xbd, 0xd7, 0xbd, 0xd7, 0xbd,
    0xf7, 0xbd, 0xf8, 0xbd, 0xf8, 0xc5, 0xf7, 0xbd, 0xf8, 0xbd, 0xd8, 0xbd,
    0xb7, 0xb5, 0x97, 0xb5, 0xb7, 0xbd, 0xb6, 0xc5, 0x95, 0xc5, 0x73, 0xc5,
    0x52, 0xc5, 0x52, 0xc5, 0x94, 0xc5, 0xb5, 0xc5, 0xd7, 0xc5, 0xf8, 0xbd,
    0x18, 0xbe, 0xf8, 0xc5, 0xf8, 0xbd, 0xf8, 0xc5, 0xf8, 0xbd, 0xf8, 0xbd,
    0xd8, 0xbd, 0xd7, 0xbd, 0xd7, 0xbd, 0xd8, 0xbd, 0xf8, 0xbd, 0xf8, 0xbd,
    0xf8, 0xbd, 0x18, 0xc6, 0x18, 0xc6, 0x39, 0xc6, 0x39, 0xc6, 0x39, 0xce,
    0x39, 0xc6, 0x39, 0xc6, 0x39, 0xc6, 0x19, 0xc6, 0x39, 0xc6, 0x39, 0xc6,
    0x18, 0xc6, 0x18, 0xc6, 0x18, 0xc6, 0x18, 0xc6, 0xf8, 0xbd, 0xf8, 0xbd,
    0xf8, 0xbd, 0xd8, 0xbd, 0xb7, 0xbd, 0xb7, 0xb5, 0x96, 0xb5, 0x76, 0xad,
    0x55, 0xad, 0x35, 0xa5, 0x14, 0x9d, 0xd4, 0x9c, 0x93, 0x94, 0x72, 0x8c,
    0x11, 0x84, 0xd0, 0x7b, 0x8e, 0x6b, 0x4d, 0x63, 0xec, 0x5a, 0x8a, 0x52,
    0x49, 0x4a, 0xe8, 0x41, 0xa7, 0x31, 0x65, 0x29, 0x04, 0x21, 0xa3, 0x10,
    0x62, 0x10, 0x61, 0x08, 0x62, 0x10, 0x62, 0x08, 0x62, 0x10, 0x81, 0x10,
    0x62, 0x10, 0x62, 0x08, 0x62, 0x08, 0x82, 0x08, 0x82, 0x10, 0x82, 0x10,
    0x62, 0x10, 0x62, 0x10, 0x61, 0x08, 0x41, 0x08, 0x41, 0x08, 0x41, 0x08,
    0x76, 0xad, 0x76, 0xad, 0x76, 0xb5, 0x76, 0xad, 0x55, 0xad, 0x76, 0xad,
    0x76, 0xad, 0x76, 0xb5, 0x76, 0xb5, 0x76, 0xb5, 0x76, 0xad, 0x76, 0xad,
    0x56, 0xad, 0x55, 0xad, 0x35, 0xa5, 0xf4, 0xa4, 0xd3, 0x9c, 0x72, 0x94,
    0x30, 0x8c, 0xcf, 0x7b, 0x4d, 0x73, 0xeb, 0x62, 0x49, 0x52, 0xc7, 0x39,
    0x24, 0x21, 0xe4, 0x20, 0xe4, 0x20, 0xe3, 0x18, 0xe3, 0x20, 0xe4, 0x20,
    0x04, 0x21, 0x45, 0x29, 0x66, 0x29, 0x86, 0x31, 0xa7, 0x31, 0xe7, 0x39,
    0xe8, 0x39, 0x08, 0x42, 0x29, 0x42, 0x49, 0x4a, 0x4a, 0x4a, 0x6a, 0x4a,
    0x8a, 0x4a, 0x8b, 0x52, 0xab, 0x52, 0x8a, 0x52, 0x8b, 0x52, 0x8a, 0x4a,
    0x6a, 0x4a, 0x49, 0x4a, 0x29, 0x42, 0x08, 0x42, 0xe8, 0x39, 0xc7, 0x39,
    0xa7, 0x31, 0x86, 0x31, 0x66, 0x29, 0x45, 0x29, 0x25, 0x29, 0x25, 0x21,
    0xe4, 0x20, 0x86, 0x31, 0x6a, 0x4a, 0x0d, 0x63, 0x8f, 0x73, 0xf0, 0x83,
    0x52, 0x8c, 0xb3, 0x94, 0xd3, 0x9c, 0x14, 0xa5, 0x35, 0xad, 0x55, 0xad,
    0x76, 0xb5, 0x96, 0xb5, 0xb7, 0xb5, 0xb7, 0xbd, 0xd7, 0xbd, 0xd7, 0xbd,
    0xb7, 0xbd, 0x96, 0xb5, 0x96, 0xb5, 0xb7, 0xbd, 0xb7, 0xbd, 0xb7, 0xbd,
    0xb6, 0xbd, 0xd7, 0xbd, 0xd7, 0xbd, 0xd7, 0xbd, 0xd7, 0xbd, 0xd7, 0xbd,
    0xd8, 0xbd, 0xf8, 0xc5, 0xf8, 0xbd, 0xf8, 0xbd, 0xd7, 0xbd, 0xd7, 0xbd,
    0xd7, 0xbd, 0xb7, 0xb5, 0xb6, 0xbd, 0xb6, 0xbd, 0xb5, 0xc5, 0x74, 0xc5,
    0x52, 0xc5, 0x51, 0xc5, 0x73, 0xc5, 0xb5, 0xc5, 0xd6, 0xc5, 0xf7, 0xbd,
    0xf8, 0xc5, 0x18, 0xc6, 0x18, 0xc6, 0x18, 0xbe, 0x18, 0xc6, 0xf8, 0xc5,
    0xf8, 0xbd, 0xf8, 0xbd, 0xf8, 0xbd, 0xf8, 0xbd, 0xf8, 0xbd, 0x18, 0xc6,
    0x18, 0xc6, 0x19, 0xc6, 0x39, 0xc6, 0x19, 0xc6, 0x39, 0xc6, 0x39, 0xce,
    0x39, 0xce, 0x38, 0xce, 0x39, 0xc6, 0x39, 0xc6, 0x19, 0xc6, 0x38, 0xc6,
    0x18, 0xc6, 0x19, 0xc6, 0x18, 0xc6, 0xf8, 0xc5, 0xf8, 0xbd, 0xf8, 0xbd,
    0xd7, 0xbd, 0xd7, 0xbd, 0xb7, 0xb5, 0x96, 0xb5, 0x76, 0xad, 0x56, 0xad,
    0x35, 0xa5, 0x14, 0xa5, 0xf4, 0x9c, 0xb3, 0x94, 0x72, 0x8c, 0x31, 0x84,
    0xf0, 0x7b, 0x8e, 0x73, 0x4d, 0x63, 0xec, 0x5a, 0x8b, 0x52, 0x49, 0x4a,
    0x08, 0x3a, 0xa7, 0x31, 0x46, 0x29, 0x04, 0x21, 0xa2, 0x18, 0x62, 0x10,
    0x62, 0x10, 0x62, 0x10, 0x61, 0x08, 0x62, 0x10, 0x62, 0x08, 0x62, 0x10,
    0x62, 0x10, 0x61, 0x10, 0x82, 0x10, 0x62, 0x10, 0x61, 0x10, 0x62, 0x10,
    0x62, 0x10, 0x62, 0x08, 0x61, 0x08, 0x41, 0x08, 0x41, 0x08, 0x41, 0x08,
    0x56, 0xad, 0x76, 0xb5, 0x76, 0xad, 0x76, 0xb5, 0x76, 0xad, 0x55, 0xad,
    0x56, 0xad, 0x76, 0xad, 0x96, 0xb5, 0x76, 0xad, 0x55, 0xad, 0x55, 0xad,
    0x55, 0xad, 0x35, 0xad, 0xf4, 0xa4, 0xd3, 0x9c, 0x92, 0x94, 0x51, 0x8c,
    0xd0, 0x83, 0x6e, 0x73, 0xec, 0x62, 0x6a, 0x52, 0xe8, 0x41, 0x45, 0x29,
    0xe3, 0x18, 0xe4, 0x18, 0xe4, 0x20, 0xe3, 0x20, 0xe4, 0x18, 0x04, 0x21,
    0x25, 0x21, 0x66, 0x29, 0x86, 0x31, 0xa7, 0x39, 0xe8, 0x39, 0xe8, 0x39,
    0x08, 0x42, 0x29, 0x42, 0x49, 0x4a, 0x6a, 0x4a, 0x8a, 0x4a, 0x8a, 0x52,
    0x8b, 0x52, 0xab, 0x52, 0xab, 0x52, 0xab, 0x52, 0x8a, 0x4a, 0x6a, 0x4a,
    0x6a, 0x4a, 0x49, 0x4a, 0x29, 0x42, 0x08, 0x3a, 0xe8, 0x39, 0xc7, 0x39,
    0x87, 0x31, 0x86, 0x31, 0x66, 0x29, 0x25, 0x29, 0x25, 0x21, 0x04, 0x21,
    0x66, 0x29, 0x4a, 0x4a, 0x0c, 0x63, 0x8e, 0x73, 0xf0, 0x7b, 0x51, 0x84,
    0x93, 0x94, 0xd4, 0x9c, 0xf4, 0xa4, 0x35, 0xa5, 0x55, 0xad, 0x76, 0xb5,
    0x96, 0xb5, 0xb7, 0xb5, 0xb7, 0xbd, 0xd7, 0xbd, 0xd7, 0xbd, 0xb7, 0xbd,
    0xd7, 0xbd, 0xb7, 0xbd, 0x96, 0xb5, 0xb6, 0xbd, 0xb7, 0xbd, 0xb7, 0xbd,
    0xb7, 0xbd, 0xb7, 0xbd, 0xb7, 0xbd, 0xd7, 0xbd, 0xd7, 0xbd, 0xd8, 0xc5,
    0xf8, 0xbd, 0xf7, 0xbd, 0xd7, 0xc5, 0xd8, 0xbd, 0xd7, 0xbd, 0xd7, 0xbd,
    0xd7, 0xbd, 0xb7, 0xb5, 0x96, 0xb5, 0x96, 0xbd, 0x95, 0xbd, 0x94, 0xc5,
    0x52, 0xc5, 0x51, 0xc5, 0x52, 0xc5, 0x94, 0xc5, 0xb6, 0xc5, 0xd7, 0xbd,
    0xf8, 0xc5, 0x18, 0xc6, 0x18, 0xbe, 0xf8, 0xc5, 0xf8, 0xc5, 0x19, 0xc6,
    0x18, 0xc6, 0x18, 0xc6, 0x19, 0xc6, 0x18, 0xc6, 0x18, 0xc6, 0x19, 0xc6,
    0x19, 0xc6, 0x39, 0xc6, 0x39, 0xc6, 0x39, 0xc6, 0x39, 0xc6, 0x39, 0xc6,
    0x39, 0xc6, 0x39, 0xc6, 0x38, 0xc6, 0x18, 0xc6, 0x39, 0xc6, 0x19, 0xc6,
    0x18, 0xc6, 0x18, 0xc6, 0xf8, 0xbd, 0xf8, 0xbd, 0xf8, 0xbd, 0xd7, 0xbd,
    0xb7, 0xbd, 0xb7, 0xb5, 0x96, 0xb5, 0x76, 0xad, 0x76, 0xad, 0x35, 0xad,
    0x14, 0xa5, 0xf4, 0x9c, 0xb3, 0x94, 0x72, 0x8c, 0x31, 0x8c, 0xf0, 0x7b,
    0x8f, 0x73, 0x4d, 0x6b, 0xec, 0x5a, 0xab, 0x52, 0x4a, 0x4a, 0x08, 0x42,
    0xa7, 0x31, 0x66, 0x29, 0x04, 0x21, 0x82, 0x10, 0x62, 0x08, 0x62, 0x10,
    0x61, 0x08, 0x61, 0x08, 0x62, 0x08, 0x61, 0x10, 0x62, 0x10, 0x62, 0x08,
    0x62, 0x08, 0x62, 0x10, 0x61, 0x10, 0x62, 0x10, 0x62, 0x08, 0x62, 0x10,
    0x62, 0x08, 0x61, 0x08, 0x62, 0x10, 0x41, 0x08, 0x41, 0x08, 0x41, 0x08,
    0x55, 0xad, 0x76, 0xad, 0x76, 0xad, 0x76, 0xad, 0x56, 0xad, 0x55, 0xad,
    0x55, 0xad, 0x56, 0xad, 0x76, 0xad, 0x56, 0xad, 0x55, 0xad, 0x35, 0xad,
    0x35, 0xa5, 0x14, 0xa5, 0xd3, 0x9c, 0x92, 0x9c, 0x52, 0x8c, 0xf0, 0x83,
    0x8e, 0x7b, 0x0c, 0x6b, 0x8a, 0x52, 0x08, 0x42, 0x86, 0x31, 0x04, 0x21,
    0xe4, 0x18, 0xe3, 0x20, 0xe4, 0x18, 0xe4, 0x18, 0x04, 0x21, 0x25, 0x21,
    0x66, 0x29, 0x86, 0x31, 0xc7, 0x31, 0xc8, 0x39, 0xe8, 0x39, 0x08, 0x42,
    0x29, 0x42, 0x49, 0x42, 0x6a, 0x4a, 0x6a, 0x4a, 0x8a, 0x52, 0xab, 0x52,
    0xab, 0x52, 0xab, 0x52, 0xab, 0x52, 0x8b, 0x52, 0x8a, 0x4a, 0x6a, 0x4a,
    0x49, 0x4a, 0x29, 0x42, 0x09, 0x42, 0xe8, 0x39, 0xc7, 0x39, 0xa7, 0x31,
    0x86, 0x31, 0x66, 0x29, 0x45, 0x29, 0x25, 0x21, 0x04, 0x21, 0x45, 0x29,
    0x29, 0x42, 0xec, 0x5a, 0x6e, 0x6b, 0xf0, 0x7b, 0x31, 0x8c, 0x92, 0x94,
    0xd3, 0x94, 0xf4, 0x9c, 0x35, 0xa5, 0x55, 0xad, 0x76, 0xad, 0x96, 0xb5,
    0x97, 0xb5, 0xb7, 0xbd, 0xd7, 0xbd, 0xb7, 0xbd, 0xd7, 0xbd, 0xd7, 0xbd,
    0xb7, 0xbd, 0xb7, 0xbd, 0xb6, 0xbd, 0xb7, 0xbd, 0xb7, 0xbd, 0xb7, 0xbd,
    0xb7, 0xbd, 0xd7, 0xbd, 0xd7, 0xbd, 0xd7, 0xbd, 0xd7, 0xbd, 0xd7, 0xbd,
    0xd8, 0xc5, 0xf8, 0xbd, 0xf8, 0xbd, 0xd7, 0xbd, 0xd7, 0xbd, 0xd8, 0xbd,
    0xd8, 0xbd, 0xb7, 0xb5, 0xb7, 0xb5, 0x76, 0xb5, 0x74, 0xbd, 0x74, 0xbd,
    0x73, 0xc5, 0x52, 0xc5, 0x52, 0xc5, 0x73, 0xc5, 0xb5, 0xc5, 0xd7, 0xc5,
    0xf8, 0xbd, 0xf8, 0xbd, 0xf8, 0xbd, 0xf9, 0xc5, 0x18, 0xbe, 0x18, 0xbe,
    0x18, 0xc6, 0x19, 0xbe, 0x19, 0xc6, 0x18, 0xc6, 0x19, 0xc6, 0x38, 0xc6,
    0x19, 0xc6, 0x19, 0xc6, 0x39, 0xc6, 0x38, 0xc6, 0x18, 0xc6, 0x39, 0xc6,
    0x19, 0xc6, 0x39, 0xc6, 0x39, 0xc6, 0x19, 0xc6, 0x18, 0xc6, 0x18, 0xc6,
    0xf8, 0xc5, 0xf8, 0xbd, 0xd8, 0xbd, 0xd7, 0xbd, 0xd7, 0xbd, 0xb7, 0xb5,
    0xb7, 0xb5, 0x96, 0xb5, 0x76, 0xb5, 0x56, 0xad, 0x35, 0xa5, 0x14, 0xa5,
    0xf4, 0x9c, 0xb3, 0x94, 0x72, 0x8c, 0x31, 0x84, 0xf0, 0x7b, 0xaf, 0x73,
    0x4d, 0x6b, 0x0c, 0x5b, 0xab, 0x52, 0x6a, 0x4a, 0xe8, 0x39, 0xa7, 0x39,
    0x66, 0x29, 0x04, 0x21, 0x82, 0x10, 0x62, 0x08, 0x62, 0x10, 0x62, 0x08,
    0x61, 0x08, 0x62, 0x08, 0x62, 0x10, 0x62, 0x08, 0x61, 0x10, 0x61, 0x08,
    0x61, 0x08, 0x62, 0x08, 0x62, 0x08, 0x61, 0x08, 0x62, 0x10, 0x62, 0x08,
    0x62, 0x08, 0x61, 0x10, 0x41, 0x08, 0x41, 0x08, 0x41, 0x08, 0x41, 0x08,
    0x76, 0xb5, 0x76, 0xad, 0x56, 0xad, 0x76, 0xad, 0x76, 0xad, 0x56, 0xad,
    0x76, 0xb5, 0x56, 0xad, 0x55, 0xa5, 0x55, 0xad, 0x35, 0xad, 0x35, 0xa5,
    0x14, 0xa5, 0xf4, 0xa4, 0xb3, 0x9c, 0x72, 0x94, 0x10, 0x8c, 0xaf, 0x7b,
    0x2d, 0x6b, 0xcb, 0x5a, 0x49, 0x4a, 0xa7, 0x39, 0x04, 0x21, 0xe4, 0x20,
    0xe4, 0x20, 0xe4, 0x20, 0xe3, 0x20, 0xe4, 0x18, 0x24, 0x21, 0x45, 0x29,
    0x86, 0x31, 0xa7, 0x31, 0xe7, 0x39, 0x08, 0x3a, 0x08, 0x42, 0x29, 0x42,
    0x49, 0x4a, 0x6a, 0x4a, 0x6a, 0x4a, 0xab, 0x52, 0xab, 0x52, 0xcb, 0x52,
    0xcb, 0x52, 0xab, 0x52, 0xab, 0x52, 0x8a, 0x52, 0x6a, 0x4a, 0x4a, 0x4a,
    0x49, 0x4a, 0x29, 0x42, 0xe8, 0x39, 0xc7, 0x39, 0xc7, 0x31, 0x86, 0x31,
    0x66, 0x29, 0x45, 0x29, 0x25, 0x21, 0x04, 0x21, 0x25, 0x29, 0x08, 0x42,
    0xcc, 0x5a, 0x4e, 0x6b, 0xd0, 0x7b, 0x31, 0x84, 0x72, 0x94, 0xb3, 0x9c,
    0xf4, 0x9c, 0x35, 0xa5, 0x35, 0xad, 0x76, 0xad, 0x76, 0xb5, 0x97, 0xb5,
    0xb7, 0xbd, 0xd7, 0xbd, 0xb7, 0xbd, 0xb7, 0xbd, 0xd7, 0xbd, 0xb7, 0xbd,
    0xb7, 0xbd, 0xb7, 0xbd, 0xb7, 0xbd, 0xb7, 0xbd, 0xb6, 0xbd, 0xd7, 0xbd,
    0xb7, 0xbd, 0xd7, 0xbd, 0xd7, 0xbd, 0xb7, 0xbd, 0xd7, 0xbd, 0xd8, 0xbd,
    0xf7, 0xbd, 0xf8, 0xbd, 0xf8, 0xbd, 0xd7, 0xbd, 0xd7, 0xbd, 0xd7, 0xbd,
    0xb7, 0xbd, 0xb7, 0xb5, 0xb7, 0xb5, 0x96, 0xbd, 0x75, 0xb5, 0x54, 0xb5,
    0x73, 0xbd, 0x52, 0xbd, 0x52, 0xbd, 0x53, 0xbd, 0x94, 0xc5, 0xd6, 0xc5,
    0xf8, 0xc5, 0xf8, 0xc5, 0x18, 0xc6, 0x18, 0xc6, 0x18, 0xc6, 0x18, 0xc6,
    0x19, 0xc6, 0x18, 0xc6, 0x18, 0xc6, 0x19, 0xc6, 0x39, 0xc6, 0x39, 0xc6,
    0x38, 0xc6, 0x18, 0xc6, 0x19, 0xc6, 0x19, 0xc6, 0x18, 0xc6, 0x39, 0xc6,
    0x39, 0xc6, 0x18, 0xc6, 0x39, 0xc6, 0x19, 0xc6, 0x18, 0xc6, 0x18, 0xc6,
    0xf8, 0xbd, 0xf8, 0xbd, 0xd7, 0xbd, 0xb7, 0xbd, 0xb7, 0xb5, 0xb7, 0xb5,
    0x96, 0xb5, 0x76, 0xad, 0x56, 0xad, 0x35, 0xa5, 0x14, 0xa5, 0xf4, 0x9c,
    0xb3, 0x94, 0x72, 0x94, 0x31, 0x84, 0xf0, 0x7b, 0xaf, 0x73, 0x4e, 0x6b,
    0xec, 0x62, 0xab, 0x52, 0x4a, 0x4a, 0x08, 0x42, 0xa7, 0x31, 0x66, 0x29,
    0x04, 0x21, 0x82, 0x10, 0x62, 0x10, 0x62, 0x10, 0x61, 0x10, 0x61, 0x10,
    0x62, 0x10, 0x62, 0x10, 0x62, 0x10, 0x61, 0x08, 0x62, 0x08, 0x62, 0x10,
    0x62, 0x10, 0x62, 0x10, 0x62, 0x10, 0x62, 0x10, 0x61, 0x08, 0x61, 0x10,
    0x61, 0x08, 0x62, 0x10, 0x41, 0x08, 0x41, 0x08, 0x41, 0x08, 0x21, 0x08,
    0x97, 0xb5, 0xb7, 0xb5, 0x76, 0xb5, 0x55, 0xad, 0x55, 0xad, 0x55, 0xad,
    0x76, 0xad, 0x76, 0xb5, 0x55, 0xad, 0x14, 0xa5, 0x15, 0xa5, 0x35, 0xa5,
    0xf4, 0xa4, 0xd3, 0x9c, 0x92, 0x94, 0x31, 0x8c, 0xcf, 0x83, 0x6d, 0x73,
    0xeb, 0x62, 0x49, 0x52, 0xc7, 0x39, 0x25, 0x29, 0xe4, 0x18, 0x04, 0x21,
    0xe4, 0x18, 0xe3, 0x18, 0x04, 0x19, 0x04, 0x21, 0x45, 0x29, 0x86, 0x31,
    0xa7, 0x31, 0xe7, 0x39, 0xe8, 0x41, 0x09, 0x42, 0x49, 0x42, 0x6a, 0x4a,
    0x6a, 0x4a, 0x8a, 0x52, 0xab, 0x52, 0xab, 0x52, 0xcb, 0x52, 0xcb, 0x5a,
    0xcb, 0x5a, 0xab, 0x52, 0x8b, 0x52, 0x8a, 0x4a, 0x6a, 0x4a, 0x49, 0x4a,
    0x29, 0x42, 0x08, 0x42, 0xe8, 0x39, 0xc7, 0x39, 0xa7, 0x31, 0x86, 0x31,
    0x45, 0x29, 0x25, 0x29, 0x04, 0x21, 0x25, 0x21, 0xe8, 0x39, 0xab, 0x52,
    0x4d, 0x6b, 0xcf, 0x7b, 0x31, 0x84, 0x72, 0x8c, 0xb3, 0x94, 0xf4, 0x9c,
    0x14, 0xa5, 0x55, 0xad, 0x76, 0xad, 0x76, 0xb5, 0x96, 0xb5, 0xb7, 0xbd,
    0xd7, 0xbd, 0xb7, 0xbd, 0xd7, 0xbd, 0xd7, 0xbd, 0xb7, 0xbd, 0xb7, 0xbd,
    0xb7, 0xbd, 0xb6, 0xbd, 0xb7, 0xbd, 0xb6, 0xbd, 0xb7, 0xbd, 0xb7, 0xbd,
    0xd7, 0xbd, 0xb7, 0xbd, 0xd7, 0xbd, 0xd7, 0xbd, 0xd8, 0xbd, 0xd7, 0xbd,
    0xd8, 0xbd, 0xf7, 0xc5, 0xf8, 0xc5, 0xd7, 0xbd, 0xb7, 0xb5, 0xb7, 0xb5,
    0xb7, 0xb5, 0xb7, 0xb5, 0xb7, 0xbd, 0xb6, 0xb5, 0x76, 0xb5, 0x34, 0xb5,
    0x33, 0xb5, 0x53, 0xbd, 0x53, 0xbd, 0x73, 0xbd, 0x74, 0xbd, 0xb5, 0xc5,
    0xf7, 0xc5, 0x18, 0xc6, 0x18, 0xc6, 0x18, 0xc6, 0x18, 0xc6, 0x19, 0xc6,
    0x18, 0xc6, 0x18, 0xc6, 0x19, 0xc6, 0x38, 0xc6, 0x19, 0xc6, 0x19, 0xc6,
    0x19, 0xc6, 0x18, 0xc6, 0x18, 0xbe, 0x19, 0xc6, 0x19, 0xc6, 0x19, 0xc6,
    0x19, 0xc6, 0x18, 0xc6, 0x18, 0xc6, 0x18, 0xc6, 0xf8, 0xc5, 0xf8, 0xbd,
    0xf8, 0xbd, 0xd7, 0xbd, 0xd7, 0xbd, 0xb7, 0xb5, 0x97, 0xb5, 0x96, 0xb5,
    0x76, 0xad, 0x55, 0xad, 0x55, 0xa5, 0x14, 0xa5, 0xf4, 0x9c, 0xb3, 0x94,
    0x72, 0x94, 0x31, 0x84, 0xf0, 0x7b, 0xaf, 0x73, 0x4e, 0x6b, 0x0c, 0x63,
    0xab, 0x52, 0x6a, 0x4a, 0x08, 0x42, 0xa7, 0x31, 0x66, 0x29, 0xe4, 0x18,
    0x82, 0x10, 0x61, 0x10, 0x62, 0x08, 0x62, 0x10, 0x62, 0x08, 0x82, 0x08,
    0x61, 0x08, 0x62, 0x10, 0x61, 0x08, 0x61, 0x08, 0x62, 0x10, 0x62, 0x08,
    0x62, 0x08, 0x62, 0x10, 0x61, 0x08, 0x42, 0x08, 0x62, 0x08, 0x62, 0x08,
    0x41, 0x08, 0x61, 0x08, 0x42, 0x08, 0x41, 0x08, 0x41, 0x08, 0x21, 0x08,
    0x96, 0xb5, 0xb7, 0xb5, 0xb7, 0xb5, 0x76, 0xb5, 0x35, 0xad, 0x35, 0xa5,
    0x55, 0xad, 0x56, 0xad, 0x55, 0xad, 0x15, 0xa5, 0xd4, 0x9c, 0xd4, 0x9c,
    0xd3, 0x9c, 0xb3, 0x94, 0x51, 0x8c, 0xf0, 0x83, 0x8e, 0x7b, 0x0c, 0x63,
    0x8a, 0x52, 0xe8, 0x41, 0x45, 0x29, 0xe4, 0x20, 0x04, 0x21, 0xe3, 0x20,
    0xe3, 0x18, 0xe4, 0x20, 0x04, 0x21, 0x45, 0x29, 0x86, 0x31, 0xa7, 0x31,
    0xc8, 0x39, 0x08, 0x42, 0x29, 0x42, 0x29, 0x42, 0x6a, 0x4a, 0x6a, 0x4a,
    0x8a, 0x52, 0xab, 0x52, 0xcb, 0x52, 0xcc, 0x5a, 0xec, 0x5a, 0xec, 0x5a,
    0xcb, 0x52, 0xab, 0x52, 0x8b, 0x52, 0x6a, 0x4a, 0x6a, 0x4a, 0x49, 0x42,
    0x09, 0x42, 0x08, 0x3a, 0xc7, 0x39, 0xa7, 0x31, 0x86, 0x31, 0x66, 0x29,
    0x25, 0x21, 0x04, 0x21, 0x05, 0x21, 0xc7, 0x39, 0x8b, 0x52, 0x4d, 0x6b,
    0xaf, 0x73, 0x31, 0x84, 0x72, 0x8c, 0xb3, 0x94, 0xd4, 0x9c, 0x14, 0xa5,
    0x35, 0xa5, 0x56, 0xad, 0x76, 0xb5, 0x96, 0xb5, 0xb7, 0xb5, 0xd7, 0xbd,
    0xb7, 0xbd, 0xd7, 0xbd, 0xb7, 0xbd, 0xb7, 0xbd, 0xb7, 0xbd, 0xb7, 0xb5,
    0xb6, 0xbd, 0xb7, 0xbd, 0xb6, 0xbd, 0xb7, 0xbd, 0xb7, 0xbd, 0xb7, 0xbd,
    0xd7, 0xbd, 0xd7, 0xbd, 0xd7, 0xbd, 0xd7, 0xbd, 0xd8, 0xbd, 0xd8, 0xc5,
    0xf8, 0xc5, 0xf8, 0xbd, 0xf8, 0xbd, 0xd7, 0xbd, 0xb7, 0xbd, 0x76, 0xb5,
    0x96, 0xb5, 0x97, 0xb5, 0x96, 0xb5, 0x96, 0xb5, 0x96, 0xb5, 0x75, 0xb5,
    0x34, 0xad, 0x33, 0xb5, 0x53, 0xbd, 0x74, 0xbd, 0x95, 0xbd, 0x95, 0xbd,
    0xd7, 0xbd, 0x18, 0xc6, 0x39, 0xc6, 0x19, 0xc6, 0x18, 0xc6, 0x18, 0xc6,
    0x19, 0xc6, 0x19, 0xc6, 0x39, 0xc6, 0x19, 0xc6, 0x39, 0xc6, 0x18, 0xc6,
    0x38, 0xc6, 0x19, 0xc6, 0x19, 0xc6, 0x18, 0xc6, 0x18, 0xc6, 0x18, 0xc6,
    0x18, 0xc6, 0x18, 0xc6, 0x18, 0xc6, 0xf8, 0xbd, 0xf8, 0xbd, 0xf8, 0xbd,
    0xd8, 0xbd, 0xb7, 0xbd, 0xb7, 0xb5, 0xb7, 0xb5, 0x96, 0xb5, 0x76, 0xad,
    0x56, 0xad, 0x35, 0xa5, 0x14, 0xa5, 0xf4, 0x9c, 0xb3, 0x94, 0x72, 0x94,
    0x31, 0x84, 0xf0, 0x7b, 0xaf, 0x73, 0x4d, 0x6b, 0x0c, 0x63, 0xcb, 0x52,
    0x6a, 0x4a, 0x08, 0x42, 0xa7, 0x31, 0x46, 0x29, 0xe4, 0x18, 0x82, 0x10,
    0x61, 0x10, 0x62, 0x08, 0x62, 0x08, 0x81, 0x08, 0x62, 0x08, 0x62, 0x08,
    0x82, 0x10, 0x61, 0x08, 0x62, 0x08, 0x62, 0x08, 0x62, 0x10, 0x61, 0x08,
    0x61, 0x10, 0x41, 0x08, 0x41, 0x08, 0x61, 0x08, 0x61, 0x10, 0x41, 0x08,
    0x42, 0x08, 0x41, 0x08, 0x61, 0x08, 0x41, 0x08, 0x41, 0x08, 0x21, 0x08,
    0x96, 0xb5, 0xb7, 0xb5, 0xb7, 0xbd, 0xb7, 0xb5, 0x96, 0xb5, 0x35, 0xa5,
    0x35, 0xa5, 0x35, 0xa5, 0x14, 0xa5, 0x14, 0xa5, 0xd4, 0x9c, 0x72, 0x8c,
    0x72, 0x8c, 0x72, 0x8c, 0x11, 0x84, 0xaf, 0x7b, 0x2d, 0x6b, 0xab, 0x5a,
    0x28, 0x4a, 0x86, 0x31, 0x04, 0x21, 0xe4, 0x20, 0xe4, 0x20, 0xe3, 0x18,
    0xe4, 0x18, 0x04, 0x21, 0x45, 0x29, 0x86, 0x31, 0xa7, 0x31, 0xc7, 0x39,
    0xe8, 0x39, 0x29, 0x42, 0x49, 0x42, 0x6a, 0x4a, 0x6a, 0x52, 0x8a, 0x52,
    0xab, 0x52, 0xcc, 0x52, 0xec, 0x5a, 0xec, 0x5a, 0xec, 0x5a, 0xec, 0x5a,
    0xab, 0x52, 0xab, 0x52, 0x8a, 0x4a, 0x6a, 0x4a, 0x49, 0x4a, 0x29, 0x42,
    0x08, 0x42, 0xe8, 0x39, 0xa7, 0x31, 0xa7, 0x31, 0x66, 0x29, 0x45, 0x29,
    0x25, 0x21, 0x04, 0x21, 0xa7, 0x31, 0x8a, 0x52, 0x2d, 0x63, 0xaf, 0x73,
    0x11, 0x84, 0x52, 0x8c, 0xb3, 0x94, 0xd4, 0x9c, 0x14, 0xa5, 0x35, 0xa5,
    0x56, 0xad, 0x76, 0xb5, 0x96, 0xb5, 0xb7, 0xb5, 0xb7, 0xbd, 0xb7, 0xbd,
    0xd7, 0xbd, 0xb7, 0xbd, 0xb7, 0xbd, 0xb7, 0xbd, 0xb7, 0xbd, 0xb6, 0xbd,
    0xb6, 0xbd, 0xb7, 0xbd, 0xb7, 0xbd, 0xb7, 0xbd, 0xd7, 0xbd, 0xb7, 0xbd,
    0xd7, 0xbd, 0xd7, 0xbd, 0xd7, 0xbd, 0xd7, 0xbd, 0xd7, 0xbd, 0xf7, 0xbd,
    0xf7, 0xbd, 0xf8, 0xbd, 0xf8, 0xbd, 0xf8, 0xc5, 0xf8, 0xbd, 0xb7, 0xbd,
    0x76, 0xad, 0x76, 0xad, 0x76, 0xad, 0x56, 0xad, 0x76, 0xb5, 0x76, 0xb5,
    0x55, 0xb5, 0x34, 0xb5, 0x54, 0xbd, 0x95, 0xbd, 0x95, 0xbd, 0xb6, 0xc5,
    0xb6, 0xbd, 0xf7, 0xc5, 0x19, 0xc6, 0x39, 0xc6, 0x39, 0xc6, 0x39, 0xc6,
    0x18, 0xc6, 0x39, 0xc6, 0x19, 0xc6, 0x39, 0xc6, 0x39, 0xc6, 0x38, 0xc6,
    0x19, 0xc6, 0x19, 0xc6, 0x18, 0xc6, 0x18, 0xbe, 0xf8, 0xbd, 0xf8, 0xbd,
    0xf8, 0xbd, 0xf8, 0xbd, 0xf8, 0xbd, 0xf8, 0xbd, 0xf8, 0xbd, 0xd7, 0xbd,
    0xd7, 0xbd, 0xb7, 0xb5, 0x97, 0xb5, 0x96, 0xb5, 0x76, 0xad, 0x55, 0xad,
    0x35, 0xa5, 0x14, 0xa5, 0xd4, 0x9c, 0xb3, 0x94, 0x72, 0x94, 0x31, 0x84,
    0xf0, 0x7b, 0xaf, 0x73, 0x4e, 0x6b, 0x0c, 0x63, 0xcb, 0x5a, 0x6a, 0x4a,
    0x08, 0x42, 0xa7, 0x31, 0x45, 0x29, 0xc3, 0x18, 0x82, 0x10, 0x61, 0x10,
    0x62, 0x10, 0x62, 0x08, 0x62, 0x10, 0x62, 0x10, 0x61, 0x10, 0x62, 0x10,
    0x62, 0x10, 0x61, 0x08, 0x62, 0x10, 0x61, 0x10, 0x61, 0x08, 0x62, 0x10,
    0x41, 0x08, 0x61, 0x08, 0x62, 0x08, 0x41, 0x10, 0x41, 0x08, 0x42, 0x08,
    0x61, 0x10, 0x62, 0x10, 0x42, 0x08, 0x41, 0x08, 0x61, 0x08, 0x41, 0x08,
    0x97, 0xb5, 0x97, 0xb5, 0xb7, 0xbd, 0xb7, 0xb5, 0xb7, 0xb5, 0x76, 0xad,
    0x35, 0xa5, 0xf4, 0xa4, 0xd4, 0x9c, 0xd3, 0x9c, 0xb3, 0x94, 0x92, 0x94,
    0x10, 0x84, 0xf0, 0x83, 0xd0, 0x7b, 0x6e, 0x73, 0xcb, 0x5a, 0x49, 0x4a,
    0xa7, 0x39, 0x24, 0x21, 0xe4, 0x20, 0x04, 0x19, 0xe4, 0x18, 0xe4, 0x18,
    0x04, 0x21, 0x25, 0x29, 0x66, 0x29, 0xa6, 0x31, 0xc7, 0x39, 0x08, 0x3a,
    0x29, 0x42, 0x49, 0x4a, 0x6a, 0x4a, 0x8a, 0x4a, 0x8b, 0x52, 0xab, 0x52,
    0xcb, 0x5a, 0xec, 0x5a, 0xec, 0x5a, 0xec, 0x5a, 0xec, 0x5a, 0xcb, 0x5a,
    0xab, 0x52, 0x8b, 0x52, 0x8a, 0x4a, 0x4a, 0x4a, 0x29, 0x42, 0x08, 0x42,
    0xe8, 0x39, 0xc7, 0x39, 0xa7, 0x31, 0x86, 0x31, 0x45, 0x29, 0x25, 0x21,
    0x04, 0x21, 0x86, 0x31, 0x8a, 0x52, 0x0d, 0x63, 0x8f, 0x73, 0xf0, 0x7b,
    0x51, 0x8c, 0x72, 0x8c, 0xb3, 0x9c, 0xf4, 0xa4, 0x35, 0xa5, 0x55, 0xad,
    0x76, 0xad, 0x96, 0xb5, 0xb7, 0xb5, 0xb7, 0xb5, 0xd7, 0xbd, 0xd7, 0xbd,
    0xb7, 0xbd, 0xb7, 0xbd, 0xb7, 0xbd, 0xb7, 0xbd, 0xb7, 0xbd, 0xb7, 0xbd,
    0xb7, 0xbd, 0xb7, 0xbd, 0xb7, 0xbd, 0xb7, 0xbd, 0xd7, 0xbd, 0xd7, 0xbd,
    0xd7, 0xbd, 0xd7, 0xbd, 0xd7, 0xbd, 0xd8, 0xbd, 0xd8, 0xc5, 0xd8, 0xbd,
    0xf8, 0xbd, 0xd8, 0xbd, 0xf8, 0xbd, 0xf7, 0xc5, 0xf8, 0xbd, 0xf8, 0xbd,
    0x96, 0xb5, 0x55, 0xad, 0x55, 0xad, 0x55, 0xad, 0x35, 0xa5, 0x76, 0xad,
    0x96, 0xb5, 0x76, 0xb5, 0x75, 0xb5, 0x95, 0xbd, 0xb6, 0xbd, 0xd7, 0xbd,
    0xd7, 0xc5, 0xd7, 0xbd, 0x18, 0xc6, 0x39, 0xc6, 0x39, 0xc6, 0x39, 0xce,
    0x39, 0xc6, 0x39, 0xc6, 0x38, 0xc6, 0x18, 0xc6, 0x19, 0xc6, 0x18, 0xc6,
    0x19, 0xc6, 0x19, 0xc6, 0x18, 0xbe, 0x18, 0xc6, 0xf8, 0xbd, 0xf8, 0xbd,
    0xd8, 0xbd, 0xd8, 0xbd, 0xd7, 0xbd, 0xd8, 0xbd, 0xd7, 0xbd, 0xb7, 0xb5,
    0xb7, 0xb5, 0x97, 0xb5, 0x96, 0xb5, 0x76, 0xad, 0x55, 0xad, 0x35, 0xa5,
    0x14, 0xa5, 0xd3, 0x9c, 0xb3, 0x94, 0x72, 0x8c, 0x31, 0x84, 0xf0, 0x7b,
    0xaf, 0x73, 0x4d, 0x6b, 0x0c, 0x63, 0xab, 0x5a, 0x6a, 0x4a, 0x08, 0x3a,
    0xa7, 0x31, 0x45, 0x29, 0xc3, 0x18, 0x82, 0x10, 0x62, 0x08, 0x62, 0x10,
    0x62, 0x08, 0x62, 0x08, 0x62, 0x10, 0x61, 0x10, 0x82, 0x08, 0x62, 0x10,
    0x61, 0x08, 0x82, 0x10, 0x62, 0x10, 0x62, 0x08, 0x61, 0x08, 0x61, 0x08,
    0x62, 0x08, 0x42, 0x10, 0x41, 0x08, 0x62, 0x08, 0x62, 0x08, 0x41, 0x08,
    0x61, 0x08, 0x61, 0x08, 0x42, 0x08, 0x41, 0x08, 0x41, 0x10, 0x42, 0x08,
    0x96, 0xb5, 0xb7, 0xb5, 0xb7, 0xb5, 0xb7, 0xbd, 0x96, 0xb5, 0x76, 0xb5,
    0x55, 0xad, 0x14, 0xa5, 0xb3, 0x94, 0x72, 0x94, 0x52, 0x8c, 0x31, 0x84,
    0x31, 0x84, 0xcf, 0x7b, 0x8e, 0x73, 0x0c, 0x63, 0x6a, 0x52, 0xc7, 0x41,
    0x45, 0x29, 0xe4, 0x18, 0xe4, 0x20, 0x04, 0x21, 0xe3, 0x20, 0x04, 0x21,
    0x25, 0x21, 0x65, 0x29, 0xa7, 0x31, 0xc7, 0x39, 0xe8, 0x39, 0x29, 0x42,
    0x49, 0x4a, 0x6a, 0x4a, 0x8a, 0x4a, 0xab, 0x52, 0xab, 0x52, 0xec, 0x5a,
    0xec, 0x5a, 0x0c, 0x5b, 0x0c, 0x63, 0xec, 0x5a, 0xec, 0x5a, 0xcb, 0x5a,
    0xab, 0x52, 0x8a, 0x52, 0x6a, 0x4a, 0x49, 0x42, 0x08, 0x42, 0xe8, 0x39,
    0xc8, 0x39, 0xa7, 0x31, 0x86, 0x31, 0x45, 0x29, 0x25, 0x21, 0x04, 0x21,
    0x66, 0x29, 0x6a, 0x4a, 0x0d, 0x63, 0x8e, 0x73, 0xf0, 0x7b, 0x52, 0x8c,
    0x72, 0x8c, 0x72, 0x8c, 0xb3, 0x94, 0xf4, 0xa4, 0x35, 0xad, 0x76, 0xad,
    0x96, 0xb5, 0xb7, 0xb5, 0xb7, 0xbd, 0xb7, 0xbd, 0xd7, 0xbd, 0xb7, 0xbd,
    0xb7, 0xbd, 0xb7, 0xbd, 0xb7, 0xb5, 0xb6, 0xbd, 0xb6, 0xbd, 0x96, 0xb5,
    0x96, 0xbd, 0xb7, 0xbd, 0xb7, 0xbd, 0xd7, 0xbd, 0xd7, 0xbd, 0xb7, 0xbd,
    0xd7, 0xbd, 0xd8, 0xbd, 0xd7, 0xbd, 0xd7, 0xbd, 0xf8, 0xbd, 0xf8, 0xc5,
    0xf8, 0xbd, 0xf8, 0xc5, 0xf7, 0xc5, 0xf8, 0xbd, 0xf8, 0xbd, 0xd7, 0xbd,
    0xd7, 0xbd, 0x96, 0xb5, 0x55, 0xad, 0x35, 0xad, 0x35, 0xa5, 0x35, 0xad,
    0x96, 0xb5, 0xb7, 0xb5, 0x96, 0xb5, 0xb6, 0xbd, 0xb6, 0xbd, 0xd7, 0xbd,
    0xf8, 0xbd, 0xf8, 0xbd, 0xf8, 0xc5, 0x18, 0xc6, 0x39, 0xc6, 0x39, 0xce,
    0x39, 0xce, 0x39, 0xc6, 0x39, 0xc6, 0x39, 0xc6, 0x18, 0xc6, 0x19, 0xc6,
    0x19, 0xc6, 0x18, 0xbe, 0x18, 0xc6, 0xf8, 0xbd, 0xf8, 0xbd, 0xf8, 0xbd,
    0xd8, 0xb5, 0xb7, 0xb5, 0xb7, 0xb5, 0xb7, 0xb5, 0xb7, 0xb5, 0x97, 0xb5,
    0x96, 0xb5, 0x76, 0xb5, 0x76, 0xad, 0x55, 0xad, 0x35, 0xa5, 0x14, 0xa5,
    0xd4, 0x9c, 0xb3, 0x94, 0x72, 0x8c, 0x31, 0x84, 0xf0, 0x7b, 0x8f, 0x73,
    0x4d, 0x6b, 0x0c, 0x63, 0xab, 0x52, 0x4a, 0x4a, 0xe8, 0x39, 0xa7, 0x31,
    0x45, 0x29, 0xc3, 0x18, 0x62, 0x10, 0x62, 0x08, 0x62, 0x10, 0x62, 0x08,
    0x61, 0x08, 0x62, 0x10, 0x61, 0x08, 0x61, 0x08, 0x62, 0x08, 0x62, 0x08,
    0x82, 0x10, 0x62, 0x08, 0x82, 0x10, 0x82, 0x10, 0x62, 0x08, 0x61, 0x08,
    0x61, 0x08, 0x41, 0x08, 0x62, 0x08, 0x41, 0x08, 0x61, 0x10, 0x62, 0x10,
    0x41, 0x08, 0x41, 0x08, 0x41, 0x08, 0x61, 0x08, 0x41, 0x08, 0x41, 0x08,
    0x96, 0xb5, 0xb7, 0xb5, 0xb7, 0xb5, 0x97, 0xb5, 0x96, 0xb5, 0x76, 0xad,
    0x55, 0xad, 0x15, 0xa5, 0xb3, 0x94, 0x52, 0x8c, 0xf0, 0x7b, 0xaf, 0x73,
    0xaf, 0x73, 0x8f, 0x73, 0x2d, 0x6b, 0xab, 0x5a, 0x08, 0x42, 0x66, 0x29,
    0xe4, 0x20, 0xe3, 0x20, 0xe4, 0x18, 0xe4, 0x20, 0xe4, 0x18, 0x24, 0x21,
    0x66, 0x29, 0x87, 0x31, 0xc7, 0x39, 0xe8, 0x39, 0x29, 0x42, 0x49, 0x4a,
    0x6a, 0x4a, 0x8a, 0x4a, 0xab, 0x52, 0xcc, 0x5a, 0xec, 0x5a, 0xec, 0x5a,
    0x0c, 0x5b, 0x0c, 0x5b, 0x0c, 0x5b, 0xec, 0x5a, 0xcc, 0x5a, 0xcb, 0x52,
    0xab, 0x52, 0x6a, 0x4a, 0x4a, 0x4a, 0x29, 0x42, 0x08, 0x42, 0xe8, 0x39,
    0xc7, 0x39, 0x86, 0x31, 0x66, 0x29, 0x25, 0x21, 0x04, 0x21, 0x46, 0x29,
    0x49, 0x4a, 0x0c, 0x5b, 0x6e, 0x73, 0xf0, 0x7b, 0x31, 0x8c, 0x92, 0x94,
    0xb3, 0x94, 0xb3, 0x94, 0xb3, 0x94, 0xf4, 0x9c, 0x56, 0xad, 0x76, 0xad,
    0x97, 0xb5, 0xb7, 0xbd, 0xb7, 0xbd, 0xd7, 0xbd, 0xb7, 0xbd, 0xb7, 0xb5,
    0xb7, 0xbd, 0xb7, 0xbd, 0xb6, 0xbd, 0xb6, 0xbd, 0xb6, 0xbd, 0x96, 0xb5,
    0x76, 0xb5, 0x96, 0xbd, 0xb7, 0xbd, 0xd7, 0xbd, 0xb7, 0xbd, 0xd7, 0xbd,
    0xd7, 0xbd, 0xd7, 0xbd, 0xd8, 0xc5, 0xd8, 0xbd, 0xf7, 0xbd, 0xf7, 0xbd,
    0xf8, 0xbd, 0xf7, 0xbd, 0xf8, 0xbd, 0xf8, 0xc5, 0xf8, 0xbd, 0xd7, 0xbd,
    0xd7, 0xbd, 0xd8, 0xbd, 0x97, 0xb5, 0x35, 0xa5, 0x35, 0xa5, 0x55, 0xad,
    0x35, 0xa5, 0x76, 0xad, 0xb7, 0xbd, 0xd7, 0xbd, 0xd7, 0xbd, 0xd7, 0xc5,
    0xf8, 0xc5, 0x18, 0xc6, 0xf8, 0xbd, 0xf8, 0xbd, 0x18, 0xc6, 0x39, 0xc6,
    0x59, 0xce, 0x39, 0xc6, 0x39, 0xc6, 0x39, 0xc6, 0x39, 0xc6, 0x18, 0xc6,
    0x18, 0xc6, 0x18, 0xbe, 0xf8, 0xbd, 0xf8, 0xbd, 0xf8, 0xbd, 0xd7, 0xbd,
    0xb7, 0xb5, 0xb7, 0xb5, 0x97, 0xb5, 0x96, 0xb5, 0x96, 0xb5, 0x96, 0xb5,
    0x96, 0xb5, 0x76, 0xad, 0x55, 0xad, 0x15, 0xa5, 0x14, 0x9d, 0xd4, 0x9c,
    0x93, 0x94, 0x72, 0x8c, 0x31, 0x84, 0xef, 0x7b, 0x8f, 0x73, 0x4d, 0x6b,
    0xec, 0x5a, 0xab, 0x52, 0x6a, 0x4a, 0xe8, 0x39, 0xa6, 0x31, 0x25, 0x29,
    0xa3, 0x18, 0x62, 0x08, 0x62, 0x08, 0x62, 0x10, 0x61, 0x10, 0x61, 0x08,
    0x62, 0x10, 0x61, 0x10, 0x62, 0x08, 0x62, 0x10, 0x62, 0x10, 0x61, 0x10,
    0x62, 0x08, 0x61, 0x10, 0x61, 0x08, 0x82, 0x10, 0x62, 0x10, 0x62, 0x10,
    0x62, 0x10, 0x61, 0x08, 0x61, 0x08, 0x41, 0x10, 0x41, 0x08, 0x41, 0x08,
    0x62, 0x08, 0x42, 0x08, 0x42, 0x08, 0x41, 0x08, 0x41, 0x08, 0x41, 0x08,
    0x97, 0xb5, 0x97, 0xb5, 0x96, 0xb5, 0x96, 0xb5, 0x76, 0xad, 0x56, 0xad,
    0x55, 0xad, 0x15, 0xa5, 0xd4, 0x9c, 0x72, 0x8c, 0xcf, 0x7b, 0x0d, 0x63,
    0xec, 0x5a, 0xec, 0x5a, 0xcb, 0x5a, 0x49, 0x4a, 0x86, 0x31, 0x04, 0x21,
    0xe4, 0x20, 0xe4, 0x18, 0x04, 0x21, 0xe3, 0x18, 0x04, 0x21, 0x45, 0x29,
    0x86, 0x31, 0xc7, 0x39, 0xe8, 0x39, 0x29, 0x42, 0x49, 0x4a, 0x6a, 0x4a,
    0x8a, 0x52, 0xab, 0x52, 0xcb, 0x52, 0xec, 0x5a, 0x0c, 0x5b, 0x0c, 0x5b,
    0x0d, 0x63, 0x0d, 0x63, 0x0c, 0x5b, 0xec, 0x5a, 0xcb, 0x5a, 0xab, 0x52,
    0x8a, 0x52, 0x6a, 0x4a, 0x49, 0x42, 0x08, 0x42, 0xe8, 0x39, 0xc7, 0x31,
    0x87, 0x31, 0x66, 0x29, 0x45, 0x29, 0x04, 0x21, 0x45, 0x29, 0x29, 0x42,
    0xcc, 0x5a, 0x6e, 0x6b, 0xd0, 0x7b, 0x31, 0x84, 0x72, 0x94, 0xb3, 0x94,
    0xd3, 0x9c, 0xd4, 0x9c, 0xf4, 0x9c, 0x14, 0xa5, 0x35, 0xa5, 0x76, 0xb5,
    0xb7, 0xb5, 0xd7, 0xbd, 0xd7, 0xb5, 0xb7, 0xbd, 0xb7, 0xbd, 0xb7, 0xbd,
    0xb7, 0xbd, 0xb6, 0xb5, 0xb7, 0xb5, 0x97, 0xbd, 0xb7, 0xbd, 0x97, 0xbd,
    0x96, 0xb5, 0x76, 0xb5, 0xb7, 0xbd, 0xd7, 0xbd, 0xd7, 0xbd, 0xd7, 0xbd,
    0xd7, 0xbd, 0xd8, 0xbd, 0xd7, 0xbd, 0xd8, 0xbd, 0xf7, 0xc5, 0xf8, 0xbd,
    0xf8, 0xc5, 0xf8, 0xbd, 0xf8, 0xbd, 0xf8, 0xbd, 0xf8, 0xc5, 0xd7, 0xbd,
    0xd7, 0xbd, 0xd8, 0xbd, 0xd7, 0xbd, 0x76, 0xad, 0x14, 0xa5, 0x55, 0xad,
    0x35, 0xad, 0xf4, 0xa4, 0x96, 0xb5, 0xd8, 0xbd, 0xd7, 0xbd, 0xf8, 0xbd,
    0xf8, 0xc5, 0xf8, 0xbd, 0xf8, 0xbd, 0xf8, 0xbd, 0xf8, 0xbd, 0x18, 0xc6,
    0x39, 0xc6, 0x39, 0xce, 0x39, 0xc6, 0x39, 0xce, 0x39, 0xc6, 0x18, 0xc6,
    0x18, 0xc6, 0xf8, 0xbd, 0xf8, 0xbd, 0xd8, 0xbd, 0xd8, 0xbd, 0xd7, 0xb5,
    0xb7, 0xb5, 0xb7, 0xb5, 0x96, 0xb5, 0x96, 0xb5, 0x96, 0xad, 0x76, 0xad,
    0x56, 0xad, 0x55, 0xad, 0x15, 0xa5, 0xf4, 0x9c, 0xd3, 0x9c, 0x93, 0x94,
    0x72, 0x8c, 0x31, 0x84, 0xd0, 0x7b, 0x8f, 0x73, 0x4d, 0x6b, 0xec, 0x5a,
    0xab, 0x52, 0x49, 0x4a, 0xe8, 0x39, 0xa7, 0x31, 0x24, 0x29, 0xa3, 0x18,
    0x62, 0x08, 0x61, 0x08, 0x61, 0x10, 0x62, 0x08, 0x61, 0x08, 0x62, 0x10,
    0x62, 0x08, 0x62, 0x10, 0x61, 0x10, 0x62, 0x08, 0x62, 0x10, 0x61, 0x08,
    0x62, 0x10, 0x62, 0x08, 0x82, 0x10, 0x82, 0x10, 0x82, 0x08, 0x62, 0x10,
    0x61, 0x08, 0x62, 0x10, 0x61, 0x08, 0x62, 0x08, 0x62, 0x08, 0x41, 0x08,
    0x61, 0x08, 0x62, 0x10, 0x61, 0x10, 0x61, 0x08, 0x42, 0x08, 0x62, 0x10,
    0x96, 0xb5, 0x96, 0xb5, 0x76, 0xb5, 0x76, 0xad, 0x76, 0xad, 0x55, 0xad,
    0x35, 0xa5, 0xf4, 0xa4, 0xd3, 0x9c, 0x72, 0x94, 0x10, 0x84, 0x0c, 0x63,
    0x8a, 0x52, 0x49, 0x4a, 0xe8, 0x39, 0xc7, 0x39, 0x24, 0x21, 0xe4, 0x20,
    0x04, 0x21, 0xe4, 0x18, 0xe4, 0x20, 0x04, 0x21, 0x45, 0x29, 0x86, 0x31,
    0xc7, 0x31, 0xe8, 0x39, 0x29, 0x42, 0x49, 0x4a, 0x6a, 0x4a, 0x8b, 0x4a,
    0xab, 0x52, 0xcb, 0x5a, 0xec, 0x5a, 0x0c, 0x5b, 0x0d, 0x63, 0x2d, 0x63,
    0x2d, 0x63, 0x0d, 0x63, 0x0c, 0x5b, 0xcc, 0x5a, 0xcb, 0x52, 0xab, 0x52,
    0x6a, 0x4a, 0x49, 0x42, 0x29, 0x42, 0xe8, 0x39, 0xc7, 0x39, 0xa7, 0x31,
    0x66, 0x29, 0x45, 0x29, 0x04, 0x21, 0x25, 0x21, 0x08, 0x42, 0xcb, 0x5a,
    0x4e, 0x6b, 0xd0, 0x7b, 0x31, 0x84, 0x72, 0x8c, 0xb3, 0x94, 0xd4, 0x9c,
    0xf4, 0x9c, 0x14, 0xa5, 0x14, 0xa5, 0x15, 0xa5, 0x35, 0xa5, 0x56, 0xad,
    0x97, 0xb5, 0xd7, 0xbd, 0xd7, 0xbd, 0xb7, 0xb5, 0xb7, 0xb5, 0xb7, 0xbd,
    0xb7, 0xbd, 0xb7, 0xbd, 0xb6, 0xbd, 0xb6, 0xb5, 0xb7, 0xbd, 0xb7, 0xbd,
    0x96, 0xb5, 0x96, 0xb5, 0x76, 0xb5, 0x97, 0xbd, 0xd7, 0xbd, 0xd7, 0xbd,
    0xd8, 0xbd, 0xd8, 0xbd, 0xd7, 0xbd, 0xf7, 0xbd, 0xd8, 0xbd, 0xd8, 0xc5,
    0xd8, 0xbd, 0xf8, 0xc5, 0xf8, 0xc5, 0xf8, 0xc5, 0xf8, 0xbd, 0xf8, 0xbd,
    0xb7, 0xbd, 0xb7, 0xb5, 0xb7, 0xbd, 0xb7, 0xb5, 0x76, 0xad, 0x55, 0xad,
    0x76, 0xb5, 0x35, 0xa5, 0x35, 0xa5, 0x97, 0xb5, 0xf7, 0xbd, 0xf8, 0xbd,
    0xf8, 0xbd, 0xf8, 0xbd, 0xf8, 0xc5, 0x18, 0xc6, 0x18, 0xc6, 0x18, 0xc6,
    0x18, 0xc6, 0x39, 0xc6, 0x39, 0xc6, 0x39, 0xc6, 0x39, 0xc6, 0x19, 0xc6,
    0x18, 0xbe, 0xf8, 0xbd, 0xd8, 0xbd, 0xd8, 0xbd, 0xd7, 0xb5, 0xb7, 0xb5,
    0x97, 0xb5, 0x97, 0xb5, 0x96, 0xb5, 0x76, 0xad, 0x76, 0xad, 0x56, 0xad,
    0x35, 0xa5, 0x14, 0xa5, 0xf4, 0x9c, 0xd3, 0x9c, 0x92, 0x94, 0x52, 0x8c,
    0x11, 0x84, 0xd0, 0x7b, 0x8e, 0x73, 0x2d, 0x6b, 0xec, 0x5a, 0xab, 0x52,
    0x49, 0x42, 0xc8, 0x39, 0x87, 0x31, 0x25, 0x29, 0xa3, 0x10, 0x62, 0x10,
    0x61, 0x08, 0x62, 0x10, 0x62, 0x10, 0x61, 0x10, 0x62, 0x08, 0x62, 0x08,
    0x61, 0x10, 0x62, 0x08, 0x62, 0x08, 0x61, 0x10, 0x62, 0x08, 0x61, 0x08,
    0x82, 0x08, 0x62, 0x10, 0x62, 0x10, 0x82, 0x10, 0x82, 0x10, 0x62, 0x08,
    0x62, 0x08, 0x62, 0x08, 0x62, 0x10, 0x61, 0x08, 0x62, 0x10, 0x61, 0x08,
    0x41, 0x10, 0x41, 0x08, 0x61, 0x08, 0x41, 0x10, 0x62, 0x08, 0x61, 0x08,
    0x96, 0xb5, 0x76, 0xad, 0x56, 0xad, 0x56, 0xad, 0x55, 0xad, 0x35, 0xa5,
    0x14, 0xa5, 0xf4, 0x9c, 0xb3, 0x94, 0x72, 0x8c, 0xf0, 0x7b, 0x2d, 0x63,
    0x6a, 0x4a, 0xc7, 0x39, 0x66, 0x29, 0x25, 0x29, 0xe4, 0x20, 0x04, 0x19,
    0xe4, 0x18, 0xe3, 0x20, 0x04, 0x21, 0x45, 0x29, 0x86, 0x31, 0xc7, 0x39,
    0xe8, 0x39, 0x08, 0x42, 0x49, 0x42, 0x6a, 0x4a, 0x8a, 0x52, 0xab, 0x52,
    0xcb, 0x5a, 0x0c, 0x5b, 0x0d, 0x5b, 0x2d, 0x63, 0x2d, 0x63, 0x2d, 0x63,
    0x2d, 0x63, 0x0c, 0x5b, 0xec, 0x5a, 0xcc, 0x5a, 0xab, 0x52, 0x8a, 0x52,
    0x6a, 0x4a, 0x29, 0x42, 0x08, 0x3a, 0xe8, 0x39, 0xa7, 0x31, 0x66, 0x31,
    0x45, 0x29, 0x24, 0x21, 0x25, 0x21, 0xc8, 0x39, 0xab, 0x52, 0x4d, 0x6b,
    0xcf, 0x7b, 0x31, 0x84, 0x72, 0x8c, 0xb3, 0x94, 0xd3, 0x9c, 0xf4, 0xa4,
    0x35, 0xa5, 0x55, 0xad, 0x35, 0xad, 0x35, 0xa5, 0x35, 0xa5, 0x56, 0xad,
    0x76, 0xad, 0x96, 0xb5, 0xb7, 0xbd, 0xb7, 0xbd, 0xb7, 0xbd, 0xb7, 0xbd,
    0xb6, 0xb5, 0xb6, 0xbd, 0x97, 0xbd, 0xb7, 0xbd, 0xb6, 0xbd, 0xb7, 0xbd,
    0xb7, 0xb5, 0x96, 0xb5, 0x96, 0xb5, 0x96, 0xb5, 0x97, 0xb5, 0xd7, 0xbd,
    0xd7, 0xbd, 0xd7, 0xbd, 0xd7, 0xc5, 0xf8, 0xc5, 0xd7, 0xbd, 0xd7, 0xbd,
    0xd7, 0xbd, 0xd7, 0xbd, 0xf8, 0xbd, 0xf8, 0xbd, 0xf7, 0xbd, 0xf7, 0xbd,
    0xd7, 0xbd, 0x96, 0xb5, 0x96, 0xb5, 0x97, 0xb5, 0xb7, 0xb5, 0x96, 0xb5,
    0x96, 0xb5, 0x76, 0xb5, 0x35, 0xad, 0x55, 0xad, 0xb7, 0xb5, 0xd7, 0xbd,
    0xf8, 0xbd, 0xf8, 0xc5, 0xf8, 0xc5, 0xf8, 0xc5, 0x18, 0xbe, 0x18, 0xbe,
    0xf8, 0xc5, 0x18, 0xc6, 0x19, 0xc6, 0x18, 0xc6, 0x18, 0xc6, 0x18, 0xc6,
    0x18, 0xc6, 0xf8, 0xbd, 0xd7, 0xb5, 0xb7, 0xb5, 0xb7, 0xb5, 0x97, 0xb5,
    0x96, 0xb5, 0x96, 0xad, 0x76, 0xad, 0x76, 0xad, 0x55, 0xad, 0x35, 0xa5,
    0x14, 0xa5, 0xf4, 0x9c, 0xd3, 0x94, 0x93, 0x94, 0x52, 0x8c, 0x11, 0x84,
    0xcf, 0x7b, 0x8e, 0x73, 0x2d, 0x63, 0xec, 0x5a, 0xab, 0x52, 0x49, 0x4a,
    0xc8, 0x39, 0x86, 0x31, 0x25, 0x21, 0xa2, 0x10, 0x62, 0x10, 0x62, 0x08,
    0x62, 0x08, 0x61, 0x10, 0x62, 0x08, 0x62, 0x08, 0x61, 0x10, 0x62, 0x10,
    0x62, 0x10, 0x61, 0x08, 0x61, 0x08, 0x62, 0x10, 0x61, 0x10, 0x62, 0x10,
    0x62, 0x10, 0x61, 0x08, 0x61, 0x10, 0x62, 0x10, 0x82, 0x10, 0x82, 0x10,
    0x82, 0x10, 0x61, 0x10, 0x81, 0x08, 0x62, 0x08, 0x61, 0x08, 0x62, 0x08,
    0x62, 0x08, 0x41, 0x08, 0x41, 0x08, 0x62, 0x08, 0x41, 0x10, 0x41, 0x08,
    0x76, 0xb5, 0x56, 0xad, 0x55, 0xad, 0x35, 0xa5, 0x35, 0xa5, 0x15, 0xa5,
    0xf4, 0xa4, 0xd3, 0x9c, 0x92, 0x94, 0x31, 0x8c, 0xd0, 0x7b, 0x2d, 0x63,
    0x49, 0x4a, 0x86, 0x31, 0x25, 0x21, 0x04, 0x21, 0x04, 0x21, 0xe4, 0x18,
    0xe4, 0x20, 0xe4, 0x20, 0x24, 0x21, 0x86, 0x31, 0xa7, 0x31, 0xe8, 0x39,
    0x29, 0x42, 0x49, 0x42, 0x6a, 0x4a, 0x8b, 0x52, 0xab, 0x52, 0xcb, 0x5a,
    0xec, 0x5a, 0x2d, 0x63, 0x2d, 0x63, 0x2d, 0x63, 0x2d, 0x63, 0x2d, 0x63,
    0x2d, 0x63, 0x0c, 0x5b, 0xec, 0x5a, 0xcb, 0x52, 0x8b, 0x52, 0x6a, 0x4a,
    0x29, 0x4a, 0x08, 0x42, 0xe8, 0x39, 0xc7, 0x39, 0x86, 0x31, 0x45, 0x29,
    0x25, 0x21, 0x04, 0x21, 0xa7, 0x39, 0x8b, 0x52, 0x4d, 0x63, 0xaf, 0x73,
    0x11, 0x84, 0x72, 0x8c, 0x93, 0x94, 0xd3, 0x9c, 0xf4, 0x9c, 0x15, 0xa5,
    0x55, 0xad, 0x75, 0xad, 0x76, 0xad, 0x76, 0xad, 0x76, 0xad, 0x55, 0xad,
    0x55, 0xad, 0x56, 0xad, 0x96, 0xb5, 0xb7, 0xb5, 0xb7, 0xbd, 0xb7, 0xb5,
    0xb6, 0xbd, 0x97, 0xb5, 0xb7, 0xbd, 0xb6, 0xbd, 0xb7, 0xb5, 0xb7, 0xbd,
    0xb7, 0xbd, 0xb6, 0xb5, 0x96, 0xb5, 0x96, 0xb5, 0x96, 0xb5, 0x97, 0xbd,
    0xd7, 0xbd, 0xd7, 0xbd, 0xd8, 0xbd, 0xd7, 0xbd, 0xd8, 0xbd, 0xd7, 0xbd,
    0xd8, 0xc5, 0xd7, 0xbd, 0xd8, 0xbd, 0xf8, 0xc5, 0xf8, 0xbd, 0xf8, 0xc5,
    0xf8, 0xbd, 0xd7, 0xbd, 0x96, 0xb5, 0x96, 0xb5, 0xb7, 0xb5, 0xb7, 0xb5,
    0xb7, 0xb5, 0x96, 0xb5, 0x76, 0xad, 0x76, 0xb5, 0x76, 0xad, 0xb7, 0xb5,
    0xd8, 0xbd, 0xf8, 0xbd, 0xf8, 0xbd, 0xf8, 0xc5, 0x18, 0xc6, 0xf8, 0xc5,
    0xf8, 0xbd, 0xf8, 0xbd, 0xf8, 0xc5, 0x18, 0xc6, 0x18, 0xc6, 0xf8, 0xbd,
    0xf8, 0xbd, 0xf8, 0xbd, 0xd7, 0xbd, 0xb7, 0xb5, 0x97, 0xb5, 0x96, 0xb5,
    0x96, 0xad, 0x76, 0xad, 0x76, 0xad, 0x55, 0xad, 0x35, 0xa5, 0x14, 0xa5,
    0xd4, 0x9c, 0xb3, 0x94, 0x92, 0x94, 0x51, 0x8c, 0x11, 0x84, 0xcf, 0x73,
    0x8e, 0x6b, 0x2d, 0x63, 0xec, 0x5a, 0xab, 0x52, 0x29, 0x4a, 0xc8, 0x39,
    0x86, 0x31, 0x04, 0x21, 0x82, 0x10, 0x61, 0x08, 0x61, 0x08, 0x62, 0x10,
    0x61, 0x10, 0x61, 0x08, 0x62, 0x10, 0x62, 0x08, 0x61, 0x10, 0x61, 0x08,
    0x62, 0x08, 0x62, 0x10, 0x62, 0x10, 0x62, 0x08, 0x62, 0x08, 0x61, 0x08,
    0x62, 0x10, 0x62, 0x08, 0x61, 0x08, 0x62, 0x08, 0x82, 0x10, 0x82, 0x10,
    0x62, 0x08, 0x62, 0x10, 0x62, 0x10, 0x62, 0x08, 0x61, 0x10, 0x61, 0x08,
    0x62, 0x08, 0x62, 0x10, 0x62, 0x08, 0x41, 0x08, 0x62, 0x08, 0x62, 0x08,
    0x76, 0xad, 0x55, 0xad, 0x35, 0xa5, 0x14, 0xa5, 0x14, 0xa5, 0xf4, 0x9c,
    0xd3, 0x9c, 0x93, 0x94, 0x72, 0x8c, 0x10, 0x84, 0x8f, 0x73, 0x0c, 0x63,
    0x29, 0x4a, 0x66, 0x31, 0x04, 0x21, 0x04, 0x21, 0xe4, 0x18, 0xe3, 0x20,
    0xe4, 0x20, 0x24, 0x21, 0x66, 0x29, 0xa7, 0x31, 0xe8, 0x39, 0x09, 0x42,
    0x49, 0x4a, 0x6a, 0x4a, 0x8a, 0x52, 0xab, 0x52, 0xec, 0x5a, 0xec, 0x5a,
    0x0d, 0x63, 0x2d, 0x63, 0x4d, 0x63, 0x4d, 0x63, 0x4d, 0x63, 0x2d, 0x63,
    0x2d, 0x63, 0x0c, 0x5b, 0xcc, 0x5a, 0xab, 0x52, 0x8a, 0x4a, 0x49, 0x4a,
    0x29, 0x42, 0xe8, 0x39, 0xc7, 0x39, 0xa7, 0x31, 0x66, 0x29, 0x25, 0x21,
    0x04, 0x21, 0x87, 0x31, 0x8a, 0x52, 0x2d, 0x63, 0xaf, 0x73, 0x11, 0x84,
    0x52, 0x8c, 0x93, 0x94, 0xd3, 0x9c, 0xf4, 0x9c, 0x15, 0xa5, 0x55, 0xad,
    0x56, 0xad, 0x76, 0xad, 0x96, 0xb5, 0x97, 0xb5, 0x96, 0xb5, 0x76, 0xad,
    0x35, 0xad, 0x35, 0xa5, 0x56, 0xad, 0x96, 0xb5, 0xb7, 0xb5, 0xb7, 0xbd,
    0xb7, 0xb5, 0xb7, 0xbd, 0xb6, 0xbd, 0xb7, 0xb5, 0xb7, 0xbd, 0xb7, 0xbd,
    0xb7, 0xbd, 0xb7, 0xbd, 0x97, 0xb5, 0x96, 0xb5, 0x96, 0xb5, 0x96, 0xb5,
    0x97, 0xbd, 0xd7, 0xbd, 0xd7, 0xbd, 0xd8, 0xbd, 0xd7, 0xbd, 0xd7, 0xc5,
    0xd7, 0xbd, 0xd7, 0xbd, 0xd7, 0xc5, 0xd8, 0xbd, 0xd8, 0xc5, 0xf8, 0xc5,
    0xf8, 0xbd, 0xf8, 0xbd, 0xd7, 0xbd, 0x96, 0xb5, 0x96, 0xb5, 0x97, 0xb5,
    0xb7, 0xb5, 0xb7, 0xbd, 0x96, 0xb5, 0x76, 0xb5, 0x76, 0xad, 0x96, 0xb5,
    0xb7, 0xb5, 0xf8, 0xbd, 0xf8, 0xbd, 0xf8, 0xbd, 0xf8, 0xc5, 0xf8, 0xbd,
    0xf8, 0xbd, 0xd8, 0xbd, 0xd7, 0xbd, 0xf7, 0xbd, 0xf8, 0xbd, 0xf8, 0xbd,
    0xd8, 0xbd, 0xd8, 0xbd, 0xd7, 0xbd, 0xb7, 0xb5, 0x96, 0xb5, 0x76, 0xad,
    0x76, 0xad, 0x56, 0xad, 0x35, 0xad, 0x35, 0xa5, 0x14, 0x9d, 0xd4, 0x9c,
    0xb3, 0x94, 0x72, 0x8c, 0x31, 0x8c, 0x10, 0x84, 0xaf, 0x73, 0x6e, 0x6b,
    0x2d, 0x63, 0xec, 0x5a, 0x8b, 0x52, 0x29, 0x42, 0xc7, 0x39, 0x86, 0x31,
    0x04, 0x21, 0x82, 0x10, 0x62, 0x08, 0x62, 0x10, 0x62, 0x10, 0x62, 0x10,
    0x62, 0x08, 0x62, 0x10, 0x62, 0x08, 0x61, 0x10, 0x62, 0x08, 0x62, 0x10,
    0x61, 0x08, 0x62, 0x08, 0x61, 0x10, 0x62, 0x10, 0x61, 0x08, 0x62, 0x10,
    0x61, 0x08, 0x62, 0x10, 0x62, 0x08, 0x62, 0x10, 0x82, 0x10, 0x82, 0x10,
    0x82, 0x10, 0x62, 0x08, 0x61, 0x10, 0x62, 0x10, 0x62, 0x08, 0x61, 0x10,
    0x61, 0x10, 0x61, 0x08, 0x61, 0x08, 0x42, 0x10, 0x41, 0x08, 0x61, 0x08,
    0x56, 0xad, 0x35, 0xad, 0x15, 0xa5, 0xf4, 0x9c, 0xf4, 0x9c, 0xd3, 0x9c,
    0xb3, 0x94, 0x72, 0x8c, 0x31, 0x84, 0xaf, 0x73, 0x2d, 0x63, 0xab, 0x52,
    0xe8, 0x39, 0x25, 0x21, 0xe4, 0x18, 0xe4, 0x20, 0xe3, 0x20, 0xe4, 0x18,
    0x24, 0x21, 0x65, 0x29, 0xa7, 0x31, 0xe8, 0x39, 0x08, 0x42, 0x49, 0x4a,
    0x6a, 0x4a, 0x8b, 0x52, 0xab, 0x52, 0xec, 0x5a, 0x0c, 0x5b, 0x2d, 0x63,
    0x2d, 0x63, 0x4d, 0x63, 0x6e, 0x6b, 0x4e, 0x63, 0x4d, 0x63, 0x2d, 0x63,
    0x0c, 0x63, 0xec, 0x5a, 0xcb, 0x52, 0x8a, 0x52, 0x6a, 0x4a, 0x49, 0x42,
    0x08, 0x42, 0xc8, 0x39, 0xa7, 0x31, 0x66, 0x29, 0x25, 0x29, 0x04, 0x21,
    0x86, 0x31, 0x6a, 0x4a, 0x0d, 0x63, 0x8f, 0x73, 0x10, 0x7c, 0x52, 0x8c,
    0x92, 0x94, 0xd3, 0x9c, 0xf4, 0x9c, 0x35, 0xa5, 0x55, 0xad, 0x56, 0xad,
    0x76, 0xad, 0x76, 0xad, 0x96, 0xb5, 0x96, 0xb5, 0x97, 0xb5, 0x76, 0xad,
    0x56, 0xad, 0x55, 0xad, 0x35, 0xa5, 0x76, 0xad, 0xb7, 0xb5, 0xb7, 0xbd,
    0xb7, 0xbd, 0xb7, 0xbd, 0xb7, 0xbd, 0xb7, 0xbd, 0xb7, 0xbd, 0xb7, 0xbd,
    0xd7, 0xbd, 0xd7, 0xbd, 0xb7, 0xbd, 0x97, 0xb5, 0x96, 0xb5, 0x96, 0xb5,
    0x97, 0xb5, 0x97, 0xbd, 0xd7, 0xbd, 0xd7, 0xbd, 0xd7, 0xc5, 0xd7, 0xbd,
    0xd7, 0xbd, 0xd7, 0xbd, 0xd7, 0xbd, 0xd7, 0xbd, 0xd7, 0xbd, 0xf8, 0xbd,
    0xf8, 0xc5, 0xf7, 0xbd, 0xf8, 0xc5, 0xd7, 0xbd, 0x96, 0xb5, 0x76, 0xad,
    0x97, 0xb5, 0xd7, 0xbd, 0xb7, 0xb5, 0x76, 0xad, 0x76, 0xad, 0x76, 0xb5,
    0x96, 0xb5, 0xd7, 0xbd, 0xf8, 0xbd, 0xf8, 0xbd, 0xd8, 0xbd, 0xf8, 0xbd,
    0xd7, 0xbd, 0xd7, 0xbd, 0xb7, 0xbd, 0xb7, 0xb5, 0xd7, 0xbd, 0xd7, 0xbd,
    0xb7, 0xb5, 0xb7, 0xbd, 0xb7, 0xb5, 0x96, 0xb5, 0x76, 0xad, 0x76, 0xad,
    0x55, 0xad, 0x35, 0xa5, 0x14, 0xa5, 0xf4, 0x9c, 0xd3, 0x9c, 0xb3, 0x94,
    0x72, 0x8c, 0x31, 0x84, 0xf0, 0x7b, 0xaf, 0x73, 0x6e, 0x6b, 0x0d, 0x63,
    0xec, 0x5a, 0x8a, 0x52, 0x29, 0x42, 0xc7, 0x39, 0x66, 0x31, 0xe4, 0x20,
    0x82, 0x10, 0x62, 0x08, 0x62, 0x10, 0x62, 0x08, 0x62, 0x10, 0x61, 0x08,
    0x61, 0x08, 0x62, 0x08, 0x62, 0x10, 0x61, 0x08, 0x62, 0x10, 0x62, 0x08,
    0x62, 0x10, 0x61, 0x10, 0x62, 0x08, 0x61, 0x08, 0x62, 0x10, 0x62, 0x10,
    0x62, 0x08, 0x61, 0x08, 0x61, 0x10, 0x62, 0x10, 0x62, 0x10, 0x82, 0x10,
    0x82, 0x10, 0x82, 0x10, 0x62, 0x08, 0x81, 0x08, 0x62, 0x10, 0x62, 0x08,
    0x62, 0x08, 0x61, 0x08, 0x62, 0x10, 0x61, 0x08, 0x41, 0x08, 0x41, 0x08,
    0x55, 0xad, 0x35, 0xa5, 0x14, 0xa5, 0xd4, 0x9c, 0xb3, 0x94, 0x92, 0x94,
    0x72, 0x8c, 0x31, 0x8c, 0xd0, 0x7b, 0x4e, 0x6b, 0xcb, 0x5a, 0x29, 0x42,
    0x45, 0x29, 0x04, 0x21, 0x04, 0x21, 0x04, 0x21, 0xe4, 0x18, 0x04, 0x21,
    0x45, 0x29, 0xa7, 0x31, 0xe8, 0x39, 0x08, 0x42, 0x49, 0x42, 0x6a, 0x4a,
    0x8a, 0x52, 0xcb, 0x52, 0xec, 0x5a, 0x0c, 0x5b, 0x0d, 0x63, 0x2d, 0x63,
    0x4d, 0x63, 0x6e, 0x6b, 0x6e, 0x6b, 0x4e, 0x6b, 0x2d, 0x63, 0x2d, 0x63,
    0xec, 0x5a, 0xcc, 0x5a, 0xab, 0x52, 0x6a, 0x4a, 0x4a, 0x4a, 0x29, 0x42,
    0xe8, 0x39, 0xa7, 0x31, 0x86, 0x31, 0x45, 0x29, 0x04, 0x21, 0x66, 0x29,
    0x49, 0x4a, 0xec, 0x5a, 0x6e, 0x73, 0xf0, 0x7b, 0x51, 0x8c, 0x93, 0x94,
    0xb3, 0x9c, 0xf4, 0x9c, 0x15, 0xa5, 0x55, 0xad, 0x56, 0xad, 0x76, 0xad,
    0x96, 0xb5, 0x96, 0xb5, 0x76, 0xb5, 0x76, 0xad, 0x76, 0xad, 0x76, 0xb5,
    0x76, 0xad, 0x56, 0xad, 0x35, 0xad, 0x55, 0xad, 0x96, 0xb5, 0xb7, 0xb5,
    0xb7, 0xbd, 0xb7, 0xb5, 0xb7, 0xbd, 0xb7, 0xb5, 0xb7, 0xbd, 0xb7, 0xbd,
    0xd7, 0xb5, 0xd7, 0xbd, 0xd8, 0xbd, 0xd7, 0xbd, 0xb7, 0xb5, 0x96, 0xb5,
    0x96, 0xb5, 0x96, 0xb5, 0xb7, 0xbd, 0xd7, 0xbd, 0xd7, 0xbd, 0xd7, 0xbd,
    0xd7, 0xbd, 0xb7, 0xc5, 0xb7, 0xc5, 0xd7, 0xbd, 0xd7, 0xbd, 0xd7, 0xbd,
    0xd8, 0xbd, 0xf8, 0xc5, 0xf8, 0xbd, 0xf8, 0xbd, 0xd7, 0xbd, 0x96, 0xb5,
    0x76, 0xb5, 0xb7, 0xb5, 0xb7, 0xbd, 0xb7, 0xb5, 0x76, 0xb5, 0x76, 0xb5,
    0x96, 0xb5, 0xb7, 0xb5, 0xd8, 0xbd, 0xd7, 0xbd, 0xd7, 0xbd, 0xd7, 0xbd,
    0xd7, 0xbd, 0xb7, 0xbd, 0xb7, 0xb5, 0xb7, 0xb5, 0xb7, 0xbd, 0xb7, 0xb5,
    0x96, 0xb5, 0x96, 0xb5, 0x96, 0xad, 0x76, 0xad, 0x55, 0xad, 0x35, 0xad,
    0x35, 0xa5, 0x14, 0xa5, 0xf4, 0x9c, 0xb3, 0x94, 0x92, 0x94, 0x72, 0x8c,
    0x31, 0x84, 0xf0, 0x7b, 0xaf, 0x73, 0x4e, 0x6b, 0x0d, 0x63, 0xcb, 0x5a,
    0x8a, 0x4a, 0x09, 0x42, 0xc7, 0x39, 0x66, 0x29, 0xe3, 0x18, 0x82, 0x10,
    0x62, 0x08, 0x62, 0x08, 0x61, 0x10, 0x61, 0x10, 0x61, 0x08, 0x62, 0x08,
    0x62, 0x10, 0x61, 0x10, 0x61, 0x08, 0x62, 0x10, 0x61, 0x10, 0x62, 0x08,
    0x61, 0x08, 0x62, 0x10, 0x62, 0x10, 0x62, 0x08, 0x61, 0x10, 0x61, 0x08,
    0x62, 0x08, 0x62, 0x10, 0x62, 0x10, 0x61, 0x08, 0x61, 0x08, 0x62, 0x10,
    0x82, 0x10, 0x82, 0x10, 0x62, 0x10, 0x62, 0x10, 0x82, 0x10, 0x61, 0x08,
    0x62, 0x08, 0x62, 0x10, 0x61, 0x08, 0x61, 0x08, 0x62, 0x10, 0x62, 0x10,
    0x55, 0xad, 0x35, 0xa5, 0x14, 0xa5, 0xd4, 0x9c, 0x93, 0x94, 0x72, 0x8c,
    0x31, 0x84, 0xf0, 0x83, 0x8f, 0x73, 0x0c, 0x63, 0x49, 0x4a, 0x86, 0x31,
    0x04, 0x21, 0xe4, 0x20, 0xe4, 0x20, 0xe3, 0x18, 0x04, 0x21, 0x25, 0x29,
    0x86, 0x31, 0xc8, 0x39, 0x08, 0x42, 0x49, 0x42, 0x6a, 0x4a, 0x8a, 0x52,
    0xab, 0x52, 0xec, 0x5a, 0x0c, 0x5b, 0x2d, 0x63, 0x2d, 0x63, 0x4e, 0x6b,
    0x6e, 0x6b, 0x6e, 0x6b, 0x6e, 0x6b, 0x4d, 0x63, 0x2d, 0x63, 0x0c, 0x5b,
    0xec, 0x5a, 0xab, 0x52, 0x8a, 0x52, 0x6a, 0x4a, 0x29, 0x42, 0x08, 0x3a,
    0xc7, 0x39, 0x86, 0x31, 0x65, 0x29, 0x25, 0x21, 0x45, 0x29, 0x29, 0x42,
    0xec, 0x5a, 0x6e, 0x6b, 0xd0, 0x7b, 0x31, 0x8c, 0x92, 0x94, 0xb3, 0x94,
    0xf4, 0x9c, 0x14, 0xa5, 0x35, 0xa5, 0x56, 0xad, 0x76, 0xad, 0x96, 0xb5,
    0x97, 0xb5, 0xb7, 0xbd, 0x96, 0xb5, 0x76, 0xad, 0x55, 0xad, 0x55, 0xad,
    0x76, 0xad, 0x76, 0xad, 0x76, 0xad, 0x76, 0xad, 0x76, 0xad, 0x96, 0xb5,
    0xb7, 0xb5, 0xd7, 0xbd, 0xb7, 0xb5, 0xb7, 0xbd, 0xb7, 0xbd, 0xd7, 0xbd,
    0xd7, 0xbd, 0xd7, 0xbd, 0xd7, 0xbd, 0xd8, 0xbd, 0xd7, 0xbd, 0xb7, 0xbd,
    0x96, 0xb5, 0x96, 0xb5, 0xb7, 0xbd, 0xd7, 0xbd, 0xd7, 0xc5, 0xb7, 0xbd,
    0xd7, 0xbd, 0xb7, 0xbd, 0xd7, 0xbd, 0xd7, 0xbd, 0xd7, 0xbd, 0xd7, 0xc5,
    0xf8, 0xbd, 0xf8, 0xbd, 0xf7, 0xc5, 0xf8, 0xbd, 0xf8, 0xc5, 0xd7, 0xbd,
    0x96, 0xad, 0x96, 0xb5, 0xb7, 0xbd, 0xd7, 0xbd, 0xb7, 0xbd, 0x97, 0xb5,
    0x96, 0xb5, 0x76, 0xad, 0xb7, 0xb5, 0xd7, 0xbd, 0xb7, 0xbd, 0xb7, 0xb5,
    0xb7, 0xb5, 0xb7, 0xb5, 0xb7, 0xb5, 0xb7, 0xb5, 0x97, 0xb5, 0x96, 0xb5,
    0x96, 0xb5, 0x76, 0xad, 0x56, 0xad, 0x55, 0xad, 0x35, 0xa5, 0x15, 0xa5,
    0x14, 0x9d, 0xd4, 0x9c, 0xb3, 0x94, 0x92, 0x94, 0x52, 0x8c, 0x11, 0x84,
    0xd0, 0x7b, 0x8f, 0x73, 0x4d, 0x6b, 0x0c, 0x5b, 0xcb, 0x5a, 0x6a, 0x4a,
    0x09, 0x42, 0xc7, 0x39, 0x66, 0x29, 0xc3, 0x18, 0x62, 0x10, 0x62, 0x08,
    0x62, 0x10, 0x62, 0x10, 0x82, 0x08, 0x61, 0x08, 0x62, 0x10, 0x62, 0x10,
    0x62, 0x08, 0x62, 0x10, 0x62, 0x10, 0x61, 0x08, 0x62, 0x08, 0x62, 0x10,
    0x61, 0x10, 0x62, 0x08, 0x61, 0x08, 0x61, 0x10, 0x62, 0x08, 0x62, 0x08,
    0x61, 0x10, 0x61, 0x10, 0x62, 0x08, 0x62, 0x08, 0x62, 0x08, 0x62, 0x10,
    0x82, 0x10, 0x82, 0x10, 0x82, 0x10, 0x62, 0x08, 0x62, 0x10, 0x61, 0x10,
    0x82, 0x10, 0x61, 0x10, 0x62, 0x08, 0x61, 0x08, 0x62, 0x10, 0x62, 0x08,
    0x56, 0xad, 0x35, 0xa5, 0xf4, 0xa4, 0xb3, 0x94, 0x92, 0x94, 0x52, 0x8c,
    0xf0, 0x7b, 0xaf, 0x73, 0x2d, 0x63, 0x8a, 0x52, 0xc7, 0x39, 0x05, 0x21,
    0x04, 0x21, 0x04, 0x21, 0xe4, 0x18, 0xe4, 0x20, 0x25, 0x21, 0x86, 0x31,
    0xc7, 0x39, 0x08, 0x42, 0x49, 0x42, 0x6a, 0x4a, 0x8b, 0x52, 0xab, 0x52,
    0xec, 0x5a, 0x0c, 0x5b, 0x2d, 0x63, 0x4e, 0x6b, 0x6e, 0x6b, 0x6e, 0x6b,
    0x6e, 0x6b, 0x6e, 0x6b, 0x6e, 0x6b, 0x2d, 0x63, 0x0d, 0x63, 0xec, 0x5a,
    0xcb, 0x52, 0x8a, 0x52, 0x6a, 0x4a, 0x49, 0x42, 0x08, 0x42, 0xc8, 0x39,
    0xa7, 0x31, 0x65, 0x29, 0x25, 0x21, 0x25, 0x29, 0x08, 0x42, 0xcb, 0x5a,
    0x4d, 0x6b, 0xcf, 0x7b, 0x31, 0x84, 0x72, 0x8c, 0xb3, 0x94, 0xf4, 0x9c,
    0x15, 0xa5, 0x35, 0xad, 0x55, 0xad, 0x76, 0xad, 0x96, 0xb5, 0x97, 0xb5,
    0xb7, 0xb5, 0xb7, 0xb5, 0xb7, 0xb5, 0x96, 0xb5, 0x56, 0xad, 0x35, 0xa5,
    0x35, 0xad, 0x56, 0xad, 0x76, 0xad, 0x76, 0xad, 0x76, 0xb5, 0x96, 0xb5,
    0x97, 0xb5, 0xd7, 0xbd, 0xd7, 0xbd, 0xb7, 0xb5, 0xb7, 0xbd, 0xd7, 0xbd,
    0xd7, 0xbd, 0xb7, 0xbd, 0xd7, 0xbd, 0xd7, 0xbd, 0xd8, 0xbd, 0xd7, 0xbd,
    0xb7, 0xbd, 0x76, 0xb5, 0x96, 0xb5, 0xb7, 0xbd, 0xb7, 0xbd, 0xd7, 0xbd,
    0xb7, 0xbd, 0xb7, 0xbd, 0xd7, 0xbd, 0xb7, 0xc5, 0xd7, 0xbd, 0xd8, 0xbd,
    0xd8, 0xc5, 0xf7, 0xbd, 0xf8, 0xbd, 0xf8, 0xc5, 0xd8, 0xbd, 0xd7, 0xbd,
    0xb7, 0xb5, 0x76, 0xad, 0x97, 0xb5, 0xd7, 0xbd, 0xf8, 0xbd, 0xd7, 0xbd,
    0x96, 0xb5, 0x76, 0xad, 0x96, 0xb5, 0xb7, 0xbd, 0xb7, 0xb5, 0xb7, 0xb5,
    0x97, 0xb5, 0xb7, 0xb5, 0xb7, 0xb5, 0x96, 0xb5, 0x96, 0xb5, 0x76, 0xb5,
    0x56, 0xad, 0x55, 0xad, 0x35, 0xad, 0x35, 0xa5, 0x14, 0xa5, 0xf4, 0x9c,
    0xd3, 0x9c, 0xb3, 0x94, 0x92, 0x8c, 0x51, 0x8c, 0x11, 0x84, 0xcf, 0x7b,
    0x8e, 0x6b, 0x4d, 0x63, 0xec, 0x5a, 0xab, 0x52, 0x6a, 0x4a, 0x08, 0x42,
    0xa7, 0x31, 0x45, 0x29, 0xc3, 0x18, 0x62, 0x10, 0x61, 0x08, 0x62, 0x10,
    0x62, 0x08, 0x61, 0x08, 0x62, 0x10, 0x62, 0x08, 0x62, 0x08, 0x61, 0x10,
    0x61, 0x10, 0x61, 0x08, 0x62, 0x08, 0x62, 0x08, 0x62, 0x10, 0x61, 0x08,
    0x62, 0x08, 0x62, 0x10, 0x62, 0x08, 0x62, 0x08, 0x62, 0x10, 0x62, 0x08,
    0x62, 0x10, 0x62, 0x08, 0x61, 0x08, 0x62, 0x10, 0x61, 0x10, 0x62, 0x08,
    0x62, 0x08, 0x82, 0x10, 0x82, 0x10, 0x82, 0x10, 0x82, 0x08, 0x62, 0x08,
    0x61, 0x10, 0x62, 0x08, 0x62, 0x08, 0x62, 0x10, 0x61, 0x08, 0x61, 0x08,
    0x55, 0xad, 0x35, 0xa5, 0x14, 0xa5, 0xd3, 0x9c, 0x72, 0x8c, 0x31, 0x84,
    0xd0, 0x7b, 0x4d, 0x6b, 0xab, 0x5a, 0x08, 0x42, 0x45, 0x29, 0xe4, 0x18,
    0x04, 0x21, 0xe4, 0x20, 0x04, 0x19, 0x24, 0x21, 0x86, 0x31, 0xc7, 0x39,
    0xe8, 0x39, 0x29, 0x42, 0x6a, 0x4a, 0x8a, 0x52, 0xcb, 0x52, 0xec, 0x5a,
    0x0c, 0x5b, 0x2d, 0x63, 0x4d, 0x6b, 0x6e, 0x6b, 0x8e, 0x6b, 0x8e, 0x6b,
    0x6e, 0x6b, 0x6e, 0x6b, 0x4d, 0x63, 0x2d, 0x63, 0x0c, 0x5b, 0xcc, 0x5a,
    0xab, 0x52, 0x6a, 0x4a, 0x49, 0x4a, 0x29, 0x42, 0xe8, 0x39, 0xa7, 0x31,
    0x66, 0x29, 0x25, 0x29, 0x25, 0x29, 0xe8, 0x39, 0xab, 0x52, 0x2d, 0x63,
    0xaf, 0x73, 0x11, 0x84, 0x72, 0x8c, 0x93, 0x94, 0xf4, 0x9c, 0x14, 0xa5,
    0x35, 0xa5, 0x56, 0xad, 0x76, 0xad, 0x96, 0xb5, 0x96, 0xb5, 0xb7, 0xb5,
    0xb7, 0xb5, 0xb6, 0xb5, 0x97, 0xb5, 0x96, 0xb5, 0x76, 0xb5, 0x55, 0xad,
    0x15, 0xa5, 0x15, 0xa5, 0x55, 0xad, 0x76, 0xad, 0x76, 0xad, 0x96, 0xb5,
    0xb7, 0xb5, 0xb7, 0xbd, 0xd8, 0xbd, 0xd7, 0xbd, 0xd7, 0xbd, 0xd7, 0xbd,
    0xd7, 0xbd, 0xd8, 0xbd, 0xd8, 0xbd, 0xd8, 0xbd, 0xd7, 0xbd, 0xd7, 0xbd,
    0xd7, 0xbd, 0xb7, 0xbd, 0x96, 0xb5, 0xb7, 0xbd, 0xb7, 0xbd, 0xb7, 0xbd,
    0xb6, 0xbd, 0xb7, 0xbd, 0xd7, 0xbd, 0xd7, 0xbd, 0xd7, 0xc5, 0xd7, 0xbd,
    0xd7, 0xbd, 0xd8, 0xbd, 0xf8, 0xbd, 0xf8, 0xbd, 0xd7, 0xbd, 0xb7, 0xbd,
    0xb7, 0xbd, 0xb7, 0xb5, 0x76, 0xad, 0xb7, 0xb5, 0xf8, 0xbd, 0xf8, 0xbd,
    0xd7, 0xbd, 0x96, 0xb5, 0x76, 0xad, 0xb7, 0xb5, 0xb7, 0xb5, 0x96, 0xb5,
    0xb7, 0xb5, 0xb6, 0xb5, 0x96, 0xb5, 0x96, 0xb5, 0x76, 0xad, 0x56, 0xad,
    0x55, 0xa5, 0x35, 0xa5, 0x14, 0xa5, 0xf4, 0x9c, 0xf4, 0x9c, 0xb3, 0x9c,
    0x93, 0x94, 0x72, 0x8c, 0x31, 0x84, 0x10, 0x7c, 0xaf, 0x7b, 0x8e, 0x6b,
    0x2d, 0x63, 0xec, 0x5a, 0x8b, 0x52, 0x49, 0x4a, 0xe8, 0x41, 0xa7, 0x31,
    0x45, 0x29, 0xc3, 0x18, 0x62, 0x10, 0x62, 0x08, 0x82, 0x10, 0x61, 0x08,
    0x82, 0x10, 0x82, 0x10, 0x61, 0x08, 0x61, 0x10, 0x62, 0x10, 0x62, 0x08,
    0x62, 0x08, 0x62, 0x10, 0x61, 0x08, 0x62, 0x10, 0x61, 0x10, 0x62, 0x10,
    0x61, 0x10, 0x61, 0x08, 0x62, 0x10, 0x62, 0x10, 0x61, 0x10, 0x61, 0x08,
    0x62, 0x08, 0x62, 0x10, 0x62, 0x10, 0x61, 0x08, 0x62, 0x10, 0x61, 0x08,
    0x62, 0x10, 0x82, 0x10, 0x82, 0x10, 0x82, 0x10, 0x82, 0x10, 0x62, 0x10,
    0x62, 0x08, 0x62, 0x10, 0x61, 0x08, 0x61, 0x10, 0x62, 0x10, 0x62, 0x08,
    0x35, 0xa5, 0x15, 0xa5, 0xf4, 0x9c, 0xb3, 0x94, 0x72, 0x8c, 0xf0, 0x7b,
    0x8e, 0x73, 0xec, 0x5a, 0x49, 0x4a, 0x66, 0x29, 0x04, 0x21, 0x04, 0x21,
    0x04, 0x21, 0xe4, 0x18, 0x04, 0x21, 0x65, 0x29, 0xa7, 0x31, 0xe8, 0x39,
    0x29, 0x42, 0x6a, 0x4a, 0xab, 0x52, 0xcb, 0x52, 0xec, 0x5a, 0x0c, 0x63,
    0x2d, 0x63, 0x4e, 0x63, 0x6e, 0x6b, 0x8e, 0x6b, 0x8e, 0x6b, 0x8f, 0x73,
    0x6e, 0x6b, 0x6e, 0x6b, 0x2d, 0x63, 0x0d, 0x63, 0xec, 0x5a, 0xab, 0x52,
    0x8a, 0x52, 0x6a, 0x4a, 0x29, 0x42, 0xe8, 0x39, 0xc7, 0x39, 0x86, 0x31,
    0x25, 0x21, 0x25, 0x21, 0xc7, 0x39, 0xab, 0x52, 0x0d, 0x63, 0x8e, 0x73,
    0xd0, 0x7b, 0x51, 0x84, 0x92, 0x94, 0xd3, 0x9c, 0xf4, 0xa4, 0x35, 0xa5,
    0x55, 0xad, 0x76, 0xad, 0x76, 0xb5, 0x96, 0xb5, 0xb7, 0xb5, 0xb7, 0xb5,
    0x97, 0xbd, 0xb7, 0xb5, 0x96, 0xb5, 0x76, 0xad, 0x56, 0xad, 0x76, 0xad,
    0x35, 0xa5, 0xf4, 0xa4, 0x14, 0xa5, 0x56, 0xad, 0x76, 0xad, 0x96, 0xb5,
    0xb7, 0xb5, 0xd7, 0xbd, 0xd7, 0xbd, 0xd8, 0xbd, 0xd7, 0xbd, 0xd8, 0xbd,
    0xb7, 0xbd, 0xd7, 0xbd, 0xd7, 0xbd, 0xd7, 0xbd, 0xd7, 0xbd, 0xd7, 0xbd,
    0xb7, 0xbd, 0xd7, 0xbd, 0xb7, 0xbd, 0xb6, 0xbd, 0xb7, 0xbd, 0xb7, 0xbd,
    0xd7, 0xbd, 0xb7, 0xbd, 0xd7, 0xbd, 0xd7, 0xbd, 0xb7, 0xbd, 0xd7, 0xbd,
    0xd8, 0xbd, 0xf8, 0xc5, 0xf8, 0xc5, 0xd7, 0xbd, 0xd7, 0xbd, 0xd7, 0xbd,
    0xd7, 0xb5, 0xd7, 0xb5, 0x76, 0xb5, 0x76, 0xad, 0xb7, 0xb5, 0xd7, 0xbd,
    0xd7, 0xbd, 0xb7, 0xb5, 0x76, 0xad, 0x76, 0xb5, 0x96, 0xb5, 0x97, 0xb5,
    0xb7, 0xb5, 0x96, 0xb5, 0x76, 0xad, 0x76, 0xad, 0x55, 0xad, 0x35, 0xa5,
    0x35, 0xa5, 0x14, 0xa5, 0xf4, 0x9c, 0xd3, 0x9c, 0xb3, 0x94, 0x92, 0x94,
    0x52, 0x8c, 0x31, 0x84, 0xf0, 0x7b, 0xaf, 0x73, 0x6e, 0x6b, 0x2d, 0x63,
    0xcc, 0x5a, 0x8b, 0x52, 0x49, 0x42, 0xe8, 0x39, 0xa7, 0x31, 0x45, 0x29,
    0xa3, 0x10, 0x62, 0x08, 0x62, 0x10, 0x62, 0x10, 0x62, 0x08, 0x62, 0x08,
    0x61, 0x10, 0x62, 0x10, 0x62, 0x08, 0x61, 0x08, 0x62, 0x10, 0x61, 0x10,
    0x62, 0x08, 0x62, 0x08, 0x62, 0x10, 0x61, 0x10, 0x62, 0x08, 0x61, 0x08,
    0x62, 0x08, 0x62, 0x10, 0x61, 0x10, 0x61, 0x08, 0x62, 0x08, 0x61, 0x10,
    0x61, 0x10, 0x61, 0x08, 0x62, 0x08, 0x62, 0x08, 0x61, 0x10, 0x62, 0x10,
    0x62, 0x10, 0x82, 0x08, 0x82, 0x10, 0x62, 0x10, 0x62, 0x10, 0x82, 0x10,
    0x82, 0x10, 0x61, 0x08, 0x62, 0x10, 0x82, 0x08, 0x61, 0x08, 0x62, 0x10,
    0x35, 0xa5, 0xf4, 0x9c, 0x93, 0x94, 0x72, 0x8c, 0x11, 0x84, 0xaf, 0x73,
    0x2d, 0x63, 0x6a, 0x4a, 0xa7, 0x39, 0x04, 0x21, 0xe4, 0x20, 0xe4, 0x20,
    0xe4, 0x20, 0x04, 0x21, 0x45, 0x29, 0xa7, 0x31, 0xe8, 0x39, 0x29, 0x42,
    0x4a, 0x4a, 0x8a, 0x52, 0xcb, 0x52, 0xec, 0x5a, 0x0c, 0x5b, 0x2d, 0x63,
    0x4e, 0x6b, 0x8e, 0x6b, 0x8f, 0x6b, 0xaf, 0x73, 0x8e, 0x73, 0x8e, 0x6b,
    0x6e, 0x6b, 0x4d, 0x63, 0x2d, 0x63, 0x0c, 0x5b, 0xcc, 0x5a, 0x8a, 0x52,
    0x6a, 0x4a, 0x29, 0x42, 0x08, 0x3a, 0xc7, 0x39, 0x87, 0x31, 0x45, 0x29,
    0x25, 0x21, 0xa7, 0x31, 0x8a, 0x52, 0x0d, 0x63, 0x6e, 0x6b, 0xaf, 0x7b,
    0x10, 0x84, 0x52, 0x8c, 0xb3, 0x94, 0xf4, 0x9c, 0x15, 0xa5, 0x55, 0xad,
    0x76, 0xad, 0x76, 0xb5, 0x96, 0xb5, 0xb7, 0xb5, 0xb7, 0xb5, 0xb7, 0xbd,
    0x96, 0xb5, 0x97, 0xb5, 0x97, 0xb5, 0x76, 0xb5, 0x56, 0xad, 0x55, 0xad,
    0x55, 0xad, 0x55, 0xad, 0x15, 0xa5, 0x15, 0xa5, 0x56, 0xad, 0x96, 0xb5,
    0x97, 0xb5, 0xb7, 0xb5, 0xd7, 0xbd, 0xd7, 0xbd, 0xb8, 0xbd, 0xd7, 0xbd,
    0xd8, 0xbd, 0xb7, 0xbd, 0xd7, 0xbd, 0xd7, 0xbd, 0xd7, 0xbd, 0xd7, 0xbd,
    0xb7, 0xbd, 0xd7, 0xbd, 0xb7, 0xbd, 0xb7, 0xbd, 0xb7, 0xbd, 0xb7, 0xbd,
    0xb6, 0xbd, 0xb7, 0xbd, 0xd7, 0xbd, 0xd7, 0xc5, 0xd7, 0xbd, 0xd8, 0xbd,
    0xd7, 0xc5, 0xf8, 0xbd, 0xf7, 0xbd, 0xd8, 0xbd, 0xd7, 0xbd, 0xb7, 0xbd,
    0xb7, 0xb5, 0xb7, 0xbd, 0x97, 0xb5, 0x76, 0xad, 0x55, 0xad, 0x96, 0xb5,
    0xb7, 0xbd, 0xd7, 0xbd, 0x97, 0xb5, 0x96, 0xb5, 0x97, 0xb5, 0x97, 0xb5,
    0x96, 0xb5, 0x76, 0xad, 0x76, 0xad, 0x55, 0xad, 0x35, 0xa5, 0x14, 0xa5,
    0xf4, 0xa4, 0xf4, 0x9c, 0xb3, 0x94, 0x92, 0x94, 0x72, 0x8c, 0x51, 0x8c,
    0x10, 0x84, 0xf0, 0x7b, 0x8f, 0x73, 0x6e, 0x6b, 0x0d, 0x63, 0xcc, 0x5a,
    0x8a, 0x52, 0x49, 0x42, 0xe8, 0x39, 0x86, 0x31, 0x25, 0x21, 0xa3, 0x10,
    0x62, 0x08, 0x62, 0x10, 0x61, 0x08, 0x61, 0x08, 0x82, 0x10, 0x62, 0x10,
    0x62, 0x08, 0x62, 0x08, 0x62, 0x10, 0x62, 0x10, 0x62, 0x08, 0x61, 0x08,
    0x61, 0x10, 0x61, 0x08, 0x62, 0x10, 0x62, 0x08, 0x61, 0x08, 0x62, 0x08,
    0x62, 0x10, 0x62, 0x08, 0x62, 0x08, 0x62, 0x10, 0x62, 0x08, 0x62, 0x08,
    0x62, 0x10, 0x62, 0x08, 0x61, 0x08, 0x61, 0x10, 0x62, 0x08, 0x62, 0x08,
    0x61, 0x10, 0x62, 0x10, 0x82, 0x10, 0x82, 0x10, 0x82, 0x08, 0x62, 0x10,
    0x82, 0x08, 0x62, 0x10, 0x82, 0x10, 0x62, 0x08, 0x62, 0x08, 0x61, 0x10,
    0x15, 0x9d, 0xd3, 0x94, 0x72, 0x8c, 0x11, 0x84, 0xaf, 0x73, 0x4e, 0x6b,
    0xcb, 0x5a, 0xe8, 0x39, 0x25, 0x21, 0x04, 0x21, 0x04, 0x21, 0xe4, 0x18,
    0x04, 0x21, 0x45, 0x29, 0xa7, 0x31, 0xe7, 0x39, 0x09, 0x42, 0x69, 0x4a,
    0x8a, 0x52, 0xab, 0x52, 0xec, 0x5a, 0x0d, 0x63, 0x2d, 0x63, 0x4d, 0x63,
    0x6e, 0x6b, 0x8e, 0x73, 0xaf, 0x73, 0xaf, 0x73, 0x8f, 0x6b, 0x6e, 0x6b,
    0x4e, 0x6b, 0x2d, 0x63, 0x0c, 0x63, 0xec, 0x5a, 0xab, 0x52, 0x8a, 0x4a,
    0x49, 0x4a, 0x08, 0x42, 0xc7, 0x39, 0x86, 0x31, 0x45, 0x29, 0x25, 0x21,
    0x86, 0x31, 0x6a, 0x4a, 0x0c, 0x63, 0x6e, 0x6b, 0xaf, 0x73, 0xf0, 0x7b,
    0x11, 0x84, 0x72, 0x8c, 0xb3, 0x94, 0xf4, 0x9c, 0x35, 0xa5, 0x55, 0xad,
    0x76, 0xad, 0x97, 0xb5, 0xb7, 0xb5, 0xb7, 0xb5, 0xb7, 0xb5, 0x97, 0xb5,
    0x96, 0xb5, 0x96, 0xb5, 0x97, 0xb5, 0x96, 0xb5, 0x76, 0xad, 0x56, 0xad,
    0x55, 0xad, 0x56, 0xad, 0x55, 0xad, 0x35, 0xa5, 0x35, 0xad, 0x76, 0xb5,
    0xb7, 0xb5, 0xb7, 0xb5, 0xd7, 0xbd, 0xd7, 0xbd, 0xd7, 0xbd, 0xd7, 0xbd,
    0xd7, 0xbd, 0xd8, 0xbd, 0xd7, 0xbd, 0xd7, 0xbd, 0xb7, 0xbd, 0xd7, 0xbd,
    0xd7, 0xbd, 0xb7, 0xbd, 0xb7, 0xbd, 0xb7, 0xbd, 0xb7, 0xbd, 0xb6, 0xbd,
    0xb7, 0xbd, 0xd7, 0xbd, 0xd7, 0xbd, 0xd7, 0xbd, 0xd7, 0xbd, 0xd7, 0xbd,
    0xd8, 0xbd, 0xd7, 0xbd, 0xf8, 0xbd, 0xd7, 0xbd, 0xd7, 0xbd, 0xb7, 0xbd,
    0xb7, 0xb5, 0x97, 0xb5, 0xb7, 0xb5, 0x96, 0xb5, 0x56, 0xad, 0x35, 0xa5,
    0x56, 0xad, 0xb7, 0xb5, 0xb7, 0xb5, 0x96, 0xb5, 0x96, 0xb5, 0x96, 0xb5,
    0x76, 0xad, 0x55, 0xad, 0x35, 0xad, 0x35, 0xa5, 0x14, 0xa5, 0xf4, 0x9c,
    0xd3, 0x9c, 0xb3, 0x94, 0x92, 0x94, 0x52, 0x8c, 0x31, 0x84, 0xf0, 0x7b,
    0xcf, 0x73, 0x8e, 0x73, 0x4d, 0x6b, 0x0c, 0x63, 0xcb, 0x5a, 0x8a, 0x52,
    0x29, 0x42, 0xc8, 0x39, 0x86, 0x31, 0x05, 0x21, 0xa2, 0x10, 0x62, 0x10,
    0x61, 0x10, 0x62, 0x10, 0x82, 0x10, 0x82, 0x08, 0x62, 0x08, 0x81, 0x10,
    0x62, 0x10, 0x82, 0x08, 0x61, 0x08, 0x61, 0x10, 0x62, 0x10, 0x62, 0x08,
    0x62, 0x10, 0x62, 0x10, 0x61, 0x08, 0x62, 0x10, 0x62, 0x10, 0x62, 0x10,
    0x61, 0x10, 0x61, 0x10, 0x62, 0x08, 0x61, 0x08, 0x61, 0x10, 0x62, 0x10,
    0x62, 0x08, 0x62, 0x08, 0x62, 0x10, 0x62, 0x10, 0x62, 0x08, 0x61, 0x08,
    0x62, 0x08, 0x61, 0x10, 0x62, 0x10, 0x82, 0x10, 0x82, 0x08, 0x62, 0x10,
    0x62, 0x10, 0x62, 0x08, 0x61, 0x10, 0x62, 0x10, 0x61, 0x10, 0x82, 0x08,
    0xf4, 0x9c, 0x93, 0x94, 0x52, 0x84, 0xf0, 0x7b, 0x6e, 0x6b, 0xec, 0x5a,
    0x29, 0x4a, 0x45, 0x29, 0xe4, 0x20, 0x04, 0x21, 0x04, 0x21, 0x04, 0x21,
    0x25, 0x21, 0x86, 0x31, 0xc7, 0x39, 0x09, 0x42, 0x4a, 0x4a, 0x8a, 0x4a,
    0xab, 0x52, 0xec, 0x5a, 0x0c, 0x5b, 0x2d, 0x63, 0x4e, 0x6b, 0x6e, 0x6b,
    0xaf, 0x6b, 0xaf, 0x73, 0xaf, 0x73, 0xaf, 0x73, 0x8e, 0x6b, 0x6e, 0x6b,
    0x4d, 0x63, 0x0d, 0x63, 0xec, 0x5a, 0xcb, 0x52, 0x8b, 0x52, 0x6a, 0x4a,
    0x29, 0x42, 0xe8, 0x39, 0xa7, 0x31, 0x66, 0x29, 0x25, 0x21, 0x66, 0x31,
    0x49, 0x4a, 0xec, 0x5a, 0x6e, 0x6b, 0xaf, 0x73, 0xcf, 0x7b, 0xf0, 0x83,
    0x11, 0x84, 0x51, 0x8c, 0xb3, 0x94, 0xf4, 0x9c, 0x35, 0xad, 0x76, 0xad,
    0x96, 0xb5, 0xb7, 0xb5, 0xb7, 0xb5, 0xb7, 0xbd, 0x97, 0xb5, 0x96, 0xb5,
    0x97, 0xb5, 0xb6, 0xb5, 0x96, 0xb5, 0x96, 0xb5, 0x96, 0xb5, 0x77, 0xad,
    0x56, 0xad, 0x56, 0xad, 0x56, 0xad, 0x55, 0xad, 0x75, 0xad, 0x76, 0xad,
    0x96, 0xb5, 0xb7, 0xbd, 0xd7, 0xbd, 0xd7, 0xbd, 0xd7, 0xbd, 0xb7, 0xbd,
    0xd7, 0xbd, 0xd7, 0xbd, 0xb7, 0xbd, 0xb7, 0xbd, 0xd7, 0xbd, 0xb7, 0xbd,
    0xb7, 0xbd, 0xb7, 0xbd, 0xb7, 0xbd, 0xb6, 0xbd, 0xb7, 0xbd, 0xd7, 0xbd,
    0xb7, 0xbd, 0xd7, 0xbd, 0xd7, 0xbd, 0xb7, 0xbd, 0xd7, 0xbd, 0xd8, 0xbd,
    0xd8, 0xc5, 0xf7, 0xc5, 0xd8, 0xbd, 0xd8, 0xbd, 0xb7, 0xbd, 0xb7, 0xb5,
    0x97, 0xb5, 0x96, 0xb5, 0x96, 0xb5, 0x96, 0xb5, 0x76, 0xad, 0x55, 0xad,
    0x14, 0xa5, 0x35, 0xa5, 0x96, 0xb5, 0x96, 0xb5, 0x76, 0xad, 0x56, 0xad,
    0x55, 0xad, 0x35, 0xa5, 0x35, 0xa5, 0x14, 0xa5, 0xf4, 0x9c, 0xb3, 0x94,
    0x92, 0x94, 0x72, 0x8c, 0x51, 0x8c, 0x11, 0x84, 0xd0, 0x7b, 0xaf, 0x73,
    0x6e, 0x6b, 0x2d, 0x63, 0xec, 0x62, 0xcb, 0x52, 0x8a, 0x4a, 0x29, 0x42,
    0xc7, 0x39, 0x86, 0x31, 0x04, 0x21, 0x82, 0x10, 0x62, 0x08, 0x62, 0x08,
    0x62, 0x10, 0x81, 0x10, 0x62, 0x08, 0x62, 0x10, 0x62, 0x10, 0x62, 0x08,
    0x61, 0x08, 0x61, 0x10, 0x62, 0x10, 0x61, 0x08, 0x62, 0x08, 0x61, 0x10,
    0x62, 0x08, 0x62, 0x08, 0x61, 0x10, 0x62, 0x08, 0x61, 0x08, 0x61, 0x10,
    0x62, 0x08, 0x62, 0x08, 0x61, 0x10, 0x62, 0x10, 0x62, 0x08, 0x61, 0x10,
    0x61, 0x08, 0x61, 0x10, 0x61, 0x10, 0x62, 0x08, 0x61, 0x08, 0x62, 0x08,
    0x62, 0x10, 0x62, 0x08, 0x62, 0x10, 0x82, 0x10, 0x82, 0x10, 0x82, 0x10,
    0x82, 0x10, 0x82, 0x10, 0x82, 0x08, 0x62, 0x08, 0x62, 0x10, 0x62, 0x10,
    0xd3, 0x94, 0x72, 0x8c, 0x11, 0x7c, 0xaf, 0x73, 0x2d, 0x63, 0x6a, 0x4a,
    0x86, 0x31, 0x04, 0x21, 0x04, 0x21, 0x04, 0x21, 0x04, 0x21, 0x04, 0x21,
    0x66, 0x29, 0xc7, 0x39, 0x08, 0x42, 0x4a, 0x4a, 0x8a, 0x4a, 0xab, 0x52,
    0xec, 0x5a, 0x0c, 0x5b, 0x2d, 0x63, 0x4e, 0x6b, 0x6e, 0x6b, 0xaf, 0x73,
    0xaf, 0x73, 0xaf, 0x73, 0xaf, 0x73, 0x8f, 0x73, 0x6e, 0x6b, 0x4d, 0x63,
    0x2d, 0x63, 0x0c, 0x63, 0xec, 0x5a, 0xab, 0x52, 0x6a, 0x4a, 0x29, 0x42,
    0xe8, 0x39, 0xa7, 0x31, 0x66, 0x29, 0x25, 0x21, 0x66, 0x29, 0x29, 0x4a,
    0xec, 0x5a, 0x4d, 0x6b, 0xaf, 0x73, 0xd0, 0x7b, 0x10, 0x7c, 0x11, 0x84,
    0x31, 0x84, 0x51, 0x8c, 0x92, 0x94, 0xd4, 0x9c, 0x15, 0xa5, 0x56, 0xad,
    0x96, 0xb5, 0xb7, 0xb5, 0xb7, 0xb5, 0x97, 0xb5, 0xb6, 0xb5, 0x97, 0xb5,
    0x96, 0xb5, 0x97, 0xb5, 0x97, 0xb5, 0x96, 0xb5, 0x97, 0xb5, 0x96, 0xb5,
    0x96, 0xb5, 0x76, 0xad, 0x56, 0xad, 0x56, 0xad, 0x76, 0xad, 0x76, 0xad,
    0x76, 0xb5, 0xb7, 0xb5, 0xb7, 0xb5, 0xb7, 0xbd, 0xb7, 0xbd, 0xb7, 0xb5,
    0xb7, 0xbd, 0xd7, 0xbd, 0xb7, 0xbd, 0xd7, 0xbd, 0xb7, 0xbd, 0xb7, 0xbd,
    0xb7, 0xbd, 0xb7, 0xbd, 0xb6, 0xbd, 0xb7, 0xbd, 0xb6, 0xbd, 0xb7, 0xbd,
    0xd7, 0xbd, 0xb7, 0xbd, 0xd7, 0xbd, 0xd7, 0xc5, 0xd7, 0xbd, 0xd7, 0xbd,
    0xd7, 0xbd, 0xf8, 0xbd, 0xf7, 0xbd, 0xf8, 0xbd, 0xd7, 0xbd, 0x96, 0xb5,
    0x76, 0xb5, 0x76, 0xad, 0x56, 0xad, 0x35, 0xa5, 0x55, 0xad, 0x56, 0xad,
    0x35, 0xad, 0x15, 0xa5, 0x35, 0xa5, 0x76, 0xad, 0x76, 0xad, 0x55, 0xad,
    0x35, 0xa5, 0x14, 0xa5, 0x14, 0x9d, 0xd4, 0x9c, 0xb3, 0x94, 0x92, 0x94,
    0x72, 0x8c, 0x31, 0x84, 0x10, 0x84, 0xcf, 0x7b, 0x8e, 0x73, 0x4d, 0x6b,
    0x2d, 0x63, 0xec, 0x5a, 0xab, 0x52, 0x6a, 0x4a, 0x09, 0x42, 0xc7, 0x39,
    0x86, 0x31, 0x04, 0x21, 0x82, 0x10, 0x62, 0x10, 0x62, 0x10, 0x82, 0x10,
    0x62, 0x08, 0x62, 0x08, 0x62, 0x08, 0x61, 0x10, 0x62, 0x10, 0x62, 0x10,
    0x62, 0x08, 0x62, 0x10, 0x62, 0x08, 0x62, 0x08, 0x62, 0x10, 0x61, 0x10,
    0x61, 0x10, 0x62, 0x08, 0x62, 0x10, 0x61, 0x08, 0x62, 0x10, 0x62, 0x08,
    0x62, 0x08, 0x61, 0x08, 0x62, 0x10, 0x62, 0x10, 0x62, 0x08, 0x62, 0x08,
    0x62, 0x08, 0x62, 0x08, 0x62, 0x08, 0x61, 0x08, 0x62, 0x10, 0x61, 0x08,
    0x61, 0x10, 0x42, 0x10, 0x61, 0x08, 0x62, 0x10, 0x82, 0x10, 0x82, 0x08,
    0x82, 0x10, 0x62, 0x10, 0x82, 0x10, 0x61, 0x08, 0x62, 0x10, 0x62, 0x10,
    0xd3, 0x94, 0x52, 0x8c, 0xf0, 0x7b, 0x6e, 0x6b, 0xab, 0x52, 0xc7, 0x39,
    0x24, 0x21, 0x04, 0x21, 0x04, 0x21, 0x04, 0x21, 0x04, 0x21, 0x66, 0x29,
    0xa7, 0x39, 0x08, 0x42, 0x49, 0x42, 0x8a, 0x4a, 0xab, 0x52, 0xec, 0x5a,
    0x0d, 0x63, 0x2d, 0x63, 0x4e, 0x6b, 0x8e, 0x6b, 0xaf, 0x73, 0xaf, 0x73,
    0xaf, 0x73, 0xcf, 0x73, 0xaf, 0x73, 0x8e, 0x6b, 0x6e, 0x6b, 0x4d, 0x63,
    0x0d, 0x63, 0xec, 0x5a, 0xab, 0x52, 0x6a, 0x4a, 0x49, 0x4a, 0x08, 0x42,
    0xc7, 0x39, 0x86, 0x29, 0x45, 0x29, 0x45, 0x29, 0x08, 0x42, 0xcb, 0x5a,
    0x4d, 0x6b, 0x8f, 0x73, 0xd0, 0x7b, 0x10, 0x7c, 0x31, 0x84, 0x31, 0x84,
    0x51, 0x8c, 0x72, 0x8c, 0x72, 0x8c, 0xb3, 0x94, 0xf4, 0x9c, 0x55, 0xad,
    0x96, 0xb5, 0x97, 0xb5, 0x97, 0xb5, 0x96, 0xb5, 0x97, 0xb5, 0xb7, 0xb5,
    0x96, 0xb5, 0x96, 0xb5, 0x96, 0xb5, 0x97, 0xb5, 0x96, 0xb5, 0x96, 0xb5,
    0x97, 0xb5, 0x96, 0xb5, 0x76, 0xad, 0x56, 0xad, 0x76, 0xad, 0x76, 0xad,
    0x96, 0xb5, 0x97, 0xb5, 0xb7, 0xb5, 0xb7, 0xbd, 0xd7, 0xbd, 0xd7, 0xbd,
    0xd7, 0xbd, 0xd7, 0xbd, 0xb7, 0xbd, 0xb7, 0xbd, 0xb7, 0xbd, 0xb7, 0xbd,
    0xb6, 0xbd, 0xb6, 0xbd, 0xb7, 0xbd, 0xb7, 0xbd, 0xb7, 0xbd, 0xd7, 0xbd,
    0xb7, 0xbd, 0xd7, 0xbd, 0xd7, 0xbd, 0xd7, 0xbd, 0xd7, 0xbd, 0xd8, 0xbd,
    0xd7, 0xbd, 0xf8, 0xbd, 0xd8, 0xbd, 0xf7, 0xbd, 0xd7, 0xbd, 0xb7, 0xb5,
    0x76, 0xb5, 0x56, 0xad, 0x35, 0xa5, 0x14, 0xa5, 0xf4, 0x9c, 0x35, 0xa5,
    0x76, 0xad, 0x55, 0xad, 0x15, 0xa5, 0x55, 0xad, 0x35, 0xad, 0x35, 0xa5,
    0x14, 0xa5, 0xf4, 0x9c, 0xd3, 0x9c, 0xb3, 0x94, 0x92, 0x94, 0x51, 0x8c,
    0x31, 0x84, 0xf0, 0x7b, 0xaf, 0x73, 0x6e, 0x6b, 0x4d, 0x6b, 0x0c, 0x63,
    0xcb, 0x5a, 0x8b, 0x52, 0x49, 0x4a, 0x08, 0x42, 0xa7, 0x39, 0x66, 0x31,
    0x04, 0x19, 0x82, 0x10, 0x62, 0x08, 0x62, 0x10, 0x82, 0x08, 0x62, 0x08,
    0x61, 0x10, 0x82, 0x10, 0x62, 0x08, 0x62, 0x10, 0x81, 0x08, 0x61, 0x08,
    0x61, 0x10, 0x62, 0x08, 0x82, 0x10, 0x61, 0x10, 0x62, 0x08, 0x62, 0x08,
    0x62, 0x08, 0x61, 0x10, 0x61, 0x08, 0x62, 0x10, 0x62, 0x10, 0x62, 0x10,
    0x61, 0x10, 0x62, 0x10, 0x62, 0x08, 0x61, 0x08, 0x61, 0x10, 0x61, 0x10,
    0x62, 0x08, 0x62, 0x10, 0x61, 0x10, 0x62, 0x08, 0x42, 0x10, 0x62, 0x10,
    0x61, 0x08, 0x61, 0x08, 0x62, 0x10, 0x62, 0x10, 0x62, 0x10, 0x62, 0x10,
    0x82, 0x10, 0x62, 0x08, 0x62, 0x10, 0x82, 0x10, 0x81, 0x08, 0x61, 0x08,
    0x93, 0x94, 0x51, 0x8c, 0xcf, 0x73, 0x0c, 0x63, 0x09, 0x42, 0x25, 0x29,
    0x04, 0x21, 0x04, 0x21, 0x04, 0x21, 0x04, 0x21, 0x45, 0x29, 0xa7, 0x31,
    0xe8, 0x39, 0x49, 0x4a, 0x6a, 0x4a, 0xab, 0x52, 0xec, 0x5a, 0x0c, 0x5b,
    0x2d, 0x63, 0x6e, 0x6b, 0x6e, 0x6b, 0xaf, 0x73, 0xcf, 0x73, 0xcf, 0x73,
    0xcf, 0x73, 0xcf, 0x73, 0x8f, 0x73, 0x6e, 0x6b, 0x4e, 0x6b, 0x2d, 0x63,
    0xec, 0x5a, 0xcb, 0x52, 0x8a, 0x4a, 0x49, 0x4a, 0x09, 0x42, 0xe8, 0x39,
    0x86, 0x31, 0x45, 0x29, 0x45, 0x29, 0xe8, 0x39, 0xab, 0x52, 0x2d, 0x63,
    0x8f, 0x73, 0xd0, 0x7b, 0xf0, 0x7b, 0x31, 0x84, 0x31, 0x8c, 0x51, 0x8c,
    0x52, 0x8c, 0x72, 0x8c, 0x72, 0x8c, 0x92, 0x94, 0xd3, 0x9c, 0x14, 0xa5,
    0x56, 0xad, 0x76, 0xad, 0x96, 0xb5, 0x97, 0xb5, 0x96, 0xb5, 0x96, 0xb5,
    0x97, 0xb5, 0x97, 0xb5, 0x96, 0xb5, 0x96, 0xb5, 0x97, 0xb5, 0x97, 0xad,
    0x96, 0xb5, 0x97, 0xb5, 0x96, 0xb5, 0x76, 0xad, 0x55, 0xad, 0x76, 0xad,
    0x96, 0xb5, 0xb7, 0xb5, 0xb7, 0xbd, 0xb7, 0xbd, 0xd7, 0xbd, 0xd7, 0xbd,
    0xb7, 0xbd, 0xb7, 0xbd, 0xb7, 0xbd, 0xb7, 0xbd, 0xb7, 0xbd, 0xb6, 0xbd,
    0xb7, 0xbd, 0xb7, 0xbd, 0xb7, 0xbd, 0xb7, 0xbd, 0xd7, 0xbd, 0xb7, 0xbd,
    0xd7, 0xbd, 0xd7, 0xbd, 0xd7, 0xbd, 0xd7, 0xbd, 0xd8, 0xbd, 0xd8, 0xc5,
    0xd8, 0xbd, 0xd8, 0xbd, 0xf8, 0xbd, 0xd7, 0xbd, 0xd7, 0xbd, 0xd7, 0xbd,
    0x96, 0xb5, 0x55, 0xad, 0x15, 0xa5, 0xf4, 0x9c, 0xd4, 0x9c, 0xd4, 0x9c,
    0x14, 0xa5, 0x55, 0xa5, 0x15, 0xa5, 0x14, 0xa5, 0x35, 0xa5, 0x14, 0xa5,
    0xf4, 0x9c, 0xd3, 0x9c, 0x93, 0x94, 0x72, 0x8c, 0x51, 0x8c, 0x11, 0x84,
    0xf0, 0x7b, 0xaf, 0x73, 0x6e, 0x6b, 0x2d, 0x63, 0xec, 0x5a, 0xab, 0x52,
    0x8a, 0x52, 0x49, 0x4a, 0xe8, 0x39, 0xa7, 0x39, 0x66, 0x29, 0xe4, 0x18,
    0x82, 0x10, 0x62, 0x10, 0x62, 0x08, 0x82, 0x10, 0x61, 0x08, 0x61, 0x08,
    0x62, 0x10, 0x61, 0x08, 0x61, 0x10, 0x62, 0x10, 0x62, 0x08, 0x62, 0x08,
    0x62, 0x10, 0x62, 0x10, 0x61, 0x08, 0x61, 0x08, 0x62, 0x10, 0x61, 0x08,
    0x62, 0x10, 0x62, 0x08, 0x62, 0x10, 0x62, 0x08, 0x61, 0x08, 0x61, 0x08,
    0x62, 0x08, 0x61, 0x10, 0x61, 0x10, 0x62, 0x08, 0x62, 0x08, 0x62, 0x08,
    0x61, 0x08, 0x61, 0x10, 0x62, 0x08, 0x42, 0x08, 0x61, 0x08, 0x61, 0x08,
    0x42, 0x08, 0x62, 0x08, 0x62, 0x08, 0x62, 0x08, 0x62, 0x10, 0x61, 0x08,
    0x62, 0x10, 0x82, 0x10, 0x82, 0x08, 0x62, 0x10, 0x62, 0x10, 0x62, 0x10,
    0x52, 0x8c, 0xf0, 0x7b, 0x4e, 0x6b, 0x6a, 0x4a, 0x66, 0x29, 0x04, 0x21,
    0x04, 0x21, 0x04, 0x21, 0x04, 0x21, 0x25, 0x29, 0xa7, 0x31, 0xe8, 0x39,
    0x49, 0x4a, 0x8a, 0x4a, 0xab, 0x52, 0xcc, 0x5a, 0x0c, 0x63, 0x4d, 0x63,
    0x4e, 0x6b, 0x6e, 0x6b, 0xaf, 0x73, 0xcf, 0x73, 0xd0, 0x73, 0xd0, 0x7b,
    0xcf, 0x73, 0xaf, 0x73, 0x8f, 0x73, 0x6e, 0x6b, 0x4d, 0x63, 0x0d, 0x63,
    0xcc, 0x5a, 0xab, 0x52, 0x6a, 0x4a, 0x29, 0x42, 0xe8, 0x39, 0xa7, 0x31,
    0x45, 0x29, 0x25, 0x29, 0xc8, 0x39, 0x8b, 0x52, 0x2d, 0x63, 0x8e, 0x73,
    0xd0, 0x7b, 0x10, 0x84, 0x31, 0x84, 0x31, 0x84, 0x51, 0x8c, 0x52, 0x8c,
    0x72, 0x8c, 0x72, 0x8c, 0x92, 0x8c, 0x92, 0x94, 0x92, 0x94, 0xb3, 0x94,
    0xf4, 0x9c, 0x55, 0xad, 0x76, 0xad, 0x96, 0xb5, 0x97, 0xb5, 0x97, 0xb5,
    0x96, 0xb5, 0x97, 0xb5, 0x96, 0xb5, 0x97, 0xb5, 0x96, 0xb5, 0x96, 0xb5,
    0x97, 0xb5, 0x76, 0xb5, 0x76, 0xad, 0x76, 0xad, 0x56, 0xad, 0x76, 0xb5,
    0x97, 0xb5, 0xb7, 0xbd, 0xd7, 0xbd, 0xb7, 0xbd, 0xb7, 0xb5, 0xb7, 0xbd,
    0xb7, 0xbd, 0xb7, 0xbd, 0xd7, 0xbd, 0xb7, 0xbd, 0xb6, 0xbd, 0xb6, 0xbd,
    0xb7, 0xbd, 0xb7, 0xbd, 0xb7, 0xbd, 0xb7, 0xbd, 0xd7, 0xbd, 0xd7, 0xbd,
    0xd7, 0xbd, 0xd7, 0xbd, 0xd7, 0xc5, 0xd7, 0xbd, 0xd8, 0xbd, 0xd7, 0xbd,
    0xd7, 0xbd, 0xd7, 0xbd, 0xf7, 0xbd, 0xd8, 0xbd, 0xd8, 0xbd, 0xb7, 0xb5,
    0xb7, 0xb5, 0x76, 0xb5, 0x14, 0xa5, 0xb3, 0x94, 0xb3, 0x94, 0xb3, 0x9c,
    0xd3, 0x9c, 0xf4, 0x9c, 0xf4, 0x9c, 0x14, 0xa5, 0x14, 0x9d, 0xf4, 0x9c,
    0xb3, 0x9c, 0x92, 0x94, 0x72, 0x8c, 0x31, 0x84, 0x10, 0x84, 0xd0, 0x7b,
    0xaf, 0x73, 0x4e, 0x6b, 0x0c, 0x63, 0xec, 0x5a, 0xab, 0x52, 0x6a, 0x52,
    0x49, 0x42, 0xe8, 0x39, 0xa7, 0x31, 0x66, 0x29, 0xe3, 0x18, 0x82, 0x10,
    0x62, 0x10, 0x62, 0x08, 0x61, 0x10, 0x62, 0x10, 0x62, 0x10, 0x62, 0x10,
    0x82, 0x08, 0x62, 0x08, 0x62, 0x10, 0x82, 0x08, 0x82, 0x08, 0x62, 0x10,
    0x62, 0x10, 0x61, 0x08, 0x62, 0x08, 0x62, 0x10, 0x62, 0x10, 0x61, 0x10,
    0x61, 0x08, 0x62, 0x10, 0x62, 0x10, 0x61, 0x08, 0x62, 0x08, 0x62, 0x10,
    0x61, 0x08, 0x62, 0x08, 0x62, 0x10, 0x62, 0x08, 0x62, 0x10, 0x61, 0x10,
    0x62, 0x08, 0x41, 0x08, 0x41, 0x08, 0x61, 0x08, 0x61, 0x10, 0x62, 0x08,
    0x61, 0x10, 0x42, 0x10, 0x62, 0x08, 0x41, 0x08, 0x62, 0x10, 0x62, 0x10,
    0x62, 0x08, 0x61, 0x10, 0x62, 0x10, 0x62, 0x08, 0x62, 0x10, 0x62, 0x10,
    0x10, 0x84, 0x8e, 0x73, 0xcb, 0x5a, 0xa7, 0x31, 0x04, 0x21, 0x04, 0x21,
    0x04, 0x21, 0x04, 0x21, 0x25, 0x21, 0x86, 0x31, 0xe8, 0x39, 0x29, 0x42,
    0x6a, 0x4a, 0xab, 0x52, 0xcc, 0x5a, 0x0c, 0x5b, 0x2d, 0x63, 0x6e, 0x6b,
    0x8e, 0x6b, 0xaf, 0x73, 0xcf, 0x73, 0xd0, 0x73, 0xcf, 0x7b, 0xd0, 0x7b,
    0xcf, 0x73, 0x8f, 0x73, 0x6e, 0x6b, 0x4e, 0x63, 0x2d, 0x63, 0xec, 0x5a,
    0xcb, 0x52, 0x8a, 0x4a, 0x29, 0x42, 0xe8, 0x39, 0xa7, 0x31, 0x66, 0x29,
    0x45, 0x29, 0xc7, 0x39, 0x8a, 0x52, 0x0d, 0x63, 0x8e, 0x6b, 0xd0, 0x7b,
    0x10, 0x7c, 0x31, 0x84, 0x51, 0x8c, 0x72, 0x8c, 0x92, 0x8c, 0x92, 0x94,
    0x92, 0x94, 0x92, 0x94, 0x92, 0x94, 0x93, 0x94, 0x72, 0x8c, 0x31, 0x84,
    0x72, 0x94, 0xf4, 0x9c, 0x55, 0xad, 0x76, 0xad, 0x97, 0xb5, 0x96, 0xb5,
    0x96, 0xb5, 0x96, 0xb5, 0x97, 0xb5, 0x96, 0xb5, 0x96, 0xb5, 0x96, 0xb5,
    0x76, 0xb5, 0x76, 0xad, 0x76, 0xad, 0x76, 0xb5, 0x76, 0xad, 0x56, 0xad,
    0x76, 0xb5, 0xb6, 0xb5, 0xb7, 0xbd, 0xb7, 0xbd, 0xb7, 0xbd, 0xb7, 0xbd,
    0xb7, 0xbd, 0xb7, 0xb5, 0xb6, 0xbd, 0xb6, 0xbd, 0xb7, 0xbd, 0xb7, 0xbd,
    0x96, 0xbd, 0xb7, 0xbd, 0xb7, 0xbd, 0xb7, 0xbd, 0xd7, 0xbd, 0xd7, 0xbd,
    0xb7, 0xbd, 0xd7, 0xbd, 0xd7, 0xbd, 0xd8, 0xbd, 0xd8, 0xbd, 0xd7, 0xbd,
    0xd7, 0xbd, 0xf8, 0xbd, 0xd8, 0xbd, 0xd7, 0xbd, 0xd7, 0xbd, 0xb7, 0xbd,
    0xb7, 0xb5, 0x96, 0xb5, 0x55, 0xad, 0xd4, 0x9c, 0x31, 0x84, 0x72, 0x8c,
    0x92, 0x94, 0x92, 0x94, 0xb3, 0x94, 0xb3, 0x9c, 0xd3, 0x9c, 0xb3, 0x94,
    0x92, 0x94, 0x72, 0x8c, 0x51, 0x84, 0x10, 0x84, 0xcf, 0x7b, 0x8f, 0x73,
    0x4d, 0x6b, 0x2c, 0x63, 0xec, 0x5a, 0xab, 0x52, 0x6a, 0x4a, 0x29, 0x4a,
    0xc7, 0x39, 0x86, 0x31, 0x45, 0x29, 0xc3, 0x18, 0x82, 0x10, 0x62, 0x10,
    0x61, 0x10, 0x82, 0x08, 0x82, 0x08, 0x61, 0x08, 0x62, 0x10, 0x82, 0x10,
    0x62, 0x10, 0x62, 0x10, 0x61, 0x08, 0x62, 0x10, 0x61, 0x10, 0x81, 0x10,
    0x62, 0x08, 0x61, 0x08, 0x61, 0x10, 0x62, 0x10, 0x62, 0x08, 0x62, 0x08,
    0x62, 0x10, 0x61, 0x08, 0x61, 0x08, 0x62, 0x10, 0x62, 0x10, 0x62, 0x10,
    0x62, 0x08, 0x62, 0x08, 0x62, 0x08, 0x61, 0x08, 0x61, 0x10, 0x62, 0x08,
    0x61, 0x08, 0x62, 0x10, 0x62, 0x10, 0x62, 0x10, 0x62, 0x10, 0x61, 0x08,
    0x42, 0x08, 0x61, 0x10, 0x61, 0x10, 0x61, 0x10, 0x62, 0x08, 0x62, 0x08,
    0x61, 0x10, 0x62, 0x08, 0x61, 0x08, 0x62, 0x10, 0x61, 0x08, 0x61, 0x08,
    0x8f, 0x73, 0x0c, 0x5b, 0xe8, 0x41, 0x25, 0x21, 0x04, 0x21, 0x04, 0x21,
    0x04, 0x21, 0x25, 0x21, 0x86, 0x31, 0xc7, 0x39, 0x29, 0x42, 0x6a, 0x4a,
    0xab, 0x52, 0xcb, 0x5a, 0x0c, 0x5b, 0x2d, 0x63, 0x4e, 0x6b, 0x8e, 0x6b,
    0xaf, 0x73, 0xcf, 0x73, 0xd0, 0x7b, 0xf0, 0x7b, 0xd0, 0x7b, 0xcf, 0x73,
    0xaf, 0x73, 0x8e, 0x6b, 0x6e, 0x6b, 0x2d, 0x63, 0x0c, 0x5b, 0xcb, 0x5a,
    0x8b, 0x52, 0x49, 0x4a, 0x08, 0x42, 0xc7, 0x39, 0x86, 0x29, 0x25, 0x21,
    0xa7, 0x31, 0x6a, 0x4a, 0x0c, 0x63, 0x6e, 0x6b, 0xd0, 0x7b, 0x10, 0x84,
    0x31, 0x84, 0x51, 0x8c, 0x92, 0x94, 0xd3, 0x9c, 0xd4, 0x9c, 0xf4, 0x9c,
    0xd4, 0x9c, 0xd3, 0x9c, 0xd3, 0x9c, 0xb3, 0x94, 0x72, 0x8c, 0x10, 0x84,
    0x11, 0x84, 0x72, 0x8c, 0xf4, 0x9c, 0x55, 0xad, 0x76, 0xb5, 0x97, 0xb5,
    0xb7, 0xb5, 0x97, 0xb5, 0x96, 0xb5, 0x97, 0xb5, 0x97, 0xb5, 0x97, 0xb5,
    0x76, 0xb5, 0x76, 0xad, 0x76, 0xad, 0x76, 0xb5, 0x76, 0xad, 0x76, 0xad,
    0x76, 0xad, 0x76, 0xb5, 0x96, 0xb5, 0xb7, 0xb5, 0xb7, 0xbd, 0xb7, 0xbd,
    0xd7, 0xbd, 0xb7, 0xbd, 0xb7, 0xbd, 0xb6, 0xbd, 0xb7, 0xb5, 0xb7, 0xbd,
    0x96, 0xb5, 0x96, 0xb5, 0xb7, 0xbd, 0xb7, 0xbd, 0xd7, 0xbd, 0xd7, 0xbd,
    0xd7, 0xbd, 0xd8, 0xbd, 0xd7, 0xbd, 0xd7, 0xbd, 0xd8, 0xbd, 0xd8, 0xbd,
    0xd8, 0xbd, 0xd8, 0xbd, 0xd7, 0xbd, 0xd7, 0xbd, 0xb7, 0xbd, 0xb7, 0xb5,
    0xb7, 0xb5, 0x76, 0xb5, 0x55, 0xad, 0x14, 0x9d, 0x51, 0x8c, 0x11, 0x84,
    0x31, 0x8c, 0x51, 0x8c, 0x72, 0x8c, 0x72, 0x8c, 0x92, 0x94, 0x92, 0x8c,
    0x52, 0x8c, 0x31, 0x84, 0x10, 0x84, 0xaf, 0x7b, 0x8e, 0x6b, 0x4d, 0x63,
    0x0c, 0x63, 0xec, 0x5a, 0xab, 0x52, 0x6a, 0x4a, 0x08, 0x42, 0xc7, 0x39,
    0x86, 0x31, 0x45, 0x29, 0xc3, 0x18, 0x62, 0x10, 0x62, 0x10, 0x82, 0x08,
    0x62, 0x10, 0x61, 0x10, 0x62, 0x10, 0x82, 0x10, 0x62, 0x08, 0x61, 0x08,
    0x62, 0x08, 0x81, 0x10, 0x62, 0x10, 0x62, 0x08, 0x62, 0x08, 0x62, 0x08,
    0x61, 0x08, 0x62, 0x10, 0x62, 0x10, 0x62, 0x08, 0x61, 0x10, 0x61, 0x08,
    0x62, 0x10, 0x62, 0x08, 0x61, 0x10, 0x62, 0x08, 0x61, 0x10, 0x61, 0x08,
    0x62, 0x08, 0x61, 0x10, 0x61, 0x10, 0x62, 0x08, 0x61, 0x08, 0x61, 0x08,
    0x62, 0x10, 0x41, 0x08, 0x62, 0x08, 0x62, 0x08, 0x41, 0x08, 0x41, 0x08,
    0x62, 0x10, 0x62, 0x08, 0x62, 0x08, 0x42, 0x08, 0x61, 0x08, 0x61, 0x08,
    0x42, 0x08, 0x62, 0x10, 0x62, 0x08, 0x62, 0x10, 0x61, 0x08, 0x62, 0x08,
    0x0d, 0x63, 0x4a, 0x4a, 0x45, 0x29, 0x04, 0x21, 0x04, 0x21, 0x04, 0x21,
    0x25, 0x21, 0x66, 0x29, 0xc7, 0x39, 0x29, 0x42, 0x6a, 0x4a, 0xab, 0x52,
    0xcb, 0x5a, 0x0c, 0x5b, 0x2d, 0x63, 0x4e, 0x6b, 0x8e, 0x6b, 0xaf, 0x73,
    0xd0, 0x73, 0xd0, 0x7b, 0xf0, 0x7b, 0xf0, 0x7b, 0xf0, 0x7b, 0xaf, 0x73,
    0x8e, 0x6b, 0x6e, 0x6b, 0x4d, 0x63, 0x0c, 0x63, 0xcc, 0x5a, 0xab, 0x52,
    0x6a, 0x4a, 0x29, 0x42, 0xe8, 0x39, 0x86, 0x31, 0x25, 0x29, 0x86, 0x31,
    0x4a, 0x4a, 0xec, 0x5a, 0x6e, 0x6b, 0xaf, 0x7b, 0x10, 0x7c, 0x31, 0x84,
    0x52, 0x8c, 0xb3, 0x94, 0xf4, 0x9c, 0x14, 0xa5, 0x15, 0xa5, 0x35, 0xa5,
    0x35, 0xad, 0x35, 0xa5, 0x15, 0xa5, 0xf4, 0x9c, 0xd3, 0x9c, 0x72, 0x94,
    0x31, 0x84, 0x31, 0x84, 0x72, 0x94, 0xf4, 0xa4, 0x56, 0xad, 0x96, 0xb5,
    0x97, 0xb5, 0xb7, 0xb5, 0x96, 0xb5, 0x97, 0xb5, 0xb6, 0xb5, 0x96, 0xb5,
    0x96, 0xb5, 0x76, 0xad, 0x76, 0xb5, 0x56, 0xad, 0x56, 0xad, 0x76, 0xad,
    0x76, 0xad, 0x76, 0xad, 0x76, 0xb5, 0x96, 0xb5, 0xb7, 0xbd, 0xb7, 0xbd,
    0xb7, 0xbd, 0xb7, 0xbd, 0xb7, 0xbd, 0xb7, 0xbd, 0xb7, 0xbd, 0xb6, 0xbd,
    0xb6, 0xb5, 0x96, 0xb5, 0x96, 0xb5, 0xb7, 0xbd, 0xd7, 0xbd, 0xd7, 0xbd,
    0xd7, 0xbd, 0xd8, 0xbd, 0xd8, 0xbd, 0xd7, 0xbd, 0xd7, 0xbd, 0xd7, 0xbd,
    0xd7, 0xbd, 0xd7, 0xbd, 0xd7, 0xbd, 0xd7, 0xbd, 0xb7, 0xb5, 0xb7, 0xb5,
    0x97, 0xb5, 0x76, 0xad, 0x35, 0xa5, 0xf4, 0xa4, 0xb3, 0x94, 0x31, 0x84,
    0x31, 0x84, 0x31, 0x84, 0x11, 0x84, 0x31, 0x84, 0x31, 0x84, 0x51, 0x8c,
    0x31, 0x84, 0xf0, 0x7b, 0xaf, 0x7b, 0x6e, 0x6b, 0x2d, 0x6b, 0x0c, 0x63,
    0xcb, 0x5a, 0x8b, 0x52, 0x49, 0x4a, 0x08, 0x42, 0xa7, 0x31, 0x66, 0x29,
    0x25, 0x21, 0xa3, 0x18, 0x62, 0x08, 0x81, 0x08, 0x62, 0x10, 0x62, 0x08,
    0x62, 0x08, 0x62, 0x10, 0x62, 0x10, 0x62, 0x08, 0x82, 0x10, 0x62, 0x10,
    0x61, 0x08, 0x62, 0x10, 0x62, 0x08, 0x82, 0x08, 0x62, 0x10, 0x62, 0x10,
    0x62, 0x10, 0x62, 0x08, 0x62, 0x08, 0x61, 0x08, 0x61, 0x08, 0x62, 0x10,
    0x62, 0x08, 0x62, 0x10, 0x62, 0x08, 0x62, 0x08, 0x62, 0x08, 0x61, 0x08,
    0x61, 0x08, 0x62, 0x10, 0x62, 0x08, 0x61, 0x08, 0x62, 0x10, 0x62, 0x10,
    0x41, 0x08, 0x62, 0x10, 0x61, 0x08, 0x61, 0x08, 0x62, 0x08, 0x62, 0x10,
    0x61, 0x08, 0x61, 0x08, 0x62, 0x08, 0x62, 0x08, 0x62, 0x10, 0x62, 0x10,
    0x61, 0x10, 0x61, 0x08, 0x42, 0x10, 0x61, 0x08, 0x62, 0x10, 0x62, 0x10,
    0x8a, 0x52, 0xa6, 0x31, 0x04, 0x21, 0x04, 0x21, 0x04, 0x21, 0x04, 0x21,
    0x46, 0x29, 0xc7, 0x39, 0x08, 0x42, 0x6a, 0x4a, 0xab, 0x52, 0xcb, 0x5a,
    0x0c, 0x5b, 0x2d, 0x63, 0x4e, 0x6b, 0x8e, 0x6b, 0xaf, 0x73, 0xcf, 0x73,
    0xd0, 0x7b, 0xf0, 0x7b, 0xf0, 0x7b, 0xf0, 0x7b, 0xcf, 0x73, 0xaf, 0x73,
    0x6e, 0x6b, 0x4e, 0x6b, 0x2d, 0x63, 0xec, 0x5a, 0xab, 0x52, 0x6a, 0x4a,
    0x29, 0x42, 0xe8, 0x39, 0xa7, 0x31, 0x45, 0x29, 0x66, 0x31, 0x29, 0x4a,
    0xec, 0x5a, 0x6e, 0x6b, 0xaf, 0x73, 0xf0, 0x7b, 0x31, 0x84, 0x72, 0x8c,
    0xb3, 0x94, 0xf4, 0x9c, 0x14, 0xa5, 0x35, 0xad, 0x55, 0xad, 0x56, 0xad,
    0x76, 0xad, 0x76, 0xad, 0x55, 0xad, 0x35, 0xa5, 0x14, 0xa5, 0xf4, 0x9c,
    0xb3, 0x94, 0x93, 0x94, 0x92, 0x94, 0xb3, 0x94, 0x15, 0xa5, 0x76, 0xad,
    0x96, 0xb5, 0xb7, 0xb5, 0x96, 0xb5, 0x96, 0xb5, 0x97, 0xb5, 0x97, 0xb5,
    0x96, 0xb5, 0x76, 0xad, 0x55, 0xad, 0x56, 0xad, 0x56, 0xad, 0x55, 0xad,
    0x76, 0xb5, 0x76, 0xb5, 0x76, 0xad, 0x76, 0xad, 0x76, 0xb5, 0x97, 0xb5,
    0xb7, 0xbd, 0xb6, 0xbd, 0xb6, 0xbd, 0xb6, 0xbd, 0xb7, 0xbd, 0xb7, 0xbd,
    0xb7, 0xbd, 0x96, 0xb5, 0x76, 0xb5, 0x96, 0xb5, 0xb7, 0xbd, 0xd7, 0xbd,
    0xd7, 0xbd, 0xd7, 0xbd, 0xd7, 0xbd, 0xd8, 0xbd, 0xd7, 0xbd, 0xd7, 0xbd,
    0xb7, 0xbd, 0xb7, 0xbd, 0xd7, 0xb5, 0xb7, 0xb5, 0xb7, 0xb5, 0x96, 0xb5,
    0x96, 0xb5, 0x56, 0xad, 0x35, 0xa5, 0xf4, 0xa4, 0xb3, 0x94, 0x51, 0x8c,
    0xf0, 0x7b, 0xd0, 0x7b, 0xcf, 0x7b, 0xcf, 0x7b, 0x10, 0x84, 0x11, 0x84,
    0xf0, 0x7b, 0xaf, 0x73, 0x6e, 0x6b, 0x2d, 0x63, 0x0c, 0x63, 0xcb, 0x5a,
    0x8a, 0x52, 0x49, 0x4a, 0xe8, 0x41, 0xa7, 0x31, 0x66, 0x29, 0x04, 0x21,
    0xa3, 0x18, 0x62, 0x10, 0x61, 0x08, 0x62, 0x10, 0x62, 0x10, 0x61, 0x08,
    0x81, 0x08, 0x82, 0x10, 0x62, 0x08, 0x61, 0x08, 0x61, 0x08, 0x62, 0x08,
    0x62, 0x10, 0x62, 0x08, 0x61, 0x08, 0x61, 0x10, 0x61, 0x10, 0x62, 0x08,
    0x61, 0x08, 0x61, 0x10, 0x61, 0x10, 0x62, 0x10, 0x62, 0x10, 0x62, 0x10,
    0x61, 0x10, 0x61, 0x08, 0x61, 0x08, 0x61, 0x10, 0x62, 0x10, 0x62, 0x10,
    0x62, 0x10, 0x62, 0x08, 0x62, 0x08, 0x61, 0x08, 0x61, 0x10, 0x62, 0x08,
    0x62, 0x08, 0x61, 0x08, 0x62, 0x10, 0x62, 0x10, 0x61, 0x10, 0x62, 0x08,
    0x62, 0x08, 0x41, 0x10, 0x61, 0x10, 0x41, 0x10, 0x62, 0x08, 0x62, 0x08,
    0x62, 0x08, 0x61, 0x08, 0x61, 0x08, 0x42, 0x08, 0x61, 0x08, 0x61, 0x08,
    0xa7, 0x39, 0x24, 0x21, 0x04, 0x21, 0x04, 0x21, 0x04, 0x21, 0x45, 0x29,
    0xa7, 0x31, 0x08, 0x42, 0x4a, 0x4a, 0x8b, 0x52, 0xcb, 0x5a, 0xec, 0x5a,
    0x2d, 0x63, 0x6e, 0x6b, 0x8e, 0x6b, 0xaf, 0x73, 0xcf, 0x73, 0xf0, 0x7b,
    0xf0, 0x7b, 0xf0, 0x7b, 0xf0, 0x7b, 0xd0, 0x7b, 0xaf, 0x73, 0x8e, 0x6b,
    0x4e, 0x6b, 0x2d, 0x63, 0xec, 0x5a, 0xcb, 0x52, 0x8a, 0x4a, 0x49, 0x4a,
    0x08, 0x42, 0xc7, 0x31, 0x66, 0x29, 0x66, 0x29, 0x29, 0x42, 0xcc, 0x5a,
    0x4d, 0x6b, 0xaf, 0x73, 0xf0, 0x7b, 0x11, 0x84, 0x51, 0x8c, 0xb3, 0x94,
    0xf4, 0x9c, 0x15, 0xa5, 0x55, 0xad, 0x76, 0xad, 0x76, 0xad, 0x96, 0xb5,
    0x96, 0xb5, 0x96, 0xb5, 0x76, 0xad, 0x56, 0xad, 0x55, 0xad, 0x35, 0xa5,
    0x14, 0xa5, 0xf4, 0xa4, 0xf4, 0x9c, 0xb3, 0x94, 0xf4, 0x9c, 0x35, 0xad,
    0x76, 0xb5, 0xb7, 0xb5, 0xb7, 0xb5, 0xb7, 0xb5, 0x97, 0xb5, 0x96, 0xb5,
    0x97, 0xb5, 0x76, 0xb5, 0x55, 0xad, 0x35, 0xa5, 0x35, 0xa5, 0x35, 0xa5,
    0x55, 0xad, 0x76, 0xad, 0x76, 0xb5, 0x76, 0xad, 0x76, 0xb5, 0x96, 0xb5,
    0xb7, 0xbd, 0xb7, 0xbd, 0xb6, 0xbd, 0xb7, 0xb5, 0xb7, 0xbd, 0xb7, 0xbd,
    0xd7, 0xbd, 0xb7, 0xb5, 0x96, 0xb5, 0x96, 0xb5, 0x96, 0xb5, 0x97, 0xbd,
    0xb7, 0xbd, 0xd7, 0xbd, 0xd7, 0xbd, 0xd7, 0xbd, 0xb7, 0xbd, 0xb7, 0xbd,
    0xb7, 0xbd, 0xb7, 0xb5, 0x96, 0xb5, 0x97, 0xb5, 0x97, 0xb5, 0x96, 0xb5,
    0x76, 0xad, 0x55, 0xad, 0x35, 0xa5, 0xf4, 0x9c, 0x93, 0x94, 0x31, 0x84,
    0xaf, 0x73, 0x6e, 0x6b, 0x8e, 0x73, 0x8f, 0x73, 0xaf, 0x73, 0xcf, 0x7b,
    0xaf, 0x73, 0x6e, 0x6b, 0x2d, 0x63, 0xeb, 0x5a, 0xab, 0x52, 0x6a, 0x4a,
    0x29, 0x4a, 0xe8, 0x39, 0xa7, 0x31, 0x46, 0x29, 0x04, 0x21, 0xa2, 0x10,
    0x62, 0x10, 0x62, 0x10, 0x82, 0x10, 0x62, 0x10, 0x62, 0x10, 0x82, 0x10,
    0x62, 0x10, 0x62, 0x08, 0x61, 0x08, 0x82, 0x10, 0x62, 0x10, 0x62, 0x10,
    0x61, 0x08, 0x61, 0x10, 0x62, 0x10, 0x62, 0x10, 0x62, 0x08, 0x61, 0x08,
    0x62, 0x10, 0x62, 0x10, 0x62, 0x08, 0x61, 0x08, 0x62, 0x10, 0x62, 0x08,
    0x61, 0x08, 0x62, 0x08, 0x62, 0x10, 0x62, 0x08, 0x61, 0x08, 0x62, 0x08,
    0x62, 0x08, 0x61, 0x08, 0x61, 0x10, 0x61, 0x10, 0x62, 0x08, 0x61, 0x08,
    0x62, 0x08, 0x62, 0x10, 0x61, 0x08, 0x62, 0x08, 0x62, 0x08, 0x61, 0x10,
    0x62, 0x10, 0x62, 0x08, 0x62, 0x08, 0x62, 0x08, 0x61, 0x10, 0x61, 0x08,
    0x41, 0x08, 0x42, 0x10, 0x62, 0x08, 0x61, 0x08, 0x62, 0x08, 0x62, 0x10,
    0x25, 0x21, 0x04, 0x21, 0x04, 0x21, 0x04, 0x21, 0x25, 0x29, 0x86, 0x31,
    0x08, 0x3a, 0x49, 0x4a, 0x8a, 0x4a, 0xcb, 0x52, 0x0c, 0x5b, 0x2d, 0x63,
    0x6e, 0x6b, 0x8e, 0x6b, 0xaf, 0x73, 0xd0, 0x73, 0xf0, 0x7b, 0xf0, 0x7b,
    0x10, 0x7c, 0x11, 0x7c, 0xf0, 0x7b, 0xcf, 0x73, 0x8f, 0x73, 0x6e, 0x6b,
    0x4d, 0x63, 0x0d, 0x63, 0xcb, 0x5a, 0x8b, 0x52, 0x6a, 0x4a, 0x08, 0x42,
    0xc7, 0x39, 0x66, 0x29, 0x66, 0x29, 0x08, 0x42, 0xcb, 0x5a, 0x4d, 0x63,
    0xaf, 0x73, 0xd0, 0x7b, 0x10, 0x84, 0x51, 0x8c, 0x93, 0x94, 0xf4, 0x9c,
    0x14, 0xa5, 0x55, 0xad, 0x76, 0xad, 0x96, 0xb5, 0x97, 0xb5, 0x97, 0xb5,
    0x96, 0xb5, 0x96, 0xb5, 0x76, 0xb5, 0x76, 0xb5, 0x76, 0xb5, 0x76, 0xad,
    0x76, 0xad, 0x55, 0xad, 0x55, 0xad, 0x15, 0xa5, 0x15, 0xa5, 0x35, 0xad,
    0x76, 0xad, 0x97, 0xb5, 0xb7, 0xbd, 0xb7, 0xbd, 0xb7, 0xb5, 0x96, 0xb5,
    0xb7, 0xb5, 0xb7, 0xb5, 0x96, 0xb5, 0x55, 0xad, 0x15, 0xa5, 0x15, 0xa5,
    0x35, 0xa5, 0x55, 0xad, 0x76, 0xad, 0x76, 0xb5, 0x97, 0xb5, 0x96, 0xb5,
    0xb7, 0xbd, 0xb7, 0xbd, 0xb7, 0xbd, 0xb7, 0xbd, 0xb7, 0xbd, 0xb7, 0xbd,
    0xd7, 0xbd, 0xb7, 0xbd, 0x96, 0xb5, 0x96, 0xb5, 0x97, 0xb5, 0x96, 0xb5,
    0x96, 0xb5, 0xb7, 0xbd, 0xd7, 0xbd, 0xb7, 0xbd, 0xb7, 0xbd, 0xb7, 0xbd,
    0xb7, 0xb5, 0x96, 0xb5, 0x96, 0xb5, 0x96, 0xb5, 0x96, 0xb5, 0x76, 0xad,
    0x56, 0xad, 0x55, 0xad, 0x14, 0xa5, 0xd3, 0x9c, 0x92, 0x94, 0x31, 0x84,
    0xaf, 0x73, 0x4d, 0x6b, 0x0c, 0x63, 0x2d, 0x63, 0x6e, 0x6b, 0x4d, 0x6b,
    0x2d, 0x6b, 0x0d, 0x63, 0xeb, 0x5a, 0xab, 0x52, 0x6a, 0x4a, 0x29, 0x42,
    0xe8, 0x39, 0x86, 0x31, 0x66, 0x29, 0x04, 0x21, 0xa2, 0x10, 0x62, 0x10,
    0x62, 0x08, 0x82, 0x08, 0x61, 0x08, 0x82, 0x10, 0x62, 0x08, 0x61, 0x08,
    0x62, 0x10, 0x62, 0x10, 0x82, 0x10, 0x62, 0x10, 0x62, 0x10, 0x61, 0x08,
    0x62, 0x10, 0x62, 0x10, 0x62, 0x08, 0x61, 0x08, 0x62, 0x08, 0x62, 0x10,
    0x61, 0x10, 0x62, 0x08, 0x62, 0x08, 0x62, 0x10, 0x61, 0x08, 0x61, 0x08,
    0x62, 0x08, 0x62, 0x10, 0x62, 0x10, 0x62, 0x10, 0x62, 0x08, 0x61, 0x08,
    0x61, 0x08, 0x62, 0x10, 0x62, 0x08, 0x62, 0x08, 0x62, 0x10, 0x62, 0x10,
    0x61, 0x10, 0x62, 0x08, 0x62, 0x10, 0x61, 0x08, 0x62, 0x08, 0x62, 0x08,
    0x61, 0x08, 0x62, 0x08, 0x62, 0x10, 0x62, 0x08, 0x41, 0x08, 0x62, 0x10,
    0x61, 0x10, 0x62, 0x08, 0x61, 0x08, 0x62, 0x10, 0x82, 0x10, 0xa3, 0x18,
    0x04, 0x21, 0x04, 0x21, 0x04, 0x21, 0x25, 0x21, 0x86, 0x31, 0xe8, 0x39,
    0x49, 0x4a, 0x8a, 0x52, 0xab, 0x52, 0xec, 0x5a, 0x2d, 0x63, 0x4e, 0x6b,
    0x8e, 0x6b, 0xaf, 0x73, 0xcf, 0x7b, 0xf0, 0x7b, 0x10, 0x7c, 0x10, 0x7c,
    0x10, 0x7c, 0xf0, 0x7b, 0xd0, 0x7b, 0xaf, 0x73, 0x8e, 0x6b, 0x4d, 0x6b,
    0x2d, 0x63, 0xec, 0x5a, 0xab, 0x52, 0x6a, 0x4a, 0x29, 0x42, 0xe8, 0x39,
    0x86, 0x31, 0x45, 0x29, 0x08, 0x3a, 0xab, 0x5a, 0x2d, 0x63, 0x8f, 0x73,
    0xd0, 0x7b, 0x10, 0x84, 0x51, 0x8c, 0x93, 0x8c, 0xd4, 0x9c, 0x14, 0xa5,
    0x35, 0xa5, 0x56, 0xad, 0x96, 0xb5, 0xb7, 0xb5, 0xb7, 0xb5, 0xb7, 0xb5,
    0xb7, 0xb5, 0x97, 0xb5, 0x96, 0xb5, 0x97, 0xb5, 0x96, 0xb5, 0x96, 0xb5,
    0x96, 0xb5, 0x96, 0xb5, 0x76, 0xb5, 0x76, 0xb5, 0x76, 0xad, 0x76, 0xad,
    0x76, 0xad, 0x96, 0xb5, 0x97, 0xb5, 0xb7, 0xb5, 0xb6, 0xb5, 0xb7, 0xb5,
    0x97, 0xb5, 0xb7, 0xb5, 0x96, 0xb5, 0x76, 0xb5, 0x56, 0xad, 0x14, 0xa5,
    0xf4, 0x9c, 0x35, 0xa5, 0x55, 0xad, 0x96, 0xb5, 0xb7, 0xb5, 0x97, 0xb5,
    0xb7, 0xbd, 0xb7, 0xbd, 0xb7, 0xbd, 0xd7, 0xbd, 0xd7, 0xbd, 0xd7, 0xbd,
    0xd7, 0xbd, 0xb7, 0xbd, 0xb7, 0xb5, 0x97, 0xb5, 0x96, 0xb5, 0x96, 0xb5,
    0x96, 0xb5, 0x96, 0xb5, 0xb7, 0xb5, 0xb7, 0xbd, 0xb7, 0xbd, 0xb6, 0xb5,
    0x96, 0xb5, 0x76, 0xb5, 0x76, 0xb5, 0x55, 0xb5, 0x55, 0xad, 0x55, 0xad,
    0x35, 0xad, 0x35, 0xa5, 0xf4, 0x9c, 0xd3, 0x9c, 0x72, 0x8c, 0x10, 0x84,
    0xaf, 0x73, 0x4d, 0x6b, 0xec, 0x5a, 0xab, 0x52, 0xcb, 0x5a, 0xec, 0x5a,
    0xec, 0x5a, 0xcb, 0x5a, 0x8a, 0x52, 0x4a, 0x4a, 0x28, 0x42, 0xc7, 0x39,
    0x86, 0x31, 0x45, 0x29, 0x04, 0x21, 0xa2, 0x10, 0x62, 0x10, 0x62, 0x10,
    0x82, 0x10, 0x61, 0x10, 0x62, 0x10, 0x62, 0x08, 0x61, 0x10, 0x62, 0x08,
    0x82, 0x10, 0x61, 0x10, 0x62, 0x08, 0x61, 0x08, 0x61, 0x08, 0x62, 0x08,
    0x61, 0x08, 0x62, 0x08, 0x61, 0x08, 0x62, 0x10, 0x61, 0x10, 0x62, 0x08,
    0x62, 0x08, 0x61, 0x08, 0x61, 0x10, 0x62, 0x10, 0x62, 0x08, 0x62, 0x08,
    0x62, 0x10, 0x61, 0x08, 0x61, 0x10, 0x61, 0x08, 0x61, 0x10, 0x62, 0x10,
    0x62, 0x10, 0x61, 0x10, 0x62, 0x08, 0x62, 0x08, 0x62, 0x08, 0x61, 0x08,
    0x62, 0x08, 0x61, 0x08, 0x62, 0x08, 0x62, 0x10, 0x61, 0x10, 0x62, 0x08,
    0x62, 0x08, 0x61, 0x10, 0x61, 0x08, 0x61, 0x10, 0x62, 0x08, 0x42, 0x08,
    0x62, 0x08, 0x61, 0x08, 0x62, 0x10, 0x82, 0x10, 0xa3, 0x18, 0xc3, 0x18,
    0x04, 0x21, 0x04, 0x21, 0x25, 0x21, 0x66, 0x29, 0xc7, 0x39, 0x29, 0x42,
    0x8a, 0x52, 0xab, 0x52, 0xec, 0x5a, 0x2d, 0x63, 0x4e, 0x6b, 0x8e, 0x6b,
    0xaf, 0x73, 0xd0, 0x7b, 0xf0, 0x7b, 0x10, 0x7c, 0x11, 0x84, 0x11, 0x84,
    0x10, 0x7c, 0xf0, 0x7b, 0xaf, 0x73, 0x8f, 0x6b, 0x6e, 0x6b, 0x2d, 0x63,
    0xec, 0x5a, 0xab, 0x52, 0x6a, 0x4a, 0x29, 0x42, 0xe8, 0x39, 0x86, 0x31,
    0x46, 0x29, 0xe8, 0x39, 0xab, 0x52, 0x2d, 0x63, 0x8e, 0x73, 0xd0, 0x7b,
    0xf0, 0x83, 0x31, 0x84, 0x92, 0x8c, 0xd3, 0x9c, 0x14, 0xa5, 0x35, 0xa5,
    0x56, 0xad, 0x96, 0xb5, 0xb7, 0xb5, 0xb7, 0xb5, 0xb7, 0xb5, 0xb7, 0xb5,
    0xb7, 0xb5, 0xb7, 0xb5, 0xb7, 0xb5, 0xb7, 0xb5, 0x97, 0xb5, 0x97, 0xb5,
    0x97, 0xb5, 0x96, 0xb5, 0x97, 0xb5, 0x96, 0xb5, 0x96, 0xb5, 0x97, 0xb5,
    0x96, 0xb5, 0x96, 0xb5, 0xb7, 0xb5, 0x97, 0xb5, 0xb7, 0xbd, 0xb7, 0xbd,
    0x97, 0xb5, 0x96, 0xb5, 0x96, 0xb5, 0x76, 0xb5, 0x76, 0xad, 0x35, 0xad,
    0xf4, 0x9c, 0xd4, 0x9c, 0x35, 0xad, 0x76, 0xad, 0x96, 0xb5, 0xb7, 0xb5,
    0xb7, 0xbd, 0xb7, 0xbd, 0xb7, 0xb5, 0xb7, 0xbd, 0xd7, 0xbd, 0xd7, 0xbd,
    0xd7, 0xbd, 0xd7, 0xbd, 0xd7, 0xbd, 0xb7, 0xbd, 0x97, 0xb5, 0x96, 0xb5,
    0x76, 0xb5, 0x76, 0xb5, 0x96, 0xb5, 0xb7, 0xbd, 0xb7, 0xb5, 0x96, 0xb5,
    0x76, 0xb5, 0x76, 0xb5, 0x55, 0xb5, 0x35, 0xad, 0x35, 0xad, 0x14, 0xa5,
    0x14, 0xa5, 0x14, 0xa5, 0xd3, 0x9c, 0xb3, 0x94, 0x72, 0x8c, 0xf0, 0x83,
    0x8e, 0x73, 0x0d, 0x63, 0xcb, 0x5a, 0x8a, 0x52, 0x49, 0x4a, 0x6a, 0x4a,
    0x8a, 0x52, 0x8a, 0x52, 0x49, 0x4a, 0x08, 0x42, 0xc7, 0x31, 0x66, 0x31,
    0x45, 0x29, 0xe4, 0x18, 0x82, 0x10, 0x82, 0x10, 0x61, 0x10, 0x62, 0x08,
    0x62, 0x10, 0x61, 0x10, 0x62, 0x08, 0x62, 0x10, 0x61, 0x10, 0x82, 0x10,
    0x62, 0x08, 0x61, 0x08, 0x62, 0x10, 0x62, 0x08, 0x61, 0x10, 0x62, 0x10,
    0x62, 0x08, 0x61, 0x10, 0x62, 0x10, 0x61, 0x10, 0x62, 0x08, 0x62, 0x10,
    0x61, 0x10, 0x62, 0x10, 0x62, 0x08, 0x61, 0x08, 0x62, 0x08, 0x61, 0x10,
    0x61, 0x10, 0x62, 0x08, 0x62, 0x08, 0x62, 0x08, 0x62, 0x10, 0x62, 0x08,
    0x62, 0x08, 0x62, 0x08, 0x61, 0x08, 0x61, 0x10, 0x61, 0x10, 0x61, 0x08,
    0x62, 0x08, 0x62, 0x10, 0x61, 0x10, 0x62, 0x08, 0x62, 0x08, 0x61, 0x10,
    0x61, 0x10, 0x62, 0x08, 0x62, 0x08, 0x62, 0x08, 0x61, 0x10, 0x62, 0x10,
    0x61, 0x08, 0x62, 0x10, 0x82, 0x10, 0xc3, 0x18, 0xe4, 0x18, 0x04, 0x21,
    0x04, 0x21, 0x24, 0x21, 0x45, 0x29, 0xc7, 0x39, 0x29, 0x42, 0x6a, 0x4a,
    0xab, 0x52, 0xec, 0x5a, 0x2d, 0x63, 0x6e, 0x6b, 0x8e, 0x6b, 0xaf, 0x73,
    0xd0, 0x73, 0xf0, 0x7b, 0x10, 0x7c, 0x11, 0x84, 0x11, 0x84, 0x10, 0x7c,
    0xf0, 0x7b, 0xd0, 0x7b, 0xaf, 0x73, 0x6e, 0x6b, 0x4d, 0x63, 0x0c, 0x63,
    0xcb, 0x5a, 0x8a, 0x4a, 0x49, 0x42, 0x08, 0x42, 0xa7, 0x31, 0x65, 0x29,
    0xc7, 0x39, 0x8b, 0x52, 0x2d, 0x63, 0x6e, 0x73, 0xcf, 0x7b, 0xf0, 0x7b,
    0x31, 0x84, 0x72, 0x8c, 0xd3, 0x9c, 0xf4, 0xa4, 0x35, 0xa5, 0x56, 0xad,
    0x96, 0xb5, 0xb7, 0xb5, 0xb7, 0xb5, 0xd7, 0xbd, 0xb7, 0xbd, 0xd7, 0xb5,
    0xb7, 0xbd, 0xb7, 0xb5, 0xb7, 0xbd, 0xb7, 0xb5, 0xb7, 0xb5, 0xb7, 0xb5,
    0x97, 0xb5, 0x96, 0xb5, 0x97, 0xb5, 0x97, 0xb5, 0x96, 0xb5, 0x96, 0xb5,
    0x97, 0xb5, 0xb7, 0xb5, 0xb7, 0xb5, 0xb7, 0xb5, 0xb7, 0xbd, 0xb7, 0xb5,
    0x96, 0xb5, 0x96, 0xb5, 0x97, 0xb5, 0x96, 0xb5, 0x76, 0xad, 0x56, 0xad,
    0x35, 0xa5, 0xf4, 0xa4, 0xf4, 0x9c, 0x55, 0xad, 0x76, 0xad, 0x97, 0xb5,
    0xd7, 0xbd, 0xd7, 0xbd, 0xd7, 0xbd, 0xb7, 0xbd, 0xd7, 0xbd, 0xd7, 0xbd,
    0xd7, 0xbd, 0xd8, 0xbd, 0xd7, 0xbd, 0xd7, 0xbd, 0xb7, 0xbd, 0x97, 0xb5,
    0x76, 0xb5, 0x76, 0xb5, 0x76, 0xb5, 0x96, 0xb5, 0x96, 0xb5, 0x76, 0xb5,
    0x76, 0xb5, 0x55, 0xb5, 0x34, 0xad, 0x34, 0xad, 0x14, 0xa5, 0xf4, 0xa4,
    0xd3, 0x9c, 0xd3, 0x9c, 0xb3, 0x94, 0x72, 0x8c, 0x31, 0x84, 0x10, 0x84,
    0x8e, 0x73, 0xec, 0x5a, 0xab, 0x52, 0xab, 0x52, 0x8a, 0x52, 0xc8, 0x39,
    0xa7, 0x31, 0x28, 0x42, 0xe8, 0x41, 0xa7, 0x31, 0x66, 0x29, 0x25, 0x29,
    0xe4, 0x18, 0x82, 0x10, 0x62, 0x08, 0x62, 0x10, 0x62, 0x08, 0x62, 0x10,
    0x62, 0x08, 0x82, 0x08, 0x62, 0x10, 0x82, 0x10, 0x82, 0x08, 0x62, 0x10,
    0x62, 0x08, 0x62, 0x08, 0x82, 0x10, 0x62, 0x10, 0x62, 0x08, 0x62, 0x10,
    0x62, 0x10, 0x62, 0x10, 0x62, 0x08, 0x62, 0x08, 0x62, 0x08, 0x61, 0x10,
    0x61, 0x08, 0x62, 0x08, 0x62, 0x10, 0x62, 0x08, 0x61, 0x08, 0x62, 0x10,
    0x62, 0x08, 0x62, 0x08, 0x61, 0x10, 0x62, 0x08, 0x62, 0x08, 0x61, 0x08,
    0x61, 0x10, 0x61, 0x10, 0x62, 0x08, 0x62, 0x10, 0x62, 0x08, 0x62, 0x10,
    0x62, 0x10, 0x62, 0x10, 0x61, 0x10, 0x61, 0x08, 0x62, 0x08, 0x61, 0x08,
    0x62, 0x10, 0x62, 0x08, 0x62, 0x10, 0x62, 0x10, 0x61, 0x08, 0x62, 0x08,
    0x62, 0x10, 0xa3, 0x10, 0xc3, 0x18, 0xe4, 0x20, 0x04, 0x21, 0x25, 0x29,
    0x04, 0x21, 0x45, 0x29, 0xa7, 0x31, 0x08, 0x42, 0x6a, 0x4a, 0xab, 0x52,
    0xec, 0x5a, 0x2d, 0x63, 0x4d, 0x6b, 0x8e, 0x6b, 0xaf, 0x73, 0xd0, 0x7b,
    0xf0, 0x7b, 0x10, 0x7c, 0x31, 0x84, 0x31, 0x84, 0x11, 0x84, 0x10, 0x7c,
    0xd0, 0x7b, 0xaf, 0x73, 0x6e, 0x6b, 0x4e, 0x6b, 0x2d, 0x63, 0xcc, 0x5a,
    0xab, 0x52, 0x49, 0x4a, 0x09, 0x42, 0xc7, 0x39, 0x66, 0x29, 0xa7, 0x31,
    0x8a, 0x52, 0x0d, 0x63, 0x6e, 0x6b, 0xcf, 0x73, 0xf0, 0x7b, 0x31, 0x84,
    0x72, 0x8c, 0xb3, 0x9c, 0xf4, 0x9c, 0x35, 0xa5, 0x56, 0xad, 0x96, 0xad,
    0xb6, 0xb5, 0xb7, 0xb5, 0xb7, 0xbd, 0xd7, 0xbd, 0xd8, 0xbd, 0xd7, 0xbd,
    0xd7, 0xbd, 0xd8, 0xbd, 0xd7, 0xbd, 0xb7, 0xbd, 0xb7, 0xb5, 0xb7, 0xb5,
    0x96, 0xb5, 0x96, 0xb5, 0x97, 0xb5, 0xb6, 0xb5, 0x97, 0xb5, 0x97, 0xb5,
    0x96, 0xb5, 0xb7, 0xb5, 0x96, 0xb5, 0x97, 0xb5, 0x97, 0xb5, 0x97, 0xb5,
    0x76, 0xb5, 0x76, 0xad, 0x76, 0xb5, 0x76, 0xb5, 0x76, 0xad, 0x55, 0xad,
    0x35, 0xad, 0x55, 0xad, 0x35, 0xa5, 0x35, 0xa5, 0x76, 0xad, 0xb7, 0xb5,
    0xb7, 0xbd, 0xd7, 0xbd, 0xf8, 0xbd, 0xd7, 0xbd, 0xd7, 0xbd, 0xd7, 0xbd,
    0xd7, 0xbd, 0xd8, 0xbd, 0xd8, 0xbd, 0xd7, 0xbd, 0xd7, 0xbd, 0xb7, 0xb5,
    0x96, 0xb5, 0x55, 0xb5, 0x55, 0xad, 0x76, 0xb5, 0x96, 0xb5, 0x76, 0xb5,
    0x55, 0xad, 0x35, 0xad, 0x14, 0xa5, 0x14, 0xa5, 0xf4, 0xa4, 0xd3, 0x9c,
    0xb3, 0x9c, 0x93, 0x9c, 0x92, 0x94, 0x52, 0x8c, 0xf0, 0x83, 0xaf, 0x73,
    0x6e, 0x6b, 0xec, 0x5a, 0xab, 0x52, 0x8a, 0x52, 0x49, 0x4a, 0xe8, 0x39,
    0x86, 0x31, 0xa7, 0x31, 0x87, 0x31, 0x45, 0x29, 0x24, 0x21, 0xc3, 0x18,
    0x82, 0x10, 0x62, 0x08, 0x62, 0x10, 0x62, 0x10, 0x62, 0x10, 0x82, 0x08,
    0x81, 0x10, 0x61, 0x10, 0x62, 0x10, 0x62, 0x08, 0x61, 0x08, 0x62, 0x08,
    0x62, 0x10, 0x81, 0x10, 0x62, 0x08, 0x61, 0x08, 0x62, 0x10, 0x61, 0x08,
    0x61, 0x08, 0x61, 0x08, 0x61, 0x08, 0x62, 0x10, 0x61, 0x10, 0x62, 0x08,
    0x62, 0x08, 0x62, 0x10, 0x61, 0x10, 0x61, 0x10, 0x62, 0x10, 0x62, 0x08,
    0x62, 0x10, 0x61, 0x08, 0x62, 0x10, 0x61, 0x10, 0x61, 0x10, 0x62, 0x08,
    0x62, 0x10, 0x62, 0x10, 0x82, 0x08, 0x62, 0x10, 0x82, 0x08, 0x62, 0x08,
    0x61, 0x10, 0x82, 0x08, 0x62, 0x08, 0x62, 0x08, 0x62, 0x10, 0x62, 0x08,
    0x62, 0x08, 0x61, 0x08, 0x61, 0x08, 0x61, 0x08, 0x62, 0x08, 0x82, 0x10,
    0xa3, 0x18, 0xe4, 0x18, 0x04, 0x21, 0x04, 0x21, 0x25, 0x21, 0x45, 0x29,
    0x25, 0x29, 0xa7, 0x31, 0x08, 0x3a, 0x4a, 0x4a, 0xab, 0x52, 0xec, 0x5a,
    0x2d, 0x63, 0x4e, 0x6b, 0x8e, 0x6b, 0xaf, 0x73, 0xd0, 0x7b, 0xf0, 0x7b,
    0x10, 0x84, 0x31, 0x84, 0x31, 0x84, 0x31, 0x84, 0x10, 0x7c, 0xf0, 0x7b,
    0xaf, 0x73, 0x8e, 0x6b, 0x6e, 0x6b, 0x2d, 0x63, 0xec, 0x5a, 0xab, 0x52,
    0x6a, 0x4a, 0x09, 0x42, 0xc7, 0x39, 0x66, 0x31, 0x86, 0x31, 0x6a, 0x4a,
    0x2d, 0x63, 0x8e, 0x73, 0xcf, 0x7b, 0xf0, 0x7b, 0x31, 0x84, 0x52, 0x8c,
    0xb3, 0x94, 0xf4, 0xa4, 0x35, 0xa5, 0x55, 0xad, 0x76, 0xad, 0xb7, 0xb5,
    0xb7, 0xb5, 0xb7, 0xbd, 0xd7, 0xbd, 0xd7, 0xb5, 0xd8, 0xbd, 0xd7, 0xbd,
    0xd8, 0xbd, 0xd7, 0xbd, 0xd7, 0xbd, 0xd7, 0xbd, 0xb7, 0xb5, 0xb7, 0xb5,
    0x97, 0xbd, 0x96, 0xb5, 0x97, 0xb5, 0x96, 0xb5, 0x96, 0xb5, 0x97, 0xb5,
    0x97, 0xb5, 0x96, 0xb5, 0x96, 0xb5, 0x76, 0xb5, 0x76, 0xad, 0x76, 0xb5,
    0x76, 0xad, 0x76, 0xad, 0x76, 0xad, 0x55, 0xad, 0x76, 0xad, 0x56, 0xad,
    0x35, 0xad, 0x35, 0xa5, 0x55, 0xad, 0x56, 0xad, 0x56, 0xad, 0x76, 0xb5,
    0xb7, 0xb5, 0xd7, 0xbd, 0xf8, 0xbd, 0xd8, 0xbd, 0xd7, 0xbd, 0xd7, 0xbd,
    0xd8, 0xbd, 0xd7, 0xbd, 0xd7, 0xbd, 0xd7, 0xbd, 0xb7, 0xbd, 0xb7, 0xb5,
    0xb7, 0xb5, 0x76, 0xb5, 0x35, 0xad, 0x55, 0xad, 0x76, 0xb5, 0x55, 0xb5,
    0x34, 0xad, 0x14, 0xad, 0xf4, 0xa4, 0xd3, 0xa4, 0xd3, 0x9c, 0xb2, 0x9c,
    0x92, 0x94, 0x71, 0x8c, 0x51, 0x8c, 0x31, 0x84, 0xf0, 0x7b, 0x8e, 0x73,
    0x0c, 0x63, 0xcc, 0x5a, 0x8a, 0x52, 0x49, 0x4a, 0x08, 0x42, 0x08, 0x42,
    0xe7, 0x39, 0x66, 0x31, 0x45, 0x29, 0x04, 0x21, 0xc3, 0x18, 0x82, 0x10,
    0x62, 0x10, 0x62, 0x10, 0x62, 0x10, 0x81, 0x10, 0x61, 0x08, 0x62, 0x10,
    0x62, 0x10, 0x62, 0x10, 0x62, 0x08, 0x81, 0x10, 0x62, 0x10, 0x62, 0x10,
    0x81, 0x08, 0x62, 0x10, 0x62, 0x10, 0x62, 0x08, 0x61, 0x10, 0x82, 0x10,
    0x62, 0x08, 0x62, 0x10, 0x62, 0x10, 0x61, 0x10, 0x62, 0x08, 0x62, 0x10,
    0x62, 0x08, 0x61, 0x10, 0x61, 0x08, 0x62, 0x08, 0x62, 0x10, 0x61, 0x10,
    0x61, 0x08, 0x62, 0x10, 0x61, 0x08, 0x62, 0x08, 0x62, 0x10, 0x62, 0x10,
    0x62, 0x08, 0x61, 0x08, 0x62, 0x08, 0x61, 0x10, 0x61, 0x10, 0x82, 0x08,
    0x62, 0x08, 0x61, 0x10, 0x62, 0x08, 0x62, 0x10, 0x61, 0x10, 0x62, 0x10,
    0x61, 0x10, 0x62, 0x10, 0x62, 0x08, 0x62, 0x10, 0xa3, 0x10, 0xc3, 0x18,
    0xe4, 0x20, 0x04, 0x21, 0x25, 0x21, 0x45, 0x29, 0x45, 0x29, 0x66, 0x29,
    0x86, 0x31, 0xe8, 0x39, 0x49, 0x4a, 0xab, 0x52, 0xec, 0x5a, 0x0d, 0x63,
    0x4d, 0x6b, 0x8e, 0x6b, 0xaf, 0x73, 0xd0, 0x7b, 0x10, 0x7c, 0x31, 0x7c,
    0x31, 0x84, 0x31, 0x84, 0x31, 0x84, 0x11, 0x84, 0xf0, 0x7b, 0xcf, 0x73,
    0xaf, 0x73, 0x6e, 0x6b, 0x2d, 0x63, 0x0c, 0x5b, 0xcb, 0x52, 0x8a, 0x4a,
    0x29, 0x42, 0xe8, 0x39, 0x86, 0x31, 0x86, 0x31, 0x4a, 0x4a, 0x0d, 0x63,
    0x8f, 0x73, 0xf0, 0x7b, 0x11, 0x84, 0x31, 0x84, 0x72, 0x8c, 0xb3, 0x94,
    0xf4, 0x9c, 0x14, 0xa5, 0x56, 0xad, 0x76, 0xb5, 0x97, 0xb5, 0xb7, 0xbd,
    0xd7, 0xb5, 0xb7, 0xbd, 0xd8, 0xbd, 0xd7, 0xbd, 0xf8, 0xbd, 0xf8, 0xbd,
    0xf7, 0xbd, 0xf8, 0xbd, 0xd8, 0xbd, 0xd7, 0xbd, 0xb7, 0xb5, 0xb7, 0xb5,
    0x97, 0xb5, 0x97, 0xb5, 0xb6, 0xb5, 0x97, 0xb5, 0x96, 0xb5, 0x96, 0xb5,
    0xb7, 0xb5, 0x97, 0xb5, 0x76, 0xb5, 0x76, 0xad, 0x55, 0xad, 0x55, 0xad,
    0x76, 0xad, 0x76, 0xad, 0x56, 0xad, 0x56, 0xad, 0x55, 0xad, 0x35, 0xad,
    0x35, 0xa5, 0x35, 0xa5, 0x35, 0xa5, 0x35, 0xad, 0x76, 0xad, 0x76, 0xad,
    0xb7, 0xb5, 0xd7, 0xbd, 0xd7, 0xbd, 0xd8, 0xbd, 0xf8, 0xbd, 0xd8, 0xbd,
    0xd7, 0xbd, 0xd7, 0xbd, 0xd7, 0xbd, 0xd7, 0xbd, 0xb7, 0xbd, 0xb7, 0xbd,
    0xb7, 0xbd, 0x96, 0xb5, 0x55, 0xb5, 0x35, 0xad, 0x55, 0xad, 0x35, 0xad,
    0x14, 0xad, 0xf4, 0xa4, 0xd3, 0xa4, 0xb3, 0x9c, 0xb2, 0x94, 0x72, 0x94,
    0x51, 0x8c, 0x31, 0x8c, 0x10, 0x84, 0xf0, 0x7b, 0xaf, 0x73, 0x6e, 0x73,
    0x0c, 0x63, 0x8a, 0x52, 0x49, 0x4a, 0x08, 0x42, 0x09, 0x42, 0xe8, 0x39,
    0x86, 0x31, 0x45, 0x29, 0x04, 0x21, 0xc3, 0x18, 0x82, 0x10, 0x62, 0x08,
    0x62, 0x10, 0x81, 0x08, 0x62, 0x08, 0x62, 0x08, 0x82, 0x08, 0x61, 0x10,
    0x62, 0x08, 0x62, 0x08, 0x82, 0x10, 0x62, 0x10, 0x62, 0x08, 0x81, 0x08,
    0x62, 0x10, 0x62, 0x08, 0x82, 0x08, 0x62, 0x10, 0x62, 0x08, 0x61, 0x08,
    0x62, 0x10, 0x62, 0x10, 0x62, 0x08, 0x62, 0x08, 0x61, 0x08, 0x61, 0x10,
    0x61, 0x10, 0x62, 0x08, 0x62, 0x10, 0x62, 0x08, 0x62, 0x08, 0x61, 0x08,
    0x62, 0x08, 0x82, 0x08, 0x62, 0x10, 0x62, 0x08, 0x82, 0x08, 0x61, 0x08,
    0x82, 0x10, 0x62, 0x10, 0x62, 0x08, 0x62, 0x10, 0x62, 0x08, 0x62, 0x10,
    0x62, 0x10, 0x62, 0x08, 0x62, 0x10, 0x61, 0x08, 0x62, 0x10, 0x62, 0x08,
    0x61, 0x08, 0x62, 0x08, 0x82, 0x10, 0xa3, 0x10, 0xc3, 0x18, 0xe4, 0x20,
    0x04, 0x21, 0x25, 0x21, 0x45, 0x29, 0x45, 0x29, 0x66, 0x29, 0x66, 0x29,
    0xe8, 0x39, 0x29, 0x42, 0x8a, 0x52, 0xcc, 0x5a, 0x0c, 0x63, 0x4d, 0x63,
    0x6e, 0x6b, 0xaf, 0x73, 0xd0, 0x7b, 0x10, 0x7c, 0x31, 0x84, 0x31, 0x84,
    0x51, 0x84, 0x31, 0x84, 0x31, 0x84, 0x10, 0x7c, 0xd0, 0x7b, 0xaf, 0x73,
    0x8e, 0x6b, 0x4e, 0x6b, 0x0c, 0x63, 0xcb, 0x5a, 0x8a, 0x52, 0x4a, 0x42,
    0x08, 0x42, 0x87, 0x31, 0x86, 0x31, 0x29, 0x42, 0x0d, 0x63, 0x8f, 0x73,
    0xf0, 0x7b, 0x51, 0x84, 0x72, 0x8c, 0x92, 0x94, 0xb3, 0x94, 0xf4, 0x9c,
    0x15, 0xa5, 0x55, 0xad, 0x76, 0xad, 0x96, 0xb5, 0xb7, 0xb5, 0xb7, 0xb5,
    0xb7, 0xbd, 0xd7, 0xbd, 0xd8, 0xbd, 0xd8, 0xbd, 0xf8, 0xbd, 0xf8, 0xbd,
    0xf8, 0xc5, 0xf8, 0xbd, 0xd7, 0xbd, 0xd7, 0xbd, 0xb7, 0xbd, 0xb7, 0xb5,
    0xb7, 0xb5, 0x97, 0xb5, 0x96, 0xb5, 0x97, 0xb5, 0x97, 0xb5, 0x96, 0xb5,
    0x97, 0xb5, 0x96, 0xb5, 0x76, 0xad, 0x56, 0xad, 0x35, 0xad, 0x35, 0xa5,
    0x56, 0xad, 0x56, 0xad, 0x56, 0xad, 0x56, 0xad, 0x35, 0xad, 0x14, 0xa5,
    0x15, 0xa5, 0x35, 0xa5, 0x35, 0xad, 0x35, 0xa5, 0x55, 0xad, 0x96, 0xb5,
    0x97, 0xb5, 0xb7, 0xb5, 0xd7, 0xbd, 0xf8, 0xbd, 0xd8, 0xbd, 0xd7, 0xbd,
    0xd7, 0xbd, 0xd8, 0xbd, 0xb7, 0xbd, 0xb7, 0xbd, 0xb7, 0xbd, 0x96, 0xb5,
    0x96, 0xb5, 0x76, 0xb5, 0x75, 0xb5, 0x35, 0xad, 0x34, 0xad, 0x14, 0xad,
    0xf4, 0xa4, 0xd3, 0x9c, 0xb3, 0x9c, 0x92, 0x9c, 0x71, 0x94, 0x51, 0x8c,
    0x10, 0x8c, 0xf0, 0x83, 0xcf, 0x7b, 0x8e, 0x73, 0x6e, 0x6b, 0x2d, 0x63,
    0xec, 0x62, 0x8a, 0x52, 0x08, 0x42, 0xe8, 0x41, 0x08, 0x42, 0xa7, 0x31,
    0x66, 0x29, 0x24, 0x21, 0xa3, 0x18, 0x82, 0x10, 0x62, 0x10, 0x61, 0x10,
    0x62, 0x08, 0x62, 0x10, 0x81, 0x10, 0x62, 0x10, 0x62, 0x10, 0x62, 0x10,
    0x82, 0x10, 0x61, 0x08, 0x61, 0x10, 0x62, 0x08, 0x82, 0x08, 0x62, 0x10,
    0x62, 0x08, 0x62, 0x10, 0x61, 0x08, 0x61, 0x08, 0x62, 0x10, 0x82, 0x10,
    0x61, 0x08, 0x61, 0x08, 0x61, 0x08, 0x62, 0x10, 0x62, 0x10, 0x62, 0x08,
    0x62, 0x08, 0x62, 0x10, 0x62, 0x08, 0x61, 0x10, 0x61, 0x10, 0x62, 0x08,
    0x62, 0x10, 0x61, 0x10, 0x62, 0x10, 0x62, 0x10, 0x62, 0x10, 0x62, 0x08,
    0x62, 0x10, 0x82, 0x10, 0x82, 0x10, 0x62, 0x10, 0x82, 0x10, 0x62, 0x08,
    0x61, 0x10, 0x82, 0x10, 0x82, 0x08, 0x62, 0x10, 0x62, 0x08, 0x62, 0x08,
    0x62, 0x10, 0x82, 0x10, 0xc3, 0x18, 0xc3, 0x18, 0x04, 0x21, 0x25, 0x21,
    0x25, 0x21, 0x45, 0x29, 0x66, 0x29, 0x66, 0x29, 0x86, 0x31, 0x86, 0x31,
    0x29, 0x42, 0x6a, 0x4a, 0xcb, 0x5a, 0x0d, 0x5b, 0x4d, 0x63, 0x8e, 0x6b,
    0xaf, 0x73, 0xcf, 0x73, 0xf0, 0x7b, 0x11, 0x84, 0x31, 0x84, 0x31, 0x84,
    0x51, 0x84, 0x31, 0x84, 0x11, 0x84, 0xf0, 0x7b, 0xcf, 0x73, 0x8f, 0x73,
    0x4e, 0x6b, 0x2d, 0x63, 0xec, 0x5a, 0x8b, 0x52, 0x49, 0x4a, 0x08, 0x42,
    0xa7, 0x31, 0x66, 0x31, 0x08, 0x42, 0xec, 0x5a, 0x8e, 0x73, 0xf0, 0x7b,
    0x51, 0x8c, 0x92, 0x94, 0xb3, 0x94, 0xd4, 0x9c, 0x14, 0x9d, 0x35, 0xa5,
    0x55, 0xad, 0x76, 0xad, 0x96, 0xb5, 0xb7, 0xb5, 0xd7, 0xb5, 0xd8, 0xb5,
    0xd7, 0xbd, 0xd7, 0xb5, 0xd7, 0xbd, 0xf8, 0xbd, 0xf8, 0xbd, 0xf8, 0xbd,
    0xf8, 0xbd, 0xf8, 0xbd, 0xf8, 0xc5, 0xd7, 0xbd, 0xd8, 0xbd, 0xb7, 0xb5,
    0xb7, 0xb5, 0x96, 0xbd, 0x96, 0xb5, 0x96, 0xb5, 0xb7, 0xb5, 0x97, 0xb5,
    0x96, 0xb5, 0x96, 0xb5, 0x76, 0xad, 0x35, 0xad, 0x55, 0xad, 0x55, 0xad,
    0x35, 0xad, 0x35, 0xa5, 0x55, 0xad, 0x55, 0xad, 0x35, 0xa5, 0x15, 0xa5,
    0x14, 0xa5, 0x14, 0xa5, 0x35, 0xa5, 0x56, 0xad, 0x56, 0xad, 0x76, 0xad,
    0x96, 0xb5, 0xb7, 0xbd, 0xd8, 0xbd, 0xd7, 0xbd, 0xd7, 0xbd, 0xd7, 0xbd,
    0xd7, 0xbd, 0xb7, 0xbd, 0xb7, 0xbd, 0xb7, 0xb5, 0xb7, 0xb5, 0x96, 0xb5,
    0x76, 0xb5, 0x76, 0xb5, 0x55, 0xad, 0x35, 0xad, 0x14, 0xad, 0xf4, 0xa4,
    0xd3, 0xa4, 0xb3, 0x9c, 0x92, 0x9c, 0x71, 0x94, 0x31, 0x8c, 0x10, 0x84,
    0xef, 0x83, 0xaf, 0x7b, 0x8e, 0x73, 0x4d, 0x6b, 0x2d, 0x63, 0xec, 0x5a,
    0xab, 0x52, 0x6a, 0x52, 0x29, 0x42, 0xc7, 0x39, 0xa7, 0x39, 0x66, 0x29,
    0x24, 0x21, 0xa3, 0x18, 0x82, 0x10, 0x62, 0x08, 0x62, 0x08, 0x62, 0x08,
    0x62, 0x10, 0x62, 0x10, 0x62, 0x10, 0x61, 0x08, 0x62, 0x10, 0x82, 0x10,
    0x62, 0x08, 0x62, 0x10, 0x82, 0x08, 0x61, 0x10, 0x62, 0x10, 0x62, 0x10,
    0x61, 0x10, 0x62, 0x08, 0x62, 0x10, 0x62, 0x10, 0x62, 0x10, 0x61, 0x08,
    0x62, 0x08, 0x62, 0x10, 0x62, 0x10, 0x61, 0x10, 0x61, 0x08, 0x62, 0x10,
    0x62, 0x10, 0x61, 0x08, 0x61, 0x10, 0x62, 0x08, 0x82, 0x10, 0x62, 0x10,
    0x62, 0x10, 0x62, 0x10, 0x82, 0x08, 0x62, 0x08, 0x62, 0x10, 0x82, 0x10,
    0x62, 0x08, 0x82, 0x08, 0x82, 0x10, 0x62, 0x10, 0x62, 0x08, 0x82, 0x10,
    0x62, 0x08, 0x61, 0x08, 0x62, 0x10, 0x61, 0x10, 0x62, 0x08, 0x61, 0x10,
    0xa2, 0x10, 0xc3, 0x18, 0xe4, 0x18, 0x04, 0x21, 0x25, 0x21, 0x25, 0x29,
    0x45, 0x29, 0x66, 0x29, 0x66, 0x31, 0x86, 0x31, 0x86, 0x31, 0x86, 0x31,
    0x8a, 0x4a, 0xcb, 0x5a, 0x0d, 0x63, 0x4d, 0x63, 0x6e, 0x6b, 0xaf, 0x73,
    0xd0, 0x7b, 0xf0, 0x7b, 0x11, 0x84, 0x31, 0x84, 0x51, 0x84, 0x51, 0x84,
    0x31, 0x84, 0x11, 0x84, 0xf0, 0x7b, 0xcf, 0x7b, 0xaf, 0x73, 0x6e, 0x6b,
    0x4d, 0x63, 0x0c, 0x5b, 0xab, 0x52, 0x6a, 0x4a, 0x09, 0x42, 0xc7, 0x39,
    0x66, 0x29, 0x08, 0x42, 0xcc, 0x5a, 0x6e, 0x6b, 0xf0, 0x7b, 0x52, 0x8c,
    0x93, 0x94, 0xd3, 0x9c, 0xf4, 0x9c, 0x15, 0xa5, 0x55, 0xad, 0x75, 0xad,
    0x76, 0xad, 0x96, 0xb5, 0xb7, 0xb5, 0xb7, 0xb5, 0xb7, 0xbd, 0xb7, 0xbd,
    0xd7, 0xb5, 0xd8, 0xbd, 0xd8, 0xbd, 0xf8, 0xbd, 0xf8, 0xbd, 0xf8, 0xc5,
    0xf8, 0xc5, 0xf8, 0xbd, 0xf8, 0xbd, 0xd7, 0xbd, 0xd7, 0xbd, 0xb7, 0xb5,
    0x97, 0xb5, 0x97, 0xb5, 0x96, 0xb5, 0x97, 0xb5, 0x96, 0xb5, 0x96, 0xb5,
    0x96, 0xb5, 0x76, 0xb5, 0x56, 0xad, 0x35, 0xa5, 0x35, 0xa5, 0x55, 0xad,
    0x55, 0xad, 0x55, 0xad, 0x35, 0xa5, 0x35, 0xa5, 0x35, 0xa5, 0x35, 0xa5,
    0x15, 0xa5, 0x15, 0xa5, 0x35, 0xad, 0x76, 0xad, 0x76, 0xad, 0x76, 0xad,
    0x96, 0xb5, 0xb7, 0xb5, 0xd7, 0xbd, 0xd8, 0xbd, 0xd7, 0xbd, 0xd7, 0xbd,
    0xd7, 0xbd, 0xb7, 0xbd, 0xb7, 0xbd, 0xb6, 0xb5, 0x96, 0xb5, 0x76, 0xb5,
    0x75, 0xb5, 0x55, 0xad, 0x35, 0xad, 0x14, 0xad, 0xf4, 0xa4, 0xd3, 0x9c,
    0xb3, 0x9c, 0x92, 0x9c, 0x51, 0x94, 0x31, 0x8c, 0x10, 0x84, 0xef, 0x83,
    0xaf, 0x7b, 0x6e, 0x73, 0x2d, 0x6b, 0x0c, 0x63, 0xeb, 0x5a, 0xaa, 0x52,
    0x6a, 0x4a, 0x29, 0x4a, 0x08, 0x42, 0xa7, 0x31, 0x66, 0x31, 0x25, 0x21,
    0xa3, 0x18, 0x62, 0x10, 0x62, 0x10, 0x61, 0x08, 0x62, 0x10, 0x62, 0x10,
    0x81, 0x10, 0x82, 0x08, 0x62, 0x08, 0x62, 0x10, 0x82, 0x08, 0x61, 0x08,
    0x61, 0x08, 0x82, 0x10, 0x62, 0x10, 0x62, 0x08, 0x61, 0x10, 0x82, 0x08,
    0x62, 0x08, 0x81, 0x10, 0x61, 0x08, 0x61, 0x10, 0x62, 0x08, 0x62, 0x08,
    0x61, 0x10, 0x62, 0x10, 0x62, 0x08, 0x62, 0x08, 0x62, 0x08, 0x61, 0x10,
    0x61, 0x08, 0x62, 0x08, 0x62, 0x10, 0x62, 0x10, 0x62, 0x08, 0x82, 0x08,
    0x82, 0x08, 0x62, 0x08, 0x82, 0x10, 0x82, 0x10, 0x82, 0x10, 0x62, 0x08,
    0x82, 0x10, 0x62, 0x10, 0x62, 0x08, 0x82, 0x08, 0x62, 0x08, 0x62, 0x10,
    0x62, 0x10, 0x82, 0x08, 0x62, 0x08, 0x62, 0x08, 0x82, 0x10, 0xa3, 0x10,
    0xc3, 0x18, 0xe4, 0x20, 0x04, 0x21, 0x25, 0x21, 0x45, 0x29, 0x45, 0x29,
    0x66, 0x29, 0x86, 0x31, 0x87, 0x31, 0x87, 0x31, 0x86, 0x31, 0x66, 0x29,
    0xcb, 0x5a, 0xec, 0x5a, 0x2d, 0x63, 0x6e, 0x6b, 0xaf, 0x73, 0xd0, 0x7b,
    0xf0, 0x7b, 0x31, 0x84, 0x51, 0x84, 0x52, 0x8c, 0x52, 0x8c, 0x51, 0x84,
    0x31, 0x84, 0x11, 0x7c, 0xf0, 0x7b, 0xaf, 0x73, 0x6e, 0x6b, 0x4d, 0x63,
    0x0c, 0x63, 0xcc, 0x5a, 0x8a, 0x4a, 0x29, 0x42, 0xc7, 0x39, 0x86, 0x29,
    0xe8, 0x39, 0xcb, 0x5a, 0x6e, 0x6b, 0xd0, 0x7b, 0x52, 0x8c, 0x92, 0x94,
    0xd3, 0x94, 0xf4, 0x9c, 0x35, 0xa5, 0x56, 0xad, 0x76, 0xb5, 0x96, 0xb5,
    0x97, 0xb5, 0xb7, 0xb5, 0xd7, 0xbd, 0xd7, 0xb5, 0xb7, 0xbd, 0xd7, 0xbd,
    0xd8, 0xbd, 0xd8, 0xbd, 0xf8, 0xbd, 0xf8, 0xbd, 0xf8, 0xbd, 0xf8, 0xbd,
    0xf8, 0xc5, 0xf8, 0xbd, 0xf7, 0xbd, 0xd7, 0xbd, 0xd7, 0xbd, 0xb7, 0xbd,
    0xb7, 0xb5, 0xb7, 0xb5, 0x96, 0xb5, 0x97, 0xb5, 0x96, 0xb5, 0x97, 0xb5,
    0x96, 0xb5, 0x96, 0xb5, 0x76, 0xad, 0x35, 0xad, 0x15, 0xa5, 0x35, 0xa5,
    0x35, 0xad, 0x55, 0xad, 0x56, 0xad, 0x35, 0xa5, 0x35, 0xa5, 0x55, 0xad,
    0x55, 0xad, 0x56, 0xad, 0x76, 0xad, 0x76, 0xb5, 0x76, 0xad, 0x96, 0xb5,
    0x97, 0xb5, 0xb7, 0xb5, 0xb7, 0xbd, 0xd7, 0xbd, 0xd7, 0xbd, 0xb7, 0xbd,
    0xb7, 0xbd, 0xb7, 0xb5, 0x97, 0xb5, 0x96, 0xb5, 0x76, 0xb5, 0x56, 0xb5,
    0x55, 0xad, 0x34, 0xad, 0x14, 0xad, 0xf4, 0xa4, 0xd3, 0xa4, 0xb2, 0x9c,
    0x92, 0x94, 0x51, 0x94, 0x31, 0x8c, 0x10, 0x84, 0xcf, 0x83, 0xae, 0x7b,
    0x6e, 0x73, 0x2d, 0x6b, 0xec, 0x5a, 0xcb, 0x5a, 0x8a, 0x52, 0x4a, 0x4a,
    0x29, 0x4a, 0xe8, 0x41, 0xa7, 0x31, 0x66, 0x31, 0x04, 0x21, 0xa2, 0x10,
    0x62, 0x08, 0x62, 0x08, 0x61, 0x10, 0x62, 0x10, 0x82, 0x10, 0x81, 0x10,
    0x62, 0x08, 0x61, 0x10, 0x62, 0x10, 0x82, 0x08, 0x62, 0x10, 0x62, 0x10,
    0x62, 0x10, 0x61, 0x10, 0x62, 0x10, 0x62, 0x08, 0x82, 0x08, 0x61, 0x10,
    0x62, 0x08, 0x62, 0x08, 0x62, 0x10, 0x62, 0x08, 0x61, 0x08, 0x62, 0x10,
    0x62, 0x10, 0x61, 0x08, 0x61, 0x08, 0x62, 0x10, 0x61, 0x10, 0x62, 0x08,
    0x62, 0x08, 0x62, 0x10, 0x82, 0x08, 0x82, 0x08, 0x62, 0x10, 0x82, 0x10,
    0x62, 0x10, 0x82, 0x10, 0x82, 0x10, 0x82, 0x10, 0x82, 0x08, 0x82, 0x10,
    0x82, 0x10, 0x62, 0x10, 0x62, 0x10, 0x82, 0x10, 0x82, 0x10, 0x62, 0x10,
    0x62, 0x10, 0x62, 0x10, 0x62, 0x10, 0x82, 0x10, 0xc3, 0x18, 0xe4, 0x18,
    0xe4, 0x20, 0x04, 0x21, 0x25, 0x21, 0x45, 0x29, 0x45, 0x29, 0x66, 0x29,
    0x86, 0x31, 0x86, 0x31, 0x86, 0x31, 0x86, 0x31, 0x66, 0x29, 0x45, 0x29,
    0x0c, 0x5b, 0x2d, 0x63, 0x6e, 0x6b, 0xaf, 0x73, 0xd0, 0x7b, 0x10, 0x7c,
    0x31, 0x84, 0x51, 0x84, 0x52, 0x8c, 0x51, 0x84, 0x51, 0x84, 0x31, 0x84,
    0x11, 0x84, 0xf0, 0x7b, 0xcf, 0x73, 0x8f, 0x73, 0x6e, 0x6b, 0x0d, 0x63,
    0xcc, 0x5a, 0x8a, 0x52, 0x49, 0x42, 0xe8, 0x39, 0x86, 0x31, 0xc7, 0x39,
    0xab, 0x52, 0x6e, 0x6b, 0xcf, 0x7b, 0x31, 0x84, 0x92, 0x94, 0xd3, 0x9c,
    0xf4, 0x9c, 0x35, 0xa5, 0x56, 0xad, 0x76, 0xad, 0x97, 0xb5, 0xb7, 0xb5,
    0xd7, 0xbd, 0xd7, 0xbd, 0xd8, 0xbd, 0xd7, 0xbd, 0xd8, 0xb5, 0xd8, 0xb5,
    0xd8, 0xb5, 0xd7, 0xbd, 0xf8, 0xbd, 0xd7, 0xbd, 0xd8, 0xbd, 0xf8, 0xbd,
    0xf8, 0xbd, 0xf8, 0xbd, 0xf8, 0xbd, 0xd7, 0xbd, 0xd8, 0xbd, 0xd7, 0xb5,
    0xb7, 0xb5, 0x97, 0xb5, 0x96, 0xb5, 0x97, 0xb5, 0x96, 0xb5, 0x97, 0xb5,
    0x96, 0xb5, 0x97, 0xb5, 0x97, 0xb5, 0x96, 0xb5, 0x56, 0xad, 0x35, 0xa5,
    0x15, 0xa5, 0x35, 0xad, 0x55, 0xad, 0x55, 0xad, 0x55, 0xad, 0x56, 0xad,
    0x76, 0xb5, 0x96, 0xb5, 0x76, 0xad, 0x96, 0xb5, 0x97, 0xb5, 0x96, 0xb5,
    0x96, 0xb5, 0xb7, 0xb5, 0xb7, 0xb5, 0xd7, 0xbd, 0xd7, 0xbd, 0xb7, 0xbd,
    0xb7, 0xbd, 0xb7, 0xb5, 0x96, 0xb5, 0x76, 0xb5, 0x56, 0xb5, 0x55, 0xad,
    0x34, 0xad, 0x14, 0xad, 0xf4, 0xa4, 0xd3, 0x9c, 0xb2, 0x9c, 0x92, 0x9c,
    0x51, 0x94, 0x30, 0x8c, 0xf0, 0x83, 0xcf, 0x83, 0x8e, 0x7b, 0x4d, 0x6b,
    0x0d, 0x6b, 0xeb, 0x62, 0xcb, 0x5a, 0x8a, 0x52, 0x49, 0x4a, 0x08, 0x42,
    0xe7, 0x39, 0x86, 0x31, 0x45, 0x29, 0x04, 0x21, 0x82, 0x10, 0x62, 0x10,
    0x62, 0x10, 0x62, 0x10, 0x82, 0x08, 0x62, 0x08, 0x61, 0x10, 0x62, 0x08,
    0x62, 0x10, 0x62, 0x08, 0x61, 0x10, 0x62, 0x10, 0x61, 0x10, 0x62, 0x10,
    0x82, 0x10, 0x62, 0x08, 0x61, 0x08, 0x82, 0x10, 0x62, 0x10, 0x62, 0x08,
    0x82, 0x10, 0x62, 0x10, 0x62, 0x10, 0x62, 0x08, 0x61, 0x10, 0x61, 0x10,
    0x62, 0x08, 0x62, 0x08, 0x62, 0x10, 0x61, 0x10, 0x82, 0x08, 0x62, 0x10,
    0x62, 0x10, 0x82, 0x10, 0x62, 0x10, 0x82, 0x10, 0x82, 0x10, 0x82, 0x10,
    0x82, 0x10, 0x82, 0x10, 0x82, 0x10, 0x82, 0x10, 0x82, 0x10, 0x82, 0x10,
    0x82, 0x10, 0x82, 0x10, 0x82, 0x08, 0x62, 0x10, 0x62, 0x10, 0x62, 0x08,
    0x62, 0x08, 0x82, 0x10, 0xa2, 0x10, 0xc3, 0x18, 0xe4, 0x18, 0x04, 0x21,
    0x04, 0x21, 0x25, 0x21, 0x45, 0x29, 0x66, 0x29, 0x66, 0x29, 0x86, 0x31,
    0x87, 0x31, 0x87, 0x31, 0x66, 0x31, 0x45, 0x29, 0x66, 0x29, 0x09, 0x42,
    0x4d, 0x63, 0x6e, 0x6b, 0xaf, 0x73, 0xd0, 0x7b, 0xf0, 0x7b, 0x31, 0x84,
    0x51, 0x84, 0x52, 0x8c, 0x72, 0x8c, 0x52, 0x8c, 0x51, 0x84, 0x31, 0x84,
    0xf0, 0x7b, 0xcf, 0x7b, 0xaf, 0x73, 0x6e, 0x6b, 0x2d, 0x63, 0xec, 0x5a,
    0xab, 0x52, 0x49, 0x4a, 0x08, 0x42, 0x87, 0x31, 0xa7, 0x39, 0x8a, 0x52,
    0x4e, 0x6b, 0xcf, 0x7b, 0x31, 0x84, 0x72, 0x94, 0xb3, 0x9c, 0xf4, 0x9c,
    0x35, 0xa5, 0x56, 0xad, 0x76, 0xb5, 0xb7, 0xb5, 0xb7, 0xb5, 0xd7, 0xbd,
    0xd7, 0xbd, 0xf8, 0xbd, 0xd8, 0xbd, 0xd7, 0xbd, 0xd7, 0xb5, 0xd7, 0xbd,
    0xd8, 0xbd, 0xd8, 0xbd, 0xd8, 0xb5, 0xd8, 0xb5, 0xd7, 0xbd, 0xd8, 0xbd,
    0xf8, 0xbd, 0xf8, 0xbd, 0xf8, 0xbd, 0xd8, 0xbd, 0xd8, 0xbd, 0xd7, 0xbd,
    0xb7, 0xb5, 0xb7, 0xb5, 0x96, 0xb5, 0x97, 0xb5, 0x96, 0xb5, 0x96, 0xb5,
    0x97, 0xb5, 0x96, 0xb5, 0x97, 0xb5, 0x97, 0xb5, 0x96, 0xb5, 0x76, 0xb5,
    0x55, 0xad, 0x15, 0xa5, 0x35, 0xa5, 0x35, 0xad, 0x56, 0xad, 0x76, 0xb5,
    0x97, 0xb5, 0xb7, 0xb5, 0x96, 0xb5, 0x76, 0xad, 0x76, 0xad, 0x97, 0xb5,
    0xb7, 0xb5, 0xb7, 0xbd, 0xd7, 0xbd, 0xb7, 0xbd, 0xb7, 0xbd, 0xb7, 0xb5,
    0xb6, 0xb5, 0x96, 0xb5, 0x76, 0xb5, 0x75, 0xb5, 0x55, 0xad, 0x34, 0xad,
    0x14, 0xad, 0xf4, 0xa4, 0xb3, 0x9c, 0xb2, 0x9c, 0x92, 0x94, 0x51, 0x94,
    0x31, 0x8c, 0x10, 0x84, 0xcf, 0x83, 0x8e, 0x7b, 0x4d, 0x6b, 0x0c, 0x6b,
    0xec, 0x5a, 0xab, 0x5a, 0x6a, 0x52, 0x49, 0x4a, 0x08, 0x42, 0xc7, 0x39,
    0x86, 0x31, 0x45, 0x29, 0x04, 0x21, 0x82, 0x10, 0x62, 0x10, 0x62, 0x10,
    0x82, 0x10, 0x81, 0x10, 0x61, 0x10, 0x82, 0x08, 0x62, 0x10, 0x62, 0x10,
    0x62, 0x08, 0x82, 0x10, 0x82, 0x08, 0x62, 0x10, 0x82, 0x08, 0x61, 0x08,
    0x62, 0x08, 0x82, 0x08, 0x82, 0x10, 0x62, 0x08, 0x61, 0x10, 0x62, 0x08,
    0x62, 0x08, 0x61, 0x10, 0x61, 0x08, 0x62, 0x10, 0x62, 0x10, 0x62, 0x08,
    0x62, 0x08, 0x61, 0x10, 0x61, 0x10, 0x62, 0x08, 0x62, 0x08, 0x82, 0x10,
    0x82, 0x10, 0x82, 0x10, 0x82, 0x10, 0x82, 0x10, 0x82, 0x10, 0x82, 0x10,
    0x82, 0x10, 0x82, 0x10, 0x82, 0x10, 0x82, 0x10, 0x82, 0x10, 0x83, 0x10,
    0x82, 0x10, 0x62, 0x08, 0x82, 0x10, 0x82, 0x08, 0x62, 0x08, 0x82, 0x10,
    0x82, 0x10, 0xa3, 0x10, 0xc3, 0x18, 0xe4, 0x20, 0x04, 0x21, 0x25, 0x21,
    0x25, 0x29, 0x45, 0x29, 0x66, 0x29, 0x66, 0x31, 0x86, 0x31, 0x86, 0x31,
    0x86, 0x31, 0x66, 0x29, 0x45, 0x29, 0xa7, 0x31, 0x8b, 0x52, 0x6e, 0x6b,
    0x6e, 0x6b, 0x8f, 0x73, 0xcf, 0x73, 0xf0, 0x7b, 0x31, 0x84, 0x51, 0x84,
    0x52, 0x8c, 0x72, 0x8c, 0x72, 0x8c, 0x72, 0x8c, 0x31, 0x84, 0x11, 0x7c,
    0xf0, 0x7b, 0xaf, 0x73, 0x8e, 0x6b, 0x2d, 0x63, 0xec, 0x5a, 0xab, 0x52,
    0x6a, 0x4a, 0x09, 0x42, 0xa7, 0x31, 0xa7, 0x31, 0x6a, 0x4a, 0x2d, 0x63,
    0xaf, 0x73, 0x31, 0x84, 0x72, 0x8c, 0xb3, 0x9c, 0xf4, 0x9c, 0x15, 0xa5,
    0x55, 0xad, 0x76, 0xad, 0x96, 0xb5, 0xb7, 0xbd, 0xd7, 0xbd, 0xd8, 0xbd,
    0xf8, 0xbd, 0xd8, 0xbd, 0xf7, 0xbd, 0xd7, 0xbd, 0xd8, 0xbd, 0xd8, 0xbd,
    0xd7, 0xbd, 0xd7, 0xbd, 0xd7, 0xb5, 0xd7, 0xb5, 0xb7, 0xb5, 0xd7, 0xb5,
    0xd8, 0xbd, 0xd7, 0xbd, 0xd7, 0xbd, 0xd8, 0xbd, 0xd7, 0xbd, 0xd7, 0xbd,
    0xb7, 0xb5, 0xb7, 0xb5, 0x96, 0xb5, 0x97, 0xb5, 0x96, 0xb5, 0x97, 0xb5,
    0x97, 0xb5, 0x96, 0xb5, 0x96, 0xb5, 0x97, 0xb5, 0x97, 0xb5, 0xb7, 0xb5,
    0x96, 0xb5, 0x76, 0xad, 0x35, 0xad, 0x35, 0xa5, 0x55, 0xad, 0x96, 0xb5,
    0xb7, 0xb5, 0x96, 0xb5, 0x96, 0xb5, 0x76, 0xb5, 0x55, 0xad, 0x76, 0xad,
    0xb7, 0xb5, 0xd7, 0xbd, 0xd7, 0xbd, 0xb7, 0xbd, 0xb7, 0xb5, 0x97, 0xb5,
    0x96, 0xb5, 0x76, 0xb5, 0x76, 0xb5, 0x55, 0xad, 0x34, 0xad, 0x14, 0xad,
    0xd4, 0xa4, 0xd3, 0x9c, 0xb2, 0x9c, 0x72, 0x94, 0x51, 0x94, 0x30, 0x8c,
    0xf0, 0x83, 0xaf, 0x83, 0x8e, 0x73, 0x4d, 0x6b, 0x0c, 0x63, 0xcb, 0x62,
    0xaa, 0x5a, 0x6a, 0x52, 0x29, 0x4a, 0x08, 0x42, 0xc7, 0x39, 0x66, 0x31,
    0x45, 0x29, 0xe4, 0x18, 0x82, 0x10, 0x62, 0x10, 0x82, 0x10, 0x62, 0x08,
    0x62, 0x08, 0x62, 0x08, 0x62, 0x10, 0x62, 0x10, 0x62, 0x10, 0x81, 0x08,
    0x62, 0x10, 0x61, 0x10, 0x62, 0x08, 0x62, 0x08, 0x61, 0x10, 0x82, 0x10,
    0x62, 0x10, 0x61, 0x10, 0x62, 0x10, 0x62, 0x08, 0x62, 0x08, 0x61, 0x10,
    0x61, 0x10, 0x61, 0x08, 0x62, 0x08, 0x62, 0x08, 0x61, 0x08, 0x62, 0x08,
    0x61, 0x10, 0x62, 0x08, 0x62, 0x10, 0x82, 0x08, 0x62, 0x10, 0x82, 0x10,
    0x82, 0x10, 0x82, 0x10, 0x82, 0x10, 0x82, 0x10, 0x82, 0x10, 0x82, 0x10,
    0x82, 0x10, 0x83, 0x10, 0x82, 0x10, 0x82, 0x10, 0x82, 0x10, 0x82, 0x10,
    0x82, 0x10, 0x82, 0x08, 0x62, 0x10, 0x62, 0x10, 0x82, 0x10, 0x82, 0x10,
    0xa3, 0x18, 0xe4, 0x18, 0x04, 0x21, 0x04, 0x21, 0x25, 0x21, 0x45, 0x29,
    0x45, 0x29, 0x66, 0x29, 0x66, 0x31, 0x87, 0x31, 0x86, 0x31, 0x86, 0x31,
    0x66, 0x29, 0x45, 0x29, 0xe8, 0x39, 0xec, 0x5a, 0xaf, 0x7b, 0x51, 0x84,
    0x8f, 0x73, 0xcf, 0x73, 0xf0, 0x7b, 0x31, 0x84, 0x51, 0x84, 0x52, 0x8c,
    0x72, 0x8c, 0x72, 0x8c, 0x72, 0x8c, 0x51, 0x84, 0x31, 0x84, 0xf0, 0x7b,
    0xd0, 0x73, 0x8f, 0x73, 0x4d, 0x6b, 0x0c, 0x63, 0xcb, 0x52, 0x8a, 0x4a,
    0x29, 0x42, 0xa7, 0x31, 0x86, 0x31, 0x49, 0x4a, 0x0d, 0x63, 0xaf, 0x73,
    0x11, 0x84, 0x72, 0x8c, 0xb3, 0x94, 0xf4, 0x9c, 0x35, 0xa5, 0x55, 0xad,
    0x76, 0xad, 0x97, 0xb5, 0xb7, 0xb5, 0xd7, 0xbd, 0xf8, 0xbd, 0xf8, 0xbd,
    0xf8, 0xbd, 0xf8, 0xbd, 0xd8, 0xbd, 0xd8, 0xbd, 0xd7, 0xbd, 0xd8, 0xbd,
    0xd8, 0xbd, 0xd7, 0xb5, 0xb7, 0xb5, 0xb7, 0xb5, 0xb7, 0xb5, 0xb7, 0xb5,
    0xb7, 0xb5, 0xd7, 0xb5, 0xb7, 0xb5, 0xd7, 0xbd, 0xd7, 0xbd, 0xb7, 0xb5,
    0xb7, 0xbd, 0xb7, 0xb5, 0x97, 0xb5, 0x96, 0xb5, 0xb6, 0xb5, 0x96, 0xb5,
    0x96, 0xb5, 0x96, 0xb5, 0x97, 0xb5, 0x97, 0xb5, 0x96, 0xb5, 0xb7, 0xb5,
    0xb7, 0xb5, 0xb7, 0xb5, 0x96, 0xb5, 0x76, 0xad, 0x55, 0xad, 0x76, 0xad,
    0x97, 0xb5, 0x97, 0xb5, 0x97, 0xb5, 0xb7, 0xb5, 0x76, 0xad, 0x56, 0xad,
    0x76, 0xad, 0xb7, 0xbd, 0xd7, 0xbd, 0xb7, 0xb5, 0xb7, 0xb5, 0x96, 0xb5,
    0x76, 0xb5, 0x76, 0xb5, 0x55, 0xad, 0x35, 0xad, 0x14, 0xa5, 0xf4, 0xa4,
    0xd3, 0x9c, 0x92, 0x9c, 0x92, 0x94, 0x51, 0x94, 0x30, 0x8c, 0xf0, 0x83,
    0xcf, 0x7b, 0x8e, 0x73, 0x4d, 0x73, 0x0c, 0x6b, 0xcb, 0x62, 0x8a, 0x52,
    0x6a, 0x52, 0x29, 0x4a, 0x08, 0x42, 0xa7, 0x39, 0x65, 0x29, 0x45, 0x29,
    0xe3, 0x18, 0x82, 0x10, 0x62, 0x10, 0x82, 0x10, 0x62, 0x08, 0x62, 0x08,
    0x61, 0x10, 0x62, 0x10, 0x62, 0x08, 0x62, 0x10, 0x61, 0x08, 0x62, 0x08,
    0x82, 0x10, 0x62, 0x10, 0x61, 0x08, 0x62, 0x10, 0x62, 0x10, 0x62, 0x08,
    0x62, 0x08, 0x62, 0x10, 0x61, 0x10, 0x62, 0x10, 0x82, 0x08, 0x62, 0x10,
    0x62, 0x10, 0x82, 0x08, 0x62, 0x10, 0x61, 0x10, 0x61, 0x10, 0x62, 0x10,
    0x62, 0x08, 0x62, 0x10, 0x82, 0x10, 0x82, 0x10, 0x82, 0x10, 0x82, 0x10,
    0x82, 0x10, 0xa2, 0x10, 0x83, 0x10, 0x83, 0x10, 0xa2, 0x10, 0xa2, 0x10,
    0x83, 0x10, 0x82, 0x10, 0xa2, 0x10, 0x83, 0x10, 0x82, 0x10, 0x82, 0x10,
    0x82, 0x10, 0x82, 0x10, 0x62, 0x10, 0x82, 0x10, 0xa3, 0x10, 0xc3, 0x18,
    0xe4, 0x18, 0x04, 0x21, 0x04, 0x21, 0x25, 0x21, 0x45, 0x29, 0x66, 0x29,
    0x66, 0x29, 0x66, 0x31, 0x86, 0x31, 0x86, 0x31, 0x86, 0x31, 0x66, 0x29,
    0x66, 0x29, 0x29, 0x4a, 0x2d, 0x63, 0xf0, 0x7b, 0x52, 0x8c, 0xb3, 0x94,
    0xd0, 0x7b, 0x10, 0x7c, 0x31, 0x84, 0x51, 0x84, 0x72, 0x8c, 0x72, 0x8c,
    0x72, 0x8c, 0x72, 0x8c, 0x52, 0x8c, 0x31, 0x84, 0x10, 0x84, 0xf0, 0x7b,
    0xaf, 0x73, 0x6e, 0x6b, 0x2d, 0x63, 0xcc, 0x5a, 0x8a, 0x52, 0x29, 0x42,
    0xc7, 0x39, 0x66, 0x31, 0x29, 0x42, 0xec, 0x5a, 0x8e, 0x73, 0x10, 0x84,
    0x52, 0x8c, 0x72, 0x8c, 0xb3, 0x94, 0x14, 0xa5, 0x55, 0xad, 0x76, 0xad,
    0x97, 0xb5, 0xb7, 0xb5, 0xd7, 0xbd, 0xf8, 0xbd, 0xf8, 0xbd, 0xf8, 0xbd,
    0xf7, 0xbd, 0xd8, 0xbd, 0xd8, 0xbd, 0xf7, 0xbd, 0xd7, 0xbd, 0xd8, 0xb5,
    0xb7, 0xb5, 0xb7, 0xb5, 0xb7, 0xb5, 0xb7, 0xb5, 0x97, 0xb5, 0x97, 0xb5,
    0xb7, 0xb5, 0xb7, 0xb5, 0xb7, 0xb5, 0xb7, 0xb5, 0xb7, 0xb5, 0xb7, 0xbd,
    0xd7, 0xb5, 0xb7, 0xb5, 0xb6, 0xb5, 0x97, 0xb5, 0x97, 0xb5, 0x96, 0xb5,
    0x97, 0xb5, 0x96, 0xb5, 0x96, 0xb5, 0x96, 0xb5, 0x96, 0xb5, 0x97, 0xb5,
    0xb7, 0xb5, 0xb7, 0xbd, 0xb7, 0xbd, 0xb7, 0xb5, 0xb7, 0xb5, 0x97, 0xb5,
    0x97, 0xb5, 0xb6, 0xb5, 0x96, 0xb5, 0x97, 0xb5, 0x96, 0xb5, 0x76, 0xad,
    0x56, 0xad, 0x55, 0xad, 0x76, 0xad, 0x97, 0xb5, 0x96, 0xb5, 0x96, 0xb5,
    0x76, 0xb5, 0x55, 0xad, 0x35, 0xad, 0x14, 0xa5, 0xf3, 0xa4, 0xd3, 0xa4,
    0x92, 0x9c, 0x72, 0x94, 0x51, 0x94, 0x31, 0x8c, 0xf0, 0x83, 0xcf, 0x7b,
    0x8e, 0x7b, 0x4d, 0x73, 0x0c, 0x63, 0xcb, 0x5a, 0x8a, 0x52, 0x69, 0x52,
    0x29, 0x4a, 0xe8, 0x41, 0xa7, 0x39, 0x66, 0x31, 0x25, 0x29, 0xc3, 0x18,
    0x82, 0x10, 0x62, 0x10, 0x62, 0x08, 0x82, 0x10, 0x82, 0x10, 0x82, 0x10,
    0x62, 0x10, 0x82, 0x10, 0x61, 0x10, 0x82, 0x08, 0x82, 0x10, 0x62, 0x10,
    0x62, 0x10, 0x81, 0x08, 0x82, 0x08, 0x62, 0x10, 0x82, 0x10, 0x61, 0x08,
    0x62, 0x08, 0x81, 0x10, 0x82, 0x08, 0x62, 0x08, 0x61, 0x10, 0x62, 0x08,
    0x62, 0x08, 0x62, 0x08, 0x62, 0x10, 0x62, 0x10, 0x82, 0x08, 0x62, 0x08,
    0x82, 0x10, 0x82, 0x10, 0x82, 0x10, 0x82, 0x10, 0x82, 0x10, 0x82, 0x10,
    0xa3, 0x10, 0xa2, 0x10, 0xa3, 0x10, 0xa2, 0x10, 0xa2, 0x10, 0x83, 0x18,
    0x83, 0x10, 0x82, 0x10, 0x82, 0x10, 0x82, 0x10, 0x82, 0x10, 0x82, 0x10,
    0x82, 0x10, 0x82, 0x10, 0x82, 0x10, 0xa3, 0x10, 0xc4, 0x18, 0xe4, 0x18,
    0x04, 0x21, 0x24, 0x21, 0x25, 0x21, 0x45, 0x29, 0x46, 0x29, 0x66, 0x29,
    0x66, 0x31, 0x86, 0x31, 0x86, 0x31, 0x66, 0x29, 0x45, 0x29, 0xa7, 0x31,
    0x8b, 0x52, 0x6e, 0x73, 0x11, 0x84, 0x72, 0x94, 0xd3, 0x9c, 0x14, 0xa5,
    0xf0, 0x7b, 0x31, 0x84, 0x52, 0x8c, 0x72, 0x8c, 0x72, 0x8c, 0x72, 0x8c,
    0x72, 0x8c, 0x72, 0x8c, 0x31, 0x84, 0x11, 0x84, 0xf0, 0x7b, 0xaf, 0x73,
    0x6e, 0x6b, 0x4d, 0x63, 0xec, 0x5a, 0xab, 0x52, 0x49, 0x4a, 0xe8, 0x39,
    0x86, 0x31, 0xe8, 0x41, 0xcc, 0x5a, 0x6e, 0x6b, 0xf0, 0x7b, 0x52, 0x8c,
    0x93, 0x94, 0xb3, 0x94, 0xb3, 0x94, 0xf4, 0xa4, 0x55, 0xad, 0x96, 0xb5,
    0xb7, 0xb5, 0xd7, 0xbd, 0xd8, 0xbd, 0xf8, 0xc5, 0xf8, 0xbd, 0xf8, 0xc5,
    0xf8, 0xbd, 0xd7, 0xbd, 0xf7, 0xbd, 0xd8, 0xbd, 0xd8, 0xbd, 0xd7, 0xb5,
    0xb7, 0xb5, 0xb7, 0xb5, 0xb7, 0xb5, 0x97, 0xb5, 0x97, 0xad, 0x97, 0xad,
    0x97, 0xb5, 0xb7, 0xb5, 0xb7, 0xb5, 0xb7, 0xb5, 0xb7, 0xb5, 0xb7, 0xb5,
    0xb7, 0xbd, 0xb7, 0xb5, 0xb7, 0xb5, 0x96, 0xb5, 0x97, 0xb5, 0x97, 0xb5,
    0x96, 0xb5, 0x97, 0xb5, 0x97, 0xb5, 0x96, 0xb5, 0x97, 0xb5, 0x97, 0xb5,
    0x97, 0xb5, 0xb7, 0xbd, 0xb7, 0xbd, 0xd7, 0xbd, 0xd7, 0xbd, 0xb7, 0xbd,
    0xb7, 0xb5, 0xb7, 0xb5, 0x96, 0xb5, 0x96, 0xb5, 0x96, 0xb5, 0x97, 0xb5,
    0x76, 0xad, 0x56, 0xad, 0x35, 0xa5, 0x35, 0xa5, 0x55, 0xad, 0x76, 0xb5,
    0x55, 0xad, 0x35, 0xad, 0x14, 0xad, 0xf4, 0xa4, 0xd3, 0x9c, 0x92, 0x9c,
    0x72, 0x94, 0x51, 0x8c, 0x10, 0x8c, 0xf0, 0x83, 0xaf, 0x7b, 0x8e, 0x73,
    0x2d, 0x6b, 0x0c, 0x6b, 0xcb, 0x5a, 0x8a, 0x52, 0x49, 0x52, 0x29, 0x4a,
    0xe8, 0x41, 0xa6, 0x31, 0x66, 0x29, 0x24, 0x29, 0xc3, 0x18, 0x82, 0x10,
    0x62, 0x08, 0x62, 0x10, 0x82, 0x10, 0x62, 0x08, 0x62, 0x10, 0x62, 0x08,
    0x62, 0x08, 0x61, 0x10, 0x82, 0x08, 0x62, 0x10, 0x62, 0x10, 0x61, 0x08,
    0x62, 0x08, 0x62, 0x10, 0x62, 0x10, 0x62, 0x10, 0x61, 0x08, 0x82, 0x10,
    0x62, 0x10, 0x62, 0x08, 0x62, 0x10, 0x62, 0x08, 0x81, 0x08, 0x62, 0x10,
    0x62, 0x10, 0x61, 0x10, 0x61, 0x08, 0x62, 0x08, 0x62, 0x08, 0x82, 0x10,
    0x82, 0x10, 0x82, 0x10, 0x82, 0x10, 0xa2, 0x10, 0xa2, 0x10, 0xa2, 0x10,
    0xa3, 0x10, 0xa3, 0x18, 0xa2, 0x18, 0xa2, 0x10, 0xa3, 0x10, 0xa3, 0x10,
    0xa2, 0x10, 0x82, 0x10, 0xa3, 0x10, 0x82, 0x10, 0x82, 0x10, 0x82, 0x10,
    0x83, 0x10, 0x82, 0x10, 0xa3, 0x10, 0xe3, 0x18, 0xe4, 0x20, 0x04, 0x21,
    0x25, 0x21, 0x25, 0x29, 0x45, 0x29, 0x66, 0x29, 0x66, 0x31, 0x86, 0x31,
    0x86, 0x31, 0x86, 0x31, 0x66, 0x29, 0x66, 0x29, 0xe8, 0x41, 0xec, 0x5a,
    0xaf, 0x73, 0x31, 0x84, 0x93, 0x94, 0xf4, 0x9c, 0x34, 0xa5, 0x55, 0xad,
    0x11, 0x84, 0x51, 0x84, 0x72, 0x8c, 0x72, 0x8c, 0x72, 0x8c, 0x92, 0x8c,
    0x72, 0x8c, 0x51, 0x84, 0x31, 0x84, 0xf0, 0x7b, 0xcf, 0x73, 0x8e, 0x73,
    0x4e, 0x63, 0x0c, 0x5b, 0xab, 0x52, 0x6a, 0x4a, 0xe8, 0x41, 0x86, 0x31,
    0xe8, 0x39, 0xcb, 0x52, 0x6e, 0x6b, 0xf0, 0x7b, 0x31, 0x8c, 0x93, 0x94,
    0xb3, 0x94, 0xd3, 0x9c, 0xf4, 0x9c, 0x15, 0xa5, 0x55, 0xad, 0x96, 0xad,
    0xb7, 0xb5, 0xf8, 0xbd, 0xf8, 0xbd, 0xf8, 0xbd, 0xf8, 0xbd, 0xf8, 0xbd,
    0xd8, 0xbd, 0xd8, 0xbd, 0xd8, 0xbd, 0xd8, 0xbd, 0xd7, 0xbd, 0xb7, 0xb5,
    0xb7, 0xb5, 0x97, 0xb5, 0xb7, 0xb5, 0x96, 0xad, 0x96, 0xad, 0x96, 0xad,
    0x97, 0xad, 0x97, 0xb5, 0xb7, 0xb5, 0xb7, 0xb5, 0xb7, 0xb5, 0x97, 0xb5,
    0xb7, 0xbd, 0xb7, 0xbd, 0xb7, 0xb5, 0x96, 0xb5, 0x96, 0xb5, 0xb6, 0xb5,
    0x96, 0xb5, 0x96, 0xb5, 0x96, 0xb5, 0x97, 0xb5, 0x97, 0xb5, 0x96, 0xb5,
    0xb7, 0xb5, 0xb7, 0xb5, 0xb7, 0xb5, 0xb7, 0xb5, 0xd7, 0xbd, 0xb7, 0xbd,
    0xb7, 0xb5, 0x97, 0xb5, 0x96, 0xb5, 0x76, 0xb5, 0x76, 0xad, 0x76, 0xad,
    0x96, 0xb5, 0x76, 0xad, 0x55, 0xad, 0x14, 0xa5, 0x14, 0xa5, 0x35, 0xad,
    0x55, 0xad, 0x14, 0xad, 0xf4, 0xa4, 0xd3, 0x9c, 0x92, 0x9c, 0x72, 0x94,
    0x51, 0x94, 0x30, 0x8c, 0xef, 0x83, 0xae, 0x7b, 0x6e, 0x73, 0x2d, 0x6b,
    0x0c, 0x63, 0xcb, 0x5a, 0x8a, 0x52, 0x49, 0x52, 0x29, 0x4a, 0xe8, 0x41,
    0xa7, 0x39, 0x65, 0x29, 0x04, 0x21, 0xa3, 0x18, 0x62, 0x08, 0x61, 0x10,
    0x62, 0x08, 0x62, 0x10, 0x81, 0x10, 0x61, 0x08, 0x62, 0x08, 0x82, 0x10,
    0x61, 0x10, 0x62, 0x08, 0x62, 0x10, 0x62, 0x10, 0x61, 0x08, 0x82, 0x10,
    0x61, 0x10, 0x62, 0x10, 0x62, 0x10, 0x61, 0x08, 0x82, 0x08, 0x62, 0x10,
    0x62, 0x10, 0x61, 0x08, 0x62, 0x08, 0x61, 0x10, 0x62, 0x10, 0x61, 0x10,
    0x61, 0x08, 0x62, 0x08, 0x62, 0x10, 0x82, 0x10, 0x82, 0x10, 0x82, 0x10,
    0x82, 0x10, 0x82, 0x10, 0x82, 0x10, 0xa3, 0x10, 0xa3, 0x10, 0xa3, 0x10,
    0xa3, 0x18, 0xa3, 0x10, 0xa3, 0x10, 0xa3, 0x18, 0xa3, 0x18, 0xa2, 0x10,
    0x82, 0x10, 0xa2, 0x10, 0xa2, 0x10, 0x83, 0x10, 0x82, 0x10, 0xa2, 0x10,
    0xa3, 0x18, 0xc3, 0x18, 0xe4, 0x18, 0xe4, 0x20, 0x04, 0x21, 0x25, 0x21,
    0x45, 0x29, 0x46, 0x29, 0x66, 0x29, 0x86, 0x31, 0x86, 0x31, 0x86, 0x31,
    0x86, 0x31, 0x66, 0x29, 0x66, 0x31, 0x29, 0x4a, 0x2d, 0x63, 0xf0, 0x7b,
    0x52, 0x8c, 0xb3, 0x94, 0xf4, 0x9c, 0x35, 0xa5, 0x76, 0xad, 0x97, 0xb5,
    0x51, 0x84, 0x72, 0x8c, 0x92, 0x8c, 0x92, 0x8c, 0x93, 0x94, 0x72, 0x8c,
    0x52, 0x8c, 0x31, 0x84, 0x10, 0x7c, 0xd0, 0x7b, 0xaf, 0x73, 0x6e, 0x6b,
    0x0d, 0x63, 0xcb, 0x5a, 0x6a, 0x4a, 0x08, 0x42, 0x86, 0x31, 0xc8, 0x39,
    0xab, 0x52, 0x4e, 0x6b, 0xd0, 0x7b, 0x31, 0x84, 0x92, 0x94, 0xd3, 0x9c,
    0xf4, 0x9c, 0x15, 0xa5, 0x15, 0xa5, 0x35, 0xa5, 0x56, 0xad, 0x96, 0xad,
    0xb7, 0xb5, 0xd8, 0xbd, 0xf8, 0xbd, 0xf8, 0xbd, 0xf8, 0xbd, 0xf7, 0xbd,
    0xd7, 0xbd, 0xd8, 0xbd, 0xd7, 0xbd, 0xd7, 0xbd, 0xd7, 0xb5, 0xb7, 0xb5,
    0xb7, 0xb5, 0x97, 0xb5, 0x97, 0xad, 0x97, 0xad, 0x76, 0xad, 0x76, 0xad,
    0x96, 0xad, 0x97, 0xb5, 0x97, 0xb5, 0xb6, 0xb5, 0xb7, 0xb5, 0xb7, 0xb5,
    0xb7, 0xb5, 0xb7, 0xb5, 0xb7, 0xbd, 0xb7, 0xb5, 0x97, 0xb5, 0x97, 0xb5,
    0x96, 0xb5, 0x96, 0xb5, 0x97, 0xb5, 0x96, 0xb5, 0x96, 0xb5, 0x97, 0xb5,
    0xb7, 0xb5, 0xb7, 0xbd, 0xb7, 0xb5, 0xb7, 0xbd, 0xd7, 0xbd, 0xb7, 0xb5,
    0xd7, 0xb5, 0x97, 0xb5, 0x76, 0xb5, 0x76, 0xad, 0x76, 0xad, 0x55, 0xad,
    0x55, 0xad, 0x56, 0xad, 0x55, 0xad, 0x35, 0xa5, 0x15, 0xa5, 0x14, 0xa5,
    0x14, 0xa5, 0xf4, 0xa4, 0xd3, 0x9c, 0xb2, 0x9c, 0x72, 0x94, 0x51, 0x94,
    0x10, 0x8c, 0xf0, 0x83, 0xaf, 0x7b, 0x6e, 0x73, 0x2c, 0x6b, 0xeb, 0x62,
    0xcb, 0x5a, 0x8a, 0x52, 0x49, 0x4a, 0x29, 0x4a, 0xe8, 0x41, 0xa6, 0x39,
    0x65, 0x29, 0x04, 0x21, 0xa3, 0x18, 0x82, 0x10, 0x62, 0x10, 0x62, 0x08,
    0x82, 0x10, 0x62, 0x08, 0x62, 0x08, 0x62, 0x10, 0x62, 0x10, 0x61, 0x10,
    0x62, 0x10, 0x82, 0x10, 0x62, 0x08, 0x61, 0x08, 0x82, 0x08, 0x62, 0x10,
    0x62, 0x10, 0x82, 0x08, 0x81, 0x08, 0x62, 0x08, 0x62, 0x10, 0x62, 0x08,
    0x81, 0x08, 0x82, 0x10, 0x62, 0x10, 0x62, 0x10, 0x62, 0x08, 0x62, 0x08,
    0x62, 0x08, 0x62, 0x10, 0x82, 0x10, 0x82, 0x10, 0x82, 0x10, 0xa2, 0x10,
    0xa3, 0x10, 0xa3, 0x10, 0xa3, 0x10, 0xa3, 0x10, 0xa3, 0x10, 0xa3, 0x18,
    0xa3, 0x18, 0xc3, 0x18, 0xa3, 0x10, 0xa3, 0x10, 0xa2, 0x10, 0xa2, 0x10,
    0xa3, 0x10, 0x83, 0x18, 0xa2, 0x10, 0x82, 0x10, 0x83, 0x10, 0xa3, 0x10,
    0xc3, 0x18, 0xe4, 0x18, 0x04, 0x21, 0x04, 0x21, 0x25, 0x21, 0x45, 0x29,
    0x65, 0x29, 0x66, 0x29, 0x66, 0x31, 0x86, 0x31, 0x87, 0x31, 0x86, 0x31,
    0x66, 0x29, 0xa7, 0x31, 0x8a, 0x52, 0x6e, 0x6b, 0x10, 0x84, 0x72, 0x8c,
    0xd3, 0x9c, 0x14, 0xa5, 0x35, 0xa5, 0x76, 0xad, 0x97, 0xb5, 0xd7, 0xbd,
    0x72, 0x8c, 0x92, 0x8c, 0x92, 0x8c, 0x93, 0x94, 0x92, 0x8c, 0x72, 0x8c,
    0x31, 0x84, 0x11, 0x84, 0xf0, 0x7b, 0xaf, 0x73, 0x6e, 0x6b, 0x2d, 0x63,
    0xec, 0x5a, 0x8a, 0x52, 0x29, 0x42, 0xa7, 0x31, 0xc7, 0x39, 0x8a, 0x52,
    0x4d, 0x6b, 0xcf, 0x7b, 0x31, 0x84, 0x72, 0x8c, 0xd3, 0x9c, 0xf4, 0xa4,
    0x35, 0xa5, 0x55, 0xad, 0x76, 0xad, 0x55, 0xad, 0x55, 0xad, 0x96, 0xb5,
    0xb7, 0xbd, 0xd7, 0xbd, 0xd7, 0xbd, 0xf8, 0xbd, 0xf8, 0xbd, 0xd8, 0xbd,
    0xd8, 0xbd, 0xd8, 0xbd, 0xd7, 0xb5, 0xd7, 0xb5, 0xb7, 0xb5, 0xb7, 0xb5,
    0x97, 0xb5, 0x96, 0xb5, 0x97, 0xad, 0x76, 0xad, 0x76, 0xad, 0x76, 0xad,
    0x76, 0xad, 0x97, 0xad, 0x97, 0xb5, 0xb7, 0xb5, 0xb7, 0xb5, 0xb7, 0xb5,
    0xb7, 0xb5, 0xb7, 0xbd, 0xd7, 0xb5, 0xb7, 0xb5, 0x96, 0xb5, 0x96, 0xb5,
    0x97, 0xb5, 0x97, 0xb5, 0x97, 0xb5, 0x96, 0xb5, 0x97, 0xb5, 0x96, 0xb5,
    0x96, 0xb5, 0xb7, 0xb5, 0xb7, 0xbd, 0xb7, 0xbd, 0xd7, 0xbd, 0xd7, 0xbd,
    0xb7, 0xb5, 0xd7, 0xbd, 0x97, 0xb5, 0x76, 0xad, 0x55, 0xad, 0x15, 0xa5,
    0x15, 0xa5, 0x14, 0xa5, 0x35, 0xa5, 0x35, 0xa5, 0x35, 0xa5, 0xf4, 0xa4,
    0xf4, 0x9c, 0xd3, 0x9c, 0xb2, 0x9c, 0x72, 0x94, 0x51, 0x8c, 0x10, 0x8c,
    0xf0, 0x83, 0xaf, 0x7b, 0x6e, 0x73, 0x2d, 0x6b, 0xec, 0x62, 0xaa, 0x52,
    0x49, 0x4a, 0x29, 0x4a, 0x08, 0x4a, 0xe7, 0x41, 0x86, 0x31, 0x46, 0x29,
    0x04, 0x21, 0xa3, 0x18, 0x82, 0x10, 0x82, 0x10, 0x82, 0x10, 0x82, 0x10,
    0x82, 0x10, 0x62, 0x10, 0x62, 0x10, 0x82, 0x10, 0x62, 0x10, 0x82, 0x08,
    0x62, 0x08, 0x62, 0x08, 0x81, 0x10, 0x62, 0x10, 0x62, 0x10, 0x62, 0x08,
    0x62, 0x10, 0x61, 0x08, 0x62, 0x10, 0x62, 0x10, 0x62, 0x10, 0x61, 0x10,
    0x61, 0x08, 0x62, 0x08, 0x61, 0x10, 0x61, 0x08, 0x82, 0x08, 0x62, 0x10,
    0x82, 0x10, 0x82, 0x10, 0x82, 0x10, 0x82, 0x10, 0xa2, 0x10, 0xa3, 0x10,
    0xa3, 0x10, 0xa3, 0x18, 0xa3, 0x18, 0xc3, 0x18, 0xc3, 0x18, 0xc3, 0x18,
    0xc3, 0x10, 0xa3, 0x18, 0xa3, 0x18, 0xa3, 0x10, 0xa3, 0x10, 0xa2, 0x10,
    0xa3, 0x18, 0xa3, 0x10, 0x82, 0x10, 0x82, 0x10, 0xa3, 0x18, 0xc3, 0x18,
    0xe4, 0x18, 0x04, 0x21, 0x04, 0x21, 0x25, 0x21, 0x45, 0x29, 0x46, 0x29,
    0x66, 0x29, 0x86, 0x31, 0x87, 0x31, 0xa6, 0x31, 0x66, 0x31, 0x66, 0x29,
    0xe8, 0x39, 0xec, 0x5a, 0xaf, 0x7b, 0x31, 0x84, 0x93, 0x94, 0xd4, 0x9c,
    0x15, 0xa5, 0x55, 0xad, 0x96, 0xb5, 0xb7, 0xb5, 0xd7, 0xbd, 0xd8, 0xbd,
    0x92, 0x8c, 0x93, 0x94, 0x93, 0x94, 0x92, 0x8c, 0x72, 0x8c, 0x52, 0x8c,
    0x31, 0x84, 0xf0, 0x7b, 0xcf, 0x73, 0x6e, 0x6b, 0x2d, 0x63, 0xec, 0x5a,
    0x8b, 0x52, 0x29, 0x42, 0xa7, 0x31, 0xa7, 0x31, 0x6a, 0x52, 0x2d, 0x63,
    0xaf, 0x73, 0x11, 0x84, 0x72, 0x8c, 0xb3, 0x94, 0xf4, 0x9c, 0x35, 0xa5,
    0x55, 0xad, 0x76, 0xad, 0x96, 0xb5, 0x97, 0xb5, 0x97, 0xb5, 0x96, 0xb5,
    0x97, 0xb5, 0xb7, 0xb5, 0xd7, 0xbd, 0xb7, 0xbd, 0xd7, 0xbd, 0xd8, 0xbd,
    0xd7, 0xbd, 0xd7, 0xbd, 0xb7, 0xb5, 0xb7, 0xb5, 0xb7, 0xb5, 0x97, 0xb5,
    0x97, 0xad, 0x96, 0xad, 0x96, 0xad, 0x76, 0xad, 0x76, 0xad, 0x56, 0xad,
    0x76, 0xad, 0x96, 0xad, 0x97, 0xb5, 0xb7, 0xb5, 0xb7, 0xb5, 0xb7, 0xb5,
    0xb7, 0xb5, 0xb7, 0xbd, 0xb7, 0xbd, 0xb7, 0xb5, 0xb7, 0xb5, 0x96, 0xb5,
    0x96, 0xb5, 0x96, 0xb5, 0x96, 0xb5, 0x96, 0xb5, 0x97, 0xb5, 0x97, 0xb5,
    0x97, 0xb5, 0xb7, 0xb5, 0xb7, 0xbd, 0xb7, 0xb5, 0xd7, 0xbd, 0xd7, 0xb5,
    0xb7, 0xbd, 0xb7, 0xbd, 0xb7, 0xb5, 0x96, 0xb5, 0x56, 0xad, 0x15, 0xa5,
    0xf4, 0x9c, 0xd3, 0x9c, 0xd4, 0x9c, 0xf4, 0x9c, 0xf4, 0x9c, 0xf4, 0x9c,
    0xd3, 0x9c, 0xb3, 0x9c, 0x72, 0x94, 0x51, 0x8c, 0x10, 0x8c, 0xef, 0x83,
    0xaf, 0x7b, 0x6d, 0x73, 0x0c, 0x6b, 0xeb, 0x62, 0xab, 0x5a, 0x6a, 0x52,
    0x29, 0x4a, 0xe8, 0x41, 0xc7, 0x39, 0x86, 0x31, 0x45, 0x29, 0x04, 0x21,
    0xa3, 0x10, 0x62, 0x10, 0x82, 0x10, 0x62, 0x08, 0x62, 0x08, 0x82, 0x08,
    0x61, 0x08, 0x61, 0x10, 0x62, 0x10, 0x82, 0x08, 0x61, 0x08, 0x62, 0x10,
    0x82, 0x10, 0x61, 0x10, 0x62, 0x10, 0x62, 0x10, 0x82, 0x10, 0x61, 0x10,
    0x81, 0x08, 0x62, 0x10, 0x62, 0x08, 0x82, 0x08, 0x82, 0x08, 0x62, 0x08,
    0x62, 0x10, 0x62, 0x10, 0x62, 0x08, 0x62, 0x08, 0x62, 0x10, 0x82, 0x10,
    0x82, 0x10, 0x82, 0x10, 0xa2, 0x10, 0xa3, 0x10, 0xa3, 0x10, 0xa3, 0x18,
    0xa3, 0x18, 0xc3, 0x18, 0xc3, 0x18, 0xc3, 0x18, 0xc3, 0x18, 0xc3, 0x18,
    0xc3, 0x18, 0xc3, 0x10, 0xc3, 0x10, 0xa3, 0x18, 0xa3, 0x18, 0xa3, 0x10,
    0xa2, 0x10, 0xa2, 0x10, 0xa3, 0x10, 0xc3, 0x18, 0xc3, 0x18, 0xe4, 0x20,
    0x04, 0x21, 0x24, 0x21, 0x25, 0x29, 0x45, 0x29, 0x66, 0x29, 0x86, 0x31,
    0x86, 0x31, 0x87, 0x31, 0x86, 0x31, 0x66, 0x31, 0x86, 0x31, 0x49, 0x4a,
    0x2d, 0x63, 0xf0, 0x7b, 0x52, 0x8c, 0xb3, 0x94, 0xf4, 0x9c, 0x35, 0xa5,
    0x76, 0xad, 0x96, 0xb5, 0xb7, 0xb5, 0xd8, 0xbd, 0xf8, 0xbd, 0xf7, 0xbd,
    0x93, 0x94, 0xb3, 0x94, 0xb3, 0x94, 0x92, 0x8c, 0x72, 0x8c, 0x31, 0x84,
    0x10, 0x7c, 0xd0, 0x7b, 0x8f, 0x73, 0x4e, 0x6b, 0x0c, 0x5b, 0xab, 0x52,
    0x49, 0x4a, 0xc7, 0x39, 0x66, 0x29, 0x29, 0x4a, 0x0d, 0x63, 0xaf, 0x73,
    0x10, 0x84, 0x72, 0x8c, 0xb3, 0x94, 0xf4, 0x9c, 0x15, 0xa5, 0x35, 0xa5,
    0x76, 0xad, 0x76, 0xb5, 0x96, 0xb5, 0xb7, 0xb5, 0xd7, 0xbd, 0xd7, 0xb5,
    0xb7, 0xb5, 0x97, 0xb5, 0xb7, 0xb5, 0xb7, 0xb5, 0xd7, 0xb5, 0xd7, 0xbd,
    0xd8, 0xbd, 0xd7, 0xb5, 0xb7, 0xb5, 0xb7, 0xb5, 0xb7, 0xb5, 0x97, 0xb5,
    0x96, 0xad, 0x77, 0xad, 0x76, 0xad, 0x76, 0xad, 0x76, 0xa5, 0x56, 0xad,
    0x76, 0xad, 0x76, 0xad, 0x97, 0xb5, 0xb7, 0xb5, 0xb7, 0xb5, 0xb7, 0xb5,
    0xb7, 0xbd, 0xb7, 0xbd, 0xb7, 0xb5, 0xb7, 0xb5, 0xb7, 0xbd, 0x97, 0xb5,
    0x97, 0xb5, 0x96, 0xb5, 0x97, 0xb5, 0x96, 0xb5, 0x97, 0xb5, 0x96, 0xb5,
    0x97, 0xb5, 0xb7, 0xb5, 0xb7, 0xb5, 0xb7, 0xbd, 0xd7, 0xbd, 0xd7, 0xbd,
    0xd7, 0xbd, 0xb7, 0xb5, 0xb7, 0xb5, 0x96, 0xb5, 0x76, 0xb5, 0x55, 0xad,
    0xf4, 0x9c, 0x93, 0x94, 0x92, 0x94, 0x93, 0x94, 0x92, 0x94, 0xd3, 0x9c,
    0xb3, 0x9c, 0x92, 0x94, 0x51, 0x8c, 0x10, 0x8c, 0xef, 0x83, 0xaf, 0x7b,
    0x6d, 0x6b, 0x2d, 0x6b, 0xec, 0x62, 0xaa, 0x5a, 0x69, 0x4a, 0x29, 0x4a,
    0x08, 0x42, 0xc7, 0x39, 0x86, 0x31, 0x45, 0x29, 0x04, 0x21, 0xa2, 0x10,
    0x82, 0x10, 0x82, 0x10, 0x62, 0x10, 0x61, 0x08, 0x62, 0x10, 0x62, 0x10,
    0x82, 0x10, 0x62, 0x08, 0x62, 0x08, 0x81, 0x10, 0x62, 0x10, 0x62, 0x10,
    0x61, 0x08, 0x62, 0x10, 0x62, 0x08, 0x81, 0x08, 0x62, 0x08, 0x62, 0x10,
    0x62, 0x10, 0x82, 0x10, 0x62, 0x10, 0x61, 0x10, 0x61, 0x10, 0x62, 0x08,
    0x62, 0x10, 0x81, 0x10, 0x62, 0x08, 0x62, 0x10, 0x82, 0x10, 0x82, 0x10,
    0xa2, 0x10, 0xa3, 0x10, 0xa3, 0x10, 0xa3, 0x18, 0xc3, 0x18, 0xc3, 0x18,
    0xc3, 0x18, 0xc3, 0x18, 0xc3, 0x18, 0xc3, 0x18, 0xc3, 0x18, 0xc3, 0x18,
    0xc3, 0x18, 0xc3, 0x18, 0xa3, 0x18, 0xa3, 0x10, 0xa3, 0x10, 0xa2, 0x10,
    0xa3, 0x18, 0xa3, 0x18, 0xc3, 0x18, 0xe4, 0x18, 0x04, 0x21, 0x04, 0x21,
    0x25, 0x21, 0x45, 0x29, 0x45, 0x29, 0x66, 0x29, 0x86, 0x31, 0x86, 0x31,
    0xa7, 0x31, 0x86, 0x31, 0x66, 0x29, 0xa7, 0x31, 0x8b, 0x52, 0x6e, 0x73,
    0x11, 0x84, 0x72, 0x8c, 0xd3, 0x9c, 0x14, 0xa5, 0x35, 0xad, 0x76, 0xad,
    0xb7, 0xb5, 0xb7, 0xbd, 0xd8, 0xbd, 0xf8, 0xbd, 0xd7, 0xbd, 0xd7, 0xbd,
    0xb3, 0x94, 0xb3, 0x94, 0x92, 0x94, 0x72, 0x8c, 0x51, 0x84, 0x31, 0x84,
    0xf0, 0x7b, 0xaf, 0x73, 0x6e, 0x6b, 0x2d, 0x63, 0xcb, 0x52, 0x6a, 0x4a,
    0xe8, 0x39, 0xa6, 0x31, 0x08, 0x42, 0x8b, 0x52, 0x6e, 0x6b, 0x10, 0x84,
    0x52, 0x8c, 0xb3, 0x94, 0xd4, 0x9c, 0x14, 0xa5, 0x55, 0xad, 0x76, 0xad,
    0x96, 0xb5, 0x97, 0xb5, 0x96, 0xb5, 0xb7, 0xb5, 0xb7, 0xbd, 0xb7, 0xbd,
    0xd7, 0xbd, 0xb7, 0xbd, 0xb7, 0xb5, 0x96, 0xb5, 0x97, 0xb5, 0xb7, 0xbd,
    0xd7, 0xbd, 0xd7, 0xb5, 0xb7, 0xb5, 0xb7, 0xb5, 0x97, 0xb5, 0x96, 0xad,
    0x76, 0xad, 0x76, 0xad, 0x76, 0xad, 0x76, 0xad, 0x56, 0xa5, 0x56, 0xa5,
    0x76, 0xad, 0x96, 0xad, 0x96, 0xb5, 0xb7, 0xb5, 0xb7, 0xb5, 0xb7, 0xb5,
    0xb7, 0xb5, 0xb7, 0xbd, 0xd7, 0xb5, 0xb7, 0xb5, 0xb7, 0xb5, 0xb7, 0xb5,
    0x96, 0xb5, 0x97, 0xb5, 0x97, 0xb5, 0x96, 0xb5, 0x96, 0xb5, 0x97, 0xb5,
    0x96, 0xb5, 0x97, 0xb5, 0xb7, 0xb5, 0xb7, 0xb5, 0xb7, 0xbd, 0xd7, 0xbd,
    0xb7, 0xbd, 0xb7, 0xb5, 0xb7, 0xb5, 0x96, 0xb5, 0x76, 0xad, 0x55, 0xad,
    0x14, 0xa5, 0xb3, 0x94, 0x52, 0x8c, 0x51, 0x8c, 0x72, 0x8c, 0x72, 0x8c,
    0x72, 0x8c, 0x51, 0x8c, 0x31, 0x8c, 0xf0, 0x83, 0x8e, 0x7b, 0x4d, 0x73,
    0x0d, 0x6b, 0xeb, 0x62, 0xaa, 0x5a, 0x6a, 0x4a, 0x29, 0x4a, 0x08, 0x42,
    0xc7, 0x39, 0x86, 0x31, 0x45, 0x29, 0xe4, 0x20, 0x82, 0x10, 0x82, 0x08,
    0x62, 0x10, 0x62, 0x10, 0x82, 0x08, 0x82, 0x10, 0x82, 0x10, 0x82, 0x10,
    0x62, 0x10, 0x82, 0x10, 0x62, 0x08, 0x62, 0x10, 0x82, 0x10, 0x62, 0x08,
    0x62, 0x10, 0x62, 0x08, 0x82, 0x10, 0x62, 0x10, 0x62, 0x10, 0x62, 0x08,
    0x62, 0x10, 0x62, 0x08, 0x61, 0x08, 0x62, 0x08, 0x62, 0x10, 0x61, 0x10,
    0x82, 0x08, 0x62, 0x08, 0x82, 0x10, 0x82, 0x10, 0xa2, 0x10, 0xa3, 0x10,
    0xa3, 0x18, 0xc3, 0x18, 0xc3, 0x18, 0xc3, 0x18, 0xc3, 0x18, 0xc3, 0x18,
    0xe3, 0x18, 0xe4, 0x18, 0xc4, 0x18, 0xc3, 0x18, 0xe3, 0x18, 0xc4, 0x18,
    0xc3, 0x18, 0xc3, 0x18, 0xa3, 0x10, 0xc3, 0x10, 0xa3, 0x10, 0xa3, 0x18,
    0xc3, 0x18, 0xc3, 0x18, 0xe4, 0x18, 0x04, 0x21, 0x04, 0x21, 0x25, 0x21,
    0x45, 0x29, 0x45, 0x29, 0x66, 0x29, 0x86, 0x31, 0x87, 0x31, 0x87, 0x31,
    0x86, 0x31, 0x66, 0x29, 0xe8, 0x39, 0xec, 0x5a, 0xaf, 0x7b, 0x31, 0x8c,
    0x93, 0x94, 0xf4, 0x9c, 0x34, 0xa5, 0x55, 0xad, 0x76, 0xb5, 0xb7, 0xb5,
    0xd7, 0xbd, 0xf8, 0xbd, 0xf8, 0xbd, 0xd7, 0xbd, 0xd8, 0xbd, 0xd7, 0xbd,
    0xb3, 0x94, 0x93, 0x94, 0x72, 0x8c, 0x52, 0x8c, 0x31, 0x84, 0xf0, 0x7b,
    0xcf, 0x73, 0x6e, 0x6b, 0x2d, 0x63, 0xcc, 0x5a, 0x6a, 0x4a, 0x08, 0x42,
    0xa7, 0x31, 0x08, 0x42, 0xec, 0x5a, 0x2d, 0x63, 0xaf, 0x73, 0x11, 0x84,
    0x92, 0x94, 0xf3, 0x9c, 0x14, 0xa5, 0x35, 0xad, 0x76, 0xad, 0x76, 0xb5,
    0xb7, 0xb5, 0xb7, 0xb5, 0xb7, 0xbd, 0xb7, 0xb5, 0xb7, 0xb5, 0xb7, 0xb5,
    0xb7, 0xb5, 0xd7, 0xbd, 0xd7, 0xbd, 0xb7, 0xb5, 0x97, 0xb5, 0xb7, 0xb5,
    0xb7, 0xb5, 0xb7, 0xb5, 0xb7, 0xb5, 0x97, 0xb5, 0x96, 0xb5, 0x76, 0xad,
    0x76, 0xad, 0x76, 0xad, 0x56, 0xa5, 0x56, 0xad, 0x56, 0xa5, 0x55, 0xad,
    0x76, 0xad, 0x96, 0xad, 0x97, 0xb5, 0xb7, 0xb5, 0xb7, 0xb5, 0xb7, 0xb5,
    0xb7, 0xbd, 0xb7, 0xb5, 0xd7, 0xbd, 0xb7, 0xbd, 0xb7, 0xb5, 0x97, 0xb5,
    0x96, 0xb5, 0x96, 0xb5, 0x96, 0xb5, 0x97, 0xb5, 0x97, 0xb5, 0x96, 0xb5,
    0x96, 0xb5, 0x96, 0xb5, 0xb7, 0xb5, 0xb7, 0xb5, 0xb7, 0xbd, 0xb7, 0xbd,
    0xb7, 0xb5, 0xb7, 0xb5, 0xb7, 0xbd, 0x96, 0xb5, 0x76, 0xad, 0x35, 0xa5,
    0xf4, 0xa4, 0xd3, 0x9c, 0x72, 0x8c, 0x31, 0x84, 0x51, 0x8c, 0x31, 0x84,
    0x10, 0x84, 0x31, 0x84, 0x10, 0x84, 0xcf, 0x7b, 0x4e, 0x6b, 0x0c, 0x6b,
    0xeb, 0x5a, 0x8b, 0x5a, 0x49, 0x4a, 0x29, 0x4a, 0x08, 0x42, 0xc7, 0x39,
    0x66, 0x31, 0x25, 0x29, 0xe4, 0x18, 0x82, 0x10, 0x82, 0x10, 0x62, 0x10,
    0x62, 0x10, 0x82, 0x10, 0x62, 0x08, 0x62, 0x10, 0x82, 0x10, 0x81, 0x08,
    0x62, 0x08, 0x62, 0x10, 0x62, 0x10, 0x61, 0x08, 0x62, 0x08, 0x61, 0x10,
    0x82, 0x08, 0x82, 0x10, 0x61, 0x10, 0x62, 0x10, 0x62, 0x08, 0x81, 0x08,
    0x81, 0x08, 0x62, 0x10, 0x62, 0x08, 0x82, 0x10, 0x62, 0x10, 0x62, 0x08,
    0x62, 0x10, 0x82, 0x10, 0x82, 0x10, 0xa2, 0x10, 0xa3, 0x10, 0xc3, 0x18,
    0xc3, 0x18, 0xc3, 0x18, 0xc3, 0x18, 0xc3, 0x18, 0xe3, 0x18, 0xe4, 0x18,
    0xe4, 0x18, 0xe4, 0x18, 0xe3, 0x18, 0xe3, 0x18, 0xe4, 0x18, 0xc3, 0x18,
    0xc3, 0x18, 0xc3, 0x18, 0xc3, 0x18, 0xa3, 0x18, 0xc3, 0x18, 0xc3, 0x18,
    0xe3, 0x18, 0xe4, 0x18, 0x04, 0x21, 0x05, 0x21, 0x25, 0x21, 0x45, 0x29,
    0x46, 0x29, 0x66, 0x31, 0x86, 0x31, 0x87, 0x31, 0x86, 0x31, 0x66, 0x29,
    0x86, 0x31, 0x49, 0x4a, 0x4d, 0x63, 0xf0, 0x7b, 0x52, 0x8c, 0xb3, 0x94,
    0xf4, 0x9c, 0x35, 0xa5, 0x76, 0xad, 0x97, 0xb5, 0xb7, 0xbd, 0xd7, 0xbd,
    0xf8, 0xbd, 0xd8, 0xbd, 0xd8, 0xbd, 0xd7, 0xbd, 0xd7, 0xbd, 0xd8, 0xbd,
    0xb3, 0x94, 0x92, 0x94, 0x72, 0x8c, 0x31, 0x84, 0x10, 0x7c, 0xd0, 0x73,
    0x8e, 0x6b, 0x4d, 0x6b, 0xec, 0x5a, 0x8b, 0x52, 0x29, 0x42, 0xa7, 0x31,
    0xe8, 0x41, 0xcc, 0x5a, 0x6e, 0x6b, 0xaf, 0x73, 0xf0, 0x83, 0x52, 0x8c,
    0xb3, 0x94, 0xf4, 0x9c, 0x15, 0xa5, 0x55, 0xad, 0x76, 0xb5, 0x97, 0xb5,
    0xb7, 0xb5, 0xd7, 0xbd, 0xf8, 0xbd, 0xd8, 0xbd, 0xb7, 0xb5, 0x97, 0xb5,
    0xb7, 0xb5, 0xb7, 0xb5, 0xb7, 0xbd, 0xb7, 0xbd, 0xb7, 0xb5, 0xb7, 0xb5,
    0x97, 0xb5, 0xb7, 0xbd, 0xb7, 0xb5, 0x97, 0xb5, 0x97, 0xad, 0x76, 0xad,
    0x76, 0xad, 0x76, 0xad, 0x56, 0xa5, 0x56, 0xa5, 0x56, 0xa5, 0x56, 0xa5,
    0x76, 0xad, 0x96, 0xad, 0x97, 0xb5, 0xb7, 0xb5, 0xb7, 0xb5, 0xb7, 0xb5,
    0xd7, 0xbd, 0xd7, 0xbd, 0xb8, 0xb5, 0xb7, 0xb5, 0xb7, 0xbd, 0xb7, 0xb5,
    0x96, 0xb5, 0x96, 0xb5, 0x97, 0xb5, 0x96, 0xb5, 0x96, 0xb5, 0x97, 0xb5,
    0x97, 0xb5, 0x97, 0xb5, 0x97, 0xb5, 0xb7, 0xb5, 0xb7, 0xb5, 0xb7, 0xb5,
    0xb7, 0xb5, 0xb7, 0xb5, 0x97, 0xb5, 0x76, 0xad, 0x56, 0xad, 0x35, 0xad,
    0xf4, 0xa4, 0xb3, 0x94, 0x72, 0x8c, 0x31, 0x84, 0xf0, 0x7b, 0xf0, 0x7b,
    0xf0, 0x7b, 0xf0, 0x7b, 0xcf, 0x7b, 0x8e, 0x73, 0x4d, 0x63, 0xec, 0x62,
    0xaa, 0x52, 0x49, 0x4a, 0x08, 0x42, 0xe8, 0x41, 0xa7, 0x39, 0x66, 0x29,
    0x25, 0x29, 0xe3, 0x18, 0x82, 0x10, 0x62, 0x10, 0x62, 0x10, 0x82, 0x08,
    0x82, 0x10, 0x82, 0x10, 0x82, 0x08, 0x61, 0x10, 0x62, 0x08, 0x62, 0x08,
    0x82, 0x10, 0x61, 0x08, 0x61, 0x10, 0x82, 0x10, 0x62, 0x10, 0x62, 0x08,
    0x61, 0x10, 0x62, 0x10, 0x62, 0x08, 0x61, 0x08, 0x62, 0x10, 0x62, 0x10,
    0x62, 0x10, 0x81, 0x08, 0x62, 0x10, 0x61, 0x10, 0x62, 0x08, 0x82, 0x10,
    0x82, 0x10, 0x82, 0x10, 0xa2, 0x10, 0xa3, 0x10, 0xa3, 0x18, 0xc3, 0x18,
    0xc3, 0x18, 0xc4, 0x18, 0xe4, 0x18, 0xe4, 0x18, 0xe4, 0x18, 0xe4, 0x18,
    0xe4, 0x18, 0xe4, 0x18, 0xe3, 0x20, 0xe3, 0x18, 0xc4, 0x18, 0xc3, 0x18,
    0xc3, 0x18, 0xc3, 0x18, 0xc3, 0x18, 0xc3, 0x18, 0xc4, 0x18, 0xe4, 0x18,
    0x04, 0x21, 0x04, 0x21, 0x24, 0x21, 0x25, 0x21, 0x45, 0x29, 0x66, 0x29,
    0x86, 0x31, 0x86, 0x31, 0x87, 0x31, 0x86, 0x31, 0x66, 0x29, 0xc7, 0x39,
    0xab, 0x52, 0x8f, 0x73, 0x11, 0x84, 0x72, 0x8c, 0xd3, 0x9c, 0x14, 0xa5,
    0x35, 0xa5, 0x76, 0xad, 0x97, 0xb5, 0xd7, 0xbd, 0xf8, 0xbd, 0xf8, 0xbd,
    0xd7, 0xbd, 0xd8, 0xbd, 0xd7, 0xbd, 0xd7, 0xbd, 0xd7, 0xbd, 0xb7, 0xb5,
    0x92, 0x8c, 0x72, 0x8c, 0x52, 0x84, 0x11, 0x84, 0xf0, 0x7b, 0xaf, 0x73,
    0x4e, 0x6b, 0x0c, 0x5b, 0xab, 0x52, 0x29, 0x4a, 0xc7, 0x31, 0xe8, 0x39,
    0xab, 0x52, 0x6e, 0x6b, 0xd0, 0x7b, 0x11, 0x84, 0x51, 0x8c, 0xb3, 0x94,
    0xd4, 0x9c, 0x14, 0xa5, 0x35, 0xa5, 0x55, 0xad, 0x76, 0xb5, 0xb7, 0xb5,
    0xd7, 0xbd, 0xf8, 0xbd, 0xf8, 0xbd, 0xd7, 0xbd, 0xd7, 0xbd, 0xd7, 0xbd,
    0xb7, 0xb5, 0x96, 0xb5, 0xb7, 0xb5, 0xb7, 0xb5, 0xb7, 0xb5, 0xb7, 0xb5,
    0xb7, 0xb5, 0xb7, 0xb5, 0xb7, 0xb5, 0x96, 0xb5, 0x96, 0xad, 0x76, 0xad,
    0x56, 0xa5, 0x76, 0xa5, 0x56, 0xa5, 0x55, 0xa5, 0x55, 0xa5, 0x56, 0xad,
    0x76, 0xad, 0x96, 0xad, 0x96, 0xb5, 0xb7, 0xb5, 0xb7, 0xb5, 0xb7, 0xb5,
    0xd7, 0xbd, 0xb7, 0xb5, 0xd7, 0xbd, 0xb7, 0xb5, 0xb7, 0xb5, 0xb7, 0xb5,
    0x96, 0xb5, 0x97, 0xb5, 0x97, 0xb5, 0x96, 0xb5, 0x96, 0xb5, 0x96, 0xb5,
    0x96, 0xb5, 0x97, 0xb5, 0x97, 0xb5, 0xb7, 0xb5, 0x96, 0xb5, 0xb7, 0xb5,
    0xb7, 0xb5, 0x96, 0xb5, 0x96, 0xb5, 0x76, 0xad, 0x55, 0xad, 0x35, 0xa5,
    0xf4, 0x9c, 0x92, 0x94, 0x31, 0x84, 0xf0, 0x7b, 0xcf, 0x7b, 0xaf, 0x73,
    0x8f, 0x73, 0xaf, 0x73, 0x6e, 0x73, 0x4d, 0x6b, 0xec, 0x5a, 0xab, 0x52,
    0x6a, 0x52, 0x28, 0x42, 0xe8, 0x41, 0xa7, 0x39, 0x66, 0x31, 0x25, 0x29,
    0xc3, 0x18, 0x82, 0x10, 0x82, 0x10, 0x62, 0x10, 0x82, 0x08, 0x82, 0x10,
    0x61, 0x10, 0x62, 0x10, 0x62, 0x10, 0x82, 0x10, 0x82, 0x10, 0x82, 0x10,
    0x62, 0x10, 0x62, 0x10, 0x62, 0x08, 0x82, 0x10, 0x62, 0x10, 0x82, 0x10,
    0x62, 0x10, 0x61, 0x08, 0x62, 0x10, 0x82, 0x10, 0x81, 0x08, 0x62, 0x08,
    0x62, 0x10, 0x62, 0x10, 0x62, 0x08, 0x62, 0x08, 0x82, 0x10, 0x82, 0x10,
    0xa2, 0x10, 0xa3, 0x10, 0xc3, 0x18, 0xc3, 0x18, 0xc3, 0x18, 0xe4, 0x18,
    0xe4, 0x18, 0xe4, 0x20, 0xe4, 0x18, 0x04, 0x21, 0x04, 0x21, 0xe4, 0x18,
    0xe4, 0x20, 0xe4, 0x20, 0xe4, 0x18, 0xe4, 0x18, 0xe3, 0x18, 0xc4, 0x18,
    0xc3, 0x18, 0xc3, 0x18, 0xe4, 0x18, 0xe4, 0x18, 0xe4, 0x20, 0x04, 0x21,
    0x04, 0x21, 0x25, 0x21, 0x25, 0x29, 0x45, 0x29, 0x66, 0x29, 0x86, 0x31,
    0x86, 0x31, 0x86, 0x31, 0x86, 0x31, 0x66, 0x29, 0x08, 0x42, 0x0c, 0x63,
    0xcf, 0x7b, 0x31, 0x84, 0x93, 0x94, 0xd4, 0x9c, 0x14, 0xa5, 0x56, 0xad,
    0x96, 0xb5, 0xb7, 0xb5, 0xd7, 0xbd, 0xf7, 0xbd, 0xd8, 0xbd, 0xd7, 0xbd,
    0xd8, 0xbd, 0xd7, 0xbd, 0xd7, 0xb5, 0xd8, 0xbd, 0xb7, 0xbd, 0xd7, 0xb5,
    0x72, 0x8c, 0x52, 0x8c, 0x31, 0x84, 0xf0, 0x7b, 0xaf, 0x73, 0x6e, 0x6b,
    0x0d, 0x63, 0xab, 0x52, 0x49, 0x4a, 0xc7, 0x39, 0xc7, 0x39, 0x8a, 0x52,
    0x4d, 0x6b, 0xcf, 0x7b, 0x31, 0x84, 0x72, 0x8c, 0x92, 0x94, 0xd3, 0x9c,
    0xf4, 0xa4, 0x15, 0xa5, 0x55, 0xad, 0x75, 0xb5, 0x96, 0xb5, 0xb7, 0xbd,
    0xd7, 0xbd, 0xd7, 0xbd, 0xd8, 0xbd, 0xd7, 0xbd, 0xb7, 0xbd, 0xb7, 0xb5,
    0xb7, 0xb5, 0xb7, 0xb5, 0xb7, 0xb5, 0x96, 0xb5, 0x96, 0xb5, 0x97, 0xb5,
    0xb7, 0xb5, 0xb7, 0xb5, 0xb7, 0xb5, 0x96, 0xb5, 0x96, 0xad, 0x76, 0xad,
    0x56, 0xad, 0x56, 0xa5, 0x56, 0xa5, 0x55, 0xad, 0x56, 0xa5, 0x56, 0xad,
    0x76, 0xad, 0x96, 0xad, 0x97, 0xb5, 0xb7, 0xb5, 0xb7, 0xb5, 0xd7, 0xbd,
    0xd7, 0xbd, 0xd8, 0xbd, 0xd7, 0xbd, 0xb7, 0xbd, 0xb7, 0xb5, 0xb7, 0xb5,
    0x96, 0xb5, 0x96, 0xb5, 0x96, 0xb5, 0x96, 0xb5, 0x97, 0xb5, 0x97, 0xb5,
    0x96, 0xb5, 0x96, 0xb5, 0x96, 0xb5, 0x97, 0xb5, 0x97, 0xb5, 0x96, 0xb5,
    0x97, 0xb5, 0x96, 0xb5, 0x96, 0xb5, 0x76, 0xad, 0x35, 0xad, 0xf4, 0x9c,
    0xb3, 0x9c, 0x92, 0x94, 0x10, 0x84, 0x8f, 0x73, 0x6e, 0x6b, 0x4d, 0x6b,
    0x4d, 0x6b, 0x2d, 0x63, 0x0c, 0x63, 0xec, 0x5a, 0xab, 0x52, 0x6a, 0x4a,
    0x29, 0x42, 0xe8, 0x41, 0xa7, 0x39, 0x66, 0x29, 0x24, 0x21, 0xc3, 0x18,
    0x82, 0x10, 0x82, 0x10, 0x62, 0x10, 0x82, 0x08, 0x82, 0x10, 0x62, 0x10,
    0x62, 0x08, 0x82, 0x10, 0x62, 0x08, 0x62, 0x08, 0x82, 0x10, 0x62, 0x08,
    0x61, 0x10, 0x62, 0x10, 0x62, 0x10, 0x62, 0x08, 0x61, 0x08, 0x61, 0x10,
    0x82, 0x08, 0x62, 0x08, 0x82, 0x10, 0x62, 0x10, 0x62, 0x08, 0x81, 0x10,
    0x62, 0x10, 0x62, 0x08, 0x62, 0x10, 0x82, 0x10, 0xa2, 0x10, 0xa3, 0x10,
    0xa3, 0x18, 0xc3, 0x18, 0xc3, 0x18, 0xe3, 0x18, 0xe4, 0x18, 0xe4, 0x18,
    0x04, 0x21, 0x04, 0x21, 0x04, 0x21, 0x04, 0x21, 0x04, 0x21, 0x04, 0x21,
    0xe4, 0x20, 0xe4, 0x18, 0xe4, 0x18, 0xe4, 0x20, 0xe3, 0x18, 0xe3, 0x18,
    0xc4, 0x18, 0xe4, 0x18, 0x04, 0x21, 0x04, 0x21, 0x04, 0x21, 0x25, 0x21,
    0x25, 0x29, 0x45, 0x29, 0x46, 0x29, 0x66, 0x29, 0x86, 0x31, 0x87, 0x31,
    0x87, 0x31, 0x86, 0x29, 0x86, 0x31, 0x4a, 0x4a, 0x4e, 0x6b, 0x10, 0x7c,
    0x52, 0x8c, 0xb3, 0x94, 0xf4, 0x9c, 0x35, 0xa5, 0x76, 0xad, 0x96, 0xb5,
    0xb7, 0xbd, 0xd8, 0xbd, 0xf8, 0xbd, 0xd8, 0xbd, 0xd8, 0xbd, 0xd7, 0xbd,
    0xd8, 0xbd, 0xd7, 0xbd, 0xd7, 0xbd, 0xb7, 0xb5, 0xb7, 0xbd, 0xb7, 0xb5,
    0x72, 0x8c, 0x31, 0x84, 0x10, 0x84, 0xcf, 0x7b, 0x8e, 0x6b, 0x2d, 0x63,
    0xcc, 0x5a, 0x6a, 0x4a, 0xe8, 0x39, 0xc7, 0x39, 0x6a, 0x4a, 0x2d, 0x63,
    0xaf, 0x73, 0x11, 0x84, 0x72, 0x8c, 0xb3, 0x94, 0xd4, 0x9c, 0xf4, 0xa4,
    0x35, 0xa5, 0x55, 0xad, 0x76, 0xad, 0x76, 0xb5, 0x96, 0xb5, 0xb7, 0xbd,
    0xd7, 0xbd, 0xd7, 0xbd, 0xd7, 0xbd, 0xb7, 0xbd, 0xb7, 0xb5, 0xb7, 0xb5,
    0xb7, 0xb5, 0xb7, 0xbd, 0xb7, 0xbd, 0xb6, 0xb5, 0x96, 0xb5, 0x97, 0xb5,
    0xb7, 0xb5, 0x97, 0xb5, 0x97, 0xb5, 0x96, 0xb5, 0x76, 0xad, 0x76, 0xad,
    0x56, 0xa5, 0x56, 0xad, 0x56, 0xa5, 0x56, 0xa5, 0x56, 0xa5, 0x76, 0xad,
    0x76, 0xad, 0x97, 0xad, 0x97, 0xb5, 0xb7, 0xb5, 0xb7, 0xb5, 0xd7, 0xbd,
    0xd8, 0xbd, 0xd8, 0xbd, 0xf8, 0xbd, 0xd7, 0xbd, 0xb7, 0xbd, 0xb7, 0xb5,
    0xb7, 0xb5, 0x97, 0xb5, 0x96, 0xb5, 0x96, 0xb5, 0x96, 0xb5, 0x97, 0xb5,
    0xb7, 0xb5, 0x96, 0xb5, 0x96, 0xb5, 0x97, 0xb5, 0x96, 0xb5, 0x76, 0xb5,
    0x96, 0xb5, 0x76, 0xb5, 0x76, 0xad, 0x55, 0xad, 0x15, 0xa5, 0xf4, 0x9c,
    0xd3, 0x9c, 0x72, 0x8c, 0x10, 0x84, 0x8e, 0x73, 0xec, 0x5a, 0xab, 0x52,
    0xcb, 0x5a, 0xcb, 0x5a, 0xeb, 0x5a, 0xab, 0x52, 0x6a, 0x4a, 0x29, 0x42,
    0xe8, 0x39, 0xa6, 0x31, 0x46, 0x29, 0x24, 0x21, 0xc3, 0x18, 0x82, 0x10,
    0x62, 0x10, 0x62, 0x08, 0x82, 0x10, 0x62, 0x10, 0x62, 0x10, 0x62, 0x10,
    0x82, 0x08, 0x82, 0x10, 0x82, 0x10, 0x81, 0x10, 0x62, 0x08, 0x62, 0x10,
    0x61, 0x08, 0x82, 0x08, 0x61, 0x08, 0x82, 0x10, 0x62, 0x08, 0x62, 0x08,
    0x62, 0x10, 0x62, 0x10, 0x62, 0x08, 0x61, 0x08, 0x62, 0x10, 0x62, 0x10,
    0x62, 0x08, 0x81, 0x10, 0x82, 0x10, 0xa2, 0x10, 0xa3, 0x10, 0xc3, 0x18,
    0xc3, 0x18, 0xe4, 0x18, 0xe4, 0x18, 0xe4, 0x20, 0x04, 0x21, 0x04, 0x21,
    0x04, 0x21, 0x04, 0x21, 0x04, 0x21, 0x04, 0x21, 0x04, 0x21, 0x04, 0x21,
    0x04, 0x19, 0x04, 0x19, 0xe4, 0x20, 0xe4, 0x18, 0xe4, 0x18, 0xe4, 0x20,
    0x04, 0x21, 0x04, 0x21, 0x24, 0x21, 0x25, 0x21, 0x25, 0x21, 0x45, 0x29,
    0x45, 0x29, 0x65, 0x29, 0x66, 0x29, 0x86, 0x31, 0x86, 0x31, 0x86, 0x31,
    0x66, 0x29, 0xa7, 0x39, 0xab, 0x52, 0x8f, 0x73, 0x11, 0x84, 0x72, 0x94,
    0xd3, 0x9c, 0x14, 0x9d, 0x55, 0xad, 0x76, 0xad, 0x97, 0xb5, 0xd7, 0xbd,
    0xd7, 0xbd, 0xf8, 0xbd, 0xd7, 0xbd, 0xd8, 0xbd, 0xd7, 0xbd, 0xd7, 0xbd,
    0xd7, 0xbd, 0xd7, 0xbd, 0xb7, 0xb5, 0xb7, 0xb5, 0xb7, 0xb5, 0xb7, 0xbd,
    0x51, 0x84, 0x11, 0x84, 0xf0, 0x7b, 0xaf, 0x73, 0x4e, 0x6b, 0xec, 0x5a,
    0x8a, 0x52, 0x08, 0x3a, 0xa7, 0x31, 0x4a, 0x4a, 0x0c, 0x63, 0x8f, 0x73,
    0x11, 0x84, 0x72, 0x8c, 0xb3, 0x94, 0xf4, 0x9c, 0x14, 0xa5, 0x35, 0xad,
    0x55, 0xad, 0x56, 0xad, 0x76, 0xb5, 0x96, 0xb5, 0xb7, 0xb5, 0xb7, 0xbd,
    0xd7, 0xbd, 0xd7, 0xbd, 0xd7, 0xbd, 0xd7, 0xbd, 0xd7, 0xbd, 0xb7, 0xbd,
    0x97, 0xb5, 0x97, 0xb5, 0xb7, 0xb5, 0xb7, 0xb5, 0xb7, 0xb5, 0x97, 0xb5,
    0xb7, 0xb5, 0xb7, 0xb5, 0xb7, 0xb5, 0x96, 0xb5, 0x76, 0xad, 0x76, 0xa5,
    0x56, 0xa5, 0x56, 0xa5, 0x55, 0xa5, 0x55, 0xa5, 0x56, 0xad, 0x76, 0xad,
    0x96, 0xad, 0x97, 0xb5, 0x97, 0xb5, 0xb7, 0xb5, 0xb7, 0xb5, 0xd7, 0xbd,
    0xf8, 0xbd, 0xf8, 0xbd, 0x18, 0xc6, 0xf8, 0xbd, 0xf8, 0xbd, 0xd8, 0xbd,
    0xd7, 0xbd, 0xb7, 0xb5, 0xb7, 0xb5, 0xb7, 0xb5, 0x97, 0xb5, 0x97, 0xb5,
    0xb6, 0xb5, 0x97, 0xb5, 0x96, 0xb5, 0x76, 0xb5, 0x96, 0xad, 0x76, 0xad,
    0x76, 0xad, 0x76, 0xad, 0x55, 0xad, 0x35, 0xa5, 0xf4, 0xa4, 0xd3, 0x9c,
    0xb3, 0x94, 0x52, 0x8c, 0xf0, 0x83, 0x8e, 0x6b, 0xec, 0x5a, 0x6a, 0x4a,
    0x49, 0x4a, 0x4a, 0x4a, 0x4a, 0x4a, 0x49, 0x4a, 0x09, 0x42, 0xc7, 0x39,
    0x86, 0x31, 0x45, 0x29, 0x04, 0x21, 0xa3, 0x18, 0x82, 0x10, 0x82, 0x10,
    0x82, 0x10, 0x82, 0x10, 0x62, 0x10, 0x62, 0x08, 0x82, 0x10, 0x82, 0x10,
    0x81, 0x10, 0x62, 0x08, 0x62, 0x10, 0x82, 0x10, 0x62, 0x10, 0x61, 0x10,
    0x82, 0x10, 0x62, 0x08, 0x62, 0x10, 0x61, 0x10, 0x62, 0x10, 0x82, 0x10,
    0x62, 0x10, 0x61, 0x10, 0x81, 0x10, 0x62, 0x10, 0x62, 0x08, 0x62, 0x10,
    0x62, 0x08, 0x82, 0x10, 0xa2, 0x10, 0xa3, 0x18, 0xc3, 0x18, 0xe4, 0x18,
    0xe4, 0x18, 0x04, 0x19, 0x04, 0x21, 0x04, 0x21, 0x24, 0x21, 0x24, 0x21,
    0x05, 0x21, 0x25, 0x21, 0x04, 0x21, 0x04, 0x21, 0x04, 0x21, 0x05, 0x21,
    0x04, 0x21, 0x04, 0x21, 0xe4, 0x18, 0xe4, 0x18, 0x04, 0x21, 0x04, 0x21,
    0x05, 0x21, 0x24, 0x21, 0x25, 0x29, 0x25, 0x29, 0x45, 0x29, 0x65, 0x29,
    0x66, 0x29, 0x66, 0x31, 0x86, 0x31, 0x87, 0x31, 0x86, 0x31, 0x66, 0x29,
    0xe8, 0x39, 0xec, 0x62, 0xcf, 0x7b, 0x31, 0x84, 0x93, 0x94, 0xd4, 0x9c,
    0x14, 0xa5, 0x56, 0xad, 0x96, 0xb5, 0xb7, 0xb5, 0xd7, 0xbd, 0xd8, 0xbd,
    0xd8, 0xbd, 0xd7, 0xbd, 0xd8, 0xbd, 0xd7, 0xbd, 0xd7, 0xbd, 0xd8, 0xbd,
    0xb7, 0xb5, 0xb7, 0xb5, 0xb7, 0xb5, 0xb7, 0xbd, 0xb7, 0xbd, 0xb7, 0xb5,
    0x31, 0x84, 0xf0, 0x7b, 0xaf, 0x73, 0x6e, 0x6b, 0x0c, 0x63, 0xab, 0x52,
    0x09, 0x42, 0xc7, 0x39, 0x49, 0x4a, 0x0c, 0x63, 0x8e, 0x73, 0xf0, 0x7b,
    0x52, 0x8c, 0xb3, 0x94, 0xf4, 0x9c, 0x14, 0xa5, 0x35, 0xad, 0x55, 0xad,
    0x76, 0xb5, 0x96, 0xb5, 0x97, 0xb5, 0xb7, 0xbd, 0xb7, 0xbd, 0xb7, 0xbd,
    0xd7, 0xbd, 0xd7, 0xbd, 0xb7, 0xbd, 0xd7, 0xbd, 0xd8, 0xbd, 0xd7, 0xbd,
    0xb7, 0xbd, 0xb7, 0xb5, 0xb7, 0xb5, 0xb7, 0xb5, 0x96, 0xb5, 0x96, 0xb5,
    0x96, 0xb5, 0x97, 0xb5, 0x97, 0xb5, 0x96, 0xb5, 0x76, 0xad, 0x56, 0xad,
    0x56, 0xa5, 0x56, 0xa5, 0x56, 0xa5, 0x55, 0xa5, 0x56, 0xad, 0x76, 0xad,
    0x96, 0xad, 0x97, 0xb5, 0xb7, 0xb5, 0xb7, 0xb5, 0xd7, 0xbd, 0xd8, 0xbd,
    0xf8, 0xbd, 0x18, 0xc6, 0x18, 0xc6, 0x18, 0xc6, 0x18, 0xc6, 0xf8, 0xbd,
    0xf8, 0xbd, 0xd7, 0xbd, 0xb7, 0xbd, 0xb7, 0xb5, 0xb7, 0xb5, 0xb7, 0xb5,
    0x97, 0xb5, 0x96, 0xb5, 0x96, 0xb5, 0x96, 0xb5, 0x76, 0xb5, 0x76, 0xad,
    0x56, 0xad, 0x55, 0xad, 0x35, 0xa5, 0x35, 0xa5, 0xf4, 0x9c, 0xb3, 0x94,
    0x72, 0x8c, 0x31, 0x8c, 0xf0, 0x7b, 0x6e, 0x6b, 0xcc, 0x5a, 0xaa, 0x52,
    0x6a, 0x4a, 0xe8, 0x39, 0x87, 0x31, 0xc7, 0x39, 0xc7, 0x39, 0x66, 0x31,
    0x25, 0x29, 0x04, 0x21, 0xa3, 0x10, 0x82, 0x10, 0x82, 0x10, 0x62, 0x10,
    0x82, 0x08, 0x62, 0x10, 0x82, 0x10, 0x82, 0x10, 0x82, 0x08, 0x62, 0x08,
    0x62, 0x10, 0x82, 0x10, 0x62, 0x08, 0x62, 0x10, 0x82, 0x08, 0x61, 0x08,
    0x62, 0x10, 0x62, 0x10, 0x62, 0x10, 0x82, 0x08, 0x61, 0x10, 0x62, 0x08,
    0x81, 0x08, 0x62, 0x08, 0x62, 0x10, 0x82, 0x10, 0x62, 0x10, 0x82, 0x10,
    0x82, 0x10, 0xa3, 0x10, 0xc3, 0x18, 0xe3, 0x18, 0xe4, 0x18, 0xe4, 0x20,
    0x04, 0x21, 0x04, 0x21, 0x05, 0x21, 0x25, 0x21, 0x25, 0x21, 0x25, 0x29,
    0x25, 0x21, 0x24, 0x21, 0x25, 0x21, 0x05, 0x21, 0x05, 0x21, 0x04, 0x21,
    0x04, 0x21, 0x04, 0x21, 0x04, 0x21, 0x04, 0x21, 0x04, 0x21, 0x25, 0x21,
    0x25, 0x21, 0x45, 0x29, 0x45, 0x29, 0x46, 0x29, 0x66, 0x29, 0x66, 0x31,
    0x86, 0x31, 0x87, 0x31, 0x86, 0x31, 0x86, 0x29, 0x86, 0x31, 0x49, 0x4a,
    0x2d, 0x63, 0xd0, 0x7b, 0x52, 0x8c, 0xb3, 0x94, 0xf4, 0x9c, 0x35, 0xad,
    0x76, 0xad, 0x96, 0xb5, 0xb7, 0xb5, 0xd8, 0xbd, 0xf8, 0xbd, 0xf8, 0xbd,
    0xd7, 0xbd, 0xd7, 0xbd, 0xd8, 0xb5, 0xd7, 0xbd, 0xb7, 0xbd, 0xd7, 0xb5,
    0xb7, 0xb5, 0xb7, 0xb5, 0xb7, 0xbd, 0xb7, 0xb5, 0xb7, 0xb5, 0xb7, 0xb5,
    0xf0, 0x7b, 0xcf, 0x73, 0x6e, 0x6b, 0x2d, 0x63, 0xab, 0x52, 0x49, 0x42,
    0xc7, 0x39, 0x29, 0x42, 0xec, 0x5a, 0x6e, 0x6b, 0xf0, 0x7b, 0x51, 0x8c,
    0x93, 0x94, 0xd3, 0x9c, 0xf4, 0xa4, 0x35, 0xa5, 0x55, 0xad, 0x76, 0xb5,
    0x96, 0xb5, 0x97, 0xb5, 0xb7, 0xbd, 0xd7, 0xbd, 0xb7, 0xbd, 0xb6, 0xbd,
    0xb6, 0xb5, 0xd7, 0xbd, 0xd7, 0xbd, 0xd7, 0xbd, 0xd7, 0xbd, 0xd8, 0xbd,
    0xd8, 0xbd, 0xd7, 0xbd, 0xd7, 0xbd, 0xb7, 0xb5, 0x97, 0xb5, 0x96, 0xb5,
    0x76, 0xad, 0x96, 0xb5, 0x96, 0xad, 0x97, 0xb5, 0x76, 0xad, 0x56, 0xad,
    0x55, 0xa5, 0x35, 0xa5, 0x35, 0xa5, 0x35, 0xa5, 0x76, 0xad, 0x76, 0xad,
    0x96, 0xad, 0x97, 0xb5, 0xb7, 0xb5, 0xd7, 0xb5, 0xd7, 0xbd, 0xd8, 0xbd,
    0xf8, 0xbd, 0x18, 0xc6, 0x19, 0xc6, 0x19, 0xc6, 0x18, 0xc6, 0x18, 0xc6,
    0xf8, 0xbd, 0xd8, 0xbd, 0xd8, 0xbd, 0xd7, 0xbd, 0xd7, 0xbd, 0xd7, 0xbd,
    0xb7, 0xb5, 0x97, 0xb5, 0x96, 0xb5, 0x96, 0xb5, 0x76, 0xad, 0x76, 0xad,
    0x55, 0xad, 0x35, 0xad, 0x35, 0xa5, 0x14, 0xa5, 0xd3, 0x9c, 0x93, 0x94,
    0x51, 0x8c, 0xf0, 0x7b, 0xae, 0x73, 0x4d, 0x6b, 0xec, 0x5a, 0x8a, 0x52,
    0x49, 0x4a, 0x08, 0x42, 0xc7, 0x39, 0x86, 0x31, 0x45, 0x29, 0x25, 0x21,
    0xe4, 0x18, 0xa2, 0x10, 0x82, 0x10, 0x82, 0x10, 0x82, 0x08, 0x82, 0x10,
    0x62, 0x10, 0x82, 0x08, 0x62, 0x10, 0x62, 0x08, 0x61, 0x10, 0x82, 0x10,
    0x62, 0x08, 0x62, 0x10, 0x82, 0x10, 0x81, 0x08, 0x62, 0x10, 0x62, 0x10,
    0x62, 0x08, 0x82, 0x10, 0x61, 0x08, 0x62, 0x10, 0x82, 0x08, 0x62, 0x08,
    0x62, 0x10, 0x62, 0x10, 0x62, 0x08, 0x61, 0x08, 0x82, 0x10, 0xa2, 0x10,
    0xa3, 0x10, 0xc3, 0x18, 0xe3, 0x18, 0xe4, 0x20, 0x04, 0x21, 0x04, 0x21,
    0x24, 0x21, 0x25, 0x21, 0x25, 0x21, 0x45, 0x29, 0x25, 0x21, 0x25, 0x21,
    0x25, 0x21, 0x25, 0x21, 0x24, 0x21, 0x24, 0x21, 0x04, 0x21, 0x04, 0x21,
    0x04, 0x21, 0x04, 0x21, 0x04, 0x21, 0x25, 0x21, 0x25, 0x21, 0x45, 0x29,
    0x45, 0x29, 0x46, 0x29, 0x66, 0x29, 0x86, 0x31, 0x86, 0x31, 0x86, 0x31,
    0x87, 0x31, 0x86, 0x31, 0x66, 0x29, 0xc7, 0x39, 0x8b, 0x52, 0x6e, 0x6b,
    0x10, 0x84, 0x72, 0x8c, 0xb3, 0x94, 0x14, 0x9d, 0x35, 0xa5, 0x76, 0xad,
    0x97, 0xb5, 0xb7, 0xbd, 0xd7, 0xbd, 0xf8, 0xbd, 0xd8, 0xbd, 0xd7, 0xbd,
    0xd7, 0xbd, 0xd8, 0xbd, 0xd7, 0xbd, 0xb7, 0xbd, 0xd7, 0xbd, 0xb7, 0xb5,
    0xb7, 0xbd, 0xb7, 0xbd, 0xb7, 0xb5, 0xb7, 0xb5, 0x97, 0xb5, 0xb6, 0xb5,
    0xd0, 0x7b, 0x8e, 0x6b, 0x4d, 0x63, 0xcc, 0x5a, 0x6a, 0x4a, 0xc8, 0x39,
    0x09, 0x42, 0xcc, 0x5a, 0x6e, 0x6b, 0xd0, 0x7b, 0x31, 0x8c, 0x92, 0x94,
    0xd3, 0x9c, 0xf4, 0x9c, 0x35, 0xa5, 0x55, 0xad, 0x56, 0xad, 0x76, 0xb5,
    0xb6, 0xb5, 0xb7, 0xbd, 0xd7, 0xbd, 0xd7, 0xbd, 0xb7, 0xbd, 0xb7, 0xbd,
    0xb7, 0xbd, 0xb7, 0xbd, 0xd7, 0xbd, 0xb7, 0xbd, 0xd7, 0xbd, 0xd7, 0xbd,
    0xd7, 0xbd, 0xd7, 0xbd, 0xd7, 0xbd, 0xd8, 0xbd, 0xb7, 0xbd, 0x97, 0xb5,
    0x76, 0xad, 0x96, 0xb5, 0x96, 0xad, 0x96, 0xad, 0x76, 0xad, 0x56, 0xa5,
    0x35, 0xa5, 0x35, 0xa5, 0x35, 0xa5, 0x56, 0xa5, 0x56, 0xad, 0x76, 0xad,
    0x96, 0xad, 0xb7, 0xb5, 0xb7, 0xb5, 0xd8, 0xbd, 0xf8, 0xbd, 0xf8, 0xbd,
    0xf8, 0xc5, 0x18, 0xc6, 0x39, 0xc6, 0x39, 0xc6, 0x19, 0xc6, 0x18, 0xc6,
    0x18, 0xc6, 0xf8, 0xbd, 0xf8, 0xbd, 0xf8, 0xbd, 0xd7, 0xbd, 0xd7, 0xbd,
    0xd7, 0xb5, 0xb7, 0xb5, 0x97, 0xb5, 0x96, 0xb5, 0x76, 0xad, 0x56, 0xad,
    0x55, 0xad, 0x35, 0xa5, 0xf4, 0xa4, 0xd3, 0x9c, 0xb3, 0x94, 0x72, 0x8c,
    0x31, 0x84, 0xd0, 0x7b, 0x6e, 0x6b, 0x0c, 0x63, 0xab, 0x52, 0x4a, 0x4a,
    0x08, 0x42, 0x08, 0x42, 0xe8, 0x39, 0x66, 0x29, 0x25, 0x21, 0xe4, 0x18,
    0x82, 0x10, 0x82, 0x10, 0x82, 0x10, 0x62, 0x10, 0x82, 0x10, 0x82, 0x08,
    0x62, 0x10, 0x62, 0x10, 0x82, 0x10, 0x82, 0x10, 0x82, 0x10, 0x62, 0x10,
    0x82, 0x10, 0x82, 0x08, 0x62, 0x10, 0x82, 0x08, 0x62, 0x10, 0x61, 0x10,
    0x82, 0x10, 0x62, 0x08, 0x61, 0x10, 0x82, 0x10, 0x62, 0x10, 0x62, 0x10,
    0x61, 0x10, 0x82, 0x10, 0x62, 0x08, 0x82, 0x10, 0xa2, 0x10, 0xa3, 0x18,
    0xc3, 0x18, 0xe4, 0x18, 0x04, 0x21, 0x04, 0x21, 0x25, 0x21, 0x25, 0x21,
    0x45, 0x21, 0x45, 0x29, 0x45, 0x29, 0x45, 0x29, 0x45, 0x29, 0x45, 0x21,
    0x25, 0x29, 0x25, 0x21, 0x25, 0x21, 0x24, 0x21, 0x05, 0x21, 0x04, 0x21,
    0x05, 0x21, 0x25, 0x21, 0x25, 0x21, 0x45, 0x29, 0x45, 0x29, 0x45, 0x29,
    0x66, 0x29, 0x66, 0x29, 0x86, 0x31, 0x86, 0x31, 0xa7, 0x31, 0xa7, 0x31,
    0x86, 0x31, 0x86, 0x31, 0x08, 0x42, 0xec, 0x5a, 0x8f, 0x73, 0x11, 0x84,
    0x92, 0x8c, 0xd3, 0x9c, 0x14, 0xa5, 0x55, 0xad, 0x76, 0xad, 0xb7, 0xb5,
    0xd7, 0xbd, 0xf8, 0xbd, 0xd8, 0xbd, 0xd7, 0xbd, 0xd7, 0xbd, 0xd8, 0xbd,
    0xd8, 0xbd, 0xd7, 0xbd, 0xd7, 0xbd, 0xb7, 0xb5, 0xb7, 0xb5, 0xb7, 0xb5,
    0xb7, 0xbd, 0xb7, 0xb5, 0xb7, 0xb5, 0xb7, 0xb5, 0x96, 0xb5, 0x96, 0xb5,
    0x8f, 0x73, 0x4e, 0x6b, 0xec, 0x5a, 0x8a, 0x4a, 0xe8, 0x41, 0x08, 0x42,
    0xcb, 0x5a, 0x4e, 0x6b, 0xcf, 0x7b, 0x31, 0x84, 0x72, 0x94, 0xb3, 0x94,
    0xf4, 0x9c, 0x15, 0xa5, 0x55, 0xad, 0x55, 0xad, 0x76, 0xb5, 0x96, 0xb5,
    0xb7, 0xb5, 0xd7, 0xbd, 0xd7, 0xbd, 0xb7, 0xbd, 0xb7, 0xbd, 0xb7, 0xbd,
    0xd7, 0xbd, 0xb7, 0xbd, 0xd7, 0xbd, 0xd7, 0xbd, 0xd7, 0xbd, 0xd7, 0xbd,
    0xd7, 0xbd, 0xd7, 0xbd, 0xd7, 0xc5, 0xd7, 0xbd, 0xf7, 0xbd, 0xd7, 0xbd,
    0xb7, 0xb5, 0x97, 0xb5, 0x97, 0xb5, 0x76, 0xad, 0x76, 0xad, 0x56, 0xa5,
    0x15, 0xa5, 0x35, 0xa5, 0x35, 0xa5, 0x55, 0xa5, 0x56, 0xad, 0x76, 0xad,
    0x97, 0xb5, 0xb7, 0xb5, 0xb7, 0xb5, 0xd7, 0xbd, 0xf8, 0xbd, 0xf8, 0xbd,
    0x18, 0xc6, 0x19, 0xc6, 0x39, 0xc6, 0x39, 0xc6, 0x18, 0xc6, 0x19, 0xc6,
    0x19, 0xc6, 0x19, 0xc6, 0x18, 0xc6, 0xf8, 0xbd, 0xd8, 0xbd, 0xd8, 0xbd,
    0xd7, 0xbd, 0xb7, 0xb5, 0xb7, 0xb5, 0x96, 0xb5, 0x76, 0xad, 0x55, 0xad,
    0x35, 0xa5, 0x14, 0xa5, 0xd4, 0x9c, 0xb3, 0x94, 0x72, 0x8c, 0x31, 0x84,
    0xd0, 0x7b, 0x8e, 0x73, 0x4e, 0x6b, 0xec, 0x5a, 0x8a, 0x52, 0x08, 0x42,
    0x08, 0x42, 0xe8, 0x39, 0x86, 0x31, 0x45, 0x29, 0xe4, 0x18, 0x82, 0x10,
    0x82, 0x10, 0x82, 0x10, 0x82, 0x08, 0x62, 0x10, 0x62, 0x10, 0x82, 0x10,
    0x62, 0x10, 0x82, 0x10, 0x82, 0x08, 0x62, 0x10, 0x62, 0x08, 0x62, 0x10,
    0x81, 0x08, 0x82, 0x10, 0x62, 0x10, 0x62, 0x10, 0x62, 0x08, 0x62, 0x08,
    0x62, 0x10, 0x61, 0x10, 0x62, 0x08, 0x62, 0x08, 0x62, 0x10, 0x61, 0x08,
    0x82, 0x08, 0x62, 0x10, 0x82, 0x10, 0xa3, 0x10, 0xc3, 0x18, 0xe3, 0x18,
    0xe4, 0x20, 0x04, 0x21, 0x05, 0x21, 0x25, 0x21, 0x45, 0x29, 0x45, 0x29,
    0x45, 0x29, 0x45, 0x29, 0x46, 0x29, 0x46, 0x29, 0x45, 0x29, 0x45, 0x29,
    0x45, 0x21, 0x25, 0x29, 0x25, 0x29, 0x25, 0x21, 0x24, 0x21, 0x25, 0x21,
    0x25, 0x21, 0x45, 0x29, 0x45, 0x29, 0x45, 0x29, 0x66, 0x29, 0x66, 0x31,
    0x86, 0x31, 0x86, 0x31, 0x86, 0x31, 0xa7, 0x31, 0xa7, 0x31, 0x86, 0x31,
    0x86, 0x31, 0x49, 0x4a, 0x2d, 0x63, 0xaf, 0x7b, 0x31, 0x84, 0x92, 0x94,
    0xd4, 0x9c, 0x15, 0xa5, 0x55, 0xad, 0x76, 0xb5, 0xb7, 0xb5, 0xd7, 0xbd,
    0xd8, 0xbd, 0xd8, 0xbd, 0xd7, 0xbd, 0xd7, 0xbd, 0xd7, 0xbd, 0xd7, 0xbd,
    0xd7, 0xbd, 0xb7, 0xb5, 0xb7, 0xb5, 0xb7, 0xb5, 0xb7, 0xbd, 0xb7, 0xbd,
    0xb7, 0xb5, 0x97, 0xb5, 0x97, 0xb5, 0x96, 0xb5, 0x97, 0xb5, 0x97, 0xb5,
    0x4e, 0x6b, 0x0c, 0x5b, 0x8a, 0x52, 0x08, 0x42, 0xe8, 0x39, 0xab, 0x52,
    0x4e, 0x6b, 0xcf, 0x7b, 0x11, 0x84, 0x72, 0x8c, 0xb3, 0x94, 0xf4, 0x9c,
    0x14, 0xa5, 0x35, 0xad, 0x56, 0xad, 0x76, 0xb5, 0x96, 0xb5, 0xb7, 0xbd,
    0xb7, 0xbd, 0xb7, 0xbd, 0xb7, 0xbd, 0xb7, 0xbd, 0xb7, 0xbd, 0xb7, 0xbd,
    0xb6, 0xbd, 0xb7, 0xbd, 0xd7, 0xbd, 0xb7, 0xbd, 0xd7, 0xbd, 0xd7, 0xbd,
    0xd8, 0xbd, 0xd7, 0xbd, 0xd7, 0xbd, 0xd7, 0xc5, 0xd7, 0xbd, 0xf8, 0xbd,
    0xd7, 0xbd, 0xb7, 0xb5, 0x96, 0xb5, 0x76, 0xad, 0x76, 0xad, 0x55, 0xa5,
    0x15, 0xa5, 0x35, 0x9d, 0x35, 0xa5, 0x55, 0xa5, 0x56, 0xad, 0x76, 0xad,
    0x97, 0xb5, 0xb7, 0xb5, 0xd7, 0xb5, 0xd8, 0xbd, 0xf8, 0xbd, 0x18, 0xc6,
    0x18, 0xc6, 0x19, 0xc6, 0x19, 0xc6, 0x18, 0xc6, 0x18, 0xc6, 0x19, 0xc6,
    0x18, 0xbe, 0x18, 0xbe, 0x19, 0xc6, 0xf8, 0xbd, 0xf8, 0xbd, 0xd7, 0xb5,
    0xb7, 0xb5, 0x97, 0xb5, 0x96, 0xb5, 0x76, 0xad, 0x56, 0xad, 0x55, 0xad,
    0x14, 0xa5, 0xf4, 0x9c, 0xb3, 0x94, 0x72, 0x8c, 0x31, 0x84, 0xf0, 0x7b,
    0x8e, 0x73, 0x4d, 0x6b, 0x0c, 0x63, 0xcb, 0x5a, 0x6a, 0x4a, 0x08, 0x42,
    0xa7, 0x39, 0x87, 0x31, 0x45, 0x29, 0xe4, 0x18, 0x82, 0x10, 0x62, 0x10,
    0x82, 0x10, 0x82, 0x10, 0x82, 0x10, 0x82, 0x10, 0x82, 0x08, 0x62, 0x10,
    0x62, 0x10, 0x82, 0x08, 0x62, 0x10, 0x61, 0x10, 0x82, 0x10, 0x82, 0x10,
    0x62, 0x08, 0x62, 0x10, 0x81, 0x10, 0x82, 0x08, 0x62, 0x10, 0x61, 0x10,
    0x82, 0x08, 0x62, 0x08, 0x62, 0x10, 0x82, 0x10, 0x61, 0x08, 0x62, 0x10,
    0x62, 0x10, 0x82, 0x10, 0xc3, 0x18, 0xc3, 0x18, 0xe4, 0x18, 0x04, 0x21,
    0x04, 0x21, 0x25, 0x21, 0x45, 0x21, 0x45, 0x29, 0x45, 0x29, 0x46, 0x29,
    0x66, 0x29, 0x65, 0x29, 0x45, 0x29, 0x45, 0x29, 0x46, 0x29, 0x45, 0x29,
    0x45, 0x21, 0x45, 0x21, 0x25, 0x21, 0x25, 0x21, 0x25, 0x29, 0x45, 0x29,
    0x45, 0x29, 0x65, 0x29, 0x66, 0x29, 0x66, 0x29, 0x86, 0x31, 0x86, 0x31,
    0xa7, 0x31, 0xa7, 0x31, 0xa7, 0x31, 0xa7, 0x31, 0x86, 0x31, 0xc7, 0x39,
    0x8b, 0x52, 0x6e, 0x6b, 0xf0, 0x7b, 0x52, 0x8c, 0x93, 0x94, 0xd3, 0x9c,
    0x14, 0xa5, 0x55, 0xad, 0x76, 0xad, 0xb7, 0xb5, 0xd7, 0xbd, 0xd8, 0xbd,
    0xd7, 0xbd, 0xb7, 0xbd, 0xd7, 0xb5, 0xb7, 0xb5, 0xb7, 0xbd, 0xd7, 0xb5,
    0xb7, 0xbd, 0xb7, 0xbd, 0xb7, 0xb5, 0xb7, 0xbd, 0xb7, 0xb5, 0xb7, 0xb5,
    0xb7, 0xb5, 0xb6, 0xb5, 0x97, 0xb5, 0x96, 0xb5, 0x96, 0xb5, 0x97, 0xb5,
    0x0c, 0x5b, 0xab, 0x52, 0x29, 0x42, 0xc8, 0x39, 0x8a, 0x52, 0x2d, 0x63,
    0xaf, 0x73, 0x11, 0x84, 0x72, 0x8c, 0xb3, 0x94, 0xd4, 0x9c, 0x14, 0xa5,
    0x35, 0xa5, 0x55, 0xad, 0x76, 0xad, 0x96, 0xb5, 0xb7, 0xb5, 0xb7, 0xbd,
    0xb7, 0xbd, 0xb7, 0xbd, 0xb7, 0xbd, 0xb6, 0xbd, 0xb6, 0xb5, 0xb7, 0xbd,
    0xb7, 0xbd, 0xb7, 0xbd, 0xd7, 0xbd, 0xb7, 0xbd, 0xd7, 0xbd, 0xd8, 0xbd,
    0xd8, 0xbd, 0xd7, 0xbd, 0xd7, 0xbd, 0xd7, 0xbd, 0xd7, 0xc5, 0xd7, 0xc5,
    0xf7, 0xbd, 0xd7, 0xbd, 0xb7, 0xbd, 0x96, 0xb5, 0x76, 0xad, 0x56, 0xad,
    0x35, 0xa5, 0x35, 0xa5, 0x55, 0xa5, 0x56, 0xa5, 0x76, 0xad, 0x96, 0xb5,
    0x97, 0xb5, 0xb7, 0xb5, 0xd7, 0xbd, 0xf8, 0xbd, 0xf8, 0xc5, 0x18, 0xc6,
    0x39, 0xc6, 0x39, 0xc6, 0x38, 0xc6, 0x38, 0xc6, 0x19, 0xc6, 0x19, 0xc6,
    0x18, 0xc6, 0x18, 0xc6, 0x18, 0xbe, 0xf8, 0xbd, 0xf8, 0xbd, 0xd7, 0xbd,
    0xb7, 0xb5, 0x76, 0xad, 0x76, 0xad, 0x55, 0xad, 0x35, 0xa5, 0x15, 0xa5,
    0xf4, 0x9c, 0xd3, 0x94, 0x72, 0x8c, 0x31, 0x8c, 0xf0, 0x7b, 0xaf, 0x73,
    0x4d, 0x6b, 0x0c, 0x63, 0xcb, 0x52, 0x6a, 0x4a, 0x29, 0x4a, 0xe8, 0x39,
    0x86, 0x31, 0x45, 0x29, 0xe4, 0x20, 0x82, 0x10, 0x62, 0x10, 0x82, 0x10,
    0x82, 0x10, 0x82, 0x08, 0x82, 0x10, 0x62, 0x10, 0x62, 0x10, 0x82, 0x08,
    0x62, 0x10, 0x82, 0x10, 0x82, 0x10, 0x62, 0x08, 0x82, 0x10, 0x82, 0x10,
    0x82, 0x08, 0x62, 0x10, 0x62, 0x08, 0x82, 0x08, 0x82, 0x10, 0x61, 0x10,
    0x62, 0x10, 0x82, 0x10, 0x61, 0x10, 0x82, 0x08, 0x62, 0x10, 0x82, 0x10,
    0xa2, 0x10, 0xc3, 0x18, 0xe4, 0x18, 0x04, 0x19, 0x04, 0x21, 0x25, 0x21,
    0x25, 0x29, 0x45, 0x29, 0x66, 0x29, 0x66, 0x29, 0x66, 0x29, 0x66, 0x29,
    0x66, 0x29, 0x66, 0x29, 0x66, 0x29, 0x65, 0x29, 0x45, 0x29, 0x45, 0x29,
    0x45, 0x29, 0x25, 0x29, 0x25, 0x21, 0x45, 0x29, 0x45, 0x29, 0x45, 0x29,
    0x66, 0x29, 0x66, 0x31, 0x86, 0x31, 0x86, 0x31, 0x86, 0x31, 0xa7, 0x31,
    0xa7, 0x31, 0xa7, 0x39, 0xa6, 0x31, 0x86, 0x31, 0x08, 0x42, 0xec, 0x5a,
    0x8f, 0x73, 0x11, 0x84, 0x72, 0x8c, 0xb3, 0x94, 0xf4, 0x9c, 0x35, 0xa5,
    0x56, 0xad, 0x96, 0xad, 0xb7, 0xb5, 0xb7, 0xbd, 0xb7, 0xbd, 0xb7, 0xb5,
    0xb7, 0xb5, 0x97, 0xb5, 0xb7, 0xb5, 0x97, 0xb5, 0xb7, 0xb5, 0xb7, 0xb5,
    0xb7, 0xb5, 0xb7, 0xb5, 0xb7, 0xbd, 0xb7, 0xb5, 0xb7, 0xb5, 0x97, 0xb5,
    0x96, 0xb5, 0x96, 0xb5, 0x97, 0xb5, 0x97, 0xb5, 0x97, 0xb5, 0x96, 0xb5,
    0xab, 0x52, 0x49, 0x4a, 0xe8, 0x39, 0x6a, 0x4a, 0x2d, 0x63, 0xaf, 0x73,
    0x10, 0x84, 0x31, 0x8c, 0x72, 0x8c, 0xd3, 0x9c, 0xf4, 0xa4, 0x35, 0xa5,
    0x56, 0xad, 0x76, 0xb5, 0x96, 0xb5, 0xb7, 0xb5, 0xb7, 0xb5, 0xb7, 0xbd,
    0xb7, 0xbd, 0xb7, 0xbd, 0xb6, 0xbd, 0xb7, 0xbd, 0xb7, 0xbd, 0xb7, 0xbd,
    0xb7, 0xbd, 0xb7, 0xbd, 0xd7, 0xbd, 0xd7, 0xbd, 0xd7, 0xbd, 0xd7, 0xbd,
    0xb7, 0xbd, 0xd7, 0xb5, 0xb7, 0xbd, 0xd7, 0xbd, 0xd7, 0xbd, 0xd7, 0xc5,
    0xd7, 0xc5, 0xf7, 0xbd, 0xd7, 0xc5, 0xd7, 0xbd, 0xb7, 0xb5, 0x96, 0xb5,
    0x76, 0xad, 0x55, 0xad, 0x56, 0xad, 0x76, 0xad, 0x76, 0xad, 0x97, 0xb5,
    0xb7, 0xb5, 0xd7, 0xbd, 0xf8, 0xbd, 0xf8, 0xbd, 0x18, 0xc6, 0x18, 0xc6,
    0x39, 0xc6, 0x39, 0xc6, 0x39, 0xc6, 0x39, 0xce, 0x39, 0xce, 0x18, 0xc6,
    0x18, 0xc6, 0xf8, 0xbd, 0xf8, 0xbd, 0xf8, 0xbd, 0xd8, 0xbd, 0xb7, 0xb5,
    0x97, 0xb5, 0x96, 0xad, 0x76, 0xad, 0x55, 0xad, 0x35, 0xa5, 0x14, 0xa5,
    0xd3, 0x9c, 0x92, 0x94, 0x51, 0x8c, 0xf0, 0x7b, 0xaf, 0x73, 0x4d, 0x6b,
    0x0c, 0x63, 0xab, 0x52, 0x6a, 0x4a, 0x29, 0x42, 0xe8, 0x39, 0x87, 0x31,
    0x45, 0x29, 0xe3, 0x18, 0x82, 0x10, 0x82, 0x10, 0x82, 0x10, 0x82, 0x08,
    0x62, 0x10, 0x62, 0x10, 0x82, 0x08, 0x82, 0x10, 0x62, 0x08, 0x82, 0x10,
    0x82, 0x10, 0x62, 0x08, 0x62, 0x10, 0x82, 0x10, 0x62, 0x08, 0x61, 0x10,
    0x62, 0x08, 0x82, 0x10, 0x82, 0x10, 0x62, 0x10, 0x62, 0x10, 0x62, 0x08,
    0x62, 0x08, 0x61, 0x10, 0x62, 0x08, 0x62, 0x08, 0x82, 0x10, 0xa3, 0x10,
    0xc3, 0x18, 0xe4, 0x18, 0x04, 0x21, 0x24, 0x21, 0x25, 0x21, 0x45, 0x29,
    0x45, 0x29, 0x66, 0x29, 0x66, 0x29, 0x66, 0x31, 0x86, 0x31, 0x86, 0x29,
    0x86, 0x31, 0x66, 0x31, 0x66, 0x29, 0x66, 0x29, 0x45, 0x29, 0x45, 0x29,
    0x45, 0x29, 0x45, 0x29, 0x45, 0x29, 0x66, 0x29, 0x66, 0x29, 0x66, 0x29,
    0x66, 0x31, 0x86, 0x31, 0x87, 0x31, 0xa7, 0x31, 0xa7, 0x31, 0xa7, 0x39,
    0xa7, 0x39, 0x86, 0x31, 0xa7, 0x31, 0x49, 0x4a, 0x2d, 0x63, 0xd0, 0x7b,
    0x31, 0x8c, 0x92, 0x94, 0xd3, 0x94, 0xf4, 0xa4, 0x35, 0xa5, 0x56, 0xad,
    0x76, 0xb5, 0x97, 0xb5, 0xb7, 0xb5, 0x96, 0xb5, 0x96, 0xb5, 0x96, 0xb5,
    0x76, 0xad, 0x76, 0xad, 0x76, 0xb5, 0x96, 0xb5, 0x96, 0xb5, 0x97, 0xb5,
    0x97, 0xb5, 0xb7, 0xb5, 0xb7, 0xb5, 0xb7, 0xb5, 0x96, 0xb5, 0x96, 0xb5,
    0x97, 0xb5, 0x97, 0xb5, 0x96, 0xb5, 0x96, 0xb5, 0x96, 0xad, 0x96, 0xb5,
    0x49, 0x4a, 0xe8, 0x39, 0x49, 0x4a, 0x0c, 0x63, 0x8f, 0x73, 0xf0, 0x7b,
    0x52, 0x8c, 0x72, 0x8c, 0x72, 0x8c, 0xb3, 0x9c, 0x14, 0xa5, 0x56, 0xad,
    0x76, 0xad, 0x96, 0xb5, 0x96, 0xb5, 0xb7, 0xbd, 0xb7, 0xbd, 0xb7, 0xbd,
    0xb6, 0xbd, 0xb7, 0xb5, 0xb7, 0xbd, 0xb7, 0xbd, 0xb7, 0xbd, 0xb7, 0xbd,
    0xb7, 0xbd, 0xd7, 0xbd, 0xd7, 0xbd, 0xb7, 0xbd, 0xd7, 0xbd, 0xd7, 0xbd,
    0xb7, 0xbd, 0xd7, 0xbd, 0xb7, 0xbd, 0xb7, 0xbd, 0xd7, 0xbd, 0xd7, 0xbd,
    0xd7, 0xbd, 0xf7, 0xc5, 0xd7, 0xc5, 0xd7, 0xc5, 0xf8, 0xbd, 0xf8, 0xbd,
    0xb7, 0xb5, 0x97, 0xb5, 0x76, 0xad, 0x96, 0xb5, 0x97, 0xb5, 0xb7, 0xb5,
    0xd7, 0xbd, 0xd8, 0xbd, 0xf8, 0xbd, 0xf8, 0xbd, 0x18, 0xc6, 0x19, 0xc6,
    0x19, 0xc6, 0x39, 0xc6, 0x39, 0xce, 0x39, 0xc6, 0x39, 0xc6, 0x39, 0xc6,
    0x39, 0xc6, 0x18, 0xc6, 0xf8, 0xbd, 0xd8, 0xbd, 0xd7, 0xb5, 0xb7, 0xb5,
    0x96, 0xb5, 0x76, 0xad, 0x56, 0xad, 0x35, 0xa5, 0x15, 0xa5, 0xf4, 0x9c,
    0x93, 0x94, 0x51, 0x8c, 0x11, 0x84, 0xaf, 0x73, 0x6e, 0x6b, 0x0c, 0x63,
    0xab, 0x5a, 0x6a, 0x4a, 0x29, 0x4a, 0xe8, 0x39, 0x86, 0x31, 0x45, 0x29,
    0xe4, 0x18, 0x82, 0x10, 0x82, 0x10, 0x82, 0x10, 0x82, 0x08, 0x82, 0x10,
    0x62, 0x10, 0x62, 0x10, 0x82, 0x10, 0x82, 0x10, 0x62, 0x10, 0x82, 0x10,
    0x62, 0x10, 0x62, 0x08, 0x81, 0x08, 0x62, 0x10, 0x82, 0x10, 0x82, 0x10,
    0x62, 0x10, 0x62, 0x10, 0x81, 0x08, 0x62, 0x10, 0x82, 0x10, 0x82, 0x08,
    0x62, 0x10, 0x62, 0x08, 0x62, 0x10, 0x82, 0x10, 0xc3, 0x18, 0xe3, 0x18,
    0xe4, 0x20, 0x04, 0x21, 0x25, 0x21, 0x45, 0x29, 0x45, 0x29, 0x66, 0x29,
    0x86, 0x29, 0x86, 0x31, 0x86, 0x31, 0x86, 0x31, 0x86, 0x31, 0x86, 0x31,
    0x86, 0x29, 0x66, 0x29, 0x66, 0x29, 0x66, 0x29, 0x65, 0x29, 0x45, 0x29,
    0x66, 0x29, 0x66, 0x29, 0x66, 0x29, 0x66, 0x31, 0x86, 0x31, 0x86, 0x31,
    0x86, 0x31, 0xa7, 0x31, 0xa7, 0x31, 0xc7, 0x39, 0xc7, 0x31, 0xa7, 0x31,
    0xa6, 0x31, 0xc7, 0x39, 0xab, 0x52, 0x6e, 0x6b, 0xf0, 0x83, 0x52, 0x8c,
    0xb3, 0x94, 0xd3, 0x9c, 0x14, 0xa5, 0x35, 0xa5, 0x56, 0xad, 0x96, 0xb5,
    0x96, 0xb5, 0x96, 0xb5, 0x76, 0xad, 0x76, 0xad, 0x76, 0xad, 0x55, 0xad,
    0x55, 0xad, 0x55, 0xad, 0x35, 0xa5, 0x35, 0xa5, 0x55, 0xad, 0x76, 0xad,
    0x96, 0xb5, 0x97, 0xb5, 0x97, 0xb5, 0x96, 0xb5, 0x96, 0xb5, 0x97, 0xb5,
    0x96, 0xb5, 0x96, 0xb5, 0x96, 0xb5, 0x96, 0xb5, 0x97, 0xb5, 0x96, 0xb5,
    0xe8, 0x39, 0x29, 0x42, 0xec, 0x5a, 0x8e, 0x73, 0xf0, 0x7b, 0x51, 0x8c,
    0x92, 0x94, 0x93, 0x94, 0xb3, 0x94, 0xf4, 0x9c, 0x14, 0xa5, 0x35, 0xad,
    0x76, 0xad, 0x97, 0xb5, 0xb7, 0xbd, 0xb7, 0xbd, 0xb7, 0xbd, 0xb7, 0xbd,
    0xb7, 0xb5, 0xb6, 0xbd, 0xb6, 0xbd, 0xb6, 0xb5, 0xb6, 0xbd, 0xb7, 0xbd,
    0xd7, 0xbd, 0xd7, 0xbd, 0xd7, 0xbd, 0xd7, 0xbd, 0xd8, 0xbd, 0xd7, 0xbd,
    0xb7, 0xbd, 0xd7, 0xbd, 0xb7, 0xbd, 0xb7, 0xbd, 0xb7, 0xbd, 0xb6, 0xbd,
    0xd7, 0xbd, 0xd7, 0xbd, 0xd7, 0xbd, 0xf7, 0xc5, 0xf8, 0xc5, 0xf8, 0xbd,
    0xf8, 0xbd, 0xf8, 0xbd, 0xb7, 0xb5, 0xb7, 0xb5, 0xb7, 0xb5, 0xd7, 0xbd,
    0xd8, 0xbd, 0xf8, 0xbd, 0xf8, 0xbd, 0x18, 0xc6, 0x19, 0xc6, 0x39, 0xc6,
    0x39, 0xc6, 0x18, 0xc6, 0x39, 0xc6, 0x18, 0xc6, 0x39, 0xc6, 0x19, 0xc6,
    0x18, 0xc6, 0x18, 0xc6, 0xf8, 0xbd, 0xd8, 0xbd, 0xb7, 0xb5, 0x97, 0xb5,
    0x96, 0xad, 0x76, 0xad, 0x55, 0xad, 0x15, 0xa5, 0xf4, 0x9c, 0xb3, 0x94,
    0x72, 0x8c, 0x10, 0x84, 0xcf, 0x7b, 0x6e, 0x6b, 0x2d, 0x63, 0xcb, 0x5a,
    0x6a, 0x4a, 0x29, 0x42, 0xe8, 0x39, 0x86, 0x31, 0x45, 0x29, 0xc3, 0x18,
    0x82, 0x10, 0x82, 0x10, 0x62, 0x10, 0x82, 0x08, 0x82, 0x10, 0x62, 0x10,
    0x82, 0x10, 0x82, 0x08, 0x82, 0x10, 0x82, 0x10, 0x62, 0x08, 0x62, 0x10,
    0x82, 0x10, 0x82, 0x10, 0x82, 0x10, 0x82, 0x10, 0x62, 0x08, 0x62, 0x08,
    0x82, 0x08, 0x82, 0x10, 0x62, 0x08, 0x82, 0x08, 0x62, 0x10, 0x61, 0x10,
    0x62, 0x10, 0x82, 0x10, 0xa2, 0x10, 0xc3, 0x18, 0xe4, 0x18, 0x04, 0x21,
    0x25, 0x21, 0x45, 0x21, 0x45, 0x29, 0x66, 0x29, 0x66, 0x29, 0x86, 0x31,
    0x87, 0x31, 0xa7, 0x31, 0xa7, 0x31, 0xa6, 0x31, 0x87, 0x31, 0x87, 0x31,
    0x86, 0x31, 0x66, 0x29, 0x66, 0x29, 0x66, 0x31, 0x66, 0x29, 0x66, 0x29,
    0x66, 0x29, 0x66, 0x29, 0x66, 0x29, 0x86, 0x31, 0x86, 0x31, 0xa7, 0x31,
    0xa7, 0x31, 0xa7, 0x31, 0xa7, 0x39, 0xc7, 0x39, 0xa7, 0x31, 0x87, 0x31,
    0x08, 0x42, 0xec, 0x5a, 0x8f, 0x73, 0x11, 0x84, 0x72, 0x8c, 0xb3, 0x94,
    0xf4, 0x9c, 0x14, 0xa5, 0x35, 0xad, 0x76, 0xad, 0x76, 0xad, 0x96, 0xb5,
    0x76, 0xad, 0x76, 0xad, 0x55, 0xad, 0x35, 0xa5, 0x35, 0xa5, 0x14, 0xa5,
    0x14, 0xa5, 0xf4, 0x9c, 0xd4, 0x9c, 0xd3, 0x9c, 0xf4, 0x9c, 0x15, 0xa5,
    0x55, 0xad, 0x96, 0xb5, 0x97, 0xb5, 0x97, 0xb5, 0x97, 0xb5, 0x97, 0xb5,
    0x96, 0xb5, 0x96, 0xb5, 0x97, 0xb5, 0x97, 0xb5, 0x97, 0xb5, 0x76, 0xad,
    0x09, 0x42, 0xcc, 0x5a, 0x6e, 0x6b, 0xf0, 0x7b, 0x31, 0x8c, 0x92, 0x94,
    0xb3, 0x94, 0xd4, 0x9c, 0xf4, 0x9c, 0xf4, 0x9c, 0x35, 0xa5, 0x55, 0xad,
    0x76, 0xad, 0x96, 0xb5, 0xb7, 0xb5, 0xb7, 0xbd, 0xb7, 0xbd, 0xb7, 0xb5,
    0xb7, 0xbd, 0xb7, 0xbd, 0xb7, 0xbd, 0xb7, 0xbd, 0xb7, 0xbd, 0xb7, 0xbd,
    0xb7, 0xbd, 0xb7, 0xbd, 0xd7, 0xbd, 0xd7, 0xbd, 0xd7, 0xbd, 0xd8, 0xbd,
    0xd7, 0xbd, 0xb7, 0xb5, 0xb7, 0xb5, 0xb7, 0xbd, 0xb6, 0xbd, 0xb7, 0xbd,
    0xd7, 0xbd, 0xb7, 0xbd, 0xd6, 0xbd, 0xd7, 0xbd, 0xf7, 0xc5, 0xf8, 0xbd,
    0x18, 0xc6, 0x18, 0xc6, 0x18, 0xbe, 0xf8, 0xbd, 0xf8, 0xbd, 0xf8, 0xbd,
    0xf8, 0xbd, 0x18, 0xc6, 0x18, 0xc6, 0x39, 0xc6, 0x19, 0xc6, 0x38, 0xc6,
    0x39, 0xc6, 0x19, 0xc6, 0x38, 0xc6, 0x19, 0xc6, 0x19, 0xc6, 0x18, 0xc6,
    0xf8, 0xc5, 0xf8, 0xc5, 0xf8, 0xbd, 0xd7, 0xbd, 0xb7, 0xb5, 0x96, 0xb5,
    0x76, 0xad, 0x55, 0xad, 0x35, 0xa5, 0x14, 0x9d, 0xb3, 0x94, 0x92, 0x8c,
    0x31, 0x84, 0xd0, 0x7b, 0x6e, 0x6b, 0x2d, 0x63, 0xcb, 0x5a, 0x6a, 0x4a,
    0x29, 0x42, 0xe8, 0x39, 0x86, 0x31, 0x45, 0x29, 0xc3, 0x18, 0x82, 0x10,
    0x62, 0x10, 0x82, 0x10, 0x82, 0x10, 0x62, 0x10, 0x82, 0x10, 0x82, 0x10,
    0x82, 0x08, 0x82, 0x10, 0x82, 0x08, 0x62, 0x10, 0x62, 0x10, 0x82, 0x08,
    0x82, 0x10, 0x62, 0x08, 0x62, 0x10, 0x62, 0x10, 0x61, 0x10, 0x82, 0x08,
    0x82, 0x10, 0x61, 0x10, 0x82, 0x10, 0x62, 0x10, 0x62, 0x08, 0x62, 0x08,
    0x82, 0x10, 0xa2, 0x10, 0xc3, 0x18, 0x04, 0x19, 0x04, 0x21, 0x25, 0x29,
    0x45, 0x29, 0x66, 0x29, 0x66, 0x29, 0x86, 0x31, 0x86, 0x31, 0xa7, 0x31,
    0xa7, 0x31, 0xa7, 0x31, 0xa7, 0x31, 0xa7, 0x31, 0xa6, 0x31, 0x86, 0x31,
    0x86, 0x31, 0x86, 0x29, 0x66, 0x29, 0x66, 0x29, 0x66, 0x29, 0x86, 0x31,
    0x86, 0x31, 0x86, 0x31, 0x86, 0x31, 0x86, 0x31, 0xa7, 0x31, 0xa7, 0x31,
    0xa7, 0x31, 0xc7, 0x39, 0xc7, 0x39, 0xa7, 0x31, 0xa7, 0x39, 0x6a, 0x4a,
    0x2d, 0x63, 0xcf, 0x7b, 0x31, 0x84, 0x92, 0x94, 0xd3, 0x94, 0xf4, 0x9c,
    0x35, 0xa5, 0x55, 0xad, 0x76, 0xad, 0x96, 0xb5, 0x96, 0xb5, 0x76, 0xad,
    0x55, 0xad, 0x35, 0xa5, 0x14, 0xa5, 0xf4, 0x9c, 0xd4, 0x9c, 0xd3, 0x9c,
    0xb3, 0x94, 0x93, 0x94, 0x92, 0x94, 0x72, 0x8c, 0x72, 0x8c, 0x92, 0x94,
    0xf4, 0x9c, 0x55, 0xad, 0x76, 0xad, 0x96, 0xb5, 0x96, 0xb5, 0x96, 0xb5,
    0x97, 0xb5, 0x97, 0xb5, 0x96, 0xad, 0x76, 0xb5, 0x96, 0xb5, 0x96, 0xb5,
    0xcb, 0x5a, 0x4e, 0x6b, 0xd0, 0x7b, 0x31, 0x84, 0x92, 0x94, 0xb3, 0x94,
    0xd4, 0x9c, 0x14, 0xa5, 0x35, 0xa5, 0x35, 0xa5, 0x35, 0xa5, 0x55, 0xad,
    0x76, 0xb5, 0x97, 0xb5, 0x96, 0xb5, 0x96, 0xb5, 0xb7, 0xb5, 0xb7, 0xbd,
    0xb6, 0xbd, 0x96, 0xb5, 0x97, 0xbd, 0xb7, 0xbd, 0xb7, 0xbd, 0xb7, 0xbd,
    0xd7, 0xbd, 0xd7, 0xbd, 0xd7, 0xbd, 0xd7, 0xbd, 0xd8, 0xbd, 0xd7, 0xbd,
    0xd7, 0xbd, 0xd7, 0xbd, 0xb7, 0xb5, 0x96, 0xb5, 0x96, 0xbd, 0xb6, 0xbd,
    0xb7, 0xbd, 0xb7, 0xbd, 0xb7, 0xbd, 0xd7, 0xbd, 0xd7, 0xbd, 0xf8, 0xc5,
    0x18, 0xc6, 0xf8, 0xc5, 0x18, 0xc6, 0x19, 0xc6, 0x18, 0xc6, 0x18, 0xc6,
    0x19, 0xc6, 0x18, 0xc6, 0x39, 0xc6, 0x39, 0xc6, 0x38, 0xc6, 0x19, 0xc6,
    0x18, 0xc6, 0x39, 0xc6, 0x19, 0xc6, 0x18, 0xc6, 0x18, 0xc6, 0x18, 0xc6,
    0xf8, 0xbd, 0xf8, 0xbd, 0xd7, 0xbd, 0xb7, 0xb5, 0x97, 0xb5, 0x96, 0xb5,
    0x76, 0xad, 0x35, 0xa5, 0x14, 0xa5, 0xd3, 0x94, 0x92, 0x94, 0x31, 0x8c,
    0xf0, 0x7b, 0x8f, 0x73, 0x2d, 0x63, 0xcb, 0x5a, 0x6a, 0x4a, 0x29, 0x42,
    0xe8, 0x39, 0x86, 0x31, 0x25, 0x29, 0xc3, 0x18, 0x82, 0x10, 0x82, 0x08,
    0x82, 0x10, 0x82, 0x10, 0x82, 0x08, 0x82, 0x10, 0x82, 0x10, 0x62, 0x08,
    0x82, 0x10, 0x82, 0x10, 0x62, 0x10, 0x82, 0x08, 0x82, 0x10, 0x82, 0x10,
    0x62, 0x10, 0x62, 0x10, 0x82, 0x10, 0x62, 0x08, 0x82, 0x10, 0x82, 0x10,
    0x62, 0x10, 0x62, 0x10, 0x82, 0x08, 0x61, 0x10, 0x62, 0x10, 0x82, 0x10,
    0xa3, 0x10, 0xe3, 0x18, 0x04, 0x21, 0x25, 0x21, 0x45, 0x29, 0x45, 0x29,
    0x66, 0x29, 0x86, 0x31, 0x87, 0x31, 0xa7, 0x31, 0xa7, 0x31, 0xc7, 0x39,
    0xc7, 0x31, 0xc7, 0x39, 0xa7, 0x31, 0xa7, 0x31, 0x87, 0x31, 0x86, 0x31,
    0x86, 0x31, 0x86, 0x31, 0x66, 0x31, 0x86, 0x31, 0x86, 0x31, 0x86, 0x31,
    0x86, 0x31, 0x87, 0x31, 0xa7, 0x31, 0xa7, 0x31, 0xa7, 0x39, 0xc7, 0x39,
    0xc7, 0x39, 0xc7, 0x39, 0xa7, 0x31, 0xe8, 0x39, 0xab, 0x52, 0x6e, 0x73,
    0xf0, 0x7b, 0x52, 0x8c, 0x92, 0x94, 0xd3, 0x9c, 0x14, 0xa5, 0x35, 0xa5,
    0x56, 0xad, 0x76, 0xad, 0x96, 0xb5, 0x96, 0xb5, 0x76, 0xad, 0x55, 0xad,
    0x15, 0xa5, 0xf4, 0x9c, 0xd3, 0x9c, 0xb3, 0x94, 0x92, 0x94, 0x72, 0x8c,
    0x52, 0x8c, 0x51, 0x8c, 0x31, 0x84, 0x10, 0x84, 0xd0, 0x7b, 0xf0, 0x7b,
    0x51, 0x8c, 0xd4, 0x9c, 0x55, 0xa5, 0x76, 0xb5, 0x96, 0xb5, 0x97, 0xb5,
    0x76, 0xb5, 0x96, 0xb5, 0x96, 0xb5, 0x96, 0xb5, 0x97, 0xb5, 0x97, 0xad,
    0x4d, 0x6b, 0xaf, 0x73, 0x31, 0x84, 0x72, 0x8c, 0xb3, 0x94, 0xd4, 0x9c,
    0x14, 0xa5, 0x35, 0xa5, 0x55, 0xad, 0x56, 0xad, 0x76, 0xad, 0x76, 0xad,
    0x76, 0xad, 0x76, 0xb5, 0x76, 0xb5, 0x96, 0xb5, 0x96, 0xb5, 0x96, 0xb5,
    0xb7, 0xbd, 0xb7, 0xb5, 0x96, 0xb5, 0xb6, 0xb5, 0xb7, 0xbd, 0xb7, 0xbd,
    0xd7, 0xbd, 0xd7, 0xbd, 0xd7, 0xbd, 0xd8, 0xbd, 0xd8, 0xbd, 0xf7, 0xbd,
    0xf8, 0xbd, 0xd8, 0xbd, 0xd7, 0xbd, 0x97, 0xb5, 0x96, 0xb5, 0x96, 0xb5,
    0x96, 0xbd, 0xb6, 0xbd, 0xd7, 0xbd, 0xd7, 0xbd, 0xd7, 0xc5, 0xf8, 0xc5,
    0x18, 0xbe, 0x18, 0xbe, 0x18, 0xc6, 0x18, 0xc6, 0x19, 0xc6, 0x19, 0xc6,
    0x19, 0xc6, 0x19, 0xc6, 0x19, 0xc6, 0x19, 0xc6, 0x39, 0xc6, 0x38, 0xc6,
    0x39, 0xc6, 0x19, 0xc6, 0x18, 0xc6, 0x18, 0xc6, 0x18, 0xc6, 0xf8, 0xbd,
    0xd8, 0xbd, 0xd7, 0xbd, 0xb7, 0xb5, 0x97, 0xb5, 0x96, 0xb5, 0x76, 0xad,
    0x35, 0xa5, 0x14, 0xa5, 0xd4, 0x9c, 0x92, 0x94, 0x31, 0x84, 0xf0, 0x7b,
    0xaf, 0x73, 0x4d, 0x6b, 0xec, 0x5a, 0x8a, 0x52, 0x49, 0x4a, 0xe8, 0x39,
    0x86, 0x31, 0x25, 0x29, 0xa3, 0x10, 0x82, 0x10, 0x82, 0x10, 0x82, 0x10,
    0x82, 0x10, 0x62, 0x10, 0x82, 0x08, 0x82, 0x10, 0x62, 0x10, 0x82, 0x10,
    0x82, 0x10, 0x62, 0x10, 0x82, 0x10, 0x82, 0x10, 0x62, 0x10, 0x62, 0x10,
    0x62, 0x08, 0x82, 0x10, 0x81, 0x08, 0x82, 0x08, 0x62, 0x10, 0x82, 0x08,
    0x62, 0x10, 0x62, 0x08, 0x62, 0x08, 0x82, 0x10, 0x82, 0x10, 0xc3, 0x18,
    0xe4, 0x18, 0x04, 0x21, 0x25, 0x29, 0x45, 0x29, 0x66, 0x29, 0x66, 0x29,
    0x86, 0x31, 0xa7, 0x31, 0xc7, 0x31, 0xc7, 0x39, 0xc7, 0x39, 0xc7, 0x39,
    0xc7, 0x39, 0xa7, 0x31, 0xa7, 0x31, 0xa7, 0x31, 0xa6, 0x31, 0xa6, 0x31,
    0x86, 0x31, 0x87, 0x31, 0xa7, 0x31, 0xa6, 0x31, 0xa7, 0x31, 0xa7, 0x31,
    0xa7, 0x31, 0xa7, 0x31, 0xc7, 0x31, 0xc7, 0x39, 0xc8, 0x39, 0xc7, 0x39,
    0xc7, 0x31, 0xa7, 0x31, 0x29, 0x42, 0xec, 0x62, 0xaf, 0x73, 0x31, 0x84,
    0x72, 0x8c, 0xb3, 0x94, 0xd4, 0x9c, 0x15, 0xa5, 0x55, 0xad, 0x76, 0xad,
    0x96, 0xb5, 0x96, 0xb5, 0x96, 0xb5, 0x76, 0xad, 0x35, 0xa5, 0x35, 0xa5,
    0xf4, 0x9c, 0xb3, 0x94, 0x92, 0x94, 0x72, 0x8c, 0x51, 0x8c, 0x10, 0x84,
    0x10, 0x7c, 0xf0, 0x7b, 0xcf, 0x7b, 0xaf, 0x73, 0x6e, 0x6b, 0x4d, 0x6b,
    0x6e, 0x6b, 0xf0, 0x83, 0xd3, 0x9c, 0x56, 0xad, 0x96, 0xad, 0x96, 0xb5,
    0x96, 0xb5, 0x96, 0xb5, 0x97, 0xb5, 0x97, 0xb5, 0x96, 0xb5, 0x97, 0xb5,
    0xaf, 0x73, 0x11, 0x84, 0x72, 0x8c, 0xb3, 0x94, 0xd4, 0x9c, 0x14, 0xa5,
    0x35, 0xa5, 0x35, 0xad, 0x55, 0xad, 0x76, 0xad, 0x96, 0xb5, 0x97, 0xb5,
    0x96, 0xb5, 0x76, 0xad, 0x76, 0xad, 0x56, 0xad, 0x76, 0xb5, 0x96, 0xb5,
    0xb7, 0xbd, 0xb7, 0xbd, 0x96, 0xbd, 0x97, 0xbd, 0xb7, 0xb5, 0xb6, 0xb5,
    0xb7, 0xbd, 0xd7, 0xbd, 0xd7, 0xbd, 0xd7, 0xbd, 0xf8, 0xbd, 0xf8, 0xbd,
    0xf8, 0xbd, 0xd7, 0xbd, 0xd7, 0xbd, 0xd7, 0xbd, 0xb7, 0xb5, 0x97, 0xb5,
    0x96, 0xb5, 0x96, 0xb5, 0xb6, 0xbd, 0xd7, 0xbd, 0xd7, 0xc5, 0xf8, 0xc5,
    0x18, 0xbe, 0x18, 0xc6, 0x19, 0xc6, 0x19, 0xc6, 0x18, 0xbe, 0x18, 0xc6,
    0x18, 0xc6, 0x18, 0xc6, 0x19, 0xc6, 0x19, 0xc6, 0x18, 0xc6, 0x19, 0xc6,
    0x19, 0xc6, 0x18, 0xc6, 0x18, 0xc6, 0xf8, 0xbd, 0xf8, 0xbd, 0xd8, 0xbd,
    0xd7, 0xbd, 0xb7, 0xb5, 0x96, 0xb5, 0x96, 0xb5, 0x76, 0xad, 0x35, 0xa5,
    0x14, 0xa5, 0xd4, 0x9c, 0x93, 0x94, 0x51, 0x8c, 0x10, 0x7c, 0xaf, 0x73,
    0x4e, 0x6b, 0xec, 0x5a, 0x8b, 0x52, 0x49, 0x4a, 0xe8, 0x39, 0xa7, 0x31,
    0x25, 0x29, 0xa3, 0x10, 0x62, 0x10, 0x82, 0x10, 0x82, 0x10, 0x62, 0x10,
    0x62, 0x10, 0x82, 0x10, 0x82, 0x10, 0x62, 0x10, 0x82, 0x08, 0x82, 0x08,
    0x82, 0x10, 0x82, 0x10, 0x82, 0x08, 0x62, 0x10, 0x62, 0x10, 0x82, 0x08,
    0x82, 0x10, 0x62, 0x10, 0x82, 0x10, 0x62, 0x10, 0x82, 0x10, 0x61, 0x10,
    0x62, 0x08, 0x62, 0x10, 0x82, 0x10, 0x82, 0x10, 0xc3, 0x18, 0x04, 0x21,
    0x25, 0x21, 0x45, 0x29, 0x46, 0x29, 0x66, 0x29, 0x86, 0x31, 0xa7, 0x31,
    0xa7, 0x39, 0xc7, 0x39, 0xe8, 0x39, 0xe8, 0x39, 0xc7, 0x39, 0xe7, 0x39,
    0xc8, 0x39, 0xc7, 0x31, 0xc7, 0x39, 0xa7, 0x31, 0xa7, 0x31, 0xa7, 0x31,
    0xa7, 0x31, 0xa7, 0x31, 0xa7, 0x31, 0xa7, 0x31, 0xa7, 0x31, 0xa7, 0x39,
    0xa7, 0x39, 0xc7, 0x39, 0xc7, 0x39, 0xc7, 0x39, 0xc8, 0x39, 0xa7, 0x39,
    0xc7, 0x39, 0x6a, 0x4a, 0x2d, 0x6b, 0xd0, 0x7b, 0x51, 0x8c, 0x92, 0x94,
    0xd3, 0x94, 0xf4, 0x9c, 0x35, 0xa5, 0x55, 0xad, 0x76, 0xad, 0x97, 0xb5,
    0x96, 0xb5, 0x76, 0xad, 0x56, 0xad, 0x35, 0xa5, 0x14, 0xa5, 0xf4, 0x9c,
    0xd3, 0x9c, 0x92, 0x94, 0x72, 0x8c, 0x31, 0x84, 0x10, 0x84, 0xf0, 0x7b,
    0xaf, 0x73, 0x8e, 0x73, 0x6e, 0x6b, 0x4d, 0x6b, 0x2d, 0x63, 0x0c, 0x63,
    0xec, 0x62, 0x0c, 0x63, 0xf0, 0x7b, 0xd4, 0x9c, 0x56, 0xad, 0x96, 0xb5,
    0x97, 0xb5, 0x97, 0xb5, 0x97, 0xb5, 0x97, 0xb5, 0x96, 0xb5, 0x96, 0xb5,
    0x10, 0x84, 0x52, 0x8c, 0x93, 0x94, 0xd3, 0x9c, 0xf4, 0x9c, 0x35, 0xa5,
    0x55, 0xad, 0x56, 0xad, 0x76, 0xad, 0x76, 0xad, 0x76, 0xb5, 0x96, 0xb5,
    0x96, 0xb5, 0x97, 0xb5, 0x96, 0xb5, 0x76, 0xad, 0x76, 0xad, 0x96, 0xb5,
    0xb7, 0xbd, 0xb7, 0xb5, 0xb6, 0xb5, 0xb7, 0xbd, 0xb7, 0xbd, 0xb7, 0xbd,
    0xb7, 0xbd, 0xb7, 0xbd, 0xb7, 0xbd, 0xd7, 0xbd, 0xd7, 0xbd, 0xd8, 0xbd,
    0xf8, 0xbd, 0xd7, 0xbd, 0xd8, 0xbd, 0xd7, 0xbd, 0xd7, 0xbd, 0xb7, 0xb5,
    0xb7, 0xb5, 0x97, 0xb5, 0x96, 0xb5, 0xb7, 0xbd, 0xd7, 0xbd, 0xf7, 0xc5,
    0x18, 0xc6, 0x18, 0xc6, 0x19, 0xc6, 0x19, 0xc6, 0x18, 0xc6, 0x18, 0xc6,
    0x19, 0xbe, 0x18, 0xbe, 0xf8, 0xc5, 0x18, 0xc6, 0x18, 0xc6, 0x19, 0xc6,
    0x18, 0xc6, 0x18, 0xc6, 0x18, 0xc6, 0xf8, 0xbd, 0xd7, 0xbd, 0xb7, 0xbd,
    0xb7, 0xb5, 0x96, 0xb5, 0x96, 0xb5, 0x76, 0xad, 0x35, 0xa5, 0x14, 0xa5,
    0xf4, 0x9c, 0xb3, 0x94, 0x52, 0x8c, 0x10, 0x7c, 0xaf, 0x73, 0x4e, 0x6b,
    0xec, 0x5a, 0xaa, 0x52, 0x69, 0x4a, 0xe8, 0x39, 0x87, 0x31, 0x25, 0x21,
    0xa3, 0x10, 0x62, 0x10, 0x82, 0x10, 0x82, 0x10, 0x82, 0x08, 0x82, 0x10,
    0x82, 0x10, 0x82, 0x10, 0x82, 0x10, 0x82, 0x10, 0x82, 0x10, 0x82, 0x10,
    0x62, 0x08, 0x82, 0x10, 0x62, 0x10, 0x62, 0x08, 0x82, 0x10, 0x82, 0x10,
    0x62, 0x10, 0x82, 0x08, 0x62, 0x10, 0x62, 0x10, 0x82, 0x08, 0x61, 0x08,
    0x62, 0x10, 0x82, 0x10, 0xa2, 0x10, 0xe3, 0x18, 0x04, 0x21, 0x25, 0x21,
    0x45, 0x29, 0x66, 0x29, 0x86, 0x31, 0xa6, 0x31, 0xa7, 0x31, 0xc7, 0x39,
    0xe8, 0x39, 0xe8, 0x39, 0xe8, 0x39, 0xe8, 0x39, 0xe8, 0x39, 0xc7, 0x39,
    0xc8, 0x39, 0xc7, 0x39, 0xa7, 0x31, 0xa7, 0x31, 0xa7, 0x31, 0xa7, 0x31,
    0xa7, 0x39, 0xc7, 0x39, 0xc7, 0x39, 0xc7, 0x39, 0xc7, 0x39, 0xc7, 0x39,
    0xc7, 0x39, 0xc8, 0x39, 0xc7, 0x39, 0xc7, 0x39, 0xa7, 0x31, 0xe8, 0x39,
    0xab, 0x5a, 0x6e, 0x6b, 0x11, 0x84, 0x72, 0x8c, 0x93, 0x94, 0xd3, 0x9c,
    0x14, 0xa5, 0x35, 0xa5, 0x56, 0xad, 0x96, 0xb5, 0x96, 0xb5, 0x96, 0xb5,
    0x76, 0xad, 0x55, 0xad, 0x35, 0xa5, 0x14, 0xa5, 0xf4, 0x9c, 0xb3, 0x94,
    0x92, 0x94, 0x72, 0x8c, 0x31, 0x84, 0x10, 0x84, 0xef, 0x7b, 0xaf, 0x73,
    0x8e, 0x73, 0x6e, 0x6b, 0x4d, 0x6b, 0x2d, 0x63, 0x0c, 0x63, 0xec, 0x5a,
    0xec, 0x5a, 0xec, 0x5a, 0x0c, 0x63, 0xf0, 0x83, 0x14, 0xa5, 0x76, 0xad,
    0x97, 0xb5, 0x96, 0xb5, 0x96, 0xb5, 0x96, 0xb5, 0x97, 0xb5, 0x96, 0xb5,
    0x51, 0x8c, 0x92, 0x94, 0xd3, 0x9c, 0xf4, 0x9c, 0x35, 0xa5, 0x55, 0xad,
    0x56, 0xad, 0x76, 0xad, 0x96, 0xb5, 0x96, 0xb5, 0x76, 0xad, 0x56, 0xad,
    0x76, 0xad, 0x96, 0xb5, 0x96, 0xb5, 0x97, 0xb5, 0x96, 0xb5, 0x96, 0xb5,
    0x96, 0xb5, 0xb7, 0xbd, 0xb7, 0xb5, 0xb7, 0xb5, 0xb7, 0xbd, 0xb7, 0xbd,
    0xb7, 0xbd, 0xb7, 0xbd, 0xb7, 0xbd, 0xd7, 0xb5, 0xd7, 0xbd, 0xd7, 0xbd,
    0xf8, 0xbd, 0xd7, 0xbd, 0xd8, 0xbd, 0xd7, 0xbd, 0xd7, 0xbd, 0xd7, 0xbd,
    0xb7, 0xb5, 0xd7, 0xbd, 0xb7, 0xb5, 0xb7, 0xb5, 0xd7, 0xbd, 0xf8, 0xc5,
    0x18, 0xc6, 0x19, 0xc6, 0x18, 0xc6, 0x18, 0xc6, 0x39, 0xc6, 0x19, 0xc6,
    0x18, 0xbe, 0x19, 0xbe, 0x18, 0xc6, 0x18, 0xbe, 0xf8, 0xbd, 0xf8, 0xbd,
    0xf8, 0xbd, 0xf8, 0xbd, 0xf8, 0xbd, 0xd8, 0xbd, 0xd7, 0xbd, 0xb7, 0xb5,
    0x97, 0xb5, 0x96, 0xb5, 0x56, 0xad, 0x35, 0xa5, 0x14, 0xa5, 0xf4, 0x9c,
    0x93, 0x94, 0x52, 0x8c, 0x10, 0x84, 0xcf, 0x73, 0x4e, 0x6b, 0x0c, 0x5b,
    0xab, 0x52, 0x4a, 0x4a, 0xe8, 0x39, 0x87, 0x31, 0x25, 0x21, 0xa2, 0x10,
    0x82, 0x10, 0x82, 0x10, 0x82, 0x10, 0x62, 0x10, 0x82, 0x10, 0x82, 0x10,
    0x82, 0x08, 0x82, 0x10, 0x62, 0x10, 0x82, 0x08, 0x82, 0x10, 0x82, 0x10,
    0x82, 0x10, 0x62, 0x08, 0x82, 0x10, 0x82, 0x10, 0x62, 0x10, 0x62, 0x08,
    0x62, 0x10, 0x82, 0x10, 0x82, 0x08, 0x61, 0x08, 0x62, 0x10, 0x62, 0x10,
    0x82, 0x10, 0xc3, 0x10, 0xe4, 0x18, 0x25, 0x21, 0x45, 0x29, 0x46, 0x29,
    0x66, 0x29, 0x86, 0x31, 0xa7, 0x31, 0xc7, 0x39, 0xe8, 0x39, 0xe8, 0x39,
    0x08, 0x3a, 0x08, 0x3a, 0xe8, 0x39, 0xe8, 0x39, 0xe8, 0x39, 0xe8, 0x39,
    0xc7, 0x39, 0xc7, 0x39, 0xc7, 0x31, 0xa7, 0x39, 0xc7, 0x39, 0xc7, 0x39,
    0xc7, 0x39, 0xc7, 0x39, 0xc8, 0x39, 0xc8, 0x39, 0xe7, 0x39, 0xe8, 0x39,
    0xe8, 0x39, 0xe8, 0x39, 0xc7, 0x39, 0xc7, 0x39, 0x29, 0x42, 0x0c, 0x5b,
    0xaf, 0x73, 0x31, 0x84, 0x72, 0x8c, 0xb3, 0x94, 0xf4, 0x9c, 0x15, 0xa5,
    0x55, 0xa5, 0x76, 0xad, 0x96, 0xb5, 0x97, 0xb5, 0x96, 0xb5, 0x76, 0xad,
    0x55, 0xa5, 0x35, 0xa5, 0x14, 0xa5, 0xf4, 0x9c, 0xb3, 0x9c, 0x92, 0x94,
    0x72, 0x8c, 0x31, 0x84, 0x10, 0x7c, 0xd0, 0x7b, 0xaf, 0x73, 0x8e, 0x73,
    0x6d, 0x6b, 0x2d, 0x63, 0x2d, 0x63, 0x0c, 0x63, 0xec, 0x5a, 0xcb, 0x5a,
    0xcb, 0x5a, 0xcb, 0x5a, 0xcb, 0x5a, 0x2d, 0x63, 0x51, 0x8c, 0x35, 0xa5,
    0x96, 0xb5, 0x97, 0xb5, 0x96, 0xb5, 0x97, 0xb5, 0x96, 0xb5, 0x96, 0xb5,
    0x72, 0x8c, 0xb3, 0x94, 0xf4, 0x9c, 0x15, 0xa5, 0x35, 0xad, 0x76, 0xad,
    0x76, 0xad, 0x96, 0xb5, 0x96, 0xb5, 0x97, 0xb5, 0x96, 0xb5, 0x76, 0xad,
    0x56, 0xad, 0x76, 0xad, 0x76, 0xad, 0x76, 0xb5, 0x96, 0xb5, 0xb7, 0xb5,
    0xb7, 0xb5, 0xb7, 0xb5, 0xb7, 0xbd, 0xb7, 0xbd, 0xb7, 0xb5, 0xb7, 0xb5,
    0xb7, 0xbd, 0xb7, 0xbd, 0xd7, 0xbd, 0xb7, 0xbd, 0xd7, 0xbd, 0xd7, 0xbd,
    0xd7, 0xbd, 0xd7, 0xbd, 0xb7, 0xbd, 0xb7, 0xb5, 0xb7, 0xbd, 0xb7, 0xbd,
    0xb7, 0xb5, 0xb7, 0xbd, 0xd7, 0xbd, 0xd8, 0xbd, 0xd8, 0xbd, 0xf8, 0xbd,
    0x18, 0xc6, 0x19, 0xc6, 0x19, 0xc6, 0x18, 0xc6, 0x19, 0xc6, 0x18, 0xc6,
    0x19, 0xc6, 0x19, 0xc6, 0x18, 0xc6, 0xf8, 0xbd, 0xf8, 0xbd, 0xd8, 0xbd,
    0xd7, 0xbd, 0xd7, 0xb5, 0xb7, 0xb5, 0xb7, 0xb5, 0x97, 0xb5, 0x96, 0xb5,
    0x76, 0xb5, 0x76, 0xad, 0x55, 0xa5, 0x14, 0xa5, 0xd4, 0x9c, 0xb3, 0x94,
    0x52, 0x8c, 0x10, 0x84, 0xcf, 0x73, 0x6e, 0x6b, 0x0c, 0x63, 0xab, 0x52,
    0x6a, 0x4a, 0xe8, 0x41, 0x87, 0x31, 0x04, 0x21, 0x82, 0x10, 0x82, 0x10,
    0x82, 0x10, 0x62, 0x10, 0x82, 0x10, 0x82, 0x10, 0x82, 0x10, 0x62, 0x10,
    0x62, 0x10, 0x82, 0x10, 0x62, 0x08, 0x62, 0x10, 0x62, 0x08, 0x62, 0x10,
    0x82, 0x10, 0x62, 0x10, 0x62, 0x10, 0x82, 0x10, 0x82, 0x08, 0x82, 0x10,
    0x82, 0x10, 0x62, 0x10, 0x62, 0x10, 0x62, 0x10, 0x62, 0x10, 0x82, 0x10,
    0xc3, 0x18, 0x04, 0x21, 0x25, 0x21, 0x45, 0x29, 0x66, 0x29, 0x86, 0x31,
    0xa6, 0x31, 0xc7, 0x31, 0xc8, 0x39, 0xe8, 0x39, 0x08, 0x3a, 0x08, 0x42,
    0x08, 0x42, 0x08, 0x42, 0x08, 0x42, 0xe8, 0x39, 0xe8, 0x39, 0xe8, 0x39,
    0xc7, 0x39, 0xc7, 0x39, 0xc8, 0x39, 0xc8, 0x39, 0xe8, 0x39, 0xc8, 0x39,
    0xe8, 0x39, 0xe8, 0x39, 0xe8, 0x39, 0xe8, 0x39, 0xe8, 0x39, 0xe8, 0x39,
    0xe8, 0x39, 0xc7, 0x39, 0xc8, 0x39, 0x6a, 0x4a, 0x4d, 0x6b, 0xd0, 0x7b,
    0x31, 0x84, 0x92, 0x94, 0xd3, 0x9c, 0xf4, 0x9c, 0x35, 0xa5, 0x55, 0xad,
    0x76, 0xad, 0x96, 0xb5, 0x97, 0xb5, 0x76, 0xad, 0x56, 0xad, 0x35, 0xad,
    0x35, 0xa5, 0x14, 0xa5, 0xf4, 0x9c, 0xd3, 0x94, 0x92, 0x94, 0x72, 0x8c,
    0x31, 0x84, 0x10, 0x84, 0xcf, 0x7b, 0xcf, 0x73, 0x8e, 0x73, 0x4e, 0x6b,
    0x2d, 0x63, 0x4d, 0x6b, 0x8e, 0x73, 0x8e, 0x73, 0x8e, 0x6b, 0x6e, 0x6b,
    0x4e, 0x6b, 0x4d, 0x6b, 0x4e, 0x6b, 0x4d, 0x6b, 0xaf, 0x73, 0x93, 0x94,
    0x55, 0xad, 0x97, 0xb5, 0xb7, 0xb5, 0x96, 0xb5, 0x96, 0xb5, 0x76, 0xad,
    0x72, 0x8c, 0xb3, 0x9c, 0xf4, 0x9c, 0x35, 0xa5, 0x55, 0xad, 0x76, 0xad,
    0x96, 0xb5, 0x97, 0xb5, 0xb7, 0xb5, 0x96, 0xb5, 0x96, 0xb5, 0x76, 0xad,
    0x76, 0xb5, 0x76, 0xad, 0x56, 0xad, 0x76, 0xad, 0x76, 0xb5, 0x97, 0xb5,
    0xb7, 0xb5, 0xd7, 0xbd, 0xd7, 0xbd, 0xd7, 0xbd, 0xb7, 0xbd, 0xb7, 0xbd,
    0xb7, 0xbd, 0xb7, 0xb5, 0xb7, 0xbd, 0xb7, 0xbd, 0xb7, 0xbd, 0xd7, 0xbd,
    0xd7, 0xbd, 0xd7, 0xbd, 0xb7, 0xbd, 0xb7, 0xbd, 0x96, 0xb5, 0xb7, 0xb5,
    0xb7, 0xb5, 0xb7, 0xb5, 0xb7, 0xb5, 0xd7, 0xbd, 0xd7, 0xbd, 0xf8, 0xbd,
    0x18, 0xc6, 0x18, 0xc6, 0x39, 0xc6, 0x19, 0xc6, 0x18, 0xc6, 0x19, 0xbe,
    0x18, 0xbe, 0x18, 0xc6, 0xf8, 0xbd, 0xf8, 0xbd, 0xf8, 0xbd, 0xd8, 0xbd,
    0xb7, 0xb5, 0xb7, 0xb5, 0x96, 0xb5, 0x96, 0xb5, 0x76, 0xad, 0x76, 0xad,
    0x55, 0xad, 0x35, 0xa5, 0x14, 0xa5, 0xd3, 0x9c, 0x93, 0x94, 0x52, 0x8c,
    0x10, 0x84, 0xaf, 0x73, 0x6e, 0x6b, 0x0d, 0x63, 0xab, 0x5a, 0x6a, 0x4a,
    0x08, 0x42, 0x86, 0x31, 0x04, 0x21, 0xa3, 0x10, 0x82, 0x10, 0x82, 0x10,
    0x82, 0x10, 0x82, 0x10, 0x82, 0x10, 0x82, 0x08, 0x82, 0x10, 0x82, 0x10,
    0x82, 0x10, 0x82, 0x08, 0x82, 0x10, 0x82, 0x10, 0x62, 0x10, 0x82, 0x08,
    0x82, 0x10, 0x82, 0x10, 0x62, 0x10, 0x82, 0x08, 0x82, 0x10, 0x62, 0x10,
    0x62, 0x10, 0x82, 0x08, 0x62, 0x08, 0x82, 0x10, 0xa2, 0x10, 0xe3, 0x18,
    0x04, 0x21, 0x45, 0x29, 0x66, 0x29, 0x86, 0x31, 0x86, 0x31, 0xa7, 0x31,
    0xc7, 0x39, 0xe8, 0x39, 0xe8, 0x41, 0x08, 0x42, 0x29, 0x42, 0x09, 0x42,
    0x08, 0x42, 0x09, 0x42, 0x08, 0x3a, 0xe8, 0x39, 0xe8, 0x39, 0xe8, 0x39,
    0xe8, 0x39, 0xe8, 0x39, 0xe8, 0x39, 0x08, 0x3a, 0x08, 0x42, 0xe8, 0x39,
    0x08, 0x42, 0x08, 0x42, 0x08, 0x42, 0x08, 0x42, 0x08, 0x42, 0x08, 0x42,
    0xc8, 0x39, 0x08, 0x42, 0xcb, 0x5a, 0x8e, 0x73, 0xf1, 0x83, 0x52, 0x8c,
    0xb3, 0x94, 0xd3, 0x9c, 0x14, 0xa5, 0x35, 0xa5, 0x56, 0xad, 0x76, 0xb5,
    0x96, 0xb5, 0x96, 0xb5, 0x76, 0xad, 0x56, 0xad, 0x55, 0xad, 0x35, 0xa5,
    0x14, 0x9d, 0xd4, 0x9c, 0xb3, 0x9c, 0x92, 0x94, 0x72, 0x8c, 0x31, 0x84,
    0x10, 0x84, 0xef, 0x7b, 0xaf, 0x73, 0x8e, 0x73, 0x4d, 0x6b, 0x4d, 0x6b,
    0x6e, 0x6b, 0xd0, 0x7b, 0x31, 0x84, 0x51, 0x8c, 0x72, 0x94, 0x72, 0x8c,
    0x72, 0x8c, 0x72, 0x94, 0x72, 0x94, 0x72, 0x8c, 0x52, 0x8c, 0x72, 0x8c,
    0xf4, 0xa4, 0x76, 0xb5, 0xb7, 0xb5, 0x96, 0xb5, 0x76, 0xad, 0x56, 0xad,
    0x72, 0x8c, 0xb3, 0x9c, 0x14, 0xa5, 0x35, 0xa5, 0x76, 0xad, 0x96, 0xb5,
    0x96, 0xb5, 0xb7, 0xb5, 0x97, 0xb5, 0x96, 0xb5, 0x56, 0xad, 0x56, 0xad,
    0x76, 0xad, 0x76, 0xad, 0x96, 0xb5, 0x96, 0xb5, 0x76, 0xad, 0x76, 0xb5,
    0x97, 0xb5, 0xb7, 0xbd, 0xd7, 0xbd, 0xd7, 0xbd, 0xd8, 0xbd, 0xd7, 0xbd,
    0xd7, 0xbd, 0xb7, 0xbd, 0xb7, 0xbd, 0xb7, 0xbd, 0xb7, 0xbd, 0xd7, 0xbd,
    0xd7, 0xbd, 0xd7, 0xbd, 0xd7, 0xbd, 0xd8, 0xbd, 0xd7, 0xbd, 0xb7, 0xbd,
    0x97, 0xb5, 0x96, 0xb5, 0x97, 0xb5, 0x96, 0xb5, 0xb7, 0xb5, 0xd7, 0xbd,
    0xf8, 0xbd, 0xf8, 0xc5, 0x18, 0xc6, 0x39, 0xc6, 0x39, 0xc6, 0x18, 0xc6,
    0x19, 0xc6, 0x18, 0xbe, 0xf8, 0xbd, 0xf8, 0xbd, 0xd8, 0xbd, 0xb7, 0xb5,
    0xb7, 0xb5, 0x97, 0xb5, 0x96, 0xb5, 0x76, 0xad, 0x76, 0xad, 0x55, 0xad,
    0x35, 0xa5, 0x14, 0x9d, 0xd4, 0x9c, 0x93, 0x94, 0x51, 0x8c, 0x10, 0x7c,
    0xaf, 0x73, 0x6e, 0x6b, 0x0d, 0x63, 0xcb, 0x52, 0x49, 0x4a, 0xe8, 0x39,
    0xa7, 0x31, 0x04, 0x21, 0x82, 0x10, 0x82, 0x10, 0x82, 0x10, 0x82, 0x10,
    0x82, 0x10, 0x82, 0x10, 0x82, 0x10, 0x62, 0x10, 0x62, 0x10, 0x82, 0x10,
    0x82, 0x08, 0x82, 0x10, 0x82, 0x10, 0x82, 0x10, 0x82, 0x10, 0x82, 0x10,
    0x62, 0x08, 0x82, 0x10, 0x62, 0x08, 0x62, 0x10, 0x82, 0x10, 0x82, 0x10,
    0x62, 0x08, 0x82, 0x10, 0x82, 0x10, 0xa3, 0x10, 0xe4, 0x18, 0x25, 0x21,
    0x45, 0x29, 0x66, 0x29, 0x86, 0x31, 0xa7, 0x31, 0xc7, 0x31, 0xc8, 0x39,
    0xe8, 0x39, 0x08, 0x42, 0x29, 0x42, 0x29, 0x42, 0x29, 0x42, 0x29, 0x42,
    0x08, 0x42, 0x08, 0x3a, 0x08, 0x3a, 0xe8, 0x39, 0xe8, 0x39, 0xe8, 0x39,
    0x08, 0x42, 0x08, 0x42, 0x08, 0x42, 0x08, 0x42, 0x09, 0x42, 0x08, 0x42,
    0x08, 0x42, 0x08, 0x42, 0x09, 0x42, 0x08, 0x42, 0x08, 0x3a, 0xe8, 0x39,
    0x49, 0x4a, 0x0d, 0x63, 0xaf, 0x73, 0x31, 0x84, 0x72, 0x8c, 0xb3, 0x94,
    0xd4, 0x9c, 0x14, 0xa5, 0x35, 0xa5, 0x76, 0xad, 0x96, 0xb5, 0x96, 0xb5,
    0x96, 0xb5, 0x76, 0xad, 0x55, 0xad, 0x35, 0xa5, 0x34, 0xa5, 0x14, 0x9d,
    0xd4, 0x9c, 0xb3, 0x94, 0xb2, 0x94, 0x72, 0x8c, 0x51, 0x8c, 0x31, 0x84,
    0xf0, 0x7b, 0xaf, 0x73, 0x6e, 0x6b, 0x4d, 0x6b, 0x2d, 0x63, 0x4d, 0x63,
    0x8f, 0x73, 0x31, 0x84, 0x92, 0x94, 0xb3, 0x94, 0xd4, 0x9c, 0x14, 0xa5,
    0x35, 0xa5, 0x35, 0xa5, 0x35, 0xa5, 0x35, 0xa5, 0x35, 0xa5, 0x15, 0xa5,
    0x35, 0xa5, 0x56, 0xad, 0xb7, 0xb5, 0xb7, 0xbd, 0x76, 0xb5, 0x55, 0xad,
    0x51, 0x8c, 0xb3, 0x94, 0xf4, 0xa4, 0x35, 0xa5, 0x76, 0xad, 0x76, 0xb5,
    0x97, 0xb5, 0x97, 0xb5, 0x97, 0xb5, 0x96, 0xb5, 0x76, 0xad, 0x56, 0xad,
    0x55, 0xad, 0x56, 0xad, 0x76, 0xad, 0x76, 0xb5, 0x96, 0xb5, 0x96, 0xb5,
    0xb7, 0xb5, 0xb7, 0xb5, 0xb7, 0xbd, 0xd7, 0xbd, 0xd7, 0xbd, 0xd7, 0xbd,
    0xd7, 0xbd, 0xd7, 0xbd, 0xb7, 0xbd, 0xb7, 0xbd, 0xb7, 0xbd, 0xb7, 0xbd,
    0xd7, 0xbd, 0xd7, 0xbd, 0xd7, 0xbd, 0xd7, 0xbd, 0xd8, 0xbd, 0xf7, 0xc5,
    0xd7, 0xbd, 0x96, 0xb5, 0x76, 0xb5, 0x76, 0xad, 0x96, 0xb5, 0x97, 0xb5,
    0xb7, 0xb5, 0xd7, 0xbd, 0xf8, 0xbd, 0x18, 0xc6, 0x18, 0xc6, 0x18, 0xc6,
    0x18, 0xc6, 0x18, 0xc6, 0xf8, 0xbd, 0xd7, 0xbd, 0xb7, 0xb5, 0xb7, 0xb5,
    0x97, 0xb5, 0x96, 0xad, 0x76, 0xad, 0x56, 0xad, 0x55, 0xad, 0x35, 0xa5,
    0xf4, 0xa4, 0xd3, 0x9c, 0x93, 0x94, 0x51, 0x84, 0xf0, 0x7b, 0xaf, 0x73,
    0x4e, 0x6b, 0x0d, 0x63, 0xab, 0x52, 0x49, 0x4a, 0xe8, 0x39, 0x86, 0x31,
    0xe4, 0x20, 0x82, 0x10, 0x82, 0x10, 0x82, 0x10, 0x82, 0x10, 0x82, 0x10,
    0x82, 0x10, 0x82, 0x08, 0x62, 0x10, 0x82, 0x10, 0x82, 0x10, 0x62, 0x10,
    0x82, 0x10, 0x62, 0x10, 0x62, 0x10, 0x82, 0x08, 0x82, 0x08, 0x62, 0x10,
    0x82, 0x10, 0x82, 0x10, 0x82, 0x10, 0x82, 0x10, 0x62, 0x08, 0x62, 0x08,
    0x82, 0x10, 0x82, 0x10, 0xc3, 0x18, 0x04, 0x21, 0x25, 0x21, 0x46, 0x29,
    0x86, 0x31, 0xa7, 0x31, 0xa7, 0x39, 0xe8, 0x39, 0xe8, 0x39, 0x08, 0x42,
    0x29, 0x42, 0x29, 0x42, 0x49, 0x42, 0x29, 0x42, 0x29, 0x42, 0x09, 0x42,
    0x08, 0x42, 0x08, 0x42, 0x08, 0x3a, 0x08, 0x3a, 0x08, 0x42, 0x08, 0x42,
    0x08, 0x42, 0x08, 0x42, 0x09, 0x42, 0x29, 0x42, 0x29, 0x42, 0x29, 0x42,
    0x29, 0x42, 0x09, 0x42, 0x08, 0x42, 0x08, 0x42, 0xe8, 0x41, 0x8b, 0x52,
    0x6e, 0x6b, 0xd0, 0x7b, 0x31, 0x84, 0x92, 0x94, 0xb3, 0x94, 0xf4, 0x9c,
    0x35, 0xa5, 0x55, 0xad, 0x76, 0xad, 0x96, 0xb5, 0x97, 0xb5, 0x76, 0xad,
    0x56, 0xad, 0x55, 0xad, 0x35, 0xa5, 0x15, 0xa5, 0xf4, 0x9c, 0xd3, 0x9c,
    0xd3, 0x9c, 0x93, 0x94, 0x92, 0x8c, 0x51, 0x8c, 0x31, 0x84, 0x10, 0x84,
    0xf0, 0x7b, 0xaf, 0x73, 0x4d, 0x6b, 0x2d, 0x63, 0x0c, 0x63, 0x0c, 0x63,
    0x2d, 0x63, 0xaf, 0x73, 0x72, 0x8c, 0xf4, 0xa4, 0x15, 0xa5, 0x56, 0xad,
    0x76, 0xad, 0x76, 0xb5, 0x76, 0xad, 0x96, 0xb5, 0x76, 0xb5, 0x76, 0xad,
    0x96, 0xb5, 0x97, 0xb5, 0x97, 0xb5, 0xb7, 0xb5, 0x76, 0xad, 0x35, 0xa5,
    0x31, 0x84, 0x93, 0x94, 0xf4, 0x9c, 0x15, 0xa5, 0x55, 0xad, 0x76, 0xad,
    0x76, 0xb5, 0x96, 0xb5, 0x96, 0xb5, 0x96, 0xb5, 0x96, 0xb5, 0x76, 0xad,
    0x76, 0xad, 0x56, 0xad, 0x56, 0xad, 0x76, 0xad, 0x76, 0xb5, 0x96, 0xb5,
    0xb7, 0xb5, 0xb7, 0xbd, 0xd7, 0xbd, 0xd7, 0xbd, 0xb7, 0xb5, 0xb7, 0xbd,
    0xd7, 0xbd, 0xb7, 0xbd, 0xd7, 0xbd, 0xd7, 0xbd, 0xd7, 0xbd, 0xb7, 0xbd,
    0xd7, 0xbd, 0xd7, 0xbd, 0xd7, 0xbd, 0xd7, 0xbd, 0xd7, 0xbd, 0xd8, 0xbd,
    0xf8, 0xbd, 0xd7, 0xbd, 0xb7, 0xbd, 0x96, 0xb5, 0x76, 0xad, 0x96, 0xb5,
    0xb7, 0xb5, 0xb7, 0xbd, 0xb7, 0xbd, 0xd7, 0xbd, 0xd8, 0xbd, 0xf8, 0xbd,
    0xf8, 0xbd, 0xf8, 0xbd, 0xf8, 0xbd, 0xd7, 0xbd, 0xb7, 0xb5, 0x96, 0xb5,
    0x76, 0xad, 0x76, 0xad, 0x55, 0xad, 0x35, 0xa5, 0x15, 0xa5, 0xf4, 0x9c,
    0xb3, 0x94, 0x92, 0x94, 0x31, 0x84, 0xf0, 0x7b, 0x8f, 0x73, 0x4d, 0x6b,
    0xec, 0x62, 0xab, 0x52, 0x49, 0x4a, 0xe8, 0x39, 0x86, 0x31, 0xe4, 0x18,
    0x82, 0x10, 0x82, 0x10, 0x82, 0x10, 0x83, 0x10, 0x82, 0x10, 0x82, 0x10,
    0x83, 0x10, 0x62, 0x10, 0x82, 0x10, 0x82, 0x08, 0x82, 0x10, 0x82, 0x10,
    0x82, 0x08, 0x82, 0x10, 0x82, 0x10, 0x82, 0x10, 0x62, 0x10, 0x82, 0x10,
    0x82, 0x10, 0x82, 0x10, 0x62, 0x08, 0x62, 0x10, 0x82, 0x10, 0x62, 0x10,
    0x82, 0x10, 0xc3, 0x18, 0x04, 0x21, 0x45, 0x29, 0x66, 0x29, 0x86, 0x31,
    0xa7, 0x31, 0xc7, 0x39, 0xe8, 0x39, 0x08, 0x42, 0x29, 0x42, 0x29, 0x42,
    0x49, 0x4a, 0x49, 0x42, 0x49, 0x42, 0x49, 0x4a, 0x29, 0x42, 0x09, 0x42,
    0x08, 0x42, 0x08, 0x42, 0x08, 0x42, 0x08, 0x42, 0x08, 0x42, 0x09, 0x42,
    0x29, 0x42, 0x29, 0x42, 0x29, 0x42, 0x29, 0x42, 0x29, 0x42, 0x29, 0x42,
    0x29, 0x42, 0x09, 0x42, 0x08, 0x42, 0x29, 0x42, 0xec, 0x5a, 0x8f, 0x73,
    0x10, 0x84, 0x51, 0x8c, 0x92, 0x94, 0xd3, 0x9c, 0x14, 0x9d, 0x35, 0xa5,
    0x56, 0xad, 0x96, 0xad, 0x96, 0xb5, 0x96, 0xb5, 0x76, 0xad, 0x56, 0xad,
    0x55, 0xad, 0x35, 0xa5, 0x14, 0xa5, 0xf4, 0x9c, 0xf4, 0x9c, 0xd3, 0x9c,
    0xb3, 0x94, 0x92, 0x8c, 0x51, 0x8c, 0x31, 0x84, 0x31, 0x84, 0x31, 0x84,
    0x92, 0x94, 0x92, 0x94, 0x51, 0x8c, 0xaf, 0x73, 0x2d, 0x6b, 0x0c, 0x63,
    0x0c, 0x63, 0x0d, 0x63, 0xaf, 0x73, 0x92, 0x94, 0x35, 0xad, 0x76, 0xad,
    0x96, 0xb5, 0x76, 0xb5, 0x76, 0xb5, 0x96, 0xb5, 0x96, 0xb5, 0x96, 0xb5,
    0x97, 0xb5, 0xb7, 0xb5, 0xb7, 0xbd, 0xb7, 0xb5, 0x76, 0xb5, 0x35, 0xad,
    0x51, 0x84, 0x72, 0x8c, 0xb3, 0x9c, 0xf4, 0xa4, 0x35, 0xa5, 0x55, 0xad,
    0x76, 0xad, 0x76, 0xad, 0x96, 0xb5, 0x96, 0xb5, 0x97, 0xad, 0x97, 0xb5,
    0x97, 0xb5, 0x96, 0xb5, 0x96, 0xad, 0x76, 0xad, 0x76, 0xad, 0x76, 0xad,
    0x76, 0xb5, 0x96, 0xb5, 0xb7, 0xbd, 0xd7, 0xbd, 0xd7, 0xbd, 0xb7, 0xbd,
    0xd7, 0xbd, 0xd7, 0xbd, 0xb7, 0xbd, 0xb7, 0xbd, 0xb7, 0xbd, 0xb7, 0xbd,
    0xd7, 0xbd, 0xb7, 0xbd, 0xd7, 0xbd, 0xd7, 0xbd, 0xd8, 0xbd, 0xd8, 0xbd,
    0xf7, 0xbd, 0xf8, 0xbd, 0xd8, 0xbd, 0xd7, 0xbd, 0xb7, 0xb5, 0xb7, 0xb5,
    0xb7, 0xb5, 0xb7, 0xbd, 0xb7, 0xb5, 0xb7, 0xb5, 0xb7, 0xbd, 0xb7, 0xb5,
    0xb7, 0xb5, 0xb7, 0xb5, 0xb7, 0xb5, 0xb7, 0xb5, 0x96, 0xb5, 0x76, 0xad,
    0x76, 0xad, 0x55, 0xad, 0x35, 0xa5, 0x14, 0xa5, 0xf4, 0x9c, 0xb3, 0x94,
    0x72, 0x8c, 0x31, 0x84, 0xf0, 0x7b, 0x8f, 0x73, 0x4d, 0x6b, 0xec, 0x5a,
    0xab, 0x52, 0x49, 0x42, 0xc8, 0x39, 0x66, 0x31, 0xe4, 0x18, 0x82, 0x10,
    0x62, 0x10, 0x82, 0x10, 0x82, 0x10, 0x82, 0x10, 0x82, 0x08, 0x82, 0x10,
    0x82, 0x10, 0x82, 0x10, 0x82, 0x10, 0x62, 0x10, 0x82, 0x10, 0x82, 0x10,
    0x62, 0x08, 0x82, 0x10, 0x82, 0x08, 0x82, 0x10, 0x82, 0x10, 0x82, 0x10,
    0x82, 0x08, 0x82, 0x08, 0x62, 0x10, 0x82, 0x10, 0x82, 0x10, 0xa2, 0x10,
    0xe4, 0x18, 0x25, 0x21, 0x45, 0x29, 0x86, 0x31, 0xa7, 0x31, 0xc7, 0x31,
    0xe8, 0x39, 0xe8, 0x39, 0x28, 0x42, 0x29, 0x42, 0x49, 0x42, 0x49, 0x4a,
    0x49, 0x4a, 0x4a, 0x4a, 0x49, 0x4a, 0x29, 0x42, 0x29, 0x42, 0x29, 0x42,
    0x09, 0x42, 0x08, 0x42, 0x09, 0x42, 0x29, 0x42, 0x09, 0x42, 0x29, 0x42,
    0x29, 0x42, 0x29, 0x42, 0x29, 0x4a, 0x49, 0x4a, 0x49, 0x4a, 0x29, 0x42,
    0x08, 0x42, 0x08, 0x42, 0x6a, 0x4a, 0x2d, 0x63, 0xd0, 0x7b, 0x31, 0x84,
    0x72, 0x8c, 0xb3, 0x94, 0xd4, 0x9c, 0x14, 0xa5, 0x35, 0xa5, 0x56, 0xad,
    0x76, 0xb5, 0x96, 0xb5, 0x96, 0xb5, 0x76, 0xad, 0x55, 0xad, 0x35, 0xa5,
    0x14, 0xa5, 0x14, 0xa5, 0xf4, 0x9c, 0xf3, 0x9c, 0xd3, 0x94, 0xb3, 0x94,
    0x92, 0x94, 0x72, 0x8c, 0x51, 0x8c, 0x51, 0x8c, 0x72, 0x8c, 0xb3, 0x94,
    0xf4, 0x9c, 0x14, 0xa5, 0x35, 0xa5, 0x55, 0xad, 0xd4, 0x9c, 0x11, 0x84,
    0x8e, 0x73, 0x4d, 0x6b, 0x2d, 0x63, 0xaf, 0x73, 0x92, 0x94, 0x35, 0xad,
    0x76, 0xb5, 0x96, 0xb5, 0x76, 0xad, 0x76, 0xad, 0x76, 0xb5, 0x96, 0xad,
    0x96, 0xb5, 0x97, 0xb5, 0xb7, 0xb5, 0xb7, 0xbd, 0x96, 0xb5, 0x35, 0xad,
    0x51, 0x8c, 0x92, 0x8c, 0xb3, 0x94, 0xf4, 0x9c, 0xf4, 0xa4, 0x15, 0xa5,
    0x35, 0xa5, 0x56, 0xad, 0x76, 0xb5, 0x96, 0xb5, 0x97, 0xb5, 0x76, 0xb5,
    0x96, 0xb5, 0x97, 0xb5, 0x97, 0xb5, 0x97, 0xb5, 0x96, 0xb5, 0x76, 0xb5,
    0x96, 0xb5, 0x96, 0xb5, 0x96, 0xb5, 0xb7, 0xbd, 0xb7, 0xbd, 0xd7, 0xbd,
    0xb7, 0xbd, 0xb7, 0xbd, 0xb7, 0xbd, 0xb7, 0xbd, 0xb6, 0xbd, 0xb7, 0xbd,
    0xd7, 0xbd, 0xb7, 0xbd, 0xd7, 0xbd, 0xd7, 0xbd, 0xd7, 0xbd, 0xb7, 0xb5,
    0xb7, 0xb5, 0xd7, 0xbd, 0xd8, 0xbd, 0xf7, 0xbd, 0xd8, 0xbd, 0xd7, 0xbd,
    0xb7, 0xb5, 0xb7, 0xb5, 0x96, 0xb5, 0x97, 0xb5, 0xb7, 0xb5, 0x96, 0xb5,
    0x96, 0xb5, 0x97, 0xb5, 0x96, 0xb5, 0x76, 0xad, 0x76, 0xad, 0x55, 0xad,
    0x35, 0xa5, 0x15, 0xa5, 0xf4, 0xa4, 0xd3, 0x9c, 0x93, 0x94, 0x72, 0x8c,
    0x11, 0x84, 0xcf, 0x7b, 0x6e, 0x6b, 0x2d, 0x63, 0xec, 0x5a, 0x8a, 0x52,
    0x09, 0x42, 0xc7, 0x39, 0x66, 0x29, 0xc3, 0x18, 0x82, 0x10, 0x82, 0x10,
    0x82, 0x10, 0x82, 0x10, 0x82, 0x10, 0x82, 0x10, 0x82, 0x10, 0x82, 0x10,
    0x82, 0x08, 0x62, 0x10, 0x82, 0x10, 0x82, 0x10, 0x82, 0x08, 0x62, 0x10,
    0x82, 0x10, 0x82, 0x10, 0x62, 0x10, 0x62, 0x08, 0x82, 0x10, 0x62, 0x08,
    0x82, 0x10, 0x62, 0x10, 0x62, 0x10, 0x82, 0x10, 0xa3, 0x10, 0x04, 0x19,
    0x45, 0x29, 0x66, 0x29, 0x86, 0x31, 0xa7, 0x31, 0xc7, 0x39, 0xe8, 0x39,
    0x09, 0x42, 0x29, 0x42, 0x49, 0x4a, 0x4a, 0x4a, 0x6a, 0x4a, 0x6a, 0x4a,
    0x6a, 0x4a, 0x4a, 0x4a, 0x49, 0x42, 0x49, 0x4a, 0x29, 0x42, 0x29, 0x42,
    0x29, 0x42, 0x29, 0x42, 0x29, 0x42, 0x29, 0x42, 0x29, 0x42, 0x29, 0x42,
    0x29, 0x42, 0x49, 0x4a, 0x49, 0x4a, 0x49, 0x42, 0x29, 0x42, 0x09, 0x42,
    0x29, 0x42, 0xab, 0x52, 0x6e, 0x73, 0xf0, 0x83, 0x52, 0x8c, 0x93, 0x94,
    0xd3, 0x94, 0xf4, 0x9c, 0x15, 0xa5, 0x55, 0xad, 0x76, 0xad, 0x96, 0xb5,
    0x96, 0xb5, 0x76, 0xad, 0x56, 0xad, 0x55, 0xad, 0x35, 0xa5, 0x14, 0xa5,
    0x14, 0x9d, 0xf4, 0x9c, 0xd4, 0x9c, 0xd3, 0x9c, 0xb3, 0x94, 0x92, 0x94,
    0x72, 0x8c, 0x72, 0x8c, 0x72, 0x8c, 0xb3, 0x94, 0xd3, 0x9c, 0xf4, 0xa4,
    0x35, 0xa5, 0x55, 0xad, 0x76, 0xad, 0xb7, 0xb5, 0xd8, 0xbd, 0xd7, 0xbd,
    0x76, 0xad, 0xb3, 0x94, 0xf0, 0x83, 0xaf, 0x73, 0xf0, 0x7b, 0x92, 0x94,
    0x35, 0xa5, 0x76, 0xad, 0x76, 0xb5, 0x76, 0xad, 0x76, 0xb5, 0x76, 0xb5,
    0x76, 0xb5, 0x96, 0xb5, 0x76, 0xad, 0x96, 0xb5, 0xb7, 0xb5, 0x76, 0xad,
    0x52, 0x8c, 0x72, 0x8c, 0x92, 0x94, 0xb3, 0x94, 0xd3, 0x9c, 0xf4, 0x9c,
    0x14, 0xa5, 0x35, 0xad, 0x76, 0xad, 0x76, 0xb5, 0x96, 0xb5, 0x96, 0xb5,
    0x96, 0xb5, 0x76, 0xb5, 0x97, 0xb5, 0x97, 0xb5, 0xb7, 0xb5, 0xb7, 0xb5,
    0x96, 0xb5, 0xb7, 0xbd, 0xb7, 0xbd, 0xb7, 0xb5, 0xb7, 0xbd, 0xb7, 0xbd,
    0xb6, 0xb5, 0xb7, 0xbd, 0xb7, 0xbd, 0xb6, 0xbd, 0xb7, 0xbd, 0xd7, 0xbd,
    0xd7, 0xbd, 0xd7, 0xbd, 0xd7, 0xbd, 0xd7, 0xbd, 0xb7, 0xbd, 0xb7, 0xbd,
    0xb7, 0xb5, 0x97, 0xb5, 0xb7, 0xb5, 0xb7, 0xbd, 0xd7, 0xbd, 0xd7, 0xbd,
    0xd7, 0xbd, 0xb7, 0xb5, 0x96, 0xb5, 0x96, 0xb5, 0x96, 0xb5, 0x97, 0xb5,
    0x96, 0xb5, 0x96, 0xb5, 0x76, 0xad, 0x56, 0xad, 0x55, 0xad, 0x35, 0xa5,
    0x14, 0xa5, 0xf4, 0x9c, 0xb3, 0x94, 0x92, 0x94, 0x51, 0x8c, 0x10, 0x7c,
    0xaf, 0x73, 0x6e, 0x6b, 0x2d, 0x63, 0xcb, 0x5a, 0x6a, 0x4a, 0x08, 0x42,
    0xa7, 0x31, 0x65, 0x29, 0xc3, 0x18, 0x82, 0x10, 0x82, 0x10, 0x82, 0x10,
    0x82, 0x10, 0x82, 0x10, 0x82, 0x10, 0x82, 0x10, 0x82, 0x10, 0x82, 0x10,
    0x62, 0x10, 0x82, 0x10, 0x82, 0x10, 0x82, 0x08, 0x62, 0x10, 0x82, 0x10,
    0x82, 0x08, 0x82, 0x10, 0x82, 0x10, 0x82, 0x10, 0x62, 0x10, 0x62, 0x10,
    0x62, 0x10, 0x82, 0x10, 0x82, 0x10, 0xc3, 0x18, 0x04, 0x21, 0x45, 0x29,
    0x66, 0x29, 0x87, 0x31, 0xc7, 0x39, 0xe8, 0x39, 0x08, 0x42, 0x29, 0x42,
    0x49, 0x42, 0x4a, 0x4a, 0x6a, 0x4a, 0x6a, 0x4a, 0x6a, 0x4a, 0x6a, 0x4a,
    0x4a, 0x4a, 0x49, 0x4a, 0x49, 0x42, 0x49, 0x42, 0x29, 0x42, 0x29, 0x42,
    0x49, 0x42, 0x29, 0x4a, 0x29, 0x42, 0x29, 0x42, 0x29, 0x42, 0x29, 0x42,
    0x49, 0x4a, 0x29, 0x4a, 0x29, 0x42, 0x29, 0x42, 0x09, 0x42, 0x49, 0x4a,
    0xec, 0x5a, 0xaf, 0x73, 0x31, 0x84, 0x72, 0x94, 0xd3, 0x94, 0xf4, 0x9c,
    0x14, 0xa5, 0x35, 0xad, 0x76, 0xad, 0x96, 0xb5, 0x96, 0xb5, 0x96, 0xb5,
    0x76, 0xad, 0x56, 0xad, 0x55, 0xa5, 0x35, 0xa5, 0x14, 0xa5, 0xf4, 0x9c,
    0xf4, 0x9c, 0xd4, 0x9c, 0xd3, 0x94, 0xb3, 0x94, 0xb3, 0x94, 0x92, 0x94,
    0x92, 0x8c, 0xb3, 0x94, 0xd3, 0x9c, 0xf4, 0x9c, 0x15, 0xa5, 0x35, 0xa5,
    0x76, 0xad, 0x96, 0xb5, 0xb7, 0xb5, 0xd8, 0xbd, 0xf8, 0xbd, 0x18, 0xc6,
    0x19, 0xc6, 0x18, 0xbe, 0x97, 0xb5, 0x14, 0xa5, 0x93, 0x94, 0x72, 0x94,
    0xb3, 0x94, 0x15, 0xa5, 0x76, 0xb5, 0x76, 0xb5, 0x76, 0xad, 0x76, 0xad,
    0x76, 0xad, 0x76, 0xb5, 0x76, 0xb5, 0x76, 0xad, 0x76, 0xad, 0x76, 0xad,
    0x92, 0x94, 0x93, 0x94, 0x72, 0x8c, 0x72, 0x8c, 0x72, 0x94, 0xb3, 0x94,
    0xf4, 0x9c, 0x35, 0xa5, 0x55, 0xad, 0x76, 0xad, 0x96, 0xb5, 0x97, 0xb5,
    0x77, 0xad, 0x76, 0xad, 0x76, 0xad, 0x96, 0xb5, 0xb7, 0xb5, 0xb7, 0xb5,
    0xb7, 0xbd, 0xb7, 0xbd, 0xb7, 0xbd, 0xb7, 0xbd, 0xb7, 0xbd, 0xb7, 0xbd,
    0xb7, 0xbd, 0xb7, 0xbd, 0xb6, 0xbd, 0xb7, 0xbd, 0xb7, 0xbd, 0xb7, 0xbd,
    0xd7, 0xbd, 0xd7, 0xbd, 0xb7, 0xbd, 0xd7, 0xbd, 0xb7, 0xbd, 0xd7, 0xbd,
    0xd7, 0xbd, 0xb7, 0xb5, 0x96, 0xb5, 0x96, 0xb5, 0x96, 0xb5, 0x97, 0xb5,
    0xb7, 0xb5, 0xb7, 0xbd, 0xb7, 0xb5, 0x96, 0xb5, 0x96, 0xb5, 0x76, 0xb5,
    0x76, 0xad, 0x76, 0xad, 0x55, 0xad, 0x35, 0xa5, 0x14, 0xa5, 0xf4, 0x9c,
    0xd3, 0x9c, 0xb3, 0x94, 0x72, 0x8c, 0x31, 0x84, 0xf0, 0x7b, 0xaf, 0x73,
    0x6e, 0x6b, 0x0d, 0x63, 0xab, 0x52, 0x6a, 0x4a, 0xe8, 0x41, 0xa7, 0x31,
    0x45, 0x29, 0xc3, 0x18, 0x82, 0x10, 0x82, 0x10, 0x82, 0x10, 0x82, 0x10,
    0x83, 0x10, 0x82, 0x10, 0x82, 0x10, 0x83, 0x08, 0x82, 0x10, 0x62, 0x10,
    0x82, 0x10, 0x82, 0x10, 0x82, 0x10, 0x62, 0x10, 0x82, 0x10, 0x82, 0x10,
    0x62, 0x10, 0x62, 0x10, 0x82, 0x08, 0x82, 0x10, 0x62, 0x10, 0x82, 0x08,
    0x82, 0x10, 0x82, 0x10, 0xe4, 0x18, 0x25, 0x21, 0x45, 0x29, 0x86, 0x31,
    0xa7, 0x31, 0xc7, 0x39, 0xe8, 0x39, 0x09, 0x42, 0x29, 0x42, 0x49, 0x4a,
    0x6a, 0x4a, 0x8a, 0x4a, 0x8a, 0x4a, 0x8a, 0x4a, 0x6a, 0x4a, 0x6a, 0x4a,
    0x4a, 0x4a, 0x49, 0x4a, 0x49, 0x4a, 0x4a, 0x42, 0x29, 0x42, 0x49, 0x4a,
    0x49, 0x4a, 0x49, 0x42, 0x49, 0x42, 0x49, 0x4a, 0x49, 0x4a, 0x29, 0x4a,
    0x49, 0x4a, 0x29, 0x42, 0x09, 0x42, 0x08, 0x42, 0x6a, 0x4a, 0x2d, 0x6b,
    0xd0, 0x7b, 0x51, 0x8c, 0xb3, 0x94, 0xf4, 0x9c, 0x15, 0xa5, 0x35, 0xad,
    0x76, 0xad, 0x76, 0xad, 0x96, 0xb5, 0x96, 0xb5, 0x96, 0xad, 0x76, 0xad,
    0x55, 0xad, 0x35, 0xa5, 0x35, 0xa5, 0x14, 0xa5, 0xf4, 0x9c, 0xd4, 0x9c,
    0xd3, 0x9c, 0xd3, 0x9c, 0xb3, 0x94, 0xb3, 0x94, 0x93, 0x94, 0xb3, 0x94,
    0xd3, 0x9c, 0xf4, 0xa4, 0x14, 0xa5, 0x35, 0xa5, 0x56, 0xad, 0x76, 0xb5,
    0xb7, 0xb5, 0xd7, 0xbd, 0xd8, 0xbd, 0xf8, 0xc5, 0x18, 0xc6, 0xf8, 0xc5,
    0x18, 0xbe, 0x18, 0xc6, 0x18, 0xc6, 0xf8, 0xbd, 0xb7, 0xbd, 0x56, 0xad,
    0x15, 0xa5, 0x14, 0xa5, 0x35, 0xad, 0x76, 0xad, 0x75, 0xb5, 0x76, 0xad,
    0x76, 0xad, 0x76, 0xb5, 0x96, 0xb5, 0x56, 0xad, 0x56, 0xad, 0x55, 0xad,
    0xf4, 0xa4, 0xf4, 0x9c, 0xb3, 0x94, 0x72, 0x94, 0x52, 0x8c, 0x72, 0x8c,
    0xb3, 0x9c, 0x14, 0xa5, 0x35, 0xa5, 0x56, 0xad, 0x96, 0xb5, 0x96, 0xb5,
    0x76, 0xad, 0x76, 0xad, 0x76, 0xad, 0x76, 0xb5, 0x96, 0xb5, 0x97, 0xb5,
    0x97, 0xb5, 0xb7, 0xb5, 0xb7, 0xbd, 0xb7, 0xbd, 0xb7, 0xbd, 0xb7, 0xbd,
    0xb7, 0xbd, 0xb7, 0xbd, 0xb6, 0xbd, 0xb7, 0xbd, 0xb7, 0xbd, 0xd7, 0xbd,
    0xb7, 0xbd, 0xd7, 0xbd, 0xd7, 0xbd, 0xd7, 0xbd, 0xb7, 0xbd, 0xb7, 0xbd,
    0xb7, 0xb5, 0xb7, 0xb5, 0xb7, 0xb5, 0x97, 0xb5, 0x96, 0xb5, 0x76, 0xad,
    0x76, 0xad, 0x76, 0xad, 0x76, 0xb5, 0x96, 0xb5, 0x96, 0xad, 0x76, 0xad,
    0x55, 0xad, 0x35, 0xa5, 0x35, 0xa5, 0xf4, 0xa4, 0xd4, 0x9c, 0xb3, 0x94,
    0x92, 0x94, 0x52, 0x8c, 0x31, 0x84, 0xf0, 0x7b, 0x8f, 0x73, 0x4d, 0x6b,
    0xec, 0x5a, 0xab, 0x52, 0x49, 0x4a, 0xe8, 0x39, 0xa7, 0x31, 0x25, 0x29,
    0xa3, 0x18, 0x82, 0x10, 0x82, 0x10, 0x82, 0x10, 0x82, 0x10, 0x82, 0x10,
    0x82, 0x10, 0x82, 0x10, 0x82, 0x10, 0x82, 0x10, 0x82, 0x10, 0x82, 0x10,
    0x82, 0x08, 0x82, 0x10, 0x62, 0x10, 0x82, 0x10, 0x82, 0x08, 0x82, 0x10,
    0x82, 0x10, 0x82, 0x10, 0x82, 0x10, 0x62, 0x08, 0x62, 0x10, 0x82, 0x10,
    0xa2, 0x10, 0xe4, 0x18, 0x25, 0x21, 0x66, 0x29, 0x86, 0x31, 0xc7, 0x31,
    0xc8, 0x39, 0x08, 0x42, 0x29, 0x42, 0x49, 0x42, 0x6a, 0x4a, 0x6a, 0x4a,
    0x8a, 0x52, 0x8a, 0x52, 0x8a, 0x4a, 0x8a, 0x52, 0x8a, 0x4a, 0x6a, 0x4a,
    0x6a, 0x4a, 0x49, 0x4a, 0x49, 0x4a, 0x49, 0x4a, 0x4a, 0x4a, 0x49, 0x4a,
    0x49, 0x4a, 0x49, 0x4a, 0x49, 0x4a, 0x4a, 0x4a, 0x4a, 0x4a, 0x29, 0x42,
    0x29, 0x42, 0x08, 0x42, 0x09, 0x42, 0xab, 0x52, 0x6e, 0x73, 0x11, 0x84,
    0x72, 0x8c, 0xd3, 0x94, 0xf4, 0x9c, 0x35, 0xad, 0x56, 0xad, 0x76, 0xad,
    0x96, 0xb5, 0xb7, 0xb5, 0xb7, 0xb5, 0x96, 0xb5, 0x76, 0xad, 0x55, 0xad,
    0x35, 0xa5, 0x14, 0xa5, 0xf4, 0x9c, 0xf4, 0x9c, 0xd3, 0x9c, 0xd3, 0x9c,
    0xd3, 0x9c, 0xd3, 0x94, 0xb3, 0x94, 0xb3, 0x94, 0xd3, 0x9c, 0xf4, 0x9c,
    0x35, 0xa5, 0x35, 0xa5, 0x55, 0xad, 0x76, 0xad, 0x96, 0xb5, 0xb7, 0xb5,
    0xd8, 0xbd, 0xf8, 0xbd, 0xf8, 0xbd, 0xf8, 0xc5, 0x18, 0xc6, 0x18, 0xc6,
    0xf9, 0xbd, 0xf8, 0xc5, 0x18, 0xc6, 0xf8, 0xbd, 0xf8, 0xbd, 0xd7, 0xbd,
    0x96, 0xb5, 0x76, 0xad, 0x56, 0xad, 0x76, 0xad, 0x76, 0xad, 0x55, 0xb5,
    0x56, 0xad, 0x75, 0xad, 0x76, 0xb5, 0x56, 0xad, 0x55, 0xad, 0x35, 0xad,
    0x55, 0xad, 0x35, 0xa5, 0x15, 0xa5, 0xf4, 0x9c, 0xd3, 0x9c, 0xb3, 0x94,
    0xb3, 0x9c, 0xd4, 0x9c, 0x15, 0xa5, 0x55, 0xad, 0x76, 0xb5, 0x76, 0xb5,
    0x76, 0xad, 0x76, 0xb5, 0x76, 0xb5, 0x76, 0xad, 0x76, 0xad, 0x76, 0xb5,
    0x96, 0xb5, 0x96, 0xb5, 0xb7, 0xb5, 0xb7, 0xbd, 0xb7, 0xbd, 0xb6, 0xbd,
    0xb6, 0xbd, 0xb6, 0xbd, 0xb7, 0xbd, 0xb7, 0xbd, 0xb7, 0xbd, 0xd7, 0xbd,
    0xd7, 0xbd, 0xd7, 0xbd, 0xd7, 0xbd, 0xd7, 0xbd, 0xb7, 0xb5, 0xb7, 0xb5,
    0xb7, 0xb5, 0xb7, 0xb5, 0x97, 0xb5, 0x96, 0xb5, 0x96, 0xb5, 0x76, 0xad,
    0x56, 0xad, 0x55, 0xad, 0x35, 0xa5, 0x56, 0xad, 0x76, 0xad, 0x55, 0xad,
    0x35, 0xa5, 0x14, 0xa5, 0xf4, 0x9c, 0xd3, 0x9c, 0xb3, 0x94, 0x72, 0x8c,
    0x51, 0x8c, 0x11, 0x84, 0xaf, 0x73, 0x8e, 0x73, 0x2d, 0x63, 0xec, 0x5a,
    0x8b, 0x52, 0x49, 0x4a, 0xc7, 0x39, 0x87, 0x31, 0x25, 0x21, 0xa3, 0x10,
    0x82, 0x10, 0x82, 0x10, 0x82, 0x10, 0x82, 0x10, 0x83, 0x10, 0x82, 0x10,
    0x82, 0x10, 0x82, 0x10, 0x82, 0x10, 0x82, 0x10, 0x82, 0x10, 0x62, 0x10,
    0x82, 0x10, 0x82, 0x10, 0x62, 0x10, 0x82, 0x08, 0x82, 0x10, 0x82, 0x10,
    0x82, 0x08, 0x82, 0x08, 0x62, 0x10, 0x62, 0x10, 0x82, 0x10, 0xa3, 0x10,
    0x04, 0x21, 0x45, 0x29, 0x86, 0x31, 0xa7, 0x31, 0xc7, 0x39, 0xe8, 0x39,
    0x09, 0x42, 0x49, 0x42, 0x6a, 0x4a, 0x6a, 0x4a, 0x8a, 0x52, 0x8b, 0x52,
    0xab, 0x52, 0x8b, 0x52, 0x8b, 0x4a, 0x8a, 0x52, 0x6a, 0x4a, 0x6a, 0x4a,
    0x6a, 0x4a, 0x4a, 0x4a, 0x6a, 0x4a, 0x6a, 0x4a, 0x6a, 0x4a, 0x4a, 0x4a,
    0x6a, 0x4a, 0x4a, 0x4a, 0x4a, 0x4a, 0x49, 0x4a, 0x49, 0x42, 0x29, 0x42,
    0x09, 0x42, 0x49, 0x4a, 0x0c, 0x5b, 0xaf, 0x73, 0x31, 0x8c, 0x93, 0x94,
    0xd4, 0x9c, 0x14, 0xa5, 0x55, 0xad, 0x76, 0xad, 0x97, 0xb5, 0xb7, 0xbd,
    0xd7, 0xbd, 0xb7, 0xb5, 0x97, 0xb5, 0x76, 0xb5, 0x55, 0xad, 0x35, 0xa5,
    0x14, 0xa5, 0xf4, 0x9c, 0xf4, 0x9c, 0xd4, 0x9c, 0xd3, 0x9c, 0xd3, 0x94,
    0xb3, 0x94, 0xb3, 0x94, 0xd3, 0x9c, 0xf4, 0x9c, 0x14, 0xa5, 0x35, 0xa5,
    0x56, 0xad, 0x76, 0xad, 0x96, 0xb5, 0xb7, 0xb5, 0xd7, 0xbd, 0xd8, 0xbd,
    0xf8, 0xbd, 0x18, 0xc6, 0xf8, 0xbd, 0x18, 0xc6, 0x18, 0xbe, 0xf9, 0xbd,
    0xf8, 0xc5, 0x18, 0xc6, 0xf9, 0xbd, 0xf8, 0xbd, 0xf8, 0xbd, 0xd7, 0xbd,
    0xb7, 0xb5, 0x96, 0xb5, 0x76, 0xb5, 0x56, 0xad, 0x76, 0xad, 0x56, 0xad,
    0x56, 0xad, 0x55, 0xad, 0x76, 0xb5, 0x76, 0xad, 0x55, 0xad, 0x55, 0xad,
    0x76, 0xad, 0x76, 0xad, 0x56, 0xad, 0x55, 0xad, 0x35, 0xa5, 0x35, 0xa5,
    0x35, 0xa5, 0x15, 0xa5, 0x35, 0xa5, 0x55, 0xad, 0x76, 0xad, 0x96, 0xb5,
    0x97, 0xb5, 0x76, 0xb5, 0x76, 0xad, 0x76, 0xad, 0x76, 0xb5, 0x76, 0xb5,
    0x76, 0xad, 0x76, 0xb5, 0x96, 0xb5, 0x96, 0xb5, 0xb7, 0xb5, 0xb7, 0xbd,
    0xb7, 0xbd, 0xb7, 0xbd, 0xb7, 0xbd, 0xb7, 0xbd, 0xd7, 0xbd, 0xd7, 0xbd,
    0xd7, 0xbd, 0xb7, 0xbd, 0xd7, 0xbd, 0xd8, 0xbd, 0xd7, 0xbd, 0xb7, 0xb5,
    0x97, 0xb5, 0x96, 0xb5, 0x76, 0xb5, 0x96, 0xb5, 0x76, 0xad, 0x76, 0xad,
    0x55, 0xad, 0x55, 0xad, 0x55, 0xad, 0x35, 0xa5, 0x35, 0xa5, 0x35, 0xa5,
    0xf4, 0xa4, 0xd3, 0x9c, 0xb3, 0x94, 0x92, 0x94, 0x72, 0x8c, 0x31, 0x84,
    0xf0, 0x7b, 0xaf, 0x73, 0x4e, 0x6b, 0x0c, 0x63, 0xcb, 0x5a, 0x8a, 0x4a,
    0x29, 0x42, 0xc7, 0x39, 0x86, 0x31, 0x04, 0x21, 0xa3, 0x10, 0x82, 0x10,
    0x82, 0x10, 0x82, 0x10, 0x82, 0x10, 0x82, 0x10, 0x82, 0x10, 0x82, 0x10,
    0x82, 0x10, 0x83, 0x10, 0x82, 0x10, 0x82, 0x08, 0x82, 0x10, 0x82, 0x10,
    0x62, 0x10, 0x82, 0x10, 0x82, 0x08, 0x82, 0x10, 0x82, 0x10, 0x62, 0x10,
    0x62, 0x10, 0x62, 0x10, 0x82, 0x10, 0x82, 0x10, 0xc3, 0x18, 0x25, 0x21,
    0x65, 0x29, 0x86, 0x31, 0xa7, 0x31, 0xe8, 0x39, 0x08, 0x42, 0x29, 0x42,
    0x49, 0x4a, 0x6a, 0x4a, 0x8a, 0x52, 0xab, 0x52, 0xab, 0x52, 0xab, 0x52,
    0xab, 0x52, 0x8b, 0x52, 0x8a, 0x52, 0x8a, 0x4a, 0x6a, 0x4a, 0x6a, 0x4a,
    0x6a, 0x4a, 0x6a, 0x4a, 0x6a, 0x4a, 0x6a, 0x4a, 0x6a, 0x4a, 0x6a, 0x4a,
    0x6a, 0x4a, 0x6a, 0x4a, 0x49, 0x4a, 0x49, 0x4a, 0x29, 0x42, 0x09, 0x42,
    0x6a, 0x52, 0x4d, 0x63, 0xd0, 0x7b, 0x52, 0x8c, 0xb3, 0x94, 0xf4, 0x9c,
    0x35, 0xa5, 0x75, 0xad, 0x96, 0xb5, 0xb7, 0xb5, 0xd7, 0xbd, 0xd8, 0xbd,
    0xd8, 0xbd, 0xd7, 0xb5, 0x96, 0xb5, 0x76, 0xad, 0x55, 0xa5, 0x15, 0xa5,
    0xf4, 0x9c, 0xf3, 0x9c, 0xd3, 0x9c, 0xd3, 0x9c, 0xd3, 0x94, 0xb3, 0x94,
    0xd3, 0x9c, 0xf4, 0x9c, 0x14, 0xa5, 0x35, 0xa5, 0x55, 0xad, 0x76, 0xad,
    0x96, 0xb5, 0xb7, 0xb5, 0xb7, 0xbd, 0xd8, 0xbd, 0xf8, 0xbd, 0xf8, 0xbd,
    0x18, 0xc6, 0x18, 0xc6, 0x18, 0xc6, 0x18, 0xbe, 0xf8, 0xc5, 0xf8, 0xc5,
    0x18, 0xbe, 0x18, 0xc6, 0xf8, 0xc5, 0xf8, 0xbd, 0xf8, 0xbd, 0xd8, 0xbd,
    0xb7, 0xbd, 0x96, 0xb5, 0x76, 0xad, 0x76, 0xad, 0x55, 0xad, 0x55, 0xad,
    0x75, 0xad, 0x56, 0xad, 0x56, 0xad, 0x56, 0xad, 0x55, 0xad, 0x55, 0xad,
    0x96, 0xb5, 0x96, 0xb5, 0x96, 0xb5, 0x96, 0xb5, 0x76, 0xb5, 0x76, 0xad,
    0x96, 0xb5, 0x96, 0xb5, 0x76, 0xb5, 0x96, 0xb5, 0x76, 0xad, 0x96, 0xb5,
    0x96, 0xb5, 0x76, 0xad, 0x76, 0xad, 0x76, 0xb5, 0x96, 0xb5, 0x96, 0xb5,
    0x76, 0xb5, 0x76, 0xb5, 0x76, 0xb5, 0x76, 0xb5, 0x96, 0xb5, 0xb7, 0xbd,
    0xb6, 0xbd, 0xb7, 0xbd, 0xb7, 0xbd, 0xd7, 0xbd, 0xb7, 0xbd, 0xd7, 0xbd,
    0xd7, 0xbd, 0xd7, 0xbd, 0xd7, 0xbd, 0xd8, 0xbd, 0xd7, 0xbd, 0xd7, 0xbd,
    0xb7, 0xb5, 0x76, 0xb5, 0x55, 0xad, 0x55, 0xad, 0x55, 0xad, 0x35, 0xad,
    0x35, 0xa5, 0x35, 0xa5, 0x35, 0xa5, 0x14, 0xa5, 0x14, 0xa5, 0xf4, 0x9c,
    0xd3, 0x9c, 0xb3, 0x94, 0x72, 0x8c, 0x51, 0x8c, 0x11, 0x84, 0xcf, 0x7b,
    0x8e, 0x73, 0x4d, 0x63, 0xec, 0x5a, 0xab, 0x52, 0x6a, 0x4a, 0x29, 0x42,
    0xa7, 0x39, 0x66, 0x31, 0x04, 0x21, 0xa2, 0x10, 0x82, 0x10, 0x82, 0x10,
    0x82, 0x10, 0x82, 0x10, 0x82, 0x10, 0x82, 0x10, 0x82, 0x10, 0x82, 0x10,
    0x82, 0x10, 0x82, 0x10, 0x82, 0x10, 0x82, 0x10, 0x82, 0x10, 0x62, 0x10,
    0x82, 0x08, 0x82, 0x10, 0x82, 0x10, 0x62, 0x10, 0x62, 0x10, 0x62, 0x08,
    0x62, 0x10, 0x82, 0x10, 0x82, 0x10, 0xe4, 0x18, 0x45, 0x21, 0x66, 0x29,
    0xa7, 0x31, 0xc7, 0x39, 0xe8, 0x39, 0x29, 0x42, 0x29, 0x42, 0x6a, 0x4a,
    0x8a, 0x4a, 0x8b, 0x52, 0xab, 0x52, 0xcb, 0x52, 0xab, 0x52, 0xab, 0x52,
    0xab, 0x52, 0xab, 0x52, 0x8a, 0x52, 0x8a, 0x4a, 0x8a, 0x4a, 0x8a, 0x52,
    0x6a, 0x4a, 0x6a, 0x4a, 0x6a, 0x4a, 0x6a, 0x4a, 0x6a, 0x52, 0x8a, 0x52,
    0x8a, 0x4a, 0x6a, 0x4a, 0x49, 0x4a, 0x29, 0x42, 0x29, 0x42, 0xcb, 0x5a,
    0x8e, 0x73, 0x11, 0x84, 0x72, 0x8c, 0xd3, 0x9c, 0x14, 0xa5, 0x35, 0xa5,
    0x76, 0xb5, 0x97, 0xb5, 0xd7, 0xbd, 0xf8, 0xbd, 0xf8, 0xbd, 0xf7, 0xbd,
    0xd7, 0xbd, 0xd7, 0xbd, 0x97, 0xb5, 0x76, 0xad, 0x35, 0xa5, 0x14, 0xa5,
    0xf4, 0x9c, 0xd3, 0x9c, 0xd3, 0x94, 0xb3, 0x94, 0xb3, 0x94, 0xd3, 0x9c,
    0xf4, 0x9c, 0x35, 0xa5, 0x55, 0xad, 0x56, 0xad, 0x76, 0xad, 0x96, 0xb5,
    0xb7, 0xb5, 0xd7, 0xbd, 0xd8, 0xbd, 0xf8, 0xbd, 0x18, 0xc6, 0x18, 0xc6,
    0x18, 0xc6, 0xf8, 0xc5, 0xf8, 0xbd, 0xf8, 0xc5, 0xf8, 0xc5, 0x18, 0xc6,
    0x18, 0xc6, 0xf8, 0xbd, 0x18, 0xc6, 0xf8, 0xc5, 0xf8, 0xc5, 0xf8, 0xbd,
    0xd7, 0xbd, 0xb7, 0xb5, 0x76, 0xb5, 0x75, 0xad, 0x56, 0xb5, 0x56, 0xb5,
    0x55, 0xad, 0x55, 0xad, 0x55, 0xad, 0x56, 0xad, 0x55, 0xad, 0x55, 0xad,
    0x96, 0xb5, 0x97, 0xb5, 0x97, 0xb5, 0x96, 0xb5, 0x96, 0xb5, 0x96, 0xb5,
    0x97, 0xb5, 0x97, 0xb5, 0x96, 0xb5, 0x96, 0xb5, 0xb7, 0xb5, 0x97, 0xb5,
    0x97, 0xb5, 0x96, 0xb5, 0x76, 0xad, 0x56, 0xad, 0x76, 0xad, 0x76, 0xad,
    0x96, 0xb5, 0x96, 0xb5, 0x96, 0xb5, 0x96, 0xb5, 0x97, 0xbd, 0xb7, 0xbd,
    0xb6, 0xb5, 0xb7, 0xb5, 0xb7, 0xbd, 0xb7, 0xbd, 0xd7, 0xbd, 0xd7, 0xbd,
    0xd7, 0xbd, 0xd7, 0xbd, 0xd7, 0xbd, 0xd7, 0xbd, 0xd8, 0xbd, 0xb7, 0xb5,
    0xb7, 0xb5, 0x96, 0xb5, 0x76, 0xad, 0x55, 0xa5, 0x15, 0xa5, 0xf4, 0x9c,
    0xd3, 0x9c, 0xf4, 0x9c, 0x14, 0xa5, 0xf4, 0xa4, 0xf4, 0x9c, 0xb3, 0x9c,
    0x93, 0x94, 0x72, 0x8c, 0x31, 0x84, 0xf0, 0x7b, 0xaf, 0x73, 0x6e, 0x6b,
    0x2d, 0x63, 0xec, 0x5a, 0x8b, 0x52, 0x69, 0x4a, 0x08, 0x42, 0x87, 0x31,
    0x45, 0x29, 0xe4, 0x18, 0x83, 0x10, 0x82, 0x10, 0x82, 0x10, 0x82, 0x10,
    0x82, 0x10, 0x82, 0x10, 0x82, 0x10, 0x83, 0x10, 0x82, 0x10, 0x82, 0x10,
    0x82, 0x10, 0x82, 0x10, 0x82, 0x10, 0x82, 0x10, 0x82, 0x10, 0x82, 0x10,
    0x82, 0x10, 0x82, 0x10, 0x62, 0x08, 0x82, 0x10, 0x82, 0x10, 0x82, 0x08,
    0x82, 0x10, 0xa3, 0x10, 0xe4, 0x20, 0x45, 0x29, 0x86, 0x31, 0xa7, 0x31,
    0xe8, 0x39, 0x08, 0x42, 0x29, 0x42, 0x49, 0x4a, 0x6a, 0x4a, 0xab, 0x52,
    0xab, 0x52, 0xcb, 0x52, 0xcb, 0x52, 0xcc, 0x5a, 0xcb, 0x5a, 0xab, 0x52,
    0xab, 0x52, 0xab, 0x52, 0x8a, 0x52, 0x8b, 0x52, 0x8a, 0x4a, 0x8a, 0x52,
    0x8a, 0x52, 0x8b, 0x52, 0x8a, 0x52, 0x8a, 0x52, 0x6a, 0x52, 0x6a, 0x4a,
    0x6a, 0x4a, 0x49, 0x4a, 0x29, 0x42, 0x6a, 0x4a, 0x0c, 0x63, 0xaf, 0x73,
    0x31, 0x84, 0x93, 0x94, 0xf4, 0x9c, 0x14, 0xa5, 0x55, 0xad, 0x76, 0xad,
    0xb7, 0xb5, 0xd7, 0xbd, 0xf8, 0xbd, 0xf8, 0xbd, 0xf8, 0xc5, 0xf8, 0xbd,
    0xd7, 0xbd, 0xb7, 0xbd, 0x97, 0xb5, 0x76, 0xad, 0x55, 0xad, 0x14, 0xa5,
    0xf4, 0x9c, 0xd3, 0x9c, 0xb3, 0x94, 0xb3, 0x94, 0xd4, 0x9c, 0x14, 0xa5,
    0x35, 0xa5, 0x55, 0xad, 0x76, 0xad, 0x96, 0xb5, 0x97, 0xb5, 0xb7, 0xb5,
    0xd8, 0xbd, 0xf8, 0xbd, 0xf8, 0xbd, 0x18, 0xc6, 0x19, 0xc6, 0xf8, 0xc5,
    0xf8, 0xbd, 0xf8, 0xbd, 0xf9, 0xc5, 0x18, 0xc6, 0x18, 0xbe, 0x19, 0xbe,
    0xf8, 0xbd, 0xf8, 0xc5, 0x19, 0xbe, 0x18, 0xbe, 0xf8, 0xbd, 0xf8, 0xc5,
    0xd8, 0xbd, 0xb7, 0xbd, 0x76, 0xb5, 0x56, 0xad, 0x76, 0xad, 0x55, 0xad,
    0x56, 0xad, 0x56, 0xad, 0x55, 0xad, 0x56, 0xad, 0x56, 0xad, 0x55, 0xad,
    0xb7, 0xb5, 0xb7, 0xb5, 0xb7, 0xb5, 0x97, 0xb5, 0x97, 0xb5, 0x97, 0xb5,
    0x96, 0xb5, 0x97, 0xb5, 0xb7, 0xb5, 0xb7, 0xb5, 0x96, 0xb5, 0x97, 0xb5,
    0xb7, 0xb5, 0x96, 0xb5, 0x97, 0xb5, 0x76, 0xb5, 0x76, 0xad, 0x56, 0xad,
    0x56, 0xad, 0x76, 0xad, 0x76, 0xb5, 0x96, 0xb5, 0xb7, 0xbd, 0xb7, 0xbd,
    0xb7, 0xbd, 0xb6, 0xbd, 0xb7, 0xbd, 0xb7, 0xb5, 0xb7, 0xbd, 0xb7, 0xbd,
    0xd7, 0xbd, 0xd7, 0xbd, 0xd7, 0xbd, 0xd8, 0xbd, 0xd7, 0xbd, 0xb7, 0xb5,
    0xb7, 0xb5, 0x76, 0xb5, 0x76, 0xad, 0x55, 0xad, 0x15, 0xa5, 0xf4, 0x9c,
    0x93, 0x94, 0x92, 0x94, 0x92, 0x94, 0xb3, 0x94, 0xb3, 0x94, 0x92, 0x94,
    0x52, 0x8c, 0x31, 0x84, 0xf0, 0x7b, 0x8e, 0x73, 0x4e, 0x6b, 0x0c, 0x63,
    0xcb, 0x5a, 0x6a, 0x52, 0x49, 0x4a, 0xe8, 0x39, 0x86, 0x31, 0x45, 0x29,
    0xe4, 0x18, 0x82, 0x10, 0xa2, 0x10, 0xa2, 0x10, 0x82, 0x10, 0x83, 0x10,
    0x82, 0x10, 0x82, 0x10, 0x82, 0x10, 0x82, 0x10, 0x82, 0x10, 0x83, 0x10,
    0x82, 0x10, 0x82, 0x10, 0x82, 0x10, 0x82, 0x08, 0x62, 0x10, 0x82, 0x10,
    0x82, 0x10, 0x62, 0x10, 0x82, 0x10, 0x82, 0x08, 0x62, 0x10, 0x62, 0x10,
    0xa3, 0x10, 0x04, 0x21, 0x65, 0x29, 0x86, 0x31, 0xc7, 0x31, 0xe8, 0x39,
    0x09, 0x42, 0x49, 0x42, 0x69, 0x4a, 0x8a, 0x52, 0xab, 0x52, 0xcb, 0x52,
    0xcb, 0x5a, 0xcb, 0x5a, 0xcc, 0x5a, 0xcb, 0x52, 0xcb, 0x52, 0xab, 0x52,
    0xab, 0x52, 0xab, 0x52, 0xab, 0x52, 0x8a, 0x52, 0x8a, 0x52, 0x8b, 0x4a,
    0x8b, 0x52, 0x8a, 0x4a, 0x8a, 0x4a, 0x8b, 0x52, 0x6a, 0x4a, 0x6a, 0x4a,
    0x49, 0x4a, 0x49, 0x4a, 0x8b, 0x52, 0x4d, 0x6b, 0xf0, 0x7b, 0x52, 0x8c,
    0xb3, 0x94, 0xf4, 0x9c, 0x35, 0xa5, 0x76, 0xad, 0x96, 0xb5, 0xb7, 0xb5,
    0xd8, 0xbd, 0xf8, 0xc5, 0xf8, 0xbd, 0xf8, 0xc5, 0xf8, 0xbd, 0xf8, 0xbd,
    0xf7, 0xbd, 0xd7, 0xbd, 0xb7, 0xb5, 0x96, 0xb5, 0x55, 0xad, 0x15, 0xa5,
    0xf4, 0x9c, 0xd3, 0x9c, 0xd3, 0x94, 0xf4, 0x9c, 0x15, 0xa5, 0x35, 0xa5,
    0x56, 0xad, 0x76, 0xad, 0x96, 0xb5, 0xb7, 0xb5, 0xd7, 0xbd, 0xf8, 0xbd,
    0xf8, 0xc5, 0x18, 0xc6, 0xf8, 0xbd, 0xf8, 0xc5, 0xf8, 0xbd, 0xf8, 0xbd,
    0x18, 0xc6, 0x18, 0xc6, 0x18, 0xc6, 0x18, 0xbe, 0xf8, 0xc5, 0xf8, 0xc5,
    0x18, 0xc6, 0xf8, 0xc5, 0xf8, 0xc5, 0x18, 0xc6, 0xf8, 0xbd, 0xf8, 0xbd,
    0xf8, 0xbd, 0xd7, 0xbd, 0x97, 0xb5, 0x76, 0xad, 0x55, 0xad, 0x55, 0xad,
    0x55, 0xad, 0x55, 0xad, 0x55, 0xad, 0x55, 0xad, 0x56, 0xb5, 0x35, 0xad,
    0xb7, 0xb5, 0xb7, 0xb5, 0xb7, 0xbd, 0x97, 0xb5, 0x96, 0xb5, 0x96, 0xb5,
    0x97, 0xb5, 0x96, 0xb5, 0x97, 0xb5, 0x97, 0xb5, 0x97, 0xb5, 0x96, 0xb5,
    0x96, 0xb5, 0x97, 0xb5, 0x96, 0xb5, 0x76, 0xb5, 0x76, 0xb5, 0x76, 0xb5,
    0x76, 0xad, 0x56, 0xad, 0x56, 0xad, 0x96, 0xb5, 0xb7, 0xb5, 0xb7, 0xbd,
    0xb7, 0xbd, 0xb7, 0xb5, 0xb7, 0xbd, 0xb7, 0xbd, 0xb7, 0xbd, 0xb6, 0xb5,
    0xb7, 0xb5, 0xb7, 0xbd, 0xb7, 0xbd, 0xd7, 0xbd, 0xd7, 0xb5, 0xb7, 0xbd,
    0xb7, 0xb5, 0x96, 0xb5, 0x56, 0xad, 0x35, 0xa5, 0x14, 0xa5, 0xf4, 0x9c,
    0xb3, 0x9c, 0x72, 0x8c, 0x72, 0x8c, 0x51, 0x8c, 0x51, 0x8c, 0x31, 0x84,
    0x10, 0x84, 0xcf, 0x7b, 0x8e, 0x73, 0x4d, 0x6b, 0x0c, 0x5b, 0xab, 0x52,
    0x6a, 0x4a, 0x29, 0x42, 0xc7, 0x39, 0x66, 0x31, 0x25, 0x21, 0xc3, 0x18,
    0xa2, 0x10, 0x82, 0x10, 0x82, 0x10, 0x82, 0x10, 0x83, 0x10, 0x82, 0x10,
    0x82, 0x10, 0x82, 0x10, 0x82, 0x10, 0x82, 0x10, 0x82, 0x10, 0x82, 0x10,
    0x82, 0x10, 0x82, 0x10, 0x82, 0x10, 0x82, 0x10, 0x82, 0x10, 0x62, 0x10,
    0x82, 0x08, 0x82, 0x10, 0x82, 0x10, 0x62, 0x10, 0x82, 0x10, 0xc3, 0x18,
    0x25, 0x21, 0x66, 0x29, 0xa7, 0x31, 0xc7, 0x39, 0x08, 0x42, 0x29, 0x42,
    0x4a, 0x4a, 0x6a, 0x4a, 0x8b, 0x52, 0xab, 0x52, 0xec, 0x5a, 0xec, 0x5a,
    0xec, 0x5a, 0xec, 0x5a, 0xcb, 0x5a, 0xcc, 0x52, 0xcb, 0x52, 0xab, 0x52,
    0xab, 0x52, 0x8b, 0x52, 0x8b, 0x52, 0xaa, 0x52, 0xab, 0x52, 0x8b, 0x52,
    0x8a, 0x52, 0x8a, 0x4a, 0x8a, 0x52, 0x6a, 0x4a, 0x4a, 0x4a, 0x49, 0x4a,
    0x49, 0x4a, 0xcc, 0x5a, 0x8e, 0x73, 0x11, 0x84, 0x72, 0x8c, 0xd3, 0x94,
    0x14, 0xa5, 0x35, 0xa5, 0x76, 0xad, 0x97, 0xb5, 0xd7, 0xbd, 0xd8, 0xbd,
    0xf8, 0xc5, 0x18, 0xbe, 0xf8, 0xc5, 0xf8, 0xbd, 0xf8, 0xbd, 0xf7, 0xbd,
    0xd8, 0xc5, 0xd7, 0xbd, 0xb7, 0xb5, 0x96, 0xb5, 0x56, 0xad, 0x35, 0xa5,
    0x14, 0xa5, 0xf4, 0x9c, 0x14, 0xa5, 0x35, 0xa5, 0x55, 0xad, 0x76, 0xad,
    0x96, 0xb5, 0x97, 0xb5, 0xb7, 0xb5, 0xd7, 0xbd, 0xf8, 0xbd, 0xf8, 0xc5,
    0xf8, 0xbd, 0x18, 0xc6, 0x18, 0xc6, 0x18, 0xc6, 0x18, 0xc6, 0x18, 0xbe,
    0xf8, 0xc5, 0x18, 0xc6, 0xf8, 0xbd, 0xf8, 0xc5, 0x18, 0xc6, 0xf8, 0xc5,
    0x18, 0xbe, 0x18, 0xbe, 0x18, 0xc6, 0xf8, 0xc5, 0xf8, 0xc5, 0xf8, 0xbd,
    0xf8, 0xbd, 0xd7, 0xbd, 0xb7, 0xbd, 0x76, 0xb5, 0x75, 0xad, 0x55, 0xb5,
    0x55, 0xb5, 0x56, 0xad, 0x55, 0xad, 0x35, 0xad, 0x55, 0xad, 0x55, 0xad,
    0xb7, 0xb5, 0xd7, 0xbd, 0xb7, 0xbd, 0xb7, 0xb5, 0x96, 0xb5, 0x96, 0xb5,
    0x96, 0xb5, 0x97, 0xb5, 0x96, 0xb5, 0x96, 0xb5, 0x96, 0xb5, 0x76, 0xad,
    0x96, 0xb5, 0x96, 0xb5, 0x76, 0xb5, 0x76, 0xad, 0x76, 0xad, 0x76, 0xad,
    0x96, 0xb5, 0x97, 0xb5, 0x96, 0xb5, 0x76, 0xb5, 0x96, 0xb5, 0xb7, 0xb5,
    0xb7, 0xbd, 0xb7, 0xbd, 0xb7, 0xbd, 0xb7, 0xbd, 0xb7, 0xbd, 0xb7, 0xbd,
    0xb7, 0xb5, 0xb6, 0xbd, 0x97, 0xb5, 0xb7, 0xb5, 0xb7, 0xbd, 0xb7, 0xb5,
    0x96, 0xb5, 0x76, 0xad, 0x55, 0xad, 0x35, 0xa5, 0xf4, 0x9c, 0xd3, 0x9c,
    0x92, 0x94, 0x72, 0x8c, 0x31, 0x84, 0x10, 0x84, 0xf0, 0x83, 0xf0, 0x7b,
    0xaf, 0x73, 0x6e, 0x6b, 0x2d, 0x63, 0xec, 0x5a, 0x8a, 0x52, 0x4a, 0x4a,
    0x08, 0x42, 0xc7, 0x39, 0x66, 0x31, 0x25, 0x21, 0xc3, 0x18, 0x82, 0x10,
    0x82, 0x10, 0x82, 0x10, 0x82, 0x10, 0x83, 0x10, 0x82, 0x10, 0xa2, 0x10,
    0x82, 0x10, 0x82, 0x10, 0x83, 0x10, 0x82, 0x10, 0x82, 0x10, 0x82, 0x10,
    0x82, 0x10, 0x82, 0x10, 0x62, 0x10, 0x62, 0x10, 0x82, 0x10, 0x82, 0x10,
    0x82, 0x10, 0x82, 0x10, 0x62, 0x10, 0x82, 0x10, 0xe4, 0x18, 0x45, 0x21,
    0x66, 0x29, 0xa7, 0x31, 0xe8, 0x39, 0x08, 0x42, 0x49, 0x4a, 0x6a, 0x4a,
    0x8a, 0x4a, 0xab, 0x52, 0xcc, 0x5a, 0xec, 0x5a, 0xec, 0x5a, 0xec, 0x5a,
    0xec, 0x5a, 0xec, 0x5a, 0xcc, 0x5a, 0xcb, 0x5a, 0xcb, 0x52, 0xab, 0x52,
    0xab, 0x52, 0xab, 0x52, 0xab, 0x52, 0xab, 0x52, 0xab, 0x52, 0x8b, 0x52,
    0x8a, 0x52, 0x8a, 0x52, 0x6a, 0x4a, 0x4a, 0x4a, 0x29, 0x42, 0x6a, 0x4a,
    0x0d, 0x63, 0xcf, 0x73, 0x31, 0x8c, 0x93, 0x94, 0xf4, 0x9c, 0x14, 0xa5,
    0x35, 0xad, 0x56, 0xad, 0x96, 0xb5, 0xd7, 0xbd, 0xf8, 0xbd, 0xf8, 0xbd,
    0xf8, 0xc5, 0xf8, 0xbd, 0xf8, 0xbd, 0xf8, 0xc5, 0xf8, 0xbd, 0xf8, 0xbd,
    0xf7, 0xbd, 0xd8, 0xbd, 0xd7, 0xbd, 0x97, 0xb5, 0x96, 0xad, 0x55, 0xad,
    0x35, 0xa5, 0x35, 0xa5, 0x55, 0xad, 0x56, 0xad, 0x76, 0xad, 0x96, 0xb5,
    0xb7, 0xb5, 0xb7, 0xbd, 0xf8, 0xbd, 0xf8, 0xbd, 0xf8, 0xc5, 0x18, 0xbe,
    0xf8, 0xbd, 0xf8, 0xbd, 0xf8, 0xbd, 0xf8, 0xbd, 0xf8, 0xbd, 0xf8, 0xbd,
    0xf8, 0xbd, 0xf8, 0xbd, 0xf8, 0xbd, 0xf8, 0xbd, 0xf8, 0xbd, 0x18, 0xbe,
    0xf8, 0xc5, 0xf8, 0xc5, 0x18, 0xbe, 0xf8, 0xbd, 0x18, 0xbe, 0x18, 0xc6,
    0xf8, 0xbd, 0xd8, 0xbd, 0xb7, 0xbd, 0x96, 0xb5, 0x56, 0xad, 0x56, 0xad,
    0x55, 0xad, 0x55, 0xad, 0x55, 0xad, 0x35, 0xad, 0x55, 0xad, 0x55, 0xad,
    0xd7, 0xbd, 0xb7, 0xbd, 0xb7, 0xbd, 0xb7, 0xb5, 0x97, 0xb5, 0x96, 0xb5,
    0x97, 0xb5, 0x97, 0xb5, 0x96, 0xb5, 0x76, 0xad, 0x56, 0xad, 0x56, 0xad,
    0x56, 0xad, 0x56, 0xad, 0x56, 0xad, 0x76, 0xad, 0x76, 0xad, 0x76, 0xad,
    0x76, 0xad, 0x96, 0xb5, 0x96, 0xb5, 0x97, 0xb5, 0xb7, 0xb5, 0xb7, 0xb5,
    0xd7, 0xbd, 0xd7, 0xbd, 0xb7, 0xb5, 0xb7, 0xb5, 0xb7, 0xbd, 0xb7, 0xbd,
    0xb7, 0xbd, 0xb7, 0xbd, 0x96, 0xb5, 0x96, 0xb5, 0x96, 0xb5, 0x96, 0xb5,
    0x76, 0xad, 0x55, 0xad, 0x35, 0xa5, 0xf4, 0xa4, 0xf4, 0x9c, 0xb3, 0x9c,
    0x72, 0x8c, 0x10, 0x84, 0xd0, 0x7b, 0xcf, 0x73, 0xaf, 0x73, 0x8f, 0x73,
    0x4d, 0x6b, 0x2c, 0x63, 0xcc, 0x5a, 0x8a, 0x52, 0x29, 0x4a, 0x08, 0x3a,
    0xa7, 0x31, 0x66, 0x29, 0x24, 0x21, 0xc3, 0x18, 0x82, 0x10, 0x82, 0x10,
    0x82, 0x10, 0x83, 0x10, 0xa3, 0x10, 0xa2, 0x10, 0x82, 0x10, 0x82, 0x10,
    0x82, 0x10, 0x82, 0x10, 0x82, 0x10, 0x82, 0x10, 0x82, 0x10, 0x83, 0x10,
    0x82, 0x10, 0x82, 0x10, 0x82, 0x08, 0x82, 0x10, 0x82, 0x10, 0x82, 0x08,
    0x82, 0x10, 0x62, 0x10, 0x82, 0x10, 0xe4, 0x18, 0x45, 0x29, 0x86, 0x31,
    0xc7, 0x39, 0x08, 0x42, 0x29, 0x42, 0x6a, 0x4a, 0x8a, 0x4a, 0x8b, 0x52,
    0xcb, 0x52, 0xec, 0x5a, 0x0c, 0x5b, 0x0c, 0x5b, 0xec, 0x5a, 0xec, 0x5a,
    0xec, 0x5a, 0xec, 0x5a, 0xcb, 0x5a, 0xcc, 0x52, 0xcb, 0x52, 0xab, 0x5a,
    0xab, 0x52, 0x8a, 0x52, 0x8b, 0x52, 0x8b, 0x52, 0x8a, 0x52, 0x8a, 0x52,
    0x6a, 0x4a, 0x6a, 0x4a, 0x49, 0x4a, 0x29, 0x42, 0x8b, 0x52, 0x4d, 0x6b,
    0xf0, 0x7b, 0x72, 0x8c, 0xb3, 0x94, 0xf4, 0x9c, 0x35, 0xa5, 0x55, 0xad,
    0x56, 0xad, 0x56, 0xad, 0x76, 0xad, 0x96, 0xb5, 0xd7, 0xbd, 0xf8, 0xbd,
    0xf8, 0xc5, 0xf8, 0xc5, 0xf8, 0xbd, 0xf8, 0xbd, 0xf8, 0xc5, 0xf7, 0xbd,
    0xf8, 0xbd, 0xd7, 0xbd, 0xd7, 0xbd, 0xb7, 0xb5, 0x97, 0xb5, 0x96, 0xb5,
    0x76, 0xad, 0x76, 0xad, 0x76, 0xad, 0x96, 0xb5, 0x97, 0xb5, 0xb7, 0xb5,
    0xd7, 0xbd, 0xf8, 0xbd, 0xf8, 0xbd, 0x18, 0xc6, 0xf8, 0xbd, 0x18, 0xc6,
    0x18, 0xc6, 0xf8, 0xc5, 0xf8, 0xbd, 0xf8, 0xbd, 0xf8, 0xbd, 0xf8, 0xbd,
    0xf8, 0xbd, 0xf8, 0xbd, 0xf8, 0xbd, 0xf8, 0xbd, 0xd8, 0xbd, 0xd8, 0xb5,
    0xf8, 0xbd, 0xf8, 0xc5, 0xf8, 0xc5, 0x18, 0xc6, 0xf8, 0xc5, 0x18, 0xbe,
    0xf8, 0xbd, 0xf8, 0xbd, 0xd7, 0xbd, 0xb6, 0xb5, 0x76, 0xb5, 0x55, 0xad,
    0x55, 0xad, 0x55, 0xad, 0x55, 0xad, 0x35, 0xad, 0x35, 0xad, 0x55, 0xb5,
    0xd7, 0xbd, 0xb7, 0xb5, 0xb7, 0xb5, 0xb7, 0xbd, 0x97, 0xb5, 0x96, 0xb5,
    0x96, 0xb5, 0x97, 0xb5, 0x76, 0xb5, 0x76, 0xad, 0x35, 0xad, 0x35, 0xa5,
    0x55, 0xa5, 0x56, 0xad, 0x55, 0xad, 0x55, 0xad, 0x55, 0xad, 0x56, 0xad,
    0x76, 0xad, 0x76, 0xb5, 0x96, 0xad, 0x96, 0xb5, 0x97, 0xb5, 0xd7, 0xbd,
    0xd7, 0xbd, 0xd8, 0xbd, 0xd7, 0xbd, 0xb7, 0xbd, 0xb7, 0xb5, 0xb7, 0xb5,
    0xb6, 0xb5, 0x96, 0xb5, 0x96, 0xb5, 0x76, 0xb5, 0x96, 0xb5, 0x76, 0xb5,
    0x55, 0xad, 0x35, 0xad, 0xf4, 0xa4, 0xd3, 0x9c, 0x93, 0x94, 0x72, 0x8c,
    0x31, 0x84, 0xf0, 0x83, 0xaf, 0x73, 0x4d, 0x6b, 0x2d, 0x63, 0x2c, 0x63,
    0x0c, 0x63, 0xcb, 0x5a, 0x6a, 0x52, 0x29, 0x42, 0xe8, 0x39, 0x86, 0x31,
    0x45, 0x29, 0x04, 0x21, 0xa3, 0x18, 0x82, 0x10, 0x83, 0x10, 0x82, 0x10,
    0xa2, 0x10, 0x82, 0x10, 0x82, 0x10, 0x82, 0x10, 0x82, 0x10, 0x82, 0x10,
    0x83, 0x10, 0x82, 0x10, 0x82, 0x10, 0x82, 0x10, 0x82, 0x10, 0x82, 0x10,
    0x82, 0x10, 0x82, 0x10, 0x82, 0x10, 0x82, 0x10, 0x82, 0x10, 0x62, 0x10,
    0x62, 0x08, 0xa3, 0x10, 0x04, 0x21, 0x66, 0x29, 0xa7, 0x31, 0xe8, 0x39,
    0x08, 0x42, 0x49, 0x42, 0x6a, 0x4a, 0x8b, 0x52, 0xab, 0x52, 0xcb, 0x5a,
    0xec, 0x5a, 0x0d, 0x5b, 0x0c, 0x63, 0x0d, 0x63, 0xec, 0x5a, 0xec, 0x5a,
    0xec, 0x5a, 0xec, 0x5a, 0xec, 0x5a, 0xcb, 0x5a, 0xcc, 0x52, 0xab, 0x52,
    0xab, 0x52, 0x8a, 0x52, 0x8b, 0x52, 0x8a, 0x52, 0x8a, 0x4a, 0x6a, 0x4a,
    0x4a, 0x4a, 0x49, 0x4a, 0x49, 0x4a, 0xcc, 0x5a, 0x8f, 0x73, 0x11, 0x84,
    0x92, 0x94, 0xd3, 0x9c, 0xf4, 0x9c, 0x35, 0xad, 0x76, 0xad, 0x76, 0xad,
    0x76, 0xad, 0x97, 0xb5, 0x96, 0xb5, 0x56, 0xad, 0x56, 0xad, 0x96, 0xb5,
    0xb7, 0xb5, 0xf8, 0xbd, 0xf8, 0xc5, 0xf8, 0xbd, 0xf8, 0xbd, 0xf8, 0xbd,
    0xf7, 0xc5, 0xd8, 0xbd, 0xd7, 0xbd, 0xd7, 0xbd, 0xb7, 0xbd, 0xb7, 0xb5,
    0x96, 0xb5, 0x96, 0xb5, 0x97, 0xb5, 0xb7, 0xb5, 0xd7, 0xbd, 0xd8, 0xbd,
    0xf8, 0xbd, 0x18, 0xbe, 0xf8, 0xc5, 0xf8, 0xc5, 0x18, 0xc6, 0xf8, 0xbd,
    0xf8, 0xbd, 0xf8, 0xbd, 0xf8, 0xbd, 0xf8, 0xbd, 0xf8, 0xbd, 0xf8, 0xbd,
    0xf8, 0xbd, 0xf8, 0xbd, 0xd8, 0xbd, 0xd8, 0xbd, 0xd7, 0xbd, 0xd7, 0xb5,
    0xd8, 0xb5, 0xd8, 0xbd, 0xf8, 0xbd, 0xf8, 0xbd, 0x18, 0xc6, 0xf8, 0xc5,
    0xf8, 0xc5, 0xf8, 0xbd, 0xd7, 0xbd, 0xb7, 0xbd, 0x76, 0xb5, 0x75, 0xad,
    0x55, 0xb5, 0x55, 0xad, 0x55, 0xad, 0x35, 0xad, 0x35, 0xad, 0x55, 0xad,
    0xd7, 0xbd, 0xd7, 0xbd, 0xb7, 0xb5, 0xb7, 0xb5, 0xb7, 0xb5, 0x96, 0xb5,
    0x97, 0xb5, 0x96, 0xb5, 0x76, 0xb5, 0x56, 0xad, 0x55, 0xad, 0x55, 0xad,
    0x55, 0xad, 0x35, 0xad, 0x35, 0xa5, 0x15, 0xa5, 0x15, 0xa5, 0x15, 0xa5,
    0x55, 0xad, 0x56, 0xad, 0x76, 0xb5, 0x97, 0xb5, 0xb6, 0xb5, 0xb7, 0xb5,
    0xb7, 0xbd, 0xd8, 0xbd, 0xd7, 0xbd, 0xd7, 0xbd, 0xb7, 0xbd, 0xb7, 0xb5,
    0x96, 0xb5, 0x96, 0xb5, 0x76, 0xb5, 0x56, 0xb5, 0x55, 0xad, 0x55, 0xad,
    0x35, 0xad, 0xf4, 0xa4, 0xf3, 0xa4, 0xd3, 0x9c, 0x92, 0x94, 0x31, 0x84,
    0xcf, 0x7b, 0x6e, 0x6b, 0x0c, 0x63, 0xec, 0x5a, 0xcc, 0x5a, 0xcb, 0x5a,
    0xab, 0x52, 0x6a, 0x4a, 0x08, 0x42, 0xc7, 0x39, 0x86, 0x31, 0x45, 0x29,
    0x04, 0x21, 0xa3, 0x10, 0x82, 0x10, 0x82, 0x10, 0x82, 0x10, 0xa3, 0x10,
    0x82, 0x10, 0x82, 0x10, 0x82, 0x10, 0x83, 0x10, 0x82, 0x10, 0xa2, 0x10,
    0x82, 0x10, 0x82, 0x10, 0x82, 0x10, 0x83, 0x10, 0x82, 0x10, 0x82, 0x10,
    0x82, 0x10, 0x82, 0x10, 0x62, 0x10, 0x82, 0x10, 0x82, 0x10, 0x82, 0x10,
    0xc3, 0x18, 0x25, 0x21, 0x86, 0x31, 0xc7, 0x39, 0xe8, 0x39, 0x29, 0x42,
    0x4a, 0x4a, 0x6a, 0x4a, 0xab, 0x52, 0xcb, 0x52, 0xec, 0x5a, 0x0c, 0x63,
    0x2d, 0x63, 0x2d, 0x63, 0x0d, 0x63, 0x0c, 0x5b, 0x0c, 0x5b, 0x0c, 0x5b,
    0xec, 0x5a, 0xec, 0x5a, 0xcc, 0x5a, 0xcb, 0x5a, 0xcb, 0x52, 0xab, 0x52,
    0xab, 0x52, 0x8b, 0x52, 0x8a, 0x52, 0x6a, 0x4a, 0x6a, 0x4a, 0x49, 0x4a,
    0x29, 0x42, 0x4a, 0x4a, 0x0c, 0x63, 0xd0, 0x7b, 0x51, 0x84, 0x93, 0x94,
    0xd3, 0x9c, 0x14, 0xa5, 0x55, 0xad, 0x76, 0xad, 0x97, 0xb5, 0x97, 0xb5,
    0xb7, 0xb5, 0xd7, 0xbd, 0xd7, 0xb5, 0x96, 0xad, 0x55, 0xad, 0x35, 0xa5,
    0x35, 0xa5, 0x75, 0xad, 0xb7, 0xb5, 0xf8, 0xbd, 0xf8, 0xc5, 0xf8, 0xbd,
    0xf8, 0xbd, 0xf7, 0xbd, 0xf8, 0xbd, 0xf8, 0xbd, 0xd7, 0xbd, 0xd7, 0xbd,
    0xd7, 0xbd, 0xb7, 0xbd, 0xb7, 0xbd, 0xd7, 0xbd, 0xf8, 0xbd, 0xf8, 0xbd,
    0x18, 0xc6, 0x18, 0xc6, 0x18, 0xc6, 0xf8, 0xbd, 0xf8, 0xbd, 0xf8, 0xbd,
    0xf8, 0xbd, 0xf8, 0xbd, 0xf8, 0xbd, 0xf8, 0xbd, 0xf8, 0xbd, 0xd8, 0xbd,
    0xd8, 0xbd, 0xd7, 0xbd, 0xd8, 0xb5, 0xd7, 0xb5, 0xb7, 0xb5, 0xb7, 0xb5,
    0xb7, 0xb5, 0xb7, 0xb5, 0xd7, 0xb5, 0xd8, 0xbd, 0xf8, 0xbd, 0x18, 0xc6,
    0xf8, 0xbd, 0xf8, 0xbd, 0xd8, 0xbd, 0xd7, 0xbd, 0x96, 0xb5, 0x76, 0xb5,
    0x55, 0xad, 0x55, 0xad, 0x55, 0xad, 0x55, 0xad, 0x35, 0xad, 0x35, 0xad,
    0xd8, 0xbd, 0xd7, 0xbd, 0xb7, 0xb5, 0xb7, 0xb5, 0xb7, 0xb5, 0x96, 0xb5,
    0x96, 0xb5, 0x76, 0xb5, 0x76, 0xad, 0x55, 0xad, 0x35, 0xad, 0x56, 0xad,
    0x56, 0xad, 0x55, 0xad, 0x35, 0xa5, 0x14, 0xa5, 0x15, 0xa5, 0x14, 0xa5,
    0x35, 0xa5, 0x35, 0xad, 0x76, 0xad, 0x96, 0xb5, 0x97, 0xb5, 0xb7, 0xb5,
    0xd7, 0xbd, 0xd7, 0xbd, 0xd7, 0xbd, 0xd7, 0xbd, 0xb7, 0xbd, 0xb7, 0xbd,
    0x96, 0xb5, 0x96, 0xb5, 0x76, 0xb5, 0x35, 0xad, 0x35, 0xad, 0x34, 0xad,
    0x14, 0xa5, 0xd3, 0x9c, 0xb3, 0x9c, 0x92, 0x94, 0x52, 0x8c, 0x31, 0x84,
    0xaf, 0x7b, 0x2d, 0x63, 0x8a, 0x52, 0x49, 0x4a, 0x6a, 0x4a, 0x6a, 0x4a,
    0x49, 0x4a, 0x08, 0x42, 0xa7, 0x39, 0x66, 0x29, 0x25, 0x29, 0xe4, 0x20,
    0xa3, 0x18, 0x82, 0x10, 0x82, 0x10, 0x82, 0x10, 0xa2, 0x10, 0x82, 0x10,
    0x83, 0x10, 0x82, 0x10, 0xa2, 0x10, 0x82, 0x10, 0x82, 0x10, 0x82, 0x10,
    0x82, 0x10, 0x82, 0x10, 0x82, 0x10, 0x82, 0x10, 0x82, 0x10, 0x82, 0x10,
    0x82, 0x10, 0x82, 0x10, 0x82, 0x10, 0x62, 0x10, 0x82, 0x10, 0xe4, 0x18,
    0x45, 0x29, 0x87, 0x31, 0xe7, 0x39, 0x09, 0x42, 0x49, 0x42, 0x6a, 0x4a,
    0x8a, 0x52, 0xab, 0x52, 0xec, 0x5a, 0xec, 0x5a, 0x0d, 0x63, 0x2d, 0x63,
    0x2d, 0x63, 0x2d, 0x63, 0x2c, 0x63, 0x0d, 0x5b, 0x0c, 0x5b, 0xec, 0x62,
    0xec, 0x5a, 0xec, 0x5a, 0xcc, 0x5a, 0xcb, 0x5a, 0xcb, 0x5a, 0xab, 0x52,
    0xab, 0x52, 0x8a, 0x52, 0x6a, 0x4a, 0x4a, 0x4a, 0x49, 0x4a, 0x29, 0x42,
    0x8a, 0x52, 0x4d, 0x6b, 0xf0, 0x7b, 0x52, 0x8c, 0xb3, 0x94, 0xf4, 0x9c,
    0x35, 0xa5, 0x56, 0xad, 0x96, 0xb5, 0xb7, 0xb5, 0xd7, 0xbd, 0xd7, 0xbd,
    0xd7, 0xbd, 0xd7, 0xbd, 0xb7, 0xbd, 0x97, 0xb5, 0x76, 0xad, 0x76, 0xad,
    0x56, 0xad, 0x76, 0xad, 0x96, 0xb5, 0xd7, 0xbd, 0xf8, 0xbd, 0xf8, 0xc5,
    0xf8, 0xbd, 0xf8, 0xbd, 0xf8, 0xbd, 0xf8, 0xc5, 0xf8, 0xbd, 0xf8, 0xbd,
    0xf8, 0xbd, 0xf8, 0xbd, 0xf8, 0xbd, 0xf8, 0xbd, 0xf8, 0xc5, 0xf8, 0xbd,
    0xf8, 0xc5, 0xf8, 0xbd, 0xf8, 0xbd, 0xf8, 0xbd, 0xf8, 0xbd, 0xf8, 0xbd,
    0xf8, 0xbd, 0xf8, 0xbd, 0xf8, 0xbd, 0xd8, 0xbd, 0xd8, 0xbd, 0xd7, 0xb5,
    0xd7, 0xb5, 0xd7, 0xb5, 0xb7, 0xb5, 0xb7, 0xb5, 0xb7, 0xb5, 0xb7, 0xb5,
    0xb7, 0xb5, 0x97, 0xad, 0xb7, 0xb5, 0xb7, 0xb5, 0xd8, 0xbd, 0xf8, 0xbd,
    0x18, 0xc6, 0xf8, 0xbd, 0xf8, 0xbd, 0xd7, 0xbd, 0xb6, 0xb5, 0x76, 0xb5,
    0x55, 0xad, 0x55, 0xb5, 0x55, 0xad, 0x35, 0xad, 0x55, 0xad, 0x35, 0xad,
    0xd7, 0xbd, 0xd7, 0xbd, 0xb7, 0xb5, 0xb7, 0xbd, 0xb7, 0xb5, 0x97, 0xb5,
    0x96, 0xb5, 0x96, 0xb5, 0x97, 0xb5, 0x76, 0xad, 0x35, 0xa5, 0x35, 0xad,
    0x55, 0xad, 0x56, 0xad, 0x56, 0xad, 0x55, 0xad, 0x35, 0xa5, 0x35, 0xa5,
    0x35, 0xad, 0x76, 0xad, 0x96, 0xb5, 0x96, 0xb5, 0x97, 0xb5, 0xb7, 0xb5,
    0xb7, 0xbd, 0xd7, 0xbd, 0xb7, 0xbd, 0xb7, 0xbd, 0xb7, 0xb5, 0x96, 0xb5,
    0x96, 0xb5, 0x76, 0xb5, 0x55, 0xad, 0x35, 0xad, 0x14, 0xad, 0xf4, 0xa4,
    0xf3, 0xa4, 0xb3, 0x9c, 0x92, 0x94, 0x51, 0x8c, 0x11, 0x84, 0xf0, 0x7b,
    0x8e, 0x73, 0x2d, 0x63, 0xab, 0x52, 0x29, 0x4a, 0x08, 0x42, 0xa6, 0x31,
    0xa6, 0x31, 0xa7, 0x31, 0x45, 0x29, 0x04, 0x21, 0xe3, 0x18, 0xa3, 0x10,
    0x82, 0x10, 0x82, 0x10, 0xa3, 0x10, 0xa2, 0x10, 0x83, 0x10, 0x82, 0x10,
    0x82, 0x10, 0xa2, 0x10, 0x83, 0x10, 0x82, 0x10, 0x82, 0x10, 0x83, 0x10,
    0x82, 0x10, 0x82, 0x10, 0x83, 0x10, 0x82, 0x10, 0x82, 0x10, 0x82, 0x10,
    0x82, 0x10, 0x82, 0x10, 0x62, 0x10, 0x82, 0x10, 0xe4, 0x18, 0x66, 0x29,
    0xa7, 0x31, 0xe8, 0x39, 0x29, 0x42, 0x49, 0x4a, 0x6a, 0x4a, 0xab, 0x52,
    0xcb, 0x5a, 0xec, 0x5a, 0x0d, 0x63, 0x2d, 0x63, 0x4d, 0x63, 0x4d, 0x63,
    0x2d, 0x63, 0x2d, 0x63, 0x0d, 0x63, 0x0c, 0x5b, 0x0c, 0x63, 0xec, 0x5a,
    0xec, 0x5a, 0xec, 0x5a, 0xec, 0x5a, 0xcb, 0x5a, 0xcc, 0x5a, 0xcb, 0x52,
    0xab, 0x52, 0x8a, 0x52, 0x49, 0x4a, 0x29, 0x42, 0x29, 0x42, 0xab, 0x52,
    0x6e, 0x73, 0x11, 0x84, 0x72, 0x8c, 0xb3, 0x94, 0xf4, 0x9c, 0x35, 0xad,
    0x76, 0xad, 0x96, 0xb5, 0xb7, 0xbd, 0xf8, 0xbd, 0xf8, 0xbd, 0xd7, 0xbd,
    0xd7, 0xbd, 0xb7, 0xbd, 0xb7, 0xb5, 0x96, 0xb5, 0x76, 0xad, 0x76, 0xb5,
    0xb7, 0xb5, 0xb7, 0xbd, 0xb7, 0xbd, 0xb7, 0xb5, 0xf8, 0xbd, 0xf8, 0xbd,
    0xf8, 0xc5, 0xf8, 0xc5, 0xf8, 0xbd, 0xf8, 0xc5, 0xf8, 0xbd, 0xf8, 0xbd,
    0xf8, 0xbd, 0xf8, 0xbd, 0xf8, 0xc5, 0xf8, 0xc5, 0x18, 0xbe, 0xf8, 0xc5,
    0xf8, 0xbd, 0xf8, 0xc5, 0xf8, 0xbd, 0xf8, 0xbd, 0xf8, 0xbd, 0xf8, 0xbd,
    0xd8, 0xbd, 0xd8, 0xbd, 0xd7, 0xb5, 0xd7, 0xb5, 0xb7, 0xb5, 0xb7, 0xb5,
    0xb7, 0xb5, 0xb7, 0xb5, 0xb7, 0xb5, 0xb7, 0xb5, 0x97, 0xb5, 0x97, 0xad,
    0x97, 0xad, 0x96, 0xad, 0x76, 0xad, 0xb7, 0xad, 0xb7, 0xb5, 0xf8, 0xbd,
    0xf8, 0xc5, 0xf8, 0xc5, 0xf8, 0xbd, 0xd7, 0xbd, 0xb7, 0xbd, 0x96, 0xb5,
    0x75, 0xb5, 0x55, 0xad, 0x55, 0xad, 0x55, 0xb5, 0x35, 0xad, 0x35, 0xad,
    0xb7, 0xb5, 0xd7, 0xbd, 0xb7, 0xbd, 0xb7, 0xbd, 0xb7, 0xb5, 0x96, 0xb5,
    0x97, 0xb5, 0x97, 0xb5, 0x96, 0xb5, 0x97, 0xb5, 0x76, 0xb5, 0x76, 0xad,
    0x55, 0xad, 0x35, 0xa5, 0x55, 0xad, 0x56, 0xad, 0x76, 0xad, 0x76, 0xad,
    0x76, 0xb5, 0x96, 0xb5, 0x97, 0xb5, 0xb7, 0xb5, 0x96, 0xb5, 0x97, 0xb5,
    0xb7, 0xb5, 0xb7, 0xbd, 0xb7, 0xbd, 0xb7, 0xb5, 0x96, 0xb5, 0x96, 0xb5,
    0x76, 0xb5, 0x55, 0xb5, 0x35, 0xad, 0x14, 0xad, 0xf4, 0xa4, 0xd3, 0x9c,
    0xb2, 0x9c, 0x92, 0x94, 0x71, 0x94, 0x31, 0x8c, 0xd0, 0x7b, 0x8e, 0x73,
    0x4d, 0x6b, 0xec, 0x5a, 0x8a, 0x52, 0x29, 0x42, 0xe8, 0x39, 0xa7, 0x39,
    0x66, 0x29, 0x25, 0x29, 0x04, 0x21, 0xc3, 0x18, 0xa3, 0x18, 0x82, 0x10,
    0x82, 0x10, 0x82, 0x10, 0x82, 0x10, 0x83, 0x10, 0x82, 0x10, 0xa2, 0x10,
    0x82, 0x10, 0x82, 0x10, 0x82, 0x10, 0x82, 0x10, 0x82, 0x10, 0x82, 0x10,
    0x82, 0x10, 0x82, 0x10, 0x82, 0x10, 0x82, 0x10, 0x82, 0x10, 0x82, 0x10,
    0x82, 0x10, 0x62, 0x08, 0xa3, 0x10, 0x05, 0x21, 0x66, 0x29, 0xc7, 0x39,
    0x08, 0x3a, 0x29, 0x42, 0x6a, 0x4a, 0x8a, 0x52, 0xab, 0x52, 0xec, 0x5a,
    0x0c, 0x5b, 0x2d, 0x63, 0x4d, 0x63, 0x4d, 0x63, 0x4e, 0x63, 0x4d, 0x6b,
    0x2d, 0x63, 0x2d, 0x63, 0x0d, 0x63, 0x0c, 0x63, 0x0c, 0x5b, 0x0c, 0x5b,
    0xec, 0x5a, 0xec, 0x5a, 0xcc, 0x5a, 0xcc, 0x5a, 0xcb, 0x5a, 0xab, 0x52,
    0x8b, 0x52, 0x6a, 0x4a, 0x49, 0x4a, 0x6a, 0x4a, 0xec, 0x62, 0xaf, 0x73,
    0x31, 0x84, 0x92, 0x94, 0xd3, 0x9c, 0x14, 0xa5, 0x56, 0xad, 0x76, 0xad,
    0xb7, 0xb5, 0xd7, 0xbd, 0xf8, 0xbd, 0xf8, 0xc5, 0xf8, 0xbd, 0xd7, 0xbd,
    0xb7, 0xb5, 0x97, 0xb5, 0x96, 0xad, 0x76, 0xad, 0x76, 0xad, 0x76, 0xb5,
    0xb7, 0xb5, 0xb7, 0xb5, 0xb7, 0xb5, 0xb7, 0xbd, 0xd7, 0xbd, 0xf8, 0xbd,
    0xf8, 0xbd, 0xf8, 0xc5, 0xf8, 0xc5, 0x18, 0xbe, 0xf8, 0xc5, 0xf8, 0xc5,
    0xf8, 0xbd, 0xf8, 0xbd, 0xf8, 0xbd, 0xf8, 0xbd, 0xf8, 0xc5, 0x18, 0xbe,
    0xf8, 0xbd, 0xf8, 0xbd, 0xf8, 0xbd, 0xf8, 0xbd, 0xd8, 0xbd, 0xd8, 0xbd,
    0xd7, 0xbd, 0xb7, 0xb5, 0xb7, 0xb5, 0xb7, 0xb5, 0x97, 0xb5, 0x97, 0xb5,
    0x96, 0xad, 0x96, 0xad, 0x97, 0xad, 0x96, 0xad, 0x96, 0xad, 0x76, 0xad,
    0x76, 0xad, 0x76, 0xad, 0x76, 0xad, 0x76, 0xad, 0xb7, 0xb5, 0xd7, 0xb5,
    0xf8, 0xbd, 0xf8, 0xc5, 0xf8, 0xc5, 0xf8, 0xbd, 0xd7, 0xbd, 0x96, 0xb5,
    0x76, 0xb5, 0x55, 0xb5, 0x55, 0xad, 0x55, 0xb5, 0x55, 0xad, 0x35, 0xad,
    0xb7, 0xb5, 0xb7, 0xb5, 0xb7, 0xb5, 0xb7, 0xb5, 0xb7, 0xb5, 0x96, 0xb5,
    0x96, 0xb5, 0x96, 0xb5, 0x96, 0xb5, 0x96, 0xb5, 0x97, 0xb5, 0x97, 0xb5,
    0x97, 0xb5, 0x96, 0xb5, 0x76, 0xad, 0x76, 0xad, 0x76, 0xad, 0x76, 0xb5,
    0x96, 0xb5, 0xb7, 0xb5, 0xb7, 0xb5, 0x97, 0xb5, 0x96, 0xb5, 0x96, 0xb5,
    0xb7, 0xbd, 0xb7, 0xbd, 0xb6, 0xb5, 0x96, 0xb5, 0x96, 0xb5, 0x76, 0xb5,
    0x55, 0xb5, 0x35, 0xad, 0x14, 0xad, 0xf4, 0xa4, 0xd3, 0x9c, 0xb3, 0x9c,
    0x72, 0x94, 0x51, 0x8c, 0x10, 0x8c, 0xef, 0x83, 0xaf, 0x73, 0x4d, 0x6b,
    0x0c, 0x63, 0xab, 0x52, 0x49, 0x4a, 0xe8, 0x39, 0xc7, 0x39, 0xa7, 0x31,
    0x45, 0x29, 0x04, 0x21, 0xc3, 0x18, 0xa2, 0x10, 0x83, 0x10, 0x82, 0x10,
    0x82, 0x10, 0xa2, 0x10, 0x82, 0x10, 0x82, 0x10, 0x82, 0x10, 0x82, 0x10,
    0xa3, 0x10, 0x82, 0x10, 0x82, 0x10, 0x82, 0x10, 0x82, 0x10, 0x82, 0x10,
    0x82, 0x10, 0x82, 0x10, 0x82, 0x10, 0x82, 0x10, 0x82, 0x10, 0x62, 0x10,
    0x62, 0x10, 0xc3, 0x18, 0x45, 0x21, 0x87, 0x31, 0xc8, 0x39, 0x08, 0x42,
    0x49, 0x4a, 0x6a, 0x4a, 0xab, 0x52, 0xcc, 0x5a, 0x0c, 0x5b, 0x2d, 0x63,
    0x2d, 0x63, 0x4d, 0x63, 0x4e, 0x6b, 0x6d, 0x6b, 0x4e, 0x6b, 0x4e, 0x63,
    0x2d, 0x63, 0x2d, 0x63, 0x2d, 0x63, 0x0c, 0x5b, 0x0c, 0x5b, 0xec, 0x5a,
    0xec, 0x5a, 0xec, 0x5a, 0xec, 0x5a, 0xcb, 0x5a, 0xab, 0x52, 0x8b, 0x52,
    0x6a, 0x52, 0x49, 0x4a, 0x8b, 0x52, 0x6e, 0x6b, 0xf0, 0x7b, 0x52, 0x8c,
    0xb3, 0x94, 0xf4, 0x9c, 0x15, 0xa5, 0x55, 0xad, 0x96, 0xb5, 0xb7, 0xb5,
    0xd7, 0xbd, 0xf8, 0xbd, 0xf8, 0xbd, 0xf8, 0xc5, 0xf8, 0xbd, 0xd7, 0xbd,
    0x97, 0xb5, 0x76, 0xb5, 0x76, 0xad, 0x76, 0xad, 0x55, 0xad, 0x55, 0xad,
    0x97, 0xb5, 0xb7, 0xb5, 0xb7, 0xb5, 0xb7, 0xb5, 0xd7, 0xbd, 0xf8, 0xbd,
    0xf8, 0xc5, 0xf8, 0xbd, 0x18, 0xbe, 0xf8, 0xc5, 0xf8, 0xbd, 0x18, 0xbe,
    0x18, 0xc6, 0xf8, 0xc5, 0x18, 0xc6, 0xf8, 0xc5, 0xf8, 0xbd, 0xf8, 0xbd,
    0xf8, 0xc5, 0xf8, 0xbd, 0xf8, 0xbd, 0xd8, 0xbd, 0xd7, 0xbd, 0xd7, 0xb5,
    0xb7, 0xb5, 0xb7, 0xb5, 0xb7, 0xb5, 0x97, 0xad, 0x96, 0xad, 0x76, 0xad,
    0x76, 0xad, 0x76, 0xad, 0x76, 0xad, 0x56, 0xa5, 0x56, 0xa5, 0x76, 0xad,
    0x76, 0xad, 0x76, 0xa5, 0x76, 0xad, 0x76, 0xad, 0x97, 0xad, 0xb7, 0xb5,
    0xd8, 0xbd, 0xf8, 0xbd, 0xf8, 0xbd, 0xf8, 0xbd, 0xd7, 0xbd, 0xb7, 0xbd,
    0x76, 0xb5, 0x75, 0xb5, 0x55, 0xad, 0x55, 0xad, 0x55, 0xad, 0x55, 0xb5,
    0xb7, 0xb5, 0xb7, 0xb5, 0xb7, 0xb5, 0xb7, 0xb5, 0xb7, 0xb5, 0x96, 0xb5,
    0x96, 0xb5, 0x96, 0xb5, 0x97, 0xb5, 0x96, 0xb5, 0x96, 0xb5, 0x97, 0xb5,
    0x96, 0xb5, 0x97, 0xb5, 0xb7, 0xb5, 0x97, 0xb5, 0x96, 0xb5, 0x76, 0xad,
    0x76, 0xb5, 0xb7, 0xb5, 0xd7, 0xbd, 0xb7, 0xbd, 0xb7, 0xb5, 0xb7, 0xb5,
    0xb7, 0xbd, 0xb7, 0xbd, 0x96, 0xb5, 0x96, 0xb5, 0x76, 0xb5, 0x55, 0xad,
    0x35, 0xad, 0x14, 0xa5, 0xf4, 0xa4, 0xd3, 0x9c, 0xb2, 0x9c, 0x72, 0x94,
    0x31, 0x8c, 0x10, 0x84, 0xcf, 0x7b, 0x8e, 0x73, 0x4d, 0x6b, 0x0c, 0x63,
    0xcb, 0x5a, 0x8a, 0x52, 0x29, 0x42, 0xc7, 0x39, 0x86, 0x31, 0x66, 0x29,
    0x04, 0x21, 0xe3, 0x18, 0x83, 0x18, 0x82, 0x10, 0xa2, 0x10, 0x82, 0x10,
    0x82, 0x10, 0x83, 0x10, 0xa3, 0x10, 0x82, 0x10, 0xa2, 0x10, 0x83, 0x10,
    0x82, 0x10, 0x82, 0x10, 0x82, 0x10, 0x82, 0x10, 0x83, 0x10, 0x82, 0x10,
    0x82, 0x10, 0x83, 0x10, 0x82, 0x10, 0x82, 0x10, 0x82, 0x10, 0x82, 0x10,
    0xc4, 0x18, 0x45, 0x29, 0xc7, 0x31, 0x08, 0x3a, 0x29, 0x42, 0x49, 0x4a,
    0x8a, 0x4a, 0xab, 0x52, 0xec, 0x5a, 0x0d, 0x63, 0x4d, 0x63, 0x4e, 0x6b,
    0x4e, 0x6b, 0x6e, 0x6b, 0x6e, 0x6b, 0x4e, 0x6b, 0x4d, 0x63, 0x4d, 0x63,
    0x2d, 0x63, 0x2d, 0x63, 0x0d, 0x63, 0x0c, 0x63, 0x0d, 0x5b, 0xec, 0x62,
    0xec, 0x5a, 0xec, 0x5a, 0xcc, 0x5a, 0xab, 0x52, 0x8a, 0x52, 0x6a, 0x4a,
    0x6a, 0x4a, 0x6a, 0x4a, 0xcb, 0x5a, 0xaf, 0x7b, 0x72, 0x8c, 0xd3, 0x9c,
    0xf4, 0x9c, 0x35, 0xa5, 0x76, 0xad, 0x96, 0xb5, 0xb7, 0xbd, 0xd7, 0xbd,
    0xf8, 0xbd, 0xf8, 0xc5, 0xf8, 0xbd, 0xf8, 0xbd, 0xf8, 0xc5, 0xf7, 0xbd,
    0xd7, 0xbd, 0xb7, 0xb5, 0x96, 0xb5, 0x56, 0xad, 0x14, 0xa5, 0xd4, 0x9c,
    0x35, 0xa5, 0x76, 0xad, 0x96, 0xb5, 0xd7, 0xbd, 0xf8, 0xbd, 0xf8, 0xbd,
    0xf8, 0xbd, 0xf8, 0xc5, 0x18, 0xbe, 0xf8, 0xc5, 0x18, 0xbe, 0x18, 0xc6,
    0xf8, 0xc5, 0x18, 0xc6, 0x19, 0xc6, 0xf8, 0xbd, 0xf8, 0xc5, 0xf8, 0xbd,
    0xf8, 0xbd, 0xd8, 0xbd, 0xd8, 0xbd, 0xd7, 0xb5, 0xb7, 0xb5, 0xb7, 0xb5,
    0xb7, 0xb5, 0x97, 0xb5, 0x97, 0xad, 0x76, 0xad, 0x76, 0xad, 0x56, 0xa5,
    0x56, 0xa5, 0x55, 0xa5, 0x56, 0xa5, 0x56, 0xa5, 0x56, 0xa5, 0x56, 0xa5,
    0x56, 0xa5, 0x76, 0xa5, 0x76, 0xad, 0x76, 0xa5, 0x76, 0xad, 0xb7, 0xb5,
    0xd7, 0xb5, 0xd8, 0xbd, 0xf8, 0xbd, 0xf8, 0xc5, 0xd7, 0xbd, 0xd7, 0xbd,
    0x96, 0xb5, 0x76, 0xb5, 0x55, 0xb5, 0x55, 0xad, 0x55, 0xad, 0x35, 0xad,
    0x97, 0xb5, 0x97, 0xb5, 0x97, 0xb5, 0xb7, 0xb5, 0xb7, 0xb5, 0x97, 0xb5,
    0x96, 0xb5, 0x97, 0xb5, 0x96, 0xb5, 0x77, 0xb5, 0x96, 0xb5, 0x96, 0xb5,
    0x97, 0xb5, 0x97, 0xb5, 0x97, 0xb5, 0xb7, 0xb5, 0x96, 0xb5, 0x96, 0xb5,
    0x76, 0xb5, 0x96, 0xb5, 0xb7, 0xb5, 0xb7, 0xb5, 0xb7, 0xbd, 0xb7, 0xb5,
    0xb7, 0xb5, 0x96, 0xb5, 0x96, 0xb5, 0x76, 0xb5, 0x55, 0xad, 0x35, 0xad,
    0x14, 0xad, 0xf3, 0xa4, 0xd3, 0x9c, 0x92, 0x9c, 0x71, 0x94, 0x31, 0x8c,
    0xf0, 0x83, 0xcf, 0x7b, 0x6e, 0x73, 0x2d, 0x6b, 0xec, 0x62, 0xcb, 0x5a,
    0x6a, 0x52, 0x49, 0x4a, 0xe8, 0x39, 0x86, 0x31, 0x45, 0x29, 0x05, 0x21,
    0xc3, 0x18, 0xa2, 0x10, 0x83, 0x10, 0x82, 0x10, 0x82, 0x10, 0x83, 0x18,
    0x82, 0x10, 0xa2, 0x10, 0x82, 0x10, 0x82, 0x10, 0x82, 0x10, 0xa3, 0x10,
    0x82, 0x10, 0xa2, 0x10, 0x82, 0x10, 0x82, 0x10, 0x82, 0x10, 0x82, 0x10,
    0x82, 0x10, 0x82, 0x10, 0x82, 0x10, 0x82, 0x10, 0x82, 0x10, 0xe4, 0x20,
    0x66, 0x29, 0xc7, 0x39, 0x08, 0x42, 0x49, 0x4a, 0x6a, 0x4a, 0x8b, 0x52,
    0xcb, 0x52, 0x0c, 0x5b, 0x2d, 0x63, 0x4e, 0x6b, 0x6e, 0x6b, 0x6e, 0x6b,
    0x6e, 0x6b, 0x6e, 0x6b, 0x6e, 0x6b, 0x6e, 0x6b, 0x4d, 0x63, 0x2d, 0x63,
    0x2d, 0x63, 0x2d, 0x63, 0x0d, 0x63, 0x0c, 0x5b, 0x0c, 0x63, 0xec, 0x5a,
    0xec, 0x5a, 0xcc, 0x5a, 0xab, 0x52, 0x8a, 0x52, 0x6a, 0x4a, 0x8a, 0x52,
    0x0d, 0x63, 0x8e, 0x73, 0x2d, 0x63, 0xaf, 0x73, 0x52, 0x8c, 0xd3, 0x9c,
    0x35, 0xa5, 0x76, 0xb5, 0xb7, 0xb5, 0xd7, 0xbd, 0xf8, 0xbd, 0xf8, 0xbd,
    0xf8, 0xbd, 0xf8, 0xbd, 0xf8, 0xc5, 0xf8, 0xbd, 0xf8, 0xbd, 0xf8, 0xc5,
    0xf8, 0xbd, 0xd8, 0xbd, 0xb7, 0xb5, 0x76, 0xb5, 0x14, 0xa5, 0xd3, 0x9c,
    0xf4, 0x9c, 0x55, 0xad, 0x96, 0xb5, 0xb7, 0xb5, 0xd7, 0xbd, 0xd8, 0xbd,
    0xf8, 0xc5, 0xf8, 0xc5, 0xf8, 0xc5, 0xf8, 0xbd, 0xf8, 0xc5, 0x18, 0xc6,
    0xf8, 0xc5, 0xf8, 0xbd, 0x18, 0xbe, 0xf8, 0xbd, 0xf8, 0xbd, 0xf8, 0xbd,
    0xd8, 0xbd, 0xd7, 0xbd, 0xd7, 0xb5, 0xb7, 0xb5, 0xb7, 0xb5, 0xb7, 0xb5,
    0x97, 0xb5, 0x96, 0xad, 0x76, 0xad, 0x76, 0xad, 0x56, 0xa5, 0x56, 0xa5,
    0x35, 0xa5, 0x36, 0xa5, 0x56, 0xa5, 0x56, 0xa5, 0x35, 0xa5, 0x56, 0xa5,
    0x56, 0xa5, 0x55, 0xa5, 0x56, 0xa5, 0x76, 0xa5, 0x76, 0xad, 0x97, 0xb5,
    0xb7, 0xb5, 0xd7, 0xbd, 0xf8, 0xbd, 0xf8, 0xc5, 0xf8, 0xbd, 0xd7, 0xbd,
    0x96, 0xb5, 0x76, 0xb5, 0x55, 0xb5, 0x55, 0xad, 0x55, 0xad, 0x55, 0xb5,
    0x97, 0xb5, 0x97, 0xb5, 0xb6, 0xb5, 0xb7, 0xb5, 0xb6, 0xb5, 0xb7, 0xb5,
    0x97, 0xb5, 0x96, 0xb5, 0x96, 0xb5, 0x96, 0xb5, 0x97, 0xb5, 0x97, 0xb5,
    0x96, 0xb5, 0xb7, 0xb5, 0xb7, 0xb5, 0xb6, 0xb5, 0x97, 0xbd, 0xb7, 0xbd,
    0xb7, 0xb5, 0x96, 0xb5, 0x96, 0xb5, 0x76, 0xad, 0x76, 0xb5, 0x96, 0xb5,
    0x96, 0xb5, 0x96, 0xb5, 0x76, 0xb5, 0x56, 0xad, 0x35, 0xad, 0x14, 0xad,
    0xf4, 0xa4, 0xd3, 0x9c, 0x92, 0x9c, 0x51, 0x94, 0x31, 0x8c, 0xf0, 0x83,
    0xaf, 0x7b, 0x6d, 0x73, 0x2d, 0x6b, 0xeb, 0x62, 0xab, 0x5a, 0x6a, 0x52,
    0x29, 0x42, 0xe8, 0x41, 0x86, 0x31, 0x45, 0x29, 0x04, 0x21, 0xc3, 0x18,
    0x82, 0x10, 0x82, 0x10, 0xa2, 0x10, 0x82, 0x10, 0x82, 0x10, 0x82, 0x10,
    0xa3, 0x10, 0x82, 0x10, 0x82, 0x10, 0x83, 0x10, 0x82, 0x10, 0x82, 0x10,
    0x82, 0x10, 0x82, 0x10, 0x82, 0x10, 0x83, 0x10, 0x82, 0x10, 0x82, 0x10,
    0x82, 0x10, 0x82, 0x10, 0x82, 0x10, 0xa3, 0x10, 0x25, 0x21, 0x86, 0x31,
    0xe8, 0x39, 0x29, 0x42, 0x4a, 0x4a, 0x8b, 0x52, 0xcb, 0x52, 0xec, 0x5a,
    0x0d, 0x63, 0x2d, 0x63, 0x4e, 0x6b, 0x6e, 0x6b, 0x8e, 0x6b, 0x8e, 0x6b,
    0x6e, 0x6b, 0x6e, 0x6b, 0x6e, 0x6b, 0x4e, 0x6b, 0x4d, 0x63, 0x4d, 0x6b,
    0x2d, 0x63, 0x2d, 0x63, 0x0d, 0x63, 0x0c, 0x63, 0xec, 0x5a, 0xec, 0x5a,
    0xcb, 0x5a, 0xab, 0x52, 0x8a, 0x52, 0x6a, 0x4a, 0xab, 0x52, 0x6e, 0x6b,
    0xf0, 0x7b, 0x52, 0x8c, 0x31, 0x84, 0x31, 0x84, 0x93, 0x94, 0xf4, 0x9c,
    0x35, 0xa5, 0x76, 0xad, 0xb7, 0xbd, 0xf8, 0xbd, 0xf8, 0xbd, 0xf8, 0xbd,
    0xf8, 0xc5, 0xf8, 0xc5, 0xf8, 0xbd, 0xf8, 0xc5, 0xf8, 0xbd, 0xf8, 0xbd,
    0xd7, 0xbd, 0xd7, 0xbd, 0xb7, 0xb5, 0x97, 0xb5, 0x76, 0xad, 0x35, 0xad,
    0x35, 0xa5, 0x56, 0xad, 0x76, 0xb5, 0x76, 0xb5, 0x96, 0xb5, 0xb7, 0xb5,
    0xf8, 0xbd, 0x18, 0xc6, 0xf8, 0xbd, 0x18, 0xc6, 0x18, 0xc6, 0xf8, 0xbd,
    0xf8, 0xbd, 0x18, 0xc6, 0xf8, 0xbd, 0xf8, 0xc5, 0xf8, 0xbd, 0xf8, 0xbd,
    0xd8, 0xbd, 0xd7, 0xb5, 0xb7, 0xb5, 0xb7, 0xb5, 0x97, 0xb5, 0x97, 0xad,
    0x96, 0xad, 0x76, 0xad, 0x76, 0xad, 0x56, 0xad, 0x56, 0xa5, 0x55, 0xa5,
    0x35, 0xa5, 0x35, 0xa5, 0x35, 0xa5, 0x35, 0xa5, 0x55, 0xa5, 0x56, 0xa5,
    0x55, 0xa5, 0x56, 0xa5, 0x76, 0xad, 0x76, 0xad, 0x76, 0xad, 0x97, 0xad,
    0xb7, 0xb5, 0xd7, 0xbd, 0xf8, 0xbd, 0x18, 0xbe, 0xf8, 0xbd, 0xd7, 0xbd,
    0xb7, 0xbd, 0x96, 0xb5, 0x75, 0xb5, 0x55, 0xad, 0x55, 0xb5, 0x55, 0xad,
    0x96, 0xb5, 0x96, 0xb5, 0x96, 0xb5, 0x97, 0xb5, 0x97, 0xb5, 0xb6, 0xb5,
    0x96, 0xb5, 0x96, 0xb5, 0x96, 0xb5, 0x97, 0xb5, 0x96, 0xb5, 0x97, 0xb5,
    0x97, 0xb5, 0x96, 0xb5, 0xb7, 0xb5, 0xb7, 0xbd, 0xb7, 0xb5, 0x97, 0xb5,
    0x97, 0xb5, 0x96, 0xb5, 0x97, 0xb5, 0x96, 0xb5, 0x56, 0xad, 0x55, 0xad,
    0x35, 0xad, 0x35, 0xad, 0x55, 0xad, 0x35, 0xad, 0x14, 0xad, 0xf4, 0xa4,
    0xd3, 0x9c, 0x92, 0x9c, 0x51, 0x94, 0x31, 0x8c, 0xf0, 0x83, 0xaf, 0x7b,
    0x4d, 0x73, 0x0c, 0x6b, 0xcb, 0x5a, 0x8a, 0x52, 0x49, 0x52, 0x29, 0x4a,
    0xe8, 0x39, 0x86, 0x31, 0x24, 0x29, 0x04, 0x21, 0xc3, 0x18, 0x82, 0x10,
    0x83, 0x10, 0x82, 0x10, 0xa2, 0x10, 0x83, 0x18, 0x83, 0x10, 0xa2, 0x10,
    0x82, 0x10, 0x83, 0x10, 0x82, 0x10, 0xa2, 0x10, 0xa3, 0x10, 0x82, 0x10,
    0x82, 0x10, 0x82, 0x10, 0x82, 0x10, 0x82, 0x10, 0x82, 0x10, 0x83, 0x10,
    0x82, 0x10, 0x82, 0x10, 0xc3, 0x18, 0x45, 0x29, 0xa7, 0x31, 0x08, 0x3a,
    0x29, 0x42, 0x6a, 0x4a, 0xab, 0x52, 0xcb, 0x5a, 0x0c, 0x5b, 0x2d, 0x63,
    0x4d, 0x6b, 0x6e, 0x6b, 0x8f, 0x6b, 0x8e, 0x6b, 0x8e, 0x73, 0x8f, 0x6b,
    0x6e, 0x6b, 0x6e, 0x6b, 0x6e, 0x6b, 0x4d, 0x6b, 0x4d, 0x63, 0x2d, 0x63,
    0x2d, 0x63, 0x2d, 0x63, 0x0c, 0x5b, 0xec, 0x5a, 0xec, 0x5a, 0xab, 0x52,
    0x8a, 0x52, 0x6a, 0x4a, 0x6a, 0x52, 0xec, 0x5a, 0x8f, 0x73, 0x31, 0x84,
    0x72, 0x94, 0xd3, 0x9c, 0xd3, 0x9c, 0xb3, 0x94, 0xf4, 0xa4, 0x55, 0xad,
    0x76, 0xad, 0x97, 0xb5, 0xb7, 0xb5, 0xd7, 0xbd, 0xf8, 0xbd, 0xf8, 0xc5,
    0xf8, 0xc5, 0xf7, 0xbd, 0xf8, 0xbd, 0xf8, 0xbd, 0xf8, 0xc5, 0xf8, 0xbd,
    0xf7, 0xbd, 0xb7, 0xbd, 0xb7, 0xb5, 0x96, 0xb5, 0x76, 0xad, 0x76, 0xad,
    0x76, 0xad, 0x56, 0xad, 0x76, 0xad, 0x76, 0xad, 0x96, 0xb5, 0xd7, 0xbd,
    0xf8, 0xbd, 0xf8, 0xbd, 0x18, 0xbe, 0xf8, 0xbd, 0x18, 0xc6, 0x18, 0xc6,
    0xf8, 0xbd, 0x18, 0xc6, 0xf9, 0xc5, 0xf8, 0xbd, 0xf8, 0xbd, 0xd8, 0xbd,
    0xd7, 0xbd, 0xb7, 0xb5, 0xb7, 0xb5, 0x97, 0xb5, 0x97, 0xb5, 0x96, 0xad,
    0x76, 0xad, 0x76, 0xa5, 0x76, 0xa5, 0x56, 0xa5, 0x56, 0xa5, 0x55, 0xa5,
    0x35, 0xa5, 0x35, 0xa5, 0x35, 0x9d, 0x36, 0xa5, 0x56, 0xa5, 0x55, 0xa5,
    0x56, 0xa5, 0x56, 0xa5, 0x76, 0xad, 0x76, 0xad, 0x76, 0xad, 0x97, 0xad,
    0xb7, 0xb5, 0xd7, 0xbd, 0xf8, 0xbd, 0xf8, 0xbd, 0xf8, 0xbd, 0xf7, 0xbd,
    0xd7, 0xbd, 0x96, 0xb5, 0x76, 0xb5, 0x55, 0xad, 0x55, 0xad, 0x55, 0xb5,
    0x96, 0xad, 0x97, 0xb5, 0x97, 0xb5, 0xb7, 0xb5, 0xb7, 0xb5, 0xb7, 0xb5,
    0x96, 0xb5, 0x97, 0xb5, 0x97, 0xb5, 0x96, 0xb5, 0x96, 0xb5, 0x97, 0xb5,
    0x97, 0xb5, 0xb6, 0xb5, 0x97, 0xb5, 0xb7, 0xb5, 0x96, 0xb5, 0x96, 0xb5,
    0x97, 0xb5, 0x96, 0xb5, 0x97, 0xb5, 0x76, 0xad, 0x76, 0xb5, 0x55, 0xad,
    0x35, 0xad, 0x14, 0xa5, 0x14, 0xa5, 0x14, 0xa5, 0xf4, 0xa4, 0xd3, 0x9c,
    0x92, 0x94, 0x71, 0x94, 0x31, 0x8c, 0xf0, 0x83, 0xae, 0x7b, 0x4d, 0x6b,
    0x0c, 0x6b, 0xcb, 0x5a, 0x8a, 0x52, 0x49, 0x4a, 0x08, 0x42, 0xc7, 0x39,
    0x86, 0x31, 0x25, 0x29, 0xe4, 0x18, 0xa3, 0x18, 0x82, 0x10, 0x82, 0x10,
    0xa2, 0x10, 0x83, 0x10, 0x82, 0x10, 0x82, 0x10, 0x82, 0x10, 0xa2, 0x10,
    0x82, 0x10, 0x82, 0x10, 0x82, 0x10, 0x82, 0x10, 0x82, 0x10, 0x82, 0x10,
    0x82, 0x10, 0x82, 0x10, 0x82, 0x10, 0x82, 0x10, 0x82, 0x10, 0x82, 0x10,
    0x82, 0x10, 0xe4, 0x18, 0x66, 0x29, 0xc7, 0x39, 0x08, 0x42, 0x4a, 0x4a,
    0x8a, 0x4a, 0xab, 0x52, 0xec, 0x5a, 0x0c, 0x63, 0x2d, 0x63, 0x6e, 0x6b,
    0x8f, 0x6b, 0xaf, 0x73, 0xaf, 0x73, 0x8f, 0x73, 0x8f, 0x73, 0x8e, 0x6b,
    0x6e, 0x6b, 0x6e, 0x6b, 0x4e, 0x6b, 0x4d, 0x63, 0x2d, 0x63, 0x2d, 0x63,
    0x0d, 0x63, 0x0c, 0x63, 0xec, 0x5a, 0xcc, 0x5a, 0xab, 0x52, 0x8a, 0x52,
    0x6a, 0x4a, 0x8a, 0x52, 0x2d, 0x63, 0xd0, 0x7b, 0x31, 0x8c, 0x93, 0x94,
    0xd3, 0x9c, 0x15, 0xa5, 0x35, 0xa5, 0x35, 0xa5, 0x56, 0xad, 0x96, 0xb5,
    0xb7, 0xb5, 0xb7, 0xb5, 0xb7, 0xbd, 0xd7, 0xbd, 0xd8, 0xbd, 0xf8, 0xbd,
    0xf8, 0xbd, 0xd8, 0xbd, 0xd7, 0xbd, 0xf8, 0xc5, 0xf8, 0xbd, 0xf8, 0xbd,
    0xf8, 0xc5, 0xf8, 0xbd, 0xd8, 0xbd, 0xb7, 0xb5, 0x96, 0xb5, 0x76, 0xad,
    0x35, 0xa5, 0x35, 0xad, 0x76, 0xad, 0xb7, 0xb5, 0xb7, 0xbd, 0xd8, 0xbd,
    0xf8, 0xc5, 0xf8, 0xc5, 0xf8, 0xc5, 0x18, 0xc6, 0xf8, 0xbd, 0xf8, 0xc5,
    0x18, 0xc6, 0x18, 0xbe, 0xf8, 0xbd, 0xf8, 0xbd, 0xf8, 0xbd, 0xd8, 0xbd,
    0xd7, 0xbd, 0xb7, 0xb5, 0x97, 0xb5, 0x97, 0xad, 0x96, 0xad, 0x76, 0xad,
    0x76, 0xad, 0x76, 0xad, 0x56, 0xad, 0x56, 0xa5, 0x56, 0xa5, 0x35, 0xa5,
    0x36, 0xa5, 0x36, 0xa5, 0x35, 0x9d, 0x35, 0xa5, 0x55, 0xa5, 0x56, 0xa5,
    0x56, 0xa5, 0x76, 0xad, 0x76, 0xad, 0x76, 0xad, 0x96, 0xad, 0x97, 0xad,
    0xb7, 0xb5, 0xd7, 0xbd, 0xd8, 0xbd, 0xf8, 0xbd, 0xf8, 0xc5, 0xf8, 0xbd,
    0xd7, 0xbd, 0xb7, 0xbd, 0x76, 0xb5, 0x75, 0xb5, 0x75, 0xad, 0x55, 0xb5,
    0x96, 0xad, 0x97, 0xb5, 0x97, 0xb5, 0xb6, 0xb5, 0xb7, 0xb5, 0xb7, 0xb5,
    0xb7, 0xb5, 0x96, 0xb5, 0x96, 0xb5, 0x76, 0xb5, 0x97, 0xb5, 0x97, 0xb5,
    0x96, 0xb5, 0x97, 0xb5, 0xb7, 0xb5, 0xb7, 0xb5, 0xb6, 0xb5, 0x96, 0xb5,
    0x96, 0xb5, 0x76, 0xb5, 0x76, 0xad, 0x76, 0xad, 0x56, 0xad, 0x55, 0xad,
    0x15, 0xa5, 0x14, 0xa5, 0x14, 0xa5, 0xf4, 0xa4, 0xd3, 0x9c, 0x92, 0x9c,
    0x52, 0x94, 0x30, 0x8c, 0xf0, 0x83, 0x8e, 0x7b, 0x4d, 0x6b, 0x0c, 0x6b,
    0xcb, 0x5a, 0x8a, 0x52, 0x49, 0x4a, 0x08, 0x42, 0xc7, 0x39, 0x86, 0x31,
    0x25, 0x29, 0x04, 0x21, 0xa3, 0x10, 0x82, 0x10, 0xa2, 0x10, 0xa2, 0x10,
    0xa3, 0x10, 0x82, 0x10, 0x82, 0x10, 0xa2, 0x10, 0x82, 0x10, 0x82, 0x18,
    0x83, 0x10, 0xa2, 0x10, 0x82, 0x10, 0xa3, 0x10, 0x82, 0x10, 0x82, 0x10,
    0x83, 0x10, 0x83, 0x10, 0x82, 0x10, 0x82, 0x10, 0x82, 0x10, 0x82, 0x10,
    0x04, 0x21, 0x86, 0x31, 0xc7, 0x39, 0x29, 0x42, 0x6a, 0x4a, 0x8b, 0x52,
    0xcb, 0x5a, 0x0c, 0x5b, 0x2d, 0x63, 0x4e, 0x6b, 0x6e, 0x6b, 0xaf, 0x73,
    0xaf, 0x73, 0xaf, 0x73, 0xaf, 0x73, 0xaf, 0x73, 0x8e, 0x6b, 0x8e, 0x6b,
    0x6e, 0x6b, 0x6e, 0x6b, 0x4e, 0x6b, 0x2d, 0x63, 0x2d, 0x63, 0x2d, 0x63,
    0x0c, 0x63, 0xec, 0x5a, 0xcc, 0x5a, 0xab, 0x52, 0x6a, 0x4a, 0x4a, 0x4a,
    0xab, 0x52, 0x6e, 0x6b, 0xf0, 0x7b, 0x52, 0x8c, 0xb3, 0x94, 0xf4, 0x9c,
    0x35, 0xa5, 0x55, 0xad, 0x96, 0xb5, 0x96, 0xad, 0x96, 0xb5, 0xb7, 0xb5,
    0xb7, 0xbd, 0xb7, 0xbd, 0xb7, 0xbd, 0xb7, 0xb5, 0xd7, 0xbd, 0xd7, 0xbd,
    0xf8, 0xc5, 0xd7, 0xbd, 0xd7, 0xc5, 0xd7, 0xc5, 0xd7, 0xbd, 0xd7, 0xbd,
    0xf8, 0xc5, 0xf8, 0xc5, 0xd7, 0xbd, 0xd7, 0xb5, 0xb7, 0xb5, 0x76, 0xb5,
    0x55, 0xad, 0x35, 0xa5, 0x55, 0xad, 0x96, 0xb5, 0xb7, 0xb5, 0xf8, 0xbd,
    0xf8, 0xbd, 0xf8, 0xc5, 0xf8, 0xbd, 0xf8, 0xc5, 0x18, 0xc6, 0xf8, 0xbd,
    0x18, 0xbe, 0xf8, 0xc5, 0xf8, 0xc5, 0xf8, 0xbd, 0xf8, 0xbd, 0xd7, 0xbd,
    0xb7, 0xb5, 0xb7, 0xb5, 0x97, 0xad, 0x76, 0xad, 0x76, 0xad, 0x76, 0xad,
    0x76, 0xad, 0x76, 0xa5, 0x76, 0xad, 0x56, 0xa5, 0x56, 0xa5, 0x35, 0xa5,
    0x55, 0xa5, 0x35, 0xa5, 0x35, 0xa5, 0x35, 0xa5, 0x56, 0xa5, 0x56, 0xa5,
    0x76, 0xad, 0x76, 0xad, 0x76, 0xad, 0x96, 0xad, 0x77, 0xad, 0x97, 0xad,
    0xb7, 0xb5, 0xb7, 0xb5, 0xd7, 0xbd, 0xf8, 0xbd, 0xf8, 0xc5, 0xf8, 0xbd,
    0xd7, 0xbd, 0xb7, 0xbd, 0x96, 0xb5, 0x76, 0xb5, 0x76, 0xad, 0x55, 0xad,
    0x96, 0xb5, 0x97, 0xb5, 0x96, 0xb5, 0xb7, 0xb5, 0xb7, 0xb5, 0xb7, 0xb5,
    0xb6, 0xb5, 0x96, 0xb5, 0x97, 0xb5, 0x96, 0xb5, 0x96, 0xb5, 0x96, 0xb5,
    0x97, 0xb5, 0xb7, 0xb5, 0x97, 0xb5, 0xb7, 0xb5, 0xb7, 0xbd, 0xb7, 0xb5,
    0x97, 0xb5, 0x76, 0xad, 0x55, 0xad, 0x35, 0xad, 0x35, 0xa5, 0x35, 0xa5,
    0x14, 0xa5, 0xf4, 0xa4, 0xf4, 0x9c, 0xb3, 0x9c, 0x92, 0x9c, 0x71, 0x94,
    0x10, 0x8c, 0xf0, 0x83, 0x8e, 0x7b, 0x4d, 0x73, 0x0c, 0x63, 0xcb, 0x5a,
    0x8a, 0x52, 0x29, 0x4a, 0x08, 0x42, 0xc7, 0x39, 0x66, 0x31, 0x25, 0x29,
    0xe4, 0x20, 0xa3, 0x18, 0xa2, 0x10, 0xa2, 0x10, 0xa2, 0x10, 0x83, 0x18,
    0x83, 0x10, 0x82, 0x10, 0x82, 0x18, 0x83, 0x10, 0xa2, 0x10, 0x83, 0x10,
    0x82, 0x10, 0x83, 0x10, 0xa2, 0x10, 0x82, 0x10, 0x83, 0x10, 0xa2, 0x10,
    0x82, 0x10, 0x82, 0x10, 0x82, 0x10, 0x82, 0x10, 0xa3, 0x10, 0x25, 0x21,
    0xa7, 0x31, 0xe8, 0x41, 0x49, 0x42, 0x6a, 0x4a, 0xab, 0x52, 0xec, 0x5a,
    0x2d, 0x63, 0x4e, 0x63, 0x6e, 0x6b, 0x8e, 0x73, 0xaf, 0x73, 0xaf, 0x73,
    0xaf, 0x73, 0xaf, 0x73, 0xaf, 0x73, 0xaf, 0x73, 0x8e, 0x73, 0x8e, 0x6b,
    0x6e, 0x6b, 0x4e, 0x6b, 0x4d, 0x6b, 0x2d, 0x63, 0x2d, 0x63, 0x0c, 0x63,
    0xec, 0x5a, 0xcb, 0x5a, 0xab, 0x52, 0x6a, 0x4a, 0x6a, 0x4a, 0xec, 0x5a,
    0x8f, 0x73, 0x11, 0x84, 0x72, 0x8c, 0xb3, 0x9c, 0x14, 0x9d, 0x35, 0xa5,
    0x56, 0xad, 0x96, 0xb5, 0xb7, 0xb5, 0xb7, 0xbd, 0xb7, 0xbd, 0xd7, 0xb5,
    0xb7, 0xbd, 0xb7, 0xb5, 0xb7, 0xb5, 0xb7, 0xbd, 0xb7, 0xbd, 0xd7, 0xbd,
    0xd7, 0xbd, 0xd7, 0xbd, 0xd7, 0xbd, 0xd7, 0xbd, 0xd7, 0xbd, 0xd7, 0xc5,
    0xd7, 0xbd, 0xd7, 0xbd, 0xb7, 0xbd, 0x97, 0xb5, 0x96, 0xb5, 0x76, 0xad,
    0x76, 0xad, 0x76, 0xad, 0x76, 0xad, 0x76, 0xad, 0x96, 0xb5, 0xb7, 0xb5,
    0xb7, 0xbd, 0xf8, 0xbd, 0xf8, 0xbd, 0xf8, 0xbd, 0x18, 0xc6, 0x18, 0xc6,
    0xf8, 0xc5, 0xf8, 0xbd, 0xf8, 0xbd, 0xf8, 0xbd, 0xf8, 0xbd, 0xd7, 0xbd,
    0xb7, 0xb5, 0x97, 0xb5, 0x97, 0xad, 0x76, 0xad, 0x76, 0xad, 0x76, 0xad,
    0x76, 0xa5, 0x56, 0xa5, 0x76, 0xa5, 0x76, 0xa5, 0x55, 0xa5, 0x55, 0xa5,
    0x35, 0xa5, 0x55, 0xa5, 0x56, 0xa5, 0x56, 0xa5, 0x56, 0xa5, 0x56, 0xa5,
    0x76, 0xad, 0x76, 0xad, 0x96, 0xad, 0x96, 0xad, 0x76, 0xad, 0x76, 0xad,
    0x97, 0xad, 0xb7, 0xb5, 0xb7, 0xb5, 0xd8, 0xbd, 0xf8, 0xbd, 0xf8, 0xc5,
    0xf8, 0xbd, 0xd7, 0xbd, 0xb7, 0xb5, 0x76, 0xb5, 0x76, 0xb5, 0x76, 0xb5,
    0x97, 0xb5, 0x97, 0xb5, 0x96, 0xb5, 0x97, 0xb5, 0x97, 0xb5, 0xb6, 0xb5,
    0xb7, 0xb5, 0x97, 0xb5, 0x96, 0xb5, 0x96, 0xb5, 0x96, 0xb5, 0x97, 0xb5,
    0x97, 0xb5, 0x96, 0xb5, 0xb6, 0xb5, 0xb7, 0xb5, 0xb7, 0xb5, 0x96, 0xb5,
    0x97, 0xb5, 0x76, 0xb5, 0x76, 0xad, 0x55, 0xad, 0x14, 0xa5, 0xd3, 0x9c,
    0xb3, 0x9c, 0xd3, 0x9c, 0xb3, 0x9c, 0x92, 0x94, 0x71, 0x94, 0x31, 0x8c,
    0xf0, 0x83, 0xae, 0x7b, 0x4d, 0x6b, 0x0c, 0x63, 0xcb, 0x5a, 0x6a, 0x52,
    0x29, 0x4a, 0x08, 0x42, 0xa7, 0x39, 0x66, 0x31, 0x24, 0x29, 0xe4, 0x20,
    0xa3, 0x18, 0x82, 0x10, 0x82, 0x10, 0xa3, 0x10, 0x83, 0x10, 0x82, 0x10,
    0xa2, 0x10, 0x82, 0x10, 0x83, 0x10, 0x82, 0x10, 0x82, 0x10, 0xa2, 0x10,
    0x82, 0x10, 0x82, 0x10, 0x83, 0x10, 0x82, 0x10, 0x82, 0x10, 0x82, 0x10,
    0x82, 0x10, 0x82, 0x10, 0x82, 0x10, 0xa3, 0x18, 0x45, 0x29, 0xc7, 0x31,
    0x09, 0x42, 0x4a, 0x4a, 0x8a, 0x52, 0xcb, 0x52, 0xec, 0x5a, 0x2d, 0x63,
    0x6e, 0x6b, 0x8e, 0x6b, 0xaf, 0x73, 0xcf, 0x73, 0xcf, 0x73, 0xcf, 0x73,
    0xd0, 0x73, 0xaf, 0x73, 0xaf, 0x73, 0xaf, 0x73, 0x8f, 0x73, 0x8e, 0x6b,
    0x6e, 0x6b, 0x4e, 0x6b, 0x4d, 0x63, 0x2d, 0x63, 0x0d, 0x63, 0xec, 0x5a,
    0xcb, 0x52, 0x8b, 0x52, 0x6a, 0x4a, 0x8a, 0x52, 0x2d, 0x63, 0xaf, 0x7b,
    0x31, 0x8c, 0x92, 0x94, 0xd3, 0x9c, 0x14, 0x9d, 0x55, 0xad, 0x76, 0xad,
    0x97, 0xb5, 0xb7, 0xbd, 0xd8, 0xbd, 0xf8, 0xbd, 0xd7, 0xbd, 0xd7, 0xbd,
    0xb7, 0xbd, 0xb7, 0xb5, 0xb7, 0xb5, 0x96, 0xb5, 0xb7, 0xbd, 0xd7, 0xbd,
    0xd7, 0xbd, 0xb7, 0xbd, 0xd7, 0xbd, 0xb7, 0xbd, 0xb7, 0xbd, 0xd7, 0xbd,
    0xd7, 0xbd, 0xb7, 0xbd, 0xb7, 0xbd, 0x96, 0xb5, 0x96, 0xb5, 0x76, 0xad,
    0x76, 0xad, 0x35, 0xa5, 0x35, 0xa5, 0x56, 0xad, 0x96, 0xb5, 0xb7, 0xb5,
    0xd7, 0xbd, 0xf8, 0xbd, 0xf8, 0xc5, 0xf8, 0xc5, 0x18, 0xbe, 0xf8, 0xc5,
    0x18, 0xbe, 0xf9, 0xbd, 0xf8, 0xbd, 0xf8, 0xbd, 0xd8, 0xbd, 0xd7, 0xbd,
    0xb7, 0xb5, 0x97, 0xad, 0x96, 0xad, 0x76, 0xad, 0x76, 0xad, 0x56, 0xa5,
    0x76, 0xad, 0x56, 0xad, 0x56, 0xad, 0x56, 0xad, 0x56, 0xa5, 0x56, 0xa5,
    0x56, 0xa5, 0x56, 0xa5, 0x56, 0xa5, 0x76, 0xad, 0x76, 0xad, 0x76, 0xad,
    0x76, 0xad, 0x76, 0xad, 0x97, 0xad, 0x76, 0xad, 0x76, 0xad, 0x76, 0xa5,
    0x76, 0xad, 0x97, 0xb5, 0xb7, 0xb5, 0xd7, 0xbd, 0xf8, 0xbd, 0x18, 0xbe,
    0xf8, 0xbd, 0xd7, 0xbd, 0xb7, 0xbd, 0x96, 0xb5, 0x76, 0xb5, 0x76, 0xb5,
    0x96, 0xad, 0x97, 0xb5, 0x97, 0xb5, 0xb7, 0xb5, 0xb7, 0xb5, 0xb7, 0xb5,
    0xb7, 0xbd, 0x96, 0xb5, 0x96, 0xb5, 0x96, 0xb5, 0x97, 0xb5, 0x97, 0xb5,
    0x96, 0xb5, 0x97, 0xb5, 0xb7, 0xb5, 0x97, 0xb5, 0xb7, 0xb5, 0xb6, 0xb5,
    0x96, 0xb5, 0x76, 0xad, 0x56, 0xad, 0x55, 0xad, 0x35, 0xa5, 0xf4, 0x9c,
    0x92, 0x94, 0x52, 0x94, 0x52, 0x8c, 0x51, 0x8c, 0x10, 0x84, 0xf0, 0x83,
    0x8e, 0x7b, 0x4d, 0x73, 0x0c, 0x63, 0xcb, 0x5a, 0x6a, 0x52, 0x28, 0x4a,
    0xe7, 0x39, 0xa7, 0x39, 0x65, 0x31, 0x25, 0x29, 0xe4, 0x18, 0xa3, 0x10,
    0x82, 0x10, 0xa2, 0x10, 0xa3, 0x10, 0x82, 0x18, 0x82, 0x10, 0xa2, 0x10,
    0xa2, 0x10, 0x82, 0x10, 0xa2, 0x10, 0xa2, 0x18, 0x82, 0x10, 0x83, 0x10,
    0x82, 0x10, 0xa2, 0x10, 0x82, 0x10, 0x82, 0x10, 0x82, 0x10, 0x82, 0x10,
    0x82, 0x10, 0x82, 0x10, 0xc3, 0x18, 0x66, 0x29, 0xe8, 0x39, 0x29, 0x42,
    0x6a, 0x4a, 0xab, 0x52, 0xec, 0x5a, 0x0d, 0x63, 0x4d, 0x6b, 0x6e, 0x6b,
    0x8f, 0x73, 0xcf, 0x73, 0xd0, 0x7b, 0xd0, 0x7b, 0xcf, 0x73, 0xd0, 0x73,
    0xd0, 0x7b, 0xaf, 0x73, 0xaf, 0x73, 0x8f, 0x73, 0x8e, 0x6b, 0x6e, 0x6b,
    0x4e, 0x6b, 0x4d, 0x63, 0x2d, 0x63, 0x0c, 0x63, 0xec, 0x5a, 0xcc, 0x5a,
    0x8a, 0x52, 0x6a, 0x4a, 0xcb, 0x52, 0x4e, 0x6b, 0xf0, 0x7b, 0x52, 0x8c,
    0xb3, 0x94, 0xd4, 0x9c, 0x14, 0xa5, 0x55, 0xad, 0x76, 0xad, 0x97, 0xb5,
    0xd7, 0xbd, 0xf8, 0xbd, 0xf8, 0xbd, 0xf8, 0xc5, 0xf7, 0xc5, 0xd7, 0xbd,
    0xd7, 0xbd, 0xb7, 0xbd, 0x97, 0xbd, 0x96, 0xb5, 0x96, 0xbd, 0xb7, 0xbd,
    0xb7, 0xbd, 0xb7, 0xbd, 0xb7, 0xbd, 0xb6, 0xbd, 0xb7, 0xbd, 0xb7, 0xbd,
    0xd7, 0xbd, 0xd7, 0xbd, 0xd7, 0xbd, 0xb7, 0xbd, 0xb7, 0xb5, 0x97, 0xb5,
    0x55, 0xad, 0xf4, 0x9c, 0xb3, 0x9c, 0x35, 0xa5, 0x76, 0xb5, 0xd7, 0xbd,
    0xf8, 0xbd, 0xf8, 0xbd, 0xf8, 0xbd, 0x18, 0xc6, 0x18, 0xc6, 0xf8, 0xbd,
    0xf8, 0xc5, 0xf8, 0xc5, 0xf8, 0xc5, 0xf8, 0xbd, 0xd8, 0xbd, 0xb7, 0xbd,
    0xb7, 0xb5, 0x97, 0xad, 0x76, 0xad, 0x76, 0xad, 0x56, 0xa5, 0x56, 0xa5,
    0x55, 0xa5, 0x56, 0xad, 0x76, 0xa5, 0x76, 0xa5, 0x76, 0xad, 0x76, 0xa5,
    0x76, 0xad, 0x76, 0xad, 0x76, 0xad, 0x76, 0xad, 0x76, 0xad, 0x76, 0xad,
    0x76, 0xad, 0x76, 0xad, 0x76, 0xad, 0x76, 0xad, 0x56, 0xa5, 0x56, 0xa5,
    0x76, 0xad, 0x97, 0xb5, 0xb7, 0xb5, 0xd7, 0xbd, 0xf8, 0xbd, 0xf8, 0xbd,
    0xf8, 0xbd, 0xf8, 0xbd, 0xb7, 0xbd, 0x96, 0xb5, 0x76, 0xb5, 0x76, 0xad,
    0x96, 0xb5, 0x96, 0xb5, 0xb6, 0xb5, 0x97, 0xb5, 0xb7, 0xb5, 0xb7, 0xb5,
    0xb7, 0xbd, 0x96, 0xb5, 0x97, 0xb5, 0x97, 0xb5, 0x96, 0xb5, 0x96, 0xb5,
    0x97, 0xb5, 0x97, 0xb5, 0x97, 0xb5, 0x97, 0xb5, 0x96, 0xb5, 0x97, 0xb5,
    0x96, 0xb5, 0x76, 0xad, 0x56, 0xad, 0x35, 0xa5, 0x14, 0xa5, 0xf4, 0x9c,
    0xb3, 0x94, 0x52, 0x8c, 0x10, 0x84, 0xf0, 0x7b, 0xcf, 0x7b, 0x8e, 0x7b,
    0x4d, 0x6b, 0x0c, 0x63, 0xcb, 0x5a, 0x6a, 0x52, 0x29, 0x4a, 0x08, 0x42,
    0xa7, 0x39, 0x45, 0x29, 0x25, 0x29, 0xe4, 0x18, 0xa2, 0x10, 0xa2, 0x10,
    0x82, 0x10, 0xa3, 0x10, 0xa2, 0x10, 0x82, 0x10, 0xa2, 0x10, 0xa3, 0x10,
    0x83, 0x18, 0x82, 0x10, 0x83, 0x10, 0x83, 0x10, 0x82, 0x10, 0x82, 0x10,
    0xa3, 0x10, 0x82, 0x10, 0x82, 0x10, 0xa3, 0x10, 0x82, 0x10, 0x82, 0x10,
    0x83, 0x10, 0xe4, 0x20, 0x86, 0x31, 0xe8, 0x39, 0x49, 0x42, 0x8a, 0x52,
    0xcb, 0x52, 0x0c, 0x5b, 0x2d, 0x63, 0x6e, 0x6b, 0x8e, 0x6b, 0xaf, 0x73,
    0xd0, 0x7b, 0xf0, 0x7b, 0xf0, 0x7b, 0xf0, 0x7b, 0xf0, 0x7b, 0xcf, 0x7b,
    0xcf, 0x73, 0xaf, 0x73, 0xaf, 0x73, 0x8e, 0x6b, 0x6e, 0x6b, 0x4e, 0x6b,
    0x4d, 0x6b, 0x2d, 0x63, 0x0d, 0x63, 0xec, 0x5a, 0xcb, 0x5a, 0x8b, 0x52,
    0x8a, 0x52, 0xec, 0x5a, 0x8f, 0x73, 0x11, 0x84, 0x72, 0x8c, 0xb3, 0x94,
    0xf4, 0x9c, 0x35, 0xa5, 0x56, 0xad, 0x96, 0xb5, 0xb7, 0xb5, 0xd7, 0xbd,
    0xf8, 0xbd, 0xf8, 0xc5, 0xf8, 0xbd, 0xf8, 0xbd, 0xf8, 0xbd, 0xd7, 0xbd,
    0xf8, 0xbd, 0xd7, 0xbd, 0xd7, 0xbd, 0xb7, 0xbd, 0xb6, 0xbd, 0xb6, 0xbd,
    0xb7, 0xbd, 0xb7, 0xbd, 0xb7, 0xbd, 0xb7, 0xbd, 0xb6, 0xbd, 0xb7, 0xbd,
    0xd7, 0xbd, 0xd7, 0xbd, 0xd7, 0xc5, 0xd7, 0xbd, 0xd8, 0xbd, 0xb7, 0xbd,
    0x96, 0xb5, 0x56, 0xad, 0xf4, 0x9c, 0x14, 0xa5, 0x55, 0xad, 0x96, 0xad,
    0x97, 0xb5, 0xb7, 0xbd, 0xf8, 0xbd, 0xf8, 0xbd, 0xf8, 0xc5, 0x18, 0xc6,
    0x18, 0xbe, 0xf8, 0xbd, 0xf8, 0xbd, 0xf8, 0xbd, 0xd7, 0xbd, 0xd7, 0xbd,
    0xb7, 0xb5, 0x76, 0xad, 0x76, 0xad, 0x76, 0xad, 0x56, 0xa5, 0x56, 0xa5,
    0x56, 0xa5, 0x76, 0xa5, 0x76, 0xa5, 0x76, 0xad, 0x76, 0xad, 0x76, 0xad,
    0x76, 0xad, 0x76, 0xad, 0x97, 0xad, 0x97, 0xad, 0x96, 0xad, 0x76, 0xad,
    0x76, 0xad, 0x76, 0xad, 0x76, 0xa5, 0x56, 0xa5, 0x56, 0xa5, 0x35, 0xa5,
    0x76, 0xad, 0x96, 0xad, 0xb7, 0xb5, 0xd7, 0xbd, 0xf8, 0xbd, 0xf8, 0xc5,
    0xf8, 0xc5, 0xf8, 0xbd, 0xd7, 0xbd, 0xb7, 0xbd, 0x96, 0xb5, 0x76, 0xb5,
    0x97, 0xb5, 0x97, 0xb5, 0xb7, 0xb5, 0xb7, 0xb5, 0xb7, 0xb5, 0xb7, 0xb5,
    0xb7, 0xb5, 0xb7, 0xb5, 0x96, 0xb5, 0x96, 0xb5, 0x96, 0xb5, 0x97, 0xb5,
    0x96, 0xb5, 0x96, 0xb5, 0x96, 0xb5, 0x96, 0xb5, 0x96, 0xb5, 0x76, 0xb5,
    0x76, 0xad, 0x56, 0xad, 0x55, 0xad, 0x35, 0xa5, 0xf4, 0xa4, 0xd3, 0x9c,
    0x92, 0x8c, 0x31, 0x84, 0xf0, 0x83, 0xcf, 0x7b, 0xaf, 0x73, 0x6d, 0x6b,
    0x0c, 0x63, 0xab, 0x5a, 0x6a, 0x52, 0x29, 0x4a, 0xe8, 0x41, 0xc7, 0x39,
    0x66, 0x29, 0x25, 0x21, 0xe3, 0x18, 0xa3, 0x18, 0xa2, 0x10, 0xa2, 0x10,
    0xa3, 0x18, 0x82, 0x18, 0x82, 0x10, 0xa3, 0x18, 0xa3, 0x10, 0x82, 0x10,
    0x82, 0x10, 0xa2, 0x10, 0x82, 0x10, 0x82, 0x10, 0x82, 0x10, 0xa2, 0x18,
    0x82, 0x10, 0x82, 0x10, 0x83, 0x10, 0x82, 0x10, 0x82, 0x10, 0xa2, 0x10,
    0x04, 0x21, 0xa7, 0x31, 0x08, 0x42, 0x4a, 0x4a, 0xab, 0x52, 0xcc, 0x5a,
    0x0d, 0x63, 0x4d, 0x6b, 0x6e, 0x6b, 0xaf, 0x73, 0xcf, 0x73, 0xf0, 0x7b,
    0xf0, 0x7b, 0xf0, 0x7b, 0xf0, 0x7b, 0xf0, 0x7b, 0xd0, 0x7b, 0xcf, 0x73,
    0xcf, 0x73, 0xaf, 0x73, 0x8f, 0x73, 0x6e, 0x6b, 0x6e, 0x6b, 0x4d, 0x6b,
    0x2d, 0x63, 0x2d, 0x63, 0xec, 0x5a, 0xab, 0x52, 0x8a, 0x52, 0xab, 0x52,
    0x2d, 0x63, 0xcf, 0x7b, 0x31, 0x8c, 0x92, 0x94, 0xd3, 0x9c, 0xf4, 0x9c,
    0x35, 0xad, 0x76, 0xad, 0x97, 0xb5, 0xb7, 0xbd, 0xd7, 0xbd, 0xf8, 0xbd,
    0xf8, 0xc5, 0xf8, 0xbd, 0xd8, 0xbd, 0xd7, 0xbd, 0xd7, 0xc5, 0xd8, 0xbd,
    0xd7, 0xc5, 0xd7, 0xbd, 0xd7, 0xbd, 0xd7, 0xbd, 0xd7, 0xbd, 0xb7, 0xbd,
    0xb7, 0xbd, 0xb6, 0xbd, 0xb7, 0xbd, 0xb7, 0xbd, 0xb7, 0xbd, 0xb7, 0xbd,
    0xd7, 0xbd, 0xd7, 0xbd, 0xd7, 0xbd, 0xb7, 0xbd, 0xd7, 0xbd, 0xd7, 0xbd,
    0xb7, 0xb5, 0xb7, 0xb5, 0x97, 0xb5, 0x56, 0xad, 0x56, 0xad, 0x55, 0xad,
    0x76, 0xad, 0x96, 0xb5, 0xd7, 0xbd, 0x18, 0xc6, 0xf8, 0xc5, 0xf8, 0xbd,
    0x18, 0xc6, 0xf8, 0xbd, 0xf8, 0xbd, 0xf8, 0xbd, 0xd8, 0xbd, 0xb7, 0xb5,
    0x97, 0xb5, 0x77, 0xad, 0x76, 0xad, 0x56, 0xad, 0x56, 0xa5, 0x55, 0xa5,
    0x56, 0xad, 0x56, 0xad, 0x76, 0xad, 0x76, 0xad, 0x96, 0xad, 0x96, 0xad,
    0x97, 0xad, 0x96, 0xad, 0x97, 0xad, 0x97, 0xb5, 0x96, 0xad, 0x97, 0xad,
    0x76, 0xad, 0x76, 0xad, 0x56, 0xa5, 0x56, 0xa5, 0x35, 0xa5, 0x55, 0xa5,
    0x56, 0xa5, 0x96, 0xad, 0xb7, 0xb5, 0xb7, 0xbd, 0xf8, 0xbd, 0xf8, 0xc5,
    0x18, 0xc6, 0xf8, 0xbd, 0xd8, 0xbd, 0xd7, 0xbd, 0x96, 0xb5, 0x76, 0xb5,
    0x97, 0xb5, 0xb7, 0xb5, 0xb7, 0xb5, 0xb7, 0xb5, 0xb7, 0xb5, 0xb7, 0xb5,
    0xb7, 0xbd, 0xb7, 0xb5, 0x96, 0xb5, 0x96, 0xb5, 0x96, 0xb5, 0x96, 0xb5,
    0x96, 0xb5, 0x97, 0xb5, 0x96, 0xb5, 0x76, 0xb5, 0x76, 0xad, 0x76, 0xad,
    0x76, 0xad, 0x55, 0xad, 0x35, 0xa5, 0x14, 0xa5, 0xd4, 0x9c, 0xb3, 0x94,
    0x51, 0x8c, 0xf0, 0x7b, 0xaf, 0x73, 0x6e, 0x73, 0x4e, 0x6b, 0x2d, 0x63,
    0xeb, 0x5a, 0x8a, 0x52, 0x29, 0x4a, 0xe8, 0x41, 0xa7, 0x39, 0x65, 0x29,
    0x25, 0x29, 0xc3, 0x18, 0xa2, 0x10, 0x82, 0x10, 0x83, 0x18, 0xa3, 0x10,
    0xa3, 0x10, 0x82, 0x10, 0xa3, 0x10, 0x82, 0x10, 0x82, 0x10, 0xa2, 0x10,
    0x83, 0x10, 0xa2, 0x10, 0x82, 0x18, 0x82, 0x10, 0xa2, 0x10, 0x83, 0x10,
    0x82, 0x10, 0x82, 0x10, 0x82, 0x10, 0x82, 0x10, 0xa3, 0x18, 0x25, 0x21,
    0xc7, 0x39, 0x29, 0x42, 0x6a, 0x4a, 0xcb, 0x52, 0xec, 0x5a, 0x2d, 0x63,
    0x6e, 0x6b, 0x8e, 0x6b, 0xcf, 0x73, 0xf0, 0x7b, 0xf0, 0x7b, 0x10, 0x7c,
    0xf0, 0x7b, 0x11, 0x7c, 0xf0, 0x7b, 0xf0, 0x7b, 0xd0, 0x7b, 0xcf, 0x73,
    0xaf, 0x73, 0x8f, 0x73, 0x6e, 0x6b, 0x6e, 0x6b, 0x4d, 0x6b, 0x4d, 0x63,
    0x2d, 0x63, 0xec, 0x5a, 0xab, 0x52, 0x8a, 0x52, 0xcb, 0x5a, 0x6e, 0x6b,
    0xf0, 0x7b, 0x52, 0x8c, 0xb3, 0x94, 0xd4, 0x9c, 0x14, 0xa5, 0x55, 0xad,
    0x76, 0xad, 0x97, 0xb5, 0xd7, 0xbd, 0xd7, 0xbd, 0xf8, 0xbd, 0xf8, 0xbd,
    0xf8, 0xbd, 0xf7, 0xbd, 0xd7, 0xc5, 0xd7, 0xbd, 0xd8, 0xbd, 0xd7, 0xbd,
    0xd7, 0xbd, 0xd7, 0xbd, 0xb7, 0xbd, 0xb7, 0xbd, 0xb7, 0xbd, 0xb7, 0xbd,
    0xb7, 0xbd, 0xb7, 0xbd, 0xb6, 0xbd, 0xb7, 0xbd, 0xb7, 0xbd, 0xd7, 0xbd,
    0xd7, 0xbd, 0xb7, 0xbd, 0xd7, 0xbd, 0xb7, 0xbd, 0xb7, 0xbd, 0xd7, 0xb5,
    0xb7, 0xb5, 0xb7, 0xb5, 0x96, 0xb5, 0x76, 0xad, 0x96, 0xb5, 0x96, 0xb5,
    0x97, 0xb5, 0xb7, 0xb5, 0xd7, 0xb5, 0xf8, 0xbd, 0x18, 0xc6, 0x18, 0xbe,
    0xf8, 0xc5, 0xf8, 0xc5, 0xf8, 0xbd, 0xf8, 0xbd, 0xd7, 0xbd, 0xb7, 0xb5,
    0xb7, 0xb5, 0x96, 0xad, 0x76, 0xad, 0x56, 0xa5, 0x56, 0xa5, 0x55, 0xa5,
    0x56, 0xa5, 0x56, 0xad, 0x56, 0xad, 0x76, 0xad, 0x96, 0xad, 0x76, 0xad,
    0x77, 0xad, 0x96, 0xad, 0x96, 0xad, 0x96, 0xad, 0x76, 0xad, 0x76, 0xad,
    0x76, 0xad, 0x76, 0xad, 0x56, 0xa5, 0x56, 0xa5, 0x55, 0xa5, 0x35, 0xa5,
    0x76, 0xa5, 0x97, 0xad, 0xb7, 0xb5, 0xd7, 0xbd, 0xf8, 0xbd, 0xf8, 0xbd,
    0xf8, 0xbd, 0xf8, 0xbd, 0xd8, 0xbd, 0xd7, 0xbd, 0xb7, 0xb5, 0x96, 0xb5,
    0xb7, 0xb5, 0xb7, 0xb5, 0xd7, 0xb5, 0xb7, 0xbd, 0xd7, 0xbd, 0xd7, 0xbd,
    0xb7, 0xbd, 0xb7, 0xbd, 0xb7, 0xb5, 0xb7, 0xb5, 0x96, 0xb5, 0x97, 0xb5,
    0x97, 0xb5, 0x96, 0xb5, 0x96, 0xb5, 0x76, 0xad, 0x76, 0xad, 0x76, 0xad,
    0x55, 0xad, 0x35, 0xa5, 0x14, 0xa5, 0xd3, 0x9c, 0x93, 0x94, 0x51, 0x8c,
    0xf0, 0x83, 0xaf, 0x73, 0x4e, 0x6b, 0x0c, 0x63, 0xec, 0x5a, 0xcb, 0x5a,
    0x8a, 0x52, 0x29, 0x4a, 0x08, 0x42, 0xa7, 0x39, 0x65, 0x29, 0x25, 0x29,
    0xc3, 0x18, 0x82, 0x10, 0xa3, 0x10, 0xa2, 0x10, 0xa3, 0x10, 0xa3, 0x18,
    0x82, 0x10, 0x82, 0x10, 0xa2, 0x10, 0x83, 0x18, 0xa2, 0x10, 0x83, 0x10,
    0xa2, 0x10, 0x82, 0x10, 0x83, 0x10, 0xa3, 0x10, 0x82, 0x10, 0x83, 0x10,
    0x82, 0x10, 0x82, 0x10, 0x82, 0x10, 0xc3, 0x18, 0x66, 0x29, 0xe8, 0x39,
    0x29, 0x42, 0x8a, 0x52, 0xcc, 0x5a, 0x0c, 0x5b, 0x4d, 0x63, 0x8e, 0x6b,
    0xaf, 0x73, 0xd0, 0x7b, 0xf0, 0x7b, 0x11, 0x7c, 0x10, 0x84, 0x10, 0x7c,
    0x10, 0x7c, 0xf0, 0x7b, 0xf0, 0x7b, 0xf0, 0x7b, 0xcf, 0x73, 0xaf, 0x73,
    0x8f, 0x73, 0x8e, 0x73, 0x6e, 0x6b, 0x4d, 0x6b, 0x2d, 0x63, 0x0d, 0x63,
    0xec, 0x5a, 0xab, 0x52, 0x8b, 0x52, 0x0c, 0x63, 0x8f, 0x73, 0x11, 0x84,
    0x72, 0x8c, 0xb3, 0x94, 0xf4, 0x9c, 0x35, 0xa5, 0x56, 0xad, 0x96, 0xb5,
    0xb7, 0xb5, 0xd7, 0xbd, 0xd8, 0xbd, 0xf8, 0xbd, 0xf8, 0xbd, 0xd8, 0xc5,
    0xd7, 0xbd, 0xd7, 0xbd, 0xd8, 0xbd, 0xd7, 0xbd, 0xd7, 0xbd, 0xd7, 0xbd,
    0xb7, 0xbd, 0xb7, 0xbd, 0xb7, 0xbd, 0xb7, 0xbd, 0xb6, 0xbd, 0xb6, 0xbd,
    0xb7, 0xbd, 0xb7, 0xbd, 0xb7, 0xbd, 0xb7, 0xbd, 0xb6, 0xbd, 0xb6, 0xbd,
    0xd7, 0xbd, 0xd7, 0xbd, 0xd7, 0xc5, 0xb7, 0xbd, 0xb7, 0xbd, 0xd7, 0xbd,
    0xd7, 0xbd, 0xb7, 0xbd, 0x96, 0xb5, 0x76, 0xad, 0x76, 0xb5, 0x97, 0xb5,
    0x97, 0xb5, 0xd7, 0xbd, 0xd7, 0xbd, 0xd8, 0xbd, 0xf8, 0xc5, 0x18, 0xc6,
    0xf8, 0xbd, 0xf8, 0xbd, 0xf8, 0xbd, 0xf8, 0xbd, 0xd7, 0xbd, 0xb7, 0xbd,
    0xb7, 0xb5, 0x76, 0xad, 0x76, 0xad, 0x76, 0xa5, 0x56, 0xa5, 0x35, 0xa5,
    0x56, 0xa5, 0x56, 0xa5, 0x76, 0xad, 0x76, 0xad, 0x76, 0xad, 0x76, 0xad,
    0x76, 0xad, 0x76, 0xad, 0x76, 0xad, 0x76, 0xad, 0x76, 0xad, 0x76, 0xad,
    0x76, 0xa5, 0x76, 0xad, 0x56, 0xa5, 0x55, 0xa5, 0x35, 0xa5, 0x35, 0xa5,
    0x56, 0xad, 0x76, 0xad, 0x97, 0xb5, 0xd7, 0xbd, 0xf8, 0xbd, 0xf8, 0xc5,
    0x18, 0xc6, 0x19, 0xbe, 0xf8, 0xbd, 0xd7, 0xbd, 0xb7, 0xbd, 0x96, 0xb5,
    0xb7, 0xb5, 0xd7, 0xbd, 0xd8, 0xbd, 0xf8, 0xbd, 0xf8, 0xbd, 0xf8, 0xbd,
    0xf8, 0xbd, 0xd8, 0xbd, 0xd7, 0xbd, 0xb7, 0xbd, 0xb7, 0xb5, 0xb7, 0xb5,
    0x96, 0xb5, 0x96, 0xb5, 0x96, 0xb5, 0x76, 0xad, 0x76, 0xad, 0x56, 0xad,
    0x35, 0xa5, 0x15, 0xa5, 0x14, 0xa5, 0xd4, 0x9c, 0x92, 0x94, 0x31, 0x84,
    0xaf, 0x73, 0x2d, 0x63, 0xcb, 0x5a, 0xab, 0x52, 0xab, 0x52, 0x6a, 0x52,
    0x29, 0x42, 0xe8, 0x39, 0xa7, 0x31, 0x65, 0x29, 0x25, 0x21, 0xc3, 0x18,
    0x82, 0x10, 0xa2, 0x18, 0xa3, 0x18, 0xa3, 0x10, 0xa2, 0x10, 0x82, 0x10,
    0x82, 0x10, 0xa2, 0x18, 0xa3, 0x10, 0xa2, 0x10, 0x83, 0x10, 0xa2, 0x18,
    0x82, 0x10, 0x82, 0x10, 0x82, 0x10, 0x82, 0x10, 0x82, 0x10, 0x82, 0x10,
    0x82, 0x10, 0x82, 0x10, 0xe4, 0x18, 0xa7, 0x31, 0x08, 0x42, 0x4a, 0x4a,
    0xab, 0x52, 0xec, 0x5a, 0x0d, 0x63, 0x4e, 0x6b, 0x8e, 0x6b, 0xcf, 0x73,
    0xf0, 0x7b, 0x11, 0x84, 0x11, 0x84, 0x31, 0x84, 0x11, 0x84, 0x11, 0x84,
    0x10, 0x7c, 0xf0, 0x7b, 0xd0, 0x7b, 0xcf, 0x73, 0xaf, 0x73, 0xaf, 0x73,
    0x8e, 0x6b, 0x6e, 0x6b, 0x4e, 0x6b, 0x2d, 0x63, 0x0d, 0x63, 0xec, 0x5a,
    0x8b, 0x52, 0xab, 0x52, 0x4d, 0x6b, 0xd0, 0x7b, 0x31, 0x84, 0x92, 0x94,
    0xd3, 0x9c, 0x14, 0xa5, 0x35, 0xa5, 0x76, 0xad, 0x96, 0xb5, 0xb7, 0xb5,
    0xd7, 0xbd, 0xf8, 0xbd, 0xd8, 0xbd, 0xf8, 0xbd, 0xf7, 0xbd, 0xd7, 0xbd,
    0xd8, 0xbd, 0xd8, 0xbd, 0xd7, 0xbd, 0xd7, 0xbd, 0xd7, 0xbd, 0xb7, 0xbd,
    0xb7, 0xbd, 0xb7, 0xbd, 0xb7, 0xbd, 0xb6, 0xbd, 0xb7, 0xbd, 0xb7, 0xbd,
    0xb7, 0xbd, 0xb6, 0xbd, 0xb7, 0xbd, 0xb7, 0xbd, 0xb7, 0xbd, 0xb7, 0xbd,
    0xd7, 0xbd, 0xd7, 0xbd, 0xd7, 0xbd, 0xb7, 0xbd, 0xb7, 0xbd, 0xb7, 0xb5,
    0xb7, 0xb5, 0x96, 0xb5, 0x96, 0xb5, 0x76, 0xad, 0x97, 0xb5, 0xb7, 0xb5,
    0xb7, 0xb5, 0xd7, 0xbd, 0xd7, 0xb5, 0xf8, 0xbd, 0xf8, 0xc5, 0xf8, 0xbd,
    0x18, 0xc6, 0xf8, 0xc5, 0xf8, 0xbd, 0xf8, 0xbd, 0xd8, 0xbd, 0xb7, 0xb5,
    0x97, 0xb5, 0x76, 0xad, 0x76, 0xad, 0x56, 0xa5, 0x56, 0xa5, 0x55, 0xa5,
    0x55, 0xa5, 0x76, 0xad, 0x76, 0xad, 0x76, 0xa5, 0x76, 0xad, 0x76, 0xad,
    0x76, 0xad, 0x56, 0xa5, 0x56, 0xa5, 0x56, 0xa5, 0x56, 0xa5, 0x76, 0xad,
    0x76, 0xad, 0x76, 0xad, 0x76, 0xa5, 0x56, 0xa5, 0x55, 0xa5, 0x35, 0xa5,
    0x56, 0xa5, 0x96, 0xad, 0xb7, 0xb5, 0xd7, 0xbd, 0xf8, 0xbd, 0xf8, 0xc5,
    0x18, 0xc6, 0x18, 0xbe, 0xf8, 0xbd, 0xd8, 0xbd, 0xd7, 0xbd, 0xb7, 0xb5,
    0xb7, 0xb5, 0xd7, 0xbd, 0xf8, 0xbd, 0xf8, 0xbd, 0x18, 0xc6, 0x19, 0xc6,
    0x19, 0xbe, 0xf8, 0xbd, 0xf8, 0xbd, 0xd8, 0xbd, 0xd7, 0xbd, 0xb7, 0xb5,
    0xb7, 0xb5, 0xb7, 0xb5, 0x97, 0xb5, 0x76, 0xb5, 0x76, 0xad, 0x55, 0xad,
    0x35, 0xa5, 0x14, 0xa5, 0xf4, 0x9c, 0xb3, 0x94, 0x72, 0x8c, 0x11, 0x84,
    0xaf, 0x73, 0x0c, 0x63, 0x8a, 0x52, 0x49, 0x4a, 0x08, 0x42, 0xe7, 0x39,
    0xe8, 0x39, 0xa7, 0x31, 0x45, 0x29, 0x04, 0x21, 0xc3, 0x18, 0xa2, 0x10,
    0xa3, 0x10, 0xa3, 0x18, 0xa2, 0x10, 0x83, 0x18, 0x82, 0x10, 0xa2, 0x10,
    0x82, 0x10, 0xa3, 0x10, 0x83, 0x18, 0x82, 0x10, 0xa2, 0x10, 0x82, 0x10,
    0x82, 0x10, 0x83, 0x10, 0x82, 0x18, 0xa2, 0x10, 0x82, 0x10, 0x82, 0x10,
    0x82, 0x10, 0x04, 0x21, 0xa7, 0x31, 0x29, 0x42, 0x8a, 0x4a, 0xcb, 0x5a,
    0x0c, 0x5b, 0x2d, 0x63, 0x6e, 0x6b, 0xaf, 0x73, 0xd0, 0x7b, 0x10, 0x7c,
    0x31, 0x84, 0x31, 0x84, 0x31, 0x84, 0x31, 0x84, 0x31, 0x84, 0x11, 0x84,
    0x10, 0x7c, 0xf0, 0x7b, 0xd0, 0x7b, 0xaf, 0x73, 0x8f, 0x73, 0x8f, 0x73,
    0x8e, 0x73, 0x6e, 0x6b, 0x2d, 0x63, 0x0c, 0x63, 0xcc, 0x5a, 0xab, 0x52,
    0xeb, 0x5a, 0x6e, 0x6b, 0xf0, 0x83, 0x52, 0x8c, 0xb3, 0x94, 0xd4, 0x9c,
    0x14, 0xa5, 0x35, 0xa5, 0x76, 0xad, 0x97, 0xb5, 0xb7, 0xbd, 0xd7, 0xbd,
    0xf8, 0xbd, 0xd7, 0xbd, 0xf8, 0xbd, 0xd7, 0xbd, 0xd8, 0xbd, 0xd7, 0xbd,
    0xd7, 0xbd, 0xd7, 0xbd, 0xd7, 0xbd, 0xb7, 0xbd, 0xb7, 0xbd, 0xb7, 0xbd,
    0xb7, 0xbd, 0xb6, 0xbd, 0xb6, 0xbd, 0xb7, 0xbd, 0xb7, 0xbd, 0xb7, 0xbd,
    0xb7, 0xbd, 0xb7, 0xbd, 0xb6, 0xbd, 0xb7, 0xbd, 0xd6, 0xbd, 0xd7, 0xbd,
    0xb7, 0xbd, 0xd7, 0xbd, 0xd7, 0xbd, 0xd7, 0xbd, 0xd7, 0xbd, 0x97, 0xb5,
    0x76, 0xad, 0x35, 0xad, 0x35, 0xa5, 0x55, 0xad, 0x76, 0xad, 0xb7, 0xb5,
    0xb7, 0xb5, 0xb7, 0xbd, 0xb7, 0xbd, 0xf8, 0xbd, 0x18, 0xc6, 0x18, 0xbe,
    0xf8, 0xc5, 0x18, 0xbe, 0xf8, 0xbd, 0xf8, 0xbd, 0xd7, 0xbd, 0xb7, 0xb5,
    0xb7, 0xb5, 0x76, 0xad, 0x56, 0xad, 0x56, 0xad, 0x76, 0xa5, 0x56, 0xa5,
    0x56, 0xad, 0x76, 0xad, 0x76, 0xad, 0x56, 0xad, 0x76, 0xa5, 0x56, 0xad,
    0x56, 0xa5, 0x56, 0xa5, 0x56, 0xa5, 0x55, 0xa5, 0x56, 0xa5, 0x56, 0xa5,
    0x76, 0xad, 0x76, 0xa5, 0x56, 0xa5, 0x56, 0xad, 0x55, 0xa5, 0x55, 0xa5,
    0x76, 0xad, 0x96, 0xad, 0xb7, 0xb5, 0xd7, 0xbd, 0xf8, 0xbd, 0xf8, 0xc5,
    0xf8, 0xbd, 0xf8, 0xc5, 0xf8, 0xc5, 0xf8, 0xbd, 0xd7, 0xbd, 0xb7, 0xbd,
    0xb7, 0xb5, 0xd8, 0xbd, 0xf8, 0xbd, 0x18, 0xc6, 0x18, 0xc6, 0x18, 0xc6,
    0x18, 0xc6, 0x18, 0xc6, 0x19, 0xbe, 0xf8, 0xbd, 0xf8, 0xbd, 0xd8, 0xbd,
    0xd7, 0xb5, 0xb7, 0xb5, 0x97, 0xb5, 0x96, 0xb5, 0x76, 0xad, 0x55, 0xad,
    0x35, 0xa5, 0xf4, 0x9c, 0xd3, 0x9c, 0x92, 0x8c, 0x31, 0x84, 0xcf, 0x7b,
    0x6e, 0x6b, 0x0c, 0x5b, 0x8a, 0x52, 0x09, 0x42, 0xc7, 0x39, 0xa7, 0x31,
    0x86, 0x31, 0x45, 0x29, 0x04, 0x21, 0xa3, 0x18, 0xa3, 0x10, 0xa2, 0x18,
    0xa3, 0x10, 0x83, 0x10, 0xa2, 0x10, 0xa2, 0x10, 0xa3, 0x10, 0x82, 0x18,
    0xa3, 0x18, 0xa3, 0x10, 0x82, 0x10, 0x82, 0x10, 0xa2, 0x10, 0x82, 0x10,
    0x82, 0x10, 0x82, 0x10, 0xa3, 0x10, 0x82, 0x10, 0x82, 0x10, 0xa3, 0x10,
    0x45, 0x29, 0xe8, 0x39, 0x49, 0x4a, 0x8b, 0x52, 0xcc, 0x5a, 0x2d, 0x63,
    0x4e, 0x6b, 0x8e, 0x6b, 0xcf, 0x73, 0xf0, 0x7b, 0x11, 0x84, 0x31, 0x84,
    0x51, 0x84, 0x51, 0x84, 0x31, 0x84, 0x31, 0x84, 0x11, 0x84, 0x10, 0x7c,
    0xf0, 0x7b, 0xd0, 0x7b, 0xcf, 0x73, 0xaf, 0x73, 0x8f, 0x73, 0x8e, 0x6b,
    0x6e, 0x6b, 0x2d, 0x63, 0x0c, 0x63, 0xcb, 0x52, 0xab, 0x52, 0x0d, 0x63,
    0xaf, 0x73, 0x31, 0x84, 0x72, 0x8c, 0xb3, 0x94, 0xf4, 0x9c, 0x14, 0xa5,
    0x14, 0xa5, 0x35, 0xa5, 0x56, 0xad, 0xb7, 0xb5, 0xd7, 0xbd, 0xf8, 0xbd,
    0xd8, 0xbd, 0xd8, 0xbd, 0xd7, 0xbd, 0xd8, 0xbd, 0xd7, 0xbd, 0xd8, 0xbd,
    0xd7, 0xbd, 0xd7, 0xbd, 0xd7, 0xbd, 0xb7, 0xbd, 0xb7, 0xbd, 0xb6, 0xbd,
    0xb7, 0xbd, 0xb7, 0xbd, 0xb7, 0xbd, 0xb6, 0xbd, 0xb6, 0xbd, 0xb6, 0xbd,
    0xb7, 0xbd, 0xb7, 0xbd, 0xb7, 0xbd, 0xb7, 0xbd, 0xb7, 0xbd, 0xb7, 0xbd,
    0xd7, 0xbd, 0xd7, 0xbd, 0xd7, 0xbd, 0xd8, 0xbd, 0xd8, 0xc5, 0xd7, 0xbd,
    0xb7, 0xb5, 0x76, 0xb5, 0x55, 0xad, 0x35, 0xa5, 0x15, 0xa5, 0x55, 0xad,
    0x96, 0xb5, 0xb7, 0xb5, 0xd7, 0xbd, 0xf8, 0xc5, 0xf8, 0xc5, 0x18, 0xc6,
    0xf8, 0xbd, 0x19, 0xc6, 0xf8, 0xc5, 0xf8, 0xbd, 0xd8, 0xbd, 0xb7, 0xbd,
    0xb7, 0xb5, 0x96, 0xad, 0x76, 0xad, 0x76, 0xad, 0x56, 0xad, 0x56, 0xa5,
    0x56, 0xad, 0x56, 0xad, 0x76, 0xa5, 0x56, 0xa5, 0x56, 0xa5, 0x55, 0xa5,
    0x35, 0xa5, 0x55, 0xa5, 0x36, 0xa5, 0x55, 0xa5, 0x56, 0xa5, 0x56, 0xa5,
    0x76, 0xad, 0x76, 0xad, 0x76, 0xad, 0x76, 0xad, 0x56, 0xa5, 0x56, 0xad,
    0x76, 0xad, 0x97, 0xb5, 0xb7, 0xb5, 0xd7, 0xbd, 0xf8, 0xbd, 0x19, 0xc6,
    0x18, 0xc6, 0x18, 0xbe, 0xf9, 0xbd, 0xf8, 0xbd, 0xf8, 0xbd, 0xb7, 0xbd,
    0xd7, 0xbd, 0xd8, 0xbd, 0xf8, 0xbd, 0x18, 0xc6, 0x19, 0xc6, 0x19, 0xc6,
    0x18, 0xc6, 0x18, 0xc6, 0x18, 0xbe, 0x18, 0xc6, 0xf8, 0xc5, 0xf8, 0xbd,
    0xd7, 0xbd, 0xb7, 0xb5, 0x76, 0xad, 0x76, 0xad, 0x55, 0xad, 0x35, 0xa5,
    0x14, 0xa5, 0xd3, 0x9c, 0x93, 0x94, 0x51, 0x8c, 0xf0, 0x7b, 0x8f, 0x73,
    0x2d, 0x63, 0xcb, 0x5a, 0x4a, 0x4a, 0x08, 0x42, 0xe8, 0x41, 0xa7, 0x31,
    0x45, 0x29, 0x04, 0x21, 0xc3, 0x18, 0xa2, 0x10, 0xa3, 0x10, 0xa3, 0x10,
    0x82, 0x18, 0xa2, 0x10, 0xa3, 0x18, 0x83, 0x10, 0x82, 0x10, 0xa3, 0x10,
    0x82, 0x10, 0x82, 0x10, 0xa2, 0x10, 0xa3, 0x10, 0xa3, 0x10, 0xa3, 0x18,
    0x82, 0x10, 0x83, 0x10, 0x82, 0x10, 0x82, 0x10, 0xa3, 0x18, 0x66, 0x29,
    0xe8, 0x41, 0x6a, 0x4a, 0xab, 0x52, 0x0c, 0x5b, 0x2d, 0x63, 0x6e, 0x6b,
    0xaf, 0x73, 0xd0, 0x7b, 0x10, 0x7c, 0x31, 0x84, 0x51, 0x84, 0x51, 0x84,
    0x52, 0x84, 0x51, 0x8c, 0x31, 0x84, 0x31, 0x84, 0x11, 0x84, 0xf0, 0x7b,
    0xf0, 0x7b, 0xd0, 0x73, 0xaf, 0x73, 0xaf, 0x73, 0x8e, 0x6b, 0x6e, 0x6b,
    0x2d, 0x63, 0xec, 0x5a, 0xab, 0x5a, 0xcb, 0x5a, 0x4e, 0x6b, 0xd0, 0x7b,
    0x31, 0x84, 0x92, 0x94, 0xd3, 0x9c, 0xf4, 0x9c, 0x35, 0xa5, 0x35, 0xa5,
    0x35, 0xa5, 0x55, 0xad, 0x56, 0xad, 0x76, 0xad, 0x76, 0xb5, 0x97, 0xb5,
    0xb7, 0xb5, 0xd7, 0xbd, 0xd8, 0xbd, 0xd7, 0xbd, 0xd7, 0xbd, 0xd7, 0xbd,
    0xd7, 0xbd, 0xb7, 0xbd, 0xb7, 0xbd, 0xb7, 0xbd, 0xb7, 0xbd, 0xb7, 0xbd,
    0xb6, 0xbd, 0xb6, 0xbd, 0xb7, 0xb5, 0xb7, 0xbd, 0xb7, 0xbd, 0xb7, 0xbd,
    0xb6, 0xbd, 0xb6, 0xbd, 0xb7, 0xbd, 0xb7, 0xbd, 0xb6, 0xbd, 0xb7, 0xbd,
    0xd7, 0xbd, 0xd7, 0xbd, 0xd7, 0xbd, 0xd7, 0xbd, 0xf8, 0xbd, 0xf8, 0xc5,
    0xf8, 0xc5, 0xf8, 0xbd, 0xd7, 0xbd, 0xd7, 0xbd, 0x96, 0xb5, 0x96, 0xad,
    0xb7, 0xb5, 0xd7, 0xbd, 0xf8, 0xbd, 0x18, 0xbe, 0xf8, 0xbd, 0xf8, 0xbd,
    0x18, 0xc6, 0xf8, 0xc5, 0x18, 0xbe, 0xf8, 0xbd, 0xd8, 0xbd, 0xd7, 0xbd,
    0xb7, 0xb5, 0x96, 0xad, 0x76, 0xad, 0x76, 0xad, 0x56, 0xad, 0x56, 0xa5,
    0x55, 0xad, 0x56, 0xa5, 0x56, 0xa5, 0x55, 0xa5, 0x36, 0xa5, 0x55, 0xa5,
    0x55, 0xa5, 0x35, 0xa5, 0x55, 0xa5, 0x36, 0xa5, 0x56, 0xa5, 0x56, 0xa5,
    0x56, 0xad, 0x76, 0xad, 0x76, 0xad, 0x76, 0xa5, 0x56, 0xad, 0x76, 0xad,
    0x96, 0xad, 0xb7, 0xb5, 0xb7, 0xb5, 0xf8, 0xbd, 0xf8, 0xc5, 0xf8, 0xc5,
    0x18, 0xc6, 0xf8, 0xbd, 0xf8, 0xc5, 0x18, 0xc6, 0xf8, 0xbd, 0xd7, 0xbd,
    0xd8, 0xbd, 0xf8, 0xbd, 0x18, 0xc6, 0x18, 0xc6, 0x39, 0xc6, 0x19, 0xc6,
    0x19, 0xc6, 0x18, 0xc6, 0x19, 0xc6, 0x18, 0xbe, 0xf8, 0xbd, 0xf8, 0xbd,
    0xd7, 0xbd, 0xb7, 0xb5, 0x96, 0xad, 0x56, 0xad, 0x35, 0xa5, 0x14, 0xa5,
    0xd4, 0x9c, 0x93, 0x94, 0x52, 0x8c, 0x10, 0x84, 0xaf, 0x73, 0x4e, 0x6b,
    0xec, 0x5a, 0x8a, 0x52, 0x29, 0x42, 0xe8, 0x39, 0xa7, 0x31, 0x45, 0x29,
    0x04, 0x21, 0xc3, 0x18, 0xa3, 0x10, 0xa3, 0x10, 0xa2, 0x18, 0xa3, 0x18,
    0xa2, 0x10, 0xa2, 0x10, 0xa2, 0x10, 0xa3, 0x18, 0x82, 0x10, 0xa2, 0x18,
    0xa3, 0x10, 0x82, 0x18, 0xa2, 0x18, 0x83, 0x10, 0x82, 0x10, 0x82, 0x10,
    0x82, 0x10, 0x82, 0x10, 0x82, 0x10, 0xe4, 0x18, 0x87, 0x31, 0x09, 0x42,
    0x8a, 0x4a, 0xcb, 0x5a, 0x0d, 0x63, 0x6e, 0x6b, 0x8e, 0x6b, 0xcf, 0x73,
    0xf0, 0x7b, 0x11, 0x84, 0x31, 0x84, 0x52, 0x8c, 0x52, 0x8c, 0x51, 0x8c,
    0x52, 0x8c, 0x51, 0x84, 0x31, 0x84, 0x31, 0x84, 0x10, 0x7c, 0xf0, 0x7b,
    0xcf, 0x7b, 0xcf, 0x73, 0x8f, 0x73, 0x8e, 0x73, 0x4e, 0x6b, 0x2d, 0x63,
    0xec, 0x5a, 0xcb, 0x5a, 0xec, 0x5a, 0x6e, 0x73, 0xf0, 0x83, 0x52, 0x8c,
    0x93, 0x94, 0xd3, 0x9c, 0x14, 0x9d, 0x35, 0xad, 0x56, 0xad, 0x56, 0xad,
    0x96, 0xb5, 0xb7, 0xb5, 0x96, 0xb5, 0x76, 0xad, 0x55, 0xad, 0x55, 0xad,
    0x55, 0xad, 0x55, 0xad, 0x96, 0xb5, 0xb7, 0xbd, 0xd7, 0xbd, 0xd7, 0xbd,
    0xb7, 0xbd, 0xd7, 0xbd, 0xb7, 0xbd, 0xb7, 0xbd, 0xb7, 0xb5, 0xb6, 0xbd,
    0x97, 0xbd, 0xb7, 0xbd, 0xb6, 0xbd, 0xb7, 0xbd, 0xb7, 0xbd, 0xb7, 0xbd,
    0xb7, 0xbd, 0xb7, 0xbd, 0xb7, 0xbd, 0xb6, 0xbd, 0xb7, 0xbd, 0xd7, 0xbd,
    0xd7, 0xbd, 0xd7, 0xbd, 0xd7, 0xbd, 0xd8, 0xc5, 0xd8, 0xc5, 0xf7, 0xbd,
    0xf8, 0xbd, 0xf8, 0xc5, 0xf8, 0xc5, 0xf8, 0xbd, 0xf8, 0xbd, 0xf8, 0xbd,
    0xf8, 0xbd, 0xf8, 0xc5, 0xf8, 0xbd, 0x18, 0xc6, 0x18, 0xc6, 0x18, 0xc6,
    0xf8, 0xc5, 0x18, 0xbe, 0xf8, 0xbd, 0xf8, 0xbd, 0xf8, 0xbd, 0xd7, 0xbd,
    0xb7, 0xb5, 0x97, 0xad, 0x76, 0xad, 0x56, 0xad, 0x56, 0xa5, 0x56, 0xa5,
    0x55, 0xa5, 0x35, 0xa5, 0x35, 0xa5, 0x35, 0xa5, 0x35, 0xa5, 0x36, 0xa5,
    0x36, 0x9d, 0x36, 0xa5, 0x36, 0xa5, 0x55, 0xa5, 0x55, 0xa5, 0x55, 0xa5,
    0x56, 0xa5, 0x56, 0xad, 0x76, 0xad, 0x56, 0xad, 0x75, 0xa5, 0x76, 0xad,
    0x96, 0xb5, 0xb7, 0xb5, 0xb7, 0xb5, 0xf8, 0xbd, 0x18, 0xc6, 0x18, 0xbe,
    0xf8, 0xbd, 0xf8, 0xc5, 0x18, 0xc6, 0xf8, 0xbd, 0xf8, 0xbd, 0xd7, 0xbd,
    0xf8, 0xbd, 0xf8, 0xbd, 0x18, 0xc6, 0x18, 0xc6, 0x39, 0xc6, 0x38, 0xc6,
    0x38, 0xc6, 0x39, 0xc6, 0x19, 0xc6, 0x18, 0xbe, 0xf8, 0xbd, 0xd8, 0xbd,
    0xb7, 0xb5, 0x97, 0xb5, 0x76, 0xad, 0x56, 0xad, 0x35, 0xa5, 0xf4, 0x9c,
    0xb3, 0x94, 0x72, 0x8c, 0x10, 0x84, 0xaf, 0x73, 0x4e, 0x6b, 0x0c, 0x5b,
    0xab, 0x52, 0x69, 0x4a, 0x08, 0x42, 0xa7, 0x31, 0x45, 0x29, 0x04, 0x21,
    0xa3, 0x18, 0xa3, 0x10, 0xa2, 0x18, 0xa2, 0x10, 0xa2, 0x18, 0x82, 0x10,
    0x83, 0x10, 0xa3, 0x10, 0xa3, 0x10, 0x82, 0x10, 0xa2, 0x10, 0x82, 0x10,
    0x82, 0x10, 0xa3, 0x10, 0x82, 0x10, 0x82, 0x10, 0x82, 0x10, 0x82, 0x10,
    0x82, 0x10, 0x82, 0x10, 0x04, 0x21, 0xc7, 0x39, 0x49, 0x42, 0x8b, 0x52,
    0xec, 0x5a, 0x2d, 0x63, 0x6e, 0x6b, 0xaf, 0x73, 0xd0, 0x7b, 0xf0, 0x7b,
    0x31, 0x84, 0x51, 0x84, 0x72, 0x8c, 0x72, 0x8c, 0x72, 0x8c, 0x52, 0x84,
    0x51, 0x84, 0x51, 0x84, 0x31, 0x84, 0x10, 0x7c, 0xf0, 0x7b, 0xd0, 0x7b,
    0xaf, 0x73, 0x8f, 0x73, 0x6e, 0x6b, 0x4d, 0x6b, 0x0d, 0x63, 0xcc, 0x5a,
    0xcb, 0x52, 0x0d, 0x63, 0xaf, 0x73, 0x11, 0x84, 0x72, 0x8c, 0xb3, 0x94,
    0xf4, 0x9c, 0x14, 0xa5, 0x55, 0xad, 0x76, 0xad, 0x97, 0xb5, 0xb7, 0xb5,
    0xb7, 0xbd, 0xb7, 0xbd, 0x97, 0xb5, 0x76, 0xb5, 0x76, 0xad, 0x76, 0xad,
    0x56, 0xad, 0x76, 0xad, 0x96, 0xb5, 0x97, 0xb5, 0xb7, 0xbd, 0xd7, 0xbd,
    0xb7, 0xbd, 0xb7, 0xbd, 0xb7, 0xbd, 0xb7, 0xbd, 0xb6, 0xbd, 0xb6, 0xbd,
    0xb7, 0xbd, 0x97, 0xbd, 0xb7, 0xbd, 0xb6, 0xbd, 0xb6, 0xbd, 0xb6, 0xbd,
    0xb6, 0xbd, 0xb7, 0xbd, 0xb7, 0xbd, 0xb7, 0xbd, 0xb7, 0xbd, 0xd7, 0xbd,
    0xd7, 0xbd, 0xd7, 0xbd, 0xd7, 0xbd, 0xd8, 0xbd, 0xf8, 0xbd, 0xf8, 0xbd,
    0xf8, 0xbd, 0xf8, 0xbd, 0xf8, 0xbd, 0xf8, 0xc5, 0xf8, 0xc5, 0xf8, 0xc5,
    0xf8, 0xc5, 0xf8, 0xc5, 0xf8, 0xbd, 0xf8, 0xbd, 0xf8, 0xc5, 0xf8, 0xc5,
    0x18, 0xbe, 0x18, 0xc6, 0xf8, 0xc5, 0xf8, 0xbd, 0xd8, 0xbd, 0xd7, 0xbd,
    0xb7, 0xb5, 0x97, 0xb5, 0x76, 0xad, 0x56, 0xad, 0x56, 0xa5, 0x35, 0xa5,
    0x35, 0xa5, 0x35, 0xa5, 0x35, 0xa5, 0x35, 0x9d, 0x35, 0xa5, 0x35, 0xa5,
    0x35, 0xa5, 0x35, 0xa5, 0x35, 0xa5, 0x55, 0xa5, 0x56, 0xa5, 0x56, 0xa5,
    0x55, 0xa5, 0x76, 0xad, 0x76, 0xa5, 0x56, 0xad, 0x56, 0xad, 0x76, 0xad,
    0x96, 0xb5, 0xb7, 0xb5, 0xd7, 0xbd, 0xf8, 0xbd, 0xf8, 0xc5, 0xf8, 0xc5,
    0x18, 0xbe, 0x19, 0xc6, 0xf8, 0xc5, 0xf8, 0xbd, 0xf8, 0xbd, 0xd8, 0xbd,
    0xf8, 0xbd, 0x18, 0xc6, 0x18, 0xc6, 0x19, 0xc6, 0x19, 0xc6, 0x19, 0xc6,
    0x19, 0xc6, 0x18, 0xc6, 0x18, 0xc6, 0xf8, 0xc5, 0xf8, 0xbd, 0xd7, 0xbd,
    0xb7, 0xb5, 0x96, 0xb5, 0x76, 0xad, 0x35, 0xa5, 0x14, 0xa5, 0xb3, 0x9c,
    0x72, 0x8c, 0x31, 0x84, 0xcf, 0x7b, 0x6e, 0x6b, 0x0c, 0x63, 0xab, 0x52,
    0x6a, 0x4a, 0x08, 0x42, 0xa7, 0x39, 0x45, 0x29, 0x04, 0x21, 0xc3, 0x18,
    0xa3, 0x10, 0xa2, 0x10, 0xa3, 0x18, 0xa3, 0x10, 0xa3, 0x10, 0xa3, 0x10,
    0xa2, 0x10, 0x83, 0x18, 0xa3, 0x18, 0x82, 0x10, 0x82, 0x18, 0xa3, 0x10,
    0x83, 0x10, 0xa2, 0x10, 0xa3, 0x10, 0x82, 0x10, 0x82, 0x18, 0xa3, 0x10,
    0xa3, 0x10, 0x25, 0x29, 0xe8, 0x39, 0x6a, 0x4a, 0xcb, 0x52, 0x0c, 0x5b,
    0x4e, 0x6b, 0x8e, 0x6b, 0xcf, 0x73, 0xf0, 0x7b, 0x11, 0x84, 0x51, 0x84,
    0x72, 0x8c, 0x72, 0x8c, 0x72, 0x8c, 0x72, 0x8c, 0x72, 0x8c, 0x51, 0x8c,
    0x51, 0x84, 0x31, 0x84, 0x10, 0x84, 0xf0, 0x7b, 0xd0, 0x7b, 0xcf, 0x73,
    0xaf, 0x73, 0x6e, 0x6b, 0x4d, 0x63, 0x0d, 0x63, 0xcc, 0x5a, 0xec, 0x5a,
    0x4e, 0x6b, 0xd0, 0x7b, 0x31, 0x84, 0x92, 0x94, 0xb3, 0x94, 0xf4, 0x9c,
    0x35, 0xa5, 0x56, 0xad, 0x96, 0xb5, 0xb7, 0xb5, 0xb7, 0xb5, 0xb7, 0xbd,
    0xb7, 0xb5, 0xb7, 0xb5, 0x96, 0xb5, 0x76, 0xad, 0x76, 0xad, 0x76, 0xad,
    0x96, 0xb5, 0x97, 0xb5, 0xb7, 0xb5, 0xb7, 0xb5, 0xb7, 0xbd, 0xd7, 0xbd,
    0xd7, 0xbd, 0xb7, 0xbd, 0xb7, 0xb5, 0xb6, 0xbd, 0xb7, 0xbd, 0xb7, 0xbd,
    0xb6, 0xbd, 0xb6, 0xb5, 0x97, 0xbd, 0xb7, 0xbd, 0xb7, 0xbd, 0xb7, 0xbd,
    0xb7, 0xbd, 0xb6, 0xbd, 0xb6, 0xbd, 0xb7, 0xbd, 0xb7, 0xbd, 0xd7, 0xbd,
    0xd7, 0xbd, 0xd7, 0xbd, 0xd8, 0xbd, 0xf8, 0xbd, 0xf7, 0xbd, 0xf8, 0xbd,
    0xf8, 0xc5, 0xf7, 0xc5, 0xf8, 0xbd, 0xf8, 0xbd, 0xf8, 0xbd, 0xd7, 0xbd,
    0xd7, 0xbd, 0xf8, 0xbd, 0xf8, 0xc5, 0xf8, 0xc5, 0x18, 0xbe, 0x18, 0xbe,
    0xf8, 0xc5, 0xf8, 0xbd, 0x18, 0xc6, 0x18, 0xc6, 0xf8, 0xbd, 0xd8, 0xbd,
    0xb7, 0xb5, 0x97, 0xb5, 0x76, 0xad, 0x55, 0xa5, 0x35, 0xa5, 0x35, 0xa5,
    0x35, 0x9d, 0x15, 0x9d, 0x35, 0xa5, 0x35, 0x9d, 0x35, 0x9d, 0x35, 0xa5,
    0x35, 0xa5, 0x35, 0xa5, 0x56, 0xa5, 0x56, 0xa5, 0x56, 0xa5, 0x76, 0xad,
    0x76, 0xad, 0x56, 0xad, 0x56, 0xa5, 0x55, 0xa5, 0x56, 0xad, 0x96, 0xad,
    0x97, 0xb5, 0xb7, 0xb5, 0xd8, 0xbd, 0xf8, 0xbd, 0x18, 0xc6, 0xf8, 0xc5,
    0x18, 0xc6, 0xf8, 0xc5, 0x18, 0xbe, 0x19, 0xbe, 0xf8, 0xc5, 0xf8, 0xbd,
    0x19, 0xc6, 0x19, 0xc6, 0x18, 0xc6, 0x19, 0xc6, 0x19, 0xc6, 0x18, 0xc6,
    0x18, 0xc6, 0x18, 0xc6, 0xf8, 0xbd, 0xf8, 0xbd, 0xd7, 0xbd, 0xd7, 0xbd,
    0x97, 0xb5, 0x76, 0xad, 0x55, 0xad, 0x15, 0xa5, 0xd3, 0x9c, 0x92, 0x8c,
    0x31, 0x84, 0xf0, 0x7b, 0x6e, 0x6b, 0x0d, 0x63, 0xab, 0x52, 0x6a, 0x4a,
    0x08, 0x42, 0xa7, 0x31, 0x45, 0x29, 0xe4, 0x18, 0xa3, 0x18, 0xa2, 0x10,
    0xa2, 0x10, 0xa3, 0x10, 0xa2, 0x18, 0xa3, 0x10, 0xa2, 0x18, 0xa3, 0x18,
    0xa2, 0x10, 0xa2, 0x10, 0xa2, 0x10, 0x82, 0x10, 0xa3, 0x10, 0xa3, 0x18,
    0xa2, 0x10, 0x82, 0x10, 0x82, 0x10, 0x82, 0x10, 0x82, 0x10, 0xa3, 0x18,
    0x66, 0x29, 0x08, 0x42, 0x8a, 0x4a, 0xec, 0x5a, 0x2d, 0x63, 0x4e, 0x6b,
    0x8f, 0x73, 0xd0, 0x7b, 0x10, 0x7c, 0x31, 0x84, 0x52, 0x8c, 0x72, 0x8c,
    0x72, 0x8c, 0x72, 0x8c, 0x72, 0x8c, 0x72, 0x8c, 0x52, 0x8c, 0x51, 0x84,
    0x31, 0x84, 0x11, 0x84, 0xf0, 0x7b, 0xd0, 0x7b, 0xaf, 0x73, 0x8f, 0x73,
    0x6e, 0x6b, 0x4d, 0x63, 0x0c, 0x63, 0xcb, 0x5a, 0xec, 0x5a, 0x8e, 0x73,
    0x10, 0x84, 0x72, 0x8c, 0xb3, 0x94, 0xd4, 0x9c, 0x14, 0xa5, 0x55, 0xad,
    0x76, 0xad, 0x96, 0xb5, 0xb7, 0xb5, 0xd8, 0xbd, 0xd7, 0xbd, 0xb7, 0xb5,
    0x97, 0xb5, 0x76, 0xad, 0x76, 0xad, 0x76, 0xad, 0x56, 0xad, 0x56, 0xad,
    0x76, 0xad, 0x96, 0xb5, 0x97, 0xb5, 0x97, 0xb5, 0xb6, 0xb5, 0xb7, 0xbd,
    0xb7, 0xbd, 0xb7, 0xbd, 0xb7, 0xbd, 0xb7, 0xbd, 0xb6, 0xbd, 0xb7, 0xbd,
    0x97, 0xbd, 0xb6, 0xbd, 0xb6, 0xbd, 0xb7, 0xbd, 0xb6, 0xb5, 0xb7, 0xbd,
    0xb7, 0xbd, 0xb7, 0xbd, 0xb7, 0xbd, 0xb7, 0xbd, 0xd7, 0xbd, 0xd7, 0xbd,
    0xd7, 0xbd, 0xd7, 0xbd, 0xd8, 0xbd, 0xf8, 0xc5, 0xf8, 0xc5, 0xf8, 0xc5,
    0xf8, 0xbd, 0xf8, 0xc5, 0xf8, 0xbd, 0xf8, 0xbd, 0xd7, 0xbd, 0xb7, 0xb5,
    0x96, 0xb5, 0xb7, 0xb5, 0xb7, 0xbd, 0xd7, 0xbd, 0xd8, 0xbd, 0xf8, 0xbd,
    0xf8, 0xc5, 0xf8, 0xc5, 0x18, 0xbe, 0xf8, 0xbd, 0xf8, 0xbd, 0xd8, 0xbd,
    0xd7, 0xb5, 0x97, 0xb5, 0x76, 0xad, 0x56, 0xa5, 0x35, 0xa5, 0x35, 0xa5,
    0x15, 0x9d, 0x15, 0x9d, 0x15, 0xa5, 0x35, 0xa5, 0x35, 0xa5, 0x35, 0x9d,
    0x35, 0xa5, 0x55, 0xa5, 0x56, 0xa5, 0x56, 0xa5, 0x56, 0xad, 0x56, 0xad,
    0x76, 0xad, 0x56, 0xad, 0x55, 0xa5, 0x55, 0xa5, 0x76, 0xad, 0x76, 0xad,
    0x97, 0xb5, 0xd7, 0xb5, 0xf8, 0xbd, 0xf8, 0xc5, 0x18, 0xc6, 0x18, 0xbe,
    0xf8, 0xbd, 0xf8, 0xbd, 0x18, 0xc6, 0xf8, 0xc5, 0xf8, 0xc5, 0xf8, 0xbd,
    0x18, 0xc6, 0x18, 0xc6, 0x19, 0xc6, 0x18, 0xc6, 0x19, 0xc6, 0x18, 0xc6,
    0x18, 0xc6, 0xf8, 0xbd, 0xf8, 0xbd, 0xd7, 0xbd, 0xb7, 0xb5, 0x97, 0xb5,
    0x96, 0xb5, 0x55, 0xad, 0x35, 0xa5, 0xf4, 0x9c, 0x93, 0x94, 0x51, 0x84,
    0xf0, 0x7b, 0x8e, 0x73, 0x2d, 0x63, 0xcb, 0x5a, 0x6a, 0x4a, 0x09, 0x42,
    0xa7, 0x39, 0x45, 0x29, 0xe4, 0x18, 0xa3, 0x18, 0xa2, 0x18, 0xa3, 0x10,
    0xa3, 0x18, 0xa3, 0x18, 0xa3, 0x10, 0xa2, 0x10, 0xa2, 0x10, 0xa2, 0x10,
    0x83, 0x18, 0xa3, 0x10, 0xa2, 0x10, 0x83, 0x10, 0x82, 0x10, 0xa2, 0x10,
    0x82, 0x18, 0xa3, 0x10, 0x82, 0x10, 0x82, 0x10, 0xc4, 0x18, 0x86, 0x31,
    0x29, 0x42, 0x8b, 0x52, 0xec, 0x5a, 0x4d, 0x63, 0x6e, 0x6b, 0xaf, 0x73,
    0xf0, 0x7b, 0x31, 0x84, 0x51, 0x84, 0x72, 0x8c, 0x92, 0x8c, 0x92, 0x8c,
    0x93, 0x94, 0x92, 0x8c, 0x72, 0x8c, 0x72, 0x8c, 0x51, 0x8c, 0x31, 0x84,
    0x11, 0x84, 0x10, 0x7c, 0xf0, 0x7b, 0xaf, 0x73, 0xaf, 0x73, 0x6e, 0x6b,
    0x2d, 0x63, 0xec, 0x5a, 0xcb, 0x5a, 0x2d, 0x63, 0xcf, 0x7b, 0x31, 0x84,
    0x72, 0x8c, 0xb3, 0x94, 0xf4, 0x9c, 0x35, 0xa5, 0x55, 0xad, 0x76, 0xad,
    0x97, 0xb5, 0xb7, 0xbd, 0xd7, 0xbd, 0xd8, 0xbd, 0xd7, 0xbd, 0xb7, 0xb5,
    0x96, 0xb5, 0x76, 0xb5, 0x76, 0xad, 0x55, 0xad, 0x35, 0xa5, 0x55, 0xad,
    0x55, 0xad, 0x76, 0xad, 0x76, 0xad, 0x96, 0xb5, 0x97, 0xb5, 0xb7, 0xbd,
    0xb7, 0xbd, 0xb7, 0xbd, 0xb6, 0xbd, 0xb6, 0xbd, 0xb6, 0xbd, 0xb7, 0xb5,
    0x97, 0xbd, 0xb7, 0xbd, 0xb7, 0xbd, 0xb7, 0xbd, 0x96, 0xbd, 0xb6, 0xbd,
    0xb7, 0xbd, 0xb7, 0xbd, 0xd7, 0xbd, 0xb7, 0xbd, 0xd7, 0xbd, 0xd7, 0xbd,
    0xd7, 0xbd, 0xd8, 0xbd, 0xf8, 0xc5, 0xf8, 0xbd, 0xf8, 0xbd, 0xf8, 0xbd,
    0xf8, 0xbd, 0xf8, 0xbd, 0xd7, 0xbd, 0xb7, 0xbd, 0x97, 0xb5, 0x76, 0xad,
    0x76, 0xad, 0x76, 0xad, 0x76, 0xad, 0x76, 0xad, 0x76, 0xb5, 0xb7, 0xb5,
    0xf8, 0xbd, 0x18, 0xc6, 0xf8, 0xc5, 0x18, 0xc6, 0xf8, 0xc5, 0xf8, 0xbd,
    0xd7, 0xbd, 0xb7, 0xb5, 0x96, 0xb5, 0x56, 0xad, 0x35, 0xa5, 0x35, 0xa5,
    0x15, 0x9d, 0x15, 0x9d, 0x15, 0x9d, 0x15, 0x9d, 0x35, 0xa5, 0x35, 0xa5,
    0x35, 0xa5, 0x36, 0xa5, 0x56, 0xa5, 0x56, 0xad, 0x56, 0xad, 0x76, 0xad,
    0x56, 0xa5, 0x35, 0xa5, 0x35, 0xa5, 0x55, 0xa5, 0x76, 0xad, 0x76, 0xb5,
    0x97, 0xb5, 0xd7, 0xbd, 0xf8, 0xbd, 0xf8, 0xc5, 0x18, 0xbe, 0xf8, 0xc5,
    0x18, 0xc6, 0x19, 0xc6, 0xf8, 0xc5, 0xf8, 0xbd, 0x18, 0xbe, 0xf8, 0xbd,
    0x18, 0xbe, 0xf8, 0xc5, 0x18, 0xc6, 0x18, 0xc6, 0x18, 0xc6, 0x18, 0xc6,
    0xf8, 0xbd, 0xf8, 0xbd, 0xd8, 0xbd, 0xb7, 0xbd, 0x96, 0xb5, 0x96, 0xb5,
    0x55, 0xad, 0x35, 0xa5, 0xf4, 0x9c, 0xb3, 0x94, 0x52, 0x8c, 0x10, 0x84,
    0x8f, 0x73, 0x2d, 0x63, 0xcc, 0x5a, 0x8a, 0x4a, 0x29, 0x42, 0xa7, 0x39,
    0x45, 0x29, 0xe3, 0x18, 0xa3, 0x10, 0xa3, 0x10, 0xa2, 0x18, 0xa3, 0x10,
    0xa3, 0x10, 0xa2, 0x18, 0xa3, 0x10, 0xa2, 0x10, 0xa3, 0x18, 0xa3, 0x18,
    0xa2, 0x10, 0x83, 0x10, 0xa3, 0x10, 0x82, 0x18, 0xa3, 0x18, 0x82, 0x10,
    0x82, 0x10, 0x82, 0x10, 0xa2, 0x10, 0x04, 0x21, 0xc7, 0x39, 0x49, 0x4a,
    0xab, 0x52, 0x0d, 0x63, 0x4e, 0x6b, 0x8f, 0x73, 0xcf, 0x73, 0x10, 0x7c,
    0x31, 0x84, 0x72, 0x8c, 0x92, 0x8c, 0x93, 0x94, 0x93, 0x94, 0xb3, 0x94,
    0x92, 0x8c, 0x92, 0x8c, 0x72, 0x8c, 0x52, 0x8c, 0x31, 0x84, 0x11, 0x84,
    0x10, 0x7c, 0xf0, 0x7b, 0xcf, 0x7b, 0x8f, 0x73, 0x6e, 0x6b, 0x2c, 0x63,
    0xec, 0x5a, 0xcc, 0x5a, 0x4e, 0x6b, 0xf0, 0x7b, 0x52, 0x8c, 0x93, 0x94,
    0xd3, 0x9c, 0x14, 0xa5, 0x35, 0xa5, 0x56, 0xad, 0x96, 0xb5, 0xb7, 0xb5,
    0xd7, 0xb5, 0xd8, 0xbd, 0xd7, 0xbd, 0xd7, 0xbd, 0xd7, 0xbd, 0xd7, 0xb5,
    0xb7, 0xb5, 0x97, 0xb5, 0x76, 0xb5, 0x35, 0xa5, 0x14, 0xa5, 0x14, 0xa5,
    0x15, 0xa5, 0x55, 0xad, 0x76, 0xb5, 0xb7, 0xb5, 0xb7, 0xbd, 0xb7, 0xbd,
    0xb7, 0xbd, 0xb7, 0xbd, 0xb7, 0xb5, 0xb7, 0xbd, 0xb7, 0xbd, 0xb6, 0xbd,
    0xb6, 0xbd, 0xb7, 0xbd, 0xb6, 0xbd, 0x97, 0xbd, 0xb7, 0xbd, 0xb7, 0xbd,
    0xb7, 0xbd, 0xb7, 0xbd, 0xd7, 0xbd, 0xd7, 0xbd, 0xd7, 0xbd, 0xd8, 0xbd,
    0xd8, 0xbd, 0xf8, 0xbd, 0xf8, 0xbd, 0xf7, 0xbd, 0xf8, 0xc5, 0xf8, 0xbd,
    0xf7, 0xc5, 0xd7, 0xbd, 0xb7, 0xb5, 0xb7, 0xb5, 0x96, 0xb5, 0x56, 0xad,
    0x55, 0xad, 0x55, 0xad, 0x55, 0xa5, 0x55, 0xad, 0x76, 0xb5, 0xb7, 0xb5,
    0xf8, 0xbd, 0xf8, 0xc5, 0x18, 0xbe, 0xf8, 0xbd, 0x18, 0xc6, 0xf8, 0xbd,
    0xd8, 0xbd, 0xb7, 0xb5, 0x97, 0xb5, 0x76, 0xad, 0x55, 0xa5, 0x15, 0x9d,
    0x14, 0x9d, 0xf5, 0x9c, 0xf5, 0x9c, 0x14, 0x9d, 0x15, 0x9d, 0x35, 0xa5,
    0x35, 0xa5, 0x35, 0xa5, 0x55, 0xa5, 0x56, 0xa5, 0x55, 0xa5, 0x55, 0xa5,
    0x35, 0xa5, 0x15, 0xa5, 0x35, 0xa5, 0x55, 0xa5, 0x76, 0xad, 0x96, 0xb5,
    0xb7, 0xb5, 0xf8, 0xbd, 0x18, 0xc6, 0xf8, 0xc5, 0xf8, 0xc5, 0x19, 0xbe,
    0xf8, 0xc5, 0xf8, 0xc5, 0x18, 0xbe, 0x18, 0xc6, 0x18, 0xc6, 0x18, 0xc6,
    0xf8, 0xbd, 0xf8, 0xbd, 0xf8, 0xbd, 0xf8, 0xbd, 0xf8, 0xbd, 0xd8, 0xbd,
    0xd7, 0xbd, 0xd7, 0xb5, 0xb7, 0xb5, 0x97, 0xb5, 0x76, 0xad, 0x56, 0xad,
    0x35, 0xa5, 0xf4, 0x9c, 0xb3, 0x94, 0x72, 0x8c, 0x10, 0x84, 0xaf, 0x73,
    0x4d, 0x6b, 0xcc, 0x5a, 0x8a, 0x52, 0x29, 0x42, 0xa7, 0x31, 0x45, 0x29,
    0xe3, 0x18, 0xa3, 0x18, 0xa3, 0x18, 0xa3, 0x18, 0xa2, 0x18, 0xa3, 0x10,
    0xa2, 0x10, 0xa3, 0x10, 0xa2, 0x18, 0xa3, 0x10, 0xa3, 0x18, 0xa3, 0x10,
    0xa2, 0x10, 0xa2, 0x18, 0x82, 0x10, 0x82, 0x10, 0xa2, 0x10, 0xa3, 0x10,
    0x82, 0x10, 0xa3, 0x10, 0x25, 0x29, 0xe8, 0x39, 0x6a, 0x4a, 0xcc, 0x5a,
    0x2d, 0x63, 0x6e, 0x6b, 0xaf, 0x73, 0xf0, 0x7b, 0x11, 0x84, 0x51, 0x84,
    0x72, 0x8c, 0x93, 0x94, 0xb3, 0x94, 0xb3, 0x94, 0xb3, 0x94, 0x92, 0x94,
    0x93, 0x8c, 0x72, 0x8c, 0x52, 0x8c, 0x31, 0x84, 0x11, 0x84, 0x10, 0x7c,
    0xf0, 0x7b, 0xcf, 0x73, 0x8f, 0x73, 0x6e, 0x6b, 0x2d, 0x63, 0xec, 0x5a,
    0x0c, 0x63, 0x8e, 0x6b, 0x10, 0x84, 0x72, 0x8c, 0xb3, 0x94, 0xf4, 0x9c,
    0x14, 0xa5, 0x55, 0xad, 0x76, 0xad, 0x96, 0xb5, 0xb7, 0xb5, 0xd7, 0xbd,
    0xd8, 0xbd, 0xd7, 0xbd, 0xd7, 0xbd, 0xb8, 0xbd, 0xd7, 0xb5, 0xb7, 0xbd,
    0xb7, 0xb5, 0x97, 0xb5, 0x76, 0xb5, 0x55, 0xad, 0x35, 0xa5, 0x15, 0xa5,
    0x15, 0xa5, 0x35, 0xa5, 0x76, 0xad, 0x96, 0xad, 0x96, 0xb5, 0x97, 0xb5,
    0xb7, 0xbd, 0xb7, 0xbd, 0xb7, 0xb5, 0xb6, 0xbd, 0xb6, 0xbd, 0x97, 0xbd,
    0xb6, 0xbd, 0xb6, 0xbd, 0x96, 0xb5, 0x96, 0xb5, 0x96, 0xb5, 0xb7, 0xbd,
    0xb7, 0xbd, 0xd7, 0xbd, 0xd7, 0xbd, 0xd7, 0xbd, 0xd7, 0xbd, 0xf8, 0xbd,
    0xf8, 0xbd, 0xf8, 0xc5, 0xf8, 0xbd, 0xf8, 0xbd, 0xf8, 0xbd, 0xf8, 0xc5,
    0xf8, 0xbd, 0xf7, 0xbd, 0xd7, 0xbd, 0xb7, 0xbd, 0x96, 0xb5, 0x76, 0xad,
    0x55, 0xad, 0x55, 0xad, 0x56, 0xad, 0x96, 0xb5, 0xb7, 0xb5, 0xd8, 0xbd,
    0xf8, 0xbd, 0xf8, 0xc5, 0x18, 0xc6, 0x18, 0xc6, 0x18, 0xc6, 0x18, 0xc6,
    0xf8, 0xbd, 0xd7, 0xbd, 0xb7, 0xb5, 0x96, 0xad, 0x56, 0xad, 0x35, 0xa5,
    0x15, 0x9d, 0x14, 0x9d, 0x14, 0x9d, 0x15, 0x9d, 0x15, 0x9d, 0x15, 0xa5,
    0x35, 0xa5, 0x35, 0xa5, 0x35, 0xa5, 0x35, 0xa5, 0x15, 0xa5, 0x15, 0x9d,
    0x14, 0x9d, 0xf4, 0x9c, 0x35, 0xa5, 0x56, 0xad, 0x76, 0xad, 0x97, 0xb5,
    0xd7, 0xbd, 0xf8, 0xbd, 0xf8, 0xbd, 0x18, 0xc6, 0x18, 0xbe, 0xf8, 0xc5,
    0x18, 0xbe, 0x18, 0xbe, 0xf8, 0xc5, 0x19, 0xc6, 0x19, 0xc6, 0x39, 0xc6,
    0xf8, 0xc5, 0x18, 0xc6, 0xf8, 0xbd, 0xf8, 0xbd, 0xd7, 0xbd, 0xb7, 0xb5,
    0x97, 0xb5, 0x96, 0xb5, 0x96, 0xad, 0x76, 0xad, 0x55, 0xad, 0x35, 0xa5,
    0xf4, 0x9c, 0xb3, 0x9c, 0x72, 0x8c, 0x11, 0x84, 0xcf, 0x73, 0x4d, 0x6b,
    0xec, 0x5a, 0x8b, 0x52, 0x29, 0x42, 0xc7, 0x39, 0x65, 0x29, 0xe4, 0x18,
    0xa3, 0x18, 0xa3, 0x10, 0xa2, 0x10, 0xa2, 0x18, 0xa3, 0x10, 0xa2, 0x18,
    0xa3, 0x18, 0xa2, 0x10, 0xa2, 0x10, 0xa3, 0x18, 0xa2, 0x10, 0xa2, 0x10,
    0x83, 0x10, 0xa2, 0x18, 0xa3, 0x10, 0x82, 0x10, 0xa3, 0x10, 0x82, 0x10,
    0xa3, 0x18, 0x66, 0x29, 0x29, 0x42, 0x8a, 0x52, 0x0c, 0x5b, 0x4e, 0x6b,
    0x8e, 0x6b, 0xd0, 0x73, 0x10, 0x7c, 0x51, 0x84, 0x72, 0x8c, 0x92, 0x8c,
    0x93, 0x94, 0xb3, 0x94, 0xb3, 0x94, 0xb3, 0x94, 0xb3, 0x94, 0x92, 0x94,
    0x72, 0x8c, 0x72, 0x8c, 0x51, 0x84, 0x31, 0x84, 0x10, 0x84, 0xf0, 0x7b,
    0xcf, 0x73, 0x8f, 0x73, 0x4e, 0x6b, 0x0c, 0x5b, 0xec, 0x5a, 0x2d, 0x63,
    0xaf, 0x7b, 0x31, 0x84, 0x72, 0x8c, 0xb3, 0x94, 0xf4, 0xa4, 0x35, 0xa5,
    0x56, 0xad, 0x76, 0xad, 0x97, 0xb5, 0xd7, 0xb5, 0xd7, 0xbd, 0xd8, 0xbd,
    0xd8, 0xbd, 0xd7, 0xbd, 0xb7, 0xbd, 0xb7, 0xb5, 0xb7, 0xb5, 0xb7, 0xb5,
    0x96, 0xb5, 0x76, 0xb5, 0x76, 0xad, 0x55, 0xad, 0x55, 0xad, 0x35, 0xa5,
    0x35, 0xa5, 0x35, 0xad, 0x55, 0xad, 0x56, 0xad, 0x76, 0xad, 0x96, 0xb5,
    0xb7, 0xb5, 0xb7, 0xbd, 0xb6, 0xbd, 0xb7, 0xbd, 0x96, 0xb5, 0x97, 0xb5,
    0xb7, 0xbd, 0xb7, 0xbd, 0xb7, 0xbd, 0x96, 0xb5, 0x76, 0xb5, 0x96, 0xb5,
    0x96, 0xb5, 0x97, 0xbd, 0xb7, 0xbd, 0xb7, 0xbd, 0xd8, 0xbd, 0xf8, 0xbd,
    0xf8, 0xbd, 0xf7, 0xbd, 0xf8, 0xc5, 0xf8, 0xc5, 0xf8, 0xc5, 0xf8, 0xbd,
    0xf8, 0xbd, 0xf8, 0xbd, 0xf8, 0xc5, 0xd7, 0xbd, 0xb7, 0xbd, 0xb7, 0xb5,
    0x97, 0xb5, 0x76, 0xad, 0x76, 0xad, 0xb7, 0xb5, 0xb7, 0xb5, 0xd7, 0xbd,
    0xd7, 0xbd, 0xd7, 0xbd, 0xd8, 0xbd, 0xf8, 0xbd, 0xf8, 0xbd, 0xf8, 0xc5,
    0xf8, 0xbd, 0xd8, 0xbd, 0xd7, 0xb5, 0xb7, 0xb5, 0x76, 0xad, 0x35, 0xa5,
    0xf4, 0x9c, 0xf4, 0x9c, 0xf4, 0x9c, 0xf4, 0x9c, 0x14, 0x9d, 0x15, 0x9d,
    0x15, 0x9d, 0x14, 0x9d, 0x15, 0x9d, 0xf4, 0x9c, 0xf4, 0x9c, 0xf4, 0x94,
    0xd4, 0x94, 0x14, 0x9d, 0x35, 0xa5, 0x56, 0xad, 0x96, 0xb5, 0xd7, 0xb5,
    0xf8, 0xbd, 0x18, 0xc6, 0xf8, 0xc5, 0xf8, 0xc5, 0x18, 0xbe, 0xf8, 0xc5,
    0xf8, 0xc5, 0x18, 0xc6, 0x19, 0xc6, 0x19, 0xc6, 0x39, 0xc6, 0x39, 0xc6,
    0xf8, 0xbd, 0xf8, 0xbd, 0xf8, 0xbd, 0xd8, 0xbd, 0xd7, 0xbd, 0xb7, 0xb5,
    0x97, 0xb5, 0x76, 0xad, 0x56, 0xad, 0x55, 0xad, 0x35, 0xa5, 0xf4, 0x9c,
    0xb3, 0x94, 0x52, 0x8c, 0x10, 0x84, 0xaf, 0x73, 0x4e, 0x6b, 0xec, 0x5a,
    0xab, 0x52, 0x49, 0x4a, 0xc7, 0x39, 0x45, 0x29, 0xc3, 0x18, 0xc3, 0x10,
    0xa3, 0x18, 0xa2, 0x10, 0xa3, 0x10, 0xa3, 0x10, 0xa2, 0x10, 0xa3, 0x10,
    0xa3, 0x18, 0xa3, 0x18, 0xa3, 0x10, 0xa2, 0x18, 0xa2, 0x10, 0xa3, 0x10,
    0xa3, 0x18, 0xa3, 0x10, 0xa3, 0x10, 0xa2, 0x18, 0x82, 0x10, 0xc3, 0x18,
    0x87, 0x31, 0x49, 0x4a, 0xab, 0x52, 0x0d, 0x63, 0x6e, 0x6b, 0xaf, 0x73,
    0xf0, 0x7b, 0x31, 0x84, 0x52, 0x8c, 0x72, 0x8c, 0xb3, 0x94, 0xb3, 0x94,
    0xb3, 0x94, 0xd4, 0x9c, 0xb3, 0x94, 0xb3, 0x94, 0xb3, 0x94, 0x92, 0x8c,
    0x72, 0x8c, 0x51, 0x8c, 0x31, 0x84, 0x11, 0x84, 0x10, 0x7c, 0xd0, 0x73,
    0x8f, 0x73, 0x4d, 0x6b, 0xec, 0x62, 0xec, 0x5a, 0x4e, 0x6b, 0xd0, 0x7b,
    0x51, 0x8c, 0x93, 0x94, 0xd4, 0x9c, 0x14, 0xa5, 0x35, 0xa5, 0x76, 0xad,
    0x76, 0xb5, 0xb7, 0xb5, 0xd7, 0xbd, 0xd8, 0xbd, 0xd8, 0xbd, 0xd7, 0xbd,
    0xd7, 0xbd, 0xd7, 0xbd, 0xb7, 0xb5, 0xb7, 0xb5, 0xb7, 0xbd, 0xb7, 0xb5,
    0xb7, 0xb5, 0x96, 0xb5, 0x76, 0xad, 0x56, 0xad, 0x55, 0xad, 0x35, 0xa5,
    0x35, 0xa5, 0x35, 0xad, 0x55, 0xad, 0x76, 0xad, 0x96, 0xb5, 0x97, 0xb5,
    0xb7, 0xbd, 0xb7, 0xbd, 0xb7, 0xbd, 0xb6, 0xbd, 0x97, 0xbd, 0xb6, 0xbd,
    0xb6, 0xbd, 0xb7, 0xbd, 0xb7, 0xb5, 0xb7, 0xb5, 0x96, 0xb5, 0x96, 0xb5,
    0x96, 0xb5, 0xb7, 0xb5, 0xb7, 0xb5, 0xb7, 0xb5, 0xd7, 0xbd, 0xf8, 0xbd,
    0xf8, 0xbd, 0xf8, 0xbd, 0xf8, 0xc5, 0xf8, 0xbd, 0xf8, 0xbd, 0xf7, 0xbd,
    0xf8, 0xc5, 0xf8, 0xc5, 0xf8, 0xbd, 0xd7, 0xbd, 0xb7, 0xb5, 0xb7, 0xb5,
    0x76, 0xb5, 0x56, 0xad, 0x55, 0xad, 0x55, 0xad, 0x35, 0xa5, 0x35, 0xad,
    0x35, 0xa5, 0x35, 0xa5, 0x76, 0xad, 0x96, 0xb5, 0x97, 0xb5, 0x97, 0xb5,
    0xd7, 0xbd, 0xf8, 0xc5, 0xd8, 0xbd, 0xb7, 0xbd, 0x97, 0xb5, 0x76, 0xad,
    0x35, 0xa5, 0xf4, 0x9c, 0xd4, 0x94, 0xd4, 0x94, 0xd4, 0x9c, 0xf4, 0x9c,
    0xd4, 0x94, 0xd4, 0x94, 0xd4, 0x94, 0xd3, 0x94, 0xb3, 0x94, 0xb4, 0x94,
    0xf4, 0x9c, 0x35, 0xa5, 0x56, 0xad, 0x96, 0xb5, 0xb7, 0xb5, 0xf8, 0xbd,
    0x18, 0xc6, 0xf8, 0xc5, 0x19, 0xc6, 0x18, 0xbe, 0xf8, 0xc5, 0x18, 0xc6,
    0x18, 0xc6, 0x19, 0xc6, 0x39, 0xc6, 0x39, 0xc6, 0x39, 0xce, 0x39, 0xce,
    0xf8, 0xbd, 0xf8, 0xbd, 0xf8, 0xbd, 0xd7, 0xbd, 0xb7, 0xb5, 0x96, 0xad,
    0x76, 0xad, 0x55, 0xad, 0x35, 0xa5, 0x14, 0xa5, 0xd4, 0x9c, 0x93, 0x94,
    0x52, 0x8c, 0x10, 0x84, 0xaf, 0x73, 0x4d, 0x6b, 0xec, 0x5a, 0xab, 0x52,
    0x49, 0x42, 0xc7, 0x39, 0x46, 0x29, 0xc3, 0x18, 0xa3, 0x10, 0xa3, 0x18,
    0xa3, 0x18, 0xa3, 0x18, 0xa3, 0x18, 0xa3, 0x18, 0xa3, 0x10, 0xa3, 0x18,
    0xa2, 0x10, 0xa2, 0x10, 0xa3, 0x10, 0xa3, 0x10, 0xa3, 0x18, 0xa2, 0x10,
    0xa2, 0x18, 0x82, 0x10, 0x82, 0x10, 0x82, 0x10, 0x04, 0x21, 0xa7, 0x31,
    0x6a, 0x4a, 0xcc, 0x5a, 0x2d, 0x63, 0x8e, 0x6b, 0xcf, 0x73, 0xf0, 0x7b,
    0x31, 0x84, 0x72, 0x8c, 0x92, 0x94, 0xb3, 0x94, 0xd3, 0x94, 0xd3, 0x94,
    0xd3, 0x9c, 0xd3, 0x94, 0xb3, 0x94, 0x93, 0x94, 0x92, 0x8c, 0x72, 0x8c,
    0x51, 0x84, 0x31, 0x84, 0x31, 0x84, 0xf0, 0x7b, 0xcf, 0x73, 0x8e, 0x73,
    0x2d, 0x6b, 0x0c, 0x5b, 0x0c, 0x63, 0x8e, 0x73, 0x10, 0x7c, 0x52, 0x8c,
    0xb3, 0x94, 0xf4, 0x9c, 0x14, 0xa5, 0x35, 0xad, 0x76, 0xad, 0x96, 0xb5,
    0xb7, 0xb5, 0xd7, 0xbd, 0xd8, 0xbd, 0xd7, 0xbd, 0xd7, 0xbd, 0xb7, 0xb5,
    0xb7, 0xbd, 0xb7, 0xb5, 0xb7, 0xb5, 0xb7, 0xb5, 0xb7, 0xbd, 0x97, 0xb5,
    0xb7, 0xb5, 0x96, 0xb5, 0x76, 0xb5, 0x76, 0xad, 0x56, 0xad, 0x55, 0xad,
    0x35, 0xad, 0x55, 0xad, 0x76, 0xad, 0x96, 0xb5, 0x97, 0xb5, 0xb7, 0xb5,
    0xb7, 0xbd, 0xb7, 0xb5, 0xb7, 0xb5, 0xb7, 0xbd, 0xb6, 0xbd, 0xb7, 0xbd,
    0xb7, 0xbd, 0xb7, 0xbd, 0xb7, 0xbd, 0xb7, 0xbd, 0xb7, 0xb5, 0x96, 0xb5,
    0xb7, 0xb5, 0xb7, 0xbd, 0xb7, 0xb5, 0xb7, 0xb5, 0xb7, 0xbd, 0xd7, 0xbd,
    0xf8, 0xbd, 0xf8, 0xc5, 0xf8, 0xbd, 0xf8, 0xbd, 0xf8, 0xbd, 0xf8, 0xc5,
    0xf8, 0xbd, 0xf8, 0xbd, 0xd7, 0xbd, 0xb7, 0xbd, 0x96, 0xb5, 0x76, 0xad,
    0x56, 0xad, 0x55, 0xad, 0x55, 0xad, 0x35, 0xa5, 0x35, 0xa5, 0x14, 0xa5,
    0xb3, 0x94, 0xd3, 0x9c, 0x14, 0xa5, 0x35, 0xa5, 0x35, 0xa5, 0x76, 0xad,
    0xb7, 0xb5, 0xf8, 0xbd, 0x18, 0xc6, 0xf8, 0xbd, 0xd7, 0xbd, 0x97, 0xb5,
    0x76, 0xad, 0x35, 0x9d, 0xd4, 0x9c, 0xd4, 0x94, 0xd3, 0x94, 0xb3, 0x94,
    0xb3, 0x94, 0xb3, 0x94, 0xb3, 0x8c, 0x93, 0x94, 0xb3, 0x94, 0xf4, 0x9c,
    0x35, 0xa5, 0x76, 0xad, 0x96, 0xad, 0xb7, 0xb5, 0xf8, 0xbd, 0xf8, 0xc5,
    0xf8, 0xc5, 0xf8, 0xbd, 0x18, 0xbe, 0x18, 0xc6, 0x18, 0xc6, 0x19, 0xc6,
    0x39, 0xc6, 0x39, 0xc6, 0x59, 0xc6, 0x59, 0xce, 0x59, 0xce, 0x5a, 0xc6,
    0xb7, 0xb5, 0xb7, 0xb5, 0xb7, 0xb5, 0x97, 0xb5, 0x96, 0xb5, 0x76, 0xad,
    0x55, 0xad, 0x35, 0xa5, 0xf4, 0x9c, 0xd3, 0x9c, 0x92, 0x94, 0x31, 0x84,
    0xf0, 0x7b, 0xaf, 0x73, 0x4d, 0x63, 0xec, 0x5a, 0x8b, 0x52, 0x29, 0x42,
    0xc7, 0x39, 0x45, 0x29, 0xc3, 0x18, 0xa3, 0x10, 0xa3, 0x18, 0xa3, 0x18,
    0xc2, 0x18, 0xa2, 0x10, 0xa2, 0x10, 0xa2, 0x18, 0xa2, 0x18, 0xa3, 0x18,
    0xa3, 0x18, 0xa2, 0x10, 0xa3, 0x18, 0xa3, 0x18, 0xa2, 0x10, 0xa2, 0x10,
    0x83, 0x18, 0x82, 0x10, 0xa3, 0x10, 0x25, 0x21, 0xe8, 0x39, 0x8a, 0x52,
    0xec, 0x5a, 0x4d, 0x63, 0x8f, 0x73, 0xf0, 0x7b, 0x11, 0x84, 0x51, 0x84,
    0x72, 0x8c, 0xb3, 0x94, 0xd3, 0x94, 0xd3, 0x9c, 0xd4, 0x9c, 0xd4, 0x9c,
    0xd3, 0x94, 0xb3, 0x94, 0xb3, 0x94, 0x72, 0x8c, 0x72, 0x8c, 0x51, 0x8c,
    0x31, 0x84, 0x11, 0x84, 0xf0, 0x7b, 0xaf, 0x73, 0x6e, 0x6b, 0x2d, 0x63,
    0xec, 0x5a, 0x2d, 0x63, 0xaf, 0x73, 0x11, 0x84, 0x72, 0x8c, 0xb3, 0x94,
    0xd3, 0x9c, 0x14, 0xa5, 0x35, 0xa5, 0x76, 0xad, 0x97, 0xb5, 0xb7, 0xbd,
    0xd7, 0xbd, 0xd7, 0xbd, 0xd8, 0xbd, 0xb7, 0xbd, 0xd7, 0xbd, 0xb7, 0xb5,
    0xb7, 0xb5, 0xb7, 0xbd, 0xb7, 0xb5, 0xb7, 0xb5, 0xb7, 0xb5, 0x96, 0xb5,
    0x97, 0xb5, 0x96, 0xb5, 0x76, 0xad, 0x56, 0xad, 0x35, 0xad, 0x35, 0xa5,
    0x35, 0xa5, 0x35, 0xa5, 0x35, 0xad, 0x55, 0xad, 0x76, 0xad, 0xb7, 0xb5,
    0xb7, 0xb5, 0xb7, 0xbd, 0xb7, 0xb5, 0xb7, 0xb5, 0xb7, 0xbd, 0xb7, 0xb5,
    0xb6, 0xb5, 0xb7, 0xbd, 0xb7, 0xbd, 0xd7, 0xbd, 0xb7, 0xb5, 0xb7, 0xb5,
    0xb7, 0xbd, 0xb7, 0xb5, 0xb7, 0xbd, 0xb7, 0xbd, 0xb7, 0xb5, 0xd7, 0xbd,
    0xf8, 0xbd, 0xf8, 0xbd, 0xf8, 0xbd, 0xf8, 0xbd, 0xf8, 0xc5, 0xf8, 0xbd,
    0xf8, 0xbd, 0xf8, 0xbd, 0xf8, 0xbd, 0xb7, 0xbd, 0x96, 0xb5, 0x96, 0xad,
    0x76, 0xad, 0x55, 0xad, 0x15, 0xa5, 0x35, 0xa5, 0x56, 0xad, 0x56, 0xad,
    0x55, 0xad, 0x76, 0xad, 0x56, 0xad, 0x35, 0xad, 0x35, 0xa5, 0x56, 0xad,
    0xb7, 0xb5, 0xd8, 0xbd, 0x18, 0xc6, 0xf8, 0xbd, 0xf8, 0xbd, 0xd8, 0xbd,
    0xb7, 0xb5, 0x76, 0xad, 0x35, 0xa5, 0xf4, 0x9c, 0xd4, 0x94, 0xd3, 0x94,
    0xb3, 0x94, 0xb3, 0x94, 0xb3, 0x94, 0xd4, 0x94, 0x15, 0xa5, 0x55, 0xad,
    0x76, 0xad, 0xb7, 0xb5, 0xd8, 0xbd, 0xf8, 0xbd, 0xf8, 0xc5, 0x18, 0xc6,
    0xf8, 0xbd, 0x18, 0xc6, 0x18, 0xc6, 0x19, 0xc6, 0x39, 0xc6, 0x39, 0xc6,
    0x39, 0xc6, 0x59, 0xce, 0x59, 0xce, 0x59, 0xce, 0x59, 0xc6, 0x39, 0xc6,
    0x96, 0xb5, 0x96, 0xb5, 0x96, 0xb5, 0x76, 0xad, 0x55, 0xad, 0x35, 0xa5,
    0x15, 0xa5, 0xf4, 0x9c, 0xb3, 0x94, 0x72, 0x8c, 0x31, 0x84, 0xf0, 0x7b,
    0x8e, 0x73, 0x2d, 0x63, 0xcc, 0x5a, 0x8a, 0x52, 0x09, 0x42, 0xa7, 0x39,
    0x25, 0x29, 0xc3, 0x18, 0xa2, 0x10, 0xa3, 0x18, 0xa3, 0x18, 0xc2, 0x10,
    0xa3, 0x10, 0xa3, 0x10, 0xc3, 0x18, 0xa3, 0x10, 0xa3, 0x10, 0xa2, 0x10,
    0xa3, 0x10, 0xa3, 0x18, 0xa2, 0x10, 0xa2, 0x10, 0xa3, 0x10, 0xa3, 0x18,
    0x83, 0x10, 0xa3, 0x10, 0x45, 0x29, 0x29, 0x42, 0xab, 0x52, 0x0d, 0x63,
    0x6e, 0x6b, 0xaf, 0x73, 0x10, 0x7c, 0x31, 0x84, 0x72, 0x8c, 0x93, 0x94,
    0xb3, 0x94, 0xd4, 0x9c, 0xf4, 0x9c, 0xf4, 0x9c, 0xd4, 0x9c, 0xd3, 0x9c,
    0xd3, 0x94, 0xb3, 0x94, 0x92, 0x8c, 0x72, 0x8c, 0x52, 0x8c, 0x51, 0x84,
    0x11, 0x84, 0xf0, 0x7b, 0xaf, 0x73, 0x6e, 0x6b, 0x2d, 0x63, 0x0c, 0x63,
    0x6e, 0x6b, 0xd0, 0x7b, 0x31, 0x84, 0x72, 0x8c, 0xb3, 0x94, 0xd4, 0x9c,
    0x14, 0xa5, 0x35, 0xa5, 0x56, 0xad, 0x96, 0xb5, 0xb7, 0xb5, 0xd7, 0xbd,
    0xb7, 0xbd, 0xd7, 0xbd, 0xb7, 0xb5, 0xb7, 0xb5, 0xb7, 0xbd, 0xb7, 0xb5,
    0xb7, 0xb5, 0xb7, 0xb5, 0x96, 0xb5, 0x97, 0xb5, 0x96, 0xb5, 0x97, 0xb5,
    0x97, 0xb5, 0x76, 0xad, 0x55, 0xad, 0x35, 0xad, 0x35, 0xa5, 0x15, 0xa5,
    0x35, 0xa5, 0x35, 0xa5, 0x35, 0xa5, 0x35, 0xad, 0x56, 0xad, 0x96, 0xb5,
    0xb7, 0xb5, 0xd7, 0xbd, 0xd8, 0xbd, 0xd7, 0xbd, 0xd8, 0xbd, 0xd8, 0xbd,
    0xd7, 0xbd, 0xd7, 0xbd, 0xd7, 0xbd, 0xd7, 0xbd, 0xd7, 0xbd, 0xb7, 0xb5,
    0xb7, 0xb5, 0xb7, 0xb5, 0xb7, 0xb5, 0xb7, 0xb5, 0xb7, 0xbd, 0xb7, 0xbd,
    0xf7, 0xbd, 0xd8, 0xc5, 0xd7, 0xc5, 0xd7, 0xbd, 0xd7, 0xc5, 0xd7, 0xc5,
    0xf7, 0xc5, 0xf8, 0xc5, 0xf8, 0xbd, 0xd8, 0xbd, 0xd7, 0xbd, 0xd7, 0xbd,
    0xb7, 0xb5, 0x76, 0xad, 0x15, 0xa5, 0x15, 0xa5, 0x76, 0xad, 0x96, 0xb5,
    0xb7, 0xb5, 0x97, 0xb5, 0x96, 0xb5, 0xb7, 0xb5, 0x96, 0xb5, 0xb7, 0xb5,
    0xd8, 0xbd, 0xf8, 0xbd, 0xf8, 0xc5, 0x18, 0xc6, 0xf8, 0xc5, 0x18, 0xc6,
    0xf8, 0xbd, 0xd8, 0xbd, 0xb7, 0xb5, 0x76, 0xad, 0x35, 0xa5, 0xf4, 0x9c,
    0xf4, 0x9c, 0x15, 0x9d, 0x35, 0xa5, 0x56, 0xad, 0x96, 0xad, 0x97, 0xb5,
    0xd7, 0xb5, 0xf8, 0xbd, 0xf8, 0xc5, 0xf8, 0xc5, 0xf8, 0xbd, 0x18, 0xc6,
    0x19, 0xc6, 0x19, 0xc6, 0x19, 0xc6, 0x39, 0xc6, 0x39, 0xc6, 0x39, 0xce,
    0x59, 0xce, 0x59, 0xce, 0x5a, 0xce, 0x59, 0xce, 0x59, 0xc6, 0x59, 0xc6,
    0x76, 0xb5, 0x76, 0xad, 0x76, 0xad, 0x55, 0xad, 0x35, 0xa5, 0xf4, 0xa4,
    0xd4, 0x9c, 0xb3, 0x94, 0x72, 0x8c, 0x31, 0x84, 0xcf, 0x7b, 0x6e, 0x6b,
    0x2d, 0x63, 0xcc, 0x5a, 0x6a, 0x52, 0x08, 0x42, 0xa7, 0x31, 0x25, 0x21,
    0xc3, 0x18, 0xa3, 0x10, 0xa3, 0x10, 0xc3, 0x18, 0xa2, 0x18, 0xa3, 0x10,
    0xa3, 0x10, 0xa3, 0x18, 0xa3, 0x18, 0xa3, 0x18, 0xa2, 0x10, 0xa3, 0x18,
    0xa2, 0x10, 0xa2, 0x10, 0xa3, 0x18, 0xa3, 0x10, 0xa2, 0x18, 0xa2, 0x10,
    0xc3, 0x18, 0x66, 0x31, 0x49, 0x4a, 0xcc, 0x5a, 0x2d, 0x63, 0x8e, 0x73,
    0xd0, 0x7b, 0x31, 0x7c, 0x51, 0x84, 0x72, 0x8c, 0xb3, 0x94, 0xd3, 0x9c,
    0xd4, 0x9c, 0xf4, 0x9c, 0xf4, 0x9c, 0xf4, 0x9c, 0xd3, 0x9c, 0xd3, 0x94,
    0xb3, 0x94, 0x92, 0x94, 0x72, 0x8c, 0x52, 0x8c, 0x51, 0x84, 0x11, 0x84,
    0xf0, 0x7b, 0xaf, 0x73, 0x6e, 0x6b, 0x2c, 0x63, 0x0d, 0x63, 0x8e, 0x73,
    0xf0, 0x7b, 0x51, 0x8c, 0x72, 0x8c, 0xb3, 0x94, 0xd3, 0x9c, 0x14, 0x9d,
    0x35, 0xa5, 0x55, 0xad, 0x76, 0xad, 0x96, 0xb5, 0x97, 0xb5, 0x97, 0xb5,
    0xb6, 0xb5, 0xb7, 0xb5, 0xb7, 0xb5, 0xb7, 0xb5, 0xb7, 0xb5, 0x97, 0xb5,
    0xb7, 0xb5, 0x97, 0xb5, 0x97, 0xb5, 0x97, 0xb5, 0x96, 0xb5, 0x96, 0xb5,
    0x96, 0xb5, 0x76, 0xad, 0x76, 0xad, 0x76, 0xad, 0x55, 0xad, 0x15, 0xa5,
    0xf4, 0x9c, 0xf4, 0xa4, 0x14, 0xa5, 0x35, 0xa5, 0x76, 0xad, 0xb7, 0xb5,
    0xb7, 0xbd, 0xd7, 0xbd, 0xd8, 0xbd, 0xd7, 0xbd, 0xd7, 0xbd, 0xf8, 0xbd,
    0xf8, 0xbd, 0xd8, 0xbd, 0xd7, 0xbd, 0xf8, 0xbd, 0xf7, 0xbd, 0xb7, 0xbd,
    0xb7, 0xb5, 0xb7, 0xbd, 0xd7, 0xb5, 0xb7, 0xb5, 0xb7, 0xb5, 0xb7, 0xbd,
    0xd7, 0xbd, 0xd8, 0xbd, 0xd7, 0xbd, 0xd7, 0xc5, 0xd7, 0xbd, 0xd7, 0xbd,
    0xd7, 0xbd, 0xd7, 0xbd, 0xd7, 0xc5, 0xf8, 0xc5, 0xf8, 0xbd, 0xd7, 0xbd,
    0xb7, 0xb5, 0x96, 0xb5, 0x76, 0xad, 0x76, 0xad, 0x96, 0xb5, 0x96, 0xad,
    0x76, 0xad, 0x96, 0xb5, 0xb7, 0xb5, 0xf8, 0xbd, 0xf8, 0xbd, 0xf8, 0xc5,
    0x18, 0xc6, 0x18, 0xc6, 0x18, 0xbe, 0xf8, 0xc5, 0x18, 0xc6, 0x18, 0xbe,
    0x19, 0xc6, 0x18, 0xc6, 0x18, 0xbe, 0xf8, 0xc5, 0xf8, 0xbd, 0xf8, 0xbd,
    0xd8, 0xbd, 0xd8, 0xbd, 0xd7, 0xbd, 0xd8, 0xbd, 0xf8, 0xbd, 0xf8, 0xbd,
    0x18, 0xc6, 0x18, 0xbe, 0xf8, 0xc5, 0x18, 0xbe, 0x18, 0xc6, 0x18, 0xc6,
    0x19, 0xc6, 0x19, 0xc6, 0x39, 0xc6, 0x59, 0xc6, 0x59, 0xce, 0x59, 0xce,
    0x5a, 0xce, 0x5a, 0xce, 0x5a, 0xce, 0x5a, 0xce, 0x5a, 0xce, 0x59, 0xce,
    0x56, 0xad, 0x55, 0xad, 0x35, 0xa5, 0x14, 0xa5, 0xf4, 0x9c, 0xb3, 0x94,
    0x92, 0x94, 0x51, 0x8c, 0x10, 0x84, 0xaf, 0x73, 0x6e, 0x6b, 0x0c, 0x63,
    0xab, 0x52, 0x6a, 0x4a, 0x08, 0x42, 0xa7, 0x31, 0x24, 0x21, 0xc3, 0x18,
    0xa3, 0x18, 0xa2, 0x18, 0xa2, 0x18, 0xa3, 0x18, 0xa3, 0x10, 0xa3, 0x18,
    0xc3, 0x18, 0xa2, 0x18, 0xa2, 0x10, 0xa2, 0x10, 0xa3, 0x18, 0xa3, 0x18,
    0xa3, 0x10, 0xa3, 0x10, 0xa3, 0x18, 0xa2, 0x10, 0x82, 0x10, 0xe4, 0x20,
    0xc7, 0x39, 0x6a, 0x4a, 0x0c, 0x5b, 0x6e, 0x6b, 0xaf, 0x73, 0xf0, 0x7b,
    0x31, 0x84, 0x72, 0x8c, 0x92, 0x8c, 0xb3, 0x94, 0xd4, 0x9c, 0xf4, 0x9c,
    0x14, 0x9d, 0x14, 0x9d, 0xf4, 0x9c, 0xf4, 0x9c, 0xd3, 0x9c, 0xb3, 0x94,
    0x93, 0x94, 0x72, 0x8c, 0x72, 0x8c, 0x51, 0x84, 0x11, 0x84, 0xf0, 0x7b,
    0xaf, 0x73, 0x4e, 0x6b, 0x0c, 0x63, 0x2d, 0x63, 0xaf, 0x73, 0x11, 0x84,
    0x72, 0x8c, 0x93, 0x94, 0xd3, 0x9c, 0xf4, 0x9c, 0xf4, 0xa4, 0x15, 0xa5,
    0x55, 0xad, 0x76, 0xad, 0x76, 0xad, 0x76, 0xad, 0x76, 0xad, 0x56, 0xad,
    0x76, 0xad, 0x76, 0xb5, 0x96, 0xb5, 0x96, 0xb5, 0x97, 0xb5, 0x96, 0xb5,
    0x97, 0xb5, 0x97, 0xb5, 0x96, 0xb5, 0x96, 0xb5, 0x97, 0xb5, 0x76, 0xb5,
    0x76, 0xb5, 0x76, 0xad, 0x97, 0xb5, 0x76, 0xb5, 0x76, 0xad, 0x35, 0xad,
    0x15, 0xa5, 0xf4, 0x9c, 0xf4, 0x9c, 0x14, 0xa5, 0x56, 0xad, 0x76, 0xb5,
    0x96, 0xb5, 0xb7, 0xb5, 0xd7, 0xbd, 0xd8, 0xbd, 0xd8, 0xbd, 0xd7, 0xbd,
    0xf8, 0xbd, 0xf8, 0xbd, 0xd7, 0xbd, 0xd8, 0xbd, 0xd8, 0xbd, 0xd7, 0xbd,
    0xb7, 0xbd, 0xb7, 0xbd, 0xb7, 0xbd, 0xb7, 0xbd, 0x97, 0xbd, 0xb6, 0xb5,
    0xb7, 0xbd, 0xd7, 0xbd, 0xd7, 0xbd, 0xd7, 0xbd, 0xb7, 0xbd, 0xb7, 0xbd,
    0xb7, 0xbd, 0xd7, 0xbd, 0xd7, 0xbd, 0xd7, 0xbd, 0xb7, 0xbd, 0x96, 0xb5,
    0x96, 0xb5, 0x97, 0xb5, 0x96, 0xb5, 0x96, 0xb5, 0x76, 0xb5, 0x76, 0xad,
    0x96, 0xb5, 0xd7, 0xbd, 0xf8, 0xbd, 0xf8, 0xc5, 0x18, 0xc6, 0xf8, 0xbd,
    0xf8, 0xc5, 0x18, 0xc6, 0xf8, 0xc5, 0x19, 0xbe, 0xf8, 0xbd, 0xf8, 0xc5,
    0xf8, 0xc5, 0x18, 0xc6, 0x18, 0xbe, 0xf9, 0xc5, 0x18, 0xbe, 0x19, 0xc6,
    0x18, 0xc6, 0x18, 0xc6, 0x18, 0xc6, 0xf8, 0xbd, 0x18, 0xc6, 0x18, 0xc6,
    0xf8, 0xc5, 0xf8, 0xc5, 0x18, 0xc6, 0x18, 0xc6, 0x19, 0xc6, 0x39, 0xc6,
    0x39, 0xc6, 0x39, 0xce, 0x59, 0xce, 0x59, 0xce, 0x5a, 0xce, 0x59, 0xce,
    0x5a, 0xce, 0x59, 0xce, 0x59, 0xce, 0x59, 0xce, 0x59, 0xce, 0x59, 0xce,
    0x35, 0xa5, 0x34, 0xa5, 0x14, 0xa5, 0xd4, 0x9c, 0xb3, 0x94, 0x72, 0x8c,
    0x31, 0x84, 0xf0, 0x7b, 0xaf, 0x73, 0x4e, 0x6b, 0xec, 0x5a, 0xab, 0x52,
    0x49, 0x4a, 0xe8, 0x39, 0x87, 0x31, 0x25, 0x21, 0xa3, 0x18, 0xa2, 0x18,
    0xc3, 0x10, 0xc3, 0x10, 0xa3, 0x18, 0xa3, 0x10, 0xa3, 0x18, 0xc2, 0x10,
    0xa2, 0x10, 0xa2, 0x18, 0xa3, 0x10, 0xa3, 0x10, 0xa2, 0x18, 0xa2, 0x10,
    0xa3, 0x10, 0xa3, 0x18, 0xa2, 0x10, 0xa2, 0x10, 0x05, 0x21, 0xe8, 0x39,
    0xab, 0x52, 0x0d, 0x63, 0x6e, 0x6b, 0xcf, 0x73, 0xf0, 0x7b, 0x31, 0x84,
    0x72, 0x8c, 0x93, 0x94, 0xd3, 0x94, 0xf4, 0x9c, 0x14, 0x9d, 0x14, 0x9d,
    0xf4, 0x9c, 0xf4, 0x9c, 0xf4, 0x9c, 0xd4, 0x9c, 0xd3, 0x94, 0xb3, 0x94,
    0x92, 0x8c, 0x72, 0x8c, 0x51, 0x84, 0x31, 0x84, 0xf0, 0x7b, 0x8e, 0x73,
    0x4d, 0x6b, 0x0d, 0x63, 0x6e, 0x6b, 0xf0, 0x7b, 0x31, 0x84, 0x72, 0x8c,
    0xb3, 0x94, 0xd3, 0x9c, 0xf4, 0x9c, 0x15, 0xa5, 0x35, 0xa5, 0x55, 0xad,
    0x76, 0xad, 0x75, 0xad, 0x55, 0xad, 0x35, 0xa5, 0x14, 0xa5, 0x14, 0xa5,
    0x14, 0xa5, 0x35, 0xa5, 0x55, 0xad, 0x76, 0xad, 0x76, 0xad, 0x96, 0xb5,
    0x96, 0xb5, 0x96, 0xb5, 0x96, 0xb5, 0x96, 0xb5, 0x76, 0xb5, 0x96, 0xb5,
    0x97, 0xad, 0x76, 0xb5, 0x76, 0xad, 0x76, 0xb5, 0x76, 0xad, 0x56, 0xad,
    0x56, 0xad, 0x55, 0xad, 0x35, 0xa5, 0x35, 0xa5, 0x55, 0xad, 0x55, 0xad,
    0x76, 0xad, 0x96, 0xb5, 0xd7, 0xbd, 0xd8, 0xbd, 0xd7, 0xbd, 0xd7, 0xbd,
    0xd8, 0xbd, 0xd7, 0xbd, 0xf8, 0xbd, 0xf8, 0xbd, 0xf8, 0xbd, 0xf7, 0xc5,
    0xd7, 0xbd, 0xd7, 0xbd, 0xd7, 0xbd, 0xb7, 0xbd, 0xb7, 0xbd, 0x96, 0xbd,
    0xb6, 0xbd, 0xd7, 0xbd, 0xd7, 0xc5, 0xb7, 0xbd, 0xd7, 0xc5, 0xd7, 0xbd,
    0xd7, 0xc5, 0xb7, 0xc5, 0xd7, 0xbd, 0xd7, 0xbd, 0xb7, 0xbd, 0xb7, 0xbd,
    0xb7, 0xb5, 0x96, 0xb5, 0x56, 0xad, 0x35, 0xa5, 0x55, 0xad, 0xb7, 0xb5,
    0xf8, 0xbd, 0xf8, 0xc5, 0x18, 0xc6, 0x18, 0xc6, 0x18, 0xc6, 0xf8, 0xbd,
    0x18, 0xbe, 0xf8, 0xbd, 0xf8, 0xc5, 0xf8, 0xc5, 0x18, 0xbe, 0xf9, 0xc5,
    0x18, 0xbe, 0x18, 0xbe, 0xf8, 0xc5, 0xf8, 0xc5, 0x18, 0xc6, 0x18, 0xbe,
    0xf8, 0xc5, 0xf8, 0xbd, 0x18, 0xc6, 0xf8, 0xbd, 0x18, 0xbe, 0xf8, 0xc5,
    0xf8, 0xbd, 0x18, 0xc6, 0x19, 0xc6, 0x19, 0xc6, 0x39, 0xc6, 0x39, 0xce,
    0x59, 0xc6, 0x5a, 0xce, 0x59, 0xce, 0x59, 0xce, 0x5a, 0xce, 0x59, 0xce,
    0x59, 0xce, 0x59, 0xc6, 0x39, 0xc6, 0x39, 0xce, 0x59, 0xce, 0x59, 0xc6,
    0xf4, 0x9c, 0xf4, 0x9c, 0xd3, 0x9c, 0x92, 0x94, 0x52, 0x8c, 0x10, 0x84,
    0xd0, 0x7b, 0x8e, 0x73, 0x4d, 0x63, 0xec, 0x5a, 0xab, 0x52, 0x49, 0x4a,
    0xe8, 0x39, 0x86, 0x31, 0x04, 0x21, 0xc3, 0x18, 0xa3, 0x18, 0xa3, 0x10,
    0xa3, 0x10, 0xa3, 0x18, 0xa3, 0x10, 0xc3, 0x18, 0xc2, 0x18, 0xa3, 0x18,
    0xa3, 0x10, 0xa3, 0x10, 0xa3, 0x18, 0xa3, 0x18, 0xa3, 0x10, 0xa3, 0x18,
    0xa2, 0x18, 0x82, 0x10, 0xa3, 0x18, 0x65, 0x29, 0x29, 0x42, 0xcb, 0x5a,
    0x2d, 0x63, 0x8f, 0x6b, 0xd0, 0x7b, 0x31, 0x84, 0x52, 0x8c, 0x92, 0x94,
    0xb3, 0x94, 0xd4, 0x9c, 0xf4, 0x9c, 0x14, 0x9d, 0x14, 0x9d, 0x15, 0xa5,
    0xf4, 0x9c, 0xf4, 0x9c, 0xd4, 0x9c, 0xd3, 0x94, 0xb3, 0x94, 0x92, 0x94,
    0x72, 0x8c, 0x52, 0x8c, 0x11, 0x84, 0xf0, 0x7b, 0x6e, 0x6b, 0x2d, 0x63,
    0x2d, 0x63, 0x8f, 0x73, 0xf0, 0x7b, 0x51, 0x8c, 0x92, 0x94, 0xb3, 0x94,
    0xd4, 0x9c, 0xf4, 0x9c, 0x14, 0xa5, 0x35, 0xa5, 0x55, 0xad, 0x56, 0xad,
    0x55, 0xad, 0x35, 0xa5, 0x14, 0xa5, 0xd4, 0x9c, 0xb3, 0x94, 0x93, 0x94,
    0xb3, 0x94, 0xd4, 0x9c, 0x14, 0xa5, 0x15, 0xa5, 0x35, 0xa5, 0x76, 0xad,
    0x76, 0xb5, 0x96, 0xb5, 0x97, 0xb5, 0x96, 0xb5, 0x76, 0xad, 0x77, 0xad,
    0x96, 0xb5, 0x96, 0xad, 0x76, 0xad, 0x76, 0xad, 0x56, 0xad, 0x55, 0xad,
    0x55, 0xad, 0x35, 0xad, 0x35, 0xad, 0x56, 0xad, 0x56, 0xad, 0x76, 0xad,
    0x76, 0xad, 0x97, 0xb5, 0xb7, 0xb5, 0xd7, 0xbd, 0xd8, 0xbd, 0xd8, 0xbd,
    0xf7, 0xbd, 0xf8, 0xbd, 0xd8, 0xbd, 0xf7, 0xbd, 0xf7, 0xbd, 0xd8, 0xbd,
    0xf8, 0xbd, 0xf8, 0xbd, 0xd7, 0xbd, 0xd8, 0xbd, 0xd7, 0xbd, 0xb7, 0xbd,
    0xb7, 0xbd, 0xb7, 0xbd, 0xb7, 0xbd, 0xb7, 0xbd, 0xd7, 0xbd, 0xb7, 0xbd,
    0xb7, 0xbd, 0xd7, 0xbd, 0xd7, 0xc5, 0xd7, 0xbd, 0xd7, 0xbd, 0xf8, 0xc5,
    0xd7, 0xbd, 0x97, 0xb5, 0x76, 0xad, 0x35, 0xa5, 0xf4, 0x9c, 0x35, 0xa5,
    0x56, 0xad, 0x76, 0xad, 0x96, 0xb5, 0xd7, 0xbd, 0xf8, 0xbd, 0x18, 0xc6,
    0xf8, 0xc5, 0x18, 0xc6, 0x18, 0xbe, 0x18, 0xc6, 0x18, 0xc6, 0x18, 0xc6,
    0xf8, 0xc5, 0xf8, 0xbd, 0xf9, 0xc5, 0x18, 0xc6, 0x18, 0xbe, 0xf8, 0xc5,
    0xf8, 0xc5, 0x18, 0xc6, 0x19, 0xbe, 0xf8, 0xc5, 0xf8, 0xc5, 0x18, 0xc6,
    0x19, 0xc6, 0x39, 0xc6, 0x39, 0xc6, 0x39, 0xc6, 0x59, 0xce, 0x59, 0xce,
    0x5a, 0xce, 0x59, 0xce, 0x59, 0xce, 0x5a, 0xce, 0x59, 0xc6, 0x59, 0xce,
    0x59, 0xce, 0x39, 0xc6, 0x39, 0xce, 0x59, 0xce, 0x59, 0xc6, 0x39, 0xce,
    0xd3, 0x9c, 0xb3, 0x94, 0x72, 0x8c, 0x31, 0x8c, 0xf0, 0x7b, 0xaf, 0x73,
    0x6e, 0x6b, 0x2d, 0x63, 0xcb, 0x5a, 0x6a, 0x52, 0x29, 0x42, 0xc7, 0x39,
    0x86, 0x31, 0x04, 0x21, 0xa3, 0x18, 0xc3, 0x10, 0xc3, 0x18, 0xc3, 0x18,
    0xa3, 0x18, 0xa2, 0x18, 0xa2, 0x18, 0xa3, 0x18, 0xa3, 0x10, 0xa3, 0x10,
    0xa3, 0x18, 0xc3, 0x10, 0xa2, 0x18, 0xa2, 0x10, 0xa3, 0x18, 0xa3, 0x10,
    0xa2, 0x10, 0xc3, 0x18, 0x86, 0x31, 0x6a, 0x4a, 0xec, 0x5a, 0x6e, 0x6b,
    0xaf, 0x73, 0xf0, 0x7b, 0x31, 0x84, 0x72, 0x8c, 0xb3, 0x94, 0xd3, 0x94,
    0xf4, 0x9c, 0x14, 0xa5, 0x35, 0xa5, 0x14, 0xa5, 0x15, 0xa5, 0x14, 0x9d,
    0xf4, 0x9c, 0xf4, 0x9c, 0xd3, 0x94, 0xb3, 0x94, 0x92, 0x94, 0x72, 0x8c,
    0x51, 0x84, 0x31, 0x84, 0xf0, 0x7b, 0x6e, 0x6b, 0x2d, 0x63, 0x6e, 0x6b,
    0xcf, 0x7b, 0x31, 0x84, 0x72, 0x8c, 0x93, 0x94, 0xd3, 0x9c, 0xf4, 0x9c,
    0x14, 0xa5, 0x35, 0xa5, 0x35, 0xa5, 0x75, 0xad, 0x76, 0xad, 0x55, 0xad,
    0x15, 0xa5, 0xf4, 0x9c, 0xd3, 0x94, 0x92, 0x94, 0x52, 0x8c, 0x31, 0x84,
    0x30, 0x84, 0x51, 0x8c, 0x93, 0x94, 0xd4, 0x9c, 0x14, 0x9d, 0x35, 0xa5,
    0x56, 0xad, 0x76, 0xad, 0x96, 0xb5, 0x97, 0xb5, 0x96, 0xb5, 0x76, 0xad,
    0x76, 0xb5, 0x76, 0xb5, 0x76, 0xad, 0x56, 0xad, 0x56, 0xad, 0x76, 0xad,
    0x56, 0xad, 0x55, 0xad, 0x35, 0xa5, 0x35, 0xa5, 0x55, 0xad, 0x76, 0xad,
    0x76, 0xb5, 0xb7, 0xb5, 0xb7, 0xb5, 0xd7, 0xbd, 0xd7, 0xbd, 0xd7, 0xbd,
    0xd8, 0xbd, 0xf8, 0xbd, 0xf7, 0xbd, 0xf8, 0xbd, 0xd8, 0xbd, 0xd8, 0xc5,
    0xd7, 0xbd, 0xd7, 0xbd, 0xd7, 0xc5, 0xd7, 0xbd, 0xd7, 0xbd, 0xb7, 0xbd,
    0xb7, 0xbd, 0xb7, 0xbd, 0xb7, 0xbd, 0xb6, 0xbd, 0xb6, 0xbd, 0xb7, 0xbd,
    0xb7, 0xbd, 0xd7, 0xbd, 0xd7, 0xbd, 0xd7, 0xbd, 0xd8, 0xc5, 0xd8, 0xbd,
    0xb7, 0xbd, 0xb7, 0xb5, 0xb7, 0xb5, 0x96, 0xb5, 0x35, 0xad, 0x14, 0xa5,
    0xf4, 0x9c, 0x15, 0xa5, 0x76, 0xad, 0xb7, 0xb5, 0xd8, 0xbd, 0xf8, 0xc5,
    0x18, 0xc6, 0xf8, 0xc5, 0xf9, 0xc5, 0x18, 0xbe, 0xf8, 0xbd, 0xf8, 0xbd,
    0x18, 0xc6, 0x18, 0xc6, 0xf8, 0xc5, 0xf8, 0xbd, 0x18, 0xbe, 0xf9, 0xc5,
    0xf8, 0xc5, 0x18, 0xbe, 0xf8, 0xc5, 0x18, 0xc6, 0x18, 0xc6, 0x19, 0xc6,
    0x39, 0xc6, 0x39, 0xc6, 0x59, 0xce, 0x59, 0xce, 0x59, 0xce, 0x59, 0xce,
    0x5a, 0xce, 0x59, 0xce, 0x59, 0xce, 0x59, 0xce, 0x39, 0xce, 0x39, 0xc6,
    0x39, 0xc6, 0x59, 0xce, 0x59, 0xce, 0x59, 0xc6, 0x39, 0xc6, 0x39, 0xce,
    0x72, 0x8c, 0x51, 0x8c, 0x11, 0x84, 0xf0, 0x7b, 0x8e, 0x73, 0x4d, 0x6b,
    0x0c, 0x63, 0xab, 0x52, 0x6a, 0x4a, 0x08, 0x42, 0xa7, 0x31, 0x65, 0x29,
    0x04, 0x21, 0xc3, 0x18, 0xa3, 0x18, 0xa3, 0x18, 0xa3, 0x18, 0xc2, 0x10,
    0xa3, 0x18, 0xa3, 0x18, 0xc3, 0x10, 0xa3, 0x10, 0xa3, 0x18, 0xa2, 0x18,
    0xc3, 0x18, 0xa2, 0x18, 0xa3, 0x10, 0xa3, 0x18, 0xa2, 0x10, 0x82, 0x10,
    0xc3, 0x18, 0xa7, 0x39, 0x8b, 0x52, 0x0d, 0x5b, 0x6e, 0x6b, 0xcf, 0x7b,
    0x11, 0x7c, 0x51, 0x8c, 0x92, 0x8c, 0xb3, 0x94, 0xd4, 0x9c, 0x14, 0x9d,
    0x14, 0xa5, 0x15, 0xa5, 0x35, 0xa5, 0x35, 0xa5, 0x14, 0x9d, 0xf4, 0x9c,
    0xd4, 0x9c, 0xd3, 0x9c, 0xb3, 0x94, 0x93, 0x94, 0x72, 0x8c, 0x52, 0x8c,
    0x11, 0x84, 0xcf, 0x73, 0x6e, 0x6b, 0x4d, 0x6b, 0x8e, 0x73, 0xf0, 0x7b,
    0x31, 0x84, 0x72, 0x94, 0xb3, 0x94, 0xd3, 0x9c, 0xf4, 0x9c, 0x15, 0xa5,
    0x35, 0xa5, 0x55, 0xad, 0x56, 0xad, 0x76, 0xad, 0x55, 0xad, 0x15, 0xa5,
    0xf4, 0x9c, 0xd3, 0x9c, 0x92, 0x94, 0x72, 0x8c, 0x10, 0x84, 0xcf, 0x7b,
    0xaf, 0x73, 0xcf, 0x7b, 0x31, 0x84, 0x92, 0x94, 0xd3, 0x9c, 0x14, 0xa5,
    0x55, 0xad, 0x56, 0xad, 0x76, 0xb5, 0x96, 0xb5, 0x97, 0xad, 0x76, 0xb5,
    0x96, 0xb5, 0x96, 0xb5, 0x96, 0xb5, 0x76, 0xad, 0x56, 0xad, 0x55, 0xad,
    0x35, 0xa5, 0x35, 0xa5, 0x35, 0xad, 0x56, 0xad, 0x76, 0xad, 0x96, 0xb5,
    0x96, 0xb5, 0x97, 0xb5, 0xb7, 0xb5, 0xd7, 0xbd, 0xd8, 0xbd, 0xd8, 0xbd,
    0xd7, 0xbd, 0xd8, 0xbd, 0xd8, 0xbd, 0xd7, 0xbd, 0xd8, 0xbd, 0xd7, 0xbd,
    0xd7, 0xbd, 0xd7, 0xbd, 0xd7, 0xbd, 0xb7, 0xbd, 0xb7, 0xbd, 0xb7, 0xbd,
    0xb6, 0xbd, 0xd6, 0xbd, 0xb7, 0xbd, 0xd7, 0xbd, 0xb7, 0xc5, 0xb7, 0xbd,
    0xb7, 0xbd, 0xd7, 0xbd, 0xd7, 0xbd, 0xd7, 0xbd, 0xd7, 0xc5, 0xd7, 0xbd,
    0xb7, 0xbd, 0xb7, 0xb5, 0xd7, 0xb5, 0xb7, 0xbd, 0x97, 0xb5, 0x76, 0xad,
    0x96, 0xad, 0xb7, 0xb5, 0xb7, 0xbd, 0xd7, 0xbd, 0xd7, 0xbd, 0xf8, 0xbd,
    0x18, 0xbe, 0x18, 0xbe, 0xf8, 0xc5, 0xf8, 0xc5, 0xf8, 0xc5, 0xf9, 0xc5,
    0x18, 0xbe, 0xf8, 0xbd, 0x18, 0xc6, 0x18, 0xc6, 0xf8, 0xbd, 0x18, 0xc6,
    0x18, 0xbe, 0x18, 0xbe, 0x18, 0xc6, 0x19, 0xc6, 0x39, 0xc6, 0x39, 0xc6,
    0x39, 0xc6, 0x39, 0xce, 0x59, 0xce, 0x59, 0xce, 0x59, 0xce, 0x5a, 0xce,
    0x59, 0xce, 0x39, 0xc6, 0x59, 0xc6, 0x39, 0xce, 0x39, 0xc6, 0x39, 0xce,
    0x59, 0xce, 0x39, 0xc6, 0x39, 0xce, 0x39, 0xce, 0x39, 0xce, 0x39, 0xc6,
    0x10, 0x84, 0xf0, 0x7b, 0xaf, 0x7b, 0x8e, 0x6b, 0x2d, 0x63, 0xec, 0x5a,
    0x8b, 0x52, 0x49, 0x4a, 0xe8, 0x41, 0xa7, 0x31, 0x45, 0x29, 0xe4, 0x20,
    0xc3, 0x18, 0xa3, 0x18, 0xc3, 0x10, 0xc3, 0x18, 0xa3, 0x18, 0xa3, 0x10,
    0xa3, 0x10, 0xa2, 0x18, 0xa3, 0x10, 0xc3, 0x18, 0xa2, 0x18, 0xc3, 0x10,
    0xa3, 0x18, 0xa3, 0x18, 0xa3, 0x10, 0xa2, 0x10, 0xa2, 0x10, 0x04, 0x21,
    0xe8, 0x39, 0xab, 0x52, 0x2d, 0x63, 0xaf, 0x73, 0xf0, 0x7b, 0x31, 0x84,
    0x72, 0x8c, 0x93, 0x94, 0xd3, 0x94, 0xf4, 0x9c, 0x15, 0xa5, 0x35, 0xa5,
    0x35, 0xa5, 0x35, 0xa5, 0x15, 0xa5, 0x14, 0xa5, 0x14, 0x9d, 0xd4, 0x9c,
    0xd3, 0x94, 0xb3, 0x94, 0x93, 0x94, 0x72, 0x8c, 0x51, 0x8c, 0x10, 0x84,
    0xaf, 0x73, 0x6e, 0x6b, 0x6e, 0x6b, 0xaf, 0x73, 0x10, 0x84, 0x52, 0x8c,
    0x92, 0x94, 0xb3, 0x94, 0xd4, 0x9c, 0xf4, 0xa4, 0x34, 0xa5, 0x35, 0xa5,
    0x55, 0xad, 0x76, 0xad, 0x76, 0xad, 0x35, 0xad, 0x14, 0xa5, 0xf4, 0x9c,
    0xd3, 0x94, 0x92, 0x94, 0x51, 0x8c, 0x31, 0x84, 0xef, 0x7b, 0xaf, 0x73,
    0x6e, 0x6b, 0x6e, 0x6b, 0xaf, 0x7b, 0x31, 0x8c, 0x93, 0x94, 0xd4, 0x9c,
    0x15, 0xa5, 0x55, 0xad, 0x76, 0xad, 0x96, 0xb5, 0x96, 0xb5, 0x97, 0xb5,
    0x97, 0xad, 0x96, 0xb5, 0x97, 0xb5, 0x77, 0xad, 0x56, 0xad, 0x14, 0xa5,
    0xf4, 0x9c, 0xf4, 0xa4, 0x14, 0xa5, 0x15, 0xa5, 0x35, 0xa5, 0x56, 0xad,
    0x96, 0xb5, 0x96, 0xb5, 0xb7, 0xb5, 0xd7, 0xbd, 0xd8, 0xbd, 0xd8, 0xbd,
    0xd8, 0xbd, 0xd7, 0xbd, 0xd7, 0xbd, 0xd7, 0xbd, 0xd7, 0xbd, 0xd7, 0xbd,
    0xb7, 0xbd, 0xb7, 0xbd, 0xb7, 0xbd, 0xb7, 0xbd, 0xb7, 0xbd, 0xb7, 0xbd,
    0xb7, 0xbd, 0xd7, 0xbd, 0xb6, 0xbd, 0xb7, 0xbd, 0xd7, 0xbd, 0xb7, 0xbd,
    0xd6, 0xc5, 0xb7, 0xbd, 0xb7, 0xc5, 0xd7, 0xc5, 0xd7, 0xbd, 0xd7, 0xbd,
    0xb7, 0xbd, 0xb7, 0xbd, 0xd8, 0xbd, 0xd7, 0xbd, 0xb7, 0xb5, 0x76, 0xb5,
    0x97, 0xb5, 0xd7, 0xbd, 0xd7, 0xbd, 0xd7, 0xbd, 0xd7, 0xbd, 0xf8, 0xbd,
    0xf8, 0xc5, 0xf8, 0xc5, 0x18, 0xbe, 0x18, 0xbe, 0x18, 0xc6, 0x18, 0xc6,
    0xf8, 0xc5, 0x18, 0xc6, 0xf9, 0xbd, 0x18, 0xc6, 0xf8, 0xc5, 0xf8, 0xc5,
    0x18, 0xc6, 0x19, 0xc6, 0x19, 0xc6, 0x39, 0xc6, 0x39, 0xc6, 0x39, 0xce,
    0x39, 0xc6, 0x59, 0xce, 0x39, 0xc6, 0x39, 0xc6, 0x39, 0xce, 0x39, 0xc6,
    0x39, 0xc6, 0x39, 0xc6, 0x39, 0xc6, 0x39, 0xc6, 0x59, 0xce, 0x59, 0xce,
    0x39, 0xc6, 0x39, 0xce, 0x39, 0xc6, 0x39, 0xc6, 0x39, 0xc6, 0x39, 0xc6,
    0xaf, 0x73, 0xaf, 0x73, 0x6e, 0x6b, 0x2c, 0x63, 0xcb, 0x5a, 0x8a, 0x52,
    0x49, 0x4a, 0xe8, 0x39, 0x86, 0x31, 0x45, 0x29, 0xe4, 0x18, 0xc3, 0x18,
    0xc3, 0x18, 0xa3, 0x18, 0xa3, 0x18, 0xc3, 0x10, 0xc3, 0x18, 0xc2, 0x10,
    0xc3, 0x18, 0xc3, 0x18, 0xa3, 0x10, 0xa2, 0x18, 0xa3, 0x18, 0xa3, 0x10,
    0xa3, 0x10, 0xa2, 0x10, 0xa2, 0x10, 0xa3, 0x18, 0x45, 0x29, 0x29, 0x42,
    0xcc, 0x5a, 0x4e, 0x6b, 0xaf, 0x73, 0xf0, 0x7b, 0x51, 0x84, 0x92, 0x8c,
    0xb3, 0x94, 0xd4, 0x9c, 0x14, 0x9d, 0x35, 0xa5, 0x35, 0xa5, 0x35, 0xa5,
    0x35, 0xa5, 0x35, 0xa5, 0x14, 0xa5, 0xf4, 0x9c, 0xf4, 0x9c, 0xd3, 0x94,
    0xb3, 0x94, 0x93, 0x94, 0x72, 0x8c, 0x51, 0x84, 0x10, 0x7c, 0xaf, 0x73,
    0x6e, 0x6b, 0x8e, 0x73, 0xd0, 0x7b, 0x31, 0x84, 0x72, 0x8c, 0x93, 0x94,
    0xd3, 0x9c, 0xf4, 0x9c, 0x15, 0xa5, 0x35, 0xa5, 0x35, 0xa5, 0x55, 0xad,
    0x76, 0xad, 0x76, 0xad, 0x35, 0xad, 0x14, 0xa5, 0xf4, 0x9c, 0xd3, 0x94,
    0x92, 0x94, 0x52, 0x8c, 0x11, 0x84, 0xf0, 0x7b, 0xaf, 0x73, 0x6e, 0x6b,
    0x4d, 0x6b, 0x2d, 0x63, 0x4d, 0x6b, 0xd0, 0x7b, 0x52, 0x8c, 0xb3, 0x94,
    0xf4, 0x9c, 0x35, 0xa5, 0x56, 0xad, 0x76, 0xb5, 0x76, 0xb5, 0x96, 0xb5,
    0x96, 0xb5, 0x96, 0xb5, 0x76, 0xad, 0x76, 0xb5, 0x96, 0xb5, 0x76, 0xad,
    0x56, 0xad, 0x55, 0xad, 0x35, 0xa5, 0x15, 0xa5, 0x15, 0xa5, 0x35, 0xa5,
    0x56, 0xad, 0x96, 0xb5, 0xb7, 0xb5, 0xd8, 0xbd, 0xd7, 0xbd, 0xd7, 0xbd,
    0xd7, 0xbd, 0xd7, 0xbd, 0xd7, 0xbd, 0xd7, 0xbd, 0xb7, 0xbd, 0xd7, 0xbd,
    0xb7, 0xbd, 0xb7, 0xbd, 0xb7, 0xbd, 0xb6, 0xbd, 0xb7, 0xbd, 0xd6, 0xbd,
    0xb7, 0xbd, 0xb7, 0xbd, 0xb7, 0xbd, 0xb6, 0xbd, 0xb7, 0xbd, 0xd7, 0xbd,
    0xb7, 0xbd, 0xb7, 0xbd, 0xd7, 0xbd, 0xd7, 0xbd, 0xd7, 0xbd, 0xd7, 0xbd,
    0xb7, 0xbd, 0xd7, 0xbd, 0xd7, 0xbd, 0xb7, 0xb5, 0x76, 0xad, 0x55, 0xad,
    0x76, 0xad, 0xb7, 0xb5, 0x97, 0xb5, 0xb7, 0xb5, 0xb7, 0xb5, 0xd7, 0xbd,
    0x18, 0xc6, 0xf8, 0xc5, 0x18, 0xc6, 0x18, 0xc6, 0xf9, 0xbd, 0x18, 0xbe,
    0x18, 0xc6, 0xf8, 0xbd, 0x18, 0xc6, 0xf8, 0xbd, 0x18, 0xc6, 0x19, 0xc6,
    0x19, 0xc6, 0x39, 0xc6, 0x39, 0xc6, 0x59, 0xce, 0x39, 0xce, 0x39, 0xc6,
    0x39, 0xc6, 0x18, 0xc6, 0xf8, 0xbd, 0xf8, 0xbd, 0xf8, 0xbd, 0x18, 0xc6,
    0x19, 0xc6, 0x19, 0xc6, 0x39, 0xce, 0x59, 0xce, 0x59, 0xc6, 0x39, 0xce,
    0x39, 0xce, 0x39, 0xc6, 0x39, 0xc6, 0x19, 0xc6, 0x39, 0xc6, 0x18, 0xc6,
    0x4d, 0x6b, 0x2d, 0x63, 0x0c, 0x63, 0xcb, 0x5a, 0x6a, 0x4a, 0x29, 0x42,
    0xc8, 0x39, 0x86, 0x31, 0x45, 0x29, 0xe4, 0x18, 0xc3, 0x18, 0xc3, 0x18,
    0xc3, 0x18, 0xa3, 0x10, 0xa3, 0x18, 0xa3, 0x18, 0xc3, 0x18, 0xa2, 0x18,
    0xa3, 0x18, 0xa3, 0x18, 0xa2, 0x10, 0xa3, 0x18, 0xc3, 0x10, 0xa3, 0x18,
    0xa2, 0x18, 0xa3, 0x10, 0xc3, 0x18, 0x66, 0x31, 0x6a, 0x4a, 0x0c, 0x5b,
    0x6e, 0x6b, 0xd0, 0x73, 0x11, 0x84, 0x51, 0x8c, 0x93, 0x94, 0xd3, 0x94,
    0xf4, 0x9c, 0x14, 0xa5, 0x35, 0xa5, 0x35, 0xa5, 0x35, 0xa5, 0x35, 0xa5,
    0x35, 0xa5, 0x15, 0xa5, 0x14, 0x9d, 0xf4, 0x9c, 0xd4, 0x9c, 0xb3, 0x94,
    0x92, 0x8c, 0x72, 0x8c, 0x31, 0x84, 0xf0, 0x7b, 0x8f, 0x73, 0x6e, 0x6b,
    0x8f, 0x73, 0xf0, 0x7b, 0x51, 0x8c, 0x72, 0x94, 0xb3, 0x94, 0xd3, 0x9c,
    0xf4, 0x9c, 0x14, 0xa5, 0x35, 0xa5, 0x55, 0xad, 0x56, 0xad, 0x76, 0xad,
    0x55, 0xad, 0x35, 0xa5, 0x14, 0xa5, 0xf4, 0x9c, 0xb3, 0x94, 0x92, 0x94,
    0x51, 0x8c, 0x31, 0x84, 0xf0, 0x7b, 0xaf, 0x73, 0x8e, 0x73, 0x4d, 0x63,
    0x0c, 0x63, 0xec, 0x5a, 0x0c, 0x63, 0x6e, 0x6b, 0x10, 0x84, 0x72, 0x8c,
    0xb3, 0x9c, 0x14, 0xa5, 0x35, 0xa5, 0x56, 0xad, 0x76, 0xad, 0x76, 0xad,
    0x76, 0xb5, 0x76, 0xad, 0x35, 0xa5, 0x35, 0xad, 0x56, 0xad, 0x76, 0xad,
    0x76, 0xb5, 0x96, 0xb5, 0x97, 0xb5, 0x96, 0xb5, 0x96, 0xb5, 0x96, 0xb5,
    0x97, 0xb5, 0xb7, 0xb5, 0xb7, 0xb5, 0xd7, 0xbd, 0xd7, 0xbd, 0xd8, 0xbd,
    0xd7, 0xbd, 0xd8, 0xbd, 0xd7, 0xbd, 0xb7, 0xbd, 0xd7, 0xbd, 0xb7, 0xbd,
    0xb7, 0xbd, 0xb7, 0xbd, 0xb7, 0xbd, 0xb7, 0xbd, 0xb7, 0xbd, 0xb7, 0xbd,
    0xb6, 0xbd, 0xb7, 0xbd, 0xd7, 0xbd, 0xb7, 0xbd, 0xb6, 0xbd, 0xb7, 0xbd,
    0xb7, 0xbd, 0xb6, 0xbd, 0xd7, 0xbd, 0xd7, 0xbd, 0xd7, 0xbd, 0xd7, 0xbd,
    0xb7, 0xbd, 0xb7, 0xb5, 0x96, 0xb5, 0x56, 0xad, 0x35, 0xa5, 0x35, 0xa5,
    0x35, 0xa5, 0x56, 0xad, 0x56, 0xad, 0x76, 0xad, 0xb7, 0xb5, 0xd7, 0xbd,
    0xf8, 0xc5, 0x18, 0xbe, 0xf8, 0xbd, 0xf8, 0xc5, 0xf8, 0xc5, 0xf8, 0xc5,
    0xf8, 0xbd, 0xf8, 0xc5, 0x18, 0xc6, 0x18, 0xc6, 0x19, 0xc6, 0x39, 0xc6,
    0x39, 0xc6, 0x39, 0xc6, 0x59, 0xc6, 0x39, 0xce, 0x39, 0xc6, 0x39, 0xc6,
    0x39, 0xc6, 0x18, 0xbe, 0xf8, 0xbd, 0xf8, 0xbd, 0xf8, 0xbd, 0x18, 0xbe,
    0x18, 0xc6, 0x39, 0xc6, 0x39, 0xce, 0x39, 0xce, 0x39, 0xc6, 0x39, 0xc6,
    0x39, 0xc6, 0x39, 0xc6, 0x39, 0xc6, 0x18, 0xc6, 0x18, 0xc6, 0x18, 0xc6,
    0xcb, 0x5a, 0xcb, 0x5a, 0xab, 0x52, 0x6a, 0x4a, 0x28, 0x42, 0xc7, 0x39,
    0x66, 0x31, 0x25, 0x29, 0xc3, 0x18, 0xc3, 0x18, 0xc3, 0x18, 0xa3, 0x18,
    0xc3, 0x18, 0xc3, 0x18, 0xc3, 0x10, 0xc3, 0x18, 0xa3, 0x18, 0xa3, 0x10,
    0xc3, 0x10, 0xa3, 0x18, 0xa3, 0x18, 0xc3, 0x18, 0xa3, 0x18, 0xa3, 0x10,
    0xa2, 0x18, 0xc3, 0x18, 0xa7, 0x31, 0xab, 0x52, 0x2d, 0x63, 0x8e, 0x73,
    0xf0, 0x7b, 0x31, 0x84, 0x72, 0x8c, 0xb3, 0x94, 0xd4, 0x9c, 0x14, 0x9d,
    0x15, 0xa5, 0x35, 0xa5, 0x55, 0xa5, 0x55, 0xa5, 0x55, 0xad, 0x35, 0xa5,
    0x35, 0xa5, 0x14, 0xa5, 0xf4, 0x9c, 0xd3, 0x9c, 0xb3, 0x94, 0x92, 0x94,
    0x52, 0x8c, 0x11, 0x84, 0xd0, 0x7b, 0x8e, 0x6b, 0x6e, 0x6b, 0xaf, 0x73,
    0x11, 0x84, 0x72, 0x8c, 0xb3, 0x94, 0xd3, 0x9c, 0xd4, 0x9c, 0x14, 0x9d,
    0x35, 0xa5, 0x35, 0xa5, 0x55, 0xad, 0x76, 0xad, 0x76, 0xad, 0x55, 0xad,
    0x35, 0xa5, 0x14, 0xa5, 0xf4, 0x9c, 0xd3, 0x94, 0x92, 0x94, 0x71, 0x8c,
    0x31, 0x84, 0xf0, 0x7b, 0xcf, 0x73, 0x8e, 0x73, 0x4d, 0x6b, 0x0c, 0x63,
    0xec, 0x5a, 0xcb, 0x5a, 0xec, 0x5a, 0x2d, 0x63, 0xd0, 0x7b, 0x51, 0x8c,
    0x93, 0x94, 0xd4, 0x9c, 0x14, 0xa5, 0x35, 0xa5, 0x55, 0xad, 0x56, 0xad,
    0x35, 0xad, 0x35, 0xa5, 0x15, 0xa5, 0xf4, 0xa4, 0x14, 0xa5, 0x15, 0xa5,
    0x35, 0xa5, 0x35, 0xad, 0x55, 0xad, 0x56, 0xad, 0x96, 0xb5, 0xb7, 0xb5,
    0xb7, 0xb5, 0xb7, 0xbd, 0xd7, 0xbd, 0xd7, 0xbd, 0xd8, 0xbd, 0xb7, 0xbd,
    0xd7, 0xbd, 0xd7, 0xbd, 0xd7, 0xbd, 0xb7, 0xbd, 0xb7, 0xbd, 0xb7, 0xbd,
    0xb7, 0xbd, 0xb6, 0xbd, 0xb7, 0xbd, 0xb6, 0xbd, 0xb7, 0xbd, 0xb7, 0xbd,
    0xb7, 0xbd, 0xd6, 0xbd, 0xb7, 0xbd, 0xb7, 0xbd, 0xd7, 0xbd, 0xb6, 0xbd,
    0xb7, 0xc5, 0xd7, 0xbd, 0xd7, 0xbd, 0xd7, 0xc5, 0xd7, 0xbd, 0xf8, 0xc5,
    0xd7, 0xbd, 0x97, 0xb5, 0x96, 0xb5, 0x76, 0xad, 0x55, 0xad, 0x35, 0xad,
    0x35, 0xa5, 0x55, 0xad, 0x96, 0xb5, 0xd7, 0xbd, 0xf8, 0xbd, 0x18, 0xc6,
    0x18, 0xbe, 0xf8, 0xc5, 0x18, 0xbe, 0x18, 0xc6, 0xf8, 0xc5, 0x18, 0xbe,
    0x18, 0xc6, 0x19, 0xc6, 0x18, 0xc6, 0x39, 0xc6, 0x39, 0xc6, 0x39, 0xc6,
    0x39, 0xce, 0x59, 0xce, 0x59, 0xce, 0x39, 0xc6, 0x39, 0xc6, 0x39, 0xc6,
    0x19, 0xc6, 0x19, 0xbe, 0x18, 0xc6, 0x18, 0xc6, 0x39, 0xc6, 0x39, 0xc6,
    0x39, 0xc6, 0x39, 0xce, 0x39, 0xc6, 0x39, 0xc6, 0x39, 0xc6, 0x39, 0xc6,
    0x19, 0xc6, 0x18, 0xc6, 0x18, 0xc6, 0x18, 0xc6, 0xf8, 0xc5, 0xf8, 0xbd,
    0x6a, 0x52, 0x6a, 0x4a, 0x49, 0x4a, 0x08, 0x42, 0xa7, 0x39, 0x66, 0x29,
    0x04, 0x21, 0xe3, 0x18, 0xc3, 0x18, 0xc3, 0x18, 0xc3, 0x18, 0xc3, 0x18,
    0xa3, 0x18, 0xa3, 0x18, 0xa3, 0x18, 0xc3, 0x18, 0xa3, 0x10, 0xc3, 0x18,
    0xc3, 0x18, 0xa2, 0x10, 0xa3, 0x10, 0xa3, 0x18, 0xa2, 0x10, 0xa2, 0x10,
    0x04, 0x21, 0x08, 0x42, 0xab, 0x52, 0x2d, 0x63, 0xaf, 0x73, 0x10, 0x7c,
    0x51, 0x84, 0x93, 0x94, 0xb3, 0x94, 0xf4, 0x9c, 0x14, 0x9d, 0x35, 0xa5,
    0x55, 0xa5, 0x55, 0xad, 0x56, 0xad, 0x55, 0xad, 0x35, 0xa5, 0x35, 0xa5,
    0x14, 0xa5, 0xf4, 0x9c, 0xd4, 0x9c, 0xb3, 0x94, 0x92, 0x8c, 0x51, 0x8c,
    0x11, 0x84, 0xcf, 0x73, 0x6e, 0x6b, 0x8e, 0x73, 0xf0, 0x7b, 0x31, 0x8c,
    0x92, 0x94, 0xb3, 0x94, 0xd4, 0x9c, 0xf4, 0x9c, 0x14, 0xa5, 0x35, 0xa5,
    0x55, 0xad, 0x76, 0xad, 0x76, 0xad, 0x76, 0xad, 0x55, 0xad, 0x15, 0xa5,
    0x14, 0xa5, 0xd3, 0x9c, 0xb3, 0x94, 0xb3, 0x94, 0x72, 0x8c, 0x31, 0x84,
    0x10, 0x84, 0xf0, 0x83, 0xf0, 0x7b, 0xf0, 0x7b, 0xd0, 0x7b, 0xf0, 0x7b,
    0xf0, 0x7b, 0xf0, 0x7b, 0x10, 0x84, 0x11, 0x84, 0x51, 0x8c, 0x72, 0x8c,
    0xb3, 0x94, 0xd3, 0x9c, 0xf4, 0x9c, 0xf4, 0xa4, 0x15, 0xa5, 0x14, 0xa5,
    0x14, 0xa5, 0xf4, 0xa4, 0xf4, 0x9c, 0xd4, 0x9c, 0xd3, 0x9c, 0xd4, 0x9c,
    0xf4, 0x9c, 0x14, 0xa5, 0x35, 0xa5, 0x56, 0xad, 0x96, 0xad, 0xb7, 0xb5,
    0xb7, 0xb5, 0xb7, 0xbd, 0xd7, 0xbd, 0xd7, 0xbd, 0xd8, 0xbd, 0xd7, 0xbd,
    0xd7, 0xb5, 0xb7, 0xbd, 0xb7, 0xbd, 0xd7, 0xbd, 0xb7, 0xbd, 0xb7, 0xbd,
    0xb6, 0xbd, 0xb7, 0xbd, 0xb7, 0xbd, 0xb7, 0xbd, 0xb6, 0xbd, 0xb7, 0xbd,
    0xb7, 0xbd, 0xb7, 0xbd, 0xb7, 0xbd, 0xb6, 0xbd, 0xb7, 0xbd, 0xd7, 0xbd,
    0xb7, 0xbd, 0xb7, 0xbd, 0xd7, 0xc5, 0xb7, 0xbd, 0xd7, 0xbd, 0xd8, 0xbd,
    0xd7, 0xbd, 0xd7, 0xbd, 0xd7, 0xbd, 0xb7, 0xbd, 0xb7, 0xb5, 0xb7, 0xb5,
    0xb6, 0xb5, 0xb7, 0xbd, 0xf7, 0xbd, 0xf8, 0xc5, 0xf8, 0xbd, 0xf8, 0xc5,
    0x18, 0xc6, 0x18, 0xc6, 0xf8, 0xc5, 0xf8, 0xbd, 0x18, 0xbe, 0x18, 0xc6,
    0x19, 0xc6, 0x19, 0xc6, 0x39, 0xc6, 0x39, 0xc6, 0x59, 0xce, 0x39, 0xc6,
    0x39, 0xce, 0x39, 0xc6, 0x39, 0xc6, 0x39, 0xc6, 0x39, 0xc6, 0x19, 0xbe,
    0x18, 0xc6, 0x19, 0xc6, 0x19, 0xc6, 0x39, 0xc6, 0x39, 0xc6, 0x39, 0xc6,
    0x39, 0xc6, 0x39, 0xc6, 0x39, 0xc6, 0x19, 0xc6, 0x39, 0xc6, 0x18, 0xc6,
    0x18, 0xc6, 0x18, 0xc6, 0x18, 0xc6, 0xf8, 0xc5, 0xf8, 0xbd, 0xf8, 0xbd,
    0x29, 0x42, 0xe8, 0x39, 0xe7, 0x39, 0xa7, 0x39, 0x66, 0x29, 0x04, 0x21,
    0xe3, 0x18, 0xc3, 0x18, 0xc3, 0x18, 0xc3, 0x18, 0xc3, 0x18, 0xc3, 0x18,
    0xc3, 0x18, 0xc3, 0x10, 0xa3, 0x18, 0xa3, 0x18, 0xc3, 0x18, 0xa3, 0x10,
    0xa2, 0x18, 0xc3, 0x18, 0xa3, 0x18, 0xa2, 0x10, 0xa2, 0x10, 0x45, 0x29,
    0x29, 0x42, 0xec, 0x5a, 0x6e, 0x6b, 0xcf, 0x73, 0x11, 0x84, 0x72, 0x8c,
    0xb3, 0x94, 0xd3, 0x9c, 0xf4, 0x9c, 0x15, 0xa5, 0x55, 0xa5, 0x55, 0xad,
    0x56, 0xad, 0x55, 0xad, 0x55, 0xa5, 0x35, 0xa5, 0x15, 0xa5, 0x14, 0x9d,
    0xf4, 0x9c, 0xd3, 0x9c, 0xb3, 0x94, 0x93, 0x94, 0x52, 0x8c, 0x10, 0x7c,
    0xaf, 0x73, 0x8e, 0x73, 0xaf, 0x73, 0x11, 0x84, 0x72, 0x8c, 0xb3, 0x94,
    0xd3, 0x9c, 0xf4, 0x9c, 0x15, 0xa5, 0x35, 0xa5, 0x55, 0xad, 0x55, 0xad,
    0x76, 0xad, 0x76, 0xad, 0x76, 0xad, 0x55, 0xad, 0x14, 0xa5, 0xf4, 0x9c,
    0xf4, 0x9c, 0xd3, 0x94, 0x92, 0x94, 0x72, 0x8c, 0x51, 0x8c, 0x31, 0x84,
    0x31, 0x84, 0x31, 0x84, 0x72, 0x8c, 0x92, 0x94, 0x93, 0x94, 0xd3, 0x9c,
    0xd4, 0x9c, 0xf4, 0xa4, 0x35, 0xa5, 0x35, 0xa5, 0x55, 0xad, 0x56, 0xad,
    0x56, 0xad, 0x76, 0xad, 0x35, 0xad, 0x15, 0xa5, 0xf4, 0x9c, 0xf4, 0x9c,
    0xd4, 0x9c, 0xd3, 0x9c, 0xd3, 0x9c, 0xb3, 0x94, 0xb3, 0x94, 0xd4, 0x9c,
    0xf4, 0xa4, 0x35, 0xa5, 0x76, 0xad, 0x76, 0xb5, 0x76, 0xb5, 0x97, 0xb5,
    0xb7, 0xb5, 0xb7, 0xbd, 0xb7, 0xb5, 0xd7, 0xb5, 0xd7, 0xbd, 0xd7, 0xbd,
    0xb7, 0xbd, 0xb7, 0xbd, 0xb7, 0xbd, 0xb7, 0xbd, 0xb7, 0xbd, 0xb7, 0xbd,
    0xb6, 0xbd, 0xb7, 0xbd, 0xb7, 0xbd, 0xb7, 0xbd, 0xb7, 0xbd, 0xb6, 0xbd,
    0xb7, 0xbd, 0xb7, 0xbd, 0xd6, 0xbd, 0xb7, 0xbd, 0xd7, 0xbd, 0xb7, 0xbd,
    0xb7, 0xbd, 0xd7, 0xbd, 0xd7, 0xbd, 0xd7, 0xbd, 0xd7, 0xbd, 0xd8, 0xc5,
    0xf8, 0xc5, 0xf8, 0xbd, 0xf8, 0xc5, 0xf8, 0xbd, 0xf8, 0xbd, 0xf8, 0xc5,
    0xf8, 0xbd, 0xf8, 0xbd, 0xf8, 0xc5, 0xf8, 0xbd, 0xf8, 0xbd, 0xf8, 0xc5,
    0xf8, 0xbd, 0x18, 0xbe, 0xf8, 0xc5, 0x18, 0xc6, 0x18, 0xc6, 0x19, 0xc6,
    0x19, 0xc6, 0x39, 0xc6, 0x39, 0xc6, 0x39, 0xce, 0x59, 0xce, 0x59, 0xce,
    0x59, 0xc6, 0x59, 0xc6, 0x39, 0xc6, 0x39, 0xc6, 0x19, 0xc6, 0x19, 0xbe,
    0x18, 0xc6, 0x39, 0xc6, 0x39, 0xc6, 0x39, 0xc6, 0x39, 0xc6, 0x39, 0xc6,
    0x19, 0xc6, 0x39, 0xc6, 0x18, 0xc6, 0x18, 0xc6, 0x18, 0xc6, 0x18, 0xc6,
    0xf8, 0xc5, 0xf8, 0xbd, 0xf8, 0xbd, 0xf8, 0xbd, 0xd7, 0xbd, 0xd7, 0xbd,
    0x28, 0x42, 0xe8, 0x41, 0xa7, 0x31, 0x66, 0x31, 0x24, 0x21, 0xe3, 0x18,
    0xc3, 0x18, 0xc3, 0x18, 0xc4, 0x18, 0xc3, 0x18, 0xc3, 0x18, 0xc3, 0x18,
    0xc3, 0x18, 0xc3, 0x18, 0xc3, 0x10, 0xc3, 0x18, 0xa3, 0x10, 0xc3, 0x10,
    0xc3, 0x18, 0xa3, 0x18, 0xa3, 0x10, 0xa3, 0x18, 0x66, 0x29, 0x6a, 0x4a,
    0x0d, 0x63, 0x8f, 0x6b, 0xf0, 0x7b, 0x31, 0x84, 0x72, 0x8c, 0xb3, 0x94,
    0xd4, 0x9c, 0x14, 0x9d, 0x35, 0xa5, 0x55, 0xad, 0x56, 0xad, 0x56, 0xad,
    0x55, 0xad, 0x55, 0xa5, 0x55, 0xa5, 0x15, 0xa5, 0x14, 0x9d, 0xf4, 0x9c,
    0xd3, 0x9c, 0xb3, 0x94, 0x92, 0x8c, 0x52, 0x8c, 0x10, 0x7c, 0xaf, 0x73,
    0x8f, 0x73, 0xd0, 0x7b, 0x31, 0x8c, 0x92, 0x94, 0xd3, 0x94, 0xf4, 0x9c,
    0x15, 0xa5, 0x55, 0xad, 0x56, 0xad, 0x76, 0xad, 0x76, 0xad, 0x96, 0xb5,
    0x96, 0xb5, 0x76, 0xad, 0x35, 0xad, 0x14, 0xa5, 0xf4, 0x9c, 0xf4, 0x9c,
    0xd3, 0x94, 0xb3, 0x94, 0x92, 0x94, 0x52, 0x8c, 0x31, 0x84, 0x10, 0x7c,
    0xf0, 0x7b, 0x10, 0x84, 0x52, 0x8c, 0x92, 0x94, 0xb3, 0x94, 0xf4, 0x9c,
    0x15, 0xa5, 0x55, 0xad, 0x76, 0xad, 0x76, 0xad, 0x76, 0xb5, 0x96, 0xb5,
    0x96, 0xb5, 0x76, 0xad, 0x56, 0xad, 0x35, 0xa5, 0x14, 0xa5, 0xd4, 0x9c,
    0x93, 0x94, 0x72, 0x8c, 0x72, 0x8c, 0x92, 0x94, 0x93, 0x94, 0xd4, 0x9c,
    0x14, 0xa5, 0x55, 0xad, 0x76, 0xad, 0x76, 0xb5, 0x76, 0xb5, 0x96, 0xb5,
    0xb7, 0xb5, 0xb7, 0xbd, 0xd7, 0xbd, 0xb7, 0xbd, 0xb7, 0xbd, 0xb7, 0xbd,
    0xd7, 0xbd, 0xd7, 0xbd, 0xd7, 0xbd, 0xb7, 0xbd, 0xb7, 0xbd, 0xb7, 0xbd,
    0xb7, 0xbd, 0xb7, 0xbd, 0xb6, 0xbd, 0xb6, 0xbd, 0xb7, 0xbd, 0xb7, 0xbd,
    0xb7, 0xbd, 0xd6, 0xbd, 0xb7, 0xbd, 0xb7, 0xbd, 0xb7, 0xbd, 0xb6, 0xbd,
    0xb7, 0xbd, 0xd7, 0xbd, 0xd7, 0xbd, 0xd7, 0xbd, 0xd7, 0xbd, 0xf8, 0xc5,
    0xf7, 0xbd, 0xf8, 0xbd, 0xf8, 0xbd, 0xf8, 0xbd, 0xf8, 0xbd, 0xf8, 0xc5,
    0xf8, 0xbd, 0xf8, 0xbd, 0xf8, 0xbd, 0xf8, 0xc5, 0xf8, 0xc5, 0x18, 0xc6,
    0xf8, 0xbd, 0xf8, 0xbd, 0x18, 0xc6, 0x18, 0xc6, 0x18, 0xc6, 0x18, 0xc6,
    0x19, 0xc6, 0x18, 0xc6, 0x19, 0xc6, 0x39, 0xc6, 0x18, 0xc6, 0x19, 0xc6,
    0x19, 0xc6, 0x39, 0xc6, 0x19, 0xc6, 0x19, 0xc6, 0x38, 0xc6, 0x38, 0xc6,
    0x39, 0xc6, 0x39, 0xc6, 0x39, 0xc6, 0x38, 0xc6, 0x19, 0xc6, 0x19, 0xc6,
    0x18, 0xc6, 0x18, 0xc6, 0x18, 0xc6, 0x18, 0xc6, 0x18, 0xc6, 0xf8, 0xbd,
    0xf8, 0xbd, 0xf8, 0xbd, 0xd8, 0xbd, 0xd7, 0xbd, 0xd7, 0xbd, 0xb7, 0xb5,
    0xe8, 0x41, 0xa7, 0x39, 0x66, 0x29, 0x04, 0x21, 0xe4, 0x20, 0xc3, 0x18,
    0xc3, 0x18, 0xc3, 0x18, 0xc3, 0x18, 0xc3, 0x18, 0xc3, 0x18, 0xc3, 0x18,
    0xa3, 0x18, 0xa3, 0x10, 0xa3, 0x18, 0xc3, 0x18, 0xa3, 0x18, 0xc3, 0x18,
    0xa3, 0x18, 0xa2, 0x10, 0xc3, 0x18, 0xa7, 0x31, 0x8a, 0x52, 0x2d, 0x63,
    0xaf, 0x73, 0x10, 0x84, 0x51, 0x8c, 0x93, 0x8c, 0xd3, 0x94, 0xf4, 0x9c,
    0x15, 0xa5, 0x35, 0xa5, 0x55, 0xad, 0x76, 0xad, 0x76, 0xad, 0x76, 0xad,
    0x55, 0xad, 0x35, 0xa5, 0x15, 0xa5, 0x14, 0x9d, 0xf4, 0x9c, 0xd4, 0x9c,
    0xb3, 0x94, 0x72, 0x8c, 0x31, 0x84, 0xf0, 0x7b, 0xaf, 0x73, 0xaf, 0x73,
    0xf0, 0x7b, 0x52, 0x8c, 0xb3, 0x94, 0xf4, 0x9c, 0x14, 0xa5, 0x35, 0xa5,
    0x56, 0xad, 0x76, 0xb5, 0x96, 0xb5, 0xb7, 0xb5, 0xb7, 0xb5, 0x96, 0xb5,
    0x76, 0xad, 0x56, 0xad, 0x35, 0xa5, 0x14, 0xa5, 0xf4, 0x9c, 0xd3, 0x9c,
    0xb3, 0x94, 0xd3, 0x9c, 0xf4, 0x9c, 0xd3, 0x9c, 0xb3, 0x94, 0x72, 0x8c,
    0x31, 0x84, 0xf0, 0x83, 0x10, 0x84, 0x51, 0x8c, 0x92, 0x94, 0xd3, 0x9c,
    0x14, 0xa5, 0x35, 0xad, 0x56, 0xad, 0x76, 0xad, 0x76, 0xb5, 0x96, 0xb5,
    0x96, 0xb5, 0x76, 0xad, 0x55, 0xad, 0x35, 0xa5, 0xf4, 0xa4, 0xd3, 0x9c,
    0x93, 0x94, 0x51, 0x8c, 0x31, 0x8c, 0x51, 0x8c, 0x72, 0x8c, 0xb3, 0x9c,
    0xf4, 0xa4, 0x35, 0xa5, 0x35, 0xad, 0x35, 0xa5, 0x15, 0xa5, 0x55, 0xad,
    0x96, 0xb5, 0xb7, 0xb5, 0xb7, 0xb5, 0xb7, 0xb5, 0xd7, 0xbd, 0xd7, 0xbd,
    0xb7, 0xbd, 0xd7, 0xbd, 0xb7, 0xb5, 0xb7, 0xbd, 0xb7, 0xbd, 0xb6, 0xbd,
    0xb6, 0xbd, 0xb7, 0xbd, 0xb7, 0xbd, 0xb7, 0xbd, 0xd7, 0xbd, 0xb7, 0xbd,
    0xb6, 0xbd, 0xb7, 0xbd, 0xb7, 0xbd, 0xb7, 0xbd, 0xd6, 0xbd, 0xb7, 0xbd,
    0xd7, 0xbd, 0xd7, 0xbd, 0xd7, 0xc5, 0xd8, 0xc5, 0xd8, 0xbd, 0xd8, 0xbd,
    0xf8, 0xbd, 0xf8, 0xbd, 0xf8, 0xc5, 0xf8, 0xc5, 0xf7, 0xc5, 0xf8, 0xbd,
    0xf8, 0xbd, 0xf7, 0xc5, 0xf8, 0xc5, 0xf8, 0xbd, 0xf8, 0xbd, 0x18, 0xc6,
    0xf8, 0xbd, 0xf8, 0xc5, 0x18, 0xc6, 0x18, 0xbe, 0x18, 0xc6, 0x18, 0xc6,
    0xf8, 0xbd, 0x18, 0xbe, 0x18, 0xc6, 0x18, 0xc6, 0x18, 0xc6, 0x18, 0xc6,
    0x18, 0xc6, 0x18, 0xbe, 0x18, 0xc6, 0x19, 0xc6, 0x19, 0xc6, 0x19, 0xc6,
    0x39, 0xc6, 0x19, 0xc6, 0x18, 0xc6, 0x19, 0xc6, 0x18, 0xc6, 0x18, 0xc6,
    0x18, 0xc6, 0x18, 0xc6, 0xf8, 0xbd, 0xf8, 0xbd, 0xf8, 0xbd, 0xd8, 0xbd,
    0xd7, 0xbd, 0xd7, 0xbd, 0xb7, 0xb5, 0xb7, 0xb5, 0x97, 0xb5, 0x96, 0xb5,
    0xa7, 0x39, 0x66, 0x29, 0x04, 0x21, 0xe3, 0x18, 0xc3, 0x18, 0xc3, 0x18,
    0xc4, 0x18, 0xc3, 0x18, 0xc3, 0x18, 0xc3, 0x18, 0xc3, 0x18, 0xc3, 0x18,
    0xa3, 0x18, 0xc3, 0x18, 0xa3, 0x18, 0xa3, 0x18, 0xc3, 0x18, 0xa3, 0x18,
    0xa2, 0x10, 0xe4, 0x20, 0xe8, 0x39, 0xcb, 0x5a, 0x6e, 0x6b, 0xcf, 0x73,
    0x31, 0x84, 0x72, 0x8c, 0xb3, 0x94, 0xd4, 0x9c, 0xf4, 0x9c, 0x35, 0xa5,
    0x55, 0xad, 0x76, 0xad, 0x76, 0xad, 0x76, 0xad, 0x76, 0xad, 0x55, 0xad,
    0x35, 0xa5, 0x35, 0xa5, 0x14, 0xa5, 0xf4, 0x9c, 0xd3, 0x94, 0xb3, 0x94,
    0x72, 0x8c, 0x31, 0x84, 0xcf, 0x7b, 0xaf, 0x73, 0xcf, 0x7b, 0x11, 0x84,
    0x72, 0x8c, 0xb3, 0x94, 0xf4, 0x9c, 0x35, 0xa5, 0x55, 0xad, 0x76, 0xad,
    0x96, 0xb5, 0xb7, 0xb5, 0xb7, 0xbd, 0xd7, 0xbd, 0xb7, 0xb5, 0x96, 0xb5,
    0x76, 0xad, 0x55, 0xad, 0x35, 0xa5, 0xf4, 0x9c, 0xd3, 0x9c, 0xd3, 0x94,
    0xd4, 0x9c, 0x14, 0xa5, 0x35, 0xa5, 0x56, 0xad, 0x56, 0xad, 0x55, 0xa5,
    0x14, 0xa5, 0xd4, 0x9c, 0xd3, 0x9c, 0xf4, 0x9c, 0xf4, 0x9c, 0xd4, 0x9c,
    0xf4, 0x9c, 0x15, 0xa5, 0x35, 0xad, 0x55, 0xad, 0x76, 0xad, 0x76, 0xad,
    0x76, 0xb5, 0x56, 0xad, 0x55, 0xad, 0x35, 0xad, 0x35, 0xa5, 0xf4, 0xa4,
    0xd3, 0x9c, 0x93, 0x94, 0x72, 0x8c, 0x72, 0x8c, 0x92, 0x94, 0xb3, 0x94,
    0xd4, 0x9c, 0xf4, 0x9c, 0xf4, 0x9c, 0xf4, 0xa4, 0xd4, 0x9c, 0xd3, 0x9c,
    0xf4, 0x9c, 0x15, 0xa5, 0x35, 0xa5, 0x55, 0xad, 0x76, 0xad, 0x97, 0xb5,
    0xb7, 0xbd, 0xb7, 0xbd, 0xb7, 0xbd, 0xb7, 0xbd, 0xb7, 0xbd, 0xb7, 0xbd,
    0xb6, 0xbd, 0xb7, 0xbd, 0xb7, 0xbd, 0xb7, 0xbd, 0xb7, 0xbd, 0xb6, 0xbd,
    0xb7, 0xbd, 0xd7, 0xbd, 0xb7, 0xbd, 0xb6, 0xbd, 0xb7, 0xbd, 0xb7, 0xbd,
    0xd7, 0xbd, 0xd7, 0xbd, 0xd7, 0xbd, 0xd7, 0xbd, 0xd7, 0xbd, 0xf8, 0xbd,
    0xf7, 0xc5, 0xf8, 0xbd, 0xf8, 0xc5, 0xf8, 0xbd, 0xf8, 0xbd, 0xf8, 0xbd,
    0xf8, 0xc5, 0xf8, 0xc5, 0xf8, 0xbd, 0xf8, 0xbd, 0xf8, 0xc5, 0xf8, 0xbd,
    0xf8, 0xc5, 0xf8, 0xc5, 0xf8, 0xbd, 0xf8, 0xc5, 0xf8, 0xbd, 0xf8, 0xbd,
    0x18, 0xc6, 0x18, 0xc6, 0x18, 0xc6, 0xf8, 0xc5, 0x18, 0xbe, 0x18, 0xc6,
    0xf8, 0xc5, 0x18, 0xc6, 0x18, 0xc6, 0x18, 0xbe, 0x18, 0xc6, 0x18, 0xc6,
    0x18, 0xc6, 0x18, 0xc6, 0x18, 0xc6, 0x18, 0xc6, 0x18, 0xc6, 0x18, 0xbe,
    0xf8, 0xc5, 0xf8, 0xbd, 0xf8, 0xbd, 0xd8, 0xbd, 0xd7, 0xbd, 0xd7, 0xbd,
    0xd7, 0xbd, 0xb7, 0xb5, 0xb7, 0xb5, 0x96, 0xb5, 0x96, 0xb5, 0x76, 0xad,
    0x65, 0x29, 0x04, 0x21, 0xe3, 0x18, 0xc3, 0x18, 0xc3, 0x18, 0xc3, 0x18,
    0xe3, 0x18, 0xc3, 0x18, 0xc3, 0x18, 0xc3, 0x18, 0xc3, 0x18, 0xc3, 0x18,
    0xc3, 0x18, 0xc3, 0x18, 0xc3, 0x10, 0xc3, 0x18, 0xa3, 0x10, 0xa2, 0x10,
    0x24, 0x21, 0x29, 0x42, 0xec, 0x5a, 0x6e, 0x6b, 0xf0, 0x7b, 0x51, 0x84,
    0x72, 0x8c, 0xb3, 0x94, 0xf4, 0x9c, 0x14, 0xa5, 0x35, 0xa5, 0x56, 0xad,
    0x76, 0xad, 0x76, 0xad, 0x76, 0xad, 0x76, 0xad, 0x55, 0xad, 0x35, 0xa5,
    0x15, 0xa5, 0x14, 0x9d, 0xf4, 0x9c, 0xd3, 0x9c, 0x93, 0x94, 0x52, 0x8c,
    0x11, 0x84, 0xcf, 0x7b, 0xaf, 0x73, 0xf0, 0x7b, 0x31, 0x8c, 0x93, 0x94,
    0xd3, 0x9c, 0x14, 0xa5, 0x35, 0xa5, 0x56, 0xad, 0x76, 0xb5, 0x97, 0xb5,
    0xd7, 0xbd, 0xd7, 0xbd, 0xf8, 0xbd, 0xd7, 0xbd, 0xb7, 0xb5, 0x96, 0xb5,
    0x76, 0xad, 0x55, 0xad, 0x35, 0xa5, 0xf4, 0x9c, 0xd3, 0x9c, 0x14, 0x9d,
    0x35, 0xa5, 0x55, 0xad, 0x76, 0xad, 0x76, 0xb5, 0x96, 0xb5, 0xb7, 0xb5,
    0xb7, 0xb5, 0x97, 0xb5, 0x96, 0xb5, 0x96, 0xb5, 0x56, 0xad, 0x35, 0xa5,
    0x14, 0xa5, 0x14, 0xa5, 0x15, 0xa5, 0x35, 0xad, 0x56, 0xad, 0x76, 0xad,
    0x76, 0xad, 0x56, 0xad, 0x35, 0xad, 0x35, 0xa5, 0x35, 0xa5, 0x15, 0xa5,
    0x14, 0xa5, 0xf4, 0xa4, 0xf4, 0x9c, 0xf4, 0xa4, 0xf4, 0xa4, 0xf4, 0xa4,
    0xf4, 0xa4, 0x14, 0xa5, 0x14, 0xa5, 0x35, 0xa5, 0x35, 0xa5, 0xf4, 0xa4,
    0xf4, 0xa4, 0x15, 0xa5, 0x14, 0xa5, 0x55, 0xad, 0x76, 0xb5, 0x96, 0xb5,
    0xb7, 0xbd, 0xb7, 0xbd, 0xb7, 0xbd, 0xd7, 0xbd, 0xb7, 0xbd, 0xb6, 0xbd,
    0xb7, 0xbd, 0xb6, 0xbd, 0xb7, 0xbd, 0xb6, 0xbd, 0xb7, 0xbd, 0xd6, 0xbd,
    0xb7, 0xbd, 0xb7, 0xbd, 0xd6, 0xbd, 0xb7, 0xbd, 0xd7, 0xbd, 0xd7, 0xbd,
    0xd7, 0xbd, 0xd7, 0xbd, 0xd7, 0xbd, 0xf8, 0xbd, 0xf8, 0xbd, 0xf8, 0xc5,
    0xf8, 0xbd, 0xf8, 0xc5, 0xf8, 0xbd, 0xf8, 0xbd, 0xf8, 0xbd, 0xf8, 0xc5,
    0xf8, 0xbd, 0xf8, 0xbd, 0xf8, 0xbd, 0xf8, 0xbd, 0xf8, 0xbd, 0xf8, 0xbd,
    0xf8, 0xbd, 0xf8, 0xbd, 0x18, 0xc6, 0xf8, 0xbd, 0xf8, 0xc5, 0xf8, 0xbd,
    0xf8, 0xc5, 0xf8, 0xc5, 0xf8, 0xbd, 0xf8, 0xbd, 0xf8, 0xc5, 0xf8, 0xbd,
    0xf8, 0xc5, 0x18, 0xc6, 0xf8, 0xc5, 0xf8, 0xc5, 0x18, 0xc6, 0x18, 0xc6,
    0xf8, 0xc5, 0xf8, 0xc5, 0xf8, 0xbd, 0xf8, 0xbd, 0xf8, 0xbd, 0xf8, 0xbd,
    0xf8, 0xbd, 0xd8, 0xbd, 0xd7, 0xbd, 0xd7, 0xbd, 0xb7, 0xbd, 0xb7, 0xb5,
    0xb7, 0xb5, 0x96, 0xb5, 0x96, 0xb5, 0x76, 0xad, 0x76, 0xad, 0x55, 0xad,
    0xe4, 0x20, 0xe3, 0x18, 0xc3, 0x18, 0xc3, 0x18, 0xc4, 0x18, 0xe3, 0x18,
    0xc4, 0x18, 0xc3, 0x18, 0xc3, 0x18, 0xc3, 0x18, 0xc3, 0x18, 0xc3, 0x18,
    0xa3, 0x18, 0xc3, 0x10, 0xa3, 0x18, 0xa3, 0x18, 0xa3, 0x10, 0x45, 0x29,
    0x6a, 0x4a, 0x0d, 0x63, 0x8e, 0x73, 0x10, 0x7c, 0x52, 0x8c, 0x93, 0x94,
    0xd3, 0x94, 0xf4, 0x9c, 0x35, 0xa5, 0x55, 0xad, 0x76, 0xad, 0x76, 0xad,
    0x76, 0xad, 0x96, 0xb5, 0x76, 0xad, 0x55, 0xad, 0x55, 0xa5, 0x35, 0xa5,
    0x14, 0x9d, 0xd4, 0x9c, 0xd3, 0x94, 0x93, 0x94, 0x51, 0x8c, 0xf0, 0x7b,
    0xaf, 0x73, 0xaf, 0x73, 0x10, 0x84, 0x52, 0x8c, 0x93, 0x94, 0xd4, 0x9c,
    0x14, 0x9d, 0x35, 0xa5, 0x76, 0xad, 0x96, 0xb5, 0xb7, 0xb5, 0xd7, 0xbd,
    0xf8, 0xbd, 0xf8, 0xbd, 0xd7, 0xbd, 0xd7, 0xbd, 0xb7, 0xb5, 0x97, 0xb5,
    0x76, 0xad, 0x55, 0xad, 0x35, 0xa5, 0x15, 0xa5, 0x35, 0xa5, 0x35, 0xad,
    0x55, 0xad, 0x76, 0xad, 0x96, 0xb5, 0x97, 0xb5, 0xb7, 0xb5, 0xd7, 0xbd,
    0xf8, 0xbd, 0xf8, 0xbd, 0xd8, 0xbd, 0xd7, 0xbd, 0xb7, 0xb5, 0x96, 0xb5,
    0x76, 0xad, 0x55, 0xad, 0x35, 0xa5, 0x35, 0xad, 0x55, 0xad, 0x56, 0xad,
    0x56, 0xad, 0x55, 0xad, 0x55, 0xad, 0x55, 0xad, 0x35, 0xa5, 0x15, 0xa5,
    0x15, 0xa5, 0x14, 0xa5, 0x14, 0xa5, 0x15, 0xa5, 0x35, 0xad, 0x35, 0xa5,
    0x35, 0xa5, 0x15, 0xad, 0x35, 0xad, 0x55, 0xad, 0x55, 0xad, 0x15, 0xa5,
    0x35, 0xad, 0x55, 0xad, 0x76, 0xad, 0x96, 0xb5, 0xb7, 0xb5, 0x97, 0xb5,
    0xb6, 0xbd, 0xd7, 0xbd, 0xb7, 0xbd, 0xb7, 0xbd, 0xb7, 0xb5, 0xb6, 0xbd,
    0xb7, 0xbd, 0xb7, 0xbd, 0xb7, 0xbd, 0xb7, 0xbd, 0xb7, 0xbd, 0xb7, 0xbd,
    0xb7, 0xbd, 0xb7, 0xbd, 0xb7, 0xbd, 0xd7, 0xbd, 0xd7, 0xbd, 0xd7, 0xbd,
    0xd7, 0xbd, 0xd7, 0xbd, 0xd8, 0xbd, 0xf8, 0xc5, 0xf8, 0xc5, 0xf8, 0xbd,
    0xf8, 0xbd, 0xf7, 0xbd, 0xf8, 0xc5, 0xf8, 0xbd, 0xf8, 0xc5, 0xf8, 0xbd,
    0xf8, 0xc5, 0xf8, 0xbd, 0xf8, 0xc5, 0xf8, 0xc5, 0xf8, 0xc5, 0x18, 0xc6,
    0xf8, 0xc5, 0xf8, 0xbd, 0xf8, 0xbd, 0xf8, 0xc5, 0x18, 0xbe, 0xf8, 0xc5,
    0xf8, 0xbd, 0xf8, 0xbd, 0xf8, 0xc5, 0xf8, 0xc5, 0xf8, 0xbd, 0xf8, 0xc5,
    0xf8, 0xbd, 0xf8, 0xbd, 0xf8, 0xbd, 0xf8, 0xc5, 0xf8, 0xbd, 0xf8, 0xbd,
    0xf8, 0xbd, 0xf8, 0xbd, 0xf8, 0xbd, 0xf8, 0xbd, 0xd8, 0xbd, 0xd8, 0xbd,
    0xd7, 0xbd, 0xb7, 0xbd, 0xd7, 0xb5, 0xb7, 0xb5, 0x97, 0xb5, 0x96, 0xb5,
    0x96, 0xb5, 0x76, 0xb5, 0x76, 0xad, 0x56, 0xad, 0x55, 0xad, 0x35, 0xa5,
    0xc3, 0x18, 0xc4, 0x18, 0xe3, 0x18, 0xc3, 0x18, 0xc4, 0x18, 0xc3, 0x20,
    0xc3, 0x18, 0xc3, 0x18, 0xc3, 0x18, 0xc3, 0x18, 0xc3, 0x18, 0xa3, 0x18,
    0xc3, 0x18, 0xa3, 0x18, 0xa3, 0x18, 0xc3, 0x18, 0x86, 0x31, 0x8a, 0x52,
    0x4d, 0x63, 0xaf, 0x73, 0x11, 0x84, 0x72, 0x8c, 0xb3, 0x94, 0xd4, 0x9c,
    0x14, 0x9d, 0x35, 0xa5, 0x56, 0xad, 0x76, 0xad, 0x96, 0xad, 0x96, 0xb5,
    0x96, 0xad, 0x76, 0xad, 0x56, 0xad, 0x35, 0xa5, 0x35, 0xa5, 0x14, 0xa5,
    0xf4, 0x9c, 0xb3, 0x94, 0x92, 0x94, 0x51, 0x84, 0xf0, 0x7b, 0xaf, 0x73,
    0xcf, 0x7b, 0x11, 0x84, 0x72, 0x8c, 0xb3, 0x94, 0xf4, 0x9c, 0x14, 0xa5,
    0xf4, 0xa4, 0x15, 0xa5, 0x55, 0xad, 0x96, 0xb5, 0xd7, 0xbd, 0xf8, 0xbd,
    0xf8, 0xbd, 0xf8, 0xbd, 0xf8, 0xbd, 0xd7, 0xbd, 0xb7, 0xbd, 0xb7, 0xb5,
    0x96, 0xb5, 0x76, 0xad, 0x76, 0xad, 0x76, 0xad, 0x76, 0xad, 0x76, 0xad,
    0x76, 0xad, 0x96, 0xb5, 0xb7, 0xb5, 0xd7, 0xbd, 0xf8, 0xbd, 0xf8, 0xbd,
    0xf8, 0xc5, 0xf8, 0xc5, 0xf8, 0xbd, 0xf8, 0xbd, 0xd8, 0xbd, 0xb7, 0xbd,
    0xb7, 0xb5, 0x97, 0xb5, 0x76, 0xb5, 0x56, 0xad, 0x55, 0xad, 0x55, 0xad,
    0x56, 0xad, 0x55, 0xad, 0x35, 0xad, 0x35, 0xa5, 0x35, 0xa5, 0x35, 0xa5,
    0x15, 0xa5, 0x14, 0xa5, 0x14, 0xa5, 0x15, 0xa5, 0x35, 0xad, 0x35, 0xa5,
    0x35, 0xa5, 0x34, 0xa5, 0x35, 0xad, 0x55, 0xad, 0x55, 0xad, 0x35, 0xa5,
    0x35, 0xad, 0x56, 0xad, 0x76, 0xad, 0x96, 0xb5, 0x97, 0xb5, 0x97, 0xb5,
    0xb7, 0xb5, 0xb7, 0xbd, 0xb7, 0xbd, 0xb7, 0xbd, 0xb7, 0xbd, 0xb6, 0xbd,
    0xb7, 0xbd, 0xb7, 0xbd, 0xb6, 0xbd, 0xb7, 0xbd, 0xb7, 0xbd, 0xb7, 0xbd,
    0xb7, 0xbd, 0xd7, 0xbd, 0xb7, 0xbd, 0xd7, 0xbd, 0xd7, 0xbd, 0xd7, 0xbd,
    0xd8, 0xbd, 0xf8, 0xbd, 0xf8, 0xbd, 0xf8, 0xbd, 0xf7, 0xbd, 0xf7, 0xbd,
    0xf8, 0xbd, 0xf8, 0xc5, 0xf8, 0xbd, 0xf8, 0xbd, 0xd7, 0xbd, 0xd7, 0xbd,
    0xb7, 0xb5, 0xb7, 0xb5, 0x96, 0xb5, 0x55, 0xad, 0x55, 0xa5, 0x76, 0xad,
    0x96, 0xb5, 0x97, 0xb5, 0xb7, 0xbd, 0xd7, 0xbd, 0xf8, 0xbd, 0xf8, 0xbd,
    0xf8, 0xc5, 0xf7, 0xbd, 0xf8, 0xbd, 0xf8, 0xbd, 0xf8, 0xbd, 0xf7, 0xbd,
    0xf8, 0xbd, 0xf8, 0xbd, 0xf8, 0xbd, 0xf8, 0xbd, 0xf8, 0xbd, 0xf8, 0xbd,
    0xd8, 0xbd, 0xf8, 0xbd, 0xd7, 0xbd, 0xd7, 0xbd, 0xd7, 0xbd, 0xd7, 0xbd,
    0xb7, 0xb5, 0xb7, 0xb5, 0xb7, 0xb5, 0x96, 0xb5, 0x96, 0xb5, 0x76, 0xad,
    0x76, 0xad, 0x55, 0xad, 0x55, 0xad, 0x35, 0xa5, 0x35, 0xa5, 0x14, 0xa5,
    0xe3, 0x18, 0xc3, 0x18, 0xe4, 0x20, 0xc3, 0x18, 0xc3, 0x18, 0xe3, 0x18,
    0xc3, 0x18, 0xc3, 0x18, 0xc3, 0x18, 0xc3, 0x18, 0xc3, 0x18, 0xc3, 0x18,
    0xc3, 0x18, 0xa3, 0x10, 0xe4, 0x18, 0xe8, 0x39, 0xec, 0x5a, 0x6e, 0x6b,
    0xd0, 0x7b, 0x31, 0x84, 0x72, 0x8c, 0xb3, 0x94, 0xf4, 0x9c, 0x15, 0xa5,
    0x55, 0xa5, 0x76, 0xad, 0x76, 0xad, 0x96, 0xb5, 0x96, 0xb5, 0x96, 0xad,
    0x76, 0xad, 0x76, 0xad, 0x35, 0xad, 0x35, 0xa5, 0x14, 0xa5, 0xf4, 0x9c,
    0xb3, 0x94, 0x72, 0x8c, 0x31, 0x84, 0xd0, 0x7b, 0xaf, 0x73, 0xf0, 0x7b,
    0x31, 0x84, 0x92, 0x94, 0xd3, 0x94, 0xf4, 0x9c, 0x15, 0xa5, 0x35, 0xa5,
    0x35, 0xad, 0x56, 0xad, 0x76, 0xad, 0x96, 0xb5, 0x97, 0xb5, 0xb7, 0xb5,
    0xb7, 0xb5, 0xb7, 0xbd, 0xb7, 0xb5, 0xb7, 0xbd, 0xd7, 0xb5, 0xb7, 0xb5,
    0x97, 0xb5, 0x96, 0xb5, 0x96, 0xb5, 0x97, 0xb5, 0x96, 0xb5, 0x96, 0xb5,
    0x97, 0xb5, 0xb7, 0xb5, 0xd7, 0xbd, 0xf8, 0xbd, 0xf8, 0xbd, 0xf8, 0xc5,
    0x18, 0xc6, 0x18, 0xbe, 0xf8, 0xc5, 0xf8, 0xbd, 0xd7, 0xbd, 0xd7, 0xbd,
    0xb7, 0xbd, 0xb7, 0xb5, 0x96, 0xb5, 0x76, 0xad, 0x76, 0xad, 0x55, 0xad,
    0x55, 0xad, 0x35, 0xad, 0x35, 0xad, 0x35, 0xa5, 0x35, 0xad, 0x14, 0xad,
    0xf3, 0xac, 0xf3, 0xac, 0x13, 0xad, 0x13, 0xad, 0x13, 0xad, 0x13, 0xad,
    0x13, 0xad, 0x13, 0xad, 0x13, 0xad, 0x34, 0xad, 0x14, 0xad, 0x14, 0xa5,
    0x14, 0xa5, 0x35, 0xad, 0x76, 0xad, 0x96, 0xb5, 0x96, 0xb5, 0x96, 0xb5,
    0x97, 0xb5, 0xb7, 0xbd, 0xd7, 0xbd, 0xb7, 0xbd, 0xb7, 0xbd, 0xb7, 0xbd,
    0xb7, 0xbd, 0xb6, 0xbd, 0xb7, 0xbd, 0xb6, 0xbd, 0xb6, 0xb5, 0x96, 0xb5,
    0x96, 0xbd, 0xb6, 0xbd, 0xb7, 0xbd, 0xb7, 0xbd, 0xb7, 0xbd, 0xd7, 0xbd,
    0xf8, 0xbd, 0xf8, 0xbd, 0xf8, 0xc5, 0xf8, 0xbd, 0xf8, 0xbd, 0xf8, 0xc5,
    0xf8, 0xbd, 0xf8, 0xbd, 0xf8, 0xc5, 0xf7, 0xbd, 0xb7, 0xbd, 0x96, 0xb5,
    0x56, 0xad, 0x15, 0xa5, 0xb3, 0x94, 0xcf, 0x73, 0x4e, 0x6b, 0x11, 0x84,
    0xb3, 0x94, 0x15, 0xa5, 0x76, 0xad, 0xb7, 0xb5, 0xd7, 0xbd, 0xf8, 0xbd,
    0xf8, 0xbd, 0xf8, 0xbd, 0xf8, 0xbd, 0xf7, 0xbd, 0xd7, 0xbd, 0xf8, 0xbd,
    0xf8, 0xbd, 0xd8, 0xbd, 0xf7, 0xbd, 0xd8, 0xbd, 0xd7, 0xbd, 0xd7, 0xbd,
    0xd7, 0xbd, 0xd7, 0xbd, 0xd7, 0xbd, 0xb7, 0xb5, 0xb7, 0xb5, 0xb7, 0xb5,
    0x97, 0xb5, 0x96, 0xb5, 0x96, 0xb5, 0x76, 0xad, 0x76, 0xad, 0x56, 0xad,
    0x55, 0xad, 0x35, 0xa5, 0x35, 0xa5, 0x14, 0xa5, 0xf4, 0x9c, 0xf4, 0x9c,
    0xe4, 0x18, 0xe3, 0x18, 0xc3, 0x18, 0xc3, 0x18, 0xc4, 0x18, 0xe3, 0x18,
    0xc3, 0x18, 0xc3, 0x18, 0xc4, 0x18, 0xc3, 0x18, 0xc3, 0x18, 0xa3, 0x18,
    0xa3, 0x10, 0x24, 0x21, 0x08, 0x42, 0xec, 0x5a, 0x8f, 0x73, 0xf0, 0x7b,
    0x51, 0x84, 0x92, 0x8c, 0xd3, 0x94, 0xf4, 0x9c, 0x35, 0xa5, 0x55, 0xad,
    0x76, 0xad, 0x96, 0xad, 0x96, 0xb5, 0x97, 0xb5, 0x96, 0xad, 0x76, 0xad,
    0x56, 0xad, 0x35, 0xa5, 0x35, 0xa5, 0x14, 0x9d, 0xd4, 0x9c, 0xb3, 0x94,
    0x72, 0x8c, 0x31, 0x84, 0xf0, 0x7b, 0xcf, 0x7b, 0x10, 0x84, 0x52, 0x8c,
    0x92, 0x94, 0xd3, 0x9c, 0xf4, 0xa4, 0x35, 0xa5, 0x56, 0xad, 0x76, 0xad,
    0x97, 0xb5, 0xb7, 0xb5, 0xb7, 0xb5, 0xd7, 0xbd, 0xb7, 0xb5, 0x97, 0xb5,
    0x96, 0xb5, 0x96, 0xb5, 0x97, 0xb5, 0xb7, 0xb5, 0xb7, 0xb5, 0xd7, 0xbd,
    0xd7, 0xbd, 0xb7, 0xb5, 0xb7, 0xb5, 0xb7, 0xbd, 0xb7, 0xb5, 0xb7, 0xbd,
    0xd7, 0xbd, 0xd7, 0xbd, 0xf8, 0xbd, 0xf8, 0xbd, 0xf8, 0xc5, 0xf8, 0xc5,
    0x18, 0xbe, 0xf8, 0xbd, 0xf8, 0xbd, 0xf8, 0xbd, 0xd7, 0xbd, 0xd8, 0xbd,
    0xb7, 0xbd, 0xb7, 0xb5, 0x96, 0xb5, 0x76, 0xb5, 0x76, 0xad, 0x55, 0xad,
    0x35, 0xad, 0x35, 0xad, 0x35, 0xad, 0x34, 0xad, 0x34, 0xad, 0x13, 0xad,
    0xf2, 0xac, 0xf2, 0xac, 0xf1, 0xb4, 0xf1, 0xb4, 0x11, 0xb5, 0x11, 0xbd,
    0xf2, 0xb4, 0xf2, 0xb4, 0xd2, 0xac, 0xb1, 0xa4, 0xb2, 0xa4, 0xb3, 0x9c,
    0xd3, 0x9c, 0xf4, 0xa4, 0x14, 0xa5, 0x55, 0xad, 0x76, 0xad, 0x96, 0xb5,
    0xb7, 0xb5, 0xb7, 0xbd, 0xd7, 0xbd, 0xd7, 0xbd, 0xb7, 0xbd, 0xb7, 0xbd,
    0xb7, 0xbd, 0xb6, 0xbd, 0xb7, 0xbd, 0xb7, 0xbd, 0xb7, 0xbd, 0x96, 0xb5,
    0x96, 0xb5, 0x97, 0xb5, 0xb7, 0xb5, 0xb7, 0xb5, 0xb7, 0xb5, 0xb7, 0xb5,
    0xd7, 0xbd, 0xf8, 0xbd, 0xf8, 0xbd, 0xf8, 0xc5, 0xf8, 0xc5, 0xf8, 0xbd,
    0xf8, 0xc5, 0xf8, 0xc5, 0xf8, 0xbd, 0xf8, 0xc5, 0xf7, 0xbd, 0xd7, 0xbd,
    0xd7, 0xbd, 0xb7, 0xbd, 0x96, 0xb5, 0x55, 0xad, 0x14, 0xa5, 0x35, 0xa5,
    0x76, 0xad, 0x76, 0xb5, 0x76, 0xad, 0x97, 0xb5, 0xd7, 0xbd, 0xf8, 0xbd,
    0xf8, 0xbd, 0xd7, 0xbd, 0xd8, 0xbd, 0xd8, 0xbd, 0xd8, 0xbd, 0xd8, 0xbd,
    0xd7, 0xbd, 0xd7, 0xbd, 0xd7, 0xbd, 0xd7, 0xbd, 0xd7, 0xbd, 0xb7, 0xbd,
    0xb7, 0xb5, 0xb7, 0xb5, 0xb7, 0xb5, 0x97, 0xb5, 0x96, 0xb5, 0x96, 0xb5,
    0x76, 0xb5, 0x76, 0xad, 0x76, 0xad, 0x55, 0xad, 0x55, 0xad, 0x35, 0xa5,
    0x15, 0xa5, 0x14, 0xa5, 0xf4, 0x9c, 0xd4, 0x9c, 0xd3, 0x9c, 0xb3, 0x94,
    0xc3, 0x18, 0xc4, 0x18, 0xe3, 0x18, 0xc3, 0x18, 0xc3, 0x20, 0xc4, 0x18,
    0xc3, 0x18, 0xc3, 0x18, 0xc3, 0x18, 0xc3, 0x18, 0xa3, 0x18, 0xa3, 0x18,
    0x45, 0x29, 0x6a, 0x4a, 0x2d, 0x63, 0xaf, 0x73, 0x10, 0x84, 0x72, 0x8c,
    0xb3, 0x94, 0xf4, 0x9c, 0x14, 0xa5, 0x35, 0xa5, 0x76, 0xad, 0x76, 0xad,
    0x96, 0xb5, 0x97, 0xb5, 0x96, 0xb5, 0x96, 0xb5, 0x76, 0xad, 0x76, 0xad,
    0x55, 0xa5, 0x35, 0xa5, 0xf4, 0x9c, 0xd3, 0x9c, 0xb3, 0x94, 0x72, 0x8c,
    0x10, 0x84, 0xd0, 0x7b, 0xd0, 0x7b, 0x11, 0x84, 0x72, 0x8c, 0xb3, 0x94,
    0xf4, 0x9c, 0x15, 0xa5, 0x55, 0xad, 0x76, 0xad, 0x96, 0xb5, 0xb7, 0xb5,
    0xd7, 0xbd, 0xd7, 0xbd, 0xb7, 0xbd, 0xd7, 0xbd, 0xb7, 0xbd, 0xb7, 0xbd,
    0xb7, 0xbd, 0xd7, 0xb5, 0xd7, 0xbd, 0xd7, 0xbd, 0xd7, 0xbd, 0xd8, 0xbd,
    0xd8, 0xbd, 0xf7, 0xbd, 0xf8, 0xbd, 0xd7, 0xbd, 0xd7, 0xbd, 0xf8, 0xbd,
    0xf8, 0xbd, 0xf8, 0xbd, 0x18, 0xc6, 0x18, 0xc6, 0x18, 0xc6, 0x18, 0xc6,
    0x18, 0xc6, 0xf8, 0xbd, 0xf8, 0xbd, 0xf8, 0xbd, 0xd7, 0xbd, 0xd7, 0xbd,
    0xb7, 0xbd, 0xb7, 0xb5, 0x96, 0xb5, 0x76, 0xb5, 0x56, 0xad, 0x55, 0xad,
    0x55, 0xad, 0x35, 0xad, 0x34, 0xad, 0x14, 0xad, 0x13, 0xad, 0x12, 0xad,
    0xf2, 0xb4, 0xd1, 0xb4, 0xd0, 0xb4, 0xcf, 0xbc, 0xf0, 0xbc, 0x11, 0xbd,
    0xf1, 0xb4, 0x12, 0xb5, 0x13, 0xb5, 0x13, 0xb5, 0x13, 0xad, 0x14, 0xa5,
    0xf4, 0xa4, 0xf4, 0xa4, 0x35, 0xa5, 0x35, 0xad, 0x76, 0xad, 0x97, 0xb5,
    0xd7, 0xbd, 0xd7, 0xbd, 0xb7, 0xbd, 0xb7, 0xbd, 0xb7, 0xbd, 0xb7, 0xbd,
    0xb7, 0xbd, 0xb7, 0xbd, 0xb7, 0xbd, 0xd7, 0xbd, 0xd7, 0xbd, 0xb7, 0xb5,
    0xb6, 0xb5, 0xb7, 0xbd, 0xb7, 0xb5, 0xb7, 0xb5, 0xb7, 0xbd, 0xb7, 0xbd,
    0xd7, 0xbd, 0xf8, 0xbd, 0xf8, 0xbd, 0xf8, 0xbd, 0xf8, 0xbd, 0xf8, 0xc5,
    0xf8, 0xbd, 0xf7, 0xbd, 0xf8, 0xc5, 0xf8, 0xbd, 0xf8, 0xbd, 0xf8, 0xc5,
    0xf8, 0xbd, 0xf8, 0xbd, 0xd7, 0xbd, 0xb7, 0xb5, 0xb7, 0xb5, 0x97, 0xb5,
    0x96, 0xb5, 0x96, 0xb5, 0x96, 0xb5, 0xb7, 0xb5, 0xd8, 0xbd, 0xf8, 0xbd,
    0xd7, 0xbd, 0xd8, 0xbd, 0xd7, 0xbd, 0xd7, 0xbd, 0xd7, 0xbd, 0xd7, 0xbd,
    0xb7, 0xbd, 0xd7, 0xbd, 0xb7, 0xb5, 0xb7, 0xb5, 0xb7, 0xb5, 0xb7, 0xb5,
    0x97, 0xb5, 0x96, 0xb5, 0x96, 0xb5, 0x96, 0xb5, 0x76, 0xad, 0x76, 0xad,
    0x56, 0xad, 0x55, 0xad, 0x55, 0xad, 0x35, 0xa5, 0x15, 0xa5, 0x14, 0xa5,
    0xf4, 0x9c, 0xf3, 0x9c, 0xd3, 0x9c, 0xb3, 0x94, 0x92, 0x94, 0x92, 0x8c,
    0xc3, 0x18, 0xe3, 0x18, 0xc4, 0x18, 0xc3, 0x18, 0xc3, 0x18, 0xe3, 0x18,
    0xc3, 0x18, 0xc3, 0x18, 0xc3, 0x18, 0xa3, 0x18, 0xc3, 0x18, 0x66, 0x31,
    0x8a, 0x52, 0x4e, 0x63, 0xd0, 0x73, 0x31, 0x84, 0x72, 0x8c, 0xb3, 0x94,
    0xf4, 0x9c, 0x15, 0xa5, 0x55, 0xa5, 0x76, 0xad, 0x96, 0xb5, 0x97, 0xb5,
    0xb7, 0xb5, 0x96, 0xb5, 0x96, 0xb5, 0x76, 0xad, 0x55, 0xad, 0x35, 0xa5,
    0x35, 0xa5, 0xf4, 0x9c, 0xd4, 0x9c, 0xb3, 0x94, 0x51, 0x8c, 0xf0, 0x7b,
    0xd0, 0x7b, 0xcf, 0x73, 0x10, 0x84, 0x72, 0x8c, 0xb3, 0x94, 0xf4, 0x9c,
    0x35, 0xa5, 0x55, 0xad, 0x76, 0xad, 0xb7, 0xb5, 0xd7, 0xbd, 0xd7, 0xbd,
    0xd7, 0xbd, 0xb7, 0xb5, 0x97, 0xb5, 0x97, 0xb5, 0xb7, 0xb5, 0xb7, 0xb5,
    0xb7, 0xb5, 0xb7, 0xbd, 0xd7, 0xbd, 0xd7, 0xbd, 0xd8, 0xbd, 0xf8, 0xbd,
    0xf8, 0xbd, 0xf8, 0xbd, 0xf8, 0xbd, 0xf8, 0xbd, 0xf8, 0xbd, 0xf8, 0xbd,
    0xf8, 0xbd, 0x18, 0xc6, 0xf8, 0xbd, 0xf8, 0xc5, 0xf8, 0xbd, 0xf8, 0xbd,
    0xf8, 0xc5, 0xf8, 0xc5, 0xf8, 0xc5, 0xf8, 0xbd, 0xf7, 0xbd, 0xd7, 0xbd,
    0xd7, 0xbd, 0xb7, 0xb5, 0xb7, 0xb5, 0x76, 0xb5, 0x76, 0xad, 0x55, 0xad,
    0x55, 0xad, 0x35, 0xad, 0x34, 0xad, 0x33, 0xb5, 0x13, 0xb5, 0x12, 0xb5,
    0xf1, 0xb4, 0xd0, 0xb4, 0xae, 0xbc, 0xae, 0xbc, 0xcf, 0xbc, 0x10, 0xbd,
    0x11, 0xb5, 0x12, 0xb5, 0x33, 0xb5, 0x54, 0xb5, 0x34, 0xb5, 0x14, 0xad,
    0x14, 0xa5, 0x14, 0xa5, 0x35, 0xad, 0x76, 0xad, 0x76, 0xad, 0x96, 0xb5,
    0xb7, 0xbd, 0xb7, 0xbd, 0xd7, 0xbd, 0xd7, 0xbd, 0xd7, 0xbd, 0xb7, 0xbd,
    0xb7, 0xbd, 0xb7, 0xbd, 0xb7, 0xbd, 0xb7, 0xbd, 0xd7, 0xbd, 0xb7, 0xbd,
    0xb7, 0xb5, 0xb7, 0xb5, 0xb7, 0xbd, 0xb7, 0xbd, 0xd7, 0xb5, 0xb7, 0xbd,
    0xb7, 0xbd, 0xf8, 0xbd, 0xf8, 0xbd, 0xf8, 0xbd, 0xf7, 0xbd, 0xf8, 0xbd,
    0xf8, 0xbd, 0xf8, 0xbd, 0xf8, 0xbd, 0xf8, 0xbd, 0xf8, 0xbd, 0xf8, 0xbd,
    0xf7, 0xbd, 0xb7, 0xbd, 0xb7, 0xb5, 0x97, 0xb5, 0x96, 0xb5, 0x96, 0xb5,
    0x76, 0xad, 0x76, 0xad, 0xb7, 0xb5, 0xd7, 0xbd, 0xd8, 0xbd, 0xd7, 0xbd,
    0xd7, 0xbd, 0xd7, 0xbd, 0xd7, 0xbd, 0xd7, 0xbd, 0xb7, 0xbd, 0xb7, 0xb5,
    0xb7, 0xb5, 0xb7, 0xb5, 0xb7, 0xb5, 0x97, 0xb5, 0x96, 0xb5, 0x96, 0xb5,
    0x96, 0xb5, 0x76, 0xad, 0x76, 0xad, 0x76, 0xad, 0x55, 0xad, 0x55, 0xad,
    0x35, 0xa5, 0x35, 0xa5, 0x14, 0xa5, 0xf4, 0xa4, 0xf4, 0x9c, 0xd4, 0x9c,
    0xd3, 0x94, 0xb3, 0x94, 0x93, 0x94, 0x92, 0x94, 0x72, 0x8c, 0x72, 0x8c,
    0xc3, 0x18, 0xe3, 0x18, 0xe3, 0x20, 0xc3, 0x18, 0xc4, 0x18, 0xe3, 0x18,
    0xc3, 0x18, 0xc3, 0x18, 0xc3, 0x18, 0xc4, 0x18, 0xc7, 0x39, 0xcb, 0x52,
    0x6e, 0x6b, 0xf0, 0x7b, 0x51, 0x8c, 0x93, 0x94, 0xd3, 0x94, 0x14, 0xa5,
    0x35, 0xa5, 0x55, 0xad, 0x96, 0xad, 0x96, 0xb5, 0x97, 0xb5, 0xb6, 0xb5,
    0x97, 0xb5, 0x96, 0xb5, 0x76, 0xad, 0x56, 0xa5, 0x35, 0xa5, 0x14, 0xa5,
    0xf4, 0x9c, 0xd3, 0x94, 0x92, 0x94, 0x31, 0x84, 0xf0, 0x7b, 0xd0, 0x7b,
    0x10, 0x84, 0x31, 0x84, 0x52, 0x8c, 0xb3, 0x94, 0xd4, 0x9c, 0x14, 0xa5,
    0x55, 0xad, 0x76, 0xad, 0x97, 0xb5, 0xd7, 0xbd, 0xf8, 0xbd, 0xd8, 0xbd,
    0xb7, 0xbd, 0xb7, 0xb5, 0xb7, 0xb5, 0xb7, 0xb5, 0xb6, 0xb5, 0x97, 0xb5,
    0x96, 0xb5, 0x96, 0xb5, 0xb7, 0xb5, 0xb7, 0xbd, 0xd7, 0xbd, 0xf8, 0xbd,
    0xf8, 0xbd, 0xf8, 0xc5, 0xf8, 0xc5, 0xf8, 0xbd, 0x18, 0xbe, 0xf8, 0xc5,
    0xf8, 0xc5, 0x18, 0xc6, 0xf8, 0xbd, 0xf8, 0xbd, 0xf8, 0xbd, 0xf8, 0xbd,
    0xf8, 0xbd, 0xf8, 0xbd, 0xf8, 0xbd, 0xf8, 0xbd, 0xf8, 0xbd, 0xd8, 0xbd,
    0xd7, 0xbd, 0xb7, 0xbd, 0x97, 0xb5, 0x96, 0xb5, 0x76, 0xb5, 0x55, 0xad,
    0x35, 0xad, 0x35, 0xad, 0x34, 0xad, 0x13, 0xb5, 0x13, 0xb5, 0xf2, 0xb4,
    0xf1, 0xb4, 0xd0, 0xb4, 0xae, 0xb4, 0xad, 0xbc, 0xce, 0xbc, 0xf0, 0xb4,
    0xf1, 0xb4, 0x11, 0xb5, 0x12, 0xb5, 0x13, 0xb5, 0x13, 0xad, 0x14, 0xad,
    0xf4, 0xa4, 0xd3, 0x9c, 0xd3, 0x9c, 0xf4, 0xa4, 0x14, 0xa5, 0x35, 0xa5,
    0x76, 0xad, 0xb7, 0xb5, 0xd7, 0xbd, 0xf8, 0xbd, 0xd8, 0xbd, 0xf7, 0xbd,
    0xd7, 0xbd, 0xf8, 0xbd, 0xd8, 0xbd, 0xf7, 0xbd, 0xf8, 0xbd, 0xd8, 0xbd,
    0xd7, 0xbd, 0xb7, 0xbd, 0xb7, 0xbd, 0xb7, 0xb5, 0xb7, 0xb5, 0xb7, 0xb5,
    0xd7, 0xb5, 0xd7, 0xbd, 0xf8, 0xbd, 0xf8, 0xc5, 0xf8, 0xbd, 0xf8, 0xbd,
    0xf8, 0xc5, 0xf8, 0xc5, 0xf8, 0xc5, 0xf8, 0xbd, 0xf8, 0xc5, 0xf8, 0xbd,
    0xd7, 0xbd, 0x96, 0xb5, 0x96, 0xb5, 0x97, 0xb5, 0x96, 0xb5, 0x76, 0xad,
    0x76, 0xad, 0x96, 0xb5, 0xd7, 0xbd, 0xd8, 0xbd, 0xd7, 0xbd, 0xd7, 0xbd,
    0xb7, 0xbd, 0xb7, 0xb5, 0xb7, 0xb5, 0xb7, 0xb5, 0xb7, 0xb5, 0xb7, 0xb5,
    0xb7, 0xb5, 0x96, 0xb5, 0x96, 0xb5, 0x96, 0xb5, 0x96, 0xb5, 0x76, 0xad,
    0x76, 0xad, 0x55, 0xad, 0x55, 0xad, 0x35, 0xad, 0x35, 0xa5, 0x35, 0xa5,
    0x14, 0xa5, 0x14, 0x9d, 0xf4, 0x9c, 0xd3, 0x9c, 0xd3, 0x94, 0xb3, 0x94,
    0x92, 0x94, 0x92, 0x8c, 0x72, 0x8c, 0x52, 0x8c, 0x51, 0x8c, 0x51, 0x8c,
    0xe3, 0x18, 0xc4, 0x18, 0xc3, 0x18, 0xc3, 0x18, 0xc3, 0x18, 0xc4, 0x18,
    0xc3, 0x18, 0xa3, 0x18, 0x04, 0x21, 0x08, 0x42, 0xec, 0x5a, 0x8e, 0x6b,
    0x11, 0x84, 0x72, 0x8c, 0xb3, 0x94, 0xf4, 0x9c, 0x14, 0x9d, 0x35, 0xa5,
    0x76, 0xad, 0x96, 0xb5, 0x97, 0xb5, 0xb7, 0xb5, 0xb7, 0xb5, 0x97, 0xb5,
    0x96, 0xb5, 0x76, 0xad, 0x56, 0xa5, 0x35, 0xa5, 0x14, 0xa5, 0xf4, 0x9c,
    0xb3, 0x94, 0x72, 0x8c, 0x31, 0x84, 0xd0, 0x7b, 0xf0, 0x7b, 0x11, 0x84,
    0x72, 0x8c, 0x93, 0x94, 0xb3, 0x94, 0xf4, 0x9c, 0x35, 0xa5, 0x55, 0xad,
    0x76, 0xb5, 0xb7, 0xb5, 0xd7, 0xbd, 0xd7, 0xbd, 0xf8, 0xbd, 0xf8, 0xbd,
    0xf8, 0xbd, 0xd8, 0xbd, 0xb7, 0xbd, 0xb6, 0xb5, 0x96, 0xb5, 0x96, 0xb5,
    0x97, 0xb5, 0xb7, 0xb5, 0xb7, 0xb5, 0xd7, 0xbd, 0xf8, 0xbd, 0xf8, 0xbd,
    0xf8, 0xc5, 0xf8, 0xbd, 0xf8, 0xc5, 0xf8, 0xc5, 0xf8, 0xc5, 0xf8, 0xbd,
    0xf8, 0xbd, 0xf8, 0xbd, 0xf8, 0xbd, 0xf8, 0xbd, 0xf8, 0xbd, 0xf8, 0xbd,
    0xf8, 0xbd, 0xf8, 0xbd, 0xf8, 0xbd, 0xf8, 0xbd, 0xd7, 0xbd, 0xd7, 0xbd,
    0xd8, 0xbd, 0xb7, 0xbd, 0xb7, 0xb5, 0x96, 0xb5, 0x76, 0xb5, 0x55, 0xad,
    0x55, 0xad, 0x35, 0xad, 0x34, 0xad, 0x13, 0xad, 0x13, 0xad, 0xf2, 0xb4,
    0xf1, 0xb4, 0xd0, 0xb4, 0xcf, 0xb4, 0xae, 0xbc, 0xce, 0xbc, 0xef, 0xbc,
    0xf1, 0xb4, 0xf1, 0xb4, 0x12, 0xb5, 0xf2, 0xb4, 0x13, 0xad, 0x34, 0xad,
    0x55, 0xad, 0x34, 0xa5, 0x14, 0xa5, 0x35, 0xad, 0x55, 0xad, 0x76, 0xad,
    0x96, 0xb5, 0xb7, 0xb5, 0xb7, 0xbd, 0xf8, 0xbd, 0xd8, 0xbd, 0xf8, 0xbd,
    0xd8, 0xbd, 0xf8, 0xbd, 0xf7, 0xc5, 0xf8, 0xc5, 0xf8, 0xbd, 0xf7, 0xbd,
    0xd7, 0xbd, 0xb7, 0xbd, 0xb7, 0xb5, 0xd7, 0xb5, 0xb7, 0xb5, 0xb7, 0xbd,
    0xb7, 0xbd, 0xd7, 0xbd, 0xd8, 0xbd, 0xf8, 0xbd, 0xd7, 0xc5, 0xd7, 0xc5,
    0xd7, 0xbd, 0xd7, 0xbd, 0xd7, 0xbd, 0xd7, 0xbd, 0xd7, 0xbd, 0xd7, 0xbd,
    0xb7, 0xb5, 0x97, 0xb5, 0x96, 0xb5, 0x96, 0xb5, 0x56, 0xad, 0x35, 0xa5,
    0x56, 0xad, 0x97, 0xb5, 0xb7, 0xb5, 0x96, 0xb5, 0x96, 0xb5, 0xb7, 0xb5,
    0xb7, 0xb5, 0xb7, 0xb5, 0xb7, 0xb5, 0xb7, 0xb5, 0x97, 0xb5, 0x96, 0xb5,
    0x96, 0xb5, 0x76, 0xb5, 0x76, 0xad, 0x76, 0xad, 0x56, 0xad, 0x55, 0xad,
    0x55, 0xad, 0x35, 0xa5, 0x35, 0xa5, 0x14, 0xa5, 0x14, 0xa5, 0xf4, 0x9c,
    0xd4, 0x9c, 0xd3, 0x9c, 0xb3, 0x94, 0xb3, 0x94, 0x92, 0x94, 0x72, 0x94,
    0x72, 0x8c, 0x72, 0x8c, 0x51, 0x8c, 0x51, 0x84, 0x31, 0x84, 0x10, 0x84,
    0xe3, 0x18, 0xe4, 0x18, 0xc4, 0x18, 0xc3, 0x18, 0xc3, 0x18, 0xc3, 0x18,
    0xc3, 0x18, 0x45, 0x29, 0x4a, 0x4a, 0x2d, 0x63, 0xaf, 0x73, 0x31, 0x84,
    0x72, 0x8c, 0xb3, 0x94, 0xf4, 0x9c, 0x15, 0xa5, 0x55, 0xad, 0x76, 0xad,
    0x96, 0xb5, 0xb7, 0xb5, 0xb7, 0xb5, 0xb7, 0xb5, 0xb6, 0xb5, 0x96, 0xb5,
    0x76, 0xad, 0x55, 0xa5, 0x35, 0xa5, 0x14, 0xa5, 0xd4, 0x9c, 0xb3, 0x94,
    0x52, 0x8c, 0x10, 0x84, 0xf0, 0x7b, 0xf0, 0x7b, 0x31, 0x84, 0x92, 0x8c,
    0xd3, 0x94, 0xf4, 0x9c, 0xf4, 0xa4, 0x35, 0xa5, 0x76, 0xad, 0x96, 0xb5,
    0xb7, 0xb5, 0xd7, 0xbd, 0xf8, 0xbd, 0xd8, 0xbd, 0xf8, 0xbd, 0xf8, 0xbd,
    0xf7, 0xbd, 0xd7, 0xbd, 0xb7, 0xb5, 0x97, 0xb5, 0x97, 0xb5, 0x97, 0xb5,
    0xb7, 0xb5, 0xb7, 0xb5, 0xb7, 0xb5, 0xd7, 0xbd, 0xd7, 0xbd, 0xd8, 0xbd,
    0xf8, 0xc5, 0xf8, 0xbd, 0x18, 0xbe, 0xf8, 0xbd, 0xf8, 0xbd, 0xf8, 0xbd,
    0xf8, 0xbd, 0xf8, 0xbd, 0xd8, 0xbd, 0xd8, 0xbd, 0xd8, 0xb5, 0xd7, 0xbd,
    0xd8, 0xbd, 0xd8, 0xbd, 0xd8, 0xbd, 0xd8, 0xbd, 0xd8, 0xbd, 0xd7, 0xbd,
    0xd7, 0xbd, 0xd7, 0xb5, 0xb7, 0xb5, 0x96, 0xb5, 0x76, 0xb5, 0x75, 0xb5,
    0x55, 0xad, 0x35, 0xad, 0x34, 0xad, 0x14, 0xb5, 0x13, 0xad, 0xf2, 0xac,
    0xf1, 0xb4, 0xf0, 0xb4, 0xcf, 0xb4, 0xae, 0xbc, 0xae, 0xbc, 0xcf, 0xb4,
    0x10, 0xbd, 0x11, 0xb5, 0x12, 0xb5, 0xf2, 0xb4, 0x13, 0xb5, 0x34, 0xad,
    0x55, 0xb5, 0x55, 0xad, 0x35, 0xad, 0x56, 0xad, 0x76, 0xb5, 0x97, 0xb5,
    0xb7, 0xb5, 0xb7, 0xbd, 0xb7, 0xbd, 0xd7, 0xbd, 0xf8, 0xbd, 0xf7, 0xbd,
    0xf8, 0xc5, 0xf8, 0xbd, 0xf7, 0xbd, 0xf8, 0xbd, 0xf8, 0xbd, 0xf8, 0xbd,
    0xd7, 0xbd, 0xb7, 0xbd, 0xb7, 0xb5, 0xd7, 0xbd, 0xb7, 0xbd, 0xb7, 0xb5,
    0xb7, 0xb5, 0xb7, 0xbd, 0xd7, 0xbd, 0xd7, 0xbd, 0xd7, 0xbd, 0xd7, 0xbd,
    0xb7, 0xbd, 0xb7, 0xbd, 0xb7, 0xbd, 0xd7, 0xbd, 0xd7, 0xbd, 0xd7, 0xbd,
    0xb7, 0xbd, 0xb7, 0xb5, 0xb7, 0xb5, 0x96, 0xb5, 0x56, 0xad, 0x14, 0xa5,
    0x14, 0xa5, 0x14, 0xa5, 0x14, 0xa5, 0xf4, 0x9c, 0x15, 0xa5, 0x56, 0xad,
    0x96, 0xb5, 0xb7, 0xb5, 0x96, 0xb5, 0x96, 0xb5, 0x96, 0xb5, 0x76, 0xb5,
    0x76, 0xad, 0x76, 0xad, 0x55, 0xad, 0x55, 0xad, 0x35, 0xa5, 0x35, 0xa5,
    0x15, 0xa5, 0x14, 0xa5, 0x14, 0x9d, 0xf4, 0x9c, 0xd4, 0x9c, 0xd3, 0x9c,
    0xb3, 0x94, 0xb3, 0x94, 0x92, 0x94, 0x72, 0x8c, 0x72, 0x8c, 0x52, 0x8c,
    0x51, 0x8c, 0x31, 0x84, 0x31, 0x84, 0x11, 0x84, 0x10, 0x84, 0xf0, 0x7b,
    0xc3, 0x18, 0xc3, 0x18, 0xe3, 0x20, 0xc3, 0x18, 0xc3, 0x18, 0xc3, 0x18,
    0x86, 0x31, 0x8b, 0x52, 0x4e, 0x6b, 0xcf, 0x73, 0x31, 0x84, 0x92, 0x94,
    0xd3, 0x94, 0x14, 0x9d, 0x35, 0xa5, 0x56, 0xad, 0x96, 0xad, 0x96, 0xb5,
    0xb7, 0xb5, 0xb7, 0xb5, 0xb7, 0xb5, 0xb7, 0xb5, 0x96, 0xb5, 0x56, 0xad,
    0x55, 0xad, 0x35, 0xa5, 0x14, 0xa5, 0xd4, 0x9c, 0xb3, 0x94, 0x51, 0x84,
    0xf0, 0x7b, 0xf0, 0x7b, 0x10, 0x84, 0x31, 0x8c, 0x92, 0x94, 0xd3, 0x9c,
    0x14, 0xa5, 0x35, 0xa5, 0x55, 0xad, 0x76, 0xad, 0x97, 0xb5, 0xb7, 0xbd,
    0xd7, 0xbd, 0xd8, 0xbd, 0xd8, 0xbd, 0xd7, 0xbd, 0xd8, 0xbd, 0xd8, 0xbd,
    0xd7, 0xbd, 0xd7, 0xbd, 0xb7, 0xb5, 0xb7, 0xb5, 0xb7, 0xb5, 0xb6, 0xb5,
    0x97, 0xb5, 0x96, 0xb5, 0x97, 0xb5, 0xb7, 0xb5, 0xd7, 0xbd, 0xd8, 0xbd,
    0xf8, 0xbd, 0xf8, 0xc5, 0xf8, 0xbd, 0xf8, 0xbd, 0xf8, 0xbd, 0xf8, 0xbd,
    0xd8, 0xbd, 0xd8, 0xbd, 0xd7, 0xbd, 0xd7, 0xbd, 0xd7, 0xb5, 0xb7, 0xb5,
    0xd7, 0xb5, 0xd7, 0xb5, 0xd7, 0xbd, 0xd7, 0xbd, 0xd7, 0xb5, 0xd7, 0xbd,
    0xb7, 0xbd, 0xb7, 0xbd, 0xb7, 0xbd, 0x96, 0xb5, 0x96, 0xb5, 0x76, 0xb5,
    0x55, 0xad, 0x35, 0xad, 0x34, 0xad, 0x34, 0xad, 0x13, 0xb5, 0xf2, 0xb4,
    0xf2, 0xb4, 0xf1, 0xb4, 0xcf, 0xb4, 0xae, 0xb4, 0xad, 0xbc, 0xce, 0xbc,
    0xf0, 0xbc, 0x11, 0xb5, 0xf2, 0xb4, 0xf2, 0xb4, 0x13, 0xb5, 0x34, 0xad,
    0x34, 0xad, 0x14, 0xad, 0x14, 0xa5, 0x35, 0xa5, 0x55, 0xad, 0x96, 0xb5,
    0x97, 0xb5, 0x96, 0xb5, 0xb7, 0xb5, 0xd7, 0xbd, 0xf8, 0xbd, 0xf8, 0xbd,
    0xf8, 0xbd, 0xf8, 0xc5, 0xd8, 0xbd, 0xf8, 0xbd, 0xf8, 0xc5, 0xf8, 0xc5,
    0xd7, 0xbd, 0xd7, 0xbd, 0xd7, 0xbd, 0xd7, 0xbd, 0xb7, 0xbd, 0xb7, 0xbd,
    0xb7, 0xbd, 0xb7, 0xb5, 0xb7, 0xbd, 0xb7, 0xbd, 0xb7, 0xbd, 0xb7, 0xbd,
    0xb7, 0xbd, 0xb6, 0xbd, 0xb7, 0xbd, 0xb7, 0xbd, 0xb7, 0xbd, 0xb7, 0xbd,
    0xb7, 0xbd, 0xd7, 0xbd, 0xd7, 0xbd, 0xb7, 0xb5, 0x96, 0xb5, 0x56, 0xad,
    0x35, 0xa5, 0xf4, 0x9c, 0xf4, 0x9c, 0xf4, 0x9c, 0x35, 0xa5, 0x55, 0xad,
    0x56, 0xad, 0x76, 0xb5, 0x96, 0xad, 0x76, 0xad, 0x76, 0xad, 0x56, 0xad,
    0x55, 0xad, 0x55, 0xad, 0x35, 0xa5, 0x35, 0xa5, 0x14, 0xa5, 0x14, 0xa5,
    0xf4, 0x9c, 0xd4, 0x9c, 0xd3, 0x9c, 0xb3, 0x94, 0xb3, 0x94, 0x92, 0x94,
    0x92, 0x8c, 0x72, 0x8c, 0x72, 0x8c, 0x51, 0x8c, 0x51, 0x8c, 0x31, 0x84,
    0x31, 0x84, 0x10, 0x84, 0xf0, 0x7b, 0xf0, 0x7b, 0xcf, 0x7b, 0xcf, 0x73,
    0xc3, 0x18, 0xc4, 0x18, 0xe3, 0x18, 0xc3, 0x18, 0xe4, 0x18, 0xc7, 0x39,
    0xcb, 0x5a, 0x6e, 0x6b, 0xf0, 0x7b, 0x52, 0x8c, 0xb3, 0x94, 0xd4, 0x9c,
    0x14, 0xa5, 0x55, 0xa5, 0x76, 0xad, 0x96, 0xb5, 0xb7, 0xb5, 0xb7, 0xb5,
    0xb7, 0xb5, 0xb7, 0xb5, 0xb6, 0xb5, 0x76, 0xad, 0x76, 0xad, 0x55, 0xad,
    0x35, 0xa5, 0x14, 0xa5, 0xd4, 0x9c, 0x93, 0x94, 0x31, 0x84, 0xf0, 0x7b,
    0xf0, 0x7b, 0x11, 0x84, 0x52, 0x8c, 0x93, 0x94, 0xd4, 0x9c, 0x14, 0xa5,
    0x35, 0xa5, 0x76, 0xad, 0x96, 0xb5, 0x97, 0xb5, 0xb7, 0xbd, 0xd8, 0xbd,
    0xd7, 0xbd, 0xd8, 0xbd, 0xd7, 0xbd, 0xd7, 0xbd, 0xd7, 0xbd, 0xd7, 0xbd,
    0xd7, 0xbd, 0xd7, 0xbd, 0xb7, 0xbd, 0xb7, 0xbd, 0xb7, 0xb5, 0xb7, 0xbd,
    0xb7, 0xb5, 0xb7, 0xb5, 0xb7, 0xb5, 0xb7, 0xbd, 0xd7, 0xbd, 0xd8, 0xbd,
    0xf8, 0xbd, 0xf8, 0xbd, 0xf8, 0xbd, 0xf8, 0xbd, 0xf8, 0xbd, 0xd8, 0xbd,
    0xd7, 0xbd, 0xd7, 0xb5, 0xb7, 0xb5, 0xb7, 0xb5, 0xb7, 0xb5, 0x97, 0xb5,
    0x97, 0xad, 0xb7, 0xb5, 0xb7, 0xb5, 0xb7, 0xb5, 0xb7, 0xb5, 0xb7, 0xb5,
    0xb7, 0xb5, 0xb7, 0xb5, 0xb7, 0xb5, 0x96, 0xb5, 0x96, 0xb5, 0x76, 0xb5,
    0x55, 0xad, 0x55, 0xad, 0x35, 0xb5, 0x34, 0xad, 0x13, 0xad, 0x12, 0xb5,
    0xf2, 0xac, 0xf1, 0xb4, 0xd0, 0xb4, 0xcf, 0xbc, 0xae, 0xbc, 0xae, 0xbc,
    0xf0, 0xbc, 0xf1, 0xbc, 0xf1, 0xb4, 0x12, 0xb5, 0xf2, 0xb4, 0xf2, 0xac,
    0xd3, 0xa4, 0xf3, 0xa4, 0xd4, 0x9c, 0xf4, 0x9c, 0x14, 0xa5, 0x35, 0xad,
    0x56, 0xad, 0x76, 0xad, 0xb7, 0xb5, 0xd7, 0xbd, 0xf8, 0xbd, 0xf8, 0xbd,
    0xd8, 0xbd, 0xf7, 0xbd, 0xf7, 0xbd, 0xd8, 0xc5, 0xf7, 0xbd, 0xf7, 0xbd,
    0xf8, 0xbd, 0xd8, 0xbd, 0xd7, 0xbd, 0xd8, 0xbd, 0xd7, 0xbd, 0xd7, 0xbd,
    0xb7, 0xbd, 0xb6, 0xbd, 0xb6, 0xbd, 0xb7, 0xbd, 0xb7, 0xbd, 0xb7, 0xbd,
    0xb6, 0xbd, 0xb6, 0xbd, 0xb7, 0xbd, 0xb7, 0xb5, 0xb7, 0xbd, 0xb7, 0xbd,
    0xb6, 0xb5, 0x96, 0xb5, 0x97, 0xb5, 0x76, 0xad, 0x76, 0xad, 0x56, 0xad,
    0x15, 0xa5, 0xf4, 0xa4, 0x35, 0xa5, 0x35, 0xa5, 0x55, 0xad, 0x55, 0xad,
    0x55, 0xad, 0x76, 0xad, 0x55, 0xad, 0x56, 0xad, 0x55, 0xad, 0x55, 0xad,
    0x35, 0xa5, 0x15, 0xa5, 0x14, 0xa5, 0xf4, 0x9c, 0xf4, 0x9c, 0xd3, 0x9c,
    0xb3, 0x9c, 0xb3, 0x94, 0xb2, 0x94, 0x92, 0x94, 0x72, 0x8c, 0x72, 0x8c,
    0x51, 0x8c, 0x51, 0x8c, 0x31, 0x84, 0x31, 0x84, 0x10, 0x84, 0x10, 0x84,
    0xf0, 0x7b, 0xf0, 0x7b, 0xcf, 0x7b, 0xaf, 0x7b, 0xaf, 0x73, 0x6e, 0x6b,
    0xe3, 0x18, 0xe4, 0x18, 0xc3, 0x18, 0x04, 0x21, 0xe8, 0x39, 0xec, 0x5a,
    0xaf, 0x73, 0x10, 0x7c, 0x72, 0x8c, 0xb3, 0x94, 0xf4, 0x9c, 0x35, 0xa5,
    0x55, 0xad, 0x76, 0xad, 0x97, 0xb5, 0xb7, 0xb5, 0xb7, 0xbd, 0xd7, 0xb5,
    0xb7, 0xb5, 0x97, 0xb5, 0x76, 0xb5, 0x76, 0xad, 0x55, 0xad, 0x35, 0xa5,
    0xf4, 0x9c, 0xd3, 0x94, 0x92, 0x8c, 0x31, 0x84, 0xf0, 0x7b, 0x10, 0x84,
    0x31, 0x84, 0x72, 0x8c, 0xb3, 0x94, 0xf4, 0x9c, 0x15, 0xa5, 0x55, 0xad,
    0x76, 0xad, 0x97, 0xb5, 0xb7, 0xbd, 0xd7, 0xbd, 0xf7, 0xbd, 0xd7, 0xbd,
    0xd7, 0xbd, 0xd7, 0xbd, 0xd7, 0xbd, 0xb7, 0xbd, 0xb7, 0xbd, 0xd7, 0xbd,
    0xd7, 0xbd, 0xb7, 0xbd, 0xb7, 0xbd, 0xb7, 0xb5, 0x97, 0xb5, 0xb7, 0xbd,
    0xd7, 0xbd, 0xd7, 0xbd, 0xd7, 0xbd, 0xd8, 0xbd, 0xd7, 0xbd, 0xf8, 0xbd,
    0xf8, 0xbd, 0xf8, 0xbd, 0xf8, 0xbd, 0xd7, 0xbd, 0xd7, 0xbd, 0xb7, 0xb5,
    0xb7, 0xb5, 0xb7, 0xb5, 0x97, 0xad, 0x96, 0xad, 0x76, 0xad, 0x76, 0xad,
    0x76, 0xad, 0x76, 0xad, 0x96, 0xad, 0x97, 0xb5, 0xb7, 0xb5, 0xb7, 0xb5,
    0xb7, 0xb5, 0xb7, 0xb5, 0x97, 0xb5, 0xb7, 0xb5, 0x96, 0xb5, 0x76, 0xb5,
    0x55, 0xb5, 0x55, 0xad, 0x35, 0xad, 0x34, 0xb5, 0x13, 0xb5, 0x13, 0xb5,
    0x12, 0xb5, 0xf1, 0xb4, 0xd0, 0xb4, 0xcf, 0xb4, 0xce, 0xbc, 0xce, 0xbc,
    0xef, 0xbc, 0x11, 0xb5, 0x11, 0xb5, 0xf2, 0xb4, 0xf2, 0xac, 0xd2, 0xac,
    0xf3, 0xac, 0x14, 0xa5, 0x14, 0xa5, 0x14, 0xa5, 0x35, 0xad, 0x56, 0xad,
    0x96, 0xb5, 0xb7, 0xb5, 0xd7, 0xbd, 0xf8, 0xbd, 0xf8, 0xbd, 0xf7, 0xc5,
    0xd8, 0xc5, 0xf8, 0xbd, 0xf8, 0xbd, 0xf8, 0xbd, 0xf8, 0xbd, 0xf8, 0xbd,
    0xf8, 0xbd, 0xf8, 0xc5, 0xf7, 0xbd, 0xd7, 0xbd, 0xd7, 0xbd, 0xd7, 0xbd,
    0xb7, 0xbd, 0xb7, 0xbd, 0xb7, 0xbd, 0xb7, 0xbd, 0xb6, 0xbd, 0xb6, 0xbd,
    0xb7, 0xbd, 0x97, 0xbd, 0xb6, 0xbd, 0xb7, 0xbd, 0xb7, 0xbd, 0xb7, 0xb5,
    0xb7, 0xb5, 0x96, 0xb5, 0x76, 0xb5, 0x76, 0xad, 0x55, 0xad, 0x55, 0xad,
    0x14, 0xa5, 0xf4, 0x9c, 0x15, 0xa5, 0x14, 0xa5, 0x35, 0xa5, 0x35, 0xa5,
    0x35, 0xa5, 0x55, 0xad, 0x55, 0xad, 0x35, 0xa5, 0x35, 0xa5, 0x15, 0xa5,
    0x14, 0xa5, 0xf4, 0x9c, 0xf4, 0x9c, 0xd3, 0x9c, 0xb3, 0x94, 0xb3, 0x94,
    0x92, 0x94, 0x92, 0x8c, 0x72, 0x8c, 0x52, 0x8c, 0x51, 0x8c, 0x31, 0x84,
    0x31, 0x84, 0x11, 0x84, 0x10, 0x84, 0xf0, 0x7b, 0xf0, 0x7b, 0xf0, 0x7b,
    0xcf, 0x7b, 0xaf, 0x73, 0xaf, 0x73, 0x6e, 0x6b, 0x0c, 0x63, 0x8a, 0x52,
    0xc3, 0x18, 0xc3, 0x18, 0x25, 0x29, 0x49, 0x4a, 0x2d, 0x63, 0xaf, 0x73,
    0x31, 0x84, 0x92, 0x8c, 0xd3, 0x94, 0xf4, 0xa4, 0x35, 0xa5, 0x75, 0xad,
    0x76, 0xad, 0x97, 0xb5, 0xb7, 0xb5, 0xd7, 0xbd, 0xd7, 0xb5, 0xb7, 0xb5,
    0xb6, 0xb5, 0x96, 0xb5, 0x76, 0xad, 0x55, 0xa5, 0x35, 0xa5, 0xf4, 0x9c,
    0xb3, 0x94, 0x72, 0x8c, 0x31, 0x84, 0x10, 0x7c, 0x11, 0x84, 0x51, 0x8c,
    0x92, 0x8c, 0xb3, 0x94, 0xf4, 0x9c, 0x35, 0xa5, 0x55, 0xad, 0x76, 0xb5,
    0x97, 0xb5, 0xd7, 0xbd, 0xd7, 0xbd, 0xf8, 0xbd, 0xf8, 0xbd, 0xd7, 0xbd,
    0xd7, 0xbd, 0xd7, 0xbd, 0xb7, 0xbd, 0xb7, 0xbd, 0xb7, 0xbd, 0xb7, 0xbd,
    0xd7, 0xbd, 0xb6, 0xbd, 0x96, 0xb5, 0x96, 0xb5, 0x96, 0xb5, 0x96, 0xb5,
    0x97, 0xb5, 0x96, 0xb5, 0xb7, 0xb5, 0xb7, 0xb5, 0xb7, 0xb5, 0xd7, 0xbd,
    0xd8, 0xbd, 0xd8, 0xbd, 0xd7, 0xbd, 0xd8, 0xbd, 0xb7, 0xb5, 0xb7, 0xb5,
    0xb7, 0xb5, 0x97, 0xad, 0x76, 0xad, 0x76, 0xad, 0x76, 0xad, 0x56, 0xa5,
    0x56, 0xa5, 0x56, 0xad, 0x76, 0xad, 0x96, 0xad, 0x97, 0xb5, 0xb7, 0xb5,
    0xb6, 0xb5, 0x96, 0xb5, 0x96, 0xb5, 0xb6, 0xb5, 0x96, 0xb5, 0x76, 0xb5,
    0x75, 0xb5, 0x55, 0xad, 0x35, 0xad, 0x34, 0xad, 0x13, 0xad, 0xf3, 0xac,
    0xf2, 0xb4, 0xd1, 0xb4, 0xd0, 0xb4, 0xcf, 0xb4, 0xad, 0xb4, 0xae, 0xbc,
    0xce, 0xbc, 0xf0, 0xbc, 0xf1, 0xb4, 0xf2, 0xb4, 0x12, 0xb5, 0x33, 0xb5,
    0x55, 0xb5, 0x75, 0xb5, 0x76, 0xb5, 0x76, 0xb5, 0x96, 0xb5, 0xb7, 0xb5,
    0xd7, 0xbd, 0xf8, 0xbd, 0xf8, 0xbd, 0xf7, 0xc5, 0xd8, 0xbd, 0xf8, 0xbd,
    0xf7, 0xbd, 0xf8, 0xbd, 0xf8, 0xc5, 0xf8, 0xbd, 0xf8, 0xc5, 0xf8, 0xc5,
    0xd7, 0xc5, 0xd8, 0xc5, 0xd7, 0xbd, 0xd7, 0xbd, 0xb7, 0xbd, 0xb7, 0xbd,
    0xb7, 0xbd, 0xb7, 0xbd, 0xb7, 0xbd, 0xb6, 0xbd, 0xb7, 0xb5, 0x96, 0xbd,
    0xb7, 0xbd, 0x96, 0xb5, 0x96, 0xbd, 0x96, 0xbd, 0x96, 0xb5, 0x96, 0xbd,
    0xb7, 0xbd, 0x96, 0xb5, 0x76, 0xb5, 0x55, 0xad, 0x15, 0xa5, 0x14, 0xa5,
    0xf4, 0x9c, 0xb3, 0x94, 0xd3, 0x9c, 0xf4, 0x9c, 0x15, 0xa5, 0x35, 0xad,
    0x35, 0xad, 0x35, 0xa5, 0x35, 0xa5, 0x14, 0xa5, 0xf4, 0xa4, 0xf4, 0x9c,
    0xf3, 0x9c, 0xd3, 0x9c, 0xb3, 0x94, 0xb3, 0x94, 0x92, 0x94, 0x72, 0x8c,
    0x72, 0x8c, 0x51, 0x8c, 0x31, 0x84, 0x31, 0x84, 0x31, 0x84, 0x10, 0x84,
    0xf0, 0x83, 0xf0, 0x7b, 0xf0, 0x7b, 0xcf, 0x7b, 0xaf, 0x73, 0xaf, 0x73,
    0x8e, 0x73, 0x6e, 0x6b, 0x2d, 0x63, 0xab, 0x52, 0xa7, 0x31, 0xc3, 0x18,
    0xc3, 0x18, 0x45, 0x29, 0x6a, 0x4a, 0x4d, 0x6b, 0xf0, 0x7b, 0x51, 0x84,
    0x92, 0x94, 0xd4, 0x9c, 0x14, 0xa5, 0x35, 0xa5, 0x76, 0xad, 0x96, 0xb5,
    0xb7, 0xb5, 0xb7, 0xb5, 0xd7, 0xbd, 0xd7, 0xbd, 0xb7, 0xb5, 0x97, 0xb5,
    0x96, 0xad, 0x56, 0xad, 0x55, 0xa5, 0x15, 0xa5, 0xf4, 0x9c, 0xb3, 0x94,
    0x51, 0x8c, 0x11, 0x84, 0x10, 0x84, 0x11, 0x84, 0x51, 0x8c, 0x93, 0x94,
    0xd3, 0x9c, 0xf4, 0xa4, 0x35, 0xa5, 0x56, 0xad, 0x96, 0xb5, 0xb7, 0xb5,
    0xd7, 0xbd, 0xd8, 0xbd, 0xd7, 0xbd, 0xd8, 0xbd, 0xd8, 0xbd, 0xd7, 0xbd,
    0xd7, 0xbd, 0xd7, 0xbd, 0xb7, 0xbd, 0xd7, 0xbd, 0xb7, 0xbd, 0xb7, 0xbd,
    0xb7, 0xbd, 0xb6, 0xbd, 0xb6, 0xb5, 0x97, 0xb5, 0x96, 0xb5, 0x97, 0xb5,
    0x96, 0xb5, 0xb7, 0xb5, 0xb7, 0xb5, 0xb6, 0xb5, 0xb7, 0xb5, 0xb7, 0xbd,
    0xd7, 0xbd, 0xf8, 0xbd, 0xd8, 0xbd, 0xd7, 0xb5, 0xb7, 0xb5, 0xb7, 0xb5,
    0x97, 0xb5, 0x96, 0xad, 0x76, 0xad, 0x56, 0xa5, 0x56, 0xa5, 0x56, 0xa5,
    0x56, 0xa5, 0x56, 0xa5, 0x56, 0xad, 0x76, 0xad, 0x96, 0xb5, 0x96, 0xb5,
    0x97, 0xb5, 0x97, 0xb5, 0xb7, 0xb5, 0x96, 0xb5, 0x96, 0xb5, 0x96, 0xb5,
    0x76, 0xb5, 0x55, 0xad, 0x55, 0xad, 0x34, 0xad, 0x13, 0xad, 0x13, 0xad,
    0xf2, 0xb4, 0xf1, 0xac, 0xd1, 0xac, 0xb0, 0xb4, 0xaf, 0xb4, 0xaf, 0xb4,
    0xd0, 0xb4, 0xf1, 0xb4, 0xf2, 0xb4, 0x12, 0xad, 0x34, 0xb5, 0x54, 0xb5,
    0x75, 0xb5, 0x96, 0xb5, 0xb7, 0xb5, 0xb7, 0xbd, 0xb7, 0xbd, 0xd7, 0xbd,
    0xf8, 0xbd, 0xd8, 0xbd, 0xd7, 0xbd, 0xf8, 0xbd, 0xf8, 0xc5, 0xd8, 0xbd,
    0xf8, 0xbd, 0xf8, 0xc5, 0xf8, 0xbd, 0xf7, 0xc5, 0xd7, 0xbd, 0xd7, 0xbd,
    0xd7, 0xbd, 0xd7, 0xbd, 0xb7, 0xbd, 0xb7, 0xbd, 0xb6, 0xbd, 0xb7, 0xbd,
    0xb7, 0xbd, 0xb6, 0xbd, 0x96, 0xbd, 0xb7, 0xbd, 0xb6, 0xbd, 0x97, 0xbd,
    0x96, 0xbd, 0x96, 0xb5, 0x96, 0xbd, 0x96, 0xb5, 0x96, 0xb5, 0x96, 0xb5,
    0x96, 0xb5, 0x76, 0xb5, 0x55, 0xad, 0x15, 0xa5, 0xf4, 0xa4, 0xf4, 0x9c,
    0xd3, 0x9c, 0xb3, 0x9c, 0xd3, 0x9c, 0x14, 0xa5, 0x55, 0xa5, 0x35, 0xa5,
    0x35, 0xa5, 0x14, 0xa5, 0x14, 0xa5, 0xf4, 0x9c, 0xd3, 0x9c, 0xd3, 0x9c,
    0xb3, 0x94, 0x93, 0x94, 0x92, 0x94, 0x72, 0x8c, 0x52, 0x8c, 0x51, 0x8c,
    0x31, 0x84, 0x31, 0x84, 0x10, 0x84, 0x10, 0x84, 0xf0, 0x7b, 0xf0, 0x7b,
    0xcf, 0x7b, 0xcf, 0x7b, 0xaf, 0x73, 0xaf, 0x73, 0x8e, 0x73, 0x6e, 0x6b,
    0x0d, 0x63, 0x8b, 0x52, 0xa7, 0x39, 0xc3, 0x18, 0x21, 0x08, 0x00, 0x00,
    0x86, 0x31, 0xab, 0x52, 0x6e, 0x6b, 0xf0, 0x7b, 0x72, 0x8c, 0xb3, 0x94,
    0xd4, 0x9c, 0x15, 0xa5, 0x55, 0xad, 0x76, 0xad, 0x97, 0xb5, 0xb7, 0xb5,
    0xd7, 0xb5, 0xd7, 0xbd, 0xb7, 0xb5, 0xb7, 0xb5, 0x96, 0xb5, 0x76, 0xad,
    0x56, 0xad, 0x35, 0xa5, 0x14, 0xa5, 0xd4, 0x9c, 0x93, 0x94, 0x51, 0x84,
    0x10, 0x84, 0x11, 0x84, 0x31, 0x84, 0x72, 0x8c, 0xb3, 0x94, 0xd4, 0x9c,
    0x15, 0xa5, 0x35, 0xa5, 0x76, 0xad, 0x96, 0xb5, 0xb7, 0xb5, 0xd7, 0xbd,
    0xf8, 0xbd, 0xd8, 0xbd, 0xd7, 0xbd, 0xd7, 0xbd, 0xd7, 0xbd, 0xd7, 0xbd,
    0xd7, 0xbd, 0xb7, 0xbd, 0xb7, 0xbd, 0xb7, 0xbd, 0xb7, 0xbd, 0xb7, 0xbd,
    0xb7, 0xbd, 0xd7, 0xbd, 0xd7, 0xbd, 0xb7, 0xbd, 0x96, 0xb5, 0x96, 0xb5,
    0xb7, 0xb5, 0xb7, 0xb5, 0xb7, 0xbd, 0xb7, 0xbd, 0xb7, 0xbd, 0xd7, 0xbd,
    0xd8, 0xbd, 0xd7, 0xbd, 0xd7, 0xb5, 0xb7, 0xb5, 0xb7, 0xb5, 0x97, 0xb5,
    0x97, 0xad, 0x76, 0xad, 0x76, 0xad, 0x56, 0xa5, 0x56, 0xa5, 0x55, 0xa5,
    0x35, 0xa5, 0x56, 0xa5, 0x56, 0xa5, 0x76, 0xad, 0x97, 0xad, 0x97, 0xb5,
    0x97, 0xb5, 0xb7, 0xb5, 0xb6, 0xb5, 0x97, 0xb5, 0xb7, 0xb5, 0x96, 0xb5,
    0x76, 0xb5, 0x55, 0xb5, 0x55, 0xad, 0x55, 0xad, 0x34, 0xb5, 0x13, 0xad,
    0x13, 0xad, 0xf3, 0xac, 0xf2, 0xac, 0xf2, 0xac, 0xd2, 0xac, 0xd2, 0xac,
    0xf3, 0xa4, 0x14, 0xa5, 0x35, 0xad, 0x35, 0xa5, 0x55, 0xad, 0x56, 0xad,
    0x76, 0xad, 0x96, 0xb5, 0x97, 0xb5, 0xb7, 0xb5, 0xb7, 0xb5, 0xd7, 0xbd,
    0xf8, 0xbd, 0xd7, 0xbd, 0xf8, 0xbd, 0xf8, 0xbd, 0xf8, 0xbd, 0xf7, 0xbd,
    0xf8, 0xc5, 0xf8, 0xbd, 0xf7, 0xc5, 0xd7, 0xbd, 0xd8, 0xbd, 0xd8, 0xc5,
    0xd7, 0xbd, 0xd7, 0xbd, 0xb7, 0xbd, 0xb6, 0xbd, 0xb7, 0xbd, 0xb6, 0xbd,
    0x96, 0xbd, 0xb7, 0xbd, 0xb7, 0xbd, 0x96, 0xb5, 0x96, 0xbd, 0x96, 0xbd,
    0x96, 0xb5, 0x96, 0xbd, 0x96, 0xb5, 0x76, 0xb5, 0x96, 0xb5, 0x96, 0xb5,
    0x76, 0xb5, 0x96, 0xb5, 0x76, 0xb5, 0x55, 0xad, 0x56, 0xad, 0x55, 0xa5,
    0x35, 0xa5, 0x15, 0xa5, 0x35, 0xa5, 0x15, 0xa5, 0xf4, 0x9c, 0xf4, 0x9c,
    0xf4, 0x9c, 0xf4, 0x9c, 0xd4, 0x9c, 0xd3, 0x94, 0xb3, 0x94, 0x92, 0x94,
    0x92, 0x8c, 0x72, 0x8c, 0x51, 0x8c, 0x31, 0x84, 0x31, 0x84, 0x10, 0x84,
    0x10, 0x84, 0x10, 0x7c, 0xf0, 0x7b, 0xd0, 0x7b, 0xcf, 0x7b, 0xcf, 0x73,
    0xaf, 0x73, 0x8f, 0x73, 0x8e, 0x6b, 0x4e, 0x6b, 0x0c, 0x63, 0x8a, 0x52,
    0xc7, 0x31, 0xc3, 0x18, 0x21, 0x08, 0x00, 0x00, 0x00, 0x00, 0x20, 0x00,
    0xec, 0x5a, 0x8f, 0x73, 0x10, 0x84, 0x72, 0x8c, 0xd4, 0x94, 0xf4, 0x9c,
    0x35, 0xa5, 0x55, 0xad, 0x76, 0xad, 0xb7, 0xb5, 0xd7, 0xb5, 0xd7, 0xbd,
    0xd7, 0xbd, 0xb7, 0xb5, 0xb7, 0xb5, 0x96, 0xb5, 0x76, 0xad, 0x55, 0xad,
    0x35, 0xa5, 0x14, 0xa5, 0xd4, 0x9c, 0x92, 0x94, 0x31, 0x84, 0x10, 0x84,
    0x31, 0x84, 0x31, 0x8c, 0x72, 0x8c, 0xb3, 0x94, 0xd3, 0x9c, 0x14, 0xa5,
    0x55, 0xad, 0x76, 0xad, 0x97, 0xb5, 0xb7, 0xbd, 0xd8, 0xbd, 0xf8, 0xbd,
    0xd7, 0xbd, 0xd7, 0xbd, 0xd7, 0xbd, 0xd7, 0xbd, 0xd7, 0xbd, 0xb7, 0xbd,
    0xb7, 0xbd, 0xb7, 0xbd, 0xb7, 0xbd, 0xb7, 0xbd, 0xb6, 0xbd, 0xb6, 0xbd,
    0xb7, 0xbd, 0xb7, 0xbd, 0xb7, 0xbd, 0xb7, 0xbd, 0xb6, 0xb5, 0xb7, 0xb5,
    0xb7, 0xbd, 0xb7, 0xbd, 0xb7, 0xb5, 0xb7, 0xb5, 0xb7, 0xb5, 0xb7, 0xb5,
    0xb7, 0xb5, 0xb7, 0xb5, 0xd7, 0xbd, 0xb7, 0xb5, 0xb7, 0xb5, 0x97, 0xb5,
    0x76, 0xad, 0x76, 0xad, 0x56, 0xad, 0x56, 0xa5, 0x55, 0xa5, 0x55, 0xa5,
    0x56, 0xa5, 0x55, 0xa5, 0x56, 0xa5, 0x76, 0xad, 0x96, 0xad, 0x97, 0xb5,
    0x96, 0xb5, 0x96, 0xb5, 0x97, 0xb5, 0x96, 0xb5, 0xb6, 0xbd, 0x96, 0xbd,
    0x96, 0xb5, 0x75, 0xb5, 0x55, 0xad, 0x55, 0xad, 0x35, 0xad, 0x14, 0xad,
    0x14, 0xad, 0x14, 0xad, 0x13, 0xa5, 0xf3, 0xa4, 0xf4, 0xa4, 0xf3, 0xa4,
    0xf4, 0xa4, 0x14, 0xa5, 0x35, 0xa5, 0x35, 0xa5, 0x35, 0xa5, 0x55, 0xad,
    0x76, 0xad, 0x76, 0xb5, 0x97, 0xb5, 0xb7, 0xb5, 0xb7, 0xbd, 0xd7, 0xbd,
    0xd8, 0xbd, 0xf8, 0xbd, 0xf8, 0xbd, 0xf8, 0xc5, 0xd8, 0xbd, 0xf7, 0xbd,
    0xf8, 0xc5, 0xd7, 0xbd, 0xd8, 0xbd, 0xf8, 0xbd, 0xd7, 0xbd, 0xd7, 0xbd,
    0xb7, 0xbd, 0xb7, 0xbd, 0xb7, 0xbd, 0xb7, 0xbd, 0xb7, 0xbd, 0x97, 0xbd,
    0x96, 0xbd, 0x96, 0xbd, 0x96, 0xb5, 0x96, 0xbd, 0x96, 0xb5, 0x96, 0xb5,
    0x96, 0xb5, 0x96, 0xb5, 0x76, 0xb5, 0x76, 0xb5, 0x76, 0xb5, 0x76, 0xb5,
    0x76, 0xb5, 0x76, 0xb5, 0x76, 0xad, 0x76, 0xad, 0x76, 0xad, 0x55, 0xad,
    0x14, 0xa5, 0xf4, 0xa4, 0xf3, 0x9c, 0xd3, 0x9c, 0xb3, 0x94, 0x92, 0x94,
    0x92, 0x94, 0x92, 0x94, 0x93, 0x94, 0x92, 0x94, 0x72, 0x8c, 0x72, 0x8c,
    0x51, 0x8c, 0x31, 0x84, 0x10, 0x84, 0x10, 0x84, 0x10, 0x7c, 0xf0, 0x7b,
    0xd0, 0x7b, 0xcf, 0x7b, 0xcf, 0x73, 0xaf, 0x73, 0x8f, 0x73, 0x8e, 0x73,
    0x6e, 0x6b, 0x2d, 0x6b, 0xec, 0x5a, 0x8a, 0x52, 0xa7, 0x39, 0xc3, 0x18,
    0x41, 0x08, 0x00, 0x00, 0x00, 0x00, 0x00, 0x00, 0x20, 0x08, 0x20, 0x00,
    0xaf, 0x73, 0x31, 0x84, 0x92, 0x94, 0xd3, 0x94, 0x14, 0x9d, 0x35, 0xa5,
    0x56, 0xad, 0x96, 0xb5, 0xb7, 0xb5, 0xd7, 0xb5, 0xd7, 0xbd, 0xd8, 0xbd,
    0xb7, 0xb5, 0xb7, 0xb5, 0x96, 0xb5, 0x76, 0xad, 0x35, 0xad, 0x35, 0xa5,
    0x14, 0x9d, 0xd3, 0x9c, 0x72, 0x8c, 0x31, 0x84, 0x31, 0x84, 0x31, 0x84,
    0x52, 0x8c, 0x93, 0x94, 0xd3, 0x9c, 0xd4, 0x9c, 0xf4, 0x9c, 0xf4, 0x9c,
    0x35, 0xad, 0x76, 0xad, 0xb7, 0xb5, 0xd7, 0xbd, 0xd7, 0xbd, 0xd8, 0xbd,
    0xd8, 0xbd, 0xd7, 0xbd, 0xd7, 0xbd, 0xb7, 0xbd, 0xd7, 0xbd, 0xb7, 0xbd,
    0xb7, 0xbd, 0xb7, 0xbd, 0xb6, 0xbd, 0xb6, 0xbd, 0xb7, 0xbd, 0xb7, 0xbd,
    0xb7, 0xbd, 0xd7, 0xbd, 0xb6, 0xb5, 0xb7, 0xbd, 0xb7, 0xb5, 0xb7, 0xbd,
    0xb7, 0xbd, 0xb7, 0xbd, 0xd7, 0xb5, 0xd7, 0xb5, 0xb7, 0xbd, 0xb7, 0xb5,
    0xb7, 0xbd, 0xd7, 0xbd, 0xb7, 0xb5, 0xb7, 0xb5, 0xb7, 0xb5, 0x97, 0xb5,
    0x76, 0xad, 0x76, 0xa5, 0x56, 0xa5, 0x56, 0xa5, 0x55, 0xa5, 0x55, 0xa5,
    0x56, 0xa5, 0x56, 0xa5, 0x56, 0xad, 0x76, 0xad, 0x96, 0xad, 0x97, 0xb5,
    0x97, 0xb5, 0xb6, 0xb5, 0xb7, 0xb5, 0xb7, 0xb5, 0x97, 0xb5, 0x97, 0xb5,
    0x96, 0xb5, 0x76, 0xb5, 0x55, 0xb5, 0x55, 0xad, 0x55, 0xad, 0x35, 0xad,
    0x35, 0xad, 0x15, 0xad, 0x14, 0xa5, 0x14, 0xa5, 0x15, 0xa5, 0x14, 0xa5,
    0x14, 0xa5, 0x15, 0xa5, 0x35, 0xad, 0x35, 0xad, 0x35, 0xad, 0x56, 0xad,
    0x76, 0xad, 0x96, 0xb5, 0x97, 0xb5, 0xb7, 0xbd, 0xd7, 0xbd, 0xd7, 0xbd,
    0xf8, 0xbd, 0xf8, 0xbd, 0xf7, 0xbd, 0xd7, 0xbd, 0xf8, 0xc5, 0xf8, 0xbd,
    0xf8, 0xbd, 0xd8, 0xbd, 0xf8, 0xbd, 0xd7, 0xc5, 0xd7, 0xbd, 0xd7, 0xbd,
    0xb7, 0xbd, 0xb7, 0xbd, 0xb6, 0xbd, 0x97, 0xbd, 0xb6, 0xbd, 0xb6, 0xb5,
    0x97, 0xb5, 0x96, 0xbd, 0x96, 0xbd, 0x96, 0xb5, 0x96, 0xbd, 0x76, 0xb5,
    0x76, 0xb5, 0x76, 0xb5, 0x76, 0xb5, 0x75, 0xb5, 0x55, 0xb5, 0x55, 0xad,
    0x55, 0xad, 0x55, 0xad, 0x55, 0xad, 0x55, 0xad, 0x55, 0xad, 0x35, 0xad,
    0xf4, 0x9c, 0xb3, 0x94, 0x72, 0x8c, 0x31, 0x84, 0x10, 0x84, 0xaf, 0x7b,
    0xcf, 0x7b, 0x10, 0x84, 0x51, 0x8c, 0x72, 0x8c, 0x51, 0x84, 0x31, 0x84,
    0x10, 0x84, 0x10, 0x84, 0xf0, 0x7b, 0xf0, 0x7b, 0xcf, 0x7b, 0xcf, 0x7b,
    0xaf, 0x73, 0xaf, 0x73, 0x8e, 0x73, 0x8e, 0x73, 0x6e, 0x6b, 0x2d, 0x63,
    0xeb, 0x5a, 0x6a, 0x52, 0xa7, 0x39, 0xc3, 0x18, 0x41, 0x08, 0x00, 0x00,
    0x00, 0x00, 0x20, 0x00, 0x20, 0x00, 0x21, 0x00, 0x41, 0x08, 0xc3, 0x18,
    0x51, 0x8c, 0xb3, 0x94, 0xf4, 0x9c, 0x14, 0xa5, 0x55, 0xad, 0x76, 0xad,
    0x96, 0xb5, 0xb7, 0xb5, 0xd7, 0xbd, 0xd7, 0xbd, 0xd7, 0xbd, 0xd7, 0xb5,
    0xb7, 0xb5, 0x96, 0xb5, 0x76, 0xad, 0x35, 0xa5, 0x35, 0xa5, 0xf4, 0x9c,
    0xb3, 0x94, 0x52, 0x8c, 0x31, 0x84, 0x31, 0x84, 0x31, 0x8c, 0x72, 0x8c,
    0xb3, 0x94, 0xf3, 0x9c, 0x14, 0xa5, 0x15, 0xa5, 0x35, 0xa5, 0x55, 0xad,
    0x76, 0xad, 0x96, 0xb5, 0x96, 0xb5, 0x96, 0xb5, 0x96, 0xb5, 0x96, 0xb5,
    0x96, 0xb5, 0x97, 0xb5, 0xb7, 0xbd, 0xb7, 0xbd, 0xb7, 0xbd, 0xb6, 0xbd,
    0xb7, 0xbd, 0xb7, 0xbd, 0xb6, 0xbd, 0xb7, 0xbd, 0xb7, 0xbd, 0xb7, 0xbd,
    0xb7, 0xbd, 0xd7, 0xbd, 0xb6, 0xbd, 0xb7, 0xbd, 0xb7, 0xbd, 0xb7, 0xb5,
    0xb7, 0xbd, 0xb7, 0xb5, 0xd7, 0xbd, 0xb7, 0xbd, 0xb7, 0xb5, 0xb7, 0xb5,
    0xb7, 0xb5, 0xb7, 0xb5, 0xb7, 0xb5, 0xb7, 0xb5, 0x97, 0xb5, 0x96, 0xb5,
    0x76, 0xad, 0x76, 0xa5, 0x56, 0xa5, 0x56, 0xa5, 0x56, 0xa5, 0x56, 0xa5,
    0x76, 0xa5, 0x56, 0xa5, 0x76, 0xad, 0x76, 0xad, 0x96, 0xad, 0xb7, 0xb5,
    0xb7, 0xb5, 0xb7, 0xb5, 0xb7, 0xb5, 0xb7, 0xb5, 0x96, 0xb5, 0x96, 0xb5,
    0x97, 0xb5, 0x96, 0xb5, 0x76, 0xb5, 0x55, 0xad, 0x55, 0xad, 0x55, 0xad,
    0x35, 0xad, 0x35, 0xad, 0x35, 0xad, 0x35, 0xad, 0x55, 0xad, 0x56, 0xad,
    0x76, 0xad, 0x96, 0xb5, 0x96, 0xb5, 0xb7, 0xb5, 0x97, 0xb5, 0xb7, 0xb5,
    0xb7, 0xb5, 0xb7, 0xbd, 0xd7, 0xbd, 0xd7, 0xb5, 0xd7, 0xbd, 0xd7, 0xbd,
    0xf8, 0xbd, 0xf8, 0xbd, 0xf8, 0xbd, 0xf8, 0xc5, 0xf8, 0xbd, 0xd7, 0xbd,
    0xd8, 0xc5, 0xf7, 0xbd, 0xd7, 0xbd, 0xd7, 0xbd, 0xd7, 0xbd, 0xb7, 0xbd,
    0xb7, 0xbd, 0xb7, 0xbd, 0xb6, 0xbd, 0x96, 0xbd, 0x96, 0xbd, 0x96, 0xbd,
    0x96, 0xbd, 0x96, 0xb5, 0x96, 0xb5, 0x76, 0xb5, 0x76, 0xb5, 0x76, 0xb5,
    0x75, 0xb5, 0x55, 0xb5, 0x55, 0xb5, 0x55, 0xb5, 0x55, 0xad, 0x35, 0xad,
    0x55, 0xad, 0x35, 0xad, 0x35, 0xad, 0x35, 0xa5, 0x14, 0xa5, 0xd4, 0x9c,
    0x92, 0x94, 0x51, 0x8c, 0x11, 0x84, 0xd0, 0x7b, 0x8f, 0x73, 0xaf, 0x73,
    0x10, 0x7c, 0x31, 0x84, 0x31, 0x8c, 0x31, 0x84, 0x10, 0x84, 0xf0, 0x7b,
    0xf0, 0x7b, 0xd0, 0x7b, 0xcf, 0x7b, 0xcf, 0x73, 0xaf, 0x73, 0x8e, 0x73,
    0x8e, 0x73, 0x6e, 0x6b, 0x4e, 0x6b, 0x2d, 0x63, 0xcb, 0x5a, 0x6a, 0x4a,
    0xc7, 0x39, 0xc3, 0x18, 0x41, 0x08, 0x00, 0x00, 0x20, 0x00, 0x20, 0x00,
    0x01, 0x00, 0x21, 0x00, 0x41, 0x08, 0xc3, 0x18, 0x66, 0x29, 0xe8, 0x39,
    0xb3, 0x94, 0xf4, 0x9c, 0x35, 0xa5, 0x55, 0xa5, 0x76, 0xad, 0x97, 0xb5,
    0xd7, 0xb5, 0xd7, 0xbd, 0xd8, 0xbd, 0xd7, 0xbd, 0xb7, 0xb5, 0xb7, 0xb5,
    0x96, 0xb5, 0x76, 0xad, 0x55, 0xa5, 0x15, 0xa5, 0xf4, 0x9c, 0x92, 0x94,
    0x51, 0x84, 0x31, 0x84, 0x31, 0x84, 0x51, 0x8c, 0x92, 0x94, 0xb4, 0x94,
    0xf4, 0x9c, 0x15, 0xa5, 0x55, 0xad, 0x56, 0xad, 0x76, 0xad, 0x96, 0xb5,
    0xb7, 0xb5, 0xb7, 0xb5, 0xb7, 0xb5, 0x97, 0xb5, 0x96, 0xb5, 0x96, 0xb5,
    0x96, 0xb5, 0x97, 0xb5, 0xb7, 0xb5, 0xb7, 0xbd, 0xb7, 0xbd, 0xb7, 0xbd,
    0xb6, 0xbd, 0xb6, 0xbd, 0xb7, 0xb5, 0x97, 0xbd, 0xb6, 0xbd, 0xb6, 0xbd,
    0xb7, 0xbd, 0xb7, 0xbd, 0xb7, 0xbd, 0xb6, 0xb5, 0x97, 0xb5, 0x96, 0xb5,
    0x97, 0xb5, 0xb7, 0xb5, 0xb7, 0xbd, 0xb7, 0xb5, 0xb7, 0xb5, 0xb7, 0xb5,
    0xb7, 0xb5, 0xb7, 0xb5, 0xb7, 0xb5, 0xb7, 0xb5, 0x97, 0xb5, 0x96, 0xad,
    0x76, 0xad, 0x56, 0xad, 0x56, 0xa5, 0x76, 0xa5, 0x56, 0xad, 0x76, 0xad,
    0x76, 0xad, 0x76, 0xad, 0x76, 0xa5, 0x96, 0xad, 0x97, 0xad, 0x97, 0xb5,
    0xb7, 0xb5, 0xb7, 0xb5, 0x97, 0xb5, 0xb7, 0xb5, 0xb6, 0xbd, 0xb6, 0xbd,
    0x96, 0xb5, 0x96, 0xb5, 0x76, 0xb5, 0x55, 0xad, 0x55, 0xad, 0x55, 0xad,
    0x55, 0xad, 0x55, 0xad, 0x56, 0xad, 0x56, 0xad, 0x76, 0xad, 0x96, 0xb5,
    0x97, 0xb5, 0xb7, 0xb5, 0xb7, 0xbd, 0xd7, 0xbd, 0xb7, 0xb5, 0xb7, 0xbd,
    0xd7, 0xbd, 0xb7, 0xbd, 0xd7, 0xbd, 0xb7, 0xb5, 0xb7, 0xb5, 0xb7, 0xbd,
    0xd8, 0xbd, 0xf8, 0xbd, 0xf8, 0xbd, 0xf8, 0xbd, 0xf8, 0xbd, 0xf7, 0xbd,
    0xd7, 0xbd, 0xd8, 0xbd, 0xd7, 0xbd, 0xd7, 0xbd, 0xb7, 0xbd, 0xb7, 0xbd,
    0xb7, 0xbd, 0x96, 0xbd, 0x96, 0xbd, 0x97, 0xb5, 0x96, 0xb5, 0x96, 0xbd,
    0x96, 0xb5, 0x96, 0xb5, 0x76, 0xb5, 0x76, 0xb5, 0x76, 0xb5, 0x75, 0xb5,
    0x55, 0xb5, 0x55, 0xad, 0x55, 0xad, 0x35, 0xad, 0x34, 0xad, 0x35, 0xad,
    0x35, 0xad, 0x14, 0xa5, 0x14, 0xa5, 0x14, 0xa5, 0xf4, 0x9c, 0xb3, 0x94,
    0x72, 0x94, 0x51, 0x84, 0x31, 0x84, 0x10, 0x84, 0x10, 0x7c, 0x10, 0x7c,
    0xf0, 0x7b, 0x10, 0x7c, 0x10, 0x84, 0x10, 0x7c, 0xf0, 0x7b, 0xcf, 0x7b,
    0xcf, 0x7b, 0xaf, 0x73, 0xae, 0x73, 0x8e, 0x73, 0x6e, 0x6b, 0x6e, 0x6b,
    0x4d, 0x6b, 0x2d, 0x63, 0xec, 0x5a, 0x69, 0x4a, 0xa7, 0x39, 0xe4, 0x18,
    0x41, 0x08, 0x00, 0x00, 0x00, 0x00, 0x00, 0x00, 0x20, 0x00, 0x00, 0x00,
    0x41, 0x08, 0xc3, 0x18, 0x45, 0x29, 0xc8, 0x39, 0x08, 0x42, 0x29, 0x42,
    0x14, 0xa5, 0x35, 0xa5, 0x76, 0xad, 0x96, 0xb5, 0xb7, 0xb5, 0xb7, 0xb5,
    0xd7, 0xbd, 0xf8, 0xbd, 0xd8, 0xbd, 0xb7, 0xb5, 0xb6, 0xb5, 0x76, 0xad,
    0x56, 0xad, 0x55, 0xa5, 0x15, 0xa5, 0xd3, 0x9c, 0x92, 0x94, 0x31, 0x84,
    0x31, 0x84, 0x31, 0x84, 0x52, 0x8c, 0x93, 0x94, 0xd3, 0x9c, 0x14, 0x9d,
    0x35, 0xa5, 0x56, 0xad, 0x76, 0xad, 0x96, 0xb5, 0xb7, 0xb5, 0xb7, 0xb5,
    0x97, 0xb5, 0x97, 0xb5, 0x97, 0xb5, 0xb7, 0xb5, 0xb7, 0xb5, 0x96, 0xb5,
    0x97, 0xb5, 0xb7, 0xbd, 0xb7, 0xbd, 0xb7, 0xbd, 0xb6, 0xbd, 0xb7, 0xbd,
    0xb7, 0xbd, 0xb6, 0xbd, 0x97, 0xbd, 0xb6, 0xbd, 0xb7, 0xbd, 0xb7, 0xbd,
    0xb7, 0xbd, 0xd7, 0xbd, 0xd7, 0xbd, 0xb7, 0xbd, 0x96, 0xb5, 0x96, 0xb5,
    0x96, 0xb5, 0x96, 0xb5, 0x97, 0xb5, 0x97, 0xb5, 0x96, 0xb5, 0x76, 0xb5,
    0x97, 0xb5, 0xb7, 0xb5, 0xb7, 0xb5, 0xb7, 0xb5, 0x97, 0xb5, 0x96, 0xad,
    0x76, 0xad, 0x76, 0xad, 0x76, 0xad, 0x76, 0xad, 0x76, 0xad, 0x76, 0xad,
    0x76, 0xad, 0x76, 0xad, 0x76, 0xad, 0x97, 0xad, 0x97, 0xad, 0x97, 0xb5,
    0xb7, 0xb5, 0xb6, 0xb5, 0xb6, 0xb5, 0x97, 0xb5, 0xb7, 0xb5, 0xb7, 0xbd,
    0x96, 0xb5, 0x96, 0xb5, 0x76, 0xb5, 0x76, 0xb5, 0x55, 0xb5, 0x56, 0xad,
    0x55, 0xad, 0x55, 0xad, 0x56, 0xad, 0x76, 0xb5, 0x96, 0xb5, 0x96, 0xb5,
    0xb7, 0xb5, 0xb7, 0xbd, 0xb7, 0xb5, 0x97, 0xb5, 0x97, 0xb5, 0xb7, 0xb5,
    0x97, 0xb5, 0x97, 0xb5, 0x96, 0xb5, 0x96, 0xb5, 0xb7, 0xb5, 0xd7, 0xbd,
    0xf8, 0xbd, 0xf8, 0xbd, 0xf8, 0xc5, 0xf8, 0xbd, 0xf8, 0xbd, 0xf8, 0xc5,
    0xf8, 0xbd, 0xd7, 0xbd, 0xd7, 0xbd, 0xd7, 0xbd, 0xb7, 0xbd, 0xb7, 0xbd,
    0xb6, 0xbd, 0x96, 0xbd, 0x96, 0xbd, 0x96, 0xb5, 0x96, 0xb5, 0x96, 0xb5,
    0x76, 0xb5, 0x76, 0xb5, 0x76, 0xb5, 0x75, 0xb5, 0x55, 0xb5, 0x55, 0xb5,
    0x55, 0xad, 0x35, 0xad, 0x35, 0xad, 0x14, 0xa5, 0x14, 0xa5, 0x14, 0xa5,
    0xf4, 0xa4, 0xf4, 0xa4, 0xf4, 0x9c, 0xd4, 0x9c, 0xd3, 0x9c, 0xd3, 0x9c,
    0xb3, 0x94, 0x51, 0x8c, 0x31, 0x84, 0x10, 0x84, 0x10, 0x7c, 0xd0, 0x7b,
    0xcf, 0x7b, 0xcf, 0x7b, 0xef, 0x7b, 0xcf, 0x7b, 0xaf, 0x73, 0xaf, 0x73,
    0x8f, 0x73, 0x8e, 0x73, 0x6e, 0x6b, 0x4e, 0x6b, 0x2d, 0x63, 0x2d, 0x63,
    0xcb, 0x5a, 0x6a, 0x4a, 0xc7, 0x39, 0xe4, 0x20, 0x41, 0x08, 0x00, 0x00,
    0x00, 0x00, 0x00, 0x00, 0x20, 0x00, 0x20, 0x08, 0x42, 0x08, 0xc3, 0x18,
    0x45, 0x29, 0xc7, 0x39, 0x08, 0x42, 0x08, 0x42, 0x08, 0x42, 0x08, 0x42,
    0x55, 0xad, 0x76, 0xad, 0x97, 0xb5, 0xb7, 0xb5, 0xd7, 0xbd, 0xd7, 0xbd,
    0xd7, 0xbd, 0xd7, 0xbd, 0xb7, 0xb5, 0x97, 0xb5, 0x96, 0xad, 0x55, 0xad,
    0x35, 0xa5, 0x14, 0xa5, 0xd3, 0x94, 0x72, 0x8c, 0x51, 0x84, 0x31, 0x84,
    0x51, 0x8c, 0x72, 0x8c, 0xb3, 0x94, 0xd4, 0x9c, 0x14, 0xa5, 0x35, 0xa5,
    0x76, 0xad, 0x76, 0xb5, 0x97, 0xb5, 0xb7, 0xb5, 0xb7, 0xb5, 0x96, 0xb5,
    0x96, 0xb5, 0x96, 0xb5, 0x76, 0xb5, 0x96, 0xb5, 0x76, 0xb5, 0x76, 0xad,
    0x96, 0xb5, 0x96, 0xb5, 0x96, 0xb5, 0xb7, 0xbd, 0xb7, 0xbd, 0xb6, 0xb5,
    0xb7, 0xbd, 0xb7, 0xbd, 0xb6, 0xbd, 0xb7, 0xbd, 0xb7, 0xbd, 0xb7, 0xb5,
    0xb7, 0xbd, 0xb7, 0xbd, 0xd7, 0xbd, 0xd7, 0xbd, 0xd7, 0xbd, 0xd7, 0xbd,
    0xd7, 0xbd, 0xd7, 0xbd, 0xd7, 0xbd, 0xd7, 0xbd, 0xb7, 0xb5, 0xb7, 0xb5,
    0xb7, 0xb5, 0xb7, 0xb5, 0xb7, 0xb5, 0xb7, 0xb5, 0x96, 0xb5, 0x96, 0xad,
    0x76, 0xad, 0x76, 0xad, 0x76, 0xad, 0x76, 0xad, 0x76, 0xad, 0x76, 0xad,
    0x76, 0xad, 0x96, 0xad, 0x76, 0xad, 0x76, 0xad, 0x96, 0xad, 0x97, 0xb5,
    0xb7, 0xb5, 0xb7, 0xb5, 0xb7, 0xb5, 0xb7, 0xb5, 0xb6, 0xb5, 0xb7, 0xb5,
    0xb7, 0xb5, 0x96, 0xb5, 0x96, 0xb5, 0x76, 0xb5, 0x76, 0xad, 0x76, 0xad,
    0x55, 0xb5, 0x55, 0xad, 0x55, 0xad, 0x56, 0xad, 0x76, 0xb5, 0x76, 0xb5,
    0x76, 0xb5, 0x76, 0xad, 0x76, 0xad, 0x76, 0xb5, 0x96, 0xb5, 0x97, 0xb5,
    0x96, 0xb5, 0x76, 0xad, 0x56, 0xad, 0x76, 0xb5, 0x96, 0xb5, 0x97, 0xb5,
    0x96, 0xb5, 0x96, 0xb5, 0x96, 0xb5, 0x97, 0xb5, 0xb7, 0xb5, 0xb7, 0xbd,
    0xb7, 0xbd, 0xd7, 0xbd, 0xd7, 0xbd, 0xd7, 0xbd, 0xb7, 0xbd, 0xb7, 0xbd,
    0x96, 0xbd, 0x96, 0xb5, 0x96, 0xb5, 0x96, 0xbd, 0x76, 0xb5, 0x76, 0xb5,
    0x76, 0xb5, 0x75, 0xb5, 0x55, 0xb5, 0x55, 0xad, 0x35, 0xad, 0x35, 0xad,
    0x35, 0xad, 0x14, 0xad, 0x14, 0xad, 0xf4, 0xa4, 0xf4, 0xa4, 0xf3, 0xa4,
    0xd3, 0x9c, 0xd3, 0x9c, 0xd3, 0x9c, 0xb3, 0x94, 0xb3, 0x94, 0x92, 0x94,
    0x72, 0x8c, 0x51, 0x8c, 0x31, 0x84, 0x10, 0x84, 0xf0, 0x7b, 0xf0, 0x7b,
    0xd0, 0x7b, 0xcf, 0x7b, 0xaf, 0x73, 0xaf, 0x73, 0x8e, 0x73, 0x8e, 0x73,
    0x6e, 0x6b, 0x4d, 0x6b, 0x2d, 0x63, 0x0c, 0x63, 0xcb, 0x5a, 0x6a, 0x4a,
    0xa7, 0x39, 0xe4, 0x20, 0x41, 0x08, 0x00, 0x00, 0x20, 0x00, 0x00, 0x00,
    0x20, 0x00, 0x21, 0x08, 0x62, 0x08, 0xc3, 0x18, 0x45, 0x29, 0xa7, 0x39,
    0xe8, 0x41, 0xe8, 0x39, 0xe8, 0x39, 0x08, 0x42, 0x08, 0x42, 0x08, 0x42,
    0x76, 0xad, 0xb6, 0xb5, 0xd7, 0xb5, 0xd7, 0xbd, 0xf7, 0xbd, 0xd8, 0xbd,
    0xd7, 0xb5, 0xb7, 0xb5, 0x96, 0xb5, 0x76, 0xad, 0x55, 0xad, 0x35, 0xa5,
    0xf4, 0x9c, 0xb3, 0x94, 0x72, 0x8c, 0x52, 0x8c, 0x51, 0x8c, 0x52, 0x8c,
    0x92, 0x8c, 0xd3, 0x94, 0xf4, 0x9c, 0x15, 0xa5, 0x55, 0xad, 0x76, 0xad,
    0x96, 0xb5, 0xb7, 0xb5, 0xd7, 0xbd, 0xd7, 0xbd, 0xb7, 0xb5, 0xb7, 0xb5,
    0x96, 0xb5, 0x96, 0xb5, 0x96, 0xb5, 0x76, 0xad, 0x76, 0xad, 0x76, 0xb5,
    0x76, 0xad, 0x76, 0xb5, 0x97, 0xb5, 0xb7, 0xbd, 0xb7, 0xbd, 0xb7, 0xb5,
    0x96, 0xbd, 0x96, 0xbd, 0xb7, 0xb5, 0xb6, 0xbd, 0xb6, 0xbd, 0xb7, 0xbd,
    0xb7, 0xbd, 0xd7, 0xbd, 0xd7, 0xbd, 0xd7, 0xbd, 0xd7, 0xbd, 0xf8, 0xbd,
    0xf8, 0xbd, 0xf8, 0xc5, 0xf8, 0xc5, 0xf8, 0xbd, 0xf8, 0xbd, 0xd7, 0xbd,
    0xd7, 0xbd, 0xd8, 0xbd, 0xb7, 0xb5, 0xb7, 0xb5, 0x97, 0xb5, 0x96, 0xb5,
    0x76, 0xad, 0x76, 0xad, 0x76, 0xa5, 0x56, 0xad, 0x76, 0xad, 0x76, 0xad,
    0x76, 0xad, 0x76, 0xad, 0x76, 0xad, 0x76, 0xad, 0x96, 0xad, 0x97, 0xb5,
    0xb7, 0xb5, 0xb7, 0xb5, 0x97, 0xb5, 0xb7, 0xb5, 0xb7, 0xbd, 0xb7, 0xbd,
    0xb7, 0xb5, 0xb7, 0xbd, 0x96, 0xb5, 0x76, 0xb5, 0x76, 0xb5, 0x76, 0xad,
    0x76, 0xad, 0x76, 0xb5, 0x55, 0xad, 0x56, 0xad, 0x56, 0xad, 0x55, 0xad,
    0x35, 0xad, 0x35, 0xa5, 0x55, 0xad, 0x76, 0xad, 0x76, 0xad, 0x96, 0xb5,
    0x76, 0xb5, 0x76, 0xad, 0x76, 0xad, 0x76, 0xb5, 0x55, 0xad, 0xf4, 0x9c,
    0xd4, 0x9c, 0xd3, 0x94, 0xb3, 0x94, 0xf4, 0x9c, 0x55, 0xad, 0x76, 0xad,
    0x96, 0xb5, 0xb7, 0xbd, 0xd7, 0xbd, 0xb7, 0xbd, 0xb7, 0xbd, 0x96, 0xb5,
    0x96, 0xb5, 0x96, 0xb5, 0x96, 0xb5, 0x76, 0xb5, 0x76, 0xb5, 0x76, 0xb5,
    0x75, 0xb5, 0x55, 0xb5, 0x35, 0xad, 0x35, 0xad, 0x35, 0xad, 0x14, 0xad,
    0x14, 0xa5, 0xf4, 0xa4, 0xd3, 0xa4, 0xd3, 0xa4, 0xd3, 0x9c, 0xb3, 0x9c,
    0xb3, 0x9c, 0xb2, 0x94, 0x92, 0x94, 0x92, 0x94, 0x72, 0x8c, 0x51, 0x8c,
    0x31, 0x84, 0x11, 0x84, 0x10, 0x84, 0xf0, 0x7b, 0xcf, 0x7b, 0xcf, 0x7b,
    0xaf, 0x73, 0x8f, 0x73, 0x8e, 0x6b, 0x6e, 0x6b, 0x6d, 0x6b, 0x4d, 0x6b,
    0x2d, 0x63, 0x0c, 0x63, 0xcb, 0x5a, 0x49, 0x4a, 0xa7, 0x31, 0xe4, 0x18,
    0x41, 0x08, 0x00, 0x00, 0x00, 0x00, 0x20, 0x00, 0x00, 0x00, 0x21, 0x08,
    0x62, 0x08, 0xc3, 0x18, 0x45, 0x29, 0xa7, 0x31, 0xc7, 0x39, 0xe8, 0x41,
    0xe8, 0x39, 0xe8, 0x41, 0xe8, 0x39, 0xe8, 0x41, 0x08, 0x42, 0x08, 0x42,
    0x97, 0xb5, 0xb7, 0xb5, 0xd7, 0xbd, 0xf8, 0xbd, 0xd8, 0xbd, 0xb7, 0xb5,
    0xb7, 0xb5, 0x96, 0xb5, 0x76, 0xad, 0x55, 0xad, 0x35, 0xa5, 0xf4, 0x9c,
    0xb3, 0x94, 0x72, 0x8c, 0x51, 0x8c, 0x52, 0x8c, 0x72, 0x8c, 0x93, 0x94,
    0xd3, 0x9c, 0x14, 0xa5, 0x35, 0xa5, 0x55, 0xad, 0x76, 0xb5, 0x97, 0xb5,
    0xb7, 0xb5, 0xd7, 0xbd, 0xd8, 0xbd, 0xd7, 0xbd, 0xb7, 0xbd, 0x97, 0xb5,
    0x76, 0xb5, 0x76, 0xad, 0x76, 0xad, 0x76, 0xb5, 0x96, 0xb5, 0x76, 0xb5,
    0x76, 0xb5, 0x96, 0xb5, 0xb6, 0xb5, 0x96, 0xbd, 0xb7, 0xbd, 0xb6, 0xbd,
    0xb7, 0xbd, 0xb6, 0xbd, 0xb6, 0xbd, 0x97, 0xbd, 0xb7, 0xbd, 0xb7, 0xbd,
    0xb7, 0xbd, 0xd7, 0xbd, 0xd7, 0xbd, 0xd7, 0xbd, 0xd8, 0xbd, 0xd8, 0xbd,
    0xf8, 0xbd, 0xf8, 0xc5, 0xf8, 0xbd, 0xf8, 0xbd, 0xf8, 0xbd, 0xd7, 0xbd,
    0xd8, 0xbd, 0xd7, 0xbd, 0xb7, 0xb5, 0xb7, 0xb5, 0x97, 0xb5, 0x96, 0xad,
    0x76, 0xad, 0x76, 0xad, 0x56, 0xad, 0x56, 0xad, 0x56, 0xa5, 0x76, 0xad,
    0x76, 0xad, 0x56, 0xad, 0x56, 0xa5, 0x76, 0xa5, 0x76, 0xad, 0x96, 0xb5,
    0x97, 0xb5, 0xb7, 0xb5, 0xb7, 0xb5, 0xb7, 0xb5, 0xb7, 0xb5, 0xb7, 0xb5,
    0xb7, 0xbd, 0xb7, 0xbd, 0x97, 0xb5, 0x96, 0xb5, 0x96, 0xb5, 0x76, 0xb5,
    0x76, 0xad, 0x76, 0xad, 0x56, 0xad, 0x35, 0xad, 0x35, 0xa5, 0x35, 0xa5,
    0x35, 0xa5, 0x35, 0xad, 0x55, 0xad, 0x76, 0xad, 0x76, 0xad, 0x97, 0xb5,
    0xd7, 0xbd, 0xf7, 0xbd, 0xf8, 0xbd, 0xf8, 0xbd, 0xd7, 0xbd, 0xb7, 0xb5,
    0x96, 0xb5, 0x96, 0xb5, 0x96, 0xb5, 0x97, 0xb5, 0x97, 0xb5, 0x96, 0xb5,
    0x97, 0xb5, 0xb7, 0xb5, 0xb7, 0xbd, 0xb7, 0xbd, 0xb6, 0xb5, 0x96, 0xbd,
    0x96, 0xb5, 0x76, 0xb5, 0x76, 0xb5, 0x75, 0xb5, 0x55, 0xb5, 0x55, 0xb5,
    0x55, 0xad, 0x35, 0xad, 0x34, 0xad, 0x34, 0xad, 0x14, 0xad, 0xf4, 0xa4,
    0xf3, 0xa4, 0xd3, 0xa4, 0xd3, 0x9c, 0xb3, 0x9c, 0xb3, 0x9c, 0x92, 0x94,
    0x92, 0x94, 0x72, 0x94, 0x72, 0x8c, 0x51, 0x8c, 0x31, 0x84, 0x30, 0x84,
    0x10, 0x7c, 0xf0, 0x7b, 0xcf, 0x7b, 0xaf, 0x73, 0xaf, 0x73, 0xae, 0x73,
    0x8e, 0x73, 0x6e, 0x6b, 0x4d, 0x6b, 0x4d, 0x6b, 0x2c, 0x63, 0xec, 0x5a,
    0xab, 0x52, 0x49, 0x4a, 0xa7, 0x31, 0xe4, 0x18, 0x41, 0x08, 0x00, 0x00,
    0x00, 0x00, 0x20, 0x00, 0x00, 0x00, 0x21, 0x08, 0x62, 0x08, 0xc3, 0x18,
    0x45, 0x29, 0xa7, 0x31, 0xc7, 0x39, 0xe8, 0x39, 0xe8, 0x39, 0xc7, 0x39,
    0xe7, 0x39, 0xe8, 0x41, 0xe8, 0x41, 0xe8, 0x39, 0xe8, 0x39, 0x08, 0x42,
    0xd7, 0xbd, 0xf8, 0xbd, 0xf8, 0xbd, 0xd7, 0xbd, 0xb7, 0xbd, 0xb7, 0xb5,
    0x96, 0xb5, 0x76, 0xad, 0x35, 0xa5, 0x14, 0xa5, 0xd4, 0x9c, 0x92, 0x94,
    0x72, 0x8c, 0x51, 0x8c, 0x51, 0x8c, 0x72, 0x8c, 0x93, 0x94, 0xd3, 0x9c,
    0x14, 0xa5, 0x35, 0xa5, 0x56, 0xad, 0x96, 0xb5, 0x97, 0xb5, 0xb7, 0xbd,
    0xd7, 0xbd, 0xd7, 0xbd, 0xb7, 0xbd, 0xb7, 0xb5, 0xb7, 0xb5, 0x96, 0xb5,
    0x76, 0xad, 0x56, 0xad, 0x76, 0xad, 0x76, 0xad, 0x76, 0xad, 0x76, 0xad,
    0x76, 0xb5, 0x76, 0xb5, 0x76, 0xb5, 0x96, 0xb5, 0xb7, 0xbd, 0xb6, 0xb5,
    0xb7, 0xbd, 0xb7, 0xbd, 0xb7, 0xbd, 0xb7, 0xbd, 0xb7, 0xbd, 0xb7, 0xbd,
    0xd7, 0xbd, 0xd7, 0xbd, 0xd7, 0xbd, 0xd7, 0xbd, 0xf8, 0xbd, 0xf8, 0xbd,
    0xf8, 0xbd, 0xf8, 0xbd, 0xf8, 0xbd, 0xf8, 0xbd, 0xf8, 0xbd, 0xd8, 0xbd,
    0xd7, 0xbd, 0xd7, 0xbd, 0xd7, 0xb5, 0xb7, 0xb5, 0x97, 0xb5, 0x97, 0xad,
    0x76, 0xad, 0x56, 0xad, 0x56, 0xa5, 0x56, 0xa5, 0x56, 0xa5, 0x56, 0xa5,
    0x56, 0xa5, 0x56, 0xa5, 0x56, 0xa5, 0x56, 0xad, 0x76, 0xad, 0x97, 0xad,
    0xb7, 0xb5, 0xb7, 0xb5, 0xb7, 0xb5, 0xb7, 0xb5, 0xb7, 0xbd, 0xd7, 0xbd,
    0xd7, 0xb5, 0xb7, 0xb5, 0xb7, 0xb5, 0x96, 0xb5, 0x96, 0xb5, 0x96, 0xb5,
    0x76, 0xb5, 0x76, 0xad, 0x76, 0xb5, 0x56, 0xad, 0x76, 0xad, 0x76, 0xb5,
    0x76, 0xb5, 0x76, 0xb5, 0x96, 0xb5, 0xb7, 0xb5, 0xb7, 0xbd, 0xd7, 0xbd,
    0xf8, 0xbd, 0xf8, 0xbd, 0xf8, 0xc5, 0xf8, 0xbd, 0xd7, 0xbd, 0xb7, 0xbd,
    0xb7, 0xbd, 0xb7, 0xb5, 0xb7, 0xb5, 0x97, 0xb5, 0x96, 0xb5, 0x96, 0xb5,
    0xb7, 0xb5, 0xb7, 0xbd, 0xb7, 0xbd, 0xb7, 0xb5, 0x96, 0xb5, 0x96, 0xb5,
    0x76, 0xb5, 0x76, 0xb5, 0x55, 0xb5, 0x55, 0xb5, 0x55, 0xad, 0x35, 0xad,
    0x35, 0xad, 0x14, 0xad, 0x14, 0xa5, 0xf4, 0xa4, 0xf3, 0xa4, 0xd3, 0xa4,
    0xd3, 0x9c, 0xb2, 0x9c, 0x92, 0x9c, 0x92, 0x94, 0x92, 0x94, 0x72, 0x8c,
    0x72, 0x8c, 0x51, 0x8c, 0x31, 0x84, 0x31, 0x84, 0x10, 0x84, 0xf0, 0x7b,
    0xcf, 0x7b, 0xcf, 0x73, 0xaf, 0x73, 0x8e, 0x73, 0x8e, 0x73, 0x6e, 0x6b,
    0x4d, 0x6b, 0x4d, 0x6b, 0x2d, 0x63, 0xec, 0x5a, 0xab, 0x52, 0x49, 0x4a,
    0xa7, 0x39, 0xe4, 0x20, 0x41, 0x08, 0x00, 0x00, 0x00, 0x00, 0x20, 0x00,
    0x20, 0x00, 0x21, 0x08, 0x62, 0x10, 0xc3, 0x18, 0x45, 0x29, 0x87, 0x31,
    0xc7, 0x39, 0xc7, 0x39, 0xc8, 0x39, 0xc8, 0x39, 0xc7, 0x39, 0xe8, 0x39,
    0xe8, 0x39, 0xe8, 0x39, 0xe8, 0x41, 0xe7, 0x39, 0xe8, 0x41, 0x08, 0x42,
    0xd8, 0xbd, 0xf8, 0xbd, 0xd7, 0xbd, 0xd7, 0xb5, 0xb7, 0xb5, 0x96, 0xad,
    0x56, 0xad, 0x35, 0xa5, 0x14, 0xa5, 0xd3, 0x9c, 0x92, 0x8c, 0x72, 0x8c,
    0x52, 0x8c, 0x51, 0x8c, 0x72, 0x8c, 0xb3, 0x94, 0xd4, 0x9c, 0x14, 0xa5,
    0x35, 0xa5, 0x56, 0xad, 0x96, 0xb5, 0xb7, 0xb5, 0xb7, 0xbd, 0xd7, 0xbd,
    0xd7, 0xbd, 0xb7, 0xb5, 0xb7, 0xb5, 0xb7, 0xb5, 0xb7, 0xb5, 0x96, 0xb5,
    0x96, 0xb5, 0x76, 0xad, 0x76, 0xb5, 0x76, 0xb5, 0x76, 0xad, 0x76, 0xad,
    0x56, 0xad, 0x56, 0xad, 0x76, 0xb5, 0x96, 0xb5, 0xb7, 0xbd, 0xb7, 0xbd,
    0x96, 0xbd, 0xb6, 0xbd, 0xb7, 0xb5, 0xb7, 0xbd, 0xb7, 0xbd, 0xd7, 0xbd,
    0xd7, 0xbd, 0xd8, 0xbd, 0xd7, 0xbd, 0xd8, 0xbd, 0xf8, 0xbd, 0xf8, 0xbd,
    0xd7, 0xbd, 0xb7, 0xbd, 0xb7, 0xbd, 0xd7, 0xbd, 0xd7, 0xbd, 0xd7, 0xbd,
    0xb7, 0xb5, 0xb7, 0xb5, 0x97, 0xb5, 0x96, 0xb5, 0x97, 0xb5, 0x96, 0xad,
    0x76, 0xad, 0x56, 0xa5, 0x55, 0xa5, 0x36, 0xa5, 0x56, 0xa5, 0x55, 0xa5,
    0x56, 0xa5, 0x55, 0xa5, 0x35, 0xa5, 0x56, 0xa5, 0x76, 0xad, 0x96, 0xad,
    0xb7, 0xb5, 0xb7, 0xb5, 0xb7, 0xb5, 0xb7, 0xbd, 0xb7, 0xb5, 0xd7, 0xbd,
    0xd7, 0xbd, 0xb7, 0xb5, 0xb7, 0xb5, 0xb7, 0xb5, 0x97, 0xb5, 0x96, 0xb5,
    0x96, 0xb5, 0x96, 0xb5, 0x96, 0xb5, 0x96, 0xb5, 0x97, 0xb5, 0xb6, 0xb5,
    0xb7, 0xb5, 0xb7, 0xb5, 0xb7, 0xbd, 0xd8, 0xbd, 0xf8, 0xbd, 0xf8, 0xc5,
    0xf8, 0xbd, 0xf8, 0xbd, 0xf8, 0xc5, 0xd7, 0xbd, 0xb7, 0xb5, 0xb7, 0xbd,
    0xb7, 0xb5, 0xb7, 0xb5, 0x96, 0xb5, 0x96, 0xb5, 0x96, 0xb5, 0xb7, 0xb5,
    0xb7, 0xbd, 0xb7, 0xbd, 0xb7, 0xb5, 0x96, 0xb5, 0x96, 0xb5, 0x76, 0xb5,
    0x76, 0xb5, 0x55, 0xb5, 0x55, 0xad, 0x55, 0xad, 0x35, 0xad, 0x14, 0xad,
    0x14, 0xad, 0x14, 0xa5, 0xf4, 0xa4, 0xd3, 0xa4, 0xb3, 0x9c, 0xb3, 0x9c,
    0x92, 0x9c, 0x92, 0x94, 0x72, 0x94, 0x72, 0x8c, 0x51, 0x8c, 0x51, 0x8c,
    0x31, 0x84, 0x31, 0x84, 0x10, 0x84, 0xf0, 0x7b, 0xcf, 0x7b, 0xaf, 0x73,
    0xaf, 0x73, 0x8e, 0x73, 0x6e, 0x6b, 0x6e, 0x6b, 0x4d, 0x6b, 0x4d, 0x63,
    0x0c, 0x63, 0xec, 0x5a, 0xab, 0x52, 0x49, 0x4a, 0xa7, 0x31, 0xe4, 0x20,
    0x41, 0x08, 0x20, 0x00, 0x00, 0x00, 0x00, 0x00, 0x20, 0x00, 0x21, 0x08,
    0x62, 0x10, 0xc3, 0x18, 0x45, 0x29, 0xa7, 0x31, 0xc7, 0x39, 0xc7, 0x39,
    0xc7, 0x39, 0xc7, 0x39, 0xc7, 0x39, 0xe7, 0x39, 0xe7, 0x39, 0xc7, 0x39,
    0xe8, 0x39, 0xe8, 0x41, 0xe7, 0x39, 0xe8, 0x39, 0xe8, 0x39, 0x08, 0x42,
    0xd7, 0xbd, 0xd7, 0xbd, 0xb7, 0xb5, 0x97, 0xb5, 0x96, 0xad, 0x55, 0xad,
    0x35, 0xa5, 0x14, 0x9d, 0xb3, 0x94, 0x72, 0x94, 0x72, 0x8c, 0x52, 0x8c,
    0x52, 0x8c, 0x72, 0x8c, 0xb3, 0x94, 0xd3, 0x9c, 0xf4, 0x9c, 0x35, 0xa5,
    0x55, 0xad, 0x76, 0xad, 0x97, 0xb5, 0xb7, 0xb5, 0xb7, 0xb5, 0xb7, 0xb5,
    0xb7, 0xb5, 0xb7, 0xb5, 0xb7, 0xb5, 0x97, 0xb5, 0x97, 0xb5, 0x96, 0xb5,
    0x76, 0xb5, 0x76, 0xad, 0x76, 0xad, 0x76, 0xad, 0x76, 0xad, 0x96, 0xb5,
    0x96, 0xb5, 0x96, 0xb5, 0x96, 0xb5, 0x96, 0xb5, 0xb7, 0xbd, 0xb7, 0xbd,
    0x96, 0xb5, 0x97, 0xbd, 0xb7, 0xbd, 0xb6, 0xb5, 0xb7, 0xbd, 0xb7, 0xbd,
    0xd7, 0xbd, 0xd7, 0xbd, 0xd8, 0xbd, 0xf8, 0xbd, 0xd7, 0xbd, 0xd7, 0xbd,
    0xb7, 0xb5, 0xb7, 0xb5, 0x96, 0xb5, 0xb7, 0xb5, 0x97, 0xb5, 0x96, 0xb5,
    0x76, 0xad, 0x56, 0xad, 0x55, 0xad, 0x56, 0xad, 0x96, 0xad, 0x96, 0xad,
    0x56, 0xad, 0x56, 0xa5, 0x55, 0xa5, 0x35, 0xa5, 0x35, 0xa5, 0x56, 0xa5,
    0x55, 0xa5, 0x36, 0xa5, 0x56, 0xa5, 0x76, 0xa5, 0x96, 0xad, 0x96, 0xb5,
    0x97, 0xb5, 0xb7, 0xb5, 0xd7, 0xbd, 0xd7, 0xbd, 0xd7, 0xbd, 0xd8, 0xbd,
    0xd8, 0xbd, 0xb7, 0xbd, 0xb7, 0xb5, 0xb7, 0xbd, 0x97, 0xbd, 0x96, 0xb5,
    0x96, 0xb5, 0x97, 0xb5, 0x96, 0xb5, 0x96, 0xb5, 0x97, 0xb5, 0xb7, 0xb5,
    0xb7, 0xbd, 0xd7, 0xb5, 0xd7, 0xbd, 0xd8, 0xbd, 0xf8, 0xbd, 0xf8, 0xbd,
    0xf8, 0xc5, 0xf8, 0xc5, 0xf7, 0xbd, 0xd7, 0xbd, 0xb7, 0xb5, 0xb7, 0xb5,
    0xb7, 0xb5, 0x97, 0xb5, 0x96, 0xb5, 0x96, 0xb5, 0x97, 0xb5, 0xd7, 0xb5,
    0xb7, 0xbd, 0xb7, 0xb5, 0x97, 0xb5, 0x96, 0xb5, 0x96, 0xb5, 0x76, 0xb5,
    0x55, 0xb5, 0x55, 0xad, 0x35, 0xad, 0x14, 0xad, 0x14, 0xad, 0x14, 0xa5,
    0xf3, 0xa4, 0xf3, 0xa4, 0xd3, 0x9c, 0xb3, 0x9c, 0x92, 0x9c, 0x92, 0x94,
    0x72, 0x94, 0x72, 0x8c, 0x51, 0x8c, 0x51, 0x8c, 0x31, 0x84, 0x30, 0x84,
    0x10, 0x84, 0xf0, 0x7b, 0xcf, 0x7b, 0xcf, 0x7b, 0xaf, 0x73, 0x8e, 0x73,
    0x8e, 0x6b, 0x6e, 0x6b, 0x4d, 0x6b, 0x2d, 0x63, 0x0c, 0x63, 0xec, 0x5a,
    0xab, 0x52, 0x49, 0x4a, 0xa7, 0x31, 0xe4, 0x20, 0x41, 0x08, 0x20, 0x00,
    0x00, 0x00, 0x00, 0x00, 0x20, 0x00, 0x21, 0x08, 0x62, 0x10, 0xe4, 0x18,
    0x45, 0x29, 0xa6, 0x31, 0xc7, 0x39, 0xc7, 0x39, 0xc7, 0x39, 0xc8, 0x39,
    0xc8, 0x39, 0xc7, 0x39, 0xc8, 0x39, 0xc7, 0x39, 0xe8, 0x39, 0xc8, 0x39,
    0xe8, 0x39, 0xe8, 0x41, 0xe8, 0x39, 0xe8, 0x41, 0xe8, 0x41, 0xe8, 0x39,
    0xd7, 0xbd, 0xb7, 0xb5, 0x96, 0xb5, 0x76, 0xad, 0x75, 0xad, 0x35, 0xa5,
    0xf4, 0x9c, 0xb3, 0x94, 0x92, 0x94, 0x72, 0x8c, 0x51, 0x8c, 0x52, 0x8c,
    0x92, 0x94, 0xb3, 0x94, 0xd3, 0x9c, 0xf4, 0x9c, 0x14, 0xa5, 0x35, 0xa5,
    0x56, 0xad, 0x76, 0xad, 0x96, 0xb5, 0x96, 0xb5, 0x96, 0xb5, 0x96, 0xb5,
    0x96, 0xb5, 0x97, 0xb5, 0x96, 0xb5, 0x96, 0xb5, 0x97, 0xb5, 0x76, 0xad,
    0x56, 0xad, 0x35, 0xad, 0x55, 0xad, 0x55, 0xad, 0x56, 0xad, 0x56, 0xad,
    0x76, 0xad, 0x76, 0xad, 0x76, 0xad, 0x76, 0xb5, 0x96, 0xb5, 0xb7, 0xbd,
    0xb7, 0xb5, 0xb7, 0xb5, 0xb7, 0xbd, 0xb7, 0xbd, 0xb7, 0xb5, 0xd7, 0xbd,
    0xd7, 0xbd, 0xd7, 0xbd, 0xd8, 0xbd, 0xf8, 0xbd, 0xf8, 0xbd, 0xd7, 0xbd,
    0xd7, 0xbd, 0xb7, 0xb5, 0xb7, 0xb5, 0xb7, 0xb5, 0xb7, 0xb5, 0x97, 0xb5,
    0x76, 0xad, 0x76, 0xad, 0x76, 0xad, 0x76, 0xad, 0x96, 0xb5, 0x96, 0xad,
    0x56, 0xad, 0x36, 0xa5, 0x35, 0xa5, 0x35, 0xa5, 0x35, 0xa5, 0x35, 0xa5,
    0x35, 0xa5, 0x35, 0xa5, 0x55, 0xa5, 0x56, 0xad, 0x76, 0xad, 0x97, 0xb5,
    0xb7, 0xb5, 0xb7, 0xb5, 0xd7, 0xbd, 0xd7, 0xb5, 0xd8, 0xbd, 0xd7, 0xbd,
    0xd7, 0xbd, 0xd7, 0xbd, 0xb7, 0xb5, 0xb7, 0xb5, 0xb7, 0xb5, 0x96, 0xb5,
    0x96, 0xb5, 0x97, 0xb5, 0x97, 0xb5, 0xb7, 0xbd, 0xb7, 0xb5, 0xb7, 0xbd,
    0xb7, 0xbd, 0xd7, 0xbd, 0xf8, 0xbd, 0xf8, 0xbd, 0xf8, 0xbd, 0xf8, 0xbd,
    0xf8, 0xc5, 0xf8, 0xc5, 0xf7, 0xbd, 0xd7, 0xbd, 0xb7, 0xbd, 0xb7, 0xb5,
    0x96, 0xb5, 0x76, 0xad, 0x76, 0xad, 0x76, 0xad, 0x76, 0xad, 0x76, 0xb5,
    0x76, 0xad, 0x55, 0xad, 0x76, 0xad, 0x96, 0xb5, 0x76, 0xb5, 0x55, 0xad,
    0x55, 0xad, 0x35, 0xad, 0x14, 0xad, 0x14, 0xa5, 0xf4, 0xa4, 0xd3, 0xa4,
    0xd3, 0x9c, 0x92, 0x9c, 0x92, 0x9c, 0x72, 0x94, 0x71, 0x94, 0x51, 0x8c,
    0x31, 0x84, 0x10, 0x84, 0x11, 0x84, 0x31, 0x84, 0x10, 0x7c, 0xf0, 0x7b,
    0xcf, 0x7b, 0xcf, 0x73, 0xaf, 0x73, 0x8e, 0x73, 0x8e, 0x73, 0x6e, 0x6b,
    0x4d, 0x6b, 0x2d, 0x63, 0x0c, 0x63, 0xec, 0x5a, 0x8a, 0x52, 0x49, 0x4a,
    0xa7, 0x39, 0xe4, 0x20, 0x61, 0x08, 0x00, 0x00, 0x00, 0x00, 0x20, 0x00,
    0x00, 0x00, 0x21, 0x08, 0x62, 0x10, 0xe3, 0x18, 0x45, 0x29, 0xa6, 0x31,
    0xa7, 0x39, 0xc7, 0x39, 0xc7, 0x39, 0xc7, 0x39, 0xc7, 0x39, 0xc7, 0x39,
    0xc7, 0x39, 0xc7, 0x39, 0xc8, 0x39, 0xc8, 0x39, 0xe8, 0x39, 0xc8, 0x39,
    0xc7, 0x39, 0xe7, 0x39, 0xe8, 0x41, 0xc8, 0x39, 0x66, 0x31, 0xc3, 0x18,
    0xb7, 0xb5, 0x96, 0xb5, 0x76, 0xad, 0x56, 0xad, 0x15, 0xa5, 0xf4, 0x9c,
    0xb3, 0x94, 0x72, 0x8c, 0x72, 0x8c, 0x72, 0x8c, 0x72, 0x8c, 0x92, 0x94,
    0xd3, 0x94, 0xd4, 0x9c, 0xf4, 0x9c, 0x14, 0xa5, 0x35, 0xa5, 0x35, 0xa5,
    0x55, 0xad, 0x56, 0xad, 0x55, 0xad, 0x56, 0xad, 0x76, 0xad, 0x76, 0xad,
    0x76, 0xad, 0x76, 0xb5, 0x76, 0xb5, 0x96, 0xb5, 0x96, 0xb5, 0x76, 0xad,
    0x76, 0xad, 0x56, 0xad, 0x56, 0xad, 0x55, 0xad, 0x56, 0xad, 0x55, 0xad,
    0x76, 0xad, 0x56, 0xad, 0x76, 0xad, 0x96, 0xb5, 0xb7, 0xb5, 0xd7, 0xbd,
    0xd7, 0xbd, 0xb7, 0xb5, 0xb7, 0xb5, 0xb7, 0xb5, 0xd7, 0xbd, 0xd7, 0xbd,
    0xd8, 0xbd, 0xd8, 0xbd, 0xd7, 0xbd, 0xf7, 0xbd, 0xf8, 0xbd, 0xf8, 0xbd,
    0xd7, 0xbd, 0xd7, 0xbd, 0xd8, 0xbd, 0xd7, 0xbd, 0xd7, 0xbd, 0xd7, 0xbd,
    0xb7, 0xb5, 0xb7, 0xb5, 0x97, 0xb5, 0x96, 0xb5, 0x97, 0xb5, 0x96, 0xad,
    0x76, 0xad, 0x36, 0xa5, 0x35, 0xa5, 0x35, 0xa5, 0x35, 0x9d, 0x35, 0xa5,
    0x56, 0xa5, 0x56, 0xa5, 0x55, 0xa5, 0x76, 0xad, 0x76, 0xad, 0x97, 0xb5,
    0xb7, 0xb5, 0xb7, 0xb5, 0xd7, 0xbd, 0xd8, 0xbd, 0xd7, 0xbd, 0xd8, 0xbd,
    0xd7, 0xbd, 0xd7, 0xbd, 0xd7, 0xbd, 0xb7, 0xb5, 0xb7, 0xb5, 0x97, 0xb5,
    0x97, 0xb5, 0x96, 0xb5, 0xb7, 0xb5, 0xb7, 0xb5, 0xb7, 0xbd, 0xb7, 0xb5,
    0xb7, 0xbd, 0xd7, 0xbd, 0xf8, 0xbd, 0xf8, 0xbd, 0xf8, 0xc5, 0xf7, 0xc5,
    0xf8, 0xbd, 0xf8, 0xbd, 0xf8, 0xbd, 0xf8, 0xbd, 0xd8, 0xbd, 0xd7, 0xbd,
    0x96, 0xb5, 0x76, 0xad, 0x56, 0xad, 0x55, 0xad, 0x35, 0xa5, 0x35, 0xa5,
    0x14, 0xa5, 0x35, 0xa5, 0x55, 0xad, 0x56, 0xad, 0x56, 0xad, 0x55, 0xad,
    0x35, 0xad, 0x14, 0xa5, 0xf4, 0xa4, 0xf3, 0xa4, 0xd3, 0x9c, 0xb3, 0x9c,
    0x92, 0x94, 0x51, 0x94, 0x31, 0x8c, 0x31, 0x8c, 0x30, 0x84, 0x10, 0x84,
    0xf0, 0x7b, 0xcf, 0x7b, 0xcf, 0x7b, 0xf0, 0x7b, 0xcf, 0x7b, 0xaf, 0x73,
    0xaf, 0x73, 0x8e, 0x73, 0x8e, 0x6b, 0x6e, 0x6b, 0x4d, 0x6b, 0x2d, 0x63,
    0x0c, 0x63, 0xec, 0x5a, 0x8a, 0x52, 0x49, 0x4a, 0xa7, 0x31, 0xe4, 0x20,
    0x61, 0x08, 0x20, 0x00, 0x00, 0x00, 0x00, 0x00, 0x21, 0x00, 0x21, 0x08,
    0x62, 0x10, 0xc3, 0x18, 0x45, 0x29, 0x86, 0x31, 0xa7, 0x31, 0xa7, 0x39,
    0xa7, 0x31, 0xa7, 0x39, 0xc7, 0x39, 0xa7, 0x39, 0xc7, 0x39, 0xc7, 0x39,
    0xc7, 0x39, 0xc7, 0x39, 0xc7, 0x39, 0xc7, 0x39, 0xc7, 0x39, 0xe7, 0x39,
    0xe8, 0x39, 0xc7, 0x39, 0x66, 0x29, 0xc3, 0x18, 0x41, 0x08, 0x41, 0x08,
    0x96, 0xb5, 0x76, 0xad, 0x55, 0xad, 0x14, 0xa5, 0xd3, 0x9c, 0x93, 0x94,
    0x92, 0x8c, 0x72, 0x8c, 0x72, 0x8c, 0x92, 0x94, 0xb3, 0x94, 0xd3, 0x9c,
    0xf4, 0x9c, 0xf4, 0xa4, 0x14, 0xa5, 0x35, 0xa5, 0x35, 0xa5, 0x35, 0xad,
    0x35, 0xa5, 0x14, 0xa5, 0xf4, 0x9c, 0x14, 0x9d, 0x14, 0xa5, 0x15, 0xa5,
    0x35, 0xa5, 0x55, 0xad, 0x56, 0xad, 0x76, 0xad, 0x96, 0xb5, 0x76, 0xb5,
    0x96, 0xb5, 0x76, 0xad, 0x55, 0xad, 0x56, 0xad, 0x56, 0xad, 0x76, 0xad,
    0x76, 0xb5, 0x76, 0xb5, 0x96, 0xb5, 0xb7, 0xb5, 0xb7, 0xbd, 0xd7, 0xbd,
    0xd7, 0xbd, 0xd7, 0xbd, 0xd8, 0xbd, 0xd7, 0xbd, 0xd7, 0xbd, 0xd7, 0xbd,
    0xd8, 0xbd, 0xd8, 0xbd, 0xd8, 0xbd, 0xd8, 0xbd, 0xf8, 0xbd, 0xf8, 0xbd,
    0xd7, 0xbd, 0xb7, 0xbd, 0xb7, 0xb5, 0xb7, 0xb5, 0xb7, 0xbd, 0xb7, 0xb5,
    0xb7, 0xb5, 0x96, 0xb5, 0x76, 0xad, 0x76, 0xad, 0x76, 0xad, 0x76, 0xad,
    0x76, 0xad, 0x55, 0xa5, 0x35, 0xa5, 0x35, 0xa5, 0x35, 0xa5, 0x35, 0xa5,
    0x56, 0xa5, 0x56, 0xa5, 0x56, 0xa5, 0x76, 0xad, 0x96, 0xad, 0xb7, 0xb5,
    0xb7, 0xb5, 0xb7, 0xbd, 0xd8, 0xbd, 0xd7, 0xbd, 0xf8, 0xbd, 0xf8, 0xbd,
    0xd8, 0xbd, 0xd7, 0xbd, 0xd8, 0xbd, 0xb7, 0xbd, 0xb7, 0xb5, 0xb7, 0xb5,
    0x97, 0xbd, 0xb6, 0xb5, 0xb7, 0xb5, 0xb7, 0xb5, 0xb7, 0xb5, 0xd7, 0xbd,
    0xd7, 0xbd, 0xd7, 0xbd, 0xd8, 0xbd, 0xf8, 0xbd, 0xf8, 0xbd, 0xf8, 0xc5,
    0xf8, 0xbd, 0xf8, 0xc5, 0xf8, 0xbd, 0xd7, 0xbd, 0xb7, 0xbd, 0xb7, 0xb5,
    0x96, 0xb5, 0x96, 0xb5, 0x56, 0xad, 0x35, 0xad, 0x35, 0xa5, 0x35, 0xa5,
    0x35, 0xad, 0x55, 0xad, 0x55, 0xad, 0x35, 0xad, 0x55, 0xad, 0x35, 0xad,
    0x14, 0xa5, 0xf4, 0xa4, 0xd3, 0xa4, 0xd3, 0x9c, 0x92, 0x9c, 0x92, 0x94,
    0x72, 0x94, 0x51, 0x8c, 0x31, 0x84, 0x30, 0x84, 0xf0, 0x7b, 0xd0, 0x7b,
    0xcf, 0x73, 0x8e, 0x73, 0x8e, 0x73, 0xaf, 0x73, 0xaf, 0x73, 0x8e, 0x73,
    0x8e, 0x73, 0x6e, 0x6b, 0x4d, 0x6b, 0x4d, 0x6b, 0x0d, 0x63, 0xec, 0x5a,
    0x8a, 0x52, 0x49, 0x4a, 0xa7, 0x39, 0xe4, 0x20, 0x62, 0x08, 0x20, 0x00,
    0x00, 0x00, 0x00, 0x00, 0x20, 0x00, 0x41, 0x08, 0x82, 0x10, 0xe3, 0x18,
    0x45, 0x29, 0x86, 0x31, 0xa7, 0x31, 0xa7, 0x31, 0xa7, 0x39, 0xa7, 0x39,
    0xa7, 0x39, 0xa7, 0x31, 0xa7, 0x31, 0xc7, 0x39, 0xc7, 0x31, 0xc7, 0x31,
    0xc7, 0x39, 0xc7, 0x39, 0xc8, 0x39, 0xc7, 0x39, 0xc7, 0x39, 0xa7, 0x39,
    0x45, 0x29, 0xa3, 0x10, 0x41, 0x08, 0x41, 0x08, 0x41, 0x08, 0x41, 0x08,
    0x56, 0xad, 0x35, 0xa5, 0x14, 0xa5, 0xb3, 0x94, 0x93, 0x94, 0x92, 0x8c,
    0x72, 0x8c, 0x72, 0x94, 0x93, 0x94, 0xb3, 0x94, 0xd3, 0x9c, 0xf4, 0x9c,
    0x15, 0xa5, 0x15, 0xa5, 0x35, 0xa5, 0x55, 0xad, 0x35, 0xa5, 0x14, 0xa5,
    0xf4, 0x9c, 0xb3, 0x94, 0x92, 0x94, 0x92, 0x94, 0xb3, 0x94, 0xd4, 0x9c,
    0xf4, 0xa4, 0x15, 0xa5, 0x35, 0xa5, 0x55, 0xad, 0x76, 0xad, 0x76, 0xad,
    0x76, 0xb5, 0x56, 0xad, 0x55, 0xad, 0x55, 0xad, 0x56, 0xad, 0x76, 0xad,
    0x76, 0xad, 0x76, 0xad, 0x96, 0xb5, 0x96, 0xb5, 0x97, 0xb5, 0xb7, 0xb5,
    0xd8, 0xbd, 0xd7, 0xbd, 0xd7, 0xbd, 0xd8, 0xbd, 0xd8, 0xbd, 0xd8, 0xbd,
    0xd7, 0xbd, 0xd7, 0xbd, 0xd7, 0xbd, 0xd7, 0xbd, 0xf8, 0xbd, 0xd8, 0xbd,
    0xb7, 0xbd, 0xb7, 0xb5, 0x96, 0xb5, 0x96, 0xb5, 0xb7, 0xb5, 0x97, 0xb5,
    0x96, 0xb5, 0x76, 0xad, 0x55, 0xad, 0x56, 0xad, 0x76, 0xad, 0x76, 0xad,
    0x76, 0xad, 0x56, 0xad, 0x35, 0xa5, 0x35, 0xa5, 0x35, 0xa5, 0x35, 0xa5,
    0x35, 0xa5, 0x35, 0xa5, 0x56, 0xa5, 0x76, 0xad, 0x96, 0xb5, 0x97, 0xb5,
    0xb7, 0xb5, 0xd7, 0xbd, 0xd7, 0xbd, 0xd8, 0xbd, 0xf8, 0xbd, 0xf8, 0xbd,
    0xd7, 0xbd, 0xd7, 0xbd, 0xd7, 0xbd, 0xb7, 0xbd, 0xb7, 0xb5, 0xb7, 0xb5,
    0xb7, 0xb5, 0x97, 0xb5, 0xb7, 0xbd, 0xb7, 0xbd, 0xb7, 0xbd, 0xd7, 0xbd,
    0xd8, 0xbd, 0xf8, 0xbd, 0xf8, 0xbd, 0xf8, 0xbd, 0xf8, 0xc5, 0xf8, 0xbd,
    0xf8, 0xc5, 0xf8, 0xbd, 0xf7, 0xbd, 0xd7, 0xbd, 0xb7, 0xb5, 0x97, 0xb5,
    0x76, 0xb5, 0x76, 0xad, 0x55, 0xad, 0x35, 0xa5, 0x15, 0xa5, 0x35, 0xa5,
    0x35, 0xa5, 0x35, 0xa5, 0x35, 0xad, 0x35, 0xa5, 0x35, 0xa5, 0x35, 0xa5,
    0xf4, 0xa4, 0xd3, 0x9c, 0xd3, 0x9c, 0xb3, 0x9c, 0x92, 0x94, 0x72, 0x94,
    0x72, 0x8c, 0x31, 0x84, 0x10, 0x84, 0xf0, 0x7b, 0xcf, 0x7b, 0xaf, 0x73,
    0x8e, 0x73, 0x6e, 0x6b, 0x6e, 0x6b, 0x6e, 0x6b, 0x8e, 0x6b, 0x6e, 0x6b,
    0x4d, 0x6b, 0x2d, 0x6b, 0x2d, 0x63, 0xec, 0x5a, 0x8a, 0x52, 0x29, 0x42,
    0xa7, 0x39, 0x04, 0x21, 0x62, 0x08, 0x20, 0x00, 0x00, 0x00, 0x00, 0x00,
    0x21, 0x00, 0x41, 0x08, 0x82, 0x10, 0xe4, 0x20, 0x66, 0x29, 0xa7, 0x39,
    0xa7, 0x39, 0xa7, 0x39, 0xa7, 0x39, 0xa7, 0x39, 0xa7, 0x31, 0xa7, 0x31,
    0xa6, 0x31, 0xa6, 0x39, 0xc7, 0x39, 0xa7, 0x39, 0xc7, 0x39, 0xc7, 0x39,
    0xc7, 0x39, 0xc7, 0x39, 0xc8, 0x39, 0xa7, 0x31, 0x25, 0x21, 0xa3, 0x10,
    0x41, 0x08, 0x41, 0x08, 0x41, 0x08, 0x41, 0x08, 0x41, 0x08, 0x41, 0x08,
    0x35, 0xa5, 0xf4, 0x9c, 0xb3, 0x94, 0x92, 0x8c, 0x72, 0x8c, 0x72, 0x8c,
    0x72, 0x8c, 0xb3, 0x94, 0xb3, 0x9c, 0xd4, 0x9c, 0xf4, 0x9c, 0x14, 0xa5,
    0x35, 0xa5, 0x55, 0xa5, 0x55, 0xad, 0x35, 0xa5, 0x14, 0xa5, 0xf4, 0x9c,
    0xb2, 0x94, 0x72, 0x8c, 0x31, 0x84, 0x31, 0x8c, 0x72, 0x8c, 0xb2, 0x94,
    0xd3, 0x9c, 0xf4, 0x9c, 0x15, 0xa5, 0x35, 0xad, 0x56, 0xad, 0x76, 0xb5,
    0x76, 0xad, 0x76, 0xad, 0x56, 0xad, 0x55, 0xad, 0x56, 0xad, 0x76, 0xad,
    0x76, 0xad, 0x76, 0xb5, 0x76, 0xad, 0x96, 0xb5, 0xb7, 0xb5, 0xd7, 0xbd,
    0xd8, 0xbd, 0xd7, 0xbd, 0xd7, 0xbd, 0xd7, 0xbd, 0xd8, 0xbd, 0xd7, 0xbd,
    0xd7, 0xbd, 0xd8, 0xbd, 0xd7, 0xbd, 0xb7, 0xbd, 0xd7, 0xbd, 0xd7, 0xbd,
    0xd7, 0xbd, 0xd7, 0xbd, 0xb7, 0xbd, 0xb7, 0xbd, 0xb7, 0xbd, 0xb7, 0xb5,
    0xb7, 0xb5, 0x97, 0xb5, 0x96, 0xb5, 0x97, 0xb5, 0x97, 0xb5, 0x96, 0xad,
    0x76, 0xad, 0x56, 0xad, 0x55, 0xa5, 0x35, 0xa5, 0x15, 0x9d, 0x15, 0x9d,
    0x15, 0xa5, 0x35, 0xa5, 0x55, 0xa5, 0x56, 0xad, 0x76, 0xad, 0x97, 0xb5,
    0xb7, 0xb5, 0xb7, 0xb5, 0xd7, 0xbd, 0xf8, 0xbd, 0xf8, 0xbd, 0xf8, 0xbd,
    0xd7, 0xbd, 0xd8, 0xbd, 0xd7, 0xbd, 0xd7, 0xbd, 0xb7, 0xb5, 0xb7, 0xb5,
    0xb7, 0xb5, 0xb7, 0xb5, 0xb7, 0xb5, 0xb7, 0xbd, 0xd7, 0xbd, 0xd8, 0xbd,
    0xd8, 0xbd, 0xf8, 0xbd, 0xf8, 0xbd, 0xf8, 0xc5, 0xf8, 0xbd, 0xf8, 0xbd,
    0xf8, 0xbd, 0xd7, 0xbd, 0xf8, 0xbd, 0xd7, 0xbd, 0xb7, 0xb5, 0x76, 0xb5,
    0x76, 0xad, 0x55, 0xad, 0x35, 0xa5, 0x15, 0xa5, 0x14, 0xa5, 0xf4, 0x9c,
    0xf4, 0xa4, 0x14, 0xa5, 0x35, 0xa5, 0x34, 0xa5, 0x14, 0xa5, 0x14, 0xa5,
    0xf4, 0x9c, 0xd3, 0x9c, 0xb3, 0x94, 0x93, 0x94, 0x92, 0x8c, 0x72, 0x8c,
    0x51, 0x8c, 0x30, 0x84, 0xcf, 0x7b, 0xaf, 0x73, 0xae, 0x73, 0x6e, 0x6b,
    0x4e, 0x6b, 0x4d, 0x6b, 0x2d, 0x63, 0x2d, 0x6b, 0x4d, 0x6b, 0x2d, 0x63,
    0x0c, 0x63, 0xec, 0x5a, 0x8a, 0x52, 0x49, 0x4a, 0xa7, 0x31, 0x04, 0x21,
    0x61, 0x08, 0x00, 0x00, 0x00, 0x00, 0x20, 0x00, 0x20, 0x08, 0x41, 0x08,
    0x82, 0x10, 0xe4, 0x20, 0x46, 0x29, 0xa7, 0x39, 0xc7, 0x39, 0xc7, 0x39,
    0xc7, 0x39, 0xc7, 0x39, 0xa7, 0x39, 0xa7, 0x31, 0xc7, 0x39, 0xa7, 0x39,
    0xc7, 0x31, 0xa7, 0x39, 0xa6, 0x39, 0xa7, 0x31, 0xc7, 0x39, 0xa7, 0x39,
    0xa7, 0x31, 0x86, 0x31, 0x04, 0x21, 0x82, 0x10, 0x41, 0x08, 0x41, 0x08,
    0x41, 0x08, 0x41, 0x08, 0x41, 0x08, 0x41, 0x08, 0x42, 0x08, 0x41, 0x08,
    0xd3, 0x9c, 0xb3, 0x94, 0x92, 0x8c, 0x72, 0x8c, 0x72, 0x94, 0x93, 0x94,
    0xb3, 0x94, 0xd3, 0x9c, 0xf4, 0x9c, 0x14, 0x9d, 0x14, 0xa5, 0x35, 0xa5,
    0x55, 0xad, 0x56, 0xad, 0x35, 0xa5, 0x14, 0xa5, 0xd4, 0x9c, 0xb3, 0x94,
    0x72, 0x8c, 0x30, 0x84, 0xd0, 0x7b, 0xf0, 0x7b, 0x31, 0x84, 0x52, 0x8c,
    0xb3, 0x94, 0xd3, 0x9c, 0xf4, 0xa4, 0x35, 0xa5, 0x55, 0xad, 0x76, 0xad,
    0x76, 0xb5, 0x76, 0xb5, 0x76, 0xad, 0x56, 0xad, 0x76, 0xad, 0x76, 0xad,
    0x76, 0xb5, 0x76, 0xb5, 0x96, 0xb5, 0x97, 0xb5, 0xb7, 0xb5, 0xb7, 0xb5,
    0xd7, 0xbd, 0xd8, 0xbd, 0xd8, 0xbd, 0xd8, 0xbd, 0xd7, 0xbd, 0xd7, 0xbd,
    0xd7, 0xbd, 0xd7, 0xbd, 0xb7, 0xbd, 0xb7, 0xbd, 0xb7, 0xbd, 0xd7, 0xbd,
    0xd7, 0xbd, 0xd7, 0xbd, 0xb7, 0xbd, 0xb7, 0xb5, 0xb7, 0xbd, 0xb7, 0xbd,
    0xd7, 0xbd, 0xb7, 0xb5, 0x97, 0xb5, 0x96, 0xb5, 0x76, 0xad, 0x76, 0xad,
    0x76, 0xad, 0x56, 0xad, 0x35, 0xa5, 0x15, 0x9d, 0xf4, 0x9c, 0xf4, 0x9c,
    0xf4, 0x9c, 0x14, 0x9d, 0x35, 0xa5, 0x56, 0xad, 0x76, 0xad, 0x96, 0xad,
    0xb7, 0xb5, 0xb7, 0xbd, 0xd8, 0xbd, 0xf8, 0xbd, 0xf8, 0xbd, 0xf8, 0xbd,
    0xd8, 0xbd, 0xd7, 0xbd, 0xd8, 0xbd, 0xd7, 0xbd, 0xd7, 0xbd, 0xd7, 0xbd,
    0xd7, 0xbd, 0xd8, 0xbd, 0xf8, 0xbd, 0xf8, 0xbd, 0x18, 0xc6, 0x18, 0xc6,
    0x18, 0xc6, 0xf8, 0xc5, 0x18, 0xc6, 0xf8, 0xbd, 0xf8, 0xc5, 0xf8, 0xbd,
    0xf7, 0xbd, 0xd8, 0xbd, 0xd7, 0xbd, 0xd7, 0xbd, 0x97, 0xb5, 0x76, 0xad,
    0x55, 0xad, 0x35, 0xa5, 0x35, 0xa5, 0x14, 0xa5, 0xf4, 0x9c, 0xf4, 0x9c,
    0x14, 0xa5, 0x35, 0xa5, 0x15, 0xa5, 0x14, 0xa5, 0xf4, 0x9c, 0xd4, 0x9c,
    0xd3, 0x9c, 0xb3, 0x94, 0x92, 0x94, 0x72, 0x8c, 0x51, 0x8c, 0x31, 0x84,
    0x10, 0x84, 0xf0, 0x7b, 0xaf, 0x73, 0x6e, 0x73, 0x6e, 0x6b, 0x4d, 0x6b,
    0x2d, 0x63, 0x0c, 0x63, 0x0c, 0x5b, 0x0c, 0x63, 0x0c, 0x63, 0xec, 0x5a,
    0x8a, 0x52, 0x49, 0x4a, 0xc7, 0x39, 0x04, 0x21, 0x62, 0x10, 0x20, 0x00,
    0x00, 0x00, 0x20, 0x00, 0x21, 0x08, 0x41, 0x08, 0x82, 0x10, 0xe4, 0x20,
    0x45, 0x29, 0xa7, 0x39, 0xc7, 0x39, 0xc7, 0x39, 0xc7, 0x39, 0xc7, 0x39,
    0xc8, 0x39, 0xc7, 0x39, 0xa7, 0x39, 0xa7, 0x39, 0xa7, 0x31, 0xa7, 0x39,
    0xa7, 0x39, 0xc7, 0x31, 0xa7, 0x31, 0xa7, 0x39, 0xc6, 0x31, 0x86, 0x31,
    0x04, 0x21, 0x62, 0x08, 0x41, 0x08, 0x41, 0x08, 0x41, 0x08, 0x41, 0x08,
    0x41, 0x08, 0x41, 0x08, 0x41, 0x08, 0x41, 0x08, 0x41, 0x08, 0x41, 0x08,
    0x93, 0x94, 0x92, 0x94, 0x92, 0x94, 0x92, 0x94, 0xb3, 0x94, 0xd3, 0x9c,
    0xf4, 0x9c, 0x14, 0xa5, 0x14, 0xa5, 0x35, 0xa5, 0x35, 0xad, 0x55, 0xad,
    0x55, 0xad, 0x35, 0xa5, 0x14, 0xa5, 0xd3, 0x9c, 0xb3, 0x94, 0x72, 0x8c,
    0x31, 0x84, 0xf0, 0x7b, 0xae, 0x73, 0x8f, 0x73, 0xd0, 0x7b, 0x31, 0x84,
    0x72, 0x94, 0xb3, 0x94, 0xd4, 0x9c, 0x14, 0xa5, 0x35, 0xa5, 0x56, 0xad,
    0x76, 0xad, 0x56, 0xad, 0x55, 0xad, 0x35, 0xad, 0x55, 0xad, 0x76, 0xad,
    0x76, 0xad, 0x76, 0xb5, 0x96, 0xb5, 0x96, 0xb5, 0xb7, 0xb5, 0xb7, 0xbd,
    0xd7, 0xbd, 0xd8, 0xbd, 0xd8, 0xbd, 0xd7, 0xbd, 0xd7, 0xbd, 0xd7, 0xbd,
    0xd7, 0xbd, 0xd7, 0xbd, 0xd7, 0xbd, 0xd7, 0xbd, 0xd7, 0xbd, 0xb7, 0xbd,
    0xb7, 0xbd, 0x96, 0xbd, 0x96, 0xb5, 0x96, 0xb5, 0xb7, 0xb5, 0xb7, 0xb5,
    0xb7, 0xb5, 0xb7, 0xb5, 0x96, 0xb5, 0x76, 0xb5, 0x76, 0xad, 0x97, 0xb5,
    0x96, 0xb5, 0x76, 0xad, 0x55, 0xa5, 0x15, 0xa5, 0xf4, 0x9c, 0xb3, 0x94,
    0xd4, 0x94, 0x14, 0x9d, 0x35, 0xa5, 0x56, 0xad, 0x76, 0xad, 0x96, 0xb5,
    0xb7, 0xb5, 0xd8, 0xbd, 0xf8, 0xbd, 0x18, 0xbe, 0xf8, 0xbd, 0xf8, 0xc5,
    0x18, 0xc6, 0x18, 0xc6, 0x18, 0xc6, 0x19, 0xc6, 0x19, 0xc6, 0x19, 0xc6,
    0x18, 0xc6, 0x19, 0xc6, 0x18, 0xc6, 0x18, 0xc6, 0xf8, 0xc5, 0x18, 0xbe,
    0xf8, 0xbd, 0xf8, 0xbd, 0xf8, 0xbd, 0xf8, 0xc5, 0xf8, 0xbd, 0xf8, 0xbd,
    0xd8, 0xbd, 0xd7, 0xbd, 0xb7, 0xbd, 0xb7, 0xb5, 0xb7, 0xb5, 0x96, 0xb5,
    0x76, 0xad, 0x56, 0xad, 0x55, 0xad, 0x35, 0xad, 0x35, 0xa5, 0x15, 0xa5,
    0x14, 0xa5, 0xf4, 0x9c, 0xd4, 0x9c, 0xf4, 0x9c, 0xd3, 0x9c, 0xb3, 0x94,
    0x92, 0x94, 0x72, 0x8c, 0x51, 0x8c, 0x31, 0x84, 0x10, 0x84, 0xf0, 0x7b,
    0xcf, 0x7b, 0xcf, 0x7b, 0x8e, 0x6b, 0x4d, 0x6b, 0x2d, 0x63, 0x2c, 0x63,
    0x0c, 0x63, 0xec, 0x5a, 0xcb, 0x5a, 0xab, 0x52, 0x6a, 0x52, 0x29, 0x42,
    0xc7, 0x39, 0x25, 0x21, 0x62, 0x10, 0x20, 0x00, 0x00, 0x00, 0x00, 0x00,
    0x21, 0x08, 0x41, 0x08, 0x82, 0x10, 0xe4, 0x20, 0x66, 0x29, 0xa7, 0x39,
    0xc7, 0x39, 0xc7, 0x39, 0xc7, 0x39, 0xc7, 0x39, 0xc7, 0x39, 0xc7, 0x39,
    0xc7, 0x39, 0xc7, 0x39, 0xc7, 0x39, 0xa7, 0x39, 0xc7, 0x39, 0xa7, 0x31,
    0xa7, 0x39, 0xa7, 0x39, 0xa7, 0x31, 0x66, 0x29, 0xe4, 0x20, 0x62, 0x10,
    0x41, 0x08, 0x41, 0x08, 0x41, 0x08, 0x41, 0x08, 0x41, 0x08, 0x41, 0x08,
    0x41, 0x08, 0x41, 0x08, 0x42, 0x08, 0x41, 0x08, 0x41, 0x08, 0x41, 0x08,
    0x92, 0x94, 0x93, 0x94, 0xb3, 0x94, 0xd3, 0x9c, 0xd4, 0x9c, 0xf4, 0x9c,
    0x15, 0xa5, 0x35, 0xa5, 0x55, 0xa5, 0x56, 0xad, 0x76, 0xad, 0x55, 0xad,
    0x35, 0xa5, 0x14, 0xa5, 0xd3, 0x9c, 0xb2, 0x94, 0x52, 0x8c, 0x31, 0x84,
    0x10, 0x7c, 0xcf, 0x7b, 0x6e, 0x6b, 0x4d, 0x6b, 0x8e, 0x73, 0xf0, 0x7b,
    0x51, 0x8c, 0x72, 0x94, 0xb3, 0x94, 0xf4, 0x9c, 0x15, 0xa5, 0x35, 0xad,
    0x76, 0xad, 0x76, 0xad, 0x56, 0xad, 0x55, 0xad, 0x56, 0xad, 0x56, 0xad,
    0x55, 0xad, 0x76, 0xad, 0x76, 0xad, 0x76, 0xb5, 0x96, 0xb5, 0xb7, 0xb5,
    0xd7, 0xbd, 0xd7, 0xbd, 0xd7, 0xbd, 0xd7, 0xbd, 0xd7, 0xbd, 0xb7, 0xbd,
    0xd7, 0xbd, 0xb7, 0xbd, 0xb7, 0xbd, 0xb7, 0xbd, 0xb7, 0xbd, 0xd7, 0xbd,
    0xb7, 0xbd, 0xb7, 0xbd, 0xb7, 0xbd, 0xb6, 0xb5, 0xb7, 0xbd, 0xb7, 0xbd,
    0xd7, 0xbd, 0xd7, 0xbd, 0xd7, 0xbd, 0xd7, 0xbd, 0xd7, 0xbd, 0xb7, 0xb5,
    0xb7, 0xb5, 0x96, 0xb5, 0x76, 0xad, 0x55, 0xa5, 0x15, 0xa5, 0xf4, 0x9c,
    0x14, 0x9d, 0x15, 0xa5, 0x55, 0xad, 0x76, 0xad, 0x96, 0xb5, 0xb7, 0xb5,
    0xd7, 0xbd, 0xf8, 0xbd, 0xf8, 0xc5, 0x18, 0xc6, 0x18, 0xc6, 0x39, 0xc6,
    0x39, 0xc6, 0x39, 0xc6, 0x39, 0xc6, 0x39, 0xce, 0x39, 0xc6, 0x39, 0xc6,
    0x19, 0xc6, 0x18, 0xc6, 0x18, 0xbe, 0xf8, 0xbd, 0x18, 0xbe, 0xf8, 0xbd,
    0xf8, 0xbd, 0xf8, 0xbd, 0xf8, 0xc5, 0xf8, 0xbd, 0xf8, 0xbd, 0xd7, 0xbd,
    0xd7, 0xbd, 0xd7, 0xbd, 0xb7, 0xb5, 0xb7, 0xb5, 0x96, 0xb5, 0x96, 0xb5,
    0x76, 0xad, 0x55, 0xad, 0x35, 0xa5, 0x34, 0xa5, 0x14, 0xa5, 0xf4, 0x9c,
    0xd3, 0x9c, 0xb3, 0x94, 0x92, 0x94, 0x72, 0x8c, 0x72, 0x8c, 0x72, 0x8c,
    0x51, 0x8c, 0x31, 0x84, 0x30, 0x84, 0xf0, 0x7b, 0xf0, 0x7b, 0xcf, 0x7b,
    0xaf, 0x73, 0x8e, 0x73, 0x6e, 0x6b, 0x2d, 0x63, 0x0c, 0x63, 0xec, 0x5a,
    0xec, 0x5a, 0x8a, 0x52, 0x49, 0x4a, 0xe8, 0x39, 0x86, 0x31, 0x04, 0x21,
    0x82, 0x10, 0x20, 0x08, 0x00, 0x00, 0x00, 0x00, 0x21, 0x00, 0x41, 0x08,
    0x82, 0x10, 0xe4, 0x20, 0x45, 0x29, 0xa6, 0x31, 0xc7, 0x39, 0xc7, 0x39,
    0xc7, 0x39, 0xc7, 0x39, 0xc7, 0x39, 0xc7, 0x39, 0xa7, 0x39, 0xc7, 0x39,
    0xc8, 0x39, 0xc7, 0x39, 0xc7, 0x39, 0xc7, 0x39, 0xa7, 0x39, 0xc7, 0x39,
    0xa7, 0x31, 0x66, 0x31, 0xe3, 0x18, 0x62, 0x10, 0x41, 0x08, 0x41, 0x08,
    0x41, 0x08, 0x41, 0x08, 0x41, 0x08, 0x41, 0x08, 0x41, 0x08, 0x42, 0x08,
    0x41, 0x08, 0x41, 0x08, 0x41, 0x08, 0x41, 0x08, 0x42, 0x08, 0x41, 0x08,
    0x93, 0x94, 0xd3, 0x94, 0xf4, 0x9c, 0x15, 0xa5, 0x35, 0xa5, 0x35, 0xa5,
    0x55, 0xad, 0x56, 0xad, 0x76, 0xad, 0x96, 0xb5, 0x76, 0xad, 0x35, 0xa5,
    0x14, 0xa5, 0xd4, 0x9c, 0xb3, 0x94, 0x72, 0x8c, 0x31, 0x84, 0xf0, 0x7b,
    0xef, 0x7b, 0xaf, 0x73, 0x8f, 0x73, 0x6e, 0x6b, 0x8e, 0x6b, 0xd0, 0x7b,
    0x31, 0x84, 0x52, 0x8c, 0x72, 0x94, 0xb3, 0x94, 0xd4, 0x9c, 0xf4, 0x9c,
    0x14, 0xa5, 0x35, 0xad, 0x56, 0xad, 0x76, 0xad, 0x76, 0xad, 0x76, 0xb5,
    0x96, 0xb5, 0x96, 0xb5, 0x97, 0xb5, 0xb7, 0xb5, 0xb7, 0xb5, 0xd7, 0xbd,
    0xd7, 0xbd, 0xd7, 0xbd, 0xd7, 0xbd, 0xd7, 0xbd, 0xd7, 0xbd, 0xb7, 0xbd,
    0xb7, 0xbd, 0xb7, 0xbd, 0xb7, 0xbd, 0xd6, 0xbd, 0xb7, 0xbd, 0xd7, 0xbd,
    0xd7, 0xbd, 0xd7, 0xbd, 0xb7, 0xbd, 0x96, 0xb5, 0x96, 0xb5, 0x96, 0xb5,
    0x97, 0xb5, 0xb7, 0xb5, 0xb7, 0xb5, 0xb7, 0xb5, 0xb7, 0xb5, 0xb7, 0xb5,
    0xb7, 0xb5, 0xb7, 0xb5, 0x97, 0xb5, 0x76, 0xad, 0x76, 0xad, 0x76, 0xad,
    0x56, 0xa5, 0x76, 0xad, 0x76, 0xad, 0x97, 0xb5, 0xb7, 0xb5, 0xd8, 0xbd,
    0xf8, 0xbd, 0x18, 0xc6, 0x18, 0xc6, 0x19, 0xc6, 0x39, 0xc6, 0x39, 0xc6,
    0x39, 0xc6, 0x39, 0xc6, 0x39, 0xc6, 0x59, 0xc6, 0x59, 0xc6, 0x39, 0xc6,
    0x39, 0xc6, 0x39, 0xc6, 0x39, 0xc6, 0x19, 0xc6, 0x19, 0xc6, 0x39, 0xc6,
    0x18, 0xc6, 0x18, 0xc6, 0xf8, 0xbd, 0xf8, 0xbd, 0xf8, 0xbd, 0xd7, 0xbd,
    0xb7, 0xbd, 0xb7, 0xb5, 0xb7, 0xb5, 0x96, 0xb5, 0x76, 0xb5, 0x76, 0xad,
    0x56, 0xad, 0x55, 0xad, 0x14, 0x9d, 0xb3, 0x9c, 0x92, 0x94, 0x72, 0x8c,
    0x51, 0x8c, 0x10, 0x84, 0xf0, 0x7b, 0xf0, 0x7b, 0x31, 0x84, 0x31, 0x84,
    0x30, 0x84, 0x10, 0x84, 0xf0, 0x7b, 0xcf, 0x7b, 0xaf, 0x73, 0xaf, 0x73,
    0x8e, 0x6b, 0x6e, 0x6b, 0x4d, 0x6b, 0x0c, 0x63, 0xcc, 0x5a, 0xab, 0x52,
    0x6a, 0x4a, 0x08, 0x42, 0x86, 0x31, 0xe4, 0x20, 0x61, 0x08, 0x20, 0x00,
    0x00, 0x00, 0x00, 0x00, 0x21, 0x00, 0x41, 0x08, 0xa2, 0x10, 0x04, 0x21,
    0x65, 0x31, 0xa7, 0x39, 0xc7, 0x39, 0xc7, 0x39, 0xc7, 0x39, 0xa7, 0x39,
    0xc7, 0x39, 0xc7, 0x39, 0xc7, 0x39, 0xc7, 0x39, 0xc7, 0x39, 0xc7, 0x39,
    0xc7, 0x39, 0xc7, 0x39, 0xc7, 0x39, 0xc7, 0x39, 0xa7, 0x39, 0x45, 0x29,
    0xc3, 0x18, 0x62, 0x08, 0x41, 0x08, 0x41, 0x08, 0x41, 0x08, 0x41, 0x08,
    0x41, 0x08, 0x41, 0x08, 0x41, 0x08, 0x41, 0x08, 0x41, 0x08, 0x41, 0x08,
    0x41, 0x08, 0x41, 0x08, 0x41, 0x08, 0x41, 0x08, 0x41, 0x08, 0x41, 0x08,
    0xd3, 0x9c, 0xf4, 0x9c, 0x35, 0xa5, 0x55, 0xad, 0x76, 0xad, 0x76, 0xad,
    0x96, 0xb5, 0x96, 0xb5, 0x96, 0xb5, 0x96, 0xad, 0x76, 0xad, 0x35, 0xa5,
    0xf4, 0x9c, 0xb3, 0x94, 0x92, 0x94, 0x72, 0x8c, 0x92, 0x8c, 0x72, 0x8c,
    0x72, 0x94, 0x92, 0x94, 0x93, 0x94, 0x92, 0x94, 0x93, 0x94, 0xb3, 0x94,
    0xd3, 0x9c, 0xd3, 0x9c, 0xd4, 0x9c, 0xd3, 0x9c, 0xd3, 0x9c, 0xf4, 0x9c,
    0xf4, 0x9c, 0x14, 0xa5, 0x15, 0xa5, 0x35, 0xa5, 0x35, 0xa5, 0x35, 0xad,
    0x56, 0xad, 0x76, 0xad, 0x96, 0xb5, 0xb7, 0xb5, 0xb7, 0xbd, 0xb7, 0xbd,
    0xd7, 0xbd, 0xb7, 0xbd, 0xb7, 0xbd, 0xd7, 0xbd, 0xb7, 0xbd, 0xb7, 0xbd,
    0xb7, 0xbd, 0xb7, 0xbd, 0xb7, 0xbd, 0xb7, 0xbd, 0xb7, 0xbd, 0xb7, 0xbd,
    0xd7, 0xbd, 0xd6, 0xbd, 0xb7, 0xbd, 0xb7, 0xbd, 0xb7, 0xbd, 0xb7, 0xb5,
    0xb7, 0xbd, 0xb7, 0xb5, 0xb7, 0xb5, 0xb7, 0xb5, 0xb7, 0xbd, 0xd7, 0xbd,
    0xf7, 0xbd, 0xf8, 0xbd, 0xf8, 0xbd, 0xd7, 0xbd, 0xd8, 0xbd, 0xd8, 0xbd,
    0xd8, 0xbd, 0xd7, 0xbd, 0xd8, 0xbd, 0xf8, 0xbd, 0xf8, 0xbd, 0xf8, 0xc5,
    0x18, 0xc6, 0x18, 0xc6, 0x19, 0xc6, 0x39, 0xc6, 0x39, 0xc6, 0x39, 0xc6,
    0x59, 0xce, 0x39, 0xce, 0x59, 0xce, 0x39, 0xc6, 0x39, 0xce, 0x39, 0xc6,
    0x39, 0xc6, 0x39, 0xc6, 0x39, 0xc6, 0x39, 0xc6, 0x39, 0xc6, 0x18, 0xc6,
    0x18, 0xc6, 0xf8, 0xc5, 0xf8, 0xbd, 0xf8, 0xbd, 0xd7, 0xbd, 0xb7, 0xbd,
    0xb7, 0xb5, 0x97, 0xb5, 0x96, 0xb5, 0x76, 0xad, 0x76, 0xad, 0x55, 0xad,
    0x35, 0xa5, 0xf4, 0x9c, 0xb3, 0x94, 0x72, 0x94, 0x52, 0x8c, 0x31, 0x84,
    0xf0, 0x7b, 0xcf, 0x7b, 0xf0, 0x7b, 0x10, 0x7c, 0x10, 0x84, 0x10, 0x84,
    0xf0, 0x7b, 0xcf, 0x7b, 0xaf, 0x73, 0xaf, 0x73, 0x8e, 0x73, 0x6e, 0x6b,
    0x4d, 0x6b, 0x4d, 0x63, 0x0c, 0x63, 0xcb, 0x5a, 0x8a, 0x52, 0x49, 0x4a,
    0xc7, 0x39, 0x25, 0x21, 0x82, 0x10, 0x21, 0x08, 0x00, 0x00, 0x20, 0x00,
    0x21, 0x00, 0x41, 0x08, 0xa3, 0x18, 0x04, 0x21, 0x65, 0x31, 0xa7, 0x39,
    0xa7, 0x39, 0xc7, 0x39, 0xc7, 0x39, 0xc7, 0x39, 0xc7, 0x39, 0xa7, 0x39,
    0xc7, 0x39, 0xa7, 0x39, 0xc7, 0x39, 0xc7, 0x39, 0xc7, 0x39, 0xc7, 0x39,
    0xa7, 0x39, 0xc7, 0x39, 0xa7, 0x39, 0x45, 0x29, 0xc3, 0x18, 0x42, 0x08,
    0x41, 0x08, 0x41, 0x08, 0x41, 0x08, 0x41, 0x08, 0x62, 0x08, 0x41, 0x08,
    0x41, 0x08, 0x41, 0x08, 0x41, 0x08, 0x42, 0x08, 0x41, 0x08, 0x41, 0x08,
    0x42, 0x08, 0x41, 0x08, 0x41, 0x08, 0x41, 0x08, 0x41, 0x08, 0x41, 0x08,
    0x14, 0xa5, 0x35, 0xa5, 0x56, 0xad, 0x96, 0xb5, 0x97, 0xb5, 0xb7, 0xb5,
    0xb7, 0xbd, 0xb7, 0xb5, 0x97, 0xb5, 0x76, 0xb5, 0x56, 0xad, 0x35, 0xa5,
    0xf4, 0x9c, 0x92, 0x94, 0x72, 0x94, 0x93, 0x94, 0xb3, 0x94, 0xd3, 0x9c,
    0xf4, 0x9c, 0xf4, 0x9c, 0x14, 0xa5, 0x15, 0xa5, 0x35, 0xa5, 0x55, 0xad,
    0x76, 0xad, 0x75, 0xad, 0x35, 0xad, 0x15, 0xa5, 0x14, 0xa5, 0x15, 0xa5,
    0x14, 0xa5, 0xf4, 0xa4, 0xf4, 0xa4, 0x14, 0xa5, 0x14, 0xa5, 0x35, 0xa5,
    0x56, 0xad, 0x96, 0xb5, 0x97, 0xb5, 0xb7, 0xbd, 0xb7, 0xbd, 0xb7, 0xbd,
    0xb7, 0xbd, 0xd7, 0xbd, 0xd7, 0xbd, 0xb7, 0xbd, 0xb7, 0xbd, 0xb7, 0xbd,
    0xb6, 0xbd, 0xb7, 0xbd, 0xb7, 0xbd, 0xb6, 0xbd, 0xb7, 0xbd, 0xb7, 0xbd,
    0xd7, 0xbd, 0xb7, 0xbd, 0xb7, 0xbd, 0xd7, 0xbd, 0xd7, 0xbd, 0xb7, 0xbd,
    0xd7, 0xbd, 0xd7, 0xbd, 0xd8, 0xbd, 0xd8, 0xbd, 0xd8, 0xbd, 0xf8, 0xbd,
    0xf8, 0xbd, 0xf8, 0xc5, 0xf8, 0xc5, 0xf8, 0xc5, 0x18, 0xc6, 0x18, 0xc6,
    0xf8, 0xc5, 0x18, 0xbe, 0x18, 0xbe, 0xf8, 0xc5, 0x18, 0xc6, 0x18, 0xc6,
    0x39, 0xc6, 0x39, 0xc6, 0x39, 0xc6, 0x39, 0xce, 0x59, 0xce, 0x59, 0xce,
    0x5a, 0xce, 0x5a, 0xc6, 0x59, 0xce, 0x59, 0xce, 0x39, 0xc6, 0x59, 0xce,
    0x39, 0xc6, 0x39, 0xce, 0x39, 0xc6, 0x39, 0xc6, 0x19, 0xc6, 0x18, 0xc6,
    0x18, 0xc6, 0xf8, 0xbd, 0xd8, 0xbd, 0xd7, 0xbd, 0xb7, 0xb5, 0xb7, 0xb5,
    0x96, 0xb5, 0x76, 0xb5, 0x76, 0xad, 0x55, 0xad, 0x55, 0xad, 0x35, 0xa5,
    0x14, 0xa5, 0xd4, 0x9c, 0xb3, 0x94, 0x92, 0x8c, 0x72, 0x8c, 0x51, 0x8c,
    0x31, 0x84, 0x10, 0x84, 0xf0, 0x7b, 0xcf, 0x7b, 0xf0, 0x7b, 0xcf, 0x7b,
    0xcf, 0x7b, 0xaf, 0x73, 0x8e, 0x73, 0x6e, 0x6b, 0x4d, 0x6b, 0x2d, 0x6b,
    0x0c, 0x63, 0xec, 0x5a, 0xab, 0x52, 0x49, 0x4a, 0xe7, 0x39, 0x45, 0x29,
    0x82, 0x10, 0x21, 0x08, 0x00, 0x00, 0x00, 0x00, 0x21, 0x08, 0x61, 0x08,
    0xa3, 0x18, 0xe4, 0x20, 0x45, 0x29, 0x86, 0x39, 0xc7, 0x39, 0xc7, 0x39,
    0xa7, 0x39, 0xc7, 0x39, 0xc7, 0x39, 0xa6, 0x39, 0xa7, 0x39, 0xc7, 0x39,
    0xc7, 0x39, 0xc7, 0x39, 0xc7, 0x39, 0xa7, 0x39, 0xc7, 0x39, 0xc7, 0x39,
    0xa7, 0x39, 0x45, 0x29, 0xa3, 0x18, 0x62, 0x08, 0x41, 0x08, 0x41, 0x08,
    0x41, 0x08, 0x41, 0x08, 0x41, 0x08, 0x41, 0x08, 0x41, 0x08, 0x41, 0x08,
    0x41, 0x08, 0x41, 0x08, 0x41, 0x08, 0x41, 0x08, 0x41, 0x08, 0x41, 0x08,
    0x41, 0x08, 0x41, 0x08, 0x41, 0x08, 0x41, 0x08, 0x42, 0x08, 0x41, 0x08,
    0x14, 0xa5, 0x55, 0xad, 0x97, 0xb5, 0xb7, 0xb5, 0xd7, 0xbd, 0xd8, 0xbd,
    0xd7, 0xbd, 0xb7, 0xb5, 0x96, 0xb5, 0x76, 0xad, 0x76, 0xad, 0x55, 0xad,
    0x14, 0x9d, 0xb3, 0x94, 0x92, 0x94, 0x92, 0x94, 0x92, 0x94, 0xb3, 0x94,
    0xd3, 0x9c, 0xf4, 0x9c, 0x14, 0xa5, 0x15, 0xa5, 0x35, 0xad, 0x56, 0xad,
    0x76, 0xad, 0x56, 0xad, 0x55, 0xad, 0x15, 0xa5, 0xf4, 0x9c, 0xf4, 0xa4,
    0xf4, 0x9c, 0xf4, 0x9c, 0xf4, 0x9c, 0xf4, 0xa4, 0x14, 0xa5, 0x35, 0xa5,
    0x76, 0xad, 0x96, 0xb5, 0x97, 0xb5, 0xb7, 0xb5, 0xb7, 0xbd, 0xb7, 0xbd,
    0xb7, 0xb5, 0xb7, 0xbd, 0xb7, 0xbd, 0xd7, 0xbd, 0xb7, 0xbd, 0xb7, 0xbd,
    0xb7, 0xbd, 0xb6, 0xbd, 0xb6, 0xbd, 0xb7, 0xbd, 0xb7, 0xbd, 0xd7, 0xbd,
    0xd7, 0xbd, 0xb7, 0xbd, 0xb7, 0xbd, 0xb7, 0xbd, 0xb6, 0xb5, 0xb7, 0xb5,
    0xb7, 0xb5, 0xb7, 0xbd, 0xd7, 0xbd, 0xd7, 0xbd, 0xd7, 0xbd, 0xf8, 0xbd,
    0xd8, 0xbd, 0xf8, 0xbd, 0xf8, 0xc5, 0x18, 0xc6, 0xf8, 0xbd, 0xf8, 0xbd,
    0xf8, 0xbd, 0xf8, 0xc5, 0x18, 0xc6, 0x18, 0xc6, 0x19, 0xc6, 0x39, 0xc6,
    0x39, 0xc6, 0x39, 0xc6, 0x39, 0xce, 0x59, 0xce, 0x59, 0xce, 0x59, 0xce,
    0x59, 0xce, 0x59, 0xce, 0x39, 0xc6, 0x59, 0xce, 0x59, 0xce, 0x39, 0xc6,
    0x39, 0xce, 0x39, 0xce, 0x39, 0xc6, 0x39, 0xc6, 0x18, 0xc6, 0xf8, 0xc5,
    0xf8, 0xbd, 0xf8, 0xbd, 0xd7, 0xbd, 0xb7, 0xbd, 0xb7, 0xb5, 0x96, 0xb5,
    0x76, 0xad, 0x76, 0xad, 0x55, 0xad, 0x35, 0xa5, 0x35, 0xa5, 0xf4, 0xa4,
    0xf4, 0x9c, 0xd3, 0x9c, 0x92, 0x94, 0x72, 0x8c, 0x51, 0x8c, 0x31, 0x84,
    0x10, 0x84, 0xf0, 0x7b, 0xf0, 0x7b, 0xcf, 0x7b, 0xaf, 0x73, 0xaf, 0x73,
    0x8e, 0x73, 0x6e, 0x6b, 0x4e, 0x6b, 0x4d, 0x6b, 0x2c, 0x63, 0xec, 0x5a,
    0x8b, 0x52, 0x49, 0x4a, 0xc7, 0x39, 0x25, 0x29, 0x82, 0x10, 0x21, 0x00,
    0x00, 0x00, 0x20, 0x00, 0x21, 0x08, 0x61, 0x08, 0xc3, 0x18, 0x04, 0x21,
    0x65, 0x31, 0xa6, 0x39, 0xc7, 0x39, 0xc7, 0x39, 0xa7, 0x39, 0xa7, 0x39,
    0xa7, 0x39, 0xa7, 0x39, 0xa7, 0x39, 0xa7, 0x39, 0xc7, 0x39, 0xc7, 0x39,
    0xc7, 0x39, 0xc7, 0x39, 0xc7, 0x39, 0xc7, 0x39, 0x86, 0x39, 0x25, 0x29,
    0xa3, 0x10, 0x41, 0x08, 0x41, 0x08, 0x41, 0x08, 0x41, 0x08, 0x41, 0x08,
    0x41, 0x08, 0x41, 0x08, 0x42, 0x08, 0x41, 0x08, 0x41, 0x08, 0x61, 0x08,
    0x41, 0x08, 0x42, 0x08, 0x41, 0x08, 0x41, 0x08, 0x41, 0x08, 0x41, 0x08,
    0x41, 0x08, 0x41, 0x08, 0x42, 0x08, 0x41, 0x08, 0x41, 0x08, 0x41, 0x08,
    0x15, 0xa5, 0x55, 0xad, 0x96, 0xad, 0x97, 0xb5, 0xb7, 0xb5, 0xb7, 0xb5,
    0xb7, 0xb5, 0x96, 0xb5, 0x76, 0xad, 0x96, 0xb5, 0x96, 0xb5, 0x96, 0xb5,
    0x76, 0xad, 0x35, 0xa5, 0x14, 0xa5, 0xd4, 0x9c, 0xf4, 0x9c, 0xf4, 0x9c,
    0x14, 0xa5, 0x14, 0xa5, 0x15, 0xa5, 0x14, 0xa5, 0x35, 0xa5, 0x55, 0xad,
    0x56, 0xad, 0x56, 0xad, 0x55, 0xad, 0x35, 0xa5, 0xf4, 0xa4, 0xf4, 0x9c,
    0xf4, 0x9c, 0xd4, 0x9c, 0xd3, 0x9c, 0xd4, 0x9c, 0xf4, 0x9c, 0x35, 0xa5,
    0x55, 0xad, 0x76, 0xb5, 0x97, 0xb5, 0xb7, 0xb5, 0xb7, 0xbd, 0xb7, 0xbd,
    0xb7, 0xbd, 0xb7, 0xbd, 0xb7, 0xbd, 0xb7, 0xbd, 0xb7, 0xbd, 0xb6, 0xbd,
    0xb6, 0xbd, 0xb7, 0xbd, 0xb7, 0xbd, 0xb7, 0xbd, 0xb7, 0xbd, 0xb7, 0xbd,
    0xd7, 0xbd, 0xb7, 0xbd, 0xb7, 0xbd, 0x96, 0xb5, 0x96, 0xb5, 0x76, 0xb5,
    0x96, 0xb5, 0x96, 0xb5, 0x96, 0xb5, 0x96, 0xb5, 0x96, 0xb5, 0xb7, 0xb5,
    0xd7, 0xb5, 0xf8, 0xbd, 0xf8, 0xbd, 0x18, 0xbe, 0xf8, 0xbd, 0x18, 0xc6,
    0x18, 0xc6, 0x19, 0xc6, 0x18, 0xc6, 0x39, 0xc6, 0x39, 0xc6, 0x39, 0xc6,
    0x59, 0xce, 0x59, 0xce, 0x59, 0xce, 0x59, 0xce, 0x59, 0xce, 0x39, 0xc6,
    0x59, 0xce, 0x59, 0xce, 0x39, 0xc6, 0x39, 0xce, 0x39, 0xce, 0x39, 0xc6,
    0x39, 0xc6, 0x39, 0xc6, 0x18, 0xc6, 0x18, 0xc6, 0x18, 0xc6, 0xf8, 0xbd,
    0xd8, 0xbd, 0xd7, 0xbd, 0xb7, 0xb5, 0x97, 0xb5, 0x96, 0xb5, 0x76, 0xad,
    0x56, 0xad, 0x55, 0xad, 0x35, 0xa5, 0x14, 0xa5, 0xf4, 0x9c, 0xd3, 0x9c,
    0xb3, 0x94, 0x92, 0x94, 0x72, 0x8c, 0x51, 0x8c, 0x31, 0x84, 0x10, 0x84,
    0xf0, 0x7b, 0xcf, 0x7b, 0xcf, 0x73, 0xaf, 0x73, 0x8e, 0x73, 0x6e, 0x6b,
    0x6e, 0x6b, 0x4d, 0x6b, 0x0c, 0x63, 0xec, 0x5a, 0xab, 0x52, 0x49, 0x4a,
    0xc7, 0x39, 0x45, 0x29, 0x82, 0x10, 0x21, 0x08, 0x20, 0x00, 0x20, 0x00,
    0x21, 0x08, 0x62, 0x08, 0xc3, 0x18, 0x04, 0x21, 0x66, 0x31, 0xa6, 0x39,
    0xc7, 0x39, 0xc7, 0x39, 0xa7, 0x39, 0xc7, 0x39, 0xc7, 0x39, 0xa6, 0x39,
    0xc7, 0x39, 0xc7, 0x39, 0xc7, 0x39, 0xa7, 0x39, 0xc7, 0x39, 0xc7, 0x39,
    0xc7, 0x39, 0xa7, 0x39, 0x86, 0x31, 0x24, 0x21, 0x83, 0x10, 0x41, 0x08,
    0x41, 0x08, 0x41, 0x08, 0x41, 0x08, 0x41, 0x08, 0x41, 0x08, 0x41, 0x08,
    0x41, 0x08, 0x41, 0x08, 0x61, 0x08, 0x41, 0x08, 0x42, 0x08, 0x41, 0x08,
    0x41, 0x08, 0x41, 0x08, 0x41, 0x08, 0x41, 0x08, 0x41, 0x08, 0x42, 0x08,
    0x41, 0x08, 0x41, 0x08, 0x41, 0x08, 0x41, 0x08, 0x41, 0x08, 0x41, 0x08,
    0x76, 0xad, 0xb7, 0xb5, 0xb7, 0xbd, 0xb7, 0xbd, 0xb7, 0xb5, 0xb7, 0xb5,
    0x97, 0xb5, 0x96, 0xb5, 0x76, 0xb5, 0x97, 0xb5, 0xb7, 0xb5, 0xb7, 0xb5,
    0xb7, 0xb5, 0x96, 0xb5, 0x76, 0xad, 0x56, 0xad, 0x56, 0xad, 0x76, 0xad,
    0x76, 0xad, 0x56, 0xad, 0x55, 0xad, 0x35, 0xa5, 0x15, 0xa5, 0x35, 0xad,
    0x55, 0xad, 0x56, 0xad, 0x35, 0xad, 0x35, 0xa5, 0x15, 0xa5, 0xf4, 0xa4,
    0xf4, 0xa4, 0xf4, 0x9c, 0xd4, 0x9c, 0xb3, 0x9c, 0xb3, 0x94, 0xb3, 0x9c,
    0xf4, 0x9c, 0x35, 0xa5, 0x56, 0xad, 0x76, 0xad, 0x96, 0xb5, 0x96, 0xb5,
    0x96, 0xb5, 0xb7, 0xbd, 0xb7, 0xbd, 0xb7, 0xbd, 0xb6, 0xbd, 0xb6, 0xbd,
    0xb7, 0xbd, 0xb7, 0xbd, 0xb7, 0xbd, 0xb7, 0xbd, 0xb6, 0xbd, 0xb7, 0xbd,
    0xd7, 0xbd, 0xd7, 0xbd, 0xb7, 0xbd, 0xb7, 0xbd, 0xb7, 0xbd, 0xb7, 0xbd,
    0xb7, 0xbd, 0xb7, 0xb5, 0xb7, 0xb5, 0xb7, 0xb5, 0xb7, 0xbd, 0xd7, 0xbd,
    0xf8, 0xbd, 0x18, 0xc6, 0xf8, 0xc5, 0xf8, 0xbd, 0x18, 0xc6, 0x18, 0xc6,
    0x19, 0xc6, 0x18, 0xc6, 0x19, 0xc6, 0x39, 0xc6, 0x39, 0xce, 0x39, 0xc6,
    0x39, 0xce, 0x39, 0xc6, 0x39, 0xc6, 0x39, 0xc6, 0x39, 0xc6, 0x39, 0xc6,
    0x39, 0xc6, 0x39, 0xce, 0x39, 0xce, 0x39, 0xc6, 0x39, 0xc6, 0x39, 0xc6,
    0x19, 0xc6, 0x18, 0xc6, 0x18, 0xc6, 0xf8, 0xc5, 0xf8, 0xbd, 0xf8, 0xbd,
    0xd7, 0xbd, 0xb7, 0xb5, 0xb7, 0xb5, 0x96, 0xb5, 0x76, 0xad, 0x55, 0xad,
    0x35, 0xa5, 0x14, 0xa5, 0xf4, 0x9c, 0xd4, 0x9c, 0xd3, 0x9c, 0x93, 0x94,
    0x72, 0x8c, 0x51, 0x8c, 0x31, 0x84, 0x31, 0x84, 0xf0, 0x7b, 0xf0, 0x7b,
    0xcf, 0x7b, 0xaf, 0x73, 0x8e, 0x73, 0x8e, 0x6b, 0x6e, 0x6b, 0x4d, 0x6b,
    0x2c, 0x63, 0xec, 0x62, 0xab, 0x52, 0x49, 0x4a, 0xc7, 0x39, 0x45, 0x29,
    0xa3, 0x10, 0x21, 0x08, 0x20, 0x00, 0x20, 0x00, 0x21, 0x08, 0x61, 0x08,
    0xa3, 0x18, 0x24, 0x29, 0x66, 0x31, 0xa7, 0x39, 0xc7, 0x39, 0xc7, 0x41,
    0xc7, 0x39, 0xc7, 0x39, 0xa7, 0x39, 0xa7, 0x39, 0xa7, 0x39, 0xc7, 0x39,
    0xc7, 0x39, 0xc7, 0x39, 0xa6, 0x39, 0xc7, 0x39, 0xc7, 0x39, 0xa7, 0x39,
    0x86, 0x31, 0x04, 0x21, 0x82, 0x10, 0x41, 0x08, 0x41, 0x08, 0x41, 0x08,
    0x42, 0x08, 0x41, 0x08, 0x42, 0x08, 0x41, 0x08, 0x41, 0x08, 0x41, 0x08,
    0x42, 0x08, 0x41, 0x08, 0x41, 0x08, 0x41, 0x08, 0x41, 0x08, 0x41, 0x08,
    0x41, 0x08, 0x41, 0x08, 0x41, 0x08, 0x42, 0x08, 0x41, 0x08, 0x41, 0x08,
    0x41, 0x08, 0x41, 0x08, 0x41, 0x08, 0x41, 0x08, 0x41, 0x08, 0x42, 0x08,
    0x96, 0xb5, 0xb7, 0xb5, 0xd7, 0xbd, 0xd7, 0xbd, 0xd7, 0xbd, 0xd7, 0xbd,
    0xb7, 0xbd, 0xb7, 0xb5, 0xd7, 0xb5, 0xd7, 0xbd, 0xd7, 0xbd, 0xd7, 0xbd,
    0xd7, 0xbd, 0xd7, 0xbd, 0xb7, 0xbd, 0xb7, 0xb5, 0xb7, 0xbd, 0xb7, 0xb5,
    0xb7, 0xb5, 0x97, 0xb5, 0x76, 0xb5, 0x76, 0xad, 0x55, 0xad, 0x35, 0xad,
    0x35, 0xad, 0x35, 0xa5, 0x35, 0xad, 0x35, 0xa5, 0x35, 0xad, 0x35, 0xa5,
    0x35, 0xad, 0x35, 0xa5, 0x14, 0xa5, 0xf4, 0xa4, 0x14, 0xa5, 0xf4, 0xa4,
    0x15, 0xa5, 0x35, 0xa5, 0x35, 0xad, 0x55, 0xad, 0x55, 0xad, 0x56, 0xad,
    0x76, 0xb5, 0x96, 0xb5, 0xb6, 0xb5, 0xb7, 0xbd, 0xb7, 0xbd, 0xb7, 0xb5,
    0xb7, 0xbd, 0xb6, 0xbd, 0xb6, 0xbd, 0xb7, 0xbd, 0xb7, 0xbd, 0xd7, 0xbd,
    0xb7, 0xbd, 0xd7, 0xbd, 0xb7, 0xbd, 0xd8, 0xbd, 0xd7, 0xbd, 0xf7, 0xbd,
    0xf7, 0xbd, 0xf8, 0xbd, 0xf8, 0xbd, 0xf8, 0xc5, 0xf8, 0xbd, 0xf8, 0xc5,
    0xf8, 0xc5, 0xf8, 0xbd, 0x18, 0xc6, 0x18, 0xc6, 0x18, 0xc6, 0x18, 0xc6,
    0x19, 0xc6, 0x39, 0xc6, 0x39, 0xc6, 0x19, 0xc6, 0x18, 0xc6, 0x19, 0xc6,
    0x19, 0xc6, 0x19, 0xc6, 0x18, 0xbe, 0x18, 0xc6, 0x19, 0xc6, 0x18, 0xc6,
    0x39, 0xc6, 0x39, 0xc6, 0x39, 0xc6, 0x39, 0xc6, 0x39, 0xc6, 0x18, 0xc6,
    0x18, 0xc6, 0xf8, 0xc5, 0xf8, 0xbd, 0xf8, 0xbd, 0xd7, 0xbd, 0xb7, 0xbd,
    0xb7, 0xb5, 0x97, 0xb5, 0x96, 0xb5, 0x76, 0xad, 0x55, 0xad, 0x35, 0xa5,
    0x14, 0xa5, 0xf4, 0x9c, 0xd4, 0x9c, 0xb3, 0x94, 0x92, 0x94, 0x72, 0x8c,
    0x51, 0x8c, 0x31, 0x84, 0x10, 0x84, 0xf0, 0x7b, 0xcf, 0x7b, 0xaf, 0x73,
    0xae, 0x73, 0x6e, 0x73, 0x6e, 0x6b, 0x4d, 0x6b, 0x2d, 0x63, 0xec, 0x5a,
    0xab, 0x52, 0x49, 0x4a, 0xc7, 0x39, 0x45, 0x29, 0xa3, 0x10, 0x41, 0x08,
    0x00, 0x00, 0x00, 0x00, 0x21, 0x08, 0x62, 0x10, 0xc3, 0x18, 0x24, 0x21,
    0x86, 0x31, 0xa7, 0x39, 0xc7, 0x41, 0xc7, 0x39, 0xc7, 0x39, 0xc7, 0x41,
    0xc7, 0x41, 0xc7, 0x39, 0xc7, 0x39, 0xc7, 0x39, 0xa7, 0x39, 0xa7, 0x39,
    0xa7, 0x39, 0xa7, 0x39, 0xa7, 0x39, 0xa7, 0x39, 0x65, 0x31, 0xe4, 0x20,
    0x82, 0x10, 0x41, 0x08, 0x41, 0x08, 0x41, 0x08, 0x41, 0x08, 0x61, 0x08,
    0x41, 0x08, 0x61, 0x08, 0x61, 0x08, 0x41, 0x08, 0x41, 0x08, 0x41, 0x08,
    0x41, 0x08, 0x41, 0x08, 0x41, 0x08, 0x41, 0x08, 0x41, 0x08, 0x41, 0x08,
    0x42, 0x08, 0x41, 0x08, 0x41, 0x08, 0x41, 0x08, 0x41, 0x08, 0x41, 0x08,
    0x41, 0x08, 0x41, 0x08, 0x42, 0x08, 0x41, 0x08, 0x41, 0x08, 0x41, 0x08,
    0x96, 0xb5, 0xb7, 0xb5, 0xb7, 0xb5, 0xb7, 0xb5, 0xb7, 0xb5, 0xb7, 0xb5,
    0xb7, 0xb5, 0xb7, 0xbd, 0xd7, 0xbd, 0xd8, 0xbd, 0xd7, 0xbd, 0xf8, 0xbd,
    0xf8, 0xbd, 0xf8, 0xbd, 0xd7, 0xbd, 0xf7, 0xbd, 0xf8, 0xbd, 0xd7, 0xbd,
    0xd7, 0xbd, 0xb7, 0xb5, 0x97, 0xb5, 0x96, 0xb5, 0x76, 0xb5, 0x56, 0xad,
    0x55, 0xad, 0x55, 0xad, 0x35, 0xa5, 0x35, 0xa5, 0x35, 0xa5, 0x15, 0xa5,
    0x35, 0xa5, 0x35, 0xa5, 0x14, 0xa5, 0x14, 0xa5, 0x35, 0xa5, 0x35, 0xa5,
    0x35, 0xad, 0x55, 0xad, 0x56, 0xad, 0x76, 0xb5, 0x76, 0xad, 0x96, 0xb5,
    0x96, 0xb5, 0xb7, 0xbd, 0x97, 0xbd, 0xb7, 0xbd, 0xb7, 0xbd, 0xb6, 0xbd,
    0xb7, 0xbd, 0xb7, 0xbd, 0xb7, 0xbd, 0xb7, 0xbd, 0xb6, 0xbd, 0xd7, 0xbd,
    0xd7, 0xbd, 0xd7, 0xbd, 0xd7, 0xbd, 0xd7, 0xbd, 0xf8, 0xbd, 0xd8, 0xbd,
    0xf8, 0xc5, 0xf8, 0xbd, 0xf8, 0xc5, 0xf8, 0xc5, 0xf8, 0xbd, 0xf8, 0xbd,
    0x18, 0xbe, 0xf8, 0xc5, 0x18, 0xc6, 0x19, 0xc6, 0x19, 0xc6, 0x39, 0xc6,
    0x39, 0xc6, 0x39, 0xc6, 0x39, 0xc6, 0x39, 0xc6, 0x18, 0xc6, 0x39, 0xc6,
    0x18, 0xc6, 0x18, 0xc6, 0x19, 0xc6, 0x38, 0xc6, 0x19, 0xc6, 0x39, 0xc6,
    0x39, 0xc6, 0x39, 0xc6, 0x39, 0xc6, 0x18, 0xc6, 0x18, 0xc6, 0x18, 0xc6,
    0xf8, 0xbd, 0xf8, 0xbd, 0xf8, 0xbd, 0xd7, 0xbd, 0xb7, 0xbd, 0xb7, 0xb5,
    0x96, 0xb5, 0x76, 0xad, 0x56, 0xad, 0x35, 0xad, 0x35, 0xa5, 0xf4, 0x9c,
    0xd4, 0x9c, 0xd3, 0x9c, 0xb2, 0x94, 0x72, 0x8c, 0x51, 0x8c, 0x31, 0x84,
    0x10, 0x84, 0xf0, 0x7b, 0xcf, 0x7b, 0xcf, 0x73, 0xaf, 0x73, 0x8e, 0x73,
    0x6e, 0x6b, 0x4d, 0x6b, 0x2d, 0x63, 0xec, 0x5a, 0xab, 0x52, 0x49, 0x4a,
    0xe7, 0x39, 0x45, 0x29, 0xa3, 0x18, 0x21, 0x08, 0x00, 0x00, 0x00, 0x00,
    0x41, 0x08, 0x82, 0x10, 0xc3, 0x18, 0x25, 0x29, 0x86, 0x31, 0xa7, 0x39,
    0xc7, 0x39, 0xc7, 0x39, 0xc7, 0x39, 0xc7, 0x41, 0xc7, 0x39, 0xc7, 0x39,
    0xc7, 0x39, 0xc7, 0x39, 0xc7, 0x39, 0xc7, 0x39, 0xc7, 0x39, 0xc7, 0x39,
    0xc7, 0x39, 0xa7, 0x39, 0x66, 0x29, 0xe3, 0x18, 0x62, 0x10, 0x41, 0x08,
    0x41, 0x08, 0x41, 0x08, 0x41, 0x08, 0x42, 0x08, 0x41, 0x08, 0x41, 0x08,
    0x41, 0x08, 0x41, 0x08, 0x41, 0x08, 0x41, 0x08, 0x42, 0x08, 0x41, 0x08,
    0x41, 0x08, 0x41, 0x08, 0x41, 0x08, 0x42, 0x08, 0x41, 0x08, 0x41, 0x08,
    0x41, 0x08, 0x41, 0x08, 0x41, 0x08, 0x41, 0x08, 0x41, 0x08, 0x41, 0x08,
    0x42, 0x08, 0x41, 0x08, 0x41, 0x08, 0x41, 0x08, 0x41, 0x08, 0x41, 0x08,
    0xb7, 0xb5, 0xb7, 0xb5, 0xb7, 0xbd, 0xb7, 0xbd, 0xb7, 0xb5, 0xb7, 0xb5,
    0xb7, 0xb5, 0xb7, 0xbd, 0xd7, 0xbd, 0xd8, 0xbd, 0xf8, 0xbd, 0xf8, 0xbd,
    0xf8, 0xbd, 0xf8, 0xbd, 0xf8, 0xc5, 0xf8, 0xbd, 0xf8, 0xbd, 0xd7, 0xbd,
    0xd7, 0xbd, 0xb7, 0xbd, 0xb7, 0xb5, 0x96, 0xb5, 0x76, 0xb5, 0x76, 0xad,
    0x55, 0xad, 0x55, 0xad, 0x35, 0xad, 0x35, 0xad, 0x34, 0xad, 0x14, 0xad,
    0x14, 0xad, 0x14, 0xad, 0x13, 0xad, 0x14, 0xa5, 0x14, 0xad, 0x14, 0xad,
    0x34, 0xad, 0x35, 0xad, 0x76, 0xb5, 0x96, 0xb5, 0x76, 0xb5, 0x96, 0xb5,
    0x96, 0xb5, 0x97, 0xbd, 0xb7, 0xbd, 0xb7, 0xbd, 0xb6, 0xbd, 0xb6, 0xbd,
    0xb7, 0xbd, 0xb6, 0xbd, 0xb6, 0xbd, 0xb7, 0xbd, 0xb7, 0xbd, 0xd7, 0xbd,
    0xd7, 0xbd, 0xd7, 0xbd, 0xd8, 0xbd, 0xd7, 0xbd, 0xd7, 0xbd, 0xf8, 0xbd,
    0xf8, 0xc5, 0xf8, 0xbd, 0xf8, 0xbd, 0xf8, 0xbd, 0xf8, 0xbd, 0x18, 0xc6,
    0x18, 0xc6, 0x18, 0xc6, 0x19, 0xc6, 0x39, 0xc6, 0x39, 0xc6, 0x39, 0xc6,
    0x39, 0xc6, 0x39, 0xc6, 0x39, 0xc6, 0x39, 0xc6, 0x39, 0xc6, 0x39, 0xc6,
    0x39, 0xc6, 0x39, 0xc6, 0x39, 0xc6, 0x39, 0xc6, 0x39, 0xc6, 0x39, 0xc6,
    0x19, 0xc6, 0x18, 0xc6, 0x18, 0xc6, 0x18, 0xc6, 0xf8, 0xc5, 0xf8, 0xbd,
    0xf8, 0xbd, 0xd7, 0xbd, 0xb7, 0xbd, 0xb7, 0xb5, 0xb7, 0xb5, 0x96, 0xb5,
    0x76, 0xad, 0x55, 0xad, 0x35, 0xa5, 0x14, 0xa5, 0xf4, 0x9c, 0xd3, 0x9c,
    0xb3, 0x94, 0x92, 0x94, 0x72, 0x8c, 0x51, 0x84, 0x11, 0x84, 0x10, 0x7c,
    0xd0, 0x7b, 0xcf, 0x7b, 0xaf, 0x73, 0x8e, 0x73, 0x6e, 0x6b, 0x4d, 0x6b,
    0x2d, 0x63, 0x0c, 0x63, 0xab, 0x52, 0x49, 0x4a, 0xe8, 0x41, 0x45, 0x29,
    0xa2, 0x10, 0x21, 0x08, 0x00, 0x00, 0x20, 0x00, 0x41, 0x08, 0x82, 0x10,
    0xc4, 0x18, 0x25, 0x29, 0x86, 0x31, 0xc7, 0x39, 0xc7, 0x39, 0xe7, 0x41,
    0xc7, 0x39, 0xe8, 0x41, 0xe7, 0x39, 0xc7, 0x39, 0xc8, 0x39, 0xc7, 0x39,
    0xc7, 0x39, 0xc7, 0x39, 0xc7, 0x41, 0xc7, 0x39, 0xa7, 0x39, 0xa6, 0x39,
    0x65, 0x31, 0xe3, 0x20, 0x62, 0x10, 0x41, 0x08, 0x41, 0x08, 0x41, 0x08,
    0x41, 0x08, 0x41, 0x08, 0x62, 0x08, 0x41, 0x08, 0x41, 0x08, 0x62, 0x08,
    0x41, 0x08, 0x41, 0x08, 0x41, 0x08, 0x41, 0x08, 0x61, 0x08, 0x41, 0x08,
    0x41, 0x08, 0x61, 0x08, 0x41, 0x08, 0x41, 0x08, 0x41, 0x08, 0x41, 0x08,
    0x41, 0x08, 0x41, 0x08, 0x41, 0x08, 0x42, 0x08, 0x41, 0x08, 0x41, 0x08,
    0x41, 0x08, 0x41, 0x08, 0x41, 0x08, 0x41, 0x08, 0x42, 0x08, 0x41, 0x08,
    0x96, 0xb5, 0xb7, 0xb5, 0xb7, 0xb5, 0xb7, 0xb5, 0xd7, 0xbd, 0xd7, 0xbd,
    0xd8, 0xbd, 0xd7, 0xbd, 0xd8, 0xbd, 0xf8, 0xbd, 0xf8, 0xbd, 0xf8, 0xbd,
    0xf8, 0xc5, 0xf8, 0xc5, 0xf8, 0xbd, 0xf8, 0xbd, 0xf8, 0xc5, 0xd7, 0xbd,
    0xd7, 0xbd, 0xd7, 0xbd, 0xb7, 0xb5, 0xb7, 0xb5, 0x96, 0xb5, 0x76, 0xad,
    0x55, 0xad, 0x35, 0xad, 0x34, 0xad, 0x34, 0xad, 0x13, 0xad, 0x13, 0xad,
    0x12, 0xb5, 0x12, 0xb5, 0xf2, 0xb4, 0xf2, 0xb4, 0xd1, 0xac, 0xd1, 0xac,
    0xf2, 0xac, 0x13, 0xad, 0x34, 0xad, 0x55, 0xb5, 0x76, 0xb5, 0x76, 0xb5,
    0x96, 0xb5, 0x96, 0xb5, 0x96, 0xb5, 0xb7, 0xbd, 0xb7, 0xbd, 0xb7, 0xbd,
    0xb7, 0xbd, 0xb6, 0xbd, 0xb7, 0xbd, 0xb7, 0xbd, 0xb7, 0xbd, 0xd7, 0xbd,
    0xd7, 0xbd, 0xd7, 0xbd, 0xd7, 0xbd, 0xd8, 0xbd, 0xf8, 0xbd, 0xf8, 0xc5,
    0xf7, 0xbd, 0xf8, 0xc5, 0xf8, 0xbd, 0xf8, 0xc5, 0xf8, 0xc5, 0x18, 0xc6,
    0x18, 0xc6, 0x18, 0xc6, 0x39, 0xc6, 0x39, 0xc6, 0x38, 0xc6, 0x39, 0xc6,
    0x39, 0xc6, 0x18, 0xc6, 0x39, 0xc6, 0x19, 0xc6, 0x39, 0xc6, 0x19, 0xc6,
    0x19, 0xc6, 0x39, 0xc6, 0x39, 0xc6, 0x19, 0xc6, 0x19, 0xc6, 0x18, 0xc6,
    0x18, 0xc6, 0x18, 0xc6, 0xf8, 0xc5, 0xf8, 0xbd, 0xf8, 0xbd, 0xd8, 0xbd,
    0xd7, 0xbd, 0xb7, 0xb5, 0xb7, 0xb5, 0x96, 0xb5, 0x76, 0xb5, 0x76, 0xad,
    0x55, 0xad, 0x35, 0xa5, 0x14, 0xa5, 0xf4, 0x9c, 0xb3, 0x9c, 0xb2, 0x94,
    0x72, 0x8c, 0x52, 0x8c, 0x31, 0x84, 0x10, 0x84, 0xf0, 0x7b, 0xcf, 0x7b,
    0xaf, 0x73, 0x8e, 0x73, 0x8e, 0x6b, 0x4e, 0x6b, 0x2d, 0x63, 0x0c, 0x63,
    0xab, 0x52, 0x69, 0x4a, 0xe8, 0x39, 0x66, 0x29, 0xc3, 0x18, 0x21, 0x08,
    0x20, 0x00, 0x00, 0x00, 0x41, 0x08, 0x82, 0x10, 0xe4, 0x18, 0x45, 0x29,
    0x86, 0x31, 0xc7, 0x39, 0xe8, 0x39, 0xe7, 0x41, 0xe8, 0x39, 0xe8, 0x39,
    0xc7, 0x39, 0xc8, 0x39, 0xe7, 0x41, 0xc7, 0x39, 0xc7, 0x39, 0xc8, 0x41,
    0xc7, 0x41, 0xc7, 0x39, 0xc7, 0x39, 0xa7, 0x39, 0x45, 0x29, 0xc3, 0x18,
    0x62, 0x10, 0x41, 0x08, 0x41, 0x08, 0x41, 0x08, 0x61, 0x08, 0x42, 0x08,
    0x61, 0x08, 0x41, 0x08, 0x41, 0x08, 0x61, 0x08, 0x41, 0x08, 0x41, 0x08,
    0x61, 0x08, 0x61, 0x08, 0x42, 0x08, 0x41, 0x08, 0x41, 0x08, 0x41, 0x08,
    0x41, 0x08, 0x41, 0x08, 0x42, 0x08, 0x41, 0x08, 0x41, 0x08, 0x42, 0x08,
    0x41, 0x08, 0x41, 0x08, 0x41, 0x08, 0x41, 0x08, 0x41, 0x08, 0x41, 0x08,
    0x41, 0x08, 0x41, 0x08, 0x41, 0x08, 0x41, 0x08, 0x41, 0x08, 0x41, 0x08,
    0x96, 0xb5, 0xb7, 0xb5, 0xb7, 0xbd, 0xb7, 0xbd, 0xb7, 0xb5, 0xb7, 0xbd,
    0xb7, 0xb5, 0xb7, 0xb5, 0xb7, 0xb5, 0xd7, 0xbd, 0xd8, 0xbd, 0xf8, 0xbd,
    0xf8, 0xc5, 0xf8, 0xc5, 0xf8, 0xbd, 0xf8, 0xbd, 0xf8, 0xbd, 0xd8, 0xbd,
    0xd7, 0xbd, 0xd8, 0xbd, 0xb7, 0xb5, 0x97, 0xb5, 0x96, 0xb5, 0x76, 0xb5,
    0x55, 0xad, 0x55, 0xb5, 0x34, 0xb5, 0x13, 0xb5, 0x13, 0xb5, 0x12, 0xb5,
    0xf1, 0xb4, 0xf1, 0xb4, 0xf1, 0xb4, 0xf1, 0xb4, 0xd0, 0xb4, 0xd1, 0xac,
    0xf2, 0xac, 0x13, 0xad, 0x14, 0xad, 0x55, 0xad, 0x55, 0xad, 0x56, 0xad,
    0x76, 0xb5, 0x96, 0xb5, 0xb7, 0xb5, 0xb7, 0xbd, 0xb7, 0xbd, 0xb6, 0xbd,
    0xb7, 0xbd, 0xb7, 0xbd, 0xb7, 0xbd, 0xd7, 0xbd, 0xd7, 0xbd, 0xd7, 0xbd,
    0xd8, 0xbd, 0xd7, 0xbd, 0xf8, 0xbd, 0xf8, 0xbd, 0xf8, 0xbd, 0xf8, 0xc5,
    0xf8, 0xbd, 0xf8, 0xbd, 0xf8, 0xc5, 0xf8, 0xc5, 0xf8, 0xbd, 0xf8, 0xc5,
    0xf8, 0xc5, 0x18, 0xbe, 0xf8, 0xc5, 0xf8, 0xc5, 0xf8, 0xc5, 0x18, 0xc6,
    0x18, 0xc6, 0x18, 0xc6, 0x18, 0xc6, 0x18, 0xc6, 0x18, 0xc6, 0x18, 0xc6,
    0x18, 0xc6, 0x18, 0xc6, 0x18, 0xc6, 0x18, 0xc6, 0x18, 0xc6, 0x18, 0xc6,
    0xf8, 0xbd, 0xf8, 0xbd, 0xf8, 0xbd, 0xd8, 0xbd, 0xd7, 0xbd, 0xd7, 0xb5,
    0xb7, 0xb5, 0x97, 0xb5, 0x96, 0xb5, 0x76, 0xad, 0x55, 0xad, 0x35, 0xa5,
    0x34, 0xa5, 0xf4, 0x9c, 0xd4, 0x9c, 0xb3, 0x94, 0x92, 0x94, 0x72, 0x8c,
    0x51, 0x8c, 0x31, 0x84, 0xf0, 0x7b, 0xf0, 0x7b, 0xcf, 0x7b, 0x8f, 0x73,
    0x8e, 0x6b, 0x6e, 0x6b, 0x4d, 0x63, 0x0c, 0x63, 0xab, 0x5a, 0x6a, 0x4a,
    0xe8, 0x41, 0x66, 0x31, 0xc3, 0x18, 0x41, 0x08, 0x00, 0x00, 0x20, 0x00,
    0x41, 0x08, 0x82, 0x10, 0xe3, 0x18, 0x25, 0x29, 0x86, 0x31, 0xc7, 0x39,
    0xe8, 0x41, 0xe8, 0x39, 0xe7, 0x39, 0xc8, 0x39, 0xc7, 0x39, 0xc7, 0x39,
    0xc7, 0x39, 0xe7, 0x41, 0xc7, 0x39, 0xc7, 0x41, 0xc7, 0x39, 0xc7, 0x39,
    0xc7, 0x39, 0xa7, 0x39, 0x45, 0x29, 0xc3, 0x18, 0x62, 0x10, 0x41, 0x08,
    0x41, 0x08, 0x62, 0x08, 0x41, 0x08, 0x41, 0x08, 0x42, 0x08, 0x41, 0x08,
    0x41, 0x08, 0x62, 0x08, 0x41, 0x08, 0x41, 0x08, 0x62, 0x08, 0x41, 0x08,
    0x42, 0x08, 0x41, 0x08, 0x42, 0x08, 0x41, 0x08, 0x61, 0x08, 0x42, 0x08,
    0x41, 0x08, 0x41, 0x08, 0x41, 0x08, 0x41, 0x08, 0x41, 0x08, 0x41, 0x08,
    0x41, 0x08, 0x42, 0x08, 0x41, 0x08, 0x41, 0x08, 0x41, 0x08, 0x42, 0x08,
    0x41, 0x08, 0x41, 0x08, 0x42, 0x08, 0x41, 0x08, 0x41, 0x08, 0x41, 0x08,
    0x97, 0xb5, 0xb7, 0xbd, 0xd7, 0xbd, 0xd7, 0xbd, 0xd8, 0xbd, 0xd7, 0xbd,
    0xd7, 0xbd, 0xd8, 0xbd, 0xd7, 0xbd, 0xf7, 0xbd, 0xf8, 0xbd, 0xf8, 0xbd,
    0xf8, 0xbd, 0xf8, 0xbd, 0xf8, 0xbd, 0xf8, 0xbd, 0xd7, 0xbd, 0xd7, 0xbd,
    0xd7, 0xbd, 0xb7, 0xbd, 0xb7, 0xb5, 0xb6, 0xb5, 0x96, 0xb5, 0x76, 0xb5,
    0x55, 0xb5, 0x34, 0xb5, 0x34, 0xb5, 0x33, 0xad, 0x13, 0xb5, 0x12, 0xb5,
    0xf1, 0xb4, 0xf1, 0xb4, 0xf1, 0xbc, 0xf1, 0xb4, 0x12, 0xb5, 0x12, 0xb5,
    0x12, 0xb5, 0x34, 0xb5, 0x55, 0xb5, 0x76, 0xb5, 0x96, 0xb5, 0x96, 0xb5,
    0x96, 0xb5, 0x96, 0xb5, 0xb7, 0xbd, 0xb7, 0xbd, 0xb7, 0xbd, 0xb7, 0xbd,
    0xb7, 0xb5, 0xb7, 0xbd, 0xb7, 0xbd, 0xd7, 0xbd, 0xd7, 0xbd, 0xd7, 0xbd,
    0xd7, 0xbd, 0xd8, 0xbd, 0xd8, 0xbd, 0xf8, 0xbd, 0xf7, 0xbd, 0xf8, 0xbd,
    0xf8, 0xbd, 0xf8, 0xbd, 0xf8, 0xbd, 0xf7, 0xbd, 0xf8, 0xbd, 0xf8, 0xbd,
    0xf8, 0xbd, 0xf8, 0xbd, 0xf8, 0xbd, 0xf8, 0xbd, 0xf8, 0xbd, 0xf8, 0xbd,
    0xf8, 0xc5, 0xf8, 0xc5, 0xf8, 0xbd, 0x18, 0xc6, 0xf8, 0xc5, 0x18, 0xc6,
    0x18, 0xc6, 0x18, 0xc6, 0xf8, 0xc5, 0xf8, 0xbd, 0xf8, 0xbd, 0xf8, 0xbd,
    0xf8, 0xbd, 0xd7, 0xbd, 0xd7, 0xbd, 0xd7, 0xbd, 0xb7, 0xb5, 0x96, 0xb5,
    0x96, 0xb5, 0x76, 0xad, 0x55, 0xad, 0x35, 0xad, 0x35, 0xa5, 0x14, 0xa5,
    0xf4, 0x9c, 0xd3, 0x9c, 0xb3, 0x94, 0x92, 0x8c, 0x52, 0x8c, 0x31, 0x84,
    0x10, 0x84, 0xf0, 0x7b, 0xcf, 0x7b, 0xaf, 0x73, 0x8e, 0x73, 0x6e, 0x6b,
    0x4d, 0x6b, 0x0c, 0x63, 0xcc, 0x5a, 0x6a, 0x4a, 0x08, 0x42, 0x66, 0x29,
    0xc3, 0x18, 0x41, 0x08, 0x20, 0x00, 0x00, 0x00, 0x41, 0x08, 0xa3, 0x10,
    0xe4, 0x20, 0x45, 0x29, 0xa7, 0x31, 0xc8, 0x39, 0xe8, 0x41, 0xe8, 0x41,
    0xe8, 0x39, 0xe8, 0x39, 0xe8, 0x41, 0xc7, 0x39, 0xc7, 0x39, 0xc7, 0x39,
    0xe8, 0x41, 0xe8, 0x41, 0xe8, 0x39, 0xe7, 0x39, 0xc7, 0x39, 0xa6, 0x31,
    0x45, 0x29, 0xc3, 0x18, 0x62, 0x10, 0x41, 0x08, 0x41, 0x08, 0x41, 0x08,
    0x41, 0x08, 0x41, 0x08, 0x41, 0x08, 0x41, 0x08, 0x61, 0x08, 0x41, 0x08,
    0x41, 0x08, 0x41, 0x08, 0x41, 0x08, 0x42, 0x08, 0x41, 0x08, 0x41, 0x08,
    0x41, 0x08, 0x41, 0x08, 0x61, 0x08, 0x41, 0x08, 0x41, 0x08, 0x42, 0x08,
    0x41, 0x08, 0x41, 0x08, 0x41, 0x08, 0x41, 0x08, 0x41, 0x08, 0x41, 0x08,
    0x41, 0x08, 0x41, 0x08, 0x41, 0x08, 0x41, 0x08, 0x41, 0x08, 0x41, 0x08,
    0x41, 0x08, 0x41, 0x08, 0x41, 0x08, 0x41, 0x08, 0x42, 0x08, 0x41, 0x08,
    0x96, 0xb5, 0xb7, 0xbd, 0xd7, 0xbd, 0xd7, 0xbd, 0xf8, 0xbd, 0xf8, 0xbd,
    0xf8, 0xbd, 0xf8, 0xbd, 0xf8, 0xbd, 0xf8, 0xbd, 0xf8, 0xbd, 0xd8, 0xbd,
    0xd8, 0xbd, 0xf8, 0xbd, 0xf8, 0xbd, 0xd7, 0xbd, 0xd8, 0xbd, 0xd7, 0xbd,
    0xd7, 0xbd, 0xb7, 0xb5, 0xb7, 0xb5, 0x97, 0xb5, 0x96, 0xb5, 0x76, 0xb5,
    0x55, 0xb5, 0x55, 0xad, 0x34, 0xad, 0x13, 0xb5, 0x12, 0xb5, 0xf2, 0xb4,
    0xf1, 0xb4, 0xf1, 0xb4, 0xf0, 0xb4, 0xf0, 0xb4, 0xf1, 0xb4, 0xd1, 0xb4,
    0xd1, 0xac, 0xf2, 0xac, 0x13, 0xad, 0x34, 0xad, 0x55, 0xad, 0x55, 0xad,
    0x76, 0xad, 0x76, 0xb5, 0x76, 0xb5, 0xb6, 0xb5, 0xd7, 0xbd, 0xb7, 0xbd,
    0xb7, 0xb5, 0xb7, 0xbd, 0xb7, 0xbd, 0xd7, 0xbd, 0xd7, 0xbd, 0xd7, 0xbd,
    0xd8, 0xbd, 0xd8, 0xbd, 0xd8, 0xbd, 0xf8, 0xbd, 0xd7, 0xbd, 0xb7, 0xbd,
    0x96, 0xb5, 0x76, 0xb5, 0x76, 0xad, 0x76, 0xad, 0x76, 0xad, 0x56, 0xad,
    0x56, 0xad, 0x76, 0xad, 0x96, 0xb5, 0xb7, 0xb5, 0xd7, 0xbd, 0xf8, 0xbd,
    0xf8, 0xbd, 0xf8, 0xbd, 0xf8, 0xbd, 0xf8, 0xc5, 0xf8, 0xbd, 0xf8, 0xbd,
    0xf8, 0xbd, 0xf8, 0xbd, 0xf8, 0xbd, 0xf8, 0xbd, 0xd8, 0xbd, 0xd7, 0xbd,
    0xd7, 0xbd, 0xb7, 0xb5, 0xb7, 0xb5, 0x97, 0xb5, 0x96, 0xb5, 0x76, 0xad,
    0x56, 0xad, 0x55, 0xad, 0x35, 0xa5, 0x14, 0xa5, 0xf4, 0x9c, 0xd4, 0x9c,
    0xb3, 0x94, 0x92, 0x94, 0x72, 0x8c, 0x51, 0x8c, 0x31, 0x84, 0x10, 0x84,
    0xf0, 0x7b, 0xcf, 0x7b, 0xaf, 0x73, 0x8e, 0x73, 0x6e, 0x6b, 0x2d, 0x63,
    0xcb, 0x5a, 0x6a, 0x52, 0x08, 0x42, 0x86, 0x31, 0xc3, 0x18, 0x41, 0x08,
    0x20, 0x00, 0x01, 0x00, 0x41, 0x08, 0xa2, 0x18, 0x04, 0x21, 0x66, 0x29,
    0xa7, 0x39, 0x08, 0x42, 0x08, 0x42, 0x08, 0x42, 0x08, 0x42, 0xe8, 0x41,
    0xe8, 0x39, 0xe8, 0x39, 0xe8, 0x41, 0xe7, 0x41, 0xe8, 0x39, 0xc8, 0x39,
    0xe8, 0x39, 0xc7, 0x39, 0xc7, 0x39, 0xa7, 0x31, 0x25, 0x29, 0xa3, 0x18,
    0x62, 0x08, 0x41, 0x08, 0x41, 0x08, 0x41, 0x08, 0x61, 0x08, 0x42, 0x08,
    0x41, 0x08, 0x41, 0x08, 0x42, 0x08, 0x61, 0x08, 0x41, 0x08, 0x42, 0x08,
    0x61, 0x08, 0x41, 0x08, 0x41, 0x08, 0x61, 0x08, 0x41, 0x08, 0x41, 0x08,
    0x61, 0x08, 0x41, 0x08, 0x41, 0x08, 0x41, 0x08, 0x41, 0x08, 0x41, 0x08,
    0x41, 0x08, 0x41, 0x08, 0x41, 0x08, 0x41, 0x08, 0x42, 0x08, 0x41, 0x08,
    0x41, 0x08, 0x41, 0x08, 0x41, 0x08, 0x41, 0x08, 0x42, 0x08, 0x41, 0x08,
    0x41, 0x08, 0x41, 0x08, 0x41, 0x08, 0x41, 0x08, 0x41, 0x08, 0x41, 0x08,
    0x96, 0xb5, 0x96, 0xbd, 0xb7, 0xbd, 0xd7, 0xbd, 0xd8, 0xbd, 0xd8, 0xbd,
    0xd8, 0xbd, 0xd8, 0xbd, 0xd8, 0xbd, 0xd8, 0xbd, 0xd8, 0xbd, 0xd8, 0xbd,
    0xd7, 0xbd, 0xd7, 0xb5, 0xd7, 0xb5, 0xd7, 0xbd, 0xd7, 0xb5, 0xb7, 0xb5,
    0xb7, 0xb5, 0xb7, 0xb5, 0xb7, 0xb5, 0x97, 0xb5, 0x96, 0xb5, 0x76, 0xb5,
    0x75, 0xb5, 0x55, 0xad, 0x34, 0xad, 0x33, 0xb5, 0x13, 0xb5, 0xf2, 0xac,
    0xf1, 0xb4, 0xf0, 0xb4, 0xf0, 0xbc, 0xf0, 0xb4, 0xf1, 0xb4, 0xf1, 0xb4,
    0x12, 0xb5, 0x13, 0xad, 0x34, 0xad, 0x54, 0xb5, 0x75, 0xb5, 0x76, 0xb5,
    0x96, 0xb5, 0x97, 0xb5, 0xb7, 0xb5, 0xb7, 0xbd, 0xd7, 0xbd, 0xf8, 0xbd,
    0xd7, 0xbd, 0xd7, 0xbd, 0xd7, 0xbd, 0xd7, 0xbd, 0xd7, 0xbd, 0xd8, 0xbd,
    0xd8, 0xbd, 0xd7, 0xbd, 0xd7, 0xbd, 0xf8, 0xbd, 0xf8, 0xbd, 0xd7, 0xbd,
    0xd7, 0xbd, 0xb7, 0xb5, 0x97, 0xb5, 0x96, 0xb5, 0x96, 0xb5, 0x96, 0xb5,
    0x96, 0xb5, 0x96, 0xb5, 0xb7, 0xb5, 0xb7, 0xbd, 0xb7, 0xbd, 0xf7, 0xbd,
    0xf8, 0xbd, 0xf8, 0xbd, 0xf8, 0xbd, 0xf8, 0xbd, 0xf8, 0xbd, 0xd8, 0xbd,
    0xd8, 0xbd, 0xd7, 0xbd, 0xd7, 0xbd, 0xd7, 0xbd, 0xd7, 0xbd, 0xb7, 0xb5,
    0xb7, 0xb5, 0x97, 0xb5, 0x96, 0xb5, 0x76, 0xad, 0x76, 0xad, 0x55, 0xad,
    0x35, 0xa5, 0x14, 0xa5, 0xf4, 0x9c, 0xf4, 0x9c, 0xd3, 0x9c, 0x93, 0x94,
    0x92, 0x8c, 0x52, 0x8c, 0x51, 0x8c, 0x31, 0x84, 0x10, 0x7c, 0xcf, 0x7b,
    0xaf, 0x73, 0xaf, 0x73, 0x6e, 0x6b, 0x2d, 0x6b, 0xec, 0x5a, 0x8a, 0x52,
    0x08, 0x42, 0x86, 0x31, 0xc3, 0x18, 0x41, 0x08, 0x00, 0x00, 0x21, 0x00,
    0x41, 0x08, 0xa2, 0x10, 0x04, 0x21, 0x66, 0x31, 0xc7, 0x39, 0x09, 0x42,
    0x29, 0x42, 0x29, 0x42, 0x08, 0x42, 0x08, 0x42, 0x08, 0x42, 0x08, 0x42,
    0xe8, 0x41, 0xe8, 0x39, 0xe8, 0x39, 0xe8, 0x39, 0xe8, 0x39, 0xe7, 0x41,
    0xc7, 0x39, 0x86, 0x31, 0x25, 0x29, 0xa3, 0x18, 0x62, 0x08, 0x41, 0x08,
    0x41, 0x08, 0x61, 0x08, 0x41, 0x08, 0x41, 0x08, 0x42, 0x08, 0x41, 0x08,
    0x61, 0x08, 0x62, 0x08, 0x41, 0x08, 0x41, 0x08, 0x41, 0x08, 0x42, 0x08,
    0x41, 0x08, 0x41, 0x08, 0x42, 0x08, 0x41, 0x08, 0x41, 0x08, 0x41, 0x08,
    0x42, 0x08, 0x41, 0x08, 0x41, 0x08, 0x42, 0x08, 0x41, 0x08, 0x41, 0x08,
    0x41, 0x08, 0x41, 0x08, 0x42, 0x08, 0x41, 0x08, 0x41, 0x08, 0x41, 0x08,
    0x41, 0x08, 0x42, 0x08, 0x41, 0x08, 0x41, 0x08, 0x41, 0x08, 0x41, 0x08,
    0x42, 0x08, 0x41, 0x08, 0x41, 0x08, 0x41, 0x08, 0x41, 0x08, 0x41, 0x08,
    0x96, 0xb5, 0x97, 0xb5, 0xb7, 0xbd, 0xd7, 0xbd, 0xd7, 0xbd, 0xd7, 0xbd,
    0xd7, 0xbd, 0xd8, 0xbd, 0xd7, 0xbd, 0xd7, 0xb5, 0xd7, 0xb5, 0xb7, 0xb5,
    0xb7, 0xb5, 0x97, 0xb5, 0x97, 0xb5, 0xb7, 0xb5, 0xb7, 0xb5, 0x97, 0xb5,
    0x97, 0xb5, 0x97, 0xb5, 0x96, 0xb5, 0x96, 0xb5, 0x96, 0xb5, 0x96, 0xb5,
    0x76, 0xb5, 0x55, 0xad, 0x34, 0xb5, 0x13, 0xb5, 0x13, 0xb5, 0x12, 0xb5,
    0xf1, 0xb4, 0xd1, 0xb4, 0xf1, 0xb4, 0xf0, 0xbc, 0xd0, 0xb4, 0xf2, 0xb4,
    0x13, 0xb5, 0x13, 0xb5, 0x34, 0xb5, 0x55, 0xb5, 0x76, 0xb5, 0x96, 0xb5,
    0x97, 0xb5, 0xb7, 0xb5, 0xd7, 0xbd, 0xd7, 0xbd, 0xd8, 0xbd, 0xf8, 0xbd,
    0xd7, 0xbd, 0xd8, 0xbd, 0xf8, 0xbd, 0xd7, 0xbd, 0xf8, 0xbd, 0xf8, 0xbd,
    0xd8, 0xbd, 0xf7, 0xbd, 0xd7, 0xbd, 0xf8, 0xbd, 0xf8, 0xbd, 0xf8, 0xc5,
    0xf8, 0xbd, 0xd8, 0xbd, 0xb7, 0xbd, 0xd7, 0xbd, 0xb7, 0xbd, 0xb7, 0xbd,
    0xb7, 0xbd, 0xb7, 0xb5, 0xb7, 0xb5, 0xb7, 0xb5, 0xb7, 0xbd, 0xd8, 0xbd,
    0xd8, 0xbd, 0xd7, 0xbd, 0xd7, 0xbd, 0xd7, 0xbd, 0xd7, 0xbd, 0xd7, 0xbd,
    0xd7, 0xbd, 0xb7, 0xbd, 0xb7, 0xb5, 0xb7, 0xb5, 0xb7, 0xb5, 0x96, 0xb5,
    0x76, 0xb5, 0x76, 0xad, 0x75, 0xad, 0x55, 0xad, 0x35, 0xa5, 0x15, 0xa5,
    0x14, 0x9d, 0xf4, 0x9c, 0xd3, 0x9c, 0xb3, 0x94, 0x92, 0x94, 0x72, 0x8c,
    0x51, 0x8c, 0x31, 0x84, 0x10, 0x84, 0xf0, 0x7b, 0xcf, 0x7b, 0xaf, 0x73,
    0x8e, 0x6b, 0x4d, 0x6b, 0xec, 0x5a, 0x8b, 0x52, 0x29, 0x42, 0x86, 0x31,
    0xc3, 0x18, 0x41, 0x08, 0x20, 0x00, 0x00, 0x00, 0x41, 0x08, 0xa3, 0x10,
    0x24, 0x21, 0x66, 0x31, 0xe8, 0x39, 0x29, 0x42, 0x29, 0x4a, 0x29, 0x42,
    0x29, 0x42, 0x29, 0x42, 0x28, 0x42, 0x08, 0x42, 0x08, 0x42, 0x08, 0x42,
    0xe8, 0x41, 0xe8, 0x41, 0xe8, 0x41, 0xe8, 0x39, 0xc7, 0x39, 0xa6, 0x31,
    0x25, 0x29, 0xa3, 0x18, 0x41, 0x08, 0x41, 0x08, 0x61, 0x08, 0x41, 0x08,
    0x41, 0x08, 0x41, 0x08, 0x41, 0x08, 0x42, 0x08, 0x61, 0x08, 0x41, 0x08,
    0x41, 0x08, 0x41, 0x08, 0x41, 0x08, 0x61, 0x08, 0x41, 0x08, 0x61, 0x08,
    0x41, 0x08, 0x41, 0x08, 0x41, 0x08, 0x41, 0x08, 0x41, 0x08, 0x41, 0x08,
    0x41, 0x08, 0x41, 0x08, 0x41, 0x08, 0x41, 0x08, 0x41, 0x08, 0x41, 0x08,
    0x41, 0x08, 0x41, 0x08, 0x41, 0x08, 0x41, 0x08, 0x41, 0x08, 0x41, 0x08,
    0x41, 0x08, 0x41, 0x08, 0x41, 0x08, 0x41, 0x08, 0x41, 0x08, 0x41, 0x08,
    0x41, 0x08, 0x41, 0x08, 0x41, 0x08, 0x42, 0x08, 0x41, 0x08, 0x41, 0x08,
    0x96, 0xb5, 0x96, 0xb5, 0xb7, 0xbd, 0xd7, 0xbd, 0xd7, 0xbd, 0xd8, 0xbd,
    0xd8, 0xbd, 0xd7, 0xbd, 0xd7, 0xb5, 0xd7, 0xbd, 0xb7, 0xb5, 0xb7, 0xb5,
    0x97, 0xb5, 0x96, 0xad, 0x97, 0xad, 0x97, 0xad, 0x96, 0xad, 0x97, 0xb5,
    0x96, 0xb5, 0x96, 0xb5, 0x96, 0xb5, 0x96, 0xb5, 0x96, 0xb5, 0x76, 0xb5,
    0x76, 0xb5, 0x55, 0xb5, 0x34, 0xb5, 0x34, 0xb5, 0x13, 0xad, 0x12, 0xb5,
    0xf1, 0xb4, 0xf1, 0xb4, 0xf0, 0xbc, 0xf0, 0xb4, 0xd0, 0xb4, 0xf1, 0xb4,
    0xd1, 0xb4, 0xd2, 0xac, 0xf3, 0xac, 0x34, 0xad, 0x55, 0xb5, 0x76, 0xb5,
    0x76, 0xb5, 0x96, 0xb5, 0xb7, 0xb5, 0xb7, 0xb5, 0xd7, 0xbd, 0xf8, 0xbd,
    0xd8, 0xbd, 0xd7, 0xbd, 0xd8, 0xbd, 0xf8, 0xbd, 0xf8, 0xbd, 0xd7, 0xbd,
    0xd7, 0xbd, 0xd8, 0xbd, 0xd8, 0xbd, 0xd7, 0xbd, 0xf8, 0xbd, 0xf7, 0xbd,
    0xd7, 0xbd, 0xb7, 0xbd, 0xb7, 0xbd, 0xb7, 0xb5, 0xb7, 0xb5, 0xb7, 0xb5,
    0xb7, 0xb5, 0xb7, 0xb5, 0x96, 0xb5, 0xb7, 0xb5, 0xd7, 0xbd, 0xd7, 0xbd,
    0xd7, 0xbd, 0xd7, 0xbd, 0xb7, 0xbd, 0xb7, 0xb5, 0xb7, 0xb5, 0xb7, 0xb5,
    0xb7, 0xb5, 0xb7, 0xb5, 0x97, 0xb5, 0x96, 0xb5, 0x76, 0xb5, 0x76, 0xad,
    0x56, 0xad, 0x55, 0xad, 0x35, 0xa5, 0x14, 0xa5, 0x14, 0xa5, 0xf4, 0x9c,
    0xd3, 0x9c, 0xb3, 0x94, 0x93, 0x94, 0x72, 0x8c, 0x52, 0x8c, 0x51, 0x84,
    0x31, 0x84, 0x10, 0x84, 0xd0, 0x7b, 0xcf, 0x73, 0x8e, 0x73, 0x4e, 0x6b,
    0x0c, 0x63, 0xab, 0x52, 0x29, 0x42, 0xa7, 0x31, 0xe3, 0x18, 0x41, 0x08,
    0x00, 0x00, 0x21, 0x00, 0x62, 0x10, 0xc3, 0x18, 0x45, 0x29, 0xa7, 0x31,
    0xe8, 0x41, 0x29, 0x42, 0x49, 0x4a, 0x49, 0x4a, 0x29, 0x4a, 0x29, 0x4a,
    0x29, 0x42, 0x29, 0x4a, 0x29, 0x42, 0x09, 0x4a, 0x08, 0x42, 0x09, 0x42,
    0x08, 0x42, 0x08, 0x42, 0xe8, 0x39, 0x86, 0x31, 0x25, 0x29, 0x83, 0x10,
    0x41, 0x08, 0x41, 0x08, 0x41, 0x08, 0x41, 0x08, 0x41, 0x08, 0x42, 0x08,
    0x41, 0x08, 0x41, 0x10, 0x42, 0x08, 0x61, 0x08, 0x41, 0x08, 0x41, 0x08,
    0x41, 0x08, 0x42, 0x08, 0x41, 0x08, 0x41, 0x08, 0x41, 0x08, 0x41, 0x08,
    0x41, 0x08, 0x41, 0x08, 0x41, 0x08, 0x41, 0x08, 0x41, 0x08, 0x42, 0x08,
    0x41, 0x08, 0x41, 0x08, 0x41, 0x08, 0x41, 0x08, 0x41, 0x08, 0x41, 0x08,
    0x42, 0x08, 0x41, 0x08, 0x41, 0x08, 0x41, 0x08, 0x42, 0x08, 0x41, 0x08,
    0x41, 0x08, 0x41, 0x08, 0x41, 0x08, 0x42, 0x08, 0x41, 0x08, 0x41, 0x08,
    0x41, 0x08, 0x41, 0x08, 0x41, 0x08, 0x41, 0x08, 0x41, 0x08, 0x41, 0x08,
    0x76, 0xb5, 0x96, 0xb5, 0xb7, 0xbd, 0xd7, 0xbd, 0xd7, 0xbd, 0xd8, 0xbd,
    0xd7, 0xbd, 0xd7, 0xb5, 0xd8, 0xbd, 0xb7, 0xb5, 0xb7, 0xb5, 0x97, 0xb5,
    0x97, 0xad, 0x76, 0xad, 0x76, 0xad, 0x76, 0xad, 0x76, 0xad, 0x96, 0xad,
    0x76, 0xad, 0x76, 0xad, 0x96, 0xb5, 0x96, 0xad, 0x76, 0xad, 0x76, 0xb5,
    0x76, 0xb5, 0x55, 0xad, 0x54, 0xb5, 0x34, 0xad, 0x13, 0xad, 0x12, 0xb5,
    0xf2, 0xb4, 0xf1, 0xb4, 0xf1, 0xb4, 0xf1, 0xbc, 0xf0, 0xb4, 0xd0, 0xb4,
    0xd0, 0xb4, 0xd1, 0xac, 0xf3, 0xac, 0x34, 0xad, 0x54, 0xad, 0x55, 0xad,
    0x76, 0xad, 0x76, 0xb5, 0x97, 0xb5, 0xd7, 0xbd, 0xd7, 0xbd, 0xf8, 0xbd,
    0xd7, 0xbd, 0xd7, 0xbd, 0xd7, 0xbd, 0xd7, 0xbd, 0xd7, 0xbd, 0xd8, 0xbd,
    0xd7, 0xbd, 0xd7, 0xbd, 0xd7, 0xbd, 0xd7, 0xbd, 0xd7, 0xbd, 0xd7, 0xbd,
    0xb6, 0xb5, 0x96, 0xb5, 0xb7, 0xbd, 0xb7, 0xb5, 0xb7, 0xb5, 0xb7, 0xb5,
    0xb7, 0xb5, 0xb7, 0xb5, 0x97, 0xb5, 0xb7, 0xbd, 0xd7, 0xbd, 0xb7, 0xb5,
    0xb7, 0xb5, 0xb7, 0xb5, 0xb7, 0xb5, 0xb7, 0xb5, 0xb7, 0xb5, 0x96, 0xb5,
    0x96, 0xb5, 0x76, 0xb5, 0x76, 0xad, 0x76, 0xad, 0x55, 0xad, 0x55, 0xad,
    0x35, 0xa5, 0x15, 0xa5, 0x14, 0xa5, 0xf4, 0x9c, 0xd3, 0x9c, 0xb3, 0x94,
    0x93, 0x94, 0x92, 0x94, 0x72, 0x8c, 0x51, 0x84, 0x31, 0x84, 0x10, 0x84,
    0xf0, 0x7b, 0xcf, 0x7b, 0xaf, 0x73, 0x4e, 0x6b, 0x0c, 0x63, 0xcb, 0x5a,
    0x49, 0x4a, 0xa7, 0x39, 0xe4, 0x18, 0x41, 0x08, 0x20, 0x00, 0x21, 0x08,
    0x62, 0x10, 0xe3, 0x18, 0x45, 0x29, 0xa7, 0x39, 0x09, 0x42, 0x4a, 0x4a,
    0x6a, 0x4a, 0x6a, 0x4a, 0x49, 0x4a, 0x49, 0x4a, 0x49, 0x4a, 0x29, 0x42,
    0x29, 0x42, 0x29, 0x42, 0x29, 0x4a, 0x29, 0x42, 0x28, 0x42, 0x08, 0x42,
    0xe8, 0x39, 0xa7, 0x31, 0x25, 0x29, 0xa2, 0x10, 0x41, 0x08, 0x41, 0x08,
    0x41, 0x08, 0x41, 0x08, 0x61, 0x08, 0x42, 0x08, 0x41, 0x08, 0x41, 0x08,
    0x62, 0x08, 0x61, 0x08, 0x41, 0x08, 0x41, 0x08, 0x41, 0x08, 0x61, 0x08,
    0x62, 0x08, 0x41, 0x08, 0x61, 0x08, 0x41, 0x08, 0x41, 0x08, 0x42, 0x08,
    0x41, 0x08, 0x41, 0x08, 0x42, 0x08, 0x41, 0x08, 0x41, 0x08, 0x41, 0x08,
    0x41, 0x08, 0x41, 0x08, 0x42, 0x08, 0x41, 0x08, 0x41, 0x08, 0x41, 0x08,
    0x41, 0x08, 0x41, 0x08, 0x41, 0x08, 0x41, 0x08, 0x41, 0x08, 0x41, 0x08,
    0x41, 0x08, 0x42, 0x08, 0x41, 0x08, 0x41, 0x08, 0x41, 0x08, 0x41, 0x08,
    0x41, 0x08, 0x42, 0x08, 0x41, 0x08, 0x41, 0x08, 0x41, 0x08, 0x41, 0x08,
    0x76, 0xb5, 0x96, 0xb5, 0xb7, 0xb5, 0xd7, 0xbd, 0xd7, 0xbd, 0xd7, 0xbd,
    0xb7, 0xb5, 0xb7, 0xbd, 0xb7, 0xb5, 0xb7, 0xb5, 0x97, 0xb5, 0x97, 0xb5,
    0x96, 0xad, 0x76, 0xad, 0x56, 0xa5, 0x76, 0xad, 0x76, 0xad, 0x76, 0xad,
    0x76, 0xad, 0x76, 0xad, 0x76, 0xb5, 0x76, 0xb5, 0x76, 0xb5, 0x96, 0xb5,
    0x76, 0xb5, 0x75, 0xad, 0x54, 0xb5, 0x34, 0xb5, 0x13, 0xb5, 0x12, 0xb5,
    0xf2, 0xb4, 0xf1, 0xb4, 0xf1, 0xb4, 0xf1, 0xbc, 0xf1, 0xb4, 0xf1, 0xb4,
    0x12, 0xb5, 0x33, 0xb5, 0x54, 0xb5, 0x75, 0xb5, 0x96, 0xb5, 0x96, 0xb5,
    0xb7, 0xb5, 0xb7, 0xbd, 0xd7, 0xbd, 0xd8, 0xbd, 0xf8, 0xbd, 0xf8, 0xbd,
    0xf8, 0xc5, 0xd8, 0xbd, 0xf8, 0xbd, 0xd8, 0xbd, 0xd7, 0xbd, 0xd7, 0xbd,
    0xd7, 0xbd, 0xb7, 0xbd, 0xb7, 0xbd, 0xb7, 0xbd, 0xb7, 0xbd, 0xb7, 0xbd,
    0xb7, 0xbd, 0xb7, 0xb5, 0x97, 0xb5, 0x96, 0xb5, 0x96, 0xb5, 0x96, 0xb5,
    0x96, 0xb5, 0x96, 0xb5, 0x96, 0xb5, 0x96, 0xb5, 0x76, 0xad, 0x76, 0xb5,
    0x97, 0xb5, 0xb7, 0xb5, 0x96, 0xb5, 0x96, 0xb5, 0x76, 0xb5, 0x76, 0xad,
    0x76, 0xad, 0x55, 0xad, 0x55, 0xad, 0x35, 0xa5, 0x35, 0xa5, 0x14, 0xa5,
    0xf4, 0x9c, 0xf4, 0x9c, 0xd3, 0x9c, 0xb3, 0x94, 0x92, 0x94, 0x92, 0x8c,
    0x72, 0x8c, 0x51, 0x8c, 0x31, 0x84, 0x31, 0x84, 0x10, 0x84, 0xd0, 0x7b,
    0xaf, 0x73, 0x6e, 0x6b, 0x2d, 0x63, 0xcb, 0x5a, 0x6a, 0x4a, 0xc7, 0x39,
    0x04, 0x21, 0x61, 0x08, 0x00, 0x00, 0x21, 0x08, 0x82, 0x10, 0x04, 0x21,
    0x66, 0x29, 0xc8, 0x39, 0x29, 0x42, 0x6a, 0x4a, 0x8a, 0x52, 0x6a, 0x4a,
    0x6a, 0x4a, 0x6a, 0x4a, 0x4a, 0x4a, 0x49, 0x4a, 0x49, 0x4a, 0x49, 0x4a,
    0x29, 0x42, 0x29, 0x42, 0x29, 0x42, 0x29, 0x42, 0xe8, 0x41, 0xa7, 0x39,
    0x25, 0x21, 0x82, 0x10, 0x41, 0x08, 0x41, 0x08, 0x41, 0x08, 0x41, 0x08,
    0x41, 0x08, 0x62, 0x08, 0x41, 0x10, 0x41, 0x08, 0x62, 0x08, 0x41, 0x10,
    0x41, 0x08, 0x42, 0x08, 0x41, 0x08, 0x61, 0x08, 0x41, 0x08, 0x42, 0x08,
    0x41, 0x08, 0x41, 0x08, 0x41, 0x08, 0x41, 0x08, 0x41, 0x08, 0x61, 0x08,
    0x41, 0x08, 0x41, 0x08, 0x41, 0x08, 0x41, 0x08, 0x41, 0x08, 0x41, 0x08,
    0x41, 0x08, 0x41, 0x08, 0x41, 0x08, 0x41, 0x08, 0x42, 0x08, 0x41, 0x08,
    0x41, 0x08, 0x42, 0x08, 0x41, 0x08, 0x41, 0x08, 0x41, 0x08, 0x41, 0x08,
    0x41, 0x08, 0x41, 0x08, 0x41, 0x08, 0x41, 0x08, 0x42, 0x08, 0x41, 0x08,
    0x41, 0x08, 0x41, 0x08, 0x41, 0x08, 0x41, 0x08, 0x42, 0x08, 0x41, 0x08,
    0x76, 0xb5, 0x96, 0xb5, 0xb7, 0xbd, 0xb7, 0xbd, 0xb7, 0xbd, 0xb7, 0xbd,
    0xb7, 0xb5, 0xb7, 0xb5, 0xb7, 0xb5, 0xb7, 0xb5, 0x97, 0xb5, 0x96, 0xb5,
    0x96, 0xad, 0x76, 0xad, 0x56, 0xa5, 0x76, 0xad, 0x76, 0xad, 0x76, 0xad,
    0x76, 0xad, 0x76, 0xad, 0x76, 0xad, 0x96, 0xb5, 0x96, 0xb5, 0x76, 0xb5,
    0x76, 0xb5, 0x76, 0xad, 0x55, 0xb5, 0x34, 0xb5, 0x34, 0xad, 0x13, 0xad,
    0x13, 0xad, 0x13, 0xad, 0xf3, 0xac, 0x13, 0xad, 0x12, 0xad, 0x13, 0xad,
    0x34, 0xad, 0x55, 0xb5, 0x76, 0xb5, 0x96, 0xb5, 0xb7, 0xb5, 0xb7, 0xbd,
    0xd7, 0xbd, 0xd7, 0xbd, 0xf8, 0xbd, 0xf8, 0xbd, 0xd7, 0xbd, 0xf8, 0xbd,
    0xf7, 0xbd, 0xf8, 0xbd, 0xf8, 0xbd, 0xd7, 0xc5, 0xd7, 0xbd, 0xd7, 0xbd,
    0xd7, 0xbd, 0xb7, 0xbd, 0xb7, 0xbd, 0xb7, 0xbd, 0xb7, 0xbd, 0xb6, 0xbd,
    0xb7, 0xbd, 0xb7, 0xbd, 0x96, 0xb5, 0x76, 0xb5, 0x76, 0xad, 0x76, 0xb5,
    0x76, 0xad, 0x56, 0xad, 0x55, 0xad, 0x55, 0xad, 0x56, 0xa5, 0x76, 0xad,
    0x76, 0xad, 0x96, 0xb5, 0x76, 0xad, 0x76, 0xad, 0x55, 0xad, 0x55, 0xad,
    0x35, 0xa5, 0x35, 0xa5, 0x15, 0xa5, 0xf4, 0xa4, 0xf4, 0x9c, 0xd3, 0x9c,
    0xd3, 0x9c, 0xb3, 0x94, 0x93, 0x94, 0x92, 0x8c, 0x72, 0x8c, 0x51, 0x8c,
    0x31, 0x84, 0x11, 0x84, 0x10, 0x84, 0xd0, 0x7b, 0xaf, 0x73, 0x8e, 0x73,
    0x2d, 0x63, 0xcb, 0x5a, 0x6a, 0x4a, 0xe8, 0x39, 0x04, 0x21, 0x62, 0x10,
    0x20, 0x00, 0x41, 0x08, 0xa2, 0x10, 0x25, 0x21, 0x86, 0x31, 0xe8, 0x39,
    0x49, 0x4a, 0x8a, 0x52, 0xab, 0x52, 0xab, 0x52, 0x8a, 0x52, 0x8a, 0x52,
    0x6a, 0x4a, 0x6a, 0x4a, 0x6a, 0x4a, 0x69, 0x4a, 0x4a, 0x4a, 0x49, 0x4a,
    0x29, 0x4a, 0x29, 0x42, 0xe8, 0x39, 0xa7, 0x31, 0x04, 0x21, 0x82, 0x10,
    0x41, 0x08, 0x41, 0x08, 0x61, 0x08, 0x42, 0x08, 0x41, 0x08, 0x41, 0x10,
    0x62, 0x08, 0x41, 0x08, 0x41, 0x08, 0x42, 0x08, 0x41, 0x08, 0x61, 0x08,
    0x41, 0x08, 0x41, 0x08, 0x61, 0x08, 0x42, 0x08, 0x41, 0x08, 0x41, 0x08,
    0x41, 0x08, 0x41, 0x08, 0x41, 0x08, 0x41, 0x08, 0x41, 0x08, 0x41, 0x08,
    0x41, 0x08, 0x42, 0x08, 0x41, 0x08, 0x41, 0x08, 0x42, 0x08, 0x41, 0x08,
    0x41, 0x08, 0x42, 0x08, 0x41, 0x08, 0x41, 0x08, 0x41, 0x08, 0x41, 0x08,
    0x41, 0x08, 0x41, 0x08, 0x41, 0x08, 0x41, 0x08, 0x42, 0x08, 0x41, 0x08,
    0x41, 0x08, 0x41, 0x08, 0x41, 0x08, 0x41, 0x08, 0x41, 0x08, 0x41, 0x08,
    0x41, 0x08, 0x41, 0x08, 0x41, 0x08, 0x41, 0x08, 0x41, 0x08, 0x41, 0x08,
    0x76, 0xb5, 0x96, 0xb5, 0xb7, 0xb5, 0xb7, 0xbd, 0xb7, 0xbd, 0xd7, 0xb5,
    0xd7, 0xbd, 0xb7, 0xb5, 0xb7, 0xb5, 0xb7, 0xb5, 0x97, 0xb5, 0x96, 0xad,
    0x76, 0xad, 0x76, 0xad, 0x56, 0xa5, 0x56, 0xad, 0x76, 0xad, 0x76, 0xad,
    0x97, 0xad, 0x96, 0xad, 0x76, 0xb5, 0x76, 0xb5, 0x96, 0xad, 0x96, 0xb5,
    0x76, 0xb5, 0x76, 0xb5, 0x55, 0xad, 0x55, 0xad, 0x35, 0xad, 0x34, 0xad,
    0x34, 0xad, 0x14, 0xad, 0x14, 0xa5, 0x14, 0xa5, 0x14, 0xa5, 0x35, 0xad,
    0x35, 0xad, 0x56, 0xad, 0x76, 0xad, 0x96, 0xb5, 0xb7, 0xb5, 0xb7, 0xbd,
    0xd7, 0xbd, 0xd7, 0xbd, 0xf8, 0xbd, 0xf8, 0xbd, 0xf8, 0xbd, 0xd8, 0xbd,
    0xf7, 0xc5, 0xd7, 0xbd, 0xd7, 0xc5, 0xd7, 0xbd, 0xd7, 0xbd, 0xb7, 0xbd,
    0xb7, 0xbd, 0xb7, 0xbd, 0xb6, 0xbd, 0xb7, 0xbd, 0xb7, 0xbd, 0xb7, 0xbd,
    0xb6, 0xb5, 0x96, 0xb5, 0x76, 0xb5, 0x76, 0xb5, 0x76, 0xad, 0x76, 0xad,
    0x55, 0xad, 0x56, 0xad, 0x55, 0xad, 0x55, 0xad, 0x55, 0xad, 0x55, 0xad,
    0x55, 0xad, 0x56, 0xad, 0x55, 0xad, 0x35, 0xa5, 0x35, 0xa5, 0x14, 0xa5,
    0x14, 0xa5, 0xf4, 0x9c, 0xf4, 0x9c, 0xd3, 0x9c, 0xb3, 0x94, 0x93, 0x94,
    0x92, 0x94, 0x72, 0x8c, 0x72, 0x8c, 0x51, 0x8c, 0x31, 0x84, 0x11, 0x84,
    0x10, 0x84, 0xf0, 0x7b, 0xaf, 0x73, 0x6e, 0x73, 0x2d, 0x63, 0xec, 0x5a,
    0x6a, 0x52, 0xe7, 0x39, 0x25, 0x21, 0x62, 0x10, 0x20, 0x00, 0x21, 0x08,
    0xa3, 0x18, 0x25, 0x21, 0x86, 0x31, 0xe8, 0x39, 0x4a, 0x4a, 0xab, 0x52,
    0xab, 0x52, 0xab, 0x52, 0xab, 0x52, 0x8a, 0x52, 0x8a, 0x52, 0x8a, 0x52,
    0x6a, 0x4a, 0x6a, 0x4a, 0x6a, 0x52, 0x6a, 0x4a, 0x49, 0x4a, 0x29, 0x42,
    0x08, 0x42, 0x86, 0x31, 0x04, 0x21, 0x82, 0x10, 0x41, 0x08, 0x41, 0x08,
    0x41, 0x08, 0x42, 0x08, 0x41, 0x08, 0x41, 0x08, 0x62, 0x08, 0x61, 0x08,
    0x42, 0x08, 0x41, 0x08, 0x61, 0x08, 0x41, 0x08, 0x61, 0x08, 0x41, 0x08,
    0x42, 0x08, 0x61, 0x08, 0x41, 0x08, 0x42, 0x08, 0x41, 0x08, 0x41, 0x08,
    0x62, 0x08, 0x42, 0x08, 0x41, 0x08, 0x41, 0x08, 0x42, 0x08, 0x41, 0x08,
    0x41, 0x08, 0x41, 0x08, 0x41, 0x08, 0x41, 0x08, 0x41, 0x08, 0x41, 0x08,
    0x41, 0x08, 0x41, 0x08, 0x41, 0x08, 0x41, 0x08, 0x41, 0x08, 0x41, 0x08,
    0x41, 0x08, 0x41, 0x08, 0x41, 0x08, 0x41, 0x08, 0x41, 0x08, 0x41, 0x08,
    0x41, 0x08, 0x42, 0x08, 0x41, 0x08, 0x41, 0x08, 0x41, 0x08, 0x41, 0x08,
    0x42, 0x08, 0x41, 0x08, 0x41, 0x08, 0x42, 0x08, 0x41, 0x08, 0x41, 0x08,
    0x76, 0xb5, 0x96, 0xb5, 0xb7, 0xb5, 0xb7, 0xbd, 0xd7, 0xbd, 0xd7, 0xbd,
    0xb7, 0xb5, 0xb7, 0xb5, 0xb7, 0xb5, 0xb7, 0xb5, 0x97, 0xb5, 0x96, 0xad,
    0x96, 0xad, 0x76, 0xad, 0x76, 0xad, 0x76, 0xa5, 0x77, 0xad, 0x96, 0xad,
    0x96, 0xb5, 0x96, 0xb5, 0x97, 0xb5, 0x96, 0xb5, 0x97, 0xb5, 0x96, 0xb5,
    0x96, 0xb5, 0x76, 0xb5, 0x56, 0xad, 0x55, 0xad, 0x55, 0xad, 0x35, 0xad,
    0x35, 0xad, 0x35, 0xad, 0x35, 0xa5, 0x35, 0xa5, 0x35, 0xad, 0x35, 0xad,
    0x55, 0xad, 0x76, 0xad, 0x76, 0xad, 0x97, 0xb5, 0xb7, 0xb5, 0xb7, 0xbd,
    0xd7, 0xbd, 0xd8, 0xbd, 0xf8, 0xbd, 0xf8, 0xbd, 0xf7, 0xbd, 0xd7, 0xc5,
    0xd8, 0xbd, 0xd8, 0xbd, 0xd7, 0xbd, 0xd7, 0xbd, 0xb7, 0xbd, 0xb7, 0xbd,
    0xb6, 0xbd, 0x97, 0xbd, 0xb7, 0xbd, 0x96, 0xb5, 0x96, 0xbd, 0x97, 0xbd,
    0x96, 0xb5, 0x96, 0xb5, 0x76, 0xb5, 0x76, 0xb5, 0x55, 0xad, 0x55, 0xad,
    0x55, 0xad, 0x55, 0xad, 0x35, 0xa5, 0x15, 0xa5, 0x35, 0xa5, 0x35, 0xa5,
    0x35, 0xa5, 0x35, 0xa5, 0x35, 0xa5, 0x14, 0xa5, 0xf4, 0x9c, 0xf4, 0x9c,
    0xd3, 0x9c, 0xd3, 0x9c, 0xb3, 0x94, 0x92, 0x94, 0x92, 0x8c, 0x72, 0x8c,
    0x51, 0x8c, 0x31, 0x84, 0x31, 0x84, 0x10, 0x84, 0xf0, 0x83, 0xf0, 0x7b,
    0xcf, 0x73, 0x8e, 0x73, 0x2d, 0x63, 0xec, 0x5a, 0x8a, 0x4a, 0xe8, 0x39,
    0x25, 0x21, 0x62, 0x10, 0x20, 0x00, 0x21, 0x08, 0xa2, 0x10, 0x25, 0x21,
    0x87, 0x31, 0xe8, 0x41, 0x49, 0x4a, 0xab, 0x52, 0xcc, 0x5a, 0xcb, 0x5a,
    0xab, 0x52, 0xab, 0x52, 0xab, 0x52, 0x8b, 0x52, 0x8b, 0x52, 0x8b, 0x52,
    0x8a, 0x4a, 0x6a, 0x4a, 0x6a, 0x4a, 0x4a, 0x4a, 0x08, 0x42, 0xa7, 0x31,
    0xe4, 0x20, 0x62, 0x10, 0x41, 0x08, 0x41, 0x08, 0x42, 0x08, 0x41, 0x08,
    0x41, 0x08, 0x41, 0x08, 0x41, 0x08, 0x41, 0x10, 0x41, 0x08, 0x41, 0x08,
    0x41, 0x08, 0x41, 0x10, 0x41, 0x08, 0x42, 0x08, 0x41, 0x10, 0x41, 0x08,
    0x42, 0x08, 0x41, 0x08, 0x41, 0x08, 0x41, 0x08, 0x41, 0x08, 0x41, 0x08,
    0x41, 0x08, 0x41, 0x08, 0x41, 0x08, 0x41, 0x08, 0x41, 0x08, 0x41, 0x08,
    0x41, 0x08, 0x41, 0x08, 0x41, 0x08, 0x41, 0x08, 0x41, 0x08, 0x41, 0x08,
    0x41, 0x08, 0x41, 0x08, 0x41, 0x08, 0x41, 0x08, 0x42, 0x08, 0x41, 0x08,
    0x41, 0x08, 0x42, 0x08, 0x41, 0x08, 0x41, 0x08, 0x41, 0x08, 0x41, 0x08,
    0x41, 0x08, 0x41, 0x08, 0x41, 0x08, 0x42, 0x08, 0x41, 0x08, 0x41, 0x08,
    0x41, 0x08, 0x41, 0x08, 0x41, 0x08, 0x41, 0x08, 0x41, 0x08, 0x41, 0x08,
    0x76, 0xb5, 0x96, 0xb5, 0x97, 0xb5, 0xb7, 0xbd, 0xd7, 0xbd, 0xb7, 0xb5,
    0xb7, 0xbd, 0xb7, 0xb5, 0xd8, 0xbd, 0xb7, 0xb5, 0x97, 0xb5, 0x96, 0xb5,
    0x97, 0xad, 0x76, 0xad, 0x76, 0xad, 0x76, 0xad, 0x76, 0xad, 0x97, 0xad,
    0x96, 0xb5, 0x97, 0xad, 0x96, 0xb5, 0x96, 0xb5, 0x96, 0xb5, 0x97, 0xb5,
    0x96, 0xb5, 0x96, 0xb5, 0x76, 0xad, 0x55, 0xad, 0x55, 0xad, 0x55, 0xad,
    0x55, 0xad, 0x56, 0xad, 0x76, 0xb5, 0x76, 0xb5, 0x96, 0xb5, 0x76, 0xb5,
    0x96, 0xb5, 0xb7, 0xb5, 0xb7, 0xb5, 0xb7, 0xbd, 0xd8, 0xbd, 0xd8, 0xbd,
    0xd7, 0xbd, 0xf8, 0xbd, 0xf8, 0xbd, 0xf8, 0xbd, 0xd7, 0xbd, 0xd8, 0xbd,
    0xd7, 0xbd, 0xd7, 0xbd, 0xd7, 0xbd, 0xb7, 0xbd, 0xb7, 0xbd, 0xb7, 0xbd,
    0xb6, 0xbd, 0x96, 0xbd, 0x96, 0xb5, 0x96, 0xbd, 0x96, 0xbd, 0x96, 0xb5,
    0x96, 0xb5, 0x76, 0xb5, 0x55, 0xad, 0x35, 0xad, 0x35, 0xad, 0x35, 0xa5,
    0x15, 0xa5, 0x14, 0xa5, 0x14, 0xa5, 0xf4, 0x9c, 0x14, 0xa5, 0x15, 0xa5,
    0x14, 0xa5, 0x14, 0xa5, 0xf4, 0x9c, 0xf4, 0x9c, 0xd3, 0x9c, 0xb3, 0x94,
    0x93, 0x94, 0x92, 0x94, 0x72, 0x8c, 0x52, 0x8c, 0x51, 0x8c, 0x31, 0x84,
    0x11, 0x84, 0x10, 0x84, 0xf0, 0x7b, 0xf0, 0x7b, 0xcf, 0x7b, 0x8e, 0x6b,
    0x2d, 0x63, 0xcc, 0x5a, 0x6a, 0x4a, 0xe8, 0x41, 0x45, 0x29, 0x62, 0x10,
    0x20, 0x00, 0x41, 0x08, 0xc3, 0x18, 0x25, 0x21, 0x86, 0x31, 0x08, 0x42,
    0x6a, 0x4a, 0xab, 0x52, 0xcb, 0x5a, 0xab, 0x52, 0xcb, 0x5a, 0xab, 0x5a,
    0xab, 0x52, 0xab, 0x52, 0xab, 0x52, 0x8b, 0x52, 0x8a, 0x52, 0x8b, 0x52,
    0x6a, 0x4a, 0x49, 0x4a, 0x09, 0x42, 0x86, 0x31, 0xe4, 0x18, 0x62, 0x10,
    0x41, 0x08, 0x41, 0x08, 0x41, 0x08, 0x62, 0x08, 0x61, 0x08, 0x61, 0x08,
    0x42, 0x10, 0x61, 0x08, 0x61, 0x08, 0x42, 0x08, 0x41, 0x08, 0x41, 0x08,
    0x42, 0x08, 0x61, 0x08, 0x41, 0x08, 0x42, 0x08, 0x61, 0x08, 0x41, 0x08,
    0x41, 0x08, 0x61, 0x08, 0x41, 0x08, 0x41, 0x08, 0x61, 0x08, 0x41, 0x08,
    0x41, 0x08, 0x41, 0x08, 0x41, 0x08, 0x41, 0x08, 0x41, 0x08, 0x41, 0x08,
    0x41, 0x08, 0x42, 0x08, 0x41, 0x08, 0x41, 0x08, 0x42, 0x08, 0x41, 0x08,
    0x41, 0x08, 0x42, 0x08, 0x41, 0x08, 0x41, 0x08, 0x41, 0x08, 0x41, 0x08,
    0x41, 0x08, 0x41, 0x08, 0x41, 0x08, 0x41, 0x08, 0x42, 0x08, 0x41, 0x08,
    0x41, 0x08, 0x41, 0x08, 0x41, 0x08, 0x41, 0x08, 0x41, 0x08, 0x41, 0x08,
    0x41, 0x08, 0x41, 0x08, 0x41, 0x08, 0x41, 0x08, 0x41, 0x08, 0x41, 0x08,
    0x96, 0xb5, 0x97, 0xb5, 0xb7, 0xb5, 0xb7, 0xb5, 0xd7, 0xbd, 0xd7, 0xbd,
    0xb7, 0xb5, 0xb7, 0xb5, 0xb7, 0xb5, 0xb7, 0xb5, 0x97, 0xb5, 0x97, 0xb5,
    0x96, 0xad, 0x76, 0xad, 0x76, 0xad, 0x76, 0xad, 0x76, 0xad, 0x97, 0xad,
    0x97, 0xb5, 0x96, 0xb5, 0x97, 0xb5, 0x96, 0xb5, 0x96, 0xad, 0x96, 0xb5,
    0x96, 0xb5, 0x97, 0xb5, 0x76, 0xb5, 0x76, 0xad, 0x56, 0xad, 0x76, 0xad,
    0x76, 0xb5, 0x76, 0xb5, 0x96, 0xb5, 0xb7, 0xb5, 0x97, 0xb5, 0x96, 0xb5,
    0x97, 0xb5, 0xb7, 0xbd, 0xd7, 0xbd, 0xd7, 0xbd, 0xd7, 0xbd, 0xd7, 0xbd,
    0xd7, 0xbd, 0xd8, 0xbd, 0xd7, 0xbd, 0xf7, 0xbd, 0xd8, 0xbd, 0xd7, 0xc5,
    0xd7, 0xbd, 0xd7, 0xbd, 0xd7, 0xbd, 0xb7, 0xbd, 0xb7, 0xbd, 0x96, 0xbd,
    0x96, 0xbd, 0x96, 0xb5, 0x96, 0xbd, 0x96, 0xb5, 0x96, 0xb5, 0x96, 0xb5,
    0x76, 0xb5, 0x76, 0xb5, 0x55, 0xad, 0x55, 0xad, 0x55, 0xad, 0x35, 0xad,
    0x35, 0xad, 0x35, 0xa5, 0x35, 0xa5, 0x15, 0xa5, 0x14, 0xa5, 0xf4, 0x9c,
    0xf4, 0x9c, 0xd3, 0x9c, 0xb3, 0x9c, 0xb3, 0x94, 0x92, 0x94, 0x72, 0x8c,
    0x72, 0x8c, 0x51, 0x8c, 0x31, 0x84, 0x31, 0x84, 0x10, 0x84, 0x10, 0x84,
    0xf0, 0x7b, 0xcf, 0x7b, 0xaf, 0x73, 0x6e, 0x73, 0x2d, 0x63, 0xcb, 0x5a,
    0x6a, 0x52, 0xe8, 0x39, 0x45, 0x29, 0x82, 0x10, 0x21, 0x00, 0x41, 0x08,
    0xa3, 0x18, 0x45, 0x29, 0xa7, 0x31, 0xe8, 0x39, 0x49, 0x4a, 0xab, 0x52,
    0xab, 0x5a, 0xab, 0x52, 0xab, 0x5a, 0xab, 0x52, 0xab, 0x52, 0xab, 0x5a,
    0xab, 0x52, 0x8b, 0x52, 0x8b, 0x52, 0x8a, 0x52, 0x6a, 0x4a, 0x49, 0x4a,
    0x08, 0x42, 0x86, 0x31, 0xc4, 0x18, 0x62, 0x10, 0x41, 0x08, 0x41, 0x08,
    0x61, 0x08, 0x62, 0x08, 0x61, 0x08, 0x41, 0x08, 0x62, 0x08, 0x41, 0x08,
    0x41, 0x08, 0x42, 0x08, 0x61, 0x08, 0x41, 0x08, 0x62, 0x08, 0x61, 0x08,
    0x41, 0x10, 0x42, 0x08, 0x61, 0x08, 0x41, 0x08, 0x42, 0x08, 0x61, 0x08,
    0x62, 0x10, 0x41, 0x08, 0x42, 0x08, 0x41, 0x08, 0x41, 0x08, 0x42, 0x08,
    0x41, 0x08, 0x41, 0x08, 0x41, 0x08, 0x41, 0x08, 0x42, 0x08, 0x41, 0x08,
    0x41, 0x08, 0x41, 0x08, 0x41, 0x08, 0x41, 0x08, 0x41, 0x08, 0x41, 0x08,
    0x41, 0x08, 0x41, 0x08, 0x41, 0x08, 0x41, 0x08, 0x41, 0x08, 0x41, 0x08,
    0x42, 0x08, 0x41, 0x08, 0x41, 0x08, 0x41, 0x08, 0x41, 0x08, 0x41, 0x08,
    0x42, 0x08, 0x41, 0x08, 0x41, 0x08, 0x41, 0x08, 0x41, 0x08, 0x41, 0x08,
    0x42, 0x08, 0x41, 0x08, 0x41, 0x08, 0x42, 0x08, 0x41, 0x08, 0x41, 0x08,
    0x96, 0xb5, 0x96, 0xb5, 0xb7, 0xb5, 0xb7, 0xbd, 0xd7, 0xbd, 0xd7, 0xb5,
    0xd7, 0xb5, 0xb7, 0xbd, 0xd7, 0xb5, 0xb7, 0xb5, 0x97, 0xb5, 0x96, 0xb5,
    0x96, 0xad, 0x76, 0xad, 0x76, 0xad, 0x76, 0xad, 0x76, 0xad, 0x76, 0xad,
    0x97, 0xb5, 0x97, 0xb5, 0x96, 0xb5, 0x97, 0xad, 0x96, 0xb5, 0x96, 0xb5,
    0x96, 0xb5, 0x96, 0xb5, 0x96, 0xb5, 0x76, 0xb5, 0x76, 0xad, 0x55, 0xad,
    0x75, 0xad, 0x76, 0xb5, 0x76, 0xad, 0x76, 0xad, 0x56, 0xad, 0x76, 0xad,
    0x76, 0xb5, 0x96, 0xb5, 0xb7, 0xb5, 0xb7, 0xb5, 0xb7, 0xbd, 0xb7, 0xb5,
    0xb7, 0xbd, 0xd8, 0xbd, 0xf8, 0xbd, 0xf8, 0xbd, 0xd8, 0xbd, 0xd7, 0xbd,
    0xd7, 0xbd, 0xd7, 0xbd, 0xb7, 0xbd, 0xb7, 0xbd, 0x96, 0xbd, 0x96, 0xbd,
    0x96, 0xb5, 0x96, 0xb5, 0x76, 0xb5, 0x76, 0xb5, 0x76, 0xb5, 0x76, 0xb5,
    0x76, 0xb5, 0x76, 0xb5, 0x55, 0xb5, 0x55, 0xad, 0x55, 0xad, 0x35, 0xa5,
    0x35, 0xa5, 0x14, 0xa5, 0x14, 0xa5, 0xf4, 0x9c, 0xd3, 0x9c, 0xb3, 0x94,
    0x92, 0x94, 0x92, 0x94, 0x92, 0x8c, 0x72, 0x8c, 0x51, 0x8c, 0x51, 0x84,
    0x31, 0x84, 0x10, 0x84, 0x10, 0x7c, 0xf0, 0x7b, 0xf0, 0x7b, 0xcf, 0x7b,
    0xaf, 0x73, 0x6e, 0x6b, 0x2d, 0x63, 0xeb, 0x5a, 0x6a, 0x52, 0xe8, 0x39,
    0x45, 0x29, 0x82, 0x10, 0x21, 0x08, 0x41, 0x08, 0xc3, 0x18, 0x45, 0x29,
    0xa7, 0x31, 0xe8, 0x39, 0x49, 0x4a, 0x8a, 0x52, 0xab, 0x52, 0xab, 0x52,
    0xab, 0x52, 0xab, 0x52, 0xab, 0x52, 0xab, 0x52, 0xab, 0x52, 0xab, 0x52,
    0xab, 0x52, 0x8a, 0x52, 0x6a, 0x4a, 0x49, 0x4a, 0x08, 0x42, 0x86, 0x31,
    0xe4, 0x18, 0x62, 0x08, 0x41, 0x08, 0x41, 0x10, 0x62, 0x08, 0x61, 0x08,
    0x41, 0x08, 0x41, 0x08, 0x42, 0x08, 0x42, 0x10, 0x41, 0x08, 0x61, 0x08,
    0x41, 0x08, 0x41, 0x08, 0x41, 0x10, 0x42, 0x08, 0x41, 0x08, 0x41, 0x08,
    0x62, 0x08, 0x41, 0x08, 0x41, 0x08, 0x61, 0x10, 0x41, 0x08, 0x41, 0x08,
    0x41, 0x08, 0x41, 0x08, 0x41, 0x08, 0x61, 0x08, 0x61, 0x08, 0x41, 0x08,
    0x41, 0x08, 0x41, 0x08, 0x42, 0x08, 0x41, 0x08, 0x41, 0x08, 0x41, 0x08,
    0x41, 0x08, 0x41, 0x08, 0x41, 0x08, 0x42, 0x08, 0x41, 0x08, 0x41, 0x08,
    0x41, 0x08, 0x41, 0x08, 0x41, 0x08, 0x42, 0x08, 0x41, 0x08, 0x41, 0x08,
    0x41, 0x08, 0x41, 0x08, 0x41, 0x08, 0x42, 0x08, 0x41, 0x08, 0x41, 0x08,
    0x41, 0x08, 0x41, 0x08, 0x41, 0x08, 0x42, 0x08, 0x41, 0x08, 0x41, 0x08,
    0x41, 0x08, 0x41, 0x08, 0x41, 0x08, 0x41, 0x08, 0x41, 0x08, 0x41, 0x08,
    0x96, 0xb5, 0x97, 0xb5, 0xb7, 0xb5, 0xb7, 0xb5, 0xb7, 0xbd, 0xd7, 0xbd,
    0xb8, 0xb5, 0xb7, 0xbd, 0xb7, 0xb5, 0xb7, 0xb5, 0x97, 0xb5, 0x96, 0xad,
    0x76, 0xad, 0x76, 0xad, 0x56, 0xa5, 0x56, 0xad, 0x76, 0xad, 0x76, 0xad,
    0x96, 0xad, 0x96, 0xad, 0x97, 0xad, 0x96, 0xb5, 0x97, 0xb5, 0x97, 0xb5,
    0x97, 0xb5, 0xb6, 0xb5, 0x96, 0xb5, 0x76, 0xb5, 0x76, 0xb5, 0x56, 0xad,
    0x56, 0xad, 0x55, 0xad, 0x55, 0xad, 0x35, 0xad, 0x55, 0xad, 0x76, 0xad,
    0x76, 0xad, 0x56, 0xad, 0x55, 0xad, 0x56, 0xad, 0x76, 0xad, 0x96, 0xb5,
    0xb7, 0xb5, 0xd7, 0xb5, 0xb7, 0xb5, 0xb7, 0xb5, 0x96, 0xb5, 0xb7, 0xbd,
    0xb7, 0xbd, 0xb7, 0xbd, 0xb7, 0xbd, 0xb6, 0xbd, 0x96, 0xb5, 0x96, 0xb5,
    0x96, 0xb5, 0x76, 0xb5, 0x76, 0xb5, 0x76, 0xb5, 0x75, 0xb5, 0x55, 0xb5,
    0x55, 0xad, 0x55, 0xad, 0x35, 0xad, 0x35, 0xad, 0x14, 0xa5, 0xf4, 0x9c,
    0xd3, 0x9c, 0xb3, 0x9c, 0xb3, 0x94, 0x92, 0x8c, 0x51, 0x8c, 0x31, 0x84,
    0x11, 0x84, 0x31, 0x84, 0x51, 0x84, 0x31, 0x84, 0x10, 0x84, 0x10, 0x84,
    0xf0, 0x7b, 0xf0, 0x7b, 0xcf, 0x7b, 0xaf, 0x73, 0x8f, 0x73, 0x4e, 0x6b,
    0x2d, 0x63, 0xcb, 0x5a, 0x6a, 0x4a, 0xe8, 0x39, 0x25, 0x29, 0x82, 0x10,
    0x20, 0x00, 0x41, 0x08, 0xa3, 0x10, 0x25, 0x29, 0xa7, 0x31, 0xe8, 0x39,
    0x4a, 0x4a, 0x8a, 0x52, 0xab, 0x52, 0xab, 0x52, 0xab, 0x52, 0xab, 0x52,
    0xab, 0x52, 0xab, 0x52, 0x8b, 0x52, 0xab, 0x52, 0x8b, 0x52, 0x8b, 0x52,
    0x6a, 0x4a, 0x49, 0x4a, 0x08, 0x42, 0x86, 0x31, 0xc4, 0x18, 0x62, 0x10,
    0x41, 0x08, 0x61, 0x08, 0x62, 0x08, 0x41, 0x08, 0x41, 0x08, 0x61, 0x08,
    0x62, 0x08, 0x41, 0x08, 0x41, 0x08, 0x41, 0x08, 0x41, 0x08, 0x41, 0x08,
    0x42, 0x10, 0x61, 0x08, 0x41, 0x08, 0x41, 0x08, 0x41, 0x10, 0x41, 0x08,
    0x41, 0x08, 0x41, 0x08, 0x41, 0x08, 0x42, 0x08, 0x41, 0x08, 0x41, 0x08,
    0x42, 0x08, 0x41, 0x08, 0x61, 0x08, 0x41, 0x08, 0x41, 0x08, 0x41, 0x08,
    0x41, 0x08, 0x61, 0x08, 0x41, 0x08, 0x41, 0x08, 0x41, 0x08, 0x41, 0x08,
    0x42, 0x08, 0x41, 0x08, 0x41, 0x08, 0x41, 0x08, 0x41, 0x08, 0x42, 0x08,
    0x41, 0x08, 0x41, 0x08, 0x41, 0x08, 0x41, 0x08, 0x41, 0x08, 0x41, 0x08,
    0x41, 0x08, 0x41, 0x08, 0x41, 0x08, 0x41, 0x08, 0x41, 0x08, 0x41, 0x08,
    0x41, 0x08, 0x41, 0x08, 0x41, 0x08, 0x41, 0x08, 0x41, 0x08, 0x41, 0x08,
    0x41, 0x08, 0x41, 0x08, 0x42, 0x08, 0x41, 0x08, 0x41, 0x08, 0x41, 0x08,
    0x96, 0xb5, 0x97, 0xb5, 0xb7, 0xb5, 0xb7, 0xb5, 0xd7, 0xbd, 0xd7, 0xbd,
    0xb7, 0xb5, 0xb7, 0xb5, 0xb7, 0xb5, 0xb7, 0xb5, 0x97, 0xb5, 0x96, 0xad,
    0x76, 0xad, 0x56, 0xad, 0x56, 0xa5, 0x56, 0xa5, 0x76, 0xad, 0x76, 0xad,
    0x96, 0xad, 0x96, 0xb5, 0x96, 0xb5, 0x96, 0xb5, 0xb7, 0xb5, 0x96, 0xb5,
    0xb7, 0xb5, 0xb7, 0xb5, 0x96, 0xb5, 0x96, 0xb5, 0x76, 0xb5, 0x76, 0xb5,
    0x56, 0xad, 0x55, 0xad, 0x56, 0xad, 0x76, 0xad, 0x76, 0xad, 0x76, 0xb5,
    0x76, 0xb5, 0x96, 0xad, 0x76, 0xb5, 0x76, 0xad, 0x76, 0xad, 0x96, 0xb5,
    0x96, 0xb5, 0x76, 0xad, 0x76, 0xb5, 0x76, 0xb5, 0x76, 0xb5, 0x76, 0xb5,
    0x96, 0xb5, 0xb7, 0xb5, 0xb7, 0xbd, 0x96, 0xb5, 0x96, 0xb5, 0x96, 0xb5,
    0x76, 0xb5, 0x76, 0xb5, 0x55, 0xb5, 0x55, 0xb5, 0x55, 0xad, 0x55, 0xad,
    0x35, 0xad, 0x35, 0xad, 0x14, 0xa5, 0xf4, 0xa4, 0xd3, 0x9c, 0xb3, 0x94,
    0x92, 0x94, 0x72, 0x94, 0x51, 0x8c, 0x31, 0x84, 0x10, 0x84, 0x10, 0x7c,
    0x10, 0x84, 0x10, 0x84, 0x10, 0x84, 0xf0, 0x7b, 0xd0, 0x7b, 0xcf, 0x7b,
    0xcf, 0x73, 0xaf, 0x73, 0x6e, 0x73, 0x4d, 0x6b, 0x0c, 0x63, 0xab, 0x52,
    0x6a, 0x4a, 0xe8, 0x39, 0x45, 0x29, 0x62, 0x10, 0x20, 0x00, 0x41, 0x08,
    0xc3, 0x18, 0x45, 0x29, 0x86, 0x31, 0xe8, 0x39, 0x49, 0x4a, 0x8a, 0x52,
    0x8b, 0x52, 0xab, 0x52, 0xab, 0x52, 0x8b, 0x52, 0x8b, 0x52, 0x8b, 0x52,
    0x8b, 0x52, 0x8a, 0x52, 0x8a, 0x52, 0x8b, 0x52, 0x6a, 0x4a, 0x49, 0x4a,
    0xe8, 0x41, 0x66, 0x29, 0xc3, 0x18, 0x62, 0x08, 0x41, 0x08, 0x41, 0x08,
    0x61, 0x08, 0x42, 0x10, 0x61, 0x08, 0x61, 0x08, 0x61, 0x08, 0x42, 0x08,
    0x42, 0x10, 0x61, 0x08, 0x41, 0x08, 0x41, 0x08, 0x61, 0x08, 0x41, 0x08,
    0x42, 0x08, 0x61, 0x08, 0x41, 0x08, 0x62, 0x08, 0x61, 0x08, 0x41, 0x08,
    0x42, 0x08, 0x41, 0x10, 0x61, 0x08, 0x42, 0x08, 0x41, 0x10, 0x61, 0x08,
    0x61, 0x08, 0x41, 0x08, 0x42, 0x10, 0x42, 0x08, 0x41, 0x08, 0x41, 0x08,
    0x41, 0x08, 0x41, 0x08, 0x41, 0x08, 0x41, 0x08, 0x41, 0x08, 0x41, 0x08,
    0x41, 0x08, 0x41, 0x08, 0x41, 0x08, 0x41, 0x08, 0x41, 0x08, 0x41, 0x08,
    0x41, 0x08, 0x41, 0x08, 0x42, 0x08, 0x41, 0x08, 0x41, 0x08, 0x41, 0x08,
    0x42, 0x08, 0x41, 0x08, 0x41, 0x08, 0x41, 0x08, 0x41, 0x08, 0x41, 0x08,
    0x42, 0x08, 0x41, 0x08, 0x41, 0x08, 0x41, 0x08, 0x41, 0x08, 0x42, 0x08,
    0x41, 0x08, 0x41, 0x08, 0x41, 0x08, 0x41, 0x08, 0x41, 0x08, 0x42, 0x08,
    0x96, 0xb5, 0x96, 0xb5, 0x97, 0xb5, 0xb7, 0xb5, 0xb7, 0xbd, 0xd7, 0xbd,
    0xd7, 0xb5, 0xd7, 0xb5, 0xb7, 0xbd, 0xb7, 0xb5, 0x97, 0xb5, 0x76, 0xad,
    0x76, 0xad, 0x56, 0xad, 0x35, 0xa5, 0x56, 0xa5, 0x56, 0xa5, 0x76, 0xad,
    0x96, 0xad, 0x97, 0xb5, 0x97, 0xb5, 0x96, 0xb5, 0x97, 0xb5, 0xb7, 0xb5,
    0xb7, 0xb5, 0xb7, 0xbd, 0xb7, 0xb5, 0x96, 0xb5, 0x96, 0xb5, 0x96, 0xb5,
    0x76, 0xb5, 0x96, 0xb5, 0x96, 0xb5, 0x97, 0xb5, 0xb7, 0xb5, 0xb7, 0xb5,
    0xb7, 0xbd, 0xd7, 0xbd, 0xd8, 0xbd, 0xf8, 0xbd, 0xd8, 0xbd, 0xd7, 0xbd,
    0xd8, 0xbd, 0xd7, 0xbd, 0xd7, 0xbd, 0xb7, 0xbd, 0xb7, 0xb5, 0x96, 0xb5,
    0x96, 0xb5, 0x97, 0xbd, 0x96, 0xbd, 0x96, 0xb5, 0x96, 0xb5, 0x76, 0xb5,
    0x55, 0xb5, 0x55, 0xb5, 0x55, 0xad, 0x35, 0xad, 0x35, 0xad, 0x14, 0xad,
    0x14, 0xa5, 0x14, 0xa5, 0xf4, 0xa4, 0xd3, 0x9c, 0xb3, 0x9c, 0x92, 0x94,
    0x92, 0x94, 0x72, 0x8c, 0x51, 0x8c, 0x31, 0x84, 0x10, 0x84, 0x10, 0x7c,
    0xd0, 0x7b, 0xcf, 0x7b, 0xcf, 0x7b, 0xcf, 0x73, 0xaf, 0x73, 0x8e, 0x73,
    0x6e, 0x6b, 0x2d, 0x6b, 0xec, 0x5a, 0xab, 0x52, 0x49, 0x4a, 0xe8, 0x39,
    0x25, 0x29, 0x82, 0x10, 0x21, 0x08, 0x61, 0x08, 0xa3, 0x10, 0x25, 0x29,
    0x86, 0x31, 0xe8, 0x39, 0x29, 0x42, 0x6a, 0x4a, 0x8b, 0x52, 0x8b, 0x52,
    0x8a, 0x52, 0x8b, 0x52, 0x8b, 0x52, 0x8a, 0x52, 0x8a, 0x52, 0x8a, 0x4a,
    0x8a, 0x52, 0x6a, 0x52, 0x6a, 0x4a, 0x49, 0x42, 0xe8, 0x39, 0x65, 0x29,
    0xa3, 0x18, 0x41, 0x08, 0x41, 0x08, 0x41, 0x08, 0x62, 0x08, 0x62, 0x08,
    0x61, 0x08, 0x41, 0x08, 0x42, 0x10, 0x42, 0x08, 0x62, 0x08, 0x61, 0x10,
    0x41, 0x08, 0x41, 0x08, 0x61, 0x08, 0x42, 0x10, 0x42, 0x08, 0x61, 0x08,
    0x41, 0x08, 0x41, 0x08, 0x42, 0x08, 0x41, 0x08, 0x41, 0x08, 0x42, 0x08,
    0x61, 0x08, 0x41, 0x08, 0x42, 0x08, 0x61, 0x08, 0x41, 0x08, 0x42, 0x08,
    0x42, 0x08, 0x41, 0x08, 0x61, 0x08, 0x41, 0x08, 0x41, 0x08, 0x62, 0x08,
    0x41, 0x08, 0x41, 0x08, 0x42, 0x08, 0x61, 0x08, 0x41, 0x08, 0x42, 0x08,
    0x41, 0x08, 0x41, 0x08, 0x42, 0x08, 0x41, 0x08, 0x41, 0x08, 0x41, 0x08,
    0x41, 0x08, 0x41, 0x08, 0x41, 0x08, 0x41, 0x08, 0x41, 0x08, 0x41, 0x08,
    0x41, 0x08, 0x41, 0x08, 0x41, 0x08, 0x42, 0x08, 0x41, 0x08, 0x41, 0x08,
    0x41, 0x08, 0x41, 0x08, 0x42, 0x08, 0x41, 0x08, 0x41, 0x08, 0x41, 0x08,
    0x41, 0x08, 0x41, 0x08, 0x41, 0x08, 0x41, 0x08, 0x41, 0x08, 0x41, 0x08,
    0x76, 0xb5, 0x96, 0xb5, 0x96, 0xb5, 0xb7, 0xb5, 0xb7, 0xbd, 0xb7, 0xb5,
    0xb7, 0xbd, 0xb7, 0xbd, 0xb7, 0xb5, 0x97, 0xb5, 0x96, 0xb5, 0x76, 0xad,
    0x76, 0xad, 0x56, 0xa5, 0x55, 0xa5, 0x55, 0xa5, 0x56, 0xad, 0x76, 0xad,
    0x96, 0xad, 0x97, 0xb5, 0x97, 0xb5, 0xb7, 0xb5, 0xb7, 0xb5, 0xb7, 0xb5,
    0xb7, 0xb5, 0xb7, 0xbd, 0xb7, 0xb5, 0xb7, 0xb5, 0x97, 0xb5, 0x96, 0xb5,
    0x96, 0xb5, 0x97, 0xb5, 0x97, 0xb5, 0xb7, 0xb5, 0xd7, 0xbd, 0xb7, 0xbd,
    0xd7, 0xbd, 0xd8, 0xbd, 0xd8, 0xbd, 0xd7, 0xbd, 0xd7, 0xbd, 0xd7, 0xbd,
    0xd8, 0xbd, 0xb7, 0xb5, 0xb7, 0xb5, 0xb7, 0xb5, 0x96, 0xb5, 0x96, 0xb5,
    0x96, 0xb5, 0x97, 0xbd, 0x96, 0xb5, 0x76, 0xb5, 0x76, 0xb5, 0x55, 0xb5,
    0x55, 0xad, 0x35, 0xad, 0x35, 0xad, 0x14, 0xad, 0x14, 0xa5, 0xf4, 0xa4,
    0xf3, 0xa4, 0xd3, 0x9c, 0xd3, 0x9c, 0xb3, 0x9c, 0x92, 0x94, 0x72, 0x8c,
    0x72, 0x8c, 0x51, 0x8c, 0x31, 0x84, 0x10, 0x84, 0xf0, 0x7b, 0xcf, 0x7b,
    0xaf, 0x73, 0xaf, 0x73, 0xaf, 0x73, 0x8e, 0x6b, 0x4e, 0x6b, 0x2d, 0x63,
    0xec, 0x5a, 0x8a, 0x52, 0x49, 0x4a, 0xc7, 0x39, 0x25, 0x29, 0x82, 0x10,
    0x41, 0x00, 0x41, 0x08, 0xc3, 0x18, 0x25, 0x21, 0x86, 0x31, 0xc7, 0x39,
    0x08, 0x42, 0x49, 0x4a, 0x8a, 0x52, 0x8a, 0x52, 0x8a, 0x52, 0x8a, 0x52,
    0x8a, 0x52, 0x6a, 0x52, 0x8a, 0x52, 0x8a, 0x52, 0x6a, 0x4a, 0x6a, 0x4a,
    0x4a, 0x4a, 0x29, 0x42, 0xc8, 0x39, 0x25, 0x29, 0xa3, 0x10, 0x41, 0x08,
    0x41, 0x08, 0x62, 0x08, 0x62, 0x08, 0x61, 0x08, 0x42, 0x08, 0x61, 0x10,
    0x42, 0x10, 0x61, 0x08, 0x61, 0x08, 0x41, 0x08, 0x41, 0x08, 0x41, 0x08,
    0x62, 0x08, 0x62, 0x08, 0x41, 0x08, 0x41, 0x08, 0x41, 0x08, 0x41, 0x08,
    0x42, 0x10, 0x61, 0x08, 0x41, 0x08, 0x41, 0x10, 0x41, 0x08, 0x62, 0x08,
    0x41, 0x10, 0x61, 0x08, 0x41, 0x08, 0x41, 0x08, 0x41, 0x08, 0x61, 0x08,
    0x41, 0x10, 0x41, 0x08, 0x61, 0x08, 0x41, 0x08, 0x41, 0x08, 0x41, 0x08,
    0x61, 0x08, 0x41, 0x08, 0x41, 0x08, 0x41, 0x08, 0x41, 0x08, 0x41, 0x08,
    0x41, 0x08, 0x41, 0x08, 0x41, 0x08, 0x41, 0x08, 0x41, 0x08, 0x42, 0x08,
    0x41, 0x08, 0x41, 0x08, 0x41, 0x08, 0x41, 0x08, 0x42, 0x08, 0x41, 0x08,
    0x41, 0x08, 0x41, 0x08, 0x41, 0x08, 0x41, 0x08, 0x41, 0x08, 0x41, 0x08,
    0x41, 0x08, 0x41, 0x08, 0x41, 0x08, 0x41, 0x08, 0x41, 0x08, 0x41, 0x08,
    0x41, 0x08, 0x41, 0x08, 0x42, 0x08, 0x41, 0x08, 0x41, 0x08, 0x41, 0x08,
    0x76, 0xb5, 0x76, 0xb5, 0x96, 0xb5, 0x96, 0xb5, 0xb7, 0xb5, 0xb7, 0xbd,
    0xb7, 0xbd, 0xb7, 0xb5, 0x96, 0xb5, 0x96, 0xb5, 0x96, 0xad, 0x76, 0xad,
    0x56, 0xad, 0x56, 0xad, 0x55, 0xa5, 0x35, 0xa5, 0x56, 0xad, 0x76, 0xad,
    0x96, 0xad, 0x97, 0xb5, 0x96, 0xb5, 0xb7, 0xb5, 0xb7, 0xb5, 0xb7, 0xb5,
    0xb7, 0xbd, 0xd7, 0xbd, 0xd7, 0xb5, 0xb7, 0xb5, 0x97, 0xb5, 0x96, 0xb5,
    0xb7, 0xbd, 0xb7, 0xb5, 0xb7, 0xb5, 0xb7, 0xb5, 0xd7, 0xbd, 0xd7, 0xbd,
    0xd8, 0xbd, 0xf8, 0xbd, 0xd7, 0xbd, 0xd7, 0xbd, 0xd7, 0xbd, 0xd8, 0xbd,
    0xd7, 0xbd, 0xb7, 0xb5, 0xb7, 0xb5, 0xb7, 0xb5, 0x96, 0xb5, 0x96, 0xb5,
    0x97, 0xb5, 0x96, 0xb5, 0x96, 0xb5, 0x76, 0xb5, 0x55, 0xb5, 0x35, 0xad,
    0x35, 0xad, 0x34, 0xad, 0x14, 0xa5, 0xf4, 0xa4, 0xd3, 0xa4, 0xd3, 0x9c,
    0xb3, 0x9c, 0x92, 0x94, 0x92, 0x94, 0x72, 0x94, 0x72, 0x8c, 0x51, 0x8c,
    0x31, 0x84, 0x11, 0x84, 0xf0, 0x7b, 0xcf, 0x7b, 0xcf, 0x73, 0xaf, 0x73,
    0x8e, 0x73, 0x6e, 0x6b, 0x4d, 0x6b, 0x0c, 0x63, 0xcb, 0x5a, 0x8a, 0x52,
    0x29, 0x42, 0xc7, 0x39, 0x45, 0x29, 0xa2, 0x10, 0x41, 0x08, 0x61, 0x08,
    0xa3, 0x10, 0x04, 0x21, 0x66, 0x31, 0xa7, 0x39, 0x08, 0x42, 0x49, 0x4a,
    0x4a, 0x4a, 0x6a, 0x4a, 0x6a, 0x4a, 0x6a, 0x4a, 0x6a, 0x4a, 0x6a, 0x4a,
    0x6a, 0x4a, 0x6a, 0x4a, 0x6a, 0x4a, 0x6a, 0x4a, 0x29, 0x4a, 0x08, 0x42,
    0xc7, 0x39, 0x25, 0x21, 0x83, 0x10, 0x41, 0x08, 0x41, 0x08, 0x62, 0x08,
    0x61, 0x10, 0x62, 0x08, 0x41, 0x10, 0x41, 0x10, 0x61, 0x08, 0x41, 0x08,
    0x41, 0x08, 0x42, 0x08, 0x62, 0x08, 0x61, 0x10, 0x61, 0x08, 0x42, 0x10,
    0x41, 0x08, 0x61, 0x08, 0x42, 0x08, 0x41, 0x08, 0x61, 0x08, 0x41, 0x08,
    0x41, 0x08, 0x41, 0x08, 0x61, 0x08, 0x42, 0x08, 0x61, 0x08, 0x41, 0x08,
    0x41, 0x08, 0x41, 0x08, 0x42, 0x08, 0x41, 0x10, 0x62, 0x08, 0x41, 0x08,
    0x41, 0x08, 0x42, 0x08, 0x41, 0x08, 0x42, 0x08, 0x41, 0x08, 0x41, 0x08,
    0x41, 0x08, 0x61, 0x08, 0x41, 0x08, 0x41, 0x08, 0x42, 0x08, 0x41, 0x08,
    0x41, 0x08, 0x61, 0x08, 0x41, 0x08, 0x41, 0x08, 0x41, 0x08, 0x41, 0x08,
    0x41, 0x08, 0x41, 0x08, 0x42, 0x08, 0x41, 0x08, 0x41, 0x08, 0x41, 0x08,
    0x41, 0x08, 0x42, 0x08, 0x41, 0x08, 0x41, 0x08, 0x41, 0x08, 0x41, 0x08,
    0x42, 0x08, 0x41, 0x08, 0x41, 0x08, 0x41, 0x08, 0x42, 0x08, 0x41, 0x08,
    0x41, 0x08, 0x41, 0x08, 0x41, 0x08, 0x41, 0x08, 0x41, 0x08, 0x42, 0x08,
    0x76, 0xb5, 0x76, 0xb5, 0x76, 0xb5, 0x96, 0xb5, 0x97, 0xb5, 0xb7, 0xbd,
    0xb7, 0xb5, 0xb6, 0xb5, 0x96, 0xb5, 0x97, 0xb5, 0x97, 0xb5, 0x96, 0xad,
    0x76, 0xad, 0x76, 0xad, 0x56, 0xa5, 0x56, 0xa5, 0x76, 0xad, 0x76, 0xad,
    0x97, 0xb5, 0xb7, 0xb5, 0xb7, 0xb5, 0xb7, 0xb5, 0xb7, 0xb5, 0xb7, 0xbd,
    0xd7, 0xbd, 0xd7, 0xbd, 0xb7, 0xbd, 0xb7, 0xb5, 0xb7, 0xb5, 0x97, 0xb5,
    0x97, 0xbd, 0xb7, 0xb5, 0xb7, 0xbd, 0xd7, 0xbd, 0xd7, 0xbd, 0xd8, 0xbd,
    0xd7, 0xbd, 0xf7, 0xbd, 0xd7, 0xbd, 0xd8, 0xbd, 0xd7, 0xbd, 0xb7, 0xbd,
    0xb7, 0xb5, 0xb7, 0xb5, 0xb7, 0xb5, 0x96, 0xb5, 0x96, 0xb5, 0x76, 0xb5,
    0x76, 0xb5, 0x75, 0xad, 0x75, 0xb5, 0x55, 0xad, 0x35, 0xad, 0x34, 0xad,
    0x14, 0xad, 0xf4, 0xa4, 0xf3, 0xa4, 0xd3, 0x9c, 0xb3, 0x9c, 0x92, 0x9c,
    0x92, 0x94, 0x72, 0x8c, 0x51, 0x8c, 0x51, 0x8c, 0x31, 0x84, 0x11, 0x84,
    0xf0, 0x7b, 0xef, 0x7b, 0xaf, 0x73, 0xae, 0x73, 0x8e, 0x73, 0x6e, 0x6b,
    0x4d, 0x6b, 0x0c, 0x63, 0xcb, 0x5a, 0x6a, 0x52, 0x29, 0x42, 0xc7, 0x39,
    0x45, 0x29, 0x82, 0x10, 0x41, 0x08, 0x42, 0x08, 0xa3, 0x18, 0xe4, 0x20,
    0x45, 0x29, 0xa7, 0x31, 0xe8, 0x41, 0x29, 0x42, 0x29, 0x4a, 0x49, 0x4a,
    0x49, 0x4a, 0x49, 0x4a, 0x49, 0x4a, 0x4a, 0x4a, 0x69, 0x4a, 0x4a, 0x4a,
    0x6a, 0x4a, 0x49, 0x4a, 0x29, 0x42, 0xe8, 0x39, 0xa7, 0x31, 0x04, 0x21,
    0x82, 0x10, 0x61, 0x08, 0x41, 0x08, 0x61, 0x08, 0x62, 0x10, 0x62, 0x08,
    0x61, 0x08, 0x61, 0x08, 0x62, 0x08, 0x41, 0x08, 0x62, 0x10, 0x62, 0x08,
    0x62, 0x08, 0x61, 0x08, 0x41, 0x10, 0x42, 0x08, 0x62, 0x08, 0x61, 0x08,
    0x61, 0x08, 0x41, 0x08, 0x41, 0x08, 0x41, 0x10, 0x62, 0x08, 0x62, 0x08,
    0x41, 0x08, 0x61, 0x08, 0x42, 0x10, 0x41, 0x08, 0x41, 0x08, 0x42, 0x08,
    0x41, 0x08, 0x41, 0x08, 0x42, 0x08, 0x61, 0x08, 0x41, 0x08, 0x42, 0x08,
    0x41, 0x08, 0x61, 0x08, 0x42, 0x08, 0x41, 0x08, 0x61, 0x08, 0x41, 0x08,
    0x42, 0x08, 0x41, 0x08, 0x61, 0x08, 0x41, 0x08, 0x41, 0x08, 0x61, 0x08,
    0x41, 0x08, 0x42, 0x08, 0x41, 0x08, 0x41, 0x08, 0x41, 0x08, 0x41, 0x08,
    0x41, 0x08, 0x41, 0x08, 0x41, 0x08, 0x41, 0x08, 0x41, 0x08, 0x41, 0x08,
    0x41, 0x08, 0x41, 0x08, 0x41, 0x08, 0x42, 0x08, 0x41, 0x08, 0x41, 0x08,
    0x41, 0x08, 0x41, 0x08, 0x41, 0x08, 0x41, 0x08, 0x41, 0x08, 0x41, 0x08,
    0x41, 0x08, 0x42, 0x08, 0x41, 0x08, 0x41, 0x08, 0x41, 0x08, 0x41, 0x08,
    0x76, 0xb5, 0x76, 0xb5, 0x96, 0xb5, 0x96, 0xb5, 0x96, 0xb5, 0xb7, 0xbd,
    0xb7, 0xbd, 0xb7, 0xb5, 0xb6, 0xb5, 0x96, 0xb5, 0x97, 0xb5, 0x76, 0xad,
    0x56, 0xad, 0x56, 0xad, 0x55, 0xa5, 0x35, 0xa5, 0x56, 0xad, 0x76, 0xad,
    0x96, 0xb5, 0x97, 0xb5, 0xb7, 0xb5, 0xb7, 0xb5, 0xb7, 0xb5, 0xb7, 0xbd,
    0xd7, 0xbd, 0xd7, 0xb5, 0xb7, 0xb5, 0xb7, 0xbd, 0xb7, 0xb5, 0xb7, 0xb5,
    0xb7, 0xb5, 0xb7, 0xb5, 0xb7, 0xbd, 0xd7, 0xbd, 0xd7, 0xbd, 0xd8, 0xbd,
    0xd8, 0xbd, 0xf8, 0xbd, 0xf8, 0xbd, 0xf8, 0xbd, 0xd7, 0xbd, 0xb7, 0xb5,
    0xb7, 0xb5, 0x97, 0xb5, 0x96, 0xb5, 0x76, 0xad, 0x56, 0xad, 0x55, 0xad,
    0x35, 0xad, 0x35, 0xa5, 0x35, 0xad, 0x35, 0xad, 0x14, 0xa5, 0x14, 0xa5,
    0xd3, 0xa4, 0xd3, 0x9c, 0xb3, 0x9c, 0xb2, 0x9c, 0x92, 0x94, 0x72, 0x94,
    0x51, 0x8c, 0x51, 0x8c, 0x31, 0x84, 0x10, 0x84, 0x10, 0x7c, 0xcf, 0x7b,
    0xaf, 0x7b, 0xae, 0x73, 0x6e, 0x73, 0x6e, 0x6b, 0x4d, 0x6b, 0x0c, 0x63,
    0xcb, 0x5a, 0x6a, 0x4a, 0x29, 0x42, 0xc7, 0x39, 0x25, 0x21, 0x82, 0x10,
    0x41, 0x08, 0x61, 0x08, 0xa3, 0x10, 0x04, 0x21, 0x45, 0x29, 0x86, 0x31,
    0xc8, 0x39, 0x08, 0x42, 0x29, 0x42, 0x29, 0x42, 0x29, 0x4a, 0x29, 0x42,
    0x29, 0x42, 0x29, 0x4a, 0x29, 0x4a, 0x49, 0x4a, 0x49, 0x4a, 0x29, 0x4a,
    0x09, 0x42, 0xe8, 0x39, 0x66, 0x31, 0xe4, 0x20, 0x82, 0x10, 0x41, 0x08,
    0x41, 0x08, 0x62, 0x10, 0x62, 0x08, 0x62, 0x10, 0x61, 0x08, 0x61, 0x08,
    0x62, 0x08, 0x62, 0x10, 0x62, 0x08, 0x61, 0x08, 0x42, 0x08, 0x61, 0x10,
    0x41, 0x08, 0x61, 0x10, 0x61, 0x08, 0x41, 0x08, 0x41, 0x08, 0x42, 0x08,
    0x42, 0x10, 0x61, 0x08, 0x41, 0x08, 0x42, 0x08, 0x41, 0x08, 0x41, 0x08,
    0x61, 0x10, 0x42, 0x08, 0x41, 0x08, 0x41, 0x08, 0x41, 0x08, 0x61, 0x10,
    0x42, 0x08, 0x61, 0x08, 0x61, 0x10, 0x41, 0x08, 0x41, 0x08, 0x41, 0x08,
    0x61, 0x10, 0x41, 0x08, 0x61, 0x08, 0x41, 0x08, 0x41, 0x08, 0x62, 0x08,
    0x41, 0x08, 0x41, 0x08, 0x41, 0x08, 0x41, 0x08, 0x41, 0x08, 0x41, 0x08,
    0x41, 0x08, 0x41, 0x08, 0x42, 0x08, 0x41, 0x08, 0x41, 0x08, 0x42, 0x08,
    0x41, 0x08, 0x41, 0x08, 0x41, 0x08, 0x41, 0x08, 0x41, 0x08, 0x42, 0x08,
    0x41, 0x08, 0x41, 0x08, 0x41, 0x08, 0x41, 0x08, 0x41, 0x08, 0x41, 0x08,
    0x41, 0x08, 0x41, 0x08, 0x41, 0x08, 0x42, 0x08, 0x41, 0x08, 0x41, 0x08,
    0x41, 0x08, 0x41, 0x08, 0x41, 0x08, 0x41, 0x08, 0x61, 0x08, 0x41, 0x08,
    0x76, 0xad, 0x76, 0xb5, 0x76, 0xb5, 0x96, 0xb5, 0x96, 0xb5, 0xb7, 0xbd,
    0xb7, 0xbd, 0xb7, 0xbd, 0xb7, 0xb5, 0x96, 0xb5, 0x96, 0xb5, 0x76, 0xad,
    0x76, 0xad, 0x55, 0xa5, 0x35, 0xa5, 0x35, 0xa5, 0x35, 0xa5, 0x56, 0xad,
    0x76, 0xad, 0x97, 0xb5, 0xb7, 0xb5, 0xb6, 0xb5, 0xb7, 0xb5, 0xb7, 0xbd,
    0xd7, 0xbd, 0xd7, 0xb5, 0xb7, 0xbd, 0xd7, 0xbd, 0xb7, 0xb5, 0xb7, 0xb5,
    0xb7, 0xbd, 0xb7, 0xbd, 0xd7, 0xbd, 0xd8, 0xbd, 0xf8, 0xbd, 0xf8, 0xbd,
    0xf8, 0xbd, 0xf8, 0xbd, 0xd7, 0xbd, 0xd7, 0xbd, 0xd7, 0xbd, 0xb7, 0xb5,
    0x97, 0xb5, 0x96, 0xb5, 0x76, 0xad, 0x56, 0xad, 0x55, 0xad, 0x35, 0xad,
    0x35, 0xa5, 0x14, 0xa5, 0x14, 0xa5, 0x14, 0xa5, 0xf4, 0xa4, 0xd3, 0x9c,
    0xb3, 0x9c, 0x92, 0x9c, 0x72, 0x94, 0x51, 0x8c, 0x51, 0x8c, 0x31, 0x84,
    0x10, 0x84, 0x10, 0x84, 0xf0, 0x7b, 0xcf, 0x7b, 0xaf, 0x73, 0xae, 0x73,
    0x8e, 0x6b, 0x4e, 0x6b, 0x2d, 0x63, 0x0c, 0x63, 0xcb, 0x5a, 0x6a, 0x4a,
    0x28, 0x42, 0xa7, 0x39, 0x25, 0x29, 0xa3, 0x10, 0x41, 0x08, 0x61, 0x08,
    0xa3, 0x18, 0x04, 0x21, 0x45, 0x29, 0x86, 0x31, 0xc7, 0x39, 0xe8, 0x41,
    0x08, 0x42, 0x09, 0x42, 0x09, 0x42, 0x28, 0x42, 0x29, 0x42, 0x29, 0x4a,
    0x29, 0x4a, 0x29, 0x42, 0x29, 0x42, 0x08, 0x42, 0xe8, 0x39, 0xc7, 0x39,
    0x66, 0x29, 0xe3, 0x18, 0x82, 0x10, 0x41, 0x08, 0x41, 0x08, 0x62, 0x10,
    0x62, 0x08, 0x62, 0x08, 0x61, 0x10, 0x41, 0x08, 0x62, 0x08, 0x41, 0x08,
    0x41, 0x10, 0x41, 0x08, 0x41, 0x10, 0x41, 0x08, 0x61, 0x08, 0x41, 0x08,
    0x41, 0x08, 0x42, 0x08, 0x42, 0x08, 0x62, 0x08, 0x61, 0x08, 0x41, 0x08,
    0x61, 0x08, 0x61, 0x08, 0x62, 0x08, 0x62, 0x08, 0x41, 0x08, 0x41, 0x08,
    0x42, 0x08, 0x41, 0x08, 0x41, 0x08, 0x61, 0x08, 0x61, 0x08, 0x42, 0x08,
    0x41, 0x08, 0x41, 0x08, 0x42, 0x08, 0x41, 0x08, 0x42, 0x08, 0x61, 0x08,
    0x41, 0x08, 0x42, 0x08, 0x41, 0x08, 0x61, 0x08, 0x42, 0x08, 0x41, 0x08,
    0x61, 0x08, 0x41, 0x08, 0x41, 0x08, 0x41, 0x08, 0x42, 0x08, 0x41, 0x08,
    0x41, 0x08, 0x41, 0x08, 0x41, 0x08, 0x41, 0x08, 0x61, 0x08, 0x41, 0x08,
    0x41, 0x08, 0x41, 0x08, 0x42, 0x08, 0x41, 0x08, 0x41, 0x08, 0x41, 0x08,
    0x41, 0x08, 0x41, 0x08, 0x41, 0x08, 0x41, 0x08, 0x41, 0x08, 0x42, 0x08,
    0x41, 0x08, 0x41, 0x08, 0x41, 0x08, 0x41, 0x08, 0x41, 0x08, 0x42, 0x08,
    0x41, 0x08, 0x41, 0x08, 0x41, 0x08, 0x42, 0x08, 0x41, 0x08, 0x41, 0x08,
    0x76, 0xb5, 0x76, 0xb5, 0x76, 0xb5, 0x96, 0xb5, 0x96, 0xb5, 0xb7, 0xbd,
    0xd7, 0xbd, 0xb7, 0xbd, 0xb7, 0xbd, 0xb7, 0xb5, 0x97, 0xb5, 0x96, 0xb5,
    0x76, 0xad, 0x56, 0xad, 0x55, 0xad, 0x55, 0xad, 0x35, 0xa5, 0x56, 0xad,
    0x76, 0xad, 0x96, 0xb5, 0xb7, 0xb5, 0xb7, 0xb5, 0xb7, 0xb5, 0xd7, 0xbd,
    0xd7, 0xbd, 0xd8, 0xbd, 0xd7, 0xbd, 0xd8, 0xbd, 0xd7, 0xbd, 0xd7, 0xbd,
    0xd8, 0xbd, 0xd8, 0xbd, 0xf8, 0xbd, 0xf8, 0xbd, 0xf8, 0xc5, 0xf8, 0xc5,
    0xf8, 0xbd, 0xf8, 0xc5, 0xf8, 0xbd, 0xd7, 0xbd, 0xb7, 0xbd, 0xb7, 0xb5,
    0x96, 0xb5, 0x76, 0xb5, 0x76, 0xad, 0x55, 0xad, 0x35, 0xa5, 0x15, 0xa5,
    0x14, 0xa5, 0x14, 0xa5, 0xf4, 0xa4, 0xf4, 0xa4, 0xd3, 0x9c, 0xb3, 0x94,
    0x92, 0x94, 0x72, 0x8c, 0x51, 0x8c, 0x31, 0x84, 0x10, 0x84, 0x10, 0x84,
    0xf0, 0x7b, 0xaf, 0x73, 0xaf, 0x73, 0x8f, 0x73, 0x8e, 0x73, 0x6e, 0x6b,
    0x2d, 0x63, 0x0c, 0x63, 0xcb, 0x5a, 0x6a, 0x4a, 0x08, 0x42, 0xc7, 0x39,
    0x25, 0x21, 0xa3, 0x10, 0x41, 0x08, 0x61, 0x08, 0xa3, 0x18, 0x04, 0x21,
    0x46, 0x29, 0x86, 0x31, 0xc7, 0x39, 0xe8, 0x39, 0x08, 0x42, 0x08, 0x42,
    0x08, 0x42, 0x08, 0x42, 0x08, 0x42, 0x09, 0x42, 0x09, 0x42, 0x28, 0x42,
    0x29, 0x42, 0x08, 0x42, 0xe8, 0x39, 0xa7, 0x31, 0x45, 0x29, 0xc3, 0x18,
    0x62, 0x10, 0x41, 0x08, 0x41, 0x08, 0x62, 0x10, 0x61, 0x08, 0x61, 0x08,
    0x62, 0x08, 0x61, 0x10, 0x41, 0x08, 0x62, 0x08, 0x62, 0x08, 0x62, 0x10,
    0x41, 0x08, 0x61, 0x08, 0x62, 0x08, 0x42, 0x08, 0x61, 0x10, 0x42, 0x08,
    0x62, 0x08, 0x61, 0x10, 0x61, 0x08, 0x41, 0x08, 0x62, 0x08, 0x61, 0x08,
    0x61, 0x08, 0x42, 0x08, 0x41, 0x08, 0x41, 0x10, 0x41, 0x08, 0x41, 0x08,
    0x41, 0x08, 0x61, 0x08, 0x41, 0x08, 0x42, 0x08, 0x42, 0x10, 0x41, 0x08,
    0x41, 0x08, 0x61, 0x08, 0x41, 0x08, 0x41, 0x08, 0x61, 0x10, 0x42, 0x08,
    0x41, 0x08, 0x41, 0x08, 0x42, 0x10, 0x41, 0x08, 0x41, 0x08, 0x41, 0x08,
    0x41, 0x08, 0x62, 0x08, 0x41, 0x08, 0x41, 0x08, 0x61, 0x08, 0x41, 0x08,
    0x42, 0x08, 0x41, 0x08, 0x61, 0x08, 0x41, 0x08, 0x41, 0x08, 0x41, 0x08,
    0x41, 0x08, 0x41, 0x08, 0x41, 0x08, 0x41, 0x08, 0x42, 0x08, 0x41, 0x08,
    0x41, 0x08, 0x41, 0x08, 0x42, 0x08, 0x41, 0x08, 0x41, 0x08, 0x41, 0x08,
    0x41, 0x08, 0x42, 0x08, 0x41, 0x08, 0x41, 0x08, 0x41, 0x08, 0x41, 0x08,
    0x41, 0x08, 0x41, 0x08, 0x41, 0x08, 0x41, 0x08, 0x42, 0x08, 0x41, 0x08,
    0x76, 0xb5, 0x76, 0xb5, 0x76, 0xb5, 0x96, 0xb5, 0x96, 0xb5, 0xb7, 0xb5,
    0xb7, 0xbd, 0xd7, 0xbd, 0xd7, 0xbd, 0xb7, 0xbd, 0xb7, 0xb5, 0x96, 0xb5,
    0x76, 0xb5, 0x76, 0xad, 0x76, 0xad, 0x76, 0xad, 0x76, 0xad, 0x76, 0xad,
    0x76, 0xb5, 0x97, 0xb5, 0xb7, 0xb5, 0xd7, 0xbd, 0xd8, 0xbd, 0xf8, 0xc5,
    0x18, 0xc6, 0xf8, 0xc5, 0xf8, 0xbd, 0xf8, 0xbd, 0xf8, 0xbd, 0xf8, 0xbd,
    0x18, 0xc6, 0xf8, 0xc5, 0x18, 0xc6, 0xf8, 0xbd, 0xf8, 0xbd, 0xf8, 0xbd,
    0xf8, 0xbd, 0xf8, 0xbd, 0xf8, 0xbd, 0xd7, 0xbd, 0x97, 0xb5, 0x96, 0xb5,
    0x76, 0xad, 0x76, 0xad, 0x55, 0xad, 0x35, 0xa5, 0x14, 0xa5, 0xf4, 0xa4,
    0xf4, 0x9c, 0xf4, 0x9c, 0xf4, 0x9c, 0xd3, 0x9c, 0xb3, 0x94, 0x92, 0x94,
    0x72, 0x8c, 0x51, 0x8c, 0x31, 0x84, 0x10, 0x7c, 0xef, 0x7b, 0xcf, 0x7b,
    0xaf, 0x73, 0x8e, 0x6b, 0x6e, 0x6b, 0x4d, 0x6b, 0x2d, 0x63, 0x0c, 0x63,
    0xab, 0x5a, 0x6a, 0x4a, 0x28, 0x42, 0xa7, 0x31, 0x25, 0x29, 0xa3, 0x18,
    0x61, 0x08, 0x62, 0x10, 0xc3, 0x18, 0x04, 0x21, 0x45, 0x29, 0x86, 0x31,
    0xc7, 0x39, 0xe8, 0x41, 0xe8, 0x41, 0x08, 0x42, 0xe8, 0x41, 0x08, 0x42,
    0x09, 0x42, 0x08, 0x42, 0x08, 0x42, 0x08, 0x42, 0x08, 0x42, 0xe8, 0x39,
    0xc7, 0x39, 0x86, 0x31, 0x45, 0x29, 0xc3, 0x18, 0x62, 0x10, 0x41, 0x08,
    0x62, 0x08, 0x62, 0x10, 0x62, 0x08, 0x61, 0x10, 0x62, 0x08, 0x62, 0x08,
    0x41, 0x08, 0x62, 0x08, 0x62, 0x08, 0x61, 0x08, 0x61, 0x10, 0x61, 0x08,
    0x62, 0x08, 0x62, 0x08, 0x61, 0x08, 0x41, 0x08, 0x62, 0x08, 0x61, 0x10,
    0x41, 0x08, 0x61, 0x08, 0x41, 0x08, 0x62, 0x10, 0x41, 0x08, 0x42, 0x08,
    0x42, 0x10, 0x41, 0x08, 0x41, 0x08, 0x41, 0x08, 0x41, 0x08, 0x62, 0x10,
    0x61, 0x08, 0x41, 0x08, 0x41, 0x10, 0x61, 0x08, 0x41, 0x08, 0x41, 0x08,
    0x61, 0x08, 0x42, 0x10, 0x41, 0x08, 0x61, 0x08, 0x41, 0x08, 0x41, 0x08,
    0x42, 0x08, 0x61, 0x08, 0x61, 0x08, 0x41, 0x08, 0x42, 0x08, 0x61, 0x08,
    0x41, 0x08, 0x41, 0x08, 0x41, 0x08, 0x62, 0x08, 0x41, 0x08, 0x41, 0x08,
    0x61, 0x08, 0x41, 0x08, 0x41, 0x08, 0x41, 0x08, 0x41, 0x08, 0x42, 0x08,
    0x41, 0x08, 0x41, 0x08, 0x41, 0x08, 0x41, 0x08, 0x41, 0x08, 0x41, 0x08,
    0x41, 0x08, 0x41, 0x08, 0x41, 0x08, 0x41, 0x08, 0x41, 0x08, 0x41, 0x08,
    0x41, 0x08, 0x41, 0x08, 0x41, 0x08, 0x41, 0x08, 0x41, 0x08, 0x41, 0x08,
    0x41, 0x08, 0x61, 0x08, 0x41, 0x08, 0x41, 0x08, 0x41, 0x08, 0x41, 0x08,
    0x76, 0xb5, 0x76, 0xb5, 0x76, 0xb5, 0x96, 0xb5, 0x96, 0xb5, 0x97, 0xb5,
    0xb7, 0xbd, 0xd7, 0xbd, 0xd7, 0xbd, 0xd7, 0xbd, 0xd7, 0xbd, 0xb7, 0xb5,
    0xb7, 0xb5, 0xb7, 0xb5, 0xb7, 0xb5, 0xb7, 0xb5, 0xb7, 0xb5, 0xb7, 0xb5,
    0xb7, 0xb5, 0xd7, 0xbd, 0xf8, 0xbd, 0xf8, 0xc5, 0x18, 0xc6, 0x39, 0xc6,
    0x39, 0xc6, 0x39, 0xc6, 0x39, 0xc6, 0x39, 0xc6, 0x59, 0xc6, 0x59, 0xc6,
    0x39, 0xc6, 0x39, 0xc6, 0x19, 0xc6, 0x18, 0xc6, 0x18, 0xc6, 0x18, 0xbe,
    0xf8, 0xc5, 0xf8, 0xbd, 0xf8, 0xbd, 0xd7, 0xbd, 0xb7, 0xb5, 0x96, 0xb5,
    0x96, 0xb5, 0x76, 0xad, 0x55, 0xad, 0x55, 0xad, 0x35, 0xa5, 0x14, 0xa5,
    0xf4, 0x9c, 0xd4, 0x9c, 0xb3, 0x9c, 0xb3, 0x94, 0x92, 0x94, 0x51, 0x8c,
    0x31, 0x84, 0x10, 0x84, 0xf0, 0x7b, 0xcf, 0x7b, 0xaf, 0x73, 0x8e, 0x73,
    0x4e, 0x6b, 0x4d, 0x6b, 0x2c, 0x63, 0x0c, 0x63, 0xab, 0x5a, 0x6a, 0x4a,
    0x28, 0x42, 0xa7, 0x31, 0x25, 0x29, 0xa3, 0x10, 0x61, 0x08, 0x62, 0x10,
    0xa3, 0x18, 0x04, 0x21, 0x45, 0x29, 0x86, 0x31, 0xc7, 0x39, 0xe8, 0x41,
    0x08, 0x42, 0x08, 0x42, 0x08, 0x42, 0x08, 0x42, 0x08, 0x42, 0x08, 0x42,
    0x08, 0x42, 0x08, 0x42, 0xe8, 0x39, 0xe8, 0x39, 0xc7, 0x39, 0x86, 0x31,
    0x25, 0x21, 0xa3, 0x18, 0x62, 0x10, 0x61, 0x08, 0x61, 0x08, 0x62, 0x08,
    0x62, 0x10, 0x61, 0x08, 0x62, 0x08, 0x62, 0x08, 0x61, 0x10, 0x42, 0x10,
    0x61, 0x08, 0x41, 0x08, 0x62, 0x08, 0x42, 0x08, 0x62, 0x10, 0x41, 0x08,
    0x62, 0x08, 0x62, 0x10, 0x61, 0x10, 0x41, 0x08, 0x41, 0x10, 0x41, 0x08,
    0x62, 0x08, 0x42, 0x08, 0x42, 0x10, 0x41, 0x08, 0x61, 0x08, 0x41, 0x08,
    0x61, 0x08, 0x62, 0x08, 0x41, 0x08, 0x61, 0x08, 0x42, 0x08, 0x61, 0x08,
    0x42, 0x08, 0x42, 0x08, 0x41, 0x08, 0x62, 0x08, 0x41, 0x08, 0x41, 0x08,
    0x41, 0x08, 0x42, 0x08, 0x41, 0x08, 0x62, 0x08, 0x42, 0x08, 0x41, 0x08,
    0x41, 0x10, 0x41, 0x08, 0x41, 0x08, 0x42, 0x08, 0x61, 0x08, 0x41, 0x08,
    0x42, 0x08, 0x41, 0x08, 0x41, 0x08, 0x61, 0x08, 0x41, 0x08, 0x41, 0x08,
    0x41, 0x08, 0x61, 0x08, 0x41, 0x08, 0x42, 0x08, 0x41, 0x08, 0x41, 0x08,
    0x61, 0x08, 0x41, 0x08, 0x42, 0x08, 0x41, 0x08, 0x41, 0x08, 0x41, 0x08,
    0x42, 0x08, 0x41, 0x08, 0x41, 0x08, 0x41, 0x08, 0x42, 0x08, 0x61, 0x08,
    0x41, 0x08, 0x41, 0x08, 0x61, 0x08, 0x41, 0x08, 0x41, 0x08, 0x42, 0x08,
    0x61, 0x08, 0x42, 0x08, 0x42, 0x08, 0x61, 0x08, 0x41, 0x08, 0x41, 0x08,
    0x76, 0xb5, 0x76, 0xad, 0x96, 0xb5, 0x96, 0xb5, 0x96, 0xb5, 0x97, 0xb5,
    0xb7, 0xbd, 0xd7, 0xbd, 0xd7, 0xbd, 0xd8, 0xbd, 0xf8, 0xbd, 0xf8, 0xbd,
    0xf8, 0xbd, 0xf7, 0xbd, 0xf8, 0xc5, 0xf8, 0xbd, 0xf8, 0xbd, 0xf8, 0xbd,
    0xf8, 0xc5, 0x18, 0xc6, 0x19, 0xc6, 0x39, 0xc6, 0x39, 0xc6, 0x39, 0xc6,
    0x39, 0xc6, 0x59, 0xce, 0x5a, 0xce, 0x5a, 0xce, 0x59, 0xce, 0x5a, 0xce,
    0x59, 0xc6, 0x59, 0xc6, 0x39, 0xc6, 0x39, 0xc6, 0x19, 0xc6, 0x18, 0xc6,
    0xf8, 0xbd, 0xf8, 0xbd, 0xd7, 0xbd, 0xb7, 0xbd, 0x97, 0xb5, 0x76, 0xad,
    0x76, 0xad, 0x55, 0xad, 0x35, 0xa5, 0x15, 0xa5, 0xf4, 0x9c, 0xd4, 0x9c,
    0xb3, 0x94, 0x92, 0x94, 0x72, 0x8c, 0x51, 0x8c, 0x51, 0x8c, 0x31, 0x84,
    0xf0, 0x7b, 0xcf, 0x7b, 0xaf, 0x73, 0x8e, 0x73, 0x6e, 0x6b, 0x4d, 0x6b,
    0x2d, 0x63, 0xec, 0x5a, 0xab, 0x52, 0x6a, 0x4a, 0x28, 0x42, 0xa7, 0x39,
    0x45, 0x21, 0xa3, 0x18, 0x62, 0x10, 0x82, 0x10, 0xc3, 0x18, 0x04, 0x21,
    0x65, 0x29, 0x86, 0x31, 0xc7, 0x39, 0x08, 0x42, 0x08, 0x42, 0x08, 0x4a,
    0x09, 0x42, 0x08, 0x42, 0x08, 0x42, 0x08, 0x42, 0x08, 0x42, 0xe8, 0x41,
    0xe8, 0x41, 0xe7, 0x39, 0xa7, 0x39, 0x66, 0x31, 0x04, 0x21, 0xa3, 0x18,
    0x62, 0x10, 0x62, 0x08, 0x61, 0x08, 0x61, 0x10, 0x62, 0x08, 0x41, 0x10,
    0x61, 0x08, 0x61, 0x10, 0x41, 0x08, 0x61, 0x08, 0x41, 0x08, 0x61, 0x08,
    0x62, 0x10, 0x62, 0x10, 0x61, 0x10, 0x61, 0x08, 0x41, 0x08, 0x42, 0x08,
    0x61, 0x08, 0x61, 0x08, 0x41, 0x08, 0x62, 0x08, 0x62, 0x08, 0x62, 0x08,
    0x41, 0x08, 0x61, 0x10, 0x61, 0x08, 0x62, 0x08, 0x42, 0x08, 0x61, 0x08,
    0x61, 0x08, 0x41, 0x08, 0x41, 0x10, 0x62, 0x08, 0x61, 0x08, 0x61, 0x08,
    0x41, 0x08, 0x42, 0x08, 0x41, 0x08, 0x41, 0x08, 0x41, 0x10, 0x62, 0x08,
    0x61, 0x08, 0x41, 0x08, 0x41, 0x08, 0x41, 0x08, 0x41, 0x10, 0x41, 0x08,
    0x61, 0x08, 0x61, 0x08, 0x42, 0x08, 0x41, 0x08, 0x61, 0x08, 0x41, 0x08,
    0x41, 0x08, 0x61, 0x08, 0x41, 0x08, 0x41, 0x08, 0x42, 0x08, 0x41, 0x08,
    0x41, 0x08, 0x42, 0x08, 0x41, 0x08, 0x41, 0x08, 0x61, 0x08, 0x41, 0x08,
    0x41, 0x08, 0x41, 0x08, 0x41, 0x08, 0x41, 0x08, 0x41, 0x08, 0x41, 0x08,
    0x41, 0x08, 0x41, 0x08, 0x41, 0x08, 0x41, 0x08, 0x41, 0x08, 0x41, 0x08,
    0x41, 0x08, 0x42, 0x08, 0x41, 0x08, 0x41, 0x08, 0x42, 0x08, 0x61, 0x08,
    0x41, 0x08, 0x41, 0x08, 0x41, 0x08, 0x61, 0x08, 0x42, 0x08, 0x42, 0x08,
    0x76, 0xb5, 0x76, 0xb5, 0x76, 0xb5, 0x96, 0xb5, 0x96, 0xb5, 0x97, 0xb5,
    0xb6, 0xbd, 0xd7, 0xbd, 0xd7, 0xbd, 0xf8, 0xbd, 0xf8, 0xbd, 0xf8, 0xc5,
    0xf8, 0xc5, 0xf8, 0xbd, 0xf8, 0xbd, 0xf8, 0xc5, 0x18, 0xc6, 0x18, 0xc6,
    0x18, 0xc6, 0x39, 0xc6, 0x39, 0xc6, 0x39, 0xc6, 0x59, 0xce, 0x59, 0xce,
    0x59, 0xce, 0x59, 0xce, 0x5a, 0xce, 0x59, 0xce, 0x59, 0xce, 0x59, 0xce,
    0x39, 0xce, 0x39, 0xc6, 0x39, 0xc6, 0x39, 0xc6, 0x18, 0xc6, 0xf8, 0xc5,
    0xf8, 0xbd, 0xd7, 0xbd, 0xb7, 0xb5, 0xb7, 0xb5, 0x96, 0xb5, 0x55, 0xad,
    0x35, 0xa5, 0xf4, 0x9c, 0xf4, 0x9c, 0xb3, 0x94, 0x92, 0x94, 0x71, 0x8c,
    0x31, 0x84, 0x10, 0x84, 0xf0, 0x7b, 0x10, 0x84, 0x10, 0x7c, 0xcf, 0x7b,
    0xaf, 0x73, 0x8e, 0x73, 0x6e, 0x6b, 0x6d, 0x6b, 0x2d, 0x63, 0xec, 0x5a,
    0xab, 0x52, 0x49, 0x4a, 0x08, 0x42, 0xc7, 0x39, 0x45, 0x29, 0xc3, 0x18,
    0x62, 0x10, 0x82, 0x10, 0xe3, 0x18, 0x04, 0x29, 0x46, 0x29, 0xa6, 0x39,
    0xe8, 0x39, 0x08, 0x42, 0x08, 0x4a, 0x29, 0x42, 0x08, 0x42, 0x08, 0x42,
    0x08, 0x42, 0x08, 0x42, 0x08, 0x42, 0x08, 0x42, 0xe8, 0x41, 0xc7, 0x39,
    0xa7, 0x39, 0x66, 0x31, 0x04, 0x21, 0xa3, 0x10, 0x61, 0x10, 0x61, 0x08,
    0x61, 0x08, 0x61, 0x08, 0x62, 0x10, 0x62, 0x08, 0x62, 0x08, 0x62, 0x08,
    0x61, 0x10, 0x62, 0x08, 0x42, 0x08, 0x62, 0x10, 0x62, 0x10, 0x62, 0x08,
    0x61, 0x08, 0x62, 0x08, 0x61, 0x08, 0x61, 0x08, 0x62, 0x10, 0x41, 0x08,
    0x62, 0x10, 0x61, 0x08, 0x41, 0x08, 0x42, 0x10, 0x61, 0x08, 0x41, 0x08,
    0x61, 0x10, 0x41, 0x08, 0x42, 0x08, 0x61, 0x10, 0x61, 0x10, 0x42, 0x08,
    0x42, 0x08, 0x41, 0x08, 0x62, 0x08, 0x41, 0x08, 0x41, 0x08, 0x41, 0x10,
    0x61, 0x08, 0x61, 0x08, 0x41, 0x10, 0x61, 0x08, 0x42, 0x08, 0x41, 0x08,
    0x41, 0x08, 0x42, 0x10, 0x61, 0x08, 0x41, 0x08, 0x41, 0x08, 0x61, 0x08,
    0x42, 0x08, 0x42, 0x10, 0x41, 0x08, 0x41, 0x08, 0x41, 0x08, 0x42, 0x10,
    0x61, 0x08, 0x41, 0x08, 0x41, 0x08, 0x41, 0x08, 0x61, 0x08, 0x41, 0x08,
    0x41, 0x08, 0x41, 0x08, 0x41, 0x08, 0x41, 0x08, 0x41, 0x08, 0x41, 0x08,
    0x42, 0x08, 0x41, 0x08, 0x41, 0x08, 0x41, 0x08, 0x42, 0x08, 0x41, 0x08,
    0x41, 0x08, 0x41, 0x08, 0x62, 0x08, 0x41, 0x08, 0x41, 0x08, 0x41, 0x08,
    0x41, 0x08, 0x41, 0x08, 0x41, 0x08, 0x61, 0x08, 0x42, 0x08, 0x41, 0x08,
    0x41, 0x08, 0x41, 0x08, 0x41, 0x08, 0x41, 0x10, 0x41, 0x08, 0x41, 0x08,
    0x96, 0xb5, 0x96, 0xb5, 0x96, 0xb5, 0x96, 0xb5, 0x97, 0xb5, 0x97, 0xb5,
    0xb7, 0xbd, 0xd7, 0xbd, 0xd8, 0xbd, 0xf8, 0xbd, 0xf8, 0xbd, 0xf8, 0xc5,
    0xf8, 0xbd, 0xf8, 0xbd, 0x18, 0xc6, 0x18, 0xc6, 0x18, 0xc6, 0x19, 0xc6,
    0x39, 0xc6, 0x39, 0xc6, 0x39, 0xc6, 0x39, 0xce, 0x59, 0xce, 0x59, 0xce,
    0x59, 0xce, 0x59, 0xce, 0x59, 0xce, 0x59, 0xce, 0x39, 0xce, 0x39, 0xce,
    0x39, 0xc6, 0x39, 0xc6, 0x39, 0xc6, 0x18, 0xc6, 0xf8, 0xc5, 0xf8, 0xbd,
    0xd7, 0xbd, 0xb7, 0xb5, 0x97, 0xb5, 0x96, 0xb5, 0x56, 0xad, 0x35, 0xa5,
    0xf4, 0xa4, 0xd3, 0x9c, 0xb3, 0x94, 0x92, 0x94, 0x72, 0x8c, 0x31, 0x84,
    0x10, 0x84, 0xf0, 0x83, 0xf0, 0x7b, 0xd0, 0x7b, 0xcf, 0x7b, 0xaf, 0x73,
    0x6e, 0x6b, 0x4d, 0x6b, 0x2d, 0x63, 0xec, 0x5a, 0xab, 0x52, 0x49, 0x4a,
    0x08, 0x42, 0xa7, 0x39, 0x25, 0x29, 0xc3, 0x10, 0x62, 0x10, 0x82, 0x10,
    0xc3, 0x18, 0x25, 0x29, 0x65, 0x29, 0x86, 0x31, 0xe7, 0x41, 0x08, 0x42,
    0x08, 0x4a, 0x09, 0x4a, 0x08, 0x42, 0x08, 0x42, 0x08, 0x42, 0x29, 0x4a,
    0x08, 0x42, 0x08, 0x42, 0x08, 0x42, 0xc7, 0x39, 0xa7, 0x39, 0x66, 0x31,
    0x04, 0x21, 0xa3, 0x10, 0x62, 0x08, 0x61, 0x08, 0x62, 0x10, 0x62, 0x08,
    0x62, 0x08, 0x61, 0x10, 0x61, 0x08, 0x61, 0x08, 0x61, 0x08, 0x62, 0x10,
    0x42, 0x08, 0x61, 0x08, 0x62, 0x10, 0x61, 0x08, 0x61, 0x10, 0x42, 0x08,
    0x41, 0x08, 0x61, 0x08, 0x42, 0x08, 0x42, 0x08, 0x62, 0x08, 0x41, 0x08,
    0x62, 0x08, 0x62, 0x10, 0x42, 0x08, 0x61, 0x08, 0x61, 0x10, 0x41, 0x08,
    0x42, 0x08, 0x62, 0x08, 0x61, 0x08, 0x41, 0x08, 0x41, 0x08, 0x41, 0x10,
    0x61, 0x08, 0x62, 0x08, 0x61, 0x08, 0x61, 0x08, 0x41, 0x08, 0x42, 0x08,
    0x62, 0x08, 0x41, 0x08, 0x41, 0x08, 0x42, 0x08, 0x61, 0x08, 0x41, 0x08,
    0x42, 0x08, 0x41, 0x08, 0x41, 0x08, 0x62, 0x08, 0x42, 0x08, 0x41, 0x08,
    0x41, 0x08, 0x41, 0x08, 0x41, 0x08, 0x61, 0x08, 0x61, 0x08, 0x41, 0x08,
    0x41, 0x08, 0x42, 0x08, 0x41, 0x08, 0x61, 0x08, 0x42, 0x08, 0x41, 0x08,
    0x41, 0x08, 0x61, 0x08, 0x41, 0x08, 0x41, 0x08, 0x41, 0x08, 0x61, 0x08,
    0x41, 0x08, 0x41, 0x08, 0x41, 0x08, 0x41, 0x08, 0x41, 0x08, 0x41, 0x08,
    0x41, 0x08, 0x41, 0x08, 0x41, 0x08, 0x41, 0x08, 0x42, 0x08, 0x61, 0x08,
    0x41, 0x08, 0x41, 0x08, 0x61, 0x08, 0x41, 0x08, 0x41, 0x08, 0x41, 0x10,
    0x62, 0x08, 0x42, 0x08, 0x61, 0x08, 0x42, 0x08, 0x41, 0x08, 0x61, 0x08,
    0x76, 0xb5, 0x76, 0xb5, 0x96, 0xb5, 0x96, 0xb5, 0x96, 0xb5, 0x97, 0xb5,
    0xb7, 0xbd, 0xd7, 0xbd, 0xd7, 0xbd, 0xf8, 0xbd, 0xf8, 0xbd, 0xf8, 0xbd,
    0xf8, 0xbd, 0x18, 0xc6, 0x18, 0xc6, 0x19, 0xc6, 0x19, 0xc6, 0x18, 0xc6,
    0x19, 0xc6, 0x39, 0xc6, 0x39, 0xc6, 0x39, 0xc6, 0x39, 0xce, 0x39, 0xce,
    0x39, 0xc6, 0x39, 0xc6, 0x39, 0xc6, 0x39, 0xc6, 0x39, 0xce, 0x39, 0xc6,
    0x39, 0xc6, 0x19, 0xc6, 0x18, 0xc6, 0xf8, 0xc5, 0xf8, 0xbd, 0xd7, 0xbd,
    0xb7, 0xb5, 0x97, 0xb5, 0x76, 0xb5, 0x55, 0xad, 0x35, 0xa5, 0x14, 0xa5,
    0xf4, 0x9c, 0xd3, 0x9c, 0x92, 0x94, 0x72, 0x8c, 0x51, 0x8c, 0x31, 0x84,
    0x10, 0x7c, 0xef, 0x7b, 0xaf, 0x73, 0xaf, 0x73, 0x8e, 0x73, 0x6e, 0x6b,
    0x2d, 0x63, 0x0c, 0x63, 0xab, 0x5a, 0x6a, 0x4a, 0x29, 0x42, 0xc7, 0x39,
    0x45, 0x29, 0xc3, 0x18, 0x82, 0x10, 0x82, 0x10, 0xc3, 0x18, 0x05, 0x21,
    0x65, 0x29, 0xa7, 0x39, 0xe7, 0x41, 0x08, 0x42, 0x09, 0x42, 0x08, 0x4a,
    0x08, 0x42, 0x08, 0x42, 0x08, 0x42, 0x08, 0x42, 0x08, 0x4a, 0x08, 0x42,
    0xe8, 0x41, 0xc7, 0x39, 0xa7, 0x31, 0x46, 0x29, 0x04, 0x21, 0xa2, 0x10,
    0x61, 0x10, 0x62, 0x08, 0x61, 0x10, 0x61, 0x10, 0x62, 0x08, 0x62, 0x08,
    0x62, 0x10, 0x62, 0x08, 0x62, 0x10, 0x62, 0x08, 0x61, 0x10, 0x61, 0x10,
    0x61, 0x08, 0x42, 0x10, 0x61, 0x08, 0x61, 0x08, 0x42, 0x08, 0x61, 0x10,
    0x62, 0x10, 0x62, 0x08, 0x61, 0x10, 0x61, 0x08, 0x62, 0x10, 0x41, 0x08,
    0x61, 0x08, 0x61, 0x08, 0x41, 0x10, 0x62, 0x08, 0x41, 0x08, 0x62, 0x08,
    0x42, 0x10, 0x61, 0x08, 0x41, 0x08, 0x62, 0x08, 0x42, 0x08, 0x62, 0x08,
    0x61, 0x08, 0x41, 0x08, 0x41, 0x10, 0x42, 0x08, 0x41, 0x08, 0x41, 0x08,
    0x61, 0x08, 0x41, 0x08, 0x42, 0x08, 0x41, 0x08, 0x41, 0x08, 0x41, 0x10,
    0x61, 0x08, 0x41, 0x08, 0x61, 0x08, 0x41, 0x08, 0x41, 0x10, 0x61, 0x08,
    0x42, 0x08, 0x41, 0x08, 0x61, 0x08, 0x42, 0x08, 0x42, 0x08, 0x41, 0x08,
    0x41, 0x08, 0x61, 0x08, 0x41, 0x08, 0x41, 0x08, 0x41, 0x08, 0x61, 0x08,
    0x41, 0x08, 0x41, 0x08, 0x41, 0x08, 0x61, 0x08, 0x42, 0x08, 0x41, 0x08,
    0x41, 0x08, 0x41, 0x08, 0x41, 0x08, 0x41, 0x08, 0x61, 0x08, 0x61, 0x08,
    0x42, 0x08, 0x41, 0x08, 0x41, 0x08, 0x41, 0x08, 0x61, 0x08, 0x42, 0x08,
    0x41, 0x08, 0x61, 0x08, 0x42, 0x08, 0x42, 0x08, 0x41, 0x08, 0x61, 0x08,
    0x41, 0x08, 0x41, 0x08, 0x41, 0x08, 0x61, 0x08, 0x42, 0x08, 0x41, 0x10,
    0x76, 0xb5, 0x96, 0xb5, 0x97, 0xb5, 0x96, 0xb5, 0x97, 0xb5, 0xb7, 0xb5,
    0xb7, 0xbd, 0xd7, 0xbd, 0xf7, 0xbd, 0xf8, 0xbd, 0xf8, 0xc5, 0x18, 0xc6,
    0x18, 0xc6, 0x18, 0xc6, 0x19, 0xc6, 0x39, 0xc6, 0x39, 0xc6, 0x39, 0xc6,
    0x39, 0xc6, 0x39, 0xc6, 0x39, 0xc6, 0x39, 0xc6, 0x39, 0xc6, 0x39, 0xc6,
    0x39, 0xc6, 0x39, 0xc6, 0x39, 0xc6, 0x39, 0xc6, 0x39, 0xc6, 0x38, 0xc6,
    0x18, 0xc6, 0x18, 0xc6, 0xf8, 0xbd, 0xf8, 0xbd, 0xd7, 0xbd, 0xb7, 0xb5,
    0x96, 0xb5, 0x76, 0xad, 0x55, 0xad, 0x35, 0xa5, 0x14, 0xa5, 0xd4, 0x9c,
    0xb3, 0x94, 0x92, 0x94, 0x72, 0x8c, 0x51, 0x8c, 0x11, 0x84, 0xf0, 0x7b,
    0xcf, 0x7b, 0xaf, 0x73, 0x8e, 0x73, 0x6e, 0x6b, 0x4d, 0x6b, 0x0c, 0x63,
    0xcb, 0x5a, 0x8a, 0x52, 0x29, 0x42, 0xc7, 0x39, 0x45, 0x29, 0xc3, 0x18,
    0x82, 0x10, 0xa2, 0x10, 0xe3, 0x18, 0x25, 0x29, 0x65, 0x31, 0xa6, 0x39,
    0xe8, 0x41, 0x08, 0x42, 0x08, 0x42, 0x08, 0x42, 0x08, 0x42, 0x08, 0x4a,
    0x08, 0x42, 0x08, 0x42, 0x08, 0x42, 0x08, 0x42, 0xe8, 0x41, 0xc7, 0x39,
    0xa7, 0x31, 0x65, 0x31, 0xe4, 0x20, 0xa2, 0x10, 0x62, 0x08, 0x61, 0x08,
    0x62, 0x10, 0x61, 0x08, 0x62, 0x08, 0x62, 0x10, 0x62, 0x08, 0x61, 0x10,
    0x61, 0x08, 0x62, 0x10, 0x62, 0x10, 0x62, 0x08, 0x62, 0x10, 0x61, 0x08,
    0x62, 0x08, 0x61, 0x08, 0x42, 0x10, 0x62, 0x10, 0x62, 0x08, 0x62, 0x08,
    0x61, 0x08, 0x41, 0x10, 0x62, 0x08, 0x62, 0x08, 0x61, 0x08, 0x41, 0x10,
    0x42, 0x08, 0x61, 0x08, 0x41, 0x08, 0x62, 0x08, 0x61, 0x08, 0x41, 0x10,
    0x61, 0x08, 0x41, 0x10, 0x62, 0x08, 0x41, 0x08, 0x61, 0x08, 0x61, 0x08,
    0x42, 0x08, 0x61, 0x08, 0x41, 0x08, 0x41, 0x08, 0x42, 0x08, 0x41, 0x10,
    0x41, 0x08, 0x41, 0x08, 0x61, 0x10, 0x41, 0x08, 0x41, 0x08, 0x42, 0x08,
    0x61, 0x08, 0x41, 0x08, 0x42, 0x08, 0x41, 0x08, 0x41, 0x08, 0x41, 0x08,
    0x61, 0x08, 0x42, 0x10, 0x41, 0x08, 0x41, 0x08, 0x41, 0x08, 0x41, 0x08,
    0x61, 0x08, 0x42, 0x08, 0x41, 0x08, 0x41, 0x08, 0x41, 0x08, 0x41, 0x08,
    0x42, 0x08, 0x42, 0x08, 0x61, 0x08, 0x41, 0x08, 0x42, 0x08, 0x41, 0x08,
    0x41, 0x08, 0x42, 0x08, 0x41, 0x08, 0x42, 0x08, 0x41, 0x08, 0x41, 0x08,
    0x41, 0x08, 0x41, 0x08, 0x41, 0x08, 0x41, 0x08, 0x41, 0x08, 0x41, 0x08,
    0x61, 0x08, 0x41, 0x08, 0x41, 0x08, 0x41, 0x08, 0x62, 0x08, 0x41, 0x08,
    0x41, 0x08, 0x41, 0x08, 0x61, 0x10, 0x42, 0x08, 0x41, 0x08, 0x61, 0x08,
    0x96, 0xb5, 0x97, 0xb5, 0x97, 0xb5, 0xb7, 0xb5, 0xb7, 0xb5, 0xb7, 0xb5,
    0xb7, 0xbd, 0xd7, 0xbd, 0xf8, 0xbd, 0xf8, 0xbd, 0x18, 0xc6, 0x18, 0xc6,
    0x19, 0xc6, 0x39, 0xc6, 0x39, 0xc6, 0x39, 0xc6, 0x59, 0xce, 0x59, 0xce,
    0x59, 0xce, 0x59, 0xc6, 0x59, 0xce, 0x39, 0xc6, 0x59, 0xc6, 0x39, 0xc6,
    0x39, 0xc6, 0x39, 0xc6, 0x39, 0xc6, 0x39, 0xc6, 0x18, 0xc6, 0x18, 0xc6,
    0xf8, 0xc5, 0xf8, 0xbd, 0xf8, 0xbd, 0xd7, 0xbd, 0xb7, 0xb5, 0x96, 0xb5,
    0x76, 0xad, 0x55, 0xad, 0x35, 0xa5, 0xf4, 0x9c, 0xd4, 0x9c, 0xb3, 0x94,
    0x92, 0x8c, 0x51, 0x8c, 0x31, 0x84, 0x10, 0x7c, 0xf0, 0x7b, 0xaf, 0x73,
    0x8e, 0x73, 0x6e, 0x6b, 0x4d, 0x6b, 0x0d, 0x63, 0xcb, 0x5a, 0x8a, 0x4a,
    0x29, 0x42, 0xc7, 0x39, 0x65, 0x29, 0xc3, 0x18, 0x82, 0x10, 0xa3, 0x18,
    0xe4, 0x18, 0x25, 0x29, 0x65, 0x31, 0xa7, 0x39, 0xe7, 0x41, 0x08, 0x42,
    0x29, 0x42, 0x08, 0x4a, 0x28, 0x4a, 0x29, 0x4a, 0x08, 0x4a, 0x08, 0x42,
    0x08, 0x42, 0x08, 0x42, 0xe8, 0x41, 0xc7, 0x39, 0x86, 0x31, 0x45, 0x29,
    0xe4, 0x20, 0x82, 0x10, 0x62, 0x10, 0x61, 0x10, 0x62, 0x08, 0x62, 0x10,
    0x62, 0x10, 0x62, 0x08, 0x61, 0x10, 0x62, 0x08, 0x62, 0x08, 0x61, 0x10,
    0x62, 0x08, 0x61, 0x08, 0x61, 0x08, 0x61, 0x08, 0x62, 0x08, 0x62, 0x08,
    0x61, 0x08, 0x62, 0x10, 0x61, 0x08, 0x61, 0x08, 0x61, 0x10, 0x41, 0x08,
    0x61, 0x08, 0x62, 0x08, 0x42, 0x10, 0x61, 0x08, 0x61, 0x08, 0x62, 0x08,
    0x62, 0x10, 0x41, 0x08, 0x42, 0x08, 0x61, 0x08, 0x41, 0x10, 0x62, 0x08,
    0x42, 0x08, 0x61, 0x08, 0x41, 0x08, 0x62, 0x10, 0x41, 0x08, 0x41, 0x08,
    0x41, 0x10, 0x42, 0x08, 0x61, 0x08, 0x61, 0x08, 0x41, 0x08, 0x61, 0x08,
    0x62, 0x08, 0x42, 0x08, 0x61, 0x08, 0x62, 0x08, 0x41, 0x10, 0x42, 0x08,
    0x41, 0x08, 0x41, 0x10, 0x41, 0x08, 0x62, 0x08, 0x41, 0x08, 0x61, 0x08,
    0x42, 0x08, 0x41, 0x08, 0x41, 0x08, 0x61, 0x08, 0x41, 0x08, 0x61, 0x08,
    0x42, 0x10, 0x41, 0x08, 0x61, 0x08, 0x62, 0x08, 0x41, 0x08, 0x41, 0x08,
    0x41, 0x08, 0x61, 0x08, 0x41, 0x08, 0x41, 0x08, 0x41, 0x08, 0x41, 0x08,
    0x61, 0x08, 0x41, 0x08, 0x41, 0x08, 0x61, 0x08, 0x42, 0x08, 0x41, 0x08,
    0x41, 0x08, 0x41, 0x08, 0x42, 0x08, 0x41, 0x08, 0x61, 0x08, 0x41, 0x08,
    0x41, 0x08, 0x42, 0x08, 0x41, 0x08, 0x41, 0x10, 0x41, 0x08, 0x41, 0x08,
    0x62, 0x08, 0x42, 0x08, 0x41, 0x08, 0x41, 0x08, 0x41, 0x08, 0x42, 0x08,
    0x96, 0xb5, 0x97, 0xb5, 0x96, 0xb5, 0xb6, 0xb5, 0xb7, 0xb5, 0xb7, 0xbd,
    0xb7, 0xbd, 0xd7, 0xbd, 0xd8, 0xbd, 0xf8, 0xbd, 0xf8, 0xc5, 0xf8, 0xc5,
    0x18, 0xc6, 0x18, 0xc6, 0x19, 0xc6, 0x19, 0xc6, 0x39, 0xc6, 0x19, 0xc6,
    0x18, 0xc6, 0x39, 0xc6, 0x19, 0xc6, 0x19, 0xc6, 0x39, 0xc6, 0x19, 0xc6,
    0x39, 0xc6, 0x18, 0xc6, 0x19, 0xc6, 0x18, 0xc6, 0xf8, 0xc5, 0xf8, 0xbd,
    0xf8, 0xbd, 0xd7, 0xbd, 0xb7, 0xbd, 0xb7, 0xb5, 0x96, 0xb5, 0x56, 0xad,
    0x55, 0xad, 0x14, 0xa5, 0xf4, 0x9c, 0xd3, 0x9c, 0x92, 0x94, 0x72, 0x8c,
    0x31, 0x84, 0x10, 0x84, 0xf0, 0x7b, 0xcf, 0x7b, 0x8e, 0x73, 0x6e, 0x6b,
    0x4d, 0x6b, 0x2d, 0x63, 0xcb, 0x5a, 0x8a, 0x52, 0x49, 0x4a, 0xe7, 0x39,
    0x66, 0x29, 0xe4, 0x18, 0x82, 0x10, 0xa3, 0x18, 0x04, 0x21, 0x45, 0x29,
    0x86, 0x31, 0xa7, 0x39, 0x08, 0x42, 0x28, 0x42, 0x29, 0x42, 0x28, 0x42,
    0x08, 0x4a, 0x28, 0x42, 0x09, 0x42, 0x09, 0x4a, 0x08, 0x42, 0x08, 0x42,
    0xe8, 0x41, 0xc7, 0x39, 0x86, 0x39, 0x45, 0x29, 0xe4, 0x20, 0x82, 0x10,
    0x62, 0x10, 0x61, 0x08, 0x62, 0x08, 0x62, 0x10, 0x61, 0x10, 0x62, 0x08,
    0x61, 0x10, 0x62, 0x08, 0x62, 0x10, 0x61, 0x10, 0x61, 0x08, 0x62, 0x08,
    0x62, 0x10, 0x62, 0x08, 0x61, 0x08, 0x62, 0x10, 0x61, 0x10, 0x61, 0x08,
    0x62, 0x10, 0x42, 0x10, 0x61, 0x08, 0x62, 0x08, 0x42, 0x08, 0x61, 0x10,
    0x62, 0x08, 0x62, 0x08, 0x61, 0x08, 0x41, 0x10, 0x62, 0x08, 0x62, 0x08,
    0x41, 0x08, 0x61, 0x10, 0x41, 0x08, 0x42, 0x10, 0x62, 0x08, 0x41, 0x08,
    0x61, 0x08, 0x41, 0x08, 0x62, 0x10, 0x41, 0x08, 0x42, 0x08, 0x62, 0x08,
    0x61, 0x08, 0x61, 0x08, 0x42, 0x08, 0x42, 0x08, 0x61, 0x10, 0x41, 0x08,
    0x62, 0x08, 0x61, 0x08, 0x41, 0x08, 0x61, 0x08, 0x41, 0x08, 0x41, 0x08,
    0x41, 0x08, 0x41, 0x08, 0x62, 0x08, 0x41, 0x08, 0x42, 0x10, 0x41, 0x08,
    0x41, 0x08, 0x41, 0x08, 0x61, 0x08, 0x42, 0x08, 0x42, 0x08, 0x41, 0x08,
    0x42, 0x08, 0x41, 0x08, 0x41, 0x08, 0x41, 0x08, 0x42, 0x08, 0x62, 0x08,
    0x61, 0x08, 0x41, 0x08, 0x42, 0x08, 0x41, 0x08, 0x61, 0x08, 0x41, 0x08,
    0x41, 0x08, 0x61, 0x08, 0x41, 0x08, 0x41, 0x08, 0x61, 0x08, 0x41, 0x08,
    0x41, 0x08, 0x42, 0x08, 0x61, 0x08, 0x41, 0x08, 0x41, 0x08, 0x42, 0x08,
    0x41, 0x08, 0x61, 0x08, 0x42, 0x08, 0x61, 0x08, 0x61, 0x08, 0x41, 0x08,
    0x41, 0x10, 0x41, 0x08, 0x41, 0x08, 0x41, 0x08, 0x61, 0x08, 0x42, 0x10,
    0x96, 0xb5, 0x97, 0xb5, 0x97, 0xb5, 0xb7, 0xb5, 0xb7, 0xb5, 0xb7, 0xb5,
    0xb7, 0xb5, 0xb6, 0xb5, 0x97, 0xb5, 0xb7, 0xb5, 0xb7, 0xb5, 0xb7, 0xb5,
    0xb7, 0xb5, 0xb7, 0xb5, 0xb7, 0xb5, 0xb7, 0xb5, 0xd7, 0xbd, 0xf7, 0xbd,
    0xf8, 0xbd, 0x18, 0xc6, 0x18, 0xc6, 0x18, 0xc6, 0x18, 0xc6, 0x18, 0xc6,
    0x18, 0xc6, 0x18, 0xc6, 0xf8, 0xc5, 0xf8, 0xbd, 0xf8, 0xbd, 0xd8, 0xbd,
    0xd7, 0xbd, 0xb7, 0xb5, 0x96, 0xb5, 0x96, 0xad, 0x56, 0xad, 0x35, 0xa5,
    0x14, 0xa5, 0xd4, 0x9c, 0xb3, 0x94, 0x92, 0x8c, 0x51, 0x8c, 0x31, 0x84,
    0xf0, 0x7b, 0xcf, 0x7b, 0xaf, 0x73, 0x8e, 0x73, 0x4e, 0x6b, 0x2d, 0x63,
    0xeb, 0x5a, 0x8a, 0x52, 0x49, 0x4a, 0xe8, 0x39, 0x66, 0x29, 0xe4, 0x20,
    0xa2, 0x10, 0xa3, 0x18, 0x04, 0x21, 0x45, 0x29, 0x86, 0x31, 0xc7, 0x39,
    0xe8, 0x41, 0x29, 0x42, 0x29, 0x4a, 0x49, 0x4a, 0x29, 0x4a, 0x29, 0x4a,
    0x28, 0x4a, 0x29, 0x4a, 0x28, 0x42, 0x08, 0x42, 0xe8, 0x41, 0xc7, 0x39,
    0x86, 0x31, 0x45, 0x29, 0xe3, 0x18, 0x82, 0x10, 0x62, 0x08, 0x61, 0x08,
    0x62, 0x10, 0x82, 0x10, 0x62, 0x08, 0x82, 0x08, 0x62, 0x08, 0x61, 0x10,
    0x62, 0x08, 0x61, 0x08, 0x62, 0x10, 0x62, 0x08, 0x62, 0x10, 0x61, 0x10,
    0x62, 0x08, 0x62, 0x10, 0x62, 0x10, 0x61, 0x08, 0x62, 0x08, 0x61, 0x10,
    0x61, 0x08, 0x61, 0x08, 0x42, 0x08, 0x61, 0x10, 0x62, 0x10, 0x62, 0x08,
    0x41, 0x10, 0x41, 0x10, 0x62, 0x08, 0x62, 0x08, 0x41, 0x10, 0x41, 0x08,
    0x41, 0x08, 0x62, 0x08, 0x62, 0x08, 0x61, 0x08, 0x41, 0x10, 0x61, 0x08,
    0x41, 0x08, 0x62, 0x10, 0x42, 0x08, 0x61, 0x08, 0x61, 0x08, 0x62, 0x08,
    0x41, 0x08, 0x61, 0x08, 0x62, 0x08, 0x41, 0x08, 0x42, 0x08, 0x42, 0x08,
    0x61, 0x08, 0x41, 0x10, 0x41, 0x08, 0x42, 0x08, 0x61, 0x08, 0x62, 0x08,
    0x62, 0x08, 0x41, 0x08, 0x41, 0x08, 0x41, 0x08, 0x41, 0x08, 0x62, 0x08,
    0x41, 0x08, 0x41, 0x10, 0x62, 0x08, 0x41, 0x08, 0x41, 0x08, 0x61, 0x10,
    0x41, 0x08, 0x61, 0x08, 0x42, 0x08, 0x41, 0x08, 0x41, 0x08, 0x41, 0x08,
    0x41, 0x08, 0x42, 0x08, 0x41, 0x08, 0x61, 0x08, 0x41, 0x08, 0x41, 0x08,
    0x42, 0x08, 0x41, 0x08, 0x41, 0x08, 0x41, 0x08, 0x41, 0x08, 0x41, 0x08,
    0x62, 0x08, 0x41, 0x10, 0x41, 0x08, 0x61, 0x08, 0x42, 0x08, 0x41, 0x08,
    0x61, 0x08, 0x42, 0x08, 0x41, 0x10, 0x41, 0x08, 0x42, 0x08, 0x42, 0x08,
    0x41, 0x08, 0x61, 0x08, 0x62, 0x08, 0x42, 0x08, 0x62, 0x08, 0x61, 0x08,
    0x96, 0xb5, 0x97, 0xb5, 0xb7, 0xb5, 0x96, 0xb5, 0xb7, 0xb5, 0xb7, 0xbd,
    0xb7, 0xbd, 0xd7, 0xbd, 0xd7, 0xbd, 0xd7, 0xb5, 0xd7, 0xbd, 0xd7, 0xbd,
    0xd7, 0xbd, 0xd7, 0xb5, 0xd7, 0xbd, 0xd7, 0xbd, 0xd7, 0xbd, 0xd8, 0xbd,
    0xf8, 0xbd, 0x18, 0xc6, 0x18, 0xc6, 0x18, 0xbe, 0xf8, 0xc5, 0x18, 0xc6,
    0xf8, 0xbd, 0xf8, 0xbd, 0xf8, 0xbd, 0xd7, 0xbd, 0xd7, 0xbd, 0xb7, 0xb5,
    0xb7, 0xb5, 0x96, 0xb5, 0x76, 0xad, 0x55, 0xad, 0x35, 0xa5, 0xf4, 0x9c,
    0xd3, 0x9c, 0xb3, 0x94, 0x72, 0x8c, 0x51, 0x8c, 0x11, 0x84, 0xf0, 0x7b,
    0xcf, 0x7b, 0xae, 0x73, 0x6e, 0x6b, 0x2d, 0x63, 0xec, 0x5a, 0x8a, 0x52,
    0x49, 0x4a, 0xe8, 0x39, 0x66, 0x31, 0x04, 0x21, 0xa3, 0x10, 0xa3, 0x18,
    0x04, 0x21, 0x45, 0x29, 0x86, 0x31, 0xc7, 0x39, 0x08, 0x42, 0x29, 0x42,
    0x29, 0x4a, 0x49, 0x4a, 0x49, 0x4a, 0x29, 0x4a, 0x29, 0x4a, 0x29, 0x42,
    0x08, 0x42, 0x08, 0x42, 0xe7, 0x39, 0xc7, 0x39, 0x86, 0x31, 0x25, 0x29,
    0xc3, 0x18, 0x82, 0x10, 0x61, 0x08, 0x61, 0x08, 0x62, 0x10, 0x82, 0x10,
    0x62, 0x08, 0x61, 0x08, 0x61, 0x10, 0x62, 0x10, 0x82, 0x08, 0x61, 0x10,
    0x62, 0x10, 0x62, 0x08, 0x61, 0x08, 0x61, 0x10, 0x62, 0x08, 0x62, 0x10,
    0x61, 0x08, 0x61, 0x10, 0x61, 0x10, 0x62, 0x08, 0x62, 0x08, 0x62, 0x08,
    0x62, 0x10, 0x62, 0x08, 0x61, 0x08, 0x62, 0x10, 0x41, 0x08, 0x61, 0x08,
    0x62, 0x08, 0x62, 0x08, 0x61, 0x08, 0x61, 0x08, 0x62, 0x08, 0x41, 0x10,
    0x61, 0x08, 0x42, 0x08, 0x61, 0x08, 0x61, 0x08, 0x41, 0x08, 0x42, 0x10,
    0x62, 0x08, 0x61, 0x08, 0x41, 0x08, 0x41, 0x08, 0x61, 0x08, 0x41, 0x10,
    0x41, 0x08, 0x42, 0x08, 0x41, 0x10, 0x61, 0x08, 0x61, 0x08, 0x62, 0x08,
    0x41, 0x08, 0x41, 0x08, 0x62, 0x08, 0x41, 0x08, 0x41, 0x10, 0x41, 0x08,
    0x62, 0x08, 0x41, 0x10, 0x41, 0x08, 0x61, 0x08, 0x41, 0x08, 0x41, 0x08,
    0x62, 0x08, 0x41, 0x08, 0x41, 0x08, 0x41, 0x08, 0x41, 0x08, 0x61, 0x08,
    0x41, 0x08, 0x41, 0x08, 0x62, 0x08, 0x41, 0x08, 0x61, 0x08, 0x41, 0x08,
    0x41, 0x08, 0x61, 0x10, 0x41, 0x08, 0x41, 0x08, 0x42, 0x08, 0x61, 0x08,
    0x41, 0x08, 0x42, 0x10, 0x41, 0x08, 0x61, 0x08, 0x41, 0x08, 0x42, 0x08,
    0x41, 0x08, 0x61, 0x08, 0x41, 0x08, 0x42, 0x08, 0x61, 0x10, 0x41, 0x08,
    0x41, 0x08, 0x41, 0x08, 0x41, 0x08, 0x61, 0x08, 0x41, 0x10, 0x41, 0x08,
    0x62, 0x08, 0x61, 0x08, 0x42, 0x08, 0x61, 0x10, 0x61, 0x10, 0x41, 0x08,
    0x96, 0xb5, 0x97, 0xb5, 0x96, 0xb5, 0xb7, 0xb5, 0x97, 0xb5, 0xb7, 0xbd,
    0xb7, 0xb5, 0xb7, 0xbd, 0xb7, 0xbd, 0xd7, 0xbd, 0xd8, 0xbd, 0xd8, 0xbd,
    0xd8, 0xbd, 0xd8, 0xbd, 0xd7, 0xbd, 0xd8, 0xbd, 0xf8, 0xbd, 0xd7, 0xbd,
    0xf8, 0xbd, 0xf8, 0xc5, 0xf8, 0xc5, 0xf8, 0xbd, 0xf8, 0xbd, 0xf8, 0xbd,
    0xf8, 0xbd, 0xd8, 0xbd, 0xd7, 0xbd, 0xb7, 0xb5, 0xb7, 0xb5, 0x96, 0xb5,
    0x96, 0xad, 0x56, 0xad, 0x35, 0xad, 0x34, 0xa5, 0xf4, 0x9c, 0xd3, 0x9c,
    0x92, 0x94, 0x72, 0x8c, 0x31, 0x84, 0x10, 0x84, 0xd0, 0x7b, 0xaf, 0x73,
    0x8e, 0x6b, 0x2d, 0x6b, 0xec, 0x5a, 0xaa, 0x52, 0x49, 0x4a, 0xe8, 0x39,
    0x66, 0x29, 0x04, 0x21, 0xc3, 0x18, 0xc3, 0x18, 0x04, 0x21, 0x45, 0x29,
    0x86, 0x31, 0xc7, 0x39, 0x08, 0x42, 0x49, 0x4a, 0x49, 0x4a, 0x4a, 0x4a,
    0x49, 0x4a, 0x49, 0x4a, 0x29, 0x4a, 0x29, 0x4a, 0x28, 0x42, 0x08, 0x42,
    0xe8, 0x41, 0xa7, 0x39, 0x66, 0x31, 0x25, 0x21, 0xc3, 0x18, 0x82, 0x10,
    0x62, 0x08, 0x62, 0x10, 0x62, 0x10, 0x62, 0x10, 0x62, 0x10, 0x62, 0x10,
    0x62, 0x10, 0x61, 0x08, 0x62, 0x08, 0x61, 0x10, 0x62, 0x10, 0x62, 0x08,
    0x61, 0x08, 0x62, 0x10, 0x62, 0x10, 0x62, 0x08, 0x61, 0x10, 0x62, 0x08,
    0x62, 0x10, 0x62, 0x08, 0x62, 0x08, 0x62, 0x08, 0x61, 0x10, 0x61, 0x10,
    0x62, 0x08, 0x61, 0x10, 0x61, 0x08, 0x42, 0x10, 0x62, 0x08, 0x61, 0x08,
    0x62, 0x10, 0x61, 0x08, 0x61, 0x08, 0x42, 0x10, 0x62, 0x08, 0x61, 0x08,
    0x62, 0x10, 0x62, 0x08, 0x61, 0x10, 0x42, 0x10, 0x62, 0x08, 0x61, 0x08,
    0x41, 0x08, 0x42, 0x10, 0x61, 0x08, 0x62, 0x08, 0x42, 0x10, 0x62, 0x08,
    0x62, 0x08, 0x41, 0x08, 0x62, 0x08, 0x41, 0x08, 0x61, 0x08, 0x41, 0x08,
    0x41, 0x10, 0x62, 0x08, 0x61, 0x08, 0x41, 0x08, 0x41, 0x08, 0x41, 0x08,
    0x41, 0x08, 0x41, 0x08, 0x61, 0x08, 0x42, 0x08, 0x42, 0x10, 0x61, 0x08,
    0x41, 0x08, 0x41, 0x08, 0x41, 0x08, 0x42, 0x08, 0x61, 0x10, 0x42, 0x08,
    0x42, 0x08, 0x41, 0x08, 0x41, 0x08, 0x41, 0x08, 0x41, 0x10, 0x62, 0x08,
    0x41, 0x08, 0x41, 0x08, 0x42, 0x08, 0x61, 0x08, 0x41, 0x08, 0x42, 0x08,
    0x41, 0x08, 0x61, 0x08, 0x42, 0x08, 0x41, 0x08, 0x61, 0x08, 0x42, 0x08,
    0x61, 0x08, 0x41, 0x08, 0x42, 0x08, 0x41, 0x08, 0x41, 0x08, 0x61, 0x08,
    0x41, 0x10, 0x62, 0x08, 0x41, 0x08, 0x42, 0x08, 0x41, 0x08, 0x61, 0x08,
    0x61, 0x08, 0x42, 0x10, 0x41, 0x08, 0x61, 0x08, 0x41, 0x08, 0x42, 0x10,
    0x96, 0xb5, 0x96, 0xb5, 0x97, 0xb5, 0x96, 0xb5, 0x97, 0xb5, 0x97, 0xb5,
    0xb7, 0xbd, 0xb6, 0xb5, 0x96, 0xb5, 0xb7, 0xbd, 0xd7, 0xbd, 0xd7, 0xbd,
    0xd7, 0xbd, 0xd7, 0xbd, 0xd8, 0xbd, 0xd8, 0xbd, 0xd7, 0xbd, 0xf8, 0xbd,
    0xf8, 0xbd, 0xf8, 0xbd, 0xf8, 0xbd, 0xf8, 0xbd, 0xd7, 0xbd, 0xd7, 0xbd,
    0xd7, 0xbd, 0xb7, 0xbd, 0xb7, 0xb5, 0x96, 0xb5, 0x96, 0xb5, 0x76, 0xad,
    0x55, 0xad, 0x35, 0xa5, 0x14, 0xa5, 0xf4, 0x9c, 0xb3, 0x94, 0x93, 0x94,
    0x72, 0x8c, 0x31, 0x84, 0x10, 0x84, 0xcf, 0x7b, 0x8f, 0x73, 0x4d, 0x6b,
    0x0c, 0x63, 0xab, 0x52, 0x6a, 0x4a, 0x08, 0x42, 0x86, 0x31, 0x04, 0x21,
    0xc3, 0x18, 0xe4, 0x18, 0x24, 0x21, 0x65, 0x29, 0xa7, 0x31, 0xe8, 0x39,
    0x29, 0x42, 0x6a, 0x4a, 0x6a, 0x4a, 0x49, 0x4a, 0x49, 0x4a, 0x49, 0x4a,
    0x49, 0x4a, 0x49, 0x4a, 0x29, 0x4a, 0x08, 0x42, 0xe8, 0x39, 0xc7, 0x39,
    0x86, 0x31, 0x24, 0x29, 0xc3, 0x18, 0x82, 0x10, 0x62, 0x08, 0x62, 0x10,
    0x62, 0x10, 0x62, 0x10, 0x61, 0x08, 0x82, 0x10, 0x82, 0x10, 0x61, 0x08,
    0x62, 0x08, 0x82, 0x10, 0x82, 0x10, 0x62, 0x08, 0x61, 0x08, 0x61, 0x10,
    0x62, 0x08, 0x61, 0x10, 0x62, 0x10, 0x62, 0x08, 0x62, 0x08, 0x61, 0x10,
    0x61, 0x08, 0x62, 0x10, 0x62, 0x08, 0x61, 0x08, 0x62, 0x10, 0x61, 0x08,
    0x61, 0x08, 0x61, 0x08, 0x42, 0x10, 0x61, 0x08, 0x61, 0x08, 0x62, 0x10,
    0x41, 0x10, 0x41, 0x08, 0x62, 0x08, 0x62, 0x10, 0x41, 0x08, 0x61, 0x08,
    0x61, 0x08, 0x41, 0x08, 0x42, 0x08, 0x41, 0x08, 0x41, 0x08, 0x62, 0x08,
    0x61, 0x10, 0x41, 0x08, 0x42, 0x10, 0x61, 0x08, 0x41, 0x08, 0x41, 0x08,
    0x61, 0x08, 0x61, 0x08, 0x61, 0x08, 0x62, 0x08, 0x42, 0x08, 0x41, 0x08,
    0x41, 0x08, 0x41, 0x08, 0x61, 0x10, 0x61, 0x08, 0x42, 0x08, 0x62, 0x10,
    0x41, 0x08, 0x41, 0x08, 0x42, 0x08, 0x41, 0x08, 0x41, 0x08, 0x41, 0x08,
    0x41, 0x08, 0x41, 0x10, 0x62, 0x08, 0x41, 0x08, 0x41, 0x08, 0x41, 0x08,
    0x41, 0x10, 0x61, 0x08, 0x41, 0x08, 0x42, 0x08, 0x61, 0x08, 0x42, 0x08,
    0x41, 0x08, 0x42, 0x08, 0x61, 0x08, 0x41, 0x08, 0x42, 0x10, 0x41, 0x08,
    0x61, 0x08, 0x41, 0x08, 0x61, 0x08, 0x41, 0x08, 0x42, 0x08, 0x41, 0x08,
    0x41, 0x10, 0x42, 0x08, 0x41, 0x08, 0x61, 0x10, 0x41, 0x08, 0x42, 0x08,
    0x42, 0x08, 0x41, 0x08, 0x41, 0x08, 0x61, 0x08, 0x42, 0x08, 0x62, 0x08,
    0x61, 0x08, 0x41, 0x10, 0x62, 0x08, 0x41, 0x08, 0x62, 0x08, 0x61, 0x08,
    0x96, 0xb5, 0x97, 0xb5, 0x96, 0xb5, 0x96, 0xb5, 0x96, 0xb5, 0x96, 0xbd,
    0xb6, 0xbd, 0x96, 0xb5, 0xb7, 0xbd, 0xb7, 0xbd, 0xb7, 0xbd, 0xd7, 0xbd,
    0xd7, 0xbd, 0xd7, 0xbd, 0xd7, 0xbd, 0xd8, 0xbd, 0xd7, 0xbd, 0xd7, 0xbd,
    0xd8, 0xbd, 0xd7, 0xbd, 0xd7, 0xbd, 0xd7, 0xbd, 0xb7, 0xbd, 0xb7, 0xb5,
    0xb7, 0xb5, 0x96, 0xb5, 0x96, 0xb5, 0x76, 0xad, 0x56, 0xad, 0x35, 0xad,
    0x35, 0xa5, 0xf4, 0x9c, 0xd3, 0x9c, 0xb3, 0x94, 0x72, 0x94, 0x51, 0x8c,
    0x31, 0x84, 0xf0, 0x7b, 0xaf, 0x73, 0x6e, 0x6b, 0x2d, 0x63, 0xcb, 0x5a,
    0x8a, 0x52, 0x09, 0x42, 0xa6, 0x31, 0x04, 0x21, 0xc3, 0x18, 0xe4, 0x20,
    0x45, 0x29, 0x86, 0x31, 0xc7, 0x39, 0x09, 0x42, 0x49, 0x4a, 0x6a, 0x52,
    0x8a, 0x52, 0x6a, 0x52, 0x6a, 0x4a, 0x4a, 0x4a, 0x6a, 0x4a, 0x49, 0x4a,
    0x49, 0x4a, 0x09, 0x42, 0xe8, 0x39, 0xc7, 0x39, 0x86, 0x31, 0x25, 0x21,
    0xc3, 0x18, 0x82, 0x10, 0x62, 0x08, 0x62, 0x10, 0x61, 0x10, 0x82, 0x10,
    0x81, 0x08, 0x62, 0x10, 0x82, 0x08, 0x62, 0x08, 0x61, 0x08, 0x82, 0x10,
    0x62, 0x08, 0x62, 0x08, 0x61, 0x10, 0x62, 0x10, 0x62, 0x08, 0x82, 0x10,
    0x82, 0x10, 0x62, 0x08, 0x61, 0x08, 0x61, 0x10, 0x61, 0x10, 0x62, 0x08,
    0x62, 0x08, 0x61, 0x10, 0x61, 0x10, 0x62, 0x08, 0x61, 0x10, 0x62, 0x08,
    0x62, 0x08, 0x62, 0x10, 0x62, 0x08, 0x62, 0x08, 0x61, 0x10, 0x42, 0x08,
    0x62, 0x08, 0x62, 0x08, 0x42, 0x08, 0x61, 0x08, 0x61, 0x08, 0x62, 0x08,
    0x42, 0x08, 0x41, 0x10, 0x41, 0x08, 0x61, 0x08, 0x61, 0x08, 0x41, 0x10,
    0x42, 0x08, 0x61, 0x08, 0x61, 0x08, 0x41, 0x10, 0x62, 0x08, 0x61, 0x08,
    0x41, 0x10, 0x42, 0x08, 0x41, 0x08, 0x41, 0x10, 0x61, 0x08, 0x61, 0x08,
    0x62, 0x08, 0x41, 0x08, 0x42, 0x08, 0x41, 0x08, 0x41, 0x08, 0x41, 0x08,
    0x41, 0x08, 0x41, 0x08, 0x61, 0x10, 0x41, 0x08, 0x41, 0x08, 0x62, 0x08,
    0x41, 0x08, 0x42, 0x08, 0x61, 0x08, 0x41, 0x08, 0x41, 0x08, 0x62, 0x08,
    0x41, 0x08, 0x41, 0x08, 0x62, 0x08, 0x41, 0x08, 0x41, 0x08, 0x41, 0x08,
    0x41, 0x08, 0x61, 0x10, 0x41, 0x08, 0x41, 0x08, 0x41, 0x08, 0x61, 0x08,
    0x42, 0x10, 0x41, 0x08, 0x41, 0x08, 0x42, 0x10, 0x41, 0x08, 0x61, 0x08,
    0x41, 0x08, 0x41, 0x08, 0x61, 0x08, 0x41, 0x08, 0x41, 0x08, 0x41, 0x08,
    0x41, 0x08, 0x41, 0x08, 0x61, 0x08, 0x62, 0x10, 0x41, 0x08, 0x41, 0x08,
    0x42, 0x10, 0x41, 0x08, 0x61, 0x08, 0x62, 0x08, 0x62, 0x10, 0x62, 0x10,
    0x96, 0xb5, 0x97, 0xb5, 0x96, 0xb5, 0x96, 0xb5, 0x96, 0xb5, 0x97, 0xbd,
    0xb7, 0xb5, 0xb7, 0xbd, 0xb7, 0xbd, 0xb7, 0xb5, 0xb7, 0xbd, 0xb6, 0xbd,
    0xb7, 0xb5, 0xb7, 0xbd, 0xb7, 0xb5, 0xd7, 0xbd, 0xd7, 0xb5, 0xb7, 0xb5,
    0xb7, 0xb5, 0xd7, 0xbd, 0xd7, 0xbd, 0xb7, 0xb5, 0xb7, 0xb5, 0x97, 0xb5,
    0x96, 0xb5, 0x76, 0xad, 0x56, 0xad, 0x55, 0xad, 0x35, 0xa5, 0x14, 0xa5,
    0xf4, 0x9c, 0xd3, 0x9c, 0x93, 0x94, 0x72, 0x8c, 0x51, 0x84, 0x10, 0x84,
    0xd0, 0x7b, 0x8e, 0x73, 0x4d, 0x63, 0xec, 0x5a, 0x8a, 0x52, 0x29, 0x42,
    0xa7, 0x31, 0x45, 0x21, 0xe4, 0x20, 0x04, 0x21, 0x45, 0x29, 0xa7, 0x31,
    0xe8, 0x39, 0x29, 0x4a, 0x6a, 0x4a, 0xab, 0x52, 0xab, 0x52, 0x8a, 0x52,
    0x8a, 0x52, 0x8a, 0x52, 0x8a, 0x52, 0x6a, 0x4a, 0x49, 0x4a, 0x29, 0x4a,
    0xe8, 0x41, 0xc7, 0x39, 0x86, 0x31, 0x25, 0x21, 0xc3, 0x18, 0x82, 0x10,
    0x61, 0x08, 0x62, 0x10, 0x82, 0x10, 0x62, 0x08, 0x82, 0x10, 0x82, 0x08,
    0x62, 0x08, 0x61, 0x10, 0x62, 0x10, 0x62, 0x10, 0x62, 0x10, 0x62, 0x10,
    0x82, 0x08, 0x61, 0x10, 0x61, 0x08, 0x82, 0x08, 0x62, 0x10, 0x61, 0x08,
    0x62, 0x08, 0x62, 0x10, 0x61, 0x08, 0x62, 0x08, 0x62, 0x10, 0x62, 0x10,
    0x62, 0x10, 0x62, 0x08, 0x62, 0x08, 0x62, 0x10, 0x61, 0x08, 0x61, 0x08,
    0x62, 0x10, 0x61, 0x10, 0x61, 0x08, 0x42, 0x10, 0x61, 0x08, 0x61, 0x10,
    0x62, 0x08, 0x61, 0x08, 0x61, 0x10, 0x41, 0x08, 0x61, 0x08, 0x62, 0x10,
    0x61, 0x10, 0x62, 0x08, 0x61, 0x10, 0x62, 0x08, 0x62, 0x08, 0x61, 0x10,
    0x41, 0x08, 0x42, 0x08, 0x62, 0x08, 0x42, 0x08, 0x41, 0x08, 0x62, 0x08,
    0x42, 0x08, 0x41, 0x08, 0x62, 0x08, 0x42, 0x08, 0x41, 0x08, 0x62, 0x10,
    0x41, 0x08, 0x62, 0x08, 0x61, 0x08, 0x42, 0x08, 0x41, 0x08, 0x41, 0x08,
    0x61, 0x08, 0x62, 0x08, 0x42, 0x08, 0x61, 0x08, 0x41, 0x08, 0x41, 0x08,
    0x62, 0x10, 0x41, 0x08, 0x41, 0x08, 0x61, 0x08, 0x42, 0x10, 0x41, 0x08,
    0x41, 0x08, 0x42, 0x10, 0x41, 0x08, 0x61, 0x08, 0x41, 0x10, 0x42, 0x08,
    0x61, 0x08, 0x41, 0x08, 0x42, 0x08, 0x41, 0x08, 0x62, 0x08, 0x41, 0x08,
    0x41, 0x08, 0x41, 0x08, 0x42, 0x08, 0x41, 0x08, 0x61, 0x08, 0x41, 0x08,
    0x42, 0x08, 0x61, 0x08, 0x41, 0x08, 0x42, 0x08, 0x41, 0x08, 0x62, 0x08,
    0x61, 0x10, 0x61, 0x08, 0x42, 0x08, 0x42, 0x08, 0x61, 0x08, 0x61, 0x10,
    0x61, 0x08, 0x42, 0x08, 0x62, 0x08, 0x61, 0x10, 0x42, 0x10, 0x61, 0x08,
    0x96, 0xb5, 0x96, 0xb5, 0x97, 0xb5, 0x97, 0xb5, 0x97, 0xb5, 0x96, 0xbd,
    0xb6, 0xb5, 0xb7, 0xb5, 0x96, 0xbd, 0x97, 0xb5, 0xb7, 0xbd, 0xb7, 0xbd,
    0xb7, 0xb5, 0xb7, 0xbd, 0xb7, 0xbd, 0xd7, 0xb5, 0xb7, 0xbd, 0xb7, 0xb5,
    0xb7, 0xbd, 0xb7, 0xbd, 0xb7, 0xb5, 0xb7, 0xb5, 0x96, 0xb5, 0x96, 0xad,
    0x76, 0xad, 0x55, 0xad, 0x35, 0xa5, 0x35, 0xa5, 0x14, 0x9d, 0xf4, 0x9c,
    0xd3, 0x9c, 0x92, 0x94, 0x72, 0x8c, 0x51, 0x84, 0x10, 0x84, 0xaf, 0x73,
    0x6e, 0x6b, 0x0c, 0x63, 0xab, 0x52, 0x49, 0x4a, 0xc7, 0x39, 0x45, 0x29,
    0x04, 0x21, 0x04, 0x21, 0x46, 0x29, 0xa7, 0x39, 0x08, 0x42, 0x49, 0x4a,
    0x8b, 0x52, 0xcb, 0x52, 0xcb, 0x5a, 0xab, 0x52, 0xab, 0x52, 0x8b, 0x52,
    0x8a, 0x52, 0x8a, 0x52, 0x6a, 0x4a, 0x29, 0x4a, 0x08, 0x42, 0xe8, 0x39,
    0xa6, 0x31, 0x25, 0x21, 0xc3, 0x18, 0x82, 0x10, 0x62, 0x08, 0x62, 0x10,
    0x62, 0x10, 0x82, 0x10, 0x62, 0x08, 0x61, 0x10, 0x82, 0x08, 0x62, 0x10,
    0x62, 0x10, 0x62, 0x08, 0x61, 0x10, 0x81, 0x10, 0x62, 0x10, 0x62, 0x08,
    0x61, 0x10, 0x62, 0x10, 0x82, 0x10, 0x62, 0x08, 0x62, 0x08, 0x61, 0x10,
    0x61, 0x10, 0x61, 0x08, 0x62, 0x10, 0x62, 0x10, 0x62, 0x08, 0x61, 0x08,
    0x61, 0x08, 0x61, 0x08, 0x62, 0x10, 0x61, 0x08, 0x62, 0x08, 0x62, 0x10,
    0x61, 0x08, 0x61, 0x08, 0x41, 0x08, 0x61, 0x08, 0x62, 0x10, 0x42, 0x08,
    0x61, 0x08, 0x61, 0x10, 0x62, 0x08, 0x62, 0x10, 0x62, 0x08, 0x42, 0x08,
    0x61, 0x08, 0x61, 0x08, 0x62, 0x08, 0x42, 0x10, 0x41, 0x08, 0x62, 0x08,
    0x41, 0x08, 0x61, 0x08, 0x61, 0x10, 0x41, 0x08, 0x61, 0x08, 0x41, 0x10,
    0x61, 0x08, 0x62, 0x08, 0x61, 0x08, 0x61, 0x08, 0x62, 0x08, 0x41, 0x08,
    0x42, 0x08, 0x61, 0x08, 0x61, 0x10, 0x61, 0x08, 0x61, 0x08, 0x42, 0x10,
    0x41, 0x08, 0x41, 0x08, 0x41, 0x08, 0x42, 0x08, 0x61, 0x10, 0x41, 0x08,
    0x41, 0x08, 0x41, 0x08, 0x62, 0x08, 0x41, 0x08, 0x41, 0x08, 0x41, 0x08,
    0x62, 0x08, 0x61, 0x08, 0x41, 0x08, 0x41, 0x08, 0x42, 0x08, 0x61, 0x08,
    0x42, 0x08, 0x41, 0x08, 0x41, 0x08, 0x42, 0x08, 0x61, 0x10, 0x41, 0x08,
    0x41, 0x08, 0x42, 0x08, 0x61, 0x08, 0x61, 0x08, 0x41, 0x08, 0x42, 0x08,
    0x61, 0x10, 0x41, 0x08, 0x42, 0x08, 0x41, 0x10, 0x62, 0x08, 0x41, 0x08,
    0x41, 0x08, 0x61, 0x08, 0x62, 0x08, 0x41, 0x08, 0x61, 0x08, 0x62, 0x08,
    0x42, 0x10, 0x61, 0x08, 0x61, 0x08, 0x62, 0x08, 0x61, 0x08, 0x61, 0x08,
    0x96, 0xb5, 0x97, 0xb5, 0x96, 0xb5, 0x96, 0xb5, 0xb6, 0xbd, 0x97, 0xbd,
    0xb6, 0xbd, 0x96, 0xbd, 0x96, 0xb5, 0x96, 0xb5, 0xb6, 0xbd, 0xb7, 0xb5,
    0xb7, 0xb5, 0xb7, 0xbd, 0xb7, 0xb5, 0xb7, 0xb5, 0xb7, 0xb5, 0x97, 0xb5,
    0xb6, 0xb5, 0xb7, 0xb5, 0xb7, 0xb5, 0x96, 0xb5, 0x76, 0xb5, 0x76, 0xad,
    0x55, 0xad, 0x35, 0xa5, 0x14, 0xa5, 0xf4, 0x9c, 0xf4, 0x9c, 0xd3, 0x94,
    0x92, 0x94, 0x52, 0x8c, 0x31, 0x84, 0xf0, 0x7b, 0x8e, 0x73, 0x2d, 0x63,
    0xcc, 0x52, 0x6a, 0x4a, 0xe7, 0x39, 0x45, 0x29, 0x25, 0x21, 0x25, 0x29,
    0x86, 0x31, 0xc7, 0x39, 0x29, 0x42, 0x6a, 0x4a, 0xab, 0x52, 0xcb, 0x5a,
    0xec, 0x5a, 0xcb, 0x5a, 0xcb, 0x5a, 0xab, 0x52, 0xab, 0x52, 0xab, 0x52,
    0x8a, 0x52, 0x4a, 0x4a, 0x29, 0x42, 0xe8, 0x39, 0x86, 0x31, 0x24, 0x21,
    0xc3, 0x18, 0x82, 0x10, 0x62, 0x10, 0x62, 0x10, 0x62, 0x10, 0x82, 0x10,
    0x82, 0x10, 0x62, 0x08, 0x82, 0x10, 0x81, 0x10, 0x62, 0x10, 0x62, 0x08,
    0x61, 0x10, 0x62, 0x10, 0x82, 0x08, 0x62, 0x08, 0x62, 0x08, 0x81, 0x10,
    0x62, 0x08, 0x62, 0x08, 0x62, 0x08, 0x61, 0x10, 0x61, 0x10, 0x82, 0x10,
    0x62, 0x08, 0x62, 0x10, 0x61, 0x10, 0x62, 0x08, 0x61, 0x08, 0x62, 0x10,
    0x62, 0x08, 0x62, 0x10, 0x61, 0x08, 0x62, 0x08, 0x62, 0x10, 0x61, 0x08,
    0x62, 0x10, 0x62, 0x08, 0x62, 0x08, 0x62, 0x10, 0x61, 0x08, 0x62, 0x08,
    0x61, 0x10, 0x42, 0x08, 0x42, 0x08, 0x61, 0x08, 0x62, 0x10, 0x62, 0x08,
    0x41, 0x08, 0x62, 0x08, 0x41, 0x08, 0x41, 0x08, 0x61, 0x08, 0x61, 0x08,
    0x42, 0x08, 0x62, 0x10, 0x41, 0x08, 0x41, 0x10, 0x62, 0x08, 0x62, 0x08,
    0x41, 0x08, 0x61, 0x10, 0x41, 0x08, 0x42, 0x08, 0x61, 0x08, 0x41, 0x08,
    0x61, 0x08, 0x41, 0x08, 0x42, 0x08, 0x41, 0x08, 0x41, 0x08, 0x41, 0x08,
    0x42, 0x08, 0x41, 0x10, 0x41, 0x08, 0x41, 0x08, 0x41, 0x08, 0x42, 0x08,
    0x41, 0x08, 0x61, 0x08, 0x41, 0x10, 0x41, 0x08, 0x42, 0x08, 0x61, 0x08,
    0x41, 0x08, 0x41, 0x08, 0x41, 0x08, 0x41, 0x08, 0x61, 0x08, 0x41, 0x08,
    0x41, 0x08, 0x41, 0x10, 0x61, 0x08, 0x41, 0x08, 0x41, 0x08, 0x42, 0x08,
    0x61, 0x08, 0x61, 0x08, 0x41, 0x10, 0x41, 0x08, 0x41, 0x08, 0x42, 0x08,
    0x41, 0x08, 0x42, 0x08, 0x41, 0x08, 0x61, 0x08, 0x61, 0x08, 0x62, 0x08,
    0x61, 0x08, 0x42, 0x08, 0x42, 0x10, 0x61, 0x10, 0x41, 0x08, 0x42, 0x10,
    0x41, 0x08, 0x62, 0x08, 0x62, 0x10, 0x61, 0x10, 0x41, 0x08, 0x62, 0x08,
    0x96, 0xb5, 0x97, 0xb5, 0x97, 0xb5, 0xb6, 0xb5, 0x97, 0xbd, 0xb7, 0xb5,
    0xb7, 0xb5, 0x96, 0xb5, 0x96, 0xb5, 0x96, 0xb5, 0xb7, 0xb5, 0xb7, 0xbd,
    0xb7, 0xbd, 0xd7, 0xbd, 0xb7, 0xbd, 0xb7, 0xbd, 0xd7, 0xb5, 0xb7, 0xb5,
    0xb7, 0xb5, 0xb7, 0xb5, 0x97, 0xb5, 0x96, 0xb5, 0x76, 0xad, 0x55, 0xad,
    0x35, 0xa5, 0x14, 0xa5, 0xf4, 0x9c, 0xd3, 0x9c, 0xb3, 0x94, 0x92, 0x94,
    0x72, 0x8c, 0x31, 0x84, 0xcf, 0x7b, 0x6e, 0x6b, 0xec, 0x62, 0x8a, 0x52,
    0x08, 0x42, 0x86, 0x31, 0x25, 0x21, 0x45, 0x29, 0x86, 0x31, 0xe8, 0x39,
    0x29, 0x42, 0x8a, 0x4a, 0xcb, 0x52, 0xec, 0x5a, 0xec, 0x62, 0xec, 0x5a,
    0xec, 0x5a, 0xec, 0x5a, 0xcb, 0x5a, 0xcb, 0x5a, 0xab, 0x52, 0x6a, 0x4a,
    0x29, 0x4a, 0x08, 0x42, 0xa7, 0x31, 0x25, 0x21, 0xa3, 0x18, 0x82, 0x10,
    0x62, 0x10, 0x82, 0x08, 0x82, 0x10, 0x82, 0x10, 0x62, 0x10, 0x82, 0x08,
    0x81, 0x08, 0x82, 0x10, 0x62, 0x08, 0x62, 0x10, 0x82, 0x10, 0x82, 0x08,
    0x81, 0x10, 0x62, 0x10, 0x62, 0x08, 0x62, 0x10, 0x61, 0x10, 0x62, 0x08,
    0x82, 0x10, 0x62, 0x10, 0x81, 0x08, 0x62, 0x08, 0x62, 0x10, 0x62, 0x08,
    0x62, 0x08, 0x62, 0x08, 0x62, 0x08, 0x61, 0x08, 0x62, 0x08, 0x62, 0x10,
    0x61, 0x10, 0x62, 0x08, 0x62, 0x10, 0x61, 0x10, 0x61, 0x08, 0x62, 0x08,
    0x62, 0x08, 0x62, 0x10, 0x61, 0x10, 0x42, 0x10, 0x41, 0x08, 0x61, 0x08,
    0x62, 0x08, 0x61, 0x10, 0x61, 0x08, 0x41, 0x10, 0x41, 0x08, 0x61, 0x08,
    0x61, 0x10, 0x42, 0x08, 0x62, 0x10, 0x61, 0x08, 0x41, 0x08, 0x42, 0x10,
    0x61, 0x10, 0x41, 0x08, 0x62, 0x08, 0x62, 0x08, 0x41, 0x10, 0x41, 0x08,
    0x42, 0x08, 0x41, 0x08, 0x62, 0x08, 0x41, 0x08, 0x41, 0x08, 0x41, 0x10,
    0x42, 0x08, 0x62, 0x08, 0x61, 0x08, 0x42, 0x08, 0x61, 0x08, 0x61, 0x08,
    0x41, 0x08, 0x62, 0x08, 0x41, 0x08, 0x61, 0x08, 0x42, 0x08, 0x41, 0x08,
    0x62, 0x08, 0x41, 0x08, 0x41, 0x08, 0x42, 0x08, 0x41, 0x08, 0x41, 0x08,
    0x41, 0x10, 0x42, 0x08, 0x41, 0x08, 0x62, 0x10, 0x42, 0x08, 0x41, 0x08,
    0x41, 0x08, 0x61, 0x08, 0x42, 0x08, 0x41, 0x08, 0x41, 0x08, 0x41, 0x08,
    0x42, 0x10, 0x41, 0x08, 0x42, 0x08, 0x42, 0x08, 0x41, 0x08, 0x41, 0x10,
    0x61, 0x08, 0x61, 0x08, 0x42, 0x08, 0x61, 0x08, 0x41, 0x08, 0x41, 0x10,
    0x42, 0x10, 0x41, 0x08, 0x61, 0x08, 0x61, 0x08, 0x41, 0x08, 0x42, 0x08,
    0x62, 0x08, 0x61, 0x08, 0x61, 0x08, 0x42, 0x08, 0x62, 0x10, 0x62, 0x10,
    0x96, 0xb5, 0xb7, 0xb5, 0xb7, 0xb5, 0xb7, 0xb5, 0xb7, 0xbd, 0xb6, 0xb5,
    0xb7, 0xb5, 0x97, 0xbd, 0xb7, 0xbd, 0xb7, 0xbd, 0xb7, 0xbd, 0xd7, 0xbd,
    0xd7, 0xbd, 0xd7, 0xbd, 0xf8, 0xbd, 0xf8, 0xbd, 0xd8, 0xbd, 0xd7, 0xbd,
    0xb7, 0xbd, 0xb7, 0xb5, 0x96, 0xb5, 0x96, 0xb5, 0x76, 0xad, 0x35, 0xad,
    0x35, 0xa5, 0xf4, 0x9c, 0xd3, 0x9c, 0xb3, 0x94, 0x93, 0x94, 0x72, 0x8c,
    0x31, 0x84, 0xcf, 0x73, 0x4e, 0x6b, 0xec, 0x5a, 0x49, 0x4a, 0xc7, 0x39,
    0x86, 0x31, 0x66, 0x29, 0xa7, 0x31, 0xe8, 0x39, 0x49, 0x4a, 0x8b, 0x52,
    0xcb, 0x5a, 0xec, 0x5a, 0x0c, 0x63, 0x0d, 0x63, 0xec, 0x62, 0xec, 0x5a,
    0xec, 0x5a, 0xec, 0x5a, 0xab, 0x52, 0x8a, 0x52, 0x4a, 0x4a, 0x08, 0x42,
    0xa7, 0x31, 0x25, 0x21, 0xa3, 0x10, 0x82, 0x10, 0x82, 0x10, 0x82, 0x10,
    0x62, 0x10, 0x82, 0x10, 0x82, 0x10, 0x82, 0x10, 0x62, 0x08, 0x62, 0x10,
    0x62, 0x10, 0x62, 0x10, 0x62, 0x10, 0x61, 0x08, 0x82, 0x08, 0x62, 0x10,
    0x62, 0x10, 0x62, 0x08, 0x62, 0x10, 0x81, 0x10, 0x82, 0x10, 0x62, 0x08,
    0x62, 0x08, 0x61, 0x08, 0x61, 0x10, 0x62, 0x10, 0x82, 0x08, 0x61, 0x08,
    0x61, 0x10, 0x61, 0x10, 0x62, 0x10, 0x62, 0x08, 0x61, 0x10, 0x61, 0x10,
    0x62, 0x08, 0x61, 0x08, 0x62, 0x10, 0x62, 0x08, 0x62, 0x08, 0x61, 0x10,
    0x61, 0x08, 0x61, 0x08, 0x61, 0x08, 0x61, 0x08, 0x62, 0x10, 0x62, 0x08,
    0x41, 0x10, 0x62, 0x08, 0x62, 0x10, 0x62, 0x08, 0x62, 0x08, 0x61, 0x10,
    0x62, 0x08, 0x61, 0x10, 0x61, 0x08, 0x62, 0x10, 0x62, 0x08, 0x62, 0x08,
    0x61, 0x08, 0x61, 0x08, 0x41, 0x08, 0x61, 0x08, 0x61, 0x08, 0x41, 0x08,
    0x61, 0x08, 0x62, 0x10, 0x41, 0x08, 0x61, 0x08, 0x62, 0x08, 0x62, 0x08,
    0x61, 0x08, 0x41, 0x08, 0x41, 0x10, 0x61, 0x08, 0x62, 0x08, 0x42, 0x10,
    0x41, 0x08, 0x41, 0x08, 0x41, 0x10, 0x42, 0x08, 0x61, 0x08, 0x41, 0x08,
    0x41, 0x10, 0x41, 0x08, 0x62, 0x08, 0x61, 0x08, 0x61, 0x10, 0x61, 0x08,
    0x42, 0x08, 0x41, 0x08, 0x61, 0x08, 0x41, 0x08, 0x41, 0x08, 0x41, 0x10,
    0x62, 0x08, 0x42, 0x08, 0x41, 0x08, 0x62, 0x10, 0x41, 0x08, 0x41, 0x08,
    0x61, 0x08, 0x41, 0x08, 0x41, 0x08, 0x61, 0x08, 0x41, 0x08, 0x62, 0x08,
    0x41, 0x08, 0x61, 0x08, 0x62, 0x10, 0x62, 0x08, 0x42, 0x08, 0x42, 0x08,
    0x61, 0x08, 0x61, 0x08, 0x41, 0x08, 0x42, 0x08, 0x62, 0x08, 0x62, 0x10,
    0x61, 0x08, 0x61, 0x08, 0x62, 0x10, 0x61, 0x08, 0x61, 0x08, 0x62, 0x10,
    0x96, 0xb5, 0xb7, 0xb5, 0xb7, 0xb5, 0xb7, 0xbd, 0xb7, 0xbd, 0xb7, 0xbd,
    0xb6, 0xbd, 0xb7, 0xbd, 0x97, 0xbd, 0xb7, 0xbd, 0xb6, 0xbd, 0xb7, 0xbd,
    0xb7, 0xbd, 0xd7, 0xbd, 0xd7, 0xbd, 0xd7, 0xbd, 0xd7, 0xbd, 0xb7, 0xb5,
    0x97, 0xb5, 0x96, 0xb5, 0x96, 0xb5, 0x76, 0xad, 0x56, 0xad, 0x55, 0xad,
    0x14, 0xa5, 0xf4, 0x9c, 0xd3, 0x94, 0x93, 0x8c, 0x51, 0x8c, 0x31, 0x84,
    0xcf, 0x73, 0x4d, 0x6b, 0xcb, 0x5a, 0x49, 0x42, 0xc7, 0x39, 0xa7, 0x31,
    0xc8, 0x39, 0x08, 0x42, 0x49, 0x4a, 0x8b, 0x52, 0xcc, 0x5a, 0x0c, 0x5b,
    0x0d, 0x63, 0x0c, 0x63, 0x0d, 0x63, 0x0c, 0x5b, 0xec, 0x5a, 0xec, 0x5a,
    0xcb, 0x5a, 0x8a, 0x52, 0x49, 0x4a, 0x08, 0x42, 0xa7, 0x31, 0x25, 0x21,
    0xa3, 0x18, 0x82, 0x10, 0x62, 0x10, 0x82, 0x10, 0x82, 0x10, 0x62, 0x08,
    0x82, 0x10, 0x82, 0x10, 0x82, 0x08, 0x62, 0x08, 0x82, 0x10, 0x82, 0x10,
    0x82, 0x10, 0x62, 0x08, 0x82, 0x10, 0x82, 0x10, 0x62, 0x10, 0x61, 0x08,
    0x62, 0x10, 0x62, 0x10, 0x81, 0x08, 0x62, 0x08, 0x62, 0x10, 0x62, 0x10,
    0x61, 0x10, 0x62, 0x10, 0x82, 0x08, 0x62, 0x10, 0x61, 0x08, 0x61, 0x10,
    0x62, 0x10, 0x62, 0x10, 0x61, 0x08, 0x61, 0x10, 0x62, 0x10, 0x62, 0x08,
    0x62, 0x08, 0x62, 0x10, 0x61, 0x08, 0x62, 0x08, 0x61, 0x08, 0x62, 0x10,
    0x61, 0x10, 0x62, 0x08, 0x62, 0x08, 0x62, 0x10, 0x61, 0x08, 0x62, 0x10,
    0x41, 0x08, 0x62, 0x08, 0x61, 0x08, 0x61, 0x10, 0x62, 0x08, 0x62, 0x08,
    0x41, 0x08, 0x62, 0x08, 0x62, 0x08, 0x41, 0x08, 0x61, 0x10, 0x61, 0x08,
    0x41, 0x08, 0x42, 0x08, 0x42, 0x10, 0x41, 0x08, 0x42, 0x08, 0x62, 0x08,
    0x61, 0x10, 0x61, 0x08, 0x42, 0x08, 0x41, 0x10, 0x61, 0x08, 0x41, 0x08,
    0x62, 0x08, 0x41, 0x08, 0x62, 0x08, 0x41, 0x08, 0x41, 0x08, 0x61, 0x08,
    0x41, 0x08, 0x41, 0x08, 0x62, 0x08, 0x41, 0x08, 0x41, 0x08, 0x61, 0x08,
    0x61, 0x08, 0x42, 0x08, 0x41, 0x08, 0x41, 0x08, 0x41, 0x08, 0x42, 0x08,
    0x61, 0x08, 0x41, 0x10, 0x61, 0x08, 0x42, 0x08, 0x41, 0x08, 0x61, 0x08,
    0x41, 0x08, 0x41, 0x08, 0x61, 0x08, 0x61, 0x08, 0x41, 0x08, 0x42, 0x08,
    0x41, 0x08, 0x41, 0x08, 0x41, 0x08, 0x41, 0x10, 0x61, 0x08, 0x62, 0x08,
    0x62, 0x08, 0x42, 0x10, 0x41, 0x08, 0x41, 0x08, 0x61, 0x10, 0x61, 0x08,
    0x61, 0x08, 0x42, 0x08, 0x62, 0x10, 0x61, 0x10, 0x62, 0x08, 0x61, 0x08,
    0x61, 0x08, 0x42, 0x10, 0x42, 0x10, 0x62, 0x08, 0x62, 0x08, 0x61, 0x10,
    0x97, 0xb5, 0xb7, 0xb5, 0xb7, 0xbd, 0xb7, 0xbd, 0xb7, 0xb5, 0xb7, 0xbd,
    0xb7, 0xbd, 0xb6, 0xb5, 0xb6, 0xb5, 0x97, 0xb5, 0x96, 0xb5, 0xb7, 0xb5,
    0xb7, 0xbd, 0xb7, 0xbd, 0xb7, 0xbd, 0xb7, 0xb5, 0xb7, 0xb5, 0xb7, 0xb5,
    0x96, 0xb5, 0x76, 0xb5, 0x96, 0xb5, 0x76, 0xad, 0x76, 0xad, 0x55, 0xad,
    0x14, 0xa5, 0xd3, 0x9c, 0x92, 0x94, 0x51, 0x8c, 0x10, 0x84, 0xcf, 0x73,
    0x6e, 0x6b, 0xec, 0x5a, 0x49, 0x4a, 0xe8, 0x39, 0xe8, 0x39, 0x08, 0x42,
    0x4a, 0x4a, 0x8b, 0x52, 0xcb, 0x5a, 0xec, 0x5a, 0x0c, 0x63, 0x0d, 0x63,
    0x0d, 0x63, 0x0c, 0x63, 0x0c, 0x5b, 0xec, 0x5a, 0xcb, 0x5a, 0x8b, 0x52,
    0x4a, 0x4a, 0x08, 0x42, 0xa7, 0x31, 0x25, 0x21, 0xa3, 0x10, 0x82, 0x10,
    0x82, 0x10, 0x62, 0x10, 0x82, 0x10, 0x82, 0x08, 0x82, 0x10, 0x82, 0x10,
    0x82, 0x08, 0x82, 0x10, 0x62, 0x10, 0x82, 0x10, 0x62, 0x10, 0x82, 0x10,
    0x62, 0x08, 0x81, 0x08, 0x82, 0x10, 0x82, 0x10, 0x62, 0x08, 0x81, 0x10,
    0x62, 0x08, 0x62, 0x08, 0x61, 0x10, 0x62, 0x10, 0x62, 0x08, 0x82, 0x08,
    0x81, 0x10, 0x62, 0x10, 0x62, 0x08, 0x81, 0x08, 0x62, 0x10, 0x62, 0x10,
    0x62, 0x08, 0x62, 0x08, 0x62, 0x08, 0x62, 0x08, 0x62, 0x10, 0x62, 0x08,
    0x61, 0x08, 0x61, 0x10, 0x62, 0x10, 0x61, 0x10, 0x62, 0x08, 0x62, 0x08,
    0x62, 0x08, 0x61, 0x10, 0x62, 0x10, 0x41, 0x08, 0x41, 0x08, 0x61, 0x08,
    0x62, 0x10, 0x41, 0x10, 0x62, 0x08, 0x41, 0x08, 0x41, 0x10, 0x61, 0x08,
    0x62, 0x08, 0x42, 0x08, 0x61, 0x08, 0x62, 0x08, 0x42, 0x08, 0x61, 0x08,
    0x62, 0x10, 0x41, 0x08, 0x61, 0x08, 0x62, 0x08, 0x61, 0x10, 0x42, 0x08,
    0x42, 0x08, 0x41, 0x08, 0x61, 0x08, 0x62, 0x08, 0x42, 0x08, 0x41, 0x08,
    0x41, 0x08, 0x62, 0x10, 0x61, 0x08, 0x42, 0x08, 0x41, 0x08, 0x41, 0x08,
    0x41, 0x08, 0x42, 0x08, 0x41, 0x08, 0x61, 0x08, 0x41, 0x10, 0x41, 0x08,
    0x42, 0x08, 0x41, 0x10, 0x41, 0x08, 0x41, 0x08, 0x42, 0x08, 0x41, 0x08,
    0x41, 0x08, 0x42, 0x08, 0x41, 0x08, 0x41, 0x08, 0x41, 0x08, 0x41, 0x08,
    0x42, 0x08, 0x41, 0x10, 0x41, 0x08, 0x61, 0x08, 0x41, 0x08, 0x42, 0x08,
    0x61, 0x10, 0x42, 0x08, 0x42, 0x08, 0x62, 0x08, 0x41, 0x08, 0x61, 0x08,
    0x41, 0x08, 0x41, 0x08, 0x61, 0x08, 0x61, 0x08, 0x41, 0x08, 0x61, 0x10,
    0x42, 0x08, 0x41, 0x10, 0x62, 0x08, 0x61, 0x08, 0x61, 0x08, 0x42, 0x10,
    0x61, 0x10, 0x62, 0x08, 0x61, 0x08, 0x62, 0x08, 0x62, 0x10, 0x62, 0x10,
    0xb7, 0xb5, 0xd7, 0xbd, 0xd7, 0xbd, 0xb7, 0xbd, 0xb7, 0xb5, 0xb7, 0xb5,
    0xb7, 0xb5, 0xb7, 0xb5, 0xb7, 0xb5, 0xb6, 0xbd, 0xb7, 0xb5, 0xb7, 0xbd,
    0xd7, 0xbd, 0xd7, 0xbd, 0xd8, 0xbd, 0xd7, 0xbd, 0xd7, 0xbd, 0xd7, 0xbd,
    0xb7, 0xb5, 0xb7, 0xb5, 0x97, 0xb5, 0x96, 0xb5, 0x76, 0xad, 0x35, 0xa5,
    0xf4, 0x9c, 0xb3, 0x94, 0x52, 0x8c, 0x10, 0x84, 0xaf, 0x73, 0x4d, 0x6b,
    0xcb, 0x5a, 0x4a, 0x4a, 0x08, 0x42, 0x08, 0x42, 0x49, 0x42, 0x8a, 0x52,
    0xcb, 0x5a, 0xec, 0x5a, 0x0c, 0x5b, 0x0c, 0x63, 0x0d, 0x63, 0x0c, 0x63,
    0xec, 0x5a, 0xec, 0x5a, 0xcb, 0x5a, 0x8b, 0x52, 0x6a, 0x4a, 0x08, 0x42,
    0xa7, 0x31, 0x25, 0x21, 0xa3, 0x18, 0x82, 0x10, 0x82, 0x10, 0x82, 0x10,
    0x82, 0x10, 0x82, 0x10, 0x62, 0x08, 0x82, 0x10, 0x82, 0x10, 0x62, 0x10,
    0x82, 0x10, 0x82, 0x10, 0x82, 0x10, 0x82, 0x10, 0x62, 0x10, 0x62, 0x08,
    0x82, 0x10, 0x62, 0x10, 0x62, 0x08, 0x62, 0x08, 0x82, 0x10, 0x62, 0x10,
    0x62, 0x10, 0x82, 0x10, 0x82, 0x10, 0x62, 0x10, 0x61, 0x08, 0x62, 0x10,
    0x62, 0x10, 0x62, 0x08, 0x82, 0x10, 0x62, 0x10, 0x61, 0x08, 0x82, 0x08,
    0x62, 0x08, 0x61, 0x08, 0x61, 0x10, 0x62, 0x10, 0x61, 0x08, 0x61, 0x10,
    0x62, 0x10, 0x62, 0x10, 0x62, 0x08, 0x62, 0x08, 0x62, 0x10, 0x61, 0x10,
    0x61, 0x08, 0x61, 0x08, 0x61, 0x08, 0x62, 0x10, 0x62, 0x08, 0x62, 0x10,
    0x61, 0x08, 0x62, 0x08, 0x61, 0x10, 0x62, 0x08, 0x62, 0x08, 0x62, 0x10,
    0x41, 0x08, 0x61, 0x10, 0x61, 0x10, 0x61, 0x08, 0x62, 0x08, 0x62, 0x10,
    0x42, 0x08, 0x61, 0x08, 0x61, 0x08, 0x61, 0x10, 0x41, 0x08, 0x61, 0x08,
    0x61, 0x08, 0x42, 0x08, 0x41, 0x08, 0x61, 0x08, 0x61, 0x08, 0x42, 0x08,
    0x61, 0x08, 0x41, 0x08, 0x41, 0x08, 0x61, 0x08, 0x61, 0x10, 0x62, 0x08,
    0x42, 0x08, 0x41, 0x10, 0x41, 0x08, 0x41, 0x08, 0x42, 0x08, 0x62, 0x08,
    0x41, 0x08, 0x41, 0x08, 0x61, 0x08, 0x61, 0x08, 0x41, 0x10, 0x41, 0x08,
    0x61, 0x08, 0x41, 0x08, 0x41, 0x08, 0x62, 0x08, 0x41, 0x10, 0x42, 0x08,
    0x61, 0x08, 0x61, 0x08, 0x42, 0x08, 0x42, 0x08, 0x62, 0x08, 0x61, 0x08,
    0x61, 0x08, 0x41, 0x08, 0x61, 0x08, 0x61, 0x08, 0x62, 0x08, 0x42, 0x10,
    0x41, 0x08, 0x61, 0x08, 0x62, 0x10, 0x42, 0x10, 0x42, 0x08, 0x42, 0x08,
    0x62, 0x08, 0x62, 0x08, 0x61, 0x08, 0x62, 0x08, 0x42, 0x08, 0x61, 0x10,
    0x62, 0x08, 0x62, 0x08, 0x61, 0x10, 0x61, 0x08, 0x61, 0x10, 0x61, 0x10,
    0xd8, 0xbd, 0xd7, 0xbd, 0xd7, 0xbd, 0xd7, 0xbd, 0xb7, 0xbd, 0xb7, 0xbd,
    0xb7, 0xbd, 0xb7, 0xbd, 0xb7, 0xbd, 0xb7, 0xbd, 0xb7, 0xbd, 0xd7, 0xbd,
    0xd7, 0xbd, 0xd8, 0xbd, 0xf8, 0xbd, 0xf8, 0xbd, 0xd8, 0xbd, 0xd7, 0xbd,
    0xd7, 0xbd, 0xb7, 0xb5, 0xb7, 0xb5, 0x96, 0xb5, 0x55, 0xad, 0x14, 0xa5,
    0xd3, 0x9c, 0x72, 0x8c, 0xf0, 0x7b, 0x6e, 0x6b, 0xec, 0x5a, 0x6a, 0x4a,
    0x29, 0x42, 0x08, 0x42, 0x49, 0x42, 0x8a, 0x52, 0xab, 0x5a, 0xec, 0x5a,
    0xec, 0x62, 0x0c, 0x63, 0x0c, 0x63, 0x0c, 0x5b, 0xec, 0x5a, 0xcc, 0x5a,
    0xcb, 0x52, 0x8a, 0x52, 0x4a, 0x4a, 0x09, 0x42, 0xa7, 0x31, 0x04, 0x21,
    0xa3, 0x10, 0x82, 0x10, 0x82, 0x10, 0x82, 0x10, 0x82, 0x10, 0x82, 0x10,
    0x82, 0x10, 0x82, 0x10, 0x82, 0x10, 0x82, 0x10, 0x62, 0x10, 0x82, 0x08,
    0x62, 0x10, 0x62, 0x10, 0x82, 0x08, 0x82, 0x08, 0x62, 0x10, 0x82, 0x10,
    0x62, 0x10, 0x82, 0x10, 0x82, 0x10, 0x62, 0x10, 0x61, 0x08, 0x61, 0x10,
    0x62, 0x08, 0x61, 0x10, 0x62, 0x08, 0x62, 0x08, 0x82, 0x10, 0x61, 0x08,
    0x62, 0x10, 0x62, 0x10, 0x62, 0x08, 0x61, 0x08, 0x62, 0x10, 0x61, 0x08,
    0x61, 0x10, 0x62, 0x10, 0x61, 0x10, 0x62, 0x10, 0x62, 0x08, 0x62, 0x08,
    0x62, 0x10, 0x62, 0x08, 0x61, 0x08, 0x61, 0x08, 0x61, 0x08, 0x62, 0x08,
    0x62, 0x10, 0x62, 0x08, 0x62, 0x08, 0x61, 0x08, 0x61, 0x10, 0x62, 0x08,
    0x42, 0x08, 0x61, 0x08, 0x62, 0x08, 0x41, 0x10, 0x62, 0x10, 0x61, 0x08,
    0x61, 0x08, 0x62, 0x08, 0x62, 0x08, 0x42, 0x08, 0x61, 0x10, 0x61, 0x08,
    0x41, 0x08, 0x42, 0x08, 0x41, 0x10, 0x42, 0x08, 0x42, 0x08, 0x61, 0x08,
    0x41, 0x08, 0x61, 0x10, 0x62, 0x08, 0x42, 0x08, 0x41, 0x10, 0x61, 0x08,
    0x62, 0x08, 0x62, 0x08, 0x62, 0x08, 0x41, 0x08, 0x41, 0x08, 0x61, 0x08,
    0x41, 0x08, 0x41, 0x08, 0x61, 0x08, 0x41, 0x08, 0x41, 0x08, 0x41, 0x08,
    0x61, 0x08, 0x41, 0x08, 0x42, 0x08, 0x62, 0x08, 0x61, 0x08, 0x42, 0x08,
    0x61, 0x10, 0x61, 0x08, 0x42, 0x08, 0x62, 0x08, 0x61, 0x08, 0x41, 0x08,
    0x61, 0x08, 0x41, 0x08, 0x62, 0x08, 0x61, 0x10, 0x41, 0x08, 0x42, 0x08,
    0x61, 0x08, 0x62, 0x08, 0x42, 0x08, 0x41, 0x10, 0x41, 0x08, 0x61, 0x08,
    0x42, 0x10, 0x62, 0x08, 0x41, 0x08, 0x41, 0x08, 0x61, 0x08, 0x62, 0x08,
    0x61, 0x08, 0x61, 0x08, 0x62, 0x10, 0x41, 0x10, 0x61, 0x10, 0x61, 0x08,
    0x62, 0x08, 0x62, 0x10, 0x62, 0x08, 0x62, 0x10, 0x62, 0x10, 0x62, 0x08,
    0xf8, 0xbd, 0xf8, 0xbd, 0xd7, 0xbd, 0xd7, 0xbd, 0xd7, 0xbd, 0xb7, 0xbd,
    0xb7, 0xbd, 0xb7, 0xb5, 0xb7, 0xbd, 0xb7, 0xb5, 0xb7, 0xbd, 0xd7, 0xbd,
    0xf8, 0xbd, 0xf8, 0xbd, 0xf7, 0xc5, 0xf7, 0xbd, 0xf8, 0xbd, 0xd8, 0xbd,
    0xd7, 0xbd, 0xb7, 0xb5, 0xb6, 0xb5, 0x76, 0xad, 0x35, 0xa5, 0xd4, 0x9c,
    0x92, 0x94, 0x11, 0x84, 0x6e, 0x6b, 0xab, 0x52, 0x28, 0x42, 0x08, 0x42,
    0x49, 0x4a, 0x8a, 0x4a, 0xab, 0x5a, 0xcc, 0x5a, 0xec, 0x5a, 0xec, 0x5a,
    0xec, 0x62, 0xec, 0x5a, 0xec, 0x5a, 0xcc, 0x5a, 0xab, 0x52, 0x6a, 0x52,
    0x49, 0x4a, 0xe8, 0x39, 0x86, 0x31, 0xe4, 0x20, 0xa2, 0x10, 0x82, 0x10,
    0x82, 0x10, 0x82, 0x10, 0x82, 0x10, 0x82, 0x10, 0x82, 0x10, 0x82, 0x10,
    0x82, 0x10, 0x62, 0x10, 0x82, 0x10, 0x82, 0x08, 0x82, 0x10, 0x82, 0x10,
    0x82, 0x08, 0x62, 0x10, 0x62, 0x10, 0x62, 0x10, 0x82, 0x10, 0x82, 0x08,
    0x62, 0x10, 0x61, 0x10, 0x82, 0x08, 0x82, 0x10, 0x82, 0x10, 0x62, 0x08,
    0x62, 0x10, 0x82, 0x08, 0x61, 0x10, 0x61, 0x10, 0x62, 0x08, 0x82, 0x10,
    0x61, 0x08, 0x82, 0x08, 0x61, 0x08, 0x61, 0x10, 0x62, 0x10, 0x62, 0x10,
    0x62, 0x10, 0x62, 0x10, 0x62, 0x08, 0x61, 0x08, 0x62, 0x10, 0x61, 0x08,
    0x61, 0x08, 0x61, 0x10, 0x62, 0x10, 0x62, 0x10, 0x62, 0x08, 0x62, 0x08,
    0x61, 0x08, 0x61, 0x10, 0x62, 0x10, 0x42, 0x10, 0x61, 0x08, 0x61, 0x08,
    0x41, 0x10, 0x62, 0x10, 0x61, 0x10, 0x42, 0x08, 0x61, 0x08, 0x61, 0x08,
    0x42, 0x10, 0x62, 0x08, 0x41, 0x08, 0x41, 0x10, 0x62, 0x08, 0x61, 0x08,
    0x61, 0x08, 0x41, 0x10, 0x62, 0x08, 0x61, 0x08, 0x61, 0x08, 0x42, 0x10,
    0x42, 0x08, 0x41, 0x08, 0x61, 0x08, 0x61, 0x08, 0x42, 0x10, 0x61, 0x08,
    0x41, 0x08, 0x41, 0x10, 0x61, 0x08, 0x41, 0x08, 0x62, 0x08, 0x41, 0x08,
    0x41, 0x08, 0x62, 0x08, 0x62, 0x10, 0x41, 0x08, 0x42, 0x08, 0x61, 0x08,
    0x62, 0x08, 0x41, 0x10, 0x61, 0x08, 0x42, 0x08, 0x41, 0x08, 0x61, 0x08,
    0x42, 0x08, 0x42, 0x08, 0x61, 0x10, 0x61, 0x08, 0x41, 0x08, 0x62, 0x08,
    0x42, 0x10, 0x62, 0x08, 0x41, 0x08, 0x61, 0x10, 0x41, 0x08, 0x62, 0x08,
    0x41, 0x10, 0x42, 0x08, 0x61, 0x08, 0x41, 0x10, 0x62, 0x08, 0x41, 0x08,
    0x61, 0x08, 0x61, 0x08, 0x61, 0x08, 0x62, 0x08, 0x62, 0x08, 0x61, 0x10,
    0x41, 0x10, 0x61, 0x10, 0x62, 0x08, 0x61, 0x08, 0x62, 0x08, 0x62, 0x08,
    0x62, 0x10, 0x61, 0x08, 0x61, 0x08, 0x62, 0x10, 0x62, 0x08, 0x82, 0x08,
    0xf8, 0xc5, 0xf8, 0xbd, 0xf8, 0xbd, 0xd7, 0xbd, 0xd7, 0xbd, 0xb7, 0xb5,
    0xd7, 0xb5, 0xd7, 0xb5, 0xb7, 0xb5, 0xb7, 0xbd, 0xd7, 0xbd, 0xd8, 0xbd,
    0xf8, 0xbd, 0xf8, 0xbd, 0xf8, 0xbd, 0xf8, 0xbd, 0xf8, 0xbd, 0xd7, 0xbd,
    0xb7, 0xbd, 0x97, 0xb5, 0x76, 0xad, 0x35, 0xad, 0xf4, 0x9c, 0x93, 0x94,
    0x10, 0x7c, 0x2d, 0x63, 0x6a, 0x4a, 0x08, 0x42, 0x29, 0x42, 0x6a, 0x52,
    0xab, 0x5a, 0xec, 0x5a, 0xec, 0x5a, 0xec, 0x5a, 0xec, 0x5a, 0xec, 0x5a,
    0xec, 0x5a, 0xcb, 0x5a, 0xab, 0x52, 0x6a, 0x52, 0x49, 0x4a, 0xe8, 0x39,
    0x86, 0x31, 0x04, 0x21, 0xa3, 0x10, 0x82, 0x10, 0x82, 0x10, 0x82, 0x10,
    0x82, 0x10, 0x82, 0x10, 0x82, 0x10, 0x82, 0x10, 0x82, 0x10, 0x82, 0x10,
    0x82, 0x10, 0x62, 0x08, 0x82, 0x10, 0x62, 0x10, 0x82, 0x08, 0x82, 0x10,
    0x82, 0x10, 0x82, 0x08, 0x62, 0x10, 0x82, 0x10, 0x62, 0x10, 0x62, 0x08,
    0x82, 0x10, 0x62, 0x10, 0x62, 0x08, 0x61, 0x08, 0x82, 0x10, 0x62, 0x10,
    0x82, 0x08, 0x62, 0x10, 0x62, 0x10, 0x62, 0x10, 0x82, 0x10, 0x62, 0x10,
    0x62, 0x08, 0x62, 0x10, 0x82, 0x10, 0x81, 0x10, 0x62, 0x08, 0x82, 0x08,
    0x61, 0x08, 0x61, 0x08, 0x62, 0x08, 0x62, 0x08, 0x61, 0x10, 0x62, 0x10,
    0x62, 0x10, 0x62, 0x08, 0x62, 0x08, 0x61, 0x08, 0x62, 0x10, 0x61, 0x10,
    0x62, 0x10, 0x61, 0x08, 0x61, 0x08, 0x61, 0x08, 0x42, 0x08, 0x62, 0x10,
    0x61, 0x08, 0x61, 0x08, 0x62, 0x08, 0x61, 0x08, 0x62, 0x08, 0x42, 0x10,
    0x62, 0x08, 0x61, 0x08, 0x61, 0x10, 0x41, 0x08, 0x62, 0x08, 0x62, 0x08,
    0x42, 0x10, 0x61, 0x08, 0x61, 0x08, 0x42, 0x08, 0x41, 0x10, 0x61, 0x08,
    0x62, 0x08, 0x62, 0x08, 0x41, 0x10, 0x41, 0x08, 0x61, 0x08, 0x42, 0x08,
    0x42, 0x08, 0x41, 0x08, 0x41, 0x08, 0x62, 0x10, 0x62, 0x08, 0x41, 0x08,
    0x61, 0x10, 0x41, 0x08, 0x42, 0x08, 0x62, 0x10, 0x61, 0x08, 0x41, 0x08,
    0x62, 0x08, 0x42, 0x08, 0x61, 0x08, 0x61, 0x08, 0x41, 0x10, 0x62, 0x08,
    0x61, 0x08, 0x41, 0x08, 0x62, 0x08, 0x41, 0x08, 0x41, 0x10, 0x62, 0x08,
    0x61, 0x08, 0x41, 0x10, 0x61, 0x08, 0x42, 0x08, 0x61, 0x08, 0x61, 0x08,
    0x41, 0x10, 0x41, 0x08, 0x61, 0x08, 0x61, 0x08, 0x62, 0x08, 0x42, 0x10,
    0x61, 0x08, 0x62, 0x08, 0x42, 0x10, 0x62, 0x10, 0x61, 0x10, 0x62, 0x10,
    0x62, 0x08, 0x62, 0x08, 0x62, 0x10, 0x62, 0x08, 0x62, 0x08, 0x62, 0x10,
    0x61, 0x10, 0x61, 0x08, 0x62, 0x10, 0x62, 0x08, 0x61, 0x08, 0x61, 0x10,
    0x18, 0xc6, 0xf8, 0xbd, 0xf8, 0xbd, 0xd7, 0xbd, 0xb8, 0xbd, 0xd7, 0xbd,
    0xb7, 0xb5, 0xd7, 0xbd, 0xb7, 0xbd, 0xb7, 0xb5, 0xd7, 0xbd, 0xd8, 0xbd,
    0xd8, 0xbd, 0xf8, 0xbd, 0xf8, 0xbd, 0xd8, 0xbd, 0xd7, 0xbd, 0xb7, 0xb5,
    0x76, 0xb5, 0x56, 0xad, 0x15, 0xa5, 0xd3, 0x9c, 0x31, 0x84, 0x6e, 0x6b,
    0x8a, 0x52, 0x29, 0x42, 0x29, 0x4a, 0x6a, 0x4a, 0xab, 0x52, 0xcb, 0x5a,
    0xec, 0x5a, 0xec, 0x5a, 0xec, 0x5a, 0xec, 0x5a, 0xec, 0x5a, 0xcb, 0x5a,
    0x8b, 0x52, 0x6a, 0x4a, 0x49, 0x4a, 0xe8, 0x39, 0x66, 0x29, 0xe4, 0x20,
    0xa3, 0x10, 0x82, 0x10, 0x82, 0x10, 0x82, 0x10, 0x82, 0x10, 0x82, 0x10,
    0x82, 0x10, 0x82, 0x10, 0x83, 0x10, 0x82, 0x10, 0x82, 0x10, 0x82, 0x10,
    0x82, 0x10, 0x82, 0x10, 0x82, 0x10, 0x82, 0x10, 0x62, 0x10, 0x62, 0x10,
    0x82, 0x10, 0x62, 0x10, 0x82, 0x10, 0x82, 0x08, 0x62, 0x08, 0x82, 0x10,
    0x82, 0x10, 0x82, 0x10, 0x82, 0x10, 0x62, 0x10, 0x62, 0x08, 0x81, 0x10,
    0x61, 0x10, 0x62, 0x10, 0x62, 0x08, 0x82, 0x08, 0x62, 0x08, 0x61, 0x08,
    0x62, 0x10, 0x62, 0x08, 0x61, 0x10, 0x62, 0x08, 0x62, 0x08, 0x61, 0x08,
    0x62, 0x10, 0x62, 0x08, 0x61, 0x10, 0x62, 0x10, 0x62, 0x08, 0x62, 0x08,
    0x62, 0x10, 0x61, 0x08, 0x61, 0x10, 0x62, 0x08, 0x61, 0x08, 0x61, 0x10,
    0x62, 0x08, 0x62, 0x08, 0x62, 0x08, 0x62, 0x08, 0x61, 0x10, 0x42, 0x08,
    0x62, 0x10, 0x62, 0x08, 0x41, 0x08, 0x62, 0x08, 0x61, 0x10, 0x61, 0x10,
    0x61, 0x08, 0x62, 0x08, 0x41, 0x08, 0x62, 0x08, 0x61, 0x08, 0x61, 0x10,
    0x42, 0x08, 0x62, 0x08, 0x41, 0x08, 0x41, 0x08, 0x62, 0x10, 0x61, 0x08,
    0x41, 0x08, 0x61, 0x10, 0x42, 0x08, 0x62, 0x08, 0x41, 0x08, 0x61, 0x10,
    0x61, 0x08, 0x62, 0x08, 0x62, 0x10, 0x41, 0x08, 0x41, 0x08, 0x62, 0x08,
    0x62, 0x08, 0x41, 0x08, 0x61, 0x08, 0x41, 0x08, 0x61, 0x08, 0x61, 0x10,
    0x41, 0x08, 0x61, 0x08, 0x42, 0x08, 0x41, 0x08, 0x62, 0x08, 0x42, 0x08,
    0x41, 0x08, 0x61, 0x10, 0x41, 0x08, 0x62, 0x08, 0x42, 0x08, 0x41, 0x08,
    0x61, 0x08, 0x41, 0x08, 0x42, 0x10, 0x62, 0x08, 0x42, 0x08, 0x41, 0x08,
    0x62, 0x08, 0x62, 0x08, 0x61, 0x10, 0x42, 0x10, 0x42, 0x08, 0x61, 0x08,
    0x62, 0x08, 0x42, 0x10, 0x61, 0x08, 0x61, 0x08, 0x41, 0x08, 0x61, 0x08,
    0x62, 0x08, 0x61, 0x08, 0x62, 0x08, 0x62, 0x10, 0x61, 0x10, 0x61, 0x10,
    0x62, 0x08, 0x62, 0x08, 0x62, 0x10, 0x62, 0x10, 0x62, 0x10, 0x82, 0x10,
    0xf8, 0xbd, 0xf8, 0xbd, 0xd7, 0xbd, 0xd7, 0xbd, 0xd7, 0xbd, 0xb7, 0xbd,
    0xd7, 0xbd, 0xb8, 0xb5, 0xb7, 0xbd, 0xb7, 0xb5, 0xd7, 0xbd, 0xd8, 0xbd,
    0xd8, 0xbd, 0xf7, 0xbd, 0xd7, 0xbd, 0xb7, 0xb5, 0x96, 0xb5, 0x55, 0xad,
    0x15, 0xa5, 0xd3, 0x9c, 0x31, 0x84, 0x6e, 0x6b, 0x8a, 0x52, 0x29, 0x4a,
    0x49, 0x4a, 0x6a, 0x4a, 0xab, 0x5a, 0xcb, 0x5a, 0xec, 0x5a, 0xec, 0x5a,
    0xec, 0x62, 0xec, 0x5a, 0xcb, 0x5a, 0xab, 0x5a, 0x8a, 0x52, 0x4a, 0x4a,
    0x29, 0x42, 0xc7, 0x39, 0x66, 0x29, 0xe4, 0x20, 0xa2, 0x10, 0x82, 0x10,
    0x82, 0x10, 0x82, 0x10, 0x82, 0x10, 0x82, 0x10, 0x82, 0x10, 0x83, 0x10,
    0x82, 0x10, 0x82, 0x10, 0x82, 0x10, 0x82, 0x10, 0x82, 0x10, 0x82, 0x10,
    0x82, 0x10, 0x62, 0x10, 0x82, 0x10, 0x82, 0x08, 0x82, 0x10, 0x82, 0x10,
    0x82, 0x08, 0x82, 0x10, 0x82, 0x10, 0x62, 0x10, 0x82, 0x10, 0x62, 0x10,
    0x62, 0x08, 0x62, 0x08, 0x82, 0x10, 0x82, 0x10, 0x82, 0x10, 0x62, 0x08,
    0x82, 0x08, 0x82, 0x08, 0x61, 0x10, 0x61, 0x10, 0x62, 0x10, 0x62, 0x10,
    0x81, 0x08, 0x82, 0x10, 0x62, 0x08, 0x61, 0x08, 0x61, 0x10, 0x62, 0x10,
    0x61, 0x10, 0x62, 0x10, 0x62, 0x10, 0x61, 0x10, 0x61, 0x10, 0x61, 0x08,
    0x61, 0x08, 0x62, 0x10, 0x62, 0x10, 0x62, 0x08, 0x62, 0x08, 0x62, 0x08,
    0x61, 0x08, 0x61, 0x10, 0x62, 0x10, 0x61, 0x10, 0x62, 0x08, 0x61, 0x08,
    0x61, 0x08, 0x42, 0x10, 0x62, 0x10, 0x41, 0x08, 0x62, 0x08, 0x62, 0x08,
    0x42, 0x08, 0x61, 0x08, 0x62, 0x10, 0x41, 0x08, 0x62, 0x08, 0x61, 0x08,
    0x61, 0x08, 0x61, 0x10, 0x42, 0x10, 0x61, 0x08, 0x61, 0x08, 0x42, 0x08,
    0x41, 0x10, 0x41, 0x08, 0x61, 0x08, 0x62, 0x08, 0x62, 0x10, 0x41, 0x08,
    0x41, 0x08, 0x61, 0x08, 0x61, 0x08, 0x42, 0x08, 0x61, 0x08, 0x41, 0x08,
    0x41, 0x08, 0x62, 0x08, 0x41, 0x10, 0x61, 0x08, 0x42, 0x08, 0x42, 0x10,
    0x42, 0x08, 0x61, 0x08, 0x61, 0x08, 0x42, 0x08, 0x41, 0x10, 0x61, 0x08,
    0x61, 0x08, 0x42, 0x10, 0x62, 0x08, 0x41, 0x08, 0x61, 0x08, 0x61, 0x10,
    0x42, 0x08, 0x42, 0x08, 0x61, 0x08, 0x61, 0x08, 0x41, 0x10, 0x62, 0x10,
    0x61, 0x08, 0x41, 0x08, 0x42, 0x08, 0x41, 0x08, 0x61, 0x08, 0x62, 0x08,
    0x61, 0x10, 0x61, 0x10, 0x61, 0x08, 0x62, 0x08, 0x62, 0x10, 0x62, 0x08,
    0x62, 0x08, 0x61, 0x10, 0x61, 0x08, 0x61, 0x10, 0x62, 0x10, 0x62, 0x08,
    0x62, 0x10, 0x62, 0x08, 0x61, 0x10, 0x82, 0x10, 0x82, 0x08, 0x62, 0x10,
    0xf8, 0xbd, 0xf8, 0xc5, 0xf8, 0xbd, 0xd7, 0xbd, 0xd8, 0xbd, 0xb7, 0xb5,
    0xd7, 0xbd, 0xb7, 0xb5, 0xb7, 0xb5, 0xd7, 0xbd, 0xd7, 0xbd, 0xb7, 0xbd,
    0xb7, 0xb5, 0xb7, 0xb5, 0x76, 0xb5, 0x55, 0xad, 0x15, 0xa5, 0xd3, 0x94,
    0x31, 0x84, 0x6e, 0x6b, 0x8b, 0x52, 0x29, 0x42, 0x49, 0x4a, 0x8a, 0x52,
    0xab, 0x5a, 0xcc, 0x5a, 0xec, 0x5a, 0xec, 0x5a, 0xcc, 0x5a, 0xcb, 0x5a,
    0xcb, 0x5a, 0xab, 0x52, 0x8a, 0x52, 0x49, 0x4a, 0x09, 0x42, 0xc7, 0x39,
    0x45, 0x29, 0xc3, 0x18, 0x83, 0x10, 0x82, 0x10, 0x82, 0x10, 0x82, 0x10,
    0x82, 0x10, 0xa2, 0x10, 0x82, 0x10, 0xa2, 0x10, 0x82, 0x10, 0x82, 0x10,
    0x82, 0x10, 0x82, 0x10, 0x82, 0x10, 0x82, 0x10, 0x82, 0x10, 0x82, 0x10,
    0x82, 0x10, 0x82, 0x10, 0x62, 0x10, 0x82, 0x08, 0x82, 0x10, 0x82, 0x08,
    0x82, 0x10, 0x62, 0x10, 0x62, 0x08, 0x62, 0x10, 0x62, 0x10, 0x82, 0x10,
    0x82, 0x10, 0x62, 0x10, 0x61, 0x08, 0x62, 0x08, 0x82, 0x10, 0x62, 0x10,
    0x82, 0x10, 0x62, 0x10, 0x62, 0x10, 0x62, 0x10, 0x82, 0x08, 0x61, 0x08,
    0x62, 0x08, 0x61, 0x10, 0x62, 0x10, 0x82, 0x10, 0x82, 0x08, 0x62, 0x10,
    0x62, 0x08, 0x81, 0x08, 0x62, 0x08, 0x62, 0x08, 0x62, 0x08, 0x62, 0x10,
    0x62, 0x10, 0x62, 0x08, 0x62, 0x08, 0x61, 0x08, 0x61, 0x10, 0x62, 0x10,
    0x62, 0x08, 0x61, 0x08, 0x61, 0x08, 0x62, 0x08, 0x61, 0x10, 0x62, 0x10,
    0x41, 0x08, 0x61, 0x08, 0x61, 0x10, 0x62, 0x10, 0x61, 0x10, 0x41, 0x08,
    0x62, 0x08, 0x61, 0x08, 0x61, 0x10, 0x62, 0x08, 0x41, 0x10, 0x62, 0x10,
    0x42, 0x08, 0x41, 0x08, 0x61, 0x08, 0x42, 0x08, 0x41, 0x08, 0x61, 0x10,
    0x42, 0x08, 0x62, 0x08, 0x41, 0x08, 0x41, 0x10, 0x41, 0x08, 0x42, 0x08,
    0x62, 0x08, 0x42, 0x10, 0x41, 0x08, 0x61, 0x08, 0x42, 0x10, 0x61, 0x08,
    0x61, 0x08, 0x41, 0x08, 0x62, 0x10, 0x42, 0x08, 0x61, 0x08, 0x41, 0x08,
    0x62, 0x08, 0x41, 0x08, 0x41, 0x10, 0x61, 0x10, 0x61, 0x08, 0x62, 0x08,
    0x41, 0x10, 0x62, 0x08, 0x61, 0x08, 0x41, 0x10, 0x41, 0x08, 0x62, 0x08,
    0x41, 0x10, 0x61, 0x08, 0x62, 0x08, 0x61, 0x08, 0x62, 0x08, 0x62, 0x10,
    0x62, 0x08, 0x41, 0x08, 0x62, 0x08, 0x62, 0x08, 0x61, 0x10, 0x61, 0x10,
    0x62, 0x08, 0x62, 0x08, 0x62, 0x08, 0x62, 0x10, 0x62, 0x08, 0x62, 0x10,
    0x61, 0x08, 0x62, 0x10, 0x62, 0x10, 0x62, 0x08, 0x62, 0x08, 0x62, 0x08,
    0x61, 0x10, 0x82, 0x10, 0x82, 0x08, 0x82, 0x08, 0x62, 0x10, 0x62, 0x10,
    0x18, 0xc6, 0x18, 0xc6, 0xf8, 0xbd, 0xd7, 0xbd, 0xd7, 0xbd, 0xb7, 0xb5,
    0xb7, 0xb5, 0xd7, 0xbd, 0xb7, 0xbd, 0xb7, 0xb5, 0x96, 0xb5, 0x76, 0xad,
    0x76, 0xad, 0x55, 0xad, 0x15, 0xa5, 0xd3, 0x9c, 0x31, 0x84, 0x6e, 0x6b,
    0xab, 0x5a, 0x49, 0x4a, 0x49, 0x4a, 0x8a, 0x52, 0xcb, 0x5a, 0xec, 0x5a,
    0xec, 0x5a, 0xec, 0x62, 0xeb, 0x5a, 0xcb, 0x5a, 0xab, 0x5a, 0xab, 0x52,
    0x6a, 0x4a, 0x49, 0x4a, 0x08, 0x42, 0xc7, 0x39, 0x45, 0x29, 0xc3, 0x18,
    0xa3, 0x10, 0x82, 0x10, 0x82, 0x10, 0x82, 0x10, 0xa2, 0x10, 0x82, 0x10,
    0x83, 0x10, 0x83, 0x10, 0x82, 0x10, 0x82, 0x10, 0xa2, 0x10, 0x82, 0x10,
    0x82, 0x10, 0x82, 0x10, 0x83, 0x10, 0x82, 0x10, 0x82, 0x10, 0x82, 0x10,
    0x82, 0x10, 0x82, 0x10, 0x82, 0x10, 0x82, 0x10, 0x62, 0x10, 0x62, 0x10,
    0x82, 0x10, 0x82, 0x10, 0x82, 0x10, 0x82, 0x08, 0x82, 0x10, 0x82, 0x08,
    0x62, 0x10, 0x82, 0x10, 0x82, 0x10, 0x62, 0x10, 0x62, 0x10, 0x81, 0x08,
    0x62, 0x10, 0x61, 0x10, 0x82, 0x08, 0x62, 0x08, 0x62, 0x10, 0x62, 0x10,
    0x82, 0x10, 0x62, 0x08, 0x62, 0x08, 0x62, 0x10, 0x62, 0x10, 0x61, 0x08,
    0x82, 0x08, 0x62, 0x08, 0x61, 0x10, 0x61, 0x10, 0x62, 0x08, 0x62, 0x08,
    0x61, 0x10, 0x61, 0x08, 0x61, 0x08, 0x61, 0x10, 0x62, 0x10, 0x61, 0x08,
    0x61, 0x08, 0x62, 0x10, 0x62, 0x10, 0x61, 0x08, 0x42, 0x08, 0x41, 0x08,
    0x62, 0x10, 0x62, 0x08, 0x61, 0x08, 0x61, 0x08, 0x42, 0x08, 0x61, 0x10,
    0x61, 0x10, 0x42, 0x08, 0x42, 0x08, 0x61, 0x08, 0x62, 0x08, 0x61, 0x08,
    0x62, 0x08, 0x62, 0x08, 0x61, 0x08, 0x41, 0x08, 0x62, 0x10, 0x62, 0x08,
    0x61, 0x08, 0x61, 0x08, 0x62, 0x08, 0x41, 0x10, 0x61, 0x08, 0x61, 0x08,
    0x61, 0x08, 0x41, 0x10, 0x42, 0x08, 0x61, 0x08, 0x61, 0x10, 0x42, 0x08,
    0x41, 0x08, 0x62, 0x08, 0x41, 0x08, 0x61, 0x08, 0x41, 0x08, 0x61, 0x08,
    0x61, 0x10, 0x62, 0x08, 0x42, 0x08, 0x42, 0x08, 0x62, 0x08, 0x41, 0x08,
    0x41, 0x08, 0x41, 0x10, 0x41, 0x08, 0x62, 0x08, 0x62, 0x10, 0x41, 0x08,
    0x61, 0x08, 0x62, 0x08, 0x62, 0x10, 0x62, 0x10, 0x41, 0x08, 0x61, 0x08,
    0x41, 0x08, 0x62, 0x10, 0x61, 0x10, 0x61, 0x10, 0x62, 0x08, 0x62, 0x08,
    0x62, 0x08, 0x62, 0x10, 0x61, 0x08, 0x61, 0x10, 0x61, 0x08, 0x61, 0x10,
    0x62, 0x10, 0x62, 0x10, 0x62, 0x08, 0x62, 0x08, 0x61, 0x10, 0x82, 0x10,
    0x82, 0x08, 0x82, 0x10, 0x62, 0x10, 0x62, 0x10, 0x82, 0x10, 0x82, 0x08,
    0x18, 0xc6, 0xf8, 0xbd, 0xf8, 0xbd, 0xd7, 0xbd, 0xb7, 0xbd, 0xd7, 0xbd,
    0xd7, 0xbd, 0xb7, 0xb5, 0x97, 0xb5, 0x76, 0xad, 0x35, 0xa5, 0x14, 0xa5,
    0xd3, 0x9c, 0x93, 0x94, 0x31, 0x84, 0x4e, 0x6b, 0x8a, 0x52, 0x29, 0x4a,
    0x49, 0x4a, 0x6a, 0x52, 0xab, 0x5a, 0xec, 0x5a, 0xec, 0x62, 0xec, 0x5a,
    0xec, 0x5a, 0xcc, 0x5a, 0xcb, 0x5a, 0x8a, 0x52, 0x6a, 0x4a, 0x29, 0x4a,
    0xe8, 0x41, 0xa7, 0x31, 0x45, 0x29, 0xc4, 0x18, 0xa3, 0x10, 0x82, 0x10,
    0xa2, 0x10, 0x82, 0x10, 0xa2, 0x10, 0x82, 0x18, 0x82, 0x10, 0x83, 0x10,
    0x82, 0x10, 0xa2, 0x10, 0x82, 0x18, 0x83, 0x10, 0x82, 0x10, 0x82, 0x10,
    0x82, 0x10, 0x82, 0x10, 0x82, 0x10, 0x82, 0x10, 0x82, 0x10, 0x82, 0x10,
    0x82, 0x10, 0x82, 0x10, 0x82, 0x10, 0x82, 0x10, 0x82, 0x10, 0x82, 0x10,
    0x82, 0x08, 0x62, 0x10, 0x82, 0x08, 0x62, 0x10, 0x82, 0x10, 0x62, 0x10,
    0x62, 0x08, 0x62, 0x10, 0x82, 0x10, 0x82, 0x10, 0x82, 0x10, 0x62, 0x08,
    0x82, 0x08, 0x82, 0x08, 0x61, 0x10, 0x62, 0x10, 0x61, 0x08, 0x82, 0x10,
    0x62, 0x08, 0x62, 0x10, 0x61, 0x10, 0x82, 0x08, 0x61, 0x10, 0x62, 0x08,
    0x62, 0x10, 0x61, 0x10, 0x62, 0x10, 0x82, 0x08, 0x61, 0x10, 0x61, 0x10,
    0x62, 0x08, 0x62, 0x10, 0x62, 0x10, 0x62, 0x08, 0x62, 0x08, 0x62, 0x08,
    0x61, 0x08, 0x62, 0x10, 0x61, 0x08, 0x62, 0x08, 0x61, 0x10, 0x62, 0x08,
    0x61, 0x08, 0x62, 0x10, 0x62, 0x08, 0x42, 0x08, 0x62, 0x08, 0x62, 0x08,
    0x62, 0x08, 0x61, 0x08, 0x62, 0x10, 0x62, 0x08, 0x61, 0x08, 0x62, 0x08,
    0x41, 0x08, 0x61, 0x10, 0x41, 0x10, 0x62, 0x08, 0x61, 0x08, 0x42, 0x08,
    0x41, 0x08, 0x41, 0x08, 0x41, 0x10, 0x62, 0x08, 0x62, 0x08, 0x41, 0x08,
    0x41, 0x10, 0x62, 0x08, 0x61, 0x08, 0x42, 0x08, 0x41, 0x08, 0x61, 0x08,
    0x62, 0x10, 0x42, 0x08, 0x61, 0x08, 0x41, 0x08, 0x62, 0x10, 0x42, 0x08,
    0x41, 0x08, 0x41, 0x10, 0x61, 0x08, 0x61, 0x08, 0x41, 0x10, 0x41, 0x08,
    0x62, 0x08, 0x62, 0x08, 0x62, 0x08, 0x61, 0x08, 0x62, 0x08, 0x41, 0x08,
    0x62, 0x08, 0x62, 0x10, 0x61, 0x10, 0x41, 0x08, 0x62, 0x08, 0x62, 0x10,
    0x61, 0x10, 0x61, 0x08, 0x62, 0x08, 0x62, 0x08, 0x62, 0x08, 0x61, 0x08,
    0x61, 0x10, 0x61, 0x10, 0x62, 0x10, 0x62, 0x08, 0x62, 0x10, 0x82, 0x08,
    0x62, 0x08, 0x62, 0x08, 0x81, 0x08, 0x62, 0x10, 0x82, 0x10, 0x82, 0x10,
    0x62, 0x10, 0x62, 0x08, 0x62, 0x10, 0x82, 0x10, 0x82, 0x10, 0x82, 0x10,
    0x18, 0xc6, 0xf8, 0xbd, 0xf8, 0xbd, 0xd7, 0xbd, 0xb7, 0xbd, 0x97, 0xb5,
    0x76, 0xad, 0x35, 0xa5, 0xf4, 0x9c, 0x93, 0x94, 0x11, 0x84, 0x6e, 0x73,
    0xec, 0x5a, 0x4a, 0x4a, 0x09, 0x42, 0x08, 0x42, 0x28, 0x42, 0x6a, 0x52,
    0x8a, 0x52, 0xab, 0x5a, 0xcc, 0x5a, 0xec, 0x62, 0xec, 0x62, 0xcc, 0x5a,
    0xcb, 0x5a, 0x8a, 0x52, 0x4a, 0x4a, 0x29, 0x4a, 0x08, 0x42, 0xa7, 0x31,
    0x25, 0x29, 0xc3, 0x18, 0xa2, 0x10, 0x82, 0x10, 0xa2, 0x10, 0x82, 0x10,
    0x83, 0x10, 0xa2, 0x10, 0x83, 0x10, 0x83, 0x10, 0x82, 0x10, 0x82, 0x10,
    0xa2, 0x10, 0x82, 0x10, 0x82, 0x10, 0xa2, 0x10, 0x82, 0x10, 0x83, 0x10,
    0x82, 0x10, 0x82, 0x10, 0x82, 0x10, 0x82, 0x10, 0x82, 0x10, 0x82, 0x10,
    0x82, 0x10, 0x82, 0x10, 0x62, 0x10, 0x62, 0x08, 0x82, 0x10, 0x82, 0x08,
    0x82, 0x10, 0x82, 0x10, 0x62, 0x10, 0x62, 0x10, 0x62, 0x10, 0x82, 0x10,
    0x82, 0x10, 0x82, 0x10, 0x61, 0x08, 0x62, 0x08, 0x82, 0x10, 0x82, 0x10,
    0x61, 0x10, 0x62, 0x10, 0x62, 0x08, 0x62, 0x10, 0x82, 0x10, 0x61, 0x08,
    0x62, 0x10, 0x61, 0x10, 0x82, 0x08, 0x61, 0x08, 0x62, 0x10, 0x62, 0x10,
    0x61, 0x08, 0x62, 0x10, 0x62, 0x08, 0x62, 0x08, 0x62, 0x08, 0x62, 0x10,
    0x62, 0x08, 0x62, 0x08, 0x61, 0x08, 0x62, 0x08, 0x62, 0x08, 0x61, 0x10,
    0x62, 0x10, 0x61, 0x08, 0x61, 0x08, 0x61, 0x08, 0x62, 0x10, 0x61, 0x10,
    0x62, 0x08, 0x41, 0x08, 0x41, 0x10, 0x62, 0x10, 0x61, 0x10, 0x61, 0x08,
    0x41, 0x08, 0x62, 0x08, 0x61, 0x08, 0x41, 0x08, 0x41, 0x10, 0x62, 0x10,
    0x61, 0x08, 0x42, 0x08, 0x62, 0x08, 0x61, 0x08, 0x42, 0x10, 0x61, 0x08,
    0x61, 0x10, 0x62, 0x10, 0x42, 0x08, 0x61, 0x08, 0x41, 0x08, 0x42, 0x10,
    0x62, 0x08, 0x41, 0x08, 0x61, 0x08, 0x61, 0x10, 0x42, 0x08, 0x42, 0x08,
    0x61, 0x08, 0x41, 0x10, 0x62, 0x10, 0x61, 0x08, 0x42, 0x08, 0x61, 0x10,
    0x62, 0x08, 0x41, 0x08, 0x42, 0x10, 0x61, 0x08, 0x41, 0x08, 0x62, 0x10,
    0x62, 0x08, 0x61, 0x08, 0x61, 0x08, 0x62, 0x10, 0x41, 0x08, 0x62, 0x10,
    0x61, 0x10, 0x62, 0x08, 0x41, 0x08, 0x61, 0x08, 0x62, 0x08, 0x61, 0x08,
    0x62, 0x08, 0x62, 0x08, 0x62, 0x08, 0x61, 0x08, 0x61, 0x10, 0x62, 0x10,
    0x62, 0x10, 0x62, 0x08, 0x62, 0x08, 0x62, 0x10, 0x62, 0x08, 0x62, 0x10,
    0x62, 0x08, 0x61, 0x10, 0x62, 0x10, 0x82, 0x10, 0x82, 0x08, 0x62, 0x08,
    0x62, 0x10, 0x82, 0x10, 0x82, 0x08, 0x82, 0x10, 0x82, 0x10, 0x62, 0x10,
    0xf8, 0xc5, 0xf8, 0xbd, 0xf8, 0xc5, 0xd7, 0xbd, 0xb7, 0xb5, 0x76, 0xad,
    0x55, 0xad, 0xf4, 0xa4, 0xb3, 0x94, 0x31, 0x84, 0x8f, 0x73, 0xec, 0x5a,
    0x49, 0x4a, 0xc7, 0x39, 0xc7, 0x39, 0x08, 0x42, 0x29, 0x42, 0x4a, 0x4a,
    0x8b, 0x52, 0xab, 0x5a, 0xcb, 0x5a, 0xcb, 0x5a, 0xcb, 0x5a, 0x8a, 0x52,
    0x49, 0x4a, 0x29, 0x4a, 0xe8, 0x41, 0x86, 0x31, 0x25, 0x29, 0xc3, 0x18,
    0xa3, 0x18, 0x82, 0x10, 0xa2, 0x10, 0x83, 0x18, 0x82, 0x10, 0xa2, 0x10,
    0xa3, 0x18, 0x82, 0x10, 0x82, 0x10, 0x82, 0x10, 0xa2, 0x10, 0xa3, 0x10,
    0x82, 0x18, 0x82, 0x10, 0xa3, 0x10, 0x82, 0x10, 0x82, 0x10, 0x82, 0x10,
    0x82, 0x10, 0x82, 0x10, 0x83, 0x10, 0x82, 0x10, 0x82, 0x10, 0x82, 0x10,
    0x82, 0x10, 0x82, 0x10, 0x82, 0x10, 0x82, 0x10, 0x62, 0x08, 0x82, 0x10,
    0x82, 0x10, 0x62, 0x10, 0x82, 0x08, 0x82, 0x10, 0x82, 0x08, 0x62, 0x08,
    0x62, 0x10, 0x82, 0x10, 0x62, 0x10, 0x62, 0x08, 0x61, 0x10, 0x61, 0x08,
    0x82, 0x10, 0x62, 0x10, 0x82, 0x10, 0x61, 0x08, 0x62, 0x10, 0x62, 0x10,
    0x62, 0x10, 0x82, 0x08, 0x62, 0x08, 0x62, 0x10, 0x62, 0x10, 0x82, 0x08,
    0x61, 0x08, 0x62, 0x08, 0x61, 0x10, 0x61, 0x10, 0x62, 0x10, 0x61, 0x08,
    0x61, 0x10, 0x61, 0x10, 0x62, 0x08, 0x61, 0x10, 0x61, 0x10, 0x61, 0x08,
    0x62, 0x08, 0x62, 0x10, 0x62, 0x10, 0x62, 0x10, 0x41, 0x08, 0x42, 0x08,
    0x61, 0x08, 0x62, 0x10, 0x61, 0x08, 0x61, 0x08, 0x41, 0x08, 0x61, 0x08,
    0x62, 0x10, 0x41, 0x08, 0x61, 0x10, 0x62, 0x08, 0x62, 0x08, 0x61, 0x08,
    0x41, 0x10, 0x61, 0x08, 0x62, 0x08, 0x62, 0x08, 0x61, 0x10, 0x62, 0x08,
    0x61, 0x08, 0x42, 0x08, 0x61, 0x08, 0x41, 0x08, 0x62, 0x10, 0x61, 0x08,
    0x41, 0x08, 0x62, 0x08, 0x42, 0x10, 0x41, 0x08, 0x61, 0x10, 0x61, 0x08,
    0x41, 0x08, 0x61, 0x08, 0x41, 0x08, 0x42, 0x08, 0x61, 0x10, 0x61, 0x08,
    0x41, 0x08, 0x62, 0x08, 0x61, 0x08, 0x42, 0x08, 0x62, 0x08, 0x61, 0x08,
    0x62, 0x10, 0x61, 0x08, 0x41, 0x10, 0x62, 0x10, 0x62, 0x08, 0x61, 0x08,
    0x62, 0x10, 0x61, 0x08, 0x62, 0x08, 0x62, 0x10, 0x61, 0x10, 0x62, 0x10,
    0x62, 0x08, 0x62, 0x10, 0x61, 0x10, 0x62, 0x10, 0x62, 0x10, 0x62, 0x08,
    0x62, 0x08, 0x62, 0x08, 0x61, 0x10, 0x61, 0x10, 0x62, 0x08, 0x61, 0x10,
    0x82, 0x10, 0x82, 0x10, 0x62, 0x10, 0x82, 0x08, 0x62, 0x10, 0x62, 0x10,
    0x82, 0x08, 0x82, 0x10, 0x82, 0x10, 0x82, 0x08, 0x82, 0x10, 0x82, 0x10,
    0xf8, 0xbd, 0xf8, 0xbd, 0xf8, 0xbd, 0xd7, 0xbd, 0xb7, 0xb5, 0x76, 0xb5,
    0x55, 0xad, 0x15, 0xa5, 0xd3, 0x9c, 0x72, 0x8c, 0xd0, 0x7b, 0x2d, 0x63,
    0x8a, 0x52, 0x08, 0x42, 0xe8, 0x39, 0x08, 0x42, 0x29, 0x4a, 0x6a, 0x4a,
    0xaa, 0x52, 0xab, 0x5a, 0xab, 0x52, 0x8a, 0x52, 0x4a, 0x4a, 0x08, 0x42,
    0xe8, 0x39, 0x86, 0x31, 0x04, 0x21, 0xc3, 0x18, 0xa2, 0x10, 0xa2, 0x10,
    0xa2, 0x10, 0x82, 0x10, 0x83, 0x10, 0x82, 0x10, 0xa2, 0x10, 0xa3, 0x10,
    0x82, 0x10, 0xa2, 0x10, 0xa2, 0x18, 0x82, 0x10, 0x82, 0x10, 0x82, 0x10,
    0x83, 0x10, 0x82, 0x10, 0x82, 0x10, 0x82, 0x10, 0x83, 0x10, 0xa2, 0x10,
    0x82, 0x10, 0x82, 0x10, 0x82, 0x10, 0x82, 0x10, 0x83, 0x10, 0x82, 0x10,
    0x82, 0x10, 0x82, 0x10, 0x82, 0x10, 0x82, 0x10, 0x82, 0x10, 0x62, 0x10,
    0x82, 0x10, 0x82, 0x08, 0x62, 0x10, 0x62, 0x10, 0x82, 0x10, 0x82, 0x10,
    0x62, 0x10, 0x62, 0x08, 0x82, 0x10, 0x82, 0x10, 0x82, 0x08, 0x62, 0x10,
    0x62, 0x08, 0x62, 0x08, 0x61, 0x10, 0x62, 0x10, 0x62, 0x08, 0x82, 0x08,
    0x82, 0x08, 0x61, 0x10, 0x62, 0x08, 0x62, 0x10, 0x81, 0x08, 0x62, 0x08,
    0x82, 0x10, 0x61, 0x10, 0x62, 0x08, 0x62, 0x10, 0x61, 0x08, 0x62, 0x08,
    0x62, 0x08, 0x62, 0x10, 0x62, 0x10, 0x62, 0x08, 0x62, 0x10, 0x62, 0x08,
    0x62, 0x08, 0x61, 0x08, 0x61, 0x08, 0x62, 0x08, 0x62, 0x08, 0x61, 0x08,
    0x61, 0x10, 0x42, 0x10, 0x62, 0x08, 0x62, 0x08, 0x62, 0x08, 0x62, 0x08,
    0x42, 0x08, 0x62, 0x10, 0x62, 0x08, 0x61, 0x08, 0x62, 0x08, 0x62, 0x08,
    0x62, 0x08, 0x62, 0x10, 0x61, 0x08, 0x41, 0x08, 0x61, 0x08, 0x41, 0x08,
    0x62, 0x08, 0x61, 0x08, 0x61, 0x08, 0x41, 0x10, 0x42, 0x08, 0x61, 0x08,
    0x61, 0x08, 0x41, 0x10, 0x61, 0x08, 0x42, 0x08, 0x61, 0x08, 0x41, 0x10,
    0x42, 0x08, 0x42, 0x08, 0x61, 0x08, 0x41, 0x08, 0x42, 0x08, 0x41, 0x08,
    0x41, 0x08, 0x62, 0x10, 0x61, 0x08, 0x61, 0x08, 0x62, 0x10, 0x62, 0x08,
    0x41, 0x08, 0x42, 0x10, 0x62, 0x08, 0x62, 0x08, 0x41, 0x10, 0x61, 0x08,
    0x62, 0x08, 0x61, 0x08, 0x62, 0x10, 0x62, 0x10, 0x62, 0x08, 0x61, 0x08,
    0x62, 0x10, 0x61, 0x08, 0x61, 0x10, 0x62, 0x08, 0x62, 0x08, 0x61, 0x08,
    0x61, 0x10, 0x82, 0x10, 0x82, 0x10, 0x82, 0x10, 0x82, 0x08, 0x82, 0x08,
    0x82, 0x08, 0x62, 0x10, 0x62, 0x08, 0x62, 0x10, 0x82, 0x10, 0x82, 0x10,
    0x82, 0x10, 0x82, 0x10, 0x82, 0x10, 0x82, 0x10, 0x82, 0x10, 0x82, 0x10,
    0xf8, 0xc5, 0xf8, 0xbd, 0xd7, 0xbd, 0xd7, 0xbd, 0xb7, 0xbd, 0x97, 0xb5,
    0x76, 0xad, 0x35, 0xa5, 0xd3, 0x9c, 0x72, 0x94, 0xf0, 0x7b, 0x4e, 0x6b,
    0xcb, 0x5a, 0x29, 0x42, 0xe8, 0x41, 0x08, 0x42, 0x49, 0x4a, 0x6a, 0x4a,
    0x4a, 0x4a, 0x69, 0x4a, 0x49, 0x4a, 0x09, 0x42, 0xe8, 0x39, 0x86, 0x31,
    0x04, 0x21, 0xc3, 0x18, 0xa2, 0x10, 0x83, 0x10, 0xa3, 0x18, 0xa2, 0x18,
    0x83, 0x10, 0xa2, 0x10, 0xa3, 0x10, 0xa3, 0x18, 0xa2, 0x10, 0x83, 0x10,
    0x82, 0x10, 0x82, 0x10, 0xa3, 0x10, 0x83, 0x10, 0x82, 0x18, 0x83, 0x10,
    0x82, 0x10, 0x82, 0x18, 0xa3, 0x10, 0x82, 0x10, 0x82, 0x10, 0x82, 0x10,
    0x82, 0x10, 0x82, 0x10, 0x82, 0x10, 0x82, 0x10, 0x82, 0x10, 0x82, 0x10,
    0x82, 0x10, 0x82, 0x10, 0x62, 0x10, 0x82, 0x08, 0x82, 0x10, 0x82, 0x10,
    0x82, 0x08, 0x62, 0x10, 0x82, 0x10, 0x82, 0x10, 0x62, 0x08, 0x62, 0x10,
    0x82, 0x10, 0x82, 0x10, 0x62, 0x08, 0x82, 0x10, 0x82, 0x10, 0x82, 0x10,
    0x62, 0x10, 0x61, 0x08, 0x82, 0x08, 0x82, 0x10, 0x61, 0x10, 0x61, 0x10,
    0x62, 0x10, 0x62, 0x10, 0x61, 0x10, 0x82, 0x08, 0x62, 0x10, 0x62, 0x08,
    0x61, 0x10, 0x62, 0x10, 0x62, 0x08, 0x61, 0x08, 0x62, 0x10, 0x62, 0x10,
    0x62, 0x10, 0x61, 0x08, 0x61, 0x08, 0x62, 0x10, 0x62, 0x08, 0x62, 0x08,
    0x61, 0x10, 0x62, 0x10, 0x61, 0x08, 0x61, 0x08, 0x61, 0x10, 0x62, 0x10,
    0x62, 0x08, 0x61, 0x08, 0x61, 0x08, 0x62, 0x10, 0x41, 0x10, 0x62, 0x08,
    0x61, 0x08, 0x61, 0x08, 0x61, 0x08, 0x42, 0x10, 0x41, 0x10, 0x61, 0x08,
    0x41, 0x08, 0x62, 0x08, 0x62, 0x08, 0x41, 0x10, 0x62, 0x08, 0x42, 0x08,
    0x61, 0x10, 0x62, 0x10, 0x42, 0x08, 0x62, 0x08, 0x41, 0x08, 0x42, 0x08,
    0x41, 0x10, 0x62, 0x08, 0x41, 0x08, 0x61, 0x08, 0x42, 0x08, 0x62, 0x08,
    0x61, 0x10, 0x62, 0x08, 0x62, 0x10, 0x61, 0x10, 0x61, 0x08, 0x62, 0x08,
    0x62, 0x10, 0x62, 0x08, 0x62, 0x08, 0x61, 0x10, 0x42, 0x10, 0x61, 0x10,
    0x61, 0x08, 0x61, 0x08, 0x61, 0x10, 0x61, 0x08, 0x61, 0x08, 0x62, 0x10,
    0x62, 0x08, 0x62, 0x10, 0x61, 0x08, 0x61, 0x08, 0x62, 0x10, 0x62, 0x10,
    0x61, 0x08, 0x82, 0x10, 0x62, 0x08, 0x62, 0x10, 0x62, 0x10, 0x82, 0x10,
    0x82, 0x10, 0x82, 0x10, 0x62, 0x10, 0x62, 0x08, 0x82, 0x10, 0x62, 0x10,
    0x62, 0x10, 0x82, 0x10, 0x82, 0x10, 0x82, 0x10, 0x82, 0x08, 0x82, 0x10,
    0x82, 0x10, 0x82, 0x10, 0x82, 0x10, 0x82, 0x10, 0x82, 0x10, 0x82, 0x10,
    0xf8, 0xbd, 0xf8, 0xbd, 0xf8, 0xbd, 0xd7, 0xbd, 0xd7, 0xbd, 0x97, 0xb5,
    0x76, 0xad, 0x35, 0xa5, 0xf4, 0x9c, 0x92, 0x94, 0x11, 0x84, 0x8e, 0x73,
    0xec, 0x5a, 0x6a, 0x4a, 0x09, 0x42, 0x28, 0x42, 0x08, 0x42, 0xe8, 0x41,
    0xe8, 0x39, 0xe8, 0x39, 0xc7, 0x39, 0x66, 0x31, 0x04, 0x21, 0xc3, 0x18,
    0xa3, 0x18, 0xa2, 0x10, 0xa3, 0x18, 0xa3, 0x18, 0xa2, 0x10, 0xa3, 0x10,
    0x82, 0x10, 0x83, 0x18, 0xa2, 0x10, 0x82, 0x10, 0x82, 0x18, 0x82, 0x10,
    0xa3, 0x10, 0xa2, 0x10, 0x82, 0x10, 0x82, 0x10, 0x82, 0x10, 0xa2, 0x10,
    0x82, 0x10, 0xa2, 0x10, 0x82, 0x10, 0x82, 0x10, 0xa2, 0x10, 0x82, 0x10,
    0x83, 0x10, 0x82, 0x10, 0x82, 0x10, 0x82, 0x10, 0x82, 0x10, 0x82, 0x10,
    0x82, 0x10, 0x82, 0x10, 0x82, 0x10, 0x62, 0x08, 0x82, 0x10, 0x82, 0x10,
    0x62, 0x10, 0x82, 0x10, 0x82, 0x10, 0x82, 0x08, 0x62, 0x10, 0x62, 0x10,
    0x82, 0x10, 0x82, 0x08, 0x62, 0x10, 0x61, 0x10, 0x62, 0x08, 0x62, 0x08,
    0x81, 0x10, 0x82, 0x10, 0x82, 0x10, 0x62, 0x10, 0x62, 0x08, 0x62, 0x10,
    0x62, 0x10, 0x61, 0x08, 0x82, 0x08, 0x62, 0x10, 0x62, 0x08, 0x61, 0x10,
    0x62, 0x10, 0x82, 0x08, 0x61, 0x08, 0x62, 0x10, 0x62, 0x08, 0x61, 0x08,
    0x61, 0x10, 0x62, 0x08, 0x62, 0x10, 0x61, 0x08, 0x61, 0x08, 0x61, 0x08,
    0x62, 0x10, 0x61, 0x08, 0x62, 0x10, 0x62, 0x10, 0x61, 0x08, 0x61, 0x08,
    0x42, 0x08, 0x62, 0x08, 0x61, 0x10, 0x41, 0x08, 0x61, 0x08, 0x61, 0x10,
    0x61, 0x10, 0x41, 0x08, 0x62, 0x08, 0x62, 0x08, 0x61, 0x08, 0x61, 0x10,
    0x62, 0x08, 0x41, 0x08, 0x61, 0x10, 0x62, 0x10, 0x62, 0x08, 0x61, 0x08,
    0x61, 0x08, 0x42, 0x08, 0x61, 0x10, 0x61, 0x08, 0x61, 0x08, 0x41, 0x08,
    0x62, 0x10, 0x41, 0x08, 0x62, 0x08, 0x41, 0x08, 0x61, 0x10, 0x62, 0x08,
    0x62, 0x08, 0x61, 0x08, 0x61, 0x08, 0x42, 0x08, 0x62, 0x08, 0x61, 0x10,
    0x62, 0x08, 0x61, 0x08, 0x41, 0x10, 0x42, 0x08, 0x62, 0x08, 0x61, 0x08,
    0x62, 0x10, 0x62, 0x08, 0x62, 0x08, 0x62, 0x10, 0x62, 0x08, 0x62, 0x08,
    0x62, 0x10, 0x61, 0x08, 0x62, 0x10, 0x62, 0x10, 0x61, 0x08, 0x62, 0x08,
    0x62, 0x10, 0x62, 0x10, 0x62, 0x08, 0x61, 0x10, 0x82, 0x10, 0x82, 0x08,
    0x62, 0x10, 0x82, 0x08, 0x61, 0x08, 0x62, 0x10, 0x62, 0x10, 0x62, 0x10,
    0x82, 0x10, 0x82, 0x08, 0x82, 0x10, 0x82, 0x08, 0x82, 0x10, 0x82, 0x10,
    0x82, 0x10, 0x82, 0x08, 0x82, 0x10, 0x82, 0x10, 0x83, 0x10, 0x82, 0x10,
    0xf8, 0xbd, 0xf8, 0xbd, 0xf8, 0xbd, 0xd7, 0xbd, 0xb7, 0xbd, 0x96, 0xb5,
    0x55, 0xad, 0x15, 0xa5, 0xf4, 0x9c, 0x93, 0x94, 0x51, 0x8c, 0xaf, 0x73,
    0x0d, 0x63, 0x8a, 0x52, 0xe8, 0x39, 0xa7, 0x39, 0xa7, 0x31, 0x86, 0x31,
    0x66, 0x29, 0x45, 0x29, 0x04, 0x21, 0xa3, 0x18, 0xa3, 0x10, 0xa2, 0x10,
    0xa2, 0x10, 0xa3, 0x10, 0xa3, 0x10, 0xa2, 0x18, 0x82, 0x10, 0xa2, 0x10,
    0x83, 0x10, 0x82, 0x10, 0x82, 0x18, 0xa2, 0x10, 0xa3, 0x10, 0xa3, 0x10,
    0x82, 0x10, 0xa3, 0x18, 0xa2, 0x10, 0x82, 0x10, 0x82, 0x10, 0x83, 0x10,
    0xa2, 0x10, 0x83, 0x10, 0x82, 0x10, 0xa2, 0x10, 0x82, 0x10, 0x82, 0x10,
    0x82, 0x10, 0x82, 0x10, 0x83, 0x10, 0x82, 0x10, 0x82, 0x10, 0x82, 0x10,
    0x82, 0x10, 0x82, 0x10, 0x82, 0x10, 0x82, 0x10, 0x82, 0x10, 0x62, 0x08,
    0x82, 0x08, 0x82, 0x10, 0x82, 0x10, 0x82, 0x10, 0x62, 0x10, 0x82, 0x10,
    0x62, 0x08, 0x62, 0x10, 0x82, 0x10, 0x82, 0x08, 0x62, 0x10, 0x62, 0x10,
    0x82, 0x08, 0x82, 0x10, 0x61, 0x10, 0x62, 0x08, 0x62, 0x10, 0x82, 0x08,
    0x82, 0x08, 0x62, 0x10, 0x62, 0x10, 0x62, 0x10, 0x61, 0x08, 0x62, 0x08,
    0x82, 0x08, 0x62, 0x10, 0x62, 0x08, 0x61, 0x10, 0x62, 0x10, 0x62, 0x08,
    0x61, 0x08, 0x62, 0x10, 0x62, 0x08, 0x61, 0x10, 0x62, 0x08, 0x62, 0x10,
    0x61, 0x08, 0x61, 0x08, 0x62, 0x08, 0x62, 0x08, 0x62, 0x08, 0x62, 0x10,
    0x61, 0x10, 0x41, 0x10, 0x42, 0x08, 0x62, 0x10, 0x62, 0x08, 0x62, 0x08,
    0x42, 0x08, 0x62, 0x10, 0x42, 0x08, 0x61, 0x08, 0x62, 0x10, 0x62, 0x08,
    0x42, 0x08, 0x62, 0x10, 0x61, 0x08, 0x41, 0x08, 0x61, 0x08, 0x62, 0x10,
    0x62, 0x08, 0x61, 0x08, 0x41, 0x08, 0x62, 0x10, 0x62, 0x08, 0x62, 0x10,
    0x61, 0x08, 0x62, 0x08, 0x42, 0x10, 0x61, 0x10, 0x61, 0x08, 0x62, 0x08,
    0x41, 0x08, 0x41, 0x08, 0x62, 0x10, 0x62, 0x08, 0x61, 0x08, 0x62, 0x08,
    0x41, 0x10, 0x61, 0x10, 0x61, 0x08, 0x62, 0x08, 0x61, 0x08, 0x41, 0x08,
    0x62, 0x08, 0x62, 0x10, 0x62, 0x08, 0x62, 0x08, 0x61, 0x10, 0x62, 0x10,
    0x61, 0x08, 0x61, 0x10, 0x62, 0x10, 0x82, 0x08, 0x62, 0x08, 0x82, 0x10,
    0x82, 0x08, 0x61, 0x08, 0x82, 0x10, 0x82, 0x08, 0x82, 0x08, 0x62, 0x10,
    0x62, 0x08, 0x62, 0x10, 0x82, 0x08, 0x82, 0x10, 0x82, 0x10, 0x82, 0x10,
    0x82, 0x08, 0x62, 0x10, 0x82, 0x10, 0x82, 0x10, 0x82, 0x10, 0x82, 0x10,
    0x82, 0x10, 0x83, 0x10, 0x83, 0x10, 0x82, 0x10, 0xa2, 0x10, 0xa3, 0x10,
    0xd7, 0xbd, 0xb7, 0xbd, 0xb7, 0xb5, 0xb7, 0xb5, 0x96, 0xb5, 0x76, 0xad,
    0x35, 0xa5, 0x14, 0xa5, 0xd4, 0x9c, 0x93, 0x94, 0x51, 0x8c, 0xcf, 0x7b,
    0x0d, 0x63, 0x49, 0x4a, 0x86, 0x31, 0x05, 0x21, 0x04, 0x21, 0xe3, 0x18,
    0xc3, 0x18, 0xa3, 0x18, 0xa2, 0x10, 0xa2, 0x18, 0xa2, 0x10, 0xa3, 0x10,
    0xa3, 0x18, 0xa2, 0x18, 0xa2, 0x10, 0x83, 0x10, 0xa3, 0x10, 0xa3, 0x18,
    0xa2, 0x18, 0xa2, 0x10, 0xa3, 0x10, 0x83, 0x10, 0x82, 0x10, 0xa2, 0x18,
    0xa2, 0x10, 0x82, 0x10, 0x83, 0x10, 0x82, 0x10, 0xa3, 0x18, 0x82, 0x10,
    0x82, 0x10, 0x82, 0x18, 0x83, 0x10, 0x82, 0x10, 0x82, 0x10, 0x83, 0x10,
    0x82, 0x10, 0x82, 0x10, 0x82, 0x10, 0x82, 0x10, 0x82, 0x10, 0x82, 0x10,
    0x82, 0x10, 0x82, 0x10, 0x82, 0x10, 0x82, 0x10, 0x62, 0x10, 0x82, 0x10,
    0x82, 0x10, 0x82, 0x10, 0x62, 0x08, 0x62, 0x08, 0x82, 0x10, 0x62, 0x10,
    0x82, 0x08, 0x62, 0x10, 0x62, 0x10, 0x82, 0x08, 0x82, 0x10, 0x82, 0x10,
    0x62, 0x10, 0x62, 0x08, 0x62, 0x08, 0x82, 0x10, 0x61, 0x08, 0x61, 0x10,
    0x62, 0x10, 0x61, 0x10, 0x82, 0x08, 0x62, 0x10, 0x81, 0x08, 0x82, 0x10,
    0x62, 0x10, 0x61, 0x08, 0x61, 0x10, 0x62, 0x10, 0x61, 0x08, 0x62, 0x10,
    0x62, 0x10, 0x62, 0x08, 0x61, 0x10, 0x62, 0x08, 0x62, 0x10, 0x61, 0x08,
    0x62, 0x10, 0x62, 0x08, 0x61, 0x08, 0x61, 0x10, 0x61, 0x10, 0x61, 0x08,
    0x62, 0x08, 0x61, 0x08, 0x62, 0x10, 0x62, 0x08, 0x61, 0x08, 0x42, 0x10,
    0x61, 0x08, 0x62, 0x08, 0x61, 0x10, 0x61, 0x10, 0x42, 0x08, 0x61, 0x08,
    0x61, 0x08, 0x61, 0x10, 0x62, 0x08, 0x62, 0x08, 0x62, 0x08, 0x41, 0x08,
    0x61, 0x10, 0x42, 0x08, 0x62, 0x08, 0x62, 0x08, 0x41, 0x08, 0x41, 0x08,
    0x62, 0x08, 0x61, 0x08, 0x61, 0x08, 0x62, 0x08, 0x62, 0x08, 0x61, 0x10,
    0x61, 0x10, 0x62, 0x08, 0x62, 0x08, 0x41, 0x10, 0x61, 0x10, 0x41, 0x10,
    0x62, 0x08, 0x62, 0x08, 0x62, 0x08, 0x61, 0x10, 0x61, 0x10, 0x62, 0x10,
    0x62, 0x10, 0x61, 0x10, 0x61, 0x08, 0x61, 0x10, 0x62, 0x08, 0x61, 0x10,
    0x62, 0x10, 0x62, 0x08, 0x62, 0x08, 0x62, 0x08, 0x62, 0x10, 0x62, 0x10,
    0x61, 0x10, 0x62, 0x10, 0x82, 0x10, 0x82, 0x10, 0x62, 0x10, 0x62, 0x10,
    0x82, 0x10, 0x82, 0x10, 0x82, 0x10, 0x82, 0x10, 0x82, 0x10, 0x82, 0x08,
    0x82, 0x10, 0x82, 0x10, 0x82, 0x10, 0x82, 0x10, 0x82, 0x10, 0x82, 0x10,
    0x82, 0x10, 0x82, 0x10, 0x82, 0x10, 0xa3, 0x10, 0xa2, 0x10, 0x82, 0x10,
    0xb7, 0xb5, 0x97, 0xb5, 0x96, 0xb5, 0x96, 0xb5, 0x76, 0xad, 0x56, 0xad,
    0x35, 0xa5, 0xf4, 0x9c, 0xb3, 0x9c, 0x92, 0x8c, 0x52, 0x8c, 0xd0, 0x7b,
    0x0d, 0x63, 0x49, 0x4a, 0x66, 0x29, 0xc3, 0x18, 0xc3, 0x18, 0xa3, 0x10,
    0xa3, 0x18, 0xa3, 0x10, 0xa3, 0x10, 0xa3, 0x10, 0xa2, 0x18, 0xa3, 0x18,
    0xa2, 0x10, 0xa3, 0x10, 0xa3, 0x18, 0xa2, 0x10, 0xa2, 0x18, 0xa3, 0x10,
    0xa2, 0x10, 0x82, 0x10, 0xa3, 0x10, 0xa2, 0x10, 0x82, 0x18, 0x83, 0x10,
    0x82, 0x10, 0xa2, 0x10, 0x82, 0x10, 0xa2, 0x10, 0x82, 0x10, 0x83, 0x10,
    0x82, 0x10, 0x82, 0x10, 0xa2, 0x10, 0x82, 0x10, 0x82, 0x10, 0x82, 0x10,
    0x82, 0x10, 0x82, 0x10, 0x82, 0x10, 0x82, 0x10, 0x83, 0x10, 0x82, 0x10,
    0x82, 0x10, 0x82, 0x10, 0x82, 0x10, 0x62, 0x08, 0x82, 0x10, 0x82, 0x10,
    0x82, 0x10, 0x62, 0x10, 0x82, 0x10, 0x82, 0x10, 0x62, 0x08, 0x62, 0x10,
    0x82, 0x10, 0x82, 0x10, 0x82, 0x10, 0x61, 0x08, 0x62, 0x08, 0x82, 0x10,
    0x81, 0x08, 0x62, 0x10, 0x82, 0x10, 0x82, 0x08, 0x62, 0x10, 0x62, 0x10,
    0x62, 0x10, 0x62, 0x08, 0x81, 0x10, 0x62, 0x08, 0x62, 0x08, 0x62, 0x10,
    0x61, 0x10, 0x61, 0x08, 0x82, 0x10, 0x62, 0x08, 0x62, 0x08, 0x61, 0x10,
    0x61, 0x08, 0x62, 0x10, 0x62, 0x08, 0x62, 0x08, 0x61, 0x08, 0x61, 0x10,
    0x62, 0x08, 0x61, 0x10, 0x62, 0x10, 0x61, 0x08, 0x62, 0x08, 0x62, 0x08,
    0x61, 0x08, 0x62, 0x10, 0x61, 0x08, 0x61, 0x08, 0x41, 0x10, 0x61, 0x08,
    0x61, 0x08, 0x61, 0x10, 0x62, 0x08, 0x41, 0x08, 0x61, 0x08, 0x62, 0x10,
    0x42, 0x08, 0x61, 0x08, 0x42, 0x08, 0x62, 0x10, 0x61, 0x10, 0x41, 0x08,
    0x62, 0x08, 0x62, 0x10, 0x61, 0x08, 0x61, 0x08, 0x61, 0x10, 0x61, 0x08,
    0x42, 0x08, 0x62, 0x08, 0x61, 0x10, 0x62, 0x08, 0x41, 0x08, 0x42, 0x08,
    0x62, 0x10, 0x61, 0x08, 0x61, 0x08, 0x62, 0x10, 0x62, 0x08, 0x61, 0x08,
    0x62, 0x08, 0x62, 0x08, 0x61, 0x10, 0x62, 0x08, 0x62, 0x08, 0x62, 0x08,
    0x62, 0x08, 0x61, 0x08, 0x62, 0x10, 0x62, 0x10, 0x82, 0x10, 0x62, 0x08,
    0x62, 0x08, 0x82, 0x08, 0x61, 0x10, 0x62, 0x10, 0x61, 0x10, 0x61, 0x08,
    0x62, 0x10, 0x62, 0x10, 0x62, 0x08, 0x62, 0x10, 0x61, 0x10, 0x82, 0x08,
    0x82, 0x10, 0x82, 0x10, 0x82, 0x10, 0x82, 0x08, 0x62, 0x10, 0x82, 0x10,
    0x82, 0x10, 0x82, 0x10, 0x82, 0x10, 0x82, 0x10, 0x83, 0x10, 0x82, 0x10,
    0x83, 0x10, 0x82, 0x10, 0xa2, 0x10, 0xa3, 0x10, 0x83, 0x10, 0x82, 0x10,
    0x97, 0xb5, 0x96, 0xb5, 0x96, 0xb5, 0x96, 0xb5, 0x56, 0xad, 0x55, 0xad,
    0x35, 0xa5, 0x14, 0xa5, 0xf4, 0x9c, 0xb3, 0x9c, 0x72, 0x8c, 0xf0, 0x83,
    0x2d, 0x63, 0x6a, 0x4a, 0xa6, 0x31, 0xe4, 0x18, 0xc3, 0x18, 0xa3, 0x18,
    0xa2, 0x10, 0xa3, 0x18, 0xa2, 0x10, 0xa3, 0x18, 0xa3, 0x10, 0xa2, 0x10,
    0xa2, 0x10, 0xa3, 0x10, 0xa2, 0x10, 0x82, 0x18, 0xa3, 0x10, 0x82, 0x10,
    0x82, 0x10, 0x83, 0x18, 0x82, 0x10, 0x82, 0x18, 0xa3, 0x10, 0xa2, 0x10,
    0x83, 0x10, 0x83, 0x10, 0xa2, 0x10, 0xa2, 0x18, 0xa2, 0x10, 0x82, 0x10,
    0xa3, 0x10, 0x82, 0x10, 0x82, 0x10, 0xa2, 0x10, 0x82, 0x10, 0x82, 0x10,
    0x82, 0x10, 0x82, 0x10, 0x83, 0x10, 0x82, 0x10, 0x82, 0x10, 0x82, 0x10,
    0x82, 0x10, 0x82, 0x10, 0x82, 0x10, 0x82, 0x10, 0x82, 0x10, 0x82, 0x10,
    0x62, 0x10, 0x82, 0x08, 0x82, 0x10, 0x82, 0x10, 0x82, 0x10, 0x82, 0x08,
    0x62, 0x10, 0x62, 0x10, 0x82, 0x10, 0x82, 0x10, 0x62, 0x10, 0x62, 0x10,
    0x62, 0x08, 0x82, 0x10, 0x82, 0x10, 0x61, 0x10, 0x62, 0x10, 0x62, 0x08,
    0x82, 0x08, 0x61, 0x10, 0x62, 0x08, 0x62, 0x08, 0x62, 0x10, 0x62, 0x08,
    0x61, 0x08, 0x82, 0x10, 0x62, 0x08, 0x61, 0x10, 0x62, 0x08, 0x62, 0x08,
    0x62, 0x10, 0x61, 0x08, 0x61, 0x10, 0x61, 0x08, 0x62, 0x08, 0x62, 0x08,
    0x62, 0x08, 0x61, 0x08, 0x62, 0x10, 0x62, 0x08, 0x62, 0x08, 0x61, 0x10,
    0x61, 0x10, 0x62, 0x08, 0x62, 0x08, 0x61, 0x10, 0x62, 0x08, 0x42, 0x10,
    0x62, 0x08, 0x62, 0x10, 0x41, 0x08, 0x62, 0x08, 0x62, 0x10, 0x61, 0x08,
    0x41, 0x08, 0x62, 0x10, 0x61, 0x08, 0x41, 0x08, 0x61, 0x10, 0x62, 0x08,
    0x62, 0x10, 0x61, 0x08, 0x41, 0x08, 0x62, 0x10, 0x42, 0x10, 0x62, 0x08,
    0x62, 0x10, 0x41, 0x10, 0x62, 0x08, 0x41, 0x08, 0x62, 0x10, 0x61, 0x08,
    0x41, 0x08, 0x62, 0x10, 0x61, 0x10, 0x62, 0x08, 0x62, 0x08, 0x62, 0x08,
    0x62, 0x10, 0x61, 0x10, 0x61, 0x08, 0x62, 0x10, 0x62, 0x08, 0x61, 0x08,
    0x61, 0x10, 0x62, 0x10, 0x62, 0x08, 0x62, 0x08, 0x61, 0x08, 0x62, 0x08,
    0x62, 0x10, 0x61, 0x10, 0x62, 0x10, 0x82, 0x10, 0x82, 0x08, 0x82, 0x10,
    0x62, 0x08, 0x82, 0x08, 0x82, 0x10, 0x82, 0x08, 0x82, 0x10, 0x62, 0x10,
    0x82, 0x08, 0x82, 0x10, 0x62, 0x08, 0x82, 0x10, 0x82, 0x10, 0x82, 0x10,
    0x82, 0x10, 0x82, 0x10, 0x82, 0x10, 0x82, 0x10, 0x82, 0x10, 0x82, 0x10,
    0xa2, 0x10, 0xa3, 0x10, 0xa2, 0x10, 0x82, 0x10, 0x83, 0x10, 0xa3, 0x18,
    0x76, 0xad, 0x96, 0xb5, 0xb7, 0xb5, 0x97, 0xb5, 0x96, 0xb5, 0x76, 0xad,
    0x56, 0xad, 0x35, 0xa5, 0x14, 0xa5, 0xd4, 0x9c, 0x92, 0x94, 0x11, 0x84,
    0x4e, 0x6b, 0x8a, 0x52, 0xc7, 0x39, 0xe4, 0x20, 0xc3, 0x18, 0xc3, 0x18,
    0xa3, 0x10, 0xa2, 0x10, 0xa2, 0x10, 0xa2, 0x18, 0xa3, 0x10, 0xa3, 0x10,
    0xa3, 0x18, 0xa2, 0x18, 0x82, 0x18, 0xa3, 0x10, 0xa3, 0x10, 0xa2, 0x10,
    0x82, 0x18, 0xa3, 0x10, 0xa3, 0x10, 0x82, 0x10, 0x82, 0x10, 0xa3, 0x10,
    0xa2, 0x10, 0xa2, 0x18, 0x82, 0x10, 0x83, 0x10, 0x83, 0x10, 0x82, 0x10,
    0x82, 0x18, 0xa2, 0x10, 0x83, 0x10, 0x82, 0x10, 0x82, 0x10, 0x83, 0x10,
    0x82, 0x10, 0x82, 0x10, 0x82, 0x10, 0x82, 0x10, 0x82, 0x10, 0x82, 0x10,
    0x82, 0x10, 0x82, 0x10, 0x82, 0x08, 0x62, 0x10, 0x82, 0x10, 0x82, 0x08,
    0x62, 0x10, 0x82, 0x10, 0x82, 0x08, 0x82, 0x10, 0x82, 0x10, 0x62, 0x10,
    0x82, 0x10, 0x62, 0x08, 0x62, 0x08, 0x62, 0x10, 0x82, 0x10, 0x81, 0x08,
    0x61, 0x10, 0x62, 0x10, 0x62, 0x08, 0x61, 0x08, 0x82, 0x10, 0x62, 0x10,
    0x61, 0x08, 0x82, 0x10, 0x62, 0x10, 0x62, 0x10, 0x81, 0x10, 0x82, 0x08,
    0x62, 0x10, 0x61, 0x08, 0x62, 0x10, 0x61, 0x08, 0x81, 0x10, 0x62, 0x10,
    0x61, 0x08, 0x62, 0x10, 0x62, 0x08, 0x62, 0x10, 0x62, 0x10, 0x61, 0x10,
    0x62, 0x08, 0x62, 0x08, 0x61, 0x08, 0x61, 0x08, 0x61, 0x10, 0x62, 0x08,
    0x62, 0x08, 0x61, 0x10, 0x62, 0x08, 0x61, 0x08, 0x62, 0x10, 0x62, 0x08,
    0x61, 0x10, 0x42, 0x08, 0x61, 0x08, 0x62, 0x10, 0x62, 0x10, 0x61, 0x08,
    0x62, 0x10, 0x62, 0x10, 0x61, 0x08, 0x62, 0x10, 0x62, 0x08, 0x61, 0x08,
    0x42, 0x08, 0x61, 0x08, 0x62, 0x10, 0x41, 0x08, 0x61, 0x08, 0x62, 0x08,
    0x61, 0x08, 0x61, 0x10, 0x61, 0x08, 0x62, 0x08, 0x61, 0x10, 0x62, 0x10,
    0x62, 0x08, 0x62, 0x08, 0x62, 0x08, 0x62, 0x08, 0x61, 0x10, 0x61, 0x10,
    0x62, 0x08, 0x62, 0x10, 0x62, 0x10, 0x62, 0x08, 0x61, 0x10, 0x61, 0x10,
    0x62, 0x10, 0x62, 0x08, 0x62, 0x08, 0x81, 0x10, 0x62, 0x10, 0x62, 0x10,
    0x61, 0x10, 0x82, 0x10, 0x82, 0x10, 0x82, 0x08, 0x62, 0x10, 0x82, 0x08,
    0x62, 0x10, 0x82, 0x10, 0x62, 0x08, 0x62, 0x10, 0x62, 0x08, 0x82, 0x10,
    0x82, 0x10, 0x82, 0x10, 0x82, 0x10, 0x82, 0x10, 0x82, 0x10, 0x82, 0x10,
    0x82, 0x10, 0x83, 0x10, 0x82, 0x10, 0x82, 0x10, 0x83, 0x10, 0x82, 0x10,
    0xa2, 0x10, 0x82, 0x10, 0x83, 0x10, 0xa3, 0x18, 0xa2, 0x10, 0xa2, 0x10,
    0x96, 0xb5, 0x97, 0xb5, 0xb7, 0xb5, 0xb7, 0xb5, 0x96, 0xb5, 0x76, 0xb5,
    0x76, 0xad, 0x35, 0xad, 0x35, 0xa5, 0xf4, 0x9c, 0xb3, 0x94, 0x31, 0x84,
    0x6e, 0x73, 0xab, 0x52, 0xe8, 0x41, 0x04, 0x21, 0xc3, 0x18, 0xc3, 0x18,
    0xa3, 0x10, 0xa3, 0x18, 0xa3, 0x10, 0xa3, 0x10, 0xa2, 0x18, 0xa2, 0x10,
    0xa2, 0x18, 0xa3, 0x10, 0x83, 0x10, 0xa3, 0x10, 0xa2, 0x18, 0xa3, 0x10,
    0xa3, 0x10, 0x82, 0x10, 0xa2, 0x10, 0xa2, 0x10, 0xa2, 0x10, 0x82, 0x10,
    0x82, 0x10, 0x82, 0x10, 0x82, 0x10, 0x82, 0x10, 0x82, 0x10, 0x82, 0x10,
    0x82, 0x10, 0x83, 0x10, 0x82, 0x10, 0x82, 0x10, 0x82, 0x10, 0x82, 0x10,
    0x82, 0x10, 0x82, 0x10, 0x82, 0x10, 0x82, 0x10, 0x82, 0x10, 0x82, 0x10,
    0x83, 0x10, 0x82, 0x10, 0x82, 0x10, 0x62, 0x10, 0x82, 0x10, 0x82, 0x10,
    0x82, 0x10, 0x82, 0x10, 0x82, 0x10, 0x62, 0x10, 0x62, 0x08, 0x82, 0x10,
    0x62, 0x10, 0x82, 0x10, 0x81, 0x10, 0x82, 0x08, 0x62, 0x10, 0x82, 0x08,
    0x82, 0x08, 0x81, 0x10, 0x62, 0x10, 0x62, 0x08, 0x61, 0x08, 0x62, 0x10,
    0x82, 0x10, 0x62, 0x10, 0x62, 0x10, 0x81, 0x08, 0x62, 0x10, 0x62, 0x10,
    0x61, 0x08, 0x82, 0x10, 0x82, 0x08, 0x62, 0x10, 0x62, 0x08, 0x81, 0x10,
    0x62, 0x10, 0x62, 0x08, 0x62, 0x10, 0x62, 0x08, 0x61, 0x10, 0x61, 0x08,
    0x62, 0x10, 0x61, 0x10, 0x62, 0x10, 0x62, 0x08, 0x62, 0x10, 0x61, 0x10,
    0x62, 0x08, 0x62, 0x08, 0x61, 0x10, 0x62, 0x10, 0x61, 0x08, 0x61, 0x08,
    0x41, 0x08, 0x61, 0x08, 0x62, 0x10, 0x61, 0x08, 0x41, 0x08, 0x62, 0x08,
    0x62, 0x08, 0x62, 0x08, 0x41, 0x08, 0x61, 0x10, 0x61, 0x08, 0x42, 0x08,
    0x61, 0x10, 0x62, 0x10, 0x62, 0x08, 0x62, 0x10, 0x61, 0x08, 0x61, 0x08,
    0x42, 0x10, 0x61, 0x08, 0x62, 0x08, 0x42, 0x10, 0x61, 0x08, 0x61, 0x08,
    0x62, 0x10, 0x62, 0x08, 0x61, 0x10, 0x62, 0x10, 0x62, 0x08, 0x61, 0x10,
    0x62, 0x10, 0x61, 0x08, 0x61, 0x08, 0x62, 0x10, 0x62, 0x10, 0x62, 0x08,
    0x82, 0x08, 0x62, 0x08, 0x62, 0x10, 0x62, 0x10, 0x82, 0x10, 0x82, 0x10,
    0x82, 0x08, 0x82, 0x08, 0x62, 0x08, 0x62, 0x08, 0x62, 0x10, 0x62, 0x10,
    0x82, 0x10, 0x62, 0x10, 0x62, 0x10, 0x82, 0x10, 0x82, 0x10, 0x82, 0x10,
    0x82, 0x10, 0x82, 0x10, 0x82, 0x10, 0x82, 0x10, 0x82, 0x10, 0x83, 0x10,
    0x82, 0x10, 0xa2, 0x10, 0x83, 0x10, 0x82, 0x10, 0x82, 0x10, 0xa3, 0x10,
    0xa3, 0x10, 0xa2, 0x10, 0x82, 0x18, 0xa3, 0x10, 0xa2, 0x10, 0xa2, 0x10,
    0x76, 0xb5, 0x96, 0xb5, 0x97, 0xb5, 0xb7, 0xb5, 0x96, 0xb5, 0x97, 0xad,
    0x76, 0xad, 0x56, 0xad, 0x35, 0xa5, 0x14, 0xa5, 0xb3, 0x94, 0x52, 0x8c,
    0xaf, 0x73, 0xcc, 0x5a, 0x09, 0x42, 0x45, 0x29, 0xc3, 0x18, 0xa3, 0x18,
    0xa3, 0x10, 0xa2, 0x18, 0xa3, 0x18, 0xa3, 0x10, 0xa2, 0x10, 0xa2, 0x18,
    0xa3, 0x10, 0xa3, 0x10, 0xa2, 0x10, 0xa2, 0x18, 0x82, 0x10, 0x82, 0x10,
    0xa2, 0x18, 0x82, 0x10, 0xa2, 0x10, 0x82, 0x10, 0x83, 0x10, 0x82, 0x18,
    0x82, 0x10, 0x83, 0x10, 0x83, 0x10, 0xa2, 0x18, 0x82, 0x10, 0xa3, 0x10,
    0xa2, 0x10, 0x82, 0x10, 0x82, 0x10, 0x82, 0x10, 0x82, 0x10, 0x82, 0x10,
    0x82, 0x10, 0x82, 0x10, 0x83, 0x10, 0x82, 0x10, 0x82, 0x10, 0x82, 0x10,
    0x82, 0x10, 0x82, 0x10, 0x82, 0x10, 0x82, 0x10, 0x82, 0x10, 0x62, 0x10,
    0x62, 0x10, 0x82, 0x08, 0x82, 0x10, 0x62, 0x10, 0x62, 0x10, 0x82, 0x08,
    0x62, 0x10, 0x62, 0x10, 0x82, 0x10, 0x62, 0x10, 0x62, 0x08, 0x62, 0x10,
    0x62, 0x10, 0x82, 0x08, 0x62, 0x10, 0x62, 0x10, 0x62, 0x10, 0x62, 0x08,
    0x61, 0x08, 0x62, 0x10, 0x62, 0x08, 0x61, 0x08, 0x62, 0x08, 0x62, 0x08,
    0x62, 0x10, 0x62, 0x08, 0x62, 0x10, 0x61, 0x08, 0x62, 0x10, 0x62, 0x08,
    0x82, 0x08, 0x61, 0x10, 0x61, 0x08, 0x61, 0x08, 0x62, 0x08, 0x62, 0x10,
    0x62, 0x08, 0x61, 0x08, 0x62, 0x08, 0x62, 0x10, 0x62, 0x08, 0x62, 0x08,
    0x61, 0x10, 0x62, 0x08, 0x62, 0x08, 0x61, 0x10, 0x62, 0x08, 0x62, 0x08,
    0x61, 0x10, 0x62, 0x10, 0x61, 0x08, 0x42, 0x08, 0x61, 0x10, 0x61, 0x10,
    0x61, 0x08, 0x61, 0x10, 0x62, 0x08, 0x62, 0x08, 0x62, 0x10, 0x61, 0x08,
    0x61, 0x10, 0x61, 0x08, 0x41, 0x08, 0x61, 0x10, 0x62, 0x08, 0x62, 0x10,
    0x61, 0x10, 0x62, 0x08, 0x62, 0x08, 0x61, 0x10, 0x62, 0x08, 0x61, 0x08,
    0x61, 0x08, 0x62, 0x10, 0x61, 0x08, 0x62, 0x10, 0x61, 0x10, 0x62, 0x08,
    0x62, 0x08, 0x61, 0x10, 0x82, 0x08, 0x62, 0x08, 0x62, 0x08, 0x61, 0x10,
    0x62, 0x10, 0x61, 0x10, 0x61, 0x10, 0x82, 0x08, 0x62, 0x08, 0x62, 0x08,
    0x62, 0x10, 0x62, 0x10, 0x62, 0x10, 0x82, 0x10, 0x82, 0x10, 0x82, 0x10,
    0x82, 0x08, 0x82, 0x08, 0x82, 0x10, 0x82, 0x08, 0x82, 0x10, 0x82, 0x10,
    0x82, 0x10, 0x82, 0x10, 0x82, 0x10, 0x82, 0x10, 0x83, 0x10, 0x82, 0x10,
    0x82, 0x10, 0x82, 0x10, 0x82, 0x10, 0xa2, 0x10, 0x82, 0x10, 0xa2, 0x10,
    0xa3, 0x10, 0xa3, 0x10, 0xa2, 0x10, 0xa2, 0x10, 0xa3, 0x18, 0xa3, 0x10,
    0xb7, 0xb5, 0xb7, 0xbd, 0xd7, 0xbd, 0xd7, 0xbd, 0xd7, 0xbd, 0xb7, 0xb5,
    0xb7, 0xb5, 0x96, 0xb5, 0x55, 0xad, 0x14, 0xa5, 0xd3, 0x9c, 0x72, 0x8c,
    0xd0, 0x7b, 0xec, 0x62, 0x29, 0x42, 0x66, 0x29, 0xc3, 0x18, 0xc3, 0x18,
    0xa3, 0x18, 0xa2, 0x10, 0xa2, 0x10, 0xa2, 0x18, 0xa3, 0x10, 0xa3, 0x10,
    0xa3, 0x18, 0x82, 0x18, 0x82, 0x10, 0xa3, 0x10, 0xa3, 0x10, 0xa2, 0x18,
    0x83, 0x10, 0xa3, 0x10, 0x83, 0x18, 0x82, 0x10, 0x82, 0x10, 0x83, 0x10,
    0xa2, 0x10, 0x82, 0x10, 0xa2, 0x10, 0x82, 0x10, 0x83, 0x10, 0x82, 0x10,
    0x82, 0x10, 0x82, 0x10, 0x82, 0x10, 0x82, 0x10, 0x83, 0x10, 0x82, 0x10,
    0x82, 0x10, 0x82, 0x10, 0x82, 0x10, 0x82, 0x10, 0x82, 0x10, 0x82, 0x10,
    0x82, 0x10, 0x82, 0x08, 0x82, 0x10, 0x62, 0x10, 0x82, 0x08, 0x82, 0x10,
    0x82, 0x10, 0x82, 0x08, 0x82, 0x10, 0x82, 0x10, 0x82, 0x10, 0x62, 0x10,
    0x82, 0x08, 0x82, 0x08, 0x62, 0x10, 0x62, 0x10, 0x81, 0x10, 0x82, 0x10,
    0x62, 0x10, 0x62, 0x10, 0x82, 0x08, 0x81, 0x10, 0x82, 0x10, 0x62, 0x10,
    0x82, 0x10, 0x61, 0x08, 0x62, 0x10, 0x82, 0x10, 0x62, 0x10, 0x61, 0x10,
    0x82, 0x08, 0x62, 0x10, 0x61, 0x08, 0x82, 0x10, 0x62, 0x08, 0x61, 0x10,
    0x61, 0x08, 0x62, 0x08, 0x62, 0x10, 0x62, 0x10, 0x62, 0x10, 0x62, 0x08,
    0x61, 0x10, 0x62, 0x10, 0x61, 0x08, 0x61, 0x08, 0x61, 0x08, 0x62, 0x08,
    0x62, 0x08, 0x61, 0x10, 0x61, 0x08, 0x62, 0x08, 0x61, 0x10, 0x61, 0x08,
    0x62, 0x10, 0x62, 0x08, 0x62, 0x08, 0x61, 0x10, 0x62, 0x08, 0x62, 0x08,
    0x61, 0x10, 0x62, 0x08, 0x62, 0x10, 0x62, 0x10, 0x61, 0x08, 0x62, 0x10,
    0x62, 0x08, 0x62, 0x08, 0x62, 0x08, 0x61, 0x08, 0x62, 0x08, 0x61, 0x08,
    0x62, 0x08, 0x62, 0x08, 0x61, 0x10, 0x62, 0x08, 0x62, 0x10, 0x62, 0x10,
    0x62, 0x08, 0x62, 0x08, 0x61, 0x10, 0x62, 0x08, 0x62, 0x08, 0x61, 0x08,
    0x62, 0x10, 0x62, 0x08, 0x62, 0x10, 0x62, 0x10, 0x61, 0x10, 0x62, 0x08,
    0x62, 0x10, 0x82, 0x10, 0x82, 0x08, 0x82, 0x10, 0x62, 0x10, 0x82, 0x10,
    0x82, 0x10, 0x82, 0x10, 0x82, 0x08, 0x82, 0x10, 0x82, 0x08, 0x82, 0x10,
    0x82, 0x10, 0x82, 0x10, 0x82, 0x10, 0x82, 0x10, 0x82, 0x10, 0x82, 0x10,
    0x83, 0x10, 0x82, 0x10, 0x82, 0x10, 0x82, 0x10, 0x82, 0x10, 0x82, 0x10,
    0xa2, 0x10, 0x83, 0x10, 0x82, 0x10, 0xa3, 0x10, 0x82, 0x10, 0x82, 0x10,
    0x82, 0x10, 0xa3, 0x18, 0xa3, 0x10, 0xa3, 0x18, 0xa3, 0x10, 0xa3, 0x18,
    0xb7, 0xb5, 0xd7, 0xb5, 0xd7, 0xbd, 0xd8, 0xbd, 0xd7, 0xbd, 0xd7, 0xbd,
    0xb7, 0xb5, 0x76, 0xb5, 0x56, 0xad, 0x15, 0xa5, 0xd4, 0x9c, 0x72, 0x94,
    0xf0, 0x7b, 0x2d, 0x63, 0x49, 0x4a, 0x86, 0x31, 0xe4, 0x18, 0xc3, 0x18,
    0xa3, 0x18, 0xa3, 0x10, 0xa3, 0x10, 0xa3, 0x10, 0xa3, 0x18, 0xa2, 0x10,
    0xa2, 0x10, 0xa3, 0x10, 0xa2, 0x18, 0xa3, 0x18, 0xa3, 0x10, 0xa3, 0x10,
    0x82, 0x10, 0x82, 0x10, 0xa2, 0x10, 0xa3, 0x10, 0x82, 0x10, 0x82, 0x10,
    0x83, 0x10, 0xa2, 0x10, 0x82, 0x10, 0x82, 0x10, 0x82, 0x10, 0x82, 0x10,
    0x82, 0x10, 0x83, 0x10, 0x82, 0x10, 0x82, 0x10, 0x82, 0x10, 0x82, 0x10,
    0x83, 0x10, 0x82, 0x10, 0x82, 0x10, 0x82, 0x10, 0x82, 0x10, 0x62, 0x10,
    0x82, 0x10, 0x82, 0x10, 0x62, 0x10, 0x82, 0x10, 0x82, 0x10, 0x82, 0x08,
    0x82, 0x10, 0x62, 0x10, 0x62, 0x10, 0x62, 0x08, 0x82, 0x08, 0x82, 0x10,
    0x62, 0x10, 0x61, 0x10, 0x82, 0x08, 0x82, 0x10, 0x62, 0x08, 0x82, 0x08,
    0x81, 0x08, 0x61, 0x10, 0x62, 0x10, 0x82, 0x08, 0x61, 0x08, 0x62, 0x08,
    0x61, 0x10, 0x82, 0x10, 0x62, 0x08, 0x61, 0x10, 0x82, 0x08, 0x62, 0x08,
    0x61, 0x10, 0x82, 0x10, 0x62, 0x08, 0x62, 0x08, 0x82, 0x10, 0x61, 0x08,
    0x62, 0x10, 0x62, 0x10, 0x61, 0x10, 0x62, 0x08, 0x61, 0x10, 0x61, 0x08,
    0x62, 0x08, 0x62, 0x10, 0x62, 0x10, 0x62, 0x08, 0x62, 0x10, 0x61, 0x10,
    0x62, 0x08, 0x62, 0x08, 0x61, 0x10, 0x61, 0x08, 0x62, 0x08, 0x62, 0x10,
    0x61, 0x08, 0x61, 0x08, 0x61, 0x08, 0x62, 0x10, 0x62, 0x08, 0x62, 0x08,
    0x62, 0x08, 0x62, 0x08, 0x61, 0x08, 0x61, 0x08, 0x62, 0x08, 0x62, 0x08,
    0x61, 0x10, 0x62, 0x08, 0x62, 0x10, 0x62, 0x10, 0x61, 0x10, 0x62, 0x10,
    0x62, 0x08, 0x61, 0x08, 0x62, 0x10, 0x61, 0x10, 0x61, 0x08, 0x62, 0x08,
    0x62, 0x10, 0x61, 0x10, 0x62, 0x10, 0x61, 0x08, 0x62, 0x10, 0x62, 0x10,
    0x82, 0x08, 0x62, 0x10, 0x61, 0x08, 0x62, 0x10, 0x82, 0x10, 0x82, 0x10,
    0x82, 0x08, 0x62, 0x08, 0x62, 0x10, 0x82, 0x10, 0x82, 0x10, 0x82, 0x10,
    0x62, 0x08, 0x82, 0x10, 0x82, 0x10, 0x82, 0x10, 0x82, 0x10, 0x82, 0x10,
    0x82, 0x10, 0x82, 0x10, 0x82, 0x10, 0x82, 0x10, 0x83, 0x10, 0x82, 0x10,
    0x82, 0x10, 0x82, 0x10, 0x82, 0x10, 0xa3, 0x10, 0x83, 0x10, 0x82, 0x10,
    0xa2, 0x10, 0xa3, 0x10, 0x82, 0x10, 0xa2, 0x10, 0xa3, 0x10, 0xa3, 0x18,
    0x82, 0x10, 0xa2, 0x10, 0xa2, 0x18, 0xa3, 0x10, 0xa3, 0x18, 0xa2, 0x10,
    0xb7, 0xb5, 0xb7, 0xbd, 0xd7, 0xbd, 0xf8, 0xbd, 0xd8, 0xbd, 0xd7, 0xbd,
    0xb7, 0xb5, 0x96, 0xb5, 0x76, 0xad, 0x35, 0xa5, 0xd3, 0x9c, 0x92, 0x94,
    0x10, 0x84, 0x4e, 0x6b, 0x6a, 0x4a, 0xc7, 0x39, 0xe4, 0x20, 0xc3, 0x18,
    0xa3, 0x10, 0xa2, 0x18, 0xa3, 0x10, 0xa3, 0x18, 0xa2, 0x10, 0xa2, 0x18,
    0xa3, 0x18, 0xa2, 0x10, 0xa3, 0x10, 0xa2, 0x10, 0x82, 0x10, 0x82, 0x10,
    0xa2, 0x18, 0xa2, 0x10, 0xa2, 0x10, 0x82, 0x18, 0x82, 0x10, 0x82, 0x10,
    0x82, 0x18, 0x82, 0x10, 0x83, 0x10, 0xa3, 0x18, 0xa2, 0x10, 0x82, 0x10,
    0x82, 0x10, 0x82, 0x10, 0x82, 0x10, 0x82, 0x10, 0x82, 0x10, 0x82, 0x10,
    0x82, 0x10, 0x82, 0x10, 0x82, 0x10, 0x82, 0x10, 0x82, 0x10, 0x82, 0x10,
    0x82, 0x10, 0x82, 0x10, 0x62, 0x08, 0x82, 0x10, 0x82, 0x10, 0x62, 0x10,
    0x62, 0x10, 0x62, 0x08, 0x82, 0x10, 0x82, 0x10, 0x82, 0x10, 0x62, 0x10,
    0x62, 0x10, 0x82, 0x08, 0x82, 0x10, 0x62, 0x10, 0x82, 0x08, 0x62, 0x10,
    0x62, 0x10, 0x62, 0x08, 0x81, 0x10, 0x62, 0x10, 0x62, 0x10, 0x62, 0x10,
    0x82, 0x08, 0x62, 0x10, 0x62, 0x10, 0x82, 0x08, 0x62, 0x08, 0x61, 0x10,
    0x61, 0x08, 0x62, 0x08, 0x62, 0x10, 0x61, 0x10, 0x61, 0x08, 0x62, 0x10,
    0x82, 0x08, 0x61, 0x10, 0x62, 0x08, 0x61, 0x08, 0x62, 0x08, 0x62, 0x10,
    0x61, 0x10, 0x61, 0x08, 0x62, 0x08, 0x62, 0x08, 0x61, 0x10, 0x62, 0x08,
    0x61, 0x10, 0x61, 0x10, 0x62, 0x08, 0x62, 0x10, 0x62, 0x08, 0x61, 0x08,
    0x62, 0x10, 0x62, 0x08, 0x61, 0x10, 0x62, 0x08, 0x62, 0x10, 0x61, 0x08,
    0x61, 0x10, 0x62, 0x10, 0x62, 0x08, 0x61, 0x10, 0x61, 0x08, 0x62, 0x10,
    0x61, 0x08, 0x61, 0x10, 0x62, 0x10, 0x61, 0x08, 0x62, 0x08, 0x62, 0x08,
    0x61, 0x10, 0x62, 0x10, 0x61, 0x08, 0x62, 0x08, 0x62, 0x08, 0x61, 0x10,
    0x61, 0x10, 0x62, 0x08, 0x62, 0x08, 0x82, 0x10, 0x61, 0x10, 0x62, 0x08,
    0x62, 0x10, 0x61, 0x10, 0x82, 0x10, 0x82, 0x08, 0x82, 0x08, 0x62, 0x10,
    0x62, 0x10, 0x82, 0x10, 0x82, 0x10, 0x62, 0x08, 0x82, 0x08, 0x82, 0x10,
    0x82, 0x10, 0x82, 0x10, 0x82, 0x10, 0x82, 0x10, 0x82, 0x10, 0x82, 0x10,
    0x82, 0x10, 0x82, 0x10, 0x82, 0x10, 0x83, 0x10, 0x82, 0x10, 0x82, 0x10,
    0xa2, 0x10, 0xa3, 0x10, 0xa2, 0x10, 0x82, 0x10, 0xa2, 0x10, 0xa3, 0x10,
    0x82, 0x10, 0x82, 0x10, 0xa3, 0x18, 0x82, 0x10, 0xa3, 0x18, 0xa2, 0x10,
    0xa3, 0x10, 0xa3, 0x18, 0xa3, 0x18, 0xa2, 0x10, 0xa3, 0x18, 0xa3, 0x18,
    0xd7, 0xbd, 0xd8, 0xbd, 0xf8, 0xbd, 0xd8, 0xbd, 0xd7, 0xbd, 0xd7, 0xbd,
    0xb7, 0xb5, 0x96, 0xb5, 0x56, 0xad, 0x35, 0xa5, 0xf4, 0x9c, 0x92, 0x94,
    0x31, 0x84, 0x6e, 0x73, 0x8b, 0x52, 0xe8, 0x39, 0x24, 0x21, 0xc3, 0x18,
    0xc3, 0x18, 0xa3, 0x10, 0xa2, 0x18, 0xa2, 0x10, 0xa2, 0x10, 0xa3, 0x10,
    0xa3, 0x18, 0x83, 0x10, 0x82, 0x10, 0xa3, 0x10, 0xa2, 0x10, 0x82, 0x18,
    0x83, 0x10, 0xa3, 0x10, 0x83, 0x10, 0x83, 0x10, 0xa2, 0x10, 0xa3, 0x10,
    0xa2, 0x10, 0x82, 0x10, 0x82, 0x10, 0x82, 0x10, 0x82, 0x10, 0x82, 0x10,
    0x82, 0x10, 0xa2, 0x10, 0x82, 0x10, 0x83, 0x10, 0x82, 0x10, 0x82, 0x10,
    0x82, 0x10, 0x82, 0x10, 0x82, 0x10, 0x82, 0x10, 0x82, 0x10, 0x82, 0x10,
    0x82, 0x10, 0x62, 0x08, 0x82, 0x10, 0x82, 0x10, 0x82, 0x10, 0x82, 0x08,
    0x62, 0x10, 0x82, 0x10, 0x82, 0x10, 0x62, 0x10, 0x62, 0x10, 0x61, 0x10,
    0x82, 0x08, 0x82, 0x10, 0x61, 0x10, 0x62, 0x08, 0x62, 0x10, 0x81, 0x10,
    0x62, 0x10, 0x62, 0x10, 0x82, 0x08, 0x62, 0x08, 0x62, 0x10, 0x62, 0x10,
    0x61, 0x10, 0x62, 0x08, 0x62, 0x10, 0x61, 0x08, 0x62, 0x10, 0x62, 0x10,
    0x82, 0x10, 0x62, 0x08, 0x62, 0x08, 0x82, 0x10, 0x62, 0x10, 0x61, 0x08,
    0x62, 0x10, 0x62, 0x08, 0x61, 0x08, 0x62, 0x10, 0x62, 0x10, 0x62, 0x08,
    0x62, 0x10, 0x62, 0x08, 0x61, 0x10, 0x61, 0x10, 0x62, 0x08, 0x62, 0x08,
    0x62, 0x08, 0x62, 0x08, 0x61, 0x08, 0x62, 0x08, 0x61, 0x10, 0x61, 0x10,
    0x62, 0x08, 0x62, 0x10, 0x61, 0x08, 0x62, 0x10, 0x61, 0x08, 0x61, 0x08,
    0x62, 0x10, 0x61, 0x10, 0x62, 0x08, 0x62, 0x10, 0x62, 0x10, 0x62, 0x08,
    0x62, 0x10, 0x62, 0x08, 0x61, 0x08, 0x62, 0x08, 0x62, 0x10, 0x61, 0x10,
    0x62, 0x10, 0x61, 0x08, 0x62, 0x08, 0x62, 0x10, 0x62, 0x10, 0x62, 0x10,
    0x61, 0x08, 0x82, 0x08, 0x62, 0x10, 0x62, 0x08, 0x82, 0x08, 0x62, 0x08,
    0x61, 0x10, 0x82, 0x10, 0x62, 0x08, 0x82, 0x10, 0x62, 0x10, 0x62, 0x08,
    0x82, 0x10, 0x82, 0x08, 0x82, 0x10, 0x82, 0x10, 0x82, 0x10, 0x82, 0x10,
    0x82, 0x10, 0x82, 0x10, 0x82, 0x10, 0x82, 0x10, 0x82, 0x10, 0x83, 0x10,
    0x82, 0x10, 0x82, 0x10, 0x82, 0x10, 0x82, 0x10, 0x82, 0x10, 0xa2, 0x10,
    0xa3, 0x10, 0x82, 0x10, 0x82, 0x10, 0xa3, 0x10, 0x82, 0x10, 0x82, 0x10,
    0xa3, 0x10, 0xa3, 0x18, 0xa2, 0x10, 0xa3, 0x10, 0xa2, 0x10, 0xa3, 0x10,
    0xa2, 0x10, 0xa3, 0x18, 0xa3, 0x10, 0xa3, 0x10, 0xa3, 0x10, 0xa2, 0x10,
    0xd7, 0xbd, 0xd7, 0xbd, 0xd8, 0xbd, 0xd7, 0xbd, 0xd7, 0xbd, 0xb7, 0xbd,
    0xb7, 0xb5, 0x76, 0xb5, 0x56, 0xad, 0x35, 0xad, 0xf4, 0xa4, 0x93, 0x94,
    0x31, 0x84, 0x8f, 0x73, 0xcb, 0x5a, 0xe8, 0x39, 0x25, 0x29, 0xc3, 0x18,
    0xa3, 0x18, 0xa3, 0x10, 0xa3, 0x10, 0xa3, 0x18, 0xa3, 0x10, 0xa2, 0x10,
    0x82, 0x10, 0xa2, 0x10, 0xa2, 0x10, 0x83, 0x18, 0xa3, 0x18, 0xa2, 0x10,
    0x83, 0x10, 0xa2, 0x10, 0x82, 0x18, 0xa2, 0x10, 0xa2, 0x10, 0x82, 0x10,
    0x83, 0x10, 0x83, 0x10, 0xa2, 0x10, 0x82, 0x10, 0x82, 0x10, 0x82, 0x10,
    0xa3, 0x10, 0x82, 0x10, 0x82, 0x10, 0x82, 0x10, 0x82, 0x10, 0x82, 0x10,
    0x83, 0x10, 0x82, 0x10, 0x82, 0x10, 0x82, 0x10, 0x82, 0x10, 0x62, 0x08,
    0x82, 0x08, 0x82, 0x10, 0x62, 0x10, 0x82, 0x10, 0x82, 0x08, 0x62, 0x10,
    0x62, 0x10, 0x82, 0x10, 0x62, 0x08, 0x62, 0x08, 0x82, 0x08, 0x82, 0x08,
    0x62, 0x10, 0x62, 0x08, 0x62, 0x10, 0x82, 0x10, 0x82, 0x08, 0x62, 0x10,
    0x81, 0x08, 0x62, 0x08, 0x62, 0x10, 0x62, 0x10, 0x61, 0x08, 0x81, 0x08,
    0x82, 0x08, 0x61, 0x10, 0x82, 0x08, 0x62, 0x08, 0x62, 0x08, 0x82, 0x10,
    0x62, 0x08, 0x61, 0x10, 0x82, 0x10, 0x61, 0x08, 0x61, 0x08, 0x82, 0x10,
    0x62, 0x08, 0x61, 0x10, 0x62, 0x10, 0x62, 0x08, 0x61, 0x10, 0x61, 0x08,
    0x61, 0x08, 0x62, 0x10, 0x62, 0x08, 0x62, 0x10, 0x61, 0x10, 0x61, 0x10,
    0x62, 0x10, 0x62, 0x08, 0x62, 0x08, 0x61, 0x10, 0x62, 0x08, 0x62, 0x08,
    0x62, 0x08, 0x61, 0x10, 0x62, 0x08, 0x62, 0x08, 0x62, 0x10, 0x62, 0x10,
    0x62, 0x08, 0x62, 0x08, 0x61, 0x08, 0x62, 0x10, 0x62, 0x08, 0x61, 0x08,
    0x61, 0x10, 0x62, 0x08, 0x62, 0x10, 0x62, 0x10, 0x61, 0x10, 0x62, 0x08,
    0x62, 0x08, 0x62, 0x10, 0x62, 0x10, 0x61, 0x10, 0x61, 0x08, 0x62, 0x08,
    0x82, 0x10, 0x62, 0x10, 0x62, 0x08, 0x61, 0x10, 0x62, 0x10, 0x62, 0x10,
    0x82, 0x10, 0x82, 0x08, 0x62, 0x08, 0x62, 0x10, 0x82, 0x10, 0x82, 0x10,
    0x82, 0x10, 0x82, 0x10, 0x82, 0x10, 0x82, 0x10, 0x82, 0x10, 0x82, 0x10,
    0x82, 0x10, 0x82, 0x10, 0x83, 0x10, 0x82, 0x10, 0x83, 0x10, 0x82, 0x10,
    0x82, 0x10, 0x82, 0x10, 0x83, 0x10, 0xa3, 0x10, 0xa2, 0x10, 0xa3, 0x10,
    0x82, 0x10, 0x83, 0x18, 0xa3, 0x10, 0x82, 0x10, 0xa3, 0x18, 0xa2, 0x10,
    0xa2, 0x10, 0xa3, 0x10, 0xa2, 0x10, 0xa2, 0x10, 0xa3, 0x10, 0xa2, 0x18,
    0xa3, 0x18, 0xa3, 0x10, 0xc2, 0x10, 0xa3, 0x18, 0xa3, 0x18, 0xc3, 0x18,
    0xd7, 0xbd, 0xd7, 0xbd, 0xd7, 0xbd, 0xd7, 0xbd, 0xd7, 0xbd, 0xb7, 0xbd,
    0xb7, 0xbd, 0x96, 0xb5, 0x55, 0xad, 0x35, 0xa5, 0xf4, 0xa4, 0x93, 0x94,
    0x51, 0x8c, 0xaf, 0x73, 0xcc, 0x5a, 0x08, 0x42, 0x45, 0x29, 0xc3, 0x18,
    0xa3, 0x18, 0xa2, 0x10, 0xa3, 0x10, 0xa2, 0x10, 0xa2, 0x18, 0xa3, 0x18,
    0xa2, 0x18, 0xa3, 0x18, 0xa3, 0x10, 0xa2, 0x10, 0x82, 0x10, 0xa3, 0x10,
    0xa2, 0x10, 0x82, 0x18, 0xa2, 0x10, 0x82, 0x10, 0x83, 0x10, 0x82, 0x10,
    0x82, 0x10, 0x82, 0x18, 0x82, 0x10, 0xa3, 0x10, 0x82, 0x10, 0xa2, 0x10,
    0x82, 0x10, 0x82, 0x10, 0x82, 0x10, 0x82, 0x10, 0x82, 0x10, 0x82, 0x10,
    0x82, 0x10, 0x82, 0x10, 0x82, 0x10, 0x82, 0x10, 0x82, 0x10, 0x82, 0x10,
    0x62, 0x10, 0x82, 0x10, 0x82, 0x10, 0x82, 0x08, 0x62, 0x10, 0x62, 0x10,
    0x82, 0x08, 0x82, 0x10, 0x62, 0x10, 0x82, 0x10, 0x82, 0x10, 0x62, 0x10,
    0x82, 0x10, 0x82, 0x10, 0x82, 0x10, 0x81, 0x08, 0x82, 0x10, 0x62, 0x10,
    0x82, 0x08, 0x62, 0x10, 0x61, 0x10, 0x61, 0x10, 0x82, 0x10, 0x62, 0x10,
    0x62, 0x10, 0x62, 0x10, 0x61, 0x10, 0x82, 0x10, 0x61, 0x10, 0x62, 0x08,
    0x61, 0x08, 0x61, 0x10, 0x62, 0x08, 0x62, 0x08, 0x62, 0x10, 0x62, 0x08,
    0x61, 0x10, 0x61, 0x08, 0x62, 0x08, 0x62, 0x10, 0x62, 0x08, 0x62, 0x10,
    0x62, 0x10, 0x61, 0x08, 0x62, 0x10, 0x61, 0x08, 0x62, 0x08, 0x62, 0x08,
    0x61, 0x10, 0x61, 0x10, 0x61, 0x10, 0x62, 0x08, 0x62, 0x10, 0x61, 0x08,
    0x62, 0x08, 0x62, 0x10, 0x61, 0x10, 0x61, 0x10, 0x62, 0x08, 0x61, 0x08,
    0x62, 0x10, 0x62, 0x08, 0x61, 0x10, 0x61, 0x10, 0x62, 0x08, 0x81, 0x10,
    0x62, 0x10, 0x62, 0x10, 0x61, 0x08, 0x61, 0x08, 0x62, 0x08, 0x61, 0x10,
    0x61, 0x08, 0x62, 0x08, 0x61, 0x08, 0x62, 0x08, 0x62, 0x10, 0x62, 0x08,
    0x62, 0x08, 0x61, 0x10, 0x62, 0x10, 0x82, 0x08, 0x61, 0x10, 0x82, 0x10,
    0x82, 0x08, 0x62, 0x10, 0x82, 0x10, 0x82, 0x10, 0x82, 0x10, 0x82, 0x10,
    0x82, 0x10, 0x82, 0x10, 0x82, 0x10, 0x82, 0x10, 0x83, 0x10, 0x82, 0x10,
    0x82, 0x10, 0x83, 0x10, 0x82, 0x10, 0x82, 0x10, 0x82, 0x10, 0xa2, 0x10,
    0x82, 0x10, 0xa3, 0x10, 0xa2, 0x10, 0x82, 0x10, 0x83, 0x10, 0xa2, 0x10,
    0xa3, 0x10, 0xa3, 0x10, 0xa2, 0x18, 0xa2, 0x10, 0xa3, 0x10, 0xa3, 0x10,
    0xa3, 0x18, 0xa2, 0x18, 0xa3, 0x18, 0xa3, 0x18, 0xa3, 0x18, 0xa3, 0x10,
    0xa3, 0x18, 0xc3, 0x18, 0xa3, 0x18, 0xc3, 0x18, 0xc3, 0x18, 0xc3, 0x10,
    0xb7, 0xbd, 0xb7, 0xbd, 0xb7, 0xbd, 0xd7, 0xbd, 0xb7, 0xbd, 0xb7, 0xb5,
    0x96, 0xb5, 0x76, 0xb5, 0x55, 0xad, 0x35, 0xad, 0xf4, 0x9c, 0xb2, 0x94,
    0x51, 0x8c, 0xcf, 0x7b, 0xec, 0x5a, 0x29, 0x42, 0x66, 0x29, 0xc3, 0x18,
    0xa3, 0x18, 0xa3, 0x10, 0xa2, 0x18, 0xa3, 0x18, 0xa2, 0x10, 0xa3, 0x10,
    0xa3, 0x10, 0xa2, 0x10, 0xa3, 0x10, 0xa3, 0x18, 0xa2, 0x10, 0x82, 0x10,
    0x83, 0x18, 0xa3, 0x10, 0x82, 0x10, 0xa2, 0x18, 0xa3, 0x18, 0xa2, 0x10,
    0xa2, 0x10, 0x82, 0x10, 0x82, 0x10, 0x82, 0x10, 0x83, 0x10, 0x82, 0x10,
    0x82, 0x10, 0x82, 0x10, 0xa3, 0x10, 0x82, 0x10, 0x82, 0x10, 0x82, 0x10,
    0x82, 0x10, 0x82, 0x10, 0x82, 0x10, 0x82, 0x10, 0x82, 0x10, 0x62, 0x10,
    0x82, 0x10, 0x82, 0x10, 0x82, 0x10, 0x82, 0x08, 0x62, 0x10, 0x62, 0x10,
    0x82, 0x10, 0x82, 0x08, 0x62, 0x08, 0x62, 0x10, 0x81, 0x10, 0x62, 0x08,
    0x62, 0x08, 0x82, 0x10, 0x61, 0x08, 0x62, 0x08, 0x62, 0x10, 0x62, 0x10,
    0x61, 0x08, 0x62, 0x10, 0x62, 0x08, 0x82, 0x08, 0x62, 0x08, 0x62, 0x10,
    0x62, 0x10, 0x62, 0x08, 0x62, 0x08, 0x61, 0x08, 0x62, 0x10, 0x61, 0x10,
    0x62, 0x08, 0x62, 0x08, 0x61, 0x10, 0x62, 0x10, 0x61, 0x08, 0x61, 0x10,
    0x62, 0x08, 0x62, 0x10, 0x62, 0x10, 0x61, 0x08, 0x61, 0x10, 0x62, 0x08,
    0x62, 0x10, 0x82, 0x08, 0x61, 0x10, 0x62, 0x10, 0x62, 0x08, 0x62, 0x10,
    0x62, 0x08, 0x62, 0x08, 0x62, 0x10, 0x62, 0x08, 0x61, 0x10, 0x62, 0x10,
    0x61, 0x10, 0x61, 0x08, 0x62, 0x08, 0x62, 0x10, 0x61, 0x10, 0x62, 0x08,
    0x61, 0x10, 0x61, 0x10, 0x62, 0x10, 0x62, 0x08, 0x82, 0x08, 0x62, 0x10,
    0x62, 0x08, 0x62, 0x08, 0x81, 0x10, 0x62, 0x10, 0x62, 0x10, 0x62, 0x08,
    0x62, 0x10, 0x61, 0x10, 0x62, 0x08, 0x82, 0x10, 0x82, 0x10, 0x62, 0x10,
    0x61, 0x10, 0x82, 0x10, 0x61, 0x10, 0x62, 0x08, 0x82, 0x08, 0x62, 0x10,
    0x62, 0x10, 0x82, 0x10, 0x82, 0x10, 0x82, 0x10, 0x82, 0x10, 0x82, 0x08,
    0x82, 0x10, 0x82, 0x10, 0x82, 0x10, 0x83, 0x10, 0x82, 0x10, 0x82, 0x10,
    0x82, 0x10, 0xa2, 0x10, 0xa2, 0x10, 0x82, 0x10, 0xa2, 0x10, 0xa2, 0x10,
    0x83, 0x10, 0x82, 0x10, 0xa2, 0x18, 0x82, 0x10, 0xa3, 0x10, 0xa2, 0x10,
    0xa2, 0x10, 0xa2, 0x10, 0xa2, 0x10, 0xa2, 0x10, 0xa3, 0x18, 0xa3, 0x18,
    0xa2, 0x10, 0xa3, 0x10, 0xa3, 0x10, 0xa3, 0x18, 0xc3, 0x18, 0xc3, 0x10,
    0xc3, 0x10, 0xa3, 0x18, 0xc3, 0x10, 0xc3, 0x18, 0xc3, 0x10, 0xc3, 0x18,
    0xb7, 0xbd, 0xb7, 0xbd, 0xb7, 0xb5, 0xb7, 0xbd, 0xb7, 0xbd, 0xb7, 0xb5,
    0x96, 0xb5, 0x76, 0xb5, 0x55, 0xad, 0x15, 0xad, 0xf4, 0xa4, 0x93, 0x94,
    0x51, 0x8c, 0xd0, 0x7b, 0x0d, 0x63, 0x29, 0x42, 0x66, 0x29, 0xc3, 0x18,
    0xa3, 0x18, 0xa2, 0x10, 0xa2, 0x10, 0xa3, 0x18, 0x83, 0x10, 0xa2, 0x10,
    0xa2, 0x10, 0xa3, 0x10, 0x82, 0x18, 0x82, 0x10, 0xa2, 0x10, 0xa3, 0x10,
    0x82, 0x18, 0x82, 0x10, 0xa3, 0x10, 0x83, 0x10, 0x82, 0x10, 0x82, 0x10,
    0x82, 0x10, 0x83, 0x10, 0xa2, 0x10, 0x83, 0x18, 0x82, 0x10, 0xa2, 0x10,
    0x82, 0x10, 0x82, 0x10, 0x82, 0x10, 0x83, 0x10, 0x82, 0x10, 0x82, 0x10,
    0x83, 0x10, 0x82, 0x10, 0x82, 0x10, 0x82, 0x10, 0x82, 0x10, 0x82, 0x10,
    0x82, 0x08, 0x62, 0x10, 0x62, 0x08, 0x82, 0x10, 0x82, 0x10, 0x62, 0x10,
    0x82, 0x08, 0x62, 0x10, 0x62, 0x10, 0x82, 0x08, 0x82, 0x08, 0x62, 0x10,
    0x82, 0x10, 0x61, 0x08, 0x62, 0x10, 0x62, 0x10, 0x62, 0x10, 0x81, 0x08,
    0x82, 0x10, 0x62, 0x10, 0x62, 0x10, 0x62, 0x10, 0x62, 0x10, 0x81, 0x08,
    0x62, 0x08, 0x81, 0x08, 0x82, 0x10, 0x62, 0x08, 0x82, 0x08, 0x62, 0x08,
    0x61, 0x10, 0x62, 0x10, 0x62, 0x08, 0x61, 0x10, 0x82, 0x10, 0x62, 0x08,
    0x62, 0x10, 0x62, 0x08, 0x61, 0x10, 0x61, 0x10, 0x62, 0x08, 0x61, 0x08,
    0x61, 0x08, 0x61, 0x10, 0x62, 0x08, 0x62, 0x08, 0x61, 0x10, 0x61, 0x10,
    0x62, 0x10, 0x62, 0x08, 0x61, 0x08, 0x62, 0x10, 0x62, 0x08, 0x61, 0x08,
    0x62, 0x10, 0x62, 0x10, 0x62, 0x08, 0x62, 0x08, 0x62, 0x08, 0x62, 0x10,
    0x62, 0x08, 0x62, 0x08, 0x82, 0x08, 0x62, 0x10, 0x61, 0x08, 0x62, 0x10,
    0x62, 0x08, 0x61, 0x08, 0x62, 0x10, 0x62, 0x10, 0x61, 0x08, 0x82, 0x08,
    0x62, 0x10, 0x62, 0x10, 0x82, 0x10, 0x62, 0x10, 0x61, 0x08, 0x82, 0x10,
    0x82, 0x08, 0x82, 0x08, 0x62, 0x08, 0x62, 0x10, 0x82, 0x10, 0x82, 0x10,
    0x62, 0x08, 0x82, 0x10, 0x82, 0x10, 0x82, 0x10, 0x82, 0x10, 0x82, 0x10,
    0x82, 0x10, 0x82, 0x10, 0x82, 0x10, 0x82, 0x10, 0x82, 0x10, 0xa3, 0x10,
    0xa2, 0x10, 0xa3, 0x10, 0x83, 0x10, 0x83, 0x10, 0xa3, 0x10, 0xa3, 0x10,
    0xa3, 0x10, 0xa2, 0x18, 0xa3, 0x10, 0xa3, 0x10, 0xa2, 0x10, 0xa3, 0x18,
    0xa3, 0x18, 0xa2, 0x18, 0xa3, 0x10, 0xa3, 0x10, 0xa3, 0x18, 0xa2, 0x10,
    0xa2, 0x10, 0xa3, 0x10, 0xa3, 0x18, 0xa2, 0x10, 0xa3, 0x10, 0xc3, 0x18,
    0xc3, 0x18, 0xc3, 0x10, 0xc3, 0x18, 0xc3, 0x18, 0xc3, 0x18, 0xc3, 0x18,
    0xb7, 0xbd, 0xb7, 0xb5, 0xb7, 0xbd, 0xb7, 0xbd, 0xb7, 0xbd, 0xb6, 0xb5,
    0x96, 0xb5, 0x76, 0xb5, 0x55, 0xad, 0x14, 0xa5, 0xf4, 0x9c, 0x93, 0x94,
    0x51, 0x8c, 0xd0, 0x7b, 0x0d, 0x63, 0x29, 0x4a, 0x86, 0x31, 0xe4, 0x18,
    0xa3, 0x10, 0xa2, 0x18, 0xa3, 0x10, 0x82, 0x10, 0xa2, 0x10, 0x83, 0x18,
    0xa2, 0x18, 0xa3, 0x18, 0xa2, 0x10, 0xa2, 0x10, 0xa3, 0x18, 0xa3, 0x10,
    0xa2, 0x10, 0xa2, 0x10, 0x83, 0x10, 0xa2, 0x10, 0x82, 0x10, 0xa2, 0x10,
    0x82, 0x18, 0x83, 0x10, 0x82, 0x10, 0xa2, 0x10, 0x82, 0x10, 0x82, 0x10,
    0xa2, 0x10, 0x83, 0x10, 0xa2, 0x10, 0x82, 0x10, 0x82, 0x10, 0x82, 0x10,
    0x82, 0x10, 0x82, 0x10, 0x82, 0x10, 0x82, 0x10, 0x82, 0x10, 0x62, 0x10,
    0x82, 0x08, 0x82, 0x10, 0x82, 0x10, 0x82, 0x10, 0x62, 0x10, 0x82, 0x08,
    0x82, 0x10, 0x62, 0x10, 0x82, 0x10, 0x82, 0x10, 0x62, 0x10, 0x62, 0x10,
    0x81, 0x10, 0x82, 0x10, 0x62, 0x10, 0x62, 0x10, 0x61, 0x08, 0x62, 0x08,
    0x62, 0x10, 0x62, 0x10, 0x81, 0x08, 0x81, 0x10, 0x62, 0x10, 0x62, 0x10,
    0x61, 0x08, 0x62, 0x10, 0x61, 0x10, 0x62, 0x10, 0x61, 0x10, 0x62, 0x08,
    0x62, 0x10, 0x61, 0x10, 0x62, 0x08, 0x62, 0x08, 0x62, 0x08, 0x62, 0x10,
    0x61, 0x08, 0x61, 0x08, 0x62, 0x08, 0x62, 0x08, 0x62, 0x10, 0x62, 0x10,
    0x62, 0x10, 0x62, 0x08, 0x62, 0x10, 0x61, 0x08, 0x61, 0x08, 0x62, 0x08,
    0x61, 0x08, 0x61, 0x10, 0x62, 0x10, 0x61, 0x08, 0x61, 0x10, 0x62, 0x08,
    0x62, 0x08, 0x62, 0x08, 0x61, 0x10, 0x61, 0x10, 0x61, 0x10, 0x61, 0x08,
    0x62, 0x10, 0x82, 0x08, 0x62, 0x10, 0x61, 0x08, 0x62, 0x10, 0x82, 0x10,
    0x62, 0x10, 0x81, 0x10, 0x82, 0x08, 0x62, 0x08, 0x62, 0x08, 0x82, 0x10,
    0x61, 0x08, 0x62, 0x08, 0x62, 0x08, 0x61, 0x10, 0x82, 0x08, 0x82, 0x08,
    0x62, 0x10, 0x62, 0x10, 0x62, 0x10, 0x82, 0x10, 0x82, 0x10, 0x82, 0x10,
    0x82, 0x10, 0x82, 0x10, 0x82, 0x10, 0x82, 0x10, 0x82, 0x10, 0x82, 0x10,
    0x82, 0x10, 0xa3, 0x10, 0x82, 0x10, 0x82, 0x10, 0xa3, 0x10, 0xa2, 0x10,
    0x82, 0x10, 0x83, 0x10, 0xa2, 0x18, 0xa2, 0x10, 0xa2, 0x10, 0xa2, 0x10,
    0xa2, 0x18, 0xa2, 0x10, 0xa3, 0x10, 0xa2, 0x10, 0xa3, 0x18, 0xa3, 0x18,
    0xa3, 0x10, 0xa3, 0x10, 0xa3, 0x10, 0xa3, 0x18, 0xa2, 0x10, 0xa3, 0x10,
    0xa3, 0x18, 0xa3, 0x18, 0xc3, 0x18, 0xc3, 0x10, 0xc3, 0x18, 0xc3, 0x18,
    0xc3, 0x18, 0xc3, 0x18, 0xc3, 0x18, 0xc3, 0x18, 0xc4, 0x18, 0xc3, 0x18,
    0xb6, 0xbd, 0x97, 0xbd, 0x96, 0xbd, 0xb7, 0xb5, 0xb6, 0xb5, 0x96, 0xb5,
    0x96, 0xb5, 0x76, 0xb5, 0x35, 0xad, 0x14, 0xa5, 0xd3, 0x9c, 0x92, 0x94,
    0x31, 0x8c, 0xcf, 0x7b, 0x2d, 0x63, 0x49, 0x4a, 0x86, 0x31, 0x04, 0x21,
    0xa3, 0x10, 0xa2, 0x10, 0xa3, 0x18, 0xa3, 0x10, 0xa2, 0x18, 0xa3, 0x18,
    0xa3, 0x10, 0xa2, 0x10, 0xa3, 0x18, 0xa3, 0x18, 0xa3, 0x10, 0x82, 0x10,
    0xa2, 0x10, 0x83, 0x10, 0xa2, 0x18, 0x82, 0x10, 0xa3, 0x10, 0xa3, 0x10,
    0x82, 0x10, 0xa2, 0x10, 0x82, 0x10, 0x82, 0x10, 0x83, 0x10, 0xa2, 0x10,
    0x82, 0x10, 0x82, 0x10, 0x82, 0x10, 0x82, 0x10, 0x82, 0x10, 0x82, 0x10,
    0x82, 0x10, 0x82, 0x10, 0x82, 0x10, 0x82, 0x10, 0x82, 0x10, 0x82, 0x10,
    0x82, 0x10, 0x82, 0x10, 0x82, 0x10, 0x82, 0x08, 0x62, 0x10, 0x62, 0x10,
    0x62, 0x10, 0x82, 0x10, 0x62, 0x08, 0x82, 0x08, 0x61, 0x10, 0x82, 0x08,
    0x82, 0x08, 0x62, 0x08, 0x82, 0x08, 0x61, 0x08, 0x82, 0x10, 0x62, 0x10,
    0x62, 0x10, 0x61, 0x08, 0x62, 0x08, 0x62, 0x08, 0x62, 0x08, 0x62, 0x10,
    0x82, 0x10, 0x62, 0x10, 0x62, 0x08, 0x62, 0x08, 0x61, 0x10, 0x61, 0x10,
    0x62, 0x08, 0x62, 0x08, 0x61, 0x08, 0x62, 0x10, 0x61, 0x10, 0x61, 0x08,
    0x62, 0x10, 0x61, 0x10, 0x62, 0x10, 0x62, 0x08, 0x61, 0x08, 0x62, 0x10,
    0x62, 0x08, 0x61, 0x10, 0x62, 0x08, 0x62, 0x10, 0x62, 0x10, 0x62, 0x10,
    0x62, 0x08, 0x61, 0x08, 0x62, 0x10, 0x62, 0x10, 0x62, 0x08, 0x62, 0x10,
    0x61, 0x10, 0x61, 0x10, 0x62, 0x08, 0x82, 0x10, 0x62, 0x08, 0x62, 0x10,
    0x82, 0x08, 0x61, 0x10, 0x62, 0x10, 0x62, 0x10, 0x82, 0x08, 0x62, 0x10,
    0x61, 0x08, 0x62, 0x10, 0x62, 0x10, 0x61, 0x08, 0x61, 0x10, 0x62, 0x10,
    0x62, 0x10, 0x61, 0x08, 0x82, 0x10, 0x62, 0x10, 0x62, 0x10, 0x62, 0x10,
    0x62, 0x10, 0x82, 0x10, 0x82, 0x10, 0x82, 0x08, 0x82, 0x10, 0x82, 0x10,
    0x82, 0x08, 0x82, 0x10, 0x82, 0x10, 0x82, 0x10, 0x82, 0x10, 0x83, 0x10,
    0x82, 0x10, 0x82, 0x10, 0xa3, 0x10, 0x83, 0x10, 0x82, 0x10, 0xa2, 0x10,
    0xa3, 0x18, 0x82, 0x10, 0xa2, 0x10, 0xa3, 0x10, 0xa3, 0x18, 0xa3, 0x18,
    0xa3, 0x10, 0xa3, 0x10, 0xa2, 0x10, 0xa3, 0x10, 0xa2, 0x10, 0xa3, 0x10,
    0xa2, 0x10, 0xa2, 0x10, 0xa3, 0x18, 0xa2, 0x10, 0xa3, 0x10, 0xc3, 0x18,
    0xc3, 0x18, 0xc3, 0x18, 0xc3, 0x10, 0xc3, 0x18, 0xc3, 0x18, 0xc3, 0x18,
    0xc3, 0x18, 0xc3, 0x18, 0xc3, 0x18, 0xc3, 0x18, 0xc3, 0x18, 0xc3, 0x18,
    0x96, 0xb5, 0x96, 0xb5, 0x96, 0xb5, 0x96, 0xb5, 0x96, 0xb5, 0x76, 0xb5,
    0x76, 0xb5, 0x55, 0xad, 0x35, 0xad, 0xf4, 0xa4, 0xb3, 0x9c, 0x72, 0x94,
    0x31, 0x84, 0xaf, 0x7b, 0x2d, 0x63, 0x49, 0x4a, 0xa6, 0x31, 0x04, 0x21,
    0xa3, 0x18, 0xa2, 0x10, 0x82, 0x10, 0xa3, 0x18, 0xa3, 0x10, 0xa2, 0x10,
    0x82, 0x10, 0xa3, 0x10, 0xa2, 0x10, 0x83, 0x10, 0xa2, 0x10, 0xa2, 0x10,
    0x82, 0x18, 0x82, 0x18, 0x83, 0x10, 0xa2, 0x10, 0x82, 0x10, 0x82, 0x10,
    0xa2, 0x10, 0x82, 0x10, 0x82, 0x10, 0x83, 0x18, 0x82, 0x10, 0x82, 0x10,
    0x82, 0x10, 0x82, 0x10, 0x82, 0x10, 0x82, 0x10, 0x82, 0x10, 0x82, 0x10,
    0x83, 0x10, 0x82, 0x10, 0x82, 0x10, 0x82, 0x10, 0x82, 0x10, 0x82, 0x10,
    0x82, 0x08, 0x62, 0x10, 0x62, 0x08, 0x82, 0x10, 0x82, 0x10, 0x82, 0x10,
    0x82, 0x08, 0x62, 0x10, 0x82, 0x10, 0x62, 0x08, 0x62, 0x10, 0x61, 0x10,
    0x62, 0x10, 0x61, 0x10, 0x62, 0x10, 0x82, 0x10, 0x62, 0x08, 0x82, 0x10,
    0x61, 0x08, 0x82, 0x10, 0x62, 0x10, 0x62, 0x10, 0x62, 0x10, 0x81, 0x08,
    0x62, 0x08, 0x62, 0x08, 0x81, 0x10, 0x62, 0x08, 0x62, 0x08, 0x62, 0x08,
    0x62, 0x10, 0x61, 0x08, 0x62, 0x10, 0x61, 0x10, 0x62, 0x08, 0x62, 0x10,
    0x62, 0x08, 0x62, 0x08, 0x61, 0x10, 0x62, 0x10, 0x62, 0x10, 0x61, 0x08,
    0x61, 0x10, 0x62, 0x08, 0x61, 0x10, 0x61, 0x08, 0x62, 0x10, 0x62, 0x08,
    0x62, 0x10, 0x62, 0x10, 0x62, 0x08, 0x62, 0x08, 0x61, 0x10, 0x62, 0x08,
    0x62, 0x10, 0x62, 0x08, 0x61, 0x08, 0x62, 0x08, 0x62, 0x10, 0x62, 0x08,
    0x61, 0x10, 0x62, 0x08, 0x62, 0x10, 0x62, 0x10, 0x81, 0x08, 0x62, 0x10,
    0x62, 0x10, 0x62, 0x08, 0x62, 0x08, 0x82, 0x10, 0x62, 0x10, 0x82, 0x08,
    0x82, 0x10, 0x62, 0x10, 0x82, 0x10, 0x82, 0x10, 0x82, 0x10, 0x82, 0x10,
    0x82, 0x08, 0x82, 0x08, 0x82, 0x10, 0x62, 0x10, 0x82, 0x10, 0x82, 0x10,
    0x82, 0x10, 0x82, 0x10, 0x83, 0x10, 0xa3, 0x10, 0x82, 0x10, 0x82, 0x10,
    0xa3, 0x10, 0x82, 0x10, 0x82, 0x10, 0xa2, 0x10, 0xa3, 0x10, 0xa3, 0x18,
    0xa2, 0x10, 0xa3, 0x10, 0xa3, 0x10, 0xa3, 0x18, 0xa2, 0x10, 0xa3, 0x10,
    0xa2, 0x10, 0xa3, 0x18, 0xa3, 0x18, 0xa3, 0x18, 0xa3, 0x18, 0xc2, 0x18,
    0xa3, 0x18, 0xa3, 0x10, 0xc3, 0x18, 0xc3, 0x18, 0xa3, 0x18, 0xa3, 0x18,
    0xc3, 0x10, 0xc3, 0x18, 0xa3, 0x18, 0xc3, 0x18, 0xc3, 0x18, 0xc3, 0x18,
    0xc3, 0x18, 0xc3, 0x18, 0xc3, 0x18, 0xc3, 0x18, 0xe4, 0x18, 0xc3, 0x18,
    0x96, 0xb5, 0x76, 0xb5, 0x96, 0xb5, 0x76, 0xb5, 0x76, 0xb5, 0x76, 0xb5,
    0x55, 0xad, 0x35, 0xad, 0x14, 0xa5, 0xd4, 0x9c, 0xb3, 0x94, 0x72, 0x8c,
    0x10, 0x84, 0xaf, 0x73, 0x0d, 0x63, 0x29, 0x4a, 0x86, 0x31, 0x25, 0x21,
    0xa3, 0x10, 0xa2, 0x10, 0x83, 0x10, 0xa2, 0x10, 0xa2, 0x18, 0x83, 0x10,
    0xa2, 0x10, 0xa3, 0x18, 0x82, 0x18, 0xa2, 0x10, 0xa3, 0x10, 0x82, 0x18,
    0xa3, 0x10, 0xa3, 0x10, 0xa2, 0x10, 0x82, 0x10, 0xa3, 0x18, 0x82, 0x18,
    0x82, 0x10, 0x83, 0x10, 0x83, 0x10, 0xa2, 0x10, 0xa2, 0x10, 0x82, 0x10,
    0xa3, 0x10, 0x82, 0x10, 0xa2, 0x10, 0x83, 0x10, 0x82, 0x10, 0x82, 0x10,
    0x82, 0x10, 0x82, 0x10, 0x82, 0x10, 0x82, 0x10, 0x82, 0x10, 0x82, 0x10,
    0x62, 0x10, 0x82, 0x10, 0x82, 0x10, 0x82, 0x10, 0x82, 0x10, 0x62, 0x08,
    0x82, 0x10, 0x82, 0x10, 0x82, 0x08, 0x62, 0x10, 0x82, 0x08, 0x82, 0x10,
    0x82, 0x08, 0x82, 0x10, 0x81, 0x10, 0x82, 0x10, 0x62, 0x10, 0x61, 0x08,
    0x82, 0x10, 0x82, 0x10, 0x62, 0x10, 0x61, 0x10, 0x81, 0x10, 0x62, 0x10,
    0x62, 0x08, 0x81, 0x10, 0x62, 0x08, 0x61, 0x10, 0x81, 0x10, 0x62, 0x08,
    0x61, 0x10, 0x62, 0x10, 0x61, 0x10, 0x62, 0x08, 0x62, 0x08, 0x61, 0x10,
    0x61, 0x08, 0x62, 0x10, 0x62, 0x08, 0x61, 0x08, 0x61, 0x10, 0x62, 0x08,
    0x62, 0x08, 0x61, 0x10, 0x62, 0x08, 0x62, 0x10, 0x61, 0x08, 0x61, 0x08,
    0x61, 0x08, 0x61, 0x10, 0x62, 0x10, 0x61, 0x08, 0x61, 0x08, 0x62, 0x10,
    0x61, 0x08, 0x61, 0x08, 0x62, 0x10, 0x61, 0x10, 0x82, 0x08, 0x82, 0x10,
    0x62, 0x10, 0x82, 0x10, 0x82, 0x08, 0x61, 0x08, 0x62, 0x10, 0x62, 0x10,
    0x81, 0x08, 0x82, 0x10, 0x82, 0x10, 0x62, 0x10, 0x82, 0x10, 0x62, 0x10,
    0x61, 0x08, 0x82, 0x08, 0x82, 0x10, 0x62, 0x08, 0x82, 0x08, 0x82, 0x10,
    0x82, 0x10, 0x82, 0x10, 0x82, 0x10, 0x82, 0x10, 0x82, 0x10, 0x82, 0x10,
    0x83, 0x10, 0x82, 0x10, 0x82, 0x10, 0x82, 0x10, 0xa3, 0x10, 0xa2, 0x10,
    0x82, 0x10, 0xa3, 0x18, 0xa3, 0x10, 0xa2, 0x10, 0xa2, 0x18, 0xa3, 0x10,
    0xa3, 0x10, 0xa3, 0x10, 0xa2, 0x18, 0xa3, 0x10, 0xc3, 0x10, 0xa2, 0x18,
    0xa3, 0x18, 0xc2, 0x10, 0xa3, 0x18, 0xa2, 0x10, 0xa3, 0x10, 0xa3, 0x10,
    0xc2, 0x10, 0xa3, 0x18, 0xa3, 0x18, 0xc3, 0x10, 0xc3, 0x10, 0xa3, 0x18,
    0xc3, 0x18, 0xc3, 0x10, 0xc3, 0x18, 0xc3, 0x18, 0xc3, 0x18, 0xc3, 0x18,
    0xe4, 0x18, 0xc4, 0x18, 0xe4, 0x18, 0xe4, 0x18, 0xe3, 0x18, 0xc3, 0x18,
    0x76, 0xb5, 0x76, 0xb5, 0x56, 0xb5, 0x55, 0xb5, 0x76, 0xad, 0x55, 0xad,
    0x35, 0xad, 0x14, 0xa5, 0xd3, 0x9c, 0x92, 0x9c, 0x51, 0x8c, 0xf0, 0x7b,
    0x6e, 0x6b, 0xcb, 0x5a, 0x08, 0x42, 0x66, 0x31, 0x04, 0x21, 0xa3, 0x10,
    0x82, 0x10, 0x82, 0x10, 0xa2, 0x10, 0xa3, 0x10, 0x82, 0x10, 0xa3, 0x18,
    0xa3, 0x18, 0x82, 0x10, 0xa3, 0x18, 0xa3, 0x10, 0xa2, 0x18, 0xa3, 0x10,
    0xa2, 0x10, 0x83, 0x10, 0x82, 0x18, 0xa3, 0x10, 0xa3, 0x10, 0xa2, 0x10,
    0xa3, 0x10, 0x82, 0x10, 0x82, 0x10, 0x82, 0x10, 0x82, 0x10, 0x83, 0x10,
    0x82, 0x10, 0x82, 0x10, 0x82, 0x10, 0x82, 0x10, 0x82, 0x10, 0x82, 0x10,
    0x82, 0x10, 0x82, 0x10, 0x82, 0x10, 0x82, 0x10, 0x82, 0x10, 0x62, 0x10,
    0x82, 0x08, 0x82, 0x10, 0x82, 0x10, 0x82, 0x10, 0x62, 0x08, 0x82, 0x10,
    0x82, 0x10, 0x62, 0x10, 0x62, 0x10, 0x82, 0x10, 0x82, 0x10, 0x82, 0x08,
    0x62, 0x10, 0x62, 0x08, 0x82, 0x08, 0x62, 0x08, 0x61, 0x08, 0x62, 0x10,
    0x62, 0x10, 0x62, 0x08, 0x61, 0x08, 0x62, 0x08, 0x82, 0x08, 0x62, 0x08,
    0x61, 0x10, 0x62, 0x10, 0x62, 0x08, 0x62, 0x08, 0x81, 0x10, 0x62, 0x10,
    0x62, 0x08, 0x61, 0x08, 0x62, 0x08, 0x62, 0x10, 0x61, 0x10, 0x62, 0x08,
    0x62, 0x10, 0x61, 0x10, 0x62, 0x10, 0x62, 0x08, 0x61, 0x08, 0x62, 0x10,
    0x62, 0x08, 0x62, 0x10, 0x62, 0x10, 0x62, 0x08, 0x61, 0x10, 0x62, 0x10,
    0x62, 0x10, 0x62, 0x08, 0x61, 0x08, 0x62, 0x10, 0x62, 0x10, 0x61, 0x10,
    0x62, 0x08, 0x62, 0x10, 0x82, 0x08, 0x62, 0x10, 0x61, 0x08, 0x62, 0x08,
    0x61, 0x10, 0x62, 0x08, 0x61, 0x10, 0x62, 0x10, 0x62, 0x10, 0x62, 0x08,
    0x81, 0x08, 0x82, 0x10, 0x62, 0x10, 0x62, 0x08, 0x82, 0x08, 0x82, 0x08,
    0x82, 0x10, 0x62, 0x10, 0x62, 0x10, 0x82, 0x10, 0x82, 0x10, 0x82, 0x10,
    0x62, 0x10, 0x82, 0x10, 0x82, 0x10, 0x82, 0x10, 0x82, 0x10, 0x82, 0x10,
    0x82, 0x10, 0x82, 0x10, 0xa2, 0x10, 0x82, 0x10, 0xa2, 0x10, 0x82, 0x10,
    0xa3, 0x10, 0xa2, 0x10, 0xa2, 0x10, 0xa3, 0x18, 0xa3, 0x10, 0xa2, 0x10,
    0xa2, 0x18, 0xa3, 0x18, 0xa3, 0x18, 0xa2, 0x10, 0xa3, 0x18, 0xa3, 0x18,
    0xa3, 0x10, 0xa3, 0x10, 0xa3, 0x18, 0xc3, 0x10, 0xc3, 0x18, 0xa3, 0x18,
    0xc3, 0x10, 0xa3, 0x18, 0xc3, 0x18, 0xc3, 0x10, 0xc3, 0x18, 0xc3, 0x18,
    0xc3, 0x18, 0xc3, 0x18, 0xc3, 0x18, 0xc3, 0x18, 0xc3, 0x18, 0xe4, 0x18,
    0xc3, 0x18, 0xc3, 0x18, 0xe3, 0x18, 0xe3, 0x18, 0xc3, 0x18, 0xe3, 0x18,
    0x55, 0xad, 0x55, 0xad, 0x55, 0xad, 0x55, 0xad, 0x35, 0xad, 0xf4, 0xa4,
    0xd3, 0x9c, 0x92, 0x94, 0x31, 0x8c, 0xcf, 0x83, 0x6e, 0x73, 0xcb, 0x62,
    0x28, 0x4a, 0x45, 0x29, 0xc3, 0x18, 0x82, 0x10, 0x82, 0x10, 0x62, 0x10,
    0x82, 0x10, 0x82, 0x10, 0x82, 0x10, 0x82, 0x10, 0xa3, 0x10, 0xa2, 0x10,
    0xa2, 0x10, 0xa3, 0x10, 0xa2, 0x10, 0xa2, 0x10, 0x83, 0x10, 0xa2, 0x10,
    0x82, 0x10, 0x82, 0x10, 0xa2, 0x10, 0x82, 0x10, 0x82, 0x10, 0x82, 0x10,
    0x82, 0x10, 0xa2, 0x10, 0x82, 0x10, 0x82, 0x10, 0x82, 0x10, 0x82, 0x10,
    0x82, 0x10, 0x82, 0x10, 0x82, 0x10, 0x82, 0x10, 0x82, 0x10, 0x82, 0x10,
    0x82, 0x10, 0x82, 0x10, 0x82, 0x10, 0x82, 0x10, 0x82, 0x10, 0x82, 0x10,
    0x82, 0x10, 0x82, 0x10, 0x62, 0x10, 0x82, 0x10, 0x82, 0x10, 0x82, 0x10,
    0x62, 0x10, 0x62, 0x10, 0x82, 0x08, 0x62, 0x10, 0x62, 0x10, 0x62, 0x10,
    0x62, 0x10, 0x82, 0x10, 0x62, 0x10, 0x62, 0x10, 0x82, 0x10, 0x62, 0x10,
    0x82, 0x08, 0x62, 0x10, 0x62, 0x10, 0x62, 0x10, 0x62, 0x10, 0x62, 0x10,
    0x62, 0x10, 0x62, 0x08, 0x62, 0x10, 0x62, 0x10, 0x62, 0x08, 0x62, 0x08,
    0x61, 0x10, 0x62, 0x08, 0x62, 0x10, 0x62, 0x08, 0x62, 0x08, 0x61, 0x10,
    0x62, 0x08, 0x62, 0x08, 0x61, 0x08, 0x62, 0x10, 0x62, 0x10, 0x62, 0x08,
    0x61, 0x08, 0x61, 0x10, 0x62, 0x08, 0x61, 0x08, 0x62, 0x10, 0x62, 0x08,
    0x62, 0x08, 0x61, 0x10, 0x62, 0x08, 0x62, 0x10, 0x62, 0x08, 0x62, 0x08,
    0x62, 0x10, 0x62, 0x10, 0x62, 0x10, 0x62, 0x08, 0x62, 0x10, 0x62, 0x10,
    0x62, 0x10, 0x62, 0x08, 0x62, 0x10, 0x82, 0x10, 0x62, 0x08, 0x62, 0x10,
    0x82, 0x10, 0x62, 0x10, 0x62, 0x08, 0x82, 0x10, 0x62, 0x10, 0x62, 0x10,
    0x62, 0x10, 0x82, 0x10, 0x82, 0x10, 0x82, 0x10, 0x82, 0x10, 0x82, 0x10,
    0x82, 0x10, 0x82, 0x10, 0x82, 0x10, 0x82, 0x10, 0x82, 0x10, 0x82, 0x10,
    0xa2, 0x10, 0x82, 0x10, 0xa3, 0x10, 0xa3, 0x10, 0x82, 0x10, 0xa3, 0x10,
    0xa3, 0x10, 0xa2, 0x10, 0xa3, 0x10, 0xa3, 0x18, 0xa3, 0x10, 0xa3, 0x10,
    0xa3, 0x18, 0xa3, 0x10, 0xa3, 0x10, 0xa3, 0x18, 0xa3, 0x10, 0xa3, 0x10,
    0xc3, 0x18, 0xa3, 0x18, 0xa3, 0x10, 0xc3, 0x18, 0xa3, 0x18, 0xc3, 0x18,
    0xc3, 0x18, 0xc3, 0x18, 0xc3, 0x18, 0xc3, 0x18, 0xc3, 0x18, 0xc3, 0x18,
    0xc3, 0x18, 0xc3, 0x18, 0xc3, 0x18, 0xc3, 0x18, 0xc3, 0x18, 0xe4, 0x18,
    0xe3, 0x18, 0xe3, 0x18, 0xc4, 0x18, 0xc3, 0x18, 0xe4, 0x18, 0xe4, 0x18
};
