// 4.24.2 0xe8777da0 D2 R1 FRGB565 U565 N0 SExtFlashSection
// Generated by imageconverter. Please, do not edit!

#include <touchgfx/hal/Config.hpp>

LOCATION_PRAGMA("ExtFlashSection")
KEEP extern const unsigned char image_loading03003[] LOCATION_ATTRIBUTE("ExtFlashSection") = { // 320x180 RGB565 pixels.
    0x35, 0xa5, 0x35, 0xad, 0x35, 0xad, 0x14, 0xad, 0x14, 0xad, 0x14, 0xad,
    0x55, 0xad, 0x96, 0xb5, 0xb7, 0xb5, 0xb7, 0xb5, 0xb7, 0xb5, 0xb7, 0xb5,
    0x96, 0xb5, 0x97, 0xb5, 0x97, 0xb5, 0x96, 0xb5, 0x76, 0xad, 0x56, 0xad,
    0x35, 0xa5, 0xf4, 0x9c, 0xd4, 0x9c, 0xb3, 0x94, 0x72, 0x94, 0x51, 0x8c,
    0x10, 0x84, 0xaf, 0x73, 0x4e, 0x6b, 0x4d, 0x6b, 0x2d, 0x63, 0x2d, 0x63,
    0x2d, 0x63, 0x2d, 0x6b, 0x2d, 0x63, 0x2d, 0x63, 0x4e, 0x6b, 0x4d, 0x6b,
    0x2d, 0x63, 0x4d, 0x63, 0x2d, 0x6b, 0x2d, 0x6b, 0x2d, 0x63, 0x4d, 0x6b,
    0x4e, 0x6b, 0x4e, 0x63, 0x4d, 0x6b, 0x2d, 0x6b, 0x4e, 0x63, 0x4e, 0x63,
    0x4e, 0x6b, 0x4d, 0x6b, 0x4e, 0x6b, 0x2d, 0x6b, 0x4e, 0x6b, 0x4d, 0x6b,
    0x4e, 0x6b, 0x4e, 0x6b, 0x4d, 0x63, 0x4d, 0x6b, 0x4d, 0x6b, 0x2d, 0x6b,
    0x2d, 0x6b, 0x2d, 0x63, 0x2d, 0x6b, 0x2d, 0x6b, 0x2c, 0x63, 0x2d, 0x6b,
    0x2d, 0x63, 0x2d, 0x63, 0x2d, 0x6b, 0x2d, 0x63, 0x0d, 0x63, 0x2d, 0x63,
    0x0c, 0x63, 0x0c, 0x63, 0x0d, 0x63, 0x2d, 0x63, 0x8e, 0x73, 0xcf, 0x7b,
    0x11, 0x84, 0x52, 0x8c, 0x92, 0x8c, 0xb3, 0x94, 0xb3, 0x9c, 0xd3, 0x9c,
    0xf4, 0x9c, 0x14, 0xa5, 0x15, 0xa5, 0x14, 0xa5, 0x35, 0xa5, 0x35, 0xa5,
    0x35, 0xad, 0x35, 0xa5, 0x56, 0xad, 0x56, 0xad, 0x55, 0xad, 0x56, 0xad,
    0x56, 0xad, 0x55, 0xad, 0x55, 0xa5, 0x56, 0xad, 0x55, 0xa5, 0x35, 0xa5,
    0x35, 0xa5, 0x35, 0xa5, 0x15, 0xa5, 0x35, 0xa5, 0x15, 0x9d, 0x15, 0x9d,
    0xf4, 0x9c, 0xf5, 0x9c, 0x15, 0x9d, 0x35, 0xa5, 0x55, 0xad, 0x76, 0xad,
    0x56, 0xad, 0x55, 0xad, 0x35, 0xa5, 0x14, 0xa5, 0x14, 0xa5, 0xf4, 0xa4,
    0x14, 0x9d, 0x15, 0xa5, 0x14, 0xa5, 0x14, 0xa5, 0xf4, 0xa4, 0x14, 0xa5,
    0x35, 0xa5, 0x35, 0xa5, 0xf4, 0xa4, 0xf4, 0x9c, 0xf4, 0xa4, 0x35, 0xad,
    0x35, 0xa5, 0x35, 0xad, 0x35, 0xa5, 0x14, 0xa5, 0x35, 0xa5, 0x35, 0xa5,
    0x15, 0xa5, 0x35, 0xa5, 0x35, 0xa5, 0x35, 0xa5, 0x35, 0xad, 0x35, 0xa5,
    0x35, 0xad, 0x35, 0xa5, 0x14, 0xa5, 0xd3, 0x9c, 0xd3, 0x9c, 0xd3, 0x9c,
    0xb3, 0x9c, 0x93, 0x94, 0xd3, 0x9c, 0x14, 0xa5, 0xd3, 0x9c, 0xb3, 0x94,
    0xb3, 0x9c, 0xf4, 0xa4, 0xf4, 0xa4, 0xf4, 0x9c, 0xf3, 0x9c, 0xb3, 0x9c,
    0x92, 0x94, 0x92, 0x94, 0x72, 0x94, 0x72, 0x94, 0x72, 0x94, 0x72, 0x94,
    0x51, 0x8c, 0x51, 0x8c, 0x31, 0x8c, 0x31, 0x8c, 0x11, 0x84, 0x11, 0x84,
    0x10, 0x84, 0xf0, 0x83, 0xf0, 0x83, 0xf0, 0x7b, 0xf0, 0x7b, 0xf0, 0x83,
    0x14, 0xa5, 0x35, 0xa5, 0x35, 0xa5, 0x34, 0xa5, 0x14, 0xad, 0x34, 0xad,
    0x34, 0xad, 0x76, 0xad, 0x97, 0xb5, 0xb7, 0xb5, 0xb7, 0xb5, 0xb7, 0xb5,
    0x97, 0xb5, 0x96, 0xb5, 0x96, 0xad, 0x96, 0xad, 0x56, 0xad, 0x35, 0xa5,
    0x15, 0xa5, 0xf4, 0x9c, 0xb3, 0x94, 0x72, 0x8c, 0x31, 0x84, 0x11, 0x84,
    0xd0, 0x7b, 0x6e, 0x6b, 0x2d, 0x6b, 0x2d, 0x6b, 0x2d, 0x63, 0x2d, 0x63,
    0x2d, 0x63, 0x2d, 0x6b, 0x2d, 0x63, 0x4d, 0x6b, 0x2d, 0x6b, 0x2d, 0x63,
    0x2d, 0x63, 0x2e, 0x6b, 0x4d, 0x6b, 0x2d, 0x63, 0x4e, 0x63, 0x4d, 0x6b,
    0x4d, 0x6b, 0x2d, 0x6b, 0x4e, 0x63, 0x4d, 0x63, 0x4d, 0x6b, 0x4d, 0x6b,
    0x4d, 0x6b, 0x2e, 0x63, 0x4d, 0x63, 0x4e, 0x63, 0x4d, 0x6b, 0x4d, 0x63,
    0x4d, 0x63, 0x4d, 0x6b, 0x4e, 0x6b, 0x4d, 0x6b, 0x4e, 0x63, 0x4d, 0x6b,
    0x4d, 0x6b, 0x2d, 0x63, 0x2d, 0x63, 0x2d, 0x63, 0x2d, 0x63, 0x2d, 0x63,
    0x2d, 0x6b, 0x2d, 0x6b, 0x2d, 0x63, 0x2d, 0x63, 0x2d, 0x63, 0x2d, 0x63,
    0x0d, 0x63, 0x0c, 0x63, 0x2d, 0x63, 0x6e, 0x6b, 0xcf, 0x7b, 0x11, 0x84,
    0x51, 0x8c, 0x92, 0x94, 0xb3, 0x94, 0xd3, 0x9c, 0xf4, 0x9c, 0xf4, 0xa4,
    0x15, 0xa5, 0x35, 0xa5, 0x35, 0xa5, 0x35, 0xa5, 0x35, 0xa5, 0x35, 0xad,
    0x35, 0xad, 0x55, 0xad, 0x56, 0xad, 0x56, 0xad, 0x55, 0xad, 0x56, 0xa5,
    0x56, 0xa5, 0x55, 0xa5, 0x56, 0xad, 0x35, 0xa5, 0x35, 0xa5, 0x35, 0xa5,
    0x35, 0xa5, 0x15, 0x9d, 0x15, 0x9d, 0x14, 0x9d, 0x15, 0x9d, 0x14, 0x9d,
    0xf4, 0x9c, 0xf4, 0x9c, 0x15, 0x9d, 0x35, 0xa5, 0x55, 0xad, 0x76, 0xad,
    0x76, 0xad, 0x55, 0xad, 0x35, 0xa5, 0x15, 0xa5, 0x14, 0xa5, 0x14, 0xa5,
    0x14, 0xa5, 0x15, 0x9d, 0xf4, 0xa4, 0x14, 0xa5, 0x15, 0xa5, 0xf5, 0xa4,
    0x15, 0xa5, 0x35, 0xa5, 0x14, 0xa5, 0xf4, 0x9c, 0xf4, 0xa4, 0x35, 0xa5,
    0x35, 0xa5, 0x35, 0xa5, 0x35, 0xa5, 0x35, 0xa5, 0x14, 0xa5, 0x15, 0xa5,
    0x34, 0xad, 0x15, 0xa5, 0x15, 0xa5, 0x34, 0xa5, 0x35, 0xa5, 0x35, 0xa5,
    0x35, 0xad, 0x55, 0xad, 0x35, 0xa5, 0xb3, 0x9c, 0x93, 0x94, 0xb3, 0x94,
    0xb3, 0x9c, 0xb3, 0x94, 0x92, 0x94, 0xb3, 0x9c, 0xd3, 0x9c, 0x93, 0x94,
    0xb3, 0x94, 0xf4, 0xa4, 0xf4, 0xa4, 0xf4, 0x9c, 0xd4, 0x9c, 0xb3, 0x9c,
    0x92, 0x94, 0x72, 0x94, 0x72, 0x94, 0x71, 0x94, 0x51, 0x8c, 0x51, 0x8c,
    0x31, 0x8c, 0x31, 0x8c, 0x31, 0x8c, 0x11, 0x84, 0x10, 0x84, 0x10, 0x84,
    0x10, 0x84, 0xf0, 0x7b, 0xf0, 0x7b, 0xd0, 0x7b, 0xd0, 0x7b, 0xf0, 0x7b,
    0x15, 0xa5, 0xf4, 0x9c, 0x15, 0xa5, 0x35, 0xa5, 0x35, 0xa5, 0x34, 0xad,
    0x55, 0xad, 0x55, 0xad, 0x96, 0xb5, 0x97, 0xb5, 0xb7, 0xb5, 0xb7, 0xb5,
    0xb7, 0xb5, 0x97, 0xb5, 0x96, 0xb5, 0x76, 0xad, 0x56, 0xa5, 0x15, 0xa5,
    0xf4, 0x9c, 0xd3, 0x94, 0x92, 0x8c, 0x52, 0x8c, 0x11, 0x84, 0xf0, 0x7b,
    0x8e, 0x73, 0x2d, 0x6b, 0x2d, 0x63, 0x4d, 0x63, 0x2d, 0x63, 0x2d, 0x6b,
    0x2d, 0x6b, 0x2d, 0x63, 0x2d, 0x6b, 0x2d, 0x6b, 0x2d, 0x63, 0x2e, 0x63,
    0x4d, 0x6b, 0x2d, 0x6b, 0x4d, 0x63, 0x4d, 0x63, 0x4e, 0x6b, 0x4e, 0x6b,
    0x2d, 0x63, 0x4d, 0x63, 0x4d, 0x6b, 0x4e, 0x6b, 0x2e, 0x6b, 0x4e, 0x6b,
    0x4d, 0x63, 0x4d, 0x63, 0x4e, 0x6b, 0x4d, 0x6b, 0x4e, 0x63, 0x4e, 0x6b,
    0x4e, 0x6b, 0x4d, 0x6b, 0x4e, 0x6b, 0x4e, 0x6b, 0x4d, 0x6b, 0x4d, 0x63,
    0x4d, 0x6b, 0x4d, 0x6b, 0x2d, 0x6b, 0x2d, 0x6b, 0x2d, 0x6b, 0x0c, 0x6b,
    0x0c, 0x63, 0x2d, 0x63, 0x0d, 0x63, 0x2d, 0x6b, 0x2d, 0x63, 0x2d, 0x6b,
    0x2d, 0x6b, 0x2d, 0x63, 0x6e, 0x6b, 0xaf, 0x7b, 0x11, 0x84, 0x52, 0x8c,
    0x92, 0x94, 0xb3, 0x94, 0xd4, 0x9c, 0xf4, 0x9c, 0x14, 0xa5, 0x35, 0xa5,
    0x35, 0xa5, 0x35, 0xa5, 0x35, 0xa5, 0x35, 0xad, 0x55, 0xad, 0x55, 0xa5,
    0x55, 0xa5, 0x55, 0xad, 0x56, 0xa5, 0x55, 0xad, 0x56, 0xad, 0x56, 0xad,
    0x55, 0xad, 0x55, 0xad, 0x56, 0xa5, 0x35, 0xa5, 0x35, 0xa5, 0x35, 0xa5,
    0x15, 0xa5, 0xf5, 0x9c, 0x14, 0x9d, 0xf4, 0x9c, 0xf4, 0x9c, 0xf4, 0x9c,
    0xf4, 0x9c, 0xf4, 0x9c, 0xf5, 0x9c, 0x15, 0xa5, 0x35, 0xa5, 0x76, 0xad,
    0x76, 0xad, 0x55, 0xad, 0x35, 0xad, 0x35, 0xa5, 0x14, 0xa5, 0xf4, 0xa4,
    0x15, 0xa5, 0x14, 0xa5, 0xf4, 0xa4, 0x15, 0xa5, 0x15, 0xa5, 0x14, 0xa5,
    0x14, 0xa5, 0x35, 0xa5, 0x35, 0xa5, 0xf4, 0xa4, 0xf4, 0x9c, 0x14, 0xa5,
    0x35, 0xad, 0x35, 0xad, 0x35, 0xa5, 0x35, 0xa5, 0x15, 0xad, 0x14, 0xa5,
    0x15, 0xa5, 0x35, 0xa5, 0x34, 0xad, 0x35, 0xad, 0x35, 0xa5, 0x35, 0xad,
    0x35, 0xad, 0x55, 0xad, 0x35, 0xad, 0xf4, 0xa4, 0xb3, 0x94, 0x92, 0x94,
    0x93, 0x94, 0xb3, 0x9c, 0x92, 0x94, 0x52, 0x8c, 0x93, 0x94, 0xb3, 0x94,
    0x92, 0x94, 0xd3, 0x9c, 0xf4, 0x9c, 0xd4, 0x9c, 0xd3, 0x9c, 0xb3, 0x9c,
    0x92, 0x94, 0x72, 0x94, 0x52, 0x8c, 0x51, 0x8c, 0x51, 0x8c, 0x31, 0x8c,
    0x11, 0x84, 0x10, 0x84, 0x10, 0x84, 0x10, 0x84, 0xf0, 0x83, 0xf0, 0x83,
    0xf0, 0x83, 0xf0, 0x7b, 0xcf, 0x7b, 0xcf, 0x7b, 0xd0, 0x7b, 0xd0, 0x7b,
    0x55, 0xa5, 0x14, 0xa5, 0xf4, 0x9c, 0x14, 0xa5, 0x15, 0xa5, 0x35, 0xad,
    0x55, 0xad, 0x76, 0xad, 0x76, 0xb5, 0x96, 0xb5, 0x96, 0xb5, 0x97, 0xb5,
    0xb7, 0xb5, 0xb7, 0xb5, 0x96, 0xb5, 0x56, 0xad, 0x35, 0xa5, 0x14, 0x9d,
    0xd3, 0x94, 0x93, 0x94, 0x72, 0x8c, 0x31, 0x84, 0xf0, 0x7b, 0x8f, 0x73,
    0x4d, 0x6b, 0x2d, 0x63, 0x2d, 0x63, 0x2d, 0x6b, 0x2d, 0x63, 0x2d, 0x63,
    0x2d, 0x6b, 0x2d, 0x63, 0x2d, 0x63, 0x2d, 0x63, 0x2d, 0x63, 0x2d, 0x6b,
    0x2d, 0x6b, 0x2d, 0x63, 0x4d, 0x6b, 0x2e, 0x6b, 0x2d, 0x6b, 0x4d, 0x6b,
    0x4e, 0x63, 0x4e, 0x6b, 0x4d, 0x6b, 0x2e, 0x6b, 0x4e, 0x63, 0x4d, 0x63,
    0x4e, 0x6b, 0x4e, 0x6b, 0x4e, 0x63, 0x2d, 0x6b, 0x4d, 0x6b, 0x4e, 0x63,
    0x4e, 0x6b, 0x4e, 0x6b, 0x4e, 0x63, 0x4d, 0x6b, 0x4e, 0x63, 0x4e, 0x6b,
    0x4e, 0x6b, 0x4d, 0x6b, 0x4d, 0x6b, 0x2d, 0x63, 0x2d, 0x63, 0x0c, 0x63,
    0x2c, 0x63, 0x0d, 0x63, 0x2d, 0x63, 0x2d, 0x63, 0x0c, 0x63, 0x2d, 0x63,
    0x2d, 0x63, 0x4e, 0x6b, 0xaf, 0x73, 0x10, 0x84, 0x32, 0x8c, 0x72, 0x8c,
    0xb3, 0x94, 0xd3, 0x9c, 0xf4, 0x9c, 0x14, 0xa5, 0x35, 0xa5, 0x35, 0xad,
    0x55, 0xad, 0x35, 0xa5, 0x35, 0xa5, 0x55, 0xad, 0x35, 0xad, 0x55, 0xad,
    0x56, 0xad, 0x56, 0xad, 0x56, 0xad, 0x55, 0xa5, 0x55, 0xad, 0x55, 0xa5,
    0x35, 0xa5, 0x35, 0xa5, 0x35, 0xa5, 0x35, 0xa5, 0x15, 0xa5, 0x14, 0x9d,
    0xf4, 0x9c, 0xf4, 0x9c, 0xf4, 0x9c, 0xf4, 0x9c, 0xf4, 0x9c, 0xf4, 0x9c,
    0xf4, 0x9c, 0xf4, 0x94, 0xf4, 0x9c, 0x35, 0xa5, 0x35, 0xa5, 0x56, 0xad,
    0x76, 0xad, 0x56, 0xad, 0x55, 0xad, 0x35, 0xa5, 0x14, 0xa5, 0xf4, 0xa4,
    0x15, 0x9d, 0x14, 0xa5, 0x14, 0xa5, 0x14, 0xa5, 0xf4, 0xa4, 0x14, 0x9d,
    0x15, 0xa5, 0x15, 0xa5, 0x35, 0xa5, 0x14, 0xa5, 0xf4, 0xa4, 0xf4, 0xa4,
    0x35, 0xa5, 0x35, 0xad, 0x35, 0xa5, 0x35, 0xad, 0x35, 0xa5, 0x35, 0xad,
    0x35, 0xa5, 0x35, 0xa5, 0x35, 0xa5, 0x35, 0xad, 0x35, 0xad, 0x35, 0xad,
    0x35, 0xad, 0x55, 0xa5, 0x35, 0xad, 0x55, 0xa5, 0xd4, 0x9c, 0x52, 0x8c,
    0x72, 0x8c, 0xb3, 0x94, 0x92, 0x94, 0x31, 0x8c, 0x72, 0x8c, 0x93, 0x94,
    0x92, 0x94, 0x92, 0x94, 0xb3, 0x9c, 0xd3, 0x9c, 0xb3, 0x94, 0x92, 0x94,
    0x92, 0x94, 0x52, 0x8c, 0x51, 0x8c, 0x31, 0x8c, 0x31, 0x8c, 0x11, 0x84,
    0x10, 0x84, 0x10, 0x84, 0xf0, 0x83, 0xf0, 0x83, 0xf0, 0x7b, 0xf0, 0x7b,
    0xd0, 0x7b, 0xf0, 0x7b, 0xd0, 0x7b, 0xd0, 0x7b, 0xd0, 0x7b, 0xcf, 0x7b,
    0x55, 0xad, 0x55, 0xad, 0x15, 0xa5, 0xf4, 0x9c, 0xf4, 0xa4, 0x35, 0xa5,
    0x55, 0xad, 0x76, 0xad, 0x76, 0xb5, 0x96, 0xb5, 0x96, 0xb5, 0x96, 0xb5,
    0x96, 0xb5, 0x97, 0xb5, 0x96, 0xb5, 0x56, 0xad, 0x15, 0xa5, 0xf4, 0x9c,
    0xb3, 0x94, 0x72, 0x8c, 0x52, 0x84, 0x11, 0x84, 0xcf, 0x7b, 0x6e, 0x6b,
    0x2d, 0x63, 0x2d, 0x63, 0x2d, 0x6b, 0x2d, 0x6b, 0x2e, 0x6b, 0x2d, 0x63,
    0x2d, 0x63, 0x2d, 0x63, 0x2d, 0x63, 0x2d, 0x6b, 0x2d, 0x63, 0x2d, 0x6b,
    0x2e, 0x63, 0x4d, 0x63, 0x4e, 0x63, 0x2e, 0x6b, 0x2d, 0x63, 0x4d, 0x63,
    0x4d, 0x6b, 0x4e, 0x6b, 0x4e, 0x6b, 0x4d, 0x63, 0x4d, 0x6b, 0x4d, 0x6b,
    0x4e, 0x6b, 0x4d, 0x63, 0x4d, 0x6b, 0x4e, 0x6b, 0x4e, 0x6b, 0x4e, 0x6b,
    0x4d, 0x6b, 0x4d, 0x63, 0x4e, 0x6b, 0x4e, 0x6b, 0x6d, 0x6b, 0x4d, 0x6b,
    0x4d, 0x6b, 0x4d, 0x6b, 0x4e, 0x63, 0x4d, 0x6b, 0x2d, 0x63, 0x2d, 0x63,
    0x0d, 0x63, 0x0d, 0x63, 0x0c, 0x6b, 0x2d, 0x63, 0x0d, 0x63, 0x2d, 0x63,
    0x4d, 0x6b, 0xaf, 0x73, 0xf0, 0x83, 0x51, 0x8c, 0x72, 0x8c, 0xb3, 0x94,
    0xd3, 0x9c, 0xf4, 0xa4, 0x15, 0xa5, 0x35, 0xa5, 0x55, 0xad, 0x55, 0xad,
    0x55, 0xad, 0x55, 0xad, 0x55, 0xad, 0x56, 0xad, 0x55, 0xad, 0x55, 0xad,
    0x56, 0xad, 0x55, 0xad, 0x55, 0xad, 0x56, 0xad, 0x35, 0xa5, 0x35, 0xa5,
    0x35, 0xa5, 0x35, 0xa5, 0x35, 0xa5, 0x15, 0xa5, 0x15, 0x9d, 0xf4, 0x9c,
    0xf4, 0x9c, 0xf4, 0x9c, 0xf4, 0x9c, 0xf4, 0x9c, 0xf4, 0x9c, 0xf4, 0x9c,
    0xf4, 0x9c, 0xd4, 0x9c, 0xf4, 0x9c, 0x15, 0xa5, 0x35, 0xa5, 0x55, 0xad,
    0x76, 0xad, 0x76, 0xad, 0x55, 0xad, 0x35, 0xa5, 0x15, 0xa5, 0xf4, 0xa4,
    0x14, 0xa5, 0x14, 0x9d, 0xf5, 0xa4, 0x14, 0xa5, 0x14, 0x9d, 0xf4, 0xa4,
    0xf5, 0xa4, 0x15, 0xa5, 0x35, 0xa5, 0x14, 0xa5, 0xf4, 0xa4, 0xf4, 0x9c,
    0x15, 0xa5, 0x35, 0xad, 0x35, 0xad, 0x35, 0xa5, 0x15, 0xa5, 0x14, 0xa5,
    0x35, 0xa5, 0x35, 0xad, 0x34, 0xad, 0x35, 0xa5, 0x35, 0xa5, 0x35, 0xad,
    0x55, 0xad, 0x55, 0xa5, 0x55, 0xad, 0x35, 0xad, 0x14, 0xa5, 0x72, 0x8c,
    0x51, 0x8c, 0x92, 0x94, 0x72, 0x94, 0x51, 0x8c, 0x72, 0x8c, 0x72, 0x8c,
    0x51, 0x8c, 0x52, 0x8c, 0x72, 0x94, 0xb3, 0x94, 0x92, 0x94, 0x72, 0x94,
    0x72, 0x94, 0x72, 0x8c, 0x51, 0x8c, 0x31, 0x8c, 0x10, 0x84, 0x10, 0x84,
    0x10, 0x84, 0xf0, 0x83, 0xf0, 0x7b, 0xf0, 0x7b, 0xd0, 0x7b, 0xd0, 0x7b,
    0xd0, 0x7b, 0xd0, 0x7b, 0xcf, 0x7b, 0xcf, 0x7b, 0xcf, 0x73, 0xcf, 0x7b,
    0x35, 0xad, 0x55, 0xad, 0x35, 0xa5, 0xf4, 0xa4, 0xf4, 0x9c, 0xf4, 0xa4,
    0x35, 0xa5, 0x56, 0xad, 0x76, 0xad, 0x76, 0xad, 0x76, 0xb5, 0x76, 0xad,
    0x76, 0xad, 0x76, 0xb5, 0x76, 0xad, 0x55, 0xad, 0x15, 0xa5, 0xd3, 0x94,
    0x93, 0x8c, 0x52, 0x8c, 0x11, 0x84, 0xf0, 0x7b, 0x8e, 0x73, 0x2d, 0x63,
    0x2d, 0x6b, 0x2d, 0x63, 0x2d, 0x63, 0x4d, 0x6b, 0x2d, 0x63, 0x2d, 0x6b,
    0x4d, 0x6b, 0x2d, 0x63, 0x2d, 0x6b, 0x2d, 0x63, 0x2d, 0x63, 0x4e, 0x63,
    0x4d, 0x6b, 0x4d, 0x6b, 0x2e, 0x6b, 0x4d, 0x6b, 0x4d, 0x6b, 0x4e, 0x63,
    0x4e, 0x6b, 0x4d, 0x6b, 0x4d, 0x63, 0x4e, 0x63, 0x4e, 0x6b, 0x4d, 0x6b,
    0x4d, 0x63, 0x4e, 0x6b, 0x4d, 0x6b, 0x4e, 0x63, 0x4e, 0x63, 0x4d, 0x63,
    0x4d, 0x6b, 0x4e, 0x6b, 0x4d, 0x6b, 0x4d, 0x6b, 0x4e, 0x6b, 0x4e, 0x6b,
    0x4d, 0x6b, 0x4d, 0x6b, 0x4d, 0x6b, 0x4d, 0x6b, 0x2d, 0x6b, 0x0d, 0x6b,
    0x0c, 0x63, 0x0c, 0x63, 0x2c, 0x63, 0x0c, 0x63, 0x2d, 0x63, 0x2d, 0x6b,
    0x8e, 0x73, 0xf0, 0x7b, 0x31, 0x8c, 0x72, 0x8c, 0xb3, 0x94, 0xd4, 0x9c,
    0xf4, 0x9c, 0x15, 0xa5, 0x35, 0xa5, 0x55, 0xad, 0x55, 0xad, 0x56, 0xad,
    0x55, 0xad, 0x56, 0xad, 0x56, 0xad, 0x55, 0xad, 0x56, 0xad, 0x56, 0xad,
    0x76, 0xad, 0x56, 0xad, 0x55, 0xa5, 0x55, 0xa5, 0x35, 0xa5, 0x35, 0xa5,
    0x35, 0xa5, 0x35, 0xa5, 0x15, 0xa5, 0x15, 0xa5, 0x14, 0x9d, 0xf4, 0x9c,
    0xf4, 0x9c, 0xf4, 0x9c, 0xf4, 0x94, 0xf4, 0x9c, 0xd4, 0x9c, 0xf4, 0x94,
    0xf4, 0x94, 0xf4, 0x9c, 0xf4, 0x9c, 0x15, 0x9d, 0x35, 0xa5, 0x55, 0xad,
    0x76, 0xad, 0x76, 0xad, 0x55, 0xad, 0x35, 0xad, 0x35, 0xa5, 0xf4, 0xa4,
    0x14, 0xa5, 0x14, 0xa5, 0x15, 0x9d, 0x14, 0xa5, 0x14, 0xa5, 0x15, 0xa5,
    0x14, 0xa5, 0x14, 0xa5, 0x15, 0xa5, 0x35, 0xa5, 0xf4, 0xa4, 0xf4, 0x9c,
    0x14, 0xa5, 0x35, 0xad, 0x35, 0xa5, 0x35, 0xa5, 0x15, 0xa5, 0x14, 0xa5,
    0x35, 0xad, 0x35, 0xa5, 0x35, 0xad, 0x35, 0xa5, 0x35, 0xad, 0x35, 0xa5,
    0x55, 0xa5, 0x35, 0xad, 0x35, 0xad, 0x35, 0xa5, 0x14, 0xa5, 0xd3, 0x9c,
    0x52, 0x8c, 0x52, 0x8c, 0x51, 0x8c, 0x51, 0x8c, 0x52, 0x8c, 0x31, 0x8c,
    0x31, 0x84, 0x31, 0x84, 0x72, 0x8c, 0x92, 0x94, 0x92, 0x94, 0x72, 0x8c,
    0x52, 0x8c, 0x51, 0x8c, 0x31, 0x8c, 0x11, 0x84, 0x10, 0x84, 0xf0, 0x83,
    0xf0, 0x7b, 0xd0, 0x7b, 0xcf, 0x7b, 0xd0, 0x7b, 0xcf, 0x7b, 0xcf, 0x7b,
    0xcf, 0x7b, 0xcf, 0x7b, 0xd0, 0x7b, 0xcf, 0x7b, 0xaf, 0x7b, 0xd0, 0x7b,
    0x35, 0xa5, 0x35, 0xa5, 0x35, 0xa5, 0x35, 0xa5, 0x14, 0xa5, 0xf4, 0x9c,
    0x14, 0xa5, 0x35, 0xa5, 0x55, 0xad, 0x76, 0xad, 0x76, 0xad, 0x76, 0xad,
    0x76, 0xad, 0x55, 0xad, 0x35, 0xa5, 0x35, 0xa5, 0xf4, 0xa4, 0xd3, 0x94,
    0x92, 0x94, 0x31, 0x84, 0xf0, 0x7b, 0xaf, 0x73, 0x4e, 0x6b, 0x2d, 0x63,
    0x4d, 0x63, 0x2d, 0x6b, 0x2e, 0x63, 0x2d, 0x63, 0x2d, 0x63, 0x2d, 0x63,
    0x2d, 0x6b, 0x2e, 0x6b, 0x2d, 0x63, 0x2d, 0x6b, 0x2d, 0x63, 0x2d, 0x6b,
    0x2d, 0x6b, 0x2d, 0x63, 0x4e, 0x6b, 0x4d, 0x6b, 0x4d, 0x63, 0x4e, 0x6b,
    0x4e, 0x6b, 0x4d, 0x6b, 0x4d, 0x6b, 0x4e, 0x6b, 0x4e, 0x6b, 0x4e, 0x63,
    0x4e, 0x6b, 0x4d, 0x6b, 0x4e, 0x63, 0x4e, 0x63, 0x4d, 0x6b, 0x4e, 0x6b,
    0x4e, 0x6b, 0x4e, 0x6b, 0x6e, 0x6b, 0x4e, 0x6b, 0x6e, 0x6b, 0x6e, 0x6b,
    0x4e, 0x6b, 0x4e, 0x6b, 0x4e, 0x6b, 0x4d, 0x6b, 0x2d, 0x63, 0x2d, 0x63,
    0x2c, 0x63, 0x0c, 0x63, 0x0d, 0x63, 0x0d, 0x63, 0x2d, 0x6b, 0x8e, 0x73,
    0xd0, 0x7b, 0x31, 0x84, 0x72, 0x8c, 0xb3, 0x94, 0xd4, 0x9c, 0xf4, 0x9c,
    0x14, 0xa5, 0x35, 0xa5, 0x55, 0xad, 0x56, 0xad, 0x56, 0xad, 0x55, 0xad,
    0x56, 0xad, 0x56, 0xad, 0x75, 0xad, 0x55, 0xad, 0x56, 0xad, 0x56, 0xad,
    0x55, 0xad, 0x55, 0xad, 0x56, 0xad, 0x55, 0xa5, 0x35, 0xa5, 0x35, 0xa5,
    0x35, 0xa5, 0x35, 0xa5, 0x15, 0xa5, 0xf4, 0x9c, 0xf4, 0x9c, 0xf4, 0x9c,
    0xd4, 0x9c, 0xf4, 0x9c, 0xd4, 0x94, 0xd4, 0x94, 0xf4, 0x9c, 0xf4, 0x9c,
    0xd4, 0x9c, 0xf4, 0x9c, 0xf4, 0x9c, 0x14, 0x9d, 0x35, 0xa5, 0x55, 0xad,
    0x56, 0xad, 0x76, 0xad, 0x56, 0xad, 0x55, 0xad, 0x35, 0xa5, 0x15, 0xa5,
    0xf4, 0xa4, 0xf4, 0xa4, 0x14, 0xa5, 0x15, 0x9d, 0xf4, 0xa4, 0x14, 0xa5,
    0x14, 0x9d, 0x14, 0xa5, 0x15, 0xa5, 0x35, 0xa5, 0x14, 0xa5, 0xf4, 0x9c,
    0xf4, 0xa4, 0x35, 0xa5, 0x35, 0xa5, 0x35, 0xad, 0x35, 0xa5, 0x35, 0xad,
    0x35, 0xa5, 0x35, 0xad, 0x35, 0xa5, 0x35, 0xad, 0x35, 0xad, 0x55, 0xad,
    0x35, 0xad, 0x35, 0xa5, 0x35, 0xad, 0x35, 0xa5, 0x35, 0xa5, 0xf4, 0xa4,
    0xb3, 0x94, 0x52, 0x8c, 0x52, 0x8c, 0x51, 0x8c, 0x31, 0x8c, 0x11, 0x84,
    0x10, 0x84, 0x11, 0x84, 0x51, 0x8c, 0x72, 0x94, 0x72, 0x94, 0x52, 0x8c,
    0x51, 0x8c, 0x31, 0x84, 0x11, 0x84, 0x10, 0x84, 0xf0, 0x83, 0xf0, 0x83,
    0xd0, 0x7b, 0xd0, 0x7b, 0xcf, 0x7b, 0xaf, 0x7b, 0xaf, 0x7b, 0xcf, 0x7b,
    0xaf, 0x7b, 0xaf, 0x7b, 0xd0, 0x73, 0xd0, 0x7b, 0xcf, 0x73, 0xaf, 0x73,
    0x55, 0xad, 0x15, 0xa5, 0x35, 0xa5, 0x35, 0xa5, 0x35, 0xad, 0x14, 0xa5,
    0x14, 0xa5, 0x15, 0xa5, 0x35, 0xa5, 0x55, 0xad, 0x76, 0xad, 0x56, 0xad,
    0x55, 0xad, 0x35, 0xa5, 0x14, 0xa5, 0xf4, 0x9c, 0xd3, 0x9c, 0x93, 0x94,
    0x52, 0x8c, 0x10, 0x84, 0xcf, 0x73, 0x6e, 0x6b, 0x2d, 0x6b, 0x2d, 0x6b,
    0x4d, 0x6b, 0x2d, 0x63, 0x2d, 0x6b, 0x2d, 0x6b, 0x2d, 0x63, 0x4d, 0x63,
    0x2d, 0x63, 0x2d, 0x63, 0x4d, 0x63, 0x2d, 0x6b, 0x2d, 0x63, 0x2d, 0x6b,
    0x4d, 0x63, 0x2d, 0x63, 0x4e, 0x6b, 0x4d, 0x63, 0x2e, 0x63, 0x4e, 0x6b,
    0x4d, 0x6b, 0x4e, 0x63, 0x4e, 0x6b, 0x4e, 0x6b, 0x6d, 0x6b, 0x4e, 0x6b,
    0x4e, 0x6b, 0x4d, 0x63, 0x4e, 0x6b, 0x4e, 0x6b, 0x4d, 0x6b, 0x4d, 0x6b,
    0x4e, 0x63, 0x6e, 0x6b, 0x4e, 0x6b, 0x4e, 0x6b, 0x4e, 0x63, 0x6d, 0x6b,
    0x4e, 0x6b, 0x4e, 0x63, 0x4d, 0x6b, 0x2d, 0x63, 0x2d, 0x63, 0x2d, 0x63,
    0x2d, 0x63, 0x0d, 0x6b, 0x0c, 0x63, 0x0d, 0x63, 0x6e, 0x6b, 0xcf, 0x7b,
    0x11, 0x84, 0x72, 0x8c, 0x92, 0x94, 0xd3, 0x9c, 0xf4, 0x9c, 0x14, 0xa5,
    0x35, 0xa5, 0x55, 0xad, 0x56, 0xad, 0x56, 0xad, 0x75, 0xad, 0x76, 0xad,
    0x56, 0xad, 0x55, 0xad, 0x76, 0xad, 0x76, 0xad, 0x56, 0xad, 0x55, 0xad,
    0x55, 0xad, 0x55, 0xad, 0x35, 0xa5, 0x35, 0xa5, 0x35, 0xa5, 0x35, 0xa5,
    0x15, 0xa5, 0x15, 0xa5, 0x14, 0x9d, 0xf4, 0x9c, 0xf4, 0x9c, 0xf4, 0x9c,
    0xd4, 0x94, 0xd4, 0x94, 0xd4, 0x9c, 0xd4, 0x9c, 0xd4, 0x94, 0xf4, 0x9c,
    0xf4, 0x9c, 0xd4, 0x94, 0xf4, 0x9c, 0x14, 0x9d, 0x15, 0xa5, 0x35, 0xa5,
    0x56, 0xad, 0x76, 0xad, 0x75, 0xad, 0x55, 0xad, 0x35, 0xa5, 0x15, 0xa5,
    0xf4, 0xa4, 0x14, 0x9d, 0xf5, 0xa4, 0x14, 0xa5, 0x14, 0x9d, 0xf5, 0xa4,
    0x14, 0xa5, 0xf5, 0xa4, 0x15, 0xa5, 0x35, 0xa5, 0x15, 0xa5, 0xf4, 0x9c,
    0xf4, 0xa4, 0x14, 0xa5, 0x35, 0xad, 0x35, 0xa5, 0x15, 0xa5, 0x35, 0xa5,
    0x35, 0xad, 0x35, 0xa5, 0x35, 0xad, 0x35, 0xa5, 0x35, 0xad, 0x35, 0xad,
    0x35, 0xa5, 0x35, 0xad, 0x35, 0xa5, 0x34, 0xa5, 0x15, 0xa5, 0xf4, 0xa4,
    0xd3, 0x9c, 0x72, 0x8c, 0x51, 0x8c, 0x31, 0x8c, 0x11, 0x84, 0x10, 0x84,
    0x10, 0x84, 0xf0, 0x83, 0x31, 0x8c, 0x52, 0x8c, 0x52, 0x8c, 0x51, 0x8c,
    0x31, 0x84, 0x10, 0x84, 0x10, 0x84, 0xf0, 0x83, 0xf0, 0x7b, 0xf0, 0x7b,
    0xcf, 0x7b, 0xcf, 0x7b, 0xaf, 0x7b, 0xaf, 0x7b, 0xaf, 0x73, 0xaf, 0x73,
    0xaf, 0x7b, 0xcf, 0x7b, 0xaf, 0x7b, 0xd0, 0x7b, 0xcf, 0x7b, 0xcf, 0x7b,
    0x55, 0xad, 0x55, 0xad, 0x35, 0xa5, 0x15, 0xa5, 0x35, 0xa5, 0x14, 0xa5,
    0x14, 0xa5, 0x14, 0xa5, 0x15, 0xa5, 0x35, 0xa5, 0x55, 0xad, 0x55, 0xad,
    0x35, 0xa5, 0xf4, 0xa4, 0xd4, 0x9c, 0xb3, 0x94, 0x93, 0x94, 0x72, 0x8c,
    0x31, 0x84, 0xd0, 0x7b, 0x6e, 0x73, 0x4e, 0x6b, 0x4e, 0x6b, 0x4e, 0x63,
    0x2d, 0x6b, 0x2d, 0x6b, 0x2d, 0x63, 0x2d, 0x63, 0x2e, 0x6b, 0x2d, 0x6b,
    0x2d, 0x6b, 0x4d, 0x6b, 0x2d, 0x6b, 0x2d, 0x63, 0x4e, 0x63, 0x2d, 0x63,
    0x2d, 0x63, 0x2e, 0x6b, 0x4d, 0x6b, 0x4d, 0x6b, 0x4e, 0x6b, 0x4d, 0x6b,
    0x4d, 0x6b, 0x4e, 0x63, 0x4e, 0x6b, 0x4e, 0x6b, 0x4d, 0x63, 0x4d, 0x6b,
    0x4d, 0x6b, 0x4e, 0x6b, 0x6d, 0x6b, 0x4e, 0x6b, 0x4e, 0x6b, 0x6e, 0x63,
    0x4d, 0x6b, 0x4d, 0x6b, 0x4e, 0x63, 0x4d, 0x6b, 0x6e, 0x6b, 0x4e, 0x6b,
    0x4d, 0x6b, 0x4d, 0x6b, 0x4d, 0x63, 0x2d, 0x6b, 0x2d, 0x6b, 0x2d, 0x6b,
    0x2d, 0x63, 0x0c, 0x63, 0x0c, 0x63, 0x4d, 0x6b, 0xaf, 0x7b, 0x10, 0x84,
    0x52, 0x8c, 0x92, 0x94, 0xb3, 0x9c, 0xf4, 0x9c, 0x14, 0xa5, 0x35, 0xa5,
    0x55, 0xad, 0x56, 0xad, 0x56, 0xad, 0x75, 0xad, 0x76, 0xad, 0x55, 0xad,
    0x75, 0xb5, 0x76, 0xad, 0x76, 0xad, 0x56, 0xad, 0x56, 0xad, 0x55, 0xad,
    0x56, 0xad, 0x56, 0xa5, 0x35, 0xa5, 0x35, 0xa5, 0x35, 0xa5, 0x15, 0xa5,
    0x14, 0xa5, 0x14, 0x9d, 0x14, 0x9d, 0xf4, 0x9c, 0xf4, 0x9c, 0xf4, 0x9c,
    0xd4, 0x94, 0xd4, 0x9c, 0xd3, 0x94, 0xd4, 0x94, 0xd3, 0x94, 0xf4, 0x9c,
    0xf4, 0x9c, 0xf4, 0x9c, 0xf4, 0x9c, 0x15, 0x9d, 0x15, 0xa5, 0x35, 0xad,
    0x55, 0xad, 0x76, 0xad, 0x76, 0xad, 0x55, 0xad, 0x55, 0xad, 0x35, 0xa5,
    0x14, 0xa5, 0xf4, 0xa4, 0x14, 0xa5, 0x14, 0xa5, 0x15, 0xa5, 0x15, 0xa5,
    0x14, 0xa5, 0x14, 0x9d, 0x15, 0xa5, 0x14, 0xa5, 0x35, 0xa5, 0xf4, 0xa4,
    0xf4, 0x9c, 0xf4, 0xa4, 0x35, 0xa5, 0x35, 0xa5, 0x35, 0xad, 0x35, 0xad,
    0x35, 0xa5, 0x35, 0xad, 0x35, 0xa5, 0x35, 0xad, 0x35, 0xa5, 0x35, 0xa5,
    0x35, 0xa5, 0x35, 0xa5, 0x35, 0xa5, 0x14, 0xa5, 0x14, 0xa5, 0xf4, 0xa4,
    0xd3, 0x9c, 0x72, 0x8c, 0x31, 0x8c, 0x31, 0x84, 0x10, 0x84, 0x10, 0x84,
    0xf0, 0x83, 0xf0, 0x83, 0xf0, 0x83, 0x31, 0x84, 0x31, 0x84, 0x31, 0x8c,
    0x10, 0x84, 0xf0, 0x83, 0xf0, 0x83, 0xd0, 0x7b, 0xcf, 0x7b, 0xcf, 0x7b,
    0xaf, 0x7b, 0xaf, 0x73, 0x8f, 0x73, 0xaf, 0x7b, 0xaf, 0x73, 0xaf, 0x7b,
    0xaf, 0x7b, 0xaf, 0x73, 0xcf, 0x7b, 0xaf, 0x7b, 0xd0, 0x7b, 0xd0, 0x73,
    0x55, 0xad, 0x56, 0xad, 0x55, 0xad, 0x35, 0xa5, 0x14, 0xa5, 0x35, 0xa5,
    0x15, 0xa5, 0x14, 0xa5, 0x14, 0xa5, 0x35, 0xa5, 0x35, 0xad, 0x35, 0xa5,
    0x14, 0xa5, 0xd4, 0x9c, 0xb3, 0x94, 0xb3, 0x94, 0x72, 0x8c, 0x31, 0x84,
    0xf0, 0x7b, 0x8e, 0x73, 0x4d, 0x6b, 0x4d, 0x6b, 0x4d, 0x6b, 0x4d, 0x6b,
    0x2e, 0x63, 0x4d, 0x63, 0x2d, 0x6b, 0x2d, 0x63, 0x4d, 0x63, 0x2d, 0x6b,
    0x2d, 0x6b, 0x2e, 0x63, 0x2d, 0x63, 0x2d, 0x63, 0x2d, 0x6b, 0x2d, 0x6b,
    0x2d, 0x63, 0x4e, 0x63, 0x4e, 0x6b, 0x4d, 0x6b, 0x4e, 0x63, 0x4d, 0x6b,
    0x4e, 0x6b, 0x4e, 0x6b, 0x4d, 0x6b, 0x4d, 0x6b, 0x4e, 0x6b, 0x6e, 0x6b,
    0x4e, 0x6b, 0x4e, 0x6b, 0x4e, 0x6b, 0x4d, 0x63, 0x4e, 0x6b, 0x4e, 0x6b,
    0x4e, 0x6b, 0x4e, 0x6b, 0x6e, 0x6b, 0x4d, 0x6b, 0x4e, 0x6b, 0x4e, 0x6b,
    0x4e, 0x63, 0x4d, 0x63, 0x4d, 0x6b, 0x4e, 0x6b, 0x2d, 0x63, 0x2d, 0x6b,
    0x2d, 0x6b, 0x0c, 0x63, 0x4d, 0x6b, 0x8f, 0x73, 0xf0, 0x83, 0x51, 0x8c,
    0x72, 0x8c, 0xb3, 0x94, 0xf4, 0x9c, 0x14, 0xa5, 0x35, 0xa5, 0x55, 0xad,
    0x56, 0xad, 0x56, 0xad, 0x76, 0xad, 0x76, 0xad, 0x56, 0xad, 0x56, 0xad,
    0x76, 0xad, 0x76, 0xad, 0x55, 0xad, 0x55, 0xad, 0x56, 0xad, 0x55, 0xad,
    0x55, 0xad, 0x56, 0xa5, 0x35, 0xa5, 0x35, 0xa5, 0x15, 0xa5, 0x15, 0xa5,
    0x14, 0xa5, 0xf5, 0x9c, 0xf4, 0x9c, 0xf4, 0x9c, 0xf4, 0x9c, 0xd4, 0x9c,
    0xd4, 0x94, 0xd3, 0x94, 0xd4, 0x9c, 0xd4, 0x9c, 0xd4, 0x9c, 0xd4, 0x94,
    0xd4, 0x94, 0xd3, 0x9c, 0xf4, 0x9c, 0x14, 0x9d, 0x35, 0xa5, 0x35, 0xa5,
    0x56, 0xad, 0x76, 0xad, 0x76, 0xad, 0x56, 0xad, 0x55, 0xad, 0x35, 0xa5,
    0x15, 0xa5, 0xf4, 0xa4, 0xf4, 0x9c, 0x14, 0xa5, 0x14, 0xa5, 0x14, 0xa5,
    0x14, 0xa5, 0xf4, 0xa4, 0xf4, 0x9c, 0x15, 0xa5, 0x35, 0xa5, 0x14, 0xa5,
    0xf4, 0x9c, 0xf4, 0x9c, 0x14, 0xa5, 0x35, 0xad, 0x35, 0xa5, 0x35, 0xad,
    0x35, 0xad, 0x35, 0xa5, 0x35, 0xad, 0x35, 0xa5, 0x35, 0xad, 0x35, 0xad,
    0x35, 0xa5, 0x15, 0xa5, 0x14, 0xa5, 0x14, 0xa5, 0xf4, 0xa4, 0xf4, 0x9c,
    0xb3, 0x9c, 0x72, 0x8c, 0x11, 0x84, 0x10, 0x84, 0x10, 0x84, 0xf0, 0x83,
    0xd0, 0x7b, 0xf0, 0x7b, 0xcf, 0x7b, 0xd0, 0x7b, 0xf0, 0x83, 0x10, 0x84,
    0xf0, 0x83, 0xf0, 0x7b, 0xd0, 0x7b, 0xcf, 0x7b, 0xcf, 0x7b, 0xaf, 0x7b,
    0x8f, 0x73, 0x8f, 0x73, 0x8f, 0x73, 0x8f, 0x73, 0x8e, 0x73, 0xaf, 0x73,
    0xaf, 0x73, 0xaf, 0x7b, 0xaf, 0x73, 0xcf, 0x7b, 0xcf, 0x7b, 0xd0, 0x7b,
    0x55, 0xad, 0x56, 0xad, 0x55, 0xad, 0x55, 0xad, 0x35, 0xa5, 0x15, 0xa5,
    0x35, 0xad, 0x35, 0xa5, 0x14, 0xa5, 0x15, 0xa5, 0x15, 0xa5, 0x14, 0xa5,
    0xf3, 0x9c, 0xb3, 0x9c, 0x93, 0x94, 0x72, 0x8c, 0x51, 0x8c, 0x10, 0x84,
    0xaf, 0x73, 0x4e, 0x6b, 0x2d, 0x63, 0x2e, 0x63, 0x4d, 0x6b, 0x4d, 0x6b,
    0x4e, 0x6b, 0x2e, 0x63, 0x2d, 0x63, 0x4d, 0x6b, 0x2d, 0x63, 0x2d, 0x63,
    0x4d, 0x63, 0x2d, 0x63, 0x2d, 0x6b, 0x2d, 0x6b, 0x4d, 0x63, 0x2d, 0x6b,
    0x4d, 0x6b, 0x2d, 0x6b, 0x2d, 0x63, 0x4e, 0x6b, 0x4e, 0x6b, 0x4e, 0x6b,
    0x4e, 0x63, 0x4e, 0x6b, 0x4d, 0x6b, 0x6e, 0x6b, 0x6e, 0x6b, 0x6e, 0x6b,
    0x6e, 0x6b, 0x4d, 0x6b, 0x6e, 0x6b, 0x4e, 0x6b, 0x6d, 0x6b, 0x4e, 0x6b,
    0x4d, 0x6b, 0x6e, 0x6b, 0x4d, 0x63, 0x4e, 0x6b, 0x4e, 0x6b, 0x4d, 0x6b,
    0x4d, 0x6b, 0x4e, 0x6b, 0x4d, 0x6b, 0x4e, 0x63, 0x2d, 0x63, 0x2d, 0x6b,
    0x2d, 0x63, 0x4d, 0x6b, 0x8e, 0x73, 0xf0, 0x83, 0x31, 0x8c, 0x72, 0x8c,
    0xb3, 0x94, 0xd3, 0x9c, 0xf4, 0xa4, 0x15, 0xa5, 0x55, 0xad, 0x56, 0xad,
    0x56, 0xad, 0x56, 0xad, 0x56, 0xad, 0x75, 0xad, 0x56, 0xad, 0x75, 0xad,
    0x56, 0xad, 0x76, 0xb5, 0x56, 0xad, 0x75, 0xad, 0x56, 0xad, 0x55, 0xad,
    0x55, 0xa5, 0x35, 0xa5, 0x15, 0xa5, 0x15, 0xa5, 0x15, 0xa5, 0x14, 0x9d,
    0x14, 0x9d, 0xf4, 0x9c, 0xf4, 0x9c, 0xf4, 0x9c, 0xf4, 0x9c, 0xd4, 0x94,
    0xd4, 0x94, 0xd4, 0x94, 0xd3, 0x94, 0xd4, 0x94, 0xd4, 0x9c, 0xd4, 0x9c,
    0xd3, 0x94, 0xd4, 0x94, 0xf4, 0x9c, 0x14, 0x9d, 0x15, 0xa5, 0x35, 0xa5,
    0x55, 0xad, 0x76, 0xad, 0x76, 0xad, 0x55, 0xad, 0x55, 0xad, 0x35, 0xad,
    0x15, 0xa5, 0xf4, 0x9c, 0xf4, 0xa4, 0xf4, 0x9c, 0xf5, 0xa4, 0x15, 0x9d,
    0xf4, 0xa4, 0x15, 0xa5, 0xf4, 0xa4, 0x14, 0xa5, 0x15, 0xa5, 0x15, 0xa5,
    0xf4, 0x9c, 0xf4, 0x9c, 0xf4, 0xa4, 0x35, 0xa5, 0x35, 0xa5, 0x35, 0xa5,
    0x35, 0xa5, 0x34, 0xad, 0x35, 0xa5, 0x35, 0xad, 0x35, 0xa5, 0x35, 0xa5,
    0x34, 0xa5, 0x14, 0xa5, 0x14, 0xa5, 0xf4, 0xa4, 0xf4, 0x9c, 0xd4, 0x9c,
    0xb3, 0x94, 0x72, 0x94, 0x31, 0x84, 0x10, 0x84, 0x10, 0x84, 0xd0, 0x7b,
    0xcf, 0x7b, 0xf0, 0x7b, 0xaf, 0x7b, 0x8f, 0x73, 0xcf, 0x7b, 0xf0, 0x83,
    0xd0, 0x7b, 0xcf, 0x7b, 0xcf, 0x7b, 0xaf, 0x73, 0x8f, 0x73, 0x8f, 0x73,
    0x8f, 0x73, 0x8f, 0x73, 0x8e, 0x73, 0x8f, 0x73, 0x8e, 0x73, 0xaf, 0x73,
    0xaf, 0x7b, 0xaf, 0x7b, 0xcf, 0x7b, 0xaf, 0x7b, 0xd0, 0x7b, 0xd0, 0x7b,
    0x35, 0xad, 0x55, 0xad, 0x56, 0xad, 0x56, 0xad, 0x35, 0xa5, 0x14, 0xa5,
    0x35, 0xa5, 0x35, 0xa5, 0x35, 0xa5, 0x14, 0xa5, 0xf4, 0x9c, 0xd4, 0x9c,
    0xb3, 0x94, 0xb3, 0x94, 0x72, 0x94, 0x51, 0x8c, 0x11, 0x84, 0xd0, 0x7b,
    0x6e, 0x6b, 0x4d, 0x6b, 0x2d, 0x63, 0x2d, 0x6b, 0x2e, 0x63, 0x2e, 0x63,
    0x4d, 0x6b, 0x2d, 0x6b, 0x2d, 0x6b, 0x2d, 0x6b, 0x2e, 0x63, 0x2d, 0x6b,
    0x2d, 0x63, 0x2d, 0x6b, 0x4e, 0x6b, 0x4d, 0x63, 0x2e, 0x6b, 0x4e, 0x63,
    0x4d, 0x63, 0x4e, 0x6b, 0x4d, 0x6b, 0x4d, 0x6b, 0x4e, 0x6b, 0x4d, 0x6b,
    0x4d, 0x6b, 0x6e, 0x6b, 0x4e, 0x6b, 0x4e, 0x6b, 0x4e, 0x6b, 0x6d, 0x6b,
    0x4e, 0x6b, 0x6e, 0x6b, 0x4d, 0x6b, 0x4e, 0x6b, 0x4e, 0x6b, 0x6d, 0x6b,
    0x4e, 0x6b, 0x4e, 0x63, 0x4d, 0x6b, 0x4e, 0x6b, 0x4e, 0x63, 0x4d, 0x63,
    0x4e, 0x63, 0x4e, 0x6b, 0x4d, 0x6b, 0x2d, 0x6b, 0x4e, 0x63, 0x2d, 0x63,
    0x2d, 0x6b, 0x8e, 0x73, 0xd0, 0x7b, 0x31, 0x84, 0x72, 0x8c, 0x93, 0x94,
    0xd3, 0x9c, 0xf4, 0x9c, 0x15, 0xa5, 0x35, 0xad, 0x55, 0xad, 0x56, 0xad,
    0x75, 0xad, 0x76, 0xad, 0x55, 0xad, 0x56, 0xad, 0x76, 0xad, 0x56, 0xb5,
    0x75, 0xad, 0x76, 0xad, 0x56, 0xad, 0x56, 0xad, 0x55, 0xad, 0x55, 0xad,
    0x35, 0xa5, 0x15, 0xa5, 0x15, 0xa5, 0x14, 0xa5, 0x14, 0x9d, 0xf4, 0x9c,
    0xf4, 0x9c, 0xf4, 0x9c, 0xf4, 0x9c, 0xf4, 0x9c, 0xf4, 0x9c, 0xd4, 0x94,
    0xd4, 0x94, 0xd3, 0x9c, 0xd4, 0x94, 0xd3, 0x94, 0xd3, 0x94, 0xd4, 0x9c,
    0xd4, 0x9c, 0xd4, 0x94, 0xf4, 0x9c, 0x15, 0x9d, 0x35, 0xa5, 0x35, 0xad,
    0x55, 0xad, 0x56, 0xad, 0x76, 0xad, 0x56, 0xad, 0x55, 0xad, 0x55, 0xad,
    0x35, 0xa5, 0x14, 0xa5, 0xf4, 0xa4, 0xf4, 0xa4, 0x14, 0xa5, 0x14, 0xa5,
    0x15, 0xa5, 0x14, 0xa5, 0x14, 0x9d, 0xf4, 0x9c, 0x15, 0xa5, 0x35, 0xa5,
    0xf4, 0xa4, 0xd3, 0x9c, 0xd4, 0x9c, 0x35, 0xa5, 0x35, 0xad, 0x35, 0xad,
    0x35, 0xa5, 0x35, 0xa5, 0x35, 0xad, 0x35, 0xa5, 0x35, 0xa5, 0x14, 0xa5,
    0x14, 0xa5, 0x14, 0xa5, 0xf4, 0xa4, 0xf4, 0x9c, 0xd4, 0x9c, 0xd3, 0x9c,
    0xb3, 0x9c, 0x72, 0x8c, 0x31, 0x8c, 0x10, 0x84, 0xf0, 0x7b, 0xcf, 0x7b,
    0xaf, 0x7b, 0xaf, 0x7b, 0xaf, 0x7b, 0x8e, 0x73, 0x8e, 0x73, 0xcf, 0x7b,
    0xcf, 0x7b, 0xaf, 0x7b, 0xaf, 0x73, 0x8e, 0x73, 0x8e, 0x73, 0x8e, 0x73,
    0x8e, 0x73, 0x8e, 0x73, 0x8e, 0x73, 0x8e, 0x73, 0x8f, 0x73, 0x8f, 0x73,
    0xaf, 0x7b, 0xaf, 0x73, 0xaf, 0x7b, 0xcf, 0x7b, 0xd0, 0x7b, 0xd0, 0x7b,
    0x35, 0xad, 0x55, 0xad, 0x55, 0xad, 0x35, 0xa5, 0x35, 0xa5, 0x14, 0xa5,
    0x14, 0xa5, 0x55, 0xad, 0x35, 0xad, 0x14, 0xa5, 0xd3, 0x94, 0xb3, 0x94,
    0x93, 0x94, 0x92, 0x8c, 0x51, 0x8c, 0x11, 0x84, 0xd0, 0x7b, 0x8e, 0x6b,
    0x4d, 0x6b, 0x4e, 0x6b, 0x4d, 0x6b, 0x2d, 0x63, 0x2d, 0x6b, 0x4d, 0x6b,
    0x4d, 0x6b, 0x4d, 0x63, 0x4d, 0x63, 0x2d, 0x63, 0x2d, 0x63, 0x2d, 0x6b,
    0x2d, 0x6b, 0x4e, 0x63, 0x2d, 0x63, 0x4d, 0x6b, 0x4e, 0x6b, 0x2d, 0x6b,
    0x4d, 0x6b, 0x4d, 0x63, 0x4e, 0x6b, 0x4e, 0x6b, 0x4e, 0x6b, 0x4d, 0x6b,
    0x6e, 0x6b, 0x6e, 0x6b, 0x4e, 0x6b, 0x4e, 0x6b, 0x4d, 0x6b, 0x6e, 0x6b,
    0x4e, 0x6b, 0x4e, 0x6b, 0x6e, 0x6b, 0x4e, 0x6b, 0x4e, 0x6b, 0x4e, 0x6b,
    0x4e, 0x63, 0x4e, 0x6b, 0x4e, 0x6b, 0x4d, 0x6b, 0x4d, 0x63, 0x4e, 0x6b,
    0x4e, 0x6b, 0x4d, 0x63, 0x4d, 0x63, 0x4e, 0x6b, 0x2d, 0x63, 0x4d, 0x6b,
    0x8e, 0x73, 0xf0, 0x7b, 0x31, 0x84, 0x72, 0x8c, 0x92, 0x94, 0xb3, 0x9c,
    0xf4, 0x9c, 0x14, 0xa5, 0x35, 0xa5, 0x55, 0xad, 0x75, 0xad, 0x76, 0xad,
    0x56, 0xad, 0x75, 0xad, 0x75, 0xad, 0x76, 0xad, 0x56, 0xad, 0x76, 0xad,
    0x76, 0xad, 0x76, 0xb5, 0x55, 0xad, 0x55, 0xad, 0x56, 0xad, 0x35, 0xa5,
    0x35, 0xa5, 0x15, 0xa5, 0x15, 0xa5, 0x14, 0x9d, 0xf4, 0x9c, 0xf4, 0x9c,
    0xf4, 0x9c, 0xf4, 0x9c, 0xf4, 0x9c, 0xf4, 0x9c, 0xf4, 0x9c, 0xd4, 0x94,
    0xd4, 0x94, 0xd3, 0x9c, 0xd3, 0x94, 0xb4, 0x94, 0xb4, 0x9c, 0xd4, 0x94,
    0xd3, 0x9c, 0xd3, 0x9c, 0xf4, 0x9c, 0x14, 0xa5, 0x15, 0xa5, 0x35, 0xa5,
    0x55, 0xad, 0x76, 0xad, 0x76, 0xad, 0x56, 0xad, 0x76, 0xad, 0x55, 0xad,
    0x35, 0xa5, 0x15, 0xa5, 0xf4, 0x9c, 0xf4, 0xa4, 0x14, 0xa5, 0x14, 0xa5,
    0x14, 0xa5, 0xf5, 0xa4, 0x14, 0xa5, 0xf4, 0xa4, 0x15, 0xa5, 0x35, 0xa5,
    0x14, 0xa5, 0xd4, 0x9c, 0xd3, 0x9c, 0x14, 0xa5, 0x35, 0xa5, 0x35, 0xa5,
    0x35, 0xad, 0x35, 0xad, 0x35, 0xa5, 0x34, 0xad, 0x15, 0xa5, 0x15, 0xa5,
    0x14, 0xa5, 0x14, 0xa5, 0xf4, 0x9c, 0xd4, 0x9c, 0xd3, 0x9c, 0xb3, 0x94,
    0xb3, 0x94, 0x72, 0x94, 0x11, 0x84, 0xf0, 0x83, 0xcf, 0x7b, 0xaf, 0x7b,
    0xaf, 0x7b, 0xaf, 0x73, 0xaf, 0x7b, 0x8f, 0x73, 0x6e, 0x73, 0x4e, 0x6b,
    0xaf, 0x73, 0x8f, 0x73, 0x6e, 0x73, 0x6e, 0x73, 0x6e, 0x73, 0x6e, 0x73,
    0x8e, 0x73, 0x8e, 0x73, 0x8f, 0x73, 0x8e, 0x73, 0x8e, 0x73, 0xaf, 0x73,
    0xaf, 0x7b, 0xaf, 0x73, 0xaf, 0x73, 0xaf, 0x7b, 0xcf, 0x7b, 0xaf, 0x7b,
    0x55, 0xad, 0x55, 0xad, 0x56, 0xad, 0x35, 0xa5, 0x35, 0xa5, 0x35, 0xa5,
    0xf4, 0xa4, 0x15, 0xa5, 0x35, 0xa5, 0x14, 0xa5, 0xd3, 0x9c, 0x93, 0x94,
    0x72, 0x94, 0x51, 0x8c, 0x11, 0x84, 0xd0, 0x7b, 0x8e, 0x73, 0x4d, 0x6b,
    0x2d, 0x63, 0x4d, 0x6b, 0x4e, 0x6b, 0x2d, 0x63, 0x2d, 0x6b, 0x2d, 0x6b,
    0x2e, 0x63, 0x4e, 0x6b, 0x4e, 0x63, 0x4d, 0x6b, 0x2d, 0x63, 0x2d, 0x63,
    0x2d, 0x63, 0x2d, 0x63, 0x2d, 0x6b, 0x4d, 0x6b, 0x4d, 0x63, 0x4d, 0x6b,
    0x4e, 0x6b, 0x4e, 0x6b, 0x4d, 0x6b, 0x4e, 0x6b, 0x4e, 0x6b, 0x4e, 0x6b,
    0x6e, 0x6b, 0x6d, 0x6b, 0x4d, 0x6b, 0x6e, 0x6b, 0x4e, 0x6b, 0x6e, 0x6b,
    0x4e, 0x6b, 0x6e, 0x6b, 0x6e, 0x6b, 0x4d, 0x6b, 0x4e, 0x6b, 0x4d, 0x6b,
    0x4d, 0x6b, 0x4d, 0x6b, 0x4d, 0x6b, 0x4e, 0x6b, 0x4e, 0x63, 0x4d, 0x6b,
    0x2d, 0x6b, 0x2d, 0x63, 0x4e, 0x6b, 0x2d, 0x63, 0x2d, 0x6b, 0x8e, 0x73,
    0xd0, 0x7b, 0x11, 0x84, 0x52, 0x8c, 0x92, 0x94, 0xb3, 0x94, 0xd3, 0x9c,
    0xf4, 0x9c, 0x14, 0xa5, 0x35, 0xa5, 0x56, 0xad, 0x56, 0xad, 0x76, 0xad,
    0x76, 0xad, 0x56, 0xad, 0x56, 0xad, 0x56, 0xad, 0x75, 0xad, 0x55, 0xad,
    0x56, 0xad, 0x76, 0xad, 0x55, 0xad, 0x56, 0xad, 0x55, 0xad, 0x35, 0xa5,
    0x35, 0xa5, 0x15, 0xa5, 0x14, 0x9d, 0xf4, 0x9c, 0xf4, 0x9c, 0xf4, 0x9c,
    0xd4, 0x9c, 0xd4, 0x9c, 0xf4, 0x9c, 0xf4, 0x9c, 0xf4, 0x9c, 0xd4, 0x94,
    0xd3, 0x94, 0xd3, 0x94, 0xd4, 0x94, 0xb4, 0x94, 0xd3, 0x94, 0xd4, 0x9c,
    0xd4, 0x94, 0xd4, 0x94, 0xf4, 0x9c, 0x14, 0x9d, 0x35, 0xa5, 0x35, 0xa5,
    0x56, 0xad, 0x76, 0xad, 0x56, 0xad, 0x55, 0xad, 0x76, 0xad, 0x55, 0xad,
    0x35, 0xad, 0x15, 0xa5, 0xf4, 0xa4, 0xf4, 0x9c, 0xf4, 0x9c, 0xf4, 0x9c,
    0x15, 0xa5, 0x14, 0xa5, 0x15, 0xa5, 0xf4, 0x9c, 0xf4, 0xa4, 0x15, 0xa5,
    0x14, 0xa5, 0xf4, 0x9c, 0xd4, 0x9c, 0xf4, 0x9c, 0x35, 0xa5, 0x35, 0xad,
    0x14, 0xa5, 0x35, 0xa5, 0x15, 0xa5, 0x15, 0xa5, 0x14, 0xa5, 0x14, 0xa5,
    0xf4, 0xa4, 0xf4, 0x9c, 0xd4, 0x9c, 0xd3, 0x9c, 0xb3, 0x9c, 0x92, 0x94,
    0x92, 0x94, 0x72, 0x8c, 0x31, 0x8c, 0xf0, 0x7b, 0xcf, 0x7b, 0xaf, 0x73,
    0xaf, 0x73, 0xaf, 0x7b, 0x8e, 0x73, 0x8e, 0x73, 0x4e, 0x6b, 0x4d, 0x6b,
    0x6e, 0x73, 0x6e, 0x73, 0x6e, 0x73, 0x6e, 0x73, 0x6e, 0x73, 0x6e, 0x73,
    0x6e, 0x73, 0x6e, 0x73, 0x8e, 0x73, 0x8f, 0x73, 0x8f, 0x73, 0x8f, 0x73,
    0xaf, 0x73, 0xaf, 0x7b, 0xaf, 0x7b, 0xcf, 0x7b, 0xcf, 0x7b, 0xcf, 0x73,
    0x35, 0xad, 0x55, 0xad, 0x55, 0xad, 0x35, 0xa5, 0x35, 0xa5, 0x15, 0xa5,
    0x14, 0xa5, 0xf4, 0x9c, 0xd4, 0x9c, 0xf4, 0x9c, 0xb3, 0x9c, 0x93, 0x94,
    0x72, 0x8c, 0x11, 0x84, 0xf0, 0x7b, 0x8e, 0x73, 0x4d, 0x6b, 0x2d, 0x63,
    0x2d, 0x63, 0x2d, 0x6b, 0x4d, 0x6b, 0x4e, 0x63, 0x2d, 0x63, 0x2d, 0x63,
    0x4e, 0x6b, 0x2d, 0x63, 0x2d, 0x6b, 0x2d, 0x6b, 0x4e, 0x6b, 0x2d, 0x63,
    0x2d, 0x63, 0x2d, 0x6b, 0x2d, 0x6b, 0x4e, 0x63, 0x4e, 0x6b, 0x4e, 0x6b,
    0x4d, 0x6b, 0x4e, 0x6b, 0x4d, 0x6b, 0x4d, 0x6b, 0x4e, 0x6b, 0x4d, 0x6b,
    0x6e, 0x6b, 0x4e, 0x6b, 0x4e, 0x6b, 0x6e, 0x6b, 0x6d, 0x6b, 0x4e, 0x6b,
    0x6e, 0x6b, 0x6e, 0x6b, 0x4d, 0x6b, 0x4e, 0x6b, 0x4d, 0x6b, 0x4e, 0x6b,
    0x4d, 0x63, 0x4e, 0x6b, 0x4e, 0x63, 0x4d, 0x63, 0x4d, 0x6b, 0x2e, 0x6b,
    0x2d, 0x63, 0x4d, 0x63, 0x4e, 0x6b, 0x2d, 0x63, 0x6e, 0x6b, 0xd0, 0x7b,
    0x11, 0x84, 0x51, 0x8c, 0x92, 0x94, 0xb3, 0x9c, 0xd4, 0x9c, 0xf4, 0x9c,
    0xd3, 0x9c, 0x14, 0xa5, 0x35, 0xa5, 0x56, 0xad, 0x56, 0xad, 0x55, 0xad,
    0x75, 0xad, 0x56, 0xad, 0x56, 0xad, 0x76, 0xad, 0x56, 0xb5, 0x76, 0xad,
    0x76, 0xad, 0x75, 0xad, 0x56, 0xad, 0x55, 0xad, 0x55, 0xad, 0x35, 0xa5,
    0x35, 0xa5, 0x15, 0xa5, 0xf4, 0x9c, 0xf4, 0x9c, 0xf4, 0x9c, 0xd4, 0x9c,
    0xd4, 0x9c, 0xd3, 0x94, 0xd4, 0x9c, 0xf4, 0x9c, 0xf4, 0x9c, 0xd4, 0x94,
    0xd3, 0x94, 0xd4, 0x94, 0xb4, 0x94, 0xd3, 0x94, 0xd3, 0x94, 0xb3, 0x94,
    0xd3, 0x94, 0xd4, 0x9c, 0xf4, 0x9c, 0x15, 0xa5, 0x35, 0xa5, 0x55, 0xa5,
    0x56, 0xad, 0x76, 0xad, 0x56, 0xad, 0x55, 0xad, 0x76, 0xb5, 0x75, 0xad,
    0x55, 0xad, 0x35, 0xa5, 0xf4, 0xa4, 0xf4, 0x9c, 0xf4, 0xa4, 0xf4, 0xa4,
    0x14, 0x9d, 0x15, 0xa5, 0x14, 0x9d, 0xf4, 0x9c, 0xf4, 0xa4, 0x15, 0xa5,
    0x14, 0xa5, 0xf4, 0xa4, 0xd3, 0x9c, 0xd4, 0x9c, 0x15, 0xa5, 0x35, 0xa5,
    0x35, 0xa5, 0x14, 0xa5, 0x15, 0xa5, 0x14, 0xa5, 0x14, 0xa5, 0xf4, 0xa4,
    0xf4, 0x9c, 0xd4, 0x9c, 0xd3, 0x9c, 0xb3, 0x94, 0x92, 0x94, 0x92, 0x94,
    0x72, 0x8c, 0x51, 0x8c, 0x11, 0x84, 0xd0, 0x83, 0xaf, 0x7b, 0xaf, 0x73,
    0xaf, 0x7b, 0xaf, 0x73, 0x8e, 0x73, 0x6e, 0x73, 0x6e, 0x6b, 0x4e, 0x6b,
    0x4d, 0x6b, 0x6d, 0x73, 0x6e, 0x6b, 0x6e, 0x6b, 0x6e, 0x73, 0x6e, 0x6b,
    0x6e, 0x73, 0x6e, 0x73, 0x8e, 0x73, 0x8e, 0x73, 0x8f, 0x73, 0x8f, 0x73,
    0xae, 0x73, 0xaf, 0x7b, 0xaf, 0x7b, 0xaf, 0x7b, 0xcf, 0x73, 0xd0, 0x7b,
    0x35, 0xad, 0x55, 0xad, 0x35, 0xa5, 0x35, 0xa5, 0x15, 0xa5, 0x14, 0xa5,
    0x14, 0xa5, 0xd4, 0x9c, 0x92, 0x94, 0x72, 0x8c, 0x93, 0x94, 0x72, 0x8c,
    0x31, 0x84, 0xf0, 0x7b, 0xaf, 0x73, 0x6e, 0x6b, 0x2d, 0x63, 0x0d, 0x63,
    0x2d, 0x63, 0x2d, 0x6b, 0x4d, 0x6b, 0x4e, 0x6b, 0x2d, 0x63, 0x2d, 0x63,
    0x2d, 0x6b, 0x4d, 0x6b, 0x4d, 0x6b, 0x2e, 0x6b, 0x4d, 0x63, 0x2d, 0x6b,
    0x2e, 0x6b, 0x4d, 0x63, 0x4e, 0x6b, 0x4e, 0x6b, 0x4d, 0x6b, 0x4e, 0x6b,
    0x4e, 0x6b, 0x4d, 0x6b, 0x6e, 0x6b, 0x6e, 0x6b, 0x4e, 0x6b, 0x6e, 0x6b,
    0x6e, 0x6b, 0x4e, 0x6b, 0x4e, 0x6b, 0x4e, 0x6b, 0x4e, 0x6b, 0x6e, 0x6b,
    0x4d, 0x6b, 0x4e, 0x6b, 0x4e, 0x6b, 0x4e, 0x6b, 0x4e, 0x6b, 0x4d, 0x6b,
    0x4e, 0x63, 0x4e, 0x6b, 0x4d, 0x63, 0x2d, 0x63, 0x4d, 0x63, 0x2d, 0x63,
    0x2e, 0x63, 0x4d, 0x63, 0x2d, 0x6b, 0x6e, 0x6b, 0xaf, 0x73, 0x11, 0x84,
    0x52, 0x8c, 0x92, 0x94, 0xb3, 0x94, 0xf4, 0x9c, 0x14, 0xa5, 0x14, 0xa5,
    0x14, 0xa5, 0xf4, 0xa4, 0x15, 0xa5, 0x35, 0xa5, 0x55, 0xad, 0x56, 0xad,
    0x56, 0xad, 0x75, 0xad, 0x75, 0xad, 0x76, 0xad, 0x76, 0xad, 0x56, 0xad,
    0x76, 0xad, 0x76, 0xb5, 0x55, 0xad, 0x55, 0xad, 0x35, 0xa5, 0x35, 0xa5,
    0x15, 0xa5, 0xf4, 0x9c, 0xf4, 0x9c, 0xf4, 0x9c, 0xf4, 0x9c, 0xd4, 0x9c,
    0xd3, 0x94, 0xd4, 0x94, 0xd3, 0x9c, 0xd4, 0x9c, 0xd4, 0x9c, 0xd4, 0x9c,
    0xd3, 0x94, 0xd3, 0x9c, 0xb4, 0x94, 0xb3, 0x94, 0xb3, 0x94, 0xb3, 0x94,
    0xb4, 0x94, 0xd4, 0x9c, 0xf4, 0x9c, 0x14, 0xa5, 0x35, 0xa5, 0x35, 0xa5,
    0x55, 0xad, 0x76, 0xad, 0x76, 0xad, 0x76, 0xad, 0x76, 0xad, 0x76, 0xb5,
    0x76, 0xad, 0x55, 0xad, 0x15, 0xa5, 0xf4, 0xa4, 0x14, 0xa5, 0x14, 0xa5,
    0xf4, 0xa4, 0xf4, 0xa4, 0xf4, 0xa4, 0x14, 0xa5, 0xf4, 0x9c, 0xf4, 0x9c,
    0x15, 0xa5, 0x35, 0xa5, 0xf4, 0x9c, 0xd3, 0x9c, 0xf4, 0xa4, 0x35, 0xa5,
    0x35, 0xa5, 0x15, 0xa5, 0x14, 0xa5, 0x14, 0xa5, 0xf4, 0xa4, 0xf4, 0x9c,
    0xd3, 0x9c, 0xd3, 0x9c, 0xb3, 0x94, 0x93, 0x94, 0x72, 0x94, 0x72, 0x8c,
    0x72, 0x8c, 0x51, 0x8c, 0x10, 0x84, 0xcf, 0x7b, 0xaf, 0x7b, 0xaf, 0x73,
    0x8e, 0x73, 0x6e, 0x73, 0x6e, 0x73, 0x6e, 0x73, 0x6e, 0x73, 0x4e, 0x73,
    0x4d, 0x6b, 0x4e, 0x6b, 0x4e, 0x73, 0x6d, 0x6b, 0x6e, 0x73, 0x6e, 0x6b,
    0x6e, 0x73, 0x6e, 0x73, 0x6e, 0x73, 0x8e, 0x73, 0x8f, 0x73, 0x8e, 0x73,
    0x8f, 0x73, 0xaf, 0x73, 0xaf, 0x73, 0xaf, 0x73, 0xaf, 0x7b, 0xcf, 0x7b,
    0x35, 0xad, 0x55, 0xad, 0x55, 0xad, 0x35, 0xa5, 0x15, 0xa5, 0x14, 0xa5,
    0xd4, 0x9c, 0xb3, 0x94, 0x92, 0x94, 0x31, 0x84, 0x31, 0x84, 0x51, 0x8c,
    0xf0, 0x83, 0xaf, 0x73, 0x6e, 0x6b, 0x2d, 0x63, 0x0d, 0x63, 0x2d, 0x63,
    0x2d, 0x63, 0x2d, 0x63, 0x2d, 0x6b, 0x4d, 0x63, 0x4e, 0x6b, 0x4d, 0x6b,
    0x2d, 0x63, 0x4d, 0x6b, 0x2e, 0x63, 0x4d, 0x63, 0x4e, 0x63, 0x4d, 0x6b,
    0x4d, 0x6b, 0x4e, 0x6b, 0x4d, 0x63, 0x4d, 0x6b, 0x4d, 0x6b, 0x4e, 0x6b,
    0x6e, 0x6b, 0x6e, 0x6b, 0x4e, 0x6b, 0x4e, 0x6b, 0x6d, 0x6b, 0x6e, 0x6b,
    0x4e, 0x6b, 0x6d, 0x6b, 0x6e, 0x6b, 0x6e, 0x6b, 0x6d, 0x73, 0x4e, 0x6b,
    0x6e, 0x6b, 0x6e, 0x6b, 0x4e, 0x6b, 0x4d, 0x6b, 0x4d, 0x6b, 0x4d, 0x6b,
    0x4e, 0x63, 0x4d, 0x6b, 0x2d, 0x6b, 0x2e, 0x6b, 0x2e, 0x6b, 0x4e, 0x6b,
    0x4d, 0x63, 0x2d, 0x63, 0x6e, 0x6b, 0xaf, 0x73, 0x11, 0x84, 0x51, 0x8c,
    0x92, 0x94, 0xb3, 0x94, 0xd4, 0x9c, 0x14, 0xa5, 0x14, 0xa5, 0x15, 0xa5,
    0x15, 0xa5, 0x14, 0xa5, 0x14, 0xa5, 0xf4, 0x9c, 0x35, 0xa5, 0x55, 0xad,
    0x56, 0xad, 0x76, 0xad, 0x56, 0xad, 0x56, 0xad, 0x55, 0xad, 0x75, 0xad,
    0x56, 0xb5, 0x76, 0xad, 0x55, 0xad, 0x56, 0xad, 0x35, 0xad, 0x35, 0xa5,
    0x15, 0xa5, 0xf4, 0x9c, 0xf4, 0x9c, 0xf4, 0x9c, 0xd4, 0x94, 0xd4, 0x9c,
    0xd4, 0x94, 0xd3, 0x9c, 0xd4, 0x9c, 0xd3, 0x94, 0xd3, 0x94, 0xd4, 0x9c,
    0xd4, 0x94, 0xd3, 0x94, 0xb3, 0x94, 0xd4, 0x94, 0xb3, 0x94, 0xb3, 0x94,
    0xb3, 0x94, 0xd4, 0x9c, 0x14, 0x9d, 0x15, 0xa5, 0x35, 0xa5, 0x55, 0xad,
    0x56, 0xad, 0x76, 0xad, 0x76, 0xad, 0x76, 0xad, 0x76, 0xad, 0x76, 0xad,
    0x76, 0xad, 0x76, 0xad, 0x55, 0xad, 0x35, 0xa5, 0x15, 0xa5, 0x15, 0xa5,
    0x14, 0xa5, 0x14, 0xa5, 0x14, 0xa5, 0xf4, 0xa4, 0xf4, 0xa4, 0xf4, 0x9c,
    0x14, 0xa5, 0x35, 0xa5, 0x15, 0xa5, 0xf4, 0x9c, 0xf3, 0x9c, 0x14, 0xa5,
    0x15, 0xa5, 0x14, 0xa5, 0x14, 0xa5, 0xf4, 0x9c, 0xf4, 0x9c, 0xd3, 0x9c,
    0xb3, 0x9c, 0xb3, 0x94, 0x92, 0x94, 0x72, 0x94, 0x72, 0x8c, 0x52, 0x8c,
    0x51, 0x8c, 0x31, 0x84, 0x10, 0x84, 0xd0, 0x7b, 0x8f, 0x73, 0x8e, 0x73,
    0x8e, 0x73, 0x6e, 0x73, 0x6e, 0x6b, 0x6e, 0x73, 0x6e, 0x6b, 0x4d, 0x6b,
    0x4e, 0x6b, 0x4e, 0x6b, 0x4d, 0x6b, 0x4e, 0x73, 0x6e, 0x6b, 0x4d, 0x73,
    0x6e, 0x73, 0x6e, 0x6b, 0x6e, 0x73, 0x8e, 0x73, 0x8e, 0x73, 0x8e, 0x73,
    0x8f, 0x73, 0xaf, 0x7b, 0xaf, 0x7b, 0xaf, 0x7b, 0xcf, 0x7b, 0xaf, 0x73,
    0x35, 0xad, 0x55, 0xad, 0x55, 0xa5, 0x35, 0xa5, 0x15, 0xa5, 0xf4, 0x9c,
    0xb3, 0x9c, 0x92, 0x94, 0x72, 0x8c, 0x52, 0x8c, 0x10, 0x84, 0xf0, 0x83,
    0xd0, 0x7b, 0x8f, 0x73, 0x2d, 0x6b, 0x0c, 0x63, 0x2d, 0x63, 0x2d, 0x63,
    0x2d, 0x6b, 0x2d, 0x6b, 0x2d, 0x63, 0x2d, 0x6b, 0x4d, 0x6b, 0x4e, 0x6b,
    0x2d, 0x6b, 0x2d, 0x63, 0x4e, 0x6b, 0x4d, 0x6b, 0x4d, 0x6b, 0x4e, 0x6b,
    0x4e, 0x63, 0x4d, 0x6b, 0x4d, 0x6b, 0x4e, 0x6b, 0x4e, 0x6b, 0x4e, 0x6b,
    0x6e, 0x6b, 0x6e, 0x6b, 0x6e, 0x6b, 0x6e, 0x6b, 0x4e, 0x6b, 0x4e, 0x6b,
    0x4d, 0x6b, 0x4e, 0x6b, 0x6e, 0x6b, 0x6e, 0x6b, 0x4e, 0x6b, 0x6e, 0x6b,
    0x4e, 0x6b, 0x4e, 0x6b, 0x4d, 0x6b, 0x4d, 0x6b, 0x4e, 0x6b, 0x4e, 0x63,
    0x2d, 0x63, 0x2d, 0x63, 0x4d, 0x63, 0x4d, 0x6b, 0x4d, 0x6b, 0x2d, 0x63,
    0x2d, 0x63, 0x4e, 0x6b, 0xaf, 0x73, 0x10, 0x84, 0x51, 0x8c, 0x72, 0x8c,
    0xb3, 0x94, 0xd3, 0x9c, 0xf4, 0xa4, 0x15, 0xa5, 0x35, 0xa5, 0x55, 0xad,
    0x35, 0xa5, 0x14, 0xa5, 0xf4, 0x9c, 0xd3, 0x9c, 0xd4, 0x9c, 0x35, 0xa5,
    0x55, 0xad, 0x56, 0xad, 0x75, 0xad, 0x56, 0xad, 0x76, 0xad, 0x56, 0xad,
    0x76, 0xad, 0x75, 0xad, 0x56, 0xad, 0x55, 0xad, 0x35, 0xa5, 0x35, 0xa5,
    0x15, 0xa5, 0xf4, 0x9c, 0xf4, 0x9c, 0xf4, 0x9c, 0xd4, 0x9c, 0xd3, 0x94,
    0xd3, 0x94, 0xd4, 0x94, 0xd3, 0x9c, 0xd4, 0x94, 0xd4, 0x94, 0xd4, 0x9c,
    0xd3, 0x94, 0xd3, 0x94, 0xb4, 0x94, 0xd3, 0x94, 0xd3, 0x9c, 0xb3, 0x94,
    0xd3, 0x94, 0xf4, 0x9c, 0xf4, 0x9c, 0x15, 0xa5, 0x35, 0xa5, 0x35, 0xad,
    0x56, 0xad, 0x76, 0xad, 0x76, 0xad, 0x76, 0xad, 0x76, 0xb5, 0x76, 0xad,
    0x76, 0xad, 0x76, 0xb5, 0x76, 0xad, 0x56, 0xad, 0x55, 0xad, 0x55, 0xad,
    0x35, 0xa5, 0x35, 0xa5, 0x15, 0xa5, 0x15, 0xa5, 0x14, 0xa5, 0x14, 0xa5,
    0xf4, 0xa4, 0x15, 0xa5, 0x15, 0xa5, 0x14, 0xa5, 0xd4, 0x9c, 0xf4, 0x9c,
    0x14, 0xa5, 0x14, 0xa5, 0xf4, 0xa4, 0xf4, 0x9c, 0xd3, 0x9c, 0xb3, 0x9c,
    0xb3, 0x94, 0x93, 0x94, 0x92, 0x94, 0x72, 0x8c, 0x51, 0x8c, 0x31, 0x8c,
    0x11, 0x84, 0x10, 0x84, 0xf0, 0x83, 0xd0, 0x7b, 0x8e, 0x73, 0x4e, 0x73,
    0x6e, 0x73, 0x4e, 0x6b, 0x6e, 0x73, 0x4d, 0x6b, 0x4d, 0x6b, 0x4d, 0x6b,
    0x4d, 0x6b, 0x4d, 0x6b, 0x4e, 0x6b, 0x4e, 0x6b, 0x4e, 0x73, 0x6d, 0x6b,
    0x6e, 0x6b, 0x6e, 0x73, 0x6e, 0x73, 0x8e, 0x73, 0x8f, 0x73, 0x8f, 0x73,
    0x8f, 0x73, 0xae, 0x73, 0xaf, 0x7b, 0xaf, 0x7b, 0xaf, 0x7b, 0xcf, 0x7b,
    0x55, 0xad, 0x35, 0xa5, 0x35, 0xad, 0x55, 0xad, 0x15, 0xa5, 0xd3, 0x9c,
    0x93, 0x94, 0x52, 0x8c, 0x31, 0x84, 0x31, 0x84, 0xf0, 0x7b, 0xd0, 0x7b,
    0xaf, 0x73, 0x4d, 0x6b, 0x2d, 0x63, 0x0d, 0x63, 0x2d, 0x63, 0x0c, 0x63,
    0x2d, 0x63, 0x0d, 0x6b, 0x2d, 0x6b, 0x2d, 0x63, 0x2d, 0x6b, 0x4e, 0x63,
    0x4d, 0x63, 0x4d, 0x6b, 0x2e, 0x6b, 0x4e, 0x6b, 0x4d, 0x6b, 0x4e, 0x6b,
    0x4e, 0x6b, 0x4e, 0x6b, 0x4e, 0x6b, 0x6e, 0x6b, 0x4e, 0x6b, 0x6e, 0x6b,
    0x6e, 0x6b, 0x6e, 0x6b, 0x6e, 0x6b, 0x6e, 0x6b, 0x4e, 0x6b, 0x4e, 0x6b,
    0x6e, 0x6b, 0x6e, 0x6b, 0x4e, 0x6b, 0x6e, 0x6b, 0x6e, 0x6b, 0x6e, 0x6b,
    0x4e, 0x6b, 0x4d, 0x6b, 0x4d, 0x6b, 0x4e, 0x6b, 0x4e, 0x6b, 0x4d, 0x6b,
    0x4d, 0x6b, 0x2d, 0x6b, 0x2d, 0x63, 0x2e, 0x63, 0x4d, 0x63, 0x2d, 0x63,
    0x4e, 0x6b, 0x8f, 0x73, 0xf0, 0x7b, 0x31, 0x84, 0x72, 0x8c, 0xb3, 0x94,
    0xd4, 0x9c, 0xf4, 0x9c, 0x15, 0xa5, 0x35, 0xa5, 0x55, 0xad, 0x76, 0xad,
    0x35, 0xad, 0x14, 0xa5, 0xf4, 0x9c, 0xd3, 0x9c, 0x92, 0x94, 0xf4, 0x9c,
    0x35, 0xa5, 0x56, 0xad, 0x56, 0xad, 0x75, 0xad, 0x76, 0xad, 0x56, 0xad,
    0x55, 0xad, 0x76, 0xad, 0x55, 0xad, 0x55, 0xad, 0x35, 0xa5, 0x35, 0xa5,
    0x15, 0xa5, 0xf4, 0x9c, 0xf4, 0x9c, 0xf4, 0x9c, 0xd4, 0x94, 0xd3, 0x94,
    0xd3, 0x9c, 0xd4, 0x94, 0xd4, 0x94, 0xd3, 0x94, 0xd3, 0x9c, 0xd3, 0x9c,
    0xd4, 0x94, 0xd4, 0x9c, 0xb3, 0x94, 0xd3, 0x94, 0xb4, 0x94, 0xb4, 0x94,
    0xd4, 0x9c, 0xf4, 0x9c, 0xf4, 0x9c, 0x35, 0xa5, 0x35, 0xa5, 0x55, 0xad,
    0x56, 0xad, 0x76, 0xad, 0x76, 0xad, 0x76, 0xb5, 0x76, 0xad, 0x76, 0xb5,
    0x96, 0xb5, 0x76, 0xb5, 0x96, 0xad, 0x76, 0xad, 0x76, 0xad, 0x56, 0xad,
    0x56, 0xad, 0x55, 0xad, 0x35, 0xad, 0x35, 0xa5, 0x35, 0xa5, 0x15, 0xa5,
    0xf4, 0xa4, 0x14, 0xa5, 0x15, 0xa5, 0x15, 0xa5, 0x14, 0xa5, 0xf4, 0x9c,
    0x14, 0xa5, 0xf4, 0xa4, 0xf4, 0x9c, 0xd4, 0x9c, 0xb3, 0x9c, 0xb3, 0x94,
    0x92, 0x94, 0x92, 0x94, 0x72, 0x8c, 0x51, 0x8c, 0x51, 0x8c, 0x31, 0x84,
    0x10, 0x84, 0xf0, 0x7b, 0xcf, 0x7b, 0xaf, 0x7b, 0xaf, 0x73, 0x4d, 0x6b,
    0x2d, 0x6b, 0x6e, 0x6b, 0x4e, 0x6b, 0x4d, 0x6b, 0x4d, 0x6b, 0x2d, 0x6b,
    0x4d, 0x6b, 0x4d, 0x6b, 0x4d, 0x6b, 0x4e, 0x6b, 0x4d, 0x6b, 0x4e, 0x6b,
    0x6e, 0x73, 0x6d, 0x73, 0x6e, 0x73, 0x6e, 0x73, 0x8e, 0x73, 0x8f, 0x73,
    0xae, 0x73, 0xaf, 0x7b, 0x8f, 0x73, 0xaf, 0x73, 0xaf, 0x73, 0xaf, 0x7b,
    0x35, 0xad, 0x55, 0xad, 0x35, 0xad, 0x35, 0xa5, 0x15, 0xa5, 0xd3, 0x9c,
    0x72, 0x8c, 0x31, 0x84, 0xf0, 0x83, 0xcf, 0x7b, 0xcf, 0x73, 0xaf, 0x73,
    0x6e, 0x6b, 0x2d, 0x63, 0x0d, 0x63, 0x2d, 0x63, 0x0d, 0x63, 0x2d, 0x63,
    0x2d, 0x63, 0x2d, 0x63, 0x2d, 0x63, 0x2d, 0x63, 0x2d, 0x6b, 0x4e, 0x6b,
    0x4e, 0x6b, 0x4d, 0x6b, 0x4e, 0x63, 0x4d, 0x6b, 0x4e, 0x6b, 0x4e, 0x6b,
    0x6d, 0x6b, 0x6e, 0x6b, 0x6e, 0x6b, 0x6e, 0x6b, 0x6e, 0x6b, 0x6e, 0x6b,
    0x6e, 0x6b, 0x6e, 0x73, 0x6e, 0x73, 0x6e, 0x6b, 0x6e, 0x6b, 0x6e, 0x6b,
    0x4e, 0x73, 0x6e, 0x6b, 0x6e, 0x6b, 0x6d, 0x73, 0x6e, 0x6b, 0x4e, 0x6b,
    0x6e, 0x6b, 0x4d, 0x6b, 0x4e, 0x6b, 0x4d, 0x6b, 0x2d, 0x63, 0x2e, 0x6b,
    0x4e, 0x6b, 0x4e, 0x63, 0x2d, 0x63, 0x2e, 0x6b, 0x4d, 0x63, 0x4e, 0x6b,
    0x8e, 0x73, 0xf0, 0x7b, 0x31, 0x84, 0x72, 0x8c, 0x93, 0x94, 0xd3, 0x9c,
    0xf4, 0x9c, 0x15, 0xa5, 0x35, 0xa5, 0x55, 0xad, 0x75, 0xad, 0x56, 0xad,
    0x56, 0xad, 0x35, 0xa5, 0xf4, 0xa4, 0xd4, 0x9c, 0xb3, 0x94, 0xb3, 0x9c,
    0x14, 0xa5, 0x55, 0xad, 0x56, 0xad, 0x56, 0xad, 0x56, 0xad, 0x75, 0xad,
    0x76, 0xad, 0x76, 0xad, 0x56, 0xad, 0x55, 0xad, 0x35, 0xa5, 0x35, 0xa5,
    0x15, 0xa5, 0xd4, 0x9c, 0xd4, 0x9c, 0xd4, 0x94, 0xd3, 0x94, 0xd4, 0x9c,
    0xd3, 0x94, 0xd3, 0x9c, 0xd4, 0x9c, 0xb3, 0x94, 0xd3, 0x94, 0xb4, 0x94,
    0xb3, 0x94, 0xb3, 0x94, 0xb3, 0x94, 0xd4, 0x94, 0xb3, 0x94, 0xd4, 0x94,
    0xf4, 0x9c, 0x14, 0x9d, 0x14, 0xa5, 0x15, 0xa5, 0x35, 0xa5, 0x55, 0xad,
    0x56, 0xad, 0x76, 0xad, 0x76, 0xb5, 0x76, 0xad, 0x76, 0xad, 0x96, 0xb5,
    0x76, 0xad, 0x96, 0xb5, 0x97, 0xb5, 0x96, 0xb5, 0x76, 0xad, 0x76, 0xad,
    0x76, 0xad, 0x56, 0xad, 0x55, 0xad, 0x55, 0xad, 0x35, 0xa5, 0x35, 0xa5,
    0x15, 0xa5, 0x14, 0xa5, 0x14, 0xa5, 0x15, 0xa5, 0x14, 0xa5, 0xf4, 0x9c,
    0xf4, 0xa4, 0xf4, 0x9c, 0xf4, 0x9c, 0xd3, 0x9c, 0xb3, 0x94, 0x93, 0x94,
    0x72, 0x94, 0x72, 0x8c, 0x52, 0x8c, 0x31, 0x8c, 0x31, 0x84, 0x10, 0x84,
    0xf0, 0x7b, 0xcf, 0x7b, 0xaf, 0x7b, 0x8e, 0x73, 0x8e, 0x73, 0x6e, 0x6b,
    0x2d, 0x6b, 0x4d, 0x6b, 0x4d, 0x6b, 0x2d, 0x6b, 0x4d, 0x6b, 0x2d, 0x6b,
    0x2d, 0x6b, 0x2d, 0x6b, 0x4d, 0x6b, 0x4d, 0x6b, 0x4d, 0x6b, 0x4e, 0x73,
    0x6e, 0x73, 0x6e, 0x6b, 0x6e, 0x73, 0x6e, 0x73, 0x8e, 0x73, 0x8f, 0x73,
    0xaf, 0x73, 0x8f, 0x73, 0xaf, 0x73, 0xaf, 0x7b, 0xaf, 0x7b, 0xaf, 0x73,
    0x35, 0xad, 0x55, 0xad, 0x55, 0xa5, 0x35, 0xa5, 0xf4, 0xa4, 0xd4, 0x9c,
    0x92, 0x94, 0x11, 0x84, 0xcf, 0x7b, 0xaf, 0x73, 0x6e, 0x73, 0x4d, 0x6b,
    0x2d, 0x63, 0x0d, 0x63, 0x0d, 0x63, 0x0c, 0x63, 0x2c, 0x63, 0x0d, 0x63,
    0x2c, 0x63, 0x2d, 0x63, 0x2d, 0x63, 0x2d, 0x6b, 0x2d, 0x6b, 0x4d, 0x6b,
    0x4d, 0x6b, 0x4e, 0x6b, 0x4d, 0x63, 0x4d, 0x6b, 0x4e, 0x6b, 0x4e, 0x6b,
    0x6e, 0x6b, 0x6e, 0x6b, 0x6e, 0x6b, 0x6e, 0x6b, 0x6e, 0x6b, 0x6e, 0x6b,
    0x6e, 0x6b, 0x6e, 0x6b, 0x6e, 0x6b, 0x6e, 0x6b, 0x6e, 0x6b, 0x6e, 0x6b,
    0x4e, 0x6b, 0x4e, 0x6b, 0x4e, 0x6b, 0x6e, 0x6b, 0x4d, 0x6b, 0x4e, 0x6b,
    0x4e, 0x6b, 0x4d, 0x6b, 0x4e, 0x6b, 0x2e, 0x63, 0x4d, 0x63, 0x4d, 0x63,
    0x2d, 0x63, 0x2d, 0x63, 0x2d, 0x6b, 0x2d, 0x63, 0x2d, 0x6b, 0x6e, 0x6b,
    0xd0, 0x7b, 0x11, 0x84, 0x72, 0x8c, 0x93, 0x94, 0xd3, 0x94, 0xf4, 0x9c,
    0x14, 0xa5, 0x35, 0xa5, 0x55, 0xad, 0x76, 0xad, 0x56, 0xad, 0x55, 0xad,
    0x55, 0xad, 0x56, 0xad, 0x14, 0xa5, 0xf4, 0x9c, 0xd3, 0x9c, 0xd3, 0x9c,
    0xf4, 0x9c, 0x15, 0xa5, 0x55, 0xad, 0x56, 0xad, 0x56, 0xad, 0x56, 0xad,
    0x76, 0xad, 0x56, 0xad, 0x75, 0xad, 0x55, 0xad, 0x35, 0xa5, 0x35, 0xa5,
    0x14, 0x9d, 0xf4, 0x9c, 0xd4, 0x9c, 0xd3, 0x9c, 0xd3, 0x94, 0xd4, 0x9c,
    0xb3, 0x94, 0xb4, 0x94, 0xd3, 0x9c, 0xd3, 0x94, 0xd4, 0x9c, 0xb4, 0x94,
    0xd3, 0x94, 0xd4, 0x9c, 0xd4, 0x94, 0xd3, 0x94, 0xb3, 0x94, 0xd4, 0x9c,
    0x14, 0x9d, 0x15, 0xa5, 0x15, 0xa5, 0x35, 0xa5, 0x35, 0xa5, 0x55, 0xad,
    0x76, 0xad, 0x76, 0xad, 0x76, 0xb5, 0x76, 0xb5, 0x96, 0xb5, 0x76, 0xad,
    0x96, 0xad, 0x96, 0xb5, 0x97, 0xb5, 0x97, 0xb5, 0x96, 0xad, 0x76, 0xad,
    0x76, 0xad, 0x76, 0xad, 0x56, 0xad, 0x55, 0xad, 0x55, 0xad, 0x55, 0xad,
    0x35, 0xa5, 0x14, 0xa5, 0x14, 0xa5, 0x15, 0xa5, 0x14, 0xa5, 0xf4, 0x9c,
    0xf4, 0x9c, 0xd4, 0x9c, 0xd3, 0x9c, 0xb3, 0x9c, 0x92, 0x94, 0x72, 0x94,
    0x72, 0x8c, 0x51, 0x8c, 0x31, 0x8c, 0x31, 0x84, 0x10, 0x84, 0xf0, 0x83,
    0xaf, 0x7b, 0xaf, 0x73, 0x8f, 0x73, 0x6e, 0x73, 0x6e, 0x73, 0x4e, 0x6b,
    0x2d, 0x6b, 0x2d, 0x6b, 0x4d, 0x6b, 0x2d, 0x6b, 0x2d, 0x6b, 0x2d, 0x63,
    0x2d, 0x6b, 0x4d, 0x63, 0x2d, 0x6b, 0x4e, 0x6b, 0x4e, 0x6b, 0x4d, 0x6b,
    0x4e, 0x73, 0x6e, 0x6b, 0x6e, 0x6b, 0x6e, 0x73, 0x6e, 0x73, 0x8e, 0x73,
    0x8f, 0x73, 0xae, 0x73, 0xaf, 0x7b, 0xaf, 0x7b, 0xaf, 0x7b, 0xaf, 0x7b,
    0x35, 0xa5, 0x35, 0xad, 0x35, 0xa5, 0x14, 0xa5, 0xf4, 0x9c, 0xb3, 0x9c,
    0x92, 0x94, 0x31, 0x84, 0xaf, 0x73, 0x6e, 0x73, 0x4e, 0x6b, 0x2d, 0x63,
    0x0d, 0x63, 0x2d, 0x63, 0x2d, 0x63, 0x2d, 0x6b, 0x0d, 0x63, 0x0d, 0x63,
    0x0d, 0x63, 0x2d, 0x63, 0x2d, 0x6b, 0x2d, 0x63, 0x2d, 0x63, 0x4d, 0x6b,
    0x4e, 0x6b, 0x4e, 0x6b, 0x4d, 0x6b, 0x4e, 0x6b, 0x4e, 0x6b, 0x6e, 0x6b,
    0x6e, 0x6b, 0x6e, 0x6b, 0x6e, 0x73, 0x6e, 0x6b, 0x6e, 0x6b, 0x6e, 0x73,
    0x6e, 0x73, 0x6e, 0x6b, 0x6e, 0x6b, 0x6e, 0x73, 0x6e, 0x6b, 0x6e, 0x6b,
    0x6e, 0x6b, 0x6e, 0x6b, 0x6e, 0x6b, 0x4e, 0x6b, 0x4e, 0x6b, 0x4e, 0x6b,
    0x4d, 0x6b, 0x4d, 0x6b, 0x4d, 0x63, 0x2d, 0x6b, 0x2d, 0x6b, 0x4d, 0x6b,
    0x4d, 0x63, 0x2d, 0x6b, 0x2d, 0x63, 0x2d, 0x63, 0x6e, 0x6b, 0xcf, 0x7b,
    0x11, 0x84, 0x52, 0x8c, 0x92, 0x94, 0xb3, 0x94, 0xd4, 0x9c, 0x14, 0xa5,
    0x35, 0xa5, 0x55, 0xad, 0x55, 0xad, 0x56, 0xad, 0x76, 0xad, 0x55, 0xad,
    0x35, 0xa5, 0x35, 0xad, 0x35, 0xa5, 0x14, 0xa5, 0xf4, 0x9c, 0xd3, 0x9c,
    0xf4, 0x9c, 0xf4, 0x9c, 0x14, 0xa5, 0x55, 0xad, 0x55, 0xad, 0x55, 0xad,
    0x56, 0xad, 0x76, 0xad, 0x55, 0xad, 0x55, 0xad, 0x35, 0xa5, 0x15, 0xa5,
    0x15, 0xa5, 0xf4, 0x9c, 0xd4, 0x9c, 0xd3, 0x94, 0xd4, 0x94, 0xd3, 0x94,
    0xb3, 0x94, 0xd4, 0x94, 0xd4, 0x94, 0xd3, 0x94, 0xd3, 0x94, 0xb3, 0x94,
    0xb3, 0x94, 0xb3, 0x94, 0xb3, 0x94, 0xb3, 0x94, 0xd4, 0x9c, 0xf4, 0x9c,
    0xf4, 0x9c, 0x15, 0xa5, 0x35, 0xa5, 0x35, 0xa5, 0x35, 0xa5, 0x56, 0xad,
    0x76, 0xad, 0x76, 0xad, 0x76, 0xad, 0x76, 0xb5, 0x96, 0xad, 0x96, 0xb5,
    0x96, 0xb5, 0x97, 0xb5, 0x97, 0xb5, 0x96, 0xad, 0x96, 0xb5, 0x77, 0xb5,
    0x76, 0xad, 0x56, 0xad, 0x56, 0xad, 0x56, 0xad, 0x56, 0xad, 0x56, 0xad,
    0x35, 0xa5, 0x35, 0xa5, 0x15, 0xa5, 0x14, 0xa5, 0x14, 0xa5, 0xf4, 0x9c,
    0xf4, 0x9c, 0xd3, 0x9c, 0xb3, 0x9c, 0xb3, 0x94, 0x92, 0x94, 0x72, 0x8c,
    0x51, 0x8c, 0x51, 0x8c, 0x11, 0x84, 0x10, 0x84, 0xf0, 0x7b, 0xcf, 0x7b,
    0xaf, 0x7b, 0x8e, 0x73, 0x6e, 0x73, 0x6e, 0x6b, 0x4d, 0x6b, 0x2d, 0x6b,
    0x2d, 0x6b, 0x2d, 0x6b, 0x2d, 0x6b, 0x2d, 0x6b, 0x2d, 0x6b, 0x2d, 0x6b,
    0x2d, 0x6b, 0x2d, 0x6b, 0x4d, 0x6b, 0x4e, 0x6b, 0x4d, 0x6b, 0x4e, 0x6b,
    0x6d, 0x73, 0x6e, 0x73, 0x6e, 0x73, 0x6e, 0x73, 0x8e, 0x73, 0x8e, 0x73,
    0x8e, 0x73, 0x8f, 0x73, 0x8f, 0x73, 0xaf, 0x73, 0xaf, 0x7b, 0xaf, 0x7b,
    0x35, 0xad, 0x35, 0xa5, 0x15, 0xa5, 0xf4, 0x9c, 0xd3, 0x9c, 0xb3, 0x94,
    0x72, 0x8c, 0x31, 0x84, 0xaf, 0x73, 0x6e, 0x6b, 0x2d, 0x63, 0x0d, 0x63,
    0x2d, 0x63, 0x0d, 0x63, 0x2d, 0x63, 0x2d, 0x63, 0x2d, 0x63, 0x0d, 0x63,
    0x2d, 0x63, 0x2d, 0x63, 0x2c, 0x6b, 0x0d, 0x63, 0x2d, 0x63, 0x2d, 0x6b,
    0x4e, 0x6b, 0x4e, 0x6b, 0x6e, 0x6b, 0x4e, 0x6b, 0x6e, 0x6b, 0x6e, 0x6b,
    0x6e, 0x73, 0x6e, 0x73, 0x8e, 0x6b, 0x6f, 0x73, 0x8e, 0x6b, 0x6e, 0x6b,
    0x6e, 0x73, 0x6e, 0x6b, 0x6e, 0x73, 0x6f, 0x6b, 0x6e, 0x6b, 0x6e, 0x73,
    0x4e, 0x6b, 0x4e, 0x6b, 0x4d, 0x6b, 0x4d, 0x6b, 0x4e, 0x6b, 0x4e, 0x6b,
    0x4d, 0x6b, 0x4d, 0x63, 0x4e, 0x6b, 0x2d, 0x63, 0x2d, 0x63, 0x2e, 0x6b,
    0x4e, 0x6b, 0x4d, 0x63, 0x2d, 0x63, 0x4e, 0x6b, 0xaf, 0x73, 0x11, 0x84,
    0x51, 0x8c, 0x92, 0x8c, 0xb3, 0x94, 0xd4, 0x9c, 0x14, 0xa5, 0x35, 0xa5,
    0x35, 0xad, 0x56, 0xad, 0x76, 0xad, 0x56, 0xad, 0x75, 0xad, 0x55, 0xad,
    0x35, 0xa5, 0x14, 0xa5, 0x15, 0xa5, 0x35, 0xa5, 0x14, 0xa5, 0xd4, 0x9c,
    0xf4, 0xa4, 0xf4, 0xa4, 0xf4, 0xa4, 0x35, 0xa5, 0x55, 0xad, 0x55, 0xad,
    0x56, 0xad, 0x56, 0xad, 0x76, 0xad, 0x55, 0xad, 0x35, 0xa5, 0x35, 0xa5,
    0xf4, 0xa4, 0xd4, 0x9c, 0xd4, 0x9c, 0xd4, 0x94, 0xd3, 0x9c, 0xb4, 0x94,
    0xb3, 0x94, 0xb3, 0x94, 0xb3, 0x94, 0xb3, 0x94, 0xb3, 0x94, 0xb3, 0x94,
    0xb3, 0x94, 0xb3, 0x94, 0xb3, 0x94, 0xb3, 0x94, 0xd4, 0x9c, 0xf4, 0x9c,
    0x14, 0x9d, 0x15, 0xa5, 0x35, 0xa5, 0x35, 0xad, 0x55, 0xad, 0x76, 0xad,
    0x76, 0xad, 0x76, 0xb5, 0x76, 0xb5, 0x96, 0xad, 0x96, 0xb5, 0x97, 0xb5,
    0x97, 0xb5, 0x97, 0xb5, 0x97, 0xb5, 0x96, 0xb5, 0x96, 0xad, 0x76, 0xad,
    0x76, 0xad, 0x56, 0xad, 0x55, 0xad, 0x55, 0xa5, 0x55, 0xad, 0x55, 0xad,
    0x35, 0xad, 0x35, 0xa5, 0x35, 0xa5, 0x14, 0xa5, 0xf4, 0xa4, 0xf4, 0x9c,
    0xd3, 0x9c, 0xb3, 0x9c, 0xb3, 0x94, 0x92, 0x94, 0x72, 0x8c, 0x52, 0x8c,
    0x31, 0x8c, 0x31, 0x84, 0x10, 0x84, 0xf0, 0x7b, 0xcf, 0x7b, 0x8f, 0x73,
    0x8e, 0x73, 0x6e, 0x73, 0x6e, 0x6b, 0x4d, 0x6b, 0x2d, 0x6b, 0x2d, 0x6b,
    0x2d, 0x6b, 0x2d, 0x6b, 0x2c, 0x6b, 0x2d, 0x63, 0x2d, 0x6b, 0x2d, 0x6b,
    0x2d, 0x6b, 0x2d, 0x6b, 0x4d, 0x6b, 0x4d, 0x6b, 0x4d, 0x6b, 0x4e, 0x6b,
    0x6e, 0x6b, 0x6e, 0x6b, 0x4e, 0x73, 0x6e, 0x73, 0x6e, 0x73, 0x8e, 0x73,
    0x8f, 0x73, 0x8f, 0x73, 0xae, 0x7b, 0xaf, 0x73, 0xaf, 0x73, 0xaf, 0x7b,
    0x35, 0xad, 0x34, 0xa5, 0x14, 0xa5, 0xd4, 0x9c, 0xb3, 0x94, 0x92, 0x94,
    0x51, 0x8c, 0xf0, 0x83, 0xaf, 0x73, 0x4d, 0x6b, 0x2d, 0x63, 0x0d, 0x63,
    0x0c, 0x63, 0x2d, 0x63, 0x0d, 0x63, 0x0c, 0x63, 0x2d, 0x63, 0x2d, 0x6b,
    0x2d, 0x63, 0x0d, 0x63, 0x2d, 0x63, 0x2d, 0x63, 0x2d, 0x6b, 0x4e, 0x6b,
    0x4d, 0x63, 0x4e, 0x6b, 0x6e, 0x6b, 0x6e, 0x6b, 0x6e, 0x6b, 0x6e, 0x6b,
    0x6e, 0x6b, 0x8e, 0x73, 0x8f, 0x6b, 0x8f, 0x6b, 0x8e, 0x73, 0x6e, 0x73,
    0x8f, 0x6b, 0x6e, 0x6b, 0x6e, 0x6b, 0x6e, 0x73, 0x6e, 0x6b, 0x6e, 0x6b,
    0x4e, 0x6b, 0x6e, 0x6b, 0x4d, 0x6b, 0x4e, 0x6b, 0x4d, 0x6b, 0x2d, 0x6b,
    0x2d, 0x63, 0x4e, 0x6b, 0x2e, 0x6b, 0x2d, 0x6b, 0x2d, 0x63, 0x2d, 0x63,
    0x2d, 0x63, 0x2e, 0x6b, 0x4e, 0x6b, 0xaf, 0x73, 0xf0, 0x83, 0x31, 0x84,
    0x72, 0x8c, 0xb3, 0x94, 0xd3, 0x9c, 0xf4, 0xa4, 0x35, 0xa5, 0x55, 0xa5,
    0x55, 0xad, 0x56, 0xad, 0x56, 0xad, 0x75, 0xad, 0x56, 0xad, 0x56, 0xad,
    0x55, 0xad, 0xf4, 0xa4, 0xf4, 0x9c, 0x14, 0xa5, 0x14, 0xa5, 0xf4, 0x9c,
    0xf4, 0x9c, 0x14, 0xa5, 0x14, 0xa5, 0x15, 0xa5, 0x35, 0xa5, 0x35, 0xa5,
    0x55, 0xad, 0x55, 0xad, 0x56, 0xad, 0x76, 0xad, 0x55, 0xa5, 0x35, 0xa5,
    0xf4, 0x9c, 0xd4, 0x9c, 0xd3, 0x94, 0xd3, 0x94, 0xb3, 0x94, 0xb3, 0x94,
    0xb3, 0x94, 0xb3, 0x94, 0xb3, 0x94, 0xb3, 0x94, 0xb3, 0x94, 0xb3, 0x94,
    0xb3, 0x94, 0xb3, 0x94, 0xb3, 0x94, 0xb3, 0x94, 0xf4, 0x9c, 0xf4, 0x9c,
    0x14, 0xa5, 0x35, 0xa5, 0x35, 0xa5, 0x55, 0xad, 0x76, 0xad, 0x76, 0xad,
    0x76, 0xad, 0x76, 0xb5, 0x76, 0xb5, 0x97, 0xb5, 0x96, 0xb5, 0x97, 0xb5,
    0x97, 0xb5, 0x96, 0xad, 0x96, 0xad, 0x96, 0xb5, 0x97, 0xad, 0x76, 0xad,
    0x76, 0xad, 0x56, 0xad, 0x35, 0xa5, 0x35, 0xa5, 0x35, 0xa5, 0x35, 0xa5,
    0x35, 0xa5, 0x35, 0xa5, 0x15, 0xa5, 0x14, 0xa5, 0xf4, 0x9c, 0xd4, 0x9c,
    0xb3, 0x9c, 0xb3, 0x94, 0x92, 0x94, 0x72, 0x8c, 0x52, 0x8c, 0x51, 0x8c,
    0x31, 0x84, 0xf0, 0x83, 0xd0, 0x7b, 0xcf, 0x7b, 0xaf, 0x73, 0x8e, 0x73,
    0x6e, 0x73, 0x4e, 0x6b, 0x4d, 0x6b, 0x2d, 0x6b, 0x2d, 0x63, 0x0d, 0x63,
    0x0d, 0x6b, 0x2d, 0x63, 0x2d, 0x63, 0x2d, 0x63, 0x2d, 0x6b, 0x2d, 0x6b,
    0x2d, 0x6b, 0x4d, 0x63, 0x4d, 0x6b, 0x2d, 0x6b, 0x4e, 0x6b, 0x4d, 0x6b,
    0x4e, 0x73, 0x6e, 0x73, 0x6d, 0x6b, 0x6e, 0x6b, 0x6e, 0x73, 0x6e, 0x73,
    0x8e, 0x73, 0x8e, 0x73, 0xaf, 0x73, 0xaf, 0x7b, 0xaf, 0x7b, 0x8f, 0x73,
    0x15, 0xa5, 0xf4, 0xa4, 0xd3, 0x9c, 0xb3, 0x9c, 0x92, 0x94, 0x52, 0x8c,
    0x10, 0x84, 0xd0, 0x7b, 0x8e, 0x73, 0x2d, 0x6b, 0x0d, 0x63, 0x0c, 0x63,
    0x0d, 0x63, 0x2d, 0x63, 0x2d, 0x63, 0x0d, 0x63, 0x2d, 0x63, 0x2d, 0x6b,
    0x2d, 0x63, 0x0d, 0x63, 0x2d, 0x63, 0x2d, 0x63, 0x2d, 0x63, 0x2d, 0x6b,
    0x4e, 0x6b, 0x6e, 0x6b, 0x6e, 0x6b, 0x8e, 0x73, 0x8e, 0x73, 0x8e, 0x6b,
    0x6e, 0x6b, 0x8f, 0x73, 0x8e, 0x73, 0x8e, 0x73, 0x8f, 0x73, 0x8e, 0x73,
    0x6e, 0x6b, 0x6e, 0x73, 0x6e, 0x73, 0x6e, 0x6b, 0x6e, 0x6b, 0x4e, 0x6b,
    0x4e, 0x6b, 0x6d, 0x6b, 0x4e, 0x6b, 0x4e, 0x6b, 0x4d, 0x6b, 0x2d, 0x63,
    0x2d, 0x6b, 0x2d, 0x63, 0x2d, 0x63, 0x2d, 0x63, 0x2d, 0x63, 0x4d, 0x6b,
    0x2d, 0x6b, 0x4d, 0x63, 0x8f, 0x73, 0xf0, 0x7b, 0x31, 0x84, 0x72, 0x8c,
    0xb3, 0x94, 0xd4, 0x9c, 0xf4, 0xa4, 0x15, 0xa5, 0x35, 0xa5, 0x56, 0xad,
    0x76, 0xad, 0x76, 0xad, 0x75, 0xad, 0x76, 0xad, 0x55, 0xad, 0x56, 0xad,
    0x75, 0xad, 0x35, 0xa5, 0xf4, 0x9c, 0xd3, 0x9c, 0xf4, 0x9c, 0xf4, 0xa4,
    0xf4, 0x9c, 0x14, 0xa5, 0x15, 0xa5, 0x35, 0xa5, 0x35, 0xad, 0x14, 0xa5,
    0x35, 0xa5, 0x55, 0xad, 0x55, 0xad, 0x56, 0xad, 0x55, 0xad, 0x15, 0xa5,
    0x15, 0x9d, 0xf4, 0x9c, 0xd4, 0x9c, 0xd3, 0x94, 0xb3, 0x94, 0xb3, 0x94,
    0xb3, 0x94, 0xb3, 0x94, 0xb3, 0x94, 0xb3, 0x94, 0xb3, 0x94, 0xb3, 0x94,
    0xb3, 0x94, 0xb3, 0x94, 0xb3, 0x94, 0xd3, 0x9c, 0xf4, 0x9c, 0xf4, 0x9c,
    0x15, 0xa5, 0x35, 0xa5, 0x35, 0xad, 0x56, 0xad, 0x76, 0xad, 0x76, 0xad,
    0x76, 0xb5, 0x96, 0xad, 0x96, 0xad, 0x96, 0xb5, 0x97, 0xb5, 0x96, 0xb5,
    0x96, 0xb5, 0x97, 0xb5, 0x96, 0xb5, 0x76, 0xad, 0x76, 0xad, 0x76, 0xad,
    0x56, 0xad, 0x56, 0xa5, 0x55, 0xa5, 0x35, 0xa5, 0x15, 0xa5, 0x15, 0xa5,
    0x15, 0xa5, 0x15, 0xa5, 0x14, 0xa5, 0xf4, 0x9c, 0xd4, 0x9c, 0xd3, 0x9c,
    0xb3, 0x94, 0x92, 0x94, 0x72, 0x8c, 0x52, 0x8c, 0x51, 0x8c, 0x10, 0x84,
    0xf0, 0x83, 0xf0, 0x7b, 0xcf, 0x7b, 0xaf, 0x73, 0x6e, 0x73, 0x6e, 0x6b,
    0x4d, 0x6b, 0x2d, 0x6b, 0x2d, 0x6b, 0x2d, 0x6b, 0x2d, 0x63, 0x0d, 0x63,
    0x0c, 0x63, 0x0c, 0x63, 0x0d, 0x6b, 0x2d, 0x6b, 0x2c, 0x6b, 0x2d, 0x6b,
    0x2d, 0x6b, 0x4d, 0x6b, 0x2d, 0x6b, 0x2d, 0x6b, 0x4e, 0x6b, 0x4e, 0x6b,
    0x6d, 0x73, 0x6e, 0x6b, 0x6e, 0x73, 0x6e, 0x73, 0x6e, 0x73, 0x6e, 0x73,
    0x8e, 0x73, 0x8f, 0x73, 0x8f, 0x73, 0x8f, 0x7b, 0xae, 0x7b, 0xaf, 0x73,
    0x14, 0xa5, 0xd4, 0x9c, 0xb3, 0x9c, 0x92, 0x94, 0x72, 0x8c, 0x31, 0x84,
    0xd0, 0x7b, 0xaf, 0x73, 0x4d, 0x6b, 0x2d, 0x63, 0x2d, 0x63, 0x0d, 0x63,
    0x0c, 0x63, 0x0d, 0x63, 0x0d, 0x63, 0x2d, 0x63, 0x0d, 0x63, 0x2c, 0x63,
    0x2d, 0x63, 0x2d, 0x6b, 0x2d, 0x63, 0x2d, 0x6b, 0x2d, 0x6b, 0x4d, 0x6b,
    0x4e, 0x6b, 0x6e, 0x6b, 0x6e, 0x6b, 0x6e, 0x6b, 0x8f, 0x73, 0x8e, 0x73,
    0x8e, 0x73, 0x8f, 0x73, 0x8f, 0x73, 0x8e, 0x73, 0x8e, 0x6b, 0x8f, 0x6b,
    0x8e, 0x73, 0x6e, 0x6b, 0x6e, 0x6b, 0x6e, 0x6b, 0x6e, 0x6b, 0x4e, 0x6b,
    0x6e, 0x6b, 0x4e, 0x6b, 0x4d, 0x6b, 0x4d, 0x6b, 0x2d, 0x63, 0x2d, 0x63,
    0x2d, 0x63, 0x2d, 0x6b, 0x2d, 0x63, 0x2d, 0x63, 0x2d, 0x6b, 0x2d, 0x63,
    0x4e, 0x6b, 0x4d, 0x63, 0x8e, 0x73, 0x11, 0x84, 0x52, 0x8c, 0x93, 0x94,
    0xd3, 0x94, 0xf4, 0x9c, 0x15, 0xa5, 0x35, 0xa5, 0x55, 0xad, 0x56, 0xad,
    0x56, 0xad, 0x76, 0xad, 0x56, 0xad, 0x56, 0xad, 0x76, 0xad, 0x75, 0xad,
    0x76, 0xad, 0x76, 0xad, 0x35, 0xa5, 0xd3, 0x9c, 0xb3, 0x9c, 0xf4, 0x9c,
    0xf4, 0x9c, 0xf4, 0xa4, 0x35, 0xa5, 0x14, 0xa5, 0x35, 0xa5, 0x35, 0xa5,
    0x15, 0xa5, 0x35, 0xa5, 0x55, 0xad, 0x56, 0xad, 0x55, 0xad, 0x35, 0xa5,
    0x14, 0xa5, 0xd4, 0x9c, 0xd4, 0x9c, 0xb3, 0x94, 0xb3, 0x94, 0xb3, 0x94,
    0x93, 0x94, 0xb3, 0x94, 0xb3, 0x94, 0x93, 0x94, 0xb3, 0x94, 0x93, 0x94,
    0x92, 0x8c, 0xb3, 0x94, 0xb3, 0x94, 0xd4, 0x9c, 0xf4, 0x9c, 0x14, 0xa5,
    0x15, 0xa5, 0x35, 0xa5, 0x35, 0xad, 0x76, 0xad, 0x76, 0xad, 0x76, 0xad,
    0x76, 0xb5, 0x96, 0xb5, 0x96, 0xb5, 0x96, 0xb5, 0x97, 0xb5, 0x97, 0xb5,
    0x96, 0xb5, 0x97, 0xad, 0x96, 0xad, 0x76, 0xad, 0x76, 0xad, 0x76, 0xad,
    0x56, 0xad, 0x55, 0xa5, 0x35, 0xa5, 0x35, 0xa5, 0x15, 0xa5, 0x14, 0x9d,
    0x14, 0xa5, 0xf4, 0xa4, 0xf4, 0x9c, 0xf4, 0x9c, 0xd3, 0x9c, 0xb3, 0x94,
    0x93, 0x94, 0x92, 0x94, 0x52, 0x8c, 0x31, 0x8c, 0x31, 0x84, 0x10, 0x84,
    0xd0, 0x7b, 0xcf, 0x7b, 0x8e, 0x73, 0x6e, 0x73, 0x4e, 0x6b, 0x4d, 0x6b,
    0x2d, 0x6b, 0x2d, 0x63, 0x0d, 0x63, 0x0d, 0x63, 0x0c, 0x63, 0x0c, 0x63,
    0x0c, 0x63, 0x0c, 0x6b, 0x0d, 0x6b, 0x2d, 0x6b, 0x2d, 0x63, 0x2d, 0x6b,
    0x2d, 0x6b, 0x4d, 0x6b, 0x4d, 0x6b, 0x4d, 0x6b, 0x4e, 0x6b, 0x4e, 0x6b,
    0x4e, 0x6b, 0x6e, 0x73, 0x4d, 0x6b, 0x6e, 0x73, 0x6e, 0x73, 0x6e, 0x6b,
    0x8e, 0x73, 0x8e, 0x73, 0x8f, 0x73, 0xaf, 0x73, 0xae, 0x73, 0xaf, 0x73,
    0xf4, 0xa4, 0xd3, 0x9c, 0x92, 0x94, 0x52, 0x8c, 0x31, 0x8c, 0xf0, 0x7b,
    0xaf, 0x73, 0x4e, 0x6b, 0x2d, 0x63, 0x0c, 0x63, 0x2d, 0x63, 0x2d, 0x63,
    0x0c, 0x6b, 0x0c, 0x63, 0x0c, 0x63, 0x2d, 0x63, 0x2d, 0x63, 0x2d, 0x63,
    0x2d, 0x63, 0x2d, 0x63, 0x2d, 0x6b, 0x2d, 0x63, 0x2d, 0x63, 0x4e, 0x6b,
    0x4e, 0x6b, 0x6e, 0x6b, 0x6e, 0x6b, 0x8e, 0x73, 0x8f, 0x73, 0x8f, 0x73,
    0x8f, 0x73, 0x8f, 0x6b, 0x8f, 0x73, 0xaf, 0x73, 0x8f, 0x73, 0x8e, 0x6b,
    0x8f, 0x6b, 0x8f, 0x73, 0x6e, 0x6b, 0x6e, 0x6b, 0x4e, 0x6b, 0x4e, 0x6b,
    0x4e, 0x6b, 0x4d, 0x6b, 0x4d, 0x6b, 0x2d, 0x6b, 0x2d, 0x63, 0x2d, 0x63,
    0x2d, 0x63, 0x2d, 0x6b, 0x2d, 0x6b, 0x2d, 0x6b, 0x2d, 0x63, 0x2d, 0x6b,
    0x6e, 0x6b, 0x8f, 0x73, 0x6e, 0x6b, 0x10, 0x84, 0x93, 0x94, 0xd3, 0x9c,
    0xf4, 0x9c, 0x14, 0xa5, 0x35, 0xa5, 0x55, 0xad, 0x56, 0xad, 0x55, 0xad,
    0x55, 0xad, 0x55, 0xad, 0x56, 0xad, 0x76, 0xad, 0x75, 0xad, 0x56, 0xad,
    0x56, 0xad, 0x56, 0xad, 0x55, 0xad, 0x15, 0xa5, 0xb3, 0x94, 0xb3, 0x94,
    0xd3, 0x9c, 0xd4, 0x9c, 0x14, 0xa5, 0x14, 0xa5, 0x14, 0xa5, 0x15, 0xa5,
    0x14, 0xa5, 0x15, 0xa5, 0x35, 0xad, 0x55, 0xad, 0x76, 0xad, 0x55, 0xa5,
    0x14, 0xa5, 0xf4, 0x9c, 0xd3, 0x94, 0xb3, 0x94, 0xb3, 0x94, 0x93, 0x94,
    0x93, 0x94, 0x93, 0x94, 0x93, 0x94, 0x92, 0x8c, 0x93, 0x8c, 0x93, 0x8c,
    0x93, 0x94, 0xb3, 0x94, 0xd3, 0x9c, 0xf4, 0x9c, 0x14, 0x9d, 0x14, 0xa5,
    0x35, 0xa5, 0x35, 0xa5, 0x55, 0xad, 0x76, 0xad, 0x76, 0xb5, 0x76, 0xb5,
    0x96, 0xb5, 0x77, 0xad, 0x97, 0xb5, 0x97, 0xb5, 0x97, 0xb5, 0xb7, 0xb5,
    0x96, 0xad, 0x76, 0xad, 0x76, 0xad, 0x76, 0xad, 0x56, 0xad, 0x56, 0xad,
    0x55, 0xad, 0x35, 0xa5, 0x35, 0xa5, 0x35, 0xa5, 0x15, 0xa5, 0x14, 0xa5,
    0x14, 0x9d, 0xf4, 0x9c, 0xf4, 0x9c, 0xd3, 0x9c, 0xb3, 0x94, 0x93, 0x94,
    0x72, 0x94, 0x72, 0x8c, 0x31, 0x8c, 0x31, 0x84, 0x10, 0x84, 0xd0, 0x7b,
    0xcf, 0x7b, 0x8e, 0x73, 0x6e, 0x6b, 0x4e, 0x6b, 0x4d, 0x6b, 0x2d, 0x6b,
    0x2d, 0x63, 0x0c, 0x63, 0x0c, 0x63, 0x0d, 0x63, 0x0c, 0x63, 0x0c, 0x63,
    0x0d, 0x63, 0x0d, 0x63, 0x0d, 0x63, 0x2d, 0x63, 0x2d, 0x6b, 0x2d, 0x6b,
    0x2d, 0x6b, 0x4d, 0x6b, 0x2d, 0x6b, 0x2d, 0x6b, 0x4d, 0x6b, 0x4d, 0x6b,
    0x4d, 0x73, 0x4e, 0x6b, 0x4e, 0x6b, 0x6d, 0x73, 0x6e, 0x73, 0x6e, 0x6b,
    0x6e, 0x73, 0x8e, 0x73, 0x8e, 0x73, 0x8f, 0x73, 0xaf, 0x7b, 0xaf, 0x7b,
    0xd3, 0x9c, 0xb3, 0x9c, 0x72, 0x94, 0x31, 0x8c, 0xf0, 0x83, 0xaf, 0x7b,
    0x6e, 0x6b, 0x2d, 0x63, 0x0c, 0x63, 0x0d, 0x63, 0x2d, 0x63, 0x0d, 0x63,
    0x2d, 0x63, 0x2d, 0x63, 0x0d, 0x63, 0x0d, 0x63, 0x2d, 0x63, 0x2d, 0x6b,
    0x2d, 0x63, 0x2d, 0x6b, 0x2d, 0x6b, 0x2d, 0x63, 0x4d, 0x6b, 0x4e, 0x6b,
    0x4e, 0x6b, 0x6e, 0x6b, 0x6e, 0x6b, 0x8e, 0x73, 0x8f, 0x73, 0x8f, 0x73,
    0xaf, 0x73, 0x8e, 0x73, 0x8e, 0x73, 0x8e, 0x6b, 0x8f, 0x73, 0x8f, 0x73,
    0x8e, 0x73, 0x8e, 0x73, 0x6e, 0x6b, 0x6e, 0x6b, 0x4e, 0x6b, 0x4e, 0x6b,
    0x4d, 0x6b, 0x4d, 0x6b, 0x4e, 0x6b, 0x4e, 0x6b, 0x2d, 0x63, 0x2d, 0x63,
    0x2d, 0x6b, 0x2d, 0x63, 0x0d, 0x63, 0x2d, 0x63, 0x2d, 0x63, 0x6e, 0x6b,
    0xcf, 0x7b, 0xf0, 0x83, 0xd0, 0x7b, 0xf0, 0x7b, 0x72, 0x94, 0xd4, 0x9c,
    0x14, 0xa5, 0x35, 0xa5, 0x55, 0xad, 0x55, 0xad, 0x55, 0xad, 0x56, 0xad,
    0x55, 0xad, 0x55, 0xad, 0x56, 0xad, 0x56, 0xad, 0x56, 0xad, 0x55, 0xad,
    0x76, 0xad, 0x55, 0xad, 0x35, 0xa5, 0x35, 0xa5, 0xf4, 0x9c, 0xb3, 0x94,
    0xb3, 0x9c, 0xd4, 0x9c, 0xf4, 0x9c, 0x14, 0xa5, 0x15, 0xa5, 0x14, 0xa5,
    0x14, 0xa5, 0x14, 0xa5, 0x35, 0xa5, 0x35, 0xad, 0x56, 0xad, 0x76, 0xad,
    0x35, 0xa5, 0xf4, 0x9c, 0xb3, 0x94, 0xb3, 0x94, 0xb3, 0x94, 0x93, 0x8c,
    0x92, 0x8c, 0x93, 0x94, 0x93, 0x8c, 0x92, 0x8c, 0x92, 0x94, 0x93, 0x94,
    0xb3, 0x94, 0xd3, 0x94, 0xd4, 0x9c, 0xf4, 0x9c, 0x14, 0xa5, 0x35, 0xa5,
    0x35, 0xad, 0x55, 0xad, 0x76, 0xad, 0x76, 0xad, 0x76, 0xb5, 0x96, 0xad,
    0x96, 0xb5, 0x96, 0xb5, 0x96, 0xb5, 0x96, 0xb5, 0x97, 0xb5, 0xb6, 0xb5,
    0xb7, 0xb5, 0x96, 0xad, 0x76, 0xad, 0x76, 0xad, 0x56, 0xad, 0x56, 0xa5,
    0x55, 0xa5, 0x35, 0xa5, 0x35, 0xa5, 0x35, 0xa5, 0x15, 0xa5, 0x14, 0x9d,
    0xf4, 0x9c, 0xf4, 0x9c, 0xd3, 0x9c, 0xb3, 0x9c, 0xb3, 0x94, 0x92, 0x94,
    0x72, 0x8c, 0x51, 0x8c, 0x31, 0x84, 0xf0, 0x83, 0xd0, 0x7b, 0xaf, 0x73,
    0x8e, 0x73, 0x6e, 0x73, 0x4e, 0x6b, 0x4d, 0x6b, 0x2d, 0x6b, 0x0d, 0x63,
    0x0c, 0x63, 0x0c, 0x63, 0x0c, 0x63, 0xec, 0x62, 0x0c, 0x63, 0x0c, 0x63,
    0x0c, 0x63, 0x0d, 0x63, 0x0d, 0x6b, 0x2c, 0x63, 0x2d, 0x6b, 0x2d, 0x6b,
    0x2d, 0x6b, 0x2d, 0x6b, 0x2d, 0x6b, 0x4d, 0x6b, 0x4e, 0x6b, 0x4d, 0x6b,
    0x4e, 0x6b, 0x6e, 0x73, 0x6e, 0x73, 0x6e, 0x73, 0x6e, 0x73, 0x6e, 0x73,
    0x6e, 0x73, 0x8e, 0x73, 0x8e, 0x73, 0x8e, 0x73, 0x8f, 0x7b, 0xaf, 0x7b,
    0xb3, 0x9c, 0x92, 0x94, 0x51, 0x8c, 0x10, 0x84, 0xaf, 0x7b, 0x8e, 0x73,
    0x2d, 0x6b, 0x0c, 0x63, 0x0d, 0x63, 0x0d, 0x63, 0x0c, 0x63, 0x2d, 0x63,
    0x0d, 0x63, 0x2d, 0x63, 0x0d, 0x63, 0x0c, 0x63, 0x2d, 0x63, 0x2d, 0x63,
    0x2d, 0x6b, 0x2d, 0x63, 0x2d, 0x63, 0x4d, 0x6b, 0x4d, 0x6b, 0x4e, 0x6b,
    0x4e, 0x6b, 0x6e, 0x6b, 0x8e, 0x73, 0x8e, 0x73, 0x8f, 0x73, 0xaf, 0x73,
    0xaf, 0x73, 0x8f, 0x73, 0x8e, 0x73, 0x8f, 0x73, 0x8f, 0x73, 0x8e, 0x73,
    0x8e, 0x73, 0x8e, 0x6b, 0x6e, 0x6b, 0x6e, 0x6b, 0x4e, 0x6b, 0x4d, 0x6b,
    0x4d, 0x6b, 0x4e, 0x6b, 0x2d, 0x63, 0x2d, 0x63, 0x2d, 0x63, 0x2d, 0x63,
    0x2d, 0x63, 0x2d, 0x63, 0x2d, 0x63, 0x2d, 0x63, 0x4e, 0x6b, 0xaf, 0x73,
    0xf0, 0x83, 0x31, 0x8c, 0x31, 0x84, 0x31, 0x84, 0x72, 0x8c, 0xd4, 0x9c,
    0x15, 0xa5, 0x35, 0xa5, 0x56, 0xad, 0x56, 0xad, 0x55, 0xad, 0x56, 0xad,
    0x55, 0xad, 0x35, 0xad, 0x55, 0xad, 0x55, 0xad, 0x56, 0xad, 0x76, 0xad,
    0x75, 0xad, 0x55, 0xad, 0x35, 0xa5, 0x14, 0xa5, 0x14, 0xa5, 0xf4, 0x9c,
    0xf4, 0x9c, 0xf4, 0x9c, 0xd3, 0x9c, 0xf4, 0x9c, 0x14, 0xa5, 0x14, 0xad,
    0x14, 0xad, 0x14, 0xa5, 0x34, 0xa5, 0x35, 0xad, 0x56, 0xad, 0x56, 0xad,
    0x56, 0xad, 0x14, 0xa5, 0xb3, 0x94, 0xb3, 0x94, 0x93, 0x94, 0x93, 0x8c,
    0x72, 0x8c, 0x72, 0x8c, 0x72, 0x8c, 0x92, 0x8c, 0x93, 0x94, 0xb3, 0x94,
    0xb3, 0x94, 0xd3, 0x9c, 0xf4, 0x9c, 0x14, 0xa5, 0x15, 0xa5, 0x35, 0xa5,
    0x55, 0xad, 0x56, 0xad, 0x76, 0xad, 0x76, 0xad, 0x76, 0xb5, 0x96, 0xb5,
    0x97, 0xad, 0x96, 0xb5, 0x97, 0xb5, 0x97, 0xb5, 0x97, 0xb5, 0x97, 0xb5,
    0x96, 0xb5, 0x96, 0xb5, 0x96, 0xad, 0x76, 0xad, 0x56, 0xad, 0x35, 0xa5,
    0x35, 0xa5, 0x35, 0xa5, 0x35, 0xa5, 0x15, 0xa5, 0x14, 0xa5, 0x14, 0x9d,
    0xf4, 0x9c, 0xd4, 0x9c, 0xb3, 0x94, 0x93, 0x94, 0x92, 0x94, 0x72, 0x8c,
    0x51, 0x8c, 0x31, 0x84, 0x10, 0x84, 0xd0, 0x7b, 0xaf, 0x73, 0x8e, 0x73,
    0x6e, 0x6b, 0x4e, 0x6b, 0x4d, 0x6b, 0x2d, 0x63, 0x0c, 0x63, 0xec, 0x62,
    0xec, 0x62, 0xec, 0x62, 0xec, 0x62, 0x0c, 0x63, 0x0c, 0x63, 0x0d, 0x63,
    0x0d, 0x63, 0x0c, 0x63, 0x0c, 0x6b, 0x0d, 0x6b, 0x2d, 0x6b, 0x2d, 0x6b,
    0x2d, 0x63, 0x4d, 0x6b, 0x4d, 0x6b, 0x4d, 0x6b, 0x4e, 0x6b, 0x2e, 0x6b,
    0x4d, 0x6b, 0x4d, 0x73, 0x4e, 0x6b, 0x6e, 0x73, 0x6e, 0x6b, 0x6e, 0x6b,
    0x6e, 0x73, 0x8e, 0x73, 0x8e, 0x73, 0x8f, 0x73, 0xaf, 0x73, 0xaf, 0x7b,
    0x92, 0x94, 0x52, 0x8c, 0x31, 0x8c, 0xd0, 0x7b, 0x8e, 0x73, 0x4d, 0x6b,
    0x2d, 0x63, 0x0d, 0x63, 0x0c, 0x63, 0x0c, 0x63, 0x0d, 0x63, 0x2c, 0x63,
    0x0d, 0x63, 0x0c, 0x63, 0x0c, 0x63, 0x0d, 0x63, 0x0d, 0x63, 0x2d, 0x63,
    0x2d, 0x63, 0x2d, 0x63, 0x2d, 0x6b, 0x4e, 0x6b, 0x4e, 0x6b, 0x4e, 0x6b,
    0x6e, 0x6b, 0x6e, 0x6b, 0x8e, 0x6b, 0x8f, 0x73, 0x8e, 0x73, 0xaf, 0x73,
    0xaf, 0x73, 0xaf, 0x73, 0x8f, 0x73, 0x8f, 0x73, 0x8f, 0x73, 0x8e, 0x6b,
    0x8f, 0x73, 0x8f, 0x73, 0x6e, 0x6b, 0x4e, 0x6b, 0x4e, 0x6b, 0x4d, 0x6b,
    0x4d, 0x6b, 0x4e, 0x6b, 0x2d, 0x6b, 0x2d, 0x6b, 0x2d, 0x63, 0x2d, 0x6b,
    0x2d, 0x63, 0x2d, 0x63, 0x2d, 0x63, 0x4e, 0x6b, 0x8f, 0x73, 0xf0, 0x7b,
    0x31, 0x84, 0x72, 0x8c, 0x92, 0x94, 0x72, 0x8c, 0x92, 0x94, 0xd3, 0x9c,
    0x15, 0xa5, 0x55, 0xad, 0x56, 0xad, 0x55, 0xad, 0x55, 0xad, 0x35, 0xad,
    0x55, 0xad, 0x55, 0xad, 0x35, 0xad, 0x55, 0xad, 0x55, 0xad, 0x55, 0xad,
    0x56, 0xad, 0x56, 0xad, 0x55, 0xa5, 0x35, 0xa5, 0x14, 0xa5, 0xf4, 0x9c,
    0xf4, 0xa4, 0xf4, 0xa4, 0xf4, 0x9c, 0xf4, 0x9c, 0xf3, 0xa4, 0x14, 0xa5,
    0xf3, 0xac, 0xf3, 0xa4, 0x14, 0xa5, 0x35, 0xad, 0x56, 0xad, 0x76, 0xad,
    0x75, 0xad, 0x76, 0xad, 0x14, 0xa5, 0x93, 0x94, 0x93, 0x94, 0x92, 0x8c,
    0x92, 0x8c, 0x92, 0x8c, 0x93, 0x8c, 0x93, 0x94, 0xb3, 0x94, 0xd3, 0x9c,
    0xd4, 0x9c, 0xf4, 0x9c, 0x14, 0xa5, 0x15, 0xa5, 0x35, 0xa5, 0x55, 0xad,
    0x56, 0xad, 0x76, 0xad, 0x76, 0xb5, 0x96, 0xb5, 0x76, 0xad, 0x97, 0xb5,
    0x97, 0xb5, 0x97, 0xb5, 0x96, 0xb5, 0x97, 0xb5, 0x97, 0xb5, 0x96, 0xb5,
    0x96, 0xb5, 0x97, 0xb5, 0x97, 0xb5, 0x76, 0xad, 0x55, 0xad, 0x35, 0xa5,
    0x35, 0xa5, 0x35, 0xa5, 0x15, 0xa5, 0x14, 0xa5, 0xf4, 0x9c, 0xf4, 0x9c,
    0xd4, 0x9c, 0xb3, 0x9c, 0xb3, 0x94, 0x92, 0x94, 0x72, 0x8c, 0x51, 0x8c,
    0x11, 0x84, 0xf0, 0x83, 0xcf, 0x7b, 0xaf, 0x73, 0x8f, 0x73, 0x6e, 0x73,
    0x4e, 0x6b, 0x2d, 0x6b, 0x2d, 0x63, 0x0c, 0x63, 0xec, 0x62, 0xec, 0x5a,
    0xec, 0x62, 0xec, 0x62, 0xec, 0x62, 0xec, 0x62, 0x0c, 0x63, 0x0d, 0x63,
    0x0d, 0x63, 0x0d, 0x63, 0x0c, 0x63, 0x0d, 0x63, 0x2d, 0x6b, 0x2d, 0x6b,
    0x2d, 0x6b, 0x2d, 0x6b, 0x4d, 0x6b, 0x4d, 0x6b, 0x2d, 0x6b, 0x4d, 0x6b,
    0x4d, 0x6b, 0x4e, 0x6b, 0x4d, 0x6b, 0x4d, 0x6b, 0x6e, 0x73, 0x6e, 0x73,
    0x6e, 0x73, 0x8e, 0x73, 0x8e, 0x73, 0x8e, 0x73, 0x8f, 0x73, 0xaf, 0x7b,
    0x72, 0x94, 0x31, 0x8c, 0xf0, 0x83, 0xaf, 0x7b, 0x6e, 0x73, 0x2d, 0x6b,
    0x0c, 0x63, 0x0d, 0x63, 0x0c, 0x63, 0x0d, 0x63, 0x0d, 0x63, 0x2d, 0x63,
    0x2d, 0x63, 0x2d, 0x63, 0x0c, 0x63, 0x2d, 0x63, 0x0d, 0x63, 0x2d, 0x63,
    0x2d, 0x6b, 0x2d, 0x6b, 0x4e, 0x6b, 0x4e, 0x6b, 0x6e, 0x6b, 0x6e, 0x6b,
    0x6e, 0x6b, 0x6e, 0x6b, 0x8e, 0x6b, 0x8f, 0x73, 0x8f, 0x73, 0xaf, 0x73,
    0xaf, 0x73, 0x8f, 0x73, 0xae, 0x73, 0x8f, 0x73, 0x8e, 0x6b, 0x8e, 0x73,
    0x8f, 0x6b, 0x6e, 0x6b, 0x6e, 0x6b, 0x4e, 0x6b, 0x4e, 0x6b, 0x4d, 0x6b,
    0x4e, 0x6b, 0x2d, 0x63, 0x2d, 0x63, 0x2d, 0x63, 0x2d, 0x6b, 0x2d, 0x63,
    0x2d, 0x6b, 0x2d, 0x63, 0x2d, 0x6b, 0x6e, 0x73, 0xf0, 0x7b, 0x31, 0x84,
    0x72, 0x8c, 0xb2, 0x94, 0xb3, 0x9c, 0xb3, 0x94, 0xb3, 0x94, 0xf4, 0x9c,
    0x14, 0xa5, 0x35, 0xad, 0x55, 0xad, 0x55, 0xad, 0x35, 0xad, 0x55, 0xad,
    0x35, 0xad, 0x35, 0xad, 0x35, 0xa5, 0x35, 0xad, 0x35, 0xad, 0x55, 0xad,
    0x56, 0xad, 0x56, 0xad, 0x55, 0xad, 0x55, 0xad, 0x35, 0xa5, 0x14, 0x9d,
    0xf4, 0xa4, 0xf4, 0xa4, 0x14, 0xa5, 0xf3, 0xa4, 0xd3, 0xa4, 0xd2, 0xa4,
    0xf3, 0xac, 0xf2, 0xac, 0x13, 0xad, 0x34, 0xad, 0x55, 0xad, 0x56, 0xad,
    0x76, 0xad, 0x56, 0xad, 0x55, 0xad, 0x14, 0xa5, 0xb3, 0x94, 0xb3, 0x94,
    0xb3, 0x94, 0xb3, 0x94, 0xb3, 0x94, 0xb3, 0x94, 0xd4, 0x9c, 0xf4, 0x9c,
    0xf4, 0x9c, 0x14, 0xa5, 0x15, 0xa5, 0x35, 0xa5, 0x55, 0xad, 0x55, 0xad,
    0x76, 0xad, 0x76, 0xb5, 0x76, 0xad, 0x96, 0xb5, 0x97, 0xb5, 0x96, 0xb5,
    0x96, 0xb5, 0xb7, 0xb5, 0xb7, 0xb5, 0x96, 0xb5, 0x96, 0xb5, 0x96, 0xad,
    0x97, 0xb5, 0x97, 0xb5, 0x96, 0xb5, 0x76, 0xad, 0x76, 0xad, 0x35, 0xa5,
    0x35, 0xa5, 0x35, 0xa5, 0x15, 0xa5, 0x14, 0xa5, 0xf4, 0x9c, 0xd4, 0x9c,
    0xd3, 0x94, 0xb3, 0x94, 0x92, 0x94, 0x72, 0x8c, 0x51, 0x8c, 0x31, 0x84,
    0xf0, 0x7b, 0xd0, 0x7b, 0xaf, 0x73, 0x8e, 0x73, 0x6e, 0x6b, 0x4d, 0x6b,
    0x2d, 0x6b, 0x0d, 0x63, 0x0c, 0x63, 0xec, 0x62, 0xec, 0x5a, 0xcc, 0x62,
    0xcc, 0x5a, 0xec, 0x5a, 0xec, 0x62, 0xec, 0x62, 0xec, 0x62, 0x0c, 0x63,
    0x0c, 0x63, 0x0c, 0x63, 0x0d, 0x63, 0x0d, 0x63, 0x0c, 0x63, 0x2d, 0x6b,
    0x2d, 0x6b, 0x2d, 0x6b, 0x2d, 0x6b, 0x4d, 0x6b, 0x4e, 0x6b, 0x4d, 0x6b,
    0x4e, 0x6b, 0x4e, 0x6b, 0x4e, 0x73, 0x6e, 0x73, 0x6e, 0x73, 0x6e, 0x73,
    0x6e, 0x6b, 0x6e, 0x73, 0x6e, 0x73, 0x8e, 0x73, 0x8f, 0x73, 0xaf, 0x7b,
    0x51, 0x8c, 0x10, 0x84, 0xcf, 0x7b, 0x8e, 0x73, 0x4d, 0x6b, 0x0d, 0x63,
    0x0c, 0x63, 0x0c, 0x63, 0x0d, 0x63, 0x0c, 0x63, 0x0d, 0x63, 0x0c, 0x63,
    0x0d, 0x63, 0x0d, 0x63, 0x2d, 0x6b, 0x0d, 0x63, 0x0c, 0x63, 0x2d, 0x63,
    0x2d, 0x63, 0x4d, 0x6b, 0x4e, 0x6b, 0x4e, 0x6b, 0x6e, 0x6b, 0x8e, 0x6b,
    0x8e, 0x73, 0x8e, 0x73, 0x8f, 0x73, 0x8f, 0x73, 0x8f, 0x73, 0xaf, 0x73,
    0xaf, 0x73, 0xaf, 0x73, 0xaf, 0x73, 0x8e, 0x73, 0x8e, 0x6b, 0x8f, 0x73,
    0x6e, 0x73, 0x6e, 0x6b, 0x6e, 0x6b, 0x6e, 0x6b, 0x4e, 0x6b, 0x4d, 0x6b,
    0x4d, 0x6b, 0x2d, 0x63, 0x2d, 0x63, 0x2d, 0x63, 0x2d, 0x63, 0x2d, 0x6b,
    0x2d, 0x63, 0x2d, 0x6b, 0x6e, 0x6b, 0xd0, 0x7b, 0x11, 0x84, 0x52, 0x8c,
    0x92, 0x94, 0xb3, 0x9c, 0xf4, 0x9c, 0xf4, 0x9c, 0xd4, 0x9c, 0xf4, 0xa4,
    0x14, 0xa5, 0x15, 0xa5, 0x55, 0xad, 0x55, 0xad, 0x35, 0xad, 0x35, 0xad,
    0x35, 0xad, 0x35, 0xad, 0x35, 0xad, 0x35, 0xad, 0x55, 0xad, 0x55, 0xad,
    0x55, 0xad, 0x56, 0xad, 0x55, 0xad, 0x56, 0xad, 0x55, 0xad, 0x35, 0xa5,
    0x14, 0xa5, 0x14, 0xa5, 0x35, 0xa5, 0x14, 0xa5, 0xf3, 0xa4, 0xd2, 0xa4,
    0xd2, 0xac, 0xf2, 0xac, 0xf2, 0xac, 0x13, 0xad, 0x34, 0xad, 0x55, 0xad,
    0x56, 0xad, 0x76, 0xad, 0x56, 0xad, 0x76, 0xad, 0x35, 0xa5, 0xf4, 0x9c,
    0xd4, 0x9c, 0xd4, 0x9c, 0xd4, 0x9c, 0xd4, 0x9c, 0xf4, 0x9c, 0xf4, 0x9c,
    0x14, 0xa5, 0x15, 0xa5, 0x35, 0xa5, 0x35, 0xad, 0x55, 0xad, 0x76, 0xad,
    0x76, 0xb5, 0x76, 0xad, 0x96, 0xb5, 0x96, 0xb5, 0x96, 0xb5, 0x97, 0xb5,
    0x97, 0xb5, 0x96, 0xb5, 0x97, 0xb5, 0x96, 0xb5, 0x96, 0xb5, 0x97, 0xb5,
    0x96, 0xb5, 0x96, 0xad, 0x76, 0xad, 0x76, 0xad, 0x76, 0xad, 0x55, 0xad,
    0x35, 0xa5, 0x15, 0xa5, 0x14, 0xa5, 0x14, 0xa5, 0xf4, 0x9c, 0xd3, 0x9c,
    0xb3, 0x94, 0x92, 0x94, 0x72, 0x8c, 0x52, 0x8c, 0x31, 0x84, 0x10, 0x84,
    0xd0, 0x7b, 0xaf, 0x73, 0x8e, 0x73, 0x6e, 0x6b, 0x4d, 0x6b, 0x2d, 0x63,
    0x0c, 0x63, 0xec, 0x62, 0xec, 0x62, 0xec, 0x5a, 0xec, 0x5a, 0xcb, 0x5a,
    0xcb, 0x62, 0xeb, 0x5a, 0xec, 0x5a, 0xec, 0x62, 0xec, 0x62, 0x0c, 0x63,
    0x0d, 0x63, 0x0c, 0x63, 0x0c, 0x63, 0x0c, 0x6b, 0x0d, 0x6b, 0x2d, 0x63,
    0x2c, 0x63, 0x2d, 0x6b, 0x4d, 0x6b, 0x4d, 0x6b, 0x4d, 0x6b, 0x4e, 0x6b,
    0x4d, 0x6b, 0x4d, 0x6b, 0x4d, 0x6b, 0x4e, 0x73, 0x4e, 0x73, 0x6e, 0x6b,
    0x6e, 0x73, 0x6e, 0x73, 0x8e, 0x73, 0x6e, 0x73, 0x8e, 0x73, 0xaf, 0x73,
    0x10, 0x8c, 0xf0, 0x83, 0xaf, 0x73, 0x4e, 0x6b, 0x2d, 0x63, 0x0d, 0x63,
    0x0d, 0x63, 0x0d, 0x63, 0x0d, 0x63, 0x0c, 0x63, 0x0c, 0x63, 0x0d, 0x63,
    0x0d, 0x63, 0x2c, 0x63, 0x2d, 0x63, 0x2d, 0x63, 0x2d, 0x6b, 0x2d, 0x63,
    0x2d, 0x63, 0x4d, 0x6b, 0x6e, 0x6b, 0x6e, 0x6b, 0x6e, 0x6b, 0x8f, 0x73,
    0x8e, 0x73, 0x8f, 0x73, 0x8f, 0x73, 0xaf, 0x73, 0xaf, 0x73, 0xae, 0x73,
    0x8f, 0x73, 0xaf, 0x73, 0xaf, 0x73, 0x8f, 0x73, 0x8e, 0x73, 0x8e, 0x6b,
    0x6e, 0x73, 0x6e, 0x6b, 0x6e, 0x6b, 0x4e, 0x6b, 0x4d, 0x6b, 0x4d, 0x6b,
    0x4e, 0x6b, 0x2d, 0x63, 0x2d, 0x6b, 0x2d, 0x6b, 0x2d, 0x6b, 0x2d, 0x63,
    0x2d, 0x63, 0x6e, 0x6b, 0xaf, 0x7b, 0x11, 0x84, 0x52, 0x8c, 0x92, 0x8c,
    0xb3, 0x94, 0xd4, 0x9c, 0x14, 0xa5, 0x35, 0xa5, 0x35, 0xa5, 0x15, 0xa5,
    0x14, 0xa5, 0x14, 0xa5, 0x55, 0xad, 0x55, 0xad, 0x35, 0xad, 0x35, 0xad,
    0x35, 0xad, 0x35, 0xad, 0x35, 0xad, 0x35, 0xad, 0x35, 0xad, 0x55, 0xa5,
    0x55, 0xad, 0x55, 0xad, 0x56, 0xad, 0x56, 0xad, 0x76, 0xad, 0x55, 0xad,
    0x35, 0xa5, 0x15, 0xa5, 0x35, 0xa5, 0x35, 0xad, 0x13, 0xad, 0xf3, 0xac,
    0xf2, 0xac, 0xd1, 0xac, 0xd1, 0xac, 0x13, 0xad, 0x34, 0xad, 0x55, 0xad,
    0x76, 0xad, 0x56, 0xb5, 0x75, 0xad, 0x56, 0xad, 0x56, 0xad, 0x35, 0xad,
    0x14, 0xa5, 0x14, 0xa5, 0x14, 0xa5, 0x14, 0x9d, 0x14, 0xa5, 0x15, 0xa5,
    0x35, 0xa5, 0x35, 0xa5, 0x55, 0xad, 0x56, 0xad, 0x76, 0xad, 0x96, 0xb5,
    0x97, 0xb5, 0x96, 0xb5, 0x96, 0xb5, 0x96, 0xb5, 0x97, 0xad, 0x97, 0xb5,
    0x97, 0xb5, 0x97, 0xb5, 0x96, 0xb5, 0x97, 0xb5, 0x76, 0xad, 0x96, 0xb5,
    0x76, 0xad, 0x76, 0xb5, 0x76, 0xad, 0x76, 0xad, 0x56, 0xad, 0x55, 0xad,
    0x35, 0xa5, 0x35, 0xa5, 0x14, 0xa5, 0xf4, 0x9c, 0xd4, 0x9c, 0xb3, 0x94,
    0x93, 0x94, 0x92, 0x94, 0x52, 0x8c, 0x31, 0x84, 0x10, 0x84, 0xd0, 0x7b,
    0xaf, 0x73, 0x8e, 0x73, 0x6e, 0x6b, 0x4d, 0x6b, 0x2d, 0x63, 0xec, 0x62,
    0xec, 0x5a, 0xec, 0x5a, 0xcc, 0x5a, 0xcb, 0x5a, 0xcb, 0x5a, 0xcc, 0x5a,
    0xcc, 0x5a, 0xec, 0x62, 0xec, 0x62, 0xec, 0x62, 0x0c, 0x63, 0x0c, 0x63,
    0x0d, 0x63, 0x0d, 0x63, 0x0d, 0x63, 0x0d, 0x63, 0x2d, 0x6b, 0x2c, 0x6b,
    0x0d, 0x6b, 0x2d, 0x6b, 0x2d, 0x6b, 0x2d, 0x6b, 0x4d, 0x6b, 0x4d, 0x6b,
    0x4d, 0x6b, 0x4d, 0x6b, 0x4e, 0x73, 0x4e, 0x6b, 0x6e, 0x6b, 0x6e, 0x73,
    0x6e, 0x73, 0x6e, 0x73, 0x8e, 0x73, 0x8e, 0x73, 0x8e, 0x73, 0x8e, 0x73,
    0xf0, 0x83, 0xaf, 0x7b, 0x6e, 0x73, 0x4d, 0x6b, 0x0d, 0x63, 0x0d, 0x63,
    0x2c, 0x63, 0x2d, 0x63, 0x2c, 0x63, 0x0d, 0x63, 0x0d, 0x63, 0x0c, 0x63,
    0x0c, 0x63, 0x0d, 0x63, 0x2d, 0x63, 0x2d, 0x6b, 0x2d, 0x63, 0x2d, 0x6b,
    0x4d, 0x6b, 0x4d, 0x6b, 0x6e, 0x6b, 0x6e, 0x6b, 0x8e, 0x73, 0x8f, 0x73,
    0x8f, 0x73, 0x8f, 0x73, 0xae, 0x73, 0xae, 0x73, 0x8f, 0x73, 0x8f, 0x6b,
    0x8e, 0x73, 0x8f, 0x73, 0x8e, 0x73, 0x8f, 0x73, 0x8e, 0x6b, 0x6e, 0x6b,
    0x6e, 0x6b, 0x4e, 0x6b, 0x6e, 0x6b, 0x4e, 0x6b, 0x4d, 0x6b, 0x4e, 0x6b,
    0x4e, 0x63, 0x2d, 0x63, 0x2d, 0x63, 0x2d, 0x63, 0x2d, 0x63, 0x2d, 0x63,
    0x4e, 0x6b, 0xaf, 0x73, 0x10, 0x84, 0x31, 0x8c, 0x72, 0x8c, 0xb3, 0x94,
    0xd4, 0x9c, 0x14, 0xa5, 0x35, 0xa5, 0x35, 0xad, 0x55, 0xad, 0x35, 0xa5,
    0x14, 0xa5, 0xf4, 0xa4, 0x35, 0xad, 0x35, 0xad, 0x35, 0xad, 0x35, 0xad,
    0x35, 0xad, 0x35, 0xad, 0x35, 0xa5, 0x34, 0xad, 0x35, 0xad, 0x35, 0xad,
    0x55, 0xad, 0x56, 0xa5, 0x76, 0xad, 0x76, 0xad, 0x55, 0xad, 0x56, 0xad,
    0x56, 0xad, 0x55, 0xa5, 0x55, 0xad, 0x55, 0xad, 0x34, 0xad, 0x13, 0xad,
    0xd2, 0xac, 0xd1, 0xac, 0xd1, 0xac, 0xf2, 0xac, 0x13, 0xad, 0x34, 0xad,
    0x55, 0xad, 0x76, 0xad, 0x56, 0xad, 0x75, 0xad, 0x75, 0xad, 0x76, 0xb5,
    0x55, 0xad, 0x35, 0xa5, 0x35, 0xa5, 0x35, 0xa5, 0x35, 0xa5, 0x35, 0xad,
    0x35, 0xad, 0x55, 0xad, 0x76, 0xad, 0x76, 0xad, 0x76, 0xb5, 0x96, 0xb5,
    0x96, 0xb5, 0x96, 0xb5, 0x97, 0xb5, 0x97, 0xb5, 0x97, 0xb5, 0x96, 0xb5,
    0x96, 0xb5, 0x96, 0xad, 0x96, 0xb5, 0x96, 0xad, 0x76, 0xb5, 0x76, 0xad,
    0x76, 0xad, 0x76, 0xad, 0x56, 0xad, 0x55, 0xad, 0x55, 0xad, 0x35, 0xa5,
    0x35, 0xa5, 0x15, 0xa5, 0xf4, 0x9c, 0xd4, 0x9c, 0xd3, 0x9c, 0x93, 0x94,
    0x92, 0x8c, 0x52, 0x8c, 0x31, 0x84, 0x10, 0x84, 0xd0, 0x7b, 0xaf, 0x73,
    0x8e, 0x73, 0x6e, 0x6b, 0x2d, 0x6b, 0x0d, 0x63, 0xec, 0x5a, 0xcc, 0x5a,
    0xcb, 0x5a, 0xcb, 0x5a, 0xcc, 0x5a, 0xcb, 0x5a, 0xcc, 0x5a, 0xcb, 0x5a,
    0xec, 0x5a, 0xec, 0x5a, 0xcc, 0x62, 0xec, 0x62, 0xec, 0x62, 0x0c, 0x63,
    0x0c, 0x63, 0x0d, 0x63, 0x0d, 0x63, 0x0d, 0x6b, 0x2c, 0x63, 0x0d, 0x63,
    0x0d, 0x6b, 0x2d, 0x6b, 0x2d, 0x6b, 0x2d, 0x6b, 0x4d, 0x6b, 0x4d, 0x6b,
    0x4e, 0x6b, 0x4e, 0x6b, 0x4e, 0x6b, 0x4d, 0x73, 0x4d, 0x6b, 0x6e, 0x73,
    0x6e, 0x73, 0x6e, 0x6b, 0x6e, 0x73, 0x6e, 0x73, 0x8e, 0x73, 0x8f, 0x73,
    0xaf, 0x7b, 0x8e, 0x73, 0x4d, 0x6b, 0x2d, 0x6b, 0x2d, 0x63, 0x0c, 0x63,
    0x2c, 0x6b, 0x0d, 0x6b, 0x0d, 0x63, 0x0c, 0x63, 0x2d, 0x63, 0x0c, 0x63,
    0x0d, 0x63, 0x0c, 0x63, 0x0d, 0x63, 0x2d, 0x63, 0x2d, 0x63, 0x4d, 0x6b,
    0x4e, 0x6b, 0x6e, 0x6b, 0x6e, 0x6b, 0x8f, 0x73, 0x8f, 0x73, 0xaf, 0x73,
    0xaf, 0x73, 0xaf, 0x73, 0x8f, 0x73, 0x8f, 0x73, 0xaf, 0x73, 0x8f, 0x73,
    0x8f, 0x6b, 0x8e, 0x73, 0x8f, 0x73, 0x8f, 0x73, 0x8f, 0x73, 0x6e, 0x73,
    0x6e, 0x6b, 0x4e, 0x6b, 0x4e, 0x6b, 0x4e, 0x6b, 0x4e, 0x6b, 0x4d, 0x6b,
    0x4d, 0x6b, 0x2d, 0x63, 0x2d, 0x63, 0x2d, 0x6b, 0x2d, 0x63, 0x4e, 0x6b,
    0x8f, 0x73, 0xf0, 0x83, 0x51, 0x8c, 0x72, 0x8c, 0xb3, 0x94, 0xd4, 0x9c,
    0xf4, 0xa4, 0x15, 0xa5, 0x35, 0xad, 0x55, 0xad, 0x56, 0xad, 0x35, 0xad,
    0x35, 0xa5, 0xf4, 0xa4, 0x14, 0xa5, 0x35, 0xad, 0x35, 0xad, 0x35, 0xa5,
    0x34, 0xad, 0x34, 0xad, 0x34, 0xad, 0x35, 0xa5, 0x35, 0xad, 0x35, 0xad,
    0x55, 0xad, 0x56, 0xad, 0x55, 0xad, 0x75, 0xad, 0x75, 0xad, 0x56, 0xad,
    0x75, 0xad, 0x55, 0xad, 0x56, 0xad, 0x55, 0xad, 0x35, 0xad, 0x13, 0xad,
    0xf2, 0xac, 0xd0, 0xb4, 0xd0, 0xb4, 0xd1, 0xb4, 0x12, 0xad, 0x34, 0xad,
    0x55, 0xad, 0x56, 0xad, 0x56, 0xad, 0x76, 0xad, 0x56, 0xad, 0x55, 0xad,
    0x76, 0xad, 0x76, 0xad, 0x55, 0xad, 0x55, 0xad, 0x55, 0xad, 0x55, 0xad,
    0x56, 0xad, 0x76, 0xad, 0x76, 0xb5, 0x76, 0xb5, 0x96, 0xad, 0x96, 0xb5,
    0x96, 0xad, 0x96, 0xb5, 0x97, 0xb5, 0x97, 0xb5, 0x96, 0xb5, 0x96, 0xb5,
    0x96, 0xb5, 0x76, 0xb5, 0x76, 0xb5, 0x96, 0xb5, 0x76, 0xad, 0x76, 0xad,
    0x76, 0xad, 0x56, 0xad, 0x55, 0xad, 0x35, 0xad, 0x35, 0xa5, 0x35, 0xa5,
    0x14, 0xa5, 0xf4, 0xa4, 0xd4, 0x9c, 0xb3, 0x94, 0xb3, 0x94, 0x92, 0x94,
    0x52, 0x8c, 0x31, 0x84, 0x10, 0x84, 0xf0, 0x7b, 0xaf, 0x73, 0x8e, 0x73,
    0x4e, 0x6b, 0x2d, 0x6b, 0x0c, 0x63, 0xec, 0x5a, 0xcb, 0x5a, 0xcb, 0x5a,
    0xab, 0x5a, 0xab, 0x5a, 0xcb, 0x5a, 0xcb, 0x5a, 0xcc, 0x5a, 0xec, 0x5a,
    0xcb, 0x5a, 0xcc, 0x62, 0xcb, 0x5a, 0xec, 0x5a, 0xec, 0x62, 0xec, 0x62,
    0x0c, 0x63, 0x0c, 0x63, 0x0c, 0x63, 0x0c, 0x63, 0x0d, 0x6b, 0x2d, 0x63,
    0x0d, 0x63, 0x2d, 0x6b, 0x2d, 0x6b, 0x2d, 0x6b, 0x2d, 0x6b, 0x4d, 0x6b,
    0x2d, 0x6b, 0x4d, 0x6b, 0x4d, 0x6b, 0x4d, 0x6b, 0x4e, 0x73, 0x4e, 0x73,
    0x6e, 0x73, 0x6e, 0x73, 0x6e, 0x73, 0x6e, 0x73, 0x8e, 0x73, 0x8f, 0x73,
    0x8e, 0x73, 0x4d, 0x6b, 0x2d, 0x6b, 0x2d, 0x63, 0x2d, 0x63, 0x0d, 0x63,
    0x2d, 0x63, 0x2d, 0x63, 0x0d, 0x63, 0x0c, 0x63, 0x0c, 0x63, 0x0d, 0x63,
    0x0d, 0x63, 0x0c, 0x63, 0x0d, 0x63, 0x2d, 0x63, 0x4d, 0x6b, 0x4e, 0x6b,
    0x6e, 0x6b, 0x6e, 0x6b, 0x8e, 0x6b, 0x8e, 0x73, 0x8f, 0x73, 0xaf, 0x73,
    0xaf, 0x73, 0xaf, 0x73, 0x8f, 0x73, 0x8f, 0x73, 0x8f, 0x73, 0x8e, 0x73,
    0x8e, 0x73, 0x8f, 0x6b, 0x6e, 0x73, 0x8e, 0x73, 0x8e, 0x6b, 0x6e, 0x6b,
    0x6e, 0x6b, 0x4e, 0x6b, 0x4d, 0x6b, 0x4d, 0x6b, 0x4d, 0x6b, 0x4e, 0x63,
    0x4d, 0x63, 0x2d, 0x6b, 0x2d, 0x6b, 0x2d, 0x63, 0x4e, 0x6b, 0x8e, 0x73,
    0xf0, 0x7b, 0x31, 0x84, 0x72, 0x94, 0xb3, 0x94, 0xd4, 0x9c, 0xf4, 0x9c,
    0x14, 0xa5, 0x35, 0xa5, 0x55, 0xad, 0x55, 0xad, 0x55, 0xad, 0x35, 0xad,
    0x55, 0xa5, 0x35, 0xad, 0x14, 0xa5, 0x35, 0xad, 0x35, 0xad, 0x34, 0xad,
    0x35, 0xad, 0x15, 0xa5, 0x35, 0xad, 0x35, 0xad, 0x35, 0xad, 0x55, 0xad,
    0x55, 0xad, 0x55, 0xad, 0x56, 0xad, 0x56, 0xad, 0x56, 0xad, 0x75, 0xad,
    0x56, 0xad, 0x76, 0xad, 0x55, 0xad, 0x35, 0xad, 0x34, 0xad, 0x34, 0xad,
    0xf2, 0xac, 0xd0, 0xac, 0xaf, 0xb4, 0xd0, 0xb4, 0xf2, 0xac, 0x33, 0xad,
    0x35, 0xad, 0x76, 0xb5, 0x76, 0xad, 0x55, 0xad, 0x56, 0xad, 0x76, 0xad,
    0x55, 0xad, 0x56, 0xad, 0x76, 0xad, 0x56, 0xad, 0x56, 0xad, 0x76, 0xad,
    0x76, 0xad, 0x76, 0xb5, 0x76, 0xb5, 0x96, 0xad, 0x76, 0xb5, 0x96, 0xb5,
    0x97, 0xb5, 0x97, 0xb5, 0x96, 0xb5, 0x96, 0xb5, 0x96, 0xb5, 0x77, 0xb5,
    0x96, 0xad, 0x76, 0xad, 0x76, 0xb5, 0x76, 0xad, 0x76, 0xad, 0x56, 0xad,
    0x55, 0xad, 0x55, 0xad, 0x35, 0xad, 0x35, 0xa5, 0x35, 0xa5, 0x15, 0xa5,
    0x14, 0x9d, 0xf4, 0x9c, 0xd3, 0x9c, 0xb3, 0x94, 0x92, 0x94, 0x72, 0x8c,
    0x31, 0x84, 0x11, 0x84, 0xf0, 0x7b, 0xaf, 0x73, 0x8f, 0x73, 0x4e, 0x6b,
    0x2d, 0x63, 0x0c, 0x63, 0xec, 0x5a, 0xcb, 0x5a, 0xab, 0x5a, 0xab, 0x52,
    0xab, 0x5a, 0xab, 0x52, 0xab, 0x5a, 0xab, 0x5a, 0xcc, 0x5a, 0xcc, 0x5a,
    0xeb, 0x5a, 0xcc, 0x62, 0xec, 0x62, 0xeb, 0x62, 0xec, 0x5a, 0xec, 0x62,
    0x0c, 0x63, 0x0c, 0x63, 0x0d, 0x63, 0x0d, 0x63, 0x2c, 0x6b, 0x0c, 0x6b,
    0x2d, 0x63, 0x2c, 0x6b, 0x2d, 0x63, 0x2d, 0x6b, 0x4d, 0x6b, 0x4d, 0x6b,
    0x4d, 0x6b, 0x4e, 0x6b, 0x4d, 0x6b, 0x4d, 0x6b, 0x4e, 0x6b, 0x6e, 0x73,
    0x6d, 0x6b, 0x6e, 0x73, 0x6e, 0x73, 0x8e, 0x73, 0x8e, 0x73, 0x8e, 0x73,
    0x6e, 0x6b, 0x2d, 0x6b, 0x2d, 0x6b, 0x2d, 0x63, 0x2d, 0x6b, 0x2d, 0x6b,
    0x0d, 0x63, 0x0c, 0x63, 0x2d, 0x6b, 0x0d, 0x63, 0x0d, 0x63, 0x0c, 0x63,
    0x2c, 0x63, 0x0d, 0x63, 0x2d, 0x63, 0x2d, 0x6b, 0x4d, 0x6b, 0x4e, 0x6b,
    0x6e, 0x6b, 0x8e, 0x73, 0x8f, 0x73, 0x8f, 0x73, 0x8f, 0x73, 0xaf, 0x73,
    0xaf, 0x73, 0xaf, 0x73, 0xaf, 0x73, 0x8e, 0x73, 0x8e, 0x73, 0x8e, 0x6b,
    0x8e, 0x73, 0x6e, 0x6b, 0x6e, 0x6b, 0x6e, 0x6b, 0x6e, 0x6b, 0x6e, 0x6b,
    0x4e, 0x6b, 0x4d, 0x6b, 0x4d, 0x6b, 0x4e, 0x63, 0x4e, 0x6b, 0x4d, 0x6b,
    0x4d, 0x63, 0x2d, 0x6b, 0x2d, 0x63, 0x2e, 0x63, 0x8e, 0x73, 0xf0, 0x7b,
    0x31, 0x84, 0x72, 0x8c, 0xb3, 0x94, 0xd3, 0x9c, 0xf4, 0x9c, 0x14, 0xa5,
    0x35, 0xa5, 0x35, 0xad, 0x56, 0xad, 0x55, 0xad, 0x35, 0xad, 0x55, 0xad,
    0x35, 0xad, 0x35, 0xad, 0x34, 0xad, 0x35, 0xad, 0x35, 0xa5, 0x35, 0xad,
    0x34, 0xad, 0x35, 0xad, 0x35, 0xa5, 0x35, 0xad, 0x35, 0xad, 0x35, 0xad,
    0x55, 0xa5, 0x56, 0xad, 0x56, 0xad, 0x55, 0xad, 0x76, 0xad, 0x56, 0xad,
    0x56, 0xad, 0x55, 0xad, 0x35, 0xa5, 0x35, 0xa5, 0x14, 0xa5, 0x14, 0xad,
    0x13, 0xad, 0xd1, 0xac, 0xaf, 0xb4, 0xd0, 0xac, 0xd1, 0xac, 0x13, 0xad,
    0x34, 0xad, 0x56, 0xad, 0x76, 0xad, 0x76, 0xad, 0x75, 0xad, 0x56, 0xad,
    0x56, 0xad, 0x56, 0xad, 0x75, 0xad, 0x76, 0xad, 0x76, 0xad, 0x76, 0xb5,
    0x76, 0xad, 0x76, 0xad, 0x76, 0xb5, 0x96, 0xb5, 0x96, 0xb5, 0x97, 0xb5,
    0x96, 0xb5, 0x97, 0xb5, 0x97, 0xb5, 0x96, 0xb5, 0x96, 0xb5, 0x96, 0xad,
    0x76, 0xad, 0x76, 0xb5, 0x76, 0xad, 0x76, 0xad, 0x56, 0xad, 0x55, 0xad,
    0x55, 0xad, 0x35, 0xa5, 0x35, 0xa5, 0x15, 0xa5, 0x14, 0xa5, 0xf4, 0xa4,
    0xf4, 0x9c, 0xd3, 0x9c, 0xb3, 0x94, 0x92, 0x94, 0x72, 0x8c, 0x31, 0x84,
    0x11, 0x84, 0xf0, 0x7b, 0xcf, 0x73, 0x8e, 0x73, 0x4e, 0x6b, 0x2d, 0x63,
    0xec, 0x62, 0xcc, 0x5a, 0xcb, 0x5a, 0xab, 0x52, 0xab, 0x52, 0x8b, 0x52,
    0xaa, 0x52, 0xab, 0x5a, 0xab, 0x5a, 0xcb, 0x5a, 0xcb, 0x5a, 0xcc, 0x5a,
    0xec, 0x5a, 0xec, 0x5a, 0xcc, 0x5a, 0xec, 0x5a, 0xec, 0x62, 0xec, 0x62,
    0xec, 0x62, 0x0c, 0x63, 0x0d, 0x63, 0x0d, 0x63, 0x0d, 0x63, 0x2d, 0x63,
    0x0c, 0x6b, 0x0d, 0x63, 0x0d, 0x6b, 0x2d, 0x6b, 0x2d, 0x6b, 0x4d, 0x6b,
    0x4d, 0x6b, 0x4d, 0x6b, 0x4e, 0x6b, 0x4d, 0x73, 0x4e, 0x73, 0x4e, 0x6b,
    0x6e, 0x73, 0x6e, 0x6b, 0x6e, 0x73, 0x6e, 0x73, 0x8e, 0x73, 0x8e, 0x73,
    0x4d, 0x6b, 0x2d, 0x6b, 0x2d, 0x6b, 0x2d, 0x63, 0x2d, 0x63, 0x2d, 0x6b,
    0x2d, 0x63, 0x2d, 0x63, 0x0d, 0x63, 0x0c, 0x63, 0x0c, 0x63, 0x0d, 0x63,
    0x0d, 0x63, 0x2d, 0x63, 0x4d, 0x6b, 0x4d, 0x6b, 0x4e, 0x6b, 0x6e, 0x6b,
    0x6e, 0x73, 0x8e, 0x73, 0x8f, 0x73, 0x8f, 0x73, 0xaf, 0x73, 0xaf, 0x73,
    0xaf, 0x73, 0xaf, 0x73, 0xaf, 0x73, 0x8f, 0x73, 0x8e, 0x73, 0x8f, 0x6b,
    0x6e, 0x6b, 0x6e, 0x73, 0x6e, 0x6b, 0x6e, 0x6b, 0x6e, 0x6b, 0x4e, 0x6b,
    0x4e, 0x6b, 0x4e, 0x6b, 0x4d, 0x6b, 0x2e, 0x6b, 0x4d, 0x6b, 0x2e, 0x6b,
    0x2e, 0x6b, 0x2d, 0x63, 0x2d, 0x6b, 0x6e, 0x6b, 0xd0, 0x7b, 0x11, 0x84,
    0x51, 0x8c, 0x92, 0x94, 0xb3, 0x94, 0xf4, 0x9c, 0x14, 0xa5, 0x35, 0xa5,
    0x35, 0xad, 0x55, 0xad, 0x55, 0xad, 0x55, 0xad, 0x35, 0xad, 0x35, 0xad,
    0x35, 0xad, 0x35, 0xa5, 0x35, 0xa5, 0x34, 0xad, 0x15, 0xad, 0x35, 0xa5,
    0x14, 0xad, 0x35, 0xad, 0x34, 0xad, 0x35, 0xad, 0x35, 0xa5, 0x35, 0xad,
    0x55, 0xad, 0x55, 0xad, 0x55, 0xad, 0x56, 0xad, 0x75, 0xad, 0x76, 0xad,
    0x55, 0xad, 0x35, 0xa5, 0x35, 0xa5, 0x35, 0xa5, 0xf4, 0xa4, 0xd3, 0xa4,
    0xf2, 0xac, 0xf2, 0xac, 0xd0, 0xb4, 0xaf, 0xac, 0xd1, 0xac, 0xf2, 0xac,
    0x34, 0xad, 0x55, 0xad, 0x56, 0xad, 0x55, 0xad, 0x56, 0xad, 0x55, 0xad,
    0x56, 0xad, 0x55, 0xad, 0x76, 0xad, 0x76, 0xad, 0x76, 0xad, 0x76, 0xb5,
    0x76, 0xb5, 0x76, 0xb5, 0x96, 0xad, 0x96, 0xb5, 0x96, 0xb5, 0x97, 0xb5,
    0x97, 0xb5, 0x96, 0xb5, 0x96, 0xb5, 0x97, 0xb5, 0x96, 0xad, 0x76, 0xad,
    0x76, 0xb5, 0x76, 0xad, 0x56, 0xad, 0x55, 0xad, 0x55, 0xad, 0x35, 0xad,
    0x35, 0xa5, 0x35, 0xa5, 0x35, 0xa5, 0x14, 0xa5, 0xf4, 0x9c, 0xd4, 0x9c,
    0xd3, 0x9c, 0xb3, 0x94, 0x93, 0x94, 0x72, 0x8c, 0x31, 0x8c, 0x11, 0x84,
    0xf0, 0x7b, 0xcf, 0x7b, 0x8e, 0x73, 0x4e, 0x6b, 0x2d, 0x63, 0x0c, 0x63,
    0xcb, 0x5a, 0xab, 0x52, 0xab, 0x52, 0x8b, 0x52, 0x8a, 0x52, 0x8b, 0x52,
    0x8b, 0x52, 0xab, 0x52, 0xab, 0x5a, 0xab, 0x5a, 0xcb, 0x5a, 0xcc, 0x5a,
    0xcc, 0x5a, 0xcb, 0x5a, 0xec, 0x5a, 0xec, 0x62, 0xec, 0x62, 0xec, 0x62,
    0xec, 0x62, 0x0c, 0x63, 0x0c, 0x63, 0x0d, 0x63, 0x0d, 0x63, 0x0d, 0x6b,
    0x2d, 0x63, 0x0c, 0x6b, 0x0d, 0x6b, 0x2d, 0x6b, 0x2d, 0x6b, 0x2d, 0x6b,
    0x2d, 0x6b, 0x4d, 0x6b, 0x4d, 0x6b, 0x4e, 0x6b, 0x4d, 0x6b, 0x4d, 0x6b,
    0x6e, 0x73, 0x6e, 0x73, 0x6e, 0x73, 0x6e, 0x73, 0x8e, 0x73, 0x8e, 0x73,
    0x2d, 0x63, 0x2d, 0x63, 0x2d, 0x63, 0x2d, 0x63, 0x2d, 0x6b, 0x2d, 0x63,
    0x2d, 0x6b, 0x2d, 0x6b, 0x2d, 0x63, 0x0c, 0x63, 0x0c, 0x63, 0x0d, 0x63,
    0x2d, 0x63, 0x4d, 0x6b, 0x4d, 0x6b, 0x4e, 0x6b, 0x6e, 0x6b, 0x6e, 0x6b,
    0x8e, 0x73, 0x8f, 0x73, 0xaf, 0x73, 0xaf, 0x73, 0xaf, 0x73, 0xaf, 0x73,
    0xaf, 0x7b, 0xaf, 0x73, 0x8f, 0x73, 0x8f, 0x73, 0x8e, 0x73, 0x8e, 0x6b,
    0x6e, 0x6b, 0x6e, 0x6b, 0x4e, 0x6b, 0x4e, 0x6b, 0x4d, 0x6b, 0x4e, 0x6b,
    0x4e, 0x6b, 0x4d, 0x6b, 0x4d, 0x63, 0x2d, 0x63, 0x2d, 0x6b, 0x4d, 0x63,
    0x4d, 0x63, 0x2d, 0x6b, 0x6e, 0x6b, 0xcf, 0x7b, 0x11, 0x84, 0x52, 0x8c,
    0x92, 0x94, 0xb3, 0x94, 0xf4, 0x9c, 0x14, 0xa5, 0x15, 0xa5, 0x35, 0xad,
    0x55, 0xad, 0x35, 0xad, 0x35, 0xa5, 0x35, 0xad, 0x35, 0xad, 0x35, 0xa5,
    0x35, 0xad, 0x35, 0xad, 0x35, 0xad, 0x35, 0xad, 0x34, 0xad, 0x34, 0xad,
    0x35, 0xa5, 0x14, 0xa5, 0x35, 0xad, 0x35, 0xad, 0x35, 0xad, 0x55, 0xad,
    0x55, 0xad, 0x55, 0xad, 0x56, 0xad, 0x56, 0xad, 0x56, 0xad, 0x55, 0xad,
    0x35, 0xa5, 0x35, 0xa5, 0x35, 0xa5, 0x35, 0xad, 0x14, 0xa5, 0xd3, 0xa4,
    0xb2, 0xa4, 0xd1, 0xac, 0xb0, 0xac, 0xb0, 0xac, 0xd0, 0xac, 0xf2, 0xac,
    0x33, 0xad, 0x55, 0xad, 0x56, 0xad, 0x55, 0xad, 0x56, 0xad, 0x76, 0xad,
    0x55, 0xad, 0x76, 0xad, 0x56, 0xad, 0x76, 0xb5, 0x76, 0xad, 0x76, 0xad,
    0x76, 0xb5, 0x76, 0xad, 0x96, 0xb5, 0x97, 0xb5, 0x97, 0xb5, 0x96, 0xb5,
    0x97, 0xb5, 0x96, 0xb5, 0x96, 0xb5, 0x96, 0xb5, 0x76, 0xb5, 0x76, 0xb5,
    0x76, 0xad, 0x76, 0xad, 0x55, 0xad, 0x35, 0xad, 0x35, 0xad, 0x35, 0xa5,
    0x35, 0xa5, 0x35, 0xa5, 0x14, 0xa5, 0xf4, 0x9c, 0xd4, 0x9c, 0xd3, 0x9c,
    0xb3, 0x94, 0x92, 0x94, 0x72, 0x8c, 0x51, 0x8c, 0x11, 0x84, 0xf0, 0x7b,
    0xcf, 0x73, 0x8f, 0x73, 0x6e, 0x6b, 0x2d, 0x63, 0x0c, 0x5b, 0xcc, 0x5a,
    0xab, 0x5a, 0x8b, 0x52, 0x8b, 0x52, 0x8a, 0x52, 0x8a, 0x52, 0x8a, 0x52,
    0x8b, 0x52, 0xab, 0x52, 0xab, 0x5a, 0xab, 0x5a, 0xcb, 0x5a, 0xcc, 0x5a,
    0xec, 0x5a, 0xcc, 0x5a, 0xeb, 0x62, 0xec, 0x62, 0xec, 0x5a, 0xec, 0x5a,
    0xec, 0x62, 0x0c, 0x63, 0x0c, 0x63, 0x0c, 0x63, 0x0c, 0x63, 0x2c, 0x6b,
    0x2d, 0x6b, 0x2c, 0x63, 0x2d, 0x63, 0x2d, 0x6b, 0x2d, 0x63, 0x2d, 0x6b,
    0x4d, 0x6b, 0x4d, 0x6b, 0x4e, 0x6b, 0x4e, 0x6b, 0x4e, 0x6b, 0x4d, 0x73,
    0x4e, 0x6b, 0x6e, 0x73, 0x6e, 0x73, 0x6e, 0x73, 0x8e, 0x73, 0x6e, 0x73,
    0x2d, 0x6b, 0x2d, 0x63, 0x2d, 0x63, 0x2d, 0x6b, 0x2d, 0x6b, 0x2d, 0x6b,
    0x2d, 0x63, 0x2d, 0x6b, 0x2d, 0x63, 0x2d, 0x63, 0x0d, 0x63, 0x2d, 0x63,
    0x2d, 0x6b, 0x4d, 0x6b, 0x4e, 0x6b, 0x4e, 0x6b, 0x6e, 0x6b, 0x8e, 0x73,
    0x8f, 0x73, 0xaf, 0x73, 0xaf, 0x73, 0xaf, 0x73, 0xaf, 0x73, 0xaf, 0x73,
    0xaf, 0x73, 0xaf, 0x73, 0x8f, 0x73, 0x8e, 0x73, 0x8f, 0x73, 0x6e, 0x6b,
    0x6e, 0x6b, 0x6e, 0x6b, 0x4e, 0x6b, 0x4d, 0x6b, 0x4d, 0x6b, 0x2d, 0x6b,
    0x4d, 0x6b, 0x4e, 0x6b, 0x4e, 0x6b, 0x2d, 0x63, 0x2d, 0x63, 0x4d, 0x6b,
    0x2d, 0x63, 0x6e, 0x6b, 0xaf, 0x73, 0x11, 0x84, 0x51, 0x8c, 0x72, 0x8c,
    0xb3, 0x94, 0xd4, 0x9c, 0xf4, 0xa4, 0x15, 0xa5, 0x35, 0xa5, 0x55, 0xad,
    0x55, 0xad, 0x35, 0xa5, 0x35, 0xad, 0x35, 0xad, 0x35, 0xa5, 0x35, 0xad,
    0x34, 0xad, 0x34, 0xad, 0x14, 0xad, 0x35, 0xad, 0x15, 0xa5, 0x35, 0xad,
    0x35, 0xad, 0x35, 0xad, 0x35, 0xad, 0x35, 0xa5, 0x35, 0xad, 0x55, 0xad,
    0x55, 0xad, 0x56, 0xad, 0x56, 0xa5, 0x56, 0xad, 0x56, 0xad, 0x55, 0xa5,
    0x35, 0xa5, 0x35, 0xa5, 0x35, 0xa5, 0x15, 0xa5, 0x14, 0xa5, 0xd3, 0x9c,
    0xb2, 0x9c, 0x90, 0xa4, 0xb0, 0xa4, 0xd0, 0xac, 0xd1, 0xac, 0xd2, 0xac,
    0xf3, 0xac, 0x34, 0xad, 0x56, 0xad, 0x76, 0xad, 0x76, 0xad, 0x56, 0xad,
    0x76, 0xad, 0x76, 0xad, 0x76, 0xb5, 0x76, 0xad, 0x76, 0xb5, 0x96, 0xb5,
    0x76, 0xad, 0x96, 0xb5, 0x96, 0xb5, 0x97, 0xb5, 0x76, 0xad, 0x76, 0xad,
    0x96, 0xb5, 0x96, 0xad, 0x76, 0xb5, 0x76, 0xad, 0x76, 0xad, 0x76, 0xad,
    0x56, 0xad, 0x56, 0xad, 0x55, 0xad, 0x35, 0xa5, 0x35, 0xa5, 0x15, 0xa5,
    0x14, 0xa5, 0x14, 0xa5, 0xf4, 0x9c, 0xd4, 0x9c, 0xb3, 0x9c, 0xb3, 0x94,
    0x92, 0x94, 0x72, 0x8c, 0x51, 0x84, 0x11, 0x84, 0xf0, 0x7b, 0xcf, 0x7b,
    0x8f, 0x73, 0x4e, 0x6b, 0x2d, 0x63, 0x0c, 0x63, 0xcc, 0x5a, 0xab, 0x52,
    0xab, 0x52, 0x8a, 0x52, 0x8a, 0x52, 0x6a, 0x52, 0x6a, 0x4a, 0x8a, 0x52,
    0x8b, 0x52, 0xab, 0x52, 0xaa, 0x52, 0xab, 0x5a, 0xcb, 0x5a, 0xcb, 0x5a,
    0xcb, 0x5a, 0xec, 0x5a, 0xec, 0x5a, 0xec, 0x62, 0xcc, 0x5a, 0xec, 0x62,
    0xec, 0x62, 0xec, 0x62, 0x0c, 0x63, 0x0c, 0x63, 0x0d, 0x63, 0x0d, 0x63,
    0x0d, 0x6b, 0x0d, 0x63, 0x2d, 0x6b, 0x2d, 0x6b, 0x2d, 0x6b, 0x2d, 0x6b,
    0x2d, 0x6b, 0x4d, 0x6b, 0x4d, 0x6b, 0x4d, 0x6b, 0x4d, 0x73, 0x4e, 0x6b,
    0x6e, 0x73, 0x4d, 0x6b, 0x6e, 0x6b, 0x6e, 0x73, 0x6e, 0x73, 0x6e, 0x73,
    0x2d, 0x6b, 0x2d, 0x6b, 0x2d, 0x6b, 0x2d, 0x6b, 0x2d, 0x63, 0x2d, 0x6b,
    0x2d, 0x63, 0x2d, 0x63, 0x2d, 0x6b, 0x0d, 0x63, 0x2d, 0x6b, 0x2d, 0x6b,
    0x4d, 0x6b, 0x4e, 0x6b, 0x4e, 0x6b, 0x6e, 0x6b, 0x8e, 0x73, 0x8f, 0x73,
    0xaf, 0x73, 0xaf, 0x73, 0xaf, 0x73, 0xcf, 0x7b, 0xaf, 0x73, 0xaf, 0x73,
    0x8f, 0x73, 0x8f, 0x73, 0xaf, 0x73, 0x8e, 0x73, 0x6e, 0x6b, 0x6e, 0x6b,
    0x6e, 0x6b, 0x4e, 0x6b, 0x2d, 0x6b, 0x2d, 0x63, 0x2d, 0x63, 0x2d, 0x63,
    0x2d, 0x6b, 0x2d, 0x63, 0x4d, 0x6b, 0x4d, 0x63, 0x2e, 0x6b, 0x2d, 0x63,
    0x4e, 0x6b, 0x8f, 0x73, 0x10, 0x84, 0x31, 0x8c, 0x72, 0x8c, 0xb3, 0x94,
    0xd4, 0x9c, 0xf4, 0x9c, 0x14, 0xa5, 0x35, 0xa5, 0x55, 0xad, 0x55, 0xad,
    0x35, 0xad, 0x35, 0xad, 0x35, 0xad, 0x35, 0xad, 0x35, 0xad, 0x34, 0xad,
    0x35, 0xa5, 0x35, 0xa5, 0x35, 0xad, 0x34, 0xad, 0x35, 0xa5, 0x14, 0xad,
    0x34, 0xad, 0x35, 0xad, 0x35, 0xad, 0x35, 0xa5, 0x55, 0xad, 0x35, 0xad,
    0x55, 0xa5, 0x55, 0xad, 0x55, 0xad, 0x55, 0xad, 0x75, 0xad, 0x55, 0xad,
    0x35, 0xa5, 0x35, 0xa5, 0x15, 0xa5, 0x14, 0xa5, 0xf4, 0xa4, 0xf4, 0x9c,
    0xd3, 0x9c, 0x91, 0x9c, 0x90, 0xa4, 0xd1, 0xac, 0xd2, 0xac, 0xd2, 0xac,
    0xd2, 0xa4, 0x13, 0xad, 0x55, 0xad, 0x76, 0xad, 0x76, 0xad, 0x76, 0xad,
    0x76, 0xad, 0x76, 0xb5, 0x76, 0xad, 0x76, 0xad, 0x76, 0xb5, 0x96, 0xad,
    0x96, 0xb5, 0x97, 0xb5, 0x96, 0xad, 0x76, 0xb5, 0x76, 0xad, 0x76, 0xad,
    0x76, 0xad, 0x56, 0xad, 0x76, 0xad, 0x76, 0xad, 0x76, 0xad, 0x56, 0xad,
    0x55, 0xad, 0x55, 0xad, 0x35, 0xa5, 0x35, 0xa5, 0x15, 0xa5, 0x14, 0xa5,
    0x14, 0xa5, 0xf4, 0x9c, 0xf4, 0x9c, 0xd3, 0x9c, 0xb3, 0x94, 0x92, 0x94,
    0x52, 0x8c, 0x31, 0x8c, 0x11, 0x84, 0xf0, 0x7b, 0xcf, 0x7b, 0x8f, 0x73,
    0x4e, 0x6b, 0x2d, 0x63, 0x0c, 0x63, 0xec, 0x5a, 0xab, 0x5a, 0x8b, 0x52,
    0x8a, 0x52, 0x8a, 0x52, 0x6a, 0x4a, 0x6a, 0x52, 0x8a, 0x52, 0x8a, 0x52,
    0x8b, 0x52, 0x8a, 0x52, 0xab, 0x52, 0xab, 0x5a, 0xab, 0x5a, 0xcb, 0x5a,
    0xcc, 0x5a, 0xec, 0x5a, 0xec, 0x5a, 0xec, 0x62, 0xec, 0x5a, 0xec, 0x62,
    0xec, 0x62, 0xec, 0x62, 0x0c, 0x63, 0x0d, 0x63, 0x0d, 0x63, 0x0d, 0x63,
    0x2c, 0x63, 0x0d, 0x6b, 0x0d, 0x6b, 0x2c, 0x63, 0x2d, 0x6b, 0x2d, 0x6b,
    0x2d, 0x6b, 0x4d, 0x6b, 0x4d, 0x6b, 0x4e, 0x6b, 0x4d, 0x73, 0x4e, 0x73,
    0x6e, 0x6b, 0x6d, 0x73, 0x4e, 0x73, 0x6e, 0x73, 0x6e, 0x73, 0x8e, 0x73,
    0x2d, 0x6b, 0x4d, 0x6b, 0x2d, 0x63, 0x2d, 0x63, 0x2d, 0x6b, 0x2d, 0x63,
    0x2d, 0x63, 0x2d, 0x6b, 0x2d, 0x63, 0x2d, 0x63, 0x2d, 0x6b, 0x4d, 0x6b,
    0x4e, 0x6b, 0x6e, 0x6b, 0x6e, 0x6b, 0x8e, 0x73, 0x8f, 0x73, 0x8f, 0x73,
    0xaf, 0x73, 0xaf, 0x73, 0xaf, 0x7b, 0xaf, 0x73, 0xaf, 0x73, 0xaf, 0x73,
    0xaf, 0x73, 0x8f, 0x73, 0x8f, 0x73, 0x8e, 0x73, 0x6e, 0x6b, 0x6e, 0x6b,
    0x4e, 0x6b, 0x2d, 0x6b, 0x2d, 0x63, 0x2d, 0x63, 0x2d, 0x63, 0x2d, 0x6b,
    0x2d, 0x63, 0x2d, 0x63, 0x2d, 0x6b, 0x2d, 0x6b, 0x4d, 0x63, 0x4e, 0x6b,
    0x8e, 0x73, 0xf0, 0x7b, 0x31, 0x84, 0x72, 0x8c, 0xb3, 0x94, 0xd3, 0x9c,
    0xf4, 0x9c, 0x14, 0xa5, 0x35, 0xa5, 0x55, 0xad, 0x56, 0xad, 0x35, 0xad,
    0x35, 0xa5, 0x35, 0xa5, 0x35, 0xad, 0x35, 0xad, 0x35, 0xa5, 0x34, 0xad,
    0x35, 0xad, 0x15, 0xad, 0x35, 0xa5, 0x35, 0xad, 0x34, 0xad, 0x35, 0xad,
    0x35, 0xad, 0x35, 0xa5, 0x35, 0xad, 0x35, 0xad, 0x55, 0xad, 0x55, 0xad,
    0x56, 0xad, 0x55, 0xad, 0x56, 0xad, 0x56, 0xad, 0x55, 0xad, 0x56, 0xad,
    0x35, 0xa5, 0x14, 0xa5, 0x14, 0xa5, 0xf4, 0x9c, 0xf4, 0x9c, 0xf4, 0xa4,
    0xf4, 0xa4, 0xd3, 0xa4, 0xb1, 0xa4, 0xb1, 0xa4, 0xd2, 0xa4, 0xf3, 0xac,
    0xf3, 0xa4, 0xf3, 0xa4, 0x35, 0xad, 0x76, 0xad, 0x76, 0xb5, 0x96, 0xb5,
    0x96, 0xb5, 0x76, 0xad, 0x96, 0xad, 0x76, 0xad, 0x76, 0xb5, 0x96, 0xb5,
    0x97, 0xb5, 0x76, 0xb5, 0x97, 0xb5, 0x76, 0xb5, 0x76, 0xad, 0x76, 0xad,
    0x56, 0xad, 0x55, 0xad, 0x56, 0xad, 0x55, 0xad, 0x55, 0xad, 0x55, 0xad,
    0x55, 0xad, 0x35, 0xad, 0x35, 0xa5, 0x35, 0xa5, 0x14, 0xa5, 0x14, 0xa5,
    0xf4, 0x9c, 0xd4, 0x9c, 0xd3, 0x9c, 0xb3, 0x94, 0x92, 0x94, 0x72, 0x8c,
    0x31, 0x84, 0x11, 0x84, 0xf0, 0x7b, 0xcf, 0x73, 0x8f, 0x73, 0x6e, 0x6b,
    0x2d, 0x63, 0x0c, 0x63, 0xec, 0x5a, 0xcb, 0x5a, 0xab, 0x52, 0x8a, 0x52,
    0x6a, 0x52, 0x6a, 0x52, 0x6a, 0x4a, 0x6a, 0x4a, 0x8a, 0x52, 0x8a, 0x52,
    0x8a, 0x52, 0x8b, 0x52, 0xab, 0x52, 0xab, 0x52, 0xab, 0x5a, 0xcb, 0x5a,
    0xcc, 0x5a, 0xcc, 0x5a, 0xcc, 0x5a, 0xec, 0x62, 0xec, 0x5a, 0xec, 0x62,
    0xec, 0x5a, 0xec, 0x62, 0xec, 0x62, 0x0c, 0x63, 0x0d, 0x63, 0x0c, 0x63,
    0x0c, 0x6b, 0x2d, 0x63, 0x2d, 0x63, 0x2d, 0x6b, 0x2d, 0x6b, 0x2d, 0x6b,
    0x2d, 0x6b, 0x2d, 0x6b, 0x4d, 0x6b, 0x4e, 0x6b, 0x4e, 0x6b, 0x4e, 0x6b,
    0x6d, 0x6b, 0x4e, 0x73, 0x4e, 0x73, 0x6e, 0x73, 0x6e, 0x73, 0x8e, 0x73,
    0x4d, 0x6b, 0x2d, 0x6b, 0x2d, 0x63, 0x2d, 0x63, 0x2d, 0x6b, 0x2d, 0x63,
    0x2d, 0x6b, 0x2d, 0x6b, 0x2d, 0x63, 0x4d, 0x6b, 0x4d, 0x6b, 0x4e, 0x6b,
    0x4e, 0x6b, 0x6e, 0x6b, 0x8e, 0x73, 0x8e, 0x73, 0x8f, 0x73, 0xaf, 0x73,
    0xaf, 0x7b, 0xcf, 0x7b, 0xaf, 0x73, 0xaf, 0x73, 0xaf, 0x73, 0xaf, 0x73,
    0x8f, 0x73, 0x8e, 0x73, 0x8e, 0x73, 0x8e, 0x6b, 0x6e, 0x6b, 0x4e, 0x6b,
    0x4d, 0x6b, 0x2d, 0x63, 0x2d, 0x63, 0x2d, 0x63, 0x2d, 0x63, 0x2d, 0x63,
    0x2d, 0x6b, 0x2d, 0x63, 0x2d, 0x6b, 0x4d, 0x63, 0x4e, 0x6b, 0x8e, 0x73,
    0xd0, 0x7b, 0x31, 0x84, 0x72, 0x8c, 0x93, 0x94, 0xd3, 0x9c, 0xf4, 0x9c,
    0x14, 0xa5, 0x15, 0xa5, 0x35, 0xad, 0x35, 0xad, 0x55, 0xad, 0x35, 0xad,
    0x35, 0xad, 0x35, 0xad, 0x35, 0xa5, 0x34, 0xa5, 0x14, 0xad, 0x35, 0xad,
    0x35, 0xad, 0x14, 0xad, 0x14, 0xa5, 0x34, 0xad, 0x15, 0xad, 0x35, 0xa5,
    0x35, 0xad, 0x35, 0xad, 0x35, 0xa5, 0x55, 0xad, 0x35, 0xa5, 0x55, 0xad,
    0x55, 0xad, 0x56, 0xad, 0x56, 0xad, 0x55, 0xad, 0x56, 0xad, 0x75, 0xa5,
    0x55, 0xa5, 0xf4, 0x9c, 0xd3, 0x9c, 0xd4, 0x9c, 0xd4, 0x9c, 0xd3, 0x9c,
    0xf4, 0x9c, 0xf4, 0xa4, 0xd3, 0xa4, 0xd2, 0xa4, 0xf3, 0xa4, 0xf3, 0xa4,
    0x14, 0xa5, 0x14, 0xa5, 0x15, 0xa5, 0x55, 0xad, 0x96, 0xb5, 0x96, 0xb5,
    0x96, 0xb5, 0x96, 0xb5, 0x96, 0xb5, 0x96, 0xb5, 0x96, 0xb5, 0x97, 0xb5,
    0x97, 0xb5, 0x96, 0xad, 0x96, 0xad, 0x76, 0xad, 0x76, 0xad, 0x76, 0xad,
    0x56, 0xad, 0x55, 0xa5, 0x35, 0xa5, 0x35, 0xa5, 0x35, 0xa5, 0x35, 0xa5,
    0x35, 0xa5, 0x35, 0xa5, 0x14, 0xa5, 0x14, 0xa5, 0x14, 0xa5, 0xf4, 0x9c,
    0xd4, 0x9c, 0xd3, 0x9c, 0xb3, 0x94, 0x92, 0x94, 0x52, 0x8c, 0x31, 0x84,
    0x10, 0x84, 0xf0, 0x7b, 0xaf, 0x73, 0x8e, 0x73, 0x4e, 0x6b, 0x4d, 0x6b,
    0x0d, 0x63, 0xec, 0x5a, 0xab, 0x52, 0xab, 0x52, 0x8a, 0x52, 0x6a, 0x52,
    0x6a, 0x4a, 0x6a, 0x4a, 0x6a, 0x52, 0x6a, 0x52, 0x8a, 0x4a, 0x6a, 0x52,
    0x8a, 0x52, 0x8b, 0x52, 0xab, 0x52, 0xaa, 0x52, 0xab, 0x5a, 0xab, 0x5a,
    0xcb, 0x5a, 0xcb, 0x5a, 0xec, 0x5a, 0xec, 0x5a, 0xeb, 0x62, 0xec, 0x62,
    0xec, 0x5a, 0xec, 0x62, 0xec, 0x5a, 0x0c, 0x63, 0x0c, 0x63, 0x0d, 0x63,
    0x0d, 0x63, 0x0d, 0x6b, 0x2c, 0x6b, 0x2d, 0x6b, 0x0d, 0x63, 0x0d, 0x63,
    0x2d, 0x6b, 0x2d, 0x6b, 0x4d, 0x6b, 0x4d, 0x6b, 0x4d, 0x6b, 0x4e, 0x73,
    0x6e, 0x73, 0x4d, 0x6b, 0x6e, 0x6b, 0x6e, 0x73, 0x6e, 0x73, 0x6e, 0x73,
    0x4d, 0x6b, 0x4d, 0x6b, 0x4d, 0x6b, 0x2d, 0x6b, 0x2d, 0x63, 0x2d, 0x6b,
    0x2d, 0x6b, 0x2d, 0x63, 0x2d, 0x6b, 0x4e, 0x6b, 0x6e, 0x6b, 0x6e, 0x6b,
    0x6e, 0x73, 0x8e, 0x73, 0x8f, 0x73, 0x8f, 0x73, 0xaf, 0x73, 0xcf, 0x7b,
    0xaf, 0x73, 0xcf, 0x73, 0xb0, 0x73, 0xaf, 0x7b, 0xaf, 0x73, 0xaf, 0x73,
    0x8f, 0x73, 0x8e, 0x73, 0x6e, 0x6b, 0x6e, 0x6b, 0x6e, 0x6b, 0x4d, 0x6b,
    0x2d, 0x63, 0x2d, 0x63, 0x0d, 0x63, 0x0d, 0x63, 0x2d, 0x63, 0x2d, 0x6b,
    0x2d, 0x63, 0x2d, 0x63, 0x2d, 0x6b, 0x4d, 0x6b, 0x6e, 0x6b, 0xd0, 0x7b,
    0x31, 0x84, 0x52, 0x8c, 0x92, 0x94, 0xd3, 0x94, 0xf4, 0x9c, 0x14, 0xa5,
    0x15, 0xa5, 0x35, 0xad, 0x55, 0xad, 0x56, 0xa5, 0x35, 0xa5, 0x35, 0xa5,
    0x35, 0xad, 0x35, 0xad, 0x35, 0xad, 0x14, 0xad, 0x34, 0xa5, 0x15, 0xa5,
    0x14, 0xad, 0x34, 0xa5, 0x15, 0xad, 0x14, 0xa5, 0x34, 0xa5, 0x35, 0xad,
    0x35, 0xad, 0x35, 0xa5, 0x55, 0xad, 0x55, 0xad, 0x55, 0xad, 0x35, 0xad,
    0x56, 0xad, 0x56, 0xad, 0x55, 0xa5, 0x55, 0xad, 0x55, 0xad, 0x56, 0xad,
    0x55, 0xad, 0x55, 0xad, 0xf4, 0x9c, 0x93, 0x94, 0x93, 0x94, 0xb3, 0x94,
    0xd3, 0x9c, 0x14, 0xa5, 0xf4, 0xa4, 0xf3, 0xa4, 0xf3, 0xa4, 0x14, 0xa5,
    0x14, 0xad, 0x35, 0xa5, 0x35, 0xa5, 0x35, 0xad, 0x55, 0xad, 0x76, 0xb5,
    0x97, 0xb5, 0x97, 0xb5, 0x96, 0xb5, 0x96, 0xb5, 0x97, 0xb5, 0x97, 0xad,
    0x96, 0xb5, 0x96, 0xb5, 0x76, 0xad, 0x76, 0xad, 0x56, 0xad, 0x56, 0xad,
    0x56, 0xad, 0x55, 0xa5, 0x35, 0xa5, 0x15, 0xa5, 0x15, 0xa5, 0x14, 0xa5,
    0x15, 0xa5, 0x15, 0xa5, 0x14, 0xa5, 0xf4, 0xa4, 0xf4, 0x9c, 0xd4, 0x9c,
    0xb3, 0x94, 0xb3, 0x94, 0x72, 0x94, 0x52, 0x8c, 0x31, 0x84, 0x10, 0x84,
    0xd0, 0x7b, 0xaf, 0x73, 0x8e, 0x73, 0x4e, 0x6b, 0x2d, 0x63, 0x0c, 0x63,
    0xec, 0x5a, 0xcb, 0x5a, 0x8b, 0x52, 0x6a, 0x52, 0x8a, 0x4a, 0x6a, 0x4a,
    0x6a, 0x4a, 0x6a, 0x4a, 0x6a, 0x52, 0x8a, 0x52, 0x8a, 0x52, 0x6a, 0x4a,
    0x8a, 0x52, 0x8a, 0x52, 0x8b, 0x52, 0x8b, 0x52, 0xab, 0x5a, 0xab, 0x5a,
    0xcb, 0x5a, 0xcc, 0x5a, 0xec, 0x5a, 0xec, 0x5a, 0xec, 0x62, 0xec, 0x62,
    0xec, 0x62, 0xec, 0x62, 0xec, 0x62, 0x0c, 0x63, 0x0d, 0x63, 0x0d, 0x63,
    0x0d, 0x63, 0x2c, 0x6b, 0x0d, 0x63, 0x2c, 0x6b, 0x2d, 0x6b, 0x2d, 0x63,
    0x2c, 0x6b, 0x2d, 0x6b, 0x4d, 0x6b, 0x4d, 0x6b, 0x4e, 0x6b, 0x4d, 0x73,
    0x6d, 0x73, 0x4e, 0x6b, 0x4d, 0x73, 0x6e, 0x73, 0x6e, 0x73, 0x6e, 0x73,
    0x2d, 0x63, 0x2d, 0x6b, 0x2e, 0x6b, 0x2d, 0x63, 0x2d, 0x6b, 0x2d, 0x63,
    0x2d, 0x63, 0x2d, 0x6b, 0x4d, 0x6b, 0x6e, 0x6b, 0x6e, 0x6b, 0x8e, 0x73,
    0x8e, 0x73, 0x8f, 0x73, 0xaf, 0x73, 0xaf, 0x73, 0xcf, 0x73, 0xcf, 0x7b,
    0xd0, 0x73, 0xaf, 0x73, 0xaf, 0x7b, 0xaf, 0x73, 0xaf, 0x73, 0xaf, 0x73,
    0x8f, 0x73, 0x8e, 0x73, 0x6e, 0x6b, 0x4e, 0x6b, 0x4e, 0x6b, 0x4d, 0x6b,
    0x2d, 0x63, 0x2d, 0x63, 0x0d, 0x63, 0x2c, 0x63, 0x2d, 0x63, 0x0d, 0x63,
    0x2d, 0x63, 0x2d, 0x63, 0x2d, 0x6b, 0x6e, 0x6b, 0xd0, 0x7b, 0x11, 0x84,
    0x51, 0x8c, 0x72, 0x94, 0xb3, 0x94, 0xd4, 0x9c, 0xf4, 0xa4, 0x14, 0xa5,
    0x35, 0xa5, 0x55, 0xa5, 0x55, 0xad, 0x35, 0xad, 0x35, 0xad, 0x35, 0xad,
    0x35, 0xad, 0x35, 0xa5, 0x14, 0xa5, 0x35, 0xad, 0x35, 0xad, 0x14, 0xad,
    0x14, 0xa5, 0x35, 0xad, 0x35, 0xad, 0x35, 0xad, 0x35, 0xad, 0x35, 0xad,
    0x35, 0xad, 0x35, 0xad, 0x35, 0xad, 0x55, 0xad, 0x55, 0xad, 0x55, 0xad,
    0x56, 0xa5, 0x55, 0xad, 0x55, 0xad, 0x56, 0xad, 0x76, 0xad, 0x56, 0xad,
    0x55, 0xad, 0x56, 0xad, 0x35, 0xa5, 0xb3, 0x9c, 0x72, 0x8c, 0xb3, 0x9c,
    0xd3, 0x9c, 0xb3, 0x94, 0xf4, 0x9c, 0x14, 0xa5, 0x14, 0xa5, 0x14, 0xa5,
    0x35, 0xad, 0x55, 0xad, 0x55, 0xad, 0x56, 0xad, 0x76, 0xad, 0x76, 0xad,
    0x96, 0xb5, 0xb7, 0xb5, 0x97, 0xb5, 0x97, 0xb5, 0x96, 0xb5, 0x96, 0xad,
    0x76, 0xad, 0x76, 0xad, 0x76, 0xad, 0x76, 0xad, 0x56, 0xad, 0x55, 0xad,
    0x55, 0xa5, 0x55, 0xa5, 0x35, 0xa5, 0x15, 0xa5, 0x14, 0x9d, 0x14, 0xa5,
    0x15, 0xa5, 0x14, 0xa5, 0x14, 0xa5, 0xf4, 0x9c, 0xd3, 0x9c, 0xb3, 0x9c,
    0xb3, 0x94, 0x72, 0x8c, 0x51, 0x8c, 0x31, 0x84, 0x10, 0x84, 0xf0, 0x7b,
    0xaf, 0x73, 0x6e, 0x6b, 0x4d, 0x6b, 0x2d, 0x63, 0xec, 0x5a, 0xcc, 0x5a,
    0xcb, 0x5a, 0xab, 0x52, 0x8a, 0x52, 0x6a, 0x4a, 0x6a, 0x52, 0x6a, 0x52,
    0x8a, 0x4a, 0x6a, 0x4a, 0x6a, 0x4a, 0x6a, 0x4a, 0x6a, 0x52, 0x8a, 0x52,
    0x8a, 0x4a, 0x8a, 0x52, 0x8a, 0x52, 0xab, 0x52, 0xab, 0x52, 0xab, 0x5a,
    0xab, 0x5a, 0xcb, 0x5a, 0xcc, 0x5a, 0xcc, 0x5a, 0xec, 0x5a, 0xec, 0x5a,
    0xec, 0x5a, 0xec, 0x62, 0xec, 0x62, 0x0c, 0x63, 0xec, 0x62, 0x0c, 0x63,
    0x0c, 0x63, 0x0d, 0x6b, 0x2d, 0x63, 0x2d, 0x6b, 0x2d, 0x63, 0x2d, 0x6b,
    0x2d, 0x6b, 0x2d, 0x6b, 0x2d, 0x6b, 0x4d, 0x6b, 0x4d, 0x6b, 0x4e, 0x6b,
    0x4e, 0x6b, 0x6e, 0x73, 0x6e, 0x73, 0x6e, 0x6b, 0x6e, 0x73, 0x6e, 0x73,
    0x2d, 0x6b, 0x2d, 0x6b, 0x4d, 0x63, 0x2d, 0x63, 0x2d, 0x6b, 0x2d, 0x63,
    0x2d, 0x6b, 0x4d, 0x6b, 0x4e, 0x6b, 0x6e, 0x6b, 0x8e, 0x73, 0x8e, 0x73,
    0x8f, 0x73, 0xaf, 0x73, 0xaf, 0x73, 0xcf, 0x7b, 0xd0, 0x7b, 0xcf, 0x7b,
    0xd0, 0x7b, 0xcf, 0x7b, 0xaf, 0x73, 0xaf, 0x73, 0x8f, 0x73, 0x8f, 0x73,
    0x8e, 0x73, 0x6e, 0x73, 0x6e, 0x6b, 0x4e, 0x6b, 0x2d, 0x6b, 0x2d, 0x63,
    0x2d, 0x63, 0x0d, 0x63, 0x2d, 0x63, 0x0d, 0x63, 0x0d, 0x63, 0x2d, 0x63,
    0x0c, 0x63, 0x2d, 0x63, 0x4d, 0x6b, 0xaf, 0x73, 0x10, 0x84, 0x52, 0x8c,
    0x92, 0x94, 0xb3, 0x94, 0xb3, 0x9c, 0xd4, 0x9c, 0xf4, 0x9c, 0x35, 0xa5,
    0x55, 0xad, 0x35, 0xad, 0x35, 0xa5, 0x35, 0xa5, 0x35, 0xad, 0x35, 0xad,
    0x35, 0xa5, 0x35, 0xad, 0x14, 0xad, 0x14, 0xa5, 0x14, 0xad, 0x15, 0xa5,
    0x14, 0xa5, 0x35, 0xad, 0x14, 0xa5, 0x35, 0xad, 0x35, 0xa5, 0x35, 0xad,
    0x55, 0xad, 0x35, 0xa5, 0x55, 0xad, 0x55, 0xad, 0x55, 0xad, 0x56, 0xad,
    0x56, 0xad, 0x55, 0xad, 0x56, 0xad, 0x56, 0xa5, 0x55, 0xad, 0x75, 0xad,
    0x56, 0xad, 0x75, 0xa5, 0x55, 0xa5, 0x35, 0xa5, 0xb3, 0x9c, 0x92, 0x94,
    0xd3, 0x9c, 0x93, 0x94, 0xb3, 0x94, 0x14, 0xa5, 0x35, 0xa5, 0x14, 0xa5,
    0x35, 0xa5, 0x55, 0xad, 0x56, 0xad, 0x76, 0xad, 0x76, 0xad, 0x76, 0xad,
    0x76, 0xb5, 0x96, 0xb5, 0xb7, 0xb5, 0xb7, 0xb5, 0xb7, 0xb5, 0x96, 0xb5,
    0x76, 0xad, 0x76, 0xad, 0x56, 0xad, 0x56, 0xad, 0x56, 0xad, 0x35, 0xa5,
    0x35, 0xa5, 0x35, 0xa5, 0x15, 0xa5, 0x15, 0xa5, 0x14, 0xa5, 0x15, 0xa5,
    0x14, 0xa5, 0xf4, 0x9c, 0xf4, 0x9c, 0xd3, 0x9c, 0xb3, 0x94, 0x93, 0x94,
    0x72, 0x94, 0x51, 0x8c, 0x31, 0x84, 0x10, 0x84, 0xd0, 0x7b, 0xaf, 0x73,
    0x6e, 0x6b, 0x2d, 0x6b, 0x0d, 0x63, 0xec, 0x5a, 0xcb, 0x5a, 0xab, 0x52,
    0x8b, 0x52, 0x8a, 0x52, 0x6a, 0x4a, 0x6a, 0x4a, 0x6a, 0x4a, 0x6a, 0x52,
    0x6a, 0x52, 0x8a, 0x52, 0x6a, 0x52, 0x6a, 0x52, 0x6a, 0x4a, 0x6a, 0x52,
    0x6a, 0x52, 0x8a, 0x4a, 0x8a, 0x52, 0x8b, 0x52, 0xab, 0x52, 0xaa, 0x52,
    0xcb, 0x5a, 0xcb, 0x5a, 0xcc, 0x5a, 0xcb, 0x5a, 0xeb, 0x5a, 0xec, 0x62,
    0xec, 0x62, 0xec, 0x5a, 0xec, 0x62, 0xec, 0x5a, 0x0c, 0x63, 0x0d, 0x63,
    0x0d, 0x63, 0x0d, 0x63, 0x2d, 0x6b, 0x0d, 0x63, 0x2d, 0x6b, 0x0d, 0x6b,
    0x0d, 0x6b, 0x2d, 0x63, 0x2d, 0x6b, 0x4d, 0x6b, 0x4d, 0x6b, 0x4e, 0x6b,
    0x4e, 0x6b, 0x4d, 0x73, 0x6e, 0x73, 0x6e, 0x6b, 0x6e, 0x73, 0x6e, 0x73,
    0x2d, 0x6b, 0x4d, 0x6b, 0x4d, 0x6b, 0x2d, 0x6b, 0x2d, 0x6b, 0x4d, 0x6b,
    0x4d, 0x6b, 0x4e, 0x6b, 0x6e, 0x6b, 0x6e, 0x73, 0x8f, 0x73, 0xaf, 0x73,
    0xaf, 0x73, 0xcf, 0x7b, 0xcf, 0x7b, 0xcf, 0x7b, 0xcf, 0x7b, 0xd0, 0x7b,
    0xcf, 0x7b, 0xaf, 0x73, 0xaf, 0x73, 0xaf, 0x73, 0x8f, 0x73, 0x8e, 0x73,
    0x8e, 0x6b, 0x6e, 0x6b, 0x4e, 0x6b, 0x4d, 0x6b, 0x2d, 0x63, 0x2d, 0x63,
    0x0d, 0x63, 0x0d, 0x63, 0x2d, 0x63, 0x2d, 0x63, 0x2d, 0x63, 0x0d, 0x63,
    0x2d, 0x63, 0x2d, 0x6b, 0x8f, 0x73, 0xf0, 0x7b, 0x31, 0x84, 0x72, 0x8c,
    0xb3, 0x94, 0xd3, 0x9c, 0xf4, 0x9c, 0xd4, 0x9c, 0xf4, 0x9c, 0x15, 0xa5,
    0x35, 0xad, 0x55, 0xad, 0x55, 0xad, 0x35, 0xa5, 0x35, 0xa5, 0x35, 0xa5,
    0x34, 0xa5, 0x34, 0xad, 0x15, 0xa5, 0x14, 0xad, 0x14, 0xa5, 0x14, 0xa5,
    0x15, 0xad, 0x14, 0xa5, 0xf4, 0xa4, 0x14, 0xa5, 0x35, 0xad, 0x35, 0xad,
    0x55, 0xad, 0x55, 0xa5, 0x55, 0xad, 0x55, 0xad, 0x56, 0xa5, 0x56, 0xad,
    0x55, 0xad, 0x56, 0xad, 0x56, 0xad, 0x55, 0xad, 0x55, 0xad, 0x56, 0xad,
    0x55, 0xad, 0x56, 0xad, 0x35, 0xa5, 0x35, 0xa5, 0x35, 0xa5, 0xd4, 0x9c,
    0xd3, 0x9c, 0xb3, 0x9c, 0xb3, 0x9c, 0xb3, 0x94, 0xf4, 0xa4, 0x35, 0xa5,
    0x35, 0xad, 0x56, 0xad, 0x76, 0xad, 0x76, 0xb5, 0x96, 0xb5, 0x76, 0xad,
    0x56, 0xad, 0x76, 0xb5, 0x96, 0xb5, 0x96, 0xb5, 0x97, 0xb5, 0x97, 0xb5,
    0x96, 0xad, 0x76, 0xad, 0x56, 0xad, 0x55, 0xad, 0x55, 0xa5, 0x35, 0xa5,
    0x35, 0xa5, 0x35, 0xa5, 0x15, 0xa5, 0x14, 0xa5, 0x14, 0xa5, 0xf4, 0xa4,
    0xf4, 0x9c, 0xf4, 0x9c, 0xd3, 0x9c, 0xb3, 0x94, 0x92, 0x94, 0x72, 0x8c,
    0x51, 0x8c, 0x11, 0x84, 0xf0, 0x7b, 0xcf, 0x7b, 0x8f, 0x73, 0x6e, 0x6b,
    0x2d, 0x6b, 0x0d, 0x63, 0xec, 0x5a, 0xcb, 0x5a, 0xab, 0x52, 0x8a, 0x52,
    0x6a, 0x4a, 0x6a, 0x52, 0x6a, 0x52, 0x6a, 0x4a, 0x6a, 0x4a, 0x69, 0x4a,
    0x6a, 0x4a, 0x8a, 0x52, 0x6a, 0x4a, 0x6a, 0x4a, 0x6a, 0x52, 0x8a, 0x4a,
    0x6a, 0x52, 0x6a, 0x52, 0x8a, 0x52, 0x8b, 0x52, 0xab, 0x52, 0xab, 0x5a,
    0xab, 0x5a, 0xcb, 0x5a, 0xcc, 0x5a, 0xec, 0x5a, 0xec, 0x5a, 0xec, 0x62,
    0xec, 0x62, 0xec, 0x62, 0xec, 0x62, 0x0c, 0x63, 0xec, 0x62, 0xec, 0x62,
    0x0d, 0x63, 0x0c, 0x63, 0x0c, 0x63, 0x2d, 0x6b, 0x2d, 0x6b, 0x2c, 0x63,
    0x2d, 0x6b, 0x2d, 0x6b, 0x2d, 0x6b, 0x4d, 0x6b, 0x4d, 0x6b, 0x4d, 0x6b,
    0x4d, 0x73, 0x4e, 0x6b, 0x6e, 0x6b, 0x6d, 0x73, 0x6d, 0x73, 0x6e, 0x73,
    0x2d, 0x6b, 0x4d, 0x6b, 0x2d, 0x63, 0x2e, 0x6b, 0x4d, 0x6b, 0x4d, 0x6b,
    0x4e, 0x6b, 0x6e, 0x6b, 0x6e, 0x73, 0x8e, 0x73, 0xaf, 0x73, 0xaf, 0x73,
    0xcf, 0x7b, 0xd0, 0x7b, 0xd0, 0x7b, 0xd0, 0x7b, 0xd0, 0x7b, 0xd0, 0x7b,
    0xcf, 0x73, 0xaf, 0x73, 0xaf, 0x73, 0x8f, 0x73, 0x8e, 0x73, 0x8e, 0x73,
    0x6e, 0x6b, 0x4e, 0x6b, 0x4d, 0x6b, 0x2d, 0x63, 0x2d, 0x63, 0x0d, 0x63,
    0x2d, 0x63, 0x2c, 0x63, 0x0c, 0x63, 0x2d, 0x63, 0x2d, 0x63, 0x0c, 0x63,
    0x2d, 0x63, 0x6e, 0x73, 0xd0, 0x7b, 0x31, 0x84, 0x72, 0x8c, 0xb3, 0x94,
    0xd3, 0x9c, 0xf4, 0x9c, 0xf4, 0xa4, 0xf4, 0x9c, 0x14, 0xa5, 0xf4, 0x9c,
    0x15, 0xa5, 0x35, 0xa5, 0x35, 0xa5, 0x35, 0xad, 0x35, 0xad, 0x35, 0xa5,
    0x15, 0xad, 0x14, 0xad, 0x14, 0xa5, 0x15, 0xa5, 0x35, 0xad, 0x14, 0xad,
    0x34, 0xad, 0x14, 0xad, 0xf4, 0xa4, 0xf4, 0xa4, 0x14, 0xa5, 0x35, 0xa5,
    0x35, 0xad, 0x55, 0xad, 0x56, 0xad, 0x55, 0xad, 0x36, 0xad, 0x55, 0xad,
    0x55, 0xad, 0x55, 0xad, 0x55, 0xad, 0x56, 0xad, 0x56, 0xad, 0x55, 0xad,
    0x56, 0xa5, 0x55, 0xad, 0x35, 0xa5, 0x35, 0xa5, 0x35, 0xa5, 0x34, 0xa5,
    0xf4, 0x9c, 0xf4, 0x9c, 0xf4, 0x9c, 0xb3, 0x94, 0xb3, 0x94, 0x35, 0xa5,
    0x55, 0xad, 0x56, 0xad, 0x76, 0xad, 0x76, 0xb5, 0x76, 0xad, 0x76, 0xad,
    0x55, 0xad, 0x56, 0xad, 0x76, 0xad, 0x96, 0xb5, 0x76, 0xb5, 0x96, 0xb5,
    0x96, 0xb5, 0x76, 0xad, 0x56, 0xad, 0x55, 0xa5, 0x35, 0xa5, 0x35, 0xa5,
    0x15, 0xa5, 0x15, 0xa5, 0x14, 0xa5, 0x14, 0x9d, 0xf4, 0x9c, 0xf4, 0x9c,
    0xf4, 0x9c, 0xd3, 0x9c, 0xb3, 0x94, 0x93, 0x94, 0x72, 0x94, 0x51, 0x8c,
    0x31, 0x84, 0xf0, 0x7b, 0xcf, 0x7b, 0x8e, 0x73, 0x6e, 0x6b, 0x2d, 0x6b,
    0x2d, 0x63, 0xec, 0x5a, 0xcb, 0x52, 0x8a, 0x52, 0x6a, 0x52, 0x6a, 0x4a,
    0x6a, 0x4a, 0x6a, 0x4a, 0x6a, 0x52, 0x8a, 0x52, 0x6a, 0x4a, 0x6a, 0x4a,
    0x6a, 0x52, 0x6a, 0x52, 0x6a, 0x4a, 0x6a, 0x4a, 0x6a, 0x52, 0x8a, 0x52,
    0x6a, 0x4a, 0x6a, 0x4a, 0x8a, 0x52, 0x8a, 0x52, 0x8b, 0x52, 0xab, 0x52,
    0xab, 0x5a, 0xab, 0x5a, 0xcb, 0x5a, 0xcc, 0x5a, 0xec, 0x5a, 0xec, 0x62,
    0xec, 0x5a, 0xec, 0x5a, 0xec, 0x62, 0xec, 0x62, 0xec, 0x62, 0x0d, 0x63,
    0x0c, 0x63, 0x0d, 0x63, 0x0d, 0x63, 0x0d, 0x6b, 0x2d, 0x6b, 0x2d, 0x6b,
    0x2d, 0x63, 0x2d, 0x6b, 0x2d, 0x6b, 0x2d, 0x6b, 0x4d, 0x6b, 0x4d, 0x6b,
    0x4e, 0x6b, 0x6e, 0x73, 0x6e, 0x73, 0x6e, 0x73, 0x4e, 0x73, 0x6e, 0x6b,
    0x2d, 0x6b, 0x2d, 0x63, 0x4d, 0x6b, 0x4d, 0x6b, 0x4e, 0x6b, 0x6e, 0x6b,
    0x6e, 0x73, 0x6e, 0x73, 0x8e, 0x73, 0xaf, 0x73, 0xaf, 0x73, 0xcf, 0x7b,
    0xd0, 0x7b, 0xf0, 0x7b, 0xf0, 0x7b, 0xf0, 0x7b, 0xd0, 0x7b, 0xcf, 0x7b,
    0xcf, 0x7b, 0xaf, 0x73, 0xaf, 0x73, 0x8f, 0x73, 0x6e, 0x73, 0x6e, 0x6b,
    0x4e, 0x6b, 0x4d, 0x6b, 0x2d, 0x63, 0x2d, 0x63, 0x0d, 0x63, 0x0d, 0x63,
    0x0d, 0x63, 0x2d, 0x63, 0x0d, 0x63, 0x0d, 0x63, 0x2d, 0x63, 0x2d, 0x63,
    0x6e, 0x6b, 0xcf, 0x7b, 0x11, 0x84, 0x52, 0x8c, 0x92, 0x94, 0xb3, 0x9c,
    0xf4, 0x9c, 0xf4, 0xa4, 0x14, 0xa5, 0x14, 0xa5, 0x14, 0xa5, 0xf4, 0x9c,
    0xd4, 0x9c, 0xf4, 0xa4, 0x35, 0xa5, 0x35, 0xa5, 0x35, 0xad, 0x35, 0xad,
    0x14, 0xa5, 0x15, 0xad, 0x35, 0xad, 0x14, 0xa5, 0x14, 0xad, 0x35, 0xa5,
    0x35, 0xa5, 0x35, 0xa5, 0x14, 0xa5, 0xf4, 0xa4, 0xf4, 0xa4, 0x14, 0xa5,
    0x55, 0xad, 0x55, 0xad, 0x56, 0xad, 0x56, 0xad, 0x55, 0xad, 0x55, 0xad,
    0x35, 0xad, 0x55, 0xad, 0x35, 0xa5, 0x55, 0xad, 0x55, 0xad, 0x56, 0xad,
    0x55, 0xad, 0x55, 0xad, 0x35, 0xa5, 0x14, 0xa5, 0x15, 0xa5, 0x14, 0xa5,
    0xf4, 0xa4, 0xf4, 0xa4, 0x14, 0xa5, 0xf4, 0xa4, 0xd3, 0x9c, 0xf4, 0x9c,
    0x55, 0xad, 0x76, 0xad, 0x76, 0xad, 0x76, 0xad, 0x76, 0xad, 0x56, 0xad,
    0x55, 0xad, 0x56, 0xad, 0x55, 0xad, 0x56, 0xad, 0x76, 0xad, 0x76, 0xad,
    0x76, 0xad, 0x76, 0xad, 0x56, 0xad, 0x55, 0xa5, 0x35, 0xa5, 0x15, 0xa5,
    0x14, 0xa5, 0x14, 0x9d, 0xf4, 0x9c, 0xf4, 0x9c, 0xf4, 0x9c, 0xd3, 0x9c,
    0xd3, 0x9c, 0xb3, 0x94, 0x92, 0x94, 0x72, 0x94, 0x51, 0x8c, 0x31, 0x84,
    0xf0, 0x83, 0xcf, 0x7b, 0x8f, 0x73, 0x4e, 0x6b, 0x2d, 0x63, 0x0c, 0x63,
    0xec, 0x5a, 0xcb, 0x5a, 0x8a, 0x52, 0x6a, 0x4a, 0x4a, 0x4a, 0x49, 0x4a,
    0x4a, 0x4a, 0x6a, 0x4a, 0x6a, 0x4a, 0x6a, 0x4a, 0x8a, 0x52, 0x6a, 0x4a,
    0x6a, 0x4a, 0x6a, 0x52, 0x8a, 0x52, 0x6a, 0x4a, 0x6a, 0x4a, 0x6a, 0x52,
    0x6a, 0x52, 0x6a, 0x52, 0x8a, 0x4a, 0x8a, 0x52, 0x8b, 0x52, 0xab, 0x52,
    0xab, 0x52, 0xcb, 0x5a, 0xcb, 0x5a, 0xcb, 0x5a, 0xcc, 0x5a, 0xec, 0x5a,
    0xec, 0x62, 0xec, 0x62, 0xec, 0x62, 0xec, 0x5a, 0x0c, 0x63, 0x0c, 0x63,
    0x0c, 0x63, 0x0c, 0x63, 0x0d, 0x63, 0x0c, 0x63, 0x2d, 0x63, 0x2d, 0x6b,
    0x2d, 0x6b, 0x2d, 0x6b, 0x2d, 0x6b, 0x2d, 0x6b, 0x4d, 0x6b, 0x4d, 0x6b,
    0x4e, 0x6b, 0x4d, 0x73, 0x4d, 0x73, 0x6e, 0x6b, 0x6e, 0x73, 0x4e, 0x73,
    0x2d, 0x63, 0x4d, 0x6b, 0x2d, 0x6b, 0x4e, 0x6b, 0x4e, 0x6b, 0x6e, 0x6b,
    0x8e, 0x73, 0x8f, 0x73, 0xaf, 0x73, 0xaf, 0x73, 0xaf, 0x7b, 0xd0, 0x7b,
    0xf0, 0x7b, 0xf0, 0x7b, 0xf0, 0x7b, 0xf0, 0x7b, 0xd0, 0x7b, 0xcf, 0x7b,
    0xcf, 0x7b, 0xaf, 0x73, 0x8f, 0x73, 0x8f, 0x73, 0x6e, 0x6b, 0x6e, 0x6b,
    0x4e, 0x6b, 0x2d, 0x6b, 0x2d, 0x63, 0x2d, 0x63, 0x2d, 0x63, 0x0c, 0x63,
    0x0c, 0x63, 0x0d, 0x63, 0x0d, 0x63, 0x2d, 0x63, 0x2d, 0x63, 0x6e, 0x6b,
    0xaf, 0x7b, 0x11, 0x84, 0x51, 0x84, 0x72, 0x8c, 0xb3, 0x94, 0xd4, 0x9c,
    0xf4, 0xa4, 0x15, 0xa5, 0x35, 0xa5, 0x35, 0xa5, 0xf4, 0xa4, 0xd3, 0x9c,
    0xb3, 0x9c, 0xb3, 0x94, 0x14, 0xa5, 0x35, 0xa5, 0x35, 0xa5, 0x35, 0xa5,
    0x14, 0xa5, 0x14, 0xa5, 0x14, 0xa5, 0x14, 0xad, 0x14, 0xad, 0x35, 0xa5,
    0x35, 0xad, 0x35, 0xad, 0x34, 0xa5, 0xf4, 0xa4, 0xf4, 0x9c, 0xf4, 0xa4,
    0x35, 0xa5, 0x55, 0xad, 0x35, 0xad, 0x55, 0xad, 0x55, 0xad, 0x35, 0xad,
    0x35, 0xa5, 0x35, 0xa5, 0x35, 0xad, 0x35, 0xad, 0x55, 0xad, 0x55, 0xad,
    0x56, 0xad, 0x56, 0xad, 0x55, 0xa5, 0xf4, 0x9c, 0xd4, 0x9c, 0xf4, 0x9c,
    0xf4, 0xa4, 0xf4, 0x9c, 0x14, 0xa5, 0x35, 0xa5, 0xf4, 0x9c, 0xd4, 0x9c,
    0x14, 0xa5, 0x55, 0xad, 0x56, 0xad, 0x55, 0xad, 0x56, 0xad, 0x76, 0xad,
    0x76, 0xad, 0x55, 0xad, 0x55, 0xad, 0x35, 0xa5, 0x55, 0xad, 0x55, 0xad,
    0x56, 0xad, 0x55, 0xad, 0x55, 0xad, 0x55, 0xad, 0x35, 0xa5, 0x15, 0xa5,
    0x14, 0xa5, 0xf4, 0x9c, 0xf4, 0x9c, 0xd4, 0x9c, 0xd3, 0x9c, 0xb3, 0x94,
    0x93, 0x94, 0x92, 0x94, 0x72, 0x8c, 0x51, 0x8c, 0x31, 0x84, 0xf0, 0x83,
    0xcf, 0x7b, 0x8e, 0x73, 0x4e, 0x6b, 0x2d, 0x6b, 0x0c, 0x63, 0xcb, 0x5a,
    0xab, 0x52, 0x8a, 0x52, 0x6a, 0x52, 0x4a, 0x4a, 0x49, 0x4a, 0x49, 0x4a,
    0x49, 0x4a, 0x4a, 0x4a, 0x6a, 0x4a, 0x8a, 0x52, 0x6a, 0x52, 0x6a, 0x4a,
    0x6a, 0x4a, 0x6a, 0x52, 0x6a, 0x52, 0x8a, 0x52, 0x6a, 0x4a, 0x6a, 0x4a,
    0x6a, 0x52, 0x8a, 0x52, 0x8a, 0x52, 0x6a, 0x52, 0x8a, 0x52, 0x8b, 0x52,
    0xab, 0x52, 0xab, 0x5a, 0xcb, 0x5a, 0xcc, 0x5a, 0xcc, 0x5a, 0xec, 0x5a,
    0xec, 0x5a, 0xec, 0x62, 0x0c, 0x63, 0x0c, 0x63, 0xec, 0x62, 0xec, 0x62,
    0x0d, 0x63, 0x0d, 0x63, 0x0c, 0x63, 0x0d, 0x63, 0x0d, 0x6b, 0x2d, 0x6b,
    0x2d, 0x6b, 0x2d, 0x6b, 0x2d, 0x6b, 0x2d, 0x63, 0x4d, 0x6b, 0x4d, 0x6b,
    0x4e, 0x6b, 0x4e, 0x73, 0x6e, 0x6b, 0x6e, 0x73, 0x6d, 0x73, 0x6e, 0x6b,
    0x2d, 0x63, 0x2d, 0x6b, 0x4d, 0x6b, 0x4e, 0x6b, 0x6e, 0x6b, 0x8e, 0x73,
    0xaf, 0x73, 0xaf, 0x73, 0xaf, 0x7b, 0xcf, 0x7b, 0xd0, 0x7b, 0xf0, 0x7b,
    0xf0, 0x7b, 0xf0, 0x83, 0xf0, 0x83, 0xf0, 0x7b, 0xf0, 0x7b, 0xcf, 0x7b,
    0xaf, 0x73, 0xaf, 0x73, 0x8f, 0x73, 0x8e, 0x73, 0x6e, 0x6b, 0x4d, 0x6b,
    0x4d, 0x6b, 0x2d, 0x63, 0x0d, 0x63, 0x0d, 0x63, 0x0d, 0x63, 0x0c, 0x63,
    0x0c, 0x63, 0x0d, 0x63, 0x2d, 0x63, 0x2d, 0x63, 0x4d, 0x6b, 0xaf, 0x73,
    0x10, 0x84, 0x31, 0x8c, 0x72, 0x8c, 0xb3, 0x94, 0xd4, 0x9c, 0xf4, 0x9c,
    0x14, 0xa5, 0x35, 0xa5, 0x35, 0xad, 0x35, 0xad, 0x15, 0xa5, 0xf4, 0x9c,
    0x93, 0x94, 0x92, 0x94, 0xd4, 0x9c, 0x15, 0xa5, 0x35, 0xa5, 0x35, 0xad,
    0x14, 0xa5, 0x15, 0xad, 0x14, 0xad, 0x35, 0xa5, 0x35, 0xa5, 0x15, 0xad,
    0x34, 0xad, 0x35, 0xad, 0x35, 0xad, 0x14, 0xa5, 0xf4, 0xa4, 0xf4, 0x9c,
    0xf4, 0xa4, 0x35, 0xa5, 0x55, 0xad, 0x35, 0xa5, 0x55, 0xad, 0x55, 0xad,
    0x35, 0xad, 0x35, 0xad, 0x35, 0xad, 0x35, 0xa5, 0x35, 0xa5, 0x35, 0xad,
    0x55, 0xad, 0x55, 0xad, 0x56, 0xa5, 0x35, 0xa5, 0xd4, 0x9c, 0xb3, 0x94,
    0xf4, 0x9c, 0x14, 0xa5, 0x15, 0xa5, 0x35, 0xa5, 0x14, 0xa5, 0xd3, 0x9c,
    0xf4, 0xa4, 0x14, 0xa5, 0x35, 0xa5, 0x55, 0xad, 0x55, 0xad, 0x55, 0xad,
    0x55, 0xad, 0x55, 0xad, 0x35, 0xa5, 0x35, 0xa5, 0x15, 0xa5, 0x35, 0xa5,
    0x35, 0xad, 0x35, 0xad, 0x35, 0xa5, 0x35, 0xa5, 0x15, 0xa5, 0x14, 0xa5,
    0xf4, 0x9c, 0xf4, 0x9c, 0xd3, 0x9c, 0xb3, 0x9c, 0xb3, 0x94, 0x92, 0x94,
    0x92, 0x94, 0x72, 0x8c, 0x31, 0x8c, 0x31, 0x84, 0xf0, 0x83, 0xcf, 0x7b,
    0x8e, 0x73, 0x6e, 0x6b, 0x2d, 0x63, 0x0c, 0x63, 0xcb, 0x5a, 0x8b, 0x52,
    0x8a, 0x52, 0x6a, 0x52, 0x6a, 0x4a, 0x4a, 0x4a, 0x49, 0x4a, 0x49, 0x4a,
    0x49, 0x4a, 0x49, 0x4a, 0x6a, 0x4a, 0x6a, 0x52, 0x6a, 0x52, 0x8a, 0x4a,
    0x6a, 0x4a, 0x6a, 0x4a, 0x6a, 0x4a, 0x8a, 0x52, 0x6a, 0x52, 0x6a, 0x4a,
    0x6a, 0x4a, 0x6a, 0x4a, 0x8a, 0x52, 0x8a, 0x52, 0x8a, 0x4a, 0x8b, 0x52,
    0xab, 0x52, 0xab, 0x5a, 0xab, 0x5a, 0xcb, 0x5a, 0xcb, 0x5a, 0xec, 0x5a,
    0xec, 0x62, 0xec, 0x5a, 0xec, 0x62, 0x0c, 0x63, 0x0c, 0x63, 0xed, 0x62,
    0x0d, 0x63, 0x0c, 0x63, 0x0d, 0x63, 0x0d, 0x63, 0x2c, 0x6b, 0x2d, 0x63,
    0x2d, 0x6b, 0x2d, 0x6b, 0x2d, 0x6b, 0x2d, 0x6b, 0x4d, 0x6b, 0x4d, 0x6b,
    0x4e, 0x6b, 0x4d, 0x6b, 0x4e, 0x73, 0x6e, 0x73, 0x6e, 0x73, 0x6e, 0x73,
    0x2d, 0x6b, 0x4d, 0x6b, 0x4e, 0x6b, 0x6e, 0x6b, 0x8e, 0x73, 0x8f, 0x73,
    0xaf, 0x73, 0xcf, 0x7b, 0xcf, 0x7b, 0xd0, 0x7b, 0xf0, 0x7b, 0xf0, 0x7b,
    0xf0, 0x7b, 0xf0, 0x83, 0x10, 0x84, 0xf0, 0x7b, 0xf0, 0x7b, 0xd0, 0x7b,
    0xaf, 0x7b, 0x8f, 0x73, 0x8e, 0x73, 0x6e, 0x6b, 0x4e, 0x6b, 0x4d, 0x6b,
    0x2d, 0x63, 0x0d, 0x63, 0x0d, 0x63, 0x0c, 0x63, 0x0c, 0x63, 0x0d, 0x63,
    0x0d, 0x63, 0x0d, 0x63, 0x0d, 0x63, 0x4d, 0x63, 0x8f, 0x73, 0xf0, 0x7b,
    0x31, 0x8c, 0x72, 0x8c, 0x93, 0x94, 0xd3, 0x9c, 0xf4, 0x9c, 0x14, 0xa5,
    0x35, 0xa5, 0x35, 0xa5, 0x35, 0xa5, 0x35, 0xa5, 0x35, 0xa5, 0xf4, 0x9c,
    0xd3, 0x9c, 0x93, 0x94, 0xb3, 0x94, 0xf4, 0x9c, 0x35, 0xa5, 0x35, 0xa5,
    0x14, 0xad, 0x14, 0xa5, 0x14, 0xa5, 0x14, 0xad, 0x34, 0xad, 0x35, 0xa5,
    0x35, 0xad, 0x35, 0xa5, 0x35, 0xa5, 0x35, 0xa5, 0x14, 0xa5, 0xf4, 0xa4,
    0xf4, 0x9c, 0x14, 0xa5, 0x55, 0xad, 0x35, 0xad, 0x35, 0xa5, 0x35, 0xad,
    0x35, 0xad, 0x35, 0xad, 0x34, 0xad, 0x34, 0xad, 0x35, 0xad, 0x35, 0xad,
    0x55, 0xad, 0x55, 0xad, 0x55, 0xad, 0x56, 0xad, 0x35, 0xa5, 0xd3, 0x9c,
    0xb3, 0x94, 0xf4, 0xa4, 0x35, 0xa5, 0x35, 0xa5, 0x14, 0xa5, 0xd4, 0x9c,
    0xf4, 0x9c, 0xf4, 0x9c, 0x14, 0xa5, 0x35, 0xa5, 0x35, 0xad, 0x35, 0xad,
    0x35, 0xad, 0x35, 0xa5, 0x35, 0xa5, 0x15, 0xa5, 0x35, 0xa5, 0x35, 0xa5,
    0x35, 0xa5, 0x35, 0xa5, 0x14, 0xa5, 0x14, 0xa5, 0xf4, 0x9c, 0xf4, 0x9c,
    0xd4, 0x9c, 0xd3, 0x9c, 0xb3, 0x94, 0xb3, 0x94, 0x92, 0x94, 0x72, 0x8c,
    0x51, 0x8c, 0x31, 0x8c, 0x10, 0x84, 0xf0, 0x7b, 0xcf, 0x7b, 0x8e, 0x73,
    0x4e, 0x6b, 0x2d, 0x6b, 0x0c, 0x63, 0xcb, 0x5a, 0x8a, 0x52, 0x6a, 0x52,
    0x6a, 0x4a, 0x49, 0x4a, 0x4a, 0x4a, 0x69, 0x4a, 0x49, 0x4a, 0x4a, 0x4a,
    0x4a, 0x4a, 0x4a, 0x4a, 0x49, 0x4a, 0x6a, 0x4a, 0x6a, 0x52, 0x8a, 0x52,
    0x6a, 0x4a, 0x6a, 0x52, 0x6a, 0x4a, 0x6a, 0x4a, 0x6a, 0x52, 0x6a, 0x4a,
    0x6a, 0x52, 0x69, 0x52, 0x6a, 0x4a, 0x6a, 0x52, 0x6a, 0x52, 0x8a, 0x52,
    0xab, 0x52, 0xab, 0x52, 0xab, 0x5a, 0xcb, 0x5a, 0xcc, 0x5a, 0xcc, 0x5a,
    0xec, 0x5a, 0xec, 0x62, 0xec, 0x62, 0xec, 0x62, 0x0d, 0x63, 0x0c, 0x63,
    0x0c, 0x63, 0x0c, 0x63, 0x0d, 0x63, 0x0c, 0x63, 0x0d, 0x6b, 0x2d, 0x6b,
    0x2d, 0x63, 0x2d, 0x6b, 0x2d, 0x6b, 0x2d, 0x6b, 0x2d, 0x6b, 0x2d, 0x6b,
    0x4d, 0x6b, 0x4d, 0x6b, 0x4d, 0x73, 0x6d, 0x6b, 0x6e, 0x6b, 0x4e, 0x73,
    0x4d, 0x6b, 0x4d, 0x6b, 0x6e, 0x6b, 0x6e, 0x73, 0x8e, 0x73, 0xaf, 0x73,
    0xaf, 0x7b, 0xd0, 0x7b, 0xf0, 0x7b, 0xf0, 0x7b, 0x10, 0x84, 0xf0, 0x7b,
    0xf0, 0x7b, 0xf0, 0x83, 0xf0, 0x7b, 0xf0, 0x7b, 0xf0, 0x7b, 0xcf, 0x7b,
    0xaf, 0x73, 0x8f, 0x73, 0x6e, 0x73, 0x6e, 0x6b, 0x4e, 0x6b, 0x2d, 0x6b,
    0x2d, 0x63, 0x0c, 0x63, 0x0c, 0x63, 0x0c, 0x63, 0x0d, 0x63, 0x0c, 0x63,
    0x0d, 0x63, 0x0c, 0x63, 0x2d, 0x63, 0x8e, 0x73, 0xf0, 0x7b, 0x31, 0x84,
    0x72, 0x8c, 0x93, 0x94, 0xd3, 0x9c, 0xf4, 0x9c, 0x14, 0xa5, 0x35, 0xa5,
    0x35, 0xa5, 0x35, 0xad, 0x14, 0xa5, 0x14, 0xa5, 0x15, 0xa5, 0x14, 0xa5,
    0xf4, 0x9c, 0xd4, 0x9c, 0xb3, 0x9c, 0xd3, 0x9c, 0xf4, 0x9c, 0x15, 0xa5,
    0x35, 0xa5, 0x35, 0xa5, 0x14, 0xad, 0x15, 0xa5, 0x35, 0xa5, 0x35, 0xad,
    0x35, 0xad, 0x35, 0xa5, 0x35, 0xad, 0x35, 0xad, 0x15, 0xa5, 0x14, 0x9d,
    0xf4, 0xa4, 0xf4, 0xa4, 0x35, 0xa5, 0x35, 0xad, 0x35, 0xad, 0x35, 0xad,
    0x35, 0xa5, 0x34, 0xad, 0x35, 0xa5, 0x35, 0xad, 0x15, 0xad, 0x35, 0xa5,
    0x35, 0xa5, 0x55, 0xad, 0x55, 0xad, 0x56, 0xad, 0x55, 0xad, 0x35, 0xa5,
    0xf4, 0x9c, 0xd3, 0x9c, 0x14, 0xa5, 0x15, 0xa5, 0x14, 0xa5, 0xf4, 0x9c,
    0xd4, 0x9c, 0xd3, 0x9c, 0xf4, 0x9c, 0x35, 0xa5, 0x35, 0xa5, 0x35, 0xa5,
    0x35, 0xa5, 0x35, 0xa5, 0x14, 0xa5, 0x14, 0xa5, 0x35, 0xa5, 0x35, 0xa5,
    0x14, 0xa5, 0x14, 0xa5, 0x14, 0xa5, 0xf4, 0x9c, 0xd4, 0x9c, 0xd3, 0x9c,
    0xd3, 0x9c, 0xb3, 0x94, 0x93, 0x94, 0x92, 0x94, 0x72, 0x8c, 0x51, 0x8c,
    0x31, 0x84, 0x10, 0x84, 0xd0, 0x7b, 0xaf, 0x7b, 0x8e, 0x73, 0x4e, 0x6b,
    0x2d, 0x6b, 0xec, 0x62, 0xcb, 0x5a, 0x8a, 0x52, 0x8a, 0x52, 0x6a, 0x52,
    0x49, 0x4a, 0x49, 0x4a, 0x4a, 0x4a, 0x69, 0x4a, 0x49, 0x4a, 0x49, 0x4a,
    0x49, 0x4a, 0x6a, 0x4a, 0x4a, 0x4a, 0x6a, 0x4a, 0x6a, 0x4a, 0x6a, 0x52,
    0x8a, 0x4a, 0x6a, 0x4a, 0x6a, 0x52, 0x6a, 0x4a, 0x6a, 0x52, 0x8a, 0x4a,
    0x6a, 0x4a, 0x6a, 0x52, 0x6a, 0x52, 0x8a, 0x4a, 0x8a, 0x52, 0x8b, 0x52,
    0x8b, 0x52, 0xab, 0x52, 0xcb, 0x5a, 0xcb, 0x5a, 0xcc, 0x5a, 0xcc, 0x5a,
    0xcc, 0x5a, 0xec, 0x62, 0xec, 0x62, 0x0c, 0x5b, 0x0c, 0x63, 0x0c, 0x63,
    0x0d, 0x63, 0xec, 0x62, 0x0c, 0x63, 0x0d, 0x63, 0x0d, 0x6b, 0x2d, 0x6b,
    0x2d, 0x63, 0x2d, 0x6b, 0x2d, 0x6b, 0x2d, 0x6b, 0x4d, 0x6b, 0x4d, 0x6b,
    0x4d, 0x6b, 0x4e, 0x6b, 0x4e, 0x6b, 0x4e, 0x73, 0x6e, 0x73, 0x6e, 0x6b,
    0x4e, 0x6b, 0x6e, 0x6b, 0x6e, 0x73, 0x8f, 0x73, 0xaf, 0x73, 0xaf, 0x73,
    0xd0, 0x7b, 0xf0, 0x7b, 0x10, 0x7c, 0x10, 0x84, 0x10, 0x84, 0x11, 0x84,
    0xf0, 0x83, 0xf0, 0x83, 0xf0, 0x7b, 0xf0, 0x7b, 0xd0, 0x7b, 0xcf, 0x7b,
    0xaf, 0x73, 0x8f, 0x73, 0x6e, 0x73, 0x6e, 0x6b, 0x4d, 0x6b, 0x2d, 0x63,
    0x2d, 0x63, 0x0d, 0x63, 0x0c, 0x63, 0x0d, 0x5b, 0x0d, 0x63, 0x0c, 0x63,
    0x0d, 0x63, 0x2d, 0x63, 0x6e, 0x6b, 0xcf, 0x7b, 0x11, 0x84, 0x52, 0x8c,
    0x92, 0x94, 0xb3, 0x94, 0xf4, 0x9c, 0x14, 0xa5, 0x15, 0xa5, 0x35, 0xa5,
    0x35, 0xad, 0x35, 0xa5, 0x15, 0xa5, 0xf4, 0xa4, 0xf4, 0x9c, 0xf4, 0x9c,
    0xf4, 0x9c, 0xd4, 0x9c, 0xd4, 0x9c, 0xf4, 0x9c, 0xd4, 0x9c, 0x14, 0xa5,
    0x35, 0xa5, 0x35, 0xad, 0x35, 0xa5, 0x35, 0xa5, 0x35, 0xa5, 0x35, 0xad,
    0x35, 0xad, 0x35, 0xa5, 0x55, 0xad, 0x55, 0xad, 0x35, 0xa5, 0x15, 0xa5,
    0x14, 0xa5, 0xf4, 0xa4, 0x14, 0xa5, 0x35, 0xad, 0x35, 0xad, 0x35, 0xa5,
    0x34, 0xad, 0x35, 0xad, 0x35, 0xad, 0x35, 0xa5, 0x34, 0xad, 0x35, 0xad,
    0x35, 0xad, 0x35, 0xad, 0x55, 0xad, 0x55, 0xad, 0x56, 0xa5, 0x56, 0xad,
    0x55, 0xa5, 0xf4, 0x9c, 0xf4, 0xa4, 0x35, 0xa5, 0x35, 0xa5, 0x35, 0xa5,
    0xf4, 0xa4, 0xd4, 0x9c, 0xd4, 0x9c, 0x14, 0xa5, 0x35, 0xa5, 0x35, 0xa5,
    0x15, 0xa5, 0x14, 0xa5, 0x15, 0xa5, 0x15, 0xa5, 0x35, 0xa5, 0x14, 0xa5,
    0xf4, 0xa4, 0xf4, 0x9c, 0xf4, 0x9c, 0xd4, 0x9c, 0xd3, 0x9c, 0xb3, 0x94,
    0xb3, 0x94, 0x92, 0x94, 0x72, 0x8c, 0x52, 0x8c, 0x31, 0x8c, 0x11, 0x84,
    0x10, 0x84, 0xcf, 0x7b, 0xaf, 0x73, 0x8e, 0x73, 0x4d, 0x6b, 0x2d, 0x63,
    0x0c, 0x63, 0xcb, 0x5a, 0xaa, 0x52, 0x6a, 0x52, 0x6a, 0x52, 0x49, 0x4a,
    0x49, 0x4a, 0x49, 0x4a, 0x4a, 0x4a, 0x4a, 0x4a, 0x6a, 0x4a, 0x4a, 0x4a,
    0x49, 0x4a, 0x49, 0x4a, 0x49, 0x4a, 0x69, 0x4a, 0x6a, 0x4a, 0x6a, 0x4a,
    0x8a, 0x52, 0x6a, 0x52, 0x6a, 0x4a, 0x6a, 0x4a, 0x6a, 0x4a, 0x6a, 0x52,
    0x6a, 0x4a, 0x6a, 0x4a, 0x6a, 0x52, 0x8a, 0x52, 0x8a, 0x52, 0x8a, 0x52,
    0x8b, 0x52, 0x8b, 0x52, 0xab, 0x52, 0xcb, 0x5a, 0xcb, 0x5a, 0xcc, 0x5a,
    0xcb, 0x5a, 0xec, 0x5a, 0xec, 0x62, 0x0c, 0x63, 0xec, 0x62, 0x0d, 0x63,
    0xec, 0x62, 0x0c, 0x63, 0x0d, 0x63, 0x0d, 0x63, 0x0d, 0x63, 0x2c, 0x63,
    0x2d, 0x6b, 0x2d, 0x6b, 0x2d, 0x6b, 0x2d, 0x6b, 0x2d, 0x6b, 0x4d, 0x6b,
    0x2d, 0x6b, 0x4e, 0x6b, 0x4e, 0x6b, 0x4e, 0x6b, 0x4d, 0x73, 0x6e, 0x73,
    0x6e, 0x6b, 0x8e, 0x73, 0x8f, 0x73, 0xaf, 0x73, 0xaf, 0x73, 0xcf, 0x7b,
    0xd0, 0x7b, 0xf0, 0x83, 0x10, 0x84, 0x11, 0x84, 0x11, 0x84, 0x10, 0x84,
    0x10, 0x7c, 0xf0, 0x7b, 0xf0, 0x7b, 0xd0, 0x7b, 0xcf, 0x7b, 0xcf, 0x7b,
    0x8f, 0x73, 0x8e, 0x73, 0x6e, 0x6b, 0x4d, 0x6b, 0x2d, 0x6b, 0x0d, 0x63,
    0x0d, 0x63, 0x0c, 0x63, 0x0c, 0x63, 0xed, 0x62, 0x0c, 0x63, 0x0d, 0x63,
    0x2d, 0x63, 0x6e, 0x6b, 0xaf, 0x73, 0xf0, 0x83, 0x52, 0x8c, 0x92, 0x94,
    0xb3, 0x94, 0xd4, 0x9c, 0xf4, 0xa4, 0x15, 0xa5, 0x35, 0xa5, 0x35, 0xa5,
    0x34, 0xa5, 0x15, 0xa5, 0x15, 0xa5, 0x14, 0xa5, 0xd3, 0x9c, 0xb3, 0x9c,
    0xd3, 0x9c, 0xd4, 0x9c, 0xd3, 0x9c, 0xd3, 0x9c, 0x14, 0xa5, 0x14, 0xa5,
    0x35, 0xa5, 0x35, 0xad, 0x55, 0xa5, 0x35, 0xad, 0x35, 0xad, 0x35, 0xa5,
    0x35, 0xad, 0x35, 0xa5, 0x55, 0xad, 0x55, 0xad, 0x36, 0xad, 0x35, 0xad,
    0x14, 0xa5, 0xf4, 0xa4, 0xf4, 0xa4, 0x35, 0xad, 0x35, 0xad, 0x35, 0xad,
    0x35, 0xad, 0x14, 0xad, 0x14, 0xad, 0x34, 0xad, 0x35, 0xad, 0x35, 0xad,
    0x35, 0xad, 0x55, 0xad, 0x55, 0xa5, 0x56, 0xad, 0x55, 0xad, 0x55, 0xad,
    0x55, 0xad, 0x56, 0xad, 0x35, 0xa5, 0x35, 0xa5, 0x55, 0xad, 0x55, 0xad,
    0x35, 0xa5, 0xf4, 0x9c, 0xd3, 0x9c, 0xf4, 0x9c, 0x35, 0xa5, 0x15, 0xa5,
    0x14, 0xa5, 0x14, 0xa5, 0x35, 0xa5, 0x35, 0xa5, 0x14, 0xa5, 0x14, 0xa5,
    0xf4, 0x9c, 0xd4, 0x9c, 0xd3, 0x9c, 0xb3, 0x94, 0xb3, 0x94, 0x93, 0x94,
    0x72, 0x94, 0x72, 0x8c, 0x51, 0x8c, 0x31, 0x84, 0x11, 0x84, 0xf0, 0x7b,
    0xcf, 0x7b, 0xaf, 0x73, 0x8e, 0x73, 0x4d, 0x6b, 0x2d, 0x63, 0x0c, 0x63,
    0xcb, 0x5a, 0xaa, 0x5a, 0x8a, 0x52, 0x6a, 0x52, 0x49, 0x52, 0x49, 0x4a,
    0x49, 0x4a, 0x49, 0x4a, 0x49, 0x4a, 0x49, 0x4a, 0x6a, 0x52, 0x69, 0x4a,
    0x4a, 0x4a, 0x4a, 0x4a, 0x49, 0x4a, 0x4a, 0x4a, 0x49, 0x4a, 0x6a, 0x4a,
    0x6a, 0x52, 0x8a, 0x52, 0x6a, 0x4a, 0x6a, 0x4a, 0x49, 0x4a, 0x6a, 0x52,
    0x8a, 0x52, 0x6a, 0x4a, 0x69, 0x4a, 0x6a, 0x52, 0x6a, 0x52, 0x8a, 0x4a,
    0x8b, 0x52, 0x8a, 0x52, 0xab, 0x52, 0xcb, 0x5a, 0xcb, 0x5a, 0xcc, 0x5a,
    0xcb, 0x5a, 0xcc, 0x5a, 0xec, 0x5a, 0xec, 0x62, 0x0c, 0x63, 0x0c, 0x5b,
    0x0d, 0x63, 0x0d, 0x63, 0x0d, 0x63, 0x0c, 0x63, 0x0d, 0x63, 0x0d, 0x6b,
    0x2d, 0x6b, 0x2d, 0x6b, 0x2d, 0x6b, 0x2d, 0x6b, 0x4d, 0x6b, 0x2d, 0x6b,
    0x2d, 0x6b, 0x4d, 0x6b, 0x4d, 0x6b, 0x4d, 0x73, 0x4e, 0x73, 0x6d, 0x6b,
    0x6e, 0x6b, 0x8f, 0x73, 0xaf, 0x73, 0xaf, 0x7b, 0xcf, 0x7b, 0xf0, 0x7b,
    0xf0, 0x7b, 0x10, 0x84, 0x10, 0x84, 0x31, 0x84, 0x11, 0x84, 0x10, 0x84,
    0x10, 0x84, 0xf0, 0x7b, 0xf0, 0x7b, 0xd0, 0x7b, 0xcf, 0x7b, 0xaf, 0x73,
    0x8f, 0x73, 0x8e, 0x73, 0x4e, 0x6b, 0x2d, 0x6b, 0x2d, 0x63, 0x2d, 0x63,
    0x0c, 0x63, 0x0c, 0x63, 0x0c, 0x63, 0xec, 0x62, 0x0c, 0x63, 0x0d, 0x63,
    0x4e, 0x6b, 0xaf, 0x73, 0xf0, 0x83, 0x51, 0x8c, 0x72, 0x8c, 0xb3, 0x94,
    0xd4, 0x9c, 0xf4, 0xa4, 0x14, 0xa5, 0x35, 0xa5, 0x35, 0xa5, 0x35, 0xad,
    0x35, 0xa5, 0x34, 0xa5, 0x15, 0xa5, 0x14, 0xa5, 0x14, 0xa5, 0xd3, 0x9c,
    0x93, 0x94, 0xb3, 0x94, 0xd4, 0x9c, 0xd4, 0x9c, 0xf4, 0x9c, 0x15, 0xa5,
    0x35, 0xa5, 0x35, 0xa5, 0x35, 0xad, 0x35, 0xa5, 0x35, 0xad, 0x35, 0xa5,
    0x35, 0xad, 0x55, 0xad, 0x35, 0xad, 0x35, 0xa5, 0x55, 0xad, 0x35, 0xad,
    0x35, 0xa5, 0x15, 0xa5, 0xf4, 0xa4, 0x34, 0xa5, 0x34, 0xa5, 0x34, 0xad,
    0x14, 0xad, 0x15, 0xa5, 0x34, 0xa5, 0x35, 0xad, 0x15, 0xa5, 0x35, 0xa5,
    0x35, 0xad, 0x55, 0xa5, 0x35, 0xad, 0x55, 0xad, 0x55, 0xad, 0x55, 0xad,
    0x56, 0xad, 0x55, 0xad, 0x35, 0xa5, 0x15, 0xa5, 0x35, 0xa5, 0x55, 0xad,
    0x55, 0xad, 0x35, 0xa5, 0xf4, 0xa4, 0xd3, 0x9c, 0x14, 0xa5, 0x14, 0xa5,
    0x14, 0xa5, 0x35, 0xa5, 0x35, 0xa5, 0x14, 0xa5, 0xf4, 0xa4, 0xf4, 0x9c,
    0xd4, 0x9c, 0xd3, 0x9c, 0xb3, 0x94, 0xb3, 0x94, 0x92, 0x94, 0x72, 0x8c,
    0x72, 0x8c, 0x51, 0x8c, 0x31, 0x84, 0x10, 0x84, 0xf0, 0x7b, 0xcf, 0x7b,
    0x8f, 0x73, 0x6e, 0x73, 0x4d, 0x6b, 0x0d, 0x63, 0x0c, 0x63, 0xcb, 0x5a,
    0xab, 0x52, 0x8a, 0x52, 0x6a, 0x52, 0x49, 0x52, 0x49, 0x4a, 0x49, 0x4a,
    0x49, 0x4a, 0x49, 0x4a, 0x49, 0x4a, 0x4a, 0x4a, 0x4a, 0x4a, 0x6a, 0x52,
    0x69, 0x4a, 0x49, 0x4a, 0x4a, 0x4a, 0x4a, 0x4a, 0x4a, 0x4a, 0x6a, 0x4a,
    0x6a, 0x4a, 0x6a, 0x4a, 0x8a, 0x4a, 0x6a, 0x4a, 0x6a, 0x4a, 0x6a, 0x4a,
    0x6a, 0x52, 0x6a, 0x4a, 0x6a, 0x4a, 0x69, 0x4a, 0x6a, 0x52, 0x8a, 0x52,
    0x8a, 0x52, 0x8b, 0x52, 0x8b, 0x52, 0xab, 0x52, 0xcb, 0x5a, 0xcb, 0x5a,
    0xcc, 0x5a, 0xec, 0x5a, 0xec, 0x62, 0xec, 0x62, 0xec, 0x62, 0x0d, 0x63,
    0x0c, 0x63, 0x0c, 0x63, 0x0c, 0x63, 0x0c, 0x63, 0x0c, 0x63, 0x2d, 0x6b,
    0x2d, 0x63, 0x2d, 0x6b, 0x2d, 0x63, 0x2d, 0x6b, 0x4d, 0x6b, 0x4d, 0x6b,
    0x4d, 0x6b, 0x4e, 0x6b, 0x4d, 0x6b, 0x4d, 0x6b, 0x4e, 0x6b, 0x4e, 0x73,
    0x8e, 0x73, 0xaf, 0x73, 0xcf, 0x73, 0xcf, 0x7b, 0xd0, 0x7b, 0xf0, 0x7b,
    0xf0, 0x7b, 0x11, 0x84, 0x11, 0x84, 0x11, 0x84, 0x30, 0x84, 0x11, 0x7c,
    0xf0, 0x7b, 0xf0, 0x7b, 0xd0, 0x7b, 0xcf, 0x7b, 0xaf, 0x73, 0xaf, 0x73,
    0x8e, 0x73, 0x6e, 0x6b, 0x4d, 0x6b, 0x2d, 0x63, 0x2d, 0x63, 0x0d, 0x63,
    0x0c, 0x63, 0x0c, 0x63, 0x0d, 0x63, 0x0c, 0x63, 0x0d, 0x63, 0x4d, 0x6b,
    0x8f, 0x73, 0xf0, 0x7b, 0x31, 0x84, 0x72, 0x8c, 0xb3, 0x94, 0xd3, 0x9c,
    0xf4, 0x9c, 0x14, 0xa5, 0x35, 0xa5, 0x35, 0xa5, 0x35, 0xa5, 0x15, 0xa5,
    0x15, 0xa5, 0x15, 0xa5, 0x14, 0xa5, 0x15, 0xa5, 0x15, 0xa5, 0xf4, 0x9c,
    0xb3, 0x94, 0x92, 0x94, 0xb3, 0x94, 0xd4, 0x9c, 0xf4, 0x9c, 0x14, 0xa5,
    0x15, 0xa5, 0x35, 0xa5, 0x35, 0xad, 0x35, 0xad, 0x55, 0xa5, 0x55, 0xad,
    0x55, 0xad, 0x36, 0xad, 0x55, 0xad, 0x55, 0xad, 0x35, 0xa5, 0x35, 0xad,
    0x35, 0xad, 0x35, 0xad, 0x14, 0xad, 0x14, 0xa5, 0x35, 0xad, 0x14, 0xad,
    0x15, 0xa5, 0x35, 0xa5, 0x35, 0xad, 0x34, 0xad, 0x35, 0xad, 0x34, 0xad,
    0x35, 0xad, 0x35, 0xad, 0x55, 0xad, 0x55, 0xad, 0x56, 0xa5, 0x36, 0xa5,
    0x55, 0xad, 0x35, 0xa5, 0x35, 0xa5, 0x14, 0xa5, 0xf4, 0x9c, 0x14, 0xa5,
    0x55, 0xad, 0x56, 0xad, 0x35, 0xa5, 0xf4, 0xa4, 0xf4, 0x9c, 0x14, 0xa5,
    0x15, 0xa5, 0x15, 0xa5, 0x14, 0xa5, 0xf4, 0xa4, 0xf4, 0x9c, 0xd4, 0x9c,
    0xd3, 0x9c, 0xb3, 0x94, 0x92, 0x94, 0x72, 0x94, 0x72, 0x8c, 0x51, 0x8c,
    0x31, 0x8c, 0x31, 0x84, 0xf0, 0x7b, 0xd0, 0x7b, 0xcf, 0x7b, 0x8e, 0x73,
    0x6e, 0x6b, 0x2d, 0x6b, 0x0c, 0x63, 0x0c, 0x63, 0xcb, 0x5a, 0xab, 0x5a,
    0x8a, 0x52, 0x6a, 0x52, 0x6a, 0x4a, 0x49, 0x4a, 0x69, 0x4a, 0x49, 0x4a,
    0x49, 0x52, 0x49, 0x4a, 0x4a, 0x4a, 0x49, 0x4a, 0x49, 0x4a, 0x4a, 0x4a,
    0x6a, 0x52, 0x49, 0x4a, 0x49, 0x4a, 0x49, 0x4a, 0x49, 0x4a, 0x49, 0x4a,
    0x6a, 0x4a, 0x6a, 0x52, 0x8a, 0x52, 0x8a, 0x4a, 0x6a, 0x52, 0x6a, 0x4a,
    0x6a, 0x52, 0x8a, 0x4a, 0x6a, 0x52, 0x6a, 0x4a, 0x6a, 0x52, 0x8a, 0x52,
    0x8a, 0x52, 0x8a, 0x52, 0xab, 0x52, 0xab, 0x5a, 0xab, 0x5a, 0xcc, 0x5a,
    0xcb, 0x5a, 0xec, 0x5a, 0xec, 0x5a, 0xec, 0x5a, 0x0c, 0x63, 0x0c, 0x63,
    0x0d, 0x63, 0x0d, 0x63, 0x0d, 0x63, 0x0d, 0x63, 0x0d, 0x63, 0x2d, 0x6b,
    0x2c, 0x6b, 0x2d, 0x6b, 0x2d, 0x6b, 0x2d, 0x6b, 0x2d, 0x6b, 0x4d, 0x6b,
    0x4e, 0x6b, 0x4d, 0x6b, 0x2d, 0x6b, 0x4e, 0x6b, 0x4e, 0x6b, 0x4e, 0x6b,
    0x8e, 0x73, 0xaf, 0x73, 0xd0, 0x7b, 0xf0, 0x7b, 0xf0, 0x7b, 0xf0, 0x7b,
    0x10, 0x84, 0x11, 0x84, 0x31, 0x84, 0x31, 0x84, 0x10, 0x84, 0x10, 0x84,
    0xf0, 0x7b, 0xd0, 0x7b, 0xcf, 0x7b, 0xaf, 0x7b, 0xaf, 0x73, 0x8e, 0x73,
    0x6e, 0x6b, 0x4e, 0x6b, 0x2d, 0x6b, 0x2d, 0x6b, 0x2d, 0x63, 0x0d, 0x63,
    0x0c, 0x63, 0x0d, 0x63, 0x0d, 0x63, 0x0c, 0x63, 0x2d, 0x63, 0x8f, 0x73,
    0xd0, 0x7b, 0x11, 0x84, 0x72, 0x8c, 0x93, 0x94, 0xd3, 0x9c, 0xf4, 0x9c,
    0x14, 0xa5, 0x35, 0xa5, 0x35, 0xad, 0x35, 0xa5, 0x35, 0xad, 0x14, 0xa5,
    0x14, 0xa5, 0x15, 0xa5, 0x14, 0xa5, 0x15, 0xa5, 0x14, 0xa5, 0xf4, 0x9c,
    0xd4, 0x9c, 0xb3, 0x94, 0x72, 0x94, 0xb3, 0x94, 0xf4, 0x9c, 0x14, 0xa5,
    0x14, 0xa5, 0x35, 0xa5, 0x35, 0xad, 0x55, 0xa5, 0x55, 0xa5, 0x35, 0xad,
    0x55, 0xad, 0x55, 0xa5, 0x35, 0xad, 0x35, 0xad, 0x35, 0xad, 0x35, 0xad,
    0x35, 0xa5, 0x34, 0xa5, 0x34, 0xad, 0x15, 0xad, 0x15, 0xad, 0x35, 0xa5,
    0x34, 0xad, 0x34, 0xad, 0x14, 0xad, 0x35, 0xa5, 0x35, 0xad, 0x35, 0xa5,
    0x35, 0xad, 0x35, 0xad, 0x55, 0xa5, 0x55, 0xad, 0x56, 0xad, 0x55, 0xad,
    0x35, 0xa5, 0x15, 0xa5, 0x15, 0xa5, 0x14, 0xa5, 0xd4, 0x9c, 0x93, 0x94,
    0xf4, 0x9c, 0x55, 0xad, 0x35, 0xa5, 0x15, 0xa5, 0x14, 0xa5, 0x15, 0xa5,
    0x15, 0xa5, 0x14, 0xa5, 0x14, 0x9d, 0xf4, 0x9c, 0xd3, 0x9c, 0xb3, 0x94,
    0xb3, 0x94, 0x92, 0x94, 0x72, 0x8c, 0x72, 0x8c, 0x51, 0x8c, 0x31, 0x84,
    0x11, 0x84, 0xf0, 0x7b, 0xcf, 0x7b, 0xaf, 0x73, 0x8e, 0x73, 0x4e, 0x6b,
    0x2d, 0x63, 0x0c, 0x63, 0xec, 0x62, 0xcb, 0x5a, 0xab, 0x5a, 0x8a, 0x52,
    0x6a, 0x52, 0x69, 0x52, 0x69, 0x52, 0x49, 0x4a, 0x4a, 0x4a, 0x69, 0x52,
    0x49, 0x4a, 0x49, 0x4a, 0x49, 0x4a, 0x49, 0x4a, 0x49, 0x4a, 0x4a, 0x4a,
    0x6a, 0x4a, 0x6a, 0x52, 0x49, 0x4a, 0x49, 0x4a, 0x4a, 0x4a, 0x4a, 0x4a,
    0x49, 0x4a, 0x6a, 0x4a, 0x6a, 0x52, 0x8a, 0x52, 0x6a, 0x52, 0x6a, 0x4a,
    0x6a, 0x4a, 0x6a, 0x52, 0x6a, 0x4a, 0x6a, 0x4a, 0x6a, 0x4a, 0x8a, 0x52,
    0x8a, 0x52, 0x8b, 0x4a, 0xab, 0x52, 0xab, 0x52, 0xab, 0x5a, 0xcb, 0x5a,
    0xcc, 0x5a, 0xcc, 0x5a, 0xcb, 0x5a, 0xec, 0x62, 0xec, 0x62, 0xec, 0x62,
    0x0d, 0x63, 0x0d, 0x63, 0x0c, 0x63, 0x0c, 0x63, 0x2d, 0x63, 0x0d, 0x63,
    0x0d, 0x63, 0x2d, 0x63, 0x2d, 0x6b, 0x2d, 0x6b, 0x2d, 0x6b, 0x4d, 0x6b,
    0x4d, 0x6b, 0x4d, 0x6b, 0x2d, 0x6b, 0x4d, 0x6b, 0x4e, 0x73, 0x4d, 0x73,
    0xaf, 0x73, 0xcf, 0x7b, 0xd0, 0x7b, 0xf0, 0x7b, 0x10, 0x84, 0x10, 0x84,
    0x11, 0x84, 0x11, 0x84, 0x30, 0x84, 0x10, 0x84, 0x11, 0x84, 0x10, 0x84,
    0xf0, 0x7b, 0xd0, 0x7b, 0xaf, 0x7b, 0xaf, 0x73, 0x8f, 0x73, 0x6e, 0x73,
    0x6e, 0x6b, 0x4d, 0x6b, 0x2d, 0x6b, 0x2d, 0x63, 0x2d, 0x63, 0x0d, 0x63,
    0x0c, 0x63, 0x0c, 0x63, 0x0c, 0x63, 0x0d, 0x63, 0x6e, 0x6b, 0xcf, 0x7b,
    0xf0, 0x83, 0x31, 0x84, 0x92, 0x8c, 0xb3, 0x94, 0xf4, 0x9c, 0x14, 0xa5,
    0x15, 0xa5, 0x35, 0xa5, 0x35, 0xa5, 0x35, 0xa5, 0x15, 0xa5, 0x14, 0xa5,
    0x15, 0xa5, 0x14, 0xa5, 0x14, 0xa5, 0x14, 0x9d, 0xf4, 0x9c, 0xd4, 0x9c,
    0xd3, 0x9c, 0xd3, 0x9c, 0x93, 0x94, 0xb3, 0x94, 0xd4, 0x9c, 0x14, 0xa5,
    0x35, 0xa5, 0x35, 0xa5, 0x35, 0xad, 0x55, 0xa5, 0x35, 0xad, 0x36, 0xad,
    0x35, 0xa5, 0x35, 0xa5, 0x35, 0xad, 0x35, 0xa5, 0x35, 0xad, 0x35, 0xad,
    0x35, 0xa5, 0x35, 0xad, 0x15, 0xa5, 0x34, 0xad, 0x34, 0xad, 0x14, 0xa5,
    0x15, 0xad, 0x15, 0xad, 0x14, 0xa5, 0x35, 0xad, 0x34, 0xad, 0x35, 0xa5,
    0x35, 0xa5, 0x35, 0xad, 0x55, 0xad, 0x55, 0xa5, 0x35, 0xad, 0x55, 0xad,
    0x35, 0xa5, 0x15, 0xa5, 0x14, 0xa5, 0x14, 0xa5, 0x14, 0x9d, 0xb3, 0x94,
    0x92, 0x94, 0xf4, 0x9c, 0x35, 0xa5, 0x35, 0xa5, 0x15, 0xa5, 0x14, 0xa5,
    0x14, 0xa5, 0xf4, 0x9c, 0xf4, 0x9c, 0xd4, 0x9c, 0xd3, 0x9c, 0xb3, 0x94,
    0x92, 0x94, 0x72, 0x8c, 0x52, 0x8c, 0x51, 0x8c, 0x31, 0x84, 0x10, 0x84,
    0xf0, 0x7b, 0xcf, 0x7b, 0xaf, 0x73, 0x8e, 0x6b, 0x4e, 0x6b, 0x2d, 0x63,
    0x0c, 0x63, 0xec, 0x5a, 0xcb, 0x5a, 0xaa, 0x5a, 0x8a, 0x52, 0x6a, 0x52,
    0x6a, 0x52, 0x69, 0x4a, 0x69, 0x52, 0x69, 0x52, 0x49, 0x4a, 0x4a, 0x52,
    0x49, 0x52, 0x49, 0x4a, 0x49, 0x4a, 0x49, 0x4a, 0x49, 0x4a, 0x49, 0x4a,
    0x49, 0x4a, 0x4a, 0x4a, 0x4a, 0x4a, 0x49, 0x4a, 0x49, 0x4a, 0x4a, 0x4a,
    0x49, 0x4a, 0x6a, 0x4a, 0x6a, 0x52, 0x6a, 0x52, 0x6a, 0x4a, 0x6a, 0x4a,
    0x6a, 0x4a, 0x6a, 0x4a, 0x8a, 0x52, 0x6a, 0x52, 0x6a, 0x4a, 0x6a, 0x52,
    0x8a, 0x52, 0x8b, 0x52, 0x8b, 0x52, 0xaa, 0x52, 0xab, 0x5a, 0xab, 0x5a,
    0xcb, 0x5a, 0xcc, 0x5a, 0xec, 0x5a, 0xec, 0x5a, 0xec, 0x62, 0x0c, 0x5b,
    0x0c, 0x63, 0x0c, 0x63, 0x0d, 0x63, 0x0d, 0x63, 0x0c, 0x63, 0x0c, 0x63,
    0x2d, 0x6b, 0x2d, 0x6b, 0x2d, 0x6b, 0x2d, 0x6b, 0x4d, 0x6b, 0x4d, 0x6b,
    0x4d, 0x6b, 0x2e, 0x6b, 0x4e, 0x6b, 0x4d, 0x6b, 0x4d, 0x6b, 0x4d, 0x73,
    0xaf, 0x73, 0xd0, 0x7b, 0xf0, 0x7b, 0x10, 0x84, 0x10, 0x84, 0x31, 0x84,
    0x31, 0x84, 0x31, 0x84, 0x10, 0x84, 0x11, 0x84, 0x10, 0x84, 0xf0, 0x7b,
    0xf0, 0x7b, 0xd0, 0x7b, 0xaf, 0x73, 0xaf, 0x73, 0x6e, 0x73, 0x4e, 0x6b,
    0x4d, 0x6b, 0x4d, 0x6b, 0x2d, 0x63, 0x2d, 0x63, 0x0d, 0x63, 0x0d, 0x63,
    0x0c, 0x63, 0x0c, 0x63, 0x0d, 0x63, 0x6e, 0x6b, 0xcf, 0x7b, 0xf0, 0x83,
    0x31, 0x84, 0x72, 0x8c, 0x92, 0x94, 0xb3, 0x9c, 0xf4, 0x9c, 0x14, 0xa5,
    0x35, 0xa5, 0x35, 0xa5, 0x15, 0xa5, 0x15, 0xa5, 0x15, 0xa5, 0x14, 0xa5,
    0x15, 0xa5, 0x14, 0xa5, 0x14, 0xa5, 0xf5, 0xa4, 0xf4, 0x9c, 0xd4, 0x9c,
    0xd3, 0x9c, 0xb3, 0x94, 0xb3, 0x94, 0xd4, 0x9c, 0xd3, 0x9c, 0xd4, 0x9c,
    0x15, 0xa5, 0x35, 0xa5, 0x35, 0xad, 0x55, 0xad, 0x35, 0xad, 0x55, 0xad,
    0x35, 0xa5, 0x55, 0xad, 0x35, 0xad, 0x35, 0xad, 0x35, 0xa5, 0x34, 0xa5,
    0x14, 0xad, 0x14, 0xad, 0x14, 0xad, 0x15, 0xa5, 0x35, 0xa5, 0x34, 0xad,
    0x15, 0xa5, 0x34, 0xad, 0x35, 0xad, 0x35, 0xa5, 0x35, 0xad, 0x35, 0xad,
    0x35, 0xad, 0x35, 0xad, 0x55, 0xad, 0x55, 0xad, 0x36, 0xa5, 0x55, 0xa5,
    0x35, 0xa5, 0x14, 0xa5, 0xf4, 0xa4, 0xf4, 0x9c, 0x14, 0x9d, 0xd4, 0x9c,
    0x93, 0x94, 0x72, 0x8c, 0xd3, 0x94, 0x14, 0xa5, 0x15, 0xa5, 0x14, 0xa5,
    0xf4, 0xa4, 0xf4, 0x9c, 0xd4, 0x9c, 0xb3, 0x94, 0xb3, 0x94, 0x92, 0x94,
    0x72, 0x8c, 0x52, 0x8c, 0x31, 0x84, 0x11, 0x84, 0x10, 0x84, 0xf0, 0x7b,
    0xcf, 0x7b, 0x8f, 0x73, 0x6e, 0x6b, 0x4d, 0x6b, 0x0d, 0x63, 0xec, 0x62,
    0xec, 0x5a, 0xcb, 0x5a, 0x8a, 0x52, 0x8a, 0x52, 0x6a, 0x52, 0x6a, 0x4a,
    0x6a, 0x52, 0x69, 0x52, 0x6a, 0x4a, 0x4a, 0x52, 0x69, 0x52, 0x49, 0x4a,
    0x49, 0x4a, 0x49, 0x52, 0x49, 0x4a, 0x49, 0x4a, 0x49, 0x4a, 0x49, 0x4a,
    0x4a, 0x4a, 0x4a, 0x4a, 0x69, 0x4a, 0x49, 0x4a, 0x49, 0x4a, 0x49, 0x4a,
    0x6a, 0x4a, 0x49, 0x4a, 0x6a, 0x4a, 0x6a, 0x4a, 0x8a, 0x52, 0x6a, 0x52,
    0x6a, 0x4a, 0x6a, 0x52, 0x6a, 0x52, 0x8a, 0x4a, 0x6a, 0x52, 0x6a, 0x52,
    0x8a, 0x52, 0x8a, 0x52, 0xab, 0x52, 0xab, 0x52, 0xab, 0x52, 0xab, 0x5a,
    0xcb, 0x5a, 0xcc, 0x5a, 0xcc, 0x5a, 0xec, 0x5a, 0xec, 0x62, 0xec, 0x62,
    0x0c, 0x63, 0x0d, 0x63, 0x0d, 0x63, 0x0d, 0x63, 0x0d, 0x63, 0x0d, 0x63,
    0x2d, 0x6b, 0x2c, 0x63, 0x2d, 0x6b, 0x2d, 0x6b, 0x2d, 0x6b, 0x4d, 0x63,
    0x4d, 0x6b, 0x2e, 0x6b, 0x4d, 0x6b, 0x4d, 0x6b, 0x2e, 0x6b, 0x4e, 0x6b,
    0xaf, 0x73, 0xd0, 0x7b, 0xf0, 0x7b, 0x11, 0x84, 0x11, 0x84, 0x31, 0x84,
    0x31, 0x84, 0x31, 0x84, 0x31, 0x84, 0x11, 0x84, 0xf0, 0x7b, 0xf0, 0x7b,
    0xd0, 0x7b, 0xcf, 0x7b, 0xaf, 0x73, 0x8e, 0x73, 0x6e, 0x73, 0x4d, 0x6b,
    0x2d, 0x6b, 0x2d, 0x63, 0x2d, 0x63, 0x2d, 0x6b, 0x2d, 0x63, 0x0c, 0x63,
    0x0c, 0x63, 0x2d, 0x63, 0x6e, 0x6b, 0xaf, 0x7b, 0xf0, 0x83, 0x31, 0x84,
    0x51, 0x84, 0x72, 0x8c, 0x93, 0x94, 0xb3, 0x9c, 0xf4, 0x9c, 0x15, 0xa5,
    0x35, 0xa5, 0x35, 0xa5, 0x14, 0xa5, 0x14, 0xa5, 0x14, 0xa5, 0x14, 0xa5,
    0x14, 0xa5, 0x15, 0xa5, 0xf4, 0x9c, 0xf4, 0x9c, 0xf5, 0xa4, 0xf4, 0x9c,
    0xd4, 0x9c, 0xb3, 0x9c, 0xd3, 0x9c, 0xd3, 0x9c, 0xd4, 0x9c, 0xd4, 0x9c,
    0x14, 0x9d, 0x35, 0xa5, 0x35, 0xad, 0x55, 0xad, 0x55, 0xa5, 0x35, 0xa5,
    0x35, 0xad, 0x35, 0xad, 0x35, 0xad, 0x35, 0xa5, 0x34, 0xad, 0x35, 0xad,
    0x35, 0xad, 0x14, 0xa5, 0x35, 0xad, 0x35, 0xad, 0x14, 0xa5, 0x15, 0xad,
    0x34, 0xad, 0x34, 0xa5, 0x15, 0xa5, 0x15, 0xad, 0x34, 0xa5, 0x35, 0xad,
    0x35, 0xad, 0x55, 0xa5, 0x55, 0xa5, 0x55, 0xad, 0x55, 0xad, 0x36, 0xad,
    0x15, 0xa5, 0x15, 0xa5, 0x14, 0xa5, 0xd4, 0x9c, 0xd4, 0x9c, 0xf4, 0x9c,
    0xb3, 0x9c, 0xb3, 0x94, 0x93, 0x94, 0xd3, 0x9c, 0xf4, 0x9c, 0xf4, 0x9c,
    0xf4, 0x9c, 0xd3, 0x9c, 0xd3, 0x9c, 0xb3, 0x94, 0x92, 0x94, 0x72, 0x8c,
    0x51, 0x8c, 0x51, 0x84, 0x31, 0x84, 0x10, 0x84, 0xd0, 0x7b, 0xaf, 0x73,
    0x8f, 0x73, 0x6e, 0x6b, 0x4d, 0x6b, 0x0d, 0x63, 0xec, 0x62, 0xeb, 0x5a,
    0xab, 0x52, 0x8a, 0x52, 0x8a, 0x52, 0x6a, 0x52, 0x49, 0x52, 0x69, 0x52,
    0x69, 0x4a, 0x69, 0x52, 0x6a, 0x52, 0x6a, 0x4a, 0x69, 0x4a, 0x69, 0x4a,
    0x49, 0x4a, 0x49, 0x4a, 0x49, 0x52, 0x49, 0x52, 0x49, 0x4a, 0x4a, 0x4a,
    0x49, 0x4a, 0x4a, 0x4a, 0x49, 0x4a, 0x6a, 0x4a, 0x49, 0x4a, 0x4a, 0x4a,
    0x4a, 0x4a, 0x6a, 0x4a, 0x49, 0x4a, 0x6a, 0x4a, 0x6a, 0x52, 0x8a, 0x52,
    0x8a, 0x4a, 0x6a, 0x4a, 0x6a, 0x4a, 0x6a, 0x52, 0x6a, 0x4a, 0x6a, 0x4a,
    0x6a, 0x52, 0x8a, 0x52, 0x8a, 0x52, 0xab, 0x52, 0xab, 0x52, 0xab, 0x5a,
    0xcb, 0x5a, 0xcb, 0x5a, 0xcc, 0x5a, 0xeb, 0x5a, 0xec, 0x62, 0xec, 0x62,
    0xec, 0x62, 0x0d, 0x63, 0x0c, 0x63, 0x0d, 0x63, 0x2c, 0x63, 0x0d, 0x6b,
    0x2d, 0x63, 0x0d, 0x63, 0x0d, 0x6b, 0x2d, 0x6b, 0x2d, 0x6b, 0x2d, 0x6b,
    0x4d, 0x6b, 0x4d, 0x6b, 0x4d, 0x6b, 0x2d, 0x6b, 0x4d, 0x6b, 0x4d, 0x73,
    0xcf, 0x7b, 0xf0, 0x7b, 0x10, 0x84, 0x31, 0x84, 0x31, 0x84, 0x31, 0x84,
    0x31, 0x8c, 0x31, 0x84, 0x11, 0x84, 0x10, 0x84, 0xf0, 0x7b, 0xd0, 0x7b,
    0xcf, 0x7b, 0xaf, 0x7b, 0xaf, 0x73, 0x6e, 0x73, 0x4e, 0x6b, 0x4d, 0x6b,
    0x2d, 0x6b, 0x2d, 0x63, 0x2d, 0x6b, 0x2d, 0x63, 0x2d, 0x6b, 0x0d, 0x63,
    0x0d, 0x63, 0x4d, 0x6b, 0xaf, 0x7b, 0xf0, 0x83, 0x11, 0x84, 0x51, 0x8c,
    0x52, 0x8c, 0x72, 0x8c, 0x92, 0x94, 0xb3, 0x94, 0xd4, 0x9c, 0x14, 0xa5,
    0x15, 0xa5, 0x15, 0xa5, 0x15, 0xa5, 0x14, 0xa5, 0x15, 0xa5, 0x15, 0xa5,
    0x14, 0xa5, 0x14, 0xa5, 0xf4, 0x9c, 0xf4, 0x9c, 0xf4, 0xa4, 0x14, 0xa5,
    0xf4, 0x9c, 0xf4, 0x9c, 0xd4, 0x9c, 0xd4, 0x9c, 0xd3, 0x9c, 0xf4, 0x9c,
    0xf4, 0xa4, 0x14, 0xa5, 0x35, 0xa5, 0x35, 0xa5, 0x35, 0xad, 0x35, 0xad,
    0x35, 0xad, 0x35, 0xa5, 0x35, 0xa5, 0x34, 0xa5, 0x14, 0xad, 0x15, 0xad,
    0x14, 0xa5, 0x35, 0xad, 0x15, 0xa5, 0x34, 0xad, 0x14, 0xad, 0x34, 0xad,
    0x15, 0xad, 0x15, 0xa5, 0x34, 0xad, 0x35, 0xad, 0x35, 0xad, 0x35, 0xa5,
    0x35, 0xa5, 0x55, 0xad, 0x35, 0xad, 0x55, 0xa5, 0x35, 0xa5, 0x55, 0xad,
    0x35, 0xa5, 0x14, 0xa5, 0xf4, 0x9c, 0xd3, 0x9c, 0xb3, 0x94, 0xb3, 0x9c,
    0xd3, 0x9c, 0xd4, 0x9c, 0xd3, 0x9c, 0xb3, 0x94, 0xf4, 0x9c, 0xf4, 0x9c,
    0xd4, 0x9c, 0xb3, 0x9c, 0xb3, 0x94, 0x92, 0x94, 0x72, 0x8c, 0x52, 0x8c,
    0x31, 0x8c, 0x31, 0x84, 0xf0, 0x83, 0xcf, 0x7b, 0xaf, 0x73, 0x8e, 0x73,
    0x6e, 0x6b, 0x2d, 0x6b, 0x0d, 0x63, 0xec, 0x5a, 0xcc, 0x5a, 0xab, 0x52,
    0x8a, 0x52, 0x6a, 0x52, 0x6a, 0x4a, 0x6a, 0x4a, 0x49, 0x52, 0x69, 0x4a,
    0x6a, 0x52, 0x69, 0x4a, 0x4a, 0x52, 0x69, 0x52, 0x69, 0x52, 0x6a, 0x52,
    0x6a, 0x52, 0x49, 0x4a, 0x49, 0x4a, 0x49, 0x4a, 0x49, 0x52, 0x49, 0x4a,
    0x49, 0x4a, 0x49, 0x4a, 0x4a, 0x4a, 0x6a, 0x52, 0x4a, 0x4a, 0x49, 0x4a,
    0x49, 0x4a, 0x4a, 0x4a, 0x4a, 0x4a, 0x4a, 0x4a, 0x6a, 0x4a, 0x6a, 0x52,
    0x8a, 0x4a, 0x6a, 0x52, 0x69, 0x4a, 0x6a, 0x4a, 0x6a, 0x52, 0x8a, 0x52,
    0x6a, 0x4a, 0x6a, 0x52, 0x8b, 0x52, 0x8b, 0x52, 0x8a, 0x52, 0xab, 0x52,
    0xab, 0x5a, 0xcb, 0x5a, 0xcc, 0x5a, 0xcc, 0x5a, 0xec, 0x5a, 0xec, 0x5a,
    0xec, 0x62, 0x0c, 0x63, 0x0d, 0x63, 0x0c, 0x63, 0x2d, 0x63, 0x2d, 0x63,
    0x0d, 0x6b, 0x2c, 0x63, 0x2d, 0x6b, 0x2d, 0x6b, 0x2d, 0x63, 0x2d, 0x6b,
    0x4d, 0x6b, 0x4d, 0x6b, 0x4e, 0x6b, 0x4e, 0x6b, 0x4d, 0x6b, 0x4d, 0x6b,
    0xf0, 0x7b, 0x10, 0x7c, 0x31, 0x84, 0x31, 0x84, 0x31, 0x84, 0x31, 0x84,
    0x31, 0x84, 0x31, 0x84, 0x10, 0x84, 0xf0, 0x7b, 0xf0, 0x7b, 0xcf, 0x7b,
    0xaf, 0x73, 0xaf, 0x73, 0x8e, 0x73, 0x6e, 0x6b, 0x4e, 0x6b, 0x2d, 0x6b,
    0x2d, 0x63, 0x2d, 0x63, 0x2d, 0x6b, 0x2d, 0x63, 0x2d, 0x63, 0x2d, 0x63,
    0x4d, 0x6b, 0x8f, 0x73, 0xf0, 0x7b, 0x11, 0x84, 0x51, 0x84, 0x51, 0x8c,
    0x72, 0x8c, 0x92, 0x94, 0x92, 0x94, 0x93, 0x94, 0xb3, 0x94, 0xd3, 0x9c,
    0xf4, 0xa4, 0x14, 0xa5, 0x15, 0xa5, 0x15, 0xa5, 0x14, 0x9d, 0x15, 0xa5,
    0x15, 0xa5, 0xf4, 0x9c, 0xf4, 0x9c, 0x15, 0xa5, 0xf4, 0xa4, 0xf4, 0x9c,
    0x15, 0xa5, 0x14, 0xa5, 0xf4, 0x9c, 0xd4, 0x9c, 0xd4, 0x9c, 0x14, 0x9d,
    0x14, 0xa5, 0x15, 0xa5, 0x35, 0xa5, 0x35, 0xad, 0x35, 0xad, 0x35, 0xa5,
    0x35, 0xa5, 0x35, 0xad, 0x35, 0xad, 0x15, 0xad, 0x35, 0xa5, 0x34, 0xad,
    0x15, 0xa5, 0x34, 0xad, 0x34, 0xad, 0x14, 0xa5, 0x35, 0xa5, 0x15, 0xad,
    0x34, 0xa5, 0x34, 0xad, 0x15, 0xa5, 0x34, 0xa5, 0x35, 0xad, 0x35, 0xad,
    0x35, 0xad, 0x35, 0xa5, 0x55, 0xad, 0x55, 0xad, 0x36, 0xad, 0x55, 0xa5,
    0x35, 0xa5, 0xf4, 0xa4, 0xb3, 0x94, 0xb3, 0x94, 0xb3, 0x94, 0x92, 0x94,
    0x93, 0x94, 0xd3, 0x94, 0xd3, 0x9c, 0xb3, 0x94, 0xb3, 0x9c, 0xd3, 0x9c,
    0xb3, 0x94, 0xb3, 0x94, 0x92, 0x94, 0x72, 0x8c, 0x51, 0x8c, 0x51, 0x8c,
    0x11, 0x84, 0xf0, 0x7b, 0xcf, 0x7b, 0xaf, 0x73, 0x8e, 0x73, 0x6e, 0x6b,
    0x2d, 0x63, 0x0c, 0x63, 0xec, 0x5a, 0xcb, 0x5a, 0xab, 0x52, 0x8a, 0x52,
    0x6a, 0x4a, 0x4a, 0x4a, 0x49, 0x4a, 0x49, 0x4a, 0x49, 0x4a, 0x4a, 0x4a,
    0x6a, 0x52, 0x6a, 0x52, 0x6a, 0x4a, 0x69, 0x52, 0x6a, 0x52, 0x69, 0x52,
    0x69, 0x52, 0x6a, 0x4a, 0x49, 0x4a, 0x49, 0x4a, 0x49, 0x4a, 0x49, 0x4a,
    0x49, 0x4a, 0x49, 0x4a, 0x49, 0x4a, 0x4a, 0x4a, 0x69, 0x4a, 0x69, 0x4a,
    0x4a, 0x4a, 0x49, 0x4a, 0x49, 0x4a, 0x4a, 0x4a, 0x6a, 0x4a, 0x6a, 0x52,
    0x6a, 0x4a, 0x6a, 0x52, 0x6a, 0x4a, 0x6a, 0x4a, 0x6a, 0x52, 0x8a, 0x52,
    0x6a, 0x4a, 0x8a, 0x52, 0x8b, 0x52, 0x8b, 0x52, 0xab, 0x52, 0xab, 0x52,
    0xab, 0x5a, 0xcb, 0x5a, 0xcc, 0x5a, 0xec, 0x5a, 0xec, 0x5a, 0xec, 0x62,
    0xec, 0x62, 0x0c, 0x63, 0x0d, 0x63, 0x0d, 0x63, 0x0d, 0x63, 0x0d, 0x63,
    0x2d, 0x63, 0x0c, 0x6b, 0x0d, 0x63, 0x2d, 0x63, 0x2d, 0x6b, 0x2d, 0x6b,
    0x2d, 0x6b, 0x4e, 0x6b, 0x4d, 0x6b, 0x4d, 0x6b, 0x4d, 0x6b, 0x4e, 0x6b,
    0xf0, 0x7b, 0x10, 0x84, 0x31, 0x84, 0x31, 0x84, 0x31, 0x8c, 0x51, 0x84,
    0x31, 0x84, 0x11, 0x84, 0x10, 0x84, 0xf0, 0x7b, 0xd0, 0x7b, 0xcf, 0x7b,
    0xaf, 0x73, 0x8f, 0x73, 0x6e, 0x6b, 0x4d, 0x6b, 0x4d, 0x6b, 0x4d, 0x6b,
    0x2d, 0x63, 0x2d, 0x63, 0x2d, 0x6b, 0x2d, 0x63, 0x2d, 0x63, 0x4d, 0x6b,
    0x8f, 0x73, 0xf0, 0x7b, 0x10, 0x84, 0x31, 0x8c, 0x51, 0x8c, 0x72, 0x8c,
    0x92, 0x94, 0x93, 0x94, 0x93, 0x94, 0x92, 0x8c, 0x72, 0x8c, 0x92, 0x94,
    0xd3, 0x9c, 0xf4, 0x9c, 0x14, 0xa5, 0x14, 0xa5, 0x14, 0xa5, 0x14, 0x9d,
    0x14, 0xa5, 0xf4, 0x9c, 0xf4, 0xa4, 0x14, 0xa5, 0xf4, 0x9c, 0xf4, 0x9c,
    0xf4, 0xa4, 0xf5, 0xa4, 0x14, 0xa5, 0x14, 0xa5, 0xf4, 0x9c, 0x15, 0xa5,
    0x35, 0xa5, 0x35, 0xa5, 0x35, 0xa5, 0x55, 0xad, 0x35, 0xa5, 0x35, 0xad,
    0x35, 0xad, 0x35, 0xad, 0x34, 0xad, 0x34, 0xad, 0x14, 0xad, 0x34, 0xad,
    0x35, 0xad, 0x15, 0xa5, 0x14, 0xad, 0x14, 0xad, 0x35, 0xad, 0x35, 0xa5,
    0x14, 0xa5, 0x15, 0xad, 0x35, 0xad, 0x35, 0xa5, 0x35, 0xad, 0x35, 0xa5,
    0x55, 0xad, 0x55, 0xad, 0x35, 0xa5, 0x36, 0xad, 0x35, 0xad, 0x35, 0xa5,
    0x35, 0xa5, 0x14, 0xa5, 0xd4, 0x9c, 0x93, 0x94, 0x92, 0x8c, 0x72, 0x8c,
    0x52, 0x8c, 0x72, 0x8c, 0xb3, 0x94, 0xb3, 0x94, 0xb3, 0x94, 0xb3, 0x94,
    0xb3, 0x94, 0x92, 0x94, 0x72, 0x8c, 0x52, 0x8c, 0x31, 0x84, 0x31, 0x84,
    0x10, 0x7c, 0xcf, 0x7b, 0xaf, 0x73, 0x8e, 0x73, 0x6e, 0x6b, 0x2d, 0x6b,
    0xec, 0x62, 0xec, 0x5a, 0xcb, 0x5a, 0xab, 0x52, 0x8a, 0x52, 0x6a, 0x52,
    0x4a, 0x4a, 0x49, 0x4a, 0x49, 0x4a, 0x4a, 0x4a, 0x49, 0x4a, 0x49, 0x4a,
    0x49, 0x4a, 0x69, 0x52, 0x69, 0x52, 0x6a, 0x4a, 0x69, 0x52, 0x6a, 0x4a,
    0x69, 0x4a, 0x49, 0x52, 0x49, 0x52, 0x49, 0x4a, 0x49, 0x4a, 0x49, 0x52,
    0x49, 0x4a, 0x49, 0x4a, 0x49, 0x4a, 0x4a, 0x4a, 0x4a, 0x4a, 0x69, 0x4a,
    0x49, 0x4a, 0x49, 0x4a, 0x49, 0x4a, 0x4a, 0x4a, 0x49, 0x4a, 0x6a, 0x4a,
    0x6a, 0x4a, 0x6a, 0x4a, 0x6a, 0x4a, 0x6a, 0x4a, 0x69, 0x4a, 0x6a, 0x52,
    0x8a, 0x52, 0x8a, 0x52, 0x8a, 0x52, 0x8b, 0x52, 0x8a, 0x52, 0xab, 0x52,
    0xab, 0x52, 0xab, 0x5a, 0xcb, 0x5a, 0xcc, 0x5a, 0xec, 0x5a, 0xeb, 0x5a,
    0xec, 0x62, 0xec, 0x62, 0x0c, 0x63, 0x0d, 0x63, 0x0d, 0x63, 0x0c, 0x63,
    0x2d, 0x6b, 0x2d, 0x63, 0x0d, 0x6b, 0x2d, 0x6b, 0x2d, 0x6b, 0x2d, 0x6b,
    0x4d, 0x6b, 0x4d, 0x6b, 0x4d, 0x6b, 0x4e, 0x6b, 0x4d, 0x6b, 0x4d, 0x6b,
    0x10, 0x84, 0x11, 0x84, 0x31, 0x84, 0x31, 0x84, 0x31, 0x8c, 0x31, 0x84,
    0x31, 0x84, 0x11, 0x84, 0xf0, 0x83, 0xf0, 0x7b, 0xd0, 0x7b, 0xaf, 0x73,
    0x8f, 0x73, 0x6e, 0x73, 0x4e, 0x6b, 0x4d, 0x6b, 0x4d, 0x6b, 0x2d, 0x6b,
    0x2d, 0x63, 0x2d, 0x6b, 0x2d, 0x63, 0x0d, 0x63, 0x4d, 0x6b, 0x8e, 0x73,
    0xd0, 0x7b, 0x10, 0x84, 0x31, 0x8c, 0x52, 0x8c, 0x72, 0x8c, 0x92, 0x94,
    0x92, 0x94, 0x93, 0x94, 0x92, 0x94, 0x72, 0x8c, 0x31, 0x84, 0x31, 0x84,
    0x72, 0x94, 0xd4, 0x9c, 0xf4, 0x9c, 0xf4, 0xa4, 0x15, 0xa5, 0x14, 0xa5,
    0xf4, 0xa4, 0xf5, 0xa4, 0x14, 0xa5, 0x14, 0xa5, 0xf4, 0x9c, 0x14, 0xa5,
    0x15, 0xa5, 0x14, 0x9d, 0x14, 0xa5, 0x15, 0xa5, 0x14, 0xa5, 0xf4, 0x9c,
    0x15, 0xa5, 0x35, 0xad, 0x35, 0xad, 0x35, 0xad, 0x35, 0xa5, 0x35, 0xad,
    0x35, 0xad, 0x34, 0xa5, 0x14, 0xa5, 0x14, 0xa5, 0x14, 0xad, 0x15, 0xa5,
    0x14, 0xa5, 0x14, 0xad, 0x14, 0xa5, 0x35, 0xad, 0x14, 0xa5, 0x14, 0xa5,
    0x35, 0xad, 0x35, 0xa5, 0x34, 0xad, 0x35, 0xad, 0x35, 0xad, 0x35, 0xa5,
    0x55, 0xa5, 0x55, 0xad, 0x35, 0xad, 0x55, 0xa5, 0x55, 0xa5, 0x35, 0xad,
    0x35, 0xa5, 0x35, 0xa5, 0x14, 0xa5, 0x93, 0x94, 0x31, 0x84, 0x31, 0x84,
    0x51, 0x8c, 0x31, 0x84, 0x72, 0x8c, 0x92, 0x94, 0x92, 0x94, 0x93, 0x94,
    0x92, 0x94, 0x72, 0x8c, 0x51, 0x8c, 0x31, 0x84, 0x11, 0x84, 0x10, 0x84,
    0xd0, 0x7b, 0xaf, 0x73, 0x8e, 0x73, 0x6e, 0x6b, 0x2d, 0x63, 0x0c, 0x63,
    0xec, 0x5a, 0xcb, 0x5a, 0xab, 0x52, 0x8a, 0x52, 0x6a, 0x4a, 0x4a, 0x4a,
    0x49, 0x4a, 0x49, 0x42, 0x49, 0x4a, 0x49, 0x4a, 0x49, 0x4a, 0x49, 0x4a,
    0x4a, 0x4a, 0x49, 0x4a, 0x6a, 0x52, 0x69, 0x52, 0x4a, 0x4a, 0x6a, 0x52,
    0x69, 0x52, 0x69, 0x52, 0x6a, 0x4a, 0x49, 0x4a, 0x49, 0x52, 0x49, 0x4a,
    0x49, 0x4a, 0x49, 0x4a, 0x4a, 0x4a, 0x49, 0x4a, 0x4a, 0x4a, 0x6a, 0x52,
    0x49, 0x4a, 0x49, 0x4a, 0x4a, 0x4a, 0x49, 0x4a, 0x49, 0x4a, 0x6a, 0x4a,
    0x6a, 0x52, 0x6a, 0x52, 0x8a, 0x52, 0x6a, 0x4a, 0x6a, 0x52, 0x6a, 0x4a,
    0x8a, 0x52, 0x8a, 0x4a, 0x8a, 0x52, 0x6b, 0x52, 0x8b, 0x52, 0xab, 0x52,
    0xab, 0x52, 0xab, 0x5a, 0xcb, 0x5a, 0xcc, 0x5a, 0xec, 0x5a, 0xec, 0x5a,
    0xec, 0x62, 0xec, 0x5a, 0x0c, 0x63, 0x0c, 0x63, 0x0d, 0x63, 0x2d, 0x63,
    0x2d, 0x6b, 0x2d, 0x63, 0x2d, 0x63, 0x0c, 0x6b, 0x2d, 0x63, 0x2d, 0x6b,
    0x4d, 0x6b, 0x4d, 0x6b, 0x4e, 0x6b, 0x4e, 0x6b, 0x4d, 0x6b, 0x4d, 0x73,
    0x31, 0x84, 0x31, 0x84, 0x31, 0x84, 0x31, 0x8c, 0x31, 0x84, 0x31, 0x84,
    0x11, 0x84, 0x10, 0x84, 0xf0, 0x7b, 0xf0, 0x7b, 0xcf, 0x7b, 0x8f, 0x73,
    0x8e, 0x73, 0x4e, 0x6b, 0x4d, 0x6b, 0x4d, 0x6b, 0x4e, 0x6b, 0x2d, 0x6b,
    0x2d, 0x63, 0x2d, 0x6b, 0x2d, 0x63, 0x2d, 0x6b, 0x6e, 0x73, 0xcf, 0x7b,
    0x11, 0x84, 0x31, 0x84, 0x52, 0x8c, 0x72, 0x8c, 0x92, 0x94, 0x92, 0x94,
    0x93, 0x94, 0x92, 0x94, 0x52, 0x8c, 0x31, 0x84, 0x10, 0x84, 0xf0, 0x7b,
    0x10, 0x84, 0x92, 0x94, 0xd4, 0x9c, 0xf4, 0x9c, 0x14, 0xa5, 0x15, 0xa5,
    0xf5, 0xa4, 0x14, 0x9d, 0xf4, 0x9c, 0xf5, 0x9c, 0xf5, 0xa4, 0x14, 0xa5,
    0x14, 0xa5, 0xf4, 0x9c, 0x15, 0xa5, 0xf4, 0xa4, 0xf4, 0x9c, 0xd4, 0x9c,
    0xd4, 0x9c, 0x14, 0xa5, 0x35, 0xa5, 0x35, 0xa5, 0x35, 0xad, 0x35, 0xa5,
    0x35, 0xa5, 0x35, 0xa5, 0x15, 0xad, 0x15, 0xa5, 0x35, 0xa5, 0x14, 0xa5,
    0x14, 0xad, 0x34, 0xad, 0x15, 0xa5, 0x15, 0xa5, 0x34, 0xad, 0x14, 0xad,
    0x35, 0xad, 0x35, 0xad, 0x35, 0xa5, 0x35, 0xa5, 0x35, 0xad, 0x35, 0xad,
    0x55, 0xad, 0x35, 0xad, 0x55, 0xa5, 0x55, 0xa5, 0x35, 0xad, 0x35, 0xa5,
    0x35, 0xa5, 0x35, 0xa5, 0xf4, 0xa4, 0xd3, 0x9c, 0x72, 0x8c, 0xf0, 0x7b,
    0x11, 0x84, 0x31, 0x84, 0x31, 0x84, 0x52, 0x8c, 0x52, 0x8c, 0x72, 0x8c,
    0x52, 0x8c, 0x51, 0x8c, 0x31, 0x84, 0x31, 0x84, 0x10, 0x84, 0xd0, 0x7b,
    0xaf, 0x73, 0x8e, 0x73, 0x6e, 0x6b, 0x2d, 0x63, 0x0c, 0x63, 0xec, 0x5a,
    0xcb, 0x5a, 0xab, 0x52, 0x6a, 0x52, 0x6a, 0x4a, 0x4a, 0x4a, 0x49, 0x4a,
    0x49, 0x4a, 0x29, 0x4a, 0x29, 0x4a, 0x49, 0x4a, 0x49, 0x4a, 0x49, 0x4a,
    0x49, 0x4a, 0x49, 0x4a, 0x6a, 0x4a, 0x6a, 0x52, 0x69, 0x52, 0x69, 0x4a,
    0x6a, 0x52, 0x6a, 0x4a, 0x69, 0x4a, 0x49, 0x52, 0x49, 0x4a, 0x49, 0x4a,
    0x49, 0x4a, 0x49, 0x4a, 0x49, 0x4a, 0x4a, 0x4a, 0x49, 0x4a, 0x69, 0x52,
    0x4a, 0x4a, 0x4a, 0x4a, 0x49, 0x4a, 0x4a, 0x4a, 0x6a, 0x4a, 0x4a, 0x4a,
    0x6a, 0x52, 0x6a, 0x52, 0x8a, 0x4a, 0x6a, 0x52, 0x6a, 0x4a, 0x6a, 0x4a,
    0x6a, 0x52, 0x8a, 0x52, 0x8a, 0x4a, 0x8b, 0x52, 0x8b, 0x52, 0xab, 0x52,
    0xab, 0x52, 0xab, 0x5a, 0xab, 0x52, 0xcb, 0x5a, 0xcc, 0x5a, 0xec, 0x5a,
    0xec, 0x5a, 0xec, 0x62, 0xec, 0x62, 0x0d, 0x63, 0x0d, 0x63, 0x2d, 0x63,
    0x2d, 0x63, 0x0d, 0x6b, 0x2c, 0x63, 0x2d, 0x63, 0x2d, 0x63, 0x2d, 0x6b,
    0x2d, 0x6b, 0x4d, 0x6b, 0x4d, 0x6b, 0x4d, 0x6b, 0x4e, 0x6b, 0x4e, 0x6b,
    0x31, 0x84, 0x31, 0x84, 0x31, 0x84, 0x31, 0x84, 0x31, 0x84, 0x31, 0x84,
    0x10, 0x84, 0xf0, 0x7b, 0xf0, 0x7b, 0xcf, 0x7b, 0xaf, 0x73, 0x8e, 0x73,
    0x4e, 0x6b, 0x4d, 0x6b, 0x4d, 0x6b, 0x2d, 0x6b, 0x2d, 0x6b, 0x2d, 0x63,
    0x2d, 0x63, 0x2d, 0x63, 0x2d, 0x6b, 0x6e, 0x6b, 0xaf, 0x7b, 0xf0, 0x83,
    0x31, 0x84, 0x72, 0x8c, 0x92, 0x94, 0x92, 0x94, 0xb3, 0x94, 0xb3, 0x94,
    0x93, 0x94, 0x72, 0x8c, 0x51, 0x84, 0x10, 0x84, 0xf0, 0x7b, 0xcf, 0x7b,
    0xcf, 0x7b, 0x11, 0x84, 0x93, 0x94, 0xf4, 0x9c, 0xf4, 0xa4, 0x14, 0xa5,
    0x14, 0x9d, 0x15, 0xa5, 0x14, 0xa5, 0x14, 0xa5, 0x15, 0x9d, 0xf4, 0xa4,
    0xf4, 0x9c, 0xf5, 0xa4, 0xf4, 0x9c, 0xf4, 0x9c, 0xf4, 0x9c, 0xf4, 0x9c,
    0xd3, 0x9c, 0xd4, 0x9c, 0x14, 0xa5, 0x35, 0xa5, 0x35, 0xa5, 0x35, 0xad,
    0x35, 0xa5, 0x34, 0xad, 0x14, 0xad, 0x14, 0xad, 0x34, 0xad, 0x15, 0xad,
    0x15, 0xad, 0x15, 0xad, 0x14, 0xa5, 0x14, 0xad, 0x35, 0xad, 0x35, 0xa5,
    0x35, 0xa5, 0x35, 0xad, 0x35, 0xad, 0x35, 0xad, 0x35, 0xa5, 0x55, 0xa5,
    0x55, 0xad, 0x35, 0xad, 0x35, 0xa5, 0x35, 0xad, 0x35, 0xad, 0x35, 0xa5,
    0x35, 0xa5, 0x14, 0xa5, 0xf4, 0x9c, 0xd4, 0x9c, 0xb3, 0x94, 0x31, 0x84,
    0x10, 0x84, 0x10, 0x7c, 0x11, 0x84, 0x31, 0x84, 0x11, 0x84, 0x31, 0x84,
    0x51, 0x84, 0x31, 0x84, 0x11, 0x84, 0xf0, 0x83, 0xf0, 0x7b, 0xcf, 0x73,
    0x8f, 0x73, 0x6e, 0x6b, 0x2d, 0x6b, 0x0d, 0x63, 0x0c, 0x5b, 0xcc, 0x5a,
    0xab, 0x52, 0x6a, 0x52, 0x6a, 0x52, 0x6a, 0x4a, 0x49, 0x4a, 0x49, 0x4a,
    0x49, 0x4a, 0x4a, 0x4a, 0x49, 0x42, 0x29, 0x4a, 0x49, 0x4a, 0x49, 0x4a,
    0x49, 0x4a, 0x49, 0x4a, 0x49, 0x4a, 0x6a, 0x4a, 0x69, 0x52, 0x69, 0x52,
    0x69, 0x52, 0x4a, 0x52, 0x69, 0x4a, 0x69, 0x52, 0x49, 0x52, 0x49, 0x4a,
    0x49, 0x4a, 0x49, 0x52, 0x49, 0x4a, 0x49, 0x4a, 0x4a, 0x4a, 0x4a, 0x4a,
    0x69, 0x4a, 0x69, 0x4a, 0x49, 0x4a, 0x49, 0x4a, 0x4a, 0x4a, 0x6a, 0x4a,
    0x69, 0x4a, 0x6a, 0x4a, 0x6a, 0x4a, 0x6a, 0x4a, 0x8a, 0x4a, 0x6a, 0x52,
    0x6a, 0x52, 0x8a, 0x52, 0x8a, 0x52, 0x8a, 0x4a, 0x8a, 0x52, 0xab, 0x52,
    0xab, 0x52, 0xab, 0x5a, 0xab, 0x5a, 0xcb, 0x5a, 0xcc, 0x5a, 0xcc, 0x5a,
    0xec, 0x5a, 0xec, 0x62, 0xec, 0x62, 0x0c, 0x63, 0x0d, 0x63, 0x2d, 0x63,
    0x2d, 0x6b, 0x2d, 0x6b, 0x2d, 0x63, 0x2d, 0x6b, 0x2d, 0x6b, 0x2d, 0x6b,
    0x4d, 0x6b, 0x4e, 0x6b, 0x6e, 0x6b, 0x6e, 0x73, 0x6e, 0x73, 0x6e, 0x73,
    0x31, 0x84, 0x31, 0x84, 0x31, 0x84, 0x31, 0x84, 0x31, 0x84, 0x10, 0x84,
    0xf0, 0x7b, 0xf0, 0x7b, 0xd0, 0x7b, 0xaf, 0x73, 0x8f, 0x73, 0x6e, 0x6b,
    0x4e, 0x6b, 0x4d, 0x6b, 0x2d, 0x6b, 0x2d, 0x63, 0x2d, 0x63, 0x2d, 0x6b,
    0x2d, 0x6b, 0x4d, 0x6b, 0x6e, 0x6b, 0xaf, 0x73, 0xf0, 0x83, 0x31, 0x84,
    0x52, 0x8c, 0x92, 0x94, 0x93, 0x94, 0xb3, 0x94, 0xd3, 0x9c, 0xb3, 0x9c,
    0xb3, 0x94, 0x72, 0x94, 0x31, 0x8c, 0x11, 0x84, 0xf0, 0x83, 0xcf, 0x7b,
    0xaf, 0x73, 0xd0, 0x7b, 0x51, 0x8c, 0xb3, 0x94, 0xf4, 0x9c, 0x15, 0xa5,
    0x14, 0xa5, 0x14, 0xa5, 0x15, 0xa5, 0x14, 0xa5, 0xf4, 0xa4, 0x15, 0x9d,
    0x14, 0xa5, 0xf4, 0xa4, 0xf4, 0x9c, 0xf4, 0x9c, 0xd4, 0x9c, 0xd4, 0x9c,
    0xd3, 0x9c, 0xd4, 0x9c, 0xd4, 0x9c, 0x14, 0xa5, 0x35, 0xa5, 0x35, 0xad,
    0x34, 0xad, 0x14, 0xa5, 0x14, 0xa5, 0x14, 0xa5, 0x14, 0xad, 0x14, 0xa5,
    0x14, 0xa5, 0x34, 0xa5, 0x14, 0xa5, 0xf4, 0xa4, 0x15, 0xa5, 0x35, 0xa5,
    0x35, 0xad, 0x35, 0xad, 0x35, 0xa5, 0x35, 0xad, 0x55, 0xad, 0x55, 0xad,
    0x35, 0xa5, 0x35, 0xa5, 0x35, 0xa5, 0x35, 0xa5, 0x35, 0xa5, 0x35, 0xa5,
    0x15, 0xa5, 0x14, 0xa5, 0x14, 0x9d, 0xd4, 0x9c, 0x93, 0x94, 0x72, 0x8c,
    0x11, 0x84, 0xf0, 0x7b, 0xf0, 0x7b, 0xf0, 0x7b, 0x10, 0x84, 0x31, 0x84,
    0x31, 0x84, 0x11, 0x84, 0xf0, 0x7b, 0xf0, 0x7b, 0xaf, 0x73, 0x8e, 0x73,
    0x6e, 0x6b, 0x4d, 0x6b, 0x0d, 0x63, 0x0c, 0x63, 0xec, 0x5a, 0xab, 0x5a,
    0x8a, 0x52, 0x6a, 0x4a, 0x4a, 0x4a, 0x49, 0x4a, 0x49, 0x4a, 0x49, 0x4a,
    0x49, 0x4a, 0x49, 0x4a, 0x49, 0x4a, 0x49, 0x4a, 0x4a, 0x4a, 0x4a, 0x4a,
    0x49, 0x4a, 0x49, 0x4a, 0x49, 0x4a, 0x49, 0x4a, 0x4a, 0x52, 0x6a, 0x4a,
    0x6a, 0x4a, 0x69, 0x52, 0x49, 0x52, 0x4a, 0x4a, 0x69, 0x52, 0x69, 0x4a,
    0x49, 0x4a, 0x49, 0x4a, 0x49, 0x4a, 0x49, 0x4a, 0x49, 0x4a, 0x4a, 0x4a,
    0x4a, 0x52, 0x6a, 0x4a, 0x6a, 0x4a, 0x49, 0x4a, 0x4a, 0x4a, 0x69, 0x4a,
    0x49, 0x4a, 0x4a, 0x4a, 0x6a, 0x52, 0x8a, 0x52, 0x8a, 0x52, 0x6a, 0x4a,
    0x6a, 0x4a, 0x6a, 0x52, 0x8a, 0x52, 0x8b, 0x52, 0x8b, 0x52, 0x8b, 0x52,
    0xab, 0x52, 0xab, 0x52, 0xcb, 0x5a, 0xab, 0x5a, 0xcb, 0x5a, 0xcc, 0x5a,
    0xec, 0x5a, 0xeb, 0x5a, 0xec, 0x5a, 0xec, 0x5a, 0x0c, 0x63, 0x0d, 0x63,
    0x2d, 0x63, 0x2d, 0x63, 0x2d, 0x6b, 0x2d, 0x63, 0x2d, 0x6b, 0x2d, 0x6b,
    0x4e, 0x6b, 0x6e, 0x6b, 0x6e, 0x73, 0x6e, 0x73, 0x8e, 0x73, 0x8e, 0x73,
    0x51, 0x8c, 0x51, 0x8c, 0x31, 0x84, 0x31, 0x84, 0x11, 0x84, 0xf0, 0x7b,
    0xf0, 0x7b, 0xd0, 0x7b, 0xcf, 0x7b, 0x8f, 0x73, 0x6e, 0x6b, 0x6e, 0x6b,
    0x4d, 0x6b, 0x2d, 0x6b, 0x2d, 0x63, 0x2d, 0x63, 0x2d, 0x63, 0x2d, 0x6b,
    0x2d, 0x6b, 0x6e, 0x6b, 0xaf, 0x7b, 0xf0, 0x83, 0x31, 0x84, 0x51, 0x8c,
    0x72, 0x94, 0xb3, 0x94, 0xd3, 0x9c, 0xf4, 0x9c, 0xf4, 0x9c, 0xf4, 0x9c,
    0xd4, 0x9c, 0xb3, 0x94, 0x92, 0x94, 0x72, 0x8c, 0x51, 0x8c, 0x31, 0x8c,
    0x10, 0x84, 0xf0, 0x7b, 0x10, 0x84, 0x72, 0x8c, 0xd3, 0x9c, 0x14, 0xa5,
    0x15, 0xa5, 0x14, 0xa5, 0x14, 0xa5, 0x15, 0xa5, 0x14, 0xa5, 0x14, 0xa5,
    0x14, 0xa5, 0xf4, 0x9c, 0xd4, 0x9c, 0xd4, 0x9c, 0xd4, 0x9c, 0xd3, 0x9c,
    0xd3, 0x9c, 0xd4, 0x9c, 0xd3, 0x9c, 0xd4, 0x9c, 0x14, 0xa5, 0x34, 0xa5,
    0x15, 0xa5, 0x15, 0xad, 0x15, 0xad, 0x35, 0xa5, 0x35, 0xa5, 0x15, 0xad,
    0x14, 0xad, 0x34, 0xa5, 0x14, 0xa5, 0xd4, 0xa4, 0xf4, 0xa4, 0x14, 0xa5,
    0x35, 0xad, 0x35, 0xa5, 0x35, 0xad, 0x55, 0xa5, 0x55, 0xad, 0x35, 0xa5,
    0x35, 0xad, 0x35, 0xa5, 0x35, 0xad, 0x35, 0xad, 0x35, 0xa5, 0x15, 0xa5,
    0x14, 0xa5, 0x14, 0xa5, 0xf4, 0x9c, 0xd4, 0x9c, 0x93, 0x94, 0x51, 0x8c,
    0x10, 0x84, 0xf0, 0x7b, 0xd0, 0x7b, 0xcf, 0x7b, 0xf0, 0x7b, 0x10, 0x84,
    0x10, 0x7c, 0xf0, 0x7b, 0xd0, 0x7b, 0xaf, 0x73, 0x8e, 0x73, 0x6e, 0x6b,
    0x4d, 0x6b, 0x2d, 0x63, 0x0d, 0x63, 0xec, 0x5a, 0xcb, 0x5a, 0xab, 0x52,
    0x8a, 0x52, 0x6a, 0x4a, 0x6a, 0x4a, 0x49, 0x4a, 0x49, 0x4a, 0x49, 0x4a,
    0x4a, 0x4a, 0x4a, 0x4a, 0x49, 0x4a, 0x49, 0x4a, 0x49, 0x4a, 0x49, 0x4a,
    0x4a, 0x4a, 0x49, 0x4a, 0x49, 0x4a, 0x49, 0x4a, 0x49, 0x4a, 0x6a, 0x52,
    0x6a, 0x52, 0x49, 0x4a, 0x49, 0x52, 0x69, 0x4a, 0x4a, 0x4a, 0x4a, 0x52,
    0x69, 0x52, 0x49, 0x4a, 0x49, 0x4a, 0x49, 0x4a, 0x49, 0x4a, 0x49, 0x4a,
    0x4a, 0x4a, 0x4a, 0x4a, 0x49, 0x4a, 0x4a, 0x4a, 0x49, 0x4a, 0x4a, 0x4a,
    0x6a, 0x4a, 0x49, 0x4a, 0x6a, 0x52, 0x6a, 0x52, 0x6a, 0x4a, 0x6a, 0x4a,
    0x6a, 0x4a, 0x6a, 0x4a, 0x8a, 0x52, 0x8b, 0x52, 0x8a, 0x52, 0x8a, 0x52,
    0xab, 0x52, 0xab, 0x52, 0xab, 0x52, 0xab, 0x5a, 0xab, 0x52, 0xcc, 0x5a,
    0xcc, 0x5a, 0xec, 0x5a, 0xec, 0x62, 0xec, 0x62, 0x0c, 0x63, 0x0d, 0x63,
    0x2d, 0x63, 0x2d, 0x6b, 0x2d, 0x6b, 0x4d, 0x6b, 0x4d, 0x6b, 0x4d, 0x6b,
    0x4e, 0x6b, 0x6e, 0x6b, 0x6e, 0x73, 0x6e, 0x73, 0x8e, 0x73, 0x8e, 0x73,
    0x51, 0x84, 0x51, 0x8c, 0x31, 0x84, 0x11, 0x84, 0xf0, 0x83, 0xf0, 0x7b,
    0xd0, 0x7b, 0xcf, 0x7b, 0xaf, 0x73, 0x8e, 0x73, 0x4e, 0x6b, 0x4d, 0x6b,
    0x4d, 0x6b, 0x2d, 0x63, 0x2d, 0x63, 0x2d, 0x6b, 0x2d, 0x6b, 0x2d, 0x63,
    0x4d, 0x6b, 0xaf, 0x73, 0xf0, 0x7b, 0x31, 0x84, 0x51, 0x8c, 0x72, 0x94,
    0x93, 0x94, 0xd3, 0x9c, 0xf4, 0x9c, 0x14, 0xa5, 0x14, 0xa5, 0x14, 0xa5,
    0xf4, 0x9c, 0xd4, 0x9c, 0xd3, 0x9c, 0xb3, 0x94, 0xb3, 0x94, 0x93, 0x94,
    0x72, 0x94, 0x51, 0x8c, 0x31, 0x84, 0x51, 0x8c, 0x93, 0x94, 0xf4, 0x9c,
    0x15, 0xa5, 0x15, 0xa5, 0x14, 0xa5, 0x15, 0xa5, 0x15, 0xa5, 0x14, 0xa5,
    0x15, 0xa5, 0x15, 0xa5, 0xf4, 0x9c, 0xd4, 0x9c, 0xd3, 0x9c, 0xd3, 0x9c,
    0xd3, 0x9c, 0xd3, 0x9c, 0xd4, 0x9c, 0xd4, 0x9c, 0xf4, 0x9c, 0x35, 0xa5,
    0x15, 0xad, 0x34, 0xad, 0x14, 0xa5, 0x14, 0xad, 0x14, 0xad, 0x14, 0xa5,
    0x15, 0xa5, 0x15, 0xad, 0x14, 0xa5, 0xf4, 0xa4, 0xf3, 0x9c, 0xf4, 0xa4,
    0x14, 0xa5, 0x35, 0xad, 0x35, 0xa5, 0x55, 0xad, 0x35, 0xa5, 0x35, 0xad,
    0x35, 0xa5, 0x35, 0xad, 0x14, 0xa5, 0x15, 0xa5, 0x15, 0xa5, 0x14, 0xa5,
    0x14, 0xa5, 0xf4, 0x9c, 0xd4, 0x9c, 0xd3, 0x9c, 0x92, 0x94, 0x31, 0x84,
    0x10, 0x7c, 0xd0, 0x7b, 0xaf, 0x73, 0xaf, 0x73, 0xd0, 0x7b, 0xd0, 0x7b,
    0xf0, 0x7b, 0xcf, 0x7b, 0xaf, 0x73, 0x8e, 0x73, 0x6e, 0x6b, 0x4e, 0x6b,
    0x2d, 0x63, 0x0c, 0x63, 0xec, 0x5a, 0xcc, 0x5a, 0xab, 0x5a, 0x8b, 0x52,
    0x8a, 0x52, 0x6a, 0x52, 0x4a, 0x4a, 0x49, 0x4a, 0x49, 0x4a, 0x4a, 0x4a,
    0x49, 0x4a, 0x49, 0x4a, 0x49, 0x4a, 0x4a, 0x4a, 0x49, 0x4a, 0x49, 0x4a,
    0x49, 0x4a, 0x49, 0x4a, 0x49, 0x4a, 0x49, 0x4a, 0x49, 0x4a, 0x49, 0x52,
    0x69, 0x52, 0x69, 0x4a, 0x4a, 0x4a, 0x6a, 0x52, 0x69, 0x4a, 0x49, 0x52,
    0x49, 0x4a, 0x49, 0x4a, 0x49, 0x4a, 0x49, 0x52, 0x49, 0x4a, 0x49, 0x4a,
    0x49, 0x4a, 0x49, 0x4a, 0x6a, 0x52, 0x69, 0x4a, 0x49, 0x4a, 0x4a, 0x4a,
    0x4a, 0x4a, 0x6a, 0x4a, 0x6a, 0x4a, 0x6a, 0x52, 0x6a, 0x4a, 0x6a, 0x52,
    0x8a, 0x52, 0x6a, 0x4a, 0x6a, 0x52, 0x8a, 0x52, 0x8b, 0x52, 0x8a, 0x52,
    0x8b, 0x52, 0xab, 0x52, 0xab, 0x5a, 0xcb, 0x5a, 0xcb, 0x52, 0xcc, 0x5a,
    0xcc, 0x5a, 0xcc, 0x5a, 0xec, 0x62, 0xec, 0x62, 0x0c, 0x63, 0x0d, 0x63,
    0x0d, 0x63, 0x2d, 0x6b, 0x4d, 0x6b, 0x4d, 0x6b, 0x4e, 0x6b, 0x4e, 0x6b,
    0x6e, 0x6b, 0x6e, 0x73, 0x6e, 0x73, 0x6e, 0x73, 0x8f, 0x73, 0x8f, 0x73,
    0x31, 0x84, 0x31, 0x84, 0x31, 0x84, 0x11, 0x84, 0xf0, 0x7b, 0xd0, 0x7b,
    0xcf, 0x73, 0xaf, 0x73, 0x8e, 0x73, 0x6e, 0x6b, 0x4e, 0x6b, 0x4d, 0x6b,
    0x2d, 0x63, 0x2d, 0x6b, 0x2d, 0x63, 0x2d, 0x63, 0x2d, 0x63, 0x4d, 0x6b,
    0x8f, 0x73, 0xd0, 0x7b, 0x11, 0x84, 0x51, 0x8c, 0x72, 0x8c, 0xb3, 0x94,
    0xd3, 0x9c, 0xf4, 0x9c, 0x14, 0xa5, 0x15, 0xa5, 0x35, 0xa5, 0x14, 0xa5,
    0x14, 0xa5, 0xf4, 0xa4, 0xf4, 0xa4, 0xf4, 0x9c, 0xf4, 0x9c, 0xd4, 0x9c,
    0xd4, 0x9c, 0xb3, 0x94, 0x93, 0x94, 0x93, 0x94, 0x93, 0x94, 0xd3, 0x9c,
    0x14, 0xa5, 0x15, 0xa5, 0x35, 0xa5, 0x15, 0xa5, 0x14, 0xa5, 0x14, 0xa5,
    0x15, 0xa5, 0x14, 0xa5, 0xf4, 0x9c, 0xb3, 0x9c, 0x93, 0x94, 0xb3, 0x94,
    0xb3, 0x94, 0xb3, 0x94, 0xd4, 0x9c, 0xf4, 0xa4, 0x14, 0xa5, 0x15, 0xa5,
    0x34, 0xad, 0x14, 0xa5, 0x14, 0xa5, 0x35, 0xa5, 0x14, 0xad, 0x34, 0xa5,
    0x35, 0xad, 0x35, 0xad, 0x35, 0xad, 0x14, 0xa5, 0xf4, 0x9c, 0xf4, 0x9c,
    0xf4, 0xa4, 0x14, 0xa5, 0x35, 0xad, 0x35, 0xa5, 0x35, 0xad, 0x35, 0xa5,
    0x15, 0xa5, 0x14, 0xa5, 0x14, 0xa5, 0xf4, 0xa4, 0xf4, 0xa4, 0x14, 0x9d,
    0xf4, 0x9c, 0xf4, 0x9c, 0xd3, 0x9c, 0xb3, 0x94, 0x72, 0x8c, 0x51, 0x8c,
    0x11, 0x84, 0xcf, 0x73, 0x8f, 0x73, 0x6e, 0x6b, 0x8e, 0x6b, 0xaf, 0x73,
    0xaf, 0x73, 0xaf, 0x73, 0x8f, 0x73, 0x6e, 0x6b, 0x4d, 0x63, 0x2d, 0x63,
    0x0d, 0x63, 0xec, 0x5a, 0xcc, 0x5a, 0xcb, 0x52, 0xab, 0x52, 0x8a, 0x52,
    0x8a, 0x52, 0x6a, 0x4a, 0x6a, 0x4a, 0x49, 0x4a, 0x49, 0x4a, 0x4a, 0x4a,
    0x6a, 0x4a, 0x49, 0x4a, 0x49, 0x4a, 0x4a, 0x4a, 0x49, 0x4a, 0x4a, 0x4a,
    0x4a, 0x4a, 0x49, 0x4a, 0x49, 0x4a, 0x4a, 0x4a, 0x49, 0x4a, 0x49, 0x4a,
    0x6a, 0x4a, 0x6a, 0x52, 0x49, 0x52, 0x69, 0x52, 0x69, 0x52, 0x69, 0x4a,
    0x6a, 0x52, 0x49, 0x52, 0x69, 0x52, 0x49, 0x4a, 0x4a, 0x4a, 0x49, 0x4a,
    0x49, 0x4a, 0x4a, 0x4a, 0x6a, 0x4a, 0x6a, 0x4a, 0x69, 0x4a, 0x49, 0x4a,
    0x49, 0x4a, 0x4a, 0x4a, 0x49, 0x4a, 0x6a, 0x4a, 0x6a, 0x52, 0x6a, 0x4a,
    0x8a, 0x52, 0x8a, 0x52, 0x6a, 0x4a, 0x8a, 0x52, 0x8b, 0x52, 0xab, 0x52,
    0x8b, 0x52, 0xaa, 0x52, 0xab, 0x52, 0xab, 0x5a, 0xcb, 0x5a, 0xcb, 0x5a,
    0xcb, 0x5a, 0xcc, 0x5a, 0xec, 0x5a, 0xec, 0x62, 0x0c, 0x5b, 0x0d, 0x63,
    0x0d, 0x63, 0x2d, 0x63, 0x4d, 0x6b, 0x4d, 0x6b, 0x4e, 0x6b, 0x4e, 0x6b,
    0x6e, 0x6b, 0x6e, 0x73, 0x6e, 0x73, 0x8e, 0x73, 0x8f, 0x73, 0xaf, 0x73,
    0x31, 0x84, 0x31, 0x84, 0x31, 0x84, 0x11, 0x84, 0xf0, 0x7b, 0xaf, 0x7b,
    0xaf, 0x73, 0x8f, 0x73, 0x6e, 0x6b, 0x4e, 0x6b, 0x4d, 0x6b, 0x2d, 0x6b,
    0x2d, 0x63, 0x2d, 0x63, 0x2d, 0x6b, 0x2d, 0x63, 0x2d, 0x6b, 0x8e, 0x6b,
    0xd0, 0x7b, 0x11, 0x84, 0x51, 0x8c, 0x72, 0x8c, 0x92, 0x94, 0xd3, 0x9c,
    0xd4, 0x9c, 0x14, 0xa5, 0x14, 0xa5, 0x35, 0xa5, 0x35, 0xa5, 0x35, 0xa5,
    0x15, 0xa5, 0x15, 0xa5, 0x14, 0xa5, 0x14, 0xa5, 0x14, 0xa5, 0xf4, 0xa4,
    0x14, 0xa5, 0x14, 0xa5, 0xf4, 0x9c, 0xf4, 0x9c, 0xd4, 0x9c, 0xd4, 0x9c,
    0xf4, 0xa4, 0x15, 0xa5, 0x14, 0xa5, 0x35, 0xa5, 0x14, 0xa5, 0x15, 0xa5,
    0x14, 0xa5, 0x14, 0xa5, 0x14, 0x9d, 0xf4, 0x9c, 0x93, 0x94, 0x92, 0x8c,
    0x72, 0x94, 0x93, 0x94, 0xd3, 0x9c, 0xf4, 0x9c, 0x14, 0xa5, 0x15, 0xa5,
    0x35, 0xa5, 0x14, 0xa5, 0x15, 0xad, 0x14, 0xad, 0x35, 0xa5, 0x35, 0xad,
    0x35, 0xad, 0x34, 0xa5, 0x35, 0xa5, 0x35, 0xa5, 0xf4, 0x9c, 0xf4, 0xa4,
    0xf4, 0x9c, 0xf4, 0x9c, 0x35, 0xa5, 0x35, 0xad, 0x35, 0xa5, 0x34, 0xa5,
    0x14, 0xa5, 0x14, 0xa5, 0xf4, 0xa4, 0xf4, 0xa4, 0xd3, 0x9c, 0xd3, 0x9c,
    0xd4, 0x9c, 0xd3, 0x9c, 0xb3, 0x94, 0x93, 0x94, 0x72, 0x8c, 0x31, 0x84,
    0xf0, 0x7b, 0xaf, 0x73, 0x8e, 0x6b, 0x4d, 0x6b, 0x2d, 0x6b, 0x4e, 0x6b,
    0x6e, 0x6b, 0x8e, 0x6b, 0x6e, 0x6b, 0x2d, 0x63, 0x2d, 0x63, 0x0c, 0x63,
    0xec, 0x5a, 0xcc, 0x5a, 0xcb, 0x5a, 0xab, 0x52, 0xab, 0x52, 0x8a, 0x52,
    0x6a, 0x4a, 0x6a, 0x4a, 0x6a, 0x52, 0x6a, 0x4a, 0x4a, 0x4a, 0x49, 0x4a,
    0x49, 0x4a, 0x4a, 0x4a, 0x4a, 0x4a, 0x69, 0x4a, 0x49, 0x4a, 0x49, 0x4a,
    0x4a, 0x4a, 0x49, 0x4a, 0x49, 0x4a, 0x49, 0x4a, 0x49, 0x4a, 0x49, 0x4a,
    0x69, 0x52, 0x6a, 0x52, 0x69, 0x4a, 0x49, 0x4a, 0x6a, 0x52, 0x6a, 0x52,
    0x69, 0x4a, 0x4a, 0x52, 0x49, 0x4a, 0x49, 0x4a, 0x49, 0x4a, 0x4a, 0x4a,
    0x49, 0x4a, 0x49, 0x4a, 0x4a, 0x4a, 0x69, 0x4a, 0x6a, 0x52, 0x4a, 0x4a,
    0x49, 0x4a, 0x49, 0x4a, 0x6a, 0x4a, 0x4a, 0x4a, 0x6a, 0x4a, 0x6a, 0x52,
    0x8a, 0x4a, 0x6a, 0x52, 0x6a, 0x4a, 0x8a, 0x4a, 0x8b, 0x52, 0xab, 0x52,
    0x8a, 0x52, 0x8b, 0x52, 0xab, 0x52, 0xab, 0x52, 0xab, 0x5a, 0xcb, 0x5a,
    0xcc, 0x52, 0xcc, 0x5a, 0xec, 0x5a, 0xec, 0x5a, 0x0c, 0x63, 0x0c, 0x63,
    0x0d, 0x63, 0x2d, 0x6b, 0x4d, 0x6b, 0x4e, 0x6b, 0x6e, 0x6b, 0x6e, 0x6b,
    0x6e, 0x73, 0x6e, 0x73, 0x8e, 0x73, 0x8e, 0x73, 0x8f, 0x73, 0x8f, 0x73,
    0x31, 0x84, 0x31, 0x84, 0x10, 0x84, 0xf0, 0x7b, 0xd0, 0x7b, 0xaf, 0x73,
    0x8f, 0x73, 0x6e, 0x6b, 0x4e, 0x6b, 0x4d, 0x6b, 0x4d, 0x6b, 0x2d, 0x63,
    0x2d, 0x63, 0x2d, 0x6b, 0x2d, 0x63, 0x2d, 0x6b, 0x6e, 0x6b, 0xaf, 0x7b,
    0x10, 0x84, 0x31, 0x84, 0x72, 0x8c, 0x92, 0x94, 0xb3, 0x9c, 0xd4, 0x9c,
    0x14, 0xa5, 0x15, 0xa5, 0x35, 0xa5, 0x35, 0xa5, 0x35, 0xad, 0x35, 0xa5,
    0x35, 0xa5, 0x35, 0xad, 0x15, 0xa5, 0x14, 0xa5, 0x14, 0xa5, 0x15, 0xa5,
    0x14, 0xa5, 0x14, 0xa5, 0x14, 0xa5, 0x14, 0xa5, 0xf4, 0x9c, 0xf4, 0x9c,
    0x14, 0xa5, 0x15, 0xa5, 0x15, 0xa5, 0x34, 0xa5, 0x15, 0xa5, 0x15, 0xa5,
    0x35, 0xa5, 0x14, 0xa5, 0x15, 0xa5, 0x15, 0xa5, 0xf4, 0x9c, 0x92, 0x94,
    0x51, 0x8c, 0x72, 0x8c, 0xd3, 0x9c, 0xd4, 0x9c, 0xf4, 0x9c, 0x35, 0xa5,
    0x35, 0xad, 0x14, 0xa5, 0x14, 0xad, 0x15, 0xad, 0x14, 0xa5, 0x35, 0xa5,
    0x35, 0xad, 0x35, 0xad, 0x35, 0xad, 0x35, 0xa5, 0xf4, 0xa4, 0xf4, 0x9c,
    0xf4, 0x9c, 0xd4, 0x9c, 0x14, 0xa5, 0x15, 0xad, 0x15, 0xa5, 0x14, 0xa5,
    0x14, 0xa5, 0xf4, 0xa4, 0xf4, 0xa4, 0xd3, 0x9c, 0xb3, 0x9c, 0xb3, 0x9c,
    0xb3, 0x9c, 0xb3, 0x94, 0xb3, 0x94, 0x92, 0x94, 0x72, 0x8c, 0x11, 0x84,
    0xcf, 0x7b, 0xaf, 0x73, 0x6e, 0x6b, 0x4e, 0x6b, 0x2d, 0x63, 0x0d, 0x63,
    0x2d, 0x63, 0x4d, 0x6b, 0x4d, 0x63, 0x0d, 0x63, 0x0c, 0x5b, 0xec, 0x5a,
    0xcc, 0x5a, 0xcb, 0x5a, 0xab, 0x52, 0x8b, 0x52, 0x8a, 0x52, 0x8a, 0x52,
    0x6a, 0x52, 0x6a, 0x4a, 0x6a, 0x4a, 0x6a, 0x4a, 0x6a, 0x4a, 0x49, 0x4a,
    0x49, 0x4a, 0x6a, 0x4a, 0x49, 0x4a, 0x49, 0x4a, 0x49, 0x4a, 0x49, 0x4a,
    0x49, 0x4a, 0x49, 0x4a, 0x49, 0x4a, 0x49, 0x4a, 0x4a, 0x4a, 0x49, 0x4a,
    0x49, 0x52, 0x6a, 0x52, 0x6a, 0x4a, 0x69, 0x52, 0x4a, 0x4a, 0x6a, 0x52,
    0x49, 0x52, 0x49, 0x4a, 0x69, 0x4a, 0x69, 0x52, 0x49, 0x52, 0x49, 0x4a,
    0x49, 0x52, 0x49, 0x4a, 0x49, 0x4a, 0x6a, 0x4a, 0x6a, 0x52, 0x6a, 0x4a,
    0x49, 0x4a, 0x49, 0x4a, 0x4a, 0x4a, 0x69, 0x4a, 0x69, 0x4a, 0x6a, 0x4a,
    0x6a, 0x52, 0x6a, 0x4a, 0x8a, 0x52, 0x6a, 0x52, 0x6a, 0x52, 0x8b, 0x52,
    0xab, 0x52, 0xab, 0x52, 0xab, 0x52, 0xab, 0x5a, 0xab, 0x5a, 0xab, 0x52,
    0xcb, 0x5a, 0xcc, 0x5a, 0xcc, 0x5a, 0xec, 0x62, 0x0c, 0x63, 0x0d, 0x63,
    0x0d, 0x63, 0x2d, 0x6b, 0x4d, 0x6b, 0x4e, 0x6b, 0x6e, 0x6b, 0x6e, 0x73,
    0x8e, 0x73, 0x6e, 0x73, 0x8e, 0x6b, 0x6e, 0x73, 0x6e, 0x73, 0x8e, 0x73,
    0x11, 0x84, 0x10, 0x84, 0x10, 0x7c, 0xf0, 0x7b, 0xd0, 0x7b, 0xaf, 0x73,
    0x6e, 0x6b, 0x4e, 0x6b, 0x4d, 0x6b, 0x2d, 0x6b, 0x2d, 0x63, 0x2d, 0x63,
    0x2d, 0x6b, 0x2d, 0x6b, 0x4d, 0x63, 0x6e, 0x6b, 0xaf, 0x7b, 0x10, 0x84,
    0x31, 0x84, 0x52, 0x8c, 0x92, 0x94, 0xb3, 0x9c, 0xf4, 0x9c, 0x14, 0xa5,
    0x15, 0xa5, 0x35, 0xad, 0x35, 0xa5, 0x35, 0xa5, 0x55, 0xad, 0x55, 0xad,
    0x55, 0xad, 0x35, 0xa5, 0x15, 0xa5, 0x14, 0xa5, 0x15, 0xa5, 0x14, 0xa5,
    0x14, 0xa5, 0x15, 0xa5, 0x14, 0xa5, 0xf5, 0xa4, 0xf4, 0xa4, 0xf4, 0x9c,
    0xf4, 0xa4, 0x15, 0xa5, 0x14, 0xa5, 0x35, 0xa5, 0x35, 0xa5, 0x14, 0xa5,
    0x14, 0xa5, 0x14, 0xa5, 0x15, 0xa5, 0xf4, 0xa4, 0xf4, 0x9c, 0xd4, 0x9c,
    0x93, 0x94, 0x31, 0x8c, 0x72, 0x8c, 0xd3, 0x9c, 0xf4, 0x9c, 0x15, 0xa5,
    0x35, 0xad, 0x35, 0xa5, 0x35, 0xa5, 0x35, 0xa5, 0x35, 0xad, 0x35, 0xad,
    0x35, 0xad, 0x35, 0xa5, 0x35, 0xad, 0x35, 0xad, 0x35, 0xa5, 0xf4, 0xa4,
    0xf4, 0x9c, 0xf3, 0x9c, 0xf4, 0xa4, 0x14, 0xa5, 0x14, 0xa5, 0x14, 0xa5,
    0xf4, 0xa4, 0xf4, 0xa4, 0xd3, 0x9c, 0xb3, 0x9c, 0xb3, 0x9c, 0x92, 0x9c,
    0x92, 0x94, 0x92, 0x94, 0x72, 0x94, 0x72, 0x8c, 0x31, 0x84, 0x11, 0x84,
    0xf0, 0x7b, 0x8e, 0x73, 0x4e, 0x6b, 0x4d, 0x63, 0x2d, 0x63, 0x2d, 0x63,
    0xec, 0x5a, 0xec, 0x5a, 0x0d, 0x63, 0xec, 0x5a, 0xcc, 0x5a, 0xcb, 0x5a,
    0xab, 0x52, 0xab, 0x52, 0xab, 0x52, 0x8b, 0x52, 0xab, 0x52, 0x8a, 0x52,
    0x8a, 0x52, 0x8a, 0x4a, 0x6a, 0x52, 0x6a, 0x52, 0x6a, 0x4a, 0x4a, 0x4a,
    0x49, 0x4a, 0x49, 0x4a, 0x49, 0x4a, 0x49, 0x4a, 0x4a, 0x4a, 0x4a, 0x4a,
    0x49, 0x4a, 0x4a, 0x4a, 0x4a, 0x4a, 0x49, 0x4a, 0x49, 0x4a, 0x6a, 0x4a,
    0x49, 0x4a, 0x49, 0x4a, 0x69, 0x52, 0x69, 0x52, 0x69, 0x52, 0x69, 0x4a,
    0x6a, 0x52, 0x69, 0x52, 0x6a, 0x52, 0x49, 0x52, 0x49, 0x4a, 0x49, 0x4a,
    0x49, 0x4a, 0x4a, 0x4a, 0x49, 0x4a, 0x4a, 0x4a, 0x4a, 0x4a, 0x69, 0x4a,
    0x49, 0x4a, 0x4a, 0x4a, 0x49, 0x4a, 0x4a, 0x4a, 0x4a, 0x4a, 0x6a, 0x4a,
    0x6a, 0x52, 0x8a, 0x52, 0x8a, 0x52, 0x8a, 0x52, 0x8b, 0x4a, 0x8b, 0x52,
    0xab, 0x52, 0xab, 0x52, 0xab, 0x52, 0xab, 0x5a, 0xab, 0x5a, 0xcb, 0x5a,
    0xcc, 0x5a, 0xcc, 0x5a, 0xeb, 0x5a, 0xec, 0x62, 0x0c, 0x63, 0x0d, 0x63,
    0x2d, 0x63, 0x2d, 0x6b, 0x6d, 0x6b, 0x6e, 0x6b, 0x6e, 0x6b, 0x6e, 0x73,
    0x8e, 0x73, 0x8e, 0x73, 0x6e, 0x73, 0x6e, 0x73, 0x6e, 0x73, 0x6e, 0x73,
    0x11, 0x84, 0xf0, 0x7b, 0xf0, 0x7b, 0xd0, 0x7b, 0xaf, 0x73, 0x8e, 0x73,
    0x6e, 0x6b, 0x4d, 0x6b, 0x2d, 0x63, 0x2d, 0x6b, 0x4d, 0x6b, 0x4e, 0x63,
    0x2d, 0x6b, 0x2d, 0x63, 0x4e, 0x6b, 0xaf, 0x73, 0xf0, 0x83, 0x31, 0x84,
    0x52, 0x8c, 0x92, 0x94, 0xb3, 0x94, 0xd4, 0x9c, 0xf4, 0xa4, 0x34, 0xa5,
    0x35, 0xa5, 0x35, 0xa5, 0x35, 0xad, 0x55, 0xad, 0x55, 0xad, 0x56, 0xad,
    0x55, 0xad, 0x55, 0xad, 0x35, 0xa5, 0x15, 0xa5, 0x14, 0xa5, 0x15, 0xa5,
    0x15, 0xa5, 0x14, 0xa5, 0x15, 0xa5, 0xf4, 0xa4, 0x14, 0xa5, 0xf4, 0x9c,
    0xf4, 0xa4, 0x15, 0xa5, 0x14, 0xa5, 0x15, 0xa5, 0x35, 0xa5, 0x15, 0xa5,
    0x14, 0xa5, 0x15, 0xa5, 0x14, 0xa5, 0xf4, 0x9c, 0xf4, 0x9c, 0xf4, 0x9c,
    0xd4, 0x9c, 0x92, 0x8c, 0x31, 0x8c, 0x93, 0x94, 0xf4, 0x9c, 0x14, 0xa5,
    0x35, 0xa5, 0x55, 0xa5, 0x35, 0xad, 0x35, 0xa5, 0x35, 0xa5, 0x35, 0xad,
    0x35, 0xad, 0x35, 0xa5, 0x55, 0xa5, 0x55, 0xad, 0x35, 0xa5, 0x15, 0xa5,
    0xf4, 0xa4, 0xd3, 0x9c, 0xd4, 0x9c, 0x14, 0xa5, 0x14, 0xa5, 0xf4, 0xa4,
    0xf4, 0xa4, 0xd3, 0x9c, 0xb3, 0x9c, 0xb3, 0x9c, 0x92, 0x94, 0x92, 0x94,
    0x72, 0x94, 0x72, 0x8c, 0x52, 0x8c, 0x51, 0x8c, 0x31, 0x84, 0xf0, 0x7b,
    0xcf, 0x7b, 0xaf, 0x73, 0x4e, 0x6b, 0x4d, 0x6b, 0x4d, 0x63, 0x0d, 0x63,
    0xec, 0x5a, 0xab, 0x5a, 0xcc, 0x5a, 0xec, 0x5a, 0xcb, 0x5a, 0xcb, 0x52,
    0xab, 0x52, 0x8b, 0x52, 0xab, 0x52, 0xab, 0x52, 0x8b, 0x52, 0x8a, 0x52,
    0x8a, 0x52, 0x8a, 0x52, 0x8a, 0x4a, 0x6a, 0x4a, 0x6a, 0x52, 0x6a, 0x4a,
    0x6a, 0x4a, 0x49, 0x4a, 0x4a, 0x4a, 0x4a, 0x4a, 0x49, 0x4a, 0x49, 0x4a,
    0x49, 0x4a, 0x49, 0x4a, 0x4a, 0x4a, 0x49, 0x4a, 0x49, 0x4a, 0x49, 0x4a,
    0x49, 0x4a, 0x49, 0x4a, 0x4a, 0x52, 0x6a, 0x52, 0x69, 0x4a, 0x49, 0x4a,
    0x6a, 0x52, 0x69, 0x4a, 0x49, 0x4a, 0x4a, 0x4a, 0x69, 0x4a, 0x49, 0x4a,
    0x49, 0x52, 0x4a, 0x52, 0x49, 0x4a, 0x49, 0x4a, 0x4a, 0x4a, 0x69, 0x4a,
    0x6a, 0x4a, 0x4a, 0x4a, 0x49, 0x4a, 0x49, 0x4a, 0x4a, 0x4a, 0x4a, 0x4a,
    0x6a, 0x4a, 0x6a, 0x52, 0x8a, 0x52, 0x8a, 0x4a, 0x8a, 0x52, 0x8a, 0x52,
    0xab, 0x52, 0xab, 0x52, 0xab, 0x52, 0xab, 0x52, 0xab, 0x52, 0xcb, 0x5a,
    0xcc, 0x5a, 0xcc, 0x5a, 0xec, 0x5a, 0xec, 0x62, 0x0d, 0x63, 0x2d, 0x63,
    0x2d, 0x63, 0x2d, 0x6b, 0x4e, 0x6b, 0x6e, 0x6b, 0x6e, 0x73, 0x6e, 0x73,
    0x6e, 0x73, 0x6e, 0x6b, 0x6e, 0x6b, 0x6e, 0x6b, 0x4e, 0x6b, 0x8e, 0x73,
    0x10, 0x7c, 0xf0, 0x7b, 0xd0, 0x7b, 0xaf, 0x73, 0x8e, 0x73, 0x6e, 0x6b,
    0x4e, 0x6b, 0x2d, 0x6b, 0x2d, 0x63, 0x2d, 0x63, 0x2d, 0x6b, 0x2d, 0x6b,
    0x2d, 0x63, 0x4e, 0x6b, 0x8f, 0x73, 0xf0, 0x7b, 0x31, 0x84, 0x52, 0x8c,
    0x72, 0x94, 0xb2, 0x94, 0xd3, 0x9c, 0xf4, 0x9c, 0x15, 0xa5, 0x35, 0xa5,
    0x35, 0xa5, 0x35, 0xa5, 0x55, 0xad, 0x55, 0xad, 0x56, 0xad, 0x56, 0xad,
    0x56, 0xad, 0x55, 0xad, 0x35, 0xa5, 0x35, 0xa5, 0x14, 0xa5, 0x14, 0xa5,
    0x15, 0xa5, 0x14, 0xa5, 0x14, 0xa5, 0xf4, 0xa4, 0x14, 0x9d, 0xf4, 0x9c,
    0xf4, 0xa4, 0x15, 0xa5, 0x15, 0xa5, 0x14, 0xa5, 0x35, 0xa5, 0x35, 0xa5,
    0x15, 0xa5, 0x14, 0xa5, 0xd4, 0x9c, 0xf4, 0x9c, 0xf4, 0xa4, 0xd4, 0x9c,
    0xb3, 0x9c, 0xb3, 0x94, 0x92, 0x8c, 0x93, 0x94, 0xd3, 0x9c, 0x14, 0xa5,
    0x35, 0xa5, 0x35, 0xad, 0x55, 0xad, 0x55, 0xad, 0x35, 0xa5, 0x35, 0xad,
    0x35, 0xa5, 0x35, 0xad, 0x55, 0xad, 0x56, 0xa5, 0x55, 0xa5, 0x35, 0xad,
    0x14, 0xa5, 0xd4, 0x9c, 0xb3, 0x9c, 0xf4, 0xa4, 0xf4, 0xa4, 0xf4, 0xa4,
    0xd3, 0x9c, 0xb3, 0x9c, 0xb3, 0x9c, 0x92, 0x94, 0x72, 0x94, 0x72, 0x94,
    0x51, 0x8c, 0x51, 0x8c, 0x31, 0x84, 0x31, 0x84, 0x10, 0x84, 0xf0, 0x7b,
    0xaf, 0x73, 0x8e, 0x73, 0x6e, 0x6b, 0x4d, 0x63, 0x0d, 0x63, 0xec, 0x5a,
    0x0c, 0x5b, 0xec, 0x5a, 0xcb, 0x5a, 0xcb, 0x5a, 0xab, 0x52, 0xab, 0x52,
    0xab, 0x52, 0xab, 0x52, 0xab, 0x52, 0xab, 0x52, 0x8a, 0x52, 0x8b, 0x52,
    0x8b, 0x52, 0x8a, 0x52, 0x8a, 0x52, 0x8b, 0x4a, 0x6a, 0x4a, 0x6a, 0x4a,
    0x6a, 0x4a, 0x49, 0x4a, 0x49, 0x4a, 0x4a, 0x4a, 0x49, 0x4a, 0x4a, 0x4a,
    0x49, 0x4a, 0x49, 0x4a, 0x49, 0x4a, 0x49, 0x4a, 0x4a, 0x4a, 0x49, 0x4a,
    0x49, 0x4a, 0x49, 0x4a, 0x49, 0x4a, 0x49, 0x4a, 0x6a, 0x4a, 0x6a, 0x52,
    0x49, 0x52, 0x69, 0x4a, 0x6a, 0x4a, 0x4a, 0x52, 0x49, 0x4a, 0x49, 0x52,
    0x49, 0x4a, 0x69, 0x4a, 0x49, 0x4a, 0x49, 0x4a, 0x49, 0x4a, 0x6a, 0x4a,
    0x6a, 0x52, 0x6a, 0x52, 0x49, 0x4a, 0x49, 0x4a, 0x49, 0x4a, 0x49, 0x4a,
    0x69, 0x4a, 0x6a, 0x52, 0x8a, 0x4a, 0x8b, 0x52, 0x8b, 0x52, 0x8a, 0x52,
    0x8b, 0x52, 0xab, 0x52, 0xab, 0x52, 0xab, 0x52, 0xab, 0x5a, 0xab, 0x5a,
    0xcc, 0x5a, 0xec, 0x5a, 0xec, 0x5a, 0x0c, 0x63, 0x0d, 0x63, 0x2d, 0x63,
    0x2d, 0x6b, 0x2d, 0x6b, 0x4e, 0x6b, 0x6e, 0x6b, 0x6e, 0x6b, 0x6e, 0x73,
    0x6e, 0x6b, 0x6e, 0x6b, 0x6e, 0x73, 0x6e, 0x6b, 0xaf, 0x73, 0xf0, 0x83,
    0xf0, 0x7b, 0xd0, 0x7b, 0xaf, 0x73, 0x8f, 0x73, 0x6e, 0x6b, 0x4e, 0x6b,
    0x4d, 0x6b, 0x2d, 0x63, 0x2d, 0x63, 0x2d, 0x6b, 0x2d, 0x63, 0x2d, 0x63,
    0x4e, 0x6b, 0x8f, 0x73, 0xef, 0x7b, 0x31, 0x84, 0x51, 0x8c, 0x72, 0x94,
    0xb3, 0x94, 0xb3, 0x9c, 0xf4, 0x9c, 0x14, 0xa5, 0x35, 0xa5, 0x35, 0xa5,
    0x35, 0xad, 0x55, 0xad, 0x55, 0xad, 0x56, 0xad, 0x76, 0xad, 0x76, 0xad,
    0x55, 0xad, 0x55, 0xad, 0x35, 0xa5, 0x15, 0xa5, 0x14, 0xa5, 0x15, 0xa5,
    0x14, 0xa5, 0x14, 0xa5, 0x15, 0xa5, 0xf4, 0xa4, 0xf5, 0xa4, 0x14, 0x9d,
    0xf4, 0xa4, 0xf5, 0xa4, 0x14, 0xa5, 0x15, 0xa5, 0x14, 0xa5, 0x15, 0xa5,
    0x14, 0xa5, 0xf4, 0x9c, 0xd3, 0x9c, 0xd4, 0x9c, 0xd4, 0x9c, 0xf4, 0x9c,
    0xd3, 0x9c, 0x93, 0x94, 0x93, 0x94, 0x93, 0x94, 0xb3, 0x94, 0xf4, 0x9c,
    0x15, 0xa5, 0x35, 0xad, 0x55, 0xad, 0x56, 0xad, 0x36, 0xad, 0x55, 0xa5,
    0x55, 0xad, 0x55, 0xad, 0x55, 0xad, 0x35, 0xad, 0x35, 0xad, 0x35, 0xad,
    0x15, 0xa5, 0x14, 0xa5, 0xd3, 0x9c, 0xd3, 0x9c, 0xd4, 0xa4, 0xd3, 0x9c,
    0xb3, 0x9c, 0xb3, 0x9c, 0x92, 0x94, 0x72, 0x94, 0x52, 0x94, 0x51, 0x8c,
    0x31, 0x8c, 0x31, 0x8c, 0x31, 0x84, 0x10, 0x84, 0xf0, 0x7b, 0xd0, 0x7b,
    0xaf, 0x73, 0x6e, 0x6b, 0x4d, 0x63, 0x0d, 0x63, 0xec, 0x62, 0x0c, 0x5b,
    0xec, 0x5a, 0xec, 0x5a, 0xcc, 0x5a, 0xab, 0x52, 0xab, 0x52, 0xab, 0x52,
    0xab, 0x52, 0xab, 0x52, 0xab, 0x52, 0xab, 0x52, 0xab, 0x52, 0xaa, 0x52,
    0x8b, 0x52, 0x8a, 0x52, 0x8a, 0x52, 0x8a, 0x52, 0x6a, 0x52, 0x6a, 0x4a,
    0x6a, 0x4a, 0x6a, 0x4a, 0x49, 0x4a, 0x49, 0x4a, 0x49, 0x4a, 0x49, 0x4a,
    0x49, 0x4a, 0x4a, 0x4a, 0x49, 0x4a, 0x49, 0x4a, 0x4a, 0x4a, 0x49, 0x4a,
    0x49, 0x4a, 0x6a, 0x4a, 0x49, 0x52, 0x49, 0x4a, 0x6a, 0x52, 0x69, 0x52,
    0x49, 0x4a, 0x4a, 0x52, 0x69, 0x52, 0x69, 0x52, 0x69, 0x52, 0x69, 0x4a,
    0x4a, 0x4a, 0x49, 0x4a, 0x69, 0x52, 0x49, 0x4a, 0x49, 0x4a, 0x4a, 0x4a,
    0x6a, 0x52, 0x69, 0x4a, 0x4a, 0x4a, 0x49, 0x4a, 0x4a, 0x4a, 0x4a, 0x4a,
    0x6a, 0x4a, 0x6a, 0x4a, 0x6a, 0x52, 0x8a, 0x52, 0x8b, 0x52, 0x8b, 0x52,
    0x8a, 0x52, 0x8b, 0x52, 0xab, 0x52, 0xab, 0x52, 0xcb, 0x5a, 0xcb, 0x5a,
    0xcc, 0x5a, 0xec, 0x5a, 0xec, 0x62, 0x0c, 0x63, 0x0d, 0x63, 0x2d, 0x63,
    0x2d, 0x6b, 0x4d, 0x6b, 0x4e, 0x6b, 0x4e, 0x6b, 0x6e, 0x6b, 0x6e, 0x6b,
    0x6e, 0x6b, 0x6e, 0x73, 0x8e, 0x73, 0xcf, 0x7b, 0x11, 0x84, 0x51, 0x8c,
    0xcf, 0x73, 0xaf, 0x73, 0x8f, 0x73, 0x8e, 0x6b, 0x4e, 0x6b, 0x4d, 0x6b,
    0x2d, 0x63, 0x2d, 0x63, 0x2d, 0x63, 0x2d, 0x63, 0x0d, 0x63, 0x2d, 0x6b,
    0x8e, 0x73, 0xf0, 0x7b, 0x31, 0x84, 0x51, 0x8c, 0x72, 0x8c, 0xb3, 0x94,
    0xd3, 0x94, 0xf4, 0x9c, 0x14, 0xa5, 0x35, 0xa5, 0x35, 0xa5, 0x35, 0xad,
    0x55, 0xad, 0x55, 0xad, 0x56, 0xad, 0x76, 0xad, 0x76, 0xad, 0x76, 0xad,
    0x55, 0xad, 0x55, 0xad, 0x55, 0xad, 0x15, 0xa5, 0x15, 0xa5, 0x15, 0xa5,
    0x14, 0xa5, 0x15, 0xa5, 0x14, 0xa5, 0xf4, 0xa4, 0x14, 0xa5, 0xf4, 0xa4,
    0xf4, 0x9c, 0xf5, 0xa4, 0x14, 0xa5, 0x14, 0xa5, 0xf4, 0x9c, 0xf4, 0x9c,
    0xd4, 0x9c, 0xd3, 0x9c, 0xb3, 0x94, 0xb3, 0x9c, 0xb3, 0x9c, 0xb3, 0x9c,
    0xd3, 0x9c, 0xb3, 0x94, 0x72, 0x8c, 0x72, 0x8c, 0xb3, 0x9c, 0xf4, 0x9c,
    0x14, 0x9d, 0x35, 0xa5, 0x55, 0xad, 0x56, 0xad, 0x55, 0xa5, 0x55, 0xad,
    0x56, 0xad, 0x55, 0xad, 0x35, 0xa5, 0x35, 0xad, 0x35, 0xad, 0x35, 0xa5,
    0x14, 0xa5, 0x14, 0xa5, 0xf4, 0xa4, 0xd3, 0x9c, 0xd3, 0x9c, 0xb3, 0x9c,
    0xb3, 0x9c, 0x92, 0x9c, 0x72, 0x94, 0x71, 0x8c, 0x51, 0x8c, 0x31, 0x8c,
    0x10, 0x84, 0x10, 0x84, 0xf0, 0x83, 0xd0, 0x7b, 0xcf, 0x7b, 0xaf, 0x73,
    0x8f, 0x73, 0x6e, 0x6b, 0x2d, 0x63, 0xec, 0x5a, 0x0c, 0x63, 0x0c, 0x5b,
    0xcc, 0x5a, 0xcb, 0x5a, 0xab, 0x52, 0xab, 0x52, 0xab, 0x52, 0xab, 0x52,
    0xab, 0x52, 0x8b, 0x52, 0x8a, 0x52, 0xab, 0x52, 0xab, 0x52, 0xab, 0x52,
    0x8a, 0x52, 0x8b, 0x52, 0x8a, 0x52, 0x8a, 0x52, 0x8a, 0x52, 0x6a, 0x52,
    0x6a, 0x4a, 0x6a, 0x4a, 0x49, 0x4a, 0x49, 0x4a, 0x4a, 0x4a, 0x49, 0x4a,
    0x4a, 0x4a, 0x4a, 0x4a, 0x49, 0x4a, 0x49, 0x4a, 0x4a, 0x4a, 0x49, 0x4a,
    0x49, 0x4a, 0x49, 0x4a, 0x4a, 0x4a, 0x49, 0x52, 0x69, 0x4a, 0x6a, 0x4a,
    0x69, 0x52, 0x69, 0x4a, 0x69, 0x52, 0x49, 0x4a, 0x6a, 0x4a, 0x6a, 0x52,
    0x49, 0x52, 0x49, 0x52, 0x49, 0x4a, 0x4a, 0x4a, 0x49, 0x4a, 0x49, 0x4a,
    0x4a, 0x4a, 0x6a, 0x4a, 0x69, 0x4a, 0x4a, 0x4a, 0x49, 0x4a, 0x4a, 0x4a,
    0x49, 0x4a, 0x69, 0x4a, 0x6a, 0x52, 0x8a, 0x52, 0x8a, 0x52, 0x8a, 0x52,
    0x8b, 0x52, 0x8a, 0x52, 0xab, 0x52, 0xab, 0x5a, 0xcb, 0x5a, 0xcc, 0x5a,
    0xec, 0x5a, 0xec, 0x62, 0x0c, 0x63, 0x0d, 0x63, 0x2d, 0x63, 0x2d, 0x63,
    0x2d, 0x6b, 0x4d, 0x6b, 0x4e, 0x6b, 0x4d, 0x6b, 0x4d, 0x6b, 0x4e, 0x6b,
    0x4d, 0x6b, 0x8e, 0x73, 0xd0, 0x7b, 0x31, 0x84, 0x72, 0x8c, 0x92, 0x94,
    0xaf, 0x73, 0x8f, 0x73, 0x6e, 0x6b, 0x4e, 0x6b, 0x4d, 0x6b, 0x2d, 0x63,
    0x2d, 0x6b, 0x2d, 0x6b, 0x2d, 0x63, 0x2d, 0x63, 0x2d, 0x63, 0x6e, 0x6b,
    0xd0, 0x7b, 0x31, 0x84, 0x52, 0x8c, 0x72, 0x8c, 0x93, 0x94, 0xb3, 0x9c,
    0xd4, 0x9c, 0x14, 0xa5, 0x35, 0xa5, 0x35, 0xa5, 0x35, 0xad, 0x35, 0xa5,
    0x55, 0xad, 0x56, 0xad, 0x76, 0xad, 0x76, 0xad, 0x75, 0xad, 0x76, 0xb5,
    0x56, 0xad, 0x55, 0xad, 0x55, 0xad, 0x35, 0xa5, 0x14, 0xa5, 0x14, 0xa5,
    0x14, 0xa5, 0x14, 0xa5, 0x15, 0xa5, 0xf4, 0xa4, 0x14, 0x9d, 0x14, 0x9d,
    0xf4, 0x9c, 0xf4, 0xa4, 0x15, 0xa5, 0x14, 0xa5, 0xd4, 0x9c, 0xd3, 0x9c,
    0x93, 0x94, 0x93, 0x94, 0xb3, 0x94, 0xb3, 0x94, 0xb3, 0x94, 0xb3, 0x94,
    0x92, 0x94, 0x93, 0x94, 0x72, 0x94, 0x72, 0x94, 0xb3, 0x94, 0xd4, 0x9c,
    0xf4, 0xa4, 0x35, 0xa5, 0x55, 0xad, 0x55, 0xad, 0x55, 0xad, 0x56, 0xad,
    0x55, 0xad, 0x35, 0xa5, 0x35, 0xa5, 0x35, 0xa5, 0x35, 0xa5, 0x14, 0xa5,
    0x14, 0xa5, 0xf4, 0xa4, 0xf4, 0xa4, 0xd3, 0x9c, 0xb3, 0x9c, 0xb3, 0x9c,
    0x92, 0x94, 0x72, 0x94, 0x72, 0x94, 0x51, 0x8c, 0x31, 0x8c, 0x10, 0x8c,
    0x10, 0x84, 0xf0, 0x7b, 0xcf, 0x7b, 0xcf, 0x7b, 0xaf, 0x73, 0x8e, 0x73,
    0x6e, 0x6b, 0x4e, 0x6b, 0x2d, 0x63, 0xec, 0x5a, 0xec, 0x5a, 0xec, 0x5a,
    0xcc, 0x5a, 0xab, 0x52, 0xab, 0x52, 0xab, 0x52, 0xab, 0x52, 0xab, 0x52,
    0x8b, 0x52, 0xab, 0x52, 0xab, 0x52, 0x8b, 0x52, 0xab, 0x52, 0xab, 0x52,
    0xab, 0x52, 0xaa, 0x52, 0x8b, 0x52, 0x8b, 0x52, 0x8a, 0x52, 0x8a, 0x4a,
    0x6a, 0x4a, 0x6a, 0x4a, 0x6a, 0x4a, 0x49, 0x4a, 0x4a, 0x4a, 0x4a, 0x4a,
    0x49, 0x4a, 0x49, 0x4a, 0x6a, 0x4a, 0x49, 0x4a, 0x49, 0x4a, 0x4a, 0x4a,
    0x49, 0x4a, 0x49, 0x4a, 0x49, 0x4a, 0x69, 0x52, 0x4a, 0x52, 0x4a, 0x52,
    0x69, 0x4a, 0x6a, 0x52, 0x6a, 0x52, 0x6a, 0x52, 0x49, 0x52, 0x69, 0x52,
    0x49, 0x52, 0x49, 0x4a, 0x49, 0x4a, 0x49, 0x52, 0x6a, 0x4a, 0x49, 0x4a,
    0x49, 0x4a, 0x4a, 0x4a, 0x6a, 0x52, 0x69, 0x4a, 0x49, 0x4a, 0x49, 0x4a,
    0x4a, 0x4a, 0x6a, 0x4a, 0x6a, 0x4a, 0x6a, 0x52, 0x8a, 0x52, 0x8b, 0x52,
    0xab, 0x52, 0xab, 0x52, 0xab, 0x52, 0xcb, 0x5a, 0xcc, 0x5a, 0xcc, 0x5a,
    0xec, 0x5a, 0xec, 0x5a, 0x0d, 0x63, 0x0d, 0x63, 0x2d, 0x63, 0x2d, 0x6b,
    0x2d, 0x6b, 0x4d, 0x6b, 0x2d, 0x63, 0x4d, 0x6b, 0x4d, 0x6b, 0x4e, 0x6b,
    0x8f, 0x73, 0xf0, 0x7b, 0x31, 0x8c, 0x72, 0x94, 0xb3, 0x94, 0xd4, 0x9c,
    0x8e, 0x73, 0x6e, 0x6b, 0x4e, 0x6b, 0x2d, 0x6b, 0x2d, 0x63, 0x2d, 0x63,
    0x2d, 0x63, 0x2d, 0x6b, 0x2d, 0x63, 0x2d, 0x6b, 0x6e, 0x6b, 0xaf, 0x7b,
    0x11, 0x84, 0x52, 0x8c, 0x92, 0x94, 0xb3, 0x94, 0xd3, 0x9c, 0xf4, 0x9c,
    0x14, 0xa5, 0x35, 0xa5, 0x35, 0xa5, 0x35, 0xa5, 0x35, 0xad, 0x55, 0xad,
    0x56, 0xad, 0x56, 0xad, 0x76, 0xad, 0x76, 0xad, 0x76, 0xad, 0x55, 0xad,
    0x56, 0xad, 0x56, 0xad, 0x55, 0xad, 0x35, 0xa5, 0x15, 0xa5, 0x14, 0xa5,
    0x14, 0xa5, 0x15, 0xa5, 0x14, 0xa5, 0x14, 0xa5, 0xf5, 0xa4, 0xf4, 0xa4,
    0x14, 0x9d, 0xf4, 0x9c, 0xf4, 0xa4, 0xf4, 0x9c, 0xd4, 0x9c, 0xb3, 0x94,
    0x92, 0x94, 0x72, 0x8c, 0x92, 0x94, 0x93, 0x94, 0xb3, 0x94, 0x93, 0x94,
    0x72, 0x8c, 0x72, 0x8c, 0x92, 0x94, 0x93, 0x94, 0x93, 0x94, 0xb3, 0x9c,
    0x14, 0x9d, 0x35, 0xa5, 0x55, 0xad, 0x56, 0xad, 0x36, 0xad, 0x55, 0xad,
    0x35, 0xa5, 0x35, 0xad, 0x35, 0xad, 0x35, 0xad, 0x15, 0xa5, 0x14, 0xa5,
    0xf4, 0xa4, 0xf4, 0xa4, 0xd3, 0x9c, 0xb3, 0x9c, 0xb3, 0x9c, 0x92, 0x9c,
    0x92, 0x94, 0x72, 0x94, 0x51, 0x8c, 0x31, 0x8c, 0x10, 0x84, 0x10, 0x84,
    0xf0, 0x7b, 0xcf, 0x7b, 0xaf, 0x7b, 0x8f, 0x73, 0x8e, 0x6b, 0x6e, 0x6b,
    0x4d, 0x6b, 0x2d, 0x63, 0x0c, 0x5b, 0xec, 0x5a, 0xcc, 0x5a, 0xcb, 0x5a,
    0xab, 0x52, 0xab, 0x52, 0xab, 0x52, 0x8a, 0x52, 0xab, 0x52, 0xab, 0x52,
    0xab, 0x52, 0xab, 0x52, 0xab, 0x52, 0xab, 0x52, 0xab, 0x52, 0xab, 0x52,
    0xab, 0x52, 0xab, 0x52, 0x8a, 0x52, 0x8b, 0x52, 0x8b, 0x52, 0x8a, 0x52,
    0x8a, 0x52, 0x6a, 0x52, 0x6a, 0x4a, 0x6a, 0x4a, 0x49, 0x4a, 0x49, 0x4a,
    0x49, 0x4a, 0x49, 0x4a, 0x49, 0x4a, 0x69, 0x4a, 0x49, 0x4a, 0x49, 0x4a,
    0x4a, 0x4a, 0x4a, 0x4a, 0x49, 0x4a, 0x69, 0x4a, 0x49, 0x4a, 0x69, 0x4a,
    0x6a, 0x4a, 0x69, 0x52, 0x4a, 0x52, 0x69, 0x4a, 0x69, 0x4a, 0x69, 0x52,
    0x6a, 0x4a, 0x69, 0x4a, 0x49, 0x4a, 0x49, 0x52, 0x49, 0x4a, 0x49, 0x4a,
    0x49, 0x4a, 0x4a, 0x4a, 0x4a, 0x4a, 0x49, 0x4a, 0x6a, 0x4a, 0x49, 0x4a,
    0x4a, 0x4a, 0x4a, 0x4a, 0x6a, 0x4a, 0x6a, 0x52, 0x6a, 0x4a, 0x8b, 0x52,
    0xab, 0x52, 0xab, 0x52, 0xab, 0x52, 0xcb, 0x5a, 0xec, 0x5a, 0xec, 0x5a,
    0xec, 0x5a, 0xec, 0x62, 0x0d, 0x63, 0x0d, 0x63, 0x2d, 0x63, 0x2d, 0x6b,
    0x2d, 0x6b, 0x2d, 0x63, 0x2d, 0x6b, 0x2d, 0x6b, 0x4e, 0x6b, 0xaf, 0x73,
    0x10, 0x84, 0x51, 0x8c, 0x93, 0x94, 0xb3, 0x94, 0xd4, 0x9c, 0xf4, 0xa4,
    0x6e, 0x6b, 0x4d, 0x6b, 0x2d, 0x63, 0x2d, 0x63, 0x2d, 0x63, 0x2d, 0x63,
    0x2d, 0x6b, 0x2d, 0x63, 0x2d, 0x63, 0x6e, 0x6b, 0xaf, 0x73, 0x10, 0x84,
    0x52, 0x8c, 0x92, 0x94, 0xd3, 0x94, 0xd4, 0x9c, 0xf4, 0x9c, 0x14, 0xa5,
    0x35, 0xa5, 0x35, 0xa5, 0x35, 0xa5, 0x55, 0xad, 0x55, 0xa5, 0x55, 0xad,
    0x56, 0xad, 0x76, 0xad, 0x56, 0xad, 0x76, 0xad, 0x76, 0xad, 0x76, 0xad,
    0x55, 0xad, 0x75, 0xad, 0x55, 0xad, 0x35, 0xa5, 0x15, 0xa5, 0x14, 0xa5,
    0x15, 0xa5, 0x15, 0xa5, 0x14, 0xa5, 0x14, 0xa5, 0xf4, 0x9c, 0xf4, 0xa4,
    0xf4, 0xa4, 0xf4, 0x9c, 0xf5, 0xa4, 0xf4, 0x9c, 0xd3, 0x9c, 0xb3, 0x94,
    0x93, 0x94, 0x92, 0x94, 0x72, 0x8c, 0x72, 0x94, 0xb3, 0x94, 0x93, 0x94,
    0x72, 0x94, 0x92, 0x94, 0xb3, 0x94, 0xb3, 0x94, 0xb3, 0x94, 0xd3, 0x9c,
    0xf4, 0x9c, 0x35, 0xa5, 0x35, 0xad, 0x55, 0xad, 0x55, 0xa5, 0x35, 0xad,
    0x55, 0xad, 0x35, 0xa5, 0x35, 0xad, 0x14, 0xa5, 0x14, 0xa5, 0xf4, 0xa4,
    0xf4, 0xa4, 0xd3, 0x9c, 0xd3, 0x9c, 0xb3, 0x9c, 0x92, 0x94, 0x72, 0x94,
    0x72, 0x94, 0x51, 0x8c, 0x31, 0x8c, 0x10, 0x84, 0x10, 0x84, 0xd0, 0x7b,
    0xcf, 0x7b, 0xaf, 0x7b, 0x8e, 0x73, 0x6e, 0x6b, 0x6e, 0x6b, 0x2d, 0x63,
    0x2d, 0x63, 0x0c, 0x63, 0xec, 0x5a, 0xcc, 0x5a, 0xcb, 0x5a, 0xab, 0x52,
    0xab, 0x52, 0x8b, 0x52, 0xab, 0x52, 0x8b, 0x52, 0x8b, 0x4a, 0xab, 0x52,
    0xaa, 0x52, 0xab, 0x52, 0xab, 0x52, 0xab, 0x52, 0xab, 0x52, 0xab, 0x52,
    0xab, 0x52, 0xab, 0x52, 0xab, 0x52, 0x8a, 0x52, 0x8a, 0x52, 0x8a, 0x52,
    0x6a, 0x52, 0x6a, 0x4a, 0x6a, 0x4a, 0x6a, 0x4a, 0x49, 0x4a, 0x49, 0x4a,
    0x4a, 0x4a, 0x4a, 0x4a, 0x4a, 0x4a, 0x49, 0x4a, 0x4a, 0x4a, 0x49, 0x4a,
    0x49, 0x4a, 0x49, 0x4a, 0x49, 0x4a, 0x4a, 0x4a, 0x49, 0x4a, 0x69, 0x52,
    0x69, 0x52, 0x4a, 0x4a, 0x69, 0x52, 0x69, 0x4a, 0x6a, 0x52, 0x6a, 0x52,
    0x69, 0x4a, 0x6a, 0x52, 0x49, 0x52, 0x49, 0x4a, 0x49, 0x4a, 0x49, 0x52,
    0x49, 0x4a, 0x49, 0x4a, 0x49, 0x4a, 0x4a, 0x4a, 0x4a, 0x4a, 0x49, 0x4a,
    0x49, 0x4a, 0x49, 0x4a, 0x6a, 0x4a, 0x4a, 0x4a, 0x6a, 0x52, 0x8a, 0x52,
    0xab, 0x52, 0xcb, 0x5a, 0xab, 0x5a, 0xcb, 0x5a, 0xcc, 0x5a, 0xec, 0x5a,
    0x0c, 0x63, 0x0c, 0x63, 0x0d, 0x63, 0x2d, 0x63, 0x2d, 0x63, 0x2d, 0x63,
    0x2d, 0x63, 0x2d, 0x63, 0x2d, 0x63, 0x4e, 0x6b, 0xaf, 0x7b, 0x10, 0x84,
    0x52, 0x8c, 0x93, 0x94, 0xd3, 0x9c, 0xf4, 0x9c, 0x14, 0xa5, 0x15, 0xa5,
    0x4e, 0x6b, 0x4d, 0x63, 0x2d, 0x63, 0x0d, 0x63, 0x2d, 0x63, 0x2d, 0x63,
    0x2d, 0x63, 0x0d, 0x63, 0x4d, 0x6b, 0xaf, 0x73, 0x11, 0x84, 0x52, 0x8c,
    0x92, 0x94, 0xb3, 0x94, 0xf4, 0x9c, 0xf4, 0xa4, 0x15, 0xa5, 0x35, 0xa5,
    0x55, 0xad, 0x35, 0xa5, 0x35, 0xad, 0x55, 0xad, 0x56, 0xad, 0x76, 0xad,
    0x76, 0xad, 0x76, 0xad, 0x75, 0xad, 0x76, 0xad, 0x76, 0xad, 0x76, 0xad,
    0x56, 0xad, 0x55, 0xad, 0x55, 0xad, 0x35, 0xa5, 0x15, 0xa5, 0x15, 0xa5,
    0x14, 0xa5, 0x14, 0xa5, 0x14, 0xa5, 0xf5, 0xa4, 0xf4, 0xa4, 0xf4, 0x9c,
    0xf4, 0xa4, 0xf4, 0xa4, 0xf4, 0x9c, 0xd4, 0x9c, 0xb3, 0x9c, 0x92, 0x94,
    0x93, 0x94, 0x93, 0x94, 0x72, 0x8c, 0x72, 0x94, 0xb3, 0x94, 0xb3, 0x94,
    0xb3, 0x94, 0xb3, 0x94, 0xd3, 0x9c, 0xd3, 0x9c, 0xd4, 0x9c, 0xf4, 0x9c,
    0xf4, 0xa4, 0x14, 0xa5, 0x35, 0xa5, 0x55, 0xad, 0x55, 0xad, 0x35, 0xa5,
    0x35, 0xad, 0x35, 0xa5, 0x15, 0xa5, 0x14, 0xa5, 0xf4, 0xa4, 0xf4, 0xa4,
    0xd3, 0xa4, 0xd3, 0x9c, 0xb3, 0x9c, 0x92, 0x9c, 0x92, 0x94, 0x72, 0x94,
    0x51, 0x8c, 0x31, 0x8c, 0x10, 0x84, 0xf0, 0x83, 0xf0, 0x83, 0xaf, 0x7b,
    0xaf, 0x73, 0x8e, 0x73, 0x6e, 0x6b, 0x4e, 0x6b, 0x4d, 0x6b, 0x0d, 0x63,
    0x0c, 0x63, 0xec, 0x5a, 0xcc, 0x5a, 0xab, 0x52, 0xab, 0x52, 0xab, 0x52,
    0xab, 0x52, 0x8b, 0x52, 0xaa, 0x52, 0xab, 0x52, 0xab, 0x52, 0x8a, 0x4a,
    0x8b, 0x52, 0x8b, 0x52, 0xab, 0x52, 0x8b, 0x52, 0xab, 0x52, 0xab, 0x52,
    0xab, 0x52, 0xab, 0x52, 0xab, 0x52, 0xaa, 0x52, 0x8a, 0x52, 0x8a, 0x52,
    0x8a, 0x52, 0x6a, 0x4a, 0x6a, 0x4a, 0x6a, 0x4a, 0x6a, 0x4a, 0x49, 0x4a,
    0x4a, 0x4a, 0x49, 0x4a, 0x69, 0x4a, 0x4a, 0x4a, 0x49, 0x4a, 0x49, 0x4a,
    0x49, 0x4a, 0x4a, 0x4a, 0x4a, 0x4a, 0x69, 0x4a, 0x4a, 0x4a, 0x4a, 0x52,
    0x69, 0x52, 0x6a, 0x52, 0x6a, 0x4a, 0x69, 0x52, 0x6a, 0x52, 0x6a, 0x4a,
    0x69, 0x52, 0x69, 0x52, 0x6a, 0x4a, 0x69, 0x4a, 0x49, 0x52, 0x49, 0x4a,
    0x4a, 0x4a, 0x49, 0x52, 0x4a, 0x4a, 0x49, 0x4a, 0x49, 0x4a, 0x49, 0x4a,
    0x49, 0x4a, 0x4a, 0x4a, 0x49, 0x4a, 0x69, 0x4a, 0x6a, 0x52, 0x8a, 0x52,
    0xab, 0x52, 0xcb, 0x5a, 0xcc, 0x5a, 0xcc, 0x5a, 0xec, 0x5a, 0x0c, 0x63,
    0x0d, 0x63, 0x0d, 0x63, 0x0d, 0x63, 0x2d, 0x63, 0x0d, 0x63, 0x2d, 0x63,
    0x0c, 0x63, 0x0d, 0x63, 0x6e, 0x6b, 0xcf, 0x7b, 0x31, 0x84, 0x72, 0x8c,
    0x93, 0x94, 0xd3, 0x9c, 0xf4, 0x9c, 0x14, 0xa5, 0x35, 0xa5, 0x55, 0xad,
    0x4e, 0x6b, 0x2d, 0x63, 0x2d, 0x63, 0x0d, 0x63, 0x0d, 0x63, 0x2d, 0x63,
    0x2d, 0x63, 0x2d, 0x63, 0x8e, 0x73, 0xf0, 0x83, 0x52, 0x8c, 0x92, 0x94,
    0xb3, 0x94, 0xf4, 0x9c, 0xf4, 0xa4, 0x35, 0xa5, 0x55, 0xad, 0x55, 0xad,
    0x55, 0xad, 0x56, 0xa5, 0x56, 0xad, 0x55, 0xad, 0x76, 0xad, 0x56, 0xad,
    0x56, 0xad, 0x56, 0xad, 0x56, 0xad, 0x55, 0xad, 0x55, 0xad, 0x56, 0xad,
    0x56, 0xad, 0x56, 0xad, 0x55, 0xad, 0x35, 0xa5, 0x35, 0xa5, 0x14, 0xa5,
    0x14, 0xa5, 0x15, 0xa5, 0xf4, 0xa4, 0x14, 0xa5, 0xf5, 0xa4, 0x14, 0xa5,
    0xf4, 0x9c, 0xf4, 0x9c, 0xf4, 0xa4, 0xd4, 0x9c, 0xb3, 0x94, 0x72, 0x8c,
    0x72, 0x94, 0x93, 0x94, 0x92, 0x94, 0x93, 0x94, 0xd3, 0x9c, 0xd4, 0x9c,
    0xf4, 0x9c, 0xf4, 0x9c, 0xd4, 0x9c, 0xf4, 0x9c, 0xf4, 0x9c, 0xf4, 0x9c,
    0x14, 0xa5, 0x15, 0xa5, 0x35, 0xa5, 0x35, 0xad, 0x35, 0xad, 0x35, 0xad,
    0x35, 0xad, 0x35, 0xa5, 0x14, 0xa5, 0xf4, 0xa4, 0xf4, 0xa4, 0xd3, 0x9c,
    0xb3, 0x9c, 0xb3, 0x9c, 0x92, 0x94, 0x92, 0x94, 0x72, 0x94, 0x51, 0x8c,
    0x31, 0x8c, 0x31, 0x84, 0xf0, 0x83, 0xcf, 0x83, 0xcf, 0x7b, 0xaf, 0x73,
    0x8e, 0x73, 0x6e, 0x73, 0x4e, 0x6b, 0x2d, 0x63, 0x0d, 0x63, 0x0c, 0x63,
    0xec, 0x5a, 0xcc, 0x5a, 0xab, 0x52, 0xab, 0x52, 0xab, 0x52, 0xab, 0x52,
    0x8a, 0x52, 0xab, 0x52, 0xab, 0x52, 0x8a, 0x52, 0x8b, 0x52, 0xab, 0x52,
    0xab, 0x52, 0x8b, 0x52, 0xaa, 0x52, 0xab, 0x52, 0x8b, 0x52, 0xab, 0x52,
    0xab, 0x52, 0xab, 0x52, 0xab, 0x52, 0xab, 0x52, 0xab, 0x52, 0x8b, 0x52,
    0x8a, 0x52, 0x8a, 0x52, 0x6a, 0x4a, 0x6a, 0x52, 0x6a, 0x4a, 0x4a, 0x4a,
    0x49, 0x4a, 0x69, 0x4a, 0x49, 0x4a, 0x49, 0x4a, 0x6a, 0x4a, 0x4a, 0x4a,
    0x4a, 0x4a, 0x49, 0x4a, 0x49, 0x4a, 0x49, 0x4a, 0x49, 0x4a, 0x4a, 0x4a,
    0x69, 0x4a, 0x6a, 0x52, 0x6a, 0x52, 0x69, 0x4a, 0x6a, 0x52, 0x69, 0x52,
    0x6a, 0x4a, 0x6a, 0x52, 0x69, 0x52, 0x69, 0x4a, 0x49, 0x4a, 0x49, 0x4a,
    0x49, 0x4a, 0x49, 0x4a, 0x49, 0x4a, 0x4a, 0x4a, 0x49, 0x4a, 0x4a, 0x4a,
    0x4a, 0x4a, 0x49, 0x4a, 0x4a, 0x4a, 0x6a, 0x4a, 0x8a, 0x52, 0x8b, 0x52,
    0xab, 0x52, 0xcb, 0x5a, 0xcc, 0x5a, 0xcc, 0x5a, 0xec, 0x5a, 0xec, 0x62,
    0x0d, 0x63, 0x0d, 0x63, 0x0d, 0x63, 0x0d, 0x63, 0x0c, 0x63, 0x0d, 0x63,
    0x2d, 0x63, 0x6e, 0x73, 0xd0, 0x7b, 0x31, 0x84, 0x72, 0x94, 0xb3, 0x94,
    0xd3, 0x9c, 0xf4, 0x9c, 0x15, 0xa5, 0x35, 0xad, 0x55, 0xad, 0x56, 0xad,
    0x2d, 0x6b, 0x4d, 0x63, 0x2d, 0x63, 0x0d, 0x63, 0x0c, 0x63, 0x0d, 0x63,
    0x2d, 0x63, 0x6e, 0x6b, 0xf0, 0x7b, 0x31, 0x84, 0x72, 0x94, 0xb3, 0x94,
    0xd4, 0x9c, 0x14, 0x9d, 0x35, 0xa5, 0x55, 0xad, 0x76, 0xad, 0x56, 0xad,
    0x55, 0xad, 0x55, 0xad, 0x55, 0xad, 0x56, 0xad, 0x76, 0xad, 0x76, 0xad,
    0x55, 0xad, 0x55, 0xa5, 0x56, 0xa5, 0x56, 0xad, 0x55, 0xa5, 0x56, 0xa5,
    0x55, 0xad, 0x55, 0xad, 0x56, 0xad, 0x55, 0xad, 0x35, 0xa5, 0x15, 0xa5,
    0x14, 0xa5, 0x14, 0xa5, 0x15, 0xa5, 0x14, 0xa5, 0x14, 0x9d, 0x14, 0x9d,
    0xf4, 0xa4, 0xf4, 0x9c, 0xf4, 0x9c, 0x15, 0xa5, 0xf4, 0x9c, 0xb3, 0x94,
    0x72, 0x8c, 0x52, 0x8c, 0x72, 0x94, 0xb3, 0x94, 0xd4, 0x9c, 0xf4, 0xa4,
    0x14, 0xa5, 0x15, 0xa5, 0x14, 0xa5, 0xf4, 0x9c, 0xf4, 0x9c, 0xf4, 0xa4,
    0x15, 0xa5, 0x35, 0xa5, 0x35, 0xa5, 0x35, 0xad, 0x35, 0xa5, 0x35, 0xa5,
    0x14, 0xa5, 0x14, 0xa5, 0x14, 0xa5, 0xf4, 0xa4, 0xd3, 0x9c, 0xd3, 0x9c,
    0xb3, 0x9c, 0xb2, 0x9c, 0x92, 0x94, 0x72, 0x94, 0x51, 0x8c, 0x31, 0x8c,
    0x10, 0x84, 0xf0, 0x83, 0xf0, 0x83, 0xcf, 0x7b, 0xaf, 0x73, 0x8e, 0x73,
    0x6e, 0x6b, 0x4d, 0x6b, 0x2d, 0x6b, 0x0d, 0x63, 0x0c, 0x5b, 0xec, 0x5a,
    0xcb, 0x5a, 0xab, 0x52, 0xab, 0x52, 0x8a, 0x52, 0x8b, 0x52, 0x8b, 0x52,
    0x8b, 0x52, 0xab, 0x52, 0x8b, 0x52, 0x8b, 0x52, 0xab, 0x4a, 0xaa, 0x52,
    0x8b, 0x52, 0xab, 0x52, 0xaa, 0x52, 0xab, 0x52, 0xab, 0x52, 0xab, 0x52,
    0xab, 0x52, 0xab, 0x52, 0xab, 0x52, 0xab, 0x5a, 0xab, 0x52, 0x8b, 0x52,
    0x8a, 0x52, 0x8a, 0x52, 0x8a, 0x52, 0x6a, 0x4a, 0x6a, 0x4a, 0x6a, 0x4a,
    0x49, 0x4a, 0x4a, 0x4a, 0x4a, 0x4a, 0x6a, 0x4a, 0x49, 0x4a, 0x49, 0x4a,
    0x69, 0x4a, 0x49, 0x4a, 0x49, 0x4a, 0x6a, 0x4a, 0x69, 0x4a, 0x49, 0x52,
    0x69, 0x4a, 0x69, 0x4a, 0x6a, 0x52, 0x6a, 0x52, 0x69, 0x4a, 0x6a, 0x52,
    0x6a, 0x52, 0x69, 0x4a, 0x6a, 0x52, 0x69, 0x52, 0x69, 0x52, 0x49, 0x4a,
    0x49, 0x4a, 0x49, 0x4a, 0x49, 0x4a, 0x49, 0x4a, 0x4a, 0x4a, 0x4a, 0x4a,
    0x49, 0x4a, 0x69, 0x4a, 0x6a, 0x4a, 0x6a, 0x4a, 0x6a, 0x52, 0x8a, 0x52,
    0xab, 0x52, 0xcc, 0x5a, 0xec, 0x5a, 0xec, 0x5a, 0xec, 0x5a, 0xec, 0x5a,
    0xec, 0x62, 0x0d, 0x63, 0x0c, 0x63, 0x0c, 0x5b, 0x0c, 0x63, 0x2d, 0x63,
    0x8f, 0x73, 0xf0, 0x7b, 0x31, 0x84, 0x72, 0x94, 0xb3, 0x94, 0xd4, 0x9c,
    0xf4, 0xa4, 0x14, 0xa5, 0x55, 0xa5, 0x56, 0xad, 0x75, 0xad, 0x76, 0xad,
    0x2d, 0x63, 0x2d, 0x6b, 0x2d, 0x6b, 0x0d, 0x63, 0x0d, 0x63, 0x0c, 0x63,
    0x4e, 0x6b, 0xcf, 0x7b, 0x31, 0x84, 0x52, 0x8c, 0xb3, 0x94, 0xd4, 0x9c,
    0x14, 0xa5, 0x35, 0xa5, 0x35, 0xad, 0x55, 0xad, 0x55, 0xad, 0x56, 0xad,
    0x56, 0xad, 0x75, 0xad, 0x56, 0xad, 0x56, 0xad, 0x76, 0xad, 0x55, 0xa5,
    0x55, 0xad, 0x56, 0xad, 0x55, 0xa5, 0x35, 0xa5, 0x35, 0xa5, 0x35, 0xa5,
    0x55, 0xa5, 0x55, 0xad, 0x56, 0xad, 0x55, 0xad, 0x35, 0xa5, 0x15, 0xa5,
    0x14, 0xa5, 0x14, 0xa5, 0x14, 0xa5, 0x14, 0xa5, 0xf4, 0xa4, 0xf4, 0x9c,
    0xf4, 0xa4, 0xf4, 0xa4, 0xf4, 0x9c, 0xf4, 0xa4, 0x15, 0xa5, 0x14, 0xa5,
    0xd4, 0x9c, 0x92, 0x94, 0x72, 0x8c, 0x93, 0x94, 0xd4, 0x9c, 0x14, 0xa5,
    0x14, 0xa5, 0x15, 0xa5, 0x35, 0xa5, 0x14, 0xa5, 0xf4, 0x9c, 0xf4, 0x9c,
    0x35, 0xa5, 0x35, 0xad, 0x35, 0xad, 0x35, 0xa5, 0x35, 0xa5, 0x35, 0xa5,
    0x14, 0xa5, 0x14, 0xa5, 0xf4, 0xa4, 0xd3, 0xa4, 0xd3, 0x9c, 0xb3, 0x9c,
    0x93, 0x9c, 0x92, 0x94, 0x72, 0x94, 0x51, 0x8c, 0x31, 0x8c, 0x11, 0x84,
    0x10, 0x84, 0xf0, 0x83, 0xcf, 0x7b, 0xaf, 0x7b, 0x8e, 0x73, 0x4e, 0x6b,
    0x4d, 0x6b, 0x2d, 0x63, 0x0c, 0x63, 0x0c, 0x5b, 0xec, 0x5a, 0xcb, 0x5a,
    0xab, 0x52, 0xab, 0x52, 0xab, 0x52, 0x8b, 0x52, 0xaa, 0x4a, 0x8b, 0x4a,
    0xab, 0x52, 0x8a, 0x4a, 0xaa, 0x4a, 0x8b, 0x52, 0xab, 0x52, 0x8a, 0x4a,
    0x8a, 0x4a, 0x8b, 0x52, 0xab, 0x52, 0xab, 0x52, 0xab, 0x52, 0xab, 0x52,
    0xab, 0x52, 0xab, 0x52, 0xab, 0x52, 0xab, 0x52, 0xab, 0x52, 0xaa, 0x52,
    0x8a, 0x52, 0x8b, 0x52, 0x8a, 0x52, 0x6a, 0x4a, 0x6a, 0x52, 0x6a, 0x4a,
    0x6a, 0x4a, 0x49, 0x4a, 0x49, 0x52, 0x4a, 0x4a, 0x49, 0x4a, 0x49, 0x4a,
    0x49, 0x4a, 0x4a, 0x4a, 0x4a, 0x4a, 0x4a, 0x4a, 0x6a, 0x4a, 0x69, 0x4a,
    0x4a, 0x52, 0x49, 0x52, 0x69, 0x4a, 0x6a, 0x52, 0x6a, 0x52, 0x6a, 0x52,
    0x69, 0x52, 0x6a, 0x52, 0x6a, 0x4a, 0x69, 0x52, 0x6a, 0x52, 0x49, 0x4a,
    0x49, 0x4a, 0x49, 0x52, 0x49, 0x4a, 0x49, 0x4a, 0x49, 0x4a, 0x49, 0x4a,
    0x6a, 0x4a, 0x6a, 0x52, 0x6a, 0x4a, 0x6a, 0x4a, 0x8a, 0x52, 0x8b, 0x52,
    0xab, 0x52, 0xcb, 0x5a, 0xec, 0x5a, 0xec, 0x5a, 0xec, 0x62, 0xec, 0x62,
    0xec, 0x5a, 0xec, 0x62, 0xec, 0x62, 0x0c, 0x63, 0x4d, 0x6b, 0xaf, 0x73,
    0xf0, 0x83, 0x51, 0x8c, 0x92, 0x8c, 0xb3, 0x94, 0xf4, 0x9c, 0x14, 0xa5,
    0x15, 0xa5, 0x35, 0xa5, 0x55, 0xad, 0x56, 0xad, 0x56, 0xad, 0x55, 0xad,
    0x2d, 0x63, 0x2d, 0x63, 0x2d, 0x63, 0x2d, 0x63, 0x0c, 0x63, 0x4d, 0x6b,
    0xaf, 0x73, 0x11, 0x84, 0x52, 0x8c, 0x92, 0x94, 0xd3, 0x9c, 0xf4, 0x9c,
    0x35, 0xa5, 0x35, 0xa5, 0x56, 0xad, 0x76, 0xad, 0x56, 0xad, 0x56, 0xad,
    0x56, 0xad, 0x56, 0xad, 0x56, 0xad, 0x55, 0xad, 0x76, 0xad, 0x56, 0xa5,
    0x55, 0xa5, 0x35, 0xa5, 0x35, 0xa5, 0x35, 0xa5, 0x15, 0xa5, 0x15, 0xa5,
    0x35, 0xa5, 0x55, 0xa5, 0x55, 0xad, 0x55, 0xad, 0x35, 0xa5, 0x15, 0xa5,
    0x14, 0xa5, 0xf4, 0xa4, 0xf5, 0xa4, 0x14, 0x9d, 0x15, 0xa5, 0xf5, 0xa4,
    0xf4, 0xa4, 0x14, 0x9d, 0xf4, 0x9c, 0xf4, 0xa4, 0x14, 0xa5, 0x15, 0xa5,
    0x14, 0xa5, 0xf4, 0x9c, 0xb3, 0x94, 0xb3, 0x94, 0xd3, 0x9c, 0xf4, 0xa4,
    0x15, 0xa5, 0x15, 0xa5, 0x15, 0xa5, 0x14, 0xa5, 0xf4, 0x9c, 0xd3, 0x9c,
    0xf4, 0x9c, 0x35, 0xa5, 0x35, 0xad, 0x35, 0xa5, 0x35, 0xa5, 0x14, 0xa5,
    0x14, 0xa5, 0xf4, 0xa4, 0xd4, 0xa4, 0xd3, 0x9c, 0xb3, 0x9c, 0x92, 0x94,
    0x92, 0x94, 0x72, 0x94, 0x51, 0x8c, 0x31, 0x8c, 0x10, 0x8c, 0x10, 0x84,
    0xf0, 0x7b, 0xcf, 0x7b, 0xaf, 0x7b, 0x8e, 0x73, 0x4e, 0x6b, 0x2d, 0x6b,
    0x2d, 0x63, 0x0c, 0x63, 0xec, 0x62, 0xcc, 0x5a, 0xcb, 0x5a, 0xab, 0x52,
    0xab, 0x52, 0x8b, 0x52, 0x8b, 0x52, 0x8a, 0x52, 0x8b, 0x52, 0xaa, 0x52,
    0x8a, 0x52, 0x8b, 0x52, 0xab, 0x52, 0xab, 0x52, 0x8a, 0x52, 0xab, 0x52,
    0x8b, 0x52, 0xab, 0x4a, 0xab, 0x52, 0xab, 0x52, 0xab, 0x52, 0xab, 0x52,
    0xab, 0x52, 0xab, 0x52, 0xab, 0x52, 0xab, 0x52, 0xab, 0x52, 0xab, 0x5a,
    0xab, 0x52, 0x8a, 0x52, 0x8b, 0x52, 0x8a, 0x52, 0x6a, 0x4a, 0x6a, 0x4a,
    0x6a, 0x4a, 0x6a, 0x4a, 0x49, 0x4a, 0x49, 0x4a, 0x6a, 0x4a, 0x4a, 0x4a,
    0x4a, 0x4a, 0x49, 0x4a, 0x49, 0x4a, 0x49, 0x4a, 0x4a, 0x4a, 0x69, 0x4a,
    0x6a, 0x4a, 0x4a, 0x52, 0x69, 0x52, 0x6a, 0x52, 0x6a, 0x52, 0x8a, 0x52,
    0x8a, 0x52, 0x69, 0x52, 0x6a, 0x52, 0x69, 0x4a, 0x6a, 0x4a, 0x69, 0x52,
    0x49, 0x4a, 0x49, 0x4a, 0x49, 0x4a, 0x49, 0x4a, 0x49, 0x4a, 0x4a, 0x4a,
    0x6a, 0x52, 0x8a, 0x52, 0x6a, 0x52, 0x8a, 0x52, 0x8a, 0x52, 0x8b, 0x52,
    0xab, 0x52, 0xcb, 0x5a, 0xec, 0x5a, 0xec, 0x5a, 0xec, 0x5a, 0xec, 0x62,
    0xec, 0x5a, 0xec, 0x5a, 0x0d, 0x63, 0x6e, 0x6b, 0xb0, 0x7b, 0x11, 0x84,
    0x52, 0x8c, 0x93, 0x94, 0xd3, 0x9c, 0xd4, 0x9c, 0x14, 0xa5, 0x14, 0xa5,
    0x15, 0xa5, 0x15, 0xa5, 0x14, 0xa5, 0xf4, 0xa4, 0x55, 0xad, 0x55, 0xad,
    0x0d, 0x63, 0x2d, 0x63, 0x2d, 0x63, 0x2d, 0x63, 0x4d, 0x6b, 0xaf, 0x73,
    0x11, 0x7c, 0x52, 0x8c, 0x92, 0x94, 0xd3, 0x9c, 0xf4, 0x9c, 0x15, 0xa5,
    0x35, 0xa5, 0x55, 0xad, 0x76, 0xad, 0x76, 0xad, 0x56, 0xad, 0x55, 0xad,
    0x75, 0xad, 0x55, 0xad, 0x56, 0xa5, 0x56, 0xad, 0x55, 0xad, 0x35, 0xa5,
    0x35, 0xa5, 0x35, 0xa5, 0x35, 0xa5, 0x15, 0xa5, 0x15, 0x9d, 0xf4, 0x9c,
    0x15, 0xa5, 0x35, 0xa5, 0x35, 0xa5, 0x35, 0xad, 0x55, 0xad, 0x35, 0xa5,
    0x14, 0xa5, 0x14, 0xa5, 0xf5, 0xa4, 0x14, 0xa5, 0x14, 0x9d, 0x14, 0xa5,
    0xf4, 0x9c, 0xf4, 0xa4, 0xf4, 0x9c, 0xf4, 0xa4, 0xf4, 0xa4, 0x15, 0xa5,
    0x15, 0xa5, 0x35, 0xa5, 0x14, 0xa5, 0x14, 0xa5, 0xf4, 0x9c, 0x14, 0xa5,
    0x15, 0xa5, 0x34, 0xa5, 0x14, 0xa5, 0xf4, 0xa4, 0xf4, 0x9c, 0xf4, 0x9c,
    0xb3, 0x94, 0xd4, 0x9c, 0x35, 0xa5, 0x35, 0xa5, 0x14, 0xa5, 0xf4, 0xa4,
    0xf4, 0xa4, 0xf4, 0x9c, 0xd3, 0x9c, 0xb3, 0x9c, 0xb3, 0x9c, 0x92, 0x94,
    0x72, 0x94, 0x51, 0x8c, 0x31, 0x8c, 0x11, 0x84, 0x10, 0x84, 0xf0, 0x83,
    0xcf, 0x7b, 0xaf, 0x7b, 0x8e, 0x73, 0x6e, 0x6b, 0x4d, 0x6b, 0x2d, 0x63,
    0x0d, 0x63, 0x0c, 0x63, 0xec, 0x5a, 0xcb, 0x5a, 0xab, 0x52, 0xab, 0x52,
    0x8b, 0x52, 0x8b, 0x52, 0x8a, 0x52, 0x8b, 0x4a, 0x8b, 0x52, 0x8b, 0x52,
    0x8b, 0x52, 0x8a, 0x52, 0x8b, 0x52, 0xab, 0x4a, 0xab, 0x52, 0x8b, 0x52,
    0xab, 0x52, 0xab, 0x52, 0x8a, 0x52, 0xab, 0x52, 0xab, 0x52, 0xaa, 0x52,
    0xab, 0x52, 0xab, 0x52, 0xab, 0x52, 0xab, 0x52, 0xab, 0x52, 0xab, 0x52,
    0xab, 0x52, 0xab, 0x52, 0x8a, 0x52, 0x8a, 0x52, 0x8a, 0x52, 0x6a, 0x4a,
    0x6a, 0x4a, 0x6a, 0x52, 0x6a, 0x4a, 0x49, 0x4a, 0x6a, 0x52, 0x69, 0x4a,
    0x49, 0x4a, 0x6a, 0x52, 0x49, 0x4a, 0x49, 0x4a, 0x49, 0x4a, 0x49, 0x4a,
    0x4a, 0x52, 0x69, 0x4a, 0x49, 0x4a, 0x6a, 0x4a, 0x6a, 0x52, 0x6a, 0x52,
    0x8a, 0x52, 0x6a, 0x52, 0x69, 0x52, 0x6a, 0x52, 0x69, 0x52, 0x69, 0x4a,
    0x69, 0x4a, 0x49, 0x4a, 0x49, 0x4a, 0x49, 0x4a, 0x49, 0x4a, 0x4a, 0x4a,
    0x6a, 0x4a, 0x8a, 0x52, 0x8a, 0x52, 0x8b, 0x52, 0x8b, 0x52, 0xab, 0x52,
    0xab, 0x5a, 0xcb, 0x5a, 0xcc, 0x5a, 0xec, 0x5a, 0xec, 0x5a, 0xec, 0x5a,
    0xec, 0x5a, 0x0c, 0x63, 0x6e, 0x6b, 0xd0, 0x7b, 0x31, 0x84, 0x72, 0x8c,
    0xb3, 0x94, 0xd3, 0x9c, 0xf4, 0x9c, 0x15, 0xa5, 0x15, 0xa5, 0x15, 0xa5,
    0x14, 0xa5, 0xf4, 0x9c, 0xf4, 0x9c, 0xb3, 0x94, 0xb3, 0x9c, 0x35, 0xa5,
    0x0c, 0x63, 0x0d, 0x63, 0x0d, 0x63, 0x2d, 0x6b, 0xaf, 0x73, 0xf0, 0x7b,
    0x31, 0x8c, 0x72, 0x8c, 0xb3, 0x94, 0xd4, 0x9c, 0x15, 0xa5, 0x35, 0xa5,
    0x55, 0xad, 0x76, 0xad, 0x56, 0xad, 0x55, 0xad, 0x75, 0xad, 0x56, 0xad,
    0x56, 0xad, 0x55, 0xad, 0x56, 0xad, 0x55, 0xad, 0x55, 0xa5, 0x35, 0xa5,
    0x35, 0xa5, 0x35, 0xa5, 0x15, 0xa5, 0x14, 0x9d, 0xf4, 0x9c, 0xf4, 0x9c,
    0x15, 0x9d, 0x35, 0xa5, 0x35, 0xa5, 0x35, 0xa5, 0x35, 0xad, 0x35, 0xa5,
    0x14, 0xa5, 0xf4, 0xa4, 0x14, 0xa5, 0xf4, 0xa4, 0x14, 0xa5, 0x14, 0xa5,
    0xf4, 0x9c, 0xf4, 0x9c, 0xf5, 0xa4, 0xf4, 0x9c, 0xf4, 0xa4, 0x15, 0xa5,
    0x14, 0xa5, 0x15, 0xa5, 0x15, 0xa5, 0x15, 0xa5, 0x14, 0xa5, 0x14, 0xa5,
    0x15, 0xa5, 0x15, 0xa5, 0x14, 0xa5, 0x14, 0xa5, 0x14, 0x9d, 0xf4, 0xa4,
    0xb3, 0x9c, 0x93, 0x94, 0xb3, 0x94, 0xf4, 0x9c, 0x14, 0xa5, 0xf4, 0xa4,
    0xf4, 0xa4, 0xd3, 0x9c, 0xb3, 0x9c, 0x92, 0x94, 0x92, 0x94, 0x72, 0x94,
    0x51, 0x8c, 0x31, 0x8c, 0x31, 0x8c, 0x10, 0x84, 0xf0, 0x83, 0xcf, 0x7b,
    0xaf, 0x73, 0x8e, 0x73, 0x6e, 0x6b, 0x2d, 0x6b, 0x2d, 0x6b, 0x0d, 0x63,
    0x0c, 0x5b, 0xec, 0x5a, 0xcb, 0x5a, 0xcb, 0x52, 0xab, 0x52, 0x8b, 0x52,
    0x8a, 0x4a, 0x8b, 0x4a, 0x8b, 0x52, 0xaa, 0x52, 0xaa, 0x4a, 0x8b, 0x52,
    0x8b, 0x4a, 0xab, 0x4a, 0x8a, 0x52, 0xab, 0x52, 0x8a, 0x52, 0x8b, 0x52,
    0x8b, 0x52, 0xaa, 0x52, 0x8b, 0x52, 0xab, 0x52, 0xab, 0x4a, 0xab, 0x52,
    0xab, 0x52, 0xab, 0x52, 0xab, 0x52, 0xab, 0x52, 0xab, 0x52, 0xab, 0x5a,
    0xab, 0x52, 0xab, 0x5a, 0xaa, 0x52, 0x8a, 0x52, 0x8b, 0x52, 0x6a, 0x52,
    0x6a, 0x4a, 0x6a, 0x4a, 0x6a, 0x4a, 0x6a, 0x4a, 0x49, 0x4a, 0x4a, 0x4a,
    0x69, 0x4a, 0x6a, 0x4a, 0x6a, 0x4a, 0x6a, 0x4a, 0x4a, 0x4a, 0x4a, 0x4a,
    0x6a, 0x4a, 0x49, 0x4a, 0x69, 0x52, 0x69, 0x52, 0x6a, 0x52, 0x6a, 0x52,
    0x8a, 0x52, 0x8a, 0x52, 0x8a, 0x52, 0x69, 0x52, 0x6a, 0x52, 0x6a, 0x52,
    0x6a, 0x4a, 0x69, 0x52, 0x49, 0x52, 0x49, 0x4a, 0x6a, 0x52, 0x6a, 0x52,
    0x6a, 0x52, 0x8a, 0x52, 0x8a, 0x52, 0x8b, 0x52, 0xab, 0x52, 0xab, 0x52,
    0xab, 0x5a, 0xcb, 0x5a, 0xcb, 0x5a, 0xcc, 0x5a, 0xcc, 0x5a, 0xec, 0x5a,
    0x2d, 0x63, 0x6e, 0x73, 0xd0, 0x7b, 0x31, 0x84, 0x92, 0x94, 0xb3, 0x94,
    0xd3, 0x9c, 0xf4, 0xa4, 0x15, 0xa5, 0x35, 0xa5, 0x15, 0xa5, 0x14, 0xa5,
    0x14, 0xa5, 0xf4, 0x9c, 0xf4, 0xa4, 0xb3, 0x94, 0x31, 0x84, 0x72, 0x8c,
    0x0c, 0x63, 0x0c, 0x63, 0x2d, 0x63, 0x8e, 0x73, 0xf0, 0x83, 0x51, 0x8c,
    0x72, 0x8c, 0xb3, 0x94, 0xd3, 0x9c, 0xd3, 0x9c, 0x15, 0xa5, 0x55, 0xad,
    0x56, 0xad, 0x76, 0xad, 0x75, 0xad, 0x76, 0xad, 0x56, 0xad, 0x56, 0xad,
    0x55, 0xa5, 0x56, 0xad, 0x56, 0xad, 0x35, 0xa5, 0x35, 0xa5, 0x35, 0xa5,
    0x15, 0xa5, 0x15, 0xa5, 0x14, 0x9d, 0xf4, 0x9c, 0xf4, 0x9c, 0xf4, 0x9c,
    0xf4, 0x9c, 0x14, 0xa5, 0x35, 0xa5, 0x35, 0xa5, 0x35, 0xad, 0x35, 0xa5,
    0x14, 0xa5, 0x14, 0xa5, 0x14, 0xa5, 0x14, 0x9d, 0x15, 0xa5, 0xf5, 0xa4,
    0xf4, 0xa4, 0xf4, 0xa4, 0x14, 0xa5, 0xf4, 0x9c, 0xf4, 0x9c, 0xf4, 0xa4,
    0x15, 0xa5, 0x14, 0xa5, 0x35, 0xa5, 0x14, 0xa5, 0x15, 0xa5, 0x34, 0xa5,
    0x35, 0xa5, 0x15, 0xa5, 0x14, 0xa5, 0xf4, 0x9c, 0xd4, 0x9c, 0xf4, 0x9c,
    0xf4, 0x9c, 0xb3, 0x94, 0x93, 0x94, 0x92, 0x94, 0xd4, 0x9c, 0xf4, 0x9c,
    0xd4, 0x9c, 0xb3, 0x9c, 0xb2, 0x9c, 0x72, 0x94, 0x72, 0x94, 0x51, 0x8c,
    0x31, 0x8c, 0x10, 0x8c, 0x10, 0x84, 0xf0, 0x83, 0xcf, 0x7b, 0xaf, 0x73,
    0x8e, 0x73, 0x6e, 0x6b, 0x4d, 0x6b, 0x2d, 0x63, 0x0d, 0x63, 0x0c, 0x63,
    0xec, 0x5a, 0xcc, 0x5a, 0xab, 0x52, 0xab, 0x52, 0xab, 0x52, 0x8b, 0x52,
    0x8b, 0x52, 0x8a, 0x52, 0xaa, 0x52, 0x8b, 0x52, 0x8b, 0x52, 0x8a, 0x52,
    0x8a, 0x52, 0x8a, 0x52, 0xab, 0x52, 0xab, 0x52, 0x8b, 0x52, 0xaa, 0x52,
    0xab, 0x52, 0x8b, 0x52, 0xab, 0x52, 0x8b, 0x52, 0xab, 0x52, 0x8b, 0x52,
    0xab, 0x52, 0xab, 0x52, 0xab, 0x52, 0xab, 0x52, 0xab, 0x52, 0xab, 0x52,
    0xab, 0x52, 0xab, 0x52, 0xab, 0x52, 0xab, 0x52, 0x8a, 0x52, 0x8a, 0x52,
    0x6a, 0x52, 0x6a, 0x4a, 0x6a, 0x4a, 0x6a, 0x4a, 0x6a, 0x4a, 0x69, 0x4a,
    0x4a, 0x4a, 0x49, 0x4a, 0x49, 0x4a, 0x4a, 0x4a, 0x6a, 0x4a, 0x49, 0x4a,
    0x69, 0x4a, 0x6a, 0x4a, 0x69, 0x52, 0x6a, 0x4a, 0x49, 0x4a, 0x6a, 0x52,
    0x8a, 0x52, 0x8a, 0x52, 0x6a, 0x52, 0x6a, 0x4a, 0x69, 0x52, 0x6a, 0x4a,
    0x69, 0x52, 0x69, 0x52, 0x6a, 0x4a, 0x6a, 0x52, 0x6a, 0x52, 0x6a, 0x52,
    0x6a, 0x52, 0x8a, 0x52, 0xab, 0x52, 0xab, 0x52, 0xab, 0x52, 0xab, 0x5a,
    0xab, 0x52, 0xab, 0x52, 0xab, 0x5a, 0xab, 0x5a, 0xec, 0x5a, 0x2d, 0x6b,
    0x8f, 0x73, 0xf0, 0x7b, 0x51, 0x8c, 0x92, 0x94, 0xb3, 0x94, 0xd4, 0x9c,
    0xf4, 0xa4, 0x35, 0xa5, 0x35, 0xad, 0x35, 0xa5, 0x14, 0xa5, 0x14, 0xa5,
    0xf4, 0x9c, 0xf4, 0xa4, 0xf4, 0xa4, 0xf4, 0x9c, 0x72, 0x8c, 0xf0, 0x7b,
    0x0c, 0x63, 0x2d, 0x63, 0x6e, 0x73, 0xf0, 0x7b, 0x31, 0x84, 0x72, 0x8c,
    0xb3, 0x94, 0xd4, 0x9c, 0xf4, 0x9c, 0xf4, 0x9c, 0x14, 0xa5, 0x35, 0xad,
    0x56, 0xad, 0x76, 0xad, 0x76, 0xad, 0x56, 0xad, 0x55, 0xad, 0x55, 0xad,
    0x55, 0xad, 0x35, 0xa5, 0x55, 0xa5, 0x35, 0xa5, 0x35, 0xa5, 0x35, 0xa5,
    0x15, 0xa5, 0x14, 0x9d, 0xf4, 0x9c, 0xf4, 0x9c, 0xf4, 0x9c, 0xd4, 0x9c,
    0xf4, 0x9c, 0x15, 0x9d, 0x35, 0xa5, 0x35, 0xa5, 0x35, 0xad, 0x55, 0xa5,
    0x35, 0xa5, 0x14, 0xa5, 0xf5, 0xa4, 0xf4, 0xa4, 0x14, 0x9d, 0x14, 0xa5,
    0x14, 0xa5, 0xf4, 0x9c, 0x14, 0xa5, 0xf4, 0x9c, 0xf4, 0x9c, 0xf4, 0xa4,
    0x15, 0xa5, 0x15, 0xa5, 0x35, 0xa5, 0x14, 0xa5, 0x15, 0xa5, 0x15, 0xa5,
    0x15, 0xa5, 0x34, 0xa5, 0x14, 0xa5, 0xf4, 0xa4, 0xd4, 0x9c, 0xd3, 0x9c,
    0xd4, 0x9c, 0xd3, 0x9c, 0xd3, 0x9c, 0xd3, 0x94, 0xb3, 0x94, 0xd3, 0x9c,
    0xd3, 0x9c, 0xb3, 0x9c, 0x92, 0x94, 0x52, 0x94, 0x51, 0x8c, 0x31, 0x8c,
    0x31, 0x84, 0x10, 0x84, 0xf0, 0x83, 0xcf, 0x7b, 0xaf, 0x7b, 0x8e, 0x73,
    0x6e, 0x6b, 0x4d, 0x6b, 0x2d, 0x6b, 0x2d, 0x63, 0x0c, 0x63, 0xec, 0x5a,
    0xcc, 0x5a, 0xab, 0x5a, 0xab, 0x52, 0x8b, 0x52, 0x8b, 0x52, 0x8a, 0x52,
    0x8a, 0x4a, 0x8a, 0x52, 0x8b, 0x52, 0x8b, 0x4a, 0x8b, 0x52, 0xab, 0x4a,
    0xab, 0x52, 0x8b, 0x52, 0x8b, 0x52, 0x8b, 0x4a, 0x8b, 0x4a, 0xab, 0x52,
    0xab, 0x52, 0x8a, 0x4a, 0x8a, 0x4a, 0xab, 0x52, 0xab, 0x52, 0xaa, 0x52,
    0x8b, 0x52, 0xab, 0x52, 0xab, 0x52, 0xab, 0x52, 0xab, 0x52, 0xab, 0x52,
    0xab, 0x52, 0xab, 0x52, 0xab, 0x52, 0xab, 0x52, 0xab, 0x52, 0x8a, 0x52,
    0x8a, 0x52, 0x6a, 0x52, 0x6a, 0x4a, 0x6a, 0x4a, 0x6a, 0x52, 0x6a, 0x52,
    0x6a, 0x4a, 0x6a, 0x4a, 0x69, 0x52, 0x69, 0x4a, 0x69, 0x4a, 0x49, 0x4a,
    0x6a, 0x4a, 0x4a, 0x52, 0x6a, 0x4a, 0x49, 0x4a, 0x49, 0x52, 0x69, 0x4a,
    0x6a, 0x52, 0x6a, 0x52, 0x6a, 0x52, 0x6a, 0x52, 0x69, 0x52, 0x6a, 0x52,
    0x69, 0x52, 0x6a, 0x52, 0x8a, 0x52, 0x6a, 0x52, 0x8a, 0x52, 0x8a, 0x52,
    0x8a, 0x52, 0x8a, 0x52, 0xab, 0x52, 0xab, 0x5a, 0xab, 0x5a, 0xab, 0x52,
    0x8b, 0x52, 0xaa, 0x52, 0xab, 0x52, 0xec, 0x5a, 0x4d, 0x6b, 0xaf, 0x7b,
    0x11, 0x84, 0x51, 0x8c, 0x93, 0x94, 0xb3, 0x94, 0xf4, 0x9c, 0x15, 0xa5,
    0x35, 0xa5, 0x35, 0xa5, 0x56, 0xad, 0x35, 0xa5, 0xf4, 0xa4, 0xf4, 0xa4,
    0xf4, 0x9c, 0xf4, 0x9c, 0xf4, 0x9c, 0xd4, 0x9c, 0xb3, 0x9c, 0x52, 0x8c,
    0x0c, 0x63, 0x4e, 0x6b, 0xcf, 0x7b, 0x31, 0x84, 0x72, 0x8c, 0x93, 0x94,
    0xd4, 0x9c, 0xf4, 0x9c, 0xf4, 0x9c, 0x14, 0xa5, 0x15, 0xa5, 0x35, 0xa5,
    0x35, 0xa5, 0x55, 0xad, 0x56, 0xad, 0x56, 0xad, 0x56, 0xad, 0x56, 0xad,
    0x55, 0xad, 0x35, 0xa5, 0x35, 0xa5, 0x35, 0xa5, 0x15, 0xa5, 0x15, 0xa5,
    0x15, 0xa5, 0x14, 0x9d, 0xf4, 0x9c, 0xf4, 0x9c, 0xf4, 0x9c, 0xd4, 0x94,
    0xf4, 0x9c, 0x14, 0x9d, 0x15, 0xa5, 0x35, 0xa5, 0x35, 0xad, 0x35, 0xad,
    0x35, 0xa5, 0x14, 0xa5, 0x14, 0xa5, 0xf5, 0xa4, 0x14, 0xa5, 0x14, 0xa5,
    0xf5, 0x9c, 0xf4, 0x9c, 0xf4, 0xa4, 0xf4, 0x9c, 0xf4, 0xa4, 0xf4, 0xa4,
    0x14, 0xa5, 0x15, 0xa5, 0x15, 0xa5, 0x15, 0xa5, 0x14, 0xa5, 0x35, 0xa5,
    0x35, 0xa5, 0x35, 0xa5, 0x14, 0xa5, 0xd4, 0x9c, 0xd3, 0x9c, 0xd3, 0x9c,
    0xb3, 0x94, 0x93, 0x94, 0xd3, 0x9c, 0xd4, 0x9c, 0xb3, 0x9c, 0xb3, 0x94,
    0xb3, 0x9c, 0x92, 0x94, 0x51, 0x8c, 0x51, 0x8c, 0x31, 0x8c, 0x10, 0x84,
    0x10, 0x84, 0xf0, 0x83, 0xcf, 0x7b, 0xaf, 0x73, 0x8f, 0x73, 0x6e, 0x73,
    0x4e, 0x6b, 0x2d, 0x6b, 0x2d, 0x63, 0x0c, 0x63, 0xec, 0x5a, 0xcc, 0x5a,
    0xcb, 0x52, 0xab, 0x52, 0x8b, 0x52, 0xaa, 0x52, 0xab, 0x52, 0x8a, 0x4a,
    0x8b, 0x4a, 0x8b, 0x52, 0x8b, 0x52, 0x8a, 0x4a, 0x8a, 0x4a, 0x8a, 0x52,
    0x8b, 0x52, 0x8b, 0x52, 0x8a, 0x4a, 0xaa, 0x52, 0x8a, 0x52, 0x8b, 0x52,
    0xab, 0x52, 0xab, 0x52, 0x8b, 0x52, 0xab, 0x52, 0xab, 0x52, 0xab, 0x52,
    0xab, 0x52, 0xab, 0x52, 0xab, 0x52, 0xab, 0x52, 0xab, 0x52, 0xab, 0x52,
    0xab, 0x5a, 0xab, 0x5a, 0xab, 0x52, 0xab, 0x52, 0xab, 0x52, 0xab, 0x52,
    0x8a, 0x52, 0x8a, 0x52, 0x8a, 0x52, 0x6a, 0x52, 0x6a, 0x4a, 0x6a, 0x4a,
    0x6a, 0x52, 0x6a, 0x4a, 0x6a, 0x4a, 0x6a, 0x52, 0x6a, 0x52, 0x6a, 0x4a,
    0x49, 0x4a, 0x4a, 0x4a, 0x69, 0x52, 0x6a, 0x52, 0x69, 0x52, 0x6a, 0x4a,
    0x49, 0x4a, 0x69, 0x52, 0x6a, 0x52, 0x89, 0x52, 0x8a, 0x52, 0x8a, 0x52,
    0x6a, 0x52, 0x8a, 0x52, 0x8a, 0x52, 0x8a, 0x52, 0x8a, 0x52, 0x8a, 0x52,
    0x8a, 0x52, 0xab, 0x52, 0xab, 0x5a, 0xab, 0x52, 0xab, 0x52, 0xab, 0x52,
    0x8a, 0x52, 0xab, 0x52, 0xec, 0x62, 0x6e, 0x6b, 0xd0, 0x7b, 0x11, 0x84,
    0x72, 0x8c, 0xb3, 0x94, 0xd3, 0x9c, 0xf4, 0x9c, 0x15, 0xa5, 0x35, 0xa5,
    0x55, 0xad, 0x55, 0xad, 0x55, 0xad, 0x15, 0xa5, 0xf4, 0x9c, 0xf4, 0x9c,
    0xf4, 0xa4, 0xf4, 0x9c, 0xd4, 0x9c, 0xd3, 0x9c, 0xd3, 0x9c, 0xd3, 0x9c,
    0x4d, 0x6b, 0xaf, 0x73, 0x11, 0x84, 0x52, 0x8c, 0x92, 0x94, 0xd3, 0x9c,
    0xf4, 0x9c, 0x15, 0xa5, 0x35, 0xa5, 0x35, 0xa5, 0x14, 0xa5, 0x15, 0xa5,
    0x35, 0xa5, 0x35, 0xa5, 0x55, 0xad, 0x56, 0xad, 0x55, 0xad, 0x55, 0xa5,
    0x55, 0xa5, 0x35, 0xa5, 0x35, 0xa5, 0x15, 0xa5, 0x15, 0xa5, 0x14, 0x9d,
    0x14, 0x9d, 0xf4, 0x9c, 0xf4, 0x9c, 0xf4, 0x9c, 0xd4, 0x94, 0xd4, 0x9c,
    0xf4, 0x9c, 0xf4, 0x9c, 0x35, 0xa5, 0x35, 0xa5, 0x35, 0xa5, 0x35, 0xa5,
    0x35, 0xad, 0x14, 0xa5, 0x14, 0xa5, 0x14, 0xa5, 0xf4, 0xa4, 0xf5, 0x9c,
    0x14, 0xa5, 0xf4, 0xa4, 0xf4, 0xa4, 0x14, 0x9d, 0xf4, 0x9c, 0xf4, 0xa4,
    0xf4, 0xa4, 0x14, 0xa5, 0x14, 0xa5, 0x15, 0xa5, 0x35, 0xa5, 0x34, 0xa5,
    0x35, 0xa5, 0x35, 0xad, 0x14, 0xa5, 0xf4, 0x9c, 0xb3, 0x9c, 0x93, 0x94,
    0x72, 0x8c, 0x72, 0x8c, 0x93, 0x94, 0xb3, 0x9c, 0xb3, 0x94, 0x93, 0x94,
    0x92, 0x94, 0x72, 0x8c, 0x31, 0x8c, 0x10, 0x8c, 0x10, 0x84, 0xf0, 0x83,
    0xf0, 0x83, 0xcf, 0x7b, 0xaf, 0x7b, 0x8e, 0x73, 0x6e, 0x6b, 0x4d, 0x6b,
    0x4d, 0x6b, 0x2d, 0x63, 0x0c, 0x63, 0xec, 0x5a, 0xcc, 0x5a, 0xab, 0x52,
    0xab, 0x52, 0x8b, 0x52, 0xab, 0x52, 0xab, 0x52, 0x8a, 0x4a, 0x8b, 0x52,
    0xab, 0x52, 0x8a, 0x52, 0x8a, 0x4a, 0x8b, 0x52, 0x8b, 0x52, 0x8a, 0x52,
    0x8b, 0x4a, 0xaa, 0x4a, 0x8a, 0x52, 0x8b, 0x52, 0xab, 0x52, 0x8b, 0x52,
    0x8a, 0x52, 0x8b, 0x52, 0xab, 0x52, 0x8a, 0x52, 0xab, 0x52, 0x8b, 0x52,
    0xab, 0x52, 0xab, 0x52, 0xab, 0x52, 0xab, 0x52, 0xab, 0x52, 0xab, 0x52,
    0xab, 0x52, 0xcb, 0x5a, 0xab, 0x5a, 0xab, 0x52, 0xab, 0x5a, 0xab, 0x52,
    0xab, 0x52, 0x8b, 0x52, 0x8a, 0x52, 0x8a, 0x52, 0x6a, 0x52, 0x6a, 0x4a,
    0x6a, 0x4a, 0x6a, 0x52, 0x6a, 0x4a, 0x6a, 0x4a, 0x6a, 0x4a, 0x6a, 0x4a,
    0x6a, 0x4a, 0x69, 0x4a, 0x4a, 0x4a, 0x6a, 0x4a, 0x4a, 0x4a, 0x49, 0x52,
    0x69, 0x52, 0x6a, 0x4a, 0x6a, 0x52, 0x6a, 0x52, 0x8a, 0x52, 0x8a, 0x52,
    0x8a, 0x52, 0x8a, 0x52, 0x8a, 0x52, 0x8a, 0x52, 0x8a, 0x52, 0x8a, 0x52,
    0x8a, 0x52, 0xab, 0x52, 0x8a, 0x5a, 0x8b, 0x52, 0x8b, 0x52, 0x8a, 0x52,
    0xab, 0x52, 0x0d, 0x63, 0x6e, 0x73, 0xd0, 0x7b, 0x31, 0x84, 0x72, 0x8c,
    0xb3, 0x94, 0xd3, 0x9c, 0xf4, 0x9c, 0x15, 0xa5, 0x35, 0xad, 0x55, 0xad,
    0x56, 0xad, 0x35, 0xad, 0x35, 0xa5, 0x15, 0xa5, 0xf4, 0x9c, 0xf4, 0x9c,
    0xf4, 0x9c, 0xd3, 0x9c, 0xb3, 0x9c, 0xd3, 0x9c, 0xd3, 0x9c, 0xd4, 0x9c,
    0x8e, 0x73, 0xf0, 0x83, 0x51, 0x8c, 0x92, 0x94, 0xd3, 0x9c, 0xf4, 0x9c,
    0x14, 0xa5, 0x35, 0xa5, 0x55, 0xad, 0x55, 0xad, 0x15, 0xa5, 0xf4, 0x9c,
    0x14, 0xa5, 0x35, 0xa5, 0x55, 0xad, 0x56, 0xad, 0x55, 0xa5, 0x55, 0xad,
    0x35, 0xa5, 0x35, 0xa5, 0x15, 0xa5, 0x15, 0x9d, 0x14, 0x9d, 0xf4, 0x9c,
    0xf4, 0x9c, 0xf4, 0x9c, 0xf4, 0x9c, 0xd4, 0x9c, 0xd4, 0x9c, 0xd4, 0x94,
    0xd3, 0x9c, 0x14, 0x9d, 0x15, 0xa5, 0x35, 0xa5, 0x35, 0xa5, 0x55, 0xad,
    0x35, 0xa5, 0x15, 0xa5, 0x14, 0xa5, 0xf4, 0xa4, 0x14, 0x9d, 0x14, 0xa5,
    0x14, 0xa5, 0xf4, 0xa4, 0xf4, 0x9c, 0x15, 0xa5, 0xf4, 0x9c, 0xd4, 0x9c,
    0xf4, 0xa4, 0x15, 0xa5, 0x15, 0xa5, 0x35, 0xa5, 0x15, 0xa5, 0x15, 0xa5,
    0x35, 0xad, 0x35, 0xa5, 0x35, 0xa5, 0x15, 0xa5, 0xf4, 0x9c, 0x92, 0x94,
    0x31, 0x84, 0x31, 0x84, 0x72, 0x8c, 0x72, 0x94, 0xb3, 0x94, 0x92, 0x94,
    0x72, 0x94, 0x51, 0x8c, 0x31, 0x84, 0x10, 0x84, 0xf0, 0x83, 0xf0, 0x7b,
    0xcf, 0x7b, 0xaf, 0x7b, 0x8e, 0x73, 0x6e, 0x73, 0x4e, 0x6b, 0x4d, 0x6b,
    0x2d, 0x63, 0x0d, 0x63, 0xec, 0x5a, 0xec, 0x5a, 0xcb, 0x5a, 0xab, 0x52,
    0xab, 0x52, 0xab, 0x52, 0x8b, 0x52, 0x8a, 0x52, 0x8b, 0x52, 0x8b, 0x4a,
    0x8a, 0x52, 0x8a, 0x4a, 0x8b, 0x4a, 0xab, 0x52, 0xab, 0x52, 0x8b, 0x4a,
    0x8a, 0x52, 0x8b, 0x52, 0xab, 0x52, 0x8b, 0x52, 0x8b, 0x4a, 0xaa, 0x4a,
    0x8b, 0x52, 0x8a, 0x4a, 0xab, 0x52, 0xab, 0x52, 0xab, 0x4a, 0xab, 0x52,
    0x8a, 0x52, 0xab, 0x52, 0xab, 0x52, 0xab, 0x52, 0xab, 0x52, 0xab, 0x52,
    0xcb, 0x52, 0xab, 0x52, 0xab, 0x52, 0xcb, 0x52, 0xab, 0x52, 0xab, 0x52,
    0xab, 0x52, 0xab, 0x52, 0x8b, 0x52, 0x8b, 0x52, 0x8a, 0x52, 0x8a, 0x52,
    0x6a, 0x4a, 0x6a, 0x4a, 0x6a, 0x52, 0x6a, 0x4a, 0x6a, 0x52, 0x69, 0x52,
    0x6a, 0x4a, 0x4a, 0x4a, 0x69, 0x4a, 0x69, 0x4a, 0x49, 0x4a, 0x69, 0x4a,
    0x49, 0x52, 0x6a, 0x52, 0x6a, 0x4a, 0x8a, 0x52, 0x8a, 0x52, 0x8a, 0x52,
    0x8a, 0x52, 0x8a, 0x52, 0x8a, 0x5a, 0xab, 0x52, 0xaa, 0x52, 0xaa, 0x5a,
    0xab, 0x5a, 0xab, 0x5a, 0x8a, 0x52, 0x6a, 0x52, 0x8a, 0x52, 0xab, 0x52,
    0x2d, 0x63, 0x8f, 0x73, 0xf0, 0x7b, 0x31, 0x84, 0x72, 0x94, 0xb3, 0x94,
    0xd4, 0x9c, 0xf4, 0xa4, 0x35, 0xa5, 0x55, 0xad, 0x55, 0xad, 0x55, 0xad,
    0x35, 0xad, 0x55, 0xa5, 0x35, 0xa5, 0x35, 0xa5, 0xf4, 0x9c, 0xb3, 0x9c,
    0xb3, 0x94, 0x93, 0x94, 0xb3, 0x94, 0xd3, 0x9c, 0xd4, 0x9c, 0xd4, 0x9c,
    0xcf, 0x7b, 0x31, 0x8c, 0x72, 0x94, 0xb3, 0x94, 0xf4, 0x9c, 0x14, 0xa5,
    0x35, 0xa5, 0x56, 0xad, 0x35, 0xad, 0x55, 0xad, 0x35, 0xa5, 0x15, 0xa5,
    0xf4, 0xa4, 0x14, 0xa5, 0x35, 0xad, 0x56, 0xad, 0x55, 0xad, 0x56, 0xad,
    0x35, 0xa5, 0x15, 0xa5, 0x15, 0xa5, 0xf4, 0x9c, 0xf4, 0x9c, 0xf4, 0x9c,
    0xf4, 0x9c, 0xf4, 0x9c, 0xd4, 0x9c, 0xf4, 0x9c, 0xd4, 0x94, 0xd4, 0x94,
    0xd4, 0x9c, 0x14, 0x9d, 0x15, 0xa5, 0x35, 0xa5, 0x35, 0xad, 0x55, 0xad,
    0x35, 0xad, 0x15, 0xa5, 0x14, 0xa5, 0x14, 0xa5, 0xf4, 0xa4, 0xf5, 0xa4,
    0x15, 0xa5, 0x14, 0x9d, 0x14, 0x9d, 0xf5, 0xa4, 0xf4, 0x9c, 0xf4, 0x9c,
    0xf4, 0xa4, 0x14, 0xa5, 0x15, 0xa5, 0x14, 0xa5, 0x35, 0xa5, 0x35, 0xa5,
    0x35, 0xad, 0x35, 0xa5, 0x14, 0xa5, 0x14, 0xa5, 0xf4, 0xa4, 0xb3, 0x9c,
    0x51, 0x84, 0xf1, 0x7b, 0x31, 0x84, 0x51, 0x8c, 0x52, 0x8c, 0x72, 0x8c,
    0x52, 0x8c, 0x31, 0x8c, 0x10, 0x84, 0xf0, 0x83, 0xcf, 0x7b, 0xcf, 0x7b,
    0xaf, 0x7b, 0x8e, 0x73, 0x6e, 0x6b, 0x4e, 0x6b, 0x2d, 0x6b, 0x2d, 0x63,
    0x0c, 0x63, 0xec, 0x5a, 0xec, 0x5a, 0xcc, 0x5a, 0xab, 0x52, 0xab, 0x52,
    0x8b, 0x52, 0x8a, 0x52, 0xab, 0x52, 0x8b, 0x52, 0x8b, 0x52, 0xaa, 0x52,
    0x8b, 0x52, 0x8b, 0x52, 0x8b, 0x52, 0x8a, 0x52, 0x8a, 0x52, 0xaa, 0x4a,
    0x8b, 0x52, 0x8b, 0x52, 0x8b, 0x52, 0x8a, 0x52, 0x8a, 0x52, 0x8b, 0x52,
    0x8b, 0x52, 0xab, 0x52, 0xab, 0x52, 0xab, 0x52, 0x8b, 0x52, 0xab, 0x52,
    0xab, 0x52, 0x8b, 0x52, 0xab, 0x52, 0xab, 0x52, 0xab, 0x52, 0xab, 0x52,
    0xab, 0x5a, 0xab, 0x52, 0xab, 0x52, 0xab, 0x52, 0xab, 0x52, 0xab, 0x5a,
    0xab, 0x5a, 0xab, 0x52, 0xab, 0x52, 0xab, 0x52, 0x8a, 0x52, 0x8a, 0x52,
    0x8a, 0x52, 0x6a, 0x4a, 0x6a, 0x4a, 0x6a, 0x52, 0x6a, 0x4a, 0x6a, 0x4a,
    0x69, 0x52, 0x6a, 0x4a, 0x4a, 0x4a, 0x4a, 0x4a, 0x69, 0x52, 0x49, 0x4a,
    0x6a, 0x4a, 0x69, 0x52, 0x6a, 0x52, 0x8a, 0x52, 0x8a, 0x52, 0x8a, 0x5a,
    0xaa, 0x52, 0x8a, 0x5a, 0xab, 0x5a, 0xab, 0x5a, 0xab, 0x5a, 0xab, 0x5a,
    0xab, 0x5a, 0x8a, 0x52, 0x8a, 0x52, 0x8a, 0x52, 0xcb, 0x5a, 0x4d, 0x6b,
    0xaf, 0x73, 0x10, 0x84, 0x51, 0x8c, 0x92, 0x94, 0xb3, 0x94, 0xf4, 0x9c,
    0xf4, 0xa4, 0x15, 0xa5, 0x55, 0xad, 0x55, 0xad, 0x35, 0xa5, 0x35, 0xa5,
    0x35, 0xad, 0x35, 0xa5, 0x35, 0xad, 0x35, 0xad, 0xf4, 0x9c, 0x92, 0x94,
    0x52, 0x8c, 0x72, 0x8c, 0xb3, 0x9c, 0xd3, 0x9c, 0xd4, 0x9c, 0xb3, 0x94,
    0x31, 0x84, 0x72, 0x8c, 0xb3, 0x94, 0xd3, 0x9c, 0xf4, 0xa4, 0x35, 0xa5,
    0x55, 0xad, 0x56, 0xad, 0x55, 0xa5, 0x35, 0xad, 0x35, 0xa5, 0x35, 0xa5,
    0x35, 0xa5, 0x14, 0xa5, 0x35, 0xa5, 0x35, 0xad, 0x55, 0xad, 0x55, 0xa5,
    0x35, 0xa5, 0x35, 0xa5, 0x14, 0x9d, 0xf4, 0x9c, 0xd4, 0x9c, 0xf4, 0x9c,
    0xf4, 0x9c, 0xd4, 0x9c, 0xf4, 0x94, 0xf4, 0x9c, 0xd3, 0x94, 0xd3, 0x9c,
    0xd4, 0x9c, 0xf4, 0x9c, 0x14, 0x9d, 0x35, 0xa5, 0x35, 0xa5, 0x55, 0xad,
    0x35, 0xa5, 0x35, 0xa5, 0x15, 0xa5, 0x14, 0xa5, 0xf4, 0xa4, 0xf4, 0xa4,
    0xf4, 0xa4, 0xf4, 0xa4, 0x14, 0xa5, 0xf4, 0xa4, 0xf4, 0x9c, 0xf4, 0x9c,
    0xf4, 0xa4, 0xf4, 0xa4, 0x14, 0xa5, 0x15, 0xa5, 0x35, 0xa5, 0x34, 0xa5,
    0x15, 0xa5, 0x15, 0xa5, 0x34, 0xa5, 0x14, 0xa5, 0xf4, 0x9c, 0xd3, 0x9c,
    0x92, 0x94, 0x31, 0x84, 0x11, 0x84, 0x31, 0x84, 0x31, 0x84, 0x11, 0x84,
    0x31, 0x84, 0x31, 0x84, 0xf0, 0x83, 0xcf, 0x7b, 0xaf, 0x7b, 0x8f, 0x73,
    0x8e, 0x73, 0x6e, 0x6b, 0x4d, 0x6b, 0x2d, 0x6b, 0x2d, 0x63, 0x0c, 0x63,
    0xec, 0x62, 0xec, 0x5a, 0xcb, 0x5a, 0xab, 0x52, 0xab, 0x52, 0xab, 0x52,
    0x8b, 0x52, 0xab, 0x52, 0xaa, 0x52, 0xab, 0x52, 0xab, 0x52, 0x8b, 0x52,
    0xaa, 0x4a, 0x8b, 0x52, 0xab, 0x52, 0x8a, 0x52, 0x8b, 0x52, 0x8b, 0x4a,
    0xab, 0x52, 0x8a, 0x4a, 0x8a, 0x52, 0x8b, 0x4a, 0xab, 0x4a, 0x8a, 0x52,
    0x8a, 0x52, 0xab, 0x52, 0xab, 0x52, 0x8a, 0x52, 0xab, 0x52, 0xab, 0x52,
    0xab, 0x52, 0xab, 0x52, 0xab, 0x52, 0xab, 0x52, 0xab, 0x52, 0xab, 0x52,
    0xcb, 0x52, 0xab, 0x5a, 0xab, 0x52, 0xcb, 0x5a, 0xab, 0x5a, 0xcb, 0x52,
    0xab, 0x52, 0xab, 0x5a, 0xab, 0x52, 0xab, 0x52, 0x8b, 0x52, 0x8b, 0x52,
    0x8a, 0x52, 0x6a, 0x52, 0x8a, 0x52, 0x6a, 0x52, 0x6a, 0x4a, 0x6a, 0x4a,
    0x6a, 0x4a, 0x69, 0x4a, 0x49, 0x4a, 0x49, 0x4a, 0x4a, 0x4a, 0x6a, 0x4a,
    0x6a, 0x52, 0x69, 0x52, 0x6a, 0x52, 0x8a, 0x52, 0x8a, 0x52, 0xab, 0x52,
    0xaa, 0x52, 0xab, 0x5a, 0xab, 0x5a, 0xab, 0x5a, 0xaa, 0x52, 0xab, 0x5a,
    0x8a, 0x52, 0x6a, 0x52, 0x8a, 0x52, 0xec, 0x62, 0x4e, 0x6b, 0xaf, 0x7b,
    0x11, 0x84, 0x52, 0x8c, 0x92, 0x94, 0xb3, 0x94, 0xd4, 0x9c, 0x14, 0xa5,
    0x35, 0xa5, 0x35, 0xad, 0x55, 0xad, 0x35, 0xa5, 0x35, 0xa5, 0x35, 0xa5,
    0x35, 0xad, 0x35, 0xa5, 0x35, 0xa5, 0x35, 0xad, 0x14, 0xa5, 0xb3, 0x94,
    0x72, 0x8c, 0x51, 0x8c, 0x93, 0x94, 0xb3, 0x9c, 0xb3, 0x94, 0x72, 0x94,
    0x52, 0x8c, 0x92, 0x94, 0xd3, 0x9c, 0xf4, 0x9c, 0x35, 0xa5, 0x35, 0xad,
    0x55, 0xad, 0x55, 0xad, 0x55, 0xa5, 0x35, 0xa5, 0x15, 0xa5, 0x35, 0xa5,
    0x35, 0xa5, 0x35, 0xa5, 0x35, 0xa5, 0x35, 0xa5, 0x35, 0xad, 0x35, 0xa5,
    0x35, 0xa5, 0x15, 0xa5, 0xf4, 0x9c, 0xf4, 0x9c, 0xf4, 0x9c, 0xd4, 0x94,
    0xd4, 0x94, 0xd4, 0x9c, 0xd4, 0x9c, 0xd4, 0x94, 0xd3, 0x9c, 0xd4, 0x94,
    0xd4, 0x9c, 0xf4, 0x9c, 0x14, 0xa5, 0x35, 0xa5, 0x35, 0xa5, 0x55, 0xad,
    0x55, 0xad, 0x35, 0xa5, 0x15, 0xa5, 0x14, 0xa5, 0x14, 0xa5, 0x14, 0x9d,
    0x14, 0x9d, 0xf4, 0xa4, 0xf5, 0xa4, 0x14, 0x9d, 0x14, 0xa5, 0xf4, 0xa4,
    0xf4, 0x9c, 0xf4, 0xa4, 0x15, 0xa5, 0x15, 0xa5, 0x35, 0xa5, 0x35, 0xa5,
    0x15, 0xa5, 0x34, 0xa5, 0x15, 0xa5, 0x15, 0xa5, 0xf4, 0xa4, 0xd3, 0x94,
    0x93, 0x94, 0x51, 0x8c, 0xf0, 0x83, 0x10, 0x84, 0x10, 0x7c, 0xf0, 0x7b,
    0x10, 0x84, 0x11, 0x84, 0x10, 0x84, 0xcf, 0x7b, 0xaf, 0x73, 0x6e, 0x73,
    0x4d, 0x6b, 0x4d, 0x6b, 0x2d, 0x63, 0x2d, 0x63, 0x2d, 0x63, 0x0c, 0x63,
    0xec, 0x5a, 0xcc, 0x5a, 0xcb, 0x52, 0xab, 0x52, 0xab, 0x52, 0xab, 0x52,
    0xab, 0x52, 0x8b, 0x52, 0x8b, 0x52, 0x8a, 0x52, 0xab, 0x52, 0x8b, 0x52,
    0x8a, 0x52, 0x8b, 0x4a, 0x8a, 0x52, 0xab, 0x52, 0x8b, 0x4a, 0x8b, 0x52,
    0x8a, 0x52, 0x8b, 0x52, 0xab, 0x52, 0x8a, 0x52, 0x8b, 0x52, 0xab, 0x52,
    0x8b, 0x4a, 0xab, 0x52, 0xab, 0x52, 0xab, 0x52, 0xab, 0x52, 0x8b, 0x52,
    0xaa, 0x52, 0xab, 0x52, 0xab, 0x52, 0xab, 0x52, 0xab, 0x52, 0xab, 0x52,
    0xcb, 0x52, 0xab, 0x52, 0xab, 0x52, 0xab, 0x52, 0xcb, 0x52, 0xcc, 0x5a,
    0xcb, 0x52, 0xcb, 0x52, 0xcb, 0x5a, 0xab, 0x5a, 0xab, 0x52, 0x8b, 0x52,
    0x8a, 0x52, 0x8a, 0x52, 0x8a, 0x4a, 0x6a, 0x4a, 0x6a, 0x4a, 0x6a, 0x4a,
    0x6a, 0x4a, 0x69, 0x52, 0x49, 0x4a, 0x4a, 0x4a, 0x69, 0x4a, 0x6a, 0x52,
    0x6a, 0x52, 0x6a, 0x4a, 0x6a, 0x52, 0x8a, 0x52, 0x8a, 0x52, 0xab, 0x5a,
    0xab, 0x5a, 0xaa, 0x52, 0xab, 0x5a, 0xab, 0x5a, 0xaa, 0x5a, 0x8a, 0x52,
    0x8a, 0x52, 0xab, 0x5a, 0x0c, 0x63, 0x8e, 0x73, 0xd0, 0x7b, 0x31, 0x84,
    0x72, 0x8c, 0x93, 0x94, 0xd3, 0x9c, 0xf4, 0x9c, 0x15, 0xa5, 0x35, 0xa5,
    0x35, 0xad, 0x35, 0xa5, 0x35, 0xa5, 0x35, 0xad, 0x35, 0xad, 0x35, 0xad,
    0x35, 0xa5, 0x15, 0xa5, 0x35, 0xa5, 0x35, 0xa5, 0x14, 0xa5, 0xf4, 0xa4,
    0xb3, 0x94, 0x72, 0x8c, 0x52, 0x8c, 0x92, 0x94, 0x72, 0x8c, 0x72, 0x8c,
    0x72, 0x94, 0xb3, 0x94, 0xf4, 0x9c, 0x14, 0xa5, 0x35, 0xa5, 0x55, 0xad,
    0x55, 0xad, 0x56, 0xad, 0x56, 0xa5, 0x35, 0xa5, 0x15, 0xa5, 0xf4, 0x9c,
    0xf4, 0xa4, 0x15, 0xa5, 0x35, 0xad, 0x35, 0xa5, 0x35, 0xa5, 0x35, 0xad,
    0x35, 0xa5, 0x15, 0xa5, 0xf4, 0x9c, 0xf4, 0x9c, 0xd4, 0x9c, 0xd4, 0x94,
    0xd4, 0x9c, 0xd4, 0x9c, 0xd3, 0x94, 0xd3, 0x94, 0xd4, 0x94, 0xd4, 0x9c,
    0xd4, 0x9c, 0xf4, 0x9c, 0x14, 0x9d, 0x35, 0xa5, 0x35, 0xad, 0x56, 0xad,
    0x55, 0xad, 0x35, 0xa5, 0x15, 0xa5, 0x14, 0xa5, 0xf4, 0xa4, 0xf4, 0x9c,
    0x15, 0xa5, 0x14, 0xa5, 0x14, 0x9d, 0xf4, 0x9c, 0xf4, 0xa4, 0xf4, 0x9c,
    0xf4, 0x9c, 0xf4, 0xa4, 0xf4, 0xa4, 0x15, 0x9d, 0x35, 0xa5, 0x14, 0xa5,
    0x35, 0xa5, 0x14, 0xa5, 0x15, 0xa5, 0x14, 0xa5, 0xf4, 0xa4, 0xb3, 0x9c,
    0x72, 0x8c, 0x31, 0x84, 0x10, 0x84, 0xd0, 0x7b, 0xd0, 0x7b, 0xf0, 0x7b,
    0xf0, 0x7b, 0x10, 0x7c, 0xf0, 0x7b, 0xaf, 0x7b, 0x8e, 0x6b, 0x4e, 0x6b,
    0x2d, 0x63, 0x2d, 0x63, 0x0d, 0x63, 0x0d, 0x63, 0x0c, 0x63, 0xec, 0x5a,
    0xcc, 0x5a, 0xab, 0x52, 0xab, 0x52, 0xab, 0x52, 0xab, 0x52, 0xab, 0x5a,
    0xab, 0x52, 0xab, 0x52, 0xab, 0x52, 0x8b, 0x52, 0x8b, 0x52, 0xaa, 0x52,
    0xab, 0x52, 0x8b, 0x52, 0x8b, 0x4a, 0x8a, 0x52, 0x8a, 0x52, 0xab, 0x52,
    0x8b, 0x52, 0x8a, 0x4a, 0x8b, 0x52, 0x8b, 0x52, 0x8a, 0x52, 0x8b, 0x52,
    0x8b, 0x52, 0xab, 0x52, 0xab, 0x52, 0xab, 0x52, 0xab, 0x52, 0xab, 0x52,
    0xab, 0x52, 0xab, 0x52, 0xab, 0x52, 0xab, 0x52, 0xab, 0x52, 0xcb, 0x5a,
    0xcb, 0x52, 0xcb, 0x52, 0xac, 0x52, 0xcb, 0x5a, 0xcb, 0x5a, 0xcb, 0x5a,
    0xcc, 0x5a, 0xcc, 0x5a, 0xcb, 0x5a, 0xcb, 0x52, 0xab, 0x52, 0xab, 0x52,
    0x8b, 0x52, 0x8a, 0x52, 0x6a, 0x52, 0x6a, 0x4a, 0x6a, 0x52, 0x6a, 0x52,
    0x6a, 0x4a, 0x6a, 0x4a, 0x6a, 0x4a, 0x6a, 0x4a, 0x6a, 0x4a, 0x6a, 0x52,
    0x6a, 0x4a, 0x8a, 0x52, 0x6a, 0x52, 0x8a, 0x52, 0x8a, 0x52, 0xaa, 0x52,
    0xab, 0x5a, 0xab, 0x5a, 0xab, 0x52, 0xaa, 0x5a, 0x8a, 0x52, 0x8a, 0x52,
    0xcb, 0x5a, 0x2d, 0x6b, 0x8e, 0x73, 0xf0, 0x83, 0x31, 0x84, 0x72, 0x8c,
    0xb3, 0x94, 0xd3, 0x9c, 0xf4, 0xa4, 0x35, 0xa5, 0x35, 0xa5, 0x35, 0xad,
    0x35, 0xa5, 0x35, 0xad, 0x35, 0xa5, 0x35, 0xa5, 0x35, 0xa5, 0x35, 0xa5,
    0x35, 0xa5, 0x14, 0xa5, 0x15, 0xa5, 0x35, 0xa5, 0x34, 0xa5, 0x15, 0xa5,
    0xf4, 0x9c, 0x93, 0x94, 0x51, 0x8c, 0x52, 0x8c, 0x72, 0x8c, 0x52, 0x8c,
    0x92, 0x94, 0xd3, 0x9c, 0xf4, 0xa4, 0x15, 0xa5, 0x35, 0xad, 0x55, 0xad,
    0x55, 0xad, 0x55, 0xad, 0x55, 0xad, 0x55, 0xad, 0x35, 0xad, 0xf4, 0x9c,
    0xf4, 0x9c, 0xf4, 0x9c, 0x35, 0xa5, 0x35, 0xa5, 0x35, 0xad, 0x35, 0xa5,
    0x35, 0xa5, 0x14, 0x9d, 0xf4, 0x9c, 0xf4, 0x9c, 0xf4, 0x94, 0xd4, 0x94,
    0xd3, 0x9c, 0xd3, 0x94, 0xd4, 0x94, 0xd4, 0x9c, 0xd3, 0x94, 0xd3, 0x94,
    0xd4, 0x9c, 0xf4, 0x9c, 0x14, 0xa5, 0x35, 0xa5, 0x35, 0xa5, 0x55, 0xad,
    0x55, 0xad, 0x35, 0xa5, 0x15, 0xa5, 0x14, 0xa5, 0x14, 0xa5, 0xf4, 0xa4,
    0xf4, 0xa4, 0x15, 0xa5, 0xf4, 0xa4, 0xf4, 0xa4, 0xf4, 0x9c, 0xf4, 0x9c,
    0xf4, 0x9c, 0xf4, 0xa4, 0xf4, 0xa4, 0x14, 0x9d, 0x14, 0xa5, 0x15, 0xa5,
    0x15, 0xa5, 0x14, 0xa5, 0x14, 0xa5, 0xf4, 0x9c, 0xd4, 0x9c, 0xb3, 0x94,
    0x72, 0x8c, 0x31, 0x84, 0xf0, 0x7b, 0xaf, 0x7b, 0xcf, 0x7b, 0xcf, 0x73,
    0xcf, 0x7b, 0xd0, 0x7b, 0xaf, 0x73, 0x8e, 0x73, 0x6e, 0x6b, 0x4d, 0x6b,
    0x0d, 0x63, 0x0c, 0x63, 0x0c, 0x63, 0xec, 0x5a, 0xcc, 0x5a, 0xcc, 0x5a,
    0xcb, 0x52, 0xab, 0x52, 0xab, 0x5a, 0xab, 0x52, 0xcb, 0x52, 0xab, 0x52,
    0xab, 0x52, 0xab, 0x52, 0x8b, 0x52, 0xab, 0x52, 0xaa, 0x52, 0x8b, 0x52,
    0xab, 0x52, 0xab, 0x52, 0x8a, 0x52, 0x8b, 0x4a, 0xab, 0x52, 0x8a, 0x4a,
    0x8a, 0x4a, 0x8a, 0x52, 0x8b, 0x4a, 0x8a, 0x4a, 0x8a, 0x4a, 0x8a, 0x4a,
    0x8a, 0x52, 0x8b, 0x52, 0xaa, 0x52, 0x8b, 0x52, 0xab, 0x52, 0xaa, 0x52,
    0xab, 0x52, 0xab, 0x52, 0xab, 0x52, 0xab, 0x52, 0xab, 0x52, 0xcb, 0x52,
    0xcb, 0x5a, 0xcc, 0x5a, 0xcb, 0x5a, 0xcb, 0x52, 0xcc, 0x52, 0xcc, 0x5a,
    0xcb, 0x5a, 0xcb, 0x5a, 0xcb, 0x5a, 0xcc, 0x52, 0xcb, 0x52, 0xab, 0x5a,
    0xab, 0x52, 0x8b, 0x52, 0x8a, 0x52, 0x6a, 0x52, 0x6a, 0x4a, 0x6a, 0x4a,
    0x6a, 0x52, 0x6a, 0x4a, 0x6a, 0x4a, 0x6a, 0x52, 0x6a, 0x4a, 0x6a, 0x4a,
    0x6a, 0x52, 0x8a, 0x52, 0x8a, 0x52, 0x8a, 0x52, 0x8a, 0x52, 0x8b, 0x52,
    0xab, 0x5a, 0xab, 0x5a, 0x8a, 0x5a, 0x8a, 0x52, 0xaa, 0x52, 0xec, 0x62,
    0x6e, 0x73, 0xcf, 0x7b, 0x10, 0x84, 0x51, 0x8c, 0x72, 0x94, 0xb3, 0x94,
    0xd4, 0x9c, 0x14, 0xa5, 0x14, 0xa5, 0x35, 0xa5, 0x35, 0xad, 0x35, 0xa5,
    0x35, 0xa5, 0x35, 0xa5, 0x14, 0xa5, 0x35, 0xa5, 0x15, 0xa5, 0x35, 0xa5,
    0x15, 0xa5, 0x14, 0xa5, 0x14, 0xa5, 0x15, 0xa5, 0x15, 0xa5, 0x14, 0xa5,
    0xf4, 0x9c, 0xb3, 0x94, 0x72, 0x8c, 0x72, 0x94, 0x92, 0x94, 0x72, 0x8c,
    0xd3, 0x9c, 0xd4, 0x9c, 0x14, 0xa5, 0x35, 0xad, 0x35, 0xad, 0x35, 0xad,
    0x35, 0xad, 0x35, 0xa5, 0x55, 0xad, 0x55, 0xad, 0x55, 0xa5, 0x35, 0xa5,
    0x14, 0xa5, 0xf4, 0x9c, 0xf4, 0x9c, 0x14, 0xa5, 0x35, 0xa5, 0x35, 0xa5,
    0x35, 0xa5, 0x14, 0x9d, 0xf4, 0x9c, 0xd4, 0x9c, 0xd4, 0x9c, 0xd4, 0x94,
    0xd3, 0x94, 0xd4, 0x94, 0xb4, 0x9c, 0xd4, 0x94, 0xd3, 0x9c, 0xb4, 0x9c,
    0xd4, 0x9c, 0xf4, 0x9c, 0x15, 0xa5, 0x35, 0xa5, 0x55, 0xad, 0x55, 0xad,
    0x55, 0xad, 0x35, 0xa5, 0x35, 0xa5, 0x14, 0xa5, 0x14, 0xa5, 0xf4, 0x9c,
    0xf4, 0xa4, 0xf4, 0x9c, 0x14, 0xa5, 0xf4, 0xa4, 0xf4, 0xa4, 0xf4, 0x9c,
    0xf4, 0x9c, 0xf4, 0xa4, 0xf4, 0xa4, 0xf4, 0xa4, 0x15, 0xa5, 0x15, 0xa5,
    0x14, 0xa5, 0x14, 0xa5, 0x14, 0xa5, 0xf4, 0x9c, 0xd3, 0x9c, 0x92, 0x94,
    0x52, 0x8c, 0x31, 0x84, 0xd0, 0x7b, 0x8f, 0x73, 0x8e, 0x6b, 0x8f, 0x73,
    0xaf, 0x73, 0x8e, 0x73, 0x8e, 0x73, 0x6e, 0x6b, 0x4d, 0x6b, 0x2d, 0x63,
    0x0c, 0x63, 0xec, 0x5a, 0xec, 0x5a, 0xcb, 0x5a, 0xcb, 0x5a, 0xcb, 0x5a,
    0xcb, 0x5a, 0xab, 0x52, 0xac, 0x52, 0xcb, 0x5a, 0xab, 0x52, 0xab, 0x52,
    0xab, 0x52, 0xab, 0x52, 0x8b, 0x52, 0xab, 0x52, 0x8b, 0x52, 0xab, 0x52,
    0x8b, 0x52, 0x8a, 0x52, 0x8a, 0x52, 0x8b, 0x52, 0x8b, 0x4a, 0x8a, 0x52,
    0x8b, 0x52, 0x8b, 0x52, 0x8a, 0x52, 0x8a, 0x52, 0x8b, 0x52, 0x8b, 0x52,
    0x8b, 0x4a, 0x8a, 0x4a, 0x8b, 0x52, 0xab, 0x52, 0xab, 0x52, 0xab, 0x52,
    0xab, 0x52, 0xab, 0x52, 0xab, 0x52, 0xab, 0x52, 0xab, 0x5a, 0xcb, 0x52,
    0xcc, 0x5a, 0xcb, 0x52, 0xcb, 0x52, 0xcb, 0x5a, 0xcb, 0x52, 0xcc, 0x5a,
    0xeb, 0x5a, 0xcc, 0x52, 0xcc, 0x52, 0xcb, 0x5a, 0xcb, 0x5a, 0xab, 0x52,
    0xab, 0x52, 0x8b, 0x52, 0x8a, 0x52, 0x8a, 0x52, 0x6b, 0x52, 0x6a, 0x4a,
    0x6a, 0x4a, 0x6a, 0x4a, 0x6a, 0x52, 0x6a, 0x4a, 0x8a, 0x52, 0x6a, 0x52,
    0x6a, 0x52, 0x8a, 0x52, 0x8a, 0x4a, 0x8b, 0x52, 0x8b, 0x52, 0x8a, 0x52,
    0xaa, 0x52, 0x8a, 0x52, 0x8a, 0x52, 0xab, 0x5a, 0x0c, 0x63, 0x8f, 0x73,
    0xf0, 0x7b, 0x31, 0x84, 0x72, 0x8c, 0x93, 0x94, 0xd3, 0x9c, 0xd4, 0x9c,
    0xf4, 0xa4, 0x35, 0xa5, 0x35, 0xad, 0x35, 0xa5, 0x35, 0xad, 0x35, 0xa5,
    0x15, 0xa5, 0x34, 0xa5, 0x15, 0xa5, 0x15, 0xa5, 0x14, 0xa5, 0x15, 0xa5,
    0x14, 0xa5, 0x15, 0xa5, 0x15, 0xa5, 0x14, 0xa5, 0x14, 0xa5, 0x15, 0xa5,
    0xd4, 0x9c, 0xd3, 0x9c, 0xb3, 0x9c, 0x93, 0x94, 0x92, 0x94, 0x72, 0x8c,
    0xd4, 0x9c, 0x14, 0xa5, 0x14, 0xa5, 0x35, 0xa5, 0x35, 0xad, 0x34, 0xa5,
    0x35, 0xad, 0x35, 0xad, 0x35, 0xa5, 0x55, 0xad, 0x35, 0xa5, 0x35, 0xa5,
    0x15, 0xa5, 0x14, 0xa5, 0x14, 0xa5, 0x15, 0xa5, 0x15, 0xa5, 0x35, 0xa5,
    0x35, 0xa5, 0xf4, 0x9c, 0xf4, 0x9c, 0xd4, 0x9c, 0xd4, 0x9c, 0xd3, 0x94,
    0xd3, 0x94, 0xd3, 0x94, 0xd4, 0x9c, 0xd3, 0x94, 0xd3, 0x94, 0xd4, 0x94,
    0xf4, 0x9c, 0x14, 0x9d, 0x15, 0xa5, 0x35, 0xa5, 0x35, 0xad, 0x56, 0xad,
    0x55, 0xad, 0x55, 0xad, 0x35, 0xa5, 0x15, 0xa5, 0xf4, 0xa4, 0xf4, 0xa4,
    0xf4, 0x9c, 0x14, 0xa5, 0xf4, 0x9c, 0xf4, 0x9c, 0xf4, 0x9c, 0xf4, 0xa4,
    0xf4, 0x9c, 0xf4, 0x9c, 0xf4, 0x9c, 0x15, 0xa5, 0x14, 0xa5, 0x14, 0xa5,
    0x14, 0xa5, 0xf4, 0x9c, 0xf4, 0x9c, 0xd4, 0x9c, 0xb3, 0x94, 0x93, 0x94,
    0x51, 0x8c, 0x10, 0x84, 0xcf, 0x7b, 0x8f, 0x73, 0x4d, 0x6b, 0x4e, 0x6b,
    0x6e, 0x6b, 0x6e, 0x6b, 0x6e, 0x6b, 0x4d, 0x63, 0x0d, 0x63, 0x0c, 0x63,
    0xec, 0x5a, 0xec, 0x5a, 0xcb, 0x5a, 0xab, 0x52, 0xab, 0x52, 0xab, 0x52,
    0xcb, 0x5a, 0xcc, 0x5a, 0xab, 0x52, 0xab, 0x52, 0xab, 0x52, 0xab, 0x5a,
    0xab, 0x52, 0xab, 0x52, 0xab, 0x52, 0x8b, 0x52, 0x8b, 0x52, 0x8b, 0x52,
    0xaa, 0x52, 0x8b, 0x52, 0xab, 0x52, 0x8a, 0x52, 0x8b, 0x52, 0x8b, 0x52,
    0x8a, 0x52, 0x8b, 0x4a, 0x8a, 0x52, 0x8b, 0x4a, 0x8b, 0x52, 0x8b, 0x52,
    0x8a, 0x52, 0x8b, 0x52, 0x8b, 0x52, 0x8b, 0x4a, 0xab, 0x52, 0x8b, 0x52,
    0xab, 0x52, 0xab, 0x52, 0xab, 0x52, 0xcb, 0x52, 0xcb, 0x5a, 0xcc, 0x5a,
    0xcc, 0x52, 0xcc, 0x5a, 0xcc, 0x5a, 0xcc, 0x5a, 0xcc, 0x5a, 0xcc, 0x5a,
    0xcc, 0x5a, 0xcc, 0x5a, 0xcb, 0x5a, 0xcb, 0x5a, 0xcc, 0x5a, 0xcb, 0x52,
    0xab, 0x52, 0xab, 0x52, 0x8a, 0x52, 0x8a, 0x52, 0x8a, 0x52, 0x6a, 0x52,
    0x8a, 0x4a, 0x8a, 0x52, 0x6a, 0x52, 0x6a, 0x52, 0x8a, 0x4a, 0x6a, 0x4a,
    0x6a, 0x4a, 0x8a, 0x52, 0x8b, 0x52, 0x8a, 0x52, 0x8a, 0x52, 0x8a, 0x52,
    0x8a, 0x52, 0x8a, 0x52, 0xcb, 0x5a, 0x2d, 0x6b, 0xaf, 0x7b, 0x10, 0x84,
    0x31, 0x8c, 0x72, 0x94, 0xb3, 0x94, 0xd3, 0x9c, 0xf4, 0xa4, 0x14, 0xa5,
    0x35, 0xa5, 0x35, 0xad, 0x35, 0xa5, 0x35, 0xa5, 0x35, 0xa5, 0x15, 0xa5,
    0x35, 0xa5, 0x14, 0xa5, 0x15, 0xa5, 0x15, 0xa5, 0x14, 0xa5, 0x15, 0xa5,
    0x15, 0xa5, 0x14, 0xa5, 0x15, 0xa5, 0x14, 0xa5, 0x14, 0xa5, 0x15, 0xa5,
    0x14, 0x9d, 0xd4, 0x9c, 0xd3, 0x94, 0x93, 0x94, 0x72, 0x8c, 0x72, 0x8c,
    0xf4, 0xa4, 0x14, 0xa5, 0x35, 0xa5, 0x14, 0xa5, 0x35, 0xad, 0x34, 0xad,
    0x14, 0xa5, 0x35, 0xad, 0x35, 0xad, 0x35, 0xad, 0x35, 0xa5, 0x14, 0xa5,
    0xf4, 0xa4, 0x14, 0xa5, 0x15, 0xa5, 0x35, 0xa5, 0x35, 0xa5, 0x15, 0xa5,
    0x14, 0xa5, 0x14, 0x9d, 0xd4, 0x9c, 0xd4, 0x9c, 0xd4, 0x94, 0xd4, 0x94,
    0xd3, 0x94, 0xd4, 0x9c, 0xb3, 0x94, 0xd3, 0x94, 0xd4, 0x94, 0xd4, 0x9c,
    0xf4, 0x9c, 0x14, 0x9d, 0x15, 0xa5, 0x35, 0xa5, 0x55, 0xad, 0x56, 0xad,
    0x56, 0xad, 0x55, 0xad, 0x35, 0xad, 0x15, 0xa5, 0x14, 0xa5, 0xf4, 0xa4,
    0xf4, 0xa4, 0xf4, 0x9c, 0xf4, 0xa4, 0xf4, 0xa4, 0xf4, 0x9c, 0xf4, 0x9c,
    0xf4, 0xa4, 0x14, 0x9d, 0x14, 0xa5, 0xf4, 0x9c, 0xf4, 0x9c, 0xf4, 0xa4,
    0xf4, 0x9c, 0xf4, 0x9c, 0xd3, 0x9c, 0xd3, 0x9c, 0x93, 0x94, 0x72, 0x8c,
    0x51, 0x8c, 0x10, 0x7c, 0xaf, 0x73, 0x8e, 0x73, 0x4e, 0x6b, 0x2d, 0x63,
    0x2d, 0x63, 0x2d, 0x63, 0x4d, 0x6b, 0x0d, 0x63, 0x0c, 0x63, 0xec, 0x5a,
    0xcc, 0x5a, 0xcb, 0x5a, 0xab, 0x52, 0xab, 0x52, 0xab, 0x52, 0xab, 0x5a,
    0xcb, 0x5a, 0xcb, 0x5a, 0xcb, 0x5a, 0xab, 0x52, 0xab, 0x52, 0xab, 0x52,
    0xab, 0x52, 0xab, 0x52, 0xab, 0x52, 0xab, 0x52, 0xab, 0x52, 0xab, 0x52,
    0x8b, 0x52, 0xab, 0x52, 0xab, 0x52, 0xab, 0x52, 0x8a, 0x52, 0x8a, 0x52,
    0x8b, 0x4a, 0x8a, 0x52, 0x8b, 0x4a, 0x8b, 0x52, 0x8a, 0x4a, 0x8a, 0x4a,
    0x8a, 0x4a, 0x8b, 0x52, 0x8a, 0x4a, 0x8a, 0x52, 0xaa, 0x52, 0xab, 0x52,
    0x8b, 0x52, 0xab, 0x52, 0xab, 0x52, 0xcb, 0x5a, 0xcc, 0x52, 0xcc, 0x5a,
    0xcb, 0x5a, 0xcc, 0x5a, 0xcc, 0x5a, 0xcc, 0x52, 0xec, 0x5a, 0xcb, 0x5a,
    0xcb, 0x52, 0xec, 0x5a, 0xcb, 0x5a, 0xcb, 0x52, 0xcb, 0x52, 0xcb, 0x5a,
    0xab, 0x52, 0xab, 0x52, 0x8b, 0x52, 0x8a, 0x52, 0x8a, 0x52, 0x8a, 0x52,
    0x6a, 0x52, 0x6a, 0x4a, 0x8a, 0x52, 0x8a, 0x4a, 0x6b, 0x52, 0x8a, 0x52,
    0x8a, 0x52, 0x8a, 0x52, 0x8a, 0x52, 0x8b, 0x52, 0x8a, 0x52, 0x8a, 0x52,
    0x8a, 0x52, 0xec, 0x62, 0x6e, 0x73, 0xd0, 0x7b, 0x31, 0x84, 0x51, 0x8c,
    0x92, 0x94, 0xb3, 0x94, 0xd4, 0x9c, 0x14, 0xa5, 0x15, 0xa5, 0x35, 0xa5,
    0x35, 0xa5, 0x15, 0xa5, 0x34, 0xa5, 0x34, 0xa5, 0x15, 0xa5, 0x15, 0xa5,
    0x14, 0xa5, 0x15, 0xa5, 0x14, 0xa5, 0x14, 0xa5, 0x15, 0xa5, 0x14, 0xa5,
    0x14, 0xa5, 0x14, 0x9d, 0x14, 0xa5, 0x15, 0xa5, 0x15, 0xa5, 0x14, 0xa5,
    0x14, 0xa5, 0x15, 0xa5, 0xd4, 0x9c, 0x92, 0x8c, 0x52, 0x8c, 0x72, 0x8c,
    0x35, 0xa5, 0x14, 0xa5, 0x14, 0xa5, 0x15, 0xad, 0x35, 0xad, 0x15, 0xa5,
    0x15, 0xad, 0x35, 0xad, 0x35, 0xad, 0x35, 0xad, 0x35, 0xa5, 0x35, 0xa5,
    0x14, 0xa5, 0xf4, 0x9c, 0xf4, 0x9c, 0x15, 0xa5, 0x35, 0xa5, 0x35, 0xa5,
    0x35, 0xa5, 0x14, 0x9d, 0xf4, 0x9c, 0xd4, 0x9c, 0xd4, 0x94, 0xd3, 0x94,
    0xd4, 0x94, 0xb4, 0x94, 0xd3, 0x94, 0xb4, 0x94, 0xb3, 0x94, 0xd4, 0x9c,
    0xf4, 0x9c, 0x14, 0xa5, 0x35, 0xa5, 0x35, 0xa5, 0x55, 0xad, 0x56, 0xad,
    0x76, 0xad, 0x75, 0xad, 0x56, 0xad, 0x55, 0xad, 0x35, 0xa5, 0x15, 0xa5,
    0x15, 0xa5, 0x14, 0xa5, 0x15, 0xa5, 0x15, 0xa5, 0x14, 0xa5, 0xf4, 0xa4,
    0xf4, 0xa4, 0x14, 0xa5, 0x14, 0xa5, 0xf4, 0xa4, 0xf4, 0x9c, 0xf4, 0x9c,
    0xf4, 0x9c, 0xd4, 0x9c, 0xd3, 0x9c, 0x93, 0x94, 0x92, 0x94, 0x51, 0x8c,
    0x31, 0x84, 0xf0, 0x83, 0xcf, 0x7b, 0x6e, 0x6b, 0x4e, 0x6b, 0x4d, 0x6b,
    0x0d, 0x63, 0xcc, 0x5a, 0xec, 0x5a, 0x0c, 0x63, 0xec, 0x5a, 0xcc, 0x5a,
    0xcb, 0x5a, 0xab, 0x52, 0x8b, 0x52, 0x8b, 0x52, 0xaa, 0x52, 0xab, 0x5a,
    0xab, 0x52, 0xcb, 0x52, 0xcb, 0x52, 0xcb, 0x52, 0xab, 0x52, 0xab, 0x5a,
    0xcb, 0x52, 0xab, 0x52, 0xab, 0x52, 0xab, 0x52, 0xab, 0x52, 0x8b, 0x52,
    0xab, 0x52, 0x8b, 0x52, 0x8b, 0x52, 0x8a, 0x52, 0xab, 0x52, 0x8a, 0x4a,
    0x8b, 0x52, 0x8a, 0x4a, 0x8a, 0x52, 0x8a, 0x52, 0x8a, 0x52, 0x8a, 0x52,
    0x8b, 0x52, 0x8a, 0x4a, 0x8a, 0x52, 0x8b, 0x52, 0xab, 0x52, 0xab, 0x52,
    0xab, 0x52, 0xab, 0x52, 0xab, 0x52, 0xcb, 0x52, 0xcb, 0x5a, 0xcb, 0x52,
    0xcc, 0x5a, 0xeb, 0x5a, 0xcb, 0x52, 0xeb, 0x5a, 0xcb, 0x5a, 0xcc, 0x52,
    0xeb, 0x5a, 0xcc, 0x5a, 0xcc, 0x5a, 0xec, 0x5a, 0xcb, 0x52, 0xcc, 0x52,
    0xab, 0x52, 0xab, 0x52, 0xab, 0x52, 0x8b, 0x52, 0x8a, 0x52, 0x8a, 0x52,
    0x8a, 0x52, 0x8a, 0x52, 0x6a, 0x52, 0x8a, 0x52, 0x8a, 0x52, 0x8a, 0x52,
    0x8b, 0x52, 0x6a, 0x52, 0x6a, 0x4a, 0x8a, 0x52, 0x6a, 0x4a, 0x8a, 0x52,
    0x0d, 0x63, 0x8e, 0x73, 0xf0, 0x7b, 0x31, 0x84, 0x72, 0x94, 0xb3, 0x94,
    0xd3, 0x9c, 0xf4, 0x9c, 0x14, 0xa5, 0x35, 0xa5, 0x35, 0xa5, 0x35, 0xad,
    0x15, 0xa5, 0x35, 0xa5, 0x15, 0xa5, 0x14, 0xa5, 0x15, 0xa5, 0x14, 0xa5,
    0x14, 0xa5, 0x14, 0xa5, 0x15, 0xa5, 0x14, 0xa5, 0xf4, 0x9c, 0xf5, 0xa4,
    0x14, 0xa5, 0x15, 0xa5, 0x15, 0xa5, 0x14, 0xa5, 0xf4, 0x9c, 0x15, 0xa5,
    0x14, 0xa5, 0xf4, 0xa4, 0xd4, 0x9c, 0x93, 0x94, 0x72, 0x8c, 0x52, 0x8c,
    0x35, 0xad, 0x35, 0xad, 0x14, 0xa5, 0x14, 0xa5, 0x14, 0xad, 0x34, 0xad,
    0x14, 0xa5, 0x14, 0xad, 0x34, 0xa5, 0x35, 0xa5, 0x35, 0xad, 0x55, 0xad,
    0x35, 0xa5, 0x14, 0xa5, 0xf4, 0x9c, 0xf4, 0xa4, 0x14, 0xa5, 0x15, 0xa5,
    0x15, 0xa5, 0x14, 0x9d, 0xf4, 0x9c, 0xd4, 0x94, 0xb3, 0x94, 0xb3, 0x94,
    0xb3, 0x94, 0xd3, 0x94, 0xb3, 0x94, 0xb3, 0x94, 0xb4, 0x94, 0xf4, 0x9c,
    0xf4, 0x9c, 0x14, 0xa5, 0x35, 0xa5, 0x55, 0xa5, 0x56, 0xad, 0x76, 0xad,
    0x76, 0xad, 0x76, 0xad, 0x76, 0xad, 0x76, 0xad, 0x56, 0xad, 0x55, 0xad,
    0x55, 0xad, 0x35, 0xad, 0x35, 0xa5, 0x35, 0xa5, 0x15, 0xa5, 0x15, 0xa5,
    0x14, 0xa5, 0x14, 0xa5, 0xf5, 0x9c, 0xf4, 0xa4, 0xf4, 0xa4, 0xf4, 0x9c,
    0xd4, 0x9c, 0xd3, 0x9c, 0x93, 0x94, 0x72, 0x94, 0x72, 0x8c, 0x51, 0x84,
    0x10, 0x84, 0xf0, 0x7b, 0xcf, 0x7b, 0x8e, 0x73, 0x4e, 0x6b, 0x2d, 0x63,
    0x0c, 0x63, 0xec, 0x5a, 0xcc, 0x5a, 0xec, 0x5a, 0xcc, 0x5a, 0xcb, 0x5a,
    0xab, 0x52, 0xab, 0x52, 0x8b, 0x52, 0xaa, 0x52, 0x8b, 0x52, 0xab, 0x52,
    0xab, 0x52, 0xab, 0x5a, 0xcb, 0x5a, 0xcc, 0x5a, 0xab, 0x52, 0xab, 0x52,
    0xab, 0x52, 0xcb, 0x52, 0xab, 0x52, 0xab, 0x52, 0xab, 0x52, 0xab, 0x52,
    0xab, 0x52, 0x8b, 0x52, 0xab, 0x52, 0x8b, 0x52, 0x8b, 0x52, 0x8b, 0x52,
    0x8a, 0x4a, 0x8a, 0x52, 0x8a, 0x52, 0x8b, 0x4a, 0x8b, 0x52, 0x8b, 0x4a,
    0x8b, 0x52, 0x8b, 0x52, 0x8b, 0x52, 0xab, 0x52, 0xab, 0x52, 0xab, 0x52,
    0xab, 0x52, 0xab, 0x52, 0xab, 0x52, 0xcb, 0x5a, 0xcc, 0x5a, 0xcc, 0x5a,
    0xcb, 0x5a, 0xec, 0x5a, 0xec, 0x5a, 0xcc, 0x5a, 0xcc, 0x5a, 0xcc, 0x52,
    0xcc, 0x5a, 0xcc, 0x5a, 0xcc, 0x5a, 0xcc, 0x5a, 0xcc, 0x5a, 0xcb, 0x5a,
    0xcb, 0x52, 0xab, 0x52, 0xab, 0x5a, 0xab, 0x52, 0x8b, 0x52, 0x8a, 0x52,
    0x8a, 0x52, 0x8b, 0x52, 0x8a, 0x52, 0x8a, 0x52, 0x8b, 0x52, 0x8b, 0x52,
    0x8a, 0x4a, 0x6a, 0x52, 0x6a, 0x4a, 0x6a, 0x4a, 0xab, 0x5a, 0x4d, 0x6b,
    0xaf, 0x73, 0x10, 0x84, 0x31, 0x8c, 0x72, 0x94, 0xb3, 0x94, 0xd3, 0x9c,
    0xf4, 0xa4, 0x14, 0xa5, 0x35, 0xa5, 0x35, 0xad, 0x35, 0xa5, 0x34, 0xa5,
    0x14, 0xad, 0x15, 0xa5, 0x14, 0xa5, 0x15, 0xa5, 0x15, 0xa5, 0x14, 0xa5,
    0x15, 0xa5, 0x15, 0xa5, 0xf4, 0x9c, 0x14, 0xa5, 0xf4, 0x9c, 0xf4, 0x9c,
    0xf4, 0xa4, 0xf4, 0x9c, 0xf4, 0xa4, 0x14, 0x9d, 0xf4, 0x9c, 0xf4, 0xa4,
    0xf5, 0xa4, 0xf4, 0x9c, 0xd4, 0x9c, 0xb3, 0x94, 0x72, 0x8c, 0x51, 0x8c,
    0x34, 0xa5, 0x34, 0xad, 0x35, 0xa5, 0x15, 0xa5, 0x14, 0xa5, 0x14, 0xa5,
    0x14, 0xad, 0x15, 0xa5, 0x34, 0xad, 0x35, 0xad, 0x35, 0xad, 0x55, 0xad,
    0x55, 0xa5, 0x35, 0xa5, 0x14, 0xa5, 0x14, 0xa5, 0x15, 0xa5, 0x14, 0xa5,
    0x14, 0xa5, 0x14, 0x9d, 0xd4, 0x9c, 0xb4, 0x94, 0xb3, 0x94, 0xb3, 0x94,
    0xb3, 0x94, 0xb3, 0x94, 0xb3, 0x94, 0xb3, 0x94, 0xd4, 0x94, 0xd4, 0x9c,
    0x14, 0x9d, 0x15, 0xa5, 0x35, 0xa5, 0x55, 0xad, 0x56, 0xad, 0x76, 0xad,
    0x76, 0xb5, 0x76, 0xb5, 0x76, 0xb5, 0x96, 0xb5, 0x76, 0xad, 0x76, 0xad,
    0x56, 0xad, 0x55, 0xad, 0x55, 0xad, 0x35, 0xa5, 0x55, 0xad, 0x35, 0xa5,
    0x15, 0xa5, 0x14, 0xa5, 0x14, 0xa5, 0x14, 0x9d, 0xf4, 0x9c, 0xf4, 0x9c,
    0xd3, 0x9c, 0xb3, 0x94, 0x92, 0x94, 0x72, 0x8c, 0x51, 0x8c, 0x31, 0x84,
    0x11, 0x84, 0xf0, 0x7b, 0xaf, 0x73, 0x6e, 0x6b, 0x2d, 0x6b, 0x0c, 0x63,
    0xec, 0x5a, 0x0c, 0x63, 0xec, 0x5a, 0xcc, 0x5a, 0xcb, 0x5a, 0xab, 0x52,
    0xab, 0x52, 0xaa, 0x52, 0xab, 0x52, 0x8b, 0x52, 0xab, 0x52, 0xab, 0x52,
    0xab, 0x5a, 0xcb, 0x5a, 0xcb, 0x5a, 0xcb, 0x52, 0xcc, 0x5a, 0xab, 0x52,
    0xab, 0x52, 0xab, 0x5a, 0xab, 0x52, 0xab, 0x52, 0xab, 0x52, 0xab, 0x52,
    0xab, 0x52, 0xab, 0x52, 0xab, 0x52, 0xab, 0x52, 0xab, 0x52, 0x8a, 0x52,
    0x8a, 0x52, 0x8b, 0x4a, 0x8b, 0x52, 0x8a, 0x4a, 0x8a, 0x4a, 0x8b, 0x52,
    0x8a, 0x4a, 0xaa, 0x52, 0x8b, 0x52, 0xab, 0x52, 0xab, 0x52, 0xab, 0x52,
    0xab, 0x52, 0xcb, 0x52, 0xcb, 0x52, 0xcb, 0x5a, 0xcc, 0x5a, 0xec, 0x5a,
    0xcc, 0x5a, 0xec, 0x5a, 0xec, 0x5a, 0xcc, 0x5a, 0xeb, 0x5a, 0xeb, 0x5a,
    0xcc, 0x5a, 0xcb, 0x52, 0xcb, 0x52, 0xeb, 0x5a, 0xcb, 0x5a, 0xcb, 0x52,
    0xcb, 0x5a, 0xab, 0x5a, 0xab, 0x52, 0xab, 0x52, 0xab, 0x52, 0x8b, 0x52,
    0x8b, 0x52, 0x8a, 0x52, 0x8b, 0x52, 0x8b, 0x52, 0x8a, 0x52, 0x8a, 0x52,
    0x6a, 0x4a, 0x6a, 0x4a, 0x8a, 0x52, 0xcc, 0x5a, 0x4e, 0x6b, 0xcf, 0x7b,
    0x10, 0x84, 0x52, 0x8c, 0x92, 0x94, 0xb3, 0x94, 0xd4, 0x9c, 0x14, 0xa5,
    0x35, 0xa5, 0x35, 0xa5, 0x35, 0xad, 0x35, 0xad, 0x35, 0xa5, 0x14, 0xa5,
    0x15, 0xa5, 0x14, 0xa5, 0x14, 0xa5, 0x14, 0xa5, 0x14, 0xa5, 0xf4, 0x9c,
    0xf4, 0xa4, 0x14, 0x9d, 0xf4, 0xa4, 0xf4, 0xa4, 0xf4, 0xa4, 0xf4, 0x9c,
    0xf4, 0xa4, 0xf4, 0xa4, 0xf4, 0x9c, 0xf4, 0xa4, 0xf4, 0xa4, 0xf4, 0x9c,
    0xf4, 0x9c, 0xf4, 0x9c, 0xd3, 0x9c, 0x92, 0x94, 0x52, 0x8c, 0x52, 0x8c,
    0x35, 0xa5, 0x15, 0xad, 0x34, 0xad, 0x34, 0xad, 0x14, 0xad, 0x15, 0xad,
    0x14, 0xa5, 0x35, 0xa5, 0x35, 0xad, 0x35, 0xad, 0x35, 0xad, 0x35, 0xa5,
    0x55, 0xad, 0x35, 0xad, 0x35, 0xa5, 0x35, 0xa5, 0x35, 0xa5, 0x35, 0xa5,
    0x35, 0xa5, 0x14, 0x9d, 0xd4, 0x9c, 0xb3, 0x94, 0xb3, 0x94, 0xb3, 0x94,
    0xb3, 0x94, 0xb3, 0x94, 0xb3, 0x94, 0xb3, 0x94, 0xd3, 0x94, 0xf4, 0x9c,
    0x14, 0xa5, 0x15, 0xa5, 0x35, 0xa5, 0x55, 0xad, 0x76, 0xad, 0x76, 0xad,
    0x76, 0xb5, 0x76, 0xad, 0x96, 0xad, 0x97, 0xb5, 0x96, 0xb5, 0x96, 0xad,
    0x76, 0xad, 0x76, 0xad, 0x56, 0xad, 0x55, 0xad, 0x55, 0xad, 0x35, 0xad,
    0x35, 0xa5, 0x35, 0xa5, 0x14, 0xa5, 0xf4, 0xa4, 0xf4, 0x9c, 0xd4, 0x9c,
    0xb3, 0x9c, 0x92, 0x94, 0x72, 0x8c, 0x52, 0x8c, 0x31, 0x8c, 0x11, 0x84,
    0xf0, 0x7b, 0xcf, 0x7b, 0x8f, 0x73, 0x4d, 0x6b, 0x0d, 0x63, 0x0c, 0x63,
    0x0c, 0x63, 0x0c, 0x5b, 0xcc, 0x5a, 0xcb, 0x5a, 0xab, 0x52, 0xab, 0x52,
    0xab, 0x52, 0xab, 0x52, 0x8b, 0x52, 0xab, 0x52, 0x8a, 0x52, 0x8b, 0x52,
    0xab, 0x52, 0xab, 0x52, 0xab, 0x52, 0xcb, 0x5a, 0xcb, 0x5a, 0xcb, 0x5a,
    0xab, 0x52, 0xab, 0x52, 0xcb, 0x52, 0xab, 0x52, 0xab, 0x52, 0xab, 0x52,
    0xab, 0x52, 0xab, 0x52, 0xab, 0x52, 0xab, 0x52, 0x8b, 0x52, 0x8a, 0x52,
    0x8b, 0x52, 0xab, 0x52, 0x8b, 0x52, 0x8a, 0x52, 0x8b, 0x52, 0x8a, 0x52,
    0xab, 0x52, 0xab, 0x52, 0xab, 0x52, 0xab, 0x52, 0xab, 0x52, 0xcb, 0x52,
    0xcb, 0x5a, 0xcc, 0x5a, 0xcc, 0x5a, 0xcc, 0x5a, 0xec, 0x5a, 0xec, 0x5a,
    0xec, 0x5a, 0xec, 0x5a, 0xec, 0x5a, 0xcb, 0x5a, 0xec, 0x5a, 0xcc, 0x52,
    0xcb, 0x52, 0xcb, 0x5a, 0xcb, 0x5a, 0xcc, 0x52, 0xcc, 0x5a, 0xcc, 0x5a,
    0xcb, 0x52, 0xcb, 0x52, 0xac, 0x52, 0xab, 0x52, 0xab, 0x52, 0xab, 0x52,
    0x8b, 0x52, 0xaa, 0x52, 0x8a, 0x52, 0x8a, 0x52, 0x6a, 0x52, 0x6a, 0x4a,
    0x6a, 0x4a, 0x8b, 0x52, 0xec, 0x62, 0x6e, 0x6b, 0xd0, 0x7b, 0x31, 0x84,
    0x52, 0x8c, 0x92, 0x94, 0xd3, 0x9c, 0xf4, 0x9c, 0x14, 0xa5, 0x35, 0xa5,
    0x35, 0xad, 0x35, 0xad, 0x34, 0xa5, 0x35, 0xa5, 0x15, 0xa5, 0x14, 0xa5,
    0x15, 0xa5, 0x15, 0xa5, 0x14, 0xa5, 0xf4, 0xa4, 0x14, 0xa5, 0xf4, 0x9c,
    0xf4, 0xa4, 0xf4, 0xa4, 0xf4, 0x9c, 0xf4, 0x9c, 0xf4, 0x9c, 0xf4, 0xa4,
    0xf4, 0x9c, 0xf4, 0x9c, 0xf4, 0xa4, 0xf4, 0x9c, 0xf4, 0xa4, 0xf4, 0x9c,
    0xf4, 0x9c, 0xf4, 0xa4, 0xd4, 0x9c, 0x93, 0x94, 0x72, 0x8c, 0x72, 0x8c,
    0x15, 0xad, 0x35, 0xad, 0x14, 0xa5, 0x14, 0xa5, 0x14, 0xad, 0x15, 0xa5,
    0x14, 0xad, 0x14, 0xad, 0x35, 0xa5, 0x35, 0xad, 0x35, 0xa5, 0x55, 0xad,
    0x55, 0xad, 0x35, 0xad, 0x35, 0xad, 0x35, 0xa5, 0x35, 0xad, 0x55, 0xa5,
    0x35, 0xa5, 0x14, 0xa5, 0xd4, 0x9c, 0xb3, 0x94, 0x93, 0x94, 0x93, 0x94,
    0x93, 0x8c, 0x93, 0x94, 0xb3, 0x94, 0xb3, 0x94, 0xd4, 0x94, 0xf4, 0x9c,
    0x14, 0xa5, 0x35, 0xa5, 0x35, 0xa5, 0x56, 0xad, 0x76, 0xad, 0x76, 0xb5,
    0x76, 0xad, 0x96, 0xb5, 0x96, 0xb5, 0x97, 0xb5, 0x97, 0xb5, 0x96, 0xb5,
    0x77, 0xb5, 0x76, 0xad, 0x56, 0xad, 0x35, 0xa5, 0x35, 0xa5, 0x35, 0xa5,
    0x35, 0xa5, 0x15, 0xa5, 0x14, 0xa5, 0xf4, 0x9c, 0xd4, 0x9c, 0xd3, 0x9c,
    0xb3, 0x94, 0x72, 0x8c, 0x52, 0x8c, 0x31, 0x8c, 0x10, 0x84, 0xf0, 0x7b,
    0xcf, 0x7b, 0xaf, 0x73, 0x6e, 0x6b, 0x4d, 0x6b, 0x0d, 0x63, 0x0c, 0x63,
    0x0c, 0x5b, 0xcc, 0x5a, 0xab, 0x5a, 0xab, 0x52, 0xab, 0x52, 0xab, 0x52,
    0xab, 0x52, 0xab, 0x5a, 0x8b, 0x52, 0xaa, 0x52, 0xaa, 0x52, 0x8b, 0x52,
    0xab, 0x52, 0xab, 0x52, 0xab, 0x5a, 0xcb, 0x5a, 0xcb, 0x52, 0xcc, 0x5a,
    0xab, 0x52, 0xab, 0x52, 0xab, 0x5a, 0xab, 0x5a, 0xab, 0x52, 0xab, 0x52,
    0xab, 0x52, 0xab, 0x5a, 0xab, 0x52, 0xab, 0x52, 0x8b, 0x52, 0x8b, 0x52,
    0xab, 0x52, 0x8a, 0x52, 0x8a, 0x52, 0x8b, 0x52, 0xab, 0x52, 0x8b, 0x52,
    0xab, 0x52, 0xab, 0x52, 0xab, 0x52, 0xcb, 0x52, 0xcb, 0x5a, 0xcb, 0x52,
    0xcc, 0x5a, 0xcc, 0x5a, 0xec, 0x5a, 0xec, 0x5a, 0xec, 0x5a, 0xec, 0x5a,
    0xec, 0x5a, 0xec, 0x5a, 0xec, 0x5a, 0xcc, 0x5a, 0xcc, 0x5a, 0xec, 0x5a,
    0xcc, 0x5a, 0xcc, 0x5a, 0xec, 0x52, 0xcc, 0x5a, 0xcc, 0x5a, 0xeb, 0x5a,
    0xec, 0x5a, 0xcc, 0x5a, 0xcb, 0x5a, 0xcb, 0x52, 0xab, 0x5a, 0xab, 0x52,
    0xab, 0x52, 0x8b, 0x5a, 0x8b, 0x52, 0x8a, 0x52, 0x6a, 0x4a, 0x6a, 0x4a,
    0xab, 0x52, 0x0d, 0x63, 0x8e, 0x73, 0xf0, 0x7b, 0x31, 0x84, 0x72, 0x8c,
    0x93, 0x94, 0xd3, 0x9c, 0xf4, 0x9c, 0x14, 0xa5, 0x15, 0xa5, 0x35, 0xa5,
    0x35, 0xa5, 0x35, 0xa5, 0x35, 0xa5, 0x35, 0xa5, 0x15, 0xa5, 0x14, 0xa5,
    0x14, 0xa5, 0x14, 0xa5, 0x14, 0x9d, 0xf4, 0xa4, 0xf4, 0x9c, 0xf4, 0xa4,
    0xf4, 0x9c, 0xf4, 0x9c, 0xf4, 0x9c, 0xf4, 0x9c, 0xf4, 0xa4, 0xf4, 0x9c,
    0xf4, 0x9c, 0xf4, 0xa4, 0xf4, 0x9c, 0xf4, 0x9c, 0xf4, 0xa4, 0xf4, 0xa4,
    0xf4, 0xa4, 0xf4, 0xa4, 0xf4, 0x9c, 0xf4, 0x9c, 0xb3, 0x94, 0x72, 0x94,
    0x14, 0xa5, 0x14, 0xa5, 0x14, 0xa5, 0x15, 0xad, 0x14, 0xa5, 0x34, 0xa5,
    0x14, 0xa5, 0x15, 0xad, 0x34, 0xad, 0x35, 0xa5, 0x35, 0xad, 0x35, 0xad,
    0x55, 0xad, 0x55, 0xad, 0x35, 0xad, 0x34, 0xad, 0x35, 0xad, 0x55, 0xad,
    0x35, 0xa5, 0x14, 0xa5, 0xf4, 0x9c, 0xb3, 0x94, 0x93, 0x94, 0x93, 0x8c,
    0x93, 0x8c, 0x92, 0x8c, 0x93, 0x94, 0xd3, 0x94, 0xd4, 0x9c, 0xf4, 0x9c,
    0x14, 0xa5, 0x35, 0xa5, 0x55, 0xad, 0x76, 0xad, 0x76, 0xad, 0x96, 0xb5,
    0x96, 0xb5, 0x97, 0xb5, 0x96, 0xb5, 0x96, 0xad, 0x96, 0xb5, 0x76, 0xad,
    0x76, 0xad, 0x76, 0xad, 0x76, 0xad, 0x55, 0xad, 0x35, 0xa5, 0x15, 0xa5,
    0x14, 0x9d, 0xf4, 0xa4, 0xf4, 0x9c, 0xf4, 0x9c, 0xd3, 0x9c, 0xb3, 0x94,
    0x92, 0x94, 0x72, 0x8c, 0x51, 0x8c, 0x11, 0x84, 0xf0, 0x7b, 0xcf, 0x7b,
    0xaf, 0x73, 0x6e, 0x6b, 0x4d, 0x6b, 0x2d, 0x63, 0x0d, 0x63, 0xec, 0x62,
    0xcc, 0x5a, 0xcb, 0x5a, 0xab, 0x52, 0x8a, 0x52, 0x8b, 0x52, 0xab, 0x52,
    0xab, 0x52, 0x8a, 0x52, 0xab, 0x52, 0xab, 0x52, 0xab, 0x52, 0xab, 0x5a,
    0xab, 0x52, 0x8b, 0x52, 0xab, 0x52, 0xcb, 0x5a, 0xcb, 0x5a, 0xcb, 0x52,
    0xcc, 0x52, 0xab, 0x52, 0xab, 0x52, 0xab, 0x52, 0xab, 0x52, 0xab, 0x52,
    0xab, 0x52, 0xab, 0x52, 0xab, 0x52, 0xab, 0x52, 0xab, 0x52, 0xab, 0x52,
    0x8b, 0x52, 0x8b, 0x52, 0xab, 0x52, 0xab, 0x52, 0xab, 0x52, 0xab, 0x52,
    0xab, 0x52, 0xab, 0x52, 0xcb, 0x52, 0xcc, 0x5a, 0xcb, 0x5a, 0xcc, 0x5a,
    0xec, 0x5a, 0xec, 0x5a, 0xec, 0x5a, 0xec, 0x5a, 0xec, 0x5a, 0xec, 0x5a,
    0xec, 0x5a, 0xec, 0x5a, 0xec, 0x5a, 0xeb, 0x5a, 0xec, 0x5a, 0xeb, 0x5a,
    0xcb, 0x5a, 0xcc, 0x52, 0xcc, 0x5a, 0xcb, 0x5a, 0xeb, 0x5a, 0xcc, 0x52,
    0xcc, 0x5a, 0xeb, 0x5a, 0xcb, 0x52, 0xcb, 0x5a, 0xcb, 0x52, 0xab, 0x52,
    0xab, 0x52, 0x8b, 0x52, 0x8a, 0x52, 0x6a, 0x52, 0x8a, 0x52, 0xcb, 0x5a,
    0x4d, 0x6b, 0x8f, 0x73, 0xf0, 0x7b, 0x31, 0x8c, 0x72, 0x8c, 0x93, 0x94,
    0xd3, 0x9c, 0xf4, 0x9c, 0x14, 0xa5, 0x15, 0xa5, 0x15, 0xa5, 0x15, 0xa5,
    0x15, 0xa5, 0x15, 0xa5, 0x15, 0xa5, 0x14, 0xa5, 0x14, 0xa5, 0x15, 0xa5,
    0xf4, 0xa4, 0x14, 0xa5, 0xf4, 0xa4, 0xf4, 0x9c, 0xf4, 0x9c, 0xf4, 0x9c,
    0xf4, 0xa4, 0xf4, 0x9c, 0xf4, 0xa4, 0xf4, 0xa4, 0xf4, 0x9c, 0xf4, 0x9c,
    0xd4, 0x9c, 0xf3, 0x9c, 0xf4, 0x9c, 0xd4, 0xa4, 0xf4, 0x9c, 0xf4, 0x9c,
    0xf4, 0xa4, 0xf4, 0x9c, 0xf4, 0x9c, 0xf4, 0xa4, 0xd3, 0x9c, 0x93, 0x94,
    0x14, 0xa5, 0x14, 0xad, 0x14, 0xad, 0x14, 0xa5, 0x15, 0xad, 0x14, 0xad,
    0x14, 0xad, 0x35, 0xa5, 0x35, 0xa5, 0x14, 0xad, 0x35, 0xad, 0x55, 0xad,
    0x55, 0xa5, 0x35, 0xad, 0x35, 0xad, 0x34, 0xad, 0x35, 0xad, 0x35, 0xad,
    0x55, 0xad, 0x35, 0xa5, 0x14, 0x9d, 0xd3, 0x94, 0x93, 0x8c, 0x72, 0x8c,
    0x92, 0x8c, 0x93, 0x94, 0xb3, 0x94, 0xd4, 0x9c, 0xf4, 0x9c, 0x14, 0xa5,
    0x35, 0xa5, 0x35, 0xa5, 0x56, 0xad, 0x76, 0xad, 0x76, 0xb5, 0x76, 0xb5,
    0x97, 0xad, 0x96, 0xb5, 0x97, 0xb5, 0x96, 0xb5, 0x96, 0xad, 0x76, 0xad,
    0x76, 0xad, 0x56, 0xad, 0x56, 0xad, 0x55, 0xa5, 0x35, 0xa5, 0x35, 0xa5,
    0x14, 0xa5, 0xf4, 0xa4, 0xf4, 0x9c, 0xd3, 0x9c, 0xb3, 0x94, 0x92, 0x94,
    0x72, 0x8c, 0x51, 0x8c, 0x31, 0x84, 0xf0, 0x83, 0xcf, 0x7b, 0xaf, 0x73,
    0x6e, 0x6b, 0x2d, 0x6b, 0x2d, 0x63, 0x0d, 0x63, 0xec, 0x5a, 0xcc, 0x5a,
    0xcb, 0x5a, 0xab, 0x52, 0x8b, 0x52, 0x8a, 0x52, 0x8a, 0x52, 0xab, 0x52,
    0xab, 0x52, 0x8a, 0x52, 0xab, 0x52, 0xab, 0x52, 0xab, 0x52, 0xaa, 0x52,
    0x8b, 0x52, 0x8b, 0x52, 0xaa, 0x52, 0xab, 0x5a, 0xab, 0x5a, 0xcb, 0x5a,
    0xcb, 0x5a, 0xcb, 0x5a, 0xcb, 0x52, 0xab, 0x52, 0xab, 0x5a, 0xab, 0x52,
    0xab, 0x52, 0xab, 0x52, 0xab, 0x52, 0xab, 0x52, 0xab, 0x52, 0xab, 0x52,
    0xab, 0x52, 0xab, 0x52, 0xab, 0x52, 0xab, 0x52, 0xab, 0x52, 0xab, 0x52,
    0xcb, 0x52, 0xcb, 0x52, 0xcb, 0x5a, 0xec, 0x5a, 0xcc, 0x5a, 0xec, 0x5a,
    0xec, 0x5a, 0xec, 0x5a, 0xec, 0x5a, 0xec, 0x5a, 0xec, 0x5a, 0xec, 0x5a,
    0xec, 0x5a, 0xec, 0x5a, 0xec, 0x5a, 0xcc, 0x5a, 0xcb, 0x5a, 0xcc, 0x52,
    0xcc, 0x52, 0xcb, 0x5a, 0xec, 0x5a, 0xcb, 0x5a, 0xec, 0x5a, 0xec, 0x5a,
    0xec, 0x5a, 0xcc, 0x5a, 0xcb, 0x5a, 0xcc, 0x52, 0xcb, 0x5a, 0xab, 0x5a,
    0xab, 0x52, 0x8b, 0x52, 0x8a, 0x52, 0xab, 0x52, 0xec, 0x62, 0x6e, 0x6b,
    0xaf, 0x7b, 0x10, 0x84, 0x51, 0x8c, 0x72, 0x8c, 0x93, 0x94, 0xb3, 0x9c,
    0xf4, 0x9c, 0x14, 0xa5, 0x14, 0xa5, 0x15, 0xa5, 0x14, 0xa5, 0x14, 0xa5,
    0x14, 0xa5, 0x14, 0xa5, 0x14, 0xa5, 0x14, 0xa5, 0x14, 0xa5, 0x14, 0xa5,
    0x14, 0xa5, 0xf4, 0x9c, 0xf4, 0xa4, 0xf4, 0xa4, 0xf4, 0x9c, 0xf4, 0xa4,
    0xf4, 0x9c, 0xd4, 0x9c, 0xd3, 0x9c, 0xf4, 0x9c, 0xf4, 0x9c, 0xd4, 0x9c,
    0xd4, 0xa4, 0xd3, 0x9c, 0xf4, 0x9c, 0xf3, 0x9c, 0xd4, 0x9c, 0xf4, 0x9c,
    0xf4, 0x9c, 0xf4, 0x9c, 0xf4, 0x9c, 0xd4, 0x9c, 0xb3, 0x9c, 0xb3, 0x94,
    0x14, 0xa5, 0x15, 0xa5, 0x15, 0xad, 0x14, 0xad, 0x14, 0xa5, 0x14, 0xa5,
    0x14, 0xad, 0x35, 0xad, 0x34, 0xa5, 0x35, 0xad, 0x35, 0xa5, 0x35, 0xa5,
    0x55, 0xad, 0x35, 0xa5, 0x34, 0xad, 0x34, 0xad, 0x35, 0xad, 0x35, 0xad,
    0x55, 0xad, 0x55, 0xad, 0x55, 0xad, 0xf4, 0x9c, 0xb3, 0x94, 0x93, 0x8c,
    0x93, 0x94, 0xb3, 0x94, 0xd3, 0x94, 0xd4, 0x9c, 0x14, 0x9d, 0x15, 0xa5,
    0x35, 0xa5, 0x55, 0xad, 0x56, 0xad, 0x76, 0xb5, 0x96, 0xb5, 0x96, 0xb5,
    0x96, 0xb5, 0x97, 0xb5, 0xb7, 0xb5, 0x97, 0xb5, 0x96, 0xb5, 0x96, 0xad,
    0x76, 0xad, 0x76, 0xad, 0x56, 0xad, 0x35, 0xa5, 0x35, 0xa5, 0x35, 0xa5,
    0x15, 0xa5, 0xf4, 0x9c, 0xf4, 0x9c, 0xb3, 0x9c, 0x93, 0x94, 0x92, 0x94,
    0x52, 0x8c, 0x31, 0x84, 0x10, 0x84, 0xd0, 0x7b, 0xaf, 0x73, 0x6e, 0x73,
    0x4d, 0x6b, 0x2d, 0x63, 0x0c, 0x63, 0xec, 0x5a, 0xcb, 0x5a, 0xab, 0x5a,
    0xab, 0x52, 0xab, 0x52, 0xab, 0x52, 0x8a, 0x52, 0x8a, 0x52, 0x8b, 0x52,
    0xab, 0x52, 0xab, 0x52, 0xab, 0x5a, 0x8b, 0x52, 0xab, 0x52, 0xab, 0x52,
    0xaa, 0x52, 0x8b, 0x52, 0xab, 0x52, 0xab, 0x52, 0xab, 0x52, 0xcb, 0x52,
    0xcb, 0x5a, 0xcc, 0x5a, 0xcb, 0x5a, 0xcb, 0x5a, 0xcb, 0x52, 0xab, 0x52,
    0xab, 0x52, 0xab, 0x5a, 0xab, 0x52, 0xab, 0x52, 0xab, 0x52, 0xab, 0x52,
    0xab, 0x52, 0xab, 0x52, 0xab, 0x52, 0xab, 0x52, 0xab, 0x52, 0xcb, 0x5a,
    0xcc, 0x5a, 0xcc, 0x5a, 0xcc, 0x5a, 0xec, 0x5a, 0xec, 0x5a, 0xec, 0x5a,
    0xec, 0x5a, 0xec, 0x5a, 0xec, 0x5a, 0xec, 0x5a, 0xec, 0x5a, 0xec, 0x5a,
    0xec, 0x5a, 0xec, 0x5a, 0xcc, 0x5a, 0xcb, 0x5a, 0xcc, 0x5a, 0xcc, 0x52,
    0xcb, 0x5a, 0xec, 0x5a, 0xec, 0x5a, 0xec, 0x5a, 0xec, 0x5a, 0xcb, 0x5a,
    0xec, 0x5a, 0xec, 0x5a, 0xcc, 0x5a, 0xcb, 0x5a, 0xcb, 0x5a, 0xcb, 0x52,
    0xab, 0x52, 0xab, 0x52, 0xcb, 0x5a, 0x2d, 0x63, 0x8f, 0x73, 0xf0, 0x7b,
    0x31, 0x84, 0x51, 0x8c, 0x72, 0x8c, 0xb3, 0x94, 0xd3, 0x9c, 0xf4, 0x9c,
    0xf4, 0xa4, 0xf4, 0x9c, 0xf4, 0xa4, 0xf4, 0x9c, 0xf4, 0x9c, 0xf4, 0x9c,
    0xf4, 0x9c, 0xf4, 0x9c, 0xf4, 0x9c, 0xf4, 0xa4, 0xf4, 0xa4, 0xf4, 0xa4,
    0xf4, 0xa4, 0xf4, 0x9c, 0xf4, 0x9c, 0xf4, 0xa4, 0xf4, 0x9c, 0xf4, 0x9c,
    0xf3, 0x9c, 0xd4, 0x9c, 0xd4, 0x9c, 0xd4, 0x9c, 0xd4, 0x9c, 0xd4, 0x9c,
    0xd4, 0x9c, 0xd4, 0x9c, 0xd4, 0x9c, 0xd4, 0x9c, 0xf3, 0x9c, 0xd4, 0xa4,
    0xf4, 0xa4, 0xf4, 0x9c, 0xf4, 0xa4, 0xd4, 0x9c, 0xb3, 0x94, 0xb3, 0x94,
    0x14, 0xa5, 0x14, 0xad, 0x14, 0xa5, 0x14, 0xa5, 0x14, 0xad, 0x15, 0xa5,
    0x35, 0xa5, 0x35, 0xa5, 0x34, 0xad, 0x35, 0xad, 0x35, 0xad, 0x35, 0xad,
    0x35, 0xad, 0x35, 0xa5, 0x14, 0xa5, 0x14, 0xad, 0x34, 0xad, 0x34, 0xad,
    0x35, 0xad, 0x55, 0xad, 0x56, 0xad, 0x56, 0xad, 0x15, 0xa5, 0xd3, 0x9c,
    0xd3, 0x94, 0xd4, 0x9c, 0xf4, 0x9c, 0xf4, 0x9c, 0x15, 0xa5, 0x35, 0xa5,
    0x55, 0xad, 0x56, 0xad, 0x76, 0xad, 0x96, 0xb5, 0x76, 0xad, 0x96, 0xb5,
    0x97, 0xb5, 0x97, 0xb5, 0x96, 0xb5, 0x97, 0xb5, 0x97, 0xb5, 0x96, 0xad,
    0x76, 0xad, 0x56, 0xad, 0x55, 0xad, 0x35, 0xa5, 0x35, 0xa5, 0x15, 0xa5,
    0x14, 0x9d, 0xf4, 0x9c, 0xd3, 0x9c, 0xb3, 0x94, 0x92, 0x94, 0x52, 0x8c,
    0x51, 0x8c, 0x11, 0x84, 0xf0, 0x7b, 0xaf, 0x73, 0x6e, 0x6b, 0x4d, 0x6b,
    0x2d, 0x6b, 0x0c, 0x63, 0xec, 0x5a, 0xcb, 0x5a, 0xab, 0x5a, 0x8b, 0x52,
    0x8a, 0x52, 0xab, 0x52, 0x8a, 0x52, 0xab, 0x52, 0x8b, 0x52, 0x8a, 0x52,
    0xaa, 0x52, 0xab, 0x52, 0xab, 0x52, 0xaa, 0x52, 0x8b, 0x52, 0xab, 0x5a,
    0xab, 0x52, 0xaa, 0x52, 0xab, 0x52, 0x8b, 0x52, 0xab, 0x5a, 0xab, 0x5a,
    0xcb, 0x5a, 0xcc, 0x5a, 0xcc, 0x52, 0xcb, 0x52, 0xab, 0x52, 0xcc, 0x52,
    0xcb, 0x52, 0xab, 0x52, 0xab, 0x5a, 0xab, 0x52, 0xab, 0x52, 0xab, 0x52,
    0xab, 0x5a, 0xab, 0x52, 0xcb, 0x52, 0xcb, 0x5a, 0xcb, 0x5a, 0xcc, 0x5a,
    0xec, 0x5a, 0xec, 0x5a, 0xec, 0x5a, 0xec, 0x5a, 0xec, 0x5a, 0xec, 0x5a,
    0xec, 0x5a, 0x0c, 0x5b, 0xec, 0x5a, 0xec, 0x5a, 0xec, 0x5a, 0xec, 0x5a,
    0xec, 0x5a, 0xeb, 0x5a, 0xcc, 0x5a, 0xcc, 0x5a, 0xcb, 0x5a, 0xec, 0x52,
    0xec, 0x5a, 0xec, 0x5a, 0xec, 0x5a, 0xec, 0x5a, 0xcc, 0x5a, 0xcc, 0x5a,
    0xeb, 0x5a, 0xcc, 0x5a, 0xec, 0x5a, 0xcb, 0x5a, 0xcb, 0x52, 0xab, 0x52,
    0xcb, 0x52, 0xec, 0x5a, 0x6e, 0x6b, 0xaf, 0x7b, 0xf0, 0x83, 0x31, 0x84,
    0x72, 0x8c, 0x92, 0x94, 0xb3, 0x94, 0xd3, 0x9c, 0xf4, 0x9c, 0xf4, 0x9c,
    0xf4, 0x9c, 0xd4, 0x9c, 0xd4, 0x9c, 0xd3, 0x9c, 0xd3, 0x9c, 0xb3, 0x9c,
    0xb3, 0x9c, 0xd3, 0x9c, 0xd3, 0x9c, 0xd4, 0x9c, 0xf4, 0x9c, 0xf4, 0x9c,
    0xf4, 0x9c, 0xf4, 0xa4, 0xf4, 0x9c, 0xd3, 0x9c, 0xd4, 0x9c, 0xd4, 0x9c,
    0xd3, 0x9c, 0xd4, 0x9c, 0xf4, 0x9c, 0xd4, 0x9c, 0xd3, 0x9c, 0xf3, 0x9c,
    0xf3, 0x9c, 0xd4, 0x9c, 0xf4, 0x9c, 0xd4, 0x9c, 0xf4, 0xa4, 0xf3, 0x9c,
    0xd4, 0x9c, 0xf4, 0xa4, 0xf4, 0x9c, 0xf4, 0xa4, 0xb3, 0x9c, 0x92, 0x94,
    0x14, 0xa5, 0x14, 0xad, 0x14, 0xa5, 0x14, 0xa5, 0x15, 0xad, 0x35, 0xad,
    0x14, 0xad, 0x35, 0xa5, 0x35, 0xad, 0x35, 0xad, 0x35, 0xa5, 0x35, 0xad,
    0x35, 0xa5, 0x34, 0xa5, 0x14, 0xa5, 0x14, 0xa5, 0x14, 0xad, 0x14, 0xad,
    0x34, 0xad, 0x55, 0xad, 0x55, 0xad, 0x76, 0xad, 0x76, 0xad, 0x55, 0xad,
    0x14, 0x9d, 0xf4, 0x9c, 0x14, 0xa5, 0x35, 0xa5, 0x35, 0xa5, 0x55, 0xad,
    0x76, 0xad, 0x76, 0xad, 0x76, 0xb5, 0x96, 0xad, 0x97, 0xb5, 0x97, 0xb5,
    0x97, 0xb5, 0x97, 0xb5, 0x96, 0xb5, 0x96, 0xb5, 0x96, 0xb5, 0x96, 0xb5,
    0x76, 0xad, 0x76, 0xad, 0x55, 0xad, 0x35, 0xa5, 0x35, 0xa5, 0x14, 0xa5,
    0xf4, 0x9c, 0xd4, 0x9c, 0xb3, 0x94, 0x92, 0x94, 0x72, 0x8c, 0x51, 0x8c,
    0x10, 0x84, 0xf0, 0x7b, 0xaf, 0x73, 0x6e, 0x73, 0x4e, 0x6b, 0x2d, 0x63,
    0x2d, 0x63, 0xec, 0x62, 0xcb, 0x5a, 0xab, 0x52, 0x8b, 0x52, 0x8b, 0x52,
    0x8a, 0x52, 0xab, 0x52, 0xab, 0x52, 0xaa, 0x5a, 0xab, 0x52, 0x8b, 0x52,
    0x8a, 0x52, 0x8a, 0x52, 0xab, 0x52, 0xab, 0x52, 0xab, 0x52, 0xab, 0x52,
    0xab, 0x52, 0xab, 0x52, 0xab, 0x52, 0xab, 0x52, 0xab, 0x52, 0xab, 0x52,
    0xab, 0x5a, 0xcb, 0x52, 0xcb, 0x5a, 0xcb, 0x5a, 0xcb, 0x52, 0xac, 0x5a,
    0xab, 0x5a, 0xab, 0x52, 0xab, 0x52, 0xab, 0x52, 0xab, 0x52, 0xcb, 0x52,
    0xab, 0x52, 0xcc, 0x52, 0xcc, 0x5a, 0xcc, 0x5a, 0xec, 0x5a, 0xcc, 0x5a,
    0xec, 0x5a, 0xec, 0x5a, 0xec, 0x5a, 0xec, 0x5a, 0xec, 0x5a, 0xec, 0x5a,
    0xec, 0x5a, 0xec, 0x62, 0xec, 0x5a, 0xec, 0x5a, 0xec, 0x5a, 0xec, 0x5a,
    0xec, 0x5a, 0xcc, 0x5a, 0xcb, 0x5a, 0xeb, 0x5a, 0xcc, 0x52, 0xcc, 0x5a,
    0xeb, 0x5a, 0xcc, 0x5a, 0xcb, 0x5a, 0xec, 0x5a, 0xcc, 0x5a, 0xec, 0x52,
    0xec, 0x5a, 0xcb, 0x5a, 0xcc, 0x5a, 0xcb, 0x52, 0xcc, 0x5a, 0xcc, 0x5a,
    0x2d, 0x63, 0x6e, 0x73, 0xd0, 0x7b, 0x11, 0x84, 0x52, 0x8c, 0x72, 0x8c,
    0x93, 0x94, 0xb3, 0x94, 0xd3, 0x9c, 0xf4, 0x9c, 0xf4, 0x9c, 0xd3, 0x9c,
    0xd3, 0x9c, 0xb3, 0x94, 0xb3, 0x94, 0xb3, 0x94, 0x93, 0x94, 0x92, 0x94,
    0x92, 0x94, 0x92, 0x94, 0x93, 0x94, 0xb3, 0x94, 0xd3, 0x9c, 0xd4, 0x9c,
    0xf4, 0x9c, 0xf4, 0x9c, 0xd4, 0x9c, 0xd4, 0x9c, 0xd3, 0x9c, 0xd3, 0x9c,
    0xd4, 0x9c, 0xd4, 0x9c, 0xd3, 0x9c, 0xd3, 0x9c, 0xd4, 0x9c, 0xd4, 0x9c,
    0xd4, 0x9c, 0xd3, 0x9c, 0xd3, 0x9c, 0xf3, 0x9c, 0xd4, 0x9c, 0xd4, 0x9c,
    0xf4, 0x9c, 0xf4, 0x9c, 0xf4, 0xa4, 0xf4, 0x9c, 0xd3, 0x9c, 0x72, 0x94,
    0x14, 0xa5, 0x14, 0xa5, 0x15, 0xad, 0x15, 0xad, 0x14, 0xa5, 0x14, 0xa5,
    0x35, 0xad, 0x35, 0xad, 0x35, 0xa5, 0x35, 0xad, 0x35, 0xa5, 0x55, 0xa5,
    0x35, 0xa5, 0x15, 0xa5, 0x14, 0xa5, 0x14, 0xa5, 0x14, 0xa5, 0x14, 0xa5,
    0x14, 0xad, 0x35, 0xad, 0x55, 0xad, 0x56, 0xad, 0x76, 0xad, 0x75, 0xad,
    0x56, 0xad, 0x55, 0xad, 0x35, 0xad, 0x55, 0xad, 0x56, 0xad, 0x76, 0xad,
    0x76, 0xad, 0x96, 0xb5, 0x96, 0xb5, 0x96, 0xb5, 0x97, 0xb5, 0x97, 0xb5,
    0x96, 0xb5, 0x96, 0xb5, 0x96, 0xb5, 0x76, 0xad, 0x76, 0xb5, 0x76, 0xad,
    0x76, 0xad, 0x56, 0xad, 0x55, 0xad, 0x35, 0xa5, 0x14, 0xa5, 0x14, 0xa5,
    0xd4, 0x9c, 0xb3, 0x94, 0x93, 0x94, 0x72, 0x8c, 0x51, 0x8c, 0x11, 0x84,
    0xf0, 0x7b, 0xcf, 0x7b, 0x8e, 0x73, 0x4e, 0x6b, 0x4d, 0x6b, 0x2d, 0x63,
    0xec, 0x5a, 0xcb, 0x5a, 0xab, 0x52, 0x8a, 0x52, 0x8a, 0x52, 0x8a, 0x52,
    0x8a, 0x52, 0x8b, 0x52, 0xab, 0x52, 0xab, 0x52, 0x8b, 0x52, 0x8a, 0x52,
    0x8b, 0x52, 0xab, 0x52, 0x8b, 0x52, 0xab, 0x5a, 0xaa, 0x52, 0xab, 0x52,
    0xab, 0x5a, 0xab, 0x5a, 0xaa, 0x52, 0x8b, 0x52, 0xab, 0x52, 0xab, 0x5a,
    0xab, 0x52, 0xcb, 0x5a, 0xcb, 0x5a, 0xcc, 0x5a, 0xcb, 0x5a, 0xcb, 0x52,
    0xcb, 0x5a, 0xab, 0x52, 0xcb, 0x52, 0xab, 0x52, 0xab, 0x52, 0xcb, 0x5a,
    0xcb, 0x5a, 0xcc, 0x5a, 0xcc, 0x5a, 0xec, 0x5a, 0xec, 0x5a, 0xec, 0x5a,
    0xec, 0x5a, 0xec, 0x5a, 0xec, 0x5a, 0x0c, 0x5b, 0x0c, 0x63, 0xec, 0x5a,
    0xec, 0x5a, 0xec, 0x5a, 0xec, 0x5a, 0xec, 0x5a, 0xec, 0x5a, 0xec, 0x5a,
    0xec, 0x5a, 0xcc, 0x5a, 0xec, 0x5a, 0xcc, 0x5a, 0xec, 0x5a, 0xeb, 0x5a,
    0xec, 0x5a, 0xcc, 0x52, 0xec, 0x5a, 0xcc, 0x5a, 0xcb, 0x5a, 0xeb, 0x5a,
    0xcc, 0x5a, 0xcc, 0x5a, 0xcb, 0x52, 0xcc, 0x5a, 0xec, 0x5a, 0x4d, 0x6b,
    0xaf, 0x73, 0xf0, 0x7b, 0x31, 0x84, 0x72, 0x8c, 0x92, 0x94, 0xb3, 0x94,
    0xd3, 0x9c, 0xd4, 0x9c, 0xd4, 0x9c, 0xf4, 0x9c, 0xd3, 0x9c, 0xb3, 0x94,
    0x92, 0x94, 0x92, 0x94, 0x72, 0x8c, 0x72, 0x8c, 0x72, 0x8c, 0x52, 0x8c,
    0x51, 0x8c, 0x31, 0x8c, 0x51, 0x8c, 0x72, 0x8c, 0x93, 0x94, 0xb3, 0x9c,
    0xd3, 0x9c, 0xd4, 0x9c, 0xd3, 0x9c, 0xd3, 0x9c, 0xd4, 0x9c, 0xd3, 0x9c,
    0xd3, 0x9c, 0xd4, 0x9c, 0xd3, 0x9c, 0xd3, 0x9c, 0xd4, 0x9c, 0xf4, 0x9c,
    0xd4, 0x9c, 0xd4, 0x9c, 0xd4, 0x9c, 0xd4, 0x9c, 0xd4, 0x9c, 0xd4, 0x9c,
    0xf4, 0x9c, 0xf4, 0xa4, 0xf4, 0x9c, 0xf4, 0x9c, 0xf4, 0x9c, 0xb3, 0x94,
    0x14, 0xa5, 0x14, 0xad, 0x14, 0xa5, 0x15, 0xad, 0x34, 0xad, 0x35, 0xa5,
    0x35, 0xad, 0x34, 0xa5, 0x35, 0xad, 0x35, 0xa5, 0x55, 0xad, 0x55, 0xad,
    0x35, 0xad, 0x15, 0xa5, 0xf4, 0x9c, 0xf4, 0xa4, 0xf3, 0xa4, 0x14, 0xad,
    0x14, 0xa5, 0x34, 0xad, 0x55, 0xad, 0x56, 0xad, 0x55, 0xad, 0x55, 0xad,
    0x76, 0xad, 0x56, 0xad, 0x76, 0xad, 0x76, 0xad, 0x76, 0xad, 0x76, 0xb5,
    0x96, 0xb5, 0x96, 0xb5, 0x97, 0xb5, 0x97, 0xb5, 0x96, 0xb5, 0x96, 0xad,
    0x96, 0xb5, 0x76, 0xad, 0x96, 0xb5, 0x76, 0xad, 0x76, 0xad, 0x76, 0xad,
    0x55, 0xad, 0x55, 0xad, 0x35, 0xa5, 0x15, 0xa5, 0xf4, 0xa4, 0xf4, 0x9c,
    0xd3, 0x9c, 0x93, 0x94, 0x72, 0x94, 0x52, 0x8c, 0x31, 0x84, 0x10, 0x84,
    0xcf, 0x7b, 0x8e, 0x73, 0x4e, 0x6b, 0x4d, 0x6b, 0x2d, 0x63, 0xec, 0x62,
    0xcb, 0x5a, 0xab, 0x52, 0x8b, 0x52, 0x8a, 0x52, 0x8b, 0x52, 0x8b, 0x52,
    0x8b, 0x52, 0xaa, 0x52, 0xab, 0x52, 0xab, 0x52, 0xaa, 0x52, 0x8b, 0x52,
    0xaa, 0x52, 0x8b, 0x52, 0xaa, 0x52, 0xab, 0x5a, 0xab, 0x52, 0x8b, 0x52,
    0xab, 0x52, 0xab, 0x52, 0xab, 0x52, 0xaa, 0x52, 0x8b, 0x52, 0xab, 0x52,
    0xab, 0x5a, 0xab, 0x5a, 0xcb, 0x5a, 0xcc, 0x5a, 0xec, 0x5a, 0xcb, 0x52,
    0xcb, 0x52, 0xcc, 0x5a, 0xcb, 0x52, 0xcb, 0x5a, 0xcc, 0x5a, 0xcc, 0x5a,
    0xec, 0x5a, 0xec, 0x5a, 0xec, 0x5a, 0xec, 0x5a, 0xec, 0x5a, 0x0c, 0x5b,
    0x0d, 0x63, 0x0c, 0x63, 0x0d, 0x5b, 0xec, 0x5a, 0x0c, 0x5b, 0xec, 0x5a,
    0xec, 0x5a, 0xec, 0x5a, 0xec, 0x5a, 0xec, 0x5a, 0xec, 0x5a, 0xcc, 0x5a,
    0xcc, 0x5a, 0xeb, 0x5a, 0xec, 0x5a, 0xec, 0x5a, 0xec, 0x5a, 0xec, 0x5a,
    0xcc, 0x5a, 0xcc, 0x5a, 0xec, 0x5a, 0xeb, 0x52, 0xcc, 0x5a, 0xcc, 0x5a,
    0xcc, 0x5a, 0xcb, 0x52, 0xcb, 0x5a, 0x0c, 0x63, 0x6e, 0x6b, 0xd0, 0x7b,
    0x11, 0x84, 0x51, 0x8c, 0x92, 0x8c, 0xb3, 0x94, 0xb3, 0x9c, 0xd3, 0x9c,
    0xf4, 0x9c, 0xf4, 0x9c, 0xd3, 0x9c, 0xb3, 0x9c, 0x93, 0x94, 0x72, 0x94,
    0x72, 0x8c, 0x51, 0x8c, 0x31, 0x8c, 0x31, 0x84, 0x31, 0x84, 0x31, 0x84,
    0x10, 0x84, 0xf0, 0x7b, 0xd0, 0x7b, 0xf0, 0x83, 0x51, 0x8c, 0x93, 0x94,
    0xd3, 0x9c, 0xd3, 0x9c, 0xd4, 0x9c, 0xd3, 0x9c, 0xd4, 0x9c, 0xd4, 0x9c,
    0xd4, 0x9c, 0xd3, 0x9c, 0xd3, 0x9c, 0xd4, 0x9c, 0xf4, 0x9c, 0xd3, 0x9c,
    0xd3, 0x9c, 0xf4, 0x9c, 0xf4, 0x9c, 0xd3, 0x9c, 0xd4, 0x9c, 0xd4, 0x9c,
    0xf3, 0x9c, 0xd4, 0x9c, 0xd4, 0x9c, 0xf4, 0xa4, 0xf4, 0xa4, 0xd4, 0x9c,
    0x14, 0xa5, 0x14, 0xad, 0x14, 0xa5, 0x14, 0xa5, 0x35, 0xad, 0x35, 0xad,
    0x35, 0xa5, 0x35, 0xad, 0x35, 0xad, 0x55, 0xad, 0x55, 0xad, 0x55, 0xad,
    0x35, 0xad, 0x55, 0xad, 0x14, 0xa5, 0xd4, 0x9c, 0xd3, 0x9c, 0xf3, 0xa4,
    0x14, 0xad, 0x34, 0xad, 0x55, 0xad, 0x56, 0xad, 0x55, 0xad, 0x76, 0xad,
    0x56, 0xad, 0x75, 0xad, 0x76, 0xad, 0x76, 0xad, 0x76, 0xad, 0x76, 0xb5,
    0x96, 0xb5, 0x96, 0xad, 0x97, 0xb5, 0x97, 0xb5, 0x97, 0xb5, 0x96, 0xb5,
    0x76, 0xb5, 0x76, 0xb5, 0x76, 0xad, 0x76, 0xad, 0x56, 0xad, 0x56, 0xad,
    0x55, 0xad, 0x35, 0xa5, 0x15, 0xa5, 0x14, 0xa5, 0xf4, 0x9c, 0xd3, 0x9c,
    0xb3, 0x94, 0x92, 0x94, 0x52, 0x8c, 0x31, 0x84, 0x10, 0x84, 0xcf, 0x7b,
    0x8f, 0x73, 0x4e, 0x6b, 0x4d, 0x6b, 0x2d, 0x63, 0x0c, 0x63, 0xcc, 0x5a,
    0xab, 0x5a, 0x8b, 0x52, 0x8a, 0x52, 0x8a, 0x52, 0x8a, 0x52, 0x8a, 0x52,
    0xaa, 0x52, 0x8b, 0x52, 0x8a, 0x52, 0xab, 0x52, 0xab, 0x52, 0x8a, 0x52,
    0xab, 0x52, 0xab, 0x52, 0x8a, 0x52, 0xab, 0x52, 0xab, 0x52, 0xab, 0x52,
    0x8b, 0x52, 0xab, 0x52, 0xab, 0x52, 0xab, 0x52, 0xaa, 0x52, 0xab, 0x52,
    0xab, 0x52, 0xab, 0x52, 0xcb, 0x5a, 0xcb, 0x52, 0xcc, 0x5a, 0xcb, 0x5a,
    0xcb, 0x5a, 0xcb, 0x5a, 0xcc, 0x5a, 0xec, 0x5a, 0xec, 0x5a, 0xec, 0x5a,
    0xec, 0x5a, 0xec, 0x5a, 0x0c, 0x5b, 0x0c, 0x5b, 0x0c, 0x5b, 0x0c, 0x63,
    0x0d, 0x5b, 0x0d, 0x5b, 0x0c, 0x5b, 0x0d, 0x63, 0xec, 0x5a, 0xec, 0x5a,
    0xec, 0x5a, 0xec, 0x5a, 0xec, 0x5a, 0xec, 0x5a, 0xec, 0x5a, 0xec, 0x5a,
    0xcc, 0x5a, 0xcc, 0x5a, 0xcb, 0x5a, 0xec, 0x5a, 0xec, 0x5a, 0xec, 0x5a,
    0xeb, 0x5a, 0xcc, 0x5a, 0xeb, 0x5a, 0xcc, 0x5a, 0xcc, 0x5a, 0xcb, 0x5a,
    0xcb, 0x52, 0xcc, 0x5a, 0x2d, 0x63, 0x8f, 0x73, 0xf0, 0x7b, 0x31, 0x84,
    0x52, 0x8c, 0x92, 0x94, 0xb3, 0x94, 0xd3, 0x9c, 0xd4, 0x9c, 0xf4, 0x9c,
    0xd4, 0x9c, 0xd3, 0x9c, 0xb3, 0x94, 0x92, 0x94, 0x72, 0x8c, 0x52, 0x8c,
    0x31, 0x84, 0x31, 0x84, 0x10, 0x84, 0xf0, 0x7b, 0xf0, 0x7b, 0xd0, 0x7b,
    0xcf, 0x7b, 0x8f, 0x73, 0x8e, 0x73, 0x8e, 0x73, 0xcf, 0x7b, 0x51, 0x8c,
    0x93, 0x94, 0xb3, 0x9c, 0xd3, 0x9c, 0xd4, 0x9c, 0xd3, 0x9c, 0xd3, 0x9c,
    0xd4, 0x9c, 0xd4, 0x9c, 0xd3, 0x9c, 0xd4, 0x9c, 0xd4, 0x9c, 0xd3, 0x9c,
    0xd4, 0x9c, 0xd4, 0x9c, 0xd4, 0x9c, 0xd3, 0x9c, 0xf3, 0x9c, 0xf4, 0x9c,
    0xd4, 0x9c, 0xf4, 0x9c, 0xf4, 0x9c, 0xf4, 0x9c, 0xf4, 0x9c, 0xf4, 0x9c,
    0x14, 0xa5, 0x15, 0xa5, 0x14, 0xa5, 0x14, 0xa5, 0x15, 0xa5, 0x15, 0xa5,
    0x35, 0xad, 0x35, 0xad, 0x35, 0xa5, 0x55, 0xad, 0x55, 0xad, 0x55, 0xa5,
    0x55, 0xa5, 0x35, 0xad, 0x35, 0xa5, 0x14, 0xa5, 0xd3, 0x9c, 0xb3, 0x9c,
    0xf3, 0xa4, 0x34, 0xad, 0x35, 0xad, 0x56, 0xad, 0x76, 0xad, 0x76, 0xad,
    0x76, 0xad, 0x76, 0xad, 0x76, 0xb5, 0x76, 0xad, 0x76, 0xb5, 0x96, 0xb5,
    0x97, 0xb5, 0x97, 0xb5, 0x96, 0xb5, 0x96, 0xb5, 0x76, 0xb5, 0x76, 0xad,
    0x76, 0xad, 0x76, 0xad, 0x76, 0xad, 0x56, 0xad, 0x55, 0xad, 0x55, 0xad,
    0x35, 0xa5, 0x15, 0xa5, 0x14, 0xa5, 0xf4, 0x9c, 0xd3, 0x9c, 0xb3, 0x94,
    0x92, 0x94, 0x72, 0x8c, 0x31, 0x84, 0x10, 0x84, 0xcf, 0x7b, 0x8f, 0x73,
    0x4e, 0x6b, 0x4d, 0x6b, 0x2d, 0x63, 0x0c, 0x63, 0xec, 0x5a, 0xcb, 0x5a,
    0xab, 0x5a, 0x8a, 0x52, 0x8a, 0x52, 0x8b, 0x52, 0x8a, 0x52, 0x8b, 0x52,
    0x8b, 0x52, 0x8a, 0x52, 0x8a, 0x52, 0xab, 0x52, 0x8b, 0x52, 0xab, 0x5a,
    0xab, 0x52, 0xab, 0x52, 0x8b, 0x52, 0x8a, 0x52, 0x8b, 0x52, 0xaa, 0x52,
    0x8a, 0x52, 0xab, 0x5a, 0xab, 0x5a, 0xab, 0x52, 0xab, 0x52, 0x8b, 0x52,
    0xab, 0x52, 0xab, 0x52, 0xab, 0x52, 0xcb, 0x5a, 0xcc, 0x5a, 0xec, 0x5a,
    0xcc, 0x5a, 0xcb, 0x5a, 0xcc, 0x5a, 0xec, 0x5a, 0xec, 0x5a, 0xec, 0x5a,
    0x0c, 0x5b, 0x0c, 0x5b, 0x0c, 0x63, 0x0d, 0x63, 0x0d, 0x5b, 0x0d, 0x63,
    0x0c, 0x63, 0x0c, 0x5b, 0x0c, 0x63, 0xec, 0x62, 0xec, 0x5a, 0xec, 0x5a,
    0xec, 0x5a, 0xec, 0x5a, 0xec, 0x5a, 0xec, 0x5a, 0xec, 0x5a, 0xcc, 0x5a,
    0xec, 0x5a, 0xcb, 0x5a, 0xec, 0x5a, 0xcc, 0x5a, 0xec, 0x5a, 0xeb, 0x5a,
    0xcc, 0x52, 0xeb, 0x5a, 0xcc, 0x5a, 0xcb, 0x52, 0xcb, 0x52, 0xab, 0x52,
    0xec, 0x5a, 0x4e, 0x6b, 0xaf, 0x73, 0xf0, 0x7b, 0x31, 0x84, 0x72, 0x8c,
    0x93, 0x94, 0xb3, 0x94, 0xd3, 0x9c, 0xf4, 0x9c, 0xf4, 0x9c, 0xf4, 0x9c,
    0xd3, 0x9c, 0xb3, 0x94, 0x93, 0x94, 0x72, 0x8c, 0x51, 0x8c, 0x31, 0x84,
    0x10, 0x84, 0xf0, 0x7b, 0xcf, 0x7b, 0xcf, 0x7b, 0xaf, 0x73, 0x8f, 0x73,
    0x8e, 0x73, 0x6e, 0x6b, 0x4d, 0x6b, 0x4d, 0x6b, 0x6e, 0x6b, 0xaf, 0x7b,
    0x51, 0x8c, 0x93, 0x94, 0xb3, 0x9c, 0xd3, 0x9c, 0xd4, 0x9c, 0xd3, 0x9c,
    0xd3, 0x9c, 0xf3, 0x9c, 0xd4, 0x9c, 0xd4, 0x9c, 0xd3, 0x9c, 0xd4, 0x9c,
    0xd4, 0x9c, 0xd3, 0x9c, 0xd4, 0x9c, 0xd4, 0x9c, 0xd4, 0x9c, 0xd3, 0x9c,
    0xd4, 0x9c, 0xf4, 0x9c, 0xd3, 0x9c, 0xb3, 0x9c, 0xb3, 0x9c, 0xf4, 0x9c,
    0x14, 0xa5, 0x14, 0xad, 0x34, 0xa5, 0x15, 0xa5, 0x15, 0xa5, 0x34, 0xad,
    0x34, 0xa5, 0x35, 0xad, 0x35, 0xa5, 0x35, 0xa5, 0x35, 0xad, 0x55, 0xad,
    0x55, 0xad, 0x35, 0xa5, 0x35, 0xa5, 0x35, 0xa5, 0x14, 0xa5, 0xd4, 0x9c,
    0xb3, 0x9c, 0xf4, 0xa4, 0x34, 0xad, 0x55, 0xad, 0x56, 0xad, 0x56, 0xad,
    0x76, 0xad, 0x76, 0xad, 0x76, 0xad, 0x76, 0xb5, 0x96, 0xb5, 0x96, 0xad,
    0x76, 0xad, 0x76, 0xb5, 0x76, 0xad, 0x76, 0xad, 0x76, 0xad, 0x76, 0xad,
    0x76, 0xad, 0x76, 0xad, 0x56, 0xad, 0x55, 0xad, 0x35, 0xad, 0x35, 0xa5,
    0x15, 0xa5, 0x14, 0xa5, 0xf4, 0x9c, 0xd3, 0x9c, 0xb3, 0x94, 0x92, 0x94,
    0x72, 0x8c, 0x31, 0x8c, 0x10, 0x84, 0xd0, 0x7b, 0xaf, 0x73, 0x6e, 0x6b,
    0x4d, 0x6b, 0x2d, 0x63, 0xec, 0x62, 0xcb, 0x5a, 0xab, 0x5a, 0xab, 0x5a,
    0xab, 0x52, 0xaa, 0x52, 0x8a, 0x52, 0x8b, 0x52, 0x8b, 0x52, 0x8a, 0x52,
    0x8a, 0x52, 0x8b, 0x52, 0x8b, 0x52, 0xaa, 0x52, 0xab, 0x52, 0xab, 0x52,
    0x8b, 0x52, 0x8a, 0x52, 0xaa, 0x52, 0x8b, 0x52, 0x8b, 0x52, 0xab, 0x52,
    0xab, 0x52, 0xab, 0x52, 0xab, 0x52, 0xab, 0x5a, 0xab, 0x52, 0xab, 0x52,
    0xaa, 0x52, 0xab, 0x5a, 0xab, 0x5a, 0xcb, 0x5a, 0xcc, 0x5a, 0xec, 0x5a,
    0xec, 0x5a, 0xec, 0x5a, 0xec, 0x5a, 0xec, 0x5a, 0x0c, 0x63, 0x0d, 0x63,
    0x0d, 0x63, 0x0d, 0x63, 0x0d, 0x63, 0x0d, 0x63, 0x2d, 0x63, 0x0c, 0x5b,
    0x0c, 0x63, 0x0d, 0x5b, 0x0c, 0x5b, 0xec, 0x5a, 0xec, 0x5a, 0xec, 0x5a,
    0xec, 0x62, 0xec, 0x5a, 0xec, 0x5a, 0xec, 0x5a, 0xec, 0x5a, 0xec, 0x5a,
    0xec, 0x5a, 0xec, 0x5a, 0xec, 0x5a, 0xec, 0x5a, 0xcb, 0x5a, 0xcc, 0x5a,
    0xcc, 0x5a, 0xcc, 0x5a, 0xcc, 0x52, 0xcb, 0x52, 0xcb, 0x5a, 0x0c, 0x5b,
    0x6e, 0x6b, 0xd0, 0x7b, 0x11, 0x84, 0x51, 0x84, 0x92, 0x8c, 0xb3, 0x94,
    0xd3, 0x9c, 0xf4, 0x9c, 0xf4, 0x9c, 0xf4, 0xa4, 0xf4, 0x9c, 0xd3, 0x9c,
    0xb3, 0x94, 0x92, 0x94, 0x72, 0x8c, 0x51, 0x8c, 0x31, 0x84, 0xf0, 0x83,
    0xd0, 0x7b, 0xcf, 0x73, 0xaf, 0x73, 0x8e, 0x73, 0x8e, 0x73, 0x6e, 0x6b,
    0x4e, 0x6b, 0x4d, 0x6b, 0x2d, 0x63, 0x2c, 0x63, 0x0c, 0x63, 0x2d, 0x6b,
    0xaf, 0x7b, 0x51, 0x8c, 0xb3, 0x94, 0xb3, 0x9c, 0xd4, 0x9c, 0xd4, 0x9c,
    0xd4, 0x9c, 0xd3, 0x9c, 0xd4, 0x9c, 0xd3, 0x9c, 0xd3, 0x9c, 0xd3, 0x9c,
    0xd4, 0x9c, 0xd3, 0x9c, 0xd3, 0x9c, 0xd4, 0x9c, 0xd4, 0x9c, 0xd4, 0x9c,
    0xd4, 0x9c, 0xd3, 0x9c, 0xb3, 0x9c, 0x93, 0x94, 0x92, 0x8c, 0xb3, 0x94,
    0x14, 0xa5, 0x35, 0xad, 0x35, 0xad, 0x14, 0xa5, 0x14, 0xad, 0x35, 0xa5,
    0x35, 0xa5, 0x35, 0xad, 0x35, 0xad, 0x35, 0xad, 0x35, 0xad, 0x35, 0xad,
    0x35, 0xad, 0x55, 0xad, 0x35, 0xa5, 0x15, 0xa5, 0x14, 0xa5, 0x14, 0xa5,
    0xf4, 0x9c, 0xf4, 0x9c, 0x14, 0xa5, 0x55, 0xad, 0x76, 0xad, 0x76, 0xad,
    0x76, 0xad, 0x76, 0xb5, 0x96, 0xb5, 0x96, 0xb5, 0x96, 0xad, 0x97, 0xb5,
    0x96, 0xb5, 0x76, 0xad, 0x56, 0xad, 0x76, 0xad, 0x76, 0xad, 0x76, 0xad,
    0x56, 0xad, 0x55, 0xad, 0x55, 0xad, 0x55, 0xad, 0x35, 0xa5, 0x14, 0xa5,
    0x14, 0xa5, 0xf4, 0x9c, 0xd4, 0x9c, 0xb3, 0x9c, 0x93, 0x94, 0x72, 0x8c,
    0x31, 0x84, 0x10, 0x84, 0xd0, 0x7b, 0xaf, 0x73, 0x6e, 0x6b, 0x4d, 0x6b,
    0x2d, 0x6b, 0xec, 0x62, 0xcb, 0x5a, 0xab, 0x5a, 0xab, 0x52, 0xab, 0x5a,
    0xab, 0x52, 0xab, 0x5a, 0xaa, 0x52, 0x8a, 0x52, 0x8a, 0x52, 0x8a, 0x52,
    0x8a, 0x52, 0x8a, 0x52, 0x8b, 0x52, 0x8b, 0x52, 0x8a, 0x52, 0xaa, 0x52,
    0x8a, 0x52, 0xaa, 0x52, 0x8b, 0x52, 0xaa, 0x52, 0x8a, 0x52, 0xab, 0x52,
    0xab, 0x52, 0xab, 0x52, 0x8a, 0x52, 0xaa, 0x52, 0xab, 0x52, 0xab, 0x52,
    0xab, 0x52, 0xab, 0x52, 0xab, 0x5a, 0xcb, 0x52, 0xcb, 0x5a, 0xec, 0x5a,
    0x0c, 0x5b, 0x0c, 0x63, 0x0c, 0x5b, 0x0c, 0x5b, 0x0d, 0x63, 0x2d, 0x63,
    0x2d, 0x63, 0x2d, 0x63, 0x2d, 0x63, 0x2d, 0x63, 0x0d, 0x63, 0x0d, 0x63,
    0x0d, 0x5b, 0x0d, 0x5b, 0x0d, 0x5b, 0xec, 0x62, 0xec, 0x5a, 0xec, 0x5a,
    0xec, 0x5a, 0xec, 0x5a, 0xec, 0x5a, 0xec, 0x5a, 0xec, 0x5a, 0xec, 0x5a,
    0xec, 0x5a, 0xcc, 0x5a, 0xcc, 0x5a, 0xcb, 0x5a, 0xec, 0x5a, 0xec, 0x5a,
    0xcc, 0x5a, 0xcb, 0x5a, 0xab, 0x52, 0xcc, 0x5a, 0x2d, 0x63, 0x8f, 0x73,
    0xf0, 0x7b, 0x31, 0x84, 0x52, 0x8c, 0x92, 0x94, 0xb3, 0x94, 0xd4, 0x9c,
    0xf4, 0x9c, 0xf4, 0xa4, 0xf4, 0x9c, 0xf4, 0x9c, 0xd3, 0x9c, 0xb3, 0x94,
    0x92, 0x94, 0x72, 0x8c, 0x51, 0x8c, 0x31, 0x84, 0x10, 0x84, 0xd0, 0x7b,
    0xaf, 0x73, 0xaf, 0x73, 0x8e, 0x73, 0x6e, 0x73, 0x6e, 0x6b, 0x4e, 0x6b,
    0x4d, 0x6b, 0x0d, 0x63, 0x0c, 0x63, 0xec, 0x62, 0xec, 0x62, 0xec, 0x62,
    0x2c, 0x63, 0xaf, 0x7b, 0x72, 0x94, 0xb3, 0x94, 0xd3, 0x9c, 0xd3, 0x9c,
    0xd4, 0x9c, 0xf4, 0x9c, 0xd3, 0x9c, 0xf4, 0x9c, 0xd4, 0x9c, 0xd3, 0x9c,
    0xb3, 0x9c, 0xb3, 0x9c, 0xb3, 0x94, 0xb3, 0x94, 0xd3, 0x9c, 0xd4, 0x9c,
    0xb3, 0x94, 0xb3, 0x94, 0xb3, 0x94, 0x92, 0x94, 0x51, 0x8c, 0x51, 0x8c,
    0x35, 0xa5, 0x35, 0xad, 0x35, 0xa5, 0x34, 0xa5, 0x35, 0xa5, 0x15, 0xa5,
    0x15, 0xad, 0x35, 0xa5, 0x35, 0xa5, 0x34, 0xad, 0x35, 0xa5, 0x35, 0xa5,
    0x35, 0xad, 0x35, 0xa5, 0x35, 0xa5, 0x34, 0xad, 0x14, 0xa5, 0x14, 0xa5,
    0x14, 0xa5, 0xf4, 0x9c, 0x14, 0xa5, 0x55, 0xad, 0x56, 0xad, 0x76, 0xad,
    0x76, 0xad, 0x96, 0xb5, 0x96, 0xb5, 0x97, 0xb5, 0x97, 0xb5, 0x97, 0xb5,
    0x76, 0xad, 0x76, 0xad, 0x76, 0xad, 0x55, 0xad, 0x35, 0xa5, 0x35, 0xa5,
    0x55, 0xad, 0x35, 0xa5, 0x35, 0xa5, 0x35, 0xa5, 0x15, 0xa5, 0xf4, 0x9c,
    0xf4, 0x9c, 0xd3, 0x9c, 0xb3, 0x94, 0x93, 0x94, 0x72, 0x8c, 0x51, 0x8c,
    0x10, 0x84, 0xd0, 0x7b, 0xaf, 0x73, 0x6e, 0x73, 0x4d, 0x6b, 0x2d, 0x63,
    0x0c, 0x63, 0xcb, 0x5a, 0xab, 0x52, 0x8b, 0x52, 0x8b, 0x52, 0xab, 0x52,
    0xab, 0x5a, 0xaa, 0x5a, 0xab, 0x52, 0x8b, 0x52, 0x8a, 0x52, 0x8b, 0x52,
    0x8b, 0x52, 0x8a, 0x52, 0x8a, 0x52, 0x8a, 0x52, 0x8a, 0x52, 0x8b, 0x52,
    0xab, 0x52, 0x8b, 0x52, 0xab, 0x5a, 0x8b, 0x52, 0x8a, 0x52, 0x8a, 0x52,
    0xab, 0x52, 0xab, 0x52, 0xab, 0x52, 0xab, 0x52, 0xab, 0x5a, 0xab, 0x5a,
    0xab, 0x52, 0xab, 0x52, 0xab, 0x52, 0xcb, 0x5a, 0xcc, 0x5a, 0xec, 0x5a,
    0x0c, 0x63, 0x0d, 0x63, 0x0d, 0x63, 0x2d, 0x63, 0x2d, 0x63, 0x2d, 0x63,
    0x2d, 0x63, 0x2d, 0x63, 0x2d, 0x63, 0x2d, 0x63, 0x2d, 0x63, 0x0d, 0x63,
    0x0c, 0x63, 0x0c, 0x63, 0x0c, 0x63, 0x0c, 0x5b, 0x0c, 0x5b, 0xec, 0x5a,
    0xec, 0x5a, 0x0c, 0x5b, 0xec, 0x5a, 0xec, 0x5a, 0xec, 0x5a, 0xec, 0x5a,
    0xec, 0x5a, 0xec, 0x5a, 0xcb, 0x5a, 0xec, 0x5a, 0xcc, 0x5a, 0xcb, 0x52,
    0xcb, 0x52, 0xab, 0x52, 0xec, 0x5a, 0x4d, 0x63, 0xaf, 0x73, 0xf0, 0x7b,
    0x31, 0x8c, 0x72, 0x8c, 0x93, 0x94, 0xb3, 0x94, 0xd4, 0x9c, 0xf4, 0x9c,
    0x14, 0xa5, 0xf4, 0x9c, 0xf4, 0x9c, 0xd3, 0x9c, 0xb3, 0x94, 0x92, 0x94,
    0x72, 0x8c, 0x52, 0x8c, 0x31, 0x84, 0x10, 0x84, 0xf0, 0x7b, 0xaf, 0x73,
    0xaf, 0x73, 0x8e, 0x73, 0x6e, 0x6b, 0x6e, 0x6b, 0x4d, 0x6b, 0x4d, 0x6b,
    0x2d, 0x63, 0x0c, 0x63, 0xec, 0x5a, 0xec, 0x62, 0xec, 0x62, 0xec, 0x5a,
    0xeb, 0x5a, 0x0d, 0x63, 0xcf, 0x7b, 0x92, 0x94, 0xb3, 0x9c, 0xd4, 0x9c,
    0xd3, 0x9c, 0xf4, 0x9c, 0xd4, 0x9c, 0xd3, 0x9c, 0xd3, 0x9c, 0xd3, 0x9c,
    0xb3, 0x9c, 0x93, 0x94, 0x92, 0x94, 0x72, 0x94, 0x72, 0x94, 0x92, 0x94,
    0x92, 0x94, 0x93, 0x94, 0x93, 0x94, 0x93, 0x94, 0x52, 0x8c, 0x10, 0x7c,
    0x35, 0xa5, 0x35, 0xad, 0x35, 0xad, 0x35, 0xa5, 0x35, 0xa5, 0x34, 0xa5,
    0x14, 0xa5, 0x14, 0xa5, 0x35, 0xad, 0x35, 0xad, 0x34, 0xad, 0x15, 0xad,
    0x34, 0xad, 0x35, 0xa5, 0x35, 0xa5, 0x14, 0xa5, 0xf4, 0xa4, 0xf4, 0xa4,
    0xf4, 0xa4, 0xf4, 0x9c, 0xf4, 0xa4, 0x35, 0xa5, 0x76, 0xad, 0x76, 0xb5,
    0x76, 0xb5, 0x97, 0xb5, 0x96, 0xad, 0x96, 0xad, 0x76, 0xad, 0x76, 0xad,
    0x76, 0xad, 0x76, 0xad, 0x76, 0xad, 0x56, 0xad, 0x35, 0xa5, 0x35, 0xa5,
    0x15, 0xa5, 0x15, 0xa5, 0x15, 0xa5, 0x14, 0xa5, 0xf4, 0xa4, 0xf4, 0x9c,
    0xd3, 0x9c, 0xb3, 0x94, 0x92, 0x94, 0x72, 0x8c, 0x51, 0x8c, 0x11, 0x84,
    0xd0, 0x7b, 0xaf, 0x73, 0x6e, 0x73, 0x4d, 0x6b, 0x2d, 0x63, 0xec, 0x62,
    0xcb, 0x5a, 0xab, 0x5a, 0x8a, 0x52, 0x8a, 0x52, 0x8a, 0x5a, 0x8a, 0x52,
    0xab, 0x52, 0xab, 0x52, 0xab, 0x52, 0xab, 0x5a, 0x8a, 0x52, 0x8a, 0x52,
    0x8b, 0x52, 0x8a, 0x52, 0x8a, 0x52, 0x8b, 0x52, 0x8b, 0x52, 0x8b, 0x52,
    0xab, 0x52, 0xab, 0x52, 0x8a, 0x52, 0xab, 0x52, 0x8b, 0x52, 0x8a, 0x52,
    0x8a, 0x52, 0xab, 0x52, 0xab, 0x52, 0xab, 0x52, 0xab, 0x52, 0xab, 0x52,
    0xcb, 0x5a, 0xab, 0x52, 0xab, 0x52, 0xcb, 0x5a, 0xec, 0x5a, 0xec, 0x5a,
    0x0d, 0x63, 0x2d, 0x63, 0x2d, 0x63, 0x2d, 0x63, 0x2d, 0x63, 0x2d, 0x63,
    0x2d, 0x6b, 0x2d, 0x63, 0x2d, 0x63, 0x2d, 0x63, 0x2d, 0x63, 0x0d, 0x63,
    0x0c, 0x5b, 0x0c, 0x5b, 0x0d, 0x63, 0x0c, 0x5b, 0xec, 0x5a, 0x0d, 0x5b,
    0xec, 0x62, 0xec, 0x5a, 0xec, 0x5a, 0xec, 0x5a, 0xec, 0x5a, 0xec, 0x5a,
    0xec, 0x5a, 0xec, 0x5a, 0xcc, 0x5a, 0xec, 0x5a, 0xcb, 0x5a, 0xab, 0x52,
    0xab, 0x52, 0x0c, 0x5b, 0x6e, 0x6b, 0xb0, 0x7b, 0x11, 0x84, 0x51, 0x8c,
    0x92, 0x8c, 0xb3, 0x94, 0xb3, 0x9c, 0xf4, 0x9c, 0xf4, 0x9c, 0x14, 0xa5,
    0xf4, 0x9c, 0xd4, 0x9c, 0xd3, 0x9c, 0xb3, 0x94, 0x93, 0x94, 0x72, 0x8c,
    0x52, 0x8c, 0x31, 0x84, 0x10, 0x84, 0xf0, 0x7b, 0xcf, 0x7b, 0xaf, 0x73,
    0x8e, 0x73, 0x6e, 0x73, 0x6e, 0x6b, 0x4d, 0x6b, 0x2d, 0x63, 0x2d, 0x63,
    0x0c, 0x63, 0xec, 0x5a, 0xec, 0x5a, 0xec, 0x5a, 0xcb, 0x5a, 0xeb, 0x5a,
    0xcb, 0x5a, 0xcb, 0x5a, 0x2d, 0x63, 0xf0, 0x83, 0x93, 0x94, 0xd4, 0x9c,
    0xd4, 0x9c, 0xd3, 0x9c, 0xd4, 0x9c, 0xd4, 0x9c, 0xd3, 0x9c, 0xb3, 0x9c,
    0x93, 0x94, 0x92, 0x94, 0x51, 0x8c, 0x31, 0x84, 0x11, 0x84, 0x11, 0x84,
    0x52, 0x8c, 0x72, 0x94, 0x92, 0x94, 0x93, 0x94, 0x92, 0x94, 0x11, 0x84,
    0x35, 0xa5, 0x55, 0xad, 0x35, 0xa5, 0x35, 0xad, 0x35, 0xad, 0x35, 0xa5,
    0x34, 0xa5, 0x14, 0xa5, 0x15, 0xad, 0x34, 0xad, 0x14, 0xa5, 0x14, 0xa5,
    0x35, 0xad, 0x35, 0xad, 0x35, 0xa5, 0x14, 0xa5, 0xf4, 0x9c, 0xd3, 0x9c,
    0xf4, 0x9c, 0xf4, 0x9c, 0xf4, 0xa4, 0x14, 0xa5, 0x55, 0xad, 0x76, 0xad,
    0x96, 0xb5, 0x96, 0xb5, 0x97, 0xb5, 0x96, 0xb5, 0x76, 0xad, 0x76, 0xad,
    0x76, 0xad, 0x76, 0xad, 0x56, 0xad, 0x55, 0xa5, 0x35, 0xa5, 0x35, 0xa5,
    0x14, 0xa5, 0x14, 0xa5, 0xf4, 0x9c, 0xf4, 0x9c, 0xf4, 0x9c, 0xd3, 0x9c,
    0xb3, 0x94, 0x92, 0x94, 0x52, 0x8c, 0x31, 0x8c, 0x10, 0x84, 0xd0, 0x7b,
    0xaf, 0x73, 0x6e, 0x6b, 0x4d, 0x6b, 0x2d, 0x63, 0xec, 0x62, 0xcb, 0x5a,
    0xab, 0x5a, 0xab, 0x5a, 0xab, 0x52, 0x8a, 0x52, 0x8b, 0x52, 0x8a, 0x52,
    0x8b, 0x52, 0xab, 0x5a, 0xab, 0x5a, 0xaa, 0x52, 0xaa, 0x52, 0x8a, 0x52,
    0x8a, 0x52, 0x8b, 0x52, 0x8a, 0x52, 0x8a, 0x52, 0x8b, 0x52, 0xaa, 0x52,
    0xaa, 0x52, 0x8a, 0x52, 0xab, 0x52, 0x8a, 0x52, 0xab, 0x52, 0x8b, 0x52,
    0x8a, 0x52, 0x8b, 0x52, 0xab, 0x52, 0xab, 0x5a, 0xab, 0x52, 0xab, 0x52,
    0xcb, 0x5a, 0xcb, 0x5a, 0xcc, 0x5a, 0xec, 0x5a, 0xec, 0x5a, 0x0c, 0x63,
    0x2d, 0x63, 0x4d, 0x63, 0x4d, 0x6b, 0x4e, 0x6b, 0x4d, 0x63, 0x4d, 0x63,
    0x2d, 0x63, 0x2d, 0x63, 0x2d, 0x63, 0x2d, 0x63, 0x2d, 0x63, 0x2d, 0x63,
    0x0d, 0x63, 0x0d, 0x5b, 0x0d, 0x5b, 0x0c, 0x63, 0x0d, 0x5b, 0xec, 0x5a,
    0xec, 0x5a, 0xec, 0x5a, 0xec, 0x5a, 0xec, 0x5a, 0xec, 0x62, 0xec, 0x5a,
    0xec, 0x5a, 0xcc, 0x5a, 0xcc, 0x5a, 0xcb, 0x5a, 0xcb, 0x52, 0xcc, 0x5a,
    0x2d, 0x63, 0x8e, 0x6b, 0xd0, 0x7b, 0x31, 0x84, 0x52, 0x8c, 0x92, 0x8c,
    0xb3, 0x94, 0xd3, 0x9c, 0xf4, 0x9c, 0xf4, 0xa4, 0xf4, 0x9c, 0xf4, 0x9c,
    0xd3, 0x9c, 0xd3, 0x94, 0xb3, 0x94, 0x92, 0x94, 0x72, 0x8c, 0x72, 0x8c,
    0x51, 0x8c, 0x11, 0x84, 0x10, 0x84, 0xf0, 0x7b, 0xaf, 0x73, 0x8f, 0x73,
    0x8e, 0x73, 0x6e, 0x6b, 0x4d, 0x6b, 0x2d, 0x6b, 0x2d, 0x6b, 0x4d, 0x6b,
    0x4e, 0x6b, 0x6e, 0x6b, 0x6e, 0x6b, 0x4e, 0x6b, 0x4d, 0x6b, 0x4d, 0x6b,
    0x2d, 0x6b, 0x2d, 0x6b, 0x2d, 0x6b, 0x8e, 0x73, 0x51, 0x8c, 0xd3, 0x9c,
    0xd4, 0x9c, 0xd4, 0x9c, 0xd3, 0x9c, 0xd3, 0x9c, 0xb3, 0x9c, 0x93, 0x94,
    0x72, 0x94, 0x51, 0x8c, 0x11, 0x84, 0xcf, 0x7b, 0xaf, 0x73, 0xcf, 0x7b,
    0x10, 0x84, 0x52, 0x8c, 0x92, 0x94, 0x93, 0x94, 0xb2, 0x94, 0x52, 0x8c,
    0x35, 0xa5, 0x55, 0xad, 0x55, 0xad, 0x35, 0xa5, 0x35, 0xad, 0x35, 0xad,
    0x35, 0xad, 0x14, 0xa5, 0x14, 0xa5, 0x15, 0xa5, 0x14, 0xa5, 0x14, 0xad,
    0x35, 0xa5, 0x34, 0xad, 0x35, 0xad, 0x35, 0xad, 0x34, 0xa5, 0x14, 0xa5,
    0xd3, 0x9c, 0xd3, 0x9c, 0xf4, 0x9c, 0xf4, 0xa4, 0x14, 0xa5, 0x35, 0xa5,
    0x56, 0xad, 0x76, 0xad, 0x96, 0xb5, 0x96, 0xb5, 0x96, 0xb5, 0x76, 0xad,
    0x56, 0xad, 0x56, 0xad, 0x35, 0xa5, 0x35, 0xa5, 0x35, 0xa5, 0x15, 0xa5,
    0x14, 0x9d, 0x14, 0x9d, 0xf4, 0x9c, 0xd4, 0x9c, 0xd3, 0x9c, 0xb3, 0x94,
    0x92, 0x94, 0x52, 0x8c, 0x31, 0x84, 0x10, 0x7c, 0xd0, 0x7b, 0xaf, 0x73,
    0x6e, 0x6b, 0x4d, 0x6b, 0x2d, 0x63, 0xec, 0x5a, 0xcb, 0x5a, 0xab, 0x5a,
    0xab, 0x52, 0x8b, 0x52, 0x8b, 0x52, 0xab, 0x5a, 0xaa, 0x52, 0x8a, 0x52,
    0x8a, 0x52, 0xab, 0x5a, 0xab, 0x5a, 0xab, 0x52, 0xab, 0x52, 0x8b, 0x52,
    0x8a, 0x52, 0x8a, 0x52, 0x8a, 0x52, 0x8b, 0x52, 0x8a, 0x52, 0x8b, 0x52,
    0x8a, 0x52, 0x8b, 0x52, 0x8b, 0x52, 0xab, 0x5a, 0xaa, 0x52, 0x8a, 0x52,
    0x8a, 0x52, 0x8b, 0x52, 0xab, 0x52, 0xab, 0x5a, 0xab, 0x5a, 0xcb, 0x5a,
    0xcc, 0x5a, 0xec, 0x5a, 0xec, 0x5a, 0xec, 0x5a, 0x0c, 0x63, 0x0d, 0x63,
    0x2d, 0x63, 0x4d, 0x63, 0x4d, 0x6b, 0x6e, 0x6b, 0x4d, 0x6b, 0x4d, 0x63,
    0x4e, 0x63, 0x2d, 0x63, 0x2d, 0x63, 0x2d, 0x63, 0x2d, 0x63, 0x2d, 0x63,
    0x0d, 0x63, 0x0c, 0x63, 0x0c, 0x5b, 0x0d, 0x63, 0x0c, 0x63, 0x0c, 0x5b,
    0x0c, 0x5b, 0x0d, 0x63, 0x0c, 0x5b, 0xec, 0x62, 0xec, 0x5a, 0xec, 0x5a,
    0xec, 0x5a, 0xcb, 0x5a, 0xcb, 0x52, 0xcb, 0x52, 0xcc, 0x5a, 0x2d, 0x63,
    0xaf, 0x73, 0xf0, 0x7b, 0x31, 0x84, 0x52, 0x8c, 0x92, 0x94, 0xb3, 0x94,
    0xd4, 0x9c, 0xf4, 0x9c, 0x14, 0xa5, 0xf4, 0x9c, 0xf4, 0x9c, 0xd3, 0x9c,
    0xb3, 0x94, 0xb3, 0x94, 0x92, 0x94, 0x72, 0x8c, 0x72, 0x8c, 0x51, 0x8c,
    0x31, 0x84, 0x10, 0x84, 0xf0, 0x7b, 0xcf, 0x7b, 0xaf, 0x73, 0x8e, 0x73,
    0x6e, 0x6b, 0x4d, 0x6b, 0x2d, 0x63, 0x2d, 0x63, 0x4d, 0x6b, 0x8e, 0x73,
    0xd0, 0x7b, 0xf0, 0x7b, 0xf0, 0x7b, 0xf0, 0x83, 0xf0, 0x83, 0xf0, 0x83,
    0xf0, 0x7b, 0xd0, 0x7b, 0xd0, 0x7b, 0xaf, 0x7b, 0xf0, 0x83, 0x92, 0x94,
    0xd4, 0x9c, 0xf4, 0x9c, 0xd3, 0x9c, 0xd3, 0x9c, 0x93, 0x94, 0x72, 0x94,
    0x51, 0x8c, 0x10, 0x84, 0xd0, 0x7b, 0x8f, 0x73, 0x6e, 0x6b, 0x4e, 0x6b,
    0x8f, 0x73, 0x11, 0x84, 0x72, 0x94, 0x93, 0x94, 0xb3, 0x94, 0xb3, 0x94,
    0x35, 0xa5, 0x35, 0xad, 0x35, 0xad, 0x35, 0xad, 0x35, 0xad, 0x35, 0xa5,
    0x35, 0xad, 0x34, 0xad, 0x15, 0xa5, 0x14, 0xad, 0x14, 0xad, 0x15, 0xa5,
    0x14, 0xad, 0x35, 0xa5, 0x35, 0xad, 0x35, 0xa5, 0x35, 0xad, 0x55, 0xad,
    0x15, 0xa5, 0xf3, 0x9c, 0xd3, 0x9c, 0xf4, 0x9c, 0xf4, 0x9c, 0x14, 0xa5,
    0x14, 0xa5, 0x35, 0xa5, 0x56, 0xad, 0x76, 0xad, 0x76, 0xad, 0x76, 0xad,
    0x56, 0xad, 0x35, 0xa5, 0x35, 0xa5, 0x35, 0xa5, 0x14, 0xa5, 0xf4, 0x9c,
    0xf4, 0x9c, 0xf4, 0x9c, 0xd4, 0x9c, 0xd3, 0x9c, 0xb3, 0x94, 0x72, 0x94,
    0x51, 0x8c, 0x31, 0x84, 0x10, 0x84, 0xcf, 0x7b, 0x8f, 0x73, 0x6e, 0x6b,
    0x4d, 0x6b, 0x0d, 0x63, 0xec, 0x62, 0xcb, 0x5a, 0x8b, 0x52, 0x8b, 0x52,
    0x8a, 0x52, 0x8a, 0x52, 0xaa, 0x52, 0x8a, 0x5a, 0x8a, 0x5a, 0xaa, 0x52,
    0x8b, 0x52, 0xab, 0x52, 0xab, 0x52, 0xab, 0x5a, 0xab, 0x5a, 0x8b, 0x52,
    0x8a, 0x52, 0x8a, 0x52, 0x8a, 0x52, 0x8b, 0x52, 0x8a, 0x52, 0x8a, 0x52,
    0x8b, 0x52, 0x8a, 0x52, 0xab, 0x52, 0xab, 0x52, 0xab, 0x52, 0xab, 0x52,
    0xab, 0x5a, 0x8a, 0x52, 0xaa, 0x52, 0xab, 0x52, 0xab, 0x52, 0xcb, 0x5a,
    0xec, 0x5a, 0xec, 0x5a, 0x0c, 0x63, 0x0d, 0x63, 0x0d, 0x63, 0x2d, 0x63,
    0x2d, 0x63, 0x4e, 0x63, 0x4e, 0x6b, 0x6e, 0x6b, 0x6e, 0x6b, 0x4d, 0x6b,
    0x4d, 0x63, 0x4e, 0x6b, 0x2d, 0x63, 0x2d, 0x63, 0x2d, 0x63, 0x2d, 0x63,
    0x0d, 0x63, 0x0d, 0x63, 0x0c, 0x63, 0x0d, 0x5b, 0x0c, 0x5b, 0x0c, 0x63,
    0x0d, 0x63, 0x0d, 0x63, 0xec, 0x5a, 0xec, 0x5a, 0xec, 0x5a, 0xec, 0x5a,
    0xcc, 0x5a, 0xcb, 0x52, 0xcb, 0x52, 0xec, 0x5a, 0x6e, 0x6b, 0xaf, 0x7b,
    0x10, 0x7c, 0x31, 0x8c, 0x72, 0x8c, 0x93, 0x94, 0xb3, 0x9c, 0xf4, 0x9c,
    0xf4, 0x9c, 0xf4, 0x9c, 0xf4, 0x9c, 0xd4, 0x9c, 0xd3, 0x9c, 0xb3, 0x94,
    0x93, 0x94, 0x92, 0x8c, 0x72, 0x8c, 0x52, 0x8c, 0x51, 0x8c, 0x31, 0x84,
    0x11, 0x84, 0x10, 0x7c, 0xd0, 0x7b, 0xaf, 0x7b, 0xaf, 0x73, 0x6e, 0x6b,
    0x6e, 0x6b, 0x2d, 0x6b, 0x0d, 0x63, 0x2d, 0x63, 0x6e, 0x6b, 0xcf, 0x7b,
    0xf0, 0x83, 0x31, 0x84, 0x51, 0x8c, 0x52, 0x8c, 0x52, 0x8c, 0x72, 0x8c,
    0x72, 0x8c, 0x72, 0x8c, 0x72, 0x8c, 0x52, 0x8c, 0x51, 0x8c, 0x72, 0x94,
    0xd3, 0x9c, 0xf4, 0x9c, 0xd3, 0x9c, 0xb3, 0x9c, 0x92, 0x94, 0x51, 0x8c,
    0xf0, 0x83, 0xcf, 0x7b, 0xaf, 0x73, 0x6e, 0x73, 0x2d, 0x6b, 0x2c, 0x63,
    0x2d, 0x63, 0x6e, 0x73, 0x51, 0x8c, 0xb3, 0x94, 0xd4, 0x9c, 0xd3, 0x9c,
    0x35, 0xa5, 0x35, 0xad, 0x35, 0xa5, 0x35, 0xa5, 0x35, 0xad, 0x34, 0xad,
    0x14, 0xa5, 0x15, 0xa5, 0x14, 0xad, 0x14, 0xad, 0x14, 0xa5, 0x15, 0xa5,
    0x35, 0xad, 0x15, 0xa5, 0x35, 0xad, 0x35, 0xad, 0x35, 0xa5, 0x35, 0xa5,
    0x55, 0xad, 0x35, 0xa5, 0xf4, 0x9c, 0xd4, 0x9c, 0xf4, 0xa4, 0xf4, 0xa4,
    0x14, 0xa5, 0x35, 0xa5, 0x35, 0xa5, 0x35, 0xa5, 0x55, 0xad, 0x55, 0xad,
    0x56, 0xad, 0x35, 0xa5, 0x35, 0xa5, 0x14, 0xa5, 0xf4, 0x9c, 0xf4, 0x9c,
    0xd4, 0x9c, 0xd3, 0x9c, 0xb3, 0x94, 0xb3, 0x94, 0x72, 0x8c, 0x51, 0x8c,
    0x11, 0x84, 0xf0, 0x7b, 0xcf, 0x7b, 0x8f, 0x73, 0x6e, 0x6b, 0x2d, 0x6b,
    0x0c, 0x63, 0xec, 0x5a, 0xab, 0x5a, 0x8a, 0x52, 0x8a, 0x52, 0x8b, 0x52,
    0xab, 0x5a, 0xab, 0x5a, 0xab, 0x5a, 0xab, 0x52, 0x8b, 0x52, 0x8b, 0x5a,
    0x8b, 0x5a, 0x8a, 0x52, 0xaa, 0x5a, 0xab, 0x52, 0xaa, 0x52, 0xaa, 0x52,
    0xab, 0x52, 0x8b, 0x52, 0x8a, 0x52, 0x8b, 0x52, 0x8a, 0x52, 0x8a, 0x52,
    0xab, 0x52, 0x8b, 0x52, 0x8a, 0x52, 0xaa, 0x52, 0x8b, 0x52, 0xab, 0x5a,
    0xab, 0x52, 0xab, 0x52, 0xab, 0x52, 0xab, 0x52, 0xcb, 0x5a, 0xec, 0x5a,
    0xec, 0x5a, 0x0c, 0x63, 0x2d, 0x63, 0x2d, 0x63, 0x2d, 0x63, 0x2d, 0x63,
    0x4d, 0x6b, 0x4d, 0x6b, 0x4e, 0x6b, 0x6e, 0x6b, 0x6e, 0x6b, 0x6e, 0x6b,
    0x4d, 0x63, 0x4e, 0x6b, 0x2d, 0x6b, 0x2d, 0x63, 0x2d, 0x63, 0x2d, 0x63,
    0x2d, 0x63, 0x0c, 0x63, 0x0d, 0x5b, 0x0c, 0x5b, 0x0c, 0x63, 0x0d, 0x5b,
    0x0d, 0x63, 0x0c, 0x5b, 0xec, 0x5a, 0xec, 0x5a, 0xec, 0x5a, 0xcc, 0x5a,
    0xcb, 0x5a, 0xcc, 0x5a, 0x0d, 0x63, 0x6e, 0x6b, 0xd0, 0x7b, 0x11, 0x84,
    0x52, 0x8c, 0x72, 0x8c, 0xb3, 0x94, 0xd3, 0x9c, 0xf4, 0x9c, 0xf4, 0x9c,
    0x14, 0xa5, 0xf4, 0x9c, 0xd4, 0x9c, 0xd3, 0x94, 0xb3, 0x94, 0x93, 0x94,
    0x72, 0x94, 0x72, 0x8c, 0x72, 0x8c, 0x51, 0x8c, 0x31, 0x84, 0x31, 0x84,
    0x10, 0x84, 0xf0, 0x7b, 0xcf, 0x7b, 0xaf, 0x73, 0xaf, 0x73, 0x8e, 0x6b,
    0x4d, 0x6b, 0x2d, 0x6b, 0x0d, 0x63, 0x2d, 0x63, 0x2d, 0x6b, 0x8e, 0x73,
    0xf0, 0x83, 0x52, 0x8c, 0x92, 0x94, 0x93, 0x94, 0xb3, 0x94, 0xb3, 0x94,
    0xb3, 0x9c, 0xd3, 0x9c, 0xb3, 0x9c, 0xb3, 0x94, 0xb3, 0x94, 0xb3, 0x9c,
    0xd4, 0x9c, 0xf4, 0xa4, 0xf4, 0x9c, 0xb3, 0x9c, 0x72, 0x8c, 0x11, 0x84,
    0xcf, 0x7b, 0xaf, 0x7b, 0x6e, 0x73, 0x4d, 0x6b, 0x2d, 0x6b, 0x2d, 0x63,
    0x0c, 0x63, 0x0d, 0x63, 0xaf, 0x7b, 0x93, 0x94, 0xd4, 0x9c, 0xf4, 0x9c,
    0x35, 0xa5, 0x35, 0xad, 0x35, 0xad, 0x35, 0xa5, 0x35, 0xad, 0x14, 0xa5,
    0x34, 0xa5, 0x14, 0xad, 0x14, 0xa5, 0x14, 0xa5, 0x14, 0xa5, 0x14, 0xa5,
    0x14, 0xad, 0x34, 0xad, 0x35, 0xa5, 0x35, 0xad, 0x35, 0xad, 0x55, 0xad,
    0x35, 0xad, 0x35, 0xad, 0x35, 0xa5, 0x14, 0xa5, 0x14, 0xa5, 0xf4, 0x9c,
    0xf4, 0xa4, 0x14, 0xa5, 0x15, 0xa5, 0x14, 0xa5, 0x14, 0xa5, 0x35, 0xa5,
    0x35, 0xa5, 0x15, 0xa5, 0x14, 0xa5, 0xf4, 0x9c, 0xd4, 0x9c, 0xd3, 0x9c,
    0xd3, 0x9c, 0xb3, 0x94, 0x93, 0x94, 0x72, 0x8c, 0x51, 0x8c, 0x11, 0x84,
    0xf0, 0x7b, 0xaf, 0x73, 0x8e, 0x73, 0x6e, 0x6b, 0x2d, 0x63, 0x0c, 0x63,
    0xec, 0x5a, 0xab, 0x5a, 0xab, 0x52, 0x8a, 0x52, 0x8a, 0x52, 0x8a, 0x52,
    0xaa, 0x52, 0x8a, 0x52, 0x8b, 0x52, 0x8b, 0x52, 0xab, 0x52, 0xaa, 0x52,
    0x8b, 0x52, 0x8a, 0x52, 0x8a, 0x52, 0xab, 0x5a, 0xab, 0x5a, 0xab, 0x52,
    0xab, 0x5a, 0x8a, 0x52, 0x8a, 0x52, 0x8b, 0x52, 0x8a, 0x52, 0x8a, 0x52,
    0x8a, 0x52, 0x8a, 0x52, 0x8a, 0x52, 0x8b, 0x52, 0xab, 0x52, 0x8a, 0x52,
    0xab, 0x52, 0xab, 0x5a, 0xcb, 0x5a, 0xcb, 0x5a, 0xcc, 0x5a, 0x0c, 0x5b,
    0x0d, 0x63, 0x2d, 0x63, 0x2d, 0x63, 0x4d, 0x63, 0x4d, 0x63, 0x4d, 0x63,
    0x4d, 0x6b, 0x4e, 0x6b, 0x4e, 0x63, 0x4e, 0x6b, 0x6e, 0x6b, 0x4e, 0x6b,
    0x4d, 0x6b, 0x4d, 0x63, 0x4d, 0x63, 0x2d, 0x63, 0x2e, 0x63, 0x2d, 0x63,
    0x2d, 0x63, 0x0d, 0x63, 0x0c, 0x63, 0x0d, 0x63, 0x0d, 0x63, 0x0d, 0x63,
    0xec, 0x5a, 0x0c, 0x63, 0xec, 0x5a, 0xec, 0x5a, 0xcc, 0x5a, 0xcb, 0x5a,
    0xec, 0x5a, 0x2d, 0x63, 0xaf, 0x73, 0xf0, 0x7b, 0x31, 0x84, 0x52, 0x8c,
    0x92, 0x8c, 0xb3, 0x94, 0xd3, 0x9c, 0xf4, 0x9c, 0xf4, 0x9c, 0xf4, 0xa4,
    0xf4, 0x9c, 0xd3, 0x9c, 0xb3, 0x94, 0xb3, 0x94, 0x92, 0x94, 0x92, 0x8c,
    0x72, 0x8c, 0x52, 0x8c, 0x51, 0x8c, 0x31, 0x84, 0x31, 0x84, 0x11, 0x84,
    0x10, 0x7c, 0xf0, 0x7b, 0xcf, 0x7b, 0xf0, 0x7b, 0x11, 0x84, 0x10, 0x84,
    0xaf, 0x73, 0x6d, 0x6b, 0x2d, 0x63, 0x0c, 0x63, 0x2d, 0x63, 0x4d, 0x6b,
    0xaf, 0x73, 0x31, 0x84, 0x93, 0x94, 0xb3, 0x9c, 0xd3, 0x9c, 0xb3, 0x9c,
    0xd4, 0x9c, 0xd3, 0x9c, 0xd3, 0x9c, 0xd4, 0x9c, 0xd3, 0x9c, 0xd4, 0x9c,
    0xd4, 0x9c, 0xf4, 0x9c, 0xf4, 0x9c, 0x93, 0x94, 0x52, 0x8c, 0x10, 0x84,
    0xcf, 0x7b, 0x8e, 0x73, 0x6e, 0x73, 0x6e, 0x73, 0x6e, 0x6b, 0x6e, 0x73,
    0x6e, 0x73, 0x8e, 0x73, 0x8e, 0x73, 0x10, 0x84, 0xb3, 0x94, 0xf4, 0x9c,
    0x35, 0xa5, 0x35, 0xad, 0x34, 0xad, 0x35, 0xad, 0x14, 0xa5, 0x35, 0xa5,
    0x15, 0xad, 0x14, 0xad, 0x34, 0xad, 0x14, 0xa5, 0x15, 0xad, 0x14, 0xad,
    0x14, 0xad, 0x35, 0xa5, 0x35, 0xa5, 0x35, 0xa5, 0x35, 0xad, 0x35, 0xad,
    0x34, 0xa5, 0x15, 0xa5, 0x35, 0xad, 0x35, 0xa5, 0x35, 0xa5, 0x14, 0xa5,
    0xf4, 0x9c, 0xf4, 0x9c, 0xf4, 0xa4, 0x14, 0xa5, 0x15, 0xa5, 0x15, 0xa5,
    0x14, 0xa5, 0xf4, 0x9c, 0xf4, 0x9c, 0xd4, 0x9c, 0xd3, 0x9c, 0xb3, 0x94,
    0xb3, 0x94, 0x92, 0x94, 0x52, 0x8c, 0x51, 0x84, 0x11, 0x84, 0xf0, 0x7b,
    0xaf, 0x73, 0x8e, 0x73, 0x4e, 0x6b, 0x2d, 0x63, 0x0c, 0x63, 0xcc, 0x5a,
    0xab, 0x5a, 0x8b, 0x52, 0x8a, 0x52, 0x8a, 0x52, 0x8b, 0x52, 0x8b, 0x52,
    0x8a, 0x52, 0x8b, 0x52, 0xaa, 0x5a, 0xaa, 0x5a, 0xaa, 0x5a, 0x8a, 0x52,
    0xaa, 0x52, 0x8b, 0x52, 0x8b, 0x52, 0x8b, 0x52, 0xab, 0x52, 0xab, 0x5a,
    0xab, 0x52, 0xaa, 0x52, 0x8b, 0x52, 0x8a, 0x52, 0x8a, 0x52, 0x8b, 0x52,
    0x8b, 0x52, 0x8b, 0x52, 0xab, 0x52, 0x8a, 0x52, 0x8b, 0x5a, 0xab, 0x52,
    0xab, 0x52, 0xcb, 0x5a, 0xcc, 0x5a, 0xec, 0x5a, 0xec, 0x5a, 0x0c, 0x63,
    0x2d, 0x63, 0x4d, 0x63, 0x4e, 0x6b, 0x4d, 0x6b, 0x4e, 0x63, 0x4d, 0x63,
    0x4d, 0x6b, 0x4e, 0x6b, 0x4e, 0x6b, 0x4d, 0x63, 0x4d, 0x6b, 0x4e, 0x6b,
    0x4e, 0x63, 0x4d, 0x63, 0x2d, 0x63, 0x2d, 0x63, 0x2d, 0x63, 0x2d, 0x63,
    0x2d, 0x63, 0x0d, 0x63, 0x0d, 0x5b, 0x0d, 0x63, 0x0c, 0x5b, 0x0c, 0x5b,
    0x0c, 0x5b, 0xec, 0x5a, 0xec, 0x5a, 0xcc, 0x5a, 0xcb, 0x5a, 0x0c, 0x5b,
    0x4e, 0x6b, 0xaf, 0x73, 0x10, 0x7c, 0x31, 0x84, 0x72, 0x8c, 0x92, 0x94,
    0xb3, 0x94, 0xd3, 0x9c, 0xf4, 0x9c, 0xf4, 0x9c, 0xf4, 0x9c, 0xd4, 0x9c,
    0xd3, 0x9c, 0xb3, 0x94, 0x93, 0x94, 0x92, 0x94, 0x72, 0x8c, 0x72, 0x8c,
    0x52, 0x8c, 0x51, 0x8c, 0x31, 0x84, 0x31, 0x84, 0x11, 0x84, 0x10, 0x84,
    0x10, 0x7c, 0xf0, 0x7b, 0x11, 0x84, 0x51, 0x8c, 0x72, 0x8c, 0x93, 0x94,
    0x93, 0x94, 0x51, 0x8c, 0xcf, 0x7b, 0x4e, 0x6b, 0x2d, 0x63, 0x2d, 0x63,
    0x4d, 0x6b, 0xaf, 0x73, 0x51, 0x8c, 0xb3, 0x9c, 0xd3, 0x9c, 0xd3, 0x9c,
    0xb3, 0x94, 0xd3, 0x94, 0xd3, 0x9c, 0xb3, 0x9c, 0xb3, 0x9c, 0xd4, 0x9c,
    0xd4, 0x9c, 0xf4, 0x9c, 0x14, 0xa5, 0xb3, 0x9c, 0x51, 0x8c, 0x10, 0x84,
    0xcf, 0x7b, 0x8e, 0x73, 0x6e, 0x73, 0x8e, 0x73, 0xaf, 0x7b, 0xd0, 0x7b,
    0xf0, 0x83, 0xf0, 0x7b, 0xf0, 0x7b, 0x10, 0x84, 0x72, 0x8c, 0xd4, 0x9c,
    0x35, 0xa5, 0x35, 0xad, 0x15, 0xa5, 0x34, 0xa5, 0x14, 0xad, 0x34, 0xad,
    0x14, 0xad, 0x14, 0xa5, 0x15, 0xa5, 0x15, 0xad, 0x14, 0xad, 0x15, 0xa5,
    0x35, 0xa5, 0x35, 0xa5, 0x35, 0xad, 0x34, 0xad, 0x35, 0xa5, 0x35, 0xa5,
    0x14, 0xa5, 0xf4, 0x9c, 0xd4, 0x9c, 0x14, 0xa5, 0x35, 0xad, 0x35, 0xa5,
    0x14, 0xa5, 0xf4, 0x9c, 0xf4, 0xa4, 0x14, 0xa5, 0x14, 0xa5, 0x14, 0x9d,
    0xf4, 0x9c, 0xd4, 0x9c, 0xd3, 0x9c, 0xb3, 0x94, 0xb3, 0x94, 0x92, 0x94,
    0x72, 0x8c, 0x52, 0x8c, 0x31, 0x84, 0x10, 0x84, 0xf0, 0x7b, 0xaf, 0x73,
    0x6e, 0x73, 0x4e, 0x6b, 0x2d, 0x63, 0xec, 0x62, 0xcb, 0x5a, 0xab, 0x52,
    0x8b, 0x52, 0x8a, 0x52, 0x8b, 0x52, 0xaa, 0x52, 0xab, 0x52, 0x8a, 0x52,
    0x8a, 0x5a, 0x8b, 0x52, 0xab, 0x5a, 0x8a, 0x52, 0x8b, 0x52, 0x8b, 0x5a,
    0xab, 0x52, 0xaa, 0x5a, 0x8a, 0x5a, 0x8a, 0x52, 0xaa, 0x52, 0xab, 0x5a,
    0xab, 0x5a, 0xab, 0x52, 0xaa, 0x52, 0xab, 0x5a, 0x8a, 0x52, 0x8a, 0x52,
    0x8b, 0x52, 0xaa, 0x52, 0xab, 0x52, 0xab, 0x52, 0xaa, 0x52, 0xab, 0x5a,
    0xcb, 0x5a, 0xec, 0x5a, 0xec, 0x62, 0x0c, 0x63, 0x0d, 0x63, 0x2d, 0x63,
    0x4d, 0x63, 0x4e, 0x6b, 0x4d, 0x6b, 0x4e, 0x6b, 0x4d, 0x6b, 0x4d, 0x6b,
    0x4e, 0x63, 0x4d, 0x63, 0x4d, 0x6b, 0x4e, 0x6b, 0x4e, 0x63, 0x4d, 0x6b,
    0x4d, 0x6b, 0x4e, 0x6b, 0x4d, 0x63, 0x4d, 0x6b, 0x2d, 0x63, 0x2d, 0x63,
    0x0d, 0x63, 0x2d, 0x63, 0x0c, 0x63, 0x0c, 0x5b, 0xec, 0x5a, 0xed, 0x5a,
    0xec, 0x5a, 0xec, 0x5a, 0xcc, 0x5a, 0xec, 0x5a, 0x0d, 0x63, 0x8e, 0x6b,
    0xd0, 0x7b, 0x31, 0x84, 0x52, 0x8c, 0x72, 0x8c, 0xb3, 0x94, 0xb3, 0x9c,
    0xd4, 0x9c, 0xf4, 0x9c, 0xf4, 0x9c, 0xf4, 0x9c, 0xd3, 0x9c, 0xd3, 0x94,
    0xb3, 0x94, 0x92, 0x94, 0x92, 0x94, 0x72, 0x8c, 0x72, 0x8c, 0x52, 0x8c,
    0x51, 0x84, 0x51, 0x84, 0x31, 0x84, 0x11, 0x84, 0x10, 0x84, 0x10, 0x84,
    0x11, 0x84, 0x51, 0x84, 0x72, 0x8c, 0x92, 0x94, 0xb3, 0x94, 0xd4, 0x9c,
    0xf4, 0x9c, 0x15, 0xa5, 0x14, 0xa5, 0xb3, 0x94, 0x10, 0x84, 0x8e, 0x73,
    0x4d, 0x6b, 0x4e, 0x6b, 0x8f, 0x73, 0x51, 0x8c, 0xb3, 0x94, 0xb3, 0x9c,
    0xb3, 0x9c, 0xb3, 0x94, 0xb3, 0x9c, 0xb3, 0x94, 0xb3, 0x94, 0xd3, 0x9c,
    0xd3, 0x9c, 0xd3, 0x9c, 0xf4, 0xa4, 0xf4, 0x9c, 0x92, 0x94, 0x11, 0x84,
    0xd0, 0x7b, 0xaf, 0x7b, 0xaf, 0x73, 0xcf, 0x7b, 0x10, 0x84, 0x31, 0x84,
    0x31, 0x84, 0x31, 0x8c, 0x31, 0x8c, 0x51, 0x8c, 0x92, 0x94, 0xb3, 0x9c,
    0x35, 0xa5, 0x35, 0xad, 0x34, 0xa5, 0x35, 0xad, 0x15, 0xad, 0x14, 0xa5,
    0x15, 0xa5, 0x14, 0xad, 0x14, 0xa5, 0x14, 0xa5, 0x14, 0xa5, 0x14, 0xa5,
    0x35, 0xad, 0x35, 0xad, 0x35, 0xad, 0x35, 0xad, 0x35, 0xad, 0x35, 0xa5,
    0x14, 0xa5, 0x14, 0xa5, 0xd4, 0x9c, 0xb3, 0x9c, 0xf4, 0x9c, 0x14, 0xa5,
    0x14, 0xa5, 0x14, 0xa5, 0xf4, 0xa4, 0xf4, 0x9c, 0xf4, 0x9c, 0xf4, 0x9c,
    0xd3, 0x9c, 0xb3, 0x94, 0xb3, 0x94, 0x93, 0x94, 0x72, 0x8c, 0x52, 0x8c,
    0x51, 0x8c, 0x31, 0x84, 0xf0, 0x83, 0xcf, 0x7b, 0xaf, 0x73, 0x8e, 0x6b,
    0x4e, 0x6b, 0x2d, 0x63, 0xec, 0x5a, 0xcb, 0x5a, 0x8b, 0x52, 0x8a, 0x52,
    0x8a, 0x52, 0x8a, 0x52, 0x8a, 0x52, 0x8b, 0x52, 0xaa, 0x52, 0x8a, 0x52,
    0x8b, 0x52, 0xaa, 0x52, 0x8b, 0x52, 0xab, 0x52, 0x8b, 0x52, 0xab, 0x52,
    0x8a, 0x5a, 0xab, 0x52, 0xab, 0x52, 0x8b, 0x52, 0xaa, 0x5a, 0xab, 0x5a,
    0xab, 0x52, 0xab, 0x5a, 0xab, 0x52, 0xab, 0x52, 0x8b, 0x52, 0x8a, 0x52,
    0x8a, 0x52, 0x8a, 0x52, 0x8a, 0x52, 0xab, 0x52, 0xab, 0x52, 0xab, 0x5a,
    0xec, 0x5a, 0xec, 0x5a, 0x0c, 0x63, 0x2d, 0x63, 0x2d, 0x63, 0x4d, 0x6b,
    0x4d, 0x6b, 0x6e, 0x6b, 0x4d, 0x6b, 0x4e, 0x63, 0x4e, 0x6b, 0x4e, 0x63,
    0x4d, 0x6b, 0x4d, 0x63, 0x2d, 0x63, 0x4d, 0x6b, 0x4d, 0x6b, 0x4e, 0x6b,
    0x4e, 0x63, 0x4e, 0x6b, 0x4e, 0x6b, 0x2d, 0x63, 0x2d, 0x63, 0x2d, 0x63,
    0x0d, 0x63, 0x0d, 0x63, 0x0c, 0x63, 0x0c, 0x63, 0x0c, 0x5b, 0xec, 0x62,
    0xec, 0x5a, 0xcc, 0x5a, 0xec, 0x5a, 0x4d, 0x6b, 0xaf, 0x73, 0xf0, 0x7b,
    0x31, 0x84, 0x72, 0x8c, 0x93, 0x94, 0xb3, 0x94, 0xd3, 0x9c, 0xd4, 0x9c,
    0xf4, 0x9c, 0xf4, 0x9c, 0xf4, 0x9c, 0xd3, 0x9c, 0xb3, 0x94, 0x93, 0x94,
    0x92, 0x94, 0x72, 0x8c, 0x72, 0x8c, 0x72, 0x8c, 0x51, 0x8c, 0x51, 0x84,
    0x51, 0x8c, 0x31, 0x84, 0x31, 0x84, 0x11, 0x84, 0x31, 0x84, 0x51, 0x84,
    0x72, 0x8c, 0x72, 0x94, 0x93, 0x94, 0xd3, 0x94, 0xf4, 0x9c, 0xf4, 0xa4,
    0x35, 0xa5, 0x55, 0xa5, 0x56, 0xad, 0x56, 0xad, 0x35, 0xa5, 0xd3, 0x9c,
    0x31, 0x84, 0xaf, 0x73, 0x8f, 0x73, 0xaf, 0x7b, 0x51, 0x8c, 0xb3, 0x94,
    0xb3, 0x9c, 0xb3, 0x9c, 0xb3, 0x9c, 0xb3, 0x94, 0xb3, 0x9c, 0xb3, 0x9c,
    0xb3, 0x9c, 0xb3, 0x94, 0xb3, 0x9c, 0xd4, 0x9c, 0xd3, 0x9c, 0x52, 0x8c,
    0x10, 0x84, 0xcf, 0x7b, 0xf0, 0x83, 0x31, 0x84, 0x31, 0x8c, 0x51, 0x8c,
    0x51, 0x8c, 0x52, 0x8c, 0x52, 0x8c, 0x52, 0x8c, 0x92, 0x94, 0xd3, 0x9c,
    0x35, 0xa5, 0x35, 0xad, 0x35, 0xad, 0x34, 0xa5, 0x15, 0xa5, 0x14, 0xa5,
    0x14, 0xad, 0x34, 0xa5, 0x34, 0xad, 0x14, 0xad, 0x14, 0xa5, 0x35, 0xad,
    0x34, 0xad, 0x15, 0xa5, 0x35, 0xa5, 0x35, 0xa5, 0x35, 0xa5, 0x34, 0xa5,
    0x14, 0xa5, 0x14, 0xa5, 0xf4, 0x9c, 0xd3, 0x9c, 0xb3, 0x94, 0xb3, 0x94,
    0xd4, 0x9c, 0x14, 0xa5, 0xf4, 0x9c, 0xd4, 0x9c, 0xd3, 0x9c, 0xd3, 0x9c,
    0xb3, 0x94, 0x92, 0x94, 0x92, 0x94, 0x72, 0x8c, 0x52, 0x8c, 0x31, 0x84,
    0x10, 0x84, 0xf0, 0x7b, 0xcf, 0x7b, 0x8f, 0x73, 0x6e, 0x6b, 0x4e, 0x6b,
    0x2d, 0x63, 0x0c, 0x63, 0xcb, 0x5a, 0x8b, 0x52, 0x6a, 0x52, 0x8a, 0x52,
    0x8b, 0x52, 0x8a, 0x52, 0x8a, 0x52, 0x8b, 0x52, 0xab, 0x52, 0x8a, 0x52,
    0xab, 0x52, 0x8a, 0x52, 0x8a, 0x52, 0xab, 0x5a, 0xab, 0x5a, 0x8a, 0x5a,
    0xab, 0x52, 0x8b, 0x5a, 0x8b, 0x52, 0x8a, 0x52, 0x8b, 0x52, 0x8a, 0x52,
    0xab, 0x52, 0xab, 0x5a, 0xab, 0x5a, 0xaa, 0x52, 0xaa, 0x5a, 0xab, 0x52,
    0x8b, 0x5a, 0x8a, 0x52, 0x8b, 0x52, 0xab, 0x5a, 0xcb, 0x5a, 0xcb, 0x5a,
    0xec, 0x5a, 0x0d, 0x63, 0x2d, 0x63, 0x4d, 0x63, 0x4d, 0x6b, 0x4e, 0x6b,
    0x4e, 0x6b, 0x4d, 0x6b, 0x4e, 0x6b, 0x4e, 0x6b, 0x6d, 0x6b, 0x6e, 0x6b,
    0x4d, 0x63, 0x4d, 0x63, 0x2d, 0x63, 0x2d, 0x63, 0x2d, 0x63, 0x4e, 0x63,
    0x4d, 0x6b, 0x4d, 0x6b, 0x4d, 0x63, 0x2d, 0x63, 0x2d, 0x63, 0x2d, 0x63,
    0x2d, 0x63, 0x0c, 0x63, 0x0d, 0x5b, 0xec, 0x5a, 0xec, 0x5a, 0xec, 0x5a,
    0xcc, 0x5a, 0x0c, 0x63, 0x6e, 0x6b, 0xd0, 0x7b, 0x11, 0x84, 0x52, 0x8c,
    0x92, 0x94, 0xb3, 0x94, 0xd3, 0x9c, 0xf4, 0x9c, 0xf4, 0x9c, 0xf4, 0x9c,
    0xf4, 0x9c, 0xd3, 0x9c, 0xb3, 0x9c, 0xb3, 0x94, 0x93, 0x94, 0x92, 0x8c,
    0x72, 0x8c, 0x72, 0x8c, 0x72, 0x8c, 0x52, 0x8c, 0x51, 0x8c, 0x31, 0x84,
    0x31, 0x84, 0x31, 0x84, 0x31, 0x84, 0x51, 0x8c, 0x52, 0x8c, 0x92, 0x94,
    0x93, 0x94, 0xb3, 0x94, 0xd4, 0x9c, 0xf4, 0xa4, 0x15, 0xa5, 0x35, 0xa5,
    0x35, 0xa5, 0x55, 0xad, 0x55, 0xad, 0x56, 0xad, 0x56, 0xa5, 0x55, 0xad,
    0x35, 0xa5, 0xd3, 0x9c, 0x52, 0x8c, 0x11, 0x84, 0x31, 0x84, 0x72, 0x8c,
    0x93, 0x94, 0xb3, 0x94, 0xb3, 0x9c, 0xb2, 0x94, 0xb3, 0x94, 0x93, 0x9c,
    0xb3, 0x94, 0xb3, 0x94, 0x92, 0x94, 0x93, 0x94, 0xb3, 0x9c, 0xb3, 0x94,
    0x51, 0x8c, 0xf0, 0x83, 0x11, 0x84, 0x51, 0x8c, 0x51, 0x8c, 0x52, 0x94,
    0x52, 0x94, 0x51, 0x8c, 0x51, 0x8c, 0x51, 0x8c, 0x72, 0x94, 0xb3, 0x9c,
    0x14, 0xa5, 0x14, 0xa5, 0x35, 0xad, 0x35, 0xad, 0x14, 0xad, 0x34, 0xad,
    0x15, 0xa5, 0x14, 0xad, 0x15, 0xa5, 0x15, 0xad, 0x35, 0xad, 0x35, 0xa5,
    0x35, 0xa5, 0x34, 0xad, 0x35, 0xa5, 0x35, 0xad, 0x35, 0xa5, 0x34, 0xa5,
    0x14, 0xa5, 0xf4, 0x9c, 0xd4, 0x9c, 0xd3, 0x9c, 0xd3, 0x9c, 0xb3, 0x94,
    0xb3, 0x9c, 0xd3, 0x9c, 0xf4, 0x9c, 0xd3, 0x9c, 0xb3, 0x9c, 0xb3, 0x94,
    0x92, 0x94, 0x72, 0x8c, 0x72, 0x8c, 0x31, 0x8c, 0x31, 0x84, 0x10, 0x7c,
    0xd0, 0x7b, 0xaf, 0x73, 0x8f, 0x73, 0x6e, 0x6b, 0x4d, 0x6b, 0x2d, 0x63,
    0xec, 0x62, 0xcc, 0x5a, 0xab, 0x52, 0x8a, 0x52, 0x8a, 0x52, 0x8a, 0x52,
    0x8a, 0x52, 0x8b, 0x52, 0x8b, 0x52, 0x8b, 0x52, 0xaa, 0x52, 0xab, 0x52,
    0x8a, 0x5a, 0x8b, 0x52, 0x8a, 0x52, 0xaa, 0x52, 0x8a, 0x52, 0xab, 0x52,
    0xaa, 0x52, 0xaa, 0x52, 0x8a, 0x5a, 0xaa, 0x52, 0x8a, 0x52, 0x8b, 0x52,
    0x8a, 0x5a, 0xab, 0x52, 0xab, 0x52, 0xab, 0x5a, 0xab, 0x52, 0xaa, 0x52,
    0xab, 0x52, 0xab, 0x52, 0xab, 0x5a, 0xcb, 0x5a, 0xec, 0x5a, 0xec, 0x5a,
    0x0c, 0x63, 0x2d, 0x63, 0x4d, 0x6b, 0x4d, 0x6b, 0x6e, 0x6b, 0x6e, 0x6b,
    0x6e, 0x6b, 0x6e, 0x6b, 0x6e, 0x6b, 0x6d, 0x6b, 0x4d, 0x6b, 0x4e, 0x6b,
    0x6d, 0x6b, 0x4d, 0x63, 0x2e, 0x6b, 0x2d, 0x63, 0x2d, 0x63, 0x4d, 0x6b,
    0x4e, 0x6b, 0x2d, 0x63, 0x2d, 0x63, 0x2d, 0x63, 0x2d, 0x6b, 0x2d, 0x63,
    0x0d, 0x63, 0x0c, 0x63, 0x0c, 0x5b, 0x0c, 0x5b, 0xec, 0x5a, 0xec, 0x5a,
    0x2d, 0x63, 0x8f, 0x73, 0xf0, 0x7b, 0x31, 0x84, 0x72, 0x8c, 0xb3, 0x94,
    0xd3, 0x9c, 0xf4, 0x9c, 0xf4, 0xa4, 0x14, 0xa5, 0xf4, 0x9c, 0xf4, 0x9c,
    0xd3, 0x9c, 0xd3, 0x94, 0xb3, 0x94, 0x92, 0x94, 0x72, 0x8c, 0x72, 0x8c,
    0x72, 0x8c, 0x52, 0x8c, 0x52, 0x8c, 0x51, 0x84, 0x31, 0x84, 0x31, 0x84,
    0x51, 0x84, 0x52, 0x8c, 0x52, 0x8c, 0x92, 0x8c, 0x93, 0x94, 0xb3, 0x94,
    0xd3, 0x9c, 0xf4, 0x9c, 0x14, 0x9d, 0x15, 0xa5, 0x35, 0xa5, 0x55, 0xad,
    0x55, 0xad, 0x56, 0xad, 0x56, 0xad, 0x55, 0xad, 0x55, 0xad, 0x55, 0xad,
    0x56, 0xad, 0x35, 0xad, 0x14, 0xa5, 0xb3, 0x94, 0x92, 0x94, 0x92, 0x94,
    0x92, 0x94, 0x93, 0x94, 0xb3, 0x94, 0xb3, 0x94, 0xb2, 0x94, 0x93, 0x9c,
    0xb3, 0x9c, 0xb3, 0x94, 0x92, 0x94, 0x72, 0x94, 0x72, 0x94, 0x72, 0x94,
    0x92, 0x94, 0x51, 0x8c, 0x11, 0x84, 0x51, 0x8c, 0x71, 0x94, 0x71, 0x94,
    0x71, 0x94, 0x71, 0x9c, 0x50, 0x94, 0x50, 0x94, 0x51, 0x94, 0x92, 0x9c,
    0xf4, 0x9c, 0xf4, 0xa4, 0x14, 0xa5, 0x35, 0xad, 0x14, 0xad, 0x14, 0xa5,
    0x15, 0xad, 0x14, 0xa5, 0x14, 0xad, 0x34, 0xa5, 0x14, 0xa5, 0x35, 0xad,
    0x35, 0xad, 0x35, 0xa5, 0x35, 0xad, 0x35, 0xad, 0x55, 0xad, 0x14, 0xa5,
    0xf4, 0x9c, 0xd4, 0x9c, 0xd4, 0x9c, 0xd3, 0x9c, 0xb3, 0x94, 0xd3, 0x9c,
    0xb3, 0x9c, 0xb3, 0x94, 0xd3, 0x9c, 0xb3, 0x94, 0x92, 0x94, 0x72, 0x94,
    0x72, 0x8c, 0x52, 0x8c, 0x31, 0x84, 0x10, 0x84, 0xf0, 0x7b, 0xcf, 0x7b,
    0xaf, 0x73, 0x6e, 0x6b, 0x4e, 0x6b, 0x4d, 0x6b, 0x0c, 0x63, 0xec, 0x5a,
    0xcb, 0x5a, 0xab, 0x52, 0xab, 0x52, 0x8a, 0x52, 0x8a, 0x52, 0x6a, 0x52,
    0x8a, 0x4a, 0x8b, 0x52, 0x8b, 0x52, 0x8a, 0x52, 0xaa, 0x52, 0x8b, 0x52,
    0x8b, 0x52, 0xaa, 0x5a, 0x8a, 0x52, 0x8b, 0x52, 0x8b, 0x5a, 0x8a, 0x52,
    0x8a, 0x52, 0x8b, 0x52, 0xab, 0x52, 0x8b, 0x5a, 0x8a, 0x52, 0x8b, 0x52,
    0xab, 0x52, 0x8b, 0x52, 0xab, 0x5a, 0xab, 0x5a, 0xab, 0x52, 0xab, 0x52,
    0xab, 0x5a, 0xab, 0x5a, 0xcb, 0x5a, 0xec, 0x5a, 0x0c, 0x63, 0x2d, 0x63,
    0x2d, 0x63, 0x4d, 0x63, 0x4e, 0x6b, 0x6e, 0x6b, 0x6e, 0x6b, 0x6e, 0x6b,
    0x6e, 0x6b, 0x4e, 0x6b, 0x4e, 0x6b, 0x6e, 0x6b, 0x6e, 0x6b, 0x4e, 0x6b,
    0x4e, 0x6b, 0x4e, 0x6b, 0x4d, 0x63, 0x2d, 0x63, 0x4d, 0x63, 0x4d, 0x6b,
    0x2d, 0x63, 0x2d, 0x63, 0x2d, 0x63, 0x2d, 0x6b, 0x2d, 0x63, 0x2d, 0x63,
    0x0d, 0x63, 0x0c, 0x63, 0xec, 0x5a, 0xec, 0x5a, 0xec, 0x5a, 0x4e, 0x6b,
    0xaf, 0x73, 0x10, 0x84, 0x52, 0x8c, 0x93, 0x94, 0xb3, 0x94, 0xf4, 0x9c,
    0x14, 0xa5, 0x35, 0xa5, 0x35, 0xa5, 0x15, 0xa5, 0x14, 0x9d, 0xf4, 0x9c,
    0xb3, 0x9c, 0xb3, 0x94, 0x92, 0x94, 0x72, 0x8c, 0x72, 0x8c, 0x72, 0x8c,
    0x51, 0x8c, 0x51, 0x8c, 0x51, 0x8c, 0x51, 0x84, 0x31, 0x84, 0x51, 0x8c,
    0x72, 0x8c, 0x72, 0x8c, 0x93, 0x94, 0xb3, 0x94, 0xd3, 0x9c, 0xd4, 0x9c,
    0xf4, 0x9c, 0x15, 0xa5, 0x35, 0xa5, 0x55, 0xa5, 0x55, 0xad, 0x56, 0xad,
    0x55, 0xad, 0x56, 0xad, 0x56, 0xad, 0x55, 0xad, 0x55, 0xa5, 0x55, 0xad,
    0x55, 0xad, 0x36, 0xa5, 0x15, 0xa5, 0xf4, 0xa4, 0xd3, 0x9c, 0xb3, 0x94,
    0x93, 0x94, 0x93, 0x94, 0xb3, 0x9c, 0x93, 0x94, 0x93, 0x94, 0x92, 0x94,
    0x93, 0x94, 0xb3, 0x9c, 0x92, 0x94, 0x72, 0x8c, 0x52, 0x8c, 0x51, 0x8c,
    0x72, 0x94, 0x72, 0x94, 0x51, 0x8c, 0x51, 0x94, 0x71, 0x94, 0x70, 0x9c,
    0x70, 0x9c, 0x50, 0x9c, 0x4f, 0x9c, 0x2f, 0x9c, 0x2f, 0x9c, 0x70, 0x9c,
    0xf4, 0x9c, 0x14, 0xa5, 0x15, 0xa5, 0x15, 0xa5, 0x34, 0xa5, 0x34, 0xad,
    0x15, 0xa5, 0x14, 0xad, 0x35, 0xad, 0x35, 0xa5, 0x34, 0xa5, 0x35, 0xad,
    0x35, 0xa5, 0x35, 0xad, 0x35, 0xa5, 0x35, 0xa5, 0x35, 0xa5, 0x34, 0xa5,
    0xf4, 0xa4, 0xd3, 0x9c, 0x93, 0x94, 0x92, 0x94, 0x93, 0x94, 0xb3, 0x94,
    0xb3, 0x94, 0x92, 0x94, 0x93, 0x94, 0x92, 0x94, 0x72, 0x8c, 0x51, 0x8c,
    0x51, 0x8c, 0x31, 0x84, 0x10, 0x84, 0xf0, 0x7b, 0xcf, 0x7b, 0x8f, 0x73,
    0x6e, 0x6b, 0x4d, 0x6b, 0x2d, 0x63, 0x0c, 0x63, 0xec, 0x5a, 0xab, 0x5a,
    0x8b, 0x52, 0x8a, 0x52, 0xab, 0x52, 0x8b, 0x52, 0x8a, 0x52, 0x8a, 0x52,
    0x6a, 0x4a, 0x8a, 0x52, 0x8a, 0x52, 0x8a, 0x52, 0x8b, 0x52, 0xab, 0x52,
    0xab, 0x52, 0xaa, 0x52, 0x8b, 0x52, 0x8a, 0x52, 0x8b, 0x52, 0xaa, 0x5a,
    0x8b, 0x52, 0xab, 0x5a, 0xaa, 0x52, 0xab, 0x52, 0x8a, 0x5a, 0x8a, 0x52,
    0x8a, 0x52, 0x8a, 0x5a, 0xab, 0x5a, 0xaa, 0x52, 0xab, 0x5a, 0xcb, 0x5a,
    0xcb, 0x5a, 0xec, 0x5a, 0xec, 0x62, 0x0d, 0x63, 0x2d, 0x63, 0x2d, 0x6b,
    0x4d, 0x6b, 0x4e, 0x6b, 0x6e, 0x6b, 0x6e, 0x6b, 0x6e, 0x6b, 0x6e, 0x73,
    0x6e, 0x73, 0x6e, 0x6b, 0x4d, 0x6b, 0x4e, 0x6b, 0x6e, 0x6b, 0x4d, 0x63,
    0x4d, 0x6b, 0x4d, 0x63, 0x4d, 0x63, 0x2e, 0x63, 0x2d, 0x6b, 0x2d, 0x63,
    0x2d, 0x63, 0x2d, 0x63, 0x2d, 0x63, 0x2d, 0x63, 0x2d, 0x63, 0x2d, 0x63,
    0x0d, 0x63, 0x0c, 0x5b, 0xec, 0x5a, 0x0d, 0x63, 0x6e, 0x6b, 0xcf, 0x7b,
    0x31, 0x84, 0x72, 0x8c, 0x93, 0x94, 0xd3, 0x9c, 0xf4, 0x9c, 0x15, 0xa5,
    0x35, 0xa5, 0x35, 0xad, 0x35, 0xa5, 0x35, 0xa5, 0xf4, 0xa4, 0xd4, 0x9c,
    0xb3, 0x94, 0x93, 0x94, 0x72, 0x8c, 0x72, 0x8c, 0x52, 0x8c, 0x51, 0x84,
    0x51, 0x8c, 0x31, 0x84, 0x31, 0x84, 0x51, 0x84, 0x51, 0x8c, 0x72, 0x8c,
    0x92, 0x94, 0xb3, 0x94, 0xd3, 0x94, 0xd4, 0x9c, 0xf4, 0x9c, 0x14, 0xa5,
    0x15, 0xa5, 0x35, 0xa5, 0x55, 0xad, 0x56, 0xad, 0x55, 0xad, 0x56, 0xad,
    0x56, 0xad, 0x75, 0xad, 0x55, 0xa5, 0x56, 0xad, 0x56, 0xad, 0x55, 0xa5,
    0x55, 0xa5, 0x55, 0xad, 0x35, 0xa5, 0x14, 0xa5, 0xf4, 0x9c, 0xb3, 0x9c,
    0xb3, 0x94, 0x93, 0x94, 0x92, 0x94, 0x92, 0x94, 0x92, 0x94, 0x93, 0x94,
    0x92, 0x94, 0xb3, 0x9c, 0x92, 0x94, 0x72, 0x8c, 0x72, 0x8c, 0x51, 0x8c,
    0x31, 0x8c, 0x71, 0x94, 0x51, 0x94, 0x50, 0x94, 0x50, 0x9c, 0x70, 0x9c,
    0x4f, 0x9c, 0x4f, 0x9c, 0x4e, 0x9c, 0x2e, 0x9c, 0x0d, 0xa4, 0x2e, 0xa4,
    0xf4, 0xa4, 0x14, 0xa5, 0x15, 0xa5, 0x35, 0xad, 0x14, 0xad, 0x35, 0xa5,
    0x14, 0xa5, 0x14, 0xa5, 0x35, 0xa5, 0x35, 0xad, 0x35, 0xad, 0x35, 0xa5,
    0x35, 0xa5, 0x35, 0xad, 0x35, 0xad, 0x35, 0xa5, 0x35, 0xa5, 0x35, 0xa5,
    0x14, 0xa5, 0xd4, 0x9c, 0x92, 0x94, 0x51, 0x8c, 0x31, 0x8c, 0x72, 0x8c,
    0x92, 0x94, 0x72, 0x94, 0x72, 0x8c, 0x72, 0x8c, 0x51, 0x8c, 0x31, 0x8c,
    0x11, 0x84, 0x10, 0x84, 0xcf, 0x7b, 0xaf, 0x73, 0x8e, 0x73, 0x6e, 0x6b,
    0x4d, 0x6b, 0x2d, 0x63, 0xec, 0x5a, 0xcc, 0x5a, 0xab, 0x52, 0xab, 0x52,
    0x8a, 0x52, 0x8a, 0x52, 0x8b, 0x52, 0xab, 0x52, 0x8a, 0x52, 0x8a, 0x52,
    0x8a, 0x52, 0x6a, 0x4a, 0x8b, 0x52, 0x8a, 0x52, 0x8a, 0x52, 0x8b, 0x52,
    0x8a, 0x52, 0xab, 0x52, 0xab, 0x5a, 0x8a, 0x52, 0x8a, 0x52, 0x8b, 0x52,
    0x8a, 0x52, 0xaa, 0x52, 0x8b, 0x5a, 0x8a, 0x52, 0xab, 0x52, 0x8b, 0x52,
    0xaa, 0x52, 0x8b, 0x52, 0x8b, 0x52, 0xab, 0x5a, 0xcb, 0x5a, 0xcb, 0x5a,
    0xec, 0x5a, 0x0c, 0x63, 0x0d, 0x63, 0x2d, 0x63, 0x4d, 0x6b, 0x4d, 0x6b,
    0x6e, 0x6b, 0x6e, 0x6b, 0x6e, 0x6b, 0x6e, 0x73, 0x8e, 0x6b, 0x6e, 0x6b,
    0x6e, 0x6b, 0x6e, 0x6b, 0x4e, 0x6b, 0x4d, 0x6b, 0x6e, 0x6b, 0x6e, 0x6b,
    0x4d, 0x63, 0x4e, 0x6b, 0x4d, 0x63, 0x2d, 0x6b, 0x2d, 0x63, 0x2d, 0x63,
    0x2d, 0x63, 0x2d, 0x63, 0x2d, 0x63, 0x2d, 0x63, 0x2d, 0x63, 0x2d, 0x63,
    0x0c, 0x63, 0xec, 0x5a, 0x2d, 0x63, 0x8f, 0x73, 0xf0, 0x7b, 0x31, 0x84,
    0x72, 0x8c, 0xb3, 0x94, 0xd4, 0x9c, 0x14, 0xa5, 0x35, 0xa5, 0x35, 0xa5,
    0x56, 0xad, 0x55, 0xa5, 0x35, 0xa5, 0x35, 0xa5, 0xf4, 0xa4, 0xd3, 0x9c,
    0xb3, 0x94, 0x92, 0x8c, 0x72, 0x8c, 0x52, 0x8c, 0x51, 0x8c, 0x31, 0x84,
    0x31, 0x84, 0x51, 0x84, 0x51, 0x84, 0x52, 0x8c, 0x72, 0x8c, 0x93, 0x94,
    0xb3, 0x94, 0xd3, 0x9c, 0xf4, 0x9c, 0x14, 0xa5, 0x15, 0xa5, 0x35, 0xa5,
    0x55, 0xa5, 0x55, 0xad, 0x56, 0xad, 0x55, 0xad, 0x56, 0xad, 0x75, 0xad,
    0x56, 0xad, 0x56, 0xad, 0x55, 0xad, 0x55, 0xad, 0x56, 0xad, 0x56, 0xad,
    0x55, 0xad, 0x55, 0xad, 0x35, 0xa5, 0x15, 0xa5, 0xf4, 0xa4, 0xd3, 0x9c,
    0xb3, 0x94, 0xb3, 0x9c, 0x92, 0x9c, 0x93, 0x94, 0x93, 0x94, 0x92, 0x94,
    0x92, 0x94, 0x93, 0x94, 0xb3, 0x9c, 0x72, 0x94, 0x72, 0x94, 0x51, 0x8c,
    0x30, 0x8c, 0x51, 0x94, 0x50, 0x9c, 0x50, 0x9c, 0x50, 0x9c, 0x4f, 0x9c,
    0x4e, 0xa4, 0x4e, 0xa4, 0x2d, 0xa4, 0x2d, 0xa4, 0x0d, 0x9c, 0x0c, 0xa4,
    0xf4, 0xa4, 0x14, 0xa5, 0x35, 0xa5, 0x34, 0xad, 0x14, 0xa5, 0x15, 0xad,
    0x15, 0xad, 0x14, 0xa5, 0x14, 0xa5, 0x35, 0xad, 0x35, 0xad, 0x35, 0xad,
    0x35, 0xad, 0x35, 0xa5, 0x35, 0xa5, 0x35, 0xad, 0x35, 0xa5, 0x34, 0xa5,
    0xf4, 0xa4, 0xf4, 0x9c, 0xb3, 0x94, 0x52, 0x8c, 0x11, 0x84, 0x30, 0x84,
    0x51, 0x8c, 0x52, 0x8c, 0x51, 0x8c, 0x51, 0x8c, 0x31, 0x84, 0x10, 0x84,
    0xf0, 0x7b, 0xcf, 0x7b, 0x8f, 0x73, 0x6e, 0x6b, 0x4e, 0x6b, 0x2d, 0x63,
    0x0d, 0x63, 0xec, 0x5a, 0xcb, 0x5a, 0xab, 0x52, 0x8b, 0x52, 0x8a, 0x52,
    0x8a, 0x52, 0x8a, 0x52, 0x8a, 0x52, 0x8b, 0x52, 0xab, 0x52, 0x8a, 0x52,
    0x8a, 0x52, 0x8a, 0x52, 0x8a, 0x52, 0x8b, 0x52, 0x8b, 0x52, 0x8a, 0x52,
    0x8a, 0x52, 0x8b, 0x52, 0xab, 0x52, 0xaa, 0x52, 0x8a, 0x52, 0x8a, 0x52,
    0xab, 0x5a, 0xab, 0x52, 0x8a, 0x52, 0x8b, 0x5a, 0xaa, 0x5a, 0xab, 0x5a,
    0x8a, 0x52, 0x8a, 0x52, 0xab, 0x52, 0xab, 0x5a, 0xeb, 0x5a, 0x0c, 0x5b,
    0x0d, 0x63, 0x2d, 0x63, 0x4d, 0x6b, 0x4d, 0x6b, 0x6e, 0x6b, 0x6e, 0x6b,
    0x6e, 0x6b, 0x6e, 0x6b, 0x6e, 0x6b, 0x6e, 0x73, 0x8e, 0x73, 0x6e, 0x6b,
    0x6e, 0x6b, 0x6e, 0x6b, 0x4e, 0x6b, 0x4d, 0x6b, 0x4e, 0x6b, 0x4e, 0x6b,
    0x4d, 0x6b, 0x4e, 0x63, 0x4d, 0x6b, 0x4d, 0x63, 0x2d, 0x63, 0x2d, 0x63,
    0x2d, 0x63, 0x0d, 0x63, 0x0d, 0x63, 0x0d, 0x63, 0x0d, 0x63, 0x0d, 0x63,
    0x0c, 0x63, 0x4e, 0x6b, 0xaf, 0x73, 0x11, 0x84, 0x51, 0x8c, 0x93, 0x94,
    0xd3, 0x94, 0xf4, 0x9c, 0x14, 0xa5, 0x35, 0xa5, 0x55, 0xad, 0x55, 0xad,
    0x55, 0xad, 0x35, 0xad, 0x35, 0xa5, 0x35, 0xa5, 0x14, 0xa5, 0xd4, 0x9c,
    0xb3, 0x94, 0x92, 0x94, 0x72, 0x8c, 0x51, 0x8c, 0x31, 0x84, 0x51, 0x84,
    0x51, 0x84, 0x52, 0x8c, 0x52, 0x8c, 0x72, 0x8c, 0x93, 0x94, 0xd3, 0x94,
    0xd4, 0x9c, 0xf4, 0x9c, 0x15, 0xa5, 0x35, 0xa5, 0x35, 0xa5, 0x55, 0xad,
    0x55, 0xad, 0x56, 0xad, 0x56, 0xad, 0x56, 0xad, 0x55, 0xad, 0x56, 0xad,
    0x56, 0xa5, 0x55, 0xad, 0x56, 0xad, 0x56, 0xad, 0x55, 0xad, 0x55, 0xad,
    0x56, 0xad, 0x56, 0xa5, 0x35, 0xa5, 0x35, 0xa5, 0xf4, 0xa4, 0xd3, 0x9c,
    0xb3, 0x94, 0xb3, 0x94, 0xb3, 0x94, 0x92, 0x94, 0x92, 0x94, 0x93, 0x94,
    0x93, 0x94, 0x93, 0x94, 0x93, 0x9c, 0x92, 0x94, 0x72, 0x94, 0x71, 0x94,
    0x30, 0x94, 0x30, 0x94, 0x50, 0x9c, 0x4f, 0x9c, 0x4e, 0x9c, 0x4e, 0xa4,
    0x2d, 0xa4, 0x4d, 0xa4, 0x2d, 0xa4, 0x2d, 0x9c, 0x2d, 0x9c, 0x0d, 0xa4,
    0xd3, 0x9c, 0xf4, 0x9c, 0x15, 0xa5, 0x35, 0xad, 0x14, 0xa5, 0x34, 0xa5,
    0x35, 0xad, 0x15, 0xa5, 0x14, 0xad, 0x34, 0xa5, 0x35, 0xa5, 0x35, 0xad,
    0x35, 0xad, 0x35, 0xa5, 0x35, 0xad, 0x35, 0xa5, 0x35, 0xa5, 0x15, 0xa5,
    0xf4, 0xa4, 0xd4, 0x9c, 0xb2, 0x94, 0x72, 0x94, 0x31, 0x84, 0x10, 0x84,
    0x10, 0x84, 0x10, 0x84, 0x10, 0x84, 0x11, 0x84, 0x10, 0x84, 0xcf, 0x7b,
    0xcf, 0x7b, 0x8e, 0x73, 0x6e, 0x6b, 0x4d, 0x6b, 0x2d, 0x63, 0x0c, 0x63,
    0xec, 0x5a, 0xcc, 0x5a, 0xab, 0x52, 0x8a, 0x52, 0x8a, 0x52, 0x8a, 0x52,
    0x8b, 0x52, 0x8b, 0x52, 0x8a, 0x52, 0x8a, 0x52, 0x8b, 0x52, 0xab, 0x52,
    0x8b, 0x52, 0x8a, 0x52, 0x8a, 0x52, 0x8b, 0x52, 0x8b, 0x52, 0x8b, 0x52,
    0x8a, 0x52, 0x8a, 0x52, 0x8b, 0x52, 0xab, 0x5a, 0xab, 0x52, 0x8a, 0x52,
    0x8b, 0x5a, 0xab, 0x52, 0xab, 0x52, 0xaa, 0x52, 0x8b, 0x52, 0xaa, 0x52,
    0xab, 0x5a, 0xab, 0x5a, 0xcb, 0x5a, 0xcb, 0x5a, 0xec, 0x62, 0x2d, 0x63,
    0x4d, 0x6b, 0x4e, 0x6b, 0x6e, 0x6b, 0x6e, 0x6b, 0x6e, 0x6b, 0x6e, 0x6b,
    0x6e, 0x73, 0x6e, 0x6b, 0x8e, 0x6b, 0x6e, 0x6b, 0x8e, 0x6b, 0x6e, 0x73,
    0x6e, 0x6b, 0x6e, 0x6b, 0x6e, 0x6b, 0x4d, 0x6b, 0x4d, 0x6b, 0x4d, 0x63,
    0x4e, 0x6b, 0x2d, 0x63, 0x2d, 0x63, 0x2d, 0x6b, 0x2d, 0x63, 0x2d, 0x63,
    0x0d, 0x63, 0x0c, 0x63, 0x0d, 0x63, 0x0d, 0x63, 0x0c, 0x63, 0x2d, 0x63,
    0x8e, 0x73, 0xf0, 0x7b, 0x31, 0x84, 0x72, 0x8c, 0x93, 0x94, 0xd3, 0x9c,
    0xf4, 0x9c, 0x15, 0xa5, 0x35, 0xa5, 0x55, 0xad, 0x56, 0xad, 0x55, 0xad,
    0x55, 0xad, 0x35, 0xa5, 0x35, 0xa5, 0x35, 0xa5, 0x14, 0xa5, 0xf4, 0x9c,
    0xb3, 0x94, 0x92, 0x94, 0x72, 0x8c, 0x31, 0x84, 0x31, 0x84, 0x51, 0x8c,
    0x52, 0x8c, 0x72, 0x8c, 0x92, 0x94, 0xb3, 0x94, 0xd3, 0x9c, 0xf4, 0x9c,
    0xf4, 0xa4, 0x35, 0xa5, 0x35, 0xa5, 0x55, 0xa5, 0x55, 0xad, 0x56, 0xad,
    0x56, 0xad, 0x76, 0xad, 0x75, 0xad, 0x56, 0xad, 0x56, 0xad, 0x55, 0xad,
    0x55, 0xad, 0x55, 0xad, 0x55, 0xad, 0x56, 0xa5, 0x56, 0xad, 0x55, 0xad,
    0x56, 0xad, 0x55, 0xa5, 0x35, 0xad, 0x35, 0xa5, 0x14, 0xa5, 0xd4, 0x9c,
    0xb3, 0x9c, 0x93, 0x94, 0x92, 0x94, 0x92, 0x94, 0x93, 0x94, 0x92, 0x94,
    0x92, 0x94, 0x92, 0x94, 0x93, 0x94, 0x92, 0x94, 0x92, 0x94, 0x72, 0x9c,
    0x50, 0x9c, 0x2e, 0x94, 0x2f, 0x9c, 0x2e, 0x9c, 0x2d, 0xa4, 0x2d, 0xa4,
    0x2d, 0xa4, 0x2d, 0xa4, 0x2c, 0xa4, 0x2d, 0xa4, 0x2d, 0xa4, 0x0d, 0x9c,
    0xd4, 0x9c, 0xf4, 0x9c, 0x14, 0xa5, 0x35, 0xa5, 0x35, 0xad, 0x35, 0xad,
    0x35, 0xad, 0x35, 0xa5, 0x35, 0xa5, 0x35, 0xad, 0x35, 0xa5, 0x14, 0xa5,
    0x35, 0xa5, 0x35, 0xad, 0x15, 0xa5, 0x14, 0xa5, 0x34, 0xa5, 0x14, 0xa5,
    0xf4, 0x9c, 0xd4, 0x9c, 0x93, 0x94, 0x51, 0x8c, 0x31, 0x84, 0x10, 0x84,
    0xf0, 0x7b, 0xf0, 0x7b, 0xf0, 0x83, 0xf0, 0x7b, 0xcf, 0x7b, 0xaf, 0x73,
    0x8e, 0x73, 0x6e, 0x6b, 0x2d, 0x6b, 0x0c, 0x63, 0x0c, 0x5b, 0xec, 0x5a,
    0xcb, 0x5a, 0xab, 0x52, 0x8a, 0x52, 0x6a, 0x52, 0x6a, 0x4a, 0x6a, 0x4a,
    0x8b, 0x52, 0xab, 0x52, 0x8a, 0x52, 0x8a, 0x52, 0x8b, 0x52, 0x8a, 0x52,
    0x8a, 0x52, 0x8a, 0x52, 0x8a, 0x4a, 0x6a, 0x4a, 0x8a, 0x52, 0x8b, 0x52,
    0x8a, 0x52, 0xab, 0x52, 0x8a, 0x52, 0x8b, 0x52, 0x8b, 0x52, 0x8a, 0x52,
    0x8a, 0x52, 0x8a, 0x52, 0x8a, 0x52, 0xab, 0x5a, 0xab, 0x52, 0xab, 0x52,
    0xab, 0x5a, 0xcb, 0x5a, 0xcc, 0x5a, 0xec, 0x62, 0x0c, 0x63, 0x4d, 0x6b,
    0x4e, 0x6b, 0x6e, 0x6b, 0x8e, 0x6b, 0x8e, 0x73, 0x6e, 0x6b, 0x6e, 0x6b,
    0x6e, 0x73, 0x6e, 0x6b, 0x6e, 0x73, 0x8e, 0x6b, 0x6e, 0x6b, 0x6e, 0x6b,
    0x6e, 0x6b, 0x6e, 0x6b, 0x4e, 0x6b, 0x4e, 0x6b, 0x4e, 0x6b, 0x4d, 0x6b,
    0x4d, 0x6b, 0x4d, 0x6b, 0x2d, 0x63, 0x2d, 0x63, 0x2d, 0x63, 0x0d, 0x63,
    0x0c, 0x63, 0x0c, 0x5b, 0x0c, 0x63, 0x0c, 0x5b, 0x2d, 0x63, 0x8f, 0x73,
    0xf0, 0x7b, 0x51, 0x8c, 0x72, 0x8c, 0xb3, 0x94, 0xd4, 0x9c, 0x14, 0xa5,
    0x35, 0xa5, 0x35, 0xa5, 0x56, 0xad, 0x55, 0xad, 0x56, 0xad, 0x56, 0xa5,
    0x56, 0xa5, 0x35, 0xad, 0x35, 0xa5, 0x35, 0xad, 0x15, 0xa5, 0xf4, 0x9c,
    0xd3, 0x94, 0x92, 0x94, 0x72, 0x8c, 0x51, 0x8c, 0x51, 0x84, 0x52, 0x8c,
    0x72, 0x8c, 0x92, 0x94, 0xb3, 0x94, 0xd4, 0x9c, 0xf4, 0x9c, 0x14, 0xa5,
    0x15, 0xa5, 0x35, 0xa5, 0x55, 0xad, 0x56, 0xad, 0x56, 0xad, 0x56, 0xad,
    0x55, 0xad, 0x56, 0xad, 0x56, 0xad, 0x55, 0xa5, 0x55, 0xad, 0x55, 0xad,
    0x56, 0xad, 0x56, 0xad, 0x56, 0xad, 0x55, 0xad, 0x55, 0xad, 0x56, 0xad,
    0x55, 0xad, 0x55, 0xad, 0x55, 0xad, 0x35, 0xa5, 0x15, 0xa5, 0xf4, 0xa4,
    0xd3, 0x9c, 0x93, 0x94, 0x92, 0x94, 0x93, 0x9c, 0x92, 0x94, 0x92, 0x94,
    0x92, 0x94, 0x72, 0x94, 0x92, 0x94, 0x93, 0x94, 0x72, 0x94, 0x92, 0x94,
    0x71, 0x9c, 0x2e, 0x9c, 0x2e, 0xa4, 0x2d, 0xa4, 0x2c, 0xa4, 0x2d, 0xa4,
    0x2d, 0xa4, 0x2d, 0xa4, 0x2d, 0xa4, 0x2d, 0xa4, 0x2d, 0x9c, 0x0c, 0x9c,
    0xf4, 0x9c, 0x14, 0xa5, 0x35, 0xa5, 0x35, 0xa5, 0x35, 0xa5, 0x35, 0xad,
    0x35, 0xad, 0x35, 0xa5, 0x35, 0xa5, 0x35, 0xa5, 0x35, 0xa5, 0x14, 0xa5,
    0x14, 0xa5, 0x15, 0xa5, 0x14, 0xa5, 0xf4, 0xa4, 0xf4, 0xa4, 0xf4, 0xa4,
    0xf4, 0x9c, 0xb3, 0x94, 0x92, 0x94, 0x51, 0x8c, 0x11, 0x84, 0xf0, 0x7b,
    0xcf, 0x7b, 0xcf, 0x7b, 0xd0, 0x7b, 0xcf, 0x7b, 0xaf, 0x73, 0x6e, 0x73,
    0x4d, 0x6b, 0x2d, 0x6b, 0x0c, 0x63, 0xec, 0x5a, 0xcb, 0x5a, 0xcb, 0x5a,
    0x8b, 0x52, 0x8a, 0x52, 0x8a, 0x52, 0x8a, 0x4a, 0x6a, 0x52, 0x8a, 0x52,
    0x6a, 0x4a, 0x8b, 0x52, 0xab, 0x52, 0x8a, 0x52, 0x8a, 0x52, 0xab, 0x52,
    0x8a, 0x52, 0x8a, 0x52, 0x8a, 0x52, 0x8a, 0x52, 0x8a, 0x52, 0x8b, 0x52,
    0x8a, 0x52, 0xab, 0x52, 0x8a, 0x52, 0xaa, 0x52, 0xab, 0x5a, 0xab, 0x52,
    0x8a, 0x52, 0x8a, 0x52, 0x8b, 0x52, 0xaa, 0x5a, 0xab, 0x5a, 0xab, 0x5a,
    0xcb, 0x5a, 0xec, 0x5a, 0x0c, 0x63, 0x2d, 0x63, 0x2d, 0x6b, 0x4e, 0x6b,
    0x6e, 0x6b, 0x8e, 0x73, 0x8e, 0x73, 0x8f, 0x73, 0x8e, 0x73, 0x8e, 0x73,
    0x8e, 0x6b, 0x6e, 0x73, 0x6e, 0x6b, 0x6e, 0x73, 0x6e, 0x73, 0x6e, 0x6b,
    0x6e, 0x6b, 0x6e, 0x6b, 0x4e, 0x6b, 0x4d, 0x6b, 0x4d, 0x6b, 0x2d, 0x63,
    0x2d, 0x63, 0x2d, 0x63, 0x2d, 0x63, 0x2d, 0x63, 0x0d, 0x63, 0x0d, 0x63,
    0x0c, 0x63, 0xec, 0x5a, 0xec, 0x5a, 0x4d, 0x6b, 0xaf, 0x73, 0x11, 0x84,
    0x52, 0x8c, 0x92, 0x94, 0xd3, 0x94, 0xf4, 0x9c, 0x15, 0xa5, 0x35, 0xad,
    0x55, 0xad, 0x55, 0xad, 0x55, 0xad, 0x56, 0xad, 0x55, 0xad, 0x55, 0xa5,
    0x35, 0xad, 0x36, 0xad, 0x55, 0xa5, 0x35, 0xa5, 0x15, 0xa5, 0xf4, 0xa4,
    0xd3, 0x9c, 0xb3, 0x94, 0x72, 0x8c, 0x72, 0x8c, 0x72, 0x8c, 0x92, 0x8c,
    0xb3, 0x94, 0xb3, 0x94, 0xd4, 0x9c, 0xf4, 0x9c, 0x14, 0xa5, 0x35, 0xa5,
    0x35, 0xa5, 0x55, 0xad, 0x56, 0xad, 0x56, 0xad, 0x55, 0xad, 0x55, 0xad,
    0x56, 0xad, 0x55, 0xa5, 0x56, 0xad, 0x56, 0xad, 0x55, 0xad, 0x56, 0xad,
    0x56, 0xad, 0x55, 0xad, 0x56, 0xad, 0x56, 0xad, 0x55, 0xa5, 0x55, 0xad,
    0x56, 0xa5, 0x55, 0xad, 0x56, 0xad, 0x35, 0xa5, 0x15, 0xa5, 0xf4, 0xa4,
    0xd3, 0x9c, 0xb3, 0x94, 0xb2, 0x9c, 0x93, 0x94, 0x93, 0x94, 0x92, 0x94,
    0x93, 0x94, 0x72, 0x94, 0x72, 0x94, 0x93, 0x94, 0x92, 0x94, 0x72, 0x94,
    0x71, 0x94, 0x2f, 0x94, 0x2e, 0x9c, 0x2d, 0xa4, 0x2c, 0xa4, 0x2d, 0xa4,
    0x2d, 0xa4, 0x2d, 0xa4, 0x2d, 0xa4, 0x2d, 0x9c, 0x2d, 0xa4, 0x0c, 0x9c,
    0xd3, 0x9c, 0xd4, 0x9c, 0x15, 0xa5, 0x35, 0xa5, 0x55, 0xad, 0x35, 0xa5,
    0x35, 0xa5, 0x35, 0xad, 0x35, 0xa5, 0x35, 0xa5, 0x15, 0xa5, 0x14, 0xa5,
    0x14, 0xa5, 0x14, 0xa5, 0x14, 0xa5, 0xf4, 0xa4, 0xd3, 0x9c, 0xd3, 0x9c,
    0xd3, 0x9c, 0x92, 0x94, 0x52, 0x8c, 0x31, 0x84, 0x10, 0x7c, 0xcf, 0x7b,
    0xaf, 0x7b, 0x8e, 0x73, 0xae, 0x73, 0x8e, 0x73, 0x6e, 0x73, 0x4d, 0x6b,
    0x2d, 0x63, 0xec, 0x62, 0xeb, 0x5a, 0xab, 0x5a, 0xab, 0x5a, 0x8a, 0x52,
    0x8a, 0x52, 0x6a, 0x4a, 0x8a, 0x52, 0x8a, 0x52, 0x8a, 0x4a, 0x8a, 0x4a,
    0x8a, 0x52, 0x8a, 0x52, 0x8b, 0x52, 0xab, 0x52, 0x8a, 0x52, 0x8b, 0x52,
    0xab, 0x52, 0x8b, 0x52, 0x8a, 0x52, 0x8a, 0x52, 0x8a, 0x52, 0x8a, 0x52,
    0x8b, 0x52, 0x8b, 0x52, 0xab, 0x52, 0xaa, 0x52, 0xab, 0x52, 0xab, 0x5a,
    0xaa, 0x5a, 0x8b, 0x52, 0x8b, 0x52, 0xab, 0x5a, 0xcb, 0x5a, 0xec, 0x5a,
    0xec, 0x62, 0x2d, 0x63, 0x2d, 0x6b, 0x4d, 0x6b, 0x6e, 0x6b, 0x6e, 0x6b,
    0x8e, 0x73, 0x8e, 0x73, 0x8f, 0x73, 0x8f, 0x73, 0x8e, 0x73, 0x8e, 0x73,
    0x8e, 0x73, 0x8e, 0x6b, 0x6e, 0x6b, 0x6e, 0x6b, 0x6e, 0x73, 0x6e, 0x6b,
    0x6e, 0x6b, 0x6e, 0x6b, 0x4d, 0x6b, 0x2d, 0x6b, 0x4d, 0x63, 0x2d, 0x63,
    0x2d, 0x63, 0x0d, 0x63, 0x2d, 0x63, 0x0d, 0x63, 0x0c, 0x63, 0x0c, 0x63,
    0xec, 0x5a, 0x0d, 0x63, 0x4e, 0x6b, 0xd0, 0x7b, 0x11, 0x84, 0x52, 0x8c,
    0x92, 0x94, 0xd4, 0x9c, 0xf4, 0x9c, 0xf4, 0x9c, 0x15, 0xa5, 0x35, 0xa5,
    0x56, 0xad, 0x56, 0xad, 0x56, 0xad, 0x55, 0xad, 0x55, 0xad, 0x55, 0xad,
    0x55, 0xad, 0x35, 0xa5, 0x55, 0xa5, 0x35, 0xa5, 0x35, 0xa5, 0x14, 0xa5,
    0xd4, 0x9c, 0xb3, 0x94, 0x92, 0x94, 0x92, 0x94, 0x93, 0x94, 0xb3, 0x94,
    0xd4, 0x9c, 0xf4, 0x9c, 0x14, 0xa5, 0x15, 0xa5, 0x35, 0xa5, 0x35, 0xa5,
    0x55, 0xad, 0x56, 0xad, 0x55, 0xad, 0x55, 0xa5, 0x55, 0xad, 0x56, 0xa5,
    0x56, 0xa5, 0x56, 0xad, 0x55, 0xad, 0x55, 0xad, 0x56, 0xa5, 0x56, 0xa5,
    0x55, 0xa5, 0x55, 0xa5, 0x55, 0xad, 0x55, 0xad, 0x55, 0xad, 0x55, 0xad,
    0x56, 0xad, 0x35, 0xa5, 0x35, 0xad, 0x55, 0xa5, 0x35, 0xa5, 0x14, 0xa5,
    0xd4, 0x9c, 0xb3, 0x9c, 0x92, 0x94, 0x92, 0x94, 0x92, 0x94, 0x92, 0x94,
    0x92, 0x94, 0x92, 0x94, 0x72, 0x94, 0x93, 0x94, 0x92, 0x94, 0x72, 0x94,
    0x72, 0x94, 0x50, 0x94, 0x0e, 0x9c, 0x2d, 0xa4, 0x2d, 0x9c, 0x2c, 0xa4,
    0x2c, 0xa4, 0x2d, 0xa4, 0x2c, 0xa4, 0x2d, 0xa4, 0x2d, 0xa4, 0x0c, 0x9c,
    0xd4, 0x9c, 0xf4, 0x9c, 0x14, 0xa5, 0x15, 0xa5, 0x55, 0xad, 0x55, 0xad,
    0x55, 0xad, 0x55, 0xa5, 0x55, 0xad, 0x35, 0xad, 0x14, 0xa5, 0x14, 0xa5,
    0xf4, 0xa4, 0xf4, 0xa4, 0xf4, 0xa4, 0xd3, 0xa4, 0xb3, 0x9c, 0xb3, 0x9c,
    0xb3, 0x94, 0x92, 0x94, 0x52, 0x8c, 0x10, 0x84, 0xcf, 0x7b, 0x8f, 0x73,
    0x6e, 0x6b, 0x6e, 0x6b, 0x6e, 0x6b, 0x4d, 0x6b, 0x4d, 0x6b, 0x2c, 0x63,
    0xec, 0x62, 0xcb, 0x5a, 0xab, 0x5a, 0xaa, 0x52, 0x8a, 0x52, 0x6a, 0x52,
    0x6a, 0x4a, 0x8a, 0x4a, 0x6a, 0x52, 0x8b, 0x52, 0x8b, 0x52, 0x8a, 0x52,
    0x8b, 0x52, 0x6a, 0x4a, 0x8a, 0x52, 0xab, 0x52, 0x8b, 0x52, 0x8a, 0x52,
    0xab, 0x52, 0xab, 0x52, 0xab, 0x52, 0x8a, 0x52, 0x6a, 0x52, 0x6a, 0x52,
    0x8b, 0x52, 0x8a, 0x52, 0x8b, 0x52, 0x8b, 0x52, 0x8a, 0x52, 0xab, 0x52,
    0xab, 0x5a, 0x8a, 0x52, 0xab, 0x52, 0xcb, 0x5a, 0xec, 0x5a, 0x0c, 0x63,
    0x2d, 0x63, 0x4d, 0x6b, 0x6e, 0x6b, 0x6e, 0x6b, 0x8e, 0x73, 0x8e, 0x73,
    0x8e, 0x73, 0x8f, 0x73, 0xaf, 0x73, 0xae, 0x73, 0xaf, 0x73, 0x8f, 0x73,
    0x8e, 0x73, 0x6e, 0x6b, 0x6e, 0x6b, 0x6e, 0x6b, 0x6e, 0x6b, 0x6e, 0x6b,
    0x4e, 0x6b, 0x4d, 0x6b, 0x4d, 0x6b, 0x2d, 0x63, 0x2d, 0x63, 0x2d, 0x63,
    0x0d, 0x63, 0x0c, 0x63, 0x0c, 0x63, 0x0c, 0x63, 0xec, 0x5a, 0xec, 0x5a,
    0x2d, 0x63, 0x8e, 0x73, 0xf0, 0x7b, 0x31, 0x84, 0x72, 0x8c, 0xb3, 0x94,
    0xd4, 0x9c, 0xf4, 0xa4, 0x14, 0x9d, 0x14, 0xa5, 0xf4, 0x9c, 0xd3, 0x9c,
    0xf4, 0x9c, 0x55, 0xad, 0x56, 0xad, 0x55, 0xad, 0x56, 0xa5, 0x56, 0xa5,
    0x35, 0xad, 0x35, 0xad, 0x55, 0xa5, 0x35, 0xa5, 0x35, 0xa5, 0x15, 0xa5,
    0xf4, 0x9c, 0xd4, 0x9c, 0xd3, 0x9c, 0xd3, 0x9c, 0xd3, 0x9c, 0xd4, 0x9c,
    0xf4, 0x9c, 0x14, 0xa5, 0x35, 0xa5, 0x35, 0xa5, 0x55, 0xad, 0x56, 0xad,
    0x55, 0xad, 0x56, 0xa5, 0x56, 0xad, 0x55, 0xad, 0x56, 0xa5, 0x56, 0xad,
    0x55, 0xad, 0x56, 0xad, 0x56, 0xa5, 0x55, 0xa5, 0x35, 0xa5, 0x35, 0xa5,
    0x35, 0xa5, 0x35, 0xa5, 0x35, 0xa5, 0x35, 0xa5, 0x56, 0xad, 0x56, 0xad,
    0x55, 0xad, 0x55, 0xad, 0x56, 0xad, 0x55, 0xad, 0x35, 0xa5, 0x15, 0xa5,
    0xf4, 0x9c, 0xd3, 0x9c, 0x92, 0x94, 0x93, 0x94, 0x92, 0x94, 0x92, 0x94,
    0x92, 0x94, 0x72, 0x94, 0x72, 0x94, 0x72, 0x94, 0x92, 0x94, 0x72, 0x94,
    0x72, 0x94, 0x71, 0x9c, 0x2f, 0x9c, 0x2e, 0x9c, 0x2d, 0xa4, 0x0d, 0xa4,
    0x2c, 0xa4, 0x2d, 0x9c, 0x2d, 0xa4, 0x2d, 0xa4, 0x2d, 0x9c, 0x2d, 0x9c,
    0xd3, 0x9c, 0xf4, 0x9c, 0x14, 0xa5, 0x35, 0xa5, 0x35, 0xad, 0x56, 0xad,
    0x56, 0xa5, 0x35, 0xad, 0x35, 0xad, 0x35, 0xa5, 0x15, 0xad, 0x14, 0xa5,
    0xf4, 0xa4, 0xd4, 0x9c, 0xd3, 0x9c, 0xb3, 0x9c, 0xb3, 0x9c, 0x92, 0x94,
    0x92, 0x94, 0x72, 0x8c, 0x31, 0x8c, 0x10, 0x84, 0xcf, 0x7b, 0x6e, 0x6b,
    0x2d, 0x63, 0x0d, 0x63, 0x2d, 0x6b, 0x2d, 0x6b, 0x2d, 0x63, 0x0c, 0x63,
    0xcb, 0x5a, 0xab, 0x52, 0x8a, 0x52, 0x8a, 0x52, 0x6a, 0x52, 0x69, 0x52,
    0x6a, 0x4a, 0x8a, 0x52, 0x8a, 0x52, 0x8a, 0x52, 0x8b, 0x52, 0x8a, 0x52,
    0x8a, 0x52, 0x8b, 0x52, 0x8a, 0x52, 0x8b, 0x52, 0xab, 0x52, 0xaa, 0x52,
    0x8a, 0x52, 0xab, 0x52, 0xab, 0x52, 0x8a, 0x52, 0x8a, 0x52, 0x8a, 0x52,
    0x6a, 0x52, 0x8a, 0x52, 0x8a, 0x52, 0xab, 0x52, 0xab, 0x52, 0x8b, 0x52,
    0xab, 0x52, 0xab, 0x5a, 0xcb, 0x5a, 0xec, 0x5a, 0x0c, 0x63, 0x2d, 0x6b,
    0x4d, 0x6b, 0x6e, 0x6b, 0x8e, 0x73, 0x8f, 0x73, 0x8f, 0x73, 0xaf, 0x73,
    0xaf, 0x73, 0x8f, 0x73, 0xaf, 0x73, 0xaf, 0x73, 0xaf, 0x73, 0x8e, 0x73,
    0x8f, 0x73, 0x8e, 0x73, 0x8e, 0x73, 0x6e, 0x6b, 0x6e, 0x6b, 0x6e, 0x6b,
    0x4d, 0x6b, 0x2d, 0x6b, 0x2d, 0x63, 0x2d, 0x63, 0x2d, 0x63, 0x2d, 0x63,
    0x0c, 0x63, 0xec, 0x62, 0xec, 0x5a, 0xec, 0x5a, 0xec, 0x5a, 0x2d, 0x63,
    0xaf, 0x73, 0x10, 0x84, 0x51, 0x8c, 0x72, 0x8c, 0xb3, 0x94, 0xf4, 0x9c,
    0x14, 0xa5, 0x14, 0xa5, 0x14, 0xa5, 0x15, 0xa5, 0x14, 0xa5, 0xb3, 0x94,
    0x72, 0x8c, 0xb3, 0x94, 0x14, 0xa5, 0x35, 0xa5, 0x55, 0xad, 0x55, 0xad,
    0x55, 0xa5, 0x36, 0xad, 0x55, 0xad, 0x35, 0xad, 0x35, 0xa5, 0x35, 0xa5,
    0x15, 0xa5, 0xf4, 0xa4, 0xf4, 0x9c, 0xf4, 0x9c, 0xf4, 0x9c, 0x14, 0xa5,
    0x15, 0xa5, 0x35, 0xa5, 0x35, 0xa5, 0x55, 0xad, 0x56, 0xad, 0x55, 0xa5,
    0x56, 0xad, 0x56, 0xad, 0x55, 0xa5, 0x56, 0xa5, 0x36, 0xad, 0x55, 0xa5,
    0x35, 0xa5, 0x35, 0xa5, 0x55, 0xa5, 0x35, 0xa5, 0x35, 0xa5, 0x35, 0xa5,
    0x35, 0xa5, 0x15, 0xa5, 0x15, 0xa5, 0x15, 0x9d, 0x35, 0xa5, 0x35, 0xa5,
    0x55, 0xad, 0x56, 0xad, 0x55, 0xad, 0x56, 0xa5, 0x35, 0xad, 0x15, 0xa5,
    0xf4, 0xa4, 0xd3, 0x9c, 0xb3, 0x9c, 0x92, 0x94, 0x92, 0x9c, 0x92, 0x94,
    0x92, 0x94, 0x72, 0x94, 0x72, 0x94, 0x72, 0x94, 0x92, 0x94, 0x92, 0x94,
    0x72, 0x94, 0x71, 0x94, 0x2f, 0x9c, 0x2e, 0x9c, 0x2d, 0xa4, 0x0c, 0xa4,
    0x2d, 0x9c, 0x2d, 0xa4, 0x2d, 0xa4, 0x2d, 0xa4, 0x2d, 0xa4, 0x2d, 0xa4,
    0xd4, 0x9c, 0xf4, 0x9c, 0x14, 0xa5, 0x35, 0xa5, 0x35, 0xad, 0x55, 0xad,
    0x55, 0xad, 0x35, 0xad, 0x35, 0xa5, 0x35, 0xa5, 0x14, 0xa5, 0x14, 0xa5,
    0xf4, 0xa4, 0xd3, 0x9c, 0xd3, 0x9c, 0xb3, 0x9c, 0x92, 0x94, 0x72, 0x94,
    0x71, 0x8c, 0x31, 0x8c, 0x10, 0x84, 0xf0, 0x7b, 0xaf, 0x73, 0x8e, 0x6b,
    0x2d, 0x63, 0x0c, 0x63, 0xec, 0x62, 0xeb, 0x5a, 0xec, 0x5a, 0xcb, 0x5a,
    0xab, 0x5a, 0x8a, 0x52, 0x6a, 0x52, 0x6a, 0x52, 0x69, 0x52, 0x6a, 0x4a,
    0x6a, 0x52, 0x8a, 0x52, 0x8a, 0x52, 0x8a, 0x4a, 0x8b, 0x52, 0x8a, 0x52,
    0x8a, 0x52, 0x8a, 0x4a, 0x8a, 0x52, 0x8b, 0x52, 0x8b, 0x52, 0xaa, 0x52,
    0x8a, 0x52, 0x8b, 0x52, 0xab, 0x52, 0x8a, 0x52, 0x8b, 0x52, 0x8a, 0x52,
    0x8a, 0x52, 0x8b, 0x52, 0x8b, 0x52, 0x8a, 0x52, 0x8b, 0x52, 0xaa, 0x52,
    0xab, 0x5a, 0xcc, 0x5a, 0x0c, 0x63, 0x2c, 0x63, 0x2d, 0x63, 0x4e, 0x6b,
    0x6e, 0x6b, 0x8e, 0x73, 0xaf, 0x73, 0xaf, 0x73, 0xaf, 0x73, 0xaf, 0x73,
    0xaf, 0x73, 0xaf, 0x73, 0x8f, 0x73, 0xaf, 0x73, 0xaf, 0x73, 0x8e, 0x73,
    0x8e, 0x73, 0x8f, 0x73, 0x8e, 0x73, 0x6e, 0x6b, 0x4e, 0x6b, 0x4e, 0x6b,
    0x4d, 0x6b, 0x2d, 0x63, 0x2d, 0x63, 0x2d, 0x63, 0x0d, 0x63, 0x0c, 0x63,
    0xec, 0x62, 0xec, 0x5a, 0xec, 0x5a, 0xec, 0x62, 0x6e, 0x6b, 0xcf, 0x7b,
    0x11, 0x84, 0x72, 0x8c, 0x93, 0x94, 0xd3, 0x94, 0xf4, 0x9c, 0x15, 0xa5,
    0x35, 0xa5, 0x35, 0xa5, 0x15, 0xa5, 0x15, 0xa5, 0x14, 0xa5, 0xf4, 0x9c,
    0xb3, 0x94, 0x52, 0x8c, 0x92, 0x94, 0xf4, 0x9c, 0x35, 0xa5, 0x55, 0xad,
    0x55, 0xad, 0x35, 0xa5, 0x56, 0xa5, 0x35, 0xa5, 0x35, 0xad, 0x35, 0xa5,
    0x35, 0xa5, 0x35, 0xa5, 0x15, 0xa5, 0x14, 0xa5, 0x15, 0xa5, 0x35, 0xa5,
    0x35, 0xa5, 0x35, 0xad, 0x55, 0xad, 0x55, 0xa5, 0x55, 0xad, 0x35, 0xa5,
    0x56, 0xa5, 0x55, 0xad, 0x55, 0xa5, 0x35, 0xa5, 0x35, 0xa5, 0x35, 0xa5,
    0x35, 0xa5, 0x35, 0xa5, 0x35, 0xa5, 0x35, 0xa5, 0x15, 0xa5, 0x35, 0xa5,
    0x35, 0xa5, 0x15, 0x9d, 0x15, 0x9d, 0x14, 0x9d, 0xf4, 0x9c, 0x15, 0xa5,
    0x35, 0xa5, 0x56, 0xad, 0x55, 0xad, 0x35, 0xad, 0x55, 0xa5, 0x35, 0xa5,
    0x14, 0xa5, 0xf4, 0x9c, 0xb3, 0x9c, 0x92, 0x9c, 0x93, 0x94, 0x92, 0x94,
    0x92, 0x94, 0x92, 0x94, 0x72, 0x94, 0x72, 0x94, 0x92, 0x94, 0x92, 0x94,
    0x72, 0x94, 0x71, 0x94, 0x50, 0x94, 0x2e, 0x9c, 0x2e, 0x9c, 0x2c, 0xa4,
    0x0d, 0xa4, 0x2d, 0xa4, 0x2c, 0xa4, 0x2d, 0xa4, 0x2d, 0xa4, 0x2d, 0x9c,
    0xf4, 0x9c, 0xf4, 0x9c, 0x14, 0x9d, 0x15, 0xa5, 0x35, 0xa5, 0x55, 0xad,
    0x35, 0xad, 0x35, 0xa5, 0x35, 0xad, 0x15, 0xa5, 0x14, 0xa5, 0xf4, 0xa4,
    0xd4, 0xa4, 0xd3, 0x9c, 0xb3, 0x9c, 0x92, 0x94, 0x72, 0x94, 0x51, 0x8c,
    0x31, 0x8c, 0x31, 0x8c, 0xf0, 0x83, 0xcf, 0x7b, 0x8f, 0x73, 0x6e, 0x6b,
    0x2d, 0x63, 0x0c, 0x63, 0xec, 0x5a, 0xcb, 0x5a, 0xab, 0x5a, 0xab, 0x5a,
    0x8a, 0x52, 0x8a, 0x52, 0x69, 0x4a, 0x6a, 0x52, 0x6a, 0x4a, 0x69, 0x4a,
    0x6a, 0x52, 0x6a, 0x52, 0x8a, 0x52, 0x8a, 0x52, 0x8a, 0x4a, 0x8b, 0x52,
    0x8b, 0x52, 0x8a, 0x52, 0x8a, 0x52, 0x8b, 0x52, 0x8b, 0x52, 0xab, 0x52,
    0x8a, 0x52, 0x8b, 0x52, 0xab, 0x52, 0xab, 0x52, 0x8a, 0x52, 0x8a, 0x52,
    0x8a, 0x52, 0x8a, 0x52, 0x8b, 0x52, 0x8a, 0x52, 0xab, 0x52, 0xab, 0x5a,
    0xcb, 0x5a, 0x0c, 0x63, 0x2d, 0x63, 0x4d, 0x6b, 0x6e, 0x6b, 0x6e, 0x73,
    0x8e, 0x73, 0xaf, 0x73, 0xaf, 0x73, 0xaf, 0x73, 0xaf, 0x7b, 0xaf, 0x73,
    0xaf, 0x73, 0xaf, 0x73, 0xae, 0x73, 0x8e, 0x73, 0xaf, 0x73, 0x8f, 0x73,
    0xaf, 0x73, 0x8e, 0x73, 0x6e, 0x6b, 0x6e, 0x6b, 0x4e, 0x6b, 0x4d, 0x6b,
    0x2d, 0x63, 0x2d, 0x6b, 0x0d, 0x63, 0x0c, 0x63, 0x0c, 0x63, 0xec, 0x62,
    0xec, 0x5a, 0xcb, 0x5a, 0x0d, 0x63, 0x6e, 0x6b, 0xd0, 0x7b, 0x31, 0x84,
    0x72, 0x8c, 0xb3, 0x94, 0xd3, 0x9c, 0xf4, 0xa4, 0x15, 0xa5, 0x35, 0xad,
    0x55, 0xad, 0x35, 0xa5, 0x15, 0xa5, 0x14, 0xa5, 0x15, 0xa5, 0x14, 0xa5,
    0xd4, 0x9c, 0xb3, 0x94, 0xb3, 0x94, 0xd4, 0x9c, 0x15, 0xa5, 0x35, 0xa5,
    0x35, 0xad, 0x56, 0xad, 0x55, 0xa5, 0x35, 0xad, 0x35, 0xa5, 0x55, 0xa5,
    0x35, 0xa5, 0x35, 0xa5, 0x35, 0xa5, 0x35, 0xa5, 0x35, 0xa5, 0x35, 0xa5,
    0x55, 0xad, 0x56, 0xad, 0x56, 0xa5, 0x55, 0xad, 0x36, 0xad, 0x56, 0xad,
    0x55, 0xad, 0x36, 0xa5, 0x35, 0xa5, 0x35, 0xa5, 0x35, 0xa5, 0x35, 0xa5,
    0x35, 0xa5, 0x35, 0xa5, 0x35, 0xa5, 0x15, 0xa5, 0x15, 0xa5, 0x15, 0x9d,
    0x15, 0x9d, 0x14, 0x9d, 0xf4, 0x9c, 0x14, 0x9d, 0xf4, 0x9c, 0xf4, 0x9c,
    0x14, 0x9d, 0x35, 0xa5, 0x55, 0xad, 0x55, 0xad, 0x35, 0xad, 0x35, 0xad,
    0x15, 0xa5, 0xf4, 0xa4, 0xd3, 0x9c, 0xb2, 0x94, 0x92, 0x94, 0x92, 0x94,
    0x92, 0x9c, 0x72, 0x94, 0x72, 0x94, 0x72, 0x94, 0x72, 0x94, 0x92, 0x94,
    0x72, 0x94, 0x72, 0x94, 0x71, 0x94, 0x2f, 0x9c, 0x2e, 0x9c, 0x2d, 0xa4,
    0x2c, 0x9c, 0x2d, 0x9c, 0x2d, 0xa4, 0x2d, 0xa4, 0x2d, 0xa4, 0x2d, 0xa4,
    0x14, 0xa5, 0xf4, 0xa4, 0x14, 0xa5, 0x35, 0xa5, 0x35, 0xa5, 0x35, 0xad,
    0x35, 0xa5, 0x35, 0xa5, 0x14, 0xa5, 0x14, 0xa5, 0xf4, 0xa4, 0xd3, 0xa4,
    0xd3, 0x9c, 0xb3, 0x9c, 0x92, 0x94, 0x72, 0x94, 0x51, 0x94, 0x31, 0x8c,
    0x11, 0x84, 0x10, 0x84, 0xef, 0x7b, 0xcf, 0x7b, 0x8e, 0x73, 0x4d, 0x6b,
    0x0d, 0x63, 0xec, 0x5a, 0xec, 0x5a, 0xcb, 0x5a, 0xab, 0x5a, 0xab, 0x52,
    0x8a, 0x52, 0x6a, 0x52, 0x6a, 0x52, 0x69, 0x4a, 0x6a, 0x52, 0x6a, 0x52,
    0x69, 0x4a, 0x6a, 0x4a, 0x6a, 0x52, 0x8a, 0x52, 0x8a, 0x52, 0x8a, 0x4a,
    0x8b, 0x52, 0x8a, 0x52, 0x8a, 0x4a, 0x8b, 0x52, 0x8a, 0x52, 0x8b, 0x52,
    0xab, 0x52, 0xaa, 0x52, 0x8a, 0x52, 0xab, 0x52, 0xab, 0x52, 0x8a, 0x52,
    0x8a, 0x52, 0x6a, 0x52, 0x8a, 0x52, 0x8b, 0x52, 0xcb, 0x5a, 0xec, 0x5a,
    0x0c, 0x63, 0x2d, 0x63, 0x4e, 0x6b, 0x6e, 0x73, 0x8e, 0x73, 0x8f, 0x73,
    0xaf, 0x73, 0xaf, 0x73, 0xaf, 0x7b, 0xaf, 0x7b, 0xcf, 0x73, 0xaf, 0x7b,
    0xaf, 0x7b, 0xaf, 0x73, 0x8f, 0x73, 0x8f, 0x73, 0x8f, 0x73, 0xaf, 0x73,
    0x8f, 0x73, 0x8e, 0x73, 0x6e, 0x6b, 0x4e, 0x6b, 0x4d, 0x6b, 0x2d, 0x6b,
    0x2d, 0x63, 0x2d, 0x63, 0x0d, 0x63, 0x0c, 0x63, 0xec, 0x5a, 0xec, 0x5a,
    0xec, 0x5a, 0x0d, 0x63, 0x8e, 0x73, 0xf0, 0x7b, 0x31, 0x8c, 0x72, 0x94,
    0xb3, 0x94, 0xf4, 0x9c, 0x14, 0xa5, 0x35, 0xa5, 0x55, 0xad, 0x56, 0xad,
    0x55, 0xad, 0x35, 0xa5, 0x15, 0xa5, 0x15, 0xa5, 0x14, 0xa5, 0xf4, 0x9c,
    0xb3, 0x9c, 0xd4, 0x9c, 0x14, 0xa5, 0x14, 0xa5, 0xf4, 0x9c, 0x35, 0xa5,
    0x55, 0xad, 0x35, 0xad, 0x35, 0xad, 0x55, 0xad, 0x55, 0xad, 0x55, 0xad,
    0x55, 0xad, 0x35, 0xad, 0x35, 0xad, 0x35, 0xa5, 0x55, 0xa5, 0x55, 0xad,
    0x56, 0xad, 0x56, 0xad, 0x55, 0xad, 0x55, 0xad, 0x56, 0xa5, 0x55, 0xa5,
    0x55, 0xad, 0x35, 0xa5, 0x35, 0xa5, 0x35, 0xa5, 0x35, 0xa5, 0x35, 0xa5,
    0x15, 0xa5, 0x15, 0x9d, 0x14, 0x9d, 0x15, 0x9d, 0xf4, 0x9c, 0x14, 0x9d,
    0xf4, 0x9c, 0xf4, 0x9c, 0xf4, 0x9c, 0xf4, 0x9c, 0xd4, 0x9c, 0xd4, 0x94,
    0xd4, 0x94, 0x14, 0x9d, 0x35, 0xa5, 0x56, 0xad, 0x56, 0xad, 0x35, 0xa5,
    0x15, 0xa5, 0xf4, 0xa4, 0xd3, 0x9c, 0xb3, 0x9c, 0x92, 0x9c, 0x92, 0x94,
    0x92, 0x94, 0x92, 0x94, 0x72, 0x94, 0x72, 0x94, 0x72, 0x94, 0x72, 0x94,
    0x72, 0x94, 0x72, 0x94, 0x71, 0x94, 0x30, 0x9c, 0x0e, 0x9c, 0x2d, 0xa4,
    0x0c, 0xa4, 0x2d, 0xa4, 0x2d, 0xa4, 0x2d, 0xa4, 0x2d, 0xa4, 0x2d, 0xa4,
    0x15, 0xa5, 0x15, 0xa5, 0x14, 0xa5, 0x35, 0xa5, 0x55, 0xad, 0x35, 0xad,
    0x35, 0xa5, 0x15, 0xa5, 0x14, 0xa5, 0xf4, 0xa4, 0xf4, 0xa4, 0xd3, 0x9c,
    0xb3, 0x9c, 0x92, 0x94, 0x72, 0x94, 0x51, 0x94, 0x51, 0x8c, 0x11, 0x84,
    0x10, 0x84, 0xcf, 0x7b, 0xaf, 0x7b, 0x8f, 0x73, 0x6e, 0x6b, 0x4d, 0x6b,
    0x0c, 0x63, 0xec, 0x5a, 0xec, 0x5a, 0xab, 0x5a, 0xab, 0x52, 0x8a, 0x52,
    0x8a, 0x52, 0x8a, 0x52, 0x6a, 0x4a, 0x69, 0x52, 0x69, 0x52, 0x6a, 0x52,
    0x6a, 0x52, 0x8a, 0x52, 0x69, 0x4a, 0x6a, 0x52, 0x8a, 0x52, 0x8a, 0x52,
    0x8b, 0x52, 0x8b, 0x52, 0xaa, 0x52, 0x8a, 0x4a, 0x8a, 0x52, 0x8a, 0x52,
    0x8b, 0x52, 0xab, 0x52, 0x8a, 0x52, 0x8b, 0x52, 0xab, 0x52, 0xab, 0x52,
    0x8a, 0x52, 0x8a, 0x52, 0x8a, 0x52, 0xab, 0x52, 0xec, 0x5a, 0x0d, 0x63,
    0x2d, 0x63, 0x6e, 0x6b, 0x8e, 0x73, 0x8f, 0x73, 0xaf, 0x73, 0xaf, 0x73,
    0xcf, 0x73, 0xcf, 0x7b, 0xcf, 0x7b, 0xcf, 0x73, 0xb0, 0x7b, 0xaf, 0x7b,
    0xcf, 0x73, 0xaf, 0x73, 0xaf, 0x73, 0x8e, 0x73, 0x8e, 0x73, 0x8e, 0x73,
    0x8e, 0x73, 0x6e, 0x73, 0x6e, 0x6b, 0x4d, 0x6b, 0x4d, 0x6b, 0x2d, 0x63,
    0x2d, 0x63, 0x2d, 0x63, 0x0c, 0x63, 0xec, 0x62, 0xcc, 0x5a, 0xec, 0x5a,
    0x4d, 0x63, 0xaf, 0x73, 0x10, 0x84, 0x52, 0x8c, 0x92, 0x94, 0xd3, 0x94,
    0xf4, 0x9c, 0x15, 0xa5, 0x35, 0xa5, 0x55, 0xad, 0x56, 0xad, 0x55, 0xa5,
    0x55, 0xad, 0x35, 0xa5, 0x15, 0xa5, 0xf4, 0x9c, 0xd3, 0x9c, 0xb3, 0x94,
    0xd4, 0x9c, 0xf4, 0x9c, 0x14, 0x9d, 0xf4, 0xa4, 0xf4, 0x9c, 0x35, 0xa5,
    0x55, 0xad, 0x55, 0xa5, 0x35, 0xa5, 0x55, 0xad, 0x56, 0xa5, 0x56, 0xa5,
    0x35, 0xad, 0x56, 0xad, 0x56, 0xa5, 0x55, 0xad, 0x55, 0xad, 0x56, 0xad,
    0x56, 0xad, 0x55, 0xad, 0x55, 0xa5, 0x56, 0xa5, 0x35, 0xa5, 0x35, 0xa5,
    0x35, 0xa5, 0x35, 0xa5, 0x35, 0xa5, 0x15, 0xa5, 0x15, 0x9d, 0x15, 0x9d,
    0xf4, 0x9c, 0xf4, 0x9c, 0xf4, 0x9c, 0xf4, 0x9c, 0xf4, 0x9c, 0xd4, 0x9c,
    0xf4, 0x9c, 0xd4, 0x94, 0xf4, 0x94, 0xd4, 0x94, 0xd4, 0x94, 0xd3, 0x94,
    0xd4, 0x94, 0xf4, 0x9c, 0x14, 0x9d, 0x35, 0xa5, 0x55, 0xad, 0x55, 0xa5,
    0x35, 0xa5, 0x14, 0xa5, 0xd4, 0x9c, 0xb3, 0x9c, 0x92, 0x9c, 0x92, 0x94,
    0x92, 0x94, 0x72, 0x94, 0x72, 0x94, 0x72, 0x9c, 0x72, 0x94, 0x71, 0x94,
    0x72, 0x94, 0x52, 0x8c, 0x71, 0x94, 0x50, 0x9c, 0x2f, 0x94, 0x2e, 0x9c,
    0x0d, 0xa4, 0x2c, 0xa4, 0x2c, 0xa4, 0x2d, 0x9c, 0x0d, 0xa4, 0x2d, 0x9c,
    0x14, 0xa5, 0x35, 0xa5, 0x35, 0xa5, 0x55, 0xad, 0x55, 0xad, 0x35, 0xa5,
    0x35, 0xa5, 0x14, 0xa5, 0xf4, 0xa4, 0xf4, 0xa4, 0xd3, 0x9c, 0xb3, 0x9c,
    0x92, 0x94, 0x72, 0x94, 0x71, 0x94, 0x31, 0x8c, 0x31, 0x84, 0x10, 0x84,
    0xcf, 0x7b, 0xaf, 0x7b, 0x8e, 0x73, 0x6e, 0x6b, 0x4d, 0x6b, 0x2d, 0x63,
    0x0c, 0x63, 0xcb, 0x5a, 0xab, 0x5a, 0xab, 0x52, 0x8b, 0x52, 0x8a, 0x52,
    0x8a, 0x52, 0x6a, 0x4a, 0x6a, 0x52, 0x6a, 0x52, 0x69, 0x4a, 0x69, 0x4a,
    0x6a, 0x52, 0x6a, 0x52, 0x8a, 0x4a, 0x6a, 0x4a, 0x8a, 0x52, 0x8a, 0x52,
    0x8b, 0x52, 0x8a, 0x52, 0x8b, 0x52, 0x8a, 0x52, 0x8b, 0x52, 0x8a, 0x52,
    0x8b, 0x52, 0xab, 0x52, 0xab, 0x52, 0x8a, 0x52, 0x8b, 0x52, 0xab, 0x52,
    0x8b, 0x52, 0xab, 0x52, 0xcb, 0x5a, 0xec, 0x5a, 0x0c, 0x63, 0x4d, 0x6b,
    0x4e, 0x6b, 0x6e, 0x6b, 0xaf, 0x73, 0xaf, 0x73, 0xcf, 0x7b, 0xcf, 0x7b,
    0xcf, 0x7b, 0xcf, 0x7b, 0xd0, 0x7b, 0xd0, 0x7b, 0xaf, 0x73, 0xaf, 0x73,
    0xaf, 0x73, 0xaf, 0x73, 0x8f, 0x73, 0x8e, 0x73, 0x8e, 0x73, 0x6e, 0x6b,
    0x6e, 0x6b, 0x6e, 0x6b, 0x4e, 0x6b, 0x4d, 0x6b, 0x2d, 0x6b, 0x2d, 0x63,
    0x0d, 0x63, 0x0c, 0x63, 0xec, 0x62, 0xcc, 0x5a, 0xec, 0x62, 0x6e, 0x6b,
    0xcf, 0x7b, 0x11, 0x84, 0x72, 0x8c, 0x93, 0x94, 0xd3, 0x9c, 0xf4, 0x9c,
    0x15, 0xa5, 0x55, 0xa5, 0x56, 0xad, 0x55, 0xad, 0x55, 0xad, 0x56, 0xad,
    0x55, 0xad, 0x35, 0xa5, 0xf4, 0xa4, 0xd3, 0x9c, 0xb3, 0x94, 0xb3, 0x94,
    0xd3, 0x9c, 0xf4, 0x9c, 0xf4, 0x9c, 0xf4, 0x9c, 0xf4, 0xa4, 0x15, 0xa5,
    0x55, 0xa5, 0x56, 0xad, 0x56, 0xad, 0x36, 0xa5, 0x56, 0xad, 0x55, 0xad,
    0x55, 0xad, 0x56, 0xa5, 0x55, 0xa5, 0x56, 0xad, 0x56, 0xad, 0x55, 0xa5,
    0x55, 0xad, 0x35, 0xa5, 0x35, 0xad, 0x35, 0xad, 0x35, 0xa5, 0x35, 0xa5,
    0x15, 0xa5, 0x35, 0xa5, 0x15, 0xa5, 0x15, 0x9d, 0xf4, 0x9c, 0xf4, 0x9c,
    0xf4, 0x9c, 0xf4, 0x9c, 0xd4, 0x94, 0xd4, 0x94, 0xd4, 0x94, 0xd3, 0x94,
    0xb3, 0x94, 0xd4, 0x94, 0xd4, 0x94, 0xd4, 0x94, 0xd3, 0x94, 0xd4, 0x94,
    0xb4, 0x94, 0xd3, 0x94, 0xf4, 0x9c, 0x15, 0xa5, 0x55, 0xad, 0x55, 0xad,
    0x35, 0xa5, 0x15, 0xa5, 0xf4, 0xa4, 0xd3, 0x9c, 0xb2, 0x94, 0x92, 0x9c,
    0x92, 0x9c, 0x92, 0x94, 0x92, 0x94, 0x72, 0x94, 0x71, 0x94, 0x51, 0x94,
    0x10, 0x84, 0x10, 0x84, 0x51, 0x8c, 0x71, 0x94, 0x2f, 0x9c, 0x2e, 0x9c,
    0x2d, 0xa4, 0x0c, 0x9c, 0x0d, 0x9c, 0x2d, 0x9c, 0x2e, 0x9c, 0x2e, 0x9c,
    0xf4, 0x9c, 0xf4, 0x9c, 0x15, 0xa5, 0x35, 0xad, 0x35, 0xa5, 0x35, 0xa5,
    0x14, 0xa5, 0x14, 0xa5, 0xf4, 0xa4, 0xd3, 0x9c, 0xb3, 0x9c, 0x92, 0x94,
    0x72, 0x94, 0x51, 0x94, 0x51, 0x8c, 0x31, 0x84, 0xf0, 0x83, 0xef, 0x7b,
    0xcf, 0x7b, 0x8e, 0x73, 0x6e, 0x73, 0x4d, 0x6b, 0x2d, 0x63, 0x0c, 0x63,
    0xcc, 0x5a, 0xab, 0x52, 0xab, 0x52, 0x8a, 0x52, 0x8a, 0x52, 0x8a, 0x52,
    0x8a, 0x52, 0x8a, 0x52, 0x6a, 0x52, 0x6a, 0x4a, 0x6a, 0x4a, 0x69, 0x52,
    0x6a, 0x52, 0x6a, 0x52, 0x69, 0x52, 0x8a, 0x52, 0x6a, 0x52, 0x8a, 0x52,
    0x8a, 0x52, 0x8a, 0x52, 0xab, 0x52, 0xab, 0x52, 0x8a, 0x52, 0x8b, 0x4a,
    0x8a, 0x52, 0x8b, 0x52, 0xab, 0x52, 0xaa, 0x52, 0x8a, 0x52, 0xab, 0x52,
    0xcb, 0x5a, 0xec, 0x5a, 0xec, 0x62, 0x0d, 0x63, 0x4d, 0x63, 0x6e, 0x6b,
    0x8e, 0x73, 0xaf, 0x73, 0xaf, 0x7b, 0xcf, 0x7b, 0xcf, 0x7b, 0xd0, 0x7b,
    0xcf, 0x73, 0xcf, 0x7b, 0xb0, 0x7b, 0xcf, 0x73, 0xaf, 0x7b, 0xaf, 0x7b,
    0xaf, 0x73, 0xaf, 0x73, 0x8f, 0x73, 0x8e, 0x73, 0x6e, 0x73, 0x4e, 0x6b,
    0x4e, 0x6b, 0x4d, 0x6b, 0x4d, 0x6b, 0x4d, 0x6b, 0x2d, 0x63, 0x2d, 0x63,
    0x0c, 0x63, 0xec, 0x5a, 0xec, 0x5a, 0xec, 0x5a, 0x0c, 0x63, 0xaf, 0x7b,
    0x31, 0x84, 0x72, 0x8c, 0xb3, 0x94, 0xd4, 0x9c, 0xf4, 0xa4, 0x15, 0xa5,
    0x35, 0xad, 0x55, 0xad, 0x55, 0xad, 0x55, 0xad, 0x36, 0xa5, 0x55, 0xad,
    0x55, 0xa5, 0x36, 0xa5, 0x15, 0xa5, 0xf4, 0x9c, 0xb3, 0x9c, 0x93, 0x94,
    0x92, 0x8c, 0x93, 0x94, 0xb3, 0x94, 0xd3, 0x9c, 0x14, 0xa5, 0x35, 0xa5,
    0x35, 0xad, 0x55, 0xad, 0x55, 0xad, 0x55, 0xad, 0x55, 0xa5, 0x55, 0xad,
    0x56, 0xad, 0x55, 0xad, 0x55, 0xad, 0x55, 0xad, 0x56, 0xad, 0x56, 0xad,
    0x35, 0xad, 0x56, 0xa5, 0x35, 0xa5, 0x35, 0xa5, 0x35, 0xa5, 0x35, 0xa5,
    0x15, 0xa5, 0x15, 0xa5, 0x14, 0x9d, 0x14, 0x9d, 0xf4, 0x9c, 0xd4, 0x9c,
    0xd4, 0x94, 0xd4, 0x94, 0xb3, 0x94, 0xb3, 0x94, 0xb3, 0x94, 0xb3, 0x94,
    0xb3, 0x94, 0xb3, 0x94, 0xb3, 0x94, 0xb3, 0x94, 0xb3, 0x94, 0xb3, 0x94,
    0xd3, 0x94, 0xd4, 0x94, 0xd4, 0x9c, 0x14, 0x9d, 0x35, 0xa5, 0x35, 0xad,
    0x35, 0xa5, 0x15, 0xa5, 0x14, 0xa5, 0xd3, 0x9c, 0xb3, 0x9c, 0x92, 0x94,
    0x92, 0x94, 0x92, 0x94, 0x72, 0x94, 0x72, 0x94, 0x92, 0x94, 0x71, 0x94,
    0x10, 0x8c, 0xaf, 0x7b, 0xaf, 0x7b, 0x30, 0x8c, 0x30, 0x94, 0x0e, 0x9c,
    0x2d, 0x9c, 0x0d, 0x9c, 0x0e, 0x9c, 0x2e, 0x9c, 0x2f, 0x94, 0x2f, 0x94,
    0x14, 0xa5, 0xf4, 0x9c, 0xf4, 0x9c, 0xf4, 0xa4, 0x15, 0xa5, 0x15, 0xa5,
    0x14, 0xa5, 0xf4, 0xa4, 0xd3, 0x9c, 0xb3, 0x9c, 0x92, 0x94, 0x72, 0x94,
    0x72, 0x8c, 0x31, 0x8c, 0x30, 0x84, 0xf0, 0x83, 0xcf, 0x83, 0xaf, 0x7b,
    0x8f, 0x73, 0x6e, 0x6b, 0x4e, 0x6b, 0x2d, 0x6b, 0x0c, 0x63, 0xec, 0x5a,
    0xab, 0x5a, 0xab, 0x52, 0xab, 0x52, 0x8a, 0x52, 0x8a, 0x52, 0x8b, 0x52,
    0x8b, 0x52, 0x8a, 0x52, 0x8a, 0x52, 0x6a, 0x52, 0x6a, 0x4a, 0x6a, 0x52,
    0x69, 0x52, 0x6a, 0x4a, 0x6a, 0x52, 0x8a, 0x52, 0x8a, 0x52, 0x6a, 0x4a,
    0x8a, 0x52, 0x8b, 0x52, 0x8b, 0x52, 0x8a, 0x52, 0x8a, 0x4a, 0x8a, 0x52,
    0x8a, 0x52, 0x8a, 0x52, 0x8b, 0x52, 0xab, 0x52, 0xab, 0x52, 0xab, 0x5a,
    0xec, 0x5a, 0x2d, 0x63, 0x2d, 0x6b, 0x4d, 0x6b, 0x6e, 0x6b, 0x6e, 0x6b,
    0xaf, 0x73, 0xcf, 0x7b, 0xd0, 0x7b, 0xd0, 0x7b, 0xf0, 0x7b, 0xd0, 0x7b,
    0xcf, 0x7b, 0xcf, 0x73, 0xcf, 0x73, 0xcf, 0x7b, 0xaf, 0x73, 0xaf, 0x73,
    0xaf, 0x73, 0xaf, 0x73, 0x8e, 0x73, 0x8e, 0x73, 0x6e, 0x6b, 0x4e, 0x6b,
    0x4d, 0x6b, 0x4d, 0x6b, 0x4d, 0x6b, 0x4d, 0x6b, 0x2d, 0x63, 0x0c, 0x63,
    0xec, 0x5a, 0xec, 0x62, 0x2d, 0x6b, 0x8e, 0x73, 0x6e, 0x6b, 0xaf, 0x73,
    0x31, 0x8c, 0xb3, 0x94, 0xf4, 0x9c, 0x14, 0xa5, 0x35, 0xa5, 0x55, 0xa5,
    0x55, 0xad, 0x56, 0xad, 0x55, 0xad, 0x56, 0xa5, 0x56, 0xad, 0x55, 0xad,
    0x35, 0xad, 0x35, 0xad, 0x55, 0xa5, 0x35, 0xa5, 0xf4, 0xa4, 0xb3, 0x94,
    0x52, 0x8c, 0x52, 0x8c, 0x52, 0x8c, 0xb3, 0x94, 0xf4, 0x9c, 0x35, 0xa5,
    0x35, 0xad, 0x55, 0xad, 0x56, 0xa5, 0x55, 0xad, 0x55, 0xad, 0x56, 0xad,
    0x56, 0xad, 0x56, 0xa5, 0x55, 0xad, 0x55, 0xad, 0x55, 0xa5, 0x55, 0xad,
    0x35, 0xa5, 0x35, 0xa5, 0x35, 0xa5, 0x35, 0xa5, 0x15, 0xa5, 0x15, 0x9d,
    0x14, 0x9d, 0xf4, 0x9c, 0xf4, 0x9c, 0xf4, 0x9c, 0xf4, 0x9c, 0xd4, 0x94,
    0xb3, 0x94, 0xb3, 0x94, 0xb3, 0x94, 0x93, 0x8c, 0x93, 0x8c, 0xb3, 0x94,
    0x93, 0x8c, 0x93, 0x8c, 0xb3, 0x94, 0xb3, 0x94, 0xb3, 0x8c, 0xb3, 0x94,
    0xb4, 0x94, 0xb4, 0x94, 0xd4, 0x94, 0x14, 0x9d, 0x15, 0xa5, 0x35, 0xa5,
    0x55, 0xad, 0x35, 0xa5, 0x14, 0xa5, 0xf4, 0xa4, 0xb3, 0x9c, 0x92, 0x94,
    0x92, 0x94, 0x92, 0x94, 0x72, 0x9c, 0x72, 0x94, 0x72, 0x94, 0x72, 0x94,
    0x71, 0x94, 0x31, 0x8c, 0x8e, 0x73, 0x6d, 0x73, 0xae, 0x83, 0xee, 0x93,
    0x2e, 0x9c, 0x0e, 0x9c, 0x2f, 0x9c, 0x2f, 0x94, 0x30, 0x94, 0x30, 0x94,
    0xf4, 0xa4, 0x14, 0xa5, 0x14, 0x9d, 0xf4, 0x9c, 0xd3, 0x9c, 0xf4, 0x9c,
    0xf4, 0xa4, 0xf4, 0x9c, 0xb3, 0x9c, 0x92, 0x94, 0x92, 0x94, 0x51, 0x94,
    0x51, 0x8c, 0x31, 0x8c, 0x10, 0x84, 0xf0, 0x83, 0xcf, 0x7b, 0xaf, 0x73,
    0x6e, 0x73, 0x4d, 0x6b, 0x4d, 0x6b, 0x2d, 0x63, 0xec, 0x5a, 0xcb, 0x5a,
    0xab, 0x5a, 0x8a, 0x52, 0x8a, 0x52, 0x8b, 0x52, 0x8a, 0x52, 0x8a, 0x52,
    0x8a, 0x4a, 0x8a, 0x52, 0x8a, 0x52, 0x6a, 0x52, 0x6a, 0x52, 0x6a, 0x4a,
    0x6a, 0x4a, 0x69, 0x4a, 0x6a, 0x52, 0x6a, 0x52, 0x8a, 0x52, 0x6a, 0x4a,
    0x6a, 0x52, 0x8a, 0x52, 0x8a, 0x52, 0xab, 0x52, 0xab, 0x52, 0x8a, 0x52,
    0x8a, 0x52, 0x8b, 0x4a, 0x8a, 0x52, 0xab, 0x52, 0xcb, 0x5a, 0xec, 0x5a,
    0x0d, 0x63, 0x4e, 0x6b, 0x6e, 0x6b, 0x6e, 0x6b, 0x8e, 0x73, 0xaf, 0x73,
    0xcf, 0x7b, 0xf0, 0x7b, 0xf0, 0x7b, 0xf0, 0x7b, 0xd0, 0x7b, 0xd0, 0x7b,
    0xd0, 0x7b, 0xcf, 0x7b, 0xcf, 0x73, 0xcf, 0x7b, 0xaf, 0x7b, 0xaf, 0x73,
    0x8f, 0x73, 0x8e, 0x73, 0x6e, 0x73, 0x6e, 0x6b, 0x6e, 0x6b, 0x4d, 0x6b,
    0x2d, 0x6b, 0x2d, 0x6b, 0x2d, 0x63, 0x2d, 0x63, 0x0d, 0x63, 0xec, 0x62,
    0x0d, 0x63, 0x6e, 0x6b, 0xcf, 0x7b, 0x11, 0x84, 0xf0, 0x7b, 0xf0, 0x83,
    0x31, 0x8c, 0x93, 0x94, 0xf4, 0x9c, 0x35, 0xad, 0x55, 0xad, 0x55, 0xad,
    0x56, 0xad, 0x55, 0xa5, 0x56, 0xad, 0x55, 0xad, 0x55, 0xad, 0x55, 0xa5,
    0x56, 0xad, 0x55, 0xa5, 0x35, 0xad, 0x35, 0xa5, 0x15, 0xa5, 0xd4, 0x9c,
    0x92, 0x94, 0x51, 0x8c, 0x72, 0x8c, 0xb3, 0x94, 0xd4, 0x9c, 0xf4, 0x9c,
    0x15, 0xa5, 0x55, 0xad, 0x55, 0xa5, 0x36, 0xad, 0x36, 0xad, 0x56, 0xad,
    0x55, 0xa5, 0x55, 0xad, 0x56, 0xad, 0x56, 0xa5, 0x56, 0xad, 0x55, 0xa5,
    0x35, 0xa5, 0x35, 0xa5, 0x35, 0xa5, 0x15, 0xa5, 0x15, 0x9d, 0xf4, 0x9c,
    0xf4, 0x9c, 0xf4, 0x9c, 0xd4, 0x9c, 0xd4, 0x94, 0xd4, 0x94, 0xb3, 0x94,
    0xb3, 0x94, 0x93, 0x8c, 0x92, 0x8c, 0x93, 0x8c, 0x93, 0x8c, 0x93, 0x8c,
    0x93, 0x8c, 0x93, 0x8c, 0x93, 0x8c, 0xb3, 0x94, 0xb3, 0x94, 0xb3, 0x8c,
    0xb3, 0x94, 0xb3, 0x94, 0xd4, 0x94, 0xf4, 0x9c, 0x14, 0xa5, 0x35, 0xa5,
    0x55, 0xad, 0x35, 0xa5, 0x15, 0xa5, 0xf4, 0xa4, 0xd3, 0x9c, 0xb2, 0x9c,
    0x92, 0x9c, 0x92, 0x94, 0x92, 0x94, 0x72, 0x94, 0x72, 0x94, 0x72, 0x94,
    0x72, 0x94, 0x92, 0x94, 0x51, 0x8c, 0xaf, 0x7b, 0x8e, 0x7b, 0xce, 0x83,
    0x30, 0x94, 0x2f, 0x94, 0x2f, 0x94, 0x30, 0x94, 0x51, 0x94, 0x51, 0x8c,
    0xf4, 0x9c, 0xf4, 0x9c, 0xf4, 0xa4, 0xf4, 0x9c, 0xd4, 0x9c, 0xd3, 0x9c,
    0xd3, 0x9c, 0xd3, 0x9c, 0xb3, 0x9c, 0x92, 0x94, 0x52, 0x8c, 0x51, 0x8c,
    0x31, 0x8c, 0x10, 0x84, 0xf0, 0x7b, 0xcf, 0x7b, 0x8e, 0x73, 0x6e, 0x73,
    0x4e, 0x6b, 0x4d, 0x6b, 0x2d, 0x63, 0x0c, 0x63, 0xcc, 0x5a, 0xab, 0x52,
    0xab, 0x52, 0xab, 0x52, 0x8a, 0x52, 0x8a, 0x52, 0xaa, 0x52, 0x8a, 0x52,
    0x8a, 0x52, 0x8a, 0x52, 0x8a, 0x52, 0x6a, 0x4a, 0x8a, 0x52, 0x8a, 0x52,
    0x6a, 0x52, 0x69, 0x52, 0x6a, 0x4a, 0x69, 0x52, 0x6a, 0x52, 0x8a, 0x52,
    0x69, 0x52, 0x8a, 0x52, 0x8a, 0x52, 0x8b, 0x52, 0x8b, 0x52, 0x8b, 0x52,
    0x8b, 0x52, 0x8a, 0x52, 0x8b, 0x52, 0xcb, 0x52, 0x0c, 0x63, 0x2d, 0x63,
    0x4e, 0x6b, 0x8e, 0x6b, 0xaf, 0x73, 0xaf, 0x73, 0xcf, 0x7b, 0xd0, 0x7b,
    0xd0, 0x7b, 0xf0, 0x7b, 0xf0, 0x7b, 0xf0, 0x7b, 0xcf, 0x7b, 0xcf, 0x7b,
    0xcf, 0x7b, 0xd0, 0x7b, 0xd0, 0x7b, 0xcf, 0x7b, 0xaf, 0x73, 0x8f, 0x73,
    0x8f, 0x73, 0x8e, 0x73, 0x6e, 0x6b, 0x4e, 0x6b, 0x4d, 0x6b, 0x4d, 0x6b,
    0x2d, 0x63, 0x0d, 0x63, 0x0c, 0x63, 0x0c, 0x63, 0x0c, 0x63, 0x2d, 0x6b,
    0x8f, 0x73, 0xf0, 0x7b, 0x31, 0x8c, 0x72, 0x8c, 0x72, 0x8c, 0x72, 0x8c,
    0x93, 0x94, 0xb3, 0x94, 0xf4, 0x9c, 0x35, 0xa5, 0x55, 0xad, 0x56, 0xad,
    0x55, 0xad, 0x55, 0xad, 0x35, 0xa5, 0x35, 0xad, 0x55, 0xad, 0x55, 0xa5,
    0x35, 0xa5, 0x35, 0xad, 0x55, 0xa5, 0x15, 0xa5, 0x14, 0xa5, 0xf4, 0x9c,
    0xd3, 0x94, 0x92, 0x94, 0xb3, 0x94, 0xb3, 0x9c, 0xd3, 0x94, 0xd4, 0x9c,
    0xf4, 0xa4, 0x35, 0xa5, 0x55, 0xad, 0x55, 0xad, 0x55, 0xad, 0x55, 0xa5,
    0x56, 0xad, 0x55, 0xad, 0x56, 0xad, 0x56, 0xad, 0x35, 0xad, 0x35, 0xad,
    0x35, 0xa5, 0x35, 0xa5, 0x35, 0xa5, 0x14, 0xa5, 0xf4, 0x9c, 0xf4, 0x9c,
    0xf4, 0x9c, 0xd4, 0x9c, 0xd4, 0x94, 0xd3, 0x94, 0xb3, 0x94, 0xb3, 0x94,
    0x93, 0x8c, 0x93, 0x8c, 0x93, 0x8c, 0x73, 0x8c, 0x93, 0x8c, 0x92, 0x8c,
    0x93, 0x8c, 0x93, 0x8c, 0x92, 0x8c, 0x93, 0x8c, 0x93, 0x8c, 0xb3, 0x94,
    0xb3, 0x94, 0xd3, 0x94, 0xd4, 0x94, 0xd4, 0x9c, 0x14, 0x9d, 0x35, 0xa5,
    0x35, 0xad, 0x35, 0xad, 0x35, 0xa5, 0x14, 0xa5, 0xd4, 0x9c, 0xb3, 0x9c,
    0xb2, 0x94, 0x93, 0x94, 0x92, 0x9c, 0x92, 0x94, 0x72, 0x94, 0x72, 0x94,
    0x72, 0x94, 0x92, 0x94, 0x92, 0x9c, 0x52, 0x8c, 0x31, 0x8c, 0x10, 0x84,
    0x31, 0x8c, 0x51, 0x94, 0x30, 0x8c, 0x31, 0x8c, 0x51, 0x8c, 0x72, 0x8c,
    0xf4, 0x9c, 0xf4, 0x9c, 0xf4, 0x9c, 0xd4, 0x9c, 0xd4, 0x9c, 0xd3, 0x9c,
    0xb3, 0x9c, 0xb3, 0x94, 0x92, 0x94, 0x72, 0x94, 0x51, 0x8c, 0x31, 0x8c,
    0x10, 0x84, 0xf0, 0x7b, 0xcf, 0x7b, 0x8f, 0x73, 0x6e, 0x73, 0x4d, 0x6b,
    0x4d, 0x6b, 0x2d, 0x63, 0x0c, 0x63, 0xec, 0x5a, 0xcb, 0x5a, 0xab, 0x52,
    0xab, 0x52, 0x8a, 0x52, 0x8b, 0x52, 0x8b, 0x52, 0x8b, 0x52, 0x8a, 0x52,
    0x8a, 0x52, 0x8a, 0x52, 0x8a, 0x52, 0x8a, 0x52, 0x8a, 0x52, 0x6a, 0x52,
    0x6a, 0x52, 0x6a, 0x4a, 0x69, 0x52, 0x6a, 0x52, 0x6a, 0x52, 0x8a, 0x4a,
    0x8a, 0x52, 0x6a, 0x52, 0x8a, 0x52, 0x8b, 0x52, 0x8a, 0x52, 0xab, 0x52,
    0x8a, 0x52, 0x8b, 0x52, 0xcb, 0x5a, 0xec, 0x5a, 0x2d, 0x63, 0x6e, 0x6b,
    0x8e, 0x73, 0x8f, 0x73, 0xcf, 0x73, 0xd0, 0x7b, 0xf0, 0x7b, 0xf0, 0x7b,
    0xf0, 0x7b, 0xf0, 0x7b, 0xf0, 0x7b, 0xf0, 0x7b, 0xd0, 0x7b, 0xef, 0x7b,
    0xcf, 0x7b, 0xd0, 0x7b, 0xcf, 0x73, 0xaf, 0x73, 0xaf, 0x73, 0x8e, 0x73,
    0x6e, 0x73, 0x6e, 0x6b, 0x6e, 0x6b, 0x4d, 0x6b, 0x2d, 0x6b, 0x2d, 0x6b,
    0x0d, 0x63, 0x0c, 0x63, 0xec, 0x62, 0x0c, 0x63, 0x6e, 0x6b, 0xcf, 0x7b,
    0x10, 0x84, 0x51, 0x8c, 0x92, 0x94, 0xb3, 0x94, 0xd3, 0x9c, 0xb3, 0x94,
    0xd3, 0x9c, 0xf4, 0x9c, 0x14, 0x9d, 0x15, 0xa5, 0x35, 0xad, 0x55, 0xad,
    0x35, 0xa5, 0x35, 0xa5, 0x35, 0xad, 0x35, 0xa5, 0x35, 0xad, 0x55, 0xad,
    0x35, 0xad, 0x35, 0xad, 0x55, 0xa5, 0x35, 0xa5, 0x15, 0xa5, 0xf4, 0x9c,
    0xb3, 0x94, 0xb3, 0x94, 0xb3, 0x94, 0xb3, 0x94, 0xd3, 0x9c, 0xf4, 0x9c,
    0x15, 0xa5, 0x55, 0xa5, 0x56, 0xad, 0x55, 0xa5, 0x55, 0xa5, 0x56, 0xad,
    0x55, 0xad, 0x56, 0xad, 0x55, 0xad, 0x55, 0xa5, 0x55, 0xad, 0x35, 0xa5,
    0x35, 0xa5, 0x35, 0xa5, 0x15, 0xa5, 0x15, 0x9d, 0xf4, 0x9c, 0xd4, 0x9c,
    0xd4, 0x94, 0xd4, 0x94, 0xd4, 0x94, 0xd3, 0x94, 0xb3, 0x94, 0xb3, 0x8c,
    0x93, 0x8c, 0x93, 0x8c, 0x93, 0x8c, 0x92, 0x8c, 0x72, 0x8c, 0x73, 0x8c,
    0x92, 0x8c, 0x92, 0x8c, 0x93, 0x8c, 0x93, 0x8c, 0xb3, 0x94, 0xb3, 0x94,
    0xb4, 0x94, 0xd4, 0x94, 0xd4, 0x94, 0xd4, 0x94, 0x14, 0x9d, 0x15, 0xa5,
    0x35, 0xa5, 0x55, 0xa5, 0x35, 0xa5, 0x14, 0xa5, 0xf4, 0xa4, 0xb3, 0x9c,
    0xb2, 0x94, 0x92, 0x94, 0x92, 0x9c, 0x92, 0x94, 0x92, 0x94, 0x92, 0x94,
    0x72, 0x94, 0x72, 0x94, 0x92, 0x94, 0x72, 0x94, 0x52, 0x8c, 0x51, 0x8c,
    0x31, 0x8c, 0x51, 0x8c, 0x31, 0x8c, 0x51, 0x8c, 0x72, 0x94, 0x93, 0x94,
    0xf4, 0x9c, 0xd3, 0x9c, 0xb3, 0x94, 0xd3, 0x9c, 0xd3, 0x9c, 0xb3, 0x94,
    0xb3, 0x94, 0x92, 0x94, 0x72, 0x94, 0x51, 0x8c, 0x31, 0x8c, 0x10, 0x84,
    0xf0, 0x83, 0xcf, 0x7b, 0xaf, 0x73, 0x6e, 0x73, 0x6e, 0x6b, 0x4d, 0x6b,
    0x2d, 0x63, 0x0d, 0x63, 0xec, 0x62, 0xec, 0x5a, 0xcb, 0x5a, 0xab, 0x5a,
    0xab, 0x52, 0xab, 0x52, 0x8a, 0x52, 0x8b, 0x52, 0xaa, 0x52, 0x8a, 0x52,
    0x8a, 0x52, 0x8b, 0x52, 0x8a, 0x52, 0x8a, 0x52, 0x8a, 0x52, 0x8a, 0x4a,
    0x6a, 0x4a, 0x6a, 0x4a, 0x6a, 0x4a, 0x69, 0x4a, 0x6a, 0x52, 0x6a, 0x52,
    0x8a, 0x4a, 0x8a, 0x52, 0x8a, 0x52, 0x8a, 0x52, 0x8a, 0x52, 0x8b, 0x52,
    0xab, 0x52, 0xeb, 0x5a, 0x0c, 0x63, 0x2d, 0x63, 0x6e, 0x6b, 0x8f, 0x73,
    0xaf, 0x73, 0xcf, 0x7b, 0xd0, 0x7b, 0xf0, 0x7b, 0xf0, 0x7b, 0x10, 0x7c,
    0xf0, 0x7b, 0xd0, 0x7b, 0xf0, 0x7b, 0xd0, 0x7b, 0xd0, 0x7b, 0xd0, 0x7b,
    0xd0, 0x7b, 0xcf, 0x7b, 0xaf, 0x73, 0xaf, 0x73, 0x8f, 0x73, 0x8e, 0x73,
    0x6e, 0x6b, 0x4e, 0x6b, 0x4d, 0x6b, 0x2d, 0x6b, 0x2d, 0x63, 0x0d, 0x63,
    0x0c, 0x63, 0xec, 0x62, 0x0d, 0x63, 0x6e, 0x6b, 0xd0, 0x7b, 0x31, 0x84,
    0x72, 0x8c, 0x93, 0x94, 0xb3, 0x9c, 0xf4, 0x9c, 0x15, 0xa5, 0xf4, 0xa4,
    0xf4, 0x9c, 0x14, 0xa5, 0xf4, 0xa4, 0x14, 0xa5, 0x35, 0xad, 0x55, 0xad,
    0x35, 0xa5, 0x35, 0xad, 0x35, 0xad, 0x35, 0xad, 0x35, 0xa5, 0x35, 0xa5,
    0x35, 0xad, 0x55, 0xad, 0x55, 0xad, 0x35, 0xad, 0x55, 0xad, 0x15, 0xa5,
    0xd4, 0x9c, 0xb3, 0x94, 0x92, 0x94, 0x72, 0x94, 0xb3, 0x94, 0x14, 0xa5,
    0x35, 0xa5, 0x55, 0xad, 0x55, 0xad, 0x36, 0xad, 0x36, 0xad, 0x55, 0xad,
    0x56, 0xa5, 0x55, 0xad, 0x55, 0xad, 0x56, 0xa5, 0x55, 0xa5, 0x35, 0xa5,
    0x35, 0xa5, 0x15, 0xa5, 0x15, 0xa5, 0xf4, 0x9c, 0xf4, 0x9c, 0xd4, 0x94,
    0xd4, 0x94, 0xb3, 0x94, 0xb3, 0x94, 0xb4, 0x94, 0xb3, 0x94, 0xb3, 0x94,
    0x93, 0x8c, 0x93, 0x8c, 0x92, 0x8c, 0x92, 0x8c, 0x92, 0x8c, 0x73, 0x8c,
    0x93, 0x8c, 0x93, 0x8c, 0x93, 0x8c, 0xb3, 0x94, 0xb3, 0x94, 0xd3, 0x94,
    0xb3, 0x94, 0xd3, 0x94, 0xb3, 0x94, 0xd4, 0x9c, 0xf4, 0x9c, 0x15, 0xa5,
    0x35, 0xa5, 0x55, 0xad, 0x35, 0xa5, 0x35, 0xa5, 0xf4, 0xa4, 0xd3, 0x9c,
    0xb2, 0x9c, 0x92, 0x9c, 0x92, 0x94, 0x92, 0x94, 0x92, 0x94, 0x92, 0x94,
    0x72, 0x94, 0x72, 0x94, 0x92, 0x9c, 0x92, 0x94, 0x52, 0x8c, 0x52, 0x8c,
    0x51, 0x8c, 0x31, 0x8c, 0x52, 0x8c, 0x72, 0x94, 0x93, 0x94, 0xb3, 0x94,
    0x14, 0xa5, 0xd4, 0x9c, 0xb3, 0x94, 0x92, 0x8c, 0x92, 0x94, 0x93, 0x94,
    0x93, 0x94, 0x72, 0x94, 0x51, 0x8c, 0x31, 0x8c, 0x11, 0x84, 0xf0, 0x83,
    0xcf, 0x7b, 0xaf, 0x73, 0x6e, 0x73, 0x6e, 0x6b, 0x4d, 0x6b, 0x2d, 0x63,
    0x0c, 0x63, 0x0c, 0x63, 0xec, 0x5a, 0xcc, 0x5a, 0xcb, 0x52, 0xab, 0x52,
    0xab, 0x52, 0xab, 0x52, 0xab, 0x52, 0x8a, 0x52, 0x8a, 0x52, 0x8b, 0x52,
    0x8b, 0x52, 0x8a, 0x52, 0x8a, 0x4a, 0x8a, 0x52, 0x8a, 0x52, 0x8a, 0x52,
    0x6a, 0x52, 0x6a, 0x52, 0x6a, 0x52, 0x6a, 0x4a, 0x69, 0x52, 0x6a, 0x52,
    0x69, 0x52, 0x8a, 0x52, 0x8a, 0x4a, 0x8a, 0x52, 0x8a, 0x52, 0xab, 0x52,
    0xec, 0x5a, 0x2d, 0x63, 0x4d, 0x6b, 0x6e, 0x6b, 0x8e, 0x73, 0xaf, 0x73,
    0xf0, 0x7b, 0xf0, 0x7b, 0xf0, 0x7b, 0x10, 0x7c, 0x10, 0x7c, 0xf0, 0x83,
    0xf0, 0x7b, 0xf0, 0x7b, 0xd0, 0x7b, 0xf0, 0x7b, 0xcf, 0x7b, 0xcf, 0x7b,
    0xcf, 0x7b, 0xcf, 0x73, 0xaf, 0x73, 0x8f, 0x73, 0x8e, 0x73, 0x6e, 0x6b,
    0x4d, 0x6b, 0x2d, 0x6b, 0x2d, 0x63, 0x2d, 0x63, 0x0c, 0x63, 0xec, 0x62,
    0xec, 0x62, 0x2d, 0x63, 0x8e, 0x73, 0xd0, 0x7b, 0x31, 0x84, 0x72, 0x8c,
    0xb3, 0x94, 0xd3, 0x9c, 0xf4, 0xa4, 0x15, 0xa5, 0x35, 0xa5, 0x15, 0xa5,
    0xf4, 0xa4, 0x14, 0xa5, 0xf4, 0x9c, 0xf4, 0x9c, 0x15, 0xa5, 0x35, 0xad,
    0x35, 0xad, 0x35, 0xad, 0x35, 0xad, 0x34, 0xa5, 0x14, 0xad, 0x15, 0xad,
    0x14, 0xa5, 0x15, 0xa5, 0x35, 0xad, 0x55, 0xad, 0x35, 0xa5, 0x14, 0xa5,
    0xf4, 0x9c, 0xb3, 0x94, 0x72, 0x94, 0x93, 0x94, 0xb3, 0x94, 0xd3, 0x9c,
    0x15, 0xa5, 0x35, 0xa5, 0x55, 0xad, 0x55, 0xad, 0x55, 0xad, 0x56, 0xad,
    0x55, 0xad, 0x56, 0xa5, 0x56, 0xad, 0x56, 0xad, 0x35, 0xad, 0x35, 0xa5,
    0x35, 0xa5, 0x15, 0xa5, 0x14, 0xa5, 0xf4, 0x9c, 0xd4, 0x94, 0xd4, 0x94,
    0xd3, 0x94, 0xb3, 0x94, 0xb3, 0x94, 0xb3, 0x94, 0xb4, 0x94, 0xb3, 0x8c,
    0x93, 0x8c, 0x93, 0x8c, 0x93, 0x8c, 0x93, 0x8c, 0x93, 0x8c, 0x92, 0x8c,
    0x92, 0x8c, 0x93, 0x8c, 0x93, 0x8c, 0xb3, 0x94, 0xb3, 0x94, 0xb3, 0x94,
    0xd3, 0x94, 0xb4, 0x94, 0xd3, 0x94, 0xd4, 0x9c, 0xf4, 0x9c, 0x14, 0xa5,
    0x35, 0xa5, 0x35, 0xad, 0x35, 0xad, 0x35, 0xa5, 0x14, 0xa5, 0xd4, 0xa4,
    0xb3, 0x9c, 0x92, 0x94, 0x92, 0x94, 0x93, 0x94, 0x92, 0x94, 0x92, 0x9c,
    0x92, 0x94, 0x72, 0x94, 0x92, 0x9c, 0x93, 0x94, 0x72, 0x94, 0x51, 0x8c,
    0x52, 0x8c, 0x51, 0x8c, 0x72, 0x8c, 0x93, 0x94, 0xb3, 0x94, 0xb3, 0x9c,
    0xf4, 0x9c, 0xf4, 0x9c, 0xb3, 0x9c, 0x92, 0x94, 0x52, 0x8c, 0x52, 0x8c,
    0x51, 0x8c, 0x51, 0x8c, 0x31, 0x8c, 0x10, 0x84, 0xf0, 0x7b, 0xcf, 0x7b,
    0xaf, 0x73, 0x8e, 0x73, 0x6e, 0x6b, 0x4e, 0x6b, 0x2d, 0x63, 0x0d, 0x63,
    0xec, 0x5a, 0xec, 0x5a, 0xeb, 0x5a, 0xcb, 0x5a, 0xcb, 0x5a, 0xcb, 0x52,
    0xab, 0x5a, 0xab, 0x52, 0xab, 0x52, 0x8b, 0x52, 0x8a, 0x52, 0x8a, 0x52,
    0x8a, 0x52, 0x8a, 0x52, 0x8b, 0x52, 0x8a, 0x52, 0x8a, 0x52, 0x8a, 0x52,
    0x8a, 0x52, 0x8a, 0x52, 0x6a, 0x52, 0x6a, 0x52, 0x6a, 0x4a, 0x8a, 0x52,
    0x6a, 0x52, 0x6a, 0x52, 0x8a, 0x52, 0x8a, 0x52, 0xab, 0x52, 0xec, 0x5a,
    0x2d, 0x63, 0x4e, 0x6b, 0x8e, 0x73, 0xaf, 0x73, 0xaf, 0x73, 0xd0, 0x7b,
    0xf0, 0x7b, 0x10, 0x7c, 0x11, 0x84, 0x10, 0x84, 0x11, 0x84, 0x10, 0x7c,
    0xf0, 0x7b, 0xf0, 0x7b, 0xf0, 0x7b, 0xd0, 0x7b, 0xcf, 0x7b, 0xd0, 0x7b,
    0xcf, 0x73, 0xaf, 0x73, 0x8f, 0x73, 0x8e, 0x73, 0x6e, 0x73, 0x4e, 0x6b,
    0x4d, 0x6b, 0x2d, 0x63, 0x0d, 0x63, 0x0c, 0x63, 0x0c, 0x63, 0x0c, 0x63,
    0x4d, 0x6b, 0xaf, 0x73, 0xf0, 0x83, 0x51, 0x8c, 0x72, 0x94, 0xb3, 0x94,
    0xf4, 0x9c, 0x14, 0xa5, 0x35, 0xa5, 0x35, 0xad, 0x55, 0xad, 0x35, 0xa5,
    0x14, 0xa5, 0xf4, 0x9c, 0xf4, 0x9c, 0xf4, 0xa4, 0xf4, 0xa4, 0x35, 0xad,
    0x35, 0xa5, 0x34, 0xa5, 0x15, 0xa5, 0x14, 0xa5, 0x14, 0xa5, 0x15, 0xad,
    0x14, 0xa5, 0x14, 0xa5, 0x15, 0xa5, 0x35, 0xa5, 0x14, 0xa5, 0xf4, 0xa4,
    0xd3, 0x9c, 0xb3, 0x94, 0xb3, 0x94, 0xb3, 0x94, 0xb3, 0x94, 0xd4, 0x9c,
    0xf4, 0x9c, 0x14, 0xa5, 0x35, 0xa5, 0x56, 0xa5, 0x55, 0xa5, 0x35, 0xad,
    0x56, 0xad, 0x55, 0xad, 0x56, 0xa5, 0x55, 0xad, 0x55, 0xad, 0x35, 0xa5,
    0x35, 0xa5, 0x15, 0xa5, 0xf4, 0x9c, 0xf4, 0x9c, 0xd4, 0x94, 0xb3, 0x94,
    0xb3, 0x94, 0xb3, 0x94, 0xb3, 0x94, 0xb3, 0x94, 0xb3, 0x94, 0xb3, 0x8c,
    0x93, 0x8c, 0x93, 0x94, 0x93, 0x8c, 0x93, 0x8c, 0x93, 0x8c, 0x93, 0x8c,
    0x93, 0x8c, 0xb3, 0x8c, 0xb3, 0x94, 0xb3, 0x94, 0xd4, 0x94, 0xb4, 0x94,
    0xd4, 0x94, 0xd3, 0x94, 0xb4, 0x94, 0xd4, 0x94, 0xf4, 0x9c, 0x14, 0x9d,
    0x35, 0xa5, 0x35, 0xa5, 0x55, 0xa5, 0x35, 0xa5, 0x15, 0xa5, 0xf4, 0xa4,
    0xd3, 0x9c, 0xb3, 0x94, 0x93, 0x9c, 0x92, 0x9c, 0x92, 0x9c, 0x92, 0x94,
    0x92, 0x94, 0x92, 0x94, 0x92, 0x94, 0x93, 0x94, 0x92, 0x94, 0x72, 0x8c,
    0x72, 0x94, 0x51, 0x8c, 0x52, 0x8c, 0xb3, 0x94, 0xb3, 0x9c, 0xd3, 0x9c,
    0x14, 0xa5, 0xf4, 0x9c, 0xb3, 0x94, 0x92, 0x94, 0x72, 0x8c, 0x51, 0x8c,
    0x31, 0x84, 0x31, 0x84, 0x10, 0x84, 0xf0, 0x83, 0xcf, 0x7b, 0xaf, 0x73,
    0x8e, 0x73, 0x6e, 0x73, 0x4e, 0x6b, 0x4d, 0x63, 0x2d, 0x63, 0xec, 0x62,
    0xec, 0x5a, 0xcc, 0x5a, 0xcc, 0x5a, 0xeb, 0x5a, 0xcb, 0x5a, 0xcb, 0x5a,
    0xcb, 0x52, 0xab, 0x52, 0xab, 0x52, 0xab, 0x52, 0x8b, 0x52, 0x8a, 0x52,
    0xab, 0x52, 0x8b, 0x52, 0x8a, 0x52, 0x8b, 0x52, 0x8a, 0x52, 0x8a, 0x52,
    0x8a, 0x52, 0x8a, 0x52, 0x8a, 0x52, 0x6a, 0x4a, 0x6a, 0x52, 0x6a, 0x4a,
    0x69, 0x4a, 0x6a, 0x52, 0x8a, 0x52, 0xab, 0x52, 0xec, 0x5a, 0x2d, 0x63,
    0x6e, 0x6b, 0x8e, 0x73, 0xaf, 0x73, 0xd0, 0x7b, 0xf0, 0x7b, 0xf0, 0x7b,
    0x10, 0x7c, 0x11, 0x84, 0x11, 0x84, 0x10, 0x7c, 0xf0, 0x7b, 0x11, 0x84,
    0xf0, 0x7b, 0xf0, 0x7b, 0xf0, 0x7b, 0xcf, 0x7b, 0xcf, 0x7b, 0xaf, 0x73,
    0xaf, 0x73, 0x8f, 0x73, 0x8e, 0x73, 0x6e, 0x6b, 0x4e, 0x6b, 0x4d, 0x6b,
    0x2d, 0x63, 0x0c, 0x63, 0x0c, 0x63, 0xec, 0x62, 0x0d, 0x63, 0x6e, 0x6b,
    0xcf, 0x7b, 0x11, 0x84, 0x52, 0x8c, 0x92, 0x94, 0xd3, 0x9c, 0xf4, 0x9c,
    0x15, 0xa5, 0x35, 0xa5, 0x55, 0xad, 0x55, 0xad, 0x55, 0xa5, 0x55, 0xad,
    0x35, 0xa5, 0x14, 0xa5, 0xf4, 0xa4, 0xf4, 0x9c, 0xf4, 0xa4, 0x14, 0xa5,
    0x35, 0xa5, 0x15, 0xad, 0x14, 0xad, 0x14, 0xad, 0x14, 0xa5, 0x14, 0xa5,
    0x15, 0xad, 0x14, 0xad, 0x35, 0xa5, 0x35, 0xad, 0x15, 0xa5, 0xf4, 0x9c,
    0xd3, 0x9c, 0xb3, 0x94, 0xb3, 0x94, 0x72, 0x94, 0x52, 0x8c, 0xd3, 0x9c,
    0xf4, 0x9c, 0x14, 0xa5, 0x35, 0xa5, 0x35, 0xad, 0x56, 0xad, 0x55, 0xad,
    0x55, 0xa5, 0x55, 0xad, 0x55, 0xad, 0x55, 0xa5, 0x35, 0xa5, 0x35, 0xa5,
    0x35, 0xa5, 0x15, 0xa5, 0xf4, 0x9c, 0xd4, 0x9c, 0xd4, 0x94, 0xb3, 0x94,
    0xb3, 0x94, 0xb3, 0x8c, 0xb3, 0x94, 0xb3, 0x94, 0xb3, 0x8c, 0xb3, 0x94,
    0x93, 0x8c, 0x93, 0x8c, 0x93, 0x8c, 0x93, 0x8c, 0xb3, 0x8c, 0x93, 0x94,
    0xb3, 0x94, 0xb3, 0x94, 0xb3, 0x94, 0xb3, 0x94, 0xd4, 0x94, 0xd4, 0x94,
    0xb3, 0x94, 0xb3, 0x94, 0xb3, 0x94, 0xd3, 0x94, 0xd4, 0x9c, 0xf4, 0x9c,
    0x15, 0xa5, 0x35, 0xa5, 0x55, 0xad, 0x35, 0xa5, 0x35, 0xa5, 0x14, 0xa5,
    0xd3, 0x9c, 0xb3, 0x9c, 0xb2, 0x94, 0x92, 0x94, 0x92, 0x94, 0x93, 0x94,
    0x93, 0x94, 0x92, 0x94, 0x92, 0x94, 0x93, 0x9c, 0x92, 0x94, 0x72, 0x94,
    0x93, 0x94, 0x72, 0x8c, 0x11, 0x84, 0x92, 0x94, 0xd3, 0x9c, 0xf4, 0x9c,
    0xf4, 0x9c, 0xd4, 0x9c, 0xb3, 0x94, 0x72, 0x8c, 0x31, 0x84, 0x31, 0x84,
    0x31, 0x84, 0x11, 0x84, 0x10, 0x84, 0xcf, 0x7b, 0xaf, 0x73, 0x8e, 0x73,
    0x6e, 0x6b, 0x4e, 0x6b, 0x4d, 0x6b, 0x2d, 0x63, 0x0c, 0x5b, 0xec, 0x5a,
    0xec, 0x5a, 0xcc, 0x5a, 0xec, 0x5a, 0xec, 0x5a, 0xcc, 0x5a, 0xcc, 0x52,
    0xcb, 0x5a, 0xab, 0x52, 0xab, 0x5a, 0xab, 0x52, 0x8b, 0x52, 0x8a, 0x52,
    0x8b, 0x52, 0x8a, 0x52, 0xaa, 0x52, 0x8a, 0x52, 0x8a, 0x52, 0x8a, 0x52,
    0x8a, 0x52, 0x8a, 0x52, 0x8a, 0x52, 0x6a, 0x52, 0x6a, 0x52, 0x69, 0x52,
    0x6a, 0x52, 0x8a, 0x52, 0xcb, 0x5a, 0x0c, 0x63, 0x2d, 0x6b, 0x6e, 0x6b,
    0x8f, 0x73, 0xcf, 0x73, 0xf0, 0x7b, 0x10, 0x7c, 0x11, 0x84, 0x10, 0x84,
    0x10, 0x84, 0x11, 0x84, 0x30, 0x84, 0x10, 0x7c, 0x10, 0x7c, 0xf0, 0x83,
    0x10, 0x7c, 0xf0, 0x7b, 0xf0, 0x7b, 0xcf, 0x7b, 0xaf, 0x73, 0x8f, 0x73,
    0x8e, 0x73, 0x6e, 0x73, 0x6e, 0x6b, 0x4e, 0x6b, 0x2d, 0x6b, 0x2d, 0x63,
    0x0c, 0x63, 0xec, 0x62, 0xec, 0x62, 0x2d, 0x63, 0x6e, 0x73, 0xf0, 0x7b,
    0x31, 0x84, 0x72, 0x8c, 0x93, 0x94, 0xd3, 0x9c, 0xf4, 0x9c, 0x15, 0xa5,
    0x35, 0xa5, 0x55, 0xad, 0x55, 0xad, 0x56, 0xad, 0x35, 0xad, 0x35, 0xa5,
    0x35, 0xad, 0x35, 0xad, 0x14, 0xa5, 0xf4, 0xa4, 0xf4, 0x9c, 0xf4, 0xa4,
    0x14, 0xad, 0x14, 0xa5, 0x14, 0xad, 0x15, 0xa5, 0x14, 0xad, 0x14, 0xa5,
    0x14, 0xa5, 0x15, 0xad, 0x14, 0xad, 0x35, 0xad, 0x35, 0xa5, 0x35, 0xa5,
    0x14, 0xa5, 0xd4, 0x9c, 0x92, 0x94, 0x31, 0x84, 0x31, 0x84, 0x52, 0x8c,
    0xd3, 0x94, 0x15, 0xa5, 0x55, 0xad, 0x55, 0xad, 0x55, 0xad, 0x56, 0xa5,
    0x55, 0xad, 0x56, 0xad, 0x56, 0xad, 0x56, 0xad, 0x35, 0xa5, 0x35, 0xa5,
    0x15, 0xa5, 0x15, 0xa5, 0xf4, 0x9c, 0xd4, 0x94, 0xd3, 0x94, 0xb3, 0x94,
    0x93, 0x8c, 0x93, 0x8c, 0xb3, 0x94, 0xb3, 0x8c, 0xb3, 0x94, 0xb3, 0x94,
    0xb3, 0x94, 0xb3, 0x8c, 0xb3, 0x94, 0xb3, 0x94, 0xb3, 0x94, 0xb3, 0x94,
    0xb3, 0x94, 0xb3, 0x94, 0xb3, 0x94, 0xb3, 0x94, 0xb3, 0x94, 0xb3, 0x94,
    0xb3, 0x94, 0xb3, 0x8c, 0x93, 0x8c, 0xb3, 0x94, 0xd4, 0x94, 0xf4, 0x9c,
    0x14, 0xa5, 0x35, 0xa5, 0x35, 0xad, 0x36, 0xa5, 0x35, 0xa5, 0x14, 0xa5,
    0xf4, 0xa4, 0xb3, 0x9c, 0xb3, 0x9c, 0xb3, 0x94, 0x93, 0x94, 0x92, 0x94,
    0x92, 0x9c, 0x92, 0x94, 0x92, 0x94, 0x93, 0x94, 0x93, 0x9c, 0x92, 0x94,
    0x93, 0x94, 0x93, 0x94, 0x51, 0x8c, 0x51, 0x8c, 0x93, 0x94, 0xf4, 0x9c,
    0xf4, 0x9c, 0xb3, 0x9c, 0x92, 0x94, 0x72, 0x8c, 0x31, 0x84, 0x10, 0x7c,
    0xf0, 0x7b, 0xf0, 0x7b, 0xf0, 0x7b, 0xcf, 0x7b, 0x8f, 0x73, 0x6e, 0x6b,
    0x4e, 0x6b, 0x4d, 0x6b, 0x2d, 0x63, 0xec, 0x62, 0xec, 0x5a, 0xec, 0x5a,
    0xcc, 0x5a, 0xeb, 0x5a, 0xcb, 0x5a, 0xcb, 0x5a, 0xcb, 0x5a, 0xcb, 0x52,
    0xcb, 0x52, 0xcb, 0x5a, 0xcb, 0x52, 0xab, 0x5a, 0xab, 0x52, 0xab, 0x52,
    0x8a, 0x52, 0x8b, 0x52, 0x8b, 0x52, 0x8a, 0x52, 0x8a, 0x52, 0x8b, 0x52,
    0x8a, 0x52, 0x8a, 0x52, 0x8a, 0x52, 0x8a, 0x52, 0x6a, 0x4a, 0x6a, 0x52,
    0x8a, 0x52, 0xcb, 0x5a, 0x0c, 0x63, 0x4d, 0x6b, 0x6e, 0x6b, 0xaf, 0x73,
    0xcf, 0x7b, 0xf0, 0x7b, 0x10, 0x7c, 0x31, 0x84, 0x31, 0x84, 0x11, 0x84,
    0x11, 0x84, 0x11, 0x84, 0x11, 0x7c, 0x10, 0x84, 0x10, 0x7c, 0xf0, 0x7b,
    0xf0, 0x7b, 0xf0, 0x7b, 0xf0, 0x7b, 0xaf, 0x73, 0x8f, 0x73, 0x8e, 0x73,
    0x6e, 0x6b, 0x6e, 0x6b, 0x4d, 0x6b, 0x2d, 0x63, 0x2d, 0x63, 0x0d, 0x63,
    0x0c, 0x63, 0xec, 0x62, 0x2d, 0x63, 0xaf, 0x73, 0xf0, 0x7b, 0x31, 0x8c,
    0x72, 0x94, 0xb3, 0x94, 0xd4, 0x9c, 0xf4, 0xa4, 0x35, 0xa5, 0x35, 0xa5,
    0x55, 0xad, 0x55, 0xad, 0x35, 0xad, 0x35, 0xad, 0x55, 0xa5, 0x35, 0xad,
    0x35, 0xad, 0x35, 0xa5, 0x35, 0xa5, 0x14, 0xad, 0xf4, 0xa4, 0xf4, 0xa4,
    0x14, 0xad, 0x14, 0xa5, 0x14, 0xa5, 0x14, 0xa5, 0x14, 0xa5, 0x14, 0xad,
    0xf4, 0xa4, 0x14, 0xa5, 0x15, 0xa5, 0x14, 0xa5, 0x35, 0xa5, 0x35, 0xad,
    0x35, 0xa5, 0x15, 0xa5, 0xd3, 0x9c, 0x72, 0x8c, 0x72, 0x8c, 0x51, 0x8c,
    0x92, 0x94, 0xd4, 0x9c, 0x14, 0xa5, 0x35, 0xa5, 0x56, 0xad, 0x55, 0xad,
    0x36, 0xad, 0x56, 0xad, 0x55, 0xa5, 0x55, 0xad, 0x35, 0xad, 0x35, 0xa5,
    0x15, 0xa5, 0x14, 0x9d, 0xf4, 0x9c, 0xd4, 0x94, 0xb3, 0x94, 0xb3, 0x94,
    0x93, 0x8c, 0x93, 0x8c, 0x93, 0x8c, 0xb3, 0x94, 0xb3, 0x94, 0xb3, 0x94,
    0xb3, 0x8c, 0xb3, 0x94, 0xb3, 0x94, 0xb3, 0x94, 0xd4, 0x94, 0xd4, 0x94,
    0xd4, 0x94, 0xd3, 0x94, 0xb3, 0x94, 0xb4, 0x94, 0xb3, 0x94, 0xb3, 0x94,
    0xb3, 0x94, 0x93, 0x8c, 0x93, 0x8c, 0x93, 0x8c, 0xb3, 0x94, 0xd4, 0x9c,
    0x14, 0x9d, 0x35, 0xa5, 0x35, 0xa5, 0x55, 0xad, 0x35, 0xa5, 0x15, 0xa5,
    0xf4, 0xa4, 0xd3, 0x9c, 0xb3, 0x9c, 0xb3, 0x94, 0xb3, 0x9c, 0xb2, 0x94,
    0x93, 0x94, 0xb3, 0x9c, 0x92, 0x94, 0x92, 0x94, 0x93, 0x94, 0x92, 0x94,
    0x92, 0x94, 0xb3, 0x9c, 0x72, 0x8c, 0x52, 0x8c, 0xb3, 0x94, 0xb3, 0x94,
    0xf4, 0x9c, 0xb3, 0x94, 0x72, 0x8c, 0x31, 0x84, 0x10, 0x84, 0xf0, 0x7b,
    0xcf, 0x73, 0xaf, 0x73, 0xaf, 0x73, 0x8f, 0x73, 0x8e, 0x73, 0x6e, 0x6b,
    0x4d, 0x63, 0x2d, 0x63, 0x0c, 0x63, 0xec, 0x5a, 0xec, 0x5a, 0xec, 0x5a,
    0xcc, 0x5a, 0xcc, 0x5a, 0xcb, 0x5a, 0xcc, 0x5a, 0xcc, 0x5a, 0xcb, 0x5a,
    0xcb, 0x5a, 0xcc, 0x5a, 0xcb, 0x52, 0xcb, 0x52, 0xab, 0x52, 0xab, 0x52,
    0xab, 0x52, 0x8a, 0x52, 0x8b, 0x52, 0x8b, 0x52, 0x8a, 0x52, 0x8a, 0x52,
    0x8a, 0x52, 0x8b, 0x52, 0x8a, 0x52, 0x8a, 0x52, 0x8a, 0x52, 0xab, 0x52,
    0xcb, 0x5a, 0x0c, 0x63, 0x4e, 0x6b, 0x8e, 0x73, 0xaf, 0x73, 0xd0, 0x7b,
    0xf0, 0x7b, 0x10, 0x84, 0x31, 0x84, 0x31, 0x84, 0x31, 0x84, 0x31, 0x84,
    0x31, 0x84, 0x11, 0x84, 0x10, 0x84, 0x11, 0x84, 0x11, 0x84, 0xf0, 0x7b,
    0xd0, 0x7b, 0xd0, 0x7b, 0xcf, 0x73, 0xaf, 0x73, 0x8e, 0x73, 0x6e, 0x6b,
    0x4e, 0x6b, 0x2d, 0x6b, 0x2d, 0x63, 0x0d, 0x63, 0x0c, 0x63, 0xec, 0x62,
    0x0c, 0x63, 0x6e, 0x6b, 0xaf, 0x7b, 0x10, 0x84, 0x51, 0x8c, 0x92, 0x94,
    0xb3, 0x94, 0xf4, 0x9c, 0x14, 0xa5, 0x35, 0xa5, 0x35, 0xa5, 0x35, 0xad,
    0x55, 0xad, 0x55, 0xad, 0x35, 0xad, 0x35, 0xa5, 0x35, 0xad, 0x35, 0xad,
    0x35, 0xa5, 0x35, 0xad, 0x14, 0xad, 0x14, 0xad, 0x15, 0xa5, 0x14, 0xa5,
    0x14, 0xad, 0x14, 0xa5, 0xf4, 0xa4, 0x14, 0xad, 0x14, 0xa5, 0xf5, 0xac,
    0x14, 0xad, 0x14, 0xa5, 0x15, 0xa5, 0x15, 0xad, 0x35, 0xad, 0x34, 0xa5,
    0x14, 0xa5, 0x15, 0xa5, 0x14, 0xa5, 0xd4, 0x9c, 0xd4, 0x9c, 0xb3, 0x94,
    0x93, 0x94, 0x93, 0x94, 0xb3, 0x94, 0x15, 0xa5, 0x55, 0xad, 0x55, 0xad,
    0x55, 0xa5, 0x55, 0xad, 0x55, 0xad, 0x55, 0xa5, 0x35, 0xa5, 0x35, 0xa5,
    0x15, 0xa5, 0x14, 0x9d, 0xf4, 0x9c, 0xd4, 0x94, 0xb3, 0x94, 0xb3, 0x94,
    0x93, 0x8c, 0x93, 0x8c, 0x93, 0x8c, 0xb3, 0x94, 0xb3, 0x94, 0xb3, 0x94,
    0xd3, 0x94, 0xb4, 0x94, 0xb3, 0x94, 0xd3, 0x94, 0xd4, 0x94, 0xd4, 0x94,
    0xd4, 0x9c, 0xd4, 0x9c, 0xd4, 0x94, 0xb3, 0x94, 0xb3, 0x94, 0xb3, 0x8c,
    0x93, 0x94, 0x93, 0x8c, 0x93, 0x8c, 0x92, 0x8c, 0xb3, 0x94, 0xd4, 0x9c,
    0xf4, 0x9c, 0x35, 0xa5, 0x35, 0xad, 0x55, 0xad, 0x35, 0xa5, 0x15, 0xa5,
    0x14, 0xa5, 0xf4, 0x9c, 0xb3, 0x9c, 0xb3, 0x94, 0xb3, 0x9c, 0xb3, 0x9c,
    0xb3, 0x9c, 0xb3, 0x94, 0xb3, 0x9c, 0xb3, 0x94, 0x92, 0x94, 0x93, 0x94,
    0x92, 0x94, 0x93, 0x94, 0x93, 0x94, 0x51, 0x8c, 0x72, 0x94, 0x72, 0x8c,
    0xb3, 0x94, 0x93, 0x94, 0x72, 0x8c, 0x31, 0x84, 0xcf, 0x7b, 0x8f, 0x73,
    0x8e, 0x73, 0x8f, 0x73, 0x8f, 0x73, 0x8e, 0x6b, 0x6e, 0x6b, 0x4d, 0x63,
    0x0d, 0x63, 0x0d, 0x63, 0xec, 0x5a, 0xec, 0x5a, 0xec, 0x5a, 0xec, 0x5a,
    0xec, 0x5a, 0xcc, 0x5a, 0xcb, 0x5a, 0xcb, 0x5a, 0xec, 0x5a, 0xeb, 0x52,
    0xcc, 0x5a, 0xcb, 0x5a, 0xcb, 0x5a, 0xcb, 0x52, 0xcb, 0x5a, 0xab, 0x52,
    0xab, 0x52, 0xaa, 0x52, 0x8a, 0x52, 0x8b, 0x52, 0x8a, 0x52, 0x8a, 0x52,
    0x8a, 0x52, 0x8a, 0x52, 0x8a, 0x52, 0x8a, 0x52, 0xab, 0x5a, 0xec, 0x5a,
    0x2d, 0x63, 0x6d, 0x6b, 0x8e, 0x73, 0xaf, 0x73, 0xef, 0x7b, 0xf0, 0x83,
    0x31, 0x84, 0x31, 0x84, 0x31, 0x84, 0x31, 0x84, 0x31, 0x84, 0x31, 0x84,
    0x31, 0x84, 0x10, 0x84, 0x10, 0x84, 0x10, 0x7c, 0x10, 0x7c, 0xf0, 0x7b,
    0xd0, 0x7b, 0xcf, 0x7b, 0xaf, 0x73, 0x8f, 0x73, 0x6e, 0x6b, 0x4e, 0x6b,
    0x2d, 0x63, 0x2d, 0x63, 0x0c, 0x63, 0x0c, 0x63, 0xec, 0x5a, 0x2d, 0x63,
    0x6e, 0x73, 0xf0, 0x7b, 0x31, 0x84, 0x52, 0x8c, 0x93, 0x94, 0xd3, 0x9c,
    0xf4, 0x9c, 0x14, 0xa5, 0x35, 0xa5, 0x55, 0xad, 0x55, 0xad, 0x55, 0xad,
    0x35, 0xa5, 0x35, 0xa5, 0x35, 0xa5, 0x35, 0xa5, 0x35, 0xad, 0x35, 0xa5,
    0x14, 0xa5, 0x14, 0xa5, 0x15, 0xa5, 0x14, 0xa5, 0x14, 0xad, 0x14, 0xa5,
    0xf4, 0xa4, 0x14, 0xa5, 0x15, 0xad, 0x14, 0xad, 0xf4, 0xa4, 0x14, 0xa5,
    0x14, 0xa5, 0x14, 0xad, 0x14, 0xad, 0x14, 0xad, 0x15, 0xa5, 0x14, 0xa5,
    0x14, 0xa5, 0x14, 0xa5, 0x14, 0xa5, 0xf4, 0x9c, 0xf4, 0x9c, 0xd3, 0x9c,
    0xb3, 0x94, 0xb3, 0x94, 0xd4, 0x9c, 0x14, 0x9d, 0x35, 0xa5, 0x55, 0xad,
    0x56, 0xad, 0x55, 0xa5, 0x55, 0xad, 0x56, 0xad, 0x35, 0xa5, 0x35, 0xa5,
    0x15, 0xa5, 0x14, 0x9d, 0xd4, 0x9c, 0xb4, 0x94, 0xb3, 0x94, 0xb3, 0x94,
    0x93, 0x8c, 0x93, 0x8c, 0x92, 0x8c, 0x93, 0x94, 0xb3, 0x94, 0xb3, 0x94,
    0xb3, 0x94, 0xd4, 0x94, 0xd4, 0x94, 0xd4, 0x94, 0xd4, 0x94, 0xd3, 0x94,
    0xd3, 0x94, 0xd4, 0x94, 0xd4, 0x94, 0xd3, 0x94, 0xb3, 0x94, 0xb3, 0x8c,
    0x93, 0x8c, 0x93, 0x8c, 0x92, 0x8c, 0x92, 0x8c, 0xb3, 0x94, 0xd4, 0x9c,
    0x14, 0x9d, 0x15, 0xa5, 0x55, 0xad, 0x56, 0xa5, 0x35, 0xa5, 0x35, 0xa5,
    0x15, 0xa5, 0xf4, 0xa4, 0xd3, 0x9c, 0xb3, 0x9c, 0xb3, 0x94, 0xb3, 0x94,
    0xb3, 0x94, 0xb3, 0x94, 0xb3, 0x94, 0xb3, 0x9c, 0xb3, 0x94, 0x93, 0x94,
    0x92, 0x94, 0x93, 0x94, 0xb3, 0x9c, 0x52, 0x8c, 0x31, 0x8c, 0x11, 0x84,
    0x93, 0x94, 0x92, 0x94, 0x52, 0x8c, 0x31, 0x84, 0xf0, 0x7b, 0x8f, 0x73,
    0x6e, 0x6b, 0x6e, 0x6b, 0x6e, 0x6b, 0x6e, 0x6b, 0x4d, 0x63, 0x0d, 0x63,
    0x0c, 0x63, 0xec, 0x5a, 0xec, 0x5a, 0xec, 0x5a, 0xec, 0x5a, 0xec, 0x5a,
    0xec, 0x5a, 0xec, 0x5a, 0xcc, 0x5a, 0xcc, 0x5a, 0xcc, 0x5a, 0xcb, 0x5a,
    0xcc, 0x5a, 0xcc, 0x5a, 0xcb, 0x52, 0xcb, 0x5a, 0xcc, 0x5a, 0xab, 0x52,
    0xab, 0x52, 0x8b, 0x52, 0xaa, 0x52, 0xaa, 0x52, 0x8b, 0x52, 0x8a, 0x52,
    0x8b, 0x52, 0x8a, 0x52, 0x8b, 0x52, 0xcb, 0x5a, 0x0c, 0x63, 0x4d, 0x6b,
    0x6e, 0x6b, 0xaf, 0x73, 0xcf, 0x7b, 0xd0, 0x7b, 0x10, 0x84, 0x31, 0x84,
    0x31, 0x84, 0x31, 0x8c, 0x31, 0x8c, 0x51, 0x84, 0x31, 0x84, 0x31, 0x84,
    0x31, 0x84, 0x11, 0x84, 0x10, 0x7c, 0xf0, 0x7b, 0xf0, 0x7b, 0xcf, 0x7b,
    0xaf, 0x73, 0xaf, 0x73, 0x8f, 0x73, 0x8e, 0x73, 0x6e, 0x6b, 0x4d, 0x6b,
    0x0d, 0x63, 0x0c, 0x63, 0xec, 0x5a, 0xec, 0x62, 0x4d, 0x6b, 0x8f, 0x73,
    0xf0, 0x7b, 0x31, 0x84, 0x72, 0x94, 0xb3, 0x94, 0xd4, 0x9c, 0xf4, 0xa4,
    0x15, 0xa5, 0x35, 0xa5, 0x55, 0xad, 0x55, 0xad, 0x35, 0xad, 0x35, 0xad,
    0x35, 0xa5, 0x35, 0xad, 0x35, 0xad, 0x35, 0xad, 0x34, 0xa5, 0x35, 0xad,
    0x14, 0xad, 0x14, 0xa5, 0x14, 0xa5, 0x14, 0xad, 0x14, 0xa5, 0x14, 0xa5,
    0x14, 0xad, 0x14, 0xa5, 0x14, 0xa5, 0xf4, 0xa4, 0x14, 0xa5, 0x14, 0xa5,
    0x14, 0xa5, 0xf4, 0xa4, 0x15, 0xa5, 0x14, 0xa5, 0x35, 0xa5, 0x35, 0xa5,
    0x14, 0xa5, 0xf4, 0xa4, 0x14, 0xa5, 0xf4, 0xa4, 0xf4, 0x9c, 0xd3, 0x9c,
    0xb3, 0x94, 0xd4, 0x9c, 0x14, 0xa5, 0x14, 0xa5, 0x35, 0xa5, 0x55, 0xad,
    0x56, 0xad, 0x56, 0xad, 0x56, 0xad, 0x35, 0xad, 0x35, 0xa5, 0x35, 0xa5,
    0x15, 0xa5, 0xf4, 0x9c, 0xd4, 0x9c, 0xd3, 0x94, 0xb3, 0x94, 0xb3, 0x94,
    0x93, 0x8c, 0x73, 0x8c, 0x93, 0x8c, 0x93, 0x8c, 0xb3, 0x94, 0xb3, 0x94,
    0xb3, 0x94, 0xd3, 0x94, 0xd4, 0x94, 0xb3, 0x94, 0xb3, 0x94, 0xb3, 0x94,
    0xb3, 0x94, 0xb3, 0x94, 0xd3, 0x94, 0xb3, 0x94, 0xb3, 0x94, 0x93, 0x8c,
    0x93, 0x8c, 0x93, 0x8c, 0x92, 0x8c, 0x93, 0x8c, 0xb3, 0x94, 0xd4, 0x9c,
    0x14, 0x9d, 0x35, 0xa5, 0x35, 0xa5, 0x55, 0xad, 0x55, 0xad, 0x35, 0xa5,
    0x15, 0xa5, 0x14, 0xa5, 0xd3, 0x9c, 0xb3, 0x9c, 0xb3, 0x9c, 0xb3, 0x9c,
    0xb3, 0x9c, 0xb3, 0x94, 0xb3, 0x9c, 0xb3, 0x94, 0xb3, 0x94, 0xb3, 0x9c,
    0x93, 0x94, 0x92, 0x94, 0xb3, 0x94, 0x92, 0x94, 0x52, 0x8c, 0x51, 0x8c,
    0x92, 0x94, 0x72, 0x8c, 0x51, 0x84, 0x10, 0x84, 0xd0, 0x7b, 0xaf, 0x73,
    0x6e, 0x6b, 0x2d, 0x63, 0x2d, 0x63, 0x2d, 0x63, 0x0d, 0x63, 0x0c, 0x63,
    0x0c, 0x5b, 0xec, 0x5a, 0xec, 0x5a, 0xec, 0x62, 0xec, 0x5a, 0xec, 0x5a,
    0xec, 0x5a, 0xec, 0x5a, 0xec, 0x5a, 0xcb, 0x5a, 0xcb, 0x5a, 0xcc, 0x5a,
    0xec, 0x5a, 0xeb, 0x5a, 0xcb, 0x5a, 0xcc, 0x5a, 0xcb, 0x5a, 0xcb, 0x52,
    0xab, 0x52, 0xab, 0x52, 0x8b, 0x52, 0x8b, 0x52, 0xaa, 0x52, 0x8b, 0x52,
    0x8a, 0x52, 0xab, 0x52, 0xec, 0x5a, 0x2d, 0x63, 0x4d, 0x6b, 0x8e, 0x73,
    0xaf, 0x73, 0xd0, 0x7b, 0xf0, 0x7b, 0x11, 0x84, 0x31, 0x84, 0x31, 0x84,
    0x31, 0x84, 0x31, 0x84, 0x31, 0x84, 0x31, 0x84, 0x31, 0x8c, 0x31, 0x84,
    0x31, 0x84, 0x11, 0x84, 0xf0, 0x7b, 0xf0, 0x7b, 0xd0, 0x7b, 0xaf, 0x73,
    0xaf, 0x73, 0x8f, 0x73, 0x8e, 0x73, 0x6e, 0x6b, 0x4d, 0x6b, 0x2d, 0x63,
    0xec, 0x62, 0xec, 0x5a, 0xec, 0x62, 0x4e, 0x6b, 0xaf, 0x7b, 0x10, 0x84,
    0x52, 0x8c, 0x92, 0x94, 0xb3, 0x94, 0xf4, 0x9c, 0x14, 0xa5, 0x15, 0xa5,
    0x35, 0xa5, 0x55, 0xad, 0x35, 0xad, 0x35, 0xad, 0x35, 0xa5, 0x35, 0xa5,
    0x35, 0xad, 0x35, 0xa5, 0x35, 0xa5, 0x15, 0xa5, 0x15, 0xad, 0x14, 0xa5,
    0x14, 0xa5, 0x14, 0xad, 0x14, 0xad, 0x14, 0xa5, 0xf4, 0xa4, 0x14, 0xa5,
    0x14, 0xad, 0x14, 0xa5, 0xf4, 0xa4, 0x14, 0xa5, 0x14, 0xa5, 0x14, 0xad,
    0xf4, 0xa4, 0x14, 0xa5, 0x15, 0xa5, 0x14, 0xa5, 0x15, 0xad, 0x35, 0xad,
    0x14, 0xa5, 0xf4, 0x9c, 0xf4, 0x9c, 0xf4, 0x9c, 0xd4, 0x9c, 0xd3, 0x9c,
    0xf4, 0x9c, 0xd4, 0x9c, 0xf4, 0xa4, 0x15, 0xa5, 0x15, 0xa5, 0x55, 0xa5,
    0x55, 0xad, 0x55, 0xad, 0x55, 0xa5, 0x56, 0xad, 0x35, 0xa5, 0x35, 0xa5,
    0x15, 0xa5, 0x14, 0xa5, 0xd4, 0x9c, 0xb3, 0x94, 0xb3, 0x94, 0xb3, 0x8c,
    0x93, 0x8c, 0x72, 0x8c, 0x93, 0x8c, 0x93, 0x8c, 0xb3, 0x94, 0xb3, 0x94,
    0xb3, 0x94, 0xb3, 0x94, 0xb3, 0x94, 0xb3, 0x94, 0xb3, 0x94, 0xb3, 0x94,
    0x93, 0x94, 0xb3, 0x94, 0xb3, 0x94, 0xb3, 0x94, 0xb3, 0x94, 0xb3, 0x8c,
    0x93, 0x8c, 0x93, 0x8c, 0x72, 0x8c, 0x93, 0x8c, 0xb3, 0x94, 0xf4, 0x9c,
    0xf4, 0x9c, 0x15, 0xa5, 0x35, 0xad, 0x55, 0xad, 0x35, 0xa5, 0x35, 0xa5,
    0x35, 0xa5, 0x14, 0xa5, 0xd4, 0x9c, 0xd3, 0x9c, 0xb3, 0x9c, 0xb3, 0x94,
    0xb3, 0x9c, 0xb3, 0x9c, 0xb3, 0x9c, 0xb3, 0x94, 0xb3, 0x94, 0xb3, 0x9c,
    0xb3, 0x94, 0x93, 0x94, 0xb3, 0x94, 0xb3, 0x94, 0xb3, 0x94, 0xb3, 0x94,
    0x72, 0x8c, 0x52, 0x8c, 0x31, 0x84, 0x10, 0x7c, 0xaf, 0x73, 0x6e, 0x73,
    0x4d, 0x6b, 0x4d, 0x63, 0x2d, 0x63, 0x0d, 0x63, 0x0c, 0x63, 0xec, 0x5a,
    0xec, 0x5a, 0xec, 0x5a, 0xec, 0x62, 0xec, 0x5a, 0xec, 0x5a, 0xec, 0x5a,
    0xec, 0x5a, 0xec, 0x5a, 0xec, 0x5a, 0xcc, 0x5a, 0xcb, 0x5a, 0xcb, 0x5a,
    0xcb, 0x5a, 0xec, 0x5a, 0xcc, 0x5a, 0xcc, 0x5a, 0xcb, 0x5a, 0xcb, 0x52,
    0xab, 0x5a, 0xab, 0x52, 0xab, 0x52, 0x8a, 0x52, 0x8a, 0x52, 0xab, 0x52,
    0xab, 0x52, 0xec, 0x5a, 0x2d, 0x63, 0x6e, 0x6b, 0xaf, 0x73, 0xcf, 0x7b,
    0xf0, 0x7b, 0x10, 0x84, 0x31, 0x84, 0x51, 0x8c, 0x51, 0x84, 0x31, 0x8c,
    0x31, 0x84, 0x51, 0x84, 0x31, 0x84, 0x31, 0x84, 0x31, 0x84, 0x31, 0x84,
    0x11, 0x84, 0x10, 0x84, 0xf0, 0x7b, 0xcf, 0x7b, 0xaf, 0x73, 0x8f, 0x73,
    0x8f, 0x73, 0x8e, 0x73, 0x6e, 0x6b, 0x4d, 0x6b, 0x2d, 0x63, 0x0c, 0x63,
    0xec, 0x5a, 0x0d, 0x63, 0x6e, 0x6b, 0xcf, 0x7b, 0x11, 0x84, 0x72, 0x8c,
    0x92, 0x94, 0xb3, 0x94, 0xd4, 0x9c, 0x14, 0xa5, 0x35, 0xa5, 0x35, 0xa5,
    0x35, 0xad, 0x35, 0xad, 0x35, 0xa5, 0x35, 0xa5, 0x35, 0xa5, 0x35, 0xad,
    0x35, 0xad, 0x35, 0xa5, 0x14, 0xa5, 0x14, 0xad, 0x14, 0xad, 0x14, 0xa5,
    0x14, 0xa5, 0x14, 0xad, 0x14, 0xa5, 0xf4, 0xa4, 0xf4, 0xa4, 0x14, 0xad,
    0xf4, 0xa4, 0x14, 0xa5, 0x14, 0xa5, 0x14, 0xad, 0x14, 0xa5, 0xf4, 0xa4,
    0x14, 0xad, 0x14, 0xa5, 0x14, 0xad, 0x15, 0xa5, 0x14, 0xa5, 0x35, 0xad,
    0x35, 0xa5, 0xf4, 0x9c, 0x92, 0x94, 0x72, 0x8c, 0x72, 0x8c, 0xb3, 0x94,
    0xf4, 0x9c, 0xf4, 0x9c, 0x14, 0xa5, 0x14, 0xa5, 0x35, 0xa5, 0x55, 0xa5,
    0x56, 0xad, 0x55, 0xa5, 0x35, 0xad, 0x55, 0xad, 0x35, 0xa5, 0x35, 0xa5,
    0x35, 0xa5, 0xf4, 0x9c, 0xd4, 0x9c, 0xb3, 0x94, 0xb3, 0x94, 0x93, 0x8c,
    0x93, 0x8c, 0x92, 0x8c, 0x93, 0x8c, 0x93, 0x94, 0xb3, 0x8c, 0xb3, 0x94,
    0xb3, 0x94, 0xb3, 0x94, 0x93, 0x94, 0xb3, 0x8c, 0xb3, 0x8c, 0x93, 0x8c,
    0x93, 0x8c, 0x93, 0x8c, 0xb3, 0x94, 0xb3, 0x94, 0xb3, 0x94, 0xb3, 0x94,
    0x93, 0x8c, 0x93, 0x8c, 0x72, 0x8c, 0x93, 0x8c, 0xb3, 0x94, 0xd4, 0x9c,
    0x14, 0x9d, 0x15, 0xa5, 0x35, 0xad, 0x55, 0xa5, 0x35, 0xa5, 0x36, 0xad,
    0x35, 0xa5, 0x15, 0xa5, 0xf4, 0x9c, 0xd3, 0x9c, 0xd3, 0x9c, 0xb3, 0x94,
    0xb3, 0x94, 0xd3, 0x9c, 0xd3, 0x94, 0xd3, 0x9c, 0xb3, 0x9c, 0xb3, 0x94,
    0xb3, 0x9c, 0x93, 0x94, 0x93, 0x94, 0xb3, 0x9c, 0xd3, 0x9c, 0xd4, 0x9c,
    0x51, 0x8c, 0x31, 0x84, 0x10, 0x84, 0xf0, 0x7b, 0xaf, 0x73, 0x6e, 0x6b,
    0x2d, 0x63, 0x2d, 0x63, 0x0d, 0x63, 0x0d, 0x63, 0x0c, 0x5b, 0xec, 0x5a,
    0xec, 0x5a, 0xec, 0x62, 0x0c, 0x5b, 0xec, 0x5a, 0xec, 0x5a, 0xec, 0x5a,
    0xec, 0x5a, 0xec, 0x5a, 0xec, 0x5a, 0xec, 0x5a, 0xcc, 0x5a, 0xec, 0x5a,
    0xcc, 0x5a, 0xec, 0x5a, 0xec, 0x5a, 0xcb, 0x5a, 0xcb, 0x5a, 0xcc, 0x52,
    0xcb, 0x52, 0xab, 0x52, 0xab, 0x52, 0xab, 0x52, 0xab, 0x52, 0xcb, 0x5a,
    0x0c, 0x63, 0x4d, 0x6b, 0x6e, 0x6b, 0xaf, 0x73, 0xd0, 0x7b, 0x10, 0x7c,
    0x11, 0x84, 0x31, 0x84, 0x51, 0x8c, 0x51, 0x8c, 0x51, 0x84, 0x31, 0x84,
    0x31, 0x8c, 0x51, 0x84, 0x31, 0x8c, 0x31, 0x84, 0x31, 0x84, 0x11, 0x84,
    0x10, 0x7c, 0xf0, 0x7b, 0xd0, 0x7b, 0xcf, 0x73, 0x8f, 0x73, 0x8e, 0x73,
    0x6e, 0x6b, 0x4e, 0x6b, 0x2d, 0x63, 0x0d, 0x63, 0x0c, 0x63, 0x0c, 0x63,
    0x2d, 0x63, 0x8f, 0x73, 0xf0, 0x7b, 0x31, 0x84, 0x72, 0x8c, 0x93, 0x94,
    0xd3, 0x9c, 0xb3, 0x9c, 0xd3, 0x9c, 0xd4, 0x9c, 0xf4, 0x9c, 0x35, 0xad,
    0x35, 0xad, 0x35, 0xa5, 0x35, 0xa5, 0x35, 0xad, 0x35, 0xad, 0x35, 0xa5,
    0x34, 0xa5, 0x14, 0xad, 0x14, 0xad, 0x14, 0xa5, 0x14, 0xa5, 0x14, 0xa5,
    0x14, 0xad, 0x14, 0xa5, 0xf4, 0xa4, 0xf4, 0xa4, 0x14, 0xad, 0x14, 0xa5,
    0xf4, 0xa4, 0xf4, 0xa4, 0x14, 0xad, 0xf4, 0xa4, 0xf4, 0xa4, 0x14, 0xad,
    0x14, 0xa5, 0x14, 0xa5, 0x14, 0xa5, 0x14, 0xa5, 0x15, 0xad, 0x35, 0xa5,
    0x35, 0xad, 0x35, 0xa5, 0xf4, 0x9c, 0x72, 0x94, 0x11, 0x84, 0x31, 0x8c,
    0xd3, 0x9c, 0xf4, 0x9c, 0xf4, 0x9c, 0xf4, 0xa4, 0x35, 0xa5, 0x55, 0xad,
    0x55, 0xad, 0x56, 0xad, 0x55, 0xad, 0x56, 0xad, 0x55, 0xa5, 0x35, 0xa5,
    0x15, 0xa5, 0x14, 0x9d, 0xd4, 0x9c, 0xb4, 0x94, 0xb3, 0x94, 0xb3, 0x94,
    0x93, 0x8c, 0x92, 0x8c, 0x93, 0x94, 0xb3, 0x94, 0x93, 0x94, 0x93, 0x94,
    0x93, 0x8c, 0xb3, 0x8c, 0x93, 0x8c, 0x93, 0x8c, 0x93, 0x8c, 0x92, 0x8c,
    0x93, 0x8c, 0x93, 0x8c, 0x93, 0x8c, 0xb3, 0x94, 0xb3, 0x94, 0xb3, 0x8c,
    0xb3, 0x8c, 0x93, 0x8c, 0x92, 0x8c, 0x93, 0x94, 0xd3, 0x94, 0xd4, 0x9c,
    0x14, 0x9d, 0x35, 0xa5, 0x35, 0xad, 0x55, 0xad, 0x56, 0xad, 0x55, 0xa5,
    0x35, 0xa5, 0x35, 0xa5, 0xf4, 0xa4, 0xd4, 0x9c, 0xb3, 0x9c, 0xd3, 0x9c,
    0xd4, 0x9c, 0xb3, 0x9c, 0xb3, 0x9c, 0xd4, 0x9c, 0xd3, 0x9c, 0xb3, 0x94,
    0xd4, 0x94, 0xb3, 0x9c, 0xb3, 0x94, 0xb3, 0x9c, 0xd3, 0x9c, 0xd4, 0x9c,
    0x31, 0x84, 0x10, 0x84, 0xf0, 0x7b, 0xaf, 0x73, 0x8f, 0x73, 0x6e, 0x6b,
    0x2d, 0x63, 0x2d, 0x63, 0x0c, 0x63, 0x0c, 0x5b, 0xec, 0x5a, 0xec, 0x5a,
    0xec, 0x5a, 0x0c, 0x5b, 0xec, 0x5a, 0xec, 0x5a, 0x0c, 0x63, 0xec, 0x5a,
    0xec, 0x5a, 0xec, 0x5a, 0xec, 0x5a, 0xec, 0x5a, 0xec, 0x5a, 0xcc, 0x5a,
    0xcb, 0x5a, 0xec, 0x5a, 0xec, 0x5a, 0xcb, 0x5a, 0xcb, 0x5a, 0xcb, 0x5a,
    0xcb, 0x52, 0xab, 0x52, 0xab, 0x52, 0xcb, 0x5a, 0xec, 0x5a, 0x0d, 0x63,
    0x4d, 0x6b, 0x8f, 0x73, 0xcf, 0x73, 0xf0, 0x7b, 0x10, 0x84, 0x31, 0x84,
    0x51, 0x8c, 0x51, 0x8c, 0x52, 0x8c, 0x51, 0x8c, 0x51, 0x8c, 0x51, 0x8c,
    0x31, 0x8c, 0x31, 0x84, 0x31, 0x84, 0x31, 0x84, 0x10, 0x84, 0x10, 0x84,
    0xf0, 0x7b, 0xd0, 0x7b, 0xaf, 0x73, 0xaf, 0x73, 0x8e, 0x6b, 0x6e, 0x6b,
    0x4d, 0x6b, 0x2d, 0x63, 0x2d, 0x63, 0xec, 0x62, 0x0c, 0x63, 0x6e, 0x6b,
    0xcf, 0x7b, 0x11, 0x84, 0x51, 0x8c, 0x72, 0x94, 0xb3, 0x94, 0xd3, 0x9c,
    0xd4, 0x9c, 0xf4, 0x9c, 0xf4, 0x9c, 0xb3, 0x9c, 0x92, 0x94, 0xb3, 0x94,
    0xf4, 0xa4, 0x35, 0xa5, 0x35, 0xa5, 0x35, 0xa5, 0x35, 0xa5, 0x34, 0xa5,
    0x15, 0xad, 0x15, 0xa5, 0x14, 0xa5, 0x14, 0xa5, 0xf4, 0xa4, 0x14, 0xa5,
    0xf4, 0xa4, 0xf4, 0xa4, 0x14, 0xa5, 0x14, 0xa5, 0x14, 0xad, 0xf4, 0xa4,
    0xf4, 0xa4, 0x14, 0xa5, 0x14, 0xad, 0xf4, 0xa4, 0xf4, 0xa4, 0x14, 0xa5,
    0x14, 0xa5, 0x14, 0xad, 0x14, 0xa5, 0x15, 0xad, 0x15, 0xa5, 0x35, 0xa5,
    0x35, 0xa5, 0x35, 0xad, 0x35, 0xa5, 0x34, 0xa5, 0xd4, 0x9c, 0x72, 0x8c,
    0x72, 0x94, 0xd3, 0x9c, 0xf4, 0x9c, 0x14, 0xa5, 0x35, 0xa5, 0x55, 0xad,
    0x56, 0xad, 0x56, 0xad, 0x56, 0xa5, 0x55, 0xad, 0x55, 0xad, 0x35, 0xa5,
    0x15, 0xa5, 0x14, 0x9d, 0xf4, 0x9c, 0xb4, 0x94, 0xb3, 0x94, 0xb3, 0x94,
    0xb3, 0x8c, 0x93, 0x8c, 0x93, 0x94, 0x93, 0x8c, 0x93, 0x8c, 0x93, 0x8c,
    0x93, 0x8c, 0x93, 0x8c, 0x92, 0x8c, 0x93, 0x8c, 0x92, 0x8c, 0x93, 0x8c,
    0x73, 0x8c, 0x92, 0x8c, 0x93, 0x8c, 0xb3, 0x94, 0xb3, 0x94, 0xb3, 0x94,
    0xb3, 0x94, 0x93, 0x94, 0x92, 0x8c, 0xb3, 0x94, 0xd3, 0x94, 0xf4, 0x9c,
    0xf4, 0x9c, 0x15, 0xa5, 0x55, 0xad, 0x35, 0xa5, 0x35, 0xad, 0x55, 0xad,
    0x35, 0xa5, 0x35, 0xa5, 0x14, 0xa5, 0xf4, 0x9c, 0xd3, 0x9c, 0xb3, 0x9c,
    0xd4, 0x9c, 0xd3, 0x9c, 0xb3, 0x94, 0xd4, 0x9c, 0xd4, 0x9c, 0xd3, 0x9c,
    0xd3, 0x9c, 0xd4, 0x9c, 0xd4, 0x9c, 0xf4, 0x9c, 0xd4, 0x9c, 0xd3, 0x9c,
    0x10, 0x7c, 0xf0, 0x7b, 0xaf, 0x73, 0x8f, 0x73, 0x6e, 0x6b, 0x4d, 0x63,
    0x2d, 0x63, 0x0d, 0x63, 0x0c, 0x5b, 0xec, 0x62, 0xec, 0x5a, 0xec, 0x5a,
    0x0c, 0x63, 0xed, 0x62, 0xec, 0x5a, 0xec, 0x5a, 0xec, 0x5a, 0xec, 0x5a,
    0xec, 0x5a, 0x0d, 0x63, 0xec, 0x62, 0xec, 0x5a, 0xec, 0x5a, 0xec, 0x5a,
    0xec, 0x5a, 0xcb, 0x5a, 0xcc, 0x5a, 0xec, 0x5a, 0xec, 0x5a, 0xcb, 0x5a,
    0xcb, 0x5a, 0xcb, 0x5a, 0xcc, 0x5a, 0x0c, 0x63, 0x2d, 0x63, 0x6e, 0x6b,
    0xaf, 0x73, 0xcf, 0x7b, 0xf0, 0x7b, 0x31, 0x84, 0x31, 0x84, 0x52, 0x8c,
    0x72, 0x8c, 0x72, 0x8c, 0x72, 0x8c, 0x51, 0x8c, 0x51, 0x8c, 0x52, 0x84,
    0x31, 0x84, 0x31, 0x84, 0x31, 0x84, 0x10, 0x84, 0x10, 0x84, 0xf0, 0x7b,
    0xcf, 0x7b, 0xaf, 0x73, 0x8f, 0x73, 0x8e, 0x73, 0x6e, 0x6b, 0x2d, 0x63,
    0x0d, 0x63, 0x0d, 0x63, 0x0c, 0x63, 0x2d, 0x63, 0x6e, 0x6b, 0xd0, 0x7b,
    0x31, 0x84, 0x52, 0x8c, 0x92, 0x94, 0xb3, 0x94, 0xd4, 0x9c, 0xf4, 0xa4,
    0x14, 0xa5, 0xf4, 0x9c, 0x14, 0xa5, 0xf4, 0x9c, 0xb3, 0x94, 0x72, 0x8c,
    0x72, 0x8c, 0xb3, 0x9c, 0xf4, 0xa4, 0x35, 0xa5, 0x35, 0xa5, 0x15, 0xad,
    0x14, 0xa5, 0x15, 0xa5, 0x14, 0xa5, 0x14, 0xad, 0x14, 0xa5, 0x14, 0xad,
    0xf4, 0xac, 0x14, 0xa5, 0xf4, 0xa4, 0xf4, 0xac, 0xf4, 0xa4, 0xf4, 0xa4,
    0x14, 0xad, 0x14, 0xa5, 0xf4, 0xa4, 0x14, 0xa5, 0x14, 0xa5, 0x14, 0xad,
    0xf4, 0xa4, 0x14, 0xa5, 0x14, 0xad, 0x15, 0xa5, 0x35, 0xa5, 0x34, 0xad,
    0x35, 0xad, 0x35, 0xa5, 0x35, 0xad, 0x55, 0xa5, 0x55, 0xad, 0x35, 0xa5,
    0xf4, 0x9c, 0xf4, 0x9c, 0x15, 0xa5, 0x35, 0xa5, 0x55, 0xad, 0x56, 0xad,
    0x55, 0xad, 0x56, 0xa5, 0x55, 0xad, 0x55, 0xad, 0x56, 0xad, 0x35, 0xa5,
    0x35, 0xa5, 0x14, 0xa5, 0xf4, 0x9c, 0xb3, 0x94, 0xb3, 0x94, 0xb3, 0x94,
    0x93, 0x94, 0x93, 0x8c, 0x93, 0x8c, 0x93, 0x8c, 0x92, 0x8c, 0x93, 0x8c,
    0x93, 0x8c, 0x92, 0x8c, 0x72, 0x8c, 0x93, 0x8c, 0x93, 0x8c, 0x72, 0x8c,
    0x92, 0x8c, 0x72, 0x8c, 0x93, 0x8c, 0xb3, 0x8c, 0xb3, 0x94, 0xb3, 0x94,
    0xb3, 0x94, 0x93, 0x94, 0x93, 0x8c, 0xb3, 0x94, 0xd4, 0x9c, 0xf4, 0x9c,
    0x14, 0xa5, 0x35, 0xa5, 0x35, 0xad, 0x55, 0xa5, 0x36, 0xa5, 0x35, 0xa5,
    0x35, 0xad, 0x35, 0xa5, 0x15, 0xa5, 0xf4, 0xa4, 0xd4, 0x9c, 0xb3, 0x9c,
    0xd3, 0x94, 0xd3, 0x9c, 0xd4, 0x9c, 0xd3, 0x9c, 0xd3, 0x9c, 0xd4, 0x9c,
    0xd3, 0x9c, 0xd4, 0x9c, 0xd3, 0x9c, 0xf4, 0x9c, 0xf4, 0xa4, 0xf4, 0x9c,
    0xf0, 0x7b, 0xcf, 0x7b, 0x8f, 0x73, 0x6e, 0x6b, 0x4d, 0x63, 0x2d, 0x63,
    0x0d, 0x63, 0xec, 0x62, 0xec, 0x5a, 0xec, 0x5a, 0xec, 0x5a, 0xec, 0x5a,
    0xec, 0x5a, 0xec, 0x5a, 0x0c, 0x5b, 0xec, 0x62, 0xec, 0x5a, 0xec, 0x5a,
    0xec, 0x62, 0xec, 0x5a, 0xec, 0x5a, 0xec, 0x5a, 0xec, 0x5a, 0xec, 0x5a,
    0xec, 0x5a, 0xcb, 0x5a, 0xcc, 0x5a, 0xec, 0x5a, 0xcb, 0x5a, 0xcc, 0x5a,
    0xcc, 0x5a, 0xec, 0x5a, 0x2d, 0x63, 0x4e, 0x6b, 0x8e, 0x73, 0xaf, 0x73,
    0xf0, 0x7b, 0x10, 0x84, 0x31, 0x84, 0x52, 0x8c, 0x72, 0x8c, 0x72, 0x8c,
    0x72, 0x8c, 0x72, 0x8c, 0x72, 0x8c, 0x52, 0x8c, 0x51, 0x8c, 0x51, 0x84,
    0x31, 0x84, 0x31, 0x84, 0x10, 0x84, 0xf0, 0x83, 0xf0, 0x7b, 0xcf, 0x73,
    0xaf, 0x73, 0x8f, 0x73, 0x6e, 0x6b, 0x4e, 0x6b, 0x4d, 0x6b, 0x0d, 0x63,
    0xec, 0x5a, 0xec, 0x5a, 0x2d, 0x6b, 0xaf, 0x73, 0xf0, 0x7b, 0x31, 0x84,
    0x72, 0x8c, 0x93, 0x94, 0xd3, 0x9c, 0xf4, 0x9c, 0x14, 0xa5, 0x14, 0xa5,
    0x15, 0xa5, 0x14, 0xa5, 0xf4, 0xa4, 0xf4, 0x9c, 0xd3, 0x9c, 0xb3, 0x94,
    0x93, 0x94, 0xb3, 0x94, 0xd3, 0x9c, 0x14, 0xa5, 0x15, 0xa5, 0x34, 0xa5,
    0x14, 0xa5, 0x14, 0xa5, 0x14, 0xad, 0xf4, 0xa4, 0xf4, 0xa4, 0xf4, 0xa4,
    0xf4, 0xa4, 0x14, 0xad, 0x14, 0xa5, 0xf4, 0xa4, 0x14, 0xa5, 0x14, 0xa5,
    0xf4, 0xa4, 0xf4, 0xac, 0x14, 0xa5, 0xf4, 0xac, 0xf4, 0xa4, 0xf4, 0xa4,
    0xf4, 0xa4, 0x14, 0xa5, 0x14, 0xa5, 0x15, 0xa5, 0x34, 0xad, 0x35, 0xa5,
    0x35, 0xa5, 0x35, 0xad, 0x35, 0xa5, 0x55, 0xad, 0x35, 0xa5, 0x55, 0xad,
    0x55, 0xa5, 0x35, 0xa5, 0x35, 0xad, 0x55, 0xad, 0x55, 0xad, 0x56, 0xad,
    0x35, 0xa5, 0x55, 0xad, 0x55, 0xad, 0x55, 0xad, 0x56, 0xa5, 0x55, 0xa5,
    0x35, 0xa5, 0x14, 0xa5, 0xd4, 0x9c, 0xb4, 0x94, 0xb3, 0x94, 0x93, 0x94,
    0x93, 0x8c, 0x92, 0x8c, 0x73, 0x8c, 0x72, 0x8c, 0x72, 0x8c, 0x73, 0x8c,
    0x72, 0x8c, 0x72, 0x8c, 0x73, 0x8c, 0x72, 0x8c, 0x72, 0x8c, 0x72, 0x8c,
    0x73, 0x8c, 0x93, 0x8c, 0x92, 0x8c, 0x93, 0x8c, 0x93, 0x94, 0xb3, 0x94,
    0xb3, 0x94, 0x93, 0x8c, 0x92, 0x94, 0xd3, 0x94, 0xd4, 0x9c, 0xf4, 0x9c,
    0x15, 0xa5, 0x35, 0xa5, 0x55, 0xad, 0x35, 0xad, 0x56, 0xad, 0x55, 0xad,
    0x35, 0xad, 0x35, 0xa5, 0x35, 0xa5, 0xf4, 0xa4, 0xf4, 0x9c, 0xd3, 0x9c,
    0xb3, 0x9c, 0xd4, 0x94, 0xd3, 0x9c, 0xd4, 0x9c, 0xd4, 0x9c, 0xd3, 0x9c,
    0xd4, 0x9c, 0xd3, 0x9c, 0xd4, 0x9c, 0xf4, 0x9c, 0x14, 0xa5, 0x14, 0xa5,
    0xcf, 0x7b, 0xaf, 0x73, 0x6e, 0x6b, 0x4e, 0x6b, 0x2d, 0x63, 0x0d, 0x63,
    0x0c, 0x5b, 0xec, 0x5a, 0xec, 0x5a, 0xec, 0x5a, 0xec, 0x62, 0xec, 0x5a,
    0x0c, 0x63, 0xec, 0x5a, 0xec, 0x5a, 0x0d, 0x63, 0x0c, 0x63, 0x0d, 0x5b,
    0xec, 0x5a, 0xec, 0x5a, 0x0c, 0x5b, 0xec, 0x5a, 0xec, 0x5a, 0xec, 0x5a,
    0xec, 0x5a, 0xcc, 0x5a, 0xeb, 0x5a, 0xcb, 0x5a, 0xcc, 0x5a, 0xec, 0x5a,
    0xec, 0x5a, 0x2d, 0x63, 0x6e, 0x6b, 0xaf, 0x73, 0xd0, 0x7b, 0xf0, 0x7b,
    0x31, 0x84, 0x31, 0x84, 0x52, 0x8c, 0x72, 0x8c, 0x92, 0x8c, 0x72, 0x8c,
    0x72, 0x8c, 0x72, 0x8c, 0x52, 0x8c, 0x71, 0x8c, 0x52, 0x8c, 0x51, 0x8c,
    0x31, 0x84, 0x10, 0x84, 0xf0, 0x7b, 0xd0, 0x7b, 0xcf, 0x7b, 0xaf, 0x73,
    0x8e, 0x73, 0x6e, 0x6b, 0x4d, 0x6b, 0x2d, 0x63, 0x0d, 0x63, 0x0c, 0x63,
    0x0c, 0x63, 0x4d, 0x6b, 0xaf, 0x73, 0x10, 0x84, 0x52, 0x8c, 0x72, 0x8c,
    0xb3, 0x94, 0xd4, 0x9c, 0xf4, 0xa4, 0x34, 0xa5, 0x35, 0xa5, 0x15, 0xa5,
    0x14, 0xa5, 0x14, 0xa5, 0xf4, 0x9c, 0xd4, 0x9c, 0xb3, 0x94, 0x93, 0x94,
    0xd3, 0x9c, 0xf4, 0x9c, 0xf4, 0x9c, 0xf4, 0xa4, 0x15, 0xa5, 0x14, 0xa5,
    0x15, 0xa5, 0x14, 0xa5, 0x14, 0xa5, 0x14, 0xa5, 0xf4, 0xa4, 0xf4, 0xa4,
    0x14, 0xa5, 0xf4, 0xa4, 0xf4, 0xa4, 0x14, 0xad, 0x14, 0xa5, 0xf4, 0xa4,
    0x14, 0xa5, 0x14, 0xa5, 0xf4, 0xa4, 0xf4, 0xa4, 0x14, 0xad, 0x14, 0xa5,
    0x14, 0xa5, 0x14, 0xad, 0x15, 0xa5, 0x35, 0xa5, 0x35, 0xad, 0x35, 0xa5,
    0x35, 0xa5, 0x35, 0xa5, 0x35, 0xad, 0x35, 0xad, 0x35, 0xad, 0x35, 0xa5,
    0x55, 0xad, 0x35, 0xad, 0x35, 0xa5, 0x35, 0xa5, 0x55, 0xad, 0x55, 0xa5,
    0x56, 0xad, 0x55, 0xad, 0x55, 0xad, 0x56, 0xa5, 0x56, 0xad, 0x55, 0xad,
    0x35, 0xa5, 0x15, 0xa5, 0xf4, 0x9c, 0xb4, 0x94, 0x93, 0x8c, 0x93, 0x8c,
    0x93, 0x8c, 0x92, 0x8c, 0x72, 0x8c, 0x72, 0x8c, 0x72, 0x84, 0x72, 0x8c,
    0x72, 0x8c, 0x73, 0x8c, 0x72, 0x84, 0x73, 0x8c, 0x72, 0x84, 0x93, 0x8c,
    0x93, 0x8c, 0x93, 0x8c, 0x93, 0x8c, 0x93, 0x8c, 0xb3, 0x94, 0x93, 0x94,
    0xb3, 0x94, 0x93, 0x8c, 0xb3, 0x94, 0xd3, 0x94, 0xf4, 0x9c, 0x14, 0x9d,
    0x15, 0xa5, 0x35, 0xa5, 0x35, 0xad, 0x55, 0xad, 0x35, 0xa5, 0x55, 0xa5,
    0x55, 0xa5, 0x35, 0xa5, 0x35, 0xa5, 0x14, 0xa5, 0xf4, 0x9c, 0xd4, 0x9c,
    0xd3, 0x9c, 0xd3, 0x9c, 0xb4, 0x9c, 0xb3, 0x9c, 0xd4, 0x9c, 0xd4, 0x9c,
    0xf4, 0x9c, 0xf4, 0x9c, 0xd4, 0x9c, 0xf4, 0xa4, 0x14, 0xa5, 0x14, 0xa5,
    0xaf, 0x73, 0x8e, 0x73, 0x4e, 0x6b, 0x2d, 0x6b, 0x2d, 0x63, 0x0c, 0x63,
    0x0c, 0x63, 0x0c, 0x5b, 0xec, 0x5a, 0xec, 0x62, 0xec, 0x5a, 0xec, 0x5a,
    0xec, 0x5a, 0xec, 0x5a, 0xec, 0x5a, 0xec, 0x5a, 0xed, 0x5a, 0x0c, 0x63,
    0x0c, 0x63, 0xed, 0x5a, 0xec, 0x5a, 0xec, 0x5a, 0xec, 0x5a, 0xec, 0x5a,
    0xec, 0x5a, 0xcc, 0x5a, 0xec, 0x5a, 0xec, 0x5a, 0xec, 0x5a, 0x0c, 0x63,
    0x4d, 0x6b, 0x8e, 0x6b, 0xaf, 0x73, 0xf0, 0x7b, 0x10, 0x84, 0x31, 0x84,
    0x51, 0x8c, 0x72, 0x8c, 0x92, 0x8c, 0x92, 0x8c, 0x72, 0x8c, 0x72, 0x8c,
    0x72, 0x8c, 0x72, 0x8c, 0x52, 0x8c, 0x51, 0x8c, 0x51, 0x8c, 0x51, 0x84,
    0x11, 0x84, 0x10, 0x84, 0xd0, 0x7b, 0xcf, 0x7b, 0xaf, 0x73, 0x8e, 0x73,
    0x6e, 0x6b, 0x4d, 0x6b, 0x2d, 0x63, 0x0c, 0x63, 0xec, 0x5a, 0x0d, 0x63,
    0x6e, 0x6b, 0xd0, 0x7b, 0x11, 0x84, 0x52, 0x8c, 0x92, 0x94, 0xb3, 0x94,
    0xf4, 0x9c, 0x14, 0xa5, 0x15, 0xa5, 0x35, 0xad, 0x35, 0xa5, 0x35, 0xa5,
    0x14, 0xa5, 0xd4, 0x9c, 0xb3, 0x9c, 0xb3, 0x94, 0x93, 0x94, 0x93, 0x94,
    0xd3, 0x9c, 0xd4, 0x9c, 0xf4, 0x9c, 0xf4, 0x9c, 0x14, 0xa5, 0x15, 0xa5,
    0x14, 0xa5, 0x14, 0xa5, 0xf4, 0xa4, 0xf4, 0xa4, 0xf4, 0xa4, 0xf4, 0xa4,
    0xf4, 0xa4, 0xf4, 0xa4, 0xf4, 0xa4, 0x14, 0xad, 0xf4, 0xa4, 0xf4, 0xa4,
    0x14, 0xad, 0xf4, 0xa4, 0xf4, 0xa4, 0x14, 0xa5, 0x14, 0xa5, 0x14, 0xad,
    0x14, 0xa5, 0x15, 0xa5, 0x34, 0xad, 0x14, 0xa5, 0x35, 0xa5, 0x35, 0xad,
    0x35, 0xad, 0x35, 0xa5, 0x55, 0xa5, 0x35, 0xa5, 0x35, 0xa5, 0x35, 0xad,
    0x35, 0xa5, 0x35, 0xa5, 0x14, 0xa5, 0x14, 0xa5, 0x35, 0xa5, 0x35, 0xad,
    0x55, 0xad, 0x56, 0xad, 0x56, 0xad, 0x55, 0xa5, 0x55, 0xad, 0x56, 0xad,
    0x35, 0xa5, 0x15, 0xa5, 0xf4, 0x9c, 0xd3, 0x94, 0x93, 0x94, 0x93, 0x8c,
    0x92, 0x8c, 0x73, 0x8c, 0x72, 0x8c, 0x52, 0x84, 0x52, 0x84, 0x72, 0x8c,
    0x72, 0x84, 0x72, 0x84, 0x72, 0x8c, 0x72, 0x8c, 0x93, 0x8c, 0x72, 0x8c,
    0x92, 0x8c, 0x93, 0x8c, 0x93, 0x94, 0x93, 0x94, 0x92, 0x8c, 0x93, 0x8c,
    0x93, 0x8c, 0x93, 0x94, 0xb3, 0x94, 0xd3, 0x9c, 0xf4, 0x9c, 0xf4, 0x9c,
    0x15, 0xa5, 0x35, 0xad, 0x55, 0xa5, 0x36, 0xa5, 0x55, 0xa5, 0x35, 0xad,
    0x35, 0xad, 0x55, 0xad, 0x35, 0xa5, 0x15, 0xa5, 0xf4, 0xa4, 0xd4, 0x9c,
    0xd3, 0x9c, 0xd4, 0x9c, 0xd3, 0x94, 0xd3, 0x9c, 0xd3, 0x9c, 0xd4, 0x9c,
    0xf3, 0x9c, 0xd4, 0x9c, 0xf4, 0x9c, 0xf4, 0x9c, 0xf4, 0xa4, 0x15, 0xa5,
    0x8e, 0x73, 0x6e, 0x6b, 0x2d, 0x63, 0x2d, 0x63, 0x0d, 0x63, 0x0c, 0x5b,
    0x0c, 0x5b, 0xec, 0x5a, 0xec, 0x5a, 0xec, 0x5a, 0xec, 0x5a, 0xec, 0x5a,
    0xec, 0x5a, 0xec, 0x5a, 0x0c, 0x63, 0x0c, 0x63, 0x0c, 0x5b, 0xec, 0x5a,
    0xec, 0x5a, 0x0c, 0x63, 0xec, 0x5a, 0xec, 0x5a, 0x0c, 0x63, 0xec, 0x5a,
    0xec, 0x5a, 0xcc, 0x5a, 0xec, 0x5a, 0xec, 0x5a, 0x2d, 0x63, 0x6e, 0x6b,
    0x8f, 0x73, 0xcf, 0x7b, 0x10, 0x7c, 0x31, 0x84, 0x51, 0x84, 0x72, 0x8c,
    0x72, 0x8c, 0x92, 0x8c, 0x93, 0x94, 0x93, 0x94, 0x92, 0x8c, 0x72, 0x94,
    0x72, 0x8c, 0x72, 0x8c, 0x72, 0x8c, 0x51, 0x8c, 0x51, 0x84, 0x11, 0x84,
    0xf0, 0x7b, 0xf0, 0x7b, 0xcf, 0x73, 0x8e, 0x73, 0x6e, 0x73, 0x6d, 0x6b,
    0x2d, 0x6b, 0x0d, 0x63, 0x0c, 0x63, 0xec, 0x5a, 0x2d, 0x63, 0x8f, 0x73,
    0xf0, 0x7b, 0x31, 0x84, 0x72, 0x8c, 0xb3, 0x94, 0xd3, 0x9c, 0xf4, 0x9c,
    0x14, 0xa5, 0x35, 0xa5, 0x35, 0xa5, 0x35, 0xa5, 0x35, 0xa5, 0x15, 0xa5,
    0x14, 0xa5, 0xd4, 0x9c, 0x93, 0x94, 0x92, 0x94, 0x92, 0x94, 0x92, 0x94,
    0xb3, 0x94, 0xd3, 0x9c, 0xd3, 0x9c, 0xf4, 0x9c, 0x14, 0xa5, 0x14, 0xa5,
    0x14, 0xa5, 0x14, 0xa5, 0xf4, 0xa4, 0xf4, 0xa4, 0x14, 0xa5, 0xf4, 0xa4,
    0xf3, 0xa4, 0x14, 0xa5, 0xf4, 0xa4, 0xf4, 0xa4, 0x14, 0xad, 0x14, 0xa5,
    0xf4, 0xa4, 0xf4, 0xa4, 0x14, 0xa5, 0xf4, 0xa4, 0x14, 0xa5, 0x14, 0xa5,
    0x14, 0xa5, 0x14, 0xad, 0x15, 0xa5, 0x35, 0xad, 0x35, 0xad, 0x35, 0xa5,
    0x35, 0xa5, 0x35, 0xad, 0x35, 0xa5, 0x35, 0xad, 0x35, 0xa5, 0x35, 0xa5,
    0x14, 0xa5, 0xf4, 0x9c, 0xb3, 0x94, 0xb3, 0x94, 0xf4, 0x9c, 0x14, 0xa5,
    0x35, 0xa5, 0x55, 0xa5, 0x55, 0xad, 0x55, 0xad, 0x56, 0xad, 0x55, 0xad,
    0x55, 0xa5, 0x35, 0xa5, 0xf4, 0x9c, 0xd4, 0x9c, 0x93, 0x94, 0x92, 0x8c,
    0x72, 0x8c, 0x72, 0x8c, 0x72, 0x84, 0x52, 0x84, 0x52, 0x8c, 0x72, 0x8c,
    0x72, 0x84, 0x72, 0x84, 0x73, 0x8c, 0x72, 0x8c, 0x92, 0x8c, 0x93, 0x8c,
    0x93, 0x8c, 0x92, 0x8c, 0x92, 0x8c, 0x93, 0x94, 0x93, 0x8c, 0x92, 0x8c,
    0x72, 0x8c, 0x93, 0x94, 0xb3, 0x94, 0xd4, 0x9c, 0xf4, 0x9c, 0x14, 0xa5,
    0x35, 0xa5, 0x55, 0xad, 0x35, 0xad, 0x56, 0xa5, 0x35, 0xad, 0x55, 0xad,
    0x36, 0xa5, 0x35, 0xa5, 0x35, 0xa5, 0x35, 0xa5, 0x14, 0xa5, 0xf4, 0x9c,
    0xd3, 0x9c, 0xd3, 0x9c, 0xd4, 0x9c, 0xd3, 0x9c, 0xd4, 0x9c, 0xd4, 0x9c,
    0xd4, 0x9c, 0xf4, 0x9c, 0xf4, 0x9c, 0xf4, 0x9c, 0x14, 0xa5, 0x15, 0xa5,
    0x6e, 0x6b, 0x2d, 0x6b, 0x2d, 0x63, 0x2d, 0x63, 0x0d, 0x63, 0x0c, 0x63,
    0x0c, 0x5b, 0x0d, 0x63, 0xec, 0x5a, 0xec, 0x62, 0xec, 0x5a, 0xec, 0x5a,
    0xec, 0x5a, 0xec, 0x62, 0xec, 0x5a, 0xec, 0x62, 0x0d, 0x5b, 0xec, 0x5a,
    0xec, 0x62, 0xed, 0x5a, 0xec, 0x5a, 0x0c, 0x63, 0xec, 0x5a, 0xec, 0x5a,
    0xec, 0x5a, 0xec, 0x5a, 0x0c, 0x5b, 0x2d, 0x63, 0x6e, 0x6b, 0xaf, 0x73,
    0xf0, 0x7b, 0x11, 0x84, 0x31, 0x84, 0x72, 0x8c, 0x72, 0x8c, 0x92, 0x94,
    0x93, 0x94, 0xb3, 0x94, 0x93, 0x94, 0x92, 0x94, 0x92, 0x94, 0x92, 0x8c,
    0x72, 0x8c, 0x72, 0x8c, 0x52, 0x8c, 0x31, 0x84, 0x31, 0x84, 0x10, 0x84,
    0xf0, 0x7b, 0xcf, 0x7b, 0x8e, 0x73, 0x6e, 0x6b, 0x4d, 0x6b, 0x2d, 0x63,
    0x0c, 0x63, 0xec, 0x5a, 0xec, 0x62, 0x4d, 0x6b, 0xaf, 0x73, 0x10, 0x84,
    0x52, 0x8c, 0x92, 0x94, 0xb3, 0x94, 0xd3, 0x9c, 0xf4, 0xa4, 0x15, 0xa5,
    0x35, 0xa5, 0x35, 0xad, 0x15, 0xa5, 0x35, 0xa5, 0x34, 0xa5, 0x15, 0xa5,
    0x14, 0xa5, 0xf4, 0x9c, 0xd4, 0x9c, 0xb3, 0x94, 0x72, 0x8c, 0x11, 0x84,
    0x72, 0x8c, 0x93, 0x94, 0xd3, 0x9c, 0xf4, 0xa4, 0x15, 0xa5, 0x14, 0xa5,
    0x14, 0xa5, 0xf5, 0xa4, 0xf4, 0xa4, 0xf4, 0xa4, 0xf4, 0xa4, 0xf4, 0xa4,
    0x14, 0xa5, 0xf4, 0xa4, 0x13, 0xa5, 0xf4, 0xa4, 0x14, 0xa5, 0xf4, 0xa4,
    0xf4, 0xa4, 0x14, 0xa5, 0xf4, 0xa4, 0x14, 0xa5, 0x14, 0xad, 0x14, 0xa5,
    0x15, 0xa5, 0x35, 0xa5, 0x35, 0xa5, 0x35, 0xa5, 0x35, 0xa5, 0x35, 0xa5,
    0x55, 0xa5, 0x35, 0xa5, 0x35, 0xad, 0x35, 0xa5, 0x14, 0xa5, 0xf4, 0x9c,
    0xd4, 0x9c, 0xd3, 0x9c, 0x93, 0x94, 0x93, 0x94, 0x93, 0x94, 0xb3, 0x9c,
    0xd4, 0x9c, 0x35, 0xa5, 0x55, 0xad, 0x56, 0xad, 0x56, 0xad, 0x55, 0xa5,
    0x55, 0xad, 0x35, 0xa5, 0x14, 0xa5, 0xd4, 0x9c, 0xb3, 0x94, 0x92, 0x8c,
    0x72, 0x8c, 0x72, 0x8c, 0x52, 0x84, 0x51, 0x84, 0x52, 0x84, 0x52, 0x84,
    0x72, 0x8c, 0x72, 0x8c, 0x72, 0x8c, 0x73, 0x8c, 0x93, 0x8c, 0x93, 0x8c,
    0x93, 0x8c, 0x93, 0x8c, 0x93, 0x94, 0x93, 0x8c, 0x92, 0x8c, 0x72, 0x8c,
    0x72, 0x8c, 0xb3, 0x94, 0xb3, 0x94, 0xf4, 0x9c, 0x14, 0x9d, 0x15, 0xa5,
    0x35, 0xa5, 0x35, 0xad, 0x55, 0xad, 0x35, 0xa5, 0x55, 0xad, 0x35, 0xa5,
    0x56, 0xa5, 0x55, 0xad, 0x35, 0xad, 0x35, 0xa5, 0x15, 0xa5, 0xf4, 0xa4,
    0xd4, 0x9c, 0xd3, 0x9c, 0xd3, 0x9c, 0xd4, 0x9c, 0xd4, 0x9c, 0xd4, 0x9c,
    0xf4, 0x9c, 0xf4, 0xa4, 0x14, 0xa5, 0x14, 0xa5, 0x14, 0xa5, 0x15, 0xa5,
    0x2d, 0x63, 0x0d, 0x63, 0x2d, 0x63, 0x0d, 0x63, 0x0c, 0x63, 0x0d, 0x63,
    0x0c, 0x63, 0x0c, 0x5b, 0xec, 0x5a, 0xec, 0x5a, 0xec, 0x5a, 0xec, 0x5a,
    0xec, 0x5a, 0xec, 0x5a, 0xec, 0x5a, 0xec, 0x5a, 0xec, 0x5a, 0x0c, 0x63,
    0x0d, 0x63, 0x0d, 0x5b, 0xec, 0x62, 0xec, 0x5a, 0xec, 0x5a, 0xec, 0x5a,
    0xec, 0x5a, 0x0d, 0x63, 0x4d, 0x63, 0x6e, 0x6b, 0xcf, 0x73, 0xf0, 0x7b,
    0x31, 0x84, 0x51, 0x84, 0x72, 0x8c, 0x93, 0x94, 0xb3, 0x94, 0xb3, 0x94,
    0xb3, 0x94, 0x92, 0x94, 0x92, 0x94, 0x92, 0x8c, 0x93, 0x8c, 0x72, 0x8c,
    0x72, 0x8c, 0x52, 0x8c, 0x31, 0x84, 0x11, 0x84, 0xf0, 0x83, 0xf0, 0x7b,
    0xcf, 0x7b, 0x8e, 0x73, 0x6e, 0x73, 0x4d, 0x6b, 0x2d, 0x63, 0xec, 0x62,
    0xeb, 0x5a, 0x0c, 0x63, 0x4e, 0x6b, 0xcf, 0x7b, 0x11, 0x84, 0x52, 0x8c,
    0x92, 0x94, 0xb3, 0x9c, 0xd4, 0x9c, 0x14, 0xa5, 0x15, 0xa5, 0x35, 0xa5,
    0x35, 0xa5, 0x35, 0xa5, 0x15, 0xa5, 0x14, 0xa5, 0x15, 0xa5, 0x14, 0xa5,
    0x14, 0xa5, 0x14, 0xa5, 0xf4, 0x9c, 0xd3, 0x9c, 0x72, 0x94, 0x11, 0x84,
    0x11, 0x84, 0x72, 0x8c, 0xb3, 0x9c, 0xf4, 0x9c, 0x14, 0xa5, 0x14, 0xa5,
    0x14, 0xa5, 0xf4, 0xa4, 0xf4, 0xa4, 0xf4, 0xa4, 0xf4, 0xa4, 0xf4, 0xa4,
    0xf4, 0xa4, 0xf4, 0xa4, 0xf4, 0xa4, 0xf4, 0xa4, 0xf3, 0xa4, 0xf4, 0xa4,
    0xf4, 0xa4, 0x14, 0xa5, 0x14, 0xa5, 0x14, 0xa5, 0x15, 0xad, 0x15, 0xa5,
    0x35, 0xa5, 0x35, 0xad, 0x35, 0xa5, 0x35, 0xa5, 0x35, 0xad, 0x35, 0xad,
    0x35, 0xad, 0x35, 0xa5, 0x55, 0xa5, 0x35, 0xa5, 0xf4, 0xa4, 0xf3, 0x9c,
    0xd3, 0x9c, 0x93, 0x94, 0x92, 0x94, 0x72, 0x94, 0x92, 0x8c, 0x93, 0x94,
    0xd3, 0x9c, 0x14, 0xa5, 0x35, 0xa5, 0x55, 0xad, 0x55, 0xad, 0x56, 0xad,
    0x56, 0xad, 0x55, 0xa5, 0x35, 0xa5, 0xf4, 0x9c, 0xd3, 0x94, 0x73, 0x8c,
    0x52, 0x8c, 0x52, 0x84, 0x52, 0x84, 0x52, 0x84, 0x31, 0x84, 0x31, 0x84,
    0x52, 0x84, 0x52, 0x8c, 0x72, 0x8c, 0x72, 0x8c, 0x93, 0x8c, 0x92, 0x8c,
    0x92, 0x8c, 0x93, 0x8c, 0x72, 0x8c, 0x72, 0x8c, 0x72, 0x8c, 0x72, 0x8c,
    0x93, 0x8c, 0xb3, 0x94, 0xd3, 0x94, 0xf4, 0x9c, 0x14, 0xa5, 0x35, 0xa5,
    0x55, 0xa5, 0x36, 0xad, 0x35, 0xa5, 0x55, 0xa5, 0x35, 0xad, 0x55, 0xad,
    0x35, 0xa5, 0x55, 0xad, 0x35, 0xa5, 0x35, 0xa5, 0x35, 0xa5, 0x15, 0xa5,
    0x14, 0xa5, 0xf4, 0x9c, 0xf4, 0x9c, 0xf4, 0x9c, 0x14, 0xa5, 0xf4, 0xa4,
    0x14, 0xa5, 0x14, 0xa5, 0x15, 0xa5, 0x14, 0xa5, 0x15, 0xa5, 0x35, 0xa5,
    0x0c, 0x63, 0x0c, 0x63, 0x0c, 0x63, 0x2d, 0x63, 0x2d, 0x63, 0x2d, 0x63,
    0x0c, 0x63, 0x0c, 0x63, 0x0c, 0x5b, 0x0c, 0x5b, 0xec, 0x5a, 0xec, 0x5a,
    0xec, 0x5a, 0xec, 0x5a, 0xec, 0x5a, 0xec, 0x62, 0x0c, 0x63, 0x0c, 0x5b,
    0xec, 0x5a, 0x0c, 0x5b, 0xec, 0x5a, 0xec, 0x5a, 0xec, 0x5a, 0x0c, 0x63,
    0x2d, 0x63, 0x4e, 0x6b, 0x8f, 0x73, 0xcf, 0x7b, 0x11, 0x84, 0x31, 0x84,
    0x52, 0x8c, 0x72, 0x8c, 0x93, 0x94, 0xb3, 0x94, 0xb3, 0x94, 0xb3, 0x94,
    0xb3, 0x94, 0xb3, 0x94, 0x92, 0x94, 0x93, 0x94, 0x72, 0x8c, 0x72, 0x8c,
    0x72, 0x8c, 0x51, 0x8c, 0x31, 0x84, 0x10, 0x7c, 0xf0, 0x7b, 0xcf, 0x7b,
    0x8f, 0x73, 0x6e, 0x6b, 0x4d, 0x6b, 0x2d, 0x63, 0xec, 0x62, 0xeb, 0x5a,
    0x0c, 0x63, 0x6e, 0x73, 0xf0, 0x7b, 0x31, 0x84, 0x72, 0x8c, 0xb3, 0x94,
    0xd3, 0x9c, 0xf4, 0x9c, 0x14, 0xa5, 0x35, 0xa5, 0x35, 0xa5, 0x35, 0xa5,
    0x35, 0xa5, 0x14, 0xa5, 0x14, 0xa5, 0x15, 0xa5, 0x14, 0xa5, 0x15, 0xa5,
    0x15, 0xa5, 0xf4, 0x9c, 0xd4, 0x9c, 0xb3, 0x9c, 0xb3, 0x94, 0x72, 0x8c,
    0x51, 0x8c, 0x72, 0x8c, 0xb3, 0x94, 0xb3, 0x94, 0xd4, 0x9c, 0x14, 0xa5,
    0x14, 0xa5, 0xf4, 0xa4, 0x14, 0xa5, 0xf4, 0xa4, 0xf4, 0xa4, 0xf4, 0xa4,
    0xf3, 0xa4, 0xf4, 0xa4, 0xf4, 0xa4, 0xf4, 0xa4, 0xf4, 0xa4, 0xd3, 0xa4,
    0xd3, 0x9c, 0xf4, 0xa4, 0x14, 0xa5, 0x14, 0xa5, 0x35, 0xa5, 0x35, 0xa5,
    0x35, 0xa5, 0x35, 0xad, 0x35, 0xa5, 0x35, 0xa5, 0x35, 0xad, 0x35, 0xa5,
    0x55, 0xa5, 0x35, 0xad, 0x35, 0xa5, 0x35, 0xa5, 0x35, 0xa5, 0x14, 0xa5,
    0xd3, 0x9c, 0x92, 0x8c, 0x72, 0x8c, 0x92, 0x8c, 0x93, 0x94, 0xd3, 0x94,
    0xf4, 0x9c, 0x15, 0xa5, 0x35, 0xa5, 0x55, 0xad, 0x55, 0xad, 0x55, 0xa5,
    0x55, 0xad, 0x36, 0xad, 0x35, 0xa5, 0x15, 0xa5, 0xd4, 0x9c, 0x93, 0x8c,
    0x52, 0x8c, 0x52, 0x84, 0x52, 0x84, 0x52, 0x84, 0x52, 0x84, 0x51, 0x84,
    0x52, 0x84, 0x52, 0x84, 0x52, 0x8c, 0x72, 0x8c, 0x72, 0x8c, 0x73, 0x8c,
    0x72, 0x8c, 0x72, 0x8c, 0x72, 0x8c, 0x72, 0x8c, 0x52, 0x8c, 0x72, 0x8c,
    0x93, 0x94, 0xb3, 0x94, 0xd3, 0x9c, 0xf4, 0x9c, 0x15, 0xa5, 0x35, 0xa5,
    0x35, 0xad, 0x55, 0xad, 0x35, 0xa5, 0x55, 0xad, 0x56, 0xad, 0x36, 0xa5,
    0x55, 0xa5, 0x35, 0xad, 0x55, 0xad, 0x56, 0xad, 0x56, 0xad, 0x56, 0xad,
    0x55, 0xad, 0x35, 0xad, 0x35, 0xa5, 0x35, 0xa5, 0x35, 0xa5, 0x35, 0xa5,
    0x35, 0xa5, 0x35, 0xa5, 0x35, 0xa5, 0x35, 0xa5, 0x35, 0xa5, 0x55, 0xa5,
    0x0c, 0x63, 0x0d, 0x63, 0x0d, 0x5b, 0x2d, 0x63, 0x2d, 0x63, 0x2c, 0x63,
    0x0d, 0x63, 0x0d, 0x63, 0x0c, 0x63, 0xec, 0x62, 0xec, 0x5a, 0xec, 0x62,
    0xec, 0x5a, 0xec, 0x5a, 0xec, 0x5a, 0x0c, 0x63, 0xec, 0x5a, 0xed, 0x5a,
    0xec, 0x5a, 0xec, 0x5a, 0x0c, 0x63, 0xec, 0x5a, 0x0d, 0x63, 0x2d, 0x63,
    0x8e, 0x6b, 0xaf, 0x73, 0xf0, 0x7b, 0x31, 0x84, 0x51, 0x84, 0x72, 0x8c,
    0x92, 0x8c, 0xb3, 0x94, 0xb3, 0x94, 0xb3, 0x94, 0xd3, 0x9c, 0xb3, 0x94,
    0xb3, 0x94, 0xb3, 0x94, 0xb3, 0x94, 0x92, 0x94, 0x72, 0x8c, 0x72, 0x8c,
    0x51, 0x84, 0x31, 0x84, 0x10, 0x84, 0xd0, 0x7b, 0xcf, 0x73, 0x8f, 0x73,
    0x6e, 0x6b, 0x4d, 0x6b, 0x2d, 0x63, 0xec, 0x62, 0xec, 0x5a, 0x2d, 0x6b,
    0x8f, 0x73, 0xf0, 0x83, 0x31, 0x84, 0x72, 0x8c, 0xb3, 0x94, 0xd3, 0x9c,
    0xf4, 0xa4, 0x15, 0xa5, 0x35, 0xa5, 0x35, 0xad, 0x34, 0xa5, 0x15, 0xa5,
    0x15, 0xa5, 0x14, 0xa5, 0x15, 0xa5, 0x14, 0xa5, 0x14, 0x9d, 0xf4, 0xa4,
    0x14, 0xa5, 0xf4, 0x9c, 0xd4, 0x9c, 0xb3, 0x9c, 0x92, 0x94, 0x72, 0x8c,
    0x72, 0x94, 0x92, 0x94, 0x92, 0x94, 0x93, 0x94, 0xd4, 0x9c, 0x14, 0xa5,
    0x14, 0xa5, 0x14, 0xa5, 0xf4, 0xa4, 0xf4, 0xa4, 0xf4, 0xa4, 0xf4, 0xa4,
    0xf3, 0xa4, 0x14, 0xa5, 0xf4, 0xa4, 0x14, 0xa5, 0x14, 0xa5, 0xf4, 0xa4,
    0xb3, 0x9c, 0xb3, 0x9c, 0xd4, 0x9c, 0x14, 0xa5, 0x15, 0xa5, 0x35, 0xa5,
    0x35, 0xad, 0x35, 0xa5, 0x35, 0xad, 0x35, 0xad, 0x35, 0xa5, 0x35, 0xa5,
    0x35, 0xa5, 0x35, 0xa5, 0x35, 0xad, 0x55, 0xad, 0x35, 0xad, 0x35, 0xa5,
    0xf4, 0x9c, 0xb3, 0x94, 0x92, 0x94, 0x72, 0x94, 0x93, 0x94, 0xd4, 0x9c,
    0xf4, 0x9c, 0x35, 0xa5, 0x15, 0xa5, 0x15, 0xa5, 0x35, 0xa5, 0x35, 0xa5,
    0x55, 0xad, 0x55, 0xad, 0x56, 0xad, 0x35, 0xa5, 0xf4, 0x9c, 0xb3, 0x94,
    0x72, 0x8c, 0x31, 0x84, 0x31, 0x84, 0x31, 0x84, 0x52, 0x84, 0x52, 0x84,
    0x52, 0x84, 0x51, 0x84, 0x52, 0x84, 0x52, 0x8c, 0x72, 0x8c, 0x52, 0x84,
    0x72, 0x8c, 0x52, 0x8c, 0x52, 0x84, 0x51, 0x84, 0x52, 0x84, 0x72, 0x8c,
    0x93, 0x94, 0xd3, 0x94, 0xf4, 0x9c, 0x14, 0x9d, 0x35, 0xa5, 0x35, 0xad,
    0x35, 0xad, 0x55, 0xad, 0x56, 0xa5, 0x35, 0xa5, 0x35, 0xa5, 0x35, 0xa5,
    0x55, 0xad, 0x56, 0xad, 0x56, 0xad, 0x76, 0xad, 0x76, 0xad, 0x76, 0xad,
    0x76, 0xad, 0x76, 0xad, 0x56, 0xad, 0x55, 0xa5, 0x35, 0xad, 0x55, 0xa5,
    0x55, 0xad, 0x56, 0xad, 0x56, 0xad, 0x56, 0xad, 0x55, 0xad, 0x55, 0xad,
    0x0c, 0x63, 0x0c, 0x63, 0x0d, 0x5b, 0x2d, 0x63, 0x2d, 0x63, 0x2d, 0x63,
    0x0d, 0x63, 0x2d, 0x63, 0x0c, 0x5b, 0x0d, 0x5b, 0x0c, 0x63, 0xec, 0x5a,
    0xec, 0x5a, 0xec, 0x5a, 0xec, 0x5a, 0xec, 0x5a, 0xec, 0x5a, 0x0c, 0x63,
    0x0d, 0x63, 0x0c, 0x63, 0xec, 0x5a, 0x0d, 0x63, 0x4d, 0x63, 0x8e, 0x6b,
    0xd0, 0x7b, 0x10, 0x7c, 0x31, 0x84, 0x72, 0x8c, 0x72, 0x8c, 0x93, 0x94,
    0xb3, 0x94, 0xd3, 0x94, 0xb3, 0x94, 0xd3, 0x9c, 0xb3, 0x94, 0xb3, 0x94,
    0xb3, 0x94, 0xb3, 0x94, 0x93, 0x94, 0x92, 0x94, 0x72, 0x8c, 0x51, 0x8c,
    0x31, 0x84, 0x10, 0x84, 0xf0, 0x7b, 0xaf, 0x73, 0x8f, 0x73, 0x6e, 0x6b,
    0x4d, 0x6b, 0x2d, 0x63, 0x0c, 0x63, 0x0c, 0x63, 0x4d, 0x6b, 0xaf, 0x73,
    0xf0, 0x83, 0x51, 0x8c, 0x92, 0x94, 0xb3, 0x94, 0xd4, 0x9c, 0xf4, 0xa4,
    0x35, 0xa5, 0x35, 0xa5, 0x35, 0xa5, 0x35, 0xa5, 0x35, 0xa5, 0x15, 0xa5,
    0x14, 0xa5, 0x14, 0xa5, 0x14, 0xa5, 0x15, 0xa5, 0xf4, 0x9c, 0xf4, 0xa4,
    0xf4, 0xa4, 0xf4, 0x9c, 0xf4, 0xa4, 0xd4, 0x9c, 0xb3, 0x94, 0x72, 0x8c,
    0x52, 0x8c, 0x52, 0x8c, 0x93, 0x94, 0xd3, 0x9c, 0xf4, 0x9c, 0x14, 0xa5,
    0x15, 0xa5, 0x14, 0xa5, 0xf4, 0xa4, 0xf4, 0xa4, 0xf4, 0xa4, 0xf4, 0xa4,
    0xf4, 0xa4, 0xf4, 0xa4, 0x14, 0xa5, 0xf4, 0xa4, 0x14, 0xa5, 0x14, 0xa5,
    0xd4, 0x9c, 0xd3, 0x9c, 0xd3, 0x9c, 0xd4, 0x9c, 0xf4, 0xa4, 0x35, 0xa5,
    0x35, 0xad, 0x35, 0xad, 0x35, 0xa5, 0x35, 0xa5, 0x55, 0xa5, 0x35, 0xad,
    0x35, 0xad, 0x35, 0xad, 0x35, 0xa5, 0x35, 0xa5, 0x35, 0xa5, 0x14, 0xa5,
    0xf4, 0x9c, 0xd4, 0x9c, 0xb3, 0x94, 0x72, 0x94, 0x72, 0x94, 0x92, 0x94,
    0xb3, 0x94, 0xd4, 0x9c, 0xd3, 0x9c, 0xb3, 0x94, 0xd4, 0x9c, 0x14, 0xa5,
    0x35, 0xa5, 0x35, 0xa5, 0x55, 0xad, 0x55, 0xad, 0x35, 0xa5, 0xf4, 0x9c,
    0x93, 0x94, 0x52, 0x84, 0x31, 0x84, 0x31, 0x84, 0x31, 0x7c, 0x11, 0x84,
    0x31, 0x84, 0x31, 0x84, 0x31, 0x84, 0x51, 0x84, 0x31, 0x84, 0x51, 0x84,
    0x31, 0x84, 0x31, 0x84, 0x31, 0x7c, 0x31, 0x84, 0x52, 0x8c, 0x92, 0x8c,
    0xb3, 0x94, 0xd3, 0x9c, 0xf4, 0x9c, 0x15, 0xa5, 0x35, 0xa5, 0x55, 0xad,
    0x55, 0xad, 0x36, 0xa5, 0x35, 0xad, 0x55, 0xad, 0x55, 0xad, 0x55, 0xad,
    0x56, 0xad, 0x76, 0xad, 0x76, 0xad, 0x76, 0xad, 0x96, 0xb5, 0x76, 0xb5,
    0x76, 0xad, 0x76, 0xad, 0x56, 0xad, 0x55, 0xa5, 0x35, 0xa5, 0x15, 0xa5,
    0x15, 0xa5, 0x35, 0xa5, 0x35, 0xad, 0x55, 0xad, 0x56, 0xad, 0x56, 0xad,
    0x0c, 0x63, 0x0d, 0x63, 0x0c, 0x63, 0x0c, 0x63, 0x2c, 0x63, 0x0d, 0x63,
    0x2c, 0x63, 0x0c, 0x63, 0x0d, 0x63, 0x0c, 0x5b, 0xec, 0x5a, 0xed, 0x5a,
    0xec, 0x5a, 0xec, 0x5a, 0xec, 0x5a, 0xec, 0x5a, 0x0c, 0x63, 0xec, 0x5a,
    0xec, 0x5a, 0x0c, 0x5b, 0x0d, 0x63, 0x4e, 0x6b, 0x8f, 0x73, 0xd0, 0x73,
    0x11, 0x84, 0x51, 0x84, 0x72, 0x8c, 0x93, 0x94, 0xb3, 0x94, 0xd3, 0x94,
    0xd3, 0x9c, 0xd3, 0x94, 0xd3, 0x94, 0xd4, 0x9c, 0xd4, 0x94, 0xb3, 0x94,
    0xb3, 0x94, 0xb3, 0x94, 0x92, 0x94, 0x72, 0x8c, 0x51, 0x8c, 0x31, 0x84,
    0x11, 0x84, 0xf0, 0x7b, 0xcf, 0x73, 0x8f, 0x73, 0x6e, 0x6b, 0x4d, 0x6b,
    0x0d, 0x63, 0x0c, 0x63, 0x2d, 0x63, 0x8e, 0x73, 0xcf, 0x7b, 0x10, 0x84,
    0x51, 0x8c, 0x72, 0x8c, 0xb3, 0x94, 0xd4, 0x9c, 0x14, 0xa5, 0x34, 0xa5,
    0x35, 0xa5, 0x35, 0xa5, 0x35, 0xa5, 0x15, 0xa5, 0x15, 0xa5, 0x14, 0xa5,
    0x15, 0xa5, 0xf4, 0xa4, 0xf4, 0x9c, 0xf4, 0xa4, 0xf4, 0xa4, 0xf4, 0x9c,
    0xf4, 0x9c, 0xf4, 0xa4, 0xf4, 0x9c, 0xd3, 0x9c, 0xb3, 0x94, 0x93, 0x94,
    0x52, 0x8c, 0x51, 0x8c, 0x72, 0x94, 0xb3, 0x94, 0xf4, 0x9c, 0x15, 0xa5,
    0x15, 0xa5, 0x35, 0xa5, 0x14, 0xa5, 0xf4, 0xa4, 0xf4, 0xa4, 0xf3, 0xa4,
    0xf4, 0xa4, 0xf4, 0xa4, 0x14, 0xa5, 0x14, 0xa5, 0x14, 0xa5, 0x14, 0xa5,
    0xf4, 0x9c, 0xd4, 0x9c, 0xd3, 0x9c, 0xd4, 0x9c, 0xf4, 0x9c, 0x14, 0xa5,
    0x35, 0xa5, 0x35, 0xa5, 0x35, 0xa5, 0x35, 0xa5, 0x35, 0xad, 0x35, 0xa5,
    0x35, 0xa5, 0x35, 0xa5, 0x35, 0xa5, 0x35, 0xa5, 0x35, 0xad, 0x14, 0xa5,
    0xd4, 0x9c, 0x93, 0x94, 0x92, 0x8c, 0x72, 0x8c, 0x72, 0x8c, 0x92, 0x94,
    0xb3, 0x94, 0x93, 0x94, 0x51, 0x8c, 0x31, 0x84, 0x72, 0x8c, 0xb3, 0x94,
    0xd4, 0x9c, 0xf4, 0xa4, 0x35, 0xa5, 0x56, 0xad, 0x55, 0xad, 0x35, 0xa5,
    0xf4, 0x9c, 0x93, 0x8c, 0x31, 0x84, 0x31, 0x84, 0x31, 0x84, 0x11, 0x7c,
    0x11, 0x7c, 0x11, 0x7c, 0x11, 0x84, 0x11, 0x84, 0x11, 0x7c, 0x11, 0x84,
    0x11, 0x7c, 0x11, 0x7c, 0x31, 0x84, 0x52, 0x8c, 0x72, 0x8c, 0xb3, 0x94,
    0xd4, 0x9c, 0xf4, 0x9c, 0x15, 0xa5, 0x35, 0xa5, 0x35, 0xad, 0x55, 0xad,
    0x35, 0xa5, 0x55, 0xa5, 0x55, 0xad, 0x56, 0xad, 0x56, 0xad, 0x76, 0xad,
    0x76, 0xad, 0x76, 0xb5, 0x76, 0xb5, 0x96, 0xad, 0x96, 0xad, 0x77, 0xad,
    0x76, 0xad, 0x76, 0xad, 0x76, 0xad, 0x56, 0xad, 0x55, 0xa5, 0x15, 0xa5,
    0x15, 0x9d, 0x15, 0xa5, 0x35, 0xa5, 0x35, 0xa5, 0x55, 0xad, 0x55, 0xad,
    0x0c, 0x63, 0x0d, 0x63, 0x0d, 0x63, 0x2d, 0x63, 0x2d, 0x63, 0x2d, 0x63,
    0x2d, 0x63, 0x2d, 0x63, 0x0c, 0x63, 0x0c, 0x63, 0x0c, 0x5b, 0xec, 0x5a,
    0xec, 0x62, 0xec, 0x62, 0xec, 0x5a, 0xec, 0x5a, 0xec, 0x5a, 0xec, 0x5a,
    0xec, 0x5a, 0x0d, 0x63, 0x6e, 0x6b, 0xaf, 0x73, 0xf0, 0x7b, 0x31, 0x84,
    0x51, 0x8c, 0x72, 0x8c, 0xb3, 0x94, 0xb3, 0x94, 0xd3, 0x94, 0xf3, 0x9c,
    0xd4, 0x9c, 0xd4, 0x9c, 0xd3, 0x9c, 0xd3, 0x9c, 0xb3, 0x94, 0xb3, 0x94,
    0xb3, 0x94, 0x93, 0x94, 0x92, 0x8c, 0x72, 0x8c, 0x31, 0x8c, 0x11, 0x84,
    0xf0, 0x7b, 0xcf, 0x73, 0x8e, 0x73, 0x4e, 0x6b, 0x2d, 0x63, 0x2c, 0x63,
    0x0c, 0x63, 0x4d, 0x6b, 0x8f, 0x73, 0xf0, 0x7b, 0x31, 0x84, 0x51, 0x8c,
    0x92, 0x94, 0xb3, 0x94, 0xd3, 0x9c, 0xf4, 0xa4, 0x15, 0xa5, 0x15, 0xa5,
    0x15, 0xa5, 0x14, 0xa5, 0x14, 0xa5, 0x15, 0xa5, 0x14, 0xa5, 0x14, 0xa5,
    0xf4, 0xa4, 0xf4, 0x9c, 0xf4, 0xa4, 0xf4, 0x9c, 0xf4, 0x9c, 0xf4, 0x9c,
    0xf4, 0x9c, 0xf4, 0x9c, 0xd4, 0x9c, 0xb3, 0x9c, 0x92, 0x94, 0x72, 0x8c,
    0x72, 0x8c, 0x72, 0x8c, 0x72, 0x8c, 0x92, 0x94, 0xd3, 0x9c, 0xf4, 0x9c,
    0x14, 0xa5, 0x15, 0xa5, 0x34, 0xa5, 0x15, 0xa5, 0x14, 0xa5, 0xf4, 0xa4,
    0xf4, 0xa4, 0x14, 0xa5, 0x14, 0xa5, 0x14, 0xa5, 0x15, 0xa5, 0x14, 0xad,
    0x14, 0xa5, 0xd4, 0x9c, 0xd4, 0x9c, 0xf4, 0x9c, 0xf4, 0x9c, 0x14, 0xa5,
    0x35, 0xa5, 0x35, 0xa5, 0x35, 0xad, 0x35, 0xad, 0x35, 0xa5, 0x35, 0xad,
    0x35, 0xa5, 0x35, 0xa5, 0x35, 0xad, 0x35, 0xad, 0x35, 0xa5, 0x14, 0xa5,
    0xd3, 0x9c, 0x92, 0x94, 0x72, 0x8c, 0x72, 0x94, 0x72, 0x8c, 0x72, 0x8c,
    0xd3, 0x9c, 0xb3, 0x94, 0x72, 0x8c, 0x52, 0x8c, 0x31, 0x8c, 0x31, 0x84,
    0x72, 0x8c, 0xd4, 0x9c, 0x35, 0xa5, 0x55, 0xad, 0x56, 0xad, 0x55, 0xad,
    0x35, 0xa5, 0xf4, 0x9c, 0x72, 0x8c, 0x31, 0x84, 0x31, 0x7c, 0x31, 0x7c,
    0x11, 0x84, 0x10, 0x7c, 0x11, 0x7c, 0xf1, 0x7b, 0x10, 0x7c, 0xf0, 0x7b,
    0x11, 0x7c, 0x31, 0x84, 0x52, 0x8c, 0x72, 0x8c, 0xb3, 0x94, 0xd3, 0x9c,
    0xf4, 0x9c, 0x15, 0xa5, 0x35, 0xa5, 0x55, 0xad, 0x55, 0xa5, 0x35, 0xa5,
    0x56, 0xad, 0x55, 0xad, 0x56, 0xad, 0x56, 0xad, 0x76, 0xad, 0x76, 0xad,
    0x76, 0xad, 0x96, 0xad, 0x96, 0xad, 0x77, 0xb5, 0x76, 0xad, 0x76, 0xad,
    0x76, 0xad, 0x76, 0xad, 0x56, 0xa5, 0x56, 0xa5, 0x55, 0xa5, 0x56, 0xa5,
    0x55, 0xa5, 0x55, 0xa5, 0x55, 0xa5, 0x55, 0xa5, 0x55, 0xad, 0x56, 0xa5,
    0x0c, 0x63, 0x0d, 0x63, 0x0c, 0x63, 0x0d, 0x63, 0x2d, 0x63, 0x2d, 0x63,
    0x0d, 0x63, 0x2d, 0x63, 0x2d, 0x63, 0x0c, 0x63, 0x0c, 0x63, 0xec, 0x5a,
    0xec, 0x5a, 0x0c, 0x5b, 0xec, 0x5a, 0xec, 0x62, 0xec, 0x5a, 0xec, 0x5a,
    0x2d, 0x63, 0x6e, 0x6b, 0xaf, 0x73, 0x10, 0x84, 0x31, 0x84, 0x72, 0x8c,
    0x92, 0x8c, 0xb3, 0x94, 0xb3, 0x94, 0xd4, 0x9c, 0xd4, 0x9c, 0xf4, 0x9c,
    0xf4, 0x9c, 0xd4, 0x94, 0xd3, 0x9c, 0xd3, 0x94, 0xb3, 0x94, 0xb3, 0x94,
    0x93, 0x94, 0x92, 0x94, 0x72, 0x8c, 0x31, 0x84, 0x31, 0x84, 0xf0, 0x7b,
    0xcf, 0x73, 0x8e, 0x73, 0x6e, 0x6b, 0x2d, 0x63, 0x0d, 0x63, 0x0d, 0x63,
    0x6e, 0x6b, 0xaf, 0x7b, 0xf0, 0x83, 0x31, 0x8c, 0x72, 0x8c, 0x92, 0x94,
    0xb3, 0x94, 0xd3, 0x9c, 0xf4, 0x9c, 0xf4, 0x9c, 0xf4, 0x9c, 0xf4, 0x9c,
    0xf4, 0xa4, 0x14, 0xa5, 0xf4, 0xa4, 0xf4, 0xa4, 0x14, 0xa5, 0x14, 0xa5,
    0xf4, 0x9c, 0xf4, 0x9c, 0xf4, 0xa4, 0xf4, 0x9c, 0xf4, 0x9c, 0xf4, 0xa4,
    0xf4, 0x9c, 0xf4, 0x9c, 0xd3, 0x9c, 0xb3, 0x94, 0x92, 0x94, 0x72, 0x8c,
    0x52, 0x8c, 0x31, 0x84, 0x51, 0x8c, 0x92, 0x94, 0xb3, 0x9c, 0xd4, 0x9c,
    0xf4, 0x9c, 0x14, 0xa5, 0x15, 0xa5, 0x15, 0xa5, 0x35, 0xa5, 0x15, 0xa5,
    0x14, 0xa5, 0x14, 0xa5, 0x14, 0xa5, 0x15, 0xa5, 0x15, 0xa5, 0x35, 0xad,
    0x14, 0xa5, 0xf4, 0x9c, 0xd3, 0x9c, 0xf3, 0x9c, 0xd4, 0x9c, 0x14, 0xa5,
    0x35, 0xa5, 0x35, 0xad, 0x35, 0xad, 0x35, 0xad, 0x34, 0xa5, 0x14, 0xa5,
    0x15, 0xad, 0x14, 0xad, 0x35, 0xa5, 0x35, 0xa5, 0x35, 0xa5, 0x35, 0xa5,
    0x15, 0xa5, 0xf4, 0x9c, 0xb3, 0x94, 0x72, 0x8c, 0x31, 0x84, 0x31, 0x84,
    0x72, 0x94, 0xd3, 0x9c, 0xf4, 0x9c, 0xf4, 0x9c, 0xb3, 0x94, 0x92, 0x94,
    0x92, 0x94, 0xd3, 0x94, 0x14, 0xa5, 0x35, 0xad, 0x35, 0xa5, 0x56, 0xa5,
    0x56, 0xad, 0x55, 0xad, 0x15, 0xa5, 0xb3, 0x94, 0x31, 0x84, 0x11, 0x7c,
    0x11, 0x7c, 0x10, 0x7c, 0xf0, 0x7b, 0x10, 0x7c, 0x11, 0x7c, 0x31, 0x84,
    0x51, 0x84, 0x72, 0x8c, 0x93, 0x94, 0xb3, 0x94, 0xd4, 0x9c, 0xf4, 0x9c,
    0x14, 0xa5, 0x35, 0xa5, 0x35, 0xa5, 0x55, 0xad, 0x35, 0xad, 0x55, 0xad,
    0x56, 0xad, 0x56, 0xad, 0x76, 0xad, 0x76, 0xad, 0x76, 0xb5, 0x96, 0xb5,
    0x96, 0xb5, 0x96, 0xad, 0x76, 0xad, 0x76, 0xad, 0x76, 0xad, 0x76, 0xad,
    0x56, 0xad, 0x56, 0xa5, 0x55, 0xa5, 0x55, 0xa5, 0x56, 0xad, 0x55, 0xad,
    0x55, 0xad, 0x56, 0xa5, 0x56, 0xad, 0x55, 0xad, 0x56, 0xad, 0x55, 0xad,
    0x0d, 0x63, 0x2d, 0x63, 0x0c, 0x63, 0x0c, 0x63, 0x0c, 0x63, 0x0c, 0x63,
    0x0c, 0x63, 0x2d, 0x63, 0x2d, 0x63, 0x2d, 0x63, 0x0c, 0x63, 0x0d, 0x5b,
    0xec, 0x5a, 0xec, 0x5a, 0xec, 0x5a, 0xec, 0x5a, 0xec, 0x5a, 0x2d, 0x63,
    0x6e, 0x6b, 0xcf, 0x73, 0x11, 0x7c, 0x51, 0x84, 0x72, 0x8c, 0x93, 0x94,
    0xb3, 0x94, 0xd3, 0x9c, 0xf4, 0x9c, 0xf4, 0x9c, 0xf4, 0x9c, 0xf4, 0x9c,
    0xd4, 0x9c, 0xf3, 0x9c, 0xd3, 0x94, 0xd3, 0x94, 0xb3, 0x94, 0xb3, 0x94,
    0x92, 0x8c, 0x72, 0x8c, 0x31, 0x84, 0x11, 0x84, 0xf0, 0x7b, 0xcf, 0x7b,
    0x8f, 0x73, 0x6e, 0x6b, 0x2d, 0x6b, 0x2d, 0x63, 0x2d, 0x63, 0x8e, 0x73,
    0xd0, 0x7b, 0x11, 0x84, 0x51, 0x8c, 0x72, 0x8c, 0x93, 0x94, 0xb3, 0x94,
    0xd3, 0x9c, 0xd4, 0x9c, 0xd4, 0x9c, 0xd3, 0x9c, 0xd3, 0x9c, 0xd3, 0x9c,
    0xd3, 0x9c, 0xf4, 0x9c, 0xf4, 0x9c, 0xf4, 0x9c, 0xf4, 0x9c, 0xf4, 0x9c,
    0xf4, 0xa4, 0xf4, 0x9c, 0xf4, 0x9c, 0xf4, 0x9c, 0xf4, 0x9c, 0xd4, 0x9c,
    0xd4, 0x9c, 0xd3, 0x9c, 0xd4, 0x9c, 0xd3, 0x9c, 0xb3, 0x94, 0x93, 0x94,
    0x52, 0x8c, 0xf0, 0x83, 0xf0, 0x7b, 0x52, 0x8c, 0xb3, 0x94, 0xf4, 0x9c,
    0x14, 0xa5, 0x15, 0xa5, 0x15, 0xa5, 0x35, 0xa5, 0x34, 0xa5, 0x15, 0xa5,
    0x35, 0xa5, 0x34, 0xa5, 0x15, 0xa5, 0x35, 0xa5, 0x35, 0xa5, 0x35, 0xa5,
    0x15, 0xa5, 0xf4, 0xa4, 0xd4, 0x9c, 0xd4, 0x9c, 0xf4, 0xa4, 0xf4, 0xa4,
    0x14, 0xa5, 0x35, 0xad, 0x14, 0xa5, 0x15, 0xa5, 0x14, 0xad, 0x14, 0xa5,
    0x14, 0xa5, 0x14, 0xa5, 0x14, 0xad, 0x15, 0xad, 0x35, 0xad, 0x35, 0xa5,
    0x35, 0xad, 0x35, 0xa5, 0xf4, 0x9c, 0x72, 0x8c, 0x31, 0x84, 0x72, 0x8c,
    0x93, 0x94, 0xd3, 0x94, 0xd4, 0x9c, 0xf4, 0x9c, 0x14, 0xa5, 0xf4, 0x9c,
    0xd4, 0x9c, 0xf4, 0x9c, 0x15, 0xa5, 0x35, 0xa5, 0x55, 0xad, 0x35, 0xad,
    0x55, 0xad, 0x56, 0xa5, 0x56, 0xad, 0x55, 0xad, 0x15, 0xa5, 0x93, 0x94,
    0x52, 0x84, 0x51, 0x84, 0x52, 0x84, 0x52, 0x8c, 0x72, 0x8c, 0x92, 0x94,
    0x93, 0x94, 0xb3, 0x94, 0xd4, 0x9c, 0xf4, 0x9c, 0x14, 0x9d, 0x15, 0xa5,
    0x35, 0xa5, 0x35, 0xad, 0x55, 0xa5, 0x56, 0xad, 0x56, 0xad, 0x76, 0xad,
    0x76, 0xad, 0x76, 0xad, 0x76, 0xad, 0x96, 0xad, 0x96, 0xb5, 0x96, 0xb5,
    0x97, 0xb5, 0x96, 0xb5, 0x96, 0xad, 0x76, 0xad, 0x76, 0xad, 0x56, 0xa5,
    0x56, 0xa5, 0x56, 0xad, 0x56, 0xad, 0x55, 0xad, 0x56, 0xad, 0x76, 0xad,
    0x76, 0xad, 0x56, 0xad, 0x56, 0xad, 0x55, 0xad, 0x56, 0xad, 0x55, 0xad,
    0x0c, 0x63, 0x2d, 0x63, 0x0c, 0x63, 0x2d, 0x63, 0x0d, 0x63, 0x0d, 0x5b,
    0x2d, 0x63, 0x0d, 0x63, 0x2c, 0x63, 0x2d, 0x63, 0x2d, 0x63, 0x0c, 0x63,
    0x0c, 0x5b, 0xec, 0x62, 0xec, 0x5a, 0x0c, 0x63, 0x2d, 0x63, 0x8f, 0x73,
    0xd0, 0x7b, 0x31, 0x84, 0x51, 0x8c, 0x72, 0x8c, 0x93, 0x94, 0xb3, 0x94,
    0xd4, 0x9c, 0xf4, 0x9c, 0xf4, 0x9c, 0xf4, 0x9c, 0xf4, 0x9c, 0xd4, 0x9c,
    0xd3, 0x9c, 0xd4, 0x9c, 0xd3, 0x94, 0xb3, 0x94, 0x93, 0x94, 0x72, 0x94,
    0x72, 0x8c, 0x31, 0x84, 0x31, 0x84, 0xf0, 0x7b, 0xcf, 0x7b, 0x8f, 0x73,
    0x6e, 0x6b, 0x2d, 0x6b, 0x2d, 0x63, 0x4d, 0x6b, 0xaf, 0x73, 0xf0, 0x7b,
    0x31, 0x84, 0x52, 0x8c, 0x92, 0x8c, 0xb3, 0x94, 0xb3, 0x94, 0xd3, 0x9c,
    0xd3, 0x9c, 0xd3, 0x9c, 0xb3, 0x94, 0x92, 0x94, 0x72, 0x94, 0x92, 0x94,
    0x93, 0x94, 0xb3, 0x94, 0xd3, 0x9c, 0xd3, 0x9c, 0xd4, 0x9c, 0xf4, 0x9c,
    0xf4, 0x9c, 0xf4, 0x9c, 0xd4, 0x9c, 0xd4, 0x9c, 0xd4, 0x9c, 0xd3, 0x9c,
    0xd4, 0x9c, 0xd3, 0x9c, 0xd4, 0x9c, 0xd4, 0x9c, 0xd3, 0x9c, 0xd3, 0x9c,
    0x93, 0x94, 0x51, 0x8c, 0xf0, 0x7b, 0x11, 0x84, 0x72, 0x94, 0xd3, 0x9c,
    0xf4, 0x9c, 0x14, 0xa5, 0x15, 0xa5, 0x34, 0xa5, 0x14, 0xa5, 0x35, 0xa5,
    0x35, 0xa5, 0x35, 0xa5, 0x35, 0xa5, 0x35, 0xad, 0x35, 0xad, 0x35, 0xa5,
    0x14, 0xa5, 0x14, 0xa5, 0xf4, 0x9c, 0xf4, 0x9c, 0xd3, 0x9c, 0xd4, 0x9c,
    0xf4, 0xa4, 0x35, 0xa5, 0x14, 0xa5, 0x14, 0xa5, 0x14, 0xa5, 0x14, 0xad,
    0x14, 0xa5, 0xf4, 0xa4, 0xf4, 0xa4, 0x14, 0xa5, 0x14, 0xa5, 0x35, 0xad,
    0x14, 0xa5, 0xf4, 0x9c, 0xd4, 0x9c, 0xb3, 0x94, 0x93, 0x94, 0xb3, 0x9c,
    0xd3, 0x9c, 0xd3, 0x9c, 0xd3, 0x9c, 0xd4, 0x9c, 0x15, 0xa5, 0x35, 0xa5,
    0x35, 0xa5, 0x35, 0xa5, 0x35, 0xa5, 0x56, 0xad, 0x55, 0xad, 0x55, 0xad,
    0x35, 0xad, 0x35, 0xa5, 0x35, 0xad, 0x55, 0xad, 0x56, 0xad, 0x56, 0xad,
    0x35, 0xa5, 0x14, 0x9d, 0xd4, 0x9c, 0xd4, 0x9c, 0xd4, 0x9c, 0xd4, 0x9c,
    0xf4, 0x9c, 0xf4, 0x9c, 0x14, 0xa5, 0x15, 0xa5, 0x35, 0xa5, 0x35, 0xa5,
    0x55, 0xad, 0x55, 0xad, 0x55, 0xad, 0x56, 0xad, 0x76, 0xad, 0x76, 0xad,
    0x76, 0xad, 0x76, 0xb5, 0x96, 0xb5, 0x96, 0xb5, 0x97, 0xb5, 0x97, 0xb5,
    0x97, 0xb5, 0x97, 0xb5, 0x97, 0xb5, 0x96, 0xb5, 0x96, 0xad, 0x76, 0xad,
    0x56, 0xad, 0x76, 0xad, 0x76, 0xad, 0x76, 0xad, 0x56, 0xad, 0x76, 0xad,
    0x55, 0xad, 0x56, 0xad, 0x55, 0xad, 0x55, 0xad, 0x55, 0xa5, 0x35, 0xa5,
    0x0c, 0x63, 0x0d, 0x63, 0x2d, 0x63, 0x2d, 0x63, 0x0c, 0x63, 0x0c, 0x63,
    0x0d, 0x5b, 0x0c, 0x63, 0x2d, 0x63, 0x2d, 0x63, 0x2d, 0x63, 0x0c, 0x63,
    0x0c, 0x63, 0x0c, 0x5b, 0x0d, 0x5b, 0x4d, 0x6b, 0xaf, 0x73, 0xf0, 0x7b,
    0x31, 0x84, 0x72, 0x8c, 0x92, 0x8c, 0xb3, 0x94, 0xd3, 0x9c, 0xf4, 0x9c,
    0xf4, 0x9c, 0xf4, 0x9c, 0xf4, 0x9c, 0xf4, 0x9c, 0xf4, 0x9c, 0xf3, 0x9c,
    0xd4, 0x9c, 0xd4, 0x9c, 0xd3, 0x94, 0xb3, 0x94, 0x92, 0x94, 0x72, 0x8c,
    0x31, 0x84, 0x11, 0x84, 0x10, 0x84, 0xf0, 0x7b, 0xaf, 0x73, 0x6e, 0x6b,
    0x4d, 0x63, 0x4d, 0x63, 0x6e, 0x6b, 0xaf, 0x7b, 0x10, 0x84, 0x51, 0x84,
    0x72, 0x8c, 0x92, 0x94, 0xb3, 0x94, 0xd3, 0x9c, 0xd4, 0x9c, 0xd4, 0x9c,
    0xb3, 0x94, 0x92, 0x94, 0x72, 0x8c, 0x51, 0x8c, 0x31, 0x8c, 0x31, 0x84,
    0x31, 0x84, 0x72, 0x8c, 0x92, 0x94, 0xb3, 0x94, 0xd3, 0x9c, 0xd4, 0x9c,
    0xf4, 0x9c, 0xd3, 0x9c, 0xf4, 0x9c, 0xd3, 0x9c, 0xd3, 0x9c, 0xd4, 0x9c,
    0xd4, 0x9c, 0xd4, 0x9c, 0xd3, 0x9c, 0xd3, 0x9c, 0xb3, 0x94, 0xb3, 0x9c,
    0xb3, 0x94, 0xb3, 0x94, 0x72, 0x94, 0x52, 0x8c, 0x72, 0x8c, 0x72, 0x8c,
    0xb3, 0x94, 0xf4, 0xa4, 0x15, 0xa5, 0x15, 0xa5, 0x35, 0xa5, 0x15, 0xa5,
    0x34, 0xa5, 0x35, 0xad, 0x15, 0xa5, 0x34, 0xa5, 0x15, 0xa5, 0x35, 0xad,
    0x35, 0xa5, 0x34, 0xa5, 0x15, 0xa5, 0xf4, 0xa4, 0xd3, 0x9c, 0xd3, 0x9c,
    0xf4, 0xa4, 0x14, 0xa5, 0x14, 0xad, 0x14, 0xad, 0xf4, 0xa4, 0xf4, 0xa4,
    0x14, 0xad, 0x14, 0xa5, 0xf4, 0xa4, 0x14, 0xa5, 0x14, 0xa5, 0x15, 0xa5,
    0x14, 0xa5, 0xf4, 0x9c, 0xd3, 0x9c, 0xd3, 0x9c, 0xb3, 0x94, 0x92, 0x94,
    0xb3, 0x94, 0xd4, 0x9c, 0xf4, 0x9c, 0x15, 0xa5, 0x35, 0xa5, 0x35, 0xad,
    0x55, 0xad, 0x35, 0xa5, 0x35, 0xad, 0x55, 0xad, 0x36, 0xa5, 0x35, 0xa5,
    0x56, 0xa5, 0x35, 0xad, 0x55, 0xad, 0x56, 0xa5, 0x35, 0xa5, 0x35, 0xa5,
    0x55, 0xad, 0x56, 0xad, 0x56, 0xad, 0x35, 0xa5, 0x35, 0xa5, 0x35, 0xa5,
    0x35, 0xa5, 0x35, 0xa5, 0x35, 0xa5, 0x56, 0xa5, 0x35, 0xad, 0x55, 0xad,
    0x56, 0xad, 0x56, 0xad, 0x76, 0xad, 0x76, 0xad, 0x76, 0xad, 0x76, 0xad,
    0x96, 0xb5, 0x97, 0xb5, 0x96, 0xb5, 0x97, 0xb5, 0x97, 0xb5, 0x96, 0xb5,
    0x97, 0xb5, 0x97, 0xb5, 0x96, 0xb5, 0x97, 0xb5, 0x97, 0xb5, 0x96, 0xb5,
    0x76, 0xad, 0x76, 0xad, 0x76, 0xad, 0x76, 0xad, 0x76, 0xad, 0x55, 0xad,
    0x56, 0xad, 0x55, 0xa5, 0x35, 0xad, 0x35, 0xa5, 0x35, 0xa5, 0x35, 0xa5,
    0x0c, 0x63, 0x0d, 0x63, 0x2d, 0x63, 0x0c, 0x63, 0x0c, 0x63, 0x0c, 0x63,
    0x0c, 0x63, 0x0d, 0x63, 0x2d, 0x63, 0x2d, 0x63, 0x2d, 0x63, 0x2d, 0x63,
    0x0d, 0x63, 0x2d, 0x63, 0x4e, 0x6b, 0xaf, 0x73, 0xf0, 0x7b, 0x31, 0x84,
    0x72, 0x8c, 0x93, 0x94, 0xb3, 0x94, 0xd4, 0x9c, 0xf4, 0x9c, 0xf4, 0x9c,
    0xf4, 0x9c, 0xf4, 0x9c, 0xf4, 0x9c, 0xf4, 0x9c, 0xf4, 0x9c, 0xd4, 0x9c,
    0xd3, 0x9c, 0xd3, 0x94, 0xb3, 0x94, 0x92, 0x8c, 0x72, 0x8c, 0x52, 0x84,
    0x31, 0x84, 0x10, 0x7c, 0xd0, 0x7b, 0xaf, 0x73, 0x6e, 0x6b, 0x4d, 0x6b,
    0x4e, 0x6b, 0x8f, 0x73, 0xf0, 0x7b, 0x31, 0x84, 0x52, 0x8c, 0x72, 0x8c,
    0x92, 0x94, 0xb3, 0x9c, 0xd3, 0x9c, 0xd4, 0x9c, 0xd3, 0x9c, 0xb3, 0x94,
    0x92, 0x94, 0x72, 0x8c, 0x51, 0x8c, 0x10, 0x84, 0xf0, 0x7b, 0xcf, 0x7b,
    0xd0, 0x7b, 0xf0, 0x7b, 0x31, 0x8c, 0x72, 0x8c, 0x93, 0x94, 0xd3, 0x9c,
    0xd4, 0x9c, 0xd4, 0x9c, 0xd4, 0x9c, 0xd3, 0x9c, 0xf4, 0x9c, 0xd4, 0x9c,
    0xd3, 0x9c, 0xd3, 0x9c, 0xd3, 0x9c, 0xd4, 0x9c, 0xb3, 0x94, 0xb3, 0x94,
    0xb3, 0x94, 0x93, 0x94, 0x92, 0x94, 0x72, 0x8c, 0x92, 0x94, 0x92, 0x94,
    0xb3, 0x94, 0xd3, 0x9c, 0x14, 0xa5, 0x35, 0xa5, 0x14, 0xa5, 0x15, 0xa5,
    0x14, 0xa5, 0x35, 0xa5, 0x35, 0xad, 0x35, 0xa5, 0x35, 0xa5, 0x35, 0xa5,
    0x35, 0xa5, 0x35, 0xad, 0x35, 0xa5, 0x14, 0xad, 0x14, 0xa5, 0xf4, 0xa4,
    0xd3, 0xa4, 0xf4, 0xa4, 0x14, 0xa5, 0x14, 0xa5, 0xf4, 0xa4, 0x14, 0xa5,
    0xf4, 0xa4, 0xf4, 0xa4, 0x14, 0xad, 0x14, 0xad, 0x14, 0xa5, 0x14, 0xa5,
    0x15, 0xad, 0x35, 0xa5, 0x14, 0xa5, 0xb3, 0x94, 0x52, 0x8c, 0xf0, 0x7b,
    0xf0, 0x7b, 0x72, 0x8c, 0x14, 0xa5, 0x35, 0xa5, 0x55, 0xad, 0x55, 0xad,
    0x35, 0xa5, 0x55, 0xad, 0x55, 0xad, 0x35, 0xad, 0x35, 0xa5, 0x35, 0xad,
    0x55, 0xad, 0x56, 0xa5, 0x55, 0xad, 0x35, 0xa5, 0x35, 0xad, 0x55, 0xad,
    0x35, 0xad, 0x35, 0xa5, 0x35, 0xad, 0x55, 0xad, 0x55, 0xa5, 0x35, 0xa5,
    0x55, 0xad, 0x35, 0xa5, 0x35, 0xad, 0x55, 0xad, 0x55, 0xad, 0x56, 0xad,
    0x56, 0xad, 0x76, 0xad, 0x76, 0xad, 0x76, 0xad, 0x96, 0xb5, 0x96, 0xb5,
    0x97, 0xb5, 0x97, 0xb5, 0x97, 0xb5, 0x96, 0xb5, 0x97, 0xb5, 0x76, 0xb5,
    0x96, 0xb5, 0x96, 0xad, 0x96, 0xb5, 0x97, 0xb5, 0x96, 0xb5, 0x96, 0xad,
    0x76, 0xb5, 0x76, 0xb5, 0x76, 0xad, 0x76, 0xad, 0x56, 0xad, 0x55, 0xad,
    0x55, 0xad, 0x55, 0xa5, 0x35, 0xa5, 0x35, 0xa5, 0x35, 0xa5, 0x14, 0xa5,
    0x2c, 0x63, 0x2d, 0x63, 0x0c, 0x63, 0x0c, 0x63, 0x0d, 0x63, 0x0d, 0x63,
    0x0d, 0x63, 0x2d, 0x63, 0x2d, 0x63, 0x0c, 0x63, 0x2d, 0x63, 0x2d, 0x63,
    0x4d, 0x6b, 0x8e, 0x73, 0xd0, 0x7b, 0x10, 0x7c, 0x51, 0x84, 0x72, 0x8c,
    0xb3, 0x94, 0xd3, 0x94, 0xf4, 0x9c, 0xf4, 0x9c, 0x14, 0x9d, 0x14, 0x9d,
    0x15, 0xa5, 0xf4, 0x9c, 0xf4, 0x9c, 0xf4, 0x9c, 0xf4, 0x9c, 0xd3, 0x9c,
    0xd3, 0x94, 0xb3, 0x94, 0x92, 0x94, 0x52, 0x8c, 0x52, 0x8c, 0x31, 0x84,
    0xf0, 0x7b, 0xcf, 0x7b, 0xaf, 0x73, 0x6e, 0x6b, 0x4e, 0x6b, 0x8e, 0x73,
    0xaf, 0x73, 0xf0, 0x83, 0x31, 0x84, 0x72, 0x8c, 0x92, 0x94, 0x93, 0x94,
    0xd3, 0x94, 0xd4, 0x9c, 0xd3, 0x9c, 0xd3, 0x9c, 0xb3, 0x94, 0x92, 0x94,
    0x72, 0x8c, 0x51, 0x8c, 0x10, 0x84, 0xf0, 0x7b, 0xaf, 0x7b, 0x8f, 0x73,
    0x8e, 0x73, 0x8e, 0x73, 0xcf, 0x7b, 0x11, 0x84, 0x72, 0x94, 0xb3, 0x94,
    0xd3, 0x9c, 0xd4, 0x9c, 0xd4, 0x9c, 0xd4, 0x9c, 0xd4, 0x9c, 0xd3, 0x9c,
    0xd3, 0x9c, 0xd4, 0x9c, 0xd4, 0x9c, 0xd4, 0x9c, 0xb3, 0x94, 0x93, 0x94,
    0xb3, 0x9c, 0xb3, 0x94, 0x92, 0x94, 0x52, 0x8c, 0x93, 0x94, 0xb3, 0x94,
    0xd4, 0x9c, 0xd4, 0x9c, 0x14, 0xa5, 0x15, 0xa5, 0x35, 0xa5, 0x34, 0xa5,
    0x35, 0xa5, 0x15, 0xa5, 0x35, 0xa5, 0x35, 0xad, 0x35, 0xad, 0x35, 0xa5,
    0x34, 0xad, 0x15, 0xad, 0x15, 0xa5, 0x14, 0xa5, 0x14, 0xa5, 0x14, 0xa5,
    0xf4, 0xa4, 0xf4, 0xa4, 0x14, 0xa5, 0xf4, 0xa4, 0x14, 0xa5, 0x14, 0xad,
    0xf4, 0xa4, 0xf4, 0xa4, 0xf4, 0xa4, 0x14, 0xa5, 0x14, 0xad, 0xf4, 0xa4,
    0x15, 0xa5, 0x35, 0xad, 0x14, 0xa5, 0xd4, 0x9c, 0x93, 0x94, 0x51, 0x8c,
    0x10, 0x84, 0xf0, 0x7b, 0x52, 0x8c, 0xb3, 0x9c, 0x15, 0xa5, 0x55, 0xa5,
    0x55, 0xa5, 0x35, 0xad, 0x36, 0xad, 0x56, 0xa5, 0x55, 0xad, 0x55, 0xad,
    0x35, 0xad, 0x35, 0xa5, 0x35, 0xad, 0x36, 0xad, 0x55, 0xad, 0x55, 0xad,
    0x56, 0xa5, 0x35, 0xa5, 0x55, 0xad, 0x55, 0xad, 0x35, 0xa5, 0x35, 0xad,
    0x35, 0xad, 0x56, 0xa5, 0x55, 0xad, 0x55, 0xad, 0x56, 0xad, 0x76, 0xad,
    0x76, 0xad, 0x76, 0xad, 0x76, 0xad, 0x96, 0xb5, 0x96, 0xb5, 0x97, 0xb5,
    0x96, 0xb5, 0x96, 0xb5, 0x96, 0xb5, 0x96, 0xad, 0x96, 0xb5, 0x96, 0xad,
    0x97, 0xb5, 0x76, 0xb5, 0x76, 0xad, 0x96, 0xad, 0x96, 0xb5, 0x76, 0xad,
    0x76, 0xad, 0x76, 0xad, 0x76, 0xad, 0x56, 0xad, 0x55, 0xad, 0x55, 0xad,
    0x35, 0xa5, 0x35, 0xa5, 0x35, 0xa5, 0x15, 0xa5, 0x14, 0xa5, 0x14, 0xa5,
    0x0d, 0x63, 0x0d, 0x63, 0x0d, 0x63, 0x0d, 0x63, 0x0d, 0x63, 0x2c, 0x63,
    0x0c, 0x63, 0x0c, 0x63, 0x2d, 0x63, 0x0c, 0x63, 0x2d, 0x63, 0x4d, 0x6b,
    0xaf, 0x73, 0xf0, 0x7b, 0x31, 0x84, 0x52, 0x8c, 0x92, 0x8c, 0xb3, 0x94,
    0xd4, 0x9c, 0xf4, 0x9c, 0x14, 0x9d, 0x14, 0x9d, 0x15, 0xa5, 0x14, 0xa5,
    0x15, 0x9d, 0xf4, 0x9c, 0xf4, 0x9c, 0xf4, 0x9c, 0xd4, 0x9c, 0xd3, 0x94,
    0xb3, 0x94, 0x93, 0x8c, 0x72, 0x8c, 0x51, 0x8c, 0x31, 0x84, 0xf0, 0x7b,
    0xcf, 0x7b, 0x8f, 0x73, 0x6e, 0x6b, 0x6e, 0x6b, 0x8f, 0x73, 0xf0, 0x7b,
    0x31, 0x84, 0x51, 0x8c, 0x72, 0x8c, 0x92, 0x94, 0xb3, 0x94, 0xd3, 0x9c,
    0xd4, 0x9c, 0xf4, 0x9c, 0xd3, 0x9c, 0xb3, 0x94, 0x92, 0x8c, 0x72, 0x8c,
    0x31, 0x84, 0x10, 0x84, 0xf0, 0x7b, 0xcf, 0x7b, 0x8e, 0x73, 0x6e, 0x73,
    0x6d, 0x6b, 0x4d, 0x6b, 0x6e, 0x6b, 0xaf, 0x7b, 0x31, 0x84, 0x72, 0x94,
    0xb3, 0x9c, 0xd4, 0x9c, 0xd3, 0x9c, 0xd3, 0x9c, 0xd3, 0x9c, 0xd3, 0x9c,
    0xd4, 0x94, 0xd4, 0x9c, 0xb3, 0x9c, 0xd3, 0x9c, 0xd3, 0x94, 0x93, 0x94,
    0x92, 0x94, 0x92, 0x94, 0x72, 0x8c, 0x92, 0x94, 0xb3, 0x94, 0xb3, 0x94,
    0xd3, 0x9c, 0xd4, 0x9c, 0xf4, 0xa4, 0x15, 0xa5, 0x34, 0xa5, 0x15, 0xa5,
    0x35, 0xa5, 0x15, 0xa5, 0x34, 0xa5, 0x34, 0xa5, 0x15, 0xa5, 0x34, 0xad,
    0x15, 0xa5, 0x14, 0xa5, 0x14, 0xa5, 0x14, 0xad, 0x14, 0xa5, 0x14, 0xa5,
    0xf4, 0xa4, 0x14, 0xa5, 0x14, 0xad, 0xf4, 0xac, 0xf4, 0xa4, 0xf4, 0xa4,
    0xf4, 0xa4, 0xf4, 0xa4, 0x13, 0xa5, 0xf4, 0xa4, 0x14, 0xa5, 0x14, 0xa5,
    0x14, 0xa5, 0x15, 0xa5, 0x14, 0xa5, 0xf4, 0x9c, 0xd4, 0x9c, 0xd3, 0x9c,
    0xd3, 0x9c, 0x51, 0x8c, 0xf0, 0x7b, 0x31, 0x84, 0x93, 0x94, 0x14, 0xa5,
    0x35, 0xad, 0x35, 0xad, 0x55, 0xa5, 0x55, 0xa5, 0x35, 0xad, 0x56, 0xad,
    0x56, 0xa5, 0x35, 0xad, 0x55, 0xad, 0x55, 0xa5, 0x36, 0xa5, 0x55, 0xad,
    0x35, 0xad, 0x56, 0xad, 0x55, 0xad, 0x36, 0xa5, 0x36, 0xa5, 0x55, 0xad,
    0x55, 0xa5, 0x55, 0xad, 0x55, 0xad, 0x56, 0xad, 0x76, 0xad, 0x76, 0xad,
    0x76, 0xb5, 0x96, 0xb5, 0x97, 0xb5, 0x97, 0xb5, 0x97, 0xb5, 0x96, 0xb5,
    0x97, 0xb5, 0x97, 0xb5, 0x96, 0xad, 0x96, 0xb5, 0x96, 0xb5, 0x96, 0xad,
    0x76, 0xad, 0x96, 0xb5, 0x96, 0xb5, 0x76, 0xb5, 0x76, 0xb5, 0x76, 0xad,
    0x76, 0xad, 0x76, 0xad, 0x56, 0xad, 0x55, 0xad, 0x55, 0xad, 0x35, 0xa5,
    0x35, 0xa5, 0x15, 0xa5, 0x15, 0xa5, 0x14, 0xa5, 0xf4, 0x9c, 0xf4, 0x9c,
    0x0d, 0x63, 0x0c, 0x63, 0x0c, 0x63, 0x0c, 0x63, 0x2d, 0x63, 0x2d, 0x63,
    0x0c, 0x63, 0x0d, 0x63, 0x0c, 0x63, 0x2d, 0x63, 0x4e, 0x6b, 0xaf, 0x73,
    0x10, 0x7c, 0x31, 0x84, 0x72, 0x8c, 0x93, 0x94, 0xb3, 0x94, 0xd4, 0x9c,
    0xf4, 0x9c, 0x14, 0x9d, 0x14, 0xa5, 0x15, 0xa5, 0x14, 0xa5, 0x14, 0x9d,
    0xf4, 0xa4, 0xf4, 0x9c, 0xf4, 0x9c, 0xd4, 0x9c, 0xb3, 0x9c, 0xb3, 0x94,
    0x92, 0x8c, 0x52, 0x8c, 0x52, 0x8c, 0x31, 0x84, 0xf0, 0x7b, 0xaf, 0x73,
    0x8f, 0x73, 0x6e, 0x6b, 0x6e, 0x6b, 0xcf, 0x73, 0xf0, 0x83, 0x31, 0x84,
    0x52, 0x8c, 0x72, 0x8c, 0x93, 0x94, 0xb3, 0x94, 0xd3, 0x9c, 0xf4, 0x9c,
    0xd4, 0x9c, 0xb3, 0x9c, 0xb3, 0x94, 0x92, 0x94, 0x72, 0x8c, 0x51, 0x8c,
    0x10, 0x84, 0xf0, 0x7b, 0xcf, 0x7b, 0xaf, 0x73, 0x6e, 0x73, 0x4d, 0x6b,
    0x4d, 0x6b, 0x2d, 0x63, 0x2d, 0x6b, 0x6e, 0x6b, 0xcf, 0x7b, 0x51, 0x8c,
    0x93, 0x94, 0xd3, 0x9c, 0xd4, 0x9c, 0xd3, 0x9c, 0xd4, 0x9c, 0xd4, 0x9c,
    0xd4, 0x9c, 0xd3, 0x94, 0xd3, 0x9c, 0xd4, 0x9c, 0xd4, 0x9c, 0xb3, 0x94,
    0x72, 0x8c, 0x11, 0x84, 0x11, 0x84, 0x52, 0x8c, 0xb3, 0x94, 0xd3, 0x9c,
    0xd3, 0x9c, 0xd4, 0x9c, 0x14, 0xa5, 0x14, 0xa5, 0x35, 0xa5, 0x14, 0xa5,
    0x15, 0xa5, 0x35, 0xa5, 0x15, 0xa5, 0x15, 0xa5, 0x15, 0xad, 0x14, 0xa5,
    0x14, 0xa5, 0x14, 0xa5, 0x14, 0xad, 0x14, 0xa5, 0xf4, 0xa4, 0xf4, 0xac,
    0xf4, 0xac, 0xf4, 0xa4, 0x14, 0xa5, 0xf4, 0xa4, 0x13, 0xa5, 0xf4, 0xa4,
    0xf4, 0xa4, 0xf4, 0xac, 0xf4, 0xa4, 0xf4, 0xa4, 0x14, 0xa5, 0x14, 0xa5,
    0x14, 0xad, 0x14, 0xa5, 0xf4, 0xa4, 0xf4, 0x9c, 0xf4, 0x9c, 0xf4, 0x9c,
    0xf4, 0x9c, 0xb3, 0x94, 0x93, 0x94, 0xb3, 0x94, 0xb3, 0x94, 0xf4, 0x9c,
    0x15, 0xa5, 0x55, 0xa5, 0x55, 0xad, 0x35, 0xad, 0x35, 0xa5, 0x35, 0xa5,
    0x55, 0xad, 0x55, 0xad, 0x36, 0xa5, 0x35, 0xa5, 0x55, 0xad, 0x35, 0xa5,
    0x35, 0xa5, 0x35, 0xad, 0x55, 0xa5, 0x35, 0xa5, 0x35, 0xad, 0x55, 0xad,
    0x56, 0xad, 0x56, 0xad, 0x76, 0xad, 0x76, 0xad, 0x76, 0xad, 0x76, 0xb5,
    0x96, 0xb5, 0x96, 0xb5, 0x96, 0xb5, 0x96, 0xb5, 0x96, 0xb5, 0x96, 0xad,
    0x76, 0xb5, 0x96, 0xad, 0x76, 0xad, 0x76, 0xb5, 0x76, 0xad, 0x76, 0xb5,
    0x76, 0xb5, 0x76, 0xad, 0x76, 0xad, 0x76, 0xb5, 0x76, 0xad, 0x76, 0xad,
    0x76, 0xad, 0x55, 0xad, 0x55, 0xad, 0x35, 0xa5, 0x35, 0xa5, 0x35, 0xa5,
    0x15, 0xa5, 0x14, 0xa5, 0x14, 0x9d, 0xf4, 0x9c, 0xd4, 0x9c, 0xd3, 0x9c,
    0x0c, 0x63, 0x0c, 0x63, 0x0c, 0x63, 0x0d, 0x63, 0x2d, 0x63, 0x2c, 0x63,
    0x2d, 0x63, 0x0d, 0x63, 0x2d, 0x63, 0x6e, 0x6b, 0xcf, 0x73, 0x10, 0x7c,
    0x51, 0x8c, 0x93, 0x94, 0xb3, 0x94, 0xd3, 0x9c, 0xf4, 0x9c, 0x14, 0x9d,
    0x14, 0xa5, 0x15, 0xa5, 0x15, 0xa5, 0x14, 0x9d, 0x14, 0x9d, 0x14, 0x9d,
    0xf4, 0x9c, 0xf4, 0x9c, 0xf4, 0x9c, 0xd3, 0x94, 0x93, 0x94, 0x92, 0x8c,
    0x72, 0x8c, 0x51, 0x8c, 0x31, 0x84, 0xf0, 0x7b, 0xaf, 0x73, 0x8e, 0x73,
    0x6e, 0x6b, 0x8f, 0x73, 0xf0, 0x7b, 0x31, 0x84, 0x51, 0x8c, 0x72, 0x8c,
    0x92, 0x94, 0xb3, 0x94, 0xb3, 0x9c, 0xf4, 0x9c, 0xf4, 0x9c, 0xd3, 0x9c,
    0xd3, 0x9c, 0xb3, 0x94, 0x92, 0x94, 0x51, 0x8c, 0x31, 0x84, 0x30, 0x84,
    0xf0, 0x7b, 0xcf, 0x7b, 0xaf, 0x73, 0x8e, 0x73, 0x6e, 0x6b, 0x4d, 0x6b,
    0x2d, 0x63, 0x0c, 0x63, 0x0c, 0x63, 0x2d, 0x63, 0x8e, 0x73, 0x10, 0x84,
    0x72, 0x8c, 0xb3, 0x9c, 0xd4, 0x9c, 0xd4, 0x9c, 0xd4, 0x9c, 0xd3, 0x9c,
    0xd3, 0x9c, 0xd4, 0x9c, 0xd4, 0x9c, 0xd3, 0x9c, 0xd3, 0x9c, 0xd4, 0x9c,
    0xb3, 0x9c, 0x72, 0x94, 0x31, 0x84, 0x10, 0x84, 0x52, 0x8c, 0x93, 0x94,
    0xb3, 0x94, 0xd4, 0x9c, 0x14, 0xa5, 0x15, 0xa5, 0x15, 0xa5, 0x35, 0xa5,
    0x15, 0xa5, 0x34, 0xa5, 0x14, 0xa5, 0x14, 0xad, 0x14, 0xa5, 0x14, 0xa5,
    0x14, 0xad, 0xf4, 0xa4, 0x14, 0xa5, 0xf4, 0xa4, 0xf4, 0xa4, 0xf4, 0xa4,
    0x14, 0xa5, 0xf4, 0xa4, 0xf4, 0xa4, 0x14, 0xa5, 0x14, 0xad, 0xf4, 0xa4,
    0xf4, 0xa4, 0x13, 0xa5, 0x14, 0xa5, 0xf4, 0xa4, 0xf4, 0xa4, 0x14, 0xa5,
    0x14, 0xa5, 0x15, 0xa5, 0xf4, 0xa4, 0xf4, 0x9c, 0xf4, 0x9c, 0xf4, 0x9c,
    0xd3, 0x9c, 0xb3, 0x9c, 0xd3, 0x9c, 0xf4, 0x9c, 0xf4, 0x9c, 0xf4, 0x9c,
    0x14, 0xa5, 0x35, 0xad, 0x35, 0xa5, 0x55, 0xa5, 0x55, 0xad, 0x36, 0xad,
    0x35, 0xa5, 0x35, 0xa5, 0x55, 0xad, 0x36, 0xad, 0x55, 0xad, 0x56, 0xad,
    0x36, 0xa5, 0x55, 0xad, 0x35, 0xa5, 0x55, 0xad, 0x55, 0xad, 0x56, 0xad,
    0x56, 0xad, 0x76, 0xad, 0x76, 0xad, 0x76, 0xb5, 0x96, 0xad, 0x96, 0xad,
    0x96, 0xad, 0x96, 0xad, 0x76, 0xad, 0x76, 0xb5, 0x76, 0xad, 0x96, 0xad,
    0x76, 0xb5, 0x76, 0xb5, 0x76, 0xad, 0x76, 0xb5, 0x76, 0xb5, 0x76, 0xad,
    0x76, 0xb5, 0x76, 0xad, 0x76, 0xad, 0x76, 0xad, 0x76, 0xad, 0x56, 0xad,
    0x55, 0xad, 0x35, 0xad, 0x35, 0xad, 0x35, 0xa5, 0x35, 0xa5, 0x14, 0xa5,
    0x14, 0xa5, 0xf4, 0x9c, 0xf4, 0x9c, 0xd4, 0x9c, 0xd3, 0x9c, 0xb3, 0x9c,
    0x0d, 0x63, 0x2d, 0x63, 0x0c, 0x63, 0x0c, 0x63, 0x0d, 0x63, 0x0d, 0x63,
    0x2d, 0x63, 0x2d, 0x6b, 0x6e, 0x6b, 0xef, 0x7b, 0x11, 0x84, 0x51, 0x8c,
    0x92, 0x94, 0xb3, 0x94, 0xf4, 0x9c, 0xf4, 0x9c, 0x14, 0xa5, 0x15, 0xa5,
    0x14, 0xa5, 0x15, 0xa5, 0x14, 0x9d, 0x14, 0x9d, 0x15, 0xa5, 0xf4, 0x9c,
    0xf4, 0x9c, 0xd4, 0x9c, 0xd3, 0x9c, 0xb3, 0x94, 0x92, 0x8c, 0x72, 0x8c,
    0x51, 0x8c, 0x31, 0x84, 0xf0, 0x7b, 0xaf, 0x73, 0x8f, 0x73, 0x8e, 0x6b,
    0xaf, 0x73, 0x10, 0x7c, 0x31, 0x84, 0x52, 0x8c, 0x92, 0x8c, 0x93, 0x94,
    0xb3, 0x94, 0xd3, 0x9c, 0xf4, 0x9c, 0xf4, 0x9c, 0xd4, 0x9c, 0xb3, 0x9c,
    0xb3, 0x94, 0x92, 0x8c, 0x72, 0x8c, 0x31, 0x84, 0x11, 0x84, 0xf0, 0x7b,
    0xcf, 0x7b, 0xaf, 0x73, 0x8e, 0x73, 0x6e, 0x6b, 0x4d, 0x6b, 0x2d, 0x6b,
    0x0c, 0x63, 0x0c, 0x63, 0xec, 0x62, 0x0c, 0x63, 0x2d, 0x6b, 0xaf, 0x7b,
    0x31, 0x84, 0x93, 0x94, 0xb3, 0x9c, 0xd3, 0x9c, 0xd3, 0x9c, 0xd3, 0x94,
    0xb3, 0x9c, 0xb3, 0x9c, 0xb3, 0x94, 0x93, 0x94, 0x93, 0x94, 0xb3, 0x94,
    0xd3, 0x9c, 0xd4, 0x9c, 0xd3, 0x9c, 0xb3, 0x94, 0x72, 0x8c, 0x92, 0x94,
    0xb3, 0x9c, 0xf4, 0x9c, 0x14, 0xa5, 0x14, 0xa5, 0x15, 0xa5, 0x34, 0xa5,
    0x34, 0xa5, 0x15, 0xa5, 0x14, 0xa5, 0x14, 0xa5, 0x14, 0xa5, 0x14, 0xa5,
    0x14, 0xa5, 0xf4, 0xa4, 0xf4, 0xa4, 0xf4, 0xa4, 0xf3, 0xa4, 0xf4, 0xa4,
    0xf4, 0xa4, 0xf4, 0xa4, 0xf3, 0xa4, 0x14, 0xad, 0xf4, 0xa4, 0xf4, 0xa4,
    0xf4, 0xa4, 0xf4, 0xa4, 0xf4, 0xa4, 0xf4, 0xa4, 0x14, 0xad, 0x14, 0xa5,
    0x14, 0xa5, 0x15, 0xad, 0xf4, 0xa4, 0xf4, 0x9c, 0xf4, 0x9c, 0xd3, 0x9c,
    0x93, 0x94, 0x92, 0x94, 0xb3, 0x94, 0xd3, 0x9c, 0xd4, 0x9c, 0xf4, 0x9c,
    0xf4, 0xa4, 0x35, 0xa5, 0x35, 0xa5, 0x35, 0xad, 0x55, 0xad, 0x55, 0xad,
    0x55, 0xad, 0x36, 0xa5, 0x55, 0xad, 0x55, 0xad, 0x35, 0xa5, 0x35, 0xa5,
    0x55, 0xad, 0x55, 0xad, 0x56, 0xad, 0x56, 0xad, 0x76, 0xad, 0x76, 0xad,
    0x76, 0xad, 0x76, 0xad, 0x76, 0xad, 0x76, 0xad, 0x56, 0xad, 0x56, 0xad,
    0x55, 0xad, 0x56, 0xad, 0x76, 0xad, 0x76, 0xad, 0x76, 0xad, 0x76, 0xb5,
    0x76, 0xb5, 0x76, 0xad, 0x76, 0xb5, 0x76, 0xad, 0x76, 0xad, 0x76, 0xad,
    0x76, 0xad, 0x76, 0xad, 0x76, 0xad, 0x56, 0xad, 0x55, 0xad, 0x55, 0xad,
    0x35, 0xa5, 0x35, 0xa5, 0x35, 0xa5, 0x15, 0xa5, 0x14, 0xa5, 0xf4, 0xa4,
    0xf4, 0x9c, 0xd4, 0x9c, 0xd4, 0x9c, 0xd3, 0x94, 0xb3, 0x94, 0x93, 0x94,
    0x0c, 0x63, 0x2d, 0x63, 0x2d, 0x63, 0x2d, 0x63, 0x0c, 0x63, 0x2c, 0x63,
    0x4d, 0x6b, 0x8f, 0x73, 0xf0, 0x7b, 0x31, 0x84, 0x72, 0x8c, 0x93, 0x94,
    0xb3, 0x94, 0xf4, 0x9c, 0x14, 0xa5, 0x35, 0xa5, 0x35, 0xa5, 0x15, 0xa5,
    0x15, 0xa5, 0x34, 0xa5, 0x15, 0x9d, 0x14, 0xa5, 0x14, 0x9d, 0xf4, 0x9c,
    0xd4, 0x9c, 0xb3, 0x94, 0xb2, 0x94, 0x92, 0x94, 0x72, 0x8c, 0x52, 0x8c,
    0x11, 0x84, 0xf0, 0x7b, 0xaf, 0x73, 0x8f, 0x73, 0x8f, 0x73, 0xd0, 0x7b,
    0x31, 0x84, 0x52, 0x8c, 0x72, 0x8c, 0x92, 0x94, 0xb3, 0x94, 0xd3, 0x9c,
    0xf4, 0x9c, 0xf4, 0x9c, 0xf4, 0x9c, 0xd3, 0x9c, 0xb3, 0x94, 0xb3, 0x94,
    0x72, 0x8c, 0x72, 0x8c, 0x51, 0x8c, 0x31, 0x84, 0x10, 0x84, 0xf0, 0x7b,
    0xaf, 0x73, 0x8e, 0x73, 0x8e, 0x73, 0x6e, 0x6b, 0x4d, 0x6b, 0x2d, 0x6b,
    0x2c, 0x63, 0x0d, 0x63, 0x0c, 0x63, 0x0c, 0x63, 0x0c, 0x63, 0x8e, 0x73,
    0x10, 0x84, 0x52, 0x8c, 0xb3, 0x94, 0xb3, 0x9c, 0xb3, 0x94, 0xb3, 0x94,
    0x93, 0x94, 0x72, 0x94, 0x72, 0x8c, 0x72, 0x8c, 0x52, 0x8c, 0x72, 0x8c,
    0x72, 0x94, 0xb3, 0x94, 0xd3, 0x9c, 0xd4, 0x9c, 0xf4, 0x9c, 0xd3, 0x9c,
    0xf4, 0x9c, 0xf4, 0xa4, 0x14, 0xa5, 0x15, 0xa5, 0x14, 0xa5, 0x15, 0xa5,
    0x15, 0xa5, 0x14, 0xa5, 0x15, 0xa5, 0x15, 0xa5, 0x14, 0xa5, 0xf4, 0xa4,
    0xf4, 0xa4, 0xf4, 0xa4, 0xf4, 0xa4, 0xf4, 0xa4, 0xf4, 0xa4, 0xf4, 0xa4,
    0xf4, 0xa4, 0xf4, 0xa4, 0x14, 0xa5, 0xf4, 0xa4, 0xf4, 0xa4, 0xf3, 0xa4,
    0x14, 0xa5, 0xf3, 0xac, 0xf4, 0xa4, 0xf4, 0xa4, 0x14, 0xa5, 0x14, 0xa5,
    0x14, 0xa5, 0x14, 0xa5, 0x14, 0xa5, 0xf4, 0x9c, 0x93, 0x94, 0x72, 0x8c,
    0x51, 0x8c, 0x72, 0x8c, 0xb3, 0x94, 0xb3, 0x94, 0xb3, 0x94, 0xd3, 0x9c,
    0xd4, 0x9c, 0x15, 0xa5, 0x35, 0xad, 0x55, 0xad, 0x35, 0xa5, 0x35, 0xa5,
    0x55, 0xad, 0x55, 0xad, 0x36, 0xa5, 0x35, 0xa5, 0x55, 0xad, 0x55, 0xa5,
    0x55, 0xad, 0x55, 0xad, 0x56, 0xad, 0x76, 0xad, 0x76, 0xad, 0x76, 0xb5,
    0x76, 0xb5, 0x76, 0xad, 0x76, 0xad, 0x56, 0xad, 0x35, 0xa5, 0x35, 0xa5,
    0x15, 0xa5, 0x35, 0xa5, 0x35, 0xa5, 0x56, 0xad, 0x76, 0xad, 0x76, 0xad,
    0x76, 0xad, 0x76, 0xad, 0x76, 0xb5, 0x76, 0xad, 0x76, 0xad, 0x76, 0xad,
    0x56, 0xad, 0x56, 0xad, 0x55, 0xad, 0x55, 0xad, 0x55, 0xad, 0x35, 0xad,
    0x35, 0xa5, 0x35, 0xa5, 0x15, 0xa5, 0x14, 0xa5, 0xf4, 0x9c, 0xf4, 0x9c,
    0xd3, 0x9c, 0xd3, 0x9c, 0xb3, 0x94, 0x93, 0x94, 0x92, 0x94, 0x92, 0x8c,
    0x0c, 0x63, 0x0d, 0x63, 0x2d, 0x63, 0x2d, 0x63, 0x2d, 0x63, 0x4d, 0x6b,
    0x8f, 0x73, 0x10, 0x7c, 0x51, 0x8c, 0x72, 0x8c, 0xb3, 0x94, 0xd3, 0x9c,
    0xf4, 0x9c, 0x14, 0xa5, 0x35, 0xa5, 0x35, 0xa5, 0x35, 0xa5, 0x35, 0xa5,
    0x14, 0xa5, 0x14, 0xa5, 0x15, 0xa5, 0x14, 0xa5, 0x14, 0x9d, 0xd4, 0x9c,
    0xb3, 0x94, 0xb3, 0x94, 0x92, 0x8c, 0x72, 0x8c, 0x51, 0x8c, 0x11, 0x7c,
    0xd0, 0x7b, 0xaf, 0x73, 0x8e, 0x6b, 0xaf, 0x73, 0xf0, 0x7b, 0x51, 0x8c,
    0x72, 0x8c, 0x93, 0x94, 0xb3, 0x94, 0xd3, 0x9c, 0xd4, 0x9c, 0xf4, 0x9c,
    0xf4, 0x9c, 0xf4, 0x9c, 0xd3, 0x9c, 0xb3, 0x94, 0x92, 0x94, 0x92, 0x94,
    0x72, 0x8c, 0x51, 0x8c, 0x31, 0x84, 0x11, 0x84, 0xf0, 0x7b, 0xcf, 0x7b,
    0xaf, 0x73, 0xaf, 0x73, 0xaf, 0x73, 0x8e, 0x73, 0x8e, 0x73, 0xaf, 0x73,
    0xaf, 0x73, 0xaf, 0x7b, 0xaf, 0x7b, 0xaf, 0x7b, 0xaf, 0x73, 0xcf, 0x7b,
    0x10, 0x84, 0x52, 0x8c, 0x92, 0x94, 0xb3, 0x94, 0xb3, 0x94, 0x72, 0x94,
    0x52, 0x8c, 0x31, 0x84, 0x31, 0x84, 0x51, 0x8c, 0x51, 0x8c, 0x51, 0x8c,
    0x52, 0x8c, 0x52, 0x8c, 0x72, 0x8c, 0xb3, 0x9c, 0xf4, 0x9c, 0xf4, 0xa4,
    0xf4, 0xa4, 0xf4, 0xa4, 0x14, 0xa5, 0x15, 0x9d, 0x15, 0xa5, 0x14, 0xa5,
    0x15, 0xa5, 0x14, 0xa5, 0x14, 0xa5, 0x14, 0xa5, 0xf4, 0xa4, 0xf4, 0xa4,
    0xf4, 0xa4, 0xf4, 0xa4, 0xf4, 0xa4, 0xf3, 0xa4, 0xf4, 0xa4, 0xf4, 0xa4,
    0xf3, 0xa4, 0xf4, 0xa4, 0xf4, 0xa4, 0xf4, 0xa4, 0xf4, 0xa4, 0x14, 0xa5,
    0xf4, 0xa4, 0xf4, 0xa4, 0x13, 0xa5, 0xf4, 0xa4, 0x14, 0xa5, 0x14, 0xa5,
    0x14, 0xa5, 0x15, 0xa5, 0x15, 0xa5, 0xf4, 0xa4, 0xb3, 0x94, 0x72, 0x8c,
    0x51, 0x8c, 0x52, 0x8c, 0xb3, 0x94, 0xb3, 0x9c, 0xb3, 0x9c, 0xd4, 0x9c,
    0x14, 0x9d, 0x35, 0xa5, 0x35, 0xad, 0x35, 0xa5, 0x55, 0xa5, 0x35, 0xa5,
    0x35, 0xad, 0x35, 0xad, 0x55, 0xa5, 0x55, 0xad, 0x56, 0xad, 0x56, 0xad,
    0x56, 0xad, 0x76, 0xad, 0x76, 0xad, 0x76, 0xad, 0x76, 0xad, 0x76, 0xad,
    0x76, 0xad, 0x76, 0xad, 0x76, 0xad, 0x76, 0xad, 0x55, 0xad, 0x55, 0xa5,
    0x35, 0xa5, 0x35, 0xa5, 0x35, 0xa5, 0x35, 0xa5, 0x56, 0xad, 0x76, 0xad,
    0x76, 0xad, 0x76, 0xad, 0x76, 0xad, 0x76, 0xad, 0x76, 0xad, 0x56, 0xad,
    0x55, 0xad, 0x55, 0xad, 0x55, 0xad, 0x35, 0xa5, 0x35, 0xa5, 0x35, 0xa5,
    0x15, 0xa5, 0x14, 0xa5, 0xf4, 0xa4, 0xf4, 0x9c, 0xf4, 0x9c, 0xd3, 0x9c,
    0xb3, 0x94, 0xb3, 0x94, 0x93, 0x94, 0x92, 0x94, 0x72, 0x8c, 0x52, 0x8c,
    0x2d, 0x63, 0x2d, 0x63, 0x2d, 0x63, 0x2d, 0x6b, 0x6e, 0x6b, 0xaf, 0x73,
    0x10, 0x84, 0x51, 0x8c, 0x92, 0x8c, 0xb3, 0x94, 0xd4, 0x9c, 0x14, 0xa5,
    0x14, 0xa5, 0x35, 0xa5, 0x35, 0xa5, 0x35, 0xa5, 0x35, 0xa5, 0x34, 0xa5,
    0x15, 0xa5, 0x15, 0xa5, 0x14, 0x9d, 0xf4, 0x9c, 0xd4, 0x9c, 0xb3, 0x94,
    0xb3, 0x94, 0x92, 0x8c, 0x52, 0x8c, 0x31, 0x84, 0xf0, 0x7b, 0xcf, 0x7b,
    0x8f, 0x73, 0x8e, 0x73, 0xcf, 0x73, 0x11, 0x84, 0x52, 0x8c, 0x92, 0x94,
    0xb3, 0x94, 0xd3, 0x9c, 0xf4, 0x9c, 0xf4, 0xa4, 0xf4, 0x9c, 0xf4, 0x9c,
    0xd4, 0x9c, 0xd3, 0x9c, 0xb3, 0x94, 0x93, 0x94, 0x92, 0x8c, 0x72, 0x8c,
    0x52, 0x8c, 0x51, 0x84, 0x31, 0x84, 0x10, 0x84, 0xf0, 0x7b, 0xaf, 0x73,
    0xaf, 0x73, 0xcf, 0x73, 0xd0, 0x7b, 0xf0, 0x7b, 0x11, 0x84, 0x31, 0x84,
    0x51, 0x8c, 0x51, 0x8c, 0x52, 0x8c, 0x52, 0x8c, 0x72, 0x8c, 0x72, 0x8c,
    0x72, 0x8c, 0x72, 0x94, 0x92, 0x94, 0x93, 0x94, 0x92, 0x94, 0x52, 0x8c,
    0x10, 0x84, 0xd0, 0x7b, 0xf0, 0x7b, 0x11, 0x84, 0x31, 0x8c, 0x31, 0x84,
    0x51, 0x8c, 0x52, 0x8c, 0x72, 0x8c, 0xb3, 0x94, 0xd4, 0x9c, 0xf4, 0xa4,
    0xf4, 0x9c, 0xf4, 0x9c, 0x14, 0xa5, 0x14, 0xa5, 0x15, 0xa5, 0x14, 0xa5,
    0x15, 0xa5, 0x14, 0xa5, 0x14, 0xa5, 0x14, 0xa5, 0xf4, 0xa4, 0xf4, 0xa4,
    0xf4, 0xa4, 0xf3, 0xa4, 0xf4, 0xa4, 0xf4, 0xa4, 0xf3, 0xa4, 0xf4, 0xa4,
    0xf4, 0xa4, 0xf3, 0xa4, 0xf4, 0xa4, 0xf3, 0xa4, 0xf4, 0xa4, 0xf4, 0xa4,
    0xf4, 0xa4, 0xf4, 0xa4, 0x14, 0xa5, 0xf4, 0xa4, 0x14, 0xa5, 0x14, 0xad,
    0x14, 0xa5, 0x15, 0xad, 0x15, 0xad, 0x14, 0xa5, 0x14, 0xa5, 0xf4, 0x9c,
    0xb3, 0x9c, 0x93, 0x94, 0xb3, 0x94, 0xd3, 0x9c, 0xf4, 0x9c, 0x14, 0xa5,
    0x35, 0xa5, 0x35, 0xa5, 0x35, 0xa5, 0x35, 0xad, 0x35, 0xad, 0x55, 0xad,
    0x35, 0xa5, 0x56, 0xa5, 0x55, 0xad, 0x55, 0xad, 0x56, 0xad, 0x56, 0xad,
    0x76, 0xad, 0x76, 0xad, 0x76, 0xad, 0x76, 0xb5, 0x76, 0xad, 0x76, 0xad,
    0x76, 0xad, 0x76, 0xad, 0x76, 0xad, 0x56, 0xad, 0x56, 0xa5, 0x76, 0xad,
    0x56, 0xa5, 0x55, 0xa5, 0x55, 0xa5, 0x55, 0xad, 0x76, 0xad, 0x76, 0xad,
    0x76, 0xad, 0x76, 0xad, 0x56, 0xad, 0x56, 0xad, 0x55, 0xad, 0x55, 0xad,
    0x55, 0xad, 0x35, 0xad, 0x35, 0xa5, 0x35, 0xa5, 0x15, 0xa5, 0x14, 0xa5,
    0xf4, 0x9c, 0xf4, 0x9c, 0xf4, 0x9c, 0xd4, 0x9c, 0xb3, 0x94, 0xb3, 0x94,
    0x93, 0x94, 0x92, 0x94, 0x72, 0x8c, 0x72, 0x8c, 0x51, 0x8c, 0x31, 0x8c,
    0x2d, 0x63, 0x2d, 0x63, 0x4d, 0x6b, 0x6e, 0x73, 0xcf, 0x7b, 0x11, 0x84,
    0x72, 0x8c, 0x93, 0x94, 0xd3, 0x94, 0xf4, 0x9c, 0x14, 0xa5, 0x35, 0xa5,
    0x35, 0xa5, 0x35, 0xa5, 0x35, 0xa5, 0x35, 0xa5, 0x35, 0xad, 0x35, 0xa5,
    0x14, 0xa5, 0x14, 0xa5, 0xf4, 0x9c, 0xd3, 0x94, 0xd3, 0x94, 0x93, 0x94,
    0x72, 0x8c, 0x51, 0x8c, 0x31, 0x84, 0xf0, 0x7b, 0xcf, 0x73, 0x8f, 0x73,
    0x8f, 0x73, 0xf0, 0x7b, 0x31, 0x84, 0x72, 0x8c, 0x93, 0x94, 0xd3, 0x9c,
    0xf4, 0x9c, 0xf4, 0x9c, 0x15, 0xa5, 0x35, 0xa5, 0x14, 0xa5, 0xf4, 0x9c,
    0xd3, 0x9c, 0xb3, 0x94, 0x92, 0x94, 0x72, 0x8c, 0x72, 0x8c, 0x71, 0x8c,
    0x51, 0x8c, 0x31, 0x84, 0x31, 0x84, 0x10, 0x84, 0xd0, 0x7b, 0xcf, 0x73,
    0x8e, 0x73, 0x8f, 0x73, 0xcf, 0x7b, 0x10, 0x84, 0x52, 0x8c, 0x72, 0x94,
    0x92, 0x94, 0xb3, 0x94, 0xb3, 0x94, 0xb3, 0x94, 0xb3, 0x9c, 0xb3, 0x9c,
    0xb3, 0x9c, 0xd3, 0x9c, 0xb3, 0x94, 0x92, 0x94, 0x52, 0x8c, 0x31, 0x84,
    0xf0, 0x7b, 0x8e, 0x73, 0x8f, 0x73, 0xcf, 0x7b, 0x11, 0x84, 0x31, 0x84,
    0x52, 0x8c, 0x92, 0x94, 0x93, 0x94, 0xb3, 0x94, 0xd3, 0x9c, 0xf4, 0x9c,
    0xf4, 0xa4, 0xf4, 0x9c, 0x14, 0xa5, 0x15, 0xa5, 0x14, 0xa5, 0x15, 0xa5,
    0x14, 0xa5, 0x14, 0xa5, 0xf4, 0xa4, 0x14, 0xa5, 0xf4, 0xa4, 0xf4, 0xa4,
    0xf3, 0xa4, 0xf4, 0xa4, 0xf3, 0xa4, 0xf4, 0xa4, 0xf4, 0xa4, 0xf3, 0xa4,
    0xf4, 0xa4, 0xf4, 0xa4, 0xf4, 0xa4, 0xf4, 0xa4, 0xf4, 0xa4, 0xf3, 0xa4,
    0xf4, 0xa4, 0xf3, 0xa4, 0xf4, 0xa4, 0xf4, 0xa4, 0x14, 0xa5, 0x14, 0xa5,
    0x14, 0xa5, 0x15, 0xa5, 0x34, 0xa5, 0x35, 0xa5, 0x35, 0xa5, 0x35, 0xa5,
    0x14, 0xa5, 0xf4, 0x9c, 0xf4, 0x9c, 0x14, 0xa5, 0x35, 0xa5, 0x35, 0xa5,
    0x35, 0xad, 0x35, 0xa5, 0x35, 0xad, 0x35, 0xa5, 0x35, 0xa5, 0x55, 0xad,
    0x55, 0xad, 0x55, 0xad, 0x56, 0xad, 0x56, 0xad, 0x76, 0xad, 0x76, 0xad,
    0x76, 0xad, 0x96, 0xb5, 0x96, 0xb5, 0x76, 0xad, 0x76, 0xad, 0x76, 0xad,
    0x76, 0xad, 0x55, 0xad, 0x56, 0xa5, 0x55, 0xa5, 0x56, 0xa5, 0x76, 0xad,
    0x75, 0xad, 0x56, 0xad, 0x76, 0xad, 0x76, 0xad, 0x56, 0xad, 0x76, 0xad,
    0x55, 0xad, 0x56, 0xad, 0x55, 0xad, 0x55, 0xad, 0x55, 0xad, 0x35, 0xa5,
    0x35, 0xa5, 0x35, 0xa5, 0x35, 0xa5, 0x14, 0xa5, 0xf4, 0xa4, 0xf4, 0x9c,
    0xf4, 0x9c, 0xd3, 0x9c, 0xd3, 0x9c, 0xb3, 0x94, 0xb3, 0x94, 0x92, 0x94,
    0x72, 0x8c, 0x72, 0x8c, 0x52, 0x8c, 0x31, 0x84, 0x31, 0x84, 0x11, 0x84,
    0x2d, 0x63, 0x4d, 0x6b, 0x6e, 0x73, 0xf0, 0x7b, 0x51, 0x84, 0x72, 0x8c,
    0x93, 0x94, 0xd3, 0x9c, 0xf4, 0x9c, 0x15, 0xa5, 0x35, 0xa5, 0x35, 0xa5,
    0x35, 0xa5, 0x35, 0xa5, 0x35, 0xa5, 0x35, 0xa5, 0x35, 0xa5, 0x35, 0xa5,
    0x14, 0xa5, 0xf4, 0x9c, 0xd4, 0x9c, 0xb3, 0x94, 0x93, 0x94, 0x72, 0x8c,
    0x51, 0x84, 0x31, 0x84, 0xf0, 0x7b, 0xaf, 0x73, 0x8f, 0x73, 0xaf, 0x73,
    0x10, 0x7c, 0x51, 0x84, 0x72, 0x8c, 0xb3, 0x94, 0xd4, 0x9c, 0xf4, 0x9c,
    0x15, 0xa5, 0x35, 0xa5, 0x55, 0xa5, 0x35, 0xa5, 0x14, 0xa5, 0xf4, 0x9c,
    0xd3, 0x9c, 0x93, 0x94, 0x92, 0x8c, 0x72, 0x8c, 0x52, 0x8c, 0x51, 0x8c,
    0x51, 0x8c, 0x51, 0x8c, 0x72, 0x8c, 0x52, 0x8c, 0x11, 0x84, 0xcf, 0x7b,
    0xaf, 0x73, 0x8e, 0x73, 0x8e, 0x73, 0xf0, 0x7b, 0x51, 0x8c, 0x92, 0x94,
    0xb3, 0x94, 0xd3, 0x9c, 0xd3, 0x9c, 0xd3, 0x9c, 0xd3, 0x9c, 0xd3, 0x9c,
    0xd3, 0x9c, 0xd4, 0x9c, 0xd3, 0x9c, 0x92, 0x94, 0x72, 0x8c, 0x31, 0x8c,
    0xd0, 0x7b, 0x6e, 0x73, 0x4d, 0x6b, 0x8f, 0x73, 0xf0, 0x7b, 0x31, 0x8c,
    0x72, 0x8c, 0xb3, 0x94, 0xb3, 0x94, 0x93, 0x94, 0xb3, 0x94, 0xd3, 0x9c,
    0xd4, 0x9c, 0xf4, 0xa4, 0x14, 0xa5, 0xf4, 0xa4, 0x14, 0xa5, 0x15, 0xa5,
    0x14, 0xa5, 0xf4, 0xa4, 0xf4, 0xa4, 0xf4, 0xa4, 0xf4, 0xa4, 0xf4, 0xa4,
    0xf4, 0xa4, 0xf3, 0xa4, 0xf4, 0xa4, 0xf4, 0xa4, 0xf4, 0xa4, 0xf4, 0xa4,
    0xf4, 0xa4, 0xf4, 0xa4, 0xf4, 0xa4, 0xf3, 0xa4, 0xf4, 0xa4, 0xf4, 0xa4,
    0xf4, 0xa4, 0xf4, 0xa4, 0x14, 0xa5, 0xf4, 0xa4, 0x14, 0xa5, 0x14, 0xa5,
    0x15, 0xa5, 0x15, 0xa5, 0x15, 0xa5, 0x34, 0xad, 0x35, 0xa5, 0x35, 0xa5,
    0x35, 0xad, 0x34, 0xa5, 0x15, 0xa5, 0x15, 0xad, 0x35, 0xa5, 0x35, 0xa5,
    0x35, 0xad, 0x35, 0xad, 0x35, 0xa5, 0x35, 0xa5, 0x35, 0xad, 0x55, 0xa5,
    0x55, 0xad, 0x55, 0xad, 0x56, 0xad, 0x76, 0xad, 0x76, 0xad, 0x76, 0xad,
    0x76, 0xad, 0x76, 0xad, 0x76, 0xad, 0x76, 0xad, 0x76, 0xad, 0x76, 0xad,
    0x56, 0xad, 0x55, 0xa5, 0x56, 0xa5, 0x56, 0xad, 0x55, 0xad, 0x56, 0xad,
    0x76, 0xad, 0x56, 0xad, 0x76, 0xad, 0x56, 0xad, 0x56, 0xad, 0x55, 0xad,
    0x56, 0xad, 0x55, 0xad, 0x35, 0xad, 0x35, 0xa5, 0x35, 0xa5, 0x35, 0xa5,
    0x15, 0xa5, 0x14, 0xa5, 0x14, 0xa5, 0xf4, 0x9c, 0xf4, 0x9c, 0xd4, 0x9c,
    0xd3, 0x9c, 0xb3, 0x94, 0xb3, 0x94, 0x93, 0x94, 0x92, 0x94, 0x72, 0x8c,
    0x52, 0x8c, 0x51, 0x8c, 0x31, 0x84, 0x10, 0x84, 0x10, 0x7c, 0xf0, 0x7b,
    0x4d, 0x6b, 0xaf, 0x73, 0xf0, 0x7b, 0x31, 0x84, 0x72, 0x94, 0xb3, 0x94,
    0xf4, 0x9c, 0xf4, 0xa4, 0x35, 0xa5, 0x35, 0xa5, 0x35, 0xa5, 0x55, 0xa5,
    0x55, 0xad, 0x35, 0xa5, 0x35, 0xa5, 0x35, 0xa5, 0x35, 0xa5, 0x14, 0xa5,
    0xf4, 0x9c, 0xd4, 0x9c, 0xb3, 0x94, 0x92, 0x94, 0x72, 0x8c, 0x51, 0x84,
    0x11, 0x84, 0xd0, 0x7b, 0xaf, 0x73, 0x8e, 0x73, 0xaf, 0x73, 0x10, 0x84,
    0x52, 0x8c, 0x92, 0x94, 0xb3, 0x94, 0xf4, 0x9c, 0x14, 0xa5, 0x35, 0xa5,
    0x55, 0xad, 0x55, 0xad, 0x55, 0xad, 0x35, 0xa5, 0x14, 0xa5, 0xf4, 0x9c,
    0xb3, 0x94, 0x93, 0x94, 0x72, 0x8c, 0x72, 0x8c, 0x51, 0x8c, 0x72, 0x8c,
    0x72, 0x8c, 0x92, 0x94, 0xb3, 0x94, 0xd3, 0x94, 0xd3, 0x9c, 0x92, 0x94,
    0x31, 0x84, 0xd0, 0x7b, 0x8f, 0x73, 0xaf, 0x73, 0xf0, 0x83, 0x72, 0x8c,
    0x93, 0x94, 0xd3, 0x9c, 0xd3, 0x9c, 0xd4, 0x9c, 0xb3, 0x9c, 0xb3, 0x94,
    0xb3, 0x94, 0xd3, 0x9c, 0xb3, 0x9c, 0x93, 0x94, 0x92, 0x94, 0x52, 0x8c,
    0xf0, 0x7b, 0x8e, 0x73, 0x4d, 0x6b, 0x6e, 0x6b, 0xf0, 0x7b, 0x31, 0x84,
    0x52, 0x8c, 0x92, 0x94, 0x93, 0x94, 0x72, 0x94, 0x51, 0x8c, 0x51, 0x8c,
    0x52, 0x8c, 0xb3, 0x94, 0xf4, 0x9c, 0x14, 0xa5, 0x14, 0xa5, 0x14, 0xa5,
    0x15, 0xa5, 0x14, 0xa5, 0xf4, 0xa4, 0xf4, 0x9c, 0xf4, 0xa4, 0xf4, 0xa4,
    0xf3, 0xa4, 0xd4, 0xa4, 0xf4, 0xa4, 0xf4, 0xa4, 0xf3, 0xa4, 0xf4, 0xa4,
    0xf4, 0xa4, 0xf3, 0xa4, 0xf3, 0xa4, 0xf4, 0xa4, 0xf4, 0xa4, 0xf4, 0xa4,
    0xf3, 0xa4, 0xf4, 0xa4, 0xf4, 0xa4, 0x14, 0xa5, 0x14, 0xa5, 0x14, 0xa5,
    0x14, 0xa5, 0x35, 0xa5, 0x35, 0xa5, 0x35, 0xad, 0x35, 0xa5, 0x14, 0xa5,
    0x35, 0xa5, 0x35, 0xa5, 0x35, 0xad, 0x35, 0xa5, 0x35, 0xa5, 0x35, 0xa5,
    0x35, 0xa5, 0x35, 0xa5, 0x35, 0xa5, 0x35, 0xad, 0x35, 0xad, 0x35, 0xa5,
    0x35, 0xa5, 0x35, 0xad, 0x55, 0xad, 0x55, 0xad, 0x55, 0xad, 0x55, 0xad,
    0x56, 0xad, 0x56, 0xad, 0x76, 0xad, 0x56, 0xad, 0x76, 0xad, 0x76, 0xad,
    0x56, 0xad, 0x56, 0xa5, 0x56, 0xa5, 0x56, 0xad, 0x56, 0xad, 0x76, 0xad,
    0x56, 0xad, 0x55, 0xa5, 0x56, 0xad, 0x55, 0xad, 0x55, 0xad, 0x55, 0xad,
    0x55, 0xad, 0x35, 0xa5, 0x35, 0xa5, 0x35, 0xa5, 0x15, 0xa5, 0x14, 0xa5,
    0xf4, 0xa4, 0xf4, 0x9c, 0xf4, 0x9c, 0xf4, 0x9c, 0xd3, 0x9c, 0xb3, 0x94,
    0xb3, 0x94, 0x93, 0x94, 0x92, 0x94, 0x72, 0x8c, 0x72, 0x8c, 0x51, 0x8c,
    0x31, 0x84, 0x31, 0x84, 0x10, 0x84, 0xf0, 0x7b, 0xf0, 0x7b, 0xcf, 0x7b,
    0xcf, 0x7b, 0x10, 0x84, 0x52, 0x8c, 0x92, 0x8c, 0xb3, 0x94, 0xf4, 0x9c,
    0x14, 0xa5, 0x35, 0xa5, 0x35, 0xa5, 0x55, 0xa5, 0x55, 0xad, 0x35, 0xad,
    0x35, 0xa5, 0x35, 0xa5, 0x35, 0xa5, 0x14, 0xa5, 0x14, 0xa5, 0xf4, 0x9c,
    0xd4, 0x9c, 0xb3, 0x94, 0x92, 0x94, 0x72, 0x8c, 0x51, 0x84, 0x10, 0x84,
    0xd0, 0x7b, 0x8f, 0x73, 0x8f, 0x73, 0xef, 0x7b, 0x31, 0x84, 0x52, 0x8c,
    0x92, 0x94, 0xb3, 0x94, 0xf4, 0x9c, 0x14, 0xa5, 0x35, 0xa5, 0x56, 0xad,
    0x56, 0xad, 0x55, 0xad, 0x55, 0xa5, 0x35, 0xa5, 0x15, 0xa5, 0xf4, 0x9c,
    0xb3, 0x94, 0x92, 0x94, 0x72, 0x8c, 0x72, 0x8c, 0x72, 0x8c, 0x72, 0x8c,
    0xb3, 0x94, 0xd3, 0x9c, 0xd4, 0x9c, 0xf4, 0x9c, 0x14, 0xa5, 0x15, 0xa5,
    0xf4, 0x9c, 0xb3, 0x94, 0x31, 0x84, 0xd0, 0x7b, 0xef, 0x7b, 0x11, 0x84,
    0x72, 0x8c, 0xb3, 0x94, 0xd3, 0x9c, 0xb3, 0x9c, 0xb3, 0x94, 0xb3, 0x9c,
    0xb3, 0x9c, 0xb3, 0x94, 0xb3, 0x9c, 0x92, 0x94, 0x72, 0x94, 0x72, 0x8c,
    0x31, 0x84, 0xcf, 0x7b, 0xaf, 0x7b, 0xd0, 0x7b, 0x10, 0x84, 0x31, 0x8c,
    0x31, 0x8c, 0x72, 0x8c, 0x72, 0x8c, 0x52, 0x8c, 0x51, 0x8c, 0x52, 0x8c,
    0x11, 0x84, 0x10, 0x84, 0x51, 0x8c, 0x93, 0x94, 0xf4, 0x9c, 0x14, 0xa5,
    0x14, 0xa5, 0x14, 0xa5, 0xf4, 0xa4, 0xf4, 0xa4, 0xf4, 0xa4, 0xf3, 0xa4,
    0xf3, 0xa4, 0xf4, 0x9c, 0xd4, 0xa4, 0xf3, 0xa4, 0xf3, 0xa4, 0xf4, 0xa4,
    0xf4, 0xa4, 0xf4, 0xa4, 0xf4, 0xa4, 0xf4, 0xa4, 0xf4, 0xa4, 0xf3, 0xa4,
    0xf4, 0xa4, 0xf4, 0xa4, 0xf4, 0xa4, 0x14, 0xa5, 0x14, 0xa5, 0x14, 0xa5,
    0x15, 0xad, 0x34, 0xa5, 0x15, 0xa5, 0x35, 0xa5, 0x34, 0xa5, 0x35, 0xad,
    0x15, 0xa5, 0x15, 0xa5, 0x34, 0xa5, 0x35, 0xa5, 0x15, 0xad, 0x35, 0xad,
    0x34, 0xa5, 0x35, 0xa5, 0x35, 0xad, 0x35, 0xa5, 0x35, 0xa5, 0x35, 0xad,
    0x35, 0xad, 0x35, 0xa5, 0x35, 0xa5, 0x35, 0xad, 0x35, 0xa5, 0x55, 0xad,
    0x35, 0xad, 0x55, 0xad, 0x55, 0xad, 0x55, 0xad, 0x55, 0xad, 0x55, 0xad,
    0x55, 0xad, 0x55, 0xad, 0x55, 0xad, 0x55, 0xad, 0x56, 0xad, 0x55, 0xa5,
    0x55, 0xad, 0x55, 0xad, 0x35, 0xa5, 0x55, 0xad, 0x35, 0xa5, 0x35, 0xa5,
    0x35, 0xa5, 0x35, 0xa5, 0x15, 0xa5, 0x14, 0xa5, 0x14, 0xa5, 0xf4, 0x9c,
    0xf4, 0x9c, 0xd4, 0x9c, 0xd3, 0x9c, 0xb3, 0x9c, 0xb3, 0x94, 0xb3, 0x94,
    0x92, 0x94, 0x72, 0x8c, 0x72, 0x8c, 0x51, 0x8c, 0x31, 0x84, 0x31, 0x84,
    0x10, 0x84, 0xf0, 0x7b, 0xf0, 0x7b, 0xcf, 0x7b, 0xaf, 0x73, 0xaf, 0x73,
    0x11, 0x84, 0x72, 0x8c, 0xb3, 0x94, 0xd3, 0x9c, 0xf4, 0x9c, 0x14, 0xa5,
    0x35, 0xa5, 0x35, 0xa5, 0x55, 0xad, 0x55, 0xad, 0x56, 0xad, 0x55, 0xa5,
    0x35, 0xa5, 0x35, 0xa5, 0x15, 0xa5, 0x14, 0xa5, 0xf4, 0x9c, 0xd3, 0x9c,
    0xb3, 0x94, 0x92, 0x8c, 0x72, 0x8c, 0x31, 0x84, 0xf0, 0x7b, 0xcf, 0x7b,
    0x8f, 0x73, 0x8f, 0x73, 0xf0, 0x7b, 0x31, 0x84, 0x72, 0x8c, 0xb3, 0x94,
    0xd3, 0x9c, 0xd4, 0x9c, 0x14, 0xa5, 0x55, 0xa5, 0x56, 0xad, 0x56, 0xad,
    0x55, 0xad, 0x55, 0xad, 0x55, 0xad, 0x35, 0xa5, 0x15, 0xa5, 0xf4, 0x9c,
    0xb3, 0x9c, 0x92, 0x94, 0x72, 0x8c, 0x72, 0x8c, 0x92, 0x8c, 0xb3, 0x94,
    0xd3, 0x9c, 0xf4, 0x9c, 0xf4, 0xa4, 0x15, 0xa5, 0x35, 0xa5, 0x55, 0xa5,
    0x55, 0xad, 0x55, 0xa5, 0xf4, 0xa4, 0x92, 0x94, 0x31, 0x8c, 0x31, 0x84,
    0x51, 0x8c, 0x72, 0x94, 0xb3, 0x94, 0xb3, 0x9c, 0xb3, 0x9c, 0xb3, 0x94,
    0xb3, 0x9c, 0x93, 0x94, 0x92, 0x94, 0x92, 0x94, 0x72, 0x94, 0x72, 0x8c,
    0x52, 0x8c, 0x11, 0x84, 0x11, 0x84, 0x31, 0x84, 0x51, 0x8c, 0x72, 0x94,
    0x72, 0x8c, 0x72, 0x94, 0x72, 0x8c, 0x72, 0x8c, 0x72, 0x8c, 0x92, 0x94,
    0x72, 0x8c, 0x31, 0x84, 0x31, 0x8c, 0x52, 0x8c, 0x93, 0x94, 0xf4, 0x9c,
    0x14, 0xa5, 0xf4, 0xa4, 0xf4, 0xa4, 0xf4, 0xa4, 0xf4, 0xa4, 0xf4, 0xa4,
    0xf4, 0xa4, 0xd3, 0xa4, 0xf3, 0xa4, 0xf4, 0xa4, 0xf4, 0xa4, 0xf4, 0xa4,
    0xf3, 0xa4, 0xf4, 0xa4, 0xf4, 0xa4, 0xf3, 0xa4, 0xf4, 0xa4, 0xf4, 0xa4,
    0xf4, 0xa4, 0x14, 0xa5, 0x14, 0xa5, 0x15, 0xa5, 0x14, 0xa5, 0x15, 0xa5,
    0x35, 0xa5, 0x15, 0xa5, 0x34, 0xa5, 0x15, 0xa5, 0x15, 0xa5, 0x35, 0xa5,
    0x15, 0xa5, 0x14, 0xa5, 0x35, 0xa5, 0x35, 0xa5, 0x35, 0xa5, 0x35, 0xa5,
    0x15, 0xa5, 0x35, 0xad, 0x35, 0xa5, 0x15, 0xa5, 0x35, 0xad, 0x35, 0xa5,
    0x35, 0xa5, 0x35, 0xad, 0x35, 0xad, 0x35, 0xa5, 0x35, 0xad, 0x35, 0xa5,
    0x35, 0xa5, 0x35, 0xad, 0x35, 0xa5, 0x35, 0xa5, 0x35, 0xad, 0x55, 0xad,
    0x35, 0xad, 0x55, 0xad, 0x35, 0xad, 0x35, 0xad, 0x55, 0xa5, 0x35, 0xad,
    0x35, 0xad, 0x35, 0xa5, 0x35, 0xa5, 0x35, 0xa5, 0x35, 0xa5, 0x15, 0xa5,
    0x15, 0xa5, 0x14, 0xa5, 0xf4, 0x9c, 0xf4, 0x9c, 0xf4, 0x9c, 0xd4, 0x9c,
    0xd3, 0x9c, 0xd3, 0x94, 0xb3, 0x94, 0xb3, 0x94, 0x92, 0x94, 0x72, 0x8c,
    0x72, 0x8c, 0x52, 0x8c, 0x31, 0x8c, 0x31, 0x84, 0x11, 0x84, 0x10, 0x7c,
    0xf0, 0x7b, 0xd0, 0x7b, 0xaf, 0x7b, 0xaf, 0x73, 0x8e, 0x73, 0x8e, 0x6b,
    0x72, 0x8c, 0xb3, 0x94, 0xd3, 0x9c, 0xf4, 0xa4, 0x35, 0xa5, 0x35, 0xa5,
    0x55, 0xa5, 0x55, 0xa5, 0x55, 0xad, 0x35, 0xa5, 0x36, 0xa5, 0x35, 0xa5,
    0x35, 0xa5, 0x35, 0xa5, 0x14, 0xa5, 0xf4, 0x9c, 0xd3, 0x9c, 0xb3, 0x94,
    0x92, 0x94, 0x52, 0x8c, 0x31, 0x84, 0xf0, 0x7b, 0xaf, 0x73, 0x8f, 0x73,
    0xcf, 0x73, 0x10, 0x84, 0x51, 0x84, 0x72, 0x8c, 0xb3, 0x94, 0xd4, 0x9c,
    0xf4, 0x9c, 0xd4, 0x9c, 0xf4, 0x9c, 0x35, 0xa5, 0x55, 0xad, 0x55, 0xad,
    0x56, 0xad, 0x56, 0xad, 0x56, 0xad, 0x55, 0xa5, 0x35, 0xa5, 0xf4, 0xa4,
    0xd3, 0x9c, 0xb3, 0x94, 0x93, 0x94, 0xb3, 0x94, 0xb3, 0x94, 0xd4, 0x9c,
    0xf4, 0x9c, 0x14, 0xa5, 0x35, 0xa5, 0x35, 0xa5, 0x55, 0xa5, 0x55, 0xad,
    0x55, 0xad, 0x56, 0xad, 0x55, 0xa5, 0x15, 0xa5, 0xf4, 0x9c, 0xb3, 0x94,
    0x72, 0x94, 0x72, 0x94, 0x93, 0x94, 0xb3, 0x9c, 0xb3, 0x94, 0xb3, 0x94,
    0xb3, 0x94, 0x92, 0x94, 0x93, 0x94, 0x92, 0x94, 0x92, 0x94, 0x72, 0x8c,
    0x72, 0x8c, 0x51, 0x8c, 0x31, 0x84, 0x51, 0x8c, 0x52, 0x8c, 0x92, 0x94,
    0x93, 0x94, 0x92, 0x94, 0x72, 0x94, 0x72, 0x94, 0x72, 0x8c, 0x92, 0x94,
    0x93, 0x94, 0x72, 0x8c, 0x92, 0x94, 0xb3, 0x94, 0xb3, 0x9c, 0xd3, 0x9c,
    0x14, 0xa5, 0x14, 0xa5, 0xf4, 0xa4, 0xf4, 0xa4, 0xf4, 0xa4, 0xf4, 0x9c,
    0xf3, 0xa4, 0xf4, 0xa4, 0xf4, 0xa4, 0xf3, 0xa4, 0xd4, 0x9c, 0xf4, 0xa4,
    0xf4, 0xa4, 0xf3, 0xa4, 0xf3, 0xa4, 0xf4, 0xa4, 0xf4, 0xa4, 0xf4, 0xa4,
    0x14, 0xa5, 0x14, 0xa5, 0x14, 0xa5, 0x14, 0xa5, 0x14, 0xa5, 0x15, 0xa5,
    0x15, 0xa5, 0x35, 0xa5, 0x35, 0xad, 0x35, 0xa5, 0x35, 0xa5, 0x14, 0xa5,
    0x35, 0xa5, 0x35, 0xa5, 0x35, 0xa5, 0x15, 0xa5, 0x35, 0xa5, 0x35, 0xa5,
    0x35, 0xa5, 0x35, 0xa5, 0x34, 0xa5, 0x35, 0xa5, 0x34, 0xa5, 0x34, 0xa5,
    0x35, 0xa5, 0x15, 0xa5, 0x35, 0xa5, 0x35, 0xa5, 0x35, 0xa5, 0x35, 0xa5,
    0x35, 0xad, 0x35, 0xa5, 0x35, 0xa5, 0x35, 0xad, 0x35, 0xa5, 0x35, 0xa5,
    0x35, 0xa5, 0x35, 0xa5, 0x35, 0xa5, 0x35, 0xa5, 0x35, 0xa5, 0x35, 0xa5,
    0x35, 0xa5, 0x35, 0xa5, 0x35, 0xa5, 0x15, 0xa5, 0x14, 0xa5, 0x14, 0xa5,
    0xf4, 0xa4, 0xf4, 0x9c, 0xf4, 0x9c, 0xd4, 0x9c, 0xd3, 0x9c, 0xb3, 0x94,
    0xb3, 0x94, 0x93, 0x94, 0x92, 0x94, 0x72, 0x94, 0x72, 0x8c, 0x52, 0x8c,
    0x51, 0x84, 0x31, 0x84, 0x11, 0x84, 0x10, 0x84, 0xf0, 0x7b, 0xd0, 0x7b,
    0xcf, 0x7b, 0xaf, 0x73, 0xaf, 0x73, 0x8e, 0x73, 0x6e, 0x6b, 0x6e, 0x6b,
    0xb3, 0x94, 0xf4, 0x9c, 0x14, 0xa5, 0x35, 0xa5, 0x55, 0xa5, 0x55, 0xad,
    0x55, 0xad, 0x56, 0xad, 0x55, 0xa5, 0x35, 0xad, 0x55, 0xa5, 0x35, 0xa5,
    0x14, 0xa5, 0x14, 0x9d, 0xf4, 0x9c, 0xd3, 0x9c, 0xb3, 0x94, 0x92, 0x8c,
    0x52, 0x8c, 0x31, 0x84, 0xd0, 0x7b, 0xaf, 0x73, 0xaf, 0x73, 0xf0, 0x7b,
    0x31, 0x84, 0x72, 0x8c, 0x93, 0x94, 0xb3, 0x94, 0xf4, 0x9c, 0xf4, 0xa4,
    0x14, 0xa5, 0x15, 0xa5, 0xf4, 0xa4, 0xd4, 0x9c, 0xf4, 0x9c, 0x14, 0xa5,
    0x35, 0xa5, 0x55, 0xad, 0x55, 0xad, 0x35, 0xa5, 0x35, 0xa5, 0x14, 0xa5,
    0xf4, 0x9c, 0xd4, 0x9c, 0xd3, 0x9c, 0xd3, 0x9c, 0xf4, 0x9c, 0x14, 0xa5,
    0x15, 0xa5, 0x35, 0xa5, 0x55, 0xa5, 0x55, 0xad, 0x56, 0xad, 0x55, 0xad,
    0x56, 0xad, 0x56, 0xa5, 0x55, 0xad, 0x35, 0xa5, 0x14, 0xa5, 0xf4, 0xa4,
    0xd3, 0x9c, 0xb3, 0x94, 0xb3, 0x94, 0xb3, 0x94, 0xb3, 0x9c, 0xb2, 0x9c,
    0xb3, 0x94, 0x92, 0x94, 0x92, 0x94, 0x72, 0x94, 0x72, 0x94, 0x72, 0x94,
    0x72, 0x94, 0x51, 0x94, 0x51, 0x8c, 0x51, 0x8c, 0x51, 0x94, 0x72, 0x94,
    0x92, 0x94, 0x92, 0x94, 0x72, 0x94, 0x72, 0x94, 0x72, 0x94, 0x72, 0x94,
    0x72, 0x94, 0x72, 0x94, 0xb3, 0x94, 0xd3, 0x9c, 0xd4, 0x9c, 0xd4, 0x9c,
    0xf4, 0x9c, 0x14, 0xa5, 0x14, 0xa5, 0xf4, 0xa4, 0xf4, 0xa4, 0xf3, 0xa4,
    0xf4, 0xa4, 0xd4, 0xa4, 0xf4, 0xa4, 0xf4, 0xa4, 0xd3, 0xa4, 0xf3, 0xa4,
    0xf4, 0xa4, 0xf4, 0xa4, 0xf4, 0xa4, 0xf4, 0xa4, 0x14, 0xa5, 0xf4, 0xa4,
    0x14, 0xa5, 0x14, 0xa5, 0x14, 0xa5, 0x15, 0xa5, 0x35, 0xa5, 0x35, 0xa5,
    0x35, 0xa5, 0x34, 0xa5, 0x35, 0xa5, 0x35, 0xa5, 0x14, 0xa5, 0x15, 0xad,
    0x15, 0xa5, 0x14, 0xa5, 0x14, 0xa5, 0x14, 0xa5, 0x14, 0xa5, 0x14, 0xa5,
    0x14, 0xa5, 0x15, 0xa5, 0x35, 0xa5, 0x15, 0xa5, 0x15, 0xa5, 0x35, 0xa5,
    0x35, 0xa5, 0x35, 0xa5, 0x35, 0xa5, 0x35, 0xa5, 0x34, 0xa5, 0x35, 0xa5,
    0x35, 0xa5, 0x35, 0xa5, 0x34, 0xa5, 0x35, 0xa5, 0x35, 0xa5, 0x35, 0xa5,
    0x35, 0xa5, 0x35, 0xa5, 0x35, 0xa5, 0x35, 0xa5, 0x35, 0xa5, 0x35, 0xa5,
    0x15, 0xa5, 0x14, 0xa5, 0x14, 0xa5, 0xf4, 0x9c, 0xf4, 0x9c, 0xf4, 0x9c,
    0xd4, 0x9c, 0xd3, 0x9c, 0xd3, 0x9c, 0xb3, 0x9c, 0xb3, 0x94, 0xb3, 0x94,
    0x92, 0x94, 0x92, 0x94, 0x72, 0x8c, 0x72, 0x8c, 0x51, 0x8c, 0x31, 0x84,
    0x31, 0x84, 0x10, 0x84, 0xf0, 0x7b, 0xf0, 0x7b, 0xcf, 0x7b, 0xaf, 0x73,
    0xaf, 0x73, 0x8e, 0x73, 0x8e, 0x6b, 0x6e, 0x6b, 0x4e, 0x6b, 0x4d, 0x6b,
    0xf4, 0x9c, 0x14, 0xa5, 0x35, 0xa5, 0x55, 0xa5, 0x56, 0xad, 0x55, 0xad,
    0x55, 0xa5, 0x55, 0xa5, 0x35, 0xad, 0x35, 0xa5, 0x35, 0xa5, 0x15, 0xa5,
    0xf4, 0xa4, 0xf4, 0x9c, 0xb3, 0x94, 0xb3, 0x94, 0x92, 0x94, 0x51, 0x8c,
    0x11, 0x84, 0xcf, 0x7b, 0xaf, 0x73, 0xaf, 0x73, 0x10, 0x84, 0x31, 0x84,
    0x72, 0x8c, 0x93, 0x94, 0xd3, 0x9c, 0xf4, 0x9c, 0x14, 0xa5, 0x35, 0xa5,
    0x35, 0xa5, 0x35, 0xa5, 0x35, 0xa5, 0x14, 0xa5, 0xf4, 0x9c, 0xd4, 0x9c,
    0xf4, 0x9c, 0x35, 0xa5, 0x55, 0xad, 0x55, 0xa5, 0x35, 0xa5, 0x35, 0xa5,
    0x15, 0xa5, 0xf4, 0xa4, 0xf4, 0x9c, 0xf4, 0x9c, 0x14, 0xa5, 0x15, 0xa5,
    0x35, 0xa5, 0x55, 0xad, 0x55, 0xad, 0x56, 0xad, 0x56, 0xad, 0x56, 0xad,
    0x56, 0xad, 0x56, 0xad, 0x55, 0xad, 0x35, 0xa5, 0x15, 0xa5, 0x14, 0xa5,
    0xd4, 0x9c, 0xd3, 0x9c, 0xb3, 0x94, 0xb3, 0x9c, 0xb3, 0x94, 0xb3, 0x94,
    0xb2, 0x9c, 0x93, 0x94, 0x92, 0x94, 0x92, 0x94, 0x72, 0x94, 0x71, 0x94,
    0x71, 0x94, 0x50, 0x94, 0x30, 0x94, 0x2f, 0x94, 0x2f, 0x94, 0x50, 0x9c,
    0x91, 0x9c, 0x92, 0x94, 0x72, 0x94, 0x51, 0x94, 0x51, 0x8c, 0x31, 0x84,
    0x31, 0x8c, 0x72, 0x8c, 0xb3, 0x94, 0xb3, 0x9c, 0xd3, 0x9c, 0xd4, 0x9c,
    0xf4, 0x9c, 0x14, 0xa5, 0xf4, 0xa4, 0xf4, 0x9c, 0xf4, 0xa4, 0xf4, 0xa4,
    0xf3, 0xa4, 0xf4, 0xa4, 0xd3, 0xa4, 0xf4, 0xa4, 0xf4, 0xa4, 0xf3, 0xa4,
    0xd3, 0x9c, 0xb3, 0x9c, 0xd3, 0x9c, 0xf4, 0xa4, 0xf4, 0xa4, 0x14, 0xa5,
    0x14, 0xa5, 0x15, 0xa5, 0x35, 0xa5, 0x15, 0xa5, 0x35, 0xa5, 0x34, 0xa5,
    0x35, 0xad, 0x35, 0xa5, 0x14, 0xa5, 0x34, 0xa5, 0x35, 0xa5, 0x35, 0xa5,
    0x14, 0xa5, 0xd3, 0x9c, 0x92, 0x94, 0x72, 0x8c, 0x72, 0x8c, 0x72, 0x8c,
    0x72, 0x8c, 0x93, 0x94, 0xf4, 0x9c, 0x14, 0xa5, 0x15, 0xa5, 0x35, 0xa5,
    0x14, 0xa5, 0x34, 0xa5, 0x35, 0xa5, 0x14, 0xa5, 0x35, 0xa5, 0x14, 0xa5,
    0x15, 0xa5, 0x35, 0xa5, 0x15, 0xa5, 0x15, 0xa5, 0x35, 0xa5, 0x14, 0xa5,
    0x15, 0xa5, 0x15, 0xa5, 0x14, 0xa5, 0x14, 0xa5, 0x14, 0xa5, 0x14, 0xa5,
    0x14, 0xa5, 0xf4, 0xa4, 0xf4, 0x9c, 0xf4, 0x9c, 0xf4, 0x9c, 0xd4, 0x9c,
    0xd3, 0x9c, 0xb3, 0x94, 0xb3, 0x94, 0xb3, 0x94, 0x93, 0x94, 0x72, 0x8c,
    0x72, 0x8c, 0x52, 0x8c, 0x51, 0x8c, 0x31, 0x84, 0x31, 0x84, 0x10, 0x84,
    0xf0, 0x7b, 0xf0, 0x7b, 0xcf, 0x7b, 0xaf, 0x73, 0xaf, 0x73, 0x8f, 0x73,
    0x6e, 0x6b, 0x6e, 0x6b, 0x4e, 0x6b, 0x4d, 0x6b, 0x2d, 0x63, 0x2d, 0x63,
    0x14, 0xa5, 0x35, 0xa5, 0x56, 0xad, 0x55, 0xad, 0x55, 0xad, 0x56, 0xad,
    0x56, 0xad, 0x55, 0xad, 0x35, 0xa5, 0x35, 0xa5, 0x15, 0xa5, 0xf4, 0x9c,
    0xf3, 0x9c, 0xb3, 0x94, 0x93, 0x94, 0x72, 0x8c, 0x51, 0x8c, 0xf0, 0x7b,
    0xaf, 0x7b, 0xaf, 0x73, 0xcf, 0x7b, 0x11, 0x84, 0x52, 0x8c, 0x92, 0x94,
    0xb3, 0x94, 0xd4, 0x9c, 0xf4, 0x9c, 0x15, 0xa5, 0x55, 0xad, 0x55, 0xad,
    0x35, 0xa5, 0x35, 0xa5, 0x35, 0xa5, 0x14, 0xa5, 0x14, 0xa5, 0x14, 0xa5,
    0x15, 0xa5, 0x35, 0xa5, 0x55, 0xad, 0x55, 0xad, 0x36, 0xa5, 0x35, 0xa5,
    0x35, 0xa5, 0x35, 0xa5, 0x35, 0xa5, 0x35, 0xa5, 0x35, 0xa5, 0x55, 0xa5,
    0x55, 0xa5, 0x56, 0xad, 0x55, 0xad, 0x55, 0xad, 0x55, 0xad, 0x75, 0xad,
    0x55, 0xad, 0x55, 0xad, 0x55, 0xa5, 0x35, 0xa5, 0x15, 0xa5, 0x14, 0xa5,
    0xf4, 0x9c, 0xd4, 0x9c, 0xb3, 0x9c, 0xb3, 0x9c, 0xb3, 0x94, 0xb3, 0x94,
    0x93, 0x94, 0x92, 0x94, 0x92, 0x94, 0x92, 0x94, 0x71, 0x94, 0x51, 0x94,
    0x50, 0x94, 0x50, 0x9c, 0x2f, 0x9c, 0x2e, 0x9c, 0x0d, 0x9c, 0x2e, 0x9c,
    0x70, 0xa4, 0x91, 0x9c, 0x91, 0x9c, 0x71, 0x94, 0x10, 0x8c, 0x8f, 0x73,
    0xaf, 0x7b, 0x11, 0x84, 0x92, 0x94, 0xb3, 0x9c, 0xb3, 0x9c, 0xd3, 0x9c,
    0xf4, 0x9c, 0x14, 0xa5, 0xf4, 0xa4, 0xf4, 0x9c, 0xf4, 0xa4, 0xf4, 0xa4,
    0xf3, 0xa4, 0xf4, 0xa4, 0xf3, 0x9c, 0xf3, 0xa4, 0xf4, 0xa4, 0xf4, 0xa4,
    0xf4, 0xa4, 0xb3, 0x9c, 0xb3, 0x9c, 0xb3, 0x9c, 0xd3, 0x9c, 0xf4, 0x9c,
    0x14, 0xa5, 0x15, 0xa5, 0x35, 0xa5, 0x35, 0xa5, 0x34, 0xa5, 0x35, 0xa5,
    0x15, 0xad, 0x35, 0xa5, 0x35, 0xa5, 0x15, 0xa5, 0x15, 0xa5, 0x35, 0xa5,
    0x14, 0xa5, 0xf4, 0x9c, 0xb3, 0x94, 0x52, 0x8c, 0x11, 0x84, 0xd0, 0x7b,
    0x6e, 0x73, 0x8e, 0x73, 0xf0, 0x7b, 0x72, 0x8c, 0xd3, 0x9c, 0xf4, 0x9c,
    0x15, 0xa5, 0x15, 0xa5, 0x15, 0xa5, 0x15, 0xa5, 0x14, 0xa5, 0x15, 0xa5,
    0x15, 0xa5, 0x14, 0xa5, 0x14, 0xa5, 0x15, 0xa5, 0x14, 0xa5, 0x14, 0xa5,
    0x14, 0xa5, 0xf4, 0xa4, 0x14, 0x9d, 0xf4, 0xa4, 0xf4, 0x9c, 0xf4, 0x9c,
    0xf4, 0x9c, 0xf4, 0x9c, 0xd4, 0x9c, 0xd3, 0x9c, 0xb3, 0x94, 0xb3, 0x94,
    0xb3, 0x94, 0x93, 0x94, 0x92, 0x94, 0x72, 0x8c, 0x72, 0x8c, 0x52, 0x8c,
    0x51, 0x8c, 0x31, 0x84, 0x11, 0x84, 0x10, 0x84, 0xf0, 0x7b, 0xd0, 0x7b,
    0xcf, 0x7b, 0xaf, 0x73, 0xaf, 0x73, 0x8f, 0x73, 0x8e, 0x73, 0x6e, 0x6b,
    0x4e, 0x6b, 0x4d, 0x6b, 0x4d, 0x63, 0x2d, 0x63, 0x0c, 0x63, 0x0c, 0x63,
    0x35, 0xa5, 0x55, 0xad, 0x56, 0xad, 0x76, 0xad, 0x55, 0xad, 0x56, 0xad,
    0x55, 0xad, 0x55, 0xa5, 0x35, 0xa5, 0x14, 0xa5, 0xf4, 0x9c, 0xd4, 0x9c,
    0xb3, 0x94, 0x92, 0x94, 0x72, 0x8c, 0x31, 0x84, 0xf0, 0x7b, 0xaf, 0x73,
    0xaf, 0x73, 0xd0, 0x7b, 0xf0, 0x7b, 0x51, 0x8c, 0x92, 0x94, 0xd3, 0x9c,
    0xf4, 0x9c, 0xf4, 0xa4, 0x35, 0xa5, 0x55, 0xad, 0x56, 0xad, 0x55, 0xa5,
    0x35, 0xa5, 0x15, 0xa5, 0xf4, 0x9c, 0xf4, 0x9c, 0xf4, 0x9c, 0x14, 0xa5,
    0x35, 0xa5, 0x35, 0xa5, 0x35, 0xad, 0x55, 0xad, 0x55, 0xad, 0x55, 0xa5,
    0x55, 0xad, 0x55, 0xad, 0x55, 0xa5, 0x55, 0xa5, 0x55, 0xad, 0x55, 0xad,
    0x56, 0xad, 0x56, 0xad, 0x56, 0xad, 0x76, 0xad, 0x56, 0xad, 0x55, 0xad,
    0x56, 0xad, 0x55, 0xa5, 0x55, 0xad, 0x35, 0xa5, 0x35, 0xa5, 0x14, 0xa5,
    0xf4, 0xa4, 0xd3, 0x9c, 0xb3, 0x9c, 0xb3, 0x94, 0xb3, 0x94, 0xb2, 0x9c,
    0x92, 0x9c, 0x92, 0x94, 0x92, 0x9c, 0x71, 0x9c, 0x70, 0x9c, 0x50, 0x9c,
    0x4f, 0x9c, 0x2e, 0x9c, 0x2e, 0x9c, 0x0d, 0x9c, 0x0c, 0x9c, 0x2d, 0xa4,
    0x4f, 0xa4, 0x70, 0x9c, 0x70, 0x9c, 0x92, 0x9c, 0x92, 0x9c, 0x31, 0x8c,
    0xcf, 0x7b, 0xcf, 0x7b, 0x11, 0x84, 0x92, 0x94, 0xb3, 0x94, 0xd3, 0x9c,
    0x14, 0xa5, 0x14, 0xa5, 0x14, 0xa5, 0x14, 0xa5, 0xf4, 0xa4, 0xf4, 0xa4,
    0xd3, 0xa4, 0xf4, 0xa4, 0xf4, 0xa4, 0xf4, 0xa4, 0xf4, 0xa4, 0xf4, 0xa4,
    0x14, 0xa5, 0xf4, 0x9c, 0xb3, 0x9c, 0xb3, 0x9c, 0xd3, 0x94, 0xd4, 0x9c,
    0xf4, 0x9c, 0x35, 0xa5, 0x15, 0xa5, 0x15, 0xa5, 0x35, 0xa5, 0x35, 0xa5,
    0x34, 0xa5, 0x15, 0xa5, 0x35, 0xa5, 0x15, 0xad, 0x15, 0xa5, 0x14, 0xa5,
    0x14, 0xa5, 0x35, 0xa5, 0x15, 0xa5, 0x14, 0xa5, 0xb3, 0x94, 0x31, 0x84,
    0xd0, 0x7b, 0xcf, 0x7b, 0xf0, 0x83, 0x31, 0x84, 0x72, 0x94, 0xd4, 0x9c,
    0x14, 0xa5, 0x15, 0xa5, 0x14, 0xa5, 0x14, 0xa5, 0x15, 0xa5, 0x15, 0xa5,
    0x14, 0xa5, 0x14, 0xa5, 0xf4, 0xa4, 0x14, 0x9d, 0xf4, 0xa4, 0xf4, 0x9c,
    0xf4, 0x9c, 0xf4, 0x9c, 0xf4, 0x9c, 0xf4, 0x9c, 0xd4, 0x9c, 0xd4, 0x9c,
    0xd4, 0x9c, 0xd3, 0x9c, 0xb3, 0x9c, 0xb3, 0x94, 0xb3, 0x94, 0x92, 0x94,
    0x72, 0x94, 0x72, 0x8c, 0x72, 0x8c, 0x51, 0x8c, 0x51, 0x8c, 0x31, 0x84,
    0x11, 0x84, 0x10, 0x7c, 0xf0, 0x7b, 0xd0, 0x7b, 0xcf, 0x7b, 0xaf, 0x73,
    0xaf, 0x73, 0x8f, 0x73, 0x8e, 0x73, 0x6e, 0x6b, 0x6e, 0x6b, 0x4d, 0x6b,
    0x4d, 0x63, 0x2d, 0x63, 0x2d, 0x63, 0x0c, 0x63, 0xec, 0x5a, 0xcc, 0x5a,
    0x55, 0xad, 0x76, 0xad, 0x76, 0xad, 0x75, 0xad, 0x56, 0xa5, 0x55, 0xad,
    0x55, 0xa5, 0x35, 0xa5, 0x14, 0xa5, 0xf4, 0x9c, 0xd3, 0x9c, 0xb3, 0x94,
    0x92, 0x94, 0x51, 0x8c, 0x11, 0x84, 0xf0, 0x7b, 0xaf, 0x73, 0xaf, 0x73,
    0x10, 0x7c, 0x31, 0x84, 0x51, 0x8c, 0x72, 0x8c, 0xb3, 0x94, 0xf4, 0x9c,
    0x15, 0xa5, 0x35, 0xa5, 0x55, 0xad, 0x56, 0xad, 0x55, 0xa5, 0x55, 0xad,
    0x35, 0xa5, 0xf5, 0xa4, 0xf4, 0x9c, 0xf4, 0x9c, 0xd4, 0x9c, 0xf4, 0x9c,
    0x15, 0xa5, 0x35, 0xa5, 0x35, 0xa5, 0x55, 0xad, 0x56, 0xad, 0x55, 0xad,
    0x55, 0xad, 0x56, 0xad, 0x56, 0xad, 0x56, 0xad, 0x56, 0xad, 0x56, 0xad,
    0x55, 0xad, 0x55, 0xad, 0x55, 0xad, 0x56, 0xad, 0x56, 0xad, 0x56, 0xad,
    0x56, 0xad, 0x56, 0xad, 0x55, 0xad, 0x35, 0xa5, 0x35, 0xa5, 0x14, 0xa5,
    0xf4, 0xa4, 0xd4, 0x9c, 0xd3, 0x9c, 0xb3, 0x94, 0xb2, 0x94, 0x92, 0x9c,
    0x93, 0x94, 0x93, 0x94, 0x92, 0x9c, 0x71, 0x9c, 0x70, 0x9c, 0x4f, 0x9c,
    0x4e, 0x9c, 0x2e, 0x9c, 0x2d, 0xa4, 0x2c, 0xa4, 0x0c, 0x9c, 0x0d, 0xa4,
    0x4e, 0xa4, 0x70, 0x9c, 0x70, 0x9c, 0x91, 0x9c, 0xb2, 0x9c, 0x92, 0x94,
    0x51, 0x8c, 0xf0, 0x83, 0xaf, 0x7b, 0x31, 0x84, 0xb3, 0x94, 0xf4, 0xa4,
    0x15, 0xa5, 0x15, 0xa5, 0x15, 0xa5, 0x15, 0xa5, 0x14, 0xa5, 0xf4, 0x9c,
    0xd3, 0x9c, 0xd3, 0xa4, 0xf4, 0xa4, 0xf4, 0xa4, 0xf4, 0xa4, 0x14, 0xa5,
    0x14, 0xa5, 0xf4, 0xa4, 0xd3, 0x9c, 0xb3, 0x9c, 0xd3, 0x9c, 0xd3, 0x94,
    0xd4, 0x9c, 0x15, 0xa5, 0x35, 0xa5, 0x14, 0xa5, 0x14, 0xa5, 0x35, 0xa5,
    0x35, 0xad, 0x35, 0xa5, 0x34, 0xa5, 0x14, 0xa5, 0x34, 0xa5, 0x14, 0xa5,
    0x15, 0xa5, 0x14, 0xa5, 0x15, 0xa5, 0x15, 0xa5, 0xf4, 0x9c, 0xb3, 0x94,
    0xb3, 0x94, 0xb3, 0x94, 0xb3, 0x9c, 0xb3, 0x94, 0xb3, 0x94, 0xd3, 0x9c,
    0xf4, 0x9c, 0x14, 0xa5, 0x14, 0xa5, 0x14, 0xa5, 0x14, 0xa5, 0x14, 0x9d,
    0xf4, 0xa4, 0xf4, 0x9c, 0xf4, 0x9c, 0xf4, 0x9c, 0xf4, 0x9c, 0xd4, 0x9c,
    0xf4, 0x9c, 0xd4, 0x9c, 0xd3, 0x9c, 0xd3, 0x9c, 0xd3, 0x9c, 0xb3, 0x94,
    0xb3, 0x94, 0xb3, 0x94, 0xb3, 0x94, 0x92, 0x94, 0x72, 0x8c, 0x72, 0x8c,
    0x52, 0x8c, 0x51, 0x8c, 0x31, 0x84, 0x31, 0x84, 0x31, 0x84, 0x10, 0x84,
    0xf0, 0x7b, 0xd0, 0x7b, 0xcf, 0x73, 0xaf, 0x73, 0xaf, 0x73, 0x8e, 0x73,
    0x6e, 0x6b, 0x6e, 0x6b, 0x6e, 0x6b, 0x4d, 0x6b, 0x4d, 0x63, 0x2d, 0x63,
    0x0d, 0x63, 0x0c, 0x63, 0xec, 0x5a, 0xcc, 0x5a, 0xcb, 0x5a, 0xab, 0x52,
    0x55, 0xad, 0x56, 0xad, 0x75, 0xad, 0x55, 0xad, 0x56, 0xad, 0x35, 0xa5,
    0x35, 0xa5, 0x14, 0xa5, 0xf4, 0x9c, 0xd3, 0x9c, 0xb3, 0x94, 0x72, 0x8c,
    0x51, 0x8c, 0x10, 0x84, 0xaf, 0x7b, 0xaf, 0x73, 0xcf, 0x7b, 0x10, 0x84,
    0x52, 0x8c, 0x72, 0x94, 0x93, 0x94, 0xb3, 0x94, 0xf4, 0x9c, 0x14, 0xa5,
    0x35, 0xa5, 0x55, 0xad, 0x56, 0xad, 0x55, 0xad, 0x56, 0xad, 0x55, 0xad,
    0x55, 0xa5, 0x35, 0xa5, 0x15, 0xa5, 0xd3, 0x9c, 0xb3, 0x94, 0xd3, 0x9c,
    0x14, 0xa5, 0x15, 0xa5, 0x35, 0xa5, 0x55, 0xad, 0x56, 0xad, 0x56, 0xad,
    0x76, 0xad, 0x56, 0xad, 0x55, 0xad, 0x56, 0xad, 0x56, 0xad, 0x55, 0xa5,
    0x76, 0xad, 0x56, 0xad, 0x56, 0xa5, 0x56, 0xad, 0x55, 0xa5, 0x55, 0xad,
    0x55, 0xa5, 0x56, 0xad, 0x56, 0xad, 0x55, 0xad, 0x35, 0xa5, 0x15, 0xa5,
    0xf4, 0xa4, 0xf4, 0x9c, 0xb3, 0x9c, 0xb3, 0x9c, 0xb3, 0x9c, 0xb3, 0x94,
    0x92, 0x94, 0x92, 0x94, 0x92, 0x94, 0x51, 0x94, 0x50, 0x9c, 0x4f, 0x9c,
    0x2e, 0x9c, 0x2d, 0xa4, 0x2d, 0xa4, 0x2c, 0xa4, 0x0c, 0x9c, 0x0c, 0x9c,
    0x2e, 0xa4, 0x6f, 0xa4, 0x70, 0x9c, 0x91, 0x9c, 0x92, 0x9c, 0x72, 0x94,
    0x31, 0x8c, 0x51, 0x8c, 0x10, 0x84, 0xd0, 0x7b, 0x31, 0x8c, 0xb3, 0x94,
    0xf4, 0x9c, 0x14, 0xa5, 0x14, 0xa5, 0x15, 0xa5, 0x35, 0xa5, 0x15, 0xa5,
    0x14, 0xa5, 0xf4, 0xa4, 0xf4, 0xa4, 0x14, 0xa5, 0x14, 0xa5, 0x14, 0xa5,
    0x15, 0xa5, 0x15, 0xa5, 0xf4, 0x9c, 0xd3, 0x9c, 0xd4, 0x9c, 0xd3, 0x9c,
    0xd3, 0x9c, 0x14, 0xa5, 0x35, 0xa5, 0x35, 0xa5, 0x35, 0xa5, 0x35, 0xad,
    0x35, 0xa5, 0x35, 0xa5, 0x35, 0xa5, 0x35, 0xa5, 0x15, 0xa5, 0x35, 0xa5,
    0x15, 0xa5, 0x14, 0xa5, 0x14, 0xa5, 0xf4, 0x9c, 0xd3, 0x9c, 0xb3, 0x9c,
    0xb3, 0x94, 0xb3, 0x94, 0xb3, 0x94, 0xb3, 0x94, 0xb3, 0x9c, 0xf4, 0x9c,
    0x14, 0x9d, 0xf4, 0xa4, 0xf4, 0xa4, 0xf4, 0x9c, 0xf4, 0x9c, 0xf4, 0x9c,
    0xf4, 0x9c, 0xf4, 0x9c, 0xd4, 0x9c, 0xd4, 0x9c, 0xd3, 0x9c, 0xd3, 0x9c,
    0xd3, 0x9c, 0xb3, 0x9c, 0xb3, 0x94, 0xb3, 0x94, 0xb3, 0x94, 0x93, 0x94,
    0x92, 0x94, 0x92, 0x94, 0x72, 0x8c, 0x72, 0x8c, 0x52, 0x8c, 0x51, 0x8c,
    0x31, 0x84, 0x31, 0x84, 0x11, 0x84, 0x10, 0x7c, 0xf0, 0x7b, 0xf0, 0x7b,
    0xcf, 0x7b, 0xaf, 0x73, 0xaf, 0x73, 0x8e, 0x73, 0x6e, 0x6b, 0x6e, 0x6b,
    0x6e, 0x6b, 0x4d, 0x6b, 0x4d, 0x63, 0x2d, 0x63, 0x2d, 0x63, 0x0d, 0x63,
    0xec, 0x62, 0xec, 0x5a, 0xcb, 0x5a, 0xab, 0x52, 0x8a, 0x52, 0x4a, 0x4a,
    0x55, 0xad, 0x56, 0xad, 0x56, 0xad, 0x55, 0xad, 0x55, 0xad, 0x35, 0xa5,
    0x14, 0xa5, 0xf4, 0x9c, 0xd3, 0x94, 0x93, 0x94, 0x72, 0x8c, 0x31, 0x84,
    0xf0, 0x83, 0xaf, 0x73, 0x8f, 0x73, 0xd0, 0x7b, 0x31, 0x84, 0x52, 0x8c,
    0x92, 0x94, 0xd3, 0x94, 0xd4, 0x9c, 0xf4, 0x9c, 0x15, 0xa5, 0x35, 0xa5,
    0x35, 0xad, 0x55, 0xa5, 0x56, 0xad, 0x56, 0xad, 0x55, 0xad, 0x55, 0xad,
    0x56, 0xad, 0x35, 0xad, 0x15, 0xa5, 0xf4, 0x9c, 0xd3, 0x9c, 0xb3, 0x94,
    0xd4, 0x9c, 0x35, 0xa5, 0x55, 0xad, 0x55, 0xad, 0x56, 0xad, 0x75, 0xad,
    0x76, 0xad, 0x56, 0xad, 0x56, 0xad, 0x55, 0xad, 0x55, 0xad, 0x56, 0xad,
    0x56, 0xad, 0x55, 0xa5, 0x55, 0xa5, 0x55, 0xa5, 0x35, 0xa5, 0x35, 0xa5,
    0x35, 0xa5, 0x55, 0xa5, 0x55, 0xad, 0x55, 0xad, 0x35, 0xa5, 0x35, 0xa5,
    0x14, 0xa5, 0xf4, 0x9c, 0xd3, 0x9c, 0xb3, 0x9c, 0xb3, 0x94, 0x92, 0x9c,
    0x92, 0x94, 0x92, 0x94, 0x72, 0x94, 0x71, 0x94, 0x50, 0x9c, 0x2f, 0x9c,
    0x2e, 0x9c, 0x2d, 0xa4, 0x2d, 0xa4, 0x0c, 0x9c, 0x0c, 0xa4, 0x0c, 0x9c,
    0x0d, 0x9c, 0x4f, 0xa4, 0x70, 0x9c, 0x70, 0x9c, 0x71, 0x9c, 0x51, 0x94,
    0x51, 0x94, 0x72, 0x8c, 0x72, 0x94, 0x31, 0x84, 0x10, 0x84, 0x31, 0x84,
    0x92, 0x94, 0xf4, 0x9c, 0x15, 0xa5, 0x35, 0xa5, 0x34, 0xa5, 0x35, 0xa5,
    0x35, 0xad, 0x35, 0xa5, 0x15, 0xa5, 0x14, 0xa5, 0x14, 0xa5, 0x35, 0xa5,
    0x14, 0xa5, 0x34, 0xa5, 0xf4, 0xa4, 0xd4, 0x9c, 0xd4, 0x9c, 0xd3, 0x9c,
    0xd4, 0x9c, 0xf4, 0x9c, 0x35, 0xa5, 0x35, 0xa5, 0x15, 0xa5, 0x15, 0xa5,
    0x14, 0xa5, 0x14, 0xa5, 0x35, 0xa5, 0x15, 0xa5, 0x15, 0xa5, 0x34, 0xa5,
    0x15, 0xa5, 0x15, 0xa5, 0xf4, 0x9c, 0xd3, 0x9c, 0xb3, 0x94, 0xb3, 0x94,
    0xb3, 0x94, 0xb3, 0x94, 0xb3, 0x94, 0xb3, 0x94, 0xd4, 0x9c, 0xf4, 0xa4,
    0xf4, 0xa4, 0xf4, 0x9c, 0xf4, 0x9c, 0xf4, 0x9c, 0xf4, 0x9c, 0xd4, 0x9c,
    0xf4, 0x9c, 0xd4, 0x9c, 0xd3, 0x9c, 0xd3, 0x9c, 0xd3, 0x94, 0xb3, 0x94,
    0xb3, 0x94, 0xb3, 0x94, 0x93, 0x94, 0x93, 0x94, 0x92, 0x94, 0x92, 0x8c,
    0x72, 0x8c, 0x72, 0x8c, 0x52, 0x8c, 0x51, 0x8c, 0x31, 0x84, 0x31, 0x84,
    0x10, 0x84, 0xf0, 0x7b, 0xf0, 0x7b, 0xd0, 0x7b, 0xcf, 0x7b, 0xaf, 0x73,
    0x8f, 0x73, 0x8e, 0x73, 0x6e, 0x6b, 0x6e, 0x6b, 0x4e, 0x6b, 0x4d, 0x6b,
    0x4d, 0x63, 0x2d, 0x63, 0x0d, 0x63, 0x0c, 0x63, 0x0c, 0x63, 0xec, 0x5a,
    0xcb, 0x5a, 0xab, 0x52, 0x8a, 0x52, 0x6a, 0x4a, 0x29, 0x42, 0xe8, 0x39,
    0x56, 0xad, 0x55, 0xad, 0x55, 0xa5, 0x35, 0xa5, 0x35, 0xa5, 0x14, 0xa5,
    0xf4, 0x9c, 0xb3, 0x94, 0xb3, 0x94, 0x72, 0x8c, 0x31, 0x84, 0xef, 0x7b,
    0xaf, 0x73, 0xaf, 0x73, 0xf0, 0x7b, 0x31, 0x84, 0x72, 0x8c, 0xb3, 0x94,
    0xd3, 0x9c, 0xf4, 0x9c, 0x14, 0xa5, 0x35, 0xa5, 0x55, 0xad, 0x35, 0xad,
    0x55, 0xa5, 0x35, 0xad, 0x55, 0xad, 0x55, 0xad, 0x55, 0xad, 0x55, 0xa5,
    0x55, 0xa5, 0x35, 0xa5, 0x15, 0xa5, 0xf4, 0x9c, 0xf4, 0x9c, 0xf4, 0x9c,
    0xf4, 0x9c, 0x14, 0xa5, 0x15, 0xa5, 0x35, 0xa5, 0x56, 0xad, 0x76, 0xad,
    0x56, 0xad, 0x55, 0xad, 0x55, 0xa5, 0x56, 0xad, 0x56, 0xa5, 0x35, 0xa5,
    0x35, 0xa5, 0x35, 0xa5, 0x35, 0xa5, 0x35, 0xa5, 0x35, 0xa5, 0x15, 0xa5,
    0x35, 0xa5, 0x35, 0xa5, 0x35, 0xa5, 0x55, 0xad, 0x35, 0xad, 0x35, 0xa5,
    0x14, 0xa5, 0xf4, 0xa4, 0xd3, 0x9c, 0xb3, 0x9c, 0xb2, 0x94, 0x92, 0x94,
    0x93, 0x9c, 0x92, 0x94, 0x92, 0x94, 0x71, 0x9c, 0x50, 0x94, 0x4f, 0x9c,
    0x2e, 0x9c, 0x2d, 0x9c, 0x2c, 0xa4, 0x0c, 0x9c, 0x0c, 0x9c, 0x0c, 0xa4,
    0x0d, 0x9c, 0x4e, 0xa4, 0x70, 0x9c, 0x70, 0x9c, 0x71, 0x9c, 0x71, 0x94,
    0x72, 0x94, 0x72, 0x94, 0x92, 0x94, 0x72, 0x94, 0x72, 0x94, 0x92, 0x94,
    0xb3, 0x94, 0xd4, 0x9c, 0x14, 0xa5, 0x14, 0xa5, 0x15, 0xa5, 0x15, 0xa5,
    0x34, 0xa5, 0x35, 0xa5, 0x15, 0xa5, 0x35, 0xa5, 0x35, 0xa5, 0x14, 0xa5,
    0x15, 0xa5, 0x35, 0xa5, 0x14, 0xa5, 0xd3, 0x9c, 0xd3, 0x9c, 0xd4, 0x9c,
    0xd4, 0x9c, 0xd4, 0x9c, 0x15, 0xa5, 0x14, 0xa5, 0x14, 0xa5, 0x14, 0xa5,
    0x14, 0xa5, 0xf4, 0xa4, 0xf4, 0xa4, 0x14, 0xa5, 0x14, 0xa5, 0x14, 0xa5,
    0x14, 0xa5, 0x14, 0xa5, 0xf4, 0x9c, 0xb3, 0x94, 0xb3, 0x94, 0xb3, 0x94,
    0x72, 0x94, 0x51, 0x8c, 0x31, 0x8c, 0xb3, 0x94, 0xf4, 0x9c, 0xf4, 0x9c,
    0xf4, 0x9c, 0xf4, 0x9c, 0xf4, 0x9c, 0xf4, 0x9c, 0xd3, 0x9c, 0xd4, 0x9c,
    0xd3, 0x9c, 0xb3, 0x9c, 0xb3, 0x94, 0xb3, 0x94, 0xb3, 0x94, 0x93, 0x94,
    0x92, 0x94, 0x92, 0x94, 0x92, 0x8c, 0x72, 0x8c, 0x72, 0x8c, 0x52, 0x8c,
    0x51, 0x8c, 0x51, 0x84, 0x31, 0x84, 0x11, 0x84, 0x10, 0x84, 0xf0, 0x7b,
    0xf0, 0x7b, 0xcf, 0x7b, 0xcf, 0x7b, 0xaf, 0x73, 0xaf, 0x73, 0x8e, 0x73,
    0x8e, 0x6b, 0x6e, 0x6b, 0x4d, 0x6b, 0x4d, 0x6b, 0x2d, 0x63, 0x2d, 0x63,
    0x0d, 0x63, 0x0c, 0x63, 0xec, 0x5a, 0xec, 0x5a, 0xcb, 0x5a, 0xab, 0x52,
    0x8a, 0x52, 0x6a, 0x4a, 0x29, 0x42, 0xe8, 0x39, 0xa7, 0x31, 0x86, 0x31,
    0x55, 0xad, 0x55, 0xad, 0x35, 0xa5, 0x35, 0xa5, 0xf4, 0x9c, 0xf4, 0x9c,
    0xb3, 0x94, 0x92, 0x94, 0x52, 0x8c, 0x11, 0x84, 0xd0, 0x7b, 0xaf, 0x73,
    0xaf, 0x73, 0x10, 0x84, 0x51, 0x8c, 0x72, 0x94, 0xb3, 0x94, 0xd3, 0x9c,
    0xf4, 0x9c, 0x15, 0xa5, 0x55, 0xa5, 0x35, 0xa5, 0x35, 0xad, 0x55, 0xad,
    0x35, 0xad, 0x35, 0xad, 0x35, 0xad, 0x55, 0xad, 0x35, 0xa5, 0x35, 0xad,
    0x35, 0xad, 0x35, 0xa5, 0x35, 0xa5, 0x14, 0xa5, 0xf4, 0x9c, 0xf4, 0x9c,
    0xf4, 0x9c, 0xf4, 0xa4, 0x15, 0xa5, 0x55, 0xa5, 0x56, 0xad, 0x55, 0xad,
    0x55, 0xad, 0x55, 0xa5, 0x55, 0xad, 0x35, 0xa5, 0x55, 0xa5, 0x35, 0xa5,
    0x35, 0xa5, 0x35, 0xa5, 0x35, 0xa5, 0x15, 0xa5, 0x15, 0xa5, 0x15, 0x9d,
    0x14, 0x9d, 0x15, 0xa5, 0x15, 0xa5, 0x35, 0xa5, 0x35, 0xa5, 0x35, 0xa5,
    0x15, 0xa5, 0xf4, 0xa4, 0xd3, 0x9c, 0xb3, 0x9c, 0xb3, 0x9c, 0x92, 0x94,
    0xb2, 0x94, 0x92, 0x9c, 0x92, 0x94, 0x72, 0x94, 0x51, 0x9c, 0x50, 0x9c,
    0x2e, 0x9c, 0x2d, 0x9c, 0x0d, 0x9c, 0x0d, 0xa4, 0x0c, 0x9c, 0x0c, 0x9c,
    0x0d, 0xa4, 0x2e, 0xa4, 0x70, 0xa4, 0x70, 0x9c, 0x71, 0x9c, 0x71, 0x94,
    0x72, 0x94, 0x72, 0x94, 0x72, 0x8c, 0x52, 0x8c, 0x92, 0x94, 0xd3, 0x9c,
    0xd3, 0x9c, 0xd4, 0x9c, 0xf4, 0xa4, 0x35, 0xa5, 0x35, 0xa5, 0x14, 0xa5,
    0x15, 0xa5, 0x35, 0xa5, 0x35, 0xad, 0x34, 0xa5, 0x35, 0xa5, 0x15, 0xa5,
    0x35, 0xa5, 0x35, 0xa5, 0x14, 0xa5, 0xd4, 0x9c, 0xd4, 0x9c, 0xd3, 0x9c,
    0xd3, 0x9c, 0xd3, 0x9c, 0xf4, 0xa4, 0x14, 0xa5, 0x14, 0xa5, 0x14, 0xa5,
    0xf4, 0xa4, 0xf4, 0xa4, 0xf4, 0xa4, 0xf4, 0xa4, 0xf4, 0xa4, 0xf4, 0xa4,
    0x14, 0xa5, 0x14, 0xa5, 0xf4, 0x9c, 0xf4, 0x9c, 0xd3, 0x9c, 0xb3, 0x94,
    0x52, 0x8c, 0xf0, 0x7b, 0xaf, 0x73, 0xf0, 0x83, 0x72, 0x8c, 0xb3, 0x94,
    0xd3, 0x9c, 0xd4, 0x9c, 0xd3, 0x9c, 0xd3, 0x9c, 0xd3, 0x9c, 0xb3, 0x9c,
    0xb3, 0x94, 0xb3, 0x94, 0xb3, 0x94, 0x93, 0x94, 0x92, 0x94, 0x72, 0x94,
    0x72, 0x8c, 0x72, 0x8c, 0x52, 0x8c, 0x51, 0x8c, 0x31, 0x8c, 0x31, 0x84,
    0x31, 0x84, 0x10, 0x84, 0x10, 0x7c, 0xf0, 0x7b, 0xd0, 0x7b, 0xcf, 0x7b,
    0xcf, 0x73, 0xaf, 0x73, 0xaf, 0x73, 0x8e, 0x73, 0x6e, 0x6b, 0x6e, 0x6b,
    0x4e, 0x6b, 0x4d, 0x6b, 0x2d, 0x63, 0x2d, 0x63, 0x0d, 0x63, 0x0c, 0x63,
    0xec, 0x5a, 0xec, 0x5a, 0xcb, 0x5a, 0xab, 0x52, 0x8a, 0x52, 0x6a, 0x4a,
    0x29, 0x42, 0xe8, 0x41, 0xc7, 0x39, 0x86, 0x31, 0x45, 0x29, 0x25, 0x21,
    0x55, 0xa5, 0x35, 0xa5, 0x35, 0xa5, 0x14, 0xa5, 0xd3, 0x9c, 0xb3, 0x94,
    0x72, 0x94, 0x51, 0x8c, 0x10, 0x84, 0xcf, 0x7b, 0xaf, 0x73, 0xd0, 0x7b,
    0x31, 0x84, 0x72, 0x8c, 0x92, 0x94, 0xb3, 0x9c, 0xd4, 0x9c, 0x14, 0xa5,
    0x35, 0xa5, 0x55, 0xad, 0x56, 0xad, 0x55, 0xad, 0x55, 0xa5, 0x35, 0xa5,
    0x35, 0xad, 0x35, 0xa5, 0x35, 0xad, 0x35, 0xad, 0x35, 0xad, 0x35, 0xad,
    0x35, 0xad, 0x35, 0xad, 0x35, 0xa5, 0x15, 0xa5, 0x15, 0xa5, 0x14, 0xa5,
    0xf4, 0x9c, 0x14, 0xa5, 0x35, 0xa5, 0x56, 0xad, 0x76, 0xad, 0x56, 0xad,
    0x55, 0xad, 0x56, 0xad, 0x35, 0xa5, 0x35, 0xa5, 0x35, 0xa5, 0x15, 0xa5,
    0x15, 0xa5, 0x15, 0xa5, 0x14, 0x9d, 0x14, 0x9d, 0x14, 0x9d, 0xf4, 0x9c,
    0xf4, 0x9c, 0x14, 0x9d, 0x14, 0x9d, 0x15, 0xa5, 0x35, 0xa5, 0x35, 0xa5,
    0x34, 0xa5, 0xf4, 0xa4, 0xf4, 0x9c, 0xb3, 0x9c, 0xb3, 0x9c, 0xb3, 0x9c,
    0x92, 0x94, 0x92, 0x94, 0x92, 0x94, 0x92, 0x9c, 0x71, 0x94, 0x50, 0x9c,
    0x2f, 0x9c, 0x2e, 0x9c, 0x0d, 0xa4, 0x2d, 0xa4, 0x0c, 0xa4, 0x0c, 0x9c,
    0x0c, 0x9c, 0x2d, 0xa4, 0x4f, 0x9c, 0x70, 0x9c, 0x71, 0x9c, 0x51, 0x94,
    0x51, 0x94, 0x10, 0x84, 0x10, 0x84, 0x31, 0x8c, 0x52, 0x8c, 0xb3, 0x94,
    0xd3, 0x9c, 0xd3, 0x9c, 0xf4, 0x9c, 0x15, 0xa5, 0x14, 0xa5, 0x35, 0xa5,
    0x35, 0xa5, 0x35, 0xad, 0x34, 0xa5, 0x35, 0xa5, 0x35, 0xa5, 0x35, 0xad,
    0x35, 0xad, 0x34, 0xa5, 0x35, 0xa5, 0x14, 0xa5, 0xf4, 0x9c, 0xd3, 0x9c,
    0xb3, 0x9c, 0xb3, 0x9c, 0xf3, 0xa4, 0xf4, 0xa4, 0xf4, 0xa4, 0xf4, 0xa4,
    0xf4, 0xa4, 0xd4, 0xa4, 0xf3, 0x9c, 0xd4, 0xa4, 0xd3, 0xa4, 0xd4, 0xa4,
    0xf4, 0x9c, 0xf4, 0xa4, 0xf4, 0x9c, 0xf4, 0x9c, 0xf4, 0xa4, 0xd4, 0x9c,
    0x92, 0x94, 0x51, 0x84, 0x31, 0x84, 0xd0, 0x7b, 0xaf, 0x73, 0xd0, 0x7b,
    0x31, 0x84, 0x93, 0x94, 0xb3, 0x94, 0xb3, 0x94, 0xb3, 0x94, 0xb3, 0x94,
    0x93, 0x94, 0x92, 0x94, 0x92, 0x94, 0x72, 0x8c, 0x72, 0x8c, 0x52, 0x8c,
    0x51, 0x8c, 0x51, 0x84, 0x31, 0x84, 0x31, 0x84, 0x11, 0x84, 0x10, 0x84,
    0x10, 0x7c, 0xf0, 0x7b, 0xd0, 0x7b, 0xcf, 0x7b, 0xaf, 0x73, 0xaf, 0x73,
    0x8f, 0x73, 0x8e, 0x73, 0x6e, 0x6b, 0x6e, 0x6b, 0x4d, 0x6b, 0x4d, 0x6b,
    0x2d, 0x63, 0x2d, 0x63, 0x0d, 0x63, 0x0c, 0x63, 0xec, 0x5a, 0xcc, 0x5a,
    0xcb, 0x5a, 0xab, 0x52, 0x8a, 0x52, 0x6a, 0x4a, 0x29, 0x42, 0xe8, 0x39,
    0xc7, 0x39, 0x86, 0x31, 0x45, 0x29, 0x25, 0x21, 0x04, 0x21, 0x04, 0x21,
    0x35, 0xa5, 0x15, 0xa5, 0xf4, 0x9c, 0xd3, 0x9c, 0xb3, 0x94, 0x72, 0x8c,
    0x31, 0x84, 0xf0, 0x7b, 0xaf, 0x7b, 0xcf, 0x7b, 0x10, 0x7c, 0x31, 0x8c,
    0x72, 0x8c, 0xb3, 0x94, 0xd3, 0x9c, 0xf4, 0x9c, 0x14, 0xa5, 0x35, 0xa5,
    0x56, 0xad, 0x56, 0xad, 0x55, 0xad, 0x55, 0xad, 0x55, 0xad, 0x35, 0xa5,
    0x35, 0xa5, 0x35, 0xa5, 0x14, 0xa5, 0x35, 0xad, 0x34, 0xa5, 0x34, 0xa5,
    0x15, 0xa5, 0x34, 0xa5, 0x14, 0xa5, 0xf4, 0xa4, 0xf4, 0x9c, 0x14, 0xa5,
    0x15, 0xa5, 0x35, 0xa5, 0x35, 0xa5, 0x55, 0xad, 0x56, 0xad, 0x55, 0xad,
    0x56, 0xa5, 0x35, 0xa5, 0x35, 0xa5, 0x35, 0xa5, 0x15, 0xa5, 0x15, 0x9d,
    0x14, 0x9d, 0xf4, 0x9c, 0xf4, 0x9c, 0xf4, 0x9c, 0xd4, 0x94, 0xd4, 0x94,
    0xd4, 0x94, 0xf4, 0x9c, 0xf4, 0x9c, 0x15, 0xa5, 0x15, 0xa5, 0x14, 0xa5,
    0x35, 0xa5, 0x14, 0xa5, 0xf4, 0x9c, 0xd3, 0x9c, 0xb2, 0x9c, 0xb2, 0x9c,
    0x93, 0x9c, 0x92, 0x94, 0x92, 0x94, 0x92, 0x94, 0x71, 0x9c, 0x50, 0x9c,
    0x4f, 0x9c, 0x2e, 0x9c, 0x2d, 0x9c, 0x2c, 0x9c, 0x0c, 0x9c, 0x0c, 0x9c,
    0x0c, 0xa4, 0x0d, 0xa4, 0x4e, 0x9c, 0x70, 0x9c, 0x70, 0x9c, 0x51, 0x94,
    0x30, 0x8c, 0xf0, 0x83, 0xd0, 0x7b, 0x31, 0x84, 0x52, 0x8c, 0x92, 0x94,
    0xb3, 0x94, 0xb3, 0x94, 0xf4, 0x9c, 0x14, 0xa5, 0x15, 0xa5, 0x35, 0xa5,
    0x35, 0xa5, 0x14, 0xad, 0x35, 0xa5, 0x35, 0xa5, 0x15, 0xad, 0x14, 0xa5,
    0x34, 0xa5, 0x35, 0xa5, 0x15, 0xad, 0x14, 0xa5, 0x14, 0xa5, 0xf4, 0xa4,
    0xd4, 0x9c, 0xb3, 0x9c, 0xd3, 0x9c, 0xf4, 0xa4, 0xf4, 0xa4, 0xd3, 0xa4,
    0xf3, 0xa4, 0xd3, 0xa4, 0xd3, 0xa4, 0xd3, 0x9c, 0xd3, 0xa4, 0xd3, 0x9c,
    0xd4, 0xa4, 0xf4, 0xa4, 0xf4, 0x9c, 0xd3, 0x9c, 0xb3, 0x94, 0xb3, 0x94,
    0x92, 0x94, 0x92, 0x94, 0x93, 0x94, 0x31, 0x84, 0xf0, 0x7b, 0xcf, 0x7b,
    0xf0, 0x83, 0x52, 0x8c, 0x93, 0x94, 0xb3, 0x94, 0x92, 0x94, 0x92, 0x94,
    0x92, 0x8c, 0x72, 0x8c, 0x72, 0x8c, 0x52, 0x8c, 0x51, 0x8c, 0x31, 0x84,
    0x31, 0x84, 0x11, 0x84, 0x10, 0x84, 0xf0, 0x7b, 0xf0, 0x7b, 0xf0, 0x7b,
    0xd0, 0x7b, 0xaf, 0x7b, 0xaf, 0x73, 0xaf, 0x73, 0x8e, 0x6b, 0x6e, 0x6b,
    0x6e, 0x6b, 0x6e, 0x6b, 0x4d, 0x6b, 0x4d, 0x6b, 0x2d, 0x63, 0x2d, 0x63,
    0x0d, 0x63, 0x0c, 0x63, 0xec, 0x5a, 0xec, 0x5a, 0xcb, 0x5a, 0xab, 0x52,
    0x8a, 0x4a, 0x49, 0x4a, 0x29, 0x42, 0xe8, 0x39, 0xa7, 0x39, 0x86, 0x31,
    0x45, 0x29, 0x25, 0x21, 0x04, 0x21, 0x04, 0x21, 0x04, 0x21, 0x25, 0x21,
    0x14, 0xa5, 0xf4, 0x9c, 0xd3, 0x9c, 0x93, 0x94, 0x72, 0x8c, 0x11, 0x84,
    0xcf, 0x7b, 0xaf, 0x73, 0xcf, 0x7b, 0x10, 0x84, 0x52, 0x8c, 0x93, 0x94,
    0xb3, 0x94, 0xd4, 0x9c, 0xf4, 0x9c, 0x15, 0xa5, 0x35, 0xa5, 0x55, 0xad,
    0x55, 0xad, 0x55, 0xad, 0x55, 0xad, 0x35, 0xad, 0x35, 0xad, 0x35, 0xad,
    0x35, 0xad, 0x35, 0xad, 0x14, 0xa5, 0x35, 0xad, 0x35, 0xad, 0x35, 0xad,
    0x35, 0xad, 0x35, 0xad, 0x14, 0xa5, 0xf4, 0x9c, 0xf4, 0x9c, 0xf4, 0x9c,
    0xf4, 0x9c, 0xf4, 0xa4, 0x35, 0xa5, 0x56, 0xad, 0x56, 0xad, 0x55, 0xad,
    0x55, 0xa5, 0x35, 0xa5, 0x35, 0xa5, 0x15, 0xa5, 0x14, 0x9d, 0xf4, 0x9c,
    0xf4, 0x9c, 0xd4, 0x94, 0xd4, 0x94, 0xd4, 0x94, 0xb3, 0x94, 0xb3, 0x94,
    0xd4, 0x94, 0xb3, 0x94, 0xd4, 0x94, 0x14, 0x9d, 0x15, 0xa5, 0x14, 0xa5,
    0x15, 0xa5, 0x14, 0xa5, 0xf4, 0x9c, 0xd3, 0x9c, 0xb3, 0x9c, 0xb2, 0x9c,
    0xb2, 0x94, 0x92, 0x9c, 0x92, 0x9c, 0x92, 0x94, 0x71, 0x94, 0x50, 0x9c,
    0x50, 0x9c, 0x2f, 0x9c, 0x2d, 0x9c, 0x0c, 0xa4, 0x0c, 0x9c, 0x0c, 0xa4,
    0x0c, 0xa4, 0x0c, 0x9c, 0x2e, 0xa4, 0x70, 0xa4, 0x70, 0x9c, 0x71, 0x9c,
    0x71, 0x94, 0x72, 0x8c, 0x31, 0x8c, 0x51, 0x8c, 0x72, 0x8c, 0x93, 0x94,
    0xb3, 0x9c, 0xf4, 0x9c, 0x14, 0xa5, 0x14, 0xa5, 0x35, 0xa5, 0x35, 0xa5,
    0x34, 0xa5, 0x35, 0xa5, 0x15, 0xa5, 0x35, 0xa5, 0x34, 0xa5, 0x35, 0xa5,
    0x35, 0xa5, 0x15, 0xad, 0x15, 0xa5, 0x14, 0xa5, 0x14, 0xa5, 0x14, 0xa5,
    0xf4, 0xa4, 0xf4, 0xa4, 0xd3, 0x9c, 0xf4, 0xa4, 0xf3, 0x9c, 0xd3, 0xa4,
    0xd4, 0xa4, 0xd3, 0x9c, 0xd3, 0xa4, 0xd3, 0xa4, 0xd3, 0x9c, 0xd3, 0xa4,
    0xd3, 0x9c, 0xd3, 0x9c, 0xf4, 0x9c, 0xd3, 0x9c, 0x93, 0x94, 0x92, 0x94,
    0x52, 0x8c, 0x31, 0x8c, 0x72, 0x8c, 0x51, 0x84, 0x11, 0x84, 0x31, 0x84,
    0x51, 0x8c, 0x51, 0x84, 0x72, 0x8c, 0x92, 0x94, 0x72, 0x94, 0x72, 0x8c,
    0x52, 0x8c, 0x52, 0x8c, 0x51, 0x8c, 0x31, 0x84, 0x31, 0x84, 0x10, 0x84,
    0x10, 0x84, 0xf0, 0x7b, 0xf0, 0x7b, 0xd0, 0x7b, 0xcf, 0x7b, 0xaf, 0x73,
    0xaf, 0x73, 0x8e, 0x73, 0x8e, 0x73, 0x6e, 0x6b, 0x6e, 0x6b, 0x4d, 0x6b,
    0x4d, 0x6b, 0x4d, 0x63, 0x2d, 0x63, 0x2d, 0x63, 0x0d, 0x63, 0x0c, 0x63,
    0x0c, 0x5b, 0xec, 0x5a, 0xcb, 0x5a, 0xab, 0x52, 0x6a, 0x4a, 0x49, 0x4a,
    0x29, 0x42, 0xe8, 0x39, 0xa7, 0x31, 0x86, 0x31, 0x45, 0x29, 0x25, 0x21,
    0x04, 0x21, 0x04, 0x21, 0x04, 0x21, 0x25, 0x21, 0x45, 0x29, 0x45, 0x29,
    0xd4, 0x9c, 0xd3, 0x94, 0x92, 0x94, 0x52, 0x8c, 0x11, 0x84, 0xcf, 0x73,
    0xaf, 0x73, 0xd0, 0x7b, 0x31, 0x84, 0x52, 0x8c, 0x92, 0x94, 0xd3, 0x94,
    0xf4, 0x9c, 0x14, 0xa5, 0x35, 0xa5, 0x35, 0xad, 0x56, 0xad, 0x56, 0xad,
    0x55, 0xad, 0x35, 0xa5, 0x55, 0xad, 0x35, 0xad, 0x35, 0xad, 0x35, 0xad,
    0x35, 0xad, 0x35, 0xa5, 0x34, 0xad, 0x34, 0xad, 0x35, 0xad, 0x34, 0xad,
    0x15, 0xad, 0x35, 0xa5, 0x35, 0xa5, 0x14, 0xa5, 0x14, 0xa5, 0xf4, 0x9c,
    0xf4, 0x9c, 0xf4, 0x9c, 0x14, 0xa5, 0x35, 0xa5, 0x55, 0xad, 0x55, 0xad,
    0x35, 0xa5, 0x35, 0xa5, 0x15, 0xa5, 0x15, 0x9d, 0xf4, 0x9c, 0xf4, 0x9c,
    0xd4, 0x9c, 0xd4, 0x94, 0xd3, 0x94, 0xb3, 0x94, 0xb3, 0x94, 0xb3, 0x94,
    0xb3, 0x94, 0xb3, 0x94, 0xd4, 0x94, 0xf4, 0x9c, 0x14, 0x9d, 0x15, 0xa5,
    0x14, 0xa5, 0x14, 0xa5, 0xf4, 0x9c, 0xd4, 0x9c, 0xb3, 0x9c, 0xb3, 0x9c,
    0xb2, 0x9c, 0x92, 0x94, 0x93, 0x94, 0x92, 0x9c, 0x71, 0x94, 0x50, 0x94,
    0x30, 0x94, 0x2e, 0x9c, 0x0d, 0x9c, 0x2d, 0x9c, 0x2d, 0x9c, 0x0d, 0x9c,
    0x0d, 0x9c, 0x0d, 0x9c, 0x2e, 0x9c, 0x70, 0x9c, 0x50, 0x9c, 0x71, 0x9c,
    0xb2, 0x9c, 0xb3, 0x9c, 0xb3, 0x94, 0xb3, 0x94, 0xb3, 0x94, 0xd3, 0x9c,
    0xf4, 0x9c, 0x15, 0xa5, 0x15, 0xa5, 0x15, 0xa5, 0x35, 0xa5, 0x34, 0xad,
    0x15, 0xad, 0x35, 0xa5, 0x35, 0xad, 0x15, 0xa5, 0x35, 0xa5, 0x35, 0xad,
    0x15, 0xa5, 0x14, 0xa5, 0x14, 0xa5, 0x14, 0xa5, 0x14, 0xa5, 0xf4, 0xa4,
    0xf4, 0xa4, 0xf4, 0xa4, 0xd3, 0xa4, 0xd3, 0xa4, 0xd4, 0xa4, 0xd3, 0xa4,
    0xd4, 0x9c, 0xd3, 0x9c, 0xd3, 0x9c, 0xd3, 0x9c, 0xb3, 0x9c, 0xb3, 0x9c,
    0xd3, 0x9c, 0xd3, 0x9c, 0xd3, 0x9c, 0xd3, 0x9c, 0x93, 0x94, 0x72, 0x8c,
    0x31, 0x84, 0xf0, 0x7b, 0x10, 0x84, 0x31, 0x84, 0x31, 0x84, 0x31, 0x84,
    0x52, 0x8c, 0x31, 0x84, 0x51, 0x84, 0x52, 0x8c, 0x72, 0x8c, 0x51, 0x8c,
    0x51, 0x84, 0x31, 0x84, 0x11, 0x84, 0x10, 0x84, 0xf0, 0x7b, 0xf0, 0x7b,
    0xd0, 0x7b, 0xcf, 0x7b, 0xaf, 0x73, 0xaf, 0x73, 0x8e, 0x73, 0x8e, 0x73,
    0x6e, 0x6b, 0x6e, 0x6b, 0x6e, 0x6b, 0x4d, 0x6b, 0x4d, 0x6b, 0x2d, 0x63,
    0x2d, 0x63, 0x2d, 0x63, 0x0d, 0x63, 0x0c, 0x63, 0xec, 0x5a, 0xec, 0x5a,
    0xcb, 0x5a, 0xab, 0x52, 0x6a, 0x4a, 0x49, 0x4a, 0x08, 0x42, 0xc8, 0x39,
    0xa7, 0x31, 0x66, 0x31, 0x45, 0x29, 0x25, 0x21, 0x04, 0x21, 0x04, 0x21,
    0x04, 0x21, 0x25, 0x21, 0x45, 0x29, 0x66, 0x29, 0x66, 0x29, 0x86, 0x31,
    0xb3, 0x94, 0x92, 0x94, 0x52, 0x8c, 0x10, 0x84, 0xcf, 0x73, 0xaf, 0x73,
    0xf0, 0x7b, 0x31, 0x84, 0x72, 0x8c, 0xb3, 0x94, 0xb3, 0x9c, 0xf4, 0x9c,
    0x14, 0xa5, 0x35, 0xa5, 0x55, 0xad, 0x55, 0xad, 0x55, 0xad, 0x55, 0xad,
    0x55, 0xad, 0x35, 0xad, 0x35, 0xa5, 0x35, 0xa5, 0x35, 0xa5, 0x35, 0xa5,
    0x34, 0xa5, 0x14, 0xad, 0x35, 0xad, 0x15, 0xad, 0x14, 0xa5, 0x34, 0xa5,
    0x35, 0xa5, 0x34, 0xad, 0x35, 0xad, 0x35, 0xa5, 0x35, 0xa5, 0x14, 0xa5,
    0xf4, 0xa4, 0xf4, 0x9c, 0x35, 0xa5, 0x55, 0xad, 0x55, 0xad, 0x35, 0xad,
    0x35, 0xa5, 0x35, 0xa5, 0x15, 0xa5, 0xf4, 0x9c, 0xf4, 0x9c, 0xf4, 0x94,
    0xd4, 0x94, 0xb3, 0x94, 0xb3, 0x94, 0xb3, 0x94, 0x93, 0x8c, 0xb3, 0x94,
    0xb3, 0x8c, 0x93, 0x8c, 0xb4, 0x94, 0xd4, 0x9c, 0xf4, 0x9c, 0x14, 0x9d,
    0x15, 0xa5, 0x14, 0xa5, 0x14, 0xa5, 0xf4, 0x9c, 0xd3, 0x9c, 0xb2, 0x9c,
    0xb3, 0x9c, 0x92, 0x9c, 0x92, 0x94, 0x92, 0x94, 0x92, 0x94, 0x71, 0x9c,
    0x50, 0x9c, 0x2f, 0x94, 0x0e, 0x94, 0x0e, 0x94, 0x2f, 0x9c, 0x2f, 0x94,
    0x2f, 0x94, 0x2f, 0x94, 0x30, 0x94, 0x70, 0x9c, 0x71, 0x9c, 0x71, 0x94,
    0xb2, 0x9c, 0xd3, 0x9c, 0xd3, 0x9c, 0xd3, 0x9c, 0xf4, 0xa4, 0x14, 0xa5,
    0x14, 0xa5, 0x35, 0xa5, 0x34, 0xa5, 0x35, 0xa5, 0x35, 0xa5, 0x35, 0xa5,
    0x15, 0xa5, 0x34, 0xa5, 0x35, 0xa5, 0x14, 0xa5, 0x14, 0xad, 0x15, 0xa5,
    0x14, 0xa5, 0x14, 0xa5, 0x14, 0xa5, 0xf4, 0xa4, 0xf4, 0xa4, 0xf4, 0xa4,
    0xf4, 0xa4, 0xf3, 0xa4, 0xd4, 0xa4, 0xd3, 0xa4, 0xd3, 0xa4, 0xd3, 0x9c,
    0xd3, 0x9c, 0xd3, 0xa4, 0xd3, 0x9c, 0xb3, 0x9c, 0xb3, 0x9c, 0xb3, 0x9c,
    0xb3, 0x9c, 0xb3, 0x9c, 0xb3, 0x9c, 0xd3, 0x9c, 0x93, 0x94, 0x51, 0x8c,
    0xf0, 0x7b, 0xaf, 0x73, 0xaf, 0x73, 0xf0, 0x7b, 0x31, 0x84, 0x31, 0x8c,
    0x51, 0x8c, 0x31, 0x84, 0x31, 0x84, 0x31, 0x8c, 0x31, 0x84, 0x31, 0x84,
    0x10, 0x84, 0x10, 0x84, 0xf0, 0x7b, 0xf0, 0x7b, 0xcf, 0x7b, 0xaf, 0x73,
    0xaf, 0x73, 0x8f, 0x73, 0x8e, 0x73, 0x8e, 0x6b, 0x6e, 0x6b, 0x6e, 0x6b,
    0x4e, 0x6b, 0x4d, 0x6b, 0x4d, 0x63, 0x2d, 0x63, 0x2d, 0x63, 0x0d, 0x63,
    0x0c, 0x63, 0x0c, 0x63, 0xec, 0x5a, 0xec, 0x5a, 0xcb, 0x5a, 0xab, 0x52,
    0x6a, 0x4a, 0x49, 0x4a, 0x08, 0x42, 0xc7, 0x39, 0xa7, 0x31, 0x66, 0x29,
    0x45, 0x29, 0x04, 0x21, 0x04, 0x21, 0xe4, 0x18, 0x04, 0x21, 0x25, 0x21,
    0x45, 0x29, 0x66, 0x29, 0x66, 0x31, 0x86, 0x31, 0x87, 0x31, 0xa7, 0x31,
    0x92, 0x8c, 0x51, 0x8c, 0xf0, 0x7b, 0xaf, 0x7b, 0xcf, 0x7b, 0x10, 0x84,
    0x51, 0x8c, 0x72, 0x94, 0xb3, 0x94, 0xd4, 0x9c, 0xd3, 0x9c, 0xd3, 0x9c,
    0xf4, 0x9c, 0x35, 0xa5, 0x55, 0xad, 0x55, 0xad, 0x55, 0xad, 0x35, 0xa5,
    0x35, 0xa5, 0x35, 0xad, 0x35, 0xad, 0x35, 0xad, 0x34, 0xad, 0x15, 0xad,
    0x14, 0xad, 0x34, 0xa5, 0x15, 0xad, 0x35, 0xa5, 0x34, 0xa5, 0x15, 0xad,
    0x35, 0xad, 0x35, 0xad, 0x34, 0xad, 0x15, 0xa5, 0x14, 0xa5, 0x15, 0xa5,
    0x35, 0xa5, 0x14, 0xa5, 0x35, 0xa5, 0x35, 0xa5, 0x35, 0xa5, 0x55, 0xa5,
    0x35, 0xa5, 0x35, 0xa5, 0x14, 0xa5, 0xf4, 0x9c, 0xd4, 0x94, 0xd4, 0x9c,
    0xd3, 0x94, 0xb3, 0x94, 0xb3, 0x94, 0xb3, 0x8c, 0x93, 0x8c, 0xb3, 0x8c,
    0xb3, 0x8c, 0xb3, 0x94, 0xb3, 0x94, 0xd4, 0x94, 0xf4, 0x9c, 0x14, 0xa5,
    0x15, 0xa5, 0x14, 0xa5, 0x14, 0xa5, 0xf4, 0xa4, 0xd3, 0x9c, 0xb3, 0x9c,
    0xb2, 0x9c, 0x92, 0x94, 0xb3, 0x9c, 0x92, 0x94, 0x92, 0x94, 0x72, 0x9c,
    0x51, 0x94, 0x50, 0x94, 0x50, 0x94, 0x30, 0x94, 0x30, 0x94, 0x30, 0x94,
    0x30, 0x94, 0x51, 0x8c, 0x51, 0x8c, 0x72, 0x94, 0x72, 0x94, 0x72, 0x94,
    0x92, 0x94, 0xd3, 0x9c, 0xd4, 0x9c, 0xd4, 0x9c, 0x14, 0xa5, 0x14, 0xa5,
    0x15, 0xa5, 0x34, 0xa5, 0x15, 0xa5, 0x15, 0xa5, 0x35, 0xa5, 0x34, 0xa5,
    0x35, 0xa5, 0x35, 0xa5, 0x35, 0xa5, 0x15, 0xa5, 0x14, 0xa5, 0x14, 0xa5,
    0x14, 0xa5, 0x14, 0xa5, 0xf4, 0xa4, 0xf4, 0xa4, 0xf4, 0xa4, 0xd3, 0xa4,
    0xd3, 0xa4, 0xd3, 0xa4, 0xd3, 0x9c, 0xd3, 0x9c, 0xd3, 0x9c, 0xd3, 0x9c,
    0xb3, 0x9c, 0xb3, 0xa4, 0xb3, 0x9c, 0xb3, 0x9c, 0xb3, 0x9c, 0xb3, 0x9c,
    0xb3, 0x9c, 0xb3, 0x9c, 0xb3, 0x9c, 0xb3, 0x9c, 0xb3, 0x94, 0x92, 0x94,
    0x51, 0x8c, 0x10, 0x84, 0x8f, 0x73, 0x8f, 0x73, 0xf0, 0x7b, 0x10, 0x84,
    0x51, 0x8c, 0x31, 0x8c, 0x31, 0x84, 0x31, 0x84, 0x11, 0x84, 0xf0, 0x7b,
    0xf0, 0x7b, 0xd0, 0x7b, 0xcf, 0x7b, 0xaf, 0x73, 0xaf, 0x73, 0x8e, 0x73,
    0x8e, 0x6b, 0x6e, 0x6b, 0x6e, 0x6b, 0x4d, 0x6b, 0x4d, 0x6b, 0x4d, 0x63,
    0x2d, 0x63, 0x2d, 0x63, 0x0c, 0x63, 0x0c, 0x63, 0xec, 0x5a, 0xec, 0x5a,
    0xec, 0x5a, 0xeb, 0x5a, 0xcb, 0x5a, 0x8b, 0x52, 0x6a, 0x4a, 0x29, 0x42,
    0x08, 0x42, 0xc7, 0x39, 0xa7, 0x31, 0x66, 0x29, 0x45, 0x29, 0x04, 0x21,
    0x04, 0x21, 0xe4, 0x18, 0x04, 0x21, 0x25, 0x21, 0x45, 0x29, 0x66, 0x29,
    0x66, 0x31, 0x86, 0x31, 0xa7, 0x31, 0xa7, 0x39, 0xc7, 0x39, 0xc7, 0x39,
    0x31, 0x84, 0xf0, 0x7b, 0xaf, 0x73, 0xd0, 0x7b, 0x31, 0x84, 0x72, 0x8c,
    0x92, 0x94, 0xb3, 0x94, 0xd4, 0x9c, 0xf4, 0xa4, 0x14, 0xa5, 0x14, 0xa5,
    0xf4, 0x9c, 0xf4, 0x9c, 0x14, 0xa5, 0x15, 0xa5, 0x35, 0xa5, 0x35, 0xad,
    0x35, 0xad, 0x35, 0xad, 0x34, 0xa5, 0x14, 0xad, 0x35, 0xad, 0x34, 0xad,
    0x35, 0xad, 0x35, 0xad, 0x14, 0xa5, 0x14, 0xad, 0x34, 0xad, 0x35, 0xad,
    0x15, 0xad, 0x35, 0xa5, 0x35, 0xa5, 0x14, 0xa5, 0x35, 0xa5, 0x14, 0xa5,
    0x14, 0xa5, 0x35, 0xa5, 0x15, 0xa5, 0x35, 0xa5, 0x35, 0xa5, 0x35, 0xad,
    0x35, 0xa5, 0x35, 0xa5, 0x15, 0x9d, 0xf4, 0x9c, 0xd4, 0x94, 0xd4, 0x9c,
    0xb4, 0x94, 0xb3, 0x94, 0xb3, 0x94, 0xb4, 0x94, 0xb3, 0x8c, 0xb3, 0x94,
    0xb3, 0x94, 0xb3, 0x94, 0xb3, 0x94, 0xd4, 0x94, 0xf4, 0x9c, 0x14, 0x9d,
    0x15, 0xa5, 0x15, 0xa5, 0x14, 0xa5, 0xf4, 0x9c, 0xd3, 0x9c, 0xb3, 0x9c,
    0xb2, 0x9c, 0xb3, 0x94, 0x93, 0x9c, 0x92, 0x94, 0x92, 0x94, 0x92, 0x94,
    0x72, 0x94, 0x51, 0x94, 0x51, 0x94, 0x51, 0x94, 0x30, 0x94, 0x51, 0x8c,
    0x51, 0x8c, 0x51, 0x8c, 0x52, 0x8c, 0x72, 0x8c, 0x92, 0x94, 0x72, 0x8c,
    0x93, 0x94, 0xb3, 0x9c, 0xd4, 0x9c, 0xd4, 0x9c, 0x14, 0xa5, 0x15, 0xa5,
    0x15, 0xa5, 0x15, 0xa5, 0x35, 0xa5, 0x15, 0xad, 0x14, 0xa5, 0x35, 0xad,
    0x35, 0xad, 0x35, 0xa5, 0x14, 0xa5, 0x14, 0xa5, 0x14, 0xa5, 0x14, 0xa5,
    0xf4, 0xa4, 0xf4, 0xa4, 0xf4, 0xa4, 0xd3, 0xa4, 0xf3, 0xa4, 0xd4, 0x9c,
    0xd3, 0xa4, 0xd3, 0xa4, 0xd3, 0x9c, 0xd3, 0xa4, 0xb3, 0xa4, 0xd3, 0x9c,
    0xb3, 0x9c, 0xb3, 0x9c, 0xb3, 0x9c, 0xb3, 0x9c, 0x92, 0x9c, 0xb2, 0x9c,
    0x92, 0x9c, 0x93, 0x94, 0xb2, 0x9c, 0x93, 0x94, 0x93, 0x94, 0xb3, 0x94,
    0x92, 0x94, 0x72, 0x8c, 0xf0, 0x7b, 0x8f, 0x73, 0xcf, 0x7b, 0x10, 0x84,
    0x31, 0x84, 0x11, 0x84, 0x10, 0x84, 0x10, 0x84, 0xf0, 0x7b, 0xcf, 0x7b,
    0xcf, 0x7b, 0xaf, 0x73, 0x8f, 0x73, 0x8e, 0x73, 0x8e, 0x6b, 0x6e, 0x6b,
    0x4e, 0x6b, 0x4d, 0x6b, 0x4d, 0x6b, 0x2d, 0x63, 0x2d, 0x63, 0x2d, 0x63,
    0x0c, 0x63, 0x0c, 0x63, 0xec, 0x5a, 0xec, 0x5a, 0xec, 0x5a, 0xcb, 0x5a,
    0xab, 0x52, 0x8a, 0x52, 0x6a, 0x4a, 0x49, 0x42, 0x08, 0x42, 0xc7, 0x39,
    0xa7, 0x31, 0x66, 0x29, 0x45, 0x29, 0x05, 0x21, 0x04, 0x21, 0x04, 0x21,
    0x04, 0x21, 0x25, 0x21, 0x45, 0x29, 0x66, 0x29, 0x66, 0x31, 0x86, 0x31,
    0xa7, 0x31, 0xa7, 0x31, 0xc7, 0x39, 0xe8, 0x39, 0xe8, 0x39, 0xe8, 0x41,
    0xcf, 0x7b, 0xaf, 0x73, 0xf0, 0x7b, 0x51, 0x84, 0x72, 0x8c, 0xb3, 0x94,
    0xd3, 0x9c, 0xf4, 0x9c, 0x14, 0xa5, 0x15, 0xa5, 0x35, 0xa5, 0x35, 0xa5,
    0x15, 0xa5, 0xf4, 0xa4, 0xf4, 0x9c, 0xf4, 0x9c, 0xf4, 0x9c, 0x35, 0xa5,
    0x35, 0xad, 0x35, 0xa5, 0x35, 0xa5, 0x35, 0xa5, 0x14, 0xa5, 0x14, 0xa5,
    0x14, 0xa5, 0x15, 0xa5, 0x34, 0xad, 0x35, 0xad, 0x15, 0xa5, 0x14, 0xad,
    0x34, 0xa5, 0x35, 0xad, 0x35, 0xad, 0x14, 0xa5, 0x15, 0xa5, 0x35, 0xa5,
    0x35, 0xa5, 0x15, 0xa5, 0x35, 0xa5, 0x35, 0xa5, 0x35, 0xad, 0x35, 0xa5,
    0x35, 0xa5, 0x14, 0xa5, 0x14, 0x9d, 0xd4, 0x9c, 0xd4, 0x94, 0xd3, 0x94,
    0xd3, 0x94, 0xb3, 0x94, 0xb3, 0x94, 0xb3, 0x94, 0xb3, 0x94, 0xb3, 0x94,
    0xb3, 0x94, 0xb4, 0x94, 0xb4, 0x94, 0xd4, 0x94, 0xf4, 0x9c, 0x14, 0xa5,
    0x15, 0xa5, 0x14, 0xa5, 0x35, 0xa5, 0x14, 0x9d, 0xf4, 0x9c, 0xb3, 0x9c,
    0xb3, 0x9c, 0xb2, 0x9c, 0xb2, 0x9c, 0x92, 0x94, 0xb2, 0x9c, 0x92, 0x94,
    0x72, 0x94, 0x72, 0x94, 0x52, 0x8c, 0x72, 0x8c, 0x71, 0x8c, 0x72, 0x8c,
    0x92, 0x94, 0x72, 0x94, 0x92, 0x8c, 0x93, 0x94, 0x93, 0x94, 0x92, 0x94,
    0x92, 0x94, 0xb3, 0x94, 0xd4, 0x9c, 0xf3, 0x9c, 0xf4, 0x9c, 0x14, 0xa5,
    0x35, 0xa5, 0x35, 0xa5, 0x35, 0xa5, 0x35, 0xa5, 0x34, 0xa5, 0x15, 0xa5,
    0x35, 0xa5, 0x14, 0xa5, 0x14, 0xad, 0x14, 0xa5, 0x14, 0xa5, 0xf4, 0xa4,
    0xf4, 0xa4, 0xf4, 0xa4, 0xf4, 0xa4, 0xd3, 0xa4, 0xd3, 0x9c, 0xd3, 0xa4,
    0xd3, 0x9c, 0xd3, 0x9c, 0xb3, 0x9c, 0xd3, 0x9c, 0xb3, 0x9c, 0xb3, 0x9c,
    0xb3, 0x9c, 0xb3, 0x9c, 0xb2, 0x9c, 0x92, 0x9c, 0x92, 0x94, 0x92, 0x94,
    0x92, 0x94, 0x92, 0x94, 0x92, 0x94, 0x92, 0x94, 0x92, 0x94, 0x72, 0x94,
    0x72, 0x94, 0x72, 0x8c, 0x31, 0x84, 0xf0, 0x7b, 0x8e, 0x73, 0x6e, 0x6b,
    0xaf, 0x73, 0xcf, 0x73, 0xf0, 0x7b, 0xcf, 0x7b, 0xcf, 0x73, 0xaf, 0x73,
    0x8f, 0x73, 0x8e, 0x6b, 0x6e, 0x6b, 0x6e, 0x6b, 0x4d, 0x6b, 0x4d, 0x6b,
    0x2d, 0x63, 0x2d, 0x63, 0x2d, 0x63, 0x0d, 0x63, 0x0c, 0x63, 0xec, 0x5a,
    0xec, 0x5a, 0xec, 0x5a, 0xcc, 0x5a, 0xcb, 0x5a, 0xab, 0x52, 0x8a, 0x52,
    0x6a, 0x4a, 0x29, 0x42, 0x08, 0x42, 0xc7, 0x39, 0xa6, 0x31, 0x66, 0x29,
    0x45, 0x29, 0x24, 0x21, 0x04, 0x21, 0x04, 0x21, 0x04, 0x21, 0x25, 0x21,
    0x45, 0x29, 0x66, 0x29, 0x86, 0x31, 0x86, 0x31, 0xa7, 0x31, 0xc7, 0x39,
    0xc7, 0x39, 0xc7, 0x39, 0xe8, 0x39, 0xe8, 0x39, 0xe8, 0x39, 0xe7, 0x39,
    0xcf, 0x7b, 0x10, 0x84, 0x52, 0x8c, 0x92, 0x94, 0xb3, 0x94, 0xd4, 0x9c,
    0xf4, 0x9c, 0x15, 0xa5, 0x35, 0xa5, 0x55, 0xa5, 0x35, 0xa5, 0x15, 0xa5,
    0x14, 0xa5, 0xf4, 0xa4, 0x14, 0x9d, 0xf4, 0xa4, 0x14, 0xa5, 0x15, 0xa5,
    0x35, 0xad, 0x35, 0xad, 0x14, 0xa5, 0x14, 0xad, 0x14, 0xad, 0x15, 0xa5,
    0x15, 0xad, 0x14, 0xad, 0x15, 0xad, 0x34, 0xa5, 0x14, 0xa5, 0x15, 0xad,
    0x34, 0xad, 0x35, 0xa5, 0x35, 0xad, 0x34, 0xa5, 0xf4, 0xa4, 0xd4, 0x9c,
    0xf4, 0x9c, 0x14, 0xa5, 0x35, 0xa5, 0x35, 0xad, 0x35, 0xa5, 0x35, 0xa5,
    0x35, 0xa5, 0x15, 0xa5, 0xf4, 0x9c, 0xd4, 0x94, 0xd4, 0x94, 0xd3, 0x94,
    0xb3, 0x94, 0xb3, 0x94, 0xd3, 0x94, 0xb3, 0x94, 0xd3, 0x94, 0xb3, 0x94,
    0xb4, 0x94, 0xd3, 0x94, 0xb3, 0x94, 0xd4, 0x94, 0xf4, 0x9c, 0x14, 0xa5,
    0x15, 0xa5, 0x14, 0xa5, 0x14, 0xa5, 0x14, 0xa5, 0xf4, 0x9c, 0xd3, 0x9c,
    0xb3, 0x9c, 0xb3, 0x9c, 0xb2, 0x94, 0xb3, 0x9c, 0x93, 0x94, 0x92, 0x94,
    0x92, 0x94, 0x72, 0x94, 0x72, 0x94, 0x92, 0x94, 0x93, 0x94, 0xb3, 0x94,
    0xb3, 0x9c, 0xd4, 0x9c, 0xd4, 0x9c, 0xd4, 0x9c, 0xf4, 0x9c, 0xd3, 0x9c,
    0xb3, 0x94, 0xb3, 0x94, 0xd4, 0x9c, 0xf4, 0x9c, 0xf4, 0x9c, 0x15, 0xa5,
    0x35, 0xa5, 0x34, 0xa5, 0x34, 0xa5, 0x35, 0xad, 0x35, 0xa5, 0x35, 0xa5,
    0x14, 0xa5, 0x35, 0xa5, 0x15, 0xa5, 0x15, 0xa5, 0x14, 0xa5, 0xf4, 0xa4,
    0xf4, 0xa4, 0xd3, 0xa4, 0xd3, 0x9c, 0xd3, 0xa4, 0xd3, 0xa4, 0xd3, 0x9c,
    0xd3, 0xa4, 0xb3, 0x9c, 0xb3, 0x9c, 0xb3, 0x9c, 0xb3, 0x9c, 0xb3, 0x9c,
    0xb3, 0x9c, 0x92, 0x9c, 0x92, 0x94, 0x92, 0x9c, 0x92, 0x94, 0x72, 0x94,
    0x72, 0x94, 0x72, 0x94, 0x72, 0x94, 0x72, 0x94, 0x72, 0x8c, 0x72, 0x8c,
    0x52, 0x8c, 0x31, 0x84, 0x10, 0x84, 0xcf, 0x7b, 0x6e, 0x6b, 0x2d, 0x63,
    0x0d, 0x63, 0x0d, 0x63, 0x6e, 0x6b, 0x8e, 0x6b, 0x8f, 0x73, 0x8e, 0x6b,
    0x6e, 0x6b, 0x4d, 0x6b, 0x4d, 0x6b, 0x4d, 0x63, 0x2d, 0x63, 0x2d, 0x63,
    0x2d, 0x63, 0x0c, 0x63, 0x0c, 0x63, 0x0c, 0x5b, 0xec, 0x5a, 0xeb, 0x5a,
    0xcb, 0x5a, 0xab, 0x5a, 0xab, 0x52, 0x8a, 0x52, 0x6a, 0x4a, 0x29, 0x42,
    0xe8, 0x41, 0xc7, 0x39, 0xa7, 0x31, 0x66, 0x29, 0x45, 0x29, 0x25, 0x21,
    0x04, 0x21, 0x04, 0x21, 0x25, 0x21, 0x25, 0x21, 0x45, 0x29, 0x66, 0x29,
    0x86, 0x31, 0x86, 0x31, 0xa7, 0x31, 0xa7, 0x31, 0xc7, 0x39, 0xc8, 0x39,
    0xc7, 0x39, 0xe7, 0x39, 0xe8, 0x39, 0xe8, 0x39, 0xe8, 0x39, 0xe8, 0x39,
    0x31, 0x84, 0x52, 0x8c, 0x93, 0x94, 0xd3, 0x9c, 0xf4, 0x9c, 0x14, 0xa5,
    0x15, 0xa5, 0x35, 0xa5, 0x55, 0xad, 0x35, 0xad, 0x35, 0xa5, 0xf4, 0xa4,
    0xf4, 0x9c, 0xf4, 0x9c, 0xf4, 0x9c, 0xf4, 0xa4, 0x15, 0xa5, 0x15, 0xa5,
    0x34, 0xa5, 0x35, 0xa5, 0x14, 0xad, 0x14, 0xad, 0x35, 0xa5, 0x14, 0xad,
    0x34, 0xad, 0x34, 0xa5, 0x14, 0xa5, 0x34, 0xad, 0x14, 0xad, 0x35, 0xad,
    0x35, 0xa5, 0x35, 0xad, 0x35, 0xa5, 0x35, 0xad, 0x35, 0xa5, 0xf4, 0x9c,
    0xd3, 0x9c, 0xb3, 0x94, 0xd4, 0x9c, 0x14, 0xa5, 0x35, 0xa5, 0x35, 0xa5,
    0x35, 0xa5, 0x14, 0xa5, 0xf4, 0x9c, 0xd4, 0x9c, 0xd3, 0x94, 0xd3, 0x94,
    0xb4, 0x94, 0xd4, 0x94, 0xd4, 0x94, 0xd3, 0x94, 0xd4, 0x94, 0xd4, 0x94,
    0xd3, 0x94, 0xd4, 0x94, 0xd3, 0x94, 0xd3, 0x9c, 0xf4, 0x9c, 0xf4, 0x9c,
    0x15, 0xa5, 0x15, 0xa5, 0x14, 0xa5, 0x14, 0xa5, 0xf4, 0x9c, 0xd3, 0x9c,
    0xb3, 0x9c, 0xb3, 0x9c, 0xb3, 0x9c, 0xb3, 0x94, 0xb2, 0x9c, 0x92, 0x94,
    0x92, 0x94, 0x92, 0x94, 0x92, 0x94, 0x93, 0x94, 0xb3, 0x9c, 0xb3, 0x9c,
    0xd4, 0x9c, 0xf4, 0x9c, 0xf4, 0x9c, 0xf4, 0xa4, 0xf4, 0x9c, 0xf4, 0x9c,
    0xd4, 0x9c, 0xd4, 0x9c, 0xf4, 0x9c, 0xf4, 0x9c, 0xf4, 0x9c, 0x14, 0xa5,
    0x15, 0xa5, 0x35, 0xa5, 0x15, 0xa5, 0x15, 0xa5, 0x14, 0xa5, 0x15, 0xa5,
    0x35, 0xa5, 0x14, 0xa5, 0x14, 0xa5, 0x14, 0xa5, 0xf4, 0xa4, 0xf4, 0xa4,
    0xd3, 0xa4, 0xd3, 0x9c, 0xd3, 0xa4, 0xd3, 0x9c, 0xb3, 0x9c, 0xd3, 0x9c,
    0xb3, 0x9c, 0xb3, 0x9c, 0xb3, 0x9c, 0xb3, 0x9c, 0xb2, 0x9c, 0x92, 0x9c,
    0x92, 0x9c, 0x92, 0x94, 0x72, 0x94, 0x72, 0x94, 0x72, 0x94, 0x51, 0x94,
    0x51, 0x94, 0x51, 0x94, 0x52, 0x8c, 0x51, 0x8c, 0x51, 0x8c, 0x51, 0x8c,
    0x31, 0x84, 0x10, 0x7c, 0xaf, 0x73, 0x4e, 0x6b, 0x4d, 0x63, 0x4d, 0x6b,
    0x2d, 0x63, 0x0c, 0x63, 0x0c, 0x63, 0x2d, 0x63, 0x4d, 0x6b, 0x4e, 0x6b,
    0x4d, 0x6b, 0x4d, 0x63, 0x2d, 0x63, 0x0d, 0x63, 0x0c, 0x63, 0x0c, 0x63,
    0xec, 0x5a, 0xec, 0x5a, 0xec, 0x5a, 0xcb, 0x5a, 0xcb, 0x5a, 0xab, 0x52,
    0xab, 0x52, 0x8a, 0x52, 0x49, 0x4a, 0x29, 0x42, 0x08, 0x3a, 0xc7, 0x39,
    0xa7, 0x31, 0x66, 0x29, 0x45, 0x29, 0x04, 0x21, 0x04, 0x21, 0x25, 0x21,
    0x25, 0x21, 0x45, 0x29, 0x45, 0x29, 0x66, 0x29, 0x66, 0x31, 0x87, 0x31,
    0xa7, 0x31, 0xc7, 0x39, 0xc7, 0x39, 0xc7, 0x39, 0xc8, 0x39, 0xe8, 0x39,
    0xe8, 0x39, 0xc8, 0x39, 0xc7, 0x39, 0xc7, 0x39, 0xe8, 0x39, 0xc7, 0x39,
    0x72, 0x8c, 0x93, 0x94, 0xd3, 0x9c, 0xf4, 0x9c, 0x14, 0xa5, 0x35, 0xa5,
    0x55, 0xad, 0x55, 0xa5, 0x55, 0xad, 0x55, 0xad, 0x15, 0xa5, 0xf4, 0xa4,
    0xf4, 0x9c, 0xd3, 0x9c, 0xd3, 0x9c, 0xf4, 0x9c, 0x14, 0xa5, 0x14, 0xa5,
    0x15, 0xa5, 0x14, 0xa5, 0x14, 0xa5, 0x15, 0xad, 0x14, 0xa5, 0x14, 0xa5,
    0x14, 0xa5, 0x15, 0xad, 0x14, 0xa5, 0x35, 0xa5, 0x15, 0xa5, 0x34, 0xa5,
    0x14, 0xa5, 0x35, 0xad, 0x35, 0xad, 0x55, 0xad, 0x55, 0xad, 0x55, 0xad,
    0x35, 0xa5, 0x15, 0xa5, 0xd4, 0x9c, 0xf4, 0x9c, 0xf4, 0xa4, 0x15, 0xa5,
    0x35, 0xa5, 0x14, 0xa5, 0xf4, 0x9c, 0xd4, 0x94, 0xd4, 0x94, 0xd4, 0x9c,
    0xd4, 0x94, 0xd4, 0x9c, 0xd4, 0x9c, 0xd4, 0x9c, 0xd4, 0x9c, 0xf4, 0x9c,
    0xf4, 0x94, 0xd3, 0x9c, 0xd4, 0x94, 0xd4, 0x94, 0xd4, 0x9c, 0xf4, 0x9c,
    0x14, 0x9d, 0x14, 0xa5, 0x15, 0xa5, 0x15, 0xa5, 0xf4, 0x9c, 0xd4, 0x9c,
    0xd3, 0x9c, 0xb3, 0x9c, 0xb3, 0x94, 0xb3, 0x9c, 0xb3, 0x94, 0xb3, 0x94,
    0x93, 0x94, 0x92, 0x94, 0x93, 0x94, 0x92, 0x94, 0xb3, 0x94, 0xd3, 0x9c,
    0xf4, 0x9c, 0x15, 0xa5, 0xf4, 0xa4, 0xf4, 0x9c, 0xd4, 0x9c, 0xd4, 0x9c,
    0xd3, 0x9c, 0xd3, 0x9c, 0xd3, 0x9c, 0xd4, 0x9c, 0xf4, 0x9c, 0x14, 0xa5,
    0x35, 0xa5, 0x35, 0xa5, 0x35, 0xa5, 0x14, 0xa5, 0x15, 0xa5, 0x35, 0xa5,
    0x14, 0xa5, 0x15, 0xa5, 0x14, 0xa5, 0x14, 0xa5, 0xf4, 0xa4, 0xf4, 0xa4,
    0xd3, 0x9c, 0xd3, 0x9c, 0xd3, 0xa4, 0xd3, 0x9c, 0xb3, 0x9c, 0xb3, 0x9c,
    0xb3, 0x9c, 0xb3, 0x9c, 0xb2, 0x9c, 0xb2, 0x9c, 0x92, 0x9c, 0x92, 0x9c,
    0x92, 0x94, 0x72, 0x94, 0x72, 0x94, 0x51, 0x94, 0x51, 0x94, 0x51, 0x8c,
    0x31, 0x8c, 0x51, 0x8c, 0x31, 0x8c, 0x31, 0x8c, 0x31, 0x84, 0x31, 0x84,
    0x11, 0x84, 0x10, 0x84, 0xf0, 0x7b, 0x6e, 0x6b, 0x0c, 0x63, 0xec, 0x5a,
    0xcb, 0x5a, 0x0c, 0x63, 0x2d, 0x63, 0x4d, 0x63, 0x2d, 0x6b, 0x2d, 0x63,
    0x2d, 0x63, 0x0c, 0x63, 0x0c, 0x63, 0xec, 0x5a, 0xec, 0x5a, 0xec, 0x5a,
    0xec, 0x5a, 0xcc, 0x5a, 0xcb, 0x5a, 0xab, 0x52, 0xab, 0x52, 0x6a, 0x4a,
    0x49, 0x4a, 0x29, 0x42, 0x08, 0x42, 0xc7, 0x39, 0x87, 0x31, 0x66, 0x31,
    0x45, 0x29, 0x25, 0x21, 0x04, 0x21, 0x04, 0x21, 0x25, 0x21, 0x45, 0x29,
    0x45, 0x29, 0x66, 0x29, 0x86, 0x31, 0x86, 0x31, 0xa7, 0x31, 0xa7, 0x31,
    0xc7, 0x39, 0xc7, 0x39, 0xc8, 0x39, 0xe8, 0x39, 0xe7, 0x39, 0xe7, 0x39,
    0xc8, 0x39, 0xc8, 0x39, 0xe8, 0x39, 0xe8, 0x39, 0xc8, 0x39, 0xe8, 0x39,
    0xb3, 0x94, 0xd3, 0x9c, 0xf4, 0x9c, 0x15, 0xa5, 0x35, 0xa5, 0x55, 0xad,
    0x55, 0xa5, 0x35, 0xad, 0x35, 0xad, 0x35, 0xa5, 0x35, 0xa5, 0x15, 0xa5,
    0xf4, 0x9c, 0xb3, 0x9c, 0xd3, 0x94, 0xd4, 0x9c, 0xf4, 0x9c, 0x14, 0xa5,
    0x15, 0xa5, 0x35, 0xad, 0x14, 0xa5, 0x14, 0xa5, 0x15, 0xa5, 0x14, 0xad,
    0x14, 0xad, 0x15, 0xa5, 0x15, 0xad, 0x34, 0xad, 0x14, 0xa5, 0x14, 0xad,
    0x35, 0xad, 0x35, 0xad, 0x35, 0xad, 0x35, 0xa5, 0x55, 0xad, 0x55, 0xad,
    0x56, 0xad, 0x56, 0xa5, 0x55, 0xa5, 0x35, 0xa5, 0x35, 0xa5, 0x35, 0xa5,
    0x15, 0xa5, 0x14, 0x9d, 0xf4, 0x9c, 0xd4, 0x94, 0xd4, 0x94, 0xd3, 0x94,
    0xd3, 0x94, 0xb3, 0x94, 0xd3, 0x94, 0xd4, 0x94, 0xd4, 0x9c, 0xf4, 0x9c,
    0xd4, 0x9c, 0xd4, 0x94, 0xd3, 0x94, 0xd4, 0x94, 0xd4, 0x9c, 0xf4, 0x9c,
    0x14, 0x9d, 0x15, 0xa5, 0x14, 0xa5, 0x14, 0xa5, 0x14, 0xa5, 0xf4, 0x9c,
    0xd3, 0x9c, 0xb3, 0x9c, 0xb3, 0x9c, 0xb3, 0x94, 0xb3, 0x9c, 0xb3, 0x94,
    0xb3, 0x9c, 0x92, 0x94, 0x92, 0x94, 0x93, 0x94, 0x93, 0x94, 0xb3, 0x94,
    0xd3, 0x9c, 0xd3, 0x9c, 0xd3, 0x9c, 0xd4, 0x9c, 0xd3, 0x9c, 0xd4, 0x9c,
    0xd4, 0x9c, 0xf3, 0x9c, 0xb3, 0x94, 0x72, 0x8c, 0x92, 0x94, 0xb3, 0x9c,
    0xd4, 0x9c, 0xf4, 0x9c, 0x14, 0xa5, 0x35, 0xa5, 0x35, 0xa5, 0x34, 0xa5,
    0x15, 0xa5, 0x14, 0xa5, 0x14, 0xa5, 0xf4, 0xa4, 0xf4, 0xa4, 0xd3, 0xa4,
    0xd3, 0x9c, 0xb3, 0x9c, 0xb3, 0x9c, 0xb3, 0x9c, 0xb3, 0x9c, 0xb3, 0x9c,
    0xb2, 0x9c, 0x92, 0x9c, 0x93, 0x9c, 0x92, 0x94, 0x72, 0x94, 0x72, 0x94,
    0x72, 0x94, 0x71, 0x94, 0x51, 0x94, 0x51, 0x8c, 0x31, 0x8c, 0x31, 0x8c,
    0x30, 0x8c, 0x31, 0x84, 0x10, 0x84, 0x10, 0x84, 0x10, 0x84, 0x10, 0x84,
    0xf0, 0x7b, 0xd0, 0x7b, 0xcf, 0x7b, 0xaf, 0x73, 0x6e, 0x6b, 0x2d, 0x63,
    0xec, 0x5a, 0xec, 0x5a, 0x0c, 0x63, 0x2d, 0x63, 0x2d, 0x63, 0x2c, 0x63,
    0x0c, 0x63, 0x0c, 0x5b, 0xec, 0x5a, 0xec, 0x5a, 0xeb, 0x5a, 0xcb, 0x5a,
    0xcb, 0x5a, 0xab, 0x52, 0x8a, 0x52, 0x6a, 0x4a, 0x49, 0x4a, 0x29, 0x42,
    0xe8, 0x39, 0xc7, 0x39, 0xa7, 0x31, 0x66, 0x29, 0x45, 0x29, 0x25, 0x21,
    0x04, 0x21, 0x04, 0x21, 0x25, 0x21, 0x45, 0x29, 0x45, 0x29, 0x66, 0x29,
    0x86, 0x31, 0x86, 0x31, 0xa7, 0x31, 0xc7, 0x39, 0xc7, 0x39, 0xc8, 0x39,
    0xe7, 0x39, 0xc7, 0x39, 0xc8, 0x39, 0xe8, 0x39, 0xc7, 0x39, 0xc8, 0x39,
    0xc7, 0x39, 0xe7, 0x39, 0xe8, 0x39, 0xc8, 0x39, 0xc7, 0x39, 0xe7, 0x39,
    0xd3, 0x9c, 0xf4, 0x9c, 0x35, 0xa5, 0x35, 0xad, 0x55, 0xad, 0x55, 0xa5,
    0x35, 0xad, 0x35, 0xad, 0x35, 0xa5, 0x35, 0xa5, 0x15, 0xa5, 0x14, 0xa5,
    0xf4, 0x9c, 0xd3, 0x9c, 0xb3, 0x9c, 0xb3, 0x94, 0xf4, 0x9c, 0x14, 0xa5,
    0x35, 0xa5, 0x15, 0xa5, 0x14, 0xad, 0x14, 0xa5, 0x14, 0xa5, 0x14, 0xad,
    0x15, 0xa5, 0x14, 0xa5, 0x14, 0xad, 0x14, 0xad, 0x35, 0xad, 0x35, 0xad,
    0x35, 0xa5, 0x35, 0xad, 0x35, 0xa5, 0x35, 0xad, 0x55, 0xad, 0x55, 0xa5,
    0x56, 0xad, 0x55, 0xad, 0x55, 0xad, 0x56, 0xad, 0x55, 0xa5, 0x35, 0xa5,
    0x35, 0xa5, 0x15, 0xa5, 0xf4, 0x9c, 0xd4, 0x94, 0xb3, 0x9c, 0xb4, 0x94,
    0xd3, 0x94, 0xb4, 0x94, 0xd4, 0x94, 0xd4, 0x94, 0xd3, 0x94, 0xd4, 0x94,
    0xd4, 0x94, 0xd4, 0x94, 0xd3, 0x94, 0xd3, 0x94, 0xd4, 0x9c, 0xf4, 0x9c,
    0x14, 0x9d, 0x15, 0xa5, 0x15, 0xa5, 0x14, 0xa5, 0x14, 0xa5, 0xf4, 0xa4,
    0xd4, 0x9c, 0xd3, 0x9c, 0xb3, 0x9c, 0xb3, 0x9c, 0xb3, 0x9c, 0xb3, 0x94,
    0xb3, 0x94, 0xb3, 0x94, 0x92, 0x94, 0x92, 0x94, 0x72, 0x94, 0x72, 0x94,
    0x72, 0x8c, 0x72, 0x8c, 0x93, 0x94, 0xd3, 0x9c, 0xd4, 0x9c, 0xd3, 0x9c,
    0xd4, 0x9c, 0xd4, 0x9c, 0xd3, 0x9c, 0x93, 0x94, 0x72, 0x8c, 0x51, 0x8c,
    0x11, 0x84, 0xf0, 0x7b, 0x31, 0x84, 0x93, 0x94, 0xd4, 0x9c, 0x14, 0xa5,
    0x14, 0xa5, 0x14, 0xa5, 0xf4, 0xa4, 0xf4, 0xa4, 0xf4, 0x9c, 0xd3, 0x9c,
    0xd3, 0x9c, 0xb3, 0xa4, 0xb3, 0x9c, 0xb3, 0x9c, 0xb3, 0x9c, 0xb2, 0x9c,
    0x92, 0x9c, 0x92, 0x9c, 0x92, 0x94, 0x72, 0x94, 0x72, 0x94, 0x52, 0x94,
    0x51, 0x94, 0x51, 0x8c, 0x31, 0x8c, 0x31, 0x8c, 0x10, 0x8c, 0x10, 0x84,
    0x10, 0x84, 0xf0, 0x83, 0xf0, 0x83, 0xf0, 0x7b, 0xf0, 0x7b, 0xd0, 0x7b,
    0xcf, 0x7b, 0xaf, 0x73, 0x8f, 0x73, 0x8e, 0x73, 0x6e, 0x6b, 0x6e, 0x6b,
    0x2d, 0x63, 0x0c, 0x63, 0xec, 0x5a, 0x0c, 0x5b, 0x0c, 0x63, 0xec, 0x5a,
    0xec, 0x5a, 0xcc, 0x5a, 0xcb, 0x5a, 0xcb, 0x5a, 0xab, 0x52, 0xab, 0x52,
    0x8a, 0x52, 0x6a, 0x4a, 0x49, 0x4a, 0x29, 0x42, 0xe8, 0x39, 0xc7, 0x39,
    0x86, 0x31, 0x66, 0x29, 0x45, 0x29, 0x25, 0x21, 0x25, 0x21, 0x24, 0x21,
    0x25, 0x21, 0x45, 0x29, 0x45, 0x29, 0x66, 0x29, 0x66, 0x31, 0x86, 0x31,
    0xa7, 0x31, 0xa7, 0x39, 0xc7, 0x31, 0xc7, 0x39, 0xc8, 0x39, 0xe8, 0x39,
    0xe7, 0x39, 0xe8, 0x39, 0xe7, 0x39, 0xc7, 0x39, 0xe8, 0x39, 0xc8, 0x39,
    0xe8, 0x39, 0xe8, 0x39, 0xc7, 0x39, 0xc7, 0x39, 0xc7, 0x39, 0xc7, 0x39,
    0x14, 0xa5, 0x35, 0xa5, 0x55, 0xad, 0x55, 0xad, 0x35, 0xad, 0x55, 0xad,
    0x35, 0xad, 0x35, 0xa5, 0x35, 0xa5, 0x35, 0xa5, 0x35, 0xa5, 0x14, 0xa5,
    0xd4, 0x9c, 0xd3, 0x9c, 0xd3, 0x9c, 0xd3, 0x9c, 0xd4, 0x9c, 0xf4, 0x9c,
    0xf4, 0xa4, 0x35, 0xa5, 0x34, 0xa5, 0x15, 0xad, 0x14, 0xad, 0x14, 0xa5,
    0x15, 0xa5, 0x14, 0xad, 0x14, 0xa5, 0x35, 0xa5, 0x14, 0xa5, 0x35, 0xa5,
    0x35, 0xad, 0x35, 0xa5, 0x55, 0xad, 0x55, 0xad, 0x55, 0xa5, 0x56, 0xad,
    0x55, 0xad, 0x55, 0xad, 0x56, 0xad, 0x56, 0xad, 0x55, 0xad, 0x35, 0xa5,
    0x35, 0xa5, 0x14, 0xa5, 0xf4, 0x9c, 0xd4, 0x94, 0xb3, 0x94, 0xd3, 0x94,
    0xb4, 0x94, 0xb3, 0x94, 0xb3, 0x94, 0xb3, 0x94, 0xb3, 0x94, 0xb3, 0x94,
    0xd4, 0x94, 0xd3, 0x94, 0xb3, 0x94, 0xb4, 0x94, 0xd4, 0x94, 0xf4, 0x9c,
    0xf4, 0x9c, 0x15, 0xa5, 0x35, 0xa5, 0x15, 0xa5, 0x14, 0xa5, 0xf4, 0xa4,
    0xf4, 0x9c, 0xd3, 0x9c, 0xd3, 0x9c, 0xd3, 0x9c, 0xd3, 0x9c, 0xd3, 0x9c,
    0xb3, 0x9c, 0xb3, 0x94, 0xb3, 0x94, 0x93, 0x94, 0x72, 0x94, 0x51, 0x8c,
    0x51, 0x8c, 0x52, 0x8c, 0x92, 0x94, 0xb3, 0x9c, 0xd4, 0x9c, 0xd3, 0x9c,
    0xf4, 0x9c, 0xf4, 0xa4, 0x35, 0xa5, 0x35, 0xa5, 0x14, 0xa5, 0xf4, 0x9c,
    0x72, 0x8c, 0xaf, 0x73, 0xaf, 0x73, 0xf0, 0x7b, 0x31, 0x8c, 0xb3, 0x94,
    0xf4, 0x9c, 0x14, 0xa5, 0xf4, 0xa4, 0xf4, 0x9c, 0xd4, 0x9c, 0xd3, 0x9c,
    0xb3, 0x9c, 0xb3, 0x9c, 0xb3, 0x9c, 0x92, 0x9c, 0x92, 0x9c, 0x92, 0x9c,
    0x92, 0x94, 0x72, 0x94, 0x72, 0x94, 0x72, 0x94, 0x51, 0x94, 0x51, 0x94,
    0x31, 0x8c, 0x31, 0x8c, 0x10, 0x8c, 0x10, 0x84, 0xf0, 0x83, 0xf0, 0x83,
    0xf0, 0x83, 0xcf, 0x7b, 0xcf, 0x7b, 0xcf, 0x7b, 0xaf, 0x7b, 0xaf, 0x73,
    0xaf, 0x73, 0x8e, 0x73, 0x8e, 0x6b, 0x6e, 0x6b, 0x4d, 0x6b, 0x4d, 0x63,
    0x2d, 0x63, 0x0c, 0x63, 0xec, 0x62, 0xec, 0x5a, 0xec, 0x5a, 0xec, 0x5a,
    0xcb, 0x5a, 0xcb, 0x52, 0xab, 0x52, 0xaa, 0x52, 0x6a, 0x4a, 0x69, 0x4a,
    0x29, 0x4a, 0x08, 0x42, 0xe8, 0x39, 0xc7, 0x31, 0x86, 0x31, 0x66, 0x29,
    0x45, 0x29, 0x25, 0x21, 0x24, 0x21, 0x04, 0x21, 0x25, 0x29, 0x45, 0x29,
    0x45, 0x29, 0x66, 0x29, 0x86, 0x31, 0x86, 0x31, 0xa7, 0x31, 0xa7, 0x31,
    0xc7, 0x39, 0xc7, 0x39, 0xc8, 0x39, 0xc8, 0x39, 0xc7, 0x39, 0xc8, 0x39,
    0xc8, 0x39, 0xc7, 0x39, 0xe8, 0x39, 0xe7, 0x39, 0xc7, 0x39, 0xe8, 0x39,
    0xe8, 0x39, 0xc7, 0x39, 0xc7, 0x39, 0xa7, 0x31, 0xa7, 0x31, 0x87, 0x31,
    0x15, 0xa5, 0x35, 0xa5, 0x35, 0xa5, 0x35, 0xa5, 0x35, 0xa5, 0x35, 0xa5,
    0x35, 0xa5, 0x35, 0xa5, 0x35, 0xa5, 0x15, 0xa5, 0x14, 0xa5, 0x15, 0xa5,
    0xf4, 0x9c, 0xf4, 0x9c, 0xd4, 0x9c, 0xd3, 0x9c, 0xd4, 0x9c, 0xf4, 0x9c,
    0xf4, 0xa4, 0x14, 0xa5, 0x15, 0xa5, 0x14, 0xad, 0x14, 0xa5, 0x14, 0xad,
    0x14, 0xa5, 0x14, 0xa5, 0x15, 0xad, 0x35, 0xad, 0x35, 0xa5, 0x35, 0xad,
    0x35, 0xad, 0x35, 0xad, 0x35, 0xa5, 0x55, 0xad, 0x56, 0xad, 0x55, 0xad,
    0x35, 0xa5, 0x35, 0xa5, 0x35, 0xa5, 0x55, 0xad, 0x55, 0xad, 0x35, 0xa5,
    0x35, 0xa5, 0x14, 0xa5, 0xf4, 0x9c, 0xd4, 0x94, 0xb3, 0x94, 0xd3, 0x94,
    0xb3, 0x94, 0xb3, 0x94, 0xb3, 0x94, 0xb3, 0x94, 0xb3, 0x94, 0xb3, 0x94,
    0xb3, 0x94, 0xb3, 0x94, 0xb3, 0x94, 0xb3, 0x94, 0xd4, 0x94, 0xf4, 0x9c,
    0x14, 0x9d, 0x15, 0xa5, 0x35, 0xa5, 0x35, 0xa5, 0x14, 0xa5, 0x14, 0xa5,
    0xf4, 0x9c, 0xd4, 0x9c, 0xd3, 0x9c, 0xd3, 0x9c, 0xd3, 0x9c, 0xd3, 0x9c,
    0xd4, 0x9c, 0xb3, 0x9c, 0xb3, 0x94, 0xb3, 0x94, 0x93, 0x94, 0x93, 0x94,
    0xb3, 0x94, 0x93, 0x94, 0x93, 0x94, 0xb3, 0x9c, 0xd4, 0x9c, 0xf4, 0x9c,
    0x14, 0xa5, 0x35, 0xa5, 0x35, 0xa5, 0x35, 0xad, 0x35, 0xa5, 0x14, 0xa5,
    0xf4, 0x9c, 0xb3, 0x94, 0x93, 0x94, 0x92, 0x94, 0x93, 0x94, 0xb3, 0x94,
    0xd3, 0x9c, 0xf4, 0x9c, 0xf4, 0xa4, 0xf4, 0x9c, 0xd3, 0x9c, 0xd3, 0x9c,
    0xb3, 0x9c, 0xb3, 0x9c, 0xb2, 0x9c, 0x92, 0x94, 0x92, 0x94, 0x72, 0x94,
    0x72, 0x94, 0x72, 0x94, 0x71, 0x94, 0x51, 0x8c, 0x51, 0x8c, 0x31, 0x8c,
    0x30, 0x8c, 0x10, 0x84, 0xf0, 0x83, 0xef, 0x83, 0xcf, 0x83, 0xcf, 0x7b,
    0xcf, 0x7b, 0xaf, 0x7b, 0xaf, 0x73, 0xaf, 0x73, 0x8e, 0x73, 0x8e, 0x73,
    0x6e, 0x6b, 0x6e, 0x6b, 0x4d, 0x6b, 0x4d, 0x6b, 0x2d, 0x63, 0x0c, 0x63,
    0x0c, 0x63, 0xec, 0x5a, 0xec, 0x5a, 0xcc, 0x5a, 0xcb, 0x5a, 0xcb, 0x5a,
    0xab, 0x52, 0x8a, 0x52, 0x8a, 0x52, 0x4a, 0x4a, 0x29, 0x42, 0x08, 0x42,
    0xe8, 0x39, 0xa7, 0x31, 0x86, 0x31, 0x65, 0x29, 0x45, 0x29, 0x25, 0x21,
    0x04, 0x21, 0x25, 0x21, 0x25, 0x29, 0x45, 0x29, 0x66, 0x29, 0x66, 0x31,
    0x86, 0x31, 0x86, 0x31, 0xa7, 0x31, 0xa7, 0x31, 0xa7, 0x31, 0xc7, 0x39,
    0xc7, 0x39, 0xc8, 0x39, 0xc7, 0x39, 0xc7, 0x31, 0xc7, 0x39, 0xc7, 0x39,
    0xc7, 0x39, 0xc8, 0x39, 0xc8, 0x39, 0xe8, 0x39, 0xc8, 0x39, 0xc7, 0x39,
    0xc7, 0x39, 0xa7, 0x31, 0xa7, 0x31, 0x86, 0x31, 0x86, 0x31, 0x66, 0x29,
    0x14, 0xa5, 0x15, 0xa5, 0x35, 0xa5, 0x35, 0xa5, 0x35, 0xa5, 0x35, 0xa5,
    0x35, 0xa5, 0x15, 0xa5, 0x35, 0xa5, 0x14, 0xa5, 0x14, 0xa5, 0xf4, 0xa4,
    0xf4, 0x9c, 0xd3, 0x9c, 0xd3, 0x9c, 0xd4, 0x9c, 0xf4, 0x9c, 0x14, 0x9d,
    0x14, 0xa5, 0x35, 0xa5, 0x14, 0xa5, 0x14, 0xa5, 0x14, 0xa5, 0x14, 0xa5,
    0x14, 0xa5, 0x14, 0xa5, 0x14, 0xa5, 0x15, 0xa5, 0x35, 0xad, 0x35, 0xad,
    0x35, 0xad, 0x55, 0xa5, 0x55, 0xad, 0x55, 0xad, 0x56, 0xad, 0x35, 0xa5,
    0x15, 0xa5, 0xf4, 0xa4, 0xf4, 0x9c, 0x15, 0xa5, 0x35, 0xa5, 0x15, 0xa5,
    0x34, 0xa5, 0x15, 0xa5, 0xf4, 0x9c, 0xd4, 0x9c, 0xb3, 0x94, 0xb3, 0x94,
    0xb3, 0x94, 0xb3, 0x94, 0xb3, 0x94, 0xb3, 0x94, 0xb3, 0x8c, 0xb3, 0x94,
    0xb3, 0x94, 0xb3, 0x94, 0xb3, 0x94, 0xd3, 0x94, 0xd4, 0x9c, 0xf4, 0x9c,
    0x14, 0x9d, 0x35, 0xa5, 0x35, 0xa5, 0x35, 0xa5, 0x15, 0xa5, 0x14, 0xa5,
    0xf4, 0xa4, 0xd4, 0x9c, 0xd3, 0x9c, 0xd4, 0x9c, 0xd4, 0x9c, 0xd4, 0x9c,
    0xd3, 0x9c, 0xd3, 0x9c, 0xb3, 0x9c, 0xb3, 0x94, 0xb3, 0x9c, 0xd3, 0x9c,
    0xd4, 0x9c, 0xf4, 0x9c, 0xf4, 0x9c, 0xf4, 0x9c, 0x14, 0xa5, 0x35, 0xa5,
    0x35, 0xa5, 0x35, 0xa5, 0x35, 0xa5, 0x35, 0xad, 0x15, 0xa5, 0xf4, 0x9c,
    0xd4, 0x9c, 0xd4, 0x9c, 0xd3, 0x9c, 0xb3, 0x9c, 0xd3, 0x94, 0xb3, 0x9c,
    0xd4, 0x9c, 0xf4, 0x9c, 0xf4, 0xa4, 0xd3, 0x9c, 0xd3, 0x9c, 0xb3, 0x9c,
    0xb2, 0x9c, 0x92, 0x9c, 0x92, 0x9c, 0x92, 0x94, 0x72, 0x94, 0x72, 0x94,
    0x51, 0x94, 0x51, 0x94, 0x51, 0x8c, 0x31, 0x8c, 0x10, 0x8c, 0x10, 0x8c,
    0x10, 0x84, 0xf0, 0x83, 0xcf, 0x83, 0xcf, 0x7b, 0xaf, 0x7b, 0xaf, 0x7b,
    0xaf, 0x73, 0x8e, 0x73, 0x8e, 0x73, 0x6e, 0x73, 0x6e, 0x6b, 0x6e, 0x6b,
    0x4d, 0x6b, 0x2d, 0x63, 0x2d, 0x63, 0x2d, 0x63, 0x0c, 0x63, 0xec, 0x5a,
    0xec, 0x5a, 0xec, 0x5a, 0xcb, 0x5a, 0xcb, 0x52, 0xab, 0x52, 0x8a, 0x52,
    0x8a, 0x52, 0x49, 0x4a, 0x29, 0x42, 0x08, 0x42, 0xe8, 0x39, 0xa7, 0x39,
    0x86, 0x31, 0x45, 0x29, 0x25, 0x21, 0x24, 0x21, 0x04, 0x21, 0x25, 0x21,
    0x25, 0x29, 0x45, 0x29, 0x66, 0x29, 0x86, 0x29, 0x86, 0x31, 0x86, 0x31,
    0xa7, 0x31, 0xa7, 0x31, 0xa7, 0x39, 0xc7, 0x39, 0xc7, 0x39, 0xc7, 0x39,
    0xc8, 0x39, 0xc7, 0x39, 0xc7, 0x31, 0xc7, 0x39, 0xc8, 0x39, 0xc8, 0x39,
    0xc7, 0x39, 0xc7, 0x31, 0xc7, 0x39, 0xc7, 0x39, 0xc7, 0x39, 0xa7, 0x31,
    0xa7, 0x31, 0x86, 0x31, 0x66, 0x29, 0x45, 0x29, 0x45, 0x29, 0x25, 0x21,
    0xd4, 0x9c, 0xd3, 0x9c, 0xf4, 0x9c, 0xf4, 0x9c, 0x14, 0xa5, 0x14, 0xa5,
    0x15, 0xa5, 0x14, 0xa5, 0x15, 0xa5, 0x14, 0xa5, 0x14, 0xa5, 0xf4, 0x9c,
    0xd4, 0x9c, 0xb3, 0x94, 0xb3, 0x9c, 0xb3, 0x9c, 0xd3, 0x9c, 0xd4, 0x9c,
    0xf4, 0xa4, 0x35, 0xa5, 0x35, 0xa5, 0x14, 0xa5, 0x14, 0xa5, 0x15, 0xa5,
    0x14, 0xad, 0x14, 0xa5, 0x15, 0xa5, 0x14, 0xa5, 0x34, 0xa5, 0x35, 0xa5,
    0x35, 0xa5, 0x55, 0xad, 0x55, 0xad, 0x36, 0xad, 0x55, 0xa5, 0x55, 0xa5,
    0x35, 0xa5, 0x14, 0xa5, 0xf4, 0x9c, 0xf4, 0x9c, 0xf4, 0x9c, 0xf4, 0x9c,
    0xd4, 0x9c, 0xf4, 0x9c, 0xf4, 0x9c, 0xd4, 0x94, 0xb3, 0x94, 0xb3, 0x94,
    0xb3, 0x94, 0x93, 0x8c, 0xb3, 0x94, 0x93, 0x8c, 0x93, 0x8c, 0x93, 0x94,
    0xb3, 0x94, 0xb3, 0x8c, 0xb3, 0x8c, 0xb4, 0x94, 0xf4, 0x9c, 0xf4, 0x9c,
    0x14, 0xa5, 0x35, 0xa5, 0x35, 0xa5, 0x35, 0xad, 0x35, 0xa5, 0x14, 0xa5,
    0x14, 0xa5, 0xf4, 0x9c, 0xd4, 0x9c, 0xd3, 0x9c, 0xd4, 0x9c, 0xd3, 0x9c,
    0xd4, 0x9c, 0xd3, 0x9c, 0xd4, 0x9c, 0xd3, 0x9c, 0xd3, 0x9c, 0xd3, 0x9c,
    0xd4, 0x9c, 0xf4, 0x9c, 0x14, 0xa5, 0x15, 0xa5, 0x35, 0xa5, 0x35, 0xa5,
    0x35, 0xad, 0x35, 0xad, 0x35, 0xa5, 0x35, 0xa5, 0x14, 0xa5, 0xd3, 0x9c,
    0xd3, 0x9c, 0xd3, 0x94, 0xb3, 0x9c, 0xd3, 0x94, 0xb3, 0x94, 0xd4, 0x9c,
    0xf4, 0x9c, 0xf4, 0xa4, 0xf4, 0x9c, 0xd3, 0x9c, 0xb3, 0x9c, 0xb3, 0x9c,
    0x92, 0x9c, 0x92, 0x94, 0x72, 0x94, 0x72, 0x94, 0x71, 0x94, 0x51, 0x94,
    0x31, 0x8c, 0x31, 0x8c, 0x31, 0x8c, 0x10, 0x8c, 0xf0, 0x83, 0xf0, 0x83,
    0xcf, 0x83, 0xcf, 0x7b, 0xaf, 0x7b, 0xaf, 0x7b, 0x8e, 0x73, 0x8e, 0x73,
    0x8e, 0x73, 0x6e, 0x6b, 0x6e, 0x6b, 0x4d, 0x6b, 0x4d, 0x6b, 0x2d, 0x63,
    0x2d, 0x63, 0x0c, 0x63, 0x0c, 0x63, 0xec, 0x5a, 0xec, 0x5a, 0xcb, 0x5a,
    0xcb, 0x5a, 0xcb, 0x52, 0xab, 0x52, 0x8a, 0x52, 0x8a, 0x4a, 0x6a, 0x4a,
    0x29, 0x42, 0x08, 0x42, 0xe8, 0x39, 0xa7, 0x31, 0x86, 0x31, 0x45, 0x29,
    0x25, 0x21, 0x04, 0x21, 0x25, 0x21, 0x25, 0x21, 0x25, 0x29, 0x45, 0x29,
    0x65, 0x29, 0x66, 0x31, 0x86, 0x31, 0xa7, 0x31, 0xa7, 0x31, 0xc7, 0x39,
    0xc7, 0x39, 0xc7, 0x39, 0xc7, 0x39, 0xc7, 0x39, 0xc8, 0x39, 0xc7, 0x31,
    0xc7, 0x39, 0xc7, 0x31, 0xc7, 0x39, 0xc8, 0x39, 0xc7, 0x39, 0xc7, 0x39,
    0xc8, 0x39, 0xc7, 0x39, 0xc7, 0x31, 0xa7, 0x31, 0x86, 0x31, 0x86, 0x31,
    0x66, 0x29, 0x65, 0x29, 0x45, 0x29, 0x25, 0x21, 0x04, 0x21, 0x04, 0x21,
    0x92, 0x94, 0x92, 0x94, 0xb3, 0x94, 0xd3, 0x9c, 0xd4, 0x9c, 0xf4, 0xa4,
    0x14, 0xa5, 0x15, 0xa5, 0x14, 0xa5, 0x14, 0xa5, 0x15, 0x9d, 0xf4, 0x9c,
    0xf4, 0x9c, 0xd4, 0x9c, 0xb3, 0x94, 0xb3, 0x94, 0xb3, 0x94, 0xd3, 0x9c,
    0xf4, 0x9c, 0x15, 0xa5, 0x35, 0xa5, 0x35, 0xad, 0x35, 0xad, 0x35, 0xa5,
    0x35, 0xad, 0x35, 0xa5, 0x14, 0xa5, 0x15, 0xa5, 0x35, 0xa5, 0x35, 0xa5,
    0x35, 0xad, 0x55, 0xad, 0x55, 0xad, 0x55, 0xa5, 0x56, 0xad, 0x55, 0xad,
    0x55, 0xad, 0x35, 0xa5, 0x15, 0xa5, 0xf4, 0xa4, 0xf4, 0x9c, 0xf4, 0x9c,
    0xf4, 0x9c, 0xf4, 0x9c, 0xf4, 0x9c, 0xd4, 0x9c, 0xb3, 0x94, 0x93, 0x8c,
    0x93, 0x94, 0x93, 0x8c, 0x93, 0x8c, 0x93, 0x8c, 0x93, 0x94, 0xb3, 0x8c,
    0x93, 0x94, 0xb3, 0x94, 0xb3, 0x94, 0xd3, 0x94, 0xd4, 0x9c, 0xf4, 0x9c,
    0x15, 0xa5, 0x35, 0xa5, 0x35, 0xa5, 0x55, 0xa5, 0x35, 0xa5, 0x15, 0xa5,
    0x14, 0xa5, 0xf4, 0x9c, 0xd4, 0x9c, 0xd3, 0x9c, 0xd3, 0x9c, 0xd4, 0x9c,
    0xf4, 0x9c, 0xd3, 0x9c, 0xd3, 0x9c, 0xd4, 0x9c, 0xd4, 0x9c, 0xf4, 0x9c,
    0xf4, 0xa4, 0x14, 0xa5, 0x14, 0xa5, 0x35, 0xa5, 0x35, 0xad, 0x35, 0xa5,
    0x35, 0xa5, 0x35, 0xa5, 0x35, 0xad, 0x14, 0xa5, 0xf4, 0xa4, 0xd4, 0x9c,
    0xd3, 0x9c, 0x93, 0x94, 0x72, 0x8c, 0x93, 0x94, 0xd3, 0x94, 0xf4, 0x9c,
    0xf4, 0x9c, 0xf4, 0x9c, 0xf4, 0x9c, 0xd3, 0x9c, 0xb3, 0x9c, 0x93, 0x94,
    0x92, 0x94, 0x72, 0x94, 0x51, 0x94, 0x51, 0x94, 0x51, 0x8c, 0x31, 0x8c,
    0x31, 0x8c, 0x10, 0x8c, 0x10, 0x84, 0xf0, 0x83, 0xef, 0x83, 0xcf, 0x7b,
    0xcf, 0x7b, 0xaf, 0x7b, 0xaf, 0x73, 0x8e, 0x73, 0x8e, 0x73, 0x6e, 0x6b,
    0x6e, 0x6b, 0x4e, 0x6b, 0x4d, 0x63, 0x2d, 0x63, 0x2d, 0x63, 0x0c, 0x63,
    0x0c, 0x5b, 0xec, 0x5a, 0xec, 0x5a, 0xec, 0x5a, 0xcb, 0x5a, 0xcb, 0x52,
    0xab, 0x52, 0x8a, 0x52, 0x6a, 0x52, 0x49, 0x4a, 0x29, 0x42, 0x08, 0x42,
    0xe8, 0x39, 0xa7, 0x31, 0x86, 0x31, 0x45, 0x29, 0x25, 0x21, 0x25, 0x21,
    0x25, 0x21, 0x45, 0x29, 0x45, 0x29, 0x65, 0x29, 0x66, 0x29, 0x86, 0x29,
    0x86, 0x31, 0xa7, 0x31, 0xa7, 0x31, 0xa7, 0x39, 0xc7, 0x39, 0xc7, 0x39,
    0xc7, 0x31, 0xc7, 0x31, 0xa7, 0x39, 0xc7, 0x39, 0xc7, 0x31, 0xc7, 0x39,
    0xc7, 0x39, 0xc8, 0x39, 0xc7, 0x39, 0xc7, 0x39, 0xc7, 0x31, 0xa7, 0x39,
    0xa7, 0x39, 0xa7, 0x31, 0xa7, 0x31, 0x86, 0x31, 0x66, 0x29, 0x45, 0x29,
    0x45, 0x29, 0x25, 0x29, 0x04, 0x21, 0x04, 0x21, 0x04, 0x21, 0x05, 0x21,
    0x72, 0x8c, 0x51, 0x8c, 0x51, 0x8c, 0x72, 0x8c, 0xb3, 0x94, 0xd3, 0x9c,
    0xf4, 0x9c, 0x14, 0xa5, 0x14, 0xa5, 0xf5, 0x9c, 0x14, 0xa5, 0xf4, 0xa4,
    0xf4, 0xa4, 0xf4, 0x9c, 0xd3, 0x9c, 0x93, 0x94, 0x93, 0x94, 0xd3, 0x9c,
    0x14, 0xa5, 0x35, 0xa5, 0x35, 0xa5, 0x35, 0xa5, 0x35, 0xad, 0x35, 0xa5,
    0x35, 0xa5, 0x35, 0xa5, 0x35, 0xa5, 0x35, 0xad, 0x35, 0xa5, 0x35, 0xa5,
    0x35, 0xad, 0x35, 0xad, 0x55, 0xa5, 0x55, 0xad, 0x55, 0xad, 0x56, 0xad,
    0x35, 0xa5, 0x15, 0xa5, 0x15, 0xa5, 0x14, 0xa5, 0x35, 0xa5, 0x35, 0xa5,
    0x14, 0xa5, 0xf4, 0x9c, 0xf4, 0x9c, 0xd4, 0x9c, 0xb3, 0x94, 0x93, 0x8c,
    0x93, 0x8c, 0x93, 0x8c, 0x92, 0x8c, 0x93, 0x8c, 0xb3, 0x8c, 0xb3, 0x94,
    0xb3, 0x8c, 0xb3, 0x94, 0xb3, 0x94, 0xb3, 0x94, 0xf4, 0x9c, 0xf4, 0x9c,
    0x15, 0xa5, 0x35, 0xa5, 0x35, 0xad, 0x55, 0xad, 0x35, 0xa5, 0x35, 0xa5,
    0x14, 0xa5, 0xf4, 0xa4, 0xf4, 0x9c, 0xd4, 0x9c, 0xd4, 0x9c, 0xf3, 0x9c,
    0xf4, 0xa4, 0xf4, 0x9c, 0xd3, 0x9c, 0xd4, 0x9c, 0xf4, 0x9c, 0xf4, 0x9c,
    0xf4, 0xa4, 0x15, 0xa5, 0x35, 0xa5, 0x35, 0xa5, 0x35, 0xa5, 0x35, 0xad,
    0x35, 0xad, 0x35, 0xa5, 0x35, 0xa5, 0x35, 0xa5, 0x14, 0xa5, 0x14, 0xa5,
    0xf4, 0x9c, 0x92, 0x8c, 0x11, 0x84, 0xd0, 0x7b, 0x51, 0x8c, 0xb3, 0x94,
    0xd3, 0x9c, 0xd4, 0x9c, 0xd4, 0x9c, 0xd3, 0x9c, 0xb3, 0x94, 0x92, 0x94,
    0x72, 0x94, 0x51, 0x94, 0x51, 0x8c, 0x31, 0x8c, 0x30, 0x8c, 0x10, 0x8c,
    0x10, 0x84, 0xf0, 0x83, 0xcf, 0x7b, 0xae, 0x7b, 0xaf, 0x7b, 0xaf, 0x7b,
    0xae, 0x73, 0x8f, 0x73, 0x6e, 0x73, 0x6e, 0x6b, 0x6d, 0x6b, 0x4d, 0x6b,
    0x4d, 0x6b, 0x2d, 0x63, 0x2d, 0x63, 0x0c, 0x63, 0x0c, 0x5b, 0xec, 0x5a,
    0xec, 0x5a, 0xeb, 0x5a, 0xcb, 0x5a, 0xab, 0x5a, 0xab, 0x52, 0x8a, 0x52,
    0x8a, 0x4a, 0x49, 0x4a, 0x29, 0x42, 0x08, 0x42, 0xc8, 0x39, 0xa7, 0x31,
    0x86, 0x31, 0x65, 0x29, 0x25, 0x21, 0x25, 0x21, 0x25, 0x29, 0x45, 0x29,
    0x45, 0x29, 0x45, 0x29, 0x66, 0x29, 0x86, 0x31, 0x86, 0x31, 0xa7, 0x31,
    0xa7, 0x31, 0xa7, 0x31, 0xa7, 0x39, 0xc7, 0x39, 0xc7, 0x31, 0xc7, 0x39,
    0xc8, 0x39, 0xa7, 0x31, 0xc7, 0x39, 0xc8, 0x39, 0xc7, 0x39, 0xc7, 0x39,
    0xc8, 0x39, 0xc7, 0x39, 0xc7, 0x39, 0xa7, 0x39, 0xa7, 0x31, 0xa7, 0x31,
    0xa6, 0x31, 0x86, 0x31, 0x66, 0x29, 0x45, 0x29, 0x25, 0x29, 0x25, 0x21,
    0x25, 0x21, 0x25, 0x21, 0x05, 0x21, 0x04, 0x21, 0x25, 0x21, 0x24, 0x21,
    0x31, 0x84, 0x31, 0x84, 0x10, 0x7c, 0x11, 0x84, 0x72, 0x8c, 0xb3, 0x94,
    0xd3, 0x9c, 0xf4, 0x9c, 0xf4, 0xa4, 0x14, 0xa5, 0xf4, 0x9c, 0xf4, 0xa4,
    0xf4, 0x9c, 0xd4, 0x9c, 0xd3, 0x9c, 0xd3, 0x9c, 0xb3, 0x94, 0xb3, 0x94,
    0xf4, 0x9c, 0xf4, 0xa4, 0x35, 0xa5, 0x35, 0xa5, 0x35, 0xa5, 0x55, 0xad,
    0x55, 0xad, 0x35, 0xa5, 0x35, 0xa5, 0x35, 0xa5, 0x35, 0xad, 0x35, 0xa5,
    0x35, 0xa5, 0x35, 0xa5, 0x35, 0xad, 0x35, 0xad, 0x55, 0xad, 0x55, 0xad,
    0x35, 0xa5, 0x14, 0x9d, 0xf4, 0x9c, 0xd4, 0x9c, 0xf4, 0x9c, 0x14, 0xa5,
    0x14, 0xa5, 0x15, 0xa5, 0x14, 0xa5, 0xf4, 0x9c, 0xb3, 0x94, 0x92, 0x8c,
    0x93, 0x8c, 0x93, 0x8c, 0x92, 0x8c, 0x93, 0x94, 0x93, 0x8c, 0xb3, 0x94,
    0xb3, 0x94, 0xb3, 0x94, 0xb3, 0x94, 0xd3, 0x94, 0xf4, 0x9c, 0x15, 0x9d,
    0x15, 0xa5, 0x35, 0xa5, 0x55, 0xad, 0x55, 0xad, 0x55, 0xa5, 0x35, 0xa5,
    0x15, 0xa5, 0xf4, 0xa4, 0xf4, 0x9c, 0xf4, 0x9c, 0xd3, 0x9c, 0xf4, 0x9c,
    0xf4, 0xa4, 0xd4, 0x9c, 0xf4, 0x9c, 0xf4, 0x9c, 0xf4, 0xa4, 0xf4, 0x9c,
    0x14, 0xa5, 0x15, 0xa5, 0x35, 0xa5, 0x35, 0xa5, 0x35, 0xad, 0x35, 0xad,
    0x55, 0xa5, 0x35, 0xad, 0x35, 0xa5, 0x34, 0xa5, 0x15, 0xa5, 0xf4, 0xa4,
    0xf4, 0x9c, 0xd3, 0x9c, 0x92, 0x94, 0x11, 0x84, 0x10, 0x84, 0x11, 0x84,
    0x31, 0x84, 0x72, 0x8c, 0xb3, 0x94, 0xb3, 0x94, 0x92, 0x94, 0x72, 0x94,
    0x52, 0x8c, 0x51, 0x8c, 0x31, 0x8c, 0x10, 0x8c, 0x10, 0x84, 0xf0, 0x83,
    0xef, 0x83, 0xcf, 0x7b, 0xcf, 0x7b, 0x6e, 0x73, 0x4d, 0x6b, 0x4d, 0x6b,
    0x4d, 0x6b, 0x4d, 0x6b, 0x4e, 0x6b, 0x4d, 0x6b, 0x4d, 0x63, 0x2d, 0x63,
    0x2d, 0x63, 0x0c, 0x63, 0xec, 0x62, 0xec, 0x5a, 0xec, 0x5a, 0xcb, 0x5a,
    0xcb, 0x5a, 0xab, 0x52, 0xab, 0x52, 0x8a, 0x52, 0x8a, 0x52, 0x4a, 0x4a,
    0x29, 0x42, 0x08, 0x42, 0xe7, 0x39, 0xa7, 0x31, 0x86, 0x31, 0x66, 0x29,
    0x45, 0x29, 0x45, 0x29, 0x25, 0x21, 0x45, 0x29, 0x45, 0x29, 0x65, 0x29,
    0x66, 0x29, 0x66, 0x31, 0x86, 0x31, 0xa7, 0x31, 0xa6, 0x31, 0xa7, 0x39,
    0xc7, 0x39, 0xc7, 0x39, 0xc7, 0x39, 0xc7, 0x39, 0xc7, 0x39, 0xc7, 0x39,
    0xc7, 0x39, 0xc7, 0x39, 0xc7, 0x39, 0xc8, 0x39, 0xc7, 0x31, 0xc7, 0x39,
    0xc7, 0x39, 0xa7, 0x31, 0xa7, 0x31, 0xa7, 0x31, 0x86, 0x31, 0x66, 0x31,
    0x66, 0x29, 0x45, 0x29, 0x25, 0x29, 0x25, 0x21, 0x04, 0x21, 0x04, 0x21,
    0x24, 0x21, 0x05, 0x21, 0x24, 0x21, 0x24, 0x21, 0x05, 0x21, 0x25, 0x21,
    0x10, 0x84, 0x10, 0x84, 0xef, 0x7b, 0xf0, 0x7b, 0x31, 0x84, 0x72, 0x94,
    0xb3, 0x94, 0xf4, 0x9c, 0xf4, 0xa4, 0xf4, 0x9c, 0x15, 0x9d, 0xf4, 0x9c,
    0xf4, 0x9c, 0xd4, 0x9c, 0xd3, 0x9c, 0xd3, 0x9c, 0xd4, 0x9c, 0xd4, 0x9c,
    0xd4, 0x9c, 0xf4, 0x9c, 0x14, 0xa5, 0x35, 0xad, 0x35, 0xad, 0x55, 0xa5,
    0x35, 0xad, 0x35, 0xad, 0x35, 0xa5, 0x35, 0xa5, 0x35, 0xad, 0x35, 0xad,
    0x35, 0xad, 0x35, 0xad, 0x35, 0xad, 0x35, 0xa5, 0x35, 0xa5, 0x35, 0xad,
    0x35, 0xa5, 0x35, 0xa5, 0x14, 0xa5, 0xf4, 0x9c, 0xd4, 0x9c, 0xf4, 0x9c,
    0xf4, 0x9c, 0xf4, 0x9c, 0x14, 0x9d, 0xf4, 0x9c, 0xb3, 0x94, 0x72, 0x8c,
    0x72, 0x8c, 0x72, 0x8c, 0x93, 0x8c, 0x93, 0x8c, 0xb3, 0x94, 0xb3, 0x94,
    0x93, 0x94, 0xb3, 0x94, 0xb3, 0x94, 0xd3, 0x9c, 0xf4, 0x9c, 0x14, 0xa5,
    0x15, 0xa5, 0x35, 0xa5, 0x55, 0xad, 0x55, 0xad, 0x36, 0xa5, 0x35, 0xad,
    0x35, 0xa5, 0x14, 0xa5, 0xf4, 0x9c, 0xd4, 0x9c, 0xf4, 0x9c, 0xf4, 0x9c,
    0xf4, 0x9c, 0xf4, 0xa4, 0xf4, 0x9c, 0xf4, 0x9c, 0xf4, 0xa4, 0x14, 0xa5,
    0x14, 0xa5, 0x14, 0xa5, 0x15, 0xa5, 0x35, 0xa5, 0x35, 0xad, 0x35, 0xa5,
    0x35, 0xa5, 0x35, 0xa5, 0x15, 0xa5, 0x14, 0xa5, 0x14, 0xa5, 0xd4, 0x9c,
    0xd4, 0x94, 0xb3, 0x94, 0xb3, 0x94, 0x92, 0x94, 0x52, 0x8c, 0x31, 0x84,
    0x11, 0x84, 0x51, 0x84, 0x72, 0x8c, 0x93, 0x94, 0x92, 0x94, 0x72, 0x8c,
    0x51, 0x8c, 0x31, 0x8c, 0x10, 0x84, 0xf0, 0x83, 0xf0, 0x83, 0xcf, 0x83,
    0xcf, 0x7b, 0xaf, 0x7b, 0xaf, 0x7b, 0x6e, 0x73, 0x2d, 0x63, 0x2d, 0x63,
    0x0c, 0x63, 0x0c, 0x63, 0x0d, 0x63, 0x2d, 0x63, 0x2d, 0x63, 0x0c, 0x63,
    0x0c, 0x5b, 0xec, 0x5a, 0xec, 0x5a, 0xcb, 0x5a, 0xcb, 0x5a, 0xab, 0x52,
    0xab, 0x52, 0x8a, 0x52, 0x6a, 0x4a, 0x69, 0x4a, 0x29, 0x42, 0x08, 0x42,
    0xe8, 0x39, 0xa7, 0x31, 0x86, 0x31, 0x66, 0x29, 0x66, 0x29, 0x45, 0x29,
    0x45, 0x29, 0x46, 0x29, 0x65, 0x29, 0x66, 0x29, 0x66, 0x29, 0x66, 0x31,
    0x86, 0x31, 0x86, 0x31, 0xa7, 0x31, 0xa7, 0x31, 0xc7, 0x39, 0xc7, 0x39,
    0xc7, 0x39, 0xa7, 0x39, 0xc7, 0x39, 0xc7, 0x31, 0xa7, 0x39, 0xc7, 0x39,
    0xc7, 0x31, 0xa7, 0x31, 0xc7, 0x39, 0xc7, 0x39, 0xa7, 0x39, 0xa7, 0x31,
    0xa7, 0x31, 0x86, 0x31, 0x86, 0x31, 0x66, 0x29, 0x45, 0x29, 0x45, 0x29,
    0x25, 0x29, 0x25, 0x21, 0x25, 0x21, 0x24, 0x21, 0x25, 0x21, 0x25, 0x21,
    0x04, 0x21, 0x24, 0x21, 0x24, 0x21, 0x05, 0x29, 0x25, 0x21, 0x04, 0x21,
    0x10, 0x84, 0xf0, 0x7b, 0xaf, 0x7b, 0xcf, 0x7b, 0xf0, 0x7b, 0x51, 0x8c,
    0x93, 0x94, 0xd3, 0x9c, 0xf4, 0x9c, 0x14, 0xa5, 0x14, 0xa5, 0xf4, 0x9c,
    0xf4, 0x9c, 0xd4, 0x9c, 0xd4, 0x9c, 0xd3, 0x9c, 0xd3, 0x9c, 0xd3, 0x9c,
    0xf4, 0x9c, 0xf4, 0xa4, 0x14, 0xa5, 0x35, 0xa5, 0x55, 0xad, 0x55, 0xa5,
    0x35, 0xa5, 0x55, 0xad, 0x35, 0xad, 0x35, 0xa5, 0x35, 0xa5, 0x34, 0xa5,
    0x14, 0xa5, 0x15, 0xa5, 0x35, 0xad, 0x34, 0xad, 0x34, 0xad, 0x15, 0xad,
    0x35, 0xa5, 0x35, 0xad, 0x35, 0xa5, 0x14, 0xa5, 0x14, 0x9d, 0xf4, 0x9c,
    0x14, 0xa5, 0x15, 0xa5, 0x15, 0xa5, 0xf4, 0x9c, 0xd3, 0x94, 0x93, 0x8c,
    0x72, 0x8c, 0x72, 0x8c, 0x72, 0x8c, 0x72, 0x8c, 0x72, 0x8c, 0x93, 0x8c,
    0x93, 0x8c, 0x93, 0x8c, 0xb3, 0x94, 0xd4, 0x9c, 0xf4, 0x9c, 0x14, 0x9d,
    0x15, 0xa5, 0x35, 0xa5, 0x55, 0xad, 0x56, 0xad, 0x55, 0xa5, 0x35, 0xa5,
    0x15, 0xa5, 0x14, 0xa5, 0xf4, 0x9c, 0xf4, 0x9c, 0xd4, 0xa4, 0xf4, 0x9c,
    0xf4, 0x9c, 0xf4, 0x9c, 0xf4, 0x9c, 0xf4, 0xa4, 0x14, 0xa5, 0x15, 0xa5,
    0x15, 0xa5, 0x35, 0xa5, 0x35, 0xa5, 0x35, 0xad, 0x35, 0xad, 0x35, 0xa5,
    0x35, 0xa5, 0x35, 0xa5, 0x14, 0xa5, 0x15, 0xa5, 0x14, 0xa5, 0xd3, 0x9c,
    0xb3, 0x94, 0x92, 0x94, 0x72, 0x8c, 0x52, 0x8c, 0x31, 0x8c, 0x51, 0x8c,
    0x51, 0x8c, 0x72, 0x8c, 0x51, 0x8c, 0x72, 0x8c, 0x72, 0x8c, 0x72, 0x8c,
    0x51, 0x8c, 0x31, 0x84, 0x10, 0x84, 0xcf, 0x7b, 0xcf, 0x7b, 0xaf, 0x7b,
    0xaf, 0x73, 0x8f, 0x73, 0x8e, 0x73, 0x6d, 0x6b, 0x2d, 0x63, 0x0c, 0x63,
    0x0c, 0x5b, 0xec, 0x5a, 0xcb, 0x5a, 0x0c, 0x63, 0x0c, 0x63, 0xec, 0x5a,
    0xec, 0x5a, 0xcb, 0x5a, 0xcb, 0x5a, 0xab, 0x52, 0x8b, 0x52, 0x8a, 0x52,
    0x6a, 0x4a, 0x49, 0x4a, 0x29, 0x42, 0x08, 0x3a, 0xe7, 0x39, 0xa7, 0x39,
    0x86, 0x31, 0x66, 0x29, 0x45, 0x29, 0x45, 0x29, 0x45, 0x29, 0x65, 0x29,
    0x66, 0x29, 0x66, 0x29, 0x66, 0x31, 0x86, 0x31, 0x86, 0x31, 0x86, 0x31,
    0xa7, 0x31, 0xa7, 0x31, 0xa7, 0x39, 0xa7, 0x31, 0xc7, 0x39, 0xc7, 0x39,
    0xc7, 0x31, 0xc7, 0x31, 0xc7, 0x39, 0xc7, 0x31, 0xa7, 0x31, 0xc7, 0x39,
    0xc7, 0x39, 0xc7, 0x39, 0xa7, 0x31, 0xa7, 0x31, 0x87, 0x31, 0x86, 0x31,
    0x86, 0x29, 0x66, 0x29, 0x45, 0x29, 0x25, 0x29, 0x25, 0x21, 0x25, 0x21,
    0x24, 0x21, 0x05, 0x21, 0x24, 0x21, 0x04, 0x21, 0x04, 0x21, 0x05, 0x21,
    0x25, 0x29, 0x05, 0x21, 0x05, 0x21, 0x04, 0x21, 0x25, 0x21, 0x24, 0x21,
    0xf0, 0x7b, 0xcf, 0x7b, 0xaf, 0x73, 0xaf, 0x73, 0xcf, 0x7b, 0x31, 0x84,
    0x72, 0x8c, 0xb3, 0x94, 0xf4, 0x9c, 0xf4, 0xa4, 0xf4, 0xa4, 0x15, 0xa5,
    0x14, 0xa5, 0xd4, 0x9c, 0xb3, 0x94, 0xb3, 0x94, 0xb3, 0x9c, 0xd3, 0x9c,
    0xf4, 0x9c, 0x14, 0xa5, 0x15, 0xa5, 0x35, 0xa5, 0x35, 0xa5, 0x55, 0xad,
    0x55, 0xad, 0x55, 0xad, 0x55, 0xa5, 0x35, 0xad, 0x35, 0xa5, 0x35, 0xa5,
    0x14, 0xa5, 0x14, 0xa5, 0x35, 0xad, 0x34, 0xad, 0x34, 0xa5, 0x35, 0xad,
    0x35, 0xa5, 0x14, 0xa5, 0xf4, 0xa4, 0xf4, 0xa4, 0x14, 0xa5, 0x15, 0xa5,
    0x15, 0xa5, 0x35, 0xa5, 0x35, 0xa5, 0x15, 0xa5, 0xd4, 0x9c, 0xb3, 0x94,
    0x72, 0x8c, 0x52, 0x8c, 0x52, 0x84, 0x72, 0x8c, 0x72, 0x8c, 0x72, 0x8c,
    0x72, 0x8c, 0x92, 0x8c, 0xb3, 0x94, 0xd4, 0x9c, 0xf4, 0x9c, 0x14, 0x9d,
    0x15, 0xa5, 0x35, 0xad, 0x56, 0xad, 0x55, 0xad, 0x55, 0xa5, 0x35, 0xa5,
    0x35, 0xa5, 0x15, 0xa5, 0x14, 0xa5, 0xf4, 0x9c, 0xf4, 0x9c, 0xf4, 0xa4,
    0x14, 0xa5, 0x14, 0xa5, 0x14, 0xa5, 0x15, 0xa5, 0x35, 0xa5, 0x35, 0xa5,
    0x35, 0xa5, 0x35, 0xa5, 0x35, 0xa5, 0x35, 0xa5, 0x35, 0xad, 0x35, 0xa5,
    0x35, 0xa5, 0x14, 0xa5, 0x15, 0xa5, 0x14, 0xa5, 0xf4, 0xa4, 0xd4, 0x9c,
    0x92, 0x94, 0x51, 0x84, 0x31, 0x84, 0x31, 0x84, 0x31, 0x84, 0x52, 0x8c,
    0x51, 0x84, 0x52, 0x8c, 0x31, 0x8c, 0x51, 0x8c, 0x52, 0x8c, 0x51, 0x8c,
    0x31, 0x84, 0x10, 0x84, 0xf0, 0x7b, 0xd0, 0x7b, 0xcf, 0x7b, 0xaf, 0x73,
    0x8e, 0x73, 0x8e, 0x73, 0x6e, 0x73, 0x4e, 0x6b, 0x2c, 0x63, 0xec, 0x5a,
    0xcc, 0x5a, 0xcb, 0x5a, 0xcb, 0x52, 0xeb, 0x5a, 0xec, 0x5a, 0xcc, 0x5a,
    0xcb, 0x5a, 0xab, 0x52, 0xaa, 0x52, 0x8a, 0x52, 0x6a, 0x4a, 0x49, 0x4a,
    0x28, 0x42, 0xe8, 0x39, 0xc7, 0x39, 0xc7, 0x39, 0x87, 0x31, 0x66, 0x29,
    0x65, 0x29, 0x45, 0x21, 0x45, 0x29, 0x46, 0x29, 0x66, 0x29, 0x86, 0x31,
    0x86, 0x31, 0xa6, 0x31, 0xa7, 0x31, 0xa7, 0x31, 0xa7, 0x39, 0xa7, 0x31,
    0xa7, 0x31, 0xa7, 0x39, 0xa7, 0x31, 0xc7, 0x39, 0xa7, 0x39, 0xc6, 0x31,
    0xa7, 0x31, 0xc7, 0x39, 0xc7, 0x39, 0xc7, 0x39, 0xc7, 0x39, 0xc7, 0x39,
    0xa7, 0x39, 0xa7, 0x31, 0xa7, 0x31, 0x86, 0x31, 0x66, 0x29, 0x45, 0x29,
    0x45, 0x29, 0x25, 0x29, 0x25, 0x29, 0x24, 0x21, 0x24, 0x21, 0x25, 0x21,
    0x04, 0x21, 0x05, 0x21, 0x04, 0x21, 0x05, 0x29, 0x05, 0x21, 0x24, 0x21,
    0x24, 0x21, 0x05, 0x21, 0x24, 0x21, 0x24, 0x21, 0x05, 0x21, 0x05, 0x21,
    0xef, 0x7b, 0xaf, 0x7b, 0x8e, 0x73, 0x8e, 0x73, 0x8f, 0x73, 0x10, 0x84,
    0x52, 0x8c, 0x93, 0x94, 0xd3, 0x9c, 0xf4, 0x9c, 0xf4, 0x9c, 0xf4, 0x9c,
    0xf4, 0x9c, 0xf4, 0x9c, 0xd4, 0x9c, 0xb3, 0x94, 0xb3, 0x94, 0xb3, 0x94,
    0xd4, 0x9c, 0xf4, 0xa4, 0x14, 0xa5, 0x35, 0xa5, 0x35, 0xad, 0x35, 0xad,
    0x35, 0xad, 0x35, 0xa5, 0x35, 0xa5, 0x35, 0xad, 0x35, 0xad, 0x35, 0xad,
    0x35, 0xad, 0x14, 0xad, 0x15, 0xa5, 0x14, 0xa5, 0x15, 0xa5, 0x35, 0xad,
    0x35, 0xad, 0x14, 0xa5, 0x14, 0xa5, 0xf4, 0xa4, 0xf4, 0x9c, 0x14, 0xa5,
    0x14, 0xa5, 0x14, 0xa5, 0x35, 0xa5, 0x35, 0xa5, 0xf4, 0x9c, 0xd3, 0x94,
    0x72, 0x8c, 0x52, 0x84, 0x52, 0x84, 0x52, 0x84, 0x52, 0x84, 0x31, 0x84,
    0x52, 0x84, 0x92, 0x8c, 0xb3, 0x94, 0xd4, 0x9c, 0xf4, 0x9c, 0x14, 0xa5,
    0x35, 0xa5, 0x55, 0xad, 0x56, 0xad, 0x55, 0xad, 0x55, 0xad, 0x55, 0xad,
    0x55, 0xad, 0x35, 0xad, 0x35, 0xa5, 0x35, 0xa5, 0x14, 0xa5, 0x15, 0xa5,
    0x15, 0xa5, 0x14, 0xa5, 0x15, 0xa5, 0x35, 0xa5, 0x55, 0xad, 0x35, 0xad,
    0x35, 0xad, 0x35, 0xa5, 0x35, 0xa5, 0x35, 0xad, 0x35, 0xa5, 0x35, 0xa5,
    0x35, 0xa5, 0x14, 0xa5, 0x14, 0xa5, 0xf4, 0x9c, 0xf4, 0x9c, 0xd4, 0x9c,
    0xb3, 0x94, 0x52, 0x8c, 0x31, 0x84, 0xf0, 0x83, 0xf0, 0x7b, 0x31, 0x84,
    0x51, 0x8c, 0x52, 0x8c, 0x31, 0x84, 0x31, 0x84, 0x31, 0x84, 0x31, 0x84,
    0x10, 0x84, 0xf0, 0x7b, 0xd0, 0x7b, 0xcf, 0x7b, 0xaf, 0x73, 0x8e, 0x73,
    0x8e, 0x6b, 0x6e, 0x6b, 0x6e, 0x6b, 0x4d, 0x6b, 0x0c, 0x63, 0xcb, 0x5a,
    0xcb, 0x52, 0xab, 0x52, 0xab, 0x52, 0xab, 0x52, 0xcb, 0x5a, 0xab, 0x52,
    0xab, 0x52, 0x8a, 0x52, 0x6a, 0x4a, 0x49, 0x4a, 0x29, 0x42, 0xe8, 0x39,
    0xc7, 0x39, 0xa7, 0x31, 0x86, 0x31, 0x86, 0x29, 0x46, 0x29, 0x45, 0x29,
    0x45, 0x29, 0x66, 0x29, 0x66, 0x29, 0x86, 0x31, 0x86, 0x31, 0xa7, 0x31,
    0xa7, 0x31, 0xa7, 0x39, 0xc7, 0x39, 0xc7, 0x39, 0xc7, 0x39, 0xc7, 0x39,
    0xa7, 0x31, 0xa7, 0x39, 0xa7, 0x39, 0xa7, 0x31, 0xa7, 0x31, 0xa7, 0x39,
    0xc7, 0x39, 0xc7, 0x39, 0xa7, 0x39, 0xa7, 0x31, 0xa7, 0x39, 0xa7, 0x31,
    0x87, 0x31, 0x86, 0x31, 0x66, 0x29, 0x45, 0x29, 0x45, 0x29, 0x25, 0x29,
    0x25, 0x21, 0x24, 0x21, 0x24, 0x21, 0x25, 0x21, 0x25, 0x21, 0x05, 0x21,
    0x04, 0x21, 0x24, 0x21, 0x25, 0x21, 0x24, 0x21, 0x25, 0x21, 0x25, 0x21,
    0x04, 0x21, 0x24, 0x21, 0x04, 0x21, 0x05, 0x29, 0x24, 0x21, 0x04, 0x21,
    0xf0, 0x7b, 0xf0, 0x7b, 0xf0, 0x7b, 0xf0, 0x7b, 0xcf, 0x7b, 0x10, 0x84,
    0x51, 0x8c, 0x92, 0x94, 0xb3, 0x94, 0xd3, 0x9c, 0xd3, 0x9c, 0xd3, 0x9c,
    0xd3, 0x9c, 0xd3, 0x9c, 0xf4, 0x9c, 0xf4, 0xa4, 0xf4, 0xa4, 0xf4, 0x9c,
    0xd3, 0x94, 0xd4, 0x9c, 0x14, 0xa5, 0x35, 0xa5, 0x35, 0xad, 0x35, 0xa5,
    0x35, 0xa5, 0x35, 0xad, 0x35, 0xad, 0x35, 0xad, 0x34, 0xad, 0x35, 0xad,
    0x34, 0xa5, 0x34, 0xad, 0x14, 0xa5, 0x14, 0xad, 0x14, 0xad, 0x35, 0xa5,
    0x35, 0xad, 0x35, 0xad, 0x35, 0xa5, 0x14, 0xa5, 0xf4, 0x9c, 0xf4, 0x9c,
    0xf4, 0x9c, 0x15, 0xa5, 0x35, 0xa5, 0x55, 0xad, 0x35, 0xa5, 0xf4, 0x9c,
    0xb3, 0x94, 0x72, 0x8c, 0x51, 0x84, 0x31, 0x84, 0x31, 0x84, 0x31, 0x84,
    0x72, 0x8c, 0x93, 0x94, 0xd3, 0x94, 0xf4, 0x9c, 0x14, 0x9d, 0x35, 0xa5,
    0x35, 0xad, 0x55, 0xad, 0x56, 0xad, 0x56, 0xad, 0x56, 0xad, 0x76, 0xad,
    0x76, 0xad, 0x76, 0xad, 0x76, 0xad, 0x76, 0xad, 0x56, 0xad, 0x35, 0xa5,
    0x35, 0xa5, 0x35, 0xa5, 0x35, 0xa5, 0x35, 0xa5, 0x56, 0xad, 0x55, 0xad,
    0x55, 0xa5, 0x56, 0xa5, 0x35, 0xad, 0x35, 0xad, 0x35, 0xa5, 0x35, 0xa5,
    0x15, 0xa5, 0x14, 0xa5, 0xf4, 0xa4, 0xf4, 0x9c, 0xf4, 0x9c, 0xd4, 0x9c,
    0xd3, 0x9c, 0xb3, 0x94, 0x72, 0x8c, 0x31, 0x84, 0xf0, 0x7b, 0x10, 0x84,
    0x31, 0x84, 0x51, 0x84, 0x51, 0x84, 0x31, 0x84, 0x11, 0x84, 0xf0, 0x7b,
    0xf0, 0x7b, 0xcf, 0x7b, 0xaf, 0x73, 0x8f, 0x73, 0x8e, 0x73, 0x6e, 0x6b,
    0x6e, 0x6b, 0x4d, 0x6b, 0x4d, 0x63, 0x2d, 0x63, 0xec, 0x5a, 0xcb, 0x5a,
    0xab, 0x52, 0x8b, 0x52, 0x8a, 0x52, 0x8a, 0x52, 0xab, 0x52, 0x8a, 0x52,
    0x6a, 0x4a, 0x49, 0x4a, 0x28, 0x42, 0xe8, 0x39, 0xc7, 0x39, 0xa7, 0x31,
    0x86, 0x31, 0x66, 0x29, 0x45, 0x29, 0x45, 0x29, 0x45, 0x29, 0x65, 0x29,
    0x66, 0x31, 0x86, 0x31, 0x86, 0x31, 0xa7, 0x31, 0xa7, 0x39, 0xc7, 0x39,
    0xc7, 0x39, 0xc7, 0x39, 0xc8, 0x39, 0xc7, 0x39, 0xc7, 0x39, 0xc7, 0x39,
    0xc7, 0x39, 0xc7, 0x31, 0xa7, 0x39, 0xa7, 0x31, 0xa7, 0x31, 0xa7, 0x39,
    0xa7, 0x39, 0xa7, 0x31, 0xa7, 0x31, 0xa7, 0x31, 0xa6, 0x31, 0x86, 0x31,
    0x66, 0x29, 0x45, 0x29, 0x45, 0x29, 0x25, 0x29, 0x25, 0x21, 0x24, 0x21,
    0x25, 0x21, 0x25, 0x21, 0x04, 0x21, 0x25, 0x21, 0x04, 0x21, 0x24, 0x21,
    0x25, 0x21, 0x25, 0x29, 0x05, 0x21, 0x04, 0x21, 0x24, 0x21, 0x04, 0x21,
    0x05, 0x29, 0x05, 0x21, 0x25, 0x21, 0x25, 0x21, 0x25, 0x21, 0x24, 0x29,
    0x51, 0x8c, 0x51, 0x8c, 0x52, 0x8c, 0x72, 0x8c, 0x72, 0x8c, 0x72, 0x8c,
    0x92, 0x94, 0x93, 0x94, 0xb3, 0x94, 0x93, 0x94, 0x93, 0x94, 0x93, 0x94,
    0x93, 0x94, 0x93, 0x94, 0xb3, 0x94, 0xd3, 0x9c, 0xf4, 0x9c, 0xf4, 0xa4,
    0x14, 0xa5, 0x15, 0xa5, 0x35, 0xa5, 0x35, 0xa5, 0x35, 0xa5, 0x35, 0xad,
    0x35, 0xad, 0x35, 0xad, 0x34, 0xad, 0x15, 0xa5, 0x14, 0xa5, 0x14, 0xa5,
    0x14, 0xa5, 0x14, 0xad, 0x15, 0xad, 0x15, 0xa5, 0x14, 0xad, 0x14, 0xad,
    0x34, 0xa5, 0x35, 0xad, 0x14, 0xa5, 0x14, 0xa5, 0x14, 0xa5, 0xf4, 0x9c,
    0xf4, 0xa4, 0x15, 0xa5, 0x35, 0xa5, 0x55, 0xad, 0x56, 0xad, 0x35, 0xa5,
    0xf4, 0x9c, 0xb3, 0x94, 0x52, 0x84, 0x31, 0x84, 0x51, 0x84, 0x72, 0x8c,
    0x93, 0x94, 0xb3, 0x94, 0xd4, 0x9c, 0xf4, 0x9c, 0x14, 0xa5, 0x35, 0xa5,
    0x55, 0xad, 0x56, 0xad, 0x76, 0xad, 0x76, 0xad, 0x76, 0xad, 0x76, 0xad,
    0x76, 0xad, 0x96, 0xb5, 0x97, 0xb5, 0x97, 0xb5, 0x96, 0xb5, 0x76, 0xad,
    0x76, 0xad, 0x56, 0xad, 0x55, 0xa5, 0x35, 0xa5, 0x35, 0xa5, 0x35, 0xa5,
    0x55, 0xa5, 0x35, 0xad, 0x55, 0xad, 0x35, 0xa5, 0x35, 0xa5, 0x14, 0xa5,
    0x14, 0xa5, 0xf4, 0x9c, 0xf4, 0x9c, 0xd4, 0x9c, 0xd3, 0x9c, 0xb3, 0x9c,
    0xb3, 0x94, 0xb2, 0x94, 0x92, 0x94, 0x31, 0x84, 0x10, 0x84, 0xf0, 0x7b,
    0x10, 0x84, 0x11, 0x84, 0x11, 0x84, 0x10, 0x84, 0xf0, 0x7b, 0xcf, 0x7b,
    0xcf, 0x7b, 0xaf, 0x73, 0x8e, 0x6b, 0x6e, 0x6b, 0x4e, 0x6b, 0x4d, 0x6b,
    0x2d, 0x63, 0x2d, 0x63, 0x0c, 0x63, 0x0c, 0x5b, 0xec, 0x5a, 0xab, 0x52,
    0x8a, 0x52, 0x8a, 0x4a, 0x6a, 0x4a, 0x49, 0x4a, 0x49, 0x4a, 0x49, 0x4a,
    0x29, 0x42, 0xe8, 0x39, 0xc7, 0x39, 0xa7, 0x31, 0x86, 0x31, 0x66, 0x29,
    0x66, 0x29, 0x45, 0x29, 0x45, 0x29, 0x66, 0x29, 0x66, 0x29, 0x86, 0x31,
    0x86, 0x31, 0xa7, 0x31, 0xc7, 0x39, 0xc7, 0x39, 0xc7, 0x39, 0xc8, 0x39,
    0xc7, 0x39, 0xe7, 0x39, 0xe7, 0x39, 0xc8, 0x39, 0xc7, 0x39, 0xc7, 0x39,
    0xc7, 0x39, 0xa7, 0x31, 0xa7, 0x31, 0xa7, 0x39, 0xa7, 0x31, 0xa6, 0x31,
    0xa6, 0x31, 0x86, 0x31, 0x86, 0x31, 0x86, 0x31, 0x66, 0x29, 0x65, 0x29,
    0x45, 0x29, 0x25, 0x29, 0x25, 0x21, 0x24, 0x21, 0x24, 0x21, 0x05, 0x21,
    0x25, 0x21, 0x24, 0x21, 0x25, 0x21, 0x04, 0x21, 0x05, 0x29, 0x04, 0x21,
    0x04, 0x21, 0x04, 0x21, 0x24, 0x21, 0x05, 0x21, 0x05, 0x21, 0x04, 0x21,
    0x24, 0x21, 0x25, 0x21, 0x24, 0x21, 0x24, 0x21, 0x05, 0x21, 0x25, 0x21,
    0x92, 0x94, 0xb3, 0x94, 0xb3, 0x9c, 0xd3, 0x9c, 0xd3, 0x9c, 0xd4, 0x9c,
    0xf4, 0x9c, 0xd3, 0x9c, 0xb3, 0x94, 0x92, 0x94, 0x92, 0x94, 0x72, 0x8c,
    0x72, 0x8c, 0x92, 0x94, 0x93, 0x94, 0xb3, 0x94, 0xd3, 0x9c, 0xf4, 0x9c,
    0x14, 0xa5, 0x15, 0xa5, 0x35, 0xa5, 0x35, 0xad, 0x35, 0xa5, 0x34, 0xad,
    0x35, 0xad, 0x35, 0xa5, 0x14, 0xa5, 0x34, 0xad, 0x14, 0xa5, 0x15, 0xa5,
    0x15, 0xad, 0x15, 0xa5, 0x14, 0xa5, 0x34, 0xad, 0x35, 0xa5, 0x14, 0xa5,
    0x15, 0xad, 0x35, 0xa5, 0x14, 0xa5, 0x14, 0xa5, 0x15, 0xa5, 0x15, 0xa5,
    0x14, 0xa5, 0x14, 0xa5, 0x14, 0xa5, 0x35, 0xa5, 0x56, 0xa5, 0x55, 0xad,
    0x55, 0xad, 0x35, 0xa5, 0xf4, 0x9c, 0x93, 0x94, 0xb3, 0x94, 0xb3, 0x94,
    0xd3, 0x94, 0xf4, 0x9c, 0xf4, 0x9c, 0x15, 0xa5, 0x35, 0xa5, 0x55, 0xad,
    0x56, 0xad, 0x76, 0xad, 0x76, 0xad, 0x76, 0xad, 0x96, 0xb5, 0x96, 0xb5,
    0x96, 0xb5, 0x96, 0xb5, 0x96, 0xad, 0x96, 0xad, 0x96, 0xb5, 0x77, 0xad,
    0x96, 0xad, 0x76, 0xad, 0x76, 0xad, 0x56, 0xad, 0x55, 0xad, 0x56, 0xad,
    0x56, 0xad, 0x35, 0xad, 0x35, 0xa5, 0x35, 0xa5, 0x15, 0xa5, 0x14, 0xa5,
    0xf4, 0x9c, 0xd4, 0x9c, 0xd3, 0x9c, 0xd3, 0x9c, 0xb3, 0x94, 0xb3, 0x94,
    0x93, 0x94, 0x92, 0x94, 0x72, 0x8c, 0x31, 0x84, 0xd0, 0x7b, 0x8f, 0x73,
    0x8e, 0x73, 0x8e, 0x73, 0xaf, 0x73, 0xcf, 0x7b, 0xcf, 0x7b, 0xaf, 0x73,
    0x8e, 0x73, 0x8e, 0x6b, 0x6e, 0x6b, 0x4d, 0x6b, 0x4d, 0x63, 0x2d, 0x63,
    0x0c, 0x63, 0xec, 0x62, 0xec, 0x5a, 0xec, 0x5a, 0xcb, 0x5a, 0xaa, 0x52,
    0x6a, 0x4a, 0x49, 0x4a, 0x29, 0x42, 0xe8, 0x41, 0xe8, 0x41, 0x08, 0x42,
    0xe8, 0x39, 0xa7, 0x31, 0x86, 0x31, 0x66, 0x29, 0x45, 0x29, 0x45, 0x29,
    0x45, 0x29, 0x65, 0x29, 0x66, 0x29, 0x86, 0x31, 0x86, 0x31, 0xa7, 0x31,
    0xa7, 0x39, 0xc7, 0x39, 0xc7, 0x39, 0xc7, 0x39, 0xe8, 0x39, 0xe7, 0x39,
    0xc8, 0x39, 0xe8, 0x39, 0xe8, 0x39, 0xc7, 0x39, 0xc8, 0x39, 0xc8, 0x39,
    0xc7, 0x39, 0xc7, 0x39, 0xc7, 0x39, 0xa7, 0x31, 0xa7, 0x31, 0x86, 0x31,
    0x86, 0x31, 0x66, 0x29, 0x66, 0x29, 0x45, 0x29, 0x45, 0x29, 0x25, 0x29,
    0x25, 0x21, 0x25, 0x21, 0x24, 0x21, 0x05, 0x21, 0x25, 0x21, 0x24, 0x21,
    0x24, 0x29, 0x04, 0x29, 0x04, 0x21, 0x25, 0x21, 0x04, 0x21, 0x25, 0x21,
    0x25, 0x21, 0x25, 0x21, 0x25, 0x21, 0x24, 0x21, 0x25, 0x21, 0x25, 0x29,
    0x25, 0x21, 0x24, 0x21, 0x25, 0x21, 0x25, 0x29, 0x24, 0x29, 0x24, 0x21,
    0xb3, 0x94, 0xd4, 0x9c, 0xf4, 0xa4, 0x14, 0x9d, 0xf4, 0x9c, 0xf4, 0xa4,
    0xf4, 0xa4, 0xd3, 0x9c, 0xb3, 0x9c, 0x93, 0x94, 0x72, 0x94, 0x72, 0x8c,
    0x52, 0x8c, 0x72, 0x8c, 0x92, 0x94, 0xb3, 0x94, 0xd4, 0x9c, 0xf4, 0xa4,
    0x14, 0xa5, 0x35, 0xa5, 0x35, 0xa5, 0x35, 0xa5, 0x14, 0xad, 0x35, 0xa5,
    0x34, 0xa5, 0x15, 0xa5, 0x34, 0xa5, 0x14, 0xad, 0x15, 0xad, 0x14, 0xad,
    0x34, 0xad, 0x34, 0xad, 0x15, 0xa5, 0x14, 0xa5, 0x14, 0xad, 0x35, 0xa5,
    0x35, 0xad, 0x35, 0xad, 0x14, 0xa5, 0x15, 0xa5, 0x35, 0xa5, 0x35, 0xa5,
    0x35, 0xa5, 0x35, 0xa5, 0x35, 0xad, 0x55, 0xad, 0x56, 0xad, 0x55, 0xad,
    0x55, 0xad, 0x56, 0xad, 0x55, 0xad, 0x55, 0xa5, 0x35, 0xa5, 0x15, 0xa5,
    0x15, 0x9d, 0x35, 0xa5, 0x35, 0xa5, 0x35, 0xad, 0x55, 0xad, 0x76, 0xad,
    0x76, 0xad, 0x76, 0xad, 0x76, 0xb5, 0x96, 0xb5, 0x96, 0xb5, 0xb7, 0xb5,
    0xb7, 0xb5, 0xb7, 0xb5, 0xb7, 0xb5, 0x96, 0xad, 0x96, 0xad, 0x76, 0xad,
    0x76, 0xad, 0x76, 0xad, 0x76, 0xad, 0x76, 0xad, 0x76, 0xad, 0x55, 0xad,
    0x55, 0xad, 0x55, 0xa5, 0x35, 0xa5, 0x35, 0xa5, 0x14, 0xa5, 0xf4, 0x9c,
    0xf4, 0x9c, 0xd3, 0x9c, 0xb3, 0x94, 0xb3, 0x94, 0x93, 0x94, 0x92, 0x94,
    0x72, 0x8c, 0x52, 0x8c, 0x10, 0x84, 0xcf, 0x7b, 0x8f, 0x73, 0x8f, 0x73,
    0x6e, 0x6b, 0x4d, 0x63, 0x2d, 0x63, 0x6e, 0x6b, 0x6e, 0x6b, 0x8e, 0x6b,
    0x6e, 0x6b, 0x4d, 0x6b, 0x4d, 0x6b, 0x2d, 0x63, 0x0c, 0x63, 0x0c, 0x5b,
    0xec, 0x5a, 0xec, 0x5a, 0xcc, 0x5a, 0xcb, 0x5a, 0xab, 0x52, 0x8a, 0x52,
    0x49, 0x4a, 0x28, 0x42, 0xe8, 0x39, 0xa7, 0x31, 0xa6, 0x31, 0xa7, 0x31,
    0x86, 0x31, 0x66, 0x29, 0x45, 0x29, 0x45, 0x29, 0x45, 0x29, 0x66, 0x29,
    0x66, 0x31, 0x86, 0x31, 0xa6, 0x31, 0xa7, 0x39, 0xa7, 0x39, 0xc7, 0x39,
    0xc7, 0x39, 0xc7, 0x39, 0xc8, 0x39, 0xc8, 0x41, 0xe7, 0x39, 0xe7, 0x39,
    0xc8, 0x39, 0xc7, 0x39, 0xc8, 0x39, 0xe8, 0x41, 0xe7, 0x39, 0xc7, 0x39,
    0xc7, 0x39, 0xc7, 0x39, 0xa7, 0x31, 0x86, 0x31, 0x86, 0x31, 0x86, 0x29,
    0x66, 0x29, 0x45, 0x29, 0x45, 0x29, 0x25, 0x29, 0x25, 0x21, 0x25, 0x21,
    0x24, 0x21, 0x25, 0x21, 0x24, 0x21, 0x24, 0x21, 0x25, 0x29, 0x25, 0x21,
    0x25, 0x21, 0x25, 0x21, 0x25, 0x21, 0x25, 0x21, 0x24, 0x21, 0x24, 0x21,
    0x25, 0x21, 0x24, 0x29, 0x24, 0x29, 0x04, 0x21, 0x24, 0x21, 0x24, 0x21,
    0x25, 0x21, 0x05, 0x21, 0x24, 0x21, 0x25, 0x29, 0x25, 0x21, 0x25, 0x29,
    0x93, 0x94, 0xd3, 0x9c, 0xf4, 0xa4, 0x14, 0xa5, 0xf4, 0x9c, 0xf4, 0x9c,
    0xf4, 0x9c, 0xf4, 0x9c, 0xd3, 0x9c, 0x93, 0x94, 0x72, 0x8c, 0x51, 0x8c,
    0x31, 0x84, 0x51, 0x8c, 0x72, 0x8c, 0xb3, 0x94, 0xf4, 0x9c, 0xf4, 0xa4,
    0xf4, 0xa4, 0x15, 0xa5, 0x15, 0xa5, 0x34, 0xa5, 0x35, 0xa5, 0x35, 0xad,
    0x15, 0xad, 0x14, 0xad, 0x34, 0xad, 0x15, 0xa5, 0x15, 0xa5, 0x14, 0xa5,
    0x14, 0xad, 0x14, 0xa5, 0x34, 0xad, 0x14, 0xad, 0x15, 0xa5, 0x14, 0xad,
    0x34, 0xa5, 0x35, 0xa5, 0x14, 0xa5, 0x14, 0xa5, 0x14, 0xa5, 0x14, 0xa5,
    0x35, 0xa5, 0x35, 0xa5, 0x55, 0xad, 0x56, 0xad, 0x56, 0xad, 0x55, 0xad,
    0x56, 0xa5, 0x56, 0xad, 0x55, 0xad, 0x55, 0xad, 0x56, 0xad, 0x55, 0xad,
    0x55, 0xad, 0x55, 0xad, 0x56, 0xad, 0x56, 0xad, 0x76, 0xad, 0x76, 0xad,
    0x76, 0xad, 0x96, 0xb5, 0x97, 0xb5, 0x96, 0xb5, 0x97, 0xb5, 0xb7, 0xb5,
    0xb7, 0xb5, 0x96, 0xb5, 0x97, 0xb5, 0xb7, 0xb5, 0x96, 0xb5, 0x96, 0xad,
    0x76, 0xad, 0x76, 0xad, 0x76, 0xad, 0x76, 0xad, 0x56, 0xad, 0x55, 0xad,
    0x35, 0xa5, 0x35, 0xa5, 0x15, 0xa5, 0x14, 0xa5, 0xf4, 0x9c, 0xd4, 0x9c,
    0xd3, 0x9c, 0xb3, 0x9c, 0xb3, 0x94, 0x92, 0x94, 0x92, 0x8c, 0x72, 0x8c,
    0x51, 0x8c, 0x51, 0x84, 0x11, 0x84, 0xd0, 0x7b, 0x6e, 0x6b, 0x4d, 0x6b,
    0x2d, 0x63, 0x2d, 0x63, 0x4d, 0x63, 0x4d, 0x6b, 0x4e, 0x6b, 0x4e, 0x6b,
    0x4d, 0x63, 0x2d, 0x63, 0x2d, 0x63, 0x0c, 0x63, 0xec, 0x5a, 0xec, 0x5a,
    0xeb, 0x5a, 0xcb, 0x5a, 0xab, 0x52, 0xab, 0x52, 0x6a, 0x4a, 0x49, 0x4a,
    0x29, 0x42, 0xe8, 0x39, 0xc8, 0x39, 0xa6, 0x31, 0x65, 0x29, 0x66, 0x29,
    0x46, 0x29, 0x45, 0x29, 0x66, 0x29, 0x66, 0x29, 0x86, 0x31, 0x86, 0x31,
    0x86, 0x31, 0xa7, 0x31, 0xa7, 0x39, 0xc7, 0x39, 0xc8, 0x39, 0xe8, 0x39,
    0xe8, 0x39, 0xe8, 0x41, 0xe8, 0x39, 0xe7, 0x39, 0xe8, 0x41, 0xe8, 0x39,
    0xe7, 0x41, 0xe7, 0x39, 0xe7, 0x39, 0xc7, 0x39, 0xc7, 0x39, 0xc7, 0x39,
    0xa7, 0x31, 0xa7, 0x31, 0x86, 0x31, 0x86, 0x31, 0x66, 0x29, 0x46, 0x29,
    0x45, 0x29, 0x25, 0x21, 0x25, 0x29, 0x25, 0x21, 0x45, 0x21, 0x25, 0x21,
    0x24, 0x21, 0x25, 0x29, 0x25, 0x21, 0x24, 0x21, 0x25, 0x29, 0x25, 0x21,
    0x25, 0x21, 0x25, 0x21, 0x24, 0x29, 0x24, 0x21, 0x25, 0x21, 0x25, 0x29,
    0x24, 0x21, 0x04, 0x21, 0x25, 0x21, 0x25, 0x21, 0x25, 0x21, 0x04, 0x21,
    0x24, 0x21, 0x24, 0x21, 0x25, 0x29, 0x25, 0x29, 0x25, 0x21, 0x24, 0x21,
    0x92, 0x94, 0xd3, 0x9c, 0xf4, 0x9c, 0xf4, 0xa4, 0xf4, 0xa4, 0xf4, 0x9c,
    0xd4, 0x9c, 0xd3, 0x9c, 0xd3, 0x9c, 0xb3, 0x94, 0x92, 0x94, 0x72, 0x8c,
    0x51, 0x8c, 0x51, 0x8c, 0x72, 0x8c, 0x93, 0x94, 0x93, 0x94, 0xb3, 0x94,
    0xd3, 0x9c, 0x14, 0xa5, 0x35, 0xa5, 0x35, 0xa5, 0x35, 0xad, 0x15, 0xa5,
    0x14, 0xa5, 0x35, 0xa5, 0x14, 0xad, 0x14, 0xad, 0x14, 0xa5, 0x35, 0xad,
    0x15, 0xa5, 0x15, 0xa5, 0x14, 0xad, 0x35, 0xa5, 0x14, 0xad, 0x14, 0xa5,
    0x35, 0xad, 0x35, 0xad, 0x14, 0xa5, 0x14, 0xa5, 0xd4, 0x9c, 0xd4, 0x9c,
    0xd3, 0x9c, 0xf4, 0x9c, 0x15, 0xa5, 0x35, 0xa5, 0x56, 0xad, 0x55, 0xad,
    0x56, 0xad, 0x56, 0xa5, 0x55, 0xad, 0x56, 0xa5, 0x56, 0xad, 0x55, 0xad,
    0x55, 0xad, 0x56, 0xad, 0x76, 0xad, 0x76, 0xad, 0x76, 0xad, 0x76, 0xb5,
    0x97, 0xb5, 0x97, 0xb5, 0x96, 0xb5, 0x96, 0xb5, 0x97, 0xb5, 0x97, 0xb5,
    0x96, 0xb5, 0x97, 0xb5, 0x97, 0xb5, 0x96, 0xb5, 0x96, 0xb5, 0x97, 0xb5,
    0x76, 0xb5, 0x76, 0xad, 0x76, 0xad, 0x76, 0xad, 0x56, 0xad, 0x55, 0xad,
    0x35, 0xa5, 0x15, 0xa5, 0x14, 0xa5, 0xf4, 0x9c, 0xd4, 0x9c, 0xb3, 0x94,
    0xb3, 0x94, 0x93, 0x94, 0x92, 0x94, 0x72, 0x8c, 0x52, 0x8c, 0x51, 0x8c,
    0x31, 0x84, 0x11, 0x84, 0x10, 0x84, 0xf0, 0x7b, 0xaf, 0x73, 0x6e, 0x6b,
    0x4d, 0x6b, 0x0d, 0x63, 0x2d, 0x63, 0x4d, 0x63, 0x4d, 0x6b, 0x2d, 0x63,
    0x2d, 0x63, 0x0c, 0x63, 0x0c, 0x63, 0xec, 0x5a, 0xec, 0x5a, 0xcb, 0x5a,
    0xab, 0x52, 0xaa, 0x52, 0x8a, 0x4a, 0x49, 0x4a, 0x29, 0x42, 0xe8, 0x41,
    0xc7, 0x39, 0xc7, 0x31, 0xa6, 0x31, 0x66, 0x31, 0x45, 0x29, 0x66, 0x29,
    0x66, 0x31, 0x86, 0x31, 0x86, 0x31, 0x86, 0x31, 0xa6, 0x31, 0xa7, 0x31,
    0xa7, 0x39, 0xc7, 0x39, 0xe7, 0x39, 0xe8, 0x41, 0xe7, 0x39, 0xe7, 0x39,
    0xe8, 0x41, 0xc7, 0x39, 0xe7, 0x39, 0xe8, 0x39, 0xe8, 0x39, 0xe8, 0x39,
    0xe8, 0x39, 0xe8, 0x39, 0xc8, 0x39, 0xc7, 0x39, 0xa7, 0x39, 0xa7, 0x31,
    0x86, 0x31, 0x86, 0x31, 0x66, 0x29, 0x66, 0x29, 0x45, 0x29, 0x45, 0x29,
    0x25, 0x29, 0x45, 0x21, 0x25, 0x21, 0x25, 0x29, 0x25, 0x21, 0x25, 0x29,
    0x25, 0x29, 0x24, 0x21, 0x24, 0x21, 0x25, 0x21, 0x24, 0x21, 0x24, 0x21,
    0x24, 0x29, 0x24, 0x21, 0x25, 0x21, 0x25, 0x29, 0x24, 0x21, 0x25, 0x21,
    0x25, 0x29, 0x25, 0x21, 0x25, 0x21, 0x25, 0x21, 0x25, 0x29, 0x25, 0x21,
    0x04, 0x21, 0x25, 0x29, 0x25, 0x21, 0x25, 0x21, 0x25, 0x21, 0x24, 0x21,
    0xb3, 0x94, 0xb3, 0x94, 0xd3, 0x9c, 0xf4, 0x9c, 0xf4, 0xa4, 0xd3, 0x9c,
    0xd4, 0x9c, 0xd3, 0x9c, 0xd4, 0x9c, 0xb3, 0x9c, 0x93, 0x94, 0x92, 0x94,
    0x92, 0x94, 0x92, 0x94, 0x93, 0x94, 0x92, 0x94, 0x92, 0x94, 0x93, 0x94,
    0x72, 0x8c, 0x93, 0x94, 0xd3, 0x9c, 0x14, 0xa5, 0x14, 0xa5, 0x35, 0xa5,
    0x14, 0xa5, 0x35, 0xad, 0x15, 0xa5, 0x14, 0xa5, 0x34, 0xad, 0x14, 0xad,
    0x34, 0xad, 0x14, 0xa5, 0x15, 0xa5, 0x14, 0xad, 0x14, 0xa5, 0x35, 0xad,
    0x35, 0xa5, 0x14, 0xa5, 0x35, 0xad, 0x34, 0xa5, 0x14, 0xa5, 0xf4, 0x9c,
    0xd4, 0x9c, 0xd3, 0x9c, 0xf4, 0x9c, 0x14, 0xa5, 0x35, 0xa5, 0x55, 0xad,
    0x56, 0xad, 0x55, 0xad, 0x55, 0xad, 0x56, 0xad, 0x55, 0xad, 0x56, 0xad,
    0x76, 0xad, 0x76, 0xad, 0x76, 0xad, 0x96, 0xb5, 0x96, 0xb5, 0x97, 0xb5,
    0x96, 0xb5, 0x96, 0xb5, 0x97, 0xb5, 0x97, 0xb5, 0x97, 0xb5, 0x96, 0xb5,
    0x97, 0xb5, 0x96, 0xad, 0x96, 0xb5, 0x96, 0xb5, 0x96, 0xad, 0x76, 0xb5,
    0x76, 0xad, 0x76, 0xad, 0x76, 0xad, 0x55, 0xad, 0x35, 0xad, 0x35, 0xa5,
    0x35, 0xa5, 0x14, 0xa5, 0xf4, 0x9c, 0xd4, 0x9c, 0xd3, 0x9c, 0xb3, 0x94,
    0x92, 0x94, 0x72, 0x8c, 0x72, 0x8c, 0x51, 0x8c, 0x31, 0x84, 0x11, 0x84,
    0x10, 0x84, 0xf0, 0x7b, 0xcf, 0x7b, 0xcf, 0x73, 0xaf, 0x73, 0x8e, 0x73,
    0x6e, 0x6b, 0x4d, 0x6b, 0x0d, 0x63, 0x0c, 0x63, 0x2d, 0x63, 0x0c, 0x63,
    0x0c, 0x63, 0xec, 0x5a, 0xec, 0x5a, 0xcb, 0x5a, 0xab, 0x52, 0xaa, 0x52,
    0x6a, 0x52, 0x4a, 0x4a, 0x29, 0x42, 0x08, 0x42, 0xe8, 0x39, 0xc7, 0x31,
    0xa6, 0x31, 0x86, 0x31, 0x66, 0x29, 0x66, 0x29, 0x66, 0x29, 0x86, 0x31,
    0x86, 0x31, 0xa6, 0x31, 0xa7, 0x31, 0xa7, 0x39, 0xa7, 0x39, 0xc7, 0x39,
    0xc7, 0x39, 0xe8, 0x39, 0xe7, 0x39, 0xc8, 0x39, 0xc8, 0x39, 0xe7, 0x39,
    0xe7, 0x39, 0xe7, 0x39, 0xe8, 0x39, 0xc8, 0x41, 0xc7, 0x39, 0xc7, 0x39,
    0xc7, 0x39, 0xc7, 0x39, 0xa7, 0x39, 0xa7, 0x31, 0x86, 0x31, 0x86, 0x31,
    0x66, 0x31, 0x66, 0x29, 0x46, 0x29, 0x45, 0x29, 0x45, 0x29, 0x45, 0x21,
    0x45, 0x29, 0x25, 0x29, 0x25, 0x21, 0x45, 0x21, 0x25, 0x29, 0x25, 0x21,
    0x45, 0x21, 0x25, 0x21, 0x25, 0x29, 0x25, 0x29, 0x25, 0x21, 0x25, 0x29,
    0x25, 0x21, 0x25, 0x21, 0x25, 0x21, 0x25, 0x21, 0x25, 0x21, 0x24, 0x29,
    0x25, 0x21, 0x24, 0x21, 0x25, 0x29, 0x24, 0x21, 0x24, 0x21, 0x25, 0x29,
    0x25, 0x21, 0x24, 0x21, 0x24, 0x21, 0x24, 0x21, 0x24, 0x29, 0x25, 0x21,
    0xd4, 0x9c, 0xd3, 0x9c, 0xd3, 0x9c, 0xd4, 0x9c, 0xf4, 0x9c, 0xd4, 0x9c,
    0xd3, 0x9c, 0xd3, 0x9c, 0xd3, 0x9c, 0xb3, 0x94, 0xb3, 0x94, 0xb3, 0x94,
    0x92, 0x94, 0xb3, 0x94, 0xb3, 0x94, 0x92, 0x94, 0xb3, 0x9c, 0xd3, 0x9c,
    0xb3, 0x94, 0xb3, 0x94, 0xb3, 0x94, 0xb3, 0x9c, 0xf4, 0x9c, 0x14, 0xa5,
    0x34, 0xad, 0x14, 0xad, 0x14, 0xa5, 0x14, 0xa5, 0x14, 0xad, 0x15, 0xa5,
    0x14, 0xa5, 0x14, 0xad, 0x34, 0xad, 0x14, 0xa5, 0x15, 0xad, 0x14, 0xad,
    0x34, 0xa5, 0x35, 0xad, 0x35, 0xa5, 0x35, 0xad, 0x35, 0xad, 0x35, 0xa5,
    0x35, 0xa5, 0x15, 0xa5, 0x14, 0xa5, 0x35, 0xa5, 0x55, 0xa5, 0x56, 0xad,
    0x55, 0xad, 0x55, 0xad, 0x55, 0xad, 0x56, 0xad, 0x76, 0xad, 0x76, 0xad,
    0x76, 0xad, 0x76, 0xad, 0x96, 0xb5, 0x76, 0xad, 0x76, 0xad, 0x76, 0xad,
    0x76, 0xad, 0x96, 0xb5, 0x96, 0xad, 0x96, 0xb5, 0x96, 0xb5, 0x96, 0xb5,
    0x96, 0xad, 0x96, 0xb5, 0x96, 0xb5, 0x76, 0xb5, 0x76, 0xad, 0x76, 0xad,
    0x76, 0xad, 0x56, 0xad, 0x55, 0xad, 0x35, 0xa5, 0x35, 0xa5, 0x15, 0xa5,
    0x14, 0xa5, 0xf4, 0x9c, 0xd3, 0x9c, 0xb3, 0x94, 0xb3, 0x94, 0x92, 0x94,
    0x72, 0x8c, 0x52, 0x8c, 0x51, 0x8c, 0x31, 0x84, 0x10, 0x84, 0xf0, 0x7b,
    0xd0, 0x7b, 0xcf, 0x7b, 0xaf, 0x73, 0x8f, 0x73, 0x8e, 0x6b, 0x6e, 0x6b,
    0x4d, 0x6b, 0x4d, 0x63, 0x2d, 0x63, 0x0c, 0x63, 0x0c, 0x5b, 0xec, 0x5a,
    0xec, 0x5a, 0xcb, 0x5a, 0xab, 0x52, 0xab, 0x52, 0x8a, 0x52, 0x4a, 0x4a,
    0x49, 0x42, 0x08, 0x42, 0xe8, 0x39, 0xc7, 0x39, 0x86, 0x31, 0x66, 0x31,
    0x66, 0x29, 0x66, 0x29, 0x86, 0x31, 0x86, 0x31, 0xa6, 0x31, 0xa7, 0x31,
    0xa7, 0x39, 0xc7, 0x39, 0xc7, 0x39, 0xc7, 0x39, 0xc7, 0x39, 0xc7, 0x39,
    0xc7, 0x39, 0xe8, 0x41, 0xc8, 0x39, 0xc7, 0x39, 0xe7, 0x41, 0xe8, 0x39,
    0xe8, 0x41, 0xe8, 0x39, 0xe8, 0x41, 0xe8, 0x39, 0xc7, 0x39, 0xc7, 0x39,
    0xa7, 0x39, 0xa7, 0x31, 0x86, 0x31, 0x86, 0x31, 0x66, 0x29, 0x66, 0x29,
    0x45, 0x29, 0x45, 0x29, 0x45, 0x29, 0x45, 0x29, 0x45, 0x29, 0x45, 0x21,
    0x45, 0x29, 0x25, 0x29, 0x45, 0x29, 0x45, 0x21, 0x25, 0x21, 0x25, 0x29,
    0x25, 0x21, 0x25, 0x21, 0x24, 0x21, 0x25, 0x29, 0x25, 0x21, 0x25, 0x21,
    0x25, 0x21, 0x25, 0x29, 0x24, 0x29, 0x24, 0x21, 0x25, 0x21, 0x25, 0x21,
    0x24, 0x21, 0x24, 0x21, 0x25, 0x21, 0x24, 0x21, 0x25, 0x21, 0x24, 0x21,
    0x25, 0x29, 0x05, 0x21, 0x25, 0x21, 0x25, 0x29, 0x05, 0x21, 0x25, 0x21,
    0x14, 0xa5, 0xf4, 0xa4, 0xf4, 0x9c, 0xf4, 0x9c, 0xf4, 0x9c, 0xf4, 0x9c,
    0xd3, 0x9c, 0xd3, 0x9c, 0xb3, 0x9c, 0xb3, 0x9c, 0xb3, 0x94, 0x92, 0x94,
    0x92, 0x94, 0xb3, 0x9c, 0xb3, 0x9c, 0xb3, 0x94, 0xb3, 0x9c, 0xd3, 0x9c,
    0xb3, 0x9c, 0xd3, 0x9c, 0xd3, 0x9c, 0xf4, 0x9c, 0x14, 0xa5, 0x15, 0xa5,
    0x15, 0xa5, 0x14, 0xa5, 0x14, 0xad, 0x14, 0xad, 0x15, 0xa5, 0x14, 0xad,
    0x14, 0xa5, 0x35, 0xad, 0x15, 0xad, 0x14, 0xa5, 0x14, 0xa5, 0x35, 0xa5,
    0x35, 0xad, 0x35, 0xa5, 0x35, 0xad, 0x35, 0xa5, 0x35, 0xa5, 0x55, 0xad,
    0x56, 0xad, 0x55, 0xad, 0x35, 0xa5, 0x56, 0xad, 0x56, 0xad, 0x55, 0xad,
    0x56, 0xad, 0x56, 0xad, 0x76, 0xad, 0x76, 0xad, 0x76, 0xad, 0x76, 0xad,
    0x96, 0xad, 0x96, 0xb5, 0x76, 0xad, 0x76, 0xad, 0x76, 0xad, 0x56, 0xad,
    0x56, 0xad, 0x56, 0xad, 0x76, 0xad, 0x76, 0xad, 0x76, 0xad, 0x96, 0xb5,
    0x76, 0xb5, 0x76, 0xb5, 0x76, 0xad, 0x76, 0xad, 0x76, 0xad, 0x76, 0xad,
    0x56, 0xad, 0x55, 0xad, 0x35, 0xad, 0x35, 0xa5, 0x14, 0xa5, 0xf4, 0x9c,
    0xf4, 0x9c, 0xd4, 0x9c, 0xb3, 0x94, 0xb3, 0x94, 0x92, 0x94, 0x72, 0x8c,
    0x51, 0x8c, 0x31, 0x84, 0x31, 0x84, 0x10, 0x7c, 0xf0, 0x7b, 0xcf, 0x7b,
    0xaf, 0x73, 0xaf, 0x73, 0x8e, 0x6b, 0x6e, 0x6b, 0x4d, 0x6b, 0x4d, 0x6b,
    0x2d, 0x63, 0x0d, 0x63, 0x0c, 0x63, 0x0c, 0x5b, 0xec, 0x5a, 0xcb, 0x5a,
    0xcb, 0x5a, 0xab, 0x52, 0x8a, 0x52, 0x69, 0x4a, 0x29, 0x42, 0x08, 0x42,
    0xe8, 0x39, 0xc7, 0x39, 0xa7, 0x31, 0x86, 0x31, 0x66, 0x29, 0x66, 0x29,
    0x86, 0x31, 0x86, 0x31, 0xa7, 0x31, 0xa7, 0x39, 0xc7, 0x39, 0xc7, 0x39,
    0xc7, 0x39, 0xe7, 0x39, 0xe8, 0x39, 0xe7, 0x39, 0xe8, 0x41, 0xe8, 0x39,
    0xe8, 0x39, 0xe8, 0x39, 0xc7, 0x39, 0xe7, 0x41, 0xe8, 0x39, 0xc7, 0x39,
    0xc8, 0x39, 0xc7, 0x39, 0xc7, 0x39, 0xc7, 0x39, 0xa7, 0x39, 0xa6, 0x31,
    0x86, 0x31, 0x86, 0x31, 0x66, 0x31, 0x66, 0x29, 0x45, 0x29, 0x45, 0x29,
    0x45, 0x29, 0x45, 0x29, 0x45, 0x29, 0x45, 0x21, 0x46, 0x21, 0x45, 0x29,
    0x25, 0x21, 0x25, 0x21, 0x45, 0x29, 0x45, 0x29, 0x25, 0x29, 0x45, 0x21,
    0x25, 0x29, 0x45, 0x29, 0x25, 0x21, 0x24, 0x21, 0x45, 0x21, 0x24, 0x29,
    0x24, 0x29, 0x25, 0x21, 0x25, 0x21, 0x24, 0x21, 0x24, 0x29, 0x25, 0x29,
    0x25, 0x21, 0x25, 0x29, 0x25, 0x21, 0x25, 0x29, 0x25, 0x29, 0x25, 0x21,
    0x24, 0x21, 0x25, 0x29, 0x25, 0x21, 0x25, 0x21, 0x24, 0x21, 0x24, 0x21,
    0x34, 0xa5, 0x14, 0xa5, 0xf4, 0x9c, 0xf4, 0x9c, 0xf4, 0xa4, 0xd3, 0xa4,
    0xd3, 0x9c, 0xd3, 0x9c, 0xb3, 0x9c, 0xb2, 0x9c, 0x92, 0x9c, 0x91, 0x9c,
    0x91, 0x9c, 0x91, 0x9c, 0xb2, 0x9c, 0x92, 0x9c, 0xb2, 0x94, 0xb3, 0x9c,
    0xb3, 0x9c, 0xb3, 0x94, 0xd4, 0x9c, 0x14, 0xa5, 0x15, 0xa5, 0x14, 0xa5,
    0x14, 0xa5, 0x15, 0xad, 0x14, 0xa5, 0x14, 0xa5, 0x15, 0xa5, 0x14, 0xad,
    0x14, 0xad, 0x14, 0xa5, 0x14, 0xa5, 0x15, 0xad, 0x34, 0xad, 0x14, 0xad,
    0x35, 0xa5, 0x35, 0xad, 0x35, 0xa5, 0x55, 0xad, 0x55, 0xad, 0x55, 0xad,
    0x55, 0xad, 0x56, 0xad, 0x55, 0xa5, 0x55, 0xad, 0x55, 0xad, 0x55, 0xad,
    0x56, 0xad, 0x76, 0xad, 0x76, 0xad, 0x96, 0xad, 0x76, 0xb5, 0x96, 0xb5,
    0x96, 0xb5, 0x97, 0xb5, 0x97, 0xb5, 0x96, 0xb5, 0x96, 0xad, 0x76, 0xad,
    0x56, 0xad, 0x56, 0xa5, 0x55, 0xad, 0x56, 0xad, 0x76, 0xad, 0x76, 0xad,
    0x76, 0xad, 0x76, 0xad, 0x76, 0xad, 0x56, 0xad, 0x56, 0xad, 0x55, 0xad,
    0x55, 0xad, 0x35, 0xa5, 0x35, 0xa5, 0x15, 0xa5, 0x14, 0xa5, 0xf4, 0x9c,
    0xd3, 0x9c, 0xb3, 0x94, 0x93, 0x94, 0x72, 0x8c, 0x72, 0x8c, 0x51, 0x8c,
    0x31, 0x84, 0x11, 0x84, 0xf0, 0x7b, 0xd0, 0x7b, 0xcf, 0x73, 0xaf, 0x73,
    0x8e, 0x73, 0x6e, 0x6b, 0x4e, 0x6b, 0x4d, 0x6b, 0x2d, 0x63, 0x2d, 0x63,
    0x0d, 0x63, 0x0c, 0x63, 0xec, 0x5a, 0xec, 0x5a, 0xcb, 0x5a, 0xab, 0x52,
    0x8a, 0x52, 0x4a, 0x4a, 0x29, 0x42, 0x08, 0x42, 0xe8, 0x39, 0xc7, 0x39,
    0xa7, 0x31, 0x86, 0x31, 0x66, 0x29, 0x66, 0x29, 0x86, 0x31, 0xa7, 0x31,
    0xa7, 0x39, 0xc7, 0x39, 0xc7, 0x39, 0xc7, 0x39, 0xe8, 0x39, 0xe8, 0x39,
    0xe8, 0x41, 0xe8, 0x41, 0xe7, 0x39, 0xe8, 0x41, 0xe7, 0x39, 0xe7, 0x39,
    0xc8, 0x39, 0xc7, 0x41, 0xe7, 0x39, 0xe8, 0x39, 0xc8, 0x39, 0xc7, 0x39,
    0xc7, 0x39, 0xc7, 0x39, 0xc7, 0x39, 0xa7, 0x31, 0x86, 0x31, 0x66, 0x31,
    0x66, 0x29, 0x66, 0x29, 0x66, 0x29, 0x45, 0x29, 0x45, 0x29, 0x45, 0x29,
    0x46, 0x29, 0x46, 0x29, 0x65, 0x29, 0x45, 0x29, 0x45, 0x29, 0x45, 0x21,
    0x25, 0x29, 0x25, 0x29, 0x45, 0x21, 0x45, 0x29, 0x25, 0x29, 0x45, 0x29,
    0x45, 0x21, 0x25, 0x29, 0x25, 0x21, 0x25, 0x29, 0x25, 0x21, 0x25, 0x29,
    0x45, 0x21, 0x25, 0x21, 0x25, 0x21, 0x25, 0x21, 0x25, 0x21, 0x24, 0x21,
    0x25, 0x21, 0x25, 0x29, 0x24, 0x21, 0x24, 0x21, 0x25, 0x21, 0x25, 0x21,
    0x24, 0x21, 0x24, 0x21, 0x24, 0x21, 0x24, 0x21, 0x25, 0x29, 0x25, 0x21,
    0x35, 0xa5, 0x14, 0xa5, 0xf4, 0xa4, 0xf4, 0x9c, 0xd4, 0x9c, 0xd3, 0x9c,
    0xd3, 0x9c, 0xd3, 0x9c, 0xb2, 0x9c, 0xb2, 0xa4, 0x91, 0x9c, 0x91, 0xa4,
    0x90, 0xa4, 0x90, 0xa4, 0x91, 0xa4, 0x91, 0xa4, 0x91, 0x9c, 0x71, 0x94,
    0x71, 0x94, 0x92, 0x94, 0xd3, 0x9c, 0xf4, 0xa4, 0x14, 0xa5, 0x14, 0xa5,
    0x35, 0xa5, 0x35, 0xa5, 0x14, 0xa5, 0x14, 0xa5, 0x14, 0xad, 0x15, 0xa5,
    0x14, 0xa5, 0x14, 0xad, 0x14, 0xa5, 0x34, 0xa5, 0x35, 0xad, 0x35, 0xa5,
    0x35, 0xa5, 0x35, 0xad, 0x35, 0xad, 0x35, 0xad, 0x55, 0xad, 0x55, 0xa5,
    0x36, 0xa5, 0x55, 0xad, 0x55, 0xad, 0x56, 0xad, 0x56, 0xad, 0x56, 0xad,
    0x76, 0xad, 0x76, 0xad, 0x76, 0xad, 0x76, 0xb5, 0x96, 0xb5, 0x96, 0xb5,
    0x97, 0xad, 0x96, 0xad, 0x76, 0xad, 0x96, 0xad, 0x76, 0xad, 0x76, 0xad,
    0x76, 0xad, 0x76, 0xad, 0x76, 0xad, 0x76, 0xad, 0x76, 0xad, 0x76, 0xad,
    0x76, 0xad, 0x76, 0xad, 0x55, 0xad, 0x55, 0xad, 0x35, 0xad, 0x35, 0xa5,
    0x35, 0xa5, 0x14, 0xa5, 0x14, 0xa5, 0xf4, 0x9c, 0xd4, 0x9c, 0xd3, 0x9c,
    0xb3, 0x94, 0x92, 0x94, 0x72, 0x8c, 0x52, 0x8c, 0x31, 0x84, 0x31, 0x84,
    0x10, 0x84, 0xf0, 0x7b, 0xcf, 0x7b, 0xaf, 0x73, 0x8e, 0x73, 0x8e, 0x6b,
    0x6e, 0x6b, 0x4d, 0x6b, 0x2d, 0x63, 0x2d, 0x63, 0x2d, 0x63, 0x0c, 0x63,
    0x0c, 0x5b, 0xec, 0x5a, 0xcb, 0x5a, 0xab, 0x52, 0x8a, 0x52, 0x6a, 0x4a,
    0x49, 0x42, 0x08, 0x42, 0xe8, 0x39, 0xe8, 0x39, 0xc7, 0x39, 0xa7, 0x31,
    0x86, 0x31, 0x86, 0x29, 0x86, 0x31, 0xa7, 0x31, 0xa7, 0x31, 0xc7, 0x39,
    0xe7, 0x39, 0xe8, 0x39, 0xe8, 0x39, 0xe8, 0x39, 0xe8, 0x41, 0xe8, 0x39,
    0xe8, 0x41, 0xe8, 0x39, 0xe7, 0x39, 0xe8, 0x39, 0xe8, 0x41, 0xe7, 0x39,
    0xe7, 0x41, 0xc8, 0x39, 0xc7, 0x39, 0xc8, 0x39, 0xc7, 0x39, 0xc7, 0x39,
    0xa7, 0x39, 0xa7, 0x31, 0x86, 0x31, 0x86, 0x31, 0x66, 0x29, 0x66, 0x29,
    0x65, 0x29, 0x66, 0x29, 0x45, 0x29, 0x45, 0x29, 0x66, 0x29, 0x65, 0x29,
    0x65, 0x29, 0x46, 0x29, 0x45, 0x29, 0x45, 0x29, 0x45, 0x29, 0x45, 0x29,
    0x45, 0x21, 0x25, 0x21, 0x45, 0x21, 0x45, 0x29, 0x25, 0x21, 0x25, 0x21,
    0x25, 0x21, 0x25, 0x29, 0x25, 0x21, 0x25, 0x21, 0x44, 0x29, 0x25, 0x21,
    0x25, 0x21, 0x25, 0x29, 0x24, 0x29, 0x45, 0x29, 0x25, 0x21, 0x25, 0x29,
    0x25, 0x29, 0x25, 0x21, 0x24, 0x21, 0x25, 0x21, 0x24, 0x21, 0x24, 0x29,
    0x25, 0x21, 0x05, 0x21, 0x25, 0x29, 0x25, 0x29, 0x25, 0x21, 0x25, 0x21,
    0x35, 0xa5, 0x14, 0xa5, 0xf4, 0xa4, 0xf4, 0x9c, 0xd3, 0x9c, 0xd3, 0x9c,
    0xd3, 0xa4, 0xd3, 0x9c, 0xb2, 0xa4, 0xb1, 0xa4, 0x90, 0x9c, 0x70, 0xa4,
    0x90, 0xa4, 0x8f, 0xa4, 0x90, 0xa4, 0x91, 0xa4, 0xb2, 0xa4, 0xb2, 0x9c,
    0x92, 0x9c, 0x92, 0x94, 0x93, 0x94, 0xd3, 0x9c, 0xf4, 0x9c, 0x14, 0xa5,
    0x15, 0xa5, 0x34, 0xad, 0x14, 0xad, 0x14, 0xad, 0x14, 0xa5, 0x14, 0xa5,
    0x14, 0xa5, 0x15, 0xad, 0x35, 0xad, 0x35, 0xad, 0x35, 0xa5, 0x35, 0xa5,
    0x35, 0xad, 0x35, 0xad, 0x55, 0xad, 0x55, 0xa5, 0x35, 0xa5, 0x56, 0xad,
    0x55, 0xad, 0x55, 0xa5, 0x56, 0xad, 0x56, 0xad, 0x55, 0xad, 0x56, 0xad,
    0x76, 0xad, 0x76, 0xad, 0x76, 0xad, 0x76, 0xad, 0x76, 0xad, 0x76, 0xad,
    0x96, 0xad, 0x76, 0xad, 0x76, 0xad, 0x76, 0xad, 0x76, 0xad, 0x76, 0xad,
    0x76, 0xad, 0x76, 0xad, 0x76, 0xad, 0x76, 0xad, 0x56, 0xad, 0x76, 0xad,
    0x55, 0xad, 0x55, 0xad, 0x55, 0xad, 0x35, 0xa5, 0x35, 0xa5, 0x35, 0xa5,
    0x14, 0xa5, 0xf4, 0x9c, 0xf4, 0x9c, 0xd4, 0x9c, 0xb3, 0x94, 0xb3, 0x94,
    0x92, 0x94, 0x72, 0x8c, 0x51, 0x8c, 0x31, 0x84, 0x10, 0x84, 0xf0, 0x7b,
    0xf0, 0x7b, 0xcf, 0x7b, 0xaf, 0x73, 0x8e, 0x73, 0x6e, 0x6b, 0x6e, 0x6b,
    0x4d, 0x6b, 0x2d, 0x63, 0x2d, 0x63, 0x0c, 0x63, 0xec, 0x5a, 0xec, 0x5a,
    0xcb, 0x5a, 0xab, 0x52, 0x8a, 0x52, 0x6a, 0x4a, 0x29, 0x42, 0x09, 0x42,
    0xe8, 0x39, 0xc7, 0x39, 0xa7, 0x31, 0xa6, 0x31, 0x86, 0x31, 0x86, 0x31,
    0x86, 0x31, 0xa7, 0x31, 0xa7, 0x39, 0xc7, 0x39, 0xc8, 0x39, 0xe8, 0x39,
    0xe8, 0x41, 0x08, 0x42, 0x08, 0x42, 0x08, 0x42, 0xe8, 0x41, 0x08, 0x42,
    0xe8, 0x39, 0xe8, 0x39, 0xe8, 0x41, 0xe7, 0x41, 0xe8, 0x39, 0xe8, 0x39,
    0xe8, 0x39, 0xc7, 0x39, 0xc7, 0x39, 0xc7, 0x39, 0xa7, 0x39, 0xa6, 0x31,
    0x86, 0x31, 0x86, 0x31, 0x66, 0x31, 0x66, 0x29, 0x45, 0x29, 0x65, 0x29,
    0x65, 0x29, 0x45, 0x29, 0x45, 0x29, 0x65, 0x29, 0x46, 0x29, 0x46, 0x29,
    0x45, 0x29, 0x45, 0x29, 0x45, 0x29, 0x46, 0x29, 0x45, 0x21, 0x45, 0x29,
    0x45, 0x21, 0x25, 0x29, 0x25, 0x29, 0x25, 0x21, 0x25, 0x21, 0x25, 0x29,
    0x45, 0x29, 0x45, 0x21, 0x45, 0x21, 0x25, 0x29, 0x25, 0x21, 0x45, 0x29,
    0x25, 0x21, 0x44, 0x21, 0x25, 0x21, 0x25, 0x21, 0x25, 0x29, 0x25, 0x21,
    0x25, 0x21, 0x24, 0x29, 0x25, 0x21, 0x25, 0x21, 0x25, 0x29, 0x25, 0x29,
    0x25, 0x21, 0x25, 0x29, 0x25, 0x21, 0x25, 0x21, 0x25, 0x29, 0x24, 0x29,
    0x35, 0xa5, 0x14, 0xa5, 0xf4, 0xa4, 0xf4, 0x9c, 0xf3, 0x9c, 0xd4, 0xa4,
    0xd3, 0x9c, 0xd2, 0xa4, 0xb2, 0xa4, 0xb1, 0xa4, 0x90, 0xa4, 0x6f, 0xa4,
    0x6f, 0xa4, 0x6f, 0xa4, 0x90, 0xa4, 0x91, 0xa4, 0xb1, 0xa4, 0xd2, 0xa4,
    0xb2, 0x9c, 0x92, 0x94, 0xb3, 0x9c, 0xd3, 0x9c, 0xf4, 0x9c, 0x35, 0xa5,
    0x35, 0xad, 0x15, 0xa5, 0x14, 0xa5, 0x14, 0xa5, 0x14, 0xad, 0x14, 0xad,
    0x14, 0xa5, 0x15, 0xa5, 0x14, 0xa5, 0x35, 0xad, 0x35, 0xad, 0x35, 0xad,
    0x35, 0xa5, 0x35, 0xa5, 0x55, 0xa5, 0x55, 0xad, 0x55, 0xad, 0x35, 0xa5,
    0x55, 0xad, 0x35, 0xad, 0x55, 0xa5, 0x55, 0xad, 0x35, 0xad, 0x55, 0xa5,
    0x55, 0xad, 0x55, 0xad, 0x56, 0xad, 0x56, 0xad, 0x55, 0xad, 0x56, 0xad,
    0x56, 0xad, 0x56, 0xad, 0x76, 0xad, 0x56, 0xad, 0x76, 0xad, 0x76, 0xad,
    0x76, 0xad, 0x56, 0xad, 0x56, 0xad, 0x56, 0xad, 0x55, 0xad, 0x55, 0xad,
    0x35, 0xad, 0x35, 0xa5, 0x35, 0xa5, 0x15, 0xa5, 0x14, 0xa5, 0xf4, 0xa4,
    0xf4, 0x9c, 0xd4, 0x9c, 0xd3, 0x9c, 0xb3, 0x94, 0x93, 0x94, 0x92, 0x8c,
    0x51, 0x8c, 0x51, 0x8c, 0x31, 0x84, 0x10, 0x7c, 0xf0, 0x7b, 0xcf, 0x7b,
    0xaf, 0x73, 0x8f, 0x73, 0x8e, 0x6b, 0x6e, 0x6b, 0x6e, 0x6b, 0x4d, 0x6b,
    0x2d, 0x63, 0x0d, 0x63, 0x0c, 0x63, 0xec, 0x5a, 0xcb, 0x5a, 0xab, 0x52,
    0x8a, 0x52, 0x6a, 0x4a, 0x49, 0x4a, 0x29, 0x42, 0x08, 0x3a, 0xe7, 0x39,
    0xa7, 0x39, 0x87, 0x31, 0x86, 0x31, 0x86, 0x31, 0xa7, 0x31, 0xa7, 0x31,
    0xa7, 0x31, 0xc7, 0x39, 0xc7, 0x39, 0xe8, 0x39, 0xe8, 0x39, 0x08, 0x42,
    0x08, 0x42, 0x08, 0x42, 0x08, 0x42, 0x08, 0x42, 0xe8, 0x39, 0x08, 0x42,
    0x08, 0x42, 0xe8, 0x41, 0xe8, 0x41, 0xe8, 0x39, 0xe7, 0x39, 0xc7, 0x39,
    0xc7, 0x39, 0xa7, 0x39, 0xa7, 0x31, 0xa6, 0x31, 0x86, 0x31, 0x86, 0x31,
    0x66, 0x29, 0x66, 0x29, 0x46, 0x29, 0x66, 0x29, 0x65, 0x29, 0x45, 0x29,
    0x46, 0x29, 0x45, 0x29, 0x66, 0x29, 0x66, 0x29, 0x45, 0x29, 0x45, 0x29,
    0x46, 0x29, 0x45, 0x29, 0x66, 0x29, 0x45, 0x29, 0x45, 0x21, 0x45, 0x21,
    0x45, 0x29, 0x45, 0x29, 0x25, 0x21, 0x25, 0x21, 0x45, 0x21, 0x25, 0x29,
    0x25, 0x21, 0x45, 0x29, 0x25, 0x29, 0x25, 0x21, 0x25, 0x29, 0x25, 0x21,
    0x24, 0x21, 0x25, 0x29, 0x25, 0x29, 0x24, 0x21, 0x24, 0x21, 0x25, 0x21,
    0x24, 0x21, 0x24, 0x21, 0x25, 0x21, 0x24, 0x29, 0x25, 0x21, 0x25, 0x21,
    0x24, 0x21, 0x24, 0x21, 0x24, 0x21, 0x24, 0x21, 0x25, 0x21, 0x25, 0x21,
    0x35, 0xa5, 0x14, 0xa5, 0xf4, 0xa4, 0xf4, 0xa4, 0xd3, 0x9c, 0xd3, 0x9c,
    0xd3, 0x9c, 0xd3, 0xa4, 0xb2, 0xa4, 0xb1, 0xa4, 0x90, 0xa4, 0x6f, 0xa4,
    0x6f, 0xa4, 0x6f, 0xa4, 0x90, 0xa4, 0x90, 0xa4, 0xb1, 0xa4, 0xb2, 0x9c,
    0xb2, 0x9c, 0x92, 0x94, 0x72, 0x94, 0xb3, 0x9c, 0xf4, 0x9c, 0x14, 0xa5,
    0x35, 0xa5, 0x35, 0xa5, 0x35, 0xa5, 0x34, 0xa5, 0x15, 0xa5, 0x35, 0xa5,
    0x14, 0xa5, 0x14, 0xa5, 0x14, 0xa5, 0x35, 0xa5, 0x35, 0xa5, 0x35, 0xad,
    0x35, 0xad, 0x55, 0xad, 0x55, 0xad, 0x35, 0xad, 0x35, 0xad, 0x35, 0xa5,
    0xf4, 0x9c, 0xd3, 0x9c, 0xd4, 0x9c, 0xf4, 0x9c, 0x35, 0xa5, 0x55, 0xad,
    0x35, 0xad, 0x35, 0xad, 0x55, 0xa5, 0x55, 0xa5, 0x35, 0xa5, 0x55, 0xad,
    0x55, 0xad, 0x55, 0xad, 0x55, 0xad, 0x56, 0xad, 0x55, 0xad, 0x55, 0xad,
    0x55, 0xad, 0x55, 0xad, 0x55, 0xad, 0x55, 0xad, 0x35, 0xa5, 0x35, 0xa5,
    0x35, 0xa5, 0x15, 0xa5, 0x14, 0xa5, 0x14, 0x9d, 0xf4, 0x9c, 0xd4, 0x9c,
    0xd3, 0x9c, 0xb3, 0x94, 0xb3, 0x94, 0x92, 0x94, 0x72, 0x8c, 0x52, 0x8c,
    0x31, 0x84, 0x11, 0x84, 0xf0, 0x7b, 0xf0, 0x7b, 0xaf, 0x73, 0xaf, 0x73,
    0x8e, 0x73, 0x6e, 0x6b, 0x6e, 0x6b, 0x4d, 0x6b, 0x2d, 0x63, 0x2d, 0x63,
    0x0c, 0x63, 0x0c, 0x5b, 0xec, 0x5a, 0xcb, 0x5a, 0xab, 0x52, 0x6a, 0x4a,
    0x49, 0x4a, 0x29, 0x42, 0x08, 0x42, 0xe8, 0x39, 0xc7, 0x39, 0xa7, 0x31,
    0x86, 0x31, 0xa6, 0x31, 0xa7, 0x31, 0xc7, 0x39, 0xc7, 0x39, 0xc7, 0x39,
    0xc7, 0x39, 0xe8, 0x39, 0xe8, 0x39, 0x08, 0x42, 0x08, 0x42, 0x08, 0x42,
    0x09, 0x42, 0x08, 0x42, 0x08, 0x3a, 0x08, 0x3a, 0xe8, 0x41, 0xe8, 0x39,
    0x08, 0x42, 0xe8, 0x39, 0xe8, 0x39, 0xe7, 0x39, 0xc7, 0x39, 0xa7, 0x39,
    0xa7, 0x39, 0xa6, 0x31, 0x86, 0x31, 0x66, 0x31, 0x66, 0x31, 0x66, 0x29,
    0x66, 0x29, 0x45, 0x29, 0x65, 0x29, 0x45, 0x29, 0x46, 0x29, 0x65, 0x29,
    0x46, 0x29, 0x66, 0x29, 0x65, 0x29, 0x45, 0x29, 0x45, 0x29, 0x65, 0x29,
    0x45, 0x29, 0x46, 0x29, 0x65, 0x29, 0x45, 0x29, 0x45, 0x29, 0x45, 0x29,
    0x45, 0x21, 0x45, 0x21, 0x45, 0x29, 0x25, 0x29, 0x45, 0x29, 0x45, 0x21,
    0x25, 0x21, 0x25, 0x29, 0x25, 0x21, 0x45, 0x21, 0x45, 0x29, 0x25, 0x21,
    0x25, 0x21, 0x25, 0x29, 0x25, 0x21, 0x24, 0x21, 0x25, 0x21, 0x24, 0x21,
    0x24, 0x21, 0x25, 0x21, 0x25, 0x29, 0x25, 0x21, 0x24, 0x21, 0x25, 0x21,
    0x24, 0x21, 0x25, 0x21, 0x25, 0x29, 0x25, 0x29, 0x25, 0x21, 0x24, 0x21,
    0x35, 0xad, 0x14, 0xa5, 0x14, 0xa5, 0xf4, 0xa4, 0xf3, 0x9c, 0xd3, 0x9c,
    0xd3, 0xa4, 0xd3, 0x9c, 0xb2, 0x9c, 0xb1, 0xa4, 0x91, 0xa4, 0x90, 0xa4,
    0x6f, 0xa4, 0x6f, 0xa4, 0x90, 0xa4, 0x90, 0xa4, 0x91, 0xa4, 0xb2, 0x9c,
    0xd3, 0xa4, 0xd3, 0x9c, 0xb3, 0x9c, 0xd3, 0x9c, 0xb3, 0x94, 0xd3, 0x9c,
    0x15, 0xa5, 0x55, 0xad, 0x55, 0xad, 0x35, 0xad, 0x35, 0xa5, 0x35, 0xa5,
    0x35, 0xa5, 0x14, 0xa5, 0x15, 0xa5, 0x35, 0xa5, 0x35, 0xa5, 0x35, 0xa5,
    0x35, 0xa5, 0x55, 0xad, 0x55, 0xad, 0x35, 0xa5, 0x55, 0xa5, 0x35, 0xa5,
    0x15, 0xa5, 0xd4, 0x9c, 0x72, 0x8c, 0x31, 0x84, 0x52, 0x8c, 0xb3, 0x94,
    0xf4, 0xa4, 0x35, 0xa5, 0x35, 0xa5, 0x35, 0xad, 0x35, 0xad, 0x35, 0xad,
    0x35, 0xad, 0x55, 0xa5, 0x35, 0xa5, 0x55, 0xad, 0x35, 0xad, 0x55, 0xa5,
    0x35, 0xad, 0x35, 0xa5, 0x35, 0xa5, 0x35, 0xa5, 0x35, 0xa5, 0x15, 0xa5,
    0x14, 0xa5, 0x14, 0xa5, 0xf4, 0x9c, 0xd4, 0x9c, 0xd3, 0x9c, 0xb3, 0x94,
    0xb3, 0x94, 0x92, 0x94, 0x92, 0x94, 0x72, 0x8c, 0x51, 0x8c, 0x31, 0x84,
    0x11, 0x84, 0xf0, 0x7b, 0xcf, 0x7b, 0xaf, 0x73, 0x8f, 0x73, 0x8e, 0x73,
    0x6e, 0x6b, 0x4d, 0x6b, 0x2d, 0x63, 0x2d, 0x63, 0x0c, 0x63, 0x0c, 0x5b,
    0xec, 0x5a, 0xcb, 0x5a, 0xab, 0x52, 0x8a, 0x52, 0x49, 0x4a, 0x29, 0x42,
    0x08, 0x42, 0xe8, 0x39, 0xc7, 0x39, 0xc7, 0x31, 0xa7, 0x31, 0xa7, 0x31,
    0xa7, 0x31, 0xc7, 0x39, 0xc7, 0x39, 0xe8, 0x39, 0xe8, 0x39, 0xe8, 0x39,
    0x08, 0x42, 0x08, 0x42, 0x08, 0x42, 0x08, 0x42, 0x08, 0x3a, 0xe9, 0x41,
    0x08, 0x42, 0x08, 0x42, 0x08, 0x42, 0x08, 0x42, 0xe8, 0x41, 0xe8, 0x39,
    0xe8, 0x39, 0xe8, 0x39, 0xc7, 0x39, 0xc7, 0x39, 0xa7, 0x31, 0xa6, 0x31,
    0x86, 0x31, 0x86, 0x31, 0x66, 0x29, 0x66, 0x29, 0x66, 0x29, 0x65, 0x29,
    0x45, 0x29, 0x66, 0x29, 0x45, 0x29, 0x65, 0x29, 0x45, 0x29, 0x65, 0x29,
    0x65, 0x29, 0x45, 0x29, 0x45, 0x29, 0x65, 0x29, 0x66, 0x29, 0x46, 0x29,
    0x46, 0x29, 0x45, 0x29, 0x45, 0x29, 0x45, 0x29, 0x46, 0x29, 0x45, 0x29,
    0x45, 0x29, 0x45, 0x29, 0x45, 0x21, 0x45, 0x29, 0x25, 0x29, 0x45, 0x29,
    0x45, 0x29, 0x45, 0x21, 0x45, 0x29, 0x25, 0x29, 0x45, 0x21, 0x25, 0x29,
    0x25, 0x29, 0x45, 0x21, 0x24, 0x21, 0x25, 0x21, 0x25, 0x29, 0x25, 0x29,
    0x45, 0x21, 0x25, 0x29, 0x25, 0x21, 0x24, 0x21, 0x25, 0x21, 0x24, 0x29,
    0x25, 0x21, 0x25, 0x29, 0x25, 0x21, 0x25, 0x21, 0x25, 0x29, 0x25, 0x29,
    0x35, 0xa5, 0x35, 0xa5, 0x14, 0xa5, 0xf4, 0xa4, 0xf4, 0xa4, 0xf4, 0x9c,
    0xd3, 0x9c, 0xd3, 0xa4, 0xb2, 0xa4, 0xb2, 0xa4, 0xb1, 0xa4, 0x90, 0xa4,
    0x6f, 0xa4, 0x6f, 0xa4, 0x8f, 0xa4, 0x90, 0xa4, 0x91, 0xa4, 0xb1, 0xa4,
    0xb2, 0x9c, 0xd3, 0x9c, 0xb3, 0x9c, 0xd4, 0x9c, 0xf4, 0xa4, 0x14, 0xa5,
    0x35, 0xa5, 0x35, 0xad, 0x35, 0xad, 0x55, 0xad, 0x55, 0xad, 0x35, 0xad,
    0x35, 0xa5, 0x35, 0xa5, 0x35, 0xad, 0x35, 0xa5, 0x35, 0xa5, 0x35, 0xad,
    0x35, 0xad, 0x55, 0xa5, 0x35, 0xa5, 0x35, 0xad, 0x35, 0xad, 0x55, 0xad,
    0x55, 0xa5, 0x35, 0xa5, 0x14, 0xa5, 0xd3, 0x9c, 0x72, 0x8c, 0x72, 0x8c,
    0xb3, 0x94, 0xd4, 0x9c, 0x14, 0xa5, 0x35, 0xad, 0x35, 0xa5, 0x35, 0xa5,
    0x35, 0xa5, 0x35, 0xa5, 0x35, 0xad, 0x35, 0xa5, 0x35, 0xa5, 0x35, 0xa5,
    0x35, 0xa5, 0x35, 0xa5, 0x15, 0xa5, 0x14, 0xa5, 0x14, 0xa5, 0xf4, 0x9c,
    0xf4, 0x9c, 0xf4, 0x9c, 0xd3, 0x9c, 0xb3, 0x94, 0xb3, 0x94, 0x93, 0x94,
    0x92, 0x8c, 0x72, 0x8c, 0x51, 0x8c, 0x51, 0x84, 0x31, 0x84, 0x10, 0x84,
    0xf0, 0x7b, 0xcf, 0x7b, 0xaf, 0x73, 0x8f, 0x6b, 0x8e, 0x6b, 0x6e, 0x6b,
    0x4d, 0x6b, 0x2d, 0x63, 0x2d, 0x63, 0x0c, 0x63, 0xec, 0x5a, 0xcc, 0x5a,
    0xab, 0x52, 0x8a, 0x52, 0x6a, 0x4a, 0x29, 0x42, 0x08, 0x42, 0xe8, 0x39,
    0xe7, 0x39, 0xa7, 0x31, 0x87, 0x31, 0xa7, 0x31, 0xc7, 0x39, 0xc7, 0x39,
    0xe8, 0x39, 0xe8, 0x39, 0xe8, 0x41, 0x08, 0x42, 0x08, 0x42, 0x08, 0x42,
    0x08, 0x42, 0x08, 0x42, 0x08, 0x42, 0x08, 0x42, 0x08, 0x42, 0x08, 0x3a,
    0x08, 0x42, 0x08, 0x3a, 0x08, 0x42, 0xe8, 0x41, 0xe8, 0x39, 0xe8, 0x39,
    0xc7, 0x39, 0xa7, 0x39, 0xa7, 0x31, 0xa7, 0x31, 0xa6, 0x31, 0x66, 0x31,
    0x66, 0x31, 0x66, 0x29, 0x65, 0x29, 0x66, 0x29, 0x65, 0x29, 0x45, 0x29,
    0x46, 0x29, 0x45, 0x29, 0x66, 0x29, 0x46, 0x29, 0x65, 0x29, 0x46, 0x29,
    0x46, 0x29, 0x65, 0x29, 0x46, 0x29, 0x46, 0x29, 0x65, 0x29, 0x65, 0x29,
    0x45, 0x29, 0x45, 0x29, 0x66, 0x29, 0x45, 0x29, 0x45, 0x29, 0x45, 0x29,
    0x46, 0x29, 0x45, 0x21, 0x45, 0x29, 0x45, 0x21, 0x25, 0x21, 0x25, 0x21,
    0x25, 0x21, 0x25, 0x29, 0x45, 0x21, 0x25, 0x29, 0x25, 0x29, 0x45, 0x21,
    0x25, 0x21, 0x25, 0x29, 0x45, 0x29, 0x24, 0x29, 0x25, 0x21, 0x45, 0x21,
    0x25, 0x29, 0x24, 0x21, 0x25, 0x21, 0x24, 0x21, 0x25, 0x29, 0x25, 0x21,
    0x24, 0x21, 0x25, 0x21, 0x24, 0x21, 0x24, 0x21, 0x25, 0x21, 0x24, 0x21,
    0x35, 0xa5, 0x34, 0xa5, 0x14, 0xa5, 0xf4, 0xa4, 0xf4, 0xa4, 0xf3, 0xa4,
    0xd3, 0xa4, 0xd3, 0x9c, 0xd2, 0xa4, 0xb2, 0xa4, 0xb1, 0xa4, 0x90, 0xa4,
    0x6f, 0xa4, 0x6f, 0xa4, 0x8f, 0xa4, 0x90, 0xa4, 0x91, 0xa4, 0x91, 0xa4,
    0x91, 0x9c, 0x92, 0x94, 0x92, 0x94, 0xb3, 0x9c, 0xf4, 0xa4, 0x14, 0xa5,
    0x35, 0xa5, 0x35, 0xa5, 0x35, 0xad, 0x55, 0xa5, 0x56, 0xa5, 0x55, 0xad,
    0x35, 0xad, 0x35, 0xa5, 0x35, 0xa5, 0x35, 0xad, 0x35, 0xa5, 0x35, 0xa5,
    0x35, 0xad, 0x55, 0xad, 0x35, 0xa5, 0x55, 0xa5, 0x55, 0xa5, 0x35, 0xa5,
    0x35, 0xad, 0x15, 0xa5, 0x14, 0xa5, 0x14, 0xa5, 0xf4, 0x9c, 0xf4, 0x9c,
    0xf4, 0x9c, 0xf4, 0x9c, 0x14, 0xa5, 0x35, 0xa5, 0x35, 0xa5, 0x35, 0xa5,
    0x35, 0xa5, 0x35, 0xa5, 0x35, 0xa5, 0x15, 0xa5, 0x35, 0xa5, 0x14, 0xa5,
    0x14, 0xa5, 0x15, 0xa5, 0xf4, 0xa4, 0xf4, 0x9c, 0xf4, 0x9c, 0xf4, 0x9c,
    0xd3, 0x9c, 0xb3, 0x94, 0xb3, 0x94, 0x93, 0x94, 0x72, 0x94, 0x72, 0x8c,
    0x52, 0x8c, 0x51, 0x8c, 0x31, 0x84, 0x11, 0x84, 0xf0, 0x7b, 0xf0, 0x7b,
    0xcf, 0x7b, 0xaf, 0x73, 0x8e, 0x73, 0x6e, 0x6b, 0x6e, 0x6b, 0x4d, 0x6b,
    0x2d, 0x63, 0x0c, 0x63, 0xec, 0x5a, 0xec, 0x5a, 0xab, 0x52, 0x8a, 0x52,
    0x6a, 0x4a, 0x29, 0x42, 0x09, 0x42, 0xe8, 0x39, 0xc7, 0x39, 0xa7, 0x31,
    0xa7, 0x31, 0xc7, 0x39, 0xc7, 0x39, 0xe8, 0x39, 0x08, 0x3a, 0xe8, 0x41,
    0x08, 0x42, 0x09, 0x42, 0x29, 0x42, 0x29, 0x42, 0x29, 0x42, 0x29, 0x42,
    0x29, 0x42, 0x28, 0x42, 0x08, 0x42, 0x08, 0x42, 0x08, 0x42, 0x08, 0x42,
    0x08, 0x42, 0xe8, 0x41, 0xe8, 0x39, 0xe8, 0x39, 0xc7, 0x39, 0xc7, 0x39,
    0xa7, 0x31, 0xa6, 0x31, 0x86, 0x31, 0x86, 0x31, 0x66, 0x31, 0x66, 0x29,
    0x66, 0x29, 0x65, 0x29, 0x66, 0x29, 0x66, 0x29, 0x45, 0x29, 0x46, 0x29,
    0x66, 0x29, 0x65, 0x29, 0x45, 0x29, 0x65, 0x29, 0x46, 0x29, 0x66, 0x29,
    0x65, 0x29, 0x65, 0x31, 0x66, 0x29, 0x46, 0x29, 0x45, 0x29, 0x65, 0x29,
    0x46, 0x29, 0x66, 0x29, 0x45, 0x29, 0x45, 0x29, 0x46, 0x29, 0x65, 0x29,
    0x45, 0x21, 0x45, 0x21, 0x45, 0x29, 0x25, 0x29, 0x45, 0x21, 0x25, 0x21,
    0x45, 0x29, 0x25, 0x21, 0x25, 0x21, 0x45, 0x21, 0x45, 0x21, 0x25, 0x21,
    0x25, 0x21, 0x25, 0x21, 0x25, 0x21, 0x25, 0x21, 0x25, 0x21, 0x25, 0x21,
    0x24, 0x21, 0x25, 0x29, 0x24, 0x21, 0x25, 0x21, 0x25, 0x21, 0x25, 0x29,
    0x25, 0x29, 0x24, 0x21, 0x25, 0x29, 0x25, 0x21, 0x25, 0x29, 0x24, 0x21,
    0x34, 0xa5, 0x15, 0xad, 0x14, 0xa5, 0xf4, 0xa4, 0xf4, 0xa4, 0xf3, 0x9c,
    0xf3, 0x9c, 0xd3, 0x9c, 0xb2, 0xa4, 0xb2, 0xa4, 0xb1, 0xa4, 0x90, 0xa4,
    0x6f, 0xa4, 0x6f, 0xa4, 0x6f, 0xa4, 0x90, 0xa4, 0x90, 0xa4, 0x91, 0xa4,
    0x91, 0x9c, 0x92, 0x94, 0x93, 0x94, 0x93, 0x94, 0xd3, 0x9c, 0xf4, 0x9c,
    0x14, 0xa5, 0x35, 0xa5, 0x35, 0xad, 0x55, 0xa5, 0x55, 0xad, 0x35, 0xa5,
    0x56, 0xad, 0x35, 0xa5, 0x35, 0xa5, 0x35, 0xa5, 0x35, 0xad, 0x35, 0xad,
    0x15, 0xa5, 0x35, 0xad, 0x35, 0xad, 0x35, 0xa5, 0x35, 0xad, 0x35, 0xad,
    0x35, 0xa5, 0x14, 0xa5, 0xf4, 0x9c, 0xf4, 0x9c, 0xf4, 0xa4, 0xf4, 0x9c,
    0xf4, 0x9c, 0xf4, 0x9c, 0x14, 0xa5, 0x15, 0xa5, 0x35, 0xa5, 0x15, 0xa5,
    0x14, 0xa5, 0x14, 0xa5, 0x14, 0xa5, 0x14, 0xa5, 0xf4, 0xa4, 0x14, 0x9d,
    0xf4, 0x9c, 0xf4, 0x9c, 0xf4, 0x9c, 0xd3, 0x9c, 0xd3, 0x9c, 0xb3, 0x94,
    0xb3, 0x94, 0x92, 0x94, 0x92, 0x94, 0x72, 0x8c, 0x51, 0x8c, 0x51, 0x8c,
    0x31, 0x84, 0x11, 0x84, 0x10, 0x7c, 0xf0, 0x7b, 0xcf, 0x7b, 0xaf, 0x73,
    0xaf, 0x73, 0x8e, 0x73, 0x6e, 0x6b, 0x4d, 0x6b, 0x2d, 0x63, 0x0d, 0x63,
    0x0c, 0x5b, 0xec, 0x5a, 0xab, 0x52, 0x8a, 0x52, 0x6a, 0x4a, 0x49, 0x4a,
    0x29, 0x42, 0x08, 0x3a, 0xc7, 0x39, 0xa7, 0x31, 0xc7, 0x39, 0xc7, 0x39,
    0xe8, 0x39, 0x08, 0x3a, 0x08, 0x42, 0x08, 0x42, 0x29, 0x42, 0x29, 0x42,
    0x29, 0x42, 0x29, 0x42, 0x29, 0x42, 0x49, 0x4a, 0x29, 0x42, 0x29, 0x4a,
    0x29, 0x42, 0x28, 0x42, 0x09, 0x42, 0x09, 0x42, 0x08, 0x42, 0xe8, 0x41,
    0xe8, 0x39, 0xe8, 0x39, 0xc8, 0x39, 0xc7, 0x39, 0xc7, 0x31, 0xa7, 0x31,
    0x86, 0x31, 0x86, 0x31, 0x66, 0x29, 0x65, 0x29, 0x65, 0x29, 0x66, 0x29,
    0x65, 0x29, 0x65, 0x29, 0x66, 0x29, 0x65, 0x29, 0x65, 0x29, 0x65, 0x29,
    0x46, 0x29, 0x65, 0x29, 0x65, 0x29, 0x46, 0x29, 0x65, 0x29, 0x65, 0x29,
    0x66, 0x29, 0x66, 0x29, 0x65, 0x29, 0x65, 0x31, 0x46, 0x29, 0x46, 0x29,
    0x65, 0x29, 0x45, 0x29, 0x45, 0x29, 0x65, 0x29, 0x46, 0x29, 0x45, 0x29,
    0x45, 0x29, 0x45, 0x29, 0x45, 0x29, 0x45, 0x29, 0x45, 0x29, 0x45, 0x29,
    0x45, 0x29, 0x45, 0x29, 0x45, 0x29, 0x45, 0x29, 0x25, 0x29, 0x25, 0x29,
    0x45, 0x29, 0x25, 0x21, 0x25, 0x21, 0x25, 0x21, 0x45, 0x29, 0x44, 0x29,
    0x25, 0x29, 0x25, 0x21, 0x25, 0x21, 0x24, 0x29, 0x25, 0x29, 0x25, 0x21,
    0x24, 0x21, 0x25, 0x21, 0x25, 0x29, 0x24, 0x21, 0x25, 0x21, 0x25, 0x29,
    0x35, 0xa5, 0x35, 0xa5, 0x14, 0xa5, 0xf4, 0xa4, 0xf4, 0xa4, 0xf4, 0xa4,
    0xf3, 0x9c, 0xd3, 0xa4, 0xd3, 0x9c, 0xb2, 0xa4, 0xb1, 0xa4, 0x90, 0xa4,
    0x70, 0xa4, 0x6f, 0xa4, 0x8f, 0xa4, 0x90, 0xa4, 0x90, 0xa4, 0xb1, 0xa4,
    0xd2, 0xa4, 0xf3, 0xa4, 0xf4, 0x9c, 0xd3, 0x9c, 0xf4, 0x9c, 0xf4, 0x9c,
    0x14, 0xa5, 0x35, 0xa5, 0x55, 0xad, 0x55, 0xad, 0x35, 0xad, 0x56, 0xad,
    0x55, 0xa5, 0x35, 0xad, 0x35, 0xa5, 0x35, 0xa5, 0x35, 0xa5, 0x14, 0xa5,
    0x14, 0xa5, 0x35, 0xad, 0x14, 0xad, 0x15, 0xad, 0x14, 0xad, 0x35, 0xa5,
    0x15, 0xa5, 0x14, 0xa5, 0xf4, 0x9c, 0xd4, 0x9c, 0xd4, 0x9c, 0xf4, 0x9c,
    0xf4, 0x9c, 0x14, 0xa5, 0x15, 0xa5, 0x15, 0xa5, 0x14, 0xa5, 0x14, 0xa5,
    0x14, 0xa5, 0xf4, 0x9c, 0xf4, 0x9c, 0xf4, 0x9c, 0xf4, 0x9c, 0xd4, 0x9c,
    0xd3, 0x9c, 0xd3, 0x9c, 0xb3, 0x9c, 0xb3, 0x94, 0xb3, 0x94, 0x93, 0x94,
    0x92, 0x8c, 0x72, 0x8c, 0x52, 0x8c, 0x51, 0x84, 0x31, 0x84, 0x11, 0x84,
    0x10, 0x7c, 0xf0, 0x7b, 0xf0, 0x7b, 0xcf, 0x7b, 0xaf, 0x73, 0x8f, 0x73,
    0x6e, 0x6b, 0x6e, 0x6b, 0x4d, 0x63, 0x2d, 0x63, 0x0c, 0x63, 0xec, 0x5a,
    0xcb, 0x5a, 0x8a, 0x52, 0x6a, 0x4a, 0x49, 0x4a, 0x29, 0x42, 0xe8, 0x39,
    0xe8, 0x39, 0xc7, 0x39, 0xc7, 0x39, 0xe7, 0x39, 0xe8, 0x39, 0x08, 0x42,
    0x29, 0x42, 0x29, 0x42, 0x29, 0x42, 0x29, 0x4a, 0x49, 0x4a, 0x49, 0x4a,
    0x49, 0x42, 0x49, 0x4a, 0x29, 0x4a, 0x49, 0x4a, 0x29, 0x42, 0x29, 0x42,
    0x29, 0x42, 0x29, 0x42, 0x28, 0x42, 0x08, 0x42, 0x08, 0x42, 0xe8, 0x39,
    0xe8, 0x39, 0xc7, 0x39, 0xc7, 0x39, 0xa7, 0x31, 0x86, 0x31, 0x86, 0x31,
    0x66, 0x31, 0x66, 0x29, 0x66, 0x29, 0x66, 0x29, 0x66, 0x29, 0x66, 0x29,
    0x66, 0x31, 0x66, 0x31, 0x66, 0x29, 0x65, 0x29, 0x66, 0x31, 0x66, 0x29,
    0x45, 0x29, 0x45, 0x29, 0x46, 0x29, 0x66, 0x29, 0x66, 0x29, 0x65, 0x31,
    0x66, 0x29, 0x46, 0x29, 0x46, 0x29, 0x65, 0x29, 0x65, 0x29, 0x65, 0x29,
    0x45, 0x29, 0x65, 0x29, 0x46, 0x29, 0x46, 0x29, 0x45, 0x29, 0x45, 0x29,
    0x45, 0x29, 0x45, 0x29, 0x45, 0x21, 0x45, 0x21, 0x25, 0x29, 0x45, 0x29,
    0x45, 0x29, 0x25, 0x21, 0x25, 0x21, 0x25, 0x29, 0x25, 0x29, 0x45, 0x21,
    0x45, 0x21, 0x25, 0x29, 0x25, 0x29, 0x45, 0x29, 0x25, 0x21, 0x25, 0x29,
    0x25, 0x21, 0x25, 0x21, 0x24, 0x21, 0x25, 0x21, 0x25, 0x29, 0x24, 0x21,
    0x25, 0x21, 0x25, 0x21, 0x24, 0x21, 0x25, 0x29, 0x24, 0x21, 0x24, 0x21,
    0x35, 0xa5, 0x15, 0xa5, 0x34, 0xa5, 0x14, 0xa5, 0xf4, 0xa4, 0xf4, 0xa4,
    0xf3, 0xa4, 0xd4, 0x9c, 0xd3, 0xa4, 0xb2, 0x9c, 0xb2, 0x9c, 0x91, 0x9c,
    0x91, 0x9c, 0x91, 0x9c, 0x91, 0x9c, 0x91, 0x9c, 0xb2, 0x9c, 0xb2, 0x9c,
    0xd3, 0xa4, 0xf3, 0xa4, 0x14, 0xa5, 0x15, 0xa5, 0x14, 0xa5, 0x35, 0xa5,
    0x35, 0xad, 0x35, 0xa5, 0x55, 0xad, 0x55, 0xad, 0x56, 0xa5, 0x55, 0xad,
    0x55, 0xad, 0x35, 0xa5, 0x55, 0xad, 0x35, 0xad, 0x34, 0xa5, 0x14, 0xa5,
    0x14, 0xa5, 0x15, 0xad, 0x14, 0xa5, 0x14, 0xa5, 0x14, 0xa5, 0x14, 0xa5,
    0x14, 0xa5, 0x35, 0xa5, 0x14, 0xa5, 0xb3, 0x94, 0x72, 0x8c, 0x92, 0x94,
    0xd3, 0x94, 0xf4, 0x9c, 0x14, 0xa5, 0x14, 0xa5, 0xf4, 0x9c, 0xf4, 0x9c,
    0xf4, 0x9c, 0xd4, 0x9c, 0xf4, 0x9c, 0xd4, 0x9c, 0xd3, 0x9c, 0xd3, 0x94,
    0xb3, 0x94, 0xb3, 0x94, 0x93, 0x94, 0x92, 0x94, 0x72, 0x8c, 0x72, 0x8c,
    0x52, 0x8c, 0x51, 0x8c, 0x31, 0x84, 0x31, 0x84, 0x10, 0x84, 0xf0, 0x7b,
    0xd0, 0x7b, 0xcf, 0x7b, 0xcf, 0x73, 0xaf, 0x73, 0x8e, 0x73, 0x6e, 0x6b,
    0x6e, 0x6b, 0x2d, 0x6b, 0x2d, 0x63, 0xec, 0x5a, 0xcb, 0x5a, 0xab, 0x52,
    0x6a, 0x4a, 0x49, 0x4a, 0x09, 0x42, 0x08, 0x3a, 0xc7, 0x39, 0xc7, 0x39,
    0xc7, 0x39, 0xe8, 0x39, 0x08, 0x42, 0x09, 0x42, 0x29, 0x42, 0x29, 0x4a,
    0x4a, 0x4a, 0x49, 0x4a, 0x49, 0x4a, 0x6a, 0x4a, 0x49, 0x4a, 0x49, 0x4a,
    0x49, 0x4a, 0x49, 0x42, 0x49, 0x42, 0x29, 0x42, 0x29, 0x42, 0x29, 0x4a,
    0x29, 0x42, 0x29, 0x42, 0x08, 0x42, 0x08, 0x42, 0xe8, 0x39, 0xc7, 0x39,
    0xc7, 0x39, 0xa7, 0x31, 0x87, 0x31, 0x86, 0x31, 0x66, 0x31, 0x66, 0x29,
    0x66, 0x29, 0x66, 0x31, 0x86, 0x29, 0x66, 0x29, 0x66, 0x31, 0x65, 0x29,
    0x66, 0x29, 0x65, 0x29, 0x66, 0x29, 0x65, 0x29, 0x66, 0x29, 0x46, 0x29,
    0x46, 0x29, 0x65, 0x29, 0x46, 0x29, 0x45, 0x29, 0x45, 0x29, 0x46, 0x29,
    0x66, 0x29, 0x65, 0x29, 0x65, 0x29, 0x66, 0x29, 0x46, 0x29, 0x45, 0x29,
    0x66, 0x29, 0x46, 0x29, 0x45, 0x29, 0x45, 0x29, 0x65, 0x29, 0x46, 0x29,
    0x45, 0x29, 0x45, 0x21, 0x45, 0x21, 0x46, 0x29, 0x45, 0x21, 0x25, 0x21,
    0x46, 0x21, 0x45, 0x21, 0x45, 0x29, 0x25, 0x21, 0x45, 0x21, 0x45, 0x21,
    0x25, 0x29, 0x25, 0x29, 0x25, 0x21, 0x25, 0x21, 0x25, 0x21, 0x25, 0x21,
    0x25, 0x21, 0x44, 0x29, 0x24, 0x21, 0x25, 0x21, 0x24, 0x21, 0x25, 0x21,
    0x25, 0x29, 0x24, 0x29, 0x25, 0x21, 0x25, 0x21, 0x25, 0x29, 0x24, 0x21,
    0x34, 0xa5, 0x35, 0xa5, 0x34, 0xad, 0x14, 0xa5, 0xf4, 0xa4, 0xf4, 0xa4,
    0xf4, 0x9c, 0xf3, 0xa4, 0xd3, 0x9c, 0xb3, 0x9c, 0xb3, 0x9c, 0xb2, 0x9c,
    0x92, 0x9c, 0x92, 0x9c, 0x92, 0x9c, 0x92, 0x94, 0xb3, 0x9c, 0xb3, 0x9c,
    0xd3, 0x9c, 0xf4, 0xa4, 0x14, 0xa5, 0x15, 0xa5, 0x35, 0xa5, 0x55, 0xad,
    0x55, 0xad, 0x55, 0xad, 0x55, 0xad, 0x56, 0xad, 0x35, 0xa5, 0x55, 0xad,
    0x35, 0xad, 0x35, 0xad, 0x35, 0xad, 0x35, 0xad, 0x35, 0xad, 0x14, 0xad,
    0x14, 0xa5, 0x14, 0xa5, 0x14, 0xa5, 0x14, 0xa5, 0xf4, 0xa4, 0x14, 0xa5,
    0x14, 0xa5, 0xf4, 0xa4, 0xf4, 0xa4, 0xf4, 0x9c, 0xb3, 0x94, 0x72, 0x94,
    0x72, 0x94, 0x93, 0x94, 0xb3, 0x94, 0xd4, 0x9c, 0xf4, 0x9c, 0xf4, 0x9c,
    0xd3, 0x9c, 0xd3, 0x9c, 0xb3, 0x9c, 0xb3, 0x94, 0xb3, 0x94, 0x93, 0x94,
    0x92, 0x94, 0x92, 0x8c, 0x72, 0x8c, 0x72, 0x8c, 0x51, 0x8c, 0x31, 0x8c,
    0x31, 0x84, 0x11, 0x84, 0x10, 0x84, 0xf0, 0x7b, 0xf0, 0x7b, 0xcf, 0x7b,
    0xaf, 0x73, 0xaf, 0x73, 0x8f, 0x73, 0x8e, 0x6b, 0x6e, 0x6b, 0x4d, 0x6b,
    0x2d, 0x63, 0x0c, 0x63, 0xcc, 0x5a, 0xab, 0x52, 0x6a, 0x4a, 0x49, 0x4a,
    0x29, 0x42, 0x08, 0x3a, 0xc8, 0x39, 0xc7, 0x31, 0xc7, 0x39, 0xe8, 0x39,
    0x08, 0x42, 0x29, 0x42, 0x29, 0x42, 0x49, 0x4a, 0x4a, 0x4a, 0x6a, 0x4a,
    0x6a, 0x4a, 0x6a, 0x4a, 0x6a, 0x4a, 0x6a, 0x4a, 0x6a, 0x4a, 0x4a, 0x4a,
    0x49, 0x4a, 0x49, 0x4a, 0x29, 0x4a, 0x49, 0x4a, 0x29, 0x42, 0x29, 0x42,
    0x08, 0x42, 0x08, 0x42, 0xe8, 0x39, 0xe8, 0x39, 0xc7, 0x39, 0xa7, 0x31,
    0xa7, 0x31, 0x86, 0x31, 0x66, 0x29, 0x66, 0x29, 0x86, 0x29, 0x66, 0x31,
    0x86, 0x29, 0x66, 0x29, 0x66, 0x29, 0x66, 0x31, 0x66, 0x29, 0x66, 0x31,
    0x65, 0x29, 0x66, 0x29, 0x65, 0x29, 0x66, 0x29, 0x65, 0x29, 0x45, 0x29,
    0x65, 0x29, 0x66, 0x29, 0x66, 0x29, 0x65, 0x29, 0x65, 0x29, 0x46, 0x29,
    0x65, 0x29, 0x65, 0x29, 0x65, 0x29, 0x45, 0x31, 0x46, 0x29, 0x65, 0x29,
    0x65, 0x29, 0x46, 0x29, 0x65, 0x29, 0x45, 0x29, 0x45, 0x29, 0x65, 0x29,
    0x46, 0x29, 0x45, 0x29, 0x45, 0x29, 0x45, 0x29, 0x45, 0x29, 0x45, 0x29,
    0x45, 0x29, 0x45, 0x29, 0x45, 0x29, 0x45, 0x29, 0x25, 0x21, 0x25, 0x29,
    0x45, 0x29, 0x25, 0x21, 0x45, 0x21, 0x25, 0x21, 0x25, 0x29, 0x25, 0x29,
    0x25, 0x21, 0x25, 0x21, 0x25, 0x29, 0x45, 0x29, 0x25, 0x21, 0x25, 0x29,
    0x24, 0x21, 0x25, 0x29, 0x25, 0x21, 0x24, 0x21, 0x25, 0x21, 0x25, 0x21,
    0x35, 0xa5, 0x15, 0xa5, 0x35, 0xad, 0x14, 0xa5, 0xf4, 0xa4, 0xf4, 0xa4,
    0xf4, 0x9c, 0xf3, 0x9c, 0xd3, 0x9c, 0xd3, 0x9c, 0xd3, 0x9c, 0xd3, 0x9c,
    0xb3, 0x9c, 0xb2, 0x94, 0xb3, 0x94, 0xb3, 0x9c, 0xd3, 0x9c, 0xb3, 0x94,
    0xd4, 0x9c, 0xf4, 0x9c, 0x14, 0xa5, 0x35, 0xa5, 0x35, 0xa5, 0x35, 0xad,
    0x55, 0xad, 0x55, 0xa5, 0x56, 0xad, 0x35, 0xad, 0x55, 0xad, 0x55, 0xad,
    0x35, 0xa5, 0x35, 0xad, 0x35, 0xa5, 0x15, 0xa5, 0x14, 0xa5, 0x14, 0xad,
    0x14, 0xa5, 0xf4, 0xa4, 0x14, 0xa5, 0xf4, 0xa4, 0xf4, 0xa4, 0x14, 0xa5,
    0xf4, 0xa4, 0xf4, 0x9c, 0xd3, 0x9c, 0xd4, 0x9c, 0xd3, 0x9c, 0xb3, 0x94,
    0x93, 0x94, 0x92, 0x94, 0x72, 0x8c, 0xb3, 0x94, 0xb3, 0x9c, 0xb3, 0x94,
    0xb3, 0x94, 0xb3, 0x94, 0xb3, 0x94, 0x92, 0x94, 0x92, 0x94, 0x72, 0x8c,
    0x72, 0x8c, 0x52, 0x8c, 0x51, 0x8c, 0x31, 0x84, 0x31, 0x84, 0x10, 0x84,
    0x10, 0x7c, 0xf0, 0x7b, 0xf0, 0x7b, 0xd0, 0x7b, 0xaf, 0x73, 0xaf, 0x73,
    0x8e, 0x73, 0x8e, 0x6b, 0x6e, 0x6b, 0x4e, 0x6b, 0x4d, 0x63, 0x0c, 0x63,
    0xec, 0x5a, 0xcb, 0x52, 0x8a, 0x52, 0x4a, 0x4a, 0x29, 0x42, 0x08, 0x42,
    0xe8, 0x39, 0xc7, 0x39, 0xc7, 0x39, 0xe8, 0x39, 0x08, 0x42, 0x29, 0x42,
    0x49, 0x42, 0x4a, 0x4a, 0x6a, 0x4a, 0x8a, 0x4a, 0x8a, 0x4a, 0x8a, 0x4a,
    0x6a, 0x4a, 0x6a, 0x52, 0x6a, 0x4a, 0x6a, 0x4a, 0x6a, 0x4a, 0x49, 0x4a,
    0x4a, 0x4a, 0x49, 0x4a, 0x49, 0x42, 0x29, 0x42, 0x09, 0x42, 0x08, 0x42,
    0xe8, 0x39, 0xe8, 0x39, 0xc7, 0x39, 0xa7, 0x31, 0xa6, 0x31, 0x86, 0x31,
    0x86, 0x31, 0x86, 0x31, 0x86, 0x31, 0x86, 0x29, 0x66, 0x31, 0x86, 0x29,
    0x66, 0x29, 0x66, 0x31, 0x66, 0x31, 0x66, 0x29, 0x66, 0x31, 0x86, 0x29,
    0x66, 0x29, 0x66, 0x29, 0x66, 0x31, 0x65, 0x29, 0x66, 0x29, 0x66, 0x29,
    0x65, 0x29, 0x45, 0x31, 0x66, 0x29, 0x65, 0x29, 0x66, 0x29, 0x66, 0x29,
    0x45, 0x31, 0x46, 0x29, 0x66, 0x29, 0x46, 0x29, 0x45, 0x29, 0x66, 0x29,
    0x45, 0x29, 0x65, 0x29, 0x45, 0x29, 0x46, 0x29, 0x46, 0x29, 0x45, 0x29,
    0x45, 0x29, 0x45, 0x29, 0x45, 0x29, 0x45, 0x21, 0x45, 0x29, 0x45, 0x29,
    0x45, 0x21, 0x25, 0x29, 0x25, 0x21, 0x45, 0x21, 0x25, 0x29, 0x25, 0x21,
    0x45, 0x21, 0x45, 0x29, 0x45, 0x29, 0x25, 0x29, 0x45, 0x21, 0x45, 0x29,
    0x25, 0x21, 0x25, 0x29, 0x25, 0x21, 0x25, 0x21, 0x25, 0x29, 0x24, 0x21,
    0x25, 0x21, 0x25, 0x21, 0x25, 0x21, 0x45, 0x29, 0x25, 0x29, 0x25, 0x21,
    0x35, 0xa5, 0x35, 0xa5, 0x34, 0xa5, 0x14, 0xa5, 0x14, 0xa5, 0xf4, 0xa4,
    0xf4, 0xa4, 0xf4, 0xa4, 0xf3, 0x9c, 0xd3, 0x9c, 0xd3, 0x9c, 0xd4, 0x9c,
    0xf4, 0x9c, 0xd4, 0x9c, 0xf4, 0x9c, 0xf4, 0x9c, 0x14, 0xa5, 0xf4, 0x9c,
    0xf4, 0x9c, 0xf4, 0x9c, 0x14, 0xa5, 0x35, 0xa5, 0x35, 0xa5, 0x55, 0xad,
    0x55, 0xad, 0x55, 0xa5, 0x55, 0xad, 0x55, 0xa5, 0x35, 0xad, 0x35, 0xad,
    0x35, 0xad, 0x35, 0xa5, 0x14, 0xad, 0x14, 0xa5, 0x14, 0xa5, 0x14, 0xa5,
    0xf4, 0xa4, 0x14, 0xa5, 0xf4, 0xa4, 0xf4, 0xa4, 0xf4, 0xa4, 0xf4, 0xa4,
    0xf4, 0xa4, 0xf3, 0x9c, 0xb3, 0x9c, 0xb3, 0x94, 0xb3, 0x94, 0x92, 0x94,
    0x72, 0x8c, 0x92, 0x94, 0x92, 0x94, 0x93, 0x94, 0x93, 0x94, 0xb3, 0x94,
    0x92, 0x94, 0x92, 0x94, 0x92, 0x94, 0x72, 0x8c, 0x72, 0x8c, 0x51, 0x8c,
    0x31, 0x84, 0x31, 0x84, 0x11, 0x84, 0x10, 0x7c, 0x10, 0x7c, 0xf0, 0x7b,
    0xd0, 0x7b, 0xcf, 0x7b, 0xcf, 0x73, 0xaf, 0x73, 0x8f, 0x73, 0x8e, 0x73,
    0x6e, 0x6b, 0x4d, 0x6b, 0x4d, 0x6b, 0x0d, 0x63, 0xec, 0x5a, 0xcb, 0x5a,
    0x8b, 0x52, 0x6a, 0x4a, 0x49, 0x42, 0x08, 0x42, 0xe8, 0x39, 0xc7, 0x39,
    0xc7, 0x39, 0xe8, 0x39, 0x08, 0x42, 0x29, 0x42, 0x49, 0x4a, 0x6a, 0x4a,
    0x6a, 0x4a, 0x8a, 0x52, 0x8a, 0x52, 0xab, 0x52, 0x8b, 0x52, 0x8a, 0x4a,
    0x8a, 0x52, 0x6a, 0x52, 0x6a, 0x4a, 0x6a, 0x4a, 0x6a, 0x4a, 0x49, 0x4a,
    0x49, 0x4a, 0x49, 0x42, 0x29, 0x42, 0x09, 0x42, 0x08, 0x42, 0xe8, 0x39,
    0xc7, 0x39, 0xc7, 0x39, 0xa7, 0x31, 0xa7, 0x31, 0x86, 0x31, 0x86, 0x29,
    0x86, 0x31, 0x86, 0x31, 0x86, 0x29, 0x86, 0x31, 0x86, 0x31, 0x66, 0x31,
    0x86, 0x31, 0x66, 0x29, 0x86, 0x29, 0x86, 0x31, 0x66, 0x29, 0x66, 0x29,
    0x66, 0x31, 0x86, 0x31, 0x65, 0x29, 0x66, 0x29, 0x65, 0x29, 0x65, 0x29,
    0x66, 0x29, 0x46, 0x29, 0x65, 0x29, 0x46, 0x29, 0x45, 0x31, 0x65, 0x29,
    0x66, 0x29, 0x66, 0x29, 0x66, 0x29, 0x45, 0x29, 0x66, 0x29, 0x65, 0x29,
    0x66, 0x29, 0x46, 0x29, 0x65, 0x29, 0x46, 0x29, 0x45, 0x29, 0x45, 0x29,
    0x65, 0x29, 0x46, 0x29, 0x45, 0x29, 0x45, 0x29, 0x45, 0x21, 0x46, 0x21,
    0x45, 0x29, 0x45, 0x21, 0x46, 0x29, 0x45, 0x29, 0x45, 0x21, 0x45, 0x29,
    0x25, 0x29, 0x25, 0x21, 0x25, 0x21, 0x45, 0x29, 0x25, 0x29, 0x25, 0x21,
    0x45, 0x21, 0x25, 0x29, 0x25, 0x21, 0x25, 0x21, 0x25, 0x21, 0x24, 0x29,
    0x25, 0x21, 0x24, 0x21, 0x45, 0x29, 0x25, 0x29, 0x24, 0x21, 0x45, 0x21,
    0x35, 0xa5, 0x35, 0xa5, 0x35, 0xad, 0x35, 0xa5, 0x14, 0xa5, 0xf4, 0xa4,
    0xf4, 0xa4, 0xf4, 0x9c, 0xf4, 0x9c, 0xd3, 0x9c, 0xd4, 0x9c, 0xd4, 0xa4,
    0xf4, 0x9c, 0xf4, 0xa4, 0x14, 0xa5, 0x15, 0xa5, 0x15, 0xa5, 0x15, 0xa5,
    0x14, 0xa5, 0x35, 0xa5, 0x35, 0xa5, 0x35, 0xa5, 0x35, 0xa5, 0x55, 0xad,
    0x55, 0xad, 0x56, 0xad, 0x56, 0xad, 0x55, 0xad, 0x35, 0xa5, 0x35, 0xa5,
    0x35, 0xad, 0x14, 0xa5, 0x14, 0xa5, 0x14, 0xad, 0x14, 0xa5, 0x14, 0xa5,
    0xf4, 0xa4, 0xf4, 0xa4, 0xf4, 0xa4, 0xf4, 0xa4, 0xd3, 0xa4, 0xf4, 0xa4,
    0xf4, 0xa4, 0xd3, 0x9c, 0xb3, 0x94, 0x92, 0x94, 0x72, 0x8c, 0x72, 0x8c,
    0x72, 0x8c, 0x72, 0x8c, 0x72, 0x8c, 0x72, 0x8c, 0x92, 0x8c, 0x92, 0x94,
    0x72, 0x8c, 0x72, 0x8c, 0x52, 0x8c, 0x51, 0x8c, 0x31, 0x84, 0x31, 0x84,
    0x31, 0x84, 0x10, 0x84, 0xf0, 0x7b, 0xf0, 0x7b, 0xd0, 0x7b, 0xcf, 0x7b,
    0xcf, 0x73, 0xaf, 0x73, 0x8f, 0x73, 0x8e, 0x73, 0x6e, 0x6b, 0x6e, 0x6b,
    0x2d, 0x63, 0x2d, 0x63, 0xec, 0x5a, 0xcb, 0x52, 0xab, 0x52, 0x8a, 0x4a,
    0x49, 0x4a, 0x08, 0x42, 0xe8, 0x39, 0xe8, 0x39, 0xe8, 0x39, 0xe8, 0x39,
    0x08, 0x42, 0x29, 0x42, 0x4a, 0x4a, 0x6a, 0x4a, 0x6a, 0x4a, 0x8a, 0x52,
    0x8a, 0x52, 0xab, 0x52, 0x8b, 0x52, 0x8a, 0x52, 0x8a, 0x52, 0x8a, 0x52,
    0x6a, 0x4a, 0x8a, 0x4a, 0x6a, 0x4a, 0x6a, 0x4a, 0x49, 0x4a, 0x49, 0x4a,
    0x29, 0x42, 0x09, 0x42, 0x08, 0x42, 0xe8, 0x39, 0xc7, 0x39, 0xc7, 0x31,
    0xa7, 0x31, 0xa7, 0x31, 0x86, 0x31, 0x86, 0x31, 0x87, 0x31, 0x86, 0x31,
    0x86, 0x29, 0x86, 0x29, 0x86, 0x29, 0x86, 0x31, 0x66, 0x29, 0x66, 0x29,
    0x86, 0x29, 0x86, 0x31, 0x66, 0x31, 0x86, 0x29, 0x66, 0x29, 0x66, 0x31,
    0x66, 0x29, 0x65, 0x29, 0x65, 0x29, 0x66, 0x29, 0x66, 0x31, 0x65, 0x29,
    0x65, 0x29, 0x66, 0x29, 0x66, 0x29, 0x65, 0x29, 0x66, 0x29, 0x66, 0x29,
    0x65, 0x29, 0x65, 0x31, 0x65, 0x29, 0x45, 0x29, 0x46, 0x29, 0x45, 0x29,
    0x46, 0x29, 0x45, 0x29, 0x65, 0x29, 0x65, 0x29, 0x46, 0x29, 0x45, 0x29,
    0x45, 0x29, 0x65, 0x29, 0x45, 0x29, 0x45, 0x29, 0x45, 0x29, 0x45, 0x29,
    0x45, 0x29, 0x45, 0x29, 0x45, 0x29, 0x45, 0x21, 0x45, 0x29, 0x45, 0x29,
    0x45, 0x21, 0x25, 0x21, 0x45, 0x29, 0x25, 0x21, 0x45, 0x21, 0x25, 0x29,
    0x45, 0x29, 0x45, 0x21, 0x45, 0x21, 0x25, 0x29, 0x45, 0x21, 0x25, 0x21,
    0x25, 0x29, 0x24, 0x29, 0x25, 0x21, 0x25, 0x21, 0x25, 0x21, 0x45, 0x29,
    0x35, 0xa5, 0x35, 0xa5, 0x35, 0xad, 0x35, 0xa5, 0x14, 0xa5, 0x14, 0xa5,
    0x14, 0xa5, 0xf4, 0xa4, 0xf4, 0x9c, 0xf4, 0x9c, 0xf4, 0xa4, 0xd3, 0x9c,
    0xd3, 0x9c, 0xf4, 0x9c, 0xf4, 0xa4, 0x14, 0x9d, 0x14, 0xa5, 0x14, 0xa5,
    0x15, 0xa5, 0x35, 0xa5, 0x15, 0xa5, 0x35, 0xa5, 0x35, 0xad, 0x55, 0xad,
    0x55, 0xad, 0x55, 0xa5, 0x55, 0xad, 0x35, 0xad, 0x35, 0xad, 0x35, 0xa5,
    0x35, 0xa5, 0x14, 0xad, 0x14, 0xa5, 0xf4, 0xa4, 0xf4, 0xa4, 0xf4, 0xa4,
    0xf4, 0xa4, 0xf3, 0xa4, 0xf4, 0xa4, 0xf3, 0xa4, 0xd3, 0xa4, 0xd3, 0x9c,
    0xd3, 0x9c, 0xd3, 0x9c, 0xd3, 0x9c, 0xb3, 0x94, 0x92, 0x94, 0x72, 0x8c,
    0x51, 0x8c, 0x51, 0x8c, 0x72, 0x8c, 0x72, 0x8c, 0x72, 0x8c, 0x72, 0x8c,
    0x52, 0x8c, 0x31, 0x8c, 0x31, 0x84, 0x31, 0x84, 0x11, 0x84, 0x10, 0x84,
    0xf0, 0x7b, 0xf0, 0x7b, 0xd0, 0x7b, 0xcf, 0x7b, 0xaf, 0x73, 0xaf, 0x73,
    0x8e, 0x73, 0x8e, 0x6b, 0x6e, 0x6b, 0x6e, 0x6b, 0x4d, 0x63, 0x0d, 0x63,
    0xec, 0x5a, 0xcb, 0x5a, 0xab, 0x52, 0x8a, 0x52, 0x4a, 0x4a, 0x29, 0x42,
    0x08, 0x3a, 0xe8, 0x39, 0xe8, 0x39, 0x08, 0x42, 0x29, 0x42, 0x29, 0x42,
    0x49, 0x4a, 0x6a, 0x4a, 0x8a, 0x52, 0x8a, 0x52, 0x8b, 0x52, 0xab, 0x52,
    0xab, 0x52, 0x8b, 0x52, 0x8a, 0x52, 0x8b, 0x4a, 0x8a, 0x4a, 0x6a, 0x4a,
    0x6a, 0x52, 0x6a, 0x4a, 0x6a, 0x4a, 0x4a, 0x4a, 0x49, 0x4a, 0x29, 0x42,
    0x08, 0x42, 0xe8, 0x39, 0xc7, 0x39, 0xa7, 0x39, 0xa7, 0x31, 0x86, 0x31,
    0x86, 0x31, 0x86, 0x31, 0x87, 0x31, 0x86, 0x31, 0x86, 0x31, 0x86, 0x31,
    0x86, 0x31, 0x87, 0x31, 0x86, 0x31, 0x86, 0x31, 0x86, 0x29, 0x86, 0x29,
    0x66, 0x31, 0x66, 0x31, 0x86, 0x29, 0x66, 0x31, 0x66, 0x29, 0x66, 0x29,
    0x86, 0x31, 0x66, 0x29, 0x66, 0x29, 0x66, 0x31, 0x66, 0x29, 0x66, 0x29,
    0x66, 0x29, 0x46, 0x31, 0x65, 0x29, 0x65, 0x29, 0x66, 0x29, 0x65, 0x29,
    0x46, 0x29, 0x45, 0x29, 0x66, 0x29, 0x46, 0x29, 0x65, 0x31, 0x66, 0x29,
    0x65, 0x29, 0x65, 0x29, 0x46, 0x29, 0x65, 0x29, 0x65, 0x29, 0x46, 0x29,
    0x46, 0x29, 0x45, 0x29, 0x46, 0x29, 0x45, 0x29, 0x45, 0x29, 0x45, 0x29,
    0x45, 0x29, 0x45, 0x21, 0x45, 0x21, 0x25, 0x29, 0x25, 0x29, 0x45, 0x21,
    0x25, 0x21, 0x45, 0x29, 0x25, 0x29, 0x25, 0x21, 0x45, 0x29, 0x45, 0x29,
    0x25, 0x29, 0x25, 0x21, 0x25, 0x29, 0x25, 0x29, 0x45, 0x29, 0x25, 0x21,
    0x45, 0x21, 0x25, 0x21, 0x24, 0x21, 0x25, 0x29, 0x25, 0x21, 0x45, 0x29,
    0x35, 0xa5, 0x35, 0xa5, 0x35, 0xa5, 0x35, 0xad, 0x15, 0xa5, 0x14, 0xa5,
    0x14, 0xa5, 0xf4, 0xa4, 0xf4, 0xa4, 0xf4, 0x9c, 0xf4, 0x9c, 0xd4, 0x9c,
    0xd3, 0x9c, 0xd3, 0x9c, 0xb3, 0x9c, 0xd4, 0x9c, 0xf4, 0x9c, 0xf4, 0xa4,
    0x35, 0xa5, 0x14, 0xa5, 0xf4, 0x9c, 0xf4, 0x9c, 0x14, 0xa5, 0x35, 0xad,
    0x56, 0xad, 0x55, 0xad, 0x55, 0xad, 0x35, 0xa5, 0x35, 0xa5, 0x35, 0xad,
    0x14, 0xa5, 0x14, 0xa5, 0x14, 0xa5, 0xf4, 0xa4, 0xf4, 0xa4, 0xf4, 0xa4,
    0xf4, 0xa4, 0xd4, 0xa4, 0xd3, 0x9c, 0xd3, 0x9c, 0xd3, 0x9c, 0xb3, 0x9c,
    0xd3, 0x9c, 0xb3, 0x9c, 0xb3, 0x9c, 0xb3, 0x9c, 0x93, 0x94, 0x72, 0x8c,
    0x72, 0x8c, 0x52, 0x8c, 0x72, 0x8c, 0x51, 0x8c, 0x51, 0x8c, 0x51, 0x84,
    0x31, 0x84, 0x10, 0x84, 0x10, 0x84, 0x10, 0x7c, 0xf0, 0x7b, 0xf0, 0x7b,
    0xcf, 0x7b, 0xcf, 0x73, 0xaf, 0x73, 0xaf, 0x73, 0x8e, 0x73, 0x8e, 0x6b,
    0x6e, 0x6b, 0x4e, 0x6b, 0x4d, 0x63, 0x0c, 0x63, 0xec, 0x5a, 0xcb, 0x5a,
    0xab, 0x52, 0x6a, 0x4a, 0x49, 0x4a, 0x29, 0x42, 0x08, 0x42, 0xe8, 0x39,
    0x08, 0x42, 0x09, 0x42, 0x49, 0x42, 0x49, 0x4a, 0x6a, 0x4a, 0x6a, 0x4a,
    0x8a, 0x52, 0x8a, 0x52, 0x8a, 0x52, 0xab, 0x52, 0x8b, 0x52, 0xab, 0x52,
    0xab, 0x52, 0x8a, 0x52, 0x8b, 0x52, 0x8a, 0x52, 0x8a, 0x52, 0x8a, 0x52,
    0x6a, 0x4a, 0x6a, 0x4a, 0x49, 0x4a, 0x29, 0x42, 0x09, 0x42, 0x08, 0x3a,
    0xe8, 0x39, 0xc7, 0x39, 0xa7, 0x31, 0xa7, 0x31, 0x86, 0x31, 0xa7, 0x31,
    0xa7, 0x31, 0x86, 0x31, 0xa6, 0x31, 0x87, 0x31, 0xa6, 0x31, 0x86, 0x31,
    0x87, 0x31, 0x86, 0x31, 0x86, 0x29, 0x86, 0x29, 0x86, 0x31, 0x86, 0x31,
    0x66, 0x31, 0x86, 0x29, 0x66, 0x29, 0x86, 0x29, 0x86, 0x31, 0x66, 0x31,
    0x66, 0x29, 0x86, 0x29, 0x66, 0x29, 0x65, 0x29, 0x65, 0x29, 0x66, 0x29,
    0x65, 0x29, 0x65, 0x29, 0x66, 0x29, 0x45, 0x29, 0x46, 0x31, 0x65, 0x29,
    0x66, 0x29, 0x66, 0x29, 0x66, 0x29, 0x65, 0x29, 0x65, 0x29, 0x66, 0x29,
    0x66, 0x29, 0x46, 0x29, 0x46, 0x29, 0x46, 0x29, 0x45, 0x29, 0x45, 0x29,
    0x45, 0x29, 0x46, 0x29, 0x45, 0x29, 0x65, 0x29, 0x45, 0x29, 0x46, 0x21,
    0x45, 0x21, 0x45, 0x29, 0x46, 0x29, 0x45, 0x29, 0x45, 0x21, 0x46, 0x29,
    0x45, 0x29, 0x45, 0x29, 0x25, 0x21, 0x45, 0x29, 0x25, 0x21, 0x25, 0x21,
    0x45, 0x21, 0x25, 0x29, 0x25, 0x21, 0x25, 0x29, 0x25, 0x21, 0x25, 0x29,
    0x45, 0x29, 0x25, 0x21, 0x25, 0x29, 0x45, 0x21, 0x45, 0x29, 0x45, 0x29,
    0x35, 0xa5, 0x55, 0xa5, 0x35, 0xad, 0x55, 0xad, 0x35, 0xa5, 0x14, 0xa5,
    0x14, 0xa5, 0x15, 0xa5, 0x14, 0xa5, 0xf4, 0x9c, 0xf4, 0xa4, 0xf4, 0x9c,
    0xd4, 0x9c, 0xb3, 0x94, 0xb3, 0x94, 0xd3, 0x9c, 0xd4, 0x9c, 0xf4, 0x9c,
    0x35, 0xa5, 0x15, 0xa5, 0xf4, 0x9c, 0xb3, 0x94, 0xb3, 0x94, 0xb3, 0x9c,
    0xf4, 0x9c, 0x35, 0xa5, 0x35, 0xad, 0x35, 0xad, 0x35, 0xa5, 0x35, 0xad,
    0x14, 0xa5, 0x14, 0xa5, 0xf4, 0xa4, 0xf4, 0xa4, 0xf4, 0xa4, 0xf3, 0xa4,
    0xf3, 0xa4, 0xd3, 0x9c, 0xd3, 0x9c, 0xd3, 0x9c, 0xb3, 0x9c, 0xb3, 0x9c,
    0xb3, 0x9c, 0x93, 0x94, 0xb2, 0x94, 0x92, 0x94, 0x72, 0x8c, 0x51, 0x8c,
    0x31, 0x84, 0x11, 0x84, 0x11, 0x84, 0x10, 0x84, 0x31, 0x84, 0x10, 0x84,
    0x10, 0x7c, 0xf0, 0x7b, 0xf0, 0x7b, 0xcf, 0x7b, 0xcf, 0x73, 0xaf, 0x73,
    0xaf, 0x73, 0xaf, 0x73, 0x8e, 0x73, 0x6e, 0x6b, 0x6e, 0x6b, 0x4e, 0x6b,
    0x2d, 0x63, 0x0c, 0x63, 0xec, 0x5a, 0xcb, 0x5a, 0xab, 0x52, 0x6a, 0x4a,
    0x49, 0x4a, 0x29, 0x42, 0x08, 0x3a, 0xe8, 0x39, 0x08, 0x42, 0x29, 0x42,
    0x29, 0x42, 0x49, 0x4a, 0x6a, 0x4a, 0x8a, 0x52, 0x8a, 0x52, 0x8b, 0x52,
    0xab, 0x52, 0xab, 0x52, 0xab, 0x52, 0xab, 0x52, 0xab, 0x52, 0x8b, 0x52,
    0x8a, 0x52, 0x8b, 0x52, 0x8a, 0x52, 0x8a, 0x4a, 0x6a, 0x4a, 0x6a, 0x4a,
    0x49, 0x4a, 0x29, 0x42, 0x29, 0x42, 0x08, 0x42, 0xe8, 0x39, 0xc7, 0x39,
    0xc7, 0x39, 0xa7, 0x31, 0xa7, 0x31, 0xa6, 0x31, 0xa6, 0x31, 0x87, 0x31,
    0xa6, 0x31, 0x87, 0x31, 0x86, 0x31, 0x86, 0x31, 0x87, 0x31, 0xa6, 0x31,
    0x86, 0x29, 0x87, 0x29, 0x86, 0x31, 0x86, 0x31, 0x86, 0x29, 0x86, 0x31,
    0x66, 0x29, 0x66, 0x29, 0x86, 0x31, 0x66, 0x31, 0x66, 0x29, 0x66, 0x29,
    0x66, 0x31, 0x66, 0x29, 0x65, 0x31, 0x66, 0x31, 0x66, 0x29, 0x65, 0x29,
    0x66, 0x29, 0x66, 0x29, 0x66, 0x29, 0x65, 0x29, 0x66, 0x29, 0x66, 0x29,
    0x45, 0x29, 0x65, 0x31, 0x65, 0x29, 0x66, 0x29, 0x66, 0x29, 0x65, 0x29,
    0x46, 0x31, 0x65, 0x29, 0x65, 0x29, 0x65, 0x29, 0x46, 0x29, 0x65, 0x29,
    0x65, 0x29, 0x45, 0x29, 0x45, 0x29, 0x45, 0x29, 0x46, 0x29, 0x45, 0x29,
    0x45, 0x29, 0x45, 0x29, 0x45, 0x29, 0x45, 0x21, 0x45, 0x29, 0x45, 0x21,
    0x25, 0x29, 0x45, 0x29, 0x45, 0x21, 0x25, 0x29, 0x45, 0x29, 0x25, 0x21,
    0x45, 0x29, 0x45, 0x21, 0x45, 0x29, 0x45, 0x21, 0x25, 0x21, 0x25, 0x21,
    0x25, 0x29, 0x25, 0x29, 0x25, 0x21, 0x24, 0x21, 0x25, 0x29, 0x25, 0x21,
    0x35, 0xa5, 0x35, 0xad, 0x35, 0xad, 0x55, 0xa5, 0x35, 0xa5, 0x14, 0xa5,
    0x14, 0xa5, 0x15, 0xa5, 0x14, 0xa5, 0x14, 0xa5, 0x14, 0xa5, 0xf4, 0x9c,
    0xf4, 0x9c, 0xf4, 0xa4, 0xf4, 0x9c, 0x14, 0xa5, 0xf4, 0xa4, 0x14, 0xa5,
    0x15, 0xa5, 0x35, 0xa5, 0x55, 0xad, 0x55, 0xad, 0x14, 0xa5, 0xd3, 0x9c,
    0x93, 0x94, 0xb3, 0x94, 0xd3, 0x9c, 0x14, 0xa5, 0x35, 0xa5, 0x35, 0xa5,
    0x14, 0xa5, 0xf4, 0xa4, 0xf4, 0xa4, 0xf4, 0xa4, 0xd3, 0xa4, 0xd3, 0xa4,
    0xd3, 0x9c, 0xd3, 0x9c, 0xb3, 0x9c, 0xb3, 0x9c, 0xb2, 0x9c, 0x92, 0x94,
    0x92, 0x94, 0x92, 0x94, 0x72, 0x94, 0x72, 0x8c, 0x31, 0x84, 0x10, 0x84,
    0x10, 0x7c, 0xf0, 0x7b, 0xcf, 0x7b, 0xaf, 0x73, 0xcf, 0x73, 0xf0, 0x7b,
    0xd0, 0x7b, 0xcf, 0x7b, 0xcf, 0x73, 0xaf, 0x73, 0xaf, 0x73, 0x8f, 0x73,
    0x8e, 0x73, 0x6e, 0x6b, 0x4e, 0x6b, 0x4d, 0x6b, 0x2d, 0x63, 0x0d, 0x63,
    0xec, 0x5a, 0xcb, 0x5a, 0xab, 0x52, 0x8a, 0x52, 0x49, 0x4a, 0x29, 0x42,
    0x08, 0x3a, 0xe8, 0x39, 0x08, 0x42, 0x29, 0x42, 0x49, 0x4a, 0x49, 0x4a,
    0x6a, 0x4a, 0x8a, 0x52, 0x8a, 0x52, 0x8b, 0x52, 0xab, 0x52, 0xab, 0x52,
    0xab, 0x52, 0xab, 0x52, 0xab, 0x52, 0x8a, 0x52, 0xaa, 0x52, 0x8a, 0x52,
    0x8a, 0x52, 0x8a, 0x4a, 0x6a, 0x4a, 0x6a, 0x4a, 0x49, 0x4a, 0x29, 0x42,
    0x09, 0x42, 0x08, 0x42, 0xe8, 0x39, 0xc7, 0x39, 0xa7, 0x39, 0xa7, 0x31,
    0xa7, 0x31, 0xa7, 0x31, 0xa6, 0x39, 0xa7, 0x31, 0xa7, 0x31, 0x86, 0x31,
    0x87, 0x31, 0xa6, 0x31, 0xa6, 0x31, 0x87, 0x31, 0x86, 0x31, 0x86, 0x31,
    0xa6, 0x31, 0x86, 0x31, 0x87, 0x31, 0x86, 0x31, 0x86, 0x31, 0x87, 0x29,
    0x86, 0x31, 0x86, 0x31, 0x86, 0x31, 0x66, 0x31, 0x86, 0x29, 0x66, 0x29,
    0x66, 0x29, 0x66, 0x31, 0x86, 0x29, 0x65, 0x29, 0x66, 0x29, 0x66, 0x29,
    0x66, 0x31, 0x66, 0x31, 0x65, 0x29, 0x66, 0x29, 0x66, 0x29, 0x66, 0x29,
    0x66, 0x29, 0x66, 0x29, 0x45, 0x29, 0x45, 0x31, 0x65, 0x29, 0x46, 0x29,
    0x65, 0x29, 0x65, 0x29, 0x46, 0x29, 0x65, 0x29, 0x65, 0x29, 0x46, 0x29,
    0x66, 0x29, 0x66, 0x29, 0x45, 0x29, 0x45, 0x29, 0x46, 0x29, 0x45, 0x29,
    0x45, 0x29, 0x45, 0x29, 0x45, 0x29, 0x45, 0x21, 0x45, 0x29, 0x25, 0x29,
    0x45, 0x21, 0x45, 0x21, 0x45, 0x29, 0x45, 0x21, 0x45, 0x29, 0x45, 0x29,
    0x25, 0x21, 0x25, 0x29, 0x25, 0x21, 0x45, 0x21, 0x25, 0x29, 0x45, 0x29,
    0x45, 0x21, 0x25, 0x21, 0x45, 0x29, 0x25, 0x29, 0x25, 0x21, 0x25, 0x21,
    0x35, 0xa5, 0x55, 0xad, 0x56, 0xa5, 0x56, 0xad, 0x35, 0xa5, 0x35, 0xa5,
    0x14, 0xa5, 0x14, 0xa5, 0x14, 0xa5, 0x14, 0xa5, 0x15, 0xa5, 0x15, 0xa5,
    0x14, 0xa5, 0x14, 0xa5, 0x14, 0xa5, 0x15, 0xa5, 0x35, 0xa5, 0x55, 0xa5,
    0x55, 0xad, 0x56, 0xad, 0x76, 0xad, 0x55, 0xad, 0x35, 0xa5, 0x35, 0xa5,
    0x35, 0xa5, 0x14, 0x9d, 0xf4, 0x9c, 0xf4, 0x9c, 0x14, 0xa5, 0x14, 0xa5,
    0x14, 0xa5, 0xf4, 0xa4, 0xf4, 0xa4, 0xd3, 0x9c, 0xd3, 0x9c, 0xd3, 0x9c,
    0xb3, 0x9c, 0xb3, 0x9c, 0xb3, 0x9c, 0x92, 0x9c, 0x92, 0x94, 0x92, 0x94,
    0x72, 0x94, 0x72, 0x94, 0x72, 0x8c, 0x52, 0x8c, 0x51, 0x8c, 0x10, 0x84,
    0xf0, 0x7b, 0xcf, 0x73, 0xaf, 0x73, 0x8f, 0x73, 0xaf, 0x73, 0xaf, 0x73,
    0xaf, 0x73, 0xaf, 0x73, 0x8e, 0x73, 0x8e, 0x73, 0x6e, 0x6b, 0x6e, 0x6b,
    0x4d, 0x6b, 0x4d, 0x6b, 0x2d, 0x63, 0x0c, 0x63, 0xec, 0x5a, 0xcb, 0x5a,
    0xab, 0x52, 0x8a, 0x4a, 0x4a, 0x4a, 0x29, 0x42, 0x08, 0x42, 0x08, 0x42,
    0x09, 0x42, 0x29, 0x42, 0x49, 0x4a, 0x6a, 0x4a, 0x6a, 0x4a, 0x8a, 0x52,
    0xab, 0x52, 0xab, 0x52, 0xab, 0x52, 0xab, 0x52, 0xab, 0x52, 0xab, 0x52,
    0xab, 0x52, 0xab, 0x52, 0x8a, 0x52, 0x8b, 0x52, 0x8b, 0x52, 0x8a, 0x52,
    0x6a, 0x4a, 0x4a, 0x4a, 0x49, 0x4a, 0x29, 0x42, 0x09, 0x42, 0x08, 0x3a,
    0xe8, 0x39, 0xc7, 0x39, 0xa7, 0x31, 0xc7, 0x31, 0xa7, 0x31, 0xa7, 0x39,
    0xa7, 0x31, 0xa7, 0x31, 0xa6, 0x31, 0xa7, 0x31, 0xa7, 0x31, 0xa6, 0x31,
    0x86, 0x31, 0x87, 0x31, 0xa7, 0x31, 0xa6, 0x31, 0x86, 0x31, 0x86, 0x31,
    0x87, 0x31, 0x86, 0x31, 0x86, 0x29, 0x86, 0x31, 0x86, 0x29, 0x86, 0x31,
    0x86, 0x29, 0x66, 0x29, 0x66, 0x29, 0x86, 0x29, 0x66, 0x29, 0x66, 0x31,
    0x66, 0x31, 0x86, 0x29, 0x66, 0x29, 0x66, 0x29, 0x65, 0x29, 0x66, 0x31,
    0x65, 0x29, 0x65, 0x29, 0x66, 0x29, 0x66, 0x29, 0x65, 0x31, 0x65, 0x29,
    0x65, 0x29, 0x66, 0x29, 0x66, 0x29, 0x66, 0x29, 0x66, 0x29, 0x65, 0x29,
    0x46, 0x29, 0x66, 0x29, 0x46, 0x29, 0x45, 0x29, 0x45, 0x29, 0x66, 0x29,
    0x45, 0x29, 0x45, 0x29, 0x46, 0x29, 0x45, 0x29, 0x65, 0x29, 0x45, 0x29,
    0x45, 0x29, 0x46, 0x21, 0x45, 0x21, 0x45, 0x29, 0x45, 0x21, 0x45, 0x29,
    0x45, 0x29, 0x45, 0x29, 0x25, 0x29, 0x45, 0x29, 0x25, 0x21, 0x25, 0x21,
    0x45, 0x29, 0x25, 0x21, 0x45, 0x29, 0x25, 0x29, 0x25, 0x21, 0x25, 0x29,
    0x25, 0x21, 0x25, 0x21, 0x25, 0x29, 0x45, 0x21, 0x25, 0x29, 0x45, 0x29,
    0x55, 0xa5, 0x55, 0xad, 0x55, 0xad, 0x55, 0xad, 0x35, 0xa5, 0x35, 0xa5,
    0x15, 0xad, 0x14, 0xa5, 0x15, 0xa5, 0x15, 0xa5, 0x14, 0xa5, 0x14, 0xa5,
    0x14, 0xa5, 0x35, 0xa5, 0x15, 0xa5, 0x35, 0xa5, 0x35, 0xa5, 0x55, 0xad,
    0x76, 0xad, 0x56, 0xad, 0x55, 0xad, 0x35, 0xa5, 0x35, 0xa5, 0x35, 0xa5,
    0x15, 0xa5, 0x14, 0xa5, 0x14, 0xa5, 0xf4, 0xa4, 0x15, 0xa5, 0x14, 0xa5,
    0x14, 0xa5, 0xf4, 0xa4, 0xd3, 0xa4, 0xd3, 0x9c, 0xd3, 0x9c, 0xb3, 0x9c,
    0xb3, 0x9c, 0xb2, 0x94, 0x92, 0x94, 0x72, 0x94, 0x72, 0x94, 0x71, 0x8c,
    0x51, 0x8c, 0x51, 0x8c, 0x31, 0x8c, 0x51, 0x84, 0x31, 0x84, 0x10, 0x84,
    0xf0, 0x7b, 0xd0, 0x7b, 0xaf, 0x73, 0x8e, 0x73, 0x8f, 0x73, 0xaf, 0x73,
    0x8e, 0x73, 0x8e, 0x6b, 0x6e, 0x6b, 0x6e, 0x6b, 0x4e, 0x6b, 0x2d, 0x63,
    0x2d, 0x63, 0x0c, 0x63, 0xec, 0x5a, 0xcc, 0x52, 0xab, 0x52, 0x6a, 0x52,
    0x4a, 0x4a, 0x49, 0x42, 0x28, 0x42, 0x08, 0x42, 0x09, 0x42, 0x29, 0x42,
    0x49, 0x4a, 0x6a, 0x4a, 0x6a, 0x4a, 0x8a, 0x52, 0x8b, 0x52, 0xab, 0x52,
    0xab, 0x52, 0xab, 0x52, 0xab, 0x52, 0xab, 0x52, 0xab, 0x5a, 0xab, 0x52,
    0xab, 0x52, 0xab, 0x52, 0xab, 0x52, 0x8a, 0x52, 0x6a, 0x4a, 0x6a, 0x4a,
    0x49, 0x4a, 0x29, 0x42, 0x08, 0x42, 0xe8, 0x39, 0xe8, 0x39, 0xc7, 0x39,
    0xc7, 0x31, 0xc7, 0x39, 0xa7, 0x31, 0xa7, 0x31, 0xc7, 0x39, 0xa7, 0x31,
    0xa7, 0x31, 0xa7, 0x31, 0xa7, 0x31, 0xa6, 0x39, 0xa7, 0x31, 0xa6, 0x31,
    0xa7, 0x31, 0x87, 0x31, 0x86, 0x31, 0x86, 0x31, 0xa7, 0x31, 0x87, 0x31,
    0x86, 0x31, 0x86, 0x31, 0x86, 0x31, 0x87, 0x31, 0x86, 0x29, 0x86, 0x31,
    0x86, 0x31, 0x86, 0x29, 0x66, 0x31, 0x66, 0x29, 0x86, 0x31, 0x86, 0x29,
    0x66, 0x29, 0x66, 0x29, 0x66, 0x31, 0x66, 0x31, 0x66, 0x29, 0x65, 0x29,
    0x66, 0x29, 0x66, 0x29, 0x65, 0x31, 0x65, 0x29, 0x66, 0x29, 0x66, 0x31,
    0x66, 0x29, 0x65, 0x29, 0x45, 0x29, 0x66, 0x29, 0x66, 0x29, 0x65, 0x31,
    0x66, 0x29, 0x45, 0x29, 0x65, 0x29, 0x45, 0x29, 0x66, 0x29, 0x66, 0x29,
    0x45, 0x29, 0x45, 0x29, 0x65, 0x29, 0x46, 0x29, 0x45, 0x29, 0x45, 0x29,
    0x66, 0x29, 0x45, 0x29, 0x45, 0x29, 0x46, 0x29, 0x45, 0x29, 0x45, 0x21,
    0x45, 0x29, 0x46, 0x21, 0x25, 0x21, 0x45, 0x29, 0x45, 0x29, 0x45, 0x21,
    0x25, 0x29, 0x45, 0x29, 0x45, 0x21, 0x45, 0x29, 0x25, 0x29, 0x25, 0x21,
    0x45, 0x29, 0x25, 0x29, 0x25, 0x21, 0x25, 0x29, 0x45, 0x21, 0x45, 0x29,
    0x55, 0xad, 0x55, 0xad, 0x56, 0xad, 0x56, 0xad, 0x55, 0xa5, 0x35, 0xa5,
    0x35, 0xa5, 0x35, 0xa5, 0x15, 0xa5, 0x34, 0xa5, 0x15, 0xa5, 0x14, 0xa5,
    0x35, 0xa5, 0x35, 0xa5, 0x35, 0xa5, 0x35, 0xad, 0x55, 0xad, 0x55, 0xad,
    0x56, 0xad, 0x76, 0xad, 0x55, 0xad, 0x35, 0xa5, 0x35, 0xa5, 0x14, 0xa5,
    0x15, 0xa5, 0x14, 0xa5, 0x14, 0xa5, 0x14, 0xa5, 0x15, 0xa5, 0x14, 0xa5,
    0xf4, 0xa4, 0xd3, 0x9c, 0xd3, 0x9c, 0xb3, 0x9c, 0xb3, 0x9c, 0xb2, 0x9c,
    0x92, 0x94, 0x72, 0x94, 0x72, 0x94, 0x52, 0x94, 0x51, 0x8c, 0x51, 0x8c,
    0x31, 0x8c, 0x31, 0x84, 0x31, 0x84, 0x11, 0x84, 0x10, 0x84, 0xf0, 0x7b,
    0xf0, 0x7b, 0xcf, 0x7b, 0xaf, 0x73, 0x8e, 0x6b, 0x6e, 0x6b, 0x8e, 0x73,
    0x6e, 0x6b, 0x6e, 0x6b, 0x4d, 0x6b, 0x4d, 0x6b, 0x2d, 0x63, 0x0c, 0x63,
    0xec, 0x5a, 0xcb, 0x5a, 0xab, 0x52, 0x8a, 0x52, 0x6a, 0x4a, 0x49, 0x42,
    0x29, 0x42, 0x08, 0x42, 0x29, 0x42, 0x49, 0x4a, 0x49, 0x4a, 0x6a, 0x4a,
    0x6a, 0x4a, 0x8a, 0x4a, 0x8a, 0x52, 0xab, 0x52, 0xab, 0x52, 0xab, 0x52,
    0xab, 0x52, 0xab, 0x52, 0xab, 0x52, 0xab, 0x52, 0xab, 0x52, 0xab, 0x52,
    0xab, 0x52, 0x8a, 0x52, 0x6a, 0x4a, 0x6a, 0x4a, 0x49, 0x4a, 0x29, 0x42,
    0x08, 0x42, 0x08, 0x3a, 0xe8, 0x39, 0xc7, 0x39, 0xc7, 0x39, 0xc7, 0x31,
    0xc7, 0x39, 0xa7, 0x39, 0xc7, 0x39, 0xc7, 0x39, 0xa7, 0x31, 0xa7, 0x31,
    0xa7, 0x31, 0xa7, 0x39, 0xa7, 0x31, 0xa7, 0x31, 0xa6, 0x31, 0xa7, 0x31,
    0xa7, 0x31, 0xa6, 0x31, 0xa6, 0x31, 0x86, 0x31, 0xa7, 0x31, 0x86, 0x31,
    0x87, 0x31, 0xa6, 0x31, 0x86, 0x31, 0x86, 0x29, 0x86, 0x31, 0x86, 0x31,
    0x87, 0x31, 0x86, 0x29, 0x66, 0x31, 0x86, 0x31, 0x86, 0x29, 0x66, 0x31,
    0x66, 0x29, 0x66, 0x29, 0x66, 0x29, 0x66, 0x31, 0x86, 0x29, 0x66, 0x29,
    0x66, 0x31, 0x66, 0x29, 0x66, 0x29, 0x66, 0x31, 0x66, 0x29, 0x65, 0x29,
    0x66, 0x29, 0x66, 0x29, 0x66, 0x31, 0x65, 0x29, 0x45, 0x29, 0x45, 0x29,
    0x65, 0x29, 0x66, 0x29, 0x66, 0x29, 0x65, 0x29, 0x46, 0x29, 0x46, 0x29,
    0x65, 0x31, 0x66, 0x29, 0x66, 0x29, 0x45, 0x29, 0x45, 0x29, 0x66, 0x29,
    0x45, 0x29, 0x45, 0x29, 0x45, 0x29, 0x46, 0x21, 0x45, 0x29, 0x45, 0x29,
    0x45, 0x21, 0x45, 0x29, 0x45, 0x29, 0x45, 0x21, 0x45, 0x29, 0x25, 0x29,
    0x25, 0x21, 0x25, 0x21, 0x25, 0x21, 0x25, 0x21, 0x45, 0x21, 0x45, 0x29,
    0x45, 0x21, 0x25, 0x21, 0x25, 0x29, 0x25, 0x21, 0x25, 0x21, 0x45, 0x21,
    0x55, 0xa5, 0x56, 0xad, 0x56, 0xad, 0x55, 0xad, 0x55, 0xad, 0x35, 0xa5,
    0x35, 0xa5, 0x35, 0xa5, 0x14, 0xa5, 0x35, 0xa5, 0x35, 0xa5, 0x15, 0xa5,
    0x35, 0xa5, 0x35, 0xad, 0x35, 0xa5, 0x35, 0xa5, 0x55, 0xad, 0x56, 0xad,
    0x76, 0xad, 0x55, 0xad, 0x76, 0xad, 0x55, 0xad, 0x35, 0xa5, 0xf4, 0x9c,
    0xd3, 0x9c, 0xf4, 0x9c, 0xf4, 0x9c, 0x15, 0xa5, 0x14, 0xa5, 0xf4, 0x9c,
    0xf4, 0x9c, 0xd3, 0x9c, 0xb3, 0x9c, 0x93, 0x9c, 0x92, 0x94, 0x92, 0x94,
    0x72, 0x94, 0x72, 0x94, 0x51, 0x8c, 0x51, 0x8c, 0x31, 0x8c, 0x31, 0x8c,
    0x30, 0x84, 0x10, 0x84, 0xf0, 0x83, 0xf0, 0x7b, 0xf0, 0x7b, 0xcf, 0x7b,
    0xcf, 0x73, 0xaf, 0x73, 0x8e, 0x73, 0x6e, 0x6b, 0x6e, 0x6b, 0x6e, 0x6b,
    0x4d, 0x6b, 0x2d, 0x63, 0x2d, 0x63, 0x0c, 0x5b, 0xec, 0x5a, 0xcb, 0x52,
    0xab, 0x52, 0x6a, 0x52, 0x6a, 0x4a, 0x49, 0x4a, 0x29, 0x42, 0x29, 0x42,
    0x49, 0x42, 0x49, 0x4a, 0x4a, 0x4a, 0x6a, 0x4a, 0x6a, 0x4a, 0x6a, 0x4a,
    0x8a, 0x52, 0xab, 0x52, 0xab, 0x52, 0xab, 0x52, 0xab, 0x52, 0xab, 0x52,
    0xab, 0x52, 0xab, 0x52, 0xab, 0x52, 0x8b, 0x52, 0x8a, 0x52, 0x8a, 0x52,
    0x8a, 0x52, 0x6a, 0x4a, 0x49, 0x4a, 0x29, 0x42, 0x08, 0x42, 0x08, 0x3a,
    0xc8, 0x39, 0xc7, 0x39, 0xc7, 0x39, 0xc7, 0x39, 0xc7, 0x31, 0xc8, 0x39,
    0xa7, 0x39, 0xc7, 0x31, 0xc7, 0x31, 0xa7, 0x39, 0xc7, 0x39, 0xc7, 0x31,
    0xa7, 0x39, 0xa7, 0x39, 0xc7, 0x31, 0xc7, 0x31, 0xa7, 0x39, 0xa6, 0x31,
    0xa6, 0x31, 0xa7, 0x31, 0xa7, 0x31, 0x87, 0x31, 0x86, 0x31, 0x86, 0x31,
    0x86, 0x31, 0x87, 0x31, 0x86, 0x31, 0x87, 0x31, 0x86, 0x29, 0x86, 0x29,
    0x86, 0x29, 0x86, 0x31, 0x86, 0x29, 0x66, 0x31, 0x66, 0x29, 0x66, 0x31,
    0x66, 0x31, 0x86, 0x31, 0x86, 0x29, 0x66, 0x29, 0x66, 0x31, 0x86, 0x31,
    0x65, 0x29, 0x66, 0x29, 0x65, 0x29, 0x66, 0x29, 0x65, 0x29, 0x66, 0x29,
    0x65, 0x29, 0x66, 0x29, 0x66, 0x29, 0x66, 0x29, 0x66, 0x29, 0x66, 0x29,
    0x65, 0x29, 0x66, 0x29, 0x65, 0x31, 0x46, 0x29, 0x65, 0x29, 0x65, 0x29,
    0x45, 0x29, 0x46, 0x29, 0x45, 0x29, 0x65, 0x29, 0x46, 0x29, 0x45, 0x29,
    0x45, 0x29, 0x45, 0x29, 0x45, 0x29, 0x45, 0x29, 0x45, 0x21, 0x45, 0x29,
    0x45, 0x29, 0x45, 0x29, 0x45, 0x29, 0x45, 0x29, 0x25, 0x21, 0x45, 0x21,
    0x45, 0x21, 0x45, 0x29, 0x45, 0x29, 0x25, 0x29, 0x25, 0x29, 0x45, 0x21,
    0x25, 0x21, 0x25, 0x29, 0x45, 0x29, 0x45, 0x21, 0x45, 0x29, 0x25, 0x29,
    0x55, 0xa5, 0x56, 0xad, 0x56, 0xad, 0x55, 0xad, 0x55, 0xad, 0x35, 0xa5,
    0x35, 0xa5, 0x35, 0xa5, 0x35, 0xad, 0x35, 0xa5, 0x35, 0xa5, 0x35, 0xa5,
    0x35, 0xad, 0x35, 0xa5, 0x35, 0xad, 0x55, 0xad, 0x55, 0xad, 0x56, 0xad,
    0x56, 0xad, 0x75, 0xad, 0x56, 0xad, 0x35, 0xa5, 0x35, 0xa5, 0x14, 0xa5,
    0xd4, 0x9c, 0xb3, 0x94, 0xb3, 0x94, 0xd3, 0x9c, 0xd3, 0x9c, 0xd4, 0x9c,
    0xd3, 0x9c, 0xb3, 0x9c, 0x92, 0x9c, 0x92, 0x94, 0x72, 0x94, 0x71, 0x94,
    0x51, 0x8c, 0x51, 0x8c, 0x51, 0x8c, 0x31, 0x8c, 0x10, 0x84, 0x10, 0x84,
    0xf0, 0x83, 0xf0, 0x7b, 0xf0, 0x7b, 0xcf, 0x7b, 0xcf, 0x73, 0xaf, 0x73,
    0x8e, 0x73, 0x8e, 0x6b, 0x6e, 0x6b, 0x6e, 0x6b, 0x4e, 0x6b, 0x2d, 0x63,
    0x2d, 0x63, 0x0c, 0x63, 0xec, 0x5a, 0xcb, 0x5a, 0xab, 0x52, 0x8a, 0x4a,
    0x6a, 0x4a, 0x49, 0x4a, 0x29, 0x42, 0x29, 0x42, 0x49, 0x42, 0x49, 0x4a,
    0x6a, 0x4a, 0x6a, 0x4a, 0x6a, 0x4a, 0x8a, 0x52, 0x8a, 0x52, 0x8b, 0x52,
    0x8b, 0x52, 0xaa, 0x52, 0x8b, 0x52, 0x8b, 0x52, 0xaa, 0x52, 0x8b, 0x52,
    0x8b, 0x52, 0x8a, 0x52, 0x8a, 0x52, 0x8a, 0x52, 0x6a, 0x4a, 0x6a, 0x4a,
    0x49, 0x4a, 0x49, 0x4a, 0x29, 0x42, 0x08, 0x42, 0xe8, 0x39, 0xc8, 0x39,
    0xc7, 0x39, 0xc7, 0x39, 0xc7, 0x31, 0xa7, 0x31, 0xc7, 0x31, 0xc7, 0x39,
    0xa7, 0x39, 0xc7, 0x31, 0xc8, 0x39, 0xa7, 0x31, 0xa7, 0x31, 0xa7, 0x31,
    0xc7, 0x39, 0xa7, 0x31, 0xa7, 0x31, 0xa7, 0x31, 0xa7, 0x31, 0xa7, 0x39,
    0xa7, 0x31, 0xa6, 0x31, 0xa7, 0x31, 0xa6, 0x31, 0x87, 0x31, 0xa7, 0x31,
    0xa6, 0x31, 0x86, 0x31, 0x86, 0x31, 0x86, 0x31, 0x86, 0x31, 0x86, 0x31,
    0x86, 0x31, 0x86, 0x31, 0x86, 0x29, 0x87, 0x29, 0x86, 0x31, 0x66, 0x29,
    0x86, 0x31, 0x86, 0x29, 0x66, 0x31, 0x66, 0x31, 0x66, 0x29, 0x66, 0x29,
    0x66, 0x29, 0x86, 0x29, 0x66, 0x31, 0x65, 0x29, 0x66, 0x29, 0x66, 0x31,
    0x66, 0x31, 0x65, 0x29, 0x65, 0x29, 0x65, 0x31, 0x66, 0x29, 0x66, 0x29,
    0x66, 0x29, 0x45, 0x29, 0x45, 0x29, 0x65, 0x29, 0x66, 0x29, 0x66, 0x31,
    0x65, 0x29, 0x66, 0x29, 0x46, 0x29, 0x45, 0x29, 0x65, 0x29, 0x46, 0x29,
    0x65, 0x29, 0x45, 0x29, 0x46, 0x29, 0x46, 0x29, 0x45, 0x29, 0x45, 0x29,
    0x45, 0x29, 0x45, 0x21, 0x45, 0x21, 0x45, 0x21, 0x45, 0x29, 0x45, 0x29,
    0x46, 0x29, 0x45, 0x29, 0x45, 0x21, 0x45, 0x29, 0x45, 0x21, 0x25, 0x29,
    0x25, 0x29, 0x45, 0x29, 0x45, 0x21, 0x25, 0x29, 0x25, 0x29, 0x25, 0x29,
    0x55, 0xad, 0x56, 0xad, 0x76, 0xad, 0x75, 0xad, 0x55, 0xad, 0x35, 0xad,
    0x35, 0xa5, 0x35, 0xa5, 0x35, 0xa5, 0x35, 0xad, 0x35, 0xa5, 0x35, 0xad,
    0x55, 0xa5, 0x55, 0xa5, 0x55, 0xad, 0x55, 0xad, 0x56, 0xad, 0x56, 0xad,
    0x75, 0xad, 0x56, 0xad, 0x55, 0xad, 0x35, 0xa5, 0x14, 0xa5, 0x14, 0xa5,
    0xd4, 0x9c, 0xd3, 0x9c, 0xd3, 0x94, 0xb3, 0x94, 0xb3, 0x94, 0xb3, 0x9c,
    0xb3, 0x9c, 0xb2, 0x94, 0x92, 0x94, 0x72, 0x94, 0x51, 0x8c, 0x31, 0x8c,
    0x31, 0x8c, 0x31, 0x84, 0x10, 0x84, 0x10, 0x84, 0x10, 0x84, 0xf0, 0x7b,
    0xf0, 0x7b, 0xcf, 0x7b, 0xaf, 0x73, 0xaf, 0x73, 0x8f, 0x73, 0x8e, 0x73,
    0x6e, 0x6b, 0x6e, 0x6b, 0x4d, 0x6b, 0x4d, 0x6b, 0x2d, 0x63, 0x0c, 0x5b,
    0xec, 0x5a, 0xcb, 0x5a, 0xab, 0x52, 0x8a, 0x52, 0x6a, 0x4a, 0x49, 0x4a,
    0x29, 0x42, 0x49, 0x42, 0x49, 0x4a, 0x49, 0x4a, 0x4a, 0x4a, 0x6a, 0x4a,
    0x6a, 0x4a, 0x8a, 0x4a, 0x8a, 0x52, 0x8a, 0x52, 0x8a, 0x52, 0x8b, 0x52,
    0x8a, 0x52, 0x8b, 0x52, 0x8b, 0x4a, 0x8b, 0x52, 0x8a, 0x52, 0x8a, 0x52,
    0x8a, 0x4a, 0x6a, 0x4a, 0x6a, 0x4a, 0x49, 0x4a, 0x49, 0x4a, 0x49, 0x42,
    0x29, 0x42, 0x08, 0x42, 0xe8, 0x39, 0xe8, 0x39, 0xc7, 0x39, 0xc7, 0x39,
    0xe8, 0x39, 0xc7, 0x39, 0xc7, 0x31, 0xc7, 0x39, 0xc7, 0x39, 0xa7, 0x31,
    0xc7, 0x39, 0xc7, 0x39, 0xc7, 0x39, 0xa7, 0x39, 0xc7, 0x31, 0xc7, 0x39,
    0xa7, 0x31, 0xa7, 0x31, 0xa7, 0x39, 0xa7, 0x31, 0xc7, 0x31, 0xc7, 0x31,
    0xa7, 0x31, 0xa7, 0x39, 0xa6, 0x31, 0xa7, 0x31, 0xa6, 0x31, 0x86, 0x31,
    0x87, 0x31, 0xa6, 0x31, 0x87, 0x31, 0x86, 0x31, 0x86, 0x31, 0x87, 0x31,
    0x87, 0x31, 0x86, 0x29, 0x86, 0x31, 0x86, 0x31, 0x86, 0x29, 0x66, 0x29,
    0x86, 0x29, 0x86, 0x29, 0x66, 0x29, 0x66, 0x29, 0x86, 0x29, 0x66, 0x29,
    0x66, 0x31, 0x66, 0x31, 0x65, 0x29, 0x66, 0x31, 0x66, 0x29, 0x66, 0x29,
    0x65, 0x29, 0x66, 0x29, 0x66, 0x31, 0x66, 0x29, 0x65, 0x29, 0x65, 0x29,
    0x65, 0x29, 0x66, 0x29, 0x66, 0x29, 0x66, 0x29, 0x46, 0x29, 0x65, 0x29,
    0x66, 0x29, 0x66, 0x29, 0x65, 0x29, 0x46, 0x29, 0x45, 0x29, 0x45, 0x29,
    0x46, 0x29, 0x45, 0x29, 0x65, 0x29, 0x65, 0x29, 0x46, 0x29, 0x45, 0x29,
    0x45, 0x21, 0x45, 0x29, 0x45, 0x29, 0x46, 0x29, 0x45, 0x29, 0x45, 0x29,
    0x45, 0x29, 0x45, 0x29, 0x25, 0x21, 0x25, 0x29, 0x45, 0x29, 0x45, 0x21,
    0x45, 0x29, 0x25, 0x21, 0x25, 0x21, 0x25, 0x21, 0x25, 0x21, 0x45, 0x21,
    0x55, 0xad, 0x76, 0xad, 0x76, 0xad, 0x76, 0xad, 0x76, 0xad, 0x56, 0xad,
    0x56, 0xad, 0x55, 0xad, 0x55, 0xad, 0x55, 0xa5, 0x35, 0xad, 0x35, 0xad,
    0x55, 0xad, 0x56, 0xad, 0x76, 0xad, 0x75, 0xad, 0x56, 0xad, 0x75, 0xad,
    0x76, 0xad, 0x56, 0xad, 0x55, 0xad, 0x35, 0xa5, 0xf4, 0xa4, 0xf4, 0x9c,
    0xd4, 0x9c, 0xb3, 0x94, 0xb3, 0x94, 0xb3, 0x94, 0xb3, 0x94, 0xb3, 0x94,
    0xb3, 0x94, 0x92, 0x94, 0x72, 0x94, 0x51, 0x8c, 0x31, 0x8c, 0x31, 0x84,
    0x10, 0x84, 0x10, 0x84, 0xf0, 0x7b, 0xf0, 0x7b, 0xd0, 0x7b, 0xcf, 0x7b,
    0xcf, 0x73, 0xaf, 0x73, 0xaf, 0x73, 0x8e, 0x73, 0x8e, 0x6b, 0x6e, 0x6b,
    0x6e, 0x6b, 0x4d, 0x6b, 0x2d, 0x63, 0x0c, 0x63, 0xec, 0x5a, 0xcb, 0x52,
    0xab, 0x52, 0x8a, 0x52, 0x6a, 0x4a, 0x49, 0x4a, 0x49, 0x42, 0x49, 0x4a,
    0x49, 0x4a, 0x4a, 0x4a, 0x6a, 0x4a, 0x6a, 0x4a, 0x6a, 0x4a, 0x8a, 0x52,
    0x8a, 0x52, 0x8a, 0x52, 0x8a, 0x52, 0x8a, 0x52, 0x8b, 0x4a, 0x8a, 0x52,
    0x8a, 0x4a, 0x8a, 0x4a, 0x8a, 0x52, 0x8a, 0x52, 0x8a, 0x4a, 0x6a, 0x4a,
    0x49, 0x4a, 0x49, 0x4a, 0x29, 0x42, 0x29, 0x42, 0x29, 0x42, 0x08, 0x42,
    0xe8, 0x39, 0xe7, 0x39, 0xe8, 0x39, 0xc8, 0x39, 0xc7, 0x39, 0xc7, 0x39,
    0xc7, 0x39, 0xc7, 0x31, 0xc7, 0x39, 0xc7, 0x39, 0xc8, 0x39, 0xc7, 0x31,
    0xc7, 0x31, 0xc7, 0x31, 0xc7, 0x31, 0xc7, 0x39, 0xc7, 0x31, 0xa7, 0x39,
    0xa7, 0x39, 0xc7, 0x31, 0xc7, 0x31, 0xa7, 0x39, 0xa7, 0x39, 0xa7, 0x31,
    0xa7, 0x31, 0xa7, 0x31, 0xa6, 0x31, 0xa7, 0x31, 0xa6, 0x31, 0x87, 0x31,
    0x87, 0x31, 0xa6, 0x31, 0xa6, 0x31, 0x87, 0x31, 0x86, 0x31, 0x86, 0x31,
    0x86, 0x29, 0x86, 0x29, 0x86, 0x31, 0x86, 0x31, 0x86, 0x31, 0x86, 0x31,
    0x66, 0x31, 0x66, 0x31, 0x66, 0x31, 0x66, 0x29, 0x66, 0x31, 0x86, 0x31,
    0x66, 0x29, 0x86, 0x29, 0x66, 0x31, 0x66, 0x29, 0x66, 0x29, 0x65, 0x29,
    0x66, 0x29, 0x66, 0x29, 0x66, 0x29, 0x65, 0x29, 0x66, 0x29, 0x66, 0x31,
    0x66, 0x29, 0x66, 0x31, 0x66, 0x29, 0x66, 0x29, 0x65, 0x29, 0x65, 0x29,
    0x45, 0x29, 0x45, 0x29, 0x65, 0x29, 0x66, 0x31, 0x66, 0x29, 0x45, 0x29,
    0x45, 0x29, 0x46, 0x29, 0x45, 0x29, 0x45, 0x29, 0x65, 0x29, 0x46, 0x29,
    0x45, 0x29, 0x45, 0x29, 0x46, 0x29, 0x45, 0x29, 0x45, 0x29, 0x45, 0x29,
    0x45, 0x21, 0x45, 0x21, 0x45, 0x29, 0x45, 0x21, 0x46, 0x29, 0x45, 0x29,
    0x45, 0x21, 0x25, 0x21, 0x45, 0x29, 0x45, 0x29, 0x45, 0x29, 0x25, 0x21,
    0x56, 0xad, 0x76, 0xad, 0x96, 0xb5, 0x96, 0xb5, 0x96, 0xb5, 0x96, 0xb5,
    0x97, 0xb5, 0x96, 0xb5, 0x76, 0xad, 0x76, 0xad, 0x76, 0xad, 0x76, 0xad,
    0x56, 0xad, 0x76, 0xad, 0x56, 0xad, 0x56, 0xad, 0x76, 0xad, 0x76, 0xad,
    0x55, 0xad, 0x55, 0xad, 0x35, 0xa5, 0x35, 0xa5, 0xf4, 0x9c, 0xd3, 0x9c,
    0xb3, 0x94, 0xb3, 0x94, 0x92, 0x94, 0x93, 0x94, 0x93, 0x94, 0x92, 0x94,
    0x92, 0x94, 0x72, 0x8c, 0x72, 0x8c, 0x51, 0x8c, 0x31, 0x84, 0x10, 0x84,
    0xf0, 0x83, 0xf0, 0x7b, 0xcf, 0x7b, 0xaf, 0x73, 0xaf, 0x73, 0xaf, 0x73,
    0x8f, 0x73, 0x8e, 0x73, 0x8e, 0x6b, 0x6e, 0x6b, 0x6e, 0x6b, 0x4d, 0x6b,
    0x2d, 0x63, 0x0c, 0x5b, 0xec, 0x5a, 0xcb, 0x52, 0xab, 0x52, 0x8a, 0x52,
    0x6a, 0x4a, 0x4a, 0x4a, 0x29, 0x42, 0x49, 0x42, 0x49, 0x4a, 0x6a, 0x4a,
    0x6a, 0x4a, 0x6a, 0x4a, 0x6a, 0x52, 0x8a, 0x52, 0x8a, 0x52, 0x8b, 0x52,
    0xaa, 0x52, 0x8b, 0x52, 0x8b, 0x52, 0x8a, 0x4a, 0x8a, 0x4a, 0x8a, 0x52,
    0x6a, 0x52, 0x8a, 0x52, 0x8a, 0x52, 0x6a, 0x4a, 0x4a, 0x4a, 0x49, 0x4a,
    0x29, 0x42, 0x29, 0x42, 0x29, 0x42, 0x08, 0x42, 0xe8, 0x39, 0xe8, 0x39,
    0xe8, 0x39, 0xe8, 0x39, 0xe8, 0x39, 0xe7, 0x39, 0xc8, 0x39, 0xc7, 0x39,
    0xc7, 0x39, 0xc7, 0x39, 0xc7, 0x31, 0xc7, 0x39, 0xc8, 0x31, 0xc7, 0x39,
    0xc7, 0x39, 0xc8, 0x39, 0xc7, 0x39, 0xc7, 0x31, 0xc7, 0x39, 0xa7, 0x31,
    0xc7, 0x31, 0xc7, 0x39, 0xa7, 0x31, 0xa7, 0x31, 0xa7, 0x31, 0xa7, 0x39,
    0xc7, 0x31, 0xa7, 0x31, 0xa7, 0x31, 0xa6, 0x31, 0xa7, 0x31, 0xa7, 0x31,
    0xa6, 0x31, 0x86, 0x31, 0x87, 0x31, 0x86, 0x31, 0x86, 0x31, 0x86, 0x31,
    0x86, 0x31, 0x86, 0x31, 0x86, 0x29, 0x87, 0x31, 0x86, 0x29, 0x86, 0x31,
    0x66, 0x29, 0x66, 0x29, 0x86, 0x31, 0x66, 0x29, 0x66, 0x29, 0x66, 0x31,
    0x66, 0x29, 0x66, 0x29, 0x86, 0x29, 0x66, 0x29, 0x66, 0x29, 0x65, 0x31,
    0x66, 0x31, 0x66, 0x29, 0x65, 0x31, 0x66, 0x29, 0x66, 0x31, 0x66, 0x29,
    0x66, 0x29, 0x65, 0x29, 0x65, 0x31, 0x65, 0x29, 0x66, 0x31, 0x66, 0x29,
    0x66, 0x29, 0x65, 0x31, 0x46, 0x29, 0x65, 0x29, 0x45, 0x29, 0x66, 0x29,
    0x65, 0x29, 0x65, 0x29, 0x46, 0x29, 0x45, 0x29, 0x45, 0x29, 0x65, 0x29,
    0x46, 0x29, 0x45, 0x29, 0x45, 0x29, 0x45, 0x21, 0x46, 0x21, 0x45, 0x29,
    0x45, 0x21, 0x46, 0x29, 0x45, 0x29, 0x45, 0x29, 0x45, 0x21, 0x25, 0x21,
    0x25, 0x29, 0x45, 0x29, 0x45, 0x29, 0x45, 0x29, 0x45, 0x21, 0x25, 0x29,
    0x76, 0xad, 0x96, 0xb5, 0x97, 0xb5, 0xb7, 0xb5, 0xb7, 0xb5, 0xb7, 0xb5,
    0xb7, 0xb5, 0xb7, 0xb5, 0xb7, 0xb5, 0xb7, 0xb5, 0xb7, 0xb5, 0xb7, 0xb5,
    0x96, 0xb5, 0x76, 0xad, 0x76, 0xad, 0x76, 0xad, 0x76, 0xad, 0x56, 0xad,
    0x55, 0xad, 0x55, 0xa5, 0x35, 0xa5, 0x35, 0xa5, 0x14, 0xa5, 0xf4, 0x9c,
    0xd3, 0x9c, 0xb3, 0x94, 0x92, 0x94, 0x72, 0x8c, 0x92, 0x94, 0x92, 0x94,
    0x72, 0x8c, 0x72, 0x8c, 0x51, 0x8c, 0x31, 0x84, 0x31, 0x84, 0x10, 0x84,
    0xd0, 0x7b, 0xcf, 0x73, 0xcf, 0x73, 0xaf, 0x73, 0x8e, 0x73, 0x8e, 0x73,
    0x8e, 0x6b, 0x6e, 0x6b, 0x6e, 0x6b, 0x4e, 0x6b, 0x2d, 0x63, 0x0c, 0x63,
    0xec, 0x5a, 0xcb, 0x5a, 0xab, 0x52, 0x8a, 0x52, 0x6a, 0x4a, 0x6a, 0x4a,
    0x49, 0x4a, 0x49, 0x4a, 0x69, 0x4a, 0x6a, 0x4a, 0x6a, 0x4a, 0x6a, 0x4a,
    0x6a, 0x52, 0x8a, 0x52, 0x8a, 0x52, 0x8b, 0x52, 0x8a, 0x52, 0x8b, 0x52,
    0x8b, 0x52, 0x8a, 0x52, 0x8a, 0x4a, 0x8b, 0x52, 0x8a, 0x52, 0x8a, 0x52,
    0x6a, 0x4a, 0x6a, 0x4a, 0x4a, 0x4a, 0x49, 0x4a, 0x29, 0x42, 0x29, 0x42,
    0x08, 0x42, 0x08, 0x42, 0x08, 0x42, 0xe8, 0x39, 0xe8, 0x39, 0xe8, 0x39,
    0xe8, 0x39, 0xe8, 0x39, 0xe7, 0x39, 0xe7, 0x39, 0xe7, 0x39, 0xe8, 0x39,
    0xc7, 0x39, 0xc8, 0x39, 0xc7, 0x39, 0xc7, 0x31, 0xc7, 0x39, 0xc7, 0x39,
    0xc8, 0x39, 0xc7, 0x39, 0xc8, 0x39, 0xc7, 0x39, 0xc7, 0x31, 0xc7, 0x39,
    0xa7, 0x39, 0xa7, 0x31, 0xa7, 0x39, 0xc7, 0x31, 0xc7, 0x31, 0xa7, 0x31,
    0xa7, 0x39, 0xa7, 0x39, 0xa7, 0x31, 0xa7, 0x31, 0xa6, 0x31, 0xa6, 0x31,
    0xa6, 0x31, 0x87, 0x31, 0xa7, 0x31, 0x86, 0x31, 0x86, 0x31, 0x87, 0x31,
    0x87, 0x31, 0x86, 0x31, 0x86, 0x31, 0x86, 0x29, 0x86, 0x31, 0x86, 0x29,
    0x86, 0x29, 0x86, 0x31, 0x66, 0x29, 0x86, 0x29, 0x66, 0x31, 0x66, 0x29,
    0x66, 0x31, 0x86, 0x29, 0x66, 0x31, 0x65, 0x31, 0x66, 0x29, 0x66, 0x29,
    0x66, 0x29, 0x66, 0x29, 0x66, 0x29, 0x65, 0x31, 0x65, 0x29, 0x65, 0x29,
    0x65, 0x29, 0x66, 0x29, 0x66, 0x29, 0x66, 0x29, 0x65, 0x29, 0x66, 0x29,
    0x66, 0x29, 0x66, 0x29, 0x66, 0x29, 0x46, 0x29, 0x65, 0x29, 0x46, 0x29,
    0x66, 0x29, 0x45, 0x29, 0x45, 0x29, 0x46, 0x29, 0x45, 0x29, 0x45, 0x29,
    0x45, 0x29, 0x46, 0x29, 0x45, 0x21, 0x45, 0x29, 0x45, 0x29, 0x45, 0x29,
    0x45, 0x29, 0x46, 0x29, 0x45, 0x29, 0x45, 0x29, 0x45, 0x29, 0x45, 0x21,
    0x46, 0x29, 0x45, 0x21, 0x25, 0x29, 0x45, 0x29, 0x25, 0x21, 0x45, 0x29,
    0x96, 0xb5, 0xb7, 0xb5, 0xb7, 0xb5, 0xb7, 0xbd, 0xb7, 0xb5, 0xd7, 0xbd,
    0xd7, 0xb5, 0xd7, 0xbd, 0xb8, 0xb5, 0xb7, 0xb5, 0xb7, 0xb5, 0xb7, 0xb5,
    0xb7, 0xb5, 0x96, 0xb5, 0x96, 0xb5, 0x76, 0xad, 0x76, 0xad, 0x56, 0xad,
    0x55, 0xad, 0x35, 0xa5, 0x15, 0xa5, 0x14, 0xa5, 0xf4, 0x9c, 0xf4, 0x9c,
    0xb3, 0x94, 0x93, 0x94, 0x92, 0x94, 0x92, 0x8c, 0x72, 0x8c, 0x72, 0x8c,
    0x51, 0x8c, 0x51, 0x8c, 0x31, 0x84, 0x11, 0x84, 0xf0, 0x7b, 0xf0, 0x7b,
    0xcf, 0x73, 0xaf, 0x73, 0x8e, 0x73, 0x8e, 0x73, 0x6e, 0x6b, 0x6e, 0x6b,
    0x6e, 0x6b, 0x4e, 0x6b, 0x2d, 0x63, 0x2c, 0x63, 0xec, 0x5a, 0xcb, 0x5a,
    0xcb, 0x52, 0xab, 0x52, 0x8a, 0x52, 0x6a, 0x4a, 0x6a, 0x4a, 0x6a, 0x4a,
    0x6a, 0x4a, 0x6a, 0x4a, 0x8a, 0x52, 0x8a, 0x52, 0x8a, 0x52, 0x8a, 0x52,
    0xaa, 0x52, 0xab, 0x52, 0xaa, 0x52, 0xaa, 0x52, 0x8b, 0x52, 0x8a, 0x52,
    0xaa, 0x52, 0x8b, 0x52, 0x8a, 0x52, 0x8a, 0x52, 0x6a, 0x4a, 0x6a, 0x4a,
    0x6a, 0x4a, 0x49, 0x4a, 0x49, 0x42, 0x29, 0x42, 0x08, 0x42, 0x08, 0x3a,
    0xe8, 0x39, 0xe8, 0x39, 0xe8, 0x41, 0x08, 0x3a, 0x08, 0x3a, 0xe8, 0x41,
    0xe8, 0x41, 0x08, 0x3a, 0xe8, 0x39, 0xe7, 0x39, 0xe8, 0x39, 0xc8, 0x39,
    0xe8, 0x39, 0xc7, 0x39, 0xc8, 0x39, 0xc7, 0x39, 0xc7, 0x39, 0xc8, 0x39,
    0xc7, 0x31, 0xc7, 0x31, 0xc7, 0x39, 0xc7, 0x31, 0xc8, 0x39, 0xc7, 0x39,
    0xc7, 0x31, 0xc7, 0x39, 0xc7, 0x31, 0xc7, 0x39, 0xa7, 0x39, 0xa7, 0x31,
    0xa7, 0x31, 0xa7, 0x31, 0xc7, 0x31, 0xa7, 0x39, 0xa7, 0x31, 0xa7, 0x31,
    0xa7, 0x31, 0x86, 0x31, 0x87, 0x31, 0xa6, 0x31, 0x86, 0x31, 0x87, 0x31,
    0xa6, 0x31, 0x86, 0x31, 0x86, 0x31, 0x86, 0x29, 0x86, 0x31, 0x86, 0x31,
    0x86, 0x31, 0x86, 0x29, 0x66, 0x31, 0x86, 0x31, 0x86, 0x29, 0x66, 0x29,
    0x66, 0x29, 0x66, 0x31, 0x66, 0x29, 0x66, 0x29, 0x85, 0x31, 0x66, 0x29,
    0x65, 0x29, 0x65, 0x29, 0x66, 0x29, 0x66, 0x29, 0x66, 0x29, 0x66, 0x31,
    0x66, 0x31, 0x65, 0x29, 0x66, 0x29, 0x66, 0x31, 0x66, 0x29, 0x65, 0x29,
    0x65, 0x29, 0x66, 0x29, 0x65, 0x29, 0x65, 0x29, 0x46, 0x31, 0x65, 0x29,
    0x45, 0x29, 0x46, 0x29, 0x65, 0x29, 0x65, 0x29, 0x46, 0x29, 0x45, 0x29,
    0x45, 0x29, 0x65, 0x29, 0x45, 0x29, 0x45, 0x29, 0x45, 0x29, 0x46, 0x21,
    0x45, 0x29, 0x45, 0x29, 0x45, 0x21, 0x45, 0x21, 0x45, 0x29, 0x45, 0x29,
    0x45, 0x29, 0x45, 0x29, 0x45, 0x21, 0x46, 0x21, 0x45, 0x29, 0x45, 0x29,
    0xb7, 0xb5, 0xb7, 0xb5, 0xb7, 0xbd, 0xd7, 0xbd, 0xb7, 0xbd, 0xd7, 0xbd,
    0xd7, 0xbd, 0xd7, 0xbd, 0xd7, 0xbd, 0xd7, 0xbd, 0xb7, 0xb5, 0xb7, 0xb5,
    0xb7, 0xb5, 0x96, 0xb5, 0x96, 0xb5, 0x76, 0xad, 0x56, 0xad, 0x55, 0xad,
    0x35, 0xa5, 0x15, 0xa5, 0x14, 0xa5, 0xf4, 0x9c, 0xf3, 0x9c, 0xb3, 0x94,
    0x92, 0x94, 0x52, 0x8c, 0x51, 0x8c, 0x51, 0x84, 0x31, 0x84, 0x31, 0x84,
    0x31, 0x84, 0x31, 0x84, 0x10, 0x84, 0xf0, 0x7b, 0xd0, 0x7b, 0xcf, 0x73,
    0xaf, 0x73, 0x8e, 0x73, 0x8e, 0x6b, 0x6e, 0x6b, 0x4e, 0x6b, 0x4d, 0x63,
    0x4d, 0x6b, 0x2d, 0x63, 0x0c, 0x63, 0xec, 0x5a, 0xcb, 0x5a, 0xab, 0x52,
    0x8a, 0x52, 0x6a, 0x4a, 0x6a, 0x4a, 0x6a, 0x4a, 0x8a, 0x52, 0x8a, 0x52,
    0x8a, 0x52, 0x8a, 0x52, 0x8b, 0x52, 0xab, 0x52, 0xab, 0x52, 0xab, 0x52,
    0xab, 0x52, 0xab, 0x52, 0xab, 0x52, 0xab, 0x52, 0x8b, 0x52, 0x8b, 0x52,
    0x8a, 0x52, 0x8a, 0x52, 0x6a, 0x4a, 0x6a, 0x4a, 0x6a, 0x4a, 0x49, 0x4a,
    0x49, 0x42, 0x29, 0x42, 0x29, 0x42, 0x08, 0x42, 0xe8, 0x39, 0xe8, 0x39,
    0x08, 0x42, 0xe8, 0x39, 0xe8, 0x39, 0x08, 0x42, 0xe8, 0x39, 0xe8, 0x41,
    0x08, 0x3a, 0xe8, 0x39, 0xe8, 0x39, 0xe8, 0x39, 0xe8, 0x39, 0xe7, 0x39,
    0xc7, 0x39, 0xc7, 0x39, 0xc7, 0x39, 0xc7, 0x39, 0xc8, 0x39, 0xc7, 0x31,
    0xc7, 0x39, 0xc7, 0x39, 0xc7, 0x31, 0xc8, 0x31, 0xc7, 0x39, 0xc7, 0x31,
    0xc7, 0x31, 0xa7, 0x31, 0xa7, 0x39, 0xa7, 0x31, 0xc7, 0x31, 0xa7, 0x39,
    0xc7, 0x39, 0xa7, 0x31, 0xa7, 0x31, 0xa7, 0x39, 0xa6, 0x31, 0xa7, 0x31,
    0xa7, 0x31, 0xa7, 0x31, 0x86, 0x31, 0xa7, 0x31, 0xa7, 0x31, 0x86, 0x31,
    0x86, 0x31, 0xa7, 0x31, 0x87, 0x31, 0x86, 0x31, 0x87, 0x29, 0x86, 0x29,
    0x86, 0x31, 0x86, 0x31, 0x66, 0x29, 0x66, 0x29, 0x86, 0x31, 0x86, 0x31,
    0x86, 0x29, 0x66, 0x29, 0x66, 0x31, 0x66, 0x29, 0x66, 0x29, 0x66, 0x31,
    0x66, 0x29, 0x65, 0x31, 0x65, 0x31, 0x66, 0x29, 0x66, 0x29, 0x66, 0x29,
    0x66, 0x29, 0x66, 0x31, 0x66, 0x29, 0x66, 0x29, 0x65, 0x31, 0x66, 0x29,
    0x66, 0x29, 0x65, 0x31, 0x66, 0x29, 0x65, 0x29, 0x66, 0x29, 0x66, 0x29,
    0x45, 0x29, 0x66, 0x29, 0x65, 0x29, 0x46, 0x29, 0x45, 0x29, 0x45, 0x29,
    0x46, 0x29, 0x45, 0x29, 0x45, 0x29, 0x46, 0x29, 0x45, 0x29, 0x45, 0x29,
    0x45, 0x21, 0x45, 0x29, 0x45, 0x29, 0x45, 0x29, 0x46, 0x29, 0x45, 0x29,
    0x45, 0x21, 0x45, 0x29, 0x45, 0x21, 0x45, 0x29, 0x45, 0x29, 0x45, 0x21,
    0xb7, 0xb5, 0xb7, 0xb5, 0xb7, 0xb5, 0xb7, 0xb5, 0xd7, 0xb5, 0xb7, 0xb5,
    0xb7, 0xbd, 0xb7, 0xb5, 0xb7, 0xb5, 0xb7, 0xb5, 0xb7, 0xb5, 0xb7, 0xb5,
    0x96, 0xb5, 0x96, 0xb5, 0x76, 0xad, 0x76, 0xad, 0x55, 0xad, 0x35, 0xa5,
    0x15, 0xa5, 0x14, 0xa5, 0xf4, 0x9c, 0xd4, 0x9c, 0xd3, 0x9c, 0x93, 0x94,
    0x72, 0x8c, 0x51, 0x84, 0x11, 0x84, 0x10, 0x84, 0xf0, 0x7b, 0xf0, 0x7b,
    0xf0, 0x7b, 0xf0, 0x7b, 0xf0, 0x7b, 0xcf, 0x7b, 0xaf, 0x73, 0xaf, 0x73,
    0x8e, 0x73, 0x6e, 0x6b, 0x4d, 0x6b, 0x4d, 0x63, 0x2d, 0x63, 0x0c, 0x63,
    0x0c, 0x5b, 0xec, 0x5a, 0xcb, 0x5a, 0xab, 0x52, 0x8b, 0x52, 0x8a, 0x4a,
    0x6a, 0x4a, 0x6a, 0x4a, 0x8a, 0x52, 0x8a, 0x52, 0xab, 0x52, 0x8a, 0x52,
    0xab, 0x52, 0xab, 0x52, 0xab, 0x52, 0xab, 0x5a, 0xab, 0x52, 0xab, 0x52,
    0xab, 0x5a, 0xab, 0x52, 0xab, 0x52, 0x8b, 0x52, 0x8a, 0x52, 0x8a, 0x52,
    0x8a, 0x52, 0x6a, 0x4a, 0x6a, 0x4a, 0x49, 0x4a, 0x49, 0x4a, 0x29, 0x42,
    0x29, 0x42, 0x08, 0x42, 0x08, 0x42, 0x08, 0x3a, 0xe8, 0x39, 0x08, 0x42,
    0xe8, 0x41, 0x08, 0x42, 0x08, 0x3a, 0xe8, 0x39, 0xe8, 0x41, 0xe8, 0x39,
    0xe8, 0x39, 0xe8, 0x39, 0xe8, 0x41, 0xe8, 0x41, 0xe8, 0x39, 0xe7, 0x39,
    0xe7, 0x39, 0xc8, 0x39, 0xc7, 0x39, 0xc7, 0x39, 0xc7, 0x31, 0xc7, 0x31,
    0xc7, 0x31, 0xc7, 0x39, 0xc8, 0x39, 0xc7, 0x39, 0xc7, 0x39, 0xc7, 0x39,
    0xc7, 0x39, 0xc7, 0x31, 0xa7, 0x39, 0xc7, 0x39, 0xa7, 0x39, 0xc7, 0x31,
    0xc7, 0x31, 0xa7, 0x31, 0xa7, 0x31, 0xa7, 0x31, 0xa7, 0x31, 0xa6, 0x31,
    0xa6, 0x31, 0xa6, 0x39, 0xa7, 0x31, 0x86, 0x31, 0x86, 0x31, 0x87, 0x31,
    0x86, 0x31, 0x86, 0x31, 0x87, 0x31, 0x86, 0x31, 0x86, 0x31, 0x86, 0x31,
    0x87, 0x29, 0x86, 0x29, 0x86, 0x29, 0x66, 0x31, 0x66, 0x31, 0x66, 0x29,
    0x66, 0x31, 0x66, 0x29, 0x66, 0x29, 0x86, 0x31, 0x66, 0x29, 0x66, 0x29,
    0x66, 0x29, 0x66, 0x29, 0x66, 0x29, 0x65, 0x29, 0x65, 0x31, 0x65, 0x29,
    0x66, 0x29, 0x66, 0x29, 0x66, 0x29, 0x65, 0x29, 0x66, 0x29, 0x65, 0x29,
    0x66, 0x31, 0x66, 0x29, 0x66, 0x29, 0x66, 0x29, 0x66, 0x29, 0x65, 0x29,
    0x46, 0x29, 0x45, 0x29, 0x65, 0x29, 0x45, 0x29, 0x46, 0x29, 0x65, 0x29,
    0x66, 0x29, 0x45, 0x29, 0x45, 0x29, 0x66, 0x29, 0x45, 0x29, 0x45, 0x29,
    0x45, 0x29, 0x46, 0x21, 0x45, 0x29, 0x45, 0x29, 0x45, 0x29, 0x45, 0x21,
    0x45, 0x29, 0x45, 0x29, 0x45, 0x29, 0x45, 0x29, 0x45, 0x29, 0x45, 0x29,
    0x96, 0xb5, 0x96, 0xb5, 0x97, 0xb5, 0x97, 0xb5, 0xb7, 0xb5, 0xb7, 0xb5,
    0xb7, 0xb5, 0xb7, 0xb5, 0xb7, 0xb5, 0xb7, 0xb5, 0x97, 0xb5, 0x96, 0xb5,
    0x96, 0xb5, 0x76, 0xad, 0x76, 0xad, 0x55, 0xad, 0x35, 0xa5, 0x15, 0xa5,
    0x14, 0x9d, 0xf4, 0x9c, 0xd3, 0x9c, 0xb3, 0x94, 0xb3, 0x94, 0x92, 0x94,
    0x72, 0x8c, 0x51, 0x84, 0x11, 0x84, 0xf0, 0x7b, 0xcf, 0x7b, 0xd0, 0x7b,
    0xf0, 0x7b, 0xcf, 0x7b, 0xcf, 0x7b, 0xaf, 0x73, 0xaf, 0x73, 0x8e, 0x73,
    0x6e, 0x6b, 0x4e, 0x6b, 0x4d, 0x63, 0x0c, 0x63, 0xec, 0x5a, 0xcc, 0x5a,
    0xcb, 0x52, 0xcb, 0x52, 0xab, 0x52, 0x8a, 0x4a, 0x8a, 0x4a, 0x8a, 0x52,
    0x8b, 0x52, 0xab, 0x52, 0xab, 0x52, 0xab, 0x52, 0xab, 0x52, 0xab, 0x52,
    0xcb, 0x5a, 0xcb, 0x5a, 0xab, 0x52, 0xcb, 0x5a, 0xab, 0x5a, 0xab, 0x52,
    0xab, 0x5a, 0xab, 0x52, 0x8a, 0x52, 0x8a, 0x52, 0x8a, 0x52, 0x6a, 0x4a,
    0x6a, 0x4a, 0x6a, 0x4a, 0x49, 0x4a, 0x29, 0x42, 0x29, 0x42, 0x08, 0x42,
    0x08, 0x42, 0x08, 0x42, 0x08, 0x3a, 0x09, 0x3a, 0x08, 0x42, 0x08, 0x3a,
    0xe8, 0x39, 0xe8, 0x39, 0x08, 0x42, 0x08, 0x42, 0xe8, 0x39, 0xe8, 0x39,
    0xe8, 0x39, 0x08, 0x3a, 0x08, 0x3a, 0xe8, 0x39, 0xe8, 0x39, 0xe8, 0x39,
    0xe8, 0x39, 0xe7, 0x39, 0xe8, 0x39, 0xc7, 0x39, 0xe8, 0x39, 0xc7, 0x39,
    0xc7, 0x39, 0xe8, 0x39, 0xc7, 0x39, 0xc7, 0x31, 0xc7, 0x39, 0xc8, 0x31,
    0xc7, 0x39, 0xc7, 0x39, 0xc7, 0x31, 0xc7, 0x31, 0xa7, 0x31, 0xa7, 0x39,
    0xc7, 0x31, 0xa7, 0x31, 0xa7, 0x39, 0xc7, 0x39, 0xa7, 0x31, 0xa7, 0x31,
    0xa7, 0x31, 0xa6, 0x31, 0xa6, 0x31, 0xa7, 0x31, 0x86, 0x31, 0xa7, 0x31,
    0x86, 0x31, 0x86, 0x31, 0x86, 0x31, 0xa6, 0x31, 0x86, 0x31, 0x86, 0x31,
    0x86, 0x31, 0x86, 0x31, 0x86, 0x31, 0x86, 0x31, 0x86, 0x29, 0x66, 0x29,
    0x86, 0x29, 0x86, 0x31, 0x66, 0x31, 0x66, 0x29, 0x66, 0x29, 0x65, 0x29,
    0x85, 0x29, 0x66, 0x29, 0x66, 0x29, 0x66, 0x29, 0x66, 0x29, 0x66, 0x31,
    0x66, 0x29, 0x65, 0x29, 0x65, 0x31, 0x66, 0x31, 0x66, 0x29, 0x66, 0x29,
    0x65, 0x29, 0x66, 0x29, 0x65, 0x31, 0x66, 0x29, 0x65, 0x29, 0x65, 0x31,
    0x45, 0x29, 0x66, 0x29, 0x66, 0x29, 0x66, 0x29, 0x45, 0x29, 0x46, 0x29,
    0x45, 0x29, 0x46, 0x29, 0x45, 0x29, 0x45, 0x29, 0x65, 0x29, 0x45, 0x29,
    0x45, 0x29, 0x45, 0x29, 0x45, 0x21, 0x45, 0x29, 0x45, 0x29, 0x45, 0x21,
    0x45, 0x29, 0x45, 0x29, 0x46, 0x21, 0x45, 0x29, 0x46, 0x29, 0x46, 0x29,
    0xb7, 0xb5, 0xb7, 0xb5, 0x96, 0xb5, 0x96, 0xad, 0x96, 0xb5, 0x96, 0xb5,
    0xb7, 0xb5, 0xb7, 0xb5, 0x96, 0xb5, 0x97, 0xb5, 0x96, 0xb5, 0x96, 0xb5,
    0x76, 0xad, 0x76, 0xad, 0x55, 0xad, 0x35, 0xa5, 0x15, 0xa5, 0xf4, 0xa4,
    0xf4, 0x9c, 0xd3, 0x9c, 0xb3, 0x94, 0xb3, 0x94, 0x92, 0x94, 0x72, 0x8c,
    0x51, 0x8c, 0x31, 0x84, 0x31, 0x84, 0x10, 0x7c, 0xd0, 0x7b, 0xcf, 0x73,
    0xcf, 0x73, 0xcf, 0x7b, 0xaf, 0x73, 0x8f, 0x73, 0x8e, 0x6b, 0x6e, 0x6b,
    0x4d, 0x6b, 0x4d, 0x63, 0x2d, 0x63, 0xec, 0x5a, 0xcc, 0x5a, 0xab, 0x52,
    0x8a, 0x52, 0x8a, 0x52, 0x8b, 0x52, 0x8b, 0x52, 0xab, 0x52, 0xcb, 0x5a,
    0xab, 0x52, 0xcb, 0x5a, 0xcb, 0x5a, 0xcb, 0x5a, 0xcb, 0x5a, 0xcb, 0x5a,
    0xcb, 0x5a, 0xab, 0x5a, 0xcb, 0x5a, 0xcb, 0x52, 0xab, 0x52, 0xab, 0x52,
    0xab, 0x52, 0x8a, 0x52, 0x8a, 0x52, 0x8a, 0x52, 0x6a, 0x4a, 0x6a, 0x4a,
    0x49, 0x4a, 0x49, 0x4a, 0x29, 0x42, 0x08, 0x42, 0x08, 0x42, 0x09, 0x42,
    0x08, 0x42, 0x08, 0x42, 0x09, 0x42, 0x08, 0x42, 0x08, 0x42, 0x08, 0x42,
    0x08, 0x3a, 0xe8, 0x39, 0x08, 0x3a, 0xe8, 0x39, 0x08, 0x3a, 0x08, 0x42,
    0xe8, 0x41, 0xe8, 0x39, 0xe8, 0x41, 0xe8, 0x39, 0xe8, 0x39, 0xe7, 0x41,
    0xe7, 0x39, 0xc8, 0x39, 0xc8, 0x39, 0xc7, 0x39, 0xc7, 0x39, 0xe7, 0x39,
    0xc8, 0x39, 0xc8, 0x39, 0xe7, 0x39, 0xc7, 0x31, 0xc8, 0x39, 0xc7, 0x31,
    0xc7, 0x31, 0xc7, 0x31, 0xa7, 0x39, 0xc7, 0x31, 0xc7, 0x39, 0xa7, 0x31,
    0xa7, 0x39, 0xc7, 0x39, 0xa7, 0x31, 0xa7, 0x31, 0xa7, 0x31, 0xa7, 0x39,
    0xa7, 0x31, 0xa7, 0x31, 0xa7, 0x31, 0xa7, 0x31, 0xa7, 0x31, 0x86, 0x31,
    0xa7, 0x31, 0x87, 0x31, 0xa6, 0x31, 0x86, 0x31, 0x87, 0x31, 0x87, 0x29,
    0x86, 0x29, 0x86, 0x31, 0x86, 0x29, 0x87, 0x29, 0x86, 0x31, 0x66, 0x31,
    0x86, 0x31, 0x66, 0x29, 0x66, 0x29, 0x66, 0x29, 0x66, 0x29, 0x66, 0x31,
    0x66, 0x31, 0x86, 0x31, 0x66, 0x31, 0x85, 0x29, 0x66, 0x29, 0x66, 0x31,
    0x66, 0x29, 0x86, 0x31, 0x66, 0x29, 0x66, 0x29, 0x66, 0x29, 0x66, 0x31,
    0x66, 0x31, 0x65, 0x29, 0x66, 0x29, 0x65, 0x29, 0x66, 0x29, 0x66, 0x29,
    0x46, 0x29, 0x66, 0x29, 0x45, 0x29, 0x45, 0x29, 0x65, 0x29, 0x65, 0x29,
    0x45, 0x29, 0x65, 0x29, 0x46, 0x29, 0x45, 0x29, 0x45, 0x29, 0x46, 0x29,
    0x46, 0x29, 0x65, 0x29, 0x45, 0x29, 0x46, 0x21, 0x46, 0x29, 0x45, 0x29,
    0x45, 0x29, 0x46, 0x21, 0x45, 0x29, 0x45, 0x29, 0x45, 0x29, 0x45, 0x29,
    0xb7, 0xb5, 0xb7, 0xb5, 0xb7, 0xb5, 0xb7, 0xb5, 0x96, 0xb5, 0xb7, 0xb5,
    0xb7, 0xb5, 0x97, 0xb5, 0x96, 0xb5, 0x96, 0xb5, 0x96, 0xad, 0x76, 0xad,
    0x56, 0xad, 0x55, 0xad, 0x35, 0xa5, 0x15, 0xa5, 0x14, 0x9d, 0xf4, 0x9c,
    0xd3, 0x9c, 0xb3, 0x94, 0x92, 0x94, 0x72, 0x8c, 0x52, 0x8c, 0x51, 0x8c,
    0x31, 0x84, 0x11, 0x84, 0x10, 0x7c, 0xf0, 0x7b, 0xcf, 0x7b, 0xcf, 0x73,
    0xaf, 0x73, 0x8f, 0x73, 0x8e, 0x73, 0x6e, 0x6b, 0x4e, 0x6b, 0x4d, 0x63,
    0x2d, 0x63, 0x0c, 0x63, 0xec, 0x5a, 0xcb, 0x5a, 0xab, 0x52, 0xaa, 0x52,
    0x8a, 0x52, 0xab, 0x52, 0xab, 0x52, 0xcb, 0x5a, 0xcb, 0x5a, 0xcb, 0x5a,
    0xcb, 0x5a, 0xcb, 0x5a, 0xcb, 0x5a, 0xcb, 0x5a, 0xcb, 0x5a, 0xcb, 0x5a,
    0xcb, 0x5a, 0xab, 0x52, 0xab, 0x5a, 0xab, 0x5a, 0xab, 0x52, 0xab, 0x52,
    0x8a, 0x52, 0x8a, 0x52, 0x6a, 0x4a, 0x6a, 0x4a, 0x6a, 0x4a, 0x49, 0x4a,
    0x29, 0x42, 0x29, 0x42, 0x29, 0x42, 0x29, 0x42, 0x29, 0x42, 0x08, 0x42,
    0x29, 0x42, 0x08, 0x42, 0x08, 0x42, 0x08, 0x42, 0x08, 0x42, 0x08, 0x3a,
    0x09, 0x42, 0x08, 0x42, 0xe8, 0x39, 0xe8, 0x41, 0xe8, 0x41, 0xe8, 0x39,
    0xe8, 0x39, 0xe8, 0x39, 0xe8, 0x41, 0xe8, 0x39, 0x08, 0x3a, 0xe8, 0x39,
    0xe8, 0x39, 0xc7, 0x39, 0xe7, 0x39, 0xc7, 0x39, 0xc8, 0x39, 0xc8, 0x39,
    0xc7, 0x31, 0xc7, 0x39, 0xc8, 0x31, 0xc7, 0x39, 0xc7, 0x39, 0xc7, 0x39,
    0xc7, 0x39, 0xc7, 0x31, 0xc8, 0x39, 0xc7, 0x39, 0xc7, 0x39, 0xa7, 0x39,
    0xc7, 0x31, 0xa7, 0x31, 0xa7, 0x31, 0xc7, 0x31, 0xa7, 0x31, 0xa7, 0x31,
    0xa6, 0x31, 0xa7, 0x31, 0xa7, 0x31, 0xa6, 0x39, 0xa6, 0x31, 0x87, 0x31,
    0xa6, 0x31, 0xa6, 0x31, 0x87, 0x31, 0x87, 0x31, 0x86, 0x31, 0x86, 0x31,
    0x86, 0x31, 0x86, 0x29, 0x86, 0x31, 0x86, 0x31, 0x86, 0x29, 0x66, 0x29,
    0x66, 0x31, 0x86, 0x29, 0x86, 0x29, 0x66, 0x31, 0x66, 0x31, 0x86, 0x31,
    0x66, 0x29, 0x66, 0x29, 0x65, 0x29, 0x66, 0x29, 0x66, 0x31, 0x65, 0x29,
    0x65, 0x29, 0x66, 0x29, 0x66, 0x29, 0x66, 0x29, 0x65, 0x29, 0x65, 0x29,
    0x66, 0x29, 0x66, 0x29, 0x66, 0x29, 0x66, 0x29, 0x65, 0x31, 0x66, 0x29,
    0x65, 0x29, 0x45, 0x29, 0x45, 0x29, 0x45, 0x29, 0x46, 0x29, 0x66, 0x29,
    0x66, 0x29, 0x45, 0x29, 0x45, 0x29, 0x66, 0x29, 0x46, 0x29, 0x45, 0x29,
    0x65, 0x29, 0x46, 0x29, 0x45, 0x29, 0x45, 0x29, 0x45, 0x29, 0x45, 0x29,
    0x66, 0x29, 0x45, 0x29, 0x45, 0x29, 0x45, 0x29, 0x45, 0x21, 0x45, 0x29,
    0x97, 0xb5, 0xb7, 0xb5, 0xb7, 0xb5, 0x97, 0xb5, 0x97, 0xb5, 0x97, 0xb5,
    0x96, 0xb5, 0x96, 0xb5, 0x96, 0xb5, 0x76, 0xad, 0x76, 0xad, 0x56, 0xad,
    0x55, 0xad, 0x35, 0xa5, 0x14, 0xa5, 0x14, 0xa5, 0xf4, 0x9c, 0xd3, 0x9c,
    0x93, 0x94, 0x92, 0x8c, 0x72, 0x8c, 0x52, 0x8c, 0x51, 0x84, 0x31, 0x84,
    0x10, 0x84, 0xf0, 0x7b, 0xf0, 0x7b, 0xcf, 0x7b, 0xaf, 0x7b, 0xaf, 0x73,
    0x8f, 0x73, 0x6e, 0x6b, 0x6d, 0x6b, 0x4d, 0x63, 0x2d, 0x63, 0x0d, 0x63,
    0xec, 0x5a, 0xcb, 0x5a, 0xcb, 0x52, 0xab, 0x52, 0x8b, 0x52, 0xab, 0x52,
    0xcb, 0x52, 0xcb, 0x5a, 0xcb, 0x52, 0xcb, 0x5a, 0xcb, 0x5a, 0xeb, 0x5a,
    0xcc, 0x5a, 0xeb, 0x5a, 0xec, 0x5a, 0xcc, 0x5a, 0xcb, 0x5a, 0xcc, 0x5a,
    0xcb, 0x5a, 0xcb, 0x52, 0xab, 0x52, 0xab, 0x52, 0x8a, 0x52, 0x8a, 0x52,
    0x8a, 0x52, 0x6a, 0x4a, 0x6a, 0x4a, 0x49, 0x4a, 0x49, 0x42, 0x29, 0x42,
    0x29, 0x42, 0x49, 0x42, 0x29, 0x42, 0x29, 0x42, 0x28, 0x42, 0x29, 0x42,
    0x09, 0x42, 0x29, 0x42, 0x09, 0x42, 0x29, 0x42, 0x08, 0x3a, 0x08, 0x3a,
    0x08, 0x3a, 0x08, 0x42, 0xe8, 0x41, 0x08, 0x3a, 0x08, 0x3a, 0x08, 0x3a,
    0x08, 0x3a, 0x08, 0x42, 0xe8, 0x39, 0xe8, 0x39, 0x08, 0x3a, 0xe8, 0x39,
    0xe7, 0x39, 0xe8, 0x39, 0xc8, 0x39, 0xe7, 0x39, 0xc8, 0x39, 0xc7, 0x39,
    0xe7, 0x39, 0xc7, 0x31, 0xc7, 0x39, 0xc7, 0x39, 0xc7, 0x31, 0xc8, 0x39,
    0xc7, 0x39, 0xc7, 0x39, 0xc7, 0x31, 0xc7, 0x31, 0xa7, 0x31, 0xa7, 0x31,
    0xc7, 0x31, 0xa7, 0x31, 0xa7, 0x39, 0xa7, 0x39, 0xa7, 0x31, 0xa7, 0x39,
    0xa7, 0x31, 0xa6, 0x31, 0xa6, 0x31, 0xa7, 0x31, 0xa7, 0x31, 0x86, 0x31,
    0x87, 0x31, 0xa7, 0x31, 0x86, 0x31, 0x86, 0x31, 0xa6, 0x31, 0x86, 0x31,
    0x86, 0x29, 0x87, 0x31, 0x86, 0x31, 0x86, 0x31, 0x86, 0x29, 0x86, 0x31,
    0x66, 0x29, 0x86, 0x31, 0x66, 0x31, 0x66, 0x29, 0x66, 0x29, 0x86, 0x29,
    0x66, 0x29, 0x66, 0x29, 0x66, 0x31, 0x65, 0x31, 0x66, 0x29, 0x66, 0x29,
    0x66, 0x29, 0x66, 0x31, 0x65, 0x29, 0x66, 0x29, 0x66, 0x31, 0x66, 0x29,
    0x66, 0x29, 0x66, 0x31, 0x65, 0x31, 0x66, 0x29, 0x66, 0x29, 0x65, 0x29,
    0x65, 0x29, 0x66, 0x29, 0x66, 0x29, 0x65, 0x31, 0x66, 0x29, 0x45, 0x29,
    0x45, 0x29, 0x66, 0x29, 0x46, 0x29, 0x45, 0x29, 0x65, 0x29, 0x45, 0x29,
    0x45, 0x29, 0x46, 0x29, 0x45, 0x29, 0x45, 0x29, 0x45, 0x29, 0x65, 0x29,
    0x45, 0x29, 0x45, 0x21, 0x66, 0x29, 0x46, 0x29, 0x65, 0x29, 0x46, 0x29,
    0x96, 0xb5, 0x96, 0xb5, 0x96, 0xb5, 0x96, 0xb5, 0x96, 0xb5, 0x96, 0xb5,
    0x76, 0xad, 0x76, 0xad, 0x76, 0xad, 0x76, 0xad, 0x55, 0xad, 0x55, 0xad,
    0x35, 0xa5, 0x14, 0xa5, 0xf4, 0x9c, 0xf4, 0x9c, 0xd3, 0x9c, 0xb3, 0x94,
    0x92, 0x94, 0x52, 0x8c, 0x51, 0x8c, 0x31, 0x84, 0x10, 0x84, 0xf0, 0x7b,
    0xf0, 0x7b, 0xcf, 0x7b, 0xcf, 0x73, 0xaf, 0x73, 0xaf, 0x73, 0x8e, 0x73,
    0x6e, 0x6b, 0x4d, 0x63, 0x2d, 0x63, 0x0c, 0x63, 0xec, 0x5a, 0xec, 0x5a,
    0xcb, 0x5a, 0xcb, 0x52, 0xab, 0x52, 0xab, 0x52, 0xcb, 0x5a, 0xcb, 0x5a,
    0xcc, 0x5a, 0xcc, 0x5a, 0xec, 0x5a, 0xec, 0x5a, 0xec, 0x5a, 0xec, 0x5a,
    0xec, 0x5a, 0xeb, 0x5a, 0xcc, 0x5a, 0xcb, 0x5a, 0xcb, 0x5a, 0xcb, 0x5a,
    0xcb, 0x5a, 0xab, 0x52, 0xab, 0x52, 0x8a, 0x52, 0x8a, 0x4a, 0x6a, 0x4a,
    0x6a, 0x4a, 0x49, 0x4a, 0x29, 0x4a, 0x29, 0x42, 0x29, 0x42, 0x29, 0x42,
    0x29, 0x42, 0x29, 0x4a, 0x29, 0x4a, 0x29, 0x42, 0x29, 0x42, 0x28, 0x42,
    0x08, 0x42, 0x08, 0x42, 0x08, 0x42, 0x08, 0x42, 0x08, 0x3a, 0x08, 0x42,
    0x08, 0x42, 0x08, 0x3a, 0x08, 0x3a, 0xe8, 0x39, 0x08, 0x3a, 0xe8, 0x41,
    0xe8, 0x41, 0xe8, 0x39, 0x08, 0x3a, 0xe8, 0x39, 0xe8, 0x41, 0xe8, 0x41,
    0xe7, 0x39, 0xe8, 0x39, 0xc7, 0x39, 0xe8, 0x39, 0xe7, 0x39, 0xc7, 0x39,
    0xc8, 0x39, 0xe8, 0x39, 0xc7, 0x39, 0xe7, 0x39, 0xc8, 0x31, 0xc7, 0x31,
    0xc7, 0x31, 0xc7, 0x39, 0xc7, 0x39, 0xc7, 0x39, 0xc7, 0x31, 0xc7, 0x39,
    0xa7, 0x39, 0xc7, 0x39, 0xa7, 0x31, 0xa7, 0x31, 0xa7, 0x31, 0xa7, 0x31,
    0xa7, 0x39, 0xa6, 0x31, 0xa7, 0x31, 0xa7, 0x31, 0xa6, 0x31, 0xa7, 0x31,
    0x86, 0x31, 0x86, 0x31, 0x86, 0x31, 0x87, 0x31, 0x86, 0x31, 0x86, 0x31,
    0x87, 0x31, 0x86, 0x31, 0x86, 0x29, 0x86, 0x29, 0x87, 0x29, 0x86, 0x31,
    0x66, 0x31, 0x66, 0x29, 0x66, 0x29, 0x66, 0x29, 0x66, 0x31, 0x66, 0x29,
    0x66, 0x29, 0x66, 0x31, 0x86, 0x29, 0x86, 0x29, 0x66, 0x31, 0x66, 0x29,
    0x86, 0x31, 0x66, 0x31, 0x66, 0x29, 0x65, 0x29, 0x66, 0x31, 0x66, 0x31,
    0x66, 0x29, 0x65, 0x29, 0x66, 0x29, 0x65, 0x29, 0x66, 0x29, 0x66, 0x31,
    0x66, 0x29, 0x66, 0x29, 0x66, 0x29, 0x66, 0x29, 0x65, 0x29, 0x45, 0x29,
    0x45, 0x29, 0x65, 0x29, 0x45, 0x29, 0x45, 0x29, 0x45, 0x29, 0x46, 0x29,
    0x65, 0x29, 0x45, 0x29, 0x45, 0x29, 0x66, 0x29, 0x46, 0x29, 0x46, 0x29,
    0x45, 0x29, 0x45, 0x29, 0x45, 0x29, 0x45, 0x29, 0x46, 0x29, 0x45, 0x29,
    0x76, 0xad, 0x96, 0xb5, 0x76, 0xb5, 0x96, 0xad, 0x76, 0xad, 0x76, 0xad,
    0x76, 0xad, 0x76, 0xad, 0x55, 0xad, 0x55, 0xad, 0x35, 0xa5, 0x15, 0xa5,
    0x14, 0xa5, 0xf4, 0x9c, 0xd4, 0x9c, 0xd3, 0x94, 0xb2, 0x94, 0x92, 0x8c,
    0x72, 0x8c, 0x51, 0x8c, 0x31, 0x84, 0x10, 0x7c, 0xf0, 0x7b, 0xf0, 0x7b,
    0xcf, 0x7b, 0xcf, 0x73, 0xaf, 0x73, 0x8f, 0x73, 0x8e, 0x6b, 0x6e, 0x6b,
    0x2d, 0x63, 0x2d, 0x63, 0xec, 0x5a, 0xec, 0x5a, 0xcb, 0x5a, 0xcb, 0x52,
    0xab, 0x52, 0xcb, 0x52, 0xcc, 0x5a, 0xcc, 0x5a, 0xec, 0x5a, 0xec, 0x5a,
    0xec, 0x5a, 0xec, 0x5a, 0x0c, 0x63, 0xec, 0x62, 0xec, 0x5a, 0xec, 0x5a,
    0xeb, 0x62, 0xcc, 0x5a, 0xcb, 0x5a, 0xcb, 0x5a, 0xcb, 0x5a, 0xab, 0x5a,
    0xab, 0x52, 0x8a, 0x52, 0x8a, 0x52, 0x6a, 0x52, 0x6a, 0x4a, 0x4a, 0x4a,
    0x49, 0x42, 0x49, 0x42, 0x49, 0x4a, 0x49, 0x42, 0x49, 0x4a, 0x29, 0x42,
    0x29, 0x42, 0x29, 0x42, 0x29, 0x42, 0x49, 0x42, 0x29, 0x42, 0x29, 0x42,
    0x29, 0x42, 0x28, 0x42, 0x08, 0x42, 0x08, 0x42, 0x08, 0x42, 0x08, 0x42,
    0x09, 0x42, 0x08, 0x3a, 0x08, 0x3a, 0xe8, 0x41, 0x08, 0x42, 0xe8, 0x39,
    0xe8, 0x39, 0xe8, 0x39, 0xe8, 0x39, 0x08, 0x42, 0xe8, 0x39, 0xe8, 0x39,
    0xe8, 0x39, 0xe7, 0x39, 0xe7, 0x39, 0xc7, 0x39, 0xc8, 0x39, 0xc7, 0x39,
    0xc7, 0x39, 0xc7, 0x39, 0xc8, 0x39, 0xc8, 0x31, 0xc7, 0x39, 0xc7, 0x39,
    0xc7, 0x39, 0xc8, 0x31, 0xc7, 0x31, 0xc7, 0x39, 0xc8, 0x39, 0xc7, 0x31,
    0xa7, 0x39, 0xa7, 0x31, 0xc7, 0x31, 0xc7, 0x39, 0xa7, 0x31, 0xa7, 0x31,
    0xc7, 0x31, 0xa7, 0x31, 0xa7, 0x31, 0xa6, 0x39, 0xa7, 0x31, 0xa6, 0x31,
    0xa7, 0x31, 0xa6, 0x31, 0xa7, 0x31, 0xa6, 0x31, 0x87, 0x31, 0x86, 0x31,
    0x87, 0x31, 0x86, 0x29, 0x86, 0x31, 0x86, 0x31, 0x86, 0x31, 0x86, 0x29,
    0x86, 0x29, 0x86, 0x29, 0x86, 0x31, 0x86, 0x29, 0x66, 0x29, 0x66, 0x31,
    0x86, 0x31, 0x66, 0x31, 0x66, 0x29, 0x66, 0x29, 0x66, 0x29, 0x85, 0x31,
    0x65, 0x29, 0x66, 0x29, 0x85, 0x29, 0x66, 0x29, 0x66, 0x29, 0x65, 0x29,
    0x66, 0x29, 0x66, 0x29, 0x65, 0x29, 0x66, 0x29, 0x66, 0x31, 0x66, 0x29,
    0x65, 0x29, 0x66, 0x31, 0x65, 0x29, 0x65, 0x29, 0x45, 0x29, 0x66, 0x29,
    0x66, 0x29, 0x46, 0x29, 0x65, 0x29, 0x45, 0x29, 0x46, 0x29, 0x45, 0x29,
    0x46, 0x29, 0x66, 0x29, 0x45, 0x29, 0x45, 0x29, 0x65, 0x29, 0x45, 0x29,
    0x45, 0x29, 0x66, 0x29, 0x45, 0x29, 0x45, 0x29, 0x45, 0x29, 0x66, 0x29,
    0x76, 0xad, 0x76, 0xad, 0x76, 0xad, 0x76, 0xad, 0x76, 0xad, 0x76, 0xad,
    0x56, 0xad, 0x55, 0xad, 0x35, 0xad, 0x35, 0xa5, 0x15, 0xa5, 0x14, 0x9d,
    0xf4, 0x9c, 0xd3, 0x9c, 0xb3, 0x94, 0xb3, 0x94, 0x72, 0x8c, 0x52, 0x8c,
    0x51, 0x8c, 0x31, 0x84, 0x10, 0x84, 0xf0, 0x7b, 0xd0, 0x7b, 0xcf, 0x7b,
    0xaf, 0x73, 0x8f, 0x73, 0x8e, 0x6b, 0x6e, 0x6b, 0x4d, 0x6b, 0x2d, 0x63,
    0x0d, 0x63, 0xec, 0x5a, 0xeb, 0x5a, 0xcb, 0x5a, 0xcb, 0x5a, 0xcc, 0x5a,
    0xec, 0x5a, 0xec, 0x5a, 0x0c, 0x5b, 0x0c, 0x5b, 0x0c, 0x5b, 0x0c, 0x63,
    0x0c, 0x63, 0x0c, 0x63, 0xec, 0x5a, 0xec, 0x5a, 0xec, 0x5a, 0xec, 0x5a,
    0xec, 0x5a, 0xcb, 0x5a, 0xcb, 0x5a, 0xcb, 0x5a, 0xab, 0x52, 0xab, 0x52,
    0x8a, 0x52, 0x8a, 0x52, 0x6a, 0x4a, 0x6a, 0x4a, 0x49, 0x4a, 0x49, 0x4a,
    0x49, 0x4a, 0x49, 0x42, 0x4a, 0x42, 0x49, 0x4a, 0x49, 0x4a, 0x29, 0x4a,
    0x29, 0x42, 0x49, 0x42, 0x29, 0x42, 0x29, 0x42, 0x29, 0x42, 0x29, 0x42,
    0x29, 0x42, 0x29, 0x42, 0x09, 0x42, 0x29, 0x42, 0x09, 0x42, 0x09, 0x42,
    0x08, 0x3a, 0x09, 0x42, 0x08, 0x42, 0x08, 0x3a, 0xe8, 0x39, 0x08, 0x3a,
    0x08, 0x42, 0xe8, 0x41, 0xe8, 0x39, 0xe8, 0x39, 0xe8, 0x39, 0xe8, 0x39,
    0xe8, 0x39, 0xe8, 0x39, 0xe8, 0x39, 0xe8, 0x39, 0xc8, 0x39, 0xe7, 0x39,
    0xc8, 0x39, 0xc8, 0x39, 0xe7, 0x31, 0xc7, 0x39, 0xc7, 0x39, 0xc7, 0x39,
    0xc7, 0x39, 0xc7, 0x39, 0xc7, 0x31, 0xc7, 0x39, 0xc7, 0x31, 0xc7, 0x31,
    0xc7, 0x31, 0xa7, 0x39, 0xa7, 0x31, 0xc7, 0x31, 0xa7, 0x39, 0xa7, 0x39,
    0xa7, 0x31, 0xa7, 0x31, 0xa7, 0x31, 0xa7, 0x31, 0xa6, 0x31, 0xa7, 0x31,
    0xa7, 0x39, 0x87, 0x31, 0x87, 0x31, 0xa6, 0x31, 0x86, 0x31, 0x86, 0x31,
    0x86, 0x31, 0x86, 0x31, 0x86, 0x29, 0x86, 0x31, 0x86, 0x31, 0x86, 0x29,
    0x86, 0x31, 0x66, 0x31, 0x66, 0x31, 0x86, 0x31, 0x86, 0x29, 0x66, 0x29,
    0x66, 0x29, 0x86, 0x29, 0x66, 0x31, 0x66, 0x29, 0x66, 0x31, 0x66, 0x29,
    0x66, 0x29, 0x66, 0x31, 0x86, 0x29, 0x65, 0x31, 0x66, 0x29, 0x66, 0x29,
    0x85, 0x31, 0x66, 0x31, 0x66, 0x29, 0x66, 0x31, 0x85, 0x29, 0x65, 0x29,
    0x66, 0x29, 0x65, 0x29, 0x66, 0x29, 0x66, 0x29, 0x66, 0x31, 0x65, 0x29,
    0x45, 0x29, 0x66, 0x29, 0x46, 0x29, 0x66, 0x29, 0x45, 0x29, 0x45, 0x29,
    0x45, 0x29, 0x65, 0x29, 0x46, 0x29, 0x46, 0x29, 0x45, 0x29, 0x45, 0x29,
    0x46, 0x29, 0x45, 0x29, 0x66, 0x29, 0x65, 0x29, 0x46, 0x29, 0x45, 0x29,
    0x76, 0xad, 0x76, 0xad, 0x76, 0xad, 0x55, 0xad, 0x55, 0xad, 0x55, 0xad,
    0x55, 0xad, 0x35, 0xa5, 0x35, 0xa5, 0x14, 0xa5, 0xf4, 0x9c, 0xf4, 0x9c,
    0xd3, 0x9c, 0xb3, 0x94, 0x93, 0x94, 0x92, 0x8c, 0x72, 0x8c, 0x31, 0x8c,
    0x31, 0x84, 0x10, 0x7c, 0xf0, 0x7b, 0xd0, 0x7b, 0xaf, 0x73, 0xaf, 0x73,
    0x8e, 0x73, 0x6e, 0x6b, 0x4d, 0x6b, 0x4d, 0x63, 0x2d, 0x63, 0x0c, 0x5b,
    0xec, 0x5a, 0xec, 0x5a, 0xec, 0x5a, 0xec, 0x5a, 0xec, 0x5a, 0xec, 0x5a,
    0x0c, 0x63, 0x0c, 0x63, 0x0d, 0x63, 0x0c, 0x63, 0x0c, 0x63, 0x0c, 0x63,
    0x0d, 0x5b, 0x0c, 0x63, 0x0c, 0x5b, 0xec, 0x5a, 0xec, 0x62, 0xec, 0x5a,
    0xcb, 0x5a, 0xcb, 0x5a, 0xcb, 0x52, 0xab, 0x52, 0xab, 0x52, 0x8a, 0x52,
    0x6a, 0x4a, 0x6a, 0x4a, 0x69, 0x4a, 0x49, 0x4a, 0x4a, 0x4a, 0x4a, 0x4a,
    0x49, 0x4a, 0x6a, 0x4a, 0x49, 0x4a, 0x49, 0x42, 0x49, 0x42, 0x49, 0x42,
    0x49, 0x42, 0x29, 0x4a, 0x49, 0x4a, 0x29, 0x42, 0x29, 0x4a, 0x29, 0x42,
    0x29, 0x42, 0x29, 0x42, 0x28, 0x42, 0x28, 0x42, 0x08, 0x42, 0x08, 0x42,
    0x08, 0x42, 0x08, 0x3a, 0x08, 0x42, 0x08, 0x3a, 0x08, 0x42, 0xe8, 0x41,
    0xe8, 0x39, 0x08, 0x3a, 0xe8, 0x41, 0xe8, 0x39, 0xe8, 0x39, 0x08, 0x3a,
    0x08, 0x42, 0xe8, 0x39, 0xe8, 0x39, 0xe7, 0x39, 0xe7, 0x39, 0xc8, 0x39,
    0xe7, 0x39, 0xc7, 0x39, 0xc7, 0x39, 0xe7, 0x39, 0xc8, 0x39, 0xc8, 0x39,
    0xc7, 0x31, 0xc8, 0x39, 0xc7, 0x39, 0xc8, 0x31, 0xc7, 0x39, 0xc7, 0x39,
    0xc7, 0x39, 0xa7, 0x31, 0xc7, 0x39, 0xa7, 0x39, 0xa7, 0x31, 0xa7, 0x31,
    0xc7, 0x31, 0xa7, 0x39, 0xa6, 0x31, 0xa6, 0x31, 0xa7, 0x31, 0xa7, 0x31,
    0xa6, 0x31, 0xa6, 0x31, 0x86, 0x31, 0x87, 0x31, 0xa6, 0x31, 0x86, 0x31,
    0x86, 0x31, 0x86, 0x31, 0x87, 0x31, 0x87, 0x29, 0x86, 0x29, 0x86, 0x31,
    0x86, 0x31, 0x86, 0x29, 0x66, 0x29, 0x66, 0x29, 0x66, 0x31, 0x66, 0x29,
    0x66, 0x29, 0x66, 0x31, 0x66, 0x29, 0x86, 0x31, 0x66, 0x29, 0x66, 0x29,
    0x86, 0x31, 0x66, 0x29, 0x66, 0x31, 0x66, 0x29, 0x66, 0x31, 0x86, 0x31,
    0x66, 0x29, 0x66, 0x29, 0x86, 0x31, 0x66, 0x29, 0x66, 0x29, 0x86, 0x31,
    0x66, 0x31, 0x66, 0x29, 0x65, 0x29, 0x66, 0x29, 0x66, 0x29, 0x66, 0x29,
    0x46, 0x29, 0x45, 0x29, 0x65, 0x29, 0x45, 0x29, 0x45, 0x29, 0x66, 0x29,
    0x65, 0x29, 0x46, 0x29, 0x65, 0x29, 0x45, 0x29, 0x46, 0x29, 0x66, 0x29,
    0x45, 0x29, 0x46, 0x29, 0x45, 0x29, 0x66, 0x29, 0x46, 0x29, 0x45, 0x29,
    0x55, 0xad, 0x56, 0xad, 0x55, 0xad, 0x55, 0xad, 0x35, 0xa5, 0x35, 0xa5,
    0x35, 0xa5, 0x15, 0xa5, 0x14, 0x9d, 0xf4, 0x9c, 0xd3, 0x9c, 0xd3, 0x9c,
    0xb3, 0x94, 0x92, 0x94, 0x72, 0x8c, 0x52, 0x8c, 0x31, 0x84, 0x31, 0x84,
    0x10, 0x84, 0xf0, 0x7b, 0xcf, 0x7b, 0xaf, 0x73, 0x8f, 0x73, 0x6e, 0x6b,
    0x6d, 0x6b, 0x2d, 0x63, 0x2d, 0x63, 0x0c, 0x63, 0xec, 0x5a, 0xec, 0x5a,
    0xec, 0x5a, 0x0c, 0x63, 0x0d, 0x63, 0x0c, 0x63, 0x2d, 0x63, 0x0d, 0x63,
    0x2d, 0x63, 0x2d, 0x63, 0x2d, 0x63, 0x2d, 0x63, 0x0c, 0x63, 0x0d, 0x63,
    0x0c, 0x63, 0x0d, 0x5b, 0x0c, 0x63, 0x0c, 0x63, 0xec, 0x5a, 0xcb, 0x5a,
    0xcb, 0x5a, 0xab, 0x52, 0xab, 0x52, 0x8b, 0x52, 0x8a, 0x52, 0x6a, 0x4a,
    0x6a, 0x4a, 0x6a, 0x4a, 0x69, 0x4a, 0x6a, 0x4a, 0x6a, 0x4a, 0x49, 0x4a,
    0x6a, 0x4a, 0x49, 0x4a, 0x49, 0x42, 0x49, 0x42, 0x49, 0x4a, 0x4a, 0x42,
    0x4a, 0x4a, 0x29, 0x4a, 0x49, 0x42, 0x29, 0x42, 0x29, 0x42, 0x29, 0x42,
    0x29, 0x42, 0x29, 0x42, 0x28, 0x42, 0x09, 0x42, 0x08, 0x42, 0x08, 0x42,
    0x08, 0x42, 0x08, 0x42, 0x09, 0x3a, 0x08, 0x42, 0x08, 0x42, 0x08, 0x3a,
    0x08, 0x3a, 0xe8, 0x39, 0x08, 0x3a, 0x08, 0x42, 0xe8, 0x41, 0xe8, 0x39,
    0xe8, 0x39, 0xe8, 0x41, 0xe8, 0x39, 0xe7, 0x39, 0xc7, 0x39, 0xe8, 0x39,
    0xc7, 0x39, 0xc7, 0x39, 0xc8, 0x39, 0xc8, 0x39, 0xe8, 0x31, 0xc7, 0x31,
    0xc7, 0x39, 0xc7, 0x39, 0xc7, 0x39, 0xc7, 0x31, 0xc7, 0x31, 0xc7, 0x39,
    0xc7, 0x39, 0xc7, 0x31, 0xa7, 0x31, 0xc7, 0x39, 0xa7, 0x31, 0xa7, 0x31,
    0xc7, 0x31, 0xa7, 0x31, 0xa7, 0x31, 0xa6, 0x31, 0xa7, 0x39, 0xa7, 0x31,
    0xa7, 0x31, 0xa6, 0x31, 0xa7, 0x31, 0xa7, 0x31, 0x86, 0x31, 0xa7, 0x31,
    0x87, 0x31, 0x86, 0x31, 0x86, 0x31, 0x86, 0x31, 0x86, 0x31, 0x86, 0x29,
    0x87, 0x29, 0x86, 0x31, 0x86, 0x31, 0x86, 0x29, 0x66, 0x29, 0x66, 0x31,
    0x86, 0x31, 0x66, 0x29, 0x66, 0x29, 0x86, 0x29, 0x66, 0x31, 0x86, 0x29,
    0x66, 0x29, 0x66, 0x31, 0x66, 0x29, 0x66, 0x29, 0x86, 0x29, 0x65, 0x31,
    0x66, 0x29, 0x66, 0x29, 0x65, 0x29, 0x86, 0x31, 0x66, 0x31, 0x66, 0x29,
    0x66, 0x29, 0x66, 0x29, 0x65, 0x31, 0x65, 0x29, 0x66, 0x29, 0x65, 0x29,
    0x65, 0x29, 0x46, 0x29, 0x65, 0x29, 0x46, 0x29, 0x46, 0x29, 0x45, 0x29,
    0x66, 0x29, 0x45, 0x29, 0x45, 0x29, 0x65, 0x29, 0x65, 0x29, 0x65, 0x29,
    0x65, 0x29, 0x45, 0x29, 0x45, 0x29, 0x45, 0x29, 0x45, 0x29, 0x65, 0x29,
    0x55, 0xad, 0x55, 0xad, 0x35, 0xa5, 0x35, 0xa5, 0x35, 0xa5, 0x14, 0xa5,
    0x14, 0xa5, 0x14, 0x9d, 0xf4, 0x9c, 0xd3, 0x9c, 0xb3, 0x94, 0xb3, 0x94,
    0x92, 0x94, 0x72, 0x8c, 0x51, 0x8c, 0x51, 0x84, 0x31, 0x84, 0x10, 0x7c,
    0xf0, 0x7b, 0xcf, 0x7b, 0xaf, 0x73, 0x8e, 0x6b, 0x6e, 0x6b, 0x4d, 0x63,
    0x2d, 0x63, 0x0d, 0x63, 0xec, 0x5a, 0xec, 0x5a, 0x0c, 0x5b, 0x0c, 0x63,
    0x0d, 0x63, 0x2d, 0x63, 0x4d, 0x63, 0x2d, 0x63, 0x4d, 0x6b, 0x4d, 0x63,
    0x2d, 0x63, 0x2d, 0x63, 0x2d, 0x63, 0x2d, 0x63, 0x2d, 0x63, 0x0d, 0x63,
    0x0c, 0x63, 0x0c, 0x63, 0x0c, 0x5b, 0xec, 0x5a, 0xcc, 0x5a, 0xab, 0x52,
    0xab, 0x52, 0x8b, 0x52, 0x8a, 0x52, 0x6a, 0x52, 0x6a, 0x4a, 0x6a, 0x4a,
    0x6a, 0x4a, 0x6a, 0x4a, 0x6a, 0x4a, 0x6a, 0x4a, 0x69, 0x4a, 0x49, 0x4a,
    0x49, 0x4a, 0x4a, 0x4a, 0x49, 0x4a, 0x6a, 0x4a, 0x49, 0x4a, 0x49, 0x4a,
    0x49, 0x42, 0x49, 0x42, 0x29, 0x42, 0x49, 0x4a, 0x29, 0x42, 0x29, 0x42,
    0x29, 0x4a, 0x29, 0x42, 0x29, 0x42, 0x28, 0x42, 0x09, 0x42, 0x09, 0x42,
    0x08, 0x42, 0x29, 0x42, 0x08, 0x42, 0x08, 0x3a, 0x09, 0x3a, 0x08, 0x42,
    0x08, 0x42, 0xe8, 0x41, 0x08, 0x3a, 0x08, 0x3a, 0xe8, 0x39, 0xe8, 0x41,
    0xe8, 0x39, 0xe8, 0x39, 0xe8, 0x39, 0xe8, 0x39, 0xe8, 0x39, 0xc7, 0x39,
    0xe8, 0x39, 0xe8, 0x39, 0xc7, 0x39, 0xc7, 0x39, 0xc7, 0x39, 0xc7, 0x39,
    0xc8, 0x39, 0xc7, 0x31, 0xc8, 0x39, 0xc7, 0x39, 0xc7, 0x39, 0xc8, 0x31,
    0xc7, 0x39, 0xc7, 0x31, 0xa7, 0x31, 0xc7, 0x39, 0xa7, 0x31, 0xa7, 0x39,
    0xa7, 0x39, 0xa7, 0x31, 0xa7, 0x31, 0xa7, 0x31, 0xa7, 0x31, 0xa6, 0x31,
    0xa6, 0x31, 0xa7, 0x39, 0xa7, 0x31, 0xa6, 0x31, 0x86, 0x31, 0xa6, 0x31,
    0x87, 0x31, 0x86, 0x31, 0xa6, 0x31, 0x86, 0x31, 0x86, 0x29, 0x86, 0x31,
    0x86, 0x31, 0x86, 0x29, 0x86, 0x31, 0x86, 0x31, 0x86, 0x31, 0x86, 0x29,
    0x66, 0x29, 0x86, 0x31, 0x86, 0x29, 0x86, 0x31, 0x66, 0x31, 0x66, 0x29,
    0x66, 0x31, 0x66, 0x29, 0x86, 0x29, 0x66, 0x31, 0x66, 0x29, 0x66, 0x29,
    0x86, 0x31, 0x66, 0x31, 0x86, 0x29, 0x66, 0x29, 0x66, 0x29, 0x65, 0x29,
    0x66, 0x29, 0x65, 0x29, 0x66, 0x29, 0x66, 0x31, 0x65, 0x29, 0x66, 0x29,
    0x65, 0x29, 0x66, 0x31, 0x46, 0x29, 0x65, 0x29, 0x45, 0x29, 0x45, 0x29,
    0x66, 0x29, 0x65, 0x29, 0x46, 0x29, 0x46, 0x29, 0x46, 0x29, 0x45, 0x29,
    0x46, 0x29, 0x66, 0x29, 0x46, 0x29, 0x45, 0x29, 0x45, 0x29, 0x46, 0x29,
    0x35, 0xad, 0x35, 0xa5, 0x35, 0xa5, 0x35, 0xa5, 0x14, 0xa5, 0x14, 0x9d,
    0xf4, 0x9c, 0xd4, 0x9c, 0xd3, 0x9c, 0xb3, 0x94, 0xb3, 0x94, 0x92, 0x94,
    0x72, 0x8c, 0x52, 0x8c, 0x51, 0x84, 0x31, 0x84, 0x10, 0x84, 0xf0, 0x7b,
    0xaf, 0x73, 0x8f, 0x73, 0x6e, 0x6b, 0x4d, 0x63, 0x2d, 0x63, 0x0c, 0x63,
    0x0d, 0x5b, 0x0c, 0x5b, 0x0c, 0x63, 0x0d, 0x63, 0x2d, 0x63, 0x4d, 0x63,
    0x4e, 0x6b, 0x4e, 0x6b, 0x4d, 0x6b, 0x6e, 0x6b, 0x4e, 0x6b, 0x4d, 0x63,
    0x4d, 0x6b, 0x2d, 0x6b, 0x2d, 0x63, 0x2d, 0x63, 0x0d, 0x63, 0x0c, 0x63,
    0x0c, 0x5b, 0xec, 0x5a, 0xec, 0x5a, 0xcc, 0x5a, 0xcb, 0x52, 0xab, 0x52,
    0x8a, 0x52, 0x6a, 0x4a, 0x8a, 0x4a, 0x8a, 0x4a, 0x6a, 0x4a, 0x6a, 0x4a,
    0x6a, 0x4a, 0x6a, 0x52, 0x6a, 0x4a, 0x6a, 0x4a, 0x6a, 0x4a, 0x69, 0x4a,
    0x6a, 0x4a, 0x4a, 0x4a, 0x49, 0x4a, 0x49, 0x4a, 0x4a, 0x42, 0x49, 0x42,
    0x49, 0x4a, 0x49, 0x42, 0x49, 0x42, 0x29, 0x4a, 0x29, 0x42, 0x29, 0x42,
    0x29, 0x42, 0x29, 0x42, 0x29, 0x42, 0x29, 0x42, 0x29, 0x42, 0x08, 0x42,
    0x09, 0x42, 0x08, 0x42, 0x08, 0x42, 0x08, 0x42, 0x08, 0x3a, 0x08, 0x3a,
    0x08, 0x42, 0xe8, 0x39, 0xe8, 0x41, 0xe8, 0x39, 0x08, 0x42, 0x08, 0x3a,
    0xe8, 0x39, 0xe8, 0x39, 0x08, 0x3a, 0xe8, 0x39, 0xe7, 0x39, 0xe8, 0x39,
    0xc7, 0x39, 0xc7, 0x39, 0xe8, 0x39, 0xc7, 0x39, 0xc7, 0x39, 0xc8, 0x39,
    0xe7, 0x39, 0xc7, 0x39, 0xc7, 0x31, 0xe8, 0x39, 0xc7, 0x39, 0xc7, 0x31,
    0xc7, 0x39, 0xc7, 0x39, 0xc7, 0x39, 0xa7, 0x39, 0xc7, 0x31, 0xa7, 0x31,
    0xa7, 0x39, 0xa7, 0x39, 0xc7, 0x31, 0xa7, 0x31, 0xa6, 0x31, 0xa6, 0x31,
    0xa7, 0x31, 0xa7, 0x31, 0x86, 0x31, 0xa7, 0x31, 0x87, 0x31, 0x86, 0x31,
    0xa6, 0x31, 0x87, 0x31, 0x87, 0x31, 0x86, 0x31, 0x87, 0x31, 0x86, 0x31,
    0x86, 0x31, 0x86, 0x29, 0x87, 0x31, 0x86, 0x31, 0x86, 0x31, 0x66, 0x29,
    0x66, 0x31, 0x66, 0x29, 0x86, 0x31, 0x66, 0x31, 0x86, 0x29, 0x86, 0x31,
    0x66, 0x29, 0x66, 0x31, 0x86, 0x31, 0x86, 0x29, 0x66, 0x31, 0x66, 0x29,
    0x66, 0x29, 0x66, 0x29, 0x66, 0x31, 0x66, 0x31, 0x66, 0x29, 0x85, 0x31,
    0x86, 0x31, 0x66, 0x29, 0x66, 0x29, 0x66, 0x29, 0x66, 0x29, 0x65, 0x31,
    0x66, 0x29, 0x65, 0x29, 0x46, 0x29, 0x45, 0x29, 0x65, 0x29, 0x46, 0x29,
    0x45, 0x29, 0x66, 0x29, 0x66, 0x31, 0x65, 0x29, 0x65, 0x29, 0x66, 0x29,
    0x45, 0x29, 0x45, 0x29, 0x65, 0x29, 0x66, 0x29, 0x46, 0x29, 0x45, 0x29,
    0x35, 0xa5, 0x35, 0xa5, 0x14, 0xa5, 0xf4, 0x9c, 0xf4, 0x9c, 0xf4, 0x9c,
    0xd3, 0x9c, 0xd3, 0x94, 0xb3, 0x94, 0x93, 0x94, 0x92, 0x8c, 0x72, 0x8c,
    0x51, 0x8c, 0x51, 0x84, 0x11, 0x84, 0xf0, 0x7b, 0xcf, 0x7b, 0xaf, 0x73,
    0x8e, 0x6b, 0x6e, 0x6b, 0x4d, 0x6b, 0x2d, 0x63, 0x0c, 0x5b, 0x0c, 0x63,
    0x0c, 0x63, 0x2d, 0x63, 0x2d, 0x63, 0x4d, 0x6b, 0x6e, 0x6b, 0x6e, 0x6b,
    0x6e, 0x6b, 0x6e, 0x6b, 0x6e, 0x6b, 0x6e, 0x6b, 0x6d, 0x6b, 0x4e, 0x6b,
    0x4d, 0x63, 0x4d, 0x63, 0x2d, 0x63, 0x2d, 0x63, 0x0c, 0x63, 0xec, 0x5a,
    0xec, 0x5a, 0xcc, 0x5a, 0xcb, 0x5a, 0xab, 0x52, 0x8b, 0x52, 0x8a, 0x4a,
    0x8a, 0x52, 0x8a, 0x4a, 0x8a, 0x52, 0x6a, 0x4a, 0x8a, 0x52, 0x8a, 0x4a,
    0x6a, 0x4a, 0x6a, 0x4a, 0x8a, 0x4a, 0x6a, 0x4a, 0x6a, 0x4a, 0x6a, 0x4a,
    0x6a, 0x4a, 0x49, 0x4a, 0x69, 0x4a, 0x4a, 0x4a, 0x49, 0x4a, 0x4a, 0x42,
    0x49, 0x4a, 0x4a, 0x4a, 0x49, 0x42, 0x29, 0x42, 0x29, 0x42, 0x49, 0x42,
    0x29, 0x42, 0x29, 0x42, 0x29, 0x42, 0x29, 0x42, 0x28, 0x42, 0x08, 0x42,
    0x28, 0x42, 0x09, 0x42, 0x08, 0x42, 0x08, 0x3a, 0x08, 0x42, 0x09, 0x42,
    0x08, 0x3a, 0x08, 0x42, 0x08, 0x3a, 0xe9, 0x41, 0xe8, 0x39, 0x08, 0x3a,
    0x08, 0x3a, 0xe8, 0x41, 0xe8, 0x39, 0xe8, 0x39, 0xe8, 0x41, 0xe7, 0x39,
    0xe8, 0x39, 0xe8, 0x39, 0xc7, 0x39, 0xe8, 0x39, 0xe8, 0x39, 0xc7, 0x39,
    0xe7, 0x39, 0xe8, 0x39, 0xc8, 0x39, 0xc7, 0x39, 0xc8, 0x39, 0xc7, 0x39,
    0xc7, 0x31, 0xc7, 0x31, 0xc7, 0x39, 0xc7, 0x31, 0xa7, 0x31, 0xc7, 0x31,
    0xc7, 0x31, 0xa7, 0x31, 0xa7, 0x39, 0xa7, 0x31, 0xa7, 0x39, 0xa7, 0x31,
    0xa7, 0x31, 0xa6, 0x31, 0xa6, 0x31, 0x86, 0x31, 0x87, 0x31, 0xa7, 0x31,
    0x86, 0x31, 0x86, 0x31, 0x86, 0x31, 0x86, 0x31, 0x86, 0x31, 0x87, 0x31,
    0x86, 0x31, 0x86, 0x31, 0x86, 0x29, 0x86, 0x29, 0x66, 0x29, 0x87, 0x29,
    0x86, 0x31, 0x66, 0x31, 0x66, 0x29, 0x86, 0x29, 0x66, 0x31, 0x86, 0x29,
    0x66, 0x29, 0x66, 0x29, 0x66, 0x29, 0x66, 0x29, 0x66, 0x29, 0x86, 0x31,
    0x86, 0x31, 0x66, 0x29, 0x66, 0x29, 0x66, 0x29, 0x86, 0x31, 0x66, 0x29,
    0x66, 0x29, 0x66, 0x31, 0x85, 0x31, 0x65, 0x29, 0x66, 0x29, 0x66, 0x29,
    0x66, 0x29, 0x65, 0x29, 0x65, 0x29, 0x46, 0x29, 0x46, 0x29, 0x65, 0x29,
    0x65, 0x29, 0x45, 0x29, 0x65, 0x29, 0x65, 0x29, 0x46, 0x29, 0x65, 0x29,
    0x66, 0x31, 0x65, 0x29, 0x45, 0x29, 0x45, 0x29, 0x65, 0x29, 0x45, 0x29,
    0x35, 0xa5, 0x14, 0xa5, 0x14, 0xa5, 0xf4, 0x9c, 0xd4, 0x9c, 0xd3, 0x9c,
    0xd3, 0x9c, 0xb3, 0x94, 0xb3, 0x94, 0x92, 0x94, 0x72, 0x8c, 0x52, 0x8c,
    0x51, 0x84, 0x10, 0x84, 0xf0, 0x7b, 0xcf, 0x73, 0x8f, 0x73, 0x6e, 0x6b,
    0x6e, 0x6b, 0x4d, 0x6b, 0x2d, 0x63, 0x0d, 0x63, 0x2d, 0x63, 0x2d, 0x63,
    0x4d, 0x6b, 0x4e, 0x6b, 0x6e, 0x6b, 0x6e, 0x6b, 0x8e, 0x6b, 0x8e, 0x6b,
    0x6e, 0x6b, 0x6e, 0x73, 0x6e, 0x6b, 0x6e, 0x6b, 0x6e, 0x6b, 0x4d, 0x6b,
    0x2d, 0x63, 0x2d, 0x63, 0x0d, 0x63, 0x0c, 0x63, 0xec, 0x5a, 0xcb, 0x5a,
    0xcb, 0x52, 0xab, 0x52, 0x8a, 0x52, 0x8a, 0x52, 0x8a, 0x52, 0x8a, 0x52,
    0x8a, 0x4a, 0x8a, 0x52, 0x8b, 0x52, 0x8a, 0x4a, 0x6a, 0x4a, 0x8a, 0x52,
    0x6a, 0x52, 0x6a, 0x4a, 0x6a, 0x4a, 0x6a, 0x4a, 0x6a, 0x52, 0x6a, 0x4a,
    0x69, 0x4a, 0x4a, 0x4a, 0x69, 0x4a, 0x4a, 0x4a, 0x49, 0x4a, 0x49, 0x4a,
    0x4a, 0x4a, 0x49, 0x42, 0x4a, 0x42, 0x49, 0x4a, 0x49, 0x4a, 0x49, 0x42,
    0x29, 0x4a, 0x29, 0x4a, 0x49, 0x42, 0x29, 0x42, 0x29, 0x42, 0x29, 0x42,
    0x29, 0x42, 0x08, 0x42, 0x08, 0x42, 0x08, 0x42, 0x09, 0x3a, 0x08, 0x42,
    0x08, 0x3a, 0x08, 0x3a, 0x08, 0x42, 0x08, 0x3a, 0xe8, 0x39, 0xe8, 0x41,
    0x08, 0x42, 0xe8, 0x41, 0xe8, 0x39, 0xe8, 0x39, 0xe8, 0x39, 0xe7, 0x39,
    0xe8, 0x39, 0xe8, 0x39, 0xe7, 0x39, 0xc7, 0x39, 0xc7, 0x39, 0xe8, 0x39,
    0xe8, 0x39, 0xc8, 0x39, 0xc7, 0x31, 0xc7, 0x39, 0xc7, 0x31, 0xe8, 0x39,
    0xc8, 0x39, 0xc7, 0x39, 0xc7, 0x31, 0xc8, 0x31, 0xa7, 0x39, 0xc7, 0x39,
    0xc7, 0x31, 0xa7, 0x31, 0xa7, 0x31, 0xa7, 0x31, 0xa7, 0x31, 0xa7, 0x39,
    0xa7, 0x31, 0xa7, 0x31, 0xa6, 0x31, 0xa7, 0x31, 0xa6, 0x31, 0xa6, 0x31,
    0xa7, 0x31, 0x86, 0x31, 0xa6, 0x31, 0xa7, 0x31, 0x86, 0x31, 0x86, 0x31,
    0x87, 0x29, 0x86, 0x29, 0x86, 0x31, 0x86, 0x31, 0x86, 0x31, 0x86, 0x31,
    0x86, 0x29, 0x86, 0x29, 0x66, 0x29, 0x86, 0x31, 0x66, 0x29, 0x66, 0x29,
    0x86, 0x31, 0x66, 0x29, 0x86, 0x29, 0x66, 0x31, 0x66, 0x29, 0x86, 0x29,
    0x66, 0x31, 0x66, 0x31, 0x86, 0x29, 0x66, 0x29, 0x66, 0x29, 0x66, 0x29,
    0x66, 0x31, 0x86, 0x29, 0x66, 0x29, 0x66, 0x31, 0x85, 0x29, 0x66, 0x29,
    0x65, 0x29, 0x66, 0x29, 0x65, 0x29, 0x65, 0x29, 0x65, 0x31, 0x66, 0x29,
    0x66, 0x29, 0x66, 0x29, 0x66, 0x29, 0x46, 0x29, 0x66, 0x29, 0x66, 0x29,
    0x66, 0x29, 0x46, 0x29, 0x66, 0x29, 0x45, 0x29, 0x65, 0x29, 0x46, 0x29,
    0x35, 0xa5, 0x14, 0xa5, 0xf4, 0x9c, 0xf4, 0x9c, 0xd3, 0x9c, 0xd3, 0x94,
    0xb3, 0x94, 0xb3, 0x94, 0x92, 0x94, 0x72, 0x8c, 0x51, 0x8c, 0x31, 0x84,
    0x10, 0x7c, 0xd0, 0x7b, 0xaf, 0x73, 0x8e, 0x73, 0x6e, 0x6b, 0x4d, 0x63,
    0x2d, 0x63, 0x2d, 0x63, 0x4d, 0x6b, 0x4d, 0x63, 0x4e, 0x6b, 0x6e, 0x6b,
    0x6e, 0x6b, 0x8e, 0x73, 0x8e, 0x6b, 0x8f, 0x6b, 0x8e, 0x73, 0x8e, 0x73,
    0x8f, 0x73, 0x8e, 0x6b, 0x6e, 0x6b, 0x6e, 0x6b, 0x4e, 0x6b, 0x4d, 0x6b,
    0x2d, 0x63, 0x0d, 0x63, 0xec, 0x5a, 0xec, 0x5a, 0xcb, 0x5a, 0xab, 0x52,
    0xab, 0x52, 0xab, 0x52, 0xab, 0x52, 0xaa, 0x52, 0x8b, 0x52, 0x8a, 0x52,
    0x8b, 0x52, 0x8b, 0x4a, 0x8a, 0x4a, 0x8a, 0x4a, 0x8a, 0x52, 0x6a, 0x4a,
    0x6a, 0x4a, 0x8a, 0x52, 0x6a, 0x4a, 0x6a, 0x4a, 0x6a, 0x4a, 0x6a, 0x4a,
    0x6a, 0x4a, 0x69, 0x4a, 0x4a, 0x4a, 0x6a, 0x4a, 0x49, 0x4a, 0x69, 0x4a,
    0x49, 0x42, 0x49, 0x42, 0x49, 0x4a, 0x49, 0x4a, 0x49, 0x42, 0x29, 0x42,
    0x29, 0x42, 0x29, 0x42, 0x29, 0x42, 0x29, 0x42, 0x29, 0x42, 0x28, 0x42,
    0x09, 0x42, 0x29, 0x42, 0x08, 0x42, 0x09, 0x42, 0x08, 0x42, 0x08, 0x3a,
    0x08, 0x42, 0x08, 0x42, 0x08, 0x42, 0x08, 0x3a, 0x08, 0x42, 0xe8, 0x39,
    0xe8, 0x39, 0x08, 0x3a, 0xe8, 0x39, 0xe8, 0x39, 0xe8, 0x39, 0xe8, 0x39,
    0xe8, 0x39, 0xe7, 0x39, 0xc8, 0x39, 0xe8, 0x39, 0xe7, 0x39, 0xc8, 0x39,
    0xc7, 0x39, 0xc7, 0x39, 0xc7, 0x39, 0xe8, 0x39, 0xc7, 0x39, 0xc7, 0x31,
    0xc7, 0x39, 0xc7, 0x31, 0xc7, 0x39, 0xc7, 0x39, 0xc7, 0x31, 0xa7, 0x39,
    0xa7, 0x39, 0xa7, 0x39, 0xc7, 0x31, 0xa7, 0x31, 0xa7, 0x39, 0xa7, 0x31,
    0xa6, 0x31, 0xa7, 0x31, 0xa7, 0x31, 0xa7, 0x31, 0xa7, 0x31, 0x86, 0x31,
    0x87, 0x31, 0xa7, 0x31, 0x87, 0x31, 0xa7, 0x31, 0x86, 0x31, 0xa6, 0x31,
    0x86, 0x31, 0x86, 0x31, 0x87, 0x31, 0x86, 0x31, 0x86, 0x29, 0x86, 0x31,
    0x86, 0x31, 0x66, 0x29, 0x86, 0x31, 0x66, 0x31, 0x86, 0x31, 0x86, 0x31,
    0x66, 0x31, 0x86, 0x31, 0x66, 0x31, 0x86, 0x31, 0x86, 0x29, 0x86, 0x31,
    0x66, 0x29, 0x86, 0x29, 0x86, 0x31, 0x66, 0x31, 0x66, 0x29, 0x66, 0x31,
    0x66, 0x29, 0x66, 0x29, 0x66, 0x29, 0x66, 0x29, 0x66, 0x31, 0x65, 0x31,
    0x66, 0x29, 0x66, 0x29, 0x66, 0x31, 0x66, 0x29, 0x66, 0x29, 0x66, 0x31,
    0x66, 0x29, 0x65, 0x29, 0x66, 0x31, 0x66, 0x29, 0x65, 0x29, 0x66, 0x29,
    0x45, 0x29, 0x65, 0x29, 0x66, 0x29, 0x66, 0x31, 0x46, 0x29, 0x65, 0x29,
    0x35, 0xa5, 0x14, 0xa5, 0xf4, 0x9c, 0xd4, 0x9c, 0xd3, 0x9c, 0xb3, 0x94,
    0xb3, 0x94, 0x92, 0x94, 0x92, 0x94, 0x72, 0x8c, 0x31, 0x84, 0x10, 0x7c,
    0xd0, 0x7b, 0xaf, 0x73, 0x8e, 0x6b, 0x4e, 0x6b, 0x4d, 0x6b, 0x2d, 0x63,
    0x4d, 0x63, 0x4e, 0x6b, 0x6e, 0x6b, 0x6e, 0x6b, 0x6e, 0x6b, 0x8e, 0x73,
    0xaf, 0x73, 0x8e, 0x73, 0x8e, 0x73, 0xaf, 0x73, 0x8f, 0x73, 0x8f, 0x73,
    0x8e, 0x6b, 0x6e, 0x6b, 0x6e, 0x6b, 0x4e, 0x6b, 0x4d, 0x63, 0x2d, 0x63,
    0x0c, 0x5b, 0xec, 0x5a, 0xec, 0x5a, 0xcb, 0x5a, 0xab, 0x52, 0xab, 0x52,
    0xab, 0x52, 0xab, 0x52, 0xab, 0x52, 0xab, 0x52, 0xaa, 0x52, 0x8b, 0x52,
    0x8b, 0x52, 0x8a, 0x52, 0x8a, 0x52, 0x8a, 0x52, 0x6a, 0x4a, 0x8a, 0x52,
    0x8a, 0x4a, 0x8a, 0x4a, 0x8a, 0x4a, 0x6a, 0x4a, 0x8a, 0x4a, 0x6a, 0x4a,
    0x6a, 0x4a, 0x6a, 0x4a, 0x69, 0x4a, 0x49, 0x4a, 0x4a, 0x4a, 0x4a, 0x4a,
    0x49, 0x4a, 0x49, 0x4a, 0x49, 0x4a, 0x4a, 0x42, 0x49, 0x42, 0x29, 0x4a,
    0x29, 0x42, 0x29, 0x42, 0x29, 0x42, 0x29, 0x42, 0x29, 0x42, 0x29, 0x42,
    0x08, 0x42, 0x08, 0x42, 0x08, 0x42, 0x09, 0x42, 0x08, 0x42, 0x08, 0x3a,
    0x09, 0x3a, 0x08, 0x42, 0x08, 0x3a, 0x09, 0x42, 0x08, 0x42, 0x08, 0x3a,
    0xe8, 0x39, 0xe8, 0x39, 0xe8, 0x41, 0xe8, 0x39, 0xe8, 0x39, 0xe8, 0x41,
    0xe7, 0x39, 0xe7, 0x39, 0xc8, 0x39, 0xc8, 0x39, 0xe8, 0x39, 0xc7, 0x39,
    0xc7, 0x39, 0xc7, 0x39, 0xc8, 0x39, 0xe8, 0x39, 0xc7, 0x39, 0xc7, 0x39,
    0xc8, 0x39, 0xc7, 0x39, 0xc7, 0x39, 0xc7, 0x39, 0xc7, 0x31, 0xc7, 0x31,
    0xa7, 0x39, 0xc7, 0x31, 0xc7, 0x39, 0xc7, 0x31, 0xa7, 0x31, 0xa7, 0x31,
    0xa7, 0x39, 0xa6, 0x39, 0xa7, 0x31, 0xa7, 0x31, 0xa6, 0x39, 0x87, 0x31,
    0x86, 0x31, 0xa6, 0x31, 0x87, 0x31, 0x86, 0x31, 0x86, 0x31, 0x86, 0x31,
    0xa6, 0x31, 0x86, 0x31, 0x86, 0x29, 0x86, 0x29, 0x86, 0x31, 0x87, 0x29,
    0x86, 0x31, 0x86, 0x31, 0x86, 0x29, 0x66, 0x29, 0x86, 0x29, 0x66, 0x29,
    0x86, 0x29, 0x66, 0x29, 0x66, 0x31, 0x86, 0x29, 0x86, 0x31, 0x66, 0x31,
    0x86, 0x31, 0x86, 0x29, 0x66, 0x31, 0x86, 0x31, 0x86, 0x31, 0x86, 0x31,
    0x66, 0x29, 0x66, 0x31, 0x66, 0x31, 0x66, 0x31, 0x86, 0x29, 0x66, 0x29,
    0x66, 0x31, 0x65, 0x29, 0x66, 0x29, 0x65, 0x29, 0x66, 0x29, 0x65, 0x29,
    0x65, 0x29, 0x66, 0x29, 0x65, 0x31, 0x65, 0x29, 0x66, 0x29, 0x65, 0x31,
    0x66, 0x29, 0x65, 0x29, 0x65, 0x29, 0x46, 0x29, 0x45, 0x29, 0x46, 0x29,
    0x35, 0xa5, 0x14, 0xa5, 0xf4, 0x9c, 0xd4, 0x9c, 0xd3, 0x94, 0xb3, 0x94,
    0xb3, 0x94, 0x92, 0x94, 0x72, 0x8c, 0x31, 0x84, 0x10, 0x84, 0xf0, 0x7b,
    0xaf, 0x73, 0x8e, 0x6b, 0x6e, 0x6b, 0x4e, 0x6b, 0x4d, 0x6b, 0x6e, 0x6b,
    0x6e, 0x6b, 0x8e, 0x6b, 0x8e, 0x73, 0xaf, 0x73, 0xaf, 0x73, 0xaf, 0x73,
    0xaf, 0x73, 0xaf, 0x73, 0xaf, 0x73, 0x8f, 0x73, 0x8e, 0x73, 0x8e, 0x6b,
    0x6e, 0x6b, 0x6e, 0x6b, 0x4e, 0x6b, 0x2d, 0x63, 0x0c, 0x63, 0xec, 0x5a,
    0xec, 0x5a, 0xcb, 0x5a, 0xcb, 0x52, 0xab, 0x52, 0xab, 0x52, 0xab, 0x52,
    0xab, 0x52, 0xab, 0x52, 0xab, 0x52, 0xab, 0x52, 0xab, 0x52, 0xaa, 0x52,
    0x8a, 0x52, 0x8a, 0x4a, 0x8a, 0x4a, 0x8b, 0x4a, 0x8b, 0x4a, 0x8a, 0x52,
    0x8a, 0x52, 0x6b, 0x4a, 0x6a, 0x4a, 0x6a, 0x52, 0x6a, 0x52, 0x6a, 0x4a,
    0x6a, 0x4a, 0x6a, 0x4a, 0x6a, 0x4a, 0x49, 0x4a, 0x6a, 0x4a, 0x49, 0x4a,
    0x4a, 0x4a, 0x49, 0x42, 0x4a, 0x4a, 0x49, 0x42, 0x49, 0x42, 0x49, 0x42,
    0x49, 0x4a, 0x49, 0x4a, 0x29, 0x42, 0x29, 0x42, 0x29, 0x42, 0x29, 0x42,
    0x29, 0x42, 0x28, 0x42, 0x09, 0x42, 0x08, 0x42, 0x08, 0x42, 0x09, 0x42,
    0x08, 0x42, 0x08, 0x42, 0x09, 0x42, 0x08, 0x3a, 0x08, 0x3a, 0x08, 0x42,
    0x09, 0x42, 0x08, 0x42, 0xe8, 0x39, 0xe8, 0x39, 0xe8, 0x39, 0xe8, 0x39,
    0xe8, 0x39, 0xe8, 0x39, 0xc7, 0x39, 0xe7, 0x39, 0xc7, 0x39, 0xc7, 0x39,
    0xe8, 0x39, 0xe8, 0x39, 0xc8, 0x39, 0xe7, 0x39, 0xc7, 0x31, 0xc8, 0x39,
    0xe8, 0x39, 0xc7, 0x31, 0xc7, 0x31, 0xc8, 0x31, 0xc7, 0x39, 0xc7, 0x31,
    0xc7, 0x31, 0xa7, 0x31, 0xa7, 0x31, 0xa7, 0x39, 0xa7, 0x31, 0xc7, 0x31,
    0xa7, 0x31, 0xa7, 0x31, 0xa6, 0x31, 0xa6, 0x31, 0xa6, 0x31, 0xa6, 0x31,
    0x87, 0x31, 0xa6, 0x31, 0xa6, 0x31, 0x87, 0x31, 0x86, 0x31, 0x87, 0x31,
    0x87, 0x31, 0x86, 0x29, 0x86, 0x31, 0x86, 0x31, 0x87, 0x31, 0x86, 0x31,
    0x86, 0x29, 0x86, 0x29, 0x86, 0x31, 0x86, 0x29, 0x86, 0x31, 0x66, 0x31,
    0x87, 0x31, 0x86, 0x29, 0x86, 0x29, 0x66, 0x31, 0x66, 0x29, 0x66, 0x29,
    0x66, 0x29, 0x66, 0x31, 0x66, 0x29, 0x66, 0x29, 0x86, 0x29, 0x86, 0x29,
    0x66, 0x29, 0x86, 0x29, 0x86, 0x29, 0x66, 0x29, 0x66, 0x29, 0x86, 0x29,
    0x66, 0x29, 0x65, 0x29, 0x65, 0x29, 0x66, 0x29, 0x65, 0x31, 0x66, 0x29,
    0x66, 0x29, 0x66, 0x31, 0x66, 0x29, 0x66, 0x29, 0x65, 0x29, 0x66, 0x29,
    0x66, 0x29, 0x65, 0x31, 0x66, 0x29, 0x65, 0x29, 0x65, 0x29, 0x45, 0x29,
    0x35, 0xa5, 0x34, 0xa5, 0xf4, 0x9c, 0xd3, 0x9c, 0xd3, 0x94, 0xb3, 0x94,
    0x92, 0x8c, 0x52, 0x8c, 0x31, 0x84, 0x10, 0x84, 0xf0, 0x7b, 0xaf, 0x73,
    0x8e, 0x6b, 0x6e, 0x6b, 0x6e, 0x6b, 0x6e, 0x6b, 0x8e, 0x6b, 0x8e, 0x73,
    0x8f, 0x73, 0xaf, 0x73, 0xaf, 0x73, 0xaf, 0x73, 0xaf, 0x73, 0xaf, 0x73,
    0xaf, 0x73, 0xaf, 0x73, 0x8f, 0x73, 0x8e, 0x6b, 0x8e, 0x6b, 0x6e, 0x6b,
    0x4d, 0x6b, 0x4d, 0x6b, 0x2d, 0x63, 0x0c, 0x5b, 0xec, 0x5a, 0xcc, 0x5a,
    0xcb, 0x52, 0xcb, 0x52, 0xcb, 0x5a, 0xcb, 0x5a, 0xcc, 0x52, 0xab, 0x52,
    0xcb, 0x52, 0xab, 0x52, 0xab, 0x52, 0xcb, 0x52, 0xab, 0x52, 0xab, 0x52,
    0x8a, 0x52, 0x8a, 0x52, 0x8a, 0x4a, 0x8a, 0x52, 0x8a, 0x52, 0x8a, 0x4a,
    0x8a, 0x4a, 0x6a, 0x52, 0x6a, 0x52, 0x6a, 0x4a, 0x6a, 0x4a, 0x6a, 0x4a,
    0x6a, 0x4a, 0x6a, 0x4a, 0x69, 0x4a, 0x4a, 0x4a, 0x69, 0x4a, 0x69, 0x4a,
    0x49, 0x4a, 0x4a, 0x42, 0x49, 0x4a, 0x49, 0x4a, 0x49, 0x42, 0x49, 0x4a,
    0x29, 0x42, 0x49, 0x42, 0x29, 0x42, 0x29, 0x4a, 0x29, 0x42, 0x29, 0x42,
    0x29, 0x42, 0x28, 0x42, 0x08, 0x42, 0x29, 0x42, 0x28, 0x42, 0x08, 0x42,
    0x08, 0x42, 0x08, 0x42, 0x08, 0x3a, 0x08, 0x42, 0x08, 0x3a, 0x08, 0x3a,
    0x08, 0x3a, 0x08, 0x42, 0xe8, 0x39, 0x08, 0x42, 0xe8, 0x39, 0xe8, 0x39,
    0xe8, 0x39, 0xe7, 0x39, 0xe8, 0x39, 0xe7, 0x39, 0xe7, 0x39, 0xc8, 0x39,
    0xe7, 0x39, 0xc7, 0x39, 0xc8, 0x39, 0xe7, 0x39, 0xc8, 0x31, 0xc7, 0x39,
    0xc7, 0x31, 0xc7, 0x39, 0xc8, 0x39, 0xc7, 0x39, 0xc7, 0x39, 0xc7, 0x39,
    0xc7, 0x39, 0xc7, 0x39, 0xc7, 0x39, 0xa7, 0x31, 0xa7, 0x39, 0xa7, 0x31,
    0xc7, 0x31, 0xa7, 0x31, 0xa7, 0x31, 0xa7, 0x31, 0xa7, 0x31, 0xa7, 0x31,
    0xa6, 0x31, 0xa7, 0x31, 0x87, 0x31, 0xa6, 0x31, 0x86, 0x31, 0x86, 0x31,
    0x87, 0x31, 0x86, 0x31, 0xa6, 0x31, 0x87, 0x31, 0x86, 0x31, 0x86, 0x29,
    0x86, 0x31, 0x86, 0x31, 0x87, 0x31, 0x86, 0x31, 0x86, 0x29, 0x86, 0x31,
    0x86, 0x29, 0x86, 0x31, 0x86, 0x31, 0x66, 0x29, 0x86, 0x29, 0x66, 0x31,
    0x86, 0x29, 0x86, 0x29, 0x86, 0x31, 0x66, 0x31, 0x66, 0x29, 0x66, 0x31,
    0x86, 0x31, 0x66, 0x29, 0x66, 0x29, 0x66, 0x31, 0x66, 0x31, 0x66, 0x31,
    0x66, 0x31, 0x66, 0x29, 0x66, 0x29, 0x66, 0x29, 0x66, 0x31, 0x66, 0x31,
    0x66, 0x29, 0x65, 0x29, 0x66, 0x31, 0x66, 0x29, 0x66, 0x29, 0x66, 0x31,
    0x65, 0x29, 0x66, 0x29, 0x66, 0x29, 0x66, 0x31, 0x66, 0x31, 0x66, 0x29,
    0x35, 0xa5, 0x15, 0xa5, 0xf4, 0xa4, 0xd3, 0x9c, 0xb3, 0x94, 0x72, 0x8c,
    0x51, 0x8c, 0x31, 0x84, 0x10, 0x7c, 0xd0, 0x7b, 0xaf, 0x73, 0x8e, 0x73,
    0x8e, 0x6b, 0x6e, 0x6b, 0x8e, 0x73, 0x8f, 0x73, 0x8f, 0x73, 0xaf, 0x73,
    0xaf, 0x73, 0xaf, 0x73, 0xaf, 0x73, 0xaf, 0x73, 0xaf, 0x73, 0xaf, 0x73,
    0xaf, 0x73, 0x8e, 0x73, 0x6e, 0x6b, 0x6e, 0x6b, 0x4e, 0x6b, 0x4d, 0x63,
    0x2d, 0x63, 0x0d, 0x63, 0xec, 0x5a, 0xeb, 0x5a, 0xcc, 0x5a, 0xcb, 0x5a,
    0xcb, 0x5a, 0xcb, 0x52, 0xcc, 0x5a, 0xcb, 0x5a, 0xcb, 0x52, 0xcc, 0x5a,
    0xab, 0x5a, 0xcb, 0x52, 0xab, 0x5a, 0xab, 0x52, 0xab, 0x52, 0xaa, 0x52,
    0x8b, 0x52, 0x8b, 0x52, 0x8b, 0x52, 0x8a, 0x52, 0x8a, 0x52, 0x8b, 0x4a,
    0x8a, 0x52, 0x8a, 0x4a, 0x8a, 0x4a, 0x8a, 0x4a, 0x8a, 0x4a, 0x6a, 0x52,
    0x8a, 0x4a, 0x6a, 0x4a, 0x6a, 0x4a, 0x6a, 0x4a, 0x4a, 0x4a, 0x6a, 0x4a,
    0x49, 0x4a, 0x49, 0x4a, 0x4a, 0x42, 0x49, 0x4a, 0x49, 0x4a, 0x4a, 0x42,
    0x29, 0x42, 0x29, 0x4a, 0x49, 0x42, 0x29, 0x42, 0x29, 0x42, 0x29, 0x42,
    0x29, 0x4a, 0x29, 0x42, 0x29, 0x42, 0x28, 0x42, 0x09, 0x42, 0x08, 0x42,
    0x09, 0x42, 0x09, 0x3a, 0x08, 0x3a, 0x08, 0x42, 0x08, 0x42, 0x08, 0x42,
    0x08, 0x42, 0x08, 0x3a, 0xe8, 0x41, 0x08, 0x3a, 0xe8, 0x39, 0xe8, 0x41,
    0xe8, 0x39, 0xe8, 0x39, 0xe8, 0x39, 0xc8, 0x39, 0xc8, 0x39, 0xe8, 0x39,
    0xc8, 0x39, 0xe7, 0x39, 0xe7, 0x39, 0xe8, 0x39, 0xc7, 0x39, 0xc7, 0x39,
    0xc7, 0x39, 0xc8, 0x39, 0xc7, 0x39, 0xc7, 0x39, 0xc7, 0x31, 0xc8, 0x39,
    0xc7, 0x39, 0xc7, 0x31, 0xa7, 0x31, 0xc7, 0x31, 0xa7, 0x31, 0xa7, 0x39,
    0xa7, 0x39, 0xa7, 0x39, 0xa7, 0x31, 0xc6, 0x31, 0xa7, 0x39, 0xa7, 0x31,
    0xa7, 0x31, 0x86, 0x31, 0x87, 0x31, 0xa6, 0x31, 0xa6, 0x31, 0x86, 0x31,
    0x86, 0x31, 0x86, 0x31, 0x87, 0x31, 0x86, 0x31, 0x86, 0x29, 0xa6, 0x31,
    0x87, 0x31, 0x87, 0x31, 0x86, 0x29, 0x86, 0x31, 0x86, 0x31, 0x86, 0x29,
    0x86, 0x31, 0x86, 0x31, 0x86, 0x29, 0x86, 0x31, 0x87, 0x31, 0x86, 0x31,
    0x86, 0x31, 0x86, 0x31, 0x87, 0x31, 0x86, 0x29, 0x66, 0x31, 0x86, 0x31,
    0x66, 0x29, 0x86, 0x31, 0x86, 0x31, 0x66, 0x29, 0x86, 0x29, 0x66, 0x29,
    0x66, 0x29, 0x66, 0x29, 0x66, 0x31, 0x65, 0x29, 0x66, 0x29, 0x66, 0x29,
    0x65, 0x29, 0x66, 0x29, 0x66, 0x29, 0x65, 0x29, 0x65, 0x29, 0x66, 0x31,
    0x66, 0x29, 0x65, 0x29, 0x66, 0x29, 0x66, 0x29, 0x65, 0x29, 0x66, 0x29,
    0x35, 0xa5, 0x35, 0xa5, 0xf4, 0x9c, 0xb3, 0x94, 0x92, 0x8c, 0x51, 0x84,
    0x11, 0x7c, 0xf0, 0x7b, 0xcf, 0x7b, 0xaf, 0x73, 0x8e, 0x6b, 0x8e, 0x73,
    0x8f, 0x73, 0x8f, 0x73, 0xaf, 0x73, 0xaf, 0x73, 0xaf, 0x73, 0xaf, 0x73,
    0xcf, 0x73, 0xaf, 0x73, 0xaf, 0x73, 0xaf, 0x73, 0xaf, 0x73, 0x8e, 0x73,
    0x8e, 0x73, 0x6e, 0x6b, 0x4e, 0x6b, 0x4d, 0x6b, 0x2d, 0x63, 0x0d, 0x63,
    0x0c, 0x5b, 0xec, 0x5a, 0xec, 0x5a, 0xcb, 0x5a, 0xeb, 0x5a, 0xcc, 0x5a,
    0xcb, 0x5a, 0xeb, 0x5a, 0xcc, 0x52, 0xcb, 0x52, 0xcb, 0x52, 0xcb, 0x5a,
    0xab, 0x52, 0xab, 0x52, 0xab, 0x52, 0xab, 0x52, 0xab, 0x52, 0xab, 0x52,
    0x8a, 0x52, 0xaa, 0x52, 0x8a, 0x52, 0xab, 0x4a, 0x8b, 0x4a, 0x8a, 0x52,
    0x8a, 0x4a, 0x8a, 0x4a, 0x6a, 0x4a, 0x6a, 0x4a, 0x6a, 0x52, 0x6a, 0x4a,
    0x6a, 0x4a, 0x6a, 0x4a, 0x6a, 0x4a, 0x69, 0x4a, 0x49, 0x4a, 0x4a, 0x4a,
    0x49, 0x4a, 0x4a, 0x4a, 0x69, 0x4a, 0x49, 0x42, 0x49, 0x42, 0x49, 0x4a,
    0x49, 0x42, 0x49, 0x42, 0x29, 0x4a, 0x49, 0x42, 0x29, 0x42, 0x29, 0x42,
    0x29, 0x42, 0x29, 0x42, 0x28, 0x42, 0x09, 0x42, 0x28, 0x42, 0x09, 0x42,
    0x08, 0x42, 0x08, 0x42, 0x29, 0x42, 0x08, 0x42, 0x08, 0x3a, 0x09, 0x3a,
    0x08, 0x42, 0x08, 0x3a, 0xe9, 0x39, 0xe8, 0x39, 0x08, 0x42, 0xe8, 0x41,
    0xe8, 0x39, 0xe8, 0x39, 0xe7, 0x39, 0xe7, 0x39, 0xc7, 0x39, 0xe8, 0x39,
    0xe7, 0x39, 0xc8, 0x39, 0xc8, 0x39, 0xe7, 0x39, 0xc7, 0x39, 0xe8, 0x39,
    0xe8, 0x39, 0xc7, 0x39, 0xe8, 0x31, 0xe7, 0x31, 0xc7, 0x39, 0xc8, 0x31,
    0xc7, 0x31, 0xc7, 0x31, 0xa7, 0x39, 0xa7, 0x39, 0xc7, 0x31, 0xa7, 0x31,
    0xa7, 0x31, 0xa7, 0x31, 0xc7, 0x31, 0xa7, 0x31, 0xa6, 0x31, 0xa7, 0x39,
    0xa6, 0x31, 0xa6, 0x31, 0xa6, 0x31, 0x87, 0x31, 0x87, 0x31, 0xa7, 0x31,
    0xa6, 0x31, 0x86, 0x31, 0x87, 0x31, 0x86, 0x31, 0xa6, 0x31, 0x86, 0x31,
    0x86, 0x31, 0x86, 0x29, 0x86, 0x31, 0x87, 0x29, 0x86, 0x31, 0x86, 0x31,
    0x87, 0x31, 0x86, 0x29, 0x86, 0x31, 0x86, 0x29, 0x66, 0x31, 0x86, 0x29,
    0x86, 0x31, 0x86, 0x31, 0x66, 0x29, 0x86, 0x29, 0x86, 0x29, 0x66, 0x29,
    0x86, 0x31, 0x66, 0x29, 0x86, 0x31, 0x86, 0x31, 0x66, 0x29, 0x66, 0x29,
    0x86, 0x31, 0x66, 0x29, 0x66, 0x29, 0x66, 0x31, 0x65, 0x29, 0x66, 0x29,
    0x66, 0x31, 0x66, 0x29, 0x66, 0x29, 0x86, 0x31, 0x66, 0x29, 0x66, 0x29,
    0x65, 0x29, 0x66, 0x31, 0x65, 0x31, 0x65, 0x29, 0x66, 0x29, 0x65, 0x29,
    0x35, 0xa5, 0x14, 0xa5, 0xd4, 0x9c, 0x92, 0x94, 0x51, 0x8c, 0x10, 0x84,
    0xf0, 0x7b, 0xaf, 0x73, 0xaf, 0x73, 0x8f, 0x73, 0x8f, 0x73, 0xaf, 0x73,
    0xaf, 0x73, 0xcf, 0x73, 0xcf, 0x73, 0xaf, 0x73, 0xaf, 0x73, 0xcf, 0x7b,
    0xaf, 0x73, 0xaf, 0x73, 0xaf, 0x73, 0x8f, 0x73, 0x8e, 0x6b, 0x6e, 0x6b,
    0x4e, 0x6b, 0x4d, 0x63, 0x2d, 0x63, 0x2d, 0x63, 0x0c, 0x63, 0xec, 0x5a,
    0xec, 0x5a, 0xec, 0x5a, 0xec, 0x5a, 0xec, 0x5a, 0xcc, 0x5a, 0xcb, 0x5a,
    0xcc, 0x5a, 0xec, 0x52, 0xcb, 0x5a, 0xcb, 0x5a, 0xcb, 0x52, 0xab, 0x52,
    0xab, 0x52, 0xab, 0x52, 0xab, 0x52, 0xab, 0x52, 0xab, 0x52, 0xab, 0x52,
    0xab, 0x52, 0x8b, 0x52, 0x8b, 0x52, 0x8a, 0x52, 0x8a, 0x52, 0x8a, 0x4a,
    0x8a, 0x52, 0x8b, 0x52, 0x8a, 0x52, 0x8a, 0x52, 0x8b, 0x4a, 0x6a, 0x4a,
    0x6a, 0x4a, 0x6a, 0x52, 0x6a, 0x4a, 0x6a, 0x4a, 0x6a, 0x4a, 0x69, 0x4a,
    0x49, 0x4a, 0x4a, 0x4a, 0x49, 0x4a, 0x4a, 0x4a, 0x4a, 0x4a, 0x49, 0x42,
    0x49, 0x4a, 0x49, 0x42, 0x29, 0x42, 0x49, 0x4a, 0x29, 0x42, 0x29, 0x42,
    0x29, 0x42, 0x29, 0x42, 0x29, 0x42, 0x28, 0x42, 0x09, 0x42, 0x28, 0x42,
    0x08, 0x42, 0x08, 0x42, 0x08, 0x42, 0x09, 0x42, 0x08, 0x42, 0x08, 0x42,
    0x08, 0x42, 0x08, 0x3a, 0x08, 0x42, 0xe8, 0x41, 0x08, 0x3a, 0xe8, 0x39,
    0xe8, 0x39, 0xe8, 0x39, 0xe8, 0x39, 0xe7, 0x39, 0xe8, 0x39, 0xc7, 0x39,
    0xc7, 0x39, 0xc7, 0x39, 0xe8, 0x39, 0xc7, 0x39, 0xc8, 0x39, 0xe8, 0x39,
    0xc7, 0x39, 0xc7, 0x39, 0xc7, 0x39, 0xc8, 0x39, 0xc7, 0x39, 0xc7, 0x39,
    0xc7, 0x39, 0xc7, 0x39, 0xc7, 0x31, 0xc7, 0x31, 0xa7, 0x39, 0xc7, 0x31,
    0xc7, 0x31, 0xa7, 0x39, 0xa7, 0x39, 0xa7, 0x31, 0xa7, 0x39, 0xa7, 0x31,
    0xa6, 0x31, 0xa7, 0x31, 0xa7, 0x31, 0xa6, 0x31, 0x87, 0x31, 0x86, 0x31,
    0xa7, 0x31, 0xa7, 0x31, 0x86, 0x31, 0x86, 0x31, 0x87, 0x31, 0x86, 0x31,
    0x86, 0x31, 0x86, 0x29, 0x86, 0x31, 0x86, 0x31, 0x86, 0x29, 0x86, 0x31,
    0x87, 0x31, 0x86, 0x29, 0x86, 0x31, 0x86, 0x31, 0x86, 0x29, 0x86, 0x31,
    0x67, 0x29, 0x66, 0x29, 0x86, 0x31, 0x86, 0x31, 0x86, 0x29, 0x66, 0x31,
    0x86, 0x29, 0x66, 0x31, 0x66, 0x29, 0x66, 0x29, 0x66, 0x31, 0x86, 0x31,
    0x86, 0x31, 0x66, 0x29, 0x66, 0x31, 0x66, 0x31, 0x66, 0x29, 0x66, 0x29,
    0x65, 0x31, 0x66, 0x29, 0x66, 0x31, 0x65, 0x31, 0x66, 0x29, 0x65, 0x29,
    0x65, 0x29, 0x66, 0x29, 0x66, 0x29, 0x66, 0x29, 0x66, 0x31, 0x66, 0x29,
    0xf4, 0xa4, 0xf4, 0x9c, 0xb3, 0x94, 0x52, 0x8c, 0x10, 0x84, 0xd0, 0x7b,
    0xaf, 0x73, 0xaf, 0x73, 0xaf, 0x73, 0xaf, 0x73, 0xaf, 0x73, 0xcf, 0x73,
    0xcf, 0x73, 0xd0, 0x7b, 0xcf, 0x7b, 0xcf, 0x73, 0xaf, 0x73, 0xaf, 0x73,
    0xaf, 0x73, 0x8e, 0x73, 0x6e, 0x6b, 0x6e, 0x6b, 0x6e, 0x6b, 0x4d, 0x6b,
    0x2d, 0x63, 0x2d, 0x63, 0x0c, 0x63, 0xec, 0x5a, 0xec, 0x5a, 0xec, 0x5a,
    0x0c, 0x5b, 0xec, 0x5a, 0xec, 0x5a, 0xec, 0x5a, 0xeb, 0x5a, 0xcc, 0x5a,
    0xcb, 0x5a, 0xcb, 0x52, 0xcc, 0x5a, 0xcc, 0x52, 0xcb, 0x5a, 0xab, 0x52,
    0xcb, 0x5a, 0xcb, 0x5a, 0xab, 0x52, 0xab, 0x52, 0xab, 0x52, 0xab, 0x52,
    0x8b, 0x52, 0xaa, 0x52, 0x8b, 0x52, 0x8a, 0x52, 0x8a, 0x4a, 0x8b, 0x52,
    0x8b, 0x52, 0x8a, 0x4a, 0x8a, 0x52, 0x8a, 0x4a, 0x6a, 0x52, 0x8a, 0x4a,
    0x6a, 0x4a, 0x6a, 0x4a, 0x6a, 0x4a, 0x6a, 0x4a, 0x69, 0x4a, 0x4a, 0x4a,
    0x49, 0x4a, 0x6a, 0x4a, 0x49, 0x4a, 0x49, 0x4a, 0x49, 0x42, 0x49, 0x4a,
    0x49, 0x4a, 0x4a, 0x4a, 0x49, 0x4a, 0x29, 0x42, 0x29, 0x42, 0x29, 0x4a,
    0x29, 0x42, 0x29, 0x42, 0x29, 0x42, 0x29, 0x42, 0x09, 0x42, 0x28, 0x42,
    0x29, 0x42, 0x09, 0x42, 0x09, 0x3a, 0x08, 0x3a, 0x08, 0x3a, 0x09, 0x42,
    0x08, 0x42, 0x08, 0x3a, 0x08, 0x42, 0x08, 0x3a, 0xe8, 0x39, 0x08, 0x3a,
    0xe8, 0x41, 0x08, 0x3a, 0xe8, 0x39, 0xe8, 0x39, 0xe8, 0x41, 0xe8, 0x39,
    0xc7, 0x39, 0xe8, 0x39, 0xe7, 0x39, 0xe8, 0x39, 0xc8, 0x39, 0xe7, 0x39,
    0xe7, 0x39, 0xc8, 0x39, 0xc7, 0x39, 0xc7, 0x39, 0xc8, 0x31, 0xc7, 0x39,
    0xc7, 0x31, 0xc7, 0x39, 0xc7, 0x39, 0xa7, 0x31, 0xc7, 0x39, 0xa7, 0x39,
    0xc7, 0x39, 0xa7, 0x31, 0xa7, 0x31, 0xc7, 0x31, 0xa7, 0x31, 0xa6, 0x31,
    0xa7, 0x39, 0xa7, 0x31, 0xa7, 0x31, 0xa6, 0x39, 0xa6, 0x31, 0x86, 0x31,
    0x87, 0x31, 0x86, 0x31, 0x86, 0x31, 0x86, 0x31, 0x86, 0x31, 0x87, 0x31,
    0x87, 0x31, 0x87, 0x31, 0x86, 0x31, 0x86, 0x31, 0x87, 0x31, 0x86, 0x29,
    0x86, 0x31, 0x86, 0x31, 0x86, 0x29, 0x87, 0x31, 0x86, 0x31, 0x86, 0x31,
    0x86, 0x31, 0x86, 0x31, 0x86, 0x29, 0x86, 0x31, 0x67, 0x31, 0x86, 0x31,
    0x86, 0x29, 0x86, 0x29, 0x87, 0x31, 0x86, 0x29, 0x66, 0x29, 0x66, 0x31,
    0x86, 0x29, 0x86, 0x29, 0x66, 0x29, 0x66, 0x29, 0x86, 0x29, 0x66, 0x29,
    0x65, 0x29, 0x66, 0x29, 0x86, 0x29, 0x65, 0x29, 0x66, 0x29, 0x66, 0x31,
    0x66, 0x29, 0x66, 0x31, 0x66, 0x29, 0x66, 0x29, 0x66, 0x31, 0x65, 0x29,
    0xb3, 0x94, 0x92, 0x8c, 0x31, 0x84, 0xd0, 0x7b, 0xcf, 0x73, 0xaf, 0x73,
    0xaf, 0x73, 0xcf, 0x73, 0xcf, 0x73, 0xcf, 0x73, 0xcf, 0x7b, 0xcf, 0x7b,
    0xd0, 0x73, 0xcf, 0x73, 0xcf, 0x7b, 0xaf, 0x73, 0xaf, 0x73, 0x8f, 0x73,
    0x8e, 0x73, 0x6e, 0x6b, 0x4e, 0x6b, 0x4d, 0x6b, 0x4d, 0x63, 0x2d, 0x63,
    0x0d, 0x63, 0x0c, 0x5b, 0x0c, 0x5b, 0xec, 0x62, 0xec, 0x5a, 0xec, 0x5a,
    0xec, 0x5a, 0xec, 0x5a, 0xec, 0x5a, 0xec, 0x5a, 0xec, 0x5a, 0xeb, 0x5a,
    0xcc, 0x5a, 0xcb, 0x5a, 0xcb, 0x5a, 0xcb, 0x52, 0xcc, 0x52, 0xcb, 0x5a,
    0xcb, 0x52, 0xab, 0x52, 0xab, 0x52, 0xab, 0x5a, 0xab, 0x52, 0xab, 0x52,
    0xab, 0x52, 0xab, 0x52, 0xaa, 0x52, 0x8b, 0x52, 0xab, 0x52, 0x8a, 0x52,
    0x8a, 0x4a, 0x8a, 0x4a, 0x8a, 0x4a, 0x8a, 0x4a, 0x6a, 0x4a, 0x8a, 0x52,
    0x6a, 0x4a, 0x6a, 0x4a, 0x6a, 0x4a, 0x6a, 0x4a, 0x6a, 0x4a, 0x69, 0x4a,
    0x6a, 0x4a, 0x6a, 0x4a, 0x69, 0x4a, 0x49, 0x4a, 0x4a, 0x42, 0x49, 0x4a,
    0x49, 0x42, 0x49, 0x42, 0x49, 0x4a, 0x29, 0x42, 0x29, 0x42, 0x29, 0x42,
    0x29, 0x4a, 0x29, 0x42, 0x29, 0x42, 0x29, 0x42, 0x28, 0x42, 0x09, 0x42,
    0x08, 0x42, 0x08, 0x42, 0x08, 0x42, 0x08, 0x42, 0x08, 0x42, 0x08, 0x3a,
    0x08, 0x3a, 0x08, 0x42, 0x09, 0x3a, 0xe8, 0x39, 0x08, 0x42, 0xe8, 0x41,
    0xe8, 0x39, 0xe8, 0x39, 0xe8, 0x39, 0xe8, 0x39, 0xe7, 0x39, 0xe7, 0x39,
    0xe8, 0x39, 0xc8, 0x39, 0xc8, 0x39, 0xe7, 0x39, 0xc7, 0x39, 0xc8, 0x39,
    0xc7, 0x39, 0xe8, 0x39, 0xe8, 0x39, 0xc7, 0x39, 0xc8, 0x39, 0xe7, 0x31,
    0xc7, 0x39, 0xc7, 0x31, 0xc7, 0x31, 0xa7, 0x31, 0xa7, 0x39, 0xc7, 0x31,
    0xa7, 0x31, 0xa7, 0x31, 0xa7, 0x31, 0xa7, 0x31, 0xa7, 0x39, 0xa7, 0x31,
    0xa7, 0x31, 0xa6, 0x31, 0xa6, 0x31, 0xa7, 0x31, 0xa7, 0x31, 0xa7, 0x31,
    0xa6, 0x31, 0x86, 0x31, 0x87, 0x31, 0xa6, 0x31, 0xa7, 0x31, 0xa6, 0x31,
    0xa6, 0x31, 0x86, 0x31, 0x86, 0x31, 0x87, 0x31, 0xa6, 0x31, 0x86, 0x31,
    0xa7, 0x29, 0x86, 0x31, 0x86, 0x31, 0x86, 0x29, 0x86, 0x29, 0x86, 0x29,
    0x86, 0x31, 0x86, 0x31, 0x86, 0x31, 0x66, 0x29, 0x86, 0x31, 0x86, 0x29,
    0x66, 0x31, 0x66, 0x31, 0x86, 0x29, 0x86, 0x31, 0x86, 0x31, 0x86, 0x29,
    0x66, 0x29, 0x66, 0x31, 0x66, 0x29, 0x66, 0x29, 0x66, 0x31, 0x66, 0x29,
    0x66, 0x29, 0x66, 0x31, 0x65, 0x31, 0x66, 0x31, 0x66, 0x29, 0x66, 0x29,
    0x66, 0x31, 0x65, 0x29, 0x66, 0x29, 0x65, 0x31, 0x66, 0x29, 0x65, 0x29,
    0x31, 0x84, 0xf0, 0x7b, 0xaf, 0x7b, 0xaf, 0x73, 0xaf, 0x73, 0xcf, 0x73,
    0xcf, 0x7b, 0xd0, 0x7b, 0xcf, 0x7b, 0xcf, 0x73, 0xd0, 0x7b, 0xd0, 0x7b,
    0xcf, 0x7b, 0xcf, 0x7b, 0xaf, 0x73, 0x8f, 0x73, 0x8e, 0x73, 0x8e, 0x6b,
    0x6e, 0x6b, 0x4e, 0x6b, 0x4d, 0x63, 0x2d, 0x63, 0x0d, 0x63, 0x0c, 0x5b,
    0x0c, 0x5b, 0x0c, 0x63, 0x0c, 0x5b, 0x0c, 0x5b, 0xec, 0x5a, 0x0c, 0x5b,
    0xec, 0x62, 0xec, 0x62, 0xec, 0x5a, 0xec, 0x5a, 0xec, 0x5a, 0xec, 0x5a,
    0xeb, 0x5a, 0xec, 0x5a, 0xec, 0x5a, 0xeb, 0x5a, 0xcb, 0x5a, 0xcc, 0x52,
    0xcb, 0x52, 0xcb, 0x52, 0xcb, 0x52, 0xcb, 0x52, 0xab, 0x52, 0xcb, 0x52,
    0xab, 0x52, 0xab, 0x52, 0xab, 0x52, 0x8a, 0x52, 0xab, 0x52, 0x8b, 0x52,
    0x8a, 0x52, 0x8a, 0x4a, 0x8a, 0x52, 0x8b, 0x52, 0x8a, 0x4a, 0x6a, 0x4a,
    0x8a, 0x52, 0x6a, 0x4a, 0x6a, 0x4a, 0x6a, 0x4a, 0x6a, 0x4a, 0x6a, 0x4a,
    0x6a, 0x4a, 0x49, 0x4a, 0x49, 0x4a, 0x6a, 0x4a, 0x4a, 0x4a, 0x4a, 0x4a,
    0x49, 0x42, 0x49, 0x42, 0x49, 0x42, 0x49, 0x42, 0x49, 0x42, 0x29, 0x42,
    0x49, 0x42, 0x29, 0x4a, 0x29, 0x42, 0x29, 0x42, 0x29, 0x42, 0x28, 0x42,
    0x09, 0x42, 0x28, 0x42, 0x08, 0x42, 0x09, 0x42, 0x08, 0x42, 0x08, 0x42,
    0x08, 0x3a, 0x08, 0x3a, 0x08, 0x42, 0xe8, 0x41, 0xe8, 0x39, 0x08, 0x3a,
    0xe8, 0x39, 0xe8, 0x39, 0xe8, 0x41, 0xe8, 0x39, 0xe8, 0x39, 0xe8, 0x39,
    0xe8, 0x39, 0xc7, 0x39, 0xc7, 0x39, 0xc7, 0x39, 0xe8, 0x39, 0xe8, 0x39,
    0xe8, 0x39, 0xc7, 0x39, 0xe8, 0x39, 0xc7, 0x39, 0xc7, 0x39, 0xc8, 0x39,
    0xc7, 0x39, 0xc8, 0x39, 0xc7, 0x31, 0xc7, 0x39, 0xa7, 0x31, 0xc7, 0x31,
    0xc7, 0x31, 0xa7, 0x39, 0xa7, 0x39, 0xc7, 0x39, 0xa7, 0x31, 0xa7, 0x31,
    0xa6, 0x31, 0xa7, 0x31, 0xa7, 0x31, 0xa6, 0x31, 0xa7, 0x31, 0xa7, 0x31,
    0xa6, 0x31, 0xa7, 0x31, 0xa7, 0x31, 0xa7, 0x31, 0xa7, 0x31, 0x86, 0x31,
    0x86, 0x31, 0xa6, 0x31, 0x87, 0x31, 0x86, 0x31, 0x86, 0x31, 0x86, 0x31,
    0x86, 0x31, 0x86, 0x29, 0x86, 0x31, 0x86, 0x31, 0x86, 0x31, 0x86, 0x31,
    0x87, 0x29, 0x87, 0x29, 0x86, 0x31, 0x86, 0x31, 0x86, 0x29, 0x86, 0x31,
    0x87, 0x29, 0x86, 0x31, 0x86, 0x31, 0x66, 0x29, 0x67, 0x31, 0x86, 0x31,
    0x86, 0x31, 0x66, 0x29, 0x66, 0x31, 0x86, 0x31, 0x66, 0x29, 0x66, 0x31,
    0x66, 0x31, 0x86, 0x29, 0x66, 0x29, 0x66, 0x29, 0x86, 0x29, 0x85, 0x31,
    0x65, 0x29, 0x66, 0x29, 0x66, 0x29, 0x65, 0x29, 0x66, 0x31, 0x66, 0x29,
    0xcf, 0x73, 0xcf, 0x73, 0xcf, 0x7b, 0xcf, 0x73, 0xcf, 0x7b, 0xcf, 0x7b,
    0xd0, 0x7b, 0xcf, 0x73, 0xd0, 0x73, 0xd0, 0x7b, 0xcf, 0x7b, 0xcf, 0x73,
    0xaf, 0x73, 0xaf, 0x73, 0x8f, 0x73, 0x8e, 0x6b, 0x6e, 0x6b, 0x6e, 0x6b,
    0x4d, 0x6b, 0x2d, 0x63, 0x0d, 0x63, 0x0c, 0x63, 0x0c, 0x63, 0x0c, 0x63,
    0x0d, 0x63, 0x0c, 0x5b, 0x0c, 0x5b, 0x0d, 0x63, 0x0c, 0x63, 0xec, 0x5a,
    0x0d, 0x5b, 0xec, 0x5a, 0xec, 0x5a, 0xec, 0x5a, 0xec, 0x5a, 0xec, 0x5a,
    0xec, 0x5a, 0xcb, 0x5a, 0xcc, 0x5a, 0xcc, 0x5a, 0xcb, 0x52, 0xcc, 0x5a,
    0xcb, 0x5a, 0xcb, 0x5a, 0xab, 0x52, 0xab, 0x52, 0xab, 0x52, 0xab, 0x5a,
    0xab, 0x52, 0xab, 0x52, 0xab, 0x52, 0xab, 0x52, 0xaa, 0x52, 0x8a, 0x52,
    0x8b, 0x4a, 0x8a, 0x52, 0x8b, 0x52, 0x8a, 0x52, 0x8a, 0x4a, 0x8a, 0x52,
    0x6a, 0x4a, 0x8a, 0x4a, 0x6a, 0x52, 0x6a, 0x4a, 0x6a, 0x4a, 0x6a, 0x4a,
    0x69, 0x4a, 0x6a, 0x4a, 0x4a, 0x4a, 0x4a, 0x4a, 0x49, 0x4a, 0x49, 0x42,
    0x4a, 0x4a, 0x49, 0x4a, 0x4a, 0x4a, 0x49, 0x4a, 0x49, 0x4a, 0x49, 0x4a,
    0x29, 0x42, 0x29, 0x42, 0x29, 0x42, 0x29, 0x42, 0x29, 0x42, 0x29, 0x42,
    0x28, 0x42, 0x09, 0x42, 0x29, 0x42, 0x08, 0x42, 0x09, 0x42, 0x09, 0x3a,
    0x08, 0x42, 0x08, 0x42, 0x08, 0x42, 0x08, 0x3a, 0x08, 0x3a, 0xe8, 0x39,
    0xe8, 0x41, 0x08, 0x3a, 0xe8, 0x39, 0xe8, 0x39, 0xe8, 0x39, 0xe7, 0x39,
    0xe7, 0x39, 0xe8, 0x39, 0xe7, 0x39, 0xe8, 0x39, 0xe8, 0x39, 0xe7, 0x39,
    0xe8, 0x39, 0xc7, 0x39, 0xc7, 0x39, 0xe8, 0x39, 0xe7, 0x39, 0xc7, 0x39,
    0xc8, 0x31, 0xc7, 0x39, 0xc7, 0x39, 0xc7, 0x31, 0xc7, 0x39, 0xa7, 0x31,
    0xa7, 0x39, 0xc7, 0x39, 0xa7, 0x31, 0xa7, 0x31, 0xa7, 0x31, 0xa7, 0x39,
    0xa7, 0x31, 0xa7, 0x31, 0xa7, 0x39, 0xa7, 0x31, 0xa6, 0x31, 0xa6, 0x31,
    0xa7, 0x39, 0xa7, 0x31, 0x86, 0x31, 0x86, 0x31, 0x86, 0x31, 0x87, 0x31,
    0xa7, 0x31, 0xa7, 0x31, 0x86, 0x31, 0x87, 0x31, 0xa6, 0x31, 0x87, 0x31,
    0x86, 0x31, 0x86, 0x31, 0xa7, 0x31, 0x87, 0x31, 0x86, 0x31, 0x87, 0x31,
    0x86, 0x29, 0x86, 0x31, 0x86, 0x29, 0x87, 0x31, 0x86, 0x31, 0x86, 0x31,
    0x86, 0x31, 0x86, 0x29, 0x86, 0x29, 0x86, 0x29, 0x86, 0x31, 0x86, 0x31,
    0x66, 0x29, 0x86, 0x31, 0x86, 0x31, 0x86, 0x29, 0x66, 0x29, 0x66, 0x29,
    0x86, 0x29, 0x66, 0x31, 0x66, 0x29, 0x66, 0x29, 0x66, 0x31, 0x66, 0x31,
    0x66, 0x29, 0x86, 0x29, 0x65, 0x29, 0x66, 0x29, 0x86, 0x31, 0x66, 0x29,
    0xcf, 0x7b, 0xcf, 0x7b, 0xd0, 0x7b, 0xf0, 0x7b, 0xef, 0x7b, 0xd0, 0x7b,
    0xd0, 0x7b, 0xcf, 0x7b, 0xcf, 0x7b, 0xcf, 0x73, 0xaf, 0x73, 0xaf, 0x73,
    0x8f, 0x73, 0x8e, 0x6b, 0x6e, 0x6b, 0x6e, 0x6b, 0x4e, 0x6b, 0x4d, 0x63,
    0x2d, 0x63, 0x2d, 0x63, 0x0d, 0x63, 0x0d, 0x63, 0x2d, 0x63, 0x2d, 0x63,
    0x0c, 0x5b, 0x0c, 0x63, 0x0d, 0x63, 0x0d, 0x63, 0x0c, 0x63, 0x0c, 0x5b,
    0xec, 0x5a, 0xec, 0x5a, 0x0c, 0x5b, 0xec, 0x5a, 0xec, 0x62, 0xec, 0x5a,
    0xec, 0x5a, 0xec, 0x5a, 0xeb, 0x5a, 0xcb, 0x5a, 0xcb, 0x5a, 0xcb, 0x5a,
    0xcb, 0x52, 0xcc, 0x52, 0xcb, 0x5a, 0xcb, 0x5a, 0xab, 0x52, 0xab, 0x52,
    0xab, 0x52, 0xab, 0x52, 0xab, 0x52, 0xab, 0x52, 0x8a, 0x52, 0xab, 0x52,
    0x8b, 0x52, 0x8a, 0x52, 0x8b, 0x52, 0x8b, 0x4a, 0x8a, 0x4a, 0x8b, 0x52,
    0x6a, 0x4a, 0x6a, 0x4a, 0x6a, 0x4a, 0x8a, 0x4a, 0x6a, 0x4a, 0x6a, 0x4a,
    0x6a, 0x4a, 0x49, 0x4a, 0x49, 0x4a, 0x69, 0x4a, 0x6a, 0x4a, 0x49, 0x4a,
    0x49, 0x42, 0x49, 0x4a, 0x49, 0x4a, 0x4a, 0x42, 0x49, 0x4a, 0x49, 0x42,
    0x29, 0x42, 0x29, 0x42, 0x29, 0x42, 0x29, 0x42, 0x29, 0x4a, 0x29, 0x42,
    0x28, 0x42, 0x08, 0x42, 0x29, 0x42, 0x08, 0x42, 0x08, 0x42, 0x29, 0x42,
    0x08, 0x3a, 0x08, 0x42, 0x09, 0x3a, 0x08, 0x3a, 0x08, 0x42, 0x08, 0x42,
    0x09, 0x42, 0x08, 0x3a, 0xe8, 0x39, 0xe8, 0x41, 0xe8, 0x39, 0xe7, 0x39,
    0xe8, 0x39, 0xe8, 0x39, 0xe7, 0x39, 0xe8, 0x39, 0xe8, 0x41, 0xe8, 0x39,
    0xc7, 0x39, 0xe8, 0x39, 0xe7, 0x39, 0xc7, 0x39, 0xc8, 0x39, 0xc7, 0x39,
    0xc7, 0x39, 0xe7, 0x31, 0xc7, 0x31, 0xc7, 0x39, 0xc7, 0x39, 0xa7, 0x39,
    0xc7, 0x31, 0xc7, 0x31, 0xa7, 0x31, 0xa7, 0x31, 0xa7, 0x31, 0xc7, 0x39,
    0xa7, 0x31, 0xa6, 0x31, 0xa6, 0x31, 0xa7, 0x31, 0xa7, 0x31, 0xa6, 0x39,
    0xa7, 0x31, 0xa6, 0x31, 0xa6, 0x31, 0xa7, 0x31, 0xa7, 0x31, 0xa6, 0x31,
    0x87, 0x31, 0x86, 0x31, 0x86, 0x31, 0x86, 0x31, 0x87, 0x31, 0x86, 0x31,
    0xa7, 0x31, 0x86, 0x31, 0x86, 0x31, 0x86, 0x29, 0x86, 0x29, 0xa6, 0x31,
    0x86, 0x31, 0x86, 0x31, 0x86, 0x31, 0x86, 0x29, 0x86, 0x29, 0x86, 0x29,
    0x86, 0x31, 0x86, 0x31, 0x86, 0x31, 0x86, 0x31, 0x86, 0x31, 0x86, 0x29,
    0x66, 0x29, 0x86, 0x29, 0x86, 0x29, 0x66, 0x29, 0x66, 0x31, 0x66, 0x29,
    0x66, 0x29, 0x66, 0x31, 0x86, 0x31, 0x86, 0x31, 0x66, 0x29, 0x66, 0x29,
    0x66, 0x29, 0x66, 0x31, 0x66, 0x31, 0x66, 0x31, 0x66, 0x29, 0x86, 0x29,
    0xd0, 0x7b, 0xf0, 0x7b, 0xf0, 0x7b, 0xf0, 0x7b, 0xd0, 0x7b, 0xd0, 0x7b,
    0xcf, 0x7b, 0xcf, 0x73, 0xaf, 0x73, 0xaf, 0x73, 0x8f, 0x73, 0x8e, 0x73,
    0x8e, 0x6b, 0x6e, 0x6b, 0x6e, 0x6b, 0x4d, 0x6b, 0x2d, 0x63, 0x2d, 0x63,
    0x2d, 0x63, 0x2d, 0x63, 0x2d, 0x63, 0x2c, 0x63, 0x0d, 0x63, 0x2d, 0x63,
    0x2d, 0x63, 0x0c, 0x63, 0x0d, 0x5b, 0x0c, 0x5b, 0x0c, 0x5b, 0x0c, 0x5b,
    0x0c, 0x5b, 0xec, 0x62, 0x0c, 0x63, 0xec, 0x5a, 0xec, 0x5a, 0xec, 0x5a,
    0xec, 0x5a, 0xec, 0x5a, 0xcc, 0x5a, 0xcb, 0x5a, 0xcc, 0x5a, 0xec, 0x52,
    0xcc, 0x5a, 0xcb, 0x5a, 0xcb, 0x52, 0xab, 0x52, 0xcb, 0x52, 0xab, 0x5a,
    0xcb, 0x52, 0xab, 0x52, 0xab, 0x52, 0xab, 0x52, 0xab, 0x52, 0x8a, 0x52,
    0x8a, 0x52, 0x8a, 0x4a, 0x8a, 0x4a, 0x8a, 0x4a, 0x8a, 0x52, 0x8a, 0x52,
    0x6a, 0x4a, 0x6a, 0x4a, 0x6a, 0x52, 0x8a, 0x4a, 0x6a, 0x4a, 0x6a, 0x52,
    0x6a, 0x4a, 0x69, 0x4a, 0x4a, 0x4a, 0x4a, 0x4a, 0x49, 0x4a, 0x4a, 0x4a,
    0x49, 0x4a, 0x4a, 0x42, 0x49, 0x42, 0x49, 0x42, 0x49, 0x42, 0x49, 0x4a,
    0x2a, 0x42, 0x49, 0x4a, 0x29, 0x42, 0x29, 0x42, 0x29, 0x42, 0x29, 0x42,
    0x29, 0x42, 0x29, 0x42, 0x08, 0x42, 0x28, 0x42, 0x08, 0x42, 0x08, 0x42,
    0x09, 0x3a, 0x08, 0x42, 0x08, 0x42, 0x09, 0x3a, 0x08, 0x42, 0x08, 0x42,
    0x08, 0x3a, 0xe8, 0x39, 0x08, 0x42, 0xe8, 0x39, 0xe8, 0x39, 0xe8, 0x39,
    0xe8, 0x41, 0xe8, 0x39, 0xe8, 0x39, 0xc8, 0x39, 0xc7, 0x39, 0xe7, 0x39,
    0xe8, 0x39, 0xe8, 0x39, 0xc8, 0x39, 0xc8, 0x39, 0xe7, 0x39, 0xe8, 0x39,
    0xc7, 0x39, 0xc7, 0x39, 0xc8, 0x39, 0xc7, 0x31, 0xc7, 0x31, 0xa7, 0x31,
    0xa7, 0x39, 0xa7, 0x31, 0xa7, 0x31, 0xc7, 0x39, 0xa7, 0x39, 0xa7, 0x31,
    0xc7, 0x31, 0xa7, 0x31, 0xa7, 0x39, 0xa7, 0x31, 0xa7, 0x31, 0xa7, 0x31,
    0xa6, 0x31, 0xa7, 0x31, 0xa7, 0x31, 0xa6, 0x31, 0xa7, 0x31, 0xa6, 0x31,
    0x86, 0x31, 0xa7, 0x31, 0xa7, 0x31, 0x86, 0x31, 0xa6, 0x31, 0x87, 0x31,
    0x86, 0x31, 0xa7, 0x31, 0x86, 0x31, 0x86, 0x31, 0x86, 0x31, 0x87, 0x31,
    0x86, 0x29, 0x86, 0x31, 0x87, 0x31, 0x86, 0x31, 0x86, 0x31, 0x87, 0x31,
    0x86, 0x29, 0x86, 0x29, 0x87, 0x31, 0x87, 0x31, 0x86, 0x29, 0x86, 0x31,
    0x87, 0x31, 0x86, 0x31, 0x66, 0x31, 0x66, 0x31, 0x86, 0x29, 0x86, 0x31,
    0x66, 0x31, 0x86, 0x29, 0x66, 0x29, 0x66, 0x29, 0x66, 0x29, 0x86, 0x31,
    0x66, 0x29, 0x66, 0x29, 0x66, 0x29, 0x86, 0x29, 0x66, 0x31, 0x66, 0x31,
    0xf0, 0x7b, 0xf0, 0x7b, 0xf0, 0x7b, 0xf0, 0x7b, 0xcf, 0x7b, 0xcf, 0x7b,
    0xcf, 0x73, 0xaf, 0x73, 0x8f, 0x73, 0x8e, 0x73, 0x6e, 0x6b, 0x6e, 0x6b,
    0x6e, 0x6b, 0x4e, 0x6b, 0x4d, 0x63, 0x4d, 0x63, 0x2d, 0x63, 0x4d, 0x6b,
    0x2d, 0x63, 0x2d, 0x63, 0x2d, 0x63, 0x2d, 0x63, 0x2c, 0x63, 0x0c, 0x63,
    0x0d, 0x63, 0x2d, 0x63, 0x0c, 0x5b, 0x0c, 0x5b, 0x0c, 0x63, 0x0d, 0x63,
    0x0c, 0x63, 0x0c, 0x5b, 0xec, 0x5a, 0xec, 0x5a, 0xec, 0x5a, 0xec, 0x5a,
    0xec, 0x5a, 0xec, 0x5a, 0xec, 0x5a, 0xcb, 0x5a, 0xeb, 0x5a, 0xcc, 0x5a,
    0xcb, 0x52, 0xcb, 0x5a, 0xcc, 0x52, 0xcb, 0x52, 0xab, 0x52, 0xab, 0x52,
    0xab, 0x52, 0xab, 0x52, 0xab, 0x52, 0xab, 0x52, 0xab, 0x52, 0x8b, 0x52,
    0xab, 0x52, 0xab, 0x52, 0x8a, 0x52, 0x8a, 0x52, 0x8a, 0x4a, 0x8a, 0x52,
    0x8a, 0x4a, 0x8a, 0x4a, 0x6a, 0x4a, 0x6a, 0x4a, 0x6a, 0x4a, 0x6a, 0x4a,
    0x6a, 0x4a, 0x6a, 0x4a, 0x69, 0x4a, 0x6a, 0x4a, 0x69, 0x4a, 0x49, 0x4a,
    0x4a, 0x4a, 0x49, 0x4a, 0x49, 0x42, 0x49, 0x4a, 0x49, 0x4a, 0x49, 0x42,
    0x49, 0x42, 0x29, 0x4a, 0x49, 0x42, 0x29, 0x42, 0x29, 0x42, 0x29, 0x42,
    0x29, 0x42, 0x28, 0x42, 0x29, 0x42, 0x09, 0x42, 0x09, 0x42, 0x09, 0x42,
    0x08, 0x42, 0x08, 0x42, 0x28, 0x42, 0x08, 0x42, 0x08, 0x3a, 0x08, 0x3a,
    0xe8, 0x39, 0xe8, 0x41, 0xe8, 0x39, 0xe8, 0x39, 0xe8, 0x39, 0xe8, 0x39,
    0xe7, 0x39, 0xe7, 0x39, 0xe8, 0x39, 0xe8, 0x39, 0xe7, 0x39, 0xc8, 0x39,
    0xe8, 0x39, 0xe7, 0x39, 0xc7, 0x39, 0xe8, 0x39, 0xe8, 0x39, 0xc7, 0x39,
    0xc8, 0x39, 0xc8, 0x39, 0xc7, 0x31, 0xc7, 0x39, 0xc7, 0x39, 0xc8, 0x31,
    0xc7, 0x31, 0xc7, 0x39, 0xa7, 0x39, 0xc7, 0x31, 0xa7, 0x31, 0xa7, 0x31,
    0xa7, 0x31, 0xa7, 0x39, 0xa7, 0x31, 0xa6, 0x39, 0xa6, 0x31, 0xa7, 0x31,
    0xa7, 0x39, 0xa7, 0x31, 0xa7, 0x31, 0xa6, 0x31, 0x86, 0x31, 0xa7, 0x31,
    0x87, 0x31, 0xa6, 0x31, 0x86, 0x31, 0x87, 0x31, 0xa6, 0x31, 0x86, 0x31,
    0x86, 0x31, 0x86, 0x31, 0x87, 0x31, 0xa7, 0x31, 0x86, 0x31, 0x86, 0x31,
    0x87, 0x31, 0xa6, 0x29, 0x86, 0x31, 0x87, 0x31, 0x86, 0x31, 0x86, 0x31,
    0x86, 0x31, 0x86, 0x29, 0x86, 0x31, 0x86, 0x29, 0x86, 0x29, 0x86, 0x31,
    0x86, 0x31, 0x86, 0x29, 0x86, 0x31, 0x87, 0x29, 0x66, 0x29, 0x66, 0x31,
    0x86, 0x31, 0x86, 0x29, 0x86, 0x31, 0x86, 0x31, 0x66, 0x29, 0x86, 0x31,
    0x86, 0x31, 0x66, 0x29, 0x66, 0x31, 0x66, 0x29, 0x86, 0x29, 0x66, 0x29,
    0xf0, 0x7b, 0xd0, 0x7b, 0xef, 0x7b, 0xcf, 0x7b, 0xaf, 0x73, 0xaf, 0x73,
    0xaf, 0x73, 0x8f, 0x73, 0x8e, 0x6b, 0x6e, 0x6b, 0x6e, 0x6b, 0x4d, 0x63,
    0x4d, 0x6b, 0x4e, 0x6b, 0x4d, 0x63, 0x4e, 0x6b, 0x4d, 0x63, 0x4e, 0x63,
    0x2d, 0x63, 0x2d, 0x6b, 0x2d, 0x63, 0x2d, 0x63, 0x2d, 0x63, 0x2d, 0x63,
    0x0c, 0x63, 0x0d, 0x63, 0x2d, 0x63, 0x0c, 0x63, 0x0d, 0x63, 0x0d, 0x63,
    0x0c, 0x5b, 0x0d, 0x5b, 0xec, 0x5a, 0xec, 0x5a, 0xec, 0x5a, 0x0c, 0x5b,
    0xec, 0x5a, 0xec, 0x5a, 0xec, 0x5a, 0xec, 0x5a, 0xcc, 0x5a, 0xcb, 0x5a,
    0xcb, 0x5a, 0xeb, 0x52, 0xcb, 0x5a, 0xcc, 0x5a, 0xcb, 0x5a, 0xcb, 0x52,
    0xab, 0x5a, 0xab, 0x5a, 0xab, 0x52, 0xab, 0x52, 0xab, 0x52, 0xaa, 0x52,
    0x8a, 0x52, 0xab, 0x52, 0xab, 0x52, 0x8b, 0x4a, 0x8a, 0x52, 0x8a, 0x4a,
    0x8a, 0x4a, 0x8b, 0x52, 0x6a, 0x52, 0x6a, 0x4a, 0x8a, 0x4a, 0x6a, 0x4a,
    0x6a, 0x4a, 0x6a, 0x4a, 0x69, 0x4a, 0x4a, 0x4a, 0x6a, 0x4a, 0x69, 0x4a,
    0x49, 0x4a, 0x4a, 0x4a, 0x4a, 0x42, 0x69, 0x4a, 0x4a, 0x4a, 0x49, 0x42,
    0x49, 0x4a, 0x49, 0x42, 0x29, 0x42, 0x49, 0x42, 0x29, 0x4a, 0x29, 0x42,
    0x29, 0x42, 0x29, 0x42, 0x08, 0x42, 0x09, 0x42, 0x28, 0x42, 0x08, 0x42,
    0x28, 0x42, 0x28, 0x3a, 0x09, 0x42, 0x08, 0x3a, 0x08, 0x42, 0xe8, 0x39,
    0xe8, 0x41, 0x08, 0x3a, 0xe8, 0x39, 0xe8, 0x39, 0x08, 0x42, 0xe8, 0x39,
    0xe8, 0x39, 0xe7, 0x39, 0xe7, 0x39, 0xe8, 0x39, 0xe7, 0x39, 0xe8, 0x39,
    0xc8, 0x39, 0xe7, 0x39, 0xc7, 0x39, 0xc7, 0x39, 0xc7, 0x39, 0xc7, 0x39,
    0xe7, 0x39, 0xc7, 0x39, 0xc7, 0x31, 0xc7, 0x39, 0xc7, 0x39, 0xc7, 0x39,
    0xc7, 0x31, 0xc7, 0x39, 0xa7, 0x39, 0xc7, 0x31, 0xa7, 0x31, 0xa7, 0x39,
    0xa7, 0x39, 0xa7, 0x31, 0xa7, 0x31, 0xa7, 0x31, 0xa7, 0x31, 0xa7, 0x31,
    0xa6, 0x31, 0xa6, 0x31, 0xa6, 0x31, 0xa7, 0x31, 0xa7, 0x31, 0xa7, 0x31,
    0x86, 0x31, 0x86, 0x31, 0xa7, 0x31, 0xa7, 0x31, 0x86, 0x31, 0xa7, 0x31,
    0x87, 0x31, 0x86, 0x31, 0x86, 0x31, 0xa6, 0x31, 0xa7, 0x31, 0x87, 0x31,
    0x86, 0x31, 0x86, 0x31, 0x86, 0x31, 0x86, 0x29, 0x86, 0x29, 0x87, 0x31,
    0x86, 0x31, 0x87, 0x31, 0x86, 0x31, 0x86, 0x31, 0x86, 0x31, 0x86, 0x31,
    0x86, 0x29, 0x86, 0x29, 0x86, 0x31, 0x86, 0x31, 0x86, 0x31, 0x86, 0x29,
    0x66, 0x29, 0x66, 0x31, 0x86, 0x29, 0x66, 0x31, 0x86, 0x31, 0x86, 0x29,
    0x66, 0x29, 0x86, 0x31, 0x66, 0x29, 0x66, 0x31, 0x86, 0x31, 0x66, 0x29,
    0xd0, 0x7b, 0xcf, 0x7b, 0xcf, 0x73, 0xaf, 0x73, 0xaf, 0x73, 0x8f, 0x73,
    0x8e, 0x73, 0x8e, 0x6b, 0x6e, 0x6b, 0x4d, 0x6b, 0x4d, 0x6b, 0x4d, 0x63,
    0x6e, 0x6b, 0x4d, 0x6b, 0x6e, 0x63, 0x4d, 0x6b, 0x4d, 0x63, 0x4d, 0x63,
    0x4d, 0x6b, 0x2d, 0x63, 0x2d, 0x63, 0x2d, 0x63, 0x2d, 0x63, 0x2d, 0x63,
    0x2d, 0x63, 0x2c, 0x63, 0x0c, 0x63, 0x0c, 0x5b, 0x0d, 0x5b, 0x2c, 0x5b,
    0x0c, 0x5b, 0x0c, 0x5b, 0x0c, 0x63, 0xec, 0x5a, 0x0c, 0x5b, 0xec, 0x5a,
    0xec, 0x5a, 0xec, 0x5a, 0xec, 0x5a, 0xec, 0x5a, 0xeb, 0x5a, 0xcc, 0x5a,
    0xec, 0x5a, 0xcc, 0x5a, 0xcb, 0x5a, 0xcb, 0x52, 0xcb, 0x5a, 0xcc, 0x52,
    0xcb, 0x52, 0xcb, 0x52, 0xab, 0x52, 0xab, 0x52, 0xab, 0x52, 0xab, 0x52,
    0xab, 0x52, 0x8a, 0x52, 0x8a, 0x52, 0x8a, 0x52, 0x8b, 0x4a, 0x8a, 0x52,
    0x8a, 0x52, 0x8a, 0x52, 0x8a, 0x52, 0x6a, 0x4a, 0x6a, 0x4a, 0x6a, 0x4a,
    0x6a, 0x4a, 0x6a, 0x4a, 0x6a, 0x4a, 0x4a, 0x4a, 0x49, 0x4a, 0x4a, 0x4a,
    0x6a, 0x4a, 0x69, 0x4a, 0x4a, 0x4a, 0x49, 0x4a, 0x49, 0x4a, 0x49, 0x42,
    0x4a, 0x4a, 0x49, 0x42, 0x29, 0x42, 0x29, 0x4a, 0x29, 0x42, 0x29, 0x42,
    0x29, 0x42, 0x29, 0x42, 0x29, 0x42, 0x28, 0x42, 0x28, 0x42, 0x08, 0x42,
    0x09, 0x42, 0x09, 0x42, 0x09, 0x42, 0x08, 0x3a, 0x08, 0x3a, 0x08, 0x42,
    0x08, 0x42, 0x08, 0x3a, 0xe8, 0x41, 0xe8, 0x39, 0xe8, 0x39, 0xe8, 0x39,
    0xe8, 0x39, 0xe8, 0x39, 0xe8, 0x39, 0xe7, 0x39, 0xe8, 0x39, 0xe8, 0x39,
    0xe7, 0x39, 0xc8, 0x39, 0xe8, 0x39, 0xe8, 0x39, 0xe7, 0x39, 0xe8, 0x39,
    0xc8, 0x39, 0xc7, 0x39, 0xc8, 0x39, 0xc7, 0x39, 0xc7, 0x31, 0xc7, 0x39,
    0xc7, 0x39, 0xc8, 0x31, 0xa7, 0x31, 0xa7, 0x39, 0xc7, 0x31, 0xc7, 0x31,
    0xa7, 0x31, 0xa7, 0x31, 0xc7, 0x31, 0xa7, 0x31, 0xa7, 0x31, 0xa7, 0x31,
    0xa6, 0x31, 0xa7, 0x39, 0xa7, 0x31, 0xa7, 0x31, 0xa7, 0x31, 0xa6, 0x31,
    0xa6, 0x31, 0x87, 0x31, 0xa7, 0x31, 0x86, 0x31, 0xa7, 0x31, 0x86, 0x31,
    0x86, 0x31, 0x87, 0x31, 0xa6, 0x31, 0xa7, 0x31, 0x86, 0x31, 0xa6, 0x31,
    0x86, 0x31, 0x86, 0x31, 0xa7, 0x31, 0xa6, 0x31, 0x86, 0x31, 0x86, 0x31,
    0x86, 0x29, 0xa6, 0x29, 0x87, 0x31, 0x86, 0x29, 0x87, 0x29, 0x86, 0x31,
    0x87, 0x31, 0x86, 0x31, 0x86, 0x31, 0x86, 0x29, 0x86, 0x31, 0x86, 0x29,
    0x66, 0x29, 0x66, 0x29, 0x66, 0x31, 0x66, 0x29, 0x66, 0x29, 0x66, 0x31,
    0x66, 0x31, 0x86, 0x29, 0x86, 0x29, 0x86, 0x31, 0x66, 0x31, 0x66, 0x31,
    0xcf, 0x73, 0xaf, 0x73, 0xaf, 0x73, 0xaf, 0x73, 0xaf, 0x73, 0x8e, 0x73,
    0x6e, 0x6b, 0x6e, 0x6b, 0x4e, 0x6b, 0x4e, 0x6b, 0x4d, 0x6b, 0x4e, 0x6b,
    0x6e, 0x6b, 0x6e, 0x6b, 0x4d, 0x6b, 0x4e, 0x6b, 0x4d, 0x6b, 0x4d, 0x6b,
    0x4d, 0x63, 0x2d, 0x63, 0x2e, 0x63, 0x2d, 0x63, 0x2d, 0x63, 0x2d, 0x63,
    0x2d, 0x63, 0x0d, 0x63, 0x2d, 0x63, 0x0d, 0x63, 0x0c, 0x63, 0x0c, 0x63,
    0x0c, 0x63, 0x0c, 0x5b, 0x0d, 0x63, 0x0c, 0x63, 0xec, 0x62, 0xec, 0x5a,
    0x0c, 0x63, 0xec, 0x5a, 0xec, 0x5a, 0xec, 0x5a, 0xec, 0x5a, 0xcb, 0x5a,
    0xcc, 0x5a, 0xcb, 0x5a, 0xcc, 0x52, 0xcb, 0x52, 0xcb, 0x52, 0xcc, 0x5a,
    0xcb, 0x52, 0xab, 0x52, 0xab, 0x52, 0xab, 0x5a, 0xab, 0x52, 0xab, 0x52,
    0xab, 0x52, 0xab, 0x52, 0x8a, 0x52, 0x8b, 0x52, 0x8b, 0x52, 0xab, 0x4a,
    0x8a, 0x52, 0x8b, 0x4a, 0x8a, 0x4a, 0x6a, 0x4a, 0x6a, 0x4a, 0x8a, 0x52,
    0x6a, 0x4a, 0x6a, 0x4a, 0x6a, 0x4a, 0x69, 0x4a, 0x69, 0x4a, 0x6a, 0x4a,
    0x4a, 0x4a, 0x69, 0x4a, 0x49, 0x4a, 0x49, 0x4a, 0x4a, 0x4a, 0x49, 0x42,
    0x49, 0x42, 0x49, 0x4a, 0x49, 0x4a, 0x49, 0x42, 0x29, 0x42, 0x29, 0x4a,
    0x29, 0x42, 0x29, 0x42, 0x28, 0x42, 0x09, 0x42, 0x09, 0x42, 0x09, 0x42,
    0x08, 0x42, 0x08, 0x42, 0x08, 0x42, 0x28, 0x42, 0x08, 0x3a, 0x09, 0x42,
    0x08, 0x3a, 0x08, 0x3a, 0xe8, 0x39, 0xe8, 0x39, 0xe8, 0x41, 0xe8, 0x39,
    0xe8, 0x39, 0xe8, 0x39, 0xe8, 0x39, 0xe8, 0x39, 0xe7, 0x39, 0xe7, 0x41,
    0xe8, 0x39, 0xe8, 0x39, 0xe8, 0x39, 0xe8, 0x39, 0xe8, 0x41, 0xe8, 0x39,
    0xc8, 0x39, 0xe7, 0x39, 0xc7, 0x39, 0xc8, 0x39, 0xc7, 0x31, 0xc7, 0x31,
    0xc7, 0x39, 0xc7, 0x39, 0xc7, 0x31, 0xa7, 0x31, 0xa7, 0x39, 0xa7, 0x39,
    0xc7, 0x31, 0xa7, 0x31, 0xa7, 0x39, 0xa7, 0x39, 0xa7, 0x31, 0xc7, 0x31,
    0xa7, 0x39, 0xa7, 0x31, 0xa7, 0x31, 0xa6, 0x31, 0xa6, 0x31, 0xa7, 0x31,
    0xa7, 0x31, 0xa6, 0x31, 0x86, 0x31, 0x87, 0x31, 0x86, 0x31, 0xa6, 0x31,
    0x86, 0x31, 0xa6, 0x31, 0xa7, 0x31, 0x87, 0x31, 0x86, 0x31, 0xa6, 0x31,
    0xa7, 0x31, 0x86, 0x31, 0x87, 0x31, 0x87, 0x31, 0x86, 0x31, 0x86, 0x31,
    0xa7, 0x31, 0x86, 0x31, 0x86, 0x31, 0xa6, 0x31, 0x86, 0x31, 0x87, 0x29,
    0x86, 0x31, 0x86, 0x31, 0x86, 0x31, 0x87, 0x29, 0x86, 0x29, 0x86, 0x31,
    0x86, 0x31, 0x86, 0x31, 0x86, 0x31, 0x86, 0x31, 0x86, 0x29, 0x86, 0x29,
    0x66, 0x29, 0x66, 0x31, 0x66, 0x31, 0x86, 0x29, 0x86, 0x29, 0x86, 0x29,
    0xaf, 0x73, 0xaf, 0x73, 0x8f, 0x73, 0x8f, 0x73, 0x8e, 0x6b, 0x6e, 0x6b,
    0x6e, 0x6b, 0x6e, 0x6b, 0x6e, 0x6b, 0x6e, 0x6b, 0x6e, 0x6b, 0x6e, 0x6b,
    0x6e, 0x6b, 0x4e, 0x6b, 0x4e, 0x6b, 0x4e, 0x6b, 0x6d, 0x63, 0x4e, 0x63,
    0x4d, 0x63, 0x2d, 0x6b, 0x2d, 0x63, 0x4d, 0x63, 0x2d, 0x63, 0x2d, 0x63,
    0x2d, 0x63, 0x2d, 0x63, 0x0d, 0x63, 0x2d, 0x63, 0x2d, 0x63, 0x0d, 0x63,
    0x0c, 0x5b, 0x0d, 0x5b, 0x0c, 0x5b, 0x0c, 0x5b, 0xec, 0x5a, 0xec, 0x5a,
    0xec, 0x5a, 0xec, 0x5a, 0xec, 0x5a, 0xec, 0x5a, 0xec, 0x5a, 0xcc, 0x5a,
    0xeb, 0x5a, 0xeb, 0x5a, 0xcb, 0x52, 0xcb, 0x5a, 0xcb, 0x5a, 0xcb, 0x52,
    0xcb, 0x5a, 0xab, 0x52, 0xab, 0x52, 0xcb, 0x52, 0xab, 0x52, 0xab, 0x52,
    0xab, 0x52, 0xab, 0x52, 0x8a, 0x52, 0xab, 0x52, 0x8a, 0x52, 0x8a, 0x4a,
    0x8a, 0x4a, 0x8a, 0x52, 0x8b, 0x4a, 0x8a, 0x4a, 0x6a, 0x4a, 0x6a, 0x52,
    0x6a, 0x4a, 0x6a, 0x52, 0x6a, 0x4a, 0x6a, 0x4a, 0x6a, 0x4a, 0x6a, 0x4a,
    0x49, 0x4a, 0x49, 0x4a, 0x4a, 0x4a, 0x6a, 0x4a, 0x49, 0x42, 0x49, 0x4a,
    0x49, 0x4a, 0x4a, 0x42, 0x49, 0x4a, 0x29, 0x42, 0x49, 0x42, 0x29, 0x42,
    0x29, 0x42, 0x29, 0x42, 0x29, 0x4a, 0x28, 0x42, 0x29, 0x42, 0x28, 0x42,
    0x09, 0x42, 0x28, 0x42, 0x08, 0x3a, 0x09, 0x3a, 0x08, 0x42, 0x08, 0x42,
    0x09, 0x42, 0x08, 0x3a, 0x08, 0x42, 0x08, 0x3a, 0x08, 0x3a, 0xe8, 0x39,
    0xe8, 0x41, 0xe8, 0x39, 0xe8, 0x41, 0x08, 0x3a, 0xe8, 0x39, 0xe8, 0x39,
    0xe8, 0x39, 0xe7, 0x39, 0xe7, 0x39, 0xe8, 0x39, 0xc8, 0x39, 0xe7, 0x39,
    0xe7, 0x39, 0xc7, 0x39, 0xc8, 0x39, 0xc7, 0x39, 0xc8, 0x39, 0xc7, 0x39,
    0xc7, 0x31, 0xc7, 0x39, 0xc7, 0x39, 0xc7, 0x31, 0xc7, 0x39, 0xc7, 0x39,
    0xa7, 0x31, 0xa7, 0x31, 0xa7, 0x31, 0xa7, 0x39, 0xa7, 0x31, 0xa7, 0x39,
    0xc7, 0x31, 0xa7, 0x31, 0xa6, 0x31, 0xa7, 0x39, 0xa7, 0x31, 0xa6, 0x31,
    0xa7, 0x31, 0xa6, 0x31, 0xa7, 0x31, 0xa6, 0x31, 0xa6, 0x31, 0x87, 0x31,
    0xa7, 0x31, 0xa7, 0x31, 0x86, 0x31, 0xa6, 0x31, 0x86, 0x31, 0x87, 0x31,
    0x87, 0x31, 0x87, 0x31, 0x86, 0x31, 0x86, 0x31, 0x87, 0x31, 0xa7, 0x31,
    0x86, 0x31, 0x87, 0x31, 0x87, 0x31, 0x86, 0x31, 0x86, 0x31, 0x86, 0x31,
    0xa6, 0x29, 0x86, 0x31, 0x87, 0x31, 0x86, 0x31, 0x86, 0x31, 0x87, 0x31,
    0x86, 0x29, 0x86, 0x31, 0x86, 0x29, 0x86, 0x29, 0x87, 0x31, 0x66, 0x31,
    0x86, 0x31, 0x86, 0x29, 0x66, 0x29, 0x66, 0x31, 0x66, 0x29, 0x86, 0x31,
    0x8e, 0x73, 0x8f, 0x73, 0x8e, 0x73, 0x6e, 0x6b, 0x6e, 0x6b, 0x6e, 0x6b,
    0x6e, 0x6b, 0x6e, 0x73, 0x6e, 0x6b, 0x6e, 0x6b, 0x6e, 0x6b, 0x6e, 0x6b,
    0x4e, 0x6b, 0x6d, 0x6b, 0x6d, 0x63, 0x4d, 0x6b, 0x4e, 0x63, 0x4d, 0x63,
    0x4d, 0x6b, 0x4d, 0x63, 0x2d, 0x63, 0x2d, 0x6b, 0x2d, 0x63, 0x2d, 0x63,
    0x2d, 0x63, 0x2d, 0x63, 0x2d, 0x63, 0x0c, 0x63, 0x0c, 0x63, 0x0c, 0x5b,
    0x0d, 0x5b, 0x0c, 0x63, 0x0c, 0x63, 0x0c, 0x5b, 0xec, 0x5a, 0xec, 0x5a,
    0xec, 0x5a, 0xec, 0x5a, 0xec, 0x5a, 0xec, 0x5a, 0xec, 0x5a, 0xeb, 0x5a,
    0xec, 0x5a, 0xcc, 0x5a, 0xcc, 0x5a, 0xcb, 0x5a, 0xcc, 0x5a, 0xcb, 0x52,
    0xcc, 0x52, 0xcb, 0x5a, 0xcb, 0x5a, 0xab, 0x52, 0xab, 0x52, 0xab, 0x52,
    0xab, 0x52, 0xab, 0x52, 0xab, 0x52, 0x8a, 0x52, 0x8a, 0x52, 0x8a, 0x52,
    0x8b, 0x52, 0x8a, 0x4a, 0x8a, 0x52, 0x8a, 0x52, 0x6a, 0x4a, 0x6a, 0x4a,
    0x8a, 0x4a, 0x6a, 0x4a, 0x6a, 0x4a, 0x6a, 0x4a, 0x6a, 0x52, 0x6a, 0x4a,
    0x69, 0x4a, 0x4a, 0x4a, 0x6a, 0x4a, 0x69, 0x4a, 0x49, 0x4a, 0x49, 0x42,
    0x4a, 0x4a, 0x49, 0x42, 0x49, 0x42, 0x49, 0x42, 0x2a, 0x4a, 0x49, 0x42,
    0x29, 0x42, 0x29, 0x42, 0x29, 0x42, 0x29, 0x42, 0x28, 0x42, 0x08, 0x42,
    0x08, 0x42, 0x09, 0x42, 0x29, 0x42, 0x08, 0x42, 0x08, 0x42, 0x09, 0x42,
    0x08, 0x3a, 0x08, 0x3a, 0x08, 0x42, 0xe8, 0x41, 0xe8, 0x39, 0x08, 0x42,
    0xe8, 0x41, 0xe8, 0x39, 0x08, 0x3a, 0xe8, 0x39, 0xe8, 0x39, 0xe8, 0x39,
    0xe7, 0x39, 0xe8, 0x39, 0xe8, 0x39, 0xe7, 0x39, 0xe8, 0x39, 0xe7, 0x39,
    0xc8, 0x39, 0xc8, 0x39, 0xe7, 0x39, 0xc7, 0x39, 0xc7, 0x39, 0xe8, 0x39,
    0xc7, 0x39, 0xc8, 0x31, 0xc7, 0x39, 0xc7, 0x39, 0xc7, 0x31, 0xc7, 0x31,
    0xa7, 0x31, 0xc7, 0x39, 0xc7, 0x39, 0xc7, 0x31, 0xa7, 0x31, 0xa7, 0x31,
    0xa7, 0x31, 0xa7, 0x31, 0xa7, 0x31, 0xa7, 0x31, 0xa7, 0x31, 0xa7, 0x39,
    0xa6, 0x31, 0xa7, 0x31, 0xa7, 0x31, 0xa7, 0x31, 0xa7, 0x31, 0x87, 0x31,
    0x86, 0x31, 0x86, 0x31, 0xa7, 0x31, 0x87, 0x31, 0xa7, 0x31, 0xa6, 0x31,
    0x86, 0x31, 0x86, 0x31, 0xa6, 0x31, 0x86, 0x31, 0x87, 0x31, 0x86, 0x31,
    0x86, 0x31, 0x86, 0x31, 0x86, 0x31, 0xa7, 0x31, 0x87, 0x31, 0x86, 0x31,
    0x86, 0x31, 0x87, 0x29, 0xa6, 0x31, 0x86, 0x29, 0x86, 0x31, 0x86, 0x31,
    0x86, 0x29, 0x86, 0x29, 0x86, 0x31, 0x86, 0x31, 0x86, 0x29, 0x86, 0x31,
    0x86, 0x31, 0x86, 0x29, 0x86, 0x31, 0x87, 0x31, 0x86, 0x31, 0x86, 0x31,
    0x6e, 0x6b, 0x8e, 0x6b, 0x8e, 0x6b, 0x8e, 0x6b, 0x6e, 0x6b, 0x8e, 0x6b,
    0x6e, 0x73, 0x6e, 0x6b, 0x8e, 0x6b, 0x6e, 0x6b, 0x6e, 0x6b, 0x6e, 0x6b,
    0x4d, 0x6b, 0x4d, 0x6b, 0x6e, 0x6b, 0x4e, 0x6b, 0x4d, 0x6b, 0x4d, 0x6b,
    0x4e, 0x6b, 0x4d, 0x63, 0x4d, 0x63, 0x2d, 0x63, 0x2d, 0x6b, 0x2d, 0x63,
    0x2d, 0x63, 0x2d, 0x63, 0x2d, 0x63, 0x2d, 0x63, 0x0d, 0x63, 0x2c, 0x63,
    0x0c, 0x63, 0x0d, 0x63, 0x0d, 0x63, 0x0c, 0x5b, 0xed, 0x5a, 0x0c, 0x63,
    0x0c, 0x5b, 0xec, 0x5a, 0xec, 0x5a, 0xec, 0x5a, 0xec, 0x5a, 0xcb, 0x5a,
    0xcc, 0x5a, 0xec, 0x5a, 0xcb, 0x5a, 0xcc, 0x52, 0xcb, 0x52, 0xcc, 0x5a,
    0xcb, 0x5a, 0xcb, 0x52, 0xac, 0x52, 0xcb, 0x5a, 0xab, 0x52, 0xab, 0x52,
    0xab, 0x52, 0xab, 0x52, 0xab, 0x52, 0xab, 0x52, 0xab, 0x52, 0x8b, 0x52,
    0x8a, 0x52, 0x8a, 0x4a, 0x8a, 0x52, 0x8a, 0x52, 0x6a, 0x4a, 0x6a, 0x4a,
    0x6a, 0x4a, 0x6a, 0x4a, 0x6a, 0x4a, 0x6a, 0x4a, 0x6a, 0x4a, 0x6a, 0x4a,
    0x69, 0x4a, 0x6a, 0x4a, 0x49, 0x4a, 0x4a, 0x4a, 0x4a, 0x4a, 0x69, 0x42,
    0x49, 0x4a, 0x49, 0x4a, 0x49, 0x42, 0x49, 0x4a, 0x29, 0x42, 0x49, 0x4a,
    0x29, 0x42, 0x29, 0x42, 0x29, 0x42, 0x29, 0x42, 0x29, 0x42, 0x09, 0x42,
    0x08, 0x42, 0x08, 0x42, 0x08, 0x42, 0x08, 0x42, 0x08, 0x3a, 0x08, 0x42,
    0x08, 0x3a, 0x08, 0x42, 0xe8, 0x41, 0xe8, 0x39, 0x08, 0x42, 0xe8, 0x39,
    0xe8, 0x39, 0x08, 0x3a, 0xe8, 0x41, 0xe8, 0x39, 0xe8, 0x41, 0xe7, 0x39,
    0xe8, 0x39, 0xe8, 0x39, 0xe8, 0x41, 0xe8, 0x39, 0xe7, 0x39, 0xe8, 0x39,
    0xc8, 0x39, 0xe8, 0x39, 0xc7, 0x39, 0xe8, 0x39, 0xc7, 0x39, 0xc7, 0x39,
    0xe7, 0x39, 0xc7, 0x31, 0xc7, 0x31, 0xc7, 0x39, 0xc7, 0x39, 0xc7, 0x31,
    0xa7, 0x39, 0xa7, 0x31, 0xa7, 0x39, 0xc7, 0x31, 0xa7, 0x31, 0xc7, 0x39,
    0xa7, 0x31, 0xa7, 0x39, 0xa7, 0x39, 0xc7, 0x31, 0xa7, 0x31, 0xa6, 0x31,
    0xa7, 0x31, 0xa7, 0x39, 0xa6, 0x31, 0xa6, 0x31, 0xa7, 0x31, 0xa6, 0x31,
    0x86, 0x31, 0xa7, 0x31, 0x87, 0x31, 0x86, 0x31, 0xa6, 0x31, 0xa6, 0x31,
    0x86, 0x31, 0xa6, 0x31, 0xa7, 0x31, 0x86, 0x31, 0xa6, 0x31, 0xa6, 0x31,
    0x87, 0x31, 0xa6, 0x31, 0xa6, 0x31, 0x87, 0x31, 0xa6, 0x31, 0x87, 0x31,
    0xa7, 0x31, 0x86, 0x31, 0x86, 0x31, 0x87, 0x31, 0x86, 0x29, 0x86, 0x31,
    0x86, 0x31, 0x86, 0x31, 0x86, 0x29, 0x86, 0x31, 0x86, 0x31, 0x86, 0x29,
    0x86, 0x29, 0x86, 0x31, 0x86, 0x31, 0x86, 0x29, 0x86, 0x29, 0x86, 0x31,
    0x8e, 0x6b, 0x8e, 0x6b, 0x8f, 0x73, 0x8e, 0x73, 0x6e, 0x73, 0x8e, 0x6b,
    0x6e, 0x6b, 0x6e, 0x6b, 0x6e, 0x6b, 0x6e, 0x6b, 0x6e, 0x6b, 0x6e, 0x6b,
    0x4d, 0x6b, 0x6e, 0x6b, 0x4e, 0x6b, 0x4d, 0x63, 0x4d, 0x63, 0x4e, 0x6b,
    0x4d, 0x63, 0x4e, 0x63, 0x4d, 0x6b, 0x4d, 0x63, 0x4d, 0x63, 0x2d, 0x63,
    0x4d, 0x63, 0x2d, 0x63, 0x2d, 0x63, 0x2d, 0x63, 0x2d, 0x63, 0x0d, 0x63,
    0x0d, 0x63, 0x0c, 0x5b, 0x0c, 0x5b, 0x0c, 0x5b, 0x0c, 0x5b, 0xec, 0x62,
    0xec, 0x5a, 0xec, 0x5a, 0xec, 0x5a, 0xec, 0x5a, 0xec, 0x5a, 0xec, 0x5a,
    0xeb, 0x5a, 0xcc, 0x5a, 0xcb, 0x5a, 0xcc, 0x5a, 0xcb, 0x5a, 0xcb, 0x52,
    0xcb, 0x52, 0xcb, 0x52, 0xab, 0x52, 0xab, 0x52, 0xab, 0x5a, 0xab, 0x52,
    0xab, 0x52, 0xab, 0x52, 0xab, 0x52, 0xab, 0x52, 0x8a, 0x52, 0xab, 0x52,
    0x8b, 0x52, 0x8a, 0x4a, 0x8b, 0x4a, 0x8a, 0x4a, 0x8a, 0x4a, 0x8a, 0x52,
    0x6a, 0x52, 0x6a, 0x4a, 0x8a, 0x4a, 0x6a, 0x4a, 0x6a, 0x4a, 0x6a, 0x4a,
    0x69, 0x4a, 0x6a, 0x4a, 0x49, 0x4a, 0x49, 0x4a, 0x4a, 0x4a, 0x49, 0x4a,
    0x4a, 0x4a, 0x4a, 0x42, 0x49, 0x4a, 0x49, 0x42, 0x49, 0x42, 0x29, 0x42,
    0x29, 0x42, 0x29, 0x42, 0x29, 0x4a, 0x29, 0x42, 0x28, 0x42, 0x29, 0x42,
    0x29, 0x42, 0x08, 0x42, 0x08, 0x42, 0x29, 0x42, 0x09, 0x42, 0x08, 0x3a,
    0x08, 0x42, 0x08, 0x3a, 0x08, 0x42, 0x08, 0x3a, 0x08, 0x3a, 0xe8, 0x41,
    0xe8, 0x39, 0xe8, 0x39, 0x08, 0x42, 0xe8, 0x39, 0xe8, 0x39, 0xe8, 0x39,
    0xe8, 0x39, 0xe7, 0x39, 0xe7, 0x39, 0xe8, 0x39, 0xe8, 0x39, 0xe7, 0x39,
    0xe7, 0x39, 0xe7, 0x39, 0xe8, 0x39, 0xc7, 0x39, 0xc8, 0x39, 0xc7, 0x39,
    0xc7, 0x39, 0xc8, 0x39, 0xe7, 0x39, 0xc7, 0x31, 0xc8, 0x31, 0xc7, 0x39,
    0xc7, 0x39, 0xc7, 0x39, 0xc7, 0x31, 0xa7, 0x31, 0xa7, 0x39, 0xc7, 0x39,
    0xc7, 0x31, 0xa7, 0x31, 0xa7, 0x39, 0xa7, 0x31, 0xc7, 0x31, 0xa7, 0x39,
    0xa7, 0x31, 0xa7, 0x31, 0xa6, 0x31, 0xa7, 0x31, 0xa6, 0x39, 0xa6, 0x31,
    0xa7, 0x31, 0xa7, 0x31, 0xa6, 0x31, 0xa6, 0x31, 0x87, 0x31, 0x87, 0x31,
    0x87, 0x31, 0xa7, 0x31, 0x87, 0x31, 0x87, 0x31, 0xa6, 0x31, 0x87, 0x31,
    0x87, 0x31, 0xa7, 0x31, 0xa7, 0x31, 0x86, 0x31, 0x86, 0x31, 0xa7, 0x31,
    0xa6, 0x31, 0x86, 0x31, 0x86, 0x31, 0xa7, 0x31, 0x87, 0x31, 0xa6, 0x31,
    0x86, 0x31, 0x87, 0x29, 0x87, 0x31, 0x86, 0x31, 0x86, 0x29, 0x87, 0x31,
    0x87, 0x31, 0x86, 0x31, 0x86, 0x29, 0x86, 0x31, 0x86, 0x31, 0x86, 0x31,
    0x8f, 0x73, 0x8e, 0x6b, 0x8f, 0x73, 0x8e, 0x6b, 0x6e, 0x6b, 0x8e, 0x73,
    0x6e, 0x6b, 0x6e, 0x6b, 0x6e, 0x6b, 0x6e, 0x6b, 0x6e, 0x6b, 0x6e, 0x6b,
    0x6e, 0x6b, 0x6e, 0x6b, 0x6e, 0x6b, 0x4d, 0x6b, 0x6e, 0x6b, 0x4e, 0x6b,
    0x4d, 0x63, 0x4d, 0x63, 0x4d, 0x6b, 0x4e, 0x63, 0x2d, 0x63, 0x2d, 0x63,
    0x2d, 0x63, 0x2d, 0x63, 0x2d, 0x63, 0x2d, 0x63, 0x2d, 0x63, 0x0c, 0x63,
    0x0c, 0x5b, 0x0c, 0x5b, 0x2c, 0x63, 0x0d, 0x63, 0x0c, 0x63, 0x0c, 0x5b,
    0x0d, 0x5b, 0x0c, 0x63, 0x0c, 0x5b, 0xec, 0x5a, 0xec, 0x62, 0xec, 0x5a,
    0xec, 0x5a, 0xeb, 0x5a, 0xcb, 0x5a, 0xcb, 0x52, 0xcc, 0x5a, 0xcb, 0x5a,
    0xcb, 0x52, 0xcb, 0x5a, 0xcb, 0x52, 0xab, 0x52, 0xab, 0x52, 0xcb, 0x52,
    0xab, 0x52, 0xab, 0x52, 0xab, 0x52, 0xab, 0x52, 0x8a, 0x52, 0x8a, 0x52,
    0x8b, 0x52, 0x8a, 0x4a, 0x8a, 0x52, 0x8b, 0x52, 0x8a, 0x4a, 0x8a, 0x4a,
    0x6a, 0x4a, 0x6a, 0x52, 0x6a, 0x4a, 0x6a, 0x4a, 0x6a, 0x4a, 0x6a, 0x4a,
    0x69, 0x4a, 0x6a, 0x4a, 0x4a, 0x4a, 0x69, 0x4a, 0x49, 0x4a, 0x4a, 0x4a,
    0x49, 0x42, 0x49, 0x4a, 0x49, 0x42, 0x4a, 0x4a, 0x49, 0x4a, 0x49, 0x42,
    0x2a, 0x42, 0x29, 0x42, 0x29, 0x42, 0x29, 0x42, 0x29, 0x42, 0x28, 0x42,
    0x08, 0x42, 0x09, 0x42, 0x29, 0x42, 0x29, 0x42, 0x08, 0x42, 0x08, 0x42,
    0x09, 0x42, 0x08, 0x3a, 0x08, 0x3a, 0x08, 0x3a, 0xe8, 0x41, 0x08, 0x3a,
    0xe8, 0x41, 0xe8, 0x39, 0xe8, 0x39, 0xe8, 0x39, 0x08, 0x3a, 0xe8, 0x41,
    0xe8, 0x39, 0xe8, 0x39, 0xe7, 0x39, 0xe8, 0x39, 0xe8, 0x39, 0xe8, 0x41,
    0xe8, 0x39, 0xe8, 0x39, 0xe8, 0x39, 0xc7, 0x39, 0xe7, 0x39, 0xc8, 0x39,
    0xc8, 0x39, 0xc7, 0x39, 0xc8, 0x39, 0xc7, 0x31, 0xc7, 0x39, 0xc7, 0x39,
    0xc7, 0x31, 0xc7, 0x31, 0xc8, 0x39, 0xa7, 0x39, 0xc7, 0x31, 0xa7, 0x39,
    0xc7, 0x31, 0xc7, 0x31, 0xa7, 0x31, 0xa7, 0x39, 0xa7, 0x31, 0xa7, 0x31,
    0xa7, 0x31, 0xa7, 0x31, 0xa6, 0x31, 0xa7, 0x31, 0xa7, 0x31, 0xa7, 0x31,
    0xa7, 0x39, 0xa6, 0x31, 0xa6, 0x31, 0x87, 0x31, 0x87, 0x31, 0xa6, 0x31,
    0xa6, 0x31, 0x86, 0x31, 0xa6, 0x31, 0x86, 0x31, 0xa7, 0x31, 0x86, 0x31,
    0xa6, 0x31, 0xa6, 0x31, 0x87, 0x31, 0xa6, 0x31, 0xa6, 0x31, 0x86, 0x31,
    0x86, 0x31, 0x87, 0x31, 0x87, 0x31, 0xa6, 0x31, 0x86, 0x31, 0x87, 0x31,
    0xa6, 0x29, 0x86, 0x31, 0x86, 0x31, 0x86, 0x31, 0x86, 0x29, 0x86, 0x31,
    0x86, 0x31, 0x86, 0x29, 0x86, 0x31, 0x87, 0x31, 0x86, 0x31, 0xa7, 0x31,
    0x8f, 0x73, 0x8e, 0x73, 0x8e, 0x73, 0x8f, 0x6b, 0x8e, 0x6b, 0x6e, 0x6b,
    0x6e, 0x6b, 0x6e, 0x6b, 0x6e, 0x6b, 0x6f, 0x73, 0x6e, 0x6b, 0x6e, 0x6b,
    0x6e, 0x6b, 0x6e, 0x6b, 0x6e, 0x6b, 0x6e, 0x6b, 0x6d, 0x6b, 0x4d, 0x63,
    0x4e, 0x6b, 0x6d, 0x6b, 0x4d, 0x6b, 0x4d, 0x63, 0x2d, 0x63, 0x2d, 0x63,
    0x2d, 0x63, 0x2d, 0x63, 0x2d, 0x63, 0x2d, 0x63, 0x2d, 0x63, 0x2c, 0x63,
    0x0d, 0x63, 0x0d, 0x63, 0x0d, 0x63, 0x0c, 0x5b, 0x0c, 0x5b, 0x0c, 0x63,
    0x0c, 0x5b, 0xec, 0x5a, 0xed, 0x62, 0xec, 0x5a, 0xec, 0x5a, 0xec, 0x5a,
    0xec, 0x5a, 0xeb, 0x5a, 0xcc, 0x5a, 0xcb, 0x5a, 0xcb, 0x52, 0xcb, 0x5a,
    0xcb, 0x52, 0xcc, 0x52, 0xcb, 0x5a, 0xcb, 0x52, 0xcc, 0x52, 0xcb, 0x5a,
    0xab, 0x52, 0xab, 0x52, 0xab, 0x5a, 0xab, 0x52, 0xab, 0x52, 0x8a, 0x52,
    0x8a, 0x52, 0x8a, 0x4a, 0x8b, 0x52, 0x8a, 0x52, 0x8a, 0x52, 0x8a, 0x4a,
    0x8a, 0x4a, 0x8a, 0x4a, 0x6a, 0x4a, 0x6a, 0x4a, 0x6a, 0x52, 0x6a, 0x4a,
    0x6a, 0x4a, 0x69, 0x4a, 0x4a, 0x4a, 0x6a, 0x4a, 0x49, 0x4a, 0x6a, 0x4a,
    0x69, 0x4a, 0x49, 0x4a, 0x4a, 0x4a, 0x49, 0x4a, 0x49, 0x42, 0x49, 0x4a,
    0x49, 0x4a, 0x49, 0x42, 0x29, 0x42, 0x29, 0x42, 0x29, 0x42, 0x28, 0x42,
    0x29, 0x42, 0x29, 0x42, 0x28, 0x42, 0x08, 0x42, 0x08, 0x42, 0x08, 0x42,
    0x09, 0x42, 0x08, 0x3a, 0x08, 0x42, 0x08, 0x42, 0x08, 0x42, 0xe8, 0x39,
    0x08, 0x3a, 0xe8, 0x41, 0xe8, 0x39, 0xe8, 0x39, 0xe8, 0x41, 0x08, 0x3a,
    0xe8, 0x39, 0xe8, 0x39, 0xe8, 0x39, 0xe8, 0x39, 0xe7, 0x39, 0xe8, 0x39,
    0xe8, 0x41, 0xe8, 0x39, 0xe7, 0x39, 0xe8, 0x39, 0xc8, 0x39, 0xe8, 0x39,
    0xe7, 0x39, 0xc7, 0x39, 0xc7, 0x39, 0xc8, 0x39, 0xc7, 0x39, 0xc7, 0x31,
    0xc7, 0x39, 0xc7, 0x31, 0xc7, 0x39, 0xc7, 0x31, 0xc7, 0x39, 0xa7, 0x31,
    0xa7, 0x39, 0xa7, 0x39, 0xa7, 0x31, 0xc7, 0x31, 0xa7, 0x39, 0xa7, 0x31,
    0xa7, 0x31, 0xa6, 0x39, 0xa7, 0x39, 0xa7, 0x31, 0xa7, 0x31, 0xa6, 0x31,
    0xa7, 0x31, 0xa6, 0x31, 0xa7, 0x31, 0xa7, 0x31, 0xa6, 0x31, 0xa6, 0x39,
    0xa7, 0x31, 0xa7, 0x31, 0xa6, 0x31, 0xa7, 0x31, 0x86, 0x31, 0xa7, 0x31,
    0x87, 0x31, 0x86, 0x31, 0x86, 0x31, 0x87, 0x31, 0xa7, 0x31, 0x87, 0x31,
    0x86, 0x31, 0xa7, 0x31, 0x86, 0x31, 0x86, 0x31, 0x86, 0x31, 0x86, 0x31,
    0x87, 0x31, 0x86, 0x31, 0x86, 0x31, 0x87, 0x29, 0x86, 0x31, 0x86, 0x31,
    0x86, 0x31, 0x86, 0x29, 0x87, 0x31, 0x86, 0x31, 0x86, 0x29, 0x86, 0x31,
    0x8e, 0x6b, 0x8e, 0x6b, 0x8f, 0x73, 0x8e, 0x73, 0x8e, 0x6b, 0x8e, 0x73,
    0x6e, 0x6b, 0x8e, 0x6b, 0x8e, 0x6b, 0x6e, 0x6b, 0x6e, 0x6b, 0x6e, 0x73,
    0x8e, 0x6b, 0x6e, 0x6b, 0x6e, 0x6b, 0x6e, 0x6b, 0x4e, 0x6b, 0x4d, 0x6b,
    0x4e, 0x63, 0x4e, 0x6b, 0x4e, 0x63, 0x4d, 0x63, 0x4d, 0x6b, 0x4d, 0x63,
    0x2d, 0x6b, 0x4d, 0x63, 0x2d, 0x6b, 0x2d, 0x63, 0x2d, 0x63, 0x0d, 0x63,
    0x2d, 0x63, 0x2d, 0x63, 0x0c, 0x5b, 0x0c, 0x5b, 0x0d, 0x63, 0x0c, 0x5b,
    0xec, 0x5a, 0xec, 0x5a, 0xec, 0x5a, 0xec, 0x5a, 0xec, 0x5a, 0xec, 0x5a,
    0xec, 0x5a, 0xec, 0x5a, 0xcc, 0x5a, 0xec, 0x5a, 0xcb, 0x5a, 0xcc, 0x52,
    0xcc, 0x5a, 0xcb, 0x5a, 0xcb, 0x5a, 0xcc, 0x5a, 0xcb, 0x5a, 0xcb, 0x52,
    0xab, 0x52, 0xab, 0x52, 0xab, 0x52, 0xab, 0x52, 0xab, 0x52, 0xab, 0x52,
    0x8b, 0x52, 0x8b, 0x52, 0x8a, 0x52, 0x8a, 0x4a, 0x8a, 0x4a, 0x8a, 0x52,
    0x6a, 0x4a, 0x6a, 0x4a, 0x6a, 0x4a, 0x6a, 0x4a, 0x6a, 0x4a, 0x6a, 0x4a,
    0x6a, 0x4a, 0x6a, 0x4a, 0x69, 0x4a, 0x4a, 0x4a, 0x4a, 0x4a, 0x69, 0x4a,
    0x4a, 0x4a, 0x4a, 0x4a, 0x49, 0x42, 0x49, 0x42, 0x49, 0x42, 0x49, 0x42,
    0x29, 0x4a, 0x29, 0x42, 0x29, 0x42, 0x29, 0x42, 0x29, 0x4a, 0x29, 0x42,
    0x29, 0x42, 0x29, 0x42, 0x08, 0x42, 0x08, 0x42, 0x29, 0x42, 0x29, 0x42,
    0x08, 0x42, 0x08, 0x42, 0x09, 0x42, 0x08, 0x3a, 0x08, 0x3a, 0x08, 0x3a,
    0x08, 0x3a, 0xe8, 0x39, 0x08, 0x42, 0xe8, 0x39, 0xe8, 0x39, 0xe8, 0x39,
    0xe8, 0x39, 0xe8, 0x41, 0xe8, 0x41, 0xe8, 0x39, 0xe8, 0x39, 0xe7, 0x39,
    0xe8, 0x39, 0xe8, 0x39, 0xe7, 0x39, 0xe7, 0x39, 0xc7, 0x39, 0xe7, 0x39,
    0xe8, 0x39, 0xc8, 0x39, 0xe7, 0x39, 0xc7, 0x39, 0xc8, 0x39, 0xc8, 0x39,
    0xc7, 0x31, 0xc7, 0x39, 0xc7, 0x31, 0xc7, 0x39, 0xc7, 0x31, 0xc7, 0x39,
    0xa7, 0x31, 0xc7, 0x39, 0xc7, 0x31, 0xa7, 0x31, 0xa7, 0x31, 0xc7, 0x39,
    0xa7, 0x31, 0xa7, 0x31, 0xc7, 0x31, 0xa7, 0x31, 0xa6, 0x31, 0xa7, 0x31,
    0xa7, 0x31, 0xa7, 0x31, 0xa6, 0x39, 0xa7, 0x31, 0xa7, 0x31, 0x86, 0x31,
    0xa7, 0x31, 0xa7, 0x31, 0x87, 0x31, 0xa7, 0x31, 0x87, 0x31, 0x86, 0x31,
    0xa7, 0x31, 0xa7, 0x31, 0xa7, 0x31, 0x86, 0x31, 0x87, 0x31, 0xa6, 0x31,
    0xa6, 0x31, 0xa6, 0x31, 0x86, 0x31, 0x87, 0x31, 0xa7, 0x31, 0x86, 0x31,
    0x86, 0x31, 0x87, 0x31, 0x87, 0x31, 0xa6, 0x31, 0x87, 0x31, 0xa7, 0x31,
    0x86, 0x29, 0x87, 0x31, 0x86, 0x31, 0x86, 0x29, 0x86, 0x31, 0x87, 0x31,
    0x8e, 0x73, 0x8f, 0x6b, 0x8f, 0x6b, 0x8e, 0x6b, 0x8f, 0x6b, 0x8f, 0x73,
    0x8e, 0x73, 0x6e, 0x6b, 0x8e, 0x6b, 0x8e, 0x73, 0x6e, 0x6b, 0x8e, 0x6b,
    0x6e, 0x6b, 0x6e, 0x6b, 0x6e, 0x73, 0x6e, 0x6b, 0x6e, 0x6b, 0x4e, 0x6b,
    0x6d, 0x6b, 0x4d, 0x63, 0x4d, 0x6b, 0x4d, 0x63, 0x4d, 0x63, 0x2e, 0x63,
    0x2d, 0x63, 0x4d, 0x63, 0x2e, 0x63, 0x2d, 0x63, 0x2d, 0x63, 0x0d, 0x63,
    0x0c, 0x63, 0x2d, 0x63, 0x0c, 0x5b, 0x0d, 0x63, 0x0c, 0x63, 0x0c, 0x5b,
    0x0c, 0x5b, 0xec, 0x62, 0x0c, 0x5b, 0xec, 0x5a, 0xec, 0x5a, 0xec, 0x5a,
    0xec, 0x5a, 0xec, 0x5a, 0xeb, 0x5a, 0xec, 0x5a, 0xcb, 0x5a, 0xcc, 0x5a,
    0xcb, 0x52, 0xcb, 0x5a, 0xcc, 0x52, 0xcb, 0x52, 0xcb, 0x52, 0xab, 0x5a,
    0xcb, 0x52, 0xab, 0x52, 0xab, 0x52, 0xab, 0x52, 0xab, 0x52, 0xab, 0x52,
    0xaa, 0x52, 0x8a, 0x52, 0x8a, 0x52, 0x8b, 0x4a, 0x8a, 0x52, 0x8b, 0x52,
    0x8a, 0x52, 0x8a, 0x52, 0x8a, 0x52, 0x6a, 0x4a, 0x6a, 0x4a, 0x8a, 0x4a,
    0x6a, 0x52, 0x6a, 0x4a, 0x6a, 0x4a, 0x69, 0x4a, 0x69, 0x4a, 0x4a, 0x4a,
    0x69, 0x4a, 0x4a, 0x4a, 0x49, 0x42, 0x49, 0x4a, 0x4a, 0x4a, 0x49, 0x4a,
    0x49, 0x42, 0x2a, 0x42, 0x29, 0x42, 0x29, 0x42, 0x29, 0x42, 0x29, 0x42,
    0x28, 0x42, 0x08, 0x42, 0x09, 0x42, 0x08, 0x42, 0x08, 0x42, 0x28, 0x42,
    0x09, 0x42, 0x09, 0x42, 0x28, 0x42, 0x08, 0x3a, 0x09, 0x42, 0x08, 0x42,
    0xe8, 0x41, 0x08, 0x42, 0x08, 0x3a, 0xe8, 0x39, 0x08, 0x42, 0xe8, 0x41,
    0xe8, 0x39, 0x08, 0x3a, 0xe8, 0x39, 0xe8, 0x39, 0xe8, 0x39, 0xe8, 0x41,
    0xe7, 0x39, 0xe8, 0x39, 0xe8, 0x39, 0xe8, 0x39, 0xe8, 0x39, 0xc7, 0x39,
    0xc7, 0x39, 0xe7, 0x39, 0xc8, 0x39, 0xc7, 0x39, 0xc7, 0x39, 0xc7, 0x31,
    0xc7, 0x39, 0xc8, 0x39, 0xc7, 0x39, 0xc7, 0x31, 0xc7, 0x39, 0xc7, 0x39,
    0xc7, 0x31, 0xa7, 0x31, 0xa7, 0x31, 0xc7, 0x39, 0xa7, 0x39, 0xa7, 0x31,
    0xc7, 0x31, 0xa7, 0x39, 0xa7, 0x31, 0xc7, 0x31, 0xa7, 0x39, 0xa7, 0x39,
    0xa6, 0x31, 0xa7, 0x31, 0xa7, 0x31, 0xa6, 0x31, 0xa7, 0x31, 0xa7, 0x31,
    0xa6, 0x31, 0x86, 0x31, 0xa6, 0x31, 0xa6, 0x31, 0x86, 0x31, 0xa6, 0x31,
    0xa6, 0x31, 0xa6, 0x31, 0xa7, 0x31, 0xa6, 0x31, 0xa6, 0x31, 0x87, 0x31,
    0xa7, 0x31, 0x87, 0x31, 0xa7, 0x31, 0xa6, 0x31, 0xa6, 0x31, 0xa7, 0x31,
    0x86, 0x31, 0x86, 0x31, 0xa7, 0x31, 0x86, 0x31, 0x86, 0x31, 0x86, 0x31,
    0x87, 0x31, 0xa6, 0x31, 0x86, 0x31, 0x86, 0x31, 0x86, 0x31, 0xa7, 0x31,
    0x8f, 0x73, 0x8e, 0x73, 0xaf, 0x73, 0x8e, 0x73, 0x8e, 0x6b, 0x8e, 0x6b,
    0x6e, 0x6b, 0x6f, 0x73, 0x8f, 0x73, 0x6e, 0x6b, 0x6e, 0x6b, 0x6e, 0x6b,
    0x6e, 0x6b, 0x6e, 0x6b, 0x6e, 0x6b, 0x6e, 0x6b, 0x6e, 0x6b, 0x6e, 0x6b,
    0x4e, 0x6b, 0x4d, 0x6b, 0x4d, 0x63, 0x4e, 0x6b, 0x4d, 0x63, 0x4d, 0x6b,
    0x4d, 0x63, 0x2d, 0x63, 0x2d, 0x63, 0x2d, 0x63, 0x2d, 0x63, 0x2d, 0x63,
    0x2d, 0x63, 0x0c, 0x63, 0x0c, 0x63, 0x0c, 0x63, 0x0d, 0x5b, 0x0c, 0x63,
    0x0c, 0x5b, 0x0d, 0x5b, 0x0c, 0x63, 0xec, 0x5a, 0xec, 0x5a, 0xec, 0x5a,
    0xec, 0x62, 0xec, 0x5a, 0xec, 0x5a, 0xcb, 0x5a, 0xec, 0x5a, 0xcb, 0x5a,
    0xcb, 0x52, 0xcc, 0x5a, 0xcb, 0x52, 0xcb, 0x52, 0xcc, 0x52, 0xab, 0x52,
    0xab, 0x52, 0xcb, 0x5a, 0xab, 0x52, 0xab, 0x52, 0xab, 0x52, 0xab, 0x52,
    0xab, 0x52, 0x8a, 0x52, 0xab, 0x52, 0x8a, 0x52, 0x8b, 0x4a, 0x8b, 0x4a,
    0x8a, 0x4a, 0x8a, 0x4a, 0x6a, 0x4a, 0x6a, 0x4a, 0x6a, 0x52, 0x8a, 0x4a,
    0x6a, 0x4a, 0x6a, 0x4a, 0x6a, 0x4a, 0x4a, 0x4a, 0x4a, 0x4a, 0x6a, 0x4a,
    0x49, 0x4a, 0x69, 0x4a, 0x49, 0x4a, 0x4a, 0x4a, 0x49, 0x4a, 0x49, 0x42,
    0x49, 0x4a, 0x29, 0x4a, 0x29, 0x42, 0x49, 0x42, 0x29, 0x42, 0x29, 0x42,
    0x29, 0x42, 0x28, 0x42, 0x29, 0x42, 0x29, 0x42, 0x29, 0x42, 0x09, 0x42,
    0x28, 0x42, 0x08, 0x42, 0x08, 0x42, 0x08, 0x42, 0x08, 0x42, 0x08, 0x42,
    0x08, 0x3a, 0xe8, 0x39, 0xe8, 0x39, 0xe8, 0x39, 0x08, 0x42, 0xe8, 0x39,
    0xe8, 0x39, 0xe8, 0x39, 0xe8, 0x39, 0x08, 0x3a, 0xe8, 0x41, 0xe8, 0x39,
    0xe8, 0x39, 0xe8, 0x39, 0xe8, 0x39, 0xe7, 0x41, 0xe8, 0x39, 0xe8, 0x39,
    0xe8, 0x39, 0xc8, 0x39, 0xe7, 0x39, 0xe8, 0x39, 0xe8, 0x39, 0xc7, 0x39,
    0xc7, 0x31, 0xc7, 0x39, 0xc7, 0x39, 0xc8, 0x39, 0xc7, 0x31, 0xc7, 0x31,
    0xc7, 0x39, 0xa7, 0x39, 0xc7, 0x39, 0xc7, 0x39, 0xa7, 0x31, 0xa7, 0x31,
    0xa7, 0x31, 0xa7, 0x31, 0xa7, 0x39, 0xa7, 0x39, 0xa7, 0x31, 0xc7, 0x31,
    0xa7, 0x39, 0xa6, 0x31, 0xa7, 0x31, 0xa7, 0x31, 0xa6, 0x39, 0xa7, 0x31,
    0xa7, 0x31, 0xa7, 0x39, 0xa7, 0x31, 0xa6, 0x31, 0xa7, 0x31, 0xa7, 0x31,
    0xa7, 0x31, 0x86, 0x31, 0x86, 0x31, 0xa7, 0x39, 0xa6, 0x31, 0x87, 0x31,
    0x86, 0x31, 0x86, 0x31, 0x87, 0x31, 0xa7, 0x31, 0x86, 0x31, 0x86, 0x31,
    0xa7, 0x31, 0x86, 0x31, 0x86, 0x31, 0x86, 0x31, 0x86, 0x31, 0x86, 0x31,
    0x86, 0x31, 0x87, 0x31, 0xa6, 0x31, 0x87, 0x29, 0x86, 0x31, 0x86, 0x29,
    0xaf, 0x73, 0x8f, 0x73, 0xae, 0x73, 0x8e, 0x73, 0x8e, 0x73, 0x8e, 0x6b,
    0x8e, 0x6b, 0x8e, 0x6b, 0x6e, 0x6b, 0x6e, 0x6b, 0x6e, 0x6b, 0x6e, 0x6b,
    0x6e, 0x6b, 0x6e, 0x6b, 0x8e, 0x6b, 0x6e, 0x6b, 0x6e, 0x6b, 0x6e, 0x6b,
    0x6e, 0x6b, 0x4d, 0x6b, 0x4e, 0x63, 0x4e, 0x63, 0x4d, 0x6b, 0x4d, 0x63,
    0x4e, 0x6b, 0x4d, 0x6b, 0x2d, 0x63, 0x2d, 0x63, 0x2d, 0x63, 0x2d, 0x63,
    0x2d, 0x63, 0x2d, 0x63, 0x2d, 0x63, 0x2d, 0x63, 0x0d, 0x63, 0x0c, 0x5b,
    0x0c, 0x5b, 0x0c, 0x63, 0xec, 0x5a, 0xec, 0x5a, 0xec, 0x5a, 0x0c, 0x5b,
    0xec, 0x5a, 0xec, 0x5a, 0xec, 0x5a, 0xec, 0x5a, 0xcc, 0x5a, 0xcc, 0x5a,
    0xcb, 0x5a, 0xcb, 0x52, 0xcb, 0x5a, 0xcb, 0x5a, 0xcb, 0x5a, 0xcb, 0x52,
    0xcb, 0x52, 0xab, 0x52, 0xab, 0x52, 0xab, 0x52, 0xab, 0x52, 0xab, 0x52,
    0xab, 0x52, 0x8b, 0x52, 0x8b, 0x52, 0x8a, 0x52, 0x8a, 0x52, 0xaa, 0x4a,
    0x8a, 0x52, 0x8b, 0x52, 0x6a, 0x4a, 0x6a, 0x4a, 0x6a, 0x4a, 0x6a, 0x4a,
    0x6a, 0x4a, 0x6a, 0x4a, 0x6a, 0x4a, 0x6a, 0x4a, 0x69, 0x4a, 0x69, 0x4a,
    0x6a, 0x4a, 0x4a, 0x4a, 0x49, 0x4a, 0x49, 0x42, 0x49, 0x42, 0x49, 0x42,
    0x49, 0x42, 0x29, 0x42, 0x49, 0x4a, 0x29, 0x42, 0x29, 0x42, 0x29, 0x42,
    0x29, 0x42, 0x29, 0x42, 0x29, 0x42, 0x28, 0x42, 0x29, 0x42, 0x09, 0x42,
    0x08, 0x42, 0x08, 0x42, 0x09, 0x42, 0x29, 0x42, 0x08, 0x3a, 0x08, 0x3a,
    0x08, 0x3a, 0x08, 0x3a, 0x08, 0x42, 0x08, 0x42, 0xe8, 0x39, 0x08, 0x3a,
    0x08, 0x3a, 0xe8, 0x41, 0x08, 0x42, 0xe8, 0x39, 0xe8, 0x39, 0xe8, 0x39,
    0x08, 0x42, 0xe8, 0x39, 0xe7, 0x39, 0xe7, 0x39, 0xe8, 0x39, 0xe7, 0x39,
    0xe8, 0x39, 0xc7, 0x39, 0xe8, 0x39, 0xc7, 0x39, 0xc7, 0x39, 0xc7, 0x39,
    0xc8, 0x39, 0xc7, 0x31, 0xc7, 0x31, 0xc7, 0x31, 0xc8, 0x39, 0xc7, 0x39,
    0xc7, 0x31, 0xc7, 0x31, 0xa7, 0x31, 0xa7, 0x31, 0xc7, 0x31, 0xa7, 0x31,
    0xa7, 0x31, 0xc7, 0x39, 0xa7, 0x31, 0xa7, 0x31, 0xa7, 0x31, 0xa7, 0x31,
    0xc7, 0x31, 0xa7, 0x31, 0xa6, 0x31, 0xa6, 0x31, 0xa7, 0x31, 0xa6, 0x31,
    0xa7, 0x31, 0xa6, 0x31, 0xa7, 0x31, 0xa7, 0x31, 0x87, 0x39, 0xa7, 0x31,
    0xa7, 0x31, 0xa7, 0x31, 0xa7, 0x31, 0xa7, 0x31, 0x87, 0x31, 0xa6, 0x31,
    0xa7, 0x31, 0xa6, 0x31, 0x86, 0x31, 0xa6, 0x31, 0x86, 0x31, 0x87, 0x31,
    0xa7, 0x31, 0xa7, 0x31, 0x86, 0x31, 0xa7, 0x31, 0xa7, 0x31, 0xa7, 0x31,
    0x86, 0x31, 0x86, 0x31, 0x87, 0x31, 0xa6, 0x31, 0x87, 0x31, 0x86, 0x31,
    0xaf, 0x73, 0xaf, 0x73, 0x8f, 0x6b, 0xaf, 0x6b, 0x8f, 0x6b, 0x8f, 0x73,
    0x8e, 0x73, 0x8e, 0x6b, 0x8e, 0x6b, 0x8e, 0x6b, 0x6e, 0x73, 0x8e, 0x6b,
    0x6e, 0x6b, 0x8e, 0x73, 0x6e, 0x6b, 0x6e, 0x6b, 0x6e, 0x73, 0x6e, 0x6b,
    0x6e, 0x6b, 0x4e, 0x6b, 0x6d, 0x6b, 0x4d, 0x6b, 0x4d, 0x63, 0x4d, 0x63,
    0x4d, 0x63, 0x4d, 0x6b, 0x2d, 0x63, 0x2d, 0x63, 0x2d, 0x63, 0x2d, 0x63,
    0x2d, 0x63, 0x2d, 0x63, 0x2d, 0x63, 0x0d, 0x63, 0x0c, 0x5b, 0x0d, 0x5b,
    0x0d, 0x63, 0x0c, 0x63, 0x0c, 0x5b, 0xec, 0x5a, 0xec, 0x62, 0xec, 0x5a,
    0xec, 0x5a, 0xec, 0x5a, 0xec, 0x5a, 0xec, 0x5a, 0xcb, 0x5a, 0xeb, 0x5a,
    0xcb, 0x52, 0xcc, 0x5a, 0xcc, 0x5a, 0xcb, 0x52, 0xcb, 0x5a, 0xcb, 0x5a,
    0xcb, 0x52, 0xab, 0x5a, 0xcb, 0x52, 0xab, 0x52, 0xab, 0x52, 0xab, 0x52,
    0xab, 0x52, 0xaa, 0x52, 0xab, 0x52, 0xab, 0x52, 0xaa, 0x52, 0x8b, 0x52,
    0x8a, 0x52, 0x8a, 0x4a, 0x8a, 0x52, 0x8a, 0x52, 0x8a, 0x4a, 0x6a, 0x52,
    0x6a, 0x4a, 0x8a, 0x52, 0x6a, 0x4a, 0x6a, 0x4a, 0x6a, 0x4a, 0x6a, 0x4a,
    0x69, 0x4a, 0x4a, 0x4a, 0x4a, 0x4a, 0x69, 0x4a, 0x4a, 0x42, 0x49, 0x4a,
    0x49, 0x4a, 0x2a, 0x42, 0x29, 0x42, 0x29, 0x4a, 0x29, 0x42, 0x49, 0x42,
    0x29, 0x42, 0x29, 0x42, 0x29, 0x42, 0x28, 0x42, 0x28, 0x42, 0x29, 0x42,
    0x08, 0x42, 0x09, 0x42, 0x29, 0x42, 0x08, 0x42, 0x08, 0x42, 0x08, 0x3a,
    0x08, 0x42, 0x09, 0x42, 0x08, 0x42, 0x08, 0x3a, 0xe8, 0x39, 0xe8, 0x39,
    0x08, 0x42, 0xe8, 0x39, 0xe8, 0x39, 0xe8, 0x41, 0xe8, 0x39, 0x08, 0x3a,
    0xe8, 0x39, 0xe8, 0x39, 0xe8, 0x39, 0xe8, 0x39, 0xe8, 0x39, 0xe8, 0x39,
    0xe7, 0x39, 0xe7, 0x39, 0xc7, 0x39, 0xc8, 0x39, 0xe8, 0x39, 0xc7, 0x39,
    0xc7, 0x39, 0xc8, 0x39, 0xc8, 0x39, 0xe7, 0x39, 0xc7, 0x39, 0xc7, 0x39,
    0xc7, 0x31, 0xc7, 0x39, 0xc7, 0x39, 0xc7, 0x39, 0xc7, 0x39, 0xc7, 0x39,
    0xa7, 0x39, 0xc7, 0x39, 0xc7, 0x31, 0xc7, 0x31, 0xa7, 0x31, 0xa7, 0x39,
    0xa7, 0x31, 0xa7, 0x31, 0xc7, 0x39, 0xa7, 0x31, 0xa7, 0x31, 0xa7, 0x31,
    0xa6, 0x31, 0xa7, 0x31, 0xa6, 0x31, 0xa7, 0x31, 0xa6, 0x31, 0xa6, 0x31,
    0xa6, 0x31, 0xa6, 0x31, 0xa6, 0x31, 0xa7, 0x31, 0xa6, 0x31, 0xa7, 0x31,
    0xa6, 0x31, 0xa7, 0x31, 0xa7, 0x31, 0xa7, 0x31, 0xa7, 0x31, 0xa6, 0x31,
    0x86, 0x31, 0x86, 0x31, 0xa7, 0x31, 0x87, 0x31, 0xa7, 0x31, 0x86, 0x31,
    0xa7, 0x31, 0x86, 0x31, 0x86, 0x31, 0x86, 0x31, 0x87, 0x31, 0xa7, 0x31,
    0xaf, 0x73, 0xae, 0x73, 0x8f, 0x73, 0x8e, 0x73, 0xaf, 0x73, 0x8e, 0x6b,
    0x8e, 0x73, 0x8f, 0x73, 0x8f, 0x6b, 0x8e, 0x73, 0x8f, 0x6b, 0x8e, 0x6b,
    0x8e, 0x73, 0x6e, 0x6b, 0x6e, 0x6b, 0x6e, 0x6b, 0x6e, 0x6b, 0x6e, 0x6b,
    0x6e, 0x6b, 0x6e, 0x6b, 0x4e, 0x6b, 0x4d, 0x6b, 0x4e, 0x6b, 0x4e, 0x63,
    0x4d, 0x63, 0x4d, 0x63, 0x4d, 0x63, 0x2d, 0x6b, 0x2d, 0x63, 0x2d, 0x63,
    0x2d, 0x63, 0x2d, 0x63, 0x0d, 0x63, 0x0c, 0x63, 0x0c, 0x63, 0x0c, 0x63,
    0x0c, 0x5b, 0x0d, 0x5b, 0x0d, 0x5b, 0x0c, 0x63, 0x0c, 0x5b, 0xec, 0x5a,
    0xec, 0x62, 0xec, 0x5a, 0xec, 0x5a, 0xec, 0x5a, 0xec, 0x5a, 0xcb, 0x5a,
    0xec, 0x5a, 0xec, 0x5a, 0xcb, 0x52, 0xcc, 0x52, 0xcc, 0x52, 0xcb, 0x52,
    0xcc, 0x52, 0xcb, 0x5a, 0xab, 0x52, 0xab, 0x52, 0xab, 0x52, 0xab, 0x5a,
    0xab, 0x52, 0xab, 0x52, 0xaa, 0x52, 0x8b, 0x52, 0x8b, 0x52, 0x8a, 0x52,
    0x8a, 0x4a, 0x8a, 0x4a, 0x8a, 0x4a, 0x8a, 0x4a, 0x6a, 0x4a, 0x8a, 0x52,
    0x6a, 0x4a, 0x6a, 0x4a, 0x6a, 0x4a, 0x6a, 0x4a, 0x6a, 0x4a, 0x6a, 0x4a,
    0x6a, 0x4a, 0x4a, 0x4a, 0x69, 0x4a, 0x4a, 0x4a, 0x49, 0x4a, 0x49, 0x42,
    0x49, 0x4a, 0x49, 0x42, 0x49, 0x42, 0x29, 0x42, 0x29, 0x42, 0x29, 0x4a,
    0x29, 0x42, 0x29, 0x42, 0x29, 0x42, 0x29, 0x42, 0x29, 0x42, 0x29, 0x42,
    0x28, 0x42, 0x08, 0x42, 0x08, 0x42, 0x08, 0x42, 0x09, 0x42, 0x09, 0x42,
    0x08, 0x42, 0x08, 0x42, 0x08, 0x3a, 0x08, 0x42, 0xe8, 0x41, 0xe8, 0x41,
    0x08, 0x3a, 0xe8, 0x41, 0xe8, 0x39, 0x08, 0x3a, 0xe8, 0x39, 0xe8, 0x41,
    0xe8, 0x39, 0xe8, 0x39, 0x08, 0x42, 0xe8, 0x39, 0xe8, 0x39, 0xe8, 0x41,
    0xe7, 0x39, 0xe8, 0x39, 0xe8, 0x39, 0xe8, 0x39, 0xc7, 0x39, 0xe7, 0x39,
    0xc8, 0x39, 0xc7, 0x39, 0xc7, 0x39, 0xc7, 0x39, 0xc7, 0x31, 0xc7, 0x31,
    0xc8, 0x39, 0xc7, 0x39, 0xc8, 0x31, 0xc7, 0x39, 0xc7, 0x39, 0xa7, 0x31,
    0xa7, 0x31, 0xc7, 0x39, 0xc7, 0x31, 0xa7, 0x39, 0xa7, 0x31, 0xc7, 0x31,
    0xa7, 0x39, 0xa7, 0x39, 0xa7, 0x31, 0xa7, 0x31, 0xa7, 0x39, 0xa6, 0x39,
    0xa7, 0x31, 0xa7, 0x31, 0xa7, 0x31, 0xa6, 0x31, 0xa7, 0x31, 0xa7, 0x31,
    0xa7, 0x31, 0xa7, 0x39, 0xa7, 0x31, 0xa6, 0x31, 0xa7, 0x31, 0xa7, 0x31,
    0xa7, 0x31, 0xa6, 0x39, 0xa7, 0x31, 0xa6, 0x31, 0xa7, 0x31, 0xa7, 0x39,
    0xa6, 0x31, 0x87, 0x31, 0x86, 0x31, 0xa6, 0x31, 0x86, 0x31, 0x86, 0x31,
    0x86, 0x31, 0x87, 0x31, 0xa6, 0x31, 0x86, 0x31, 0x86, 0x31, 0xa6, 0x31,
    0xaf, 0x73, 0x8f, 0x73, 0x8f, 0x73, 0xae, 0x73, 0x8f, 0x73, 0x8e, 0x6b,
    0x8f, 0x6b, 0x8f, 0x6b, 0x8e, 0x73, 0x8e, 0x73, 0x8e, 0x6b, 0x8e, 0x6b,
    0x8f, 0x73, 0x6e, 0x6b, 0x6e, 0x6b, 0x6e, 0x6b, 0x8e, 0x6b, 0x6e, 0x6b,
    0x6e, 0x6b, 0x6e, 0x6b, 0x6e, 0x6b, 0x6e, 0x6b, 0x4e, 0x63, 0x4d, 0x6b,
    0x4d, 0x6b, 0x4e, 0x6b, 0x4d, 0x63, 0x2d, 0x63, 0x2d, 0x63, 0x2d, 0x63,
    0x2d, 0x63, 0x2d, 0x63, 0x2d, 0x63, 0x2c, 0x63, 0x0d, 0x63, 0x2d, 0x63,
    0x0c, 0x63, 0x0c, 0x63, 0x0c, 0x5b, 0x0c, 0x63, 0xec, 0x5a, 0x0d, 0x5b,
    0x0c, 0x5b, 0xec, 0x5a, 0xec, 0x5a, 0xec, 0x5a, 0xec, 0x5a, 0xec, 0x5a,
    0xcc, 0x5a, 0xcb, 0x5a, 0xcb, 0x5a, 0xcb, 0x52, 0xcb, 0x5a, 0xcb, 0x5a,
    0xcc, 0x52, 0xcb, 0x52, 0xab, 0x52, 0xab, 0x52, 0xab, 0x52, 0xab, 0x52,
    0xab, 0x52, 0xab, 0x52, 0xab, 0x52, 0xaa, 0x52, 0x8b, 0x52, 0x8b, 0x52,
    0x8a, 0x52, 0x8b, 0x52, 0x8b, 0x4a, 0x8a, 0x52, 0x8a, 0x4a, 0x6a, 0x4a,
    0x8a, 0x4a, 0x6a, 0x4a, 0x6a, 0x52, 0x6a, 0x4a, 0x6a, 0x4a, 0x6a, 0x4a,
    0x69, 0x4a, 0x49, 0x4a, 0x49, 0x4a, 0x49, 0x4a, 0x49, 0x4a, 0x4a, 0x4a,
    0x49, 0x42, 0x49, 0x42, 0x49, 0x4a, 0x29, 0x42, 0x49, 0x42, 0x29, 0x42,
    0x29, 0x42, 0x29, 0x42, 0x29, 0x42, 0x29, 0x42, 0x29, 0x4a, 0x29, 0x42,
    0x28, 0x42, 0x29, 0x42, 0x29, 0x42, 0x08, 0x42, 0x08, 0x42, 0x08, 0x42,
    0x28, 0x42, 0x09, 0x3a, 0x08, 0x3a, 0x08, 0x3a, 0x08, 0x42, 0x08, 0x3a,
    0xe8, 0x41, 0xe8, 0x39, 0xe8, 0x39, 0x08, 0x3a, 0x08, 0x42, 0xe8, 0x39,
    0xe8, 0x41, 0xe8, 0x41, 0xe8, 0x39, 0x08, 0x3a, 0xe8, 0x39, 0xe7, 0x39,
    0xe8, 0x39, 0xe8, 0x39, 0xe8, 0x39, 0xe7, 0x39, 0xe7, 0x39, 0xc8, 0x39,
    0xe8, 0x39, 0xc7, 0x39, 0xe7, 0x39, 0xc8, 0x39, 0xc8, 0x39, 0xc7, 0x39,
    0xc7, 0x31, 0xc7, 0x39, 0xc7, 0x39, 0xc7, 0x31, 0xc7, 0x31, 0xc7, 0x31,
    0xc7, 0x31, 0xc8, 0x39, 0xa7, 0x31, 0xa7, 0x39, 0xa7, 0x39, 0xc7, 0x31,
    0xa7, 0x31, 0xa7, 0x31, 0xc7, 0x31, 0xa7, 0x31, 0xa7, 0x31, 0xc7, 0x31,
    0xa7, 0x31, 0xa6, 0x39, 0xa7, 0x31, 0xa7, 0x31, 0xa7, 0x39, 0xa7, 0x39,
    0xa7, 0x31, 0xa7, 0x31, 0xa7, 0x39, 0xa6, 0x31, 0xa7, 0x31, 0xa7, 0x39,
    0xa7, 0x39, 0xa7, 0x31, 0xa6, 0x31, 0xa7, 0x31, 0xa6, 0x31, 0xa7, 0x31,
    0xa7, 0x31, 0xa6, 0x31, 0xa7, 0x31, 0xa7, 0x31, 0x86, 0x31, 0xa7, 0x31,
    0xa7, 0x31, 0xa6, 0x31, 0x87, 0x31, 0x87, 0x31, 0xa6, 0x31, 0xa7, 0x31,
    0xaf, 0x73, 0xaf, 0x73, 0x8f, 0x6b, 0xaf, 0x6b, 0xae, 0x73, 0x8f, 0x73,
    0x8e, 0x73, 0x8e, 0x73, 0x8e, 0x6b, 0x8f, 0x73, 0x8f, 0x6b, 0x8e, 0x73,
    0x8e, 0x6b, 0x6e, 0x6b, 0x6e, 0x6b, 0x6e, 0x6b, 0x6e, 0x6b, 0x6e, 0x6b,
    0x6e, 0x6b, 0x6e, 0x6b, 0x6e, 0x6b, 0x4d, 0x6b, 0x4d, 0x6b, 0x4d, 0x63,
    0x4d, 0x63, 0x4d, 0x63, 0x2e, 0x6b, 0x4d, 0x63, 0x2d, 0x63, 0x4e, 0x63,
    0x2d, 0x63, 0x2d, 0x63, 0x2d, 0x63, 0x2d, 0x63, 0x2d, 0x63, 0x2d, 0x63,
    0x0c, 0x5b, 0x0c, 0x5b, 0x0d, 0x63, 0x0c, 0x5b, 0x0c, 0x5b, 0xec, 0x62,
    0xec, 0x5a, 0xec, 0x5a, 0xec, 0x62, 0x0c, 0x5b, 0xec, 0x5a, 0xec, 0x5a,
    0xec, 0x5a, 0xcb, 0x5a, 0xec, 0x5a, 0xcb, 0x5a, 0xcb, 0x5a, 0xcc, 0x5a,
    0xcb, 0x5a, 0xab, 0x5a, 0xcb, 0x52, 0xab, 0x52, 0xab, 0x52, 0xab, 0x52,
    0xab, 0x52, 0xab, 0x52, 0xab, 0x52, 0xab, 0x52, 0x8a, 0x52, 0xaa, 0x52,
    0xab, 0x52, 0x8b, 0x52, 0x8a, 0x52, 0x8a, 0x52, 0x8a, 0x52, 0x8a, 0x4a,
    0x6a, 0x52, 0x6a, 0x4a, 0x6a, 0x4a, 0x6a, 0x4a, 0x6a, 0x4a, 0x6a, 0x4a,
    0x6a, 0x4a, 0x6a, 0x4a, 0x69, 0x4a, 0x49, 0x4a, 0x4a, 0x4a, 0x69, 0x4a,
    0x4a, 0x42, 0x49, 0x4a, 0x49, 0x4a, 0x49, 0x42, 0x29, 0x4a, 0x49, 0x42,
    0x29, 0x42, 0x29, 0x4a, 0x29, 0x42, 0x29, 0x42, 0x29, 0x42, 0x29, 0x42,
    0x29, 0x42, 0x29, 0x42, 0x29, 0x42, 0x29, 0x42, 0x08, 0x42, 0x09, 0x42,
    0x08, 0x42, 0x08, 0x42, 0x08, 0x3a, 0x08, 0x42, 0x08, 0x3a, 0x08, 0x3a,
    0x08, 0x3a, 0xe8, 0x39, 0x08, 0x42, 0x08, 0x42, 0xe8, 0x39, 0x08, 0x42,
    0x08, 0x3a, 0xe8, 0x39, 0x08, 0x3a, 0xe8, 0x39, 0xe8, 0x41, 0xe8, 0x39,
    0xe8, 0x39, 0xe8, 0x41, 0xe7, 0x39, 0xe7, 0x39, 0xe8, 0x39, 0xc7, 0x39,
    0xc7, 0x39, 0xe8, 0x39, 0xe8, 0x39, 0xc7, 0x39, 0xc7, 0x39, 0xe8, 0x39,
    0xc7, 0x39, 0xc8, 0x31, 0xc7, 0x39, 0xc7, 0x39, 0xc7, 0x39, 0xc8, 0x39,
    0xc7, 0x39, 0xc7, 0x39, 0xc7, 0x31, 0xc7, 0x31, 0xc7, 0x39, 0xa7, 0x39,
    0xa7, 0x31, 0xc7, 0x39, 0xa7, 0x39, 0xa7, 0x31, 0xa7, 0x39, 0xa7, 0x31,
    0xa7, 0x31, 0xa7, 0x31, 0xa7, 0x31, 0xc7, 0x39, 0xa6, 0x31, 0xa7, 0x31,
    0xc6, 0x31, 0xa6, 0x31, 0xa7, 0x31, 0xa7, 0x39, 0xa7, 0x31, 0xa6, 0x31,
    0xa7, 0x31, 0xa7, 0x31, 0xa7, 0x39, 0xa7, 0x31, 0xa7, 0x31, 0xa6, 0x31,
    0xa6, 0x31, 0xa7, 0x31, 0xa7, 0x31, 0xa6, 0x39, 0x87, 0x31, 0xa7, 0x31,
    0xa6, 0x31, 0x86, 0x31, 0xa7, 0x31, 0xa7, 0x31, 0x87, 0x31, 0xa7, 0x31,
    0xaf, 0x73, 0x8e, 0x73, 0x8e, 0x73, 0xae, 0x73, 0x8f, 0x73, 0xae, 0x6b,
    0x8f, 0x73, 0x8e, 0x6b, 0x8e, 0x6b, 0x8f, 0x6b, 0x8e, 0x6b, 0x8e, 0x73,
    0x8e, 0x6b, 0x8e, 0x6b, 0x6e, 0x73, 0x8e, 0x6b, 0x6e, 0x73, 0x6e, 0x6b,
    0x6e, 0x6b, 0x6e, 0x6b, 0x6e, 0x6b, 0x6e, 0x6b, 0x6d, 0x6b, 0x4d, 0x6b,
    0x4e, 0x63, 0x4d, 0x63, 0x4d, 0x63, 0x2d, 0x63, 0x4d, 0x63, 0x4d, 0x6b,
    0x2d, 0x63, 0x2d, 0x63, 0x2d, 0x63, 0x2d, 0x63, 0x0d, 0x63, 0x0c, 0x63,
    0x0d, 0x63, 0x0d, 0x5b, 0x0c, 0x63, 0x0c, 0x5b, 0x0c, 0x5b, 0xec, 0x62,
    0x0c, 0x63, 0x0c, 0x5b, 0xec, 0x5a, 0xec, 0x5a, 0xec, 0x5a, 0xec, 0x5a,
    0xec, 0x5a, 0xec, 0x5a, 0xcc, 0x5a, 0xec, 0x5a, 0xcc, 0x5a, 0xcb, 0x52,
    0xcb, 0x52, 0xcb, 0x52, 0xab, 0x52, 0xab, 0x5a, 0xab, 0x52, 0xab, 0x52,
    0xab, 0x52, 0xab, 0x52, 0xab, 0x52, 0xab, 0x52, 0xaa, 0x52, 0x8b, 0x52,
    0x8a, 0x52, 0x8a, 0x52, 0xaa, 0x4a, 0x8a, 0x4a, 0x8b, 0x52, 0x6a, 0x4a,
    0x8a, 0x4a, 0x6a, 0x4a, 0x6a, 0x4a, 0x8a, 0x52, 0x6a, 0x4a, 0x8a, 0x52,
    0x6a, 0x4a, 0x6a, 0x4a, 0x6a, 0x4a, 0x4a, 0x4a, 0x6a, 0x4a, 0x49, 0x4a,
    0x49, 0x4a, 0x49, 0x42, 0x4a, 0x42, 0x49, 0x4a, 0x29, 0x42, 0x29, 0x4a,
    0x29, 0x42, 0x29, 0x42, 0x29, 0x42, 0x29, 0x42, 0x29, 0x42, 0x29, 0x42,
    0x29, 0x42, 0x29, 0x42, 0x28, 0x42, 0x28, 0x42, 0x09, 0x42, 0x28, 0x42,
    0x09, 0x42, 0x08, 0x42, 0x08, 0x42, 0x29, 0x42, 0x08, 0x42, 0x09, 0x42,
    0x08, 0x42, 0x08, 0x3a, 0xe8, 0x39, 0xe8, 0x41, 0xe8, 0x39, 0xe8, 0x39,
    0x08, 0x3a, 0xe8, 0x39, 0xe8, 0x39, 0xe8, 0x41, 0x08, 0x3a, 0xe8, 0x39,
    0xe8, 0x39, 0xe7, 0x39, 0xe8, 0x39, 0xe8, 0x39, 0xe8, 0x39, 0xe8, 0x39,
    0xe8, 0x39, 0xc7, 0x39, 0xc8, 0x39, 0xc7, 0x39, 0xc7, 0x39, 0xc7, 0x39,
    0xc8, 0x39, 0xc7, 0x39, 0xe8, 0x31, 0xc7, 0x31, 0xc7, 0x39, 0xc7, 0x39,
    0xc7, 0x39, 0xc7, 0x39, 0xc7, 0x31, 0xc7, 0x39, 0xc7, 0x31, 0xa7, 0x31,
    0xa7, 0x39, 0xc7, 0x31, 0xa7, 0x31, 0xa7, 0x39, 0xa7, 0x31, 0xa7, 0x31,
    0xa7, 0x39, 0xa7, 0x31, 0xa7, 0x39, 0xa7, 0x31, 0xc7, 0x31, 0xa7, 0x31,
    0xa7, 0x39, 0xa7, 0x31, 0xa7, 0x31, 0xa6, 0x31, 0xa7, 0x31, 0xa7, 0x39,
    0xa6, 0x31, 0xa7, 0x31, 0xa7, 0x31, 0xa6, 0x31, 0xa7, 0x39, 0xa7, 0x31,
    0xa7, 0x39, 0xa7, 0x31, 0xa6, 0x31, 0xa7, 0x31, 0x86, 0x31, 0x86, 0x31,
    0x87, 0x31, 0x87, 0x31, 0xa6, 0x31, 0x86, 0x31, 0x86, 0x31, 0x86, 0x31,
    0xaf, 0x73, 0xaf, 0x73, 0xaf, 0x73, 0xaf, 0x73, 0x8f, 0x73, 0x8f, 0x73,
    0x8e, 0x6b, 0x8f, 0x6b, 0x8e, 0x73, 0x8e, 0x73, 0x8e, 0x6b, 0x8f, 0x73,
    0x8f, 0x6b, 0x8f, 0x73, 0x8f, 0x6b, 0x8e, 0x73, 0x6e, 0x6b, 0x6e, 0x6b,
    0x6e, 0x6b, 0x6e, 0x6b, 0x6e, 0x6b, 0x6e, 0x6b, 0x4e, 0x6b, 0x4e, 0x6b,
    0x4e, 0x6b, 0x4d, 0x6b, 0x4d, 0x63, 0x4d, 0x63, 0x2d, 0x6b, 0x2d, 0x63,
    0x2d, 0x63, 0x2d, 0x63, 0x2d, 0x63, 0x2d, 0x63, 0x2d, 0x63, 0x0c, 0x63,
    0x0c, 0x63, 0x0c, 0x5b, 0x0d, 0x5b, 0x0c, 0x63, 0x0d, 0x63, 0x0c, 0x5b,
    0x0c, 0x5b, 0xec, 0x5a, 0xec, 0x5a, 0xec, 0x62, 0xec, 0x5a, 0xec, 0x5a,
    0xec, 0x5a, 0xec, 0x5a, 0xcb, 0x5a, 0xcb, 0x5a, 0xcc, 0x52, 0xcb, 0x52,
    0xcb, 0x52, 0xcb, 0x52, 0xcc, 0x52, 0xab, 0x5a, 0xcb, 0x52, 0xcb, 0x52,
    0xab, 0x52, 0xab, 0x52, 0xab, 0x52, 0xab, 0x52, 0xab, 0x52, 0x8b, 0x52,
    0x8b, 0x52, 0x8b, 0x52, 0x8a, 0x4a, 0x8a, 0x4a, 0x8a, 0x4a, 0x6a, 0x4a,
    0x6a, 0x52, 0x8a, 0x52, 0x6a, 0x4a, 0x6a, 0x4a, 0x6a, 0x4a, 0x6a, 0x4a,
    0x6a, 0x4a, 0x69, 0x4a, 0x4a, 0x4a, 0x6a, 0x4a, 0x49, 0x4a, 0x49, 0x4a,
    0x49, 0x42, 0x49, 0x42, 0x49, 0x4a, 0x49, 0x42, 0x4a, 0x42, 0x49, 0x42,
    0x49, 0x42, 0x49, 0x4a, 0x29, 0x42, 0x49, 0x4a, 0x29, 0x42, 0x49, 0x42,
    0x49, 0x4a, 0x29, 0x42, 0x29, 0x42, 0x29, 0x42, 0x09, 0x42, 0x28, 0x42,
    0x28, 0x42, 0x09, 0x42, 0x08, 0x42, 0x09, 0x42, 0x08, 0x3a, 0x08, 0x3a,
    0x08, 0x42, 0x08, 0x42, 0xe8, 0x39, 0x08, 0x3a, 0x08, 0x42, 0x08, 0x3a,
    0xe8, 0x41, 0xe8, 0x41, 0xe8, 0x39, 0xe8, 0x39, 0xe8, 0x39, 0x08, 0x3a,
    0xe8, 0x39, 0xe8, 0x39, 0xe8, 0x39, 0xe8, 0x39, 0xe7, 0x39, 0xe8, 0x39,
    0xe8, 0x39, 0xe7, 0x39, 0xc7, 0x39, 0xc7, 0x39, 0xe8, 0x39, 0xe7, 0x39,
    0xc7, 0x39, 0xe8, 0x39, 0xc7, 0x39, 0xc7, 0x39, 0xc7, 0x31, 0xc7, 0x31,
    0xc7, 0x31, 0xc7, 0x31, 0xc8, 0x39, 0xc7, 0x39, 0xc7, 0x31, 0xc7, 0x31,
    0xc7, 0x39, 0xa7, 0x31, 0xa7, 0x31, 0xc7, 0x31, 0xc7, 0x31, 0xc7, 0x39,
    0xc7, 0x39, 0xc7, 0x39, 0xa7, 0x31, 0xa7, 0x31, 0xa7, 0x31, 0xc7, 0x39,
    0xa7, 0x31, 0xc7, 0x31, 0xa7, 0x39, 0xa7, 0x31, 0xc6, 0x31, 0xa7, 0x31,
    0xa7, 0x31, 0xa7, 0x39, 0xa6, 0x31, 0xa7, 0x31, 0xc7, 0x31, 0xa7, 0x31,
    0xa7, 0x31, 0xa6, 0x31, 0xa7, 0x31, 0xa6, 0x31, 0xa7, 0x31, 0xa7, 0x31,
    0xa6, 0x31, 0x86, 0x31, 0x87, 0x31, 0xa6, 0x31, 0xa6, 0x31, 0xa7, 0x31,
    0xaf, 0x73, 0xaf, 0x73, 0xaf, 0x73, 0xaf, 0x73, 0xae, 0x73, 0x8f, 0x6b,
    0x8f, 0x73, 0xae, 0x73, 0x8f, 0x73, 0x8f, 0x73, 0x8f, 0x73, 0x8f, 0x73,
    0x8e, 0x6b, 0x8e, 0x6b, 0x8e, 0x6b, 0x6e, 0x6b, 0x6e, 0x6b, 0x6e, 0x6b,
    0x6e, 0x6b, 0x8e, 0x6b, 0x6e, 0x6b, 0x6e, 0x6b, 0x4e, 0x6b, 0x6e, 0x6b,
    0x4d, 0x63, 0x4e, 0x6b, 0x4d, 0x6b, 0x4d, 0x63, 0x4e, 0x6b, 0x2d, 0x63,
    0x2d, 0x63, 0x2d, 0x63, 0x2d, 0x63, 0x2d, 0x63, 0x2d, 0x63, 0x2d, 0x63,
    0x0c, 0x63, 0x0c, 0x63, 0x0c, 0x5b, 0x0d, 0x63, 0x0c, 0x5b, 0x0d, 0x5b,
    0x0c, 0x5b, 0x0c, 0x63, 0x0c, 0x5b, 0xec, 0x5a, 0xec, 0x62, 0xec, 0x5a,
    0xec, 0x5a, 0xec, 0x5a, 0xec, 0x5a, 0xeb, 0x5a, 0xcb, 0x5a, 0xcb, 0x5a,
    0xcb, 0x5a, 0xcc, 0x5a, 0xcb, 0x52, 0xcb, 0x52, 0xab, 0x52, 0xcc, 0x52,
    0xab, 0x5a, 0xab, 0x52, 0xab, 0x52, 0xab, 0x52, 0xab, 0x52, 0xaa, 0x52,
    0xaa, 0x52, 0xab, 0x52, 0x8b, 0x52, 0x8a, 0x52, 0x8a, 0x52, 0x6a, 0x4a,
    0x8a, 0x52, 0x6b, 0x4a, 0x6a, 0x4a, 0x8a, 0x4a, 0x6a, 0x4a, 0x6a, 0x4a,
    0x6a, 0x4a, 0x6a, 0x4a, 0x69, 0x4a, 0x49, 0x4a, 0x69, 0x4a, 0x4a, 0x4a,
    0x4a, 0x42, 0x49, 0x4a, 0x4a, 0x4a, 0x49, 0x42, 0x49, 0x4a, 0x49, 0x42,
    0x29, 0x4a, 0x49, 0x42, 0x49, 0x42, 0x29, 0x42, 0x29, 0x4a, 0x29, 0x42,
    0x29, 0x42, 0x29, 0x4a, 0x29, 0x42, 0x28, 0x42, 0x28, 0x42, 0x09, 0x42,
    0x09, 0x42, 0x09, 0x42, 0x08, 0x42, 0x08, 0x42, 0x08, 0x3a, 0x08, 0x42,
    0x08, 0x3a, 0x08, 0x3a, 0x09, 0x42, 0xe8, 0x41, 0x08, 0x3a, 0x08, 0x3a,
    0xe8, 0x41, 0x08, 0x3a, 0x08, 0x3a, 0xe8, 0x41, 0xe8, 0x39, 0xe8, 0x41,
    0xe8, 0x41, 0xe8, 0x39, 0xe8, 0x39, 0xe7, 0x39, 0xe7, 0x39, 0xe8, 0x41,
    0xe7, 0x39, 0xe7, 0x39, 0xe8, 0x39, 0xe8, 0x39, 0xc8, 0x39, 0xc8, 0x39,
    0xc7, 0x39, 0xc7, 0x39, 0xc7, 0x39, 0xc8, 0x39, 0xc8, 0x39, 0xc7, 0x39,
    0xc7, 0x39, 0xc8, 0x39, 0xc7, 0x31, 0xc8, 0x39, 0xc7, 0x39, 0xc7, 0x39,
    0xc7, 0x39, 0xc7, 0x31, 0xa7, 0x39, 0xa7, 0x39, 0xc7, 0x39, 0xa7, 0x31,
    0xc7, 0x31, 0xa7, 0x31, 0xc7, 0x31, 0xa7, 0x39, 0xa7, 0x39, 0xa7, 0x39,
    0xa7, 0x31, 0xa7, 0x31, 0xa7, 0x39, 0xc7, 0x31, 0xa7, 0x31, 0xa7, 0x39,
    0xc7, 0x31, 0xa7, 0x39, 0xa7, 0x31, 0xa7, 0x39, 0xa7, 0x31, 0xa6, 0x31,
    0xa6, 0x39, 0xa7, 0x31, 0xa6, 0x31, 0xa7, 0x31, 0xa7, 0x31, 0xa6, 0x31,
    0xa6, 0x31, 0xa7, 0x31, 0xa7, 0x39, 0xa7, 0x31, 0xa7, 0x31, 0xa7, 0x31,
    0xaf, 0x73, 0xaf, 0x73, 0xaf, 0x73, 0xaf, 0x73, 0xaf, 0x73, 0xae, 0x73,
    0x8f, 0x6b, 0x8e, 0x6b, 0x8e, 0x6b, 0x8f, 0x73, 0x8e, 0x6b, 0x8e, 0x6b,
    0x8e, 0x73, 0x8e, 0x73, 0x8e, 0x73, 0x6e, 0x6b, 0x8e, 0x6b, 0x6e, 0x6b,
    0x6f, 0x73, 0x6e, 0x6b, 0x6e, 0x6b, 0x6e, 0x6b, 0x6d, 0x6b, 0x4d, 0x6b,
    0x4d, 0x63, 0x4d, 0x6b, 0x4e, 0x63, 0x4d, 0x63, 0x4d, 0x63, 0x4d, 0x6b,
    0x4d, 0x63, 0x2d, 0x63, 0x2d, 0x63, 0x2d, 0x63, 0x2d, 0x63, 0x2d, 0x63,
    0x0d, 0x63, 0x2d, 0x63, 0x0c, 0x63, 0x0c, 0x5b, 0x0d, 0x63, 0x0c, 0x63,
    0x0d, 0x63, 0x0c, 0x63, 0xed, 0x5a, 0x0c, 0x5b, 0x0c, 0x5b, 0xec, 0x5a,
    0xec, 0x5a, 0xec, 0x5a, 0xec, 0x5a, 0xec, 0x5a, 0xcb, 0x5a, 0xcb, 0x5a,
    0xcc, 0x52, 0xcb, 0x5a, 0xcb, 0x5a, 0xcb, 0x52, 0xcb, 0x5a, 0xab, 0x52,
    0xab, 0x52, 0xcb, 0x5a, 0xab, 0x52, 0xab, 0x52, 0xab, 0x52, 0xab, 0x52,
    0x8b, 0x52, 0xaa, 0x52, 0x8a, 0x52, 0x8b, 0x52, 0x8a, 0x4a, 0x8a, 0x4a,
    0x8a, 0x4a, 0x8a, 0x4a, 0x8a, 0x52, 0x6a, 0x4a, 0x6a, 0x52, 0x8a, 0x52,
    0x6a, 0x4a, 0x6a, 0x4a, 0x6a, 0x4a, 0x4a, 0x4a, 0x49, 0x4a, 0x69, 0x4a,
    0x4a, 0x4a, 0x49, 0x4a, 0x49, 0x4a, 0x4a, 0x4a, 0x49, 0x4a, 0x49, 0x4a,
    0x29, 0x42, 0x29, 0x42, 0x29, 0x42, 0x49, 0x4a, 0x29, 0x42, 0x29, 0x42,
    0x29, 0x42, 0x29, 0x42, 0x29, 0x42, 0x29, 0x42, 0x29, 0x42, 0x29, 0x42,
    0x08, 0x42, 0x08, 0x42, 0x29, 0x42, 0x08, 0x42, 0x09, 0x42, 0x08, 0x42,
    0x08, 0x42, 0x08, 0x3a, 0x08, 0x42, 0xe8, 0x39, 0xe8, 0x41, 0xe8, 0x39,
    0x08, 0x3a, 0x08, 0x3a, 0xe8, 0x41, 0x08, 0x42, 0xe8, 0x39, 0xe8, 0x39,
    0xe8, 0x39, 0xe8, 0x39, 0xe8, 0x41, 0x08, 0x3a, 0xe8, 0x39, 0xe8, 0x39,
    0xe8, 0x39, 0xe8, 0x39, 0xe8, 0x39, 0xe8, 0x39, 0xc7, 0x39, 0xe7, 0x39,
    0xc8, 0x39, 0xc8, 0x39, 0xe7, 0x39, 0xe7, 0x39, 0xc8, 0x39, 0xc7, 0x31,
    0xe8, 0x39, 0xc7, 0x39, 0xc7, 0x31, 0xc7, 0x39, 0xc8, 0x31, 0xc7, 0x31,
    0xc7, 0x39, 0xc7, 0x39, 0xc7, 0x31, 0xc7, 0x31, 0xa7, 0x31, 0xa7, 0x39,
    0xa7, 0x31, 0xc7, 0x31, 0xa7, 0x39, 0xc7, 0x31, 0xa7, 0x31, 0xa7, 0x31,
    0xa7, 0x39, 0xa7, 0x31, 0xa7, 0x39, 0xa7, 0x31, 0xa7, 0x39, 0xa7, 0x39,
    0xc7, 0x31, 0xc7, 0x31, 0xc7, 0x31, 0xa7, 0x39, 0xa7, 0x31, 0xc7, 0x39,
    0xa7, 0x31, 0xa7, 0x31, 0xa7, 0x39, 0xa7, 0x31, 0xa6, 0x31, 0xa7, 0x31,
    0xa7, 0x31, 0xa7, 0x31, 0xa6, 0x31, 0xa7, 0x31, 0xa6, 0x31, 0xa7, 0x31,
    0xaf, 0x73, 0xaf, 0x73, 0xaf, 0x73, 0xaf, 0x73, 0x8f, 0x73, 0x8f, 0x73,
    0x8e, 0x73, 0xaf, 0x73, 0x8f, 0x73, 0x8e, 0x6b, 0x8e, 0x6b, 0x8e, 0x73,
    0x8f, 0x6b, 0x8f, 0x6b, 0x8e, 0x6b, 0x8e, 0x73, 0x6e, 0x6b, 0x8e, 0x73,
    0x6e, 0x6b, 0x6e, 0x6b, 0x6e, 0x6b, 0x6e, 0x6b, 0x6e, 0x6b, 0x4e, 0x6b,
    0x4e, 0x6b, 0x4d, 0x63, 0x4d, 0x6b, 0x4e, 0x6b, 0x4d, 0x63, 0x2d, 0x63,
    0x2d, 0x6b, 0x4d, 0x63, 0x2d, 0x63, 0x2d, 0x63, 0x2d, 0x63, 0x2d, 0x63,
    0x2d, 0x63, 0x0c, 0x63, 0x0d, 0x63, 0x0d, 0x63, 0x0c, 0x5b, 0x0c, 0x5b,
    0x0c, 0x63, 0x0c, 0x5b, 0xec, 0x5a, 0x0c, 0x63, 0xec, 0x5a, 0xec, 0x5a,
    0xec, 0x5a, 0xec, 0x5a, 0xec, 0x5a, 0xec, 0x5a, 0xec, 0x5a, 0xec, 0x5a,
    0xec, 0x5a, 0xcb, 0x52, 0xcb, 0x52, 0xcb, 0x5a, 0xcb, 0x52, 0xab, 0x52,
    0xcb, 0x5a, 0xab, 0x52, 0xab, 0x52, 0xcb, 0x52, 0xab, 0x52, 0xab, 0x52,
    0x8a, 0x52, 0x8b, 0x52, 0x8a, 0x52, 0x8a, 0x4a, 0x8a, 0x4a, 0x8a, 0x52,
    0x6a, 0x52, 0x6a, 0x4a, 0x6a, 0x4a, 0x8a, 0x4a, 0x6a, 0x4a, 0x6a, 0x4a,
    0x6a, 0x4a, 0x6a, 0x4a, 0x6a, 0x4a, 0x6a, 0x4a, 0x69, 0x4a, 0x4a, 0x4a,
    0x49, 0x4a, 0x49, 0x4a, 0x4a, 0x42, 0x69, 0x42, 0x49, 0x4a, 0x49, 0x42,
    0x49, 0x42, 0x49, 0x4a, 0x49, 0x42, 0x29, 0x42, 0x29, 0x42, 0x49, 0x42,
    0x29, 0x4a, 0x29, 0x42, 0x29, 0x42, 0x29, 0x42, 0x28, 0x42, 0x29, 0x42,
    0x29, 0x42, 0x28, 0x42, 0x08, 0x42, 0x29, 0x42, 0x08, 0x42, 0x08, 0x3a,
    0x09, 0x3a, 0x08, 0x42, 0x08, 0x3a, 0x08, 0x42, 0x09, 0x3a, 0xe8, 0x41,
    0xe8, 0x41, 0xe8, 0x39, 0xe8, 0x39, 0xe8, 0x39, 0x08, 0x3a, 0xe8, 0x39,
    0xe8, 0x39, 0xe8, 0x39, 0xe8, 0x39, 0xe8, 0x39, 0xe8, 0x41, 0xe8, 0x39,
    0xe7, 0x39, 0xe8, 0x39, 0xe8, 0x39, 0xe7, 0x39, 0xe7, 0x39, 0xc7, 0x39,
    0xe8, 0x39, 0xe8, 0x39, 0xe7, 0x39, 0xc7, 0x39, 0xc7, 0x39, 0xc7, 0x39,
    0xc8, 0x39, 0xe7, 0x39, 0xc7, 0x39, 0xc7, 0x39, 0xc7, 0x31, 0xc7, 0x39,
    0xc8, 0x31, 0xc7, 0x31, 0xc8, 0x39, 0xc7, 0x39, 0xc7, 0x31, 0xc7, 0x39,
    0xc7, 0x31, 0xa7, 0x39, 0xa7, 0x39, 0xc7, 0x31, 0xa7, 0x31, 0xc7, 0x39,
    0xc7, 0x31, 0xc7, 0x31, 0xc7, 0x31, 0xa7, 0x31, 0xc7, 0x31, 0xc7, 0x31,
    0xa7, 0x31, 0xa7, 0x39, 0xa7, 0x31, 0xa7, 0x31, 0xa7, 0x31, 0xa7, 0x31,
    0xa7, 0x31, 0xa7, 0x31, 0xa7, 0x31, 0xa6, 0x31, 0xa7, 0x39, 0xa7, 0x39,
    0xa7, 0x31, 0xa6, 0x31, 0xa7, 0x31, 0xa6, 0x39, 0xa7, 0x31, 0xa7, 0x39,
    0xaf, 0x73, 0xaf, 0x73, 0xaf, 0x73, 0xaf, 0x73, 0xae, 0x73, 0x8e, 0x73,
    0xaf, 0x73, 0xae, 0x73, 0xaf, 0x73, 0xaf, 0x73, 0xaf, 0x73, 0x8f, 0x73,
    0x8f, 0x6b, 0x8e, 0x6b, 0x8e, 0x6b, 0x8f, 0x6b, 0x8e, 0x6b, 0x6e, 0x6b,
    0x6e, 0x6b, 0x6e, 0x6b, 0x6e, 0x6b, 0x6e, 0x6b, 0x6e, 0x6b, 0x6e, 0x6b,
    0x6d, 0x6b, 0x4e, 0x6b, 0x4e, 0x63, 0x4d, 0x63, 0x4d, 0x6b, 0x4d, 0x63,
    0x4e, 0x63, 0x2d, 0x63, 0x2d, 0x63, 0x2d, 0x63, 0x2d, 0x63, 0x2d, 0x63,
    0x2d, 0x63, 0x2d, 0x63, 0x2c, 0x63, 0x0d, 0x63, 0x2c, 0x5b, 0x0c, 0x63,
    0x0d, 0x5b, 0x0c, 0x5b, 0x0c, 0x63, 0xec, 0x5a, 0xec, 0x5a, 0xec, 0x5a,
    0x0c, 0x5b, 0xec, 0x62, 0xec, 0x5a, 0xec, 0x5a, 0xec, 0x5a, 0xcb, 0x5a,
    0xcc, 0x5a, 0xcc, 0x5a, 0xcc, 0x52, 0xcb, 0x5a, 0xcc, 0x52, 0xcb, 0x52,
    0xab, 0x52, 0xab, 0x52, 0xab, 0x52, 0xab, 0x52, 0xab, 0x52, 0xab, 0x52,
    0xaa, 0x52, 0x8b, 0x52, 0xab, 0x52, 0x8a, 0x4a, 0x8b, 0x52, 0x8a, 0x4a,
    0x8a, 0x4a, 0x8b, 0x52, 0x6a, 0x4a, 0x8a, 0x4a, 0x6a, 0x52, 0x6a, 0x4a,
    0x6a, 0x4a, 0x6a, 0x4a, 0x6a, 0x4a, 0x69, 0x4a, 0x4a, 0x4a, 0x4a, 0x4a,
    0x6a, 0x4a, 0x49, 0x4a, 0x49, 0x4a, 0x49, 0x42, 0x49, 0x42, 0x49, 0x42,
    0x4a, 0x42, 0x49, 0x4a, 0x49, 0x4a, 0x29, 0x42, 0x29, 0x42, 0x29, 0x42,
    0x29, 0x42, 0x29, 0x42, 0x29, 0x42, 0x28, 0x42, 0x28, 0x42, 0x29, 0x42,
    0x29, 0x42, 0x28, 0x42, 0x09, 0x42, 0x08, 0x42, 0x08, 0x42, 0x08, 0x42,
    0x08, 0x42, 0x08, 0x3a, 0x08, 0x42, 0x08, 0x3a, 0x08, 0x42, 0x08, 0x3a,
    0x08, 0x42, 0x08, 0x3a, 0x08, 0x42, 0x08, 0x42, 0xe8, 0x39, 0x08, 0x3a,
    0x08, 0x42, 0xe8, 0x41, 0xe8, 0x39, 0xe8, 0x39, 0xe8, 0x39, 0xe8, 0x39,
    0xe8, 0x39, 0xe7, 0x41, 0xe8, 0x39, 0xe7, 0x39, 0xc8, 0x39, 0xc8, 0x39,
    0xe7, 0x39, 0xe7, 0x39, 0xc8, 0x39, 0xc8, 0x39, 0xe8, 0x39, 0xc7, 0x39,
    0xc7, 0x39, 0xc7, 0x31, 0xc7, 0x31, 0xc8, 0x39, 0xc7, 0x39, 0xc7, 0x39,
    0xc7, 0x39, 0xc7, 0x39, 0xc7, 0x39, 0xc7, 0x39, 0xc7, 0x39, 0xc7, 0x31,
    0xc8, 0x31, 0xc7, 0x31, 0xc7, 0x39, 0xa7, 0x31, 0xa7, 0x39, 0xa7, 0x31,
    0xa7, 0x31, 0xc7, 0x39, 0xa7, 0x39, 0xc7, 0x31, 0xc7, 0x39, 0xa7, 0x39,
    0xa7, 0x39, 0xa7, 0x39, 0xc7, 0x39, 0xc7, 0x39, 0xa7, 0x31, 0xa7, 0x39,
    0xa7, 0x39, 0xc7, 0x31, 0xa6, 0x31, 0xa7, 0x31, 0xa7, 0x31, 0xa6, 0x31,
    0xa6, 0x31, 0xa7, 0x39, 0xa7, 0x31, 0xa7, 0x31, 0xa7, 0x31, 0xa6, 0x31,
    0xaf, 0x73, 0xaf, 0x73, 0xaf, 0x73, 0xaf, 0x73, 0xaf, 0x73, 0xaf, 0x73,
    0xaf, 0x73, 0x8f, 0x6b, 0x8e, 0x73, 0x8e, 0x6b, 0xaf, 0x73, 0x8f, 0x73,
    0xae, 0x73, 0x8e, 0x73, 0x8e, 0x73, 0x8f, 0x6b, 0x8e, 0x73, 0x8e, 0x6b,
    0x8e, 0x6b, 0x6f, 0x73, 0x6e, 0x6b, 0x6e, 0x6b, 0x6e, 0x6b, 0x6e, 0x6b,
    0x4d, 0x6b, 0x4e, 0x6b, 0x4d, 0x63, 0x4d, 0x6b, 0x6e, 0x6b, 0x4e, 0x6b,
    0x4d, 0x63, 0x2e, 0x63, 0x4d, 0x63, 0x4d, 0x6b, 0x2d, 0x63, 0x2d, 0x63,
    0x2d, 0x63, 0x2d, 0x63, 0x0c, 0x63, 0x0d, 0x63, 0x0d, 0x63, 0x2c, 0x63,
    0x0d, 0x63, 0x0d, 0x5b, 0x0c, 0x5b, 0x0c, 0x5b, 0x0d, 0x63, 0xec, 0x5a,
    0xec, 0x5a, 0x0c, 0x63, 0xec, 0x5a, 0xec, 0x5a, 0xec, 0x5a, 0xeb, 0x5a,
    0xcb, 0x5a, 0xcb, 0x5a, 0xeb, 0x5a, 0xcc, 0x52, 0xcb, 0x5a, 0xcb, 0x5a,
    0xcb, 0x52, 0xab, 0x52, 0xab, 0x52, 0xab, 0x5a, 0xab, 0x52, 0xab, 0x52,
    0xab, 0x52, 0xab, 0x52, 0x8a, 0x52, 0x8a, 0x52, 0x8a, 0x52, 0x8b, 0x52,
    0x8a, 0x4a, 0x8a, 0x52, 0x8a, 0x52, 0x6a, 0x4a, 0x8a, 0x4a, 0x8a, 0x52,
    0x8a, 0x4a, 0x6a, 0x4a, 0x6a, 0x4a, 0x6a, 0x4a, 0x69, 0x4a, 0x6a, 0x4a,
    0x4a, 0x4a, 0x69, 0x4a, 0x4a, 0x4a, 0x4a, 0x4a, 0x49, 0x4a, 0x4a, 0x4a,
    0x49, 0x4a, 0x49, 0x4a, 0x4a, 0x42, 0x49, 0x42, 0x29, 0x4a, 0x29, 0x42,
    0x29, 0x42, 0x29, 0x42, 0x29, 0x4a, 0x29, 0x42, 0x29, 0x42, 0x29, 0x42,
    0x29, 0x42, 0x29, 0x42, 0x29, 0x42, 0x09, 0x42, 0x29, 0x42, 0x29, 0x42,
    0x08, 0x42, 0x08, 0x42, 0x09, 0x3a, 0x08, 0x42, 0x08, 0x3a, 0x08, 0x42,
    0xe8, 0x39, 0x08, 0x3a, 0x08, 0x42, 0x08, 0x42, 0xe8, 0x41, 0xe8, 0x41,
    0x08, 0x3a, 0x08, 0x3a, 0xe8, 0x41, 0xe8, 0x39, 0xe8, 0x39, 0xe8, 0x39,
    0xe8, 0x39, 0xe8, 0x39, 0xe7, 0x39, 0xe8, 0x39, 0xe8, 0x39, 0xe8, 0x39,
    0xc7, 0x39, 0xc7, 0x39, 0xc8, 0x39, 0xe8, 0x39, 0xe7, 0x39, 0xe8, 0x39,
    0xc8, 0x39, 0xc7, 0x39, 0xe8, 0x39, 0xc8, 0x39, 0xc7, 0x39, 0xe8, 0x39,
    0xc7, 0x39, 0xc7, 0x31, 0xc7, 0x39, 0xc7, 0x31, 0xc7, 0x31, 0xc7, 0x39,
    0xc7, 0x39, 0xc7, 0x39, 0xc7, 0x39, 0xc7, 0x31, 0xc7, 0x31, 0xc7, 0x39,
    0xc7, 0x39, 0xa7, 0x39, 0xa7, 0x31, 0xa7, 0x39, 0xa7, 0x39, 0xc7, 0x31,
    0xc7, 0x31, 0xc7, 0x31, 0xc7, 0x31, 0xa7, 0x31, 0xc7, 0x31, 0xc7, 0x39,
    0xa7, 0x31, 0xa7, 0x39, 0xc7, 0x39, 0xa7, 0x31, 0xa7, 0x31, 0xc7, 0x31,
    0xa7, 0x31, 0xa7, 0x39, 0xa6, 0x31, 0xa7, 0x31, 0xa7, 0x39, 0xa7, 0x31,
    0xaf, 0x73, 0xaf, 0x73, 0xaf, 0x73, 0xaf, 0x73, 0xaf, 0x73, 0xaf, 0x73,
    0x8e, 0x73, 0xaf, 0x73, 0x8f, 0x6b, 0x8e, 0x73, 0x8e, 0x6b, 0x8e, 0x6b,
    0x8f, 0x73, 0x8f, 0x73, 0x8f, 0x6b, 0x8e, 0x73, 0x8f, 0x73, 0x6e, 0x6b,
    0x8e, 0x6b, 0x8e, 0x73, 0x6e, 0x6b, 0x6e, 0x6b, 0x6e, 0x6b, 0x6e, 0x6b,
    0x6e, 0x6b, 0x4d, 0x6b, 0x4e, 0x6b, 0x4d, 0x63, 0x4d, 0x63, 0x4d, 0x63,
    0x4d, 0x6b, 0x4d, 0x6b, 0x2d, 0x63, 0x4d, 0x63, 0x2d, 0x63, 0x2d, 0x63,
    0x2d, 0x63, 0x2d, 0x63, 0x0d, 0x63, 0x2c, 0x63, 0x0c, 0x5b, 0x0d, 0x5b,
    0x0c, 0x5b, 0x0c, 0x63, 0x0d, 0x63, 0x0d, 0x63, 0xec, 0x5a, 0xec, 0x5a,
    0xec, 0x5a, 0xec, 0x5a, 0xec, 0x5a, 0xec, 0x5a, 0xec, 0x5a, 0xec, 0x5a,
    0xcc, 0x5a, 0xcb, 0x52, 0xcb, 0x52, 0xcc, 0x5a, 0xcb, 0x52, 0xcb, 0x5a,
    0xcc, 0x5a, 0xcb, 0x52, 0xab, 0x52, 0xab, 0x52, 0xab, 0x52, 0xab, 0x52,
    0xab, 0x52, 0xaa, 0x52, 0x8a, 0x52, 0x8b, 0x4a, 0x8b, 0x52, 0x8a, 0x52,
    0x8a, 0x52, 0x8b, 0x4a, 0x8a, 0x4a, 0x6a, 0x4a, 0x6a, 0x52, 0x8a, 0x4a,
    0x6a, 0x52, 0x6a, 0x4a, 0x6a, 0x4a, 0x6a, 0x4a, 0x6a, 0x4a, 0x69, 0x4a,
    0x49, 0x4a, 0x69, 0x4a, 0x6a, 0x4a, 0x4a, 0x4a, 0x49, 0x4a, 0x4a, 0x42,
    0x49, 0x4a, 0x49, 0x42, 0x49, 0x42, 0x49, 0x42, 0x29, 0x4a, 0x49, 0x42,
    0x29, 0x42, 0x29, 0x42, 0x29, 0x42, 0x29, 0x42, 0x29, 0x42, 0x29, 0x42,
    0x28, 0x4a, 0x28, 0x42, 0x29, 0x42, 0x08, 0x42, 0x28, 0x42, 0x09, 0x42,
    0x08, 0x42, 0x08, 0x42, 0x09, 0x42, 0x08, 0x3a, 0x08, 0x42, 0x09, 0x3a,
    0x09, 0x42, 0x08, 0x42, 0xe8, 0x39, 0x09, 0x3a, 0x08, 0x3a, 0xe8, 0x41,
    0xe8, 0x39, 0xe8, 0x39, 0x08, 0x3a, 0x08, 0x42, 0x08, 0x42, 0xe8, 0x39,
    0xe8, 0x39, 0xe8, 0x39, 0xe8, 0x39, 0xe7, 0x41, 0xe7, 0x39, 0xe7, 0x39,
    0xe8, 0x39, 0xe8, 0x39, 0xc7, 0x39, 0xc7, 0x39, 0xe7, 0x39, 0xc8, 0x39,
    0xc7, 0x39, 0xc7, 0x39, 0xc8, 0x39, 0xe7, 0x39, 0xc7, 0x31, 0xc8, 0x31,
    0xe8, 0x39, 0xe8, 0x39, 0xe8, 0x39, 0xc8, 0x39, 0xc8, 0x39, 0xc7, 0x39,
    0xc7, 0x31, 0xc8, 0x39, 0xc7, 0x31, 0xc7, 0x39, 0xc8, 0x39, 0xa7, 0x39,
    0xc7, 0x31, 0xc7, 0x31, 0xc7, 0x31, 0xc7, 0x39, 0xc7, 0x31, 0xc7, 0x31,
    0xc7, 0x39, 0xc7, 0x39, 0xa8, 0x31, 0xa7, 0x39, 0xc7, 0x39, 0xa7, 0x31,
    0xa7, 0x31, 0xa7, 0x31, 0xa7, 0x31, 0xa7, 0x39, 0xc7, 0x39, 0xa7, 0x39,
    0xc7, 0x31, 0xc7, 0x31, 0xa7, 0x31, 0xa7, 0x39, 0xa7, 0x31, 0xc7, 0x39,
    0xaf, 0x73, 0xcf, 0x73, 0xaf, 0x73, 0xaf, 0x73, 0xaf, 0x73, 0xaf, 0x73,
    0x8f, 0x73, 0x8e, 0x73, 0x8f, 0x73, 0x8f, 0x6b, 0x8e, 0x73, 0x8f, 0x73,
    0x8e, 0x6b, 0x8e, 0x6b, 0x8e, 0x6b, 0x8e, 0x6b, 0x8e, 0x6b, 0x6e, 0x6b,
    0x6e, 0x6b, 0x6e, 0x6b, 0x6e, 0x6b, 0x6e, 0x6b, 0x6e, 0x6b, 0x6e, 0x6b,
    0x6e, 0x6b, 0x6e, 0x6b, 0x4d, 0x6b, 0x4e, 0x6b, 0x4d, 0x6b, 0x4d, 0x63,
    0x4d, 0x6b, 0x4d, 0x63, 0x2d, 0x63, 0x2d, 0x63, 0x2d, 0x63, 0x2d, 0x63,
    0x2d, 0x63, 0x2d, 0x63, 0x2d, 0x63, 0x0d, 0x63, 0x0c, 0x63, 0x0c, 0x63,
    0x0c, 0x5b, 0x0c, 0x63, 0x0c, 0x63, 0x0c, 0x5b, 0xec, 0x5a, 0xec, 0x5a,
    0x0c, 0x5b, 0xec, 0x62, 0xec, 0x5a, 0xec, 0x5a, 0xec, 0x5a, 0xec, 0x5a,
    0xcb, 0x5a, 0xeb, 0x5a, 0xcc, 0x5a, 0xcb, 0x5a, 0xcb, 0x52, 0xcb, 0x52,
    0xcb, 0x52, 0xab, 0x52, 0xab, 0x52, 0xab, 0x52, 0xab, 0x52, 0xab, 0x52,
    0xab, 0x52, 0xaa, 0x52, 0x8a, 0x52, 0x8b, 0x52, 0x8a, 0x4a, 0x8a, 0x4a,
    0x8a, 0x4a, 0x8a, 0x4a, 0x8a, 0x4a, 0x6a, 0x52, 0x8a, 0x52, 0x6a, 0x4a,
    0x6a, 0x4a, 0x6a, 0x4a, 0x6a, 0x4a, 0x6a, 0x4a, 0x69, 0x4a, 0x6a, 0x4a,
    0x4a, 0x4a, 0x49, 0x4a, 0x49, 0x4a, 0x69, 0x4a, 0x49, 0x4a, 0x49, 0x42,
    0x49, 0x42, 0x4a, 0x4a, 0x49, 0x4a, 0x49, 0x4a, 0x29, 0x42, 0x29, 0x42,
    0x29, 0x42, 0x29, 0x42, 0x29, 0x42, 0x29, 0x42, 0x29, 0x42, 0x29, 0x42,
    0x29, 0x42, 0x29, 0x42, 0x28, 0x42, 0x09, 0x42, 0x28, 0x42, 0x28, 0x42,
    0x08, 0x42, 0x08, 0x42, 0x08, 0x42, 0x08, 0x3a, 0x08, 0x3a, 0x08, 0x42,
    0x08, 0x3a, 0x08, 0x42, 0x08, 0x42, 0x08, 0x3a, 0x08, 0x3a, 0x08, 0x3a,
    0x08, 0x3a, 0xe8, 0x41, 0xe8, 0x41, 0xe8, 0x39, 0xe8, 0x39, 0xe8, 0x41,
    0xe8, 0x41, 0xe8, 0x39, 0xe8, 0x39, 0xe8, 0x39, 0xe8, 0x39, 0xe8, 0x39,
    0xe7, 0x39, 0xe8, 0x39, 0xe7, 0x39, 0xe7, 0x39, 0xc8, 0x39, 0xc7, 0x39,
    0xe7, 0x39, 0xe8, 0x39, 0xc7, 0x39, 0xe7, 0x39, 0xc7, 0x39, 0xc7, 0x39,
    0xc8, 0x39, 0xe7, 0x39, 0xc7, 0x39, 0xc7, 0x39, 0xc7, 0x39, 0xc8, 0x31,
    0xc7, 0x39, 0xc7, 0x39, 0xc7, 0x31, 0xc7, 0x31, 0xa7, 0x39, 0xc7, 0x31,
    0xc7, 0x31, 0xa7, 0x39, 0xc7, 0x39, 0xc7, 0x31, 0xc7, 0x31, 0xc7, 0x39,
    0xa7, 0x39, 0xc7, 0x39, 0xc7, 0x39, 0xa7, 0x31, 0xa7, 0x31, 0xc7, 0x39,
    0xc7, 0x39, 0xa7, 0x31, 0xa7, 0x31, 0xa7, 0x31, 0xa7, 0x31, 0xa7, 0x31,
    0xa7, 0x31, 0xc7, 0x39, 0xa7, 0x31, 0xa7, 0x39, 0xc7, 0x31, 0xc7, 0x39,
    0xaf, 0x73, 0xcf, 0x73, 0xaf, 0x73, 0xaf, 0x73, 0xaf, 0x73, 0xaf, 0x73,
    0xaf, 0x73, 0xaf, 0x73, 0x8e, 0x73, 0xaf, 0x73, 0xaf, 0x73, 0x8f, 0x73,
    0xaf, 0x73, 0x8e, 0x73, 0x8f, 0x73, 0xaf, 0x73, 0x8e, 0x73, 0x8e, 0x6b,
    0x8e, 0x6b, 0x6e, 0x73, 0x6e, 0x6b, 0x8e, 0x6b, 0x6e, 0x6b, 0x6e, 0x6b,
    0x6e, 0x6b, 0x6e, 0x6b, 0x6e, 0x6b, 0x6e, 0x6b, 0x6e, 0x6b, 0x4e, 0x6b,
    0x4d, 0x63, 0x4d, 0x63, 0x4e, 0x6b, 0x4d, 0x63, 0x2d, 0x63, 0x4d, 0x63,
    0x2d, 0x63, 0x2d, 0x63, 0x2d, 0x63, 0x2d, 0x63, 0x2d, 0x63, 0x0d, 0x63,
    0x2d, 0x63, 0x0c, 0x5b, 0x0c, 0x5b, 0x0d, 0x5b, 0x0c, 0x63, 0x0c, 0x63,
    0x0c, 0x5b, 0xec, 0x5a, 0xec, 0x5a, 0xec, 0x5a, 0xec, 0x5a, 0xeb, 0x5a,
    0xcc, 0x5a, 0xcc, 0x5a, 0xcb, 0x5a, 0xcc, 0x52, 0xcb, 0x5a, 0xcb, 0x5a,
    0xcb, 0x52, 0xcb, 0x5a, 0xab, 0x52, 0xab, 0x52, 0xab, 0x52, 0xab, 0x52,
    0xab, 0x52, 0xab, 0x52, 0xab, 0x52, 0xab, 0x52, 0x8a, 0x52, 0x8a, 0x52,
    0x8b, 0x52, 0x8a, 0x52, 0x8a, 0x52, 0x8a, 0x4a, 0x6a, 0x4a, 0x6a, 0x4a,
    0x8a, 0x4a, 0x6a, 0x4a, 0x8a, 0x52, 0x6a, 0x4a, 0x6a, 0x4a, 0x6a, 0x4a,
    0x6a, 0x4a, 0x6a, 0x4a, 0x6a, 0x4a, 0x4a, 0x4a, 0x4a, 0x4a, 0x49, 0x4a,
    0x49, 0x4a, 0x4a, 0x4a, 0x49, 0x42, 0x49, 0x42, 0x49, 0x4a, 0x49, 0x42,
    0x49, 0x4a, 0x49, 0x4a, 0x29, 0x42, 0x29, 0x42, 0x29, 0x42, 0x29, 0x42,
    0x29, 0x42, 0x29, 0x42, 0x29, 0x42, 0x29, 0x42, 0x09, 0x42, 0x09, 0x42,
    0x29, 0x42, 0x09, 0x42, 0x08, 0x42, 0x08, 0x42, 0x08, 0x42, 0x08, 0x42,
    0x08, 0x42, 0x08, 0x3a, 0x08, 0x42, 0x08, 0x42, 0xe8, 0x41, 0x08, 0x42,
    0x08, 0x42, 0x08, 0x3a, 0x08, 0x42, 0x08, 0x3a, 0x08, 0x3a, 0xe8, 0x39,
    0x08, 0x3a, 0xe8, 0x39, 0xe8, 0x39, 0xe8, 0x39, 0xe8, 0x39, 0xe8, 0x39,
    0xe8, 0x39, 0xe8, 0x39, 0xe8, 0x39, 0xe8, 0x39, 0xe8, 0x39, 0xc8, 0x39,
    0xe7, 0x39, 0xc8, 0x39, 0xe8, 0x39, 0xc7, 0x39, 0xc8, 0x39, 0xe8, 0x39,
    0xc7, 0x39, 0xe7, 0x39, 0xc8, 0x39, 0xc7, 0x39, 0xc7, 0x39, 0xc7, 0x39,
    0xc7, 0x31, 0xc7, 0x39, 0xc7, 0x39, 0xc7, 0x39, 0xc7, 0x39, 0xc7, 0x31,
    0xc7, 0x39, 0xc7, 0x39, 0xc7, 0x39, 0xc8, 0x39, 0xc7, 0x39, 0xa7, 0x39,
    0xc7, 0x31, 0xc7, 0x39, 0xc7, 0x31, 0xc7, 0x39, 0xc7, 0x39, 0xa7, 0x31,
    0xa7, 0x31, 0xc7, 0x39, 0xc7, 0x39, 0xa7, 0x31, 0xc7, 0x39, 0xa7, 0x31,
    0xc7, 0x39, 0xa7, 0x39, 0xa7, 0x31, 0xc7, 0x31, 0xa7, 0x39, 0xa7, 0x31
};
